DATE,CHANGE,CHANGE %,CLOSE,TURNOVER,VOLUME,TRADE,OPEN,HIGH,LOW
2026-05-08,2.0,0.65,310.0,46.66,15077,102,311.0,311.0,308.0
2026-05-07,3.0,0.98,308.0,44.04,14376,132,305.0,308.0,305.0
2026-05-06,-1.0,-0.33,305.0,55.01,18022,151,304.0,307.0,304.0
2026-05-05,0.5,0.16,306.0,60.7,19887,185,305.5,308.0,300.2
2026-05-04,-4.0,-1.29,305.5,64.74,21066,181,314.0,314.0,305.1
2026-04-30,0.8,0.26,309.5,61.86,20081,164,317.8,317.8,305.1
2026-04-29,-3.1,-0.99,308.7,57.89,18742,178,310.0,311.0,307.2
2026-04-28,-4.2,-1.33,311.8,32.26,10363,151,316.0,316.0,310.0
2026-04-27,3.0,0.96,316.0,63.45,20187,155,297.4,319.0,297.4
2026-04-24,1.0,0.32,313.0,53.38,17185,153,312.0,313.4,306.2
2026-04-23,-3.0,-0.95,312.0,67.24,21470,140,312.0,320.0,312.0
2026-04-22,-1.9,-0.6,315.0,74.52,23838,204,312.2,316.9,310.0
2026-04-21,0.9,0.28,316.9,78.01,24666,170,312.3,318.0,312.3
2026-04-20,-2.0,-0.63,316.0,,51411,148,302.5,318.0,302.5
2026-04-17,-0.4,-0.13,318.0,93.71,29709,172,322.0,322.0,313.1
2026-04-16,-3.6,-1.12,318.4,,58004,196,325.0,327.9,317.1
2026-04-15,6.7,2.12,322.0,,195466,443,313.3,327.0,313.3
2026-04-13,-1.2,-0.38,315.3,,60185,204,317.0,318.0,313.1
2026-04-10,-1.1,-0.35,316.5,,47257,189,322.8,322.8,313.1
2026-04-09,6.7,2.16,317.6,,76204,258,312.0,319.0,311.0
2026-04-08,2.9,0.94,310.9,,92440,228,313.7,313.7,307.0
2026-04-07,-1.0,-0.32,308.0,91.13,29429,203,315.0,315.0,307.0
2026-04-06,7.0,2.32,309.0,,93235,404,308.0,313.0,301.2
2026-04-05,-7.1,-2.3,302.0,,81577,411,305.0,311.1,302.0
2026-04-02,-0.4,-0.13,309.1,,51652,259,307.4,312.9,304.0
2026-04-01,-6.5,-2.06,309.5,,53170,329,320.0,320.0,309.2
2026-03-31,0.0,0.0,316.0,,44747,300,316.0,322.0,310.3
2026-03-30,-8.0,-2.47,316.0,,90641,383,318.0,324.0,314.1
2026-03-29,-9.1,-2.73,324.0,,106944,450,333.0,335.0,320.5
2026-03-26,3.1,0.94,333.1,,85296,380,330.0,334.0,321.5
2026-03-25,-4.9,-1.46,330.0,,106584,415,328.5,340.0,328.5
2026-03-24,5.9,1.79,334.9,,144856,562,333.0,335.1,326.5
2026-03-23,-1.0,-0.3,329.0,,75576,434,335.0,335.0,323.0
2026-03-22,3.5,1.07,330.0,,188185,683,326.0,335.0,326.0
2026-03-19,10.2,3.22,326.5,,251474,791,310.0,327.9,310.0
2026-03-17,3.2,1.02,316.3,,57612,227,310.0,316.3,310.0
2026-03-16,-3.9,-1.23,313.1,,46720,247,310.7,319.0,310.7
2026-03-15,1.0,0.32,317.0,,58743,316,319.0,319.0,313.0
2026-03-12,4.8,1.54,316.0,,65807,339,308.7,318.9,308.7
2026-03-11,-5.8,-1.83,311.2,,43238,274,320.0,320.0,310.0
2026-03-10,-10.7,-3.27,317.0,,163883,834,330.0,330.0,310.0
2026-03-09,22.7,7.44,327.7,2.46,776,11,311.0,327.7,311.0
2026-03-03,2.4,0.79,305.0,,47965,209,308.6,308.6,297.1
2026-03-01,4.6,1.54,302.6,,64794,326,295.0,305.0,291.1
2026-02-26,3.4,1.15,298.0,64.75,21933,138,300.4,300.4,292.3
2026-02-25,1.6,0.55,294.6,,36465,222,293.5,295.5,291.0
2026-02-24,0.5,0.17,293.0,52.7,18006,166,292.0,297.8,291.0
2026-02-23,-0.5,-0.17,292.5,78.14,26805,183,293.0,295.0,291.0
2026-02-22,-3.5,-1.18,293.0,,70740,278,296.5,298.0,292.0
2026-02-17,-0.5,-0.17,296.5,,59291,149,299.0,299.0,293.0
2026-02-16,0.0,0.0,297.0,,69167,125,299.0,299.0,294.1
2026-02-12,2.0,0.68,297.0,80.59,27084,161,291.2,299.1,291.2
2026-02-11,1.0,0.34,295.0,80.68,27330,139,295.0,298.0,293.0
2026-02-10,-1.0,-0.34,294.0,37.98,12965,106,295.0,295.0,292.3
2026-02-09,-1.0,-0.34,295.0,73.99,25210,170,294.79,296.0,292.5
2026-02-08,0.0,0.0,296.0,73.66,24811,163,301.0,301.0,295.5
2026-02-05,0.9,0.3,296.0,56.21,19054,168,295.0,298.5,292.9
2026-02-04,-2.9,-0.97,295.1,65.58,22157,175,293.0,299.0,293.0
2026-02-03,-1.0,-0.33,298.0,29.84,10054,112,302.0,304.8,296.2
2026-02-02,0.9,0.3,299.0,52.61,17660,130,304.0,304.0,296.0
2026-02-01,-1.9,-0.63,298.1,,41620,186,302.0,304.0,297.0
2026-01-29,-4.0,-1.32,300.0,87.7,29200,216,304.0,304.0,297.0
2026-01-28,-0.5,-0.16,304.0,72.26,23915,159,301.0,305.0,298.9
2026-01-27,-2.5,-0.81,304.5,,56138,216,306.0,312.0,303.2
2026-01-26,-0.5,-0.16,307.0,,67671,257,309.0,310.0,305.7
2026-01-25,3.5,1.15,307.5,,46807,245,307.0,309.9,302.0
2026-01-22,-2.9,-0.94,304.0,86.35,28495,126,310.0,310.0,300.1
2026-01-21,-1.0,-0.32,306.9,,34955,170,307.0,313.0,303.1
2026-01-20,3.1,1.02,307.9,,51596,252,303.0,310.7,302.0
2026-01-18,4.8,1.6,304.8,,88350,246,303.0,304.8,299.0
2026-01-14,2.0,0.67,300.0,,39336,150,294.1,300.0,288.4
2026-01-13,-1.5,-0.5,298.0,33.91,11348,104,300.0,302.0,296.3
2026-01-12,-0.5,-0.17,299.5,,36804,136,300.0,302.0,298.0
2026-01-08,0.3,0.1,300.0,,39057,195,294.3,303.0,294.3
2026-01-07,2.3,0.77,299.7,87.48,29448,139,300.0,300.0,294.0
2026-01-06,4.4,1.5,297.4,,43501,180,297.0,297.4,292.6
2026-01-05,1.0,0.34,293.0,51.29,17448,136,294.8,295.0,292.1
2026-01-04,-3.0,-1.02,292.0,,43097,137,290.0,295.0,288.3
2026-01-01,-3.0,-1.01,295.0,,89799,194,295.0,296.5,290.0
2025-12-31,3.6,1.22,298.0,,51018,188,294.4,298.5,292.0
2025-12-29,-2.6,-0.88,294.4,92.95,31487,166,302.9,302.9,292.0
2025-12-28,9.0,3.12,297.0,,49373,245,291.0,316.8,286.0
2025-12-24,1.1,0.38,288.0,59.48,20792,112,286.0,290.0,285.2
2025-12-23,-1.9,-0.66,286.9,67.46,23575,114,288.0,290.0,285.2
2025-12-22,-1.0,-0.35,288.8,58.01,20208,165,288.0,290.0,286.0
2025-12-21,-2.2,-0.75,289.8,79.69,27646,178,290.0,291.0,287.2
2025-12-18,-2.0,-0.68,292.0,34.63,11848,112,297.0,297.0,291.0
2025-12-17,1.1,0.38,294.0,77.91,26518,134,294.9,296.0,292.0
2025-12-16,3.5,1.21,292.9,43.41,14912,145,292.0,292.9,288.0
2025-12-15,-0.6,-0.21,289.4,70.06,24328,162,288.0,290.0,286.2
2025-12-14,-2.0,-0.68,290.0,80.08,27744,165,292.0,293.0,287.1
2025-12-11,0.6,0.21,292.0,75.29,26009,208,293.0,293.0,288.0
2025-12-10,-0.9,-0.31,291.4,71.24,24514,176,297.0,297.0,290.0
2025-12-09,-4.3,-1.45,292.3,,37931,221,298.9,298.9,292.0
2025-12-08,-2.3,-0.77,296.6,73.91,24934,162,302.0,302.0,295.0
2025-12-07,0.7,0.23,298.9,67.35,22681,184,304.0,304.0,295.5
2025-12-03,-2.8,-0.93,298.2,71.33,23796,186,304.0,304.0,298.1
2025-12-02,-2.9,-0.95,301.0,,40658,201,302.9,302.9,300.0
2025-12-01,-3.1,-1.01,303.9,,56148,317,305.0,306.0,300.3
2025-11-30,-11.55,-3.63,307.0,,67768,413,322.4,322.4,306.0
2025-11-27,4.4,1.36,328.9,,192110,713,330.0,330.0,322.1
2025-11-26,4.5,1.41,324.5,,63588,302,325.0,325.0,321.0
2025-11-25,3.0,0.95,320.0,,48790,218,319.0,321.0,316.3
2025-11-24,1.0,0.32,317.0,,33678,184,317.9,318.0,312.0
2025-11-23,3.6,1.15,316.0,,61239,252,315.0,316.0,313.2
2025-11-20,-0.4,-0.13,312.4,71.95,23008,124,312.0,313.9,312.0
2025-11-19,-1.7,-0.54,312.8,68.93,22061,113,315.0,315.0,312.0
2025-11-18,0.8,0.26,314.5,75.33,24019,145,314.0,316.9,311.6
2025-11-17,1.7,0.54,313.7,76.19,24424,145,318.2,318.2,310.1
2025-11-16,0.0,0.0,312.0,70.86,22740,124,313.0,314.5,310.1
2025-11-13,-1.0,-0.32,312.0,,39923,155,313.0,313.9,311.5
2025-11-12,-0.8,-0.25,313.0,62.42,19975,122,313.0,316.9,312.0
2025-11-11,1.2,0.38,313.8,90.89,29052,149,312.0,314.0,312.0
2025-11-10,-2.4,-0.76,312.6,,60370,166,315.0,315.0,312.0
2025-11-09,-3.0,-0.94,315.0,,121484,360,318.0,318.8,312.0
2025-11-06,3.0,0.95,318.0,,223177,528,317.0,320.8,316.0
2025-11-05,3.0,0.96,315.0,,41787,154,309.1,315.0,308.0
2025-11-04,-5.0,-1.58,312.0,,56192,202,322.0,322.0,309.1
2025-11-03,2.0,0.63,317.0,83.47,26537,143,320.3,320.3,312.0
2025-11-02,1.5,0.48,315.0,,34431,214,319.7,325.9,313.0
2025-10-30,1.5,0.48,313.5,87.79,28033,154,316.6,319.9,310.0
2025-10-29,-3.0,-0.95,312.0,87.46,27920,172,308.7,320.0,308.7
2025-10-28,6.0,1.94,315.0,63.07,20072,150,309.0,318.0,309.0
2025-10-26,-0.9,-0.29,309.0,56.23,18308,124,310.0,310.0,305.0
2025-10-19,1.0,0.32,309.9,44.76,14571,118,307.9,311.0,305.0
2025-10-16,0.9,0.29,308.9,56.61,18464,123,312.0,312.0,305.5
2025-10-15,-1.0,-0.32,308.0,74.93,24390,114,308.0,308.5,306.0
2025-10-14,-1.0,-0.32,309.0,83.14,26968,137,310.5,313.9,307.0
2025-10-13,2.3,0.75,310.0,56.19,18227,193,307.0,311.0,306.2
2025-10-12,-9.3,-2.93,307.7,,73570,295,317.0,317.0,307.0
2025-10-09,4.6,1.47,317.0,,44571,227,318.0,324.0,314.0
2025-10-08,-4.5,-1.42,312.4,,43145,211,315.0,315.0,310.5
2025-10-07,-2.6,-0.81,316.9,,35362,183,320.0,322.9,315.8
2025-09-28,2.2,0.69,319.5,85.32,26821,130,317.3,321.0,315.0
2025-09-25,1.3,0.41,317.3,92.36,29186,132,311.0,317.9,311.0
2025-09-24,-1.0,-0.32,316.0,88.41,28083,184,321.5,321.5,312.0
2025-09-23,-0.01,0.0,317.0,,61925,335,317.0,321.0,312.2
2025-09-21,18.31,6.13,317.01,,67958,468,293.0,322.0,293.0
2025-09-18,-18.46,-5.82,298.7,9.48,3170,31,310.9,310.9,293.0
2025-09-08,-3.95,-1.23,317.16,,69424,297,320.3,321.0,317.0
2025-09-07,-3.6,-1.11,321.11,,49379,285,327.8,327.8,320.6
2025-09-04,0.63,0.19,324.71,,32179,194,324.0,325.4,322.2
2025-09-03,-1.42,-0.44,324.08,94.82,29206,193,323.5,326.7,323.5
2025-09-02,-1.97,-0.6,325.5,84.87,25961,195,334.0,334.0,325.0
2025-09-01,4.25,1.31,327.47,,37584,243,329.6,329.6,323.2
2025-08-31,-4.33,-1.32,323.22,,42198,317,331.0,331.0,322.5
2025-08-28,-3.76,-1.13,327.55,,66102,314,327.1,332.0,326.0
2025-08-27,5.03,1.54,331.31,,45857,271,332.8,332.8,326.0
2025-08-26,-0.21,-0.06,326.28,89.51,27429,155,326.0,329.0,325.4
2025-08-25,0.29,0.09,326.49,,53184,244,323.0,328.0,323.0
2025-08-24,-3.06,-0.93,326.2,,50565,278,330.9,330.9,326.0
2025-08-21,-3.24,-0.97,329.26,,56884,319,333.0,334.0,328.6
2025-08-20,-3.17,-0.94,332.5,,31830,207,336.0,338.0,332.1
2025-08-19,-2.01,-0.6,335.67,,42199,261,338.0,339.0,335.0
2025-08-18,3.02,0.9,337.68,,81072,428,337.0,338.8,334.0
2025-08-17,2.21,0.66,334.66,,80302,421,332.5,337.0,332.0
2025-08-14,1.97,0.6,332.45,,86636,274,331.1,333.9,330.3
2025-08-13,-0.49,-0.15,330.48,,77384,349,332.0,335.0,330.0
2025-08-12,-3.47,-1.04,330.97,,123924,425,333.0,334.5,328.0
2025-08-11,7.59,2.32,334.44,,377771,1246,333.3,344.9,333.0
2025-08-07,-0.95,-0.29,326.85,,41801,251,334.3,334.3,325.1
2025-08-06,2.41,0.74,327.8,,47800,233,331.8,331.8,322.5
2025-08-05,-2.52,-0.77,325.39,,52835,287,325.6,334.0,325.0
2025-08-04,1.54,0.47,327.91,,73743,276,322.0,329.0,322.0
2025-08-03,-5.81,-1.75,326.37,,89591,439,328.0,329.9,323.0
2025-07-31,0.1,0.03,332.18,,128639,441,334.8,336.6,327.0
2025-07-30,-3.27,-0.98,332.08,,109653,442,342.0,342.0,331.5
2025-07-29,3.56,1.07,335.35,,187129,620,338.4,340.1,333.1
2025-07-28,-0.24,-0.07,331.79,,118015,658,330.0,333.5,324.0
2025-07-27,-4.56,-1.35,332.03,,129779,627,329.9,339.0,329.9
2025-07-24,-3.01,-0.89,336.59,,72244,408,338.0,341.0,335.1
2025-07-23,0.03,0.01,339.6,,121584,523,340.0,342.0,334.2
2025-07-22,7.46,2.25,339.57,,142308,612,338.0,341.9,334.0
2025-07-21,1.89,0.57,332.11,,104403,473,331.0,335.0,325.4
2025-07-20,-1.38,-0.42,330.22,,226513,855,334.9,342.0,326.0
2025-07-17,4.47,1.37,331.6,,187049,521,328.0,333.5,328.0
2025-07-16,3.43,1.06,327.13,,142187,546,329.9,330.1,324.0
2025-07-15,7.99,2.53,323.7,,106227,412,312.1,326.0,311.7
2025-07-14,-11.31,-3.46,315.71,,115004,525,329.0,329.0,314.2
2025-07-13,12.32,3.91,327.02,,215092,895,320.9,333.5,320.9
2025-07-10,10.5,3.45,314.7,,258347,1058,304.2,320.0,304.1
2025-07-09,7.12,2.4,304.2,,122851,457,301.0,307.0,295.1
2025-07-08,0.57,0.19,297.08,,76334,211,295.2,299.0,294.0
2025-07-07,-3.43,-1.14,296.51,,58749,247,297.0,303.5,296.0
2025-07-06,-0.8,-0.27,299.94,,72632,301,300.0,306.0,297.0
2025-07-03,0.09,0.03,300.74,,123907,407,303.0,305.0,297.0
2025-07-02,6.95,2.37,300.65,,124408,459,295.0,301.8,294.0
2025-07-01,6.42,2.23,293.7,,65159,281,281.6,296.0,281.6
2025-06-30,0.61,0.21,287.28,74.3,25817,190,290.0,291.0,286.0
2025-06-29,4.82,1.71,286.67,,37928,186,285.0,287.4,280.0
2025-06-26,0.12,0.04,281.85,84.56,30005,156,281.8,284.0,281.1
2025-06-25,0.25,0.09,281.73,50.36,17868,144,286.0,286.0,281.0
2025-06-24,0.24,0.09,281.48,69.83,24677,170,280.1,285.7,277.0
2025-06-23,0.16,0.06,281.24,81.05,28893,185,278.5,282.4,278.5
2025-06-22,-3.1,-1.09,281.08,,37857,221,284.0,287.0,280.5
2025-06-19,-1.34,-0.47,284.18,56.2,19789,159,280.0,285.0,280.0
2025-06-18,0.75,0.26,285.52,49.24,17243,132,285.0,288.0,284.0
2025-06-17,-1.28,-0.45,284.77,54.28,19099,128,286.2,287.0,283.1
2025-06-16,1.8,0.63,286.05,72.75,25471,193,289.0,289.0,284.5
2025-06-15,-1.95,-0.68,284.25,,35850,243,286.1,288.0,284.0
2025-06-12,-1.89,-0.66,286.2,82.5,28838,173,285.0,289.3,285.0
2025-06-11,-0.24,-0.08,288.09,38.57,13387,133,284.5,291.0,284.2
2025-06-10,-0.11,-0.04,288.33,72.3,25016,194,293.0,293.0,287.2
2025-06-09,0.84,0.29,288.44,51.28,17735,140,286.0,291.0,285.0
2025-06-08,-0.65,-0.23,287.6,30.1,10481,103,288.5,290.0,285.0
2025-06-05,-1.96,-0.68,288.25,,43892,217,290.0,291.0,283.0
2025-06-04,-1.21,-0.42,290.21,62.63,21673,141,285.7,291.0,285.7
2025-06-03,-5.36,-1.81,291.42,,37267,183,295.0,298.0,291.1
2025-06-02,-2.82,-0.94,296.78,,56718,326,305.5,306.0,294.6
2025-05-28,5.16,1.75,299.6,,49484,249,293.0,300.0,291.8
2025-05-27,-2.61,-0.88,294.44,,37980,165,295.0,296.0,290.0
2025-05-26,2.07,0.7,297.05,,56707,287,300.8,303.0,297.0
2025-05-25,-1.75,-0.59,294.98,88.16,29709,208,300.0,300.0,294.1
2025-05-22,7.44,2.57,296.73,,59233,350,290.0,303.0,284.0
2025-05-21,-0.11,-0.04,289.29,,57459,336,295.1,305.0,288.1
2025-05-20,6.62,2.34,289.4,85.86,29990,190,282.0,290.7,280.0
2025-05-19,2.42,0.86,282.78,61.34,21693,133,280.1,284.9,280.1
2025-05-18,-0.75,-0.27,280.36,75.1,26842,187,281.5,283.5,278.0
2025-05-15,0.03,0.01,281.11,74.12,26415,158,280.0,282.0,278.2
2025-05-14,-0.98,-0.35,281.08,53.0,18859,169,280.1,285.0,280.0
2025-05-13,-2.21,-0.78,282.06,61.19,21636,172,286.79,286.79,280.9
2025-05-11,-2.9,-1.01,284.27,60.46,21211,149,292.0,292.0,284.0
2025-05-08,0.84,0.29,287.17,63.85,22151,175,292.0,292.0,283.0
2025-05-07,8.5,3.06,286.33,84.23,29812,210,272.3,287.0,272.3
2025-05-06,-2.33,-0.83,277.83,68.22,24515,222,279.0,281.0,277.5
2025-05-05,0.05,0.02,280.16,41.39,14774,143,280.0,281.5,279.0
2025-05-04,-0.52,-0.19,280.11,55.07,19617,199,285.0,285.0,279.0
2025-04-30,-0.46,-0.16,280.63,72.11,25703,179,280.0,281.9,279.0
2025-04-29,-0.97,-0.34,281.09,47.68,16939,176,280.0,283.0,280.0
2025-04-28,0.79,0.28,282.06,63.42,22512,167,280.4,282.8,280.0
2025-04-27,-2.18,-0.77,281.27,74.12,26308,222,285.0,285.9,280.3
2025-04-24,0.54,0.19,283.45,57.66,20455,189,282.1,284.8,280.5
2025-04-23,-3.08,-1.08,282.91,61.42,21640,194,286.0,287.0,282.1
2025-04-22,-1.57,-0.55,285.99,57.67,20167,155,291.0,291.0,285.1
2025-04-21,-3.36,-1.15,287.56,68.67,23794,196,293.0,293.0,287.0
2025-04-20,-1.04,-0.36,290.92,,37196,190,296.0,297.0,288.2
2025-04-17,1.99,0.69,291.96,76.51,26221,162,295.0,295.0,289.5
2025-04-16,1.52,0.53,289.97,69.52,23865,178,294.0,294.0,289.0
2025-04-15,0.27,0.09,288.45,62.36,21484,161,292.0,292.9,286.2
2025-04-13,0.33,0.11,288.18,70.24,24409,186,290.0,290.0,285.0
2025-04-10,-2.52,-0.87,287.85,56.87,19731,148,291.0,293.0,287.1
2025-04-09,-0.72,-0.25,290.37,69.79,23950,181,296.9,300.0,289.9
2025-04-08,-0.63,-0.22,291.09,95.3,33174,204,290.0,293.0,285.0
2025-04-07,-7.41,-2.48,291.72,59.2,20209,184,305.0,305.0,291.1
2025-04-03,3.9,1.32,299.13,,79398,373,295.0,303.9,295.0
2025-04-02,6.24,2.16,295.23,,41118,264,288.0,313.0,285.2
2025-04-01,1.69,0.59,288.99,46.53,16186,160,290.0,290.0,285.0
2025-03-30,1.92,0.67,287.3,81.02,28128,238,285.0,290.0,285.0
2025-03-27,3.21,1.14,285.38,61.29,21529,188,287.8,287.8,283.7
2025-03-26,1.59,0.57,282.17,51.19,18208,165,280.0,283.0,278.5
2025-03-25,-5.29,-1.85,280.58,94.87,33659,223,289.5,290.0,280.0
2025-03-24,3.51,1.24,285.87,42.79,15084,171,282.9,287.9,280.0
2025-03-23,-3.3,-1.16,282.36,,55957,283,290.0,290.0,282.0
2025-03-20,-0.44,-0.15,285.66,46.18,16174,157,284.0,288.0,283.0
2025-03-19,-3.5,-1.21,286.1,63.17,21954,196,291.0,291.0,286.0
2025-03-18,-0.4,-0.14,289.6,56.21,19349,184,295.8,295.8,289.0
2025-03-17,0.0,0.0,290.0,58.22,20075,153,290.0,291.8,289.0
2025-03-16,-3.0,-1.02,290.0,,35376,259,293.0,293.0,289.0
2025-03-12,1.0,0.34,293.0,70.25,24116,186,289.1,294.9,289.1
2025-03-11,-2.2,-0.75,292.0,77.09,26267,198,299.8,299.8,291.0
2025-03-10,-2.8,-0.94,294.2,90.95,30724,227,297.0,300.0,294.2
2025-03-09,-4.0,-1.33,297.0,71.73,24088,218,300.0,305.0,296.0
2025-03-06,-0.5,-0.17,301.0,89.1,29555,227,301.5,305.0,300.2
2025-03-05,-2.8,-0.92,301.5,,55112,217,301.1,306.0,300.2
2025-03-04,-4.7,-1.52,304.3,,74386,297,302.9,310.9,302.9
2025-03-03,0.0,0.0,309.0,,77760,498,314.0,315.0,306.5
2025-03-02,6.0,1.98,309.0,,140917,640,305.0,311.0,300.0
2025-02-27,9.9,3.38,303.0,,72598,489,298.9,310.0,297.0
2025-02-25,-0.8,-0.27,293.1,,36537,259,295.5,297.8,292.0
2025-02-24,-0.1,-0.03,293.9,92.43,31364,226,292.0,299.0,292.0
2025-02-23,-2.0,-0.68,294.0,,54840,352,290.1,299.0,285.0
2025-02-20,-4.0,-1.33,296.0,,41190,194,300.0,300.0,295.0
2025-02-18,5.0,1.69,300.0,,61491,271,298.0,301.9,296.0
2025-02-17,3.6,1.24,295.0,,70893,351,292.0,300.9,289.5
2025-02-16,-1.7,-0.58,291.4,87.4,30069,258,293.0,295.0,289.3
2025-02-13,1.6,0.55,293.1,62.06,21247,144,295.3,295.3,290.1
2025-02-12,-0.3,-0.1,291.5,71.68,24571,160,291.0,295.0,290.6
2025-02-11,-3.2,-1.08,291.8,39.1,13397,131,295.0,295.0,290.1
2025-02-10,0.0,0.0,295.0,48.74,16601,113,293.5,296.0,293.1
2025-02-09,-3.0,-1.01,295.0,67.12,22682,189,298.0,301.0,293.2
2025-02-06,0.8,0.27,298.0,,39334,187,297.0,302.0,296.7
2025-02-05,0.2,0.07,297.2,80.45,27079,145,296.0,299.0,295.0
2025-02-04,-2.0,-0.67,297.0,,51668,256,300.0,304.9,297.0
2025-02-03,4.1,1.39,299.0,,49607,309,296.0,303.9,296.0
2025-02-02,8.9,3.11,294.9,,53452,329,288.0,295.0,286.0
2025-01-28,2.5,0.88,286.0,79.54,27911,134,285.0,287.0,281.1
2025-01-27,-4.1,-1.43,283.5,65.72,23094,165,287.0,287.0,283.0
2025-01-26,-1.4,-0.48,287.6,,43687,277,290.0,292.7,283.3
2025-01-23,5.0,1.76,289.0,,40746,228,287.5,290.0,285.0
2025-01-22,3.0,1.07,284.0,,36936,251,281.0,284.9,280.5
2025-01-21,-4.0,-1.4,281.0,81.84,29055,213,285.0,285.0,280.0
2025-01-20,-1.5,-0.52,285.0,55.93,19577,194,288.1,289.8,284.0
2025-01-19,2.7,0.95,286.5,,41611,283,280.0,287.0,275.1
2025-01-16,-1.7,-0.6,283.8,,46231,256,285.0,286.0,280.0
2025-01-15,-8.4,-2.86,285.5,,47411,382,293.0,293.0,285.0
2025-01-13,-2.4,-0.81,293.9,,38612,301,297.0,297.0,290.5
2025-01-12,-5.8,-1.92,296.3,71.16,23901,164,305.5,305.5,296.3
2025-01-09,0.0,0.0,302.1,,47238,252,302.0,303.9,299.5
2025-01-08,-0.9,-0.3,302.1,82.16,27123,170,309.0,309.0,300.0
2025-01-07,-2.0,-0.66,303.0,72.54,23953,187,299.0,304.9,299.0
2025-01-06,3.0,0.99,305.0,,33107,245,301.0,305.0,300.0
2025-01-05,-4.0,-1.31,302.0,95.48,31591,221,310.0,310.0,300.1
2025-01-02,-1.1,-0.36,306.0,87.95,28790,188,307.0,308.0,304.0
2025-01-01,-6.9,-2.2,307.1,,33089,255,314.0,315.0,307.0
2024-12-31,-10.17,-3.14,314.0,,52420,405,321.9,321.9,309.8
2024-12-29,0.1,0.03,333.9,,105485,538,334.2,337.0,332.0
2024-12-26,6.9,2.11,333.8,,53904,335,323.4,335.0,322.0
2024-12-24,1.9,0.58,326.9,79.56,24396,180,327.4,329.0,322.1
2024-12-23,1.8,0.56,325.0,,34848,218,321.0,326.0,318.0
2024-12-22,-0.8,-0.25,323.2,98.72,30552,247,317.6,326.4,317.6
2024-12-19,1.5,0.47,324.0,,99471,458,328.9,328.9,323.8
2024-12-18,0.5,0.16,322.5,90.12,27913,150,321.0,324.9,321.0
2024-12-17,1.0,0.31,322.0,,38502,224,322.0,324.9,319.1
2024-12-16,-12.0,-3.6,321.0,,72485,407,333.0,333.0,320.0
2024-12-12,-3.0,-0.89,333.0,92.72,27811,243,342.7,342.7,329.0
2024-12-11,5.0,1.51,336.0,,69547,384,330.0,336.0,323.0
2024-12-10,-8.0,-2.36,331.0,,46578,311,340.0,340.0,330.0
2024-12-09,-2.2,-0.64,339.0,,32050,239,341.6,345.0,336.7
2024-12-08,-7.8,-2.23,341.2,,53335,305,346.1,349.0,340.0
2024-12-05,-3.0,-0.85,349.0,,35035,218,350.2,352.1,348.0
2024-12-04,0.4,0.11,352.0,,38930,221,358.6,358.6,350.5
2024-12-03,-0.8,-0.23,351.6,,33741,226,354.0,354.0,350.2
2024-12-02,-3.2,-0.9,352.4,,47343,223,359.9,359.9,351.2
2024-12-01,-4.4,-1.22,355.6,,43405,224,367.2,367.2,350.0
2024-11-28,2.0,0.56,360.0,,42328,226,358.0,361.0,356.0
2024-11-27,1.2,0.34,358.0,,38927,203,358.0,358.4,356.0
2024-11-26,4.9,1.39,356.8,,28610,219,358.9,358.9,351.0
2024-11-25,1.9,0.54,351.9,,32139,219,357.0,357.0,350.0
2024-11-24,-3.0,-0.85,350.0,,41256,292,359.0,359.0,350.0
2024-11-21,-5.9,-1.64,353.0,,55719,360,357.0,359.0,352.7
2024-11-20,-0.2,-0.06,358.9,95.57,26760,230,365.0,365.0,353.0
2024-11-19,-3.9,-1.07,359.1,,65017,295,360.0,365.0,359.0
2024-11-17,-2.1,-0.58,363.0,,72913,419,366.0,370.9,361.0
2024-11-14,-2.1,-0.57,365.1,,46503,281,367.0,371.4,365.0
2024-11-13,-1.8,-0.49,367.2,,34318,225,375.0,375.0,364.0
2024-11-12,-1.0,-0.27,369.0,,62383,311,377.0,377.0,369.0
2024-11-11,0.1,0.03,370.0,,71670,385,369.0,375.9,369.0
2024-11-10,3.8,1.04,369.9,,58328,370,373.4,373.4,363.0
2024-11-06,-0.4,-0.11,366.1,,32031,189,369.5,369.5,363.1
2024-11-05,-5.0,-1.35,366.5,,31483,198,371.0,376.0,366.2
2024-10-30,0.5,0.13,371.5,,33749,267,377.0,377.0,370.0
2024-10-29,5.0,1.37,371.0,,63203,310,367.0,373.3,366.0
2024-10-28,7.1,1.98,366.0,,44073,232,354.1,366.0,354.1
2024-10-27,-2.2,-0.61,358.9,,43996,263,354.8,365.0,354.8
2024-10-24,-5.9,-1.61,361.1,,118792,601,373.0,373.0,352.8
2024-10-23,-11.1,-2.94,367.0,,135310,614,378.1,384.0,365.0
2024-10-22,0.5,0.13,378.1,,53921,254,375.5,382.0,374.2
2024-10-21,-9.0,-2.33,377.6,,85200,408,381.1,385.9,377.5
2024-10-20,-7.4,-1.88,386.6,,112813,557,390.0,394.9,380.0
2024-10-17,-1.4,-0.35,394.0,,84201,476,400.0,400.0,392.3
2024-10-16,7.9,2.04,395.4,,88954,450,388.0,396.0,388.0
2024-10-15,4.0,1.04,387.5,,51430,260,383.5,389.0,381.0
2024-10-09,2.1,0.55,383.5,,52289,177,378.0,384.0,376.0
2024-10-08,-0.6,-0.16,381.4,,55126,248,387.0,387.0,378.0
2024-10-07,4.0,1.06,382.0,,72876,377,378.0,385.0,378.0
2024-10-06,9.0,2.44,378.0,,89543,394,369.0,378.0,367.0
2024-10-02,-1.1,-0.3,369.0,,79249,418,370.1,377.0,359.0
2024-10-01,12.6,3.52,370.1,,87013,531,357.0,372.0,357.0
2024-09-30,5.2,1.48,357.5,,36555,280,350.0,358.0,350.0
2024-09-29,-4.7,-1.32,352.3,,35272,264,357.0,357.0,350.0
2024-09-26,-2.0,-0.56,357.0,,34594,259,359.0,365.0,355.0
2024-09-25,7.8,2.22,359.0,,78883,354,351.0,359.9,348.9
2024-09-24,-2.8,-0.79,351.2,,83688,379,354.0,359.0,350.1
2024-09-23,-1.6,-0.45,354.0,,59299,364,362.7,362.7,352.0
2024-09-22,2.5,0.71,355.6,,61970,400,360.1,365.0,355.5
2024-09-18,4.0,1.15,353.1,,86056,489,350.0,357.9,346.0
2024-09-16,-10.9,-3.03,349.1,,67066,484,360.0,360.0,349.0
2024-09-15,-5.0,-1.37,360.0,,90671,559,371.0,372.3,359.1
2024-09-12,9.0,2.53,365.0,,61295,424,363.1,366.4,352.0
2024-09-11,-4.0,-1.11,356.0,,88445,472,365.2,365.2,350.0
2024-09-10,-2.6,-0.72,360.0,,66020,438,364.0,368.9,358.2
2024-09-09,-10.4,-2.79,362.6,,86782,566,368.0,374.5,362.6
2024-09-08,0.0,0.0,373.0,,100624,446,378.4,378.4,370.0
2024-09-05,-3.8,-1.01,373.0,,96884,535,378.0,378.0,368.0
2024-09-04,-8.4,-2.18,376.8,,136516,614,392.9,392.9,375.0
2024-09-03,0.2,0.05,385.2,,108022,591,390.0,392.0,379.2
2024-09-02,12.0,3.22,385.0,,150424,839,373.0,387.0,371.0
2024-09-01,-3.4,-0.9,373.0,,129467,729,380.0,384.5,372.6
2024-08-29,-6.1,-1.59,376.4,,171319,843,390.0,390.0,374.0
2024-08-28,0.5,0.13,382.5,,173834,1003,382.0,394.9,378.0
2024-08-27,-17.0,-4.26,382.0,,316327,1511,397.0,397.0,379.0
2024-08-25,-12.0,-2.92,399.0,,280315,1342,402.8,415.0,398.2
2024-08-22,-3.9,-0.94,411.0,,184187,955,411.0,420.2,410.3
2024-08-21,4.9,1.2,414.9,,272796,1175,412.0,417.0,406.0
2024-08-18,-9.0,-2.15,410.0,,573837,2020,427.3,428.4,407.0
2024-08-15,16.9,4.2,419.0,,511952,1898,405.0,423.1,400.0
2024-08-14,2.1,0.53,402.1,,259891,1079,402.0,406.0,396.0
2024-08-13,8.0,2.04,400.0,,357409,1632,394.0,405.0,393.0
2024-08-12,8.1,2.11,392.0,,283100,1289,383.9,392.5,383.1
2024-08-11,8.8,2.35,383.9,,303869,1246,379.0,384.9,376.0
2024-08-08,-2.9,-0.77,375.1,,134799,753,380.0,384.9,375.0
2024-08-07,5.9,1.59,378.0,,181152,1073,372.1,380.4,367.0
2024-08-06,-13.9,-3.6,372.1,,338449,1869,393.0,393.0,372.0
2024-08-05,16.2,4.38,386.0,,622697,2352,377.1,400.0,377.1
2024-08-01,-6.6,-1.75,369.8,,302530,950,383.0,383.0,369.5
2024-07-31,-0.6,-0.16,376.4,,287817,998,373.0,384.9,370.1
2024-07-30,0.0,0.0,377.0,,230971,1122,384.5,384.5,362.0
2024-07-29,-10.2,-2.63,377.0,,296529,1556,394.9,400.0,374.0
2024-07-28,35.2,10.0,387.2,,671424,1926,359.0,387.2,359.0
2024-07-25,10.5,3.07,352.0,,222739,894,337.5,354.0,337.0
2024-07-24,-2.0,-0.58,341.5,,194863,840,343.0,347.0,337.2
2024-07-23,13.5,4.09,343.5,,237532,869,330.0,350.0,324.0
2024-07-22,-5.0,-1.49,330.0,,151988,784,335.0,335.0,323.4
2024-07-21,3.2,0.96,335.0,,304300,1072,332.0,340.0,321.6
2024-07-18,17.8,5.67,331.8,,213901,1007,314.1,340.0,309.0
2024-07-17,4.0,1.29,314.0,,147540,632,316.2,316.2,305.0
2024-07-16,16.0,5.44,310.0,,270358,653,299.0,320.0,288.8
2024-07-15,-4.5,-1.51,294.0,,115912,522,304.4,308.0,290.2
2024-07-14,7.5,2.58,298.5,,113142,524,296.8,308.0,294.0
2024-07-11,4.5,1.57,291.0,,139159,491,288.1,291.8,286.0
2024-07-10,1.3,0.46,286.5,,42559,299,283.0,288.0,282.0
2024-07-09,4.7,1.68,285.2,,274360,384,286.1,287.5,278.0
2024-07-08,-0.6,-0.21,280.5,,49865,268,282.0,286.4,279.4
2024-07-07,8.2,3.0,281.1,,106759,379,271.0,283.0,271.0
2024-07-04,1.9,0.7,272.9,,86098,263,270.0,275.0,267.1
2024-07-03,-1.0,-0.37,271.0,,41796,178,272.0,274.9,262.0
2024-07-02,4.5,1.68,272.0,,87848,407,272.8,286.6,268.4
2024-07-01,8.5,3.28,267.5,,62619,315,256.0,268.0,256.0
2024-06-30,-2.0,-0.77,259.0,44.82,17310,133,262.0,262.9,257.3
2024-06-27,-2.0,-0.76,261.0,74.79,28727,115,260.1,265.0,260.0
2024-06-26,0.5,0.19,263.0,19.63,7484,81,260.1,264.0,260.0
2024-06-25,-2.5,-0.94,262.5,59.52,22605,133,266.0,267.0,261.0
2024-06-24,5.0,1.92,265.0,,41247,222,265.2,286.0,257.1
2024-06-23,-1.0,-0.38,260.0,58.47,22427,162,258.1,287.1,258.0
2024-06-20,-2.0,-0.76,261.0,37.91,14554,129,258.0,265.0,258.0
2024-06-19,1.5,0.57,263.0,21.29,8129,79,266.7,266.7,261.1
2024-06-18,-6.5,-2.43,261.5,52.24,19809,152,267.9,267.9,261.5
2024-06-16,2.0,0.75,268.0,87.72,33067,177,270.0,270.0,261.2
2024-06-13,-3.0,-1.12,266.0,46.57,17533,135,269.0,269.0,264.6
2024-06-12,10.0,3.86,269.0,93.03,35200,257,263.0,282.9,259.6
2024-06-11,5.0,1.97,259.0,69.11,26904,184,259.0,261.0,254.0
2024-06-10,-1.0,-0.39,254.0,97.67,38941,225,260.1,260.1,249.9
2024-06-09,-6.9,-2.63,255.0,78.2,30419,200,267.1,267.1,255.0
2024-06-06,-2.1,-0.8,261.9,60.6,23243,168,268.5,268.5,260.0
2024-06-05,-2.9,-1.09,264.0,43.73,16572,101,272.2,272.2,262.4
2024-06-04,4.9,1.87,266.9,,39795,166,267.2,267.2,258.0
2024-06-03,-3.0,-1.13,262.0,69.61,26425,154,270.3,270.3,261.2
2024-06-02,4.0,1.53,265.0,95.81,36533,226,264.9,265.6,258.1
2024-05-30,-9.0,-3.33,261.0,80.58,30737,252,267.0,267.3,260.0
2024-05-29,-7.0,-2.53,270.0,,55763,350,282.5,292.9,267.0
2024-05-27,-0.5,-0.18,277.0,,63787,295,277.5,280.0,272.0
2024-05-26,-2.5,-0.89,277.5,,93070,546,285.0,285.6,276.0
2024-05-22,18.5,7.07,280.0,,168134,655,258.0,287.6,258.0
2024-05-21,0.4,0.15,261.5,,38353,242,266.3,266.3,260.1
2024-05-20,7.1,2.8,261.1,,147012,598,259.0,265.1,254.0
2024-05-19,12.9,5.35,254.0,,67790,318,245.9,260.1,242.0
2024-05-16,-2.9,-1.19,241.1,58.54,24081,167,248.8,248.8,239.0
2024-05-15,-1.0,-0.41,244.0,59.58,24472,187,241.1,247.0,240.1
2024-05-14,0.0,0.0,245.0,33.14,13509,154,249.9,249.9,242.5
2024-05-13,6.0,2.51,245.0,,51018,309,243.7,246.0,235.0
2024-05-12,0.0,0.0,239.0,35.14,14870,128,243.7,243.7,234.4
2024-05-09,6.0,2.58,239.0,90.16,37949,193,236.8,241.5,233.1
2024-05-08,-4.1,-1.73,233.0,18.45,7893,94,236.5,236.8,228.0
2024-05-07,1.6,0.68,237.1,48.15,20390,102,235.1,237.9,235.0
2024-05-06,-3.5,-1.46,235.5,52.13,22081,125,239.8,240.0,235.0
2024-05-05,-2.0,-0.83,239.0,52.07,22003,158,238.0,240.0,234.5
2024-05-02,1.0,0.42,241.0,,68990,262,244.8,244.8,238.0
2024-04-30,3.8,1.61,240.0,85.92,35982,241,240.9,240.9,235.0
2024-04-29,0.7,0.3,236.2,60.64,25653,165,240.2,240.2,232.0
2024-04-28,5.5,2.39,235.5,69.92,30349,244,228.1,250.9,226.1
2024-04-25,0.5,0.22,230.0,30.43,13249,102,229.0,232.9,227.5
2024-04-24,0.1,0.04,229.5,41.95,18242,147,230.0,231.9,228.1
2024-04-22,-3.6,-1.55,229.4,47.69,20603,114,234.0,235.0,229.0
2024-04-21,9.6,4.3,233.0,,50829,332,227.8,234.0,225.0
2024-04-18,-0.2,-0.09,223.4,19.34,8650,106,225.0,225.0,220.5
2024-04-16,-1.4,-0.62,223.6,21.74,9690,119,225.1,226.0,223.0
2024-04-15,-1.1,-0.49,225.0,24.89,11054,122,226.0,228.0,224.5
2024-04-14,-0.9,-0.4,226.1,79.05,34920,150,225.0,229.0,224.0
2024-04-10,-0.5,-0.22,227.0,37.86,16651,145,230.0,230.0,226.6
2024-04-09,-0.5,-0.22,227.5,33.22,14615,149,228.0,230.0,226.0
2024-04-07,1.8,0.8,228.0,53.05,23508,165,227.0,229.0,225.1
2024-04-04,-3.8,-1.65,226.2,38.18,16873,135,226.1,227.5,226.0
2024-04-03,2.0,0.88,230.0,62.82,27641,129,230.0,230.0,226.0
2024-04-02,0.0,0.0,228.0,32.06,14167,136,232.5,232.5,225.3
2024-04-01,-0.4,-0.18,228.0,67.17,29683,184,228.0,230.0,225.0
2024-03-31,-1.6,-0.7,228.4,27.73,12071,121,228.0,232.0,227.4
2024-03-28,-0.1,-0.04,230.0,40.89,17792,134,234.7,234.7,228.4
2024-03-27,-3.4,-1.46,230.1,81.08,35243,187,233.5,234.4,228.5
2024-03-26,0.0,0.0,233.5,56.83,24395,117,234.0,235.0,231.2
2024-03-25,-1.5,-0.64,233.5,70.7,30270,111,235.0,235.0,230.3
2024-03-21,0.5,0.21,235.0,44.32,18890,122,230.1,238.0,230.0
2024-03-20,0.1,0.04,234.5,50.59,21729,126,239.0,239.0,230.2
2024-03-19,-0.6,-0.26,234.4,58.26,24816,110,235.0,236.0,232.0
2024-03-18,0.0,0.0,235.0,50.97,21615,160,239.7,239.7,234.0
2024-03-17,1.5,0.64,235.0,62.26,26682,189,233.0,235.0,230.0
2024-03-14,-2.5,-1.06,233.5,54.56,23461,181,236.0,236.0,231.4
2024-03-13,-3.7,-1.54,236.0,34.31,14493,160,240.0,242.0,235.0
2024-03-12,8.7,3.77,239.7,81.61,34642,257,235.0,239.7,231.2
2024-03-10,2.9,1.27,231.0,27.9,12089,132,232.6,236.0,228.0
2024-03-07,-0.2,-0.09,228.1,52.82,23094,122,229.0,229.9,226.1
2024-03-06,-1.2,-0.52,228.3,50.43,22025,146,229.5,231.0,225.5
2024-03-05,-7.9,-3.33,229.5,51.74,22320,161,242.1,242.1,228.6
2024-03-04,13.4,5.98,237.4,1.21,530,5,228.0,237.4,228.0
2024-03-03,-1.8,-0.8,224.0,31.84,14194,176,230.0,230.0,223.0
2024-02-29,-2.2,-0.96,225.8,38.47,16986,137,227.0,228.0,225.1
2024-02-28,1.0,0.44,228.0,23.04,10145,100,231.0,231.0,226.2
2024-02-27,-1.0,-0.44,227.0,36.24,15986,121,226.2,229.9,226.0
2024-02-26,0.9,0.4,228.0,32.26,14222,151,228.0,230.0,225.1
2024-02-25,-1.9,-0.83,227.1,51.65,22617,176,230.0,230.0,227.1
2024-02-22,-1.3,-0.56,229.0,35.66,15542,187,230.0,232.0,228.9
2024-02-21,0.3,0.13,230.3,27.43,11891,136,233.0,234.4,229.3
2024-02-20,-0.6,-0.26,230.0,73.49,31788,227,230.0,234.5,230.0
2024-02-18,-6.1,-2.58,230.6,,48129,209,233.0,235.9,230.0
2024-02-15,3.7,1.59,236.7,99.56,42526,190,230.1,236.7,230.0
2024-02-14,1.7,0.73,233.0,45.75,19694,168,232.0,235.0,230.1
2024-02-13,-6.7,-2.82,231.3,54.01,23082,258,238.0,238.0,231.3
2024-02-12,1.2,0.51,238.0,41.22,17401,161,237.2,239.0,235.2
2024-02-11,-5.2,-2.15,236.8,,42535,308,240.0,240.0,233.6
2024-02-07,0.3,0.12,241.0,53.8,22381,181,245.5,245.5,239.0
2024-02-06,-1.3,-0.54,240.7,29.16,12116,139,244.9,244.9,240.0
2024-02-05,1.5,0.62,242.0,46.62,19382,135,240.0,242.5,239.0
2024-02-04,0.0,0.0,240.5,51.49,21433,195,245.0,245.0,239.2
2024-02-01,-2.7,-1.11,240.5,45.66,18935,145,242.0,242.5,240.1
2024-01-31,-2.3,-0.94,243.2,40.46,16597,157,245.0,247.4,243.2
2024-01-30,-1.0,-0.41,245.5,42.95,17528,163,249.5,249.5,244.5
2024-01-29,1.5,0.61,246.5,54.96,22283,159,249.5,249.5,245.1
2024-01-28,-0.1,-0.04,245.0,57.5,23496,179,245.0,248.0,244.0
2024-01-25,-0.4,-0.16,245.1,86.57,35252,196,244.5,247.0,244.5
2024-01-24,0.3,0.12,245.5,62.75,25650,175,245.0,247.0,242.3
2024-01-23,1.2,0.49,245.2,53.82,21982,152,242.1,246.9,242.1
2024-01-22,0.1,0.04,244.0,,45887,231,243.0,248.0,243.0
2024-01-21,-3.1,-1.26,243.9,,48190,253,247.0,248.2,243.4
2024-01-18,0.0,0.0,247.0,72.23,29336,209,246.0,250.0,243.1
2024-01-17,0.2,0.08,247.0,,76378,319,247.2,251.0,245.0
2024-01-16,0.9,0.37,246.8,,43763,263,245.9,252.0,245.0
2024-01-14,0.9,0.37,245.9,63.23,25759,175,246.1,247.0,243.7
2024-01-11,0.0,0.0,245.0,31.83,13027,143,244.1,246.1,242.5
2024-01-10,-0.1,-0.04,245.0,78.54,31999,199,245.0,248.0,244.0
2024-01-09,1.4,0.57,245.1,72.53,29582,197,248.0,248.0,243.1
2024-01-08,0.3,0.12,243.7,38.26,15763,163,248.0,248.0,241.0
2024-01-07,-1.6,-0.65,243.4,96.44,39659,193,245.0,246.0,241.0
2024-01-04,-1.9,-0.77,245.0,74.57,30433,193,247.0,249.9,244.0
2024-01-03,-1.6,-0.64,246.9,42.27,17254,144,248.0,248.0,243.1
2024-01-02,-0.4,-0.16,248.5,85.75,34706,134,249.0,249.0,245.0
2024-01-01,1.9,0.77,248.9,82.78,33313,178,251.0,251.0,246.2
2023-12-28,-2.6,-1.04,247.0,48.5,19671,184,249.0,249.9,245.3
2023-12-27,-3.9,-1.54,249.6,38.46,15367,161,258.5,258.5,248.5
2023-12-24,-2.5,-0.98,253.5,,44028,238,259.0,260.0,253.1
2023-12-21,-5.3,-2.03,256.0,,39429,291,261.0,264.0,255.3
2023-12-20,0.3,0.11,261.3,,57332,314,256.0,267.2,256.0
2023-12-19,10.0,3.98,261.0,,62432,326,250.0,262.2,250.0
2023-12-18,2.5,1.01,251.0,,44779,238,250.0,255.0,247.0
2023-12-17,0.5,0.2,248.5,63.34,25584,166,243.1,249.8,243.1
2023-12-14,1.3,0.53,248.0,33.77,13670,89,242.6,249.0,242.6
2023-12-13,1.3,0.53,246.7,77.26,31055,162,250.3,251.5,246.0
2023-12-12,-0.6,-0.24,245.4,,68084,214,246.2,252.0,242.0
2023-12-11,-2.5,-1.01,246.0,91.84,36977,216,253.4,258.0,245.0
2023-12-10,9.5,3.97,248.5,,60,2,243.7,248.5,243.7
2023-12-07,3.0,1.27,239.0,40.44,16898,104,236.1,240.5,236.1
2023-12-06,-2.0,-0.84,236.0,25.15,10646,95,240.0,240.0,235.1
2023-12-05,-2.0,-0.83,238.0,24.51,10287,74,239.9,240.0,236.0
2023-12-04,1.0,0.42,240.0,18.05,7552,92,236.0,243.0,236.0
2023-12-03,0.0,0.0,239.0,34.12,14293,109,236.6,242.9,236.6
2023-11-30,-2.8,-1.16,239.0,24.47,10214,113,240.0,241.0,238.0
2023-11-29,-0.2,-0.08,241.8,23.94,9876,93,242.0,245.0,240.1
2023-11-28,-2.0,-0.82,242.0,19.61,8124,66,245.0,245.0,240.2
2023-11-27,2.0,0.83,244.0,33.42,13748,87,240.0,245.1,240.0
2023-11-26,-3.0,-1.22,242.0,36.6,15023,125,240.5,246.0,240.1
2023-11-23,0.0,0.0,245.0,16.69,6824,85,245.0,269.5,240.2
2023-11-22,6.0,2.51,245.0,20.91,8661,90,238.0,245.0,238.0
2023-11-21,-0.6,-0.25,239.0,30.05,12618,130,239.6,239.9,235.0
2023-11-20,-4.4,-1.8,239.6,32.03,13280,151,244.0,248.5,239.6
2023-11-09,-2.5,-1.01,244.0,24.45,10046,101,241.6,245.9,241.0
2023-11-08,2.5,1.02,246.5,21.17,8644,56,244.0,246.9,240.3
2023-11-07,-1.0,-0.41,244.0,68.8,28233,86,248.9,248.9,242.0
2023-11-06,4.1,1.7,245.0,88.24,36331,166,240.0,253.2,236.1
2023-11-05,-7.3,-2.94,240.9,,67192,241,244.0,244.0,236.0
2023-11-02,-2.8,-1.12,248.2,35.21,14152,122,254.0,254.0,248.0
2023-11-01,-0.7,-0.28,251.0,60.84,24366,158,250.0,251.7,248.0
2023-10-31,-3.3,-1.29,251.7,31.02,12366,129,260.0,260.0,250.0
2023-10-30,0.0,0.0,255.0,85.69,33815,116,253.5,255.0,251.0
2023-10-29,-4.0,-1.54,255.0,41.47,16265,130,259.0,259.0,253.0
2023-10-19,-1.0,-0.38,259.0,23.43,9050,100,264.0,264.0,255.3
2023-10-18,9.0,3.59,260.0,60.08,23077,155,252.0,270.0,251.0
2023-10-17,3.0,1.21,251.0,20.34,8118,89,252.0,253.9,249.0
2023-10-16,-0.3,-0.12,248.0,29.46,11941,136,250.0,250.0,246.0
2023-10-12,-2.0,-0.8,248.3,70.9,28503,167,250.0,251.9,247.3
2023-10-11,-1.7,-0.67,250.3,48.07,19245,135,250.0,255.0,248.0
2023-10-10,-1.0,-0.4,252.0,23.94,9470,111,257.0,258.0,251.1
2023-10-09,-1.5,-0.59,253.0,25.84,10233,111,252.5,254.0,251.1
2023-10-08,-3.5,-1.36,254.5,71.91,28146,189,263.0,263.1,254.4
2023-10-05,-1.3,-0.5,258.0,19.05,7398,85,263.0,263.0,256.0
2023-10-04,-2.5,-0.95,259.3,21.13,8133,98,263.0,264.6,259.0
2023-10-03,1.5,0.58,261.8,92.19,35324,138,257.0,262.9,257.0
2023-10-02,1.4,0.54,260.3,,40811,201,257.0,262.1,256.2
2023-10-01,-0.1,-0.04,258.9,,60740,163,259.0,263.0,257.0
2023-09-27,-1.0,-0.38,259.0,79.98,30760,199,262.0,265.0,257.1
2023-09-26,-0.5,-0.19,260.0,,39214,203,264.5,264.5,258.9
2023-09-25,-0.5,-0.19,260.5,26.07,10018,144,261.0,261.9,255.9
2023-09-24,-1.7,-0.65,261.0,35.65,13632,181,267.0,267.0,260.0
2023-09-21,1.7,0.65,262.7,,50228,248,265.0,270.0,262.2
2023-09-19,1.7,0.66,261.0,38.45,14795,114,263.9,263.9,258.0
2023-09-18,-0.6,-0.23,259.3,62.7,24190,150,258.0,260.9,258.0
2023-09-17,-4.1,-1.55,259.9,73.54,28163,257,269.0,269.0,259.0
2023-09-13,3.2,1.23,264.0,48.88,18534,127,257.0,265.5,256.0
2023-09-12,-3.1,-1.17,260.8,24.87,9532,112,267.5,267.5,259.2
2023-09-11,9.0,3.53,263.9,57.06,21840,185,259.0,264.0,255.0
2023-09-10,3.9,1.55,254.9,32.66,12819,145,256.0,256.0,252.0
2023-09-07,-1.1,-0.44,251.0,25.29,10055,123,252.2,253.9,250.6
2023-09-05,-1.9,-0.75,252.1,42.09,16605,125,250.0,255.0,250.0
2023-09-04,-1.3,-0.51,254.0,44.31,17422,142,258.0,258.0,252.1
2023-09-03,-3.2,-1.24,255.3,87.15,33984,160,255.0,260.0,255.0
2023-08-30,1.5,0.58,258.5,47.9,18400,166,261.9,262.9,258.2
2023-08-29,-1.0,-0.39,257.0,38.06,14786,148,256.0,260.0,255.0
2023-08-28,1.0,0.39,258.0,40.64,15772,131,260.0,260.0,256.0
2023-08-27,-3.1,-1.19,257.0,42.28,16373,148,259.0,261.0,256.7
2023-08-24,-2.9,-1.1,260.1,57.75,22080,185,261.0,264.0,260.0
2023-08-23,0.0,0.0,263.0,51.99,19743,159,260.1,265.0,260.1
2023-08-22,2.2,0.84,263.0,46.05,17678,137,261.9,263.0,258.0
2023-08-21,0.8,0.31,260.8,56.89,21850,157,263.8,263.8,260.0
2023-08-20,-1.9,-0.73,260.0,51.14,19605,154,261.9,265.0,259.0
2023-08-17,0.5,0.19,261.9,47.88,18286,161,264.9,264.9,261.0
2023-08-16,-1.6,-0.61,261.4,50.46,19294,146,262.0,265.0,260.1
2023-08-15,-4.3,-1.61,263.0,96.99,36592,255,268.0,271.0,262.3
2023-08-14,3.3,1.25,267.3,,56788,377,269.0,271.0,264.0
2023-08-13,4.0,1.54,264.0,,76591,364,262.0,266.0,258.0
2023-08-10,2.0,0.78,260.0,59.51,23004,230,261.0,262.0,256.0
2023-08-09,0.1,0.04,258.0,,42358,280,257.0,258.0,252.0
2023-08-08,-0.1,-0.04,257.9,71.42,27802,243,257.1,261.0,255.0
2023-08-07,-7.0,-2.64,258.0,,86650,594,260.0,264.8,256.0
2023-08-06,16.7,6.73,265.0,,277818,1630,253.2,273.1,253.2
2023-08-03,-1.7,-0.68,248.3,77.6,30989,174,254.0,254.7,248.3
2023-08-02,6.0,2.46,250.0,77.25,31501,178,242.0,250.0,242.0
2023-08-01,-3.0,-1.21,244.0,60.68,24677,187,246.1,249.7,244.0
2023-07-31,0.2,0.08,247.0,32.52,13082,151,251.0,252.0,246.4
2023-07-30,-3.2,-1.28,246.8,45.39,18263,186,250.0,255.0,246.0
2023-07-27,-1.0,-0.4,250.0,75.31,30072,194,255.0,255.0,248.2
2023-07-26,2.0,0.8,251.0,,48886,250,253.0,258.0,246.0
2023-07-25,-11.0,-4.23,249.0,,76633,413,260.0,262.0,247.0
2023-07-24,-7.0,-2.62,260.0,,94779,525,264.0,274.0,256.8
2023-07-23,12.0,4.71,267.0,,95198,450,255.0,275.0,253.0
2023-07-20,-3.8,-1.47,255.0,,50631,355,262.0,262.0,252.0
2023-07-19,11.8,4.78,258.8,,109807,682,248.0,259.9,243.0
2023-07-18,7.0,2.92,247.0,,74737,478,244.0,248.0,241.2
2023-07-17,6.1,2.61,240.0,94.0,39477,284,234.0,240.7,232.1
2023-07-16,5.7,2.5,233.9,,46266,195,231.9,234.0,228.0
2023-07-13,0.1,0.04,228.2,72.14,31352,192,232.5,232.5,228.2
2023-07-12,-0.5,-0.22,228.1,48.12,21029,163,229.0,230.0,228.1
2023-07-11,-1.4,-0.61,228.6,64.64,28173,152,233.0,233.0,228.6
2023-07-10,0.0,0.0,230.0,47.94,20809,164,234.6,234.6,229.1
2023-07-09,1.0,0.44,230.0,43.93,19087,201,229.0,234.5,228.0
2023-07-06,-4.0,-1.72,229.0,61.63,26895,160,229.9,232.0,228.0
2023-07-05,-1.0,-0.43,233.0,55.79,23932,158,232.0,235.0,230.2
2023-07-04,3.2,1.39,234.0,85.61,36910,200,229.1,235.0,229.0
2023-07-03,-1.7,-0.73,230.8,,45071,282,231.1,235.9,229.0
2023-07-02,-4.0,-1.69,232.5,94.67,40449,250,240.0,240.0,231.8
2023-06-28,-0.9,-0.38,236.5,,64742,361,242.1,246.9,236.1
2023-06-27,7.5,3.26,237.4,,75381,433,233.9,237.4,230.0
2023-06-26,1.9,0.83,229.9,,54335,310,230.0,233.6,226.7
2023-06-25,0.0,0.0,228.0,,55988,303,226.0,230.0,226.0
2023-06-22,-1.0,-0.44,228.0,58.56,25728,205,233.5,233.5,226.5
2023-06-21,-1.0,-0.43,229.0,62.18,27190,229,234.6,234.6,228.0
2023-06-20,0.0,0.0,230.0,57.26,24757,119,231.5,234.0,230.0
2023-06-19,-2.0,-0.86,230.0,65.51,28445,231,232.0,233.0,229.4
2023-06-18,1.0,0.43,232.0,72.45,31348,246,235.0,235.0,229.1
2023-06-15,-2.0,-0.86,231.0,36.74,15875,138,235.0,235.0,230.0
2023-06-14,2.0,0.87,233.0,65.63,28078,244,233.0,236.0,231.3
2023-06-13,1.0,0.43,231.0,80.53,34769,248,230.0,234.5,228.0
2023-06-12,1.9,0.83,230.0,80.15,34741,219,229.0,234.0,229.0
2023-06-11,0.1,0.04,228.1,55.1,24092,198,228.0,230.0,226.0
2023-06-08,-0.1,-0.04,228.0,46.96,20562,142,230.9,231.0,226.5
2023-06-07,0.1,0.04,228.1,45.74,19984,138,227.0,231.5,227.0
2023-06-06,0.0,0.0,228.0,36.12,15859,135,230.0,230.0,226.1
2023-06-05,-1.5,-0.65,228.0,38.43,16703,170,230.0,233.4,227.5
2023-06-04,2.5,1.1,229.5,51.08,22179,150,227.0,232.5,227.0
2023-06-01,2.0,0.89,227.0,49.96,21938,133,225.0,230.0,225.0
2023-05-31,-3.0,-1.32,225.0,76.04,33715,247,232.0,232.0,224.0
2023-05-30,-4.0,-1.72,228.0,52.57,22898,183,232.0,234.0,228.0
2023-05-28,-2.0,-0.85,232.0,,69398,309,235.0,238.0,230.3
2023-05-24,0.9,0.39,234.0,34.84,14945,165,233.0,237.1,228.6
2023-05-23,3.1,1.35,233.1,76.6,33102,173,230.0,234.0,229.2
2023-05-22,0.0,0.0,230.0,28.17,12210,135,230.0,232.0,229.1
2023-05-21,-1.0,-0.43,230.0,35.77,15468,165,234.9,235.0,230.0
2023-05-18,2.0,0.87,231.0,37.66,16253,149,233.0,233.0,229.0
2023-05-17,0.5,0.22,229.0,24.32,10606,126,228.5,232.0,227.0
2023-05-16,0.5,0.22,228.5,16.56,7257,75,227.0,229.5,227.0
2023-05-15,1.0,0.44,228.0,16.29,7186,101,227.0,230.0,225.0
2023-05-14,-12.0,-5.02,227.0,,69971,383,239.0,239.0,224.5
2023-05-11,9.0,3.91,239.0,88.65,39101,267,230.1,239.0,225.0
2023-05-10,-0.9,-0.39,230.0,16.63,7179,82,230.0,234.6,230.0
2023-05-09,1.7,0.74,230.9,11.63,5054,88,228.0,233.7,226.5
2023-05-08,-2.8,-1.21,229.2,30.18,13142,117,227.6,234.0,227.6
2023-05-07,-1.9,-0.81,232.0,20.66,8889,107,231.0,235.0,230.1
2023-05-04,0.8,0.34,233.9,96.43,41732,230,235.0,235.0,228.0
2023-05-03,-1.8,-0.77,233.1,27.75,11916,106,232.0,235.0,231.2
2023-05-02,1.9,0.82,234.9,30.5,13032,108,230.0,237.0,230.0
2023-04-30,-1.4,-0.6,233.0,24.41,10469,137,230.5,235.0,230.2
2023-04-27,-1.1,-0.47,234.4,38.23,16190,95,236.0,238.4,233.0
2023-04-26,-1.9,-0.8,235.5,38.68,16448,142,234.0,239.9,233.5
2023-04-25,3.4,1.45,237.4,28.31,12005,97,235.0,238.0,233.1
2023-04-24,0.5,0.21,234.0,28.25,12092,107,233.5,237.0,232.1
2023-04-23,-5.5,-2.3,233.5,34.54,14775,169,235.0,238.6,230.5
2023-04-20,0.0,0.0,239.0,72.2,30269,169,237.5,243.7,237.1
2023-04-19,-1.0,-0.42,239.0,39.1,16398,129,242.0,243.0,236.2
2023-04-18,-2.1,-0.87,240.0,36.62,15338,123,240.0,242.0,238.0
2023-04-17,-5.4,-2.18,242.1,38.54,15770,130,245.1,248.0,242.0
2023-04-16,1.5,0.61,247.5,39.88,16060,138,248.0,255.9,245.9
2023-04-13,-5.0,-1.99,246.0,34.73,13846,184,256.0,257.0,246.0
2023-04-12,13.0,5.46,251.0,78.11,31877,284,242.0,251.0,240.1
2023-04-11,5.9,2.54,238.0,39.07,16466,130,236.7,241.0,233.0
2023-04-10,-1.9,-0.81,232.1,44.75,19230,151,234.0,235.0,230.0
2023-04-09,-5.0,-2.09,234.0,44.66,18981,190,239.0,239.0,234.0
2023-04-06,-1.0,-0.42,239.0,29.47,12283,128,244.0,244.0,238.2
2023-04-05,0.1,0.04,240.0,38.94,16295,139,241.0,241.0,237.0
2023-04-04,-0.1,-0.04,239.9,49.37,20737,156,237.0,239.9,236.0
2023-04-03,-2.0,-0.83,240.0,33.07,13807,138,240.0,242.0,238.0
2023-04-02,-2.5,-1.02,242.0,35.5,14559,172,249.3,249.3,241.0
2023-03-30,-1.5,-0.61,244.5,29.9,12174,140,244.0,248.7,244.0
2023-03-29,-1.3,-0.53,246.0,26.06,10613,128,245.0,249.8,244.0
2023-03-28,2.4,0.98,247.3,51.4,20785,172,244.0,248.5,243.1
2023-03-27,-3.1,-1.25,244.9,95.81,39301,262,248.0,250.0,242.0
2023-03-26,-6.0,-2.36,248.0,76.43,30751,286,254.0,254.0,247.0
2023-03-23,-2.5,-0.97,254.0,44.87,17649,185,254.0,257.0,252.0
2023-03-22,-1.5,-0.58,256.5,52.76,20447,218,263.1,263.1,256.1
2023-03-20,-0.2,-0.08,258.0,35.65,13799,175,258.2,262.8,256.1
2023-03-19,-3.3,-1.26,258.2,54.6,21040,238,264.5,264.5,258.0
2023-03-16,-10.5,-3.86,261.5,,59597,459,268.0,268.5,259.1
2023-03-15,-9.7,-3.44,272.0,98.72,35903,322,282.0,282.9,271.1
2023-03-14,-11.44,-3.9,281.7,,36492,342,299.0,299.0,279.0
2023-03-13,0.5,0.17,299.0,,69587,377,299.0,300.8,294.5
2023-03-12,-3.5,-1.16,298.5,,44726,268,305.0,307.7,296.1
2023-03-09,11.0,3.78,302.0,,45885,291,293.0,303.0,291.4
2023-03-07,7.1,2.5,291.0,99.57,34653,181,285.0,291.0,282.0
2023-03-05,4.6,1.65,283.9,,37017,282,284.7,284.8,281.3
2023-03-02,-2.7,-0.96,279.3,48.65,17392,173,280.2,281.1,278.6
2023-03-01,-3.0,-1.05,282.0,52.81,18727,165,289.4,289.4,281.0
2023-02-28,0.0,0.0,285.0,54.06,18954,155,290.0,290.0,284.0
2023-02-27,-1.0,-0.35,285.0,68.27,23893,213,286.7,292.0,283.0
2023-02-26,-3.1,-1.07,286.0,90.93,32146,300,290.0,290.0,280.0
2023-02-23,-4.9,-1.67,289.1,,41640,316,296.0,296.0,289.0
2023-02-22,1.0,0.34,294.0,77.1,26153,205,293.0,302.0,293.0
2023-02-20,-2.0,-0.68,293.0,74.06,25304,250,292.0,297.0,291.1
2023-02-16,-1.1,-0.37,295.0,68.37,23137,251,290.2,298.0,290.2
2023-02-14,-1.7,-0.57,298.5,65.91,22019,213,300.0,302.0,298.0
2023-02-12,-7.8,-2.53,300.2,86.52,28593,272,312.0,312.0,300.0
2023-02-09,1.0,0.33,308.0,91.27,29687,174,306.0,309.9,305.0
2023-02-08,2.6,0.85,307.0,,66790,340,308.0,312.2,305.3
2023-02-07,6.4,2.15,304.4,,41141,272,300.0,305.9,299.0
2023-02-06,0.0,0.0,298.0,63.63,21360,177,300.0,300.0,297.0
2023-02-05,-0.5,-0.17,298.0,,34791,312,304.4,304.4,297.5
2023-02-02,-1.5,-0.5,298.5,97.09,32404,256,300.0,304.0,298.4
2023-02-01,-1.0,-0.33,300.0,,45514,372,307.0,307.0,299.0
2023-01-31,-1.7,-0.56,301.0,98.91,32832,312,302.0,308.0,300.1
2023-01-30,-2.4,-0.79,302.7,,66765,373,305.5,308.0,302.5
2023-01-29,-2.9,-0.94,305.1,,37956,299,308.0,310.0,305.1
2023-01-26,0.0,-1.03,308.0,,31528,0,315.0,315.0,308.0
2023-01-25,0.0,1.04,311.2,,34199,0,313.0,314.0,308.5
2023-01-24,0.0,-1.31,308.0,,79173,0,312.0,318.0,306.1
2023-01-23,0.0,-3.67,312.1,,126466,0,317.6,320.0,308.0
2023-01-19,0.0,0.0,324.0,,37215,0,324.0,328.0,322.1
2023-01-18,0.0,-1.22,324.0,,40481,0,328.0,331.0,323.4
2023-01-17,0.0,-0.67,328.0,,62496,0,329.0,331.0,325.0
2023-01-12,0.0,-2.88,330.2,,67648,0,340.0,349.4,330.0
2023-01-10,0.0,-1.73,340.0,,248684,0,340.0,355.8,330.0
2023-01-09,0.0,1.76,346.0,,105273,0,340.0,349.0,335.2
2023-01-08,0.0,-0.58,340.0,,92031,0,346.8,346.8,338.2
2023-01-05,0.0,2.24,342.0,,53538,0,340.0,342.0,333.5
2023-01-04,0.0,1.67,334.5,,47144,0,332.0,335.0,329.0
2023-01-03,0.0,0.92,329.0,,42776,0,332.0,332.5,326.0
2023-01-02,0.0,0.0,326.0,,25571,0,326.0,329.5,319.5
2023-01-01,0.0,-0.61,326.0,,39484,0,334.5,336.6,325.0
2022-12-29,0.0,1.74,328.0,,25822,0,325.0,328.8,318.6
2022-12-28,0.0,-0.28,322.4,,19569,0,323.0,323.0,317.2
2022-12-27,0.0,2.63,323.3,,51610,0,321.0,325.0,320.0
2022-12-26,0.0,2.64,315.0,,21883,0,310.0,315.0,308.7
2022-12-22,0.0,-0.26,306.9,,15590,0,310.0,310.0,302.0
2022-12-21,0.0,0.82,307.7,,31483,0,302.79,308.7,301.1
2022-12-20,0.0,-0.59,305.2,,13973,0,309.0,310.0,305.0
2022-12-19,0.0,0.33,307.0,,8067,0,306.0,311.0,305.0
2022-12-18,0.0,-1.29,306.0,,201937,0,316.2,316.2,302.1
2022-12-15,0.0,-0.35,310.0,,14709,0,312.0,313.0,309.0
2022-12-14,0.0,-0.45,311.1,,156925,0,315.0,315.0,311.0
2022-12-13,0.0,0.81,312.5,,6355,0,310.0,314.7,310.0
2022-12-12,0.0,0.81,310.0,,9970,0,307.0,313.0,307.0
2022-12-11,0.0,-0.49,307.5,,9650,0,308.0,309.0,305.2
2022-12-07,0.0,-0.87,309.0,,25574,0,312.0,315.0,308.0
2022-12-06,0.0,-1.05,311.7,,16382,0,312.0,315.4,311.1
2022-12-05,0.0,-0.63,315.0,,11332,0,316.1,316.1,313.0
2022-12-04,0.0,-0.31,317.0,,25605,0,320.0,320.0,314.0
2022-12-01,0.0,0.32,318.0,,9580,0,322.0,322.0,315.0
2022-11-30,0.0,0.86,317.0,,7447,0,314.4,319.5,314.0
2022-11-29,0.0,0.7,314.3,,12352,0,312.0,317.9,311.7
2022-11-28,0.0,-1.39,312.1,,30870,0,315.0,320.0,312.1
2022-11-27,0.0,-0.78,316.5,,25216,0,325.0,325.3,316.0
2022-11-24,0.0,0.63,319.0,,6331,0,317.0,319.9,315.0
2022-11-23,0.0,-0.63,317.0,,9236,0,320.0,320.0,316.1
2022-11-22,0.0,-0.16,319.0,,8935,0,320.0,322.0,316.0
2022-11-17,0.0,1.59,319.5,,17607,0,315.0,320.0,315.0
2022-11-16,0.0,-0.16,314.5,,13463,0,317.0,317.0,314.0
2022-11-15,0.0,1.29,315.0,,8337,0,317.2,323.5,312.0
2022-11-14,0.0,-0.22,311.0,,15187,0,310.1,314.4,310.0
2022-11-13,0.0,-0.73,311.7,,11950,0,314.0,316.0,311.1
2022-11-10,0.0,-0.79,314.0,,15742,0,322.8,322.8,311.8
2022-11-09,0.0,-1.4,316.5,,15234,0,320.0,324.9,316.0
2022-11-08,0.0,0.0,321.0,,9278,0,320.0,322.0,318.0
2022-11-07,0.0,-0.31,321.0,,24381,0,325.0,325.0,319.0
2022-11-06,0.0,0.94,322.0,,16955,0,319.0,323.0,313.0
2022-11-03,0.0,-1.54,319.0,,12711,0,324.0,326.0,318.0
2022-11-02,0.0,0.0,324.0,,19128,0,324.1,329.0,322.0
2022-11-01,0.0,2.05,324.0,,35973,0,317.5,325.0,313.5
2022-10-31,0.0,-0.13,317.5,,13157,0,319.0,323.0,312.0
2022-10-23,0.0,0.6,317.9,,17351,0,320.0,320.0,312.0
2022-10-20,0.0,0.96,316.0,,12755,0,313.0,317.0,310.0
2022-10-19,0.0,-0.16,313.0,,11518,0,314.0,315.0,311.4
2022-10-17,0.0,-0.79,313.5,,16317,0,315.0,321.0,313.0
2022-10-16,0.0,0.03,316.0,,12032,0,314.0,317.0,313.1
2022-10-13,0.0,1.31,315.9,,44417,0,317.0,321.0,310.0
2022-10-12,0.0,0.32,317.0,,24496,0,316.0,319.8,310.0
2022-10-11,0.0,0.0,316.0,,4458,0,316.0,316.0,310.0
2022-10-10,0.0,-1.4,316.0,,13000,0,324.9,324.9,315.0
2022-10-09,0.0,1.42,320.5,,15873,0,316.0,321.0,315.0
2022-09-29,0.0,1.77,316.0,,9610,0,310.6,316.0,305.0
2022-09-28,0.0,1.44,310.5,,8119,0,305.0,311.0,305.0
2022-09-27,0.0,0.69,306.1,,10558,0,305.0,310.0,304.0
2022-09-25,0.0,-0.33,304.0,,13739,0,310.0,310.0,300.0
2022-09-22,0.0,-0.65,305.0,,13150,0,310.0,312.9,303.5
2022-09-21,0.0,0.62,307.0,,8026,0,301.0,311.9,301.0
2022-09-20,0.0,-2.83,305.1,,17004,0,311.0,312.0,303.0
2022-09-18,0.0,-0.32,314.0,,11440,0,321.3,321.3,310.0
2022-09-16,0.0,-0.32,315.0,,11315,0,313.0,315.0,309.0
2022-09-15,0.0,-1.56,316.0,,16374,0,325.0,325.0,315.0
2022-09-14,0.0,1.52,321.0,,23829,0,320.0,322.5,316.0
2022-09-13,0.0,0.7,316.2,,12273,0,315.0,318.0,310.0
2022-09-12,0.0,0.0,314.0,,13529,0,320.2,326.6,312.0
2022-09-11,0.0,-1.57,314.0,,24584,0,320.0,321.0,313.7
2022-09-08,0.0,-0.25,319.0,,11069,0,318.0,321.0,318.0
2022-09-07,0.0,-0.37,319.8,,12342,0,320.0,320.0,317.8
2022-09-06,0.0,-0.12,321.0,,13240,0,320.5,324.0,320.5
2022-09-05,0.0,0.12,321.4,,11229,0,321.0,324.0,320.0
2022-09-04,0.0,0.31,321.0,,7380,0,319.0,325.0,319.0
2022-09-02,0.0,-0.31,320.0,,3734,0,327.4,327.4,318.0
2022-09-01,0.0,0.09,321.0,,12572,0,320.0,323.0,318.0
2022-08-31,0.0,-0.43,320.7,,13331,0,320.0,324.9,320.0
2022-08-30,0.0,0.06,322.1,,11139,0,328.3,328.3,321.0
2022-08-29,0.0,-0.19,321.9,,13656,0,325.0,325.0,318.1
2022-08-28,0.0,-0.95,322.5,,17936,0,325.0,325.0,321.0
2022-08-26,0.0,-1.33,325.6,,7870,0,329.9,331.5,325.0
2022-08-25,0.0,-0.15,330.0,,16629,0,337.1,337.1,329.0
2022-08-24,0.0,0.61,330.5,,19675,0,332.8,335.0,329.1
2022-08-23,0.0,0.15,328.5,,10216,0,327.0,330.0,326.0
2022-08-22,0.0,-0.61,328.0,,14918,0,323.4,330.0,323.4
2022-08-21,0.0,2.17,330.0,,27475,0,323.0,330.0,323.0
2022-08-18,0.0,0.94,323.0,,17718,0,322.0,325.0,321.0
2022-08-17,0.0,-0.9,320.0,,11949,0,321.0,323.0,319.0
2022-08-16,0.0,-0.65,322.9,,17914,0,324.9,328.0,321.0
2022-08-15,0.0,2.49,325.0,,14532,0,322.0,325.0,318.0
2022-08-14,0.0,-0.88,317.1,,12706,0,318.0,323.9,317.1
2022-08-11,0.0,0.28,319.9,,14796,0,321.9,322.9,318.0
2022-08-10,0.0,-0.31,319.0,,13511,0,325.0,325.9,316.1
2022-08-09,0.0,-1.23,320.0,,16292,0,330.3,330.3,319.1
2022-08-08,0.0,0.0,324.0,,17323,0,323.0,328.9,322.0
2022-08-07,0.0,-0.61,324.0,,25006,0,327.0,328.0,320.0
2022-08-05,0.0,-0.37,326.0,,15314,0,327.0,333.0,320.8
2022-08-04,0.0,-1.42,327.2,,53722,0,330.0,336.0,326.9
2022-08-03,0.0,-0.93,331.9,,24591,0,337.0,339.0,331.0
2022-08-02,0.0,-0.59,335.0,,16845,0,337.9,338.0,332.0
2022-08-01,0.0,0.63,337.0,,29020,0,339.0,343.7,333.1
2022-07-31,0.0,1.79,334.9,,52879,0,335.5,335.5,329.0
2022-07-29,0.0,-0.06,329.0,,10688,0,333.5,333.9,326.0
2022-07-28,0.0,0.06,329.2,,25355,0,330.0,330.5,327.0
2022-07-27,0.0,0.34,329.0,,15694,0,328.0,329.0,325.0
2022-07-26,0.0,-1.21,327.9,,28310,0,330.0,334.0,327.0
2022-07-25,0.0,2.12,331.9,,22249,0,325.0,335.0,325.0
2022-07-24,0.0,1.56,325.0,,34052,0,326.0,330.0,318.0
2022-07-22,0.0,-1.84,320.0,,73821,0,332.1,332.1,320.0
2022-07-21,0.0,-1.21,326.0,,33924,0,336.6,336.6,325.0
2022-07-20,0.0,-0.66,330.0,,9519,0,331.0,332.0,329.0
2022-07-19,0.0,-0.24,332.2,,48655,0,336.0,338.0,331.7
2022-07-18,0.0,0.0,333.0,,30494,0,331.1,333.0,327.0
2022-07-17,0.0,0.6,333.0,,13768,0,331.0,333.0,328.2
2022-07-15,0.0,1.88,331.0,,23305,0,325.0,333.0,323.0
2022-07-14,0.0,3.93,324.9,,129060,0,318.0,324.9,314.0
2022-07-13,0.0,0.84,312.6,,28378,0,316.0,316.0,309.0
2022-07-12,0.0,-0.77,310.0,,46072,0,312.4,318.6,305.8
2022-07-11,0.0,-3.28,312.4,,31001,0,318.0,320.0,310.0
2022-07-08,0.0,-2.12,323.0,,6386,0,330.0,330.0,320.0
2022-07-07,0.0,0.61,330.0,,22802,0,330.0,334.0,325.0
2022-07-06,0.0,-0.58,328.0,,19649,0,334.9,334.9,318.0
2022-07-05,0.0,0.27,329.9,,35848,0,330.0,335.0,325.0
2022-07-04,0.0,0.61,329.0,,47200,0,330.0,338.0,329.0
2022-07-03,0.0,0.31,327.0,,21180,0,326.0,330.0,324.4
2022-07-01,0.0,-1.36,326.0,,14504,0,336.9,336.9,325.4
2022-06-30,0.0,1.23,330.5,,33598,0,330.0,332.0,325.0
2022-06-29,0.0,-1.06,326.5,,20955,0,330.0,330.0,314.0
2022-06-28,0.0,5.1,330.0,,21480,0,309.79,333.1,308.0
2022-06-27,0.0,-0.35,314.0,,22811,0,315.9,321.0,313.0
2022-06-26,0.0,1.97,315.1,,39098,0,314.0,317.0,307.8
2022-06-24,0.0,1.31,309.0,,12201,0,305.0,310.0,298.0
2022-06-23,0.0,-1.61,305.0,,43832,0,309.0,310.0,300.2
2022-06-22,0.0,-0.32,310.0,,37679,0,315.0,315.0,304.0
2022-06-21,0.0,0.13,311.0,,26282,0,309.0,316.0,308.0
2022-06-20,0.0,-2.33,310.6,,25115,0,314.0,318.0,306.1
2022-06-19,0.0,-0.59,318.0,,13101,0,325.0,325.0,315.1
2022-06-17,0.0,-0.34,319.9,,7331,0,327.0,327.0,319.5
2022-06-16,0.0,-1.83,321.0,,28991,0,325.0,330.0,319.2
2022-06-15,0.0,-0.46,327.0,,11386,0,329.0,329.0,323.0
2022-06-14,0.0,-1.05,328.5,,11543,0,330.0,335.0,328.4
2022-06-13,0.0,-1.07,332.0,,9837,0,335.6,340.0,332.0
2022-06-10,0.0,0.18,335.6,,8784,0,339.9,339.9,326.0
2022-06-09,0.0,0.3,335.0,,15288,0,335.0,340.6,333.2
2022-06-08,0.0,1.55,334.0,,27291,0,331.0,337.0,329.2
2022-06-07,0.0,-4.11,328.9,,49886,0,340.0,345.0,322.6
2022-06-06,0.0,-0.15,343.0,,20851,0,345.0,345.5,338.0
2022-06-03,0.0,-1.86,343.5,,18065,0,343.1,352.0,343.1
2022-06-02,0.0,-0.57,350.0,,16073,0,352.0,353.0,348.1
2022-06-01,0.0,0.0,352.0,,10455,0,354.0,356.0,350.0
2022-05-31,0.0,-1.4,352.0,,14454,0,355.0,355.0,348.1
2022-05-30,0.0,-2.16,357.0,,12409,0,367.0,367.0,356.2
2022-05-27,0.0,-0.57,364.9,,10347,0,367.0,367.0,363.0
2022-05-26,0.0,1.1,367.0,,12109,0,363.0,367.0,361.0
2022-05-25,0.0,0.28,363.0,,17122,0,362.0,365.0,360.0
2022-05-24,0.0,0.56,362.0,,10269,0,354.0,366.0,353.0
2022-05-23,0.0,-1.1,360.0,,15982,0,371.0,371.0,358.6
2022-05-20,0.0,-0.49,364.0,,5095,0,366.0,366.0,360.0
2022-05-19,0.0,-0.05,365.8,,7073,0,366.0,373.0,364.6
2022-05-18,0.0,0.0,366.0,,8992,0,369.0,369.0,362.0
2022-05-17,0.0,-3.66,366.0,,10299,0,383.0,383.0,365.0
2022-05-12,0.0,-1.07,379.9,,13959,0,384.0,389.0,379.0
2022-05-11,0.0,1.67,384.0,,17055,0,378.0,384.0,371.0
2022-05-10,0.0,3.48,377.7,,13260,0,372.0,377.7,365.0
2022-05-09,0.0,2.96,365.0,,16600,0,360.0,367.0,355.0
2022-05-08,0.0,-0.51,354.5,,20085,0,356.3,356.3,352.0
2022-05-05,0.0,-1.3,356.3,,14718,0,361.0,365.0,356.0
2022-05-04,0.0,-0.82,361.0,,12602,0,364.0,366.0,360.0
2022-05-02,0.0,-1.36,364.0,,15384,0,367.0,367.0,363.6
2022-04-28,0.0,-0.54,369.0,,26491,0,378.0,378.0,367.1
2022-04-27,0.0,-0.54,371.0,,12344,0,370.0,371.0,368.0
2022-04-26,0.0,-1.32,373.0,,11521,0,374.0,377.0,371.5
2022-04-25,0.0,0.37,378.0,,15248,0,380.0,384.0,375.0
2022-04-24,0.0,1.78,376.6,,22222,0,371.0,377.0,367.0
2022-04-21,0.0,0.0,370.0,,14989,0,370.0,370.0,363.0
2022-04-20,0.0,-0.27,370.0,,16063,0,373.0,378.0,367.0
2022-04-19,0.0,0.3,371.0,,19684,0,369.0,372.0,358.7
2022-04-18,0.0,-0.3,369.9,,15159,0,370.0,374.0,367.0
2022-04-17,0.0,1.09,371.0,,20608,0,370.0,376.0,368.0
2022-04-13,0.0,0.88,367.0,,29290,0,364.0,369.0,364.0
2022-04-12,0.0,-0.87,363.8,,12556,0,363.6,373.3,363.6
2022-04-11,0.0,-1.61,367.0,,27160,0,373.0,382.0,366.1
2022-04-07,0.0,1.66,373.0,,22876,0,364.7,375.0,364.7
2022-04-06,0.0,-2.63,366.9,,40684,0,374.0,378.0,365.0
2022-04-05,0.0,-0.58,376.8,,28851,0,385.0,385.0,371.5
2022-04-04,0.0,-0.39,379.0,,44329,0,375.0,382.0,375.0
2022-04-03,0.0,-0.94,380.5,,21505,0,384.1,385.0,378.6
2022-03-31,0.0,-0.23,384.1,,16460,0,387.0,388.0,383.0
2022-03-30,0.0,0.29,385.0,,19953,0,383.0,388.0,381.0
2022-03-29,0.0,-0.54,383.9,,18020,0,381.0,389.6,379.0
2022-03-28,0.0,-0.54,386.0,,22843,0,385.6,390.0,384.0
2022-03-27,0.0,-1.25,388.1,,20877,0,393.0,394.0,388.0
2022-03-24,0.0,-0.51,393.0,,24489,0,394.5,395.0,392.0
2022-03-23,0.0,-0.75,395.0,,14248,0,405.9,405.9,392.0
2022-03-22,0.0,0.61,398.0,,20056,0,395.6,399.4,395.0
2022-03-21,0.0,-0.25,395.6,,18867,0,402.0,402.0,391.0
2022-03-20,0.0,0.1,396.6,,22115,0,400.0,402.0,392.0
2022-03-16,0.0,-0.7,396.2,,20680,0,399.0,400.0,396.0
2022-03-15,0.0,-0.75,399.0,,36194,0,405.0,405.0,395.0
2022-03-14,0.0,-0.25,402.0,,43377,0,409.0,411.0,395.0
2022-03-13,0.0,4.27,403.0,,56207,0,390.0,403.0,386.5
2022-03-10,0.0,0.68,386.5,,28256,0,383.0,386.9,380.0
2022-03-09,0.0,-0.29,383.9,,20104,0,389.0,390.0,381.1
2022-03-07,0.0,1.08,385.0,,21937,0,382.0,387.0,382.0
2022-03-06,0.0,0.24,380.9,,31906,0,378.5,384.5,378.5
2022-03-02,0.0,-2.56,380.0,,63480,0,388.0,390.0,378.0
2022-02-28,0.0,-1.27,390.0,,66116,0,395.0,401.9,388.0
2022-02-27,0.0,-0.5,395.0,,29411,0,397.0,397.3,391.1
2022-02-24,0.0,-0.75,397.0,,33591,0,401.0,401.0,392.0
2022-02-23,0.0,-1.19,400.0,,35048,0,405.9,406.0,399.9
2022-02-22,0.0,0.7,404.8,,15662,0,402.0,408.0,402.0
2022-02-21,0.0,0.75,402.0,,27798,0,400.0,405.0,398.0
2022-02-20,0.0,-1.48,399.0,,35466,0,400.0,402.0,395.0
2022-02-17,0.0,-0.47,405.0,,18795,0,415.0,415.0,403.5
2022-02-16,0.0,-0.02,406.9,,17607,0,415.0,415.0,406.0
2022-02-15,0.0,0.74,407.0,,36803,0,405.0,410.0,403.2
2022-02-14,0.0,-0.37,404.0,,24705,0,405.0,410.0,403.0
2022-02-13,0.0,-2.17,405.5,,42697,0,406.3,414.0,405.0
2022-02-10,0.0,-0.24,414.5,,20035,0,422.0,422.0,413.0
2022-02-09,0.0,-0.36,415.5,,16231,0,417.0,418.0,413.0
2022-02-08,0.0,0.0,417.0,,33948,0,423.0,425.0,416.0
2022-02-07,0.0,-0.24,417.0,,26388,0,416.5,423.0,416.1
2022-02-06,0.0,-0.62,418.0,,33404,0,418.0,422.0,417.0
2022-02-03,0.0,-0.57,420.6,,47402,0,425.0,425.0,420.0
2022-02-01,0.0,0.24,423.0,,33761,0,420.0,424.0,418.0
2022-01-31,0.0,-0.64,422.0,,20348,0,426.0,426.0,421.2
2022-01-30,0.0,1.85,424.7,,39524,0,425.0,432.0,420.1
2022-01-27,0.0,0.14,417.0,,21775,0,415.0,423.0,415.0
2022-01-26,0.0,-0.83,416.4,,27790,0,420.0,420.0,415.0
2022-01-25,0.0,-0.5,419.9,,51430,0,420.0,425.0,415.0
2022-01-24,0.0,-1.91,422.0,,67946,0,434.0,434.0,418.0
2022-01-23,0.0,-0.65,430.2,,42972,0,440.0,441.0,428.0
2022-01-20,0.0,0.0,433.0,,41039,0,430.0,435.0,427.5
2022-01-19,0.0,-1.59,433.0,,60921,0,440.0,442.0,426.3
2022-01-18,0.0,-0.23,440.0,,95284,0,441.0,448.0,436.9
2022-01-17,0.0,1.38,441.0,,50102,0,441.0,442.0,435.0
2022-01-16,0.0,1.9,435.0,,63396,0,426.9,437.0,430.1
2022-01-13,0.0,0.68,426.9,,37250,0,421.5,426.9,421.5
2022-01-12,0.0,-1.14,424.0,,39598,0,435.0,435.0,422.0
2022-01-11,0.0,-0.02,428.9,,41350,0,429.5,432.9,426.1
2022-01-10,0.0,-0.46,429.0,,70123,0,435.0,437.5,427.0
2022-01-09,0.0,2.38,431.0,,79470,0,424.0,434.0,420.0
2022-01-06,0.0,0.48,421.0,,37485,0,420.0,422.0,415.5
2022-01-05,0.0,-0.71,419.0,,45591,0,426.0,430.0,418.0
2022-01-04,0.0,1.69,422.0,,52990,0,422.0,424.0,410.0
2022-01-03,0.0,0.97,415.0,,35929,0,416.0,418.0,412.0
2022-01-02,0.0,0.24,411.0,,78818,0,410.0,412.0,400.1
2021-12-29,0.0,-0.4,492.0,,200533,0,499.0,499.0,488.0
2021-12-28,0.0,0.2,494.0,,91046,0,493.0,498.0,488.0
2021-12-27,0.0,-1.4,493.0,,88858,0,510.0,510.0,491.0
2021-12-26,0.0,0.81,500.0,,130801,0,499.1,502.0,495.0
2021-12-23,0.0,2.06,496.0,,77234,0,494.9,497.0,481.0
2021-12-22,0.0,3.85,486.0,,91095,0,475.0,488.0,468.0
2021-12-21,0.0,1.08,468.0,,89845,0,472.1,472.2,458.7
2021-12-20,0.0,4.99,463.0,,203606,0,449.8,471.9,449.8
2021-12-16,0.0,1.38,441.0,,42355,0,435.0,441.0,430.1
2021-12-15,0.0,-0.46,435.0,,34320,0,445.0,453.0,430.0
2021-12-14,0.0,3.8,437.0,,12873,0,429.0,440.0,420.5
2021-12-13,0.0,0.0,421.0,,50626,0,421.0,421.7,406.1
2021-12-12,0.0,-4.1,421.0,,32738,0,437.0,441.0,421.0
2021-12-09,0.0,-0.45,439.0,,40348,0,440.0,440.0,430.0
2021-12-08,0.0,-1.56,441.0,,27135,0,445.0,445.0,437.0
2021-12-07,0.0,-0.67,448.0,,28400,0,452.1,456.9,448.0
2021-12-06,0.0,1.12,451.0,,68814,0,446.0,459.0,430.0
2021-12-05,0.0,-4.5,446.0,,68193,0,461.0,465.0,444.0
2021-12-02,0.0,-1.27,467.0,,37874,0,475.0,476.9,467.0
2021-12-01,0.0,0.0,473.0,,28814,0,472.0,475.0,470.0
2021-11-30,0.0,-0.94,473.0,,35963,0,474.0,480.0,468.0
2021-11-29,0.0,0.32,477.5,,25152,0,471.0,483.0,469.0
2021-11-28,0.0,-3.84,476.0,,64115,0,491.0,495.0,470.0
2021-11-25,0.0,-0.18,495.0,,40312,0,496.0,499.5,491.0
2021-11-24,0.0,-0.24,495.9,,36718,0,497.0,498.9,495.1
2021-11-23,0.0,-1.41,497.1,,36868,0,500.0,505.0,495.0
2021-11-22,0.0,0.04,504.2,,20171,0,504.0,509.0,503.0
2021-11-21,0.0,-0.83,504.0,,39307,0,508.0,510.0,502.5
2021-11-18,0.0,-0.92,508.2,,19692,0,503.1,511.0,503.1
2021-11-17,0.0,0.96,512.9,,47611,0,518.0,518.0,508.2
2021-11-16,0.0,0.3,508.0,,48725,0,507.0,513.0,500.0
2021-11-15,0.0,-0.47,506.5,,27116,0,510.0,514.9,506.0
2021-11-14,0.0,0.37,508.9,,36575,0,503.0,510.0,497.0
2021-11-11,0.0,-1.55,507.0,,68078,0,512.0,520.0,500.0
2021-11-09,0.0,-2.46,515.0,,53120,0,528.1,530.0,512.0
2021-11-08,0.0,-2.74,528.0,,27478,0,543.0,544.0,528.0
2021-11-03,0.0,2.72,542.9,,103451,0,539.0,549.0,533.0
2021-11-02,0.0,1.44,528.5,,30675,0,521.0,529.9,515.0
2021-11-01,0.0,-2.07,521.0,,66975,0,521.4,535.0,520.0
2021-10-31,0.0,-1.12,532.0,,75090,0,530.0,544.0,524.0
2021-10-28,0.0,-2.36,538.0,,91581,0,555.0,560.0,538.0
2021-10-27,0.0,4.95,551.0,,193472,0,527.0,558.5,516.0
2021-10-26,0.0,2.54,525.0,,60461,0,520.0,525.0,513.0
2021-10-25,0.0,1.79,512.0,,47523,0,504.0,513.0,499.0
2021-10-24,0.0,0.56,503.0,,39448,0,501.0,505.0,492.0
2021-10-21,0.0,-0.71,500.2,,30079,0,494.0,505.0,494.0
2021-10-20,0.0,2.19,503.8,,28247,0,502.8,517.1,492.0
2021-10-19,0.0,-0.6,493.0,,42712,0,502.0,502.0,482.0
2021-10-18,0.0,-2.34,496.0,,38949,0,508.0,508.0,494.2
2021-10-17,0.0,-0.22,507.9,,13824,0,509.0,514.9,505.0
2021-10-11,0.0,-0.1,509.0,,26076,0,509.0,510.9,500.0
2021-10-10,0.0,0.69,509.5,,51759,0,506.0,524.0,505.0
2021-10-06,0.0,0.4,506.0,,39844,0,514.0,514.9,500.0
2021-10-05,0.0,1.41,504.0,,55864,0,495.0,507.0,492.0
2021-10-04,0.0,-0.2,497.0,,54880,0,498.0,502.0,491.0
2021-10-03,0.0,-1.97,498.0,,62039,0,508.0,508.0,498.0
2021-09-30,0.0,-0.78,508.0,,48902,0,515.0,517.0,505.0
2021-09-29,0.0,0.59,512.0,,78586,0,510.0,512.0,494.9
2021-09-28,0.0,-2.68,509.0,,65077,0,525.0,525.0,506.0
2021-09-27,0.0,-3.15,523.0,,71015,0,539.0,539.0,515.0
2021-09-26,0.0,-0.92,540.0,,80063,0,555.7,560.0,536.0
2021-09-23,0.0,3.02,545.0,,113896,0,539.5,559.0,532.0
2021-09-22,0.0,4.34,529.0,,61892,0,517.0,535.0,510.0
2021-09-21,0.0,-0.18,507.0,,80684,0,500.0,518.0,492.0
2021-09-20,0.0,-2.36,507.9,,112904,0,525.0,526.0,503.0
2021-09-16,0.0,-2.95,520.2,,84511,0,535.0,535.0,515.0
2021-09-15,0.0,-2.01,536.0,,51866,0,547.0,547.0,535.0
2021-09-14,0.0,0.18,547.0,,50050,0,550.0,552.0,540.0
2021-09-13,0.0,1.3,546.0,,61708,0,548.0,553.0,540.0
2021-09-12,0.0,0.69,539.0,,49372,0,535.0,544.0,535.0
2021-09-09,0.0,0.06,535.3,,37249,0,538.0,543.0,530.0
2021-09-08,0.0,-1.65,535.0,,37797,0,544.4,544.4,530.0
2021-09-07,0.0,-1.98,544.0,,39266,0,555.0,555.0,544.0
2021-09-06,0.0,4.91,555.0,,80904,0,529.0,555.0,519.1
2021-09-05,0.0,-3.29,529.0,,118899,0,539.0,542.0,517.1
2021-09-02,0.0,-0.27,547.0,,64932,0,548.0,555.0,540.3
2021-09-01,0.0,0.83,548.5,,93937,0,544.0,554.0,538.0
2021-08-31,0.0,-2.68,544.0,,99639,0,555.0,556.0,540.0
2021-08-29,0.0,-1.93,559.0,,74915,0,570.0,579.0,558.7
2021-08-26,0.0,0.14,570.0,,73544,0,569.0,574.0,565.0
2021-08-25,0.0,-1.86,569.2,,81382,0,576.0,578.2,568.2
2021-08-24,0.0,-1.78,580.0,,84503,0,595.0,595.0,578.0
2021-08-19,0.0,-0.76,590.5,,155462,0,596.0,600.0,590.0
2021-08-18,0.0,1.9,595.0,,203897,0,582.0,600.0,575.0
2021-08-17,0.0,-1.03,583.9,,119069,0,585.0,594.0,582.1
2021-08-16,0.0,-0.67,590.0,,178209,0,600.0,600.0,587.2
2021-08-15,0.0,0.15,594.0,,246363,0,604.0,604.9,585.0
2021-08-12,0.0,0.7,593.1,,207792,0,589.0,599.0,588.0
2021-08-11,0.0,-0.67,589.0,,332172,0,604.8,620.0,588.0
2021-08-10,0.0,2.24,593.0,,164275,0,590.0,598.0,575.0
2021-08-09,0.0,-0.17,580.0,,98808,0,586.0,586.0,576.0
2021-08-08,0.0,0.17,581.0,,106350,0,581.0,586.0,580.0
2021-08-05,0.0,-0.43,580.0,,128975,0,583.0,587.0,578.0
2021-08-04,0.0,0.43,582.5,,117917,0,591.6,591.6,577.2
2021-08-03,0.0,1.22,580.0,,98770,0,575.0,583.0,571.1
2021-08-02,0.0,0.88,573.0,,90713,0,565.0,574.9,565.0
2021-08-01,0.0,-0.53,568.0,,134087,0,575.0,576.0,565.0
2021-07-29,0.0,0.18,571.0,,107729,0,575.0,575.0,560.0
2021-07-28,0.0,-0.87,570.0,,130006,0,575.0,582.0,568.0
2021-07-27,0.0,-0.69,575.0,,308307,0,570.0,585.0,557.0
2021-07-26,0.0,-3.02,579.0,,564272,0,593.0,597.0,575.0
2021-07-25,0.0,1.53,597.0,,400066,0,599.7,605.8,582.0
2021-07-22,0.0,7.89,588.0,,800592,0,555.0,599.5,550.1
2021-07-20,0.0,6.45,545.0,,428610,0,512.0,545.7,506.0
2021-07-19,0.0,0.79,512.0,,298032,0,515.0,525.3,509.0
2021-07-18,0.0,6.05,508.0,,199269,0,479.0,510.0,479.0
2021-07-15,0.0,0.0,479.0,,59702,0,480.0,482.0,476.0
2021-07-14,0.0,-0.42,479.0,,40531,0,488.0,488.0,477.0
2021-07-13,0.0,0.21,481.0,,64679,0,473.0,483.0,473.0
2021-07-12,0.0,-1.64,480.0,,69957,0,490.0,494.0,478.0
2021-07-11,0.0,2.31,488.0,,63968,0,478.0,488.0,477.0
2021-07-08,0.0,1.27,477.0,,51483,0,472.0,480.0,470.0
2021-07-07,0.0,-0.42,471.0,,77933,0,482.0,482.0,471.0
2021-07-06,0.0,-0.63,473.0,,44597,0,475.0,477.0,470.0
2021-07-05,0.0,-0.21,476.0,,37585,0,477.0,484.0,471.0
2021-07-04,0.0,-1.45,477.0,,54096,0,484.0,487.0,475.0
2021-07-01,0.0,0.41,484.0,,97084,0,458.0,491.0,458.0
2021-06-30,0.0,-0.62,482.0,,49724,0,476.0,484.0,472.0
2021-06-29,0.0,-2.41,485.0,,73114,0,500.0,503.0,482.0
2021-06-28,0.0,0.81,497.0,,183885,0,517.0,517.0,491.0
2021-06-27,0.0,2.28,493.0,,165483,0,476.0,500.0,476.0
2021-06-24,0.0,2.34,482.0,,168916,0,491.0,491.0,465.0
2021-06-23,0.0,-2.28,471.0,,72529,0,482.0,482.0,470.0
2021-06-22,0.0,2.55,482.0,,112308,0,450.0,483.0,450.0
2021-06-21,0.0,-1.26,470.0,,158267,0,495.0,495.0,466.0
2021-06-20,0.0,-2.86,476.0,,185371,0,466.0,500.0,466.0
2021-06-17,0.0,-0.41,490.0,,132336,0,498.0,501.0,489.0
2021-06-16,0.0,1.03,492.0,,249556,0,487.0,510.0,482.0
2021-06-15,0.0,1.88,487.0,,346796,0,480.0,497.0,480.0
2021-06-14,0.0,3.69,478.0,,238183,0,461.0,485.0,460.0
2021-06-13,0.0,0.88,461.0,,135433,0,457.0,463.0,447.0
2021-06-10,0.0,-1.08,457.0,,69384,0,460.0,465.0,456.0
2021-06-09,0.0,0.0,462.0,,94004,0,463.0,469.0,459.0
2021-06-08,0.0,1.09,463.0,,181070,0,460.0,468.0,458.0
2021-06-07,0.0,-1.5,459.0,,178135,0,444.0,480.0,444.0
2021-06-06,0.0,3.56,466.0,,309217,0,455.0,481.0,455.0
2021-06-03,0.0,2.27,450.0,,169456,0,445.0,455.0,440.0
2021-06-02,0.0,0.69,440.0,,67701,0,437.0,443.0,435.0
2021-06-01,0.0,-1.13,437.0,,72507,0,440.0,442.0,434.0
2021-05-31,0.0,-1.34,442.0,,63529,0,452.0,455.0,441.0
2021-05-30,0.0,0.9,448.0,,156823,0,444.0,454.0,440.0
2021-05-27,0.0,-0.45,444.0,,86267,0,440.0,446.0,435.0
2021-05-25,0.0,-1.33,446.0,,45800,0,453.0,453.0,443.0
2021-05-24,0.0,1.57,452.0,,201509,0,446.0,455.0,446.0
2021-05-23,0.0,1.83,445.0,,95466,0,435.0,445.0,428.0
2021-05-20,0.0,0.46,437.0,,60345,0,455.0,455.0,428.0
2021-05-19,0.0,0.46,435.0,,87374,0,434.0,441.0,432.0
2021-05-18,0.0,1.17,433.0,,73076,0,431.0,433.0,428.0
2021-05-17,0.0,0.71,428.0,,50942,0,435.0,435.0,427.0
2021-05-16,0.0,1.43,425.0,,64623,0,422.0,425.0,421.0
2021-05-13,0.0,0.0,419.0,,43764,0,420.0,421.0,418.0
2021-05-12,0.0,-0.48,419.0,,34976,0,421.0,422.0,418.0
2021-05-11,0.0,0.24,421.0,,47979,0,430.0,430.0,418.0
2021-05-10,0.0,0.24,420.0,,34550,0,422.0,422.0,416.0
2021-05-09,0.0,0.48,419.0,,44803,0,417.0,421.0,412.0
2021-05-06,0.0,0.0,417.0,,43509,0,425.0,425.0,415.0
2021-05-05,0.0,0.0,417.0,,48809,0,398.0,423.0,398.0
2021-05-04,0.0,-0.24,417.0,,46355,0,423.0,423.0,415.0
2021-05-03,0.0,-1.42,418.0,,63178,0,428.0,430.0,417.0
2021-05-02,0.0,1.19,424.0,,58954,0,422.0,427.0,420.0
2021-04-29,0.0,0.96,419.0,,48621,0,415.0,421.0,414.0
2021-04-28,0.0,-0.24,415.0,,41259,0,420.0,421.0,411.0
2021-04-27,0.0,0.97,416.0,,91231,0,415.0,418.0,407.0
2021-04-26,0.0,-1.67,412.0,,82121,0,418.0,424.0,402.0
2021-04-25,0.0,-2.1,419.0,,53306,0,431.0,431.0,418.0
2021-04-22,0.0,-0.23,428.0,,57567,0,435.0,435.0,424.0
2021-04-21,0.0,-0.23,429.0,,67723,0,427.0,435.0,425.0
2021-04-20,0.0,-0.69,430.0,,69148,0,430.0,436.0,429.0
2021-04-19,0.0,-1.81,433.0,,75119,0,436.0,440.0,432.0
2021-04-18,0.0,-1.56,441.0,,75807,0,455.0,456.0,439.0
2021-04-15,0.0,0.67,448.0,,80699,0,450.0,452.0,445.0
2021-04-13,0.0,1.83,445.0,,102443,0,450.0,450.0,437.0
2021-04-12,0.0,0.0,437.0,,64341,0,436.0,438.0,431.0
2021-04-08,0.0,0.0,437.0,,42866,0,439.0,439.0,434.0
2021-04-07,0.0,0.0,437.0,,30237,0,438.0,439.0,432.0
2021-04-06,0.0,0.0,437.0,,48766,0,432.0,439.0,432.0
2021-04-05,0.0,-0.91,437.0,,38063,0,445.0,445.0,435.0
2021-04-04,0.0,0.46,441.0,,71522,0,440.0,445.0,434.0
2021-04-01,0.0,-1.35,439.0,,69742,0,455.0,455.0,434.0
2021-03-31,0.0,3.97,445.0,,108531,0,433.0,452.0,426.0
2021-03-30,0.0,-0.23,428.0,,28165,0,432.0,432.0,426.0
2021-03-29,0.0,-0.46,429.0,,27514,0,434.0,434.0,425.0
2021-03-25,0.0,0.47,431.0,,55859,0,434.0,434.0,426.0
2021-03-24,0.0,0.47,429.0,,45332,0,430.0,437.0,426.0
2021-03-23,0.0,-0.47,427.0,,23070,0,430.0,434.0,423.0
2021-03-22,0.0,-1.83,429.0,,32906,0,438.0,438.0,429.0
2021-03-21,0.0,1.63,437.0,,38957,0,430.0,440.0,430.0
2021-03-18,0.0,1.65,430.0,,37568,0,444.0,444.0,423.0
2021-03-17,0.0,1.44,423.0,,18916,0,423.0,424.0,415.0
2021-03-16,0.0,0.0,417.0,,38698,0,415.0,421.0,414.0
2021-03-15,0.0,-0.24,417.0,,29309,0,426.0,426.0,415.0
2021-03-14,0.0,-1.88,418.0,,47505,0,420.0,428.0,417.0
2021-03-10,0.0,0.0,426.0,,41639,0,421.0,434.0,421.0
2021-03-09,0.0,-0.93,426.0,,36121,0,430.0,431.0,424.0
2021-03-08,0.0,-0.92,430.0,,72363,0,434.0,441.0,429.0
2021-03-04,0.0,1.4,434.0,,58945,0,431.0,436.0,430.0
2021-03-03,0.0,-1.61,428.0,,74820,0,435.0,435.0,421.0
2021-03-02,0.0,-2.25,435.0,,70484,0,449.0,449.0,430.0
2021-03-01,0.0,0.0,445.0,,86938,0,441.0,449.0,435.0
2021-02-28,0.0,-3.08,441.0,,87385,0,450.0,450.0,438.0
2021-02-25,0.0,0.0,455.0,,60468,0,466.0,466.0,450.0
2021-02-24,0.0,0.88,459.0,,76992,0,477.0,477.0,453.0
2021-02-23,0.0,-1.94,455.0,,61301,0,460.0,460.0,446.0
2021-02-22,0.0,-1.9,464.0,,99940,0,474.0,474.0,460.0
2021-02-21,0.0,0.0,473.0,,115833,0,471.0,484.0,467.0
2021-02-18,0.0,0.01,472.0,,117240,0,470.0,479.0,465.0
2021-02-17,0.0,0.01,467.0,,119712,0,463.0,469.0,456.0
2021-02-16,0.0,0.01,462.0,,103729,0,460.0,468.0,452.0
2021-02-15,0.0,0.02,456.0,,64582,0,470.0,470.0,449.0
2021-02-14,0.0,-0.01,448.0,,52654,0,450.0,455.0,446.0
2021-02-11,0.0,-0.01,451.0,,58376,0,453.0,464.0,451.0
2021-02-10,0.0,0.01,457.0,,34799,0,460.0,461.0,449.0
2021-02-09,0.0,-0.01,457.0,,52134,0,480.0,480.0,451.0
2021-02-08,0.0,0.03,464.0,,107995,0,454.0,480.0,446.0
2021-02-07,0.0,0.0,450.0,,68729,0,451.0,452.0,447.0
2021-02-04,0.0,0.0,451.0,,77015,0,459.0,459.0,442.0
2021-02-03,0.0,0.0,451.0,,86928,0,450.0,464.0,447.0
2021-02-02,0.0,0.0,447.0,,63651,0,449.0,453.0,445.0
2021-02-01,0.0,0.0,446.0,,39012,0,445.0,459.0,440.0
2021-01-31,0.0,-0.03,445.0,,106833,0,458.0,458.0,441.0
2021-01-28,0.0,-0.02,459.0,,112245,0,470.0,470.0,453.0
2021-01-27,0.0,-0.03,470.0,,87784,0,485.0,485.0,468.0
2021-01-26,0.0,0.05,484.0,,216204,0,465.0,490.0,460.0
2021-01-25,0.0,0.03,460.0,,125936,0,446.0,464.0,444.0
2021-01-24,0.0,0.0,446.0,,58964,0,445.0,456.0,445.0
2021-01-21,0.0,0.0,444.0,,48043,0,466.0,466.0,441.0
2021-01-20,0.0,-0.01,444.0,,43511,0,450.0,450.0,443.0
2021-01-19,0.0,0.0,449.0,,64531,0,450.0,450.0,443.0
2021-01-18,0.0,-0.01,448.0,,61879,0,454.0,456.0,448.0
2021-01-17,0.0,0.01,453.0,,52720,0,459.0,459.0,452.0
2021-01-13,0.0,-0.01,450.0,,52729,0,452.0,460.0,450.0
2021-01-12,0.0,0.01,454.0,,28076,0,473.0,473.0,451.0
2021-01-11,0.0,0.0,451.0,,59076,0,453.0,459.0,450.0
2021-01-10,0.0,0.03,450.0,,90717,0,438.0,450.0,438.0
2021-01-07,0.0,0.0,438.0,,39177,0,440.0,443.0,432.0
2021-01-06,0.0,0.01,438.0,,33745,0,431.0,438.0,431.0
2021-01-05,0.0,-0.01,435.0,,22837,0,443.0,443.0,431.0
2021-01-04,0.0,0.0,439.0,,29054,0,442.0,445.0,435.0
2021-01-03,0.0,0.04,440.0,,46462,0,433.0,441.0,433.0
2020-12-31,0.0,0.01,425.0,,48740,0,417.0,432.0,416.0
2020-12-30,0.0,0.0,422.0,,30138,0,435.0,435.0,415.0
2020-12-29,0.0,-0.01,488.0,,96176,0,494.0,494.0,487.0
2020-12-28,0.0,0.0,492.0,,32570,0,490.0,495.0,485.0
2020-12-27,0.0,0.0,493.0,,41700,0,495.0,496.0,488.0
2020-12-24,0.0,-0.01,493.0,,57679,0,500.0,500.0,489.0
2020-12-23,0.0,-0.01,500.0,,73410,0,495.0,516.0,495.0
2020-12-22,0.0,0.04,503.0,,85171,0,490.0,503.0,490.0
2020-12-21,0.0,-0.01,485.0,,103564,0,483.0,498.0,474.0
2020-12-20,0.0,-0.05,492.0,,104545,0,515.0,520.0,483.0
2020-12-17,0.0,-0.02,518.0,,87068,0,530.0,530.0,515.0
2020-12-16,0.0,0.0,527.0,,76542,0,550.0,550.0,524.0
2020-12-15,0.0,-0.01,528.0,,117229,0,540.0,545.0,527.0
2020-12-14,0.0,-0.03,535.0,,323130,0,555.0,561.0,527.0
2020-12-13,0.0,0.03,552.0,,136826,0,540.0,555.0,538.0
2020-12-10,0.0,0.0,535.0,,54470,0,535.0,538.0,526.0
2020-12-09,0.0,-0.02,536.0,,92328,0,545.0,547.0,534.0
2020-12-08,0.0,0.03,547.0,,226073,0,530.0,552.0,530.0
2020-12-07,0.0,0.03,532.0,,131127,0,515.0,533.0,510.0
2020-12-06,0.0,-0.03,517.0,,171129,0,522.0,533.0,516.0
2020-12-03,0.0,-0.01,532.0,,90643,0,534.0,540.0,528.0
2020-12-02,0.0,0.01,535.0,,111044,0,525.0,536.0,520.0
2020-12-01,0.0,-0.02,530.0,,151300,0,541.0,541.0,516.0
2020-11-30,0.0,-0.02,541.0,,169861,0,560.0,576.0,535.0
2020-11-29,0.0,0.06,554.0,,230701,0,526.0,559.0,524.0
2020-11-26,0.0,0.01,525.0,,85540,0,525.0,532.0,520.0
2020-11-25,0.0,0.02,523.0,,79838,0,511.0,525.0,511.0
2020-11-24,0.0,0.0,512.0,,66020,0,512.0,517.0,510.0
2020-11-23,0.0,0.01,512.0,,196565,0,510.0,515.0,506.0
2020-11-22,0.0,0.03,505.0,,152285,0,495.0,512.0,495.0
2020-11-19,0.0,0.0,491.0,,71429,0,511.0,511.0,489.0
2020-11-18,0.0,0.0,487.0,,143816,0,475.0,495.0,470.0
2020-11-12,0.0,0.0,484.0,,79435,0,475.0,484.0,475.0
2020-11-11,0.0,1.91,479.0,,69277,0,472.0,482.0,472.0
2020-11-10,0.0,-0.42,470.0,,80125,0,474.0,475.0,468.0
2020-11-09,0.0,0.21,472.0,,33751,0,470.0,474.0,468.0
2020-11-08,0.0,0.21,471.0,,26833,0,470.0,472.0,468.0
2020-11-05,0.0,1.29,470.0,,102758,0,464.0,476.0,462.0
2020-11-04,0.0,-0.64,464.0,,33667,0,468.0,468.0,462.0
2020-11-03,0.0,-0.43,467.0,,53871,0,480.0,480.0,465.0
2020-11-02,0.0,-1.68,469.0,,52560,0,477.0,479.0,469.0
2020-11-01,0.0,1.06,477.0,,116363,0,472.0,479.0,468.0
2020-10-29,0.0,-0.21,472.0,,114747,0,475.0,483.0,471.0
2020-10-28,0.0,4.19,473.0,,83397,0,457.0,474.0,456.0
2020-10-22,0.0,0.89,454.0,,68836,0,453.0,455.0,450.0
2020-10-21,0.0,1.81,450.0,,48986,0,443.0,450.0,443.0
2020-10-20,0.0,0.45,442.0,,28155,0,443.0,444.0,441.0
2020-10-19,0.0,0.23,440.0,,23746,0,438.0,441.0,436.0
2020-10-18,0.0,-0.68,439.0,,28101,0,438.0,441.0,437.0
2020-10-15,0.0,0.68,442.0,,35904,0,443.0,445.0,437.0
2020-10-14,0.0,0.0,439.0,,19883,0,440.0,440.0,436.0
2020-10-13,0.0,-0.23,439.0,,18523,0,440.0,440.0,438.0
2020-10-12,0.0,0.23,440.0,,35458,0,455.0,455.0,436.0
2020-10-11,0.0,-0.9,439.0,,27787,0,440.0,442.0,438.0
2020-10-08,0.0,-1.12,443.0,,37815,0,450.0,450.0,442.0
2020-10-07,0.0,-0.44,448.0,,55530,0,450.0,451.0,444.0
2020-10-06,0.0,2.51,450.0,,117064,0,440.0,450.0,439.0
2020-10-05,0.0,-0.23,439.0,,40920,0,441.0,443.0,438.0
2020-10-04,0.0,0.23,440.0,,76534,0,440.0,445.0,440.0
2020-10-01,0.0,0.69,439.0,,17254,0,435.0,440.0,435.0
2020-09-30,0.0,-0.46,436.0,,37898,0,445.0,445.0,434.0
2020-09-29,0.0,-0.68,438.0,,45801,0,441.0,441.0,437.0
2020-09-28,0.0,0.23,441.0,,31645,0,440.0,443.0,439.0
2020-09-27,0.0,1.15,440.0,,66164,0,438.0,442.0,433.0
2020-09-24,0.0,-0.23,435.0,,43273,0,438.0,438.0,431.0
2020-09-23,0.0,0.46,436.0,,38716,0,438.0,438.0,430.0
2020-09-22,0.0,-0.46,434.0,,93124,0,440.0,440.0,431.0
2020-09-21,0.0,-0.91,436.0,,54729,0,440.0,441.0,432.0
2020-09-20,0.0,0.69,440.0,,53218,0,443.0,450.0,435.0
2020-09-17,0.0,1.63,437.0,,95389,0,451.0,451.0,428.0
2020-09-16,0.0,-0.69,430.0,,35281,0,435.0,435.0,426.0
2020-09-15,0.0,-0.46,433.0,,31509,0,438.0,440.0,429.0
2020-09-14,0.0,1.4,435.0,,64709,0,429.0,439.0,429.0
2020-09-13,0.0,0.94,429.0,,40426,0,425.0,429.0,425.0
2020-09-10,0.0,0.47,425.0,,30353,0,444.0,444.0,422.0
2020-09-09,0.0,0.24,423.0,,30486,0,443.0,443.0,418.0
2020-09-08,0.0,-0.47,422.0,,18591,0,423.0,424.0,417.0
2020-09-07,0.0,-1.17,424.0,,30894,0,426.0,429.0,422.0
2020-09-06,0.0,-0.69,429.0,,51535,0,431.0,447.0,429.0
2020-09-03,0.0,-0.92,432.0,,54999,0,436.0,438.0,430.0
2020-09-02,0.0,1.63,436.0,,108553,0,436.0,440.0,432.0
2020-08-31,0.0,1.18,429.0,,40437,0,429.0,431.0,423.0
2020-08-30,0.0,-0.24,424.0,,20137,0,425.0,446.0,421.0
2020-08-27,0.0,-0.23,425.0,,30360,0,429.0,430.0,425.0
2020-08-26,0.0,1.19,426.0,,39150,0,425.0,429.0,420.0
2020-08-25,0.0,0.24,421.0,,39774,0,424.0,427.0,419.0
2020-08-24,0.0,1.45,420.0,,30112,0,418.0,420.0,415.0
2020-08-23,0.0,0.49,414.0,,8109,0,419.0,419.0,411.0
2020-08-20,0.0,0.73,412.0,,8351,0,410.0,412.0,406.0
2020-08-19,0.0,-1.92,409.0,,25812,0,410.0,415.0,408.0
2020-08-18,0.0,0.48,417.0,,16446,0,416.0,418.0,411.0
2020-08-17,0.0,1.22,415.0,,20840,0,410.0,415.0,406.0
2020-08-16,0.0,-1.2,410.0,,34679,0,411.0,416.0,405.0
2020-08-13,0.0,-0.95,415.0,,27971,0,425.0,425.0,414.0
2020-08-12,0.0,0.0,419.0,,25454,0,414.0,422.0,414.0
2020-08-11,0.0,-1.41,419.0,,26345,0,427.0,427.0,418.0
2020-08-10,0.0,3.16,425.0,,30437,0,432.0,432.0,413.0
2020-08-09,0.0,1.48,412.0,,33276,0,401.0,412.0,399.0
2020-08-06,0.0,-0.25,406.0,,33954,0,405.0,408.0,401.0
2020-08-05,0.0,-0.97,407.0,,30060,0,419.0,419.0,402.0
2020-08-03,0.0,1.23,411.0,,26260,0,407.0,418.0,405.0
2020-08-02,0.0,-4.92,406.0,,64556,0,419.0,422.0,406.0
2020-07-30,0.0,1.18,427.0,,34944,0,415.0,429.0,415.0
2020-07-29,0.0,-2.31,422.0,,61718,0,430.0,432.0,421.0
2020-07-28,0.0,-0.23,432.0,,30474,0,435.0,435.0,428.0
2020-07-27,0.0,-0.23,433.0,,51602,0,434.0,440.0,430.0
2020-07-26,0.0,1.4,434.0,,60056,0,430.0,436.0,422.0
2020-07-23,0.0,0.47,428.0,,33121,0,426.0,430.0,418.0
2020-07-22,0.0,-1.16,426.0,,55050,0,445.0,445.0,420.0
2020-07-21,0.0,-2.49,431.0,,70227,0,443.0,446.0,427.0
2020-07-20,0.0,2.31,442.0,,152858,0,453.0,475.0,424.0
2020-07-19,0.0,8.0,432.0,,90,0,408.0,432.0,408.0
2020-07-16,0.0,3.9,400.0,,49834,0,389.0,405.0,389.0
2020-07-15,0.0,2.67,385.0,,34899,0,376.0,388.0,376.0
2020-07-14,0.0,0.0,375.0,,9391,0,375.0,378.0,372.0
2020-07-13,0.0,0.0,375.0,,38001,0,375.0,382.0,373.0
2020-07-12,0.0,1.9,375.0,,20839,0,370.0,377.0,368.0
2020-07-09,0.0,0.0,368.0,,10849,0,365.0,371.0,360.0
2020-07-08,0.0,-1.6,368.0,,15958,0,375.0,375.0,362.0
2020-07-07,0.0,2.47,374.0,,16559,0,370.0,379.0,367.0
2020-07-06,0.0,2.53,365.0,,25485,0,349.0,368.0,349.0
2020-07-05,0.0,3.19,356.0,,29844,0,350.0,365.0,345.0
2020-07-02,0.0,-9.21,345.0,,13518,0,382.0,394.0,343.0
2020-07-01,0.0,8.57,380.0,,16073,0,350.0,384.0,350.0
2020-06-30,0.0,6.38,350.0,,4499,0,323.0,352.0,320.0
2020-06-29,0.0,-5.19,329.0,,12955,0,341.0,341.0,313.0
2020-05-13,0.0,-2.8,347.0,,240,0,350.0,350.0,347.0
2020-05-12,0.0,-2.99,357.0,,470,0,361.0,361.0,357.0
2020-03-22,0.0,-2.13,368.0,,5639,0,369.0,376.0,362.0
2020-03-19,0.0,1.62,376.0,,34900,0,367.0,385.0,360.0
2020-03-18,0.0,-2.12,370.0,,50811,0,371.0,385.0,361.0
2020-03-17,0.0,-1.05,378.0,,45920,0,379.0,380.0,370.0
2020-03-16,0.0,0.0,382.0,,34352,0,380.0,391.0,371.0
2020-03-15,0.0,-3.78,382.0,,67992,0,390.0,394.0,378.0
2020-03-12,0.0,-2.22,397.0,,66328,0,406.0,410.0,390.0
2020-03-11,0.0,6.84,406.0,,73399,0,378.0,407.0,378.0
2020-03-10,0.0,-6.17,380.0,,44333,0,397.0,397.0,380.0
2020-03-05,0.0,-2.64,405.0,,51446,0,408.0,416.0,400.0
2020-03-04,0.0,-2.12,416.0,,59890,0,420.0,425.0,410.0
2020-03-03,0.0,1.19,425.0,,83824,0,420.0,445.0,390.0
2020-03-02,0.0,-7.08,420.0,,52575,0,445.0,452.0,420.0
2020-03-01,0.0,-3.21,452.0,,86815,0,467.0,475.0,450.0
2020-02-27,0.0,3.09,467.0,,110009,0,445.0,474.0,440.0
2020-02-26,0.0,4.14,453.0,,88846,0,439.0,453.0,437.0
2020-02-25,0.0,0.69,435.0,,48731,0,436.0,436.0,416.0
2020-02-24,0.0,0.23,432.0,,104982,0,431.0,450.0,425.0
2020-02-23,0.0,8.29,431.0,,130275,0,402.0,436.0,402.0
2020-02-20,0.0,0.25,398.0,,25763,0,397.0,400.0,395.0
2020-02-19,0.0,0.0,397.0,,17687,0,404.0,404.0,394.0
2020-02-18,0.0,0.25,397.0,,41812,0,402.0,408.0,395.0
2020-02-17,0.0,1.54,396.0,,42746,0,392.0,401.0,390.0
2020-02-16,0.0,1.56,390.0,,29836,0,385.0,390.0,383.0
2020-02-13,0.0,-1.03,384.0,,20972,0,386.0,388.0,380.0
2020-02-12,0.0,0.78,388.0,,34048,0,392.0,392.0,383.0
2020-02-11,0.0,1.32,385.0,,13972,0,386.0,390.0,382.0
2020-02-10,0.0,-0.26,380.0,,14196,0,382.0,385.0,377.0
2020-02-09,0.0,-1.04,381.0,,11030,0,382.0,384.0,380.0
2020-02-06,0.0,0.0,385.0,,11711,0,383.0,390.0,382.0
2020-02-05,0.0,-0.26,385.0,,12291,0,390.0,390.0,382.0
2020-02-04,0.0,-0.52,386.0,,32960,0,392.0,396.0,385.0
2020-02-03,0.0,-0.51,388.0,,22861,0,391.0,395.0,388.0
2020-02-02,0.0,1.56,390.0,,25714,0,384.0,392.0,383.0
2020-01-30,0.0,0.0,384.0,,10082,0,385.0,388.0,383.0
2020-01-29,0.0,-0.52,384.0,,8241,0,380.0,387.0,379.0
2020-01-28,0.0,-0.26,386.0,,14063,0,387.0,389.0,380.0
2020-01-27,0.0,4.03,387.0,,23768,0,368.0,387.0,368.0
2020-01-26,0.0,-2.62,372.0,,16983,0,379.0,384.0,372.0
2020-01-23,0.0,-1.04,382.0,,11817,0,390.0,390.0,380.0
2020-01-22,0.0,-0.77,386.0,,13717,0,395.0,395.0,383.0
2020-01-21,0.0,0.0,389.0,,20945,0,396.0,397.0,385.0
2020-01-20,0.0,-1.77,389.0,,50503,0,402.0,407.0,386.0
2020-01-19,0.0,1.28,396.0,,37203,0,395.0,398.0,392.0
2020-01-16,0.0,1.3,391.0,,30689,0,389.0,398.0,386.0
2020-01-15,0.0,2.12,386.0,,22021,0,385.0,386.0,378.0
2020-01-14,0.0,-0.26,378.0,,11083,0,375.0,380.0,375.0
2020-01-13,0.0,1.88,379.0,,39441,0,374.0,382.0,374.0
2020-01-12,0.0,1.64,371.0,,15768,0,371.0,373.0,366.0
2020-01-09,0.0,-1.08,365.0,,11059,0,369.0,369.0,363.0
2020-01-08,0.0,-1.07,369.0,,10093,0,372.0,373.0,369.0
2020-01-07,0.0,0.54,373.0,,9507,0,375.0,376.0,370.0
2020-01-06,0.0,2.2,371.0,,26892,0,365.0,372.0,365.0
2020-01-05,0.0,1.11,363.0,,11390,0,360.0,364.0,360.0
2020-01-02,0.0,-2.18,359.0,,6793,0,367.0,368.0,359.0
2020-01-01,0.0,0.27,367.0,,7109,0,364.0,367.0,359.0
2019-12-31,0.0,0.27,366.0,,8569,0,365.0,366.0,361.0
2019-12-30,0.0,-1.35,365.0,,8211,0,369.0,369.0,361.0
2019-12-29,0.0,-5.95,370.0,,20987,0,386.0,386.0,366.0
2019-12-26,0.0,0.72,417.0,,103337,0,414.0,417.0,413.0
2019-12-25,0.0,0.24,414.0,,31149,0,412.0,415.0,412.0
2019-12-24,0.0,0.24,413.0,,19873,0,415.0,416.0,412.0
2019-12-23,0.0,0.0,412.0,,20783,0,414.0,414.0,407.0
2019-12-22,0.0,1.98,412.0,,13018,0,407.0,414.0,407.0
2019-12-19,0.0,-0.49,404.0,,5118,0,404.0,407.0,403.0
2019-12-18,0.0,-0.25,406.0,,9668,0,405.0,410.0,405.0
2019-12-17,0.0,0.25,407.0,,6407,0,405.0,410.0,405.0
2019-12-16,0.0,-0.98,406.0,,9861,0,415.0,415.0,406.0
2019-12-15,0.0,0.24,413.0,,8639,0,412.0,416.0,411.0
2019-12-12,0.0,-0.48,412.0,,21051,0,415.0,415.0,409.0
2019-12-11,0.0,-0.24,414.0,,13042,0,416.0,418.0,414.0
2019-12-10,0.0,0.97,415.0,,67690,0,410.0,418.0,406.0
2019-12-09,0.0,0.49,411.0,,10680,0,408.0,415.0,404.0
2019-12-08,0.0,0.99,409.0,,6252,0,406.0,409.0,403.0
2019-12-05,0.0,0.0,405.0,,6589,0,405.0,407.0,403.0
2019-12-04,0.0,1.0,405.0,,11388,0,401.0,406.0,401.0
2019-12-03,0.0,-0.5,401.0,,6534,0,401.0,403.0,401.0
2019-12-02,0.0,-0.25,403.0,,17229,0,404.0,405.0,400.0
2019-12-01,0.0,0.0,404.0,,5892,0,405.0,405.0,402.0
2019-11-28,0.0,-1.22,404.0,,5609,0,409.0,409.0,404.0
2019-11-27,0.0,0.99,409.0,,5247,0,403.0,409.0,403.0
2019-11-26,0.0,-0.98,405.0,,11131,0,410.0,410.0,402.0
2019-11-25,0.0,1.24,409.0,,5669,0,405.0,412.0,404.0
2019-11-24,0.0,-1.94,404.0,,14677,0,409.0,410.0,404.0
2019-11-21,0.0,-0.96,412.0,,9107,0,418.0,418.0,408.0
2019-11-20,0.0,0.0,416.0,,12638,0,415.0,418.0,415.0
2019-11-19,0.0,-0.48,416.0,,21222,0,420.0,420.0,415.0
2019-11-18,0.0,0.72,418.0,,52113,0,415.0,418.0,415.0
2019-11-17,0.0,-0.48,415.0,,11182,0,420.0,423.0,410.0
2019-11-14,0.0,0.24,417.0,,18775,0,416.0,417.0,415.0
2019-11-13,0.0,-0.24,416.0,,23563,0,414.0,417.0,413.0
2019-11-12,0.0,-0.95,417.0,,12550,0,425.0,425.0,414.0
2019-11-11,0.0,0.48,421.0,,3581,0,414.0,421.0,414.0
2019-11-10,0.0,0.96,419.0,,11958,0,414.0,419.0,410.0
2019-11-07,0.0,0.0,415.0,,18305,0,417.0,417.0,414.0
2019-11-06,0.0,-0.24,415.0,,16754,0,415.0,417.0,415.0
2019-11-05,0.0,0.73,416.0,,12478,0,415.0,416.0,413.0
2019-11-04,0.0,0.24,413.0,,13907,0,414.0,414.0,410.0
2019-11-03,0.0,-0.24,412.0,,4909,0,412.0,413.0,410.0
2019-10-31,0.0,-0.24,413.0,,4949,0,415.0,417.0,410.0
2019-10-24,0.0,0.24,414.0,,9027,0,415.0,416.0,412.0
2019-10-23,0.0,0.49,413.0,,2992,0,415.0,416.0,411.0
2019-10-22,0.0,-0.24,411.0,,7228,0,411.0,413.0,409.0
2019-10-21,0.0,-0.24,412.0,,13609,0,412.0,415.0,411.0
2019-10-20,0.0,-0.24,413.0,,11108,0,412.0,414.0,411.0
2019-10-17,0.0,0.0,414.0,,15319,0,415.0,416.0,412.0
2019-10-16,0.0,0.24,414.0,,10681,0,415.0,415.0,412.0
2019-10-15,0.0,0.73,413.0,,34190,0,412.0,416.0,410.0
2019-10-14,0.0,-1.2,410.0,,15531,0,415.0,415.0,409.0
2019-10-10,0.0,-0.24,415.0,,1419,0,413.0,415.0,412.0
2019-10-03,0.0,1.22,416.0,,3319,0,415.0,418.0,415.0
2019-10-02,0.0,-1.44,411.0,,3711,0,417.0,417.0,411.0
2019-10-01,0.0,0.48,417.0,,11045,0,412.0,418.0,412.0
2019-09-30,0.0,-0.72,415.0,,9318,0,412.0,415.0,411.0
2019-09-29,0.0,1.95,418.0,,23666,0,410.0,418.0,407.0
2019-09-26,0.0,-0.49,410.0,,13312,0,412.0,412.0,409.0
2019-09-24,0.0,-0.48,412.0,,8687,0,411.0,412.0,410.0
2019-09-23,0.0,0.0,414.0,,17256,0,413.0,415.0,412.0
2019-09-22,0.0,0.24,414.0,,14749,0,413.0,415.0,412.0
2019-09-19,0.0,-2.36,413.0,,22965,0,415.0,425.0,413.0
2019-09-18,0.0,1.2,423.0,,28150,0,420.0,423.0,419.0
2019-09-17,0.0,2.45,418.0,,22549,0,410.0,418.0,410.0
2019-09-16,0.0,-1.21,408.0,,23477,0,413.0,414.0,408.0
2019-09-15,0.0,-0.72,413.0,,18691,0,415.0,418.0,413.0
2019-09-12,0.0,-0.48,416.0,,27640,0,418.0,420.0,416.0
2019-09-11,0.0,0.0,418.0,,22008,0,417.0,420.0,416.0
2019-09-10,0.0,0.0,418.0,,21628,0,416.0,419.0,416.0
2019-09-09,0.0,-0.95,418.0,,19723,0,425.0,425.0,416.0
2019-09-08,0.0,-0.71,422.0,,8733,0,427.0,427.0,421.0
2019-09-05,0.0,-0.23,425.0,,15371,0,425.0,427.0,425.0
2019-09-04,0.0,0.47,426.0,,22525,0,425.0,429.0,420.0
2019-09-03,0.0,1.68,424.0,,36698,0,415.0,426.0,412.0
2019-09-02,0.0,-0.95,417.0,,43531,0,424.0,424.0,414.0
2019-09-01,0.0,-1.17,421.0,,17893,0,428.0,428.0,421.0
2019-08-29,0.0,0.24,426.0,,11405,0,427.0,427.0,423.0
2019-08-28,0.0,-0.23,425.0,,21023,0,424.0,427.0,424.0
2019-08-27,0.0,0.24,426.0,,14181,0,425.0,429.0,424.0
2019-08-26,0.0,-0.47,425.0,,16088,0,430.0,430.0,425.0
2019-08-25,0.0,-0.23,427.0,,20297,0,423.0,427.0,423.0
2019-08-22,0.0,-0.23,428.0,,28290,0,429.0,430.0,425.0
2019-08-21,0.0,0.47,429.0,,20878,0,425.0,430.0,425.0
2019-08-20,0.0,-0.93,427.0,,17383,0,431.0,432.0,427.0
2019-08-19,0.0,0.23,431.0,,38717,0,431.0,434.0,429.0
2019-08-18,0.0,0.0,430.0,,36698,0,430.0,433.0,429.0
2019-08-15,0.0,0.23,430.0,,36318,0,427.0,433.0,425.0
2019-08-14,0.0,0.23,429.0,,13082,0,426.0,430.0,425.0
2019-08-13,0.0,-0.7,428.0,,17896,0,431.0,437.0,428.0
2019-08-12,0.0,0.23,431.0,,20621,0,433.0,433.0,429.0
2019-08-11,0.0,-0.23,430.0,,25832,0,430.0,431.0,428.0
2019-08-08,0.0,-0.92,431.0,,34679,0,435.0,435.0,429.0
2019-08-07,0.0,0.69,435.0,,56560,0,426.0,439.0,426.0
2019-08-06,0.0,-0.23,432.0,,196356,0,441.0,442.0,430.0
2019-08-05,0.0,-0.92,433.0,,44680,0,433.0,437.0,431.0
2019-08-04,0.0,1.63,437.0,,68518,0,429.0,438.0,424.0
2019-08-01,0.0,-0.23,430.0,,37084,0,436.0,436.0,429.0
2019-07-31,0.0,0.47,431.0,,42713,0,422.0,433.0,422.0
2019-07-30,0.0,0.47,429.0,,31788,0,426.0,431.0,426.0
2019-07-29,0.0,0.47,427.0,,35679,0,425.0,430.0,425.0
2019-07-28,0.0,-1.16,425.0,,96129,0,423.0,429.0,422.0
2019-07-25,0.0,-0.69,430.0,,97104,0,433.0,434.0,427.0
2019-07-24,0.0,-0.46,433.0,,61735,0,435.0,435.0,428.0
2019-07-23,0.0,4.57,435.0,,105508,0,418.0,435.0,418.0
2019-07-22,0.0,0.48,416.0,,19276,0,414.0,419.0,414.0
2019-07-21,0.0,-0.96,414.0,,14478,0,414.0,417.0,411.0
2019-07-18,0.0,0.24,418.0,,20493,0,413.0,423.0,413.0
2019-07-17,0.0,1.96,417.0,,29854,0,408.0,418.0,408.0
2019-07-16,0.0,0.74,409.0,,8675,0,426.0,426.0,406.0
2019-07-15,0.0,0.0,406.0,,9018,0,406.0,408.0,405.0
2019-07-14,0.0,0.25,406.0,,10033,0,406.0,411.0,405.0
2019-07-11,0.0,-0.49,405.0,,19978,0,407.0,410.0,405.0
2019-07-10,0.0,0.49,407.0,,26313,0,405.0,407.0,402.0
2019-07-09,0.0,-0.25,405.0,,9165,0,410.0,407.0,401.0
2019-07-08,0.0,-0.49,406.0,,29244,0,410.0,410.0,405.0
2019-07-07,0.0,-0.73,408.0,,30964,0,408.0,410.0,407.0
2019-07-04,0.0,-0.72,411.0,,16330,0,415.0,415.0,410.0
2019-07-03,0.0,0.98,414.0,,24200,0,408.0,415.0,407.0
2019-07-02,0.0,1.23,410.0,,21391,0,404.0,413.0,404.0
2019-07-01,0.0,-0.49,405.0,,12593,0,408.0,408.0,404.0
2019-06-30,0.0,-1.45,407.0,,11120,0,413.0,413.0,406.0
2019-06-27,0.0,0.0,413.0,,18552,0,413.0,413.0,410.0
2019-06-26,0.0,-0.72,413.0,,17369,0,418.0,418.0,412.0
2019-06-25,0.0,1.22,416.0,,25298,0,413.0,417.0,411.0
2019-06-24,0.0,1.48,411.0,,37528,0,403.0,413.0,403.0
2019-06-23,0.0,-0.25,405.0,,6869,0,405.0,407.0,403.0
2019-06-20,0.0,0.5,406.0,,11029,0,409.0,409.0,403.0
2019-06-19,0.0,0.5,404.0,,23061,0,402.0,404.0,400.0
2019-06-18,0.0,-0.25,402.0,,24044,0,403.0,405.0,401.0
2019-06-17,0.0,-0.25,403.0,,42955,0,404.0,406.0,402.0
2019-06-16,0.0,-1.7,404.0,,44708,0,411.0,411.0,404.0
2019-06-13,0.0,-0.96,411.0,,30086,0,412.0,415.0,411.0
2019-06-12,0.0,-0.24,415.0,,17469,0,413.0,415.0,411.0
2019-06-11,0.0,0.97,416.0,,62742,0,412.0,417.0,412.0
2019-06-10,0.0,-0.24,412.0,,33018,0,413.0,416.0,411.0
2019-06-06,0.0,-0.72,413.0,,25497,0,418.0,418.0,413.0
2019-06-04,0.0,0.48,416.0,,48716,0,415.0,420.0,414.0
2019-06-03,0.0,-1.9,414.0,,64123,0,430.0,430.0,414.0
2019-06-02,0.0,-1.4,422.0,,29715,0,433.0,433.0,420.0
2019-05-30,0.0,0.94,428.0,,94006,0,437.0,451.0,426.0
2019-05-29,0.0,0.71,424.0,,54281,0,422.0,426.0,420.0
2019-05-28,0.0,-0.24,421.0,,13321,0,428.0,428.0,420.0
2019-05-27,0.0,-0.71,422.0,,44153,0,419.0,426.0,419.0
2019-05-26,0.0,-1.39,425.0,,50429,0,432.0,434.0,423.0
2019-05-23,0.0,1.65,431.0,,97795,0,427.0,438.0,426.0
2019-05-22,0.0,1.44,424.0,,92882,0,420.0,426.0,418.0
2019-05-21,0.0,0.0,418.0,,42776,0,421.0,422.0,413.0
2019-05-20,0.0,-0.95,418.0,,59854,0,430.0,432.0,416.0
2019-05-19,0.0,0.24,422.0,,67027,0,425.0,430.0,416.0
2019-05-16,0.0,-3.88,421.0,,112016,0,445.0,445.0,421.0
2019-05-15,0.0,5.29,438.0,,133601,0,417.0,447.0,416.0
2019-05-14,0.0,7.77,416.0,,194265,0,388.0,421.0,388.0
2019-05-13,0.0,-1.03,386.0,,20540,0,390.0,391.0,384.0
2019-05-12,0.0,0.52,390.0,,17340,0,387.0,390.0,384.0
2019-05-09,0.0,0.0,388.0,,94677,0,394.0,396.0,386.0
2019-05-07,0.0,0.26,389.0,,39057,0,390.0,390.0,384.0
2019-05-06,0.0,2.37,388.0,,40670,0,377.0,388.0,374.0
2019-05-05,0.0,-1.56,379.0,,55477,0,385.0,385.0,376.0
2019-05-02,0.0,-1.28,385.0,,24698,0,383.0,387.0,381.0
2019-04-30,0.0,0.26,390.0,,27561,0,389.0,391.0,382.0
2019-04-29,0.0,-1.52,389.0,,45136,0,395.0,395.0,383.0
2019-04-28,0.0,1.8,395.0,,111393,0,395.0,410.0,389.0
2019-04-25,0.0,9.6,388.0,,145400,0,354.0,389.0,354.0
2019-04-24,0.0,2.31,354.0,,68938,0,342.0,354.0,341.0
2019-04-23,0.0,1.17,346.0,,17832,0,346.0,346.0,340.0
2019-04-22,0.0,-1.72,342.0,,19348,0,353.0,353.0,336.0
2019-04-21,0.0,-0.57,348.0,,28028,0,350.0,350.0,343.0
2019-04-18,0.0,3.55,350.0,,49470,0,341.0,350.0,336.0
2019-04-17,0.0,3.68,338.0,,24403,0,326.0,338.0,326.0
2019-04-16,0.0,2.52,326.0,,17829,0,313.0,327.0,313.0
2019-04-15,0.0,0.95,318.0,,11551,0,313.0,318.0,313.0
2019-04-11,0.0,0.96,315.0,,22147,0,313.0,319.0,313.0
2019-04-10,0.0,0.32,312.0,,8299,0,312.0,314.0,310.0
2019-04-09,0.0,-1.58,311.0,,21533,0,311.0,318.0,311.0
2019-04-08,0.0,2.27,316.0,,21933,0,309.0,320.0,310.0
2019-04-07,0.0,1.64,309.0,,11864,0,301.0,309.0,298.0
2019-04-04,0.0,-0.33,304.0,,11579,0,305.0,305.0,301.0
2019-04-03,0.0,0.99,305.0,,15802,0,301.0,307.0,301.0
2019-04-02,0.0,1.68,302.0,,15332,0,299.0,304.0,299.0
2019-04-01,0.0,0.68,297.0,,12690,0,295.0,297.0,292.0
2019-03-31,0.0,0.34,295.0,,11187,0,296.0,296.0,293.0
2019-03-28,0.0,0.0,294.0,,9227,0,298.0,298.0,292.0
2019-03-27,0.0,0.0,294.0,,4409,0,294.0,299.0,293.0
2019-03-26,0.0,0.0,294.0,,10218,0,298.0,298.0,293.0
2019-03-25,0.0,0.34,294.0,,8653,0,294.0,298.0,292.0
2019-03-24,0.0,-1.01,293.0,,8327,0,296.0,299.0,293.0
2019-03-21,0.0,-0.67,296.0,,3230,0,297.0,300.0,296.0
2019-03-19,0.0,-1.0,298.0,,3883,0,301.0,301.0,298.0
2019-03-18,0.0,-0.33,301.0,,10211,0,303.0,304.0,301.0
2019-03-17,0.0,0.0,302.0,,8247,0,303.0,305.0,300.0
2019-03-14,0.0,0.33,302.0,,6707,0,301.0,303.0,296.0
2019-03-13,0.0,-0.66,303.0,,14926,0,305.0,306.0,300.0
2019-03-12,0.0,2.35,305.0,,16058,0,300.0,306.0,298.0
2019-03-11,0.0,1.71,298.0,,9999,0,298.0,301.0,293.0
2019-03-10,0.0,-0.68,292.0,,2618,0,294.0,294.0,292.0
2019-03-09,0.0,-0.68,292.0,,2618,0,294.0,294.0,292.0
2019-03-07,0.0,0.68,294.0,,8624,0,292.0,294.0,290.0
2019-03-06,0.0,0.0,292.0,,2085,0,292.0,293.0,290.0
2019-03-05,0.0,-0.68,292.0,,5732,0,291.0,294.0,291.0
2019-03-03,0.0,-6.41,294.0,,14076,0,308.0,314.15,291.0
2019-02-27,0.0,0.3,333.0,,27442,0,330.0,335.0,330.0
2019-02-26,0.0,0.3,332.0,,18064,0,331.0,334.0,331.0
2019-02-25,0.0,0.3,331.0,,15959,0,332.0,333.0,327.0
2019-02-24,0.0,-0.9,330.0,,6833,0,333.0,333.0,329.0
2019-02-21,0.0,1.22,333.0,,9054,0,329.0,335.0,329.0
2019-02-20,0.0,-1.2,329.0,,2685,0,333.0,333.0,329.0
2019-02-19,0.0,1.22,333.0,,3150,0,324.0,333.0,324.0
2019-02-18,0.0,-0.3,329.0,,9327,0,328.0,330.0,325.0
2019-02-17,0.0,0.0,330.0,,18875,0,330.0,336.0,328.0
2019-02-14,0.0,0.3,330.0,,13107,0,331.0,331.0,327.0
2019-02-13,0.0,-0.9,329.0,,13830,0,330.0,332.0,329.0
2019-02-12,0.0,0.0,332.0,,5722,0,330.0,333.0,330.0
2019-02-11,0.0,0.0,332.0,,5268,0,328.0,335.0,328.0
2019-02-10,0.0,-0.6,332.0,,6098,0,335.0,335.0,330.0
2019-02-07,0.0,-0.3,334.0,,5500,0,330.0,337.0,330.0
2019-02-06,0.0,-0.89,335.0,,6099,0,352.0,352.0,335.0
2019-02-05,0.0,-0.29,338.0,,5648,0,340.0,340.0,338.0
2019-02-04,0.0,0.3,339.0,,13265,0,338.0,340.0,335.0
2019-02-03,0.0,-0.29,338.0,,12977,0,337.0,340.0,337.0
2019-01-31,0.0,0.0,339.0,,5850,0,339.0,342.0,339.0
2019-01-30,0.0,-0.59,339.0,,3892,0,341.0,341.0,339.0
2019-01-29,0.0,-0.29,341.0,,2612,0,342.0,342.0,340.0
2019-01-28,0.0,0.88,342.0,,8647,0,339.0,345.0,338.0
2019-01-27,0.0,-0.88,339.0,,4235,0,342.0,342.0,339.0
2019-01-24,0.0,-0.29,342.0,,16140,0,343.0,344.0,342.0
2019-01-23,0.0,0.0,343.0,,2273,0,343.0,344.0,342.0
2019-01-22,0.0,0.29,343.0,,5188,0,342.0,343.0,337.0
2019-01-21,0.0,-0.87,342.0,,6616,0,345.0,346.0,340.0
2019-01-20,0.0,0.0,345.0,,3502,0,345.0,345.0,341.0
2019-01-17,0.0,-1.43,345.0,,3486,0,350.0,350.0,345.0
2019-01-16,0.0,0.0,350.0,,9525,0,350.0,351.0,348.0
2019-01-15,0.0,0.0,350.0,,7663,0,350.0,350.0,348.0
2019-01-14,0.0,0.29,350.0,,20430,0,349.0,351.0,348.0
2019-01-13,0.0,-0.29,349.0,,22250,0,357.0,357.0,346.0
2019-01-10,0.0,0.57,350.0,,4955,0,348.0,354.0,348.0
2019-01-09,0.0,0.0,349.0,,8426,0,349.0,351.0,348.0
2019-01-08,0.0,0.87,349.0,,8069,0,346.0,349.0,346.0
2019-01-06,0.0,-0.29,344.0,,9776,0,345.0,352.0,344.0
2019-01-03,0.0,0.0,345.0,,7294,0,345.0,348.0,340.0
2019-01-02,0.0,-0.29,345.0,,7467,0,346.0,347.0,345.0
2019-01-01,0.0,-0.57,346.0,,22211,0,348.0,350.0,344.0
2018-12-31,0.0,-0.85,348.0,,16215,0,351.0,352.0,347.0
2018-12-30,0.0,-2.23,351.0,,11317,0,359.0,359.0,351.0
2018-12-27,0.0,-0.83,359.0,,36773,0,362.0,365.0,358.0
2018-12-26,0.0,2.55,362.0,,22157,0,353.0,362.0,352.0
2018-12-25,0.0,-1.12,353.0,,8383,0,357.0,357.0,351.0
2018-12-24,0.0,0.0,357.0,,14350,0,357.0,362.0,352.0
2018-12-23,0.0,2.29,357.0,,16974,0,349.0,362.0,349.0
2018-12-20,0.0,1.75,349.0,,14032,0,343.0,351.0,343.0
2018-12-19,0.0,-0.29,343.0,,3717,0,344.0,345.0,342.0
2018-12-18,0.0,-3.1,344.0,,10127,0,355.0,355.0,343.0
2018-12-17,0.0,3.2,355.0,,5225,0,344.0,355.0,340.0
2018-12-16,0.0,1.78,344.0,,18570,0,338.0,344.0,338.0
2018-12-13,0.0,0.3,338.0,,5226,0,337.0,345.0,335.0
2018-12-12,0.0,0.3,337.0,,990,0,336.0,341.0,336.0
2018-12-11,0.0,0.3,336.0,,3705,0,335.0,339.0,333.0
2018-12-10,0.0,0.0,335.0,,5830,0,335.0,340.0,330.0
2018-12-09,0.0,2.45,335.0,,2982,0,327.0,335.0,327.0
2018-12-06,0.0,-0.61,327.0,,8394,0,329.0,331.0,320.0
2018-12-04,0.0,1.21,334.0,,2973,0,330.0,335.0,326.0
2018-12-03,0.0,-0.9,330.0,,9202,0,333.0,335.0,329.0
2018-12-02,0.0,-1.48,333.0,,9756,0,338.0,338.0,329.0
2018-11-29,0.0,-0.59,338.0,,6964,0,340.0,340.0,336.0
2018-11-28,0.0,0.0,340.0,,2677,0,340.0,340.0,339.0
2018-11-27,0.0,0.29,340.0,,5914,0,339.0,346.0,338.0
2018-11-26,0.0,-0.6,339.0,,5374,0,341.05,341.05,335.0
2018-11-25,0.0,-0.87,341.0,,8678,0,344.0,345.0,341.0
2018-11-22,0.0,0.29,344.0,,6445,0,343.0,345.0,340.0
2018-11-21,0.0,-1.15,343.0,,6780,0,347.0,353.0,342.0
2018-11-20,0.0,0.29,347.0,,2001,0,346.0,349.0,342.0
2018-11-19,0.0,0.29,346.0,,5455,0,345.0,347.0,344.0
2018-11-18,0.0,-1.15,345.0,,6006,0,349.0,349.0,343.0
2018-11-15,0.0,-0.29,349.0,,5701,0,350.0,351.0,348.0
2018-11-14,0.0,0.29,350.0,,1763,0,349.0,352.0,349.0
2018-11-05,0.0,0.29,349.0,,10438,0,348.0,352.0,348.0
2018-11-04,0.0,-1.14,348.0,,15056,0,350.0,353.0,348.0
2018-11-01,0.0,0.0,352.0,,6758,0,350.0,352.0,350.0
2018-10-31,0.0,0.0,352.0,,9391,0,359.0,355.0,350.0
2018-10-30,0.0,0.57,352.0,,11760,0,349.0,354.0,348.0
2018-10-29,0.0,-0.85,350.0,,8152,0,350.0,351.0,348.0
2018-10-28,0.0,-1.12,353.0,,11851,0,355.0,355.0,350.0
2018-10-25,0.0,-0.28,357.0,,5436,0,358.0,358.0,355.0
2018-10-24,0.0,0.0,358.0,,3065,0,355.0,358.0,353.0
2018-10-23,0.0,0.85,358.0,,6474,0,355.0,358.0,354.0
2018-10-22,0.0,0.0,355.0,,3196,0,355.0,355.0,352.0
2018-10-21,0.0,0.28,355.0,,3483,0,361.0,361.0,355.0
2018-10-15,0.0,-0.84,354.0,,11617,0,364.0,364.0,354.0
2018-10-14,0.0,2.0,357.0,,12769,0,352.0,358.0,350.0
2018-10-11,0.0,0.86,350.0,,10534,0,349.0,352.0,346.0
2018-10-10,0.0,0.0,347.0,,6502,0,347.0,348.0,345.0
2018-10-09,0.0,-0.57,347.0,,9551,0,350.0,350.0,347.0
2018-10-08,0.0,1.45,349.0,,9581,0,344.0,357.0,344.0
2018-10-07,0.0,-1.15,344.0,,10164,0,345.0,348.0,344.0
2018-10-04,0.0,0.29,348.0,,15025,0,350.0,350.0,345.0
2018-10-03,0.0,-1.7,347.0,,28516,0,352.0,354.0,347.0
2018-10-02,0.0,0.28,353.0,,12983,0,352.0,358.0,352.0
2018-10-01,0.0,-2.49,352.0,,21976,0,358.0,362.0,352.0
2018-09-30,0.0,-1.1,361.0,,11183,0,362.0,366.0,361.0
2018-09-27,0.0,0.0,365.0,,14911,0,365.0,370.0,365.0
2018-09-26,0.0,-1.62,365.0,,18655,0,372.0,375.0,364.0
2018-09-25,0.0,2.49,370.0,,44925,0,361.0,373.0,361.0
2018-09-23,0.0,0.56,361.0,,19281,0,364.0,364.0,357.0
2018-09-20,0.0,0.0,359.0,,9880,0,352.0,364.0,352.0
2018-09-18,0.0,-0.28,359.0,,9249,0,358.0,362.0,357.0
2018-09-17,0.0,-1.91,360.0,,21307,0,367.0,370.0,359.0
2018-09-16,0.0,2.23,367.0,,53133,0,360.0,377.0,356.0
2018-09-13,0.0,1.99,352.0,,20006,0,352.0,359.0,351.0
2018-09-12,0.0,2.03,351.0,,12667,0,345.0,355.0,345.0
2018-09-11,0.0,0.88,345.0,,4778,0,340.0,350.0,340.0
2018-09-10,0.0,-1.16,342.0,,4112,0,346.0,346.0,340.0
2018-09-09,0.0,-1.7,346.0,,7740,0,353.0,353.0,346.0
2018-09-06,0.0,-1.12,352.0,,33936,0,360.0,368.0,350.0
2018-09-05,0.0,3.49,356.0,,29704,0,341.0,362.0,341.0
2018-09-04,0.0,0.58,345.0,,17187,0,340.0,347.0,340.0
2018-09-03,0.0,0.59,343.0,,15425,0,336.0,347.0,336.0
2018-09-02,0.0,1.8,339.0,,9661,0,333.0,340.0,333.0
2018-08-30,0.0,0.91,334.0,,9985,0,331.0,335.0,331.0
2018-08-29,0.0,-0.6,331.0,,6392,0,334.0,334.0,330.0
2018-08-28,0.0,0.0,333.0,,7354,0,333.0,335.0,330.0
2018-08-26,0.0,-0.6,333.0,,3588,0,335.0,337.0,330.0
2018-08-23,0.0,-2.62,335.0,,7504,0,338.0,338.0,333.0
2018-08-22,0.0,3.3,344.0,,3613,0,335.0,344.0,331.0
2018-08-21,0.0,-0.6,333.0,,8787,0,335.0,335.0,331.0
2018-08-20,0.0,-0.89,335.0,,14359,0,340.0,340.0,332.0
2018-08-19,0.0,-0.59,338.0,,21370,0,344.0,344.0,338.0
2018-08-16,0.0,0.29,340.0,,25581,0,344.0,345.0,335.0
2018-08-15,0.0,4.63,337.0,,37824,0,326.0,343.0,326.0
2018-08-14,0.0,2.21,322.0,,6036,0,317.0,324.0,317.0
2018-08-13,0.0,-0.94,317.0,,2778,0,315.0,319.0,315.0
2018-08-12,0.0,-1.54,318.0,,3439,0,322.0,322.0,313.0
2018-08-09,0.0,0.0,323.0,,5748,0,322.0,325.0,319.0
2018-08-08,0.0,-0.31,325.0,,1567,0,325.0,327.0,322.0
2018-08-07,0.0,0.0,326.0,,4342,0,325.0,326.0,324.0
2018-08-06,0.0,-0.61,326.0,,9520,0,328.0,328.0,325.0
2018-08-05,0.0,0.31,328.0,,3712,0,327.0,328.0,325.0
2018-08-02,0.0,1.55,327.0,,5188,0,322.0,327.0,321.0
2018-08-01,0.0,0.31,322.0,,9526,0,319.0,323.0,319.0
2018-07-31,0.0,0.63,321.0,,7541,0,319.0,321.0,318.0
2018-07-30,0.0,0.31,319.0,,5984,0,316.0,319.0,315.0
2018-07-29,0.0,0.95,318.0,,9058,0,318.0,319.0,315.0
2018-07-26,0.0,0.32,315.0,,5608,0,314.0,315.0,313.0
2018-07-25,0.0,0.32,314.0,,6281,0,315.0,315.0,311.0
2018-07-24,0.0,0.0,313.0,,7297,0,313.0,318.0,313.0
2018-07-23,0.0,-0.32,313.0,,3905,0,314.0,317.0,313.0
2018-07-22,0.0,-0.32,314.0,,8337,0,314.0,316.0,313.0
2018-07-19,0.0,-0.63,315.0,,6170,0,316.0,317.0,311.0
2018-07-18,0.0,0.63,317.0,,3133,0,315.0,317.0,313.0
2018-07-17,0.0,0.32,315.0,,1983,0,316.0,317.0,315.0
2018-07-16,0.0,0.96,314.0,,32979,0,311.0,315.0,311.0
2018-07-15,0.0,0.32,311.0,,2890,0,309.0,314.0,309.0
2018-07-12,0.0,-0.64,310.0,,12730,0,313.0,315.0,310.0
2018-07-11,0.0,-0.32,312.0,,40507,0,315.0,317.0,310.0
2018-07-10,0.0,0.97,313.0,,47740,0,311.0,314.0,310.0
2018-07-09,0.0,-1.9,310.0,,4364,0,316.0,316.0,308.0
2018-07-08,0.0,-0.63,317.0,,9349,0,317.0,321.0,316.0
2018-07-05,0.0,2.91,317.0,,2638,0,312.0,318.0,311.0
2018-07-04,0.0,1.31,309.0,,8901,0,305.0,310.0,300.0
2018-07-03,0.0,0.0,305.0,,3991,0,302.0,308.0,302.0
2018-07-02,0.0,0.0,306.0,,4610,0,300.0,308.0,299.0
2018-07-01,0.0,-2.24,305.0,,5338,0,311.0,311.0,305.0
2018-06-28,0.0,0.32,312.0,,10595,0,310.0,312.0,308.0
2018-06-27,0.0,0.0,311.0,,1402,0,310.0,312.0,308.0
2018-06-26,0.0,-0.64,311.0,,7623,0,311.0,313.0,307.0
2018-06-25,0.0,-0.32,313.0,,3561,0,316.0,316.0,311.0
2018-06-24,0.0,1.29,314.0,,3045,0,306.0,317.0,306.0
2018-06-21,0.0,-0.64,310.0,,9336,0,310.0,316.0,310.0
2018-06-20,0.0,-1.27,312.0,,5309,0,314.0,314.0,309.0
2018-06-19,0.0,-1.25,316.0,,3309,0,322.0,322.0,316.0
2018-06-18,0.0,0.0,314.0,,6878,0,320.0,320.0,310.0
2018-06-17,0.0,-0.31,320.0,,1083,0,320.0,320.0,314.0
2018-06-14,0.0,0.94,321.0,,3956,0,319.0,324.0,319.0
2018-06-13,0.0,-0.62,318.0,,3924,0,320.0,322.0,316.0
2018-06-12,0.0,-0.93,321.0,,3235,0,319.0,323.0,317.0
2018-06-11,0.0,1.89,323.0,,5594,0,317.0,326.0,316.0
2018-06-10,0.0,-3.06,317.0,,9920,0,327.0,327.0,314.0
2018-06-07,0.0,-2.68,327.0,,3481,0,336.0,336.0,325.0
2018-06-06,0.0,2.13,336.0,,3379,0,332.0,340.0,332.0
2018-06-04,0.0,-0.3,329.0,,6154,0,326.0,331.0,324.0
2018-06-03,0.0,-2.65,330.0,,14980,0,335.0,336.0,326.0
2018-05-31,0.0,-0.29,338.0,,8381,0,340.0,340.0,337.0
2018-05-30,0.0,0.89,339.0,,10982,0,337.0,340.0,335.0
2018-05-29,0.0,-0.88,337.0,,9698,0,340.0,342.0,334.0
2018-05-28,0.0,2.41,340.0,,5764,0,332.0,347.0,328.0
2018-05-27,0.0,-0.89,332.0,,6118,0,335.0,335.0,330.0
2018-05-24,0.0,0.3,335.0,,5963,0,334.0,338.0,335.0
2018-05-23,0.0,-0.89,334.0,,8116,0,340.0,340.0,334.0
2018-05-22,0.0,-0.88,337.0,,6973,0,335.0,340.0,335.0
2018-05-21,0.0,0.0,340.0,,10925,0,335.0,340.0,335.0
2018-05-20,0.0,0.29,340.0,,9261,0,342.0,344.0,338.0
2018-05-17,0.0,-0.59,339.0,,6983,0,342.0,343.0,339.0
2018-05-16,0.0,0.59,341.0,,3039,0,338.0,344.0,337.0
2018-05-15,0.0,-0.59,339.0,,2916,0,341.0,342.0,337.0
2018-05-14,0.0,-0.58,341.0,,4201,0,339.0,344.0,338.0
2018-05-10,0.0,-0.29,343.0,,11575,0,344.0,346.0,337.0
2018-05-09,0.0,0.29,344.0,,6849,0,343.0,347.0,344.0
2018-05-08,0.0,0.0,343.0,,5181,0,343.0,343.0,340.0
2018-05-07,0.0,0.0,343.0,,6251,0,340.0,345.0,339.0
2018-05-06,0.0,-0.87,344.0,,9671,0,346.0,346.0,343.0
2018-05-03,0.0,1.47,346.0,,9858,0,343.0,352.0,343.0
2018-05-02,0.0,-0.87,341.0,,5447,0,344.0,342.0,338.0
2018-04-29,0.0,-1.15,344.0,,10608,0,342.0,348.0,337.0
2018-04-26,0.0,-1.14,348.0,,10047,0,353.0,354.0,345.0
2018-04-25,0.0,-1.95,352.0,,10118,0,360.0,360.0,351.0
2018-04-24,0.0,-0.28,359.0,,16417,0,355.0,365.0,345.0
2018-04-23,0.0,-2.44,360.0,,39505,0,376.0,382.0,360.0
2018-04-22,0.0,5.13,369.0,,36790,0,351.0,370.0,352.0
2018-04-19,0.0,1.74,351.0,,24467,0,351.0,353.0,347.0
2018-04-18,0.0,2.37,345.0,,17497,0,340.0,354.0,337.0
2018-04-17,0.0,-0.3,337.0,,17345,0,338.0,343.0,336.0
2018-04-16,0.0,-0.59,338.0,,5765,0,340.0,341.0,335.0
2018-04-15,0.0,0.89,340.0,,7648,0,337.0,340.0,326.0
2018-04-12,0.0,0.6,337.0,,9067,0,336.0,340.0,332.0
2018-04-11,0.0,0.3,335.0,,5135,0,332.0,335.0,328.0
2018-04-10,0.0,-0.3,334.0,,6099,0,330.0,337.0,325.0
2018-04-09,0.0,-1.47,335.0,,13810,0,341.0,346.0,334.0
2018-04-08,0.0,2.72,340.0,,17000,0,333.0,348.0,331.0
2018-04-05,0.0,1.85,331.0,,22167,0,330.0,335.0,321.0
2018-04-04,0.0,3.17,325.0,,12813,0,316.0,326.0,315.0
2018-04-03,0.0,0.32,315.0,,3431,0,310.0,318.0,310.0
2018-04-02,0.0,0.32,314.0,,6267,0,314.0,318.0,310.0
2018-04-01,0.0,-1.57,314.0,,6979,0,320.0,320.0,308.0
2018-03-29,0.0,2.25,318.0,,8252,0,311.0,320.0,311.0
2018-03-28,0.0,-1.58,311.0,,12154,0,316.0,317.0,307.0
2018-03-27,0.0,5.33,316.0,,16469,0,306.0,326.0,283.0
2018-03-26,0.0,-5.06,300.0,,10390,0,310.0,313.0,299.0
2018-03-22,0.0,0.0,316.0,,6600,0,319.0,320.0,310.0
2018-03-21,0.0,-2.17,316.0,,11081,0,317.0,321.0,314.0
2018-03-20,0.0,-0.62,323.0,,2133,0,321.0,327.0,321.0
2018-03-19,0.0,-2.69,325.0,,5937,0,335.0,335.0,325.0
2018-03-18,0.0,-0.3,334.0,,5791,0,339.0,339.0,333.0
2018-03-15,0.0,0.0,335.0,,10440,0,330.0,337.0,330.0
2018-03-14,0.0,0.6,335.0,,8410,0,330.0,335.0,328.0
2018-03-13,0.0,1.52,333.0,,8561,0,328.0,333.0,327.0
2018-03-12,0.0,0.61,328.0,,10231,0,326.0,331.0,326.0
2018-03-11,0.0,-1.21,326.0,,6491,0,330.0,331.0,326.0
2018-03-07,0.0,0.92,330.0,,6817,0,327.0,333.0,327.0
2018-03-06,0.0,0.93,327.0,,5748,0,320.0,328.0,320.0
2018-03-04,0.0,-1.8,328.0,,16726,0,328.0,330.0,325.0
2018-02-28,0.0,-1.18,334.0,,13018,0,338.0,339.0,334.0
2018-02-27,0.0,0.89,338.0,,4409,0,334.0,342.0,332.0
2018-02-26,0.0,-0.89,335.0,,4951,0,337.0,337.0,335.0
2018-02-25,0.0,-0.59,338.0,,3932,0,342.0,342.0,335.0
2018-02-22,0.0,0.0,340.0,,4099,0,341.0,342.0,338.0
2018-02-21,0.0,0.0,340.0,,2461,0,341.0,341.0,339.0
2018-02-20,0.0,-2.86,343.0,,6728,0,350.0,351.0,340.0
2018-02-18,0.0,0.0,350.0,,11904,0,350.0,359.0,348.0
2018-02-15,0.0,2.94,350.0,,7548,0,341.0,350.0,341.0
2018-02-14,0.0,0.0,340.0,,4167,0,342.0,342.0,335.0
2018-02-12,0.0,-0.58,340.0,,3785,0,342.0,342.0,340.0
2018-02-11,0.0,0.0,342.0,,1760,0,342.0,343.0,341.0
2018-02-08,0.0,0.0,342.0,,3523,0,336.0,345.0,336.0
2018-02-07,0.0,-1.44,342.0,,5012,0,345.0,346.0,341.0
2018-02-06,0.0,1.46,347.0,,5214,0,344.0,347.0,340.0
2018-02-05,0.0,-2.29,342.0,,8109,0,350.0,350.0,342.0
2018-02-04,0.0,1.74,350.0,,8959,0,345.0,350.0,342.0
2018-02-01,0.0,0.0,344.0,,6191,0,344.0,345.0,343.0
2018-01-31,0.0,1.18,344.0,,4790,0,344.0,344.0,340.0
2018-01-29,0.0,-1.73,341.0,,8266,0,346.0,347.0,340.0
2018-01-28,0.0,-1.19,416.0,,49337,0,420.0,423.0,415.0
2018-01-25,0.0,0.24,420.0,,13110,0,418.0,420.0,417.0
2018-01-24,0.0,0.72,419.0,,14131,0,412.0,420.0,412.0
2018-01-23,0.0,-0.95,416.0,,15725,0,421.0,421.0,415.0
2018-01-22,0.0,0.24,420.0,,18056,0,420.0,422.0,418.0
2018-01-21,0.0,1.45,419.0,,21733,0,415.0,420.0,413.0
2018-01-17,0.0,-0.96,413.0,,6401,0,412.0,417.0,409.0
2018-01-16,0.0,-0.71,417.0,,4270,0,421.0,421.0,415.0
2018-01-14,0.0,-1.18,420.0,,10523,0,427.0,427.0,417.0
2018-01-10,0.0,0.0,418.0,,7277,0,421.0,427.0,421.0
2018-01-09,0.0,0.0,425.0,,7302,0,425.0,427.0,422.0
2018-01-08,0.0,0.47,425.0,,8389,0,424.0,430.0,420.0
2018-01-07,0.0,0.48,423.0,,18051,0,418.0,429.0,416.0
2018-01-04,0.0,-0.24,421.0,,5788,0,420.0,421.0,416.0
2018-01-03,0.0,-0.71,422.0,,15373,0,419.0,428.0,419.0
2018-01-02,0.0,2.66,425.0,,55870,0,422.0,430.0,416.0
2018-01-01,0.0,2.99,414.0,,6665,0,410.0,414.0,405.0
2017-12-31,0.0,-1.95,402.0,,27546,0,409.0,409.0,400.0
2017-12-28,0.0,-1.2,410.0,,9917,0,408.0,417.0,400.0
2017-12-27,0.0,-1.19,415.0,,11368,0,413.0,418.0,408.0
2017-12-26,0.0,-0.24,420.0,,7244,0,426.0,426.0,411.0
2017-12-24,0.0,0.24,421.0,,7917,0,420.0,428.0,420.0
2017-12-21,0.0,-0.47,420.0,,7557,0,417.0,423.0,417.0
2017-12-20,0.0,-0.47,423.0,,3192,0,421.0,426.0,419.0
2017-12-19,0.0,-0.47,424.0,,8052,0,424.0,426.0,421.0
2017-12-18,0.0,0.71,425.0,,4333,0,422.0,426.0,422.0
2017-12-17,0.0,-0.47,423.0,,6121,0,430.0,430.0,423.0
2017-12-14,0.0,-0.7,425.0,,3701,0,433.0,433.0,425.0
2017-12-13,0.0,0.23,428.0,,4262,0,425.0,431.0,421.0
2017-12-12,0.0,-0.93,427.0,,15642,0,431.0,431.0,426.0
2017-12-11,0.0,0.23,431.0,,12873,0,429.0,433.0,424.0
2017-12-10,0.0,-1.15,430.0,,11646,0,443.0,451.0,428.0
2017-12-06,0.0,0.93,435.0,,9725,0,426.0,437.0,426.0
2017-12-05,0.0,-0.92,431.0,,6588,0,442.0,442.0,430.0
2017-12-04,0.0,-0.46,435.0,,10306,0,437.0,437.0,430.0
2017-11-30,0.0,0.23,437.0,,10518,0,436.0,438.0,431.0
2017-11-29,0.0,1.16,436.0,,19013,0,430.0,439.0,430.0
2017-11-28,0.0,0.23,431.0,,12551,0,430.0,432.0,425.0
2017-11-27,0.0,-0.46,430.0,,6918,0,435.0,435.0,430.0
2017-11-26,0.0,1.65,432.0,,10953,0,425.0,441.0,425.0
2017-11-23,0.0,0.0,425.0,,7260,0,425.0,430.0,425.0
2017-11-22,0.0,0.47,425.0,,5998,0,423.0,429.0,421.0
2017-11-21,0.0,0.48,423.0,,4762,0,421.0,425.0,421.0
2017-11-20,0.0,0.24,421.0,,4579,0,418.0,422.0,418.0
2017-11-19,0.0,0.0,420.0,,13373,0,420.0,422.0,412.0
2017-11-16,0.0,-1.87,420.0,,13740,0,435.0,435.0,420.0
2017-11-15,0.0,-0.93,428.0,,3596,0,430.0,432.0,426.0
2017-11-14,0.0,0.93,432.0,,14580,0,430.0,434.0,424.0
2017-11-13,0.0,1.18,428.0,,14684,0,426.0,428.0,420.0
2017-11-12,0.0,1.93,423.0,,9098,0,415.0,425.0,415.0
2017-11-09,0.0,-0.24,415.0,,9434,0,416.0,427.0,412.0
2017-11-08,0.0,-1.42,416.0,,17305,0,414.0,422.0,414.0
2017-11-07,0.0,-1.63,422.0,,26141,0,436.0,436.0,420.0
2017-11-06,0.0,-0.23,429.0,,29796,0,430.0,430.0,420.0
2017-11-05,0.0,-2.27,430.0,,16936,0,440.0,440.0,424.0
2017-11-02,0.0,1.38,440.0,,8331,0,434.0,442.0,430.0
2017-11-01,0.0,-0.69,434.0,,6291,0,429.0,437.0,429.0
2017-10-31,0.0,0.0,437.0,,8889,0,433.0,440.0,433.0
2017-10-30,0.0,-1.13,437.0,,13723,0,441.0,443.0,437.0
2017-10-29,0.0,-1.56,442.0,,7203,0,441.0,447.0,440.0
2017-10-25,0.0,0.22,449.0,,17137,0,444.0,451.0,444.0
2017-10-24,0.0,-0.22,448.0,,9549,0,449.0,452.0,445.0
2017-10-23,0.0,-0.22,449.0,,12644,0,450.0,455.0,445.0
2017-10-22,0.0,1.35,450.0,,11183,0,436.0,458.0,436.0
2017-10-18,0.0,-1.11,444.0,,12688,0,446.0,450.0,438.0
2017-10-17,0.0,1.58,449.0,,12124,0,440.0,450.0,436.0
2017-10-16,0.0,2.08,442.0,,18696,0,435.0,451.0,434.0
2017-10-15,0.0,0.93,433.0,,5553,0,432.0,433.0,427.0
2017-10-12,0.0,0.47,430.0,,4974,0,428.0,435.0,428.0
2017-10-11,0.0,0.23,428.0,,11993,0,427.0,431.0,425.0
2017-10-10,0.0,-0.93,427.0,,19003,0,427.0,438.0,423.0
2017-10-09,0.0,-0.23,429.0,,17649,0,433.0,433.0,425.0
2017-10-08,0.0,-1.82,431.0,,15759,0,432.0,432.0,420.0
2017-10-04,0.0,-2.87,440.0,,6475,0,450.0,450.0,437.0
2017-10-03,0.0,1.12,453.0,,3164,0,446.0,453.0,446.0
2017-09-26,0.0,0.0,445.0,,5132,0,446.0,449.0,443.0
2017-09-25,0.0,1.59,448.0,,2882,0,441.0,448.0,440.0
2017-09-24,0.0,0.46,441.0,,3718,0,440.0,443.0,439.0
2017-09-20,0.0,-0.9,440.0,,10450,0,441.0,443.0,435.0
2017-09-18,0.0,-0.89,443.0,,33400,0,450.0,452.0,443.0
2017-09-17,0.0,0.0,447.0,,49764,0,448.0,459.0,438.0
2017-09-14,0.0,6.43,447.0,,42524,0,420.0,447.0,419.0
2017-09-13,0.0,-0.24,420.0,,32249,0,420.0,423.0,418.0
2017-09-12,0.0,-0.71,421.0,,27903,0,423.0,426.0,420.0
2017-09-11,0.0,-0.24,424.0,,17950,0,425.0,430.0,420.0
2017-09-10,0.0,-0.7,426.0,,37704,0,425.0,431.0,423.0
2017-09-07,0.0,-2.28,428.0,,34082,0,435.0,438.0,426.0
2017-09-06,0.0,1.86,438.0,,11603,0,430.0,440.0,425.0
2017-09-04,0.0,-1.6,430.0,,33009,0,437.0,439.0,426.0
2017-08-31,0.0,-0.23,437.0,,15528,0,438.0,438.0,432.0
2017-08-30,0.0,-1.79,438.0,,14820,0,440.0,443.0,435.0
2017-08-28,0.0,0.0,446.0,,7897,0,444.0,452.0,444.0
2017-08-27,0.0,0.68,446.0,,3889,0,443.0,451.0,443.0
2017-08-24,0.0,0.45,443.0,,11438,0,441.0,453.0,434.0
2017-08-23,0.0,0.0,441.0,,7718,0,440.0,442.0,438.0
2017-08-22,0.0,0.68,441.0,,12396,0,436.0,442.0,436.0
2017-08-21,0.0,-0.45,438.0,,5674,0,440.0,442.0,432.0
2017-08-20,0.0,-0.68,440.0,,16054,0,435.0,444.0,435.0
2017-08-17,0.0,-0.23,443.0,,23326,0,449.0,449.0,438.0
2017-08-16,0.0,0.68,444.0,,11304,0,442.0,448.0,442.0
2017-08-15,0.0,-0.9,441.0,,15104,0,445.0,446.0,441.0
2017-08-13,0.0,-1.11,445.0,,14415,0,445.0,449.0,440.0
2017-08-10,0.0,0.0,448.0,,21245,0,450.0,454.0,443.0
2017-08-09,0.0,-0.66,450.0,,17516,0,444.0,460.0,444.0
2017-08-07,0.0,-0.22,453.0,,11926,0,463.0,463.0,452.0
2017-08-06,0.0,0.22,454.0,,18930,0,450.0,456.0,450.0
2017-08-03,0.0,-0.22,453.0,,14097,0,454.0,459.0,450.0
2017-08-02,0.0,0.0,454.0,,12168,0,455.0,456.0,453.0
2017-08-01,0.0,0.22,454.0,,9280,0,451.0,469.0,450.0
2017-07-31,0.0,0.44,454.0,,12315,0,450.0,459.0,450.0
2017-07-30,0.0,-1.96,451.0,,9537,0,454.0,461.0,445.0
2017-07-27,0.0,2.22,460.0,,11335,0,450.0,460.0,450.0
2017-07-26,0.0,-1.75,450.0,,22953,0,449.0,460.0,448.0
2017-07-25,0.0,0.66,458.0,,16138,0,455.0,461.0,454.0
2017-07-24,0.0,-0.87,455.0,,13393,0,460.0,460.0,454.0
2017-07-23,0.0,-0.43,459.0,,16709,0,465.0,465.0,455.0
2017-07-20,0.0,0.22,463.0,,10954,0,460.0,465.0,454.0
2017-07-19,0.0,-2.54,460.0,,21239,0,470.0,470.0,460.0
2017-07-18,0.0,5.36,472.0,,27796,0,449.0,472.0,449.0
2017-07-17,0.0,3.46,447.0,,16129,0,433.0,448.0,433.0
2017-07-16,0.0,-0.46,433.0,,4465,0,432.0,435.0,430.0
2017-07-13,0.0,0.69,431.0,,12875,0,436.0,437.0,430.0
2017-07-12,0.0,-0.69,433.0,,8794,0,435.0,440.0,432.0
2017-07-11,0.0,0.46,435.0,,9864,0,433.0,440.0,430.0
2017-07-10,0.0,-1.81,433.0,,12785,0,440.0,440.0,430.0
2017-07-09,0.0,0.92,441.0,,20091,0,437.0,446.0,430.0
2017-07-06,0.0,2.82,430.0,,18660,0,430.0,437.0,425.0
2017-07-05,0.0,1.19,425.0,,11348,0,422.0,425.0,419.0
2017-07-04,0.0,-0.71,420.0,,13712,0,423.0,426.0,419.0
2017-07-03,0.0,-1.17,423.0,,7794,0,420.0,430.0,420.0
2017-07-02,0.0,0.0,428.0,,14946,0,428.0,430.0,419.0
2017-06-28,0.0,1.42,428.0,,10162,0,415.0,428.0,415.0
2017-06-27,0.0,-0.24,423.0,,11352,0,424.0,425.0,420.0
2017-06-25,0.0,0.48,423.0,,10516,0,425.0,426.0,419.0
2017-06-22,0.0,0.0,421.0,,16465,0,422.0,429.0,420.0
2017-06-21,0.0,-0.47,422.0,,6334,0,417.0,425.0,417.0
2017-06-20,0.0,-0.94,423.0,,12740,0,429.0,429.0,415.0
2017-06-19,0.0,-0.93,427.0,,21359,0,431.0,431.0,417.0
2017-06-18,0.0,-2.05,431.0,,19261,0,440.0,440.0,428.0
2017-06-15,0.0,1.15,440.0,,15064,0,436.0,442.0,432.0
2017-06-14,0.0,0.0,435.0,,8869,0,435.0,440.0,434.0
2017-06-13,0.0,-2.25,435.0,,13963,0,438.0,444.0,435.0
2017-06-12,0.0,0.23,445.0,,9184,0,445.0,446.0,434.0
2017-06-11,0.0,-1.11,443.0,,7886,0,442.0,448.0,440.0
2017-06-08,0.0,-0.88,449.0,,6842,0,444.0,452.0,444.0
2017-06-07,0.0,-0.22,453.0,,14334,0,463.0,463.0,450.0
2017-06-06,0.0,2.48,454.0,,10899,0,450.0,458.0,448.0
2017-06-05,0.0,-0.45,443.0,,12176,0,446.0,450.0,443.0
2017-06-04,0.0,-0.22,445.0,,10779,0,450.0,450.0,440.0
2017-06-01,0.0,-0.89,446.0,,14518,0,455.0,459.0,444.0
2017-05-31,0.0,1.35,450.0,,8727,0,444.0,455.0,439.0
2017-05-30,0.0,-1.33,444.0,,7182,0,450.0,450.0,441.0
2017-05-28,0.0,-1.1,451.0,,9086,0,454.0,455.0,445.0
2017-05-24,0.0,1.11,455.0,,11662,0,450.0,456.0,448.0
2017-05-23,0.0,0.45,450.0,,6912,0,445.0,455.0,443.0
2017-05-22,0.0,-0.44,447.0,,3174,0,441.0,450.0,441.0
2017-05-21,0.0,-0.22,450.0,,10460,0,460.0,460.0,444.0
2017-05-18,0.0,-0.88,451.0,,6117,0,455.0,458.0,450.0
2017-05-17,0.0,-0.22,455.0,,4811,0,455.0,460.0,454.0
2017-05-16,0.0,-1.93,456.0,,7225,0,461.0,465.0,455.0
2017-05-15,0.0,0.21,465.0,,10542,0,470.0,471.0,460.0
2017-05-11,0.0,1.53,464.0,,12423,0,465.0,466.0,461.0
2017-05-09,0.0,-0.65,457.0,,21081,0,460.0,461.0,452.0
2017-05-08,0.0,1.32,460.0,,16791,0,446.0,465.0,446.0
2017-05-07,0.0,-1.3,454.0,,5619,0,461.0,464.0,453.0
2017-05-04,0.0,-0.22,460.0,,10579,0,461.0,478.0,454.0
2017-05-03,0.0,0.0,461.0,,13689,0,470.0,478.0,457.0
2017-05-02,0.0,0.44,460.0,,22562,0,455.0,468.0,445.0
2017-04-30,0.0,-1.5,459.0,,18728,0,460.0,470.0,454.0
2017-04-27,0.0,-0.21,466.0,,15743,0,463.0,475.0,463.0
2017-04-26,0.0,-0.43,467.0,,9098,0,470.0,472.0,465.0
2017-04-25,0.0,0.0,469.0,,17195,0,465.0,472.0,464.0
2017-04-24,0.0,-0.64,469.0,,23133,0,472.0,474.0,466.0
2017-04-23,0.0,1.93,476.0,,42569,0,474.0,511.0,474.0
2017-04-20,0.0,0.43,465.0,,32994,0,464.0,483.0,463.0
2017-04-19,0.0,2.89,463.0,,15551,0,450.0,469.0,453.0
2017-04-18,0.0,-2.17,450.0,,26897,0,452.0,460.0,443.0
2017-04-16,0.0,-2.54,460.0,,14433,0,474.0,481.0,457.0
2017-04-13,0.0,-1.67,472.0,,25576,0,475.0,482.0,468.0
2017-04-12,0.0,-1.84,480.0,,43976,0,492.0,500.0,480.0
2017-04-11,0.0,3.82,489.0,,29427,0,470.0,494.0,470.0
2017-04-10,0.0,-0.21,471.0,,24705,0,473.0,485.0,467.0
2017-04-09,0.0,-2.07,472.0,,26361,0,484.0,485.0,470.0
2017-04-06,0.0,-2.63,482.0,,42085,0,495.0,495.0,474.0
2017-04-04,0.0,-1.79,495.0,,38622,0,504.0,508.0,480.0
2017-04-03,0.0,5.44,504.0,,86048,0,478.0,525.0,487.0
2017-03-30,0.0,1.59,574.0,,151987,0,565.0,577.0,555.0
2017-03-29,0.0,-5.88,565.0,,122754,0,595.0,615.0,550.0
2017-03-28,0.0,5.87,595.0,,63335,0,562.0,606.0,573.0
2017-03-26,0.0,9.98,562.0,,86224,0,513.0,562.0,512.0
2017-03-23,0.0,3.86,511.0,,42052,0,501.0,514.0,493.0
2017-03-22,0.0,1.65,490.0,,45578,0,493.0,515.0,485.0
2017-03-21,0.0,4.99,484.0,,26819,0,462.0,484.0,460.0
2017-03-20,0.0,2.22,461.0,,16216,0,455.0,465.0,455.0
2017-03-19,0.0,1.35,451.0,,10196,0,445.0,454.0,445.0
2017-03-16,0.0,-0.67,445.0,,9046,0,452.0,452.0,441.0
2017-03-15,0.0,1.59,448.0,,3091,0,449.0,449.0,443.0
2017-03-14,0.0,0.23,441.0,,9273,0,447.0,450.0,440.0
2017-03-13,0.0,-1.12,440.0,,5870,0,445.0,450.0,440.0
2017-03-09,0.0,1.37,445.0,,3547,0,444.0,452.0,444.0
2017-03-07,0.0,-2.23,440.0,,5596,0,442.0,443.0,439.0
2017-03-06,0.0,1.35,449.0,,9615,0,448.0,456.0,446.0
2017-03-05,0.0,1.84,443.0,,12347,0,432.0,448.0,432.0
2017-03-02,0.0,1.16,435.0,,5828,0,435.0,435.0,425.0
2017-03-01,0.0,2.14,430.0,,5008,0,421.0,430.0,421.0
2017-02-28,0.0,-3.0,421.0,,16732,0,426.0,426.0,417.0
2017-02-26,0.0,-1.36,434.0,,6391,0,445.0,445.0,430.0
2017-02-23,0.0,1.38,440.0,,14367,0,429.0,442.0,427.0
2017-02-22,0.0,-1.14,434.0,,22813,0,442.0,442.0,430.0
2017-02-21,0.0,-0.23,439.0,,18863,0,448.0,465.0,437.0
2017-02-20,0.0,-1.12,440.0,,17150,0,453.0,455.0,440.0
2017-02-19,0.0,-1.77,445.0,,23260,0,452.0,452.0,441.0
2017-02-16,0.0,0.0,453.0,,15709,0,455.0,460.0,450.0
2017-02-15,0.0,3.66,453.0,,12899,0,445.0,456.0,442.0
2017-02-14,0.0,-0.68,437.0,,13085,0,447.0,447.0,424.0
2017-02-13,0.0,2.56,440.0,,11039,0,422.0,443.0,413.0
2017-02-12,0.0,-3.59,429.0,,11551,0,453.0,453.0,416.0
2017-02-09,0.0,-1.11,445.0,,12428,0,443.0,453.0,440.0
2017-02-08,0.0,-1.1,450.0,,9700,0,457.0,460.0,448.0
2017-02-07,0.0,0.0,455.0,,4245,0,456.0,463.0,451.0
2017-02-06,0.0,-3.19,455.0,,5122,0,465.0,468.0,455.0
2017-02-05,0.0,-2.69,470.0,,3121,0,492.0,492.0,470.0
2017-02-02,0.0,0.0,483.0,,15620,0,492.0,500.0,480.0
2017-02-01,0.0,5.46,483.0,,9886,0,466.0,485.0,465.0
2017-01-31,0.0,3.62,458.0,,11409,0,435.0,464.0,435.0
2017-01-30,0.0,-3.91,442.0,,12799,0,451.0,465.0,442.0
2017-01-26,0.0,-6.12,460.0,,33136,0,490.0,490.0,455.0
2017-01-25,0.0,-3.54,490.0,,25727,0,505.0,505.0,480.0
2017-01-24,0.0,-2.31,508.0,,7839,0,530.0,530.0,500.0
2017-01-23,0.0,-1.14,520.0,,2679,0,524.0,524.0,520.0
2017-01-22,0.0,-0.38,526.0,,2773,0,531.0,531.0,526.0
2017-01-19,0.0,1.54,528.0,,1913,0,525.0,529.0,521.0
2017-01-18,0.0,-0.57,520.0,,3386,0,528.0,530.0,520.0
2017-01-17,0.0,-0.76,523.0,,3270,0,527.0,529.0,523.0
2017-01-16,0.0,-1.31,530.0,,2058,0,534.0,536.0,527.0
2017-01-15,0.0,-1.48,534.0,,2339,0,535.0,542.0,530.0
2017-01-12,0.0,0.37,542.0,,5428,0,540.0,546.0,531.0
2017-01-11,0.0,0.0,540.0,,8359,0,550.0,550.0,540.0
2017-01-10,0.0,0.0,540.0,,4148,0,540.0,550.0,540.0
2017-01-09,0.0,3.05,540.0,,5545,0,525.0,540.0,521.0
2017-01-08,0.0,-0.76,524.0,,5593,0,525.0,529.0,520.0
2017-01-05,0.0,-0.38,528.0,,8287,0,520.0,533.0,520.0
2017-01-04,0.0,0.0,530.0,,6130,0,535.0,535.0,510.0
2017-01-03,0.0,-2.75,530.0,,8202,0,550.0,550.0,530.0
2017-01-02,0.0,0.0,546.0,,19457,0,550.0,560.0,545.0
2017-01-01,0.0,3.61,545.0,,18373,0,535.0,555.0,535.0
2016-12-29,0.0,5.62,526.0,,19494,0,502.0,526.0,502.0
2016-12-28,0.0,0.61,498.0,,5725,0,500.0,505.0,495.0
2016-12-27,0.0,-0.4,495.0,,10568,0,488.0,506.0,483.0
2016-12-26,0.0,-3.12,497.0,,7763,0,503.0,510.0,497.0
2016-12-22,0.0,0.39,513.0,,8026,0,510.0,513.0,506.0
2016-12-21,0.0,-1.73,511.0,,6654,0,511.0,525.0,500.0
2016-12-20,0.0,0.0,520.0,,9974,0,520.0,530.0,505.0
2016-12-19,0.0,-3.7,520.0,,6963,0,535.0,535.0,520.0
2016-12-18,0.0,-0.37,540.0,,6847,0,540.0,540.0,525.0
2016-12-15,0.0,2.26,542.0,,4365,0,535.0,542.0,530.0
2016-12-14,0.0,0.95,530.0,,5246,0,535.0,535.0,525.0
2016-12-12,0.0,-0.94,525.0,,1484,0,530.0,530.0,515.0
2016-12-11,0.0,-1.85,530.0,,3290,0,540.0,541.0,529.0
2016-12-08,0.0,-1.82,540.0,,4444,0,546.0,550.0,540.0
2016-12-07,0.0,0.0,550.0,,1850,0,554.0,553.0,543.0
2016-12-06,0.0,0.92,550.0,,3030,0,554.0,555.0,540.0
2016-12-05,0.0,-2.33,545.0,,3418,0,556.0,558.0,530.0
2016-12-04,0.0,-2.96,558.0,,3739,0,571.0,571.0,558.0
2016-12-01,0.0,-0.17,575.0,,12639,0,580.0,590.0,556.0
2016-11-30,0.0,3.78,576.0,,17082,0,560.0,589.0,550.0
2016-11-29,0.0,5.71,555.0,,6827,0,515.0,560.0,505.0
2016-11-28,0.0,4.58,525.0,,20030,0,495.0,535.0,480.0
2016-11-27,0.0,-4.74,502.0,,14556,0,522.0,528.0,500.0
2016-11-24,0.0,0.38,527.0,,10536,0,535.0,540.0,523.0
2016-11-23,0.0,-4.54,525.0,,9827,0,540.0,540.0,520.0
2016-11-22,0.0,-0.9,550.0,,6174,0,560.0,560.0,538.0
2016-11-21,0.0,-0.18,555.0,,6653,0,562.0,565.0,541.0
2016-11-20,0.0,-4.14,556.0,,6046,0,571.0,571.0,530.0
2016-11-17,0.0,-2.52,580.0,,5087,0,595.0,595.0,580.0
2016-11-16,0.0,-0.17,595.0,,4803,0,595.0,600.0,588.0
2016-11-15,0.0,-0.67,597.0,,7995,0,610.0,612.0,590.0
2016-11-14,0.0,0.0,600.0,,6752,0,609.0,609.0,595.0
2016-11-13,0.0,0.0,600.0,,7038,0,610.0,610.0,598.0
2016-11-10,0.0,0.0,600.0,,4874,0,605.0,607.0,596.0
2016-11-09,0.0,-1.64,600.0,,5406,0,613.0,613.0,594.0
2016-11-08,0.0,-2.4,610.0,,5340,0,630.0,630.0,605.0
2016-11-07,0.0,-3.1,625.0,,1784,0,646.0,646.0,615.0
2016-11-03,0.0,1.1,645.0,,906,0,630.0,650.0,626.0
2016-10-27,0.0,-0.62,638.0,,2964,0,630.0,645.0,630.0
2016-10-26,0.0,-0.47,642.0,,4364,0,650.0,650.0,640.0
2016-10-25,0.0,-1.23,645.0,,3856,0,650.0,650.0,640.0
2016-10-24,0.0,-0.31,653.0,,7673,0,660.0,661.0,649.0
2016-10-23,0.0,-2.09,655.0,,6226,0,660.0,665.0,655.0
2016-10-20,0.0,0.6,669.0,,2944,0,677.0,677.0,661.0
2016-10-19,0.0,-0.75,665.0,,3950,0,668.0,670.0,660.0
2016-10-18,0.0,0.15,670.0,,1206,0,661.0,675.0,661.0
2016-10-17,0.0,-2.05,669.0,,3931,0,683.0,683.0,660.0
2016-10-16,0.0,0.0,683.0,,1795,0,683.0,703.0,679.0
2016-10-06,0.0,0.44,683.0,,2238,0,685.0,690.0,670.0
2016-10-05,0.0,1.8,680.0,,1002,0,680.0,680.0,667.0
2016-10-04,0.0,-0.6,668.0,,7550,0,670.0,680.0,667.0
2016-10-03,0.0,-1.18,672.0,,2351,0,680.0,690.0,670.0
2016-10-02,0.0,1.49,680.0,,4644,0,683.0,684.0,670.0
2016-09-29,0.0,-0.3,670.0,,3261,0,660.0,670.0,660.0
2016-09-28,0.0,0.0,672.0,,1414,0,672.0,677.0,670.0
2016-09-27,0.0,-0.44,672.0,,4456,0,677.0,684.0,672.0
2016-09-26,0.0,-3.16,675.0,,10691,0,697.0,690.0,659.0
2016-09-25,0.0,-0.59,1019.0,,31362,0,1032.0,1032.0,997.0
2016-09-22,0.0,-0.59,1019.0,,31362,0,1032.0,1032.0,997.0
2016-09-21,0.0,-1.82,1025.0,,24012,0,1037.0,1045.0,1020.0
2016-09-20,0.0,-0.57,1044.0,,42584,0,1071.0,1071.0,1040.0
2016-09-18,0.0,0.0,1040.0,,11307,0,1045.0,1052.0,1035.0
2016-09-14,0.0,0.0,1050.0,,11695,0,1055.0,1059.0,1046.0
2016-09-12,0.0,0.0,1050.0,,29095,0,1050.0,1060.0,1048.0
2016-09-11,0.0,-0.38,1050.0,,29449,0,1055.0,1075.0,1042.0
2016-09-08,0.0,-1.03,1054.0,,15717,0,1051.0,1058.0,1040.0
2016-09-07,0.0,3.6,1065.0,,62511,0,1035.0,1065.0,1011.0
2016-09-06,0.0,-1.44,1028.0,,25608,0,1040.0,1055.0,1011.0
2016-09-05,0.0,2.25,1043.0,,34803,0,1020.0,1056.0,1020.0
2016-09-04,0.0,2.2,1020.0,,13611,0,991.0,1029.0,989.0
2016-09-01,0.0,-0.1,998.0,,15887,0,990.0,1010.0,990.0
2016-08-31,0.0,0.0,999.0,,19708,0,985.0,1005.0,985.0
2016-08-30,0.0,1.63,999.0,,16862,0,1000.0,1002.0,983.0
2016-08-29,0.0,1.87,983.0,,14088,0,971.0,995.0,965.0
2016-08-28,0.0,-0.51,965.0,,5090,0,980.0,980.0,958.0
2016-08-24,0.0,0.0,970.0,,7338,0,984.0,984.0,951.0
2016-08-23,0.0,0.62,970.0,,12823,0,960.0,983.0,948.0
2016-08-22,0.0,-3.12,964.0,,6697,0,1000.0,1000.0,962.0
2016-08-21,0.0,-0.5,995.0,,8813,0,985.0,1013.0,985.0
2016-08-17,0.0,1.52,1000.0,,16569,0,972.0,1010.0,972.0
2016-08-16,0.0,1.55,986.0,,30158,0,970.0,1001.0,970.0
2016-08-15,0.0,0.21,970.0,,27993,0,987.0,1006.0,946.0
2016-08-14,0.0,-5.1,970.0,,20056,0,1001.0,1001.0,955.0
2016-08-11,0.0,0.99,1020.0,,33089,0,1005.0,1020.0,992.0
2016-08-10,0.0,0.5,1000.0,,50652,0,1010.0,1020.0,936.0
2016-08-09,0.0,9.94,995.0,,3567,0,923.0,995.0,923.0
2016-08-08,0.0,-6.89,905.0,,16460,0,972.0,965.0,901.0
2016-08-07,0.0,0.21,972.0,,25130,0,970.0,1006.0,970.0
2016-08-04,0.0,-3.19,970.0,,30904,0,1002.0,995.0,955.0
2016-08-03,0.0,0.2,1002.0,,23444,0,1000.0,1019.0,982.0
2016-08-02,0.0,-2.91,1000.0,,58079,0,1030.0,1015.0,1000.0
2016-08-01,0.0,-0.77,1030.0,,33867,0,1038.0,1050.0,995.0
2016-07-31,0.0,-2.08,1038.0,,28865,0,1060.0,1068.0,1020.0
2016-07-28,0.0,-1.94,1060.0,,33191,0,1081.0,1069.0,1029.0
2016-07-27,0.0,-0.09,1081.0,,40667,0,1082.0,1099.0,1035.0
2016-07-26,0.0,1.6,1082.0,,37909,0,1065.0,1113.0,1045.0
2016-07-25,0.0,8.23,1065.0,,63729,0,984.0,1065.0,985.0
2016-07-21,0.0,0.82,984.0,,43680,0,976.0,1010.0,954.0
2016-07-20,0.0,9.91,976.0,,73449,0,900.0,976.0,900.0
2016-07-19,0.0,6.6,888.0,,53355,0,830.0,899.0,830.0
2016-07-18,0.0,-1.3,833.0,,28713,0,844.0,865.0,814.0
2016-07-17,0.0,9.9,844.0,,46553,0,768.0,844.0,765.0
2016-07-14,0.0,1.05,768.0,,11763,0,755.0,775.0,755.0
2016-07-13,0.0,-0.78,760.0,,10620,0,766.0,768.0,740.0
2016-07-12,0.0,-1.42,766.0,,8705,0,777.0,784.0,720.0
2016-07-11,0.0,2.1,777.0,,27375,0,761.0,789.0,761.0
2016-07-10,0.0,0.0,761.0,,4691,0,761.0,765.0,740.0
2016-07-06,0.0,2.15,761.0,,24816,0,743.0,775.0,743.0
2016-07-05,0.0,2.05,745.0,,20430,0,724.0,750.0,713.0
2016-07-04,0.0,1.53,730.0,,5677,0,719.0,730.0,710.0
2016-07-03,0.0,-0.42,719.0,,11526,0,722.0,720.0,713.0
2016-06-30,0.0,-0.69,722.0,,19936,0,727.0,729.0,716.0
2016-06-29,0.0,-1.09,727.0,,10899,0,735.0,732.0,724.0
2016-06-28,0.0,-0.54,735.0,,12542,0,739.0,735.0,721.0
2016-06-27,0.0,4.08,739.0,,22093,0,710.0,739.0,713.0
2016-06-26,0.0,1.14,710.0,,7223,0,702.0,712.0,703.0
2016-06-23,0.0,-2.5,702.0,,6052,0,720.0,720.0,696.0
2016-06-22,0.0,2.42,720.0,,11454,0,715.0,728.0,706.0
2016-06-21,0.0,0.43,703.0,,9949,0,700.0,720.0,700.0
2016-06-20,0.0,-0.71,700.0,,10740,0,705.0,710.0,697.0
2016-06-19,0.0,-1.12,705.0,,18341,0,713.0,714.0,693.0
2016-06-16,0.0,-0.97,713.0,,14568,0,720.0,722.0,697.0
2016-06-15,0.0,-0.14,720.0,,11057,0,720.0,723.0,712.0
2016-06-14,0.0,3.0,720.0,,35182,0,714.0,725.0,710.0
2016-06-13,0.0,3.7,700.0,,40671,0,675.0,710.0,680.0
2016-06-12,0.0,-0.3,675.0,,4476,0,677.0,689.0,668.0
2016-06-09,0.0,0.0,677.0,,7948,0,680.0,694.0,677.0
2016-06-08,0.0,0.0,677.0,,11892,0,677.0,689.0,676.0
2016-06-07,0.0,1.04,677.0,,9201,0,669.0,680.0,661.0
2016-06-06,0.0,0.3,670.0,,4113,0,668.0,670.0,647.0
2016-06-05,0.0,0.0,668.0,,8658,0,668.0,674.0,650.0
2016-06-02,0.0,1.83,668.0,,14888,0,656.0,682.0,656.0
2016-06-01,0.0,-0.46,656.0,,10461,0,659.0,665.0,648.0
2016-05-31,0.0,-1.05,659.0,,7732,0,666.0,667.0,653.0
2016-05-30,0.0,-1.91,666.0,,6432,0,679.0,679.0,665.0
2016-05-29,0.0,0.0,679.0,,10097,0,679.0,679.0,660.0
2016-05-26,0.0,-0.44,679.0,,5751,0,682.0,689.0,657.0
2016-05-25,0.0,-1.16,682.0,,13438,0,690.0,692.0,671.0
2016-05-24,0.0,0.73,690.0,,7665,0,685.0,695.0,685.0
2016-05-23,0.0,0.74,685.0,,14290,0,680.0,690.0,677.0
2016-05-22,0.0,-0.58,680.0,,2404,0,684.0,686.0,670.0
2016-05-19,0.0,0.15,684.0,,14300,0,683.0,694.0,675.0
2016-05-18,0.0,0.44,683.0,,7927,0,680.0,693.0,680.0
2016-05-17,0.0,2.56,680.0,,16189,0,665.0,680.0,662.0
2016-05-16,0.0,-0.45,663.0,,4406,0,666.0,663.0,653.0
2016-05-15,0.0,-1.04,666.0,,4754,0,661.0,667.0,654.0
2016-05-12,0.0,0.15,656.0,,3940,0,655.0,667.0,655.0
2016-05-11,0.0,2.02,655.0,,11538,0,642.0,655.0,640.0
2016-05-10,0.0,-1.08,642.0,,3444,0,659.0,659.0,637.0
2016-05-09,0.0,2.37,649.0,,20133,0,640.0,663.0,640.0
2016-05-08,0.0,0.32,634.0,,5668,0,632.0,644.0,617.0
2016-05-05,0.0,0.0,632.0,,6608,0,632.0,632.0,610.0
2016-05-04,0.0,-1.25,632.0,,5406,0,640.0,639.0,629.0
2016-05-03,0.0,0.0,640.0,,7259,0,640.0,644.0,635.0
2016-05-02,0.0,0.31,640.0,,18127,0,638.0,645.0,627.0
2016-04-28,0.0,-1.39,638.0,,7618,0,647.0,651.0,638.0
2016-04-27,0.0,1.41,647.0,,10197,0,638.0,655.0,632.0
2016-04-26,0.0,-2.6,638.0,,6470,0,655.0,651.0,638.0
2016-04-25,0.0,2.34,655.0,,11479,0,640.0,663.0,641.0
2016-04-24,0.0,1.59,640.0,,11906,0,630.0,649.0,622.0
2016-04-21,0.0,4.13,630.0,,26726,0,605.0,630.0,595.0
2016-04-20,0.0,1.0,605.0,,12246,0,599.0,607.0,596.0
2016-04-19,0.0,-2.12,599.0,,2370,0,612.0,605.0,590.0
2016-04-18,0.0,2.86,612.0,,12148,0,595.0,612.0,570.0
2016-04-17,0.0,0.68,595.0,,7426,0,602.0,602.0,582.0
2016-04-14,0.0,5.54,591.0,,3092,0,560.0,591.0,560.0
2016-04-12,0.0,-2.78,560.0,,1071,0,576.0,565.0,560.0
2016-04-11,0.0,-1.2,576.0,,2445,0,583.0,584.0,572.0
2016-04-10,0.0,-1.32,671.0,,35135,0,680.0,685.0,670.0
2016-04-06,0.0,-0.58,680.0,,17535,0,684.0,689.0,677.0
2016-04-05,0.0,0.59,684.0,,22777,0,670.0,685.0,670.0
2016-04-04,0.0,1.49,680.0,,12643,0,670.0,680.0,670.0
2016-04-03,0.0,1.82,670.0,,15676,0,658.0,690.0,652.0
2016-03-31,0.0,-1.05,658.0,,7572,0,665.0,663.0,655.0
2016-03-30,0.0,-0.6,665.0,,8799,0,669.0,680.0,661.0
2016-03-29,0.0,-0.3,669.0,,7922,0,671.0,673.0,657.0
2016-03-28,0.0,-0.3,671.0,,16225,0,673.0,685.0,658.0
2016-03-27,0.0,2.75,673.0,,25338,0,655.0,673.0,650.0
2016-03-24,0.0,0.31,655.0,,11367,0,653.0,678.0,651.0
2016-03-23,0.0,0.77,653.0,,8568,0,650.0,664.0,648.0
2016-03-21,0.0,-1.82,648.0,,24495,0,663.0,666.0,648.0
2016-03-20,0.0,-0.75,660.0,,16552,0,664.0,671.0,656.0
2016-03-17,0.0,-1.34,666.0,,14604,0,670.0,672.0,665.0
2016-03-16,0.0,1.35,673.0,,9375,0,662.0,679.0,655.0
2016-03-15,0.0,-1.04,665.0,,14526,0,666.0,674.0,655.0
2016-03-14,0.0,-4.95,672.0,,31398,0,715.0,715.0,665.0
2016-03-13,0.0,2.02,707.0,,133833,0,706.0,734.0,700.0
2016-03-10,0.0,10.0,693.0,,69293,0,640.0,693.0,640.0
2016-03-06,0.0,2.11,630.0,,22567,0,610.0,635.0,610.0
2016-03-03,0.0,3.0,617.0,,31519,0,590.0,620.0,590.0
2016-03-02,0.0,2.39,599.0,,3609,0,585.0,609.0,580.0
2016-03-01,0.0,-0.68,585.0,,4675,0,590.0,590.0,583.0
2016-02-29,0.0,-0.17,589.0,,4735,0,590.0,590.0,586.0
2016-02-28,0.0,0.85,590.0,,10168,0,585.0,595.0,587.0
2016-02-25,0.0,-1.68,585.0,,5816,0,585.0,605.0,581.0
2016-02-24,0.0,-1.65,595.0,,4249,0,600.0,603.0,590.0
2016-02-23,0.0,2.54,605.0,,16364,0,590.0,609.0,585.0
2016-02-22,0.0,0.0,590.0,,6229,0,585.0,595.0,585.0
2016-02-21,0.0,0.34,590.0,,21553,0,598.0,598.0,585.0
2016-02-18,0.0,-0.34,588.0,,20751,0,590.0,596.0,588.0
2016-02-17,0.0,2.43,590.0,,14601,0,576.0,590.0,560.0
2016-02-16,0.0,-2.37,576.0,,4767,0,590.0,600.0,571.0
2016-02-15,0.0,3.51,590.0,,10726,0,570.0,590.0,555.0
2016-02-14,0.0,-1.72,570.0,,7802,0,569.0,579.0,561.0
2016-02-11,0.0,-1.69,580.0,,4680,0,590.0,590.0,580.0
2016-02-08,0.0,-0.84,590.0,,10270,0,595.0,594.0,584.0
2016-02-07,0.0,1.02,595.0,,12440,0,589.0,604.0,585.0
2016-02-04,0.0,2.61,589.0,,11203,0,580.0,589.0,573.0
2016-02-03,0.0,-1.03,574.0,,4671,0,580.0,580.0,572.0
2016-02-02,0.0,-0.68,580.0,,7156,0,585.0,595.0,580.0
2016-02-01,0.0,1.74,584.0,,12969,0,574.0,588.0,572.0
2016-01-31,0.0,-1.37,574.0,,5068,0,590.0,590.0,571.0
2016-01-28,0.0,-0.51,582.0,,6324,0,580.0,585.0,576.0
2016-01-27,0.0,-1.68,585.0,,4958,0,595.0,590.0,580.0
2016-01-26,0.0,0.0,595.0,,16386,0,595.0,601.0,593.0
2016-01-25,0.0,-0.67,595.0,,7231,0,605.0,615.0,594.0
2016-01-24,0.0,2.74,599.0,,34629,0,583.0,599.0,589.0
2016-01-21,0.0,-1.69,583.0,,23814,0,593.0,600.0,577.0
2016-01-20,0.0,4.4,593.0,,53666,0,579.0,615.0,579.0
2016-01-19,0.0,-2.07,568.0,,15212,0,571.0,576.0,547.0
2016-01-18,0.0,0.87,580.0,,19463,0,564.0,608.0,561.0
2016-01-17,0.0,4.59,570.0,,65709,0,555.0,591.0,541.0
2016-01-14,0.0,3.02,545.0,,22823,0,530.0,545.0,524.0
2016-01-13,0.0,1.54,529.0,,2677,0,521.0,531.0,517.0
2016-01-12,0.0,-0.76,521.0,,4907,0,525.0,526.0,521.0
2016-01-11,0.0,1.35,525.0,,11440,0,520.0,529.0,511.0
2016-01-10,0.0,0.58,518.0,,5622,0,515.0,520.0,506.0
2016-01-07,0.0,3.0,515.0,,7371,0,510.0,520.0,505.0
2016-01-06,0.0,-0.99,500.0,,4686,0,495.0,507.0,495.0
2016-01-05,0.0,-0.2,505.0,,4135,0,515.0,515.0,500.0
2016-01-04,0.0,-2.32,506.0,,6760,0,518.0,528.0,502.0
2016-01-03,0.0,1.97,518.0,,8407,0,500.0,518.0,499.0
2015-12-31,0.0,1.6,508.0,,5772,0,500.0,513.0,500.0
2015-12-29,0.0,0.2,500.0,,7138,0,499.0,508.0,496.0
2015-12-28,0.0,-0.6,499.0,,2290,0,502.0,504.0,497.0
2015-12-25,0.0,-1.57,502.0,,12349,0,502.0,505.0,499.0
2015-12-24,0.0,2.82,510.0,,11469,0,490.0,510.0,490.0
2015-12-23,0.0,-3.12,496.0,,6162,0,512.0,510.0,496.0
2015-12-22,0.0,-3.21,512.0,,21836,0,539.0,559.0,510.0
2015-12-21,0.0,9.98,529.0,,47347,0,481.0,529.0,481.0
2015-12-20,0.0,3.44,481.0,,16618,0,465.0,483.0,462.0
2015-12-17,0.0,3.33,465.0,,1388,0,451.0,468.0,451.0
2015-12-16,0.0,1.12,450.0,,7554,0,450.0,453.0,448.0
2015-12-15,0.0,-1.11,445.0,,3918,0,446.0,446.0,440.0
2015-12-14,0.0,-1.32,450.0,,2818,0,452.0,453.0,450.0
2015-12-13,0.0,-1.93,456.0,,1652,0,465.0,465.0,456.0
2015-12-10,0.0,-0.85,465.0,,934,0,469.0,469.0,450.0
2015-12-09,0.0,3.99,469.0,,1612,0,460.0,469.0,460.0
2015-12-08,0.0,-0.88,451.0,,2091,0,447.0,455.0,447.0
2015-12-07,0.0,-2.15,455.0,,860,0,456.0,456.0,454.0
2015-12-04,0.0,3.33,465.0,,2902,0,459.0,468.0,459.0
2015-12-03,0.0,-0.22,450.0,,3472,0,455.0,459.0,450.0
2015-12-02,0.0,-0.66,451.0,,3272,0,445.0,451.0,445.0
2015-12-01,0.0,5.34,454.0,,5943,0,431.0,454.0,439.0
2015-11-30,0.0,2.62,431.0,,4935,0,428.0,450.0,424.0
2015-11-29,0.0,-6.04,420.0,,9273,0,442.0,442.0,420.0
2015-11-26,0.0,-0.67,447.0,,2656,0,446.0,450.0,435.0
2015-11-25,0.0,-1.1,450.0,,6331,0,461.0,461.0,448.0
2015-11-24,0.0,0.66,455.0,,1170,0,461.0,461.0,451.0
2015-11-23,0.0,0.0,452.0,,4235,0,450.0,452.0,449.0
2015-11-22,0.0,-2.8,452.0,,2625,0,460.0,460.0,451.0
2015-11-19,0.0,-1.06,465.0,,1940,0,475.0,475.0,460.0
2015-11-18,0.0,-0.21,470.0,,1230,0,475.0,475.0,467.0
2015-11-16,0.0,-0.84,471.0,,250,0,467.0,471.0,467.0
2015-11-15,0.0,-0.42,475.0,,1170,0,471.0,475.0,470.0
2015-11-10,0.0,-1.24,477.0,,8443,0,474.0,485.0,474.0
2015-11-09,0.0,4.54,483.0,,4949,0,469.0,483.0,469.0
2015-11-08,0.0,0.43,462.0,,607,0,451.0,462.0,451.0
2015-11-05,0.0,-1.29,460.0,,878,0,463.0,463.0,460.0
2015-11-04,0.0,1.97,466.0,,1462,0,449.0,470.0,449.0
2015-11-03,0.0,-0.87,457.0,,81,0,455.0,457.0,455.0
2015-11-02,0.0,1.1,461.0,,3088,0,450.0,470.0,450.0
2015-11-01,0.0,-2.98,456.0,,4509,0,469.0,469.0,450.0
2015-10-29,0.0,0.86,470.0,,1970,0,470.0,475.0,466.0
2015-10-28,0.0,-1.27,466.0,,2955,0,463.0,472.0,455.0
2015-10-27,0.0,-1.87,472.0,,3737,0,472.0,472.0,465.0
2015-10-25,0.0,-3.8,481.0,,2481,0,490.0,490.0,480.0
2015-10-19,0.0,1.01,500.0,,2033,0,492.0,500.0,489.0
2015-10-18,0.0,-0.8,495.0,,8306,0,490.0,495.0,487.0
2015-10-15,0.0,1.01,499.0,,6688,0,485.0,499.0,476.0
2015-10-14,0.0,-6.79,494.0,,9865,0,540.0,540.0,493.0
2015-10-11,0.0,7.07,530.0,,93601,0,504.0,544.0,504.0
2015-10-08,0.0,10.0,495.0,,15581,0,450.0,495.0,443.0
2015-10-07,0.0,2.27,450.0,,511,0,440.0,450.0,440.0
2015-10-06,0.0,-1.12,440.0,,5822,0,445.0,445.0,435.0
2015-10-05,0.0,-1.33,445.0,,2871,0,460.0,460.0,442.0
2015-10-04,0.0,-1.74,451.0,,2200,0,455.0,455.0,443.0
2015-10-01,0.0,2.0,459.0,,5128,0,455.0,460.0,444.0
2015-09-30,0.0,0.0,450.0,,4851,0,442.0,468.0,442.0
2015-09-29,0.0,0.0,450.0,,2289,0,450.0,459.0,450.0
2015-09-28,0.0,-2.17,450.0,,1581,0,451.0,454.0,446.0
2015-09-24,0.0,-1.08,460.0,,956,0,456.0,461.0,456.0
2015-09-23,0.0,1.97,465.0,,9252,0,465.0,474.0,460.0
2015-09-22,0.0,-5.0,456.0,,9991,0,471.0,471.0,456.0
2015-09-17,0.0,-1.44,480.0,,5292,0,488.0,488.0,475.0
2015-09-16,0.0,-1.62,487.0,,1186,0,490.0,490.0,486.0
2015-09-15,0.0,-1.0,495.0,,1356,0,510.0,505.0,486.0
2015-09-14,0.0,0.0,500.0,,4489,0,510.0,511.0,492.0
2015-09-13,0.0,4.38,500.0,,9190,0,480.0,500.0,480.0
2015-09-10,0.0,-0.21,479.0,,7097,0,472.0,489.0,472.0
2015-09-09,0.0,-1.64,480.0,,41,0,480.0,480.0,480.0
2015-09-08,0.0,-1.81,488.0,,651,0,496.0,496.0,488.0
2015-09-07,0.0,3.54,495.0,,2252,0,489.0,497.0,475.0
2015-09-06,0.0,3.23,480.0,,1710,0,474.0,485.0,474.0
2015-09-03,0.0,-4.32,465.0,,760,0,478.0,478.0,465.0
2015-09-02,0.0,-1.82,486.0,,1000,0,486.0,486.0,486.0
2015-09-01,0.0,-1.0,495.0,,6425,0,500.0,500.0,493.0
2015-08-31,0.0,0.0,500.0,,3126,0,496.0,503.0,496.0
2015-08-27,0.0,-0.99,500.0,,1382,0,505.0,505.0,500.0
2015-08-26,0.0,-1.94,506.0,,1300,0,506.0,506.0,505.0
2015-08-25,0.0,1.78,515.0,,3076,0,504.0,515.0,496.0
2015-08-24,0.0,0.0,506.0,,2386,0,506.0,509.0,505.0
2015-08-23,0.0,-3.62,506.0,,8354,0,516.0,516.0,505.0
2015-08-20,0.0,-0.57,525.0,,5070,0,538.0,548.0,525.0
2015-08-19,0.0,1.93,527.0,,4816,0,518.0,528.0,510.0
2015-08-18,0.0,6.8,518.0,,17564,0,494.0,518.0,494.0
2015-08-17,0.0,9.98,485.0,,14033,0,449.0,485.0,449.0
2015-08-16,0.0,-0.68,441.0,,15570,0,450.0,456.0,441.0
2015-08-13,0.0,-0.22,444.0,,8463,0,444.0,459.0,438.0
2015-08-12,0.0,-2.2,445.0,,4305,0,446.0,450.0,436.0
2015-08-11,0.0,-5.01,455.0,,2244,0,479.0,470.0,452.0
2015-08-10,0.0,2.13,479.0,,8260,0,469.0,488.0,470.0
2015-08-09,0.0,1.3,469.0,,9306,0,463.0,469.0,450.0
2015-08-06,0.0,2.43,463.0,,8242,0,452.0,465.0,455.0
2015-08-05,0.0,3.17,455.0,,6489,0,441.0,459.0,437.0
2015-08-04,0.0,-3.5,441.0,,7651,0,457.0,460.0,439.0
2015-08-03,0.0,2.47,457.0,,3667,0,446.0,458.0,440.0
2015-08-02,0.0,-0.89,446.0,,558,0,450.0,449.0,445.0
2015-07-30,0.0,-3.64,450.0,,3973,0,467.0,465.0,450.0
2015-07-29,0.0,-2.71,467.0,,120,0,480.0,471.0,467.0
2015-07-28,0.0,-3.61,480.0,,682,0,498.0,489.0,480.0
2015-07-27,0.0,-2.54,498.0,,8007,0,511.0,521.0,476.0
2015-07-26,0.0,9.89,511.0,,140,0,465.0,511.0,474.0
2015-07-23,0.0,5.68,465.0,,7731,0,440.0,465.0,435.0
2015-07-22,0.0,1.85,440.0,,7356,0,426.0,442.0,421.0
2015-07-16,0.0,4.1,432.0,,391,0,415.0,432.0,416.0
2015-07-15,0.0,1.22,415.0,,2601,0,410.0,418.0,408.0
2015-07-14,0.0,0.24,410.0,,3414,0,406.0,414.0,406.0
2015-07-13,0.0,-0.49,409.0,,1242,0,410.0,410.0,409.0
2015-07-12,0.0,0.24,411.0,,5083,0,409.0,412.0,405.0
2015-07-09,0.0,0.49,410.0,,401,0,416.0,416.0,410.0
2015-07-08,0.0,0.74,408.0,,2073,0,409.0,409.0,406.0
2015-07-07,0.0,0.25,405.0,,6448,0,404.0,410.0,404.0
2015-07-06,0.0,-3.12,404.0,,330,0,417.0,417.0,403.0
2015-07-05,0.0,2.96,417.0,,1564,0,408.0,419.0,408.0
2015-07-02,0.0,-1.22,405.0,,4059,0,404.0,408.0,403.0
2015-07-01,0.0,-1.2,410.0,,572,0,408.0,410.0,408.0
2015-06-30,0.0,-1.19,415.0,,6613,0,412.0,415.0,406.0
2015-06-29,0.0,0.0,420.0,,8930,0,420.0,420.0,406.0
2015-06-28,0.0,0.24,420.0,,2180,0,419.0,420.0,415.0
2015-06-25,0.0,1.21,419.0,,833,0,417.0,420.0,417.0
2015-06-24,0.0,-1.43,414.0,,1269,0,420.0,425.0,414.0
2015-06-23,0.0,1.2,420.0,,7897,0,415.0,423.0,415.0
2015-06-22,0.0,0.0,415.0,,1380,0,410.0,420.0,410.0
2015-06-21,0.0,-0.24,415.0,,1001,0,416.0,416.0,413.0
2015-06-18,0.0,-1.65,416.0,,873,0,423.0,422.0,412.0
2015-06-17,0.0,-0.7,423.0,,1700,0,426.0,426.0,418.0
2015-06-16,0.0,1.19,426.0,,1298,0,421.0,426.0,418.0
2015-06-15,0.0,1.94,421.0,,1505,0,413.0,427.0,407.0
2015-06-14,0.0,-2.82,413.0,,2431,0,425.0,420.0,413.0
2015-06-11,0.0,-2.97,425.0,,2209,0,438.0,432.0,422.0
2015-06-10,0.0,-2.23,438.0,,880,0,448.0,440.0,432.0
2015-06-09,0.0,4.19,448.0,,3888,0,430.0,463.0,438.0
2015-06-08,0.0,0.0,430.0,,1959,0,430.0,438.0,425.0
2015-06-04,0.0,-2.78,420.0,,2566,0,432.0,440.0,420.0
2015-06-03,0.0,8.0,432.0,,1581,0,400.0,432.0,402.0
2015-06-02,0.0,0.0,400.0,,181,0,400.0,402.0,400.0
2015-06-01,0.0,0.76,400.0,,2353,0,397.0,404.0,390.0
2015-05-31,0.0,1.79,397.0,,1141,0,390.0,402.0,392.0
2015-05-28,0.0,3.72,390.0,,2330,0,376.0,393.0,380.0
2015-05-27,0.0,-5.29,376.0,,230,0,397.0,390.0,376.0
2015-05-26,0.0,8.77,397.0,,1215,0,365.0,397.0,370.0
2015-05-25,0.0,-6.89,365.0,,844,0,392.0,385.0,360.0
2015-05-24,0.0,-9.26,392.0,,90,0,432.0,424.0,392.0
2015-04-23,0.0,-1.82,432.0,,1563,0,440.0,434.0,430.0
2015-04-21,0.0,0.69,439.0,,1312,0,436.0,439.0,431.0
2015-04-20,0.0,0.0,436.0,,1363,0,436.0,439.0,434.0
2015-04-19,0.0,-0.23,436.0,,820,0,437.0,437.0,429.0
2015-04-16,0.0,-1.27,468.0,,8979,0,474.0,468.0,455.0
2015-04-15,0.0,0.42,474.0,,13284,0,472.0,475.0,455.0
2015-04-13,0.0,-1.46,472.0,,4158,0,479.0,472.0,461.0
2015-04-12,0.0,1.7,479.0,,4345,0,471.0,482.0,468.0
2015-04-09,0.0,2.84,471.0,,7084,0,458.0,471.0,451.0
2015-04-08,0.0,1.78,458.0,,2164,0,450.0,464.0,449.0
2015-04-07,0.0,0.0,450.0,,2372,0,450.0,451.0,446.0
2015-04-06,0.0,-1.1,450.0,,3678,0,455.0,460.0,446.0
2015-04-05,0.0,-2.15,455.0,,1330,0,465.0,471.0,452.0
2015-04-02,0.0,0.22,465.0,,3444,0,464.0,465.0,455.0
2015-04-01,0.0,0.65,464.0,,2590,0,461.0,464.0,454.0
2015-03-31,0.0,0.44,461.0,,1282,0,459.0,465.0,458.0
2015-03-30,0.0,-2.13,459.0,,3598,0,469.0,469.0,451.0
2015-03-29,0.0,-1.47,469.0,,531,0,476.0,470.0,469.0
2015-03-26,0.0,1.28,476.0,,966,0,470.0,476.0,463.0
2015-03-25,0.0,0.64,470.0,,797,0,467.0,470.0,459.0
2015-03-24,0.0,-0.43,467.0,,1251,0,469.0,469.0,464.0
2015-03-23,0.0,0.43,469.0,,4993,0,467.0,470.0,463.0
2015-03-22,0.0,-2.71,467.0,,6630,0,480.0,476.0,464.0
2015-03-19,0.0,1.69,480.0,,1882,0,472.0,480.0,470.0
2015-03-18,0.0,0.21,472.0,,1901,0,471.0,472.0,466.0
2015-03-17,0.0,0.0,471.0,,731,0,471.0,473.0,467.0
2015-03-16,0.0,-0.84,471.0,,1607,0,475.0,475.0,467.0
2015-03-15,0.0,0.0,475.0,,2644,0,475.0,480.0,471.0
2015-03-12,0.0,-0.42,475.0,,1710,0,477.0,490.0,470.0
2015-03-11,0.0,-0.83,477.0,,1618,0,481.0,485.0,477.0
2015-03-10,0.0,-3.22,481.0,,1061,0,497.0,490.0,472.0
2015-03-09,0.0,3.97,497.0,,8858,0,478.0,504.0,485.0
2015-03-04,0.0,-1.04,478.0,,2209,0,483.0,492.0,476.0
2015-03-03,0.0,0.62,483.0,,1590,0,480.0,484.0,471.0
2015-03-02,0.0,0.0,480.0,,1111,0,480.0,495.0,475.0
2015-03-01,0.0,1.05,480.0,,1184,0,475.0,480.0,470.0
2015-02-26,0.0,0.0,470.0,,1994,0,470.0,470.0,460.0
2015-02-25,0.0,1.08,470.0,,2152,0,465.0,471.0,459.0
2015-02-24,0.0,0.21,465.0,,3018,0,464.0,465.0,460.0
2015-02-23,0.0,0.0,464.0,,3374,0,464.0,465.0,456.0
2015-02-22,0.0,-2.11,464.0,,3088,0,474.0,472.0,464.0
2015-02-19,0.0,-1.04,474.0,,2807,0,479.0,479.0,472.0
2015-02-16,0.0,0.42,479.0,,4307,0,477.0,479.0,472.0
2015-02-15,0.0,-1.04,477.0,,1086,0,482.0,482.0,476.0
2015-02-12,0.0,1.26,482.0,,5980,0,476.0,485.0,475.0
2015-02-11,0.0,0.21,476.0,,3776,0,475.0,480.0,470.0
2015-02-10,0.0,-0.84,475.0,,3543,0,479.0,475.0,463.0
2015-02-09,0.0,0.84,479.0,,6337,0,475.0,484.0,470.0
2015-02-08,0.0,0.42,475.0,,2025,0,473.0,476.0,471.0
2015-02-05,0.0,-1.46,473.0,,2868,0,480.0,489.0,471.0
2015-02-04,0.0,-0.62,480.0,,1946,0,483.0,485.0,475.0
2015-02-03,0.0,-0.82,483.0,,2126,0,487.0,490.0,472.0
2015-02-02,0.0,-1.22,487.0,,3667,0,493.0,494.0,485.0
2015-02-01,0.0,-1.4,493.0,,4653,0,500.0,496.0,491.0
2015-01-29,0.0,-1.77,500.0,,10005,0,509.0,512.0,495.0
2015-01-28,0.0,1.19,509.0,,15503,0,503.0,513.0,498.0
2015-01-27,0.0,4.57,503.0,,13660,0,481.0,510.0,478.0
2015-01-26,0.0,1.26,481.0,,5767,0,475.0,484.0,470.0
2015-01-25,0.0,0.42,475.0,,2889,0,473.0,483.0,466.0
2015-01-22,0.0,-1.05,473.0,,1265,0,478.0,477.0,470.0
2015-01-20,0.0,-1.85,478.0,,10113,0,487.0,489.0,474.0
2015-01-19,0.0,2.53,487.0,,7796,0,475.0,499.0,480.0
2015-01-18,0.0,-1.86,475.0,,5160,0,484.0,485.0,473.0
2015-01-14,0.0,1.89,484.0,,11042,0,475.0,489.0,467.0
2015-01-13,0.0,0.42,475.0,,1012,0,473.0,475.0,466.0
2015-01-12,0.0,-2.27,473.0,,3521,0,484.0,479.0,468.0
2015-01-11,0.0,2.33,484.0,,3451,0,473.0,484.0,465.0
2015-01-08,0.0,-0.63,473.0,,2511,0,476.0,480.0,472.0
2015-01-07,0.0,0.21,476.0,,3541,0,475.0,476.0,467.0
2015-01-06,0.0,-2.46,475.0,,3920,0,487.0,480.0,466.0
2015-01-05,0.0,1.88,487.0,,1739,0,478.0,487.0,471.0
2015-01-04,0.0,-0.21,478.0,,1201,0,479.0,481.0,474.0
2015-01-01,0.0,0.63,479.0,,2695,0,476.0,485.0,470.0
2014-12-31,0.0,0.21,476.0,,2969,0,475.0,490.0,464.0
2014-12-29,0.0,-1.86,475.0,,2105,0,484.0,484.0,466.0
2014-12-28,0.0,2.98,484.0,,3257,0,470.0,484.0,470.0
2014-12-24,0.0,0.64,470.0,,3183,0,467.0,470.0,458.0
2014-12-23,0.0,-1.27,467.0,,2357,0,473.0,470.0,447.0
2014-12-22,0.0,1.94,473.0,,4523,0,464.0,473.0,452.0
2014-12-21,0.0,-3.33,464.0,,3044,0,480.0,475.0,461.0
2014-12-18,0.0,-1.03,480.0,,2212,0,485.0,480.0,465.0
2014-12-17,0.0,-1.42,485.0,,3200,0,492.0,488.0,479.0
2014-12-16,0.0,-1.01,492.0,,5232,0,497.0,494.0,470.0
2014-12-15,0.0,1.43,497.0,,4393,0,490.0,505.0,481.0
2014-12-14,0.0,4.48,490.0,,3724,0,469.0,493.0,474.0
2014-12-11,0.0,-0.21,469.0,,4644,0,470.0,479.0,457.0
2014-12-10,0.0,5.38,470.0,,567,0,446.0,470.0,446.0
2014-12-09,0.0,-0.45,446.0,,2366,0,448.0,450.0,442.0
2014-12-08,0.0,-0.88,448.0,,1290,0,452.0,450.0,443.0
2014-12-07,0.0,-2.59,452.0,,1718,0,464.0,458.0,448.0
2014-12-04,0.0,1.98,464.0,,2277,0,455.0,469.0,460.0
2014-12-03,0.0,0.44,455.0,,2153,0,453.0,467.0,447.0
2014-12-02,0.0,2.26,453.0,,1108,0,443.0,453.0,435.0
2014-12-01,0.0,-0.45,443.0,,1733,0,445.0,448.0,439.0
2014-11-30,0.0,-2.63,445.0,,1452,0,457.0,457.0,441.0
2014-11-25,0.0,-1.72,457.0,,71,0,465.0,465.0,457.0
2014-11-24,0.0,-3.12,465.0,,1129,0,480.0,475.0,461.0
2014-11-23,0.0,5.03,480.0,,5920,0,457.0,485.0,457.0
2014-11-20,0.0,0.0,457.0,,3097,0,457.0,460.0,449.0
2014-11-19,0.0,2.01,457.0,,1602,0,448.0,466.0,440.0
2014-11-18,0.0,4.19,448.0,,5593,0,430.0,449.0,415.0
2014-11-17,0.0,-5.49,430.0,,5025,0,455.0,453.0,430.0
2014-11-16,0.0,-1.73,455.0,,2659,0,463.0,463.0,455.0
2014-11-13,0.0,-1.49,463.0,,5215,0,470.0,479.0,455.0
2014-11-12,0.0,0.0,470.0,,3095,0,470.0,477.0,462.0
2014-11-11,0.0,0.21,470.0,,2460,0,469.0,470.0,443.0
2014-11-10,0.0,-0.21,469.0,,7137,0,470.0,471.0,459.0
2014-11-09,0.0,-3.29,470.0,,4361,0,486.0,482.0,470.0
2014-11-06,0.0,-0.82,486.0,,4774,0,490.0,490.0,481.0
2014-11-05,0.0,2.08,490.0,,3168,0,480.0,493.0,477.0
2014-11-04,0.0,0.42,480.0,,4283,0,478.0,480.0,461.0
2014-11-03,0.0,-1.85,478.0,,2984,0,487.0,490.0,476.0
2014-11-02,0.0,-1.81,487.0,,3479,0,496.0,488.0,484.0
2014-10-30,0.0,-1.39,496.0,,3239,0,503.0,502.0,496.0
2014-10-28,0.0,-0.98,503.0,,3103,0,508.0,507.0,496.0
2014-10-27,0.0,1.4,508.0,,826,0,501.0,508.0,500.0
2014-10-26,0.0,-0.79,501.0,,318,0,505.0,501.0,495.0
2014-10-22,0.0,-0.2,505.0,,2166,0,506.0,514.0,495.0
2014-10-21,0.0,-1.17,506.0,,1623,0,512.0,517.0,506.0
2014-10-20,0.0,-2.29,512.0,,1855,0,524.0,515.0,504.0
2014-10-19,0.0,2.34,524.0,,2531,0,512.0,524.0,495.0
2014-10-16,0.0,0.79,512.0,,2026,0,508.0,515.0,500.0
2014-10-15,0.0,1.6,508.0,,3468,0,500.0,510.0,500.0
2014-10-14,0.0,0.81,500.0,,2216,0,496.0,505.0,496.0
2014-10-13,0.0,-0.6,496.0,,6363,0,499.0,501.0,490.0
2014-10-12,0.0,-3.11,499.0,,3534,0,515.0,519.0,494.0
2014-10-09,0.0,-0.96,515.0,,4332,0,520.0,520.0,514.0
2014-10-08,0.0,-0.38,520.0,,1950,0,522.0,520.0,507.0
2014-09-30,0.0,-4.92,522.0,,4135,0,549.0,545.0,522.0
2014-09-29,0.0,3.0,549.0,,2590,0,533.0,549.0,526.0
2014-09-28,0.0,0.0,533.0,,5441,0,533.0,535.0,520.0
2014-09-24,0.0,4.72,533.0,,27922,0,509.0,555.0,509.0
2014-09-23,0.0,9.94,509.0,,1603,0,463.0,509.0,472.0
2014-09-22,0.0,-2.11,463.0,,4694,0,473.0,478.0,450.0
2014-09-21,0.0,-5.4,473.0,,4876,0,500.0,491.0,472.0
2014-09-18,0.0,-1.22,485.0,,556,0,491.0,493.0,485.0
2014-09-17,0.0,-1.8,491.0,,2141,0,500.0,501.0,491.0
2014-09-16,0.0,1.01,500.0,,5664,0,495.0,500.0,493.0
2014-09-15,0.0,-1.2,495.0,,4559,0,501.0,500.0,490.0
2014-09-14,0.0,-1.76,501.0,,11790,0,510.0,507.0,495.0
2014-09-11,0.0,-0.97,510.0,,5116,0,515.0,515.0,494.0
2014-09-10,0.0,0.98,515.0,,17200,0,510.0,550.0,502.0
2014-09-09,0.0,6.92,510.0,,6261,0,477.0,514.0,480.0
2014-09-07,0.0,-7.56,477.0,,8707,0,516.0,513.0,477.0
2014-09-04,0.0,-3.37,516.0,,13269,0,534.0,528.0,514.0
2014-09-03,0.0,-1.11,534.0,,6177,0,540.0,550.0,531.0
2014-09-01,0.0,-0.74,540.0,,8096,0,544.0,540.0,524.0
2014-08-31,0.0,-1.98,544.0,,7186,0,555.0,555.0,529.0
2014-08-28,0.0,-0.72,555.0,,9333,0,559.0,581.0,555.0
2014-08-27,0.0,5.08,559.0,,13712,0,532.0,585.0,540.0
2014-08-26,0.0,-4.83,532.0,,13423,0,559.0,590.0,527.0
2014-08-25,0.0,-6.83,559.0,,13049,0,600.0,588.0,548.0
2014-08-24,0.0,0.0,600.0,,12176,0,600.0,607.0,586.0
2014-08-21,0.0,-0.83,600.0,,12597,0,605.0,609.0,580.0
2014-08-20,0.0,-0.82,605.0,,19673,0,610.0,610.0,588.0
2014-08-19,0.0,-0.33,610.0,,17808,0,612.0,620.0,596.0
2014-08-18,0.0,-6.85,612.0,,37244,0,657.0,644.0,595.0
2014-08-14,0.0,-0.45,657.0,,15244,0,660.0,670.0,647.0
2014-08-13,0.0,2.33,660.0,,13102,0,645.0,660.0,633.0
2014-08-12,0.0,-1.53,645.0,,7449,0,655.0,649.0,630.0
2014-08-07,0.0,0.77,655.0,,27587,0,650.0,668.0,635.0
2014-08-06,0.0,-1.07,650.0,,19442,0,657.0,660.0,649.0
2014-08-05,0.0,1.08,657.0,,19507,0,650.0,670.0,648.0
2014-08-04,0.0,-1.37,650.0,,16927,0,659.0,656.0,641.0
2014-08-03,0.0,-1.79,659.0,,14283,0,671.0,662.0,650.0
2014-07-31,0.0,-1.32,671.0,,17974,0,680.0,685.0,666.0
2014-07-30,0.0,-2.16,680.0,,18615,0,695.0,700.0,670.0
2014-07-28,0.0,-0.57,695.0,,11965,0,699.0,696.0,686.0
2014-07-27,0.0,-0.57,699.0,,19175,0,703.0,700.0,690.0
2014-07-24,0.0,-0.99,703.0,,18897,0,710.0,709.0,694.0
2014-07-23,0.0,-0.7,710.0,,19797,0,715.0,711.0,698.0
2014-07-22,0.0,-3.38,715.0,,26067,0,740.0,729.0,700.0
2014-07-21,0.0,1.93,740.0,,23797,0,726.0,740.0,700.0
2014-07-20,0.0,-0.41,726.0,,17347,0,729.0,770.0,715.0
2014-07-17,0.0,-3.57,729.0,,20796,0,756.0,742.0,700.0
2014-07-16,0.0,9.57,756.0,,15232,0,690.0,756.0,682.0
2014-07-15,0.0,0.0,690.0,,13822,0,690.0,693.0,680.0
2014-07-14,0.0,-1.15,690.0,,41992,0,698.0,725.0,687.0
2014-07-13,0.0,3.1,698.0,,41709,0,677.0,739.0,677.0
2014-07-10,0.0,2.58,677.0,,53832,0,660.0,690.0,645.0
2014-07-09,0.0,5.1,660.0,,64933,0,628.0,690.0,630.0
2014-07-08,0.0,9.98,628.0,,75326,0,571.0,628.0,575.0
2014-07-07,0.0,3.82,571.0,,23528,0,550.0,571.0,540.0
2014-07-06,0.0,1.85,550.0,,10936,0,540.0,550.0,535.0
2014-07-03,0.0,2.66,540.0,,10454,0,526.0,540.0,511.0
2014-07-02,0.0,-0.75,526.0,,8711,0,530.0,532.0,520.0
2014-07-01,0.0,-0.93,530.0,,16496,0,535.0,536.0,515.0
2014-06-30,0.0,0.0,535.0,,17816,0,535.0,539.0,510.0
2014-06-29,0.0,9.18,535.0,,6659,0,490.0,535.0,494.0
2014-06-26,0.0,0.0,490.0,,2294,0,490.0,495.0,486.0
2014-06-25,0.0,0.82,490.0,,5342,0,486.0,495.0,481.0
2014-06-24,0.0,-1.22,486.0,,4915,0,492.0,493.0,473.0
2014-06-23,0.0,-1.01,492.0,,2822,0,497.0,499.0,490.0
2014-06-19,0.0,-0.6,497.0,,4887,0,500.0,500.0,495.0
2014-06-18,0.0,-0.79,500.0,,5595,0,504.0,506.0,498.0
2014-06-17,0.0,0.0,504.0,,13316,0,504.0,511.0,485.0
2014-06-16,0.0,1.2,504.0,,17798,0,498.0,511.0,485.0
2014-06-15,0.0,9.21,498.0,,21646,0,456.0,498.0,456.0
2014-06-12,0.0,-0.65,456.0,,5318,0,459.0,468.0,450.0
2014-06-11,0.0,1.77,459.0,,7845,0,451.0,472.0,442.0
2014-06-10,0.0,2.04,451.0,,6762,0,442.0,460.0,440.0
2014-06-09,0.0,-0.67,442.0,,3135,0,445.0,447.0,442.0
2014-06-08,0.0,-1.33,445.0,,4810,0,451.0,452.0,442.0
2014-06-05,0.0,0.22,451.0,,1460,0,450.0,455.0,441.0
2014-06-04,0.0,-3.23,450.0,,4933,0,465.0,456.0,450.0
2014-06-03,0.0,1.09,465.0,,3237,0,460.0,483.0,455.0
2014-06-02,0.0,2.45,460.0,,5675,0,449.0,460.0,441.0
2014-06-01,0.0,-1.32,449.0,,3419,0,455.0,454.0,442.0
2014-05-28,0.0,2.94,455.0,,3465,0,442.0,459.0,441.0
2014-05-27,0.0,0.68,442.0,,2651,0,439.0,443.0,438.0
2014-05-26,0.0,-0.23,439.0,,2068,0,440.0,448.0,436.0
2014-05-25,0.0,-0.23,440.0,,1964,0,441.0,451.0,440.0
2014-05-22,0.0,0.46,441.0,,3420,0,439.0,445.0,437.0
2014-05-21,0.0,-0.23,439.0,,1436,0,440.0,442.0,436.0
2014-05-20,0.0,-0.23,440.0,,1380,0,441.0,442.0,436.0
2014-05-19,0.0,0.68,441.0,,3738,0,438.0,445.0,435.0
2014-05-18,0.0,-2.67,438.0,,2406,0,450.0,449.0,433.0
2014-05-15,0.0,-0.44,450.0,,1498,0,452.0,453.0,446.0
2014-05-13,0.0,1.12,452.0,,3367,0,447.0,460.0,440.0
2014-05-12,0.0,-0.89,447.0,,6393,0,451.0,453.0,442.0
2014-05-11,0.0,-2.38,451.0,,2232,0,462.0,462.0,446.0
2014-05-08,0.0,-0.65,462.0,,3062,0,465.0,465.0,451.0
2014-05-07,0.0,-3.12,465.0,,3621,0,480.0,485.0,465.0
2014-05-06,0.0,-1.03,480.0,,5111,0,485.0,480.0,458.0
2014-05-04,0.0,0.21,485.0,,146,0,484.0,485.0,485.0
2014-04-30,0.0,4.09,484.0,,38545,0,465.0,490.0,460.0
2014-04-29,0.0,-3.53,465.0,,17504,0,482.0,485.0,465.0
2014-04-28,0.0,-0.82,482.0,,17521,0,486.0,485.0,477.0
2014-04-27,0.0,1.25,486.0,,19082,0,480.0,495.0,479.0
2014-04-23,0.0,-0.83,480.0,,6040,0,484.0,484.0,475.0
2014-04-22,0.0,3.64,484.0,,3658,0,467.0,484.0,464.0
2014-04-21,0.0,-0.64,467.0,,4512,0,470.0,471.0,462.0
2014-04-20,0.0,-1.26,470.0,,7619,0,476.0,476.0,465.0
2014-04-17,0.0,-0.42,476.0,,11560,0,478.0,479.0,472.0
2014-04-16,0.0,0.21,478.0,,5706,0,477.0,478.0,472.0
2014-04-15,0.0,-1.65,477.0,,8445,0,485.0,480.0,475.0
2014-04-13,0.0,1.04,485.0,,5766,0,480.0,485.0,475.0
2014-04-10,0.0,0.21,480.0,,3389,0,479.0,483.0,480.0
2014-04-09,0.0,-0.21,479.0,,5534,0,480.0,479.0,474.0
2014-04-07,0.0,-0.21,480.0,,5197,0,481.0,483.0,473.0
2014-04-06,0.0,-0.62,481.0,,8848,0,484.0,490.0,480.0
2014-04-03,0.0,-1.02,484.0,,3927,0,489.0,490.0,480.0
2014-04-02,0.0,-1.01,489.0,,11115,0,494.0,494.0,485.0
2014-04-01,0.0,0.82,494.0,,3932,0,490.0,494.0,487.0
2014-03-31,0.0,-1.8,490.0,,5218,0,499.0,492.0,480.0
2014-03-27,0.0,-5.49,499.0,,20209,0,528.0,538.0,490.0
2014-03-26,0.0,7.76,528.0,,60736,0,490.0,528.0,490.0
2014-03-25,0.0,-3.35,490.0,,29739,0,507.0,500.0,475.0
2014-03-24,0.0,4.97,507.0,,21201,0,483.0,510.0,475.0
2014-03-23,0.0,3.65,483.0,,8169,0,466.0,483.0,458.0
2014-03-20,0.0,-2.92,466.0,,8516,0,480.0,478.0,466.0
2014-03-19,0.0,5.49,480.0,,10946,0,455.0,480.0,446.0
2014-03-18,0.0,-1.09,455.0,,9587,0,460.0,457.0,443.0
2014-03-17,0.0,-2.13,460.0,,5748,0,470.0,465.0,456.0
2014-03-13,0.0,0.43,470.0,,6624,0,468.0,471.0,458.0
2014-03-12,0.0,0.43,468.0,,5270,0,466.0,468.0,456.0
2014-03-11,0.0,-2.92,466.0,,5775,0,480.0,473.0,466.0
2014-03-10,0.0,0.63,480.0,,11578,0,477.0,480.0,467.0
2014-03-09,0.0,-1.65,477.0,,12131,0,485.0,485.0,476.0
2014-03-06,0.0,-1.22,485.0,,8096,0,491.0,492.0,480.0
2014-03-05,0.0,0.2,491.0,,13670,0,490.0,495.0,485.0
2014-03-04,0.0,-2.0,490.0,,12645,0,500.0,494.0,475.0
2014-03-03,0.0,-1.38,500.0,,11330,0,507.0,500.0,482.0
2014-02-26,0.0,-0.59,507.0,,11856,0,510.0,510.0,490.0
2014-02-25,0.0,0.0,510.0,,8159,0,510.0,510.0,492.0
2014-02-24,0.0,0.0,510.0,,10633,0,510.0,521.0,506.0
2014-02-23,0.0,0.79,510.0,,16883,0,506.0,520.0,502.0
2014-02-20,0.0,1.2,506.0,,12477,0,500.0,510.0,493.0
2014-02-18,0.0,0.6,500.0,,14557,0,497.0,502.0,490.0
2014-02-17,0.0,-0.6,497.0,,10000,0,500.0,503.0,490.0
2014-02-16,0.0,-1.77,500.0,,12363,0,509.0,507.0,490.0
2014-02-13,0.0,-1.17,509.0,,14908,0,515.0,518.0,504.0
2014-02-12,0.0,-0.58,515.0,,10260,0,518.0,515.0,500.0
2014-02-11,0.0,-0.38,518.0,,29068,0,520.0,521.0,510.0
2014-02-10,0.0,4.0,520.0,,52878,0,500.0,550.0,515.0
2014-02-09,0.0,0.6,500.0,,31751,0,497.0,501.0,488.0
2014-02-06,0.0,1.02,497.0,,18213,0,492.0,501.0,490.0
2014-02-05,0.0,-1.4,492.0,,8624,0,499.0,492.0,484.0
2014-02-04,0.0,0.0,499.0,,14068,0,499.0,499.0,481.0
2014-02-03,0.0,1.84,499.0,,16945,0,490.0,499.0,475.0
2014-02-02,0.0,-2.58,490.0,,8622,0,503.0,500.0,485.0
2014-01-29,0.0,0.8,503.0,,29804,0,499.0,508.0,495.0
2014-01-28,0.0,1.84,499.0,,26031,0,490.0,500.0,476.0
2014-01-27,0.0,-2.58,490.0,,9937,0,503.0,504.0,486.0
2014-01-26,0.0,4.79,503.0,,40298,0,480.0,522.0,480.0
2014-01-23,0.0,0.42,480.0,,13779,0,478.0,484.0,469.0
2014-01-22,0.0,-2.05,478.0,,13817,0,488.0,487.0,472.0
2014-01-21,0.0,-2.4,488.0,,11260,0,500.0,499.0,485.0
2014-01-20,0.0,1.01,500.0,,81646,0,495.0,519.0,490.0
2014-01-19,0.0,1.02,495.0,,29053,0,490.0,495.0,473.0
2014-01-16,0.0,-2.2,490.0,,19341,0,501.0,499.0,481.0
2014-01-14,0.0,1.42,501.0,,32504,0,494.0,501.0,489.0
2014-01-13,0.0,1.65,494.0,,19617,0,486.0,494.0,480.0
2014-01-12,0.0,0.41,486.0,,24734,0,484.0,497.0,482.0
2014-01-09,0.0,-1.43,484.0,,20109,0,491.0,490.0,471.0
2014-01-08,0.0,3.81,491.0,,38768,0,473.0,497.0,470.0
2014-01-07,0.0,0.64,473.0,,22161,0,470.0,473.0,460.0
2014-01-06,0.0,0.43,470.0,,25538,0,468.0,474.0,452.0
2014-01-05,0.0,1.3,468.0,,65735,0,462.0,475.0,441.0
2014-01-02,0.0,5.24,462.0,,28467,0,439.0,462.0,416.0
2014-01-01,0.0,-4.57,439.0,,15862,0,460.0,455.0,432.0
2013-12-31,0.0,-1.08,460.0,,25659,0,465.0,468.0,455.0
2013-12-29,0.0,-1.27,465.0,,22999,0,471.0,475.0,450.0
2013-12-26,0.0,0.43,471.0,,15787,0,469.0,499.0,460.0
2013-12-24,0.0,0.0,469.0,,30153,0,469.0,484.0,451.0
2013-12-23,0.0,-2.29,469.0,,33400,0,480.0,475.0,456.0
2013-12-22,0.0,-2.64,480.0,,19387,0,493.0,490.0,464.0
2013-12-19,0.0,1.65,493.0,,39462,0,485.0,500.0,475.0
2013-12-18,0.0,-1.02,485.0,,29053,0,490.0,518.0,485.0
2013-12-16,0.0,9.87,490.0,,20965,0,446.0,490.0,444.0
2013-12-15,0.0,9.85,446.0,,20003,0,406.0,446.0,405.0
2013-12-12,0.0,-0.98,406.0,,17759,0,410.0,420.0,404.0
2013-12-11,0.0,2.5,410.0,,18473,0,400.0,412.0,393.0
2013-12-10,0.0,1.01,400.0,,28690,0,396.0,405.0,391.0
2013-12-09,0.0,0.25,396.0,,26882,0,395.0,405.0,383.0
2013-12-08,0.0,-1.25,395.0,,16688,0,400.0,401.0,390.0
2013-12-05,0.0,-0.5,400.0,,21081,0,402.0,428.0,385.0
2013-12-04,0.0,0.5,402.0,,12389,0,400.0,425.0,392.0
2013-12-03,0.0,-1.23,400.0,,19402,0,405.0,404.0,389.0
2013-12-02,0.0,7.71,405.0,,20977,0,376.0,412.0,360.0
2013-12-01,0.0,9.94,376.0,,23763,0,342.0,376.0,341.0
2013-11-28,0.0,0.59,342.0,,21680,0,340.0,342.0,334.0
2013-11-27,0.0,5.92,340.0,,36076,0,321.0,342.0,321.0
2013-11-26,0.0,2.23,321.0,,28272,0,314.0,329.0,308.0
2013-11-25,0.0,-3.09,314.0,,13105,0,324.0,326.0,305.0
2013-11-24,0.0,5.88,324.0,,21647,0,306.0,336.0,315.0
2013-11-21,0.0,5.52,306.0,,1316,0,290.0,306.0,295.0
2013-11-14,0.0,1.75,290.0,,7095,0,285.0,290.0,280.0
2013-11-13,0.0,1.06,285.0,,13696,0,282.0,290.0,281.0
2013-11-12,0.0,4.44,282.0,,2751,0,270.0,288.0,270.0
2013-11-11,0.0,1.89,270.0,,2943,0,265.0,271.0,263.0
2013-11-10,0.0,-1.85,265.0,,3006,0,270.0,268.0,265.0
2013-11-07,0.0,0.0,270.0,,2913,0,270.0,272.0,265.0
2013-11-06,0.0,-0.37,270.0,,3065,0,271.0,270.0,266.0
2013-10-31,0.0,0.37,271.0,,4946,0,270.0,275.0,270.0
2013-10-30,0.0,0.75,270.0,,3999,0,268.0,271.0,263.0
2013-10-29,0.0,0.75,268.0,,5113,0,266.0,270.0,266.0
2013-10-28,0.0,-1.48,266.0,,7712,0,270.0,269.0,260.0
2013-10-27,0.0,-0.37,270.0,,6644,0,271.0,270.0,265.0
2013-10-24,0.0,-2.87,271.0,,8658,0,279.0,277.0,266.0
2013-10-23,0.0,-0.36,279.0,,6589,0,280.0,279.0,275.0
2013-10-22,0.0,-0.36,280.0,,2882,0,281.0,284.0,276.0
2013-10-21,0.0,-2.43,281.0,,5261,0,288.0,286.0,281.0
2013-10-20,0.0,2.49,288.0,,12323,0,281.0,292.0,272.0
2013-10-17,0.0,-2.09,281.0,,3422,0,287.0,293.0,280.0
2013-10-10,0.0,4.74,287.0,,9084,0,274.0,287.0,274.0
2013-10-09,0.0,0.74,274.0,,10880,0,272.0,280.0,268.0
2013-10-08,0.0,1.49,272.0,,5781,0,268.0,275.0,270.0
2013-10-07,0.0,0.0,268.0,,6554,0,268.0,272.0,265.0
2013-10-06,0.0,2.68,268.0,,6298,0,261.0,271.0,260.0
2013-10-03,0.0,-1.51,261.0,,5989,0,265.0,268.0,255.0
2013-10-02,0.0,3.11,265.0,,4507,0,257.0,265.0,255.0
2013-10-01,0.0,1.58,257.0,,6780,0,253.0,258.0,250.0
2013-09-30,0.0,1.2,253.0,,4048,0,250.0,255.0,251.0
2013-09-29,0.0,0.0,250.0,,5593,0,250.0,254.0,248.0
2013-09-26,0.0,-0.79,250.0,,2947,0,252.0,255.0,248.0
2013-09-25,0.0,-1.18,252.0,,2342,0,255.0,260.0,250.0
2013-09-24,0.0,-0.39,255.0,,3569,0,256.0,260.0,249.0
2013-09-23,0.0,3.23,256.0,,4366,0,248.0,256.0,240.0
2013-09-22,0.0,-1.2,248.0,,3598,0,251.0,250.0,243.0
2013-09-19,0.0,0.8,251.0,,7230,0,249.0,253.0,242.0
2013-09-17,0.0,2.47,249.0,,4190,0,243.0,250.0,239.0
2013-09-16,0.0,-3.19,243.0,,3105,0,251.0,249.0,240.0
2013-09-15,0.0,-1.95,251.0,,1705,0,256.0,255.0,247.0
2013-09-12,0.0,0.0,256.0,,2297,0,256.0,259.0,255.0
2013-09-11,0.0,-1.54,256.0,,3560,0,260.0,260.0,255.0
2013-09-10,0.0,-1.89,260.0,,3506,0,265.0,263.0,256.0
2013-09-09,0.0,-1.12,265.0,,3761,0,268.0,268.0,260.0
2013-09-08,0.0,-0.74,268.0,,1430,0,270.0,270.0,266.0
2013-09-05,0.0,0.75,270.0,,4619,0,268.0,270.0,263.0
2013-09-04,0.0,-0.74,268.0,,5881,0,270.0,274.0,265.0
2013-09-03,0.0,-1.1,270.0,,9705,0,273.0,273.0,265.0
2013-09-02,0.0,0.0,273.0,,4607,0,273.0,273.0,269.0
2013-09-01,0.0,1.11,273.0,,10315,0,270.0,278.0,266.0
2013-08-29,0.0,0.37,270.0,,10781,0,269.0,275.0,261.0
2013-08-27,0.0,1.51,269.0,,5993,0,265.0,273.0,266.0
2013-08-26,0.0,-3.64,265.0,,10512,0,275.0,280.0,265.0
2013-08-25,0.0,-5.17,275.0,,9229,0,290.0,290.0,271.0
2013-08-20,0.0,-1.69,290.0,,14268,0,295.0,295.0,285.0
2013-08-19,0.0,2.08,295.0,,13094,0,289.0,299.0,284.0
2013-08-18,0.0,5.47,289.0,,8762,0,274.0,293.0,271.0
2013-08-15,0.0,3.4,274.0,,17518,0,265.0,275.0,262.0
2013-08-14,0.0,3.92,265.0,,22278,0,255.0,275.0,255.0
2013-08-13,0.0,-1.16,255.0,,12121,0,258.0,260.0,255.0
2013-08-12,0.0,0.0,258.0,,5404,0,258.0,258.0,254.0
2013-08-11,0.0,0.78,258.0,,6243,0,256.0,260.0,246.0
2013-08-08,0.0,2.4,256.0,,10429,0,250.0,256.0,247.0
2013-08-07,0.0,4.17,250.0,,14766,0,240.0,255.0,239.0
2013-08-06,0.0,-1.64,240.0,,8059,0,244.0,244.0,232.0
2013-08-05,0.0,3.83,244.0,,16970,0,235.0,244.0,230.0
2013-08-04,0.0,0.86,235.0,,6786,0,233.0,239.0,230.0
2013-08-01,0.0,2.64,233.0,,3874,0,227.0,234.0,228.0
2013-07-31,0.0,2.25,227.0,,5674,0,222.0,239.0,220.0
2013-07-30,0.0,0.91,222.0,,4366,0,220.0,226.0,213.0
2013-07-29,0.0,0.46,220.0,,6445,0,219.0,222.0,218.0
2013-07-28,0.0,-0.45,219.0,,2271,0,220.0,220.0,217.0
2013-07-25,0.0,0.0,220.0,,6133,0,220.0,221.0,217.0
2013-07-24,0.0,0.0,220.0,,3875,0,220.0,220.0,216.0
2013-07-23,0.0,0.46,220.0,,2380,0,219.0,220.0,215.0
2013-07-22,0.0,-0.45,219.0,,3960,0,220.0,219.0,213.0
2013-07-21,0.0,2.33,220.0,,1576,0,215.0,222.0,211.0
2013-07-18,0.0,-1.38,215.0,,3565,0,218.0,218.0,211.0
2013-07-17,0.0,2.83,218.0,,833,0,212.0,218.0,209.0
2013-07-16,0.0,0.0,212.0,,1405,0,212.0,213.0,208.0
2013-07-15,0.0,-0.47,212.0,,520,0,213.0,216.0,211.0
2013-07-14,0.0,0.95,213.0,,849,0,211.0,213.0,211.0
2013-07-11,0.0,-1.86,211.0,,1952,0,215.0,217.0,210.0
2013-07-10,0.0,-0.46,215.0,,906,0,216.0,217.0,215.0
2013-07-09,0.0,1.41,216.0,,4180,0,213.0,216.0,212.0
2013-07-08,0.0,0.47,213.0,,1314,0,212.0,213.0,210.0
2013-07-07,0.0,-1.85,212.0,,1944,0,216.0,213.0,208.0
2013-07-04,0.0,-0.46,216.0,,2654,0,217.0,218.0,212.0
2013-07-03,0.0,1.4,217.0,,8503,0,214.0,223.0,214.0
2013-07-02,0.0,4.9,214.0,,6663,0,204.0,214.0,202.0
2013-07-01,0.0,0.0,204.0,,8440,0,204.0,204.0,201.0
2013-06-30,0.0,0.0,204.0,,4074,0,204.0,204.0,200.0
2013-06-27,0.0,-2.86,204.0,,2462,0,210.0,209.0,202.0
2013-06-26,0.0,-0.94,210.0,,2267,0,212.0,214.0,209.0
2013-06-25,0.0,3.92,212.0,,1591,0,204.0,212.0,201.0
2013-06-24,0.0,0.99,204.0,,2863,0,202.0,204.0,200.0
2013-06-23,0.0,0.0,202.0,,3944,0,202.0,205.0,200.0
2013-06-20,0.0,-0.98,202.0,,2914,0,204.0,204.0,200.0
2013-06-19,0.0,0.49,204.0,,2193,0,203.0,204.0,200.0
2013-06-18,0.0,-1.46,203.0,,3775,0,206.0,205.0,202.0
2013-06-17,0.0,0.49,206.0,,3177,0,205.0,206.0,201.0
2013-06-16,0.0,-0.49,205.0,,3116,0,206.0,214.0,205.0
2013-06-13,0.0,-3.29,206.0,,2734,0,213.0,210.0,205.0
2013-06-12,0.0,0.0,213.0,,938,0,213.0,215.0,209.0
2013-06-11,0.0,-0.93,213.0,,4959,0,215.0,217.0,213.0
2013-06-10,0.0,-2.27,215.0,,1674,0,220.0,221.0,214.0
2013-06-09,0.0,-0.45,220.0,,1275,0,221.0,223.0,218.0
2013-06-06,0.0,-1.78,221.0,,5457,0,225.0,229.0,220.0
2013-06-05,0.0,0.0,225.0,,3773,0,225.0,226.0,223.0
2013-06-04,0.0,0.0,225.0,,5887,0,225.0,230.0,224.0
2013-06-03,0.0,0.9,225.0,,2001,0,223.0,225.0,222.0
2013-06-02,0.0,-1.33,223.0,,2959,0,226.0,230.0,222.0
2013-05-30,0.0,0.44,226.0,,3965,0,225.0,228.0,224.0
2013-05-28,0.0,0.0,225.0,,1841,0,225.0,231.0,222.0
2013-05-27,0.0,1.81,225.0,,1307,0,221.0,228.0,220.0
2013-05-26,0.0,1.38,221.0,,2433,0,218.0,224.0,217.0
2013-05-23,0.0,-6.03,218.0,,2170,0,232.0,228.0,218.0
2013-05-22,0.0,-1.28,232.0,,2936,0,235.0,239.0,230.0
2013-05-21,0.0,5.38,235.0,,8468,0,223.0,239.0,225.0
2013-05-20,0.0,0.45,223.0,,1461,0,222.0,226.0,218.0
2013-05-19,0.0,-4.31,222.0,,1205,0,232.0,228.0,222.0
2013-05-16,0.0,-0.85,232.0,,862,0,234.0,232.0,230.0
2013-05-15,0.0,5.41,234.0,,1507,0,222.0,234.0,220.0
2013-05-14,0.0,0.45,222.0,,2285,0,221.0,223.0,219.0
2013-05-13,0.0,2.31,221.0,,1666,0,216.0,221.0,217.0
2013-05-12,0.0,2.86,216.0,,2755,0,210.0,220.0,210.0
2013-05-09,0.0,-2.33,210.0,,480,0,215.0,212.0,207.0
2013-05-08,0.0,0.0,215.0,,1152,0,215.0,217.0,212.0
2013-05-07,0.0,5.91,215.0,,1989,0,203.0,218.0,203.0
2013-05-06,0.0,-3.79,203.0,,2272,0,211.0,207.0,201.0
2013-05-05,0.0,-4.52,211.0,,2917,0,221.0,227.0,211.0
2013-05-02,0.0,-3.91,221.0,,2410,0,230.0,230.0,218.0
2013-04-30,0.0,1.32,230.0,,3425,0,227.0,230.0,225.0
2013-04-29,0.0,0.44,227.0,,2263,0,226.0,232.0,226.0
2013-04-28,0.0,-1.74,226.0,,1623,0,230.0,229.0,226.0
2013-04-25,0.0,-3.36,230.0,,1360,0,238.0,234.0,225.0
2013-04-23,0.0,1.28,238.0,,2531,0,235.0,239.0,235.0
2013-04-22,0.0,0.0,235.0,,3428,0,235.0,235.0,227.0
2013-04-21,0.0,-2.08,235.0,,3138,0,240.0,238.0,235.0
2013-04-18,0.0,-1.23,240.0,,2324,0,243.0,243.0,240.0
2013-04-17,0.0,0.83,243.0,,2336,0,241.0,246.0,238.0
2013-04-16,0.0,0.0,241.0,,2711,0,241.0,244.0,240.0
2013-04-15,0.0,-1.63,241.0,,1467,0,245.0,245.0,240.0
2013-04-11,0.0,0.0,245.0,,2923,0,245.0,247.0,245.0
2013-04-09,0.0,0.41,245.0,,2150,0,244.0,247.0,243.0
2013-04-08,0.0,-0.81,244.0,,1805,0,246.0,248.0,244.0
2013-04-07,0.0,0.82,246.0,,2378,0,244.0,246.0,244.0
2013-04-04,0.0,-0.41,244.0,,1588,0,245.0,245.0,242.0
2013-04-03,0.0,-0.41,245.0,,3462,0,246.0,250.0,245.0
2013-04-02,0.0,1.65,246.0,,5576,0,242.0,246.0,241.0
2013-04-01,0.0,0.83,242.0,,6103,0,240.0,245.0,235.0
2013-03-31,0.0,-2.44,240.0,,7670,0,246.0,246.0,238.0
2013-03-28,0.0,-0.4,246.0,,3297,0,247.0,248.0,243.0
2013-03-27,0.0,-0.4,247.0,,2307,0,248.0,249.0,245.0
2013-03-25,0.0,1.22,248.0,,3862,0,245.0,250.0,241.0
2013-03-24,0.0,-2.0,245.0,,2999,0,250.0,247.0,242.0
2013-03-21,0.0,-1.19,250.0,,3174,0,253.0,252.0,245.0
2013-03-20,0.0,-2.69,253.0,,1903,0,260.0,256.0,252.0
2013-03-19,0.0,1.56,260.0,,5473,0,256.0,261.0,255.0
2013-03-18,0.0,-1.54,256.0,,4336,0,260.0,257.0,252.0
2013-03-17,0.0,-1.89,260.0,,5629,0,265.0,265.0,255.0
2013-03-14,0.0,-1.85,265.0,,9300,0,270.0,275.0,262.0
2013-03-13,0.0,3.85,270.0,,5687,0,260.0,275.0,259.0
2013-03-11,0.0,0.0,260.0,,5405,0,260.0,263.0,257.0
2013-03-07,0.0,1.56,260.0,,8671,0,256.0,266.0,252.0
2013-03-06,0.0,1.59,256.0,,5661,0,252.0,257.0,250.0
2013-03-05,0.0,0.8,252.0,,1333,0,250.0,254.0,249.0
2013-03-04,0.0,0.0,250.0,,2021,0,250.0,255.0,250.0
2013-03-03,0.0,0.0,250.0,,7283,0,250.0,255.0,248.0
2013-02-28,0.0,0.0,250.0,,9283,0,250.0,252.0,249.0
2013-02-27,0.0,0.0,250.0,,3682,0,250.0,250.0,245.0
2013-02-26,0.0,-1.96,250.0,,2202,0,255.0,260.0,245.0
2013-02-25,0.0,2.0,255.0,,2352,0,250.0,255.0,246.0
2013-02-24,0.0,0.0,250.0,,2131,0,250.0,251.0,244.0
2013-02-21,0.0,0.0,250.0,,3237,0,250.0,255.0,244.0
2013-02-20,0.0,-3.85,250.0,,5135,0,260.0,255.0,250.0
2013-02-19,0.0,-5.8,260.0,,6905,0,276.0,281.0,257.0
2013-02-17,0.0,9.96,276.0,,450,0,251.0,276.0,256.0
2013-02-14,0.0,2.45,251.0,,4871,0,245.0,253.0,245.0
2013-02-13,0.0,-2.0,245.0,,1862,0,250.0,255.0,242.0
2013-02-12,0.0,2.46,250.0,,1951,0,244.0,255.0,244.0
2013-02-10,0.0,1.67,244.0,,4273,0,240.0,244.0,238.0
2013-02-07,0.0,0.84,240.0,,2011,0,238.0,240.0,237.0
2013-02-06,0.0,-1.65,238.0,,2204,0,242.0,242.0,236.0
2013-02-05,0.0,0.0,242.0,,2382,0,242.0,243.0,240.0
2013-02-04,0.0,0.41,242.0,,2909,0,241.0,242.0,236.0
2013-02-03,0.0,2.12,241.0,,4519,0,236.0,248.0,236.0
2013-01-31,0.0,-2.48,236.0,,2997,0,242.0,246.0,233.0
2013-01-30,0.0,-0.41,242.0,,5603,0,243.0,243.0,240.0
2013-01-28,0.0,-2.8,243.0,,6464,0,250.0,249.0,242.0
2013-01-27,0.0,-0.79,250.0,,3268,0,252.0,253.0,241.0
2013-01-24,0.0,-3.08,252.0,,4722,0,260.0,260.0,252.0
2013-01-23,0.0,-0.38,260.0,,4532,0,261.0,262.0,257.0
2013-01-22,0.0,3.98,261.0,,7109,0,251.0,265.0,250.0
2013-01-21,0.0,1.62,251.0,,6088,0,247.0,255.0,244.0
2013-01-20,0.0,-2.76,247.0,,2655,0,254.0,251.0,242.0
2013-01-17,0.0,-5.93,254.0,,5818,0,270.0,271.0,250.0
2013-01-16,0.0,2.27,270.0,,19323,0,264.0,287.0,252.0
2013-01-15,0.0,10.0,264.0,,14770,0,240.0,264.0,240.0
2013-01-13,0.0,-1.23,240.0,,5314,0,243.0,241.0,235.0
2013-01-10,0.0,2.1,243.0,,3936,0,238.0,243.0,234.0
2013-01-09,0.0,-0.42,238.0,,3658,0,239.0,240.0,233.0
2013-01-08,0.0,-0.83,239.0,,7156,0,241.0,244.0,234.0
2013-01-07,0.0,0.0,241.0,,6744,0,241.0,241.0,237.0
2013-01-06,0.0,-2.03,241.0,,6384,0,246.0,245.0,238.0
2013-01-03,0.0,1.65,246.0,,10342,0,242.0,250.0,235.0
2013-01-02,0.0,1.68,242.0,,5628,0,238.0,242.0,233.0
2013-01-01,0.0,-0.83,238.0,,7961,0,240.0,241.0,233.0
2012-12-31,0.0,-4.0,240.0,,14630,0,250.0,249.0,233.0
2012-12-27,0.0,5.04,250.0,,4877,0,238.0,255.0,231.0
2012-12-26,0.0,4.39,238.0,,6219,0,228.0,240.0,228.0
2012-12-24,0.0,7.04,228.0,,3500,0,213.0,230.0,213.0
2012-12-23,0.0,1.91,213.0,,7171,0,209.0,217.0,205.0
2012-12-20,0.0,-3.24,209.0,,5727,0,216.0,218.0,209.0
2012-12-19,0.0,0.47,216.0,,8116,0,215.0,218.0,211.0
2012-12-18,0.0,-1.38,215.0,,5273,0,218.0,216.0,203.0
2012-12-17,0.0,1.4,218.0,,6656,0,215.0,220.0,215.0
2012-12-16,0.0,3.37,215.0,,5244,0,208.0,224.0,207.0
2012-12-13,0.0,1.46,208.0,,3290,0,205.0,208.0,204.0
2012-12-11,0.0,1.99,205.0,,3414,0,201.0,205.0,201.0
2012-12-10,0.0,-1.47,201.0,,4919,0,204.0,202.0,200.0
2012-12-09,0.0,-0.97,204.0,,5198,0,206.0,205.0,200.0
2012-12-06,0.0,-0.96,206.0,,1830,0,208.0,208.0,206.0
2012-12-05,0.0,1.96,208.0,,5953,0,204.0,212.0,205.0
2012-12-04,0.0,0.49,204.0,,3519,0,203.0,210.0,203.0
2012-12-03,0.0,1.0,203.0,,4633,0,201.0,206.0,200.0
2012-12-02,0.0,-2.9,201.0,,4800,0,207.0,207.0,200.0
2012-11-29,0.0,-0.48,207.0,,2261,0,208.0,208.0,206.0
2012-11-28,0.0,2.46,208.0,,5510,0,203.0,211.0,200.0
2012-11-27,0.0,-2.4,203.0,,3234,0,208.0,209.0,203.0
2012-11-26,0.0,-1.42,208.0,,59247,0,211.0,209.0,203.0
2012-11-25,0.0,2.93,211.0,,7730,0,205.0,216.0,206.0
2012-11-22,0.0,0.0,205.0,,12951,0,205.0,206.0,200.0
2012-11-21,0.0,0.49,205.0,,7505,0,204.0,208.0,200.0
2012-11-20,0.0,0.99,204.0,,3585,0,202.0,210.0,199.0
2012-11-18,0.0,3.06,202.0,,4897,0,196.0,209.0,195.0
2012-11-12,0.0,1.03,196.0,,3161,0,194.0,196.0,192.0
2012-11-11,0.0,0.0,194.0,,2797,0,194.0,200.0,191.0
2012-11-08,0.0,-0.51,194.0,,3508,0,195.0,201.0,194.0
2012-11-07,0.0,3.72,195.0,,4246,0,188.0,199.0,184.0
2012-11-06,0.0,0.0,188.0,,3708,0,188.0,190.0,187.0
2012-11-05,0.0,1.08,188.0,,2610,0,186.0,191.0,180.0
2012-11-04,0.0,2.2,186.0,,3923,0,182.0,190.0,179.0
2012-11-01,0.0,0.0,182.0,,2402,0,182.0,182.0,180.0
2012-10-31,0.0,-0.55,182.0,,2858,0,183.0,189.0,180.0
2012-10-30,0.0,2.81,183.0,,1294,0,178.0,183.0,176.0
2012-10-18,0.0,0.0,178.0,,1405,0,178.0,179.0,176.0
2012-10-17,0.0,1.14,178.0,,517,0,176.0,178.0,178.0
2012-10-15,0.0,-0.56,176.0,,2449,0,177.0,177.0,175.0
2012-10-14,0.0,1.14,177.0,,3698,0,175.0,178.0,175.0
2012-10-11,0.0,-0.57,175.0,,7164,0,176.0,177.0,175.0
2012-10-10,0.0,0.57,176.0,,3367,0,175.0,181.0,175.0
2012-10-09,0.0,0.0,175.0,,5229,0,175.0,176.0,175.0
2012-10-08,0.0,0.0,175.0,,3157,0,175.0,176.0,175.0
2012-10-07,0.0,0.0,175.0,,3211,0,175.0,178.0,175.0
2012-10-04,0.0,-0.57,175.0,,2620,0,176.0,177.0,175.0
2012-10-03,0.0,0.57,176.0,,2684,0,175.0,176.0,172.0
2012-10-02,0.0,0.0,175.0,,2888,0,175.0,176.0,175.0
2012-10-01,0.0,0.0,175.0,,4962,0,175.0,176.0,173.0
2012-09-30,0.0,0.57,175.0,,5747,0,174.0,175.0,173.0
2012-09-27,0.0,-1.69,174.0,,1695,0,177.0,174.0,173.0
2012-09-26,0.0,1.14,177.0,,6587,0,175.0,177.0,172.0
2012-09-25,0.0,-1.13,175.0,,4295,0,177.0,176.0,172.0
2012-09-24,0.0,-1.67,177.0,,160,0,180.0,180.0,177.0
2012-09-23,0.0,0.0,180.0,,7991,0,180.0,182.0,177.0
2012-09-20,0.0,-1.1,180.0,,8013,0,182.0,181.0,179.0
2012-09-19,0.0,1.11,182.0,,10568,0,180.0,182.0,177.0
2012-09-18,0.0,1.69,180.0,,2338,0,177.0,183.0,175.0
2012-09-17,0.0,1.14,177.0,,3239,0,175.0,177.0,173.0
2012-09-16,0.0,1.16,175.0,,3274,0,173.0,175.0,172.0
2012-09-13,0.0,1.17,173.0,,2968,0,171.0,173.0,171.0
2012-09-12,0.0,-0.58,171.0,,3222,0,172.0,172.0,171.0
2012-09-11,0.0,0.0,172.0,,1662,0,172.0,172.0,170.0
2012-09-10,0.0,0.58,172.0,,5097,0,171.0,172.0,166.0
2012-09-09,0.0,0.59,171.0,,5013,0,170.0,172.0,170.0
2012-09-06,0.0,0.0,170.0,,7102,0,170.0,171.0,170.0
2012-09-05,0.0,0.0,170.0,,2370,0,170.0,172.0,170.0
2012-09-04,0.0,-0.58,170.0,,5642,0,171.0,170.0,168.0
2012-09-03,0.0,0.0,171.0,,4178,0,171.0,175.0,171.0
2012-09-02,0.0,0.0,171.0,,2866,0,171.0,172.0,170.0
2012-08-30,0.0,-2.84,171.0,,1905,0,176.0,173.0,170.0
2012-08-29,0.0,-0.56,176.0,,6758,0,177.0,176.0,173.0
2012-08-28,0.0,1.14,177.0,,7405,0,175.0,180.0,173.0
2012-08-27,0.0,1.16,175.0,,3340,0,173.0,177.0,174.0
2012-08-26,0.0,4.85,173.0,,10162,0,165.0,174.0,165.0
2012-08-23,0.0,0.0,165.0,,3162,0,165.0,167.0,162.0
2012-08-22,0.0,-0.6,165.0,,4219,0,166.0,167.0,161.0
2012-08-21,0.0,-4.05,166.0,,5218,0,173.0,175.0,164.0
2012-08-19,0.0,1.76,173.0,,5601,0,170.0,175.0,170.0
2012-08-16,0.0,4.29,170.0,,5649,0,163.0,176.0,166.0
2012-08-15,0.0,-1.81,163.0,,4533,0,166.0,166.0,161.0
2012-08-14,0.0,-1.19,166.0,,1990,0,168.0,168.0,165.0
2012-08-13,0.0,-1.75,168.0,,3464,0,171.0,168.0,160.0
2012-08-12,0.0,-4.47,171.0,,3111,0,179.0,179.0,167.0
2012-08-08,0.0,1.7,179.0,,6744,0,176.0,179.0,170.0
2012-08-07,0.0,-2.76,176.0,,4255,0,181.0,184.0,174.0
2012-08-06,0.0,0.0,181.0,,5741,0,181.0,183.0,180.0
2012-08-05,0.0,0.56,181.0,,4178,0,180.0,184.0,178.0
2012-08-01,0.0,2.27,180.0,,6479,0,176.0,182.0,174.0
2012-07-31,0.0,2.92,176.0,,4757,0,171.0,182.0,168.0
2012-07-30,0.0,3.01,171.0,,7450,0,166.0,172.0,163.0
2012-07-29,0.0,-6.21,166.0,,4932,0,177.0,174.0,161.0
2012-07-26,0.0,-3.8,177.0,,4910,0,184.0,181.0,175.0
2012-07-25,0.0,-3.16,184.0,,10548,0,190.0,187.0,181.0
2012-07-24,0.0,0.0,190.0,,7364,0,190.0,190.0,181.0
2012-07-23,0.0,-1.04,190.0,,13375,0,192.0,198.0,189.0
2012-07-22,0.0,-3.03,192.0,,19689,0,198.0,200.0,187.0
2012-07-19,0.0,6.45,198.0,,21519,0,186.0,198.0,176.0
2012-07-18,0.0,8.77,186.0,,8985,0,171.0,186.0,170.0
2012-07-17,0.0,5.56,171.0,,12061,0,162.0,175.0,161.0
2012-07-16,0.0,3.85,162.0,,12898,0,156.0,162.0,150.0
2012-07-15,0.0,3.31,156.0,,1722,0,151.0,156.0,151.0
2012-07-12,0.0,-0.66,151.0,,3977,0,152.0,156.0,149.0
2012-07-11,0.0,1.33,152.0,,3631,0,150.0,152.0,148.0
2012-07-10,0.0,1.35,150.0,,3747,0,148.0,153.0,148.0
2012-07-09,0.0,2.78,148.0,,3893,0,144.0,150.0,144.0
2012-07-08,0.0,-0.69,144.0,,2338,0,145.0,148.0,143.0
2012-07-05,0.0,-0.68,145.0,,3056,0,146.0,145.0,142.0
2012-07-04,0.0,3.55,146.0,,3868,0,141.0,146.0,140.0
2012-07-03,0.0,0.0,141.0,,880,0,141.0,141.0,140.0
2012-07-02,0.0,-0.7,141.0,,3256,0,142.0,145.0,140.0
2012-07-01,0.0,1.43,142.0,,3643,0,140.0,142.0,140.0
2012-06-28,0.0,0.0,140.0,,2876,0,140.0,142.0,139.0
2012-06-27,0.0,2.94,140.0,,2422,0,136.0,140.0,132.0
2012-06-26,0.0,-2.86,136.0,,2036,0,140.0,138.0,134.0
2012-06-25,0.0,2.94,140.0,,1760,0,136.0,140.0,133.0
2012-06-21,0.0,1.49,136.0,,1170,0,134.0,137.0,135.0
2012-06-20,0.0,1.52,134.0,,1361,0,132.0,136.0,132.0
2012-06-19,0.0,-0.75,132.0,,1549,0,133.0,133.0,131.0
2012-06-18,0.0,-0.75,133.0,,2589,0,134.0,133.0,130.0
2012-06-17,0.0,-1.47,134.0,,2426,0,136.0,136.0,128.0
2012-06-14,0.0,-3.55,136.0,,1912,0,141.0,139.0,133.0
2012-06-13,0.0,0.71,141.0,,8518,0,140.0,146.0,138.0
2012-06-12,0.0,0.0,140.0,,4983,0,140.0,142.0,139.0
2012-06-11,0.0,1.45,140.0,,4583,0,138.0,142.0,136.0
2012-06-10,0.0,5.34,138.0,,8139,0,131.0,140.0,133.0
2012-06-07,0.0,3.97,131.0,,2120,0,126.0,134.0,122.0
2012-06-06,0.0,-5.26,126.0,,1331,0,133.0,131.0,125.0
2012-06-05,0.0,0.0,133.0,,2968,0,133.0,135.0,131.0
2012-06-04,0.0,-5.0,133.0,,3705,0,140.0,141.0,130.0
2012-06-03,0.0,9.38,140.0,,1647,0,128.0,140.0,125.0
2012-05-31,0.0,5.79,128.0,,1231,0,121.0,128.0,119.0
2012-05-30,0.0,-9.7,121.0,,4480,0,134.0,132.0,121.0
2012-05-29,0.0,-9.46,134.0,,3959,0,148.0,146.0,134.0
2012-05-27,0.0,3.5,148.0,,6836,0,143.0,153.0,140.0
2012-05-24,0.0,7.52,143.0,,7754,0,133.0,143.0,133.0
2012-05-23,0.0,-6.99,133.0,,905,0,143.0,141.0,133.0
2012-05-22,0.0,2.88,143.0,,8963,0,139.0,143.0,133.0
2012-05-21,0.0,0.0,139.0,,3222,0,139.0,145.0,138.0
2012-05-20,0.0,-1.42,139.0,,6548,0,141.0,142.0,134.0
2012-05-17,0.0,1.44,141.0,,6469,0,139.0,147.0,141.0
2012-05-16,0.0,1.46,139.0,,150,0,137.0,139.0,139.0
2012-05-15,0.0,9.6,137.0,,696,0,125.0,137.0,127.0
2012-05-14,0.0,-5.3,125.0,,5092,0,132.0,130.0,121.0
2012-05-13,0.0,-5.04,132.0,,3133,0,139.0,137.0,130.0
2012-05-10,0.0,-2.11,139.0,,11243,0,142.0,142.0,129.0
2012-05-09,0.0,0.0,142.0,,7062,0,142.0,148.0,133.0
2012-05-08,0.0,5.97,142.0,,2332,0,134.0,142.0,136.0
2012-05-07,0.0,1.52,134.0,,183,0,132.0,134.0,134.0
2012-05-03,0.0,3.12,132.0,,241,0,128.0,132.0,130.0
2012-05-02,0.0,-8.57,128.0,,980,0,140.0,140.0,128.0
2012-04-30,0.0,-6.67,140.0,,5694,0,150.0,153.0,135.0
2012-04-29,0.0,1.35,150.0,,8923,0,148.0,159.0,141.0
2012-04-26,0.0,9.63,148.0,,8831,0,135.0,148.0,137.0
2012-04-25,0.0,4.65,135.0,,70,0,129.0,135.0,135.0
2012-04-24,0.0,4.88,129.0,,100,0,123.0,129.0,125.0
2012-04-22,0.0,0.82,123.0,,1560,0,122.0,124.0,122.0
2012-04-19,0.0,-1.61,122.0,,4668,0,124.0,128.0,120.0
2012-04-18,0.0,-4.62,124.0,,3301,0,130.0,128.0,120.0
2012-04-17,0.0,-3.7,130.0,,1789,0,135.0,133.0,130.0
2012-04-16,0.0,9.76,135.0,,833,0,123.0,135.0,125.0
2012-04-15,0.0,7.89,123.0,,2514,0,114.0,124.0,116.0
2012-04-12,0.0,6.54,114.0,,683,0,107.0,114.0,108.0
2012-04-11,0.0,0.94,107.0,,2180,0,106.0,110.0,107.0
2012-04-10,0.0,0.0,106.0,,1313,0,106.0,106.0,104.0
2012-04-09,0.0,0.0,106.0,,921,0,106.0,107.0,105.0
2012-04-08,0.0,0.0,106.0,,1051,0,106.0,106.0,105.0
2012-04-05,0.0,0.95,106.0,,680,0,105.0,106.0,105.0
2012-04-04,0.0,-0.94,105.0,,3550,0,106.0,106.0,105.0
2012-04-03,0.0,0.95,106.0,,680,0,105.0,106.0,106.0
2012-04-02,0.0,-0.94,105.0,,1275,0,106.0,106.0,104.0
2012-04-01,0.0,0.95,106.0,,1762,0,105.0,106.0,105.0
2012-03-29,0.0,-0.94,105.0,,1395,0,106.0,108.0,105.0
2012-03-28,0.0,2.91,106.0,,1615,0,103.0,106.0,104.0
2012-03-27,0.0,-3.74,103.0,,270,0,107.0,105.0,102.0
2012-03-26,0.0,0.94,107.0,,2082,0,106.0,107.0,103.0
2012-03-25,0.0,1.92,106.0,,920,0,104.0,106.0,102.0
2012-03-21,0.0,2.97,104.0,,1257,0,101.0,106.0,101.0
2012-03-20,0.0,-0.98,101.0,,4107,0,102.0,103.0,101.0
2012-03-19,0.0,-0.97,102.0,,311,0,103.0,105.0,102.0
2012-03-18,0.0,0.0,103.0,,1003,0,103.0,103.0,101.0
2012-03-15,0.0,0.0,103.0,,842,0,103.0,103.0,101.0
2012-03-14,0.0,-0.96,103.0,,793,0,104.0,105.0,103.0
2012-03-13,0.0,-1.89,104.0,,1321,0,106.0,106.0,104.0
2012-03-12,0.0,0.0,106.0,,1022,0,106.0,107.0,102.0
2012-03-11,0.0,0.95,106.0,,754,0,105.0,106.0,105.0
2012-03-06,0.0,-1.87,105.0,,2124,0,107.0,107.0,105.0
2012-03-05,0.0,-1.83,107.0,,460,0,109.0,109.0,107.0
2012-03-04,0.0,0.93,109.0,,1451,0,108.0,109.0,104.0
2012-03-01,0.0,0.0,108.0,,2300,0,108.0,109.0,107.0
2012-02-29,0.0,-0.92,108.0,,1030,0,109.0,109.0,108.0
2012-02-28,0.0,0.93,109.0,,2204,0,108.0,110.0,107.0
2012-02-27,0.0,0.93,108.0,,1285,0,107.0,109.0,107.0
2012-02-26,0.0,-1.83,107.0,,2747,0,109.0,109.0,105.0
2012-02-23,0.0,0.0,109.0,,1230,0,109.0,109.0,107.0
2012-02-21,0.0,0.93,109.0,,631,0,108.0,109.0,108.0
2012-02-16,0.0,-2.7,108.0,,550,0,111.0,109.0,107.0
2012-02-15,0.0,1.83,111.0,,276,0,109.0,111.0,110.0
2012-02-14,0.0,0.93,109.0,,1961,0,108.0,110.0,107.0
2012-02-13,0.0,-0.92,108.0,,1992,0,109.0,111.0,107.0
2012-02-12,0.0,0.0,109.0,,1309,0,109.0,109.0,108.0
2012-02-09,0.0,-0.91,109.0,,920,0,110.0,110.0,109.0
2012-02-08,0.0,0.0,110.0,,386,0,110.0,110.0,109.0
2012-02-07,0.0,-0.9,110.0,,2091,0,111.0,110.0,107.0
2012-02-06,0.0,0.91,111.0,,992,0,110.0,111.0,110.0
2012-02-05,0.0,-0.9,110.0,,1611,0,111.0,111.0,109.0
2012-02-02,0.0,0.0,111.0,,3946,0,111.0,113.0,111.0
2012-02-01,0.0,0.91,111.0,,1833,0,110.0,113.0,110.0
2012-01-31,0.0,-1.79,110.0,,2291,0,112.0,114.0,110.0
2012-01-29,0.0,0.0,112.0,,4200,0,112.0,114.0,111.0
2012-01-26,0.0,-1.75,112.0,,1060,0,114.0,114.0,110.0
2012-01-25,0.0,1.79,114.0,,1170,0,112.0,114.0,111.0
2012-01-23,0.0,-4.27,112.0,,1650,0,117.0,115.0,111.0
2012-01-22,0.0,0.0,117.0,,4484,0,117.0,118.0,115.0
2012-01-18,0.0,-0.85,117.0,,411,0,118.0,117.0,115.0
2012-01-17,0.0,1.8,113.0,,866,0,111.0,114.0,110.0
2012-01-16,0.0,-0.89,111.0,,1049,0,112.0,112.0,111.0
2012-01-12,0.0,0.0,112.0,,3102,0,112.0,112.0,110.0
2012-01-11,0.0,0.0,112.0,,2477,0,112.0,112.0,111.0
2012-01-10,0.0,0.9,112.0,,549,0,111.0,114.0,112.0
2012-01-09,0.0,-2.63,111.0,,1710,0,114.0,113.0,111.0
2012-01-08,0.0,0.88,114.0,,3240,0,113.0,115.0,113.0
2012-01-05,0.0,-0.88,113.0,,775,0,114.0,114.0,112.0
2012-01-04,0.0,-0.87,114.0,,3220,0,115.0,115.0,113.0
2012-01-03,0.0,-2.54,115.0,,490,0,118.0,116.0,114.0
2012-01-02,0.0,3.51,118.0,,551,0,114.0,118.0,115.0
2012-01-01,0.0,-0.87,114.0,,1111,0,115.0,115.0,113.0
