DATE,CHANGE,CHANGE %,CLOSE,TURNOVER,VOLUME,TRADE,OPEN,HIGH,LOW
2026-05-08,4.7,1.41,337.0,,96734,410,332.0,338.9,330.1
2026-05-07,1.3,0.39,332.3,,210088,415,333.8,335.0,329.7
2026-05-06,-2.5,-0.75,331.0,,148569,475,330.0,335.0,329.0
2026-05-05,3.5,1.06,333.5,,137642,524,330.0,335.0,326.0
2026-05-04,-4.9,-1.46,330.0,,142392,525,341.0,341.0,329.0
2026-04-30,-1.0,-0.3,334.9,,155102,535,352.6,352.6,326.0
2026-04-29,-3.2,-0.94,335.9,,197327,585,336.1,340.5,334.0
2026-04-28,-1.9,-0.56,339.1,,308091,777,341.0,347.0,339.0
2026-04-27,1.1,0.32,341.0,,206969,543,339.9,345.0,340.0
2026-04-24,0.0,0.0,339.9,,255929,549,338.0,341.0,331.1
2026-04-23,-1.1,-0.32,339.9,,189547,626,350.0,350.0,335.0
2026-04-22,1.9,0.56,341.0,,383874,997,340.0,347.0,332.0
2026-04-21,-5.9,-1.71,339.1,,241252,829,346.1,348.0,339.0
2026-04-20,-4.0,-1.15,345.0,,223229,714,350.0,350.0,341.5
2026-04-17,-0.5,-0.14,349.0,,303048,757,349.8,352.0,345.1
2026-04-16,-4.2,-1.19,349.5,,511242,1253,350.0,357.0,348.8
2026-04-15,5.5,1.58,353.7,,568585,1373,345.0,357.2,345.0
2026-04-13,-2.8,-0.8,348.2,,382840,920,351.0,354.0,345.0
2026-04-10,-1.2,-0.34,351.0,,571583,1227,354.0,355.0,346.0
2026-04-09,3.2,0.92,352.2,,740288,1634,347.0,355.0,344.0
2026-04-08,7.5,2.2,349.0,,472857,1152,345.0,350.0,342.0
2026-04-07,-4.5,-1.3,341.5,,428867,1270,350.0,350.8,339.2
2026-04-06,21.0,6.46,346.0,,936872,2345,325.0,348.0,324.0
2026-04-05,-28.0,-7.93,325.0,,979663,2612,350.5,350.5,324.6
2026-04-02,3.0,0.86,353.0,,787287,2125,350.0,356.8,343.0
2026-04-01,-8.1,-2.26,350.0,,1304796,2393,356.1,358.5,343.1
2026-03-31,0.5,0.14,358.1,,1143683,2793,364.7,364.7,346.0
2026-03-30,1.6,0.45,357.6,,1092401,2171,355.0,359.2,350.0
2026-03-29,-8.2,-2.25,356.0,,1046367,2414,360.0,366.0,353.0
2026-03-26,5.2,1.45,364.2,,886488,2223,359.0,365.9,354.0
2026-03-25,-2.4,-0.66,359.0,,1429057,3002,360.0,368.9,358.7
2026-03-24,13.4,3.85,361.4,,1601369,4533,354.0,367.9,351.0
2026-03-23,4.5,1.31,348.0,,799386,1897,343.0,349.5,337.7
2026-03-22,-0.9,-0.26,343.5,,1005619,2510,348.0,351.2,339.2
2026-03-19,3.4,1.0,344.4,,1528471,3408,347.8,353.9,342.2
2026-03-17,8.0,2.4,341.0,,768540,1927,332.5,343.7,331.0
2026-03-16,-6.8,-2.0,333.0,,566324,1814,339.0,343.9,331.0
2026-03-15,3.5,1.04,339.8,,922715,2026,343.0,343.0,335.2
2026-03-12,-3.7,-1.09,336.3,,719166,2255,345.0,345.0,335.3
2026-03-11,-1.0,-0.29,340.0,,1303521,4014,341.0,355.0,336.2
2026-03-10,1.0,0.29,341.0,,1842222,5336,345.0,347.0,323.0
2026-03-09,23.0,7.26,340.0,,47031,115,323.0,345.0,323.0
2026-03-03,1.0,0.32,317.0,,483492,1427,316.0,319.0,312.2
2026-03-01,3.6,1.15,316.0,,1049844,3054,312.4,321.0,308.0
2026-02-26,10.4,3.44,312.4,,1054543,2632,296.9,315.0,296.9
2026-02-25,5.0,1.68,302.0,,271738,539,300.7,304.0,295.0
2026-02-24,-0.8,-0.27,297.0,,116135,334,291.9,299.0,291.9
2026-02-23,6.8,2.34,297.8,,173416,484,290.5,297.8,290.4
2026-02-22,-4.0,-1.36,291.0,,191264,522,295.0,299.0,290.0
2026-02-17,-4.5,-1.5,295.0,,233251,680,297.0,301.4,292.1
2026-02-16,-3.5,-1.16,299.5,,266669,589,306.0,306.0,297.3
2026-02-12,0.0,0.0,303.0,,409062,908,309.0,309.0,302.2
2026-02-11,1.0,0.33,303.0,,276403,725,305.0,311.0,300.1
2026-02-10,5.0,1.68,302.0,,416755,1069,297.0,309.3,297.0
2026-02-09,-4.9,-1.62,297.0,,448876,896,307.9,307.9,296.0
2026-02-08,-1.1,-0.36,301.9,,585301,1468,305.0,311.0,299.6
2026-02-05,7.0,2.36,303.0,,536969,1509,301.0,312.1,296.2
2026-02-04,-0.5,-0.17,296.0,,132476,313,298.0,299.0,293.0
2026-02-03,-1.5,-0.5,296.5,,124815,423,300.0,300.0,292.1
2026-02-02,1.0,0.34,298.0,,136059,328,297.0,301.0,296.0
2026-02-01,-2.7,-0.9,297.0,,196511,505,300.1,300.1,295.0
2026-01-29,1.7,0.57,299.7,,318879,793,296.0,305.0,294.0
2026-01-28,0.5,0.17,298.0,,334494,749,296.2,301.0,291.0
2026-01-27,-9.3,-3.03,297.5,,423362,1018,307.0,308.9,297.4
2026-01-26,-1.2,-0.39,306.8,,604511,1444,312.0,312.0,300.0
2026-01-25,10.0,3.36,308.0,,603653,1517,299.5,309.5,299.5
2026-01-22,2.1,0.71,298.0,,216291,491,294.8,300.5,292.0
2026-01-21,-4.0,-1.33,295.9,,213242,566,299.0,301.4,293.2
2026-01-20,9.9,3.41,299.9,,295108,726,294.0,299.9,290.3
2026-01-18,0.7,0.24,290.0,,68116,354,295.0,295.0,288.0
2026-01-14,-0.1,-0.03,289.3,,50519,227,289.9,291.0,287.0
2026-01-13,0.6,0.21,289.4,,51673,244,288.0,292.0,287.0
2026-01-12,3.3,1.16,288.8,,152308,352,284.5,289.0,284.5
2026-01-08,-0.4,-0.14,285.5,,74785,249,285.9,289.0,284.2
2026-01-07,1.9,0.67,285.9,,102029,268,283.1,287.0,282.0
2026-01-06,0.0,0.0,284.0,,203231,362,286.8,289.0,283.2
2026-01-05,2.8,1.0,284.0,,79148,293,283.0,285.0,281.2
2026-01-04,1.2,0.43,281.2,,80581,398,280.0,283.4,276.0
2026-01-01,-1.0,-0.34,294.0,,224858,553,295.5,296.0,291.0
2025-12-31,2.5,0.85,295.0,,175971,528,298.3,298.3,292.6
2025-12-29,-3.2,-1.08,292.5,,144967,441,299.8,299.8,291.6
2025-12-28,6.7,2.32,295.7,,161296,591,292.5,296.0,289.0
2025-12-24,1.0,0.35,289.0,,62486,302,290.1,290.1,286.5
2025-12-23,2.0,0.7,288.0,,177114,492,286.0,289.0,285.0
2025-12-22,-2.0,-0.69,286.0,,79278,249,293.0,293.0,284.0
2025-12-21,0.0,0.0,288.0,,99202,231,288.0,288.8,285.0
2025-12-18,-2.0,-0.69,288.0,,103102,227,290.0,290.8,287.0
2025-12-17,1.6,0.55,290.0,,97365,332,289.9,291.0,288.0
2025-12-16,2.9,1.02,288.4,,93849,290,285.5,289.0,285.5
2025-12-15,0.5,0.18,285.5,,62377,242,286.0,286.9,281.4
2025-12-14,2.3,0.81,285.0,,101266,408,285.0,285.5,282.0
2025-12-11,-0.3,-0.11,282.7,,77387,254,281.0,285.9,281.0
2025-12-10,-1.5,-0.53,283.0,,46990,222,284.0,287.9,282.0
2025-12-09,0.5,0.18,284.5,,45685,206,286.0,287.9,284.3
2025-12-08,-1.1,-0.39,284.0,,79735,290,285.3,288.7,282.5
2025-12-07,-2.9,-1.01,285.1,,72320,299,288.0,288.2,284.7
2025-12-03,-3.0,-1.03,288.0,,118277,314,291.0,293.7,284.9
2025-12-02,2.0,0.69,291.0,,114052,307,283.5,293.0,283.5
2025-12-01,1.0,0.35,289.0,,81123,252,283.0,291.1,283.0
2025-11-30,-5.0,-1.71,288.0,,197101,501,295.0,298.0,287.3
2025-11-27,0.3,0.1,293.0,,157671,425,292.7,298.0,291.8
2025-11-26,6.1,2.13,292.7,,244015,689,285.1,295.0,285.1
2025-11-25,0.1,0.03,286.6,,76856,306,292.0,292.0,284.2
2025-11-24,4.0,1.42,286.5,,97848,331,285.0,288.0,284.5
2025-11-23,3.1,1.11,282.5,,52037,267,281.0,284.0,280.4
2025-11-20,-2.1,-0.75,279.4,,54780,235,280.0,283.4,278.1
2025-11-19,-0.5,-0.18,281.5,,71908,206,283.9,285.0,278.7
2025-11-18,2.0,0.71,282.0,,70131,284,280.0,284.0,280.0
2025-11-17,0.6,0.21,280.0,,52109,234,278.2,282.0,278.2
2025-11-16,0.4,0.14,279.4,,39873,209,279.0,283.5,278.0
2025-11-13,0.0,0.0,279.0,,76950,373,277.0,282.0,277.0
2025-11-12,1.0,0.36,279.0,,67951,388,282.9,283.5,277.0
2025-11-11,0.0,0.0,278.0,,51845,223,281.0,281.0,275.5
2025-11-10,1.0,0.36,278.0,,49196,231,277.0,280.0,275.1
2025-11-09,-2.0,-0.72,277.0,,78651,323,280.0,281.9,275.0
2025-11-06,-6.0,-2.11,279.0,,202266,560,279.3,286.0,276.1
2025-11-05,1.0,0.35,285.0,,81456,354,289.0,289.0,279.0
2025-11-04,-4.0,-1.39,284.0,,62787,243,286.0,290.5,284.0
2025-11-03,-4.0,-1.37,288.0,,94495,298,295.8,295.8,286.5
2025-11-02,7.1,2.49,292.0,,185519,598,290.0,295.0,284.0
2025-10-30,5.9,2.11,284.9,,99728,312,281.9,287.6,276.1
2025-10-29,-3.0,-1.06,279.0,,52858,258,282.0,286.8,278.0
2025-10-28,10.1,3.71,282.0,,71226,344,272.0,282.0,272.0
2025-10-26,-1.9,-0.69,271.9,66.17,24429,149,270.1,272.0,270.1
2025-10-19,3.6,1.33,273.8,,39985,205,275.0,275.0,269.0
2025-10-16,-1.8,-0.66,270.2,,60777,297,275.0,275.0,269.0
2025-10-15,-3.4,-1.23,272.0,,60586,274,275.0,277.0,271.0
2025-10-14,-4.6,-1.64,275.4,,54458,235,282.0,282.0,275.0
2025-10-13,2.0,0.72,280.0,,71584,336,278.2,280.0,272.8
2025-10-12,-4.1,-1.45,278.0,,149572,536,280.0,282.0,274.5
2025-10-09,2.1,0.75,282.1,,114738,485,285.6,300.0,281.0
2025-10-08,-5.5,-1.93,280.0,,155349,557,285.0,290.0,276.1
2025-10-07,-6.5,-2.23,285.5,,87576,352,295.0,295.0,285.0
2025-09-28,2.0,0.69,292.0,,54704,191,295.0,295.0,289.1
2025-09-25,2.0,0.69,290.0,,65656,225,286.2,291.0,286.2
2025-09-24,-3.9,-1.34,288.0,,55215,270,294.0,294.0,286.0
2025-09-23,5.8,2.03,291.9,,127915,518,291.8,297.0,287.0
2025-09-21,26.0,10.0,286.1,,228050,1027,260.5,286.1,260.1
2025-09-18,-27.18,-9.46,260.1,57.58,22003,85,281.6,281.6,258.8
2025-09-08,-2.26,-0.78,287.28,,104913,405,286.1,292.0,284.2
2025-09-07,-0.88,-0.3,289.54,,50916,325,288.3,291.0,288.3
2025-09-04,-0.82,-0.28,290.42,,103704,417,290.6,293.0,288.0
2025-09-03,-1.25,-0.43,291.24,,62539,231,292.0,293.0,291.0
2025-09-02,0.67,0.23,292.49,,76495,322,292.0,294.0,291.0
2025-09-01,0.19,0.07,291.82,,105523,382,296.0,296.0,289.0
2025-08-31,-3.12,-1.06,291.63,,102618,400,292.1,295.0,290.6
2025-08-28,-4.14,-1.39,294.75,,141601,455,299.0,300.0,293.6
2025-08-27,6.74,2.31,298.89,,82744,423,294.5,300.0,291.1
2025-08-26,0.53,0.18,292.15,,61205,250,288.0,294.9,288.0
2025-08-25,0.59,0.2,291.62,,111248,429,292.0,294.7,289.2
2025-08-24,-1.9,-0.65,291.03,,91001,401,287.1,296.0,287.1
2025-08-21,-1.54,-0.52,292.93,,102652,396,289.0,300.0,289.0
2025-08-20,-1.93,-0.65,294.47,,101467,432,294.0,299.1,293.0
2025-08-19,-0.54,-0.18,296.4,,73996,340,301.0,301.0,296.1
2025-08-18,2.26,0.77,296.94,,135668,415,296.1,299.0,292.9
2025-08-17,-4.61,-1.54,294.68,,129103,538,305.0,305.0,294.2
2025-08-14,1.3,0.44,299.29,,110325,460,300.0,301.7,296.7
2025-08-13,3.08,1.04,297.99,,182396,632,295.0,300.0,295.0
2025-08-12,-3.01,-1.01,294.91,,204350,665,299.9,300.0,294.5
2025-08-11,-2.81,-0.93,297.92,,120347,659,301.0,305.0,297.6
2025-08-07,4.01,1.35,300.73,,130922,638,299.0,301.9,296.0
2025-08-06,-2.23,-0.75,296.72,,178000,604,301.0,301.0,296.2
2025-08-05,-3.51,-1.16,298.95,,234095,832,306.0,306.9,298.0
2025-08-04,-0.01,0.0,302.46,,220706,914,306.9,307.0,299.0
2025-08-03,-3.94,-1.29,302.47,,232409,1018,300.3,311.0,300.3
2025-07-31,-3.91,-1.26,306.41,,316348,1149,308.0,312.0,305.6
2025-07-30,-7.21,-2.27,310.32,,419018,1416,318.0,320.0,309.7
2025-07-29,-2.26,-0.71,317.53,,294080,1261,324.0,327.0,315.5
2025-07-28,-0.67,-0.21,319.79,,516878,1800,324.0,324.0,313.2
2025-07-27,-6.17,-1.89,320.46,,847098,2561,330.0,335.0,319.0
2025-07-24,6.11,1.91,326.63,,744394,2236,326.0,327.0,319.0
2025-07-23,8.45,2.71,320.52,,864614,2436,318.0,323.5,313.0
2025-07-22,9.08,3.0,312.07,,806211,1985,304.0,314.1,304.0
2025-07-21,-0.34,-0.11,302.99,,225064,774,303.33,307.0,300.0
2025-07-20,-1.22,-0.4,303.33,,365383,1418,304.0,313.0,302.8
2025-07-17,8.63,2.92,304.55,,334212,1322,300.0,307.8,297.2
2025-07-16,0.18,0.06,295.92,,194996,674,296.1,298.9,294.0
2025-07-15,1.59,0.54,295.74,,139508,465,298.3,298.3,292.2
2025-07-14,2.15,0.74,294.15,,169139,582,292.5,299.3,291.1
2025-07-13,-1.8,-0.61,292.0,,193696,776,299.6,305.5,291.0
2025-07-10,-0.07,-0.02,293.8,,150016,542,297.9,297.9,292.2
2025-07-09,3.05,1.05,293.87,,116858,408,295.0,295.8,290.0
2025-07-08,-0.94,-0.32,290.82,,154968,506,295.0,295.0,290.0
2025-07-07,-2.22,-0.76,291.76,,105322,451,291.0,296.0,291.0
2025-07-06,-2.18,-0.74,293.98,,109254,465,300.0,300.0,293.0
2025-07-03,2.44,0.83,296.16,,170647,590,294.0,297.4,291.2
2025-07-02,0.56,0.19,293.72,,119991,480,299.0,299.0,292.5
2025-07-01,2.7,0.93,293.16,,107688,431,294.0,294.0,289.0
2025-06-30,1.83,0.63,290.46,,96984,390,294.0,294.0,288.2
2025-06-29,0.08,0.03,288.63,,136736,676,294.0,294.0,288.1
2025-06-26,-3.05,-1.05,288.55,,223162,735,297.0,297.0,288.0
2025-06-25,-1.47,-0.5,291.6,,147758,487,298.9,298.9,290.1
2025-06-24,0.54,0.18,293.07,,127909,494,297.0,298.0,293.0
2025-06-23,1.2,0.41,292.53,,165694,625,294.0,295.0,290.0
2025-06-22,-6.8,-2.28,291.33,,236593,895,302.0,302.0,290.1
2025-06-19,0.03,0.01,298.13,,442333,1219,298.0,304.9,297.0
2025-06-18,-1.45,-0.48,298.1,,326931,812,295.0,304.0,295.0
2025-06-17,-1.07,-0.36,299.55,,199436,793,306.0,306.0,295.0
2025-06-16,-6.04,-1.97,300.62,,690474,1454,312.0,312.0,300.0
2025-06-15,-5.23,-1.68,306.66,,456426,1135,318.1,318.1,305.1
2025-06-12,-0.46,-0.15,311.89,,722893,1955,315.0,326.0,309.0
2025-06-11,10.35,3.43,312.35,,745220,1882,308.0,315.0,294.0
2025-06-10,1.68,0.56,302.0,,283773,862,301.0,308.0,301.0
2025-06-09,-1.84,-0.61,300.32,,169711,586,308.0,308.0,299.0
2025-06-08,7.28,2.47,302.16,,498690,1381,299.9,305.7,298.0
2025-06-05,2.96,1.01,294.88,,183979,537,297.0,297.7,291.1
2025-06-04,-1.24,-0.42,291.92,,110358,400,290.0,295.9,288.5
2025-06-03,-1.31,-0.44,293.16,,106280,396,295.0,298.0,292.2
2025-06-02,-2.0,-0.67,294.47,,295057,892,302.3,308.3,290.3
2025-05-28,5.01,1.72,296.47,,230582,753,289.0,299.9,289.0
2025-05-27,0.29,0.1,291.46,,147141,473,291.0,296.5,287.1
2025-05-26,-0.89,-0.3,291.17,,164674,615,297.0,305.0,290.0
2025-05-25,-2.93,-0.99,292.06,,169873,634,297.0,300.0,289.2
2025-05-22,-3.99,-1.33,294.99,,226757,750,299.0,302.9,293.2
2025-05-21,-4.66,-1.53,298.98,,370098,1249,309.7,318.9,297.0
2025-05-20,11.99,4.11,303.64,,220781,816,297.4,305.9,287.1
2025-05-19,5.15,1.8,291.65,,251937,797,290.8,295.0,288.0
2025-05-18,-8.95,-3.03,286.5,,266832,1139,299.9,299.9,285.1
2025-05-15,-0.31,-0.1,295.45,,355365,1057,291.0,302.0,291.0
2025-05-14,-9.78,-3.2,295.76,,380162,1283,310.6,310.6,295.0
2025-05-13,-7.27,-2.32,305.54,,521728,1779,319.0,323.0,303.5
2025-05-11,-5.65,-1.77,312.81,,586482,1796,324.0,327.4,311.9
2025-05-08,7.22,2.32,318.46,,1223562,3313,315.0,327.0,305.0
2025-05-07,6.65,2.18,311.24,,811121,2316,310.6,315.0,305.8
2025-05-06,5.89,1.97,304.59,,568864,1577,304.6,307.0,299.0
2025-05-05,-7.12,-2.33,298.7,,440554,1473,311.0,311.0,297.0
2025-05-04,12.62,4.3,305.82,,1287648,3728,299.0,313.0,297.0
2025-04-30,7.32,2.56,293.2,,397664,1108,290.0,307.0,281.0
2025-04-29,-1.63,-0.57,285.88,,147902,624,293.2,293.2,283.0
2025-04-28,-4.83,-1.65,287.51,,346763,1022,294.9,300.0,286.6
2025-04-27,11.31,4.02,292.34,,484262,1374,283.0,295.9,281.0
2025-04-24,0.94,0.34,281.03,,189811,537,278.0,283.0,276.5
2025-04-23,-9.32,-3.22,280.09,,286787,642,286.0,288.8,279.0
2025-04-22,-1.39,-0.48,289.41,,321623,715,290.8,294.0,288.3
2025-04-21,5.39,1.89,290.8,,303777,921,290.0,294.9,283.1
2025-04-20,-4.15,-1.43,285.41,,225328,591,290.0,292.7,285.0
2025-04-17,3.7,1.29,289.56,,273916,906,286.0,295.0,285.2
2025-04-16,2.38,0.84,285.86,,187755,686,286.0,288.0,278.5
2025-04-15,10.39,3.8,283.48,,288959,692,272.3,285.7,272.2
2025-04-13,1.25,0.46,273.09,,100848,344,272.0,275.4,270.2
2025-04-10,1.85,0.69,271.84,,84629,320,274.0,276.0,271.0
2025-04-09,-0.11,-0.04,269.99,,82416,287,273.0,274.4,269.1
2025-04-08,-0.13,-0.05,270.1,,90659,540,270.0,272.0,266.7
2025-04-07,-4.63,-1.68,270.23,,97290,396,276.0,277.5,268.7
2025-04-03,-4.0,-1.43,274.86,,106754,447,276.1,281.5,273.5
2025-04-02,6.54,2.4,278.86,,107555,449,273.0,283.5,270.0
2025-04-01,-2.69,-0.98,272.32,,90402,420,280.0,280.0,270.2
2025-03-30,4.3,1.59,275.01,,197362,595,271.0,278.9,268.1
2025-03-27,2.26,0.84,270.71,,90509,461,266.0,272.6,266.0
2025-03-26,6.29,2.4,268.45,,87282,396,263.0,269.9,263.0
2025-03-25,-7.49,-2.78,262.16,,186156,789,268.0,268.0,260.0
2025-03-24,3.13,1.17,269.65,,117606,554,270.0,271.8,262.0
2025-03-23,-7.69,-2.8,266.52,,142380,767,277.0,277.0,266.0
2025-03-20,-0.69,-0.25,274.21,,138399,518,274.9,277.0,270.1
2025-03-19,-3.2,-1.15,274.9,,91368,424,280.0,281.6,273.0
2025-03-18,-1.1,-0.39,278.1,,104803,445,280.0,282.0,277.0
2025-03-17,-1.8,-0.64,279.2,,136275,437,281.0,283.1,279.0
2025-03-16,-2.0,-0.71,281.0,,141925,534,284.5,285.8,278.6
2025-03-12,3.0,1.07,283.0,,103851,454,278.4,285.8,278.4
2025-03-11,-6.0,-2.1,280.0,,226840,689,283.0,286.0,279.7
2025-03-10,-5.0,-1.72,286.0,,151815,809,293.1,295.9,284.0
2025-03-09,-3.0,-1.02,291.0,,281911,1060,299.5,299.5,289.2
2025-03-06,2.7,0.93,294.0,,182084,717,292.0,295.8,292.0
2025-03-05,-6.6,-2.22,291.3,,350758,1157,302.0,302.0,288.0
2025-03-04,-2.3,-0.77,297.9,,415989,1428,300.0,308.0,297.5
2025-03-03,-5.3,-1.73,300.2,,401433,1417,310.0,310.9,300.0
2025-03-02,7.6,2.55,305.5,,564504,1956,300.0,308.9,300.0
2025-02-27,16.3,5.79,297.9,,555924,1671,284.0,298.0,282.0
2025-02-25,1.6,0.57,281.6,,187657,534,283.0,284.0,280.0
2025-02-24,1.1,0.39,280.0,,196770,742,278.9,283.0,278.0
2025-02-23,-2.3,-0.82,278.9,,247460,685,276.0,281.0,271.0
2025-02-20,-2.8,-0.99,281.2,,141785,505,284.0,284.0,278.4
2025-02-18,0.0,0.0,284.0,,225723,546,288.0,288.0,281.0
2025-02-17,1.0,0.35,284.0,,192106,727,284.0,288.0,283.1
2025-02-16,4.8,1.73,283.0,,201401,735,280.0,284.9,278.4
2025-02-13,2.2,0.8,278.2,,232428,734,281.0,284.0,276.0
2025-02-12,-1.0,-0.36,276.0,,164135,476,277.1,281.9,275.0
2025-02-11,-1.0,-0.36,277.0,,83839,337,278.0,281.9,276.7
2025-02-10,-4.1,-1.45,278.0,,171659,651,285.0,286.0,276.0
2025-02-09,5.2,1.88,282.1,,415106,1413,282.4,290.0,280.0
2025-02-06,-1.1,-0.4,276.9,,211039,592,278.0,282.0,270.0
2025-02-05,0.0,0.0,278.0,,160895,539,275.0,283.0,275.0
2025-02-04,-2.0,-0.71,278.0,,139885,743,280.1,285.0,275.0
2025-02-03,-3.0,-1.06,280.0,,223297,893,285.0,293.0,279.3
2025-02-02,6.9,2.5,283.0,,332202,1025,280.0,285.6,276.0
2025-01-28,2.1,0.77,276.1,,163976,549,278.0,278.6,273.0
2025-01-27,2.0,0.74,274.0,,146653,590,271.0,280.0,269.0
2025-01-26,-2.6,-0.95,272.0,,219485,736,275.0,281.0,272.0
2025-01-23,-1.4,-0.51,274.6,,185920,682,270.5,280.0,270.5
2025-01-22,11.0,4.15,276.0,,280865,1073,268.0,280.0,263.2
2025-01-21,0.0,0.0,265.0,,88968,307,269.0,269.0,263.0
2025-01-20,4.0,1.53,265.0,,161479,511,262.0,266.5,260.0
2025-01-19,0.8,0.31,261.0,,77618,362,264.3,264.3,259.5
2025-01-16,-3.8,-1.44,260.2,,88684,356,262.0,267.0,260.0
2025-01-15,-1.0,-0.38,264.0,,80852,307,269.0,269.0,262.0
2025-01-13,1.0,0.38,265.0,,113713,428,259.0,265.7,259.0
2025-01-12,-8.0,-2.94,264.0,,98566,450,277.4,277.4,263.9
2025-01-09,-1.6,-0.58,272.0,,90467,448,277.9,277.9,270.0
2025-01-08,-3.4,-1.23,273.6,,91988,431,282.5,282.5,273.0
2025-01-07,4.0,1.47,277.0,,139075,719,276.29,280.0,271.1
2025-01-06,14.0,5.41,273.0,,239895,944,262.0,273.0,262.0
2025-01-05,0.0,0.0,259.0,,81935,406,260.9,263.0,256.3
2025-01-02,1.4,0.54,259.0,,112435,384,253.1,262.7,253.1
2025-01-01,2.7,1.06,257.6,,60545,321,251.1,259.0,251.1
2024-12-31,-5.1,-1.96,254.9,,158332,600,255.0,260.0,251.0
2024-12-29,-5.0,-1.89,260.0,,113072,435,265.0,265.0,260.0
2024-12-26,1.7,0.65,265.0,,114080,460,260.1,265.2,258.1
2024-12-24,5.8,2.25,263.3,,170510,668,259.8,264.9,256.6
2024-12-23,8.0,3.21,257.5,,103043,579,252.0,259.0,250.0
2024-12-22,-4.5,-1.77,249.5,,155606,787,254.0,255.0,246.2
2024-12-19,-6.2,-2.38,254.0,,226106,874,263.0,263.0,252.5
2024-12-18,-4.7,-1.77,260.2,,93147,430,267.0,268.0,260.1
2024-12-17,-0.3,-0.11,264.9,,120356,600,265.2,266.0,260.2
2024-12-16,-8.3,-3.03,265.2,,163827,680,270.0,273.0,265.1
2024-12-12,-4.5,-1.62,273.5,,98358,464,279.0,279.9,273.5
2024-12-11,5.0,1.83,278.0,,126093,468,275.0,278.3,271.5
2024-12-10,-1.7,-0.62,273.0,,142747,513,274.4,279.8,271.0
2024-12-09,-0.3,-0.11,274.7,,143288,589,278.0,278.9,273.0
2024-12-08,-4.0,-1.43,275.0,,174390,820,279.0,280.0,272.7
2024-12-05,-4.0,-1.41,279.0,,196864,867,280.1,285.0,278.4
2024-12-04,-2.1,-0.74,283.0,,165408,611,286.0,289.9,282.5
2024-12-03,-1.4,-0.49,285.1,,139222,527,292.2,292.2,283.5
2024-12-02,0.8,0.28,286.5,,204411,569,283.0,293.0,283.0
2024-12-01,-5.1,-1.75,285.7,,176112,634,296.0,296.0,283.0
2024-11-28,-2.4,-0.82,290.8,,169222,596,294.0,296.9,289.0
2024-11-27,1.7,0.58,293.2,,200549,611,295.0,298.1,291.0
2024-11-26,3.3,1.15,291.5,,138235,514,293.9,299.0,289.9
2024-11-25,0.1,0.03,288.2,,146097,473,293.8,295.0,285.3
2024-11-24,-0.4,-0.14,288.1,,147796,599,288.5,297.0,287.0
2024-11-21,-5.8,-1.97,288.5,,199748,714,297.0,298.0,288.5
2024-11-20,-2.0,-0.67,294.3,,164883,610,295.0,299.9,291.0
2024-11-19,-6.7,-2.21,296.3,,300482,967,309.0,309.0,295.0
2024-11-17,1.5,0.5,303.0,,275272,843,307.0,313.0,302.1
2024-11-14,-0.5,-0.17,301.5,,215064,733,305.0,306.0,300.0
2024-11-13,-2.0,-0.66,302.0,,160461,571,304.0,308.0,299.0
2024-11-12,-3.0,-0.98,304.0,,164943,661,311.0,312.0,303.0
2024-11-11,2.0,0.66,307.0,,445338,1623,308.0,317.2,304.0
2024-11-10,15.3,5.28,305.0,,449721,1320,292.1,306.0,290.0
2024-11-06,-1.3,-0.45,289.7,,111418,481,290.0,295.0,289.5
2024-11-05,-2.0,-0.68,291.0,,101216,390,294.0,297.0,290.0
2024-10-30,-1.5,-0.51,293.0,,175332,534,300.0,300.0,292.1
2024-10-29,1.0,0.34,294.5,,180151,677,297.0,297.0,293.2
2024-10-28,0.7,0.24,293.5,,166292,606,293.0,298.0,293.0
2024-10-27,1.8,0.62,292.8,,198315,838,292.0,299.0,290.0
2024-10-24,1.5,0.52,291.0,,139795,610,290.0,295.0,287.0
2024-10-23,2.5,0.87,289.5,,215165,745,287.0,299.0,286.5
2024-10-22,4.0,1.41,287.0,,167680,675,283.0,287.9,278.1
2024-10-21,-7.4,-2.55,283.0,,252091,981,290.0,290.4,282.0
2024-10-20,-5.79,-1.95,290.4,,332686,1369,290.3,300.0,286.0
2024-10-17,-0.9,-0.29,311.0,,426103,1803,315.0,317.0,310.0
2024-10-16,13.0,4.35,311.9,,319074,1265,304.8,313.0,300.0
2024-10-15,2.9,0.98,298.9,,90654,430,301.7,301.9,296.2
2024-10-09,-3.0,-1.0,296.0,,128800,523,295.3,299.9,295.3
2024-10-08,-4.0,-1.32,299.0,,168359,536,304.9,305.0,298.0
2024-10-07,4.0,1.34,303.0,,262692,940,303.0,307.0,300.3
2024-10-06,6.0,2.05,299.0,,257587,1009,293.0,300.0,291.5
2024-10-02,-8.0,-2.66,293.0,,348725,1365,304.0,305.0,293.0
2024-10-01,18.1,6.4,301.0,,612401,2222,285.9,302.3,284.0
2024-09-30,2.9,1.04,282.9,,243263,758,285.6,286.0,280.0
2024-09-29,-4.1,-1.44,280.0,,487941,1608,284.1,291.0,274.9
2024-09-26,-22.9,-7.46,284.1,,1668374,5811,300.9,300.9,277.0
2024-09-25,6.0,1.99,307.0,,405463,1590,301.0,310.6,296.1
2024-09-24,-6.5,-2.11,301.0,,446031,1737,308.0,312.0,300.1
2024-09-23,-8.4,-2.66,307.5,,378446,1704,322.2,322.2,307.0
2024-09-22,-1.1,-0.35,315.9,,299687,1380,323.3,333.0,315.0
2024-09-18,-1.7,-0.53,317.0,,335835,1328,319.0,321.9,310.7
2024-09-16,-4.3,-1.33,318.7,,453103,1753,329.4,329.4,314.6
2024-09-15,-5.0,-1.52,323.0,,765964,2945,334.5,341.0,316.8
2024-09-12,16.0,5.13,328.0,,589306,2264,310.0,333.0,310.0
2024-09-11,-6.0,-1.89,312.0,,469446,1871,324.3,324.3,310.0
2024-09-10,-3.0,-0.93,318.0,,502730,1924,325.0,329.9,316.0
2024-09-09,-9.0,-2.73,321.0,,661100,2451,330.0,332.0,320.1
2024-09-08,-5.1,-1.52,330.0,,389711,1676,336.0,342.0,329.0
2024-09-05,-3.8,-1.12,335.1,,676073,2435,340.0,343.0,330.2
2024-09-04,-13.1,-3.72,338.9,,719329,2647,359.0,359.0,337.0
2024-09-03,-1.0,-0.28,352.0,,744150,2573,360.0,362.0,348.1
2024-09-02,25.0,7.62,353.0,,1225949,4439,334.5,353.0,323.4
2024-09-01,-7.5,-2.24,328.0,,802824,2946,342.0,342.0,325.6
2024-08-29,-10.5,-3.03,335.5,,1084119,3941,352.9,352.9,330.0
2024-08-28,-3.0,-0.86,346.0,,962018,3547,349.0,362.0,345.0
2024-08-27,-18.0,-4.9,349.0,,1459450,5642,367.0,367.0,346.0
2024-08-25,-0.2,-0.05,367.0,,2278787,7514,374.5,388.0,365.0
2024-08-22,4.2,1.16,367.2,,899006,3276,370.2,373.3,362.1
2024-08-21,-4.0,-1.09,363.0,,1243099,4145,374.0,379.9,363.0
2024-08-18,-8.0,-2.13,367.0,,2142354,7030,382.5,390.0,360.0
2024-08-15,28.7,8.29,375.0,,1734493,6387,353.2,380.9,353.2
2024-08-14,31.4,9.97,346.3,,2237172,7665,321.1,346.3,321.1
2024-08-13,-5.1,-1.59,314.9,,1353662,4129,325.0,325.0,308.2
2024-08-12,22.1,7.42,320.0,,1627746,4913,297.9,325.0,297.9
2024-08-11,22.0,7.97,297.9,,1406458,4333,281.4,303.4,278.1
2024-08-08,7.8,2.91,275.9,,1307915,3559,271.0,285.0,268.0
2024-08-07,18.0,7.2,268.1,,1010815,3354,246.0,269.0,246.0
2024-08-06,-19.6,-7.27,250.1,,1228937,3743,275.0,275.0,250.0
2024-08-05,15.8,6.22,269.7,,1362971,3420,258.9,270.0,250.0
2024-08-01,-4.2,-1.63,253.9,,828114,2511,260.0,261.9,252.0
2024-07-31,17.1,7.1,258.1,,1477229,4091,244.6,264.2,244.0
2024-07-30,2.5,1.05,241.0,,819035,2216,243.2,247.0,231.0
2024-07-29,4.6,1.97,238.5,,1020096,2733,235.0,245.0,229.0
2024-07-28,5.4,2.36,233.9,,734555,1971,233.0,241.0,225.4
2024-07-25,0.4,0.18,228.5,,676251,2007,232.6,232.6,222.2
2024-07-24,-7.8,-3.31,228.1,,847574,2752,240.0,241.6,225.0
2024-07-23,15.9,7.23,235.9,,1043530,3118,224.4,237.0,220.0
2024-07-22,9.8,4.66,220.0,,830170,2378,214.4,224.4,207.8
2024-07-21,0.2,0.1,210.2,,522204,1632,208.0,215.2,207.0
2024-07-18,1.2,0.57,210.0,,842492,2279,212.9,217.0,207.8
2024-07-17,-0.6,-0.29,208.8,,744724,2657,213.5,214.0,202.0
2024-07-16,18.4,9.63,209.4,,883819,2844,191.0,210.0,191.0
2024-07-15,3.0,1.6,191.0,,605211,1746,190.0,199.9,188.2
2024-07-14,11.9,6.76,188.0,,351899,1223,179.6,190.7,177.0
2024-07-11,3.8,2.21,176.1,,172243,581,173.0,176.1,173.0
2024-07-10,1.3,0.76,172.3,,95253,326,173.0,173.5,170.7
2024-07-09,0.6,0.35,171.0,,106416,378,173.8,173.8,169.0
2024-07-08,-0.6,-0.35,170.4,,73436,252,170.1,173.0,170.1
2024-07-07,0.0,0.0,171.0,,75586,367,174.4,174.4,169.6
2024-07-04,0.0,0.0,171.0,,106318,374,167.6,174.0,167.6
2024-07-03,-1.5,-0.87,171.0,,71127,252,174.0,174.0,169.7
2024-07-02,6.6,3.98,172.5,,116222,536,169.2,182.0,169.2
2024-07-01,0.0,0.0,165.9,,108215,372,165.5,167.0,164.2
2024-06-30,-0.2,-0.12,165.9,,114014,386,164.0,169.0,164.0
2024-06-27,-2.4,-1.42,166.1,,121831,293,171.8,171.8,165.2
2024-06-26,-3.5,-2.03,168.5,,86469,370,175.0,175.0,167.0
2024-06-25,1.7,1.0,172.0,,93043,312,170.3,172.8,169.2
2024-06-24,0.5,0.29,170.3,,93658,340,173.1,173.1,167.0
2024-06-23,0.8,0.47,169.8,,83716,304,168.6,171.0,168.0
2024-06-20,-2.5,-1.46,169.0,,70965,260,174.0,174.0,169.0
2024-06-19,-1.3,-0.75,171.5,,63652,205,176.2,176.2,170.1
2024-06-18,-1.0,-0.58,172.8,,92253,283,176.0,176.0,171.1
2024-06-16,0.8,0.46,173.8,,91609,355,176.3,176.3,170.1
2024-06-13,-3.0,-1.7,173.0,,78373,304,176.0,176.0,172.5
2024-06-12,0.0,0.0,176.0,,90041,377,177.0,178.7,172.8
2024-06-11,2.2,1.27,176.0,,109567,515,177.2,178.0,173.0
2024-06-10,6.6,3.95,173.8,,169792,658,165.0,175.5,165.0
2024-06-09,0.2,0.12,167.2,,84448,347,163.8,170.0,163.8
2024-06-06,0.0,0.0,167.0,,82468,340,170.3,170.3,166.0
2024-06-05,-1.9,-1.12,167.0,,74511,266,172.2,172.2,166.1
2024-06-04,0.9,0.54,168.9,,90721,302,171.3,171.3,167.0
2024-06-03,0.0,0.0,168.0,,73043,314,171.3,172.5,167.4
2024-06-02,-1.2,-0.71,168.0,,73202,334,172.5,172.5,168.0
2024-05-30,-2.8,-1.63,169.2,,83097,361,169.2,173.5,168.1
2024-05-29,-1.0,-0.58,172.0,,89604,362,176.4,178.0,169.6
2024-05-27,-1.0,-0.57,173.0,,85640,356,177.4,177.4,171.5
2024-05-26,-3.0,-1.69,174.0,,92141,404,180.5,180.5,173.6
2024-05-22,0.4,0.23,177.0,,84333,392,180.0,180.0,174.0
2024-05-21,0.9,0.51,176.6,,58253,288,179.2,179.2,173.5
2024-05-20,1.7,0.98,175.7,,120958,475,177.4,179.0,174.0
2024-05-19,3.8,2.23,174.0,,101527,477,173.6,176.8,172.0
2024-05-16,-2.4,-1.39,170.2,98.84,57581,310,175.0,175.0,170.2
2024-05-15,-4.0,-2.27,172.6,,92456,427,180.1,180.1,171.5
2024-05-14,5.6,3.27,176.6,,99404,494,174.4,177.0,170.0
2024-05-13,3.0,1.79,171.0,,92681,465,171.3,172.9,168.0
2024-05-12,4.7,2.88,168.0,,127385,434,166.5,169.1,164.0
2024-05-09,0.8,0.49,163.3,73.75,45154,256,162.0,164.7,162.0
2024-05-08,0.0,0.0,162.5,93.79,57476,228,162.0,164.9,162.0
2024-05-07,-1.1,-0.67,162.5,83.02,50652,256,164.0,165.9,162.3
2024-05-06,-4.1,-2.44,163.6,,110280,412,171.0,171.0,163.6
2024-05-05,-1.3,-0.77,167.7,,83736,360,169.0,171.0,165.0
2024-05-02,-3.0,-1.74,169.0,,77730,357,175.4,175.4,168.9
2024-04-30,2.3,1.36,172.0,,90284,401,173.0,174.0,166.8
2024-04-29,-1.3,-0.76,169.7,73.41,43152,231,174.4,174.4,168.7
2024-04-28,1.5,0.88,171.0,,72673,269,170.0,171.0,168.7
2024-04-25,-2.1,-1.22,169.5,76.01,44787,230,172.9,172.9,169.0
2024-04-24,0.8,0.47,171.6,68.66,40255,209,171.0,172.0,168.8
2024-04-22,-3.9,-2.23,170.8,75.1,43640,213,177.0,177.0,170.1
2024-04-21,6.8,4.05,174.7,,71354,306,167.0,174.7,167.0
2024-04-18,-3.4,-1.98,167.9,96.68,57297,354,170.1,173.0,166.6
2024-04-16,-0.9,-0.52,171.3,,65358,329,172.2,173.0,170.0
2024-04-15,-1.7,-0.98,172.2,73.15,42180,246,174.0,176.0,172.1
2024-04-14,-2.1,-1.19,173.9,93.48,53425,294,176.0,178.0,173.5
2024-04-10,-0.9,-0.51,176.0,,80088,353,176.2,179.4,176.0
2024-04-09,2.8,1.61,176.9,,100318,441,175.5,177.2,174.0
2024-04-07,1.1,0.64,174.1,,79571,421,172.5,175.0,172.5
2024-04-04,-2.8,-1.59,173.0,,126042,462,177.0,177.0,172.3
2024-04-03,-0.1,-0.06,175.8,,80963,350,175.0,176.0,173.8
2024-04-02,1.3,0.74,175.9,,77640,358,178.0,178.0,173.9
2024-04-01,-0.9,-0.51,174.6,,96679,431,175.5,177.0,174.5
2024-03-31,-3.0,-1.68,175.5,,74235,410,178.1,180.0,175.5
2024-03-28,-1.0,-0.56,178.5,,82530,387,183.0,183.0,177.9
2024-03-27,0.5,0.28,179.5,,76228,316,182.5,182.5,179.0
2024-03-26,0.4,0.22,179.0,,70877,379,179.0,180.5,178.0
2024-03-25,-2.4,-1.33,178.6,,63637,312,183.0,183.0,178.6
2024-03-21,-1.0,-0.55,181.0,,64761,311,180.1,185.0,180.1
2024-03-20,-2.0,-1.09,182.0,,134701,544,187.6,187.6,181.0
2024-03-19,-2.5,-1.34,184.0,,68803,366,186.5,188.2,183.7
2024-03-18,-0.4,-0.21,186.5,83.44,44837,285,190.6,190.6,183.5
2024-03-17,-1.4,-0.74,186.9,,112547,409,188.5,192.2,186.0
2024-03-14,-2.8,-1.47,188.3,,84425,400,194.9,194.9,188.0
2024-03-13,-0.4,-0.21,191.1,,141916,547,192.5,195.0,189.0
2024-03-12,3.5,1.86,191.5,,109798,572,190.0,192.5,188.8
2024-03-10,1.0,0.53,188.0,,76086,407,190.7,193.0,186.0
2024-03-07,-0.5,-0.27,187.0,,103854,414,191.0,193.0,186.3
2024-03-06,1.6,0.86,187.5,,126770,561,183.0,191.0,182.0
2024-03-05,-7.4,-3.83,185.9,,246540,1043,197.0,197.0,183.0
2024-03-04,17.5,9.95,193.3,45.83,23832,75,179.0,193.3,179.0
2024-03-03,-0.8,-0.45,175.8,,103413,493,177.0,177.0,174.0
2024-02-29,-2.5,-1.4,176.6,,183421,571,179.5,181.5,175.0
2024-02-28,-1.9,-1.05,179.1,,73474,355,182.0,184.0,178.7
2024-02-27,0.1,0.06,181.0,,145129,496,180.0,184.0,180.0
2024-02-26,2.4,1.34,180.9,,107236,542,181.0,183.0,177.0
2024-02-25,-4.2,-2.3,178.5,,168121,645,182.7,184.0,175.0
2024-02-22,-3.6,-1.93,182.7,,136028,722,190.0,190.0,182.2
2024-02-21,-2.0,-1.06,186.3,,107413,542,190.5,191.0,186.0
2024-02-20,-1.7,-0.89,188.3,,140170,700,190.0,192.0,188.0
2024-02-18,-5.2,-2.66,190.0,,182646,875,195.2,197.0,189.0
2024-02-15,-1.1,-0.56,195.2,,167268,688,196.0,198.0,194.1
2024-02-14,-0.7,-0.36,196.3,,135428,599,197.0,199.9,194.5
2024-02-13,-5.0,-2.48,197.0,,249134,866,202.2,203.9,197.0
2024-02-12,3.5,1.76,202.0,,164294,595,198.6,203.0,198.6
2024-02-11,-2.5,-1.24,198.5,,191351,721,205.0,205.0,198.1
2024-02-07,1.4,0.69,203.4,,134579,534,206.0,206.0,201.0
2024-02-06,3.0,1.51,202.0,,176832,643,200.0,204.5,200.0
2024-02-05,1.5,0.76,199.0,,136985,546,197.5,202.8,197.5
2024-02-04,-1.2,-0.6,197.5,,185914,790,199.0,202.3,195.1
2024-02-01,-5.2,-2.55,198.7,,372910,1340,205.0,205.0,198.1
2024-01-31,-3.1,-1.5,203.9,,324592,1207,207.5,211.0,203.5
2024-01-30,0.0,0.0,207.0,,430346,1156,210.0,211.0,206.0
2024-01-29,-1.7,-0.81,207.0,,469326,1277,210.0,214.0,206.0
2024-01-28,-0.3,-0.14,208.7,,251123,935,213.1,213.1,205.8
2024-01-25,-2.0,-0.95,209.0,,435590,1627,212.0,212.9,205.0
2024-01-24,-7.0,-3.21,211.0,,507284,1988,222.3,222.3,209.8
2024-01-23,7.5,3.56,218.0,,826821,2865,214.7,221.9,211.0
2024-01-22,5.5,2.68,210.5,,1148957,3042,205.0,215.0,204.0
2024-01-21,7.0,3.54,205.0,,1009989,2743,200.0,212.5,198.0
2024-01-18,4.5,2.33,198.0,,480594,1444,190.0,202.0,189.9
2024-01-17,-7.4,-3.68,193.5,,589730,2103,204.0,204.9,193.4
2024-01-16,6.9,3.56,200.9,,821079,2583,191.0,205.0,191.0
2024-01-14,9.0,4.86,194.0,,402898,1351,188.0,194.5,188.0
2024-01-11,2.1,1.15,185.0,,253584,737,184.0,187.0,181.0
2024-01-10,-3.1,-1.67,182.9,,143020,689,189.5,189.5,182.0
2024-01-09,-0.5,-0.27,186.0,,343662,895,188.5,192.0,182.8
2024-01-08,2.0,1.08,186.5,,195187,582,188.0,191.0,183.2
2024-01-07,1.5,0.82,184.5,,329000,1117,185.0,192.1,184.3
2024-01-04,1.0,0.55,183.0,,189419,751,185.5,189.2,182.0
2024-01-03,7.5,4.3,182.0,,228192,784,174.5,182.1,174.5
2024-01-02,-2.5,-1.41,174.5,,249035,595,177.0,178.0,173.5
2024-01-01,0.0,0.0,177.0,,139801,631,178.0,180.5,175.6
2023-12-28,-3.0,-1.67,177.0,,271910,825,182.0,182.0,176.0
2023-12-27,-5.0,-2.7,180.0,,200208,783,188.7,192.0,180.0
2023-12-24,-2.5,-1.33,185.0,,306649,1036,190.0,191.7,184.0
2023-12-21,-4.8,-2.5,187.5,,292204,1123,195.0,195.5,187.5
2023-12-20,0.2,0.1,192.3,,400817,1287,195.0,200.0,190.0
2023-12-19,0.1,0.05,192.1,,207336,876,195.8,195.8,188.2
2023-12-18,2.0,1.05,192.0,,587392,1903,192.0,201.0,191.1
2023-12-17,14.5,8.26,190.0,,518010,1506,174.0,190.7,170.0
2023-12-14,-2.1,-1.18,175.5,,128113,519,175.6,178.5,172.1
2023-12-13,1.6,0.91,177.6,,187159,848,179.5,181.9,175.0
2023-12-12,4.5,2.62,176.0,,226829,907,174.9,177.9,168.6
2023-12-11,-0.5,-0.29,171.5,,393700,1352,172.9,175.2,167.2
2023-12-10,11.0,6.83,172.0,,71729,195,164.2,173.4,164.2
2023-12-07,2.0,1.26,161.0,,139369,456,159.4,162.9,157.2
2023-12-06,1.6,1.02,159.0,,132396,317,156.0,159.0,155.0
2023-12-05,0.4,0.25,157.4,,65889,278,155.4,159.0,155.4
2023-12-04,-0.3,-0.19,157.0,,71798,325,155.2,161.0,155.2
2023-12-03,0.4,0.25,157.3,82.82,52723,309,160.0,161.0,156.0
2023-11-30,-3.1,-1.94,156.9,,136142,451,156.8,163.0,156.0
2023-11-29,-4.0,-2.44,160.0,,83352,316,164.0,164.0,160.0
2023-11-28,0.8,0.49,164.0,,109484,337,165.5,166.0,163.0
2023-11-27,-2.3,-1.39,163.2,,155066,474,165.5,167.9,162.7
2023-11-26,6.5,4.09,165.5,,155630,593,159.0,166.1,159.0
2023-11-23,1.0,0.63,159.0,,82684,347,159.0,160.0,157.0
2023-11-22,1.0,0.64,158.0,69.45,44226,307,159.0,159.0,154.7
2023-11-21,-3.3,-2.06,157.0,98.33,62446,376,163.0,163.0,156.2
2023-11-20,-7.7,-4.58,160.3,,145957,784,164.7,166.4,156.8
2023-11-09,-1.0,-0.59,168.0,36.02,21506,140,170.0,170.0,166.7
2023-11-08,1.0,0.6,169.0,20.49,12114,109,171.3,171.3,168.2
2023-11-07,0.0,0.0,168.0,36.51,21550,165,170.0,171.3,167.8
2023-11-06,2.5,1.51,168.0,32.75,19550,147,166.9,168.8,165.0
2023-11-05,-3.5,-2.07,165.5,53.68,32290,218,167.0,168.0,165.1
2023-11-02,-0.8,-0.47,169.0,61.06,36265,206,168.0,169.9,167.0
2023-11-01,0.8,0.47,169.8,24.54,14481,120,168.0,171.0,168.0
2023-10-31,-0.8,-0.47,169.0,41.89,24779,156,168.1,169.9,167.2
2023-10-30,0.9,0.53,169.8,47.25,28009,169,166.3,170.0,166.3
2023-10-29,-3.0,-1.75,168.9,40.17,23792,189,170.0,171.0,167.5
2023-10-19,-1.1,-0.64,171.9,93.41,54796,219,170.9,174.9,166.4
2023-10-18,0.8,0.46,173.0,77.09,44470,203,174.0,175.0,171.3
2023-10-17,4.7,2.81,172.2,72.5,42181,279,168.0,174.6,168.0
2023-10-16,-3.5,-2.05,167.5,,73028,299,168.5,172.0,166.0
2023-10-12,-1.8,-1.04,171.0,93.71,54984,314,170.1,176.0,169.0
2023-10-11,-0.1,-0.06,172.8,84.6,48813,251,175.0,175.0,171.0
2023-10-10,-1.7,-0.97,172.9,62.0,35819,247,172.0,175.0,172.0
2023-10-09,-2.6,-1.47,174.6,,72129,379,176.0,178.5,174.0
2023-10-08,-8.8,-4.73,177.2,,71156,387,182.3,186.1,177.0
2023-10-05,-2.0,-1.06,186.0,69.23,37189,202,186.0,189.7,184.3
2023-10-04,2.0,1.08,188.0,80.08,42642,210,186.0,193.0,185.1
2023-10-03,-5.9,-3.07,186.0,56.81,30334,213,188.2,190.0,185.2
2023-10-02,4.9,2.62,191.9,,76451,392,189.0,192.0,184.0
2023-10-01,-7.0,-3.61,187.0,,91820,400,190.2,192.0,186.1
2023-09-27,-0.5,-0.26,194.0,,145578,533,198.3,198.3,189.0
2023-09-26,6.3,3.35,194.5,,238341,713,191.0,200.0,191.0
2023-09-25,-0.6,-0.32,188.2,,65421,299,185.1,194.2,185.1
2023-09-24,-6.2,-3.18,188.8,,181111,633,195.0,200.1,186.0
2023-09-21,8.0,4.28,195.0,,264719,1020,189.0,200.0,189.0
2023-09-19,10.0,5.65,187.0,,115914,495,177.0,188.7,174.0
2023-09-18,1.8,1.03,177.0,87.24,49623,217,175.0,178.7,173.0
2023-09-17,-6.3,-3.47,175.2,,81090,477,181.5,181.5,174.4
2023-09-13,13.9,8.29,181.5,,105729,500,169.0,181.5,167.5
2023-09-12,-1.4,-0.83,167.6,56.02,33054,187,170.9,171.9,167.5
2023-09-11,2.1,1.26,169.0,,64889,266,169.0,169.3,165.0
2023-09-10,1.6,0.97,166.9,78.04,46883,286,167.0,171.9,165.0
2023-09-07,-1.6,-0.96,165.3,95.21,57270,306,165.2,167.0,165.2
2023-09-05,-1.1,-0.65,166.9,45.41,27204,195,168.0,169.0,166.0
2023-09-04,0.0,0.0,168.0,63.78,37910,227,170.0,171.0,166.8
2023-09-03,-3.0,-1.75,168.0,89.93,53364,299,173.0,173.0,167.2
2023-08-30,1.0,0.59,171.0,,85688,398,172.0,172.0,168.0
2023-08-29,-1.0,-0.58,170.0,,76199,368,173.0,174.4,169.5
2023-08-28,-1.0,-0.58,171.0,,98801,424,170.1,177.0,170.0
2023-08-27,-4.5,-2.55,172.0,,118813,454,178.0,178.0,171.2
2023-08-24,-4.5,-2.49,176.5,,63019,366,182.0,183.0,175.0
2023-08-23,4.8,2.72,181.0,,88445,465,175.2,183.5,174.0
2023-08-22,5.2,3.04,176.2,,66079,370,171.5,178.0,170.1
2023-08-21,-3.0,-1.72,171.0,82.99,48085,314,175.5,175.5,171.0
2023-08-20,-4.0,-2.25,174.0,,67021,378,178.0,180.0,173.0
2023-08-17,-4.0,-2.2,178.0,,75026,419,182.0,182.0,177.7
2023-08-16,-1.1,-0.6,182.0,98.6,54704,356,183.0,184.0,178.0
2023-08-15,-3.9,-2.09,183.1,,54740,333,186.5,188.0,183.0
2023-08-14,0.0,0.0,187.0,78.41,41863,279,190.7,190.7,186.0
2023-08-13,-2.0,-1.06,187.0,74.29,39544,316,188.0,190.9,186.0
2023-08-10,2.0,1.07,189.0,,54528,325,188.7,191.6,186.1
2023-08-09,1.0,0.54,187.0,93.13,50217,296,186.0,188.0,183.1
2023-08-08,-3.9,-2.05,186.0,,65044,394,190.0,192.0,185.0
2023-08-07,0.9,0.48,189.9,,76505,419,191.0,191.8,185.5
2023-08-06,-3.0,-1.56,189.0,,72374,427,192.2,193.8,188.0
2023-08-03,-1.5,-0.78,192.0,,63551,332,194.5,195.6,191.2
2023-08-02,-1.5,-0.77,193.5,,56955,388,196.0,196.0,192.0
2023-08-01,-3.0,-1.52,195.0,,54835,361,197.0,199.5,193.0
2023-07-31,0.1,0.05,198.0,94.07,47449,310,200.0,200.9,196.1
2023-07-30,-3.1,-1.54,197.9,,140157,634,204.9,204.9,194.4
2023-07-27,-4.0,-1.95,201.0,,101123,455,207.5,207.5,200.0
2023-07-26,-6.0,-2.84,205.0,,89914,440,213.8,213.8,205.0
2023-07-25,2.0,0.96,211.0,,140043,713,210.0,213.0,206.0
2023-07-24,7.0,3.47,209.0,,253696,1134,205.0,213.5,200.1
2023-07-23,3.9,1.97,202.0,,128875,625,202.0,205.0,199.0
2023-07-20,0.1,0.05,198.1,,88593,477,200.0,201.5,195.0
2023-07-19,-3.0,-1.49,198.0,,75349,466,200.0,201.0,197.0
2023-07-18,0.6,0.3,201.0,,73631,396,204.0,204.0,199.2
2023-07-17,3.4,1.73,200.4,,93444,371,200.0,202.9,197.5
2023-07-16,-2.0,-1.01,197.0,,51262,315,202.0,202.0,196.2
2023-07-13,-5.0,-2.45,199.0,,126946,662,208.0,210.0,197.0
2023-07-12,11.0,5.7,204.0,,199257,812,195.0,205.9,193.0
2023-07-11,-0.5,-0.26,193.0,,91453,480,194.0,197.0,192.0
2023-07-10,-3.5,-1.78,193.5,,119170,690,199.9,200.0,193.2
2023-07-09,4.86,2.53,197.0,,226615,1258,195.9,205.0,194.0
2023-07-06,-1.5,-0.65,229.0,,329037,1804,235.1,235.1,225.5
2023-07-05,-7.5,-3.15,230.5,,185169,1031,242.6,242.6,229.0
2023-07-04,0.0,0.0,238.0,,139037,597,240.0,244.9,237.4
2023-07-03,-7.5,-3.05,238.0,,214754,998,245.0,248.0,237.0
2023-07-02,-5.7,-2.27,245.5,,178560,831,256.0,256.2,245.1
2023-06-28,-2.3,-0.91,251.2,,316707,1414,258.5,263.0,250.9
2023-06-27,-1.1,-0.43,253.5,,146648,732,251.0,255.0,250.0
2023-06-26,-3.4,-1.32,254.6,,145988,667,263.1,263.1,250.0
2023-06-25,8.2,3.28,258.0,,271392,1018,250.1,258.0,242.0
2023-06-22,1.9,0.77,249.8,,198066,916,252.8,260.0,247.3
2023-06-21,-0.3,-0.12,247.9,,165657,574,253.0,255.0,246.0
2023-06-20,-9.8,-3.8,248.2,,182475,666,261.5,261.5,248.0
2023-06-19,0.1,0.04,258.0,,115732,507,255.0,260.2,253.0
2023-06-18,2.9,1.14,257.9,,224697,755,250.0,262.0,250.0
2023-06-15,-2.9,-1.12,255.0,,156323,644,258.0,263.0,250.5
2023-06-14,4.4,1.74,257.9,,322799,1191,256.0,265.2,252.0
2023-06-13,6.5,2.63,253.5,,180943,739,247.0,254.9,243.0
2023-06-12,8.0,3.35,247.0,,205356,797,240.9,250.8,240.0
2023-06-11,4.6,1.96,239.0,,132447,508,236.0,241.0,234.4
2023-06-08,-1.5,-0.64,234.4,97.8,41396,252,233.0,239.0,233.0
2023-06-07,1.0,0.43,235.9,,73794,350,236.0,240.2,235.0
2023-06-06,3.9,1.69,234.9,,69376,304,229.2,235.4,229.2
2023-06-05,-4.1,-1.74,231.0,,56326,350,234.0,239.0,231.0
2023-06-04,7.6,3.34,235.1,,53028,335,232.0,241.0,231.6
2023-06-01,1.5,0.66,227.5,,58716,329,229.0,232.5,223.5
2023-05-31,-3.0,-1.31,226.0,,126150,501,224.5,234.0,223.0
2023-05-30,-8.0,-3.38,229.0,,91839,510,240.0,240.0,228.6
2023-05-28,-3.0,-1.25,237.0,,61183,375,240.0,244.0,236.3
2023-05-24,-3.6,-1.48,240.0,,81806,411,247.0,247.0,238.1
2023-05-23,7.6,3.22,243.6,,96631,424,236.0,244.0,236.0
2023-05-22,0.5,0.21,236.0,99.91,42504,245,238.9,238.9,232.0
2023-05-21,-2.5,-1.05,235.5,,131151,558,240.0,242.7,233.5
2023-05-18,8.0,3.48,238.0,,90922,494,230.0,238.0,229.0
2023-05-17,2.0,0.88,230.0,,63821,315,224.0,232.0,224.0
2023-05-16,6.0,2.7,228.0,84.65,37594,206,224.9,228.0,220.0
2023-05-15,-0.2,-0.09,222.0,,88306,356,223.0,228.9,216.1
2023-05-14,-6.4,-2.8,222.2,,57995,326,231.0,232.0,222.0
2023-05-11,-2.2,-0.95,228.6,64.37,28102,172,227.1,230.7,227.1
2023-05-10,-0.2,-0.09,230.8,71.94,31206,193,233.8,234.0,228.0
2023-05-09,4.1,1.81,231.0,,60786,282,229.9,234.0,226.1
2023-05-08,-3.1,-1.35,226.9,,58559,353,230.0,231.0,224.3
2023-05-07,-2.0,-0.86,230.0,57.63,24892,191,230.1,234.0,230.0
2023-05-04,0.0,0.0,232.0,,54223,322,232.0,237.6,230.0
2023-05-03,-5.0,-2.11,232.0,96.05,41051,312,238.0,240.0,231.0
2023-05-02,-3.0,-1.25,237.0,,46209,317,242.0,243.0,236.2
2023-04-30,-6.9,-2.79,240.0,,79804,389,245.0,245.5,240.0
2023-04-27,-0.1,-0.04,246.9,87.41,35423,226,250.0,250.0,245.0
2023-04-26,-1.0,-0.4,247.0,,41254,222,250.0,251.0,246.0
2023-04-25,2.0,0.81,248.0,,51065,222,249.0,251.5,246.4
2023-04-24,1.0,0.41,246.0,,49325,239,248.0,250.9,243.1
2023-04-23,-4.0,-1.61,245.0,,72931,384,249.0,249.1,243.5
2023-04-20,-5.0,-1.97,249.0,89.65,35777,232,254.0,257.0,249.0
2023-04-19,3.0,1.2,254.0,98.0,38705,235,252.0,256.0,252.0
2023-04-18,-2.7,-1.06,251.0,,44574,257,254.0,256.0,250.0
2023-04-17,-2.8,-1.09,253.7,,40395,236,252.0,257.0,252.0
2023-04-16,-0.5,-0.19,256.5,,50157,273,258.0,261.0,252.1
2023-04-13,-7.0,-2.65,257.0,,103948,536,267.3,268.2,256.0
2023-04-12,12.5,4.97,264.0,,157450,870,253.0,265.0,253.0
2023-04-11,5.6,2.28,251.5,,63448,360,246.0,251.8,245.8
2023-04-10,0.9,0.37,245.9,,58572,354,242.0,248.5,242.0
2023-04-09,-5.6,-2.23,245.0,,85579,445,247.0,250.0,243.3
2023-04-06,-1.3,-0.52,250.6,,59283,344,254.0,254.0,249.0
2023-04-05,1.9,0.76,251.9,,57399,385,254.0,256.0,247.0
2023-04-04,-0.9,-0.36,250.0,,93745,582,250.0,252.9,247.0
2023-04-03,-4.0,-1.57,250.9,,82318,480,252.2,255.0,249.0
2023-04-02,-2.1,-0.82,254.9,,68598,411,261.1,264.5,254.0
2023-03-30,-3.1,-1.19,257.0,92.9,35878,319,261.0,263.5,256.0
2023-03-29,-2.4,-0.91,260.1,,43359,324,267.7,267.7,256.0
2023-03-28,1.5,0.57,262.5,,133454,557,264.9,266.0,260.3
2023-03-27,3.5,1.36,261.0,,88852,469,258.0,261.9,252.5
2023-03-26,-1.5,-0.58,257.5,,59399,298,255.0,260.1,254.9
2023-03-23,-3.0,-1.15,259.0,,57545,301,262.0,262.0,257.0
2023-03-22,-2.0,-0.76,262.0,,85387,425,267.0,269.0,261.0
2023-03-20,6.9,2.68,264.0,,108879,442,261.2,265.0,260.0
2023-03-19,-1.5,-0.58,257.1,,63739,434,257.0,260.7,256.6
2023-03-16,2.7,1.06,258.6,,72685,307,256.5,260.8,253.0
2023-03-15,-1.2,-0.47,255.9,,51306,290,257.5,260.0,254.0
2023-03-14,0.2,0.08,257.1,,70064,369,260.0,261.9,255.0
2023-03-13,-3.1,-1.19,256.9,,102785,460,260.0,263.8,254.0
2023-03-12,-2.0,-0.76,260.0,,126920,715,264.1,268.0,259.6
2023-03-09,11.1,4.42,262.0,,130326,552,252.0,263.0,252.0
2023-03-07,5.9,2.41,250.9,,79981,376,248.0,251.0,245.0
2023-03-05,-7.7,-3.05,245.0,,100717,520,253.0,256.0,244.5
2023-03-02,-5.2,-2.02,252.7,,60897,383,257.9,260.8,252.0
2023-03-01,-3.1,-1.19,257.9,,43554,288,258.0,263.0,257.0
2023-02-28,2.8,1.08,261.0,,61452,318,263.3,264.0,259.1
2023-02-27,-2.8,-1.07,258.2,,139651,619,256.0,267.0,255.0
2023-02-26,0.0,0.0,261.0,,149115,770,258.0,265.0,250.0
2023-02-23,-6.0,-2.25,261.0,,104391,545,263.0,267.0,257.0
2023-02-22,10.0,3.89,267.0,,120182,649,257.0,269.0,257.0
2023-02-20,-7.0,-2.65,257.0,,103397,645,265.0,265.0,256.1
2023-02-16,-2.05,-0.77,264.0,,192595,954,266.05,266.05,266.05
2023-02-15,-0.9,-0.31,286.0,,216100,1165,287.0,291.0,285.0
2023-02-14,-3.1,-1.07,286.9,,157080,796,290.1,292.0,285.0
2023-02-12,-12.0,-3.97,290.0,,267328,1250,300.0,300.0,286.1
2023-02-09,4.9,1.65,302.0,,196932,911,299.0,302.5,293.0
2023-02-08,1.1,0.37,297.1,,340566,1460,301.9,307.0,295.0
2023-02-07,18.5,6.67,296.0,,322313,1282,280.0,299.0,280.0
2023-02-06,-2.5,-0.89,277.5,,72022,458,279.0,282.0,276.1
2023-02-05,2.0,0.72,280.0,,143938,713,282.0,285.6,279.0
2023-02-02,-8.0,-2.8,278.0,,172069,854,287.0,289.0,277.0
2023-02-01,-0.9,-0.31,286.0,,137891,709,292.6,292.6,284.0
2023-01-31,-0.1,-0.03,286.9,,183064,895,283.0,291.0,283.0
2023-01-30,-4.0,-1.37,287.0,,268081,1164,296.8,300.0,285.0
2023-01-29,-3.0,-1.02,291.0,,189275,861,289.0,297.0,286.0
2023-01-26,0.0,0.34,294.0,,216573,0,296.9,300.0,292.1
2023-01-25,0.0,0.0,293.0,,180816,0,298.8,300.0,290.3
2023-01-24,0.0,0.17,293.0,,322545,0,292.1,296.0,281.4
2023-01-23,0.0,-3.43,292.5,,374466,0,304.0,306.0,290.3
2023-01-19,0.0,-1.34,302.9,,310826,0,309.0,311.0,299.0
2023-01-18,0.0,3.19,307.0,,640766,0,303.0,315.0,303.0
2023-01-17,0.0,8.97,297.5,,805545,0,278.4,297.6,278.4
2023-01-12,0.0,-1.09,273.0,,510318,0,281.5,287.6,267.2
2023-01-10,0.0,-1.08,276.0,,723404,0,284.5,294.7,264.0
2023-01-09,0.0,4.1,279.0,,420210,0,268.0,282.5,265.0
2023-01-08,0.0,5.14,268.0,,520212,0,259.9,271.0,251.1
2023-01-05,0.0,3.53,254.9,,324170,0,249.9,260.0,244.0
2023-01-04,0.0,3.45,246.2,,238825,0,238.0,246.7,237.3
2023-01-03,0.0,0.42,238.0,,187018,0,235.0,244.7,233.3
2023-01-02,0.0,0.85,237.0,,143592,0,235.0,241.2,230.0
2023-01-01,0.0,1.25,235.0,,325636,0,236.0,240.9,228.4
2022-12-29,0.0,4.46,232.1,,187455,0,222.0,233.0,220.0
2022-12-28,0.0,-1.42,222.2,,167287,0,229.9,229.9,218.0
2022-12-27,0.0,5.33,225.4,,381990,0,218.2,229.9,216.6
2022-12-26,0.0,5.47,214.0,,180487,0,206.9,219.4,205.8
2022-12-22,0.0,-0.29,202.9,,42036,0,203.5,206.0,201.7
2022-12-21,0.0,-1.21,203.5,,32153,0,205.0,207.5,203.0
2022-12-20,0.0,0.0,206.0,,36728,0,208.0,208.0,204.0
2022-12-19,0.0,0.49,206.0,,23879,0,205.0,207.0,202.0
2022-12-18,0.0,-0.53,205.0,,102166,0,203.2,207.5,203.0
2022-12-15,0.0,-1.86,206.1,,34879,0,211.9,211.9,206.0
2022-12-14,0.0,-0.47,210.0,,73733,0,211.0,211.0,207.0
2022-12-13,0.0,0.48,211.0,,35836,0,210.0,211.0,207.0
2022-12-12,0.0,2.39,210.0,,52494,0,206.1,210.2,203.5
2022-12-11,0.0,-2.1,205.1,,67442,0,207.0,208.9,205.0
2022-12-07,0.0,-0.62,209.5,,46265,0,211.1,214.0,209.0
2022-12-06,0.0,-0.57,210.8,,37374,0,212.0,213.8,209.0
2022-12-05,0.0,-1.4,212.0,,59698,0,215.0,217.0,210.8
2022-12-04,0.0,0.0,215.0,,54503,0,216.9,219.0,214.9
2022-12-01,0.0,0.0,215.0,,41949,0,211.3,223.5,211.3
2022-11-30,0.0,-0.92,215.0,,53958,0,215.0,217.5,214.0
2022-11-29,0.0,0.46,217.0,,44835,0,219.0,219.0,213.0
2022-11-28,0.0,-1.14,216.0,,77242,0,219.0,222.0,215.0
2022-11-27,0.0,0.69,218.5,,58945,0,221.3,221.3,212.7
2022-11-24,0.0,0.93,217.0,,68691,0,214.6,218.0,213.0
2022-11-23,0.0,-1.83,215.0,,43184,0,218.9,218.9,212.0
2022-11-22,0.0,-0.23,219.0,,69447,0,222.9,227.0,215.3
2022-11-17,0.0,3.05,219.5,,135049,0,217.2,220.0,215.1
2022-11-16,0.0,0.95,213.0,,32120,0,211.0,215.0,211.0
2022-11-15,0.0,-1.86,211.0,,51424,0,217.0,218.6,210.0
2022-11-14,0.0,2.58,215.0,,43769,0,207.2,215.0,207.2
2022-11-13,0.0,-0.19,209.6,,47933,0,207.0,213.4,207.0
2022-11-10,0.0,-1.87,210.0,,90190,0,216.0,216.5,208.9
2022-11-09,0.0,-2.99,214.0,,110957,0,221.0,224.5,212.7
2022-11-08,0.0,-0.18,220.6,,72543,0,218.1,225.0,218.1
2022-11-07,0.0,0.68,221.0,,153586,0,220.0,227.0,220.0
2022-11-06,0.0,2.57,219.5,,103013,0,210.0,221.0,209.8
2022-11-03,0.0,-0.7,214.0,,76588,0,215.0,220.0,212.0
2022-11-02,0.0,0.23,215.5,,136203,0,218.0,223.0,212.0
2022-11-01,0.0,5.44,215.0,,124060,0,205.0,217.0,205.0
2022-10-31,0.0,-0.54,203.9,,30748,0,209.0,209.0,203.0
2022-10-23,0.0,0.89,205.0,,27822,0,203.0,206.0,202.0
2022-10-20,0.0,-0.15,203.2,,41756,0,200.1,205.0,200.0
2022-10-19,0.0,-1.93,203.5,,70362,0,209.0,209.0,202.0
2022-10-17,0.0,-1.19,207.5,,35905,0,210.0,212.0,206.8
2022-10-16,0.0,-1.22,210.0,,48594,0,216.8,216.8,209.0
2022-10-13,0.0,-0.37,212.6,,48706,0,217.0,218.2,211.0
2022-10-12,0.0,1.9,214.0,,73768,0,213.0,215.0,207.0
2022-10-11,0.0,-1.08,210.0,,27612,0,215.0,215.0,208.8
2022-10-10,0.0,-2.7,212.3,,69937,0,220.0,223.0,210.7
2022-10-09,0.0,4.9,218.2,,88950,0,208.0,218.2,205.0
2022-09-29,0.0,0.97,208.0,,53974,0,209.0,210.8,207.0
2022-09-28,0.0,-0.63,206.0,,47421,0,208.0,211.9,205.9
2022-09-27,0.0,1.62,207.3,,51060,0,204.0,210.4,204.0
2022-09-25,0.0,-3.0,204.0,,68003,0,212.0,212.0,203.4
2022-09-22,0.0,-1.08,210.3,,76107,0,214.8,215.0,210.2
2022-09-21,0.0,0.52,212.6,,87076,0,211.5,218.0,210.0
2022-09-20,0.0,-3.07,211.5,,143723,0,213.9,217.0,209.0
2022-09-18,0.0,-2.28,218.2,,148803,0,227.3,227.3,218.0
2022-09-16,0.0,-2.49,223.3,,123219,0,226.0,227.0,220.0
2022-09-15,0.0,-5.33,229.0,,317116,0,244.0,245.0,226.0
2022-09-14,0.0,4.63,241.9,,180015,0,230.0,244.9,230.0
2022-09-13,0.0,0.96,231.2,,93427,0,225.1,235.0,225.1
2022-09-12,0.0,-1.63,229.0,,99481,0,237.4,237.4,227.0
2022-09-11,0.0,-2.35,232.8,,94395,0,242.9,242.9,232.0
2022-09-08,0.0,1.88,238.4,,84768,0,238.6,242.0,232.0
2022-09-07,0.0,-1.31,234.0,,103734,0,241.8,243.9,233.0
2022-09-06,0.0,-4.01,237.1,,163829,0,250.0,250.0,237.0
2022-09-05,0.0,-1.0,247.0,,53988,0,249.5,253.0,246.0
2022-09-04,0.0,-0.16,249.5,,60074,0,253.0,255.0,248.0
2022-09-02,0.0,-0.83,249.9,,67074,0,257.0,257.0,247.0
2022-09-01,0.0,2.44,252.0,,112830,0,246.0,260.0,242.0
2022-08-31,0.0,-2.38,246.0,,96352,0,256.0,256.0,245.1
2022-08-30,0.0,-1.18,252.0,,78653,0,249.9,262.1,249.9
2022-08-29,0.0,0.79,255.0,,113983,0,249.0,258.0,249.0
2022-08-28,0.0,-3.84,253.0,,242602,0,266.0,266.0,251.9
2022-08-26,0.0,-2.56,263.1,,120033,0,267.3,270.1,262.3
2022-08-25,0.0,-2.7,270.0,,152557,0,273.0,279.9,268.2
2022-08-24,0.0,0.22,277.5,,291334,0,275.5,282.0,273.7
2022-08-23,0.0,0.69,276.9,,197692,0,278.9,278.9,273.2
2022-08-22,0.0,0.0,275.0,,200862,0,275.0,278.6,271.0
2022-08-21,0.0,0.73,275.0,,363159,0,278.4,278.6,273.0
2022-08-18,0.0,4.6,273.0,,288685,0,264.0,274.0,262.1
2022-08-17,0.0,0.77,261.0,,94330,0,264.1,265.0,257.0
2022-08-16,0.0,-3.0,259.0,,194162,0,272.0,274.0,258.1
2022-08-15,0.0,5.33,267.0,,175432,0,255.9,267.0,251.0
2022-08-14,0.0,-1.78,253.5,,110544,0,254.0,260.7,251.0
2022-08-11,0.0,-2.97,258.1,,116521,0,261.1,269.0,258.1
2022-08-10,0.0,-0.04,266.0,,166162,0,261.0,268.0,260.0
2022-08-09,0.0,-2.88,266.1,,203060,0,272.0,277.0,266.0
2022-08-08,0.0,-1.86,274.0,,242756,0,284.0,285.0,273.2
2022-08-07,0.0,0.07,279.2,,167492,0,284.5,284.5,276.2
2022-08-05,0.0,-1.76,279.0,,202145,0,282.29,288.0,277.1
2022-08-04,0.0,-1.66,284.0,,443504,0,288.0,295.0,280.0
2022-08-03,0.0,4.37,288.8,,527501,0,282.0,296.0,275.0
2022-08-02,0.0,0.99,276.7,,176331,0,278.0,278.8,270.0
2022-08-01,0.0,1.86,274.0,,465917,0,273.9,285.0,268.5
2022-07-31,0.0,0.0,269.0,,299030,0,273.0,274.3,265.2
2022-07-29,0.0,-0.37,269.0,,114666,0,270.0,275.0,266.0
2022-07-28,0.0,1.5,270.0,,494557,0,270.0,278.0,261.7
2022-07-27,0.0,3.5,266.0,,285928,0,257.0,268.8,252.8
2022-07-26,0.0,-2.65,257.0,,288063,0,264.0,272.0,255.0
2022-07-25,0.0,4.97,264.0,,346446,0,252.2,266.0,252.1
2022-07-24,0.0,3.88,251.5,,151153,0,242.0,253.0,242.0
2022-07-22,0.0,-2.38,242.1,,104625,0,252.0,252.0,241.5
2022-07-21,0.0,-0.8,248.0,,112624,0,250.0,251.0,245.0
2022-07-20,0.0,-1.19,250.0,,155363,0,255.0,255.0,249.4
2022-07-19,0.0,-0.39,253.0,,214474,0,257.0,259.0,251.0
2022-07-18,0.0,5.18,254.0,,235506,0,242.0,255.9,240.8
2022-07-17,0.0,-1.23,241.5,,96194,0,249.3,249.3,237.3
2022-07-15,0.0,-2.2,244.5,,96160,0,250.0,250.0,240.7
2022-07-14,0.0,-0.4,250.0,,75180,0,256.0,258.0,247.0
2022-07-13,0.0,4.58,251.0,,100815,0,243.0,251.9,240.0
2022-07-12,0.0,0.84,240.0,,91642,0,240.0,249.0,233.3
2022-07-11,0.0,-4.8,238.0,,120708,0,245.0,245.0,236.0
2022-07-08,0.0,-3.1,250.0,,49165,0,263.0,263.0,249.2
2022-07-07,0.0,-1.49,258.0,,69073,0,265.0,271.0,257.9
2022-07-06,0.0,1.51,261.9,,84408,0,263.0,263.0,249.5
2022-07-05,0.0,-3.73,258.0,,117022,0,268.0,276.0,257.8
2022-07-04,0.0,0.75,268.0,,240769,0,271.2,286.0,258.8
2022-07-03,0.0,4.72,266.0,,126419,0,250.0,269.2,250.0
2022-07-01,0.0,-1.17,254.0,,52836,0,259.9,264.0,250.9
2022-06-30,0.0,4.51,257.0,,142475,0,249.0,260.0,243.1
2022-06-29,0.0,4.19,245.9,,70212,0,240.5,246.9,234.1
2022-06-28,0.0,-2.07,236.0,,67555,0,245.8,245.8,234.3
2022-06-27,0.0,-3.6,241.0,,98607,0,255.0,258.0,241.0
2022-06-26,0.0,8.7,250.0,,136538,0,234.6,251.0,230.3
2022-06-24,0.0,0.26,230.0,,94653,0,225.0,237.0,217.6
2022-06-23,0.0,-4.02,229.4,,107460,0,234.3,238.0,228.1
2022-06-22,0.0,-3.94,239.0,,67088,0,249.9,251.0,239.0
2022-06-21,0.0,4.54,248.8,,84920,0,236.5,252.0,236.5
2022-06-20,0.0,-3.64,238.0,,91436,0,250.0,250.0,236.3
2022-06-19,0.0,-3.55,247.0,,58175,0,255.0,257.0,244.5
2022-06-17,0.0,-1.5,256.1,,18773,0,263.0,264.0,255.0
2022-06-16,0.0,1.64,260.0,,56754,0,255.0,265.0,252.0
2022-06-15,0.0,-2.74,255.8,,77367,0,259.0,264.1,254.1
2022-06-14,0.0,-2.19,263.0,,55781,0,272.0,272.0,261.1
2022-06-13,0.0,-0.81,268.9,,46426,0,270.0,274.9,267.0
2022-06-10,0.0,-0.88,271.1,,55146,0,272.5,275.0,266.0
2022-06-09,0.0,-1.26,273.5,,130758,0,280.0,287.5,273.5
2022-06-08,0.0,5.93,277.0,,168080,0,264.0,284.3,261.0
2022-06-07,0.0,-3.15,261.5,,66832,0,266.0,272.0,260.0
2022-06-06,0.0,0.0,270.0,,94843,0,273.0,278.0,268.3
2022-06-03,0.0,-3.43,270.0,,136695,0,275.0,282.0,266.0
2022-06-02,0.0,-1.2,279.6,,49268,0,284.0,286.0,278.0
2022-06-01,0.0,0.0,283.0,,67778,0,283.0,287.9,278.1
2022-05-31,0.0,-0.67,283.0,,97365,0,280.0,288.0,277.5
2022-05-30,0.0,-2.83,284.9,,108372,0,296.0,296.0,280.0
2022-05-27,0.0,-2.59,293.2,,91619,0,303.0,303.0,291.1
2022-05-26,0.0,0.0,301.0,,45751,0,301.0,304.0,295.1
2022-05-25,0.0,1.01,301.0,,85640,0,303.9,303.9,297.0
2022-05-24,0.0,2.05,298.0,,74456,0,293.0,304.0,291.0
2022-05-23,0.0,-2.34,292.0,,75991,0,299.0,301.0,290.0
2022-05-20,0.0,0.34,299.0,,89137,0,298.0,307.0,295.0
2022-05-19,0.0,-2.96,298.0,,66165,0,307.0,310.8,298.0
2022-05-18,0.0,0.04,307.1,,103864,0,295.0,309.0,290.0
2022-05-17,0.0,-5.42,295.0,,100731,0,316.0,316.0,295.0
2022-05-12,0.0,-2.83,311.9,,97370,0,327.0,327.0,310.5
2022-05-11,0.0,5.25,321.0,,127983,0,305.0,321.0,302.0
2022-05-10,0.0,4.88,305.0,,80720,0,290.0,308.0,289.0
2022-05-09,0.0,0.28,290.8,,84840,0,295.0,299.0,287.0
2022-05-08,0.0,4.43,290.0,,55652,0,277.7,293.6,273.0
2022-05-05,0.0,-2.22,277.7,,87431,0,279.0,286.9,275.0
2022-05-04,0.0,-1.39,284.0,,96312,0,288.0,291.5,276.4
2022-05-02,0.0,-4.0,288.0,,95855,0,303.0,303.0,288.0
2022-04-28,0.0,-1.9,300.0,,90958,0,309.0,310.0,298.9
2022-04-27,0.0,0.92,305.8,,69899,0,303.0,307.0,300.1
2022-04-26,0.0,-1.91,303.0,,133067,0,312.0,313.0,300.0
2022-04-25,0.0,-0.19,308.9,,181132,0,315.6,325.3,301.0
2022-04-24,0.0,9.75,309.5,,175020,0,287.0,310.2,282.0
2022-04-21,0.0,-2.08,282.0,,102298,0,288.0,293.0,280.0
2022-04-20,0.0,-3.03,288.0,,71239,0,298.0,302.0,287.2
2022-04-19,0.0,1.61,297.0,,114998,0,295.9,302.0,282.0
2022-04-18,0.0,-3.85,292.3,,96001,0,304.0,306.0,292.2
2022-04-17,0.0,-2.09,304.0,,76631,0,316.0,316.0,304.0
2022-04-13,0.0,1.14,310.5,,92940,0,310.9,313.1,300.0
2022-04-12,0.0,-2.57,307.0,,66515,0,321.0,321.0,305.0
2022-04-11,0.0,-2.45,315.1,,95861,0,329.4,335.0,315.0
2022-04-07,0.0,0.87,323.0,,92360,0,324.0,330.0,318.0
2022-04-06,0.0,-2.53,320.2,,100302,0,325.0,335.0,318.0
2022-04-05,0.0,-3.01,328.5,,137046,0,339.0,339.0,320.5
2022-04-04,0.0,-1.25,338.7,,49286,0,349.0,349.0,337.2
2022-04-03,0.0,-3.11,343.0,,52936,0,357.9,357.9,341.0
2022-03-31,0.0,-3.01,354.0,,73195,0,370.0,370.0,352.1
2022-03-30,0.0,1.87,365.0,,111966,0,358.3,366.5,351.3
2022-03-29,0.0,-2.64,358.3,,107311,0,374.9,374.9,358.0
2022-03-28,0.0,1.3,368.0,,250535,0,370.5,380.0,363.0
2022-03-27,0.0,-3.41,466.9,,586214,0,493.0,493.0,464.0
2022-03-24,0.0,-1.75,483.4,,212658,0,493.0,496.5,481.0
2022-03-23,0.0,-0.2,492.0,,123535,0,499.0,500.0,491.0
2022-03-22,0.0,-1.4,493.0,,149197,0,510.0,510.0,492.0
2022-03-21,0.0,1.83,500.0,,181741,0,497.0,506.5,488.0
2022-03-20,0.0,0.61,491.0,,175891,0,497.7,504.0,488.0
2022-03-16,0.0,-1.31,488.0,,221484,0,499.9,500.0,484.0
2022-03-15,0.0,-2.27,494.5,,244458,0,506.0,509.0,494.3
2022-03-14,0.0,-0.78,506.0,,107448,0,512.0,513.9,503.0
2022-03-13,0.0,-0.58,510.0,,586287,0,523.2,525.0,509.0
2022-03-10,0.0,5.77,513.0,,332982,0,486.2,514.9,480.2
2022-03-09,0.0,1.25,485.0,,206132,0,479.0,488.0,469.0
2022-03-07,0.0,-0.83,479.0,,127110,0,480.0,489.0,475.0
2022-03-06,0.0,0.44,483.0,,231771,0,480.0,495.0,475.1
2022-03-02,0.0,-3.61,480.9,,270857,0,499.0,500.0,477.0
2022-02-28,0.0,-2.58,498.9,,318283,0,522.3,531.0,496.1
2022-02-27,0.0,0.22,512.1,,188964,0,521.2,522.5,507.0
2022-02-24,0.0,-1.83,511.0,,232542,0,521.0,522.0,506.1
2022-02-23,0.0,-0.86,520.5,,173749,0,516.0,530.0,516.0
2022-02-22,0.0,0.19,525.0,,194149,0,534.0,534.0,521.0
2022-02-21,0.0,2.24,524.0,,182696,0,513.0,524.5,513.0
2022-02-20,0.0,-1.46,512.5,,321830,0,509.7,525.0,501.8
2022-02-17,0.0,-0.55,520.1,,121812,0,515.0,532.9,515.0
2022-02-16,0.0,-2.06,523.0,,400633,0,534.0,544.0,520.0
2022-02-15,0.0,4.91,534.0,,225080,0,519.1,534.0,510.0
2022-02-14,0.0,0.79,509.0,,226699,0,500.0,517.0,500.0
2022-02-13,0.0,-3.81,505.0,,423866,0,514.8,516.0,500.0
2022-02-10,0.0,-0.19,525.0,,280105,0,526.1,534.0,518.0
2022-02-09,0.0,-0.94,526.0,,163741,0,531.0,539.0,520.7
2022-02-08,0.0,0.0,531.0,,608160,0,554.8,565.0,530.0
2022-02-07,0.0,-0.91,544.0,,321698,0,550.0,553.0,540.0
2022-02-06,0.0,-1.44,549.0,,471351,0,558.0,560.0,545.0
2022-02-03,0.0,1.09,557.0,,928168,0,562.0,575.0,553.0
2022-02-01,0.0,3.18,551.0,,639178,0,536.0,564.0,527.1
2022-01-31,0.0,-2.2,534.0,,205486,0,550.0,554.0,533.0
2022-01-30,0.0,5.61,546.0,,485814,0,527.3,547.0,527.3
2022-01-27,0.0,0.98,517.0,,216970,0,522.2,522.2,511.0
2022-01-26,0.0,-1.54,512.0,,326513,0,530.4,530.4,506.0
2022-01-25,0.0,-0.57,520.0,,436548,0,520.0,532.9,512.2
2022-01-24,0.0,-3.68,523.0,,726575,0,540.0,543.0,517.0
2022-01-23,0.0,-1.27,543.0,,346555,0,555.0,561.0,540.1
2022-01-20,0.0,1.1,550.0,,338157,0,544.0,552.0,535.1
2022-01-19,0.0,-1.81,544.0,,370597,0,555.0,563.0,540.0
2022-01-18,0.0,-0.36,554.0,,505764,0,567.0,567.0,541.2
2022-01-17,0.0,3.93,556.0,,749417,0,545.7,560.9,528.0
2022-01-16,0.0,1.71,535.0,,568473,0,536.5,542.0,521.0
2022-01-13,0.0,3.14,526.0,,445951,0,511.0,530.0,505.0
2022-01-12,0.0,-0.18,510.0,,479364,0,521.0,526.0,505.0
2022-01-11,0.0,0.97,510.9,,329975,0,506.0,518.0,503.0
2022-01-10,0.0,-1.96,506.0,,375628,0,526.4,526.4,502.0
2022-01-09,0.0,5.11,516.1,,570449,0,500.0,520.0,496.0
2022-01-06,0.0,2.94,491.0,,337718,0,477.0,491.5,468.0
2022-01-05,0.0,0.42,477.0,,350463,0,480.0,485.0,467.0
2022-01-04,0.0,1.28,475.0,,234910,0,472.0,478.3,461.1
2022-01-03,0.0,0.43,469.0,,390115,0,476.3,479.0,460.6
2022-01-02,0.0,4.94,467.0,,377918,0,450.0,473.0,445.0
2021-12-29,0.0,2.77,445.0,,209153,0,437.0,448.0,428.3
2021-12-28,0.0,1.17,433.0,,175848,0,420.0,440.0,420.0
2021-12-27,0.0,-3.39,428.0,,261231,0,449.9,450.0,426.0
2021-12-26,0.0,-0.43,443.0,,208918,0,445.0,455.0,439.1
2021-12-23,0.0,-0.47,444.9,,287019,0,455.9,459.0,435.0
2021-12-22,0.0,7.92,447.0,,270703,0,422.4,449.8,416.0
2021-12-21,0.0,3.29,414.2,,100032,0,409.0,418.0,401.2
2021-12-20,0.0,-0.74,401.0,,133791,0,404.0,412.0,393.0
2021-12-16,0.0,-4.29,404.0,,167764,0,425.0,425.0,403.0
2021-12-15,0.0,0.02,422.1,,324500,0,430.0,440.0,411.2
2021-12-14,0.0,9.75,422.0,,113772,0,390.0,422.0,389.0
2021-12-13,0.0,-4.54,384.5,,254711,0,395.0,406.0,381.0
2021-12-12,0.0,-5.58,402.8,,171302,0,423.0,430.0,400.2
2021-12-09,0.0,-0.56,426.6,,202778,0,430.0,435.0,419.0
2021-12-08,0.0,-3.6,429.0,,119360,0,441.0,447.0,428.0
2021-12-07,0.0,-1.96,445.0,,229217,0,460.0,464.0,441.1
2021-12-06,0.0,3.63,453.9,,301431,0,435.0,456.9,424.0
2021-12-05,0.0,-4.78,438.0,,248270,0,460.0,468.0,437.0
2021-12-02,0.0,-3.24,460.0,,184584,0,483.5,483.5,457.0
2021-12-01,0.0,1.15,475.4,,147269,0,478.0,480.6,470.0
2021-11-30,0.0,0.0,470.0,,131549,0,479.0,479.0,461.0
2021-11-29,0.0,-0.19,470.0,,174468,0,471.0,486.9,467.5
2021-11-28,0.0,-3.92,470.9,,334217,0,485.0,491.0,467.0
2021-11-25,0.0,-1.59,490.1,,141727,0,500.0,505.0,490.0
2021-11-24,0.0,0.81,498.0,,346950,0,494.0,503.0,479.0
2021-11-23,0.0,-2.16,494.0,,207607,0,505.0,506.0,492.0
2021-11-22,0.0,-0.22,504.9,,170070,0,514.9,514.9,502.0
2021-11-21,0.0,0.52,506.0,,120962,0,503.4,515.0,501.0
2021-11-18,0.0,-1.29,503.4,,217470,0,501.0,516.0,500.0
2021-11-17,0.0,-2.11,510.0,,388095,0,531.4,531.8,509.0
2021-11-16,0.0,2.76,521.0,,455303,0,507.0,525.0,497.0
2021-11-15,0.0,2.42,507.0,,260059,0,504.9,519.0,502.0
2021-11-14,0.0,1.23,495.0,,263213,0,498.7,504.0,478.0
2021-11-11,0.0,-4.12,489.0,,298347,0,500.0,508.0,483.0
2021-11-09,0.0,-4.49,510.0,,437634,0,530.0,530.0,497.0
2021-11-08,0.0,0.75,534.0,,245456,0,540.0,547.0,530.0
2021-11-03,0.0,5.16,530.0,,551444,0,514.0,539.0,507.0
2021-11-02,0.0,2.44,504.0,,284143,0,500.0,505.8,481.0
2021-11-01,0.0,-3.72,492.0,,344774,0,515.0,520.0,490.0
2021-10-31,0.0,5.58,511.0,,450857,0,493.0,522.0,480.0
2021-10-28,0.0,3.64,484.0,,276654,0,466.0,489.9,455.0
2021-10-27,0.0,0.0,467.0,,356498,0,469.2,480.0,442.0
2021-10-26,0.0,1.52,467.0,,291565,0,469.0,483.0,458.0
2021-10-25,0.0,6.48,460.0,,297767,0,440.0,464.0,431.2
2021-10-24,0.0,3.6,432.0,,181796,0,425.0,436.0,410.0
2021-10-21,0.0,0.97,417.0,,137696,0,420.7,420.7,397.0
2021-10-20,0.0,5.09,413.0,,165513,0,400.0,416.0,398.0
2021-10-19,0.0,-4.82,393.0,,252759,0,406.0,406.0,380.0
2021-10-18,0.0,-3.53,412.9,,182485,0,428.0,428.0,404.0
2021-10-17,0.0,-0.23,428.0,,41747,0,437.0,440.0,423.0
2021-10-11,0.0,-1.38,429.0,,116592,0,431.0,433.0,420.2
2021-10-10,0.0,-3.12,435.0,,124466,0,457.0,466.0,433.0
2021-10-06,0.0,3.22,449.0,,177721,0,441.0,453.0,431.5
2021-10-05,0.0,1.52,435.0,,122186,0,428.5,445.0,427.0
2021-10-04,0.0,-1.27,428.5,,167560,0,430.0,440.9,416.0
2021-10-03,0.0,-2.03,434.0,,338736,0,451.8,460.8,430.0
2021-09-30,0.0,-3.65,443.0,,235356,0,468.9,478.0,438.5
2021-09-29,0.0,10.0,459.8,,514439,0,420.0,459.8,414.0
2021-09-28,0.0,-6.49,418.0,,326705,0,441.0,464.0,411.0
2021-09-27,0.0,-3.46,447.0,,252408,0,472.2,490.0,443.0
2021-09-26,0.0,-5.89,463.0,,256164,0,490.0,492.0,460.1
2021-09-23,0.0,-0.61,492.0,,287371,0,503.0,504.0,480.0
2021-09-22,0.0,6.68,495.0,,275751,0,473.0,500.9,473.0
2021-09-21,0.0,3.34,464.0,,395237,0,440.1,480.0,428.0
2021-09-20,0.0,-8.18,449.0,,360064,0,480.0,489.0,445.0
2021-09-16,0.0,-3.74,489.0,,525367,0,508.0,508.0,480.0
2021-09-15,0.0,-2.76,508.0,,231390,0,522.0,525.0,506.7
2021-09-14,0.0,-1.06,522.4,,214707,0,538.5,538.5,516.0
2021-09-13,0.0,-3.05,528.0,,528339,0,555.4,568.0,525.0
2021-09-12,0.0,10.0,544.6,,590234,0,505.0,544.6,505.0
2021-09-09,0.0,6.02,495.1,,346746,0,476.3,503.0,467.0
2021-09-08,0.0,-2.3,467.0,,190334,0,478.1,484.0,465.0
2021-09-07,0.0,0.36,478.0,,395281,0,484.0,495.0,458.0
2021-09-06,0.0,10.0,476.3,,352895,0,433.0,476.3,425.0
2021-09-05,0.0,-9.55,433.0,,400225,0,480.0,480.0,430.9
2021-09-02,0.0,-4.08,529.0,,613640,0,562.0,562.0,520.0
2021-09-01,0.0,-1.24,551.5,,424353,0,558.4,578.0,544.0
2021-08-31,0.0,-3.06,558.4,,531501,0,580.0,580.0,553.0
2021-08-29,0.0,-3.68,576.0,,571851,0,609.0,609.0,570.0
2021-08-26,0.0,6.79,598.0,,410230,0,571.2,612.0,560.0
2021-08-25,0.0,-1.23,560.0,,494204,0,555.7,579.0,543.9
2021-08-24,0.0,-7.64,567.0,,609900,0,613.0,613.0,566.0
2021-08-19,0.0,-2.56,613.9,,596038,0,630.0,635.0,605.0
2021-08-18,0.0,-1.56,630.0,,985423,0,650.0,665.9,625.0
2021-08-17,0.0,1.3,640.0,,1341240,0,644.4,670.0,634.0
2021-08-16,0.0,5.28,631.8,,763623,0,605.0,640.9,605.0
2021-08-15,0.0,-4.14,600.1,,1175489,0,613.5,620.0,568.4
2021-08-12,0.0,-1.26,626.0,,660607,0,640.0,640.0,618.0
2021-08-11,0.0,3.59,634.0,,842791,0,620.0,649.0,608.0
2021-08-10,0.0,-3.01,612.0,,842878,0,640.0,641.0,600.0
2021-08-09,0.0,3.92,631.0,,855879,0,619.3,659.0,611.0
2021-08-08,0.0,10.0,607.2,,1388891,0,560.0,607.2,545.0
2021-08-05,0.0,-2.18,552.0,,1037392,0,575.5,587.0,550.1
2021-08-04,0.0,10.0,564.3,,1447672,0,523.2,564.3,523.2
2021-08-03,0.0,8.69,513.0,,950319,0,480.0,515.0,465.0
2021-08-02,0.0,-0.63,472.0,,325742,0,484.5,490.0,467.5
2021-08-01,0.0,2.17,475.0,,562022,0,474.1,487.0,467.0
2021-07-29,0.0,-0.66,464.9,,388051,0,468.0,469.9,455.0
2021-07-28,0.0,-2.3,468.0,,620392,0,488.5,498.2,462.0
2021-07-27,0.0,7.88,479.0,,1022918,0,445.0,485.0,436.0
2021-07-26,0.0,2.78,444.0,,517464,0,435.0,450.8,430.0
2021-07-25,0.0,1.65,432.0,,323406,0,432.0,433.1,420.8
2021-07-22,0.0,-0.93,425.0,,272552,0,437.0,439.0,424.0
2021-07-20,0.0,2.36,429.0,,356851,0,422.0,434.0,412.0
2021-07-19,0.0,2.22,419.1,,341502,0,417.0,424.0,410.0
2021-07-18,0.0,1.74,410.0,,229607,0,409.0,416.0,406.0
2021-07-15,0.0,2.54,403.0,,326534,0,395.0,415.0,392.0
2021-07-14,0.0,1.29,393.0,,119216,0,390.0,393.0,385.0
2021-07-13,0.0,1.04,388.0,,85278,0,384.0,396.0,378.0
2021-07-12,0.0,-2.78,384.0,,224387,0,396.0,409.0,376.0
2021-07-11,0.0,8.22,395.0,,196813,0,370.0,395.0,370.0
2021-07-08,0.0,1.39,365.0,,124783,0,367.0,376.0,357.0
2021-07-07,0.0,-2.17,360.0,,122421,0,370.0,374.0,358.0
2021-07-06,0.0,-0.27,368.0,,86901,0,387.0,387.0,364.0
2021-07-05,0.0,-2.38,369.0,,129167,0,375.0,382.0,366.0
2021-07-04,0.0,-2.83,378.0,,144466,0,400.0,401.0,374.0
2021-07-01,0.0,4.01,389.0,,300261,0,380.0,399.0,375.0
2021-06-30,0.0,0.54,374.0,,215342,0,372.0,381.0,357.0
2021-06-29,0.0,-3.88,372.0,,246149,0,385.0,392.0,369.0
2021-06-28,0.0,-2.03,387.0,,253762,0,414.0,414.0,383.0
2021-06-27,0.0,-1.74,395.0,,261840,0,410.0,414.0,395.0
2021-06-24,0.0,-1.71,402.0,,234677,0,410.0,419.0,394.0
2021-06-23,0.0,-4.22,409.0,,264405,0,428.0,435.0,401.0
2021-06-22,0.0,9.49,427.0,,364146,0,400.0,429.0,382.0
2021-06-21,0.0,-6.7,390.0,,521902,0,418.0,426.0,388.0
2021-06-20,0.0,-2.79,418.0,,456901,0,435.0,444.0,405.0
2021-06-17,0.0,1.65,430.0,,505568,0,430.0,446.0,405.0
2021-06-16,0.0,-5.79,423.0,,736173,0,427.0,458.0,405.0
2021-06-15,0.0,-5.47,449.0,,664433,0,480.0,480.0,443.0
2021-06-14,0.0,7.22,475.0,,1191290,0,462.0,481.0,433.0
2021-06-13,0.0,7.79,443.0,,775017,0,420.0,446.0,410.0
2021-06-10,0.0,7.87,411.0,,1107296,0,400.0,419.0,378.0
2021-06-09,0.0,0.02,381.0,,465193,0,380.0,402.0,364.0
2021-06-08,0.0,0.27,375.0,,364804,0,374.0,387.0,372.0
2021-06-07,0.0,7.16,374.0,,336507,0,345.0,379.0,345.0
2021-06-06,0.0,-3.32,349.0,,342420,0,371.0,371.0,339.0
2021-06-03,0.0,-3.99,361.0,,270354,0,385.0,385.0,360.0
2021-06-02,0.0,3.3,376.0,,334985,0,364.0,378.0,358.0
2021-06-01,0.0,0.0,364.0,,338878,0,366.0,376.0,359.0
2021-05-31,0.0,-6.91,364.0,,662815,0,410.0,410.0,360.0
2021-05-30,0.0,3.99,391.0,,1006857,0,390.0,413.0,382.0
2021-05-27,0.0,9.94,376.0,,1178496,0,345.0,376.0,334.0
2021-05-25,0.0,4.91,342.0,,448920,0,329.0,346.0,324.0
2021-05-24,0.0,0.31,326.0,,206417,0,330.0,334.0,323.0
2021-05-23,0.0,0.62,325.0,,320245,0,323.0,330.0,314.0
2021-05-20,0.0,-1.22,323.0,,232982,0,327.0,329.0,319.0
2021-05-19,0.0,-3.82,327.0,,364917,0,346.0,346.0,317.0
2021-05-18,0.0,7.94,340.0,,472440,0,330.0,342.0,316.0
2021-05-17,0.0,1.94,315.0,,290584,0,312.0,317.0,307.0
2021-05-16,0.0,-1.28,309.0,,240542,0,315.0,315.0,307.0
2021-05-13,0.0,-0.32,313.0,,234461,0,318.0,320.0,311.0
2021-05-12,0.0,6.08,314.0,,477795,0,300.0,315.0,300.0
2021-05-11,0.0,0.86,353.0,,577295,0,358.0,358.0,349.0
2021-05-10,0.0,0.29,350.0,,226662,0,346.0,355.0,346.0
2021-05-09,0.0,-2.79,349.0,,326754,0,365.0,365.0,346.0
2021-05-06,0.0,-2.18,359.0,,433473,0,369.0,371.0,358.0
2021-05-05,0.0,0.82,367.0,,496544,0,367.0,372.0,363.0
2021-05-04,0.0,-1.36,364.0,,401848,0,375.0,375.0,360.0
2021-05-03,0.0,2.22,369.0,,1060252,0,343.0,380.0,343.0
2021-05-02,0.0,1.69,361.0,,209419,0,359.0,363.0,353.0
2021-04-29,0.0,0.28,355.0,,171062,0,355.0,358.0,348.0
2021-04-28,0.0,-1.94,354.0,,174058,0,364.0,365.0,349.0
2021-04-27,0.0,8.41,361.0,,335355,0,333.0,364.0,331.0
2021-04-26,0.0,-4.03,333.0,,319389,0,340.0,349.0,330.0
2021-04-25,0.0,-4.41,347.0,,302408,0,365.0,365.0,345.0
2021-04-22,0.0,-0.55,363.0,,254262,0,383.0,383.0,357.0
2021-04-21,0.0,3.69,365.0,,428608,0,335.0,378.0,335.0
2021-04-20,0.0,2.03,352.0,,242039,0,355.0,355.0,342.0
2021-04-19,0.0,-1.43,345.0,,199489,0,345.0,353.0,343.0
2021-04-18,0.0,0.0,350.0,,244057,0,355.0,358.0,346.0
2021-04-15,0.0,1.74,350.0,,370351,0,350.0,357.0,340.0
2021-04-13,0.0,4.88,344.0,,507390,0,328.0,349.0,328.0
2021-04-12,0.0,0.0,329.0,,194614,0,334.0,335.0,327.0
2021-04-08,0.0,-0.3,329.0,,116203,0,327.0,333.0,327.0
2021-04-07,0.0,-1.2,330.0,,130876,0,336.0,342.0,328.0
2021-04-06,0.0,1.83,334.0,,247582,0,332.0,340.0,323.0
2021-04-05,0.0,-1.5,328.0,,203847,0,343.0,343.0,324.0
2021-04-04,0.0,-2.06,333.0,,225415,0,345.0,349.0,331.0
2021-04-01,0.0,5.92,340.0,,707427,0,322.0,349.0,322.0
2021-03-31,0.0,1.9,321.0,,244068,0,318.0,322.0,315.0
2021-03-30,0.0,0.96,315.0,,163662,0,315.0,318.0,311.0
2021-03-29,0.0,-1.27,312.0,,122788,0,320.0,320.0,310.0
2021-03-25,0.0,-1.86,316.0,,267513,0,325.0,327.0,311.0
2021-03-24,0.0,4.89,322.0,,529911,0,313.0,325.0,313.0
2021-03-23,0.0,3.72,307.0,,331939,0,296.0,315.0,295.0
2021-03-22,0.0,-0.34,296.0,,101288,0,297.0,300.0,295.0
2021-03-21,0.0,0.34,297.0,,123237,0,310.0,310.0,295.0
2021-03-18,0.0,0.0,296.0,,92684,0,310.0,310.0,295.0
2021-03-17,0.0,0.0,296.0,,89995,0,310.0,310.0,294.0
2021-03-16,0.0,0.0,296.0,,93922,0,293.0,305.0,292.0
2021-03-15,0.0,-1.33,296.0,,129043,0,315.0,315.0,294.0
2021-03-14,0.0,0.0,300.0,,235012,0,285.0,315.0,285.0
2021-03-10,0.0,3.45,300.0,,314328,0,276.0,308.0,276.0
2021-03-09,0.0,1.4,290.0,,205109,0,286.0,295.0,282.0
2021-03-04,0.0,3.16,294.0,,134863,0,288.0,295.0,286.0
2021-03-03,0.0,-1.04,285.0,,133903,0,298.0,298.0,279.0
2021-03-02,0.0,-4.32,288.0,,183361,0,302.0,305.0,284.0
2021-03-01,0.0,0.0,301.0,,260043,0,293.0,303.0,286.0
2021-02-28,0.0,-6.11,292.0,,310140,0,326.0,326.0,292.0
2021-02-25,0.0,0.0,311.0,,377271,0,315.0,325.0,309.0
2021-02-24,0.0,-3.37,315.0,,551352,0,340.0,340.0,307.0
2021-02-23,0.0,9.76,326.0,,747743,0,311.0,326.0,302.0
2021-02-22,0.0,1.37,297.0,,369490,0,300.0,303.0,294.0
2021-02-21,0.0,0.04,293.0,,310192,0,288.0,299.0,288.0
2021-02-18,0.0,-0.01,283.0,,104558,0,282.0,287.0,282.0
2021-02-17,0.0,-0.01,286.0,,70824,0,283.0,287.0,283.0
2021-02-16,0.0,-0.01,288.0,,161480,0,295.0,299.0,287.0
2021-02-15,0.0,0.04,292.0,,198774,0,285.0,306.0,276.0
2021-02-14,0.0,-0.01,280.0,,67217,0,282.0,288.0,279.0
2021-02-11,0.0,-0.01,282.0,,96696,0,285.0,289.0,281.0
2021-02-10,0.0,-0.01,285.0,,82907,0,285.0,289.0,281.0
2021-02-09,0.0,-0.03,285.0,,93493,0,300.0,300.0,284.0
2021-02-08,0.0,-0.02,294.0,,129930,0,303.0,309.0,291.0
2021-02-07,0.0,0.02,299.0,,340912,0,297.0,305.0,293.0
2021-02-04,0.0,0.02,292.0,,144591,0,285.0,295.0,278.0
2021-02-03,0.0,0.03,285.0,,231046,0,282.0,298.0,274.0
2021-02-02,0.0,0.0,277.0,,91788,0,280.0,286.0,276.0
2021-02-01,0.0,0.01,276.0,,64444,0,272.0,279.0,270.0
2021-01-31,0.0,-0.04,272.0,,117585,0,277.0,278.0,267.0
2021-01-28,0.0,-0.01,282.0,,94765,0,286.0,296.0,279.0
2021-01-27,0.0,-0.01,286.0,,175446,0,295.0,300.0,282.0
2021-01-26,0.0,0.01,288.0,,337000,0,295.0,300.0,284.0
2021-01-25,0.0,-0.03,286.0,,166603,0,309.0,309.0,282.0
2021-01-24,0.0,0.03,295.0,,350466,0,285.0,315.0,285.0
2021-01-21,0.0,0.08,287.0,,340011,0,270.0,287.0,261.0
2021-01-20,0.0,0.02,265.0,,111655,0,260.0,267.0,256.0
2021-01-19,0.0,0.0,259.0,,61463,0,260.0,263.0,257.0
2021-01-18,0.0,-0.02,260.0,,80909,0,277.0,277.0,259.0
2021-01-17,0.0,0.0,264.0,,104766,0,267.0,270.0,262.0
2021-01-13,0.0,0.04,265.0,,176852,0,255.0,269.0,255.0
2021-01-12,0.0,0.01,256.0,,60387,0,245.0,257.0,245.0
2021-01-11,0.0,0.0,254.0,,115726,0,251.0,258.0,251.0
2021-01-10,0.0,0.0,254.0,,72634,0,260.0,260.0,252.0
2021-01-07,0.0,-0.01,254.0,,80831,0,260.0,261.0,253.0
2021-01-06,0.0,-0.03,256.0,,119274,0,267.0,272.0,256.0
2021-01-05,0.0,0.06,263.0,,229180,0,251.0,265.0,247.0
2021-01-04,0.0,0.01,247.0,,84222,0,249.0,254.0,245.0
2021-01-03,0.0,0.02,245.0,,144944,0,245.0,249.0,239.0
2020-12-31,0.0,0.01,241.0,,90155,0,249.0,249.0,237.0
2020-12-30,0.0,-0.01,238.0,,40253,0,236.0,241.0,236.0
2020-12-29,0.0,0.01,240.0,,67546,0,240.0,244.0,238.0
2020-12-28,0.0,0.03,238.0,,77906,0,232.0,240.0,226.0
2020-12-27,0.0,-0.02,230.0,,54529,0,238.0,240.0,227.0
2020-12-24,0.0,0.0,234.0,,42139,0,237.0,241.0,232.0
2020-12-23,0.0,-0.04,233.0,,78313,0,246.0,250.0,231.0
2020-12-22,0.0,0.04,242.0,,71360,0,237.0,243.0,233.0
2020-12-21,0.0,0.0,233.0,,66995,0,221.0,239.0,219.0
2020-12-20,0.0,-0.06,229.0,,98076,0,256.0,256.0,229.0
2020-12-17,0.0,0.0,244.0,,107640,0,244.0,258.0,241.0
2020-12-16,0.0,-0.01,245.0,,65419,0,260.0,260.0,241.0
2020-12-15,0.0,0.0,248.0,,70344,0,250.0,256.0,247.0
2020-12-14,0.0,-0.02,248.0,,68025,0,250.0,252.0,246.0
2020-12-13,0.0,0.0,252.0,,92834,0,265.0,265.0,249.0
2020-12-10,0.0,-0.02,253.0,,40415,0,252.0,262.0,252.0
2020-12-09,0.0,-0.01,257.0,,151051,0,273.0,273.0,255.0
2020-12-08,0.0,0.07,260.0,,280753,0,246.0,267.0,246.0
2020-12-07,0.0,0.01,244.0,,97896,0,241.0,250.0,230.0
2020-12-06,0.0,-0.05,241.0,,66176,0,251.0,255.0,241.0
2020-12-03,0.0,-0.02,253.0,,112348,0,252.0,260.0,249.0
2020-12-02,0.0,-0.02,257.0,,125016,0,261.0,263.0,255.0
2020-12-01,0.0,-0.02,261.0,,143738,0,278.0,278.0,254.0
2020-11-30,0.0,0.04,265.0,,183454,0,263.0,271.0,249.0
2020-11-29,0.0,0.0,254.0,,181757,0,255.0,260.0,249.0
2020-11-26,0.0,-0.02,255.0,,166672,0,260.0,266.0,253.0
2020-11-25,0.0,0.02,261.0,,116565,0,260.0,266.0,257.0
2020-11-24,0.0,-0.02,256.0,,124483,0,266.0,269.0,256.0
2020-11-23,0.0,0.02,261.0,,75850,0,256.0,262.0,256.0
2020-11-22,0.0,-0.02,256.0,,183171,0,275.0,275.0,253.0
2020-11-19,0.0,0.0,262.0,,195398,0,253.0,270.0,252.0
2020-11-18,0.0,0.0,255.0,,279744,0,263.0,268.0,251.0
2020-11-12,0.0,0.0,279.0,,346728,0,291.0,291.0,276.0
2020-11-11,0.0,2.2,279.0,,434572,0,286.0,286.0,271.0
2020-11-10,0.0,-0.73,273.0,,357956,0,288.0,288.0,267.0
2020-11-09,0.0,0.0,275.0,,397525,0,280.0,280.0,263.0
2020-11-08,0.0,4.17,275.0,,436201,0,269.0,285.0,261.0
2020-11-05,0.0,7.76,264.0,,561848,0,247.0,265.0,244.0
2020-11-04,0.0,3.38,245.0,,212113,0,238.0,246.0,236.0
2020-11-03,0.0,-0.42,237.0,,203018,0,240.0,240.0,235.0
2020-11-02,0.0,-0.83,238.0,,209542,0,242.0,244.0,236.0
2020-11-01,0.0,5.73,240.0,,705372,0,238.0,249.0,232.0
2020-10-29,0.0,0.0,227.0,,239983,0,226.0,231.0,225.0
2020-10-28,0.0,1.34,227.0,,204202,0,224.0,228.0,216.0
2020-10-22,0.0,4.19,224.0,,397238,0,215.0,227.0,212.0
2020-10-21,0.0,-2.27,215.0,,176702,0,220.0,224.0,213.0
2020-10-20,0.0,7.32,220.0,,354556,0,215.0,225.0,211.0
2020-10-19,0.0,9.63,205.0,,199934,0,189.0,205.0,189.0
2020-10-18,0.0,-3.11,187.0,,78443,0,190.0,197.0,186.0
2020-10-15,0.0,1.05,193.0,,130838,0,200.0,204.0,191.0
2020-10-14,0.0,-5.91,191.0,,183030,0,213.0,213.0,188.0
2020-10-13,0.0,-2.87,203.0,,132058,0,215.0,215.0,200.0
2020-10-12,0.0,0.48,209.0,,210116,0,205.0,216.0,201.0
2020-10-11,0.0,-7.14,208.0,,473446,0,235.0,235.0,206.0
2020-10-08,0.0,-5.88,224.0,,207701,0,240.0,249.0,224.0
2020-10-07,0.0,9.68,238.0,,346020,0,219.0,238.0,219.0
2020-10-06,0.0,7.96,217.0,,421269,0,204.0,220.0,203.0
2020-10-05,0.0,6.35,201.0,,403315,0,190.0,204.0,186.0
2020-10-04,0.0,-2.58,189.0,,195571,0,202.0,202.0,184.0
2020-10-01,0.0,-3.0,194.0,,206307,0,201.0,205.0,192.0
2020-09-30,0.0,3.09,200.0,,374315,0,194.0,204.0,191.0
2020-09-29,0.0,2.11,194.0,,202900,0,199.0,199.0,185.0
2020-09-28,0.0,2.7,190.0,,200075,0,194.0,197.0,187.0
2020-09-27,0.0,2.78,185.0,,456868,0,180.0,197.0,180.0
2020-09-24,0.0,9.76,180.0,,411213,0,167.0,180.0,164.0
2020-09-23,0.0,5.13,164.0,,119816,0,158.0,165.0,153.0
2020-09-22,0.0,-2.52,155.0,,121760,0,152.0,162.0,152.0
2020-09-21,0.0,1.27,159.0,,112401,0,157.0,164.0,148.0
2020-09-20,0.0,-8.19,157.0,,153765,0,175.0,175.0,154.0
2020-09-17,0.0,9.62,171.0,,357818,0,162.0,171.0,155.0
2020-09-16,0.0,8.33,156.0,,232984,0,145.0,157.0,138.0
2020-09-15,0.0,0.7,144.0,,74711,0,145.0,149.0,139.0
2020-09-14,0.0,3.62,143.0,,236641,0,138.0,150.0,138.0
2020-09-13,0.0,6.98,138.0,,167806,0,130.0,141.0,127.0
2020-09-10,0.0,0.78,129.0,,55919,0,127.0,130.0,124.0
2020-09-09,0.0,-1.54,128.0,,43654,0,130.0,130.0,125.0
2020-09-08,0.0,1.56,130.0,,41721,0,127.0,131.0,125.0
2020-09-07,0.0,-3.03,128.0,,78562,0,131.0,135.0,127.0
2020-09-06,0.0,3.94,132.0,,183534,0,132.0,137.0,127.0
2020-09-03,0.0,-3.79,127.0,,132381,0,138.0,145.0,124.0
2020-09-02,0.0,10.0,132.0,,246759,0,121.0,132.0,120.0
2020-08-31,0.0,5.26,120.0,,95849,0,114.0,125.0,114.0
2020-08-30,0.0,3.64,114.0,,59030,0,110.0,117.0,109.0
2020-08-27,0.0,0.0,110.0,,36324,0,111.0,112.0,109.0
2020-08-26,0.0,1.85,110.0,,69452,0,113.0,113.0,108.0
2020-08-25,0.0,-0.92,108.0,,16915,0,109.0,109.0,107.0
2020-08-24,0.0,0.0,109.0,,15705,0,109.0,110.0,107.0
2020-08-23,0.0,-0.91,109.0,,13477,0,108.0,110.0,107.0
2020-08-20,0.0,1.85,110.0,,14048,0,108.0,111.0,107.0
2020-08-19,0.0,-1.82,108.0,,23459,0,108.0,110.0,107.0
2020-08-18,0.0,0.0,110.0,,10482,0,110.0,110.0,108.0
2020-08-17,0.0,-1.79,110.0,,17963,0,112.0,113.0,108.0
2020-08-16,0.0,3.7,112.0,,43239,0,106.0,113.0,105.0
2020-08-13,0.0,1.89,108.0,,13553,0,108.0,108.0,105.0
2020-08-12,0.0,-1.85,106.0,,7052,0,106.0,108.0,106.0
2020-08-11,0.0,0.0,108.0,,10433,0,110.0,110.0,106.0
2020-08-10,0.0,0.93,108.0,,38920,0,106.0,110.0,106.0
2020-08-09,0.0,-0.93,107.0,,10312,0,106.0,110.0,106.0
2020-08-06,0.0,-5.26,108.0,,9930,0,112.0,112.0,105.0
2020-08-05,0.0,-0.93,106.0,,7446,0,106.0,108.0,106.0
2020-08-03,0.0,0.0,107.0,,7816,0,107.0,108.0,107.0
2020-08-02,0.0,-2.73,107.0,,31426,0,112.0,116.0,107.0
2020-07-30,0.0,1.85,110.0,,24604,0,108.0,112.0,107.0
2020-07-29,0.0,-0.92,108.0,,16848,0,109.0,110.0,107.0
2020-07-28,0.0,1.87,109.0,,12008,0,106.0,110.0,106.0
2020-07-27,0.0,-2.7,108.0,,40952,0,110.0,112.0,106.0
2020-07-26,0.0,0.0,111.0,,21776,0,111.0,112.0,108.0
2020-07-23,0.0,-1.77,111.0,,19065,0,118.0,118.0,106.0
2020-07-22,0.0,0.89,113.0,,18120,0,113.0,113.0,107.0
2020-07-21,0.0,0.0,112.0,,26421,0,110.0,114.0,107.0
2020-07-20,0.0,-4.27,112.0,,36110,0,119.0,125.0,110.0
2020-07-19,0.0,3.54,117.0,,980,0,115.0,117.0,115.0
2020-07-16,0.0,4.63,113.0,,15332,0,106.0,113.0,106.0
2020-07-15,0.0,0.93,108.0,,14281,0,105.0,110.0,105.0
2020-07-14,0.0,0.0,107.0,,4164,0,107.0,107.0,105.0
2020-07-13,0.0,0.94,107.0,,15455,0,106.0,107.0,105.0
2020-07-12,0.0,-0.93,106.0,,14069,0,109.0,109.0,106.0
2020-07-09,0.0,-0.93,107.0,,7458,0,106.0,108.0,106.0
2020-07-08,0.0,-1.82,108.0,,7724,0,108.0,111.0,106.0
2020-07-07,0.0,0.92,110.0,,22979,0,109.0,112.0,106.0
2020-07-06,0.0,1.87,109.0,,12327,0,105.0,109.0,105.0
2020-07-05,0.0,-8.55,107.0,,15777,0,117.0,117.0,106.0
2020-07-02,0.0,-1.68,117.0,,520,0,117.0,117.0,117.0
2020-07-01,0.0,7.21,119.0,,2462,0,113.0,119.0,113.0
2020-06-30,0.0,5.71,111.0,,12030,0,103.0,111.0,103.0
2020-06-29,0.0,-8.62,105.0,,18585,0,114.0,114.0,105.0
2020-03-22,0.0,7.41,116.0,,2980,0,106.0,116.0,104.0
2020-03-19,0.0,0.0,108.0,,28815,0,106.0,108.0,100.0
2020-03-18,0.0,-1.89,104.0,,25548,0,105.0,105.0,101.0
2020-03-17,0.0,-1.85,106.0,,34355,0,107.0,108.0,104.0
2020-03-16,0.0,-1.82,108.0,,16277,0,110.0,111.0,106.0
2020-03-15,0.0,-3.93,110.0,,40358,0,114.0,114.0,104.0
2020-03-12,0.0,-5.93,127.0,,220997,0,134.0,135.0,123.0
2020-03-11,0.0,7.14,135.0,,151499,0,128.0,137.0,119.0
2020-03-10,0.0,-3.82,126.0,,21685,0,129.0,129.0,123.0
2020-03-05,0.0,-1.5,131.0,,61204,0,131.0,133.0,126.0
2020-03-04,0.0,-4.32,133.0,,55136,0,137.0,140.0,130.0
2020-03-03,0.0,2.21,139.0,,54372,0,136.0,143.0,132.0
2020-03-02,0.0,-5.56,136.0,,21618,0,142.0,142.0,136.0
2020-03-01,0.0,-4.64,144.0,,95285,0,151.0,154.0,140.0
2020-02-27,0.0,-1.95,151.0,,126588,0,157.0,160.0,150.0
2020-02-26,0.0,4.05,154.0,,224163,0,141.0,162.0,141.0
2020-02-25,0.0,9.63,148.0,,223803,0,137.0,148.0,137.0
2020-02-24,0.0,-3.57,135.0,,31515,0,140.0,140.0,135.0
2020-02-23,0.0,2.94,140.0,,49557,0,138.0,141.0,137.0
2020-02-20,0.0,-1.45,136.0,,34770,0,138.0,138.0,135.0
2020-02-19,0.0,-0.72,138.0,,26483,0,138.0,139.0,135.0
2020-02-18,0.0,-1.42,139.0,,105022,0,148.0,148.0,136.0
2020-02-17,0.0,3.68,141.0,,114830,0,142.0,143.0,134.0
2020-02-16,0.0,0.74,136.0,,66640,0,135.0,137.0,130.0
2020-02-13,0.0,1.5,135.0,,122134,0,133.0,138.0,131.0
2020-02-12,0.0,0.76,133.0,,114753,0,130.0,133.0,129.0
2020-02-11,0.0,4.76,132.0,,174666,0,127.0,135.0,125.0
2020-02-10,0.0,0.0,126.0,,15236,0,125.0,127.0,125.0
2020-02-09,0.0,0.0,126.0,,40806,0,125.0,127.0,124.0
2020-02-06,0.0,-0.79,126.0,,34385,0,133.0,133.0,124.0
2020-02-05,0.0,1.6,127.0,,73525,0,123.0,129.0,122.0
2020-02-04,0.0,1.63,125.0,,81084,0,125.0,127.0,120.0
2020-02-03,0.0,2.5,123.0,,62895,0,120.0,125.0,118.0
2020-02-02,0.0,0.84,120.0,,45128,0,117.0,121.0,117.0
2020-01-30,0.0,1.71,119.0,,31570,0,118.0,120.0,115.0
2020-01-29,0.0,-0.85,117.0,,18555,0,117.0,118.0,115.0
2020-01-28,0.0,0.0,118.0,,10095,0,118.0,122.0,117.0
2020-01-27,0.0,0.85,118.0,,24932,0,115.0,120.0,115.0
2020-01-26,0.0,-1.68,117.0,,26051,0,120.0,120.0,115.0
2020-01-23,0.0,-4.03,119.0,,23037,0,123.0,123.0,119.0
2020-01-22,0.0,-2.36,124.0,,29676,0,128.0,128.0,121.0
2020-01-21,0.0,-0.78,127.0,,23253,0,128.0,128.0,123.0
2020-01-20,0.0,-3.03,128.0,,44348,0,131.0,131.0,125.0
2020-01-19,0.0,3.12,132.0,,73008,0,130.0,132.0,126.0
2020-01-16,0.0,0.0,128.0,,42525,0,129.0,130.0,124.0
2020-01-15,0.0,3.23,128.0,,77565,0,126.0,132.0,124.0
2020-01-14,0.0,0.0,124.0,,68773,0,124.0,126.0,118.0
2020-01-13,0.0,3.33,124.0,,100000,0,121.0,128.0,117.0
2020-01-12,0.0,7.14,120.0,,70009,0,110.0,120.0,110.0
2020-01-09,0.0,-0.88,112.0,,24541,0,111.0,113.0,110.0
2020-01-08,0.0,0.0,113.0,,19436,0,115.0,115.0,110.0
2020-01-07,0.0,1.8,113.0,,47772,0,111.0,116.0,108.0
2020-01-06,0.0,1.83,111.0,,25080,0,108.0,111.0,106.0
2020-01-05,0.0,0.93,109.0,,34793,0,106.0,112.0,106.0
2020-01-02,0.0,-1.82,108.0,,5164,0,110.0,110.0,106.0
2020-01-01,0.0,0.0,110.0,,1958,0,108.0,110.0,106.0
2019-12-31,0.0,2.8,110.0,,9844,0,112.0,112.0,105.0
2019-12-30,0.0,0.0,107.0,,6832,0,106.0,107.0,105.0
2019-12-29,0.0,-0.93,107.0,,6160,0,107.0,107.0,105.0
2019-12-26,0.0,0.0,108.0,,5856,0,108.0,108.0,105.0
2019-12-25,0.0,0.0,108.0,,2646,0,108.0,108.0,106.0
2019-12-24,0.0,-0.92,108.0,,9134,0,110.0,111.0,106.0
2019-12-23,0.0,0.93,109.0,,24646,0,106.0,109.0,106.0
2019-12-22,0.0,-0.92,108.0,,39397,0,108.0,108.0,105.0
2019-12-19,0.0,0.0,109.0,,3138,0,107.0,109.0,107.0
2019-12-18,0.0,0.0,109.0,,9330,0,108.0,109.0,107.0
2019-12-17,0.0,0.0,109.0,,8875,0,110.0,110.0,107.0
2019-12-16,0.0,-0.91,109.0,,22209,0,110.0,111.0,107.0
2019-12-15,0.0,-0.88,112.0,,16917,0,114.0,115.0,109.0
2019-12-12,0.0,4.63,113.0,,60885,0,108.0,116.0,104.0
2019-12-11,0.0,1.89,108.0,,16742,0,108.0,108.0,103.0
2019-12-10,0.0,-2.75,106.0,,19923,0,107.0,108.0,104.0
2019-12-09,0.0,4.81,109.0,,32043,0,102.0,111.0,101.0
2019-12-08,0.0,0.0,104.0,,3310,0,102.0,104.0,100.0
2019-12-05,0.0,0.97,104.0,,9159,0,101.0,104.0,101.0
2019-12-04,0.0,0.98,103.0,,6501,0,100.0,106.0,100.0
2019-12-03,0.0,0.99,102.0,,15239,0,103.0,105.0,100.0
2019-12-02,0.0,1.0,101.0,,13153,0,102.0,102.0,100.0
2019-12-01,0.0,-1.96,100.0,,10879,0,100.0,102.0,100.0
2019-11-28,0.0,-1.92,102.0,,11692,0,102.0,103.0,101.0
2019-11-27,0.0,4.0,104.0,,3378,0,102.0,106.0,102.0
2019-11-26,0.0,-2.91,100.0,,23154,0,102.0,103.0,100.0
2019-11-25,0.0,-3.74,103.0,,13111,0,108.0,108.0,101.0
2019-11-24,0.0,3.88,107.0,,11361,0,103.0,107.0,101.0
2019-11-21,0.0,-0.96,103.0,,20869,0,106.0,107.0,101.0
2019-11-20,0.0,-1.89,104.0,,42914,0,108.0,108.0,101.0
2019-11-19,0.0,0.0,106.0,,6715,0,107.0,107.0,102.0
2019-11-18,0.0,0.95,106.0,,9026,0,104.0,106.0,103.0
2019-11-17,0.0,0.0,105.0,,28882,0,103.0,105.0,102.0
2019-11-14,0.0,-0.94,105.0,,2737,0,106.0,106.0,104.0
2019-11-13,0.0,-0.93,106.0,,20874,0,105.0,106.0,103.0
2019-11-12,0.0,-0.93,107.0,,16397,0,107.0,110.0,104.0
2019-11-11,0.0,0.93,108.0,,11337,0,105.0,110.0,105.0
2019-11-10,0.0,0.94,107.0,,5865,0,106.0,108.0,105.0
2019-11-07,0.0,-1.85,106.0,,16957,0,106.0,108.0,105.0
2019-11-06,0.0,-0.92,108.0,,19730,0,109.0,110.0,106.0
2019-11-05,0.0,0.0,109.0,,9597,0,107.0,109.0,107.0
2019-11-04,0.0,-0.91,109.0,,9218,0,109.0,110.0,108.0
2019-11-03,0.0,0.0,110.0,,6880,0,110.0,110.0,108.0
2019-10-31,0.0,-1.79,110.0,,12453,0,112.0,112.0,108.0
2019-10-24,0.0,0.0,112.0,,5086,0,110.0,113.0,108.0
2019-10-23,0.0,1.82,112.0,,7937,0,110.0,113.0,108.0
2019-10-22,0.0,-0.9,110.0,,4246,0,109.0,111.0,108.0
2019-10-21,0.0,-1.77,111.0,,45944,0,113.0,113.0,107.0
2019-10-17,0.0,-1.74,113.0,,43512,0,115.0,115.0,110.0
2019-10-16,0.0,-0.86,115.0,,5407,0,115.0,116.0,113.0
2019-10-15,0.0,3.57,116.0,,2298,0,110.0,116.0,110.0
2019-10-14,0.0,0.0,112.0,,4022,0,111.0,113.0,109.0
2019-10-10,0.0,-2.61,112.0,,2357,0,113.0,114.0,112.0
2019-10-03,0.0,0.88,115.0,,1610,0,113.0,115.0,112.0
2019-10-02,0.0,-0.87,114.0,,9115,0,113.0,114.0,112.0
2019-10-01,0.0,0.88,115.0,,5407,0,113.0,115.0,112.0
2019-09-30,0.0,-1.72,114.0,,5123,0,114.0,115.0,111.0
2019-09-29,0.0,0.87,116.0,,3698,0,114.0,116.0,112.0
2019-09-26,0.0,0.0,115.0,,14229,0,113.0,115.0,109.0
2019-09-24,0.0,0.0,115.0,,4602,0,116.0,116.0,111.0
2019-09-23,0.0,-0.86,115.0,,4556,0,114.0,115.0,113.0
2019-09-22,0.0,-0.85,116.0,,3876,0,116.0,116.0,112.0
2019-09-19,0.0,-3.31,117.0,,10858,0,121.0,121.0,114.0
2019-09-18,0.0,1.68,121.0,,17181,0,124.0,124.0,114.0
2019-09-17,0.0,9.17,119.0,,15860,0,109.0,119.0,109.0
2019-09-16,0.0,-0.91,109.0,,7472,0,110.0,110.0,108.0
2019-09-15,0.0,-4.35,110.0,,9480,0,113.0,113.0,109.0
2019-09-12,0.0,0.0,115.0,,26119,0,114.0,115.0,110.0
2019-09-11,0.0,2.68,115.0,,8032,0,112.0,115.0,111.0
2019-09-10,0.0,-1.75,112.0,,8255,0,115.0,115.0,111.0
2019-09-09,0.0,0.88,114.0,,15311,0,113.0,114.0,111.0
2019-09-08,0.0,-2.59,113.0,,9249,0,115.0,115.0,111.0
2019-09-05,0.0,-1.69,116.0,,71673,0,118.0,119.0,111.0
2019-09-04,0.0,0.0,118.0,,51099,0,120.0,122.0,113.0
2019-09-03,0.0,0.85,118.0,,34742,0,119.0,121.0,113.0
2019-09-02,0.0,-3.31,117.0,,18043,0,121.0,122.0,115.0
2019-09-01,0.0,-2.42,121.0,,31821,0,122.0,124.0,115.0
2019-08-29,0.0,-0.8,124.0,,16820,0,127.0,127.0,121.0
2019-08-28,0.0,-1.57,125.0,,16105,0,126.0,126.0,122.0
2019-08-27,0.0,1.6,127.0,,2425,0,125.0,128.0,125.0
2019-08-26,0.0,-2.34,125.0,,6207,0,126.0,128.0,125.0
2019-08-25,0.0,0.0,128.0,,2063,0,130.0,130.0,125.0
2019-08-22,0.0,1.59,128.0,,26279,0,125.0,128.0,124.0
2019-08-21,0.0,-3.82,126.0,,7810,0,130.0,130.0,124.0
2019-08-20,0.0,0.0,131.0,,23671,0,131.0,131.0,125.0
2019-08-19,0.0,0.77,131.0,,5715,0,130.0,131.0,128.0
2019-08-18,0.0,-0.76,130.0,,10191,0,133.0,134.0,127.0
2019-08-15,0.0,0.0,131.0,,2701,0,129.0,131.0,129.0
2019-08-14,0.0,-1.5,131.0,,5479,0,133.0,134.0,130.0
2019-08-13,0.0,0.0,133.0,,2239,0,133.0,133.0,130.0
2019-08-12,0.0,1.53,133.0,,8356,0,126.0,133.0,126.0
2019-08-11,0.0,-0.76,131.0,,19028,0,126.0,133.0,126.0
2019-08-08,0.0,0.76,132.0,,36074,0,132.0,134.0,129.0
2019-08-07,0.0,-3.68,131.0,,38666,0,135.0,136.0,131.0
2019-08-06,0.0,0.0,136.0,,5206,0,134.0,136.0,134.0
2019-08-05,0.0,-0.73,136.0,,6151,0,136.0,139.0,134.0
2019-08-04,0.0,-0.72,137.0,,5631,0,137.0,137.0,135.0
2019-08-01,0.0,-1.43,138.0,,16150,0,140.0,140.0,135.0
2019-07-31,0.0,0.72,140.0,,15109,0,137.0,141.0,135.0
2019-07-30,0.0,0.72,139.0,,12433,0,140.0,140.0,136.0
2019-07-29,0.0,2.22,138.0,,11204,0,135.0,140.0,135.0
2019-07-28,0.0,-2.88,135.0,,22353,0,137.0,140.0,135.0
2019-07-25,0.0,-3.47,139.0,,16810,0,142.0,143.0,138.0
2019-07-24,0.0,0.7,144.0,,11565,0,143.0,144.0,139.0
2019-07-23,0.0,0.7,143.0,,8720,0,142.0,143.0,141.0
2019-07-22,0.0,0.0,142.0,,7375,0,142.0,143.0,140.0
2019-07-21,0.0,0.71,142.0,,23063,0,141.0,142.0,139.0
2019-07-18,0.0,-1.4,141.0,,12095,0,143.0,143.0,141.0
2019-07-17,0.0,0.0,143.0,,24942,0,141.0,143.0,140.0
2019-07-16,0.0,2.14,143.0,,600,0,147.0,147.0,141.0
2019-07-15,0.0,1.45,140.0,,11110,0,136.0,142.0,136.0
2019-07-14,0.0,-2.13,138.0,,10064,0,139.0,143.0,138.0
2019-07-11,0.0,-2.08,141.0,,27923,0,142.0,143.0,139.0
2019-07-10,0.0,0.0,144.0,,9831,0,143.0,144.0,141.0
2019-07-09,0.0,0.0,144.0,,4573,0,142.0,144.0,140.0
2019-07-08,0.0,0.7,144.0,,14572,0,141.0,144.0,141.0
2019-07-07,0.0,-0.69,143.0,,11495,0,143.0,145.0,141.0
2019-07-04,0.0,-1.37,144.0,,19440,0,145.0,146.0,140.0
2019-07-03,0.0,0.0,146.0,,15632,0,148.0,149.0,139.0
2019-07-02,0.0,1.39,146.0,,3817,0,145.0,146.0,143.0
2019-07-01,0.0,0.0,144.0,,5843,0,142.0,144.0,139.0
2019-06-30,0.0,-0.69,144.0,,5362,0,143.0,145.0,142.0
2019-06-27,0.0,-0.68,145.0,,11226,0,144.0,145.0,142.0
2019-06-26,0.0,0.0,146.0,,2985,0,144.0,146.0,143.0
2019-06-25,0.0,2.1,146.0,,6287,0,142.0,146.0,142.0
2019-06-24,0.0,-1.38,143.0,,8536,0,152.0,152.0,140.0
2019-06-23,0.0,-2.03,145.0,,9670,0,147.0,148.0,144.0
2019-06-20,0.0,0.68,148.0,,4195,0,145.0,149.0,145.0
2019-06-19,0.0,-1.34,147.0,,1952,0,150.0,150.0,147.0
2019-06-18,0.0,0.0,149.0,,3423,0,147.0,150.0,147.0
2019-06-17,0.0,3.47,149.0,,2488,0,143.0,153.0,142.0
2019-06-16,0.0,-2.7,144.0,,13935,0,148.0,148.0,143.0
2019-06-13,0.0,-1.33,148.0,,8699,0,147.0,149.0,145.0
2019-06-12,0.0,0.67,150.0,,16368,0,150.0,150.0,147.0
2019-06-11,0.0,0.0,149.0,,21316,0,150.0,152.0,147.0
2019-06-06,0.0,0.66,153.0,,10594,0,151.0,153.0,148.0
2019-06-04,0.0,-1.3,152.0,,15250,0,152.0,153.0,148.0
2019-06-03,0.0,-1.91,154.0,,3759,0,154.0,154.0,151.0
2019-06-02,0.0,0.0,157.0,,9947,0,154.0,157.0,152.0
2019-05-30,0.0,-0.63,157.0,,38805,0,161.0,165.0,154.0
2019-05-29,0.0,0.64,158.0,,20404,0,154.0,160.0,154.0
2019-05-28,0.0,1.29,157.0,,21629,0,152.0,161.0,150.0
2019-05-27,0.0,0.0,155.0,,9761,0,157.0,157.0,152.0
2019-05-26,0.0,-4.91,155.0,,21026,0,166.0,166.0,153.0
2019-05-23,0.0,-5.23,163.0,,70734,0,175.0,178.0,159.0
2019-05-22,0.0,9.55,172.0,,175271,0,156.0,172.0,156.0
2019-05-21,0.0,6.08,157.0,,101120,0,146.0,160.0,146.0
2019-05-20,0.0,0.0,148.0,,20732,0,146.0,150.0,144.0
2019-05-19,0.0,0.68,148.0,,24404,0,147.0,151.0,145.0
2019-05-16,0.0,2.08,147.0,,47925,0,144.0,150.0,141.0
2019-05-15,0.0,0.0,144.0,,18718,0,144.0,145.0,141.0
2019-05-14,0.0,2.86,144.0,,44008,0,141.0,149.0,141.0
2019-05-13,0.0,2.19,140.0,,34980,0,137.0,143.0,133.0
2019-05-12,0.0,1.48,137.0,,10211,0,134.0,137.0,132.0
2019-05-09,0.0,-2.17,135.0,,11153,0,140.0,140.0,135.0
2019-05-08,0.0,-1.43,138.0,,7435,0,142.0,142.0,133.0
2019-05-07,0.0,1.45,140.0,,5412,0,138.0,140.0,136.0
2019-05-06,0.0,0.0,138.0,,6173,0,137.0,139.0,134.0
2019-05-05,0.0,-0.72,138.0,,11187,0,137.0,139.0,135.0
2019-05-02,0.0,0.0,139.0,,37099,0,141.0,144.0,133.0
2019-04-30,0.0,1.46,139.0,,37885,0,135.0,145.0,133.0
2019-04-29,0.0,-2.14,137.0,,22537,0,138.0,138.0,130.0
2019-04-28,0.0,6.06,140.0,,42335,0,131.0,140.0,130.0
2019-04-25,0.0,1.54,132.0,,25422,0,130.0,135.0,129.0
2019-04-24,0.0,-2.99,130.0,,13051,0,132.0,132.0,128.0
2019-04-23,0.0,1.52,134.0,,12889,0,130.0,134.0,130.0
2019-04-22,0.0,-2.94,132.0,,14127,0,135.0,135.0,131.0
2019-04-21,0.0,1.49,136.0,,7088,0,133.0,136.0,131.0
2019-04-18,0.0,1.52,134.0,,10621,0,131.0,136.0,130.0
2019-04-17,0.0,-2.22,132.0,,19572,0,135.0,137.0,132.0
2019-04-16,0.0,2.27,135.0,,4922,0,131.0,135.0,131.0
2019-04-15,0.0,-2.22,132.0,,3277,0,134.0,134.0,130.0
2019-04-11,0.0,2.27,135.0,,4552,0,131.0,136.0,131.0
2019-04-10,0.0,-1.49,132.0,,3064,0,133.0,134.0,132.0
2019-04-09,0.0,-1.47,134.0,,9900,0,135.0,135.0,130.0
2019-04-08,0.0,-2.86,136.0,,3315,0,140.0,140.0,134.0
2019-04-07,0.0,2.94,140.0,,4217,0,135.0,142.0,132.0
2019-04-04,0.0,0.0,136.0,,6214,0,134.0,136.0,133.0
2019-04-03,0.0,-0.73,136.0,,3907,0,135.0,136.0,133.0
2019-04-02,0.0,-0.72,137.0,,6025,0,137.0,139.0,135.0
2019-04-01,0.0,1.47,138.0,,6273,0,134.0,138.0,132.0
2019-03-31,0.0,0.0,136.0,,14590,0,134.0,138.0,134.0
2019-03-28,0.0,-2.86,136.0,,8572,0,138.0,141.0,132.0
2019-03-27,0.0,4.48,140.0,,3984,0,134.0,140.0,132.0
2019-03-26,0.0,0.0,134.0,,5792,0,132.0,136.0,131.0
2019-03-25,0.0,1.52,134.0,,3860,0,130.0,135.0,130.0
2019-03-24,0.0,0.76,132.0,,3510,0,131.0,137.0,131.0
2019-03-21,0.0,-2.96,131.0,,4636,0,136.0,136.0,131.0
2019-03-19,0.0,0.75,135.0,,6461,0,132.0,135.0,131.0
2019-03-18,0.0,-3.6,134.0,,6512,0,139.0,139.0,133.0
2019-03-17,0.0,1.46,139.0,,16896,0,136.0,140.0,131.0
2019-03-14,0.0,2.24,137.0,,2154,0,132.0,138.0,130.0
2019-03-13,0.0,-2.86,136.0,,9617,0,142.0,144.0,136.0
2019-03-12,0.0,1.47,138.0,,12590,0,138.0,143.0,132.0
2019-03-11,0.0,5.43,136.0,,10986,0,129.0,136.0,129.0
2019-03-10,0.0,0.0,129.0,,1717,0,127.0,131.0,127.0
2019-03-09,0.0,0.0,129.0,,1717,0,127.0,131.0,127.0
2019-03-07,0.0,3.2,129.0,,14099,0,123.0,129.0,123.0
2019-03-06,0.0,0.0,125.0,,2602,0,123.0,125.0,123.0
2019-03-05,0.0,-0.79,125.0,,14623,0,124.0,126.0,122.0
2019-03-03,0.0,1.61,126.0,,7443,0,124.0,126.0,122.0
2019-02-27,0.0,-0.8,124.0,,21677,0,124.0,126.0,122.0
2019-02-26,0.0,-1.57,125.0,,16044,0,125.0,127.0,120.0
2019-02-25,0.0,-0.78,127.0,,3951,0,126.0,128.0,124.0
2019-02-24,0.0,1.59,128.0,,8066,0,126.0,128.0,122.0
2019-02-21,0.0,-2.33,126.0,,6024,0,127.0,129.0,125.0
2019-02-20,0.0,-3.01,129.0,,4388,0,131.0,133.0,126.0
2019-02-19,0.0,4.72,133.0,,10662,0,127.0,134.0,124.0
2019-02-18,0.0,-1.55,127.0,,13725,0,129.0,129.0,124.0
2019-02-17,0.0,0.0,129.0,,4797,0,129.0,131.0,125.0
2019-02-14,0.0,-2.27,129.0,,11234,0,130.0,132.0,127.0
2019-02-13,0.0,-3.65,132.0,,6860,0,136.0,137.0,130.0
2019-02-12,0.0,1.48,137.0,,4782,0,134.0,137.0,131.0
2019-02-11,0.0,1.5,135.0,,4859,0,135.0,136.0,131.0
2019-02-10,0.0,-2.92,133.0,,11812,0,136.0,137.0,130.0
2019-02-07,0.0,-1.44,137.0,,12726,0,138.0,139.0,134.0
2019-02-06,0.0,-0.71,139.0,,2252,0,138.0,140.0,138.0
2019-02-05,0.0,0.72,140.0,,6005,0,137.0,140.0,137.0
2019-02-04,0.0,-1.42,139.0,,19780,0,143.0,143.0,137.0
2019-02-03,0.0,0.0,141.0,,8593,0,140.0,142.0,137.0
2019-01-31,0.0,-2.08,141.0,,9361,0,144.0,144.0,140.0
2019-01-30,0.0,0.7,144.0,,10097,0,143.0,144.0,140.0
2019-01-29,0.0,0.7,143.0,,13887,0,142.0,143.0,140.0
2019-01-28,0.0,-0.7,142.0,,2809,0,143.0,144.0,142.0
2019-01-27,0.0,-2.05,143.0,,10205,0,146.0,146.0,141.0
2019-01-24,0.0,-1.35,146.0,,17048,0,148.0,148.0,143.0
2019-01-23,0.0,-0.67,148.0,,11589,0,149.0,151.0,144.0
2019-01-22,0.0,1.36,149.0,,19259,0,147.0,149.0,144.0
2019-01-21,0.0,-3.92,147.0,,14688,0,153.0,152.0,144.0
2019-01-20,0.0,0.66,153.0,,5762,0,152.0,153.0,149.0
2019-01-17,0.0,-1.3,152.0,,33108,0,154.0,154.0,148.0
2019-01-16,0.0,-1.91,154.0,,1612,0,157.0,157.0,151.0
2019-01-15,0.0,5.37,157.0,,21772,0,149.0,157.0,149.0
2019-01-14,0.0,-3.25,149.0,,10127,0,154.0,154.0,149.0
2019-01-13,0.0,0.65,154.0,,11369,0,153.0,156.0,150.0
2019-01-10,0.0,-0.65,153.0,,19087,0,154.0,156.0,151.0
2019-01-09,0.0,1.32,154.0,,18678,0,152.0,157.0,150.0
2019-01-08,0.0,-3.18,152.0,,15975,0,157.0,159.0,150.0
2019-01-07,0.0,3.29,157.0,,13571,0,152.0,157.0,152.0
2019-01-06,0.0,-3.18,152.0,,5640,0,157.0,160.0,152.0
2019-01-03,0.0,2.61,157.0,,53154,0,153.0,162.0,152.0
2019-01-02,0.0,0.0,153.0,,12066,0,153.0,155.0,150.0
2019-01-01,0.0,0.0,153.0,,19960,0,153.0,155.0,148.0
2018-12-31,0.0,-2.55,153.0,,11857,0,149.52,157.0,147.0
2018-12-27,0.0,-1.27,155.0,,34286,0,157.0,161.0,148.0
2018-12-26,0.0,1.95,157.0,,35347,0,154.0,160.0,151.0
2018-12-25,0.0,-1.91,154.0,,1721,0,157.0,157.0,152.0
2018-12-24,0.0,-1.87,157.0,,17392,0,160.0,163.0,153.0
2018-12-23,0.0,2.56,160.0,,39336,0,156.0,165.0,150.0
2018-12-20,0.0,1.3,156.0,,29180,0,154.0,159.0,154.0
2018-12-19,0.0,1.32,154.0,,9454,0,152.0,157.0,151.0
2018-12-18,0.0,-5.0,152.0,,24874,0,160.0,160.0,151.0
2018-12-17,0.0,5.26,160.0,,26200,0,152.0,162.0,149.0
2018-12-16,0.0,2.01,152.0,,15071,0,149.0,152.0,149.0
2018-12-13,0.0,1.36,149.0,,7650,0,147.0,149.0,145.0
2018-12-12,0.0,-0.68,147.0,,4156,0,148.0,148.0,146.0
2018-12-11,0.0,0.0,148.0,,4636,0,148.0,150.0,145.0
2018-12-10,0.0,0.0,148.0,,8105,0,148.0,148.0,145.0
2018-12-09,0.0,-0.67,148.0,,15170,0,149.0,150.0,144.0
2018-12-06,0.0,5.67,149.0,,15568,0,141.0,149.0,141.0
2018-12-04,0.0,1.38,147.0,,5129,0,145.0,147.0,142.0
2018-12-03,0.0,2.11,145.0,,13976,0,142.0,148.0,142.0
2018-12-02,0.0,-1.23,142.0,,8489,0,143.77,144.0,140.0
2018-11-29,0.0,-2.77,143.0,,4317,0,147.08,147.08,143.0
2018-11-28,0.0,2.12,149.0,,17415,0,145.91,150.0,143.0
2018-11-27,0.0,4.87,147.0,,13666,0,140.18,147.0,138.0
2018-11-26,0.0,2.9,142.0,,20816,0,138.0,143.0,138.0
2018-11-25,0.0,-4.13,138.0,,15220,0,143.95,146.0,138.0
2018-11-22,0.0,-2.72,143.0,,4338,0,147.0,149.0,143.0
2018-11-21,0.0,0.0,147.0,,7414,0,147.0,147.0,145.0
2018-11-20,0.0,0.0,147.0,,12851,0,147.0,148.0,144.0
2018-11-19,0.0,-1.34,147.0,,19318,0,149.0,150.0,147.0
2018-11-18,0.0,-0.66,150.0,,22836,0,151.0,154.0,145.0
2018-11-15,0.0,2.0,153.0,,26284,0,150.0,158.0,148.0
2018-11-14,0.0,2.74,150.0,,25293,0,146.0,150.0,141.0
2018-11-05,0.0,0.0,176.0,,9845,0,176.0,189.0,176.0
2018-11-04,0.0,-2.22,176.0,,7964,0,178.0,184.0,176.0
2018-11-01,0.0,-8.63,180.0,,39698,0,195.0,195.0,179.0
2018-10-31,0.0,-1.99,198.0,,5436,0,201.0,202.0,197.0
2018-10-30,0.0,-4.74,201.0,,12078,0,210.0,215.0,198.0
2018-10-29,0.0,-1.86,211.0,,7411,0,215.0,218.0,210.0
2018-10-28,0.0,-4.02,216.0,,7115,0,224.0,224.0,214.0
2018-10-25,0.0,-0.44,224.0,,2338,0,225.0,229.0,224.0
2018-10-24,0.0,-1.75,225.0,,8418,0,227.0,229.0,225.0
2018-10-23,0.0,-0.43,229.0,,1168,0,228.0,230.0,228.0
2018-10-22,0.0,0.0,230.0,,1496,0,233.0,233.0,228.0
2018-10-21,0.0,-0.43,230.0,,1406,0,230.0,235.0,230.0
2018-10-15,0.0,-1.28,231.0,,5756,0,230.0,233.0,230.0
2018-10-14,0.0,0.0,234.0,,1681,0,230.0,234.0,230.0
2018-10-11,0.0,0.0,230.0,,2455,0,232.0,234.0,230.0
2018-10-10,0.0,1.74,234.0,,1880,0,227.0,234.0,227.0
2018-10-09,0.0,-2.13,230.0,,8437,0,239.0,239.0,227.0
2018-10-08,0.0,-1.26,236.0,,3667,0,234.0,239.0,233.0
2018-10-07,0.0,-2.06,238.0,,4547,0,239.0,242.0,234.0
2018-10-04,0.0,-1.62,243.0,,3001,0,243.0,247.0,241.0
2018-10-03,0.0,-1.2,247.0,,7175,0,250.0,250.0,243.0
2018-10-02,0.0,0.0,250.0,,6121,0,246.0,252.0,244.0
2018-10-01,0.0,-3.47,250.0,,7807,0,259.0,260.0,245.0
2018-09-30,0.0,1.97,259.0,,5277,0,254.0,259.0,250.0
2018-09-27,0.0,-2.31,254.0,,5565,0,255.0,258.0,250.0
2018-09-26,0.0,0.39,260.0,,5192,0,263.0,263.0,257.0
2018-09-25,0.0,-3.0,259.0,,5936,0,262.0,268.0,257.0
2018-09-23,0.0,-0.37,265.0,,4472,0,264.0,267.0,261.0
2018-09-20,0.0,0.37,268.0,,16887,0,272.0,282.0,257.0
2018-09-18,0.0,6.8,267.0,,9061,0,250.0,269.0,250.0
2018-09-17,0.0,-1.96,250.0,,1236,0,250.0,256.0,250.0
2018-09-16,0.0,0.39,255.0,,6564,0,257.0,257.0,250.0
2018-09-13,0.0,1.6,254.0,,3115,0,245.0,255.0,245.0
2018-09-12,0.0,-1.19,250.0,,4530,0,248.0,251.0,248.0
2018-09-11,0.0,-0.39,253.0,,2357,0,250.0,255.0,248.0
2018-09-10,0.0,0.4,254.0,,2021,0,250.0,254.0,250.0
2018-09-09,0.0,-2.69,254.0,,469,0,257.0,257.0,253.0
2018-09-06,0.0,-1.14,259.0,,6272,0,261.0,263.0,255.0
2018-09-05,0.0,1.15,263.0,,5646,0,255.0,265.0,255.0
2018-09-04,0.0,0.0,260.0,,1382,0,257.0,260.0,255.0
2018-09-03,0.0,1.56,260.0,,4745,0,257.0,261.0,254.0
2018-09-02,0.0,1.19,256.0,,3028,0,252.0,260.0,252.0
2018-08-30,0.0,0.4,253.0,,4205,0,252.0,255.0,250.0
2018-08-29,0.0,-2.33,252.0,,3228,0,262.0,262.0,250.0
2018-08-28,0.0,-0.77,258.0,,7473,0,255.0,260.0,251.0
2018-08-26,0.0,0.0,260.0,,1208,0,262.0,262.0,255.0
2018-08-23,0.0,-1.89,260.0,,1709,0,266.0,267.0,260.0
2018-08-22,0.0,1.53,264.0,,1036,0,256.0,265.0,256.0
2018-08-21,0.0,-3.33,261.0,,756,0,265.0,265.0,255.0
2018-08-20,0.0,1.5,269.0,,1597,0,264.0,270.0,258.0
2018-08-19,0.0,0.0,266.0,,736,0,262.0,266.0,261.0
2018-08-16,0.0,-3.27,266.0,,7328,0,270.0,270.0,265.0
2018-08-15,0.0,4.17,275.0,,6067,0,265.0,275.0,256.0
2018-08-14,0.0,1.15,264.0,,1610,0,266.0,266.0,258.0
2018-08-13,0.0,1.16,261.0,,2175,0,253.0,261.0,253.0
2018-08-12,0.0,-1.15,258.0,,3596,0,265.0,269.0,256.0
2018-08-09,0.0,-1.51,261.0,,2728,0,260.0,261.0,256.0
2018-08-08,0.0,0.76,270.0,,322,0,265.0,265.0,261.0
2018-08-07,0.0,-2.59,263.0,,2308,0,265.0,266.0,263.0
2018-08-06,0.0,-0.37,270.0,,964,0,271.0,271.0,266.0
2018-08-05,0.0,0.0,271.0,,4476,0,266.0,271.0,266.0
2018-08-02,0.0,-0.37,271.0,,314,0,270.0,271.0,268.0
2018-08-01,0.0,0.37,272.0,,1763,0,266.0,276.0,266.0
2018-07-31,0.0,-1.09,271.0,,1233,0,274.0,274.0,269.0
2018-07-30,0.0,0.0,274.0,,3689,0,273.0,274.0,269.0
2018-07-29,0.0,1.48,273.0,,2576,0,275.0,280.0,270.0
2018-07-26,0.0,-2.88,270.0,,3135,0,273.0,273.0,270.0
2018-07-25,0.0,0.0,278.0,,7218,0,273.0,278.0,271.0
2018-07-24,0.0,0.36,278.0,,6502,0,280.0,287.0,276.0
2018-07-23,0.0,0.73,277.0,,194,0,275.0,280.0,275.0
2018-07-22,0.0,-2.83,275.0,,4034,0,283.0,283.0,275.0
2018-07-19,0.0,-1.74,283.0,,2148,0,284.0,290.0,282.0
2018-07-18,0.0,-0.35,288.0,,131,0,289.0,289.0,285.0
2018-07-17,0.0,1.76,289.0,,1211,0,285.0,289.0,285.0
2018-07-16,0.0,-0.35,284.0,,688,0,285.0,294.0,281.0
2018-07-15,0.0,0.0,285.0,,2922,0,284.0,290.0,283.0
2018-07-12,0.0,-2.06,285.0,,4929,0,286.0,292.0,285.0
2018-07-11,0.0,-1.69,293.0,,3338,0,295.0,301.0,291.0
2018-07-10,0.0,1.02,296.0,,1822,0,293.0,298.0,290.0
2018-07-09,0.0,-3.3,293.0,,1812,0,299.0,299.0,290.0
2018-07-08,0.0,2.71,303.0,,5244,0,291.0,306.0,291.0
2018-07-05,0.0,3.51,295.0,,5724,0,285.0,307.0,285.0
2018-07-04,0.0,2.52,284.0,,2602,0,274.0,290.0,274.0
2018-07-03,0.0,-0.71,278.0,,832,0,275.0,283.0,275.0
2018-07-02,0.0,-0.71,280.0,,804,0,278.0,280.0,275.0
2018-07-01,0.0,-1.05,282.0,,3367,0,285.0,285.0,280.0
2018-06-28,0.0,0.0,285.0,,3881,0,282.0,290.0,282.0
2018-06-27,0.0,0.0,285.0,,2588,0,283.0,300.0,283.0
2018-06-26,0.0,-4.04,285.0,,2135,0,300.0,300.0,283.0
2018-06-25,0.0,-0.34,297.0,,1772,0,293.0,298.0,289.0
2018-06-24,0.0,1.02,298.0,,1410,0,290.0,300.0,290.0
2018-06-21,0.0,-1.01,295.0,,1938,0,300.0,305.0,294.0
2018-06-20,0.0,-2.93,298.0,,328,0,301.0,301.0,298.0
2018-06-19,0.0,0.0,304.0,,1017,0,307.0,313.0,301.0
2018-06-18,0.0,-0.32,307.0,,1394,0,302.0,307.0,295.0
2018-06-17,0.0,-3.45,308.0,,3008,0,318.0,318.0,300.0
2018-06-14,0.0,7.77,319.0,,3878,0,301.0,319.0,295.0
2018-06-13,0.0,1.72,296.0,,4515,0,291.0,300.0,290.0
2018-06-12,0.0,-1.02,291.0,,4694,0,289.0,301.0,284.0
2018-06-11,0.0,2.44,294.0,,8155,0,285.0,300.0,283.0
2018-06-10,0.0,-4.33,287.0,,5680,0,300.0,304.0,286.0
2018-06-07,0.0,-1.96,300.0,,8205,0,301.0,302.0,295.0
2018-06-06,0.0,3.03,306.0,,4232,0,302.0,320.0,302.0
2018-06-04,0.0,-1.98,297.0,,4253,0,297.0,301.0,292.0
2018-06-03,0.0,-2.88,303.0,,5490,0,306.0,310.0,300.0
2018-05-31,0.0,-3.41,312.0,,6620,0,324.0,324.0,305.0
2018-05-30,0.0,0.62,324.0,,3923,0,321.0,330.0,321.0
2018-05-29,0.0,-2.13,321.0,,3476,0,325.0,327.0,314.0
2018-05-28,0.0,5.81,328.0,,7004,0,310.0,328.0,295.0
2018-05-27,0.0,-4.62,312.0,,5440,0,325.0,325.0,310.0
2018-05-24,0.0,0.31,325.0,,2260,0,324.0,332.0,324.0
2018-05-23,0.0,-2.41,324.0,,1101,0,326.0,335.0,324.0
2018-05-22,0.0,-0.89,333.0,,1793,0,330.0,335.0,330.0
2018-05-21,0.0,-0.3,337.0,,3869,0,333.0,345.0,333.0
2018-05-20,0.0,-0.3,336.0,,870,0,337.0,340.0,332.0
2018-05-17,0.0,-0.88,337.0,,3035,0,340.0,346.0,335.0
2018-05-16,0.0,1.49,335.0,,2120,0,329.0,341.0,329.0
2018-05-15,0.0,-0.89,335.0,,444,0,340.0,340.0,335.0
2018-05-14,0.0,0.0,338.0,,2714,0,335.0,342.0,335.0
2018-05-10,0.0,-2.87,338.0,,6058,0,348.0,354.0,336.0
2018-05-09,0.0,-0.57,348.0,,1864,0,350.0,369.0,344.0
2018-05-08,0.0,0.29,350.0,,2278,0,350.0,350.0,337.0
2018-05-07,0.0,0.29,349.0,,5616,0,348.0,355.0,344.0
2018-05-06,0.0,-1.97,349.0,,2702,0,355.0,355.0,347.0
2018-05-03,0.0,-0.84,355.0,,5538,0,360.0,360.0,348.0
2018-05-02,0.0,4.68,358.0,,4047,0,342.0,358.0,330.0
2018-04-29,0.0,-2.29,342.0,,6097,0,350.0,350.0,340.0
2018-04-26,0.0,-3.58,350.0,,6381,0,360.0,370.0,346.0
2018-04-25,0.0,0.83,363.0,,4185,0,356.0,370.0,352.0
2018-04-24,0.0,-0.28,360.0,,9612,0,364.0,372.0,342.0
2018-04-23,0.0,-2.96,361.0,,32366,0,379.0,400.0,358.0
2018-04-22,0.0,9.73,372.0,,16370,0,339.0,372.0,345.0
2018-04-19,0.0,5.94,339.0,,25085,0,326.0,345.0,314.0
2018-04-18,0.0,4.58,320.0,,22627,0,300.0,336.0,300.0
2018-04-17,0.0,2.34,306.0,,4431,0,299.0,310.0,295.0
2018-04-16,0.0,3.1,298.0,,9586,0,290.0,299.0,290.0
2018-04-15,0.0,1.4,290.0,,2444,0,286.0,291.0,281.0
2018-04-12,0.0,0.35,287.0,,3471,0,285.0,290.0,285.0
2018-04-11,0.0,1.79,285.0,,3570,0,284.0,285.0,279.0
2018-04-10,0.0,1.08,280.0,,3493,0,275.0,280.0,270.0
2018-04-09,0.0,-2.81,277.0,,9461,0,290.0,295.0,270.0
2018-04-08,0.0,3.26,285.0,,6637,0,275.0,300.0,275.0
2018-04-05,0.0,0.73,276.0,,4628,0,279.0,285.0,273.0
2018-04-04,0.0,-0.72,274.0,,4705,0,273.0,278.0,270.0
2018-04-03,0.0,3.37,276.0,,747,0,272.0,278.0,270.0
2018-04-02,0.0,-0.37,267.0,,2065,0,263.0,274.0,263.0
2018-04-01,0.0,-3.94,268.0,,2679,0,279.0,279.0,259.0
2018-03-29,0.0,7.31,279.0,,8252,0,262.0,279.0,262.0
2018-03-28,0.0,-0.76,260.0,,5892,0,265.0,265.0,257.0
2018-03-27,0.0,3.15,262.0,,5128,0,254.0,265.0,246.0
2018-03-26,0.0,-6.27,254.0,,8917,0,266.0,266.0,248.0
2018-03-22,0.0,-3.21,271.0,,3183,0,275.0,284.0,259.0
2018-03-21,0.0,0.0,274.0,,8186,0,285.0,285.0,252.0
2018-03-20,0.0,1.45,280.0,,15593,0,271.0,285.0,249.0
2018-03-19,0.0,-9.8,276.0,,16667,0,300.0,300.0,276.0
2018-03-18,0.0,-10.0,306.0,,17383,0,334.0,334.0,306.0
2018-03-15,0.0,-1.73,340.0,,1030,0,340.0,340.0,340.0
2018-03-14,0.0,3.9,346.0,,1704,0,333.0,351.0,333.0
2018-03-13,0.0,-0.6,333.0,,967,0,329.0,338.0,325.0
2018-03-12,0.0,-0.59,335.0,,782,0,337.0,337.0,325.0
2018-03-11,0.0,-4.8,337.0,,644,0,354.0,355.0,336.0
2018-03-07,0.0,2.61,354.0,,999,0,345.0,354.0,343.0
2018-03-06,0.0,1.77,345.0,,1298,0,333.0,345.0,321.0
2018-03-04,0.0,-0.54,367.0,,1427,0,369.0,370.0,337.0
2018-02-28,0.0,-2.89,369.0,,2460,0,373.0,373.0,362.0
2018-02-27,0.0,0.0,380.0,,1002,0,375.0,380.0,369.0
2018-02-26,0.0,1.88,380.0,,1860,0,370.0,380.0,366.0
2018-02-25,0.0,-1.58,374.0,,446,0,373.0,374.0,367.0
2018-02-22,0.0,1.33,380.0,,664,0,370.0,380.0,364.0
2018-02-21,0.0,-3.6,377.0,,454,0,389.0,389.0,375.0
2018-02-20,0.0,0.52,389.0,,431,0,380.0,389.0,377.0
2018-02-18,0.0,-3.25,387.0,,556,0,400.0,408.0,386.0
2018-02-15,0.0,5.82,400.0,,3540,0,378.0,400.0,378.0
2018-02-14,0.0,0.8,378.0,,1581,0,368.0,378.0,367.0
2018-02-12,0.0,0.0,375.0,,110,0,368.0,375.0,365.0
2018-02-11,0.0,-1.32,375.0,,844,0,384.0,384.0,373.0
2018-02-08,0.0,-0.26,380.0,,407,0,386.0,386.0,374.0
2018-02-07,0.0,0.0,381.0,,267,0,374.0,381.0,374.0
2018-02-06,0.0,-0.26,381.0,,1347,0,380.0,382.0,374.0
2018-02-05,0.0,-0.26,382.0,,609,0,390.0,392.0,380.0
2018-02-04,0.0,-2.3,383.0,,364,0,390.0,390.0,383.0
2018-02-01,0.0,0.26,392.0,,837,0,393.0,393.0,387.0
2018-01-31,0.0,-0.26,391.0,,720,0,385.0,391.0,383.0
2018-01-29,0.0,2.62,392.0,,1155,0,377.0,392.0,377.0
2018-01-28,0.0,-1.29,382.0,,662,0,385.0,386.0,380.0
2018-01-25,0.0,-1.02,387.0,,997,0,392.0,392.0,381.0
2018-01-24,0.0,1.82,391.0,,987,0,391.0,391.0,385.0
2018-01-23,0.0,-3.27,385.0,,576,0,390.0,390.0,381.0
2018-01-22,0.0,0.51,397.0,,919,0,391.0,405.0,384.0
2018-01-21,0.0,-2.47,395.0,,875,0,405.0,410.0,394.0
2018-01-17,0.0,-3.57,405.0,,893,0,418.0,420.0,405.0
2018-01-16,0.0,-1.18,420.0,,318,0,418.0,420.0,418.0
2018-01-14,0.0,0.47,425.0,,1286,0,423.0,428.0,420.0
2018-01-10,0.0,-0.47,423.0,,525,0,420.0,423.0,419.0
2018-01-09,0.0,-0.7,425.0,,1408,0,428.0,432.0,413.0
2018-01-08,0.0,-0.47,428.0,,1656,0,422.0,429.0,418.0
2018-01-07,0.0,-1.15,430.0,,2689,0,435.0,430.0,426.0
2018-01-04,0.0,5.38,470.0,,7975,0,450.0,470.0,445.0
2018-01-03,0.0,-1.33,447.0,,3258,0,455.0,455.0,446.0
2018-01-02,0.0,-1.53,452.0,,2834,0,460.0,460.0,443.0
2018-01-01,0.0,2.0,459.0,,1856,0,443.0,459.0,443.0
2017-12-31,0.0,-1.1,450.0,,5055,0,456.0,456.0,437.0
2017-12-28,0.0,-0.44,456.0,,2188,0,463.0,463.0,450.0
2017-12-27,0.0,0.44,457.0,,2382,0,450.0,457.0,440.0
2017-12-26,0.0,0.0,455.0,,3590,0,457.0,464.0,450.0
2017-12-24,0.0,-0.22,455.0,,4887,0,465.0,478.0,455.0
2017-12-21,0.0,-1.72,454.0,,1947,0,463.0,463.0,453.0
2017-12-20,0.0,-0.22,464.0,,2275,0,465.0,472.0,446.0
2017-12-19,0.0,-1.06,465.0,,2784,0,469.0,469.0,458.0
2017-12-18,0.0,-1.67,470.0,,5565,0,478.0,478.0,466.0
2017-12-17,0.0,-0.42,476.0,,2615,0,471.0,478.0,465.0
2017-12-14,0.0,0.2,490.0,,100,0,490.0,490.0,490.0
2017-12-13,0.0,2.73,489.0,,2027,0,468.0,489.0,467.0
2017-12-12,0.0,-1.86,476.0,,2091,0,480.0,485.0,476.0
2017-12-11,0.0,0.0,483.0,,1507,0,476.0,485.0,476.0
2017-12-10,0.0,-1.62,485.0,,1676,0,493.0,493.0,482.0
2017-12-06,0.0,1.44,493.0,,6570,0,482.0,494.0,480.0
2017-12-05,0.0,0.21,486.0,,1725,0,478.0,493.0,478.0
2017-12-04,0.0,-1.02,485.0,,5927,0,490.0,490.0,481.0
2017-11-30,0.0,-3.92,490.0,,15420,0,510.0,510.0,472.0
2017-11-29,0.0,-0.78,510.0,,3727,0,513.0,520.0,507.0
2017-11-28,0.0,2.8,514.0,,2041,0,500.0,515.0,500.0
2017-11-27,0.0,-1.38,500.0,,5366,0,517.0,517.0,497.0
2017-11-26,0.0,-0.98,507.0,,3453,0,512.0,513.0,495.0
2017-11-23,0.0,2.4,512.0,,4097,0,500.0,513.0,503.0
2017-11-22,0.0,3.09,500.0,,3431,0,480.0,512.0,480.0
2017-11-21,0.0,0.83,485.0,,1050,0,490.0,490.0,485.0
2017-11-20,0.0,-1.23,482.0,,2341,0,490.0,490.0,481.0
2017-11-19,0.0,-2.4,487.0,,403,0,499.0,491.0,482.0
2017-11-16,0.0,0.81,499.0,,1769,0,490.0,500.0,490.0
2017-11-15,0.0,-3.51,495.0,,5174,0,507.0,517.0,495.0
2017-11-14,0.0,3.64,513.0,,8815,0,495.0,513.0,491.0
2017-11-13,0.0,-1.0,495.0,,3205,0,495.0,495.0,482.0
2017-11-12,0.0,3.73,500.0,,586,0,482.0,500.0,482.0
2017-11-09,0.0,-1.63,482.0,,2213,0,482.0,499.0,473.0
2017-11-08,0.0,-1.01,490.0,,1930,0,486.0,499.0,484.0
2017-11-07,0.0,-3.88,495.0,,3987,0,511.0,512.0,495.0
2017-11-06,0.0,0.0,515.0,,3519,0,515.0,530.0,495.0
2017-11-05,0.0,-0.58,510.0,,4955,0,515.0,515.0,493.0
2017-11-02,0.0,-0.19,518.0,,2360,0,510.0,528.0,510.0
2017-11-01,0.0,-2.07,519.0,,3483,0,528.0,528.0,515.0
2017-10-31,0.0,-1.85,530.0,,3613,0,540.0,540.0,527.0
2017-10-30,0.0,0.0,540.0,,1153,0,535.0,550.0,535.0
2017-10-29,0.0,-0.18,540.0,,1792,0,550.0,555.0,537.0
2017-10-25,0.0,-1.64,542.0,,2318,0,553.0,554.0,541.0
2017-10-24,0.0,-1.26,550.0,,1482,0,557.0,554.0,548.0
2017-10-23,0.0,-0.71,557.0,,3740,0,561.0,570.0,547.0
2017-10-22,0.0,1.08,561.0,,453,0,566.0,571.0,560.0
2017-10-18,0.0,0.91,555.0,,1937,0,540.0,561.0,540.0
2017-10-17,0.0,-2.14,550.0,,6798,0,552.0,573.0,547.0
2017-10-16,0.0,2.93,559.0,,915,0,545.0,562.0,545.0
2017-10-15,0.0,-0.36,546.0,,466,0,547.0,550.0,542.0
2017-10-12,0.0,1.67,548.0,,2357,0,545.0,557.0,545.0
2017-10-11,0.0,-2.18,539.0,,2844,0,550.0,560.0,539.0
2017-10-10,0.0,-1.61,551.0,,904,0,563.0,565.0,550.0
2017-10-09,0.0,0.0,560.0,,1214,0,555.0,563.0,541.0
2017-10-08,0.0,-1.75,560.0,,1417,0,565.0,565.0,541.0
2017-10-04,0.0,-1.89,570.0,,284,0,576.0,576.0,570.0
2017-10-03,0.0,1.93,575.0,,384,0,570.0,581.0,565.0
2017-09-26,0.0,-0.7,570.0,,1039,0,574.0,579.0,567.0
2017-09-25,0.0,-1.03,574.0,,2257,0,575.0,581.0,570.0
2017-09-24,0.0,1.75,580.0,,4589,0,561.0,583.0,561.0
2017-09-20,0.0,-2.56,570.0,,3725,0,596.0,596.0,564.0
2017-09-18,0.0,0.17,585.0,,1480,0,595.0,598.0,566.0
2017-09-17,0.0,-0.85,584.0,,1939,0,590.0,595.0,582.0
2017-09-14,0.0,3.88,589.0,,8750,0,560.0,593.0,557.0
2017-09-13,0.0,1.25,567.0,,8663,0,571.0,579.0,557.0
2017-09-12,0.0,-1.75,560.0,,6364,0,570.0,581.0,560.0
2017-09-11,0.0,0.88,570.0,,1553,0,565.0,597.0,550.0
2017-09-10,0.0,-3.25,565.0,,3378,0,595.0,600.0,564.0
2017-09-07,0.0,-5.04,584.0,,4880,0,603.0,614.0,584.0
2017-09-06,0.0,2.33,615.0,,2540,0,600.0,615.0,588.0
2017-09-04,0.0,-1.48,601.0,,4327,0,618.0,618.0,594.0
2017-08-31,0.0,-1.61,610.0,,6652,0,620.0,620.0,605.0
2017-08-30,0.0,-1.12,620.0,,4150,0,616.0,627.0,615.0
2017-08-28,0.0,-0.95,627.0,,5730,0,621.0,642.0,617.0
2017-08-27,0.0,0.32,633.0,,2603,0,631.0,634.0,620.0
2017-08-24,0.0,1.12,631.0,,2287,0,624.0,636.0,613.0
2017-08-23,0.0,-0.95,624.0,,4533,0,633.0,633.0,613.0
2017-08-22,0.0,-0.63,630.0,,3442,0,622.0,645.0,617.0
2017-08-21,0.0,-0.16,634.0,,2156,0,623.0,634.0,617.0
2017-08-20,0.0,-1.4,635.0,,4893,0,635.0,644.0,634.0
2017-08-17,0.0,-2.42,644.0,,3683,0,673.0,673.0,635.0
2017-08-16,0.0,-0.6,660.0,,6790,0,669.0,669.0,641.0
2017-08-15,0.0,2.47,661.0,,8583,0,636.0,664.0,626.0
2017-08-13,0.0,0.62,648.0,,9311,0,640.0,653.0,638.0
2017-08-10,0.0,0.15,644.0,,4716,0,634.0,645.0,629.0
2017-08-09,0.0,0.47,643.0,,5551,0,640.0,652.0,640.0
2017-08-07,0.0,-1.84,640.0,,3707,0,650.0,652.0,635.0
2017-08-06,0.0,-0.46,652.0,,5719,0,655.0,668.0,650.0
2017-08-03,0.0,-2.09,655.0,,11636,0,669.0,670.0,655.0
2017-08-02,0.0,1.67,669.0,,25467,0,650.0,683.0,650.0
2017-08-01,0.0,4.61,658.0,,29521,0,617.0,670.0,617.0
2017-07-31,0.0,3.8,629.0,,8278,0,600.0,630.0,600.0
2017-07-30,0.0,-2.26,606.0,,8378,0,610.0,620.0,596.0
2017-07-27,0.0,-1.27,620.0,,5539,0,620.0,630.0,620.0
2017-07-26,0.0,2.61,628.0,,13378,0,610.0,629.0,608.0
2017-07-25,0.0,2.51,612.0,,10425,0,600.0,612.0,600.0
2017-07-24,0.0,-1.65,597.0,,5578,0,601.0,605.0,593.0
2017-07-23,0.0,-0.98,607.0,,6349,0,610.0,620.0,605.0
2017-07-20,0.0,-0.81,613.0,,17497,0,630.0,636.0,589.0
2017-07-19,0.0,9.96,618.0,,27032,0,562.0,618.0,562.0
2017-07-18,0.0,1.44,562.0,,1224,0,555.0,562.0,551.0
2017-07-17,0.0,0.36,554.0,,938,0,552.0,554.0,541.0
2017-07-16,0.0,1.28,552.0,,2621,0,548.0,560.0,545.0
2017-07-13,0.0,-2.15,545.0,,2220,0,550.0,556.0,545.0
2017-07-12,0.0,-1.94,557.0,,1363,0,568.0,570.0,555.0
2017-07-11,0.0,1.43,568.0,,3046,0,560.0,575.0,554.0
2017-07-10,0.0,0.9,560.0,,1483,0,550.0,560.0,550.0
2017-07-09,0.0,0.0,555.0,,1800,0,555.0,566.0,544.0
2017-07-06,0.0,0.91,555.0,,965,0,560.0,560.0,547.0
2017-07-05,0.0,0.55,550.0,,601,0,540.0,555.0,540.0
2017-07-04,0.0,-0.54,555.0,,849,0,559.0,559.0,539.0
2017-07-03,0.0,0.18,550.0,,1514,0,549.0,562.0,548.0
2017-07-02,0.0,0.37,549.0,,1793,0,547.0,550.0,535.0
2017-06-28,0.0,-0.91,547.0,,2745,0,553.0,560.0,538.0
2017-06-27,0.0,-0.36,552.0,,1429,0,549.0,558.0,545.0
2017-06-25,0.0,-0.18,554.0,,973,0,555.0,556.0,540.0
2017-06-22,0.0,0.36,555.0,,3492,0,554.0,561.0,550.0
2017-06-21,0.0,-0.9,553.0,,1833,0,553.0,559.0,549.0
2017-06-20,0.0,0.36,558.0,,1680,0,549.0,571.0,546.0
2017-06-19,0.0,0.36,556.0,,780,0,555.0,556.0,539.0
2017-06-18,0.0,-1.95,554.0,,2195,0,565.0,557.0,552.0
2017-06-15,0.0,0.18,565.0,,3120,0,563.0,575.0,553.0
2017-06-14,0.0,0.71,564.0,,265,0,570.0,570.0,550.0
2017-06-13,0.0,0.72,560.0,,2058,0,560.0,560.0,550.0
2017-06-12,0.0,-2.46,556.0,,3046,0,560.0,562.0,550.0
2017-06-11,0.0,0.88,570.0,,4076,0,574.0,575.0,560.0
2017-06-08,0.0,-0.35,565.0,,1021,0,560.0,571.0,560.0
2017-06-07,0.0,-1.05,567.0,,1473,0,562.0,573.0,562.0
2017-06-06,0.0,0.88,573.0,,1618,0,575.0,578.0,565.0
2017-06-05,0.0,0.53,568.0,,1108,0,572.0,574.0,554.0
2017-06-04,0.0,-1.22,565.0,,2835,0,561.0,575.0,551.0
2017-06-01,0.0,0.35,572.0,,1347,0,565.0,572.0,560.0
2017-05-31,0.0,2.33,570.0,,839,0,557.0,582.0,554.0
2017-05-30,0.0,-3.8,557.0,,3971,0,569.0,580.0,554.0
2017-05-28,0.0,-1.19,579.0,,3416,0,575.0,580.0,554.0
2017-05-24,0.0,1.91,586.0,,1484,0,575.0,586.0,551.0
2017-05-23,0.0,-0.86,575.0,,2474,0,569.0,586.0,563.0
2017-05-22,0.0,-0.85,580.0,,3642,0,585.0,585.0,564.0
2017-05-21,0.0,0.17,583.0,,2924,0,575.0,585.0,575.0
2017-05-18,0.0,-0.51,584.0,,4203,0,587.0,585.0,575.0
2017-05-17,0.0,-0.17,587.0,,1315,0,598.0,598.0,580.0
2017-05-16,0.0,-1.67,588.0,,1445,0,595.0,595.0,580.0
2017-05-15,0.0,-0.33,598.0,,5806,0,612.0,612.0,592.0
2017-05-11,0.0,1.18,600.0,,6481,0,590.0,610.0,574.0
2017-05-09,0.0,8.81,593.0,,2282,0,545.0,593.0,546.0
2017-05-08,0.0,0.18,545.0,,1727,0,543.0,554.0,532.0
2017-05-07,0.0,-2.33,544.0,,3891,0,561.0,561.0,540.0
2017-05-04,0.0,-2.62,546.0,,1791,0,572.0,583.0,557.0
2017-05-03,0.0,2.14,572.0,,704,0,565.0,572.0,555.0
2017-05-02,0.0,0.54,560.0,,2630,0,565.0,569.0,557.0
2017-04-30,0.0,-0.54,561.0,,2302,0,555.0,572.0,550.0
2017-04-27,0.0,-0.18,560.0,,2372,0,558.0,570.0,547.0
2017-04-26,0.0,-0.36,561.0,,2127,0,552.0,570.0,552.0
2017-04-25,0.0,-1.23,563.0,,1107,0,570.0,570.0,560.0
2017-04-24,0.0,0.0,570.0,,6394,0,568.0,582.0,560.0
2017-04-23,0.0,0.35,570.0,,5028,0,579.0,590.0,570.0
2017-04-20,0.0,0.0,568.0,,3409,0,579.0,579.0,566.0
2017-04-19,0.0,0.18,568.0,,3520,0,567.0,580.0,563.0
2017-04-18,0.0,-2.91,570.0,,7770,0,584.0,584.0,557.0
2017-04-16,0.0,-5.04,584.0,,5971,0,610.0,636.0,584.0
2017-04-13,0.0,-3.15,616.0,,7534,0,623.0,645.0,606.0
2017-04-12,0.0,3.08,635.0,,14234,0,615.0,654.0,613.0
2017-04-11,0.0,10.0,616.0,,24863,0,571.0,616.0,571.0
2017-04-10,0.0,0.0,560.0,,4720,0,570.0,581.0,550.0
2017-04-09,0.0,2.38,560.0,,3142,0,555.0,560.0,530.0
2017-04-06,0.0,-1.44,547.0,,5454,0,555.0,567.0,530.0
2017-04-04,0.0,-2.63,555.0,,3974,0,559.0,560.0,550.0
2017-04-03,0.0,-1.72,570.0,,5071,0,581.0,592.0,549.0
2017-04-02,0.0,4.88,580.0,,2982,0,564.0,580.0,555.0
2017-03-30,0.0,-0.36,553.0,,8798,0,555.0,571.0,540.0
2017-03-29,0.0,-5.54,555.0,,9988,0,578.0,612.0,541.0
2017-03-28,0.0,9.89,578.0,,10318,0,526.0,578.0,536.0
2017-03-26,0.0,9.81,526.0,,18707,0,488.0,526.0,488.0
2017-03-23,0.0,9.86,479.0,,9365,0,436.0,479.0,436.0
2017-03-22,0.0,1.87,436.0,,5870,0,429.0,461.0,428.0
2017-03-21,0.0,-1.15,427.0,,4514,0,433.0,438.0,417.0
2017-03-20,0.0,1.17,433.0,,5259,0,428.0,436.0,412.0
2017-03-19,0.0,2.64,428.0,,2954,0,417.0,442.0,425.0
2017-03-16,0.0,-4.36,417.0,,694,0,428.0,428.0,417.0
2017-03-15,0.0,5.83,436.0,,2203,0,420.0,436.0,407.0
2017-03-14,0.0,-5.29,412.0,,4129,0,440.0,455.0,412.0
2017-03-13,0.0,7.41,435.0,,4251,0,413.0,439.0,410.0
2017-03-09,0.0,8.58,405.0,,8747,0,380.0,405.0,380.0
2017-03-07,0.0,7.18,373.0,,7869,0,354.0,375.0,345.0
2017-03-06,0.0,1.16,348.0,,1228,0,342.0,350.0,342.0
2017-03-05,0.0,1.78,344.0,,2081,0,335.0,348.0,335.0
2017-03-02,0.0,-3.43,338.0,,943,0,350.0,350.0,338.0
2017-03-01,0.0,4.17,350.0,,4175,0,340.0,351.0,334.0
2017-02-28,0.0,-4.0,336.0,,5625,0,345.0,346.0,328.0
2017-02-26,0.0,0.0,350.0,,1255,0,350.0,357.0,345.0
2017-02-23,0.0,-0.28,350.0,,612,0,348.0,350.0,345.0
2017-02-22,0.0,-2.5,351.0,,290,0,355.0,355.0,345.0
2017-02-21,0.0,1.98,360.0,,680,0,360.0,367.0,360.0
2017-02-20,0.0,-0.56,355.0,,866,0,362.0,362.0,352.0
2017-02-19,0.0,-2.2,355.0,,1854,0,363.0,363.0,349.0
2017-02-16,0.0,6.47,362.0,,4930,0,340.0,370.0,335.0
2017-02-15,0.0,7.59,340.0,,3322,0,316.0,341.0,312.0
2017-02-14,0.0,1.61,316.0,,1304,0,305.0,322.0,304.0
2017-02-13,0.0,3.32,305.0,,2979,0,302.0,312.0,300.0
2017-02-12,0.0,-4.44,301.0,,5452,0,309.0,310.0,298.0
2017-02-09,0.0,-7.35,315.0,,6685,0,335.0,335.0,315.0
2017-02-08,0.0,-4.49,341.0,,756,0,350.0,350.0,338.0
2017-02-07,0.0,-0.56,356.0,,536,0,358.0,362.0,355.0
2017-02-06,0.0,-0.56,358.0,,1179,0,353.0,358.0,346.0
2017-02-05,0.0,1.98,360.0,,1621,0,353.0,360.0,346.0
2017-02-02,0.0,-1.4,353.0,,2971,0,360.0,367.0,350.0
2017-02-01,0.0,8.16,358.0,,1874,0,333.0,358.0,333.0
2017-01-31,0.0,-2.07,331.0,,1546,0,335.0,357.0,325.0
2017-01-30,0.0,-9.87,338.0,,3742,0,375.0,375.0,338.0
2017-01-26,0.0,1.35,375.0,,1509,0,363.0,377.0,356.0
2017-01-25,0.0,-2.12,370.0,,1239,0,380.0,380.0,369.0
2017-01-24,0.0,-3.08,378.0,,3038,0,392.0,392.0,378.0
2017-01-23,0.0,3.45,390.0,,422,0,384.0,397.0,380.0
2017-01-22,0.0,-4.56,377.0,,1525,0,393.0,395.0,373.0
2017-01-19,0.0,0.0,395.0,,266,0,400.0,400.0,392.0
2017-01-18,0.0,1.28,395.0,,450,0,384.0,397.0,384.0
2017-01-17,0.0,-2.5,390.0,,1486,0,400.0,400.0,390.0
2017-01-16,0.0,1.27,400.0,,703,0,402.0,405.0,393.0
2017-01-15,0.0,-2.47,395.0,,923,0,400.0,403.0,395.0
2017-01-12,0.0,1.0,405.0,,972,0,409.0,409.0,400.0
2017-01-11,0.0,-0.99,401.0,,761,0,413.0,413.0,401.0
2017-01-10,0.0,0.0,405.0,,470,0,403.0,409.0,403.0
2017-01-09,0.0,1.25,405.0,,1831,0,405.0,409.0,401.0
2017-01-08,0.0,1.27,400.0,,1045,0,395.0,402.0,395.0
2017-01-05,0.0,-1.25,395.0,,1738,0,400.0,400.0,392.0
2017-01-04,0.0,-1.72,400.0,,2324,0,409.0,410.0,395.0
2017-01-03,0.0,0.49,407.0,,1623,0,405.0,407.0,396.0
2017-01-02,0.0,3.85,405.0,,4520,0,394.0,410.0,394.0
2017-01-01,0.0,-3.47,390.0,,1833,0,412.0,412.0,390.0
2016-12-29,0.0,4.12,404.0,,798,0,383.0,408.0,382.0
2016-12-28,0.0,0.52,388.0,,2516,0,393.0,408.0,381.0
2016-12-27,0.0,-2.28,386.0,,2409,0,402.0,402.0,379.0
2016-12-26,0.0,0.25,395.0,,3479,0,401.0,401.0,395.0
2016-12-22,0.0,-0.25,394.0,,1292,0,402.0,405.0,390.0
2016-12-21,0.0,-0.25,395.0,,849,0,403.0,408.0,389.0
2016-12-20,0.0,-2.22,396.0,,1951,0,400.0,402.0,386.0
2016-12-19,0.0,0.0,405.0,,1967,0,397.0,413.0,397.0
2016-12-18,0.0,-1.94,405.0,,2264,0,405.0,415.0,401.0
2016-12-15,0.0,-3.5,413.0,,3027,0,424.0,424.0,405.0
2016-12-14,0.0,2.64,428.0,,1646,0,425.0,428.0,404.0
2016-12-12,0.0,-3.47,417.0,,5002,0,424.0,425.0,394.0
2016-12-11,0.0,-9.81,432.0,,11281,0,480.0,480.0,432.0
2016-12-08,0.0,-5.71,479.0,,14797,0,517.0,517.0,469.0
2016-12-07,0.0,-0.2,508.0,,280,0,518.0,518.0,500.0
2016-12-06,0.0,0.0,509.0,,1515,0,510.0,510.0,492.0
2016-12-05,0.0,-2.12,509.0,,1140,0,511.0,511.0,478.0
2016-12-04,0.0,2.77,520.0,,3100,0,514.0,520.0,496.0
2016-12-01,0.0,-4.35,506.0,,3024,0,531.0,540.0,501.0
2016-11-30,0.0,7.96,529.0,,7470,0,490.0,530.0,480.0
2016-11-29,0.0,9.13,490.0,,6740,0,450.0,493.0,435.0
2016-11-28,0.0,0.67,449.0,,3591,0,454.0,454.0,413.0
2016-11-27,0.0,-9.9,446.0,,1824,0,495.0,495.0,446.0
2016-11-24,0.0,-1.79,495.0,,2454,0,514.0,525.0,477.0
2016-11-23,0.0,-4.0,504.0,,5650,0,525.0,529.0,496.0
2016-11-22,0.0,-2.96,525.0,,2242,0,540.0,550.0,511.0
2016-11-21,0.0,0.19,541.0,,296,0,550.0,561.0,540.0
2016-11-20,0.0,-1.64,540.0,,2830,0,559.0,570.0,514.0
2016-11-17,0.0,-3.51,550.0,,2134,0,580.0,580.0,549.0
2016-11-16,0.0,0.0,569.0,,2636,0,560.0,569.0,545.0
2016-11-15,0.0,-1.56,569.0,,573,0,589.0,590.0,563.0
2016-11-14,0.0,0.52,578.0,,341,0,586.0,597.0,565.0
2016-11-13,0.0,-0.35,575.0,,1503,0,580.0,580.0,570.0
2016-11-10,0.0,-0.52,577.0,,6077,0,585.0,594.0,574.0
2016-11-09,0.0,-3.33,580.0,,4109,0,600.0,600.0,580.0
2016-11-08,0.0,0.5,600.0,,1048,0,608.0,625.0,585.0
2016-11-07,0.0,-3.24,597.0,,1500,0,629.0,629.0,595.0
2016-11-03,0.0,5.47,615.0,,1892,0,592.0,617.0,581.0
2016-10-27,0.0,-0.85,585.0,,2132,0,590.0,590.0,579.0
2016-10-26,0.0,0.68,590.0,,4023,0,597.0,597.0,578.0
2016-10-25,0.0,-0.68,586.0,,1991,0,600.0,600.0,582.0
2016-10-24,0.0,-1.5,590.0,,1702,0,598.0,602.0,589.0
2016-10-23,0.0,-2.12,599.0,,2642,0,612.0,612.0,590.0
2016-10-20,0.0,2.0,612.0,,875,0,600.0,617.0,595.0
2016-10-19,0.0,-2.44,600.0,,213,0,603.0,610.0,591.0
2016-10-18,0.0,-2.38,615.0,,2200,0,630.0,630.0,598.0
2016-10-17,0.0,2.77,630.0,,1028,0,615.0,630.0,603.0
2016-10-16,0.0,2.17,613.0,,275,0,600.0,625.0,600.0
2016-10-06,0.0,2.21,600.0,,2928,0,590.0,612.0,585.0
2016-10-05,0.0,-1.34,587.0,,4379,0,605.0,605.0,587.0
2016-10-04,0.0,-0.67,595.0,,3446,0,610.0,610.0,590.0
2016-10-03,0.0,-0.17,599.0,,1486,0,612.0,612.0,577.0
2016-10-02,0.0,-0.33,600.0,,2409,0,612.0,612.0,585.0
2016-09-29,0.0,0.84,602.0,,7053,0,608.0,608.0,590.0
2016-09-28,0.0,-0.67,597.0,,3256,0,600.0,606.0,591.0
2016-09-27,0.0,0.17,601.0,,2745,0,600.0,620.0,600.0
2016-09-26,0.0,0.0,600.0,,2317,0,600.0,615.0,598.0
2016-09-25,0.0,0.0,620.0,,2055,0,620.0,625.0,608.0
2016-09-22,0.0,0.0,620.0,,2055,0,620.0,625.0,608.0
2016-09-21,0.0,-1.59,620.0,,1278,0,620.0,630.0,618.0
2016-09-20,0.0,-1.56,630.0,,3596,0,628.0,630.0,617.0
2016-09-18,0.0,3.23,640.0,,3592,0,620.0,656.0,615.0
2016-09-14,0.0,-0.48,620.0,,6720,0,635.0,640.0,615.0
2016-09-12,0.0,0.48,623.0,,2679,0,630.0,653.0,621.0
2016-09-11,0.0,-1.9,620.0,,6323,0,631.0,644.0,620.0
2016-09-08,0.0,-1.25,632.0,,2460,0,639.0,645.0,628.0
2016-09-07,0.0,0.16,640.0,,2757,0,650.0,649.0,615.0
2016-09-06,0.0,-0.78,639.0,,5337,0,656.0,659.0,607.0
2016-09-05,0.0,2.22,644.0,,6822,0,642.0,664.0,632.0
2016-09-04,0.0,4.13,630.0,,4512,0,617.0,647.0,617.0
2016-09-01,0.0,-3.97,605.0,,13606,0,630.0,635.0,597.0
2016-08-31,0.0,-10.0,630.0,,17589,0,686.0,686.0,630.0
2016-08-30,0.0,0.43,700.0,,5425,0,710.0,738.0,690.0
2016-08-29,0.0,7.23,696.0,,14228,0,645.0,697.0,645.0
2016-08-28,0.0,2.36,650.0,,4631,0,647.0,685.0,632.0
2016-08-24,0.0,1.93,635.0,,4162,0,635.0,635.0,600.0
2016-08-23,0.0,3.83,623.0,,24628,0,612.0,623.0,559.0
2016-08-22,0.0,-8.4,600.0,,10240,0,645.0,645.0,600.0
2016-08-21,0.0,-2.24,655.0,,4070,0,660.0,660.0,641.0
2016-08-17,0.0,-0.15,670.0,,7694,0,671.0,697.0,658.0
2016-08-16,0.0,1.44,705.0,,11494,0,688.0,715.0,650.0
2016-08-15,0.0,-5.18,695.0,,8049,0,729.0,728.0,665.0
2016-08-14,0.0,-6.74,733.0,,27302,0,785.0,780.0,721.0
2016-08-11,0.0,-1.87,786.0,,10871,0,790.0,800.0,778.0
2016-08-10,0.0,-0.25,799.0,,18759,0,817.0,830.0,785.0
2016-08-09,0.0,7.95,801.0,,130,0,756.0,801.0,756.0
2016-08-08,0.0,-8.62,742.0,,3971,0,812.0,844.0,740.0
2016-08-07,0.0,1.0,812.0,,7767,0,804.0,851.0,800.0
2016-08-04,0.0,-3.6,804.0,,8432,0,834.0,834.0,804.0
2016-08-03,0.0,-0.12,834.0,,6191,0,835.0,840.0,820.0
2016-08-02,0.0,-2.34,835.0,,8463,0,855.0,850.0,830.0
2016-08-01,0.0,2.15,855.0,,16558,0,837.0,870.0,825.0
2016-07-31,0.0,-2.11,837.0,,7301,0,855.0,870.0,823.0
2016-07-28,0.0,-2.84,855.0,,22750,0,880.0,880.0,824.0
2016-07-27,0.0,6.28,880.0,,31763,0,828.0,880.0,830.0
2016-07-26,0.0,-0.24,828.0,,7113,0,830.0,855.0,826.0
2016-07-25,0.0,-0.6,830.0,,6596,0,835.0,835.0,820.0
2016-07-21,0.0,0.6,835.0,,4889,0,830.0,835.0,825.0
2016-07-20,0.0,0.0,830.0,,3120,0,830.0,846.0,820.0
2016-07-19,0.0,0.0,830.0,,4592,0,846.0,846.0,819.0
2016-07-18,0.0,0.61,830.0,,5299,0,825.0,855.0,809.0
2016-07-17,0.0,-2.14,825.0,,16672,0,843.0,876.0,800.0
2016-07-14,0.0,1.57,843.0,,4858,0,830.0,860.0,811.0
2016-07-13,0.0,1.22,830.0,,9399,0,820.0,840.0,800.0
2016-07-12,0.0,-2.38,820.0,,5346,0,840.0,850.0,780.0
2016-07-11,0.0,-2.78,840.0,,8883,0,864.0,860.0,833.0
2016-07-10,0.0,-0.12,864.0,,4495,0,865.0,870.0,851.0
2016-07-06,0.0,0.58,865.0,,6903,0,860.0,874.0,845.0
2016-07-05,0.0,0.7,860.0,,9562,0,855.0,877.0,840.0
2016-07-04,0.0,-0.58,854.0,,13013,0,859.0,877.0,841.0
2016-07-03,0.0,2.87,859.0,,12367,0,835.0,869.0,825.0
2016-06-30,0.0,-2.34,835.0,,6826,0,855.0,850.0,835.0
2016-06-29,0.0,0.83,855.0,,11753,0,848.0,860.0,820.0
2016-06-28,0.0,-0.47,848.0,,11151,0,852.0,864.0,830.0
2016-06-27,0.0,-0.93,852.0,,8144,0,860.0,870.0,835.0
2016-06-26,0.0,-1.38,860.0,,12504,0,872.0,888.0,845.0
2016-06-23,0.0,3.93,872.0,,11352,0,839.0,872.0,836.0
2016-06-22,0.0,-0.83,839.0,,13248,0,850.0,860.0,825.0
2016-06-21,0.0,3.68,846.0,,14330,0,816.0,848.0,800.0
2016-06-20,0.0,2.0,816.0,,14485,0,800.0,839.0,790.0
2016-06-19,0.0,3.9,800.0,,14769,0,770.0,800.0,755.0
2016-06-16,0.0,0.0,770.0,,8485,0,770.0,785.0,760.0
2016-06-15,0.0,-0.13,770.0,,7644,0,770.0,776.0,760.0
2016-06-14,0.0,-1.03,771.0,,5916,0,770.0,786.0,750.0
2016-06-13,0.0,-0.13,779.0,,13621,0,780.0,784.0,753.0
2016-06-12,0.0,1.04,780.0,,22418,0,772.0,785.0,743.0
2016-06-09,0.0,4.75,772.0,,28187,0,740.0,774.0,735.0
2016-06-08,0.0,2.79,737.0,,11014,0,717.0,737.0,714.0
2016-06-07,0.0,-1.51,717.0,,6421,0,725.0,730.0,715.0
2016-06-06,0.0,1.96,728.0,,12197,0,714.0,728.0,701.0
2016-06-05,0.0,0.56,714.0,,16759,0,710.0,724.0,700.0
2016-06-02,0.0,-2.47,710.0,,10077,0,728.0,734.0,688.0
2016-06-01,0.0,-4.21,728.0,,16725,0,760.0,775.0,711.0
2016-05-31,0.0,9.83,760.0,,28803,0,692.0,761.0,682.0
2016-05-30,0.0,3.28,692.0,,17849,0,670.0,701.0,680.0
2016-05-29,0.0,0.75,670.0,,5305,0,665.0,691.0,666.0
2016-05-26,0.0,0.61,665.0,,11000,0,661.0,674.0,651.0
2016-05-25,0.0,0.15,661.0,,3517,0,660.0,665.0,650.0
2016-05-24,0.0,0.61,660.0,,6774,0,656.0,670.0,651.0
2016-05-23,0.0,-2.09,656.0,,8495,0,670.0,672.0,656.0
2016-05-22,0.0,0.45,670.0,,8114,0,667.0,670.0,655.0
2016-05-19,0.0,0.15,667.0,,3356,0,666.0,668.0,660.0
2016-05-18,0.0,-1.19,666.0,,6040,0,674.0,675.0,664.0
2016-05-17,0.0,0.45,674.0,,11978,0,670.0,690.0,660.0
2016-05-16,0.0,0.15,671.0,,8353,0,670.0,683.0,656.0
2016-05-15,0.0,-1.03,670.0,,12967,0,664.0,690.0,656.0
2016-05-12,0.0,5.37,667.0,,12603,0,640.0,667.0,628.0
2016-05-11,0.0,0.96,633.0,,7257,0,627.0,635.0,608.0
2016-05-10,0.0,1.13,627.0,,5356,0,620.0,643.0,617.0
2016-05-09,0.0,-1.59,620.0,,12426,0,628.0,629.0,616.0
2016-05-08,0.0,4.48,630.0,,5994,0,603.0,630.0,597.0
2016-05-05,0.0,-1.95,603.0,,6828,0,615.0,606.0,596.0
2016-05-04,0.0,-0.49,615.0,,10863,0,618.0,615.0,598.0
2016-05-03,0.0,-0.32,618.0,,5417,0,620.0,620.0,606.0
2016-05-02,0.0,0.0,620.0,,5046,0,620.0,620.0,601.0
2016-04-28,0.0,-0.8,620.0,,9806,0,625.0,625.0,619.0
2016-04-27,0.0,-0.16,625.0,,2313,0,626.0,631.0,618.0
2016-04-26,0.0,-0.16,626.0,,3696,0,627.0,626.0,617.0
2016-04-25,0.0,-0.32,627.0,,8434,0,629.0,627.0,616.0
2016-04-24,0.0,-0.94,629.0,,4791,0,635.0,645.0,622.0
2016-04-21,0.0,-1.24,635.0,,15246,0,643.0,640.0,622.0
2016-04-20,0.0,-0.92,643.0,,4124,0,649.0,654.0,640.0
2016-04-19,0.0,-1.37,649.0,,9288,0,658.0,655.0,640.0
2016-04-18,0.0,-0.3,658.0,,4213,0,660.0,659.0,651.0
2016-04-17,0.0,-0.45,660.0,,3223,0,663.0,664.0,652.0
2016-04-14,0.0,0.76,663.0,,3240,0,658.0,663.0,651.0
2016-04-12,0.0,-2.52,658.0,,9235,0,675.0,688.0,652.0
2016-04-11,0.0,2.27,675.0,,4920,0,660.0,676.0,664.0
2016-04-10,0.0,-1.35,660.0,,14444,0,669.0,714.0,659.0
2016-04-06,0.0,2.61,669.0,,15794,0,652.0,685.0,645.0
2016-04-05,0.0,1.4,652.0,,5271,0,645.0,655.0,633.0
2016-04-04,0.0,-2.72,643.0,,5021,0,661.0,670.0,630.0
2016-04-03,0.0,3.77,661.0,,5868,0,637.0,661.0,620.0
2016-03-31,0.0,-3.19,637.0,,5559,0,658.0,659.0,634.0
2016-03-30,0.0,6.99,658.0,,5258,0,615.0,671.0,600.0
2016-03-29,0.0,-2.38,615.0,,14798,0,618.0,642.0,602.0
2016-03-28,0.0,-3.96,630.0,,9481,0,656.0,644.0,621.0
2016-03-27,0.0,-5.48,656.0,,6101,0,694.0,707.0,655.0
2016-03-24,0.0,-2.25,694.0,,19641,0,710.0,708.0,670.0
2016-03-23,0.0,-3.14,710.0,,13548,0,740.0,741.0,707.0
2016-03-21,0.0,-0.81,733.0,,13239,0,750.0,759.0,711.0
2016-03-20,0.0,2.64,739.0,,30357,0,734.0,765.0,724.0
2016-03-17,0.0,5.88,720.0,,18857,0,693.0,729.0,686.0
2016-03-16,0.0,-8.11,680.0,,27686,0,732.0,732.0,671.0
2016-03-15,0.0,-9.87,740.0,,52406,0,837.0,853.0,739.0
2016-03-14,0.0,9.91,821.0,,17751,0,761.0,821.0,761.0
2016-03-13,0.0,8.89,747.0,,63486,0,699.0,754.0,645.0
2016-03-10,0.0,9.94,686.0,,4341,0,636.0,686.0,636.0
2016-03-06,0.0,9.86,624.0,,42776,0,579.0,624.0,579.0
2016-03-03,0.0,9.86,568.0,,18063,0,527.0,568.0,527.0
2016-03-02,0.0,10.0,517.0,,25387,0,479.0,517.0,472.0
2016-03-01,0.0,-0.21,471.0,,3318,0,470.0,473.0,469.0
2016-02-29,0.0,-0.63,471.0,,3918,0,474.0,483.0,471.0
2016-02-28,0.0,-4.24,474.0,,4388,0,495.0,500.0,473.0
2016-02-25,0.0,4.87,495.0,,1844,0,480.0,495.0,480.0
2016-02-24,0.0,-2.88,472.0,,472,0,480.0,500.0,472.0
2016-02-23,0.0,-1.02,486.0,,2333,0,491.0,486.0,474.0
2016-02-22,0.0,-1.41,491.0,,5314,0,495.0,500.0,485.0
2016-02-21,0.0,3.75,495.0,,15416,0,489.0,498.0,480.0
2016-02-18,0.0,-0.62,480.0,,3850,0,483.0,488.0,480.0
2016-02-17,0.0,0.21,483.0,,4226,0,482.0,484.0,480.0
2016-02-16,0.0,-0.62,482.0,,6993,0,485.0,485.0,477.0
2016-02-15,0.0,-3.0,485.0,,4728,0,500.0,510.0,470.0
2016-02-14,0.0,-7.41,500.0,,8387,0,530.0,531.0,496.0
2016-02-11,0.0,4.85,540.0,,16567,0,515.0,540.0,515.0
2016-02-08,0.0,4.46,515.0,,7786,0,493.0,540.0,502.0
2016-02-07,0.0,9.8,493.0,,22443,0,449.0,493.0,450.0
2016-02-04,0.0,1.81,449.0,,4935,0,445.0,457.0,440.0
2016-02-03,0.0,2.56,441.0,,1624,0,430.0,450.0,435.0
2016-02-02,0.0,-1.15,430.0,,3252,0,433.0,439.0,430.0
2016-02-01,0.0,0.69,435.0,,4260,0,432.0,448.0,430.0
2016-01-31,0.0,0.47,432.0,,864,0,434.0,440.0,432.0
2016-01-28,0.0,-0.46,430.0,,4905,0,439.0,445.0,430.0
2016-01-27,0.0,-3.57,432.0,,2889,0,448.0,445.0,432.0
2016-01-26,0.0,-1.32,448.0,,3463,0,454.0,455.0,446.0
2016-01-25,0.0,5.83,454.0,,4993,0,437.0,471.0,437.0
2016-01-24,0.0,10.0,429.0,,3250,0,390.0,429.0,397.0
2016-01-14,0.0,-1.02,390.0,,29503,0,396.0,400.0,379.0
2016-01-13,0.0,-1.5,394.0,,26417,0,400.0,405.0,378.0
2016-01-12,0.0,6.38,400.0,,35468,0,375.0,400.0,370.0
2016-01-11,0.0,-0.53,376.0,,30518,0,375.0,383.0,370.0
2016-01-10,0.0,2.72,378.0,,29492,0,368.0,380.0,361.0
2016-01-07,0.0,2.22,368.0,,16005,0,356.0,377.0,356.0
2016-01-06,0.0,-4.0,360.0,,21477,0,375.0,375.0,353.0
2016-01-05,0.0,1.9,375.0,,27876,0,361.0,375.0,350.0
2016-01-04,0.0,-0.27,368.0,,9183,0,369.0,373.0,358.0
2016-01-03,0.0,-0.27,369.0,,11849,0,371.0,377.0,362.0
2015-12-31,0.0,-0.54,370.0,,11336,0,370.0,381.0,368.0
2015-12-29,0.0,0.27,372.0,,13555,0,371.0,381.0,368.0
2015-12-28,0.0,-3.64,371.0,,10572,0,385.0,380.0,370.0
2015-12-25,0.0,1.58,385.0,,9016,0,372.0,385.0,366.0
2015-12-24,0.0,1.88,379.0,,11983,0,372.0,385.0,365.0
2015-12-23,0.0,0.54,372.0,,12488,0,370.0,376.0,366.0
2015-12-22,0.0,-2.12,370.0,,7114,0,378.0,380.0,364.0
2015-12-21,0.0,-2.83,378.0,,6813,0,389.0,389.0,376.0
2015-12-20,0.0,-0.51,389.0,,7578,0,391.0,395.0,382.0
2015-12-17,0.0,-0.51,391.0,,12164,0,386.0,399.0,386.0
2015-12-16,0.0,0.51,393.0,,16529,0,396.0,400.0,390.0
2015-12-15,0.0,-1.76,391.0,,8414,0,398.0,400.0,390.0
2015-12-14,0.0,-0.5,398.0,,24112,0,400.0,400.0,398.0
2015-12-13,0.0,0.0,400.0,,23721,0,400.0,401.0,393.0
2015-12-10,0.0,-2.91,400.0,,13958,0,408.0,410.0,398.0
2015-12-09,0.0,3.26,412.0,,14731,0,397.0,412.0,394.0
2015-12-08,0.0,0.5,399.0,,11962,0,400.0,402.0,391.0
2015-12-07,0.0,-0.25,397.0,,16125,0,400.0,408.0,395.0
2015-12-04,0.0,1.53,398.0,,14631,0,397.0,401.0,388.0
2015-12-03,0.0,-1.51,392.0,,11281,0,394.0,401.0,387.0
2015-12-02,0.0,-0.5,398.0,,11339,0,400.0,405.0,390.0
2015-12-01,0.0,4.17,400.0,,11114,0,384.0,400.0,381.0
2015-11-30,0.0,0.79,384.0,,9790,0,380.0,397.0,380.0
2015-11-29,0.0,-3.54,381.0,,15706,0,388.0,388.0,376.0
2015-11-26,0.0,-2.71,395.0,,14443,0,398.0,400.0,390.0
2015-11-25,0.0,-5.58,406.0,,25625,0,434.0,434.0,403.0
2015-11-24,0.0,7.5,430.0,,46262,0,420.0,437.0,415.0
2015-11-23,0.0,9.89,400.0,,12360,0,371.0,400.0,371.0
2015-11-22,0.0,9.97,364.0,,768,0,337.0,364.0,337.0
2015-11-19,0.0,7.82,331.0,,104,0,313.0,331.0,313.0
2015-11-18,0.0,0.0,307.0,,52,0,301.0,307.0,301.0
