DATE,CHANGE,CHANGE %,CLOSE,TURNOVER,VOLUME,TRADE,OPEN,HIGH,LOW
2026-05-08,-4.0,-0.08,4795.0,16.89,351,14,4844.0,4844.0,4740.0
2026-05-07,83.9,1.78,4799.0,14.29,301,20,4814.0,4814.0,4722.1
2026-05-06,-14.9,-0.32,4715.1,15.26,321,23,4831.0,4831.0,4707.0
2026-05-05,-20.0,-0.42,4730.0,11.42,240,20,4701.2,4814.0,4701.2
2026-05-04,-64.9,-1.35,4750.0,21.74,459,19,4730.2,4830.0,4700.2
2026-04-30,-26.1,-0.54,4814.9,6.24,130,8,4840.0,4840.0,4710.0
2026-04-29,61.0,1.28,4841.0,24.63,515,37,4884.0,4884.0,4755.1
2026-04-28,-19.0,-0.4,4780.0,24.75,511,41,4799.0,5242.0,4757.1
2026-04-27,-89.8,-1.84,4799.0,17.91,372,23,4888.8,4896.0,4780.1
2026-04-24,24.8,0.51,4888.8,23.38,488,36,4755.0,4889.9,4719.0
2026-04-23,24.1,0.5,4864.0,22.24,459,26,4880.0,4900.0,4790.0
2026-04-22,-55.1,-1.13,4839.9,15.18,315,23,4774.0,4900.0,4774.0
2026-04-21,-50.0,-1.01,4895.0,19.32,400,29,4836.0,4920.0,4785.0
2026-04-20,31.0,0.63,4945.0,32.13,660,37,4780.1,4990.0,4780.1
2026-04-17,4.0,0.08,4914.0,7.85,161,15,4968.8,4968.8,4835.0
2026-04-16,-59.0,-1.19,4910.0,27.56,562,34,4975.0,4975.0,4851.0
2026-04-15,117.9,2.43,4969.0,21.54,435,22,4928.9,5000.0,4920.0
2026-04-13,-5.9,-0.12,4851.1,23.0,472,37,4775.0,4931.0,4775.0
2026-04-10,-55.0,-1.12,4857.0,34.93,712,52,4960.0,5006.7,4857.0
2026-04-09,24.0,0.49,4912.0,51.61,1044,59,4968.0,5060.0,4869.7
2026-04-08,29.0,0.6,4888.0,46.52,964,51,4956.1,4956.1,4798.1
2026-04-07,-99.0,-2.0,4859.0,28.6,584,42,5050.0,5050.0,4859.0
2026-04-06,121.0,2.5,4958.0,27.28,558,41,4827.0,4998.0,4827.0
2026-04-05,-187.0,-3.72,4837.0,80.77,1686,103,5024.0,5024.0,4729.5
2026-04-02,138.0,2.82,5024.0,28.37,572,42,4801.0,5082.0,4791.0
2026-04-01,-214.0,-4.2,4886.0,42.53,853,54,5100.0,5197.0,4850.0
2026-03-31,37.0,0.73,5100.0,47.08,927,64,4966.0,5479.0,4905.0
2026-03-30,-137.0,-2.63,5063.0,70.31,1386,66,5096.0,5187.0,4994.0
2026-03-29,-132.0,-2.48,5200.0,76.33,1472,92,5225.4,5300.0,5067.6
2026-03-26,-167.0,-3.04,5332.0,64.54,1209,73,5391.0,5495.0,5202.0
2026-03-25,200.0,3.77,5499.0,,6884,272,5200.0,5600.0,5100.0
2026-03-24,478.0,9.91,5299.0,,5425,260,4887.9,5303.0,4850.0
2026-03-23,-30.1,-0.62,4821.0,28.75,593,52,4939.9,4939.9,4800.0
2026-03-22,-6.9,-0.14,4851.1,28.95,594,44,4870.0,4900.0,4851.1
2026-03-19,15.0,0.31,4858.0,42.11,872,48,4910.0,4910.0,4794.0
2026-03-17,-15.6,-0.32,4843.0,10.69,222,21,4918.0,4918.0,4773.0
2026-03-16,-8.4,-0.17,4858.6,22.64,470,33,4890.0,4890.0,4792.2
2026-03-15,141.0,2.98,4867.0,86.69,1802,113,4720.0,5187.0,4701.0
2026-03-12,10.1,0.21,4726.0,17.96,378,37,4701.0,4789.9,4701.0
2026-03-11,-174.1,-3.56,4715.9,38.91,815,42,4792.6,4886.9,4710.0
2026-03-10,-110.0,-2.2,4890.0,67.73,1394,92,5050.0,5050.0,4793.0
2026-03-09,379.0,8.2,5000.0,3.4,70,7,4713.0,5000.0,4713.0
2026-03-03,-47.0,-1.01,4621.0,49.12,1051,81,4581.4,4748.9,4581.4
2026-03-01,48.0,1.04,4668.0,14.0,301,25,4601.0,4696.5,4582.0
2026-02-26,12.8,0.28,4620.0,28.9,626,38,4695.9,4695.9,4600.0
2026-02-25,-62.8,-1.34,4607.2,19.98,431,34,4600.5,4683.7,4600.5
2026-02-24,70.0,1.52,4670.0,7.23,156,14,4659.0,4689.0,4601.0
2026-02-23,0.0,0.0,4600.0,37.63,812,58,4692.0,4739.0,4600.0
2026-02-22,-193.0,-4.03,4600.0,,2702,110,4700.0,4794.0,4515.1
2026-02-17,13.0,0.27,4793.0,26.13,547,44,4825.0,4837.0,4750.0
2026-02-16,-37.0,-0.77,4780.0,15.39,322,27,4769.0,4834.0,4769.0
2026-02-12,-9.0,-0.19,4817.0,22.07,460,31,4820.0,4840.0,4768.0
2026-02-11,-17.0,-0.35,4826.0,8.18,170,17,4770.0,4865.0,4770.0
2026-02-10,27.1,0.56,4843.0,15.99,330,31,4773.4,4909.9,4773.4
2026-02-09,15.9,0.33,4815.9,13.45,280,26,4859.0,4859.0,4773.3
2026-02-08,-65.0,-1.34,4800.0,61.8,1287,73,4811.0,4888.9,4778.0
2026-02-05,-24.0,-0.49,4865.0,21.82,452,35,4800.0,4894.4,4800.0
2026-02-04,30.0,0.62,4889.0,34.29,708,59,4762.0,4925.0,4762.0
2026-02-03,-24.0,-0.49,4859.0,31.6,655,43,4900.0,4900.0,4786.4
2026-02-02,4.0,0.08,4883.0,46.7,957,70,4790.0,4970.0,4790.0
2026-02-01,30.1,0.62,4879.0,52.8,1088,80,4802.3,4900.0,4802.3
2026-01-29,-7.7,-0.16,4848.9,13.29,275,23,4856.6,4878.0,4808.1
2026-01-28,2.6,0.05,4856.6,12.24,254,16,4878.0,4878.0,4781.0
2026-01-27,-24.0,-0.49,4854.0,15.1,312,21,4895.0,4895.0,4809.0
2026-01-26,-0.3,-0.01,4878.0,23.91,492,39,4964.9,4965.0,4816.0
2026-01-25,77.3,1.61,4878.3,31.91,661,45,4890.0,4890.0,4805.0
2026-01-22,-59.0,-1.21,4801.0,52.22,1078,72,4820.0,4932.0,4801.0
2026-01-21,-74.0,-1.5,4860.0,13.54,277,20,4966.7,4966.7,4860.0
2026-01-20,20.0,0.41,4934.0,35.94,733,39,4926.0,4951.0,4850.0
2026-01-18,28.0,0.57,4914.0,31.73,649,39,4797.0,4920.0,4796.0
2026-01-14,36.0,0.74,4886.0,16.39,340,26,4800.0,4899.8,4800.0
2026-01-13,50.0,1.04,4850.0,26.0,540,29,4880.0,4880.0,4800.0
2026-01-12,-65.0,-1.34,4800.0,40.98,853,51,4802.0,4874.3,4769.0
2026-01-08,-15.0,-0.31,4865.0,18.96,390,20,4831.0,4890.0,4806.0
2026-01-07,2.1,0.04,4880.0,13.58,280,23,4785.1,4888.7,4785.1
2026-01-06,29.9,0.62,4877.9,24.16,497,32,4779.0,4879.9,4779.0
2026-01-05,9.0,0.19,4848.0,15.97,332,26,4766.0,4860.0,4766.0
2026-01-04,20.1,0.42,4839.0,6.48,135,13,4847.0,4848.0,4755.0
2026-01-01,-58.1,-1.19,4818.9,20.07,417,27,4829.0,4869.0,4795.0
2025-12-31,17.0,0.35,4877.0,8.06,166,13,4860.0,4888.7,4840.0
2025-12-29,-36.6,-0.75,4860.0,12.63,260,23,4800.0,4895.6,4800.0
2025-12-28,32.6,0.67,4896.6,7.61,156,14,4900.0,4900.0,4820.7
2025-12-24,14.0,0.29,4864.0,11.36,234,21,4755.1,4938.9,4755.1
2025-12-23,0.0,0.0,4850.0,5.94,123,9,4859.0,4859.0,4820.0
2025-12-22,29.9,0.62,4850.0,3.86,80,7,4820.0,4865.7,4811.0
2025-12-21,-53.8,-1.1,4820.1,14.04,291,25,4790.1,4873.0,4790.1
2025-12-18,24.8,0.51,4873.9,7.88,162,13,4807.1,4882.0,4807.1
2025-12-17,-13.9,-0.29,4849.1,8.45,174,15,4860.0,4890.0,4849.0
2025-12-16,-6.9,-0.14,4863.0,8.56,177,15,4792.1,4871.9,4792.1
2025-12-15,14.9,0.31,4869.9,4.75,98,9,4878.9,4878.9,4797.0
2025-12-14,-24.9,-0.51,4855.0,6.57,136,13,4820.0,4888.9,4793.4
2025-12-11,0.9,0.02,4879.9,7.9,163,14,4883.8,4887.0,4806.3
2025-12-10,-4.0,-0.08,4879.0,58.74,1220,58,4895.0,4895.0,4733.7
2025-12-09,3.1,0.06,4883.0,7.84,161,16,4925.0,4925.0,4842.3
2025-12-08,19.9,0.41,4879.9,7.78,160,14,4840.0,4903.5,4840.0
2025-12-07,-64.9,-1.32,4860.0,14.05,289,18,4920.0,4920.0,4831.0
2025-12-03,-13.1,-0.27,4924.9,29.2,599,34,4985.0,4985.0,4840.3
2025-12-02,38.0,0.78,4938.0,5.39,110,9,4835.0,4940.0,4835.0
2025-12-01,-4.3,-0.09,4900.0,63.35,1302,63,4997.0,4997.0,4802.1
2025-11-30,-23.7,-0.48,4904.3,70.48,1406,80,4855.0,5398.0,4855.0
2025-11-27,-11.0,-0.22,4928.0,12.39,251,18,4990.0,5000.0,4890.1
2025-11-26,38.9,0.79,4939.0,8.74,177,17,4989.0,4989.0,4890.3
2025-11-25,-66.7,-1.34,4900.1,15.95,324,28,5000.0,5000.0,4900.1
2025-11-24,37.8,0.77,4966.8,21.37,433,32,4960.0,4996.0,4862.1
2025-11-23,9.0,0.18,4929.0,17.18,350,29,4832.0,4990.0,4832.0
2025-11-20,5.4,0.11,4920.0,13.21,270,27,4823.0,4939.9,4823.0
2025-11-19,16.6,0.34,4914.6,16.34,333,27,4994.0,4994.0,4857.0
2025-11-18,3.0,0.06,4898.0,3.96,81,8,4935.0,4935.0,4868.0
2025-11-17,0.0,0.0,4895.0,23.33,479,38,4814.0,4939.8,4811.0
2025-11-16,-5.0,-0.1,4895.0,8.31,170,17,4945.0,4945.0,4804.0
2025-11-13,40.0,0.82,4900.0,21.32,438,32,4939.0,4939.0,4783.0
2025-11-12,-121.0,-2.43,4860.0,42.47,879,43,4892.0,4947.0,4785.4
2025-11-11,31.0,0.63,4981.0,16.58,341,17,4998.0,4998.0,4800.0
2025-11-10,22.6,0.46,4950.0,29.12,601,44,5023.0,5023.0,4792.1
2025-11-09,-24.9,-0.5,4927.4,18.17,370,33,5047.0,5047.0,4855.0
2025-11-06,-9.7,-0.2,4952.3,49.45,977,53,5050.0,5458.0,4952.3
2025-11-05,23.0,0.47,4962.0,74.85,1491,88,4974.0,5432.0,4925.3
2025-11-04,-8.0,-0.16,4939.0,23.75,484,34,4852.0,4953.9,4852.0
2025-11-03,49.9,1.02,4947.0,11.35,231,20,4980.0,4980.0,4881.0
2025-11-02,-52.9,-1.07,4897.1,19.78,401,37,4863.0,5024.0,4854.0
2025-10-30,40.0,0.81,4950.0,31.11,621,38,4817.0,5294.0,4817.0
2025-10-29,109.0,2.27,4910.0,79.32,1616,68,4895.0,4978.0,4879.0
2025-10-28,-44.0,-0.91,4801.0,78.6,1630,55,4849.0,4939.9,4795.0
2025-10-26,45.0,0.94,4845.0,20.56,430,21,4750.0,4845.0,4660.1
2025-10-19,35.0,0.73,4800.0,3.36,70,7,4815.0,4819.9,4731.0
2025-10-16,-15.0,-0.31,4765.0,26.2,551,39,4872.0,4872.0,4700.0
2025-10-15,-109.0,-2.23,4780.0,28.53,594,43,4805.0,4897.0,4707.0
2025-10-14,79.0,1.64,4889.0,93.34,1878,99,4899.0,5090.0,4801.1
2025-10-13,144.0,3.09,4810.0,89.32,1859,54,4582.0,4986.0,4582.0
2025-10-12,-144.0,-2.99,4666.0,67.96,1433,84,4750.0,4905.0,4480.0
2025-10-09,-76.0,-1.56,4810.0,94.56,1923,80,4983.0,5180.0,4810.0
2025-10-08,-22.0,-0.45,4886.0,41.42,860,51,4825.0,4995.0,4741.0
2025-10-07,-54.8,-1.1,4908.0,40.8,823,30,5000.0,5062.0,4871.1
2025-09-28,-77.2,-1.53,4962.8,15.92,317,26,5137.0,5137.0,4955.0
2025-09-25,71.0,1.43,5040.0,18.55,372,22,4974.0,5041.9,4950.0
2025-09-24,-81.0,-1.6,4969.0,32.23,646,39,5145.0,5145.0,4881.1
2025-09-23,90.72,1.83,5050.0,26.45,527,37,5058.0,5058.0,4970.0
2025-09-21,393.18,8.61,4959.28,73.43,1536,92,4657.4,5020.0,4582.1
2025-09-18,-480.28,-9.52,4566.1,16.5,340,27,4945.5,5100.0,4565.0
2025-09-08,-188.52,-3.6,5046.38,,2459,127,5150.0,5200.0,4899.0
2025-09-07,-10.46,-0.2,5234.9,18.77,360,32,5277.0,5277.0,5152.0
2025-09-04,34.9,0.67,5245.36,20.57,394,37,5107.0,5290.0,5107.0
2025-09-03,10.73,0.21,5210.46,30.7,592,38,5200.0,5298.8,5100.0
2025-09-02,-118.12,-2.22,5199.73,,7018,140,5418.9,5418.9,5131.0
2025-09-01,-54.95,-1.02,5317.85,13.95,261,24,5480.2,5480.2,5300.0
2025-08-31,-17.9,-0.33,5372.8,18.44,345,28,5440.0,5447.7,5300.0
2025-08-28,-73.05,-1.34,5390.7,24.4,450,40,5473.9,5520.0,5360.0
2025-08-27,151.75,2.86,5463.75,36.98,678,51,5375.0,5500.0,5375.0
2025-08-26,1.34,0.03,5312.0,15.02,280,24,5366.0,5397.0,5312.0
2025-08-25,2.34,0.04,5310.66,17.88,337,22,5275.0,5373.9,5275.0
2025-08-24,-13.54,-0.25,5308.32,27.69,520,32,5409.5,5409.6,5302.0
2025-08-21,-38.47,-0.72,5321.86,20.32,381,35,5437.0,5437.0,5310.0
2025-08-20,-61.85,-1.14,5360.33,26.51,495,38,5422.18,5422.18,5321.1
2025-08-19,12.73,0.24,5422.18,9.77,180,15,5498.9,5498.9,5389.0
2025-08-18,70.02,1.31,5409.45,26.78,498,33,5444.0,5444.0,5320.0
2025-08-17,-93.07,-1.71,5339.43,61.49,1146,68,5395.0,5518.0,5330.0
2025-08-14,57.7,1.07,5432.5,11.85,218,19,5482.2,5534.0,5376.0
2025-08-13,-88.44,-1.62,5374.8,57.23,1058,63,5550.0,5550.0,5342.0
2025-08-12,-48.76,-0.88,5463.24,38.16,696,57,5599.0,5599.0,5450.0
2025-08-11,-76.3,-1.37,5512.0,45.03,811,60,5690.0,5690.0,5488.0
2025-08-07,62.85,1.14,5588.3,24.83,440,35,5600.0,5942.0,5525.0
2025-08-06,-38.0,-0.68,5525.45,38.67,696,49,5536.1,5640.0,5500.0
2025-08-05,-91.55,-1.62,5563.45,66.47,1181,85,5749.0,6120.0,5541.0
2025-08-04,169.9,3.1,5655.0,66.14,1172,90,5569.0,6023.0,5475.0
2025-08-03,-84.99,-1.53,5485.1,33.83,613,51,5570.0,5680.0,5463.0
2025-07-31,-144.97,-2.54,5570.09,59.57,1060,84,5796.9,5796.9,5514.0
2025-07-30,-106.94,-1.84,5715.06,24.83,433,40,5875.0,5875.0,5598.0
2025-07-29,-21.84,-0.37,5822.0,39.91,687,54,5801.0,5900.0,5700.0
2025-07-28,196.04,3.47,5843.84,,2711,174,5650.0,6114.0,5510.0
2025-07-27,89.68,1.61,5647.8,,3303,196,5560.0,6041.5,5415.0
2025-07-24,19.12,0.35,5558.12,45.47,817,57,5511.0,5598.0,5511.0
2025-07-23,24.55,0.45,5539.0,54.38,987,66,5450.0,5555.0,5450.0
2025-07-22,53.12,0.97,5514.45,,1873,91,5532.0,5532.0,5322.0
2025-07-21,18.63,0.34,5461.33,34.57,634,39,5529.9,5529.9,5400.1
2025-07-20,-28.47,-0.52,5442.7,68.1,1241,68,5500.0,5555.0,5255.0
2025-07-17,87.18,1.62,5471.17,44.68,819,51,5410.0,5480.0,5400.1
2025-07-16,-15.81,-0.29,5383.99,27.93,517,39,5301.0,5499.0,5301.0
2025-07-15,46.74,0.87,5399.8,11.62,217,17,5448.0,5448.0,5306.2
2025-07-14,-30.44,-0.57,5353.06,17.43,323,28,5490.0,5490.0,5325.0
2025-07-13,-15.5,-0.29,5383.5,24.98,461,39,5505.0,5505.0,5364.0
2025-07-10,-33.63,-0.62,5399.0,45.95,857,57,5334.1,5479.0,5320.0
2025-07-09,10.69,0.2,5432.63,39.73,736,34,5350.1,5457.0,5350.0
2025-07-08,21.94,0.41,5421.94,18.93,350,23,5300.0,5497.0,5300.0
2025-07-07,-72.5,-1.32,5400.0,41.16,762,51,5581.0,5581.0,5328.2
2025-07-06,54.29,1.0,5472.5,39.89,735,40,5519.0,5519.9,5373.0
2025-07-03,-79.7,-1.45,5418.21,58.98,1078,49,5548.0,5650.0,5395.1
2025-07-02,95.65,1.77,5497.91,20.76,380,27,5329.0,5520.0,5329.0
2025-07-01,-36.74,-0.68,5402.26,11.2,207,20,5469.0,5469.0,5341.1
2025-06-30,39.0,0.72,5439.0,13.6,251,19,5498.9,5498.9,5389.2
2025-06-29,15.7,0.29,5400.0,7.41,137,13,5489.0,5489.0,5310.0
2025-06-26,-12.22,-0.23,5384.3,38.49,711,50,5320.0,5494.0,5320.0
2025-06-25,-63.48,-1.16,5396.52,14.08,261,23,5507.0,5507.0,5355.0
2025-06-24,-5.37,-0.1,5460.0,10.85,200,19,5359.0,5550.0,5359.0
2025-06-23,126.91,2.38,5465.37,55.22,1016,76,5250.0,5750.0,5250.0
2025-06-22,-41.92,-0.78,5338.46,32.13,600,49,5486.0,5486.0,5285.0
2025-06-19,-145.89,-2.64,5380.38,,2347,115,5550.0,5550.0,5300.0
2025-06-18,-9.43,-0.17,5526.27,13.74,249,24,5446.1,5593.0,5446.1
2025-06-17,7.3,0.13,5535.7,7.14,129,12,5613.0,5613.0,5506.0
2025-06-16,5.4,0.1,5528.4,48.83,869,64,5445.0,6001.0,5436.0
2025-06-15,63.0,1.15,5523.0,16.99,309,27,5560.0,5560.0,5450.1
2025-06-12,-64.43,-1.17,5460.0,14.28,260,25,5423.0,5587.0,5423.0
2025-06-11,-55.37,-0.99,5524.43,34.99,635,38,5482.0,5590.9,5474.4
2025-06-10,61.8,1.12,5579.8,9.26,167,14,5600.0,5600.0,5473.0
2025-06-09,-24.62,-0.44,5518.0,51.09,928,45,5625.0,5625.0,5431.8
2025-06-08,-13.72,-0.25,5542.62,93.62,1701,90,5500.0,5650.0,5390.0
2025-06-05,-51.3,-0.91,5556.34,17.28,310,29,5625.0,5710.0,5502.1
2025-06-04,30.17,0.54,5607.64,18.11,324,32,5495.0,5670.0,5495.0
2025-06-03,-83.16,-1.47,5577.47,50.95,908,46,5689.0,5747.0,5555.1
2025-06-02,-21.32,-0.38,5660.63,19.58,348,28,5682.0,5694.7,5581.0
2025-05-28,1.05,0.02,5681.95,29.53,523,47,5576.0,5765.0,5576.0
2025-05-27,57.9,1.03,5680.9,13.13,232,19,5530.0,5695.0,5530.0
2025-05-26,-8.09,-0.14,5623.0,28.14,499,42,5743.0,5743.7,5526.1
2025-05-25,7.76,0.14,5631.09,32.87,585,28,5733.0,5733.0,5572.0
2025-05-22,-47.0,-0.83,5623.33,16.63,294,28,5700.0,5739.0,5577.2
2025-05-21,-27.67,-0.49,5670.33,34.75,611,44,5810.0,5925.0,5605.0
2025-05-20,88.36,1.58,5698.0,21.46,380,35,5718.0,5718.0,5600.0
2025-05-19,35.74,0.64,5609.64,23.14,410,34,5685.0,5696.0,5590.0
2025-05-18,-160.9,-2.81,5573.9,79.63,1416,101,5650.0,5839.0,5507.8
2025-05-15,50.37,0.89,5734.8,31.75,555,38,5798.1,5808.0,5697.0
2025-05-14,-40.64,-0.71,5684.43,63.99,1118,76,5839.0,5839.0,5653.3
2025-05-13,-158.04,-2.69,5725.07,56.04,971,60,6000.0,6000.0,5700.0
2025-05-11,20.71,0.35,5883.11,22.95,383,33,5979.0,6448.0,5860.6
2025-05-08,-127.6,-2.13,5862.4,96.36,1613,69,5880.0,6108.0,5807.0
2025-05-07,30.0,0.5,5990.0,15.7,265,24,5845.0,5999.0,5842.5
2025-05-06,129.33,2.22,5960.0,19.26,326,31,5947.1,6120.0,5799.2
2025-05-05,-47.08,-0.8,5830.67,27.51,471,37,5960.0,5960.0,5790.1
2025-05-04,-63.52,-1.07,5877.75,20.34,345,29,6000.0,6050.0,5812.0
2025-04-30,17.4,0.29,5941.27,46.82,788,43,6028.9,6028.9,5880.0
2025-04-29,-26.03,-0.44,5923.87,98.36,1634,81,6040.0,6537.0,5899.0
2025-04-28,34.3,0.58,5949.9,26.02,437,27,6033.9,6139.0,5914.0
2025-04-27,75.14,1.29,5915.6,,2290,103,5949.0,6248.0,5800.0
2025-04-24,24.46,0.42,5840.46,63.05,1070,65,5899.0,6000.0,5776.2
2025-04-23,-20.51,-0.35,5816.0,38.88,666,50,5871.0,5951.0,5780.0
2025-04-22,-98.82,-1.66,5836.51,,2788,89,6035.0,6035.0,5778.1
2025-04-21,-93.67,-1.55,5935.33,71.45,1196,68,6100.0,6100.0,5885.0
2025-04-20,63.65,1.07,6029.0,68.03,1140,63,6080.0,6081.0,5860.0
2025-04-17,-6.65,-0.11,5965.35,45.97,770,33,6091.0,6091.0,5861.0
2025-04-16,7.83,0.13,5972.0,34.68,579,37,6083.4,6083.4,5920.0
2025-04-15,-49.19,-0.82,5964.17,58.96,982,69,5940.0,6126.0,5932.0
2025-04-13,-88.77,-1.45,6013.36,67.78,1120,56,5981.0,6200.0,5981.0
2025-04-10,-2.62,-0.04,6102.13,,1862,72,6219.9,6220.0,6000.0
2025-04-09,-30.11,-0.49,6104.75,,3153,156,6250.0,6330.0,5990.0
2025-04-08,51.25,0.84,6134.86,,2458,124,5962.2,6198.0,5867.0
2025-04-07,-205.53,-3.27,6083.61,,3044,150,6301.0,6320.0,6000.0
2025-04-03,-113.91,-1.78,6289.14,,3671,153,6531.0,6661.6,6223.0
2025-04-02,580.1,9.96,6403.05,,9596,347,5939.0,6405.2,5732.0
2025-04-01,227.42,4.06,5822.95,,4253,214,5501.0,5950.0,5486.0
2025-03-30,-13.63,-0.24,5595.53,,2486,131,5640.0,5750.0,5550.0
2025-03-27,344.96,6.55,5609.16,,4977,244,5201.0,5698.0,5201.0
2025-03-26,52.8,1.01,5264.2,13.1,250,20,5125.0,5296.0,5125.0
2025-03-25,-101.42,-1.91,5211.4,74.69,1426,66,5415.0,5415.0,5210.0
2025-03-24,58.82,1.12,5312.82,27.94,526,45,5253.2,5400.0,5192.0
2025-03-23,-156.69,-2.9,5254.0,29.47,555,36,5310.0,5409.9,5254.0
2025-03-20,15.69,0.29,5410.69,18.72,346,35,5305.0,5487.0,5305.0
2025-03-19,39.0,0.73,5395.0,25.6,472,30,5463.1,5500.0,5390.0
2025-03-18,-35.0,-0.65,5356.0,46.0,843,54,5495.0,5540.0,5356.0
2025-03-17,-209.0,-3.73,5391.0,29.68,545,46,5490.0,5699.0,5379.0
2025-03-16,284.0,5.34,5600.0,,2307,116,5300.0,5600.0,5219.0
2025-03-12,16.0,0.3,5316.0,,2205,60,5405.0,5405.0,5300.0
2025-03-11,-101.0,-1.87,5300.0,50.41,943,60,5489.9,5489.9,5300.0
2025-03-10,-98.0,-1.78,5401.0,48.42,890,51,5450.0,5588.0,5400.0
2025-03-09,-44.9,-0.81,5499.0,60.79,1105,44,5640.0,5640.0,5452.1
2025-03-06,-16.1,-0.29,5543.9,35.29,638,38,5500.0,5595.9,5500.0
2025-03-05,30.0,0.54,5560.0,31.65,571,40,5491.0,5599.0,5490.0
2025-03-04,-51.1,-0.92,5530.0,47.4,851,59,5511.0,5650.0,5511.0
2025-03-03,-46.9,-0.83,5581.1,71.58,1271,69,5724.0,5730.0,5520.1
2025-03-02,58.0,1.04,5628.0,70.77,1269,64,5590.0,5633.9,5500.1
2025-02-27,71.0,1.29,5570.0,36.66,661,39,5554.9,5608.9,5450.0
2025-02-25,-151.0,-2.67,5499.0,,2109,92,5537.0,5750.0,5428.0
2025-02-24,-10.0,-0.18,5650.0,20.38,363,22,5759.0,5759.0,5585.0
2025-02-23,-84.0,-1.46,5660.0,42.95,757,51,5750.0,5790.0,5570.0
2025-02-20,209.0,3.78,5744.0,,2980,160,5535.1,5814.0,5530.0
2025-02-18,14.8,0.27,5535.0,45.27,822,49,5500.1,5599.9,5450.0
2025-02-17,-79.8,-1.43,5520.2,41.29,747,49,5550.0,5620.0,5500.0
2025-02-16,13.0,0.23,5600.0,51.19,924,65,5500.0,5657.0,5500.0
2025-02-13,-3.0,-0.05,5587.0,92.51,1668,54,5700.0,5700.0,5517.0
2025-02-12,-50.0,-0.89,5590.0,44.04,788,51,5752.8,5752.8,5564.0
2025-02-11,-60.0,-1.05,5640.0,,2119,107,5750.0,5799.0,5563.0
2025-02-10,9.9,0.17,5700.0,15.54,274,25,5690.0,5797.0,5607.0
2025-02-09,12.2,0.21,5690.1,31.04,540,37,5576.0,6245.0,5576.0
2025-02-06,-2.3,-0.04,5677.9,97.9,1744,101,5749.9,5749.9,5566.6
2025-02-05,-88.8,-1.54,5680.2,26.99,473,38,5799.0,5800.0,5680.0
2025-02-04,-30.9,-0.53,5769.0,37.27,649,34,5823.0,5845.0,5701.0
2025-02-03,46.9,0.82,5799.9,69.02,1197,56,5858.0,5860.0,5725.0
2025-02-02,78.0,1.37,5753.0,38.1,661,34,5675.0,5799.0,5675.0
2025-01-28,15.0,0.27,5675.0,45.68,795,38,5750.0,6002.0,5670.0
2025-01-27,-110.0,-1.91,5660.0,94.08,1654,77,5800.0,5800.0,5660.0
2025-01-26,-51.0,-0.88,5770.0,46.86,812,47,5897.5,5897.5,5712.0
2025-01-23,-11.0,-0.19,5821.0,53.38,919,34,5915.0,5915.0,5772.0
2025-01-22,150.9,2.66,5832.0,,1910,64,5585.0,6164.0,5585.0
2025-01-21,-128.9,-2.22,5681.1,35.42,620,41,5700.0,5899.0,5590.0
2025-01-20,60.0,1.04,5810.0,63.97,1111,71,5800.0,5834.9,5651.0
2025-01-19,-9.0,-0.16,5750.0,22.06,383,26,5863.0,5863.0,5700.0
2025-01-16,129.0,2.29,5759.0,46.51,806,59,5700.0,6091.0,5521.0
2025-01-15,1.0,0.02,5630.0,16.88,299,16,5741.5,5741.5,5627.0
2025-01-13,-110.0,-1.92,5629.0,70.21,1243,42,5660.0,5824.0,5625.0
2025-01-12,-55.0,-0.95,5739.0,30.46,530,32,5909.8,5909.8,5695.0
2025-01-09,-46.0,-0.79,5794.0,60.87,1054,54,5897.0,5898.0,5749.0
2025-01-08,-98.0,-1.65,5840.0,36.09,615,35,6056.7,6056.7,5820.0
2025-01-07,37.0,0.63,5938.0,43.51,737,44,6019.0,6019.0,5853.0
2025-01-06,28.0,0.48,5901.0,,2275,88,5945.0,5980.0,5800.0
2025-01-05,74.0,1.28,5873.0,,1994,80,5719.0,5950.0,5705.0
2025-01-02,-130.0,-2.19,5799.0,82.57,1428,81,5900.0,5900.0,5750.0
2025-01-01,40.0,0.68,5929.0,70.77,1212,51,5820.0,5995.0,5800.0
2024-12-31,-199.0,-3.27,5889.0,94.25,1602,85,5980.2,5989.9,5782.0
2024-12-29,-62.0,-1.01,6088.0,85.0,1394,75,6150.0,6249.9,6000.0
2024-12-26,152.1,2.54,6150.0,,2333,98,6000.0,6340.0,5935.0
2024-12-24,-32.0,-0.53,5997.9,74.12,1239,58,5955.0,6140.0,5917.0
2024-12-23,29.9,0.5,6029.9,71.28,1181,73,6100.0,6194.0,5946.0
2024-12-22,-89.0,-1.46,6000.0,97.18,1624,90,6100.0,6210.0,5902.0
2024-12-19,-181.0,-2.89,6089.0,95.68,1555,91,6270.0,6280.0,6089.0
2024-12-18,30.0,0.48,6270.0,58.98,948,50,6363.0,6392.0,6180.0
2024-12-17,40.0,0.65,6240.0,,1727,91,6140.0,6400.0,6140.0
2024-12-16,-240.1,-3.73,6200.0,,2891,101,6320.0,6494.0,6100.0
2024-12-12,-84.9,-1.3,6440.1,,1573,96,6502.0,6630.0,6403.1
2024-12-11,105.0,1.64,6525.0,,3535,151,6425.0,6548.0,6300.0
2024-12-10,20.0,0.31,6420.0,,2402,148,6450.0,6650.0,6370.0
2024-12-09,-83.0,-1.28,6400.0,,2563,158,6610.0,6610.0,6300.1
2024-12-08,-147.0,-2.22,6483.0,,3848,204,6500.0,6895.0,6473.0
2024-12-05,258.0,4.05,6630.0,,7545,292,6372.0,6899.0,6160.0
2024-12-04,-643.0,-9.17,6372.0,,8331,422,6874.7,6874.7,6313.5
2024-12-03,426.6,6.48,7015.0,,9407,510,6720.1,7247.0,6626.0
2024-12-02,598.9,10.0,6588.4,,2406,104,6109.2,6588.4,6109.2
2024-12-01,544.5,10.0,5989.5,,14688,611,5553.9,5989.5,5400.0
2024-11-28,495.0,10.0,5445.0,95.77,1761,91,5049.0,5445.0,5049.0
2024-11-27,450.0,10.0,4950.0,,4229,192,4590.0,4950.0,4590.0
2024-11-26,324.0,7.76,4500.0,80.75,1789,87,4250.0,4590.0,4250.0
2024-11-25,0.9,0.02,4176.0,5.61,134,11,4205.0,4205.0,4175.0
2024-11-24,-24.9,-0.59,4175.1,5.47,131,12,4200.0,4250.0,4127.5
2024-11-21,-100.0,-2.33,4200.0,22.2,525,21,4300.0,4300.0,4200.0
2024-11-20,30.0,0.7,4300.0,22.72,531,19,4200.0,4306.0,4185.0
2024-11-19,-195.0,-4.37,4270.0,40.68,940,43,4465.0,4465.0,4270.0
2024-11-17,90.0,2.06,4465.0,34.24,770,40,4302.0,4500.0,4300.0
2024-11-14,69.8,1.62,4375.0,18.15,419,26,4300.0,4385.0,4300.0
2024-11-13,-88.2,-2.01,4305.2,4.36,100,8,4393.0,4450.0,4305.2
2024-11-12,-1.6,-0.04,4393.4,24.08,544,25,4410.0,4483.0,4393.4
2024-11-11,-4.0,-0.09,4395.0,19.54,446,20,4430.0,4430.0,4331.0
2024-11-10,139.0,3.26,4399.0,32.08,740,34,4200.0,4400.0,4200.0
2024-11-06,27.0,0.64,4260.0,14.57,342,11,4250.0,4269.0,4250.0
2024-11-05,13.0,0.31,4233.0,3.55,85,7,4151.0,4233.0,4151.0
2024-10-30,19.0,0.45,4220.0,6.22,149,11,4248.0,4248.0,4117.0
2024-10-29,54.0,1.3,4201.0,9.93,236,12,4228.9,4241.0,4150.0
2024-10-28,-21.0,-0.5,4147.0,5.41,130,7,4251.3,4251.3,4130.0
2024-10-27,-61.0,-1.44,4168.0,17.32,418,15,4308.0,4308.0,4070.0
2024-10-24,-26.0,-0.61,4229.0,3.11,74,7,4249.9,4249.9,4170.0
2024-10-23,50.0,1.19,4255.0,6.46,152,6,4250.0,4255.0,4250.0
2024-10-22,65.0,1.57,4205.0,20.11,491,32,4200.0,4205.0,4057.2
2024-10-21,-55.1,-1.31,4140.0,27.04,657,47,4136.0,4182.0,4060.0
2024-10-20,-95.0,-2.21,4195.1,35.9,850,41,4204.3,4294.2,4195.0
2024-10-17,-139.9,-3.16,4290.1,23.23,535,27,4410.0,4410.0,4290.1
2024-10-16,4.0,0.09,4430.0,24.16,548,26,4340.0,4431.0,4340.0
2024-10-15,121.0,2.81,4426.0,4.36,100,7,4345.0,4426.0,4345.0
2024-10-09,55.0,1.29,4305.0,,10,1,4305.0,4305.0,4305.0
2024-10-08,-80.0,-1.85,4250.0,9.97,235,11,4250.1,4255.0,4201.1
2024-10-07,70.0,1.64,4330.0,19.88,466,19,4260.0,4334.0,4250.0
2024-10-06,105.0,2.53,4260.0,4.67,112,12,4091.1,4270.0,4091.0
2024-10-02,-46.0,-1.09,4155.0,5.16,123,12,4285.0,4285.0,4155.0
2024-10-01,96.0,2.34,4201.0,11.74,278,18,4171.0,4305.4,4171.0
2024-09-30,90.0,2.24,4105.0,9.26,227,15,4095.3,4105.0,4027.0
2024-09-29,-105.0,-2.55,4015.0,11.7,290,24,4040.0,4070.0,4010.0
2024-09-26,-60.0,-1.44,4120.0,5.26,126,9,4180.0,4250.0,4120.0
2024-09-25,69.0,1.68,4180.0,5.77,140,11,4051.0,4182.0,4033.0
2024-09-24,-128.0,-3.02,4111.0,18.49,447,30,4160.0,4239.0,4101.0
2024-09-23,-55.0,-1.28,4239.0,21.26,505,17,4210.0,4239.0,4210.0
2024-09-22,64.0,1.51,4294.0,29.79,705,27,4201.0,4305.0,4201.0
2024-09-18,-148.0,-3.38,4230.0,21.25,496,28,4300.0,4374.9,4226.0
2024-09-16,-72.0,-1.62,4378.0,27.18,627,34,4390.0,4450.0,4300.0
2024-09-15,-50.0,-1.11,4450.0,31.67,716,29,4560.0,4590.0,4388.0
2024-09-12,60.0,1.35,4500.0,8.39,188,16,4525.0,4530.0,4404.0
2024-09-11,2.0,0.05,4440.0,12.58,286,18,4430.0,4440.0,4371.0
2024-09-10,-42.2,-0.94,4438.0,9.16,206,15,4480.2,4480.3,4438.0
2024-09-09,-79.8,-1.75,4480.2,13.76,307,17,4550.0,4550.0,4477.0
2024-09-08,70.0,1.56,4560.0,32.72,726,22,4460.0,4600.0,4460.0
2024-09-05,-55.0,-1.21,4490.0,7.86,175,16,4461.0,4550.0,4461.0
2024-09-04,-5.0,-0.11,4545.0,8.86,195,14,4544.0,4600.0,4508.0
2024-09-03,-78.0,-1.69,4550.0,22.32,484,31,4700.0,4700.0,4550.0
2024-09-02,178.0,4.0,4628.0,20.59,450,31,4530.0,4628.0,4525.0
2024-09-01,-79.0,-1.74,4450.0,30.3,675,33,4530.0,4531.0,4442.0
2024-08-29,19.0,0.42,4529.0,7.49,165,13,4600.0,4600.0,4450.0
2024-08-28,-10.0,-0.22,4510.0,25.41,562,42,4605.0,4690.0,4430.0
2024-08-27,-166.0,-3.54,4520.0,61.07,1334,71,4770.0,4770.0,4515.0
2024-08-25,-116.0,-2.42,4686.0,32.51,688,49,4810.0,4810.0,4657.0
2024-08-22,-32.0,-0.66,4802.0,45.3,936,42,4818.0,4898.9,4802.0
2024-08-21,-51.0,-1.04,4834.0,28.76,587,29,4981.0,4982.7,4832.0
2024-08-18,-15.0,-0.31,4885.0,,2271,98,4998.0,5190.0,4885.0
2024-08-15,75.0,1.55,4900.0,76.8,1550,87,4921.5,5011.0,4900.0
2024-08-14,-31.1,-0.64,4825.0,61.3,1245,57,4952.0,5052.0,4805.0
2024-08-13,-163.9,-3.26,4856.1,71.98,1455,73,5110.0,5120.0,4820.0
2024-08-12,-90.0,-1.76,5020.0,48.42,956,58,5210.0,5314.0,5000.0
2024-08-11,210.0,4.29,5110.0,,3629,148,4998.0,5115.0,4920.0
2024-08-08,424.9,9.49,4900.0,,3830,164,4564.6,4922.6,4406.0
2024-08-07,35.1,0.79,4475.1,46.84,1045,50,4400.0,4540.0,4400.0
2024-08-06,-176.1,-3.81,4440.0,66.04,1456,77,4679.0,4708.4,4370.0
2024-08-05,16.2,0.35,4616.1,67.17,1445,63,4600.0,4700.0,4590.0
2024-08-01,-20.1,-0.44,4599.9,39.47,852,46,4650.0,4689.0,4570.0
2024-07-31,102.8,2.28,4620.0,68.11,1473,66,4607.0,4690.0,4581.0
2024-07-30,68.2,1.53,4517.2,38.34,844,34,4537.9,4620.0,4411.0
2024-07-29,-260.0,-5.52,4449.0,64.1,1380,66,4675.0,4760.0,4362.0
2024-07-28,119.0,2.59,4709.0,74.65,1609,81,4681.8,4845.0,4530.0
2024-07-25,40.0,0.88,4590.0,70.91,1557,72,4550.0,4641.0,4470.0
2024-07-24,-104.0,-2.23,4550.0,53.03,1153,72,4654.0,4740.0,4480.1
2024-07-23,124.0,2.74,4654.0,52.12,1131,52,4595.0,4670.0,4580.0
2024-07-22,-69.0,-1.5,4530.0,52.03,1141,61,4599.0,4605.0,4500.0
2024-07-21,324.0,7.58,4599.0,,3973,176,4360.5,4692.0,4360.0
2024-07-18,-35.0,-0.81,4275.0,75.31,1738,68,4390.0,4396.0,4275.0
2024-07-17,31.0,0.72,4310.0,67.68,1574,72,4300.0,4364.5,4182.0
2024-07-16,192.0,4.7,4279.0,42.26,1016,44,4015.0,4279.0,4015.0
2024-07-15,37.0,0.91,4087.0,20.05,495,15,4130.0,4130.0,3975.5
2024-07-14,35.0,0.87,4050.0,18.68,458,20,4095.3,4150.0,4026.1
2024-07-11,15.0,0.38,4015.0,18.64,463,14,4000.0,4050.0,4000.0
2024-07-10,0.0,0.0,4000.0,7.81,196,13,4000.0,4000.0,3961.0
2024-07-09,50.0,1.27,4000.0,14.7,369,19,4029.0,4050.0,3969.0
2024-07-08,-100.0,-2.47,3950.0,7.34,185,10,3986.0,3986.0,3950.0
2024-07-07,0.0,0.0,4050.0,9.57,238,14,4000.0,4050.0,3970.0
2024-07-04,-10.0,-0.25,4050.0,29.69,727,34,4140.0,4140.0,4050.0
2024-07-03,179.9,4.64,4060.0,63.34,1565,79,3957.5,4111.0,3901.1
2024-07-02,-40.9,-1.04,3880.1,10.23,261,11,3999.4,3999.4,3875.0
2024-07-01,1.0,0.03,3921.0,2.73,70,6,3851.0,3955.0,3851.0
2024-06-30,-8.0,-0.2,3920.0,23.2,593,31,4000.0,4000.0,3892.0
2024-06-27,-26.0,-0.66,3928.0,8.97,230,14,3980.0,3980.0,3880.0
2024-06-26,-46.0,-1.15,3954.0,28.27,712,34,3950.1,4029.0,3945.0
2024-06-25,98.9,2.54,4000.0,16.01,398,25,3979.0,4136.0,3935.0
2024-06-24,11.1,0.29,3901.1,22.19,566,25,3868.0,3949.0,3868.0
2024-06-23,-28.0,-0.71,3890.0,28.92,741,29,3918.0,3984.0,3885.0
2024-06-20,-50.0,-1.26,3918.0,11.37,290,14,3916.1,3993.0,3916.1
2024-06-19,-2.5,-0.06,3968.0,42.07,1060,30,4049.0,4050.4,3920.0
2024-06-18,-24.5,-0.61,3970.5,45.83,1136,60,4050.0,4129.0,3969.0
2024-06-16,-65.0,-1.6,3995.0,25.83,635,37,3980.0,4180.9,3979.0
2024-06-13,85.0,2.14,4060.0,56.17,1386,57,3985.0,4145.2,3975.0
2024-06-12,-24.0,-0.6,3975.0,62.11,1549,83,4002.0,4081.0,3975.0
2024-06-11,214.0,5.65,3999.0,67.28,1717,77,3844.0,4080.0,3839.0
2024-06-10,-45.0,-1.17,3785.0,20.43,534,25,3839.0,3854.0,3784.0
2024-06-09,-2.0,-0.05,3830.0,24.06,628,31,3820.0,3850.0,3761.0
2024-06-06,32.0,0.84,3832.0,20.53,544,24,3725.0,3837.5,3724.0
2024-06-05,-70.0,-1.81,3800.0,51.57,1380,54,3891.8,3893.9,3684.8
2024-06-04,0.0,0.0,3870.0,18.38,477,26,3920.0,3920.0,3841.0
2024-06-03,-19.0,-0.49,3870.0,3.85,100,9,3900.0,3900.0,3811.3
2024-06-02,132.8,3.54,3889.0,19.34,504,34,3750.0,3890.0,3750.0
2024-05-30,-89.8,-2.33,3756.2,13.26,350,18,3875.0,3875.0,3756.2
2024-05-29,93.8,2.5,3846.0,33.06,853,53,3825.0,3970.0,3822.0
2024-05-27,41.1,1.11,3752.2,18.87,500,26,3700.0,3800.0,3700.0
2024-05-26,-13.9,-0.37,3711.1,7.63,205,12,3730.8,3770.0,3711.1
2024-05-22,-50.0,-1.32,3725.0,7.66,205,10,3715.5,3778.0,3715.5
2024-05-21,25.0,0.67,3775.0,8.1,216,11,3750.0,3778.0,3740.0
2024-05-20,-30.1,-0.8,3750.0,3.75,100,7,3796.0,3796.0,3737.0
2024-05-19,80.1,2.16,3780.1,28.21,747,42,3774.0,3830.0,3715.1
2024-05-16,-28.9,-0.78,3700.0,11.02,297,22,3701.0,3740.0,3699.0
2024-05-15,-13.1,-0.35,3728.9,7.43,200,15,3788.0,3788.0,3700.0
2024-05-14,10.0,0.27,3742.0,2.79,75,7,3750.0,3750.0,3708.0
2024-05-13,32.0,0.86,3732.0,9.81,265,14,3631.0,3732.0,3631.0
2024-05-12,-49.0,-1.31,3700.0,6.76,182,14,3690.0,3751.0,3680.0
2024-05-09,12.0,0.32,3749.0,8.33,225,13,3784.0,3784.0,3650.0
2024-05-08,28.0,0.75,3737.0,9.31,251,18,3783.1,3858.6,3634.0
2024-05-07,9.2,0.25,3709.0,5.74,155,10,3723.0,3724.0,3670.0
2024-05-06,-26.2,-0.7,3699.8,7.04,190,14,3771.0,3800.0,3651.1
2024-05-05,35.0,0.95,3726.0,18.24,497,31,3651.6,3726.0,3635.0
2024-05-02,-9.0,-0.24,3691.0,5.95,160,15,3700.0,3760.0,3691.0
2024-04-30,12.0,0.33,3700.0,5.94,160,13,3660.5,3759.0,3660.1
2024-04-29,16.0,0.44,3688.0,7.36,199,12,3745.4,3745.4,3688.0
2024-04-28,-28.0,-0.76,3672.0,6.53,176,8,3699.0,3720.0,3671.0
2024-04-25,-79.0,-2.09,3700.0,12.96,350,16,3730.0,3730.0,3691.0
2024-04-24,-6.0,-0.16,3779.0,5.56,150,9,3709.3,3779.0,3700.0
2024-04-22,25.0,0.66,3785.0,,10,1,3785.0,3785.0,3785.0
2024-04-21,60.0,1.62,3760.0,16.35,445,25,3765.0,3765.0,3640.0
2024-04-18,0.0,0.0,3700.0,4.06,110,8,3700.0,3700.0,3680.0
2024-04-16,-21.6,-0.58,3700.0,12.93,350,17,3650.0,3730.0,3650.0
2024-04-15,-126.4,-3.28,3721.6,17.34,464,22,3773.0,3800.0,3701.0
2024-04-14,167.0,4.54,3848.0,9.68,255,15,3680.0,3854.0,3665.0
2024-04-10,-169.0,-4.39,3681.0,39.47,1055,49,3781.0,3830.0,3681.0
2024-04-09,65.0,1.72,3850.0,3.12,82,8,3860.7,3860.7,3760.0
2024-04-07,-40.0,-1.05,3785.0,2.49,65,5,3875.0,3875.0,3785.0
2024-04-04,25.0,0.66,3825.0,3.92,103,3,3801.0,3825.0,3801.0
2024-04-03,-79.9,-2.06,3800.0,8.51,223,7,3805.0,3878.0,3800.0
2024-04-02,104.8,2.78,3879.9,4.83,125,11,3850.0,3927.0,3802.4
2024-04-01,0.1,0.0,3775.1,4.97,130,9,3843.0,3845.9,3775.1
2024-03-31,-55.0,-1.44,3775.0,3.38,89,7,3850.0,3850.0,3775.0
2024-03-28,-9.9,-0.26,3830.0,2.11,56,4,3772.5,3830.0,3772.0
2024-03-27,39.9,1.05,3839.9,27.24,724,18,3802.0,3839.9,3751.0
2024-03-26,-15.0,-0.39,3800.0,4.95,130,10,3875.0,3875.0,3800.0
2024-03-25,-10.0,-0.26,3815.0,10.69,280,16,3800.0,3850.0,3800.0
2024-03-21,-18.9,-0.49,3825.0,17.12,450,25,3918.0,3918.0,3770.0
2024-03-20,-1.1,-0.03,3843.9,19.28,503,30,3846.0,3850.0,3813.0
2024-03-19,-49.0,-1.26,3845.0,4.66,120,9,3970.9,3970.9,3836.0
2024-03-18,-5.8,-0.15,3894.0,17.19,446,18,3850.0,3894.0,3845.0
2024-03-17,-0.2,-0.01,3899.8,9.18,236,15,3830.1,3964.9,3830.1
2024-03-14,-49.0,-1.24,3900.0,8.3,215,14,3900.0,3900.0,3835.9
2024-03-13,-44.0,-1.1,3949.0,24.32,618,26,4072.8,4072.8,3872.0
2024-03-12,78.0,1.99,3993.0,38.22,969,35,3993.0,3995.0,3866.8
2024-03-10,-64.8,-1.63,3915.0,20.43,524,34,3980.0,3980.0,3862.1
2024-03-07,38.8,0.98,3979.8,38.01,985,42,3900.0,3989.9,3786.0
2024-03-06,76.0,1.97,3941.0,18.25,464,34,3942.0,4010.0,3860.0
2024-03-05,-215.0,-5.27,3865.0,48.63,1246,59,4155.0,4155.0,3800.0
2024-03-04,80.0,2.0,4080.0,,10,1,4080.0,4080.0,4080.0
2024-03-03,-161.0,-3.87,4000.0,51.03,1287,82,4081.0,4320.0,3884.0
2024-02-29,135.0,3.35,4161.0,,5573,274,4106.5,4427.0,4106.5
2024-02-28,366.0,10.0,4026.0,,3924,193,3709.0,4026.0,3709.0
2024-02-27,70.0,1.95,3660.0,5.95,164,12,3661.7,3661.8,3525.0
2024-02-26,-31.0,-0.86,3590.0,5.41,150,9,3562.1,3633.0,3562.0
2024-02-25,-29.0,-0.79,3621.0,6.12,169,13,3660.0,3699.0,3577.0
2024-02-22,90.0,2.53,3650.0,37.2,1006,47,3625.0,3750.0,3610.0
2024-02-21,29.8,0.84,3560.0,2.42,68,5,3600.8,3600.8,3540.0
2024-02-20,-39.8,-1.11,3530.2,2.82,80,8,3530.5,3531.0,3530.1
2024-02-18,-65.8,-1.81,3570.0,7.29,204,15,3620.0,3622.0,3548.0
2024-02-15,-74.2,-2.0,3635.8,13.11,359,21,3700.0,3700.0,3635.8
2024-02-14,10.0,0.27,3710.0,12.52,342,18,3700.0,3710.0,3640.0
2024-02-13,0.0,0.0,3700.0,12.87,345,14,3720.0,3750.0,3675.0
2024-02-12,-10.0,-0.27,3700.0,4.6,125,5,3700.0,3700.0,3656.2
2024-02-11,-28.0,-0.75,3710.0,3.69,100,10,3760.0,3760.0,3671.0
2024-02-07,7.9,0.21,3694.0,7.42,199,14,3680.0,3759.8,3680.0
2024-02-06,14.1,0.38,3686.1,8.86,240,15,3700.0,3730.0,3681.0
2024-02-05,-207.9,-5.36,3672.0,29.19,788,55,3802.4,3802.4,3666.0
2024-02-04,-79.1,-2.0,3879.9,,10,1,3879.9,3879.9,3879.9
2024-01-30,282.0,7.67,3959.0,17.26,458,21,3710.0,3964.0,3700.0
2024-01-29,3.0,0.08,3677.0,7.94,215,8,3656.0,3700.0,3656.0
2024-01-28,19.0,0.52,3674.0,1.85,50,5,3700.0,3710.0,3674.0
2024-01-25,-25.0,-0.68,3655.0,11.95,324,16,3700.0,3727.0,3651.0
2024-01-24,25.0,0.68,3680.0,4.44,120,10,3700.0,3728.1,3680.0
2024-01-23,-65.0,-1.75,3655.0,4.85,132,11,3655.0,3725.0,3655.0
2024-01-22,5.0,0.13,3720.0,8.66,233,10,3750.0,3750.0,3650.0
2024-01-21,-115.0,-3.0,3715.0,17.78,473,20,3888.0,3888.0,3711.0
2024-01-18,-21.0,-0.55,3830.0,11.18,294,18,3855.0,3860.0,3774.0
2024-01-17,-10.2,-0.26,3851.0,19.53,503,23,3878.0,3930.0,3850.0
2024-01-16,-15.8,-0.41,3861.2,37.21,956,28,3870.0,3940.0,3850.0
2024-01-14,47.0,1.23,3877.0,5.56,145,10,3806.3,3877.0,3805.1
2024-01-11,-40.0,-1.03,3830.0,3.51,92,8,3809.0,3830.0,3807.0
2024-01-10,6.0,0.16,3870.0,6.96,180,13,3864.0,3880.0,3864.0
2024-01-09,-11.0,-0.28,3864.0,21.81,563,29,3860.0,3937.0,3850.0
2024-01-08,110.0,2.92,3875.0,27.58,722,27,3840.0,3875.0,3765.0
2024-01-07,-74.0,-1.93,3765.0,5.67,150,11,3838.0,3839.0,3765.0
2024-01-04,61.0,1.61,3839.0,11.21,295,19,3853.5,3853.5,3789.0
2024-01-03,2.8,0.07,3778.0,10.11,265,19,3775.2,3850.0,3775.2
2024-01-02,-74.8,-1.94,3775.2,7.03,185,16,3850.0,3850.0,3775.2
2024-01-01,-15.0,-0.39,3850.0,7.05,181,16,3942.3,3998.0,3843.0
2023-12-28,-35.0,-0.9,3865.0,11.94,306,17,3977.0,3977.0,3865.0
2023-12-27,-198.0,-4.83,3900.0,36.81,931,34,4099.0,4099.0,3870.0
2023-12-24,-58.1,-1.4,4098.0,75.06,1810,68,4156.1,4199.0,4073.1
2023-12-21,86.1,2.12,4156.1,57.16,1359,82,4125.0,4275.0,4125.0
2023-12-20,170.0,4.36,4070.0,76.04,1885,73,3900.0,4100.0,3900.0
2023-12-19,35.0,0.91,3900.0,14.68,379,22,3942.0,3942.0,3841.0
2023-12-18,115.0,3.07,3865.0,32.17,833,43,3760.0,3930.0,3760.0
2023-12-17,-80.0,-2.09,3750.0,5.71,151,14,3830.0,3888.0,3750.0
2023-12-14,26.0,0.68,3830.0,3.47,90,9,3880.0,3955.0,3820.0
2023-12-13,-86.0,-2.21,3804.0,17.19,440,21,3943.0,3967.0,3804.0
2023-12-12,214.0,5.82,3890.0,13.25,354,13,3680.0,3900.0,3680.0
2023-12-11,125.4,3.53,3676.0,17.07,462,30,3621.6,3737.0,3621.6
2023-12-07,2.3,0.06,3550.6,11.19,315,19,3619.2,3685.0,3481.0
2023-12-06,137.7,4.04,3548.3,13.87,386,27,3478.8,3680.0,3478.8
2023-12-05,-359.4,-9.53,3410.6,19.13,544,33,3710.0,3710.0,3410.4
2023-12-04,-49.0,-1.28,3770.0,4.32,115,9,3775.0,3775.0,3743.0
2023-12-03,-6.0,-0.16,3819.0,7.09,188,11,3810.0,3820.0,3675.0
2023-11-30,0.0,0.0,3825.0,4.74,124,4,3835.0,3840.0,3790.0
2023-11-29,-74.0,-1.9,3825.0,13.99,364,14,3755.1,3830.0,3746.0
2023-11-28,-108.0,-2.7,3899.0,8.85,230,10,3926.9,3926.9,3814.0
2023-11-27,231.0,6.12,4007.0,38.89,1017,36,3700.5,4007.0,3630.0
2023-11-26,216.0,6.07,3776.0,5.61,150,12,3631.2,3776.0,3631.2
2023-11-23,-30.0,-0.84,3560.0,2.47,70,6,3520.0,3560.0,3519.0
2023-11-22,70.0,1.99,3590.0,,10,1,3590.0,3590.0,3590.0
2023-11-21,-60.0,-1.68,3520.0,1.72,49,4,3508.4,3525.0,3508.4
2023-11-20,-67.6,-1.85,3580.0,4.86,136,10,3600.0,3600.0,3574.7
2023-11-09,-74.4,-2.0,3647.6,,10,1,3647.6,3647.6,3647.6
2023-11-08,122.0,3.39,3722.0,3.33,90,8,3650.0,3722.0,3650.0
2023-11-07,10.0,0.28,3600.0,5.03,139,11,3590.0,3630.0,3590.0
2023-11-06,89.0,2.54,3590.0,2.67,75,6,3571.0,3590.0,3550.0
2023-11-05,1.0,0.03,3501.0,1.22,35,3,3500.0,3505.0,3500.0
2023-11-02,-5.0,-0.14,3500.0,3.5,100,7,3502.0,3502.0,3500.0
2023-11-01,-1.0,-0.03,3505.0,4.39,125,8,3576.1,3576.1,3437.0
2023-10-31,-39.0,-1.1,3506.0,2.67,77,7,3475.0,3506.0,3405.5
2023-10-30,33.0,0.94,3545.0,3.95,112,8,3500.0,3550.0,3500.0
2023-10-29,-138.9,-3.8,3512.0,4.63,130,7,3648.0,3648.0,3512.0
2023-10-19,0.9,0.02,3650.9,,18,1,3650.9,3650.9,3650.9
2023-10-18,150.0,4.29,3650.0,6.63,184,8,3570.0,3650.0,3570.0
2023-10-17,-50.0,-1.41,3500.0,17.24,490,27,3621.0,3621.0,3495.0
2023-10-16,-84.0,-2.31,3550.0,10.11,285,17,3565.0,3671.0,3501.0
2023-10-12,-86.0,-2.31,3634.0,6.76,185,10,3646.0,3700.0,3616.0
2023-10-11,-9.9,-0.27,3720.0,15.18,415,24,3665.0,3720.0,3595.0
2023-10-10,59.9,1.63,3729.9,1.46,40,3,3615.0,3729.9,3615.0
2023-10-09,0.0,0.0,3670.0,5.76,157,13,3670.0,3674.0,3670.0
2023-10-08,-16.0,-0.43,3670.0,3.85,105,7,3635.0,3680.0,3635.0
2023-10-05,6.0,0.16,3686.0,7.14,190,10,3753.6,3827.0,3681.0
2023-10-04,29.0,0.79,3680.0,6.56,175,9,3724.0,3797.0,3680.0
2023-10-03,-54.0,-1.46,3651.0,16.48,451,27,3740.0,3740.0,3631.0
2023-10-02,39.9,1.09,3705.0,3.82,103,9,3738.4,3750.0,3700.0
2023-10-01,-119.9,-3.17,3665.1,5.92,158,10,3860.7,3895.0,3665.1
2023-09-27,-66.0,-1.71,3785.0,16.8,445,24,3926.0,3926.0,3736.0
2023-09-26,-94.0,-2.38,3851.0,11.06,285,17,4023.0,4023.0,3851.0
2023-09-25,16.0,0.41,3945.0,3.15,80,6,4000.0,4000.0,3920.0
2023-09-24,58.9,1.52,3929.0,12.53,320,22,3947.5,4000.0,3870.0
2023-09-21,70.1,1.84,3870.1,7.38,190,12,3876.0,3949.0,3855.1
2023-09-19,-198.9,-4.97,3800.0,6.69,175,12,3919.0,3919.0,3763.9
2023-09-18,228.9,6.07,3998.9,1.74,45,4,3770.0,3998.9,3770.0
2023-09-17,-157.0,-4.0,3770.0,15.13,389,24,3929.0,4000.0,3770.0
2023-09-13,162.0,4.3,3927.0,15.3,393,14,3825.0,3927.0,3823.0
2023-09-12,-86.0,-2.23,3765.0,5.79,153,13,3786.0,3823.0,3765.0
2023-09-11,136.0,3.66,3851.0,17.67,464,29,3750.0,3875.0,3750.0
2023-09-10,60.0,1.64,3715.0,9.24,249,16,3700.0,3749.0,3700.0
2023-09-07,-68.0,-1.83,3655.0,9.91,270,17,3701.1,3701.1,3651.0
2023-09-05,-100.9,-2.64,3723.0,6.96,186,12,3823.0,3823.0,3711.0
2023-09-04,-1.1,-0.03,3823.9,6.07,160,10,3900.0,3901.0,3749.0
2023-09-03,-84.0,-2.15,3825.0,8.29,220,18,3850.0,3850.0,3750.0
2023-08-30,9.0,0.23,3909.0,5.81,150,13,3850.0,3909.7,3800.0
2023-08-29,9.0,0.23,3900.0,2.29,60,5,3821.0,3900.0,3813.2
2023-08-28,-7.0,-0.18,3891.0,10.78,280,16,3970.0,3970.0,3820.1
2023-08-27,-31.0,-0.79,3898.0,4.8,125,11,3900.0,3900.0,3801.0
2023-08-24,-46.0,-1.16,3929.0,16.57,424,26,4019.9,4019.9,3875.0
2023-08-23,45.0,1.15,3975.0,14.54,370,21,3975.0,3975.0,3852.0
2023-08-22,130.0,3.42,3930.0,11.06,289,12,3876.0,3930.0,3799.0
2023-08-21,-88.0,-2.26,3800.0,14.84,388,18,3830.0,3915.0,3800.0
2023-08-20,-42.0,-1.07,3888.0,7.71,196,15,4008.0,4008.0,3852.0
2023-08-17,180.0,4.8,3930.0,18.78,481,24,3825.0,3978.0,3765.0
2023-08-16,-125.0,-3.23,3750.0,19.15,505,23,3800.0,3850.0,3750.0
2023-08-15,-80.0,-2.02,3875.0,16.59,427,25,3880.0,3930.0,3840.0
2023-08-14,-92.0,-2.27,3955.0,8.35,210,15,4050.0,4050.0,3955.0
2023-08-13,-38.7,-0.95,4047.0,11.92,295,22,4070.0,4100.0,3956.0
2023-08-10,155.7,3.96,4085.7,13.81,341,21,4000.0,4085.7,4000.0
2023-08-09,30.1,0.77,3930.0,14.17,365,20,3850.0,3930.0,3850.0
2023-08-08,-65.0,-1.64,3899.9,11.16,285,16,4034.0,4034.0,3827.1
2023-08-07,37.9,0.97,3964.9,26.13,664,27,3990.0,4000.0,3890.0
2023-08-06,-122.0,-3.01,3927.0,20.95,525,28,4049.0,4129.9,3927.0
2023-08-03,0.1,0.0,4049.0,22.47,555,31,4100.0,4100.0,4025.0
2023-08-02,29.9,0.74,4048.9,22.33,556,38,3950.0,4100.0,3942.0
2023-08-01,-43.0,-1.06,4019.0,21.49,525,42,4142.0,4185.0,3980.0
2023-07-31,113.0,2.86,4062.0,33.94,840,53,4027.0,4090.0,3961.0
2023-07-30,-150.0,-3.66,3949.0,29.98,760,50,4055.0,4055.0,3866.0
2023-07-27,-90.0,-2.15,4099.0,27.14,664,41,4121.0,4188.0,4023.9
2023-07-26,107.0,2.62,4189.0,30.34,727,53,4012.0,4290.0,4007.0
2023-07-25,-148.0,-3.5,4082.0,34.85,846,59,4199.0,4200.0,4070.0
2023-07-24,-238.0,-5.33,4230.0,43.66,1012,70,4380.0,4539.0,4131.0
2023-07-23,366.1,8.93,4468.0,,3296,174,4183.9,4512.0,4180.0
2023-07-20,372.9,10.0,4101.9,,3432,155,3700.0,4101.9,3680.0
2023-07-19,249.0,7.16,3729.0,91.08,2505,105,3480.0,3750.0,3480.0
2023-07-18,31.0,0.9,3480.0,13.09,379,19,3516.0,3516.0,3410.1
2023-07-17,19.0,0.55,3449.0,13.11,380,20,3455.0,3487.0,3380.0
2023-07-16,19.9,0.58,3430.0,3.41,100,7,3478.3,3478.3,3355.0
2023-07-13,-59.9,-1.73,3410.1,3.59,105,9,3460.0,3465.0,3410.0
2023-07-12,62.0,1.82,3470.0,7.85,230,9,3341.0,3475.1,3341.0
2023-07-11,-66.9,-1.93,3408.0,15.6,450,12,3475.0,3488.0,3408.0
2023-07-10,-14.0,-0.4,3474.9,12.99,380,23,3460.0,3474.9,3391.0
2023-07-09,33.9,0.98,3488.9,4.67,135,9,3519.0,3519.0,3450.0
2023-07-06,45.3,1.33,3455.0,6.08,177,10,3409.0,3459.0,3352.0
2023-07-05,-40.3,-1.17,3409.7,6.86,204,14,3442.0,3442.0,3347.0
2023-07-04,-17.0,-0.49,3450.0,2.37,69,5,3401.0,3467.0,3401.0
2023-07-03,37.0,1.08,3467.0,8.14,240,13,3400.0,3468.0,3340.0
2023-07-02,-120.0,-3.38,3430.0,5.6,161,10,3481.0,3500.0,3422.0
2023-06-28,-50.0,-1.39,3550.0,14.38,409,19,3528.0,3560.0,3480.0
2023-06-27,65.0,1.84,3600.0,30.83,857,31,3578.0,3605.7,3578.0
2023-06-26,-15.0,-0.42,3535.0,18.23,515,19,3597.0,3598.0,3523.0
2023-06-25,79.0,2.28,3550.0,27.55,785,37,3539.0,3550.0,3421.0
2023-06-22,11.0,0.32,3471.0,11.58,336,16,3510.0,3510.0,3406.0
2023-06-21,-79.9,-2.26,3460.0,9.04,260,18,3599.0,3599.0,3458.0
2023-06-20,19.9,0.57,3539.9,15.39,440,25,3589.0,3589.0,3430.0
2023-06-19,68.0,1.97,3520.0,7.18,205,15,3521.0,3591.0,3453.0
2023-06-18,-48.0,-1.37,3452.0,18.73,540,26,3500.0,3570.0,3437.0
2023-06-15,-50.0,-1.41,3500.0,18.17,519,25,3560.0,3560.0,3485.0
2023-06-14,-45.0,-1.25,3550.0,33.35,926,42,3664.0,3666.9,3506.0
2023-06-13,195.0,5.74,3595.0,34.94,977,47,3460.0,3600.0,3460.0
2023-06-12,-97.0,-2.77,3400.0,15.6,459,24,3520.0,3539.0,3342.0
2023-06-11,49.0,1.42,3497.0,21.5,620,31,3515.0,3519.0,3404.0
2023-06-08,139.0,4.2,3448.0,40.94,1210,35,3310.0,3470.0,3310.0
2023-06-07,59.0,1.82,3309.0,15.35,470,19,3314.7,3315.0,3250.0
2023-06-06,13.0,0.4,3250.0,9.98,305,15,3242.3,3305.0,3240.0
2023-06-05,-63.0,-1.91,3237.0,11.79,360,20,3300.0,3364.0,3237.0
2023-06-04,138.0,4.36,3300.0,6.25,190,12,3225.0,3339.0,3212.0
2023-06-01,2.0,0.06,3162.0,1.27,40,3,3223.2,3223.2,3161.1
2023-05-31,-60.0,-1.86,3160.0,8.67,275,15,3162.0,3162.0,3120.0
2023-05-30,-80.0,-2.42,3220.0,3.56,110,10,3240.0,3250.0,3220.0
2023-05-28,-47.5,-1.42,3300.0,41.05,1223,37,3393.9,3395.0,3300.0
2023-05-24,47.5,1.44,3347.5,6.23,190,10,3300.0,3347.5,3263.0
2023-05-23,100.0,3.12,3300.0,4.28,130,9,3264.0,3310.0,3264.0
2023-05-22,-50.0,-1.54,3200.0,1.6,50,3,3200.0,3200.0,3200.0
2023-05-21,89.9,2.84,3250.0,4.19,130,10,3200.0,3250.0,3200.0
2023-05-18,60.1,1.94,3160.1,12.55,395,13,3062.0,3200.0,3062.0
2023-05-16,49.8,1.63,3100.0,1.54,50,4,3095.0,3100.0,3095.0
2023-05-15,-19.8,-0.64,3050.2,,20,1,3050.2,3050.2,3050.2
2023-05-14,0.0,0.0,3070.0,3.71,121,7,3130.0,3130.0,3060.0
2023-05-11,-10.1,-0.33,3070.0,,20,2,3080.0,3080.0,3070.0
2023-05-09,-28.9,-0.93,3080.1,,10,1,3080.1,3080.1,3080.1
2023-05-08,24.0,0.78,3109.0,11.45,370,8,3100.0,3109.0,3050.0
2023-05-07,0.0,0.0,3085.0,3.39,110,4,3086.1,3086.1,3085.0
2023-05-04,0.0,0.0,3085.0,3.08,100,6,3091.0,3091.0,3085.0
2023-05-03,-15.0,-0.48,3085.0,1.36,44,3,3099.0,3099.0,3085.0
2023-05-02,0.0,0.0,3100.0,3.7,120,8,3080.9,3100.1,3080.0
2023-04-30,0.0,0.0,3100.0,4.66,150,6,3100.0,3150.0,3100.0
2023-04-27,0.0,0.0,3100.0,1.55,50,5,3100.0,3100.0,3100.0
2023-04-26,-20.0,-0.64,3100.0,3.1,100,7,3107.0,3107.0,3100.0
2023-04-25,9.0,0.29,3120.0,5.91,190,9,3110.0,3131.0,3105.0
2023-04-24,-9.0,-0.29,3111.0,5.2,167,9,3160.0,3160.0,3100.0
2023-04-23,-30.0,-0.95,3120.0,5.73,185,8,3100.0,3120.0,3092.0
2023-04-20,-20.0,-0.63,3150.0,3.16,100,6,3170.0,3170.0,3150.0
2023-04-19,-0.9,-0.03,3170.0,,20,2,3170.9,3170.9,3170.0
2023-04-18,-54.1,-1.68,3170.9,1.43,45,4,3200.0,3200.0,3170.9
2023-04-16,-8.0,-0.25,3225.0,1.92,60,4,3200.0,3225.0,3200.0
2023-04-13,-65.9,-2.0,3233.0,13.8,425,15,3300.0,3300.0,3233.0
2023-04-12,146.2,4.64,3298.9,5.41,167,11,3200.0,3298.9,3200.0
2023-04-11,61.7,2.0,3152.7,,20,2,3150.1,3152.7,3150.1
2023-04-10,1.0,0.03,3091.0,14.88,481,5,3150.0,3151.0,3091.0
2023-04-09,-40.0,-1.28,3090.0,3.56,115,7,3100.0,3100.0,3090.0
2023-04-06,-60.0,-1.88,3130.0,2.66,85,6,3135.0,3135.0,3130.0
2023-04-05,39.9,1.27,3190.0,8.34,267,7,3190.0,3190.0,3110.0
2023-04-04,-49.9,-1.56,3150.1,1.58,50,4,3141.1,3190.0,3141.1
2023-04-03,78.0,2.5,3200.0,6.52,205,10,3122.0,3200.0,3122.0
2023-04-02,24.0,0.77,3122.0,2.84,90,9,3050.0,3230.0,3050.0
2023-03-30,-117.0,-3.64,3098.0,13.26,420,23,3250.0,3250.0,3098.0
2023-03-29,-50.0,-1.53,3215.0,2.25,70,3,3230.0,3230.0,3215.0
2023-03-28,15.0,0.46,3265.0,11.99,370,18,3250.0,3288.0,3225.1
2023-03-27,-61.0,-1.84,3250.0,6.2,191,10,3251.0,3251.0,3245.0
2023-03-26,-7.8,-0.24,3311.0,,30,3,3253.3,3311.0,3253.3
2023-03-23,-0.2,-0.01,3318.8,4.87,149,9,3255.0,3320.0,3255.0
2023-03-22,-9.0,-0.27,3319.0,1.48,45,3,3282.0,3319.0,3280.0
2023-03-20,2.0,0.06,3328.0,11.46,345,18,3275.0,3380.0,3275.0
2023-03-19,65.0,1.99,3326.0,3.22,100,6,3211.0,3326.0,3205.0
2023-03-16,6.0,0.18,3261.0,4.66,141,5,3320.0,3320.0,3261.0
2023-03-15,-45.0,-1.36,3255.0,10.51,320,13,3364.0,3364.0,3249.0
2023-03-14,5.0,0.15,3300.0,8.75,265,8,3300.0,3348.0,3290.0
2023-03-13,-5.0,-0.15,3295.0,1.47,45,3,3290.0,3295.0,3254.0
2023-03-12,0.0,0.0,3300.0,6.23,190,7,3301.0,3301.0,3241.0
2023-03-09,0.0,0.0,3300.0,2.34,71,7,3308.0,3308.0,3299.8
2023-03-07,135.0,4.27,3300.0,2.92,90,4,3200.0,3300.0,3200.0
2023-03-05,-41.0,-1.28,3165.0,20.7,651,20,3242.0,3242.0,3130.0
2023-03-02,-49.0,-1.51,3206.0,3.92,121,8,3250.0,3260.0,3206.0
2023-03-01,-60.0,-1.81,3255.0,15.13,463,17,3270.0,3350.0,3248.7
2023-02-28,-39.0,-1.16,3315.0,9.89,298,14,3309.0,3350.0,3307.0
2023-02-27,124.0,3.84,3354.0,5.57,170,6,3230.0,3354.0,3230.0
2023-02-26,-0.1,0.0,3230.0,8.11,251,16,3201.0,3284.4,3201.0
2023-02-23,1.1,0.03,3230.1,10.12,313,21,3205.0,3269.0,3205.0
2023-02-22,-1.0,-0.03,3229.0,6.07,187,11,3284.0,3284.0,3229.0
2023-02-20,-12.1,-0.37,3230.0,12.76,395,11,3220.0,3240.0,3220.0
2023-02-16,-19.9,-0.61,3242.1,8.83,271,16,3266.0,3267.0,3242.1
2023-02-15,-39.0,-1.18,3262.0,2.62,80,8,3253.0,3300.0,3253.0
2023-02-14,-29.0,-0.87,3301.0,7.98,242,9,3265.0,3330.0,3265.0
2023-02-12,-130.0,-3.76,3330.0,3.69,110,8,3395.0,3395.0,3330.0
2023-02-09,56.0,1.65,3460.0,4.13,120,5,3400.0,3460.0,3400.0
2023-02-08,-64.0,-1.85,3404.0,5.21,149,13,3520.0,3537.0,3404.0
2023-02-07,168.0,5.09,3468.0,6.41,185,12,3366.0,3495.0,3366.0
2023-02-06,-5.0,-0.15,3300.0,,20,1,3300.0,3300.0,3300.0
2023-02-05,55.0,1.69,3305.0,1.32,40,3,3315.0,3340.0,3305.0
2023-02-02,-77.0,-2.31,3250.0,16.29,496,30,3389.0,3390.0,3250.0
2023-02-01,-43.0,-1.28,3327.0,7.56,225,13,3435.0,3437.0,3310.0
2023-01-31,0.0,0.0,3370.0,14.05,416,13,3436.0,3437.0,3370.0
2023-01-30,-80.0,-2.32,3370.0,19.5,575,29,3431.0,3480.0,3361.0
2023-01-29,-45.1,-1.29,3450.0,7.45,215,12,3431.0,3565.0,3431.0
2023-01-26,0.0,0.12,3495.1,,194,0,3495.0,3497.0,3495.0
2023-01-25,0.0,0.14,3491.0,,422,0,3555.9,3555.9,3480.0
2023-01-24,0.0,-0.06,3486.2,,205,0,3480.0,3520.0,3480.0
2023-01-23,0.0,-1.74,3488.2,,320,0,3520.0,3600.0,3488.0
2023-01-19,0.0,2.31,3550.0,,730,0,3500.0,3712.0,3500.0
2023-01-18,0.0,-1.42,3470.0,,505,0,3590.0,3590.4,3470.0
2023-01-17,0.0,2.03,3520.0,,400,0,3500.0,3520.0,3400.0
2023-01-12,0.0,-1.99,3450.0,,685,0,3590.4,3662.2,3381.0
2023-01-10,0.0,-3.38,3520.0,,977,0,3712.0,3786.0,3500.0
2023-01-09,0.0,0.36,3643.0,,665,0,3699.0,3699.9,3572.1
2023-01-08,0.0,-1.76,3630.0,,832,0,3621.1,3740.0,3602.0
2023-01-05,0.0,1.53,3695.0,,750,0,3710.0,3780.0,3459.0
2023-01-04,0.0,8.12,3639.2,,1104,0,3430.0,3639.2,3400.0
2023-01-03,0.0,1.08,3366.0,,678,0,3330.0,3513.0,3263.4
2023-01-02,0.0,2.9,3330.0,,396,0,3300.0,3349.0,3280.0
2023-01-01,0.0,-1.88,3236.0,,195,0,3363.9,3363.9,3236.0
2022-12-29,0.0,2.58,3298.0,,444,0,3270.0,3345.0,3270.0
2022-12-28,0.0,-2.81,3215.0,,502,0,3330.0,3330.0,3200.0
2022-12-27,0.0,1.97,3308.0,,1014,0,3300.0,3330.0,3245.0
2022-12-26,0.0,4.98,3244.0,,102,0,3151.0,3244.0,3151.0
2022-12-22,0.0,-1.15,3090.0,,347,0,3083.0,3130.0,3083.0
2022-12-21,0.0,0.68,3126.0,,162,0,3101.0,3200.0,3101.0
2022-12-20,0.0,0.49,3105.0,,70,0,3151.0,3151.0,3105.0
2022-12-19,0.0,-0.32,3090.0,,190,0,3162.0,3162.0,3090.0
2022-12-18,0.0,-4.88,3100.0,,578,0,3194.0,3194.0,3100.0
2022-12-15,0.0,-0.28,3259.0,,20,0,3268.0,3268.0,3259.0
2022-12-14,0.0,-0.03,3268.0,,20,0,3210.0,3268.0,3210.0
2022-12-13,0.0,0.58,3269.0,,80,0,3249.0,3269.0,3249.0
2022-12-12,0.0,3.17,3250.0,,106,0,3130.1,3250.0,3130.1
2022-12-11,0.0,-2.78,3150.0,,155,0,3195.0,3195.0,3150.0
2022-12-07,0.0,-0.31,3240.0,,48,0,3190.0,3240.0,3190.0
2022-12-06,0.0,0.15,3250.0,,285,0,3200.0,3250.0,3200.0
2022-12-05,0.0,-1.16,3245.0,,409,0,3250.2,3280.0,3200.1
2022-12-04,0.0,0.7,3283.0,,344,0,3325.0,3350.0,3260.0
2022-12-01,0.0,-0.46,3260.1,,225,0,3280.0,3308.0,3251.0
2022-11-29,0.0,-2.23,3275.2,,228,0,3286.0,3290.0,3275.2
2022-11-28,0.0,-0.5,3350.0,,160,0,3430.0,3430.0,3350.0
2022-11-27,0.0,1.11,3367.0,,385,0,3301.0,3367.0,3251.0
2022-11-24,0.0,1.31,3330.0,,10,0,3330.0,3330.0,3330.0
2022-11-23,0.0,-3.32,3287.0,,185,0,3340.0,3340.0,3285.1
2022-11-22,0.0,1.98,3400.0,,120,0,3320.0,3400.0,3272.1
2022-11-17,0.0,2.58,3334.0,,267,0,3260.0,3350.0,3250.0
2022-11-16,0.0,-2.84,3250.0,,270,0,3278.1,3278.1,3250.0
2022-11-15,0.0,-0.08,3345.0,,725,0,3347.7,3347.7,3280.8
2022-11-14,0.0,-0.04,3347.7,,215,0,3282.1,3347.7,3250.0
2022-11-13,0.0,1.36,3349.0,,10,0,3349.0,3349.0,3349.0
2022-11-10,0.0,0.0,3304.0,,130,0,3366.0,3366.0,3200.0
2022-11-09,0.0,-0.09,3304.0,,300,0,3251.0,3304.0,3180.0
2022-11-08,0.0,-0.39,3307.0,,60,0,3370.0,3370.0,3306.0
2022-11-07,0.0,-3.09,3320.0,,140,0,3358.1,3358.1,3311.0
2022-11-06,0.0,5.62,3426.0,,800,0,3250.0,3426.0,3241.0
2022-11-03,0.0,-3.94,3243.8,,162,0,3313.0,3313.0,3243.8
2022-11-02,0.0,1.59,3377.0,,90,0,3320.0,3377.0,3310.0
2022-11-01,0.0,-0.48,3324.0,,210,0,3300.0,3390.0,3300.0
2022-10-31,0.0,1.27,3340.0,,40,0,3300.1,3340.0,3235.1
2022-10-20,0.0,4.04,3298.0,,20,0,3233.4,3298.0,3233.4
2022-10-17,0.0,-1.0,3170.0,,80,0,3200.0,3200.0,3170.0
2022-10-16,0.0,0.06,3202.0,,134,0,3264.0,3264.0,3200.0
2022-10-13,0.0,0.0,3200.0,,10,0,3200.0,3200.0,3200.0
2022-10-12,0.0,0.34,3212.0,,60,0,3200.0,3255.0,3200.0
2022-10-11,0.0,-1.14,3201.0,,220,0,3200.0,3201.0,3200.0
2022-10-10,0.0,-1.19,3238.0,,173,0,3251.0,3342.0,3238.0
2022-10-09,0.0,1.99,3277.0,,40,0,3277.2,3277.2,3270.0
2022-09-29,0.0,0.72,3213.0,,83,0,3150.1,3213.0,3150.0
2022-09-28,0.0,0.0,3190.0,,200,0,3200.0,3200.0,3190.0
2022-09-27,0.0,-1.85,3190.0,,280,0,3211.0,3250.0,3190.0
2022-09-25,0.0,1.59,3250.0,,741,0,3260.0,3262.0,3185.0
2022-09-22,0.0,-1.81,3199.0,,38,0,3195.0,3199.0,3195.0
2022-09-21,0.0,1.81,3258.0,,125,0,3260.0,3270.0,3258.0
2022-09-20,0.0,-1.54,3200.0,,255,0,3315.0,3315.0,3137.0
2022-09-18,0.0,-2.11,3250.0,,213,0,3255.0,3310.0,3189.0
2022-09-16,0.0,-1.8,3320.0,,74,0,3350.0,3355.0,3320.0
2022-09-15,0.0,-5.29,3381.0,,215,0,3570.0,3570.0,3381.0
2022-09-14,0.0,5.62,3570.0,,220,0,3435.0,3570.0,3435.0
2022-09-13,0.0,0.6,3380.0,,20,0,3416.0,3416.0,3380.0
2022-09-12,0.0,1.2,3360.0,,60,0,3354.0,3360.0,3354.0
2022-09-11,0.0,-1.63,3320.0,,190,0,3325.1,3325.1,3320.0
2022-09-08,0.0,-0.21,3375.0,,170,0,3385.0,3400.0,3375.0
2022-09-07,0.0,-0.82,3382.2,,90,0,3475.0,3478.2,3382.2
2022-09-06,0.0,-3.67,3410.0,,110,0,3471.0,3471.0,3410.0
2022-09-05,0.0,1.72,3540.0,,150,0,3480.1,3540.0,3415.0
2022-09-04,0.0,3.26,3480.0,,110,0,3400.0,3490.0,3390.0
2022-09-02,0.0,0.0,3370.0,,30,0,3370.0,3370.0,3370.0
2022-09-01,0.0,-1.75,3370.0,,525,0,3439.8,3439.8,3361.4
2022-08-31,0.0,-1.35,3430.0,,284,0,3408.0,3430.0,3408.0
2022-08-30,0.0,1.91,3477.0,,190,0,3480.2,3549.8,3407.0
2022-08-29,0.0,-1.59,3412.0,,78,0,3411.1,3415.0,3406.0
2022-08-28,0.0,-3.69,3467.0,,208,0,3605.0,3605.0,3462.5
2022-08-26,0.0,1.41,3600.0,,10,0,3600.0,3600.0,3600.0
2022-08-25,0.0,-1.5,3550.1,,240,0,3600.0,3600.0,3550.0
2022-08-24,0.0,0.12,3604.3,,100,0,3610.0,3610.0,3604.3
2022-08-23,0.0,-0.55,3600.0,,90,0,3600.0,3601.0,3590.0
2022-08-22,0.0,-0.31,3620.0,,70,0,3635.1,3635.1,3606.4
2022-08-21,0.0,-1.33,3631.1,,75,0,3700.0,3700.0,3631.1
2022-08-18,0.0,2.22,3680.0,,130,0,3672.0,3720.0,3672.0
2022-08-17,0.0,-1.39,3600.0,,463,0,3700.0,3745.0,3600.0
2022-08-16,0.0,-2.65,3650.6,,325,0,3800.0,3800.0,3650.6
2022-08-15,0.0,2.15,3750.0,,133,0,3671.0,3750.0,3671.0
2022-08-14,0.0,-1.32,3671.0,,190,0,3700.0,3730.0,3671.0
2022-08-11,0.0,1.09,3720.0,,80,0,3718.9,3720.0,3673.0
2022-08-10,0.0,-0.16,3680.0,,60,0,3686.0,3700.0,3665.0
2022-08-09,0.0,-2.91,3686.0,,232,0,3720.7,3721.0,3680.0
2022-08-08,0.0,1.92,3796.6,,110,0,3799.0,3874.0,3796.6
2022-08-07,0.0,-1.19,3725.0,,165,0,3771.0,3771.0,3710.0
2022-08-05,0.0,-0.79,3770.0,,248,0,3731.0,3795.0,3700.0
2022-08-04,0.0,-5.0,3800.1,,152,0,3930.0,3930.0,3800.1
2022-08-03,0.0,0.0,4000.0,,537,0,4000.0,4075.0,3920.0
2022-08-02,0.0,1.27,4000.0,,207,0,3915.0,4000.0,3860.0
2022-08-01,0.0,0.0,3950.0,,720,0,3985.0,4060.0,3912.1
2022-07-31,0.0,5.05,3950.0,,1107,0,3730.0,4050.0,3730.0
2022-07-29,0.0,-0.21,3760.0,,160,0,3700.0,3799.0,3693.0
2022-07-28,0.0,1.51,3768.0,,315,0,3786.0,3800.0,3725.0
2022-07-27,0.0,0.19,3712.0,,130,0,3710.0,3774.0,3700.0
2022-07-26,0.0,-3.77,3705.0,,325,0,3800.0,3900.0,3699.5
2022-07-25,0.0,2.85,3850.0,,366,0,3818.0,3860.0,3780.0
2022-07-24,0.0,2.28,3743.4,,294,0,3732.0,3743.4,3659.0
2022-07-22,0.0,-0.65,3660.0,,89,0,3690.0,3690.0,3610.4
2022-07-21,0.0,-1.5,3684.0,,248,0,3740.0,3740.0,3684.0
2022-07-20,0.0,-0.27,3740.0,,195,0,3751.0,3760.0,3712.0
2022-07-19,0.0,2.04,3750.0,,175,0,3748.0,3780.0,3745.0
2022-07-18,0.0,2.88,3675.0,,292,0,3643.0,3676.0,3606.1
2022-07-17,0.0,-0.78,3572.0,,180,0,3541.0,3600.0,3528.0
2022-07-15,0.0,-0.41,3600.0,,89,0,3680.0,3680.0,3551.0
2022-07-14,0.0,1.97,3615.0,,250,0,3615.9,3670.0,3560.0
2022-07-13,0.0,1.29,3545.0,,290,0,3570.0,3641.0,3520.0
2022-07-12,0.0,0.43,3500.0,,205,0,3424.0,3561.0,3424.0
2022-07-11,0.0,-5.56,3485.0,,255,0,3629.0,3629.0,3485.0
2022-07-08,0.0,-4.03,3690.0,,275,0,3800.0,3800.0,3690.0
2022-07-07,0.0,-0.52,3845.0,,150,0,3940.0,3940.0,3805.4
2022-07-06,0.0,1.71,3865.0,,365,0,3725.0,3880.0,3725.0
2022-07-05,0.0,-5.0,3800.0,,903,0,3999.0,4300.0,3796.0
2022-07-04,0.0,6.67,4000.0,,1058,0,3825.0,4057.5,3675.0
2022-07-03,0.0,5.63,3750.0,,375,0,3551.0,3763.0,3550.0
2022-07-01,0.0,0.62,3550.0,,320,0,3598.0,3600.0,3545.0
2022-06-30,0.0,2.38,3528.0,,228,0,3514.0,3600.0,3500.0
2022-06-29,0.0,0.76,3446.0,,110,0,3488.0,3500.0,3446.0
2022-06-28,0.0,-0.32,3420.0,,45,0,3490.0,3490.0,3420.0
2022-06-27,0.0,-4.24,3431.0,,413,0,3585.0,3585.0,3431.0
2022-06-26,0.0,9.98,3583.0,,447,0,3323.0,3583.8,3323.0
2022-06-24,0.0,-0.06,3258.0,,20,0,3195.0,3258.0,3195.0
2022-06-23,0.0,-2.69,3260.0,,510,0,3290.0,3290.0,3200.0
2022-06-22,0.0,-1.47,3350.0,,30,0,3350.0,3350.0,3350.0
2022-06-21,0.0,2.41,3400.0,,75,0,3386.4,3400.0,3386.4
2022-06-20,0.0,-2.35,3320.0,,320,0,3332.0,3332.0,3265.4
2022-06-19,0.0,-1.16,3400.0,,102,0,3400.0,3500.0,3400.0
2022-06-17,0.0,-1.71,3440.0,,60,0,3495.0,3495.0,3440.0
2022-06-16,0.0,2.19,3500.0,,170,0,3492.0,3558.0,3492.0
2022-06-15,0.0,-2.14,3425.0,,277,0,3500.0,3500.0,3365.0
2022-06-14,0.0,-3.37,3500.0,,154,0,3550.0,3550.0,3486.0
2022-06-13,0.0,2.0,3622.0,,75,0,3551.0,3622.0,3515.1
2022-06-10,0.0,-1.33,3551.0,,145,0,3542.1,3599.9,3540.0
2022-06-09,0.0,-0.61,3599.0,,200,0,3693.4,3693.4,3590.0
2022-06-08,0.0,2.0,3621.0,,180,0,3551.0,3622.0,3551.0
2022-06-07,0.0,-2.61,3550.0,,495,0,3610.0,3610.0,3550.0
2022-06-06,0.0,1.25,3645.0,,153,0,3545.0,3645.0,3545.0
2022-06-03,0.0,-0.28,3600.0,,163,0,3615.0,3630.0,3600.0
2022-06-02,0.0,0.25,3610.0,,97,0,3602.0,3611.0,3602.0
2022-06-01,0.0,0.03,3601.0,,273,0,3665.0,3670.0,3600.0
2022-05-31,0.0,-0.44,3600.0,,55,0,3600.0,3600.0,3590.0
2022-05-30,0.0,-1.77,3616.0,,100,0,3621.0,3682.0,3610.0
2022-05-27,0.0,-0.03,3681.0,,90,0,3612.0,3780.0,3612.0
2022-05-26,0.0,0.03,3682.0,,50,0,3754.0,3754.6,3682.0
2022-05-25,0.0,0.57,3681.0,,82,0,3700.0,3750.0,3681.0
2022-05-24,0.0,0.25,3660.0,,140,0,3609.0,3798.0,3609.0
2022-05-23,0.0,-2.64,3651.0,,480,0,3700.0,3774.0,3650.1
2022-05-20,0.0,0.26,3749.9,,120,0,3814.0,3814.0,3725.0
2022-05-19,0.0,-1.66,3740.0,,121,0,3803.0,3803.0,3740.0
2022-05-18,0.0,0.02,3803.0,,283,0,3819.9,3819.9,3701.0
2022-05-17,0.0,-5.19,3745.0,,157,0,3871.0,3872.0,3745.0
2022-05-12,0.0,-0.5,3950.0,,150,0,4048.0,4120.0,3900.0
2022-05-11,0.0,1.79,3970.0,,140,0,3975.0,3975.0,3910.0
2022-05-10,0.0,4.0,3900.0,,212,0,3824.0,3945.0,3824.0
2022-05-09,0.0,1.52,3750.0,,195,0,3767.0,3800.0,3750.0
2022-05-08,0.0,-0.1,3694.0,,867,0,3700.0,3700.0,3588.0
2022-05-05,0.0,-4.23,3697.8,,500,0,3850.0,3850.0,3697.8
2022-05-04,0.0,-1.3,3861.0,,210,0,3989.5,3990.0,3860.0
2022-05-02,0.0,-4.05,3912.0,,360,0,4004.0,4010.0,3912.0
2022-04-28,0.0,0.02,4077.0,,30,0,4080.0,4080.0,4077.0
2022-04-27,0.0,-1.54,4076.1,,1144,0,4100.0,4100.0,4060.0
2022-04-26,0.0,-2.59,4140.0,,445,0,4165.1,4184.1,4140.0
2022-04-25,0.0,-0.47,4250.0,,296,0,4185.0,4355.4,4185.0
2022-04-24,0.0,6.75,4270.0,,263,0,4080.0,4314.0,4020.0
2022-04-21,0.0,0.0,4000.0,,128,0,3970.0,4000.0,3922.0
2022-04-20,0.0,-1.49,4000.0,,52,0,4061.0,4061.0,4000.0
2022-04-19,0.0,0.38,4060.5,,222,0,4045.0,4148.0,4040.0
2022-04-18,0.0,-0.52,4045.0,,155,0,4100.0,4100.0,4018.1
2022-04-17,0.0,-4.33,4066.0,,242,0,4200.0,4200.0,4052.0
2022-04-13,0.0,4.42,4250.0,,201,0,4120.0,4271.0,4120.0
2022-04-12,0.0,-1.45,4070.0,,400,0,4130.0,4132.0,4065.1
2022-04-11,0.0,-3.89,4130.0,,318,0,4382.0,4382.0,4130.0
2022-04-07,0.0,4.8,4297.0,,480,0,4182.0,4297.0,4121.0
2022-04-06,0.0,-1.56,4100.0,,350,0,4165.0,4320.0,4082.0
2022-04-05,0.0,-3.14,4165.0,,313,0,4214.0,4214.0,4129.8
2022-04-04,0.0,0.37,4300.0,,112,0,4199.0,4310.0,4199.0
2022-04-03,0.0,0.8,4284.0,,90,0,4200.0,4284.0,4200.0
2022-03-31,0.0,-2.3,4250.0,,846,0,4300.0,4300.0,4250.0
2022-03-30,0.0,3.69,4350.0,,127,0,4153.0,4406.0,4153.0
2022-03-29,0.0,-3.27,4195.0,,606,0,4281.0,4335.0,4195.0
2022-03-28,0.0,-0.32,4337.0,,77,0,4425.0,4425.0,4337.0
2022-03-27,0.0,-1.69,4351.0,,163,0,4480.0,4480.0,4351.0
2022-03-24,0.0,0.59,4425.9,,140,0,4320.0,4425.9,4320.0
2022-03-23,0.0,-1.12,4400.0,,107,0,4500.0,4500.0,4400.0
2022-03-22,0.0,2.75,4450.0,,334,0,4417.0,4550.0,4417.0
2022-03-21,0.0,-0.32,4331.0,,212,0,4330.0,4431.0,4300.0
2022-03-20,0.0,-3.23,4345.0,,347,0,4450.0,4450.0,4313.0
2022-03-16,0.0,-0.41,4490.0,,95,0,4580.0,4580.0,4489.0
2022-03-15,0.0,-1.99,4508.5,,279,0,4600.0,4670.0,4508.5
2022-03-14,0.0,0.88,4600.0,,31,0,4570.0,4600.0,4570.0
2022-03-13,0.0,4.11,4560.0,,325,0,4467.0,4600.0,4460.0
2022-03-10,0.0,4.46,4380.0,,464,0,4276.8,4420.0,4276.8
2022-03-09,0.0,-5.78,4193.0,,1580,0,4449.0,4449.0,4193.0
2022-03-07,0.0,-1.94,4450.0,,145,0,4600.0,4600.0,4450.0
2022-03-06,0.0,0.8,4538.0,,113,0,4451.0,4538.0,4451.0
2022-03-02,0.0,-2.45,4502.0,,253,0,4525.0,4525.0,4470.0
2022-02-28,0.0,-1.81,4615.0,,136,0,4700.0,4700.0,4611.1
2022-02-27,0.0,-0.84,4700.0,,290,0,4655.0,4794.0,4645.2
2022-02-24,0.0,-0.86,4740.0,,220,0,4700.0,4740.0,4606.0
2022-02-23,0.0,-1.63,4781.0,,20,0,4820.0,4820.0,4781.0
2022-02-22,0.0,2.32,4860.0,,447,0,4845.0,4860.0,4749.0
2022-02-21,0.0,2.15,4750.0,,450,0,4715.0,4750.0,4625.0
2022-02-20,0.0,-1.8,4650.0,,581,0,4700.0,4770.0,4640.3
2022-02-17,0.0,-1.35,4735.0,,541,0,4721.0,4834.0,4720.0
2022-02-16,0.0,-0.93,4800.0,,421,0,4850.0,4990.0,4800.0
2022-02-15,0.0,-0.12,4845.0,,178,0,4755.0,4850.1,4755.0
2022-02-14,0.0,0.02,4851.0,,160,0,4945.0,4945.0,4800.0
2022-02-13,0.0,-3.48,4850.0,,793,0,4950.1,5000.0,4802.0
2022-02-10,0.0,0.5,5025.0,,50,0,5099.0,5099.0,5000.0
2022-02-09,0.0,-0.2,5000.0,,228,0,5000.0,5090.0,5000.0
2022-02-08,0.0,0.0,5010.0,,316,0,5125.0,5125.0,4949.4
2022-02-07,0.0,-0.1,5025.1,,660,0,5130.0,5230.0,4975.1
2022-02-06,0.0,-1.95,5030.0,,528,0,5230.0,5330.0,5029.1
2022-02-03,0.0,-0.97,5130.0,,513,0,5200.0,5285.0,5130.0
2022-02-01,0.0,-0.38,5180.0,,290,0,5200.0,5250.0,5145.0
2022-01-31,0.0,0.04,5200.0,,1318,0,5210.0,5320.0,5200.0
2022-01-30,0.0,2.93,5198.0,,913,0,5151.0,5250.0,5055.0
2022-01-27,0.0,-0.98,5050.0,,270,0,4999.0,5100.0,4992.0
2022-01-26,0.0,0.0,5100.0,,602,0,5000.0,5100.0,4900.0
2022-01-25,0.0,2.0,5100.0,,387,0,5095.0,5200.0,4993.0
2022-01-24,0.0,-5.07,5000.0,,1600,0,5200.0,5200.0,4950.0
2022-01-23,0.0,-0.15,5267.0,,305,0,5380.0,5400.0,5267.0
2022-01-20,0.0,1.64,5275.0,,565,0,5190.0,5293.8,5190.0
2022-01-19,0.0,-2.97,5190.0,,612,0,5260.0,5455.0,5190.0
2022-01-18,0.0,-3.06,5349.0,,512,0,5598.0,5599.0,5272.0
2022-01-17,0.0,-0.58,5518.0,,354,0,5500.0,5600.0,5392.0
2022-01-16,0.0,1.13,5550.0,,1395,0,5488.0,5763.0,5488.0
2022-01-13,0.0,4.53,5488.0,,753,0,5250.0,5618.0,5165.0
2022-01-12,0.0,0.96,5250.0,,1263,0,5200.0,5525.0,5186.5
2022-01-11,0.0,2.0,5200.0,,519,0,5199.0,5246.0,5160.0
2022-01-10,0.0,-0.53,5098.0,,420,0,5203.0,5203.0,5096.0
2022-01-09,0.0,0.69,5125.1,,1146,0,5191.8,5202.0,5100.0
2022-01-06,0.0,-2.15,5090.0,,449,0,5098.0,5100.0,5031.0
2022-01-05,0.0,4.04,5202.0,,660,0,4950.0,5202.0,4901.0
2022-01-04,0.0,2.0,5000.0,,710,0,4999.9,5100.0,4945.0
2022-01-03,0.0,1.07,4902.0,,267,0,4945.5,5246.8,4880.0
2022-01-02,0.0,-0.1,4850.0,,500,0,4838.1,4880.0,4834.0
2021-12-29,0.0,2.21,4855.0,,395,0,4835.0,4936.8,4835.0
2021-12-28,0.0,-1.35,4750.0,,414,0,4899.0,4899.0,4750.0
2021-12-27,0.0,0.27,4815.0,,1185,0,4898.0,5004.0,4810.0
2021-12-26,0.0,-2.95,4802.0,,565,0,5030.0,5130.0,4802.0
2021-12-23,0.0,2.15,4948.0,,1077,0,4870.0,5170.0,4800.0
2021-12-22,0.0,7.64,4844.0,,1047,0,4550.0,4850.1,4550.0
2021-12-21,0.0,2.27,4500.0,,763,0,4488.0,4500.0,4400.0
2021-12-20,0.0,-1.12,4400.0,,366,0,4365.0,4410.0,4193.0
2021-12-16,0.0,-3.87,4450.0,,410,0,4536.5,4536.5,4295.0
2021-12-15,0.0,5.2,4629.0,,620,0,4488.1,4669.3,4400.0
2021-12-14,0.0,10.0,4400.1,,569,0,4002.0,4400.1,4000.0
2021-12-13,0.0,-8.51,4000.1,,897,0,4285.0,4320.0,4000.1
2021-12-12,0.0,-5.95,4372.0,,829,0,4600.0,4600.0,4294.0
2021-12-09,0.0,-0.88,4648.5,,240,0,4690.0,4743.0,4597.0
2021-12-08,0.0,-4.27,4690.0,,180,0,4805.0,4805.0,4690.0
2021-12-07,0.0,-2.02,4899.1,,402,0,5100.0,5100.0,4899.1
2021-12-06,0.0,2.0,5000.0,,415,0,4900.0,5000.0,4800.0
2021-12-05,0.0,-2.08,4902.0,,323,0,5000.0,5000.0,4900.0
2021-12-02,0.0,-1.84,5006.0,,200,0,5050.0,5056.0,5005.1
2021-12-01,0.0,0.2,5100.0,,380,0,5191.0,5200.0,5100.0
2021-11-30,0.0,-0.2,5090.0,,82,0,5100.0,5100.0,5090.0
2021-11-29,0.0,0.0,5100.0,,830,0,5201.0,5210.0,5080.0
2021-11-28,0.0,-2.86,5100.0,,624,0,5250.0,5260.0,5100.0
2021-11-25,0.0,0.0,5250.0,,123,0,5327.8,5327.8,5200.0
2021-11-24,0.0,-1.5,5250.0,,762,0,5300.0,5300.0,5217.0
2021-11-23,0.0,-1.3,5330.0,,295,0,5400.0,5400.0,5280.0
2021-11-22,0.0,1.68,5400.0,,387,0,5417.0,5417.0,5205.0
2021-11-21,0.0,-1.47,5311.0,,357,0,5396.0,5503.0,5306.0
2021-11-18,0.0,-3.01,5390.0,,220,0,5450.0,5559.0,5390.0
2021-11-17,0.0,-0.86,5557.0,,685,0,5717.0,5717.0,5552.0
2021-11-16,0.0,6.24,5605.0,,1563,0,5300.0,5803.0,5300.0
2021-11-15,0.0,4.29,5276.0,,328,0,5160.1,5350.0,5160.1
2021-11-14,0.0,0.08,5059.0,,559,0,4991.0,5191.0,4990.0
2021-11-11,0.0,-3.71,5055.0,,1433,0,5250.0,5299.0,5000.0
2021-11-09,0.0,-4.55,5250.0,,712,0,5395.0,5400.0,5250.0
2021-11-08,0.0,1.01,5500.0,,205,0,5425.0,5547.0,5425.0
2021-11-03,0.0,-2.59,5445.0,,460,0,5590.0,5700.0,5445.0
2021-11-02,0.0,-2.95,5590.0,,1036,0,5655.0,5690.0,5550.0
2021-11-01,0.0,-1.54,5760.0,,376,0,5840.0,5840.0,5650.0
2021-10-31,0.0,6.13,5850.0,,1036,0,5451.0,5875.0,5402.0
2021-10-28,0.0,1.89,5512.0,,303,0,5500.0,5600.0,5400.0
2021-10-27,0.0,2.06,5410.0,,514,0,5407.0,5700.0,5302.0
2021-10-26,0.0,0.02,5301.0,,350,0,5370.0,5500.0,5301.0
2021-10-25,0.0,0.0,5300.0,,310,0,5200.0,5370.0,5200.0
2021-10-24,0.0,2.91,5300.0,,585,0,5155.0,5300.0,5055.0
2021-10-21,0.0,-0.92,5150.0,,90,0,5150.0,5300.0,5091.0
2021-10-20,0.0,3.96,5198.0,,448,0,5100.0,5202.0,5098.0
2021-10-19,0.0,-2.91,5000.0,,1100,0,5065.0,5065.0,4960.0
2021-10-18,0.0,-1.9,5150.0,,165,0,5200.0,5200.0,5145.0
2021-10-17,0.0,-1.5,5250.0,,90,0,5330.0,5434.6,5241.0
2021-10-11,0.0,-2.88,5330.0,,477,0,5450.0,5450.0,5250.0
2021-10-10,0.0,3.04,5488.0,,279,0,5432.5,5599.8,5381.0
2021-10-06,0.0,2.44,5326.0,,417,0,5302.9,5326.0,5220.0
2021-10-05,0.0,2.95,5199.0,,725,0,5151.0,5230.0,5130.0
2021-10-04,0.0,0.0,5050.0,,140,0,5148.0,5150.0,5050.0
2021-10-03,0.0,-3.63,5050.0,,475,0,5280.0,5280.0,5035.1
2021-09-30,0.0,0.0,5240.0,,358,0,5343.0,5500.0,5240.0
2021-09-29,0.0,1.95,5240.0,,453,0,5060.1,5245.0,5050.0
2021-09-28,0.0,-1.91,5140.0,,620,0,5136.1,5340.0,5135.2
2021-09-27,0.0,-1.13,5240.0,,1071,0,5280.0,5300.0,5200.0
2021-09-26,0.0,-4.52,5300.0,,951,0,5662.0,5662.0,5285.0
2021-09-23,0.0,-3.46,5551.0,,609,0,5850.0,5895.0,5551.0
2021-09-22,0.0,7.34,5750.0,,762,0,5460.0,5795.0,5460.0
2021-09-21,0.0,-0.89,5357.0,,1137,0,5296.9,5514.0,4865.0
2021-09-20,0.0,-5.19,5405.0,,1073,0,5650.0,5650.0,5380.0
2021-09-16,0.0,-2.26,5701.0,,1442,0,5720.0,5910.0,5650.0
2021-09-15,0.0,-2.07,5833.0,,544,0,5843.0,5956.0,5833.0
2021-09-14,0.0,0.1,5956.0,,213,0,5950.0,6059.0,5950.0
2021-09-13,0.0,0.0,5950.0,,453,0,6069.0,6100.0,5950.0
2021-09-12,0.0,0.85,5950.0,,891,0,6017.0,6138.0,5875.0
2021-09-09,0.0,2.43,5900.0,,3235,0,5858.0,5975.0,5627.2
2021-09-08,0.0,-3.19,5760.0,,721,0,5960.0,6050.0,5750.0
2021-09-07,0.0,-2.86,5950.0,,590,0,6200.0,6200.0,5765.4
2021-09-06,0.0,5.6,6125.0,,757,0,5916.0,6270.0,5831.0
2021-09-05,0.0,-5.69,5800.0,,1423,0,6027.0,6050.0,5700.0
2021-09-02,0.0,-0.18,6150.0,,1039,0,6050.1,6393.0,6050.1
2021-09-01,0.0,-0.14,6161.2,,972,0,6280.0,6280.0,6160.0
2021-08-31,0.0,-2.06,6170.0,,694,0,6300.0,6300.0,6170.0
2021-08-29,0.0,-2.33,6300.0,,870,0,6450.0,6540.0,6300.0
2021-08-26,0.0,1.94,6450.0,,793,0,6450.0,6579.0,6325.0
2021-08-25,0.0,-2.16,6327.0,,1437,0,6467.0,6467.0,6300.0
2021-08-24,0.0,-3.19,6467.0,,1449,0,6615.0,6630.0,6466.0
2021-08-19,0.0,-1.34,6680.0,,1376,0,6890.0,6890.0,6680.0
2021-08-18,0.0,-1.87,6771.0,,930,0,6900.0,6990.0,6771.0
2021-08-17,0.0,-1.36,6900.0,,1387,0,7134.9,7134.9,6860.0
2021-08-16,0.0,2.94,6995.0,,5197,0,6930.9,7210.0,6795.0
2021-08-15,0.0,2.49,6795.0,,1762,0,6630.0,6795.0,6550.0
2021-08-12,0.0,0.15,6630.0,,801,0,6620.0,6752.4,6630.0
2021-08-11,0.0,-1.19,6620.0,,652,0,6600.0,6770.0,6600.0
2021-08-10,0.0,-0.74,6700.0,,810,0,6750.0,6850.0,6700.0
2021-08-09,0.0,2.74,6750.0,,1194,0,6650.0,6785.0,6500.0
2021-08-08,0.0,-2.23,6570.0,,1280,0,6789.0,6800.0,6566.7
2021-08-05,0.0,-1.47,6720.0,,2148,0,6950.0,6950.0,6572.0
2021-08-04,0.0,-0.22,6820.0,,1057,0,6971.0,6971.7,6770.1
2021-08-03,0.0,-1.23,6835.0,,1188,0,7058.4,7058.4,6780.0
2021-08-02,0.0,-0.1,6920.0,,1993,0,6950.0,7080.0,6542.0
2021-08-01,0.0,-0.33,6927.0,,1700,0,6812.0,7162.0,6811.0
2021-07-29,0.0,-1.57,6950.0,,1635,0,7010.0,7200.0,6900.0
2021-07-28,0.0,-1.38,7061.0,,5238,0,7160.0,7449.0,7000.0
2021-07-27,0.0,-3.06,7160.0,,6646,0,7533.5,8124.3,6713.0
2021-07-26,0.0,10.0,7385.8,,2717,0,6848.6,7385.8,6848.6
2021-07-25,0.0,10.0,6714.4,,1307,0,6226.0,6714.4,6226.0
2021-07-22,0.0,-3.1,6104.0,,806,0,6340.0,6340.0,6023.0
2021-07-20,0.0,2.09,6299.0,,2208,0,6293.0,6576.0,6170.0
2021-07-19,0.0,9.2,6170.0,,3161,0,5640.0,6215.0,5640.0
2021-07-18,0.0,0.89,5650.0,,228,0,5710.0,5800.0,5650.0
2021-07-15,0.0,0.0,5600.0,,622,0,5712.0,5712.0,5510.0
2021-07-14,0.0,-1.41,5600.0,,125,0,5605.0,5605.0,5600.0
2021-07-13,0.0,1.43,5680.0,,316,0,5710.0,5710.0,5600.0
2021-07-12,0.0,-2.44,5600.0,,729,0,5700.0,5751.0,5600.0
2021-07-11,0.0,2.5,5740.0,,645,0,5600.0,5750.0,5600.0
2021-07-08,0.0,0.18,5600.0,,783,0,5648.0,5799.0,5570.0
2021-07-07,0.0,-1.67,5590.0,,268,0,5798.0,5798.0,5572.0
2021-07-06,0.0,-3.3,5685.0,,2698,0,5899.0,6383.0,5685.0
2021-07-05,0.0,9.99,5879.0,,2602,0,5261.0,5879.0,5150.0
2021-07-04,0.0,-2.73,5345.0,,2129,0,5500.0,5500.0,5299.0
2021-07-01,0.0,-0.09,5495.0,,637,0,5500.0,5600.0,5400.0
2021-06-30,0.0,-0.22,5500.0,,836,0,5620.0,5622.0,5302.0
2021-06-29,0.0,-1.68,5512.0,,863,0,5718.0,5718.0,5512.0
2021-06-28,0.0,-1.3,5606.0,,1050,0,5670.0,5900.0,5606.0
2021-06-27,0.0,-2.07,5680.0,,760,0,5914.0,5916.0,5587.0
2021-06-24,0.0,-1.61,5800.0,,546,0,6000.0,6000.0,5782.0
2021-06-23,0.0,-3.04,5895.0,,960,0,5960.0,6200.0,5881.0
2021-06-22,0.0,2.18,6080.0,,815,0,5900.0,6242.0,5782.0
2021-06-21,0.0,-0.83,5950.0,,1324,0,6000.0,6120.0,5900.0
2021-06-20,0.0,-4.56,6000.0,,1981,0,6200.0,6324.0,6000.0
2021-06-17,0.0,-1.4,6287.0,,416,0,6376.0,6400.0,6287.0
2021-06-16,0.0,-3.39,6376.0,,1511,0,6600.0,6600.0,6300.0
2021-06-15,0.0,1.9,6600.0,,1572,0,6450.0,6840.0,6391.0
2021-06-14,0.0,-0.35,6477.0,,721,0,6500.0,6620.0,6460.0
2021-06-13,0.0,-1.86,6500.0,,1546,0,6620.0,6754.0,6500.0
2021-06-10,0.0,0.08,6623.0,,1383,0,6620.0,6970.0,6620.0
2021-06-09,0.0,0.02,6618.0,,1185,0,6550.0,7019.0,6550.0
2021-06-08,0.0,-1.52,6500.0,,3152,0,6600.0,6600.0,6370.0
2021-06-07,0.0,-0.98,6600.0,,970,0,6665.0,6730.0,6563.0
2021-06-06,0.0,0.23,6665.0,,1146,0,6783.0,7315.0,6653.0
2021-06-03,0.0,-0.84,6650.0,,2052,0,7041.0,7041.0,6650.0
2021-06-02,0.0,-1.67,6706.0,,819,0,6820.0,6900.0,6700.0
2021-06-01,0.0,-1.0,6820.0,,1468,0,6780.0,6920.0,6752.0
2021-05-31,0.0,-1.59,6889.0,,1385,0,7099.0,7099.0,6810.0
2021-05-30,0.0,0.0,7000.0,,2766,0,7140.0,7140.0,6855.0
2021-05-27,0.0,-0.71,7000.0,,3020,0,6909.0,7416.0,6902.0
2021-05-25,0.0,-0.66,7050.0,,3667,0,7235.0,7382.0,6742.0
2021-05-24,0.0,-0.04,7097.0,,2845,0,7156.0,7533.0,6958.0
2021-05-23,0.0,-0.17,7100.0,,4809,0,7050.0,7333.0,6860.0
2021-05-20,0.0,-3.63,7112.0,,2416,0,7233.0,7377.0,7101.0
2021-05-19,0.0,5.49,7380.0,,5936,0,7135.0,7555.0,6910.0
2021-05-18,0.0,10.0,6996.0,,5657,0,6678.0,6996.0,6287.0
2021-05-17,0.0,-1.84,6360.0,,3642,0,6608.0,6628.0,6127.0
2021-05-16,0.0,9.37,6479.0,,7645,0,6220.0,6516.0,5739.0
2021-05-13,0.0,9.99,5924.0,,8719,0,5493.0,5924.0,5493.0
2021-05-12,0.0,9.99,5386.0,,7181,0,4653.0,5386.0,4653.0
2021-05-11,0.0,-10.0,4897.0,,2671,0,5169.0,5169.0,4897.0
2021-05-10,0.0,-9.99,5441.0,,676,0,5743.0,5743.0,5441.0
2021-05-09,0.0,-9.99,6045.0,,100,0,6381.0,6381.0,6045.0
2021-05-06,0.0,-10.0,6716.0,,7881,0,7611.0,8208.0,6716.0
2021-05-05,0.0,9.99,7462.0,,220,0,6919.0,7462.0,6919.0
2021-05-04,0.0,9.99,6784.0,,626,0,6291.0,6784.0,6291.0
2021-05-03,0.0,9.99,6168.0,,1289,0,5888.0,6168.0,5888.0
2021-05-02,0.0,9.98,5608.0,,600,0,5353.0,5608.0,5353.0
2021-04-29,0.0,9.99,5099.0,,2678,0,4864.0,5099.0,4864.0
2021-04-28,0.0,9.99,4636.0,,3757,0,4513.0,4636.0,4513.0
2021-04-27,0.0,9.99,4215.0,,4723,0,4023.0,4215.0,4023.0
2021-04-26,0.0,9.99,3832.0,,5221,0,3658.0,3832.0,3658.0
2021-04-25,0.0,9.97,3484.0,,1212,0,3326.0,3484.0,3326.0
2021-04-22,0.0,10.0,3168.0,,555,0,3024.0,3168.0,3024.0
2021-01-31,0.0,-0.01,2880.0,,898,0,2979.0,3038.0,2850.0
2021-01-28,0.0,-0.02,2921.0,,2133,0,3000.0,3039.0,2900.0
2021-01-27,0.0,-0.01,2980.0,,1273,0,3050.0,3050.0,2940.0
2021-01-26,0.0,-0.03,3000.0,,1018,0,3119.0,3120.0,3000.0
2021-01-25,0.0,0.03,3098.0,,2054,0,3000.0,3139.0,3000.0
2021-01-24,0.0,-0.03,3000.0,,1694,0,3120.0,3120.0,2950.0
2021-01-21,0.0,-0.01,3091.0,,806,0,3190.0,3198.0,3083.0
2021-01-20,0.0,-0.04,3136.0,,2150,0,3275.0,3275.0,3135.0
2021-01-19,0.0,0.06,3265.0,,4469,0,3239.0,3393.0,3185.0
2021-01-18,0.0,0.1,3085.0,,3829,0,2776.0,3085.0,2775.0
2021-01-17,0.0,0.02,2805.0,,550,0,2796.0,2805.0,2753.0
2021-01-13,0.0,0.0,2754.0,,303,0,2815.0,2815.0,2754.0
2021-01-12,0.0,0.0,2764.0,,750,0,2795.0,2800.0,2750.0
2021-01-11,0.0,0.0,2751.0,,360,0,2815.0,2830.0,2750.0
2021-01-10,0.0,-0.02,2760.0,,1523,0,2861.0,2917.0,2748.0
2021-01-07,0.0,0.0,2805.0,,531,0,2855.0,2855.0,2750.0
2021-01-06,0.0,0.01,2800.0,,533,0,2760.0,2830.0,2760.0
2021-01-05,0.0,-0.03,2775.0,,411,0,2898.0,2898.0,2738.0
2021-01-04,0.0,0.0,2850.0,,785,0,2895.0,2953.0,2850.0
2021-01-03,0.0,0.06,2840.0,,3845,0,2720.0,2900.0,2720.0
2020-12-31,0.0,0.0,2670.0,,1146,0,2731.0,2840.0,2670.0
2020-12-30,0.0,0.05,2678.0,,885,0,2548.0,2678.0,2548.0
2020-12-29,0.0,-0.02,2548.0,,250,0,2590.0,2600.0,2548.0
2020-12-28,0.0,0.02,2590.0,,162,0,2541.0,2591.0,2541.0
2020-12-27,0.0,-0.06,2541.0,,535,0,2640.0,2640.0,2541.0
2020-12-24,0.0,0.0,2690.0,,70,0,2701.0,2702.0,2690.0
2020-12-23,0.0,-0.02,2700.0,,500,0,2805.0,2805.0,2697.0
2020-12-22,0.0,0.04,2750.0,,1099,0,2700.0,2860.0,2700.0
2020-12-21,0.0,0.04,2653.0,,1020,0,2499.0,2653.0,2400.0
2020-12-20,0.0,-0.06,2548.0,,1309,0,2646.0,2649.0,2543.0
2020-12-17,0.0,-0.03,2700.0,,1607,0,2800.0,2800.0,2653.0
2020-12-16,0.0,0.0,2793.0,,1376,0,2800.0,2925.0,2793.0
2020-12-15,0.0,-0.03,2800.0,,1606,0,2843.0,2870.0,2800.0
2020-12-14,0.0,0.0,2899.0,,1826,0,2955.0,2990.0,2845.0
2020-12-13,0.0,0.0,2898.0,,250,0,2958.0,2958.0,2852.0
2020-12-10,0.0,0.01,2900.0,,1417,0,2860.0,2975.0,2804.0
2020-12-09,0.0,-0.05,2860.0,,1225,0,2940.0,3050.0,2855.0
2020-12-08,0.0,-0.06,3000.0,,1199,0,3246.0,3300.0,2998.0
2020-12-07,0.0,0.1,3183.0,,1087,0,2838.0,3183.0,2838.0
2020-12-06,0.0,-0.09,2895.0,,1566,0,3127.0,3127.0,2880.0
2020-12-03,0.0,-0.07,3190.0,,1353,0,3489.0,3489.0,3137.0
2020-12-02,0.0,0.1,3429.0,,2718,0,3180.0,3429.0,3053.0
2020-12-01,0.0,-0.04,3118.0,,2389,0,3304.0,3500.0,3118.0
2020-11-30,0.0,-0.1,3240.0,,7133,0,3528.0,3669.0,3240.0
2020-11-29,0.0,-0.1,3600.0,,655,0,3920.0,3920.0,3600.0
2020-11-26,0.0,0.01,4000.0,,2396,0,4000.0,4345.0,3800.0
2020-11-25,0.0,0.1,3950.0,,4711,0,3662.0,3950.0,3662.0
2020-11-24,0.0,0.1,3591.0,,5535,0,3266.0,3591.0,3266.0
2020-11-23,0.0,0.01,3266.0,,4877,0,3167.0,3553.0,3041.0
2020-11-22,0.0,-0.03,3230.0,,4458,0,3495.0,3519.0,3066.0
2020-11-19,0.0,0.0,3329.0,,461,0,3150.0,3329.0,3150.0
2020-11-18,0.0,0.0,3027.0,,905,0,2889.0,3027.0,2889.0
2020-11-12,0.0,0.0,2752.0,,5386,0,2552.0,2752.0,2552.0
2020-11-11,0.0,9.98,2502.0,,3074,0,2250.0,2502.0,2230.0
2020-11-10,0.0,-4.61,2275.0,,1000,0,2395.0,2400.0,2259.0
2020-11-09,0.0,-0.29,2385.0,,1042,0,2392.0,2392.0,2299.0
2020-11-08,0.0,1.53,2392.0,,2883,0,2309.0,2392.0,2132.0
2020-11-05,0.0,-8.5,2356.0,,3748,0,2703.0,2757.0,2356.0
2020-11-04,0.0,10.0,2575.0,,5312,0,2458.0,2575.0,2458.0
2020-11-03,0.0,9.96,2341.0,,2446,0,2235.0,2341.0,2235.0
2020-11-02,0.0,9.97,2129.0,,295,0,1940.0,2129.0,1940.0
2020-11-01,0.0,10.0,1936.0,,601,0,1795.0,1936.0,1795.0
2020-10-29,0.0,3.04,1760.0,,820,0,1710.0,1760.0,1709.0
2020-10-28,0.0,1.97,1708.0,,118,0,1700.0,1708.0,1700.0
2020-10-22,0.0,1.39,1675.0,,80,0,1685.0,1685.0,1675.0
2020-10-21,0.0,-1.37,1652.0,,350,0,1655.0,1655.0,1648.0
2020-10-20,0.0,2.13,1675.0,,108,0,1672.0,1739.0,1672.0
2020-10-19,0.0,-1.2,1640.0,,70,0,1670.0,1670.0,1640.0
2020-10-15,0.0,-0.36,1660.0,,355,0,1660.0,1699.0,1660.0
2020-10-14,0.0,-0.95,1666.0,,180,0,1715.0,1715.0,1666.0
2020-10-13,0.0,0.12,1682.0,,10,0,1682.0,1682.0,1682.0
2020-10-12,0.0,0.6,1680.0,,75,0,1699.0,1699.0,1680.0
2020-10-11,0.0,-1.76,1670.0,,160,0,1700.0,1700.0,1670.0
2020-10-08,0.0,-1.62,1700.0,,90,0,1701.0,1701.0,1694.0
2020-10-07,0.0,3.97,1728.0,,440,0,1695.0,1728.0,1662.0
2020-10-06,0.0,2.09,1662.0,,130,0,1660.0,1662.0,1630.0
2020-10-05,0.0,1.94,1628.0,,20,0,1628.0,1628.0,1628.0
2020-10-04,0.0,-1.96,1597.0,,150,0,1629.0,1629.0,1597.0
2020-09-30,0.0,0.0,1629.0,,100,0,1629.0,1629.0,1629.0
2020-09-29,0.0,1.18,1629.0,,105,0,1602.0,1629.0,1599.0
2020-09-28,0.0,-0.12,1610.0,,97,0,1612.0,1615.0,1610.0
2020-09-27,0.0,-1.41,1612.0,,270,0,1635.0,1635.0,1603.0
2020-09-24,0.0,-0.3,1635.0,,94,0,1617.0,1635.0,1611.0
2020-09-23,0.0,-1.56,1640.0,,30,0,1633.0,1640.0,1633.0
2020-09-22,0.0,-2.57,1666.0,,495,0,1690.0,1700.0,1666.0
2020-09-21,0.0,-0.12,1710.0,,50,0,1680.0,1710.0,1680.0
2020-09-17,0.0,3.76,1712.0,,805,0,1617.0,1712.0,1585.0
2020-09-16,0.0,1.79,1650.0,,674,0,1600.0,1650.0,1589.0
2020-09-15,0.0,-1.16,1621.0,,150,0,1610.0,1621.0,1608.0
2020-09-13,0.0,-2.9,1640.0,,100,0,1656.0,1656.0,1640.0
2020-09-10,0.0,1.99,1689.0,,168,0,1689.0,1690.0,1689.0
2020-09-09,0.0,5.41,1656.0,,354,0,1600.0,1656.0,1600.0
2020-09-07,0.0,0.0,1571.0,,121,0,1571.0,1571.0,1571.0
2020-09-06,0.0,-1.81,1571.0,,260,0,1600.0,1600.0,1571.0
2020-09-03,0.0,0.63,1600.0,,22,0,1600.0,1600.0,1600.0
2020-09-02,0.0,0.0,1590.0,,150,0,1619.0,1619.0,1590.0
2020-08-31,0.0,-0.31,1590.0,,254,0,1624.0,1624.0,1590.0
2020-08-30,0.0,2.7,1595.0,,60,0,1553.0,1595.0,1584.0
2020-08-27,0.0,-3.9,1553.0,,80,0,1584.0,1584.0,1553.0
2020-08-26,0.0,1.32,1616.0,,90,0,1570.0,1616.0,1570.0
2020-08-25,0.0,-1.85,1595.0,,70,0,1595.0,1595.0,1595.0
2020-08-23,0.0,0.06,1625.0,,85,0,1615.0,1625.0,1605.0
2020-08-20,0.0,5.52,1624.0,,230,0,1555.0,1657.0,1555.0
2020-08-19,0.0,2.6,1539.0,,60,0,1530.0,1560.0,1530.0
2020-08-18,0.0,0.0,1500.0,,100,0,1505.0,1505.0,1500.0
2020-08-16,0.0,-0.73,1500.0,,205,0,1502.0,1502.0,1500.0
2020-08-12,0.0,0.07,1511.0,,230,0,1540.0,1540.0,1511.0
2020-08-11,0.0,-1.63,1510.0,,30,0,1559.0,1559.0,1510.0
2020-08-10,0.0,-0.32,1535.0,,320,0,1525.0,1535.0,1510.0
2020-08-05,0.0,0.72,1540.0,,118,0,1540.0,1540.0,1540.0
2020-08-03,0.0,1.19,1529.0,,20,0,1529.0,1529.0,1529.0
2020-08-02,0.0,-1.88,1511.0,,30,0,1510.0,1511.0,1510.0
2020-07-30,0.0,0.0,1540.0,,100,0,1551.0,1551.0,1539.0
2020-07-29,0.0,-1.91,1540.0,,650,0,1580.0,1580.0,1540.0
2020-07-28,0.0,-1.87,1570.0,,475,0,1590.0,1590.0,1559.0
2020-07-27,0.0,0.63,1600.0,,50,0,1600.0,1600.0,1600.0
2020-07-26,0.0,0.44,1590.0,,58,0,1610.0,1612.0,1590.0
2020-07-23,0.0,-1.92,1583.0,,100,0,1583.0,1583.0,1583.0
2020-07-22,0.0,1.96,1614.0,,20,0,1613.0,1614.0,1613.0
2020-07-21,0.0,-1.98,1583.0,,10,0,1583.0,1583.0,1583.0
2020-07-20,0.0,1.89,1615.0,,60,0,1615.0,1615.0,1615.0
2020-07-16,0.0,1.54,1585.0,,333,0,1550.0,1585.0,1549.0
2020-07-15,0.0,-1.2,1561.0,,240,0,1605.0,1605.0,1561.0
2020-07-14,0.0,-3.66,1580.0,,140,0,1608.0,1608.0,1580.0
2020-07-13,0.0,1.99,1640.0,,20,0,1640.0,1640.0,1640.0
2020-07-09,0.0,-1.95,1608.0,,60,0,1608.0,1608.0,1608.0
2020-07-08,0.0,1.55,1640.0,,20,0,1640.0,1640.0,1640.0
2020-07-07,0.0,4.26,1615.0,,170,0,1570.0,1615.0,1570.0
2020-07-06,0.0,-3.91,1549.0,,80,0,1580.0,1580.0,1549.0
2020-07-01,0.0,4.0,1612.0,,20,0,1581.0,1612.0,1581.0
2020-06-29,0.0,1.44,1550.0,,10,0,1550.0,1550.0,1550.0
2020-03-19,0.0,-3.96,1528.0,,535,0,1560.0,1560.0,1470.0
2020-03-18,0.0,-4.13,1623.0,,180,0,1660.0,1660.0,1592.0
2020-03-17,0.0,1.99,1693.0,,330,0,1662.0,1693.0,1595.0
2020-03-16,0.0,-0.3,1660.0,,2315,0,1698.0,1718.0,1660.0
2020-03-15,0.0,-7.45,1665.0,,1315,0,1765.0,1765.0,1665.0
2020-03-12,0.0,-0.83,1799.0,,60,0,1779.0,1799.0,1779.0
2020-03-11,0.0,1.23,1814.0,,280,0,1757.0,1814.0,1757.0
2020-03-05,0.0,1.93,1792.0,,410,0,1758.0,1828.0,1731.0
2020-03-04,0.0,-5.74,1758.0,,180,0,1831.0,1831.0,1758.0
2020-03-03,0.0,0.05,1865.0,,270,0,1864.0,1867.0,1797.0
2020-03-02,0.0,-5.81,1864.0,,110,0,1940.0,1940.0,1864.0
2020-03-01,0.0,1.96,1979.0,,10,0,1941.0,1979.0,1979.0
2020-02-27,0.0,-4.38,1941.0,,2682,0,1990.0,2050.0,1921.0
2020-02-26,0.0,2.78,2030.0,,3034,0,2014.0,2044.0,1975.0
2020-02-25,0.0,3.67,1975.0,,835,0,1868.0,2015.0,1868.0
2020-02-24,0.0,-2.31,1905.0,,185,0,1950.0,1989.0,1905.0
2020-02-23,0.0,2.79,1950.0,,2817,0,1930.0,2011.0,1930.0
2020-02-20,0.0,2.65,1897.0,,1187,0,1848.0,1997.0,1875.0
2020-02-19,0.0,2.5,1848.0,,213,0,1777.0,1848.0,1777.0
2020-02-18,0.0,-2.01,1803.0,,210,0,1875.0,1875.0,1803.0
2020-02-17,0.0,0.0,1840.0,,632,0,1820.0,1840.0,1804.0
2020-02-16,0.0,-1.71,1840.0,,690,0,1909.0,1947.0,1838.0
2020-02-13,0.0,4.82,1872.0,,980,0,1821.0,1894.0,1801.0
2020-02-12,0.0,-1.22,1786.0,,910,0,1829.0,1829.0,1785.0
2020-02-11,0.0,1.86,1808.0,,363,0,1808.0,1808.0,1774.0
2020-02-10,0.0,1.95,1775.0,,10,0,1775.0,1775.0,1775.0
2020-02-09,0.0,-1.3,1741.0,,1100,0,1750.0,1750.0,1741.0
2020-02-06,0.0,-2.0,1764.0,,483,0,1775.0,1775.0,1764.0
2020-02-05,0.0,0.39,1800.0,,120,0,1820.0,1825.0,1800.0
2020-02-04,0.0,0.0,1775.0,,1140,0,1790.0,1795.0,1775.0
2020-02-03,0.0,0.0,1775.0,,1370,0,1806.0,1840.0,1775.0
2020-02-02,0.0,-1.28,1775.0,,1330,0,1764.0,1810.0,1764.0
2020-01-30,0.0,0.0,1798.0,,1630,0,1830.0,1830.0,1729.0
2020-01-29,0.0,2.45,1798.0,,1827,0,1736.0,1798.0,1700.0
2020-01-28,0.0,-1.79,1755.0,,1490,0,1822.0,1894.0,1755.0
2020-01-27,0.0,-0.17,1787.0,,670,0,1761.0,1897.0,1755.0
2020-01-26,0.0,-3.92,1790.0,,1235,0,1850.0,1850.0,1790.0
2020-01-23,0.0,-2.0,1863.0,,380,0,1924.0,1924.0,1863.0
2020-01-22,0.0,-1.96,1901.0,,40,0,1901.0,1939.0,1901.0
2020-01-21,0.0,3.58,1937.0,,840,0,1907.0,2057.0,1902.0
2020-01-20,0.0,-9.22,1870.0,,3141,0,2021.0,2060.0,1870.0
2020-01-19,0.0,-3.83,2060.0,,3870,0,2184.0,2244.0,2050.0
2020-01-16,0.0,1.23,2142.0,,1874,0,2158.0,2289.0,2080.0
2020-01-15,0.0,9.98,2116.0,,4600,0,1962.0,2116.0,1961.0
2020-01-14,0.0,6.12,1924.0,,2164,0,1778.0,1938.0,1778.0
2020-01-13,0.0,-2.0,1813.0,,3203,0,1850.0,1850.0,1813.0
2020-01-12,0.0,1.7,1850.0,,1325,0,1785.0,1855.0,1748.0
2020-01-09,0.0,-1.83,1819.0,,190,0,1853.0,1856.0,1819.0
2020-01-08,0.0,1.59,1853.0,,140,0,1800.0,1890.0,1800.0
2020-01-07,0.0,-2.04,1824.0,,70,0,1825.0,1825.0,1789.0
2020-01-06,0.0,-0.9,1862.0,,120,0,1899.0,1900.0,1862.0
2020-01-05,0.0,-0.16,1879.0,,40,0,1846.0,1879.0,1846.0
2020-01-02,0.0,-3.98,1882.0,,150,0,1921.0,1921.0,1846.0
2020-01-01,0.0,7.46,1960.0,,1950,0,1860.0,2000.0,1860.0
2019-12-31,0.0,7.8,1824.0,,2831,0,1721.0,1861.0,1721.0
2019-12-30,0.0,-0.47,1692.0,,50,0,1685.0,1692.0,1685.0
2019-12-29,0.0,1.19,1700.0,,70,0,1680.0,1725.0,1680.0
2019-12-26,0.0,0.06,1680.0,,500,0,1712.0,1712.0,1679.0
2019-12-25,0.0,-2.1,1679.0,,150,0,1746.0,1746.0,1679.0
2019-12-23,0.0,7.86,1715.0,,526,0,1600.0,1749.0,1600.0
2019-12-22,0.0,-1.67,1590.0,,115,0,1585.0,1590.0,1585.0
2019-12-19,0.0,5.69,1617.0,,441,0,1560.0,1654.0,1560.0
2019-12-18,0.0,9.99,1530.0,,256,0,1418.0,1530.0,1418.0
2019-12-04,0.0,-0.71,1390.0,,150,0,1390.0,1390.0,1390.0
2019-11-28,0.0,0.65,1400.0,,110,0,1400.0,1400.0,1400.0
2019-11-26,0.0,-1.97,1391.0,,20,0,1391.0,1391.0,1391.0
2019-11-24,0.0,0.0,1419.0,,91,0,1447.0,1447.0,1419.0
2019-11-19,0.0,-2.0,1419.0,,160,0,1420.0,1420.0,1392.0
2019-11-18,0.0,3.95,1448.0,,20,0,1420.0,1448.0,1420.0
2019-11-17,0.0,1.98,1393.0,,10,0,1393.0,1393.0,1393.0
2019-10-15,0.0,0.0,1366.0,,10,0,1366.0,1366.0,1366.0
2019-10-14,0.0,-1.94,1366.0,,10,0,1366.0,1366.0,1366.0
2019-09-26,0.0,-3.93,1393.0,,70,0,1421.0,1421.0,1393.0
2019-09-24,0.0,3.0,1478.0,,20,0,1450.0,1478.0,1450.0
2019-09-19,0.0,1.99,1435.0,,40,0,1407.0,1435.0,1407.0
2019-09-18,0.0,0.0,1407.0,,20,0,1407.0,1407.0,1407.0
2019-09-17,0.0,1.96,1407.0,,10,0,1407.0,1407.0,1407.0
2019-09-11,0.0,-0.36,1380.0,,10,0,1380.0,1380.0,1380.0
2019-09-10,0.0,-0.07,1385.0,,135,0,1385.0,1385.0,1385.0
2019-09-09,0.0,-3.88,1386.0,,20,0,1414.0,1414.0,1386.0
2019-08-25,0.0,-1.61,1470.0,,20,0,1470.0,1470.0,1470.0
2019-08-22,0.0,-3.68,1494.0,,40,0,1555.0,1555.0,1494.0
2019-08-21,0.0,5.73,1551.0,,118,0,1496.0,1551.0,1496.0
2019-08-20,0.0,5.61,1467.0,,331,0,1416.0,1497.0,1411.0
2019-08-15,0.0,6.03,1389.0,,88,0,1336.0,1389.0,1336.0
2019-08-14,0.0,-1.58,1310.0,,40,0,1310.0,1310.0,1310.0
2019-08-12,0.0,-5.27,1331.0,,120,0,1377.0,1377.0,1331.0
2019-08-11,0.0,0.93,1405.0,,250,0,1400.0,1405.0,1400.0
2019-08-08,0.0,-1.69,1392.0,,450,0,1442.0,1442.0,1392.0
2019-08-07,0.0,-1.67,1416.0,,200,0,1416.0,1416.0,1416.0
2019-08-06,0.0,-1.37,1440.0,,100,0,1450.0,1450.0,1440.0
2019-08-01,0.0,0.0,1460.0,,80,0,1450.0,1460.0,1450.0
2019-07-31,0.0,0.69,1460.0,,235,0,1450.0,1460.0,1448.0
2019-07-30,0.0,-2.62,1450.0,,67,0,1460.0,1460.0,1450.0
2019-07-28,0.0,-1.97,1489.0,,10,0,1489.0,1489.0,1489.0
2019-07-25,0.0,-2.0,1519.0,,10,0,1519.0,1519.0,1519.0
2019-07-07,0.0,-1.02,1550.0,,30,0,1550.0,1550.0,1550.0
2019-07-02,0.0,-1.94,1566.0,,10,0,1566.0,1566.0,1566.0
2019-06-26,0.0,1.91,1597.0,,20,0,1597.0,1597.0,1597.0
2019-06-25,0.0,-1.94,1567.0,,10,0,1567.0,1567.0,1567.0
2019-06-12,0.0,0.06,1598.0,,10,0,1598.0,1598.0,1598.0
2019-06-11,0.0,6.04,1597.0,,30,0,1536.0,1597.0,1536.0
2019-06-06,0.0,-3.89,1506.0,,5014,0,1567.0,1571.0,1506.0
2019-06-04,0.0,-1.88,1567.0,,10,0,1567.0,1567.0,1567.0
2019-06-03,0.0,-1.9,1597.0,,10,0,1597.0,1597.0,1597.0
2019-05-29,0.0,-1.99,1628.0,,10,0,1628.0,1628.0,1628.0
2019-05-23,0.0,-0.06,1661.0,,41,0,1629.0,1661.0,1629.0
2019-05-21,0.0,1.96,1662.0,,10,0,1662.0,1662.0,1662.0
2019-05-19,0.0,-5.78,1630.0,,30,0,1696.0,1696.0,1630.0
2019-05-15,0.0,7.79,1730.0,,325,0,1620.0,1765.0,1620.0
2019-05-14,0.0,-0.12,1605.0,,100,0,1575.0,1605.0,1544.0
2019-05-13,0.0,-3.89,1607.0,,40,0,1639.0,1639.0,1607.0
2019-05-08,0.0,1.95,1672.0,,10,0,1672.0,1672.0,1672.0
2019-04-30,0.0,-3.36,1640.0,,70,0,1665.0,1665.0,1640.0
2019-04-29,0.0,3.98,1697.0,,40,0,1664.0,1697.0,1632.0
2019-04-23,0.0,-1.98,1632.0,,50,0,1698.0,1698.0,1632.0
2019-04-22,0.0,1.96,1665.0,,10,0,1665.0,1665.0,1665.0
2019-03-21,0.0,-1.98,1633.0,,20,0,1633.0,1633.0,1633.0
2019-03-19,0.0,-2.0,1666.0,,20,0,1666.0,1666.0,1666.0
2019-03-12,0.0,3.85,1700.0,,60,0,1650.0,1700.0,1637.0
2019-03-11,0.0,1.99,1637.0,,50,0,1637.0,1637.0,1605.0
2019-03-07,0.0,0.0,1605.0,,8,0,1605.0,1605.0,1605.0
2019-03-05,0.0,-1.95,1605.0,,20,0,1605.0,1637.0,1605.0
2019-02-21,0.0,1.99,1637.0,,20,0,1637.0,1637.0,1605.0
2019-02-18,0.0,-3.37,1605.0,,150,0,1630.0,1661.0,1605.0
2019-02-17,0.0,-2.86,1661.0,,150,0,1676.0,1710.0,1661.0
2019-02-13,0.0,-1.84,1710.0,,214,0,1724.0,1742.0,1710.0
2019-02-12,0.0,1.99,1742.0,,210,0,1742.0,1742.0,1708.0
2019-02-07,0.0,-0.41,1708.0,,220,0,1708.0,1715.0,1708.0
2019-02-06,0.0,-0.12,1715.0,,100,0,1715.0,1717.0,1715.0
2019-02-04,0.0,-3.21,1717.0,,30,0,1739.0,1774.0,1717.0
2019-02-03,0.0,1.95,1774.0,,50,0,1774.0,1774.0,1740.0
2019-01-31,0.0,-0.4,1740.0,,460,0,1747.0,1747.0,1715.0
2019-01-30,0.0,-1.96,1747.0,,100,0,1782.0,1782.0,1747.0
2019-01-23,0.0,1.95,1782.0,,1311,0,1748.0,1782.0,1715.0
2019-01-21,0.0,-1.96,1748.0,,10,0,1783.0,1783.0,1748.0
2019-01-20,0.0,1.94,1783.0,,11,0,1749.0,1783.0,1749.0
2019-01-17,0.0,-2.07,1749.0,,1250,0,1786.0,1786.0,1682.0
2019-01-16,0.0,1.25,1786.0,,313,0,1764.0,1859.0,1764.0
2019-01-15,0.0,1.97,1764.0,,10,0,1730.0,1764.0,1730.0
2019-01-10,0.0,1.76,1730.0,,50,0,1700.0,1730.0,1700.0
2019-01-02,0.0,-0.99,1700.0,,17,0,1717.0,1717.0,1700.0
2018-12-30,0.0,-2.0,1717.0,,10,0,1752.0,1752.0,1717.0
2018-12-27,0.0,-1.96,1752.0,,10,0,1787.0,1787.0,1752.0
2018-12-26,0.0,9.97,1787.0,,90,0,1625.0,1787.0,1625.0
2018-12-24,0.0,-7.67,1625.0,,292,0,1760.0,1760.0,1625.0
2018-12-20,0.0,-0.23,1760.0,,23,0,1764.0,1769.0,1760.0
2018-12-17,0.0,-2.0,1764.0,,10,0,1800.0,1800.0,1764.0
2018-12-09,0.0,1.47,1800.0,,30,0,1774.0,1800.0,1774.0
2018-12-04,0.0,-0.34,1774.0,,270,0,1780.0,1780.0,1774.0
2018-12-03,0.0,-0.78,1780.0,,365,0,1794.0,1794.0,1780.0
2018-12-02,0.0,1.99,1794.0,,1040,0,1759.0,1794.0,1759.0
2018-11-29,0.0,-2.28,1759.0,,1063,0,1800.0,1800.0,1759.0
2018-11-28,0.0,0.0,1800.0,,1053,0,1800.0,1800.0,1800.0
2018-11-27,0.0,0.0,1800.0,,1053,0,1800.0,1800.0,1800.0
2018-11-18,0.0,0.56,1800.0,,20,0,1790.0,1800.0,1790.0
2018-10-22,0.0,-1.1,1790.0,,25,0,1790.0,1790.0,1790.0
2018-10-04,0.0,1.12,1810.0,,290,0,1810.0,1810.0,1810.0
2018-10-03,0.0,2.87,1790.0,,1350,0,1774.0,1835.0,1774.0
2018-10-02,0.0,1.16,1740.0,,2955,0,1720.0,1740.0,1705.0
2018-10-01,0.0,0.0,1720.0,,15,0,1720.0,1720.0,1720.0
2018-09-30,0.0,-0.75,1720.0,,10,0,1720.0,1720.0,1720.0
2018-09-25,0.0,1.94,1733.0,,30,0,1700.0,1733.0,1700.0
2018-09-23,0.0,2.41,1700.0,,1462,0,1628.0,1710.0,1628.0
2018-09-20,0.0,0.0,1660.0,,20,0,1660.0,1660.0,1660.0
2018-09-18,0.0,0.0,1660.0,,100,0,1660.0,1660.0,1660.0
2018-09-11,0.0,0.61,1660.0,,140,0,1660.0,1660.0,1660.0
2018-09-09,0.0,-0.3,1650.0,,20,0,1650.0,1650.0,1650.0
2018-09-06,0.0,0.42,1655.0,,143,0,1648.0,1655.0,1648.0
2018-09-05,0.0,-1.96,1648.0,,90,0,1681.0,1681.0,1648.0
2018-08-16,0.0,-2.55,1681.0,,50,0,1715.0,1715.0,1681.0
2018-08-14,0.0,3.6,1720.0,,339,0,1698.0,1725.0,1698.0
2018-07-24,0.0,0.3,1665.0,,90,0,1665.0,1665.0,1665.0
2018-07-18,0.0,-1.95,1660.0,,47,0,1660.0,1660.0,1660.0
2018-07-17,0.0,1.99,1693.0,,50,0,1693.0,1693.0,1693.0
2018-07-16,0.0,-0.12,1660.0,,100,0,1661.0,1661.0,1660.0
2018-07-15,0.0,0.12,1662.0,,27,0,1667.0,1667.0,1662.0
2018-07-12,0.0,-0.6,1660.0,,500,0,1660.0,1660.0,1660.0
2018-07-09,0.0,0.18,1670.0,,500,0,1670.0,1670.0,1670.0
2018-07-08,0.0,-1.94,1667.0,,50,0,1667.0,1667.0,1667.0
2018-07-05,0.0,0.0,1700.0,,100,0,1700.0,1700.0,1700.0
2018-06-28,0.0,0.0,1700.0,,100,0,1700.0,1700.0,1700.0
2018-06-21,0.0,-1.96,1710.0,,80,0,1710.0,1710.0,1700.0
2018-06-13,0.0,0.23,1734.0,,260,0,1700.0,1734.0,1700.0
2018-06-11,0.0,-1.98,1730.0,,20,0,1730.0,1730.0,1730.0
2018-06-04,0.0,-1.89,1765.0,,50,0,1765.0,1765.0,1765.0
2018-05-31,0.0,1.98,1799.0,,10,0,1799.0,1799.0,1799.0
2018-05-30,0.0,-3.08,1764.0,,110,0,1800.0,1800.0,1764.0
2018-05-28,0.0,1.68,1820.0,,30,0,1790.0,1820.0,1820.0
2018-05-24,0.0,1.99,1790.0,,10,0,1755.0,1790.0,1790.0
2018-05-17,0.0,-3.25,1756.0,,350,0,1778.0,1779.0,1745.0
2018-05-16,0.0,3.95,1814.0,,47,0,1779.0,1814.0,1779.0
2018-05-15,0.0,3.87,1745.0,,40,0,1712.0,1745.0,1712.0
2018-05-14,0.0,-1.69,1685.0,,120,0,1685.0,1685.0,1682.0
2018-05-10,0.0,-3.88,1711.0,,50,0,1780.0,1745.0,1711.0
2018-04-29,0.0,0.51,1780.0,,10,0,1780.0,1780.0,1780.0
2018-04-25,0.0,-0.11,1771.0,,310,0,1806.0,1807.0,1771.0
2018-04-24,0.0,1.96,1773.0,,10,0,1773.0,1773.0,1773.0
2018-04-23,0.0,-3.92,1750.0,,130,0,1774.0,1774.0,1739.0
2018-04-19,0.0,-1.42,1809.0,,150,0,1800.0,1810.0,1800.0
2018-04-18,0.0,2.91,1836.0,,176,0,1819.0,1836.0,1800.0
2018-04-17,0.0,-3.57,1784.0,,797,0,1850.0,1820.0,1742.0
2018-04-09,0.0,0.0,1850.0,,10,0,1850.0,1850.0,1850.0
2018-04-08,0.0,5.11,1850.0,,150,0,1795.0,1850.0,1794.0
2018-04-05,0.0,0.0,1760.0,,100,0,1795.0,1795.0,1760.0
2018-04-04,0.0,0.0,1760.0,,910,0,1760.0,1760.0,1760.0
2018-04-03,0.0,1.85,1760.0,,165,0,1725.0,1760.0,1725.0
2018-03-29,0.0,-2.04,1728.0,,1219,0,1798.0,1798.0,1728.0
2018-03-28,0.0,-2.97,1764.0,,60,0,1800.0,1800.0,1764.0
2018-03-27,0.0,-1.99,1818.0,,10,0,1818.0,1818.0,1818.0
2018-03-19,0.0,0.87,1855.0,,200,0,1855.0,1855.0,1855.0
2018-03-07,0.0,2.0,1839.0,,30,0,1839.0,1839.0,1839.0
2018-03-06,0.0,1.98,1803.0,,10,0,1803.0,1803.0,1803.0
2018-03-04,0.0,-9.98,1687.0,,120,0,1874.0,1874.0,1687.0
2018-02-28,0.0,-3.9,1874.0,,20,0,1912.0,1912.0,1874.0
2018-02-26,0.0,-1.27,1950.0,,20,0,1950.0,1950.0,1950.0
2018-02-20,0.0,-1.79,1975.0,,200,0,1975.0,1975.0,1975.0
2018-02-15,0.0,3.66,2011.0,,930,0,1978.0,2011.0,1960.0
2018-02-14,0.0,0.15,1940.0,,10,0,1940.0,1940.0,1940.0
2018-02-12,0.0,0.0,1937.0,,90,0,1901.0,1937.0,1900.0
2018-02-11,0.0,0.0,1900.0,,5,0,,,
2018-02-08,0.0,-0.05,1937.0,,20,0,1976.0,1976.0,1937.0
2018-02-07,0.0,2.0,1938.0,,10,0,1938.0,1938.0,1938.0
2018-02-06,0.0,-3.5,1900.0,,110,0,1930.0,1930.0,1900.0
2018-02-05,0.0,-0.05,1969.0,,70,0,1935.0,1969.0,1931.0
2018-02-04,0.0,-1.99,1970.0,,707,0,2030.0,2050.0,1970.0
2018-02-01,0.0,1.0,2010.0,,550,0,2010.0,2010.0,2000.0
2018-01-31,0.0,2.58,1990.0,,260,0,1978.0,1990.0,1941.0
2018-01-29,0.0,4.02,1940.0,,357,0,1885.0,1940.0,1885.0
2018-01-28,0.0,-6.19,1865.0,,320,0,2020.0,2020.0,1865.0
2018-01-25,0.0,5.19,1988.0,,1942,0,1927.0,2020.0,1927.0
2018-01-24,0.0,2.72,1890.0,,250,0,1870.0,1890.0,1870.0
2018-01-23,0.0,-0.32,1840.0,,745,0,1811.0,1840.0,1790.0
2018-01-22,0.0,7.01,1839.0,,3640,0,1759.0,1846.0,1739.0
2018-01-21,0.0,1.41,1725.0,,310,0,1735.0,1760.0,1725.0
2018-01-16,0.0,-1.96,1701.0,,100,0,1701.0,1701.0,1701.0
2018-01-10,0.0,-0.57,1735.0,,140,0,1720.0,1735.0,1720.0
2018-01-09,0.0,0.87,1745.0,,240,0,1730.0,1745.0,1730.0
2018-01-08,0.0,0.87,1730.0,,1200,0,1730.0,1730.0,1728.0
2018-01-07,0.0,0.0,1720.0,,526,0,1702.0,1748.0,1702.0
2018-01-04,0.0,-1.94,1716.0,,590,0,1720.0,1720.0,1715.0
2018-01-03,0.0,-0.91,1749.0,,3834,0,1730.0,1749.0,1696.0
2018-01-02,0.0,0.06,1765.0,,70,0,1735.0,1765.0,1731.0
2018-01-01,0.0,1.97,1764.0,,10,0,1764.0,1764.0,1764.0
2017-12-31,0.0,-2.92,1730.0,,56,0,1747.0,1747.0,1715.0
2017-12-28,0.0,3.3,1782.0,,51,0,1755.0,1782.0,1750.0
2017-12-26,0.0,-3.14,1726.0,,530,0,1760.0,1760.0,1725.0
2017-12-24,0.0,-1.76,1781.0,,130,0,1780.0,1781.0,1780.0
2017-12-21,0.0,-1.25,1813.0,,30,0,1850.0,1850.0,1813.0
2017-12-19,0.0,-0.6,1837.0,,90,0,1873.0,1873.0,1836.0
2017-12-18,0.0,4.0,1847.0,,330,0,1811.0,1847.0,1811.0
2017-12-17,0.0,-5.88,1776.0,,815,0,1850.0,1850.0,1742.0
2017-12-13,0.0,1.59,1850.0,,33,0,1850.0,1850.0,1850.0
2017-12-12,0.0,-2.1,1825.0,,460,0,1840.0,1840.0,1821.0
2017-12-11,0.0,-1.43,1860.0,,60,0,1860.0,1860.0,1860.0
2017-12-10,0.0,0.0,1887.0,,138,0,1887.0,1890.0,1887.0
2017-12-06,0.0,-1.51,1887.0,,522,0,1920.0,1920.0,1887.0
2017-12-05,0.0,0.05,1916.0,,385,0,1890.0,1916.0,1886.0
2017-12-04,0.0,-0.88,1915.0,,150,0,1896.0,1915.0,1896.0
2017-11-29,0.0,1.79,1932.0,,400,0,1935.0,2000.0,1932.0
2017-11-28,0.0,0.0,1910.0,,330,0,1900.0,1935.0,1898.0
2017-11-27,0.0,-1.91,1900.0,,870,0,1960.0,1960.0,1898.0
2017-11-26,0.0,-4.68,1935.0,,669,0,2030.0,2000.0,1922.0
2017-11-23,0.0,-1.93,2030.0,,220,0,2070.0,2070.0,2029.0
2017-11-22,0.0,0.0,2070.0,,801,0,2090.0,2090.0,1961.0
2017-11-21,0.0,9.81,2070.0,,1341,0,1860.0,2073.0,1855.0
2017-11-20,0.0,-6.77,1885.0,,2140,0,1985.0,1985.0,1885.0
2017-11-16,0.0,-0.93,2023.0,,210,0,2040.0,2042.0,2001.0
2017-11-15,0.0,-1.87,2062.0,,190,0,2121.0,2121.0,2041.0
2017-11-14,0.0,0.48,2080.0,,70,0,2029.0,2080.0,2029.0
2017-11-12,0.0,-1.76,2070.0,,60,0,2107.0,2070.0,2065.0
2017-11-09,0.0,-1.03,2107.0,,120,0,2087.0,2107.0,2060.0
2017-11-08,0.0,-1.98,2130.0,,100,0,2135.0,2135.0,2129.0
2017-11-07,0.0,0.32,2172.0,,66,0,2208.0,2208.0,2172.0
2017-11-06,0.0,-2.04,2165.0,,60,0,2210.0,2209.0,2165.0
2017-11-05,0.0,1.47,2210.0,,100,0,2220.0,2220.0,2205.0
2017-11-02,0.0,3.71,2160.0,,616,0,2120.0,2178.0,2120.0
2017-10-31,0.0,0.0,2101.0,,150,0,2140.0,2140.0,2100.0
2017-10-30,0.0,-3.23,2100.0,,60,0,2127.0,2127.0,2100.0
2017-10-29,0.0,-1.36,2170.0,,105,0,2161.0,2170.0,2117.0
2017-10-25,0.0,6.74,2180.0,,783,0,2100.0,2223.0,2099.0
2017-10-24,0.0,-1.86,2061.0,,267,0,2100.0,2140.0,2058.0
2017-10-23,0.0,-4.46,2100.0,,70,0,2198.0,2155.0,2100.0
2017-10-22,0.0,-0.09,2198.0,,40,0,2156.0,2198.0,2113.0
2017-10-18,0.0,3.53,2200.0,,710,0,2083.0,2200.0,2002.0
2017-10-17,0.0,1.48,2120.0,,510,0,2090.0,2175.0,2090.0
2017-10-16,0.0,-2.33,2094.0,,447,0,2102.0,2102.0,2040.0
2017-10-15,0.0,1.95,2111.0,,380,0,2145.0,2145.0,2111.0
2017-10-12,0.0,0.14,2103.0,,120,0,2140.0,2172.0,2103.0
2017-10-11,0.0,1.2,2101.0,,270,0,2115.0,2150.0,2100.0
2017-10-10,0.0,-1.89,2075.0,,550,0,2075.0,2075.0,2034.0
2017-10-09,0.0,-1.67,2115.0,,264,0,2194.0,2194.0,2000.0
2017-10-08,0.0,-4.99,2151.0,,916,0,2219.0,2219.0,2038.0
2017-10-04,0.0,-1.99,2264.0,,130,0,2265.0,2265.0,2264.0
2017-10-03,0.0,1.99,2310.0,,70,0,2220.0,2310.0,2220.0
2017-09-26,0.0,-9.8,2265.0,,1903,0,2461.0,2461.0,2260.0
2017-09-25,0.0,-10.0,2511.0,,696,0,2785.0,2785.0,2511.0
2017-09-24,0.0,-6.09,2790.0,,763,0,3030.0,3030.0,2790.0
2017-09-20,0.0,10.0,2971.0,,6050,0,2755.0,2971.0,2720.0
2017-09-18,0.0,9.98,2701.0,,1260,0,2505.0,2701.0,2505.0
2017-09-17,0.0,9.99,2456.0,,50,0,2277.0,2456.0,2277.0
2017-09-14,0.0,10.0,2233.0,,4494,0,2000.0,2233.0,2000.0
2016-01-14,0.0,1.5,2030.0,,20,0,2040.0,2040.0,2030.0
2016-01-07,0.0,-6.15,2000.0,,3707,0,2089.0,2089.0,2000.0
2016-01-06,0.0,-0.84,2131.0,,36,0,2149.0,2149.0,2131.0
2016-01-05,0.0,-0.05,2149.0,,88,0,2149.0,2149.0,2149.0
2016-01-03,0.0,1.99,2150.0,,24,0,2150.0,2150.0,2150.0
2015-12-15,0.0,0.0,2108.0,,342,0,2108.0,2108.0,2108.0
2015-08-17,0.0,-3.48,2108.0,,50,0,2150.0,2150.0,2108.0
2015-08-02,0.0,3.7,2184.0,,147,0,2106.0,2184.0,2100.0
2015-07-30,0.0,1.98,2106.0,,10,0,2065.0,2106.0,2106.0
2015-07-16,0.0,-1.99,2065.0,,186,0,2107.0,2065.0,2065.0
2015-07-15,0.0,-1.95,2107.0,,10,0,2107.0,2107.0,2107.0
2015-07-12,0.0,-1.96,2149.0,,27,0,2149.0,2149.0,2149.0
2015-07-08,0.0,0.0,2192.0,,30,0,2192.0,2192.0,2192.0
2015-07-05,0.0,-1.92,2192.0,,10,0,2192.0,2192.0,2192.0
2015-06-30,0.0,-1.97,2235.0,,10,0,2235.0,2235.0,2235.0
2015-06-17,0.0,0.88,2280.0,,46,0,2260.0,2280.0,2280.0
2015-06-16,0.0,-0.88,2260.0,,100,0,2280.0,2260.0,2260.0
2015-06-11,0.0,-1.0,2280.0,,248,0,2303.0,2280.0,2280.0
2015-06-10,0.0,-2.0,2303.0,,100,0,2350.0,2303.0,2303.0
2015-06-07,0.0,-1.67,2350.0,,100,0,2390.0,2350.0,2350.0
2015-06-04,0.0,6.84,2390.0,,421,0,2237.0,2390.0,2281.0
2015-06-02,0.0,4.97,2237.0,,10,0,2237.0,2237.0,2237.0
2015-04-12,0.0,3.95,2131.0,,56,0,2050.0,2131.0,2090.0
2015-04-09,0.0,-2.19,2050.0,,48,0,2096.0,2055.0,2050.0
2015-04-08,0.0,2.0,2096.0,,100,0,2055.0,2096.0,2096.0
2015-04-07,0.0,0.29,2055.0,,500,0,2049.0,2055.0,2055.0
2015-04-06,0.0,1.99,2049.0,,10,0,2009.0,2049.0,2049.0
2015-04-05,0.0,1.98,2009.0,,10,0,1970.0,2009.0,2009.0
2015-04-02,0.0,-1.99,1970.0,,100,0,2010.0,1970.0,1970.0
2015-03-30,0.0,0.05,2010.0,,760,0,2009.0,2010.0,2010.0
2015-03-19,0.0,0.0,2009.0,,96,0,2009.0,2009.0,2009.0
2015-03-02,0.0,1.98,2009.0,,300,0,1970.0,2009.0,2009.0
2015-02-24,0.0,0.0,1970.0,,121,0,1970.0,1970.0,1970.0
2015-02-19,0.0,0.51,1970.0,,100,0,1960.0,1970.0,1970.0
2015-02-16,0.0,4.53,1960.0,,915,0,1875.0,1960.0,1912.0
2015-01-13,0.0,-1.26,1875.0,,121,0,1899.0,1875.0,1875.0
2015-01-05,0.0,0.48,1899.0,,10,0,1890.0,1899.0,1899.0
2015-01-01,0.0,1.5,1890.0,,50,0,1862.0,1890.0,1890.0
2014-12-15,0.0,-2.0,1862.0,,20,0,1900.0,1862.0,1862.0
2014-12-07,0.0,0.0,1900.0,,95,0,1900.0,1900.0,1900.0
2014-11-20,0.0,-1.55,1900.0,,85,0,1930.0,1900.0,1900.0
2014-10-13,0.0,0.0,1930.0,,100,0,1930.0,1930.0,1930.0
2014-09-11,0.0,-0.97,1930.0,,50,0,1949.0,1930.0,1930.0
2014-07-17,0.0,-0.05,1949.0,,127,0,1950.0,1949.0,1911.0
2014-07-16,0.0,0.0,1950.0,,85,0,1950.0,1989.0,1950.0
2014-07-15,0.0,1.99,1950.0,,10,0,1912.0,1950.0,1950.0
2014-07-01,0.0,-1.95,1912.0,,107,0,1950.0,1912.0,1912.0
2014-06-25,0.0,1.77,1950.0,,301,0,1916.0,1950.0,1925.0
2014-06-19,0.0,1.91,1916.0,,80,0,1880.0,1916.0,1916.0
2014-06-15,0.0,-1.93,1880.0,,152,0,1917.0,1880.0,1880.0
2014-06-12,0.0,1.97,1917.0,,227,0,1880.0,1917.0,1917.0
2014-06-10,0.0,-0.95,1880.0,,408,0,1898.0,1880.0,1880.0
2014-06-08,0.0,-1.96,1898.0,,244,0,1936.0,1898.0,1898.0
2014-06-04,0.0,2.33,1936.0,,185,0,1892.0,1936.0,1900.0
2014-05-07,0.0,1.99,1892.0,,10,0,1855.0,1892.0,1892.0
2014-04-29,0.0,0.0,1855.0,,10,0,1855.0,1855.0,1855.0
2014-04-20,0.0,0.0,1855.0,,637,0,1855.0,1855.0,1855.0
2014-04-17,0.0,-1.96,1855.0,,50,0,1892.0,1855.0,1855.0
2014-03-26,0.0,1.99,1892.0,,150,0,1855.0,1892.0,1892.0
2014-03-13,0.0,-3.89,1855.0,,40,0,1930.0,1892.0,1855.0
2014-02-20,0.0,1.95,1930.0,,306,0,1893.0,1930.0,1930.0
2014-02-12,0.0,4.01,1893.0,,613,0,1820.0,1893.0,1856.0
2014-02-09,0.0,-1.62,1820.0,,250,0,1850.0,1820.0,1820.0
2014-02-05,0.0,1.15,1850.0,,350,0,1829.0,1850.0,1850.0
2014-02-03,0.0,3.98,1829.0,,623,0,1759.0,1829.0,1794.0
2014-01-22,0.0,2.57,1759.0,,1000,0,1715.0,1759.0,1749.0
2014-01-19,0.0,-2.0,1715.0,,160,0,1750.0,1715.0,1715.0
2014-01-13,0.0,1.27,1750.0,,378,0,1728.0,1750.0,1749.0
2014-01-06,0.0,-1.99,1728.0,,134,0,1763.0,1763.0,1728.0
2014-01-05,0.0,-0.06,1763.0,,413,0,1764.0,1763.0,1729.0
2013-12-18,0.0,1.97,1764.0,,100,0,1730.0,1764.0,1764.0
2013-12-10,0.0,-1.42,1730.0,,105,0,1755.0,1730.0,1730.0
2013-11-28,0.0,0.8,1755.0,,292,0,1741.0,1755.0,1755.0
2013-10-06,0.0,0.0,1741.0,,30,0,1741.0,1741.0,1741.0
2013-09-22,0.0,-1.97,1741.0,,130,0,1776.0,1741.0,1741.0
2013-09-11,0.0,0.0,1776.0,,36,0,1776.0,1776.0,1776.0
2013-07-23,0.0,1.95,1776.0,,10,0,1742.0,1776.0,1776.0
2013-07-16,0.0,0.0,1742.0,,400,0,1742.0,1742.0,1742.0
2013-07-08,0.0,-4.96,1742.0,,60,0,1833.0,1742.0,1742.0
2013-06-23,0.0,1.89,1833.0,,100,0,1799.0,1833.0,1833.0
2013-05-23,0.0,1.98,1799.0,,10,0,1764.0,1799.0,1799.0
2013-05-21,0.0,1.97,1764.0,,10,0,1730.0,1764.0,1764.0
2013-04-25,0.0,3.47,1730.0,,20,0,1672.0,1730.0,1700.0
2013-04-23,0.0,0.12,1672.0,,10,0,1670.0,1672.0,1672.0
2013-04-22,0.0,1.83,1670.0,,10,0,1640.0,1670.0,1670.0
2013-04-09,0.0,-0.61,1640.0,,20,0,1650.0,1640.0,1640.0
2013-04-01,0.0,0.79,1650.0,,300,0,1637.0,1650.0,1650.0
2013-03-20,0.0,-1.98,1637.0,,24,0,1670.0,1637.0,1637.0
2013-03-17,0.0,-0.95,1670.0,,28,0,1686.0,1670.0,1670.0
2013-03-14,0.0,-1.98,1686.0,,80,0,1720.0,1686.0,1686.0
2013-03-13,0.0,1.47,1720.0,,35,0,1695.0,1720.0,1720.0
2013-03-11,0.0,-1.74,1695.0,,60,0,1725.0,1695.0,1695.0
2013-03-06,0.0,-1.99,1725.0,,145,0,1760.0,1725.0,1725.0
2013-03-05,0.0,-1.68,1760.0,,10,0,1790.0,1760.0,1760.0
2013-02-26,0.0,-1.92,1790.0,,162,0,1825.0,1790.0,1790.0
2013-02-21,0.0,-4.0,1825.0,,564,0,1901.0,1863.0,1825.0
2013-02-19,0.0,-1.96,1901.0,,320,0,1939.0,1901.0,1901.0
2013-02-06,0.0,2.0,1939.0,,10,0,1901.0,1939.0,1939.0
2013-02-05,0.0,1.98,1901.0,,10,0,1864.0,1901.0,1901.0
2013-02-04,0.0,1.97,1864.0,,10,0,1828.0,1864.0,1864.0
2013-01-31,0.0,1.95,1828.0,,10,0,1793.0,1828.0,1828.0
2013-01-23,0.0,1.99,1793.0,,500,0,1758.0,1793.0,1793.0
2013-01-22,0.0,-1.95,1758.0,,10,0,1793.0,1758.0,1758.0
2012-12-17,0.0,-1.97,1793.0,,200,0,1829.0,1793.0,1793.0
2012-10-07,0.0,-0.05,1829.0,,348,0,1830.0,1829.0,1829.0
2012-09-27,0.0,1.67,1830.0,,10,0,1800.0,1830.0,1830.0
2012-09-23,0.0,0.0,1800.0,,30,0,1800.0,1800.0,1799.0
2012-09-20,0.0,-0.39,1800.0,,10,0,1807.0,1800.0,1800.0
2012-09-19,0.0,1.98,1807.0,,10,0,1772.0,1807.0,1807.0
2012-09-18,0.0,-1.99,1772.0,,50,0,1808.0,1772.0,1772.0
2012-09-17,0.0,1.97,1808.0,,10,0,1773.0,1808.0,1808.0
2012-09-12,0.0,3.99,1773.0,,20,0,1705.0,1773.0,1739.0
2012-08-30,0.0,-5.8,1705.0,,30,0,1810.0,1774.0,1705.0
2012-08-29,0.0,-1.95,1810.0,,10,0,1846.0,1810.0,1810.0
2012-08-28,0.0,-1.96,1846.0,,10,0,1883.0,1846.0,1846.0
2012-08-27,0.0,-1.98,1883.0,,10,0,1921.0,1883.0,1883.0
2012-08-26,0.0,-3.95,1921.0,,510,0,2000.0,1960.0,1921.0
2012-08-23,0.0,1.99,2000.0,,10,0,1961.0,2000.0,2000.0
2012-08-13,0.0,-1.95,1961.0,,10,0,2000.0,1961.0,1961.0
2012-07-31,0.0,-2.44,2000.0,,110,0,2050.0,2010.0,2000.0
2012-06-26,0.0,0.05,2050.0,,24,0,2049.0,2050.0,2050.0
2012-06-20,0.0,1.59,2049.0,,100,0,2017.0,2049.0,2049.0
2012-05-10,0.0,-3.95,2017.0,,550,0,2100.0,2058.0,2017.0
2012-04-25,0.0,0.77,2100.0,,500,0,2084.0,2100.0,2100.0
2012-04-24,0.0,-3.92,2084.0,,1492,0,2169.0,2126.0,2084.0
2012-04-12,0.0,0.0,2169.0,,300,0,2169.0,2169.0,2169.0
2012-04-08,0.0,-3.98,2169.0,,530,0,2259.0,2214.0,2169.0
2012-04-05,0.0,0.0,2259.0,,50,0,2259.0,2259.0,2259.0
2012-04-04,0.0,-5.84,2259.0,,309,0,2399.0,2352.0,2259.0
2012-04-03,0.0,0.0,2399.0,,50,0,2399.0,2399.0,2399.0
2012-03-29,0.0,0.0,2399.0,,50,0,2399.0,2399.0,2399.0
2012-03-21,0.0,2.0,2399.0,,690,0,2352.0,2399.0,2399.0
2012-03-20,0.0,-4.0,2352.0,,319,0,2450.0,2401.0,2352.0
2012-03-19,0.0,1.28,2450.0,,690,0,2419.0,2450.0,2450.0
2012-03-11,0.0,-0.04,2419.0,,500,0,2420.0,2419.0,2419.0
2012-03-04,0.0,-1.98,2420.0,,1827,0,2469.0,2420.0,2420.0
2012-02-29,0.0,4.97,2469.0,,430,0,2352.0,2469.0,2469.0
2012-02-27,0.0,-2.0,2352.0,,98,0,2400.0,2352.0,2352.0
2012-01-11,0.0,-7.62,2400.0,,195,0,2598.0,2547.0,2400.0
2012-01-10,0.0,-7.54,2598.0,,277,0,2810.0,2760.0,2598.0
