DATE,CHANGE,CHANGE %,CLOSE,TURNOVER,VOLUME,TRADE,OPEN,HIGH,LOW
2026-05-08,10.0,0.57,1770.0,69.3,3920,182,1761.0,1775.0,1750.0
2026-05-07,-5.0,-0.28,1760.0,61.24,3489,108,1770.0,1770.0,1750.0
2026-05-06,12.6,0.72,1765.0,40.4,2299,79,1699.9,1770.0,1699.9
2026-05-05,1.4,0.08,1752.4,54.72,3122,111,1750.0,1770.0,1745.0
2026-05-04,-15.0,-0.85,1751.0,72.14,4117,157,1774.0,1774.0,1746.0
2026-04-30,-2.0,-0.11,1766.0,,5856,141,1780.0,1780.0,1746.0
2026-04-29,0.9,0.05,1768.0,,6037,133,1765.0,1769.9,1763.0
2026-04-28,-2.9,-0.16,1767.1,80.6,4559,117,1770.0,1774.0,1760.0
2026-04-27,-2.4,-0.14,1770.0,,6121,124,1772.4,1780.0,1765.0
2026-04-24,-7.6,-0.43,1772.4,,7476,148,1780.0,1785.0,1765.1
2026-04-23,-10.0,-0.56,1780.0,42.72,2402,63,1770.0,1788.0,1770.0
2026-04-22,4.9,0.27,1790.0,88.2,4962,126,1785.0,1793.0,1767.1
2026-04-21,0.1,0.01,1785.1,82.97,4642,79,1799.0,1799.0,1782.0
2026-04-20,-2.0,-0.11,1785.0,85.76,4814,111,1800.0,1800.0,1775.0
2026-04-17,-1.1,-0.06,1787.0,54.24,3036,78,1790.0,1791.0,1781.1
2026-04-16,-10.9,-0.61,1788.1,81.89,4564,107,1805.0,1819.9,1786.5
2026-04-15,3.0,0.17,1799.0,,7193,117,1796.0,1809.0,1791.0
2026-04-13,3.0,0.17,1796.0,,7086,110,1785.0,1802.0,1785.0
2026-04-10,-7.0,-0.39,1793.0,93.41,5200,96,1790.0,1803.9,1783.0
2026-04-09,5.0,0.28,1800.0,,12048,187,1791.0,1800.0,1775.0
2026-04-08,15.1,0.85,1795.0,,6869,148,1815.4,1815.4,1780.2
2026-04-07,-9.9,-0.55,1779.9,96.68,5407,171,1795.0,1812.0,1773.0
2026-04-06,31.8,1.81,1789.8,,9604,249,1758.0,1794.0,1758.0
2026-04-05,-38.0,-2.12,1758.0,,19941,351,1790.0,1790.0,1746.0
2026-04-02,-4.0,-0.22,1796.0,,12383,264,1780.0,1807.0,1750.0
2026-04-01,-24.0,-1.32,1800.0,,17849,387,1824.0,1824.0,1780.0
2026-03-31,-5.0,-0.27,1824.0,,11446,274,1820.0,1826.0,1800.0
2026-03-30,-18.5,-1.0,1829.0,,12689,230,1847.0,1848.0,1827.0
2026-03-29,-32.5,-1.73,1847.5,,13265,271,1880.0,1880.0,1847.5
2026-03-26,10.0,0.53,1880.0,,10619,170,1850.0,1880.0,1850.0
2026-03-25,-18.0,-0.95,1870.0,,11117,213,1895.0,1900.0,1862.0
2026-03-24,15.0,0.8,1888.0,,21020,279,1875.1,1900.0,1860.0
2026-03-23,16.9,0.91,1873.0,,16261,284,1860.0,1873.0,1846.0
2026-03-22,16.1,0.87,1856.1,,22089,327,1826.0,1864.0,1826.0
2026-03-19,15.0,0.82,1840.0,,15716,310,1850.0,1850.0,1822.0
2026-03-17,4.0,0.22,1825.0,95.72,5260,132,1830.0,1830.0,1815.0
2026-03-16,-22.9,-1.24,1821.0,,8471,204,1858.0,1858.0,1820.0
2026-03-15,-0.1,-0.01,1843.9,96.85,5249,169,1850.0,1855.0,1840.0
2026-03-12,11.0,0.6,1844.0,,6032,182,1816.0,1860.0,1801.0
2026-03-11,-35.0,-1.87,1833.0,,12067,262,1869.0,1888.0,1817.0
2026-03-10,-7.7,-0.41,1868.0,,31528,628,1913.0,1913.0,1800.0
2026-03-09,72.7,4.03,1875.7,,50,3,1839.0,1875.7,1839.0
2026-03-03,13.5,0.75,1803.0,,8293,202,1789.6,1805.0,1778.0
2026-03-01,20.5,1.16,1789.5,,10523,190,1760.0,1798.0,1745.0
2026-02-26,14.0,0.8,1769.0,,6296,136,1765.0,1771.5,1758.0
2026-02-25,4.9,0.28,1755.0,98.82,5638,116,1750.0,1755.0,1748.0
2026-02-24,8.6,0.49,1750.1,,8589,128,1742.0,1755.0,1737.0
2026-02-23,0.5,0.03,1741.5,84.74,4859,125,1747.9,1750.0,1740.0
2026-02-22,5.5,0.32,1741.0,,13081,233,1740.0,1755.0,1735.1
2026-02-17,-5.5,-0.32,1735.5,,14124,227,1750.0,1750.0,1735.1
2026-02-16,-15.0,-0.85,1741.0,,6167,167,1760.0,1760.0,1740.0
2026-02-12,4.0,0.23,1756.0,,11388,158,1755.0,1760.0,1755.0
2026-02-11,12.3,0.71,1752.0,,13510,153,1750.0,1755.0,1745.0
2026-02-10,-5.4,-0.31,1739.7,,9987,226,1746.0,1750.0,1739.0
2026-02-09,-14.9,-0.85,1745.1,,7907,236,1757.0,1760.0,1745.1
2026-02-08,2.0,0.11,1760.0,,10344,213,1783.0,1783.0,1755.0
2026-02-05,-1.0,-0.06,1758.0,,6960,201,1760.0,1762.0,1750.0
2026-02-04,1.0,0.06,1759.0,,8537,189,1740.0,1768.0,1740.0
2026-02-03,-7.0,-0.4,1758.0,96.24,5468,153,1775.0,1785.0,1756.0
2026-02-02,0.9,0.05,1765.0,,5866,157,1759.0,1780.0,1759.0
2026-02-01,-8.9,-0.5,1764.1,,5944,180,1773.0,1780.0,1752.0
2026-01-29,-10.0,-0.56,1773.0,,8369,202,1783.0,1783.0,1771.0
2026-01-28,1.0,0.06,1783.0,,10328,169,1797.9,1797.9,1770.0
2026-01-27,-7.0,-0.39,1782.0,,13637,172,1790.0,1798.0,1775.0
2026-01-26,-7.9,-0.44,1789.0,,16632,287,1800.0,1818.1,1780.0
2026-01-25,21.9,1.23,1796.9,,14842,303,1799.9,1800.0,1775.0
2026-01-22,-1.9,-0.11,1775.0,,6255,164,1777.0,1785.0,1770.0
2026-01-21,1.9,0.11,1776.9,99.51,5599,164,1770.0,1800.0,1770.0
2026-01-20,8.9,0.5,1775.0,,10948,231,1800.0,1800.0,1769.3
2026-01-18,-7.9,-0.45,1766.1,,11569,251,1780.0,1785.0,1765.2
2026-01-14,-1.0,-0.06,1774.0,62.51,3522,125,1790.0,1790.0,1770.0
2026-01-13,1.0,0.06,1775.0,,8562,179,1766.0,1790.0,1752.0
2026-01-12,-5.0,-0.28,1774.0,,5719,138,1775.0,1780.0,1770.0
2026-01-08,-1.0,-0.06,1779.0,69.66,3923,137,1780.0,1785.0,1770.0
2026-01-07,10.0,0.56,1780.0,,12273,154,1770.0,1785.0,1770.0
2026-01-06,-0.5,-0.03,1770.0,,6494,219,1770.5,1780.0,1769.0
2026-01-05,17.36,0.99,1770.5,,14342,459,1781.0,1809.0,1770.5
2026-01-04,5.8,0.32,1840.8,,14110,311,1849.0,1849.5,1832.0
2026-01-01,-9.0,-0.49,1835.0,96.47,5246,143,1845.0,1848.9,1835.0
2025-12-31,7.0,0.38,1844.0,63.89,3462,85,1838.0,1858.0,1838.0
2025-12-29,10.9,0.6,1837.0,,5627,149,1837.0,1841.0,1827.0
2025-12-28,16.6,0.92,1826.1,,11465,261,1831.0,1831.0,1797.0
2025-12-24,2.5,0.14,1809.5,,8411,185,1814.0,1815.0,1807.0
2025-12-23,-18.0,-0.99,1807.0,,12749,298,1830.0,1830.0,1780.0
2025-12-22,-12.0,-0.65,1825.0,,11585,303,1840.0,1840.0,1801.1
2025-12-21,-10.9,-0.59,1837.0,,8279,157,1855.0,1855.0,1836.1
2025-12-18,-2.1,-0.11,1847.9,92.68,5035,113,1835.1,1850.0,1835.0
2025-12-17,0.0,0.0,1850.0,,6389,153,1850.0,1855.0,1837.0
2025-12-16,8.0,0.43,1850.0,75.25,4072,83,1847.0,1855.0,1842.0
2025-12-15,4.0,0.22,1842.0,47.53,2582,87,1857.0,1857.0,1835.0
2025-12-14,-7.0,-0.38,1838.0,78.02,4239,104,1878.0,1878.0,1835.0
2025-12-11,-5.0,-0.27,1845.0,88.6,4795,83,1849.9,1863.0,1840.0
2025-12-10,-9.9,-0.53,1850.0,54.82,2963,86,1857.0,1870.0,1840.2
2025-12-09,-0.1,-0.01,1859.9,49.36,2661,83,1855.0,1864.0,1845.0
2025-12-08,-0.1,-0.01,1860.0,75.45,4047,100,1866.0,1875.0,1858.0
2025-12-07,0.1,0.01,1860.1,,12297,181,1875.0,1880.0,1844.0
2025-12-03,-2.0,-0.11,1860.0,,6938,126,1855.0,1880.0,1840.0
2025-12-02,-3.0,-0.16,1862.0,66.15,3556,69,1865.0,1867.0,1857.0
2025-12-01,-9.0,-0.48,1865.0,,5627,106,1850.0,1872.0,1850.0
2025-11-30,-9.9,-0.53,1874.0,,14339,187,1884.0,1899.9,1845.0
2025-11-27,3.9,0.21,1883.9,,22421,168,1860.0,1884.0,1860.0
2025-11-26,15.0,0.8,1880.0,,12319,148,1874.0,1880.0,1860.0
2025-11-25,-4.7,-0.25,1865.0,,5883,123,1860.0,1875.0,1850.3
2025-11-24,15.7,0.85,1869.7,,7902,155,1862.0,1875.0,1855.0
2025-11-23,29.0,1.59,1854.0,,10354,154,1840.0,1854.0,1836.0
2025-11-20,2.0,0.11,1825.0,,9631,137,1822.0,1825.0,1810.0
2025-11-19,0.7,0.04,1823.0,,6308,98,1820.0,1835.0,1820.0
2025-11-18,5.3,0.29,1822.3,87.96,4820,102,1817.0,1830.0,1817.0
2025-11-17,-2.9,-0.16,1817.0,,6438,166,1811.0,1820.0,1810.0
2025-11-16,-0.1,-0.01,1819.9,,7238,141,1835.0,1835.0,1815.0
2025-11-13,-2.0,-0.11,1820.0,,8188,160,1822.0,1830.0,1819.0
2025-11-12,-7.0,-0.38,1822.0,,5935,155,1829.0,1840.0,1820.0
2025-11-11,-4.0,-0.22,1829.0,,6868,151,1837.2,1838.0,1828.1
2025-11-10,-7.0,-0.38,1833.0,57.08,3111,107,1840.0,1840.0,1830.0
2025-11-09,-9.9,-0.54,1840.0,68.61,3729,117,1840.0,1850.0,1835.0
2025-11-06,4.9,0.27,1849.9,80.61,4372,136,1818.9,1854.0,1818.9
2025-11-05,7.0,0.38,1845.0,77.98,4239,124,1838.0,1846.0,1835.0
2025-11-04,-12.0,-0.65,1838.0,,11038,252,1850.0,1852.0,1826.1
2025-11-03,-15.0,-0.8,1850.0,,10615,239,1860.0,1899.0,1840.0
2025-11-02,15.5,0.84,1865.0,,8229,167,1850.1,1870.0,1850.1
2025-10-30,-0.5,-0.03,1849.5,,7668,149,1850.0,1857.0,1840.0
2025-10-29,-10.2,-0.55,1850.0,,8659,185,1894.0,1894.0,1845.0
2025-10-28,15.2,0.82,1860.2,,7217,146,1818.0,1877.0,1818.0
2025-10-26,-19.0,-1.02,1845.0,81.4,4432,101,1831.0,1848.0,1804.0
2025-10-19,36.0,1.97,1864.0,,6185,134,1828.0,1875.7,1828.0
2025-10-16,0.0,0.0,1828.0,,11281,168,1853.0,1858.0,1820.0
2025-10-15,-22.0,-1.19,1828.0,,6889,190,1850.0,1857.5,1825.0
2025-10-14,0.0,0.0,1850.0,,8918,169,1850.0,1865.0,1848.0
2025-10-13,-10.0,-0.54,1850.0,,11530,216,1897.0,1897.0,1847.9
2025-10-12,-40.0,-2.11,1860.0,,12373,311,1875.0,1880.0,1850.0
2025-10-09,35.0,1.88,1900.0,,10982,204,1902.3,1973.0,1871.0
2025-10-08,-22.1,-1.17,1865.0,,11832,299,1887.1,1887.1,1859.0
2025-10-07,-9.2,-0.49,1887.1,,6238,187,1896.3,1928.0,1887.0
2025-09-28,-8.7,-0.46,1896.3,,5826,134,1905.0,1924.0,1890.0
2025-09-25,8.0,0.42,1905.0,,8381,137,1896.0,1909.9,1889.0
2025-09-24,-20.0,-1.04,1897.0,,7714,181,1910.5,1919.0,1893.0
2025-09-23,23.38,1.23,1917.0,,8577,216,1901.0,1924.0,1901.0
2025-09-21,127.62,7.23,1893.62,,19685,541,1730.8,1897.0,1730.8
2025-09-18,-129.86,-6.85,1766.0,73.31,4074,72,1858.0,1858.0,1765.0
2025-09-08,-6.22,-0.33,1895.86,,12339,221,1906.0,1906.0,1890.0
2025-09-07,-3.86,-0.2,1902.08,,8887,163,1905.94,1909.0,1900.5
2025-09-04,-6.57,-0.34,1905.94,,9056,201,1912.1,1915.0,1902.5
2025-09-03,-2.45,-0.13,1912.51,80.17,4190,139,1914.96,1920.0,1912.0
2025-09-02,-6.35,-0.33,1914.96,,10861,170,1914.0,1924.9,1912.2
2025-09-01,2.05,0.11,1921.31,,6352,130,1957.6,1957.6,1910.1
2025-08-31,-6.35,-0.33,1919.26,,14660,283,1920.2,1943.0,1915.0
2025-08-28,-15.2,-0.78,1925.61,,10344,237,1932.0,1940.0,1925.0
2025-08-27,15.1,0.78,1940.81,,9539,218,1925.0,1945.0,1925.0
2025-08-26,0.21,0.01,1925.71,,7557,160,1928.0,1934.9,1924.0
2025-08-25,-0.68,-0.04,1925.5,,8901,203,1929.0,1932.3,1910.0
2025-08-24,-6.81,-0.35,1926.18,,6312,166,1960.0,1960.0,1925.2
2025-08-21,-1.98,-0.1,1932.99,98.82,5105,143,1935.0,1949.8,1932.0
2025-08-20,-8.83,-0.45,1934.97,99.45,5132,148,1938.2,1950.0,1930.0
2025-08-19,8.91,0.46,1943.8,,6602,139,1935.0,1949.0,1930.0
2025-08-18,0.92,0.05,1934.89,,5321,134,1931.1,1939.0,1925.0
2025-08-17,-11.57,-0.59,1933.97,,11591,241,1955.0,1956.0,1931.1
2025-08-14,1.35,0.07,1945.54,,9738,196,1945.0,1949.0,1936.1
2025-08-13,3.66,0.19,1944.19,,11203,233,1943.0,1955.0,1935.1
2025-08-12,-17.19,-0.88,1940.53,,11721,318,1970.0,1975.0,1940.0
2025-08-11,-13.07,-0.66,1957.72,,18858,355,1973.0,1989.0,1951.8
2025-08-07,10.01,0.51,1970.79,,13914,270,1970.0,1975.0,1960.0
2025-08-06,-11.76,-0.6,1960.78,,17572,294,2010.0,2010.0,1960.0
2025-08-05,-26.1,-1.31,1972.54,,19431,366,2020.0,2020.0,1970.0
2025-08-04,-3.62,-0.18,1998.64,,26213,405,2019.9,2025.0,1980.0
2025-08-03,-44.06,-2.15,2002.26,,39035,606,2046.0,2046.0,2000.0
2025-07-31,-32.57,-1.57,2046.32,,30253,491,2079.0,2090.0,2040.1
2025-07-30,-21.28,-1.01,2078.89,,52945,721,2142.1,2168.0,2060.0
2025-07-29,58.63,2.87,2100.17,,95384,915,2045.1,2111.0,2045.1
2025-07-28,-26.91,-1.3,2041.54,,36874,654,2068.0,2070.0,2020.0
2025-07-27,19.63,0.96,2068.45,,54435,860,2089.7,2130.0,2056.0
2025-07-24,-1.73,-0.08,2048.82,,28057,365,2079.0,2079.0,2039.0
2025-07-23,24.42,1.21,2050.55,,36364,538,2040.0,2081.0,2030.0
2025-07-22,33.43,1.68,2026.13,,45820,677,1992.7,2032.0,1992.7
2025-07-21,-7.89,-0.39,1992.7,,24967,398,2019.0,2019.0,1980.0
2025-07-20,-0.28,-0.01,2000.59,,29646,458,2019.9,2025.0,1995.0
2025-07-17,25.15,1.27,2000.87,,29942,531,1975.72,2015.0,1975.72
2025-07-16,31.59,1.62,1975.72,,16029,294,1944.0,1990.0,1935.0
2025-07-15,22.62,1.18,1944.13,,9678,191,1930.0,1961.0,1920.0
2025-07-14,-11.71,-0.61,1921.51,,10793,188,1934.0,1945.3,1915.0
2025-07-13,7.44,0.39,1933.22,,20869,308,1960.0,1964.0,1927.0
2025-07-10,-0.17,-0.01,1925.78,,9634,193,1926.0,1937.0,1921.9
2025-07-09,13.41,0.7,1925.95,,9904,162,1912.0,1949.0,1912.0
2025-07-08,-4.2,-0.22,1912.54,,7698,147,1915.0,1927.9,1901.0
2025-07-07,-19.58,-1.01,1916.74,,9171,161,1925.0,1933.9,1912.0
2025-07-06,13.14,0.68,1936.32,,21047,312,1923.0,1957.0,1921.0
2025-07-03,-0.62,-0.03,1923.18,,10966,223,1910.0,1948.0,1900.0
2025-07-02,29.51,1.56,1923.8,,15936,287,1932.1,1940.0,1894.0
2025-07-01,4.47,0.24,1894.29,,10157,243,1900.0,1900.0,1889.2
2025-06-30,-3.1,-0.16,1889.82,67.74,3586,115,1892.0,1900.0,1882.0
2025-06-29,15.53,0.83,1892.92,,9924,267,1877.39,1898.0,1869.0
2025-06-26,-1.68,-0.09,1877.39,,6523,181,1880.0,1890.0,1876.0
2025-06-25,0.59,0.03,1879.07,97.98,5216,162,1882.0,1884.0,1871.0
2025-06-24,-6.63,-0.35,1878.48,,10739,300,1896.0,1896.0,1877.0
2025-06-23,-0.3,-0.02,1885.11,,6234,182,1900.0,1900.0,1880.0
2025-06-22,-0.47,-0.02,1885.41,,11025,293,1877.1,1895.0,1877.1
2025-06-19,-4.33,-0.23,1885.88,,15611,343,1891.1,1893.0,1885.0
2025-06-18,-3.26,-0.17,1890.21,,10782,205,1886.0,1898.0,1886.0
2025-06-17,2.14,0.11,1893.47,,6814,180,1900.0,1910.0,1886.0
2025-06-16,-0.62,-0.03,1891.33,,12562,330,1895.0,1903.0,1885.0
2025-06-15,-12.57,-0.66,1891.95,,19938,452,1907.0,1914.0,1890.0
2025-06-12,0.6,0.03,1904.52,,11190,218,1906.0,1915.0,1902.0
2025-06-11,-3.3,-0.17,1903.92,,10807,238,1928.0,1945.0,1902.2
2025-06-10,-0.47,-0.02,1907.22,,9130,217,1910.0,1921.0,1905.0
2025-06-09,-1.23,-0.06,1907.69,,7087,178,1910.0,1910.9,1903.0
2025-06-08,1.66,0.09,1908.92,,6983,165,1929.9,1929.9,1905.1
2025-06-05,1.98,0.1,1907.26,,6870,189,1902.0,1910.0,1900.0
2025-06-04,-3.41,-0.18,1905.28,,8135,228,1910.0,1910.0,1900.1
2025-06-03,-4.55,-0.24,1908.69,,9717,220,1916.0,1920.0,1905.0
2025-06-02,2.78,0.15,1913.24,,15194,388,1948.6,1987.1,1910.0
2025-05-28,-8.86,-0.46,1910.46,,13345,306,1919.0,1919.0,1907.0
2025-05-27,-1.26,-0.07,1919.32,,5571,154,1910.1,1926.0,1910.1
2025-05-26,-1.62,-0.08,1920.58,,7458,210,1960.0,1960.6,1920.0
2025-05-25,-8.6,-0.45,1922.2,,6850,210,1930.8,1949.9,1918.0
2025-05-22,-0.79,-0.04,1930.8,,7971,192,1930.0,1940.0,1930.0
2025-05-21,7.83,0.41,1931.59,,9571,255,1960.0,2001.0,1925.0
2025-05-20,16.81,0.88,1923.76,,10236,237,1906.0,1930.0,1905.1
2025-05-19,-2.32,-0.12,1906.95,,9619,288,1909.0,1927.0,1905.0
2025-05-18,-5.56,-0.29,1909.27,,16787,327,1912.0,1925.0,1900.1
2025-05-15,-2.02,-0.11,1914.83,,10536,240,1929.0,1929.0,1913.1
2025-05-14,-3.62,-0.19,1916.85,,8004,230,1920.0,1929.0,1915.1
2025-05-13,-3.3,-0.17,1920.47,,9092,223,1930.2,1934.0,1920.0
2025-05-11,2.14,0.11,1923.77,,8354,203,1953.0,1954.0,1919.0
2025-05-08,-5.6,-0.29,1921.63,,10400,248,1930.0,1930.0,1919.0
2025-05-07,5.57,0.29,1927.23,,16423,348,1911.1,1930.0,1911.1
2025-05-06,-6.66,-0.35,1921.66,,11078,269,1928.0,1928.0,1919.1
2025-05-05,4.9,0.25,1928.32,,6644,174,1935.0,1935.0,1920.0
2025-05-04,-1.3,-0.07,1923.42,,17588,307,1950.0,1950.0,1919.0
2025-04-30,0.98,0.05,1924.72,,11714,258,1925.0,1935.0,1920.0
2025-04-29,-13.18,-0.68,1923.74,,15913,364,1953.8,1953.8,1920.0
2025-04-28,-13.46,-0.69,1936.92,,12800,302,1950.0,1954.0,1935.0
2025-04-27,1.31,0.07,1950.38,,20566,325,1955.0,1978.0,1940.0
2025-04-24,-2.03,-0.1,1949.07,,13123,263,1947.0,1960.0,1940.0
2025-04-23,-17.55,-0.89,1951.1,,15043,259,1970.0,1970.9,1945.0
2025-04-22,-3.2,-0.16,1968.65,,11234,191,1971.85,1980.0,1960.0
2025-04-21,-8.63,-0.44,1971.85,,8776,193,1961.0,1990.0,1961.0
2025-04-20,-9.99,-0.5,1980.48,,9867,226,2003.7,2013.0,1970.0
2025-04-17,28.96,1.48,1990.47,,28841,447,1965.0,2015.0,1950.0
2025-04-16,0.45,0.02,1961.51,,8319,175,1972.0,1972.0,1950.0
2025-04-15,16.92,0.87,1961.06,,9506,214,1955.0,1973.9,1946.0
2025-04-13,2.04,0.11,1944.14,,6837,211,1936.0,1955.0,1936.0
2025-04-10,-8.86,-0.45,1942.1,,18055,373,1958.0,1958.0,1936.0
2025-04-09,9.74,0.5,1950.96,,5325,179,1980.0,1980.0,1940.0
2025-04-08,-13.19,-0.67,1941.22,,14116,267,1940.5,1954.0,1939.1
2025-04-07,-16.13,-0.82,1954.41,,22248,412,1970.0,1990.0,1940.0
2025-04-03,-9.22,-0.47,1970.54,,7029,205,1985.0,1989.9,1968.0
2025-04-02,-0.57,-0.03,1979.76,69.39,3501,88,1994.0,1994.9,1965.0
2025-04-01,-6.89,-0.35,1980.33,99.69,5040,157,1988.0,1999.0,1970.0
2025-03-30,26.55,1.35,1987.22,,10007,252,1960.67,2000.0,1960.0
2025-03-27,8.54,0.44,1960.67,,5958,157,1974.0,1975.0,1950.0
2025-03-26,5.7,0.29,1952.13,,9527,210,1980.0,1980.0,1940.0
2025-03-25,-14.11,-0.72,1946.43,,18731,304,1969.0,1969.0,1940.0
2025-03-24,7.84,0.4,1960.54,,9593,273,1952.7,1961.0,1935.0
2025-03-23,-17.8,-0.9,1952.7,,12075,299,1970.0,1970.0,1950.0
2025-03-20,-4.0,-0.2,1970.5,,8395,200,1980.0,1980.0,1970.0
2025-03-19,-2.5,-0.13,1974.5,,7147,164,1975.0,1991.0,1972.0
2025-03-18,-4.0,-0.2,1977.0,,6778,190,2020.6,2020.6,1975.0
2025-03-17,5.0,0.25,1981.0,,7342,192,1970.0,1990.0,1970.0
2025-03-16,-22.0,-1.1,1976.0,,13309,316,1998.0,1998.0,1970.0
2025-03-12,8.0,0.4,1998.0,,11015,236,1995.0,2002.0,1990.0
2025-03-11,-12.0,-0.6,1990.0,,10924,282,2009.3,2014.0,1985.0
2025-03-10,-23.0,-1.14,2002.0,,12210,263,2011.2,2039.0,2000.0
2025-03-09,-35.0,-1.7,2025.0,,12862,263,2065.0,2072.0,2020.0
2025-03-06,1.0,0.05,2060.0,,7878,197,2095.8,2095.8,2055.0
2025-03-05,-29.0,-1.39,2059.0,,12646,272,2090.0,2090.1,2053.1
2025-03-04,-37.0,-1.74,2088.0,,28037,379,2129.9,2129.9,2080.3
2025-03-03,10.1,0.48,2125.0,,27517,494,2157.0,2200.0,2123.0
2025-03-02,119.0,5.96,2114.9,,44547,798,1996.0,2120.0,1995.0
2025-02-27,22.6,1.15,1995.9,,12619,216,1990.0,1999.9,1986.0
2025-02-25,3.3,0.17,1973.3,,9271,166,1970.1,1990.0,1970.0
2025-02-24,-5.0,-0.25,1970.0,,14211,298,1985.0,1990.0,1965.0
2025-02-23,-15.0,-0.75,1975.0,,10431,254,1980.0,1989.9,1945.0
2025-02-20,-7.0,-0.35,1990.0,,10769,217,2036.9,2036.9,1982.0
2025-02-18,30.0,1.53,1997.0,,18275,389,1980.0,2007.0,1979.0
2025-02-17,18.0,0.92,1967.0,,13186,244,1975.0,1975.0,1952.0
2025-02-16,-8.0,-0.41,1949.0,,14678,373,1961.5,1969.0,1945.1
2025-02-13,-6.0,-0.31,1957.0,,10871,257,1968.0,1973.9,1957.0
2025-02-12,-4.0,-0.2,1963.0,,7516,239,1969.0,1977.0,1960.0
2025-02-11,0.9,0.05,1967.0,,5457,177,1966.1,1985.1,1962.0
2025-02-10,1.1,0.06,1966.1,,10850,220,1965.0,1978.0,1965.0
2025-02-09,-5.0,-0.25,1965.0,,9917,265,1970.1,1981.0,1965.0
2025-02-06,-17.0,-0.86,1970.0,,14068,353,1990.0,1990.0,1970.0
2025-02-05,3.0,0.15,1987.0,,18474,213,1996.0,1996.0,1975.0
2025-02-04,-1.0,-0.05,1984.0,,12018,228,1995.0,2000.0,1980.0
2025-02-03,0.0,0.0,1985.0,,19981,338,2000.0,2014.0,1985.0
2025-02-02,5.0,0.25,1985.0,,17584,373,1999.0,1999.0,1980.0
2025-01-28,-4.0,-0.2,1980.0,,7834,205,1999.0,1999.9,1975.0
2025-01-27,-9.0,-0.45,1984.0,,11073,214,1994.0,1994.0,1975.0
2025-01-26,-7.0,-0.35,1993.0,,5980,150,2001.0,2015.0,1980.0
2025-01-23,-9.0,-0.45,2000.0,,5197,156,2010.0,2012.0,1993.0
2025-01-22,24.0,1.21,2009.0,,16198,240,1985.0,2014.0,1980.0
2025-01-21,0.9,0.05,1985.0,,5735,174,1998.0,2005.0,1975.0
2025-01-20,-0.9,-0.05,1984.1,97.48,4906,123,1999.0,1999.0,1981.0
2025-01-19,3.0,0.15,1985.0,,7838,207,1983.0,1990.0,1955.0
2025-01-16,-4.1,-0.21,1982.0,,9266,222,1990.0,1998.9,1979.0
2025-01-15,-13.9,-0.7,1986.1,,7163,193,2000.0,2005.0,1986.1
2025-01-13,0.0,0.0,2000.0,,8760,186,1995.0,2003.0,1993.1
2025-01-12,1.0,0.05,2000.0,87.73,4382,119,2038.9,2038.9,1995.0
2025-01-09,-1.0,-0.05,1999.0,,10462,267,2019.9,2019.9,1990.0
2025-01-08,-16.2,-0.8,2000.0,,15477,268,2056.5,2056.5,1998.0
2025-01-07,6.3,0.31,2016.2,,8319,203,2019.9,2040.0,2010.0
2025-01-06,37.94,1.92,2009.9,,19294,456,2010.0,2010.0,1980.0
2025-01-05,10.9,0.52,2110.0,,34369,646,2105.0,2115.0,2099.0
2025-01-02,-0.8,-0.04,2099.1,,11088,193,2141.8,2141.8,2090.0
2025-01-01,9.9,0.47,2099.9,,13628,246,2090.0,2099.9,2069.0
2024-12-31,5.0,0.24,2090.0,,9149,201,2054.1,2092.0,2052.0
2024-12-29,-4.6,-0.22,2085.0,,10841,211,2088.0,2093.9,2078.1
2024-12-26,9.8,0.47,2089.6,,6579,188,2080.0,2097.0,2058.0
2024-12-24,14.7,0.71,2079.8,,22686,328,2095.0,2100.0,2060.0
2024-12-23,-4.9,-0.24,2065.1,,17121,316,2080.0,2080.0,2050.0
2024-12-22,-50.0,-2.36,2070.0,,26994,616,2077.6,2120.0,2069.0
2024-12-19,-28.0,-1.3,2120.0,,11882,281,2148.0,2154.0,2115.0
2024-12-18,-6.0,-0.28,2148.0,,6988,167,2154.0,2180.0,2145.0
2024-12-17,-3.0,-0.14,2154.0,,5285,151,2150.0,2160.0,2135.0
2024-12-16,-23.0,-1.06,2157.0,,14017,248,2160.0,2165.0,2150.0
2024-12-12,6.0,0.28,2180.0,,8849,210,2174.0,2195.0,2160.0
2024-12-11,1.5,0.07,2174.0,,6891,155,2179.0,2193.0,2170.0
2024-12-10,-17.4,-0.79,2172.5,,4904,121,2184.8,2184.8,2172.5
2024-12-09,9.9,0.45,2189.9,,11337,195,2160.0,2205.0,2160.0
2024-12-08,-19.0,-0.86,2180.0,,18206,301,2199.0,2200.0,2150.0
2024-12-05,-3.1,-0.14,2199.0,,13699,289,2200.0,2206.0,2125.0
2024-12-04,2.1,0.1,2202.1,,8380,167,2235.0,2235.0,2195.0
2024-12-03,-20.0,-0.9,2200.0,,10752,184,2220.0,2230.0,2200.0
2024-12-02,38.0,1.74,2220.0,,28645,500,2182.1,2259.0,2176.0
2024-12-01,-7.9,-0.36,2182.0,,10979,208,2233.6,2233.6,2161.0
2024-11-28,3.9,0.18,2189.9,,14133,231,2210.0,2219.0,2185.0
2024-11-27,-2.0,-0.09,2186.0,,12502,245,2220.0,2220.0,2180.0
2024-11-26,18.0,0.83,2188.0,,11148,180,2213.4,2213.4,2165.0
2024-11-25,10.0,0.46,2170.0,,7527,157,2165.0,2189.0,2160.0
2024-11-24,-10.0,-0.46,2160.0,,6989,172,2172.0,2188.0,2152.0
2024-11-21,-15.0,-0.69,2170.0,,14115,296,2185.0,2195.0,2165.0
2024-11-20,2.4,0.11,2185.0,,6295,155,2180.0,2197.9,2172.0
2024-11-19,-27.5,-1.24,2182.6,,21714,332,2243.0,2244.0,2180.2
2024-11-17,3.1,0.14,2210.1,,17829,285,2207.0,2235.0,2207.0
2024-11-14,-2.3,-0.1,2207.0,,10926,244,2249.0,2249.0,2205.0
2024-11-13,1.8,0.08,2209.3,,17562,243,2220.0,2250.0,2200.0
2024-11-12,-28.5,-1.27,2207.5,,8453,198,2250.0,2250.0,2201.0
2024-11-11,11.0,0.49,2236.0,,13979,295,2225.0,2269.0,2219.0
2024-11-10,47.0,2.16,2225.0,,14728,316,2190.0,2225.0,2175.0
2024-11-06,-12.0,-0.55,2178.0,,7309,187,2195.0,2195.0,2175.0
2024-11-05,6.0,0.27,2190.0,,7454,163,2227.0,2227.0,2186.1
2024-10-30,-13.0,-0.59,2184.0,,8102,186,2200.0,2200.1,2180.0
2024-10-29,18.0,0.83,2197.0,,10505,214,2179.0,2214.0,2179.0
2024-10-28,9.0,0.41,2179.0,,9507,198,2165.0,2200.0,2160.0
2024-10-27,-10.0,-0.46,2170.0,,9518,211,2199.0,2199.0,2165.2
2024-10-24,-15.0,-0.68,2180.0,,9355,243,2195.0,2218.0,2179.2
2024-10-23,0.0,0.0,2195.0,,9446,226,2190.0,2210.0,2190.0
2024-10-22,5.0,0.23,2195.0,,9291,226,2175.0,2200.0,2175.0
2024-10-21,-44.0,-1.97,2190.0,,16965,427,2250.0,2250.0,2180.0
2024-10-20,-34.0,-1.5,2234.0,,14899,354,2235.0,2250.0,2200.0
2024-10-17,2.9,0.13,2268.0,,13307,303,2295.0,2299.0,2260.0
2024-10-16,18.1,0.81,2265.1,,12536,246,2250.0,2285.9,2249.0
2024-10-15,21.0,0.94,2247.0,,5516,147,2228.0,2248.0,2228.0
2024-10-09,-10.9,-0.49,2226.0,,12136,200,2230.0,2236.0,2200.0
2024-10-08,-8.1,-0.36,2236.9,,10338,197,2250.0,2286.0,2230.0
2024-10-07,46.0,2.09,2245.0,,14749,319,2200.0,2254.0,2200.0
2024-10-06,29.0,1.34,2199.0,,15162,340,2170.0,2200.0,2155.0
2024-10-02,-21.0,-0.96,2170.0,,25659,509,2220.0,2220.0,2156.1
2024-10-01,89.0,4.23,2191.0,,30640,559,2139.0,2199.9,2096.3
2024-09-30,8.0,0.38,2102.0,,16233,379,2100.0,2126.0,2052.9
2024-09-29,-22.0,-1.04,2094.0,,15184,462,2073.7,2130.0,2068.0
2024-09-26,-19.0,-0.89,2116.0,,15623,266,2160.0,2165.0,2116.0
2024-09-25,23.0,1.09,2135.0,,17074,274,2110.0,2150.0,2099.5
2024-09-24,-53.0,-2.45,2112.0,,20482,483,2165.0,2191.9,2105.0
2024-09-23,-43.0,-1.95,2165.0,,13502,327,2252.1,2252.1,2157.0
2024-09-22,3.0,0.14,2208.0,,13223,307,2249.1,2293.0,2198.0
2024-09-18,-14.9,-0.67,2205.0,,14696,355,2219.0,2229.9,2180.0
2024-09-16,-28.1,-1.25,2219.9,,18153,357,2250.0,2258.0,2208.2
2024-09-15,-32.0,-1.4,2248.0,,24102,451,2310.0,2344.0,2248.0
2024-09-12,31.0,1.38,2280.0,,18595,326,2250.0,2280.0,2225.1
2024-09-11,-49.5,-2.15,2249.0,,19339,457,2300.0,2301.0,2248.0
2024-09-10,-1.6,-0.07,2298.5,,23518,439,2300.0,2337.0,2285.0
2024-09-09,-38.9,-1.66,2300.1,,31535,521,2335.0,2343.0,2300.0
2024-09-08,-30.9,-1.3,2339.0,,18187,412,2390.0,2414.0,2335.5
2024-09-05,-20.1,-0.84,2369.9,,46281,578,2392.7,2392.7,2336.5
2024-09-04,-75.0,-3.04,2390.0,,28562,439,2490.1,2490.1,2390.0
2024-09-03,0.0,0.0,2465.0,,26946,405,2470.0,2500.0,2439.0
2024-09-02,86.0,3.61,2465.0,,42141,688,2420.0,2473.0,2355.0
2024-09-01,-6.1,-0.26,2379.0,,35276,483,2385.1,2432.0,2370.0
2024-08-29,-6.0,-0.25,2385.1,,40796,704,2400.0,2430.0,2370.0
2024-08-28,-23.8,-0.99,2391.1,,44974,807,2450.0,2463.0,2379.5
2024-08-27,-85.1,-3.4,2414.9,,70906,1132,2500.0,2530.0,2411.0
2024-08-25,-97.0,-3.74,2500.0,,91250,1170,2600.0,2604.0,2500.0
2024-08-22,-32.0,-1.22,2597.0,,39219,672,2635.0,2645.0,2586.2
2024-08-21,2.0,0.08,2629.0,,96714,1319,2605.0,2700.0,2597.0
2024-08-18,120.0,4.79,2627.0,,148346,2283,2550.0,2690.0,2525.0
2024-08-15,114.0,4.76,2507.0,,114052,1508,2440.8,2573.4,2370.0
2024-08-14,8.1,0.34,2393.0,,46614,536,2432.5,2432.5,2365.1
2024-08-13,-17.1,-0.71,2384.9,,37176,591,2449.0,2449.0,2360.0
2024-08-12,12.0,0.5,2402.0,,49859,708,2410.0,2430.0,2390.0
2024-08-11,19.0,0.8,2390.0,,63183,874,2323.6,2400.0,2323.6
2024-08-08,-10.0,-0.42,2371.0,,37314,572,2425.0,2428.0,2355.0
2024-08-07,41.0,1.75,2381.0,,47187,735,2303.0,2386.0,2301.0
2024-08-06,-80.1,-3.31,2340.0,,89285,1441,2425.1,2487.0,2323.0
2024-08-05,41.1,1.73,2420.1,,73318,899,2379.0,2473.0,2379.0
2024-08-01,5.0,0.21,2379.0,,91189,1186,2400.0,2498.0,2357.0
2024-07-31,184.0,8.4,2374.0,,128312,1676,2210.0,2400.0,2210.0
2024-07-30,26.0,1.2,2190.0,,39924,544,2170.0,2200.0,2140.0
2024-07-29,-26.0,-1.19,2164.0,,33440,534,2200.0,2218.9,2162.0
2024-07-28,72.0,3.4,2190.0,,28659,535,2160.3,2285.0,2136.0
2024-07-25,-11.0,-0.52,2118.0,,27729,421,2130.0,2147.0,2107.1
2024-07-24,-35.0,-1.62,2129.0,,27621,570,2207.2,2207.2,2115.0
2024-07-23,64.0,3.05,2164.0,,26453,447,2100.0,2181.0,2100.0
2024-07-22,-5.0,-0.24,2100.0,,34192,645,2122.0,2147.1,2080.0
2024-07-21,83.0,4.1,2105.0,,33828,577,2040.0,2108.0,1985.0
2024-07-18,24.0,1.2,2022.0,,30764,541,2009.0,2040.0,2005.0
2024-07-17,24.0,1.22,1998.0,,21307,454,2000.0,2000.0,1977.0
2024-07-16,29.0,1.49,1974.0,,14444,297,1950.0,1982.0,1942.0
2024-07-15,24.0,1.25,1945.0,,17992,362,1958.0,1997.0,1941.0
2024-07-14,11.0,0.58,1921.0,,31449,564,1948.2,2026.0,1921.0
2024-07-11,5.0,0.26,1910.0,,19387,352,1918.0,1918.0,1900.0
2024-07-10,3.0,0.16,1905.0,,15474,301,1915.0,1915.0,1899.0
2024-07-09,4.0,0.21,1902.0,,9065,247,1899.0,1909.0,1895.0
2024-07-08,-19.0,-0.99,1898.0,,12384,316,1905.0,1915.0,1895.0
2024-07-07,-3.0,-0.16,1917.0,,15773,380,1950.0,1950.0,1915.6
2024-07-04,46.32,2.47,1920.0,,36049,887,1910.0,1930.0,1887.0
2024-07-03,20.9,0.99,2136.0,,36308,826,2120.0,2139.0,2112.0
2024-07-02,57.0,2.77,2115.1,,15959,321,2099.2,2200.0,2080.0
2024-07-01,-20.9,-1.01,2058.1,,15859,354,2077.0,2078.9,2058.0
2024-06-30,-6.0,-0.29,2079.0,,10939,216,2081.1,2100.0,2070.0
2024-06-27,-11.0,-0.52,2085.0,,10472,203,2099.8,2100.0,2085.0
2024-06-26,-3.9,-0.19,2096.0,,9229,161,2092.2,2100.0,2091.0
2024-06-25,4.9,0.23,2099.9,,8887,177,2120.0,2120.0,2093.0
2024-06-24,-2.0,-0.1,2095.0,,24903,393,2130.0,2130.0,2085.0
2024-06-23,-15.2,-0.72,2097.0,,13796,247,2110.0,2112.0,2094.0
2024-06-20,-6.8,-0.32,2112.2,,10292,168,2120.0,2125.0,2111.2
2024-06-19,3.0,0.14,2119.0,,7697,141,2120.0,2120.0,2111.0
2024-06-18,-9.0,-0.42,2116.0,,11455,259,2125.0,2129.0,2103.0
2024-06-16,-26.0,-1.21,2125.0,,33666,558,2190.0,2190.0,2107.0
2024-06-13,-8.0,-0.37,2151.0,,9493,171,2159.0,2159.0,2146.5
2024-06-12,4.0,0.19,2159.0,,7709,168,2155.0,2169.5,2150.2
2024-06-11,17.2,0.8,2155.0,,22461,262,2145.0,2160.0,2140.0
2024-06-10,9.6,0.45,2137.8,,13845,176,2130.0,2141.0,2123.0
2024-06-09,13.2,0.62,2128.2,,10430,223,2115.0,2135.0,2115.0
2024-06-06,5.0,0.24,2115.0,,9243,194,2130.0,2138.0,2108.0
2024-06-05,-8.0,-0.38,2110.0,,9509,205,2113.1,2126.0,2100.0
2024-06-04,7.8,0.37,2118.0,,8194,170,2152.4,2152.4,2110.0
2024-06-03,1.2,0.06,2110.2,,7449,179,2120.0,2135.0,2110.0
2024-06-02,-11.0,-0.52,2109.0,,10022,214,2140.0,2140.0,2104.0
2024-05-30,-16.1,-0.75,2120.0,,11644,216,2131.4,2148.0,2110.0
2024-05-29,-23.9,-1.11,2136.1,,11791,216,2175.0,2175.0,2136.0
2024-05-27,15.0,0.7,2160.0,,7897,157,2140.0,2160.0,2125.0
2024-05-26,-23.2,-1.07,2145.0,,10659,185,2172.0,2173.0,2130.0
2024-05-22,8.2,0.38,2168.2,,12175,217,2160.2,2183.0,2160.0
2024-05-21,-6.0,-0.28,2160.0,,10292,232,2170.0,2189.0,2150.0
2024-05-20,43.0,2.03,2166.0,,23237,363,2102.5,2170.0,2102.5
2024-05-19,13.0,0.62,2123.0,,11507,210,2149.0,2149.0,2105.0
2024-05-16,-0.1,0.0,2110.0,,9057,190,2123.0,2123.0,2089.0
2024-05-15,-1.9,-0.09,2110.1,,10386,178,2112.0,2135.0,2110.1
2024-05-14,14.0,0.67,2112.0,,12370,227,2099.0,2124.0,2099.0
2024-05-13,24.0,1.16,2098.0,,7108,127,2080.0,2110.0,2079.5
2024-05-12,1.1,0.05,2074.0,,6528,177,2081.0,2099.9,2071.0
2024-05-09,2.9,0.14,2072.9,,5240,160,2061.0,2085.0,2060.0
2024-05-08,-4.0,-0.19,2070.0,,5210,153,2080.0,2095.5,2066.0
2024-05-07,-8.0,-0.38,2074.0,,9477,232,2082.0,2087.0,2070.0
2024-05-06,-4.0,-0.19,2082.0,,8920,219,2082.0,2096.0,2077.1
2024-05-05,-19.0,-0.9,2086.0,,9790,246,2063.0,2100.0,2063.0
2024-05-02,-3.0,-0.14,2105.0,,9146,192,2120.0,2129.0,2100.4
2024-04-30,3.0,0.14,2108.0,,5771,148,2120.0,2120.0,2093.0
2024-04-29,2.0,0.1,2105.0,,6127,135,2132.0,2134.9,2100.0
2024-04-28,8.0,0.38,2103.0,,7701,204,2100.0,2110.0,2081.0
2024-04-25,2.8,0.13,2095.0,,7362,176,2093.0,2100.0,2080.0
2024-04-24,-8.8,-0.42,2092.2,,4853,140,2110.0,2110.0,2092.2
2024-04-22,3.0,0.14,2101.0,85.9,4081,122,2080.0,2113.0,2080.0
2024-04-21,8.0,0.38,2098.0,96.59,4622,129,2090.0,2099.0,2080.0
2024-04-18,-11.0,-0.52,2090.0,,6590,188,2090.1,2100.0,2090.0
2024-04-16,-9.9,-0.47,2101.0,,7554,183,2110.0,2110.0,2100.0
2024-04-15,2.9,0.14,2110.9,,5976,155,2110.0,2115.0,2100.2
2024-04-14,3.0,0.14,2108.0,,5692,158,2115.0,2125.0,2107.0
2024-04-10,-10.0,-0.47,2105.0,,7471,174,2116.0,2121.0,2105.0
2024-04-09,7.0,0.33,2115.0,,7558,152,2113.0,2127.0,2113.0
2024-04-07,6.9,0.33,2108.0,,5940,190,2101.3,2111.0,2101.2
2024-04-04,2.1,0.1,2101.1,,6720,151,2099.0,2115.0,2091.1
2024-04-03,0.6,0.03,2099.0,,8576,194,2100.0,2118.0,2096.0
2024-04-02,-0.6,-0.03,2098.4,94.99,4524,136,2100.0,2110.0,2095.1
2024-04-01,-6.5,-0.31,2099.0,,11466,243,2130.0,2130.0,2090.2
2024-03-31,-23.5,-1.1,2105.5,,9277,205,2130.0,2135.0,2103.0
2024-03-28,24.0,1.14,2129.0,,11608,209,2105.0,2145.0,2105.0
2024-03-27,-10.0,-0.47,2105.0,,5766,119,2145.0,2145.0,2105.0
2024-03-26,11.0,0.52,2115.0,,9551,170,2105.0,2115.0,2100.1
2024-03-25,-10.0,-0.47,2104.0,,6007,174,2139.9,2139.9,2103.0
2024-03-21,-4.0,-0.19,2114.0,,7987,158,2120.0,2129.0,2112.0
2024-03-20,-4.0,-0.19,2118.0,,6091,162,2130.0,2137.0,2110.0
2024-03-19,-3.0,-0.14,2122.0,87.72,4123,134,2120.0,2150.0,2120.0
2024-03-18,-9.5,-0.45,2125.0,,5653,157,2121.2,2150.0,2121.0
2024-03-17,-17.5,-0.81,2134.5,,8001,205,2152.0,2160.0,2132.0
2024-03-14,-20.5,-0.94,2152.0,,8838,217,2177.0,2177.0,2140.0
2024-03-13,9.5,0.44,2172.5,,10458,240,2163.0,2180.0,2131.0
2024-03-12,36.0,1.69,2163.0,,14215,291,2169.5,2169.5,2134.0
2024-03-10,26.0,1.24,2127.0,,10075,232,2120.0,2140.0,2108.4
2024-03-07,-8.0,-0.38,2101.0,,5202,154,2115.0,2125.0,2101.0
2024-03-06,9.1,0.43,2109.0,,8136,213,2100.0,2119.5,2080.0
2024-03-05,-81.1,-3.72,2099.9,,13291,303,2181.0,2181.0,2090.0
2024-03-04,129.0,6.29,2181.0,5.27,245,5,2093.0,2181.0,2093.0
2024-03-03,-24.0,-1.16,2052.0,,11783,272,2070.0,2075.0,2046.5
2024-02-29,-24.0,-1.14,2076.0,,7778,166,2115.0,2125.0,2075.0
2024-02-28,45.0,2.19,2100.0,,10216,229,2090.0,2184.0,2047.0
2024-02-27,-5.0,-0.24,2055.0,,6481,137,2060.0,2069.0,2040.0
2024-02-26,9.0,0.44,2060.0,,6817,204,2051.0,2067.0,2040.0
2024-02-25,-19.0,-0.92,2051.0,,14129,304,2085.0,2089.9,2051.0
2024-02-22,-24.0,-1.15,2070.0,,27687,375,2094.0,2100.0,2070.0
2024-02-21,0.0,0.0,2094.0,,6356,129,2090.0,2100.0,2090.0
2024-02-20,3.0,0.14,2094.0,,14491,247,2100.0,2100.0,2092.0
2024-02-18,-18.9,-0.9,2091.0,,14851,265,2110.0,2110.1,2090.0
2024-02-15,-3.1,-0.15,2109.9,,9515,199,2113.0,2125.0,2104.0
2024-02-14,-12.0,-0.56,2113.0,,7505,166,2116.0,2138.0,2110.0
2024-02-13,-25.0,-1.16,2125.0,,12735,284,2150.0,2150.1,2110.0
2024-02-12,29.9,1.41,2150.0,,10645,243,2123.0,2160.0,2120.0
2024-02-11,10.1,0.48,2120.1,,8490,210,2130.0,2144.0,2120.0
2024-02-07,9.9,0.47,2110.0,,7280,161,2130.0,2130.0,2100.0
2024-02-06,3.1,0.15,2100.1,,7557,192,2115.0,2120.0,2095.2
2024-02-05,7.0,0.33,2097.0,,8812,194,2100.0,2104.0,2085.0
2024-02-04,3.0,0.14,2090.0,,8353,215,2082.6,2098.6,2080.0
2024-02-01,-14.0,-0.67,2087.0,,8512,222,2090.0,2114.0,2085.0
2024-01-31,-19.0,-0.9,2101.0,,9852,247,2129.0,2129.5,2098.0
2024-01-30,20.0,0.95,2120.0,,12952,234,2120.0,2131.0,2101.0
2024-01-29,10.0,0.48,2100.0,,8121,197,2090.0,2110.0,2080.0
2024-01-28,10.0,0.48,2090.0,,10785,265,2121.6,2121.6,2080.0
2024-01-25,1.9,0.09,2080.0,,12259,305,2097.0,2112.0,2075.0
2024-01-24,-14.9,-0.71,2078.1,,12926,323,2090.0,2131.0,2078.0
2024-01-23,-32.0,-1.51,2093.0,,18687,483,2140.0,2145.0,2090.0
2024-01-22,-45.1,-2.08,2125.0,,19617,477,2196.8,2196.8,2118.1
2024-01-21,-24.9,-1.13,2170.1,,17545,413,2200.0,2200.0,2169.0
2024-01-18,-20.0,-0.9,2195.0,,18421,411,2259.3,2259.3,2186.1
2024-01-17,-17.0,-0.76,2215.0,,23675,498,2265.0,2275.0,2200.0
2024-01-16,17.0,0.77,2232.0,,22170,393,2220.0,2240.0,2200.0
2024-01-14,15.0,0.68,2215.0,,10370,242,2207.0,2220.0,2190.0
2024-01-11,0.0,0.0,2200.0,,13442,243,2193.0,2229.0,2187.5
2024-01-10,2.0,0.09,2200.0,,15701,307,2231.0,2235.0,2192.0
2024-01-09,23.0,1.06,2198.0,,27426,468,2185.0,2238.9,2185.0
2024-01-08,19.0,0.88,2175.0,,15484,274,2179.0,2181.0,2156.2
2024-01-07,-29.0,-1.33,2156.0,,16892,312,2185.0,2188.9,2151.0
2024-01-04,16.0,0.74,2185.0,,25233,465,2198.0,2217.0,2166.0
2024-01-03,4.0,0.18,2169.0,,11188,241,2170.0,2195.0,2155.0
2024-01-02,-28.0,-1.28,2165.0,,27285,453,2190.0,2200.0,2140.0
2024-01-01,3.0,0.14,2193.0,,21329,423,2190.0,2230.0,2190.0
2023-12-28,12.0,0.55,2190.0,,17084,355,2200.0,2210.0,2160.0
2023-12-27,-33.0,-1.49,2178.0,,39610,646,2250.0,2255.0,2160.0
2023-12-24,-57.0,-2.51,2211.0,,45177,723,2260.0,2300.0,2210.0
2023-12-21,-32.0,-1.39,2268.0,,45507,819,2335.8,2346.0,2240.0
2023-12-20,150.0,6.98,2300.0,,55864,1049,2165.0,2330.0,2165.0
2023-12-19,50.0,2.38,2150.0,,39707,586,2100.0,2170.0,2100.0
2023-12-18,58.0,2.84,2100.0,,25938,496,2061.0,2112.0,2055.0
2023-12-17,12.0,0.59,2042.0,,8576,183,2025.0,2055.0,2000.1
2023-12-14,4.0,0.2,2030.0,,8554,192,2026.0,2048.0,2010.0
2023-12-13,1.0,0.05,2026.0,,12897,271,2065.0,2100.0,2025.0
2023-12-12,14.9,0.74,2025.0,,12468,250,2050.3,2050.3,2009.3
2023-12-11,-44.9,-2.18,2010.1,,20640,479,2089.0,2100.0,2010.1
2023-12-10,96.0,4.9,2055.0,43.55,2140,45,1998.1,2055.0,1998.1
2023-12-07,9.0,0.46,1959.0,,6891,136,1950.1,1959.0,1945.0
2023-12-06,-4.0,-0.2,1950.0,61.36,3147,96,1960.0,1960.0,1947.0
2023-12-05,-3.0,-0.15,1954.0,,9819,125,1950.0,1957.0,1880.0
2023-12-04,-2.0,-0.1,1957.0,,7945,146,1965.0,1965.0,1956.0
2023-12-03,-6.0,-0.31,1959.0,,6024,151,1965.0,1965.0,1949.2
2023-11-30,-14.8,-0.75,1965.0,,5563,124,1979.0,1979.0,1952.0
2023-11-29,-0.2,-0.01,1979.8,85.33,4308,130,1980.0,1999.0,1966.0
2023-11-28,-9.0,-0.45,1980.0,90.74,4574,122,2000.0,2000.0,1975.5
2023-11-27,15.0,0.76,1989.0,,7889,223,1990.0,2004.0,1980.0
2023-11-26,41.0,2.12,1974.0,,11361,278,1940.0,1977.0,1935.0
2023-11-23,13.0,0.68,1933.0,69.37,3599,130,1920.0,1945.8,1910.0
2023-11-22,18.0,0.95,1920.0,,11890,161,1902.0,1930.0,1893.5
2023-11-21,-3.0,-0.16,1902.0,84.55,4444,137,1929.9,1929.9,1893.4
2023-11-20,-5.9,-0.31,1905.0,87.61,4563,168,1915.0,1949.1,1903.1
2023-11-09,3.9,0.2,1910.9,83.3,4367,158,1907.0,1918.0,1902.0
2023-11-08,-1.0,-0.05,1907.0,54.59,2862,110,1903.0,1912.0,1902.0
2023-11-07,20.1,1.06,1908.0,87.28,4576,163,1910.0,1919.7,1887.0
2023-11-06,23.8,1.28,1887.9,72.13,3835,136,1893.0,1893.0,1875.0
2023-11-05,-19.8,-1.05,1864.1,,6336,212,1870.0,1883.0,1860.0
2023-11-02,-1.2,-0.06,1883.9,,5431,130,1885.0,1892.0,1880.0
2023-11-01,6.1,0.32,1885.1,61.37,3255,110,1885.0,1889.0,1881.0
2023-10-31,-12.1,-0.64,1879.0,69.91,3714,135,1873.0,1890.0,1870.0
2023-10-30,-2.9,-0.15,1891.1,,5420,148,1893.0,1894.0,1870.0
2023-10-29,-26.0,-1.35,1894.0,,5759,195,1925.0,1925.0,1888.0
2023-10-19,15.0,0.79,1920.0,77.15,4030,133,1915.0,1924.0,1900.0
2023-10-18,40.0,2.14,1905.0,,6103,166,1865.0,1915.0,1865.0
2023-10-17,12.7,0.69,1865.0,98.99,5290,196,1869.0,1925.0,1864.0
2023-10-16,-19.7,-1.05,1852.3,,11380,309,1890.0,1890.0,1850.0
2023-10-12,-18.1,-0.96,1872.0,,10882,330,1895.0,1895.0,1872.0
2023-10-11,5.1,0.27,1890.1,88.44,4674,161,1890.0,1900.0,1885.4
2023-10-10,-10.0,-0.53,1885.0,,12176,244,1916.0,1916.0,1879.3
2023-10-09,-5.8,-0.31,1895.0,,11720,358,1900.0,1925.0,1880.0
2023-10-08,-53.3,-2.73,1900.8,,21299,574,1954.0,1955.0,1900.0
2023-10-05,-10.3,-0.52,1954.1,,11514,267,1965.0,1975.0,1950.0
2023-10-04,4.4,0.22,1964.4,89.59,4550,155,1988.0,1988.0,1960.0
2023-10-03,-18.0,-0.91,1960.0,,11014,323,1975.0,1983.0,1958.0
2023-10-02,-6.0,-0.3,1978.0,,7732,245,1980.0,1987.0,1975.1
2023-10-01,-14.0,-0.7,1984.0,,9053,291,1997.1,2000.0,1980.0
2023-09-27,-12.0,-0.6,1998.0,,28136,346,2010.0,2016.8,1996.0
2023-09-26,7.0,0.35,2010.0,,25992,530,2003.0,2010.0,1975.0
2023-09-25,-7.0,-0.35,2003.0,,6986,211,2000.0,2017.0,1996.0
2023-09-24,-37.0,-1.81,2010.0,,8093,224,2010.0,2050.0,2010.0
2023-09-21,27.0,1.34,2047.0,,6543,203,2060.0,2099.0,2030.0
2023-09-19,20.0,1.0,2020.0,,5300,147,2036.0,2036.0,1998.0
2023-09-18,-10.1,-0.5,2000.0,,8321,192,2010.0,2010.0,1995.3
2023-09-17,-18.9,-0.93,2010.1,,6971,213,2025.0,2063.4,2010.1
2023-09-13,17.9,0.89,2029.0,93.73,4625,133,2012.0,2035.0,2010.0
2023-09-12,-23.9,-1.17,2011.1,90.6,4471,115,2035.0,2043.0,2011.1
2023-09-11,25.1,1.25,2035.0,84.23,4165,126,2012.0,2036.0,2001.0
2023-09-10,6.9,0.34,2009.9,92.49,4606,117,2020.0,2020.0,2002.0
2023-09-07,-22.0,-1.09,2003.0,,5592,206,2019.0,2020.0,2002.0
2023-09-05,-2.0,-0.1,2025.0,57.27,2831,94,2027.0,2039.0,2020.0
2023-09-04,-2.9,-0.14,2027.0,84.66,4172,108,2039.0,2040.0,2026.0
2023-09-03,-20.1,-0.98,2029.9,,6779,166,2049.0,2049.0,2026.0
2023-08-30,5.0,0.24,2050.0,80.1,3919,106,2046.0,2050.0,2031.2
2023-08-29,-5.0,-0.24,2045.0,85.36,4186,104,2050.0,2050.0,2035.1
2023-08-28,6.0,0.29,2050.0,92.05,4503,130,2050.0,2050.0,2037.0
2023-08-27,-6.0,-0.29,2044.0,82.07,4031,134,2034.0,2045.0,2030.0
2023-08-24,-5.0,-0.24,2050.0,86.93,4226,154,2060.0,2069.0,2045.0
2023-08-23,25.0,1.23,2055.0,79.78,3891,109,2060.0,2060.0,2035.0
2023-08-22,6.0,0.3,2030.0,87.32,4310,141,2035.0,2040.0,2019.0
2023-08-21,-18.0,-0.88,2024.0,,10429,211,2031.0,2055.0,2013.0
2023-08-20,-12.0,-0.58,2042.0,,8870,206,2055.0,2064.9,2010.0
2023-08-17,4.0,0.2,2054.0,64.43,3126,100,2055.0,2080.0,2050.0
2023-08-16,6.0,0.29,2050.0,,5894,173,2040.0,2050.0,2010.0
2023-08-15,-33.0,-1.59,2044.0,,6862,225,2080.0,2080.0,2044.0
2023-08-14,3.0,0.14,2077.0,,5485,198,2084.0,2099.0,2077.0
2023-08-13,19.0,0.92,2074.0,,9423,239,2060.0,2085.0,2060.0
2023-08-10,21.0,1.03,2055.0,,8448,226,2035.0,2063.9,2035.0
2023-08-09,14.0,0.69,2034.0,,12111,284,2025.0,2035.0,2000.0
2023-08-08,-15.0,-0.74,2020.0,,8018,221,2055.1,2059.2,2011.0
2023-08-07,3.0,0.15,2035.0,,6356,188,2035.0,2060.0,2030.0
2023-08-06,-21.0,-1.02,2032.0,,13266,349,2056.0,2078.9,2009.0
2023-08-03,2.0,0.1,2053.0,,8602,244,2068.0,2072.0,2051.0
2023-08-02,0.0,0.0,2051.0,,6790,238,2042.0,2060.0,2035.1
2023-08-01,-24.0,-1.16,2051.0,,12516,311,2079.1,2087.0,2045.0
2023-07-31,4.0,0.19,2075.0,,12620,312,2072.0,2100.0,2070.0
2023-07-30,-20.0,-0.96,2071.0,,13633,436,2094.0,2101.0,2068.5
2023-07-27,-31.0,-1.46,2091.0,,15248,452,2135.0,2135.0,2088.0
2023-07-26,-14.0,-0.66,2122.0,,8851,248,2149.9,2149.9,2120.0
2023-07-25,-29.0,-1.34,2136.0,,7232,230,2150.0,2159.0,2135.4
2023-07-24,-9.9,-0.46,2165.0,,15250,422,2185.1,2185.1,2150.0
2023-07-23,56.8,2.68,2174.9,,27993,530,2123.0,2174.9,2120.0
2023-07-20,-11.9,-0.56,2118.1,,13474,350,2130.0,2130.0,2115.0
2023-07-19,-2.0,-0.09,2130.0,,7121,230,2149.0,2149.0,2120.0
2023-07-18,14.0,0.66,2132.0,,13395,322,2150.0,2150.0,2125.0
2023-07-17,29.0,1.39,2118.0,,11591,290,2085.0,2121.9,2080.0
2023-07-16,-4.0,-0.19,2089.0,,10436,313,2096.2,2115.0,2088.0
2023-07-13,-20.0,-0.95,2093.0,,15377,423,2147.0,2147.0,2085.0
2023-07-12,-7.5,-0.35,2113.0,,16470,354,2125.0,2130.0,2100.0
2023-07-11,-11.5,-0.54,2120.5,,11099,274,2132.0,2150.0,2110.0
2023-07-10,29.0,1.38,2132.0,,21480,398,2110.0,2148.0,2110.0
2023-07-09,37.0,1.79,2103.0,,17981,478,2085.0,2108.0,2080.0
2023-07-06,-29.0,-1.38,2066.0,,23386,625,2090.0,2090.0,2030.0
2023-07-05,-44.0,-2.06,2095.0,,25120,659,2181.7,2181.7,2090.0
2023-07-04,48.6,2.32,2139.0,,56836,1487,2132.0,2220.0,2109.0
2023-07-03,0.0,0.0,2613.0,,77711,1722,2635.0,2635.0,2600.0
2023-07-02,8.0,0.31,2613.0,,48859,1092,2657.0,2700.0,2609.0
2023-06-28,-43.9,-1.66,2605.0,,49309,904,2648.9,2674.0,2596.0
2023-06-27,-20.1,-0.75,2648.9,,34747,711,2670.0,2675.0,2646.0
2023-06-26,18.0,0.68,2669.0,,47009,744,2700.0,2704.0,2635.0
2023-06-25,86.0,3.35,2651.0,,56663,1025,2615.0,2670.0,2570.0
2023-06-22,-9.1,-0.35,2565.0,,48319,842,2625.5,2668.0,2552.3
2023-06-21,-35.9,-1.38,2574.1,,39299,702,2602.1,2634.0,2571.0
2023-06-20,12.0,0.46,2610.0,,43178,810,2620.0,2680.0,2595.0
2023-06-19,93.0,3.71,2598.0,,47259,743,2530.0,2682.0,2496.0
2023-06-18,60.0,2.45,2505.0,,46589,620,2455.0,2510.0,2451.0
2023-06-15,-10.0,-0.41,2445.0,,21269,347,2438.0,2470.0,2432.0
2023-06-14,5.0,0.2,2455.0,,34944,614,2421.0,2490.0,2421.0
2023-06-13,8.9,0.36,2450.0,,22312,445,2393.0,2477.5,2393.0
2023-06-12,-16.9,-0.69,2441.1,,29174,606,2470.0,2497.0,2416.1
2023-06-11,188.5,8.31,2458.0,,48068,1016,2314.0,2460.0,2294.0
2023-06-08,39.5,1.77,2269.5,,28649,497,2274.6,2289.0,2209.2
2023-06-07,46.0,2.11,2230.0,,30904,508,2199.0,2250.0,2195.0
2023-06-06,21.9,1.01,2184.0,,5439,139,2146.1,2184.0,2146.1
2023-06-05,1.1,0.05,2162.1,,10734,222,2166.0,2189.9,2162.0
2023-06-04,23.0,1.08,2161.0,,13068,220,2180.7,2199.0,2151.1
2023-06-01,27.0,1.28,2138.0,,13628,298,2120.0,2160.0,2095.0
2023-05-31,-51.0,-2.36,2111.0,,18547,389,2150.0,2159.0,2100.0
2023-05-30,-38.0,-1.73,2162.0,,25188,475,2200.0,2200.0,2156.3
2023-05-28,-24.0,-1.08,2200.0,,34097,495,2230.0,2245.0,2200.0
2023-05-24,12.0,0.54,2224.0,,13979,306,2212.0,2239.0,2181.0
2023-05-23,66.0,3.08,2212.0,,20358,412,2163.0,2213.0,2120.0
2023-05-22,-1.0,-0.05,2146.0,,13610,308,2165.0,2170.0,2125.0
2023-05-21,15.0,0.7,2147.0,,17220,440,2140.0,2170.0,2135.0
2023-05-18,37.0,1.77,2132.0,,16322,375,2093.0,2134.7,2086.0
2023-05-17,13.0,0.62,2095.0,,10089,244,2095.0,2096.0,2086.0
2023-05-16,2.0,0.1,2082.0,,6077,195,2097.0,2097.0,2050.0
2023-05-15,-10.0,-0.48,2080.0,,11714,303,2090.0,2100.0,2050.2
2023-05-14,79.0,3.93,2090.0,,25738,700,2051.2,2125.0,2039.0
2023-05-11,-1.0,-0.05,2011.0,55.09,2734,88,2012.0,2023.0,2010.5
2023-05-10,-4.0,-0.2,2012.0,74.23,3689,64,2038.0,2038.0,2007.0
2023-05-09,11.0,0.55,2016.0,,6229,112,2005.0,2018.0,2002.0
2023-05-08,-5.0,-0.25,2005.0,76.16,3797,107,2000.1,2014.0,2000.1
2023-05-07,-18.0,-0.89,2010.0,91.93,4557,115,2024.2,2028.0,2010.0
2023-05-04,5.0,0.25,2028.0,88.67,4392,77,2005.0,2035.0,2005.0
2023-05-03,17.9,0.89,2023.0,70.53,3509,99,2000.2,2023.0,2000.2
2023-05-02,0.1,0.0,2005.1,,5278,137,2033.0,2033.0,2002.0
2023-04-30,-10.0,-0.5,2005.0,,5892,132,2005.0,2020.0,2000.0
2023-04-27,10.0,0.5,2015.0,50.57,2510,89,2001.0,2025.1,2001.0
2023-04-26,-32.0,-1.57,2005.0,,5374,141,2022.0,2054.0,2000.1
2023-04-25,30.4,1.52,2037.0,,6261,109,2009.0,2045.0,2008.0
2023-04-24,-4.4,-0.22,2006.6,54.7,2722,105,2007.7,2025.0,2004.1
2023-04-23,-9.0,-0.45,2011.0,56.69,2819,84,2045.0,2045.0,2007.0
2023-04-20,-15.0,-0.74,2020.0,58.25,2882,85,2050.0,2050.0,2010.0
2023-04-19,20.0,0.99,2035.0,47.03,2318,61,2022.1,2040.0,2022.1
2023-04-18,-27.0,-1.32,2015.0,,8984,224,2071.0,2071.0,1988.0
2023-04-17,-23.0,-1.11,2042.0,46.41,2262,80,2060.0,2065.0,2040.0
2023-04-16,-24.9,-1.19,2065.0,75.76,3655,101,2089.9,2089.9,2059.0
2023-04-13,3.8,0.18,2089.9,,9352,206,2127.8,2127.8,2065.0
2023-04-12,65.1,3.22,2086.1,,9820,264,2035.0,2091.0,2035.0
2023-04-11,15.0,0.75,2021.0,97.75,4842,146,2010.0,2029.0,2010.0
2023-04-10,-1.0,-0.05,2006.0,,5364,145,2015.0,2025.0,1998.0
2023-04-09,-13.0,-0.64,2007.0,,8766,241,2011.0,2011.0,1997.0
2023-04-06,-8.0,-0.39,2020.0,,5181,135,2035.0,2042.7,2015.0
2023-04-05,16.0,0.8,2028.0,55.12,2729,85,2012.0,2035.0,2004.3
2023-04-04,-3.0,-0.15,2012.0,,5439,130,2015.0,2045.0,2010.0
2023-04-03,-14.0,-0.69,2015.0,,5572,162,2030.0,2030.0,2010.0
2023-04-02,-29.3,-1.42,2029.0,,5387,172,2095.0,2095.0,2029.0
2023-03-30,-11.7,-0.57,2058.3,93.83,4532,166,2076.2,2085.0,2055.2
2023-03-29,13.0,0.63,2070.0,,5995,134,2074.0,2077.9,2035.0
2023-03-28,29.0,1.43,2057.0,,8734,202,2040.0,2075.0,2022.0
2023-03-27,-1.0,-0.05,2028.0,,10015,205,2000.0,2035.5,2000.0
2023-03-26,-19.0,-0.93,2029.0,,8183,194,2048.0,2049.0,2011.0
2023-03-23,-30.0,-1.44,2048.0,,7904,180,2074.0,2074.0,2036.7
2023-03-22,13.0,0.63,2078.0,,9805,276,2090.0,2099.0,2065.0
2023-03-20,39.0,1.92,2065.0,,10203,250,2026.1,2070.0,2026.1
2023-03-19,11.0,0.55,2026.0,95.81,4737,137,2015.0,2035.0,2005.0
2023-03-16,4.0,0.2,2015.0,,7686,150,1998.0,2024.0,1996.0
2023-03-15,-23.0,-1.13,2011.0,,6643,166,2006.0,2034.0,1999.0
2023-03-14,19.0,0.94,2034.0,81.7,4046,99,2011.0,2034.0,2000.0
2023-03-13,-4.0,-0.2,2015.0,,6074,146,2008.0,2039.0,1978.8
2023-03-12,-16.0,-0.79,2019.0,,9107,213,2041.1,2055.0,2006.2
2023-03-09,36.1,1.81,2035.0,,10513,199,2002.0,2039.0,2002.0
2023-03-07,16.9,0.85,1998.9,,7968,145,2001.0,2010.0,1981.1
2023-03-05,-35.0,-1.74,1982.0,,9039,173,2020.0,2036.9,1980.1
2023-03-02,-24.0,-1.18,2017.0,,7833,195,2040.0,2040.0,2010.0
2023-03-01,7.8,0.38,2041.0,,7680,190,2048.9,2050.0,2028.3
2023-02-28,8.2,0.4,2033.2,,4971,116,2058.0,2058.0,2005.0
2023-02-27,-10.0,-0.49,2025.0,,8216,212,2010.0,2050.2,1999.0
2023-02-26,25.0,1.24,2035.0,,10228,266,1991.0,2035.0,1956.0
2023-02-23,-18.0,-0.89,2010.0,,10830,248,1992.0,2030.0,1992.0
2023-02-22,28.0,1.4,2028.0,,8095,198,2009.0,2035.0,2003.0
2023-02-20,-15.0,-0.74,2000.0,,9208,264,2055.0,2055.0,1985.0
2023-02-16,-25.0,-1.23,2015.0,,5616,178,2035.0,2056.9,2014.0
2023-02-15,-22.0,-1.07,2040.0,,6520,181,2060.0,2080.0,2030.0
2023-02-14,-15.1,-0.73,2062.0,,6212,176,2050.0,2085.0,2050.0
2023-02-12,-47.9,-2.25,2077.1,,13250,344,2167.0,2167.0,2075.0
2023-02-09,17.1,0.81,2125.0,,7851,189,2099.0,2140.0,2095.1
2023-02-08,7.9,0.38,2107.9,,13280,313,2115.0,2157.9,2100.0
2023-02-07,95.5,4.76,2100.0,,11711,330,2007.0,2100.0,2007.0
2023-02-06,12.5,0.63,2004.5,,6113,159,1982.0,2008.0,1982.0
2023-02-05,-8.0,-0.4,1992.0,,8946,233,2005.0,2010.0,1988.0
2023-02-02,-8.0,-0.4,2000.0,,8537,254,2018.0,2045.0,1995.0
2023-02-01,-10.0,-0.5,2008.0,,5703,175,2030.0,2030.0,2000.0
2023-01-31,-43.0,-2.09,2018.0,,14801,413,2070.0,2079.0,2000.1
2023-01-30,-41.0,-1.95,2061.0,,9307,275,2144.0,2144.0,2060.1
2023-01-29,-35.0,-1.64,2102.0,,7485,176,2102.0,2150.0,2095.0
2023-01-26,0.0,0.65,2137.0,,6909,0,2159.0,2159.0,2130.0
2023-01-25,0.0,0.62,2123.1,,4322,0,2150.0,2150.0,2110.0
2023-01-24,0.0,-1.03,2110.0,,17988,0,2130.0,2140.0,2070.0
2023-01-23,0.0,0.09,2132.0,,12123,0,2130.0,2155.0,2121.0
2023-01-19,0.0,-0.93,2130.0,,6322,0,2136.0,2155.0,2125.2
2023-01-18,0.0,0.37,2150.0,,8059,0,2143.0,2190.0,2142.0
2023-01-17,0.0,0.8,2142.0,,15158,0,2160.0,2167.5,2099.0
2023-01-12,0.0,-2.52,2125.0,,19249,0,2223.4,2250.0,2125.0
2023-01-10,0.0,-2.03,2179.9,,26441,0,2260.0,2265.0,2145.0
2023-01-09,0.0,-0.17,2225.1,,15194,0,2235.0,2264.0,2222.0
2023-01-08,0.0,-0.94,2229.0,,23611,0,2253.0,2269.0,2200.0
2023-01-05,0.0,4.66,2250.1,,33164,0,2193.0,2258.9,2181.0
2023-01-04,0.0,7.5,2150.0,,30447,0,2040.0,2177.0,2000.0
2023-01-03,0.0,0.5,2000.0,,12073,0,1999.0,2010.0,1975.0
2023-01-02,0.0,0.51,1990.0,,11812,0,1975.0,2008.0,1960.0
2023-01-01,0.0,0.41,1980.0,,17645,0,2000.0,2011.0,1961.2
2022-12-29,0.0,0.66,1972.0,,11115,0,1942.1,1990.0,1930.0
2022-12-28,0.0,-0.31,1959.0,,12340,0,1965.0,1985.0,1926.0
2022-12-27,0.0,4.02,1965.0,,28623,0,1890.0,2000.0,1890.0
2022-12-26,0.0,2.94,1889.0,,11367,0,1865.0,1889.0,1850.0
2022-12-22,0.0,-0.05,1835.0,,3481,0,1830.0,1840.0,1829.6
2022-12-21,0.0,-0.6,1836.0,,5046,0,1845.0,1850.0,1835.0
2022-12-20,0.0,0.11,1847.0,,3384,0,1840.0,1854.9,1840.0
2022-12-19,0.0,0.38,1845.0,,5370,0,1837.0,1845.0,1836.0
2022-12-18,0.0,-0.37,1838.0,,5270,0,1845.0,1850.0,1832.0
2022-12-15,0.0,-0.54,1844.9,,4154,0,1845.1,1860.0,1830.0
2022-12-14,0.0,-0.22,1855.0,,4660,0,1870.0,1870.0,1845.0
2022-12-13,0.0,0.22,1859.0,,4376,0,1872.0,1877.0,1850.0
2022-12-12,0.0,0.0,1855.0,,6698,0,1850.0,1884.9,1840.0
2022-12-11,0.0,-1.23,1855.0,,6558,0,1883.0,1883.0,1850.0
2022-12-07,0.0,-0.21,1878.1,,6946,0,1883.0,1890.0,1867.0
2022-12-06,0.0,-0.95,1882.0,,4654,0,1928.0,1928.0,1871.0
2022-12-05,0.0,-1.2,1900.0,,11069,0,1934.0,1934.0,1899.0
2022-12-04,0.0,1.8,1923.0,,14162,0,1910.0,1935.0,1891.0
2022-12-01,0.0,0.48,1889.0,,6607,0,1880.0,1900.0,1868.3
2022-11-30,0.0,-0.42,1880.0,,2492,0,1885.0,1890.0,1865.1
2022-11-29,0.0,-0.21,1888.0,,4598,0,1895.0,1897.9,1880.0
2022-11-28,0.0,0.1,1892.0,,12017,0,1900.0,1920.0,1887.0
2022-11-27,0.0,1.07,1890.1,,10139,0,1880.0,1897.0,1870.0
2022-11-24,0.0,-0.37,1870.0,,3562,0,1870.0,1875.0,1866.0
2022-11-23,0.0,-0.48,1877.0,,3087,0,1889.0,1889.0,1868.1
2022-11-22,0.0,0.06,1886.1,,7100,0,1900.0,1919.0,1884.0
2022-11-17,0.0,0.96,1885.0,,9007,0,1904.0,1904.0,1878.3
2022-11-16,0.0,0.38,1867.0,,8150,0,1897.2,1897.2,1857.0
2022-11-15,0.0,0.19,1860.0,,4338,0,1875.0,1879.0,1855.0
2022-11-14,0.0,1.28,1856.5,,4750,0,1833.0,1869.0,1830.0
2022-11-13,0.0,-0.87,1833.0,,5363,0,1837.5,1860.0,1830.0
2022-11-10,0.0,-1.64,1849.1,,5495,0,1905.0,1905.0,1848.1
2022-11-09,0.0,-2.34,1880.0,,8018,0,1945.0,1948.0,1879.0
2022-11-08,0.0,0.1,1925.0,,8578,0,1923.0,1940.0,1919.0
2022-11-07,0.0,0.47,1923.0,,12128,0,1904.0,1940.0,1900.0
2022-11-06,0.0,1.98,1914.0,,7797,0,1888.9,1920.0,1866.1
2022-11-03,0.0,0.1,1876.9,,5554,0,1880.0,1887.0,1850.0
2022-11-02,0.0,-0.15,1875.0,,10963,0,1880.0,1896.0,1845.0
2022-11-01,0.0,2.34,1877.9,,6135,0,1862.0,1889.8,1826.0
2022-10-31,0.0,0.27,1835.0,,2076,0,1816.5,1835.0,1816.5
2022-10-23,0.0,0.94,1830.0,,4308,0,1839.0,1839.0,1810.0
2022-10-20,0.0,0.27,1812.9,,5737,0,1800.1,1821.0,1790.0
2022-10-19,0.0,-0.22,1808.0,,4253,0,1810.0,1825.0,1801.1
2022-10-17,0.0,-1.04,1812.0,,5287,0,1832.0,1834.0,1812.0
2022-10-16,0.0,-2.19,1831.0,,9282,0,1855.0,1855.0,1830.0
2022-10-13,0.0,0.5,1872.0,,4398,0,1875.0,1890.0,1850.0
2022-10-12,0.0,0.05,1875.0,,4101,0,1900.0,1900.0,1857.0
2022-10-11,0.0,-1.12,1874.0,,4932,0,1905.0,1908.0,1858.0
2022-10-10,0.0,-0.09,1895.3,,4125,0,1931.0,1931.0,1895.3
2022-10-09,0.0,2.65,1897.0,,6301,0,1848.0,1915.0,1848.0
2022-09-29,0.0,0.98,1848.0,,5428,0,1831.0,1848.0,1830.0
2022-09-28,0.0,1.33,1830.0,,3237,0,1806.0,1832.0,1806.0
2022-09-27,0.0,0.78,1806.0,,4740,0,1810.0,1810.0,1790.0
2022-09-25,0.0,-0.88,1792.1,,4773,0,1801.0,1812.0,1780.0
2022-09-22,0.0,0.0,1808.0,,3937,0,1825.0,1832.0,1805.0
2022-09-21,0.0,0.22,1808.0,,3618,0,1839.0,1840.0,1806.0
2022-09-20,0.0,-3.68,1804.0,,8530,0,1865.0,1865.0,1800.0
2022-09-18,0.0,-0.69,1873.0,,4471,0,1870.0,1890.0,1870.0
2022-09-16,0.0,-0.87,1886.0,,5821,0,1870.0,1900.0,1865.0
2022-09-15,0.0,-1.98,1902.5,,7463,0,1965.0,1965.0,1900.0
2022-09-14,0.0,0.99,1941.0,,5642,0,1940.0,1950.0,1929.0
2022-09-13,0.0,1.69,1922.0,,6995,0,1905.0,1930.0,1891.0
2022-09-12,0.0,-0.42,1890.0,,6254,0,1902.0,1907.0,1886.0
2022-09-11,0.0,-0.88,1898.0,,4040,0,1900.0,1935.0,1897.1
2022-09-08,0.0,-0.06,1914.9,,7933,0,1917.0,1929.9,1886.0
2022-09-07,0.0,-1.59,1916.0,,4671,0,1950.0,1950.0,1912.0
2022-09-06,0.0,-1.52,1947.0,,6999,0,1977.0,1980.0,1945.0
2022-09-05,0.0,-0.3,1977.0,,4156,0,1990.0,1995.0,1975.0
2022-09-04,0.0,-0.2,1983.0,,4604,0,2015.0,2015.0,1976.0
2022-09-02,0.0,-0.45,1987.0,,5096,0,2001.1,2001.1,1985.0
2022-09-01,0.0,-0.18,1996.0,,7628,0,1999.0,2029.0,1990.0
2022-08-31,0.0,-0.62,1999.5,,5342,0,2021.0,2021.0,1996.1
2022-08-30,0.0,0.2,2012.0,,3974,0,2029.0,2049.0,2010.0
2022-08-29,0.0,-1.42,2008.0,,5359,0,2011.0,2033.0,2007.0
2022-08-28,0.0,-2.44,2037.0,,8560,0,2068.0,2100.0,2029.7
2022-08-26,0.0,-0.76,2088.0,,5064,0,2100.0,2100.0,2088.0
2022-08-25,0.0,-0.61,2104.0,,6123,0,2107.0,2116.0,2101.0
2022-08-24,0.0,0.33,2117.0,,6866,0,2120.0,2125.0,2102.5
2022-08-23,0.0,0.09,2110.0,,4532,0,2140.0,2140.0,2105.0
2022-08-22,0.0,-0.09,2108.0,,6279,0,2113.0,2118.0,2099.0
2022-08-21,0.0,-0.19,2110.0,,6690,0,2145.0,2156.2,2107.0
2022-08-18,0.0,0.19,2114.0,,8167,0,2105.0,2126.9,2105.0
2022-08-17,0.0,-0.24,2110.0,,4083,0,2120.0,2128.0,2100.0
2022-08-16,0.0,-0.24,2115.0,,9113,0,2131.1,2150.0,2112.0
2022-08-15,0.0,0.62,2120.1,,10091,0,2108.0,2129.3,2105.0
2022-08-14,0.0,-3.88,2107.0,,14781,0,2195.0,2200.0,2097.0
2022-08-11,0.0,-2.75,2192.0,,17167,0,2299.0,2299.0,2190.0
2022-08-10,0.0,1.78,2254.0,,47199,0,2258.9,2346.0,2230.0
2022-08-09,0.0,-0.9,2879.0,,52222,0,2963.0,2963.0,2875.0
2022-08-08,0.0,-0.68,2905.0,,28136,0,2936.0,2960.0,2866.5
2022-08-07,0.0,0.38,2925.0,,14008,0,2855.8,2971.0,2855.8
2022-08-05,0.0,-1.29,2914.0,,11404,0,2960.0,2960.0,2902.0
2022-08-04,0.0,-1.34,2952.0,,11112,0,2990.0,2990.0,2950.1
2022-08-03,0.0,0.23,2992.0,,10676,0,3030.0,3035.0,2980.0
2022-08-02,0.0,-0.32,2985.0,,16535,0,2994.0,3009.0,2960.0
2022-08-01,0.0,-0.58,2994.5,,28623,0,3072.0,3072.0,2975.0
2022-07-31,0.0,4.28,3012.0,,28482,0,2940.0,3033.0,2930.0
2022-07-29,0.0,2.18,2888.5,,26951,0,2883.5,2941.0,2850.0
2022-07-28,0.0,6.28,2827.0,,47460,0,2700.0,2900.0,2673.0
2022-07-27,0.0,0.45,2660.0,,6568,0,2664.0,2675.0,2607.0
2022-07-26,0.0,-1.36,2648.0,,14469,0,2635.0,2710.0,2635.0
2022-07-25,0.0,1.49,2684.5,,11463,0,2650.0,2700.0,2650.0
2022-07-24,0.0,2.72,2645.0,,14360,0,2626.5,2650.0,2580.0
2022-07-22,0.0,-1.87,2575.0,,6267,0,2590.0,2623.5,2560.0
2022-07-21,0.0,-0.53,2624.0,,6291,0,2621.0,2644.0,2607.0
2022-07-20,0.0,1.0,2638.0,,10546,0,2600.0,2650.0,2587.1
2022-07-19,0.0,0.08,2612.0,,10336,0,2624.0,2649.0,2606.0
2022-07-18,0.0,2.47,2610.0,,12577,0,2560.0,2613.9,2531.2
2022-07-17,0.0,1.27,2547.0,,6711,0,2511.0,2565.0,2511.0
2022-07-15,0.0,-0.67,2515.0,,7428,0,2559.9,2570.0,2510.0
2022-07-14,0.0,0.92,2532.0,,13548,0,2549.0,2558.9,2490.0
2022-07-13,0.0,2.53,2509.0,,13618,0,2450.0,2525.0,2450.0
2022-07-12,0.0,0.74,2447.0,,11427,0,2445.0,2460.0,2410.0
2022-07-11,0.0,-3.8,2429.0,,15550,0,2500.0,2500.0,2413.0
2022-07-08,0.0,-2.36,2525.0,,12646,0,2586.0,2586.0,2499.0
2022-07-07,0.0,-0.34,2586.1,,7744,0,2645.0,2690.0,2586.0
2022-07-06,0.0,-0.61,2595.0,,11493,0,2610.0,2616.0,2552.0
2022-07-05,0.0,-2.21,2611.0,,17802,0,2650.0,2692.0,2595.0
2022-07-04,0.0,0.23,2670.0,,28202,0,2700.0,2728.0,2630.0
2022-07-03,0.0,3.46,2664.0,,17994,0,2550.0,2674.8,2540.0
2022-07-01,0.0,-0.54,2575.0,,8267,0,2581.0,2590.0,2550.0
2022-06-30,0.0,2.13,2589.0,,18470,0,2575.0,2590.0,2525.0
2022-06-29,0.0,1.49,2535.0,,13475,0,2547.8,2547.8,2463.0
2022-06-28,0.0,-1.73,2497.9,,21342,0,2542.0,2542.0,2480.0
2022-06-27,0.0,4.71,2542.0,,60340,0,2476.0,2670.0,2476.0
2022-06-26,0.0,10.0,2427.7,,4762,0,2251.1,2427.7,2251.1
2022-06-24,0.0,-0.81,2207.0,,13929,0,2250.0,2295.0,2137.0
2022-06-23,0.0,-2.75,2225.0,,12989,0,2250.0,2250.0,2199.0
2022-06-22,0.0,-1.42,2288.0,,3754,0,2301.0,2310.0,2270.0
2022-06-21,0.0,2.56,2321.0,,8150,0,2270.0,2325.0,2270.0
2022-06-20,0.0,-0.96,2263.0,,9277,0,2280.0,2282.0,2239.0
2022-06-19,0.0,-0.48,2285.0,,6921,0,2337.9,2338.0,2275.0
2022-06-17,0.0,-0.99,2296.0,,4699,0,2349.0,2358.0,2295.0
2022-06-16,0.0,0.65,2318.9,,5927,0,2290.0,2339.0,2285.0
2022-06-15,0.0,-2.37,2304.0,,15922,0,2340.0,2340.0,2286.0
2022-06-14,0.0,-0.22,2359.9,,9738,0,2400.0,2400.0,2335.0
2022-06-13,0.0,-1.66,2365.0,,8670,0,2425.0,2425.0,2350.0
2022-06-10,0.0,-1.39,2405.0,,9364,0,2440.0,2440.0,2390.0
2022-06-09,0.0,0.37,2439.0,,8501,0,2470.0,2490.0,2417.0
2022-06-08,0.0,1.76,2430.0,,12869,0,2428.9,2450.0,2387.0
2022-06-07,0.0,-2.13,2388.0,,8949,0,2440.0,2450.0,2380.0
2022-06-06,0.0,-0.82,2439.9,,6698,0,2461.0,2500.0,2437.0
2022-06-03,0.0,-2.61,2460.0,,16273,0,2501.0,2530.0,2443.0
2022-06-02,0.0,-0.75,2526.0,,8285,0,2540.0,2575.0,2519.2
2022-06-01,0.0,-0.74,2545.0,,7788,0,2564.0,2615.0,2525.0
2022-05-31,0.0,-0.74,2564.0,,11840,0,2585.0,2630.0,2525.0
2022-05-30,0.0,-1.97,2583.0,,10399,0,2635.0,2636.0,2575.0
2022-05-27,0.0,-0.53,2635.0,,5683,0,2650.0,2689.0,2625.0
2022-05-26,0.0,0.49,2649.0,,2969,0,2637.1,2674.0,2637.0
2022-05-25,0.0,0.23,2636.0,,7126,0,2630.0,2670.0,2630.0
2022-05-24,0.0,0.0,2630.0,,8420,0,2680.0,2680.0,2608.0
2022-05-23,0.0,-2.05,2630.0,,13852,0,2700.0,2700.0,2609.0
2022-05-20,0.0,-1.29,2685.0,,9699,0,2720.0,2730.0,2680.0
2022-05-19,0.0,-1.81,2720.0,,5984,0,2760.0,2773.0,2706.0
2022-05-18,0.0,0.0,2770.0,,4580,0,2753.0,2780.0,2721.0
2022-05-17,0.0,-1.78,2760.0,,4557,0,2765.0,2835.0,2753.8
2022-05-12,0.0,-0.67,2810.0,,6149,0,2880.0,2880.0,2803.0
2022-05-11,0.0,1.47,2829.0,,3673,0,2800.0,2843.0,2787.0
2022-05-10,0.0,1.02,2788.1,,4126,0,2768.0,2800.0,2765.0
2022-05-09,0.0,0.8,2760.0,,3867,0,2780.0,2795.0,2740.0
2022-05-08,0.0,1.41,2738.0,,55983,0,2700.0,2738.0,2670.0
2022-05-05,0.0,-2.39,2700.0,,8298,0,2735.0,2779.0,2690.0
2022-05-04,0.0,-0.89,2766.1,,5376,0,2800.0,2814.0,2760.0
2022-05-02,0.0,-2.21,2791.0,,5926,0,2830.0,2830.0,2791.0
2022-04-28,0.0,-0.38,2854.0,,5611,0,2865.0,2900.0,2840.0
2022-04-27,0.0,-0.35,2865.0,,4726,0,2855.0,2866.9,2819.0
2022-04-26,0.0,-1.13,2875.0,,2934,0,2900.0,2913.0,2875.0
2022-04-25,0.0,-1.39,2908.0,,5216,0,2995.0,2995.0,2895.0
2022-04-24,0.0,2.89,2948.9,,7404,0,2920.0,2950.0,2880.0
2022-04-21,0.0,0.24,2866.0,,4786,0,2860.0,2875.0,2830.0
2022-04-20,0.0,-0.52,2859.0,,3223,0,2920.0,2920.0,2840.0
2022-04-19,0.0,0.0,2874.0,,5607,0,2856.0,2924.0,2850.0
2022-04-18,0.0,0.21,2874.0,,7009,0,2860.0,2888.0,2831.1
2022-04-17,0.0,-0.83,2868.0,,6860,0,2949.7,2949.8,2850.0
2022-04-13,0.0,0.24,2892.0,,6290,0,2939.0,2940.0,2847.5
2022-04-12,0.0,-1.6,2885.0,,7062,0,2932.0,2932.0,2879.0
2022-04-11,0.0,-2.56,2932.0,,15031,0,3068.9,3080.0,2926.0
2022-04-07,0.0,0.8,3009.0,,5530,0,3030.0,3050.0,2970.0
2022-04-06,0.0,-2.03,2985.0,,13651,0,2996.0,3040.0,2985.0
2022-04-05,0.0,-0.88,3047.0,,14527,0,3135.0,3135.0,2975.0
2022-04-04,0.0,-0.9,3074.1,,5137,0,3090.0,3096.0,3052.0
2022-04-03,0.0,-1.99,3102.0,,5966,0,3122.0,3164.0,3088.0
2022-03-31,0.0,0.8,3165.0,,22710,0,3179.9,3201.0,3126.0
2022-03-30,0.0,1.16,3140.0,,5905,0,3105.0,3140.0,3086.1
2022-03-29,0.0,-0.51,3104.0,,5041,0,3140.0,3147.0,3100.0
2022-03-28,0.0,-0.83,3120.0,,9477,0,3150.0,3170.0,3100.0
2022-03-27,0.0,-0.76,3146.0,,12486,0,3165.0,3190.0,3141.0
2022-03-24,0.0,-2.01,3170.0,,7828,0,3200.0,3248.9,3170.0
2022-03-23,0.0,-1.04,3235.0,,8526,0,3269.0,3297.0,3230.0
2022-03-22,0.0,1.52,3269.0,,8342,0,3220.0,3290.0,3220.0
2022-03-21,0.0,0.94,3220.0,,8568,0,3195.0,3240.0,3180.0
2022-03-20,0.0,0.69,3190.0,,6053,0,3220.0,3225.0,3172.0
2022-03-16,0.0,0.35,3168.0,,20903,0,3157.0,3190.0,3111.0
2022-03-15,0.0,-0.09,3157.0,,10816,0,3196.0,3196.0,3125.0
2022-03-14,0.0,0.0,3160.0,,4306,0,3182.0,3190.0,3105.0
2022-03-13,0.0,4.36,3160.0,,15683,0,3087.0,3180.0,3055.0
2022-03-10,0.0,2.68,3028.0,,8022,0,2948.0,3030.0,2915.0
2022-03-09,0.0,-0.68,2948.9,,5443,0,2969.0,3000.0,2930.0
2022-03-07,0.0,-0.47,2969.0,,5408,0,3000.0,3014.0,2950.0
2022-03-06,0.0,-0.23,2983.0,,6277,0,2990.0,3040.0,2950.0
2022-03-02,0.0,-1.58,2990.0,,8359,0,3050.0,3050.0,2980.0
2022-02-28,0.0,-1.68,3038.0,,5943,0,3125.0,3130.0,3029.0
2022-02-27,0.0,-0.42,3090.0,,6883,0,3150.0,3150.0,3075.0
2022-02-24,0.0,-2.67,3103.0,,11164,0,3160.0,3190.0,3100.0
2022-02-23,0.0,-0.06,3188.1,,3207,0,3222.0,3222.0,3171.0
2022-02-22,0.0,0.0,3190.0,,4644,0,3190.0,3225.0,3180.0
2022-02-21,0.0,1.27,3190.0,,4273,0,3150.0,3190.0,3150.0
2022-02-20,0.0,-2.17,3150.0,,6688,0,3157.0,3213.0,3092.9
2022-02-17,0.0,0.41,3220.0,,3007,0,3220.0,3245.0,3207.0
2022-02-16,0.0,-0.87,3207.0,,5191,0,3235.0,3269.0,3205.0
2022-02-15,0.0,0.78,3235.0,,5393,0,3205.0,3249.9,3195.1
2022-02-14,0.0,0.31,3210.0,,14012,0,3200.0,3245.0,3182.0
2022-02-13,0.0,-3.61,3200.0,,15370,0,3255.0,3255.0,3189.0
2022-02-10,0.0,-0.39,3319.9,,5783,0,3280.0,3370.0,3280.0
2022-02-09,0.0,-0.06,3333.0,,10655,0,3306.1,3375.0,3278.0
2022-02-08,0.0,0.0,3335.0,,7109,0,3417.2,3430.0,3323.0
2022-02-07,0.0,-0.44,3350.2,,5449,0,3298.0,3400.0,3298.0
2022-02-06,0.0,-1.32,3365.0,,6812,0,3390.0,3415.0,3355.0
2022-02-03,0.0,-0.18,3410.0,,13731,0,3484.0,3484.0,3400.0
2022-02-01,0.0,0.53,3416.0,,5619,0,3360.0,3435.0,3353.0
2022-01-31,0.0,-1.19,3398.0,,9698,0,3400.1,3465.0,3395.0
2022-01-30,0.0,3.87,3439.0,,12223,0,3377.0,3451.0,3377.0
2022-01-27,0.0,0.15,3310.8,,11365,0,3355.0,3359.0,3309.0
2022-01-26,0.0,-2.19,3306.0,,10639,0,3320.0,3390.0,3300.0
2022-01-25,0.0,0.0,3380.0,,18889,0,3380.0,3415.0,3260.0
2022-01-24,0.0,-2.59,3380.0,,20821,0,3451.0,3455.1,3364.0
2022-01-23,0.0,-0.72,3470.0,,12375,0,3555.0,3555.0,3458.0
2022-01-20,0.0,0.71,3495.0,,12201,0,3451.0,3520.0,3431.0
2022-01-19,0.0,-1.13,3470.2,,13923,0,3511.0,3524.0,3453.6
2022-01-18,0.0,-1.82,3510.0,,16017,0,3512.0,3639.9,3485.1
2022-01-17,0.0,0.17,3575.0,,18245,0,3608.7,3646.0,3523.0
2022-01-16,0.0,4.23,3569.0,,31213,0,3492.4,3599.0,3422.6
2022-01-13,0.0,1.3,3424.0,,13180,0,3410.0,3438.0,3371.0
2022-01-12,0.0,-0.59,3380.0,,17349,0,3400.0,3468.0,3364.0
2022-01-11,0.0,0.71,3400.0,,18773,0,3380.0,3419.0,3350.0
2022-01-10,0.0,-0.97,3376.0,,17311,0,3440.0,3449.9,3360.0
2022-01-09,0.0,1.91,3409.0,,25708,0,3355.0,3419.9,3345.0
2022-01-06,0.0,3.18,3345.0,,25808,0,3231.0,3375.0,3190.0
2022-01-05,0.0,-2.65,3241.9,,17466,0,3350.0,3350.0,3241.0
2022-01-04,0.0,0.61,3330.0,,8107,0,3350.0,3365.0,3261.0
2022-01-03,0.0,3.43,3309.9,,27395,0,3264.0,3339.0,3201.0
2022-01-02,0.0,4.2,3200.0,,20266,0,3132.4,3250.0,3071.0
2021-12-29,0.0,-0.65,3071.0,,8119,0,3140.0,3140.0,3054.0
2021-12-28,0.0,-0.86,3091.1,,8435,0,3091.0,3200.0,3061.0
2021-12-27,0.0,-3.77,3118.0,,18121,0,3250.0,3255.0,3113.0
2021-12-26,0.0,7.25,3240.0,,24797,0,3081.0,3276.0,3020.0
2021-12-23,0.0,0.4,3021.0,,11539,0,3069.0,3075.0,2971.0
2021-12-22,0.0,5.95,3009.0,,16034,0,2896.8,3010.0,2875.0
2021-12-21,0.0,2.16,2840.0,,5760,0,2800.0,2852.0,2796.0
2021-12-20,0.0,-1.17,2780.0,,6734,0,2760.0,2825.0,2711.0
2021-12-16,0.0,-1.82,2813.0,,8549,0,2870.0,2870.0,2755.0
2021-12-15,0.0,0.53,2865.0,,17842,0,2907.0,3000.0,2792.0
2021-12-14,0.0,6.9,2850.0,,7128,0,2719.0,2850.0,2686.0
2021-12-13,0.0,-4.03,2666.0,,18636,0,2750.1,2750.1,2625.0
2021-12-12,0.0,-3.81,2778.0,,11028,0,2888.0,2930.0,2775.1
2021-12-09,0.0,0.1,2888.0,,9109,0,2900.0,2909.0,2856.0
2021-12-08,0.0,-3.03,2885.0,,11551,0,2970.0,2990.0,2870.0
2021-12-07,0.0,-2.01,2975.0,,7761,0,3095.7,3096.0,2970.0
2021-12-06,0.0,0.13,3036.0,,12745,0,2986.0,3044.0,2886.0
2021-12-05,0.0,-2.98,3032.0,,11514,0,3092.0,3100.2,3028.0
2021-12-02,0.0,-1.36,3125.0,,6829,0,3168.0,3183.0,3110.0
2021-12-01,0.0,0.41,3168.0,,6075,0,3190.0,3200.0,3138.0
2021-11-30,0.0,-0.22,3155.0,,6007,0,3200.0,3200.0,3150.0
2021-11-29,0.0,-0.57,3162.0,,7586,0,3149.0,3240.0,3120.0
2021-11-28,0.0,-2.99,3180.0,,16660,0,3221.0,3277.0,3160.0
2021-11-25,0.0,-1.11,3278.1,,12646,0,3340.0,3344.9,3214.4
2021-11-24,0.0,-0.09,3315.0,,5558,0,3310.0,3330.0,3270.0
2021-11-23,0.0,-1.46,3318.0,,4740,0,3300.0,3350.0,3300.0
2021-11-22,0.0,1.17,3367.0,,5816,0,3325.0,3369.0,3325.0
2021-11-21,0.0,-0.69,3328.0,,4257,0,3355.0,3380.0,3310.1
2021-11-18,0.0,-1.0,3351.1,,3924,0,3318.0,3390.0,3318.0
2021-11-17,0.0,-0.88,3385.0,,8332,0,3450.0,3464.0,3381.0
2021-11-16,0.0,2.55,3415.0,,7681,0,3345.0,3417.0,3290.0
2021-11-15,0.0,1.37,3330.0,,6741,0,3340.0,3350.0,3290.0
2021-11-14,0.0,-0.76,3285.0,,8705,0,3251.0,3315.0,3250.0
2021-11-11,0.0,-2.65,3310.0,,10674,0,3349.0,3389.0,3310.0
2021-11-09,0.0,-1.88,3400.0,,13670,0,3465.0,3465.0,3371.2
2021-11-08,0.0,-0.57,3465.0,,6439,0,3456.0,3505.0,3456.0
2021-11-03,0.0,0.29,3485.0,,16105,0,3534.0,3534.0,3470.0
2021-11-02,0.0,-0.43,3475.0,,7091,0,3490.0,3490.0,3401.1
2021-11-01,0.0,-0.17,3490.0,,14723,0,3550.0,3560.0,3479.0
2021-10-31,0.0,1.48,3496.0,,13859,0,3490.0,3525.0,3420.0
2021-10-28,0.0,-0.66,3445.0,,6924,0,3449.0,3481.0,3402.0
2021-10-27,0.0,0.35,3468.0,,13210,0,3500.0,3500.0,3400.0
2021-10-26,0.0,2.7,3456.0,,15358,0,3380.0,3515.0,3380.0
2021-10-25,0.0,3.89,3365.0,,8577,0,3211.0,3366.0,3211.0
2021-10-24,0.0,0.03,3239.0,,5140,0,3264.0,3264.0,3232.0
2021-10-21,0.0,-0.98,3238.1,,3484,0,3270.0,3270.0,3220.0
2021-10-20,0.0,1.24,3270.0,,5822,0,3294.6,3320.0,3225.0
2021-10-19,0.0,-2.12,3230.0,,8873,0,3251.0,3265.0,3200.0
2021-10-18,0.0,-2.14,3300.0,,9327,0,3307.5,3350.0,3290.0
2021-10-17,0.0,0.3,3372.0,,3139,0,3404.0,3404.0,3301.0
2021-10-11,0.0,0.3,3362.0,,5059,0,3370.0,3370.0,3300.0
2021-10-10,0.0,0.09,3352.0,,9768,0,3355.0,3440.0,3349.0
2021-10-06,0.0,2.73,3349.0,,10096,0,3323.0,3365.0,3292.0
2021-10-05,0.0,0.65,3260.0,,10679,0,3300.0,3300.0,3245.0
2021-10-04,0.0,-0.55,3239.0,,10518,0,3257.0,3258.0,3200.0
2021-10-03,0.0,-1.9,3257.0,,6628,0,3320.0,3345.0,3255.0
2021-09-30,0.0,-0.45,3320.0,,8558,0,3268.7,3400.0,3268.7
2021-09-29,0.0,1.12,3335.0,,15683,0,3295.0,3359.0,3240.0
2021-09-28,0.0,-2.22,3298.0,,15903,0,3311.0,3399.0,3290.0
2021-09-27,0.0,-1.89,3373.0,,12059,0,3438.0,3480.0,3370.0
2021-09-26,0.0,-2.0,3438.0,,11387,0,3510.0,3510.0,3435.0
2021-09-23,0.0,-1.07,3508.0,,13869,0,3600.0,3600.0,3485.0
2021-09-22,0.0,3.47,3546.0,,18396,0,3495.5,3565.0,3450.0
2021-09-21,0.0,0.18,3427.0,,29251,0,3360.0,3488.0,3312.4
2021-09-20,0.0,-3.5,3421.0,,24089,0,3600.9,3600.9,3417.0
2021-09-16,0.0,-1.94,3545.0,,21365,0,3615.0,3615.0,3525.0
2021-09-15,0.0,-0.93,3615.0,,10774,0,3721.9,3721.9,3610.0
2021-09-14,0.0,-0.57,3649.0,,9599,0,3682.0,3720.0,3645.0
2021-09-13,0.0,-0.54,3670.0,,11319,0,3723.0,3775.0,3661.1
2021-09-12,0.0,1.82,3690.0,,19521,0,3629.0,3720.0,3629.0
2021-09-09,0.0,-0.03,3624.0,,11047,0,3697.0,3697.0,3600.0
2021-09-08,0.0,-2.29,3625.0,,18332,0,3650.0,3700.0,3617.0
2021-09-07,0.0,-2.34,3710.0,,15303,0,3840.0,3840.0,3670.0
2021-09-06,0.0,5.24,3799.0,,27150,0,3610.0,3799.0,3581.0
2021-09-05,0.0,-2.38,3610.0,,30767,0,3664.0,3700.0,3560.0
2021-09-02,0.0,-2.3,3698.0,,25277,0,3800.0,3800.0,3680.0
2021-09-01,0.0,0.88,3785.0,,19807,0,3752.0,3860.0,3720.0
2021-08-31,0.0,-2.04,3752.0,,22574,0,3850.0,3850.0,3722.1
2021-08-29,0.0,-1.36,3830.0,,16580,0,3960.4,3960.4,3820.0
2021-08-26,0.0,0.08,3883.0,,15239,0,3870.0,3910.0,3870.0
2021-08-25,0.0,-1.17,3880.0,,19996,0,3926.0,3975.0,3870.0
2021-08-24,0.0,-1.85,3926.0,,18118,0,4000.0,4050.0,3920.0
2021-08-19,0.0,-0.74,4000.0,,17174,0,4030.0,4090.0,3990.0
2021-08-18,0.0,-0.74,4030.0,,22695,0,4030.0,4050.0,3980.0
2021-08-17,0.0,-0.54,4060.0,,16315,0,4082.0,4150.0,4050.0
2021-08-16,0.0,0.02,4082.0,,18436,0,4155.0,4155.0,4040.0
2021-08-15,0.0,-1.59,4081.0,,34700,0,4147.0,4147.0,4018.0
2021-08-12,0.0,-0.6,4147.0,,18923,0,4172.0,4220.0,4115.0
2021-08-11,0.0,-0.43,4172.0,,10080,0,4270.0,4270.0,4166.0
2021-08-10,0.0,-0.24,4190.0,,16899,0,4284.0,4284.0,4150.0
2021-08-09,0.0,-1.13,4200.0,,13697,0,4300.0,4324.0,4195.0
2021-08-08,0.0,1.51,4248.0,,26601,0,4200.0,4300.0,4155.0
2021-08-05,0.0,-1.62,4185.0,,24857,0,4289.0,4290.0,4172.0
2021-08-04,0.0,-2.12,4254.0,,32879,0,4399.0,4400.0,4250.0
2021-08-03,0.0,-1.2,4346.0,,33050,0,4400.0,4560.0,4345.0
2021-08-02,0.0,5.24,4399.0,,73963,0,4239.0,4435.0,4200.0
2021-08-01,0.0,3.21,4180.0,,40106,0,4050.0,4335.0,3991.0
2021-07-29,0.0,0.02,4050.0,,24813,0,4100.0,4125.0,4026.0
2021-07-28,0.0,5.03,4049.0,,37753,0,3900.0,4080.0,3900.0
2021-07-27,0.0,4.1,3855.0,,35144,0,3700.0,3910.0,3700.0
2021-07-26,0.0,0.0,3703.0,,11984,0,3735.0,3745.0,3700.0
2021-07-25,0.0,0.03,3703.0,,14063,0,3740.0,3740.0,3685.0
2021-07-22,0.0,-0.71,3702.0,,14269,0,3770.0,3770.0,3702.0
2021-07-20,0.0,0.12,3728.4,,12785,0,3798.0,3798.0,3700.0
2021-07-19,0.0,6.4,3724.0,,32557,0,3540.0,3800.0,3512.0
2021-07-18,0.0,0.26,3500.0,,21511,0,3510.0,3550.0,3490.0
2021-07-15,0.0,-0.09,3491.0,,17478,0,3494.0,3510.0,3486.0
2021-07-14,0.0,1.13,3494.0,,4551,0,3626.0,3626.0,3450.0
2021-07-13,0.0,-0.14,3455.0,,9706,0,3500.0,3528.0,3455.0
2021-07-12,0.0,-0.92,3460.0,,13026,0,3525.0,3590.0,3450.0
2021-07-11,0.0,1.66,3492.0,,13874,0,3457.0,3503.0,3450.0
2021-07-08,0.0,0.03,3435.0,,9794,0,3459.0,3459.0,3400.0
2021-07-07,0.0,-0.52,3434.0,,8591,0,3485.0,3485.0,3401.0
2021-07-06,0.0,-0.03,3452.0,,14110,0,3453.0,3490.0,3450.0
2021-07-05,0.0,-0.49,3453.0,,7905,0,3460.0,3475.0,3450.0
2021-07-04,0.0,0.29,3470.0,,9022,0,3525.0,3528.0,3460.0
2021-07-01,0.0,0.82,3460.0,,17344,0,3480.0,3535.0,3448.0
2021-06-30,0.0,-2.05,3432.0,,17217,0,3500.0,3500.0,3420.0
2021-06-29,0.0,-1.02,3504.0,,11788,0,3570.0,3570.0,3500.0
2021-06-28,0.0,-0.28,3540.0,,10556,0,3609.0,3609.0,3535.0
2021-06-27,0.0,-0.98,3550.0,,17784,0,3600.0,3650.0,3530.0
2021-06-24,0.0,-2.53,3585.0,,26583,0,3680.0,3695.0,3570.0
2021-06-23,0.0,-2.83,3678.0,,20310,0,3800.0,3800.0,3676.0
2021-06-22,0.0,1.12,3785.0,,29732,0,3900.0,3900.0,3743.0
2021-06-21,0.0,-1.69,4080.0,,72086,0,4150.0,4220.0,4075.0
2021-06-20,0.0,-0.79,4150.0,,25526,0,4220.0,4250.0,4100.0
2021-06-17,0.0,0.8,4183.0,,23461,0,4200.0,4200.0,4139.0
2021-06-16,0.0,-1.84,4150.0,,34008,0,4017.0,4215.0,4017.0
2021-06-15,0.0,2.95,4228.0,,44322,0,4310.0,4310.0,4060.0
2021-06-14,0.0,0.32,4107.0,,18807,0,4092.0,4120.0,4025.0
2021-06-13,0.0,-0.02,4094.0,,21051,0,4120.0,4170.0,4094.0
2021-06-10,0.0,-0.24,4095.0,,15741,0,4305.0,4305.0,4080.0
2021-06-09,0.0,0.0,4105.0,,30176,0,4101.0,4200.0,4077.0
2021-06-08,0.0,-0.36,4098.0,,17724,0,4318.0,4318.0,4090.0
2021-06-07,0.0,0.02,4113.0,,22169,0,4200.0,4225.0,4101.0
2021-06-06,0.0,3.42,4112.0,,39054,0,4024.0,4151.0,3981.0
2021-06-03,0.0,-0.6,3976.0,,19905,0,4005.0,4050.0,3971.0
2021-06-02,0.0,2.01,4000.0,,21213,0,3921.0,4050.0,3904.0
2021-06-01,0.0,-1.01,3921.0,,16428,0,3950.0,3990.0,3911.0
2021-05-31,0.0,-1.25,3961.0,,20186,0,4000.0,4050.0,3960.0
2021-05-30,0.0,0.2,4011.0,,19971,0,4003.0,4080.0,4000.0
2021-05-27,0.0,-1.26,4003.0,,25365,0,4000.0,4060.0,3973.0
2021-05-25,0.0,-1.05,4054.0,,16258,0,4200.0,4200.0,4050.0
2021-05-24,0.0,0.17,4097.0,,22102,0,4244.0,4244.0,4081.0
2021-05-23,0.0,-0.75,4090.0,,21711,0,4095.0,4161.0,3960.0
2021-05-20,0.0,-0.58,4121.0,,13863,0,4145.0,4186.0,4105.0
2021-05-19,0.0,-2.22,4145.0,,28209,0,4300.0,4337.0,4125.0
2021-05-18,0.0,6.88,4239.0,,66525,0,4100.0,4300.0,4000.0
2021-05-17,0.0,0.15,3966.0,,19046,0,3990.0,4009.0,3960.0
2021-05-16,0.0,1.46,3960.0,,19047,0,3945.0,4000.0,3923.0
2021-05-13,0.0,-0.43,3903.0,,13968,0,3925.0,3949.0,3900.0
2021-05-12,0.0,-0.23,3920.0,,11408,0,3994.0,3997.0,3905.0
2021-05-11,0.0,1.92,3929.0,,23969,0,3900.0,3950.0,3900.0
2021-05-10,0.0,0.76,3855.0,,20461,0,3829.0,3900.0,3802.0
2021-05-09,0.0,0.0,3826.0,,19222,0,3810.0,3878.0,3788.0
2021-05-06,0.0,-1.54,3826.0,,18094,0,3889.0,3889.0,3822.0
2021-05-05,0.0,-0.74,3886.0,,10411,0,3900.0,3950.0,3884.0
2021-05-04,0.0,0.15,3915.0,,14761,0,3714.0,4000.0,3714.0
2021-05-03,0.0,-0.03,3909.0,,23929,0,3980.0,4050.0,3901.0
2021-05-02,0.0,1.56,3910.0,,27735,0,3900.0,3945.0,3830.0
2021-04-29,0.0,0.0,3850.0,,23904,0,4042.0,4042.0,3830.0
2021-04-28,0.0,-0.65,3850.0,,20193,0,3890.0,3980.0,3775.0
2021-04-27,0.0,4.59,3871.0,,27542,0,3701.0,3876.0,3701.0
2021-04-26,0.0,-2.53,3701.0,,45474,0,3750.0,3825.0,3700.0
2021-04-25,0.0,-2.29,3797.0,,40762,0,3940.0,3940.0,3797.0
2021-04-22,0.0,-0.15,3886.0,,32235,0,4086.0,4086.0,3829.0
2021-04-21,0.0,-1.47,3892.0,,47054,0,4000.0,4000.0,3881.0
2021-04-20,0.0,-1.03,3953.0,,54464,0,4000.0,4000.0,3845.0
2021-04-19,0.0,-2.94,3994.0,,70944,0,4090.0,4090.0,3890.0
2021-04-18,0.0,-1.06,4115.0,,9856,0,4150.0,4150.0,4100.0
2021-04-15,0.0,0.19,4159.0,,7320,0,4358.0,4358.0,4150.0
2021-04-13,0.0,-0.79,4151.0,,10556,0,4184.0,4189.0,4149.0
2021-04-12,0.0,-0.5,4184.0,,7870,0,4200.0,4200.0,4181.0
2021-04-08,0.0,-0.61,4205.0,,9001,0,4201.0,4250.0,4180.0
2021-04-07,0.0,-1.03,4231.0,,3718,0,4300.0,4300.0,4222.0
2021-04-06,0.0,1.91,4275.0,,18207,0,4140.0,4300.0,4070.0
2021-04-05,0.0,-2.17,4195.0,,20511,0,4288.0,4300.0,4175.0
2021-04-04,0.0,-1.88,4288.0,,30347,0,4363.0,4364.0,4250.0
2021-04-01,0.0,-0.46,4370.0,,11918,0,4400.0,4410.0,4350.0
2021-03-31,0.0,0.69,4390.0,,6063,0,4400.0,4400.0,4350.0
2021-03-30,0.0,0.25,4360.0,,4276,0,4362.0,4390.0,4329.0
2021-03-29,0.0,-0.41,4349.0,,4192,0,4350.0,4400.0,4291.0
2021-03-25,0.0,-1.2,4367.0,,6125,0,4500.0,4505.0,4360.0
2021-03-24,0.0,1.33,4420.0,,27423,0,4390.0,4480.0,4380.0
2021-03-23,0.0,-0.86,4362.0,,9848,0,4400.0,4400.0,4310.0
2021-03-22,0.0,-2.2,4400.0,,13357,0,4500.0,4545.0,4400.0
2021-03-21,0.0,2.79,4499.0,,16396,0,4464.0,4525.0,4448.0
2021-03-18,0.0,6.11,4377.0,,15233,0,4150.0,4386.0,4100.0
2021-03-17,0.0,1.53,4122.0,,8453,0,4020.0,4155.0,4020.0
2021-03-16,0.0,-0.78,4060.0,,14221,0,4051.0,4125.0,3984.0
2021-03-15,0.0,-0.68,4092.0,,14171,0,4120.0,4202.0,3990.0
2021-03-14,0.0,-4.07,4120.0,,23378,0,4300.0,4310.0,4099.0
2021-03-10,0.0,-0.12,4295.0,,10619,0,4385.0,4385.0,4290.0
2021-03-09,0.0,-1.74,4300.0,,13048,0,4312.0,4375.0,4290.0
2021-03-04,0.0,3.83,4495.0,,21455,0,4370.0,4521.0,4350.0
2021-03-03,0.0,-3.48,4329.0,,31138,0,4401.0,4520.0,4300.0
2021-03-02,0.0,-2.5,4485.0,,14125,0,4601.0,4650.0,4420.0
2021-03-01,0.0,0.0,4600.0,,14014,0,4580.0,4638.0,4425.0
2021-02-28,0.0,-2.8,4578.0,,22971,0,4650.0,4691.0,4570.0
2021-02-25,0.0,0.0,4710.0,,11723,0,5029.0,5029.0,4635.0
2021-02-24,0.0,1.18,4790.0,,22292,0,4750.0,4896.0,4705.0
2021-02-23,0.0,-1.37,4734.0,,17837,0,4800.0,4800.0,4587.0
2021-02-22,0.0,0.02,4800.0,,26537,0,4900.0,4950.0,4781.0
2021-02-21,0.0,0.02,4799.0,,38625,0,4800.0,4850.0,4681.0
2021-02-18,0.0,0.02,4705.0,,18853,0,4680.0,4719.0,4600.0
2021-02-17,0.0,0.0,4600.0,,11673,0,4600.0,4620.0,4570.0
2021-02-16,0.0,-0.01,4619.0,,19748,0,4850.0,4850.0,4576.0
2021-02-15,0.0,0.04,4689.0,,12419,0,4590.0,4750.0,4525.0
2021-02-14,0.0,-0.04,4500.0,,21550,0,4700.0,4700.0,4460.0
2021-02-11,0.0,-0.01,4678.0,,12747,0,4750.0,4785.0,4671.0
2021-02-10,0.0,-0.01,4747.0,,15742,0,4793.0,4795.0,4700.0
2021-02-09,0.0,-0.03,4779.0,,13521,0,5000.0,5000.0,4778.0
2021-02-08,0.0,0.05,4910.0,,27202,0,4910.0,5000.0,4783.0
2021-02-07,0.0,0.1,4677.0,,47912,0,4330.0,4677.0,4300.0
2021-02-04,0.0,0.01,4252.0,,17981,0,4194.0,4309.0,4150.0
2021-02-03,0.0,0.0,4195.0,,14529,0,4250.0,4350.0,4165.0
2021-02-02,0.0,0.03,4216.0,,14835,0,4150.0,4229.0,4090.0
2021-02-01,0.0,0.01,4098.0,,11257,0,4090.0,4150.0,4060.0
2021-01-31,0.0,-0.02,4058.0,,15508,0,4170.0,4180.0,4054.0
2021-01-28,0.0,0.0,4162.0,,26098,0,4190.0,4225.0,4120.0
2021-01-27,0.0,0.0,4148.0,,23822,0,4150.0,4190.0,4085.0
2021-01-26,0.0,0.0,4162.0,,38847,0,4377.0,4377.0,4054.0
2021-01-25,0.0,0.1,4169.0,,14260,0,3979.0,4169.0,3979.0
2021-01-24,0.0,0.1,3790.0,,28393,0,3618.0,3790.0,3510.0
2021-01-21,0.0,0.0,3446.0,,13740,0,3460.0,3495.0,3439.0
2021-01-20,0.0,0.0,3459.0,,13751,0,3460.0,3460.0,3430.0
2021-01-19,0.0,-0.01,3460.0,,12369,0,3495.0,3495.0,3450.0
2021-01-18,0.0,0.01,3483.0,,12601,0,3460.0,3490.0,3456.0
2021-01-17,0.0,0.0,3455.0,,14916,0,3498.0,3498.0,3430.0
2021-01-13,0.0,0.0,3440.0,,9750,0,3608.0,3608.0,3440.0
2021-01-12,0.0,-0.01,3441.0,,10936,0,3494.0,3554.0,3436.0
2021-01-11,0.0,0.0,3462.0,,9394,0,3500.0,3570.0,3430.0
2021-01-10,0.0,0.02,3459.0,,13962,0,3445.0,3498.0,3445.0
2021-01-07,0.0,0.01,3400.0,,25196,0,3340.0,3460.0,3340.0
2021-01-06,0.0,-0.01,3359.0,,11674,0,3400.0,3410.0,3337.0
2021-01-05,0.0,-0.01,3383.0,,11779,0,3430.0,3434.0,3380.0
2021-01-04,0.0,0.0,3415.0,,13228,0,3570.0,3570.0,3395.0
2021-01-03,0.0,0.0,3421.0,,25448,0,3500.0,3500.0,3400.0
2020-12-31,0.0,0.02,3430.0,,82538,0,3536.0,3704.0,3296.0
2020-12-30,0.0,0.1,3368.0,,10855,0,3215.0,3368.0,3215.0
2020-12-29,0.0,0.1,3062.0,,6612,0,2923.0,3062.0,2923.0
2020-12-28,0.0,0.0,5008.0,,64182,0,5079.0,5100.0,4997.0
2020-12-27,0.0,-0.01,5029.0,,38542,0,5300.0,5300.0,5018.0
2020-12-24,0.0,0.0,5100.0,,16620,0,5120.0,5165.0,5062.0
2020-12-23,0.0,-0.03,5120.0,,15392,0,5349.0,5349.0,5090.0
2020-12-22,0.0,0.02,5271.0,,65554,0,5259.0,5358.0,5124.0
2020-12-21,0.0,0.0,5160.0,,43444,0,5100.0,5300.0,4901.0
2020-12-20,0.0,-0.07,5096.0,,57358,0,5700.0,5749.0,5096.0
2020-12-17,0.0,0.05,5480.0,,48027,0,5235.0,5520.0,5200.0
2020-12-16,0.0,-0.01,5235.0,,15996,0,5500.0,5500.0,5220.0
2020-12-15,0.0,0.02,5298.0,,14515,0,5210.0,5493.0,5210.0
2020-12-14,0.0,0.04,5179.0,,28668,0,5015.0,5250.0,4952.0
2020-12-13,0.0,0.04,4995.0,,20432,0,4916.0,5000.0,4825.0
2020-12-10,0.0,0.02,4820.0,,11664,0,4750.0,4850.0,4750.0
2020-12-09,0.0,0.01,4748.0,,21305,0,4960.0,4960.0,4670.0
2020-12-08,0.0,-0.01,4724.0,,10239,0,4879.0,4910.0,4720.0
2020-12-07,0.0,0.04,4784.0,,17525,0,4601.0,4837.0,4550.0
2020-12-06,0.0,-0.07,4601.0,,20937,0,4945.0,4945.0,4601.0
2020-12-03,0.0,-0.01,4950.0,,12253,0,5079.0,5100.0,4875.0
2020-12-02,0.0,0.04,4980.0,,33088,0,4770.0,5100.0,4753.0
2020-12-01,0.0,-0.01,4770.0,,13570,0,4870.0,4870.0,4750.0
2020-11-30,0.0,0.04,4817.0,,20749,0,4699.0,4820.0,4620.0
2020-11-29,0.0,-0.02,4650.0,,23337,0,4750.0,4750.0,4632.0
2020-11-26,0.0,-0.02,4740.0,,20540,0,4895.0,4895.0,4730.0
2020-11-25,0.0,0.01,4825.0,,8646,0,4890.0,4987.0,4780.0
2020-11-24,0.0,0.03,4799.0,,19204,0,4695.0,4840.0,4655.0
2020-11-23,0.0,-0.02,4650.0,,23224,0,4760.0,4760.0,4521.0
2020-11-22,0.0,-0.04,4760.0,,32226,0,5050.0,5100.0,4600.0
2020-11-19,0.0,0.0,4955.0,,28368,0,4800.0,5000.0,4750.0
2020-11-18,0.0,0.0,4775.0,,21891,0,4506.0,4794.0,4466.0
2020-11-12,0.0,0.0,4460.0,,30247,0,4519.0,4675.0,4434.0
2020-11-11,0.0,9.98,4519.0,,34911,0,4189.0,4519.0,4156.0
2020-11-10,0.0,3.66,4109.0,,19886,0,4020.0,4109.0,3985.0
2020-11-09,0.0,3.23,3964.0,,8586,0,3887.0,4034.0,3862.0
2020-11-08,0.0,2.35,3840.0,,12518,0,3760.0,3850.0,3740.0
2020-11-05,0.0,0.03,3752.0,,8408,0,3850.0,3850.0,3731.0
2020-11-04,0.0,0.78,3751.0,,5049,0,3743.0,3767.0,3720.0
2020-11-03,0.0,-0.21,3722.0,,4417,0,3755.0,3755.0,3720.0
2020-11-02,0.0,-0.13,3730.0,,4308,0,3717.0,3735.0,3707.0
2020-11-01,0.0,0.43,3735.0,,5900,0,3745.0,3748.0,3700.0
2020-10-29,0.0,-0.8,3719.0,,7569,0,3750.0,3794.0,3700.0
2020-10-28,0.0,1.46,3749.0,,7945,0,3748.0,3765.0,3701.0
2020-10-22,0.0,0.54,3695.0,,12157,0,3675.0,3720.0,3669.0
2020-10-21,0.0,1.63,3675.0,,8005,0,3640.0,3675.0,3635.0
2020-10-20,0.0,1.29,3616.0,,11143,0,3589.0,3620.0,3589.0
2020-10-19,0.0,1.1,3570.0,,8690,0,3530.0,3573.0,3530.0
2020-10-18,0.0,1.9,3531.0,,11175,0,3431.0,3610.0,3430.0
2020-10-15,0.0,0.17,3465.0,,4601,0,3495.0,3496.0,3459.0
2020-10-14,0.0,-0.32,3459.0,,4169,0,3495.0,3495.0,3457.0
2020-10-13,0.0,0.12,3470.0,,7449,0,3498.0,3498.0,3462.0
2020-10-12,0.0,-0.17,3466.0,,6273,0,3480.0,3485.0,3465.0
2020-10-11,0.0,-0.23,3472.0,,6487,0,3654.0,3654.0,3450.0
2020-10-08,0.0,-0.34,3480.0,,5000,0,3500.0,3500.0,3478.0
2020-10-07,0.0,-0.14,3492.0,,7388,0,3515.0,3515.0,3487.0
2020-10-06,0.0,-0.23,3497.0,,5109,0,3519.0,3530.0,3495.0
2020-10-05,0.0,-0.11,3505.0,,3794,0,3520.0,3545.0,3503.0
2020-10-04,0.0,0.86,3509.0,,18652,0,3500.0,3535.0,3475.0
2020-10-01,0.0,0.29,3479.0,,4919,0,3497.0,3500.0,3465.0
2020-09-30,0.0,-0.26,3469.0,,5141,0,3450.0,3500.0,3446.0
2020-09-29,0.0,-0.49,3478.0,,4868,0,3496.0,3510.0,3478.0
2020-09-28,0.0,-0.29,3495.0,,5332,0,3505.0,3538.0,3477.0
2020-09-27,0.0,0.2,3505.0,,24283,0,3519.0,3549.0,3490.0
2020-09-24,0.0,1.69,3498.0,,14520,0,3440.0,3516.0,3438.0
2020-09-23,0.0,0.58,3440.0,,3850,0,3430.0,3443.0,3405.0
2020-09-22,0.0,-0.44,3420.0,,12402,0,3475.0,3475.0,3399.0
2020-09-21,0.0,-0.15,3435.0,,9284,0,3474.0,3475.0,3410.0
2020-09-20,0.0,0.03,3440.0,,14505,0,3507.0,3569.0,3425.0
2020-09-17,0.0,1.15,3439.0,,8909,0,3400.0,3450.0,3400.0
2020-09-16,0.0,-0.5,3400.0,,16565,0,3407.0,3417.0,3380.0
2020-09-15,0.0,0.12,3417.0,,10016,0,3478.0,3478.0,3405.0
2020-09-14,0.0,0.38,3413.0,,14395,0,3400.0,3584.0,3400.0
2020-09-13,0.0,-4.12,3400.0,,48014,0,3546.0,3546.0,3380.0
2020-09-10,0.0,-2.37,3546.0,,25565,0,3700.0,3700.0,3520.0
2020-09-09,0.0,5.09,3632.0,,51854,0,3628.0,3640.0,3495.0
2020-09-08,0.0,6.34,3456.0,,36187,0,3300.0,3460.0,3283.0
2020-09-07,0.0,7.94,3250.0,,49494,0,3161.0,3290.0,3050.0
2020-09-06,0.0,3.72,3011.0,,26361,0,2961.0,3020.0,2930.0
2020-09-03,0.0,-0.41,2903.0,,9182,0,2915.0,2925.0,2890.0
2020-09-02,0.0,-0.21,2915.0,,9789,0,2979.0,2979.0,2884.0
2020-08-31,0.0,1.42,2921.0,,12297,0,2880.0,2938.0,2880.0
2020-08-30,0.0,0.0,2880.0,,3711,0,2880.0,2890.0,2870.0
2020-08-27,0.0,0.07,2880.0,,5640,0,2904.0,2904.0,2867.0
2020-08-26,0.0,0.1,2878.0,,11027,0,2850.0,2895.0,2850.0
2020-08-25,0.0,-0.17,2875.0,,11462,0,2890.0,2899.0,2865.0
2020-08-24,0.0,0.52,2880.0,,11608,0,2880.0,2900.0,2870.0
2020-08-23,0.0,-0.52,2865.0,,8560,0,2880.0,2880.0,2845.0
2020-08-20,0.0,0.07,2880.0,,8307,0,2878.0,2904.0,2850.0
2020-08-19,0.0,-1.1,2878.0,,27830,0,3055.0,3055.0,2850.0
2020-08-18,0.0,9.98,2910.0,,57471,0,2778.0,2910.0,2778.0
2020-08-17,0.0,2.36,2646.0,,5617,0,2600.0,2650.0,2580.0
2020-08-16,0.0,0.04,2585.0,,2084,0,2579.0,2595.0,2571.0
2020-08-13,0.0,-0.62,2584.0,,5117,0,2581.0,2600.0,2578.0
2020-08-12,0.0,-1.07,2600.0,,3458,0,2600.0,2619.0,2585.0
2020-08-11,0.0,0.23,2628.0,,8970,0,2666.0,2666.0,2606.0
2020-08-10,0.0,1.63,2622.0,,10811,0,2624.0,2630.0,2579.0
2020-08-09,0.0,3.61,2580.0,,5510,0,2490.0,2580.0,2461.0
2020-08-06,0.0,0.4,2490.0,,1066,0,2445.0,2499.0,2445.0
2020-08-05,0.0,-1.0,2480.0,,3760,0,2500.0,2502.0,2462.0
2020-08-03,0.0,1.01,2505.0,,2619,0,2500.0,2529.0,2465.0
2020-08-02,0.0,-2.94,2480.0,,9373,0,2522.0,2550.0,2480.0
2020-07-30,0.0,0.2,2555.0,,5107,0,2552.0,2557.0,2533.0
2020-07-29,0.0,-1.01,2550.0,,4313,0,2600.0,2600.0,2548.0
2020-07-28,0.0,-0.27,2576.0,,2148,0,2590.0,2590.0,2550.0
2020-07-27,0.0,-0.08,2583.0,,8391,0,2584.0,2596.0,2581.0
2020-07-26,0.0,2.13,2585.0,,9481,0,2531.0,2585.0,2525.0
2020-07-23,0.0,0.44,2531.0,,4035,0,2502.0,2555.0,2500.0
2020-07-22,0.0,-1.64,2520.0,,3635,0,2600.0,2613.0,2520.0
2020-07-21,0.0,-0.7,2562.0,,6693,0,2590.0,2595.0,2535.0
2020-07-20,0.0,-4.34,2580.0,,12128,0,2831.0,2831.0,2550.0
2020-07-19,0.0,9.99,2697.0,,310,0,2501.0,2697.0,2501.0
2020-07-16,0.0,0.99,2452.0,,6975,0,2450.0,2460.0,2435.0
2020-07-15,0.0,-0.08,2428.0,,4464,0,2437.0,2449.0,2425.0
2020-07-14,0.0,-0.82,2430.0,,3123,0,2451.0,2465.0,2430.0
2020-07-13,0.0,0.0,2450.0,,3922,0,2475.0,2500.0,2450.0
2020-07-12,0.0,-0.28,2450.0,,8808,0,2506.0,2525.0,2440.0
2020-07-09,0.0,1.32,2457.0,,4475,0,2450.0,2458.0,2400.0
2020-07-08,0.0,-2.14,2425.0,,6432,0,2517.0,2517.0,2425.0
2020-07-07,0.0,0.45,2478.0,,6620,0,2500.0,2510.0,2450.0
2020-07-06,0.0,0.69,2467.0,,6505,0,2499.0,2499.0,2450.0
2020-07-05,0.0,4.26,2450.0,,9547,0,2397.0,2520.0,2397.0
2020-07-02,0.0,-6.15,2350.0,,8167,0,2628.0,2680.0,2292.0
2020-07-01,0.0,9.97,2504.0,,7014,0,2322.0,2504.0,2322.0
2020-06-30,0.0,10.0,2277.0,,1157,0,2111.0,2277.0,2111.0
2020-06-29,0.0,9.99,2070.0,,2364,0,1845.0,2070.0,1750.0
2020-05-13,0.0,-3.0,2296.0,,100,0,2320.0,2320.0,2296.0
2020-05-12,0.0,-2.99,2367.0,,50020,0,1776.2,2392.0,1776.2
2020-03-22,0.0,-1.01,2440.0,,1394,0,2513.0,2513.0,2421.0
2020-03-19,0.0,0.2,2465.0,,14033,0,2386.0,2482.0,2385.0
2020-03-18,0.0,0.37,2460.0,,9224,0,2451.0,2524.0,2370.0
2020-03-17,0.0,-3.16,2451.0,,11024,0,2514.0,2515.0,2440.0
2020-03-16,0.0,0.24,2531.0,,14751,0,2500.0,2590.0,2496.0
2020-03-15,0.0,-2.96,2525.0,,10493,0,2654.0,2654.0,2502.0
2020-03-12,0.0,-4.62,2602.0,,15205,0,2774.0,2775.0,2600.0
2020-03-11,0.0,8.0,2728.0,,11263,0,2575.0,2728.0,2500.0
2020-03-10,0.0,-5.75,2526.0,,10338,0,2627.0,2640.0,2526.0
2020-03-05,0.0,-0.92,2680.0,,12252,0,2662.0,2780.0,2608.0
2020-03-04,0.0,-4.18,2705.0,,16978,0,2879.0,2879.0,2705.0
2020-03-03,0.0,0.82,2823.0,,19012,0,2800.0,2910.0,2675.0
2020-03-02,0.0,-4.92,2800.0,,19485,0,2900.0,2920.0,2800.0
2020-03-01,0.0,-2.9,2945.0,,14949,0,3033.0,3090.0,2936.0
2020-02-27,0.0,-2.48,3033.0,,13917,0,3080.0,3140.0,2971.0
2020-02-26,0.0,2.44,3110.0,,21275,0,3096.0,3164.0,3085.0
2020-02-25,0.0,1.78,3036.0,,26617,0,2985.0,3077.0,2950.0
2020-02-24,0.0,-0.6,2983.0,,18927,0,3001.0,3070.0,2980.0
2020-02-23,0.0,3.38,3001.0,,32348,0,2932.0,3020.0,2900.0
2020-02-20,0.0,2.94,2903.0,,27886,0,2820.0,2911.0,2812.0
2020-02-19,0.0,2.55,2820.0,,12040,0,2725.0,2840.0,2700.0
2020-02-18,0.0,-1.4,2750.0,,9249,0,2772.0,2797.0,2713.0
2020-02-17,0.0,0.65,2789.0,,13700,0,2798.0,2873.0,2770.0
2020-02-16,0.0,-1.39,2771.0,,15754,0,2765.0,2810.0,2762.0
2020-02-13,0.0,0.93,2810.0,,20496,0,2839.0,2888.0,2794.0
2020-02-12,0.0,7.08,2784.0,,36509,0,2641.0,2790.0,2600.0
2020-02-11,0.0,3.59,2600.0,,20669,0,2550.0,2600.0,2550.0
2020-02-10,0.0,3.04,2510.0,,17150,0,2450.0,2517.0,2436.0
2020-02-09,0.0,-1.38,2436.0,,12977,0,2461.0,2464.0,2415.0
2020-02-06,0.0,-1.08,2470.0,,11579,0,2448.0,2540.0,2448.0
2020-02-05,0.0,7.08,2497.0,,25657,0,2378.0,2515.0,2340.0
2020-02-04,0.0,0.69,2332.0,,9978,0,2320.0,2350.0,2318.0
2020-02-03,0.0,-1.11,2316.0,,7599,0,2369.0,2369.0,2311.0
2020-02-02,0.0,0.77,2342.0,,8195,0,2326.0,2345.0,2308.0
2020-01-30,0.0,0.22,2324.0,,9624,0,2350.0,2350.0,2323.0
2020-01-29,0.0,-0.26,2319.0,,6466,0,2330.0,2337.0,2300.0
2020-01-28,0.0,6.02,2325.0,,19357,0,2236.0,2369.0,2236.0
2020-01-27,0.0,0.18,2193.0,,3178,0,2170.0,2210.0,2168.0
2020-01-26,0.0,-2.4,2156.0,,3968,0,2177.0,2200.0,2152.0
2020-01-23,0.0,-0.72,2209.0,,8294,0,2239.0,2240.0,2205.0
2020-01-22,0.0,-0.36,2225.0,,6506,0,2265.0,2277.0,2212.0
2020-01-21,0.0,-0.98,2222.0,,5513,0,2245.0,2280.0,2210.0
2020-01-20,0.0,-0.97,2244.0,,13393,0,2280.0,2308.0,2222.0
2020-01-19,0.0,2.67,2266.0,,17632,0,2230.0,2298.0,2218.0
2020-01-16,0.0,-0.14,2207.0,,10085,0,2244.0,2244.0,2204.0
2020-01-15,0.0,-0.45,2210.0,,12820,0,2230.0,2274.0,2210.0
2020-01-14,0.0,3.74,2220.0,,33116,0,2140.0,2250.0,2103.0
2020-01-13,0.0,0.33,2140.0,,11777,0,2159.0,2165.0,2120.0
2020-01-12,0.0,2.7,2133.0,,9789,0,2092.0,2147.0,2080.0
2020-01-09,0.0,-0.67,2077.0,,2557,0,2099.0,2099.0,2073.0
2020-01-08,0.0,-0.43,2091.0,,5712,0,2077.0,2125.0,2076.0
2020-01-07,0.0,-0.1,2100.0,,3142,0,2096.0,2105.0,2067.0
2020-01-06,0.0,0.62,2102.0,,6913,0,2120.0,2120.0,2076.0
2020-01-05,0.0,0.58,2089.0,,11148,0,2051.0,2110.0,2051.0
2020-01-02,0.0,-1.28,2077.0,,6801,0,2062.0,2101.0,2062.0
2020-01-01,0.0,0.43,2104.0,,2833,0,2090.0,2105.0,2076.0
2019-12-31,0.0,0.1,2095.0,,7714,0,2124.0,2129.0,2085.0
2019-12-30,0.0,3.72,2093.0,,9565,0,2030.0,2116.0,2022.0
2019-12-29,0.0,0.85,2018.0,,2637,0,2001.0,2030.0,2000.0
2019-12-26,0.0,-0.6,2001.0,,3183,0,2048.0,2049.0,1986.0
2019-12-25,0.0,-1.8,2013.0,,7746,0,2050.0,2132.0,2009.0
2019-12-24,0.0,4.11,2050.0,,41875,0,2008.0,2165.0,1995.0
2019-12-23,0.0,10.0,1969.0,,18242,0,1790.0,1969.0,1780.0
2019-12-22,0.0,3.35,1790.0,,1453,0,1698.0,1790.0,1732.0
2019-12-19,0.0,0.06,1732.0,,498,0,1744.0,1745.0,1730.0
2019-12-18,0.0,-0.97,1731.0,,1141,0,1770.0,1770.0,1731.0
2019-12-17,0.0,1.22,1748.0,,490,0,1745.0,1759.0,1730.0
2019-12-16,0.0,-0.46,1727.0,,772,0,1725.0,1740.0,1707.0
2019-12-15,0.0,1.09,1759.0,,532,0,1769.0,1769.0,1740.0
2019-12-12,0.0,-0.85,1740.0,,1430,0,1759.0,1759.0,1740.0
2019-12-11,0.0,0.86,1755.0,,1898,0,1743.0,1760.0,1741.0
2019-12-10,0.0,0.0,1740.0,,1520,0,1735.0,1743.0,1730.0
2019-12-09,0.0,1.64,1740.0,,2320,0,1678.0,1760.0,1678.0
2019-12-08,0.0,-0.29,1712.0,,1070,0,1715.0,1720.0,1704.0
2019-12-05,0.0,1.0,1717.0,,818,0,1700.0,1739.0,1700.0
2019-12-04,0.0,0.0,1700.0,,1907,0,1702.0,1714.0,1700.0
2019-12-03,0.0,-0.29,1700.0,,766,0,1710.0,1738.0,1700.0
2019-12-02,0.0,0.89,1705.0,,461,0,1698.0,1705.0,1697.0
2019-12-01,0.0,0.3,1690.0,,394,0,1718.0,1718.0,1690.0
2019-11-28,0.0,-1.69,1685.0,,1438,0,1701.0,1701.0,1685.0
2019-11-27,0.0,1.36,1714.0,,426,0,1686.0,1714.0,1684.0
2019-11-26,0.0,-0.59,1691.0,,811,0,1705.0,1705.0,1691.0
2019-11-25,0.0,-0.53,1701.0,,1649,0,1704.0,1705.0,1700.0
2019-11-24,0.0,-1.72,1710.0,,1607,0,1741.0,1741.0,1710.0
2019-11-21,0.0,-0.57,1740.0,,640,0,1750.0,1750.0,1730.0
2019-11-20,0.0,0.0,1750.0,,260,0,1755.0,1760.0,1750.0
2019-11-19,0.0,-0.28,1750.0,,1070,0,1760.0,1770.0,1750.0
2019-11-18,0.0,0.17,1755.0,,1370,0,1774.0,1774.0,1746.0
2019-11-17,0.0,-0.34,1752.0,,330,0,1752.0,1752.0,1752.0
2019-11-14,0.0,0.17,1758.0,,329,0,1755.0,1760.0,1754.0
2019-11-13,0.0,-0.28,1755.0,,402,0,1751.0,1760.0,1751.0
2019-11-12,0.0,-0.85,1760.0,,1310,0,1760.0,1764.0,1750.0
2019-11-11,0.0,1.25,1775.0,,610,0,1750.0,1775.0,1750.0
2019-11-10,0.0,-0.11,1753.0,,372,0,1760.0,1794.0,1752.0
2019-11-07,0.0,-0.57,1755.0,,1258,0,1770.0,1770.0,1755.0
2019-11-06,0.0,-0.56,1765.0,,770,0,1775.0,1775.0,1765.0
2019-11-05,0.0,0.17,1775.0,,581,0,1779.0,1784.0,1775.0
2019-11-04,0.0,-1.12,1772.0,,617,0,1793.0,1793.0,1771.0
2019-11-03,0.0,-0.06,1792.0,,1264,0,1800.0,1800.0,1791.0
2019-10-31,0.0,-0.66,1793.0,,775,0,1800.0,1800.0,1786.0
2019-10-24,0.0,0.28,1805.0,,369,0,1828.0,1828.0,1800.0
2019-10-23,0.0,1.12,1800.0,,468,0,1781.0,1805.0,1781.0
2019-10-22,0.0,-0.45,1780.0,,413,0,1785.0,1785.0,1777.0
2019-10-21,0.0,1.02,1788.0,,840,0,1770.0,1788.0,1770.0
2019-10-20,0.0,-0.51,1770.0,,32,0,1770.0,1770.0,1770.0
2019-10-17,0.0,-1.71,1779.0,,632,0,1800.0,1810.0,1779.0
2019-10-16,0.0,0.0,1810.0,,10,0,1810.0,1810.0,1810.0
2019-10-15,0.0,2.2,1810.0,,144,0,1770.0,1820.0,1770.0
2019-10-14,0.0,-0.28,1771.0,,290,0,1765.0,1775.0,1764.0
2019-10-10,0.0,-2.36,1776.0,,129,0,1800.0,1800.0,1776.0
2019-10-03,0.0,1.56,1819.0,,448,0,1810.0,1819.0,1800.0
2019-10-02,0.0,-1.49,1791.0,,670,0,1814.0,1814.0,1791.0
2019-10-01,0.0,0.06,1818.0,,800,0,1815.0,1820.0,1815.0
2019-09-30,0.0,1.79,1817.0,,314,0,1764.0,1820.0,1764.0
2019-09-29,0.0,0.28,1785.0,,552,0,1799.0,1799.0,1767.0
2019-09-26,0.0,0.28,1780.0,,1691,0,1771.0,1785.0,1770.0
2019-09-24,0.0,-0.44,1790.0,,443,0,1805.0,1805.0,1789.0
2019-09-23,0.0,1.07,1798.0,,864,0,1771.0,1820.0,1771.0
2019-09-22,0.0,-2.52,1779.0,,1577,0,1800.0,1800.0,1779.0
2019-09-19,0.0,-3.64,1825.0,,8173,0,1900.0,1940.0,1825.0
2019-09-18,0.0,5.69,1894.0,,4720,0,1827.0,1897.0,1800.0
2019-09-17,0.0,1.59,1792.0,,4992,0,1746.0,1814.0,1735.0
2019-09-16,0.0,-2.6,1764.0,,2846,0,1810.0,1810.0,1750.0
2019-09-15,0.0,-1.58,1811.0,,1669,0,1811.0,1820.0,1810.0
2019-09-12,0.0,-1.13,1840.0,,1295,0,1860.0,1860.0,1840.0
2019-09-11,0.0,-0.11,1861.0,,1415,0,1860.0,1869.0,1858.0
2019-09-10,0.0,-0.27,1863.0,,1099,0,1869.0,1886.0,1850.0
2019-09-09,0.0,-3.71,1868.0,,1451,0,1940.0,1940.0,1864.0
2019-09-08,0.0,1.25,1940.0,,3351,0,1950.0,1970.0,1931.0
2019-09-05,0.0,1.76,1916.0,,5418,0,1920.0,1923.0,1880.0
2019-09-04,0.0,1.64,2297.0,,8581,0,2270.0,2320.0,2260.0
2019-09-03,0.0,-0.88,2260.0,,3954,0,2250.0,2300.0,2245.0
2019-09-02,0.0,-2.15,2280.0,,3142,0,2323.0,2323.0,2280.0
2019-09-01,0.0,-0.85,2330.0,,1650,0,2397.0,2397.0,2330.0
2019-08-29,0.0,-0.42,2350.0,,2915,0,2380.0,2380.0,2345.0
2019-08-28,0.0,-1.46,2360.0,,2082,0,2390.0,2390.0,2360.0
2019-08-27,0.0,0.67,2395.0,,1620,0,2422.0,2422.0,2390.0
2019-08-26,0.0,-0.67,2379.0,,1092,0,2390.0,2390.0,2365.0
2019-08-25,0.0,-0.62,2395.0,,3856,0,2457.0,2472.0,2360.0
2019-08-22,0.0,-0.62,2410.0,,454,0,2445.0,2445.0,2400.0
2019-08-21,0.0,3.63,2425.0,,2595,0,2349.0,2480.0,2349.0
2019-08-20,0.0,-0.93,2340.0,,225,0,2350.0,2355.0,2340.0
2019-08-19,0.0,0.17,2362.0,,1485,0,2358.0,2370.0,2320.0
2019-08-18,0.0,-0.51,2358.0,,207,0,2370.0,2370.0,2355.0
2019-08-15,0.0,0.0,2370.0,,220,0,2370.0,2371.0,2370.0
2019-08-14,0.0,-0.63,2370.0,,970,0,2370.0,2380.0,2370.0
2019-08-13,0.0,0.21,2385.0,,50,0,2385.0,2385.0,2385.0
2019-08-12,0.0,-1.08,2380.0,,1438,0,2409.0,2410.0,2380.0
2019-08-11,0.0,-0.08,2406.0,,200,0,2401.0,2406.0,2400.0
2019-08-08,0.0,-0.5,2408.0,,1220,0,2419.0,2419.0,2400.0
2019-08-07,0.0,0.0,2420.0,,719,0,2420.0,2428.0,2415.0
2019-08-06,0.0,0.0,2420.0,,799,0,2416.0,2420.0,2401.0
2019-08-05,0.0,-0.41,2420.0,,755,0,2430.0,2440.0,2420.0
2019-08-04,0.0,-0.49,2430.0,,169,0,2427.0,2442.0,2427.0
2019-08-01,0.0,0.0,2442.0,,598,0,2430.0,2479.0,2430.0
2019-07-31,0.0,0.08,2442.0,,744,0,2440.0,2450.0,2434.0
2019-07-30,0.0,-0.97,2440.0,,1147,0,2450.0,2450.0,2436.0
2019-07-29,0.0,0.98,2464.0,,149,0,2440.0,2470.0,2431.0
2019-07-28,0.0,-2.2,2440.0,,437,0,2452.0,2452.0,2440.0
2019-07-25,0.0,-0.08,2495.0,,374,0,2499.0,2499.0,2480.0
2019-07-24,0.0,0.08,2497.0,,1067,0,2500.0,2500.0,2480.0
2019-07-23,0.0,1.01,2495.0,,378,0,2469.0,2497.0,2469.0
2019-07-22,0.0,0.61,2470.0,,1338,0,2430.0,2470.0,2430.0
2019-07-21,0.0,-0.2,2455.0,,409,0,2530.0,2530.0,2450.0
2019-07-18,0.0,1.11,2460.0,,320,0,2451.0,2460.0,2450.0
2019-07-17,0.0,0.16,2433.0,,358,0,2425.0,2440.0,2425.0
2019-07-16,0.0,0.04,2429.0,,1678,0,2420.0,2429.0,2411.0
2019-07-15,0.0,-0.29,2428.0,,1165,0,2440.0,2440.0,2420.0
2019-07-14,0.0,-0.2,2435.0,,10249,0,2470.0,2470.0,2435.0
2019-07-11,0.0,0.04,2440.0,,734,0,2468.0,2468.0,2440.0
2019-07-10,0.0,0.37,2439.0,,16655,0,2475.0,2475.0,2430.0
2019-07-09,0.0,0.0,2430.0,,1605,0,2430.0,2430.0,2415.0
2019-07-08,0.0,0.21,2430.0,,2222,0,2430.0,2430.0,2405.0
2019-07-07,0.0,-0.21,2425.0,,1805,0,2430.0,2431.0,2422.0
2019-07-04,0.0,-2.37,2430.0,,1070,0,2476.0,2480.0,2430.0
2019-07-03,0.0,1.59,2489.0,,661,0,2455.0,2490.0,2425.0
2019-07-02,0.0,0.78,2450.0,,640,0,2449.0,2450.0,2430.0
2019-07-01,0.0,-0.98,2431.0,,1138,0,2455.0,2480.0,2430.0
2019-06-30,0.0,-0.81,2455.0,,1040,0,2460.0,2465.0,2450.0
2019-06-27,0.0,0.0,2475.0,,607,0,2475.0,2480.0,2475.0
2019-06-26,0.0,-0.6,2475.0,,890,0,2490.0,2500.0,2475.0
2019-06-25,0.0,-0.4,2490.0,,160,0,2486.0,2500.0,2482.0
2019-06-24,0.0,0.56,2500.0,,781,0,2485.0,2500.0,2480.0
2019-06-23,0.0,-0.96,2486.0,,361,0,2461.0,2510.0,2485.0
2019-06-20,0.0,0.76,2510.0,,489,0,2500.0,2510.0,2500.0
2019-06-19,0.0,-0.36,2491.0,,435,0,2500.0,2501.0,2491.0
2019-06-18,0.0,-0.56,2500.0,,1116,0,2500.0,2505.0,2499.0
2019-06-17,0.0,0.76,2514.0,,240,0,2500.0,2538.0,2499.0
2019-06-16,0.0,-0.87,2495.0,,2182,0,2515.0,2515.0,2485.0
2019-06-13,0.0,1.0,2517.0,,669,0,2477.0,2550.0,2477.0
2019-06-12,0.0,-0.56,2492.0,,632,0,2500.0,2500.0,2492.0
2019-06-11,0.0,-1.14,2506.0,,1113,0,2517.0,2530.0,2506.0
2019-06-10,0.0,-0.59,2535.0,,1550,0,2521.0,2560.0,2518.0
2019-06-06,0.0,-0.08,2550.0,,1927,0,2603.0,2603.0,2550.0
2019-06-04,0.0,-0.62,2552.0,,294,0,2565.0,2565.0,2551.0
2019-06-03,0.0,-0.31,2568.0,,698,0,2573.0,2580.0,2568.0
2019-06-02,0.0,-1.23,2576.0,,1789,0,2600.0,2600.0,2575.0
2019-05-30,0.0,0.31,2608.0,,8004,0,2652.0,2655.0,2588.0
2019-05-29,0.0,0.35,2600.0,,2825,0,2592.0,2630.0,2591.0
2019-05-28,0.0,-0.35,2591.0,,2314,0,2600.0,2609.0,2586.0
2019-05-27,0.0,0.74,2600.0,,1550,0,2582.0,2606.0,2580.0
2019-05-26,0.0,-0.73,2581.0,,998,0,2602.0,2615.0,2580.0
2019-05-23,0.0,0.04,2600.0,,2150,0,2550.0,2620.0,2550.0
2019-05-22,0.0,0.35,2599.0,,1456,0,2620.0,2620.0,2571.0
2019-05-21,0.0,-0.77,2590.0,,1537,0,2601.0,2620.0,2590.0
2019-05-20,0.0,-0.76,2610.0,,1264,0,2650.0,2650.0,2610.0
2019-05-19,0.0,-0.94,2630.0,,2246,0,2618.0,2650.0,2610.0
2019-05-16,0.0,-0.49,2655.0,,6269,0,2660.0,2660.0,2630.0
2019-05-15,0.0,0.68,2668.0,,971,0,2679.0,2679.0,2631.0
2019-05-14,0.0,-0.11,2650.0,,3894,0,2652.0,2705.0,2627.0
2019-05-13,0.0,-1.01,2653.0,,1436,0,2629.0,2690.0,2629.0
2019-05-12,0.0,0.19,2680.0,,1876,0,2679.0,2700.0,2652.0
2019-05-09,0.0,-1.4,2675.0,,6135,0,2685.0,2714.0,2666.0
2019-05-08,0.0,2.92,2713.0,,11182,0,2640.0,2750.0,2610.0
2019-05-07,0.0,4.48,2636.0,,11049,0,2520.0,2650.0,2520.0
2019-05-06,0.0,0.6,2523.0,,708,0,2558.0,2530.0,2507.0
2019-05-05,0.0,-1.07,2508.0,,833,0,2530.0,2530.0,2508.0
2019-05-02,0.0,1.28,2535.0,,3915,0,2501.0,2550.0,2493.0
2019-04-30,0.0,-1.73,2503.0,,1456,0,2507.0,2510.0,2501.0
2019-04-29,0.0,-0.51,2547.0,,5319,0,2560.0,2560.0,2500.0
2019-04-28,0.0,3.64,2560.0,,2997,0,2450.0,2593.0,2450.0
2019-04-25,0.0,-0.8,2470.0,,5031,0,2451.0,2510.0,2451.0
2019-04-24,0.0,-0.4,2490.0,,2035,0,2510.0,2510.0,2476.0
2019-04-23,0.0,-0.4,2500.0,,1962,0,2525.0,2525.0,2490.0
2019-04-22,0.0,-1.38,2510.0,,6765,0,2550.0,2550.0,2500.0
2019-04-21,0.0,-0.2,2545.0,,1355,0,2550.0,2550.0,2518.0
2019-04-18,0.0,0.99,2550.0,,1733,0,2570.0,2595.0,2532.0
2019-04-17,0.0,-0.98,2525.0,,2311,0,2550.0,2601.0,2523.0
2019-04-16,0.0,0.55,2550.0,,3292,0,2550.0,2559.0,2525.0
2019-04-15,0.0,-0.82,2536.0,,1531,0,2550.0,2550.0,2527.0
2019-04-11,0.0,-0.62,2557.0,,1791,0,2575.0,2580.0,2557.0
2019-04-10,0.0,0.04,2573.0,,140,0,2590.0,2590.0,2573.0
2019-04-09,0.0,-0.69,2572.0,,1610,0,2595.0,2610.0,2570.0
2019-04-08,0.0,0.78,2590.0,,2065,0,2570.0,2626.0,2570.0
2019-04-07,0.0,0.0,2570.0,,1444,0,2571.0,2585.0,2570.0
2019-04-04,0.0,-0.39,2570.0,,1685,0,2533.0,2610.0,2533.0
2019-04-03,0.0,-0.77,2580.0,,1491,0,2648.0,2651.0,2580.0
2019-04-02,0.0,-0.38,2600.0,,1999,0,2605.0,2619.0,2600.0
2019-04-01,0.0,-0.08,2610.0,,1675,0,2620.0,2620.0,2600.0
2019-03-31,0.0,-0.11,2612.0,,3750,0,2630.0,2630.0,2611.0
2019-03-28,0.0,-0.11,2615.0,,1446,0,2570.0,2630.0,2570.0
2019-03-27,0.0,-0.46,2618.0,,991,0,2630.0,2645.0,2618.0
2019-03-26,0.0,0.77,2630.0,,1710,0,2618.0,2640.0,2615.0
2019-03-25,0.0,-0.38,2610.0,,4287,0,2610.0,2630.0,2610.0
2019-03-24,0.0,-1.5,2620.0,,3931,0,2611.0,2640.0,2610.0
2019-03-21,0.0,-1.12,2660.0,,3116,0,2710.0,2710.0,2658.0
2019-03-19,0.0,2.09,2690.0,,8672,0,2687.0,2774.0,2670.0
2019-03-18,0.0,-0.08,2635.0,,2036,0,2675.0,2680.0,2620.0
2019-03-17,0.0,0.53,2637.0,,2077,0,2660.0,2675.0,2637.0
2019-03-14,0.0,-0.57,2625.0,,2881,0,2660.0,2665.0,2620.0
2019-03-13,0.0,-0.72,2625.0,,7412,0,2688.0,2689.0,2592.0
2019-03-12,0.0,0.99,2644.0,,2289,0,2622.0,2652.0,2609.0
2019-03-11,0.0,0.93,2618.0,,5161,0,2600.0,2618.0,2566.0
2019-03-10,0.0,1.21,2594.0,,120,0,2589.0,2594.0,2563.0
2019-03-09,0.0,1.21,2594.0,,120,0,2589.0,2594.0,2563.0
2019-03-07,0.0,0.91,2563.0,,2945,0,2550.0,2580.0,2540.0
2019-03-06,0.0,0.4,2540.0,,977,0,2540.0,2550.0,2530.0
2019-03-05,0.0,0.36,2530.0,,1314,0,2525.0,2549.0,2521.0
2019-03-03,0.0,-0.75,2521.0,,707,0,2530.0,2540.0,2521.0
2019-02-27,0.0,1.32,2540.0,,2003,0,2505.0,2598.0,2505.0
2019-02-26,0.0,-0.91,2507.0,,672,0,2530.0,2540.0,2507.0
2019-02-25,0.0,1.0,2530.0,,1376,0,2505.0,2539.0,2500.0
2019-02-24,0.0,-1.03,2505.0,,2034,0,2501.0,2531.0,2500.0
2019-02-21,0.0,0.04,2531.0,,1448,0,2539.0,2544.0,2530.0
2019-02-20,0.0,-2.32,2530.0,,2412,0,2619.0,2620.0,2524.0
2019-02-19,0.0,3.93,2590.0,,3818,0,2500.0,2600.0,2492.0
2019-02-18,0.0,-0.44,2492.0,,1184,0,2550.0,2550.0,2480.0
2019-02-17,0.0,-1.84,2503.0,,4753,0,2575.0,2575.0,2500.0
2019-02-14,0.0,-2.3,2550.0,,4478,0,2560.0,2610.0,2540.0
2019-02-13,0.0,-1.02,2610.0,,5066,0,2622.0,2640.0,2585.0
2019-02-12,0.0,0.38,2637.0,,633,0,2610.0,2637.0,2607.0
2019-02-11,0.0,-0.49,2627.0,,1330,0,2615.0,2670.0,2615.0
2019-02-10,0.0,-0.86,2640.0,,3720,0,2646.0,2663.0,2615.0
2019-02-07,0.0,-0.63,2663.0,,2009,0,2725.0,2725.0,2661.0
2019-02-06,0.0,-0.67,2680.0,,2173,0,2701.0,2701.0,2672.0
2019-02-05,0.0,-0.33,2698.0,,5320,0,2700.0,2715.0,2671.0
2019-02-04,0.0,-1.42,2707.0,,7259,0,2717.0,2746.0,2701.0
2019-02-03,0.0,-0.65,2746.0,,4658,0,2761.0,2765.0,2715.0
2019-01-31,0.0,1.73,2764.0,,14421,0,2717.0,2800.0,2710.0
2019-01-30,0.0,0.93,2717.0,,8521,0,2692.0,2730.0,2642.0
2019-01-29,0.0,-0.48,2692.0,,5388,0,2705.0,2705.0,2663.0
2019-01-28,0.0,0.6,2705.0,,1998,0,2689.0,2715.0,2657.0
2019-01-27,0.0,-1.83,2689.0,,4279,0,2739.0,2749.0,2652.0
2019-01-24,0.0,4.98,2739.0,,12502,0,2609.0,2760.0,2607.0
2019-01-23,0.0,1.95,2609.0,,3613,0,2559.0,2614.0,2540.0
2019-01-22,0.0,0.95,2559.0,,6334,0,2535.0,2600.0,2497.0
2019-01-21,0.0,-1.4,2535.0,,6748,0,2571.0,2600.0,2500.0
2019-01-20,0.0,-6.34,2571.0,,10790,0,2745.0,2799.0,2561.0
2019-01-17,0.0,-2.35,2745.0,,8051,0,2811.0,2811.0,2733.0
2019-01-16,0.0,-2.19,2811.0,,22984,0,2874.0,2948.0,2771.0
2019-01-15,0.0,9.99,2874.0,,28510,0,2613.0,2874.0,2613.0
2019-01-14,0.0,9.97,2613.0,,18399,0,2494.0,2613.0,2456.0
2019-01-13,0.0,4.44,2376.0,,6862,0,2275.0,2376.0,2270.0
2019-01-10,0.0,0.22,2275.0,,1721,0,2270.0,2289.0,2260.0
2019-01-09,0.0,0.44,2270.0,,1235,0,2260.0,2300.0,2256.0
2019-01-08,0.0,-1.22,2260.0,,2748,0,2288.0,2288.0,2250.0
2019-01-07,0.0,1.78,2288.0,,6667,0,2248.0,2288.0,2241.0
2019-01-06,0.0,7.05,2248.0,,8083,0,2100.0,2310.0,2100.0
2019-01-03,0.0,-0.38,2100.0,,1170,0,2108.0,2120.0,2090.0
2019-01-02,0.0,-1.95,2108.0,,904,0,2150.0,2150.0,2108.0
2019-01-01,0.0,1.18,2150.0,,1960,0,2125.0,2200.0,2125.0
2018-12-31,0.0,-3.37,2125.0,,4844,0,2199.0,2240.0,2125.0
2018-12-30,0.0,4.76,2200.0,,12429,0,2100.0,2295.0,2100.0
2018-12-27,0.0,9.03,2100.0,,6919,0,1926.0,2118.0,1926.0
2018-12-26,0.0,9.99,1926.0,,3560,0,1751.0,1926.0,1750.0
2018-12-25,0.0,2.16,1751.0,,3253,0,1714.0,1751.0,1713.0
2018-12-24,0.0,-0.64,1714.0,,2995,0,1725.0,1749.0,1690.0
2018-12-23,0.0,7.48,1725.0,,7084,0,1605.0,1730.0,1605.0
2018-12-20,0.0,-0.31,1605.0,,1470,0,1610.0,1640.0,1590.0
2018-12-19,0.0,0.0,1610.0,,371,0,1610.0,1612.0,1600.0
2018-12-18,0.0,-0.49,1610.0,,1334,0,1618.0,1639.0,1586.0
2018-12-17,0.0,1.12,1618.0,,518,0,1600.0,1619.0,1590.0
2018-12-16,0.0,1.46,1600.0,,1810,0,1577.0,1607.0,1577.0
2018-12-13,0.0,-1.87,1577.0,,1690,0,1607.0,1615.0,1577.0
2018-12-12,0.0,-0.37,1607.0,,1450,0,1613.0,1630.0,1607.0
2018-12-11,0.0,0.44,1613.0,,1670,0,1606.0,1632.0,1606.0
2018-12-10,0.0,-0.99,1606.0,,5155,0,1622.0,1665.0,1604.0
2018-12-09,0.0,-0.55,1622.0,,77,0,1631.0,1631.0,1622.0
2018-12-06,0.0,-1.21,1631.0,,1171,0,1651.0,1655.0,1601.0
2018-12-04,0.0,0.59,1710.0,,1084,0,1700.0,1710.0,1691.0
2018-12-03,0.0,-3.41,1700.0,,1070,0,1760.0,1760.0,1700.0
2018-11-29,0.0,-0.5,2189.0,,3507,0,2200.0,2200.0,2170.0
2018-11-28,0.0,-0.68,2200.0,,2615,0,2215.0,2230.0,2185.0
2018-11-27,0.0,-0.4,2215.0,,525,0,2224.0,2265.0,2200.0
2018-11-26,0.0,3.44,2224.0,,1808,0,2150.0,2230.0,2150.0
2018-11-25,0.0,-2.59,2150.0,,720,0,2207.13,2207.13,2150.0
2018-11-22,0.0,-0.81,2207.0,,295,0,2225.0,2225.0,2207.0
2018-11-21,0.0,-0.4,2225.0,,954,0,2234.0,2235.0,2200.0
2018-11-19,0.0,-0.88,2245.0,,1040,0,2265.0,2265.0,2230.0
2018-11-18,0.0,-1.52,2265.0,,310,0,2300.0,2300.0,2261.0
2018-11-15,0.0,0.09,2300.0,,1388,0,2298.0,2300.0,2290.0
2018-11-14,0.0,-0.48,2298.0,,328,0,2309.0,2315.0,2295.0
2018-11-05,0.0,0.48,2301.0,,164,0,2300.0,2301.0,2300.0
2018-11-04,0.0,-1.08,2290.0,,765,0,2295.0,2300.0,2286.0
2018-11-01,0.0,-0.21,2315.0,,283,0,2320.0,2339.0,2315.0
2018-10-31,0.0,0.83,2320.0,,250,0,2310.0,2320.0,2305.0
2018-10-30,0.0,0.04,2301.0,,516,0,2295.0,2325.0,2295.0
2018-10-28,0.0,-0.43,2300.0,,295,0,2340.0,2340.0,2300.0
2018-10-25,0.0,-1.49,2310.0,,76,0,2355.0,2355.0,2310.0
2018-10-24,0.0,1.96,2344.0,,96,0,2300.0,2345.0,2300.0
2018-10-23,0.0,-1.46,2300.0,,108,0,2300.0,2301.0,2299.0
2018-10-22,0.0,-0.68,2334.0,,785,0,2333.0,2349.0,2333.0
2018-10-21,0.0,0.86,2350.0,,50,0,2350.0,2350.0,2350.0
2018-10-14,0.0,0.87,2330.0,,60,0,2335.0,2335.0,2330.0
2018-10-11,0.0,0.0,2310.0,,702,0,2320.0,2320.0,2300.0
2018-10-10,0.0,0.0,2310.0,,588,0,2300.0,2310.0,2299.0
2018-10-09,0.0,-0.65,2310.0,,622,0,2325.0,2325.0,2310.0
2018-10-08,0.0,0.65,2325.0,,552,0,2312.0,2325.0,2312.0
2018-10-07,0.0,-1.7,2310.0,,407,0,2303.0,2330.0,2303.0
2018-10-04,0.0,0.43,2350.0,,277,0,2345.0,2355.0,2330.0
2018-10-03,0.0,-0.04,2340.0,,320,0,2387.0,2388.0,2340.0
2018-10-02,0.0,-0.21,2299.0,,1249,0,2345.0,2364.0,2341.0
2018-10-01,0.0,-0.8,2300.0,,322,0,2400.0,2400.0,2346.0
2018-09-30,0.0,-0.21,2365.0,,269,0,2350.0,2365.0,2349.0
2018-09-27,0.0,-0.84,2371.0,,600,0,2376.0,2400.0,2370.0
2018-09-26,0.0,0.42,2390.0,,1706,0,2400.0,2405.0,2390.0
2018-09-25,0.0,0.0,2380.0,,104,0,2390.0,2390.0,2380.0
2018-09-23,0.0,-0.04,2380.0,,717,0,2370.0,2380.0,2370.0
2018-09-20,0.0,-0.79,2381.0,,826,0,2390.0,2390.0,2381.0
2018-09-18,0.0,0.0,2400.0,,280,0,2400.0,2400.0,2400.0
2018-09-17,0.0,-1.64,2400.0,,547,0,2410.0,2430.0,2393.0
2018-09-16,0.0,1.67,2440.0,,100,0,2440.0,2440.0,2440.0
2018-09-13,0.0,-0.21,2400.0,,330,0,2410.0,2420.0,2391.0
2018-09-12,0.0,0.63,2405.0,,671,0,2390.0,2405.0,2390.0
2018-09-11,0.0,-0.38,2390.0,,255,0,2415.0,2415.0,2390.0
2018-09-10,0.0,-0.04,2390.0,,579,0,2400.0,2400.0,2367.0
2018-09-09,0.0,-0.08,2400.0,,209,0,2400.0,2400.0,2400.0
2018-09-06,0.0,-1.36,2402.0,,838,0,2480.0,2480.0,2402.0
2018-09-05,0.0,1.97,2435.0,,304,0,2400.0,2435.0,2400.0
2018-09-04,0.0,-0.71,2390.0,,80,0,2402.0,2402.0,2388.0
2018-09-03,0.0,0.17,2405.0,,345,0,2400.0,2420.0,2400.0
2018-09-02,0.0,0.04,2401.0,,310,0,2410.0,2410.0,2400.0
2018-08-30,0.0,0.21,2400.0,,572,0,2392.0,2400.0,2386.0
2018-08-29,0.0,-0.83,2395.0,,235,0,2400.0,2410.0,2395.0
2018-08-28,0.0,0.62,2415.0,,276,0,2400.0,2415.0,2390.0
2018-08-26,0.0,-3.38,2400.0,,2415,0,2450.0,2450.0,2400.0
2018-08-23,0.0,3.93,2484.0,,20,0,2437.0,2484.0,2437.0
2018-08-22,0.0,-0.42,2390.0,,288,0,2400.0,2401.0,2390.0
2018-08-21,0.0,0.42,2400.0,,282,0,2437.0,2437.0,2400.0
2018-08-20,0.0,-1.44,2390.0,,80,0,2424.0,2424.0,2390.0
2018-08-19,0.0,-0.82,2425.0,,190,0,2445.0,2445.0,2415.0
2018-08-16,0.0,-0.2,2445.0,,371,0,2440.0,2460.0,2440.0
2018-08-15,0.0,1.66,2450.0,,505,0,2400.0,2468.0,2400.0
2018-08-14,0.0,0.0,2405.0,,1048,0,2400.0,2410.0,2386.0
2018-08-13,0.0,0.42,2410.0,,1552,0,2372.0,2410.0,2370.0
2018-08-12,0.0,-1.03,2400.0,,428,0,2386.0,2425.0,2386.0
2018-08-09,0.0,-0.61,2425.0,,220,0,2440.0,2440.0,2425.0
2018-08-08,0.0,-0.41,2440.0,,271,0,2410.0,2440.0,2410.0
2018-08-07,0.0,1.37,2445.0,,337,0,2460.0,2460.0,2421.0
2018-08-06,0.0,-0.58,2417.0,,763,0,2430.0,2431.0,2417.0
2018-08-05,0.0,0.41,2431.0,,1084,0,2469.0,2469.0,2431.0
2018-08-02,0.0,-0.94,2423.0,,725,0,2490.0,2490.0,2420.0
2018-08-01,0.0,1.03,2444.0,,580,0,2425.0,2444.0,2425.0
2018-07-31,0.0,-0.04,2419.0,,538,0,2420.0,2440.0,2419.0
2018-07-30,0.0,0.17,2421.0,,250,0,2420.0,2435.0,2410.0
2018-07-29,0.0,-0.17,2416.0,,535,0,2430.0,2435.0,2416.0
2018-07-26,0.0,-1.43,2420.0,,1192,0,2435.0,2435.0,2410.0
2018-07-25,0.0,0.61,2455.0,,282,0,2460.0,2460.0,2435.0
2018-07-24,0.0,0.54,2441.0,,719,0,2460.0,2470.0,2440.0
2018-07-23,0.0,0.87,2427.0,,1147,0,2384.0,2430.0,2384.0
2018-07-22,0.0,-2.2,2411.0,,2070,0,2422.0,2455.0,2406.0
2018-07-19,0.0,0.0,2460.0,,157,0,2460.0,2460.0,2460.0
2018-07-18,0.0,-0.61,2460.0,,326,0,2500.0,2500.0,2460.0
2018-07-17,0.0,-1.0,2475.0,,686,0,2500.0,2500.0,2470.0
2018-07-16,0.0,1.79,2500.0,,165,0,2500.0,2530.0,2490.0
2018-07-15,0.0,-1.36,2456.0,,1513,0,2461.0,2465.0,2450.0
2018-07-12,0.0,0.2,2490.0,,1061,0,2505.0,2505.0,2460.0
2018-07-11,0.0,-1.39,2485.0,,1092,0,2515.0,2540.0,2485.0
2018-07-10,0.0,1.74,2520.0,,592,0,2500.0,2526.0,2500.0
2018-07-09,0.0,-2.13,2477.0,,487,0,2485.0,2500.0,2477.0
2018-07-08,0.0,1.24,2531.0,,1382,0,2550.0,2568.0,2530.0
2018-07-05,0.0,1.58,2505.0,,1663,0,2490.0,2550.0,2490.0
2018-07-04,0.0,0.45,2461.0,,601,0,2449.0,2475.0,2449.0
2018-07-03,0.0,0.2,2450.0,,10,0,2450.0,2450.0,2450.0
2018-07-02,0.0,-0.94,2423.0,,725,0,2490.0,2490.0,2420.0
2018-07-01,0.0,0.16,2445.0,,188,0,2462.0,2465.0,2430.0
2018-06-28,0.0,0.04,2446.0,,728,0,2450.0,2490.0,2411.0
2018-06-27,0.0,-0.61,2440.0,,304,0,2425.0,2450.0,2425.0
2018-06-26,0.0,-1.33,2456.0,,244,0,2480.0,2480.0,2455.0
2018-06-25,0.0,0.04,2488.0,,100,0,2488.0,2488.0,2488.0
2018-06-24,0.0,-0.16,2491.0,,781,0,2491.0,2510.0,2487.0
2018-06-21,0.0,0.44,2491.0,,881,0,2452.0,2528.0,2431.0
2018-06-20,0.0,-1.47,2480.0,,2403,0,2500.0,2530.0,2480.0
2018-06-19,0.0,-2.63,2517.0,,355,0,2550.0,2550.0,2517.0
2018-06-18,0.0,0.58,2585.0,,568,0,2531.0,2585.0,2521.0
2018-06-17,0.0,-0.58,2570.0,,133,0,2585.0,2585.0,2550.0
2018-06-14,0.0,0.78,2585.0,,677,0,2535.0,2605.0,2535.0
2018-06-13,0.0,0.2,2565.0,,468,0,2565.0,2570.0,2550.0
2018-06-12,0.0,0.0,2560.0,,126,0,2560.0,2560.0,2510.0
2018-06-11,0.0,2.07,2560.0,,783,0,2550.0,2580.0,2520.0
2018-06-10,0.0,-3.35,2508.0,,2889,0,2550.0,2550.0,2502.0
2018-06-07,0.0,-0.23,2595.0,,556,0,2650.0,2650.0,2586.0
2018-06-06,0.0,-1.1,2601.0,,449,0,2682.0,2689.0,2600.0
2018-06-04,0.0,0.38,2630.0,,421,0,2580.0,2650.0,2580.0
2018-06-03,0.0,-2.96,2620.0,,1876,0,2647.0,2657.0,2605.0
2018-05-31,0.0,-1.03,2700.0,,636,0,2740.0,2744.0,2700.0
2018-05-30,0.0,-0.26,2728.0,,614,0,2720.0,2745.0,2720.0
2018-05-29,0.0,0.0,2735.0,,1054,0,2740.0,2750.0,2702.0
2018-05-28,0.0,1.94,2735.0,,2740,0,2683.0,2735.0,2685.0
2018-05-27,0.0,-0.48,2683.0,,1274,0,2700.0,2709.0,2683.0
2018-05-24,0.0,-0.15,2696.0,,2059,0,2700.0,2725.0,2696.0
2018-05-23,0.0,-1.1,2700.0,,1311,0,2715.0,2730.0,2700.0
2018-05-22,0.0,0.18,2736.0,,3605,0,2735.0,2770.0,2730.0
2018-05-21,0.0,3.77,2725.0,,8925,0,2678.0,2745.0,2650.0
2018-05-20,0.0,-0.49,2626.0,,806,0,2650.0,2650.0,2625.0
2018-05-17,0.0,-0.04,2639.0,,304,0,2650.0,2665.0,2638.0
2018-05-16,0.0,-0.19,2640.0,,2379,0,2650.0,2650.0,2600.0
2018-05-15,0.0,0.38,2645.0,,220,0,2615.0,2645.0,2615.0
2018-05-14,0.0,0.0,2635.0,,1106,0,2610.0,2650.0,2610.0
2018-05-10,0.0,-0.57,2635.0,,19,0,2650.0,2635.0,2635.0
2018-05-09,0.0,-0.75,2650.0,,610,0,2670.0,2675.0,2640.0
2018-05-08,0.0,1.52,2670.0,,2710,0,2610.0,2670.0,2610.0
2018-05-07,0.0,1.15,2630.0,,3113,0,2625.0,2639.0,2600.0
2018-05-06,0.0,-1.74,2600.0,,1794,0,2646.0,2646.0,2594.0
2018-05-03,0.0,-1.08,2646.0,,4298,0,2700.0,2700.0,2646.0
2018-05-02,0.0,2.65,2675.0,,909,0,2606.0,2675.0,2586.0
2018-04-29,0.0,-1.66,2609.0,,3000,0,2600.0,2649.0,2597.0
2018-04-26,0.0,-2.21,2650.0,,1256,0,2741.0,2741.0,2610.0
2018-04-25,0.0,0.0,2730.0,,1392,0,2725.0,2763.0,2710.0
2018-04-24,0.0,-1.45,2710.0,,1071,0,2744.0,2774.0,2710.0
2018-04-23,0.0,-2.03,2750.0,,6750,0,2850.0,2863.0,2750.0
2018-04-22,0.0,2.41,2807.0,,3332,0,2741.0,2845.0,2785.0
2018-04-19,0.0,-0.69,2750.0,,3594,0,2727.0,2780.0,2725.0
2018-04-18,0.0,3.37,2760.0,,4476,0,2723.0,2765.0,2690.0
2018-04-17,0.0,3.85,2670.0,,10393,0,2571.0,2670.0,2600.0
2018-04-16,0.0,0.86,2571.0,,666,0,2599.0,2599.0,2550.0
2018-04-15,0.0,1.96,2549.0,,1036,0,2500.0,2550.0,2480.0
2018-04-12,0.0,0.81,2505.0,,1360,0,2529.0,2529.0,2500.0
2018-04-11,0.0,1.22,2480.0,,225,0,2402.0,2480.0,2402.0
2018-04-10,0.0,-2.0,2450.0,,1541,0,2550.0,2550.0,2430.0
2018-04-09,0.0,2.04,2500.0,,3837,0,2480.0,2555.0,2475.0
2018-04-08,0.0,4.7,2450.0,,2048,0,2386.0,2470.0,2340.0
2018-04-05,0.0,3.86,2340.0,,2606,0,2253.0,2389.0,2298.0
2018-04-04,0.0,3.74,2748.0,,3813,0,2700.0,2754.0,2680.0
2018-04-03,0.0,0.0,2650.0,,4810,0,2650.0,2660.0,2642.0
2018-04-02,0.0,-1.12,2651.0,,974,0,2680.0,2680.0,2630.0
2018-04-01,0.0,-1.11,2680.0,,1791,0,2700.0,2700.0,2620.0
2018-03-29,0.0,2.26,2710.0,,2527,0,2680.0,2740.0,2680.0
2018-03-28,0.0,-0.04,2650.0,,3068,0,2700.0,2727.0,2627.0
2018-03-27,0.0,1.3,2652.0,,2735,0,2650.0,2697.0,2530.0
2018-03-26,0.0,-5.52,2617.0,,4456,0,2720.0,2720.0,2617.0
2018-03-22,0.0,0.54,2770.0,,3227,0,2755.0,2834.0,2734.0
2018-03-21,0.0,-3.7,2790.0,,4006,0,2840.0,2840.0,2731.0
2018-03-20,0.0,-4.57,2862.0,,2585,0,3040.0,3040.0,2860.0
2018-03-19,0.0,3.38,2998.0,,10499,0,2842.0,2998.0,2842.0
2018-03-18,0.0,-1.02,2900.0,,2667,0,2940.0,2950.0,2900.0
2018-03-15,0.0,-1.01,2941.0,,2314,0,2955.0,2956.0,2930.0
2018-03-14,0.0,-1.33,2960.0,,1297,0,2960.0,2970.0,2950.0
2018-03-13,0.0,1.69,3000.0,,2683,0,3000.0,3000.0,2947.0
2018-03-12,0.0,-1.67,2950.0,,2472,0,3000.0,3010.0,2950.0
2018-03-11,0.0,-1.64,3000.0,,1242,0,3050.0,3014.0,2990.0
2018-03-07,0.0,-0.49,3050.0,,5683,0,3004.0,3115.0,3004.0
2018-03-06,0.0,-2.76,3065.0,,2726,0,3118.0,3150.0,3000.0
2018-03-04,0.0,-3.76,3200.0,,1781,0,3259.0,3275.0,3155.0
2018-02-28,0.0,-1.19,3325.0,,7256,0,3400.0,3400.0,3287.0
2018-02-27,0.0,0.84,3365.0,,840,0,3350.0,3400.0,3350.0
2018-02-26,0.0,-2.0,3337.0,,671,0,3382.0,3382.0,3337.0
2018-02-25,0.0,-1.45,3405.0,,501,0,3410.0,3410.0,3400.0
2018-02-22,0.0,0.73,3455.0,,366,0,3400.0,3455.0,3400.0
2018-02-21,0.0,-1.15,3430.0,,1386,0,3470.0,3470.0,3426.0
2018-02-20,0.0,-0.86,3470.0,,470,0,3480.0,3480.0,3470.0
2018-02-18,0.0,-0.03,3500.0,,398,0,3501.0,3550.0,3500.0
2018-02-15,0.0,1.45,3501.0,,757,0,3498.0,3520.0,3491.0
2018-02-14,0.0,-0.26,3460.0,,135,0,3431.0,3460.0,3431.0
2018-02-12,0.0,0.29,3465.0,,284,0,3462.0,3465.0,3460.0
2018-02-11,0.0,0.0,3450.0,,367,0,3519.0,3550.0,3450.0
2018-02-08,0.0,0.58,3450.0,,890,0,3430.0,3450.0,3430.0
2018-02-07,0.0,-1.21,3430.0,,1685,0,3450.0,3456.0,3430.0
2018-02-06,0.0,-0.8,3475.0,,346,0,3480.0,3480.0,3471.0
2018-02-05,0.0,-0.28,3500.0,,404,0,3500.0,3500.0,3490.0
2018-02-04,0.0,0.31,3510.0,,3556,0,3500.0,3510.0,3500.0
2018-02-01,0.0,0.55,3499.0,,407,0,3486.0,3499.0,3480.0
2018-01-31,0.0,0.0,3480.0,,1469,0,3471.0,3489.0,3465.0
2018-01-29,0.0,-0.09,3481.0,,631,0,3443.0,3511.0,3443.0
2018-01-28,0.0,-0.49,3483.0,,460,0,3501.0,3501.0,3480.0
2018-01-25,0.0,0.0,3500.0,,1133,0,3525.0,3525.0,3480.0
2018-01-24,0.0,0.0,3500.0,,985,0,3480.0,3510.0,3480.0
2018-01-23,0.0,-0.28,3500.0,,1227,0,3480.0,3501.0,3480.0
2018-01-22,0.0,-0.34,3511.0,,744,0,3520.0,3530.0,3510.0
2018-01-21,0.0,0.63,3522.0,,1490,0,3550.0,3600.0,3491.0
2018-01-17,0.0,-0.46,3500.0,,1425,0,3500.0,3535.0,3500.0
2018-01-16,0.0,0.03,3516.0,,740,0,3515.0,3535.0,3500.0
2018-01-14,0.0,-1.68,3515.0,,267,0,3610.0,3610.0,3515.0
2018-01-10,0.0,-0.14,3575.0,,2201,0,3570.0,3575.0,3499.0
2018-01-09,0.0,-0.28,3580.0,,600,0,3590.0,3610.0,3580.0
2018-01-08,0.0,0.7,3580.0,,1762,0,3590.0,3600.0,3580.0
2018-01-07,0.0,1.28,3565.0,,651,0,3540.0,3600.0,3535.0
2018-01-04,0.0,0.43,3520.0,,1299,0,3515.0,3530.0,3510.0
2018-01-03,0.0,-0.71,3505.0,,633,0,3501.0,3505.0,3497.0
2018-01-02,0.0,-0.68,3532.0,,1415,0,3531.0,3565.0,3530.0
2018-01-01,0.0,1.86,3554.0,,2672,0,3554.0,3554.0,3490.0
2017-12-31,0.0,0.11,3489.0,,5474,0,3455.0,3503.0,3455.0
2017-12-28,0.0,-0.29,3485.0,,2320,0,3470.0,3515.0,3460.0
2017-12-27,0.0,-0.46,3496.0,,3094,0,3501.0,3599.0,3485.0
2017-12-26,0.0,-2.74,3511.0,,1603,0,3538.0,3552.0,3511.0
2017-12-24,0.0,0.0,3610.0,,1112,0,3610.0,3640.0,3600.0
2017-12-21,0.0,-0.41,3610.0,,1775,0,3600.0,3615.0,3590.0
2017-12-20,0.0,0.11,3625.0,,578,0,3620.0,3640.0,3615.0
2017-12-19,0.0,-0.79,3622.0,,2237,0,3650.0,3650.0,3621.0
2017-12-18,0.0,1.39,3650.0,,3575,0,3600.0,3655.0,3600.0
2017-12-17,0.0,-0.63,3600.0,,874,0,3600.0,3601.0,3595.0
2017-12-14,0.0,-1.31,3552.0,,151,0,3552.0,3552.0,3552.0
2017-12-13,0.0,0.25,3599.0,,755,0,3590.0,3599.0,3585.0
2017-12-12,0.0,-0.55,3590.0,,1054,0,3610.0,3610.0,3590.0
2017-12-11,0.0,0.0,3611.0,,235,0,3611.0,3611.0,3610.0
2017-12-10,0.0,-1.1,3610.0,,900,0,3650.0,3650.0,3610.0
2017-12-06,0.0,1.36,3650.0,,540,0,3601.0,3650.0,3601.0
2017-12-05,0.0,-0.39,3601.0,,752,0,3605.0,3630.0,3600.0
2017-12-04,0.0,-0.28,3615.0,,1124,0,3630.0,3630.0,3600.0
2017-11-30,0.0,-0.68,3625.0,,1161,0,3650.0,3650.0,3610.0
2017-11-29,0.0,0.41,3650.0,,1250,0,3700.0,3700.0,3635.0
2017-11-28,0.0,-0.14,3635.0,,923,0,3640.0,3650.0,3635.0
2017-11-27,0.0,0.83,3660.0,,1599,0,3675.0,3690.0,3640.0
2017-11-26,0.0,0.56,3610.0,,4502,0,3590.0,3800.0,3590.0
2017-11-23,0.0,1.96,3590.0,,1792,0,3521.0,3590.0,3521.0
2017-11-22,0.0,0.17,3521.0,,628,0,3512.0,3530.0,3512.0
2017-11-21,0.0,-0.14,3520.0,,953,0,3535.0,3555.0,3515.0
2017-11-20,0.0,-0.42,3521.0,,1167,0,3540.0,3560.0,3519.0
2017-11-19,0.0,-0.48,3535.0,,290,0,3552.0,3537.0,3535.0
2017-11-16,0.0,-0.5,3552.0,,3317,0,3550.0,3600.0,3550.0
2017-11-15,0.0,-1.98,3570.0,,2170,0,3590.0,3590.0,3570.0
2017-11-14,0.0,-0.52,3642.0,,1175,0,3660.0,3690.0,3640.0
2017-11-13,0.0,1.98,3615.0,,6630,0,3590.0,3661.0,3590.0
2017-11-12,0.0,0.42,3590.0,,1195,0,3575.0,3590.0,3550.0
2017-11-09,0.0,-1.52,3576.0,,1250,0,3630.0,3630.0,3560.0
2017-11-08,0.0,-1.09,3630.0,,1587,0,3605.0,3630.0,3561.0
2017-11-07,0.0,-2.13,3670.0,,205,0,3750.0,3750.0,3670.0
2017-11-06,0.0,2.46,3750.0,,8729,0,3660.0,3750.0,3645.0
2017-11-05,0.0,-0.41,3660.0,,1887,0,3650.0,3675.0,3650.0
2017-11-02,0.0,0.41,3670.0,,941,0,3680.0,3680.0,3650.0
2017-11-01,0.0,-0.03,3660.0,,943,0,3660.0,3665.0,3650.0
2017-10-31,0.0,0.0,3661.0,,1480,0,3680.0,3685.0,3661.0
2017-10-30,0.0,-0.79,3668.0,,300,0,3675.0,3675.0,3661.0
2017-10-29,0.0,-0.46,3690.0,,1077,0,3730.0,3734.0,3685.0
2017-10-25,0.0,-0.24,3707.0,,1463,0,3700.0,3725.0,3700.0
2017-10-24,0.0,-0.64,3716.0,,720,0,3740.0,3740.0,3710.0
2017-10-23,0.0,-1.58,3740.0,,191,0,3800.0,3760.0,3740.0
2017-10-22,0.0,0.82,3800.0,,1226,0,3820.0,3820.0,3700.0
2017-10-18,0.0,1.84,3769.0,,771,0,3770.0,3770.0,3730.0
2017-10-17,0.0,-0.51,3701.0,,544,0,3730.0,3750.0,3701.0
2017-10-16,0.0,0.54,3720.0,,1142,0,3750.0,3750.0,3699.0
2017-10-15,0.0,0.57,3700.0,,34555,0,3679.0,3700.0,3679.0
2017-10-12,0.0,0.0,3679.0,,1634,0,3698.0,3698.0,3656.0
2017-10-11,0.0,0.38,3679.0,,1470,0,3640.0,3679.0,3640.0
2017-10-10,0.0,1.5,3665.0,,1101,0,3625.0,3736.0,3625.0
2017-10-09,0.0,-1.07,3611.0,,610,0,3605.0,3625.0,3580.0
2017-10-08,0.0,-2.67,3650.0,,448,0,3700.0,3700.0,3600.0
2017-10-04,0.0,-0.53,3750.0,,50,0,3750.0,3750.0,3750.0
2017-10-03,0.0,0.53,3770.0,,2169,0,3800.0,3800.0,3770.0
2017-09-26,0.0,0.13,3750.0,,1204,0,3750.0,3755.0,3735.0
2017-09-25,0.0,0.94,3745.0,,1280,0,3700.0,3745.0,3700.0
2017-09-24,0.0,1.09,3709.0,,885,0,3670.0,3710.0,3670.0
2017-09-20,0.0,0.3,3670.0,,837,0,3662.0,3670.0,3651.0
2017-09-18,0.0,-1.11,3659.0,,1598,0,3700.0,3700.0,3640.0
2017-09-17,0.0,-0.78,3700.0,,1978,0,3800.0,3800.0,3700.0
2017-09-14,0.0,5.07,3729.0,,1211,0,3550.0,3729.0,3550.0
2017-09-13,0.0,3.17,3549.0,,2048,0,3450.0,3549.0,3450.0
2017-09-12,0.0,-3.64,3470.0,,3626,0,3505.0,3515.0,3440.0
2017-09-11,0.0,-0.25,3570.0,,1584,0,3530.0,3590.0,3525.0
2017-09-10,0.0,-1.68,3579.0,,2445,0,3640.0,3640.0,3540.0
2017-09-07,0.0,-1.14,3650.0,,860,0,3650.0,3652.0,3640.0
2017-09-06,0.0,-0.03,3682.0,,261,0,3756.0,3756.0,3681.0
2017-09-04,0.0,0.08,3680.0,,2069,0,3685.0,3745.0,3600.0
2017-08-31,0.0,-1.63,3680.0,,1200,0,3741.0,3750.0,3667.0
2017-08-30,0.0,-0.98,3745.0,,917,0,3731.0,3800.0,3731.0
2017-08-28,0.0,-1.23,3778.0,,1074,0,3801.0,3801.0,3770.0
2017-08-27,0.0,-0.65,3825.0,,915,0,3850.0,3850.0,3825.0
2017-08-24,0.0,0.39,3850.0,,770,0,3835.0,3885.0,3800.0
2017-08-23,0.0,-0.41,3836.0,,1258,0,3856.0,3860.0,3830.0
2017-08-22,0.0,-0.62,3851.0,,2999,0,3820.0,3885.0,3820.0
2017-08-21,0.0,0.21,3875.0,,265,0,3860.0,3875.0,3850.0
2017-08-20,0.0,-0.97,3867.0,,1560,0,3900.0,3900.0,3865.0
2017-08-17,0.0,-0.41,3905.0,,3093,0,3938.0,3950.0,3900.0
2017-08-16,0.0,-0.73,3921.0,,1313,0,3960.0,3965.0,3921.0
2017-08-15,0.0,-0.7,3950.0,,1902,0,3978.0,3980.0,3922.0
2017-08-13,0.0,2.47,3978.0,,4331,0,3959.0,4100.0,3920.0
2017-08-10,0.0,0.64,4730.0,,14132,0,4652.0,4750.0,4600.0
2017-08-09,0.0,-0.82,4705.0,,8303,0,4700.0,4770.0,4695.0
2017-08-07,0.0,3.47,4740.0,,14399,0,4650.0,4750.0,4630.0
2017-08-06,0.0,-1.48,4585.0,,4801,0,4650.0,4651.0,4510.0
2017-08-03,0.0,3.56,4650.0,,7583,0,4490.0,4857.0,4570.0
2017-08-02,0.0,8.85,4490.0,,4610,0,4200.0,4500.0,4167.0
2017-08-01,0.0,1.35,4125.0,,2561,0,4100.0,4145.0,4100.0
2017-07-31,0.0,1.72,4070.0,,3095,0,4040.0,4171.0,4040.0
2017-07-30,0.0,0.02,4001.0,,341,0,4025.0,4025.0,4000.0
2017-07-27,0.0,0.0,4000.0,,313,0,4000.0,4001.0,4000.0
2017-07-26,0.0,0.13,4000.0,,1726,0,4000.0,4020.0,3970.0
2017-07-25,0.0,0.88,3995.0,,698,0,4000.0,4000.0,3970.0
2017-07-24,0.0,1.38,3960.0,,458,0,3910.0,3960.0,3910.0
2017-07-23,0.0,-1.11,3906.0,,375,0,3921.0,3921.0,3901.0
2017-07-20,0.0,0.77,3950.0,,3545,0,3950.0,3975.0,3942.0
2017-07-19,0.0,-1.51,3920.0,,479,0,4035.0,4035.0,3920.0
2017-07-18,0.0,-0.5,3980.0,,635,0,4050.0,4050.0,3980.0
2017-07-17,0.0,0.5,4000.0,,380,0,4045.0,4045.0,4000.0
2017-07-16,0.0,2.58,3979.0,,540,0,3900.0,3980.0,3900.0
2017-07-13,0.0,-1.2,3880.0,,2418,0,3880.0,3880.0,3852.0
2017-07-12,0.0,-4.2,3928.0,,4740,0,4098.0,4098.0,3900.0
2017-07-11,0.0,1.44,4080.0,,690,0,4041.0,4099.0,4040.0
2017-07-10,0.0,-0.96,4041.0,,971,0,4081.0,4081.0,4040.0
2017-07-09,0.0,0.37,4080.0,,2489,0,4065.0,4110.0,4010.0
2017-07-06,0.0,0.62,4065.0,,20,0,4075.0,4075.0,4065.0
2017-07-05,0.0,0.62,4040.0,,410,0,4000.0,4090.0,4000.0
2017-07-04,0.0,0.17,4015.0,,2511,0,4000.0,4016.0,4000.0
2017-07-03,0.0,-0.55,4008.0,,2818,0,4030.0,4030.0,4000.0
2017-07-02,0.0,-1.71,4050.0,,777,0,4070.0,4070.0,4030.0
2017-06-28,0.0,0.74,4100.0,,1513,0,4100.0,4104.0,4070.0
2017-06-27,0.0,-0.73,4070.0,,1981,0,4110.0,4110.0,4035.0
2017-06-25,0.0,0.12,4100.0,,928,0,4175.0,4175.0,4085.0
2017-06-22,0.0,0.49,4095.0,,807,0,4100.0,4125.0,4090.0
2017-06-21,0.0,0.37,4075.0,,980,0,4060.0,4109.0,4040.0
2017-06-20,0.0,0.54,4068.0,,1054,0,4100.0,4110.0,4060.0
2017-06-19,0.0,-1.99,4038.0,,325,0,4100.0,4100.0,4038.0
2017-06-18,0.0,0.46,4120.0,,740,0,4101.0,4120.0,4062.0
2017-06-15,0.0,0.49,4101.0,,811,0,4150.0,4150.0,4100.0
2017-06-14,0.0,-0.61,4081.0,,403,0,4050.0,4131.0,4050.0
2017-06-13,0.0,0.64,4106.0,,811,0,4080.0,4138.0,4080.0
2017-06-12,0.0,-0.46,4080.0,,434,0,4032.0,4080.0,4025.0
2017-06-11,0.0,-1.23,4099.0,,1930,0,4115.0,4131.0,4050.0
2017-06-08,0.0,-0.95,4150.0,,607,0,4150.0,4150.0,4100.0
2017-06-07,0.0,0.0,4190.0,,917,0,4210.0,4210.0,4121.0
2017-06-06,0.0,1.09,4190.0,,682,0,4135.0,4190.0,4135.0
2017-06-05,0.0,-0.12,4140.0,,522,0,4150.0,4170.0,4130.0
2017-06-04,0.0,0.48,4150.0,,203,0,4150.0,4150.0,4100.0
2017-06-01,0.0,-0.48,4131.0,,876,0,4151.0,4170.0,4130.0
2017-05-31,0.0,-0.95,4150.0,,2444,0,4190.0,4150.0,4111.0
2017-05-30,0.0,1.43,4190.0,,1542,0,4131.0,4190.0,4110.0
2017-05-28,0.0,-1.64,4131.0,,336,0,4260.0,4260.0,4131.0
2017-05-24,0.0,0.72,4200.0,,1481,0,4170.0,4200.0,4100.0
2017-05-23,0.0,2.58,4170.0,,2329,0,4130.0,4170.0,4065.0
2017-05-22,0.0,0.37,4060.0,,474,0,4050.0,4065.0,4050.0
2017-05-21,0.0,-1.22,4035.0,,1705,0,4090.0,4090.0,4000.0
2017-05-18,0.0,1.99,4100.0,,823,0,4020.0,4100.0,4020.0
2017-05-17,0.0,-0.25,4020.0,,382,0,4001.0,4020.0,4001.0
2017-05-16,0.0,-1.47,4030.0,,1387,0,4090.0,4090.0,4022.0
2017-05-15,0.0,1.49,4080.0,,1509,0,4100.0,4100.0,4025.0
2017-05-11,0.0,1.26,4030.0,,2829,0,4000.0,4030.0,3980.0
2017-05-09,0.0,0.0,3980.0,,2359,0,3980.0,3985.0,3975.0
2017-05-08,0.0,1.92,3980.0,,67,0,3950.0,3980.0,3950.0
2017-05-07,0.0,-2.11,3905.0,,1335,0,3990.0,3989.0,3905.0
2017-05-04,0.0,-0.27,3989.0,,400,0,4000.0,4000.0,3989.0
2017-05-03,0.0,1.27,4000.0,,1427,0,4029.0,4030.0,3952.0
2017-05-02,0.0,-0.63,3950.0,,247,0,4006.0,4050.0,3896.0
2017-04-30,0.0,-1.71,3975.0,,780,0,4044.0,4044.0,3965.0
2017-04-27,0.0,1.1,4040.0,,3515,0,4000.0,4048.0,4000.0
2017-04-26,0.0,0.5,3990.0,,761,0,4000.0,4000.0,3960.0
2017-04-25,0.0,-0.52,3980.0,,1630,0,4010.0,4010.0,3980.0
2017-04-24,0.0,0.15,4008.0,,2000,0,4040.0,4040.0,4000.0
2017-04-23,0.0,2.33,3991.0,,1274,0,3978.0,4051.0,3978.0
2017-04-20,0.0,-1.27,3900.0,,792,0,4029.0,4029.0,3900.0
2017-04-19,0.0,2.46,3950.0,,887,0,3855.0,3990.0,3920.0
2017-04-18,0.0,-1.15,3855.0,,1911,0,3822.0,3874.0,3734.0
2017-04-16,0.0,-1.74,3901.0,,920,0,3975.0,3975.0,3900.0
2017-04-13,0.0,-1.32,3969.0,,2513,0,3942.0,4005.0,3940.0
2017-04-12,0.0,-0.42,4040.0,,4451,0,4050.0,4130.0,4020.0
2017-04-11,0.0,0.97,4000.0,,3153,0,4000.0,4079.0,4000.0
2017-04-10,0.0,0.76,4000.0,,1420,0,3971.0,4020.0,3971.0
2017-04-09,0.0,0.89,3970.0,,877,0,4013.0,4013.0,3960.0
2017-04-06,0.0,0.0,3935.0,,1082,0,3935.0,4000.0,3900.0
2017-04-04,0.0,0.25,3935.0,,2122,0,3900.0,4045.0,3881.0
2017-04-03,0.0,-3.33,3925.0,,1470,0,4100.0,4223.0,3920.0
2017-04-02,0.0,2.53,4060.0,,1180,0,4039.0,4080.0,4039.0
2017-03-30,0.0,2.33,3960.0,,2321,0,3870.0,3960.0,3800.0
2017-03-29,0.0,-3.32,3870.0,,3276,0,4003.0,4083.0,3870.0
2017-03-28,0.0,8.19,4003.0,,2105,0,3700.0,4003.0,3774.0
2017-03-26,0.0,5.26,3700.0,,2917,0,3585.0,3794.0,3580.0
2017-03-23,0.0,0.37,3515.0,,2136,0,3505.0,3560.0,3450.0
2017-03-22,0.0,1.6,3502.0,,1443,0,3450.0,3656.0,3450.0
2017-03-21,0.0,2.25,3447.0,,2341,0,3371.0,3450.0,3270.0
2017-03-20,0.0,3.69,3371.0,,4032,0,3300.0,3390.0,3299.0
2017-03-19,0.0,1.63,3251.0,,1436,0,3199.0,3272.0,3190.0
2017-03-16,0.0,-0.03,3199.0,,404,0,3200.0,3200.0,3190.0
2017-03-15,0.0,1.91,3200.0,,270,0,3199.0,3200.0,3199.0
2017-03-14,0.0,-0.32,3141.0,,1121,0,3150.0,3160.0,3140.0
2017-03-13,0.0,0.0,3150.0,,250,0,3150.0,3190.0,3150.0
2017-03-09,0.0,0.0,3151.0,,231,0,3200.0,3200.0,3150.0
2017-03-07,0.0,0.0,3150.0,,903,0,3150.0,3150.0,3112.0
2017-03-06,0.0,-0.94,3150.0,,1195,0,3200.0,3209.0,3145.0
2017-03-05,0.0,1.92,3180.0,,1567,0,3140.0,3220.0,3140.0
2017-03-02,0.0,1.69,3120.0,,729,0,3080.0,3130.0,3080.0
2017-03-01,0.0,-0.84,3068.0,,768,0,3094.0,3130.0,3050.0
2017-02-28,0.0,0.13,3094.0,,3969,0,3050.0,3105.0,3046.0
2017-02-26,0.0,-2.83,3090.0,,2529,0,3151.0,3151.0,3000.0
2017-02-23,0.0,-0.62,3180.0,,310,0,3230.0,3230.0,3180.0
2017-02-22,0.0,-1.02,3200.0,,870,0,3170.0,3260.0,3166.0
2017-02-21,0.0,-2.03,3233.0,,3123,0,3366.0,3366.0,3133.0
2017-02-20,0.0,-1.93,3300.0,,3444,0,3430.0,3498.0,3211.0
2017-02-19,0.0,7.85,3365.0,,3013,0,3140.0,3432.0,3100.0
2017-02-16,0.0,3.36,3106.0,,2918,0,3005.0,3120.0,3000.0
2017-02-15,0.0,3.62,3005.0,,2951,0,2950.0,3005.0,2911.0
2017-02-14,0.0,-0.68,2900.0,,4526,0,2965.0,2965.0,2850.0
2017-02-13,0.0,-0.78,2920.0,,3873,0,2900.0,3009.0,2860.0
2017-02-12,0.0,-2.55,2955.0,,1952,0,2965.0,3000.0,2922.0
2017-02-09,0.0,-1.95,3021.0,,1965,0,3050.0,3098.0,2930.0
2017-02-08,0.0,-2.53,3080.0,,1564,0,3159.0,3159.0,3050.0
2017-02-07,0.0,0.0,3160.0,,361,0,3116.0,3160.0,3105.0
2017-02-06,0.0,-2.92,3161.0,,1985,0,3202.0,3230.0,3160.0
2017-02-05,0.0,-0.76,3255.0,,578,0,3300.0,3350.0,3251.0
2017-02-02,0.0,-2.96,3280.0,,1925,0,3440.0,3447.0,3265.0
2017-02-01,0.0,5.3,3380.0,,1256,0,3274.0,3380.0,3175.0
2017-01-31,0.0,3.51,3210.0,,1795,0,3039.0,3290.0,3039.0
2017-01-30,0.0,-9.98,3101.0,,2627,0,3380.0,3380.0,3101.0
2017-01-26,0.0,-1.68,3445.0,,3494,0,3436.0,3504.0,3401.0
2017-01-25,0.0,-5.91,3504.0,,830,0,3650.0,3650.0,3504.0
2017-01-24,0.0,-3.92,3725.0,,501,0,3800.0,3800.0,3724.0
2017-01-23,0.0,2.0,3876.0,,10,0,3876.0,3876.0,3876.0
2017-01-22,0.0,-1.3,3800.0,,552,0,3775.0,3800.0,3724.0
2017-01-19,0.0,1.58,3850.0,,480,0,3865.0,3865.0,3785.0
2017-01-18,0.0,-0.79,3790.0,,42,0,3820.0,3820.0,3745.0
2017-01-17,0.0,-1.42,3820.0,,420,0,3875.0,3875.0,3820.0
2017-01-16,0.0,0.39,3875.0,,164,0,3860.0,3890.0,3860.0
2017-01-15,0.0,-1.0,3860.0,,240,0,3899.0,3899.0,3835.0
2017-01-12,0.0,0.62,3899.0,,340,0,3850.0,3899.0,3800.0
2017-01-11,0.0,3.47,3875.0,,623,0,3819.0,3875.0,3760.0
2017-01-10,0.0,1.24,3745.0,,209,0,3700.0,3774.0,3700.0
2017-01-09,0.0,1.76,3699.0,,300,0,3700.0,3699.0,3698.0
2017-01-08,0.0,-1.25,3635.0,,744,0,3650.0,3680.0,3625.0
2017-01-05,0.0,0.03,3681.0,,520,0,3695.0,3700.0,3681.0
2017-01-04,0.0,-0.94,3680.0,,930,0,3700.0,3720.0,3675.0
2017-01-03,0.0,0.27,3715.0,,76,0,3715.0,3715.0,3715.0
2017-01-02,0.0,0.14,3705.0,,1138,0,3720.0,3730.0,3690.0
2017-01-01,0.0,-1.07,3700.0,,750,0,3740.0,3740.0,3690.0
2016-12-29,0.0,6.86,3740.0,,115,0,3569.0,3750.0,3569.0
2016-12-28,0.0,0.86,3500.0,,1601,0,3460.0,3595.0,3405.0
2016-12-27,0.0,-3.74,3470.0,,1595,0,3535.0,3605.0,3470.0
2016-12-26,0.0,-3.94,3610.0,,591,0,3700.0,3700.0,3605.0
2016-12-22,0.0,-1.18,3753.0,,403,0,3725.0,3798.0,3725.0
2016-12-21,0.0,-1.12,3798.0,,2535,0,3869.0,3869.0,3715.0
2016-12-20,0.0,-1.89,3841.0,,1181,0,3910.0,3910.0,3830.0
2016-12-19,0.0,0.08,3915.0,,1119,0,3930.0,3950.0,3900.0
2016-12-18,0.0,-0.84,3913.0,,1010,0,3905.0,3930.0,3900.0
2016-12-15,0.0,0.64,3945.0,,719,0,3900.0,3945.0,3900.0
2016-12-14,0.0,0.0,3920.0,,357,0,3900.0,3940.0,3900.0
2016-12-12,0.0,0.0,3920.0,,234,0,3850.0,3920.0,3845.0
2016-12-11,0.0,-1.68,3920.0,,244,0,3908.0,3921.0,3908.0
2016-12-08,0.0,0.18,3987.0,,86,0,3910.0,3987.0,3910.0
2016-12-07,0.0,-1.7,3980.0,,477,0,4129.0,4129.0,3980.0
2016-12-06,0.0,2.51,4049.0,,499,0,4029.0,4109.0,4027.0
2016-12-05,0.0,-1.5,3952.0,,902,0,4010.0,4010.0,3950.0
2016-12-04,0.0,-3.49,4010.0,,1120,0,4155.0,4160.0,4010.0
2016-12-01,0.0,-1.84,4155.0,,1834,0,4250.0,4260.0,4150.0
2016-11-30,0.0,4.31,4233.0,,3320,0,4100.0,4233.0,4000.0
2016-11-29,0.0,1.7,4058.0,,2706,0,3912.0,4140.0,3865.0
2016-11-28,0.0,3.64,3990.0,,989,0,3775.0,3990.0,3560.0
2016-11-27,0.0,-5.64,3850.0,,1277,0,4000.0,4000.0,3769.0
2016-11-24,0.0,2.0,4080.0,,1732,0,4080.0,4131.0,3900.0
2016-11-23,0.0,-2.2,4000.0,,1090,0,4015.0,4015.0,3929.0
2016-11-22,0.0,-3.76,4090.0,,843,0,4200.0,4200.0,4090.0
2016-11-21,0.0,3.66,4250.0,,1166,0,4150.0,4250.0,4030.0
2016-11-20,0.0,-7.55,4100.0,,1459,0,4430.0,4430.0,4100.0
2016-11-17,0.0,-1.99,4490.0,,110,0,4490.0,4490.0,4435.0
2016-11-16,0.0,0.31,4525.0,,236,0,4601.0,4601.0,4500.0
2016-11-15,0.0,-0.15,4511.0,,438,0,4595.0,4595.0,4500.0
2016-11-14,0.0,1.53,4518.0,,284,0,4450.0,4620.0,4450.0
2016-11-13,0.0,1.14,4450.0,,291,0,4400.0,4450.0,4400.0
2016-11-10,0.0,-1.46,4400.0,,601,0,4465.0,4465.0,4360.0
2016-11-09,0.0,-1.87,4465.0,,100,0,4480.0,4480.0,4465.0
2016-11-08,0.0,-0.44,4550.0,,62,0,4570.0,4570.0,4550.0
2016-11-07,0.0,0.37,4570.0,,303,0,4550.0,4570.0,4550.0
2016-11-03,0.0,-0.26,4553.0,,301,0,4645.0,4645.0,4553.0
2016-10-27,0.0,-0.76,4565.0,,217,0,4600.0,4600.0,4565.0
2016-10-26,0.0,0.0,4600.0,,528,0,4560.0,4600.0,4550.0
2016-10-25,0.0,-0.11,4600.0,,463,0,4550.0,4600.0,4550.0
2016-10-24,0.0,0.77,4605.0,,726,0,4515.0,4620.0,4500.0
2016-10-23,0.0,-0.67,4575.0,,542,0,4551.0,4610.0,4550.0
2016-10-20,0.0,-0.86,4601.0,,247,0,4600.0,4601.0,4600.0
2016-10-19,0.0,-0.41,4641.0,,239,0,4570.0,4641.0,4550.0
2016-10-18,0.0,0.0,4660.0,,48,0,4655.0,4660.0,4655.0
2016-10-17,0.0,-0.43,4660.0,,362,0,4650.0,4660.0,4601.0
2016-10-16,0.0,-1.47,4680.0,,383,0,4655.0,4680.0,4655.0
2016-10-06,0.0,0.15,4750.0,,460,0,4710.0,4800.0,4710.0
2016-10-05,0.0,0.91,4743.0,,206,0,4650.0,4743.0,4650.0
2016-10-04,0.0,-0.21,4705.0,,950,0,4750.0,4765.0,4700.0
2016-10-03,0.0,2.39,4710.0,,282,0,4692.0,4710.0,4670.0
2016-10-02,0.0,0.86,4600.0,,142,0,4550.0,4600.0,4550.0
2016-09-29,0.0,-0.61,4561.0,,192,0,4599.0,4599.0,4550.0
2016-09-28,0.0,0.2,4589.0,,465,0,4500.0,4589.0,4500.0
2016-09-27,0.0,-0.41,4580.0,,593,0,4690.0,4770.0,4580.0
2016-09-26,0.0,2.2,4599.0,,159,0,4580.0,4599.0,4580.0
2016-09-25,0.0,-1.5,4590.0,,643,0,4600.0,4615.0,4585.0
2016-09-22,0.0,-1.5,4590.0,,643,0,4600.0,4615.0,4585.0
2016-09-21,0.0,-0.32,4660.0,,1427,0,4650.0,4715.0,4631.0
2016-09-20,0.0,-1.68,4675.0,,320,0,4725.0,4725.0,4675.0
2016-09-18,0.0,-0.21,4755.0,,341113,0,4765.0,4765.0,4745.0
2016-09-14,0.0,0.0,4765.0,,747,0,4765.0,4798.0,4755.0
2016-09-12,0.0,-0.73,4765.0,,623,0,4800.0,4800.0,4765.0
2016-09-11,0.0,-0.1,4800.0,,542,0,4800.0,4800.0,4770.0
2016-09-08,0.0,-2.24,4806.0,,1579,0,4850.0,4855.0,4800.0
2016-09-07,0.0,-0.2,4915.0,,555,0,4900.0,4915.0,4900.0
2016-09-06,0.0,0.82,4925.0,,486,0,4970.0,4970.0,4850.0
2016-09-05,0.0,0.7,4885.0,,388,0,4875.0,4885.0,4850.0
2016-09-04,0.0,-0.98,4851.0,,548,0,4899.0,4899.0,4850.0
2016-09-01,0.0,0.08,4899.0,,208,0,4900.0,4990.0,4860.0
2016-08-31,0.0,0.72,4895.0,,270,0,4770.0,4895.0,4770.0
2016-08-30,0.0,-0.21,4860.0,,1154,0,4850.0,4869.0,4840.0
2016-08-29,0.0,1.46,4870.0,,638,0,4800.0,4870.0,4800.0
2016-08-28,0.0,3.9,4800.0,,657,0,4690.0,4800.0,4675.0
2016-08-24,0.0,2.67,4620.0,,2759,0,4500.0,4620.0,4482.0
2016-08-23,0.0,-1.75,4500.0,,2240,0,4550.0,4600.0,4430.0
2016-08-22,0.0,-3.17,4580.0,,1899,0,4750.0,4750.0,4500.0
2016-08-21,0.0,-2.47,4730.0,,869,0,4877.0,4877.0,4710.0
2016-08-17,0.0,-1.02,4870.0,,1771,0,4900.0,4905.0,4850.0
2016-08-16,0.0,-0.02,4900.0,,652,0,4850.0,4900.0,4803.0
2016-08-15,0.0,0.84,4901.0,,521,0,4800.0,4901.0,4706.0
2016-08-14,0.0,-1.32,4860.0,,577,0,4850.0,4876.0,4850.0
2016-08-11,0.0,-0.51,4925.0,,300,0,5020.0,5020.0,4925.0
2016-08-10,0.0,-0.57,4900.0,,994,0,5026.0,5026.0,4900.0
2016-08-09,0.0,1.99,4928.0,,50,0,4928.0,4928.0,4928.0
2016-08-08,0.0,-3.94,4832.0,,712,0,5030.0,4930.0,4832.0
2016-08-07,0.0,0.6,5030.0,,1855,0,5000.0,5100.0,4991.0
2016-08-04,0.0,-2.44,5000.0,,938,0,5125.0,5095.0,4950.0
2016-08-03,0.0,-2.38,5125.0,,636,0,5250.0,5215.0,5125.0
2016-08-02,0.0,0.57,5250.0,,1129,0,5220.0,5250.0,5150.0
2016-08-01,0.0,0.38,5220.0,,867,0,5200.0,5220.0,5175.0
2016-07-31,0.0,-1.91,5200.0,,730,0,5301.0,5301.0,5200.0
2016-07-28,0.0,1.55,5301.0,,2923,0,5220.0,5360.0,5200.0
2016-07-27,0.0,-1.14,5220.0,,682,0,5280.0,5289.0,5201.0
2016-07-26,0.0,0.0,5280.0,,1041,0,5280.0,5375.0,5210.0
2016-07-25,0.0,0.57,5280.0,,1049,0,5250.0,5280.0,5200.0
2016-07-21,0.0,0.0,5250.0,,130,0,5250.0,5250.0,5250.0
2016-07-20,0.0,-0.38,5240.0,,1195,0,5250.0,5250.0,5200.0
2016-07-19,0.0,0.92,5270.0,,1253,0,5250.0,5300.0,5201.0
2016-07-18,0.0,0.23,5222.0,,350,0,5210.0,5222.0,5120.0
2016-07-17,0.0,1.26,5210.0,,1035,0,5145.0,5230.0,5140.0
2016-07-14,0.0,0.59,5245.0,,850,0,5217.0,5250.0,5145.0
2016-07-13,0.0,-1.63,5115.0,,722,0,5200.0,5290.0,5050.0
2016-07-12,0.0,-2.8,5200.0,,2480,0,5350.0,5315.0,5050.0
2016-07-11,0.0,-0.74,5350.0,,2696,0,5390.0,5385.0,5350.0
2016-07-10,0.0,1.32,5390.0,,170,0,5320.0,5390.0,5300.0
2016-07-06,0.0,0.38,5320.0,,1036,0,5250.0,5400.0,5146.0
2016-07-05,0.0,-2.57,5300.0,,1559,0,5500.0,5610.0,5250.0
2016-07-04,0.0,9.68,5440.0,,11207,0,4960.0,5456.0,5000.0
2016-07-03,0.0,7.83,4960.0,,2029,0,4600.0,5060.0,4600.0
2016-06-30,0.0,2.0,4600.0,,2971,0,4510.0,4600.0,4500.0
2016-06-29,0.0,0.2,4510.0,,698,0,4501.0,4510.0,4425.0
2016-06-28,0.0,0.02,4501.0,,2628,0,4500.0,4520.0,4425.0
2016-06-27,0.0,2.27,4500.0,,2507,0,4400.0,4520.0,4450.0
2016-06-26,0.0,1.15,4400.0,,2516,0,4350.0,4437.0,4400.0
2016-06-23,0.0,-1.92,4350.0,,1169,0,4435.0,4400.0,4350.0
2016-06-22,0.0,1.95,4435.0,,4023,0,4400.0,4450.0,4390.0
2016-06-21,0.0,-1.11,4350.0,,1750,0,4399.0,4410.0,4350.0
2016-06-20,0.0,-0.02,4399.0,,567,0,4400.0,4399.0,4350.0
2016-06-19,0.0,-0.68,4400.0,,50,0,4430.0,4420.0,4400.0
2016-06-16,0.0,0.45,4430.0,,1150,0,4410.0,4450.0,4390.0
2016-06-15,0.0,0.23,4410.0,,1188,0,4405.0,4450.0,4405.0
2016-06-14,0.0,0.0,4400.0,,812,0,4473.0,4473.0,4400.0
2016-06-13,0.0,0.0,4400.0,,1093,0,4400.0,4400.0,4350.0
2016-06-12,0.0,0.0,4400.0,,598,0,4400.0,4450.0,4350.0
2016-06-09,0.0,0.0,4400.0,,1760,0,4400.0,4400.0,4350.0
2016-06-08,0.0,0.92,4400.0,,20,0,4360.0,4400.0,4400.0
2016-06-07,0.0,1.4,4360.0,,59,0,4386.0,4386.0,4360.0
2016-06-06,0.0,0.58,4300.0,,100,0,4275.0,4300.0,4300.0
2016-06-05,0.0,-1.72,4275.0,,399,0,4350.0,4300.0,4264.0
2016-06-02,0.0,-1.36,4350.0,,260,0,4410.0,4400.0,4350.0
2016-06-01,0.0,0.23,4410.0,,383,0,4400.0,4410.0,4350.0
2016-05-31,0.0,-1.96,4400.0,,1167,0,4488.0,4420.0,4350.0
2016-05-30,0.0,3.15,4488.0,,3428,0,4351.0,4488.0,4350.0
2016-05-29,0.0,-0.8,4351.0,,1417,0,4386.0,4415.0,4330.0
2016-05-26,0.0,2.0,4386.0,,1051,0,4300.0,4386.0,4230.0
2016-05-25,0.0,-2.27,4300.0,,675,0,4400.0,4400.0,4290.0
2016-05-24,0.0,2.33,4400.0,,1012,0,4300.0,4400.0,4300.0
2016-05-23,0.0,-0.92,4300.0,,250,0,4340.0,4350.0,4300.0
2016-05-22,0.0,0.37,4340.0,,192,0,4324.0,4390.0,4340.0
2016-05-19,0.0,1.86,4324.0,,629,0,4245.0,4324.0,4250.0
2016-05-18,0.0,1.8,4245.0,,430,0,4170.0,4245.0,4200.0
2016-05-17,0.0,0.24,4196.0,,1125,0,4160.0,4200.0,4160.0
2016-05-16,0.0,-1.19,4160.0,,967,0,4210.0,4200.0,4160.0
2016-05-15,0.0,-0.94,4220.0,,1765,0,4230.0,4240.0,4200.0
2016-05-12,0.0,-0.12,4240.0,,1320,0,4220.0,4240.0,4220.0
2016-05-11,0.0,1.07,4245.0,,670,0,4200.0,4245.0,4205.0
2016-05-10,0.0,-1.64,4200.0,,592,0,4220.0,4265.0,4200.0
2016-05-09,0.0,0.0,4270.0,,200,0,4270.0,4270.0,4270.0
2016-05-08,0.0,1.18,4270.0,,1208,0,4220.0,4270.0,4230.0
2016-05-05,0.0,-1.06,4220.0,,1377,0,4265.0,4240.0,4220.0
2016-05-04,0.0,-0.81,4265.0,,330,0,4300.0,4265.0,4260.0
2016-05-03,0.0,1.42,4300.0,,655,0,4240.0,4310.0,4226.0
2016-05-02,0.0,-1.42,4240.0,,585,0,4301.0,4310.0,4240.0
2016-04-28,0.0,1.06,4301.0,,1157,0,4256.0,4301.0,4245.0
2016-04-27,0.0,-1.14,4256.0,,1610,0,4305.0,4305.0,4250.0
2016-04-26,0.0,-0.46,4305.0,,527,0,4325.0,4315.0,4300.0
2016-04-25,0.0,0.56,4325.0,,1307,0,4301.0,4350.0,4300.0
2016-04-24,0.0,-2.69,4301.0,,1203,0,4420.0,4360.0,4300.0
2016-04-21,0.0,0.45,4420.0,,1855,0,4400.0,4420.0,4330.0
2016-04-20,0.0,-0.45,4400.0,,8083,0,4420.0,4450.0,4350.0
2016-04-19,0.0,-1.78,4420.0,,5320,0,4500.0,4510.0,4400.0
2016-04-18,0.0,3.45,4500.0,,1064,0,4350.0,4500.0,4400.0
2016-04-17,0.0,-2.51,4350.0,,401,0,4462.0,4462.0,4350.0
2016-04-14,0.0,3.77,4462.0,,330,0,4300.0,4462.0,4300.0
2016-04-12,0.0,0.0,4300.0,,1319,0,4300.0,4300.0,4299.0
2016-04-11,0.0,-0.46,4300.0,,916,0,4320.0,4340.0,4300.0
2016-04-10,0.0,0.47,4320.0,,2586,0,4300.0,4320.0,4295.0
2016-04-06,0.0,4.5,4300.0,,1860,0,4115.0,4365.0,4197.0
2016-04-05,0.0,3.26,4115.0,,3950,0,3999.0,4150.0,3999.0
2016-04-04,0.0,2.18,3985.0,,1118,0,3900.0,3999.0,3850.0
2016-04-03,0.0,0.52,3900.0,,9832,0,3880.0,3910.0,3880.0
2016-03-31,0.0,-0.77,3880.0,,1128,0,3910.0,3900.0,3880.0
2016-03-30,0.0,2.22,3910.0,,10459,0,3825.0,3910.0,3800.0
2016-03-29,0.0,2.41,3825.0,,1393,0,3809.0,3825.0,3750.0
2016-03-28,0.0,0.08,3735.0,,694,0,3732.0,3800.0,3725.0
2016-03-27,0.0,-0.48,3732.0,,1861,0,3750.0,3750.0,3700.0
2016-03-24,0.0,0.03,3750.0,,305,0,3749.0,3760.0,3720.0
2016-03-23,0.0,-0.08,3749.0,,609,0,3750.0,3750.0,3725.0
2016-03-21,0.0,-0.08,3755.0,,2072,0,3750.0,3820.0,3750.0
2016-03-20,0.0,1.49,3755.0,,1898,0,3774.0,3900.0,3755.0
2016-03-17,0.0,1.79,3700.0,,321,0,3700.0,3750.0,3680.0
2016-03-16,0.0,0.69,3635.0,,4159,0,3640.0,3650.0,3601.0
2016-03-15,0.0,-1.63,3610.0,,751,0,3670.0,3670.0,3610.0
2016-03-14,0.0,-0.81,3670.0,,212,0,3665.0,3670.0,3640.0
2016-03-10,0.0,-0.54,3700.0,,2306,0,3705.0,3710.0,3700.0
2016-03-06,0.0,-0.03,3720.0,,290,0,3725.0,3725.0,3720.0
2016-03-03,0.0,-0.11,3721.0,,140,0,3700.0,3721.0,3700.0
2016-03-02,0.0,0.68,3725.0,,5361,0,3700.0,3725.0,3700.0
2016-03-01,0.0,-0.8,3705.0,,3688,0,3750.0,3750.0,3700.0
2016-02-29,0.0,-0.64,3730.0,,1674,0,3754.0,3754.0,3720.0
2016-02-28,0.0,5.93,3754.0,,8448,0,3544.0,3835.0,3544.0
2016-02-25,0.0,4.16,4785.0,,9373,0,4600.0,4785.0,4581.0
2016-02-24,0.0,6.71,4590.0,,13591,0,4280.0,4640.0,4280.0
2016-02-23,0.0,0.12,4305.0,,4000,0,4300.0,4305.0,4301.0
2016-02-22,0.0,-2.27,4300.0,,24099,0,4488.0,4700.0,4300.0
2016-02-21,0.0,0.0,4400.0,,830,0,4400.0,4400.0,4370.0
2016-02-17,0.0,1.38,4400.0,,127,0,4340.0,4400.0,4345.0
2016-02-16,0.0,-0.07,4340.0,,914,0,4343.0,4349.0,4300.0
2016-02-15,0.0,0.53,4343.0,,363,0,4300.0,4360.0,4300.0
2016-02-14,0.0,0.47,4320.0,,602,0,4300.0,4325.0,4300.0
2016-02-11,0.0,-1.38,4300.0,,50,0,4360.0,4300.0,4300.0
2016-02-08,0.0,0.16,4360.0,,305,0,4353.0,4360.0,4300.0
2016-02-07,0.0,-0.05,4353.0,,254,0,4355.0,4400.0,4353.0
2016-02-04,0.0,-1.6,4355.0,,5056,0,4340.0,4355.0,4300.0
2016-02-03,0.0,1.75,4426.0,,7399,0,4350.0,4426.0,4295.0
2016-02-02,0.0,-0.11,4350.0,,224,0,4360.0,4360.0,4350.0
2016-02-01,0.0,-0.34,4355.0,,213,0,4370.0,4380.0,4355.0
2016-01-31,0.0,1.39,4370.0,,1800,0,4300.0,4370.0,4300.0
2016-01-28,0.0,-0.92,4310.0,,516,0,4300.0,4325.0,4300.0
2016-01-27,0.0,-0.5,4350.0,,60,0,4372.0,4350.0,4350.0
2016-01-26,0.0,-0.64,4372.0,,982,0,4400.0,4405.0,4372.0
2016-01-25,0.0,0.23,4400.0,,726,0,4470.0,4500.0,4400.0
2016-01-24,0.0,0.11,4390.0,,6038,0,4385.0,4405.0,4350.0
2016-01-21,0.0,-0.45,4385.0,,1054,0,4405.0,4400.0,4382.0
2016-01-20,0.0,-0.25,4405.0,,1687,0,4435.0,4435.0,4405.0
2016-01-19,0.0,0.14,4416.0,,970,0,4420.0,4440.0,4400.0
2016-01-18,0.0,-1.23,4410.0,,1626,0,4401.0,4465.0,4401.0
2016-01-17,0.0,-1.79,4400.0,,2116,0,4450.0,4450.0,4400.0
2016-01-14,0.0,0.65,4480.0,,939,0,4496.0,4495.0,4455.0
2016-01-13,0.0,1.16,4451.0,,1692,0,4400.0,4486.0,4450.0
2016-01-12,0.0,2.44,4400.0,,3096,0,4300.0,4400.0,4300.0
2016-01-11,0.0,1.66,4295.0,,1453,0,4309.0,4325.0,4255.0
2016-01-10,0.0,1.22,4225.0,,3121,0,4174.0,4230.0,4200.0
2016-01-07,0.0,0.58,4174.0,,830,0,4150.0,4174.0,4150.0
2016-01-06,0.0,0.24,4160.0,,1550,0,4145.0,4200.0,4145.0
2016-01-05,0.0,0.12,4140.0,,1301,0,4135.0,4140.0,4110.0
2016-01-04,0.0,0.73,4135.0,,1517,0,4105.0,4150.0,4100.0
2016-01-03,0.0,-0.24,4105.0,,2017,0,4110.0,4125.0,4100.0
2015-12-31,0.0,-0.24,4115.0,,1772,0,4100.0,4130.0,4091.0
2015-12-29,0.0,-0.17,4125.0,,924,0,4132.0,4150.0,4125.0
2015-12-28,0.0,-0.19,4132.0,,1805,0,4140.0,4175.0,4130.0
2015-12-25,0.0,-0.29,4140.0,,709,0,4150.0,4165.0,4140.0
2015-12-24,0.0,-1.14,4152.0,,1092,0,4150.0,4200.0,4150.0
2015-12-23,0.0,0.84,4200.0,,1007,0,4165.0,4200.0,4150.0
2015-12-22,0.0,-0.81,4165.0,,1923,0,4282.0,4315.0,4120.0
2015-12-21,0.0,-0.02,4199.0,,402,0,4200.0,4200.0,4151.0
2015-12-20,0.0,-1.15,4200.0,,1167,0,4249.0,4250.0,4150.0
2015-12-17,0.0,-2.66,4249.0,,1055,0,4299.0,4300.0,4240.0
2015-12-16,0.0,-0.79,4365.0,,1199,0,4399.0,4400.0,4365.0
2015-12-15,0.0,0.0,4400.0,,572,0,4400.0,4400.0,4371.0
2015-12-14,0.0,-1.12,4400.0,,468,0,4490.0,4490.0,4390.0
2015-12-13,0.0,-1.11,4450.0,,1424,0,4550.0,4555.0,4450.0
2015-12-10,0.0,5.14,4500.0,,1265,0,4280.0,4510.0,4280.0
2015-12-09,0.0,5.68,4280.0,,1207,0,4050.0,4300.0,4050.0
2015-12-08,0.0,1.25,4050.0,,364,0,4000.0,4050.0,4000.0
2015-12-07,0.0,1.27,4000.0,,1708,0,4000.0,4010.0,3950.0
2015-12-04,0.0,2.33,3950.0,,1233,0,3935.0,4000.0,3885.0
2015-12-03,0.0,0.23,3860.0,,1162,0,3790.0,3860.0,3774.0
2015-12-02,0.0,3.47,3851.0,,1943,0,3796.0,4094.0,3540.0
2015-03-10,0.0,-0.75,3722.0,,1515,0,3750.0,3750.0,3700.0
2015-03-09,0.0,1.38,3750.0,,981,0,3699.0,3750.0,3665.0
2015-03-04,0.0,1.62,3699.0,,1851,0,3640.0,3699.0,3650.0
2015-03-03,0.0,-0.27,3640.0,,1601,0,3650.0,3650.0,3600.0
2015-03-02,0.0,0.0,3650.0,,147,0,3650.0,3660.0,3650.0
2015-03-01,0.0,-0.22,3650.0,,109,0,3658.0,3650.0,3649.0
2015-02-25,0.0,0.83,3638.0,,363,0,3610.0,3640.0,3610.0
2015-02-24,0.0,-0.77,3610.0,,164,0,3638.0,3610.0,3610.0
2015-02-23,0.0,-1.14,3638.0,,747,0,3680.0,3712.0,3638.0
2015-02-22,0.0,-1.87,3680.0,,235,0,3750.0,3700.0,3680.0
2015-02-19,0.0,-0.92,3750.0,,453,0,3785.0,3790.0,3740.0
2015-02-16,0.0,3.84,3785.0,,1030,0,3645.0,3785.0,3690.0
2015-02-15,0.0,1.82,3645.0,,1616,0,3580.0,3645.0,3585.0
2015-02-12,0.0,0.99,3580.0,,975,0,3545.0,3580.0,3535.0
2015-02-11,0.0,-0.14,3545.0,,213,0,3550.0,3560.0,3540.0
2015-02-10,0.0,-0.73,3550.0,,557,0,3576.0,3576.0,3540.0
2015-02-09,0.0,-0.11,3576.0,,1818,0,3580.0,3610.0,3505.0
2015-02-08,0.0,0.56,3580.0,,674,0,3560.0,3599.0,3530.0
2015-02-05,0.0,-1.19,3560.0,,435,0,3603.0,3580.0,3550.0
2015-02-04,0.0,-0.41,3603.0,,347,0,3618.0,3603.0,3571.0
2015-02-03,0.0,0.22,3618.0,,1036,0,3610.0,3620.0,3592.0
2015-02-02,0.0,0.0,3610.0,,275,0,3610.0,3620.0,3600.0
2015-02-01,0.0,0.0,3610.0,,310,0,3610.0,3650.0,3610.0
2015-01-29,0.0,-0.33,3610.0,,650,0,3622.0,3694.0,3599.0
2015-01-28,0.0,3.19,3622.0,,752,0,3510.0,3622.0,3501.0
2015-01-27,0.0,0.57,3510.0,,1195,0,3490.0,3537.0,3500.0
2015-01-26,0.0,-0.14,3490.0,,196,0,3495.0,3501.0,3466.0
2015-01-25,0.0,0.14,3495.0,,331,0,3490.0,3551.0,3495.0
2015-01-22,0.0,-0.77,3490.0,,787,0,3517.0,3520.0,3462.0
2015-01-20,0.0,-2.03,3517.0,,780,0,3590.0,3588.0,3449.0
2015-01-19,0.0,2.72,3590.0,,1653,0,3495.0,3707.0,3500.0
2015-01-18,0.0,-0.14,3495.0,,3391,0,3500.0,3640.0,3492.0
2015-01-14,0.0,4.48,3500.0,,2981,0,3350.0,3625.0,3343.0
2015-01-13,0.0,8.03,3350.0,,3008,0,3101.0,3350.0,3090.0
2015-01-12,0.0,2.68,3101.0,,3900,0,3020.0,3173.0,3001.0
2015-01-11,0.0,-1.18,3020.0,,800,0,3056.0,3045.0,3015.0
2015-01-08,0.0,1.87,3056.0,,741,0,3000.0,3060.0,3005.0
2015-01-07,0.0,0.0,3000.0,,786,0,3000.0,3015.0,3000.0
2015-01-06,0.0,-0.66,3000.0,,180,0,3020.0,3045.0,3000.0
2015-01-05,0.0,-0.49,3020.0,,998,0,3035.0,3056.0,2997.0
2015-01-04,0.0,1.85,3035.0,,647,0,2980.0,3035.0,2990.0
2015-01-01,0.0,0.68,2980.0,,585,0,2960.0,3019.0,2980.0
2014-12-31,0.0,-1.33,2960.0,,253,0,3000.0,2960.0,2940.0
2014-12-29,0.0,-1.45,3000.0,,788,0,3044.0,3020.0,2980.0
2014-12-28,0.0,7.56,3044.0,,6467,0,2830.0,3059.0,2886.0
2014-12-24,0.0,-1.63,2830.0,,110,0,2877.0,2830.0,2830.0
2014-12-23,0.0,-1.98,2877.0,,385,0,2935.0,2935.0,2877.0
2014-12-22,0.0,-1.84,2935.0,,243,0,2990.0,2950.0,2925.0
2014-12-21,0.0,1.08,2990.0,,125,0,2958.0,2990.0,2940.0
2014-12-18,0.0,1.82,2958.0,,115,0,2905.0,2958.0,2900.0
2014-12-17,0.0,-1.69,2905.0,,67,0,2955.0,2905.0,2905.0
2014-12-16,0.0,-0.17,2955.0,,447,0,2960.0,2955.0,2950.0
2014-12-15,0.0,2.07,2960.0,,1860,0,2900.0,3034.0,2900.0
2014-12-14,0.0,3.24,2900.0,,1435,0,2809.0,3017.0,2822.0
2014-12-11,0.0,0.14,2809.0,,634,0,2805.0,2814.0,2800.0
2014-12-10,0.0,1.52,2805.0,,436,0,2763.0,2811.0,2800.0
2014-12-09,0.0,-1.5,2763.0,,2011,0,2805.0,2810.0,2763.0
2014-12-08,0.0,0.0,2805.0,,667,0,2805.0,2805.0,2763.0
2014-12-07,0.0,0.18,2805.0,,628,0,2800.0,2830.0,2770.0
2014-12-04,0.0,0.0,2800.0,,561,0,2800.0,2855.0,2800.0
2014-12-03,0.0,0.36,2800.0,,975,0,2790.0,2855.0,2795.0
2014-12-02,0.0,-0.36,2790.0,,967,0,2800.0,2820.0,2745.0
2014-12-01,0.0,-3.78,2800.0,,1153,0,2910.0,2852.0,2795.0
2014-11-30,0.0,-1.36,2910.0,,710,0,2950.0,2915.0,2905.0
2014-11-25,0.0,-0.34,2950.0,,146,0,2960.0,3009.0,2950.0
2014-11-24,0.0,-1.99,2960.0,,151,0,3020.0,2961.0,2902.0
2014-11-23,0.0,1.0,3020.0,,473,0,2990.0,3050.0,3000.0
2014-11-20,0.0,2.86,2990.0,,543,0,2907.0,3020.0,2965.0
2014-11-19,0.0,5.75,2907.0,,239,0,2749.0,2907.0,2750.0
2014-11-18,0.0,-5.21,2749.0,,376,0,2900.0,2850.0,2696.0
2014-11-17,0.0,-1.69,2900.0,,557,0,2950.0,3000.0,2895.0
2014-11-16,0.0,-1.01,2950.0,,5113,0,2980.0,2980.0,2925.0
2014-11-13,0.0,0.64,2980.0,,178,0,2961.0,2980.0,2980.0
2014-11-12,0.0,-1.3,2961.0,,555,0,3000.0,3025.0,2961.0
2014-11-11,0.0,1.8,3000.0,,194,0,2947.0,3000.0,2990.0
2014-11-10,0.0,-1.77,2947.0,,1167,0,3000.0,2970.0,2940.0
2014-11-09,0.0,1.69,3000.0,,1025,0,2950.0,3005.0,2970.0
2014-11-06,0.0,-1.63,2950.0,,465,0,2999.0,3000.0,2950.0
2014-11-05,0.0,1.66,2999.0,,622,0,2950.0,3010.0,2999.0
2014-11-04,0.0,-2.64,2950.0,,1043,0,3030.0,3001.0,2930.0
2014-11-03,0.0,-2.26,3030.0,,219,0,3100.0,3060.0,3030.0
2014-11-02,0.0,-1.9,3100.0,,808,0,3160.0,3162.0,3100.0
2014-10-30,0.0,1.9,3160.0,,280,0,3101.0,3160.0,3076.0
2014-10-28,0.0,-1.56,3101.0,,180,0,3150.0,3120.0,3100.0
2014-10-27,0.0,1.29,3150.0,,457,0,3110.0,3150.0,3090.0
2014-10-26,0.0,1.63,3110.0,,555,0,3060.0,3110.0,3092.0
2014-10-22,0.0,0.33,3060.0,,378,0,3050.0,3070.0,3040.0
2014-10-21,0.0,0.59,3050.0,,403,0,3032.0,3050.0,3020.0
2014-10-20,0.0,-3.13,3032.0,,384,0,3130.0,3070.0,3031.0
2014-10-19,0.0,0.97,3130.0,,532,0,3100.0,3130.0,3075.0
2014-10-16,0.0,-1.59,3100.0,,833,0,3150.0,3150.0,3100.0
2014-10-15,0.0,5.0,3150.0,,929,0,3000.0,3150.0,2995.0
2014-10-14,0.0,1.69,3000.0,,132,0,2950.0,3000.0,2950.0
2014-10-13,0.0,-1.67,2950.0,,281,0,3000.0,3000.0,2950.0
2014-10-12,0.0,-0.5,3000.0,,58,0,3015.0,3000.0,3000.0
2014-10-09,0.0,1.17,3015.0,,134,0,2980.0,3030.0,2985.0
2014-10-08,0.0,0.34,2980.0,,163,0,2970.0,2980.0,2970.0
2014-09-30,0.0,-1.16,2970.0,,1306,0,3005.0,3126.0,2960.0
2014-09-29,0.0,2.56,3005.0,,70,0,2930.0,3005.0,2950.0
2014-09-28,0.0,1.74,2930.0,,169,0,2880.0,2935.0,2900.0
2014-09-24,0.0,-1.61,2880.0,,48,0,2927.0,2880.0,2880.0
2014-09-23,0.0,6.05,2927.0,,235,0,2760.0,2927.0,2815.0
2014-09-22,0.0,-1.92,2760.0,,59,0,2814.0,2760.0,2760.0
2014-09-21,0.0,-1.99,2814.0,,13,0,2871.0,2814.0,2814.0
2014-09-17,0.0,-2.94,2910.0,,664,0,2998.0,2999.0,2910.0
2014-09-16,0.0,1.73,2998.0,,257,0,2947.0,3000.0,2905.0
2014-09-15,0.0,1.97,2947.0,,325,0,2890.0,2947.0,2890.0
2014-09-14,0.0,-2.03,2890.0,,148,0,2950.0,2892.0,2890.0
2014-09-11,0.0,0.2,2950.0,,810,0,2944.0,2950.0,2895.0
2014-09-10,0.0,2.36,2944.0,,615,0,2876.0,2944.0,2890.0
2014-09-09,0.0,2.71,2876.0,,780,0,2800.0,2910.0,2820.0
2014-09-07,0.0,-6.51,2800.0,,859,0,2995.0,2936.0,2800.0
2014-09-04,0.0,-2.6,2995.0,,381,0,3075.0,3075.0,2995.0
2014-09-03,0.0,0.2,3075.0,,151,0,3069.0,3089.0,3075.0
2014-09-01,0.0,1.45,3069.0,,1008,0,3025.0,3069.0,2907.0
2014-08-31,0.0,-5.47,3025.0,,2101,0,3200.0,3264.0,3019.0
2014-08-28,0.0,1.91,3200.0,,1610,0,3140.0,3320.0,3200.0
2014-08-27,0.0,6.44,3140.0,,1006,0,2950.0,3140.0,3009.0
2014-08-26,0.0,-2.22,2950.0,,502,0,3017.0,3017.0,2950.0
2014-08-25,0.0,-3.92,3017.0,,119,0,3140.0,3078.0,3017.0
2014-08-24,0.0,-0.63,3140.0,,530,0,3160.0,3200.0,3140.0
2014-08-21,0.0,1.94,3160.0,,1998,0,3100.0,3160.0,2940.0
2014-08-20,0.0,-2.67,3100.0,,818,0,3185.0,3185.0,3070.0
2014-08-19,0.0,1.43,3185.0,,542,0,3140.0,3185.0,3080.0
2014-08-18,0.0,-4.12,3140.0,,1513,0,3275.0,3270.0,3100.0
2014-08-14,0.0,1.24,3275.0,,211,0,3235.0,3275.0,3251.0
2014-08-13,0.0,-3.43,3235.0,,438,0,3350.0,3300.0,3235.0
2014-08-12,0.0,0.0,3350.0,,75,0,3350.0,3350.0,3350.0
2014-08-07,0.0,-0.3,3350.0,,1548,0,3360.0,3350.0,3309.0
2014-08-06,0.0,-0.88,3360.0,,721,0,3390.0,3405.0,3360.0
2014-08-05,0.0,0.3,3390.0,,375,0,3380.0,3390.0,3380.0
2014-08-04,0.0,-4.22,3380.0,,1355,0,3529.0,3529.0,3380.0
2014-08-03,0.0,0.77,3529.0,,155,0,3502.0,3530.0,3475.0
2014-07-31,0.0,-2.45,3502.0,,795,0,3590.0,3522.0,3500.0
2014-07-30,0.0,1.13,3590.0,,198,0,3550.0,3590.0,3550.0
2014-07-27,0.0,-1.39,3550.0,,170,0,3600.0,3600.0,3550.0
2014-07-24,0.0,-1.96,3600.0,,236,0,3672.0,3650.0,3600.0
2014-07-23,0.0,2.0,3672.0,,171,0,3600.0,3672.0,3600.0
2014-07-22,0.0,-3.33,3600.0,,208,0,3724.0,3724.0,3600.0
2014-07-21,0.0,4.11,3724.0,,1227,0,3577.0,3850.0,3648.0
2014-07-20,0.0,1.65,3577.0,,414,0,3519.0,3650.0,3500.0
2014-07-17,0.0,3.81,3519.0,,117,0,3390.0,3519.0,3450.0
2014-07-16,0.0,-5.83,3390.0,,573,0,3600.0,3600.0,3390.0
2014-07-15,0.0,-1.4,3600.0,,100,0,3651.0,3601.0,3600.0
2014-07-14,0.0,-1.56,3651.0,,89,0,3709.0,3690.0,3651.0
2014-07-13,0.0,-0.03,3709.0,,165,0,3710.0,3784.0,3709.0
2014-07-10,0.0,0.27,3710.0,,371,0,3700.0,3710.0,3695.0
2014-07-09,0.0,0.0,3700.0,,100,0,3700.0,3700.0,3700.0
2014-07-08,0.0,3.41,3700.0,,662,0,3578.0,3712.0,3600.0
2014-07-07,0.0,-5.84,3578.0,,233,0,3800.0,3724.0,3578.0
2014-07-06,0.0,0.8,3800.0,,378,0,3770.0,3845.0,3800.0
2014-07-03,0.0,9.85,3770.0,,661,0,3432.0,3770.0,3500.0
2014-07-02,0.0,-26.67,3432.0,,279,0,4680.0,3432.0,3182.0
2014-07-01,0.0,0.54,4680.0,,7084,0,4655.0,4777.0,4630.0
2014-06-30,0.0,3.91,4655.0,,4700,0,4480.0,4655.0,4490.0
2014-06-29,0.0,-2.61,4480.0,,8215,0,4600.0,4625.0,4410.0
2014-06-26,0.0,-5.93,4600.0,,4776,0,4890.0,4800.0,4575.0
2014-06-25,0.0,-2.2,4890.0,,1864,0,5000.0,4950.0,4850.0
2014-06-24,0.0,3.07,5000.0,,4817,0,4851.0,5000.0,4810.0
2014-06-23,0.0,6.62,4851.0,,2810,0,4550.0,5005.0,4640.0
2014-06-19,0.0,3.64,4550.0,,1096,0,4390.0,4550.0,4401.0
2014-06-18,0.0,-2.62,4390.0,,1568,0,4508.0,4500.0,4360.0
2014-06-17,0.0,2.45,4508.0,,1049,0,4400.0,4508.0,4399.0
2014-06-16,0.0,-3.3,4400.0,,176,0,4550.0,4500.0,4400.0
2014-06-15,0.0,-0.2,4550.0,,202,0,4559.0,4550.0,4500.0
2014-06-12,0.0,1.88,4559.0,,1393,0,4475.0,4559.0,4475.0
2014-06-11,0.0,1.02,4475.0,,862,0,4430.0,4535.0,4445.0
2014-06-10,0.0,-1.56,4430.0,,2259,0,4500.0,4580.0,4400.0
2014-06-09,0.0,7.14,4500.0,,927,0,4200.0,4620.0,4226.0
2014-06-08,0.0,2.71,4200.0,,430,0,4089.0,4200.0,4100.0
2014-06-05,0.0,3.26,4089.0,,714,0,3960.0,4089.0,3950.0
2014-06-04,0.0,-0.25,3960.0,,598,0,3970.0,3998.0,3920.0
2014-06-03,0.0,0.51,3970.0,,1832,0,3950.0,3970.0,3920.0
2014-06-02,0.0,1.28,3950.0,,3525,0,3900.0,3950.0,3890.0
2014-06-01,0.0,0.0,3900.0,,451,0,3900.0,3930.0,3900.0
2014-05-28,0.0,0.26,3900.0,,649,0,3890.0,3940.0,3890.0
2014-05-27,0.0,0.91,3890.0,,548,0,3855.0,3890.0,3826.0
2014-05-26,0.0,-1.03,3855.0,,263,0,3895.0,3896.0,3840.0
2014-05-25,0.0,1.2,3895.0,,534,0,3849.0,3993.0,3895.0
2014-05-22,0.0,5.42,3849.0,,377,0,3651.0,3873.0,3710.0
2014-05-21,0.0,0.58,3651.0,,722,0,3630.0,3723.0,3605.0
2014-05-20,0.0,0.55,3630.0,,434,0,3610.0,3630.0,3601.0
2014-05-19,0.0,-1.1,3610.0,,25,0,3650.0,3610.0,3610.0
2014-05-18,0.0,0.0,3650.0,,401,0,3650.0,3650.0,3610.0
2014-05-15,0.0,-1.35,3650.0,,663,0,3700.0,3650.0,3605.0
2014-05-13,0.0,-3.87,3700.0,,371,0,3849.0,3773.0,3698.0
2014-05-12,0.0,-1.18,3849.0,,54,0,3895.0,3849.0,3849.0
2014-05-08,0.0,-0.13,3895.0,,150,0,3900.0,3900.0,3840.0
2014-05-07,0.0,0.0,3900.0,,30,0,3900.0,3900.0,3900.0
2014-05-06,0.0,-1.52,3900.0,,105,0,3960.0,3900.0,3900.0
2014-05-04,0.0,2.86,3960.0,,469,0,3850.0,3960.0,3900.0
2014-04-30,0.0,0.79,3850.0,,359,0,3820.0,3850.0,3785.0
2014-04-29,0.0,2.14,3820.0,,622,0,3740.0,3820.0,3770.0
2014-04-28,0.0,0.4,3740.0,,422,0,3725.0,3775.0,3725.0
2014-04-27,0.0,4.93,3725.0,,460,0,3550.0,3725.0,3600.0
2014-04-23,0.0,2.1,3550.0,,1728,0,3477.0,3610.0,3500.0
2014-04-22,0.0,1.37,3477.0,,709,0,3430.0,3477.0,3440.0
2014-04-21,0.0,1.48,3430.0,,1107,0,3380.0,3450.0,3379.0
2014-04-20,0.0,-0.59,3380.0,,160,0,3400.0,3380.0,3360.0
2014-04-17,0.0,1.01,3400.0,,193,0,3366.0,3468.0,3400.0
2014-04-16,0.0,0.0,3366.0,,96,0,3366.0,3366.0,3365.0
2014-04-15,0.0,0.48,3366.0,,1276,0,3350.0,3366.0,3280.0
2014-04-13,0.0,-1.62,3350.0,,176,0,3405.0,3390.0,3350.0
2014-04-10,0.0,1.7,3405.0,,399,0,3348.0,3410.0,3360.0
2014-04-09,0.0,0.75,3348.0,,782,0,3323.0,3348.0,3200.0
2014-04-07,0.0,-4.79,3323.0,,393,0,3490.0,3450.0,3323.0
2014-04-06,0.0,0.17,3490.0,,21,0,3484.0,3490.0,3490.0
2014-04-03,0.0,0.11,3484.0,,152,0,3480.0,3560.0,3484.0
2014-04-02,0.0,1.61,3480.0,,390,0,3425.0,3490.0,3400.0
2014-04-01,0.0,2.88,3425.0,,662,0,3329.0,3531.0,3300.0
2014-03-31,0.0,6.02,3329.0,,699,0,3140.0,3329.0,3060.0
2014-03-27,0.0,-1.81,3140.0,,115,0,3198.0,3190.0,3140.0
2014-03-26,0.0,-2.56,3198.0,,488,0,3282.0,3250.0,3198.0
2014-03-25,0.0,-1.53,3282.0,,360,0,3333.0,3300.0,3205.0
2014-03-24,0.0,7.34,3333.0,,230,0,3105.0,3350.0,3167.0
2014-03-20,0.0,1.97,3105.0,,844,0,3045.0,3105.0,3045.0
2014-03-19,0.0,3.26,3045.0,,1828,0,2949.0,3050.0,2850.0
2014-03-18,0.0,-1.04,2949.0,,398,0,2980.0,2999.0,2921.0
2014-03-17,0.0,-3.81,2980.0,,542,0,3098.0,3060.0,2980.0
2014-03-13,0.0,-3.94,3098.0,,154,0,3225.0,3225.0,3098.0
2014-03-12,0.0,-2.27,3225.0,,158,0,3300.0,3290.0,3225.0
2014-03-11,0.0,-0.93,3300.0,,342,0,3331.0,3366.0,3300.0
2014-03-10,0.0,-3.78,3331.0,,360,0,3462.0,3402.0,3331.0
2014-03-09,0.0,5.55,3462.0,,597,0,3280.0,3532.0,3300.0
2014-03-06,0.0,5.81,3280.0,,271,0,3100.0,3280.0,3162.0
2014-03-05,0.0,2.65,3100.0,,751,0,3020.0,3100.0,2980.0
2014-03-04,0.0,-2.89,3020.0,,495,0,3110.0,3050.0,3001.0
2014-03-03,0.0,-2.05,3110.0,,1201,0,3175.0,3140.0,3058.0
2014-02-26,0.0,-4.14,3175.0,,2248,0,3312.0,3280.0,3150.0
2014-02-25,0.0,-10.0,3312.0,,1224,0,3680.0,3607.0,3312.0
2014-02-24,0.0,-3.69,3680.0,,1755,0,3821.0,4140.0,3680.0
2014-02-23,0.0,9.99,3821.0,,2036,0,3474.0,3821.0,3543.0
2014-02-20,0.0,9.97,3474.0,,845,0,3159.0,3474.0,3222.0
2014-02-18,0.0,9.99,3159.0,,2034,0,2872.0,3159.0,2900.0
2014-02-17,0.0,10.0,2872.0,,1485,0,2611.0,2872.0,2663.0
2014-02-16,0.0,5.03,2611.0,,280,0,2486.0,2611.0,2510.0
2014-02-13,0.0,6.01,2486.0,,590,0,2345.0,2486.0,2370.0
2014-02-12,0.0,4.69,2345.0,,1284,0,2240.0,2386.0,2250.0
2014-02-11,0.0,0.0,2240.0,,98,0,2240.0,2284.0,2240.0
2014-02-10,0.0,1.82,2240.0,,154,0,2200.0,2244.0,2240.0
2014-02-09,0.0,-1.03,2200.0,,92,0,2223.0,2230.0,2200.0
2014-02-06,0.0,3.4,2223.0,,434,0,2150.0,2223.0,2150.0
2014-02-05,0.0,-2.27,2150.0,,1260,0,2200.0,2240.0,2150.0
2014-02-03,0.0,0.0,2200.0,,25,0,2200.0,2200.0,2200.0
2014-02-02,0.0,-0.45,2200.0,,49,0,2210.0,2200.0,2200.0
2014-01-29,0.0,0.45,2210.0,,953,0,2200.0,2223.0,2180.0
2014-01-28,0.0,-0.18,2200.0,,63,0,2204.0,2200.0,2200.0
2014-01-27,0.0,-0.27,2204.0,,179,0,2210.0,2220.0,2204.0
2014-01-26,0.0,0.45,2210.0,,218,0,2200.0,2210.0,2160.0
2014-01-23,0.0,0.0,2200.0,,1858,0,2200.0,2200.0,2160.0
2014-01-22,0.0,0.0,2200.0,,483,0,2200.0,2200.0,2130.0
2014-01-21,0.0,1.29,2200.0,,90,0,2172.0,2215.0,2200.0
2014-01-20,0.0,1.97,2172.0,,14,0,2130.0,2172.0,2172.0
2014-01-14,0.0,1.38,2130.0,,784,0,2101.0,2130.0,2100.0
2014-01-13,0.0,-1.82,2101.0,,112,0,2140.0,2101.0,2101.0
2014-01-12,0.0,1.86,2140.0,,619,0,2101.0,2150.0,2120.0
2014-01-09,0.0,0.05,2101.0,,576,0,2100.0,2140.0,2085.0
2014-01-08,0.0,1.45,2100.0,,138,0,2070.0,2130.0,2100.0
2014-01-07,0.0,-1.48,2070.0,,379,0,2101.0,2095.0,2059.0
2014-01-06,0.0,1.99,2101.0,,114,0,2060.0,2101.0,2066.0
2014-01-05,0.0,0.73,2060.0,,620,0,2045.0,2060.0,2045.0
2014-01-01,0.0,-1.45,2045.0,,455,0,2075.0,2045.0,2000.0
2013-12-31,0.0,-5.03,2075.0,,550,0,2185.0,2150.0,2058.0
2013-12-29,0.0,-2.02,2185.0,,424,0,2230.0,2200.0,2143.0
2013-12-26,0.0,-3.04,2230.0,,678,0,2300.0,2276.0,2230.0
2013-12-23,0.0,1.32,2300.0,,95,0,2270.0,2320.0,2300.0
2013-12-19,0.0,4.03,2270.0,,484,0,2182.0,2270.0,2181.0
2013-12-18,0.0,6.44,2182.0,,531,0,2050.0,2182.0,2050.0
2013-12-16,0.0,-0.39,2050.0,,168,0,2058.0,2050.0,2050.0
2013-12-15,0.0,-2.0,2058.0,,54,0,2100.0,2058.0,2058.0
2013-12-12,0.0,-0.9,2100.0,,248,0,2119.0,2100.0,2100.0
2013-12-11,0.0,-0.28,2119.0,,959,0,2125.0,2120.0,2078.0
2013-12-10,0.0,0.24,2125.0,,305,0,2120.0,2125.0,2078.0
2013-12-09,0.0,-0.7,2120.0,,154,0,2135.0,2120.0,2100.0
2013-12-08,0.0,2.1,2135.0,,265,0,2091.0,2159.0,2130.0
2013-12-05,0.0,2.0,2091.0,,76,0,2050.0,2091.0,2050.0
2013-12-04,0.0,0.74,2050.0,,31,0,2035.0,2050.0,2050.0
2013-12-03,0.0,0.99,2035.0,,425,0,2015.0,2040.0,2034.0
