DATE,CHANGE,CHANGE %,CLOSE,TURNOVER,VOLUME,TRADE,OPEN,HIGH,LOW
2026-05-08,5.4,2.67,207.5,,69121,215,205.0,210.0,202.0
2026-05-07,0.1,0.05,202.1,50.16,24706,141,204.9,204.9,200.8
2026-05-06,0.0,0.0,202.0,65.1,32176,129,200.1,204.9,199.5
2026-05-05,0.0,0.0,202.0,56.7,28050,138,202.0,203.2,200.0
2026-05-04,-2.5,-1.22,202.0,99.55,49497,167,204.5,206.9,200.1
2026-04-30,0.5,0.25,204.5,,66969,172,204.0,205.0,200.0
2026-04-29,-2.9,-1.4,204.0,,82139,264,204.1,206.0,202.0
2026-04-28,-2.0,-0.96,206.9,71.07,34486,169,208.9,211.0,205.1
2026-04-27,0.9,0.43,208.9,,50472,162,208.0,214.6,205.0
2026-04-24,1.0,0.48,208.0,,79575,209,217.0,217.0,203.5
2026-04-23,-4.9,-2.31,207.0,,50740,142,207.2,209.0,205.0
2026-04-22,2.1,1.0,211.9,,61566,199,210.0,211.9,200.0
2026-04-21,2.1,1.01,209.8,,66975,215,207.7,209.9,205.0
2026-04-20,-3.0,-1.42,207.7,68.29,32853,159,201.0,212.1,201.0
2026-04-17,-0.3,-0.14,210.7,,53243,205,211.0,211.0,207.6
2026-04-16,-4.0,-1.86,211.0,,168081,210,219.3,219.3,211.0
2026-04-15,4.8,2.28,215.0,,108348,347,210.0,217.5,210.0
2026-04-13,-0.8,-0.38,210.2,,55757,187,211.0,212.0,209.0
2026-04-10,-3.4,-1.59,211.0,,89925,215,211.0,214.9,210.0
2026-04-09,3.5,1.66,214.4,,75128,288,208.0,215.0,207.6
2026-04-08,2.9,1.39,210.9,,49628,226,210.0,211.9,206.2
2026-04-07,2.0,0.97,208.0,,173134,367,209.5,210.0,205.4
2026-04-06,6.0,3.0,206.0,,113461,368,197.2,209.9,197.2
2026-04-05,-8.0,-3.85,200.0,,177037,541,207.0,208.0,198.0
2026-04-02,-4.0,-1.89,208.0,,116287,394,208.1,212.8,204.4
2026-04-01,-3.1,-1.44,212.0,,92903,370,210.8,219.0,208.0
2026-03-31,-5.9,-2.67,215.1,,151899,514,216.6,226.4,212.3
2026-03-30,0.0,0.0,221.0,,164835,499,218.0,221.8,212.0
2026-03-29,-8.0,-3.49,221.0,,184043,514,233.5,233.5,218.8
2026-03-26,2.3,1.01,229.0,,165271,372,227.0,229.8,222.5
2026-03-25,-5.8,-2.49,226.7,,184044,455,235.0,235.0,225.4
2026-03-24,0.5,0.22,232.5,,320130,572,227.4,236.5,227.0
2026-03-23,-3.0,-1.28,232.0,,451007,745,230.3,238.0,227.0
2026-03-22,8.0,3.52,235.0,,399699,1220,230.0,238.6,228.0
2026-03-19,12.5,5.83,227.0,,622383,1441,210.3,231.0,210.3
2026-03-17,4.5,2.14,214.5,,121742,301,205.8,214.5,205.8
2026-03-16,-5.5,-2.55,210.0,,177258,398,219.8,219.8,208.5
2026-03-15,-1.2,-0.55,215.5,,211717,474,219.0,221.9,214.5
2026-03-12,5.6,2.65,216.7,,293827,689,207.0,220.3,205.0
2026-03-11,-0.9,-0.42,211.1,,117836,424,212.0,214.8,206.1
2026-03-10,-3.3,-1.53,212.0,,214007,790,219.0,219.0,200.0
2026-03-09,16.3,8.19,215.3,13.15,6371,17,202.9,215.3,202.9
2026-03-03,5.7,2.95,199.0,,122507,398,189.5,200.0,189.5
2026-03-01,0.5,0.26,193.3,65.09,34012,194,189.0,193.5,187.2
2026-02-26,3.2,1.69,192.8,88.11,46147,124,193.3,193.3,187.0
2026-02-25,1.6,0.85,189.6,38.41,20314,80,189.0,189.9,188.3
2026-02-24,-0.7,-0.37,188.0,21.26,11318,70,188.0,188.9,187.0
2026-02-23,1.6,0.86,188.7,65.14,34823,129,187.0,188.7,186.0
2026-02-22,-1.0,-0.53,187.1,83.71,44768,171,187.3,189.0,186.0
2026-02-17,-0.5,-0.27,188.1,69.4,36738,152,185.0,192.0,185.0
2026-02-16,-2.4,-1.26,188.6,59.58,31457,176,190.0,191.0,188.6
2026-02-12,0.0,0.0,191.0,54.48,28582,143,193.0,193.0,189.0
2026-02-11,-0.8,-0.42,191.0,,56844,156,195.6,195.6,190.0
2026-02-10,1.8,0.95,191.8,99.17,52298,200,188.2,192.0,188.1
2026-02-09,-2.9,-1.5,190.0,91.11,47780,247,195.0,195.0,189.5
2026-02-08,-0.9,-0.46,192.9,,67463,232,193.2,194.5,192.0
2026-02-05,-0.8,-0.41,193.8,36.4,18735,142,193.2,196.5,193.0
2026-02-04,-0.6,-0.31,194.6,40.08,20614,104,191.3,199.0,191.3
2026-02-03,-4.3,-2.16,195.2,,87511,171,199.0,203.4,195.0
2026-02-02,0.4,0.2,199.5,,60420,167,203.0,203.0,194.7
2026-02-01,0.2,0.1,199.1,,71436,197,196.0,199.1,193.0
2026-01-29,0.9,0.45,198.9,,76507,258,200.0,200.0,193.4
2026-01-28,0.9,0.46,198.0,,86255,257,201.0,201.0,192.0
2026-01-27,-2.9,-1.45,197.1,87.19,43882,145,198.1,200.0,197.1
2026-01-26,-3.0,-1.48,200.0,98.74,48878,227,200.0,205.0,200.0
2026-01-25,5.0,2.53,203.0,,106781,300,199.9,203.0,196.0
2026-01-22,0.0,0.0,198.0,32.38,16514,101,198.0,198.5,194.3
2026-01-21,0.3,0.15,198.0,83.8,42383,123,199.0,200.0,196.0
2026-01-20,0.9,0.46,197.7,80.91,40692,169,195.0,200.0,195.0
2026-01-18,3.8,1.97,196.8,55.71,28565,129,192.0,196.8,192.0
2026-01-14,-3.0,-1.53,193.0,38.14,19709,103,192.3,195.0,192.3
2026-01-13,-0.6,-0.31,196.0,72.04,37144,142,193.3,197.5,191.5
2026-01-12,-0.8,-0.41,196.6,,53277,122,196.2,199.0,194.1
2026-01-08,-1.5,-0.75,197.4,24.48,12427,67,196.2,200.0,196.2
2026-01-07,-1.9,-0.95,198.9,89.91,44995,141,196.8,202.0,196.8
2026-01-06,0.8,0.4,200.8,,61630,224,198.0,201.0,198.0
2026-01-05,3.5,1.78,200.0,,68934,188,192.6,200.0,192.6
2026-01-04,-2.3,-1.16,196.5,59.37,30307,109,195.0,198.0,195.0
2026-01-01,1.8,0.91,198.8,56.96,29036,110,193.1,198.8,193.1
2025-12-31,1.2,0.61,197.0,72.31,36910,120,191.9,197.2,191.9
2025-12-29,0.7,0.36,195.8,63.37,32473,118,191.2,197.3,191.2
2025-12-28,3.6,1.88,195.1,,62608,183,188.0,197.1,188.0
2025-12-24,-0.1,-0.05,191.5,64.79,33922,94,188.0,192.7,188.0
2025-12-23,1.1,0.58,191.6,78.02,41106,141,188.0,191.7,188.0
2025-12-22,0.5,0.26,190.5,29.98,15876,84,188.0,190.5,187.4
2025-12-21,0.0,0.0,190.0,49.87,26374,92,188.0,190.0,187.2
2025-12-18,0.4,0.21,190.0,55.16,29171,96,187.9,190.0,187.2
2025-12-17,-0.2,-0.11,189.6,31.91,16766,68,188.0,191.5,188.0
2025-12-16,-2.2,-1.15,189.8,29.02,15274,90,188.2,192.0,188.2
2025-12-15,2.0,1.05,192.0,38.21,20149,107,188.0,192.0,187.1
2025-12-14,-1.6,-0.84,190.0,94.97,50358,142,188.0,194.9,187.1
2025-12-11,0.2,0.1,191.6,39.26,20610,99,188.0,191.6,188.0
2025-12-10,-0.5,-0.26,191.4,23.87,12454,75,188.1,194.2,188.1
2025-12-09,-1.0,-0.52,191.9,48.13,25138,67,189.5,193.0,189.5
2025-12-08,-2.0,-1.03,192.9,84.73,44029,73,192.0,193.9,192.0
2025-12-07,-1.1,-0.56,194.9,40.65,20974,80,193.0,195.0,192.2
2025-12-03,2.9,1.5,196.0,,53400,120,193.1,200.0,190.1
2025-12-02,-2.9,-1.48,193.1,66.63,34331,81,193.1,195.0,193.1
2025-12-01,-3.6,-1.8,196.0,,61257,103,195.8,198.9,193.1
2025-11-30,-0.4,-0.2,199.6,,107194,168,200.0,202.0,198.1
2025-11-27,4.0,2.04,200.0,,79270,209,194.0,200.1,194.0
2025-11-26,1.1,0.56,196.0,,94842,218,195.0,196.9,193.1
2025-11-25,3.4,1.78,194.9,67.49,35242,124,193.0,194.9,188.2
2025-11-24,4.7,2.52,191.5,83.17,43742,146,183.1,192.3,183.1
2025-11-23,0.8,0.43,186.8,,99232,225,185.0,189.0,184.6
2025-11-20,-3.0,-1.59,186.0,,58849,189,186.1,187.0,183.0
2025-11-19,-1.0,-0.53,189.0,30.55,16324,91,188.0,189.0,186.3
2025-11-18,2.9,1.55,190.0,74.73,39601,117,188.2,190.0,186.5
2025-11-17,-1.9,-1.01,187.1,85.17,45428,150,186.4,190.5,185.0
2025-11-16,-3.0,-1.56,189.0,83.17,43799,111,189.1,192.5,188.5
2025-11-13,3.5,1.86,192.0,,62716,166,187.0,195.0,186.3
2025-11-12,-1.0,-0.53,188.5,41.94,22238,140,193.2,193.2,187.8
2025-11-11,-2.5,-1.3,189.5,58.07,30528,168,190.3,193.0,189.1
2025-11-10,-2.2,-1.13,192.0,72.18,37700,217,192.0,194.9,190.7
2025-11-09,-5.8,-2.9,194.2,,54757,201,197.0,197.0,194.0
2025-11-06,0.0,0.0,200.0,45.19,22521,88,200.5,202.5,200.0
2025-11-05,-2.2,-1.09,200.0,31.81,15890,87,203.9,203.9,199.0
2025-11-04,0.2,0.1,202.2,92.96,46494,149,201.0,202.3,199.0
2025-11-03,0.0,0.0,202.0,,50517,150,202.0,203.9,200.4
2025-11-02,2.6,1.24,212.1,,134705,366,210.0,212.8,209.3
2025-10-30,-0.2,-0.1,209.5,84.63,40383,143,207.8,210.3,207.8
2025-10-29,2.4,1.16,209.7,,97689,223,206.5,209.9,206.3
2025-10-28,1.1,0.53,207.3,97.94,47287,150,206.9,208.9,205.1
2025-10-26,-0.3,-0.15,206.2,83.61,40852,104,206.5,206.5,202.3
2025-10-19,4.5,2.23,206.5,,142518,165,203.0,207.5,201.1
2025-10-16,1.9,0.95,202.0,57.79,28700,106,200.2,202.1,200.1
2025-10-15,-2.9,-1.43,200.1,85.23,42452,135,201.1,203.7,200.0
2025-10-14,-1.0,-0.49,203.0,,49541,155,204.0,204.0,201.1
2025-10-13,0.3,0.15,204.0,76.85,37819,152,207.7,207.7,201.0
2025-10-12,-4.1,-1.97,203.7,,121914,267,207.8,207.8,202.0
2025-10-09,2.3,1.12,207.8,,53891,202,209.6,213.7,206.0
2025-10-08,-1.5,-0.72,205.5,,71981,231,209.0,209.0,204.9
2025-10-07,-3.0,-1.43,207.0,,65982,240,210.0,210.7,206.3
2025-09-28,6.0,2.94,210.0,,53482,219,208.0,211.0,208.0
2025-09-25,1.2,0.59,204.0,86.88,42794,72,202.0,204.0,202.0
2025-09-24,-3.2,-1.55,202.8,64.51,31793,121,203.1,204.8,202.0
2025-09-23,1.62,0.79,206.0,,49608,170,206.9,206.9,200.3
2025-09-21,7.38,3.75,204.38,,130062,307,197.0,205.9,197.0
2025-09-18,-7.53,-3.68,197.0,7.07,3576,16,200.5,200.5,196.0
2025-09-08,-1.45,-0.7,204.53,,50300,159,205.2,207.0,204.1
2025-09-07,-0.55,-0.27,205.98,50.21,24335,107,206.53,207.9,205.8
2025-09-04,0.17,0.08,206.53,72.04,34937,149,207.0,207.9,205.5
2025-09-03,-0.78,-0.38,206.36,56.9,27528,109,205.0,208.9,205.0
2025-09-02,-1.64,-0.79,207.14,43.01,20699,102,212.9,212.9,206.5
2025-09-01,2.63,1.28,208.78,,66482,201,210.2,210.2,204.5
2025-08-31,-3.09,-1.48,206.15,,70488,218,206.2,210.3,205.1
2025-08-28,-1.84,-0.87,209.24,,53507,186,210.0,211.0,207.4
2025-08-27,3.94,1.9,211.08,,47700,160,206.4,212.0,206.4
2025-08-26,-2.41,-1.15,207.14,63.02,30372,143,208.4,210.0,206.6
2025-08-25,2.44,1.18,209.55,64.53,31247,144,206.7,209.9,205.5
2025-08-24,-1.12,-0.54,207.11,75.02,36167,149,207.1,210.0,206.3
2025-08-21,-0.46,-0.22,208.23,,91865,187,210.0,211.6,207.1
2025-08-20,-1.74,-0.83,208.69,86.67,41326,149,208.5,212.0,208.4
2025-08-19,0.07,0.03,210.43,,49607,160,211.0,213.8,208.9
2025-08-18,0.45,0.21,210.36,56.79,27058,123,209.0,211.0,208.2
2025-08-17,-1.46,-0.69,209.91,,59848,219,214.0,214.0,208.1
2025-08-14,-1.58,-0.74,211.37,,53482,171,212.7,214.3,211.1
2025-08-13,-2.38,-1.11,212.95,,47911,202,215.2,216.0,212.4
2025-08-12,-3.2,-1.46,215.33,,64587,219,214.2,222.0,214.2
2025-08-11,-6.27,-2.79,218.53,,100856,337,228.0,228.0,217.6
2025-08-07,4.14,1.88,224.8,,93128,265,225.0,226.9,220.0
2025-08-06,-1.77,-0.8,220.66,,67819,236,226.8,226.8,220.0
2025-08-05,-2.71,-1.2,222.43,,77798,239,227.0,227.0,222.0
2025-08-04,3.05,1.37,225.14,,140034,429,217.7,226.0,217.7
2025-08-03,-5.91,-2.59,222.09,,129394,414,228.0,228.0,221.3
2025-07-31,-4.31,-1.86,228.0,,100942,323,230.0,232.0,227.0
2025-07-30,-3.13,-1.33,232.31,,178390,400,240.1,240.1,231.0
2025-07-29,3.48,1.5,235.44,,271421,749,235.0,239.0,232.0
2025-07-28,1.28,0.55,231.96,,214508,552,231.0,234.9,226.0
2025-07-27,-1.39,-0.6,230.68,,224525,523,233.5,234.9,229.0
2025-07-24,-2.88,-1.23,232.07,,207622,366,239.6,239.6,230.5
2025-07-23,-1.35,-0.57,234.95,,101518,382,237.0,238.8,232.5
2025-07-22,6.41,2.79,236.3,,233864,648,232.0,237.8,232.0
2025-07-21,2.04,0.9,229.89,,357351,481,227.0,232.5,225.5
2025-07-20,-2.84,-1.23,227.85,,289841,594,228.2,235.1,227.0
2025-07-17,2.41,1.06,230.69,,219237,541,230.9,234.0,227.0
2025-07-16,4.3,1.92,228.28,,210447,609,227.8,232.0,226.0
2025-07-15,4.43,2.02,223.98,,150677,309,222.0,226.9,216.0
2025-07-14,-8.54,-3.74,219.55,,199307,422,229.0,229.0,218.2
2025-07-13,7.11,3.22,228.09,,259040,793,225.3,234.0,225.3
2025-07-10,5.61,2.6,220.98,,280238,758,216.0,224.9,214.6
2025-07-09,4.93,2.34,215.37,,84753,241,206.3,218.3,206.3
2025-07-08,-1.22,-0.58,210.44,98.03,46665,120,212.0,212.0,208.4
2025-07-07,-1.5,-0.7,211.66,,110009,171,217.4,217.4,211.0
2025-07-06,0.8,0.38,213.16,,81753,212,209.1,215.5,209.1
2025-07-03,0.98,0.46,212.36,,74509,236,215.6,215.6,208.9
2025-07-02,2.78,1.33,211.38,,75338,258,208.6,212.0,207.0
2025-07-01,1.27,0.61,208.6,94.1,45238,137,209.0,209.7,205.7
2025-06-30,-0.65,-0.31,207.33,,75030,164,212.1,212.1,206.0
2025-06-29,5.99,2.97,207.98,,58635,204,202.0,208.9,200.1
2025-06-26,-1.56,-0.77,201.99,47.9,23650,127,203.1,204.0,201.9
2025-06-25,-0.04,-0.02,203.55,52.47,25872,112,205.4,205.5,201.5
2025-06-24,1.99,0.99,203.59,,73958,203,202.1,206.9,202.0
2025-06-23,1.25,0.62,201.6,52.62,26050,141,202.0,203.8,201.0
2025-06-22,-1.89,-0.93,200.35,,74762,258,202.0,204.0,200.0
2025-06-19,-0.9,-0.44,202.24,,152571,304,206.0,206.0,201.4
2025-06-18,-2.61,-1.27,203.14,,158226,306,206.0,209.5,203.0
2025-06-17,-2.53,-1.21,205.75,86.37,41905,137,206.0,210.1,205.5
2025-06-16,2.89,1.41,208.28,79.51,38151,167,205.5,211.0,204.2
2025-06-15,-1.52,-0.73,205.39,79.7,38688,158,207.0,209.0,205.2
2025-06-12,-0.41,-0.2,206.91,90.89,43992,179,206.0,208.9,205.1
2025-06-11,-2.99,-1.42,207.32,,72766,187,208.7,211.5,206.5
2025-06-10,1.0,0.48,210.31,,51482,153,209.5,211.0,207.4
2025-06-09,1.71,0.82,209.31,,57035,154,206.0,210.7,206.0
2025-06-08,-2.18,-1.04,207.6,,58500,199,208.7,210.9,206.0
2025-06-05,-1.02,-0.48,209.78,,70653,148,210.0,213.0,209.1
2025-06-04,-3.27,-1.53,210.8,,57465,158,215.0,216.9,209.2
2025-06-03,-6.14,-2.79,214.07,,94770,203,224.6,224.6,214.0
2025-06-02,-2.34,-1.05,220.21,,177315,362,226.0,226.9,219.1
2025-05-28,6.46,2.99,222.55,,223482,410,217.0,225.0,214.4
2025-05-27,2.15,1.0,216.09,,96882,188,212.1,217.0,210.3
2025-05-26,-1.21,-0.56,213.94,,155639,382,219.0,227.0,212.0
2025-05-25,-1.03,-0.48,215.15,,199041,372,217.0,219.0,210.1
2025-05-22,11.07,5.4,216.18,,280569,693,207.0,217.0,203.1
2025-05-21,-0.96,-0.47,205.11,,90155,265,210.0,216.0,205.0
2025-05-20,4.99,2.48,206.07,,61067,202,200.0,207.5,198.0
2025-05-19,2.97,1.5,201.08,77.69,38811,164,201.0,201.3,198.6
2025-05-18,0.25,0.13,198.11,67.11,33878,153,198.0,200.0,197.5
2025-05-15,0.05,0.03,197.86,54.4,27432,133,200.0,200.0,197.0
2025-05-14,-1.66,-0.83,197.81,73.66,37049,165,200.0,201.0,197.0
2025-05-13,-2.55,-1.26,199.47,,53398,199,202.0,202.5,199.0
2025-05-11,-1.35,-0.66,202.02,,67818,218,203.0,205.0,199.4
2025-05-08,-3.68,-1.78,203.37,,106474,248,209.0,209.0,201.1
2025-05-07,7.95,3.99,207.05,,67502,242,199.9,207.8,196.2
2025-05-06,-0.16,-0.08,199.1,59.19,29832,145,197.0,200.0,196.3
2025-05-05,0.26,0.13,199.26,47.77,24086,145,201.0,201.0,196.0
2025-05-04,-2.07,-1.03,199.0,,70254,228,202.0,203.0,198.5
2025-04-30,-0.32,-0.16,201.07,,88988,283,201.39,203.0,196.7
2025-04-29,0.0,0.0,201.39,78.29,39013,133,203.4,203.4,200.0
2025-04-28,-1.47,-0.72,201.39,53.79,26664,138,200.2,204.0,200.2
2025-04-27,0.52,0.26,202.86,85.74,42212,202,206.0,206.0,202.0
2025-04-24,0.59,0.29,202.34,,52729,183,200.0,203.0,200.0
2025-04-23,-3.19,-1.56,201.75,,120865,382,205.0,206.9,200.0
2025-04-22,-3.62,-1.74,204.94,,62070,238,208.0,209.0,204.4
2025-04-21,-0.95,-0.45,208.56,,69076,207,208.2,211.7,207.6
2025-04-20,-3.17,-1.49,209.51,95.86,45422,163,213.0,215.9,209.1
2025-04-17,2.95,1.41,212.68,,49347,193,211.9,214.0,211.0
2025-04-16,-3.95,-1.85,209.73,,55760,205,217.9,217.9,209.1
2025-04-15,3.68,1.75,213.68,81.2,38094,144,214.0,214.9,211.0
2025-04-13,-0.26,-0.12,210.0,,104780,94,213.0,213.0,208.7
2025-04-10,-0.98,-0.46,210.26,,122344,143,210.0,213.5,207.5
2025-04-09,-0.64,-0.3,211.24,52.0,24581,131,216.0,216.0,210.2
2025-04-08,-1.29,-0.61,211.88,53.59,25344,108,213.0,213.0,210.3
2025-04-07,-2.55,-1.18,213.17,54.29,25417,124,218.0,218.0,212.5
2025-04-03,3.72,1.75,215.72,,105438,400,209.1,221.5,209.1
2025-04-02,1.46,0.69,212.0,,49543,168,214.7,214.7,209.6
2025-04-01,-1.4,-0.66,210.54,77.59,36647,142,211.1,214.0,210.3
2025-03-30,2.83,1.35,211.94,,56444,203,210.0,214.9,206.1
2025-03-27,0.78,0.37,209.11,59.23,28380,135,212.4,212.4,205.2
2025-03-26,1.18,0.57,208.33,75.76,36434,134,208.9,209.0,205.2
2025-03-25,-1.97,-0.94,207.15,96.33,46475,127,209.1,209.1,205.1
2025-03-24,2.94,1.43,209.12,,55223,182,205.0,210.3,204.3
2025-03-23,-2.21,-1.06,206.18,,63001,180,209.0,210.0,205.7
2025-03-20,-0.81,-0.39,208.39,,72895,168,211.3,211.3,208.0
2025-03-19,-1.8,-0.85,209.2,82.03,38940,169,209.0,213.0,209.0
2025-03-18,-1.0,-0.47,211.0,,48853,171,216.2,216.2,209.6
2025-03-17,1.0,0.47,212.0,79.4,37372,150,210.3,215.2,210.2
2025-03-16,-1.3,-0.61,211.0,96.05,45356,206,212.5,214.5,210.7
2025-03-12,-0.7,-0.33,212.3,83.18,38803,190,212.0,216.1,212.0
2025-03-11,-1.3,-0.61,213.0,,57433,169,212.3,217.0,212.3
2025-03-10,-1.8,-0.83,214.3,98.17,45612,186,217.0,218.4,213.6
2025-03-09,-3.9,-1.77,216.1,,58917,215,220.0,220.0,216.0
2025-03-06,0.6,0.27,220.0,,68257,255,219.6,227.0,218.0
2025-03-05,-4.4,-1.97,219.4,,89599,267,220.0,223.0,219.4
2025-03-04,-2.2,-0.97,223.8,,133812,334,224.0,228.0,222.0
2025-03-03,-3.8,-1.65,226.0,,155235,456,230.0,233.0,224.0
2025-03-02,10.1,4.6,229.8,,205915,592,224.0,229.8,221.0
2025-02-27,6.7,3.15,219.7,,173732,511,217.0,231.0,217.0
2025-02-25,-1.4,-0.65,213.0,,75696,191,210.2,217.0,210.2
2025-02-24,1.3,0.61,214.4,,51310,181,209.0,220.9,209.0
2025-02-23,-1.3,-0.61,213.1,,108017,283,210.2,217.6,209.0
2025-02-20,-0.4,-0.19,214.4,97.64,45678,183,215.0,216.0,212.2
2025-02-18,-0.7,-0.32,214.8,,83544,293,219.8,219.8,214.1
2025-02-17,6.0,2.86,215.5,,78977,327,210.5,216.8,210.0
2025-02-16,2.5,1.21,209.5,,65441,195,210.0,213.0,206.1
2025-02-13,-2.5,-1.19,207.0,65.79,31659,148,210.0,210.9,206.7
2025-02-12,0.0,0.0,209.5,89.96,42880,202,212.0,212.0,208.0
2025-02-11,1.3,0.62,209.5,38.45,18427,115,212.0,212.0,208.1
2025-02-10,-0.3,-0.14,208.2,91.54,43613,165,208.0,212.1,206.8
2025-02-09,0.4,0.19,208.5,,58670,171,211.2,214.0,207.9
2025-02-06,-2.3,-1.09,208.1,,67511,163,211.0,211.2,208.0
2025-02-05,-0.6,-0.28,210.4,76.73,36402,154,211.0,213.0,210.2
2025-02-04,-2.0,-0.94,211.0,,70627,261,214.0,216.9,210.0
2025-02-03,2.9,1.38,213.0,,81900,263,208.2,214.5,208.2
2025-02-02,5.1,2.49,210.1,,72270,251,207.0,212.0,207.0
2025-01-28,0.5,0.24,205.0,,56340,186,204.0,207.0,203.0
2025-01-27,-1.5,-0.73,204.5,33.2,16243,117,203.2,207.0,203.2
2025-01-26,-1.0,-0.48,206.0,50.71,24768,128,203.2,209.0,203.1
2025-01-23,-0.4,-0.19,207.0,,54440,202,209.0,211.0,206.1
2025-01-22,3.9,1.92,207.4,,106280,239,205.0,208.6,203.1
2025-01-21,-2.5,-1.21,203.5,86.25,42342,198,204.0,206.0,202.1
2025-01-20,-0.4,-0.19,206.0,86.83,42126,205,206.2,209.5,204.1
2025-01-19,-1.1,-0.53,206.4,77.2,37433,191,205.5,209.0,204.0
2025-01-16,-2.5,-1.19,207.5,,51699,201,210.0,211.8,206.0
2025-01-15,-0.9,-0.43,210.0,,86472,155,211.0,211.0,208.2
2025-01-13,-3.1,-1.45,210.9,,60531,258,212.0,216.0,210.0
2025-01-12,-1.5,-0.7,214.0,76.17,35766,139,214.0,215.0,211.7
2025-01-09,-0.4,-0.19,215.5,,46564,185,220.2,220.2,214.7
2025-01-08,0.8,0.37,215.9,88.18,40933,206,219.4,219.4,214.6
2025-01-07,-2.9,-1.33,215.1,,51666,211,222.3,222.3,213.7
2025-01-06,2.0,0.93,218.0,,46428,201,215.0,219.3,214.0
2025-01-05,-4.0,-1.82,216.0,75.31,34921,206,216.0,220.0,214.3
2025-01-02,0.0,0.0,220.0,,72493,233,224.4,224.4,215.6
2025-01-01,0.9,0.41,220.0,51.25,23283,109,220.0,222.0,218.2
2024-12-31,-2.8,-1.26,219.1,,59349,183,226.3,226.3,216.1
2024-12-29,-2.0,-0.89,221.9,81.17,36183,205,228.0,228.2,220.5
2024-12-26,4.4,2.0,223.9,,119205,393,221.5,228.0,214.3
2024-12-24,1.6,0.73,219.5,,55258,195,213.8,222.0,213.8
2024-12-23,4.2,1.97,217.9,,59326,179,215.0,217.9,213.0
2024-12-22,-0.3,-0.14,213.7,84.37,39326,165,209.8,222.0,209.8
2024-12-19,-3.0,-1.38,214.0,97.29,45081,168,215.2,219.0,214.0
2024-12-18,-0.5,-0.23,217.0,87.48,40085,156,219.9,220.4,217.0
2024-12-17,-0.1,-0.05,217.5,,46502,148,217.0,219.7,216.0
2024-12-16,-2.4,-1.09,217.6,,78992,179,218.0,220.0,215.7
2024-12-12,-6.9,-3.04,220.0,,89740,225,231.4,231.4,220.0
2024-12-11,9.2,4.23,226.9,,82719,288,214.0,226.9,214.0
2024-12-10,1.7,0.79,217.7,84.12,38918,189,218.0,218.0,215.0
2024-12-09,-5.0,-2.26,216.0,,72509,234,223.8,224.0,215.0
2024-12-08,-2.7,-1.21,221.0,,121332,282,221.0,225.0,217.0
2024-12-05,-0.3,-0.13,223.7,73.62,32968,148,226.0,226.0,222.2
2024-12-04,-2.0,-0.88,224.0,,53528,186,230.5,230.5,222.2
2024-12-03,2.3,1.03,226.0,,80923,199,221.0,227.5,221.0
2024-12-02,-3.3,-1.45,223.7,,88736,304,231.5,231.5,222.2
2024-12-01,-5.0,-2.16,227.0,,80817,228,236.3,236.3,225.0
2024-11-28,-5.0,-2.11,232.0,,58571,204,237.0,237.0,230.0
2024-11-27,3.3,1.41,237.0,,125609,253,233.7,237.0,230.5
2024-11-26,6.7,2.95,233.7,,53496,202,231.5,235.0,224.5
2024-11-25,1.5,0.67,227.0,,57241,179,230.0,230.0,224.0
2024-11-24,-4.5,-1.96,225.5,90.96,39832,187,234.6,234.6,225.5
2024-11-21,-2.0,-0.86,230.0,,77466,251,235.0,236.6,229.0
2024-11-20,0.0,0.0,232.0,,43686,194,231.1,236.6,230.1
2024-11-19,-3.0,-1.28,232.0,,48879,209,233.0,236.0,231.1
2024-11-17,-1.0,-0.42,235.0,,50377,192,239.0,240.6,234.0
2024-11-14,0.0,0.0,236.0,,118157,259,235.0,240.0,232.0
2024-11-13,-5.1,-2.12,236.0,92.34,39001,178,244.0,244.0,234.0
2024-11-12,-0.9,-0.37,241.1,,84517,239,244.9,247.5,240.3
2024-11-11,4.0,1.68,242.0,,147272,355,241.0,244.0,238.1
2024-11-10,6.0,2.59,238.0,,81659,249,230.0,239.0,230.0
2024-11-06,0.0,0.0,232.0,49.79,21411,98,232.0,235.6,230.1
2024-11-05,-4.5,-1.9,232.0,,47954,140,236.5,240.0,232.0
2024-10-30,-5.5,-2.27,236.5,,42459,124,241.0,245.0,236.1
2024-10-29,7.6,3.24,242.0,,108903,286,238.0,242.0,235.0
2024-10-28,4.5,1.96,234.4,,54313,203,232.0,234.4,230.0
2024-10-27,-4.7,-2.0,229.9,,59266,272,230.3,235.0,228.6
2024-10-24,-7.4,-3.06,234.6,,186463,443,246.8,246.8,230.0
2024-10-23,-10.0,-3.97,242.0,,213877,547,257.0,257.0,240.1
2024-10-22,0.0,0.0,252.0,,181956,363,250.0,255.0,245.0
2024-10-21,-7.0,-2.7,252.0,,61560,277,264.1,264.1,251.0
2024-10-20,-1.0,-0.38,259.0,,187574,499,260.0,265.3,246.1
2024-10-17,2.0,0.78,260.0,,257050,623,258.0,265.0,252.0
2024-10-16,8.0,3.2,258.0,,114316,402,255.0,258.0,249.0
2024-10-15,6.73,2.77,250.0,,102352,300,247.0,252.5,240.0
2024-10-09,2.1,0.84,253.0,,181786,391,248.4,254.0,248.3
2024-10-08,-0.1,-0.04,250.9,,150079,345,256.0,259.0,247.6
2024-10-07,6.4,2.62,251.0,,197448,505,246.0,255.0,246.0
2024-10-06,5.6,2.34,244.6,,75930,288,239.0,245.0,237.1
2024-10-02,-1.0,-0.42,239.0,,87781,308,244.8,244.8,235.2
2024-10-01,9.4,4.08,240.0,,109888,360,227.4,240.0,227.4
2024-09-30,5.6,2.49,230.6,,59901,221,224.9,230.6,224.0
2024-09-29,-2.1,-0.92,225.0,79.76,35373,157,228.0,228.0,224.0
2024-09-26,-5.9,-2.53,227.1,,67511,198,228.4,237.0,227.1
2024-09-25,4.0,1.75,233.0,,73791,298,228.0,233.5,223.5
2024-09-24,-1.1,-0.48,229.0,,71637,291,226.0,233.0,226.0
2024-09-23,-2.9,-1.24,230.1,,66508,231,237.6,237.6,230.0
2024-09-22,-2.0,-0.85,233.0,,71565,303,239.7,244.4,230.3
2024-09-18,5.0,2.17,235.0,,105221,352,225.4,238.6,225.4
2024-09-16,-7.0,-2.95,230.0,,92210,261,237.0,237.0,227.9
2024-09-15,-3.0,-1.25,237.0,,167317,427,240.0,246.0,235.0
2024-09-12,13.3,5.87,240.0,,103188,373,231.2,240.0,228.0
2024-09-11,-2.3,-1.0,226.7,,81599,296,233.5,233.5,226.0
2024-09-10,1.0,0.44,229.0,,88784,366,232.0,234.0,226.0
2024-09-09,-4.0,-1.72,228.0,,83267,326,232.0,232.9,227.0
2024-09-08,-5.0,-2.11,232.0,,66941,287,241.7,241.7,231.7
2024-09-05,-3.0,-1.25,237.0,,110599,364,240.0,240.0,233.0
2024-09-04,-7.0,-2.83,240.0,,115823,520,250.0,250.0,236.0
2024-09-03,-1.0,-0.4,247.0,,168645,512,252.9,254.8,245.0
2024-09-02,11.3,4.77,248.0,,171822,658,241.4,250.0,236.0
2024-09-01,-7.3,-2.99,236.7,,115864,431,241.0,248.0,236.7
2024-08-29,-5.0,-2.01,244.0,,205160,608,253.9,253.9,238.3
2024-08-28,-1.0,-0.4,249.0,,173783,680,252.0,260.0,245.0
2024-08-27,-14.9,-5.62,250.0,,271894,944,260.0,262.0,248.2
2024-08-25,-10.1,-3.67,264.9,,245086,807,280.5,280.5,263.0
2024-08-22,1.4,0.51,275.0,,211193,712,274.0,279.5,270.5
2024-08-21,-3.4,-1.23,273.6,,259925,804,272.0,279.0,271.0
2024-08-18,-0.5,-0.18,277.0,,621936,1880,282.0,296.0,270.9
2024-08-15,17.5,6.73,277.5,,593976,1789,265.2,285.0,260.0
2024-08-14,6.0,2.36,260.0,,229739,723,254.0,260.0,247.0
2024-08-13,0.0,0.0,254.0,,190334,741,259.0,259.0,250.0
2024-08-12,11.0,4.53,254.0,,222500,895,247.8,258.0,247.8
2024-08-11,10.0,4.29,243.0,,205390,860,237.0,244.0,232.5
2024-08-08,-6.5,-2.71,233.0,,112719,520,241.0,244.0,232.0
2024-08-07,8.5,3.68,239.5,,191655,672,235.6,249.6,225.0
2024-08-06,-24.4,-9.55,231.0,,324070,1295,258.3,258.3,231.0
2024-08-05,-10.5,-3.95,255.4,,418260,1067,265.9,275.4,254.0
2024-08-01,4.9,1.88,265.9,,499587,1188,265.0,275.0,260.0
2024-07-31,0.0,0.0,261.0,,406856,1063,261.0,274.5,258.0
2024-07-30,-0.1,-0.04,261.0,,466263,1176,266.3,266.3,246.0
2024-07-29,8.1,3.2,261.1,,650276,1765,258.0,278.3,255.0
2024-07-28,23.0,10.0,253.0,,416739,975,234.6,253.0,234.6
2024-07-25,4.9,2.18,230.0,,244402,631,225.0,230.0,223.0
2024-07-24,-4.4,-1.92,225.1,,248975,708,231.0,233.5,225.0
2024-07-23,9.5,4.32,229.5,,282980,760,217.0,229.5,217.0
2024-07-22,-6.0,-2.65,220.0,,327052,987,229.0,229.0,216.6
2024-07-21,5.0,2.26,226.0,,386658,1003,221.0,238.9,213.2
2024-07-18,15.9,7.75,221.0,,329458,912,209.2,225.6,203.9
2024-07-17,2.2,1.08,205.1,,154028,447,206.9,207.8,201.0
2024-07-16,9.4,4.86,202.9,,131514,440,197.0,203.0,190.2
2024-07-15,1.5,0.78,193.5,,160402,452,195.0,199.4,192.0
2024-07-14,3.0,1.59,192.0,,134302,454,192.7,196.5,187.0
2024-07-11,6.6,3.62,189.0,,121582,373,186.0,189.0,182.4
2024-07-10,3.4,1.9,182.4,,86190,233,182.5,182.5,178.5
2024-07-09,2.5,1.42,179.0,58.27,32935,145,180.0,180.0,174.0
2024-07-08,-2.0,-1.12,176.5,90.67,51190,148,180.4,181.0,176.0
2024-07-07,2.5,1.42,178.5,,84618,238,179.0,179.9,175.1
2024-07-04,0.0,0.0,176.0,,61875,219,179.5,180.0,173.8
2024-07-03,6.6,3.9,176.0,82.27,47964,169,169.4,176.2,167.0
2024-07-02,3.3,1.99,169.4,,98869,240,169.4,175.9,166.6
2024-07-01,4.2,2.59,166.1,75.36,46504,137,160.1,166.1,160.1
2024-06-30,-1.8,-1.1,161.9,19.75,12224,67,162.0,163.0,161.0
2024-06-27,0.7,0.43,163.7,35.94,22265,96,161.0,164.0,160.5
2024-06-26,-2.0,-1.21,163.0,24.24,14860,88,162.6,165.0,162.0
2024-06-25,0.0,0.0,165.0,33.23,20176,78,164.9,165.1,163.8
2024-06-24,1.0,0.61,165.0,18.84,11401,72,166.0,167.2,164.0
2024-06-23,-0.3,-0.18,164.0,31.64,19283,120,163.0,174.2,162.3
2024-06-20,-2.7,-1.62,164.3,23.21,14035,81,170.3,170.3,164.1
2024-06-19,2.5,1.52,167.0,33.97,20484,75,167.7,167.7,163.0
2024-06-18,-3.5,-2.08,164.5,50.0,30182,144,168.0,169.0,164.5
2024-06-16,-2.0,-1.18,168.0,21.94,13061,91,170.0,170.0,167.5
2024-06-13,-0.2,-0.12,170.0,44.63,26268,97,173.0,173.0,169.1
2024-06-12,-0.8,-0.47,170.2,44.67,26007,89,172.0,174.4,170.1
2024-06-11,5.0,3.01,171.0,36.85,21764,149,169.3,180.0,163.2
2024-06-10,0.0,0.0,166.0,25.01,15052,102,168.0,168.0,165.1
2024-06-09,-1.0,-0.6,166.0,51.92,31297,98,170.3,170.3,165.2
2024-06-06,-1.0,-0.6,167.0,49.63,29887,83,167.1,168.0,165.2
2024-06-05,-2.0,-1.18,168.0,30.62,18217,100,173.4,173.4,166.6
2024-06-04,2.4,1.43,170.0,30.5,18033,88,170.9,172.0,167.1
2024-06-03,-4.4,-2.56,167.6,36.32,21442,120,175.4,175.4,167.6
2024-06-02,1.8,1.06,172.0,82.3,48239,138,167.0,173.4,167.0
2024-05-30,-4.8,-2.74,170.2,,58003,165,176.0,176.0,170.2
2024-05-29,-4.0,-2.23,175.0,,87229,241,182.5,185.0,174.0
2024-05-27,2.1,1.19,179.0,,83463,276,173.8,182.0,173.8
2024-05-26,-2.1,-1.17,176.9,,88756,282,181.0,182.5,175.0
2024-05-22,4.2,2.4,179.0,,135262,431,172.0,183.0,172.0
2024-05-21,2.8,1.63,174.8,80.25,46406,197,175.4,175.4,168.1
2024-05-20,8.0,4.88,172.0,,114601,422,167.2,175.9,165.0
2024-05-19,6.0,3.8,164.0,,78344,266,161.1,169.0,159.0
2024-05-16,-3.9,-2.41,158.0,93.98,58847,156,165.1,165.1,158.0
2024-05-15,-0.1,-0.06,161.9,22.17,13653,87,165.0,165.0,160.6
2024-05-14,0.5,0.31,162.0,37.2,23049,118,164.7,166.0,160.0
2024-05-13,5.5,3.53,161.5,,233850,435,153.3,163.9,152.9
2024-05-12,1.0,0.65,156.0,16.13,10444,82,158.1,158.1,153.0
2024-05-09,0.2,0.13,155.0,26.27,17067,79,156.8,156.8,153.0
2024-05-08,0.7,0.45,154.8,41.14,26871,95,153.1,156.1,152.5
2024-05-07,-0.6,-0.39,154.1,16.51,10687,72,156.5,156.5,153.8
2024-05-06,-1.2,-0.77,154.7,26.88,17389,82,159.0,159.0,153.2
2024-05-05,0.4,0.26,155.9,15.85,10250,82,154.1,156.9,154.1
2024-05-02,-1.5,-0.96,155.5,28.65,18455,108,160.1,160.1,154.0
2024-04-30,3.0,1.95,157.0,64.13,41072,164,157.0,159.0,154.0
2024-04-29,-0.9,-0.58,154.0,66.94,43305,94,157.9,157.9,153.2
2024-04-28,-1.0,-0.64,154.9,20.31,13163,83,155.8,155.8,153.0
2024-04-25,1.3,0.84,155.9,38.94,25156,101,154.0,156.0,153.1
2024-04-24,-1.3,-0.83,154.6,38.7,24936,86,155.0,157.9,153.0
2024-04-22,-0.9,-0.57,155.9,17.48,11252,66,158.8,158.8,154.2
2024-04-21,-1.2,-0.76,156.8,16.55,10721,86,158.0,160.9,153.2
2024-04-18,1.0,0.64,158.0,26.63,17057,81,157.0,160.0,154.0
2024-04-16,0.2,0.13,157.0,61.71,39765,170,156.1,157.0,154.0
2024-04-15,-2.2,-1.38,156.8,29.26,18651,83,156.1,159.2,156.1
2024-04-14,0.0,0.0,159.0,37.32,23495,103,159.0,160.9,157.0
2024-04-10,0.4,0.25,159.0,32.85,20584,83,160.9,160.9,159.0
2024-04-09,0.2,0.13,158.6,47.89,30242,120,157.0,159.9,157.0
2024-04-07,0.4,0.25,158.4,90.23,57773,170,155.5,158.8,155.3
2024-04-04,0.0,0.0,158.0,30.89,19623,95,156.5,158.5,156.5
2024-04-03,-1.5,-0.94,158.0,31.79,20083,131,159.5,161.1,158.0
2024-04-02,-0.5,-0.31,159.5,34.14,21550,104,158.0,160.0,157.7
2024-04-01,0.0,0.0,160.0,28.26,17691,66,161.8,161.8,158.6
2024-03-31,-0.5,-0.31,160.0,32.29,20245,117,160.0,162.9,158.4
2024-03-28,1.0,0.63,160.5,38.42,24043,137,159.5,161.0,159.0
2024-03-27,-2.0,-1.24,159.5,51.62,32371,132,162.0,162.0,159.0
2024-03-26,-0.5,-0.31,161.5,42.12,26273,118,161.0,162.9,159.3
2024-03-25,-1.8,-1.1,162.0,23.31,14428,94,162.0,163.2,161.0
2024-03-21,-0.9,-0.55,163.8,48.02,29612,121,164.7,164.7,161.5
2024-03-20,1.7,1.04,164.7,44.29,27103,108,166.2,166.2,160.3
2024-03-19,-2.9,-1.75,163.0,44.64,27323,154,165.9,168.0,162.0
2024-03-18,0.9,0.55,165.9,33.29,20148,108,168.3,168.3,165.0
2024-03-17,-0.4,-0.24,165.0,46.59,28156,118,165.5,168.0,164.5
2024-03-14,-1.7,-1.02,165.4,29.95,17970,108,167.0,168.3,165.0
2024-03-13,-2.1,-1.24,167.1,38.08,22660,110,170.0,170.0,166.7
2024-03-12,5.0,3.05,169.2,59.17,35471,169,167.4,170.0,164.7
2024-03-10,0.2,0.12,164.2,25.32,15397,91,165.5,165.5,163.7
2024-03-07,0.0,0.0,164.0,22.04,13372,74,165.0,168.2,163.0
2024-03-06,-2.0,-1.2,164.0,63.27,38364,110,162.7,166.9,159.7
2024-03-05,-3.9,-2.3,166.0,36.78,22234,111,173.2,173.2,163.8
2024-03-04,8.9,5.53,169.9,11.45,6900,12,163.0,169.9,163.0
2024-03-03,0.0,0.0,161.0,38.25,24100,136,160.0,161.2,156.8
2024-02-29,-3.0,-1.83,161.0,85.35,52860,132,161.0,164.0,160.3
2024-02-28,0.1,0.06,164.0,17.28,10568,78,163.0,164.9,163.0
2024-02-27,0.1,0.06,163.9,12.35,7576,65,162.0,164.0,162.0
2024-02-26,1.4,0.86,163.8,37.85,23340,131,164.0,164.0,161.3
2024-02-25,-0.9,-0.55,162.4,58.54,35856,132,163.3,165.0,162.2
2024-02-22,-1.7,-1.03,163.3,49.52,30325,146,164.0,165.0,162.5
2024-02-21,0.5,0.3,165.0,39.25,23727,129,166.8,170.0,164.5
2024-02-20,-0.5,-0.3,164.5,42.32,25649,152,166.0,166.0,164.5
2024-02-18,-0.2,-0.12,165.0,58.84,35463,151,165.0,168.0,164.0
2024-02-15,-0.8,-0.48,165.2,34.95,20998,100,166.0,168.9,165.1
2024-02-14,-1.0,-0.6,166.0,25.78,15570,97,165.5,167.0,165.0
2024-02-13,-0.3,-0.18,167.0,40.19,24154,103,167.0,167.0,165.7
2024-02-12,-0.7,-0.42,167.3,38.06,22671,108,168.6,169.9,166.3
2024-02-11,-1.0,-0.59,168.0,35.87,21357,144,169.0,170.0,167.0
2024-02-07,0.9,0.54,168.4,38.99,23291,127,167.2,168.4,166.5
2024-02-06,1.6,0.96,167.5,25.68,15395,112,168.0,168.2,166.0
2024-02-05,-0.6,-0.36,165.9,55.19,33269,150,166.0,167.0,165.0
2024-02-04,-0.5,-0.3,166.5,45.84,27512,158,168.0,168.0,166.0
2024-02-01,-2.0,-1.18,167.0,69.38,41598,167,168.1,169.0,165.0
2024-01-31,-1.0,-0.59,169.0,64.89,38397,118,168.6,171.0,168.6
2024-01-30,0.0,0.0,170.0,39.84,23535,142,168.5,171.0,168.0
2024-01-29,0.0,0.0,170.0,45.33,26724,123,170.0,172.0,168.2
2024-01-28,0.0,0.0,170.0,37.81,22281,105,170.0,170.5,168.7
2024-01-25,-2.9,-1.68,170.0,80.45,47418,185,175.0,175.0,168.9
2024-01-24,-1.0,-0.58,172.9,43.7,25510,170,173.9,177.0,170.1
2024-01-23,-0.1,-0.06,173.9,31.35,18197,91,177.4,177.4,171.0
2024-01-22,-4.0,-2.25,174.0,,65206,229,174.5,178.0,172.0
2024-01-21,-3.9,-2.14,178.0,,78905,291,178.4,181.0,173.1
2024-01-18,-0.1,-0.05,181.9,78.47,43654,248,180.0,183.2,178.1
2024-01-17,0.0,0.0,182.0,,94183,354,182.0,190.0,181.0
2024-01-16,9.9,5.75,182.0,,91321,340,172.2,184.9,172.2
2024-01-14,-0.8,-0.46,172.1,49.62,28580,148,173.0,176.3,172.1
2024-01-11,-1.1,-0.63,172.9,20.57,11917,116,174.0,174.9,171.9
2024-01-10,4.3,2.53,174.0,89.74,51454,222,172.0,177.4,171.0
2024-01-09,0.2,0.12,169.7,97.98,57823,208,170.0,171.8,168.0
2024-01-08,0.9,0.53,169.5,46.64,27578,158,171.0,171.0,168.0
2024-01-07,-4.4,-2.54,168.6,,63539,228,175.0,175.0,168.6
2024-01-04,-2.6,-1.48,173.0,54.63,31415,134,173.0,176.0,172.1
2024-01-03,1.6,0.92,175.6,61.99,35917,133,171.5,175.6,171.2
2024-01-02,-4.9,-2.74,174.0,56.14,32128,133,176.1,179.0,174.0
2024-01-01,-0.1,-0.06,178.9,58.91,33113,132,180.0,180.0,176.1
2023-12-28,-0.7,-0.39,179.0,48.51,27299,135,177.0,180.4,176.1
2023-12-27,-0.3,-0.17,179.7,62.37,34913,148,183.5,183.5,178.0
2023-12-24,-4.0,-2.17,180.0,79.47,43773,192,182.0,185.0,180.0
2023-12-21,-4.0,-2.13,184.0,,57341,177,187.0,190.0,183.0
2023-12-20,-0.9,-0.48,188.0,,57740,247,190.0,193.8,187.0
2023-12-19,5.9,3.22,188.9,,124833,263,186.5,189.9,181.0
2023-12-18,4.9,2.75,183.0,,77106,275,179.0,188.0,176.1
2023-12-17,4.1,2.36,178.1,66.71,38363,139,171.0,178.1,169.0
2023-12-14,-1.4,-0.8,174.0,33.81,19323,105,177.8,178.0,171.9
2023-12-13,1.5,0.86,175.4,,61773,185,177.0,180.0,168.0
2023-12-12,3.8,2.23,173.9,76.26,44222,153,171.0,174.0,167.7
2023-12-11,0.1,0.06,170.1,95.06,55479,249,173.0,175.0,166.6
2023-12-10,7.5,4.62,170.0,18.58,10931,29,164.0,173.4,164.0
2023-12-07,1.7,1.06,162.5,22.17,13744,72,162.0,162.9,160.0
2023-12-06,-0.1,-0.06,160.8,17.13,10679,63,160.0,163.0,159.8
2023-12-05,-0.1,-0.06,160.9,23.63,14697,91,164.2,164.2,160.4
2023-12-04,-1.0,-0.62,161.0,40.52,25071,101,161.0,164.5,160.1
2023-12-03,-2.0,-1.22,162.0,35.65,22075,81,162.0,163.8,161.0
2023-11-30,-1.0,-0.61,164.0,19.5,11913,59,165.0,165.5,162.3
2023-11-29,2.0,1.23,165.0,23.04,13975,69,163.0,166.0,161.0
2023-11-28,-2.3,-1.39,163.0,32.18,19685,75,162.1,165.0,162.1
2023-11-27,-3.2,-1.9,165.3,41.63,25115,132,166.0,169.0,164.0
2023-11-26,2.5,1.51,168.5,30.29,18108,94,165.0,169.0,165.0
2023-11-23,3.0,1.84,166.0,22.39,13620,57,160.0,166.2,159.9
2023-11-22,2.7,1.68,163.0,24.32,15127,88,160.0,163.0,159.0
2023-11-21,-1.5,-0.93,160.3,15.87,9889,67,160.0,162.0,158.9
2023-11-20,-1.5,-0.92,161.8,22.06,13507,82,165.0,166.0,161.8
2023-11-09,0.7,0.43,163.3,14.83,9131,66,161.0,163.7,161.0
2023-11-08,-0.4,-0.25,162.6,36.37,22450,83,162.2,163.9,160.8
2023-11-07,-0.2,-0.12,163.0,25.44,15533,95,163.5,165.0,163.0
2023-11-06,-1.5,-0.91,163.2,36.38,22140,103,166.0,166.0,163.2
2023-11-05,-3.1,-1.85,164.7,38.65,23468,163,165.7,167.5,163.8
2023-11-02,-1.0,-0.59,167.8,62.44,37237,115,168.0,168.9,166.6
2023-11-01,-1.2,-0.71,168.8,43.35,25711,98,169.1,170.0,167.9
2023-10-31,-1.5,-0.87,170.0,21.76,12822,54,170.1,171.0,169.6
2023-10-30,-1.4,-0.81,171.5,16.08,9435,85,172.0,172.0,168.7
2023-10-29,-2.1,-1.2,172.9,18.15,10613,64,172.0,175.0,170.0
2023-10-19,-3.4,-1.91,175.0,13.47,7596,80,181.0,181.0,175.0
2023-10-18,1.4,0.79,178.4,52.21,29453,152,179.0,179.6,172.6
2023-10-17,5.0,2.91,177.0,58.71,34012,168,174.0,177.0,170.6
2023-10-16,2.5,1.47,172.0,33.0,19602,159,172.8,172.8,167.0
2023-10-12,0.0,0.0,169.5,62.45,36764,140,171.0,172.8,168.1
2023-10-11,1.1,0.65,169.5,20.42,12057,106,170.0,171.3,168.0
2023-10-10,-1.6,-0.94,168.4,34.33,20379,154,172.0,172.0,167.7
2023-10-09,-2.9,-1.68,170.0,64.53,37988,167,172.0,175.0,168.6
2023-10-08,-2.1,-1.2,172.9,43.32,25091,132,178.5,178.5,171.5
2023-10-05,0.0,0.0,175.0,23.96,13817,118,175.0,175.0,172.2
2023-10-04,-3.4,-1.91,175.0,37.59,21397,145,175.0,180.0,174.7
2023-10-03,-1.7,-0.94,178.4,28.47,16109,131,180.0,180.0,176.0
2023-10-02,-5.8,-3.12,180.1,66.3,36898,168,182.2,182.2,177.1
2023-10-01,-1.1,-0.59,185.9,,75030,236,187.0,187.0,183.0
2023-09-27,-0.9,-0.48,187.0,56.7,30458,137,190.9,190.9,185.0
2023-09-26,2.9,1.57,187.9,74.6,39790,158,188.5,190.0,183.2
2023-09-25,-2.0,-1.07,185.0,88.39,47387,182,185.0,189.5,183.6
2023-09-24,2.0,1.08,187.0,90.36,48541,205,185.0,188.8,183.0
2023-09-21,0.0,0.0,185.0,,106516,271,188.7,188.7,180.0
2023-09-19,3.0,1.65,185.0,68.56,37375,145,183.0,186.0,180.0
2023-09-18,1.1,0.61,182.0,51.26,28390,134,180.1,183.0,179.0
2023-09-17,-10.5,-5.49,180.9,,76383,342,188.0,188.0,180.5
2023-09-13,3.9,2.08,191.4,53.72,28478,122,190.7,191.4,185.0
2023-09-12,-0.5,-0.27,187.5,33.02,17612,93,190.0,190.7,185.6
2023-09-11,4.0,2.17,188.0,54.76,29359,161,182.0,190.3,181.0
2023-09-10,2.0,1.1,184.0,46.97,25700,114,181.0,185.0,179.0
2023-09-07,-1.5,-0.82,182.0,28.95,15934,89,185.0,185.0,180.5
2023-09-05,-0.5,-0.27,183.5,42.04,23001,78,185.9,185.9,181.5
2023-09-04,2.0,1.1,184.0,34.83,19081,90,180.0,185.1,180.0
2023-09-03,-2.1,-1.14,182.0,51.5,28240,108,182.6,184.0,182.0
2023-08-30,1.1,0.6,184.1,37.22,20233,104,186.6,186.6,182.6
2023-08-29,-2.0,-1.08,183.0,24.38,13291,95,182.5,185.0,182.0
2023-08-28,-0.4,-0.22,185.0,38.37,20853,111,183.0,187.6,182.5
2023-08-27,-2.6,-1.38,185.4,31.26,16904,114,185.0,188.0,184.4
2023-08-24,-1.9,-1.0,188.0,47.2,25049,99,187.0,193.0,187.0
2023-08-23,1.6,0.85,189.9,51.24,27209,129,189.7,192.0,187.3
2023-08-22,1.3,0.7,188.3,43.35,23219,98,187.0,188.9,185.5
2023-08-21,0.6,0.32,187.0,65.84,35244,113,189.0,189.0,185.0
2023-08-20,-1.7,-0.9,186.4,47.16,25296,134,185.0,188.6,185.0
2023-08-17,1.4,0.75,188.1,57.76,30631,132,186.7,190.0,183.0
2023-08-16,-2.3,-1.22,186.7,64.01,34387,114,192.0,192.0,185.0
2023-08-15,-3.4,-1.77,189.0,68.9,36306,176,193.0,193.0,189.0
2023-08-14,2.4,1.26,192.4,,66895,242,193.0,194.0,191.0
2023-08-13,4.0,2.15,190.0,,58357,278,185.0,191.9,185.0
2023-08-10,3.0,1.64,186.0,44.57,24037,155,186.5,187.0,181.1
2023-08-09,0.1,0.05,183.0,44.67,24626,157,182.6,185.0,178.3
2023-08-08,-5.1,-2.71,182.9,,63609,225,190.0,190.0,181.3
2023-08-07,0.9,0.48,188.0,,75582,218,190.1,190.5,185.0
2023-08-06,-3.8,-1.99,187.1,94.98,50223,239,194.0,194.0,187.0
2023-08-03,0.9,0.47,190.9,77.14,40420,206,193.0,193.7,188.0
2023-08-02,0.0,0.0,190.0,42.48,22444,143,193.8,193.8,187.6
2023-08-01,-2.0,-1.04,190.0,,53139,224,195.0,195.8,189.5
2023-07-31,4.0,2.13,192.0,,91996,311,190.0,194.8,188.0
2023-07-30,3.0,1.62,188.0,,134181,532,188.7,192.4,186.0
2023-07-27,-0.6,-0.32,185.0,86.24,46296,238,189.0,189.0,184.1
2023-07-26,-0.8,-0.43,185.6,,92386,330,186.0,193.5,185.3
2023-07-25,-9.6,-4.9,186.4,,101426,397,199.8,199.8,186.3
2023-07-24,-5.0,-2.49,196.0,,233515,641,201.0,203.0,194.2
2023-07-23,12.0,6.35,201.0,,136256,555,192.7,207.8,188.9
2023-07-20,-4.2,-2.17,189.0,,115934,443,194.0,196.9,187.5
2023-07-19,10.2,5.57,193.2,,173044,631,186.6,195.7,180.0
2023-07-18,4.8,2.69,183.0,,97214,430,180.0,184.9,179.1
2023-07-17,5.1,2.95,178.2,,97645,284,176.0,178.2,172.5
2023-07-16,4.1,2.43,173.1,42.48,24950,121,169.0,173.1,168.6
2023-07-13,-1.9,-1.11,169.0,55.47,32498,146,173.0,173.0,169.0
2023-07-12,1.9,1.12,170.9,51.33,30224,126,168.0,171.0,167.1
2023-07-11,1.9,1.14,169.0,69.24,41297,137,165.1,170.0,165.1
2023-07-10,-0.9,-0.54,167.1,55.33,32842,146,168.0,170.0,167.1
2023-07-09,2.1,1.27,168.0,51.19,30576,142,165.0,169.9,165.0
2023-07-06,-0.1,-0.06,165.9,,79497,227,167.9,168.0,165.0
2023-07-05,-2.0,-1.19,166.0,49.8,29904,172,168.0,170.0,165.2
2023-07-04,-1.0,-0.59,168.0,,62783,218,171.0,171.0,166.3
2023-07-03,-1.1,-0.65,169.0,70.23,41381,200,172.0,173.0,168.3
2023-07-02,-5.3,-3.02,170.1,48.34,28128,144,177.0,177.0,170.0
2023-06-28,-3.5,-1.96,175.4,,60547,265,180.0,181.8,174.0
2023-06-27,6.0,3.47,178.9,,66226,299,172.0,178.9,172.0
2023-06-26,1.9,1.11,172.9,80.18,46861,182,173.0,174.4,169.0
2023-06-25,1.8,1.06,171.0,,102089,308,166.0,173.1,165.9
2023-06-22,-2.7,-1.57,169.2,49.49,29113,170,171.9,172.0,169.1
2023-06-21,-0.1,-0.06,171.9,75.48,43951,138,172.0,173.0,170.2
2023-06-20,-2.0,-1.15,172.0,33.09,19128,109,177.4,177.4,171.7
2023-06-19,-0.1,-0.06,174.0,56.25,32389,152,176.0,176.0,173.0
2023-06-18,-1.4,-0.8,174.1,67.01,38326,166,177.0,177.0,173.3
2023-06-15,-0.5,-0.28,175.5,52.66,30073,139,177.5,179.0,173.1
2023-06-14,3.0,1.73,176.0,,68437,237,171.0,178.0,170.1
2023-06-13,1.2,0.7,173.0,95.2,55381,200,170.3,174.0,170.2
2023-06-12,1.3,0.76,171.8,40.62,23547,141,167.3,176.9,167.3
2023-06-11,1.5,0.89,170.5,72.87,42716,166,169.0,172.3,169.0
2023-06-08,0.0,0.0,169.0,61.89,36548,144,171.0,171.0,168.4
2023-06-07,-1.0,-0.59,169.0,40.24,23686,142,170.0,171.9,169.0
2023-06-06,-1.0,-0.58,170.0,49.56,29190,105,170.0,172.0,168.0
2023-06-05,-1.5,-0.87,171.0,39.33,22945,123,175.9,175.9,170.0
2023-06-04,1.6,0.94,172.5,29.08,16927,94,170.1,174.0,170.0
2023-06-01,-1.0,-0.58,170.9,53.94,31688,163,170.0,171.9,169.0
2023-05-31,-2.8,-1.6,171.9,40.1,23506,117,172.0,172.0,170.0
2023-05-30,-2.3,-1.3,174.7,22.84,13159,82,175.0,175.9,172.5
2023-05-28,-1.9,-1.06,177.0,80.78,45132,202,181.0,181.0,176.0
2023-05-24,1.9,1.07,178.9,33.15,18647,115,176.0,178.9,175.0
2023-05-23,3.8,2.19,177.0,45.96,26041,130,172.1,178.4,172.1
2023-05-22,-1.8,-1.03,173.2,13.06,7537,62,173.0,175.0,172.1
2023-05-21,0.5,0.29,175.0,27.98,16063,97,176.0,176.0,173.1
2023-05-18,3.0,1.75,174.5,31.5,18208,113,168.6,174.9,168.6
2023-05-17,1.6,0.94,171.5,40.51,23913,127,170.0,171.5,168.1
2023-05-16,-0.7,-0.41,169.9,13.37,7913,68,169.0,170.0,168.2
2023-05-15,-0.2,-0.12,170.6,16.83,9905,71,170.0,170.8,169.0
2023-05-14,-0.2,-0.12,170.8,16.63,9777,95,172.0,172.0,169.0
2023-05-11,1.0,0.59,171.0,20.22,11915,67,168.0,171.1,168.0
2023-05-10,0.4,0.24,170.0,27.04,16000,97,170.0,171.0,168.2
2023-05-09,-0.4,-0.24,169.6,20.04,11798,74,171.9,171.9,169.0
2023-05-08,-1.0,-0.58,170.0,72.93,43099,139,170.2,171.6,168.0
2023-05-07,-1.5,-0.87,171.0,24.66,14402,97,174.0,174.0,170.2
2023-05-04,1.1,0.64,172.5,28.94,16855,72,172.0,172.9,170.3
2023-05-03,0.4,0.23,171.4,13.97,8156,59,173.3,173.3,170.1
2023-05-02,-0.6,-0.35,171.0,29.87,17427,89,171.6,173.0,170.7
2023-04-30,-2.4,-1.38,171.6,30.73,17848,109,174.0,174.0,171.6
2023-04-27,0.1,0.06,174.0,16.78,9712,95,172.0,175.0,170.6
2023-04-26,-1.1,-0.63,173.9,11.24,6452,79,173.0,177.0,173.0
2023-04-25,1.0,0.57,175.0,30.88,17785,97,174.0,176.0,172.6
2023-04-24,-0.3,-0.17,174.0,20.53,11909,78,173.0,174.0,171.1
2023-04-23,-4.7,-2.63,174.3,45.99,26440,145,177.0,179.0,173.0
2023-04-20,-2.0,-1.1,179.0,37.38,21022,102,180.1,180.1,177.0
2023-04-19,3.9,2.2,181.0,57.16,31788,136,175.1,182.0,175.0
2023-04-18,0.0,0.0,177.1,25.62,14491,83,175.0,178.7,175.0
2023-04-17,-3.7,-2.05,177.1,28.42,15955,111,180.0,182.0,177.1
2023-04-16,-1.2,-0.66,180.8,24.12,13340,108,184.0,184.0,180.0
2023-04-13,-2.0,-1.09,182.0,79.54,43201,205,185.7,188.0,180.4
2023-04-12,10.0,5.75,184.0,71.02,39492,187,175.0,184.0,175.0
2023-04-11,3.2,1.87,174.0,40.9,23860,152,171.9,174.2,170.0
2023-04-10,0.4,0.23,170.8,31.16,18249,138,170.0,171.9,169.0
2023-04-09,-2.6,-1.5,170.4,52.18,30458,158,172.0,173.5,170.1
2023-04-06,0.1,0.06,173.0,33.94,19601,128,176.0,176.3,172.0
2023-04-05,0.1,0.06,172.9,34.53,20023,119,174.0,174.0,170.6
2023-04-04,-0.2,-0.12,172.8,56.98,33035,108,172.0,173.9,172.0
2023-04-03,-1.5,-0.86,173.0,76.29,44415,203,173.0,174.8,171.0
2023-04-02,-4.4,-2.46,174.5,66.31,37800,209,178.9,186.0,173.6
2023-03-30,-0.1,-0.06,178.9,17.73,9924,86,181.4,181.5,178.0
2023-03-29,-1.0,-0.56,179.0,18.35,10298,106,182.6,182.6,177.6
2023-03-28,3.0,1.69,180.0,64.94,36245,259,179.5,182.0,176.4
2023-03-27,-1.0,-0.56,177.0,51.72,29191,149,175.0,179.5,175.0
2023-03-26,-2.0,-1.11,178.0,57.98,32590,165,179.0,181.9,176.4
2023-03-23,0.0,0.0,180.0,61.79,34455,168,178.0,182.0,177.2
2023-03-22,0.0,0.0,180.0,47.64,26482,138,180.2,181.4,179.3
2023-03-20,1.0,0.56,180.0,56.28,31291,152,179.0,181.0,179.0
2023-03-19,-1.0,-0.56,179.0,27.89,15499,130,180.0,182.0,179.0
2023-03-16,0.5,0.28,180.0,45.39,25393,120,179.0,181.0,178.0
2023-03-15,-2.5,-1.37,179.5,41.16,22921,140,184.0,184.4,178.0
2023-03-14,4.0,2.25,182.0,22.63,12516,95,180.5,182.0,178.0
2023-03-13,-6.0,-3.26,178.0,,60396,257,184.0,184.0,178.0
2023-03-12,-5.0,-2.65,184.0,28.51,15390,129,189.0,190.0,184.0
2023-03-09,7.0,3.85,189.0,57.32,31175,132,183.6,189.0,182.1
2023-03-07,-0.5,-0.27,182.0,19.15,10503,93,183.0,183.8,179.4
2023-03-05,-0.2,-0.11,182.5,17.59,9640,78,182.0,184.0,181.0
2023-03-02,-1.4,-0.76,182.7,27.85,15120,117,185.0,187.6,182.7
2023-03-01,-2.9,-1.55,184.1,26.79,14515,95,189.7,189.7,183.0
2023-02-28,0.0,0.0,187.0,18.21,9800,109,189.6,189.6,184.4
2023-02-27,1.0,0.54,187.0,35.75,19292,139,188.0,188.0,183.5
2023-02-26,-2.0,-1.06,186.0,35.87,19434,146,184.9,186.0,182.1
2023-02-23,0.9,0.48,188.0,54.52,29005,148,186.0,189.5,185.1
2023-02-22,1.1,0.59,187.1,38.39,20470,117,186.5,189.0,186.5
2023-02-20,0.0,0.0,186.0,55.58,30035,179,188.7,188.7,184.0
2023-02-16,-1.1,-0.59,186.0,75.53,40614,174,186.0,189.7,185.0
2023-02-15,-1.8,-0.95,187.1,35.37,18832,140,190.0,190.0,187.0
2023-02-14,-1.8,-0.94,188.9,30.98,16310,116,187.2,191.7,187.2
2023-02-12,-4.6,-2.36,190.7,,53958,231,193.0,193.0,186.2
2023-02-09,-0.7,-0.36,195.3,63.44,32409,137,195.0,198.8,194.3
2023-02-08,0.9,0.46,196.0,,53591,238,197.9,201.6,195.4
2023-02-07,5.1,2.68,195.1,,57561,219,190.0,196.0,188.2
2023-02-06,-1.7,-0.89,190.0,39.74,20880,109,193.8,193.8,190.0
2023-02-05,2.9,1.54,191.7,,53777,175,190.9,192.0,188.3
2023-02-02,-1.7,-0.89,188.8,57.41,30338,128,190.0,191.0,188.0
2023-02-01,-0.5,-0.26,190.5,45.55,23972,146,190.0,191.0,189.1
2023-01-31,-2.0,-1.04,191.0,61.8,32376,179,191.0,193.0,190.0
2023-01-30,-1.4,-0.72,193.0,87.21,45137,196,193.4,194.8,191.6
2023-01-29,-2.6,-1.32,194.4,80.36,40999,196,196.0,198.0,194.3
2023-01-26,0.0,-1.01,197.0,,48834,0,200.0,201.0,196.1
2023-01-25,0.0,-1.09,199.0,,57993,0,199.8,201.0,198.4
2023-01-24,0.0,0.1,201.2,,31987,0,199.1,202.4,199.0
2023-01-23,0.0,-2.14,201.0,,56437,0,205.0,205.0,200.1
2023-01-19,0.0,0.69,205.4,,43986,0,200.3,207.0,200.3
2023-01-18,0.0,-0.97,204.0,,63465,0,206.0,209.0,202.5
2023-01-17,0.0,0.0,206.0,,71903,0,208.0,208.9,202.0
2023-01-12,0.0,-2.37,206.0,,104354,0,215.0,219.5,205.1
2023-01-10,0.0,3.18,211.0,,174920,0,206.0,224.0,206.0
2023-01-09,0.0,3.28,204.5,,84790,0,199.9,208.0,196.0
2023-01-08,0.0,0.25,198.0,,66868,0,200.0,200.0,196.5
2023-01-05,0.0,0.3,197.5,,85486,0,199.0,201.0,195.2
2023-01-04,0.0,2.02,196.9,,47054,0,195.8,197.0,192.1
2023-01-03,0.0,-0.62,193.0,,51132,0,196.0,197.0,192.0
2023-01-02,0.0,1.15,194.2,,79667,0,192.0,198.9,192.0
2023-01-01,0.0,0.52,192.0,,70226,0,193.8,195.0,188.0
2022-12-29,0.0,2.69,191.0,,44676,0,186.0,191.3,185.0
2022-12-28,0.0,-0.53,186.0,,42044,0,187.1,188.5,185.0
2022-12-27,0.0,3.31,187.0,,69135,0,183.0,190.0,183.0
2022-12-26,0.0,2.84,181.0,,40917,0,178.5,182.0,178.5
2022-12-22,0.0,-1.12,176.0,,35292,0,180.0,180.0,175.0
2022-12-21,0.0,-1.06,178.0,,66136,0,177.0,180.0,176.5
2022-12-20,0.0,1.07,179.9,,31584,0,180.5,180.5,177.0
2022-12-19,0.0,-0.28,178.0,,21583,0,178.5,180.0,176.3
2022-12-18,0.0,-0.83,178.5,,26901,0,178.0,180.0,176.5
2022-12-15,0.0,0.0,180.0,,21500,0,178.0,180.4,178.0
2022-12-14,0.0,-0.44,180.0,,31822,0,180.8,181.5,177.2
2022-12-13,0.0,-0.11,180.8,,21918,0,180.1,181.0,178.4
2022-12-12,0.0,0.0,181.0,,18001,0,183.0,184.6,179.0
2022-12-11,0.0,0.17,181.0,,18089,0,180.5,182.0,179.7
2022-12-07,0.0,-0.44,180.7,,19377,0,184.0,184.0,180.6
2022-12-06,0.0,-0.38,181.5,,14558,0,183.0,183.9,181.2
2022-12-05,0.0,-0.55,182.2,,29551,0,185.0,185.0,182.1
2022-12-04,0.0,-0.65,183.2,,68156,0,183.0,184.9,182.5
2022-12-01,0.0,0.22,184.4,,16339,0,187.0,187.0,183.0
2022-11-30,0.0,-0.49,184.0,,14340,0,186.0,186.0,183.0
2022-11-29,0.0,-0.05,184.9,,26592,0,186.9,186.9,183.4
2022-11-28,0.0,-0.64,185.0,,28475,0,188.0,189.9,184.0
2022-11-27,0.0,-0.27,186.2,,25997,0,188.0,190.0,185.0
2022-11-24,0.0,1.36,186.7,,11093,0,184.0,187.0,184.0
2022-11-23,0.0,-1.5,184.2,,14958,0,185.0,187.0,184.0
2022-11-22,0.0,0.11,187.0,,13462,0,186.8,188.9,186.0
2022-11-17,0.0,1.52,186.8,,44241,0,184.1,188.5,183.7
2022-11-16,0.0,0.55,184.0,,42295,0,181.0,184.4,181.0
2022-11-15,0.0,0.0,183.0,,20368,0,183.0,184.0,182.3
2022-11-14,0.0,-0.27,183.0,,23040,0,182.1,185.0,182.1
2022-11-13,0.0,-0.6,183.5,,18425,0,185.0,185.9,183.0
2022-11-10,0.0,-0.86,184.6,,40508,0,189.8,189.8,183.0
2022-11-09,0.0,-0.96,186.2,,67215,0,190.0,190.0,186.2
2022-11-08,0.0,0.0,188.0,,373395,0,190.0,190.0,186.0
2022-11-07,0.0,0.0,188.0,,34139,0,188.0,190.2,187.1
2022-11-06,0.0,-0.53,188.0,,39125,0,190.0,190.0,185.0
2022-11-03,0.0,-1.05,189.0,,34464,0,190.0,192.0,185.0
2022-11-02,0.0,0.0,191.0,,54942,0,194.0,194.0,187.2
2022-11-01,0.0,0.53,191.0,,62301,0,193.8,193.8,190.0
2022-10-31,0.0,2.76,190.0,,40901,0,188.5,195.8,184.8
2022-10-23,0.0,0.43,184.9,,20378,0,187.7,188.0,184.0
2022-10-20,0.0,0.05,184.1,,14443,0,184.0,187.0,181.0
2022-10-19,0.0,-1.87,184.0,,24590,0,187.5,187.5,183.0
2022-10-17,0.0,-1.57,187.5,,31568,0,190.0,192.0,186.8
2022-10-16,0.0,-7.03,190.5,,31686,0,200.9,200.9,190.0
2022-10-13,0.0,0.42,204.9,,125954,0,202.7,206.0,201.4
2022-10-12,0.0,1.98,201.1,,30677,0,197.0,201.1,195.7
2022-10-11,0.0,1.02,197.2,,22333,0,195.2,198.9,195.2
2022-10-10,0.0,-1.91,195.2,,32696,0,199.1,200.0,194.1
2022-10-09,0.0,1.84,199.0,,42410,0,199.0,201.0,195.0
2022-09-29,0.0,4.77,195.4,,30469,0,187.7,195.4,186.5
2022-09-28,0.0,0.81,186.5,,21898,0,187.0,187.9,183.6
2022-09-27,0.0,1.65,185.0,,31869,0,180.0,188.0,180.0
2022-09-25,0.0,-3.24,182.0,,86595,0,187.0,187.0,181.4
2022-09-22,0.0,0.0,188.1,,26651,0,188.0,190.1,186.5
2022-09-21,0.0,-0.27,188.1,,17182,0,190.0,190.0,186.0
2022-09-20,0.0,-1.26,188.6,,30901,0,188.5,190.0,186.3
2022-09-18,0.0,-0.68,191.0,,23706,0,190.0,193.0,189.0
2022-09-16,0.0,-0.77,192.3,,21984,0,191.0,194.0,188.8
2022-09-15,0.0,-2.37,193.8,,31701,0,198.0,198.0,193.0
2022-09-14,0.0,2.06,198.5,,24364,0,194.5,198.5,194.5
2022-09-13,0.0,0.78,194.5,,13739,0,194.9,196.0,193.0
2022-09-12,0.0,-0.21,193.0,,19242,0,192.0,194.8,191.0
2022-09-11,0.0,-0.31,193.4,,11299,0,196.0,196.0,193.4
2022-09-08,0.0,-0.46,194.0,,21602,0,194.9,196.0,193.0
2022-09-07,0.0,-0.1,194.9,,25476,0,196.0,196.0,194.0
2022-09-06,0.0,-0.76,195.1,,30319,0,197.0,197.0,195.0
2022-09-05,0.0,-0.2,196.6,,10680,0,196.0,198.0,196.0
2022-09-04,0.0,1.03,197.0,,18626,0,194.2,198.8,194.2
2022-09-02,0.0,-0.51,195.0,,32212,0,197.8,197.9,195.0
2022-09-01,0.0,-0.2,196.0,,27151,0,196.0,198.0,194.2
2022-08-31,0.0,-0.86,196.4,,25607,0,199.0,199.8,196.1
2022-08-30,0.0,0.05,198.1,,19300,0,201.4,202.0,197.6
2022-08-29,0.0,0.0,198.0,,29409,0,199.9,199.9,197.0
2022-08-28,0.0,-0.9,198.0,,26871,0,200.0,200.0,197.6
2022-08-26,0.0,-0.6,199.8,,20675,0,202.0,202.0,199.0
2022-08-25,0.0,-0.5,201.0,,26542,0,203.9,204.0,200.0
2022-08-24,0.0,-0.25,202.0,,16458,0,204.0,205.2,202.0
2022-08-23,0.0,0.3,202.5,,30334,0,201.0,203.4,201.0
2022-08-22,0.0,0.35,201.9,,19446,0,201.2,203.0,200.0
2022-08-21,0.0,-0.64,201.2,,22968,0,204.0,204.0,201.1
2022-08-18,0.0,0.5,202.5,,19008,0,202.9,202.9,200.1
2022-08-17,0.0,0.4,201.5,,23912,0,202.0,202.0,200.0
2022-08-16,0.0,-1.13,200.7,,47996,0,200.1,204.7,200.1
2022-08-15,0.0,1.65,203.0,,41953,0,203.6,203.6,199.8
2022-08-14,0.0,-0.65,199.7,,44581,0,203.0,203.0,199.6
2022-08-11,0.0,0.45,201.0,,36396,0,204.1,204.1,199.9
2022-08-10,0.0,-0.2,200.1,,42974,0,204.5,204.5,199.0
2022-08-09,0.0,-1.28,200.5,,38609,0,203.5,204.0,200.5
2022-08-08,0.0,0.2,203.1,,49080,0,205.0,206.0,202.6
2022-08-07,0.0,-0.64,202.7,,31014,0,200.0,209.0,200.0
2022-08-05,0.0,-1.69,204.0,,34768,0,204.2,207.0,203.5
2022-08-04,0.0,-2.03,207.5,,57404,0,214.0,214.0,207.3
2022-08-03,0.0,-0.52,211.8,,42484,0,212.9,215.0,210.5
2022-08-02,0.0,-0.88,212.9,,38687,0,216.9,216.9,211.5
2022-08-01,0.0,1.27,214.8,,88889,0,213.0,217.8,210.0
2022-07-31,0.0,4.48,212.1,,102088,0,203.0,213.1,202.0
2022-07-29,0.0,-0.49,203.0,,38929,0,205.0,205.5,201.0
2022-07-28,0.0,-0.1,204.0,,53253,0,204.2,206.5,203.5
2022-07-27,0.0,-0.87,204.2,,35374,0,204.0,206.0,202.0
2022-07-26,0.0,-2.09,206.0,,63938,0,208.0,209.1,202.9
2022-07-25,0.0,1.64,210.4,,139787,0,207.1,210.8,204.0
2022-07-24,0.0,2.48,207.0,,48513,0,205.0,214.0,205.0
2022-07-22,0.0,-1.61,202.0,,38166,0,205.3,205.9,200.0
2022-07-21,0.0,0.15,205.3,,38693,0,204.1,213.0,204.1
2022-07-20,0.0,-0.97,205.0,,21981,0,209.0,209.0,204.0
2022-07-19,0.0,0.49,207.0,,30922,0,206.0,208.8,205.0
2022-07-18,0.0,0.49,206.0,,23912,0,204.9,208.0,202.0
2022-07-17,0.0,1.23,205.0,,19661,0,203.8,205.9,202.1
2022-07-15,0.0,1.3,202.5,,31021,0,200.0,202.5,198.0
2022-07-14,0.0,-1.04,199.9,,38117,0,201.0,203.0,199.6
2022-07-13,0.0,1.0,202.0,,85765,0,196.2,202.0,195.0
2022-07-12,0.0,1.01,200.0,,80121,0,199.9,201.9,194.0
2022-07-11,0.0,-1.98,198.0,,78240,0,202.0,202.0,196.5
2022-07-08,0.0,-1.22,202.0,,40923,0,205.0,205.0,200.5
2022-07-07,0.0,-0.68,204.5,,34952,0,208.0,208.0,203.8
2022-07-06,0.0,-0.05,205.9,,48895,0,208.0,208.0,203.5
2022-07-05,0.0,-0.05,206.0,,38261,0,205.1,209.0,204.3
2022-07-04,0.0,-1.39,206.1,,67348,0,210.5,213.8,206.0
2022-07-03,0.0,0.48,209.0,,37667,0,205.0,212.0,204.1
2022-07-01,0.0,-1.89,208.0,,85633,0,214.0,214.8,204.0
2022-06-30,0.0,1.44,212.0,,49590,0,211.0,216.7,209.0
2022-06-29,0.0,0.0,209.0,,16768,0,209.0,210.0,206.2
2022-06-28,0.0,0.43,209.0,,9288,0,208.0,213.0,208.0
2022-06-27,0.0,-3.88,208.1,,30383,0,220.8,220.8,208.1
2022-06-26,0.0,4.09,216.5,,34944,0,210.0,216.5,208.0
2022-06-24,0.0,1.22,208.0,,16014,0,206.0,211.1,202.2
2022-06-23,0.0,-2.61,205.5,,23458,0,207.5,209.0,205.0
2022-06-22,0.0,-1.17,211.0,,12381,0,213.0,213.0,210.0
2022-06-21,0.0,2.25,213.5,,23644,0,205.0,213.9,205.0
2022-06-20,0.0,-1.04,208.8,,31666,0,211.0,211.0,207.0
2022-06-19,0.0,-1.63,211.0,,28025,0,216.0,216.0,211.0
2022-06-17,0.0,-1.47,214.5,,79643,0,219.0,220.0,213.7
2022-06-16,0.0,0.42,217.7,,17539,0,218.0,220.0,213.7
2022-06-15,0.0,-0.55,216.8,,21534,0,222.3,222.3,215.0
2022-06-14,0.0,-1.8,218.0,,12249,0,220.0,220.0,217.0
2022-06-13,0.0,-0.49,222.0,,73734,0,222.0,224.0,219.0
2022-06-10,0.0,0.04,223.1,,14903,0,227.4,227.4,219.0
2022-06-09,0.0,-1.33,223.0,,16505,0,230.5,230.5,222.8
2022-06-08,0.0,4.15,226.0,,26120,0,219.0,229.0,218.0
2022-06-07,0.0,-1.81,217.0,,36354,0,217.0,220.0,217.0
2022-06-06,0.0,-1.78,221.0,,25049,0,224.0,226.8,220.0
2022-06-03,0.0,-1.32,225.0,,22738,0,232.5,232.5,223.2
2022-06-02,0.0,-1.3,228.0,,15294,0,231.1,231.1,228.0
2022-06-01,0.0,-0.09,231.0,,9470,0,230.1,234.0,228.0
2022-05-31,0.0,-1.2,231.2,,18638,0,230.0,235.5,228.0
2022-05-30,0.0,-2.5,234.0,,46876,0,244.8,244.8,230.0
2022-05-27,0.0,-1.6,240.0,,12251,0,245.8,246.5,239.0
2022-05-26,0.0,1.67,243.9,,18058,0,244.6,244.6,238.0
2022-05-25,0.0,0.42,239.9,,16145,0,239.0,239.9,237.0
2022-05-24,0.0,0.38,238.9,,16993,0,242.7,242.7,237.0
2022-05-23,0.0,-1.65,238.0,,34502,0,246.8,246.8,233.0
2022-05-20,0.0,0.0,242.0,,14046,0,240.0,242.0,238.0
2022-05-19,0.0,-0.41,242.0,,6764,0,240.3,245.0,240.2
2022-05-18,0.0,0.0,243.0,,24854,0,241.0,244.0,239.0
2022-05-17,0.0,-2.8,243.0,,11151,0,250.0,250.0,242.0
2022-05-12,0.0,0.44,250.0,,26823,0,250.4,251.9,248.9
2022-05-11,0.0,1.38,248.9,,16101,0,245.5,249.0,243.9
2022-05-10,0.0,1.03,245.5,,24043,0,241.0,245.6,241.0
2022-05-09,0.0,1.25,243.0,,13934,0,244.8,244.8,240.0
2022-05-08,0.0,0.04,240.0,,13050,0,239.9,241.9,236.0
2022-05-05,0.0,-0.87,239.9,,23752,0,240.0,244.7,237.0
2022-05-04,0.0,-2.62,242.0,,24961,0,253.4,253.4,242.0
2022-05-02,0.0,-1.47,248.5,,19742,0,248.0,253.9,248.0
2022-04-28,0.0,-0.71,252.2,,12082,0,259.0,259.0,251.1
2022-04-27,0.0,0.0,254.0,,11974,0,252.0,259.0,250.0
2022-04-26,0.0,-1.93,254.0,,11949,0,253.9,258.0,251.0
2022-04-25,0.0,-0.38,259.0,,10559,0,260.0,262.2,251.0
2022-04-24,0.0,3.59,260.0,,35274,0,256.0,262.0,250.9
2022-04-21,0.0,-0.44,251.0,,27257,0,257.1,257.1,247.0
2022-04-20,0.0,-0.36,252.1,,15678,0,258.0,258.0,251.2
2022-04-19,0.0,-0.39,253.0,,21524,0,259.0,259.0,250.0
2022-04-18,0.0,-1.28,254.0,,27210,0,257.4,257.4,252.0
2022-04-17,0.0,-0.35,257.3,,19884,0,263.3,263.3,257.0
2022-04-13,0.0,0.94,258.2,,20038,0,260.0,260.0,253.0
2022-04-12,0.0,-0.85,255.8,,20362,0,263.0,263.0,255.0
2022-04-11,0.0,-1.71,258.0,,17472,0,265.0,267.7,257.1
2022-04-07,0.0,1.35,262.5,,41647,0,263.0,263.0,256.1
2022-04-06,0.0,0.19,259.0,,24893,0,257.0,260.0,255.0
2022-04-05,0.0,-2.27,258.5,,30700,0,269.7,269.7,257.2
2022-04-04,0.0,0.65,264.5,,39208,0,257.6,264.9,257.6
2022-04-03,0.0,-0.49,262.8,,12671,0,262.0,264.0,260.1
2022-03-31,0.0,0.0,264.1,,31949,0,265.0,269.0,264.1
2022-03-30,0.0,-1.79,264.1,,31295,0,268.9,269.7,264.0
2022-03-29,0.0,-0.04,268.9,,27506,0,269.0,269.8,265.1
2022-03-28,0.0,0.0,269.0,,36866,0,265.1,269.0,265.1
2022-03-27,0.0,0.0,269.0,,50005,0,270.0,270.1,264.0
2022-03-24,0.0,-1.32,269.0,,28722,0,270.0,273.0,269.0
2022-03-23,0.0,-0.73,272.6,,12929,0,271.0,276.0,271.0
2022-03-22,0.0,0.26,274.6,,20686,0,274.0,278.0,274.0
2022-03-21,0.0,0.29,273.9,,27354,0,271.0,274.0,271.0
2022-03-20,0.0,0.04,273.1,,39300,0,274.0,275.8,273.0
2022-03-16,0.0,-1.44,273.0,,28297,0,275.0,276.9,271.6
2022-03-15,0.0,0.0,277.0,,49252,0,272.2,277.0,271.0
2022-03-14,0.0,-0.36,277.0,,7990,0,274.0,278.6,273.1
2022-03-13,0.0,4.12,278.0,,53275,0,267.0,278.0,267.0
2022-03-10,0.0,1.91,267.0,,38364,0,260.0,267.0,257.0
2022-03-09,0.0,-0.76,262.0,,52715,0,264.0,265.0,259.1
2022-03-07,0.0,0.0,264.0,,43843,0,258.8,270.0,258.8
2022-03-06,0.0,-0.19,264.0,,40619,0,259.3,266.9,259.3
2022-03-02,0.0,-0.94,264.5,,51986,0,269.0,269.0,263.1
2022-02-28,0.0,-1.48,267.0,,52955,0,274.0,276.0,265.0
2022-02-27,0.0,-0.4,271.0,,49476,0,270.2,275.0,270.0
2022-02-24,0.0,-2.47,272.1,,51622,0,275.0,278.0,271.0
2022-02-23,0.0,-0.71,279.0,,19117,0,286.0,286.5,277.0
2022-02-22,0.0,0.72,281.0,,26651,0,284.0,284.4,279.0
2022-02-21,0.0,1.09,279.0,,45058,0,277.0,281.0,274.0
2022-02-20,0.0,-2.78,276.0,,48330,0,278.3,278.9,270.0
2022-02-17,0.0,-0.04,283.9,,28581,0,288.0,288.0,280.0
2022-02-16,0.0,-1.05,284.0,,34924,0,290.0,290.0,282.0
2022-02-15,0.0,3.99,287.0,,60010,0,276.4,287.8,275.0
2022-02-14,0.0,-0.43,276.0,,52721,0,275.0,283.0,274.1
2022-02-13,0.0,-2.87,277.2,,102103,0,280.0,285.3,277.0
2022-02-10,0.0,-0.9,285.4,,34925,0,285.0,291.0,285.0
2022-02-09,0.0,-1.37,288.0,,52541,0,290.5,293.0,288.0
2022-02-08,0.0,0.0,292.0,,67467,0,298.8,300.0,290.0
2022-02-07,0.0,0.0,293.0,,56532,0,292.0,294.0,290.0
2022-02-06,0.0,-2.01,293.0,,52818,0,299.0,299.0,291.6
2022-02-03,0.0,0.0,299.0,,83422,0,298.0,305.0,298.0
2022-02-01,0.0,1.36,299.0,,65227,0,294.7,300.0,291.5
2022-01-31,0.0,-0.81,295.0,,51049,0,300.0,300.0,292.2
2022-01-30,0.0,3.26,297.4,,47952,0,293.0,305.0,292.0
2022-01-27,0.0,-0.69,288.0,,51813,0,290.8,292.0,288.0
2022-01-26,0.0,-1.43,290.0,,53807,0,290.0,294.0,288.0
2022-01-25,0.0,-0.94,294.2,,60973,0,302.9,302.9,286.0
2022-01-24,0.0,-3.57,297.0,,167990,0,314.1,314.1,295.0
2022-01-23,0.0,-0.96,308.0,,69624,0,317.2,317.2,306.2
2022-01-20,0.0,0.0,311.0,,62177,0,306.0,313.8,306.0
2022-01-19,0.0,-1.89,311.0,,84891,0,323.3,323.3,310.0
2022-01-18,0.0,2.26,317.0,,160750,0,315.0,322.4,308.1
2022-01-17,0.0,0.65,310.0,,96469,0,313.0,317.0,308.0
2022-01-16,0.0,1.82,308.0,,136545,0,302.5,313.0,302.9
2022-01-13,0.0,0.77,302.5,,83258,0,302.0,305.0,299.1
2022-01-12,0.0,-1.57,300.2,,89506,0,311.1,311.1,299.9
2022-01-11,0.0,-0.16,305.0,,72783,0,300.0,310.9,300.0
2022-01-10,0.0,-1.45,305.5,,122812,0,316.2,316.2,304.8
2022-01-09,0.0,2.65,310.0,,145308,0,308.0,315.0,302.2
2022-01-06,0.0,3.04,302.0,,83901,0,290.0,302.0,289.0
2022-01-05,0.0,-2.95,293.1,,115846,0,301.9,305.0,293.0
2022-01-04,0.0,8.24,302.0,,177847,0,280.0,303.9,276.2
2022-01-03,0.0,2.01,279.0,,78601,0,278.9,281.9,270.4
2022-01-02,0.0,0.89,273.5,,66900,0,276.5,276.5,266.8
2021-12-29,0.0,-0.33,271.1,,35926,0,274.5,277.0,270.3
2021-12-28,0.0,-0.37,272.0,,76636,0,270.0,274.0,266.0
2021-12-27,0.0,-2.47,273.0,,139381,0,279.0,282.0,272.0
2021-12-26,0.0,0.86,279.9,,104929,0,283.0,283.0,275.0
2021-12-23,0.0,0.84,277.5,,62037,0,280.7,280.7,271.0
2021-12-22,0.0,2.88,275.2,,74702,0,272.8,278.9,270.0
2021-12-21,0.0,1.71,267.5,,44841,0,260.0,268.8,260.0
2021-12-20,0.0,-1.13,263.0,,38255,0,271.3,271.3,256.0
2021-12-16,0.0,0.0,266.0,,23603,0,261.0,268.0,260.0
2021-12-15,0.0,0.3,266.0,,56025,0,270.0,275.0,263.9
2021-12-14,0.0,4.0,265.2,,27582,0,260.0,266.2,258.0
2021-12-13,0.0,-2.11,255.0,,61621,0,260.0,260.0,252.9
2021-12-12,0.0,-3.16,260.5,,64740,0,268.5,272.0,260.0
2021-12-09,0.0,0.56,269.0,,47539,0,265.0,272.0,265.0
2021-12-08,0.0,-1.33,267.5,,62677,0,276.5,276.5,266.1
2021-12-07,0.0,-1.42,271.1,,38307,0,278.0,281.0,271.0
2021-12-06,0.0,2.69,275.0,,61945,0,266.79,275.4,262.0
2021-12-05,0.0,-1.72,267.8,,44317,0,270.5,273.0,267.0
2021-12-02,0.0,-1.27,272.5,,35259,0,274.0,280.0,272.0
2021-12-01,0.0,-0.33,276.0,,78618,0,273.0,279.0,273.0
2021-11-30,0.0,-0.04,276.9,,100867,0,275.0,280.0,272.3
2021-11-29,0.0,-0.72,277.0,,39598,0,275.0,287.0,274.0
2021-11-28,0.0,-3.29,279.0,,83213,0,285.0,289.0,279.0
2021-11-25,0.0,1.05,288.5,,80074,0,287.0,295.9,282.2
2021-11-24,0.0,-0.94,285.5,,32371,0,288.2,289.0,282.0
2021-11-23,0.0,-0.65,288.2,,48777,0,294.0,294.0,287.0
2021-11-22,0.0,-0.65,290.1,,39057,0,292.0,294.0,290.0
2021-11-21,0.0,-1.02,292.0,,46614,0,295.0,297.0,292.0
2021-11-18,0.0,-1.01,295.0,,66139,0,298.0,299.0,294.5
2021-11-17,0.0,-0.33,298.0,,45290,0,299.5,301.0,296.1
2021-11-16,0.0,2.4,299.0,,55536,0,293.0,299.0,291.0
2021-11-15,0.0,0.52,292.0,,45621,0,290.9,296.0,290.0
2021-11-14,0.0,-0.17,290.5,,67234,0,291.0,293.0,288.0
2021-11-11,0.0,-2.02,291.0,,65927,0,296.0,296.0,290.0
2021-11-09,0.0,-2.46,297.0,,64444,0,306.0,306.0,295.0
2021-11-08,0.0,1.16,304.5,,70098,0,305.0,306.0,300.0
2021-11-03,0.0,-1.54,301.0,,84965,0,311.8,311.8,300.0
2021-11-02,0.0,2.21,305.7,,82575,0,300.0,305.7,298.0
2021-11-01,0.0,0.0,299.1,,99298,0,305.0,306.0,298.1
2021-10-31,0.0,-0.3,299.1,,68081,0,304.0,304.0,298.0
2021-10-28,0.0,-0.37,300.0,,73426,0,301.0,302.0,297.0
2021-10-27,0.0,-2.08,301.1,,69422,0,307.9,310.0,295.0
2021-10-26,0.0,1.85,307.5,,72306,0,305.0,314.0,304.0
2021-10-25,0.0,4.83,301.9,,71311,0,289.0,304.0,288.0
2021-10-24,0.0,-0.69,288.0,,67927,0,294.0,294.0,285.0
2021-10-21,0.0,-3.01,290.0,,76382,0,300.0,300.0,288.3
2021-10-20,0.0,1.36,299.0,,91193,0,296.0,310.0,294.0
2021-10-19,0.0,-4.22,295.0,,107813,0,305.0,305.0,294.0
2021-10-18,0.0,-3.14,308.0,,100504,0,320.0,321.0,307.0
2021-10-17,0.0,-1.24,318.0,,62211,0,322.0,322.0,312.0
2021-10-11,0.0,-3.45,322.0,,158663,0,338.1,338.1,315.0
2021-10-10,0.0,-5.38,333.5,,155014,0,352.48,352.48,333.0
2021-10-06,0.0,0.76,398.0,,576421,0,402.0,403.0,395.0
2021-10-05,0.0,2.04,395.0,,170416,0,385.0,399.0,385.0
2021-10-04,0.0,-0.87,387.1,,130142,0,391.0,394.9,383.0
2021-10-03,0.0,-1.39,390.5,,119466,0,401.0,403.0,390.0
2021-09-30,0.0,-0.23,396.0,,218640,0,404.8,404.8,393.0
2021-09-29,0.0,3.36,396.9,,231042,0,391.6,399.4,379.0
2021-09-28,0.0,-1.54,384.0,,146962,0,390.0,395.0,380.0
2021-09-27,0.0,-2.5,390.0,,179215,0,398.9,399.0,386.0
2021-09-26,0.0,-2.08,400.0,,426933,0,416.0,416.6,397.0
2021-09-23,0.0,3.42,408.5,,353656,0,402.9,420.0,402.9
2021-09-22,0.0,4.22,395.0,,322422,0,386.0,395.0,383.0
2021-09-21,0.0,-0.86,379.0,,220489,0,375.0,392.0,370.0
2021-09-20,0.0,-3.7,382.3,,237831,0,400.0,401.0,381.0
2021-09-16,0.0,-3.17,397.0,,227891,0,410.0,410.0,395.0
2021-09-15,0.0,0.0,410.0,,257029,0,415.0,415.0,404.0
2021-09-14,0.0,0.24,410.0,,260962,0,410.0,416.0,403.0
2021-09-13,0.0,2.51,409.0,,250406,0,401.0,409.9,399.0
2021-09-12,0.0,2.49,399.0,,131251,0,397.0,400.0,389.1
2021-09-09,0.0,-0.21,389.3,,117952,0,390.0,397.0,387.1
2021-09-08,0.0,-1.98,390.1,,148906,0,399.5,399.5,387.1
2021-09-07,0.0,-2.33,398.0,,157169,0,406.0,406.0,394.6
2021-09-06,0.0,3.43,407.5,,225226,0,390.1,407.5,386.2
2021-09-05,0.0,-2.26,394.0,,344974,0,395.1,405.9,389.0
2021-09-02,0.0,0.27,403.1,,383535,0,405.3,410.0,401.0
2021-09-01,0.0,2.55,402.0,,260289,0,393.0,407.0,392.0
2021-08-31,0.0,-2.24,392.0,,227667,0,401.0,403.0,389.2
2021-08-29,0.0,-1.96,401.0,,235824,0,406.2,411.0,400.0
2021-08-26,0.0,0.0,409.0,,203462,0,410.0,415.0,406.2
2021-08-25,0.0,-2.2,409.0,,201222,0,411.0,416.0,408.6
2021-08-24,0.0,-0.19,418.2,,274705,0,427.3,427.3,418.0
2021-08-19,0.0,0.96,419.0,,380886,0,416.0,425.3,413.0
2021-08-18,0.0,2.34,415.0,,264985,0,405.5,419.0,402.0
2021-08-17,0.0,-0.61,405.5,,255692,0,408.0,412.0,405.0
2021-08-16,0.0,-0.49,408.0,,197134,0,413.0,413.0,406.0
2021-08-15,0.0,-1.44,410.0,,211278,0,416.0,423.0,408.0
2021-08-12,0.0,-0.26,416.0,,134961,0,417.1,421.0,413.0
2021-08-11,0.0,-1.16,417.1,,127367,0,422.0,426.0,413.6
2021-08-10,0.0,3.81,422.0,,304420,0,406.5,428.0,405.0
2021-08-09,0.0,-0.85,406.5,,141113,0,410.0,411.0,405.2
2021-08-08,0.0,-0.73,410.0,,155499,0,420.0,420.0,409.0
2021-08-05,0.0,-0.48,413.0,,137215,0,415.0,418.0,412.0
2021-08-04,0.0,0.44,415.0,,160549,0,415.0,417.0,412.0
2021-08-03,0.0,-0.39,413.2,,78711,0,420.0,420.0,412.2
2021-08-02,0.0,-0.05,414.8,,191478,0,415.0,417.0,410.0
2021-08-01,0.0,-1.19,415.0,,315540,0,428.0,428.0,412.5
2021-07-29,0.0,0.24,420.0,,130681,0,420.0,421.0,415.0
2021-07-28,0.0,-1.64,419.0,,210129,0,427.0,432.0,417.5
2021-07-27,0.0,-0.26,426.0,,300118,0,420.0,429.8,410.0
2021-07-26,0.0,-3.37,427.1,,443437,0,443.0,443.0,425.0
2021-07-25,0.0,4.96,442.0,,386623,0,428.0,444.0,425.0
2021-07-22,0.0,2.83,421.1,,359456,0,410.0,424.9,410.0
2021-07-20,0.0,0.37,409.5,,175285,0,416.0,416.0,405.0
2021-07-19,0.0,-0.24,408.0,,377425,0,409.0,418.0,406.2
2021-07-18,0.0,5.96,409.0,,396445,0,391.0,411.0,391.0
2021-07-15,0.0,-0.52,386.0,,134590,0,393.0,393.0,386.0
2021-07-14,0.0,-0.51,388.0,,95063,0,390.0,390.0,384.0
2021-07-13,0.0,1.56,390.0,,99223,0,400.0,400.0,380.0
2021-07-12,0.0,-2.29,384.0,,345617,0,397.0,397.0,380.0
2021-07-11,0.0,3.42,393.0,,231301,0,381.0,394.0,381.0
2021-07-08,0.0,2.7,380.0,,268355,0,370.0,381.0,370.0
2021-07-07,0.0,-0.27,370.0,,70635,0,373.0,374.0,369.0
2021-07-06,0.0,-0.27,371.0,,50909,0,372.0,373.0,368.0
2021-07-05,0.0,-0.27,372.0,,91999,0,375.0,375.0,371.0
2021-07-04,0.0,-0.53,373.0,,88948,0,382.0,382.0,371.0
2021-07-01,0.0,0.0,375.0,,70222,0,381.0,381.0,373.0
2021-06-30,0.0,0.0,375.0,,112099,0,393.0,393.0,366.0
2021-06-29,0.0,-2.09,375.0,,94313,0,382.0,385.0,373.0
2021-06-28,0.0,0.0,383.0,,173361,0,390.0,392.0,381.0
2021-06-27,0.0,3.51,383.0,,247017,0,374.0,392.0,363.0
2021-06-24,0.0,-0.54,370.0,,162716,0,370.0,378.0,365.0
2021-06-23,0.0,-2.87,372.0,,204253,0,390.0,390.0,368.0
2021-06-22,0.0,2.68,383.0,,229883,0,360.0,384.0,360.0
2021-06-21,0.0,-2.61,373.0,,253927,0,402.0,402.0,372.0
2021-06-20,0.0,-3.04,383.0,,355191,0,395.0,398.0,377.0
2021-06-17,0.0,-1.25,395.0,,187322,0,400.0,400.0,392.0
2021-06-16,0.0,0.25,400.0,,219079,0,405.0,410.0,393.0
2021-06-15,0.0,-1.48,399.0,,359953,0,410.0,414.0,399.0
2021-06-14,0.0,3.32,405.0,,409054,0,399.0,417.0,393.0
2021-06-13,0.0,1.55,392.0,,248175,0,386.0,392.0,379.0
2021-06-10,0.0,-0.52,386.0,,213236,0,390.0,393.0,378.0
2021-06-09,0.0,-0.01,388.0,,205706,0,396.0,400.0,387.0
2021-06-08,0.0,2.34,393.0,,433277,0,384.0,400.0,380.0
2021-06-07,0.0,-2.54,384.0,,448769,0,400.0,400.0,381.0
2021-06-06,0.0,5.91,394.0,,741066,0,380.0,400.0,380.0
2021-06-03,0.0,7.83,372.0,,623647,0,350.0,379.0,348.0
2021-06-02,0.0,1.47,345.0,,199892,0,340.0,346.0,334.0
2021-06-01,0.0,-0.58,340.0,,184840,0,350.0,350.0,337.0
2021-05-31,0.0,-1.16,342.0,,335168,0,350.0,355.0,341.0
2021-05-30,0.0,3.9,346.0,,382736,0,340.0,350.0,334.0
2021-05-27,0.0,0.0,333.0,,198039,0,330.0,338.0,325.0
2021-05-25,0.0,-1.19,333.0,,179616,0,340.0,342.0,331.0
2021-05-24,0.0,-0.88,337.0,,307661,0,345.0,350.0,335.0
2021-05-23,0.0,3.66,340.0,,291651,0,328.0,341.0,319.0
2021-05-20,0.0,1.86,328.0,,191786,0,325.0,331.0,322.0
2021-05-19,0.0,0.31,322.0,,179071,0,324.0,328.0,321.0
2021-05-18,0.0,0.63,321.0,,118792,0,321.0,322.0,317.0
2021-05-17,0.0,0.0,319.0,,131073,0,320.0,323.0,316.0
2021-05-16,0.0,2.24,319.0,,96853,0,315.0,320.0,314.0
2021-05-13,0.0,0.0,312.0,,65574,0,313.0,313.0,310.0
2021-05-12,0.0,-0.32,312.0,,47960,0,312.0,314.0,310.0
2021-05-11,0.0,0.32,313.0,,60738,0,297.0,316.0,297.0
2021-05-10,0.0,0.0,312.0,,24399,0,312.0,313.0,309.0
2021-05-09,0.0,0.32,312.0,,148286,0,315.0,318.0,306.0
2021-05-06,0.0,0.65,311.0,,94579,0,294.0,313.0,294.0
2021-05-05,0.0,0.32,309.0,,40681,0,308.0,310.0,307.0
2021-05-04,0.0,0.0,308.0,,60231,0,307.0,311.0,306.0
2021-05-03,0.0,-1.6,308.0,,86085,0,315.0,316.0,308.0
2021-05-02,0.0,1.29,313.0,,125022,0,305.0,314.0,304.0
2021-04-29,0.0,0.98,309.0,,46051,0,306.0,310.0,305.0
2021-04-28,0.0,-0.97,306.0,,70856,0,309.0,311.0,303.0
2021-04-27,0.0,2.32,309.0,,92328,0,302.0,311.0,300.0
2021-04-26,0.0,-2.27,302.0,,111891,0,308.0,311.0,302.0
2021-04-25,0.0,-2.52,309.0,,157125,0,315.0,315.0,304.0
2021-04-22,0.0,0.32,317.0,,106569,0,331.0,331.0,310.0
2021-04-21,0.0,-1.25,316.0,,211775,0,325.0,329.0,313.0
2021-04-20,0.0,0.95,320.0,,436084,0,325.0,325.0,316.0
2021-04-19,0.0,-1.85,318.0,,313952,0,320.0,328.0,316.0
2021-04-18,0.0,-2.7,324.0,,256605,0,317.0,340.0,317.0
2021-04-15,0.0,2.15,333.0,,352743,0,335.0,340.0,328.0
2021-04-13,0.0,2.19,326.0,,231878,0,319.0,328.0,319.0
2021-04-12,0.0,2.57,319.0,,144639,0,314.0,319.0,313.0
2021-04-08,0.0,0.32,311.0,,75713,0,315.0,315.0,310.0
2021-04-07,0.0,-0.64,310.0,,131475,0,310.0,316.0,307.0
2021-04-06,0.0,0.32,312.0,,118446,0,310.0,315.0,306.0
2021-04-05,0.0,-1.58,311.0,,107979,0,318.0,321.0,310.0
2021-04-04,0.0,1.94,316.0,,183850,0,311.0,318.0,311.0
2021-04-01,0.0,0.65,310.0,,159849,0,310.0,315.0,307.0
2021-03-31,0.0,1.32,308.0,,88243,0,304.0,309.0,304.0
2021-03-30,0.0,-0.33,304.0,,86172,0,320.0,320.0,301.0
2021-03-29,0.0,0.66,305.0,,75906,0,303.0,307.0,302.0
2021-03-25,0.0,-1.3,303.0,,73876,0,308.0,310.0,300.0
2021-03-24,0.0,3.02,307.0,,124622,0,300.0,310.0,298.0
2021-03-23,0.0,-0.67,298.0,,70391,0,299.0,301.0,297.0
2021-03-22,0.0,-1.64,300.0,,70102,0,307.0,308.0,299.0
2021-03-21,0.0,1.33,305.0,,98660,0,316.0,316.0,301.0
2021-03-18,0.0,1.01,301.0,,79501,0,312.0,312.0,297.0
2021-03-17,0.0,1.37,297.0,,41488,0,289.0,300.0,289.0
2021-03-16,0.0,0.69,293.0,,84099,0,291.0,294.0,288.0
2021-03-15,0.0,-0.68,291.0,,87434,0,290.0,300.0,288.0
2021-03-14,0.0,-2.33,293.0,,83747,0,296.0,298.0,292.0
2021-03-10,0.0,-0.33,300.0,,87499,0,300.0,305.0,300.0
2021-03-09,0.0,-1.95,301.0,,108232,0,301.0,305.0,300.0
2021-03-08,0.0,0.99,307.0,,205559,0,304.0,311.0,300.0
2021-03-04,0.0,2.7,304.0,,115818,0,300.0,304.0,299.0
2021-03-03,0.0,-1.33,296.0,,127323,0,300.0,300.0,290.0
2021-03-02,0.0,-1.96,300.0,,174396,0,307.0,307.0,295.0
2021-03-01,0.0,0.0,306.0,,195425,0,284.0,308.0,284.0
2021-02-28,0.0,-2.93,298.0,,179297,0,304.0,305.0,297.0
2021-02-25,0.0,0.0,307.0,,173192,0,314.0,314.0,305.0
2021-02-24,0.0,-0.32,312.0,,143562,0,310.0,322.0,307.0
2021-02-23,0.0,-0.95,313.0,,165395,0,315.0,315.0,303.0
2021-02-22,0.0,-3.36,316.0,,176273,0,327.0,327.0,314.0
2021-02-21,0.0,-0.01,327.0,,231683,0,333.0,333.0,322.0
2021-02-18,0.0,0.02,329.0,,232299,0,315.0,330.0,315.0
2021-02-17,0.0,0.0,322.0,,166826,0,322.0,324.0,317.0
2021-02-16,0.0,0.03,322.0,,260331,0,315.0,329.0,309.0
2021-02-15,0.0,0.03,313.0,,197185,0,309.0,314.0,306.0
2021-02-14,0.0,-0.03,303.0,,220258,0,310.0,312.0,301.0
2021-02-11,0.0,0.01,312.0,,310032,0,308.0,316.0,308.0
2021-02-10,0.0,0.02,308.0,,204499,0,316.0,316.0,295.0
2021-02-09,0.0,-0.01,300.0,,223275,0,305.0,307.0,300.0
2021-02-08,0.0,0.04,302.0,,365984,0,294.0,302.0,291.0
2021-02-07,0.0,-0.01,290.0,,157792,0,280.0,299.0,280.0
2021-02-04,0.0,0.0,292.0,,161961,0,291.0,296.0,290.0
2021-02-03,0.0,0.03,291.0,,310145,0,288.0,311.0,288.0
2021-02-02,0.0,0.01,283.0,,165001,0,290.0,290.0,279.0
2021-02-01,0.0,0.01,279.0,,97860,0,275.0,287.0,275.0
2021-01-31,0.0,-0.03,275.0,,193411,0,280.0,282.0,272.0
2021-01-28,0.0,-0.03,284.0,,177644,0,292.0,293.0,283.0
2021-01-27,0.0,-0.01,293.0,,89889,0,295.0,297.0,292.0
2021-01-26,0.0,-0.01,295.0,,156193,0,300.0,300.0,292.0
2021-01-25,0.0,0.0,297.0,,137988,0,300.0,300.0,292.0
2021-01-24,0.0,0.0,296.0,,147747,0,300.0,305.0,291.0
2021-01-21,0.0,0.01,295.0,,234859,0,300.0,303.0,293.0
2021-01-20,0.0,0.01,293.0,,168765,0,292.0,297.0,290.0
2021-01-19,0.0,-0.03,290.0,,229137,0,300.0,300.0,289.0
2021-01-18,0.0,0.01,298.0,,190433,0,300.0,300.0,295.0
2021-01-17,0.0,0.0,296.0,,152985,0,296.0,298.0,291.0
2021-01-13,0.0,-0.01,295.0,,159760,0,305.0,305.0,293.0
2021-01-12,0.0,0.01,299.0,,203343,0,296.0,300.0,288.0
2021-01-11,0.0,-0.04,296.0,,251101,0,312.0,312.0,293.0
2021-01-10,0.0,0.05,307.0,,386128,0,306.0,307.0,293.0
2021-01-07,0.0,0.02,292.0,,358693,0,288.0,294.0,283.0
2021-01-06,0.0,0.02,287.0,,235280,0,282.0,290.0,280.0
2021-01-05,0.0,0.04,281.0,,261794,0,270.0,288.0,265.0
2021-01-04,0.0,-0.01,270.0,,479816,0,272.0,287.0,267.0
2021-01-03,0.0,0.07,272.0,,337138,0,253.0,273.0,253.0
2020-12-31,0.0,0.03,254.0,,279572,0,250.0,258.0,247.0
2020-12-30,0.0,0.01,247.0,,113122,0,244.0,248.0,244.0
2020-12-29,0.0,0.02,245.0,,160376,0,239.0,249.0,239.0
2020-12-28,0.0,0.0,241.0,,145259,0,238.0,243.0,238.0
2020-12-27,0.0,0.0,240.0,,93729,0,245.0,249.0,237.0
2020-12-24,0.0,0.0,241.0,,84007,0,240.0,244.0,239.0
2020-12-23,0.0,-0.01,241.0,,180520,0,246.0,253.0,240.0
2020-12-22,0.0,0.05,243.0,,179196,0,236.0,246.0,233.0
2020-12-21,0.0,0.01,232.0,,140047,0,226.0,238.0,222.0
2020-12-20,0.0,-0.03,230.0,,121309,0,240.0,240.0,228.0
2020-12-17,0.0,0.0,238.0,,142385,0,238.0,242.0,235.0
2020-12-16,0.0,-0.01,237.0,,49123,0,250.0,250.0,236.0
2020-12-15,0.0,-0.01,239.0,,77897,0,240.0,244.0,238.0
2020-12-14,0.0,0.01,242.0,,143577,0,250.0,250.0,238.0
2020-12-13,0.0,0.03,239.0,,113267,0,242.0,242.0,231.0
2020-12-10,0.0,0.0,231.0,,65952,0,230.0,233.0,228.0
2020-12-09,0.0,-0.01,231.0,,98750,0,230.0,235.0,230.0
2020-12-08,0.0,-0.01,234.0,,110680,0,247.0,247.0,234.0
2020-12-07,0.0,0.02,236.0,,99683,0,242.0,242.0,230.0
2020-12-06,0.0,-0.05,231.0,,172682,0,244.0,244.0,230.0
2020-12-03,0.0,-0.02,244.0,,106052,0,254.0,254.0,243.0
2020-12-02,0.0,0.0,249.0,,216282,0,250.0,250.0,244.0
2020-12-01,0.0,-0.03,249.0,,229726,0,257.0,260.0,244.0
2020-11-30,0.0,-0.02,257.0,,366008,0,274.0,278.0,253.0
2020-11-29,0.0,0.1,261.0,,417143,0,241.0,261.0,241.0
2020-11-26,0.0,0.03,238.0,,222820,0,235.0,246.0,235.0
2020-11-25,0.0,0.02,252.0,,371053,0,250.0,256.0,246.0
2020-11-24,0.0,0.0,246.0,,98778,0,258.0,258.0,243.0
2020-11-23,0.0,0.0,246.0,,174376,0,247.0,251.0,243.0
2020-11-22,0.0,0.04,247.0,,274698,0,242.0,249.0,240.0
2020-11-19,0.0,0.0,238.0,,106527,0,243.0,244.0,237.0
2020-11-18,0.0,0.0,240.0,,105328,0,240.0,242.0,236.0
2020-11-12,0.0,0.0,238.0,,79887,0,234.0,240.0,234.0
2020-11-11,0.0,1.3,234.0,,52445,0,232.0,235.0,231.0
2020-11-10,0.0,0.0,231.0,,111310,0,231.0,234.0,230.0
2020-11-09,0.0,-0.86,231.0,,104025,0,224.0,235.0,224.0
2020-11-08,0.0,0.43,233.0,,89526,0,234.0,236.0,232.0
2020-11-05,0.0,-0.43,232.0,,88066,0,236.0,236.0,232.0
2020-11-04,0.0,-0.43,233.0,,62713,0,233.0,235.0,232.0
2020-11-03,0.0,0.86,234.0,,75511,0,232.0,237.0,232.0
2020-11-02,0.0,-2.11,232.0,,111441,0,237.0,238.0,232.0
2020-11-01,0.0,-0.84,237.0,,135786,0,242.0,242.0,235.0
2020-10-29,0.0,-0.83,239.0,,295967,0,253.0,253.0,238.0
2020-10-28,0.0,9.55,241.0,,456474,0,225.0,242.0,225.0
2020-10-22,0.0,-0.45,220.0,,93641,0,222.0,222.0,219.0
2020-10-21,0.0,0.45,221.0,,56875,0,223.0,224.0,218.0
2020-10-20,0.0,0.0,220.0,,72684,0,225.0,225.0,219.0
2020-10-19,0.0,3.29,220.0,,125528,0,214.0,224.0,213.0
2020-10-18,0.0,-0.93,213.0,,30984,0,220.0,220.0,212.0
2020-10-15,0.0,0.0,215.0,,35095,0,218.0,219.0,213.0
2020-10-14,0.0,-0.46,215.0,,33569,0,214.0,217.0,213.0
2020-10-13,0.0,-1.37,216.0,,54842,0,210.0,220.0,210.0
2020-10-12,0.0,0.92,219.0,,38207,0,217.0,219.0,213.0
2020-10-11,0.0,-1.81,217.0,,73674,0,220.0,222.0,216.0
2020-10-08,0.0,-0.45,221.0,,78663,0,221.0,226.0,220.0
2020-10-07,0.0,0.91,222.0,,83043,0,221.0,225.0,218.0
2020-10-06,0.0,-0.9,220.0,,67620,0,224.0,224.0,218.0
2020-10-05,0.0,2.3,222.0,,199758,0,216.0,231.0,216.0
2020-10-04,0.0,1.4,217.0,,119678,0,217.0,218.0,213.0
2020-10-01,0.0,2.39,214.0,,110411,0,211.0,215.0,210.0
2020-09-30,0.0,0.48,209.0,,50056,0,204.0,210.0,204.0
2020-09-29,0.0,-2.35,208.0,,33830,0,210.0,211.0,208.0
2020-09-28,0.0,0.47,213.0,,68104,0,215.0,217.0,210.0
2020-09-27,0.0,2.42,212.0,,152800,0,208.0,216.0,207.0
2020-09-24,0.0,1.47,207.0,,66787,0,202.0,209.0,202.0
2020-09-23,0.0,0.0,204.0,,38028,0,205.0,205.0,201.0
2020-09-22,0.0,-2.39,204.0,,90800,0,207.0,209.0,201.0
2020-09-21,0.0,0.48,209.0,,122040,0,210.0,212.0,205.0
2020-09-20,0.0,2.46,208.0,,114980,0,213.0,213.0,205.0
2020-09-17,0.0,3.57,203.0,,103836,0,205.0,205.0,194.0
2020-09-16,0.0,0.51,196.0,,43447,0,194.0,196.0,193.0
2020-09-15,0.0,-0.51,195.0,,47575,0,198.0,200.0,194.0
2020-09-14,0.0,0.0,196.0,,61095,0,196.0,199.0,195.0
2020-09-13,0.0,1.03,196.0,,46209,0,203.0,203.0,191.0
2020-09-10,0.0,0.0,194.0,,40875,0,194.0,197.0,192.0
2020-09-09,0.0,0.0,194.0,,29906,0,192.0,194.0,192.0
2020-09-08,0.0,0.0,194.0,,33357,0,192.0,195.0,192.0
2020-09-07,0.0,-0.51,194.0,,41749,0,195.0,195.0,192.0
2020-09-06,0.0,0.52,195.0,,56911,0,202.0,203.0,194.0
2020-09-03,0.0,-1.52,194.0,,35840,0,198.0,199.0,194.0
2020-09-02,0.0,2.07,197.0,,62447,0,196.0,198.0,194.0
2020-08-31,0.0,-0.52,193.0,,62981,0,193.0,196.0,192.0
2020-08-30,0.0,0.0,194.0,,20730,0,194.0,194.0,191.0
2020-08-27,0.0,-1.52,194.0,,45878,0,200.0,204.0,194.0
2020-08-26,0.0,2.07,197.0,,37107,0,193.0,198.0,192.0
2020-08-25,0.0,-0.52,193.0,,16641,0,194.0,195.0,192.0
2020-08-24,0.0,0.52,194.0,,19219,0,191.0,197.0,191.0
2020-08-23,0.0,0.0,193.0,,14989,0,195.0,196.0,190.0
2020-08-20,0.0,1.05,193.0,,12716,0,190.0,193.0,190.0
2020-08-19,0.0,-1.04,191.0,,37133,0,190.0,193.0,190.0
2020-08-18,0.0,-1.03,193.0,,21697,0,195.0,196.0,193.0
2020-08-17,0.0,0.52,195.0,,19727,0,192.0,195.0,191.0
2020-08-16,0.0,-2.02,194.0,,29924,0,195.0,196.0,193.0
2020-08-13,0.0,-1.49,198.0,,42795,0,197.0,200.0,195.0
2020-08-12,0.0,0.0,201.0,,30709,0,199.0,202.0,198.0
2020-08-11,0.0,0.0,201.0,,35252,0,210.0,210.0,198.0
2020-08-10,0.0,2.03,201.0,,54068,0,197.0,201.0,196.0
2020-08-09,0.0,0.51,197.0,,35451,0,199.0,199.0,193.0
2020-08-06,0.0,1.03,196.0,,45975,0,194.0,198.0,193.0
2020-08-05,0.0,-1.02,195.0,,39412,0,197.0,200.0,194.0
2020-08-03,0.0,1.03,197.0,,40578,0,195.0,197.0,191.0
2020-08-02,0.0,-0.51,195.0,,62141,0,197.0,199.0,194.0
2020-07-30,0.0,0.0,196.0,,17313,0,196.0,198.0,194.0
2020-07-29,0.0,-2.0,196.0,,39571,0,198.0,200.0,196.0
2020-07-28,0.0,0.0,200.0,,41744,0,199.0,201.0,199.0
2020-07-27,0.0,-0.99,201.0,,33724,0,200.0,204.0,200.0
2020-07-26,0.0,1.0,203.0,,48485,0,202.0,204.0,199.0
2020-07-23,0.0,-0.5,201.0,,22688,0,212.0,212.0,197.0
2020-07-22,0.0,-1.46,202.0,,31673,0,207.0,210.0,199.0
2020-07-21,0.0,-1.44,205.0,,70175,0,207.0,209.0,203.0
2020-07-20,0.0,1.96,208.0,,142944,0,214.0,224.0,202.0
2020-07-19,0.0,5.15,204.0,,30,0,197.0,204.0,197.0
2020-07-16,0.0,3.19,194.0,,27595,0,190.0,196.0,190.0
2020-07-15,0.0,1.08,188.0,,28221,0,186.0,188.0,185.0
2020-07-14,0.0,0.54,186.0,,21912,0,184.0,186.0,183.0
2020-07-13,0.0,-0.54,185.0,,18021,0,189.0,189.0,183.0
2020-07-12,0.0,0.54,186.0,,18591,0,185.0,191.0,183.0
2020-07-09,0.0,-0.54,185.0,,31474,0,185.0,188.0,183.0
2020-07-08,0.0,-2.62,186.0,,25367,0,191.0,192.0,185.0
2020-07-07,0.0,2.14,191.0,,22034,0,184.0,194.0,184.0
2020-07-06,0.0,1.63,187.0,,24947,0,184.0,192.0,183.0
2020-07-05,0.0,-0.54,184.0,,21920,0,182.0,186.0,176.0
2020-07-02,0.0,-6.57,185.0,,7729,0,201.0,201.0,183.0
2020-07-01,0.0,10.0,198.0,,4143,0,182.0,198.0,182.0
2020-06-30,0.0,4.05,180.0,,2569,0,171.0,180.0,170.0
2020-06-29,0.0,-4.0,173.0,,12624,0,172.0,172.0,164.0
2020-05-13,0.0,-2.78,175.0,,23,0,177.0,177.0,175.0
2020-03-22,0.0,-2.7,180.0,,3796,0,183.0,184.0,180.0
2020-03-19,0.0,0.0,185.0,,55519,0,182.0,188.0,177.0
2020-03-18,0.0,-0.54,185.0,,50199,0,184.0,185.0,180.0
2020-03-17,0.0,-2.62,186.0,,38982,0,190.0,190.0,184.0
2020-03-16,0.0,0.53,191.0,,44594,0,187.0,193.0,184.0
2020-03-15,0.0,-2.56,190.0,,65859,0,192.0,192.0,185.0
2020-03-12,0.0,-3.47,195.0,,51492,0,202.0,203.0,193.0
2020-03-11,0.0,5.21,202.0,,51654,0,195.0,202.0,190.0
2020-03-10,0.0,-5.88,192.0,,51278,0,200.0,200.0,192.0
2020-03-05,0.0,-1.92,204.0,,62896,0,205.0,208.0,202.0
2020-03-04,0.0,-1.89,208.0,,109394,0,212.0,215.0,204.0
2020-03-03,0.0,-0.47,212.0,,105104,0,213.0,223.0,205.0
2020-03-02,0.0,-4.91,213.0,,81135,0,221.0,224.0,213.0
2020-03-01,0.0,-2.61,224.0,,185284,0,230.0,240.0,224.0
2020-02-27,0.0,5.02,230.0,,196970,0,215.0,230.0,209.0
2020-02-26,0.0,2.82,219.0,,108347,0,216.0,219.0,213.0
2020-02-25,0.0,0.95,213.0,,53606,0,210.0,213.0,207.0
2020-02-24,0.0,0.0,211.0,,122290,0,211.0,220.0,209.0
2020-02-23,0.0,6.03,211.0,,132558,0,201.0,218.0,199.0
2020-02-20,0.0,0.0,199.0,,28890,0,199.0,200.0,196.0
2020-02-19,0.0,0.51,199.0,,23910,0,197.0,200.0,197.0
2020-02-18,0.0,0.0,198.0,,58010,0,200.0,205.0,195.0
2020-02-17,0.0,2.06,198.0,,46332,0,197.0,200.0,196.0
2020-02-16,0.0,0.0,194.0,,26503,0,196.0,196.0,191.0
2020-02-13,0.0,-0.51,194.0,,17855,0,195.0,198.0,193.0
2020-02-12,0.0,-1.52,195.0,,25704,0,200.0,200.0,195.0
2020-02-11,0.0,2.06,198.0,,21786,0,196.0,199.0,194.0
2020-02-10,0.0,-0.51,194.0,,16190,0,194.0,196.0,193.0
2020-02-09,0.0,-1.52,195.0,,11077,0,197.0,198.0,195.0
2020-02-06,0.0,0.0,198.0,,14612,0,198.0,199.0,197.0
2020-02-05,0.0,-0.5,198.0,,17835,0,199.0,200.0,197.0
2020-02-04,0.0,-1.97,199.0,,20044,0,203.0,203.0,199.0
2020-02-03,0.0,1.5,203.0,,33047,0,203.0,205.0,200.0
2020-02-02,0.0,2.56,200.0,,59216,0,197.0,204.0,195.0
2020-01-30,0.0,1.56,195.0,,29778,0,192.0,198.0,191.0
2020-01-29,0.0,1.05,192.0,,25062,0,191.0,194.0,190.0
2020-01-28,0.0,-1.04,190.0,,29650,0,194.0,195.0,190.0
2020-01-27,0.0,1.05,192.0,,18704,0,189.0,197.0,189.0
2020-01-26,0.0,-2.05,191.0,,39225,0,193.0,194.0,190.0
2020-01-23,0.0,-1.02,195.0,,36287,0,195.0,201.0,194.0
2020-01-22,0.0,-1.99,197.0,,15152,0,205.0,205.0,197.0
2020-01-21,0.0,-0.99,201.0,,36742,0,201.0,207.0,200.0
2020-01-20,0.0,-4.69,203.0,,83732,0,209.0,210.0,201.0
2020-01-19,0.0,1.91,213.0,,48217,0,213.0,213.0,209.0
2020-01-16,0.0,2.96,209.0,,64105,0,207.0,214.0,204.0
2020-01-15,0.0,2.53,203.0,,41925,0,201.0,206.0,198.0
2020-01-14,0.0,-2.46,198.0,,23479,0,204.0,204.0,198.0
2020-01-13,0.0,2.01,203.0,,83368,0,202.0,205.0,199.0
2020-01-12,0.0,2.06,198.0,,24556,0,193.0,199.0,193.0
2020-01-09,0.0,0.52,194.0,,8453,0,193.0,196.0,192.0
2020-01-08,0.0,-2.53,193.0,,27516,0,200.0,200.0,193.0
2020-01-07,0.0,1.54,198.0,,36650,0,196.0,200.0,193.0
2020-01-06,0.0,4.84,195.0,,46510,0,189.0,198.0,188.0
2020-01-05,0.0,2.76,186.0,,14943,0,178.0,189.0,181.0
2020-01-02,0.0,-1.09,181.0,,5731,0,182.0,183.0,181.0
2020-01-01,0.0,1.1,183.0,,3921,0,181.0,183.0,181.0
2019-12-31,0.0,-0.55,181.0,,13368,0,181.0,183.0,180.0
2019-12-30,0.0,0.0,182.0,,7439,0,182.0,182.0,180.0
2019-12-29,0.0,0.0,182.0,,7622,0,182.0,182.0,180.0
2019-12-26,0.0,-0.55,182.0,,5034,0,182.0,183.0,181.0
2019-12-25,0.0,0.55,183.0,,17496,0,182.0,183.0,180.0
2019-12-24,0.0,-0.55,182.0,,9076,0,182.0,185.0,182.0
2019-12-23,0.0,0.0,183.0,,8221,0,182.0,185.0,182.0
2019-12-22,0.0,-0.54,183.0,,7386,0,183.0,184.0,182.0
2019-12-19,0.0,-1.08,184.0,,7853,0,184.0,186.0,184.0
2019-12-18,0.0,0.54,186.0,,3913,0,187.0,187.0,186.0
2019-12-17,0.0,-0.54,185.0,,7561,0,185.0,187.0,185.0
2019-12-16,0.0,-1.06,186.0,,6202,0,190.0,190.0,186.0
2019-12-15,0.0,-0.53,188.0,,19584,0,190.0,193.0,188.0
2019-12-12,0.0,0.0,189.0,,6690,0,189.0,189.0,185.0
2019-12-11,0.0,2.72,189.0,,7202,0,185.0,190.0,184.0
2019-12-10,0.0,-1.6,184.0,,15232,0,187.0,188.0,184.0
2019-12-09,0.0,2.75,187.0,,8672,0,183.0,187.0,182.0
2019-12-08,0.0,-0.55,182.0,,3405,0,183.0,183.0,181.0
2019-12-05,0.0,0.55,183.0,,5007,0,184.0,186.0,183.0
2019-12-04,0.0,-0.55,182.0,,3403,0,182.0,184.0,181.0
2019-12-03,0.0,1.1,183.0,,7072,0,181.0,184.0,180.0
2019-12-02,0.0,0.56,181.0,,2372,0,179.0,183.0,179.0
2019-12-01,0.0,0.0,180.0,,6267,0,180.0,181.0,178.0
2019-11-28,0.0,0.0,180.0,,13164,0,180.0,181.0,179.0
2019-11-27,0.0,0.0,180.0,,5675,0,180.0,182.0,179.0
2019-11-26,0.0,-1.1,180.0,,13398,0,182.0,183.0,180.0
2019-11-25,0.0,0.0,182.0,,34136,0,181.0,184.0,180.0
2019-11-24,0.0,-0.55,182.0,,12841,0,182.0,182.0,180.0
2019-11-21,0.0,-0.54,183.0,,9698,0,185.0,186.0,182.0
2019-11-20,0.0,-1.08,184.0,,8031,0,186.0,187.0,184.0
2019-11-19,0.0,0.54,186.0,,1971,0,185.0,186.0,184.0
2019-11-18,0.0,-0.54,185.0,,5086,0,187.0,187.0,185.0
2019-11-17,0.0,-0.53,186.0,,11381,0,186.0,187.0,185.0
2019-11-14,0.0,-0.53,187.0,,11948,0,188.0,190.0,187.0
2019-11-13,0.0,-0.53,188.0,,5122,0,188.0,190.0,188.0
2019-11-12,0.0,-1.05,189.0,,10778,0,189.0,192.0,188.0
2019-11-11,0.0,0.53,191.0,,9920,0,189.0,192.0,188.0
2019-11-10,0.0,0.0,190.0,,18782,0,190.0,191.0,189.0
2019-11-07,0.0,-0.52,190.0,,13838,0,190.0,191.0,188.0
2019-11-06,0.0,-0.52,191.0,,7745,0,190.0,192.0,190.0
2019-11-05,0.0,0.52,192.0,,9041,0,192.0,194.0,190.0
2019-11-04,0.0,-0.52,191.0,,7564,0,191.0,192.0,190.0
2019-11-03,0.0,0.0,192.0,,4051,0,192.0,192.0,191.0
2019-10-31,0.0,-2.54,192.0,,27122,0,195.0,195.0,191.0
2019-10-24,0.0,0.51,197.0,,17098,0,197.0,198.0,195.0
2019-10-23,0.0,0.0,196.0,,8363,0,197.0,197.0,195.0
2019-10-22,0.0,2.08,196.0,,5188,0,190.0,196.0,190.0
2019-10-21,0.0,-0.52,192.0,,4744,0,192.0,193.0,191.0
2019-10-20,0.0,-0.52,193.0,,3664,0,197.0,200.0,192.0
2019-10-17,0.0,0.0,194.0,,3695,0,194.0,195.0,192.0
2019-10-16,0.0,0.52,194.0,,6424,0,192.0,195.0,192.0
2019-10-15,0.0,-0.52,193.0,,10595,0,194.0,196.0,192.0
2019-10-14,0.0,-1.52,194.0,,7886,0,196.0,197.0,194.0
2019-10-10,0.0,-0.51,197.0,,1894,0,197.0,197.0,196.0
2019-10-03,0.0,1.02,198.0,,4578,0,197.0,199.0,196.0
2019-10-02,0.0,1.03,196.0,,3679,0,195.0,196.0,194.0
2019-10-01,0.0,0.52,194.0,,4667,0,192.0,197.0,192.0
2019-09-30,0.0,0.0,193.0,,1218,0,192.0,195.0,190.0
2019-09-29,0.0,0.0,193.0,,5492,0,191.0,193.0,191.0
2019-09-26,0.0,0.52,193.0,,6553,0,192.0,194.0,192.0
2019-09-24,0.0,-1.53,193.0,,10812,0,194.0,196.0,191.0
2019-09-23,0.0,1.03,196.0,,8949,0,194.0,196.0,193.0
2019-09-22,0.0,-2.51,194.0,,12771,0,196.0,196.0,194.0
2019-09-19,0.0,-1.49,199.0,,16389,0,199.0,204.0,198.0
2019-09-18,0.0,1.0,202.0,,18139,0,201.0,202.0,199.0
2019-09-17,0.0,-5.07,200.0,,38517,0,207.0,207.0,193.0
2019-09-16,0.0,-0.46,217.0,,68915,0,219.0,219.0,216.0
2019-09-15,0.0,-1.8,218.0,,26677,0,222.0,222.0,218.0
2019-09-12,0.0,0.0,222.0,,19670,0,220.0,223.0,220.0
2019-09-11,0.0,0.0,222.0,,10203,0,221.0,223.0,220.0
2019-09-10,0.0,0.0,222.0,,20601,0,222.0,224.0,221.0
2019-09-09,0.0,0.91,222.0,,18743,0,222.0,222.0,219.0
2019-09-08,0.0,0.46,220.0,,34359,0,219.0,223.0,219.0
2019-09-05,0.0,0.0,219.0,,66045,0,218.0,223.0,218.0
2019-09-04,0.0,-0.45,219.0,,25364,0,217.0,221.0,216.0
2019-09-03,0.0,2.33,220.0,,18411,0,214.0,220.0,214.0
2019-09-02,0.0,-0.46,215.0,,20342,0,216.0,216.0,215.0
2019-09-01,0.0,-0.46,216.0,,36822,0,215.0,218.0,216.0
2019-08-29,0.0,-0.46,217.0,,15166,0,219.0,220.0,217.0
2019-08-28,0.0,0.0,218.0,,17868,0,222.0,222.0,217.0
2019-08-27,0.0,1.4,218.0,,30562,0,219.0,220.0,216.0
2019-08-26,0.0,0.47,215.0,,17199,0,213.0,216.0,213.0
2019-08-25,0.0,0.0,214.0,,11279,0,213.0,216.0,212.0
2019-08-22,0.0,-0.47,214.0,,20099,0,216.0,218.0,214.0
2019-08-21,0.0,-0.46,215.0,,16029,0,217.0,217.0,214.0
2019-08-20,0.0,-0.92,216.0,,11654,0,218.0,219.0,215.0
2019-08-19,0.0,0.46,218.0,,20165,0,217.0,222.0,216.0
2019-08-18,0.0,-0.91,217.0,,10765,0,220.0,220.0,216.0
2019-08-15,0.0,0.92,219.0,,5797,0,218.0,219.0,216.0
2019-08-14,0.0,-1.36,217.0,,13725,0,219.0,220.0,217.0
2019-08-13,0.0,0.0,220.0,,15697,0,220.0,221.0,218.0
2019-08-12,0.0,0.46,220.0,,8456,0,219.0,222.0,219.0
2019-08-11,0.0,-0.9,219.0,,11066,0,221.0,221.0,219.0
2019-08-08,0.0,0.0,221.0,,9053,0,221.0,221.0,220.0
2019-08-07,0.0,0.0,221.0,,13160,0,219.0,223.0,219.0
2019-08-06,0.0,-0.9,221.0,,18574,0,223.0,223.0,220.0
2019-08-05,0.0,0.0,223.0,,47553,0,221.0,225.0,221.0
2019-08-04,0.0,-0.45,223.0,,9751,0,226.0,226.0,222.0
2019-08-01,0.0,-0.88,224.0,,9700,0,225.0,226.0,223.0
2019-07-31,0.0,-0.44,226.0,,11169,0,225.0,226.0,223.0
2019-07-30,0.0,1.34,227.0,,12165,0,224.0,227.0,224.0
2019-07-29,0.0,-0.88,224.0,,15965,0,225.0,226.0,223.0
2019-07-28,0.0,-0.88,226.0,,28081,0,227.0,227.0,221.0
2019-07-25,0.0,-1.72,228.0,,33283,0,230.0,232.0,227.0
2019-07-24,0.0,0.43,232.0,,21060,0,231.0,233.0,230.0
2019-07-23,0.0,1.32,231.0,,37268,0,228.0,232.0,228.0
2019-07-22,0.0,0.44,228.0,,13540,0,227.0,231.0,225.0
2019-07-21,0.0,0.0,227.0,,9513,0,228.0,228.0,225.0
2019-07-18,0.0,-0.87,227.0,,12662,0,230.0,231.0,227.0
2019-07-17,0.0,2.23,229.0,,16707,0,224.0,229.0,222.0
2019-07-16,0.0,-0.44,224.0,,10287,0,225.0,225.0,222.0
2019-07-15,0.0,1.35,225.0,,10727,0,220.0,225.0,220.0
2019-07-14,0.0,0.0,222.0,,14215,0,224.0,226.0,221.0
2019-07-11,0.0,0.0,222.0,,31664,0,223.0,225.0,222.0
2019-07-10,0.0,0.91,222.0,,10551,0,224.0,224.0,221.0
2019-07-09,0.0,0.0,220.0,,8706,0,220.0,222.0,219.0
2019-07-08,0.0,-1.35,220.0,,33842,0,223.0,223.0,220.0
2019-07-07,0.0,-0.45,223.0,,18417,0,223.0,226.0,221.0
2019-07-04,0.0,-0.88,224.0,,31885,0,226.0,227.0,224.0
2019-07-03,0.0,0.89,226.0,,23227,0,226.0,228.0,222.0
2019-07-02,0.0,1.82,224.0,,20121,0,221.0,224.0,220.0
2019-07-01,0.0,0.0,220.0,,12273,0,220.0,223.0,218.0
2019-06-30,0.0,-0.45,220.0,,22615,0,221.0,229.0,220.0
2019-06-27,0.0,1.38,221.0,,11776,0,220.0,223.0,220.0
2019-06-26,0.0,-0.91,218.0,,41255,0,220.0,223.0,218.0
2019-06-25,0.0,0.0,220.0,,38333,0,218.0,223.0,217.0
2019-06-24,0.0,-0.45,220.0,,16377,0,220.0,221.0,219.0
2019-06-23,0.0,-0.45,221.0,,17230,0,221.0,222.0,219.0
2019-06-20,0.0,0.0,222.0,,23809,0,222.0,224.0,220.0
2019-06-19,0.0,-0.89,222.0,,10414,0,224.0,224.0,221.0
2019-06-18,0.0,1.36,224.0,,10367,0,219.0,224.0,219.0
2019-06-17,0.0,0.45,221.0,,18206,0,216.0,223.0,218.0
2019-06-16,0.0,-0.9,220.0,,35029,0,220.0,222.0,218.0
2019-06-13,0.0,-0.45,222.0,,21862,0,223.0,223.0,220.0
2019-06-12,0.0,0.45,223.0,,15898,0,223.0,223.0,221.0
2019-06-11,0.0,0.45,222.0,,11614,0,221.0,225.0,221.0
2019-06-10,0.0,-0.45,221.0,,34448,0,221.0,224.0,221.0
2019-06-06,0.0,-0.45,222.0,,12346,0,223.0,225.0,222.0
2019-06-04,0.0,-0.45,223.0,,21630,0,225.0,226.0,223.0
2019-06-03,0.0,-2.18,224.0,,26445,0,234.0,234.0,224.0
2019-06-02,0.0,0.88,229.0,,15169,0,227.0,230.0,225.0
2019-05-30,0.0,-0.44,227.0,,69473,0,239.0,240.0,227.0
2019-05-29,0.0,1.33,228.0,,10014,0,225.0,230.0,225.0
2019-05-28,0.0,0.0,225.0,,17524,0,225.0,229.0,224.0
2019-05-27,0.0,-1.32,225.0,,22869,0,225.0,228.0,225.0
2019-05-26,0.0,-0.87,228.0,,18909,0,232.0,232.0,226.0
2019-05-23,0.0,-0.86,230.0,,20495,0,232.0,232.0,227.0
2019-05-22,0.0,0.87,232.0,,30698,0,232.0,234.0,230.0
2019-05-21,0.0,0.44,230.0,,21743,0,229.0,232.0,229.0
2019-05-20,0.0,-1.72,229.0,,22558,0,230.0,235.0,229.0
2019-05-19,0.0,-0.85,233.0,,22036,0,233.0,234.0,228.0
2019-05-16,0.0,0.43,235.0,,46218,0,240.0,240.0,230.0
2019-05-15,0.0,3.54,234.0,,114893,0,226.0,238.0,226.0
2019-05-14,0.0,0.89,226.0,,19358,0,224.0,234.0,222.0
2019-05-13,0.0,-0.44,224.0,,15186,0,226.0,226.0,222.0
2019-05-12,0.0,0.45,225.0,,13958,0,220.0,225.0,220.0
2019-05-09,0.0,-0.44,224.0,,15486,0,225.0,227.0,224.0
2019-05-08,0.0,-0.44,225.0,,5207,0,229.0,229.0,225.0
2019-05-07,0.0,-1.31,226.0,,28891,0,230.0,233.0,226.0
2019-05-06,0.0,3.62,229.0,,19184,0,224.0,232.0,221.0
2019-05-05,0.0,-1.78,221.0,,18303,0,223.0,225.0,221.0
2019-05-02,0.0,-1.32,225.0,,23973,0,227.0,228.0,224.0
2019-04-30,0.0,-0.44,228.0,,23438,0,226.0,231.0,225.0
2019-04-29,0.0,-0.43,229.0,,23776,0,228.0,231.0,225.0
2019-04-28,0.0,-2.13,230.0,,65587,0,239.0,243.0,228.0
2019-04-25,0.0,0.0,235.0,,51520,0,238.0,242.0,233.0
2019-04-24,0.0,2.17,235.0,,50706,0,226.0,236.0,226.0
2019-04-23,0.0,1.32,230.0,,42713,0,225.0,230.0,225.0
2019-04-22,0.0,-2.58,227.0,,47953,0,235.0,237.0,225.0
2019-04-21,0.0,-1.69,233.0,,48389,0,237.0,237.0,229.0
2019-04-18,0.0,1.28,237.0,,47149,0,234.0,238.0,233.0
2019-04-17,0.0,3.08,234.0,,54745,0,227.0,235.0,226.0
2019-04-16,0.0,1.79,227.0,,21814,0,224.0,229.0,223.0
2019-04-15,0.0,0.0,223.0,,14098,0,221.0,224.0,220.0
2019-04-11,0.0,0.45,223.0,,13346,0,223.0,223.0,221.0
2019-04-10,0.0,0.91,222.0,,13866,0,217.0,225.0,217.0
2019-04-09,0.0,-1.79,220.0,,14789,0,222.0,225.0,220.0
2019-04-08,0.0,1.82,224.0,,72055,0,220.0,227.0,220.0
2019-04-07,0.0,1.85,220.0,,43037,0,216.0,224.0,214.0
2019-04-04,0.0,-0.92,216.0,,19707,0,215.0,219.0,215.0
2019-04-03,0.0,-0.46,218.0,,42896,0,221.0,221.0,215.0
2019-04-02,0.0,3.3,219.0,,71664,0,212.0,219.0,212.0
2019-04-01,0.0,1.44,212.0,,22963,0,208.0,213.0,208.0
2019-03-31,0.0,0.0,209.0,,27052,0,209.0,211.0,208.0
2019-03-28,0.0,0.48,209.0,,12193,0,206.0,209.0,206.0
2019-03-27,0.0,-0.48,208.0,,25554,0,209.0,209.0,206.0
2019-03-26,0.0,1.46,209.0,,6928,0,205.0,209.0,205.0
2019-03-25,0.0,0.49,206.0,,13518,0,204.0,208.0,204.0
2019-03-24,0.0,-1.44,205.0,,10893,0,205.0,208.0,204.0
2019-03-21,0.0,0.0,208.0,,47537,0,207.0,208.0,203.0
2019-03-19,0.0,-0.48,208.0,,8689,0,209.0,209.0,207.0
2019-03-18,0.0,-0.48,209.0,,12192,0,209.0,212.0,208.0
2019-03-17,0.0,0.0,210.0,,9374,0,209.0,213.0,209.0
2019-03-14,0.0,0.48,210.0,,12417,0,205.0,211.0,205.0
2019-03-13,0.0,-0.47,213.0,,29031,0,214.0,216.0,210.0
2019-03-12,0.0,0.47,215.0,,20549,0,214.0,216.0,211.0
2019-03-11,0.0,3.88,214.0,,20883,0,206.0,214.0,206.0
2019-03-10,0.0,-0.96,206.0,,3173,0,208.0,208.0,204.0
2019-03-09,0.0,-0.96,206.0,,3173,0,208.0,208.0,204.0
2019-03-07,0.0,1.96,208.0,,18990,0,204.0,208.0,202.0
2019-03-06,0.0,1.49,204.0,,6156,0,200.0,204.0,200.0
2019-03-05,0.0,0.0,201.0,,9226,0,201.0,202.0,200.0
2019-03-03,0.0,-0.5,201.0,,10958,0,201.0,204.0,200.0
2019-02-27,0.0,0.5,202.0,,5641,0,205.0,205.0,201.0
2019-02-26,0.0,-0.5,201.0,,5373,0,201.0,202.0,201.0
2019-02-25,0.0,1.0,202.0,,4518,0,199.0,202.0,199.0
2019-02-24,0.0,-1.48,200.0,,9899,0,207.0,207.0,200.0
2019-02-21,0.0,1.0,203.0,,6729,0,201.0,204.0,201.0
2019-02-20,0.0,-0.99,201.0,,3895,0,205.0,205.0,201.0
2019-02-19,0.0,0.5,203.0,,17940,0,200.0,203.0,200.0
2019-02-18,0.0,0.5,202.0,,8743,0,200.0,203.0,200.0
2019-02-17,0.0,-0.99,201.0,,15671,0,203.0,206.0,201.0
2019-02-14,0.0,0.0,203.0,,7305,0,200.0,203.0,200.0
2019-02-13,0.0,-0.98,203.0,,16306,0,205.0,206.0,200.0
2019-02-12,0.0,0.49,205.0,,4795,0,204.0,205.0,203.0
2019-02-11,0.0,0.0,204.0,,10291,0,204.0,208.0,203.0
2019-02-10,0.0,-1.45,204.0,,9693,0,206.0,207.0,204.0
2019-02-07,0.0,0.98,207.0,,14436,0,204.0,207.0,204.0
2019-02-06,0.0,-0.49,205.0,,13690,0,206.0,207.0,205.0
2019-02-05,0.0,-0.48,206.0,,5547,0,204.0,208.0,204.0
2019-02-04,0.0,-0.48,207.0,,23500,0,207.0,208.0,205.0
2019-02-03,0.0,-0.48,208.0,,17836,0,213.0,213.0,206.0
2019-01-31,0.0,-0.48,209.0,,83921,0,210.0,212.0,205.0
2019-01-30,0.0,0.0,210.0,,5697,0,210.0,214.0,209.0
2019-01-29,0.0,0.0,210.0,,9163,0,210.0,212.0,210.0
2019-01-28,0.0,-0.94,210.0,,12621,0,212.0,212.0,209.0
2019-01-27,0.0,0.0,212.0,,10566,0,212.0,213.0,210.0
2019-01-24,0.0,-0.47,212.0,,11672,0,213.0,214.0,212.0
2019-01-23,0.0,0.95,213.0,,21302,0,211.0,215.0,211.0
2019-01-22,0.0,-0.94,211.0,,22390,0,213.0,216.0,211.0
2019-01-21,0.0,-1.39,213.0,,11076,0,216.0,216.0,213.0
2019-01-20,0.0,-0.92,216.0,,6066,0,218.0,218.0,214.0
2019-01-17,0.0,-0.46,218.0,,16613,0,219.0,219.0,215.0
2019-01-16,0.0,0.46,219.0,,8134,0,218.0,219.0,216.0
2019-01-15,0.0,0.0,218.0,,11271,0,218.0,219.0,215.0
2019-01-14,0.0,-0.46,218.0,,5593,0,219.0,220.0,215.0
2019-01-13,0.0,2.34,219.0,,29154,0,214.0,220.0,214.0
2019-01-10,0.0,0.0,214.0,,9341,0,214.0,215.0,213.0
2019-01-09,0.0,0.47,214.0,,14658,0,213.0,216.0,213.0
2019-01-08,0.0,0.47,213.0,,13172,0,212.0,214.0,211.0
2019-01-06,0.0,-0.94,210.0,,9239,0,212.0,212.0,210.0
2019-01-03,0.0,-0.47,212.0,,8172,0,213.0,214.0,211.0
2019-01-02,0.0,0.47,213.0,,6528,0,212.0,214.0,208.0
2019-01-01,0.0,0.75,212.0,,9030,0,210.42,215.0,207.0
2018-12-31,0.0,-1.36,218.0,,23215,0,221.0,223.0,218.0
2018-12-30,0.0,0.0,221.0,,12126,0,221.0,225.0,221.0
2018-12-27,0.0,-1.78,221.0,,54059,0,225.0,229.0,221.0
2018-12-26,0.0,2.27,225.0,,27298,0,220.0,228.0,217.0
2018-12-25,0.0,0.92,220.0,,29765,0,218.0,220.0,215.0
2018-12-24,0.0,-0.91,218.0,,23672,0,220.0,223.0,217.0
2018-12-23,0.0,2.8,220.0,,33217,0,214.0,222.0,214.0
2018-12-20,0.0,0.0,214.0,,13624,0,214.0,217.0,214.0
2018-12-19,0.0,-0.47,214.0,,14861,0,215.0,216.0,213.0
2018-12-18,0.0,-1.38,215.0,,27355,0,218.0,220.0,214.0
2018-12-17,0.0,0.0,218.0,,23573,0,218.0,219.0,215.0
2018-12-16,0.0,0.46,218.0,,17803,0,217.0,224.0,217.0
2018-12-13,0.0,0.93,217.0,,21327,0,215.0,218.0,212.0
2018-12-12,0.0,-4.02,215.0,,64093,0,224.0,224.0,210.0
2018-12-11,0.0,-0.88,224.0,,23685,0,226.0,228.0,223.0
2018-12-10,0.0,0.0,226.0,,8555,0,226.0,231.0,226.0
2018-12-09,0.0,1.8,226.0,,14564,0,222.0,226.0,220.0
2018-12-06,0.0,-0.45,222.0,,14962,0,223.0,227.0,219.0
2018-12-04,0.0,-0.44,228.0,,9922,0,229.0,229.0,227.0
2018-12-03,0.0,0.44,229.0,,10414,0,228.0,232.0,227.0
2018-12-02,0.0,-0.44,227.0,,15950,0,228.0,230.0,225.0
2018-11-29,0.0,-0.87,228.0,,8678,0,230.0,230.0,226.0
2018-11-28,0.0,-0.43,230.0,,7673,0,231.0,232.0,229.0
2018-11-27,0.0,0.43,231.0,,9205,0,230.0,233.0,230.0
2018-11-26,0.0,-0.52,230.0,,18939,0,231.2,232.0,229.0
2018-11-25,0.0,-1.69,231.0,,10919,0,234.96,234.96,230.0
2018-11-22,0.0,-2.09,234.0,,8796,0,239.0,243.0,233.0
2018-11-21,0.0,1.7,239.0,,15428,0,235.0,239.0,231.0
2018-11-20,0.0,-1.26,235.0,,8917,0,238.0,238.0,235.0
2018-11-19,0.0,0.42,238.0,,12894,0,237.0,238.0,234.0
2018-11-18,0.0,-0.84,237.0,,15536,0,239.0,240.0,236.0
2018-11-15,0.0,-0.42,239.0,,17803,0,240.0,241.0,239.0
2018-11-14,0.0,-0.41,240.0,,6049,0,241.0,242.0,239.0
2018-11-05,0.0,2.13,241.0,,7917,0,234.0,241.0,234.0
2018-11-04,0.0,-2.49,235.0,,12366,0,241.0,241.0,235.0
2018-11-01,0.0,-0.82,241.0,,10053,0,241.0,243.0,240.0
2018-10-31,0.0,-0.82,243.0,,4536,0,242.0,244.0,241.0
2018-10-30,0.0,2.08,245.0,,6380,0,240.0,245.0,240.0
2018-10-29,0.0,-0.41,240.0,,8986,0,238.0,242.0,238.0
2018-10-28,0.0,-1.63,241.0,,15855,0,244.0,244.0,241.0
2018-10-25,0.0,-0.81,245.0,,12752,0,249.0,249.0,245.0
2018-10-24,0.0,0.0,247.0,,7770,0,247.0,250.0,247.0
2018-10-23,0.0,-0.4,247.0,,7189,0,251.0,251.0,246.0
2018-10-22,0.0,-0.4,248.0,,7240,0,252.0,252.0,247.0
2018-10-21,0.0,0.4,249.0,,3416,0,250.0,251.0,245.0
2018-10-15,0.0,-1.98,248.0,,23238,0,255.0,257.0,248.0
2018-10-14,0.0,2.02,253.0,,4648,0,245.0,253.0,245.0
2018-10-11,0.0,2.9,248.0,,2971,0,241.0,248.0,241.0
2018-10-10,0.0,0.0,241.0,,4595,0,240.0,243.0,239.0
2018-10-09,0.0,-0.41,237.0,,9038,0,240.0,245.0,240.0
2018-10-08,0.0,1.26,242.0,,7495,0,238.0,244.0,238.0
2018-10-07,0.0,-1.24,239.0,,18674,0,242.0,244.0,237.0
2018-10-04,0.0,-2.81,242.0,,24441,0,248.0,249.0,242.0
2018-10-03,0.0,-0.8,249.0,,10418,0,250.0,251.0,247.0
2018-10-02,0.0,0.8,251.0,,16875,0,246.0,255.0,246.0
2018-10-01,0.0,-2.73,249.0,,37082,0,260.0,260.0,249.0
2018-09-30,0.0,-2.29,256.0,,23605,0,258.0,260.0,253.0
2018-09-27,0.0,-2.24,262.0,,14845,0,269.0,270.0,261.0
2018-09-26,0.0,0.75,268.0,,54511,0,260.0,273.0,260.0
2018-09-25,0.0,2.73,263.0,,53418,0,256.0,265.0,255.0
2018-09-23,0.0,1.59,256.0,,17121,0,248.0,260.0,248.0
2018-09-20,0.0,-1.56,252.0,,9618,0,252.0,257.0,250.0
2018-09-18,0.0,-0.39,256.0,,13346,0,257.0,257.0,252.0
2018-09-17,0.0,0.39,257.0,,16546,0,260.0,260.0,252.0
2018-09-16,0.0,1.99,256.0,,58127,0,251.0,264.0,251.0
2018-09-13,0.0,0.8,251.0,,30416,0,249.0,253.0,249.0
2018-09-12,0.0,1.63,249.0,,10462,0,246.0,249.0,244.0
2018-09-11,0.0,1.66,245.0,,9218,0,240.0,246.0,238.0
2018-09-10,0.0,-1.63,241.0,,8632,0,244.0,244.0,239.0
2018-09-09,0.0,-2.0,245.0,,16831,0,248.0,249.0,245.0
2018-09-06,0.0,0.82,247.0,,35225,0,244.0,257.0,244.0
2018-09-05,0.0,1.24,245.0,,32291,0,241.0,260.0,241.0
2018-09-04,0.0,1.26,242.0,,22026,0,239.0,242.0,236.0
2018-09-03,0.0,1.27,239.0,,19747,0,236.0,243.0,234.0
2018-09-02,0.0,0.42,236.0,,11779,0,234.0,240.0,232.0
2018-08-30,0.0,0.86,235.0,,7581,0,234.0,235.0,231.0
2018-08-29,0.0,1.3,233.0,,4519,0,231.0,233.0,231.0
2018-08-28,0.0,-0.86,230.0,,13610,0,230.0,232.0,228.0
2018-08-26,0.0,-1.28,232.0,,3448,0,231.0,235.0,231.0
2018-08-23,0.0,0.86,235.0,,8874,0,236.0,236.0,231.0
2018-08-22,0.0,0.0,233.0,,6916,0,233.0,234.0,231.0
2018-08-21,0.0,0.43,233.0,,19137,0,229.0,235.0,229.0
2018-08-20,0.0,-1.69,232.0,,12030,0,233.0,235.0,232.0
2018-08-19,0.0,-1.26,236.0,,5994,0,236.0,239.0,235.0
2018-08-16,0.0,-0.42,239.0,,13065,0,240.0,244.0,235.0
2018-08-15,0.0,3.0,240.0,,10805,0,233.0,240.0,233.0
2018-08-14,0.0,0.43,233.0,,8700,0,232.0,233.0,229.0
2018-08-13,0.0,1.31,232.0,,5544,0,229.0,233.0,228.0
2018-08-12,0.0,-0.87,229.0,,8108,0,230.0,232.0,229.0
2018-08-09,0.0,-0.86,231.0,,3614,0,234.0,234.0,231.0
2018-08-08,0.0,0.43,233.0,,11582,0,230.0,233.0,230.0
2018-08-07,0.0,0.0,232.0,,8644,0,230.0,234.0,230.0
2018-08-06,0.0,0.43,232.0,,9905,0,231.0,233.0,231.0
2018-08-05,0.0,-0.86,231.0,,13890,0,232.0,233.0,229.0
2018-08-02,0.0,1.3,233.0,,10187,0,231.0,233.0,230.0
2018-08-01,0.0,0.88,226.0,,10379,0,228.0,232.0,228.0
2018-07-31,0.0,-0.44,224.0,,11065,0,228.0,230.0,227.0
2018-07-30,0.0,0.88,229.0,,12286,0,228.0,231.0,227.0
2018-07-29,0.0,0.44,227.0,,9917,0,225.0,227.0,225.0
2018-07-26,0.0,0.0,226.0,,9719,0,225.0,226.0,223.0
2018-07-25,0.0,-0.88,227.0,,16980,0,227.0,228.0,225.0
2018-07-24,0.0,0.0,228.0,,21769,0,227.0,232.0,225.0
2018-07-23,0.0,1.79,228.0,,10918,0,224.0,228.0,224.0
2018-07-22,0.0,0.0,224.0,,32160,0,226.0,228.0,224.0
2018-07-19,0.0,-1.32,224.0,,22451,0,227.0,227.0,224.0
2018-07-18,0.0,-2.58,227.0,,36279,0,234.0,234.0,226.0
2018-07-17,0.0,-1.27,233.0,,9778,0,233.0,236.0,232.0
2018-07-16,0.0,2.16,235.0,,8126,0,230.0,237.0,230.0
2018-07-15,0.0,-0.43,231.0,,11054,0,232.0,235.0,229.0
2018-07-12,0.0,-2.52,232.0,,22424,0,238.0,238.0,231.0
2018-07-11,0.0,-1.24,238.0,,7121,0,240.0,242.0,237.0
2018-07-10,0.0,0.0,241.0,,8555,0,239.0,243.0,239.0
2018-07-09,0.0,-0.41,241.0,,8416,0,238.0,242.0,238.0
2018-07-08,0.0,-0.41,242.0,,10951,0,243.0,245.0,239.0
2018-07-05,0.0,3.4,243.0,,21014,0,231.0,243.0,231.0
2018-07-04,0.0,1.29,235.0,,6538,0,231.0,236.0,230.0
2018-07-03,0.0,-0.85,232.0,,7259,0,231.0,234.0,228.0
2018-07-02,0.0,1.3,234.0,,9254,0,230.0,234.0,228.0
2018-07-01,0.0,0.88,226.0,,10379,0,228.0,232.0,228.0
2018-06-28,0.0,0.85,237.0,,8575,0,235.0,239.0,234.0
2018-06-27,0.0,0.86,235.0,,7445,0,233.0,237.0,233.0
2018-06-26,0.0,-3.72,233.0,,10190,0,238.0,240.0,233.0
2018-06-25,0.0,-0.82,242.0,,21705,0,248.0,248.0,233.0
2018-06-24,0.0,1.67,241.0,,8670,0,240.0,244.0,238.0
2018-06-21,0.0,0.0,240.0,,14103,0,236.0,241.0,236.0
2018-06-20,0.0,0.0,241.0,,4734,0,240.0,242.0,239.0
2018-06-19,0.0,-2.04,240.0,,1957,0,245.0,245.0,240.0
2018-06-18,0.0,1.24,245.0,,6526,0,240.0,245.0,239.0
2018-06-17,0.0,-0.41,242.0,,3003,0,241.0,247.0,240.0
2018-06-14,0.0,-0.41,244.0,,12618,0,245.0,248.0,243.0
2018-06-13,0.0,-0.41,244.0,,6257,0,242.0,246.0,242.0
2018-06-12,0.0,-2.0,245.0,,37041,0,247.0,248.0,241.0
2018-06-11,0.0,0.0,250.0,,10728,0,245.0,255.0,243.0
2018-06-10,0.0,0.0,250.0,,17411,0,250.0,250.0,245.0
2018-06-07,0.0,-2.34,251.0,,24624,0,255.0,255.0,245.0
2018-06-06,0.0,2.4,256.0,,5368,0,251.0,260.0,251.0
2018-06-04,0.0,-2.34,250.0,,17927,0,255.0,261.0,248.0
2018-06-03,0.0,-1.92,256.0,,20151,0,260.0,265.0,255.0
2018-05-31,0.0,-0.38,261.0,,3853,0,260.0,262.0,260.0
2018-05-30,0.0,-0.76,262.0,,5911,0,260.0,267.0,260.0
2018-05-29,0.0,-0.38,264.0,,6081,0,266.0,266.0,260.0
2018-05-28,0.0,2.71,265.0,,13843,0,258.0,268.0,254.0
2018-05-27,0.0,-0.77,259.0,,10865,0,260.0,261.0,256.0
2018-05-24,0.0,-1.14,260.0,,14498,0,263.0,264.0,260.0
2018-05-23,0.0,0.0,263.0,,57737,0,262.0,264.0,262.0
2018-05-22,0.0,-0.38,263.0,,4736,0,262.0,269.0,262.0
2018-05-21,0.0,-0.75,264.0,,5355,0,266.0,266.0,263.0
2018-05-20,0.0,-0.75,266.0,,5008,0,268.0,270.0,265.0
2018-05-17,0.0,0.75,268.0,,12060,0,266.0,268.0,265.0
2018-05-16,0.0,1.53,266.0,,5640,0,264.0,266.0,263.0
2018-05-15,0.0,-0.38,262.0,,6778,0,267.0,267.0,261.0
2018-05-14,0.0,-1.5,263.0,,9105,0,267.0,267.0,263.0
2018-05-10,0.0,-0.74,267.0,,5325,0,269.0,270.0,266.0
2018-05-09,0.0,-1.82,269.0,,4798,0,274.0,275.0,267.0
2018-05-08,0.0,3.4,274.0,,7984,0,266.0,274.0,264.0
2018-05-07,0.0,-1.12,265.0,,14737,0,266.0,268.0,265.0
2018-05-06,0.0,-1.83,268.0,,8378,0,270.0,272.0,268.0
2018-05-03,0.0,1.11,273.0,,13952,0,275.0,278.0,266.0
2018-05-02,0.0,0.37,270.0,,8738,0,269.0,273.0,267.0
2018-04-29,0.0,-0.37,270.0,,16652,0,266.0,273.0,263.0
2018-04-26,0.0,-4.26,271.0,,24733,0,277.0,279.0,270.0
2018-04-25,0.0,0.36,282.0,,16805,0,280.0,285.0,277.0
2018-04-24,0.0,-1.4,281.0,,24475,0,282.0,287.0,277.0
2018-04-23,0.0,-3.06,285.0,,77847,0,294.0,300.0,280.0
2018-04-22,0.0,6.91,294.0,,71090,0,275.0,297.0,280.0
2018-04-19,0.0,3.77,275.0,,42163,0,270.0,277.0,261.0
2018-04-18,0.0,1.53,265.0,,46522,0,266.0,275.0,263.0
2018-04-17,0.0,-0.38,261.0,,24787,0,262.0,266.0,257.0
2018-04-16,0.0,0.0,262.0,,12543,0,263.0,265.0,256.0
2018-04-15,0.0,0.77,262.0,,9909,0,260.0,262.0,253.0
2018-04-12,0.0,0.0,260.0,,22750,0,265.0,265.0,257.0
2018-04-11,0.0,0.39,260.0,,8482,0,258.0,263.0,256.0
2018-04-10,0.0,-1.89,259.0,,13495,0,260.0,266.0,257.0
2018-04-09,0.0,-1.49,264.0,,31607,0,270.0,272.0,263.0
2018-04-08,0.0,3.88,268.0,,43827,0,259.0,272.0,255.0
2018-04-05,0.0,1.18,258.0,,38753,0,255.0,262.0,255.0
2018-04-04,0.0,0.79,256.0,,14092,0,253.0,258.0,252.0
2018-04-03,0.0,-0.78,253.0,,12578,0,252.0,255.0,250.0
2018-04-02,0.0,2.0,255.0,,3351,0,255.0,255.0,250.0
2018-04-01,0.0,-2.34,250.0,,9484,0,251.0,253.0,246.0
2018-03-29,0.0,1.99,256.0,,9475,0,256.0,261.0,251.0
2018-03-28,0.0,0.4,252.0,,37083,0,246.0,259.0,243.0
2018-03-27,0.0,0.81,253.0,,22842,0,245.0,267.0,236.0
2018-03-26,0.0,-3.5,248.0,,15172,0,252.0,252.0,245.0
2018-03-22,0.0,0.78,257.0,,18472,0,254.0,259.0,251.0
2018-03-21,0.0,-1.92,255.0,,15633,0,256.0,259.0,250.0
2018-03-20,0.0,0.0,258.0,,6138,0,264.0,264.0,257.0
2018-03-19,0.0,-1.14,260.0,,12414,0,263.0,264.0,259.0
2018-03-18,0.0,-1.87,264.0,,6343,0,272.0,272.0,263.0
2018-03-15,0.0,-0.74,268.0,,7238,0,267.0,272.0,267.0
2018-03-14,0.0,1.89,270.0,,5682,0,265.0,270.0,261.0
2018-03-13,0.0,0.0,265.0,,5895,0,270.0,270.0,262.0
2018-03-12,0.0,0.76,265.0,,7388,0,263.0,266.0,255.0
2018-03-11,0.0,-1.87,263.0,,7783,0,268.0,268.0,259.0
2018-03-07,0.0,0.75,268.0,,7864,0,266.0,270.0,264.0
2018-03-06,0.0,1.14,266.0,,17112,0,263.0,268.0,258.0
2018-03-04,0.0,-2.22,264.0,,10325,0,267.0,267.0,256.0
2018-02-28,0.0,0.0,270.0,,10705,0,269.0,271.0,269.0
2018-02-27,0.0,-0.37,270.0,,11834,0,271.0,274.0,270.0
2018-02-26,0.0,-1.45,271.0,,9801,0,280.0,280.0,271.0
2018-02-25,0.0,-0.36,276.0,,4576,0,278.0,280.0,275.0
2018-02-22,0.0,0.0,277.0,,6751,0,275.0,282.0,274.0
2018-02-21,0.0,-2.12,277.0,,5432,0,280.0,280.0,277.0
2018-02-20,0.0,-0.7,283.0,,7718,0,288.0,288.0,276.0
2018-02-18,0.0,-1.04,285.0,,22504,0,288.0,292.0,283.0
2018-02-15,0.0,4.73,288.0,,41583,0,280.0,290.0,271.0
2018-02-14,0.0,0.73,275.0,,7188,0,276.0,276.0,273.0
2018-02-12,0.0,0.0,273.0,,9630,0,271.0,273.0,271.0
2018-02-11,0.0,-0.73,273.0,,5691,0,275.0,275.0,270.0
2018-02-08,0.0,1.85,275.0,,5479,0,271.0,275.0,270.0
2018-02-07,0.0,-1.1,270.0,,14894,0,270.0,275.0,268.0
2018-02-06,0.0,0.37,273.0,,4480,0,271.0,274.0,270.0
2018-02-05,0.0,-0.37,272.0,,4921,0,275.0,275.0,270.0
2018-02-04,0.0,0.0,274.0,,12072,0,268.0,277.0,268.0
2018-02-01,0.0,-0.73,273.0,,14026,0,274.0,276.0,273.0
2018-01-31,0.0,0.36,275.0,,8368,0,274.0,275.0,273.0
2018-01-29,0.0,-2.14,274.0,,10648,0,280.0,280.0,274.0
2018-01-28,0.0,1.82,279.0,,28460,0,274.0,280.0,272.0
2018-01-25,0.0,1.85,275.0,,24111,0,266.0,275.0,263.0
2018-01-24,0.0,-0.74,270.0,,18068,0,268.0,273.0,267.0
2018-01-23,0.0,-2.51,273.0,,14487,0,274.0,279.0,272.0
2018-01-22,0.0,-0.36,279.0,,11532,0,280.0,280.0,277.0
2018-01-21,0.0,0.0,280.0,,17488,0,280.0,281.0,278.0
2018-01-17,0.0,-1.06,280.0,,36278,0,282.0,283.0,280.0
2018-01-16,0.0,-0.7,283.0,,7728,0,288.0,288.0,280.0
2018-01-14,0.0,-1.72,285.0,,17788,0,294.0,294.0,282.0
2018-01-10,0.0,0.0,290.0,,11259,0,289.0,290.0,287.0
2018-01-09,0.0,0.0,290.0,,40858,0,290.0,291.0,280.0
2018-01-08,0.0,0.69,290.0,,8771,0,290.0,290.0,287.0
2018-01-07,0.0,1.05,288.0,,5433,0,285.0,290.0,285.0
2018-01-04,0.0,-0.35,285.0,,10628,0,286.0,288.0,282.0
2018-01-03,0.0,-1.38,286.0,,7468,0,292.0,292.0,285.0
2018-01-02,0.0,1.05,290.0,,20398,0,290.0,291.0,285.0
2018-01-01,0.0,2.5,287.0,,24608,0,281.0,290.0,280.0
2017-12-31,0.0,-0.71,280.0,,14598,0,280.0,282.0,278.0
2017-12-28,0.0,-1.4,282.0,,24513,0,283.0,285.0,279.0
2017-12-27,0.0,-0.69,286.0,,11637,0,284.0,289.0,283.0
2017-12-26,0.0,-1.03,288.0,,13631,0,293.0,293.0,287.0
2017-12-24,0.0,0.0,291.0,,9598,0,292.0,294.0,290.0
2017-12-21,0.0,0.0,291.0,,5051,0,290.0,293.0,290.0
2017-12-20,0.0,-0.68,291.0,,16735,0,291.0,293.0,290.0
2017-12-19,0.0,-0.34,288.0,,5252,0,295.0,295.0,292.0
2017-12-18,0.0,-0.34,294.0,,19708,0,297.0,297.0,292.0
2017-12-17,0.0,-1.01,295.0,,18164,0,300.0,300.0,292.0
2017-12-14,0.0,-0.34,297.0,,6980,0,302.0,302.0,296.0
2017-12-13,0.0,1.36,297.0,,28977,0,291.0,299.0,290.0
2017-12-12,0.0,-2.0,294.0,,8347,0,304.0,304.0,294.0
2017-12-11,0.0,0.67,300.0,,11629,0,303.0,303.0,296.0
2017-12-10,0.0,-2.3,298.0,,9716,0,306.0,307.0,298.0
2017-12-06,0.0,2.35,300.0,,14839,0,297.0,305.0,297.0
2017-12-05,0.0,-0.33,298.0,,45698,0,298.0,301.0,297.0
2017-12-04,0.0,-0.99,299.0,,11266,0,308.0,308.0,297.0
2017-11-30,0.0,-0.66,302.0,,20013,0,301.0,305.0,299.0
2017-11-29,0.0,0.0,304.0,,22878,0,305.0,307.0,302.0
2017-11-28,0.0,0.0,304.0,,19262,0,310.0,309.0,299.0
2017-11-27,0.0,0.66,304.0,,47844,0,302.0,304.0,297.0
2017-11-26,0.0,2.37,302.0,,17869,0,295.0,303.0,293.0
2017-11-23,0.0,0.68,295.0,,75891,0,293.0,297.0,285.0
2017-11-22,0.0,0.34,293.0,,8329,0,290.0,295.0,290.0
2017-11-21,0.0,0.0,292.0,,4032,0,292.0,294.0,292.0
2017-11-20,0.0,0.34,292.0,,7327,0,288.0,293.0,288.0
2017-11-19,0.0,-0.68,291.0,,9326,0,293.0,293.0,290.0
2017-11-16,0.0,1.03,293.0,,4085,0,293.0,296.0,292.0
2017-11-15,0.0,-3.01,290.0,,27462,0,300.0,300.0,290.0
2017-11-14,0.0,0.67,297.0,,17702,0,296.0,301.0,295.0
2017-11-13,0.0,1.02,297.0,,12087,0,292.0,298.0,292.0
2017-11-12,0.0,1.38,294.0,,8471,0,290.0,294.0,287.0
2017-11-09,0.0,0.0,290.0,,7666,0,290.0,294.0,280.0
2017-11-08,0.0,-1.02,290.0,,14387,0,288.0,290.0,285.0
2017-11-07,0.0,-0.68,293.0,,8135,0,298.0,298.0,290.0
2017-11-06,0.0,0.0,295.0,,16097,0,295.0,296.0,290.0
2017-11-05,0.0,0.0,295.0,,18873,0,293.0,295.0,290.0
2017-11-02,0.0,-0.34,295.0,,18567,0,295.0,298.0,294.0
2017-11-01,0.0,-0.67,296.0,,13660,0,296.0,298.0,294.0
2017-10-31,0.0,-0.67,298.0,,8941,0,300.0,300.0,297.0
2017-10-30,0.0,0.0,300.0,,17176,0,300.0,304.0,298.0
2017-10-29,0.0,-1.64,300.0,,12661,0,303.0,303.0,299.0
2017-10-25,0.0,-1.61,305.0,,11816,0,306.0,308.0,303.0
2017-10-24,0.0,-0.32,310.0,,8957,0,311.0,312.0,306.0
2017-10-23,0.0,-1.27,311.0,,15602,0,315.0,316.0,305.0
2017-10-22,0.0,2.27,315.0,,12918,0,308.0,322.0,308.0
2017-10-18,0.0,0.33,308.0,,12958,0,305.0,313.0,304.0
2017-10-17,0.0,1.32,307.0,,23980,0,309.0,313.0,303.0
2017-10-16,0.0,4.84,303.0,,31751,0,292.0,303.0,292.0
2017-10-15,0.0,-1.37,289.0,,12491,0,295.0,297.0,289.0
2017-10-12,0.0,0.0,293.0,,10153,0,296.0,296.0,292.0
2017-10-11,0.0,-0.68,293.0,,13126,0,294.0,298.0,290.0
2017-10-10,0.0,-0.34,295.0,,5999,0,292.0,300.0,292.0
2017-10-09,0.0,-1.33,296.0,,6975,0,300.0,300.0,293.0
2017-10-08,0.0,-0.99,300.0,,10084,0,300.0,303.0,290.0
2017-10-04,0.0,-0.66,303.0,,12838,0,299.0,305.0,299.0
2017-10-03,0.0,-0.33,305.0,,5140,0,300.0,308.0,300.0
2017-09-26,0.0,1.32,308.0,,9836,0,305.0,309.0,304.0
2017-09-25,0.0,0.67,302.0,,6454,0,300.0,306.0,300.0
2017-09-24,0.0,2.04,300.0,,8596,0,299.0,302.0,295.0
2017-09-20,0.0,-2.33,295.0,,12147,0,301.0,302.0,294.0
2017-09-18,0.0,-0.33,301.0,,8233,0,304.0,305.0,299.0
2017-09-17,0.0,1.0,302.0,,13144,0,304.0,311.0,298.0
2017-09-14,0.0,2.75,299.0,,19913,0,291.0,305.0,291.0
2017-09-13,0.0,-0.34,291.0,,9829,0,292.0,293.0,290.0
2017-09-12,0.0,-1.02,292.0,,16205,0,291.0,295.0,290.0
2017-09-11,0.0,0.68,295.0,,17166,0,290.0,295.0,290.0
2017-09-10,0.0,-1.35,293.0,,21759,0,302.0,302.0,290.0
2017-09-07,0.0,0.68,297.0,,15285,0,293.0,298.0,292.0
2017-09-06,0.0,0.34,295.0,,15945,0,299.0,305.0,290.0
2017-09-04,0.0,-2.0,294.0,,27409,0,303.0,303.0,294.0
2017-08-31,0.0,-0.66,300.0,,22580,0,302.0,306.0,300.0
2017-08-30,0.0,-3.82,302.0,,21421,0,315.0,316.0,301.0
2017-08-28,0.0,-2.79,314.0,,25080,0,323.0,324.0,310.0
2017-08-27,0.0,-0.53,375.0,,113354,0,377.0,382.0,375.0
2017-08-24,0.0,-0.26,377.0,,140495,0,378.0,380.0,372.0
2017-08-23,0.0,-0.53,378.0,,51989,0,380.0,383.0,375.0
2017-08-22,0.0,1.33,380.0,,40684,0,375.0,380.0,372.0
2017-08-21,0.0,0.0,375.0,,26015,0,372.0,378.0,372.0
2017-08-20,0.0,-1.32,375.0,,20236,0,382.0,382.0,371.0
2017-08-17,0.0,0.0,380.0,,17650,0,380.0,380.0,372.0
2017-08-16,0.0,1.33,380.0,,19404,0,380.0,380.0,370.0
2017-08-15,0.0,-0.53,375.0,,23542,0,380.0,380.0,370.0
2017-08-13,0.0,-1.05,377.0,,16613,0,388.0,388.0,375.0
2017-08-10,0.0,-1.55,381.0,,23758,0,385.0,388.0,380.0
2017-08-09,0.0,-1.27,387.0,,16965,0,388.0,393.0,387.0
2017-08-07,0.0,0.26,392.0,,26173,0,390.0,393.0,390.0
2017-08-06,0.0,1.3,391.0,,30233,0,385.0,392.0,385.0
2017-08-03,0.0,0.78,386.0,,51220,0,383.0,395.0,382.0
2017-08-02,0.0,1.06,383.0,,26552,0,380.0,388.0,380.0
2017-08-01,0.0,-0.79,379.0,,12108,0,382.0,383.0,379.0
2017-07-31,0.0,1.06,383.0,,19291,0,380.0,390.0,380.0
2017-07-30,0.0,-0.53,378.0,,23049,0,375.0,383.0,375.0
2017-07-27,0.0,-1.04,380.0,,22159,0,384.0,386.0,379.0
2017-07-26,0.0,0.0,384.0,,27472,0,385.0,385.0,379.0
2017-07-25,0.0,-1.03,384.0,,12759,0,390.0,393.0,381.0
2017-07-24,0.0,-1.27,388.0,,19018,0,390.0,390.0,385.0
2017-07-23,0.0,-3.68,393.0,,43921,0,400.0,400.0,389.0
2017-07-20,0.0,-0.97,408.0,,17016,0,408.0,410.0,406.0
2017-07-19,0.0,0.73,411.0,,24167,0,403.0,412.0,403.0
2017-07-18,0.0,0.74,409.0,,9418,0,408.0,411.0,405.0
2017-07-17,0.0,0.99,405.0,,8903,0,394.0,406.0,394.0
2017-07-16,0.0,-0.25,402.0,,8893,0,402.0,406.0,400.0
2017-07-13,0.0,-0.25,403.0,,21615,0,402.0,407.0,400.0
2017-07-12,0.0,1.0,404.0,,10786,0,401.0,404.0,392.0
2017-07-11,0.0,0.5,400.0,,14369,0,398.0,400.0,390.0
2017-07-10,0.0,-0.5,397.0,,19465,0,400.0,401.0,392.0
2017-07-09,0.0,2.56,400.0,,33780,0,390.0,408.0,393.0
2017-07-06,0.0,1.83,390.0,,27926,0,385.0,391.0,380.0
2017-07-05,0.0,2.41,383.0,,8382,0,375.0,383.0,375.0
2017-07-04,0.0,0.54,374.0,,9968,0,372.0,374.0,370.0
2017-07-03,0.0,-0.27,372.0,,10551,0,374.0,379.0,370.0
2017-07-02,0.0,-1.84,373.0,,11406,0,380.0,380.0,370.0
2017-06-28,0.0,-0.52,380.0,,12619,0,378.0,380.0,377.0
2017-06-27,0.0,0.26,382.0,,10485,0,383.0,385.0,380.0
2017-06-25,0.0,0.26,381.0,,13814,0,384.0,385.0,381.0
2017-06-22,0.0,1.33,380.0,,13326,0,380.0,381.0,375.0
2017-06-21,0.0,0.0,375.0,,8347,0,370.0,380.0,370.0
2017-06-20,0.0,0.54,375.0,,13366,0,370.0,380.0,365.0
2017-06-19,0.0,-1.84,373.0,,14471,0,380.0,380.0,371.0
2017-06-18,0.0,-2.56,380.0,,12869,0,390.0,392.0,378.0
2017-06-15,0.0,1.83,390.0,,12663,0,377.0,390.0,377.0
2017-06-14,0.0,-1.29,383.0,,7711,0,390.0,390.0,381.0
2017-06-13,0.0,0.26,388.0,,9112,0,384.0,390.0,378.0
2017-06-12,0.0,-0.26,387.0,,6642,0,390.0,395.0,386.0
2017-06-11,0.0,-2.51,390.0,,10166,0,399.0,399.0,385.0
2017-06-08,0.0,0.0,398.0,,12734,0,398.0,400.0,390.0
2017-06-07,0.0,-0.5,398.0,,11914,0,408.0,408.0,398.0
2017-06-06,0.0,1.27,400.0,,22855,0,400.0,405.0,396.0
2017-06-05,0.0,1.28,395.0,,13826,0,390.0,400.0,390.0
2017-06-04,0.0,-0.51,390.0,,8662,0,395.0,395.0,387.0
2017-06-01,0.0,0.0,392.0,,14561,0,395.0,399.0,391.0
2017-05-31,0.0,1.55,392.0,,10160,0,386.0,395.0,385.0
2017-05-30,0.0,-1.03,386.0,,11517,0,390.0,399.0,380.0
2017-05-28,0.0,-1.52,390.0,,24899,0,398.0,400.0,389.0
2017-05-24,0.0,-0.75,396.0,,11460,0,399.0,400.0,393.0
2017-05-23,0.0,2.31,399.0,,10617,0,395.0,400.0,394.0
2017-05-22,0.0,-1.76,390.0,,13622,0,404.0,404.0,385.0
2017-05-21,0.0,-0.75,397.0,,11705,0,403.0,408.0,390.0
2017-05-18,0.0,0.0,400.0,,29557,0,400.0,401.0,396.0
2017-05-17,0.0,-0.5,400.0,,8418,0,402.0,405.0,398.0
2017-05-16,0.0,-0.25,402.0,,5893,0,401.0,404.0,400.0
2017-05-15,0.0,0.0,403.0,,10373,0,406.0,406.0,402.0
2017-05-11,0.0,0.25,403.0,,18308,0,405.0,405.0,400.0
2017-05-09,0.0,0.0,402.0,,17825,0,402.0,405.0,397.0
2017-05-08,0.0,0.5,402.0,,8339,0,400.0,407.0,400.0
2017-05-07,0.0,-0.5,400.0,,12469,0,410.0,410.0,398.0
2017-05-04,0.0,-1.47,403.0,,18020,0,402.0,414.0,402.0
2017-05-03,0.0,0.74,408.0,,38983,0,413.0,421.0,400.0
2017-05-02,0.0,0.0,408.0,,28119,0,400.0,416.0,400.0
2017-04-30,0.0,-1.7,405.0,,33365,0,418.0,418.0,404.0
2017-04-27,0.0,-0.72,412.0,,14566,0,416.0,419.0,410.0
2017-04-26,0.0,-1.19,415.0,,10145,0,420.0,421.0,415.0
2017-04-25,0.0,-0.94,420.0,,23374,0,425.0,427.0,417.0
2017-04-24,0.0,-2.53,424.0,,16675,0,435.0,438.0,423.0
2017-04-23,0.0,0.47,429.0,,25314,0,435.0,451.0,426.0
2017-04-20,0.0,-1.39,427.0,,22229,0,439.0,440.0,424.0
2017-04-19,0.0,4.84,433.0,,21687,0,413.0,435.0,412.0
2017-04-18,0.0,-3.05,413.0,,26884,0,418.0,425.0,410.0
2017-04-16,0.0,-3.18,426.0,,35653,0,445.0,445.0,426.0
2017-04-13,0.0,0.0,440.0,,29088,0,432.0,443.0,430.0
2017-04-12,0.0,0.46,440.0,,28426,0,446.0,448.0,436.0
2017-04-11,0.0,2.58,438.0,,28019,0,435.0,450.0,427.0
2017-04-10,0.0,0.0,427.0,,24873,0,430.0,430.0,422.0
2017-04-09,0.0,-0.93,427.0,,34452,0,439.0,443.0,425.0
2017-04-06,0.0,-1.37,431.0,,31692,0,437.0,448.0,427.0
2017-04-04,0.0,0.46,437.0,,24315,0,435.0,460.0,424.0
2017-04-03,0.0,-3.33,435.0,,54700,0,455.0,469.0,434.0
2017-04-02,0.0,5.39,450.0,,25513,0,432.0,450.0,430.0
2017-03-30,0.0,-0.47,427.0,,32565,0,429.0,435.0,412.0
2017-03-29,0.0,-0.46,429.0,,59715,0,431.0,465.0,424.0
2017-03-28,0.0,2.62,431.0,,23529,0,420.0,444.0,420.0
2017-03-26,0.0,2.44,420.0,,37702,0,417.0,429.0,400.0
2017-03-23,0.0,-0.73,410.0,,20629,0,412.0,420.0,405.0
2017-03-22,0.0,1.98,413.0,,34804,0,410.0,426.0,408.0
2017-03-21,0.0,5.19,404.0,,76368,0,392.0,405.0,374.0
2017-03-20,0.0,1.85,386.0,,19180,0,380.0,391.0,380.0
2017-03-19,0.0,1.07,378.0,,12167,0,374.0,380.0,371.0
2017-03-16,0.0,0.81,374.0,,11493,0,370.0,379.0,370.0
2017-03-15,0.0,-0.27,371.0,,6903,0,370.0,378.0,365.0
2017-03-14,0.0,-1.33,372.0,,10219,0,380.0,380.0,372.0
2017-03-13,0.0,1.62,377.0,,11320,0,365.0,380.0,365.0
2017-03-09,0.0,0.82,371.0,,24470,0,368.0,371.0,354.0
2017-03-07,0.0,-2.03,435.0,,83581,0,444.0,444.0,433.0
2017-03-06,0.0,0.0,444.0,,36020,0,446.0,452.0,442.0
2017-03-05,0.0,1.37,444.0,,43559,0,440.0,448.0,440.0
2017-03-02,0.0,1.86,437.0,,21289,0,438.0,439.0,430.0
2017-03-01,0.0,1.9,430.0,,11877,0,422.0,432.0,422.0
2017-02-28,0.0,-0.24,422.0,,16896,0,417.0,424.0,415.0
2017-02-26,0.0,-0.47,423.0,,10685,0,427.0,431.0,420.0
2017-02-23,0.0,-2.07,425.0,,11572,0,434.0,434.0,425.0
2017-02-22,0.0,-1.14,434.0,,10960,0,435.0,437.0,428.0
2017-02-21,0.0,0.0,439.0,,24523,0,442.0,450.0,433.0
2017-02-20,0.0,-0.9,439.0,,22175,0,451.0,462.0,437.0
2017-02-19,0.0,1.37,443.0,,33227,0,440.0,445.0,429.0
2017-02-16,0.0,0.69,437.0,,26526,0,442.0,447.0,430.0
2017-02-15,0.0,2.6,434.0,,19976,0,423.0,435.0,423.0
2017-02-14,0.0,-0.47,423.0,,23162,0,420.0,430.0,404.0
2017-02-13,0.0,3.91,425.0,,32261,0,407.0,432.0,393.0
2017-02-12,0.0,-3.08,409.0,,23643,0,414.0,422.0,406.0
2017-02-09,0.0,-1.86,422.0,,28714,0,425.0,435.0,420.0
2017-02-08,0.0,-2.27,430.0,,11339,0,440.0,440.0,427.0
2017-02-07,0.0,0.0,440.0,,16074,0,448.0,448.0,432.0
2017-02-06,0.0,0.0,440.0,,13798,0,440.0,443.0,425.0
2017-02-05,0.0,-1.35,440.0,,4464,0,440.0,446.0,430.0
2017-02-02,0.0,-2.83,446.0,,29170,0,468.0,485.0,441.0
2017-02-01,0.0,9.29,459.0,,24159,0,428.0,459.0,426.0
2017-01-31,0.0,0.96,420.0,,22900,0,412.0,434.0,405.0
2017-01-30,0.0,-4.59,416.0,,29106,0,432.0,432.0,415.0
2017-01-26,0.0,-1.8,436.0,,27168,0,436.0,455.0,428.0
2017-01-25,0.0,-2.63,444.0,,18426,0,455.0,459.0,439.0
2017-01-24,0.0,-2.35,456.0,,14259,0,476.0,476.0,456.0
2017-01-23,0.0,-1.68,467.0,,24004,0,468.0,475.0,466.0
2017-01-22,0.0,-0.42,475.0,,9577,0,477.0,480.0,474.0
2017-01-19,0.0,-0.62,477.0,,14819,0,480.0,482.0,475.0
2017-01-18,0.0,-1.64,480.0,,11593,0,487.0,490.0,478.0
2017-01-17,0.0,2.09,488.0,,8380,0,480.0,488.0,475.0
2017-01-16,0.0,-0.42,478.0,,15176,0,480.0,482.0,478.0
2017-01-15,0.0,-2.04,480.0,,24037,0,485.0,488.0,478.0
2017-01-12,0.0,1.03,490.0,,13927,0,485.0,490.0,483.0
2017-01-11,0.0,-0.82,485.0,,16930,0,498.0,505.0,475.0
2017-01-10,0.0,1.66,489.0,,9787,0,481.0,490.0,481.0
2017-01-09,0.0,0.63,481.0,,27127,0,483.0,487.0,472.0
2017-01-08,0.0,-1.85,478.0,,64037,0,485.0,489.0,470.0
2017-01-05,0.0,0.0,487.0,,23422,0,490.0,496.0,485.0
2017-01-04,0.0,-0.61,487.0,,10617,0,485.0,495.0,483.0
2017-01-03,0.0,-1.01,490.0,,38706,0,495.0,504.0,480.0
2017-01-02,0.0,5.32,495.0,,57360,0,473.0,497.0,473.0
2017-01-01,0.0,1.51,470.0,,23819,0,470.0,482.0,469.0
2016-12-29,0.0,1.98,464.0,,16442,0,460.0,473.0,460.0
2016-12-28,0.0,-0.22,454.0,,20821,0,455.0,464.0,450.0
2016-12-27,0.0,-2.57,455.0,,18635,0,462.0,472.0,451.0
2016-12-26,0.0,-2.91,467.0,,12487,0,482.0,482.0,465.0
2016-12-22,0.0,-0.41,481.0,,6117,0,480.0,490.0,478.0
2016-12-21,0.0,-1.23,483.0,,7057,0,489.0,489.0,482.0
2016-12-20,0.0,-0.61,489.0,,14125,0,489.0,494.0,479.0
2016-12-19,0.0,-1.2,492.0,,10860,0,495.0,497.0,489.0
2016-12-18,0.0,0.2,498.0,,8863,0,499.0,500.0,492.0
2016-12-15,0.0,0.2,497.0,,13220,0,500.0,500.0,492.0
2016-12-14,0.0,1.02,496.0,,9177,0,492.0,498.0,490.0
2016-12-12,0.0,-0.2,491.0,,9247,0,494.0,495.0,480.0
2016-12-11,0.0,-1.2,492.0,,12855,0,496.0,500.0,492.0
2016-12-08,0.0,-0.8,498.0,,12028,0,500.0,500.0,497.0
2016-12-07,0.0,0.4,502.0,,30890,0,506.0,506.0,497.0
2016-12-06,0.0,2.04,500.0,,27663,0,490.0,504.0,490.0
2016-12-05,0.0,-1.61,490.0,,9613,0,496.0,497.0,489.0
2016-12-04,0.0,-1.78,498.0,,23609,0,507.0,507.0,490.0
2016-12-01,0.0,-0.59,507.0,,35575,0,510.0,520.0,500.0
2016-11-30,0.0,2.0,510.0,,47765,0,500.0,515.0,492.0
2016-11-29,0.0,2.67,500.0,,38597,0,487.0,500.0,470.0
2016-11-28,0.0,3.84,487.0,,34599,0,461.0,500.0,445.0
2016-11-27,0.0,-4.29,469.0,,36440,0,485.0,490.0,462.0
2016-11-24,0.0,0.0,490.0,,29091,0,498.0,507.0,482.0
2016-11-23,0.0,-0.2,490.0,,33218,0,491.0,492.0,480.0
2016-11-22,0.0,-1.21,491.0,,24280,0,490.0,504.0,480.0
2016-11-21,0.0,0.4,497.0,,38236,0,486.0,509.0,477.0
2016-11-20,0.0,-2.37,495.0,,35078,0,505.0,512.0,480.0
2016-11-17,0.0,-2.5,507.0,,28316,0,520.0,520.0,500.0
2016-11-16,0.0,-0.95,520.0,,9483,0,525.0,525.0,517.0
2016-11-15,0.0,-0.57,525.0,,18050,0,535.0,535.0,525.0
2016-11-14,0.0,0.76,528.0,,14312,0,516.0,528.0,516.0
2016-11-13,0.0,-0.19,524.0,,18745,0,516.0,530.0,512.0
2016-11-10,0.0,0.77,525.0,,21923,0,525.0,532.0,516.0
2016-11-09,0.0,-1.7,521.0,,31675,0,525.0,530.0,505.0
2016-11-08,0.0,-2.57,530.0,,21537,0,541.0,541.0,525.0
2016-11-07,0.0,-1.81,544.0,,15802,0,545.0,557.0,540.0
2016-11-03,0.0,-0.89,554.0,,8516,0,555.0,560.0,540.0
2016-10-27,0.0,0.54,559.0,,11565,0,560.0,568.0,550.0
2016-10-26,0.0,-0.18,556.0,,22026,0,560.0,570.0,550.0
2016-10-25,0.0,-0.54,557.0,,27003,0,571.0,571.0,550.0
2016-10-24,0.0,-0.53,560.0,,21609,0,574.0,574.0,552.0
2016-10-23,0.0,-0.7,563.0,,41810,0,570.0,584.0,561.0
2016-10-20,0.0,-1.39,567.0,,18527,0,576.0,580.0,565.0
2016-10-19,0.0,1.23,575.0,,15916,0,565.0,575.0,565.0
2016-10-18,0.0,-2.24,568.0,,25055,0,580.0,581.0,566.0
2016-10-17,0.0,0.17,581.0,,17240,0,582.0,586.0,577.0
2016-10-16,0.0,-3.17,580.0,,10905,0,600.0,600.0,580.0
2016-10-06,0.0,0.67,599.0,,28469,0,600.0,600.0,591.0
2016-10-05,0.0,0.17,595.0,,19128,0,599.0,599.0,590.0
2016-10-04,0.0,-0.67,594.0,,19325,0,599.0,599.0,574.0
2016-10-03,0.0,2.93,596.0,,13983,0,590.0,600.0,589.0
2016-10-02,0.0,-1.53,581.0,,11687,0,600.0,600.0,580.0
2016-09-29,0.0,0.85,590.0,,10241,0,585.0,590.0,577.0
2016-09-28,0.0,-0.85,585.0,,8034,0,600.0,600.0,580.0
2016-09-27,0.0,-0.34,590.0,,8720,0,596.0,600.0,586.0
2016-09-26,0.0,2.96,592.0,,10975,0,580.0,610.0,577.0
2016-09-25,0.0,-3.09,595.0,,20343,0,614.0,610.0,593.0
2016-09-22,0.0,-3.09,595.0,,20343,0,614.0,610.0,593.0
2016-09-21,0.0,-0.97,711.0,,60254,0,732.0,732.0,704.0
2016-09-20,0.0,-1.51,718.0,,22507,0,743.0,744.0,715.0
2016-09-18,0.0,-3.32,729.0,,24892,0,751.0,751.0,728.0
2016-09-14,0.0,0.8,754.0,,44993,0,750.0,760.0,750.0
2016-09-12,0.0,4.18,748.0,,63107,0,725.0,748.0,725.0
2016-09-11,0.0,-0.96,718.0,,18242,0,724.0,724.0,707.0
2016-09-08,0.0,-0.68,725.0,,19551,0,735.0,735.0,713.0
2016-09-07,0.0,-1.35,730.0,,23702,0,730.0,740.0,728.0
2016-09-06,0.0,0.41,740.0,,49975,0,740.0,750.0,735.0
2016-09-05,0.0,-2.25,737.0,,43596,0,750.0,750.0,735.0
2016-09-04,0.0,-1.18,754.0,,50861,0,770.0,770.0,736.0
2016-09-01,0.0,-0.39,763.0,,38591,0,768.0,773.0,760.0
2016-08-31,0.0,-0.39,766.0,,34664,0,775.0,775.0,760.0
2016-08-30,0.0,3.22,769.0,,105594,0,759.0,780.0,752.0
2016-08-29,0.0,5.08,745.0,,36147,0,722.0,753.0,716.0
2016-08-28,0.0,1.87,709.0,,23030,0,700.0,728.0,695.0
2016-08-24,0.0,1.61,696.0,,11542,0,695.0,711.0,686.0
2016-08-23,0.0,-1.15,685.0,,23218,0,683.0,715.0,683.0
2016-08-22,0.0,-1.42,693.0,,11891,0,701.0,701.0,689.0
2016-08-21,0.0,-1.54,703.0,,10283,0,718.0,720.0,700.0
2016-08-17,0.0,1.28,714.0,,18607,0,710.0,717.0,707.0
2016-08-16,0.0,2.03,705.0,,25373,0,686.0,725.0,682.0
2016-08-15,0.0,-2.4,691.0,,35728,0,700.0,700.0,672.0
2016-08-14,0.0,-1.67,708.0,,16863,0,722.0,722.0,700.0
2016-08-11,0.0,-1.37,720.0,,21506,0,733.0,733.0,716.0
2016-08-10,0.0,0.97,728.0,,48112,0,735.0,750.0,706.0
2016-08-09,0.0,6.03,721.0,,858,0,693.0,721.0,693.0
2016-08-08,0.0,-5.56,680.0,,23537,0,720.0,715.0,680.0
2016-08-07,0.0,0.98,720.0,,28173,0,713.0,741.0,715.0
2016-08-04,0.0,-2.06,713.0,,33607,0,728.0,728.0,690.0
2016-08-03,0.0,-0.68,728.0,,31185,0,733.0,741.0,710.0
2016-08-02,0.0,-1.35,733.0,,19076,0,743.0,740.0,721.0
2016-08-01,0.0,-1.59,743.0,,28959,0,755.0,753.0,740.0
2016-07-31,0.0,-0.66,755.0,,28513,0,760.0,763.0,747.0
2016-07-28,0.0,-1.43,760.0,,41941,0,771.0,775.0,752.0
2016-07-27,0.0,0.13,771.0,,40799,0,770.0,790.0,760.0
2016-07-26,0.0,1.99,770.0,,50559,0,755.0,772.0,750.0
2016-07-25,0.0,2.58,755.0,,58643,0,736.0,780.0,740.0
2016-07-21,0.0,0.68,736.0,,26741,0,731.0,742.0,715.0
2016-07-20,0.0,-2.4,731.0,,44779,0,755.0,770.0,727.0
2016-07-19,0.0,0.54,749.0,,43370,0,750.0,761.0,743.0
2016-07-18,0.0,5.23,745.0,,39551,0,708.0,758.0,720.0
2016-07-17,0.0,4.12,708.0,,56592,0,680.0,708.0,690.0
2016-07-14,0.0,2.41,681.0,,36136,0,664.0,685.0,664.0
2016-07-13,0.0,-0.3,664.0,,23267,0,666.0,667.0,651.0
2016-07-12,0.0,-0.75,666.0,,25344,0,671.0,676.0,618.0
2016-07-11,0.0,-0.74,671.0,,17532,0,676.0,679.0,664.0
2016-07-10,0.0,2.42,676.0,,20794,0,660.0,680.0,668.0
2016-07-06,0.0,0.92,660.0,,15886,0,654.0,663.0,654.0
2016-07-05,0.0,1.4,654.0,,22718,0,645.0,660.0,636.0
2016-07-04,0.0,-1.83,645.0,,29344,0,657.0,657.0,640.0
2016-07-03,0.0,-1.79,657.0,,16673,0,669.0,669.0,649.0
2016-06-30,0.0,-0.45,669.0,,39799,0,672.0,675.0,652.0
2016-06-29,0.0,0.0,672.0,,39389,0,672.0,685.0,671.0
2016-06-28,0.0,3.86,672.0,,60359,0,647.0,686.0,652.0
2016-06-27,0.0,7.83,647.0,,47405,0,600.0,650.0,605.0
2016-06-26,0.0,2.39,600.0,,28810,0,586.0,600.0,588.0
2016-06-23,0.0,-0.68,586.0,,22795,0,590.0,598.0,585.0
2016-06-22,0.0,0.85,590.0,,26079,0,596.0,610.0,585.0
2016-06-21,0.0,1.39,585.0,,16259,0,577.0,585.0,578.0
2016-06-20,0.0,0.52,577.0,,22228,0,574.0,580.0,570.0
2016-06-19,0.0,0.7,574.0,,31372,0,570.0,578.0,560.0
2016-06-16,0.0,-0.87,570.0,,20291,0,575.0,587.0,560.0
2016-06-15,0.0,-0.17,575.0,,21508,0,576.0,582.0,575.0
2016-06-14,0.0,-1.03,576.0,,57713,0,590.0,590.0,575.0
2016-06-13,0.0,3.01,582.0,,26014,0,565.0,587.0,566.0
2016-06-12,0.0,-0.7,565.0,,33161,0,569.0,575.0,561.0
2016-06-09,0.0,-0.35,569.0,,34152,0,575.0,578.0,563.0
2016-06-08,0.0,-3.22,571.0,,32340,0,590.0,593.0,571.0
2016-06-07,0.0,0.0,590.0,,63364,0,590.0,604.0,590.0
2016-06-06,0.0,5.17,590.0,,63778,0,561.0,595.0,572.0
2016-06-05,0.0,-0.73,814.0,,256572,0,820.0,830.0,810.0
2016-06-01,0.0,-1.68,819.0,,90305,0,833.0,835.0,818.0
2016-05-31,0.0,-0.6,833.0,,104588,0,838.0,846.0,832.0
2016-05-30,0.0,1.58,838.0,,117380,0,825.0,870.0,830.0
2016-05-29,0.0,0.61,825.0,,34318,0,820.0,836.0,808.0
2016-05-26,0.0,0.99,820.0,,54472,0,812.0,840.0,795.0
2016-05-25,0.0,-2.17,812.0,,36702,0,830.0,835.0,801.0
2016-05-24,0.0,1.34,830.0,,46361,0,819.0,835.0,813.0
2016-05-23,0.0,1.61,819.0,,34313,0,806.0,819.0,804.0
2016-05-22,0.0,0.12,806.0,,25724,0,805.0,810.0,804.0
2016-05-19,0.0,-0.98,805.0,,31893,0,813.0,824.0,805.0
2016-05-18,0.0,0.74,813.0,,28761,0,807.0,820.0,808.0
2016-05-17,0.0,0.87,807.0,,23274,0,803.0,808.0,800.0
2016-05-16,0.0,0.63,800.0,,26928,0,795.0,800.0,794.0
2016-05-15,0.0,-0.75,795.0,,28049,0,798.0,798.0,793.0
2016-05-12,0.0,0.38,799.0,,22664,0,800.0,810.0,796.0
2016-05-11,0.0,-3.28,796.0,,66690,0,823.0,823.0,790.0
2016-05-10,0.0,1.86,823.0,,39604,0,808.0,828.0,808.0
2016-05-09,0.0,1.13,808.0,,46061,0,804.0,810.0,801.0
2016-05-08,0.0,1.78,799.0,,62744,0,785.0,800.0,791.0
2016-05-05,0.0,-0.88,785.0,,22579,0,792.0,790.0,778.0
2016-05-04,0.0,0.89,792.0,,41586,0,785.0,793.0,781.0
2016-05-03,0.0,-0.51,785.0,,34975,0,789.0,794.0,770.0
2016-05-02,0.0,-0.5,789.0,,24976,0,793.0,794.0,786.0
2016-04-28,0.0,0.38,793.0,,32638,0,790.0,795.0,783.0
2016-04-27,0.0,0.38,790.0,,15009,0,787.0,790.0,773.0
2016-04-26,0.0,-0.38,787.0,,36348,0,790.0,798.0,786.0
2016-04-25,0.0,0.0,790.0,,35497,0,790.0,800.0,785.0
2016-04-24,0.0,0.0,790.0,,36606,0,790.0,800.0,789.0
2016-04-21,0.0,-1.0,790.0,,50787,0,798.0,801.0,785.0
2016-04-20,0.0,2.97,798.0,,95303,0,775.0,804.0,777.0
2016-04-19,0.0,4.17,775.0,,106725,0,744.0,780.0,751.0
2016-04-18,0.0,0.81,744.0,,43903,0,738.0,746.0,739.0
2016-04-17,0.0,1.23,738.0,,38355,0,730.0,743.0,730.0
2016-04-14,0.0,0.55,729.0,,41452,0,725.0,730.0,723.0
2016-04-12,0.0,0.69,725.0,,23272,0,720.0,730.0,720.0
2016-04-11,0.0,-0.69,720.0,,41683,0,725.0,727.0,720.0
2016-04-10,0.0,-0.68,725.0,,16583,0,730.0,731.0,723.0
2016-04-06,0.0,-0.14,730.0,,23865,0,731.0,735.0,723.0
2016-04-05,0.0,1.25,731.0,,37344,0,724.0,735.0,724.0
2016-04-04,0.0,1.55,722.0,,87704,0,711.0,725.0,714.0
2016-04-03,0.0,-0.7,711.0,,33191,0,716.0,715.0,703.0
2016-03-31,0.0,-1.24,716.0,,33174,0,725.0,729.0,716.0
2016-03-30,0.0,0.0,725.0,,28979,0,725.0,733.0,723.0
2016-03-29,0.0,-0.82,725.0,,36082,0,721.0,736.0,718.0
2016-03-28,0.0,-1.22,731.0,,61701,0,740.0,740.0,718.0
2016-03-27,0.0,2.07,740.0,,96909,0,725.0,760.0,727.0
2016-03-24,0.0,1.12,725.0,,42399,0,717.0,730.0,712.0
2016-03-23,0.0,2.28,717.0,,72796,0,700.0,717.0,697.0
2016-03-21,0.0,0.14,701.0,,59483,0,702.0,702.0,693.0
2016-03-20,0.0,2.19,700.0,,42476,0,698.0,704.0,681.0
2016-03-17,0.0,1.33,685.0,,21843,0,677.0,685.0,676.0
2016-03-16,0.0,0.15,674.0,,15469,0,670.0,676.0,667.0
2016-03-15,0.0,-0.44,675.0,,4817,0,672.0,675.0,665.0
2016-03-14,0.0,-0.73,678.0,,14802,0,688.0,689.0,675.0
2016-03-13,0.0,-0.15,683.0,,15264,0,690.0,693.0,674.0
2016-03-10,0.0,-0.15,684.0,,12167,0,698.0,699.0,676.0
2016-03-06,0.0,2.54,685.0,,26128,0,668.0,698.0,665.0
2016-03-03,0.0,3.09,668.0,,26414,0,645.0,670.0,645.0
2016-03-02,0.0,0.93,648.0,,26073,0,644.0,652.0,644.0
2016-03-01,0.0,1.58,642.0,,27281,0,632.0,645.0,632.0
2016-02-29,0.0,-0.94,632.0,,23691,0,638.0,637.0,628.0
2016-02-28,0.0,1.11,638.0,,24920,0,631.0,639.0,630.0
2016-02-25,0.0,0.16,631.0,,11918,0,630.0,635.0,620.0
2016-02-24,0.0,0.32,630.0,,8918,0,635.0,640.0,627.0
2016-02-23,0.0,-1.26,628.0,,18094,0,636.0,645.0,628.0
2016-02-22,0.0,0.79,637.0,,19646,0,635.0,640.0,635.0
2016-02-21,0.0,0.48,631.0,,26296,0,636.0,645.0,630.0
2016-02-18,0.0,0.8,628.0,,20221,0,623.0,633.0,623.0
2016-02-17,0.0,0.48,623.0,,13742,0,620.0,627.0,615.0
2016-02-16,0.0,0.16,620.0,,16892,0,619.0,625.0,617.0
2016-02-15,0.0,-0.16,619.0,,11106,0,617.0,620.0,611.0
2016-02-14,0.0,-1.74,621.0,,14201,0,626.0,630.0,611.0
2016-02-11,0.0,-0.47,631.0,,7289,0,634.0,638.0,626.0
2016-02-08,0.0,0.16,634.0,,10988,0,633.0,639.0,632.0
2016-02-07,0.0,-0.31,633.0,,11972,0,635.0,647.0,630.0
2016-02-04,0.0,0.16,638.0,,18771,0,634.0,639.0,634.0
2016-02-03,0.0,-0.63,634.0,,9270,0,638.0,640.0,626.0
2016-02-02,0.0,0.47,638.0,,15288,0,647.0,647.0,636.0
2016-02-01,0.0,1.76,635.0,,11953,0,624.0,635.0,625.0
2016-01-31,0.0,1.46,624.0,,12505,0,615.0,624.0,615.0
2016-01-28,0.0,-0.81,615.0,,10131,0,625.0,625.0,615.0
2016-01-27,0.0,0.49,620.0,,9601,0,617.0,626.0,615.0
2016-01-26,0.0,-0.48,617.0,,13417,0,620.0,625.0,616.0
2016-01-25,0.0,1.31,620.0,,18186,0,624.0,630.0,617.0
2016-01-24,0.0,0.16,612.0,,16034,0,611.0,615.0,611.0
2016-01-21,0.0,-0.49,611.0,,26946,0,614.0,617.0,611.0
2016-01-20,0.0,1.49,614.0,,18605,0,615.0,615.0,608.0
2016-01-19,0.0,-1.31,605.0,,7788,0,606.0,606.0,598.0
2016-01-18,0.0,1.32,613.0,,43293,0,613.0,616.0,605.0
2016-01-17,0.0,1.0,603.0,,28602,0,608.0,620.0,597.0
2016-01-14,0.0,1.53,597.0,,16131,0,597.0,598.0,591.0
2016-01-13,0.0,-0.34,588.0,,4624,0,590.0,595.0,587.0
2016-01-12,0.0,-0.17,590.0,,10216,0,594.0,594.0,586.0
2016-01-11,0.0,-0.34,591.0,,9996,0,597.0,597.0,590.0
2016-01-10,0.0,-0.34,593.0,,15540,0,595.0,600.0,590.0
2016-01-07,0.0,1.54,597.0,,27081,0,595.0,601.0,594.0
2016-01-06,0.0,1.56,586.0,,35033,0,580.0,599.0,580.0
2016-01-05,0.0,2.49,577.0,,20148,0,574.0,586.0,574.0
2016-01-04,0.0,-0.88,563.0,,5521,0,568.0,567.0,553.0
2016-01-03,0.0,0.0,568.0,,8166,0,568.0,572.0,563.0
2015-12-31,0.0,-0.35,568.0,,15326,0,570.0,576.0,562.0
2015-12-29,0.0,1.24,570.0,,4837,0,563.0,570.0,562.0
2015-12-28,0.0,-1.23,563.0,,3946,0,570.0,571.0,563.0
2015-12-25,0.0,0.0,570.0,,4772,0,575.0,575.0,569.0
2015-12-24,0.0,-1.21,570.0,,3382,0,575.0,575.0,568.0
2015-12-23,0.0,-0.52,577.0,,6448,0,580.0,579.0,573.0
2015-12-22,0.0,0.87,580.0,,12603,0,586.0,588.0,575.0
2015-12-21,0.0,1.23,575.0,,4526,0,568.0,584.0,570.0
2015-12-20,0.0,1.43,568.0,,2424,0,560.0,570.0,565.0
2015-12-17,0.0,0.0,560.0,,5175,0,560.0,561.0,550.0
2015-12-16,0.0,-2.95,560.0,,5717,0,570.0,570.0,560.0
2015-12-15,0.0,-0.52,577.0,,5580,0,577.0,580.0,575.0
2015-12-14,0.0,0.0,580.0,,8989,0,581.0,582.0,571.0
2015-12-13,0.0,-0.85,580.0,,13476,0,591.0,591.0,576.0
2015-12-10,0.0,-0.51,585.0,,8913,0,590.0,590.0,577.0
2015-12-09,0.0,1.55,588.0,,16609,0,585.0,593.0,580.0
2015-12-08,0.0,0.52,579.0,,13001,0,575.0,579.0,573.0
2015-12-07,0.0,1.59,576.0,,26508,0,571.0,586.0,569.0
2015-12-04,0.0,5.0,567.0,,29359,0,550.0,570.0,550.0
2015-12-03,0.0,1.31,540.0,,9986,0,540.0,560.0,535.0
2015-12-02,0.0,-1.66,533.0,,10209,0,545.0,545.0,523.0
2015-12-01,0.0,3.44,542.0,,8954,0,524.0,542.0,534.0
2015-11-30,0.0,2.14,523.0,,12945,0,513.0,535.0,513.0
2015-11-29,0.0,-2.29,513.0,,18286,0,518.0,518.0,510.0
2015-11-26,0.0,-1.87,525.0,,13772,0,535.0,535.0,520.0
2015-11-25,0.0,-0.93,535.0,,9282,0,540.0,540.0,521.0
2015-11-24,0.0,0.0,540.0,,15817,0,538.0,550.0,535.0
2015-11-23,0.0,1.12,540.0,,9076,0,530.0,544.0,520.0
2015-11-22,0.0,-2.55,534.0,,15266,0,545.0,545.0,531.0
2015-11-19,0.0,-0.18,548.0,,11012,0,547.0,548.0,536.0
2015-11-18,0.0,2.43,549.0,,40862,0,540.0,551.0,539.0
2015-11-16,0.0,-0.56,536.0,,3654,0,531.0,538.0,531.0
2015-11-15,0.0,-0.37,539.0,,6289,0,537.0,541.0,535.0
2015-11-10,0.0,0.0,541.0,,14316,0,531.0,544.0,531.0
2015-11-09,0.0,2.07,541.0,,42618,0,522.0,550.0,520.0
2015-11-08,0.0,1.92,530.0,,6958,0,520.0,530.0,520.0
2015-11-05,0.0,0.39,520.0,,7390,0,515.0,530.0,515.0
2015-11-04,0.0,0.58,518.0,,10457,0,515.0,520.0,515.0
2015-11-03,0.0,-1.34,516.0,,11370,0,521.0,521.0,513.0
2015-11-02,0.0,0.38,523.0,,11028,0,520.0,525.0,515.0
2015-11-01,0.0,-0.76,521.0,,7581,0,515.0,525.0,515.0
2015-10-29,0.0,1.35,525.0,,17028,0,520.0,535.0,519.0
2015-10-28,0.0,-1.33,518.0,,10009,0,517.0,528.0,500.0
2015-10-27,0.0,-4.54,525.0,,7754,0,545.0,545.0,523.0
2015-10-25,0.0,-0.54,550.0,,780,0,550.0,550.0,546.0
2015-10-19,0.0,0.54,553.0,,36831,0,550.0,555.0,549.0
2015-10-18,0.0,0.55,550.0,,26078,0,552.0,558.0,550.0
2015-10-15,0.0,0.55,547.0,,19512,0,541.0,555.0,540.0
2015-10-14,0.0,2.64,544.0,,57698,0,540.0,572.0,540.0
2015-10-11,0.0,-2.21,530.0,,9272,0,536.0,538.0,522.0
2015-10-08,0.0,-0.55,542.0,,7713,0,546.0,550.0,539.0
2015-10-07,0.0,-0.91,545.0,,8602,0,550.0,550.0,537.0
2015-10-06,0.0,-1.08,550.0,,4965,0,550.0,550.0,540.0
2015-10-05,0.0,-0.36,556.0,,5452,0,559.0,560.0,556.0
2015-10-04,0.0,-0.36,558.0,,16399,0,561.0,564.0,554.0
2015-10-01,0.0,1.08,560.0,,5762,0,555.0,563.0,555.0
2015-09-30,0.0,-1.6,556.0,,5842,0,565.0,573.0,550.0
2015-09-29,0.0,-1.05,563.0,,2838,0,578.0,575.0,560.0
2015-09-28,0.0,-2.57,569.0,,8235,0,584.0,574.0,551.0
2015-09-24,0.0,-1.27,701.0,,141288,0,714.0,724.0,690.0
2015-09-23,0.0,9.23,710.0,,104737,0,663.0,711.0,663.0
2015-09-22,0.0,-3.42,650.0,,23557,0,686.0,686.0,650.0
2015-09-17,0.0,-2.46,673.0,,21330,0,700.0,700.0,670.0
2015-09-16,0.0,-0.58,690.0,,10107,0,700.0,700.0,680.0
2015-09-15,0.0,0.58,694.0,,14659,0,703.0,703.0,684.0
2015-09-14,0.0,0.73,689.0,,17495,0,695.0,694.0,685.0
2015-09-13,0.0,2.39,685.0,,18234,0,672.0,685.0,672.0
2015-09-10,0.0,-1.62,669.0,,13500,0,689.0,689.0,668.0
2015-09-09,0.0,-0.87,680.0,,19969,0,690.0,694.0,678.0
2015-09-08,0.0,0.0,686.0,,12628,0,690.0,698.0,685.0
2015-09-07,0.0,-0.29,686.0,,2526,0,699.0,700.0,685.0
2015-09-06,0.0,-0.58,688.0,,22054,0,680.0,697.0,666.0
2015-09-03,0.0,-1.56,692.0,,36413,0,717.0,717.0,687.0
2015-09-02,0.0,1.15,703.0,,35178,0,700.0,705.0,681.0
2015-09-01,0.0,0.0,695.0,,13462,0,695.0,704.0,691.0
2015-08-31,0.0,-0.57,695.0,,21491,0,691.0,705.0,691.0
2015-08-27,0.0,0.43,699.0,,26432,0,700.0,720.0,695.0
2015-08-26,0.0,-1.97,696.0,,18866,0,710.0,710.0,690.0
2015-08-25,0.0,1.87,710.0,,20153,0,684.0,713.0,671.0
2015-08-24,0.0,-2.38,697.0,,25365,0,710.0,716.0,692.0
2015-08-23,0.0,-1.65,714.0,,29454,0,712.0,740.0,677.0
2015-08-20,0.0,-0.68,726.0,,47959,0,745.0,799.0,726.0
2015-08-19,0.0,9.92,731.0,,47352,0,678.0,731.0,678.0
2015-08-18,0.0,7.09,665.0,,49409,0,633.0,675.0,610.0
2015-08-17,0.0,9.91,621.0,,94171,0,576.0,621.0,575.0
2015-08-16,0.0,2.36,565.0,,47457,0,555.0,565.0,529.0
2015-08-13,0.0,0.18,552.0,,48597,0,555.0,560.0,540.0
2015-08-12,0.0,-0.36,551.0,,13539,0,553.0,558.0,545.0
2015-08-11,0.0,-2.98,553.0,,15774,0,570.0,573.0,550.0
2015-08-10,0.0,-0.35,570.0,,31413,0,572.0,575.0,560.0
2015-08-09,0.0,2.14,572.0,,21153,0,560.0,593.0,560.0
2015-08-06,0.0,0.54,560.0,,18546,0,557.0,568.0,550.0
2015-08-05,0.0,-0.18,555.0,,22202,0,556.0,560.0,550.0
2015-08-04,0.0,-0.54,556.0,,28734,0,559.0,557.0,545.0
2015-08-03,0.0,-0.89,559.0,,35048,0,564.0,560.0,548.0
2015-08-02,0.0,4.44,564.0,,38591,0,540.0,566.0,545.0
2015-07-30,0.0,0.93,540.0,,26862,0,535.0,546.0,530.0
2015-07-29,0.0,0.0,535.0,,21519,0,535.0,540.0,526.0
2015-07-28,0.0,-1.11,535.0,,40058,0,541.0,549.0,515.0
2015-07-27,0.0,-7.2,541.0,,69263,0,583.0,616.0,532.0
2015-07-26,0.0,10.0,583.0,,8229,0,530.0,583.0,540.0
2015-07-23,0.0,6.64,530.0,,40563,0,497.0,530.0,498.0
2015-07-22,0.0,1.64,497.0,,42300,0,498.0,510.0,490.0
2015-07-16,0.0,5.16,489.0,,14831,0,465.0,489.0,461.0
2015-07-15,0.0,0.43,465.0,,2400,0,460.0,465.0,460.0
2015-07-14,0.0,0.65,463.0,,5137,0,460.0,465.0,458.0
2015-07-13,0.0,1.1,460.0,,8506,0,460.0,464.0,458.0
2015-07-12,0.0,-0.65,455.0,,5022,0,449.0,455.0,449.0
2015-07-09,0.0,0.88,458.0,,2371,0,453.0,458.0,452.0
2015-07-08,0.0,1.34,454.0,,5049,0,448.0,454.0,448.0
2015-07-07,0.0,-0.22,448.0,,4828,0,441.0,455.0,441.0
2015-07-06,0.0,0.67,449.0,,3784,0,441.0,449.0,441.0
2015-07-05,0.0,0.22,446.0,,6190,0,445.0,447.0,444.0
2015-07-02,0.0,-2.2,445.0,,2773,0,451.0,451.0,445.0
2015-07-01,0.0,0.0,455.0,,6478,0,464.0,464.0,451.0
2015-06-30,0.0,0.44,455.0,,4164,0,450.0,455.0,449.0
2015-06-29,0.0,0.44,453.0,,4245,0,458.0,460.0,447.0
2015-06-28,0.0,0.22,451.0,,6210,0,452.0,454.0,446.0
2015-06-25,0.0,0.0,450.0,,10217,0,455.0,455.0,450.0
2015-06-24,0.0,0.0,450.0,,3194,0,450.0,458.0,447.0
2015-06-23,0.0,-0.22,450.0,,9740,0,451.0,452.0,444.0
2015-06-22,0.0,2.5,451.0,,2573,0,434.0,451.0,433.0
2015-06-21,0.0,-0.9,440.0,,16112,0,444.0,448.0,436.0
2015-06-18,0.0,-1.33,444.0,,3984,0,450.0,451.0,444.0
2015-06-17,0.0,0.0,450.0,,7407,0,450.0,455.0,446.0
2015-06-16,0.0,-1.75,450.0,,11204,0,458.0,453.0,437.0
2015-06-15,0.0,1.1,458.0,,2850,0,453.0,462.0,444.0
2015-06-14,0.0,0.0,453.0,,4762,0,453.0,454.0,445.0
2015-06-11,0.0,-2.79,453.0,,5364,0,466.0,466.0,450.0
2015-06-10,0.0,-2.92,466.0,,9675,0,480.0,473.0,464.0
2015-06-09,0.0,2.56,480.0,,27122,0,468.0,486.0,463.0
2015-06-08,0.0,2.86,468.0,,9824,0,455.0,474.0,455.0
2015-06-07,0.0,1.34,455.0,,6356,0,449.0,455.0,446.0
2015-06-04,0.0,0.0,449.0,,13053,0,449.0,452.0,441.0
2015-06-03,0.0,4.42,449.0,,12682,0,430.0,466.0,433.0
2015-06-02,0.0,0.7,430.0,,11269,0,427.0,430.0,413.0
2015-06-01,0.0,5.43,427.0,,20037,0,405.0,431.0,413.0
2015-05-31,0.0,6.58,405.0,,14663,0,380.0,409.0,387.0
2015-05-28,0.0,4.11,380.0,,10642,0,365.0,385.0,358.0
2015-05-27,0.0,-9.43,365.0,,17012,0,403.0,395.0,365.0
2015-05-26,0.0,-9.84,403.0,,782,0,447.0,439.0,403.0
2015-05-24,0.0,-1.97,447.0,,10,0,456.0,447.0,447.0
2015-04-23,0.0,-0.87,456.0,,4267,0,460.0,461.0,454.0
2015-04-22,0.0,0.65,462.0,,2542,0,459.0,464.0,446.0
2015-04-21,0.0,1.55,459.0,,7331,0,452.0,479.0,456.0
2015-04-20,0.0,2.73,452.0,,16033,0,440.0,461.0,446.0
2015-04-19,0.0,-2.65,440.0,,12657,0,452.0,450.0,440.0
2015-04-16,0.0,0.0,452.0,,5034,0,452.0,455.0,445.0
2015-04-15,0.0,0.89,452.0,,3118,0,448.0,453.0,440.0
2015-04-13,0.0,-0.44,448.0,,2811,0,450.0,459.0,444.0
2015-04-12,0.0,0.9,450.0,,5291,0,446.0,454.0,447.0
2015-04-09,0.0,0.0,446.0,,5040,0,446.0,450.0,438.0
2015-04-08,0.0,1.83,446.0,,4300,0,438.0,447.0,440.0
2015-04-07,0.0,-0.23,438.0,,714,0,439.0,439.0,402.0
2015-04-06,0.0,-1.13,439.0,,3100,0,444.0,444.0,436.0
2015-04-05,0.0,-1.11,444.0,,2182,0,449.0,451.0,441.0
2015-04-02,0.0,2.51,449.0,,2717,0,438.0,450.0,440.0
2015-04-01,0.0,-2.88,438.0,,2176,0,451.0,454.0,438.0
2015-03-31,0.0,2.5,451.0,,2461,0,440.0,451.0,426.0
2015-03-30,0.0,-1.35,440.0,,3570,0,446.0,446.0,437.0
2015-03-29,0.0,0.0,446.0,,2492,0,446.0,447.0,439.0
2015-03-26,0.0,0.0,446.0,,3624,0,446.0,450.0,441.0
2015-03-25,0.0,-0.22,446.0,,6345,0,447.0,451.0,445.0
2015-03-24,0.0,-1.11,447.0,,2401,0,452.0,451.0,446.0
2015-03-23,0.0,-1.53,452.0,,4481,0,459.0,459.0,450.0
2015-03-22,0.0,0.44,459.0,,8588,0,457.0,459.0,450.0
2015-03-19,0.0,0.22,457.0,,6203,0,456.0,461.0,452.0
2015-03-18,0.0,-1.3,456.0,,2038,0,462.0,459.0,455.0
2015-03-17,0.0,2.67,462.0,,5732,0,450.0,462.0,444.0
2015-03-16,0.0,-2.6,450.0,,6796,0,462.0,460.0,450.0
2015-03-15,0.0,-1.28,462.0,,1670,0,468.0,464.0,453.0
2015-03-12,0.0,-0.21,468.0,,1902,0,469.0,472.0,468.0
2015-03-11,0.0,-1.05,469.0,,2754,0,474.0,479.0,466.0
2015-03-10,0.0,-0.21,474.0,,2380,0,475.0,475.0,473.0
2015-03-09,0.0,-0.42,475.0,,16342,0,477.0,490.0,460.0
2015-03-04,0.0,3.25,477.0,,5160,0,462.0,482.0,462.0
2015-03-03,0.0,-1.7,462.0,,3082,0,470.0,469.0,462.0
2015-03-02,0.0,2.62,470.0,,11945,0,458.0,473.0,460.0
2015-03-01,0.0,-0.43,458.0,,4085,0,460.0,462.0,451.0
2015-02-26,0.0,0.43,463.0,,2154,0,461.0,463.0,460.0
2015-02-25,0.0,0.65,461.0,,1253,0,458.0,461.0,451.0
2015-02-24,0.0,0.22,458.0,,4706,0,457.0,460.0,451.0
2015-02-23,0.0,0.88,457.0,,5715,0,453.0,462.0,445.0
2015-02-22,0.0,-2.37,453.0,,10290,0,464.0,460.0,450.0
2015-02-19,0.0,0.43,464.0,,3481,0,462.0,465.0,461.0
2015-02-16,0.0,-1.49,462.0,,12457,0,469.0,470.0,462.0
2015-02-15,0.0,0.21,469.0,,6219,0,468.0,470.0,462.0
2015-02-12,0.0,0.43,468.0,,2586,0,466.0,470.0,461.0
2015-02-11,0.0,0.65,466.0,,3329,0,463.0,466.0,460.0
2015-02-10,0.0,-1.28,463.0,,5228,0,469.0,465.0,460.0
2015-02-09,0.0,-1.26,469.0,,3546,0,475.0,473.0,460.0
2015-02-08,0.0,2.15,475.0,,7581,0,465.0,477.0,471.0
2015-02-05,0.0,-3.53,465.0,,7284,0,482.0,473.0,455.0
2015-02-04,0.0,0.42,482.0,,7484,0,480.0,482.0,470.0
2015-02-03,0.0,-2.04,480.0,,11376,0,490.0,484.0,478.0
2015-02-02,0.0,0.62,490.0,,16417,0,487.0,493.0,481.0
2015-02-01,0.0,1.88,487.0,,15644,0,478.0,487.0,470.0
2015-01-29,0.0,-1.24,478.0,,11724,0,484.0,484.0,472.0
2015-01-28,0.0,3.86,484.0,,6825,0,466.0,485.0,470.0
2015-01-27,0.0,1.08,466.0,,2943,0,461.0,467.0,458.0
2015-01-26,0.0,-1.91,461.0,,8267,0,470.0,474.0,460.0
2015-01-25,0.0,3.07,470.0,,12541,0,456.0,475.0,456.0
2015-01-22,0.0,-1.08,456.0,,7709,0,461.0,466.0,446.0
2015-01-20,0.0,-1.91,461.0,,12461,0,470.0,479.0,445.0
2015-01-19,0.0,3.3,470.0,,23500,0,455.0,500.0,462.0
2015-01-18,0.0,5.57,455.0,,26562,0,431.0,460.0,435.0
2015-01-14,0.0,0.47,431.0,,3289,0,429.0,435.0,426.0
2015-01-13,0.0,0.47,429.0,,1758,0,427.0,434.0,420.0
2015-01-12,0.0,-1.39,427.0,,3331,0,433.0,432.0,417.0
2015-01-11,0.0,-0.23,433.0,,4889,0,434.0,436.0,427.0
2015-01-08,0.0,0.93,434.0,,7729,0,430.0,441.0,425.0
2015-01-07,0.0,0.0,430.0,,3714,0,430.0,439.0,422.0
2015-01-06,0.0,0.47,430.0,,2634,0,428.0,431.0,412.0
2015-01-05,0.0,-1.15,428.0,,4085,0,433.0,440.0,425.0
2015-01-04,0.0,1.64,433.0,,13129,0,426.0,436.0,430.0
2015-01-01,0.0,1.67,426.0,,10256,0,419.0,426.0,412.0
2014-12-31,0.0,-0.24,419.0,,7740,0,420.0,423.0,412.0
2014-12-29,0.0,0.0,420.0,,8557,0,420.0,426.0,410.0
2014-12-28,0.0,2.44,420.0,,4560,0,410.0,430.0,410.0
2014-12-24,0.0,0.49,410.0,,5081,0,408.0,410.0,400.0
2014-12-23,0.0,-0.24,408.0,,2073,0,409.0,408.0,393.0
2014-12-22,0.0,-0.24,409.0,,5599,0,410.0,413.0,402.0
2014-12-21,0.0,-1.91,410.0,,2387,0,418.0,420.0,410.0
2014-12-18,0.0,-0.24,418.0,,1637,0,419.0,418.0,403.0
2014-12-17,0.0,-0.48,419.0,,652,0,421.0,419.0,415.0
2014-12-16,0.0,-1.64,421.0,,575,0,428.0,425.0,412.0
2014-12-15,0.0,-0.47,428.0,,5996,0,430.0,446.0,410.0
2014-12-14,0.0,6.97,430.0,,4461,0,402.0,430.0,408.0
2014-12-11,0.0,1.77,402.0,,1289,0,395.0,408.0,395.0
2014-12-10,0.0,1.02,395.0,,2197,0,391.0,403.0,390.0
2014-12-09,0.0,0.26,391.0,,1281,0,390.0,401.0,390.0
2014-12-08,0.0,0.26,390.0,,2943,0,389.0,390.0,382.0
2014-12-07,0.0,-1.77,389.0,,3665,0,396.0,400.0,389.0
2014-12-04,0.0,0.25,396.0,,1822,0,395.0,400.0,390.0
2014-12-03,0.0,3.4,395.0,,2190,0,382.0,410.0,388.0
2014-12-02,0.0,-1.8,382.0,,1814,0,389.0,385.0,376.0
2014-12-01,0.0,-0.26,389.0,,3352,0,390.0,391.0,389.0
2014-11-30,0.0,-2.74,390.0,,2993,0,401.0,393.0,390.0
2014-11-25,0.0,-0.99,401.0,,2551,0,405.0,401.0,395.0
2014-11-24,0.0,-0.25,405.0,,2403,0,406.0,405.0,398.0
2014-11-23,0.0,-2.17,406.0,,4471,0,415.0,420.0,400.0
2014-11-20,0.0,4.8,415.0,,4281,0,396.0,415.0,396.0
2014-11-19,0.0,0.51,396.0,,2887,0,394.0,400.0,395.0
2014-11-18,0.0,1.03,394.0,,8592,0,390.0,400.0,376.0
2014-11-17,0.0,-2.5,390.0,,7263,0,400.0,405.0,390.0
2014-11-16,0.0,-3.38,400.0,,1532,0,414.0,406.0,400.0
2014-11-13,0.0,-0.24,414.0,,2194,0,415.0,423.0,407.0
2014-11-12,0.0,-2.81,415.0,,2806,0,427.0,429.0,415.0
2014-11-11,0.0,3.89,427.0,,4949,0,411.0,427.0,399.0
2014-11-10,0.0,-2.14,411.0,,5318,0,420.0,420.0,406.0
2014-11-09,0.0,-3.23,420.0,,3139,0,434.0,433.0,418.0
2014-11-06,0.0,0.46,434.0,,2273,0,432.0,435.0,428.0
2014-11-05,0.0,1.17,432.0,,2237,0,427.0,440.0,425.0
2014-11-04,0.0,0.23,427.0,,7120,0,426.0,427.0,418.0
2014-11-03,0.0,-0.93,426.0,,2286,0,430.0,430.0,424.0
2014-11-02,0.0,-0.46,430.0,,3240,0,432.0,434.0,426.0
2014-10-30,0.0,-1.82,432.0,,730,0,440.0,433.0,432.0
2014-10-28,0.0,0.0,440.0,,1855,0,440.0,449.0,435.0
2014-10-27,0.0,-2.65,440.0,,3646,0,452.0,443.0,436.0
2014-10-26,0.0,0.0,452.0,,117,0,452.0,461.0,452.0
2014-10-22,0.0,-0.22,452.0,,831,0,453.0,452.0,440.0
2014-10-21,0.0,0.44,453.0,,2080,0,451.0,454.0,445.0
2014-10-20,0.0,-0.88,451.0,,1126,0,455.0,459.0,450.0
2014-10-19,0.0,0.44,455.0,,6387,0,453.0,460.0,451.0
2014-10-16,0.0,-0.22,453.0,,2988,0,454.0,455.0,448.0
2014-10-15,0.0,1.34,454.0,,7342,0,448.0,456.0,446.0
2014-10-14,0.0,0.22,448.0,,1424,0,447.0,452.0,440.0
2014-10-13,0.0,-0.67,447.0,,1501,0,450.0,448.0,437.0
2014-10-12,0.0,0.0,450.0,,4241,0,450.0,457.0,447.0
2014-10-09,0.0,0.0,450.0,,3344,0,450.0,450.0,450.0
2014-10-08,0.0,-1.1,450.0,,2581,0,455.0,450.0,446.0
2014-09-30,0.0,-1.52,455.0,,4181,0,462.0,470.0,454.0
2014-09-29,0.0,2.67,462.0,,46239,0,450.0,462.0,441.0
2014-09-28,0.0,2.27,450.0,,851,0,440.0,461.0,445.0
2014-09-24,0.0,-1.35,440.0,,1926,0,446.0,444.0,436.0
2014-09-23,0.0,4.69,446.0,,2637,0,426.0,450.0,434.0
2014-09-22,0.0,-1.62,426.0,,2315,0,433.0,435.0,420.0
2014-09-21,0.0,-3.13,433.0,,1111,0,447.0,439.0,430.0
2014-09-17,0.0,-0.88,450.0,,17271,0,454.0,463.0,448.0
2014-09-16,0.0,2.02,454.0,,3943,0,445.0,455.0,440.0
2014-09-15,0.0,-1.55,445.0,,585,0,452.0,451.0,443.0
2014-09-14,0.0,0.89,452.0,,1507,0,448.0,455.0,446.0
2014-09-11,0.0,1.2,506.0,,70575,0,500.0,514.0,494.0
2014-09-10,0.0,-4.03,500.0,,23171,0,521.0,534.0,496.0
2014-09-09,0.0,9.92,521.0,,34343,0,474.0,521.0,483.0
2014-09-07,0.0,-7.6,474.0,,18758,0,513.0,533.0,474.0
2014-09-04,0.0,-1.54,513.0,,17809,0,521.0,520.0,498.0
2014-09-03,0.0,-1.7,521.0,,10268,0,530.0,530.0,515.0
2014-09-01,0.0,0.0,530.0,,7842,0,530.0,531.0,500.0
2014-08-31,0.0,-3.81,530.0,,7586,0,551.0,555.0,525.0
2014-08-28,0.0,-0.72,551.0,,32368,0,555.0,570.0,546.0
2014-08-27,0.0,5.31,555.0,,12307,0,527.0,564.0,537.0
2014-08-26,0.0,-2.95,527.0,,20830,0,543.0,572.0,513.0
2014-08-25,0.0,-3.04,543.0,,20875,0,560.0,552.0,530.0
2014-08-24,0.0,-1.58,560.0,,11571,0,569.0,576.0,555.0
2014-08-21,0.0,0.18,569.0,,16683,0,568.0,573.0,538.0
2014-08-20,0.0,-1.22,568.0,,46108,0,575.0,575.0,561.0
2014-08-19,0.0,0.88,575.0,,15435,0,570.0,579.0,565.0
2014-08-18,0.0,-1.04,570.0,,18546,0,576.0,577.0,560.0
2014-08-14,0.0,0.17,576.0,,19830,0,575.0,589.0,565.0
2014-08-13,0.0,0.88,575.0,,20014,0,570.0,590.0,559.0
2014-08-12,0.0,-3.39,570.0,,9194,0,590.0,590.0,569.0
2014-08-07,0.0,0.85,590.0,,22345,0,585.0,590.0,570.0
2014-08-06,0.0,-1.18,585.0,,20259,0,592.0,600.0,581.0
2014-08-05,0.0,1.2,592.0,,53181,0,585.0,610.0,576.0
2014-08-04,0.0,-1.02,585.0,,23104,0,591.0,597.0,584.0
2014-08-03,0.0,-2.31,591.0,,17058,0,605.0,603.0,590.0
2014-07-31,0.0,1.51,605.0,,23854,0,596.0,605.0,585.0
2014-07-30,0.0,-1.81,596.0,,23822,0,607.0,615.0,593.0
2014-07-28,0.0,-0.16,607.0,,30818,0,608.0,609.0,590.0
2014-07-27,0.0,-1.14,608.0,,24276,0,615.0,618.0,603.0
2014-07-24,0.0,1.82,615.0,,73493,0,604.0,615.0,599.0
2014-07-23,0.0,2.37,604.0,,60057,0,590.0,626.0,595.0
2014-07-22,0.0,-1.67,590.0,,19892,0,600.0,605.0,573.0
2014-07-21,0.0,0.0,600.0,,27210,0,600.0,630.0,585.0
2014-07-20,0.0,8.11,600.0,,47528,0,555.0,610.0,550.0
2014-07-17,0.0,2.97,555.0,,31068,0,539.0,556.0,523.0
2014-07-16,0.0,1.7,539.0,,40718,0,530.0,550.0,523.0
2014-07-15,0.0,-1.85,530.0,,32415,0,540.0,545.0,520.0
2014-07-14,0.0,-2.17,540.0,,19235,0,552.0,561.0,535.0
2014-07-13,0.0,2.22,552.0,,43181,0,540.0,577.0,540.0
2014-07-10,0.0,1.89,540.0,,27403,0,530.0,540.0,510.0
2014-07-09,0.0,0.57,530.0,,16055,0,527.0,530.0,520.0
2014-07-08,0.0,2.33,527.0,,27076,0,515.0,531.0,517.0
2014-07-07,0.0,6.19,515.0,,49593,0,485.0,523.0,485.0
2014-07-06,0.0,0.21,485.0,,23015,0,484.0,494.0,482.0
2014-07-03,0.0,-0.21,484.0,,17490,0,485.0,488.0,480.0
2014-07-02,0.0,1.04,485.0,,20602,0,480.0,490.0,477.0
2014-07-01,0.0,-1.03,480.0,,14234,0,485.0,490.0,476.0
2014-06-30,0.0,0.83,485.0,,11451,0,481.0,485.0,476.0
2014-06-29,0.0,-0.21,481.0,,18422,0,482.0,499.0,478.0
2014-06-26,0.0,1.26,482.0,,11459,0,476.0,482.0,475.0
2014-06-25,0.0,2.37,476.0,,19288,0,465.0,480.0,463.0
2014-06-24,0.0,1.53,465.0,,11300,0,458.0,474.0,452.0
2014-06-23,0.0,-1.08,458.0,,5766,0,463.0,458.0,443.0
2014-06-19,0.0,-1.49,463.0,,5605,0,470.0,470.0,460.0
2014-06-18,0.0,-2.08,470.0,,19435,0,480.0,481.0,470.0
2014-06-17,0.0,2.13,480.0,,26651,0,470.0,485.0,460.0
2014-06-16,0.0,0.0,470.0,,34351,0,470.0,485.0,463.0
2014-06-15,0.0,3.75,470.0,,14997,0,453.0,480.0,451.0
2014-06-12,0.0,0.22,453.0,,11106,0,452.0,460.0,451.0
2014-06-11,0.0,-1.53,452.0,,21470,0,459.0,466.0,447.0
2014-06-10,0.0,2.91,459.0,,25056,0,446.0,459.0,442.0
2014-06-09,0.0,-0.89,446.0,,20362,0,450.0,451.0,435.0
2014-06-08,0.0,1.58,450.0,,16508,0,443.0,450.0,420.0
2014-06-05,0.0,0.0,443.0,,21884,0,443.0,446.0,428.0
2014-06-04,0.0,0.68,443.0,,19346,0,440.0,445.0,438.0
2014-06-03,0.0,1.85,440.0,,81861,0,432.0,454.0,411.0
2014-06-02,0.0,0.23,432.0,,34802,0,431.0,440.0,425.0
2014-06-01,0.0,0.94,431.0,,14644,0,427.0,435.0,425.0
2014-05-28,0.0,-0.47,427.0,,13769,0,429.0,434.0,421.0
2014-05-27,0.0,-0.23,429.0,,6559,0,430.0,431.0,426.0
2014-05-26,0.0,-1.15,430.0,,9605,0,435.0,433.0,428.0
2014-05-25,0.0,1.4,435.0,,16029,0,429.0,435.0,430.0
2014-05-22,0.0,0.23,429.0,,12197,0,428.0,429.0,420.0
2014-05-21,0.0,-0.47,428.0,,11591,0,430.0,434.0,425.0
2014-05-20,0.0,-0.92,430.0,,8389,0,434.0,435.0,421.0
2014-05-19,0.0,0.93,434.0,,7954,0,430.0,435.0,425.0
2014-05-18,0.0,-0.92,430.0,,11311,0,434.0,441.0,429.0
2014-05-15,0.0,-0.69,434.0,,9658,0,437.0,440.0,431.0
2014-05-13,0.0,-0.23,437.0,,11247,0,438.0,445.0,433.0
2014-05-12,0.0,0.69,438.0,,11747,0,435.0,443.0,431.0
2014-05-11,0.0,-2.25,435.0,,5574,0,445.0,449.0,435.0
2014-05-08,0.0,-1.11,445.0,,8536,0,450.0,451.0,436.0
2014-05-07,0.0,-1.1,450.0,,20032,0,455.0,465.0,449.0
2014-05-06,0.0,0.89,455.0,,47417,0,451.0,470.0,445.0
2014-05-05,0.0,7.64,451.0,,21263,0,419.0,451.0,418.0
2014-05-04,0.0,-0.24,419.0,,6760,0,420.0,424.0,417.0
2014-04-30,0.0,3.19,420.0,,19906,0,407.0,420.0,402.0
2014-04-29,0.0,-2.16,407.0,,11534,0,416.0,424.0,407.0
2014-04-28,0.0,-0.24,416.0,,15188,0,417.0,425.0,414.0
2014-04-27,0.0,-0.24,417.0,,18229,0,418.0,426.0,415.0
2014-04-23,0.0,-0.48,418.0,,15400,0,420.0,427.0,418.0
2014-04-22,0.0,0.0,420.0,,11905,0,420.0,424.0,412.0
2014-04-21,0.0,0.48,420.0,,18349,0,418.0,425.0,414.0
2014-04-20,0.0,-2.11,418.0,,51333,0,427.0,429.0,411.0
2014-04-17,0.0,4.15,427.0,,30818,0,410.0,435.0,411.0
2014-04-16,0.0,-3.53,410.0,,82609,0,425.0,428.0,410.0
2014-04-15,0.0,-2.07,425.0,,35586,0,434.0,435.0,420.0
2014-04-13,0.0,1.17,434.0,,324872,0,429.0,438.0,405.0
2014-04-10,0.0,-0.23,429.0,,15063,0,430.0,441.0,424.0
2014-04-09,0.0,1.18,430.0,,11264,0,425.0,430.0,414.0
2014-04-07,0.0,1.92,425.0,,7320,0,417.0,435.0,414.0
2014-04-06,0.0,-3.25,417.0,,11026,0,431.0,425.0,410.0
2014-04-03,0.0,-4.01,431.0,,8764,0,449.0,450.0,431.0
2014-04-02,0.0,0.9,449.0,,8439,0,445.0,449.0,435.0
2014-04-01,0.0,2.53,445.0,,7263,0,434.0,448.0,428.0
2014-03-31,0.0,1.4,434.0,,9489,0,428.0,440.0,426.0
2014-03-27,0.0,-1.83,428.0,,6875,0,436.0,440.0,423.0
2014-03-26,0.0,1.4,436.0,,5180,0,430.0,438.0,430.0
2014-03-25,0.0,-0.92,430.0,,4861,0,434.0,438.0,426.0
2014-03-24,0.0,0.93,434.0,,6607,0,430.0,437.0,414.0
2014-03-23,0.0,-2.93,430.0,,7513,0,443.0,435.0,421.0
2014-03-20,0.0,4.73,443.0,,7168,0,423.0,443.0,415.0
2014-03-19,0.0,0.24,423.0,,7794,0,422.0,445.0,420.0
2014-03-18,0.0,2.18,422.0,,6186,0,413.0,422.0,408.0
2014-03-17,0.0,-5.71,413.0,,15296,0,438.0,439.0,413.0
2014-03-13,0.0,0.23,438.0,,4943,0,437.0,450.0,427.0
2014-03-12,0.0,-0.68,437.0,,8885,0,440.0,439.0,430.0
2014-03-11,0.0,-1.12,440.0,,5247,0,445.0,446.0,433.0
2014-03-10,0.0,-0.45,445.0,,5396,0,447.0,450.0,442.0
2014-03-09,0.0,-2.19,447.0,,5996,0,457.0,452.0,444.0
2014-03-06,0.0,-1.08,457.0,,11248,0,462.0,462.0,453.0
2014-03-05,0.0,-0.22,462.0,,11083,0,463.0,468.0,456.0
2014-03-04,0.0,0.65,463.0,,8481,0,460.0,463.0,445.0
2014-03-03,0.0,-2.75,460.0,,4351,0,473.0,470.0,457.0
2014-02-26,0.0,-1.66,473.0,,4460,0,481.0,491.0,470.0
2014-02-25,0.0,0.0,481.0,,11406,0,481.0,485.0,469.0
2014-02-24,0.0,0.0,481.0,,11803,0,481.0,495.0,476.0
2014-02-23,0.0,1.05,481.0,,12575,0,476.0,493.0,481.0
2014-02-20,0.0,0.0,476.0,,15897,0,476.0,490.0,468.0
2014-02-18,0.0,1.49,476.0,,11403,0,469.0,476.0,465.0
2014-02-17,0.0,-0.21,469.0,,5008,0,470.0,485.0,461.0
2014-02-16,0.0,-2.08,470.0,,6600,0,480.0,479.0,465.0
2014-02-13,0.0,2.35,480.0,,5376,0,469.0,485.0,470.0
2014-02-12,0.0,-1.68,469.0,,6984,0,477.0,478.0,467.0
2014-02-11,0.0,-1.45,477.0,,10736,0,484.0,483.0,468.0
2014-02-10,0.0,4.76,484.0,,23971,0,462.0,506.0,471.0
2014-02-09,0.0,-1.28,462.0,,8909,0,468.0,476.0,460.0
2014-02-06,0.0,0.21,468.0,,10217,0,467.0,475.0,460.0
2014-02-05,0.0,1.52,467.0,,7363,0,460.0,469.0,450.0
2014-02-04,0.0,0.22,460.0,,6491,0,459.0,470.0,448.0
2014-02-03,0.0,-1.5,459.0,,6220,0,466.0,459.0,448.0
2014-02-02,0.0,-1.89,466.0,,4306,0,475.0,466.0,458.0
2014-01-29,0.0,0.42,475.0,,11389,0,473.0,475.0,462.0
2014-01-28,0.0,-1.25,473.0,,3808,0,479.0,478.0,470.0
2014-01-27,0.0,0.84,479.0,,9518,0,475.0,480.0,470.0
2014-01-26,0.0,-0.21,475.0,,14366,0,476.0,488.0,468.0
2014-01-23,0.0,-0.83,476.0,,19093,0,480.0,480.0,470.0
2014-01-22,0.0,-0.62,480.0,,16410,0,483.0,492.0,466.0
2014-01-21,0.0,-1.23,483.0,,26031,0,489.0,507.0,482.0
2014-01-20,0.0,1.88,489.0,,14200,0,480.0,489.0,468.0
2014-01-19,0.0,5.26,480.0,,15944,0,456.0,480.0,455.0
2014-01-16,0.0,0.66,456.0,,8136,0,453.0,471.0,453.0
2014-01-14,0.0,-0.66,453.0,,9244,0,456.0,460.0,447.0
2014-01-13,0.0,1.33,456.0,,5159,0,450.0,465.0,450.0
2014-01-12,0.0,0.45,450.0,,19378,0,448.0,464.0,450.0
2014-01-09,0.0,-1.32,448.0,,3804,0,454.0,451.0,444.0
2014-01-08,0.0,1.57,454.0,,9119,0,447.0,460.0,443.0
2014-01-07,0.0,2.29,447.0,,8531,0,437.0,459.0,436.0
2014-01-06,0.0,0.46,437.0,,9364,0,435.0,444.0,434.0
2014-01-05,0.0,0.0,435.0,,10166,0,435.0,442.0,435.0
2014-01-02,0.0,3.82,435.0,,13226,0,419.0,446.0,411.0
2014-01-01,0.0,-4.12,419.0,,9947,0,437.0,435.0,412.0
2013-12-31,0.0,-1.8,437.0,,11519,0,445.0,445.0,434.0
2013-12-29,0.0,-1.11,445.0,,14936,0,450.0,450.0,430.0
2013-12-26,0.0,1.81,450.0,,17556,0,442.0,477.0,450.0
2013-12-24,0.0,1.38,442.0,,28299,0,436.0,453.0,400.0
2013-12-23,0.0,-6.84,436.0,,19569,0,468.0,459.0,422.0
2013-12-22,0.0,-2.7,468.0,,23084,0,481.0,479.0,456.0
2013-12-19,0.0,-1.84,481.0,,22498,0,490.0,499.0,462.0
2013-12-18,0.0,2.94,490.0,,12994,0,476.0,502.0,484.0
2013-12-16,0.0,9.93,476.0,,6728,0,433.0,476.0,440.0
2013-12-15,0.0,8.25,433.0,,18943,0,400.0,438.0,392.0
2013-12-12,0.0,2.3,400.0,,9413,0,391.0,405.0,392.0
2013-12-11,0.0,5.11,391.0,,17063,0,372.0,400.0,375.0
2013-12-10,0.0,-3.38,372.0,,11762,0,385.0,380.0,370.0
2013-12-09,0.0,1.05,385.0,,10912,0,381.0,393.0,381.0
2013-12-08,0.0,1.6,381.0,,16872,0,375.0,387.0,370.0
2013-12-05,0.0,-3.6,375.0,,10740,0,389.0,404.0,368.0
2013-12-04,0.0,7.46,389.0,,11397,0,362.0,398.0,368.0
2013-12-03,0.0,5.54,362.0,,11258,0,343.0,364.0,348.0
2013-12-02,0.0,4.57,343.0,,9036,0,328.0,349.0,334.0
2013-12-01,0.0,1.86,328.0,,6081,0,322.0,329.0,322.0
2013-11-28,0.0,0.0,322.0,,18788,0,322.0,327.0,320.0
2013-11-27,0.0,-2.42,322.0,,9566,0,330.0,334.0,320.0
2013-11-26,0.0,1.23,330.0,,18483,0,326.0,338.0,325.0
2013-11-25,0.0,-1.51,326.0,,24693,0,331.0,343.0,310.0
2013-11-24,0.0,9.97,331.0,,30239,0,301.0,331.0,307.0
2013-11-21,0.0,5.24,301.0,,60,0,286.0,301.0,291.0
2013-11-14,0.0,-2.39,286.0,,14354,0,293.0,292.0,283.0
2013-11-13,0.0,0.69,293.0,,32577,0,291.0,294.0,281.0
2013-11-12,0.0,7.78,291.0,,36250,0,270.0,291.0,272.0
2013-11-11,0.0,4.65,270.0,,7037,0,258.0,272.0,259.0
2013-11-10,0.0,1.57,258.0,,9748,0,254.0,260.0,252.0
2013-11-07,0.0,-1.55,254.0,,2842,0,258.0,255.0,250.0
2013-11-06,0.0,1.98,258.0,,1610,0,253.0,258.0,253.0
2013-10-31,0.0,-0.78,253.0,,1025,0,255.0,254.0,253.0
2013-10-30,0.0,2.0,255.0,,2725,0,250.0,255.0,251.0
2013-10-29,0.0,-2.72,250.0,,2426,0,257.0,262.0,250.0
2013-10-28,0.0,-1.15,257.0,,876,0,260.0,257.0,255.0
2013-10-27,0.0,-1.14,260.0,,1380,0,263.0,260.0,254.0
2013-10-24,0.0,1.94,263.0,,2963,0,258.0,263.0,251.0
2013-10-23,0.0,-0.77,258.0,,679,0,260.0,258.0,253.0
2013-10-22,0.0,-1.52,260.0,,1283,0,264.0,262.0,259.0
2013-10-21,0.0,-1.49,264.0,,3949,0,268.0,273.0,260.0
2013-10-20,0.0,7.2,268.0,,4265,0,250.0,273.0,254.0
2013-10-17,0.0,-0.4,250.0,,42,0,251.0,250.0,250.0
2013-10-10,0.0,1.62,251.0,,1543,0,247.0,252.0,250.0
2013-10-09,0.0,0.41,247.0,,231,0,246.0,248.0,247.0
2013-10-08,0.0,-1.6,246.0,,22,0,250.0,246.0,246.0
2013-10-07,0.0,4.17,250.0,,432,0,240.0,250.0,242.0
2013-10-06,0.0,0.0,240.0,,865,0,240.0,244.0,239.0
2013-10-03,0.0,-0.83,240.0,,303,0,242.0,240.0,236.0
2013-10-02,0.0,3.42,242.0,,419,0,234.0,242.0,230.0
2013-10-01,0.0,0.86,234.0,,1482,0,232.0,235.0,231.0
2013-09-30,0.0,-1.28,232.0,,3664,0,235.0,234.0,232.0
2013-09-29,0.0,0.0,235.0,,720,0,235.0,235.0,232.0
2013-09-26,0.0,0.0,235.0,,1718,0,235.0,238.0,235.0
2013-09-25,0.0,0.0,235.0,,1421,0,235.0,237.0,233.0
2013-09-24,0.0,0.0,235.0,,1307,0,235.0,236.0,234.0
2013-09-23,0.0,-2.89,235.0,,903,0,242.0,238.0,227.0
2013-09-22,0.0,-5.47,242.0,,636,0,256.0,251.0,242.0
2013-09-19,0.0,-0.78,256.0,,12040,0,258.0,260.0,252.0
2013-09-17,0.0,0.39,258.0,,7065,0,257.0,262.0,255.0
2013-09-16,0.0,-0.77,257.0,,5166,0,259.0,260.0,255.0
2013-09-15,0.0,1.17,259.0,,3361,0,256.0,260.0,255.0
2013-09-12,0.0,-1.54,256.0,,646,0,260.0,260.0,256.0
2013-09-11,0.0,0.78,260.0,,1384,0,258.0,260.0,256.0
2013-09-10,0.0,-0.77,258.0,,2218,0,260.0,260.0,258.0
2013-09-09,0.0,0.0,260.0,,6197,0,260.0,264.0,255.0
2013-09-08,0.0,-0.76,260.0,,84,0,262.0,261.0,260.0
2013-09-05,0.0,1.55,262.0,,4162,0,258.0,266.0,256.0
2013-09-04,0.0,-2.27,258.0,,4222,0,264.0,262.0,255.0
2013-09-03,0.0,-2.94,264.0,,13540,0,272.0,268.0,261.0
2013-09-02,0.0,0.0,272.0,,3372,0,272.0,272.0,267.0
2013-09-01,0.0,1.12,272.0,,4874,0,269.0,274.0,265.0
2013-08-29,0.0,-1.82,269.0,,2129,0,274.0,272.0,259.0
2013-08-27,0.0,1.48,274.0,,3492,0,270.0,274.0,266.0
2013-08-26,0.0,0.75,270.0,,2089,0,268.0,270.0,264.0
2013-08-25,0.0,-1.83,268.0,,1526,0,273.0,280.0,266.0
2013-08-20,0.0,0.37,273.0,,1637,0,272.0,277.0,270.0
2013-08-19,0.0,3.03,272.0,,2134,0,264.0,274.0,265.0
2013-08-18,0.0,1.93,264.0,,4985,0,259.0,264.0,259.0
2013-08-15,0.0,-0.38,259.0,,2959,0,260.0,263.0,259.0
2013-08-14,0.0,0.0,260.0,,4134,0,260.0,262.0,260.0
2013-08-13,0.0,0.39,260.0,,703,0,259.0,263.0,260.0
2013-08-12,0.0,-0.77,259.0,,6685,0,261.0,265.0,259.0
2013-08-11,0.0,0.0,261.0,,1061,0,261.0,261.0,260.0
2013-08-08,0.0,-1.51,261.0,,3524,0,265.0,265.0,258.0
2013-08-07,0.0,-0.75,265.0,,2538,0,267.0,265.0,260.0
2013-08-06,0.0,1.14,267.0,,5568,0,264.0,269.0,249.0
2013-08-05,0.0,-1.86,264.0,,3455,0,269.0,268.0,261.0
2013-08-04,0.0,-0.37,269.0,,3738,0,270.0,271.0,266.0
2013-08-01,0.0,-0.74,270.0,,2086,0,272.0,274.0,268.0
2013-07-31,0.0,-2.16,272.0,,8901,0,278.0,278.0,271.0
2013-07-30,0.0,1.83,278.0,,3807,0,273.0,278.0,269.0
2013-07-29,0.0,-1.09,273.0,,4396,0,276.0,275.0,273.0
2013-07-28,0.0,1.47,276.0,,3566,0,272.0,277.0,268.0
2013-07-25,0.0,-0.37,272.0,,4689,0,273.0,278.0,272.0
2013-07-24,0.0,-2.5,273.0,,4346,0,280.0,280.0,271.0
2013-07-23,0.0,0.0,280.0,,7588,0,280.0,280.0,275.0
2013-07-22,0.0,-0.36,280.0,,8632,0,281.0,285.0,272.0
2013-07-21,0.0,4.07,281.0,,13317,0,270.0,286.0,270.0
2013-07-18,0.0,2.27,270.0,,4560,0,264.0,270.0,267.0
2013-07-17,0.0,1.54,264.0,,1038,0,260.0,264.0,259.0
2013-07-16,0.0,-2.62,260.0,,1081,0,267.0,262.0,259.0
2013-07-15,0.0,1.52,267.0,,938,0,263.0,267.0,260.0
2013-07-14,0.0,1.15,263.0,,4632,0,260.0,265.0,259.0
2013-07-11,0.0,-2.99,260.0,,2936,0,268.0,268.0,260.0
2013-07-10,0.0,3.08,268.0,,2245,0,260.0,268.0,258.0
2013-07-09,0.0,0.0,260.0,,3576,0,260.0,264.0,259.0
2013-07-08,0.0,1.17,260.0,,2532,0,257.0,260.0,253.0
2013-07-07,0.0,-1.91,257.0,,2402,0,262.0,257.0,250.0
2013-07-04,0.0,2.75,262.0,,3171,0,255.0,262.0,248.0
2013-07-03,0.0,2.41,255.0,,3849,0,249.0,255.0,245.0
2013-07-02,0.0,0.4,249.0,,1839,0,248.0,249.0,246.0
2013-07-01,0.0,-0.4,248.0,,762,0,249.0,250.0,246.0
2013-06-30,0.0,-1.97,249.0,,2133,0,254.0,256.0,247.0
2013-06-27,0.0,-0.39,254.0,,1594,0,255.0,256.0,253.0
2013-06-26,0.0,0.0,255.0,,1999,0,255.0,260.0,254.0
2013-06-25,0.0,1.59,255.0,,2227,0,251.0,256.0,255.0
2013-06-24,0.0,2.45,251.0,,2066,0,245.0,251.0,244.0
2013-06-23,0.0,-0.41,245.0,,4038,0,246.0,245.0,243.0
2013-06-20,0.0,0.82,246.0,,3576,0,244.0,254.0,245.0
2013-06-19,0.0,-0.81,244.0,,1646,0,246.0,246.0,243.0
2013-06-18,0.0,-1.6,246.0,,2986,0,250.0,255.0,245.0
2013-06-17,0.0,-0.79,250.0,,2263,0,252.0,250.0,248.0
2013-06-16,0.0,-0.79,252.0,,2879,0,254.0,255.0,250.0
2013-06-13,0.0,0.79,254.0,,2040,0,252.0,254.0,248.0
2013-06-12,0.0,-0.79,252.0,,2741,0,254.0,255.0,251.0
2013-06-11,0.0,0.79,254.0,,2585,0,252.0,255.0,251.0
2013-06-10,0.0,-1.18,252.0,,1698,0,255.0,253.0,250.0
2013-06-09,0.0,0.0,255.0,,580,0,255.0,258.0,253.0
2013-06-06,0.0,0.39,255.0,,736,0,254.0,255.0,251.0
2013-06-05,0.0,0.79,254.0,,804,0,252.0,255.0,251.0
2013-06-04,0.0,0.4,252.0,,2336,0,251.0,252.0,250.0
2013-06-03,0.0,-0.4,251.0,,1530,0,252.0,252.0,250.0
2013-06-02,0.0,-0.4,252.0,,560,0,253.0,252.0,247.0
2013-05-30,0.0,-1.17,253.0,,1298,0,256.0,256.0,253.0
2013-05-28,0.0,0.39,256.0,,2506,0,255.0,259.0,254.0
2013-05-27,0.0,1.19,255.0,,1926,0,252.0,256.0,251.0
2013-05-26,0.0,-0.4,252.0,,6968,0,253.0,262.0,252.0
2013-05-23,0.0,-1.56,253.0,,3381,0,257.0,260.0,252.0
2013-05-22,0.0,1.58,257.0,,6993,0,253.0,257.0,245.0
2013-05-21,0.0,-0.78,253.0,,1895,0,255.0,254.0,250.0
2013-05-20,0.0,-0.78,255.0,,1493,0,257.0,262.0,254.0
2013-05-19,0.0,-1.53,257.0,,3890,0,261.0,264.0,252.0
2013-05-16,0.0,0.38,261.0,,1932,0,260.0,261.0,256.0
2013-05-15,0.0,0.78,260.0,,1200,0,258.0,268.0,260.0
2013-05-14,0.0,-0.39,258.0,,2423,0,259.0,261.0,254.0
2013-05-13,0.0,4.86,259.0,,480,0,247.0,259.0,248.0
2013-05-12,0.0,-0.8,247.0,,2938,0,249.0,253.0,245.0
2013-05-09,0.0,-2.35,249.0,,4486,0,255.0,254.0,245.0
2013-05-08,0.0,-1.54,255.0,,105,0,259.0,255.0,255.0
2013-05-07,0.0,4.86,259.0,,4110,0,247.0,265.0,249.0
2013-05-06,0.0,0.41,247.0,,2697,0,246.0,248.0,240.0
2013-05-05,0.0,-3.53,246.0,,1649,0,255.0,257.0,242.0
2013-05-02,0.0,-1.92,255.0,,2354,0,260.0,258.0,250.0
2013-04-30,0.0,0.39,260.0,,1666,0,259.0,263.0,259.0
2013-04-29,0.0,-2.26,259.0,,5030,0,265.0,265.0,252.0
2013-04-28,0.0,0.0,265.0,,7507,0,265.0,265.0,260.0
2013-04-25,0.0,-1.12,265.0,,5663,0,268.0,270.0,263.0
2013-04-23,0.0,0.75,268.0,,1773,0,266.0,272.0,268.0
2013-04-22,0.0,1.14,266.0,,7205,0,263.0,269.0,255.0
2013-04-21,0.0,-1.87,263.0,,6087,0,268.0,280.0,260.0
2013-04-18,0.0,-0.74,268.0,,2792,0,270.0,270.0,266.0
2013-04-17,0.0,-0.74,270.0,,2890,0,272.0,271.0,267.0
2013-04-16,0.0,0.0,272.0,,4394,0,272.0,273.0,263.0
2013-04-15,0.0,-0.73,272.0,,8009,0,274.0,278.0,272.0
2013-04-11,0.0,-0.72,274.0,,4193,0,276.0,281.0,272.0
2013-04-09,0.0,1.47,276.0,,3432,0,272.0,276.0,263.0
2013-04-08,0.0,0.74,272.0,,1774,0,270.0,275.0,268.0
2013-04-07,0.0,-0.37,270.0,,2884,0,271.0,273.0,268.0
2013-04-04,0.0,0.0,271.0,,1420,0,271.0,271.0,266.0
2013-04-03,0.0,-0.37,271.0,,1767,0,272.0,274.0,264.0
2013-04-02,0.0,2.26,272.0,,3988,0,266.0,275.0,261.0
2013-04-01,0.0,0.76,266.0,,6902,0,264.0,269.0,256.0
2013-03-31,0.0,-2.94,264.0,,7492,0,272.0,269.0,261.0
2013-03-28,0.0,-0.73,272.0,,3522,0,274.0,274.0,268.0
2013-03-27,0.0,-0.36,274.0,,1038,0,275.0,274.0,266.0
2013-03-25,0.0,2.61,275.0,,8779,0,268.0,277.0,267.0
2013-03-24,0.0,-2.19,268.0,,3242,0,274.0,272.0,264.0
2013-03-21,0.0,0.0,274.0,,3890,0,274.0,278.0,271.0
2013-03-20,0.0,-1.79,274.0,,6419,0,279.0,280.0,274.0
2013-03-19,0.0,0.72,279.0,,6544,0,277.0,284.0,275.0
2013-03-18,0.0,-1.77,277.0,,5480,0,282.0,283.0,276.0
2013-03-17,0.0,-2.76,282.0,,4322,0,290.0,290.0,277.0
2013-03-14,0.0,-0.34,290.0,,10711,0,291.0,307.0,288.0
2013-03-13,0.0,3.19,291.0,,3119,0,282.0,291.0,285.0
2013-03-11,0.0,0.36,282.0,,1926,0,281.0,286.0,281.0
2013-03-07,0.0,-1.4,281.0,,1836,0,285.0,284.0,280.0
2013-03-06,0.0,0.0,285.0,,3913,0,285.0,287.0,280.0
2013-03-05,0.0,-0.35,285.0,,3845,0,286.0,286.0,280.0
2013-03-04,0.0,-0.35,286.0,,4700,0,287.0,292.0,285.0
2013-03-03,0.0,-1.03,287.0,,3883,0,290.0,289.0,281.0
2013-02-28,0.0,1.75,290.0,,3081,0,285.0,291.0,283.0
2013-02-27,0.0,-1.38,285.0,,3113,0,289.0,290.0,281.0
2013-02-26,0.0,0.35,289.0,,6761,0,288.0,294.0,287.0
2013-02-25,0.0,0.7,288.0,,6010,0,286.0,301.0,286.0
2013-02-24,0.0,-1.72,286.0,,2191,0,291.0,290.0,280.0
2013-02-21,0.0,1.39,291.0,,8492,0,287.0,300.0,280.0
2013-02-20,0.0,-4.33,287.0,,4801,0,300.0,294.0,286.0
2013-02-19,0.0,-2.91,300.0,,23396,0,309.0,321.0,295.0
2013-02-17,0.0,9.57,309.0,,2517,0,282.0,310.0,287.0
2013-02-14,0.0,2.55,282.0,,8724,0,275.0,284.0,280.0
2013-02-13,0.0,-3.17,275.0,,4326,0,284.0,279.0,274.0
2013-02-12,0.0,7.17,284.0,,11499,0,265.0,284.0,270.0
2013-02-10,0.0,1.53,265.0,,2115,0,261.0,269.0,263.0
2013-02-07,0.0,-1.14,261.0,,3968,0,264.0,264.0,259.0
2013-02-06,0.0,1.54,264.0,,2601,0,260.0,264.0,261.0
2013-02-05,0.0,-2.62,260.0,,1274,0,267.0,268.0,260.0
2013-02-04,0.0,1.14,267.0,,1598,0,264.0,267.0,260.0
2013-02-03,0.0,3.12,264.0,,4042,0,256.0,270.0,258.0
2013-01-31,0.0,-1.16,256.0,,1768,0,259.0,258.0,255.0
2013-01-30,0.0,-0.77,259.0,,3149,0,261.0,261.0,251.0
2013-01-28,0.0,0.0,261.0,,6033,0,261.0,263.0,256.0
2013-01-27,0.0,-2.61,261.0,,5171,0,268.0,271.0,261.0
2013-01-24,0.0,0.0,268.0,,3762,0,268.0,270.0,262.0
2013-01-23,0.0,-1.47,268.0,,18291,0,272.0,276.0,250.0
2013-01-22,0.0,2.64,272.0,,3420,0,265.0,281.0,260.0
2013-01-21,0.0,6.0,265.0,,8932,0,250.0,268.0,255.0
2013-01-20,0.0,-6.02,250.0,,6127,0,266.0,265.0,250.0
2013-01-17,0.0,-2.56,266.0,,4634,0,273.0,270.0,262.0
2013-01-16,0.0,-2.15,273.0,,9354,0,279.0,276.0,270.0
2013-01-15,0.0,1.09,279.0,,7778,0,276.0,280.0,275.0
2013-01-13,0.0,-3.16,276.0,,4145,0,285.0,282.0,274.0
2013-01-10,0.0,2.89,285.0,,13171,0,277.0,285.0,271.0
2013-01-09,0.0,0.36,277.0,,3343,0,276.0,277.0,273.0
2013-01-08,0.0,-0.72,276.0,,1102,0,278.0,279.0,273.0
2013-01-07,0.0,-2.46,278.0,,13247,0,285.0,283.0,272.0
2013-01-06,0.0,-1.38,285.0,,5585,0,289.0,287.0,283.0
2013-01-03,0.0,-1.03,289.0,,15006,0,292.0,293.0,285.0
2013-01-02,0.0,2.46,292.0,,5491,0,285.0,292.0,280.0
2013-01-01,0.0,-2.4,285.0,,7051,0,292.0,290.0,285.0
2012-12-31,0.0,-1.02,292.0,,8093,0,295.0,298.0,286.0
2012-12-27,0.0,-2.32,295.0,,18641,0,302.0,310.0,295.0
2012-12-26,0.0,4.14,302.0,,8472,0,290.0,309.0,293.0
2012-12-24,0.0,1.05,290.0,,7443,0,287.0,298.0,285.0
2012-12-23,0.0,1.41,287.0,,9562,0,283.0,287.0,270.0
2012-12-20,0.0,2.91,283.0,,12906,0,275.0,284.0,272.0
2012-12-19,0.0,3.38,275.0,,13118,0,266.0,281.0,271.0
2012-12-18,0.0,-3.97,266.0,,12131,0,277.0,275.0,263.0
2012-12-17,0.0,2.59,277.0,,37226,0,270.0,286.0,267.0
2012-12-16,0.0,5.47,270.0,,11623,0,256.0,271.0,259.0
2012-12-13,0.0,1.99,256.0,,5213,0,251.0,258.0,246.0
2012-12-11,0.0,0.0,251.0,,5443,0,251.0,256.0,245.0
2012-12-10,0.0,2.45,251.0,,2687,0,245.0,257.0,243.0
2012-12-09,0.0,-4.3,245.0,,4016,0,256.0,255.0,244.0
2012-12-06,0.0,0.0,256.0,,10399,0,256.0,256.0,245.0
2012-12-05,0.0,5.79,256.0,,17651,0,242.0,260.0,246.0
2012-12-04,0.0,2.98,242.0,,4183,0,235.0,250.0,235.0
2012-12-03,0.0,-2.49,235.0,,2220,0,241.0,241.0,233.0
2012-12-02,0.0,0.0,241.0,,6458,0,241.0,245.0,237.0
2012-11-29,0.0,-1.23,241.0,,3777,0,244.0,245.0,236.0
2012-11-28,0.0,0.41,244.0,,8368,0,243.0,248.0,239.0
2012-11-27,0.0,-2.41,243.0,,3448,0,249.0,246.0,241.0
2012-11-26,0.0,2.89,249.0,,25848,0,242.0,249.0,238.0
2012-11-25,0.0,-0.41,242.0,,8904,0,243.0,256.0,242.0
2012-11-22,0.0,-3.57,243.0,,3652,0,252.0,250.0,240.0
2012-11-21,0.0,0.0,252.0,,7652,0,252.0,254.0,237.0
2012-11-20,0.0,4.13,252.0,,6750,0,242.0,262.0,246.0
2012-11-18,0.0,3.42,242.0,,3370,0,234.0,247.0,231.0
2012-11-12,0.0,0.43,234.0,,2303,0,233.0,235.0,224.0
2012-11-11,0.0,-2.51,233.0,,6526,0,239.0,243.0,227.0
2012-11-08,0.0,0.42,239.0,,8222,0,238.0,250.0,238.0
2012-11-07,0.0,0.42,238.0,,9897,0,237.0,243.0,235.0
2012-11-06,0.0,-0.42,237.0,,6664,0,238.0,239.0,235.0
2012-11-05,0.0,4.39,238.0,,8471,0,228.0,241.0,230.0
2012-11-04,0.0,0.44,228.0,,3718,0,227.0,232.0,221.0
2012-11-01,0.0,0.89,227.0,,5030,0,225.0,228.0,222.0
2012-10-31,0.0,3.21,225.0,,6226,0,218.0,233.0,218.0
2012-10-30,0.0,4.31,218.0,,1651,0,209.0,218.0,207.0
2012-10-18,0.0,0.0,209.0,,970,0,209.0,209.0,201.0
2012-10-17,0.0,5.03,209.0,,6351,0,199.0,209.0,199.0
2012-10-15,0.0,-0.5,199.0,,348,0,200.0,199.0,195.0
2012-10-14,0.0,2.56,200.0,,1554,0,195.0,200.0,198.0
2012-10-11,0.0,0.0,195.0,,606,0,195.0,195.0,193.0
2012-10-10,0.0,0.0,195.0,,1640,0,195.0,195.0,193.0
2012-10-09,0.0,-1.02,195.0,,790,0,197.0,197.0,195.0
2012-10-08,0.0,0.0,197.0,,2166,0,197.0,200.0,197.0
2012-10-07,0.0,2.6,197.0,,3898,0,192.0,197.0,190.0
2012-10-04,0.0,2.13,192.0,,353,0,188.0,192.0,189.0
2012-10-03,0.0,0.0,188.0,,847,0,188.0,189.0,187.0
2012-10-02,0.0,1.08,188.0,,3604,0,186.0,189.0,184.0
2012-10-01,0.0,-3.12,186.0,,2645,0,192.0,192.0,186.0
2012-09-30,0.0,-0.52,192.0,,3280,0,193.0,192.0,187.0
2012-09-27,0.0,1.05,193.0,,1517,0,191.0,193.0,192.0
2012-09-26,0.0,0.53,191.0,,1166,0,190.0,193.0,189.0
2012-09-25,0.0,-0.52,190.0,,53,0,191.0,192.0,190.0
2012-09-24,0.0,-2.55,191.0,,1164,0,196.0,193.0,190.0
2012-09-23,0.0,-2.97,196.0,,491,0,202.0,198.0,194.0
2012-09-20,0.0,-2.88,202.0,,223,0,208.0,206.0,198.0
2012-09-19,0.0,-1.89,208.0,,3398,0,212.0,212.0,205.0
2012-09-18,0.0,0.0,212.0,,1868,0,212.0,218.0,212.0
2012-09-17,0.0,0.95,212.0,,3980,0,210.0,212.0,210.0
2012-09-16,0.0,0.96,210.0,,7256,0,208.0,212.0,204.0
2012-09-13,0.0,1.96,208.0,,2960,0,204.0,208.0,204.0
2012-09-12,0.0,-2.39,204.0,,1653,0,209.0,212.0,204.0
2012-09-11,0.0,1.95,209.0,,1825,0,205.0,209.0,202.0
2012-09-10,0.0,0.0,205.0,,1296,0,205.0,207.0,205.0
2012-09-09,0.0,-0.49,205.0,,1673,0,206.0,207.0,204.0
2012-09-06,0.0,0.98,206.0,,284,0,204.0,206.0,203.0
2012-09-05,0.0,-2.39,204.0,,1352,0,209.0,206.0,204.0
2012-09-04,0.0,-0.48,209.0,,611,0,210.0,211.0,205.0
2012-09-03,0.0,0.0,210.0,,837,0,210.0,210.0,205.0
2012-09-02,0.0,4.48,210.0,,2399,0,201.0,212.0,201.0
2012-08-30,0.0,-0.99,201.0,,2015,0,203.0,205.0,200.0
2012-08-29,0.0,1.5,203.0,,905,0,200.0,206.0,202.0
2012-08-28,0.0,3.09,200.0,,684,0,194.0,201.0,197.0
2012-08-27,0.0,0.0,194.0,,2875,0,194.0,200.0,194.0
2012-08-26,0.0,-3.96,194.0,,2885,0,202.0,205.0,185.0
2012-08-23,0.0,0.0,202.0,,2751,0,202.0,205.0,200.0
2012-08-22,0.0,-0.49,202.0,,1727,0,203.0,207.0,202.0
2012-08-21,0.0,-2.87,203.0,,2054,0,209.0,206.0,203.0
2012-08-19,0.0,-0.48,209.0,,814,0,210.0,214.0,209.0
2012-08-16,0.0,6.6,210.0,,3898,0,197.0,210.0,191.0
2012-08-15,0.0,-1.99,197.0,,1483,0,201.0,198.0,193.0
2012-08-14,0.0,-4.29,201.0,,3828,0,210.0,211.0,198.0
2012-08-13,0.0,-0.94,210.0,,3119,0,212.0,211.0,201.0
2012-08-12,0.0,-1.85,212.0,,3353,0,216.0,212.0,208.0
2012-08-08,0.0,-1.82,216.0,,5646,0,220.0,220.0,212.0
2012-08-07,0.0,-0.45,220.0,,1656,0,221.0,225.0,218.0
2012-08-06,0.0,-1.78,221.0,,2349,0,225.0,225.0,221.0
2012-08-05,0.0,0.0,225.0,,683,0,225.0,225.0,221.0
2012-08-01,0.0,0.0,225.0,,4167,0,225.0,227.0,223.0
2012-07-31,0.0,0.9,225.0,,1780,0,223.0,226.0,223.0
2012-07-30,0.0,0.0,223.0,,728,0,223.0,227.0,221.0
2012-07-29,0.0,-2.62,223.0,,1213,0,229.0,227.0,220.0
2012-07-26,0.0,0.0,229.0,,3740,0,229.0,230.0,223.0
2012-07-25,0.0,-0.87,229.0,,2265,0,231.0,233.0,228.0
2012-07-24,0.0,-3.75,231.0,,2096,0,240.0,236.0,227.0
2012-07-23,0.0,3.9,240.0,,3820,0,231.0,244.0,227.0
2012-07-22,0.0,-1.7,231.0,,4795,0,235.0,239.0,231.0
2012-07-19,0.0,4.44,235.0,,3244,0,225.0,235.0,226.0
2012-07-18,0.0,1.35,225.0,,4058,0,222.0,227.0,214.0
2012-07-17,0.0,-1.33,222.0,,551,0,225.0,224.0,222.0
2012-07-16,0.0,-2.17,225.0,,1133,0,230.0,227.0,224.0
2012-07-12,0.0,0.44,230.0,,1686,0,229.0,230.0,224.0
2012-07-11,0.0,0.44,229.0,,1824,0,228.0,234.0,224.0
2012-07-10,0.0,1.33,228.0,,1361,0,225.0,234.0,228.0
2012-07-09,0.0,-0.44,225.0,,704,0,226.0,226.0,223.0
2012-07-08,0.0,-0.88,226.0,,1910,0,228.0,228.0,222.0
2012-07-05,0.0,1.33,228.0,,862,0,225.0,229.0,227.0
2012-07-04,0.0,-1.32,225.0,,2843,0,228.0,230.0,223.0
2012-07-03,0.0,2.24,228.0,,1287,0,223.0,228.0,219.0
2012-07-02,0.0,-0.45,223.0,,1435,0,224.0,226.0,220.0
2012-07-01,0.0,-2.18,224.0,,2114,0,229.0,227.0,221.0
2012-06-28,0.0,-0.43,229.0,,1645,0,230.0,238.0,228.0
2012-06-27,0.0,1.32,230.0,,2515,0,227.0,230.0,221.0
2012-06-26,0.0,-2.16,227.0,,3369,0,232.0,228.0,219.0
2012-06-25,0.0,3.57,232.0,,1862,0,224.0,232.0,223.0
2012-06-21,0.0,4.67,224.0,,2844,0,214.0,224.0,218.0
2012-06-20,0.0,1.42,214.0,,3151,0,211.0,224.0,211.0
2012-06-19,0.0,-3.65,211.0,,5537,0,219.0,217.0,210.0
2012-06-18,0.0,0.92,219.0,,595,0,217.0,220.0,219.0
2012-06-17,0.0,0.93,217.0,,1984,0,215.0,217.0,210.0
2012-06-14,0.0,-1.83,215.0,,2306,0,219.0,220.0,212.0
2012-06-13,0.0,-0.45,219.0,,4431,0,220.0,220.0,214.0
2012-06-12,0.0,1.85,220.0,,3000,0,216.0,227.0,217.0
2012-06-11,0.0,-0.92,216.0,,2735,0,218.0,226.0,215.0
2012-06-10,0.0,-2.24,218.0,,2009,0,223.0,222.0,214.0
2012-06-07,0.0,2.29,223.0,,3226,0,218.0,234.0,210.0
2012-06-06,0.0,-4.8,218.0,,5246,0,229.0,225.0,215.0
2012-06-05,0.0,-5.37,229.0,,5472,0,242.0,240.0,224.0
2012-06-04,0.0,-5.1,242.0,,8623,0,255.0,254.0,232.0
2012-06-03,0.0,-5.9,255.0,,2373,0,271.0,266.0,250.0
2012-05-27,0.0,4.63,271.0,,6454,0,259.0,278.0,254.0
2012-05-24,0.0,-0.38,259.0,,6802,0,260.0,262.0,243.0
2012-05-22,0.0,-3.7,260.0,,4774,0,270.0,266.0,257.0
2012-05-21,0.0,1.5,270.0,,4485,0,266.0,273.0,252.0
2012-05-20,0.0,-1.48,266.0,,9000,0,270.0,275.0,250.0
2012-05-17,0.0,8.0,270.0,,26430,0,250.0,275.0,262.0
2012-05-16,0.0,1.63,250.0,,40,0,246.0,250.0,250.0
2012-05-15,0.0,9.82,246.0,,1144,0,224.0,246.0,228.0
2012-05-14,0.0,-5.49,224.0,,4613,0,237.0,233.0,214.0
2012-05-13,0.0,-11.57,237.0,,4182,0,268.0,266.0,237.0
2012-05-10,0.0,-3.94,268.0,,8530,0,279.0,277.0,266.0
2012-05-09,0.0,-2.45,279.0,,12822,0,286.0,290.0,265.0
2012-05-08,0.0,-7.14,286.0,,12311,0,308.0,314.0,286.0
2012-05-07,0.0,8.83,308.0,,5243,0,283.0,308.0,288.0
2012-05-03,0.0,9.69,283.0,,1567,0,258.0,283.0,263.0
2012-05-02,0.0,-1.9,258.0,,100,0,263.0,258.0,258.0
2012-04-30,0.0,-8.04,263.0,,5579,0,286.0,281.0,260.0
2012-04-29,0.0,-3.05,286.0,,9658,0,295.0,298.0,283.0
2012-04-26,0.0,2.79,295.0,,30539,0,287.0,302.0,262.0
2012-04-25,0.0,9.96,287.0,,13760,0,261.0,287.0,266.0
2012-04-24,0.0,9.66,261.0,,1096,0,238.0,261.0,242.0
2012-04-22,0.0,9.68,238.0,,9024,0,217.0,238.0,220.0
2012-04-19,0.0,2.84,217.0,,9957,0,211.0,224.0,207.0
2012-04-18,0.0,4.46,211.0,,7397,0,202.0,219.0,195.0
2012-04-17,0.0,-5.61,202.0,,2610,0,214.0,230.0,202.0
2012-04-16,0.0,1.9,214.0,,20,0,210.0,214.0,214.0
2012-04-15,0.0,9.95,210.0,,1682,0,191.0,210.0,194.0
2012-04-12,0.0,9.14,191.0,,4779,0,175.0,191.0,176.0
2012-04-11,0.0,1.74,175.0,,2429,0,172.0,181.0,175.0
2012-04-10,0.0,2.38,172.0,,984,0,168.0,172.0,170.0
2012-04-09,0.0,-1.18,168.0,,864,0,170.0,168.0,165.0
2012-04-08,0.0,0.59,170.0,,1927,0,169.0,171.0,164.0
2012-04-05,0.0,2.42,169.0,,663,0,165.0,169.0,165.0
2012-04-04,0.0,-2.37,165.0,,1025,0,169.0,168.0,165.0
2012-04-03,0.0,2.42,169.0,,1599,0,165.0,171.0,161.0
2012-04-02,0.0,1.23,165.0,,1216,0,163.0,166.0,161.0
2012-04-01,0.0,0.0,163.0,,512,0,163.0,164.0,162.0
2012-03-29,0.0,0.0,163.0,,515,0,163.0,163.0,162.0
2012-03-28,0.0,0.62,163.0,,790,0,162.0,163.0,158.0
2012-03-27,0.0,1.89,162.0,,864,0,159.0,162.0,159.0
2012-03-26,0.0,-1.24,159.0,,536,0,161.0,159.0,156.0
2012-03-25,0.0,0.62,161.0,,1110,0,160.0,163.0,160.0
2012-03-21,0.0,-3.03,160.0,,1401,0,165.0,165.0,160.0
2012-03-20,0.0,-0.6,165.0,,842,0,166.0,167.0,163.0
2012-03-19,0.0,0.61,166.0,,695,0,165.0,169.0,166.0
2012-03-18,0.0,1.23,165.0,,2265,0,163.0,165.0,161.0
2012-03-15,0.0,-1.81,163.0,,1055,0,166.0,165.0,160.0
2012-03-14,0.0,1.22,166.0,,752,0,164.0,166.0,164.0
2012-03-13,0.0,-0.61,164.0,,735,0,165.0,166.0,162.0
2012-03-12,0.0,-2.37,165.0,,1654,0,169.0,168.0,165.0
2012-03-11,0.0,-0.59,169.0,,733,0,170.0,171.0,168.0
2012-03-06,0.0,0.59,170.0,,1353,0,169.0,172.0,168.0
2012-03-05,0.0,-2.31,169.0,,1603,0,173.0,173.0,169.0
2012-03-04,0.0,3.59,173.0,,1960,0,167.0,173.0,169.0
2012-03-01,0.0,-1.18,167.0,,863,0,169.0,175.0,165.0
2012-02-29,0.0,-0.59,169.0,,1576,0,170.0,171.0,167.0
2012-02-28,0.0,0.0,170.0,,434,0,170.0,171.0,169.0
2012-02-27,0.0,3.03,170.0,,42,0,165.0,170.0,168.0
2012-02-26,0.0,0.61,165.0,,2096,0,164.0,166.0,161.0
2012-02-23,0.0,-0.61,164.0,,198,0,165.0,165.0,164.0
2012-02-21,0.0,1.85,165.0,,190,0,162.0,165.0,161.0
2012-02-16,0.0,-1.22,162.0,,1872,0,164.0,163.0,160.0
2012-02-15,0.0,0.0,164.0,,326,0,164.0,164.0,162.0
2012-02-14,0.0,-1.2,164.0,,670,0,166.0,168.0,164.0
2012-02-13,0.0,0.61,166.0,,1581,0,165.0,167.0,162.0
2012-02-12,0.0,-0.6,165.0,,505,0,166.0,169.0,164.0
2012-02-09,0.0,-1.78,166.0,,812,0,169.0,170.0,166.0
2012-02-08,0.0,-0.59,169.0,,1143,0,170.0,171.0,167.0
2012-02-07,0.0,1.8,170.0,,5356,0,167.0,174.0,167.0
2012-02-06,0.0,0.0,167.0,,1380,0,167.0,173.0,167.0
2012-02-05,0.0,-1.76,167.0,,320,0,170.0,168.0,165.0
2012-02-02,0.0,0.0,170.0,,328,0,170.0,173.0,170.0
2012-02-01,0.0,0.59,170.0,,1085,0,169.0,173.0,169.0
2012-01-31,0.0,-3.98,169.0,,1221,0,176.0,173.0,165.0
2012-01-29,0.0,1.73,176.0,,378,0,173.0,176.0,176.0
2012-01-26,0.0,1.17,173.0,,326,0,171.0,174.0,171.0
2012-01-25,0.0,0.0,171.0,,776,0,171.0,177.0,171.0
2012-01-23,0.0,1.18,171.0,,698,0,169.0,172.0,170.0
2012-01-22,0.0,-3.43,169.0,,246,0,175.0,178.0,169.0
2012-01-18,0.0,0.57,175.0,,150,0,174.0,175.0,173.0
2012-01-17,0.0,0.0,174.0,,3130,0,174.0,174.0,169.0
2012-01-16,0.0,-1.69,174.0,,280,0,177.0,177.0,174.0
2012-01-12,0.0,0.57,177.0,,1080,0,176.0,177.0,175.0
2012-01-11,0.0,0.57,176.0,,1290,0,175.0,179.0,175.0
2012-01-10,0.0,4.17,175.0,,370,0,168.0,175.0,171.0
2012-01-09,0.0,0.6,168.0,,780,0,167.0,170.0,165.0
2012-01-08,0.0,1.83,167.0,,200,0,164.0,167.0,167.0
2012-01-05,0.0,-3.53,164.0,,360,0,170.0,167.0,164.0
2012-01-04,0.0,-4.49,170.0,,780,0,178.0,176.0,170.0
2012-01-03,0.0,-1.66,178.0,,730,0,181.0,185.0,178.0
2012-01-02,0.0,4.62,181.0,,1498,0,173.0,181.0,169.0
2012-01-01,0.0,1.76,173.0,,1340,0,170.0,173.0,167.0
