DATE,CHANGE,CHANGE %,CLOSE,TURNOVER,VOLUME,TRADE,OPEN,HIGH,LOW
2026-05-08,3.0,1.3,234.0,,59947,311,230.0,234.0,230.0
2026-05-07,0.0,0.0,231.0,,62281,292,231.0,232.5,228.6
2026-05-06,1.0,0.43,231.0,,85095,373,233.0,233.0,229.0
2026-05-05,1.0,0.44,230.0,,63807,380,230.0,231.8,228.0
2026-05-04,-2.0,-0.87,229.0,,85181,433,219.5,232.8,219.5
2026-04-30,1.0,0.43,231.0,,77576,422,231.0,232.2,227.0
2026-04-29,-2.0,-0.86,230.0,,85732,443,230.0,233.8,228.4
2026-04-28,-3.0,-1.28,232.0,,214442,711,237.0,237.0,228.0
2026-04-27,2.5,1.08,235.0,,74903,430,232.5,235.0,232.0
2026-04-24,-0.5,-0.21,232.5,,74675,359,232.0,236.0,230.0
2026-04-23,-1.1,-0.47,233.0,,48025,279,236.0,236.0,231.1
2026-04-22,-0.9,-0.38,234.1,,88657,401,235.0,236.9,232.2
2026-04-21,-2.0,-0.84,235.0,,95056,360,237.0,239.9,234.5
2026-04-20,0.0,0.0,237.0,,78035,406,240.0,240.0,234.2
2026-04-17,-1.0,-0.42,237.0,,82417,369,240.0,242.0,234.5
2026-04-16,-2.0,-0.83,238.0,,78489,407,240.0,240.0,237.3
2026-04-15,2.0,0.84,240.0,,129675,526,240.5,242.7,236.0
2026-04-13,0.1,0.04,238.0,,50348,350,237.9,240.0,237.0
2026-04-10,-2.1,-0.87,237.9,,195135,580,240.0,243.0,234.0
2026-04-09,1.5,0.63,240.0,,127776,523,240.0,241.8,236.0
2026-04-08,3.5,1.49,238.5,,130276,532,239.7,239.7,230.5
2026-04-07,-2.8,-1.18,235.0,,124563,599,240.4,240.5,233.5
2026-04-06,8.5,3.71,237.8,,160876,769,228.0,238.1,226.1
2026-04-05,-7.0,-2.96,229.3,,308041,948,235.0,235.0,227.7
2026-04-02,-2.7,-1.13,236.3,,167409,641,242.0,242.0,235.0
2026-04-01,-5.0,-2.05,239.0,,388885,783,244.0,245.5,236.2
2026-03-31,3.0,1.24,244.0,,210803,640,241.0,246.8,240.0
2026-03-30,-5.1,-2.07,241.0,,310899,788,245.0,250.0,240.4
2026-03-29,-8.7,-3.41,246.1,,285651,971,254.0,254.0,246.1
2026-03-26,2.2,0.87,254.8,,490207,904,247.6,256.0,247.6
2026-03-25,-7.4,-2.85,252.6,,343362,804,260.0,260.0,252.0
2026-03-24,4.3,1.68,260.0,,288592,875,260.8,260.8,252.0
2026-03-23,-1.2,-0.47,255.7,,343618,990,257.9,258.9,251.0
2026-03-22,7.9,3.17,256.9,,790003,1829,253.9,258.2,250.0
2026-03-19,8.0,3.32,249.0,,413913,1167,237.0,251.0,237.0
2026-03-17,2.0,0.84,241.0,,100120,471,239.1,241.0,237.7
2026-03-16,-5.3,-2.17,239.0,,107705,503,244.3,244.3,238.4
2026-03-15,0.0,0.0,244.3,,220578,773,245.0,249.0,243.6
2026-03-12,4.6,1.92,244.3,,274074,730,244.4,248.0,236.0
2026-03-11,-5.9,-2.4,239.7,,125179,633,250.0,250.0,239.5
2026-03-10,-4.4,-1.76,245.6,,461869,1653,254.0,255.0,240.1
2026-03-09,19.0,8.23,250.0,7.1,2979,11,235.6,250.0,235.6
2026-03-03,3.0,1.32,231.0,,118156,419,232.5,232.5,221.5
2026-03-01,1.3,0.57,228.0,,115599,373,231.2,231.2,224.5
2026-02-26,1.8,0.8,226.7,,75123,272,229.3,229.3,225.0
2026-02-25,0.9,0.4,224.9,98.68,44087,250,224.0,225.0,222.0
2026-02-24,2.9,1.31,224.0,,67421,273,225.0,225.0,221.1
2026-02-23,-0.2,-0.09,221.1,,115620,404,224.0,224.0,220.5
2026-02-22,-1.9,-0.85,221.3,,132847,524,223.2,225.0,220.6
2026-02-17,-1.0,-0.45,223.2,,71273,378,224.0,225.0,223.1
2026-02-16,-0.7,-0.31,224.2,95.78,42658,318,229.0,229.0,224.0
2026-02-12,-1.1,-0.49,224.9,,92347,343,226.0,226.2,224.5
2026-02-11,1.5,0.67,226.0,,95890,335,228.9,229.4,224.1
2026-02-10,-0.1,-0.04,224.5,,78846,348,223.8,225.0,223.2
2026-02-09,-1.1,-0.49,224.6,,92658,407,227.0,227.0,223.8
2026-02-08,0.3,0.13,225.7,,92958,396,226.1,228.1,225.4
2026-02-05,-0.4,-0.18,225.4,,99731,427,227.5,227.5,225.0
2026-02-04,-0.3,-0.13,225.8,,109146,318,221.6,228.9,221.6
2026-02-03,-1.7,-0.75,226.1,,59078,279,226.1,228.0,224.0
2026-02-02,-0.1,-0.04,227.8,,53749,268,223.4,229.0,223.4
2026-02-01,1.3,0.57,227.9,,111683,379,228.9,228.9,226.1
2026-01-29,-1.9,-0.83,226.6,,151135,536,229.9,231.0,225.8
2026-01-28,-1.1,-0.48,228.5,,156966,523,229.0,229.8,225.0
2026-01-27,-3.3,-1.42,229.6,,130359,411,234.9,234.9,229.6
2026-01-26,-0.1,-0.04,232.9,,192953,663,233.0,238.0,231.3
2026-01-25,5.0,2.19,233.0,,245949,655,229.0,233.5,229.0
2026-01-22,-0.9,-0.39,228.0,,69966,323,228.5,229.7,227.1
2026-01-21,-1.1,-0.48,228.9,,207746,497,228.0,234.9,227.0
2026-01-20,1.8,0.79,230.0,,389051,699,232.7,234.1,228.0
2026-01-18,2.2,0.97,228.2,,111936,399,225.0,228.5,225.0
2026-01-14,-0.9,-0.4,226.0,,81854,365,226.1,228.0,225.0
2026-01-13,-1.1,-0.48,226.9,,52290,275,225.3,229.8,225.3
2026-01-12,0.0,0.0,228.0,,125875,415,232.5,232.5,225.0
2026-01-08,0.0,0.0,228.0,,60878,302,226.3,230.0,225.5
2026-01-07,-0.5,-0.22,228.0,,55204,230,230.0,230.0,226.6
2026-01-06,-1.5,-0.65,228.5,,55124,305,230.0,231.0,228.0
2026-01-05,3.9,1.72,230.0,,141991,446,226.1,230.0,224.9
2026-01-04,-0.9,-0.4,226.1,,53394,250,229.9,229.9,226.1
2026-01-01,-1.0,-0.44,227.0,91.97,40289,189,231.0,231.0,226.8
2025-12-31,-1.9,-0.83,228.0,,67132,290,230.0,232.0,228.0
2025-12-29,0.1,0.04,229.9,,100390,309,233.2,233.2,227.5
2025-12-28,1.8,0.79,229.8,,171040,479,229.0,230.0,224.5
2025-12-24,4.0,1.79,228.0,,89036,351,224.0,228.0,222.7
2025-12-23,-0.5,-0.22,224.0,,68164,265,224.5,226.0,223.0
2025-12-22,-1.4,-0.62,224.5,,52274,219,225.0,226.5,224.1
2025-12-21,-0.1,-0.04,225.9,,65870,307,226.0,228.0,225.0
2025-12-18,-1.0,-0.44,226.0,,63026,288,225.7,227.6,225.7
2025-12-17,0.8,0.35,227.0,,72596,268,228.9,228.9,225.7
2025-12-16,-0.5,-0.22,226.2,,64941,254,227.0,227.9,224.5
2025-12-15,2.7,1.21,226.7,,89120,301,223.0,226.9,222.9
2025-12-14,0.5,0.22,224.0,,73492,320,223.5,225.0,222.6
2025-12-11,-0.1,-0.04,223.5,,66611,285,226.0,226.0,222.6
2025-12-10,-0.3,-0.13,223.6,,63538,270,223.1,225.0,223.1
2025-12-09,-0.6,-0.27,223.9,,64370,255,227.0,227.0,223.0
2025-12-08,-1.5,-0.66,224.5,,49425,284,229.8,229.8,223.1
2025-12-07,1.0,0.44,226.0,,89809,385,221.0,226.0,221.0
2025-12-03,-2.5,-1.1,225.0,,91971,312,228.5,228.5,224.1
2025-12-02,0.5,0.22,227.5,,60803,203,227.0,229.0,226.2
2025-12-01,-3.0,-1.3,227.0,,52719,259,230.0,230.0,226.9
2025-11-30,-0.7,-0.3,230.0,,97589,364,230.0,234.8,229.9
2025-11-27,1.0,0.44,230.7,,91962,335,230.9,232.0,228.0
2025-11-26,0.9,0.39,229.7,,79063,337,228.0,231.8,226.7
2025-11-25,0.9,0.39,228.8,,101726,293,227.1,229.0,225.0
2025-11-24,4.4,1.97,227.9,,102265,356,224.0,228.0,224.0
2025-11-23,1.6,0.72,223.5,,105301,408,222.0,224.0,221.0
2025-11-20,-2.0,-0.89,221.9,,277777,623,223.9,224.8,218.9
2025-11-19,-0.6,-0.27,223.9,,56872,316,226.9,226.9,223.0
2025-11-18,0.0,0.0,224.5,,52253,306,224.1,227.0,224.1
2025-11-17,-1.5,-0.66,224.5,,92697,372,225.1,227.7,224.4
2025-11-16,-0.1,-0.04,226.0,,102360,349,227.0,228.4,224.0
2025-11-13,0.6,0.27,226.1,,88086,377,226.0,228.3,225.1
2025-11-12,-1.5,-0.66,225.5,,136513,340,227.0,228.9,223.5
2025-11-11,0.1,0.04,227.0,,164406,356,229.0,231.9,226.6
2025-11-10,-2.1,-0.92,226.9,,102425,311,229.0,232.0,226.1
2025-11-09,-1.0,-0.43,229.0,,194076,459,231.5,233.0,228.4
2025-11-06,-5.0,-2.13,230.0,,77053,306,232.0,235.0,230.0
2025-11-05,4.8,2.09,235.0,,383151,538,229.3,249.0,226.0
2025-11-04,-3.2,-1.37,230.2,,108580,364,232.0,235.0,230.0
2025-11-03,-4.6,-1.93,233.4,,106551,426,236.0,237.9,233.1
2025-11-02,-8.9,-3.6,238.0,,236192,735,242.0,243.0,234.0
2025-10-30,1.4,0.57,246.9,,294319,670,246.0,247.6,243.3
2025-10-29,1.7,0.7,245.5,,200228,462,244.9,247.0,242.1
2025-10-28,4.4,1.84,243.8,,112791,356,243.6,245.5,240.0
2025-10-26,-0.6,-0.25,239.4,,142461,348,243.8,243.8,236.0
2025-10-19,4.0,1.69,240.0,,285064,519,236.0,244.4,231.4
2025-10-16,2.0,0.85,236.0,,212927,381,236.0,237.5,232.5
2025-10-15,0.0,0.0,234.0,,268856,395,235.0,237.7,230.3
2025-10-14,-5.9,-2.46,234.0,,236028,371,241.9,241.9,234.0
2025-10-13,1.0,0.42,239.9,,161743,467,238.4,240.0,233.1
2025-10-12,-4.0,-1.65,238.9,,239768,707,239.0,240.0,234.0
2025-10-09,1.9,0.79,242.9,,98016,355,245.2,250.1,240.7
2025-10-08,-3.9,-1.59,241.0,,119238,479,249.7,249.7,237.6
2025-10-07,-4.1,-1.65,244.9,,105750,406,247.3,247.8,240.0
2025-09-28,2.0,0.81,249.0,,93704,263,250.3,252.0,247.0
2025-09-25,0.0,0.0,247.0,,52765,239,245.0,249.1,243.0
2025-09-24,-0.9,-0.36,247.0,,75438,301,248.0,249.7,245.0
2025-09-23,4.57,1.88,247.9,,100523,433,248.1,248.7,243.0
2025-09-21,14.33,6.26,243.33,,233979,864,225.0,245.0,225.0
2025-09-18,-15.98,-6.52,229.0,61.99,27308,80,240.1,240.1,223.0
2025-09-08,-2.58,-1.04,244.98,,130659,374,250.0,250.0,243.0
2025-09-07,-2.15,-0.86,247.56,,66784,318,252.0,252.0,247.1
2025-09-04,-0.18,-0.07,249.71,,127112,445,251.3,251.3,246.3
2025-09-03,-1.26,-0.5,249.89,,82725,333,253.0,253.0,249.0
2025-09-02,-0.2,-0.08,251.15,,100272,330,256.3,256.3,250.0
2025-09-01,2.29,0.92,251.35,,181532,429,254.0,254.0,248.0
2025-08-31,-2.56,-1.02,249.06,,126213,429,250.0,253.9,248.2
2025-08-28,-3.67,-1.44,251.62,,147140,409,253.0,254.5,250.2
2025-08-27,4.65,1.86,255.29,,281403,566,255.6,256.0,250.0
2025-08-26,-0.88,-0.35,250.64,,96856,323,251.0,253.0,249.0
2025-08-25,1.32,0.53,251.52,,112131,395,253.0,253.0,248.1
2025-08-24,-1.81,-0.72,250.2,,105294,352,252.0,252.0,249.5
2025-08-21,1.35,0.54,252.01,,135321,389,252.0,253.0,248.0
2025-08-20,-1.38,-0.55,250.66,,97873,386,250.6,253.2,250.0
2025-08-19,1.38,0.55,252.04,,110650,464,251.1,252.9,249.0
2025-08-18,1.25,0.5,250.66,,159474,449,249.0,251.8,248.0
2025-08-17,-1.54,-0.61,249.41,,154359,532,255.9,255.9,249.2
2025-08-14,-0.58,-0.23,250.95,,256552,647,252.0,253.0,249.4
2025-08-13,-2.75,-1.08,251.53,,536750,854,258.1,259.0,251.0
2025-08-12,-1.4,-0.55,254.28,,155475,497,260.7,260.7,252.0
2025-08-11,0.26,0.1,255.68,,260511,686,250.4,261.0,250.4
2025-08-07,1.16,0.46,255.42,,182111,570,253.0,257.8,253.0
2025-08-06,-1.18,-0.46,254.26,,209056,654,260.5,260.5,252.0
2025-08-05,-3.93,-1.52,255.44,,349200,659,257.3,262.0,255.0
2025-08-04,4.9,1.93,259.37,,349922,881,254.0,260.0,253.0
2025-08-03,-7.14,-2.73,254.47,,366831,1157,259.0,261.0,253.0
2025-07-31,-5.26,-1.97,261.61,,366846,1018,270.0,270.0,260.1
2025-07-30,-3.99,-1.47,266.87,,549076,1013,276.0,276.0,266.0
2025-07-29,2.46,0.92,270.86,,784478,1784,270.0,272.8,267.0
2025-07-28,5.26,2.0,268.4,,670655,1692,263.14,269.2,258.1
2025-07-27,1.71,0.65,263.14,,871338,1477,260.0,267.7,260.0
2025-07-24,-0.65,-0.25,261.43,,231522,912,263.0,264.0,259.0
2025-07-23,-2.22,-0.84,262.08,,332561,1032,265.0,266.0,260.1
2025-07-22,4.36,1.68,264.3,,624169,1571,260.0,265.0,259.0
2025-07-21,2.04,0.79,259.94,,290575,911,258.0,263.0,255.3
2025-07-20,-6.66,-2.52,257.9,,767141,1797,264.0,270.0,256.0
2025-07-17,4.99,1.92,264.56,,556423,1531,262.0,278.9,260.0
2025-07-16,2.38,0.93,259.57,,771421,1354,262.0,267.5,257.4
2025-07-15,4.34,1.72,257.19,,471573,810,250.0,259.0,250.0
2025-07-14,-6.34,-2.45,252.85,,594093,1162,260.0,260.0,252.1
2025-07-13,7.54,3.0,259.19,,860163,2154,256.6,266.0,254.9
2025-07-10,8.52,3.5,251.65,,770677,1970,245.0,252.5,240.3
2025-07-09,5.35,2.25,243.13,,249112,634,236.1,244.5,236.1
2025-07-08,-0.6,-0.25,237.78,,95182,426,239.0,241.0,236.3
2025-07-07,-4.37,-1.8,238.38,,273101,547,242.75,244.0,236.7
2025-07-06,2.12,0.88,242.75,,337466,758,245.4,246.4,238.0
2025-07-03,-2.95,-1.21,240.63,,214944,604,248.4,248.4,237.3
2025-07-02,0.5,0.21,243.58,,192024,657,247.9,247.9,239.0
2025-07-01,2.41,1.0,243.08,,228491,691,245.4,245.4,237.2
2025-06-30,3.3,1.39,240.67,,255858,736,237.37,242.7,235.2
2025-06-29,8.3,3.62,237.37,,318193,637,229.3,241.0,227.5
2025-06-26,-1.02,-0.44,229.07,,88481,321,228.1,231.0,228.1
2025-06-25,-0.22,-0.1,230.09,,49918,301,231.9,233.0,229.0
2025-06-24,2.12,0.93,230.31,,121045,398,230.0,233.9,229.6
2025-06-23,-0.11,-0.05,228.19,,80545,369,232.8,232.8,227.9
2025-06-22,-1.84,-0.8,228.3,,110145,416,231.0,232.0,227.5
2025-06-19,-1.46,-0.63,230.14,,148454,534,230.1,233.8,230.0
2025-06-18,-1.6,-0.69,231.6,,124174,402,233.0,236.0,230.5
2025-06-17,-4.22,-1.78,233.2,,132126,426,240.0,240.0,233.0
2025-06-16,1.93,0.82,237.42,,443097,644,236.0,240.2,233.5
2025-06-15,-3.47,-1.45,235.49,,138499,504,240.0,240.0,234.1
2025-06-12,-5.12,-2.1,238.96,,138305,502,244.0,244.08,237.0
2025-06-11,2.68,1.11,244.08,,412097,932,240.0,246.0,237.5
2025-06-10,7.24,3.09,241.4,,342181,763,229.5,247.5,229.5
2025-06-09,2.6,1.12,234.16,,100109,435,231.5,236.0,231.5
2025-06-08,-5.05,-2.13,231.56,,160783,556,235.6,249.0,231.1
2025-06-05,-2.07,-0.87,236.61,,161439,493,237.1,240.9,236.1
2025-06-04,-0.08,-0.03,238.68,,170799,575,241.0,248.0,234.2
2025-06-03,-7.94,-3.22,238.76,,345696,828,244.0,245.9,237.5
2025-06-02,-2.57,-1.03,246.7,,513720,1371,250.0,257.0,243.0
2025-05-28,7.84,3.25,249.27,,735920,1759,240.0,250.0,238.4
2025-05-27,6.36,2.71,241.43,,601439,1477,238.0,253.4,229.3
2025-05-26,-1.56,-0.66,235.07,,290043,957,241.3,246.0,230.0
2025-05-25,2.2,0.94,236.63,,455875,1306,235.0,247.8,226.8
2025-05-22,13.53,6.12,234.43,,1009816,1892,225.3,240.0,220.0
2025-05-21,-0.82,-0.37,220.9,,193013,704,226.0,234.0,220.0
2025-05-20,3.0,1.37,221.72,,102268,475,218.0,222.5,216.0
2025-05-19,3.77,1.75,218.72,,418392,459,214.0,220.0,214.0
2025-05-18,-0.37,-0.17,214.95,,215104,536,217.5,217.5,213.1
2025-05-15,-0.34,-0.16,215.32,,89466,404,216.0,217.0,214.3
2025-05-14,-0.53,-0.25,215.66,,78676,415,218.4,218.4,215.0
2025-05-13,-1.08,-0.5,216.19,,62913,378,217.0,220.0,216.0
2025-05-11,-0.95,-0.44,217.27,,79372,382,220.5,220.7,217.1
2025-05-08,-2.62,-1.19,218.22,,77455,454,222.9,223.0,217.0
2025-05-07,6.06,2.82,220.84,,165846,620,214.6,221.6,213.0
2025-05-06,-1.19,-0.55,214.78,,98848,465,216.0,216.3,214.2
2025-05-05,-1.11,-0.51,215.97,,64191,335,218.0,218.0,215.3
2025-05-04,2.01,0.93,217.08,,127236,486,215.1,218.0,215.1
2025-04-30,-1.2,-0.55,215.07,,92787,452,216.27,217.9,214.1
2025-04-29,-0.37,-0.17,216.27,,154209,350,218.9,218.9,215.7
2025-04-28,-0.95,-0.44,216.64,,184178,437,218.9,220.0,216.5
2025-04-27,0.87,0.4,217.59,,100069,400,217.1,219.7,217.0
2025-04-24,-0.19,-0.09,216.72,,74907,383,216.0,217.9,215.4
2025-04-23,-2.27,-1.04,216.91,,131955,491,219.0,219.0,215.0
2025-04-22,-1.79,-0.81,219.18,,75158,369,220.6,221.9,218.4
2025-04-21,-1.83,-0.82,220.97,,110813,408,222.8,224.0,220.4
2025-04-20,0.18,0.08,222.8,,182192,627,227.0,231.0,221.7
2025-04-17,2.79,1.27,222.62,,104669,466,222.0,224.0,219.5
2025-04-16,0.74,0.34,219.83,,131743,310,223.0,223.0,219.0
2025-04-15,0.4,0.18,219.09,,49829,302,223.0,223.0,218.3
2025-04-13,-0.45,-0.21,218.69,,45875,295,219.5,220.0,218.3
2025-04-10,-0.25,-0.11,219.14,,98152,354,220.0,220.5,218.2
2025-04-09,0.89,0.41,219.39,,80106,301,222.8,222.8,216.3
2025-04-08,-0.3,-0.14,218.5,,65496,381,217.0,219.7,215.5
2025-04-07,-4.19,-1.88,218.8,,63445,375,223.0,223.0,218.0
2025-04-03,3.89,1.78,222.99,,225909,702,219.0,241.0,213.0
2025-04-02,0.87,0.4,219.1,,70475,333,222.5,222.5,217.5
2025-04-01,-1.29,-0.59,218.23,,87783,392,220.0,221.5,217.2
2025-03-30,0.7,0.32,219.52,,104417,481,218.0,222.0,217.0
2025-03-27,1.96,0.9,218.82,,95912,411,221.1,221.1,216.9
2025-03-26,3.49,1.64,216.86,,96828,383,215.6,217.0,213.5
2025-03-25,-3.91,-1.8,213.37,,145639,599,221.6,221.6,210.7
2025-03-24,1.2,0.56,217.28,,181137,642,216.1,218.9,213.5
2025-03-23,-4.0,-1.82,216.08,,122155,677,220.0,221.0,215.3
2025-03-20,-0.02,-0.01,220.08,,105949,472,222.0,222.0,218.1
2025-03-19,-0.9,-0.41,220.1,,76823,430,221.0,221.9,220.0
2025-03-18,-0.9,-0.41,221.0,,76153,391,226.3,226.3,220.6
2025-03-17,-1.0,-0.45,221.9,,102032,400,222.9,227.9,221.0
2025-03-16,-2.7,-1.2,222.9,,130034,506,225.6,226.0,221.6
2025-03-12,-1.2,-0.53,225.6,,79644,454,229.0,229.0,224.9
2025-03-11,-3.2,-1.39,226.8,,123486,509,232.0,232.5,225.7
2025-03-10,1.7,0.74,230.0,,153284,569,230.0,230.0,226.5
2025-03-09,-5.5,-2.35,228.3,,111190,546,230.5,237.0,228.0
2025-03-06,0.8,0.34,233.8,,141645,559,228.4,234.0,228.4
2025-03-05,1.0,0.43,233.0,,202781,656,232.0,234.0,228.2
2025-03-04,0.8,0.35,232.0,,319940,989,226.6,251.0,226.6
2025-03-03,-3.8,-1.62,231.2,,177164,896,239.7,239.7,231.0
2025-03-02,5.0,2.17,235.0,,435379,1291,234.6,235.0,228.0
2025-02-27,9.0,4.07,230.0,,277981,1216,225.4,236.6,225.4
2025-02-25,-0.4,-0.18,221.0,,76800,489,222.0,223.5,219.5
2025-02-24,0.4,0.18,221.4,,96661,498,223.0,224.0,220.1
2025-02-23,-0.5,-0.23,221.0,,249928,817,220.2,223.5,216.0
2025-02-20,-2.5,-1.12,221.5,,87411,461,225.0,225.0,221.3
2025-02-18,-0.9,-0.4,224.0,,111661,517,229.3,229.3,222.7
2025-02-17,5.6,2.55,224.9,,182178,775,220.0,225.0,219.5
2025-02-16,1.3,0.6,219.3,,115184,450,218.0,221.7,218.0
2025-02-13,-0.8,-0.37,218.0,,73686,406,218.0,221.0,217.2
2025-02-12,0.3,0.14,218.8,,102640,403,218.6,221.0,217.0
2025-02-11,0.5,0.23,218.5,,87702,400,218.0,220.2,218.0
2025-02-10,-1.2,-0.55,218.0,,124839,474,215.0,221.0,215.0
2025-02-09,0.6,0.27,219.2,,119895,361,218.0,221.0,218.0
2025-02-06,-2.1,-0.95,218.6,,103061,549,220.0,221.3,218.5
2025-02-05,-0.8,-0.36,220.7,,86860,447,223.9,223.9,220.0
2025-02-04,-2.5,-1.12,221.5,,71936,425,224.0,226.9,221.0
2025-02-03,2.0,0.9,224.0,,200495,757,222.5,228.0,222.5
2025-02-02,3.1,1.42,222.0,,168526,753,221.0,223.0,219.0
2025-01-28,0.4,0.18,218.9,,79802,409,218.5,220.8,218.0
2025-01-27,-2.1,-0.95,218.5,,66281,364,216.2,223.0,216.2
2025-01-26,1.1,0.5,220.6,,66588,370,215.2,223.5,215.2
2025-01-23,-3.5,-1.57,219.5,,80906,529,222.0,225.4,219.0
2025-01-22,4.0,1.83,223.0,,91812,455,219.0,223.9,219.0
2025-01-21,-2.0,-0.9,219.0,,82396,455,221.0,223.0,218.1
2025-01-20,3.3,1.52,221.0,,186777,635,220.0,226.0,220.0
2025-01-19,0.2,0.09,217.7,,110151,453,216.1,219.0,214.0
2025-01-16,-3.2,-1.45,217.5,,117005,569,219.0,222.0,216.5
2025-01-15,-1.3,-0.59,220.7,,61369,374,221.0,223.0,220.1
2025-01-13,-1.0,-0.45,222.0,,55050,324,221.5,224.0,220.5
2025-01-12,0.0,0.0,223.0,,50922,262,227.4,227.4,221.0
2025-01-09,-0.9,-0.4,223.0,,58693,378,226.0,226.0,221.5
2025-01-08,0.3,0.13,223.9,,64344,409,228.0,228.0,222.2
2025-01-07,-1.4,-0.62,223.6,,75783,409,229.5,229.5,223.0
2025-01-06,2.8,1.26,225.0,,95564,437,226.0,226.0,222.0
2025-01-05,-1.5,-0.67,222.2,,83950,384,224.0,225.0,222.2
2025-01-02,-1.4,-0.62,223.7,,63412,300,229.6,229.6,223.1
2025-01-01,-1.9,-0.84,225.1,89.23,39532,224,225.0,228.0,225.0
2024-12-31,-2.5,-1.09,227.0,,103637,468,234.0,234.0,223.7
2024-12-29,-3.5,-1.5,229.5,,131859,625,233.1,237.5,229.0
2024-12-26,6.0,2.64,233.0,,159743,702,227.0,238.0,225.0
2024-12-24,-2.5,-1.09,227.0,,88682,444,230.0,230.5,225.5
2024-12-23,11.0,5.03,229.5,,76892,431,220.5,231.8,218.0
2024-12-22,-3.5,-1.58,218.5,,94349,513,217.6,223.9,217.6
2024-12-19,-2.3,-1.03,222.0,,72133,416,226.0,226.3,221.0
2024-12-18,-3.7,-1.62,224.3,,71990,385,230.0,230.0,223.9
2024-12-17,4.0,1.79,228.0,,117092,482,224.0,239.0,220.1
2024-12-16,-2.0,-0.88,224.0,,95717,408,227.0,227.9,222.5
2024-12-12,-6.5,-2.8,226.0,,166841,635,237.1,237.1,226.0
2024-12-11,10.8,4.87,232.5,,168543,608,224.0,235.0,221.0
2024-12-10,0.7,0.32,221.7,,76310,380,222.0,224.7,220.0
2024-12-09,-0.9,-0.41,221.0,,97044,439,224.9,224.9,220.0
2024-12-08,-3.9,-1.73,221.9,,197930,873,226.0,226.0,220.0
2024-12-05,-2.4,-1.05,225.8,,137659,524,228.3,230.0,225.4
2024-12-04,-0.3,-0.13,228.2,,147819,526,233.0,233.0,225.5
2024-12-03,-0.9,-0.39,228.5,,120563,584,230.0,232.0,228.0
2024-12-02,-3.6,-1.55,229.4,,148285,698,237.6,237.6,229.0
2024-12-01,-4.0,-1.69,233.0,,75953,535,237.0,237.0,232.0
2024-11-28,-2.0,-0.84,237.0,,97490,444,239.0,241.0,236.0
2024-11-27,0.0,0.0,239.0,,99121,484,242.0,242.0,238.0
2024-11-26,3.5,1.49,239.0,,140447,536,230.8,242.9,230.8
2024-11-25,-1.3,-0.55,235.5,,93907,524,241.5,241.5,235.0
2024-11-24,-4.91,-2.03,236.8,,141904,804,242.0,243.0,236.1
2024-11-21,-1.9,-0.74,255.0,,360990,992,258.5,259.8,254.1
2024-11-20,0.9,0.35,256.9,,141408,516,253.0,256.9,253.0
2024-11-19,-1.2,-0.47,256.0,,212652,635,256.4,258.0,254.6
2024-11-17,0.6,0.23,257.2,,134999,578,258.0,260.0,257.0
2024-11-14,1.6,0.63,256.6,,148677,523,254.0,260.0,254.0
2024-11-13,-4.8,-1.85,255.0,,123507,471,259.9,261.0,254.5
2024-11-12,-0.8,-0.31,259.8,,135585,595,261.0,264.0,257.3
2024-11-11,0.3,0.12,260.6,,252111,927,258.0,264.0,258.0
2024-11-10,3.5,1.36,260.3,,209467,767,258.9,261.0,255.1
2024-11-06,2.8,1.1,256.8,,105915,500,255.0,261.1,253.2
2024-11-05,0.0,0.0,254.0,,49920,337,257.0,257.0,253.5
2024-10-30,-1.9,-0.74,254.0,,120003,452,260.0,260.0,252.4
2024-10-29,1.9,0.75,255.9,,118277,551,254.0,257.9,254.0
2024-10-28,4.0,1.6,254.0,,102439,427,254.0,254.0,248.7
2024-10-27,-3.0,-1.19,250.0,,134338,609,253.0,257.0,248.1
2024-10-24,-3.1,-1.21,253.0,,158059,673,258.0,258.0,251.0
2024-10-23,-4.4,-1.69,256.1,,306366,840,265.7,267.0,255.4
2024-10-22,3.5,1.36,260.5,,206907,714,258.0,262.0,255.1
2024-10-21,-6.5,-2.47,257.0,,293514,984,264.0,264.0,256.1
2024-10-20,-3.0,-1.13,263.5,,441438,1298,262.0,271.0,257.0
2024-10-17,3.5,1.33,266.5,,362357,1254,265.0,271.0,263.0
2024-10-16,4.6,1.78,263.0,,199994,797,261.5,266.7,259.5
2024-10-15,4.7,1.85,258.4,,129559,568,255.1,258.9,253.9
2024-10-09,2.6,1.04,253.7,,136698,514,250.1,254.0,250.1
2024-10-08,-2.0,-0.79,251.1,,222852,799,255.0,258.1,250.5
2024-10-07,4.1,1.65,253.1,,218332,867,252.0,257.0,249.0
2024-10-06,3.5,1.43,249.0,,177497,691,246.0,250.0,244.0
2024-10-02,-4.4,-1.76,245.5,,276956,983,254.8,254.8,240.5
2024-10-01,11.9,5.0,249.9,,267153,1042,240.0,249.9,240.0
2024-09-30,3.0,1.28,238.0,,114806,489,233.0,240.1,233.0
2024-09-29,-3.0,-1.26,235.0,,119056,551,234.1,240.0,231.0
2024-09-26,-5.0,-2.06,238.0,,114688,633,247.8,247.8,234.0
2024-09-25,8.1,3.45,243.0,,231718,830,235.0,243.0,232.3
2024-09-24,-3.1,-1.3,234.9,,169830,791,235.1,241.7,233.0
2024-09-23,-6.0,-2.46,238.0,,130133,673,248.8,248.8,237.0
2024-09-22,5.9,2.48,244.0,,170258,893,242.8,247.6,240.0
2024-09-18,4.1,1.75,238.1,,255350,1016,235.0,241.9,233.0
2024-09-16,-6.0,-2.5,234.0,,139654,764,236.0,245.0,233.8
2024-09-15,-2.9,-1.19,240.0,,274734,1264,247.7,252.0,238.0
2024-09-12,6.9,2.92,242.9,,300713,929,240.7,243.0,235.0
2024-09-11,0.0,0.0,236.0,,143345,748,236.0,240.0,234.0
2024-09-10,0.0,0.0,236.0,,271798,918,239.0,242.8,235.0
2024-09-09,-7.0,-2.88,236.0,,303514,1237,244.0,244.0,234.3
2024-09-08,-2.9,-1.18,243.0,,208968,914,245.9,252.1,241.5
2024-09-05,-3.1,-1.24,245.9,,237948,1107,253.9,253.9,242.5
2024-09-04,-10.7,-4.12,249.0,,362314,1399,264.8,264.8,246.0
2024-09-03,-4.8,-1.81,259.7,,266600,1383,268.0,270.0,259.0
2024-09-02,19.4,7.92,264.5,,524530,1926,245.0,269.6,243.1
2024-09-01,-6.9,-2.74,245.1,,318196,1388,249.0,257.0,245.0
2024-08-29,-7.0,-2.7,252.0,,345964,1582,264.1,264.1,248.2
2024-08-28,1.0,0.39,259.0,,428646,1749,263.1,267.0,255.0
2024-08-27,-17.0,-6.18,258.0,,767736,2935,275.0,275.0,258.0
2024-08-25,-9.7,-3.41,275.0,,593298,2214,288.0,288.0,272.0
2024-08-22,-2.3,-0.8,284.7,,460097,1861,287.0,300.0,284.0
2024-08-21,0.0,0.0,287.0,,709266,2586,287.0,292.0,279.0
2024-08-18,4.0,1.41,287.0,,1427895,4891,288.0,302.0,283.5
2024-08-15,23.9,9.22,283.0,,1270505,4691,264.0,285.0,260.0
2024-08-14,1.2,0.47,259.1,,463875,1846,255.0,260.0,250.1
2024-08-13,4.1,1.62,257.9,,560415,2162,258.0,260.0,253.0
2024-08-12,10.2,4.19,253.8,,653658,2237,245.0,258.9,245.0
2024-08-11,7.1,3.0,243.6,,786878,2029,241.0,243.6,235.5
2024-08-08,-2.0,-0.84,236.5,,310600,1557,242.1,243.0,234.0
2024-08-07,8.5,3.7,238.5,,512810,1934,227.5,239.0,223.2
2024-08-06,-19.4,-7.78,230.0,,694815,3231,245.2,248.0,226.1
2024-08-05,-6.5,-2.54,249.4,,706240,2811,255.0,255.0,245.7
2024-08-01,-3.1,-1.2,255.9,,379256,1764,260.0,264.1,255.0
2024-07-31,5.0,1.97,259.0,,489245,2065,259.0,261.0,253.0
2024-07-30,1.0,0.4,254.0,,740562,2945,254.0,257.9,243.0
2024-07-29,-5.5,-2.13,253.0,,1288357,4943,263.6,284.3,253.0
2024-07-28,23.5,10.0,258.5,,1002360,3101,239.7,258.5,239.7
2024-07-25,14.0,6.33,235.0,,699280,2051,221.0,239.0,221.0
2024-07-24,-2.1,-0.94,221.0,,629002,2019,223.0,230.0,218.0
2024-07-23,3.0,1.36,223.1,,566972,1681,221.0,224.9,216.2
2024-07-22,-4.8,-2.13,220.1,,450025,1995,227.0,227.0,214.0
2024-07-21,6.6,3.02,224.9,,654503,2173,218.0,225.3,214.0
2024-07-18,13.4,6.54,218.3,,628039,2431,208.9,224.2,203.0
2024-07-17,3.9,1.94,204.9,,270536,1213,205.0,205.0,200.0
2024-07-16,6.8,3.5,201.0,,225370,980,196.0,203.0,193.6
2024-07-15,-5.8,-2.9,194.2,,326661,1254,204.0,204.0,194.1
2024-07-14,10.1,5.32,200.0,,368225,1400,193.0,204.7,192.1
2024-07-11,5.9,3.21,189.9,,192251,756,187.6,190.0,182.8
2024-07-10,1.7,0.93,184.0,,203192,504,185.9,185.9,180.5
2024-07-09,-0.7,-0.38,182.3,,179442,496,186.6,186.6,179.1
2024-07-08,1.6,0.88,183.0,,108356,412,181.0,184.0,179.5
2024-07-07,1.4,0.78,181.4,,149397,495,183.6,183.6,179.2
2024-07-04,-0.6,-0.33,180.0,,107015,506,181.0,182.4,178.4
2024-07-03,-0.9,-0.5,180.6,,151772,377,182.9,183.6,174.4
2024-07-02,7.6,4.37,181.5,,167185,619,177.3,188.0,171.0
2024-07-01,1.4,0.81,173.9,,76610,362,172.0,173.9,171.0
2024-06-30,-0.9,-0.52,172.5,93.49,53993,306,174.0,175.0,172.2
2024-06-27,0.4,0.23,173.4,,82663,406,173.0,174.0,170.0
2024-06-26,-2.5,-1.42,173.0,,110410,588,176.0,176.0,171.0
2024-06-25,-0.4,-0.23,175.5,,76268,381,178.0,178.0,174.5
2024-06-24,-1.1,-0.62,175.9,,65835,386,177.0,179.0,175.1
2024-06-23,-0.8,-0.45,177.0,,68819,299,180.0,180.7,176.0
2024-06-20,-0.9,-0.5,177.8,69.8,39187,324,182.2,182.2,177.2
2024-06-19,-0.5,-0.28,178.7,63.52,35384,240,182.7,182.7,178.6
2024-06-18,-4.3,-2.34,179.2,91.09,50561,365,182.0,184.0,179.1
2024-06-16,-2.6,-1.4,183.5,99.05,54289,340,186.4,186.4,180.0
2024-06-13,2.1,1.14,186.1,,68068,374,185.0,186.1,181.1
2024-06-12,2.9,1.6,184.0,,64847,303,183.5,184.5,182.0
2024-06-11,1.1,0.61,181.1,,58416,346,183.6,183.6,178.5
2024-06-10,1.8,1.01,180.0,,66964,388,181.7,181.7,177.1
2024-06-09,-2.3,-1.27,178.2,,59566,397,184.1,184.1,178.0
2024-06-06,-3.4,-1.85,180.5,,64245,340,183.0,184.0,180.1
2024-06-05,-0.1,-0.05,183.9,,64984,297,187.6,187.6,181.1
2024-06-04,0.4,0.22,184.0,68.14,37118,275,187.2,187.2,182.4
2024-06-03,-1.6,-0.86,183.6,94.26,51212,281,188.9,188.9,183.0
2024-06-02,0.1,0.05,185.2,,57918,343,188.0,188.0,183.5
2024-05-30,-1.9,-1.02,185.1,,66020,396,190.7,190.7,184.0
2024-05-29,-3.0,-1.58,187.0,,143195,601,193.8,197.0,187.0
2024-05-27,-2.0,-1.04,190.0,,97055,512,192.3,195.0,189.0
2024-05-26,0.0,0.0,192.0,,210409,898,192.0,196.0,189.0
2024-05-22,4.0,2.13,192.0,,219662,892,187.0,194.0,186.0
2024-05-21,1.5,0.8,188.0,,161501,509,190.2,190.2,184.3
2024-05-20,5.5,3.04,186.5,,320341,1131,184.6,192.0,178.5
2024-05-19,5.0,2.84,181.0,,119962,527,179.0,181.0,177.0
2024-05-16,-2.0,-1.12,176.0,85.97,48622,315,181.5,181.5,175.1
2024-05-15,1.0,0.56,178.0,98.22,54933,331,178.0,180.0,178.0
2024-05-14,-1.0,-0.56,177.0,70.48,39770,336,181.5,181.5,176.0
2024-05-13,4.0,2.3,178.0,,92897,497,177.4,181.0,173.2
2024-05-12,0.8,0.46,174.0,97.01,56128,339,176.6,176.6,170.5
2024-05-09,1.2,0.7,173.2,89.25,52164,348,174.4,174.4,170.0
2024-05-08,-2.0,-1.15,172.0,56.7,33006,270,172.5,176.0,171.2
2024-05-07,-2.0,-1.14,174.0,,66370,377,174.1,176.6,173.0
2024-05-06,-1.9,-1.07,176.0,56.42,31949,241,181.4,181.4,174.5
2024-05-05,-2.1,-1.17,177.9,,62269,339,180.0,180.0,175.0
2024-05-02,0.0,0.0,180.0,,95841,401,183.6,183.6,177.0
2024-04-30,2.5,1.41,180.0,,207105,338,178.0,180.0,175.0
2024-04-29,1.5,0.85,177.5,,155320,311,179.5,179.5,173.0
2024-04-28,0.0,0.0,176.0,,64657,352,179.5,179.5,172.0
2024-04-25,-1.6,-0.9,176.0,,156967,304,178.0,178.5,175.0
2024-04-24,4.5,2.6,177.6,,88218,405,174.0,178.8,170.5
2024-04-22,-0.9,-0.52,173.1,,80886,285,174.6,176.6,172.0
2024-04-21,-1.3,-0.74,174.0,,77654,463,175.0,177.0,170.0
2024-04-18,-2.1,-1.18,175.3,55.29,31384,281,179.0,180.0,175.0
2024-04-16,-2.6,-1.44,177.4,50.74,28551,236,178.5,180.0,177.0
2024-04-15,1.0,0.56,180.0,,124478,524,180.0,181.0,176.0
2024-04-14,-3.0,-1.65,179.0,91.12,50721,332,182.0,182.0,179.0
2024-04-10,1.8,1.0,182.0,,62691,344,182.0,182.0,179.0
2024-04-09,-0.4,-0.22,180.2,,58231,377,184.2,184.2,180.0
2024-04-07,1.0,0.56,180.6,,59561,362,180.0,181.9,177.5
2024-04-04,-1.8,-0.99,179.6,85.77,47587,346,181.0,181.0,179.0
2024-04-03,0.2,0.11,181.4,71.75,39590,272,183.9,184.8,181.0
2024-04-02,0.0,0.0,181.2,,91209,310,184.8,184.8,181.0
2024-04-01,-0.4,-0.22,181.2,51.9,28648,222,180.0,182.5,179.0
2024-03-31,-0.3,-0.16,181.6,,92143,413,182.1,200.0,179.0
2024-03-28,-1.0,-0.55,181.9,83.53,45881,350,186.5,186.5,181.0
2024-03-27,-1.9,-1.03,182.9,73.53,40354,297,184.0,185.0,181.5
2024-03-26,0.5,0.27,184.8,59.51,32463,250,184.0,185.0,181.1
2024-03-25,-3.0,-1.6,184.3,,81711,365,185.0,187.0,183.6
2024-03-21,-2.7,-1.42,187.3,82.09,43742,227,189.0,190.0,186.6
2024-03-20,1.0,0.53,190.0,76.41,40408,283,192.7,192.7,187.2
2024-03-19,-3.9,-2.02,189.0,76.88,40516,341,192.5,192.5,188.5
2024-03-18,1.4,0.73,192.9,,56093,295,195.3,195.3,188.2
2024-03-17,-2.0,-1.03,191.5,77.46,40619,272,191.0,192.0,190.1
2024-03-14,-0.5,-0.26,193.5,,73019,317,192.0,194.8,192.0
2024-03-13,0.0,0.0,194.0,,63204,356,197.8,197.8,191.1
2024-03-12,3.0,1.57,194.0,,76306,444,191.0,195.0,190.6
2024-03-10,3.0,1.6,191.0,97.66,51463,364,191.7,192.0,188.0
2024-03-07,2.0,1.08,188.0,90.97,48510,270,189.7,193.1,186.0
2024-03-06,-0.1,-0.05,186.0,51.64,27772,257,186.1,188.8,183.0
2024-03-05,-9.7,-4.95,186.1,,54708,419,197.0,197.1,186.0
2024-03-04,14.4,7.94,195.8,3.32,1780,12,183.0,195.8,183.0
2024-03-03,-0.5,-0.27,181.4,92.88,51440,317,180.0,181.9,178.6
2024-02-29,-3.1,-1.68,181.9,63.12,34595,288,182.0,192.4,181.1
2024-02-28,1.0,0.54,185.0,86.13,46680,292,184.0,186.0,181.7
2024-02-27,1.5,0.82,184.0,68.31,37472,225,184.9,184.9,181.0
2024-02-26,1.2,0.66,182.5,99.36,54577,348,184.0,187.6,179.2
2024-02-25,-5.2,-2.79,181.3,,85059,533,188.0,188.0,180.0
2024-02-22,-2.5,-1.32,186.5,,57767,322,189.0,190.0,186.5
2024-02-21,0.0,0.0,189.0,68.94,36476,275,190.0,191.0,188.0
2024-02-20,0.3,0.16,189.0,,74857,440,186.1,191.0,186.1
2024-02-18,-2.3,-1.2,188.7,,65815,457,190.0,192.0,188.3
2024-02-15,-1.0,-0.52,191.0,,62801,309,193.0,193.0,190.1
2024-02-14,0.0,0.0,192.0,78.25,40692,274,194.5,194.5,191.2
2024-02-13,-2.4,-1.23,192.0,,106389,397,194.0,195.0,191.1
2024-02-12,-0.1,-0.05,194.4,,62447,350,198.0,198.0,193.1
2024-02-11,-0.5,-0.26,194.5,,87462,408,195.0,198.0,194.1
2024-02-07,1.4,0.73,194.5,85.31,43724,315,196.9,200.8,194.1
2024-02-06,-0.5,-0.26,193.1,,52648,372,195.0,196.0,193.0
2024-02-05,-1.0,-0.51,193.6,,61796,458,194.6,197.0,193.0
2024-02-04,-1.1,-0.56,194.6,,64158,453,196.0,196.0,193.2
2024-02-01,-1.3,-0.66,195.7,,85445,384,197.0,197.0,195.0
2024-01-31,-1.5,-0.76,197.0,,99882,461,195.0,200.0,195.0
2024-01-30,-0.5,-0.25,198.5,,84689,452,201.9,201.9,197.3
2024-01-29,-1.0,-0.5,199.0,,89681,437,200.0,202.0,197.9
2024-01-28,-2.0,-0.99,200.0,,93866,433,202.0,202.0,198.8
2024-01-25,0.3,0.15,202.0,,113193,359,200.0,202.9,199.0
2024-01-24,3.7,1.87,201.7,,118722,478,199.0,201.9,197.5
2024-01-23,0.0,0.0,198.0,,106230,453,199.0,200.0,196.5
2024-01-22,-4.0,-1.98,198.0,,135115,697,200.7,202.0,196.1
2024-01-21,-4.5,-2.18,202.0,,203178,713,202.4,204.5,200.0
2024-01-18,-2.0,-0.96,206.5,,142185,536,206.5,209.0,204.7
2024-01-17,-0.9,-0.43,208.5,,230444,871,213.5,214.0,205.8
2024-01-16,4.4,2.15,209.4,,203296,740,207.0,210.5,206.1
2024-01-14,3.5,1.74,205.0,,102556,474,204.9,206.0,202.1
2024-01-11,0.5,0.25,201.5,,234224,429,203.0,204.8,200.5
2024-01-10,1.0,0.5,201.0,,117923,499,204.0,208.0,201.0
2024-01-09,0.0,0.0,200.0,,178234,530,201.0,203.0,200.0
2024-01-08,1.7,0.86,200.0,,112750,501,200.1,203.0,200.0
2024-01-07,-3.7,-1.83,198.3,,168782,593,201.0,205.0,198.1
2024-01-04,-1.7,-0.83,202.0,,108703,533,203.0,205.1,201.0
2024-01-03,0.7,0.34,203.7,,67600,352,201.6,205.0,201.6
2024-01-02,-4.0,-1.93,203.0,,168606,447,207.0,208.0,203.0
2024-01-01,0.9,0.44,207.0,,107722,463,206.1,207.9,202.9
2023-12-28,2.0,0.98,206.1,,114690,474,206.0,207.0,202.0
2023-12-27,1.1,0.54,204.1,,164605,594,203.5,211.1,201.9
2023-12-24,-4.0,-1.93,203.0,,201452,638,210.0,210.0,201.2
2023-12-21,-4.0,-1.9,207.0,,180068,687,213.0,213.0,206.0
2023-12-20,7.0,3.43,211.0,,335098,1069,208.0,216.2,206.0
2023-12-19,2.0,0.99,204.0,,272573,756,205.0,209.0,202.6
2023-12-18,4.2,2.12,202.0,,232491,830,197.8,204.4,196.0
2023-12-17,-0.7,-0.35,197.8,,170156,789,194.6,199.0,189.0
2023-12-14,0.5,0.25,198.5,,75241,349,199.0,200.0,196.1
2023-12-13,-1.0,-0.5,198.0,,109189,505,199.0,202.9,197.5
2023-12-12,-1.9,-0.95,199.0,,104498,644,200.9,202.5,197.2
2023-12-11,-3.1,-1.52,200.9,,151441,737,208.0,208.0,197.0
2023-12-10,13.0,6.81,204.0,31.54,15408,40,191.0,206.5,191.0
2023-12-07,0.5,0.26,191.0,75.03,39359,323,191.0,193.0,188.4
2023-12-06,0.5,0.26,190.5,96.23,51139,329,190.0,190.5,187.0
2023-12-05,-3.0,-1.55,190.0,,75574,366,193.0,195.0,190.0
2023-12-04,-3.0,-1.53,193.0,,79593,360,196.0,196.5,193.0
2023-12-03,-2.0,-1.01,196.0,,60450,355,201.0,201.0,194.5
2023-11-30,-4.0,-1.98,198.0,,63984,347,200.0,200.0,197.0
2023-11-29,-6.91,-3.31,202.0,,65866,430,208.91,205.0,200.0
2023-11-28,2.0,0.96,211.0,,168778,727,209.9,212.0,209.0
2023-11-27,1.0,0.48,209.0,,96183,337,209.0,210.0,207.1
2023-11-26,0.0,0.0,208.0,,76292,387,206.0,209.0,205.2
2023-11-23,2.0,0.97,208.0,,81017,336,206.0,208.1,204.0
2023-11-22,-0.1,-0.05,206.0,,75220,336,204.0,208.0,202.7
2023-11-21,-0.9,-0.43,206.1,,80348,313,210.0,210.0,204.1
2023-11-20,-1.0,-0.48,207.0,,76289,377,212.0,212.0,206.0
2023-11-09,2.0,0.97,208.0,77.05,37441,221,205.0,208.0,203.6
2023-11-08,0.6,0.29,206.0,96.1,46836,239,204.0,206.5,203.1
2023-11-07,2.4,1.18,205.4,,53294,288,205.0,205.5,203.3
2023-11-06,2.0,1.0,203.0,,90878,440,203.0,203.0,200.0
2023-11-05,-5.0,-2.43,201.0,,158070,770,206.0,206.0,199.7
2023-11-02,-2.9,-1.39,206.0,,62403,312,208.0,209.6,205.0
2023-11-01,1.0,0.48,208.9,,60135,315,207.0,210.0,206.3
2023-10-31,-1.1,-0.53,207.9,43.77,21139,222,209.0,209.0,206.1
2023-10-30,4.0,1.95,209.0,,64960,374,205.0,209.1,201.2
2023-10-29,-3.8,-1.82,205.0,81.55,39634,353,206.6,207.0,204.0
2023-10-19,0.0,0.0,208.8,78.76,37778,272,210.9,211.0,205.2
2023-10-18,6.8,3.37,208.8,,51411,359,202.0,208.9,202.0
2023-10-17,3.3,1.66,202.0,97.89,48295,335,201.0,207.0,200.2
2023-10-16,-3.2,-1.58,198.7,,86878,574,201.0,202.0,198.5
2023-10-12,-0.3,-0.15,201.9,,96885,422,203.9,203.9,200.0
2023-10-11,0.2,0.1,202.2,,67161,355,202.0,205.0,201.1
2023-10-10,-3.0,-1.46,202.0,,71975,449,207.8,207.8,202.0
2023-10-09,-2.0,-0.97,205.0,,70335,420,207.0,208.0,203.0
2023-10-08,-1.0,-0.48,207.0,,88765,445,212.0,212.0,204.9
2023-10-05,1.0,0.48,208.0,,84871,389,206.1,208.1,206.1
2023-10-04,0.5,0.24,207.0,,78383,321,206.0,208.4,204.1
2023-10-03,-0.9,-0.43,206.5,,64254,292,211.5,211.5,206.0
2023-10-02,0.5,0.24,207.4,,100887,440,204.0,209.0,204.0
2023-10-01,-1.6,-0.77,206.9,,83973,390,208.0,208.9,204.6
2023-09-27,-1.2,-0.57,208.5,,50400,345,210.0,210.0,207.3
2023-09-26,4.4,2.14,209.7,,96915,473,208.0,209.7,206.1
2023-09-25,0.3,0.15,205.3,,53006,362,208.0,208.0,204.0
2023-09-24,-2.8,-1.35,205.0,,75290,557,208.0,209.0,204.2
2023-09-21,4.4,2.16,207.8,,111506,594,207.4,210.0,205.6
2023-09-19,-1.0,-0.49,203.4,73.01,35987,364,204.0,205.0,202.0
2023-09-18,0.7,0.34,204.4,67.22,33036,269,205.0,205.0,201.1
2023-09-17,-1.3,-0.63,203.7,,88264,537,205.0,208.0,203.0
2023-09-13,1.9,0.94,205.0,,51737,345,204.0,205.0,203.1
2023-09-12,-1.9,-0.93,203.1,91.74,45075,256,206.0,206.0,202.1
2023-09-11,5.5,2.76,205.0,,91554,510,200.1,205.0,199.2
2023-09-10,1.2,0.61,199.5,,76639,496,199.0,200.9,198.3
2023-09-07,-1.8,-0.9,198.3,,56488,395,200.0,202.0,198.0
2023-09-05,-2.9,-1.43,200.1,,70064,443,200.6,203.1,200.0
2023-09-04,-0.5,-0.25,203.0,,59675,378,206.0,207.0,201.1
2023-09-03,-1.8,-0.88,203.5,,70376,542,208.0,208.0,203.0
2023-08-30,-1.5,-0.73,205.3,,87846,514,210.9,210.9,204.5
2023-08-29,-0.7,-0.34,206.8,61.95,29955,299,206.1,208.0,206.0
2023-08-28,2.0,0.97,207.5,,59110,362,204.0,210.0,204.0
2023-08-27,-0.5,-0.24,205.5,,52800,520,206.0,209.0,205.0
2023-08-24,-4.0,-1.9,206.0,,99709,602,209.0,210.5,205.5
2023-08-23,2.0,0.96,210.0,,58048,430,208.0,212.0,208.0
2023-08-22,-0.4,-0.19,208.0,,59357,395,210.0,210.0,205.1
2023-08-21,-0.9,-0.43,208.4,,63144,453,210.0,211.0,206.0
2023-08-20,-2.2,-1.04,209.3,,97665,539,212.0,213.0,209.0
2023-08-17,0.5,0.24,211.5,94.88,44801,339,211.0,214.0,210.0
2023-08-16,-2.6,-1.22,211.0,,87457,450,213.7,213.7,209.0
2023-08-15,-2.4,-1.11,213.6,,68773,450,218.0,218.0,212.1
2023-08-14,1.1,0.51,216.0,,94254,592,218.4,220.0,215.0
2023-08-13,4.9,2.33,214.9,,130578,699,213.0,218.0,209.0
2023-08-10,-3.0,-1.41,210.0,,105657,615,215.9,216.8,210.0
2023-08-09,5.8,2.8,213.0,,104293,661,207.5,213.0,203.1
2023-08-08,-5.8,-2.72,207.2,,127065,825,211.0,215.0,207.0
2023-08-07,-2.7,-1.25,213.0,,146484,740,219.0,219.0,210.8
2023-08-06,-8.3,-3.71,215.7,,391161,1653,228.4,230.0,213.5
2023-08-03,2.0,0.9,224.0,,134917,715,224.4,225.0,221.5
2023-08-02,3.5,1.6,222.0,,128173,643,218.6,222.9,217.0
2023-08-01,-1.5,-0.68,218.5,,153770,806,220.0,224.0,217.1
2023-07-31,5.0,2.33,220.0,,173295,963,217.0,222.0,213.4
2023-07-30,-4.5,-2.05,215.0,,175072,1197,220.0,223.7,212.7
2023-07-27,-3.0,-1.35,219.5,,184952,995,223.0,226.0,218.2
2023-07-26,0.2,0.09,222.5,,235135,1199,223.0,226.4,218.1
2023-07-25,-8.7,-3.77,222.3,,347942,1928,231.0,235.0,222.0
2023-07-24,8.1,3.63,231.0,,828678,3863,220.0,241.9,215.0
2023-07-23,19.0,9.32,222.9,,570751,2712,205.0,223.5,205.0
2023-07-20,4.0,2.0,203.9,,266291,1419,200.0,206.0,200.0
2023-07-19,4.9,2.51,199.9,,235210,1153,195.0,200.0,194.0
2023-07-18,4.5,2.36,195.0,,223434,1084,193.0,197.2,191.0
2023-07-17,4.5,2.42,190.5,,112081,645,185.5,192.0,184.5
2023-07-16,2.5,1.36,186.0,,71941,499,186.3,186.8,182.0
2023-07-13,3.0,1.66,183.5,,86772,517,182.9,185.0,182.0
2023-07-12,2.5,1.4,180.5,,75411,435,178.2,183.0,178.2
2023-07-11,0.0,0.0,178.0,,81788,530,180.0,182.0,177.5
2023-07-10,-0.9,-0.5,178.0,,159686,819,182.0,184.0,176.0
2023-07-09,-0.9,-0.5,178.9,,119176,689,176.3,184.0,176.3
2023-07-06,-0.6,-0.33,179.8,,217863,758,182.0,183.0,177.0
2023-07-05,-2.3,-1.26,180.4,,122147,666,183.5,184.5,179.5
2023-07-04,-1.2,-0.65,182.7,,101611,503,182.1,185.7,182.0
2023-07-03,-2.1,-1.13,183.9,,75021,515,186.0,186.5,182.7
2023-07-02,-5.7,-2.97,186.0,,109668,627,191.0,191.0,185.5
2023-06-28,-0.3,-0.16,191.7,,174585,1094,195.5,201.9,191.0
2023-06-27,10.0,5.49,192.0,,224422,1051,182.0,192.0,182.0
2023-06-26,-1.9,-1.03,182.0,,125881,656,183.9,185.6,181.0
2023-06-25,2.5,1.38,183.9,,205653,787,182.0,183.9,180.6
2023-06-22,-0.3,-0.17,181.4,,77006,515,181.6,183.0,180.4
2023-06-21,-2.0,-1.09,181.7,,147522,566,184.0,184.9,181.7
2023-06-20,1.9,1.05,183.7,,126178,399,184.9,185.3,182.0
2023-06-19,-1.3,-0.71,181.8,,126493,584,183.0,183.9,181.8
2023-06-18,-0.6,-0.33,183.1,,108598,608,183.1,186.0,182.3
2023-06-15,-1.3,-0.7,183.7,,62147,438,185.2,186.9,183.5
2023-06-14,2.0,1.09,185.0,,143558,717,183.0,186.5,183.0
2023-06-13,0.4,0.22,183.0,,95079,567,182.0,185.0,180.5
2023-06-12,-0.2,-0.11,182.6,,106025,472,184.0,185.0,181.6
2023-06-11,0.8,0.44,182.8,,118134,630,181.0,183.9,180.0
2023-06-08,-0.2,-0.11,182.0,,56520,436,183.3,183.3,180.5
2023-06-07,-1.0,-0.55,182.2,85.83,46902,370,183.2,184.5,182.0
2023-06-06,-0.6,-0.33,183.2,72.4,39603,298,185.0,185.0,181.0
2023-06-05,-0.1,-0.05,183.8,90.62,49214,315,184.0,187.0,182.5
2023-06-04,2.4,1.32,183.9,,58480,360,181.0,185.5,180.0
2023-06-01,0.0,0.0,181.5,,84886,434,180.0,185.0,177.9
2023-05-31,-2.2,-1.2,181.5,,64494,404,183.7,184.9,180.1
2023-05-30,-4.4,-2.34,183.7,,71912,457,188.1,188.1,182.5
2023-05-28,0.6,0.32,188.1,,115547,672,187.0,191.0,186.0
2023-05-24,0.5,0.27,187.5,96.65,51793,379,188.9,188.9,185.2
2023-05-23,2.2,1.19,187.0,,56540,383,185.0,187.5,185.0
2023-05-22,-0.2,-0.11,184.8,,63675,347,185.0,186.0,182.5
2023-05-21,1.0,0.54,185.0,,64088,442,186.0,187.6,184.0
2023-05-18,1.0,0.55,184.0,,68916,404,186.0,186.0,181.3
2023-05-17,0.0,0.0,183.0,,80320,389,184.0,184.0,181.2
2023-05-16,-0.5,-0.27,183.0,,75096,443,182.0,184.0,181.0
2023-05-15,-0.5,-0.27,183.5,66.25,36265,316,185.0,185.0,181.0
2023-05-14,1.7,0.93,184.0,,58668,336,184.0,185.0,182.0
2023-05-11,-0.9,-0.49,182.3,56.59,30993,268,185.0,185.0,182.0
2023-05-10,0.0,0.0,183.2,56.78,30993,239,185.0,185.0,182.2
2023-05-09,1.7,0.94,183.2,,59202,290,184.9,184.9,180.4
2023-05-08,-1.5,-0.82,181.5,,70629,454,186.0,186.0,180.2
2023-05-07,-3.3,-1.77,183.0,90.58,49157,405,187.0,187.0,183.0
2023-05-04,1.3,0.7,186.3,81.19,43945,259,187.0,187.0,183.2
2023-05-03,1.5,0.82,185.0,70.43,38440,315,183.0,185.0,182.5
2023-05-02,-3.5,-1.87,183.5,,60158,429,187.0,190.0,183.3
2023-04-30,-1.9,-1.01,187.0,,72250,473,190.0,190.0,185.7
2023-04-27,-1.0,-0.53,188.9,62.39,33192,303,191.0,191.0,187.0
2023-04-26,-0.5,-0.26,189.9,,66958,354,192.0,192.0,188.0
2023-04-25,1.4,0.74,190.4,,69205,408,189.0,190.7,186.9
2023-04-24,0.5,0.27,189.0,75.55,39998,316,188.0,190.9,187.0
2023-04-23,-3.2,-1.67,188.5,,82697,450,193.9,193.9,188.0
2023-04-20,-1.6,-0.83,191.7,,114419,554,189.5,196.0,189.5
2023-04-19,1.9,0.99,193.3,,77133,374,192.0,195.0,191.7
2023-04-18,2.4,1.27,191.4,,77049,512,192.7,193.8,189.0
2023-04-17,-0.9,-0.47,189.0,,70513,434,192.0,192.5,188.8
2023-04-16,0.9,0.48,189.9,,72933,443,190.0,192.6,188.9
2023-04-13,-5.4,-2.78,189.0,,91015,710,198.2,201.0,188.2
2023-04-12,10.9,5.94,194.4,,133689,787,185.0,194.8,184.0
2023-04-11,1.6,0.88,183.5,,58757,394,183.0,183.9,180.0
2023-04-10,1.6,0.89,181.9,,64332,488,181.9,182.8,178.1
2023-04-09,-1.7,-0.93,180.3,,180985,577,182.0,182.0,178.7
2023-04-06,0.9,0.5,182.0,,87941,500,181.0,183.1,179.7
2023-04-05,0.1,0.06,181.1,73.35,40483,366,180.0,182.9,179.0
2023-04-04,-1.0,-0.55,181.0,90.19,49722,376,180.0,183.0,180.0
2023-04-03,-1.0,-0.55,182.0,,140647,622,186.5,186.5,180.0
2023-04-02,-3.0,-1.61,183.0,,84655,555,189.7,190.0,182.3
2023-03-30,0.0,0.0,186.0,98.95,53351,445,189.0,189.0,184.0
2023-03-29,0.5,0.27,186.0,,62357,446,187.9,187.9,182.1
2023-03-28,3.5,1.92,185.5,,76039,491,185.6,187.9,184.0
2023-03-27,-1.9,-1.03,182.0,,102412,650,183.1,185.9,182.0
2023-03-26,-2.1,-1.13,183.9,,79302,601,188.6,188.6,183.0
2023-03-23,-1.9,-1.01,186.0,,119328,684,189.9,189.9,184.0
2023-03-22,-0.2,-0.11,187.9,,89332,550,190.0,192.9,186.0
2023-03-20,1.1,0.59,188.1,,65565,472,189.7,189.9,186.5
2023-03-19,-0.2,-0.11,187.0,,70476,477,190.0,190.0,186.0
2023-03-16,2.0,1.08,187.2,,79373,474,188.9,189.0,184.0
2023-03-15,-1.2,-0.64,185.2,,86059,577,185.1,189.9,184.1
2023-03-14,-1.1,-0.59,186.4,,114448,735,183.8,189.9,183.8
2023-03-13,-3.4,-1.78,187.5,,78219,523,192.0,192.0,187.0
2023-03-12,-2.0,-1.04,190.9,,80911,610,195.9,195.9,190.0
2023-03-09,4.3,2.28,192.9,,92131,573,189.0,194.8,189.0
2023-03-07,0.2,0.11,188.6,,97487,527,189.0,191.9,187.1
2023-03-05,-2.6,-1.36,188.4,,64855,578,194.0,194.9,188.4
2023-03-02,-3.0,-1.55,191.0,,75249,569,193.1,194.2,191.0
2023-03-01,-1.2,-0.61,194.0,,72908,576,195.0,199.0,193.1
2023-02-28,-1.8,-0.91,195.2,,71406,577,198.0,199.0,194.3
2023-02-27,1.8,0.92,197.0,,102829,717,197.0,201.0,193.0
2023-02-26,-4.3,-2.16,195.2,,148048,915,200.0,200.0,192.1
2023-02-23,-4.5,-2.21,199.5,,183925,1130,204.0,204.0,197.0
2023-02-22,-5.42,-2.59,204.0,,227497,1481,210.0,210.0,199.0
2023-01-08,0.0,-0.28,210.4,,171512,0,211.0,213.9,208.9
2023-01-05,0.0,-0.47,211.0,,89850,0,215.0,216.2,210.0
2023-01-04,0.0,0.95,212.0,,86600,0,212.0,213.0,209.0
2023-01-03,0.0,-0.94,210.0,,88647,0,215.0,215.0,207.0
2023-01-02,0.0,-0.24,212.0,,35977,0,212.5,216.0,210.0
2023-01-01,0.0,-0.65,212.5,,59062,0,210.1,217.7,210.1
2022-12-29,0.0,1.91,213.9,,114945,0,211.0,213.9,207.6
2022-12-28,0.0,-1.92,209.9,,37458,0,216.0,217.0,209.0
2022-12-27,0.0,3.38,214.0,,103327,0,210.1,216.0,210.0
2022-12-26,0.0,4.28,207.0,,51530,0,201.4,207.9,200.1
2022-12-22,0.0,0.0,198.5,,33057,0,201.4,201.4,198.0
2022-12-21,0.0,-0.75,198.5,,25652,0,201.0,201.0,197.1
2022-12-20,0.0,0.7,200.0,,31289,0,200.0,201.0,197.1
2022-12-19,0.0,-1.68,198.6,,70195,0,202.0,202.0,197.5
2022-12-18,0.0,-1.7,202.0,,66218,0,205.5,205.5,200.0
2022-12-15,0.0,-1.2,205.5,,42309,0,208.0,208.9,205.0
2022-12-14,0.0,-1.89,208.0,,37002,0,212.9,213.0,207.5
2022-12-13,0.0,-0.93,212.0,,26556,0,214.0,214.5,209.0
2022-12-12,0.0,-0.09,214.0,,97560,0,214.2,214.2,206.0
2022-12-11,0.0,-3.25,214.2,,89079,0,221.0,221.0,213.7
2022-12-07,0.0,-9.29,221.4,,143676,0,240.0,240.0,220.0
2022-06-15,0.0,-2.78,251.4,,100402,0,255.5,255.5,250.3
2022-06-14,0.0,-2.42,258.6,,58879,0,264.0,265.0,258.0
2022-06-13,0.0,0.0,265.0,,49030,0,262.2,268.0,262.0
2022-06-10,0.0,-0.38,265.0,,20911,0,271.3,271.3,262.0
2022-06-09,0.0,-1.12,266.0,,47917,0,272.0,278.0,265.0
2022-06-08,0.0,3.78,269.0,,36354,0,260.0,272.0,259.1
2022-06-07,0.0,-2.92,259.2,,48288,0,267.0,267.0,259.0
2022-06-06,0.0,-3.61,267.0,,87401,0,278.0,278.0,264.3
2022-06-03,0.0,-3.15,277.0,,72933,0,281.0,284.0,276.0
2022-06-02,0.0,-0.69,286.0,,22711,0,290.0,290.0,285.1
2022-06-01,0.0,0.0,288.0,,20698,0,288.0,291.0,286.0
2022-05-31,0.0,-0.35,288.0,,55529,0,289.0,291.0,283.0
2022-05-30,0.0,-2.03,289.0,,22857,0,298.0,298.0,288.1
2022-05-27,0.0,0.34,295.0,,20133,0,299.8,299.8,295.0
2022-05-26,0.0,0.68,294.0,,24167,0,297.8,297.8,291.0
2022-05-25,0.0,0.07,292.0,,21657,0,297.6,297.6,292.0
2022-05-24,0.0,0.55,291.8,,32119,0,296.0,296.0,288.2
2022-05-23,0.0,-1.79,290.2,,35619,0,301.4,301.4,290.0
2022-05-20,0.0,-0.61,295.5,,17663,0,298.0,298.0,294.0
2022-05-19,0.0,-0.23,297.3,,16983,0,300.0,301.0,297.0
2022-05-18,0.0,0.0,298.0,,25793,0,295.0,298.0,294.0
2022-05-17,0.0,-2.68,297.9,,28933,0,300.0,305.0,297.1
2022-05-12,0.0,-1.07,306.1,,31763,0,315.0,315.0,306.1
2022-05-11,0.0,3.13,309.4,,36557,0,303.0,309.4,303.0
2022-05-10,0.0,1.69,300.0,,28122,0,295.0,300.0,295.0
2022-05-09,0.0,1.37,295.0,,40987,0,296.8,300.0,295.0
2022-05-08,0.0,-0.34,291.0,,32298,0,292.0,297.8,289.0
2022-05-05,0.0,-1.25,292.0,,53888,0,293.0,296.0,290.1
2022-05-04,0.0,-0.77,295.7,,29714,0,303.9,303.9,294.0
2022-05-02,0.0,-0.7,298.0,,33869,0,300.0,305.0,297.0
2022-04-28,0.0,0.03,300.1,,30035,0,306.0,306.0,300.0
2022-04-27,0.0,-0.33,300.0,,25579,0,300.0,301.0,298.0
2022-04-26,0.0,-1.38,301.0,,39807,0,302.0,305.0,299.7
2022-04-25,0.0,-1.52,305.2,,49502,0,313.0,316.0,303.0
2022-04-24,0.0,3.65,309.9,,59408,0,304.9,310.1,300.0
2022-04-21,0.0,0.95,299.0,,49014,0,298.0,302.0,295.0
2022-04-20,0.0,-0.74,296.2,,48109,0,304.3,304.3,296.1
2022-04-19,0.0,1.32,298.4,,48144,0,300.0,300.1,289.1
2022-04-18,0.0,-1.51,294.5,,104591,0,298.0,302.0,293.0
2022-04-17,0.0,-0.23,299.0,,32489,0,305.6,305.6,298.6
2022-04-13,0.0,0.91,299.7,,38449,0,300.0,302.0,295.3
2022-04-12,0.0,-0.37,297.0,,48490,0,303.0,303.0,295.0
2022-04-11,0.0,-2.26,298.1,,59353,0,310.0,315.0,298.0
2022-04-07,0.0,2.49,305.0,,129878,0,300.0,308.0,299.0
2022-04-06,0.0,-1.46,297.6,,57277,0,300.0,304.0,296.5
2022-04-05,0.0,-1.98,302.0,,104083,0,314.2,314.2,298.9
2022-04-04,0.0,-0.45,308.1,,54524,0,315.6,315.6,308.0
2022-04-03,0.0,-1.75,309.5,,53555,0,315.0,315.0,309.1
2022-03-31,0.0,-0.32,315.0,,30992,0,318.0,319.5,314.0
2022-03-30,0.0,0.35,316.0,,48857,0,315.0,316.0,311.5
2022-03-29,0.0,-0.03,314.9,,231439,0,313.0,316.8,313.0
2022-03-28,0.0,0.29,315.0,,69034,0,315.0,317.0,311.1
2022-03-27,0.0,-1.54,314.1,,93646,0,320.0,322.0,313.0
2022-03-24,0.0,-1.48,319.0,,66199,0,321.0,321.0,317.1
2022-03-23,0.0,-0.06,323.8,,49200,0,321.1,325.0,320.1
2022-03-22,0.0,0.93,324.0,,66868,0,326.0,326.0,320.0
2022-03-21,0.0,1.26,321.0,,136093,0,322.0,322.0,313.8
2022-03-20,0.0,-1.86,317.0,,127227,0,323.0,326.0,315.0
2022-03-16,0.0,-0.62,323.0,,173201,0,320.0,326.4,319.9
2022-03-15,0.0,-0.61,325.0,,122178,0,326.2,331.9,322.6
2022-03-14,0.0,-0.3,327.0,,64442,0,328.0,334.5,324.5
2022-03-13,0.0,3.14,328.0,,197486,0,320.0,329.0,318.0
2022-03-10,0.0,1.6,318.0,,70598,0,314.0,319.0,309.1
2022-03-09,0.0,-1.26,313.0,,55375,0,320.0,320.0,310.0
2022-03-07,0.0,0.96,317.0,,55835,0,314.0,322.0,314.0
2022-03-06,0.0,0.64,314.0,,68311,0,315.0,318.0,310.0
2022-03-02,0.0,-2.19,312.0,,88088,0,315.0,319.0,310.0
2022-02-28,0.0,-2.0,319.0,,80315,0,332.0,332.0,318.5
2022-02-27,0.0,-0.61,325.5,,79757,0,321.0,330.0,321.0
2022-02-24,0.0,-1.95,327.5,,82995,0,330.0,332.0,325.0
2022-02-23,0.0,-1.04,334.0,,32583,0,338.0,338.0,333.1
2022-02-22,0.0,1.35,337.5,,37572,0,336.0,341.0,336.0
2022-02-21,0.0,0.6,333.0,,33171,0,330.0,336.0,330.0
2022-02-20,0.0,-1.78,331.0,,50996,0,331.0,334.5,325.0
2022-02-17,0.0,0.0,337.0,,31479,0,338.0,340.0,336.0
2022-02-16,0.0,-1.66,337.0,,32736,0,345.0,345.0,336.2
2022-02-15,0.0,1.39,342.7,,56237,0,340.0,342.7,335.0
2022-02-14,0.0,0.0,338.0,,63977,0,338.0,350.0,335.0
2022-02-13,0.0,-3.84,338.0,,107422,0,345.0,346.0,335.0
2022-02-10,0.0,-1.65,351.5,,40366,0,355.0,358.0,351.0
2022-02-09,0.0,-1.0,357.4,,63925,0,361.0,361.0,356.1
2022-02-08,0.0,0.0,361.0,,95513,0,365.0,375.0,358.7
2022-02-07,0.0,0.28,360.0,,84287,0,358.0,364.0,357.0
2022-02-06,0.0,-1.1,359.0,,107445,0,359.0,361.0,355.0
2022-02-03,0.0,-0.82,363.0,,102527,0,370.0,370.0,361.1
2022-02-01,0.0,0.55,366.0,,101715,0,364.0,367.0,360.0
2022-01-31,0.0,-0.27,364.0,,91300,0,372.3,372.3,360.1
2022-01-30,0.0,2.96,365.0,,151363,0,361.5,373.3,361.0
2022-01-27,0.0,0.14,354.5,,98860,0,351.0,356.1,350.2
2022-01-26,0.0,-1.67,354.0,,121297,0,364.9,364.9,351.6
2022-01-25,0.0,1.41,360.0,,184172,0,362.1,365.0,348.0
2022-01-24,0.0,-2.47,355.0,,320833,0,371.2,371.2,349.9
2022-01-23,0.0,6.74,364.0,,468687,0,347.8,372.0,347.8
2022-01-20,0.0,-0.55,341.0,,72596,0,344.0,344.0,338.0
2022-01-19,0.0,0.85,342.9,,116982,0,346.8,352.0,340.0
2022-01-18,0.0,1.49,340.0,,163491,0,335.0,350.0,334.2
2022-01-17,0.0,0.93,335.0,,124003,0,335.0,338.0,331.2
2022-01-16,0.0,1.81,331.9,,189009,0,326.0,338.0,328.0
2022-01-13,0.0,1.56,326.0,,65532,0,320.0,326.0,320.0
2022-01-12,0.0,-1.53,321.0,,88713,0,326.0,331.0,321.0
2022-01-11,0.0,-0.31,326.0,,98026,0,327.0,330.0,324.0
2022-01-10,0.0,-1.51,327.0,,127855,0,333.4,338.0,325.0
2022-01-09,0.0,0.61,332.0,,142518,0,334.9,337.0,329.9
2022-01-06,0.0,3.09,330.0,,95091,0,320.0,332.0,315.0
2022-01-05,0.0,-1.81,320.1,,145665,0,326.0,331.0,317.0
2022-01-04,0.0,8.59,326.0,,193324,0,302.0,326.0,300.0
2022-01-03,0.0,0.07,300.2,,81164,0,306.0,306.0,300.0
2022-01-02,0.0,0.37,300.0,,51165,0,304.8,304.8,298.0
2021-12-29,0.0,0.3,298.9,,39784,0,298.0,300.0,296.0
2021-12-28,0.0,-1.29,298.0,,42744,0,302.0,302.0,295.9
2021-12-27,0.0,-1.66,301.9,,70874,0,311.0,311.0,300.0
2021-12-26,0.0,1.32,307.0,,69000,0,306.0,308.0,305.0
2021-12-23,0.0,0.66,303.0,,53063,0,307.0,307.0,301.0
2021-12-22,0.0,1.01,301.0,,88589,0,303.9,304.8,299.0
2021-12-21,0.0,1.02,298.0,,45100,0,295.0,300.0,295.0
2021-12-20,0.0,-0.84,295.0,,40837,0,303.4,303.4,294.0
2021-12-16,0.0,-0.17,297.5,,45859,0,300.0,302.0,295.0
2021-12-15,0.0,1.02,298.0,,107988,0,300.0,317.0,295.0
2021-12-14,0.0,4.42,295.0,,36286,0,288.0,295.0,286.3
2021-12-13,0.0,-1.22,282.5,,109906,0,285.0,285.0,275.0
2021-12-12,0.0,-3.87,286.0,,123530,0,298.0,302.0,284.1
2021-12-09,0.0,0.17,297.5,,59027,0,297.0,300.0,295.0
2021-12-08,0.0,-1.98,297.0,,48654,0,305.0,308.0,297.0
2021-12-07,0.0,0.33,303.0,,95092,0,306.0,315.0,302.0
2021-12-06,0.0,-0.66,302.0,,161939,0,301.0,306.0,289.0
2021-12-05,0.0,-1.94,304.0,,81412,0,310.0,312.0,300.0
2021-12-02,0.0,-1.62,310.0,,78872,0,318.0,320.0,307.0
2021-12-01,0.0,-0.44,315.1,,66799,0,315.0,320.0,315.0
2021-11-30,0.0,-2.28,316.5,,61405,0,325.0,330.0,313.0
2021-11-29,0.0,-2.44,323.9,,69047,0,332.0,332.0,318.0
2021-11-28,0.0,-0.76,365.2,,224928,0,368.0,372.0,364.0
2021-11-25,0.0,0.27,368.0,,63100,0,370.0,370.0,365.5
2021-11-24,0.0,-1.61,367.0,,73232,0,380.0,380.0,363.0
2021-11-23,0.0,-1.06,373.0,,58119,0,377.0,379.0,372.0
2021-11-22,0.0,0.08,377.0,,40354,0,380.0,380.0,375.2
2021-11-21,0.0,1.54,376.7,,59246,0,378.0,378.0,373.0
2021-11-18,0.0,-1.2,371.0,,45387,0,370.0,377.0,370.0
2021-11-17,0.0,0.81,375.5,,45205,0,372.5,380.0,372.5
2021-11-16,0.0,0.68,372.5,,66706,0,372.0,373.0,370.0
2021-11-15,0.0,0.3,370.0,,35401,0,372.0,375.5,369.0
2021-11-14,0.0,-1.63,368.9,,50305,0,375.0,375.0,368.0
2021-11-11,0.0,-1.32,375.0,,77293,0,380.0,382.0,373.0
2021-11-09,0.0,-2.26,380.0,,60254,0,386.0,387.0,378.0
2021-11-08,0.0,-0.08,388.8,,32764,0,395.0,395.0,388.0
2021-11-03,0.0,-0.15,389.1,,57598,0,393.0,393.8,388.0
2021-11-02,0.0,-0.43,389.7,,44210,0,392.0,396.0,387.0
2021-11-01,0.0,0.36,391.4,,74217,0,397.8,403.0,389.0
2021-10-31,0.0,-1.07,390.0,,105469,0,396.0,398.0,388.1
2021-10-28,0.0,-0.71,394.2,,52170,0,399.1,400.0,392.0
2021-10-27,0.0,-0.5,397.0,,84449,0,392.7,403.0,392.7
2021-10-26,0.0,3.64,399.0,,81262,0,389.9,402.0,389.0
2021-10-25,0.0,2.94,385.0,,53313,0,375.0,385.0,374.0
2021-10-24,0.0,0.13,374.0,,52510,0,378.0,379.0,371.0
2021-10-21,0.0,-1.71,373.5,,70120,0,381.0,385.0,373.4
2021-10-20,0.0,1.88,380.0,,77505,0,380.4,388.0,375.0
2021-10-19,0.0,-4.09,373.0,,144512,0,388.0,388.0,363.0
2021-10-18,0.0,-2.65,388.9,,86933,0,399.5,399.5,385.0
2021-10-17,0.0,-0.5,399.5,,60212,0,405.0,409.0,395.2
2021-10-11,0.0,-3.25,401.5,,178797,0,406.7,406.7,390.7
2021-10-10,0.0,0.73,415.0,,70759,0,420.0,424.9,413.0
2021-10-06,0.0,2.49,412.0,,66148,0,407.0,423.0,407.0
2021-10-05,0.0,1.31,402.0,,48186,0,397.0,404.6,397.0
2021-10-04,0.0,-1.27,396.8,,108780,0,400.0,403.0,393.9
2021-10-03,0.0,-1.5,401.9,,84589,0,408.0,410.0,400.0
2021-09-30,0.0,-0.73,408.0,,70553,0,412.0,418.0,402.0
2021-09-29,0.0,0.54,411.0,,99368,0,416.9,416.9,400.0
2021-09-28,0.0,-3.36,408.8,,177197,0,420.0,425.0,405.0
2021-09-27,0.0,-3.31,423.0,,112692,0,446.0,446.0,421.0
2021-09-26,0.0,-1.24,437.5,,131200,0,450.0,458.8,437.3
2021-09-23,0.0,3.26,443.0,,201067,0,437.5,461.0,436.0
2021-09-22,0.0,4.15,429.0,,96634,0,415.0,429.0,415.0
2021-09-21,0.0,0.46,411.9,,171775,0,410.0,421.0,395.1
2021-09-20,0.0,-3.76,410.0,,197206,0,425.4,426.0,409.0
2021-09-16,0.0,-1.84,426.0,,200460,0,430.0,435.0,422.0
2021-09-15,0.0,-1.16,434.0,,95221,0,443.0,443.0,433.5
2021-09-14,0.0,-0.66,439.1,,109950,0,443.0,444.0,437.0
2021-09-13,0.0,0.45,442.0,,121092,0,445.0,447.0,438.3
2021-09-12,0.0,0.76,440.0,,109006,0,440.5,444.0,437.0
2021-09-09,0.0,0.51,436.7,,150336,0,440.0,442.9,432.0
2021-09-08,0.0,-2.58,434.5,,246710,0,444.0,445.0,429.0
2021-09-07,0.0,-0.89,446.0,,178853,0,459.0,464.9,444.0
2021-09-06,0.0,4.26,450.0,,168371,0,431.6,450.0,427.0
2021-09-05,0.0,-2.79,431.6,,231166,0,444.0,447.0,424.0
2021-09-02,0.0,-1.33,444.0,,131824,0,457.0,457.0,442.0
2021-09-01,0.0,1.12,450.0,,173017,0,445.0,457.0,444.3
2021-08-31,0.0,-0.65,445.0,,214326,0,450.1,458.0,439.1
2021-08-29,0.0,-2.42,447.9,,219374,0,461.0,462.0,447.9
2021-08-26,0.0,-0.86,459.0,,253991,0,465.0,472.0,455.0
2021-08-25,0.0,-1.91,463.0,,157376,0,465.0,474.0,460.0
2021-08-24,0.0,-1.15,472.0,,157506,0,480.0,485.0,472.0
2021-08-19,0.0,-1.42,477.5,,225740,0,485.0,490.0,477.0
2021-08-18,0.0,-0.47,484.4,,243716,0,486.0,490.0,478.0
2021-08-17,0.0,-1.36,486.7,,278898,0,503.2,503.2,485.0
2021-08-16,0.0,1.21,493.4,,442292,0,497.2,503.0,489.0
2021-08-15,0.0,0.72,487.5,,397940,0,484.0,502.0,479.0
2021-08-12,0.0,-0.21,484.0,,193675,0,485.0,489.0,475.0
2021-08-11,0.0,-0.86,483.8,,146882,0,493.5,497.6,483.0
2021-08-10,0.0,1.67,488.0,,280112,0,480.0,493.0,478.1
2021-08-09,0.0,-0.41,480.0,,202869,0,485.0,485.0,478.1
2021-08-08,0.0,-0.21,482.0,,182326,0,490.0,490.0,480.1
2021-08-05,0.0,0.21,483.0,,147479,0,484.0,487.0,480.2
2021-08-04,0.0,0.08,482.0,,166445,0,485.5,485.5,480.1
2021-08-03,0.0,-0.48,481.6,,150950,0,488.0,488.0,480.0
2021-08-02,0.0,-0.12,483.9,,159839,0,490.0,490.0,481.0
2021-08-01,0.0,-0.19,484.5,,191345,0,490.0,492.0,483.0
2021-07-29,0.0,-0.74,485.4,,230224,0,498.7,498.7,482.1
2021-07-28,0.0,-0.81,489.0,,217816,0,499.0,499.0,485.1
2021-07-27,0.0,-0.18,493.0,,459493,0,485.0,495.0,470.4
2021-07-26,0.0,-1.22,493.9,,606992,0,505.0,510.0,492.0
2021-07-25,0.0,5.04,500.0,,996032,0,485.0,503.0,485.0
2021-07-22,0.0,1.28,476.0,,395044,0,477.0,478.0,467.1
2021-07-20,0.0,0.0,470.0,,218572,0,470.0,476.0,463.0
2021-07-19,0.0,2.33,470.0,,514974,0,468.0,479.5,464.0
2021-07-18,0.0,4.15,459.3,,275134,0,448.0,460.0,445.0
2021-07-15,0.0,0.23,441.0,,130473,0,445.0,446.0,439.0
2021-07-14,0.0,-0.68,440.0,,86671,0,448.0,448.0,440.0
2021-07-13,0.0,0.23,443.0,,96251,0,440.0,446.0,438.0
2021-07-12,0.0,-1.34,442.0,,180547,0,455.0,455.0,438.0
2021-07-11,0.0,2.52,448.0,,153926,0,440.0,448.0,440.0
2021-07-08,0.0,0.46,437.0,,123669,0,435.0,438.0,434.0
2021-07-07,0.0,0.0,435.0,,98945,0,417.0,441.0,417.0
2021-07-06,0.0,0.0,435.0,,76600,0,435.0,438.0,434.0
2021-07-05,0.0,0.0,435.0,,96710,0,436.0,438.0,434.0
2021-07-04,0.0,-0.23,435.0,,124184,0,436.0,440.0,434.0
2021-07-01,0.0,0.0,436.0,,85041,0,440.0,444.0,436.0
2021-06-30,0.0,-0.46,436.0,,110066,0,459.0,459.0,433.0
2021-06-29,0.0,-1.13,438.0,,128533,0,460.0,460.0,436.0
2021-06-28,0.0,0.91,443.0,,131115,0,460.0,460.0,441.0
2021-06-27,0.0,0.92,439.0,,226747,0,436.0,444.0,433.0
2021-06-24,0.0,-0.68,435.0,,147509,0,440.0,442.0,433.0
2021-06-23,0.0,-1.35,438.0,,147691,0,444.0,450.0,437.0
2021-06-22,0.0,2.07,444.0,,233469,0,434.0,445.0,432.0
2021-06-21,0.0,-1.81,435.0,,259109,0,445.0,448.0,435.0
2021-06-20,0.0,-1.34,443.0,,426346,0,471.0,471.0,439.0
2021-06-17,0.0,-0.88,449.0,,284677,0,453.0,458.0,447.0
2021-06-16,0.0,-0.66,453.0,,243809,0,455.0,463.0,450.0
2021-06-15,0.0,0.0,456.0,,474077,0,460.0,465.0,455.0
2021-06-14,0.0,2.01,456.0,,536563,0,445.0,463.0,445.0
2021-06-13,0.0,-0.22,447.0,,322265,0,452.0,452.0,441.0
2021-06-10,0.0,-1.32,448.0,,291373,0,454.0,460.0,445.0
2021-06-09,0.0,-0.01,454.0,,242778,0,460.0,463.0,450.0
2021-06-08,0.0,0.44,458.0,,365267,0,460.0,460.0,451.0
2021-06-07,0.0,-1.94,456.0,,426535,0,472.0,474.0,452.0
2021-06-06,0.0,3.33,465.0,,775363,0,455.0,478.0,455.0
2021-06-03,0.0,2.74,450.0,,447801,0,439.0,457.0,439.0
2021-06-02,0.0,0.0,438.0,,145074,0,440.0,443.0,435.0
2021-06-01,0.0,-0.9,438.0,,157634,0,443.0,443.0,432.0
2021-05-31,0.0,-1.12,442.0,,200539,0,450.0,452.0,440.0
2021-05-30,0.0,0.9,447.0,,278405,0,447.0,451.0,441.0
2021-05-27,0.0,-1.12,443.0,,263669,0,445.0,449.0,436.0
2021-05-25,0.0,-1.32,448.0,,202744,0,465.0,465.0,444.0
2021-05-24,0.0,1.79,454.0,,446696,0,450.0,460.0,449.0
2021-05-23,0.0,1.36,446.0,,254827,0,439.0,446.0,429.0
2021-05-20,0.0,0.46,440.0,,173200,0,445.0,445.0,439.0
2021-05-19,0.0,0.46,438.0,,204916,0,436.0,448.0,436.0
2021-05-18,0.0,0.0,436.0,,202555,0,440.0,440.0,433.0
2021-05-17,0.0,0.23,436.0,,177433,0,445.0,445.0,434.0
2021-05-16,0.0,1.64,435.0,,183194,0,430.0,436.0,428.0
2021-05-13,0.0,0.23,428.0,,133521,0,448.0,448.0,426.0
2021-05-12,0.0,-0.47,427.0,,73277,0,434.0,434.0,425.0
2021-05-11,0.0,0.23,429.0,,85214,0,428.0,431.0,426.0
2021-05-10,0.0,0.94,428.0,,81948,0,424.0,428.0,421.0
2021-05-09,0.0,-0.24,424.0,,140603,0,425.0,430.0,421.0
2021-05-06,0.0,-0.23,425.0,,174044,0,430.0,434.0,421.0
2021-05-05,0.0,-0.23,426.0,,110023,0,426.0,433.0,424.0
2021-05-04,0.0,-0.47,427.0,,134177,0,429.0,435.0,425.0
2021-05-03,0.0,-0.69,429.0,,192066,0,434.0,440.0,427.0
2021-05-02,0.0,1.17,432.0,,274897,0,430.0,432.0,425.0
2021-04-29,0.0,0.23,427.0,,141913,0,434.0,434.0,424.0
2021-04-28,0.0,-0.47,426.0,,252825,0,431.0,438.0,423.0
2021-04-27,0.0,3.37,429.0,,191176,0,402.0,429.0,402.0
2021-04-26,0.0,-3.04,415.0,,294548,0,428.0,429.0,415.0
2021-04-25,0.0,-2.51,428.0,,265083,0,439.0,440.0,424.0
2021-04-22,0.0,0.23,439.0,,229924,0,440.0,440.0,431.0
2021-04-21,0.0,-1.13,438.0,,194399,0,442.0,445.0,435.0
2021-04-20,0.0,-0.45,443.0,,157937,0,465.0,465.0,438.0
2021-04-19,0.0,-1.11,445.0,,342531,0,450.0,456.0,441.0
2021-04-18,0.0,-2.17,450.0,,406321,0,483.0,483.0,449.0
2021-04-15,0.0,2.0,459.0,,438732,0,450.0,465.0,450.0
2021-04-13,0.0,1.58,450.0,,306161,0,430.0,450.0,430.0
2021-04-12,0.0,0.0,443.0,,199233,0,445.0,450.0,442.0
2021-04-08,0.0,0.0,443.0,,168674,0,422.0,449.0,422.0
2021-04-07,0.0,0.0,443.0,,155887,0,465.0,465.0,440.0
2021-04-06,0.0,0.0,443.0,,181930,0,444.0,446.0,439.0
2021-04-05,0.0,-1.12,443.0,,236415,0,455.0,455.0,441.0
2021-04-04,0.0,2.52,448.0,,323071,0,444.0,450.0,440.0
2021-04-01,0.0,-0.23,437.0,,171798,0,440.0,444.0,434.0
2021-03-31,0.0,3.06,438.0,,254465,0,428.0,439.0,425.0
2021-03-30,0.0,0.24,425.0,,162645,0,430.0,430.0,422.0
2021-03-29,0.0,-0.93,424.0,,135978,0,431.0,431.0,423.0
2021-03-25,0.0,-0.47,428.0,,179692,0,432.0,435.0,427.0
2021-03-24,0.0,0.23,430.0,,206453,0,430.0,436.0,429.0
2021-03-23,0.0,-0.69,429.0,,154692,0,453.0,453.0,427.0
2021-03-22,0.0,-1.37,432.0,,163519,0,459.0,459.0,430.0
2021-03-21,0.0,0.92,438.0,,193175,0,455.0,455.0,428.0
2021-03-18,0.0,1.16,434.0,,166100,0,450.0,450.0,425.0
2021-03-17,0.0,1.9,429.0,,173780,0,428.0,430.0,420.0
2021-03-16,0.0,0.24,421.0,,185465,0,441.0,441.0,418.0
2021-03-15,0.0,-1.87,420.0,,236501,0,431.0,431.0,415.0
2021-03-14,0.0,-2.95,428.0,,373544,0,462.0,462.0,426.0
2021-03-10,0.0,-1.34,441.0,,149324,0,447.0,452.0,432.0
2021-03-09,0.0,-3.25,447.0,,243133,0,485.0,485.0,442.0
2021-03-08,0.0,3.82,462.0,,386533,0,453.0,462.0,434.0
2021-03-04,0.0,3.73,445.0,,393831,0,430.0,466.0,430.0
2021-03-03,0.0,-2.05,429.0,,429910,0,440.0,440.0,421.0
2021-03-02,0.0,-2.23,438.0,,362094,0,454.0,456.0,434.0
2021-03-01,0.0,0.0,448.0,,521116,0,438.0,451.0,427.0
2021-02-28,0.0,-5.6,438.0,,765812,0,464.0,473.0,435.0
2021-02-25,0.0,0.0,464.0,,371637,0,485.0,485.0,460.0
2021-02-24,0.0,0.84,478.0,,426557,0,485.0,487.0,472.0
2021-02-23,0.0,-1.86,474.0,,633534,0,487.0,487.0,460.0
2021-02-22,0.0,1.68,483.0,,626623,0,480.0,483.0,465.0
2021-02-21,0.0,-0.02,475.0,,647439,0,490.0,499.0,470.0
2021-02-18,0.0,-0.03,486.0,,546302,0,512.0,522.0,485.0
2021-02-17,0.0,0.0,500.0,,734565,0,500.0,506.0,485.0
2021-02-16,0.0,0.05,498.0,,853669,0,499.0,506.0,484.0
2021-02-15,0.0,0.08,476.0,,1010700,0,448.0,477.0,448.0
2021-02-14,0.0,-0.02,441.0,,436688,0,455.0,460.0,434.0
2021-02-11,0.0,0.01,452.0,,610999,0,455.0,464.0,449.0
2021-02-10,0.0,0.06,448.0,,1171020,0,425.0,456.0,415.0
2021-02-09,0.0,0.01,417.0,,458621,0,420.0,432.0,416.0
2021-02-08,0.0,0.04,414.0,,698258,0,405.0,420.0,400.0
2021-02-07,0.0,0.0,400.0,,736035,0,408.0,410.0,396.0
2021-02-04,0.0,0.0,400.0,,514761,0,400.0,405.0,393.0
2021-02-03,0.0,0.05,400.0,,1391600,0,391.0,416.0,389.0
2021-02-02,0.0,0.09,381.0,,1453470,0,350.0,382.0,350.0
2021-02-01,0.0,0.04,348.0,,448830,0,330.0,351.0,330.0
2021-01-31,0.0,-0.02,334.0,,194084,0,341.0,344.0,333.0
2021-01-28,0.0,0.02,341.0,,573234,0,350.0,350.0,336.0
2021-01-27,0.0,-0.01,334.0,,161821,0,339.0,339.0,333.0
2021-01-26,0.0,0.0,336.0,,192160,0,353.0,353.0,334.0
2021-01-25,0.0,0.01,337.0,,259608,0,351.0,351.0,333.0
2021-01-24,0.0,0.01,335.0,,214742,0,335.0,340.0,332.0
2021-01-21,0.0,0.0,332.0,,210724,0,335.0,335.0,330.0
2021-01-20,0.0,0.0,333.0,,149578,0,350.0,350.0,328.0
2021-01-19,0.0,-0.01,334.0,,215792,0,350.0,350.0,333.0
2021-01-18,0.0,0.0,336.0,,220997,0,338.0,339.0,335.0
2021-01-17,0.0,-0.01,336.0,,249522,0,345.0,345.0,334.0
2021-01-13,0.0,0.0,339.0,,191805,0,345.0,345.0,338.0
2021-01-12,0.0,0.01,340.0,,165810,0,345.0,345.0,334.0
2021-01-11,0.0,0.03,338.0,,432542,0,335.0,345.0,333.0
2021-01-10,0.0,0.04,328.0,,434030,0,321.0,329.0,317.0
2021-01-07,0.0,0.0,315.0,,186361,0,315.0,318.0,313.0
2021-01-06,0.0,0.0,315.0,,128949,0,315.0,317.0,312.0
2021-01-05,0.0,-0.01,314.0,,113673,0,320.0,322.0,312.0
2021-01-04,0.0,-0.01,318.0,,185178,0,325.0,330.0,315.0
2021-01-03,0.0,0.04,320.0,,266110,0,312.0,320.0,309.0
2020-12-31,0.0,0.01,309.0,,284887,0,308.0,312.0,302.0
2020-12-30,0.0,0.0,306.0,,290146,0,310.0,310.0,300.0
2020-12-29,0.0,-0.01,350.0,,669605,0,359.0,359.0,347.0
2020-12-28,0.0,0.0,353.0,,362278,0,354.0,360.0,347.0
2020-12-27,0.0,-0.02,352.0,,430457,0,360.0,360.0,351.0
2020-12-24,0.0,0.03,359.0,,376008,0,350.0,359.0,347.0
2020-12-23,0.0,0.01,348.0,,330689,0,360.0,360.0,347.0
2020-12-22,0.0,0.03,343.0,,293192,0,347.0,347.0,337.0
2020-12-21,0.0,0.02,333.0,,405009,0,320.0,337.0,307.0
2020-12-20,0.0,-0.04,327.0,,312013,0,340.0,340.0,325.0
2020-12-17,0.0,-0.01,339.0,,159315,0,342.0,344.0,338.0
2020-12-16,0.0,0.01,342.0,,157586,0,340.0,342.0,337.0
2020-12-15,0.0,-0.01,339.0,,205468,0,358.0,358.0,338.0
2020-12-14,0.0,0.01,341.0,,203129,0,352.0,352.0,337.0
2020-12-13,0.0,0.02,336.0,,171383,0,329.0,339.0,329.0
2020-12-10,0.0,0.0,329.0,,174717,0,331.0,334.0,325.0
2020-12-09,0.0,-0.03,330.0,,254829,0,337.0,339.0,328.0
2020-12-08,0.0,0.0,339.0,,209162,0,355.0,355.0,335.0
2020-12-07,0.0,0.03,339.0,,311868,0,329.0,345.0,322.0
2020-12-06,0.0,-0.05,329.0,,351637,0,345.0,352.0,328.0
2020-12-03,0.0,-0.02,345.0,,340902,0,357.0,367.0,344.0
2020-12-02,0.0,0.01,353.0,,289141,0,355.0,358.0,348.0
2020-12-01,0.0,-0.03,349.0,,379380,0,367.0,369.0,339.0
2020-11-30,0.0,0.03,360.0,,729305,0,366.0,383.0,355.0
2020-11-29,0.0,0.1,349.0,,813142,0,320.0,349.0,320.0
2020-11-26,0.0,0.02,318.0,,319855,0,314.0,320.0,312.0
2020-11-25,0.0,0.01,311.0,,182242,0,313.0,313.0,308.0
2020-11-24,0.0,0.0,307.0,,190821,0,309.0,312.0,307.0
2020-11-23,0.0,0.01,308.0,,254274,0,304.0,310.0,304.0
2020-11-22,0.0,0.01,304.0,,323417,0,305.0,309.0,301.0
2020-11-19,0.0,0.0,300.0,,257825,0,314.0,314.0,299.0
2020-11-18,0.0,0.0,300.0,,261887,0,300.0,301.0,297.0
2020-11-12,0.0,0.0,295.0,,214419,0,300.0,300.0,293.0
2020-11-11,0.0,0.0,293.0,,149499,0,294.0,295.0,292.0
2020-11-10,0.0,0.0,293.0,,115373,0,295.0,295.0,292.0
2020-11-09,0.0,-0.34,293.0,,141559,0,292.0,295.0,292.0
2020-11-08,0.0,0.68,294.0,,168722,0,294.0,295.0,292.0
2020-11-05,0.0,-0.34,292.0,,140170,0,294.0,295.0,291.0
2020-11-04,0.0,-0.34,293.0,,84418,0,308.0,308.0,291.0
2020-11-03,0.0,1.03,294.0,,107926,0,278.0,297.0,278.0
2020-11-02,0.0,-2.02,291.0,,233052,0,283.0,297.0,283.0
2020-11-01,0.0,-0.67,297.0,,304607,0,305.0,305.0,294.0
2020-10-29,0.0,-0.66,299.0,,402254,0,305.0,307.0,297.0
2020-10-28,0.0,4.51,301.0,,690710,0,302.0,302.0,297.0
2020-10-22,0.0,2.13,288.0,,263183,0,290.0,290.0,284.0
2020-10-21,0.0,2.17,282.0,,162105,0,280.0,282.0,277.0
2020-10-20,0.0,0.36,276.0,,42566,0,277.0,278.0,274.0
2020-10-19,0.0,1.1,275.0,,49944,0,274.0,275.0,272.0
2020-10-18,0.0,0.0,272.0,,50963,0,275.0,281.0,271.0
2020-10-15,0.0,0.37,272.0,,80395,0,274.0,275.0,271.0
2020-10-14,0.0,-0.37,271.0,,59518,0,285.0,285.0,271.0
2020-10-13,0.0,0.0,272.0,,68373,0,277.0,277.0,272.0
2020-10-12,0.0,0.37,272.0,,107604,0,269.0,274.0,269.0
2020-10-11,0.0,-1.45,271.0,,93944,0,270.0,279.0,270.0
2020-10-08,0.0,-0.36,275.0,,141927,0,276.0,279.0,273.0
2020-10-07,0.0,0.36,276.0,,147512,0,277.0,277.0,274.0
2020-10-06,0.0,-0.72,275.0,,70165,0,279.0,279.0,275.0
2020-10-05,0.0,-0.72,277.0,,109828,0,281.0,283.0,276.0
2020-10-04,0.0,2.57,279.0,,193130,0,277.0,285.0,274.0
2020-10-01,0.0,2.64,272.0,,106995,0,272.0,272.0,265.0
2020-09-30,0.0,-1.12,265.0,,71296,0,270.0,270.0,264.0
2020-09-29,0.0,-0.74,268.0,,51044,0,270.0,270.0,267.0
2020-09-28,0.0,-0.37,270.0,,88230,0,268.0,274.0,268.0
2020-09-27,0.0,0.74,271.0,,97643,0,280.0,280.0,268.0
2020-09-24,0.0,0.0,269.0,,61519,0,269.0,270.0,266.0
2020-09-23,0.0,0.0,269.0,,72433,0,268.0,270.0,265.0
2020-09-22,0.0,-1.82,269.0,,116532,0,274.0,275.0,268.0
2020-09-21,0.0,0.74,274.0,,167601,0,273.0,276.0,268.0
2020-09-20,0.0,1.12,272.0,,172128,0,282.0,282.0,269.0
2020-09-17,0.0,2.28,269.0,,126666,0,274.0,274.0,263.0
2020-09-16,0.0,-0.75,263.0,,54621,0,265.0,265.0,261.0
2020-09-15,0.0,0.38,265.0,,83711,0,265.0,269.0,263.0
2020-09-14,0.0,0.38,264.0,,218057,0,263.0,266.0,260.0
2020-09-13,0.0,0.0,263.0,,77174,0,264.0,267.0,260.0
2020-09-10,0.0,1.15,263.0,,43558,0,265.0,268.0,260.0
2020-09-09,0.0,0.0,260.0,,77492,0,260.0,263.0,259.0
2020-09-08,0.0,-1.14,260.0,,63629,0,270.0,270.0,259.0
2020-09-07,0.0,-1.13,263.0,,95833,0,268.0,269.0,260.0
2020-09-06,0.0,0.38,266.0,,200434,0,278.0,278.0,265.0
2020-09-03,0.0,0.38,265.0,,185244,0,270.0,274.0,263.0
2020-09-02,0.0,3.53,264.0,,197596,0,265.0,265.0,258.0
2020-08-31,0.0,0.39,255.0,,128239,0,256.0,256.0,253.0
2020-08-30,0.0,-0.78,254.0,,84053,0,256.0,257.0,252.0
2020-08-27,0.0,-0.78,256.0,,81338,0,263.0,263.0,255.0
2020-08-26,0.0,1.98,258.0,,117579,0,255.0,258.0,253.0
2020-08-25,0.0,0.4,253.0,,110349,0,256.0,256.0,251.0
2020-08-24,0.0,0.0,252.0,,472810,0,256.0,256.0,247.0
2020-08-23,0.0,0.4,252.0,,41731,0,254.0,254.0,250.0
2020-08-20,0.0,0.0,251.0,,41101,0,254.0,254.0,250.0
2020-08-19,0.0,-1.18,251.0,,105861,0,256.0,256.0,249.0
2020-08-18,0.0,0.4,254.0,,188369,0,254.0,256.0,250.0
2020-08-17,0.0,0.4,253.0,,156576,0,252.0,254.0,250.0
2020-08-16,0.0,-0.79,252.0,,101086,0,254.0,254.0,246.0
2020-08-13,0.0,-0.78,254.0,,64084,0,258.0,258.0,252.0
2020-08-12,0.0,-0.39,256.0,,42504,0,255.0,259.0,255.0
2020-08-11,0.0,0.39,257.0,,71461,0,260.0,265.0,256.0
2020-08-10,0.0,2.4,256.0,,79380,0,245.0,258.0,245.0
2020-08-09,0.0,1.21,250.0,,61119,0,247.0,250.0,243.0
2020-08-06,0.0,-0.4,247.0,,75238,0,249.0,249.0,243.0
2020-08-05,0.0,-1.2,248.0,,67749,0,255.0,255.0,246.0
2020-08-03,0.0,0.4,251.0,,76236,0,250.0,257.0,244.0
2020-08-02,0.0,-3.47,250.0,,124306,0,259.0,259.0,250.0
2020-07-30,0.0,0.0,259.0,,80628,0,264.0,264.0,256.0
2020-07-29,0.0,-1.15,259.0,,79091,0,263.0,264.0,258.0
2020-07-28,0.0,-1.87,262.0,,78945,0,266.0,271.0,262.0
2020-07-27,0.0,0.0,267.0,,83902,0,269.0,270.0,263.0
2020-07-26,0.0,1.52,267.0,,74489,0,268.0,270.0,261.0
2020-07-23,0.0,0.38,263.0,,58403,0,259.0,265.0,258.0
2020-07-22,0.0,-3.32,262.0,,97385,0,272.0,275.0,260.0
2020-07-21,0.0,-0.37,271.0,,98529,0,285.0,285.0,265.0
2020-07-20,0.0,3.42,272.0,,323732,0,276.0,289.0,268.0
2020-07-19,0.0,3.95,263.0,,130,0,258.0,263.0,258.0
2020-07-16,0.0,5.86,253.0,,100134,0,243.0,255.0,243.0
2020-07-15,0.0,-0.83,239.0,,70406,0,241.0,244.0,239.0
2020-07-14,0.0,0.0,241.0,,76311,0,245.0,245.0,238.0
2020-07-13,0.0,0.84,241.0,,57463,0,240.0,245.0,237.0
2020-07-12,0.0,-1.65,239.0,,185612,0,247.0,247.0,236.0
2020-07-09,0.0,0.0,243.0,,43252,0,243.0,246.0,240.0
2020-07-08,0.0,-0.82,243.0,,44731,0,248.0,251.0,241.0
2020-07-07,0.0,1.66,245.0,,68615,0,241.0,250.0,241.0
2020-07-06,0.0,2.99,241.0,,49878,0,237.0,242.0,235.0
2020-07-05,0.0,-1.68,234.0,,95126,0,238.0,242.0,226.0
2020-07-02,0.0,-9.51,238.0,,54657,0,268.0,268.0,237.0
2020-07-01,0.0,7.79,263.0,,24105,0,249.0,265.0,249.0
2020-06-30,0.0,7.02,244.0,,22351,0,224.0,244.0,221.0
2020-06-29,0.0,-2.56,228.0,,66325,0,230.0,230.0,211.0
2020-05-13,0.0,-2.9,234.0,,282,0,239.0,239.0,234.0
2020-05-12,0.0,-2.82,241.0,,871,0,244.0,244.0,241.0
2020-03-22,0.0,-2.75,248.0,,20871,0,258.0,260.0,248.0
2020-03-19,0.0,0.39,255.0,,152312,0,249.0,258.0,236.0
2020-03-18,0.0,-1.93,254.0,,161717,0,259.0,259.0,249.0
2020-03-17,0.0,-2.26,259.0,,133400,0,264.0,266.0,258.0
2020-03-16,0.0,-0.38,265.0,,131315,0,271.0,271.0,260.0
2020-03-15,0.0,-2.92,266.0,,166996,0,275.0,275.0,266.0
2020-03-12,0.0,-2.14,274.0,,163351,0,281.0,281.0,273.0
2020-03-11,0.0,3.7,280.0,,191117,0,275.0,285.0,268.0
2020-03-10,0.0,-5.59,270.0,,167615,0,286.0,286.0,270.0
2020-03-05,0.0,-0.69,286.0,,208951,0,290.0,290.0,285.0
2020-03-04,0.0,-4.0,288.0,,258628,0,300.0,305.0,285.0
2020-03-03,0.0,0.0,300.0,,321160,0,300.0,307.0,290.0
2020-03-02,0.0,-3.85,300.0,,247421,0,307.0,313.0,296.0
2020-03-01,0.0,1.96,312.0,,821022,0,306.0,325.0,307.0
2020-02-27,0.0,3.38,306.0,,385364,0,295.0,309.0,292.0
2020-02-26,0.0,1.37,296.0,,262409,0,290.0,299.0,290.0
2020-02-25,0.0,0.0,292.0,,126206,0,306.0,306.0,288.0
2020-02-24,0.0,-1.68,292.0,,306383,0,297.0,302.0,290.0
2020-02-23,0.0,4.95,297.0,,254005,0,281.0,300.0,281.0
2020-02-20,0.0,-0.35,283.0,,146755,0,284.0,286.0,281.0
2020-02-19,0.0,-0.7,284.0,,94212,0,289.0,289.0,283.0
2020-02-18,0.0,0.0,286.0,,110095,0,290.0,291.0,284.0
2020-02-17,0.0,2.88,286.0,,127999,0,279.0,291.0,278.0
2020-02-16,0.0,0.72,278.0,,61469,0,276.0,280.0,275.0
2020-02-13,0.0,-1.08,276.0,,83237,0,281.0,282.0,276.0
2020-02-12,0.0,-0.71,279.0,,101537,0,286.0,286.0,279.0
2020-02-11,0.0,0.0,281.0,,98692,0,280.0,284.0,280.0
2020-02-10,0.0,-0.35,281.0,,69987,0,283.0,284.0,280.0
2020-02-09,0.0,-0.35,282.0,,125577,0,284.0,286.0,280.0
2020-02-06,0.0,-1.05,283.0,,86132,0,286.0,287.0,282.0
2020-02-05,0.0,-0.35,286.0,,75127,0,288.0,289.0,285.0
2020-02-04,0.0,-0.69,287.0,,130237,0,303.0,303.0,285.0
2020-02-03,0.0,-0.34,289.0,,173488,0,295.0,295.0,288.0
2020-02-02,0.0,0.35,290.0,,167316,0,290.0,295.0,289.0
2020-01-30,0.0,0.35,289.0,,156185,0,290.0,290.0,286.0
2020-01-29,0.0,-0.69,288.0,,118782,0,291.0,292.0,286.0
2020-01-28,0.0,-1.69,290.0,,341189,0,300.0,300.0,289.0
2020-01-27,0.0,2.08,295.0,,180162,0,289.0,297.0,288.0
2020-01-26,0.0,-2.36,289.0,,201028,0,293.0,295.0,289.0
2020-01-23,0.0,-2.95,296.0,,522413,0,310.0,310.0,294.0
2020-01-22,0.0,0.33,305.0,,1977590,0,319.0,331.0,304.0
2020-01-21,0.0,9.75,304.0,,128791,0,282.0,304.7,282.0
2020-01-20,0.0,9.72,277.0,,929,0,245.0,277.0,245.0
2019-07-04,0.0,-0.67,295.0,,32830,0,305.0,305.0,293.0
2019-07-03,0.0,1.02,297.0,,50134,0,298.0,298.0,292.0
2019-07-02,0.0,-1.01,294.0,,37017,0,295.0,296.0,292.0
2019-07-01,0.0,-0.67,297.0,,27413,0,298.0,299.0,296.0
2019-06-30,0.0,-1.64,299.0,,28909,0,301.0,303.0,299.0
2019-06-27,0.0,0.66,304.0,,23269,0,303.0,306.0,302.0
2019-06-26,0.0,-1.31,302.0,,11742,0,305.0,305.0,301.0
2019-06-25,0.0,0.0,306.0,,24634,0,308.0,308.0,304.0
2019-06-24,0.0,2.0,306.0,,42428,0,298.0,306.0,298.0
2019-06-23,0.0,0.0,300.0,,42038,0,300.0,301.0,298.0
2019-06-20,0.0,1.01,300.0,,28075,0,298.0,305.0,296.0
2019-06-19,0.0,0.0,297.0,,16688,0,297.0,297.0,295.0
2019-06-18,0.0,0.34,297.0,,6615,0,298.0,300.0,296.0
2019-06-17,0.0,0.0,296.0,,19924,0,300.0,300.0,294.0
2019-06-16,0.0,-0.67,296.0,,23759,0,297.0,300.0,295.0
2019-06-13,0.0,-0.67,298.0,,11270,0,298.0,300.0,297.0
2019-06-12,0.0,0.67,300.0,,14160,0,300.0,301.0,297.0
2019-06-11,0.0,-1.0,298.0,,27791,0,306.0,306.0,298.0
2019-06-10,0.0,-0.33,301.0,,50523,0,303.0,304.0,299.0
2019-06-06,0.0,-0.66,302.0,,20199,0,303.0,304.0,301.0
2019-06-04,0.0,0.33,304.0,,32054,0,303.0,308.0,303.0
2019-06-03,0.0,-1.3,303.0,,18349,0,307.0,309.0,303.0
2019-06-02,0.0,-0.65,307.0,,12872,0,310.0,311.0,305.0
2019-05-30,0.0,0.98,309.0,,79389,0,310.0,320.0,309.0
2019-05-29,0.0,0.0,306.0,,12510,0,310.0,310.0,306.0
2019-05-28,0.0,-0.33,306.0,,12909,0,303.0,310.0,305.0
2019-05-27,0.0,0.66,307.0,,19596,0,305.0,308.0,303.0
2019-05-26,0.0,0.33,305.0,,32579,0,310.0,310.0,305.0
2019-05-23,0.0,-1.94,304.0,,38543,0,311.0,311.0,304.0
2019-05-22,0.0,0.32,310.0,,20296,0,308.0,310.0,308.0
2019-05-21,0.0,-0.32,309.0,,22203,0,308.0,311.0,308.0
2019-05-20,0.0,0.0,310.0,,12290,0,315.0,315.0,309.0
2019-05-19,0.0,-0.32,310.0,,24590,0,310.0,312.0,309.0
2019-05-16,0.0,-0.96,311.0,,30283,0,317.0,319.0,310.0
2019-05-15,0.0,0.64,314.0,,43584,0,312.0,318.0,312.0
2019-05-14,0.0,0.65,312.0,,17184,0,310.0,314.0,309.0
2019-05-13,0.0,-0.64,310.0,,21558,0,310.0,314.0,310.0
2019-05-12,0.0,0.65,312.0,,69577,0,310.0,312.0,307.0
2019-05-09,0.0,-1.27,310.0,,33941,0,314.0,314.0,309.0
2019-05-08,0.0,0.64,314.0,,15311,0,312.0,315.0,312.0
2019-05-07,0.0,-0.32,312.0,,20887,0,313.0,317.0,312.0
2019-05-06,0.0,0.97,313.0,,30421,0,310.0,314.0,308.0
2019-05-05,0.0,-0.96,310.0,,43924,0,310.0,315.0,310.0
2019-05-02,0.0,0.0,313.0,,24251,0,313.0,316.0,308.0
2019-04-30,0.0,0.0,313.0,,49707,0,315.0,321.0,311.0
2019-04-29,0.0,-0.63,313.0,,37817,0,315.0,319.0,310.0
2019-04-28,0.0,-2.17,315.0,,66194,0,327.0,327.0,313.0
2019-04-25,0.0,0.62,322.0,,90375,0,321.0,329.0,319.0
2019-04-24,0.0,5.96,320.0,,227460,0,297.0,324.0,297.0
2019-04-23,0.0,1.68,302.0,,53672,0,297.0,302.0,295.0
2019-04-22,0.0,-1.66,297.0,,79205,0,307.0,308.0,292.0
2019-04-21,0.0,2.72,302.0,,52760,0,295.0,302.0,291.0
2019-04-18,0.0,2.8,294.0,,72939,0,291.0,300.0,287.0
2019-04-17,0.0,1.42,286.0,,60675,0,282.0,290.0,280.0
2019-04-16,0.0,4.06,282.0,,33102,0,272.0,282.0,272.0
2019-04-15,0.0,0.0,271.0,,5575,0,272.0,273.0,271.0
2019-04-11,0.0,-0.37,271.0,,20410,0,272.0,273.0,271.0
2019-04-10,0.0,0.37,272.0,,24412,0,273.0,276.0,271.0
2019-04-09,0.0,-1.81,271.0,,39643,0,278.0,278.0,271.0
2019-04-08,0.0,-0.72,276.0,,54696,0,278.0,284.0,275.0
2019-04-07,0.0,2.21,278.0,,26194,0,275.0,279.0,266.0
2019-04-04,0.0,1.87,272.0,,36987,0,265.0,274.0,265.0
2019-04-03,0.0,-0.37,267.0,,21473,0,267.0,271.0,264.0
2019-04-02,0.0,1.52,268.0,,12895,0,266.0,269.0,264.0
2019-04-01,0.0,1.15,264.0,,8317,0,261.0,269.0,261.0
2019-03-31,0.0,0.0,261.0,,6901,0,261.0,263.0,260.0
2019-03-28,0.0,-0.38,261.0,,22818,0,259.0,262.0,259.0
2019-03-27,0.0,0.38,262.0,,4716,0,261.0,263.0,260.0
2019-03-26,0.0,-0.38,261.0,,8077,0,262.0,264.0,260.0
2019-03-25,0.0,0.77,262.0,,10239,0,260.0,262.0,259.0
2019-03-24,0.0,-0.76,260.0,,22338,0,263.0,263.0,259.0
2019-03-21,0.0,-0.76,262.0,,6910,0,262.0,263.0,260.0
2019-03-19,0.0,-1.49,264.0,,4975,0,266.0,266.0,263.0
2019-03-18,0.0,-0.74,268.0,,6596,0,270.0,270.0,267.0
2019-03-17,0.0,1.12,270.0,,9719,0,270.0,270.0,267.0
2019-03-14,0.0,0.38,267.0,,6169,0,266.0,270.0,266.0
2019-03-13,0.0,-1.11,267.0,,31583,0,274.0,274.0,267.0
2019-03-12,0.0,1.89,270.0,,40085,0,267.0,271.0,264.0
2019-03-11,0.0,0.76,265.0,,8348,0,264.0,265.0,260.0
2019-03-10,0.0,0.0,264.0,,2053,0,264.0,264.0,261.0
2019-03-09,0.0,0.0,264.0,,2053,0,264.0,264.0,261.0
2019-03-07,0.0,1.15,264.0,,6764,0,261.0,265.0,260.0
2019-03-06,0.0,0.38,261.0,,7998,0,259.0,261.0,259.0
2019-03-05,0.0,0.78,260.0,,8168,0,256.0,261.0,256.0
2019-03-03,0.0,-0.77,258.0,,9983,0,262.0,262.0,257.0
2019-02-27,0.0,1.17,260.0,,9381,0,257.0,261.0,257.0
2019-02-26,0.0,-1.15,257.0,,5250,0,263.0,263.0,257.0
2019-02-25,0.0,1.17,260.0,,6543,0,257.0,260.0,255.0
2019-02-24,0.0,-1.15,257.0,,7532,0,265.0,265.0,257.0
2019-02-21,0.0,0.39,260.0,,3452,0,262.0,262.0,256.0
2019-02-20,0.0,-1.15,259.0,,6426,0,260.0,264.0,259.0
2019-02-19,0.0,0.77,262.0,,7100,0,258.0,262.0,257.0
2019-02-18,0.0,-0.38,260.0,,6817,0,259.0,261.0,256.0
2019-02-17,0.0,0.77,261.0,,2409,0,260.0,261.0,259.0
2019-02-14,0.0,-1.15,259.0,,8517,0,265.0,265.0,258.0
2019-02-13,0.0,-0.38,262.0,,4404,0,266.0,266.0,260.0
2019-02-12,0.0,0.77,263.0,,5061,0,265.0,265.0,261.0
2019-02-11,0.0,-0.38,261.0,,5589,0,260.0,265.0,260.0
2019-02-10,0.0,-0.76,262.0,,10520,0,268.0,268.0,261.0
2019-02-07,0.0,-0.38,264.0,,4405,0,268.0,270.0,262.0
2019-02-06,0.0,-0.38,265.0,,9548,0,263.0,266.0,263.0
2019-02-05,0.0,0.76,266.0,,9849,0,264.0,270.0,262.0
2019-02-04,0.0,-0.38,264.0,,6545,0,268.0,268.0,263.0
2019-02-03,0.0,-1.85,265.0,,21859,0,266.0,278.0,265.0
2019-01-31,0.0,0.75,270.0,,14459,0,268.0,274.0,268.0
2019-01-30,0.0,2.29,268.0,,13549,0,262.0,268.0,260.0
2019-01-29,0.0,0.0,262.0,,8936,0,262.0,263.0,260.0
2019-01-28,0.0,0.38,262.0,,8553,0,261.0,264.0,260.0
2019-01-27,0.0,-0.76,261.0,,15771,0,263.0,263.0,260.0
2019-01-24,0.0,-0.75,263.0,,13792,0,265.0,266.0,261.0
2019-01-23,0.0,0.76,265.0,,3202,0,263.0,265.0,263.0
2019-01-22,0.0,0.77,263.0,,6171,0,261.0,266.0,259.0
2019-01-21,0.0,-1.88,261.0,,17771,0,266.0,267.0,259.0
2019-01-20,0.0,-0.75,266.0,,1000,0,268.0,268.0,264.0
2019-01-17,0.0,0.37,268.0,,4500,0,267.0,269.0,266.0
2019-01-16,0.0,-0.74,267.0,,7759,0,269.0,270.0,264.0
2019-01-15,0.0,-0.37,269.0,,6634,0,270.0,272.0,269.0
2019-01-14,0.0,0.0,270.0,,4417,0,270.0,271.0,269.0
2019-01-13,0.0,0.37,270.0,,8261,0,269.0,273.0,268.0
2019-01-10,0.0,0.0,269.0,,8535,0,269.0,272.0,269.0
2019-01-09,0.0,0.0,269.0,,9532,0,269.0,271.0,269.0
2019-01-08,0.0,0.0,269.0,,9291,0,269.0,279.0,269.0
2019-01-07,0.0,0.0,269.0,,3881,0,269.0,270.0,268.0
2019-01-06,0.0,0.37,269.0,,6574,0,268.0,270.0,266.0
2019-01-03,0.0,-0.74,268.0,,7625,0,270.0,275.0,268.0
2019-01-02,0.0,-0.74,270.0,,14853,0,272.0,273.0,270.0
2019-01-01,0.0,-1.09,272.0,,6979,0,275.0,278.0,272.0
2018-12-31,0.0,-2.14,275.0,,27384,0,281.0,286.0,275.0
2018-12-30,0.0,0.61,281.0,,45201,0,279.31,284.0,279.0
2018-12-27,0.0,-1.22,324.0,,161819,0,328.0,336.0,324.0
2018-12-26,0.0,2.18,328.0,,70717,0,321.0,331.0,320.0
2018-12-25,0.0,0.31,321.0,,29469,0,320.0,323.0,320.0
2018-12-24,0.0,-0.93,320.0,,63519,0,323.0,325.0,319.0
2018-12-23,0.0,1.57,323.0,,58274,0,318.0,330.0,318.0
2018-12-20,0.0,0.63,318.0,,46980,0,316.0,321.0,316.0
2018-12-19,0.0,0.0,316.0,,21890,0,316.0,319.0,313.0
2018-12-18,0.0,-1.25,316.0,,58163,0,320.0,326.0,316.0
2018-12-17,0.0,-0.62,318.0,,29110,0,320.0,323.0,317.0
2018-12-16,0.0,0.63,320.0,,22252,0,318.0,322.0,317.0
2018-12-13,0.0,0.32,318.0,,18842,0,317.0,319.0,316.0
2018-12-12,0.0,0.63,317.0,,3521,0,315.0,317.0,314.0
2018-12-11,0.0,-0.63,315.0,,17474,0,317.0,318.0,315.0
2018-12-10,0.0,0.0,317.0,,119217,0,317.0,319.0,315.0
2018-12-09,0.0,0.96,317.0,,16030,0,314.0,318.0,314.0
2018-12-06,0.0,0.64,314.0,,57215,0,312.0,316.0,308.0
2018-12-04,0.0,2.93,316.0,,108401,0,307.0,320.0,304.0
2018-12-03,0.0,1.66,307.0,,19941,0,302.0,309.0,302.0
2018-12-02,0.0,-1.63,302.0,,63621,0,307.0,307.0,300.0
2018-11-29,0.0,-0.32,307.0,,9111,0,308.0,309.0,307.0
2018-11-28,0.0,-0.96,308.0,,25997,0,311.0,312.0,306.0
2018-11-27,0.0,-0.9,311.0,,7127,0,313.82,315.0,310.0
2018-11-26,0.0,1.29,314.0,,45636,0,310.0,314.0,308.0
2018-11-25,0.0,-0.32,310.0,,3361,0,311.0,312.0,310.0
2018-11-22,0.0,-0.64,311.0,,5479,0,313.0,315.0,311.0
2018-11-21,0.0,0.0,313.0,,56591,0,313.0,313.0,309.0
2018-11-20,0.0,-0.95,313.0,,5005,0,316.0,316.0,313.0
2018-11-19,0.0,0.32,316.0,,8638,0,315.0,316.0,311.0
2018-11-18,0.0,0.32,315.0,,10341,0,314.0,317.0,313.0
2018-11-15,0.0,-0.95,314.0,,13666,0,317.0,318.0,314.0
2018-11-14,0.0,0.63,317.0,,4658,0,315.0,318.0,314.0
2018-11-05,0.0,2.25,318.0,,16784,0,308.0,321.0,308.0
2018-11-04,0.0,-0.32,311.0,,6404,0,315.0,315.0,310.0
2018-11-01,0.0,-0.32,312.0,,29070,0,315.0,315.0,310.0
2018-10-31,0.0,0.0,312.0,,6845,0,310.0,313.0,310.0
2018-10-30,0.0,0.64,312.0,,18460,0,310.0,313.0,310.0
2018-10-29,0.0,-0.96,311.0,,8899,0,311.0,312.0,309.0
2018-10-28,0.0,-1.57,314.0,,75372,0,320.0,320.0,310.0
2018-10-25,0.0,-0.31,319.0,,9252,0,317.0,320.0,316.0
2018-10-24,0.0,0.95,320.0,,13431,0,317.0,320.0,315.0
2018-10-23,0.0,-0.31,317.0,,6845,0,318.0,318.0,314.0
2018-10-22,0.0,0.0,318.0,,1937,0,317.0,318.0,316.0
2018-10-21,0.0,0.0,318.0,,4941,0,317.0,319.0,317.0
2018-10-15,0.0,0.31,318.0,,14713,0,318.0,319.0,315.0
2018-10-14,0.0,0.32,318.0,,2332,0,316.0,319.0,316.0
2018-10-11,0.0,1.28,316.0,,8159,0,310.0,316.0,310.0
2018-10-10,0.0,-1.27,312.0,,11171,0,312.0,314.0,311.0
2018-10-09,0.0,0.32,316.0,,21631,0,313.0,318.0,313.0
2018-10-08,0.0,1.61,315.0,,16000,0,311.0,315.0,310.0
2018-10-07,0.0,-1.27,310.0,,29811,0,312.0,313.0,310.0
2018-10-04,0.0,0.0,314.0,,23101,0,319.0,319.0,312.0
2018-10-03,0.0,-0.63,314.0,,36170,0,316.0,319.0,312.0
2018-10-02,0.0,0.0,316.0,,115797,0,317.0,320.0,315.0
2018-10-01,0.0,-1.25,316.0,,14798,0,320.0,320.0,315.0
2018-09-30,0.0,-0.62,320.0,,202822,0,321.0,322.0,318.0
2018-09-27,0.0,-0.62,322.0,,18347,0,320.0,325.0,320.0
2018-09-26,0.0,-0.61,324.0,,36674,0,328.0,329.0,322.0
2018-09-25,0.0,1.24,326.0,,54246,0,324.0,332.0,323.0
2018-09-23,0.0,1.9,322.0,,201838,0,316.0,325.0,314.0
2018-09-20,0.0,-0.31,316.0,,14965,0,323.0,323.0,315.0
2018-09-18,0.0,-0.63,317.0,,18324,0,322.0,322.0,317.0
2018-09-17,0.0,-1.85,321.0,,26225,0,330.0,330.0,317.0
2018-09-16,0.0,2.2,325.0,,66770,0,324.0,331.0,320.0
2018-09-13,0.0,0.63,318.0,,56529,0,320.0,321.0,317.0
2018-09-12,0.0,2.6,316.0,,118794,0,311.0,316.0,307.0
2018-09-11,0.0,0.98,308.0,,15578,0,311.0,311.0,302.0
2018-09-10,0.0,-0.33,305.0,,68132,0,312.0,312.0,301.0
2018-09-09,0.0,-0.65,306.0,,39758,0,307.0,310.0,306.0
2018-09-06,0.0,0.0,309.0,,40065,0,315.0,320.0,308.0
2018-09-05,0.0,1.31,309.0,,44022,0,310.0,320.0,305.0
2018-09-04,0.0,0.0,305.0,,21409,0,309.0,309.0,300.0
2018-09-03,0.0,1.67,305.0,,27171,0,301.0,307.0,301.0
2018-09-02,0.0,1.35,300.0,,18043,0,300.0,303.0,296.0
2018-08-30,0.0,1.02,296.0,,3421,0,292.0,299.0,291.0
2018-08-29,0.0,-0.68,293.0,,11161,0,290.0,297.0,292.0
2018-08-28,0.0,0.34,295.0,,6173,0,294.0,299.0,292.0
2018-08-26,0.0,0.0,294.0,,11066,0,290.0,299.0,290.0
2018-08-23,0.0,0.0,294.0,,18802,0,290.0,295.0,290.0
2018-08-22,0.0,0.0,294.0,,16354,0,290.0,294.0,290.0
2018-08-21,0.0,-2.0,294.0,,39965,0,296.0,299.0,290.0
2018-08-20,0.0,1.69,300.0,,22500,0,295.0,300.0,291.0
2018-08-19,0.0,-1.67,295.0,,27052,0,304.0,304.0,295.0
2018-08-16,0.0,0.0,300.0,,19896,0,303.0,303.0,295.0
2018-08-15,0.0,1.69,300.0,,41825,0,300.0,303.0,292.0
2018-08-14,0.0,1.37,295.0,,14185,0,296.0,296.0,288.0
2018-08-13,0.0,1.75,291.0,,9845,0,291.0,294.0,288.0
2018-08-12,0.0,-1.38,286.0,,18636,0,290.0,293.0,286.0
2018-08-09,0.0,-1.69,290.0,,15897,0,296.0,299.0,290.0
2018-08-08,0.0,0.34,295.0,,9677,0,294.0,295.0,293.0
2018-08-07,0.0,-0.34,294.0,,12539,0,300.0,300.0,294.0
2018-08-06,0.0,0.0,295.0,,9287,0,299.0,299.0,293.0
2018-08-05,0.0,0.68,295.0,,8898,0,293.0,296.0,292.0
2018-08-02,0.0,2.45,293.0,,37623,0,287.0,294.0,287.0
2018-08-01,0.0,0.35,286.0,,2329,0,290.0,290.0,286.0
2018-07-31,0.0,0.0,285.0,,13292,0,290.0,295.0,284.0
2018-07-30,0.0,-1.04,286.0,,5764,0,285.0,290.0,284.0
2018-07-29,0.0,0.35,288.0,,5401,0,287.0,288.0,284.0
2018-07-26,0.0,0.7,287.0,,11903,0,290.0,290.0,284.0
2018-07-25,0.0,-0.7,286.0,,2159,0,289.0,290.0,285.0
2018-07-24,0.0,0.0,287.0,,8501,0,292.0,292.0,287.0
2018-07-23,0.0,0.7,287.0,,19973,0,285.0,287.0,284.0
2018-07-22,0.0,-1.72,285.0,,4826,0,291.0,291.0,285.0
2018-07-19,0.0,0.0,290.0,,5000,0,290.0,293.0,287.0
2018-07-18,0.0,0.0,290.0,,5339,0,289.0,292.0,289.0
2018-07-17,0.0,0.0,291.0,,10504,0,290.0,293.0,289.0
2018-07-16,0.0,0.35,290.0,,30735,0,286.0,293.0,286.0
2018-07-15,0.0,1.76,289.0,,3469,0,285.0,290.0,283.0
2018-07-12,0.0,-1.39,284.0,,24565,0,286.0,289.0,281.0
2018-07-11,0.0,-2.37,288.0,,13780,0,295.0,296.0,288.0
2018-07-10,0.0,1.72,295.0,,16726,0,288.0,299.0,288.0
2018-07-09,0.0,0.35,285.0,,4597,0,290.0,290.0,285.0
2018-07-08,0.0,-0.34,289.0,,15280,0,289.0,294.0,289.0
2018-07-05,0.0,2.11,290.0,,12677,0,284.0,290.0,280.0
2018-07-04,0.0,0.71,284.0,,9276,0,283.0,285.0,280.0
2018-07-03,0.0,-0.7,282.0,,2693,0,281.0,288.0,280.0
2018-07-02,0.0,2.45,293.0,,37623,0,287.0,294.0,287.0
2018-07-01,0.0,0.35,286.0,,2329,0,290.0,290.0,286.0
2018-06-28,0.0,0.35,289.0,,7302,0,286.0,289.0,285.0
2018-06-27,0.0,0.7,288.0,,7890,0,283.0,288.0,282.0
2018-06-26,0.0,-1.38,286.0,,14436,0,288.0,290.0,285.0
2018-06-25,0.0,0.35,290.0,,4993,0,290.0,290.0,287.0
2018-06-24,0.0,-0.34,289.0,,5871,0,293.0,294.0,288.0
2018-06-21,0.0,-0.34,290.0,,4480,0,292.0,294.0,288.0
2018-06-20,0.0,0.34,291.0,,1963,0,291.0,293.0,289.0
2018-06-19,0.0,-2.03,290.0,,12431,0,298.0,298.0,286.0
2018-06-18,0.0,0.68,296.0,,7305,0,294.0,296.0,290.0
2018-06-17,0.0,-1.01,294.0,,6440,0,298.0,298.0,294.0
2018-06-14,0.0,0.68,297.0,,8129,0,294.0,300.0,294.0
2018-06-13,0.0,-1.67,295.0,,3797,0,298.0,298.0,294.0
2018-06-12,0.0,0.0,300.0,,26745,0,302.0,302.0,293.0
2018-06-11,0.0,2.74,297.0,,20637,0,292.0,300.0,290.0
2018-06-10,0.0,-2.67,293.0,,18772,0,300.0,300.0,292.0
2018-06-07,0.0,0.0,300.0,,19322,0,299.0,304.0,296.0
2018-06-06,0.0,0.0,300.0,,3325,0,306.0,307.0,300.0
2018-06-04,0.0,0.0,300.0,,10887,0,301.0,304.0,300.0
2018-06-03,0.0,-0.99,300.0,,26812,0,304.0,308.0,298.0
2018-05-31,0.0,-1.62,303.0,,12517,0,310.0,310.0,303.0
2018-05-30,0.0,0.65,308.0,,6429,0,306.0,314.0,306.0
2018-05-29,0.0,-1.61,306.0,,19753,0,310.0,310.0,305.0
2018-05-28,0.0,2.98,311.0,,48292,0,302.0,311.0,300.0
2018-05-27,0.0,-0.33,302.0,,153022,0,303.0,305.0,300.0
2018-05-24,0.0,-1.62,303.0,,25104,0,308.0,309.0,303.0
2018-05-23,0.0,-0.65,308.0,,6727,0,307.0,310.0,306.0
2018-05-22,0.0,0.32,310.0,,6424,0,310.0,312.0,310.0
2018-05-21,0.0,-0.64,309.0,,9475,0,310.0,312.0,309.0
2018-05-20,0.0,0.0,311.0,,7961,0,315.0,317.0,310.0
2018-05-17,0.0,-0.32,311.0,,23164,0,312.0,314.0,311.0
2018-05-16,0.0,-0.32,312.0,,25182,0,312.0,313.0,310.0
2018-05-15,0.0,-0.63,313.0,,6113,0,320.0,320.0,310.0
2018-05-14,0.0,0.0,315.0,,8337,0,310.0,316.0,310.0
2018-05-10,0.0,-0.63,315.0,,19477,0,317.0,321.0,314.0
2018-05-09,0.0,0.0,317.0,,4214,0,317.0,321.0,312.0
2018-05-08,0.0,0.96,317.0,,11969,0,314.0,318.0,313.0
2018-05-07,0.0,-0.32,314.0,,12044,0,314.0,316.0,312.0
2018-05-06,0.0,-1.56,315.0,,11432,0,317.0,319.0,314.0
2018-05-03,0.0,0.0,320.0,,31502,0,317.0,321.0,317.0
2018-05-02,0.0,0.95,320.0,,8317,0,317.0,320.0,315.0
2018-04-29,0.0,-0.63,317.0,,14957,0,315.0,320.0,315.0
2018-04-26,0.0,-0.62,319.0,,28633,0,325.0,327.0,318.0
2018-04-25,0.0,-0.93,321.0,,66710,0,321.0,324.0,319.0
2018-04-24,0.0,-0.61,325.0,,20005,0,326.0,330.0,321.0
2018-04-23,0.0,-3.55,326.0,,53010,0,335.0,344.0,325.0
2018-04-22,0.0,3.05,338.0,,60206,0,328.0,340.0,328.0
2018-04-19,0.0,2.82,328.0,,69015,0,316.0,329.0,316.0
2018-04-18,0.0,1.59,319.0,,67775,0,317.0,330.0,314.0
2018-04-17,0.0,1.62,314.0,,28055,0,309.0,316.0,309.0
2018-04-16,0.0,0.0,309.0,,10002,0,314.0,314.0,309.0
2018-04-15,0.0,-0.64,309.0,,8128,0,311.0,317.0,306.0
2018-04-12,0.0,0.32,311.0,,11123,0,311.0,315.0,309.0
2018-04-11,0.0,0.32,310.0,,15697,0,310.0,311.0,307.0
2018-04-10,0.0,-0.64,310.0,,10553,0,313.0,315.0,307.0
2018-04-09,0.0,-1.58,311.0,,27498,0,320.0,320.0,311.0
2018-04-08,0.0,2.6,316.0,,57494,0,313.0,323.0,308.0
2018-04-05,0.0,0.65,308.0,,43893,0,312.0,312.0,302.0
2018-04-04,0.0,2.0,306.0,,32476,0,300.0,306.0,300.0
2018-04-03,0.0,0.0,300.0,,22483,0,299.0,301.0,295.0
2018-04-02,0.0,0.33,300.0,,6300,0,295.0,300.0,295.0
2018-04-01,0.0,-1.64,299.0,,17951,0,303.0,303.0,293.0
2018-03-29,0.0,1.33,304.0,,24595,0,300.0,305.0,300.0
2018-03-28,0.0,-0.66,300.0,,18946,0,306.0,312.0,295.0
2018-03-27,0.0,2.72,303.0,,17995,0,294.0,305.0,285.0
2018-03-26,0.0,-3.61,294.0,,26133,0,300.0,304.0,293.0
2018-03-22,0.0,0.33,305.0,,39788,0,301.0,307.0,300.0
2018-03-21,0.0,-1.93,304.0,,23576,0,308.0,310.0,302.0
2018-03-20,0.0,-0.32,311.0,,18194,0,313.0,313.0,309.0
2018-03-19,0.0,-0.64,312.0,,12756,0,315.0,315.0,311.0
2018-03-18,0.0,-0.63,313.0,,11419,0,318.0,318.0,312.0
2018-03-15,0.0,0.96,315.0,,9814,0,310.0,315.0,310.0
2018-03-14,0.0,0.0,312.0,,9353,0,313.0,313.0,309.0
2018-03-13,0.0,0.65,312.0,,3639,0,310.0,313.0,310.0
2018-03-12,0.0,1.64,310.0,,16358,0,305.0,316.0,304.0
2018-03-11,0.0,-3.17,305.0,,17730,0,315.0,312.0,305.0
2018-03-07,0.0,0.96,315.0,,15937,0,312.0,317.0,311.0
2018-03-06,0.0,0.97,312.0,,15348,0,310.0,313.0,305.0
2018-03-04,0.0,-2.51,311.0,,42240,0,313.0,318.0,306.0
2018-02-28,0.0,-0.93,319.0,,32340,0,320.0,321.0,317.0
2018-02-27,0.0,0.62,322.0,,50577,0,319.0,325.0,318.0
2018-02-26,0.0,0.31,320.0,,19980,0,321.0,321.0,317.0
2018-02-25,0.0,-0.62,319.0,,17378,0,320.0,323.0,319.0
2018-02-22,0.0,0.0,321.0,,21728,0,317.0,324.0,316.0
2018-02-21,0.0,-0.93,323.0,,22219,0,320.0,324.0,320.0
2018-02-20,0.0,-2.11,326.0,,35568,0,331.0,333.0,324.0
2018-02-18,0.0,0.0,331.0,,41861,0,331.0,337.0,326.0
2018-02-15,0.0,2.16,331.0,,16541,0,326.0,335.0,323.0
2018-02-14,0.0,0.62,323.0,,12708,0,321.0,324.0,320.0
2018-02-12,0.0,0.0,322.0,,14955,0,322.0,323.0,320.0
2018-02-11,0.0,-0.62,322.0,,4287,0,324.0,325.0,320.0
2018-02-08,0.0,1.25,324.0,,7514,0,325.0,325.0,321.0
2018-02-07,0.0,-0.31,320.0,,4999,0,321.0,321.0,318.0
2018-02-06,0.0,0.0,321.0,,6442,0,322.0,324.0,320.0
2018-02-05,0.0,-1.23,321.0,,7821,0,326.0,328.0,321.0
2018-02-04,0.0,1.25,325.0,,13219,0,320.0,328.0,320.0
2018-02-01,0.0,0.94,321.0,,14073,0,320.0,322.0,318.0
2018-01-31,0.0,0.0,318.0,,16148,0,318.0,322.0,318.0
2018-01-29,0.0,-0.62,318.0,,9113,0,320.0,320.0,317.0
2018-01-28,0.0,1.91,320.0,,14486,0,320.0,326.0,318.0
2018-01-25,0.0,-0.95,314.0,,3861,0,317.0,317.0,312.0
2018-01-24,0.0,1.28,317.0,,7917,0,314.0,317.0,310.0
2018-01-23,0.0,0.0,313.0,,5468,0,313.0,319.0,311.0
2018-01-22,0.0,0.32,313.0,,8543,0,311.0,313.0,308.0
2018-01-21,0.0,0.32,312.0,,8214,0,314.0,315.0,310.0
2018-01-17,0.0,-0.96,312.0,,9227,0,314.0,314.0,311.0
2018-01-16,0.0,-0.32,314.0,,5443,0,316.0,316.0,311.0
2018-01-14,0.0,-0.32,315.0,,15107,0,317.0,317.0,314.0
2018-01-10,0.0,-0.94,316.0,,4381,0,324.0,324.0,316.0
2018-01-09,0.0,0.95,319.0,,8550,0,316.0,320.0,315.0
2018-01-08,0.0,-0.31,316.0,,16439,0,318.0,318.0,313.0
2018-01-07,0.0,0.32,317.0,,11142,0,317.0,318.0,315.0
2018-01-04,0.0,0.96,316.0,,6352,0,313.0,317.0,312.0
2018-01-03,0.0,-0.95,313.0,,7763,0,316.0,320.0,312.0
2018-01-02,0.0,-1.56,316.0,,10538,0,320.0,323.0,316.0
2018-01-01,0.0,2.56,321.0,,10959,0,315.0,321.0,312.0
2017-12-31,0.0,-2.19,313.0,,16951,0,316.0,320.0,311.0
2017-12-28,0.0,0.95,320.0,,11328,0,314.0,320.0,310.0
2017-12-27,0.0,0.32,317.0,,15469,0,317.0,317.0,310.0
2017-12-26,0.0,-1.56,316.0,,9705,0,322.0,322.0,315.0
2017-12-24,0.0,0.0,321.0,,10667,0,320.0,323.0,320.0
2017-12-21,0.0,-0.31,321.0,,35391,0,322.0,323.0,317.0
2017-12-20,0.0,-1.23,322.0,,8706,0,321.0,327.0,320.0
2017-12-19,0.0,-0.31,326.0,,9438,0,330.0,332.0,322.0
2017-12-18,0.0,0.31,327.0,,9378,0,327.0,330.0,325.0
2017-12-17,0.0,-1.21,320.0,,123952,0,328.0,330.0,325.0
2017-12-14,0.0,-1.5,329.0,,101947,0,334.0,334.0,328.0
2017-12-13,0.0,0.6,334.0,,163899,0,332.0,334.0,325.0
2017-12-12,0.0,-0.3,332.0,,181332,0,328.0,333.0,327.0
2017-12-11,0.0,0.91,333.0,,11706,0,330.0,333.0,328.0
2017-12-10,0.0,-0.9,331.0,,19387,0,328.0,338.0,328.0
2017-12-06,0.0,0.6,333.0,,10910,0,331.0,334.0,330.0
2017-12-05,0.0,0.91,331.0,,5453,0,328.0,334.0,326.0
2017-12-04,0.0,1.23,328.0,,21221,0,329.0,331.0,326.0
2017-11-30,0.0,-1.22,324.0,,8659,0,322.0,325.0,319.0
2017-11-29,0.0,0.31,328.0,,14710,0,326.0,331.0,326.0
2017-11-28,0.0,0.62,327.0,,7439,0,325.0,327.0,322.0
2017-11-27,0.0,-0.61,325.0,,10505,0,326.0,330.0,322.0
2017-11-26,0.0,2.19,327.0,,26758,0,320.0,327.0,314.0
2017-11-23,0.0,0.31,320.0,,3751,0,319.0,325.0,320.0
2017-11-22,0.0,0.31,319.0,,6449,0,314.0,320.0,314.0
2017-11-21,0.0,0.63,318.0,,3877,0,316.0,319.0,316.0
2017-11-20,0.0,0.32,316.0,,3287,0,309.0,320.0,309.0
2017-11-19,0.0,-1.56,315.0,,11375,0,320.0,324.0,314.0
2017-11-16,0.0,-0.62,320.0,,10321,0,320.0,325.0,314.0
2017-11-15,0.0,-1.23,322.0,,8892,0,328.0,328.0,321.0
2017-11-14,0.0,2.19,326.0,,16468,0,320.0,329.0,320.0
2017-11-13,0.0,0.63,319.0,,10616,0,323.0,325.0,314.0
2017-11-12,0.0,0.96,317.0,,11164,0,314.0,320.0,313.0
2017-11-09,0.0,-0.63,314.0,,16367,0,315.0,316.0,310.0
2017-11-08,0.0,-1.56,316.0,,6594,0,319.0,320.0,314.0
2017-11-07,0.0,-0.93,321.0,,25305,0,330.0,330.0,320.0
2017-11-06,0.0,-0.31,324.0,,6614,0,325.0,328.0,322.0
2017-11-05,0.0,-1.52,325.0,,11802,0,325.0,328.0,323.0
2017-11-02,0.0,0.3,330.0,,12852,0,329.0,332.0,327.0
2017-11-01,0.0,-0.3,330.0,,11955,0,333.0,333.0,327.0
2017-10-31,0.0,-1.79,330.0,,18935,0,338.0,338.0,330.0
2017-10-30,0.0,-1.18,336.0,,7189,0,345.0,345.0,336.0
2017-10-29,0.0,-1.45,340.0,,8023,0,346.0,346.0,338.0
2017-10-25,0.0,-2.54,345.0,,23858,0,354.0,349.0,340.0
2017-10-24,0.0,-0.51,389.0,,67146,0,391.0,394.0,387.0
2017-10-23,0.0,-0.26,391.0,,11767,0,392.0,392.0,388.0
2017-10-22,0.0,1.29,392.0,,13174,0,387.0,399.0,387.0
2017-10-18,0.0,0.26,387.0,,8640,0,386.0,390.0,381.0
2017-10-17,0.0,-2.28,386.0,,13494,0,395.0,395.0,383.0
2017-10-16,0.0,4.22,395.0,,24710,0,380.0,395.0,380.0
2017-10-15,0.0,1.07,379.0,,15071,0,368.0,380.0,368.0
2017-10-12,0.0,0.0,375.0,,6316,0,375.0,381.0,373.0
2017-10-11,0.0,0.0,375.0,,14881,0,375.0,378.0,374.0
2017-10-10,0.0,0.0,375.0,,8484,0,374.0,379.0,371.0
2017-10-09,0.0,0.0,375.0,,7920,0,380.0,385.0,370.0
2017-10-08,0.0,0.54,375.0,,11219,0,370.0,375.0,366.0
2017-10-04,0.0,-0.53,373.0,,10597,0,376.0,380.0,373.0
2017-10-03,0.0,-1.57,376.0,,1484,0,382.0,382.0,375.0
2017-09-26,0.0,0.53,381.0,,8700,0,384.0,389.0,379.0
2017-09-25,0.0,0.8,379.0,,4935,0,376.0,381.0,376.0
2017-09-24,0.0,-1.83,377.0,,11022,0,383.0,383.0,376.0
2017-09-20,0.0,0.0,383.0,,11304,0,390.0,390.0,375.0
2017-09-18,0.0,-1.03,383.0,,11944,0,387.0,389.0,378.0
2017-09-17,0.0,2.65,387.0,,26939,0,384.0,388.0,371.0
2017-09-14,0.0,4.14,375.0,,22204,0,358.0,377.0,358.0
2017-09-13,0.0,-1.9,362.0,,35695,0,366.0,370.0,360.0
2017-09-12,0.0,-0.81,369.0,,29850,0,372.0,372.0,365.0
2017-09-11,0.0,0.27,372.0,,21343,0,371.0,373.0,368.0
2017-09-10,0.0,-0.8,371.0,,14320,0,375.0,375.0,370.0
2017-09-07,0.0,-0.53,374.0,,19743,0,378.0,379.0,370.0
2017-09-06,0.0,1.35,376.0,,11757,0,371.0,382.0,371.0
2017-09-04,0.0,-1.85,373.0,,18881,0,378.0,382.0,370.0
2017-08-31,0.0,-0.53,378.0,,18475,0,380.0,380.0,375.0
2017-08-30,0.0,-1.04,380.0,,17709,0,385.0,388.0,380.0
2017-08-28,0.0,-0.26,384.0,,11618,0,390.0,390.0,383.0
2017-08-27,0.0,-0.52,385.0,,13233,0,387.0,388.0,384.0
2017-08-24,0.0,0.26,387.0,,14901,0,386.0,389.0,385.0
2017-08-23,0.0,0.26,386.0,,10756,0,383.0,388.0,383.0
2017-08-22,0.0,0.52,385.0,,12297,0,382.0,388.0,382.0
2017-08-21,0.0,-0.52,383.0,,8368,0,385.0,385.0,381.0
2017-08-20,0.0,-0.52,385.0,,22798,0,390.0,391.0,384.0
2017-08-17,0.0,-0.26,387.0,,23358,0,386.0,389.0,386.0
2017-08-16,0.0,0.26,388.0,,29498,0,385.0,390.0,385.0
2017-08-15,0.0,-1.53,387.0,,55629,0,391.0,391.0,385.0
2017-08-13,0.0,-1.26,393.0,,29444,0,400.0,400.0,390.0
2017-08-10,0.0,-0.25,398.0,,21635,0,399.0,401.0,393.0
2017-08-09,0.0,0.25,399.0,,18232,0,400.0,403.0,397.0
2017-08-07,0.0,-0.5,398.0,,13065,0,408.0,408.0,397.0
2017-08-06,0.0,-0.5,400.0,,14837,0,404.0,405.0,396.0
2017-08-03,0.0,-0.5,402.0,,4146,0,404.0,406.0,402.0
2017-08-02,0.0,-0.74,404.0,,46034,0,405.0,409.0,400.0
2017-08-01,0.0,-0.73,407.0,,16804,0,402.0,410.0,402.0
2017-07-31,0.0,1.99,410.0,,28280,0,400.0,410.0,400.0
2017-07-30,0.0,0.5,402.0,,22865,0,400.0,407.0,399.0
2017-07-27,0.0,0.5,400.0,,14679,0,399.0,404.0,396.0
2017-07-26,0.0,2.05,398.0,,23003,0,393.0,408.0,393.0
2017-07-25,0.0,-0.26,390.0,,46768,0,392.0,402.0,386.0
2017-07-24,0.0,-2.25,391.0,,17510,0,400.0,400.0,391.0
2017-07-23,0.0,-0.99,400.0,,12718,0,401.0,404.0,399.0
2017-07-20,0.0,0.0,404.0,,17511,0,401.0,405.0,400.0
2017-07-19,0.0,-0.25,404.0,,24459,0,404.0,408.0,400.0
2017-07-18,0.0,2.53,404.0,,29352,0,402.0,405.0,398.0
2017-07-17,0.0,2.6,395.0,,41946,0,388.0,398.0,388.0
2017-07-16,0.0,-0.77,378.0,,11253,0,394.0,394.0,383.0
2017-07-13,0.0,-0.26,388.0,,7137,0,390.0,392.0,383.0
2017-07-12,0.0,1.04,390.0,,9254,0,380.0,392.0,380.0
2017-07-11,0.0,0.0,385.0,,7540,0,385.0,389.0,382.0
2017-07-10,0.0,0.26,386.0,,5591,0,385.0,388.0,379.0
2017-07-09,0.0,-1.03,384.0,,34618,0,388.0,400.0,380.0
2017-07-06,0.0,1.57,387.0,,10874,0,385.0,390.0,385.0
2017-07-05,0.0,1.87,382.0,,11461,0,373.0,382.0,373.0
2017-07-04,0.0,-0.79,375.0,,10764,0,381.0,381.0,373.0
2017-07-03,0.0,1.34,378.0,,17681,0,375.0,380.0,373.0
2017-07-02,0.0,-2.1,373.0,,15227,0,377.0,383.0,373.0
2017-06-28,0.0,1.06,381.0,,7208,0,375.0,385.0,371.0
2017-06-27,0.0,-1.05,378.0,,14329,0,380.0,382.0,377.0
2017-06-25,0.0,1.33,381.0,,8534,0,382.0,382.0,376.0
2017-06-22,0.0,-0.53,376.0,,42545,0,377.0,385.0,375.0
2017-06-21,0.0,-0.53,380.0,,11254,0,375.0,385.0,375.0
2017-06-20,0.0,0.0,380.0,,5604,0,375.0,381.0,374.0
2017-06-19,0.0,-1.04,380.0,,2734,0,377.0,382.0,375.0
2017-06-18,0.0,0.0,384.0,,1961,0,384.0,386.0,382.0
2017-06-15,0.0,1.05,384.0,,16977,0,382.0,385.0,378.0
2017-06-14,0.0,0.26,380.0,,13276,0,380.0,382.0,375.0
2017-06-13,0.0,-1.04,379.0,,16268,0,385.0,386.0,379.0
2017-06-12,0.0,-0.26,383.0,,5281,0,380.0,387.0,380.0
2017-06-11,0.0,-2.29,384.0,,15742,0,390.0,390.0,378.0
2017-06-08,0.0,0.0,393.0,,7267,0,390.0,393.0,385.0
2017-06-07,0.0,-2.96,393.0,,18953,0,406.0,411.0,388.0
2017-06-06,0.0,4.38,397.0,,27313,0,395.0,405.0,388.0
2017-06-05,0.0,1.57,388.0,,14172,0,381.0,395.0,381.0
2017-06-04,0.0,-0.78,382.0,,14450,0,390.0,391.0,378.0
2017-06-01,0.0,-0.77,385.0,,63070,0,392.0,398.0,381.0
2017-05-31,0.0,-0.26,388.0,,24636,0,389.0,395.0,378.0
2017-05-30,0.0,0.0,389.0,,54053,0,390.0,397.0,380.0
2017-05-28,0.0,-1.52,389.0,,13121,0,400.0,400.0,389.0
2017-05-24,0.0,-2.23,395.0,,11104,0,404.0,410.0,395.0
2017-05-23,0.0,1.0,404.0,,47781,0,402.0,405.0,390.0
2017-05-22,0.0,0.0,400.0,,14066,0,404.0,404.0,390.0
2017-05-21,0.0,-0.99,400.0,,7074,0,405.0,410.0,399.0
2017-05-18,0.0,0.0,404.0,,40375,0,404.0,408.0,399.0
2017-05-17,0.0,-1.22,406.0,,7608,0,410.0,410.0,403.0
2017-05-16,0.0,-0.97,409.0,,10088,0,411.0,415.0,406.0
2017-05-15,0.0,1.47,413.0,,15216,0,410.0,415.0,410.0
2017-05-11,0.0,0.49,407.0,,11773,0,408.0,414.0,404.0
2017-05-09,0.0,1.0,405.0,,11691,0,401.0,408.0,401.0
2017-05-08,0.0,-0.5,401.0,,10579,0,400.0,406.0,400.0
2017-05-07,0.0,-1.22,403.0,,15722,0,408.0,408.0,400.0
2017-05-04,0.0,-0.49,408.0,,44761,0,407.0,410.0,402.0
2017-05-03,0.0,-0.49,410.0,,25407,0,405.0,414.0,405.0
2017-05-02,0.0,-0.48,412.0,,20835,0,406.0,417.0,404.0
2017-04-30,0.0,-1.43,414.0,,17273,0,421.0,421.0,410.0
2017-04-27,0.0,-0.24,420.0,,25693,0,425.0,425.0,415.0
2017-04-26,0.0,2.68,421.0,,80852,0,418.0,421.0,411.0
2017-04-25,0.0,-0.97,410.0,,25320,0,413.0,414.0,406.0
2017-04-24,0.0,-1.9,414.0,,92021,0,418.0,421.0,412.0
2017-04-23,0.0,1.71,418.0,,37054,0,418.0,445.0,415.0
2017-04-20,0.0,-2.15,410.0,,29963,0,427.0,435.0,407.0
2017-04-19,0.0,3.46,419.0,,39532,0,405.0,419.0,400.0
2017-04-18,0.0,-1.46,405.0,,72728,0,405.0,410.0,395.0
2017-04-16,0.0,-3.97,411.0,,17954,0,420.0,422.0,410.0
2017-04-13,0.0,-1.61,428.0,,22533,0,427.0,434.0,420.0
2017-04-12,0.0,2.11,435.0,,100653,0,425.0,450.0,425.0
2017-04-11,0.0,4.41,426.0,,79992,0,412.0,428.0,407.0
2017-04-10,0.0,1.24,408.0,,14367,0,410.0,410.0,399.0
2017-04-09,0.0,-1.71,403.0,,20471,0,403.0,410.0,403.0
2017-04-06,0.0,-2.15,410.0,,14562,0,419.0,420.0,406.0
2017-04-04,0.0,0.96,419.0,,26678,0,415.0,422.0,408.0
2017-04-03,0.0,-2.35,415.0,,41146,0,433.0,461.0,408.0
2017-04-02,0.0,6.52,425.0,,23819,0,406.0,425.0,403.0
2017-03-30,0.0,-2.68,399.0,,19989,0,410.0,404.0,395.0
2017-03-29,0.0,0.74,410.0,,39185,0,407.0,423.0,400.0
2017-03-28,0.0,3.04,407.0,,78272,0,395.0,410.0,390.0
2017-03-26,0.0,2.6,395.0,,23795,0,392.0,398.0,386.0
2017-03-23,0.0,1.32,385.0,,13344,0,383.0,390.0,376.0
2017-03-22,0.0,-1.3,380.0,,23148,0,392.0,398.0,380.0
2017-03-21,0.0,3.77,385.0,,11288,0,372.0,385.0,368.0
2017-03-20,0.0,3.34,371.0,,17732,0,359.0,374.0,355.0
2017-03-19,0.0,0.97,416.0,,46588,0,412.0,420.0,408.0
2017-03-16,0.0,-0.72,412.0,,11784,0,415.0,416.0,410.0
2017-03-15,0.0,2.47,415.0,,10794,0,407.0,415.0,403.0
2017-03-14,0.0,-2.17,405.0,,13443,0,416.0,417.0,405.0
2017-03-13,0.0,0.0,414.0,,179520,0,415.0,417.0,411.0
2017-03-09,0.0,2.99,414.0,,223287,0,407.0,414.0,404.0
2017-03-07,0.0,-1.71,402.0,,12497,0,409.0,409.0,400.0
2017-03-06,0.0,2.51,409.0,,229924,0,401.0,414.0,401.0
2017-03-05,0.0,2.05,399.0,,214762,0,395.0,400.0,390.0
2017-03-02,0.0,0.77,391.0,,11563,0,390.0,394.0,385.0
2017-03-01,0.0,0.78,388.0,,2900,0,386.0,390.0,385.0
2017-02-28,0.0,0.52,385.0,,6466,0,376.0,385.0,376.0
2017-02-26,0.0,-0.52,383.0,,2526,0,382.0,385.0,380.0
2017-02-23,0.0,-0.52,385.0,,18400,0,387.0,387.0,375.0
2017-02-22,0.0,-1.27,387.0,,4285,0,390.0,390.0,380.0
2017-02-21,0.0,-0.76,392.0,,9344,0,402.0,410.0,384.0
2017-02-20,0.0,0.0,397.0,,19076,0,397.0,407.0,395.0
2017-02-19,0.0,1.53,397.0,,12601,0,391.0,399.0,384.0
2017-02-16,0.0,1.3,390.0,,20607,0,393.0,393.0,383.0
2017-02-15,0.0,2.12,386.0,,12925,0,372.0,394.0,372.0
2017-02-14,0.0,-1.82,378.0,,32503,0,391.0,391.0,373.0
2017-02-13,0.0,3.77,385.0,,20784,0,370.0,389.0,365.0
2017-02-12,0.0,-2.62,371.0,,14458,0,382.0,382.0,363.0
2017-02-09,0.0,-2.06,381.0,,11944,0,387.0,390.0,381.0
2017-02-08,0.0,-1.52,390.0,,8058,0,396.0,396.0,389.0
2017-02-07,0.0,-1.0,395.0,,19295,0,399.0,399.0,390.0
2017-02-06,0.0,-0.25,399.0,,10104,0,400.0,400.0,394.0
2017-02-05,0.0,-0.99,400.0,,18646,0,404.0,408.0,396.0
2017-02-02,0.0,-0.25,404.0,,12145,0,413.0,421.0,397.0
2017-02-01,0.0,3.58,405.0,,12309,0,398.0,410.0,387.0
2017-01-31,0.0,2.89,391.0,,15776,0,387.0,397.0,375.0
2017-01-30,0.0,-3.55,380.0,,28255,0,391.0,391.0,376.0
2017-01-26,0.0,-1.5,394.0,,20931,0,397.0,398.0,387.0
2017-01-25,0.0,-2.44,400.0,,15576,0,403.0,405.0,396.0
2017-01-24,0.0,-1.91,410.0,,7819,0,420.0,420.0,409.0
2017-01-23,0.0,0.24,418.0,,5912,0,419.0,420.0,417.0
2017-01-22,0.0,-0.48,419.0,,7100,0,422.0,422.0,416.0
2017-01-19,0.0,0.24,419.0,,10725,0,419.0,421.0,418.0
2017-01-18,0.0,-0.71,418.0,,5733,0,420.0,424.0,418.0
2017-01-17,0.0,0.24,421.0,,20175,0,420.0,422.0,416.0
2017-01-16,0.0,0.0,420.0,,7458,0,420.0,428.0,417.0
2017-01-15,0.0,-0.71,420.0,,4489,0,420.0,425.0,420.0
2017-01-12,0.0,-1.17,423.0,,3667,0,425.0,426.0,423.0
2017-01-11,0.0,0.47,428.0,,6777,0,431.0,431.0,423.0
2017-01-10,0.0,1.19,426.0,,3910,0,421.0,426.0,418.0
2017-01-09,0.0,0.48,421.0,,9554,0,421.0,427.0,419.0
2017-01-08,0.0,-0.48,419.0,,12269,0,414.0,425.0,414.0
2017-01-05,0.0,-2.09,421.0,,10165,0,425.0,430.0,421.0
2017-01-04,0.0,1.18,430.0,,2938,0,425.0,430.0,420.0
2017-01-03,0.0,-1.16,425.0,,4989,0,435.0,435.0,417.0
2017-01-02,0.0,2.38,430.0,,14365,0,428.0,435.0,422.0
2017-01-01,0.0,-0.47,420.0,,15183,0,422.0,435.0,420.0
2016-12-29,0.0,0.72,422.0,,16169,0,426.0,433.0,416.0
2016-12-28,0.0,0.48,419.0,,11912,0,425.0,425.0,411.0
2016-12-27,0.0,-1.42,417.0,,16533,0,415.0,422.0,410.0
2016-12-26,0.0,-2.76,423.0,,9885,0,431.0,432.0,423.0
2016-12-22,0.0,0.23,435.0,,10614,0,432.0,436.0,429.0
2016-12-21,0.0,-1.36,434.0,,10378,0,435.0,437.0,430.0
2016-12-20,0.0,0.46,440.0,,9508,0,436.0,440.0,432.0
2016-12-19,0.0,-1.57,438.0,,11781,0,438.0,440.0,431.0
2016-12-18,0.0,0.91,445.0,,9997,0,440.0,445.0,433.0
2016-12-15,0.0,0.23,441.0,,9329,0,440.0,443.0,434.0
2016-12-14,0.0,2.09,440.0,,11470,0,432.0,440.0,428.0
2016-12-12,0.0,-1.82,431.0,,10016,0,432.0,437.0,423.0
2016-12-11,0.0,0.69,439.0,,5039,0,435.0,439.0,431.0
2016-12-08,0.0,-2.68,436.0,,9020,0,450.0,450.0,429.0
2016-12-07,0.0,0.9,448.0,,4864,0,445.0,450.0,440.0
2016-12-06,0.0,0.91,443.0,,9941,0,447.0,455.0,434.0
2016-12-05,0.0,0.69,440.0,,10795,0,440.0,442.0,432.0
2016-12-04,0.0,-2.89,437.0,,14899,0,452.0,452.0,437.0
2016-12-01,0.0,-2.17,450.0,,25343,0,460.0,465.0,437.0
2016-11-30,0.0,2.22,460.0,,27343,0,443.0,461.0,441.0
2016-11-29,0.0,1.12,450.0,,37112,0,445.0,450.0,420.0
2016-11-28,0.0,4.46,445.0,,33929,0,420.0,447.0,408.0
2016-11-27,0.0,-3.18,426.0,,21805,0,445.0,447.0,420.0
2016-11-24,0.0,0.23,440.0,,31008,0,447.0,459.0,434.0
2016-11-23,0.0,-1.35,439.0,,32973,0,447.0,448.0,433.0
2016-11-22,0.0,-2.41,445.0,,16849,0,450.0,454.0,435.0
2016-11-21,0.0,-0.87,456.0,,19520,0,460.0,463.0,441.0
2016-11-20,0.0,-1.08,460.0,,24462,0,456.0,470.0,445.0
2016-11-17,0.0,-2.52,465.0,,13402,0,475.0,475.0,462.0
2016-11-16,0.0,-1.65,477.0,,11369,0,490.0,490.0,475.0
2016-11-15,0.0,-0.41,485.0,,11394,0,487.0,488.0,483.0
2016-11-14,0.0,1.67,487.0,,7082,0,473.0,491.0,473.0
2016-11-13,0.0,0.63,479.0,,19698,0,475.0,485.0,471.0
2016-11-10,0.0,-0.63,476.0,,15278,0,476.0,487.0,476.0
2016-11-09,0.0,-2.04,479.0,,11756,0,490.0,490.0,470.0
2016-11-08,0.0,-1.21,489.0,,33538,0,495.0,496.0,487.0
2016-11-07,0.0,0.0,495.0,,20951,0,499.0,499.0,490.0
2016-11-03,0.0,-0.2,495.0,,2084,0,502.0,502.0,492.0
2016-10-27,0.0,0.4,496.0,,15285,0,500.0,501.0,490.0
2016-10-26,0.0,-1.2,494.0,,9056,0,502.0,502.0,490.0
2016-10-25,0.0,-0.99,500.0,,13314,0,505.0,505.0,496.0
2016-10-24,0.0,-0.79,505.0,,19073,0,509.0,509.0,501.0
2016-10-23,0.0,-0.2,509.0,,18541,0,510.0,510.0,501.0
2016-10-20,0.0,-0.39,510.0,,11554,0,510.0,513.0,508.0
2016-10-19,0.0,-0.58,512.0,,15217,0,515.0,515.0,508.0
2016-10-18,0.0,0.59,515.0,,24871,0,508.0,515.0,504.0
2016-10-17,0.0,-0.19,512.0,,27775,0,504.0,515.0,504.0
2016-10-16,0.0,1.58,513.0,,5486,0,496.0,513.0,496.0
2016-10-06,0.0,0.4,505.0,,19708,0,506.0,508.0,503.0
2016-10-05,0.0,0.0,503.0,,14697,0,506.0,508.0,502.0
2016-10-04,0.0,-0.2,503.0,,14990,0,504.0,510.0,500.0
2016-10-03,0.0,0.8,504.0,,9030,0,501.0,504.0,500.0
2016-10-02,0.0,-1.96,500.0,,19895,0,505.0,507.0,496.0
2016-09-29,0.0,0.79,510.0,,14997,0,507.0,521.0,506.0
2016-09-28,0.0,0.2,506.0,,11300,0,513.0,513.0,502.0
2016-09-27,0.0,-0.39,506.0,,22299,0,511.0,513.0,501.0
2016-09-26,0.0,0.4,507.0,,35320,0,496.0,509.0,496.0
2016-09-25,0.0,-0.39,509.0,,31715,0,515.0,515.0,506.0
2016-09-22,0.0,-0.39,509.0,,31715,0,515.0,515.0,506.0
2016-09-21,0.0,0.39,511.0,,20110,0,507.0,515.0,500.0
2016-09-20,0.0,-0.78,509.0,,30411,0,514.0,517.0,506.0
2016-09-18,0.0,-2.29,513.0,,40923,0,525.0,525.0,507.0
2016-09-14,0.0,-2.6,525.0,,61613,0,540.0,547.0,525.0
2016-09-12,0.0,-0.19,539.0,,12325,0,540.0,546.0,538.0
2016-09-11,0.0,-1.82,540.0,,24982,0,550.0,550.0,535.0
2016-09-08,0.0,0.0,550.0,,41805,0,551.0,552.0,540.0
2016-09-07,0.0,-0.9,550.0,,53882,0,555.0,555.0,544.0
2016-09-06,0.0,-1.07,555.0,,99222,0,565.0,567.0,547.0
2016-09-05,0.0,1.63,562.0,,89900,0,558.0,570.0,550.0
2016-09-04,0.0,0.73,552.0,,46889,0,550.0,557.0,547.0
2016-09-01,0.0,0.37,548.0,,24428,0,546.0,550.0,540.0
2016-08-31,0.0,-1.62,546.0,,9543,0,557.0,560.0,542.0
2016-08-30,0.0,2.21,555.0,,61972,0,550.0,562.0,548.0
2016-08-29,0.0,2.45,543.0,,31095,0,530.0,548.0,528.0
2016-08-28,0.0,1.92,530.0,,34978,0,525.0,535.0,523.0
2016-08-24,0.0,1.17,520.0,,33892,0,520.0,524.0,511.0
2016-08-23,0.0,0.0,514.0,,14679,0,511.0,521.0,510.0
2016-08-22,0.0,-1.15,514.0,,21297,0,522.0,522.0,510.0
2016-08-21,0.0,-1.14,520.0,,12136,0,530.0,530.0,515.0
2016-08-17,0.0,0.77,526.0,,41954,0,525.0,528.0,520.0
2016-08-16,0.0,1.95,522.0,,31075,0,507.0,523.0,507.0
2016-08-15,0.0,-1.54,512.0,,37362,0,520.0,525.0,507.0
2016-08-14,0.0,-2.26,520.0,,61045,0,535.0,535.0,514.0
2016-08-11,0.0,-2.03,534.0,,35416,0,543.0,549.0,530.0
2016-08-10,0.0,0.0,542.0,,75112,0,552.0,566.0,530.0
2016-08-09,0.0,5.04,542.0,,15077,0,526.0,565.0,526.0
2016-08-08,0.0,-5.49,516.0,,55501,0,546.0,550.0,515.0
2016-08-07,0.0,-0.73,546.0,,51265,0,550.0,559.0,543.0
2016-08-04,0.0,-1.79,550.0,,50724,0,560.0,565.0,543.0
2016-08-03,0.0,0.18,560.0,,47870,0,559.0,571.0,542.0
2016-08-02,0.0,-2.27,559.0,,39597,0,572.0,571.0,556.0
2016-08-01,0.0,-0.87,572.0,,37990,0,577.0,580.0,563.0
2016-07-31,0.0,-2.2,577.0,,41501,0,590.0,593.0,571.0
2016-07-28,0.0,-1.67,590.0,,96513,0,600.0,615.0,581.0
2016-07-27,0.0,0.0,600.0,,92463,0,600.0,623.0,590.0
2016-07-26,0.0,4.9,600.0,,108427,0,572.0,600.0,575.0
2016-07-25,0.0,2.14,572.0,,72764,0,560.0,575.0,560.0
2016-07-21,0.0,0.72,560.0,,41417,0,556.0,568.0,550.0
2016-07-20,0.0,-1.59,556.0,,92756,0,564.0,581.0,555.0
2016-07-19,0.0,3.48,560.0,,104945,0,556.0,565.0,546.0
2016-07-18,0.0,2.44,546.0,,90982,0,533.0,550.0,530.0
2016-07-17,0.0,3.5,533.0,,59361,0,515.0,537.0,515.0
2016-07-14,0.0,0.59,516.0,,35878,0,510.0,524.0,510.0
2016-07-13,0.0,-0.39,512.0,,22672,0,514.0,519.0,508.0
2016-07-12,0.0,-1.34,514.0,,39861,0,521.0,528.0,500.0
2016-07-11,0.0,-0.76,521.0,,36960,0,525.0,535.0,519.0
2016-07-10,0.0,0.57,525.0,,42439,0,522.0,530.0,520.0
2016-07-06,0.0,1.75,522.0,,83142,0,515.0,525.0,513.0
2016-07-05,0.0,0.59,513.0,,25549,0,510.0,520.0,510.0
2016-07-04,0.0,0.0,510.0,,32485,0,510.0,515.0,508.0
2016-07-03,0.0,-2.3,510.0,,77486,0,522.0,522.0,509.0
2016-06-30,0.0,-1.14,522.0,,44928,0,528.0,527.0,518.0
2016-06-29,0.0,-1.31,528.0,,48466,0,535.0,545.0,527.0
2016-06-28,0.0,2.88,535.0,,144384,0,520.0,542.0,510.0
2016-06-27,0.0,3.79,520.0,,58912,0,501.0,521.0,502.0
2016-06-26,0.0,0.4,501.0,,32046,0,499.0,510.0,498.0
2016-06-23,0.0,-0.4,499.0,,42836,0,501.0,505.0,495.0
2016-06-22,0.0,1.01,501.0,,72533,0,500.0,525.0,495.0
2016-06-21,0.0,0.2,496.0,,13246,0,495.0,501.0,494.0
2016-06-20,0.0,0.0,495.0,,19161,0,495.0,500.0,493.0
2016-06-19,0.0,-1.0,495.0,,39591,0,500.0,503.0,493.0
2016-06-16,0.0,-0.2,500.0,,38060,0,501.0,511.0,500.0
2016-06-15,0.0,-1.18,501.0,,40448,0,497.0,507.0,497.0
2016-06-14,0.0,-0.39,507.0,,28619,0,511.0,512.0,505.0
2016-06-13,0.0,-0.2,509.0,,50679,0,510.0,522.0,506.0
2016-06-12,0.0,2.0,510.0,,39007,0,500.0,513.0,499.0
2016-06-09,0.0,-1.19,500.0,,72955,0,510.0,510.0,495.0
2016-06-08,0.0,1.2,506.0,,35136,0,500.0,509.0,492.0
2016-06-07,0.0,1.01,500.0,,27170,0,503.0,510.0,498.0
2016-06-06,0.0,1.23,495.0,,16185,0,489.0,498.0,490.0
2016-06-05,0.0,-2.2,489.0,,29696,0,500.0,499.0,487.0
2016-06-02,0.0,-0.99,500.0,,26163,0,505.0,505.0,499.0
2016-06-01,0.0,-0.98,505.0,,28454,0,510.0,511.0,500.0
2016-05-31,0.0,0.0,510.0,,34229,0,510.0,514.0,505.0
2016-05-30,0.0,0.79,510.0,,23126,0,506.0,514.0,490.0
2016-05-29,0.0,-1.36,506.0,,21888,0,513.0,518.0,500.0
2016-05-26,0.0,-2.1,513.0,,65578,0,524.0,525.0,504.0
2016-05-25,0.0,0.38,524.0,,77058,0,522.0,526.0,502.0
2016-05-24,0.0,0.38,522.0,,65965,0,520.0,540.0,515.0
2016-05-23,0.0,3.17,520.0,,75441,0,504.0,520.0,500.0
2016-05-22,0.0,1.2,504.0,,56949,0,498.0,507.0,500.0
2016-05-19,0.0,0.81,498.0,,40744,0,494.0,503.0,496.0
2016-05-18,0.0,-0.4,494.0,,62604,0,496.0,500.0,491.0
2016-05-17,0.0,0.2,496.0,,16067,0,495.0,496.0,491.0
2016-05-16,0.0,-1.0,495.0,,23316,0,500.0,499.0,493.0
2016-05-15,0.0,0.0,500.0,,18115,0,496.0,501.0,496.0
2016-05-12,0.0,-0.6,499.0,,13597,0,502.0,504.0,498.0
2016-05-11,0.0,1.21,502.0,,32796,0,496.0,502.0,495.0
2016-05-10,0.0,-1.59,498.0,,25304,0,500.0,502.0,496.0
2016-05-09,0.0,2.02,504.0,,88964,0,493.0,504.0,490.0
2016-05-08,0.0,-0.2,494.0,,56897,0,495.0,495.0,490.0
2016-05-05,0.0,0.41,495.0,,23790,0,493.0,495.0,487.0
2016-05-04,0.0,-0.4,493.0,,29569,0,495.0,496.0,489.0
2016-05-03,0.0,-0.2,495.0,,49995,0,496.0,502.0,490.0
2016-05-02,0.0,-1.39,496.0,,40834,0,503.0,502.0,496.0
2016-04-28,0.0,-1.18,503.0,,45901,0,509.0,509.0,500.0
2016-04-27,0.0,-0.78,509.0,,32910,0,513.0,515.0,505.0
2016-04-26,0.0,-3.57,513.0,,103585,0,532.0,542.0,508.0
2016-04-25,0.0,7.47,532.0,,116150,0,495.0,532.0,492.0
2016-04-24,0.0,0.41,495.0,,36401,0,493.0,495.0,486.0
2016-04-21,0.0,0.0,493.0,,55065,0,493.0,494.0,490.0
2016-04-20,0.0,0.2,493.0,,48548,0,492.0,495.0,483.0
2016-04-19,0.0,0.82,492.0,,43984,0,488.0,498.0,484.0
2016-04-18,0.0,1.46,488.0,,25463,0,481.0,490.0,480.0
2016-04-17,0.0,0.21,481.0,,34918,0,485.0,490.0,476.0
2016-04-14,0.0,0.0,480.0,,17650,0,480.0,485.0,472.0
2016-04-12,0.0,0.63,480.0,,29886,0,477.0,480.0,470.0
2016-04-11,0.0,0.42,477.0,,32589,0,475.0,481.0,473.0
2016-04-10,0.0,-0.84,475.0,,77676,0,479.0,478.0,466.0
2016-04-06,0.0,-3.23,479.0,,30701,0,495.0,500.0,479.0
2016-04-05,0.0,1.64,495.0,,59286,0,483.0,498.0,483.0
2016-04-04,0.0,1.88,487.0,,34436,0,478.0,488.0,473.0
2016-04-03,0.0,-0.21,478.0,,22732,0,479.0,484.0,472.0
2016-03-31,0.0,-0.62,479.0,,14178,0,482.0,482.0,476.0
2016-03-30,0.0,-0.62,482.0,,21176,0,485.0,485.0,480.0
2016-03-29,0.0,-2.02,485.0,,14603,0,504.0,504.0,476.0
2016-03-28,0.0,-1.0,495.0,,39597,0,500.0,501.0,488.0
2016-03-27,0.0,3.09,500.0,,63449,0,485.0,500.0,482.0
2016-03-24,0.0,1.46,485.0,,79965,0,478.0,486.0,478.0
2016-03-23,0.0,0.84,478.0,,26830,0,474.0,478.0,470.0
2016-03-21,0.0,0.85,474.0,,36400,0,468.0,479.0,468.0
2016-03-20,0.0,-0.21,470.0,,79825,0,470.0,475.0,468.0
2016-03-17,0.0,-0.42,471.0,,41100,0,470.0,478.0,470.0
2016-03-16,0.0,0.85,473.0,,35153,0,465.0,475.0,465.0
2016-03-15,0.0,1.3,469.0,,26905,0,463.0,472.0,462.0
2016-03-14,0.0,0.65,466.0,,29341,0,460.0,468.0,460.0
2016-03-13,0.0,-0.22,460.0,,40909,0,460.0,462.0,456.0
2016-03-10,0.0,-0.86,461.0,,50211,0,462.0,469.0,458.0
2016-03-06,0.0,1.09,465.0,,19862,0,459.0,465.0,458.0
2016-03-03,0.0,0.0,460.0,,19622,0,458.0,460.0,455.0
2016-03-02,0.0,0.44,460.0,,18100,0,460.0,462.0,458.0
2016-03-01,0.0,-0.43,458.0,,10833,0,451.0,460.0,451.0
2016-02-29,0.0,0.0,460.0,,9849,0,460.0,460.0,455.0
2016-02-28,0.0,-1.29,460.0,,15124,0,466.0,470.0,458.0
2016-02-25,0.0,0.87,466.0,,11477,0,461.0,468.0,457.0
2016-02-24,0.0,-1.07,462.0,,3582,0,465.0,465.0,453.0
2016-02-23,0.0,-1.68,467.0,,28763,0,475.0,476.0,465.0
2016-02-22,0.0,0.42,475.0,,33083,0,471.0,480.0,471.0
2016-02-21,0.0,0.64,473.0,,20279,0,476.0,484.0,470.0
2016-02-18,0.0,0.86,470.0,,25511,0,466.0,473.0,465.0
2016-02-17,0.0,1.53,466.0,,5832,0,459.0,468.0,451.0
2016-02-16,0.0,0.88,459.0,,41959,0,455.0,459.0,450.0
2016-02-15,0.0,-1.3,455.0,,7191,0,460.0,460.0,450.0
2016-02-14,0.0,0.0,461.0,,8592,0,460.0,462.0,457.0
2016-02-11,0.0,-1.91,461.0,,9217,0,470.0,470.0,461.0
2016-02-08,0.0,-1.47,470.0,,10744,0,477.0,479.0,470.0
2016-02-07,0.0,0.21,477.0,,18788,0,476.0,500.0,474.0
2016-02-04,0.0,0.63,476.0,,39407,0,474.0,480.0,470.0
2016-02-03,0.0,0.0,473.0,,31770,0,473.0,474.0,466.0
2016-02-02,0.0,-0.42,473.0,,52276,0,472.0,480.0,470.0
2016-02-01,0.0,4.4,475.0,,63188,0,455.0,475.0,455.0
2016-01-31,0.0,-1.52,455.0,,25632,0,462.0,462.0,452.0
2016-01-28,0.0,-2.53,462.0,,62380,0,480.0,484.0,461.0
2016-01-27,0.0,1.28,474.0,,32764,0,468.0,474.0,470.0
2016-01-26,0.0,-1.47,468.0,,24391,0,475.0,478.0,468.0
2016-01-25,0.0,2.59,475.0,,45601,0,469.0,475.0,463.0
2016-01-24,0.0,-0.43,463.0,,15788,0,465.0,465.0,461.0
2016-01-21,0.0,-1.06,465.0,,48593,0,470.0,471.0,465.0
2016-01-20,0.0,0.86,470.0,,44273,0,465.0,475.0,460.0
2016-01-19,0.0,3.56,466.0,,95628,0,455.0,474.0,442.0
2016-01-18,0.0,3.45,450.0,,112261,0,440.0,450.0,436.0
2016-01-17,0.0,4.87,431.0,,24605,0,419.0,431.0,418.0
2016-01-14,0.0,2.75,411.0,,18534,0,400.0,417.0,400.0
2016-01-13,0.0,-0.74,400.0,,9228,0,403.0,405.0,399.0
2016-01-12,0.0,0.25,403.0,,13163,0,400.0,403.0,398.0
2016-01-11,0.0,0.5,402.0,,19830,0,400.0,403.0,394.0
2016-01-10,0.0,-0.25,400.0,,17631,0,401.0,405.0,400.0
2016-01-07,0.0,1.01,401.0,,76571,0,398.0,401.0,394.0
2016-01-06,0.0,0.76,397.0,,16610,0,395.0,397.0,390.0
2016-01-05,0.0,0.0,394.0,,9427,0,392.0,395.0,390.0
2016-01-04,0.0,-0.25,394.0,,12643,0,395.0,396.0,392.0
2016-01-03,0.0,0.0,395.0,,7628,0,398.0,400.0,395.0
2015-12-31,0.0,0.77,395.0,,6457,0,395.0,400.0,395.0
2015-12-29,0.0,-0.76,392.0,,9436,0,395.0,399.0,390.0
2015-12-28,0.0,-1.25,395.0,,6627,0,400.0,398.0,393.0
2015-12-25,0.0,1.52,400.0,,24445,0,397.0,400.0,393.0
2015-12-24,0.0,-0.51,394.0,,11605,0,396.0,397.0,391.0
2015-12-23,0.0,-1.0,396.0,,6111,0,400.0,397.0,393.0
2015-12-22,0.0,1.27,400.0,,25609,0,396.0,401.0,396.0
2015-12-21,0.0,0.25,395.0,,11373,0,394.0,397.0,390.0
2015-12-20,0.0,-0.25,394.0,,3482,0,395.0,396.0,390.0
2015-12-17,0.0,0.25,395.0,,18401,0,390.0,397.0,390.0
2015-12-16,0.0,-0.25,394.0,,4576,0,399.0,399.0,394.0
2015-12-15,0.0,-0.5,395.0,,6204,0,397.0,399.0,392.0
2015-12-14,0.0,-0.25,397.0,,4945,0,395.0,399.0,392.0
2015-12-13,0.0,-0.5,398.0,,10699,0,405.0,405.0,391.0
2015-12-10,0.0,0.0,400.0,,9866,0,402.0,403.0,396.0
2015-12-09,0.0,-0.74,404.0,,7656,0,408.0,408.0,400.0
2015-12-08,0.0,0.75,403.0,,10592,0,404.0,404.0,395.0
2015-12-07,0.0,0.0,401.0,,28964,0,408.0,408.0,399.0
2015-12-04,0.0,2.56,400.0,,77660,0,397.0,407.0,392.0
2015-12-03,0.0,0.0,390.0,,7808,0,384.0,400.0,384.0
2015-12-02,0.0,-0.26,390.0,,12759,0,395.0,395.0,377.0
2015-12-01,0.0,3.44,391.0,,11224,0,378.0,398.0,383.0
2015-11-30,0.0,0.8,378.0,,17091,0,382.0,391.0,375.0
2015-11-29,0.0,0.0,375.0,,11860,0,380.0,380.0,366.0
2015-11-26,0.0,-0.27,375.0,,11537,0,375.0,382.0,374.0
2015-11-25,0.0,-1.83,376.0,,12191,0,380.0,381.0,376.0
2015-11-24,0.0,-0.52,383.0,,8941,0,380.0,386.0,378.0
2015-11-23,0.0,0.0,385.0,,4690,0,381.0,387.0,370.0
2015-11-22,0.0,-1.53,385.0,,13475,0,395.0,395.0,378.0
2015-11-19,0.0,-2.74,391.0,,11246,0,400.0,401.0,391.0
2015-11-18,0.0,0.5,402.0,,7773,0,403.0,407.0,401.0
2015-11-16,0.0,-0.99,400.0,,7156,0,401.0,412.0,400.0
2015-11-15,0.0,-0.98,404.0,,6929,0,405.0,407.0,402.0
2015-11-10,0.0,0.25,408.0,,6107,0,410.0,410.0,404.0
2015-11-09,0.0,2.78,407.0,,4880,0,403.0,411.0,403.0
2015-11-08,0.0,-0.25,396.0,,6673,0,396.0,398.0,395.0
2015-11-05,0.0,-0.75,397.0,,4566,0,401.0,401.0,394.0
2015-11-04,0.0,2.3,400.0,,5621,0,391.0,401.0,385.0
2015-11-03,0.0,-2.49,391.0,,11928,0,403.0,403.0,391.0
2015-11-02,0.0,0.25,401.0,,5206,0,400.0,407.0,395.0
2015-11-01,0.0,-1.96,400.0,,5275,0,401.0,401.0,398.0
2015-10-29,0.0,0.25,408.0,,4173,0,407.0,415.0,401.0
2015-10-28,0.0,0.4,501.0,,37683,0,495.0,513.0,490.0
2015-10-27,0.0,-1.96,499.0,,18973,0,505.0,511.0,497.0
2015-10-25,0.0,-1.55,510.0,,5178,0,515.0,520.0,508.0
2015-10-19,0.0,0.19,517.0,,10258,0,519.0,520.0,512.0
2015-10-18,0.0,-0.77,516.0,,6737,0,513.0,518.0,512.0
2015-10-15,0.0,1.56,520.0,,4848,0,514.0,520.0,509.0
2015-10-14,0.0,-0.78,514.0,,12291,0,520.0,520.0,512.0
2015-10-11,0.0,-1.71,516.0,,11177,0,520.0,520.0,515.0
2015-10-08,0.0,0.96,525.0,,28449,0,518.0,528.0,510.0
2015-10-07,0.0,-0.95,520.0,,11160,0,520.0,525.0,516.0
2015-10-06,0.0,-0.94,525.0,,15052,0,540.0,540.0,522.0
2015-10-05,0.0,-1.85,530.0,,17257,0,538.0,538.0,522.0
2015-10-04,0.0,-0.55,539.0,,15373,0,547.0,548.0,536.0
2015-10-01,0.0,0.18,543.0,,20186,0,541.0,545.0,537.0
2015-09-30,0.0,2.07,542.0,,92462,0,541.0,570.0,541.0
2015-09-29,0.0,1.92,531.0,,55903,0,521.0,535.0,521.0
2015-09-28,0.0,-0.76,521.0,,25157,0,515.0,526.0,505.0
2015-09-24,0.0,-0.94,525.0,,11246,0,530.0,530.0,522.0
2015-09-23,0.0,2.32,530.0,,11639,0,528.0,541.0,525.0
2015-09-22,0.0,-3.72,518.0,,27098,0,548.0,548.0,515.0
2015-09-17,0.0,-0.18,538.0,,15092,0,545.0,547.0,535.0
2015-09-16,0.0,-1.46,539.0,,33496,0,550.0,552.0,539.0
2015-09-15,0.0,0.92,547.0,,18175,0,550.0,550.0,540.0
2015-09-14,0.0,0.56,542.0,,21928,0,549.0,559.0,535.0
2015-09-13,0.0,2.86,539.0,,32700,0,530.0,540.0,525.0
2015-09-10,0.0,-0.95,524.0,,22211,0,525.0,533.0,524.0
2015-09-09,0.0,-0.19,529.0,,21245,0,530.0,535.0,525.0
2015-09-08,0.0,0.0,530.0,,14316,0,540.0,549.0,523.0
2015-09-07,0.0,1.34,530.0,,15035,0,525.0,530.0,520.0
2015-09-06,0.0,-1.32,523.0,,24190,0,525.0,535.0,517.0
2015-09-03,0.0,0.0,530.0,,15593,0,535.0,535.0,525.0
2015-09-02,0.0,-1.49,530.0,,31330,0,535.0,540.0,528.0
2015-09-01,0.0,-1.47,538.0,,17504,0,546.0,547.0,535.0
2015-08-31,0.0,-0.18,546.0,,34590,0,550.0,555.0,540.0
2015-08-27,0.0,-0.91,547.0,,24279,0,552.0,560.0,547.0
2015-08-26,0.0,-0.36,552.0,,24365,0,555.0,557.0,549.0
2015-08-25,0.0,-0.54,554.0,,26700,0,550.0,556.0,530.0
2015-08-24,0.0,-1.42,557.0,,30684,0,561.0,570.0,556.0
2015-08-23,0.0,-2.25,565.0,,43329,0,570.0,575.0,546.0
2015-08-20,0.0,0.7,578.0,,51661,0,575.0,607.0,574.0
2015-08-19,0.0,2.5,573.0,,80401,0,571.0,578.0,560.0
2015-08-18,0.0,-2.61,560.0,,56520,0,575.0,579.0,545.0
2015-08-17,0.0,4.54,575.0,,121183,0,561.0,605.0,549.0
2015-08-16,0.0,10.0,550.0,,76520,0,510.0,550.0,505.0
2015-08-13,0.0,1.42,500.0,,23314,0,495.0,509.0,495.0
2015-08-12,0.0,-1.0,493.0,,7047,0,495.0,500.0,490.0
2015-08-11,0.0,-0.4,498.0,,13377,0,500.0,501.0,493.0
2015-08-10,0.0,0.0,500.0,,50530,0,500.0,510.0,495.0
2015-08-09,0.0,1.21,500.0,,25772,0,494.0,510.0,488.0
2015-08-06,0.0,2.07,494.0,,40041,0,484.0,500.0,480.0
2015-08-05,0.0,1.47,484.0,,10592,0,477.0,485.0,475.0
2015-08-04,0.0,0.0,477.0,,7876,0,477.0,480.0,477.0
2015-08-03,0.0,-1.65,477.0,,17454,0,485.0,490.0,477.0
2015-08-02,0.0,0.83,485.0,,2594,0,481.0,487.0,485.0
2015-07-30,0.0,0.63,481.0,,7578,0,478.0,499.0,475.0
2015-07-29,0.0,-0.42,478.0,,15536,0,480.0,480.0,472.0
2015-07-28,0.0,-3.42,480.0,,20361,0,497.0,500.0,475.0
2015-07-27,0.0,-2.74,497.0,,115157,0,511.0,551.0,490.0
2015-07-26,0.0,7.81,511.0,,84590,0,474.0,521.0,483.0
2015-07-23,0.0,5.33,474.0,,15554,0,450.0,474.0,448.0
2015-07-22,0.0,-6.05,450.0,,27593,0,470.0,470.0,449.0
2015-07-16,0.0,8.86,479.0,,12248,0,440.0,479.0,435.0
2015-07-15,0.0,0.46,440.0,,24086,0,440.0,442.0,435.0
2015-07-14,0.0,-0.45,438.0,,3340,0,436.0,445.0,436.0
2015-07-13,0.0,1.15,440.0,,13996,0,443.0,443.0,431.0
2015-07-12,0.0,-1.14,435.0,,8085,0,440.0,440.0,435.0
2015-07-09,0.0,0.0,440.0,,5808,0,445.0,445.0,438.0
2015-07-08,0.0,0.46,440.0,,9307,0,445.0,445.0,436.0
2015-07-07,0.0,0.23,438.0,,9442,0,432.0,440.0,432.0
2015-07-06,0.0,0.23,437.0,,11773,0,431.0,437.0,431.0
2015-07-05,0.0,0.0,436.0,,8659,0,435.0,437.0,434.0
2015-07-02,0.0,-0.91,436.0,,6162,0,439.0,441.0,436.0
2015-07-01,0.0,-3.51,440.0,,19903,0,448.0,456.0,438.0
2015-06-30,0.0,1.79,456.0,,16390,0,443.0,456.0,432.0
2015-06-29,0.0,1.59,448.0,,10424,0,449.0,455.0,440.0
2015-06-28,0.0,-0.45,441.0,,8797,0,444.0,445.0,440.0
2015-06-25,0.0,-0.45,443.0,,4746,0,450.0,453.0,443.0
2015-06-24,0.0,-4.91,445.0,,76408,0,459.0,459.0,433.0
2015-06-23,0.0,4.0,468.0,,1289,0,448.0,468.0,447.0
2015-06-22,0.0,0.9,450.0,,2235,0,446.0,460.0,446.0
2015-06-21,0.0,-4.5,446.0,,8099,0,467.0,465.0,446.0
2015-06-18,0.0,1.52,467.0,,1027,0,460.0,468.0,452.0
2015-06-17,0.0,1.1,460.0,,13343,0,455.0,463.0,454.0
2015-06-16,0.0,-2.78,455.0,,5024,0,468.0,479.0,455.0
2015-06-15,0.0,0.0,467.0,,2729,0,467.0,474.0,464.0
2015-06-11,0.0,-3.51,467.0,,3718,0,484.0,476.0,467.0
2015-06-10,0.0,0.0,484.0,,5732,0,484.0,490.0,480.0
2015-06-09,0.0,6.14,484.0,,24642,0,456.0,501.0,465.0
2015-06-08,0.0,1.33,456.0,,4898,0,450.0,459.0,450.0
2015-06-07,0.0,1.81,450.0,,2598,0,442.0,451.0,442.0
2015-06-04,0.0,-1.78,442.0,,5385,0,450.0,460.0,442.0
2015-06-03,0.0,1.81,450.0,,6143,0,442.0,461.0,445.0
2015-06-02,0.0,0.91,442.0,,2529,0,438.0,442.0,430.0
2015-06-01,0.0,2.34,438.0,,7308,0,428.0,448.0,431.0
2015-05-31,0.0,6.47,428.0,,5959,0,402.0,429.0,410.0
2015-05-28,0.0,3.08,402.0,,2672,0,390.0,404.0,397.0
2015-05-27,0.0,0.0,390.0,,3718,0,390.0,396.0,383.0
2015-05-26,0.0,-5.8,390.0,,3954,0,414.0,406.0,385.0
2015-05-25,0.0,-10.0,414.0,,60,0,460.0,451.0,414.0
2015-04-23,0.0,-0.86,460.0,,166,0,464.0,460.0,460.0
2015-04-22,0.0,0.0,460.0,,48,0,460.0,460.0,460.0
2015-04-21,0.0,1.1,460.0,,1757,0,455.0,469.0,457.0
2015-04-20,0.0,0.0,455.0,,6277,0,455.0,456.0,450.0
2015-04-19,0.0,2.71,455.0,,1152,0,443.0,459.0,440.0
2015-04-16,0.0,0.0,443.0,,24294,0,443.0,444.0,437.0
2015-04-15,0.0,-0.45,443.0,,20277,0,445.0,446.0,436.0
2015-04-13,0.0,-0.67,445.0,,13516,0,448.0,450.0,443.0
2015-04-12,0.0,-0.44,448.0,,19555,0,450.0,453.0,443.0
2015-04-09,0.0,-2.81,450.0,,9758,0,463.0,463.0,445.0
2015-04-08,0.0,3.81,463.0,,16072,0,446.0,464.0,445.0
2015-04-07,0.0,-1.98,446.0,,14355,0,455.0,455.0,443.0
2015-04-06,0.0,-0.87,455.0,,8379,0,459.0,478.0,441.0
2015-04-05,0.0,2.0,459.0,,13064,0,450.0,468.0,443.0
2015-04-02,0.0,-0.66,450.0,,21985,0,453.0,455.0,445.0
2015-04-01,0.0,-2.58,453.0,,13786,0,465.0,474.0,445.0
2015-03-31,0.0,3.56,465.0,,6396,0,449.0,465.0,445.0
2015-03-30,0.0,-0.22,449.0,,17961,0,450.0,450.0,445.0
2015-03-29,0.0,-1.1,450.0,,5476,0,455.0,464.0,440.0
2015-03-26,0.0,1.56,455.0,,4949,0,448.0,455.0,442.0
2015-03-25,0.0,-1.54,448.0,,5948,0,455.0,459.0,446.0
2015-03-24,0.0,0.44,455.0,,8192,0,453.0,462.0,448.0
2015-03-23,0.0,-2.16,453.0,,26291,0,463.0,470.0,450.0
2015-03-22,0.0,0.65,463.0,,7310,0,460.0,470.0,455.0
2015-03-19,0.0,-2.13,460.0,,5779,0,470.0,478.0,460.0
2015-03-18,0.0,2.62,470.0,,14711,0,458.0,470.0,450.0
2015-03-17,0.0,0.66,458.0,,3455,0,455.0,469.0,450.0
2015-03-16,0.0,-1.3,455.0,,8293,0,461.0,464.0,452.0
2015-03-15,0.0,-0.86,461.0,,3973,0,465.0,461.0,455.0
2015-03-12,0.0,-0.43,465.0,,8955,0,467.0,470.0,460.0
2015-03-11,0.0,-0.43,467.0,,11719,0,469.0,475.0,463.0
2015-03-10,0.0,-1.05,469.0,,11029,0,474.0,473.0,460.0
2015-03-09,0.0,0.85,474.0,,8266,0,470.0,480.0,470.0
2015-03-04,0.0,-0.84,470.0,,12949,0,474.0,482.0,468.0
2015-03-03,0.0,-1.25,474.0,,16423,0,480.0,485.0,463.0
2015-03-02,0.0,2.35,480.0,,9692,0,469.0,480.0,469.0
2015-03-01,0.0,1.74,469.0,,4817,0,461.0,469.0,460.0
2015-02-26,0.0,0.44,460.0,,849,0,458.0,463.0,455.0
2015-02-25,0.0,-0.43,458.0,,10498,0,460.0,462.0,450.0
2015-02-24,0.0,-0.86,460.0,,14515,0,464.0,465.0,455.0
2015-02-23,0.0,-0.43,464.0,,8959,0,466.0,465.0,453.0
2015-02-22,0.0,-1.48,466.0,,10020,0,473.0,470.0,461.0
2015-02-19,0.0,0.64,473.0,,7061,0,470.0,479.0,470.0
2015-02-16,0.0,-1.05,470.0,,12363,0,475.0,479.0,468.0
2015-02-15,0.0,-2.26,475.0,,5215,0,486.0,486.0,475.0
2015-02-12,0.0,0.83,486.0,,8991,0,482.0,488.0,473.0
2015-02-11,0.0,-0.62,482.0,,8931,0,485.0,485.0,472.0
2015-02-10,0.0,-1.22,485.0,,5106,0,491.0,485.0,476.0
2015-02-09,0.0,1.45,491.0,,28340,0,484.0,491.0,475.0
2015-02-08,0.0,-3.2,484.0,,20002,0,500.0,495.0,481.0
2015-02-05,0.0,1.21,500.0,,20051,0,494.0,500.0,480.0
2015-02-04,0.0,1.86,494.0,,15337,0,485.0,494.0,483.0
2015-02-03,0.0,-2.02,485.0,,13774,0,495.0,494.0,480.0
2015-02-02,0.0,-0.6,495.0,,25922,0,498.0,500.0,490.0
2015-02-01,0.0,-0.4,498.0,,23441,0,500.0,501.0,495.0
2015-01-29,0.0,-0.6,500.0,,17228,0,503.0,507.0,490.0
2015-01-28,0.0,1.41,503.0,,18808,0,496.0,505.0,497.0
2015-01-27,0.0,-0.8,496.0,,13474,0,500.0,502.0,493.0
2015-01-26,0.0,0.4,500.0,,35514,0,498.0,503.0,495.0
2015-01-25,0.0,1.01,498.0,,13076,0,493.0,501.0,491.0
2015-01-22,0.0,-1.4,493.0,,7305,0,500.0,500.0,490.0
2015-01-20,0.0,-1.77,500.0,,13284,0,509.0,514.0,490.0
2015-01-19,0.0,1.8,509.0,,30173,0,500.0,535.0,500.0
2015-01-18,0.0,0.0,500.0,,9354,0,500.0,510.0,497.0
2015-01-14,0.0,-0.4,500.0,,5095,0,502.0,502.0,498.0
2015-01-13,0.0,0.4,502.0,,15758,0,500.0,505.0,495.0
2015-01-12,0.0,-0.79,500.0,,21360,0,504.0,508.0,495.0
2015-01-11,0.0,0.2,504.0,,4963,0,503.0,505.0,496.0
2015-01-08,0.0,0.4,503.0,,16983,0,501.0,510.0,500.0
2015-01-07,0.0,-0.4,501.0,,20370,0,503.0,505.0,495.0
2015-01-06,0.0,0.2,503.0,,7248,0,502.0,505.0,487.0
2015-01-05,0.0,0.0,502.0,,5955,0,502.0,513.0,490.0
2015-01-04,0.0,1.01,502.0,,7802,0,497.0,508.0,497.0
2015-01-01,0.0,0.4,497.0,,7761,0,495.0,504.0,495.0
2014-12-31,0.0,-0.2,495.0,,10905,0,496.0,498.0,491.0
2014-12-29,0.0,-0.8,496.0,,3128,0,500.0,510.0,486.0
2014-12-28,0.0,2.04,500.0,,11708,0,490.0,504.0,495.0
2014-12-24,0.0,-0.2,490.0,,8760,0,491.0,495.0,484.0
2014-12-23,0.0,0.2,491.0,,1850,0,490.0,493.0,485.0
2014-12-22,0.0,0.41,490.0,,4161,0,488.0,500.0,487.0
2014-12-21,0.0,-2.79,488.0,,8596,0,502.0,497.0,480.0
2014-12-18,0.0,-2.33,502.0,,6568,0,514.0,514.0,490.0
2014-12-17,0.0,-0.39,514.0,,5514,0,516.0,514.0,504.0
2014-12-16,0.0,0.19,516.0,,10815,0,515.0,523.0,501.0
2014-12-15,0.0,-1.34,515.0,,16257,0,522.0,530.0,502.0
2014-12-14,0.0,6.53,522.0,,5620,0,490.0,525.0,499.0
2014-12-11,0.0,0.82,490.0,,7395,0,486.0,499.0,483.0
2014-12-10,0.0,0.41,486.0,,5518,0,484.0,497.0,480.0
2014-12-09,0.0,0.41,484.0,,1943,0,482.0,489.0,482.0
2014-12-08,0.0,-0.41,482.0,,1021,0,484.0,487.0,482.0
2014-12-07,0.0,-0.41,484.0,,11269,0,486.0,487.0,475.0
2014-12-04,0.0,-2.02,486.0,,7063,0,496.0,500.0,480.0
2014-12-03,0.0,5.53,496.0,,4364,0,470.0,496.0,470.0
2014-12-02,0.0,-2.08,470.0,,9726,0,480.0,479.0,458.0
2014-12-01,0.0,-2.44,480.0,,4166,0,492.0,500.0,480.0
2014-11-30,0.0,-1.2,492.0,,1212,0,498.0,492.0,485.0
2014-11-25,0.0,0.81,498.0,,684,0,494.0,498.0,481.0
2014-11-24,0.0,1.86,494.0,,3005,0,485.0,494.0,481.0
2014-11-23,0.0,-1.22,485.0,,6266,0,491.0,510.0,483.0
2014-11-20,0.0,-0.81,491.0,,6181,0,495.0,500.0,485.0
2014-11-19,0.0,5.32,495.0,,2778,0,470.0,495.0,466.0
2014-11-18,0.0,-1.47,470.0,,10648,0,477.0,487.0,445.0
2014-11-17,0.0,-4.6,477.0,,7705,0,500.0,499.0,475.0
2014-11-16,0.0,0.0,500.0,,11463,0,500.0,504.0,490.0
2014-11-13,0.0,-0.99,500.0,,10138,0,505.0,509.0,495.0
2014-11-12,0.0,-7.0,505.0,,9585,0,543.0,535.0,500.0
2014-11-11,0.0,3.82,543.0,,20,0,523.0,543.0,533.0
2014-11-10,0.0,3.56,523.0,,2540,0,505.0,523.0,483.0
2014-11-09,0.0,-1.75,505.0,,6393,0,514.0,509.0,491.0
2014-11-06,0.0,0.78,514.0,,6993,0,510.0,520.0,502.0
2014-11-05,0.0,1.19,510.0,,5470,0,504.0,510.0,496.0
2014-11-04,0.0,0.8,504.0,,14816,0,500.0,504.0,485.0
2014-11-03,0.0,-2.53,500.0,,13118,0,513.0,511.0,495.0
2014-11-02,0.0,-1.35,513.0,,12460,0,520.0,525.0,506.0
2014-10-30,0.0,-1.33,520.0,,8011,0,527.0,535.0,520.0
2014-10-28,0.0,-1.13,527.0,,1255,0,533.0,530.0,527.0
2014-10-27,0.0,1.33,533.0,,6826,0,526.0,535.0,528.0
2014-10-26,0.0,-1.5,526.0,,3968,0,534.0,540.0,524.0
2014-10-22,0.0,-0.56,534.0,,1276,0,537.0,540.0,534.0
2014-10-21,0.0,0.19,537.0,,7501,0,536.0,542.0,526.0
2014-10-20,0.0,1.52,536.0,,2474,0,528.0,545.0,528.0
2014-10-19,0.0,-1.31,528.0,,3321,0,535.0,537.0,525.0
2014-10-16,0.0,-1.83,535.0,,7397,0,545.0,555.0,535.0
2014-10-15,0.0,0.55,545.0,,8277,0,542.0,562.0,533.0
2014-10-14,0.0,-2.34,542.0,,3861,0,555.0,550.0,540.0
2014-10-13,0.0,0.0,555.0,,6105,0,555.0,555.0,537.0
2014-10-12,0.0,3.93,555.0,,3501,0,534.0,555.0,532.0
2014-10-09,0.0,-0.74,534.0,,1218,0,538.0,540.0,534.0
2014-10-08,0.0,-1.28,538.0,,560,0,545.0,540.0,526.0
2014-09-30,0.0,0.0,545.0,,2783,0,545.0,560.0,544.0
2014-09-29,0.0,1.49,545.0,,5979,0,537.0,551.0,525.0
2014-09-28,0.0,-1.47,537.0,,7706,0,545.0,545.0,520.0
2014-09-24,0.0,1.23,660.0,,70467,0,652.0,668.0,641.0
2014-09-23,0.0,1.88,652.0,,40712,0,640.0,658.0,641.0
2014-09-22,0.0,0.16,640.0,,35309,0,639.0,651.0,636.0
2014-09-21,0.0,-1.99,639.0,,43603,0,652.0,660.0,636.0
2014-09-18,0.0,0.45,668.0,,1446,0,665.0,670.0,664.0
2014-09-17,0.0,-1.04,665.0,,33367,0,672.0,688.0,665.0
2014-09-16,0.0,0.3,672.0,,30056,0,670.0,679.0,667.0
2014-09-15,0.0,0.0,670.0,,30300,0,670.0,680.0,667.0
2014-09-14,0.0,-1.33,670.0,,37024,0,679.0,675.0,654.0
2014-09-11,0.0,0.15,679.0,,34004,0,678.0,679.0,653.0
2014-09-10,0.0,-2.87,678.0,,63006,0,698.0,712.0,661.0
2014-09-09,0.0,8.55,698.0,,94226,0,643.0,698.0,650.0
2014-09-07,0.0,-0.62,643.0,,105674,0,647.0,688.0,641.0
2014-09-04,0.0,-1.37,647.0,,22469,0,656.0,657.0,610.0
2014-09-03,0.0,-1.94,656.0,,16033,0,669.0,670.0,644.0
2014-09-01,0.0,2.92,669.0,,16832,0,650.0,669.0,623.0
2014-08-31,0.0,-4.41,650.0,,22921,0,680.0,679.0,647.0
2014-08-28,0.0,1.49,680.0,,23970,0,670.0,689.0,647.0
2014-08-27,0.0,6.35,670.0,,22249,0,630.0,674.0,642.0
2014-08-26,0.0,-1.56,630.0,,21490,0,640.0,675.0,620.0
2014-08-25,0.0,-3.76,640.0,,20014,0,665.0,665.0,635.0
2014-08-24,0.0,-0.6,665.0,,18183,0,669.0,677.0,662.0
2014-08-21,0.0,1.36,669.0,,40323,0,660.0,685.0,637.0
2014-08-20,0.0,-3.51,660.0,,44578,0,684.0,682.0,660.0
2014-08-19,0.0,2.09,684.0,,19496,0,670.0,695.0,670.0
2014-08-18,0.0,-2.33,670.0,,25605,0,686.0,690.0,666.0
2014-08-14,0.0,-2.28,686.0,,20149,0,702.0,697.0,678.0
2014-08-13,0.0,2.18,702.0,,16606,0,687.0,702.0,663.0
2014-08-12,0.0,-1.86,687.0,,24040,0,700.0,705.0,681.0
2014-08-07,0.0,0.0,700.0,,21252,0,700.0,703.0,692.0
2014-08-06,0.0,-1.55,700.0,,21742,0,711.0,718.0,699.0
2014-08-05,0.0,-0.56,711.0,,26129,0,715.0,727.0,705.0
2014-08-04,0.0,-1.24,715.0,,24276,0,724.0,724.0,698.0
2014-08-03,0.0,2.84,724.0,,52192,0,704.0,745.0,710.0
2014-07-31,0.0,0.57,704.0,,31721,0,700.0,704.0,691.0
2014-07-30,0.0,-0.57,700.0,,39473,0,704.0,707.0,698.0
2014-07-28,0.0,-1.26,704.0,,13243,0,713.0,707.0,691.0
2014-07-27,0.0,-1.66,713.0,,22868,0,725.0,730.0,703.0
2014-07-24,0.0,-3.72,725.0,,18391,0,753.0,750.0,720.0
2014-07-23,0.0,3.86,753.0,,25718,0,725.0,753.0,720.0
2014-07-22,0.0,-0.96,725.0,,25032,0,732.0,746.0,709.0
2014-07-21,0.0,-1.88,732.0,,44917,0,746.0,765.0,715.0
2014-07-20,0.0,8.12,746.0,,51458,0,690.0,746.0,698.0
2014-07-17,0.0,-0.72,690.0,,32711,0,695.0,698.0,677.0
2014-07-16,0.0,3.73,695.0,,41977,0,670.0,695.0,663.0
2014-07-15,0.0,3.08,670.0,,36777,0,650.0,676.0,645.0
2014-07-14,0.0,-3.42,650.0,,28981,0,673.0,675.0,641.0
2014-07-13,0.0,3.54,673.0,,64168,0,650.0,690.0,640.0
2014-07-10,0.0,3.34,650.0,,59074,0,629.0,650.0,618.0
2014-07-09,0.0,-0.32,629.0,,17086,0,631.0,635.0,617.0
2014-07-08,0.0,4.82,631.0,,24142,0,602.0,631.0,600.0
2014-07-07,0.0,0.84,602.0,,23521,0,597.0,610.0,575.0
2014-07-06,0.0,0.0,597.0,,17273,0,597.0,600.0,591.0
2014-07-03,0.0,-0.5,597.0,,15916,0,600.0,600.0,590.0
2014-07-02,0.0,1.18,600.0,,20996,0,593.0,600.0,592.0
2014-07-01,0.0,1.02,593.0,,22138,0,587.0,598.0,587.0
2014-06-30,0.0,-2.65,587.0,,15675,0,603.0,600.0,586.0
2014-06-29,0.0,1.34,603.0,,11877,0,595.0,604.0,592.0
2014-06-26,0.0,-1.33,595.0,,8354,0,603.0,602.0,595.0
2014-06-25,0.0,1.86,603.0,,15869,0,592.0,610.0,590.0
2014-06-24,0.0,-1.5,592.0,,7077,0,601.0,602.0,578.0
2014-06-23,0.0,0.17,601.0,,10971,0,600.0,605.0,590.0
2014-06-19,0.0,-1.64,600.0,,25323,0,610.0,616.0,600.0
2014-06-18,0.0,-3.17,610.0,,39012,0,630.0,619.0,609.0
2014-06-17,0.0,0.48,630.0,,34640,0,627.0,630.0,600.0
2014-06-16,0.0,4.5,627.0,,72512,0,600.0,630.0,596.0
2014-06-15,0.0,-0.66,600.0,,35809,0,604.0,610.0,589.0
2014-06-12,0.0,3.96,604.0,,22052,0,581.0,604.0,580.0
2014-06-11,0.0,1.22,581.0,,27734,0,574.0,600.0,574.0
2014-06-10,0.0,1.77,574.0,,22977,0,564.0,584.0,560.0
2014-06-09,0.0,-0.53,564.0,,16273,0,567.0,571.0,562.0
2014-06-08,0.0,-0.53,567.0,,11598,0,570.0,571.0,560.0
2014-06-05,0.0,-0.35,570.0,,9662,0,572.0,573.0,560.0
2014-06-04,0.0,-1.38,572.0,,10534,0,580.0,580.0,570.0
2014-06-03,0.0,0.0,580.0,,19076,0,580.0,582.0,565.0
2014-06-02,0.0,1.4,580.0,,16791,0,572.0,580.0,560.0
2014-06-01,0.0,-1.38,572.0,,13389,0,580.0,581.0,565.0
2014-05-28,0.0,1.75,580.0,,14169,0,570.0,580.0,571.0
2014-05-27,0.0,-1.55,570.0,,15008,0,579.0,580.0,570.0
2014-05-26,0.0,-0.52,579.0,,19047,0,582.0,581.0,572.0
2014-05-25,0.0,-0.85,582.0,,12745,0,587.0,592.0,580.0
2014-05-22,0.0,0.34,587.0,,20332,0,585.0,594.0,585.0
2014-05-21,0.0,-0.85,585.0,,14410,0,590.0,595.0,581.0
2014-05-20,0.0,-1.83,590.0,,29084,0,601.0,590.0,578.0
2014-05-19,0.0,2.04,601.0,,30995,0,589.0,605.0,578.0
2014-05-18,0.0,-3.44,589.0,,22032,0,610.0,610.0,589.0
2014-05-15,0.0,-0.97,610.0,,25482,0,616.0,625.0,610.0
2014-05-13,0.0,-0.48,616.0,,17262,0,619.0,625.0,608.0
2014-05-12,0.0,-0.96,619.0,,40640,0,625.0,629.0,610.0
2014-05-11,0.0,-3.1,625.0,,41683,0,645.0,638.0,620.0
2014-05-08,0.0,-2.71,645.0,,104940,0,663.0,665.0,627.0
2014-05-07,0.0,5.74,663.0,,197509,0,627.0,689.0,639.0
2014-05-06,0.0,10.0,627.0,,50,0,570.0,627.0,581.0
2014-05-05,0.0,9.83,570.0,,218,0,519.0,570.0,529.0
2014-05-04,0.0,9.96,519.0,,1764,0,472.0,519.0,481.0
2014-04-30,0.0,9.77,472.0,,60,0,430.0,472.0,438.0
2013-11-10,0.0,-3.15,430.0,,40465,0,444.0,451.0,426.0
2013-11-07,0.0,0.91,444.0,,39373,0,440.0,456.0,435.0
2013-11-06,0.0,-3.72,440.0,,6436,0,457.0,455.0,440.0
2013-10-31,0.0,1.33,457.0,,28479,0,451.0,473.0,450.0
2013-10-30,0.0,0.67,451.0,,11836,0,448.0,460.0,441.0
2013-10-29,0.0,0.22,448.0,,3152,0,447.0,451.0,446.0
2013-10-28,0.0,-0.67,447.0,,11688,0,450.0,451.0,441.0
2013-10-27,0.0,0.0,450.0,,5304,0,450.0,458.0,446.0
2013-10-24,0.0,-2.39,450.0,,50950,0,461.0,456.0,445.0
2013-10-23,0.0,0.22,461.0,,9894,0,460.0,463.0,450.0
2013-10-22,0.0,1.1,460.0,,20608,0,455.0,460.0,452.0
2013-10-21,0.0,2.02,455.0,,13555,0,446.0,458.0,442.0
2013-10-20,0.0,3.48,446.0,,9550,0,431.0,449.0,438.0
2013-10-17,0.0,0.7,431.0,,8357,0,428.0,439.0,423.0
2013-10-10,0.0,0.23,428.0,,8225,0,427.0,435.0,417.0
2013-10-09,0.0,2.89,427.0,,1960,0,415.0,427.0,411.0
2013-10-08,0.0,-1.43,415.0,,1250,0,421.0,429.0,413.0
2013-10-07,0.0,5.25,421.0,,891,0,400.0,421.0,392.0
2013-10-06,0.0,0.25,400.0,,1414,0,399.0,401.0,395.0
2013-10-03,0.0,0.25,399.0,,2521,0,398.0,399.0,393.0
2013-10-02,0.0,-0.5,398.0,,2553,0,400.0,400.0,392.0
2013-10-01,0.0,0.76,400.0,,2062,0,397.0,401.0,393.0
2013-09-30,0.0,-0.75,397.0,,4273,0,400.0,400.0,391.0
2013-09-29,0.0,0.0,400.0,,2314,0,400.0,401.0,395.0
2013-09-26,0.0,-0.25,400.0,,4898,0,401.0,405.0,400.0
2013-09-25,0.0,-0.25,401.0,,5858,0,402.0,407.0,395.0
2013-09-24,0.0,-0.99,402.0,,4881,0,406.0,410.0,400.0
2013-09-23,0.0,0.5,406.0,,6332,0,404.0,411.0,399.0
2013-09-22,0.0,-3.81,404.0,,6710,0,420.0,412.0,400.0
2013-09-19,0.0,5.53,420.0,,5539,0,398.0,425.0,396.0
2013-09-17,0.0,-2.21,398.0,,8215,0,407.0,407.0,398.0
2013-09-16,0.0,-0.49,407.0,,5013,0,409.0,410.0,401.0
2013-09-15,0.0,-2.85,409.0,,4223,0,421.0,423.0,405.0
2013-09-12,0.0,0.24,421.0,,7907,0,420.0,427.0,419.0
2013-09-11,0.0,0.0,420.0,,6957,0,420.0,429.0,415.0
2013-09-10,0.0,-2.33,420.0,,6261,0,430.0,425.0,420.0
2013-09-09,0.0,1.65,430.0,,5365,0,423.0,435.0,425.0
2013-09-08,0.0,0.24,423.0,,4047,0,422.0,427.0,423.0
2013-09-05,0.0,-1.86,422.0,,6760,0,430.0,427.0,421.0
2013-09-04,0.0,-0.23,430.0,,6439,0,431.0,430.0,424.0
2013-09-03,0.0,0.23,431.0,,5877,0,430.0,434.0,428.0
2013-09-02,0.0,-0.69,430.0,,6230,0,433.0,433.0,423.0
2013-09-01,0.0,0.93,433.0,,3549,0,429.0,435.0,428.0
2013-08-29,0.0,0.94,429.0,,5418,0,425.0,435.0,422.0
2013-08-27,0.0,-0.7,425.0,,37090,0,428.0,445.0,421.0
2013-08-26,0.0,-1.61,428.0,,4468,0,435.0,435.0,427.0
2013-08-25,0.0,-2.9,435.0,,3871,0,448.0,445.0,432.0
2013-08-20,0.0,1.13,448.0,,15091,0,443.0,448.0,437.0
2013-08-19,0.0,0.45,443.0,,11651,0,441.0,451.0,432.0
2013-08-18,0.0,2.56,441.0,,23584,0,430.0,447.0,422.0
2013-08-15,0.0,-3.15,430.0,,7007,0,444.0,451.0,425.0
2013-08-14,0.0,-1.11,444.0,,7899,0,449.0,449.0,441.0
2013-08-13,0.0,-0.44,449.0,,7911,0,451.0,455.0,447.0
2013-08-12,0.0,-1.74,451.0,,8484,0,459.0,464.0,450.0
2013-08-11,0.0,-3.37,459.0,,7270,0,475.0,475.0,451.0
2013-08-08,0.0,-2.86,475.0,,9980,0,489.0,490.0,471.0
2013-08-07,0.0,-3.17,489.0,,21531,0,505.0,508.0,486.0
2013-08-06,0.0,6.32,505.0,,51758,0,475.0,514.0,475.0
2013-08-05,0.0,9.95,475.0,,288,0,432.0,475.0,440.0
2013-05-14,0.0,-3.36,432.0,,36011,0,447.0,442.0,426.0
2013-05-13,0.0,-0.22,447.0,,9340,0,448.0,447.0,425.0
2013-05-12,0.0,0.45,448.0,,1421,0,446.0,448.0,435.0
2013-05-09,0.0,0.45,446.0,,2146,0,444.0,452.0,440.0
2013-05-08,0.0,-2.42,444.0,,4781,0,455.0,464.0,443.0
2013-05-07,0.0,4.6,455.0,,17062,0,435.0,462.0,431.0
2013-05-06,0.0,-6.45,435.0,,9322,0,465.0,456.0,419.0
2013-05-05,0.0,-4.12,465.0,,5675,0,485.0,478.0,436.0
2013-05-02,0.0,0.83,485.0,,3369,0,481.0,489.0,467.0
2013-04-30,0.0,-1.03,481.0,,6953,0,486.0,483.0,479.0
2013-04-29,0.0,1.25,486.0,,5471,0,480.0,490.0,479.0
2013-04-28,0.0,-1.64,480.0,,9870,0,488.0,493.0,479.0
2013-04-25,0.0,-1.61,488.0,,2497,0,496.0,504.0,486.0
2013-04-23,0.0,0.61,496.0,,9788,0,493.0,505.0,493.0
2013-04-22,0.0,-0.4,493.0,,10553,0,495.0,493.0,475.0
2013-04-21,0.0,-2.56,495.0,,15641,0,508.0,518.0,490.0
2013-04-18,0.0,-1.74,508.0,,8169,0,517.0,513.0,506.0
2013-04-17,0.0,-0.58,517.0,,9228,0,520.0,519.0,510.0
2013-04-16,0.0,0.97,520.0,,4194,0,515.0,520.0,507.0
2013-04-15,0.0,0.39,515.0,,10538,0,513.0,526.0,515.0
2013-04-11,0.0,-0.58,513.0,,10235,0,516.0,525.0,510.0
2013-04-09,0.0,2.79,516.0,,9482,0,502.0,516.0,495.0
2013-04-08,0.0,0.6,502.0,,9152,0,499.0,503.0,496.0
2013-04-07,0.0,0.4,499.0,,4584,0,497.0,501.0,493.0
2013-04-04,0.0,-0.6,497.0,,4475,0,500.0,501.0,483.0
2013-04-03,0.0,-1.38,500.0,,5659,0,507.0,506.0,497.0
2013-04-02,0.0,1.0,507.0,,8638,0,502.0,510.0,490.0
2013-04-01,0.0,4.15,502.0,,16704,0,482.0,502.0,473.0
2013-03-31,0.0,-3.21,482.0,,12315,0,498.0,492.0,480.0
2013-03-28,0.0,-0.2,498.0,,6050,0,499.0,500.0,491.0
2013-03-27,0.0,-0.99,499.0,,5051,0,504.0,501.0,497.0
2013-03-25,0.0,0.8,504.0,,10422,0,500.0,508.0,492.0
2013-03-24,0.0,-1.19,500.0,,8985,0,506.0,505.0,497.0
2013-03-21,0.0,-1.56,506.0,,13949,0,514.0,514.0,500.0
2013-03-20,0.0,-1.34,514.0,,16270,0,521.0,526.0,510.0
2013-03-19,0.0,-0.95,521.0,,13086,0,526.0,533.0,511.0
2013-03-18,0.0,0.38,526.0,,16018,0,524.0,534.0,511.0
2013-03-17,0.0,-1.13,524.0,,16582,0,530.0,536.0,512.0
2013-03-14,0.0,2.51,530.0,,19147,0,517.0,557.0,515.0
2013-03-13,0.0,3.4,517.0,,11206,0,500.0,517.0,503.0
2013-03-11,0.0,1.01,500.0,,8775,0,495.0,508.0,496.0
2013-03-07,0.0,-0.8,495.0,,7774,0,499.0,500.0,475.0
2013-03-06,0.0,1.63,499.0,,12909,0,491.0,501.0,484.0
2013-03-05,0.0,1.87,491.0,,12422,0,482.0,500.0,490.0
2013-03-04,0.0,-3.41,482.0,,27727,0,499.0,501.0,482.0
2013-03-03,0.0,2.25,499.0,,16091,0,488.0,500.0,488.0
2013-02-28,0.0,0.83,488.0,,22055,0,484.0,490.0,479.0
2013-02-27,0.0,-0.41,484.0,,27729,0,486.0,490.0,475.0
2013-02-26,0.0,0.41,486.0,,16756,0,484.0,493.0,480.0
2013-02-25,0.0,5.22,484.0,,21953,0,460.0,485.0,466.0
2013-02-24,0.0,-1.71,460.0,,12103,0,468.0,467.0,457.0
2013-02-21,0.0,0.65,468.0,,13474,0,465.0,485.0,450.0
2013-02-20,0.0,-1.06,465.0,,18130,0,470.0,468.0,444.0
2013-02-19,0.0,-2.89,470.0,,28140,0,484.0,532.0,469.0
2013-02-17,0.0,9.75,484.0,,1848,0,441.0,485.0,449.0
2013-02-14,0.0,0.68,441.0,,18055,0,438.0,448.0,430.0
2013-02-13,0.0,0.0,438.0,,9073,0,438.0,438.0,418.0
2013-02-12,0.0,5.54,438.0,,19909,0,415.0,438.0,415.0
2013-02-10,0.0,-0.24,415.0,,8687,0,416.0,415.0,409.0
2013-02-07,0.0,-0.24,416.0,,5440,0,417.0,416.0,410.0
2013-02-06,0.0,0.24,417.0,,2049,0,416.0,417.0,410.0
2013-02-05,0.0,-1.89,416.0,,2858,0,424.0,421.0,413.0
2013-02-04,0.0,2.42,424.0,,6088,0,414.0,424.0,409.0
2013-02-03,0.0,2.22,414.0,,7579,0,405.0,418.0,408.0
2013-01-31,0.0,0.0,405.0,,4602,0,405.0,405.0,400.0
2013-01-30,0.0,-1.22,405.0,,10470,0,410.0,407.0,400.0
2013-01-28,0.0,0.49,410.0,,8533,0,408.0,410.0,402.0
2013-01-27,0.0,2.0,408.0,,15069,0,400.0,420.0,404.0
2013-01-24,0.0,-1.48,400.0,,8814,0,406.0,405.0,400.0
2013-01-23,0.0,-0.25,406.0,,19911,0,407.0,413.0,400.0
2013-01-22,0.0,1.24,407.0,,17050,0,402.0,414.0,401.0
2013-01-21,0.0,1.52,402.0,,6102,0,396.0,411.0,392.0
2013-01-20,0.0,-2.46,396.0,,8069,0,406.0,400.0,382.0
2013-01-17,0.0,-1.69,406.0,,6009,0,413.0,419.0,400.0
2013-01-16,0.0,-3.05,413.0,,3443,0,426.0,425.0,410.0
2013-01-15,0.0,6.5,426.0,,7416,0,400.0,427.0,397.0
2013-01-13,0.0,-2.44,400.0,,7622,0,410.0,404.0,394.0
2013-01-10,0.0,2.76,410.0,,5251,0,399.0,410.0,395.0
2013-01-09,0.0,-0.75,399.0,,2169,0,402.0,401.0,397.0
2013-01-08,0.0,-0.5,402.0,,2702,0,404.0,407.0,397.0
2013-01-07,0.0,-1.46,404.0,,4396,0,410.0,407.0,402.0
2013-01-06,0.0,-1.2,410.0,,6373,0,415.0,414.0,405.0
2013-01-03,0.0,0.97,415.0,,8071,0,411.0,420.0,412.0
2013-01-02,0.0,0.0,411.0,,6761,0,411.0,418.0,396.0
2013-01-01,0.0,-3.52,411.0,,1508,0,426.0,418.0,410.0
2012-12-31,0.0,-1.62,426.0,,5621,0,433.0,426.0,411.0
2012-12-27,0.0,-3.56,433.0,,38430,0,449.0,445.0,430.0
2012-12-26,0.0,2.28,449.0,,55877,0,439.0,450.0,420.0
2012-12-24,0.0,3.54,439.0,,15165,0,424.0,443.0,424.0
2012-12-23,0.0,-0.24,424.0,,13684,0,425.0,433.0,420.0
2012-12-20,0.0,-2.97,425.0,,8162,0,438.0,438.0,425.0
2012-12-19,0.0,0.46,438.0,,6949,0,436.0,440.0,431.0
2012-12-18,0.0,-0.46,436.0,,13364,0,438.0,436.0,415.0
2012-12-17,0.0,2.1,438.0,,36008,0,429.0,447.0,430.0
2012-12-16,0.0,8.61,429.0,,27653,0,395.0,430.0,396.0
2012-12-13,0.0,1.28,395.0,,8951,0,390.0,397.0,393.0
2012-12-11,0.0,0.26,390.0,,12681,0,389.0,392.0,388.0
2012-12-10,0.0,0.52,389.0,,9827,0,387.0,393.0,384.0
2012-12-09,0.0,-4.21,387.0,,12055,0,404.0,398.0,383.0
2012-12-06,0.0,1.0,404.0,,29266,0,400.0,404.0,385.0
2012-12-05,0.0,5.26,400.0,,14715,0,380.0,400.0,379.0
2012-12-04,0.0,4.4,380.0,,11242,0,364.0,382.0,368.0
2012-12-03,0.0,-1.62,364.0,,5403,0,370.0,370.0,355.0
2012-12-02,0.0,-2.63,370.0,,9600,0,380.0,380.0,366.0
2012-11-29,0.0,0.0,380.0,,12950,0,380.0,395.0,373.0
2012-11-28,0.0,3.83,380.0,,17520,0,366.0,385.0,368.0
2012-11-27,0.0,1.95,366.0,,15772,0,359.0,369.0,345.0
2012-11-26,0.0,1.99,359.0,,130815,0,352.0,359.0,334.0
2012-11-25,0.0,2.92,352.0,,13675,0,342.0,370.0,343.0
2012-11-22,0.0,-0.29,342.0,,9816,0,343.0,344.0,330.0
2012-11-21,0.0,3.0,343.0,,10747,0,333.0,344.0,321.0
2012-11-20,0.0,4.72,333.0,,7312,0,318.0,335.0,316.0
2012-11-18,0.0,1.6,318.0,,2200,0,313.0,326.0,310.0
2012-11-12,0.0,6.83,313.0,,3044,0,293.0,315.0,293.0
2012-11-11,0.0,-4.87,293.0,,9640,0,308.0,324.0,289.0
2012-11-08,0.0,-0.65,308.0,,9282,0,310.0,330.0,306.0
2012-11-07,0.0,1.97,310.0,,8988,0,304.0,310.0,300.0
2012-11-06,0.0,2.36,304.0,,4876,0,297.0,304.0,288.0
2012-11-05,0.0,0.34,297.0,,12136,0,296.0,307.0,283.0
2012-11-04,0.0,3.14,296.0,,16234,0,287.0,301.0,275.0
2012-11-01,0.0,3.24,287.0,,2017,0,278.0,287.0,269.0
2012-10-31,0.0,2.96,278.0,,4291,0,270.0,285.0,275.0
2012-10-30,0.0,1.5,270.0,,2478,0,266.0,275.0,263.0
2012-10-18,0.0,2.31,266.0,,3263,0,260.0,266.0,260.0
2012-10-17,0.0,3.17,260.0,,2975,0,252.0,260.0,247.0
2012-10-15,0.0,-0.79,252.0,,1589,0,254.0,254.0,249.0
2012-10-14,0.0,1.2,254.0,,1029,0,251.0,254.0,251.0
2012-10-11,0.0,-0.79,251.0,,3846,0,253.0,252.0,250.0
2012-10-10,0.0,-1.17,253.0,,1964,0,256.0,256.0,251.0
2012-10-09,0.0,1.59,256.0,,3945,0,252.0,256.0,250.0
2012-10-08,0.0,0.0,252.0,,7223,0,252.0,253.0,245.0
2012-10-07,0.0,0.8,252.0,,6485,0,250.0,255.0,248.0
2012-10-04,0.0,0.81,250.0,,3162,0,248.0,250.0,244.0
2012-10-03,0.0,0.0,248.0,,3424,0,248.0,251.0,244.0
2012-10-02,0.0,2.06,248.0,,2854,0,243.0,248.0,242.0
2012-10-01,0.0,-0.41,243.0,,5064,0,244.0,245.0,240.0
2012-09-30,0.0,-0.41,244.0,,7236,0,245.0,247.0,238.0
2012-09-27,0.0,-0.81,245.0,,4600,0,247.0,249.0,240.0
2012-09-26,0.0,-0.4,247.0,,7227,0,248.0,249.0,244.0
2012-09-25,0.0,0.0,248.0,,4830,0,248.0,249.0,244.0
2012-09-24,0.0,0.4,248.0,,9768,0,247.0,250.0,245.0
2012-09-23,0.0,-5.0,247.0,,5384,0,260.0,255.0,245.0
2012-09-20,0.0,-3.7,260.0,,11416,0,270.0,267.0,260.0
2012-09-19,0.0,-1.82,270.0,,4336,0,275.0,271.0,261.0
2012-09-18,0.0,1.85,275.0,,8686,0,270.0,277.0,260.0
2012-09-17,0.0,3.85,270.0,,6296,0,260.0,270.0,253.0
2012-09-16,0.0,1.96,260.0,,9406,0,255.0,260.0,243.0
2012-09-13,0.0,9.91,255.0,,27430,0,232.0,255.0,236.0
2012-09-12,0.0,9.95,232.0,,1131,0,211.0,232.0,215.0
2012-09-11,0.0,9.9,211.0,,376,0,192.0,211.0,195.0
2012-09-10,0.0,9.71,192.0,,254,0,175.0,192.0,178.0
2012-09-09,0.0,-65.95,175.0,,50,0,514.0,175.0,163.0
