DATE,CHANGE,CHANGE %,CLOSE,TURNOVER,VOLUME,TRADE,OPEN,HIGH,LOW
2026-05-08,9.0,1.97,465.0,11.45,2470,21,455.0,467.9,455.0
2026-05-07,0.0,0.0,456.0,29.28,6482,35,455.0,459.0,450.3
2026-05-06,5.0,1.11,456.0,29.47,6531,39,451.1,463.4,448.0
2026-05-05,1.0,0.22,451.0,14.65,3225,22,453.0,462.4,450.0
2026-05-04,-14.4,-3.1,450.0,20.72,4591,38,470.0,470.0,447.0
2026-04-30,3.4,0.74,464.4,28.68,6225,43,461.0,464.4,451.0
2026-04-29,-3.1,-0.67,461.0,16.52,3600,43,457.2,468.0,450.4
2026-04-28,-2.4,-0.51,464.1,17.95,3850,19,466.5,470.0,462.1
2026-04-27,-1.4,-0.3,466.5,9.34,1994,27,467.9,474.0,461.0
2026-04-24,-5.1,-1.08,467.9,26.91,5835,45,460.0,469.8,460.0
2026-04-23,-2.0,-0.42,473.0,11.49,2455,24,465.0,473.7,465.0
2026-04-22,5.0,1.06,475.0,48.38,10349,56,460.0,479.0,456.0
2026-04-21,-4.9,-1.03,470.0,28.76,6076,38,480.0,480.0,468.0
2026-04-20,-4.1,-0.86,474.9,34.23,7257,72,502.0,502.0,467.1
2026-04-17,2.0,0.42,479.0,38.03,8058,61,477.1,479.7,468.0
2026-04-16,-7.0,-1.45,477.0,59.63,12385,61,479.1,489.6,477.0
2026-04-15,8.0,1.68,484.0,40.8,8434,42,485.5,494.9,479.1
2026-04-13,-6.0,-1.24,476.0,76.93,16057,89,491.5,497.0,475.1
2026-04-10,-13.5,-2.72,482.0,27.29,5624,44,485.7,494.9,480.1
2026-04-09,1.5,0.3,495.5,66.87,13547,90,491.1,497.9,491.0
2026-04-08,13.0,2.7,494.0,69.78,14235,106,488.5,494.0,481.3
2026-04-07,1.0,0.21,481.0,64.71,13617,72,489.0,489.6,468.2
2026-04-06,20.0,4.35,480.0,90.96,19241,92,468.0,480.0,460.1
2026-04-05,-19.0,-3.97,460.0,,29903,184,470.0,479.4,443.0
2026-04-02,-6.0,-1.24,479.0,,21076,109,479.0,494.0,474.0
2026-04-01,-19.0,-3.77,485.0,74.85,15420,108,504.0,504.0,480.0
2026-03-31,14.0,2.86,504.0,,25679,153,490.0,504.9,483.0
2026-03-30,-6.0,-1.21,490.0,,32942,159,492.0,505.0,486.0
2026-03-29,-20.5,-3.97,496.0,,43537,213,506.7,520.0,495.0
2026-03-26,-6.6,-1.26,516.5,,30383,131,520.0,521.0,512.0
2026-03-25,-14.9,-2.77,523.1,,62939,216,535.0,537.0,520.4
2026-03-24,18.1,3.48,538.0,,103073,385,519.0,540.0,513.1
2026-03-23,7.9,1.54,519.9,,80936,316,522.0,523.0,508.2
2026-03-22,14.0,2.81,512.0,,95923,381,505.0,518.0,500.0
2026-03-19,14.2,2.94,498.0,,58397,196,485.5,500.6,485.5
2026-03-17,-1.2,-0.25,483.8,27.84,5781,57,481.1,489.0,477.0
2026-03-16,-2.1,-0.43,485.0,,25002,119,492.0,495.0,482.0
2026-03-15,-1.9,-0.39,487.1,,35932,150,493.0,498.7,480.0
2026-03-12,14.0,2.95,489.0,,37113,181,484.0,493.3,475.0
2026-03-11,-10.3,-2.12,475.0,,32065,116,475.6,494.0,475.0
2026-03-10,-7.7,-1.56,485.3,,42295,224,500.0,500.0,485.0
2026-03-09,19.0,4.01,493.0,,40,4,483.4,502.0,483.4
2026-03-03,8.5,1.83,474.0,33.66,7118,59,457.0,475.5,457.0
2026-03-01,7.5,1.64,465.5,65.33,14109,91,449.1,469.0,449.1
2026-02-26,0.3,0.07,458.0,16.96,3695,22,466.0,466.0,458.0
2026-02-25,0.7,0.15,457.7,23.89,5195,42,449.0,468.0,449.0
2026-02-24,0.0,0.0,457.0,24.28,5322,35,450.1,462.0,450.0
2026-02-23,0.1,0.02,457.0,19.21,4195,38,463.0,464.9,452.2
2026-02-22,-0.1,-0.02,456.9,45.55,10058,57,457.0,457.9,448.0
2026-02-17,-15.0,-3.18,457.0,94.15,20269,71,465.3,471.0,457.0
2026-02-16,4.1,0.88,472.0,,35105,84,476.0,476.0,460.0
2026-02-12,6.0,1.3,467.9,55.62,11941,68,455.0,470.0,455.0
2026-02-11,-0.1,-0.02,461.9,32.51,7020,52,469.9,470.0,456.0
2026-02-10,1.0,0.22,462.0,,24571,129,470.0,479.6,450.0
2026-02-09,-16.0,-3.35,461.0,80.7,17313,95,473.0,477.0,460.0
2026-02-08,3.0,0.63,477.0,,24469,148,480.0,485.9,471.4
2026-02-05,1.1,0.23,474.0,,22462,114,474.7,482.2,471.0
2026-02-04,2.9,0.62,472.9,98.19,20874,114,478.0,478.0,467.0
2026-02-03,-9.9,-2.06,470.0,42.36,8978,90,487.0,487.0,470.0
2026-02-02,-6.0,-1.23,479.9,,33052,126,495.6,495.6,476.0
2026-02-01,-7.1,-1.44,485.9,,25513,130,485.0,494.7,481.1
2026-01-29,7.9,1.63,493.0,,42030,202,475.4,499.7,475.4
2026-01-28,-3.8,-0.78,485.1,,23365,129,481.1,494.9,480.2
2026-01-27,-3.5,-0.71,488.9,,61340,197,499.0,502.8,482.7
2026-01-26,-14.1,-2.78,492.4,,59115,321,507.0,508.0,490.0
2026-01-25,16.6,3.39,506.5,,102555,460,499.5,512.0,496.1
2026-01-22,11.9,2.49,489.9,,49350,241,473.1,496.0,470.3
2026-01-21,-9.0,-1.85,478.0,,31815,153,496.7,496.7,473.0
2026-01-20,-1.0,-0.2,487.0,,84613,415,497.7,499.0,478.0
2026-01-18,24.1,5.2,488.0,,104242,510,454.7,506.0,454.7
2026-01-14,7.9,1.73,463.9,,36227,166,450.5,469.6,450.5
2026-01-13,-1.0,-0.22,456.0,,32728,166,460.0,466.0,450.0
2026-01-12,-7.0,-1.51,457.0,,25977,130,456.1,470.0,456.1
2026-01-08,0.0,0.0,464.0,33.7,7255,58,472.0,472.0,463.2
2026-01-07,-6.0,-1.28,464.0,,51369,196,470.0,479.9,462.0
2026-01-06,10.0,2.17,470.0,,50164,262,465.0,477.0,457.1
2026-01-05,13.0,2.91,460.0,,25336,141,445.0,460.0,445.0
2026-01-04,-5.9,-1.3,447.0,,22291,139,451.1,460.0,445.2
2026-01-01,-7.0,-1.52,452.9,95.92,21150,116,466.0,466.0,452.0
2025-12-31,0.1,0.02,459.9,,40609,173,452.0,465.0,452.0
2025-12-29,2.3,0.5,459.8,,49848,189,464.5,467.9,449.0
2025-12-28,9.4,2.1,457.5,,29554,128,457.0,464.9,446.0
2025-12-24,-5.9,-1.3,448.1,68.81,15285,70,460.0,460.0,447.0
2025-12-23,4.1,0.91,454.0,86.84,19342,110,450.8,456.0,443.6
2025-12-22,1.1,0.25,449.9,,27491,182,449.0,455.9,443.4
2025-12-21,-16.2,-3.48,448.8,,43410,241,460.0,462.9,446.0
2025-12-18,-15.0,-3.12,465.0,,37481,198,470.9,479.0,462.0
2025-12-17,3.2,0.67,480.0,,155795,469,471.0,485.0,469.1
2025-12-16,-1.1,-0.23,476.8,,27377,118,472.0,480.4,469.5
2025-12-15,2.6,0.55,477.9,,34591,127,479.0,479.0,465.1
2025-12-14,2.3,0.49,475.3,,40374,120,473.0,475.3,461.4
2025-12-11,5.0,1.07,473.0,,47015,144,461.0,485.0,461.0
2025-12-10,-4.0,-0.85,468.0,,53021,198,479.0,499.0,461.0
2025-12-09,-1.9,-0.4,472.0,,23035,104,480.0,480.0,465.0
2025-12-08,-18.1,-3.68,473.9,,54915,255,483.0,492.0,467.1
2025-12-07,-12.0,-2.38,492.0,,193338,530,495.0,514.0,482.3
2025-12-03,23.0,4.78,504.0,,185477,625,481.0,514.0,481.0
2025-12-02,11.0,2.34,481.0,,85386,326,461.0,488.0,461.0
2025-12-01,19.2,4.26,470.0,,91781,483,457.0,495.0,454.0
2025-11-30,-1.7,-0.38,450.8,,45372,125,450.0,460.0,449.1
2025-11-27,1.1,0.24,452.5,48.37,10759,61,445.1,454.0,445.0
2025-11-26,-2.5,-0.55,451.4,,34065,122,454.0,454.1,440.0
2025-11-25,-1.6,-0.35,453.9,79.88,17897,82,464.6,464.6,441.0
2025-11-24,8.5,1.9,455.5,87.53,19406,101,453.0,455.8,445.3
2025-11-23,4.0,0.9,447.0,,27214,108,443.1,459.0,440.2
2025-11-20,-5.4,-1.2,443.0,60.24,13681,77,441.2,447.9,435.1
2025-11-19,-5.6,-1.23,448.4,37.25,8357,60,460.0,460.0,440.1
2025-11-18,7.0,1.57,454.0,75.35,16642,68,455.0,460.0,446.9
2025-11-17,-2.0,-0.45,447.0,60.83,13716,81,444.1,453.9,440.1
2025-11-16,-1.0,-0.22,449.0,42.99,9656,50,456.8,456.8,441.0
2025-11-13,-10.0,-2.17,450.0,39.8,8715,56,455.0,464.1,447.0
2025-11-12,6.5,1.43,460.0,67.31,14888,83,445.2,462.0,445.0
2025-11-11,-0.5,-0.11,453.5,33.69,7510,62,460.0,460.0,445.4
2025-11-10,-8.8,-1.9,454.0,87.25,19229,91,462.0,467.9,450.0
2025-11-09,-17.2,-3.58,462.8,,22362,137,470.4,470.4,454.0
2025-11-06,2.7,0.57,480.0,,63326,261,486.8,495.0,470.4
2025-11-05,7.4,1.57,477.3,,43197,188,479.2,488.7,458.0
2025-11-04,-13.1,-2.71,469.9,,37310,135,492.6,492.6,456.0
2025-11-03,1.5,0.31,483.0,,41108,221,485.0,504.0,473.0
2025-11-02,43.7,9.98,481.5,,69220,271,430.1,481.5,430.1
2025-10-30,12.8,3.01,437.8,70.33,16173,33,428.0,438.6,425.3
2025-10-29,-7.0,-1.62,425.0,57.13,13328,90,439.7,440.0,420.0
2025-10-28,13.5,3.23,432.0,25.96,6092,55,421.0,432.0,421.0
2025-10-26,-5.4,-1.27,418.5,13.28,3235,22,415.6,422.0,409.0
2025-10-19,5.9,1.41,423.9,9.16,2214,28,425.0,425.0,410.0
2025-10-16,5.0,1.21,418.0,56.93,13874,54,419.0,421.2,393.1
2025-10-15,-4.0,-0.96,413.0,18.16,4345,31,419.0,420.0,412.1
2025-10-14,-13.0,-3.02,417.0,33.47,7922,52,438.3,438.3,417.0
2025-10-13,0.0,0.0,430.0,26.79,6258,44,424.0,438.4,421.4
2025-10-12,-25.0,-5.49,430.0,67.53,15570,80,445.9,454.8,427.4
2025-10-09,9.0,2.02,455.0,41.66,9114,65,454.9,473.0,450.8
2025-10-08,-18.0,-3.88,446.0,51.27,11471,77,460.0,460.0,436.1
2025-10-07,-10.0,-2.11,464.0,26.6,5731,48,467.0,481.0,462.0
2025-09-28,-5.9,-1.23,474.0,39.72,8455,41,484.9,484.9,467.5
2025-09-25,-8.3,-1.7,479.9,26.34,5520,33,478.5,486.8,467.6
2025-09-24,3.3,0.68,488.2,42.51,8961,87,491.0,491.9,465.2
2025-09-23,23.0,4.98,484.9,44.45,9275,93,469.0,485.0,460.0
2025-09-21,7.4,1.63,461.9,83.81,18238,111,445.5,475.0,440.0
2025-09-18,-9.2,-1.98,454.5,1.81,400,2,454.5,454.5,454.5
2025-09-08,-6.56,-1.39,463.7,30.48,6559,51,474.0,475.5,462.1
2025-09-07,1.94,0.41,470.26,24.72,5234,43,475.0,476.3,466.2
2025-09-04,-0.26,-0.06,468.32,48.71,10412,66,468.58,473.0,464.1
2025-09-03,-1.93,-0.41,468.58,24.63,5236,41,467.0,474.0,467.0
2025-09-02,-6.96,-1.46,470.51,26.08,5518,52,468.2,480.0,468.2
2025-09-01,6.86,1.46,477.47,54.38,11499,77,461.2,486.9,461.2
2025-08-31,-6.28,-1.32,470.61,45.02,9558,67,472.7,478.9,468.0
2025-08-28,-10.19,-2.09,476.89,56.23,11732,71,483.0,488.9,475.0
2025-08-27,6.66,1.39,487.08,62.83,12898,80,487.0,494.8,480.2
2025-08-26,2.51,0.53,480.42,10.19,2134,13,487.3,487.3,472.1
2025-08-25,2.81,0.59,477.91,48.65,10241,39,465.6,480.1,465.6
2025-08-24,-4.73,-0.99,475.1,45.97,9622,61,488.9,488.9,473.0
2025-08-21,-2.83,-0.59,479.83,54.03,11243,51,475.0,491.9,475.0
2025-08-20,0.93,0.19,482.66,41.23,8444,59,475.2,499.8,475.2
2025-08-19,2.53,0.53,481.73,52.95,11009,73,486.0,490.0,472.5
2025-08-18,-2.24,-0.47,479.2,64.22,13441,46,482.0,483.7,476.1
2025-08-17,-1.75,-0.36,481.44,,20981,95,492.0,492.0,474.0
2025-08-14,-5.51,-1.13,483.19,87.11,17893,99,497.0,497.0,481.9
2025-08-13,0.31,0.06,488.7,69.05,14080,53,498.1,498.1,487.2
2025-08-12,-5.17,-1.05,488.39,55.1,11234,71,499.0,499.0,488.0
2025-08-11,-6.95,-1.39,493.56,53.35,10659,70,509.1,510.0,490.1
2025-08-07,2.33,0.47,500.51,59.1,11749,84,508.0,508.0,497.8
2025-08-06,-1.87,-0.37,498.18,45.13,9017,63,490.4,508.0,490.4
2025-08-05,-12.54,-2.45,500.05,87.7,17398,105,511.0,518.9,494.7
2025-08-04,1.86,0.36,512.59,,27096,121,520.8,529.9,502.0
2025-08-03,-12.58,-2.4,510.73,,30488,174,531.5,533.7,505.0
2025-07-31,3.0,0.58,523.31,,46694,232,530.6,540.0,515.1
2025-07-30,-13.75,-2.57,520.31,,45261,199,535.0,537.0,517.5
2025-07-29,-1.71,-0.32,534.06,,49588,226,545.0,557.0,529.2
2025-07-28,16.35,3.15,535.77,,40593,213,520.0,536.8,512.0
2025-07-27,-9.96,-1.88,519.42,,50150,224,530.0,538.0,518.0
2025-07-24,-10.3,-1.91,529.38,,53994,217,545.0,548.9,520.7
2025-07-23,18.05,3.46,539.68,,51291,345,529.0,549.7,514.2
2025-07-22,9.79,1.91,521.63,,52949,222,520.0,525.0,511.0
2025-07-21,-2.8,-0.54,511.84,,34435,181,520.0,520.0,510.0
2025-07-20,-7.34,-1.41,514.64,,46101,273,525.0,531.9,511.6
2025-07-17,17.11,3.39,521.98,,54327,262,512.0,530.6,510.1
2025-07-16,5.3,1.06,504.87,,21541,130,509.5,519.6,502.1
2025-07-15,3.21,0.65,499.57,94.62,18900,99,503.9,505.9,492.0
2025-07-14,-3.4,-0.68,496.36,,23222,82,503.7,503.7,493.9
2025-07-13,9.55,1.95,499.76,,45484,196,500.0,510.0,495.2
2025-07-10,1.91,0.39,490.21,74.29,15137,72,497.0,497.0,487.0
2025-07-09,-2.84,-0.58,488.3,58.46,11991,61,495.0,495.0,485.3
2025-07-08,6.52,1.35,491.14,62.2,12657,67,484.1,495.9,484.1
2025-07-07,-15.07,-3.02,484.62,,37531,170,496.1,500.0,483.0
2025-07-06,2.84,0.57,499.69,,70615,382,506.0,520.0,493.1
2025-07-03,14.02,2.9,496.85,,65966,335,492.0,509.8,486.0
2025-07-02,6.78,1.42,482.83,,23469,114,483.0,492.0,477.1
2025-07-01,6.28,1.34,476.05,,23008,94,469.0,479.8,468.5
2025-06-30,-1.12,-0.24,469.77,92.38,19531,83,477.9,479.8,469.5
2025-06-29,-0.05,-0.01,470.89,,23629,114,477.8,477.8,469.0
2025-06-26,-0.35,-0.07,470.94,,26051,105,469.0,475.0,469.0
2025-06-25,-4.74,-1.0,471.29,64.9,13716,73,474.0,476.1,471.0
2025-06-24,-4.07,-0.85,476.03,87.79,18269,67,481.0,486.9,475.0
2025-06-23,3.44,0.72,480.1,49.04,10212,74,470.3,487.0,470.0
2025-06-22,-8.89,-1.83,476.66,69.65,14471,81,492.4,492.4,475.9
2025-06-19,-5.15,-1.05,485.55,82.22,16818,77,490.0,494.9,485.3
2025-06-18,4.08,0.84,490.7,,32125,72,486.3,495.0,486.0
2025-06-17,-0.68,-0.14,486.62,,23710,57,483.3,495.0,483.3
2025-06-16,-3.82,-0.78,487.3,83.78,17050,78,500.8,500.8,485.0
2025-06-15,-2.79,-0.56,491.12,,49805,82,500.0,503.7,490.6
2025-06-12,2.15,0.44,493.91,,28241,122,493.0,502.9,487.2
2025-06-11,-5.94,-1.19,491.76,67.31,13621,76,502.0,502.0,490.0
2025-06-10,22.81,4.8,497.7,,28972,147,477.0,503.0,476.2
2025-06-09,2.63,0.56,474.89,40.19,8431,56,481.0,481.0,471.4
2025-06-08,-7.66,-1.6,472.26,40.68,8597,54,475.0,480.0,472.0
2025-06-05,2.0,0.42,479.92,18.47,3852,53,487.0,505.0,473.3
2025-06-04,-3.64,-0.76,477.92,48.84,10181,57,490.0,499.0,475.2
2025-06-03,-3.84,-0.79,481.56,34.42,7130,48,485.0,490.0,478.0
2025-06-02,-4.11,-0.84,485.4,36.11,7328,56,499.0,505.0,485.1
2025-05-28,2.16,0.44,489.51,30.05,6195,43,487.0,492.0,481.0
2025-05-27,1.46,0.3,487.35,17.95,3673,30,480.0,499.3,480.0
2025-05-26,-4.95,-1.01,485.89,57.39,11667,92,500.0,515.0,481.0
2025-05-25,-16.42,-3.24,490.84,,24288,93,497.2,513.0,490.0
2025-05-22,4.86,0.97,507.26,,20679,98,505.0,512.0,495.0
2025-05-21,8.71,1.76,502.4,,37372,198,503.5,543.0,500.0
2025-05-20,17.85,3.75,493.69,67.55,13873,82,476.0,499.9,470.1
2025-05-19,4.1,0.87,475.84,40.83,8547,44,481.0,485.0,475.3
2025-05-18,-2.5,-0.53,471.74,33.02,6972,47,470.0,479.0,470.0
2025-05-15,-6.52,-1.36,474.24,41.73,8766,68,489.9,490.0,473.1
2025-05-14,2.79,0.58,480.76,68.05,13965,84,487.0,494.2,480.0
2025-05-13,-9.0,-1.85,477.97,79.26,16448,96,486.0,492.0,475.0
2025-05-11,-22.06,-4.33,486.97,65.65,13232,103,515.0,515.0,480.2
2025-05-08,22.05,4.53,509.03,,39437,220,485.0,514.0,477.0
2025-05-07,26.27,5.7,486.98,87.97,18512,128,452.7,490.0,451.5
2025-05-06,-5.29,-1.14,460.71,19.27,4194,47,467.0,467.0,458.0
2025-05-05,-4.69,-1.0,466.0,59.93,12909,84,467.0,470.0,460.0
2025-05-04,-2.57,-0.54,470.69,70.62,14915,75,482.6,482.6,470.0
2025-04-30,-8.0,-1.66,473.26,97.19,20455,112,477.6,488.0,472.4
2025-04-29,-11.14,-2.26,481.26,25.4,5222,48,485.7,491.0,480.0
2025-04-28,9.37,1.94,492.4,,24584,146,485.0,503.9,485.0
2025-04-27,-6.42,-1.31,483.03,,33368,136,497.9,498.0,472.0
2025-04-24,-2.55,-0.52,489.45,59.43,12103,67,492.0,499.0,485.9
2025-04-23,-6.06,-1.22,492.0,55.93,11353,73,488.1,500.0,488.1
2025-04-22,1.83,0.37,498.06,,28823,72,497.1,504.0,495.0
2025-04-21,-4.83,-0.96,496.23,84.5,17000,112,509.0,515.0,495.1
2025-04-20,-4.99,-0.99,501.06,60.62,12053,73,516.0,516.0,500.2
2025-04-17,-3.81,-0.75,506.05,,21424,129,509.0,519.9,503.0
2025-04-16,-4.22,-0.82,509.86,64.84,12709,46,518.0,518.0,509.0
2025-04-15,12.49,2.49,514.08,75.7,14741,65,502.0,517.0,502.0
2025-04-13,-7.07,-1.39,501.59,26.32,5222,45,512.0,512.0,501.2
2025-04-10,-9.16,-1.77,508.66,31.39,6158,69,508.2,519.0,507.1
2025-04-09,10.92,2.15,517.82,,26464,257,517.0,522.0,507.0
2025-04-08,6.82,1.36,506.9,49.98,10024,100,492.0,509.0,492.0
2025-04-07,-15.03,-2.92,500.08,88.83,17592,119,515.0,524.9,496.0
2025-04-03,-9.36,-1.78,515.11,,24740,172,534.0,534.0,514.0
2025-04-02,14.27,2.8,524.47,,57878,309,500.5,529.0,500.5
2025-04-01,-6.21,-1.2,510.2,,21113,73,520.0,524.8,507.0
2025-03-30,13.92,2.77,516.41,,28273,143,511.0,523.0,501.0
2025-03-27,2.22,0.44,502.49,,22920,116,495.2,513.3,495.2
2025-03-26,15.1,3.11,500.27,48.76,9752,81,494.6,509.9,485.1
2025-03-25,-16.06,-3.2,485.17,72.58,14900,130,503.9,503.9,482.0
2025-03-24,18.23,3.77,501.23,,21481,153,487.8,515.0,487.8
2025-03-23,-17.26,-3.45,483.0,38.03,7778,68,500.0,500.0,481.2
2025-03-20,-3.74,-0.74,500.26,52.48,10472,68,509.0,513.9,486.3
2025-03-19,-9.0,-1.75,504.0,45.33,8950,72,523.1,523.1,500.0
2025-03-18,-6.9,-1.33,513.0,39.59,7675,76,529.9,529.9,503.0
2025-03-17,8.9,1.74,519.9,92.34,17863,111,518.2,528.0,509.0
2025-03-16,-5.2,-1.01,511.0,,34871,103,523.5,523.5,490.1
2025-03-12,1.2,0.23,516.2,60.49,11697,80,515.0,528.0,510.1
2025-03-11,-8.0,-1.53,515.0,97.99,18898,115,532.0,532.0,512.0
2025-03-10,-4.0,-0.76,523.0,69.1,13217,108,537.5,544.8,515.0
2025-03-09,-12.9,-2.39,527.0,86.48,16304,125,549.0,549.0,526.0
2025-03-06,-4.6,-0.84,539.9,73.16,13503,110,553.0,553.0,536.5
2025-03-05,-13.4,-2.4,544.5,67.62,12345,87,555.0,557.0,544.2
2025-03-04,-7.0,-1.24,557.9,,18574,124,564.9,573.0,550.0
2025-03-03,-2.2,-0.39,564.9,,32406,199,577.8,579.1,558.0
2025-03-02,22.1,4.06,567.1,,40426,221,548.0,570.8,547.0
2025-02-27,0.0,0.0,545.0,72.89,13344,119,555.0,565.0,540.0
2025-02-25,-5.0,-0.91,545.0,61.29,11212,102,542.2,559.0,539.0
2025-02-24,-5.0,-0.9,550.0,,27018,177,565.0,566.0,543.9
2025-02-23,-12.9,-2.27,555.0,,28680,186,570.0,570.0,541.0
2025-02-20,8.9,1.59,567.9,,45620,265,559.0,582.4,550.1
2025-02-18,0.5,0.09,559.0,,31216,178,547.4,579.0,547.4
2025-02-17,-7.0,-1.24,558.5,,54085,376,554.2,584.0,554.2
2025-02-16,-6.5,-1.14,565.5,,126348,640,565.0,592.5,560.0
2025-02-13,22.0,4.0,572.0,,69716,468,552.0,581.0,552.0
2025-02-12,26.0,4.96,550.0,,106610,332,514.3,555.0,514.3
2025-02-11,-5.0,-0.95,524.0,66.84,12672,83,536.0,536.0,522.0
2025-02-10,4.0,0.76,529.0,,44042,226,535.0,542.0,526.1
2025-02-09,0.1,0.02,525.0,,41848,224,529.0,539.0,513.0
2025-02-06,-0.1,-0.02,524.9,,47077,269,533.9,544.0,520.1
2025-02-05,39.0,8.02,525.0,,55633,329,477.0,528.0,477.0
2025-02-04,-7.0,-1.42,486.0,,26393,117,500.3,507.0,484.0
2025-02-03,-7.0,-1.4,493.0,,57261,254,491.0,524.0,491.0
2025-02-02,13.5,2.77,500.0,,29285,204,486.5,503.0,480.0
2025-01-28,17.6,3.75,486.5,,24486,179,472.9,491.0,455.1
2025-01-27,17.9,3.97,468.9,,38419,262,458.0,485.0,436.5
2025-01-26,-29.0,-6.04,451.0,,44133,263,480.0,480.0,445.0
2025-01-23,-5.1,-1.05,480.0,,24707,154,485.1,494.0,478.0
2025-01-22,-0.9,-0.19,485.1,,30688,180,486.5,492.9,483.0
2025-01-21,1.4,0.29,486.0,75.92,15530,104,485.0,497.0,480.1
2025-01-20,-8.4,-1.7,484.6,,20699,137,494.0,502.4,480.0
2025-01-19,13.0,2.71,493.0,,37916,222,480.0,508.9,480.0
2025-01-16,-39.0,-7.51,480.0,,69623,376,511.0,519.0,479.0
2025-01-15,-14.0,-2.63,519.0,76.99,14707,127,535.0,535.0,515.0
2025-01-13,-7.0,-1.3,533.0,72.67,13548,122,532.0,559.0,529.2
2025-01-12,-30.0,-5.26,540.0,86.73,15981,136,568.0,568.0,537.0
2025-01-09,-6.0,-1.04,570.0,,31451,272,570.0,591.0,549.0
2025-01-08,29.0,5.3,576.0,,36829,312,547.0,599.5,547.0
2025-01-07,25.0,4.79,547.0,,23163,151,521.0,548.0,520.0
2025-01-06,2.1,0.4,522.0,79.82,15307,108,530.0,530.0,518.0
2025-01-05,-2.1,-0.4,519.9,95.82,18358,113,522.0,529.0,517.4
2025-01-02,9.0,1.75,522.0,82.47,15881,111,508.0,524.8,505.0
2025-01-01,18.0,3.64,513.0,96.14,18731,171,504.9,520.0,504.9
2024-12-31,-51.0,-9.34,495.0,,66414,416,541.3,541.3,491.4
2024-12-29,-30.0,-5.21,546.0,,34254,223,565.1,567.0,541.3
2024-12-26,-14.0,-2.37,576.0,47.44,8186,81,580.0,594.5,576.0
2024-12-24,6.0,1.03,590.0,,19727,127,575.0,612.0,575.0
2024-12-23,9.0,1.57,584.0,,18759,114,586.5,598.1,561.6
2024-12-22,-5.0,-0.86,575.0,56.12,9765,71,590.0,595.0,569.0
2024-12-19,-20.0,-3.33,580.0,71.92,12290,94,610.0,610.0,579.0
2024-12-18,12.0,2.04,600.0,93.71,15687,124,599.7,611.9,591.0
2024-12-17,-6.0,-1.01,588.0,63.14,10651,108,594.0,604.0,583.1
2024-12-16,-23.0,-3.73,594.0,,20540,155,617.0,619.0,585.0
2024-12-12,-21.0,-3.29,617.0,92.0,14717,115,650.0,650.0,615.0
2024-12-11,5.2,0.82,638.0,83.63,13135,77,625.1,646.0,621.5
2024-12-10,-2.2,-0.35,632.8,58.0,9167,73,647.0,647.0,625.3
2024-12-09,-8.0,-1.24,635.0,,18023,127,648.0,650.0,635.0
2024-12-08,-12.0,-1.83,643.0,,33464,161,664.0,664.0,640.0
2024-12-05,-8.0,-1.21,655.0,,36401,163,660.0,669.9,653.0
2024-12-04,-4.0,-0.6,663.0,,32788,159,679.0,680.3,660.3
2024-12-03,12.0,1.83,667.0,,33677,228,665.0,680.0,655.0
2024-12-02,-11.2,-1.68,655.0,,32215,239,666.2,674.8,650.0
2024-12-01,-7.8,-1.16,666.2,,26611,150,660.6,673.9,655.0
2024-11-28,-16.0,-2.32,674.0,,36484,212,697.0,697.0,670.0
2024-11-27,8.1,1.19,690.0,,40633,225,683.0,694.0,680.0
2024-11-26,10.9,1.62,681.9,,32532,209,680.0,688.9,670.0
2024-11-25,11.0,1.67,671.0,,33631,232,665.0,682.0,665.0
2024-11-24,-2.1,-0.32,660.0,,36134,257,650.0,676.1,650.0
2024-11-21,-25.9,-3.76,662.1,,46738,328,690.0,696.0,661.6
2024-11-20,9.0,1.33,688.0,,39280,223,670.0,691.9,667.0
2024-11-19,-12.0,-1.74,679.0,,81054,448,689.0,703.0,675.3
2024-11-17,-22.5,-3.15,691.0,,145396,652,713.5,723.0,687.1
2024-11-14,-3.4,-0.47,713.5,,135556,676,716.0,735.9,706.1
2024-11-13,47.0,7.02,716.9,,191646,920,672.0,718.0,670.0
2024-11-12,13.9,2.12,669.9,,75127,457,649.9,675.0,649.9
2024-11-11,-6.0,-0.91,656.0,,61475,346,655.0,671.0,647.0
2024-11-10,13.1,2.02,662.0,,46877,250,661.8,666.0,646.0
2024-11-06,9.9,1.55,648.9,,38316,214,650.0,657.8,639.9
2024-11-05,-2.0,-0.31,639.0,,18223,106,630.1,654.0,630.1
2024-10-30,-9.0,-1.38,641.0,,28302,166,663.0,663.0,637.0
2024-10-29,20.0,3.17,650.0,,107357,539,642.0,663.9,636.0
2024-10-28,26.8,4.44,630.0,,49619,330,615.2,630.0,610.2
2024-10-27,-1.8,-0.3,603.2,,29166,166,610.0,610.0,600.0
2024-10-24,-18.0,-2.89,605.0,,41401,271,623.0,629.9,601.0
2024-10-23,1.0,0.16,623.0,,52762,378,611.0,640.0,610.0
2024-10-22,12.0,1.97,622.0,,26167,165,600.1,624.0,600.1
2024-10-21,5.0,0.83,610.0,,63900,410,617.0,641.0,603.0
2024-10-20,-22.9,-3.65,605.0,,44174,281,615.4,625.0,598.0
2024-10-17,-3.1,-0.49,627.9,,19919,174,625.0,639.0,622.0
2024-10-16,2.3,0.37,631.0,,27509,231,630.0,641.2,619.0
2024-10-15,23.7,3.92,628.7,,19516,151,616.8,630.0,606.0
2024-10-09,12.0,2.02,605.0,73.58,12260,79,593.0,615.9,591.7
2024-10-08,-13.0,-2.15,593.0,,24940,206,606.0,615.0,589.0
2024-10-07,-3.0,-0.49,606.0,,47932,327,619.9,630.0,597.8
2024-10-06,35.9,6.26,609.0,,39813,288,575.0,609.9,571.0
2024-10-02,4.4,0.77,573.1,,56517,375,568.7,606.8,545.0
2024-10-01,51.7,10.0,568.7,,49876,366,526.9,568.7,526.8
2024-09-30,21.0,4.23,517.0,,22313,113,496.0,517.0,496.0
2024-09-29,-8.0,-1.59,496.0,97.83,19611,107,494.0,510.0,486.4
2024-09-26,-11.0,-2.14,504.0,,20848,102,515.0,524.0,502.0
2024-09-25,22.0,4.46,515.0,,37495,218,484.0,520.0,475.0
2024-09-24,-13.1,-2.59,493.0,,34804,218,496.0,520.2,490.0
2024-09-23,-45.8,-8.3,506.1,,44798,258,541.0,550.0,501.0
2024-09-22,-3.1,-0.56,551.9,86.48,15412,121,566.0,587.0,545.0
2024-09-18,-13.0,-2.29,555.0,,28005,181,568.0,570.0,547.0
2024-09-16,-39.0,-6.43,568.0,,24998,260,600.0,603.0,568.0
2024-09-15,-13.0,-2.1,607.0,,47843,238,632.0,632.0,595.0
2024-09-12,16.0,2.65,620.0,,28926,199,605.0,624.0,605.0
2024-09-11,-1.0,-0.17,604.0,,40412,191,600.0,622.0,593.2
2024-09-10,-3.9,-0.64,605.0,,27761,172,596.8,632.0,596.0
2024-09-09,-11.1,-1.79,608.9,,40875,218,610.0,627.3,598.0
2024-09-08,-10.5,-1.67,620.0,,25017,188,617.9,654.0,614.0
2024-09-05,4.6,0.73,630.5,,43669,226,613.4,644.0,613.4
2024-09-04,-34.1,-5.17,625.9,,85810,363,660.0,671.0,623.0
2024-09-03,-10.0,-1.49,660.0,,69201,400,681.0,689.0,650.0
2024-09-02,59.0,9.66,670.0,,97704,563,615.0,672.1,606.0
2024-09-01,-29.0,-4.53,611.0,,48267,291,630.0,650.0,611.0
2024-08-29,-8.0,-1.23,640.0,,49329,290,660.0,662.0,640.0
2024-08-28,-8.0,-1.22,648.0,,55040,410,642.9,686.4,642.9
2024-08-27,-32.3,-4.69,656.0,,92299,518,691.0,707.7,655.0
2024-08-25,-27.8,-3.88,688.3,,145500,791,720.0,731.9,686.1
2024-08-22,16.1,2.3,716.1,,169369,949,714.0,759.0,712.9
2024-08-21,47.9,7.35,700.0,,223146,1307,665.1,707.0,655.0
2024-08-18,-19.9,-2.96,652.1,,154808,756,659.0,699.0,645.0
2024-08-15,-27.0,-3.86,672.0,,183454,939,697.0,724.2,669.6
2024-08-14,35.0,5.27,699.0,,164333,837,677.0,709.7,650.8
2024-08-13,34.0,5.4,664.0,,191835,872,642.6,677.0,618.0
2024-08-12,18.0,2.94,630.0,,159738,643,620.0,642.0,620.0
2024-08-11,11.0,1.83,612.0,,140450,453,608.0,615.0,590.0
2024-08-08,-22.7,-3.64,601.0,,95567,578,625.0,635.0,589.0
2024-08-07,33.7,5.71,623.7,,132768,633,578.2,636.0,555.7
2024-08-06,-24.0,-3.91,590.0,,173820,801,614.0,622.0,552.6
2024-08-05,-41.0,-6.26,614.0,,136840,696,642.0,671.0,614.0
2024-08-01,-4.2,-0.64,655.0,,189854,876,672.0,690.0,635.1
2024-07-31,59.2,9.87,659.2,,198471,980,600.0,660.0,591.0
2024-07-30,27.6,4.82,600.0,,148939,770,583.8,606.3,571.4
2024-07-29,12.4,2.21,572.4,,183356,855,560.0,585.0,560.0
2024-07-28,-3.0,-0.53,560.0,,112735,363,551.8,585.4,541.0
2024-07-25,5.0,0.9,563.0,,59013,424,547.1,593.0,547.1
2024-07-24,4.1,0.74,558.0,,123593,605,543.5,575.0,543.5
2024-07-23,-1.1,-0.2,553.9,,76384,374,555.0,561.0,544.0
2024-07-22,-1.0,-0.18,555.0,,68421,383,544.9,566.0,539.0
2024-07-21,11.0,2.02,556.0,,129486,535,534.1,575.0,534.1
2024-07-18,-24.0,-4.22,545.0,,126376,573,557.7,579.0,538.1
2024-07-17,35.0,6.55,569.0,,104279,475,544.0,580.0,525.0
2024-07-16,14.0,2.69,534.0,,80075,382,522.0,540.0,522.0
2024-07-15,30.9,6.32,520.0,,186368,792,493.0,535.0,480.0
2024-07-14,0.2,0.04,489.1,,52431,185,498.6,508.5,479.3
2024-07-11,0.0,0.0,488.9,,94048,272,492.5,497.7,487.2
2024-07-10,0.9,0.18,488.9,,65959,235,482.0,495.0,482.0
2024-07-09,1.0,0.21,488.0,,66635,269,496.0,500.0,483.0
2024-07-08,7.0,1.46,487.0,,109189,385,489.0,491.0,471.0
2024-07-07,-3.0,-0.62,480.0,,95528,317,492.6,492.6,470.2
2024-07-04,1.3,0.27,483.0,,111796,463,491.0,500.0,466.0
2024-07-03,43.7,9.98,481.7,,214869,975,445.9,481.7,429.4
2024-07-02,4.0,0.92,438.0,87.88,19983,113,442.6,460.0,434.0
2024-07-01,2.6,0.6,434.0,,29607,107,437.0,437.0,429.0
2024-06-30,-8.6,-1.95,431.4,,35246,125,440.0,444.0,431.4
2024-06-27,0.0,0.0,440.0,,49080,189,444.3,447.0,436.1
2024-06-26,0.3,0.07,440.0,,71579,247,444.0,446.0,426.3
2024-06-25,-15.3,-3.36,439.7,,107920,372,464.0,464.0,434.1
2024-06-24,10.5,2.36,455.0,,120715,563,453.0,464.0,435.0
2024-06-23,27.0,6.47,444.5,,109114,512,418.0,450.0,418.0
2024-06-20,5.5,1.33,417.5,,47932,255,412.0,427.3,409.0
2024-06-19,9.8,2.44,412.0,92.13,22357,139,408.0,423.0,404.0
2024-06-18,-10.8,-2.62,402.2,73.12,18000,130,406.1,413.0,402.0
2024-06-16,-12.0,-2.82,413.0,,33614,173,426.0,430.0,411.0
2024-06-13,15.1,3.68,425.0,,111818,519,404.0,437.0,404.0
2024-06-12,11.9,2.99,409.9,,44055,142,404.8,410.0,391.0
2024-06-11,5.0,1.27,398.0,55.12,13811,80,387.0,403.0,387.0
2024-06-10,2.1,0.54,393.0,72.1,18297,82,398.7,398.7,386.1
2024-06-09,-1.9,-0.48,390.9,44.76,11442,54,394.0,399.7,388.0
2024-06-06,-11.1,-2.75,392.8,39.59,10028,58,407.6,407.6,391.4
2024-06-05,3.8,0.95,403.9,54.36,13455,73,407.0,409.0,396.9
2024-06-04,-4.9,-1.21,400.1,65.08,16248,69,409.0,409.0,397.0
2024-06-03,1.0,0.25,405.0,,60088,265,408.6,415.1,399.0
2024-06-02,14.0,3.59,404.0,,41442,182,395.0,408.0,395.0
2024-05-30,3.0,0.78,390.0,50.65,13039,83,389.9,393.0,384.5
2024-05-29,-8.0,-2.03,387.0,60.77,15588,85,402.9,402.9,383.0
2024-05-27,12.8,3.35,395.0,56.4,14370,83,389.8,397.4,387.0
2024-05-26,-21.8,-5.4,382.2,,28849,129,411.0,411.0,382.2
2024-05-22,-8.5,-2.06,404.0,,30248,125,416.9,417.0,403.0
2024-05-21,17.5,4.43,412.5,,45940,194,402.8,415.0,401.9
2024-05-20,-3.0,-0.75,395.0,,33990,135,400.0,405.0,393.2
2024-05-19,11.0,2.84,398.0,,29131,118,394.7,402.5,388.0
2024-05-16,-9.0,-2.27,387.0,,26759,95,395.0,399.0,386.3
2024-05-15,-3.0,-0.75,396.0,99.29,25053,107,405.0,405.0,391.2
2024-05-14,-3.0,-0.75,399.0,,34185,145,403.0,405.0,395.0
2024-05-13,-4.8,-1.18,402.0,,26464,174,414.9,414.9,396.9
2024-05-12,9.7,2.44,406.8,,95567,334,403.9,410.0,400.0
2024-05-09,9.1,2.35,397.1,,128476,380,392.6,404.9,388.0
2024-05-08,15.6,4.19,388.0,,35908,110,365.0,389.0,365.0
2024-05-07,1.4,0.38,372.4,42.04,11334,44,378.3,378.3,367.7
2024-05-06,0.0,0.0,371.0,74.61,20128,83,371.0,380.0,367.1
2024-05-05,-9.3,-2.45,371.0,,40061,144,374.0,386.5,371.0
2024-05-02,-9.7,-2.49,380.3,,49236,166,397.8,397.8,380.1
2024-04-30,-8.0,-2.01,390.0,,103101,435,404.0,416.5,387.0
2024-04-29,10.0,2.58,398.0,,86953,320,391.9,402.9,377.3
2024-04-28,18.0,4.86,388.0,,88056,387,377.0,396.7,373.1
2024-04-25,15.0,4.23,370.0,,45330,200,362.1,379.0,362.1
2024-04-24,-1.0,-0.28,355.0,44.14,12361,64,352.0,365.0,352.0
2024-04-22,-3.0,-0.84,356.0,22.21,6290,25,354.1,356.0,352.0
2024-04-21,5.0,1.41,359.0,32.38,9113,34,348.2,360.0,348.0
2024-04-18,-6.0,-1.67,354.0,23.7,6624,35,361.0,363.0,354.0
2024-04-16,-5.9,-1.61,360.0,35.43,9901,48,362.0,362.0,356.3
2024-04-15,0.8,0.22,365.9,39.9,10845,52,370.0,375.0,361.7
2024-04-14,-4.9,-1.32,365.1,57.19,15550,65,365.0,377.0,360.1
2024-04-10,-12.0,-3.14,370.0,89.15,23852,110,385.0,387.8,366.0
2024-04-09,9.0,2.41,382.0,,61127,248,380.4,387.6,373.0
2024-04-07,17.0,4.78,373.0,,30104,118,351.1,377.9,351.0
2024-04-04,2.0,0.56,356.0,38.14,10817,44,358.0,368.2,349.0
2024-04-03,-3.0,-0.84,354.0,20.5,5840,39,350.3,354.0,349.0
2024-04-02,4.4,1.25,357.0,8.68,2467,17,359.5,359.6,350.0
2024-04-01,-6.4,-1.78,352.6,12.58,3561,22,353.0,365.0,352.0
2024-03-31,7.0,1.99,359.0,17.89,5063,40,358.0,359.0,350.0
2024-03-28,-2.0,-0.56,352.0,33.71,9483,40,352.0,363.9,350.0
2024-03-27,-10.0,-2.75,354.0,20.69,5805,36,369.0,369.0,354.0
2024-03-26,4.0,1.11,364.0,6.49,1797,19,365.9,365.9,354.3
2024-03-25,-6.0,-1.64,360.0,16.73,4653,36,361.0,364.0,356.0
2024-03-21,3.1,0.85,366.0,,31370,137,370.0,377.4,361.0
2024-03-20,-7.1,-1.92,362.9,24.6,6748,41,377.0,384.0,361.9
2024-03-19,4.0,1.09,370.0,,29784,126,373.0,384.0,370.0
2024-03-18,-3.9,-1.05,366.0,24.8,6794,43,374.0,374.0,362.0
2024-03-17,-1.0,-0.27,369.9,46.28,12557,62,370.0,377.0,361.0
2024-03-14,2.8,0.76,370.9,57.67,15513,88,373.0,380.0,361.2
2024-03-13,0.7,0.19,368.1,73.92,19736,102,370.0,380.0,368.0
2024-03-12,10.4,2.91,367.4,34.26,9424,54,360.0,370.0,360.0
2024-03-10,6.5,1.85,357.0,23.61,6672,33,357.0,360.0,351.7
2024-03-07,-4.3,-1.21,350.5,18.44,5242,36,361.0,361.0,349.0
2024-03-06,5.8,1.66,354.8,21.97,6273,48,353.9,356.0,343.0
2024-03-05,-4.7,-1.33,349.0,25.03,7081,41,360.7,360.7,343.0
2024-03-04,13.7,4.03,353.7,,20,2,346.8,353.7,346.8
2024-03-03,3.0,0.89,340.0,31.28,9347,32,333.1,343.6,333.0
2024-02-29,-15.0,-4.26,337.0,49.14,14420,79,345.1,354.9,337.0
2024-02-28,-5.9,-1.65,352.0,26.74,7652,42,351.0,355.9,345.0
2024-02-27,1.1,0.31,357.9,14.75,4181,36,350.0,363.0,350.0
2024-02-26,1.8,0.51,356.8,22.91,6513,24,355.0,357.0,350.0
2024-02-25,3.9,1.11,355.0,,33020,118,348.1,368.0,347.0
2024-02-22,-6.9,-1.93,351.1,55.94,15543,72,360.0,370.0,351.1
2024-02-21,0.3,0.08,358.0,9.27,2613,24,364.0,364.7,352.0
2024-02-20,5.7,1.62,357.7,46.98,13098,58,347.6,362.0,347.5
2024-02-18,-9.0,-2.49,352.0,16.52,4670,34,366.0,368.0,350.0
2024-02-15,-12.0,-3.22,361.0,52.33,14290,70,368.1,371.0,359.1
2024-02-14,24.0,6.88,373.0,,47778,196,354.0,379.0,354.0
2024-02-13,-8.5,-2.38,349.0,23.2,6629,49,354.0,355.0,347.0
2024-02-12,7.2,2.06,357.5,28.32,7981,56,351.5,360.0,350.0
2024-02-11,-4.7,-1.32,350.3,18.2,5122,38,348.9,366.0,348.9
2024-02-07,-2.0,-0.56,355.9,12.95,3613,38,365.0,365.8,352.0
2024-02-06,3.0,0.85,357.9,40.64,11491,42,350.0,358.0,350.0
2024-02-05,-0.1,-0.03,354.9,19.24,5489,32,362.0,362.0,348.3
2024-02-04,3.0,0.85,355.0,15.38,4324,39,346.0,365.0,345.0
2024-02-01,-1.0,-0.28,352.0,57.91,16381,100,353.0,362.2,346.1
2024-01-31,-14.0,-3.81,353.0,21.27,5945,55,368.0,368.0,352.0
2024-01-30,3.9,1.07,367.0,20.45,5664,50,363.1,367.0,359.0
2024-01-29,0.4,0.11,363.1,12.65,3508,37,368.0,369.0,356.0
2024-01-28,2.7,0.75,362.7,7.2,1996,19,367.2,367.2,356.0
2024-01-25,6.6,1.87,360.0,23.59,6702,37,347.2,360.0,347.2
2024-01-24,-7.5,-2.08,353.4,17.66,4942,31,368.0,368.0,353.4
2024-01-23,7.4,2.09,360.9,34.33,9716,43,360.0,360.9,347.0
2024-01-22,-13.5,-3.68,353.5,83.04,23344,93,362.0,367.0,350.0
2024-01-21,-12.9,-3.4,367.0,65.32,17710,128,387.0,387.0,360.7
2024-01-18,0.9,0.24,379.9,61.79,16478,80,374.0,386.4,371.5
2024-01-17,-14.0,-3.56,379.0,,40330,209,400.8,400.8,378.0
2024-01-16,25.4,6.91,393.0,,72972,231,374.9,398.0,374.9
2024-01-14,1.5,0.41,367.6,41.21,11105,55,373.4,380.0,366.0
2024-01-11,-8.9,-2.37,366.1,10.98,2979,20,382.0,382.0,366.0
2024-01-10,-1.0,-0.27,375.0,66.46,17400,90,383.0,390.0,373.0
2024-01-09,14.0,3.87,376.0,,34816,142,369.0,382.0,367.5
2024-01-08,5.2,1.46,362.0,48.88,13683,47,360.0,363.0,350.0
2024-01-07,-3.2,-0.89,356.8,57.64,16368,60,352.9,365.0,348.9
2024-01-04,1.1,0.31,360.0,41.89,11587,49,366.0,371.9,352.2
2024-01-03,10.9,3.13,358.9,19.61,5487,38,354.9,360.0,343.5
2024-01-02,-10.0,-2.79,348.0,31.3,8894,44,363.0,363.0,346.0
2024-01-01,-6.0,-1.65,358.0,40.33,11178,55,371.0,371.0,356.8
2023-12-28,7.9,2.22,364.0,31.89,8911,48,363.0,365.0,351.3
2023-12-27,-8.9,-2.44,356.1,41.25,11377,53,369.0,372.3,356.0
2023-12-24,-7.1,-1.91,365.0,,29129,91,379.5,379.5,363.7
2023-12-21,-15.9,-4.1,372.1,87.08,23082,88,395.0,395.0,372.1
2023-12-20,6.1,1.6,388.0,,25901,93,383.0,393.0,378.0
2023-12-19,-3.1,-0.81,381.9,67.8,17861,88,392.7,392.7,376.4
2023-12-18,2.0,0.52,385.0,,51409,174,389.9,400.0,376.1
2023-12-17,5.0,1.32,383.0,76.83,20310,87,370.5,385.0,364.0
2023-12-14,13.0,3.56,378.0,63.19,16836,75,358.0,380.0,358.0
2023-12-13,9.0,2.53,365.0,,51097,146,360.0,376.0,358.0
2023-12-12,16.0,4.71,356.0,40.83,11594,56,345.0,360.0,343.0
2023-12-11,-6.0,-1.73,340.0,71.88,20721,105,350.0,357.0,340.0
2023-12-10,16.1,4.88,346.0,1.79,520,3,336.4,346.0,336.4
2023-12-07,4.9,1.51,329.9,10.65,3270,22,326.0,332.0,320.1
2023-12-06,-1.0,-0.31,325.0,15.0,4678,28,324.0,330.0,318.0
2023-12-05,-1.0,-0.31,326.0,17.3,5378,38,327.0,327.0,320.0
2023-12-04,-3.4,-1.03,327.0,3.18,964,12,334.0,334.0,327.0
2023-12-03,4.4,1.35,330.4,11.37,3519,33,325.0,330.4,318.6
2023-11-30,-12.0,-3.55,326.0,6.1,1855,20,341.0,341.0,322.6
2023-11-29,-1.0,-0.29,338.0,13.63,3993,16,339.0,345.0,325.4
2023-11-28,1.0,0.3,339.0,14.74,4381,24,339.0,341.9,333.5
2023-11-27,-7.0,-2.03,338.0,28.42,8344,38,349.0,349.0,334.2
2023-11-26,20.0,6.15,345.0,62.16,18265,75,323.1,347.0,323.0
2023-11-23,4.0,1.25,325.0,10.59,3264,18,325.9,326.0,320.1
2023-11-22,6.0,1.9,321.0,12.13,3822,16,319.0,321.0,315.0
2023-11-21,-6.0,-1.87,315.0,6.38,2038,27,315.0,315.0,312.2
2023-11-20,-3.0,-0.93,321.0,5.07,1584,16,324.0,330.0,315.0
2023-11-09,-7.7,-2.32,324.0,3.29,1020,14,325.4,331.6,319.0
2023-11-08,-0.7,-0.21,331.7,1.78,543,9,338.9,338.9,326.0
2023-11-07,10.4,3.23,332.4,2.67,817,18,320.0,337.1,320.0
2023-11-06,3.0,0.94,322.0,5.77,1798,18,324.0,324.0,319.0
2023-11-05,-1.5,-0.47,319.0,12.46,3962,47,315.0,319.0,313.0
2023-11-02,-9.5,-2.88,320.5,8.05,2489,21,325.5,328.0,320.3
2023-11-01,-9.9,-2.91,330.0,5.08,1530,12,333.2,337.8,330.0
2023-10-31,5.5,1.64,339.9,7.6,2345,12,327.8,339.9,323.0
2023-10-30,6.5,1.98,334.4,16.91,5161,29,322.1,334.4,320.0
2023-10-29,-3.2,-0.97,327.9,7.13,2189,20,337.2,337.2,325.0
2023-10-19,-8.9,-2.62,331.1,13.73,4127,27,333.2,338.0,327.0
2023-10-18,8.5,2.56,340.0,17.88,5374,31,325.5,342.0,325.0
2023-10-17,7.5,2.31,331.5,18.92,5766,32,329.9,334.0,325.0
2023-10-16,-1.1,-0.34,324.0,10.49,3243,35,318.6,331.3,318.6
2023-10-12,-11.9,-3.53,325.1,41.39,12629,69,330.3,335.0,325.0
2023-10-11,6.0,1.81,337.0,38.99,11959,59,325.0,340.1,314.3
2023-10-10,-8.0,-2.36,331.0,85.87,25838,99,335.5,342.2,329.0
2023-10-09,-5.0,-1.45,339.0,23.2,6710,38,345.0,349.0,339.0
2023-10-08,-6.0,-1.71,344.0,42.97,12542,71,343.0,348.0,341.0
2023-10-05,-2.2,-0.62,350.0,17.76,5097,29,357.0,357.0,345.3
2023-10-04,2.2,0.63,352.2,11.05,3134,26,345.0,364.1,345.0
2023-10-03,-6.0,-1.69,350.0,20.33,5766,38,360.0,360.0,349.1
2023-10-02,1.0,0.28,356.0,13.39,3738,38,352.1,365.0,348.0
2023-10-01,-10.3,-2.82,355.0,46.03,12887,69,366.0,366.0,353.3
2023-09-27,-9.7,-2.59,365.3,30.25,8215,47,370.0,374.8,362.2
2023-09-26,5.0,1.35,375.0,41.44,11054,62,374.0,379.9,371.1
2023-09-25,4.0,1.09,370.0,36.75,9917,55,372.0,374.9,365.0
2023-09-24,-10.0,-2.66,366.0,23.06,6231,57,373.3,380.0,366.0
2023-09-21,15.0,4.16,376.0,,48967,178,368.0,387.0,367.5
2023-09-19,11.0,3.14,361.0,13.37,3774,26,346.3,361.0,346.3
2023-09-18,2.0,0.57,350.0,14.86,4277,28,343.2,354.9,343.0
2023-09-17,-17.0,-4.66,348.0,65.29,18532,92,359.0,359.0,346.1
2023-09-13,26.0,7.67,365.0,91.74,25835,126,345.7,365.0,335.5
2023-09-12,-13.0,-3.69,339.0,24.26,7089,52,346.0,351.9,336.1
2023-09-11,19.5,5.86,352.0,58.18,16795,80,335.0,352.0,335.0
2023-09-10,-1.3,-0.39,332.5,7.08,2113,28,340.0,342.0,332.0
2023-09-07,-0.2,-0.06,333.8,15.94,4824,46,328.5,336.0,328.5
2023-09-05,-4.0,-1.18,334.0,5.85,1750,19,335.0,336.0,334.0
2023-09-04,3.0,0.9,338.0,15.81,4731,39,339.0,339.0,331.0
2023-09-03,-6.0,-1.76,335.0,24.49,7312,35,337.0,344.0,332.0
2023-08-30,0.0,0.0,341.0,20.49,6026,34,335.0,347.8,335.0
2023-08-29,3.9,1.16,341.0,20.9,6145,34,342.0,343.0,337.1
2023-08-28,-5.9,-1.72,337.1,8.48,2483,27,340.2,345.0,337.0
2023-08-27,-0.9,-0.26,343.0,25.55,7556,48,338.0,344.7,335.0
2023-08-24,-12.4,-3.48,343.9,43.38,12488,100,355.0,357.0,341.1
2023-08-23,2.4,0.68,356.3,72.84,20552,96,348.0,360.0,347.5
2023-08-22,18.9,5.64,353.9,19.4,5652,44,340.0,354.0,338.0
2023-08-21,-8.9,-2.59,335.0,97.64,29106,101,349.0,349.0,330.4
2023-08-20,-4.0,-1.15,343.9,36.6,10600,63,347.9,352.0,341.0
2023-08-17,7.9,2.32,347.9,66.97,19611,66,346.0,350.0,338.1
2023-08-16,-6.5,-1.88,340.0,43.28,12671,67,348.0,353.0,337.0
2023-08-15,-8.4,-2.37,346.5,33.63,9690,39,348.6,352.0,345.0
2023-08-14,-4.1,-1.14,354.9,96.34,27271,82,363.0,363.5,350.0
2023-08-13,-4.0,-1.1,359.0,24.3,6745,46,365.0,365.0,358.0
2023-08-10,1.4,0.39,363.0,71.34,19802,91,355.0,367.4,349.0
2023-08-09,11.6,3.31,361.6,46.23,13163,53,351.0,363.1,344.2
2023-08-08,-17.5,-4.76,350.0,44.9,12891,74,366.0,366.5,343.0
2023-08-07,5.5,1.52,367.5,54.55,15274,83,355.0,367.8,348.0
2023-08-06,-11.0,-2.95,362.0,75.56,20960,93,366.1,369.9,352.0
2023-08-03,-4.8,-1.27,373.0,35.19,9314,53,378.0,384.8,372.0
2023-08-02,6.8,1.83,377.8,71.88,19428,61,367.0,377.9,364.2
2023-08-01,-10.0,-2.62,371.0,27.07,7297,46,388.0,388.0,366.0
2023-07-31,1.0,0.26,381.0,92.67,24143,89,387.0,390.0,374.0
2023-07-30,-10.2,-2.61,380.0,56.42,14839,102,388.0,390.0,373.0
2023-07-27,-6.7,-1.69,390.2,52.87,13404,71,404.7,404.7,390.2
2023-07-26,3.9,0.99,396.9,76.67,19168,77,386.2,404.9,386.2
2023-07-25,-10.2,-2.53,393.0,,25161,112,400.0,406.0,393.0
2023-07-24,-10.9,-2.63,403.2,,32058,107,406.1,418.0,398.1
2023-07-23,2.1,0.51,414.1,,36000,131,410.0,423.0,410.0
2023-07-20,-4.0,-0.96,412.0,75.63,18359,83,412.0,419.0,408.0
2023-07-19,1.9,0.46,416.0,,38928,129,411.0,422.0,410.0
2023-07-18,-6.9,-1.64,414.1,,50944,177,420.0,427.0,412.2
2023-07-17,24.2,6.1,421.0,,77056,281,399.0,421.9,395.4
2023-07-16,-3.0,-0.75,396.8,,31559,126,407.6,407.6,386.0
2023-07-13,0.8,0.2,399.8,,46193,190,391.9,407.0,391.9
2023-07-12,-13.0,-3.16,399.0,,38374,217,415.0,417.0,398.0
2023-07-11,13.1,3.28,412.0,,81749,415,402.0,424.0,399.0
2023-07-10,26.9,7.23,398.9,,115218,398,376.0,407.0,375.0
2023-07-09,8.0,2.2,372.0,80.89,21885,94,370.0,374.8,366.6
2023-07-06,1.5,0.41,364.0,25.48,7098,53,356.2,365.0,350.1
2023-07-05,-7.5,-2.03,362.5,96.55,26185,95,370.0,377.0,358.7
2023-07-04,8.0,2.21,370.0,61.91,17053,82,369.2,373.9,357.7
2023-07-03,-2.0,-0.55,362.0,88.63,24304,105,357.0,372.0,357.0
2023-07-02,-7.1,-1.91,364.0,78.54,21258,125,376.0,376.0,357.0
2023-06-28,-20.9,-5.33,371.1,,27114,190,392.0,395.5,371.1
2023-06-27,20.0,5.38,392.0,,87830,232,379.4,392.0,374.0
2023-06-26,14.1,3.94,372.0,,66675,297,364.0,378.0,358.0
2023-06-25,18.0,5.3,357.9,98.73,28257,114,340.0,360.0,340.0
2023-06-22,3.9,1.16,339.9,30.36,9111,93,336.1,348.7,328.0
2023-06-21,-11.0,-3.17,336.0,34.24,9910,88,341.2,352.0,336.0
2023-06-20,-15.0,-4.14,347.0,91.59,25484,90,368.6,369.0,342.5
2023-06-19,27.2,8.12,362.0,,59905,235,340.0,368.2,337.0
2023-06-18,5.8,1.76,334.8,32.19,9608,67,333.0,344.0,332.0
2023-06-15,-4.0,-1.2,329.0,11.79,3616,34,327.5,333.5,321.0
2023-06-14,-2.0,-0.6,333.0,57.25,17149,117,330.1,340.0,326.4
2023-06-13,12.0,3.72,335.0,,38249,131,325.0,337.0,322.0
2023-06-12,-2.0,-0.62,323.0,46.84,14499,78,331.0,331.0,318.0
2023-06-11,26.0,8.7,325.0,89.65,28017,165,300.0,326.0,300.0
2023-06-08,1.0,0.34,299.0,11.54,3879,30,293.1,299.9,293.1
2023-06-07,2.0,0.68,298.0,8.98,3021,26,301.0,307.0,294.0
2023-06-06,4.0,1.37,296.0,11.11,3758,32,297.8,297.8,287.0
2023-06-05,-8.0,-2.67,292.0,8.16,2739,36,304.0,307.0,292.0
2023-06-04,12.0,4.17,300.0,13.09,4382,25,293.3,302.9,293.3
2023-06-01,3.0,1.05,288.0,4.85,1680,20,288.9,293.0,284.7
2023-05-31,-10.0,-3.39,285.0,21.1,7349,66,290.0,296.0,281.0
2023-05-30,-9.0,-2.96,295.0,17.91,6069,43,300.0,300.0,292.0
2023-05-28,-8.0,-2.56,304.0,12.0,3878,33,307.2,312.9,304.0
2023-05-24,-1.5,-0.48,312.0,16.41,5256,31,315.0,319.0,310.2
2023-05-23,6.6,2.15,313.5,14.38,4602,30,310.0,316.1,310.0
2023-05-22,3.1,1.02,306.9,10.37,3412,27,298.1,306.9,298.1
2023-05-21,-4.2,-1.36,303.8,20.06,6620,52,310.0,310.0,298.0
2023-05-18,11.2,3.77,308.0,20.97,6972,72,291.0,308.5,290.9
2023-05-17,17.8,6.38,296.8,10.21,3583,34,277.2,296.8,277.0
2023-05-16,-4.3,-1.52,279.0,6.68,2372,33,279.0,286.5,279.0
2023-05-15,-7.7,-2.65,283.3,5.18,1810,15,289.0,294.0,283.3
2023-05-14,3.0,1.04,291.0,6.45,2295,33,290.0,291.0,277.0
2023-05-11,-9.0,-3.03,288.0,5.12,1758,23,293.0,293.0,288.0
2023-05-10,-1.0,-0.34,297.0,3.4,1150,6,294.0,299.0,294.0
2023-05-09,3.1,1.05,298.0,4.24,1420,15,290.0,300.0,290.0
2023-05-08,-8.1,-2.67,294.9,2.64,905,15,304.7,304.7,285.5
2023-05-07,-1.2,-0.39,303.0,3.13,1062,22,300.0,303.0,292.3
2023-05-04,8.8,2.98,304.2,3.42,1139,14,295.0,310.4,295.0
2023-05-03,-8.6,-2.83,295.4,6.64,2237,33,302.0,302.3,295.0
2023-05-02,0.9,0.3,304.0,2.46,820,13,309.0,309.0,299.0
2023-04-30,-5.9,-1.91,303.1,2.95,975,8,309.0,309.0,303.1
2023-04-27,4.0,1.31,309.0,,280,7,311.0,311.0,304.8
2023-04-26,-5.8,-1.87,305.0,2.92,960,9,306.1,308.0,305.0
2023-04-25,5.8,1.9,310.8,1.83,590,7,311.0,311.1,307.0
2023-04-24,2.9,0.96,305.0,5.3,1750,14,306.9,307.0,301.5
2023-04-23,-5.2,-1.69,302.1,2.67,884,8,303.1,303.1,301.5
2023-04-20,-1.7,-0.55,307.3,5.36,1735,12,312.8,312.8,307.3
2023-04-19,-0.7,-0.23,309.0,1.7,550,6,314.7,314.7,309.0
2023-04-18,-0.5,-0.16,309.7,3.76,1220,13,307.0,313.1,305.0
2023-04-17,-8.3,-2.61,310.2,6.32,2025,15,313.1,313.1,310.2
2023-04-16,3.0,0.95,318.5,6.96,2174,18,318.0,325.0,316.1
2023-04-13,-8.4,-2.59,315.5,17.06,5264,35,320.0,336.0,315.5
2023-04-12,21.9,7.25,323.9,37.95,11865,68,302.0,325.0,302.0
2023-04-11,9.6,3.28,302.0,8.5,2849,22,292.4,304.0,292.4
2023-04-10,-4.6,-1.55,292.4,6.35,2130,25,301.0,304.0,292.4
2023-04-09,-5.9,-1.95,297.0,8.79,2940,26,297.0,302.9,297.0
2023-04-06,-4.2,-1.37,302.9,10.86,3580,28,303.1,308.0,301.0
2023-04-05,1.1,0.36,307.1,3.42,1100,14,306.0,312.0,306.0
2023-04-04,-2.8,-0.91,306.0,3.55,1152,16,313.0,313.0,306.0
2023-04-03,-0.2,-0.06,308.8,7.48,2430,16,314.0,314.0,306.2
2023-04-02,-1.0,-0.32,309.0,7.23,2330,17,316.0,316.0,309.0
2023-03-30,1.8,0.58,310.0,6.86,2210,26,314.3,317.0,309.0
2023-03-29,-7.8,-2.47,308.2,16.87,5444,41,311.0,312.0,308.0
2023-03-28,3.0,0.96,316.0,16.67,5268,33,311.2,323.0,311.2
2023-03-27,5.0,1.62,313.0,21.03,6791,59,304.0,320.0,303.0
2023-03-26,-10.0,-3.14,308.0,9.85,3160,28,312.0,315.0,308.0
2023-03-23,-6.6,-2.03,318.0,14.54,4584,21,323.0,325.0,315.0
2023-03-22,-2.4,-0.73,324.6,22.82,7160,29,333.5,333.5,315.6
2023-03-20,0.0,0.0,327.0,6.56,2010,22,329.0,329.8,325.0
2023-03-19,1.0,0.31,327.0,5.62,1733,18,320.1,332.5,319.5
2023-03-16,1.1,0.34,326.0,16.47,5132,36,331.3,331.3,319.3
2023-03-15,-3.0,-0.91,324.9,13.48,4180,22,322.1,331.9,318.8
2023-03-14,0.9,0.28,327.9,4.09,1260,26,321.0,330.0,321.0
2023-03-13,-3.4,-1.03,327.0,12.18,3814,37,337.0,337.0,315.6
2023-03-12,-4.6,-1.37,330.4,7.36,2220,44,341.0,344.6,320.0
2023-03-09,6.0,1.82,335.0,18.79,5655,53,334.0,336.8,328.3
2023-03-07,7.5,2.33,329.0,25.31,7917,60,327.9,333.0,315.1
2023-03-05,-8.5,-2.58,321.5,10.37,3241,33,330.0,330.0,313.7
2023-03-02,4.0,1.23,330.0,2.43,762,5,319.5,330.0,318.0
2023-03-01,1.0,0.31,326.0,1.24,384,12,331.0,331.0,324.0
2023-02-28,-0.3,-0.09,325.0,11.63,3540,53,330.0,333.3,325.0
2023-02-27,-2.1,-0.64,325.3,27.84,8693,65,332.0,333.9,314.7
2023-02-26,-0.6,-0.18,327.4,15.24,4690,55,321.5,334.0,309.0
2023-02-23,-7.0,-2.09,328.0,12.14,3695,50,340.0,340.0,323.8
2023-02-22,7.0,2.13,335.0,11.37,3403,40,333.0,340.0,325.0
2023-02-20,0.0,0.0,328.0,22.96,7081,37,332.0,332.0,322.6
2023-02-16,-9.0,-2.67,328.0,21.93,6652,61,335.0,343.0,326.0
2023-02-15,-5.0,-1.46,337.0,23.43,6965,62,336.1,344.0,335.5
2023-02-14,3.1,0.91,342.0,26.23,7732,41,344.9,345.0,335.0
2023-02-12,-14.2,-4.02,338.9,43.17,12707,78,346.1,350.0,335.0
2023-02-09,0.4,0.11,353.1,24.37,6916,45,353.0,358.9,350.0
2023-02-08,-6.3,-1.75,352.7,38.65,10744,73,365.0,365.0,352.7
2023-02-07,18.0,5.28,359.0,37.81,10739,83,347.6,359.0,346.9
2023-02-06,0.0,0.0,341.0,27.53,8121,32,338.0,343.0,337.0
2023-02-05,-1.72,-0.5,341.0,40.48,11732,59,340.5,350.0,340.5
2023-02-02,0.0,0.0,365.0,87.29,24070,152,365.0,372.3,354.0
2023-02-01,4.4,1.22,365.0,21.59,5942,48,367.0,370.0,360.0
2023-01-31,0.7,0.19,360.6,38.88,10651,76,353.0,375.3,353.0
2023-01-30,-10.1,-2.73,359.9,33.79,9320,81,363.2,368.0,357.0
2023-01-29,-1.8,-0.48,370.0,43.17,11635,71,370.0,378.0,365.0
2023-01-26,0.0,-2.16,371.8,,6428,0,387.0,387.0,368.7
2023-01-25,0.0,-1.81,380.0,,21534,0,390.0,393.0,378.0
2023-01-24,0.0,6.61,387.0,,26475,0,359.2,387.0,359.0
2023-01-23,0.0,-1.89,363.0,,28981,0,367.0,382.5,360.0
2023-01-19,0.0,1.98,370.0,,21342,0,361.0,373.0,361.0
2023-01-18,0.0,-2.73,362.8,,36032,0,367.2,382.0,362.8
2023-01-17,0.0,4.75,373.0,,25727,0,363.2,376.0,352.0
2023-01-12,0.0,-6.04,356.1,,37449,0,385.0,392.7,356.0
2023-01-10,0.0,-2.32,379.0,,43485,0,394.0,397.0,363.0
2023-01-09,0.0,2.13,388.0,,37344,0,372.7,392.7,372.5
2023-01-08,0.0,3.09,379.9,,33988,0,375.8,386.0,363.0
2023-01-05,0.0,2.08,368.5,,41670,0,368.2,380.0,350.0
2023-01-04,0.0,4.64,361.0,,18661,0,350.0,362.0,344.0
2023-01-03,0.0,-1.71,345.0,,7236,0,358.0,363.0,342.0
2023-01-02,0.0,2.33,351.0,,18381,0,344.0,354.9,338.1
2023-01-01,0.0,-1.72,343.0,,12326,0,355.0,355.0,340.0
2022-12-29,0.0,5.15,349.0,,21430,0,334.0,351.0,332.1
2022-12-28,0.0,-0.63,331.9,,14964,0,328.0,345.0,326.0
2022-12-27,0.0,2.39,334.0,,64023,0,332.7,343.0,326.1
2022-12-26,0.0,8.95,326.2,,14484,0,305.3,326.2,305.0
2022-12-22,0.0,0.81,299.4,,1780,0,295.0,299.5,294.0
2022-12-21,0.0,-1.66,297.0,,598,0,301.0,301.0,297.0
2022-12-20,0.0,1.0,302.0,,2985,0,302.9,306.0,302.0
2022-12-19,0.0,1.01,299.0,,5482,0,295.1,301.9,291.0
2022-12-18,0.0,-3.58,296.0,,6604,0,305.0,305.0,296.0
2022-12-15,0.0,0.99,307.0,,3611,0,305.0,313.0,305.0
2022-12-14,0.0,-3.03,304.0,,970,0,314.0,314.0,304.0
2022-12-13,0.0,0.19,313.5,,2956,0,318.9,318.9,306.8
2022-12-12,0.0,1.92,312.9,,6708,0,302.4,312.9,301.0
2022-12-11,0.0,-1.6,307.0,,3976,0,310.0,312.4,306.3
2022-12-07,0.0,-1.89,312.0,,5250,0,313.5,315.0,312.0
2022-12-06,0.0,0.32,318.0,,4408,0,317.0,318.3,310.0
2022-12-05,0.0,-1.71,317.0,,2752,0,319.0,325.0,314.0
2022-12-04,0.0,-0.77,322.5,,5083,0,331.0,331.0,319.0
2022-12-01,0.0,0.9,325.0,,5028,0,317.1,328.0,317.1
2022-11-30,0.0,-3.27,322.1,,1082,0,326.5,327.0,322.1
2022-11-29,0.0,4.03,333.0,,4545,0,317.0,333.0,315.0
2022-11-28,0.0,-1.51,320.1,,6060,0,331.5,337.9,320.1
2022-11-27,0.0,2.2,325.0,,3953,0,324.3,331.0,318.0
2022-11-24,0.0,0.63,318.0,,4757,0,316.0,320.0,315.6
2022-11-23,0.0,-1.56,316.0,,3582,0,315.1,322.0,315.1
2022-11-22,0.0,-0.31,321.0,,2733,0,328.4,328.4,317.0
2022-11-17,0.0,1.9,322.0,,13787,0,322.0,326.9,320.0
2022-11-16,0.0,-0.63,316.0,,5456,0,312.0,323.2,312.0
2022-11-15,0.0,-0.93,318.0,,6770,0,321.0,326.3,304.0
2022-11-14,0.0,2.23,321.0,,6054,0,308.0,321.0,307.8
2022-11-13,0.0,1.29,314.0,,5510,0,310.0,321.8,305.0
2022-11-10,0.0,-5.2,310.0,,9282,0,321.1,321.1,310.0
2022-11-09,0.0,-3.11,327.0,,7001,0,337.0,340.0,315.6
2022-11-08,0.0,-0.38,337.5,,3460,0,332.2,339.0,326.0
2022-11-07,0.0,0.53,338.8,,21469,0,343.7,345.9,332.0
2022-11-06,0.0,3.03,337.0,,4873,0,330.0,340.0,330.0
2022-11-03,0.0,-3.22,327.1,,3995,0,334.0,342.8,323.4
2022-11-02,0.0,0.03,338.0,,9674,0,340.0,343.9,326.6
2022-11-01,0.0,7.27,337.9,,8764,0,310.0,337.9,310.0
2022-10-31,0.0,-2.17,315.0,,11549,0,315.6,315.6,306.1
2022-10-23,0.0,0.94,322.0,,1945,0,318.0,329.0,318.0
2022-10-20,0.0,-1.39,319.0,,5694,0,325.0,325.0,318.5
2022-10-19,0.0,-1.94,323.5,,1882,0,324.0,324.0,317.6
2022-10-17,0.0,-0.33,329.9,,3601,0,337.0,344.3,325.0
2022-10-16,0.0,-3.19,331.0,,5540,0,337.0,337.0,327.0
2022-10-13,0.0,1.3,341.9,,5396,0,340.0,345.0,329.1
2022-10-12,0.0,2.73,339.0,,9710,0,325.0,342.0,325.0
2022-10-11,0.0,-2.83,330.0,,3463,0,333.0,333.0,326.0
2022-10-10,0.0,-2.94,339.6,,9121,0,355.0,355.0,332.0
2022-10-09,0.0,8.7,349.9,,7883,0,325.0,353.0,325.0
2022-09-29,0.0,3.5,321.9,,12074,0,316.9,321.9,310.1
2022-09-28,0.0,-1.43,311.0,,7404,0,312.1,314.0,305.8
2022-09-27,0.0,3.1,315.5,,9945,0,310.0,317.0,309.0
2022-09-25,0.0,-3.26,306.0,,6660,0,310.1,314.0,305.0
2022-09-22,0.0,-0.6,316.3,,4522,0,320.0,320.0,315.1
2022-09-21,0.0,2.48,318.2,,7395,0,316.7,323.0,316.3
2022-09-20,0.0,-3.99,310.5,,19741,0,318.0,320.2,307.0
2022-09-18,0.0,-2.0,323.4,,11861,0,336.6,336.6,323.4
2022-09-16,0.0,-2.08,330.0,,12572,0,331.0,336.9,324.0
2022-09-15,0.0,-6.39,337.0,,30112,0,367.2,367.2,335.0
2022-09-14,0.0,6.51,360.0,,23550,0,339.0,360.2,339.0
2022-09-13,0.0,2.42,338.0,,9331,0,336.0,342.0,336.0
2022-09-12,0.0,-1.79,330.0,,10805,0,331.6,332.9,326.2
2022-09-11,0.0,-0.88,336.0,,7875,0,333.3,340.0,333.0
2022-09-08,0.0,0.3,339.0,,7193,0,332.1,345.8,332.0
2022-09-07,0.0,-0.18,338.0,,6738,0,332.0,341.9,332.0
2022-09-06,0.0,-1.83,338.6,,4043,0,339.0,344.0,335.2
2022-09-05,0.0,0.26,344.9,,4235,0,350.0,355.0,339.2
2022-09-04,0.0,0.32,344.0,,4021,0,342.9,353.8,342.9
2022-09-02,0.0,-1.47,342.9,,1365,0,348.0,349.8,342.9
2022-09-01,0.0,2.32,348.0,,14200,0,340.1,355.0,331.0
2022-08-31,0.0,-2.27,340.1,,9020,0,348.0,348.0,336.0
2022-08-30,0.0,0.87,348.0,,4988,0,351.9,357.9,343.0
2022-08-29,0.0,2.07,345.0,,17255,0,333.0,358.3,333.0
2022-08-28,0.0,-4.76,338.0,,31231,0,349.0,356.0,338.0
2022-08-26,0.0,-1.69,354.9,,25302,0,358.0,358.0,348.0
2022-08-25,0.0,-3.48,361.0,,10605,0,379.9,379.9,358.0
2022-08-24,0.0,-0.27,374.0,,14907,0,382.5,382.7,370.0
2022-08-23,0.0,-0.27,375.0,,8676,0,380.0,380.0,369.0
2022-08-22,0.0,-0.53,376.0,,13333,0,378.0,382.8,371.0
2022-08-21,0.0,-1.82,378.0,,16917,0,385.0,393.0,370.0
2022-08-18,0.0,4.05,385.0,,42409,0,377.4,390.0,372.0
2022-08-17,0.0,1.37,370.0,,20320,0,366.1,375.0,360.0
2022-08-16,0.0,-3.18,365.0,,51780,0,384.0,392.0,359.0
2022-08-15,0.0,7.41,377.0,,27164,0,345.0,377.0,345.0
2022-08-14,0.0,-1.4,351.0,,12363,0,353.0,357.0,350.1
2022-08-11,0.0,-0.28,356.0,,17066,0,354.0,367.2,350.2
2022-08-10,0.0,0.28,357.0,,18698,0,351.0,367.0,350.0
2022-08-09,0.0,-3.52,356.0,,22698,0,362.6,376.0,356.0
2022-08-08,0.0,-2.89,369.0,,30551,0,387.6,391.0,365.0
2022-08-07,0.0,8.57,380.0,,36794,0,357.0,380.0,357.0
2022-08-05,0.0,-6.42,350.0,,20297,0,367.0,381.4,350.0
2022-08-04,0.0,-1.58,374.0,,59527,0,385.0,386.8,372.6
2022-08-03,0.0,-2.06,380.0,,47713,0,395.0,398.0,375.0
2022-08-02,0.0,-1.7,388.0,,39340,0,387.0,397.5,381.9
2022-08-01,0.0,-1.6,394.7,,71951,0,394.0,405.0,389.0
2022-07-31,0.0,-2.15,401.1,,49721,0,402.0,423.0,400.0
2022-07-29,0.0,0.51,409.9,,42686,0,414.0,415.9,393.0
2022-07-28,0.0,7.68,407.8,,121607,0,375.0,416.0,375.0
2022-07-27,0.0,6.05,378.7,,57723,0,350.0,386.0,350.0
2022-07-26,0.0,-5.03,357.1,,62928,0,376.0,380.0,353.8
2022-07-25,0.0,9.94,376.0,,76212,0,345.0,376.1,342.5
2022-07-24,0.0,7.89,342.0,,43437,0,323.3,342.0,321.0
2022-07-22,0.0,-2.91,317.0,,24699,0,330.0,330.0,316.3
2022-07-21,0.0,-1.95,326.5,,46247,0,327.1,338.0,326.1
2022-07-20,0.0,1.83,333.0,,50515,0,322.0,341.7,320.0
2022-07-19,0.0,4.81,327.0,,47570,0,318.0,327.0,315.0
2022-07-18,0.0,0.97,312.0,,12423,0,310.8,315.1,304.1
2022-07-17,0.0,0.65,309.0,,9186,0,310.0,313.1,304.0
2022-07-15,0.0,-0.65,307.0,,5524,0,302.9,308.9,298.0
2022-07-14,0.0,0.0,309.0,,13513,0,310.0,314.9,300.0
2022-07-13,0.0,4.78,309.0,,18802,0,295.0,310.0,294.0
2022-07-12,0.0,3.44,294.9,,16330,0,285.0,300.0,283.1
2022-07-11,0.0,-4.33,285.1,,20392,0,292.1,297.0,284.2
2022-07-08,0.0,-2.93,298.0,,11831,0,307.0,309.0,298.0
2022-07-07,0.0,-0.55,307.0,,19353,0,314.8,324.0,304.0
2022-07-06,0.0,1.55,308.7,,22027,0,310.0,324.0,287.2
2022-07-05,0.0,-5.0,304.0,,39999,0,313.6,322.0,301.0
2022-07-04,0.0,5.96,320.0,,65316,0,301.0,332.2,301.0
2022-07-03,0.0,4.14,302.0,,14559,0,290.0,306.0,290.0
2022-07-01,0.0,-3.17,290.0,,13912,0,293.6,304.0,285.2
2022-06-30,0.0,8.51,299.5,,32064,0,278.0,299.5,275.0
2022-06-29,0.0,5.75,276.0,,14739,0,256.0,276.0,253.0
2022-06-28,0.0,0.19,261.0,,10637,0,255.3,263.0,245.0
2022-06-27,0.0,-3.34,260.5,,22725,0,270.0,278.0,255.0
2022-06-26,0.0,10.0,269.5,,14128,0,245.0,269.5,241.0
2022-06-24,0.0,5.15,245.0,,4513,0,233.0,245.5,223.9
2022-06-23,0.0,-3.72,233.0,,4725,0,237.2,238.0,227.5
2022-06-22,0.0,-3.97,242.0,,4062,0,247.0,250.0,238.3
2022-06-21,0.0,2.86,252.0,,4390,0,249.9,255.0,241.1
2022-06-20,0.0,-2.78,245.0,,8972,0,247.0,251.0,240.0
2022-06-19,0.0,-4.18,252.0,,3559,0,257.8,259.0,248.0
2022-06-17,0.0,-1.09,263.0,,8287,0,270.0,270.0,260.5
2022-06-16,0.0,3.06,265.9,,6921,0,263.0,277.9,259.0
2022-06-15,0.0,-1.15,258.0,,9826,0,258.0,268.0,250.0
2022-06-14,0.0,-3.55,261.0,,4594,0,274.0,274.0,260.0
2022-06-13,0.0,-2.28,270.6,,1990,0,272.0,274.0,270.5
2022-06-10,0.0,1.61,276.9,,2321,0,277.9,280.0,272.0
2022-06-09,0.0,-3.47,272.5,,13394,0,281.0,296.8,272.5
2022-06-08,0.0,5.34,282.3,,4233,0,273.0,286.9,272.0
2022-06-07,0.0,-4.63,268.0,,8573,0,278.1,278.1,267.0
2022-06-06,0.0,0.39,281.0,,4750,0,282.0,286.6,280.0
2022-06-03,0.0,-1.44,279.9,,3590,0,280.0,291.3,279.9
2022-06-02,0.0,-0.35,284.0,,2360,0,290.7,290.7,282.0
2022-06-01,0.0,0.96,285.0,,7802,0,287.9,293.5,280.1
2022-05-31,0.0,-3.98,282.3,,7705,0,299.0,299.0,282.3
2022-05-30,0.0,-2.33,294.0,,5661,0,307.0,313.0,288.0
2022-05-27,0.0,-1.92,301.0,,8635,0,306.0,306.1,299.0
2022-05-26,0.0,-0.39,306.9,,3123,0,314.2,314.2,305.0
2022-05-25,0.0,0.03,308.1,,3463,0,313.0,322.0,308.1
2022-05-24,0.0,1.65,308.0,,2094,0,305.0,314.0,304.1
2022-05-23,0.0,-1.94,303.0,,5852,0,303.0,308.0,300.0
2022-05-20,0.0,-2.22,309.0,,3234,0,322.3,322.3,308.0
2022-05-19,0.0,-3.36,316.0,,4923,0,331.9,332.0,313.1
2022-05-18,0.0,0.03,327.0,,4475,0,322.0,327.0,310.0
2022-05-17,0.0,-7.06,316.0,,4669,0,338.0,338.0,316.0
2022-05-12,0.0,-0.29,340.0,,9486,0,340.0,355.0,322.0
2022-05-11,0.0,4.92,341.0,,10059,0,330.5,342.0,321.5
2022-05-10,0.0,2.85,325.0,,6059,0,312.0,327.0,312.0
2022-05-09,0.0,-3.04,316.0,,5268,0,329.0,329.0,316.0
2022-05-08,0.0,5.13,325.9,,4402,0,309.0,325.9,298.0
2022-05-05,0.0,-1.59,310.0,,8402,0,310.0,315.6,308.8
2022-05-04,0.0,-3.93,315.0,,4355,0,321.5,333.4,315.0
2022-05-02,0.0,-2.99,327.9,,8514,0,344.7,345.0,314.0
2022-04-28,0.0,-3.98,338.0,,11655,0,350.0,357.0,336.2
2022-04-27,0.0,2.33,352.0,,5051,0,337.4,362.0,337.2
2022-04-26,0.0,-3.1,344.0,,4505,0,355.0,362.1,342.0
2022-04-25,0.0,-1.93,355.0,,11055,0,362.0,369.2,347.0
2022-04-24,0.0,8.45,362.0,,10752,0,339.0,365.0,334.0
2022-04-21,0.0,-1.24,333.8,,12018,0,331.3,334.8,313.0
2022-04-20,0.0,-2.59,338.0,,6449,0,341.0,341.0,331.4
2022-04-19,0.0,1.46,347.0,,6892,0,338.0,348.0,332.3
2022-04-18,0.0,-5.0,342.0,,5880,0,355.0,362.0,339.0
2022-04-17,0.0,-3.23,360.0,,2066,0,379.4,379.4,360.0
2022-04-13,0.0,0.51,372.0,,4103,0,376.9,377.0,363.1
2022-04-12,0.0,-1.8,370.1,,5498,0,370.0,376.0,368.1
2022-04-11,0.0,-3.11,376.9,,6540,0,396.0,396.0,375.3
2022-04-07,0.0,1.57,389.0,,2968,0,380.0,389.0,375.4
2022-04-06,0.0,0.52,383.0,,2975,0,373.4,387.6,373.4
2022-04-05,0.0,-2.56,381.0,,7267,0,384.0,388.0,375.1
2022-04-04,0.0,0.51,391.0,,5299,0,384.0,399.9,384.0
2022-04-03,0.0,-0.51,389.0,,2886,0,395.0,398.8,386.2
2022-03-31,0.0,-3.69,391.0,,5116,0,406.0,406.0,391.0
2022-03-30,0.0,6.01,406.0,,7088,0,390.0,406.0,384.1
2022-03-29,0.0,-1.29,383.0,,8582,0,395.0,403.6,383.0
2022-03-28,0.0,-1.77,388.0,,6679,0,390.0,396.7,387.1
2022-03-27,0.0,-3.89,395.0,,10973,0,403.0,405.0,392.0
2022-03-24,0.0,-0.75,411.0,,5290,0,406.0,419.0,406.0
2022-03-23,0.0,-2.33,414.1,,8734,0,419.0,419.0,414.1
2022-03-22,0.0,-0.19,424.0,,3978,0,425.0,431.9,420.0
2022-03-21,0.0,3.23,424.8,,6031,0,410.0,426.0,405.1
2022-03-20,0.0,-0.84,411.5,,6354,0,415.0,416.5,410.0
2022-03-16,0.0,-2.12,415.0,,5931,0,423.0,424.0,413.0
2022-03-15,0.0,-1.26,424.0,,5807,0,430.0,434.5,414.1
2022-03-14,0.0,0.09,429.4,,4060,0,437.0,437.5,420.0
2022-03-13,0.0,7.25,429.0,,21020,0,408.0,430.4,407.0
2022-03-10,0.0,3.63,400.0,,8302,0,380.1,416.9,380.0
2022-03-09,0.0,-1.56,386.0,,12168,0,394.9,396.0,375.1
2022-03-07,0.0,-2.46,392.1,,8575,0,409.9,409.9,391.0
2022-03-06,0.0,0.53,402.0,,13203,0,407.8,410.0,392.0
2022-03-02,0.0,-2.46,399.9,,11533,0,402.0,405.0,397.0
2022-02-28,0.0,-2.38,410.0,,18114,0,427.0,430.0,405.0
2022-02-27,0.0,-1.64,420.0,,17778,0,418.5,431.0,413.7
2022-02-24,0.0,-2.95,427.0,,12426,0,432.2,448.0,422.0
2022-02-23,0.0,-1.12,440.0,,18776,0,445.0,458.9,436.1
2022-02-22,0.0,1.37,445.0,,9838,0,440.0,465.0,439.1
2022-02-21,0.0,0.23,439.0,,14202,0,446.5,446.7,431.0
2022-02-20,0.0,-3.31,438.0,,15683,0,444.0,452.0,434.0
2022-02-17,0.0,1.23,453.0,,10335,0,445.0,456.0,445.0
2022-02-16,0.0,-2.51,447.5,,4982,0,450.0,460.2,446.0
2022-02-15,0.0,5.52,459.0,,13227,0,443.7,459.0,428.0
2022-02-14,0.0,0.0,435.0,,8046,0,443.7,447.0,431.0
2022-02-13,0.0,-5.23,435.0,,15900,0,449.9,449.9,435.0
2022-02-10,0.0,-1.92,459.0,,34545,0,477.0,477.0,445.0
2022-02-09,0.0,-1.27,468.0,,8738,0,474.0,480.0,463.0
2022-02-08,0.0,0.0,474.0,,17920,0,489.6,502.0,472.0
2022-02-07,0.0,0.0,480.0,,10424,0,475.0,488.9,471.1
2022-02-06,0.0,-4.0,480.0,,9103,0,510.0,510.0,479.2
2022-02-03,0.0,0.0,500.0,,27908,0,510.0,511.0,485.5
2022-02-01,0.0,4.17,500.0,,21655,0,481.0,500.0,478.0
2022-01-31,0.0,-2.04,480.0,,8680,0,499.8,499.8,477.0
2022-01-30,0.0,6.75,490.0,,22203,0,468.1,499.0,468.1
2022-01-27,0.0,-0.43,459.0,,19981,0,470.2,470.2,448.0
2022-01-26,0.0,-2.54,461.0,,19424,0,463.9,482.4,451.4
2022-01-25,0.0,-1.25,473.0,,10000,0,471.1,487.5,468.0
2022-01-24,0.0,-3.82,479.0,,25902,0,499.0,499.0,465.0
2022-01-23,0.0,-2.92,498.0,,20432,0,520.0,523.2,492.1
2022-01-20,0.0,3.41,513.0,,10147,0,497.0,514.5,497.0
2022-01-19,0.0,-3.67,496.1,,21561,0,515.0,519.0,494.9
2022-01-18,0.0,-0.77,515.0,,28609,0,509.0,525.0,504.7
2022-01-17,0.0,-0.95,519.0,,37724,0,525.0,531.5,511.0
2022-01-16,0.0,3.07,524.0,,39133,0,518.5,528.7,508.4
2022-01-13,0.0,3.33,508.4,,30006,0,492.0,515.0,482.3
2022-01-12,0.0,-3.15,492.0,,33968,0,508.0,528.0,488.1
2022-01-11,0.0,3.67,508.0,,35923,0,482.0,525.0,480.2
2022-01-10,0.0,1.87,490.0,,16687,0,490.0,510.0,481.0
2022-01-09,0.0,5.48,481.0,,22416,0,465.0,481.0,462.0
2022-01-06,0.0,0.34,456.0,,21423,0,445.4,462.0,436.5
2022-01-05,0.0,1.19,499.9,,63617,0,503.0,510.0,495.0
2022-01-04,0.0,7.37,494.0,,24031,0,453.3,494.0,453.1
2022-01-03,0.0,6.26,460.1,,47843,0,440.0,460.1,439.9
2022-01-02,0.0,4.34,433.0,,9998,0,423.0,438.5,420.0
2021-12-29,0.0,-2.35,415.0,,8427,0,429.0,429.0,415.0
2021-12-28,0.0,2.41,425.0,,9022,0,406.7,438.0,401.0
2021-12-27,0.0,-4.82,415.0,,13055,0,436.0,436.0,415.0
2021-12-26,0.0,0.25,436.0,,10641,0,437.0,447.0,435.0
2021-12-23,0.0,0.67,434.9,,21525,0,435.0,456.0,423.4
2021-12-22,0.0,5.37,432.0,,24695,0,418.2,437.0,409.2
2021-12-21,0.0,3.8,410.0,,7920,0,400.0,412.0,400.0
2021-12-20,0.0,-3.66,395.0,,6570,0,401.8,410.0,395.0
2021-12-16,0.0,-4.65,410.0,,5984,0,430.0,430.0,410.0
2021-12-15,0.0,0.23,430.0,,32198,0,437.0,462.6,414.6
2021-12-14,0.0,8.88,429.0,,19944,0,401.0,429.0,395.0
2021-12-13,0.0,-4.37,394.0,,27908,0,410.0,415.0,378.0
2021-12-12,0.0,-4.85,412.0,,5996,0,435.0,441.6,412.0
2021-12-09,0.0,-1.59,433.0,,14817,0,435.0,454.0,424.0
2021-12-08,0.0,-4.35,440.0,,8963,0,451.0,469.0,438.1
2021-12-07,0.0,-2.75,460.0,,16612,0,482.4,501.0,460.0
2021-12-06,0.0,1.94,473.0,,14296,0,457.1,484.0,440.0
2021-12-05,0.0,-4.94,464.0,,22759,0,478.4,487.4,460.7
2021-12-02,0.0,-4.78,488.1,,25066,0,513.0,513.0,486.0
2021-12-01,0.0,1.5,512.6,,6713,0,515.1,525.0,505.0
2021-11-30,0.0,-2.25,505.0,,24461,0,526.9,526.9,499.1
2021-11-29,0.0,-0.46,516.6,,10190,0,525.0,540.0,516.0
2021-11-28,0.0,-3.71,519.0,,22942,0,529.0,539.3,517.0
2021-11-25,0.0,-1.1,539.0,,19423,0,555.0,563.0,532.0
2021-11-24,0.0,2.83,545.0,,14642,0,521.0,561.0,519.4
2021-11-23,0.0,-4.16,530.0,,30934,0,553.0,553.0,525.0
2021-11-22,0.0,-1.95,553.0,,10828,0,571.0,571.0,547.0
2021-11-21,0.0,0.02,564.0,,10949,0,560.0,572.0,554.0
2021-11-18,0.0,3.47,563.9,,39573,0,545.0,570.0,545.0
2021-11-17,0.0,-3.88,545.0,,31590,0,571.0,585.0,545.0
2021-11-16,0.0,3.85,567.0,,25514,0,547.0,567.0,546.0
2021-11-15,0.0,2.94,546.0,,16565,0,536.0,555.0,536.0
2021-11-14,0.0,1.03,530.4,,11854,0,535.5,546.0,520.0
2021-11-11,0.0,-4.55,525.0,,35723,0,540.0,548.0,522.0
2021-11-09,0.0,-5.17,550.0,,38906,0,580.0,580.0,535.0
2021-11-08,0.0,0.31,580.0,,7850,0,589.7,590.0,574.2
2021-11-03,0.0,-2.99,578.2,,34382,0,607.0,607.0,577.0
2021-11-02,0.0,4.16,596.0,,35628,0,579.0,597.0,556.0
2021-11-01,0.0,-4.47,572.2,,27676,0,609.9,609.9,572.0
2021-10-31,0.0,4.74,599.0,,34448,0,570.0,602.2,561.0
2021-10-28,0.0,1.67,571.9,,28784,0,555.0,573.0,543.9
2021-10-27,0.0,6.74,562.5,,58630,0,537.0,576.0,515.0
2021-10-26,0.0,3.03,527.0,,43091,0,521.7,540.0,515.0
2021-10-25,0.0,10.0,511.5,,45943,0,470.0,511.5,470.0
2021-10-24,0.0,4.49,465.0,,12952,0,445.0,467.5,440.2
2021-10-21,0.0,-3.68,445.0,,9677,0,471.2,471.2,442.0
2021-10-20,0.0,6.85,462.0,,13593,0,441.0,464.0,433.0
2021-10-19,0.0,-6.0,432.4,,21762,0,454.0,455.0,428.8
2021-10-18,0.0,-5.15,460.0,,11389,0,475.3,476.0,445.2
2021-10-17,0.0,1.68,485.0,,3376,0,486.5,506.0,471.0
2021-10-11,0.0,-2.65,477.0,,11235,0,499.8,499.8,475.0
2021-10-10,0.0,-0.61,490.0,,28975,0,502.8,512.0,489.0
2021-10-06,0.0,5.34,493.0,,16735,0,477.0,503.4,461.6
2021-10-05,0.0,5.17,468.0,,13741,0,453.9,475.0,446.0
2021-10-04,0.0,-2.77,445.0,,20871,0,466.0,494.4,428.0
2021-10-03,0.0,-9.19,457.7,,18454,0,514.0,514.0,457.7
2021-09-30,0.0,-2.91,504.0,,15396,0,529.0,545.0,495.0
2021-09-29,0.0,8.37,519.1,,31628,0,486.0,526.9,463.0
2021-09-28,0.0,-7.71,479.0,,36540,0,508.7,528.0,467.1
2021-09-27,0.0,-6.4,519.0,,43854,0,546.0,558.0,510.0
2021-09-26,0.0,-6.27,554.5,,36587,0,585.0,587.9,552.0
2021-09-23,0.0,1.67,591.6,,60185,0,593.0,609.0,560.0
2021-09-22,0.0,10.0,581.9,,85712,0,539.5,581.9,539.5
2021-09-21,0.0,-0.75,529.0,,53015,0,523.0,560.0,498.0
2021-09-20,0.0,-8.1,533.0,,71922,0,591.6,592.0,522.0
2021-09-16,0.0,-4.46,580.0,,78801,0,600.0,600.0,553.7
2021-09-15,0.0,-3.62,607.1,,55112,0,630.0,631.3,593.0
2021-09-14,0.0,-1.27,629.9,,29539,0,650.7,659.9,620.0
2021-09-13,0.0,0.0,638.0,,44769,0,650.7,678.9,632.1
2021-09-12,0.0,4.08,638.0,,35775,0,625.0,648.0,624.3
2021-09-09,0.0,-2.23,613.0,,53499,0,639.0,639.0,607.0
2021-09-08,0.0,-5.0,627.0,,52887,0,647.0,655.0,620.0
2021-09-07,0.0,-3.07,660.0,,48283,0,694.5,694.5,649.0
2021-09-06,0.0,10.0,680.9,,77097,0,630.0,680.9,605.1
2021-09-05,0.0,-7.61,619.0,,79014,0,657.0,660.0,603.0
2021-09-02,0.0,0.0,670.0,,143557,0,680.0,715.0,662.0
2021-09-01,0.0,-6.27,670.0,,102774,0,710.0,730.0,670.0
2021-08-31,0.0,-4.05,714.8,,125830,0,745.0,745.0,701.0
2021-08-29,0.0,5.99,745.0,,250878,0,716.9,773.0,716.9
2021-08-26,0.0,10.0,702.9,,274575,0,640.0,702.9,640.0
2021-08-25,0.0,-1.69,639.0,,74498,0,660.0,665.0,634.0
2021-08-24,0.0,0.62,650.0,,91963,0,645.0,673.0,616.0
2021-08-19,0.0,-3.58,646.0,,106086,0,683.4,696.0,635.0
2021-08-18,0.0,3.4,670.0,,141082,0,655.0,698.0,655.0
2021-08-17,0.0,5.88,648.0,,83596,0,623.0,651.0,616.0
2021-08-16,0.0,-0.49,612.0,,73144,0,620.0,631.3,592.0
2021-08-15,0.0,-5.09,615.0,,110689,0,650.0,650.0,586.1
2021-08-12,0.0,2.21,648.0,,115026,0,634.0,685.0,625.0
2021-08-11,0.0,-2.64,634.0,,104183,0,664.2,690.9,625.0
2021-08-10,0.0,10.0,651.2,,185479,0,603.8,651.2,603.8
2021-08-09,0.0,6.28,592.0,,104987,0,556.0,593.0,556.0
2021-08-08,0.0,0.36,557.0,,23147,0,560.0,571.0,555.0
2021-08-05,0.0,-2.8,555.0,,50979,0,582.4,584.0,554.7
2021-08-04,0.0,4.2,571.0,,85745,0,558.0,580.3,546.9
2021-08-03,0.0,0.55,548.0,,32033,0,548.0,566.0,543.0
2021-08-02,0.0,-1.09,545.0,,48344,0,545.0,562.0,544.0
2021-08-01,0.0,-1.78,551.0,,32524,0,554.0,565.0,548.0
2021-07-29,0.0,-0.53,561.0,,99325,0,575.0,582.0,550.0
2021-07-28,0.0,3.3,564.0,,91959,0,555.0,580.0,555.0
2021-07-27,0.0,1.68,546.0,,68104,0,526.3,549.0,525.0
2021-07-26,0.0,1.9,537.0,,78618,0,537.0,548.0,522.0
2021-07-25,0.0,3.33,527.0,,66813,0,519.0,528.0,511.0
2021-07-22,0.0,0.2,510.0,,33485,0,501.0,515.0,501.0
2021-07-20,0.0,-1.55,509.0,,43792,0,511.0,520.0,501.0
2021-07-19,0.0,-1.15,517.0,,48739,0,529.0,531.0,507.0
2021-07-18,0.0,0.97,523.0,,67965,0,528.0,538.0,517.0
2021-07-15,0.0,1.57,518.0,,69518,0,510.0,540.0,501.0
2021-07-14,0.0,0.0,510.0,,51382,0,510.0,522.0,505.0
2021-07-13,0.0,2.0,510.0,,59017,0,500.0,524.0,495.0
2021-07-12,0.0,-3.1,500.0,,78637,0,519.0,530.0,483.0
2021-07-11,0.0,8.86,516.0,,115681,0,497.0,521.0,472.0
2021-07-08,0.0,9.47,474.0,,20837,0,426.0,476.0,425.0
2021-07-07,0.0,-1.37,433.0,,12278,0,439.0,444.0,430.0
2021-07-06,0.0,-0.9,439.0,,19449,0,450.0,455.0,439.0
2021-07-05,0.0,-4.73,443.0,,10709,0,465.0,465.0,440.0
2021-07-04,0.0,-2.31,465.0,,22095,0,480.0,486.0,461.0
2021-07-01,0.0,3.48,476.0,,44621,0,460.0,487.0,460.0
2021-06-30,0.0,6.48,460.0,,26095,0,425.0,474.0,425.0
2021-06-29,0.0,-5.05,432.0,,39307,0,461.0,461.0,430.0
2021-06-28,0.0,-4.21,455.0,,29570,0,498.0,498.0,450.0
2021-06-27,0.0,-1.04,475.0,,14528,0,472.0,484.0,467.0
2021-06-24,0.0,-1.03,480.0,,37456,0,477.0,502.0,469.0
2021-06-23,0.0,-3.39,485.0,,54834,0,505.0,514.0,485.0
2021-06-22,0.0,9.85,502.0,,70245,0,466.0,502.0,442.0
2021-06-21,0.0,-8.42,457.0,,65761,0,507.0,508.0,450.0
2021-06-20,0.0,-6.73,499.0,,61931,0,535.0,555.0,488.0
2021-06-17,0.0,2.69,535.0,,92139,0,522.0,551.0,502.0
2021-06-16,0.0,-5.79,521.0,,107295,0,526.0,561.0,500.0
2021-06-15,0.0,-4.49,553.0,,104726,0,551.0,600.0,529.0
2021-06-14,0.0,2.48,579.0,,167991,0,593.0,621.0,564.0
2021-06-13,0.0,9.92,565.0,,176750,0,489.0,565.0,489.0
2021-06-10,0.0,6.42,514.0,,125711,0,500.0,530.0,463.0
2021-06-09,0.0,-0.03,483.0,,136658,0,505.0,534.0,471.0
2021-06-08,0.0,9.93,498.0,,82494,0,462.0,498.0,462.0
2021-06-07,0.0,9.95,453.0,,198744,0,417.0,453.0,417.0
2021-06-06,0.0,0.98,412.0,,110795,0,407.0,424.0,394.0
2021-06-03,0.0,-1.21,408.0,,113965,0,421.0,440.0,395.0
2021-06-02,0.0,9.84,413.0,,127204,0,376.0,413.0,370.0
2021-06-01,0.0,1.62,376.0,,74196,0,370.0,387.0,369.0
2021-05-31,0.0,1.65,370.0,,109477,0,370.0,382.0,361.0
2021-05-30,0.0,5.81,364.0,,132321,0,350.0,374.0,339.0
2021-05-27,0.0,2.38,344.0,,82561,0,330.0,364.0,319.0
2021-05-25,0.0,-1.47,336.0,,53162,0,342.0,344.0,330.0
2021-05-24,0.0,-3.4,341.0,,97691,0,370.0,370.0,329.0
2021-05-23,0.0,5.06,353.0,,161946,0,352.0,369.0,316.0
2021-05-20,0.0,9.45,336.0,,100914,0,321.0,337.0,299.0
2021-05-19,0.0,-2.54,307.0,,57578,0,316.0,321.0,304.0
2021-05-18,0.0,8.62,315.0,,130827,0,292.0,315.0,291.0
2021-05-17,0.0,0.0,290.0,,49924,0,276.0,305.0,276.0
2021-05-16,0.0,-3.33,290.0,,67625,0,315.0,315.0,290.0
2021-05-13,0.0,7.53,300.0,,150098,0,284.0,302.0,282.0
2021-05-12,0.0,0.36,279.0,,59890,0,291.0,291.0,270.0
2021-05-11,0.0,9.88,278.0,,140619,0,255.0,278.0,250.0
2021-05-10,0.0,6.75,253.0,,53424,0,234.0,255.0,234.0
2021-05-09,0.0,0.85,237.0,,18355,0,224.0,249.0,224.0
2021-05-06,0.0,-0.84,235.0,,10890,0,241.0,241.0,231.0
2021-05-05,0.0,0.85,237.0,,7653,0,235.0,239.0,235.0
2021-05-04,0.0,0.0,235.0,,2049,0,235.0,239.0,235.0
2021-05-03,0.0,-1.26,235.0,,7494,0,242.0,242.0,234.0
2021-05-02,0.0,0.85,238.0,,9268,0,237.0,240.0,235.0
2021-04-29,0.0,-0.84,236.0,,1896,0,238.0,246.0,235.0
2021-04-28,0.0,-1.65,238.0,,2518,0,246.0,246.0,236.0
2021-04-27,0.0,6.61,242.0,,7930,0,231.0,249.0,231.0
2021-04-26,0.0,-5.02,227.0,,9371,0,235.0,247.0,223.0
2021-04-25,0.0,-5.91,239.0,,7083,0,249.0,249.0,239.0
2021-04-22,0.0,0.79,254.0,,11329,0,250.0,262.0,245.0
2021-04-21,0.0,-1.18,252.0,,16778,0,260.0,264.0,245.0
2021-04-20,0.0,4.96,254.0,,22290,0,240.0,259.0,240.0
2021-04-19,0.0,-1.22,242.0,,10475,0,242.0,249.0,242.0
2021-04-18,0.0,-3.54,245.0,,31147,0,258.0,263.0,244.0
2021-04-15,0.0,1.2,254.0,,41089,0,251.0,265.0,251.0
2021-04-13,0.0,5.02,251.0,,32519,0,235.0,251.0,235.0
2021-04-12,0.0,0.42,239.0,,32936,0,239.0,243.0,233.0
2021-04-08,0.0,4.85,238.0,,38055,0,238.0,241.0,229.0
2021-04-07,0.0,1.34,227.0,,23847,0,222.0,230.0,220.0
2021-04-06,0.0,0.45,224.0,,2082,0,226.0,226.0,220.0
2021-04-05,0.0,0.45,223.0,,7823,0,226.0,230.0,220.0
2021-04-04,0.0,3.26,222.0,,11052,0,219.0,224.0,216.0
2021-04-01,0.0,0.0,215.0,,15133,0,215.0,218.0,212.0
2021-03-31,0.0,0.0,215.0,,3129,0,213.0,215.0,211.0
2021-03-30,0.0,0.0,215.0,,595,0,218.0,218.0,213.0
2021-03-29,0.0,0.94,215.0,,2700,0,209.0,215.0,209.0
2021-03-25,0.0,-1.39,213.0,,1600,0,212.0,214.0,212.0
2021-03-24,0.0,2.37,216.0,,3697,0,215.0,216.0,215.0
2021-03-23,0.0,-1.86,211.0,,3620,0,219.0,219.0,211.0
2021-03-22,0.0,0.47,215.0,,6406,0,212.0,215.0,210.0
2021-03-21,0.0,0.0,214.0,,4900,0,214.0,214.0,213.0
2021-03-18,0.0,3.88,214.0,,3593,0,210.0,215.0,208.0
2021-03-17,0.0,-1.9,206.0,,6790,0,206.0,213.0,206.0
2021-03-16,0.0,0.0,210.0,,1354,0,214.0,214.0,210.0
2021-03-15,0.0,0.0,210.0,,2299,0,210.0,214.0,210.0
2021-03-14,0.0,-1.87,210.0,,2276,0,211.0,212.0,208.0
2021-03-10,0.0,1.42,214.0,,1407,0,215.0,219.0,211.0
2021-03-09,0.0,-0.47,211.0,,1050,0,212.0,215.0,211.0
2021-03-08,0.0,-1.4,212.0,,656,0,214.0,219.0,212.0
2021-03-04,0.0,2.87,215.0,,2495,0,213.0,216.0,210.0
2021-03-03,0.0,-0.48,209.0,,5987,0,206.0,211.0,206.0
2021-03-02,0.0,-5.83,210.0,,6473,0,220.0,220.0,210.0
2021-03-01,0.0,0.0,223.0,,6458,0,207.0,227.0,205.0
2021-02-28,0.0,-4.11,210.0,,12129,0,216.0,216.0,210.0
2021-02-25,0.0,0.0,219.0,,4562,0,223.0,223.0,217.0
2021-02-24,0.0,1.8,226.0,,6460,0,226.0,228.0,222.0
2021-02-23,0.0,-2.63,222.0,,8780,0,229.0,232.0,216.0
2021-02-22,0.0,-2.15,228.0,,5242,0,229.0,232.0,225.0
2021-02-21,0.0,-0.01,233.0,,6875,0,239.0,239.0,227.0
2021-02-18,0.0,0.01,235.0,,9993,0,233.0,236.0,229.0
2021-02-17,0.0,-0.01,233.0,,6229,0,236.0,240.0,230.0
2021-02-16,0.0,0.01,236.0,,12900,0,232.0,249.0,228.0
2021-02-15,0.0,0.04,233.0,,22791,0,229.0,238.0,228.0
2021-02-14,0.0,-0.03,225.0,,13637,0,235.0,247.0,224.0
2021-02-11,0.0,-0.02,231.0,,55887,0,240.0,249.0,228.0
2021-02-10,0.0,0.1,236.0,,62890,0,219.0,236.0,219.0
2021-02-09,0.0,-0.03,215.0,,7915,0,224.0,224.0,215.0
2021-02-08,0.0,0.03,222.0,,16464,0,220.0,228.0,217.0
2021-02-07,0.0,0.03,216.0,,12521,0,212.0,216.0,212.0
2021-02-04,0.0,0.0,210.0,,2801,0,210.0,210.0,207.0
2021-02-03,0.0,-0.02,210.0,,11370,0,211.0,215.0,208.0
2021-02-02,0.0,0.02,215.0,,7145,0,215.0,220.0,214.0
2021-02-01,0.0,0.02,211.0,,8413,0,206.0,215.0,206.0
2021-01-31,0.0,-0.01,207.0,,6375,0,205.0,209.0,201.0
2021-01-28,0.0,-0.04,209.0,,14766,0,222.0,222.0,209.0
2021-01-27,0.0,0.01,218.0,,9397,0,216.0,225.0,213.0
2021-01-26,0.0,-0.02,216.0,,7215,0,218.0,220.0,215.0
2021-01-25,0.0,-0.01,220.0,,18205,0,228.0,228.0,219.0
2021-01-24,0.0,-0.01,223.0,,13993,0,228.0,228.0,218.0
2021-01-21,0.0,0.0,225.0,,20204,0,230.0,230.0,213.0
2021-01-20,0.0,0.06,224.0,,31135,0,210.0,227.0,209.0
2021-01-19,0.0,-0.01,212.0,,26680,0,210.0,212.0,202.0
2021-01-18,0.0,0.05,214.0,,18626,0,207.0,218.0,207.0
2021-01-17,0.0,0.05,203.0,,35884,0,196.0,203.0,193.0
2021-01-13,0.0,0.01,193.0,,7585,0,194.0,199.0,193.0
2021-01-12,0.0,0.0,191.0,,4255,0,192.0,194.0,191.0
2021-01-11,0.0,-0.01,191.0,,3242,0,193.0,195.0,190.0
2021-01-10,0.0,0.03,192.0,,5018,0,185.0,193.0,184.0
2021-01-07,0.0,-0.01,186.0,,13553,0,185.0,191.0,184.0
2021-01-06,0.0,-0.02,188.0,,1973,0,194.0,200.0,188.0
2021-01-05,0.0,-0.01,191.0,,3420,0,196.0,199.0,191.0
2021-01-04,0.0,0.02,208.0,,30506,0,206.0,212.0,205.0
2021-01-03,0.0,0.03,204.0,,13107,0,201.0,205.0,199.0
2020-12-31,0.0,0.0,198.0,,1744,0,196.0,200.0,196.0
2020-12-30,0.0,0.0,198.0,,860,0,196.0,201.0,196.0
2020-12-29,0.0,-0.01,198.0,,2992,0,198.0,202.0,198.0
2020-12-28,0.0,0.0,200.0,,3822,0,198.0,203.0,198.0
2020-12-27,0.0,0.0,199.0,,3420,0,197.0,204.0,196.0
2020-12-24,0.0,-0.03,200.0,,4086,0,204.0,204.0,198.0
2020-12-23,0.0,-0.01,206.0,,6842,0,213.0,213.0,200.0
2020-12-22,0.0,0.06,209.0,,14588,0,200.0,210.0,200.0
2020-12-21,0.0,-0.02,198.0,,3351,0,198.0,198.0,192.0
2020-12-20,0.0,-0.02,199.0,,5040,0,202.0,202.0,198.0
2020-12-17,0.0,0.0,204.0,,16752,0,200.0,204.0,199.0
2020-12-16,0.0,0.0,203.0,,8616,0,204.0,204.0,201.0
2020-12-15,0.0,0.0,204.0,,19197,0,209.0,213.0,203.0
2020-12-14,0.0,0.0,205.0,,9001,0,206.0,206.0,203.0
2020-12-13,0.0,0.03,206.0,,18581,0,204.0,210.0,204.0
2020-12-10,0.0,0.05,200.0,,23129,0,200.0,210.0,198.0
2020-12-09,0.0,0.01,191.0,,3626,0,193.0,193.0,189.0
2020-12-08,0.0,-0.02,190.0,,6933,0,193.0,195.0,190.0
2020-12-07,0.0,-0.01,193.0,,8177,0,195.0,196.0,193.0
2020-12-06,0.0,-0.02,195.0,,3900,0,200.0,200.0,192.0
2020-12-03,0.0,-0.01,199.0,,9998,0,200.0,206.0,198.0
2020-12-02,0.0,-0.01,202.0,,11649,0,201.0,208.0,200.0
2020-12-01,0.0,-0.01,204.0,,4870,0,203.0,207.0,196.0
2020-11-30,0.0,0.0,207.0,,9757,0,212.0,212.0,206.0
2020-11-29,0.0,0.03,208.0,,14588,0,197.0,220.0,197.0
2020-11-26,0.0,-0.02,201.0,,29572,0,203.0,208.0,200.0
2020-11-25,0.0,0.02,204.0,,18584,0,201.0,205.0,200.0
2020-11-24,0.0,0.0,200.0,,20835,0,205.0,205.0,198.0
2020-11-23,0.0,-0.01,201.0,,31908,0,199.0,203.0,199.0
2020-11-22,0.0,0.0,203.0,,28010,0,204.0,206.0,197.0
2020-11-19,0.0,0.0,202.0,,38312,0,203.0,205.0,199.0
2020-11-18,0.0,0.0,202.0,,40851,0,192.0,205.0,190.0
2020-11-12,0.0,0.0,195.0,,47535,0,191.0,195.0,188.0
2020-11-11,0.0,2.17,188.0,,24268,0,187.0,190.0,185.0
2020-11-10,0.0,0.55,184.0,,157014,0,186.0,194.0,183.0
2020-11-09,0.0,0.0,183.0,,6630,0,192.0,192.0,179.0
2020-11-08,0.0,0.55,183.0,,5934,0,185.0,185.0,181.0
2020-11-05,0.0,-1.09,182.0,,15651,0,193.0,193.0,180.0
2020-11-04,0.0,-0.54,184.0,,4280,0,188.0,191.0,180.0
2020-11-03,0.0,0.0,185.0,,1715,0,188.0,188.0,184.0
2020-11-02,0.0,1.09,185.0,,17980,0,185.0,190.0,181.0
2020-11-01,0.0,-1.08,183.0,,15345,0,194.0,194.0,180.0
2020-10-29,0.0,-1.6,185.0,,13195,0,197.0,197.0,183.0
2020-10-28,0.0,3.3,188.0,,19038,0,191.0,191.0,182.0
2020-10-22,0.0,2.82,182.0,,35106,0,178.0,187.0,176.0
2020-10-21,0.0,2.31,177.0,,9162,0,176.0,179.0,173.0
2020-10-20,0.0,0.0,173.0,,10609,0,176.0,176.0,171.0
2020-10-19,0.0,2.37,173.0,,1952,0,172.0,174.0,172.0
2020-10-18,0.0,-3.43,169.0,,4830,0,172.0,172.0,169.0
2020-10-15,0.0,-1.13,175.0,,8567,0,176.0,177.0,169.0
2020-10-14,0.0,-1.67,177.0,,3592,0,187.0,187.0,175.0
2020-10-13,0.0,1.12,180.0,,15034,0,176.0,184.0,175.0
2020-10-12,0.0,-4.81,178.0,,23517,0,187.0,187.0,176.0
2020-10-11,0.0,1.08,187.0,,42335,0,188.0,195.0,178.0
2020-10-08,0.0,8.82,185.0,,43582,0,173.0,187.0,173.0
2020-10-07,0.0,3.66,170.0,,25349,0,167.0,176.0,163.0
2020-10-06,0.0,0.0,164.0,,12680,0,164.0,167.0,164.0
2020-10-05,0.0,-1.2,164.0,,13588,0,163.0,164.0,162.0
2020-10-04,0.0,1.84,166.0,,17061,0,171.0,171.0,163.0
2020-10-01,0.0,0.0,163.0,,11386,0,165.0,166.0,159.0
2020-09-30,0.0,-1.21,163.0,,18351,0,165.0,166.0,159.0
2020-09-29,0.0,-2.37,165.0,,12259,0,169.0,170.0,163.0
2020-09-28,0.0,2.42,169.0,,19625,0,168.0,172.0,164.0
2020-09-27,0.0,3.77,165.0,,18362,0,158.0,171.0,158.0
2020-09-24,0.0,3.25,159.0,,19506,0,152.0,165.0,151.0
2020-09-23,0.0,0.0,154.0,,20438,0,152.0,154.0,145.0
2020-09-22,0.0,-3.14,154.0,,24648,0,160.0,160.0,153.0
2020-09-21,0.0,0.63,159.0,,52486,0,161.0,168.0,149.0
2020-09-20,0.0,8.97,158.0,,66367,0,152.0,159.0,152.0
2020-09-17,0.0,9.85,145.0,,46078,0,134.0,145.0,132.0
2020-09-16,0.0,1.54,132.0,,4945,0,130.0,134.0,128.0
2020-09-15,0.0,0.78,130.0,,1950,0,135.0,135.0,125.0
2020-09-14,0.0,-0.77,129.0,,384,0,132.0,132.0,126.0
2020-09-13,0.0,0.0,130.0,,128,0,132.0,132.0,130.0
2020-09-10,0.0,1.56,130.0,,663,0,122.0,131.0,122.0
2020-09-09,0.0,0.0,128.0,,811,0,128.0,130.0,128.0
2020-09-08,0.0,1.59,128.0,,2921,0,125.0,128.0,125.0
2020-09-07,0.0,-2.33,126.0,,1870,0,127.0,127.0,125.0
2020-09-06,0.0,0.0,129.0,,6154,0,135.0,135.0,127.0
2020-09-03,0.0,0.0,129.0,,757,0,135.0,135.0,127.0
2020-09-02,0.0,4.88,129.0,,5813,0,123.0,129.0,123.0
2020-08-31,0.0,-2.38,123.0,,4330,0,128.0,128.0,123.0
2020-08-30,0.0,2.44,126.0,,46,0,123.0,126.0,124.0
2020-08-27,0.0,0.82,123.0,,4182,0,124.0,124.0,121.0
2020-08-26,0.0,-3.94,122.0,,6260,0,128.0,128.0,122.0
2020-08-25,0.0,4.1,127.0,,940,0,124.0,127.0,124.0
2020-08-24,0.0,-0.81,122.0,,1500,0,122.0,122.0,121.0
2020-08-23,0.0,-1.6,123.0,,1534,0,123.0,123.0,121.0
2020-08-20,0.0,1.63,125.0,,1486,0,121.0,125.0,119.0
2020-08-19,0.0,0.82,123.0,,1326,0,121.0,123.0,121.0
2020-08-18,0.0,-1.61,122.0,,10,0,122.0,122.0,122.0
2020-08-17,0.0,0.0,124.0,,8297,0,123.0,125.0,121.0
2020-08-16,0.0,1.64,124.0,,750,0,124.0,128.0,124.0
2020-08-13,0.0,-0.81,122.0,,2764,0,121.0,123.0,121.0
2020-08-12,0.0,-3.91,123.0,,5850,0,126.0,126.0,123.0
2020-08-11,0.0,4.92,128.0,,3810,0,124.0,128.0,123.0
2020-08-10,0.0,-1.61,122.0,,50,0,126.0,126.0,122.0
2020-08-09,0.0,3.33,124.0,,276,0,120.0,128.0,120.0
2020-08-06,0.0,-1.64,120.0,,162,0,122.0,122.0,120.0
2020-08-05,0.0,-1.61,122.0,,340,0,122.0,122.0,122.0
2020-08-03,0.0,0.0,124.0,,757,0,122.0,124.0,122.0
2020-08-02,0.0,-0.8,124.0,,1117,0,123.0,124.0,121.0
2020-07-30,0.0,0.81,125.0,,2129,0,124.0,125.0,122.0
2020-07-29,0.0,-1.59,124.0,,390,0,128.0,130.0,124.0
2020-07-28,0.0,3.28,126.0,,40,0,120.0,126.0,120.0
2020-07-27,0.0,-2.4,122.0,,3227,0,123.0,123.0,121.0
2020-07-26,0.0,2.46,125.0,,881,0,124.0,127.0,124.0
2020-07-23,0.0,-0.81,122.0,,742,0,121.0,125.0,121.0
2020-07-22,0.0,0.0,123.0,,3257,0,121.0,125.0,121.0
2020-07-21,0.0,-3.15,123.0,,490,0,125.0,126.0,123.0
2020-07-20,0.0,-0.78,127.0,,800,0,128.0,128.0,127.0
2020-07-16,0.0,4.07,128.0,,1229,0,125.0,128.0,125.0
2020-07-15,0.0,-1.6,123.0,,2812,0,127.0,127.0,123.0
2020-07-14,0.0,0.0,125.0,,5404,0,124.0,125.0,121.0
2020-07-13,0.0,-1.57,125.0,,162,0,125.0,125.0,125.0
2020-07-12,0.0,-4.51,127.0,,307,0,131.0,131.0,126.0
2020-07-09,0.0,7.26,133.0,,4360,0,126.0,134.0,126.0
2020-07-07,0.0,9.73,124.0,,365,0,115.0,124.0,115.0
2020-07-06,0.0,1.8,113.0,,1200,0,112.0,113.0,112.0
2020-07-05,0.0,0.0,111.0,,810,0,111.0,111.0,111.0
2020-07-02,0.0,0.91,111.0,,715,0,111.0,111.0,111.0
2020-07-01,0.0,-1.79,110.0,,50,0,110.0,110.0,110.0
2020-06-29,0.0,-1.75,112.0,,440,0,112.0,112.0,112.0
2020-05-12,0.0,-1.72,114.0,,10,0,114.0,114.0,114.0
2020-03-22,0.0,-9.37,116.0,,60,0,126.0,126.0,116.0
2020-03-19,0.0,3.23,128.0,,14262,0,122.0,128.0,118.0
2020-03-18,0.0,0.0,124.0,,1865,0,122.0,124.0,120.0
2020-03-17,0.0,-6.06,124.0,,2525,0,132.0,132.0,122.0
2020-03-16,0.0,-1.49,132.0,,3296,0,132.0,132.0,130.0
2020-03-15,0.0,-0.74,134.0,,2550,0,133.0,134.0,131.0
2020-03-12,0.0,-5.59,135.0,,3485,0,141.0,141.0,135.0
2020-03-11,0.0,2.88,143.0,,3471,0,141.0,143.0,137.0
2020-03-10,0.0,0.0,139.0,,254,0,137.0,139.0,137.0
2020-03-05,0.0,0.0,139.0,,3240,0,141.0,141.0,136.0
2020-03-04,0.0,-0.71,139.0,,4665,0,138.0,139.0,136.0
2020-03-03,0.0,0.72,140.0,,1580,0,139.0,141.0,138.0
2020-03-02,0.0,-0.71,139.0,,6152,0,138.0,139.0,134.0
2020-03-01,0.0,0.0,140.0,,19983,0,140.0,142.0,137.0
2020-02-27,0.0,0.0,140.0,,18223,0,140.0,142.0,135.0
2020-02-26,0.0,0.0,140.0,,23978,0,140.0,150.0,140.0
2020-02-25,0.0,3.7,140.0,,720,0,135.0,140.0,135.0
2020-02-24,0.0,-7.53,135.0,,10899,0,146.0,149.0,135.0
2020-02-23,0.0,8.15,146.0,,6048,0,137.0,146.0,137.0
2020-02-20,0.0,0.0,135.0,,2778,0,135.0,135.0,132.0
2020-02-19,0.0,3.05,135.0,,2526,0,132.0,135.0,130.0
2020-02-18,0.0,-3.68,131.0,,5722,0,138.0,140.0,131.0
2020-02-17,0.0,0.74,136.0,,4056,0,136.0,137.0,132.0
2020-02-16,0.0,-3.57,135.0,,1930,0,138.0,138.0,133.0
2020-02-13,0.0,4.48,140.0,,2010,0,136.0,140.0,136.0
2020-02-12,0.0,3.08,134.0,,1481,0,132.0,136.0,132.0
2020-02-11,0.0,-0.76,130.0,,2911,0,133.0,135.0,130.0
2020-02-10,0.0,0.0,131.0,,1500,0,130.0,131.0,129.0
2020-02-09,0.0,-2.96,131.0,,1040,0,137.0,137.0,129.0
2020-02-06,0.0,-0.74,135.0,,240,0,135.0,135.0,135.0
2020-02-05,0.0,3.82,136.0,,3891,0,133.0,136.0,133.0
2020-02-04,0.0,-0.76,131.0,,11386,0,130.0,135.0,130.0
2020-02-03,0.0,0.0,132.0,,9312,0,131.0,134.0,128.0
2020-02-02,0.0,-5.04,132.0,,225523,0,141.0,141.0,132.0
2020-01-30,0.0,1.46,139.0,,10,0,139.0,139.0,139.0
2020-01-29,0.0,3.79,137.0,,140,0,134.0,137.0,134.0
2020-01-28,0.0,-4.35,132.0,,8172,0,140.0,140.0,128.0
2020-01-27,0.0,-0.72,138.0,,1380,0,141.0,141.0,137.0
2020-01-26,0.0,0.0,139.0,,30,0,141.0,141.0,139.0
2020-01-23,0.0,-2.8,139.0,,11100,0,142.0,142.0,135.0
2020-01-22,0.0,0.0,143.0,,200010,0,145.0,145.0,143.0
2020-01-21,0.0,-1.38,143.0,,600,0,143.0,143.0,143.0
2020-01-20,0.0,-6.45,145.0,,750,0,152.0,152.0,145.0
2020-01-19,0.0,9.93,155.0,,13140,0,143.0,155.0,139.0
2020-01-16,0.0,4.44,141.0,,9658,0,137.0,143.0,137.0
2020-01-15,0.0,2.27,135.0,,6381,0,134.0,136.0,132.0
2020-01-14,0.0,1.54,132.0,,11550,0,128.0,132.0,124.0
2020-01-13,0.0,7.44,130.0,,2175,0,123.0,130.0,121.0
2020-01-12,0.0,0.83,121.0,,3000,0,122.0,122.0,120.0
2020-01-09,0.0,1.69,120.0,,4976,0,120.0,120.0,119.0
2020-01-08,0.0,1.72,118.0,,5345,0,116.0,118.0,115.0
2020-01-07,0.0,-0.85,116.0,,872,0,115.0,116.0,115.0
2020-01-06,0.0,-2.5,117.0,,16134,0,119.0,121.0,117.0
2020-01-02,0.0,-3.23,120.0,,400,0,122.0,122.0,120.0
2020-01-01,0.0,1.64,124.0,,80,0,124.0,126.0,124.0
2019-12-31,0.0,0.0,122.0,,5120,0,120.0,122.0,120.0
2019-12-30,0.0,1.67,122.0,,680,0,120.0,122.0,120.0
2019-12-29,0.0,1.69,120.0,,10,0,120.0,120.0,120.0
2019-12-26,0.0,1.72,118.0,,10,0,118.0,118.0,118.0
2019-12-25,0.0,0.87,116.0,,620,0,115.0,119.0,115.0
2019-12-24,0.0,-1.71,115.0,,120,0,116.0,116.0,115.0
2019-12-23,0.0,1.74,117.0,,264,0,117.0,119.0,117.0
2019-12-19,0.0,0.88,115.0,,200,0,115.0,115.0,115.0
2019-12-18,0.0,0.0,114.0,,250,0,116.0,116.0,114.0
2019-12-17,0.0,-1.72,114.0,,170,0,114.0,114.0,114.0
2019-12-15,0.0,3.57,116.0,,100,0,114.0,116.0,114.0
2019-12-12,0.0,-3.45,112.0,,20,0,114.0,114.0,112.0
2019-12-11,0.0,1.75,116.0,,20,0,116.0,116.0,116.0
2019-12-10,0.0,0.88,114.0,,350,0,112.0,114.0,112.0
2019-12-09,0.0,0.89,113.0,,2750,0,113.0,113.0,111.0
2019-12-08,0.0,0.0,112.0,,415,0,112.0,112.0,112.0
2019-12-05,0.0,0.0,112.0,,1210,0,112.0,112.0,112.0
2019-12-04,0.0,0.0,112.0,,4050,0,112.0,112.0,112.0
2019-12-03,0.0,0.0,112.0,,5000,0,112.0,112.0,112.0
2019-12-01,0.0,-0.88,112.0,,810,0,113.0,113.0,112.0
2019-11-27,0.0,0.89,113.0,,227,0,113.0,113.0,113.0
2019-11-26,0.0,-1.75,112.0,,144,0,112.0,112.0,112.0
2019-11-25,0.0,1.79,114.0,,111,0,111.0,114.0,111.0
2019-11-24,0.0,-1.75,112.0,,510,0,112.0,112.0,112.0
2019-11-21,0.0,0.0,114.0,,243,0,114.0,114.0,114.0
2019-11-19,0.0,-0.87,114.0,,1000,0,116.0,116.0,114.0
2019-11-18,0.0,0.0,115.0,,450,0,117.0,117.0,115.0
2019-11-17,0.0,0.88,115.0,,126,0,115.0,115.0,114.0
2019-11-12,0.0,-0.87,114.0,,637,0,115.0,116.0,114.0
2019-11-10,0.0,0.0,115.0,,31,0,116.0,116.0,115.0
2019-11-06,0.0,1.77,115.0,,36,0,115.0,115.0,115.0
2019-11-05,0.0,-1.74,113.0,,300,0,113.0,113.0,113.0
2019-11-04,0.0,1.77,115.0,,262,0,115.0,115.0,115.0
2019-11-03,0.0,-2.59,113.0,,800,0,115.0,115.0,113.0
2019-10-31,0.0,-1.69,116.0,,100,0,116.0,116.0,116.0
2019-10-24,0.0,3.51,118.0,,262,0,116.0,119.0,116.0
2019-10-22,0.0,-2.56,114.0,,783,0,115.0,115.0,114.0
2019-10-20,0.0,1.74,117.0,,120,0,117.0,117.0,117.0
2019-10-17,0.0,2.68,115.0,,612,0,112.0,115.0,112.0
2019-10-16,0.0,-1.75,112.0,,10,0,112.0,112.0,112.0
2019-10-15,0.0,-1.72,114.0,,10,0,114.0,114.0,114.0
2019-09-30,0.0,0.0,116.0,,163,0,116.0,116.0,116.0
2019-09-24,0.0,0.87,116.0,,600,0,114.0,116.0,114.0
2019-09-23,0.0,0.0,115.0,,287,0,113.0,115.0,113.0
2019-09-22,0.0,1.77,115.0,,100,0,115.0,115.0,115.0
2019-09-19,0.0,-3.42,113.0,,5795,0,117.0,117.0,113.0
2019-09-18,0.0,-1.68,117.0,,316,0,118.0,118.0,117.0
2019-09-17,0.0,1.71,119.0,,20,0,119.0,119.0,119.0
2019-09-15,0.0,-1.68,117.0,,100,0,117.0,117.0,117.0
2019-09-12,0.0,0.0,119.0,,210,0,121.0,121.0,119.0
2019-09-11,0.0,3.48,119.0,,1010,0,117.0,119.0,117.0
2019-09-10,0.0,-1.71,115.0,,10,0,115.0,115.0,115.0
2019-09-09,0.0,0.86,117.0,,1620,0,116.0,117.0,115.0
2019-09-08,0.0,-1.69,116.0,,44,0,116.0,116.0,116.0
2019-09-05,0.0,-1.67,118.0,,140,0,118.0,118.0,118.0
2019-09-04,0.0,0.84,120.0,,70,0,120.0,120.0,120.0
2019-09-03,0.0,0.0,119.0,,110,0,117.0,119.0,117.0
2019-08-22,0.0,1.68,121.0,,100,0,121.0,121.0,121.0
2019-08-20,0.0,2.59,119.0,,536,0,115.0,119.0,115.0
2019-08-19,0.0,-2.52,116.0,,2973,0,117.0,118.0,116.0
2019-08-15,0.0,-1.65,119.0,,500,0,119.0,119.0,119.0
2019-08-14,0.0,-2.42,121.0,,3131,0,123.0,124.0,121.0
2019-08-12,0.0,-3.12,124.0,,970,0,126.0,126.0,124.0
2019-08-11,0.0,-1.54,128.0,,50,0,128.0,128.0,128.0
2019-08-06,0.0,-0.76,130.0,,60,0,130.0,130.0,130.0
2019-08-05,0.0,0.77,131.0,,70,0,132.0,132.0,131.0
2019-08-04,0.0,4.0,130.0,,394,0,127.0,130.0,127.0
2019-08-01,0.0,-3.1,125.0,,2005,0,127.0,127.0,123.0
2019-07-31,0.0,3.2,129.0,,620,0,127.0,129.0,127.0
2019-07-30,0.0,-3.1,125.0,,364,0,127.0,127.0,125.0
2019-07-29,0.0,0.0,129.0,,80,0,129.0,129.0,129.0
2019-07-25,0.0,0.78,129.0,,750,0,128.0,129.0,128.0
2019-07-23,0.0,0.0,128.0,,50,0,128.0,128.0,128.0
2019-07-22,0.0,-2.29,128.0,,520,0,129.0,129.0,128.0
2019-07-18,0.0,1.55,131.0,,250,0,131.0,131.0,131.0
2019-07-17,0.0,-1.53,129.0,,50,0,129.0,129.0,129.0
2019-07-16,0.0,4.8,131.0,,10,0,131.0,131.0,131.0
2019-07-14,0.0,-1.57,125.0,,21,0,125.0,125.0,125.0
2019-07-11,0.0,1.6,127.0,,16405,0,124.0,127.0,123.0
2019-07-10,0.0,-1.57,125.0,,273,0,126.0,126.0,125.0
2019-07-09,0.0,0.79,127.0,,18124,0,125.0,127.0,124.0
2019-07-08,0.0,1.61,126.0,,642,0,123.0,126.0,123.0
2019-07-07,0.0,-0.8,124.0,,126,0,124.0,124.0,124.0
2019-07-04,0.0,-1.57,125.0,,10,0,125.0,125.0,125.0
2019-07-03,0.0,3.25,127.0,,150,0,125.0,127.0,125.0
2019-07-02,0.0,-0.81,123.0,,300,0,123.0,123.0,123.0
2019-07-01,0.0,-2.36,124.0,,324,0,125.0,125.0,124.0
2019-06-20,0.0,3.25,127.0,,1995,0,125.0,127.0,125.0
2019-06-19,0.0,-1.6,123.0,,81,0,123.0,123.0,123.0
2019-06-18,0.0,2.46,125.0,,439,0,124.0,125.0,124.0
2019-06-16,0.0,-2.4,122.0,,1804,0,124.0,124.0,122.0
2019-06-13,0.0,0.81,125.0,,511,0,126.0,128.0,125.0
2019-06-12,0.0,-3.12,124.0,,10947,0,126.0,126.0,124.0
2019-06-11,0.0,-4.48,128.0,,3350,0,132.0,132.0,128.0
2019-06-10,0.0,1.52,134.0,,100,0,134.0,134.0,134.0
2019-06-06,0.0,-0.75,132.0,,2502,0,133.0,133.0,129.0
2019-06-04,0.0,4.72,133.0,,23079,0,126.0,133.0,121.0
2019-06-03,0.0,0.79,127.0,,1152,0,128.0,128.0,125.0
2019-06-02,0.0,-4.55,126.0,,20310,0,130.0,130.0,126.0
2019-05-30,0.0,3.12,132.0,,1191,0,126.0,132.0,126.0
2019-05-29,0.0,4.07,128.0,,1263,0,125.0,128.0,125.0
2019-05-28,0.0,-1.6,123.0,,26,0,123.0,123.0,123.0
2019-05-27,0.0,-1.57,125.0,,487,0,126.0,126.0,125.0
2019-05-23,0.0,-1.55,127.0,,1500,0,131.0,131.0,127.0
2019-05-22,0.0,2.38,129.0,,525,0,124.0,129.0,124.0
2019-05-21,0.0,1.61,126.0,,950,0,126.0,130.0,126.0
2019-05-20,0.0,-1.59,124.0,,4559,0,125.0,126.0,123.0
2019-05-19,0.0,-3.08,126.0,,527,0,128.0,128.0,125.0
2019-05-14,0.0,-1.52,130.0,,250,0,131.0,131.0,130.0
2019-05-05,0.0,0.0,132.0,,327,0,134.0,134.0,132.0
2019-05-02,0.0,1.54,132.0,,587,0,130.0,132.0,130.0
2019-04-30,0.0,1.56,130.0,,1020,0,128.0,130.0,126.0
2019-04-29,0.0,1.59,128.0,,114,0,128.0,128.0,128.0
2019-04-28,0.0,2.44,126.0,,4699,0,125.0,127.0,125.0
2019-04-25,0.0,-3.91,123.0,,5820,0,128.0,128.0,122.0
2019-04-17,0.0,-1.54,128.0,,20,0,130.0,128.0,128.0
2019-04-15,0.0,0.0,130.0,,100,0,130.0,130.0,130.0
2019-04-01,0.0,0.0,130.0,,408,0,130.0,130.0,130.0
2019-03-13,0.0,1.56,130.0,,17,0,130.0,130.0,128.0
2019-03-12,0.0,0.0,128.0,,10,0,128.0,128.0,128.0
2019-02-27,0.0,-1.54,128.0,,81,0,128.0,130.0,128.0
2019-02-19,0.0,1.56,130.0,,20,0,130.0,130.0,128.0
2019-02-13,0.0,1.59,128.0,,30,0,127.0,128.0,126.0
2019-02-11,0.0,-1.56,126.0,,2994,0,126.0,128.0,126.0
2019-01-22,0.0,-1.54,128.0,,350,0,130.0,130.0,128.0
2019-01-13,0.0,0.0,130.0,,40,0,130.0,132.0,130.0
2019-01-10,0.0,0.0,130.0,,90,0,130.0,130.0,130.0
2019-01-07,0.0,-1.52,130.0,,10,0,132.0,132.0,130.0
2018-12-27,0.0,1.54,132.0,,100,0,130.0,132.0,130.0
2018-12-26,0.0,1.56,130.0,,10,0,128.0,130.0,128.0
2018-12-17,0.0,0.79,128.0,,30,0,127.0,129.0,127.0
2018-12-16,0.0,0.79,127.0,,1000,0,126.0,127.0,126.0
2018-12-13,0.0,-1.56,126.0,,100,0,128.0,128.0,126.0
2018-12-11,0.0,8.47,128.0,,110,0,118.0,128.0,118.0
2018-12-10,0.0,1.72,118.0,,73,0,116.0,118.0,116.0
2018-12-09,0.0,0.0,116.0,,50,0,116.0,116.0,116.0
2018-11-29,0.0,1.75,116.0,,971,0,114.0,116.0,114.0
2018-11-27,0.0,-1.72,114.0,,5061,0,116.0,116.0,114.0
2018-11-26,0.0,-2.52,116.0,,1710,0,119.0,119.0,116.0
2018-11-25,0.0,-3.25,119.0,,1500,0,123.0,123.0,119.0
2018-11-22,0.0,0.0,123.0,,200,0,123.0,123.0,123.0
2018-11-21,0.0,-0.81,123.0,,65,0,124.0,124.0,123.0
2018-11-19,0.0,3.33,124.0,,4421,0,120.0,124.0,120.0
2018-11-15,0.0,3.45,120.0,,3066,0,116.0,120.0,116.0
2018-10-28,0.0,-4.76,120.0,,280,0,124.0,124.0,120.0
2018-10-24,0.0,-1.56,126.0,,436,0,128.0,128.0,126.0
2018-10-11,0.0,-1.54,128.0,,140,0,128.0,128.0,128.0
2018-09-26,0.0,0.0,130.0,,1500,0,132.0,132.0,130.0
2018-09-25,0.0,4.84,130.0,,350,0,126.0,130.0,126.0
2018-09-20,0.0,-1.59,125.0,,2096,0,125.0,125.0,124.0
2018-09-18,0.0,-2.33,126.0,,7207,0,127.0,128.0,125.0
2018-09-16,0.0,3.2,129.0,,1020,0,127.0,129.0,127.0
2018-09-13,0.0,-1.57,125.0,,71,0,125.0,125.0,125.0
2018-09-12,0.0,0.0,127.0,,115,0,129.0,129.0,127.0
2018-09-11,0.0,-3.05,127.0,,1430,0,129.0,129.0,127.0
2018-09-10,0.0,0.77,129.0,,923,0,129.0,131.0,129.0
2018-09-09,0.0,0.0,130.0,,50,0,130.0,130.0,130.0
2018-09-06,0.0,0.78,130.0,,3378,0,131.0,133.0,130.0
2018-09-05,0.0,-3.01,129.0,,881,0,131.0,133.0,129.0
2018-09-04,0.0,-1.48,133.0,,2210,0,135.0,135.0,131.0
2018-09-03,0.0,1.5,135.0,,100,0,135.0,135.0,135.0
2018-08-30,0.0,-1.48,133.0,,200,0,133.0,133.0,133.0
2018-08-29,0.0,-0.74,135.0,,200,0,135.0,135.0,135.0
2018-08-21,0.0,1.49,136.0,,12,0,136.0,136.0,136.0
2018-08-16,0.0,-0.74,134.0,,30,0,136.0,136.0,134.0
2018-08-15,0.0,4.65,135.0,,1090,0,131.0,135.0,130.0
2018-08-01,0.0,-0.77,129.0,,400,0,131.0,131.0,129.0
2018-07-31,0.0,-1.52,130.0,,500,0,130.0,130.0,130.0
2018-07-30,0.0,1.54,132.0,,200,0,132.0,132.0,132.0
2018-07-25,0.0,-1.52,130.0,,500,0,130.0,130.0,130.0
2018-07-24,0.0,1.54,132.0,,100,0,132.0,132.0,132.0
2018-07-22,0.0,1.56,130.0,,250,0,128.0,130.0,128.0
2018-07-19,0.0,-0.78,128.0,,668,0,127.0,128.0,127.0
2018-07-16,0.0,-1.53,129.0,,17,0,129.0,129.0,129.0
2018-07-09,0.0,0.77,131.0,,200,0,131.0,131.0,131.0
2018-07-08,0.0,-1.52,130.0,,1000,0,130.0,130.0,130.0
2018-07-05,0.0,3.12,132.0,,90,0,130.0,132.0,130.0
2018-07-02,0.0,4.92,128.0,,140,0,124.0,128.0,124.0
2018-07-01,0.0,-0.77,129.0,,400,0,131.0,131.0,129.0
2018-06-28,0.0,0.8,126.0,,250,0,127.0,127.0,126.0
2018-06-27,0.0,0.0,125.0,,227,0,127.0,127.0,125.0
2018-06-26,0.0,-3.85,125.0,,2071,0,128.0,128.0,125.0
2018-06-25,0.0,0.78,130.0,,50,0,130.0,130.0,130.0
2018-06-24,0.0,-1.53,129.0,,361,0,129.0,129.0,129.0
2018-06-13,0.0,-1.5,131.0,,44,0,131.0,131.0,131.0
2018-06-12,0.0,-1.48,133.0,,49,0,133.0,133.0,133.0
2018-06-11,0.0,-1.46,135.0,,1000,0,135.0,135.0,135.0
2018-06-10,0.0,-1.44,137.0,,3864,0,139.0,139.0,137.0
2018-06-07,0.0,-0.71,139.0,,280,0,139.0,139.0,139.0
2018-06-04,0.0,-1.41,140.0,,236,0,140.0,140.0,140.0
2018-05-28,0.0,1.43,142.0,,20,0,140.0,142.0,142.0
2018-05-27,0.0,-1.41,140.0,,800,0,140.0,140.0,140.0
2018-05-24,0.0,-2.07,142.0,,930,0,145.0,143.0,142.0
2018-05-22,0.0,-1.36,145.0,,250,0,145.0,145.0,145.0
2018-05-21,0.0,0.0,147.0,,459,0,147.0,147.0,147.0
2018-05-14,0.0,-2.65,147.0,,625,0,148.0,150.0,147.0
2018-05-10,0.0,2.72,151.0,,700,0,147.0,151.0,149.0
2018-05-09,0.0,2.8,147.0,,1400,0,143.0,147.0,142.0
2018-05-08,0.0,-4.67,143.0,,1200,0,148.0,148.0,143.0
2018-05-07,0.0,-2.6,150.0,,361,0,151.0,151.0,150.0
2018-05-03,0.0,0.0,154.0,,400,0,154.0,154.0,154.0
2018-05-02,0.0,2.67,154.0,,332,0,150.0,154.0,152.0
2018-04-29,0.0,-1.32,150.0,,1206,0,150.0,150.0,150.0
2018-04-26,0.0,-1.3,153.0,,610,0,152.0,154.0,152.0
2018-04-25,0.0,1.32,154.0,,575,0,155.0,155.0,154.0
2018-04-24,0.0,0.0,152.0,,120,0,155.0,155.0,152.0
2018-04-23,0.0,-1.3,152.0,,6750,0,157.0,160.0,152.0
2018-04-22,0.0,-1.28,154.0,,140,0,156.0,156.0,154.0
2018-04-19,0.0,-0.64,156.0,,5691,0,157.0,157.0,154.0
2018-04-18,0.0,3.97,156.0,,3000,0,154.0,157.0,154.0
2018-04-17,0.0,1.34,151.0,,1780,0,149.0,154.0,151.0
2018-04-16,0.0,5.67,148.0,,4172,0,141.0,149.0,141.0
2018-04-15,0.0,-1.4,141.0,,150,0,143.0,142.0,141.0
2018-04-12,0.0,-1.38,143.0,,150,0,145.0,145.0,143.0
2018-04-11,0.0,-1.36,145.0,,500,0,149.0,147.0,145.0
2018-04-10,0.0,-1.34,147.0,,7683,0,147.0,147.0,141.0
2018-04-09,0.0,-3.87,149.0,,225,0,152.0,152.0,149.0
2018-04-08,0.0,6.16,155.0,,1020,0,148.0,155.0,148.0
2018-04-05,0.0,-5.19,146.0,,2134,0,151.0,151.0,146.0
2018-04-04,0.0,-1.91,154.0,,50,0,154.0,154.0,154.0
2018-04-03,0.0,-2.48,157.0,,58,0,163.0,163.0,157.0
2018-03-29,0.0,5.92,161.0,,153,0,155.0,161.0,154.0
2018-03-28,0.0,-1.3,152.0,,40,0,154.0,154.0,152.0
2018-03-22,0.0,1.99,154.0,,20,0,154.0,154.0,154.0
2018-03-18,0.0,-1.95,151.0,,100,0,151.0,151.0,151.0
2018-03-14,0.0,-1.91,155.0,,200,0,155.0,155.0,154.0
2018-03-12,0.0,-1.88,157.0,,100,0,160.0,157.0,157.0
2018-03-11,0.0,-1.84,160.0,,10,0,163.0,160.0,160.0
2018-02-27,0.0,1.24,163.0,,225,0,161.0,163.0,161.0
2018-02-20,0.0,0.0,163.0,,400,0,163.0,164.0,161.0
2018-02-18,0.0,0.0,161.0,,110,0,161.0,164.0,161.0
2018-02-15,0.0,3.87,161.0,,2550,0,158.0,161.0,155.0
2018-02-14,0.0,-1.9,155.0,,4000,0,155.0,155.0,155.0
2018-02-08,0.0,1.93,158.0,,10,0,158.0,158.0,158.0
2018-02-07,0.0,6.16,155.0,,610,0,148.0,155.0,148.0
2018-02-06,0.0,-0.68,146.0,,96,0,146.0,146.0,146.0
2018-02-05,0.0,-5.77,147.0,,1000,0,153.0,153.0,147.0
2018-02-01,0.0,1.96,156.0,,20,0,156.0,156.0,156.0
2018-01-31,0.0,2.0,153.0,,100,0,153.0,153.0,153.0
2018-01-29,0.0,-1.96,150.0,,1500,0,150.0,150.0,150.0
2018-01-28,0.0,1.32,153.0,,40,0,151.0,153.0,151.0
2018-01-25,0.0,-3.21,151.0,,4524,0,153.0,155.0,151.0
2018-01-24,0.0,-3.11,156.0,,168,0,158.0,158.0,156.0
2018-01-22,0.0,-0.62,161.0,,54,0,164.0,164.0,161.0
2018-01-17,0.0,-1.82,162.0,,150,0,162.0,162.0,162.0
2018-01-16,0.0,-1.79,165.0,,350,0,168.0,168.0,165.0
2018-01-10,0.0,1.82,168.0,,50,0,168.0,168.0,168.0
2018-01-09,0.0,1.23,165.0,,571,0,163.0,166.0,165.0
2018-01-08,0.0,1.87,163.0,,500,0,163.0,163.0,163.0
2018-01-07,0.0,-3.61,160.0,,200,0,163.0,163.0,160.0
2018-01-03,0.0,-1.19,166.0,,20,0,168.0,166.0,166.0
2018-01-02,0.0,1.56,195.0,,105,0,195.0,195.0,192.0
2018-01-01,0.0,1.59,192.0,,240,0,191.0,192.0,191.0
2017-12-31,0.0,-1.56,189.0,,720,0,190.0,190.0,189.0
2017-12-28,0.0,1.05,192.0,,327,0,192.0,193.0,192.0
2017-12-26,0.0,0.0,190.0,,250,0,190.0,190.0,190.0
2017-12-24,0.0,1.6,190.0,,860,0,190.0,193.0,190.0
2017-12-21,0.0,1.63,187.0,,500,0,187.0,187.0,187.0
2017-12-20,0.0,-1.08,184.0,,1000,0,184.0,184.0,184.0
2017-12-19,0.0,1.64,186.0,,200,0,186.0,186.0,186.0
2017-12-17,0.0,-3.68,183.0,,8110,0,189.0,189.0,183.0
2017-12-14,0.0,-1.55,190.0,,200,0,190.0,190.0,190.0
2017-12-10,0.0,-0.51,193.0,,200,0,193.0,193.0,193.0
2017-12-06,0.0,2.11,194.0,,557,0,188.0,194.0,188.0
2017-12-05,0.0,-1.55,190.0,,135,0,190.0,190.0,190.0
2017-12-04,0.0,-1.03,193.0,,100,0,193.0,193.0,193.0
2017-11-30,0.0,1.56,195.0,,10,0,195.0,195.0,195.0
2017-11-29,0.0,-0.52,192.0,,2000,0,192.0,192.0,192.0
2017-11-28,0.0,-1.53,193.0,,500,0,193.0,193.0,193.0
2017-11-27,0.0,3.16,196.0,,2078,0,193.0,196.0,190.0
2017-11-26,0.0,0.0,190.0,,5428,0,190.0,193.0,190.0
2017-11-23,0.0,1.6,190.0,,2000,0,187.0,190.0,190.0
2017-11-21,0.0,-1.58,187.0,,500,0,187.0,187.0,187.0
2017-11-20,0.0,-1.04,190.0,,151,0,190.0,190.0,190.0
2017-11-19,0.0,-1.54,192.0,,120,0,195.0,195.0,192.0
2017-11-16,0.0,-1.52,195.0,,200,0,195.0,195.0,195.0
2017-11-15,0.0,0.51,198.0,,719,0,198.0,198.0,195.0
2017-11-14,0.0,3.14,197.0,,276,0,189.0,197.0,189.0
2017-11-13,0.0,3.24,191.0,,400,0,188.0,191.0,188.0
2017-11-12,0.0,-2.12,185.0,,5497,0,189.0,188.0,183.0
2017-11-09,0.0,-1.56,189.0,,200,0,189.0,189.0,189.0
2017-11-08,0.0,-1.54,192.0,,500,0,192.0,192.0,192.0
2017-11-07,0.0,-1.52,195.0,,10,0,195.0,195.0,195.0
2017-11-06,0.0,1.54,198.0,,35,0,195.0,198.0,198.0
2017-11-01,0.0,-2.5,195.0,,336,0,196.0,196.0,195.0
2017-10-31,0.0,-2.91,200.0,,222,0,202.0,202.0,198.0
2017-10-30,0.0,1.98,206.0,,140,0,206.0,210.0,206.0
2017-10-25,0.0,-3.81,202.0,,500,0,206.0,206.0,202.0
2017-10-24,0.0,1.94,210.0,,820,0,206.0,210.0,202.0
2017-10-23,0.0,0.98,206.0,,809,0,204.0,208.0,205.0
2017-10-22,0.0,2.0,204.0,,100,0,204.0,204.0,204.0
2017-10-17,0.0,1.01,200.0,,434,0,198.0,201.0,198.0
2017-10-16,0.0,1.54,198.0,,1000,0,198.0,198.0,198.0
2017-10-15,0.0,-5.34,195.0,,1570,0,210.0,210.0,195.0
2017-10-12,0.0,0.0,250.0,,10445,0,250.0,252.0,249.0
2017-10-11,0.0,-0.4,250.0,,7624,0,256.0,256.0,246.0
2017-10-10,0.0,-1.57,251.0,,664,0,251.0,251.0,250.0
2017-10-09,0.0,-1.92,255.0,,3544,0,260.0,262.0,250.0
2017-10-08,0.0,-3.7,260.0,,13141,0,265.0,265.0,260.0
2017-10-04,0.0,0.0,270.0,,700,0,270.0,270.0,270.0
2017-10-03,0.0,3.05,270.0,,421,0,267.0,270.0,262.0
2017-09-26,0.0,0.77,262.0,,910,0,264.0,264.0,259.0
2017-09-25,0.0,1.96,260.0,,200,0,260.0,270.0,260.0
2017-09-24,0.0,2.0,255.0,,30,0,255.0,255.0,255.0
2017-09-20,0.0,-1.96,250.0,,300,0,258.0,258.0,250.0
2017-09-18,0.0,-3.41,255.0,,18318,0,259.0,260.0,250.0
2017-09-17,0.0,1.54,264.0,,5049,0,255.0,264.0,254.0
2017-09-14,0.0,1.17,260.0,,622,0,256.0,265.0,256.0
2017-09-13,0.0,0.78,256.0,,88,0,257.0,257.0,256.0
2017-09-12,0.0,-0.78,255.0,,3300,0,257.0,257.0,250.0
2017-09-11,0.0,-1.53,257.0,,336,0,256.0,257.0,252.0
2017-09-10,0.0,-1.88,261.0,,200,0,261.0,261.0,261.0
2017-09-06,0.0,1.53,266.0,,6349,0,260.0,266.0,259.0
2017-09-04,0.0,-0.38,262.0,,282,0,263.0,263.0,262.0
2017-08-30,0.0,-1.5,263.0,,522,0,262.0,263.0,262.0
2017-08-28,0.0,-1.84,267.0,,1007,0,275.0,272.0,267.0
2017-08-27,0.0,-1.09,272.0,,755,0,275.0,272.0,270.0
2017-08-24,0.0,0.0,275.0,,500,0,275.0,280.0,275.0
2017-08-23,0.0,1.85,275.0,,50,0,275.0,275.0,275.0
2017-08-21,0.0,3.45,270.0,,510,0,266.0,270.0,266.0
2017-08-20,0.0,-1.51,261.0,,8640,0,262.0,262.0,257.0
2017-08-17,0.0,-1.49,265.0,,68,0,265.0,265.0,265.0
2017-08-16,0.0,-1.82,269.0,,1068,0,271.0,271.0,265.0
2017-08-15,0.0,1.48,274.0,,40,0,274.0,274.0,274.0
2017-08-13,0.0,0.0,270.0,,2695,0,265.0,270.0,265.0
2017-08-10,0.0,0.0,270.0,,200,0,270.0,270.0,270.0
2017-08-09,0.0,0.0,270.0,,1730,0,275.0,275.0,265.0
2017-08-07,0.0,-1.82,270.0,,2816,0,280.0,280.0,266.0
2017-08-06,0.0,2.23,275.0,,552,0,265.0,275.0,265.0
2017-08-03,0.0,0.0,269.0,,110,0,269.0,274.0,269.0
2017-08-02,0.0,1.13,269.0,,1084,0,271.0,271.0,261.0
2017-08-01,0.0,-4.66,266.0,,1023,0,284.0,284.0,266.0
2017-07-31,0.0,-1.41,279.0,,120,0,280.0,280.0,275.0
2017-07-30,0.0,0.0,283.0,,1150,0,288.0,288.0,283.0
2017-07-26,0.0,1.8,283.0,,11,0,283.0,283.0,283.0
2017-07-25,0.0,1.83,278.0,,11,0,278.0,278.0,278.0
2017-07-24,0.0,-0.36,273.0,,215,0,269.0,274.0,269.0
2017-07-23,0.0,-0.36,274.0,,360,0,280.0,279.0,274.0
2017-07-20,0.0,0.0,275.0,,230,0,280.0,280.0,271.0
2017-07-19,0.0,1.85,275.0,,10,0,275.0,275.0,275.0
2017-07-18,0.0,-1.46,270.0,,1697,0,275.0,275.0,270.0
2017-07-17,0.0,2.62,274.0,,422,0,263.0,274.0,263.0
2017-07-16,0.0,0.0,267.0,,300,0,262.0,267.0,262.0
2017-07-13,0.0,0.75,267.0,,1777,0,262.0,267.0,262.0
2017-07-12,0.0,-1.12,231.0,,15541,0,270.0,270.0,265.0
2017-07-11,0.0,1.13,268.0,,18872,0,265.0,268.0,263.0
2017-07-10,0.0,1.92,262.0,,1821,0,258.0,265.0,258.0
2017-07-09,0.0,-1.89,260.0,,810,0,265.0,270.0,260.0
2017-07-06,0.0,0.38,265.0,,230,0,269.0,269.0,262.0
2017-07-05,0.0,0.0,264.0,,80,0,268.0,268.0,263.0
2017-07-04,0.0,3.94,264.0,,195,0,259.0,264.0,254.0
2017-07-03,0.0,-1.55,254.0,,670,0,263.0,268.0,254.0
2017-07-02,0.0,1.98,258.0,,100,0,258.0,258.0,258.0
2017-06-28,0.0,-2.69,253.0,,583,0,257.0,257.0,253.0
2017-06-27,0.0,0.39,260.0,,850,0,264.0,269.0,259.0
2017-06-25,0.0,-1.89,259.0,,68,0,259.0,259.0,259.0
2017-06-22,0.0,1.54,264.0,,737,0,265.0,265.0,255.0
2017-06-21,0.0,-1.89,260.0,,909,0,260.0,263.0,255.0
2017-06-20,0.0,1.92,265.0,,154,0,265.0,265.0,260.0
2017-06-19,0.0,-3.7,260.0,,125,0,265.0,265.0,260.0
2017-06-18,0.0,-1.82,270.0,,972,0,275.0,280.0,270.0
2017-06-15,0.0,1.85,275.0,,310,0,275.0,275.0,270.0
2017-06-14,0.0,1.89,270.0,,250,0,265.0,270.0,265.0
2017-06-13,0.0,-0.38,265.0,,1440,0,269.0,269.0,264.0
2017-06-11,0.0,1.92,266.0,,406,0,260.0,266.0,260.0
2017-06-08,0.0,-1.51,261.0,,168,0,261.0,261.0,261.0
2017-06-07,0.0,-3.28,265.0,,460,0,279.0,279.0,265.0
2017-06-06,0.0,3.79,273.0,,420,0,269.0,274.0,265.0
2017-06-05,0.0,0.0,264.0,,1081,0,261.0,264.0,261.0
2017-06-04,0.0,-1.49,265.0,,4035,0,273.0,273.0,264.0
2017-06-01,0.0,1.9,268.0,,1029,0,268.0,272.0,268.0
2017-05-31,0.0,-2.59,263.0,,1254,0,270.0,270.0,263.0
2017-05-30,0.0,-0.74,270.0,,90,0,270.0,270.0,270.0
2017-05-28,0.0,-1.81,275.0,,504,0,282.0,282.0,272.0
2017-05-24,0.0,1.84,277.0,,92,0,272.0,277.0,268.0
2017-05-23,0.0,-1.09,272.0,,298,0,270.0,272.0,265.0
2017-05-22,0.0,1.85,275.0,,1400,0,270.0,275.0,270.0
2017-05-21,0.0,-3.57,270.0,,364,0,275.0,275.0,270.0
2017-05-18,0.0,0.72,280.0,,4474,0,278.0,283.0,276.0
2017-05-17,0.0,-0.71,278.0,,310,0,282.0,282.0,278.0
2017-05-16,0.0,3.32,280.0,,2136,0,276.0,280.0,275.0
2017-05-15,0.0,-3.21,272.0,,3124,0,285.0,285.0,271.0
2017-05-11,0.0,-2.44,280.0,,4300,0,282.0,285.0,280.0
2017-05-09,0.0,3.61,287.0,,1248,0,277.0,287.0,277.0
2017-05-08,0.0,-1.07,278.0,,3710,0,282.0,287.0,277.0
2017-05-07,0.0,-3.45,280.0,,2000,0,285.0,285.0,280.0
2017-05-04,0.0,0.0,289.0,,5595,0,295.0,295.0,285.0
2017-05-03,0.0,1.75,288.0,,8500,0,290.0,300.0,281.0
2017-05-02,0.0,3.64,286.0,,6011,0,280.0,290.0,275.0
2017-04-30,0.0,-2.14,275.0,,2768,0,285.0,285.0,272.0
2017-04-27,0.0,-4.42,281.0,,8360,0,294.0,294.0,280.0
2017-04-26,0.0,1.73,294.0,,9594,0,294.0,300.0,284.0
2017-04-25,0.0,5.47,289.0,,14060,0,279.0,300.0,279.0
2017-04-24,0.0,-5.19,274.0,,3190,0,294.0,294.0,274.0
2017-04-23,0.0,3.6,285.0,,400,0,283.0,288.0,283.0
2017-04-20,0.0,0.0,278.0,,7676,0,281.0,281.0,273.0
2017-04-19,0.0,9.88,278.0,,12110,0,253.0,278.0,258.0
2017-04-18,0.0,1.2,253.0,,2598,0,255.0,255.0,245.0
2017-04-16,0.0,-4.94,250.0,,3250,0,258.0,260.0,250.0
2017-04-13,0.0,1.94,263.0,,4410,0,262.0,268.0,250.0
2017-04-12,0.0,9.79,258.0,,24807,0,239.0,258.0,235.0
2017-04-11,0.0,-2.49,235.0,,5770,0,237.0,237.0,232.0
2017-04-10,0.0,-2.43,241.0,,2200,0,243.0,245.0,223.0
2017-04-06,0.0,1.65,247.0,,10,0,243.0,247.0,247.0
2017-04-04,0.0,-3.57,243.0,,230,0,257.0,257.0,243.0
2017-04-03,0.0,8.62,250.0,,3620,0,236.0,252.0,236.0
2017-04-02,0.0,3.57,232.0,,2892,0,220.0,232.0,220.0
2017-03-30,0.0,0.9,224.0,,2199,0,222.0,224.0,220.0
2017-03-29,0.0,-3.9,222.0,,12876,0,231.0,236.0,222.0
2017-03-28,0.0,3.12,231.0,,3860,0,224.0,232.0,223.0
2017-03-26,0.0,0.0,224.0,,2770,0,228.0,229.0,224.0
2017-03-23,0.0,-3.45,224.0,,110,0,228.0,228.0,224.0
2017-03-22,0.0,6.91,232.0,,1131,0,217.0,236.0,217.0
2017-03-21,0.0,-0.91,217.0,,110,0,223.0,221.0,217.0
2017-03-20,0.0,2.82,219.0,,1123,0,217.0,221.0,215.0
2017-03-19,0.0,8.67,213.0,,1477,0,196.0,213.0,199.0
2017-03-16,0.0,0.0,196.0,,1196,0,196.0,196.0,196.0
2017-03-15,0.0,-1.51,196.0,,100,0,196.0,196.0,196.0
2017-03-14,0.0,0.51,199.0,,262,0,196.0,199.0,196.0
2017-03-13,0.0,-1.98,198.0,,500,0,198.0,198.0,198.0
2017-03-09,0.0,6.32,202.0,,510,0,193.0,202.0,193.0
2017-03-06,0.0,-1.55,190.0,,2000,0,196.0,196.0,190.0
2017-03-05,0.0,-3.5,194.0,,1900,0,197.0,197.0,193.0
2017-03-01,0.0,0.0,200.0,,653,0,196.0,200.0,196.0
2017-02-28,0.0,-5.66,200.0,,560,0,208.0,208.0,200.0
2017-02-26,0.0,-1.85,212.0,,200,0,212.0,212.0,212.0
2017-02-22,0.0,-1.82,216.0,,108,0,216.0,216.0,216.0
2017-02-20,0.0,0.0,220.0,,340,0,220.0,224.0,220.0
2017-02-19,0.0,0.0,220.0,,710,0,224.0,224.0,216.0
2017-02-16,0.0,5.26,219.0,,1380,0,213.0,221.0,213.0
2017-02-15,0.0,0.48,209.0,,450,0,210.0,210.0,206.0
2017-02-14,0.0,1.46,208.0,,1850,0,202.0,209.0,200.0
2017-02-13,0.0,1.99,205.0,,990,0,201.0,205.0,198.0
2017-02-12,0.0,3.08,201.0,,650,0,198.0,201.0,198.0
2017-02-09,0.0,-1.52,195.0,,155,0,198.0,198.0,195.0
2017-02-08,0.0,1.54,198.0,,20,0,198.0,198.0,198.0
2017-02-07,0.0,-5.34,196.0,,3710,0,203.0,205.0,195.0
2017-02-06,0.0,0.0,206.0,,250,0,210.0,210.0,206.0
2017-02-05,0.0,-0.96,206.0,,258,0,204.0,206.0,204.0
2017-02-02,0.0,6.12,208.0,,1810,0,199.0,208.0,199.0
2017-02-01,0.0,-2.0,196.0,,1840,0,202.0,204.0,196.0
2017-01-31,0.0,1.01,200.0,,80,0,200.0,200.0,200.0
2017-01-30,0.0,-2.94,199.0,,261,0,201.0,201.0,198.0
2017-01-26,0.0,0.0,204.0,,296,0,200.0,204.0,200.0
2017-01-25,0.0,-3.77,204.0,,400,0,209.0,209.0,204.0
2017-01-24,0.0,-5.36,212.0,,940,0,220.0,220.0,212.0
2017-01-23,0.0,-1.32,224.0,,2306,0,231.0,231.0,224.0
2017-01-22,0.0,-2.99,227.0,,550,0,238.0,238.0,227.0
2017-01-18,0.0,-1.68,234.0,,750,0,240.0,240.0,234.0
2017-01-17,0.0,3.48,238.0,,775,0,234.0,238.0,230.0
2017-01-16,0.0,0.88,230.0,,716,0,230.0,234.0,230.0
2017-01-15,0.0,1.79,228.0,,500,0,228.0,228.0,228.0
2017-01-12,0.0,-0.88,224.0,,850,0,223.0,224.0,222.0
2017-01-09,0.0,0.44,226.0,,5150,0,226.0,226.0,223.0
2017-01-08,0.0,0.45,225.0,,70,0,225.0,225.0,225.0
2017-01-05,0.0,-2.61,224.0,,300,0,228.0,228.0,224.0
2017-01-02,0.0,0.44,230.0,,156,0,230.0,230.0,230.0
2016-12-27,0.0,0.88,229.0,,900,0,225.0,229.0,225.0
2016-12-26,0.0,-9.92,227.0,,900,0,247.0,247.0,227.0
2016-12-22,0.0,1.61,250.0,,750,0,248.0,252.0,250.0
2016-12-19,0.0,-1.07,278.0,,20,0,278.0,278.0,278.0
2016-12-15,0.0,1.08,281.0,,876,0,282.0,283.0,281.0
2016-12-14,0.0,1.46,278.0,,100,0,278.0,278.0,278.0
2016-12-11,0.0,-1.79,274.0,,150,0,274.0,274.0,274.0
2016-12-07,0.0,-1.76,279.0,,74,0,279.0,279.0,279.0
2016-12-06,0.0,-0.35,284.0,,100,0,284.0,284.0,284.0
2016-12-05,0.0,7.55,285.0,,520,0,270.0,290.0,270.0
2016-12-04,0.0,1.92,265.0,,100,0,265.0,265.0,265.0
2016-12-01,0.0,0.0,260.0,,100,0,260.0,260.0,260.0
2016-11-28,0.0,-3.7,260.0,,930,0,265.0,265.0,260.0
2016-11-27,0.0,-1.82,270.0,,650,0,270.0,270.0,265.0
2016-11-24,0.0,0.0,275.0,,700,0,271.0,275.0,270.0
2016-11-23,0.0,1.85,275.0,,500,0,273.0,275.0,273.0
2016-11-21,0.0,-3.91,270.0,,1659,0,281.0,281.0,270.0
2016-11-20,0.0,-1.75,281.0,,100,0,281.0,281.0,281.0
2016-11-17,0.0,-1.72,287.0,,1050,0,287.0,287.0,286.0
2016-11-16,0.0,-1.36,291.0,,2540,0,295.0,295.0,286.0
2016-11-15,0.0,-1.67,300.0,,1550,0,300.0,300.0,295.0
2016-11-14,0.0,-0.33,300.0,,510,0,295.0,300.0,295.0
2016-11-13,0.0,-1.31,301.0,,1100,0,305.0,305.0,301.0
2016-11-10,0.0,3.39,303.0,,1550,0,300.0,305.0,300.0
2016-11-09,0.0,-0.67,295.0,,540,0,295.0,295.0,295.0
2016-11-08,0.0,-1.98,297.0,,700,0,303.0,303.0,297.0
2016-11-07,0.0,-3.81,303.0,,1049,0,309.0,309.0,303.0
2016-10-27,0.0,-3.37,315.0,,410,0,320.0,320.0,315.0
2016-10-26,0.0,1.87,326.0,,1500,0,320.0,326.0,320.0
2016-10-25,0.0,0.0,320.0,,243,0,314.0,320.0,314.0
2016-10-24,0.0,-1.84,320.0,,250,0,321.0,321.0,320.0
2016-10-23,0.0,1.87,326.0,,679,0,315.0,326.0,315.0
2016-10-20,0.0,3.9,320.0,,20,0,314.0,320.0,314.0
2016-10-18,0.0,-6.67,310.0,,510,0,336.0,336.0,308.0
2016-10-17,0.0,0.3,330.0,,150,0,330.0,336.0,330.0
2016-10-16,0.0,1.86,329.0,,10,0,329.0,329.0,329.0
2016-10-06,0.0,3.86,323.0,,430,0,317.0,323.0,317.0
2016-10-05,0.0,1.97,311.0,,310,0,305.0,311.0,305.0
2016-10-03,0.0,-0.33,305.0,,100,0,305.0,305.0,305.0
2016-09-29,0.0,2.0,306.0,,10,0,306.0,306.0,306.0
2016-09-28,0.0,-1.96,300.0,,300,0,300.0,300.0,300.0
2016-09-25,0.0,-0.64,312.0,,1695,0,314.0,320.0,312.0
2016-09-22,0.0,-0.64,312.0,,1695,0,314.0,320.0,312.0
2016-09-21,0.0,0.32,314.0,,3050,0,307.0,314.0,302.0
2016-09-20,0.0,-3.69,313.0,,290,0,319.0,319.0,313.0
2016-09-18,0.0,-1.52,325.0,,200,0,325.0,325.0,325.0
2016-09-12,0.0,-2.37,330.0,,1500,0,338.0,338.0,330.0
2016-09-11,0.0,-4.79,338.0,,2129,0,348.0,348.0,338.0
2016-09-08,0.0,-1.66,355.0,,729,0,368.0,368.0,355.0
2016-09-06,0.0,3.14,361.0,,345,0,357.0,371.0,357.0
2016-09-05,0.0,5.74,350.0,,2749,0,331.0,364.0,336.0
2016-09-01,0.0,0.0,447.0,,9687,0,441.0,455.0,440.0
2016-08-31,0.0,1.36,447.0,,7237,0,447.0,448.0,441.0
2016-08-30,0.0,0.92,441.0,,2205,0,440.0,445.0,438.0
2016-08-29,0.0,-1.13,437.0,,2570,0,440.0,443.0,437.0
2016-08-28,0.0,1.61,442.0,,450,0,442.0,442.0,442.0
2016-08-24,0.0,0.23,435.0,,3050,0,442.0,443.0,435.0
2016-08-23,0.0,-1.59,434.0,,4660,0,445.0,460.0,434.0
2016-08-22,0.0,-3.29,441.0,,3629,0,460.0,460.0,440.0
2016-08-21,0.0,-4.4,456.0,,1779,0,468.0,468.0,456.0
2016-08-17,0.0,9.15,477.0,,19119,0,435.0,477.0,435.0
2016-08-16,0.0,9.8,437.0,,12187,0,405.0,437.0,405.0
2016-08-15,0.0,-1.73,398.0,,1310,0,397.0,398.0,397.0
2016-08-14,0.0,-1.7,405.0,,1569,0,404.0,410.0,403.0
2016-08-11,0.0,-2.14,412.0,,2372,0,429.0,435.0,412.0
2016-08-10,0.0,-1.42,418.0,,2110,0,420.0,425.0,417.0
2016-08-09,0.0,6.0,424.0,,2100,0,408.0,424.0,408.0
2016-08-08,0.0,-1.48,400.0,,2150,0,406.0,410.0,400.0
2016-08-07,0.0,-2.4,406.0,,10096,0,416.0,420.0,406.0
2016-08-04,0.0,-1.89,416.0,,1800,0,424.0,425.0,416.0
2016-08-03,0.0,-1.62,424.0,,1700,0,431.0,426.0,421.0
2016-08-02,0.0,-2.49,431.0,,600,0,442.0,434.0,431.0
2016-08-01,0.0,-2.0,442.0,,460,0,451.0,443.0,434.0
2016-07-31,0.0,-7.01,451.0,,1624,0,485.0,480.0,451.0
2016-07-28,0.0,-1.22,485.0,,5326,0,491.0,490.0,476.0
2016-07-27,0.0,6.28,491.0,,16768,0,462.0,508.0,471.0
2016-07-26,0.0,10.0,462.0,,40750,0,420.0,462.0,426.0
2016-07-25,0.0,8.25,420.0,,6520,0,388.0,420.0,392.0
2016-07-21,0.0,0.78,388.0,,3713,0,385.0,399.0,385.0
2016-07-20,0.0,0.0,385.0,,1806,0,381.0,388.0,381.0
2016-07-19,0.0,2.39,385.0,,2270,0,383.0,390.0,381.0
2016-07-18,0.0,1.62,376.0,,1343,0,370.0,376.0,365.0
2016-07-17,0.0,0.0,370.0,,1600,0,370.0,384.0,366.0
2016-07-14,0.0,4.82,370.0,,4703,0,350.0,370.0,347.0
2016-07-13,0.0,0.0,353.0,,350,0,353.0,353.0,348.0
2016-07-12,0.0,-3.29,353.0,,800,0,365.0,362.0,353.0
2016-07-11,0.0,-1.62,365.0,,11420,0,371.0,371.0,354.0
2016-07-10,0.0,-1.33,371.0,,200,0,376.0,371.0,371.0
2016-07-06,0.0,5.91,376.0,,3696,0,362.0,376.0,362.0
2016-07-05,0.0,-1.39,355.0,,3219,0,355.0,358.0,355.0
2016-07-04,0.0,2.86,360.0,,2220,0,350.0,360.0,347.0
2016-07-03,0.0,-1.41,350.0,,1439,0,355.0,350.0,350.0
2016-06-30,0.0,0.28,355.0,,7330,0,354.0,355.0,350.0
2016-06-29,0.0,0.57,354.0,,5800,0,352.0,354.0,348.0
2016-06-28,0.0,0.28,352.0,,9424,0,351.0,352.0,336.0
2016-06-27,0.0,-1.96,351.0,,360,0,358.0,353.0,351.0
2016-06-26,0.0,-3.24,358.0,,90,0,370.0,363.0,358.0
2016-06-22,0.0,-1.86,370.0,,6875,0,371.0,371.0,370.0
2016-06-21,0.0,-0.79,377.0,,8889,0,380.0,387.0,377.0
2016-06-20,0.0,1.33,380.0,,10004,0,375.0,390.0,370.0
2016-06-19,0.0,9.01,375.0,,15988,0,344.0,378.0,350.0
2016-06-16,0.0,8.86,344.0,,58420,0,316.0,344.0,320.0
2016-06-15,0.0,0.32,316.0,,400,0,310.0,316.0,310.0
2016-06-14,0.0,2.61,315.0,,7926,0,312.0,323.0,310.0
2016-06-13,0.0,-1.6,307.0,,902,0,312.0,312.0,307.0
2016-06-12,0.0,1.96,312.0,,1400,0,306.0,312.0,312.0
2016-06-09,0.0,-0.65,306.0,,2800,0,307.0,307.0,306.0
2016-06-08,0.0,0.33,308.0,,100,0,307.0,308.0,308.0
2016-06-07,0.0,0.0,307.0,,1500,0,302.0,307.0,301.0
2016-06-06,0.0,-1.6,307.0,,4466,0,312.0,308.0,306.0
2016-06-05,0.0,0.0,312.0,,2543,0,312.0,318.0,306.0
2016-06-01,0.0,-1.89,312.0,,200,0,318.0,312.0,312.0
2016-05-30,0.0,6.0,318.0,,70,0,300.0,318.0,306.0
2016-05-29,0.0,-0.66,300.0,,300,0,302.0,302.0,300.0
2016-05-26,0.0,-1.63,302.0,,250,0,307.0,302.0,301.0
2016-05-23,0.0,-1.92,307.0,,500,0,313.0,307.0,307.0
2016-05-22,0.0,-1.88,313.0,,243,0,319.0,313.0,313.0
2016-05-19,0.0,-1.85,319.0,,50,0,325.0,319.0,319.0
2016-05-10,0.0,-3.52,329.0,,1600,0,335.0,335.0,323.0
2016-05-02,0.0,0.0,341.0,,100,0,341.0,341.0,341.0
2016-04-28,0.0,3.33,341.0,,1227,0,330.0,341.0,327.0
2016-04-21,0.0,0.3,330.0,,590,0,329.0,330.0,330.0
2016-04-17,0.0,-0.3,329.0,,100,0,329.0,329.0,329.0
2016-04-11,0.0,0.0,330.0,,100,0,330.0,330.0,330.0
2016-04-10,0.0,3.77,330.0,,5190,0,318.0,330.0,315.0
2016-04-04,0.0,-4.5,318.0,,3035,0,333.0,328.0,318.0
2016-04-03,0.0,-1.48,333.0,,1005,0,338.0,338.0,332.0
2016-03-31,0.0,7.64,338.0,,7425,0,314.0,344.0,320.0
2016-03-30,0.0,9.79,314.0,,2110,0,286.0,314.0,291.0
2016-03-29,0.0,-1.38,286.0,,1378,0,285.0,295.0,280.0
2016-03-28,0.0,5.45,290.0,,2190,0,275.0,290.0,279.0
2016-03-27,0.0,-1.79,275.0,,300,0,280.0,275.0,275.0
2016-03-24,0.0,6.46,280.0,,954,0,263.0,285.0,268.0
2016-03-23,0.0,1.94,263.0,,10,0,263.0,263.0,263.0
2016-03-21,0.0,3.61,258.0,,1393,0,249.0,258.0,249.0
2016-03-20,0.0,4.62,249.0,,1312,0,237.0,249.0,237.0
2016-03-17,0.0,3.48,238.0,,998,0,230.0,238.0,230.0
2016-03-16,0.0,-0.86,230.0,,170,0,230.0,230.0,230.0
2016-02-29,0.0,-4.53,232.0,,650,0,243.0,240.0,232.0
2016-02-23,0.0,-1.62,243.0,,10,0,247.0,243.0,243.0
2016-02-14,0.0,1.65,247.0,,30,0,247.0,247.0,247.0
2016-02-11,0.0,8.0,243.0,,450,0,225.0,247.0,229.0
2016-02-08,0.0,9.76,225.0,,210,0,205.0,225.0,209.0
2016-02-07,0.0,9.63,205.0,,170,0,187.0,205.0,190.0
2016-01-13,0.0,-1.58,187.0,,32,0,190.0,187.0,187.0
2015-12-25,0.0,3.79,219.0,,1747,0,215.0,219.0,215.0
2015-12-24,0.0,-1.86,211.0,,40,0,211.0,211.0,211.0
2015-12-23,0.0,1.42,215.0,,445,0,212.0,215.0,212.0
2015-12-22,0.0,1.92,212.0,,261,0,208.0,212.0,208.0
2015-12-09,0.0,-0.48,208.0,,29,0,208.0,208.0,208.0
2015-12-08,0.0,-1.88,209.0,,121,0,209.0,209.0,209.0
2015-12-04,0.0,2.4,213.0,,3029,0,208.0,213.0,208.0
2015-11-30,0.0,-1.89,208.0,,8033,0,208.0,208.0,208.0
2015-11-22,0.0,-1.85,212.0,,372,0,212.0,212.0,212.0
2015-11-15,0.0,0.0,216.0,,539,0,212.0,216.0,212.0
2015-11-10,0.0,-1.82,216.0,,65,0,216.0,216.0,216.0
2015-11-01,0.0,-1.79,220.0,,200,0,220.0,220.0,220.0
2015-10-28,0.0,-3.45,224.0,,594,0,228.0,228.0,224.0
2015-10-18,0.0,-1.69,232.0,,809,0,232.0,232.0,232.0
2015-09-24,0.0,0.0,236.0,,305,0,236.0,236.0,236.0
2015-09-16,0.0,0.0,236.0,,1019,0,240.0,240.0,236.0
2015-09-15,0.0,1.29,236.0,,1327,0,230.0,237.0,230.0
2015-09-14,0.0,-3.32,233.0,,551,0,237.0,237.0,233.0
2015-09-13,0.0,-1.63,241.0,,300,0,241.0,241.0,241.0
2015-09-10,0.0,-2.0,245.0,,720,0,255.0,255.0,245.0
2015-09-07,0.0,1.63,250.0,,230,0,249.0,250.0,249.0
2015-09-06,0.0,1.65,246.0,,1000,0,246.0,246.0,246.0
2015-09-03,0.0,1.68,242.0,,50,0,242.0,242.0,242.0
2015-08-26,0.0,1.28,238.0,,51,0,238.0,238.0,238.0
2015-08-25,0.0,3.52,235.0,,80,0,231.0,235.0,231.0
2015-08-24,0.0,-1.73,227.0,,10,0,227.0,227.0,227.0
2015-08-19,0.0,1.76,231.0,,40,0,231.0,231.0,231.0
2015-08-18,0.0,-1.73,227.0,,302,0,227.0,227.0,227.0
2015-08-11,0.0,-3.35,231.0,,544,0,239.0,235.0,231.0
2015-08-10,0.0,1.7,239.0,,40,0,235.0,239.0,239.0
2015-08-09,0.0,-1.67,235.0,,274,0,239.0,235.0,235.0
2015-08-06,0.0,1.27,239.0,,640,0,236.0,240.0,239.0
2015-08-05,0.0,-1.67,236.0,,1949,0,240.0,238.0,235.0
2015-08-04,0.0,-5.14,240.0,,578,0,253.0,248.0,237.0
2015-08-03,0.0,-1.94,253.0,,64,0,258.0,253.0,253.0
2015-07-28,0.0,3.61,258.0,,80,0,249.0,258.0,253.0
2015-07-27,0.0,3.32,249.0,,80,0,241.0,249.0,245.0
2015-07-23,0.0,3.43,241.0,,80,0,233.0,241.0,237.0
2015-07-16,0.0,3.56,233.0,,834,0,225.0,233.0,225.0
2015-07-14,0.0,0.0,225.0,,738,0,225.0,225.0,225.0
2015-07-06,0.0,-1.75,225.0,,236,0,226.0,226.0,225.0
2015-06-25,0.0,-1.72,229.0,,10,0,229.0,229.0,229.0
2015-06-15,0.0,-1.69,233.0,,10,0,237.0,233.0,233.0
2015-06-07,0.0,-1.66,237.0,,680,0,241.0,241.0,237.0
2015-04-19,0.0,-1.63,241.0,,1000,0,245.0,241.0,241.0
2015-04-09,0.0,-2.0,245.0,,700,0,250.0,250.0,245.0
2015-03-19,0.0,-3.85,250.0,,82,0,260.0,255.0,250.0
2015-03-18,0.0,-5.11,260.0,,440,0,274.0,269.0,260.0
2015-03-17,0.0,-1.79,274.0,,100,0,279.0,274.0,274.0
2015-03-15,0.0,-1.76,279.0,,32,0,284.0,279.0,279.0
2015-03-10,0.0,-1.73,284.0,,100,0,289.0,284.0,284.0
2015-03-09,0.0,-1.03,289.0,,50,0,292.0,289.0,289.0
2015-03-04,0.0,3.55,292.0,,20,0,282.0,292.0,287.0
2015-03-03,0.0,-3.42,282.0,,300,0,292.0,287.0,282.0
2015-03-02,0.0,0.69,292.0,,20,0,290.0,295.0,292.0
2015-02-23,0.0,-1.79,275.0,,600,0,280.0,275.0,270.0
2015-02-15,0.0,5.66,280.0,,100,0,265.0,280.0,270.0
2015-02-12,0.0,1.14,265.0,,381,0,262.0,265.0,257.0
2015-02-10,0.0,5.65,262.0,,38,0,248.0,262.0,252.0
2015-02-09,0.0,1.64,248.0,,339,0,244.0,248.0,248.0
2015-02-05,0.0,0.83,244.0,,1309,0,242.0,246.0,244.0
2015-02-03,0.0,-1.63,242.0,,600,0,246.0,242.0,242.0
2015-02-02,0.0,-1.6,246.0,,1010,0,250.0,255.0,246.0
2015-02-01,0.0,5.04,250.0,,5000,0,238.0,255.0,238.0
2015-01-26,0.0,9.17,238.0,,50,0,218.0,238.0,222.0
2015-01-25,0.0,-5.22,218.0,,5798,0,230.0,226.0,218.0
2014-12-18,0.0,1.79,285.0,,12,0,280.0,285.0,285.0
2014-12-14,0.0,0.0,280.0,,164,0,280.0,280.0,275.0
2014-12-02,0.0,-1.75,280.0,,2196,0,285.0,280.0,280.0
2014-11-24,0.0,-1.72,285.0,,1937,0,290.0,285.0,285.0
2014-11-20,0.0,-1.69,290.0,,230,0,295.0,290.0,290.0
2014-11-19,0.0,0.0,295.0,,56,0,295.0,295.0,295.0
2014-11-18,0.0,0.34,295.0,,128,0,294.0,295.0,294.0
2014-11-17,0.0,5.38,294.0,,222,0,279.0,294.0,284.0
2014-11-16,0.0,-3.46,279.0,,28098,0,289.0,284.0,264.0
2014-11-13,0.0,-5.25,289.0,,45,0,305.0,300.0,289.0
2014-11-12,0.0,1.67,305.0,,162,0,300.0,305.0,294.0
2014-11-11,0.0,0.0,300.0,,631,0,300.0,305.0,300.0
2014-11-10,0.0,7.14,300.0,,329,0,280.0,300.0,285.0
2014-10-22,0.0,0.0,280.0,,441,0,280.0,280.0,275.0
2014-10-20,0.0,-0.36,280.0,,294,0,281.0,280.0,280.0
2014-10-19,0.0,1.81,281.0,,147,0,276.0,281.0,281.0
2014-10-12,0.0,1.85,276.0,,30,0,271.0,276.0,276.0
2014-09-29,0.0,-6.87,271.0,,3085,0,291.0,286.0,271.0
2014-09-28,0.0,-1.36,291.0,,502,0,295.0,291.0,291.0
2014-09-23,0.0,0.68,295.0,,1700,0,293.0,298.0,294.0
2014-09-21,0.0,-1.68,293.0,,1401,0,298.0,293.0,288.0
2014-09-16,0.0,-1.97,298.0,,824,0,304.0,298.0,298.0
2014-09-15,0.0,3.4,304.0,,353,0,294.0,304.0,294.0
2014-09-14,0.0,-2.0,294.0,,699,0,300.0,300.0,294.0
2014-09-11,0.0,-5.36,300.0,,1432,0,317.0,311.0,300.0
2014-09-09,0.0,0.0,317.0,,211,0,317.0,317.0,317.0
2014-09-07,0.0,-1.86,317.0,,72,0,323.0,317.0,317.0
2014-09-04,0.0,-2.12,323.0,,688,0,330.0,330.0,323.0
2014-09-03,0.0,-3.51,330.0,,240,0,342.0,336.0,330.0
2014-09-01,0.0,-4.47,342.0,,883,0,358.0,351.0,342.0
2014-08-31,0.0,-3.76,358.0,,1556,0,372.0,379.0,358.0
2014-08-05,0.0,-1.85,372.0,,293,0,379.0,372.0,372.0
2014-08-04,0.0,0.26,379.0,,650,0,378.0,379.0,378.0
2014-08-03,0.0,-1.82,378.0,,12,0,385.0,378.0,378.0
2014-07-31,0.0,4.34,385.0,,806,0,369.0,385.0,374.0
2014-07-30,0.0,5.73,369.0,,675,0,349.0,369.0,350.0
2014-07-28,0.0,3.56,349.0,,40,0,337.0,349.0,343.0
2014-07-27,0.0,9.77,337.0,,587,0,307.0,337.0,313.0
2014-07-24,0.0,1.66,307.0,,758,0,302.0,307.0,296.0
2014-07-23,0.0,2.03,302.0,,63,0,296.0,302.0,301.0
2014-07-22,0.0,1.72,296.0,,305,0,291.0,296.0,296.0
2014-07-21,0.0,9.81,291.0,,1581,0,265.0,291.0,270.0
2014-07-20,0.0,0.0,265.0,,2500,0,265.0,270.0,265.0
2014-07-17,0.0,1.92,265.0,,22,0,260.0,265.0,265.0
2014-07-16,0.0,0.0,260.0,,211,0,260.0,260.0,255.0
2014-07-15,0.0,8.33,260.0,,2090,0,240.0,260.0,244.0
2014-07-14,0.0,-0.83,240.0,,100,0,242.0,240.0,240.0
2014-07-13,0.0,0.83,242.0,,724,0,240.0,242.0,242.0
2014-07-09,0.0,0.0,240.0,,1167,0,240.0,244.0,240.0
2014-07-08,0.0,1.69,240.0,,50,0,236.0,240.0,240.0
2014-07-07,0.0,-1.67,236.0,,976,0,240.0,236.0,236.0
2014-07-06,0.0,-2.44,240.0,,493,0,246.0,242.0,238.0
2014-07-01,0.0,1.65,246.0,,1515,0,242.0,250.0,246.0
2014-06-30,0.0,0.0,242.0,,962,0,242.0,246.0,242.0
2014-06-29,0.0,1.68,242.0,,1444,0,238.0,242.0,242.0
2014-06-25,0.0,-1.65,238.0,,63,0,242.0,238.0,238.0
2014-06-19,0.0,1.68,242.0,,2218,0,238.0,246.0,242.0
2014-06-18,0.0,3.48,238.0,,77,0,230.0,238.0,234.0
2014-06-17,0.0,3.6,230.0,,62,0,222.0,230.0,226.0
2014-06-15,0.0,3.74,222.0,,63,0,214.0,222.0,218.0
2014-06-12,0.0,-3.6,214.0,,380,0,222.0,222.0,214.0
2014-06-11,0.0,0.0,222.0,,1515,0,222.0,222.0,218.0
2014-06-10,0.0,1.83,222.0,,50,0,218.0,222.0,222.0
2014-06-09,0.0,1.87,218.0,,1304,0,214.0,218.0,214.0
2014-06-05,0.0,-3.6,214.0,,444,0,222.0,218.0,214.0
2014-06-04,0.0,1.83,222.0,,50,0,218.0,222.0,222.0
2014-06-03,0.0,1.87,218.0,,50,0,214.0,218.0,218.0
2014-06-02,0.0,-1.38,214.0,,392,0,217.0,217.0,214.0
2014-06-01,0.0,1.88,217.0,,1060,0,213.0,217.0,209.0
2014-05-28,0.0,-3.62,213.0,,542,0,221.0,217.0,213.0
2014-05-26,0.0,5.24,221.0,,354,0,210.0,221.0,214.0
2014-05-25,0.0,-0.94,210.0,,510,0,212.0,210.0,210.0
2014-05-22,0.0,6.0,212.0,,454,0,200.0,212.0,200.0
2014-05-21,0.0,2.04,200.0,,36519,0,196.0,215.0,199.0
2014-05-20,0.0,0.0,196.0,,1248,0,196.0,196.0,196.0
2014-05-19,0.0,8.29,196.0,,250,0,181.0,196.0,184.0
2014-05-18,0.0,0.0,181.0,,191,0,181.0,181.0,181.0
2014-05-15,0.0,0.0,181.0,,143,0,181.0,181.0,181.0
2014-05-13,0.0,0.56,181.0,,1891,0,180.0,182.0,181.0
2014-05-12,0.0,-1.1,180.0,,319,0,182.0,180.0,180.0
2014-05-08,0.0,1.11,182.0,,1443,0,180.0,183.0,180.0
2014-05-07,0.0,0.0,180.0,,5534,0,180.0,180.0,180.0
2014-05-05,0.0,-1.1,180.0,,817,0,182.0,180.0,180.0
2014-05-04,0.0,1.68,182.0,,50,0,179.0,182.0,182.0
2014-04-28,0.0,1.7,179.0,,1337,0,176.0,182.0,179.0
2014-04-22,0.0,1.73,176.0,,497,0,173.0,176.0,170.0
2014-04-21,0.0,1.76,173.0,,419,0,170.0,173.0,173.0
2014-04-20,0.0,0.0,170.0,,255,0,170.0,170.0,170.0
2014-04-17,0.0,1.8,170.0,,87,0,167.0,170.0,170.0
2014-04-15,0.0,-1.76,167.0,,72,0,170.0,167.0,167.0
2014-04-01,0.0,1.8,170.0,,480,0,167.0,170.0,170.0
2014-03-26,0.0,-1.76,167.0,,200,0,170.0,167.0,167.0
2014-03-13,0.0,0.0,170.0,,330,0,170.0,170.0,170.0
2014-03-11,0.0,-1.73,170.0,,194,0,173.0,170.0,170.0
2014-03-09,0.0,0.0,173.0,,5270,0,173.0,173.0,173.0
2014-02-05,0.0,-1.7,173.0,,316,0,176.0,173.0,173.0
2014-01-21,0.0,-14.56,176.0,,95,0,206.0,176.0,176.0
2013-12-12,0.0,0.0,206.0,,289,0,206.0,206.0,206.0
2013-12-11,0.0,5.1,206.0,,1030,0,196.0,206.0,199.0
2013-12-10,0.0,1.55,196.0,,10,0,193.0,196.0,196.0
2013-12-09,0.0,1.58,193.0,,1653,0,190.0,193.0,187.0
2013-12-08,0.0,0.0,190.0,,600,0,190.0,193.0,190.0
2013-12-05,0.0,1.6,190.0,,10,0,187.0,190.0,190.0
2013-12-04,0.0,1.63,187.0,,12,0,184.0,187.0,187.0
2013-12-03,0.0,1.66,184.0,,12,0,181.0,184.0,184.0
2013-09-23,0.0,-1.63,181.0,,707,0,184.0,181.0,181.0
2013-09-22,0.0,0.0,184.0,,1000,0,184.0,184.0,184.0
2013-09-16,0.0,-3.16,184.0,,1526,0,190.0,187.0,184.0
2013-09-10,0.0,-2.56,190.0,,402,0,195.0,192.0,190.0
2013-08-27,0.0,-1.52,195.0,,100,0,198.0,195.0,195.0
