DATE,CHANGE,CHANGE %,CLOSE,TURNOVER,VOLUME,TRADE,OPEN,HIGH,LOW
2026-05-08,0.2,0.1,205.0,80.91,39652,747,200.0,205.0,200.0
2026-05-07,4.0,1.99,204.8,64.81,32152,689,200.1,204.8,200.0
2026-05-06,-1.7,-0.84,200.8,59.42,29562,680,202.5,204.9,200.1
2026-05-05,2.4,1.2,202.5,,57044,921,200.0,203.0,197.3
2026-05-04,-1.9,-0.94,200.1,88.06,43935,904,202.0,204.0,199.9
2026-04-30,-0.9,-0.44,202.0,,51271,872,202.9,204.9,200.0
2026-04-29,-3.9,-1.89,202.9,,58366,1224,206.8,206.8,200.0
2026-04-28,-0.3,-0.14,206.8,,135988,1939,207.1,210.0,203.0
2026-04-27,0.7,0.34,207.1,96.54,46633,1336,203.0,208.1,203.0
2026-04-24,-2.6,-1.24,206.4,66.52,32258,872,204.0,209.9,204.0
2026-04-23,3.0,1.46,209.0,,68265,1278,206.0,209.9,204.5
2026-04-22,-2.8,-1.34,206.0,,108744,1507,208.8,210.0,203.1
2026-04-21,-2.4,-1.14,208.8,,54692,1267,211.0,211.0,208.1
2026-04-20,-1.8,-0.85,211.2,,50010,1397,213.0,213.0,209.0
2026-04-17,-0.5,-0.23,213.0,,79588,1203,210.0,213.3,209.1
2026-04-16,-1.5,-0.7,213.5,,119447,1528,215.0,217.0,211.2
2026-04-15,6.5,3.12,215.0,,142604,2186,204.4,216.0,204.4
2026-04-13,-1.7,-0.81,208.5,,119698,1563,210.0,212.5,208.0
2026-04-10,-1.8,-0.85,210.2,,91913,1189,211.0,213.0,208.1
2026-04-09,2.8,1.34,212.0,,148030,1540,211.0,214.2,208.0
2026-04-08,3.0,1.45,209.2,,96297,1166,205.2,209.9,205.0
2026-04-07,-2.7,-1.29,206.2,,95783,997,210.0,212.0,205.2
2026-04-06,10.9,5.51,208.9,,184639,1471,198.0,209.9,198.0
2026-04-05,-9.5,-4.58,198.0,,233747,1675,205.0,207.0,197.0
2026-04-02,-1.4,-0.67,207.5,,115804,1198,208.0,211.9,205.0
2026-04-01,-5.8,-2.7,208.9,,145294,1248,218.0,218.0,206.8
2026-03-31,2.8,1.32,214.7,,161902,1896,208.0,216.0,207.8
2026-03-30,-7.1,-3.24,211.9,,289156,2230,221.0,221.0,210.0
2026-03-29,-9.5,-4.16,219.0,,300854,2392,230.0,230.0,218.1
2026-03-26,2.4,1.06,228.5,,170739,2109,223.0,229.0,222.0
2026-03-25,-5.8,-2.5,226.1,,159094,1750,227.5,231.9,226.0
2026-03-24,-0.1,-0.04,231.9,,205436,2022,236.6,236.6,229.0
2026-03-23,-2.2,-0.94,232.0,,285064,2683,235.0,237.0,228.6
2026-03-22,8.4,3.72,234.2,,568194,3758,230.3,237.0,229.0
2026-03-19,8.8,4.06,225.8,,543241,4270,217.0,230.4,217.0
2026-03-17,5.1,2.41,217.0,,182724,1590,210.0,218.8,206.0
2026-03-16,-5.1,-2.35,211.9,,121248,1392,215.0,216.0,210.0
2026-03-15,0.7,0.32,217.0,,308398,2218,216.0,219.9,214.0
2026-03-12,9.3,4.49,216.3,,311114,2675,211.1,217.0,205.0
2026-03-11,-5.8,-2.73,207.0,,180713,1773,213.0,214.9,205.9
2026-03-10,0.8,0.38,212.8,,497301,4448,216.2,220.5,206.0
2026-03-09,15.9,8.11,212.0,5.73,2792,21,200.0,212.1,200.0
2026-03-03,4.7,2.46,196.1,,96785,1000,195.2,197.6,188.0
2026-03-01,2.9,1.54,191.4,,83135,796,189.0,191.7,186.0
2026-02-26,1.0,0.53,188.5,98.95,52592,530,191.2,191.2,187.4
2026-02-25,-0.1,-0.05,187.5,74.41,39655,624,187.0,189.9,187.0
2026-02-24,1.6,0.86,187.6,70.76,37752,668,185.5,189.0,185.5
2026-02-23,-0.9,-0.48,186.0,82.25,44160,706,184.4,187.5,184.4
2026-02-22,-1.7,-0.9,186.9,,60032,915,188.0,189.0,185.5
2026-02-17,0.1,0.05,188.6,,74582,923,185.0,190.0,185.0
2026-02-16,-1.5,-0.79,188.5,,55564,902,190.0,190.5,188.0
2026-02-12,0.1,0.05,190.0,,68377,1101,188.0,191.0,188.0
2026-02-11,1.4,0.74,189.9,,136358,1079,186.0,193.8,186.0
2026-02-10,0.3,0.16,188.5,,81485,962,188.0,189.0,187.2
2026-02-09,-1.6,-0.84,188.2,,100260,924,188.8,190.0,187.0
2026-02-08,-0.2,-0.11,189.8,,101487,1726,190.0,192.5,188.9
2026-02-05,1.0,0.53,190.0,,80635,1258,187.0,190.0,187.0
2026-02-04,0.0,0.0,189.0,,94517,1390,186.0,191.0,186.0
2026-02-03,0.2,0.11,189.0,84.38,44736,1273,187.0,190.0,187.0
2026-02-02,-3.1,-1.62,188.8,,68648,1388,188.1,191.0,188.1
2026-02-01,-2.0,-1.03,191.9,,68331,1884,192.0,193.0,190.4
2026-01-29,0.9,0.47,193.9,,112991,1757,195.0,195.0,190.1
2026-01-28,-0.7,-0.36,193.0,,82923,1786,192.0,197.8,190.3
2026-01-27,-4.3,-2.17,193.7,,105271,1901,198.0,200.2,193.6
2026-01-26,-0.5,-0.25,198.0,,177144,2284,198.5,202.3,195.5
2026-01-25,4.7,2.43,198.5,,113192,2014,192.0,198.5,192.0
2026-01-22,-0.1,-0.05,193.8,,57526,1378,191.0,194.0,191.0
2026-01-21,-0.7,-0.36,193.9,,85335,1521,195.0,197.0,192.0
2026-01-20,2.6,1.35,194.6,,128298,2081,193.0,195.0,191.1
2026-01-18,2.0,1.05,192.0,,78760,2062,188.0,192.0,188.0
2026-01-14,0.0,0.0,190.0,99.75,52988,1190,193.0,193.0,187.5
2026-01-13,0.0,0.0,190.0,,83806,1428,187.1,191.6,187.1
2026-01-12,-0.1,-0.05,190.0,,120983,1872,190.1,193.8,187.6
2026-01-08,0.3,0.16,190.1,,96293,1642,189.0,191.0,187.7
2026-01-07,-0.9,-0.47,189.8,90.81,47883,1523,186.9,191.6,186.9
2026-01-06,-0.1,-0.05,190.7,,114369,1972,190.8,193.7,188.0
2026-01-05,0.7,0.37,190.8,,54088,1915,186.3,192.0,186.3
2026-01-04,-0.4,-0.21,190.1,,100490,2131,188.0,191.5,187.2
2026-01-01,-0.1,-0.05,190.5,,87568,1467,187.0,190.6,187.0
2025-12-31,1.5,0.79,190.6,81.49,42947,1801,189.0,192.0,187.0
2025-12-29,-2.8,-1.46,189.1,,68558,1629,191.9,192.9,188.4
2025-12-28,4.0,2.13,191.9,,82306,2528,186.0,191.9,186.0
2025-12-24,1.3,0.7,187.9,98.63,52856,1729,186.0,188.7,185.0
2025-12-23,-0.5,-0.27,186.6,,58725,2132,186.0,188.0,185.5
2025-12-22,0.0,0.0,187.1,89.01,47707,1645,187.0,187.9,186.0
2025-12-21,-0.8,-0.43,187.1,,69777,1799,191.6,191.6,186.5
2025-12-18,0.7,0.37,187.9,,72071,1864,190.9,190.9,187.1
2025-12-17,-1.5,-0.79,187.2,,57684,1556,188.7,190.0,186.8
2025-12-16,1.2,0.64,188.7,,54014,1762,186.0,189.9,186.0
2025-12-15,0.9,0.48,187.5,,103967,1645,186.0,189.0,185.6
2025-12-14,-0.5,-0.27,186.6,97.31,51940,1857,187.1,189.0,185.3
2025-12-11,0.1,0.05,187.1,84.07,44937,1753,185.0,188.1,185.0
2025-12-10,-0.8,-0.43,187.0,,59137,2328,185.0,189.8,185.0
2025-12-09,1.0,0.54,187.8,,77438,1767,186.8,188.4,184.0
2025-12-08,-0.9,-0.48,186.8,93.05,49847,2039,186.3,188.0,186.0
2025-12-07,-2.9,-1.52,187.7,,89161,2225,190.0,190.2,186.9
2025-12-03,-3.3,-1.7,190.6,90.99,47380,1317,193.0,194.9,190.0
2025-12-02,-2.6,-1.32,193.9,70.31,36363,1227,194.0,194.9,192.7
2025-12-01,0.0,0.0,196.5,,92905,1605,193.0,203.0,190.4
2025-11-30,-2.4,-1.21,196.5,,73933,2210,195.0,198.5,193.3
2025-11-27,5.9,3.06,198.9,,101590,2751,193.0,200.0,190.2
2025-11-26,0.1,0.05,193.0,,113085,2781,190.0,195.8,189.3
2025-11-25,0.0,0.0,192.9,,68073,2624,193.0,196.0,190.1
2025-11-24,4.6,2.44,192.9,,77323,1912,184.6,193.3,184.6
2025-11-23,0.4,0.21,188.3,74.44,39605,1754,186.0,190.0,185.3
2025-11-20,1.3,0.7,187.9,,70636,1575,185.9,190.0,185.9
2025-11-19,-0.6,-0.32,186.6,99.84,53277,1132,190.9,190.9,185.9
2025-11-18,0.3,0.16,187.2,79.02,42111,1172,185.0,189.5,185.0
2025-11-17,-0.9,-0.48,186.9,83.84,44806,1490,187.0,190.0,184.3
2025-11-16,-1.2,-0.63,187.8,84.12,45026,1363,186.0,188.0,186.0
2025-11-13,-1.3,-0.68,189.0,,103061,1402,189.8,191.0,186.3
2025-11-12,-3.1,-1.6,190.3,,95427,2052,191.0,192.0,189.8
2025-11-11,0.4,0.21,193.4,69.53,36302,1505,190.1,193.4,190.1
2025-11-10,-0.5,-0.26,193.0,,150598,1013,193.0,195.0,190.6
2025-11-09,-6.5,-3.25,193.5,,69290,1131,204.0,204.0,192.8
2025-11-06,1.0,0.5,200.0,,84074,1647,195.1,202.7,195.1
2025-11-05,0.0,0.0,199.0,98.85,50104,986,196.5,200.0,196.3
2025-11-04,0.0,0.0,199.0,,67980,970,197.0,199.0,197.0
2025-11-03,-1.0,-0.5,199.0,98.98,49743,1420,198.0,202.0,197.0
2025-11-02,0.5,0.25,200.0,,72555,2114,199.0,202.4,198.0
2025-10-30,0.6,0.3,199.5,87.46,43901,1410,199.0,200.7,197.2
2025-10-29,-2.7,-1.34,198.9,,63281,1508,198.3,203.0,198.3
2025-10-28,2.9,1.46,201.6,,74637,1692,194.8,202.2,194.8
2025-10-26,-0.3,-0.15,198.7,44.79,22809,764,195.1,198.8,192.0
2025-10-19,4.2,2.16,199.0,,54531,714,194.0,199.9,192.0
2025-10-16,0.8,0.41,194.8,67.83,34884,967,194.0,196.0,192.1
2025-10-15,-2.9,-1.47,194.0,87.51,44924,1094,195.0,198.9,194.0
2025-10-14,-1.0,-0.51,196.9,75.58,38479,1291,196.0,198.0,195.1
2025-10-13,-0.1,-0.05,197.9,87.09,44259,1478,198.0,198.0,195.0
2025-10-12,-2.0,-1.0,198.0,,107237,1689,198.0,199.0,192.4
2025-10-09,2.0,1.01,200.0,,77343,2147,201.0,207.9,198.1
2025-10-08,-3.9,-1.93,198.0,,53301,1735,200.0,201.0,196.1
2025-10-07,-1.9,-0.93,201.9,,60463,2422,203.8,203.8,199.9
2025-09-28,2.3,1.14,203.8,,63549,2101,201.0,203.8,199.1
2025-09-25,2.8,1.41,201.5,,60322,2108,194.8,201.9,194.8
2025-09-24,-1.4,-0.7,198.7,,60114,2277,196.2,200.0,196.2
2025-09-23,1.81,0.91,200.1,,81131,3501,198.0,201.0,198.0
2025-09-21,11.29,6.04,198.29,,138336,4749,184.0,204.0,184.0
2025-09-18,-13.55,-6.76,187.0,26.54,13981,232,196.6,196.6,186.3
2025-09-08,-1.83,-0.9,200.55,,116012,4614,200.0,203.0,200.0
2025-09-07,-1.45,-0.71,202.38,,155852,7414,200.0,203.5,200.0
2025-09-04,1.27,0.63,203.83,,119713,8110,200.0,206.7,200.0
2025-09-03,0.13,0.06,202.56,,175909,12804,204.0,204.2,200.1
2025-09-02,-3.66,-1.78,202.43,,480490,32335,202.0,206.0,198.0
2025-09-01,0.85,0.41,206.09,,71529,564,209.3,209.3,202.0
2025-08-31,-4.35,-2.08,205.24,,98290,430,209.59,210.8,203.5
2025-08-28,-1.68,-0.8,209.59,,80057,345,213.0,213.0,207.5
2025-08-27,2.79,1.34,211.27,,74048,291,212.6,212.6,207.9
2025-08-26,-1.68,-0.8,208.48,,63587,295,214.0,214.0,207.7
2025-08-25,0.13,0.06,210.16,80.93,38734,238,212.0,213.0,208.0
2025-08-24,-2.99,-1.4,210.03,,86346,347,214.0,214.0,209.0
2025-08-21,-1.21,-0.56,213.02,,59211,244,218.0,218.0,211.0
2025-08-20,-1.89,-0.87,214.23,65.37,30520,199,217.0,217.8,212.1
2025-08-19,2.31,1.08,216.12,,46548,225,216.8,217.5,213.5
2025-08-18,0.37,0.17,213.81,,54658,250,213.0,216.4,212.4
2025-08-17,-2.67,-1.24,213.44,,57487,344,214.4,218.0,213.0
2025-08-14,-1.44,-0.66,216.11,,53565,300,217.0,219.9,214.0
2025-08-13,-3.52,-1.59,217.55,,66853,386,220.0,221.3,217.0
2025-08-12,-5.03,-2.22,221.07,,104854,401,224.5,225.0,219.4
2025-08-11,-2.34,-1.02,226.1,95.36,41959,277,225.0,237.2,225.0
2025-08-07,-0.48,-0.21,228.44,,45870,234,233.0,233.0,228.0
2025-08-06,0.37,0.16,228.92,73.79,32132,172,232.0,232.0,228.2
2025-08-05,-4.44,-1.91,228.55,,49397,304,236.0,239.8,228.2
2025-08-04,5.83,2.57,232.99,,90076,396,227.0,239.8,225.1
2025-08-03,-6.2,-2.66,227.16,,71440,432,238.0,238.0,226.7
2025-07-31,-4.77,-2.0,233.36,,94880,479,236.0,239.0,233.0
2025-07-30,-3.65,-1.51,238.13,,127551,489,246.0,246.0,237.7
2025-07-29,4.04,1.7,241.78,,362259,813,242.0,250.9,237.5
2025-07-28,-1.21,-0.51,237.74,,305519,661,239.6,249.0,229.4
2025-07-27,-6.77,-2.76,238.95,,200360,637,248.2,248.3,238.5
2025-07-24,-3.83,-1.53,245.72,,100215,399,249.6,250.7,245.0
2025-07-23,-0.43,-0.17,249.55,,217897,555,245.0,254.8,245.0
2025-07-22,1.88,0.76,249.98,,326382,707,250.0,252.0,246.1
2025-07-21,3.55,1.45,248.1,,244277,659,245.0,255.0,241.1
2025-07-20,-4.01,-1.61,244.55,,319717,944,250.0,255.0,243.6
2025-07-17,11.26,4.75,248.56,,407528,1088,241.0,261.0,236.0
2025-07-16,4.25,1.82,237.3,,514356,838,237.7,241.9,230.3
2025-07-15,4.45,1.95,233.05,,84776,343,233.1,234.0,226.4
2025-07-14,-6.12,-2.61,228.6,,131774,345,238.9,238.9,227.0
2025-07-13,6.0,2.62,234.72,,333991,761,233.2,242.0,230.0
2025-07-10,5.26,2.35,228.72,,206935,559,223.0,235.0,223.0
2025-07-09,2.82,1.28,223.46,,120054,329,221.0,230.0,216.3
2025-07-08,0.71,0.32,220.64,,72379,302,220.0,222.0,215.9
2025-07-07,-2.11,-0.95,219.93,,117039,296,223.0,224.0,216.0
2025-07-06,-1.0,-0.45,222.04,96.16,43206,219,226.0,227.5,220.0
2025-07-03,-1.82,-0.81,223.04,,67336,238,229.3,229.3,220.4
2025-07-02,1.4,0.63,224.86,,73146,256,223.0,225.6,220.6
2025-07-01,6.41,2.95,223.46,,80574,264,216.0,227.4,216.0
2025-06-30,-1.64,-0.75,217.05,24.59,11301,114,218.0,221.9,216.5
2025-06-29,5.64,2.65,218.69,,64547,184,215.0,219.3,213.0
2025-06-26,-0.36,-0.17,213.05,65.12,30544,156,212.0,215.0,212.0
2025-06-25,-0.92,-0.43,213.41,51.71,24124,105,217.0,217.0,213.0
2025-06-24,1.17,0.55,214.33,64.56,30098,159,213.6,217.9,212.1
2025-06-23,-1.15,-0.54,213.16,60.03,28107,148,211.0,218.3,211.0
2025-06-22,-0.98,-0.46,214.31,89.76,41914,216,215.0,223.0,212.1
2025-06-19,-1.03,-0.48,215.29,,51276,191,220.6,220.6,215.0
2025-06-18,-1.68,-0.77,216.32,,73499,215,215.0,219.3,214.7
2025-06-17,-1.58,-0.72,218.0,90.36,41425,125,221.0,222.8,216.2
2025-06-16,0.15,0.07,219.58,64.68,29582,184,217.1,221.0,217.1
2025-06-15,-0.72,-0.33,219.43,,150377,149,220.0,222.0,218.0
2025-06-12,-0.25,-0.11,220.15,83.63,37740,141,224.0,224.9,219.0
2025-06-11,-0.97,-0.44,220.4,86.33,38844,159,224.9,228.9,219.0
2025-06-10,2.97,1.36,221.37,,110386,179,219.0,224.0,218.0
2025-06-09,-1.3,-0.59,218.4,,63035,176,219.7,220.0,216.2
2025-06-08,-2.28,-1.03,219.7,,91179,271,222.0,225.0,215.1
2025-06-05,-3.0,-1.33,221.98,,77160,262,223.1,246.8,220.4
2025-06-04,0.76,0.34,224.98,,89010,282,219.8,246.0,219.5
2025-06-03,-6.55,-2.84,224.22,,91110,276,234.9,234.9,222.6
2025-06-02,-5.48,-2.32,230.77,,105438,294,237.0,237.7,226.2
2025-05-28,5.16,2.23,236.25,,91764,258,234.0,239.0,228.0
2025-05-27,2.79,1.22,231.09,,47755,142,225.0,232.4,224.0
2025-05-26,-1.4,-0.61,228.3,,111719,290,234.2,238.0,225.0
2025-05-25,-1.53,-0.66,229.7,,131205,291,231.0,233.8,225.1
2025-05-22,8.9,4.0,231.23,,172087,500,224.0,232.5,220.3
2025-05-21,-0.44,-0.2,222.33,,109585,247,227.2,235.0,222.0
2025-05-20,6.08,2.81,222.77,82.92,37576,180,213.0,228.0,213.0
2025-05-19,2.9,1.36,216.69,58.82,27441,145,217.0,219.8,212.0
2025-05-18,-1.26,-0.59,213.79,,134731,137,213.0,216.0,213.0
2025-05-15,-1.85,-0.85,215.05,61.35,28513,178,221.2,221.2,210.0
2025-05-14,0.24,0.11,216.9,,134870,107,217.0,219.0,215.2
2025-05-13,-0.47,-0.22,216.66,,49964,153,221.0,223.0,216.0
2025-05-11,-3.19,-1.45,217.13,,49540,167,216.0,224.7,215.7
2025-05-08,-3.57,-1.59,220.32,,46503,157,227.0,227.0,215.3
2025-05-07,9.66,4.51,223.89,,63816,238,218.0,230.9,210.8
2025-05-06,-0.86,-0.4,214.23,89.43,41525,143,215.0,218.0,214.0
2025-05-05,-1.17,-0.54,215.09,49.28,22873,120,216.26,218.9,214.1
2025-05-04,1.21,0.56,216.26,,53522,202,215.5,220.3,211.3
2025-04-30,-1.3,-0.6,215.05,,80923,270,215.5,216.1,212.1
2025-04-29,-3.03,-1.38,216.35,,83748,307,220.0,221.1,215.5
2025-04-28,-5.87,-2.61,219.38,89.63,40629,206,228.9,229.0,218.0
2025-04-27,0.21,0.09,225.25,,104862,264,225.04,228.2,220.0
2025-04-24,3.61,1.63,225.04,,74528,236,222.0,236.5,219.5
2025-04-23,-4.04,-1.79,221.43,,61545,236,224.0,227.0,220.1
2025-04-22,-3.68,-1.61,225.47,,54447,219,233.0,233.0,225.0
2025-04-21,-4.47,-1.91,229.15,,62257,262,229.0,233.9,228.3
2025-04-20,-4.17,-1.75,233.62,,67924,239,233.1,236.0,230.8
2025-04-17,5.41,2.33,237.79,,72607,229,233.0,239.0,233.0
2025-04-16,-0.63,-0.27,232.38,99.18,42385,195,237.0,237.6,230.3
2025-04-15,1.94,0.84,233.01,88.71,37690,161,235.0,239.0,232.0
2025-04-13,-3.25,-1.39,231.07,94.67,40805,168,231.5,238.0,230.0
2025-04-10,-0.96,-0.41,234.32,,51849,184,230.9,237.0,230.9
2025-04-09,-3.64,-1.52,235.28,94.59,40070,160,243.0,243.0,234.0
2025-04-08,2.02,0.85,238.92,,97962,207,233.0,240.0,230.1
2025-04-07,-2.02,-0.85,236.9,96.77,41007,185,241.0,241.0,234.0
2025-04-03,3.91,1.66,238.92,,72614,271,236.0,257.0,231.3
2025-04-02,1.78,0.76,235.01,,57567,137,237.8,238.0,229.5
2025-04-01,-4.75,-2.0,233.23,78.48,33602,141,235.0,239.0,231.6
2025-03-30,3.39,1.45,237.98,,84069,252,234.5,241.9,234.5
2025-03-27,1.77,0.76,234.59,73.78,31463,141,237.4,237.4,232.7
2025-03-26,2.57,1.12,232.82,92.0,39852,180,226.5,234.5,226.5
2025-03-25,-4.17,-1.78,230.25,63.51,27566,157,231.0,232.0,229.8
2025-03-24,1.48,0.64,234.42,60.39,25860,150,229.3,235.6,229.3
2025-03-23,-2.85,-1.21,232.94,,57240,243,235.5,236.5,230.0
2025-03-20,-1.21,-0.51,235.79,,59337,157,236.0,237.9,234.3
2025-03-19,-0.8,-0.34,237.0,,62110,230,234.1,256.0,234.1
2025-03-18,0.8,0.34,237.8,78.75,33406,165,241.7,241.7,234.1
2025-03-17,-2.0,-0.84,237.0,69.37,29255,146,235.0,243.6,235.0
2025-03-16,-2.0,-0.83,239.0,,44568,175,245.7,245.7,236.2
2025-03-12,2.0,0.84,241.0,,44719,202,236.2,258.0,236.1
2025-03-11,0.2,0.08,239.0,,60859,225,240.9,255.5,235.0
2025-03-10,-3.6,-1.49,238.8,82.9,34471,163,245.0,245.0,237.7
2025-03-09,-2.5,-1.02,242.4,,51706,204,242.2,244.0,241.0
2025-03-06,1.7,0.7,244.9,,50984,206,248.0,248.0,241.2
2025-03-05,-2.9,-1.18,243.2,,133436,234,242.3,247.9,242.0
2025-03-04,-1.9,-0.77,246.1,,219869,286,252.9,252.9,245.0
2025-03-03,-6.1,-2.4,248.0,,119094,432,259.1,259.1,245.0
2025-03-02,4.1,1.64,254.1,,118646,408,255.0,258.0,251.4
2025-02-27,14.0,5.93,250.0,,217800,704,240.7,250.8,240.7
2025-02-25,-1.9,-0.8,236.0,,44532,210,242.0,242.0,233.3
2025-02-24,0.0,0.0,237.9,,47156,188,233.2,243.6,233.2
2025-02-23,2.3,0.98,237.9,,94609,332,231.0,243.0,226.5
2025-02-20,-2.2,-0.93,235.6,,50714,193,238.0,239.0,234.0
2025-02-18,0.3,0.13,237.8,81.8,34238,216,241.8,242.2,233.5
2025-02-17,6.5,2.81,237.5,,63404,330,231.0,239.0,230.9
2025-02-16,4.9,2.17,231.0,,49866,266,228.0,232.0,225.0
2025-02-13,0.0,0.0,226.1,79.29,35149,169,226.1,228.0,223.9
2025-02-12,-1.8,-0.79,226.1,98.09,43126,179,227.3,231.0,224.0
2025-02-11,-0.8,-0.35,227.9,52.69,23245,139,224.2,230.5,224.2
2025-02-10,-3.0,-1.29,228.7,82.7,36233,196,231.6,232.0,226.0
2025-02-09,-0.3,-0.13,231.7,92.31,40057,156,227.4,233.0,227.4
2025-02-06,0.0,0.0,232.0,97.5,42283,172,233.0,234.0,228.0
2025-02-05,-0.2,-0.09,232.0,67.9,29232,169,229.1,236.0,229.1
2025-02-04,-1.8,-0.77,232.2,98.9,42350,193,232.3,238.0,231.0
2025-02-03,-3.3,-1.39,234.0,,95737,310,237.0,241.3,234.0
2025-02-02,14.3,6.41,237.3,,89930,364,219.0,237.3,219.0
2025-01-28,0.0,0.0,223.0,,62008,243,222.9,224.0,220.1
2025-01-27,-1.0,-0.45,223.0,84.3,37967,169,228.0,228.0,221.0
2025-01-26,-5.0,-2.18,224.0,63.0,28132,209,227.7,227.7,221.0
2025-01-23,0.0,0.0,229.0,,66296,333,232.0,233.0,221.0
2025-01-22,2.0,0.88,229.0,,63623,290,223.1,235.0,222.5
2025-01-21,0.0,0.0,227.0,45.25,20167,158,225.6,229.0,223.0
2025-01-20,-0.9,-0.39,227.0,67.15,29215,161,230.0,234.5,225.4
2025-01-19,-1.7,-0.74,227.9,47.5,20980,142,225.1,229.4,225.0
2025-01-16,-3.1,-1.33,229.6,,67113,261,236.0,236.0,224.7
2025-01-15,-0.9,-0.39,232.7,75.97,32959,213,233.6,235.0,227.6
2025-01-13,-5.4,-2.26,233.6,47.52,20331,145,239.9,239.9,232.0
2025-01-12,-0.8,-0.33,239.0,30.95,13059,72,244.5,244.5,236.0
2025-01-09,-1.0,-0.42,239.8,,46824,177,240.7,241.4,234.0
2025-01-08,-1.1,-0.45,240.8,50.68,21201,168,246.7,246.7,238.0
2025-01-07,-1.0,-0.41,241.9,79.18,33053,140,240.0,242.0,239.0
2025-01-06,2.9,1.21,242.9,92.21,38448,168,236.1,243.0,236.1
2025-01-05,-2.0,-0.83,240.0,,48522,129,237.2,240.0,237.2
2025-01-02,4.0,1.68,242.0,77.75,32859,143,235.0,242.0,234.1
2025-01-01,-1.0,-0.42,238.0,56.31,23755,109,236.0,240.0,235.0
2024-12-31,-0.1,-0.04,239.0,,43032,192,234.4,240.5,234.4
2024-12-29,-2.8,-1.16,239.1,,50005,225,242.0,245.0,237.0
2024-12-26,4.9,2.07,241.9,,82325,325,233.0,247.0,232.0
2024-12-24,3.0,1.28,237.0,93.26,39695,191,229.4,237.0,229.4
2024-12-23,5.0,2.18,234.0,91.05,39514,206,229.0,234.0,228.0
2024-12-22,-3.0,-1.29,229.0,,51171,206,227.4,232.0,226.0
2024-12-19,-4.0,-1.69,232.0,,63726,253,232.0,239.8,230.5
2024-12-18,-4.0,-1.67,236.0,,43424,203,240.0,241.8,235.6
2024-12-17,0.1,0.04,240.0,99.29,41553,170,238.0,242.0,236.0
2024-12-16,-7.1,-2.87,239.9,87.53,36159,159,248.0,250.0,239.0
2024-12-12,-1.0,-0.4,247.0,70.21,28762,179,252.9,252.9,241.0
2024-12-11,8.2,3.42,248.0,96.62,39926,204,244.5,248.0,235.0
2024-12-10,-2.0,-0.83,239.8,71.46,29822,199,237.0,245.0,237.0
2024-12-09,-3.4,-1.39,241.8,98.92,40618,194,240.3,250.0,240.3
2024-12-08,-4.8,-1.92,245.2,,64583,283,254.9,254.9,241.6
2024-12-05,0.0,0.0,250.0,,55975,213,245.0,254.0,245.0
2024-12-04,-3.8,-1.5,250.0,,48581,221,253.8,256.0,249.0
2024-12-03,-2.5,-0.98,253.8,,67438,207,261.4,261.4,251.0
2024-12-02,-1.7,-0.66,256.3,,86175,224,263.1,263.1,251.4
2024-12-01,-1.6,-0.62,258.0,,59246,234,264.7,264.7,252.0
2024-11-28,3.6,1.41,259.6,,84663,265,257.0,264.0,256.1
2024-11-27,0.4,0.16,256.0,,76768,268,256.0,261.0,255.0
2024-11-26,3.6,1.43,255.6,,50325,163,257.0,257.0,250.8
2024-11-25,0.0,0.0,252.0,64.19,25522,131,257.0,257.0,249.5
2024-11-24,-2.0,-0.79,252.0,,50060,185,259.0,259.0,250.0
2024-11-21,-2.0,-0.78,254.0,,60610,207,257.0,257.0,252.3
2024-11-20,-3.9,-1.5,256.0,,40329,183,260.0,260.1,255.0
2024-11-19,0.9,0.35,259.9,,109169,275,260.0,263.0,255.5
2024-11-17,-3.0,-1.15,259.0,,78793,311,265.0,265.1,258.1
2024-11-14,6.0,2.34,262.0,,125488,313,261.1,263.0,250.0
2024-11-13,-6.0,-2.29,256.0,,41799,200,258.0,261.9,255.0
2024-11-12,1.1,0.42,262.0,,62438,280,261.2,266.0,259.0
2024-11-11,1.9,0.73,260.9,,97224,333,259.0,267.0,257.1
2024-11-10,8.0,3.19,259.0,,88527,361,255.0,259.0,252.0
2024-11-06,-1.0,-0.4,251.0,,45315,185,256.0,256.0,250.0
2024-11-05,-1.0,-0.4,252.0,90.72,36012,168,252.0,258.0,250.0
2024-10-30,-3.1,-1.21,253.0,,42818,191,261.0,261.0,252.1
2024-10-29,7.1,2.85,256.1,,92277,315,253.9,257.0,251.0
2024-10-28,-1.0,-0.4,249.0,,81412,284,255.0,255.0,248.0
2024-10-27,-4.0,-1.57,250.0,,74606,266,258.0,258.0,247.0
2024-10-24,-7.9,-3.02,254.0,,79229,381,264.9,264.9,252.4
2024-10-23,-11.1,-4.07,261.9,,188103,597,267.6,270.5,259.5
2024-10-22,6.0,2.25,273.0,,84499,327,265.0,274.0,264.1
2024-10-21,-8.0,-2.91,267.0,,96297,428,274.0,274.9,266.0
2024-10-20,-3.8,-1.36,275.0,,214843,713,275.0,286.0,270.2
2024-10-17,1.8,0.65,278.8,,196132,588,282.5,284.5,271.0
2024-10-16,3.0,1.09,277.0,,95074,365,279.4,280.0,273.5
2024-10-15,12.5,4.78,274.0,,83124,349,261.0,274.0,261.0
2024-10-09,3.9,1.51,261.5,,44262,180,252.7,262.0,252.7
2024-10-08,-2.3,-0.88,257.6,,60120,253,260.0,264.8,256.0
2024-10-07,2.9,1.13,259.9,,99084,370,257.0,263.0,257.0
2024-10-06,7.0,2.8,257.0,,60056,290,250.0,257.4,248.0
2024-10-02,-4.6,-1.81,250.0,,69748,316,259.0,259.0,246.2
2024-10-01,9.6,3.92,254.6,,146838,465,247.1,255.0,244.2
2024-09-30,5.0,2.08,245.0,,43206,195,240.0,245.0,240.0
2024-09-29,-1.8,-0.74,240.0,,46758,222,244.0,245.0,239.3
2024-09-26,-4.2,-1.71,241.8,,49182,226,246.0,249.8,239.3
2024-09-25,4.0,1.65,246.0,,97519,283,242.0,246.8,238.0
2024-09-24,-3.0,-1.22,242.0,,72513,320,243.5,248.2,239.0
2024-09-23,-2.0,-0.81,245.0,,99561,329,251.9,251.9,242.0
2024-09-22,7.0,2.92,247.0,,72775,383,240.0,249.0,240.0
2024-09-18,-0.6,-0.25,240.0,,131212,463,244.0,247.0,238.6
2024-09-16,-6.4,-2.59,240.6,,59798,283,245.0,248.0,240.1
2024-09-15,-4.3,-1.71,247.0,,107738,485,253.0,258.0,246.3
2024-09-12,5.4,2.2,251.3,,69379,388,250.8,251.4,242.2
2024-09-11,-0.1,-0.04,245.9,,67152,266,246.0,249.0,242.2
2024-09-10,-3.8,-1.52,246.0,,92420,448,250.0,255.0,244.0
2024-09-09,-1.2,-0.48,249.8,,122679,520,251.0,254.0,242.5
2024-09-08,-7.0,-2.71,251.0,,113480,521,263.1,265.9,250.0
2024-09-05,1.0,0.39,258.0,,148034,486,259.5,266.3,248.0
2024-09-04,-13.0,-4.81,257.0,,157253,620,275.0,275.0,246.9
2024-09-03,-2.0,-0.74,270.0,,105689,530,275.0,280.0,265.1
2024-09-02,17.9,7.04,272.0,,205405,817,259.0,273.3,250.1
2024-09-01,-6.9,-2.64,254.1,,126122,599,256.0,271.3,254.0
2024-08-29,-6.0,-2.25,261.0,,101801,610,272.0,272.0,256.0
2024-08-28,0.0,0.0,267.0,,173325,776,272.0,283.0,261.7
2024-08-27,-19.3,-6.74,267.0,,306650,1314,281.0,281.0,266.1
2024-08-25,-13.7,-4.57,286.3,,265181,1061,303.0,303.0,285.0
2024-08-22,-2.0,-0.66,300.0,,265872,1057,307.0,310.0,294.5
2024-08-21,3.2,1.07,302.0,,425259,1500,304.0,310.0,288.0
2024-08-18,9.8,3.39,298.8,,638621,2130,289.0,312.1,289.0
2024-08-15,22.1,8.28,289.0,,584117,2069,266.9,293.5,266.9
2024-08-14,0.9,0.34,266.9,,158425,705,266.0,267.0,258.0
2024-08-13,-0.1,-0.04,266.0,,186361,866,270.0,271.0,261.0
2024-08-12,8.5,3.3,266.1,,251891,1025,262.0,272.3,262.0
2024-08-11,15.6,6.45,257.6,,260303,1056,246.0,260.0,242.0
2024-08-08,-1.0,-0.41,242.0,,138115,661,247.0,251.9,241.0
2024-08-07,6.7,2.84,243.0,,143516,773,240.0,247.0,233.0
2024-08-06,-23.7,-9.12,236.3,,275813,1338,259.9,260.0,235.5
2024-08-05,-6.0,-2.26,260.0,,299670,1147,270.0,272.0,257.8
2024-08-01,-6.0,-2.21,266.0,,169849,740,275.0,276.0,264.0
2024-07-31,2.0,0.74,272.0,,185777,846,269.8,276.0,266.0
2024-07-30,-6.0,-2.17,270.0,,265681,1174,275.0,276.0,260.0
2024-07-29,-2.8,-1.0,276.0,,403882,1755,284.3,299.0,273.0
2024-07-28,25.3,9.98,278.8,,401317,1120,258.5,278.8,258.5
2024-07-25,4.5,1.81,253.5,,257789,735,250.0,254.5,241.0
2024-07-24,-5.0,-1.97,249.0,,177199,767,259.0,259.0,244.7
2024-07-23,2.0,0.79,254.0,,255069,902,250.0,255.0,245.1
2024-07-22,3.1,1.25,252.0,,385243,1367,253.0,262.0,244.0
2024-07-21,22.6,9.99,248.9,,340632,1180,230.0,248.9,225.4
2024-07-18,15.3,7.25,226.3,,330463,1051,215.0,232.1,212.2
2024-07-17,1.5,0.72,211.0,,92701,411,213.0,213.4,207.8
2024-07-16,5.3,2.6,209.5,,63008,313,204.0,210.1,203.0
2024-07-15,-6.8,-3.22,204.2,,101206,465,215.2,215.2,203.9
2024-07-14,9.4,4.66,211.0,,81778,477,205.6,212.0,203.0
2024-07-11,10.6,5.55,201.6,,95935,520,194.8,201.7,191.0
2024-07-10,4.9,2.63,191.0,,61431,244,189.8,191.0,186.4
2024-07-09,0.1,0.05,186.1,86.65,46386,116,185.0,188.5,185.0
2024-07-08,-0.4,-0.21,186.0,45.15,24265,165,188.0,188.0,184.2
2024-07-07,1.4,0.76,186.4,94.11,50352,252,188.7,189.5,184.1
2024-07-04,-1.0,-0.54,185.0,68.38,36619,223,188.0,189.5,184.5
2024-07-03,3.0,1.64,186.0,89.81,49082,181,184.0,186.5,179.4
2024-07-02,3.0,1.67,183.0,,54143,228,183.6,195.0,180.5
2024-07-01,6.0,3.45,180.0,71.69,40875,149,173.0,180.5,172.1
2024-06-30,0.0,0.0,174.0,24.2,13947,105,175.0,175.0,173.0
2024-06-27,-0.2,-0.11,174.0,39.48,22614,89,174.2,175.5,173.0
2024-06-26,-0.5,-0.29,174.2,55.69,31909,136,174.0,176.4,173.0
2024-06-25,1.7,0.98,174.7,40.14,23123,151,173.0,175.4,172.1
2024-06-24,-3.5,-1.98,173.0,,62246,277,175.4,177.0,172.3
2024-06-23,-1.0,-0.56,176.5,49.93,28415,154,179.0,179.0,174.1
2024-06-20,-3.5,-1.93,177.5,59.22,33240,192,184.6,184.6,177.0
2024-06-19,-1.0,-0.55,181.0,28.96,16006,116,184.9,185.0,180.0
2024-06-18,-2.0,-1.09,182.0,15.01,8236,87,181.3,183.4,180.5
2024-06-16,0.0,0.0,184.0,32.4,17657,117,182.0,186.3,182.0
2024-06-13,1.0,0.55,184.0,59.79,32660,111,183.0,184.4,181.3
2024-06-12,0.0,0.0,183.0,77.44,41677,188,186.5,192.0,183.0
2024-06-11,0.7,0.38,183.0,52.42,28684,176,185.9,187.6,180.1
2024-06-10,0.3,0.16,182.3,50.63,27776,155,185.0,185.0,181.3
2024-06-09,-5.5,-2.93,182.0,56.38,30635,180,191.2,191.2,182.0
2024-06-06,-2.0,-1.06,187.5,51.33,27461,134,190.0,190.0,185.0
2024-06-05,-1.5,-0.79,189.5,29.78,15703,95,190.1,190.7,188.6
2024-06-04,-2.3,-1.19,191.0,28.86,15110,105,193.5,193.5,190.0
2024-06-03,0.0,0.0,193.3,23.59,12229,120,197.1,197.1,191.0
2024-06-02,1.7,0.89,193.3,37.42,19445,132,189.2,195.0,189.0
2024-05-30,-3.1,-1.59,191.6,56.86,29396,163,194.9,195.9,191.6
2024-05-29,-1.3,-0.66,194.7,,92492,277,199.9,211.0,194.7
2024-05-27,-2.0,-1.01,196.0,44.61,22745,163,198.9,199.0,192.1
2024-05-26,-3.9,-1.93,198.0,,70759,360,205.0,205.0,195.5
2024-05-22,8.9,4.61,201.9,,96061,454,190.2,203.9,190.0
2024-05-21,2.0,1.05,193.0,74.42,38869,217,194.8,196.4,188.2
2024-05-20,10.0,5.52,191.0,,80489,388,181.0,195.5,180.0
2024-05-19,5.4,3.08,181.0,56.94,31768,147,179.1,182.0,175.7
2024-05-16,-2.4,-1.35,175.6,76.27,43319,126,181.5,181.5,175.1
2024-05-15,-2.0,-1.11,178.0,27.12,15048,117,180.0,185.6,178.0
2024-05-14,-0.8,-0.44,180.0,25.66,14319,113,181.0,182.5,176.1
2024-05-13,7.8,4.51,180.8,68.44,38458,202,173.0,181.5,172.1
2024-05-12,2.5,1.47,173.0,25.86,15033,121,173.9,173.9,169.5
2024-05-09,0.5,0.29,170.5,40.48,23939,147,168.0,170.5,168.0
2024-05-08,-2.0,-1.16,170.0,45.88,27080,121,175.2,175.2,168.0
2024-05-07,2.0,1.18,172.0,13.86,8083,70,169.0,173.4,167.1
2024-05-06,-1.2,-0.7,170.0,25.4,14849,112,170.0,173.9,168.6
2024-05-05,-4.8,-2.73,171.2,87.93,51020,273,177.8,177.9,168.5
2024-05-02,-1.6,-0.9,176.0,40.56,22945,142,181.1,181.1,174.5
2024-04-30,0.7,0.4,177.6,57.39,32234,141,180.4,180.4,177.0
2024-04-29,0.9,0.51,176.9,45.0,25542,90,179.5,179.5,175.5
2024-04-28,-2.0,-1.12,176.0,28.03,15877,124,178.0,178.0,176.0
2024-04-25,1.0,0.56,178.0,19.81,11206,64,177.0,178.0,175.2
2024-04-24,2.0,1.14,177.0,57.71,32688,96,175.0,177.0,174.0
2024-04-22,-1.0,-0.57,175.0,27.2,15515,113,179.5,179.5,174.0
2024-04-21,-3.6,-2.0,176.0,43.94,25043,202,179.0,179.0,174.0
2024-04-18,-1.4,-0.77,179.6,35.19,19573,110,180.5,181.0,178.8
2024-04-16,-1.0,-0.55,181.0,33.52,18609,136,180.1,182.0,179.5
2024-04-15,-1.0,-0.55,182.0,30.4,16775,125,180.3,183.0,180.3
2024-04-14,-1.0,-0.54,183.0,22.41,12241,114,185.0,185.0,181.5
2024-04-10,-2.9,-1.55,184.0,39.01,21117,155,187.1,188.4,182.3
2024-04-09,2.9,1.58,186.9,26.89,14416,115,186.0,189.0,185.2
2024-04-07,0.0,0.0,184.0,64.02,35250,261,183.0,184.0,179.6
2024-04-04,-0.6,-0.33,184.0,55.32,30072,147,184.3,186.0,183.0
2024-04-03,-2.3,-1.23,184.6,41.58,22480,148,187.0,187.0,184.1
2024-04-02,0.9,0.48,186.9,27.3,14676,110,185.0,188.0,185.0
2024-04-01,-2.0,-1.06,186.0,57.33,30813,177,187.1,188.0,185.0
2024-03-31,-1.5,-0.79,188.0,50.11,26610,158,187.3,190.0,187.3
2024-03-28,-1.5,-0.79,189.5,31.78,16801,116,189.0,191.0,188.2
2024-03-27,-0.8,-0.42,191.0,26.92,14148,104,192.0,192.0,189.0
2024-03-26,0.8,0.42,191.8,23.83,12495,107,191.0,192.0,190.0
2024-03-25,-2.0,-1.04,191.0,26.36,13808,105,191.0,192.0,190.1
2024-03-21,-1.0,-0.52,193.0,19.05,9939,114,197.6,197.6,191.0
2024-03-20,-1.9,-0.97,194.0,52.76,27258,126,195.0,195.0,192.0
2024-03-19,-1.9,-0.96,195.9,26.4,13519,111,198.0,199.0,192.2
2024-03-18,4.8,2.49,197.8,71.74,37648,242,190.1,204.9,184.0
2024-03-17,-0.7,-0.36,193.0,57.68,29858,161,192.4,195.0,192.0
2024-03-14,-2.6,-1.32,193.7,19.01,9785,120,197.0,198.9,193.0
2024-03-13,-2.0,-1.01,196.3,64.08,32410,182,200.0,201.8,196.0
2024-03-12,4.1,2.11,198.3,91.19,46432,255,198.0,199.9,194.2
2024-03-10,4.2,2.21,194.2,50.49,26033,153,190.8,196.6,190.8
2024-03-07,-1.0,-0.52,190.0,50.49,26590,128,192.0,193.0,189.0
2024-03-06,0.1,0.05,191.0,69.27,36268,122,194.0,194.0,189.0
2024-03-05,0.4,0.21,190.9,,59296,263,194.3,198.0,189.0
2024-03-04,3.7,1.98,190.5,2.18,1150,10,187.0,190.5,187.0
2024-03-03,-0.2,-0.11,186.8,93.36,50166,165,185.0,187.5,184.0
2024-02-29,-0.5,-0.27,187.0,,57479,146,187.6,188.9,186.1
2024-02-28,-1.0,-0.53,187.5,46.44,24799,113,188.0,189.9,187.0
2024-02-27,0.5,0.27,188.5,60.09,32101,110,188.0,189.0,186.0
2024-02-26,1.8,0.97,188.0,51.74,27615,149,187.0,189.0,186.1
2024-02-25,-1.8,-0.96,186.2,59.35,31773,137,187.9,187.9,185.1
2024-02-22,-2.5,-1.31,188.0,75.7,39980,223,188.0,191.8,186.8
2024-02-21,-0.6,-0.31,190.5,34.99,18311,124,191.1,194.0,190.3
2024-02-20,-0.9,-0.47,191.1,45.37,23755,204,195.8,198.0,190.0
2024-02-18,-0.5,-0.26,192.0,,54867,239,192.0,195.0,189.0
2024-02-15,-0.5,-0.26,192.5,45.6,23587,157,193.0,195.0,192.5
2024-02-14,-2.0,-1.03,193.0,,64524,218,195.1,196.9,193.0
2024-02-13,-4.9,-2.45,195.0,,69621,325,199.0,199.0,194.1
2024-02-12,0.9,0.45,199.9,53.41,26851,170,201.0,201.0,197.5
2024-02-11,-1.9,-0.95,199.0,65.93,32974,223,200.0,203.0,198.3
2024-02-07,-1.0,-0.5,200.0,83.88,41884,173,205.0,205.0,199.4
2024-02-06,0.1,0.05,201.0,48.82,24371,161,202.0,202.0,199.0
2024-02-05,1.5,0.75,200.9,44.66,22357,202,203.3,203.3,198.7
2024-02-04,-0.6,-0.3,199.4,66.75,33360,196,200.0,201.9,199.1
2024-02-01,-2.5,-1.23,200.0,65.52,32715,214,201.0,202.4,199.2
2024-01-31,-0.5,-0.25,202.5,42.15,20790,161,204.0,205.8,201.8
2024-01-30,0.0,0.0,203.0,64.66,31810,187,204.0,206.0,202.2
2024-01-29,0.6,0.3,203.0,92.33,45091,205,202.4,222.6,202.4
2024-01-28,-2.6,-1.27,202.4,,51185,273,205.0,207.0,201.0
2024-01-25,0.0,0.0,205.0,38.55,18818,155,209.0,209.0,203.1
2024-01-24,-0.5,-0.24,205.0,48.39,23644,172,206.0,209.0,204.0
2024-01-23,0.5,0.24,205.5,62.87,30645,199,209.1,209.1,203.1
2024-01-22,-3.5,-1.68,205.0,,63822,251,207.0,209.0,204.4
2024-01-21,-6.5,-3.02,208.5,,146622,481,219.0,219.0,206.8
2024-01-18,-4.0,-1.83,215.0,,50335,346,215.0,218.0,212.0
2024-01-17,4.5,2.1,219.0,,102684,419,215.0,220.0,214.5
2024-01-16,5.5,2.63,214.5,,75822,329,211.1,215.1,208.7
2024-01-14,4.0,1.95,209.0,62.36,30095,163,205.0,209.4,202.5
2024-01-11,0.0,0.0,205.0,45.52,22127,152,204.4,207.9,204.0
2024-01-10,1.0,0.49,205.0,81.84,39360,214,206.0,210.1,204.5
2024-01-09,2.6,1.29,204.0,97.31,47559,184,203.0,206.0,202.0
2024-01-08,0.4,0.2,201.4,77.69,38483,186,200.0,205.0,200.0
2024-01-07,-8.0,-3.83,201.0,94.47,46539,219,209.0,209.0,201.0
2024-01-04,3.0,1.46,209.0,,63260,244,210.0,210.9,203.2
2024-01-03,0.0,0.0,206.0,52.48,25666,147,206.9,206.9,203.1
2024-01-02,-4.0,-1.9,206.0,96.15,46926,176,208.0,210.0,201.4
2024-01-01,0.4,0.19,210.0,,65494,213,209.5,212.0,209.0
2023-12-28,-0.5,-0.24,209.6,,68124,181,210.0,211.0,208.2
2023-12-27,-0.7,-0.33,210.1,,79857,276,210.0,214.0,210.0
2023-12-24,-1.2,-0.57,210.8,,61806,305,213.0,220.0,209.5
2023-12-21,-4.4,-2.03,212.0,,83847,342,215.2,217.0,210.8
2023-12-20,-2.5,-1.14,216.4,,91596,441,223.0,223.0,210.2
2023-12-19,9.9,4.74,218.9,,99719,409,210.0,219.8,210.0
2023-12-18,3.0,1.46,209.0,,88797,338,208.0,211.0,202.0
2023-12-17,-1.7,-0.82,206.0,47.54,23306,171,203.6,208.0,199.6
2023-12-14,-2.1,-1.0,207.7,32.05,15409,128,208.0,209.9,207.0
2023-12-13,3.3,1.6,209.8,66.68,32115,192,209.9,210.0,206.0
2023-12-12,-0.7,-0.34,206.5,75.72,36739,200,207.0,208.0,204.0
2023-12-11,0.1,0.05,207.2,,53328,315,211.2,215.0,205.0
2023-12-10,8.2,4.12,207.1,3.54,1740,9,198.0,207.1,198.0
2023-12-07,0.4,0.2,198.9,30.9,15581,114,200.9,200.9,196.3
2023-12-06,-1.3,-0.65,198.5,23.56,11914,87,197.5,199.9,196.1
2023-12-05,0.3,0.15,199.8,22.84,11461,86,198.1,201.0,196.1
2023-12-04,2.5,1.27,199.5,54.7,27732,117,197.0,200.0,196.0
2023-12-03,-1.4,-0.71,197.0,40.19,20400,136,198.0,198.1,195.9
2023-11-30,-1.2,-0.6,198.4,41.23,20933,112,199.0,199.6,196.0
2023-11-29,0.0,0.0,199.6,19.76,9913,90,199.6,202.0,198.1
2023-11-28,-4.4,-2.16,199.6,34.88,17432,108,204.0,204.0,199.0
2023-11-27,-1.5,-0.73,204.0,53.65,26379,141,206.0,208.0,201.1
2023-11-26,7.5,3.79,205.5,62.44,30912,159,200.0,205.5,197.5
2023-11-23,0.0,0.0,198.0,34.36,17391,107,199.0,199.0,196.0
2023-11-22,-1.0,-0.5,198.0,34.72,17526,126,199.7,199.9,197.0
2023-11-21,-0.6,-0.3,199.0,25.8,13041,119,200.0,200.0,196.0
2023-11-20,1.4,0.71,199.6,23.65,11853,112,202.0,202.0,199.0
2023-11-09,0.1,0.05,198.2,49.8,25161,147,200.0,201.3,196.0
2023-11-08,0.2,0.1,198.1,36.35,18278,118,196.0,215.2,195.2
2023-11-07,-0.1,-0.05,197.9,37.99,19292,149,200.9,201.0,195.1
2023-11-06,3.0,1.54,198.0,44.84,22725,137,197.9,214.0,194.1
2023-11-05,-2.4,-1.22,195.0,83.43,42761,170,198.0,200.0,193.6
2023-11-02,-1.4,-0.7,197.4,32.48,16464,110,199.0,199.0,196.0
2023-11-01,-0.2,-0.1,198.8,29.29,14778,112,200.0,200.0,197.0
2023-10-31,-1.0,-0.5,199.0,24.61,12374,89,198.0,200.0,198.0
2023-10-30,-0.2,-0.1,200.0,55.25,27696,150,199.1,201.0,198.5
2023-10-29,-4.4,-2.15,200.2,25.06,12410,95,203.8,203.8,200.2
2023-10-19,1.3,0.64,204.6,62.95,31250,118,205.9,205.9,200.0
2023-10-18,2.4,1.19,203.3,42.98,21236,102,200.9,204.9,199.0
2023-10-17,1.9,0.95,200.9,,70472,259,200.0,200.9,193.0
2023-10-16,-1.1,-0.55,199.0,32.58,16355,138,199.1,200.0,198.5
2023-10-12,-1.9,-0.94,200.1,62.04,31001,163,201.0,203.0,199.0
2023-10-11,1.8,0.9,202.0,43.67,21752,128,202.4,202.4,199.5
2023-10-10,-1.7,-0.84,200.2,64.31,31945,129,200.0,202.9,199.7
2023-10-09,-1.1,-0.54,201.9,65.13,32454,160,202.0,203.0,200.0
2023-10-08,-0.8,-0.39,203.0,73.35,36272,137,204.0,204.3,201.0
2023-10-05,0.3,0.15,203.8,70.16,34442,123,204.5,204.5,203.0
2023-10-04,0.5,0.25,203.5,82.08,40489,141,202.0,205.6,200.7
2023-10-03,-1.0,-0.49,203.0,49.17,24192,133,202.0,205.0,202.0
2023-10-02,0.2,0.1,204.0,63.82,31354,151,200.1,205.0,200.1
2023-10-01,-1.0,-0.49,203.8,60.3,29652,159,204.0,205.5,201.4
2023-09-27,-1.7,-0.82,204.8,63.68,31050,154,209.0,209.0,203.6
2023-09-26,0.5,0.24,206.5,63.81,30937,140,207.4,209.0,205.0
2023-09-25,0.7,0.34,206.0,,49269,180,203.0,206.9,202.0
2023-09-24,-2.2,-1.06,205.3,54.01,26117,174,207.0,209.0,205.0
2023-09-21,3.9,1.92,207.5,90.92,43682,179,206.0,209.0,205.7
2023-09-19,0.6,0.3,203.6,21.36,10496,95,203.5,204.0,202.1
2023-09-18,-1.2,-0.59,203.0,40.81,20127,128,202.0,204.9,200.0
2023-09-17,-1.8,-0.87,204.2,37.78,18424,137,209.0,209.0,204.2
2023-09-13,-0.9,-0.43,206.0,42.28,20550,123,207.0,208.9,204.2
2023-09-12,0.4,0.19,206.9,45.18,21943,117,207.3,207.9,205.0
2023-09-11,3.5,1.72,206.5,43.56,21205,113,203.0,206.9,203.0
2023-09-10,2.3,1.15,203.0,43.18,21275,119,200.7,204.0,200.7
2023-09-07,-2.5,-1.23,200.7,59.9,29794,180,202.0,203.0,200.0
2023-09-05,-1.3,-0.64,203.2,52.07,25567,126,204.0,205.9,203.0
2023-09-04,0.3,0.15,204.5,52.2,25570,103,204.2,207.0,203.0
2023-09-03,-2.8,-1.35,204.2,51.64,25188,148,209.5,209.5,204.0
2023-08-30,2.5,1.22,207.0,65.72,31648,147,206.0,212.1,204.0
2023-08-29,-2.2,-1.06,204.5,43.91,21504,143,206.0,207.0,203.0
2023-08-28,0.7,0.34,206.7,33.28,16197,117,206.0,207.8,204.1
2023-08-27,-2.0,-0.96,206.0,39.81,19371,140,208.0,208.0,205.0
2023-08-24,-1.9,-0.91,208.0,45.71,21966,137,209.9,211.3,206.6
2023-08-23,3.6,1.75,209.9,60.93,29147,174,209.0,212.5,206.3
2023-08-22,0.3,0.15,206.3,35.77,17324,132,209.0,209.0,203.0
2023-08-21,0.8,0.39,206.0,82.12,39980,182,204.5,206.9,204.1
2023-08-20,-2.8,-1.35,205.2,87.94,42722,197,208.0,209.0,204.0
2023-08-17,-0.1,-0.05,208.0,80.1,38470,143,210.0,211.0,207.0
2023-08-16,-6.8,-3.16,208.1,24.98,11988,116,212.0,212.0,205.3
2023-08-15,0.9,0.42,214.9,83.94,39865,217,213.5,215.0,208.0
2023-08-14,3.6,1.71,214.0,,48709,247,212.6,215.8,207.3
2023-08-13,2.9,1.4,210.4,,116300,217,209.0,212.7,209.0
2023-08-10,2.5,1.22,207.5,65.09,31528,203,206.0,208.0,204.0
2023-08-09,0.0,0.0,205.0,79.43,39039,226,203.1,206.1,202.0
2023-08-08,-2.0,-0.97,205.0,93.74,45616,358,207.0,209.0,204.3
2023-08-07,-5.0,-2.36,207.0,,86896,381,212.0,212.0,205.2
2023-08-06,-11.0,-4.93,212.0,,128136,644,219.0,219.0,209.0
2023-08-03,4.0,1.83,223.0,,46852,226,215.0,227.0,215.0
2023-08-02,1.0,0.46,219.0,90.83,41444,266,218.0,221.9,216.8
2023-08-01,-5.0,-2.24,218.0,65.29,29601,174,220.0,225.0,217.0
2023-07-31,1.2,0.54,223.0,,77234,289,217.4,226.4,217.4
2023-07-30,0.0,0.0,221.8,,50083,272,222.0,224.0,215.0
2023-07-27,-2.1,-0.94,221.8,,70499,271,226.0,226.0,220.0
2023-07-26,0.9,0.4,223.9,,47565,202,222.1,226.0,221.2
2023-07-25,-8.0,-3.46,223.0,,52982,363,230.0,230.0,221.7
2023-07-24,-8.0,-3.35,231.0,,124468,598,240.0,240.0,225.4
2023-07-23,15.1,6.74,239.0,,148639,646,226.0,240.0,224.9
2023-07-20,-2.6,-1.15,223.9,,76892,422,231.0,231.0,223.0
2023-07-19,5.5,2.49,226.5,,118096,504,223.0,230.0,217.0
2023-07-18,4.0,1.84,221.0,,66991,375,220.0,223.0,219.0
2023-07-17,4.2,1.97,217.0,,49453,258,213.0,219.0,210.0
2023-07-16,3.9,1.87,212.8,52.38,24838,171,211.9,213.0,208.0
2023-07-13,0.9,0.43,208.9,40.06,19046,156,209.0,212.0,208.9
2023-07-12,1.0,0.48,208.0,77.65,37502,203,211.0,211.0,206.0
2023-07-11,-2.0,-0.96,207.0,80.45,38804,202,208.1,209.7,206.2
2023-07-10,0.9,0.43,209.0,64.98,30893,156,208.1,212.0,208.1
2023-07-09,1.6,0.77,208.1,44.95,21628,159,207.0,210.0,207.0
2023-07-06,-2.5,-1.2,206.5,63.0,30411,187,210.0,210.0,206.5
2023-07-05,-0.8,-0.38,209.0,,52219,219,212.0,212.9,208.3
2023-07-04,-0.2,-0.1,209.8,92.78,44303,237,211.0,213.0,208.6
2023-07-03,-1.6,-0.76,210.0,,54560,289,212.0,213.0,209.1
2023-07-02,-3.4,-1.58,211.6,83.07,38932,246,216.0,216.9,211.0
2023-06-28,-5.0,-2.27,215.0,,61985,275,221.0,223.0,215.0
2023-06-27,9.0,4.27,220.0,,117218,391,213.9,221.0,211.8
2023-06-26,-1.0,-0.47,211.0,,60631,302,213.7,217.0,211.0
2023-06-25,0.0,0.0,212.0,,100702,435,212.5,214.0,209.0
2023-06-22,-2.0,-0.93,212.0,79.65,37402,228,217.0,217.0,211.0
2023-06-21,-1.3,-0.6,214.0,70.86,33020,215,215.0,216.0,213.1
2023-06-20,-1.6,-0.74,215.3,82.67,38329,217,219.0,219.0,213.1
2023-06-19,-0.6,-0.28,216.9,64.28,29716,200,217.0,220.0,215.8
2023-06-18,-0.5,-0.23,217.5,,91602,293,219.0,219.0,214.9
2023-06-15,-2.0,-0.91,218.0,,49960,218,219.0,221.9,217.0
2023-06-14,1.6,0.73,220.0,,65176,298,216.1,222.0,216.0
2023-06-13,3.6,1.68,218.4,,48169,229,216.0,219.0,213.0
2023-06-12,-0.2,-0.09,214.8,71.23,33137,189,217.2,217.2,213.1
2023-06-11,1.1,0.51,215.0,,53625,223,215.0,216.9,214.0
2023-06-08,-0.2,-0.09,213.9,77.63,36335,190,214.0,215.0,212.3
2023-06-07,-0.9,-0.42,214.1,97.78,45588,188,214.1,217.0,214.0
2023-06-06,0.8,0.37,215.0,,55213,189,217.0,217.0,212.7
2023-06-05,-2.8,-1.29,214.2,52.97,24536,175,221.3,221.3,214.2
2023-06-04,4.0,1.88,217.0,51.28,23636,108,215.0,221.9,215.0
2023-06-01,-2.0,-0.93,213.0,67.79,31677,183,217.9,217.9,210.8
2023-05-31,-1.2,-0.56,215.0,,56079,261,215.0,219.0,212.0
2023-05-30,-7.8,-3.48,216.2,,47558,240,224.0,224.0,215.0
2023-05-28,2.0,0.9,224.0,,61725,272,221.0,243.1,220.1
2023-05-24,0.0,0.0,222.0,95.07,42736,196,223.0,225.0,220.2
2023-05-23,4.0,1.83,222.0,,70135,203,220.0,222.0,218.0
2023-05-22,-1.0,-0.46,218.0,86.37,39778,155,220.0,220.0,215.0
2023-05-21,-1.0,-0.45,219.0,67.14,30542,155,222.0,222.9,218.0
2023-05-18,1.9,0.87,220.0,64.09,29286,174,216.6,220.3,216.0
2023-05-17,1.1,0.51,218.1,79.45,36503,142,220.0,220.4,216.3
2023-05-16,0.9,0.42,217.0,,76081,128,214.1,219.0,213.0
2023-05-15,-1.9,-0.87,216.1,,47829,110,216.0,220.0,215.0
2023-05-14,0.0,0.0,218.0,,48991,158,221.0,221.0,216.0
2023-05-11,1.0,0.46,218.0,31.72,14531,78,217.0,219.2,216.0
2023-05-10,-1.0,-0.46,217.0,53.72,24724,103,220.0,220.0,216.2
2023-05-09,1.0,0.46,218.0,24.67,11317,99,218.0,220.0,216.1
2023-05-08,-2.0,-0.91,217.0,41.21,18909,114,219.9,219.9,217.0
2023-05-07,-5.0,-2.23,219.0,22.38,10154,90,225.0,226.0,218.0
2023-05-04,4.0,1.82,224.0,52.23,23693,145,224.0,224.0,217.4
2023-05-03,-1.9,-0.86,220.0,31.11,14160,91,218.5,222.2,218.5
2023-05-02,-1.1,-0.49,221.9,69.89,31718,154,226.0,227.0,218.0
2023-04-30,1.5,0.68,223.0,,64767,253,221.5,238.6,221.0
2023-04-27,1.4,0.64,221.5,38.15,17179,134,221.0,242.0,218.0
2023-04-26,-1.9,-0.86,220.1,44.72,20167,117,220.1,225.0,220.1
2023-04-25,0.1,0.05,222.0,42.84,19314,109,225.0,225.0,220.9
2023-04-24,-1.6,-0.72,221.9,35.01,15853,112,220.5,223.0,216.3
2023-04-23,-2.0,-0.89,223.5,69.52,31353,181,224.0,228.0,219.2
2023-04-20,-1.7,-0.75,225.5,60.33,26539,155,231.0,231.0,225.5
2023-04-19,-0.8,-0.35,227.2,62.4,27477,117,228.0,230.0,226.2
2023-04-18,0.7,0.31,228.0,19.26,8529,104,225.0,228.0,223.0
2023-04-17,-5.4,-2.32,227.3,43.62,18972,139,234.0,234.0,227.3
2023-04-16,1.7,0.74,232.7,50.56,21878,154,234.0,234.0,227.7
2023-04-13,-4.0,-1.7,231.0,,83922,315,237.7,239.7,231.0
2023-04-12,12.7,5.71,235.0,,48115,300,225.0,236.0,222.7
2023-04-11,3.8,1.74,222.3,73.78,33480,200,219.0,222.5,218.1
2023-04-10,2.5,1.16,218.5,44.07,20244,148,216.0,221.0,215.0
2023-04-09,-3.6,-1.64,216.0,77.71,35937,214,220.5,220.5,215.3
2023-04-06,3.1,1.43,219.6,54.48,25004,161,220.0,220.0,216.0
2023-04-05,2.4,1.12,216.5,75.63,35179,230,213.5,217.9,212.0
2023-04-04,-5.7,-2.59,214.1,,119020,425,217.0,221.0,213.2
2023-04-03,-1.7,-0.77,219.8,85.38,39069,214,221.0,221.9,217.4
2023-04-02,-3.5,-1.56,221.5,77.69,35049,228,228.5,228.5,220.0
2023-03-30,-1.9,-0.84,225.0,53.38,23758,193,230.0,230.0,223.0
2023-03-29,-0.2,-0.09,226.9,64.24,28441,155,230.9,230.9,225.0
2023-03-28,2.1,0.93,227.1,50.62,22130,185,228.5,232.9,226.6
2023-03-27,-2.0,-0.88,225.0,,64668,331,230.0,230.0,221.0
2023-03-26,-3.0,-1.3,227.0,51.16,22478,184,228.0,234.0,226.1
2023-03-23,-6.0,-2.54,230.0,,49382,302,233.0,236.0,228.0
2023-03-22,-3.0,-1.26,236.0,73.42,31158,203,242.0,242.0,233.3
2023-03-20,3.0,1.27,239.0,86.37,36318,199,233.0,240.0,233.0
2023-03-19,0.0,0.0,236.0,36.38,15414,173,233.0,239.0,232.0
2023-03-16,1.0,0.43,236.0,42.34,18022,158,231.0,238.0,225.7
2023-03-15,2.8,1.21,235.0,,68992,357,236.8,236.8,230.0
2023-03-14,-4.6,-1.94,232.2,,112626,458,241.5,246.3,230.6
2023-03-13,-13.2,-5.28,236.8,,103550,553,245.1,246.0,236.2
2023-03-12,-17.0,-6.37,250.0,,106306,681,262.0,262.0,249.0
2023-03-09,4.0,1.52,267.0,19.37,7229,61,265.0,270.2,265.0
2023-03-07,0.0,0.0,263.0,15.77,5962,54,265.0,267.0,262.0
2023-03-05,-5.0,-1.87,263.0,34.51,13052,109,268.0,270.0,262.6
2023-03-02,-4.0,-1.47,268.0,13.1,4873,66,276.0,276.0,268.0
2023-03-01,-3.0,-1.09,272.0,17.34,6387,65,275.0,275.0,270.3
2023-02-28,-0.1,-0.04,275.0,14.63,5331,88,280.6,280.6,271.2
2023-02-27,-5.3,-1.89,275.1,21.05,7598,89,286.0,286.0,275.0
2023-02-26,-3.6,-1.27,280.4,11.87,4292,75,284.1,284.1,272.0
2023-02-23,-9.0,-3.07,284.0,14.2,5003,82,293.0,293.0,281.0
2023-02-22,11.0,3.9,293.0,30.35,10683,129,280.0,299.7,268.0
2023-02-20,-3.0,-1.05,282.0,43.72,15636,134,280.0,290.0,275.0
2023-02-16,-0.9,-0.31,285.0,32.47,11295,96,291.0,291.5,284.0
2023-02-15,-0.1,-0.03,285.9,20.02,6989,67,286.0,290.0,284.5
2023-02-14,-5.0,-1.72,286.0,16.14,5598,74,290.0,296.8,286.0
2023-02-12,-8.0,-2.68,291.0,26.75,9166,79,295.0,297.0,289.1
2023-02-09,-1.0,-0.33,299.0,16.48,5531,57,300.0,304.0,294.0
2023-02-08,0.2,0.07,300.0,12.01,4000,82,300.0,305.0,295.0
2023-02-07,13.8,4.83,299.8,15.64,5321,74,285.0,299.9,284.0
2023-02-06,-3.0,-1.04,286.0,24.81,8687,73,291.0,291.0,284.5
2023-02-05,-1.0,-0.34,289.0,18.16,6260,78,290.0,295.0,289.0
2023-02-02,-4.0,-1.36,290.0,32.07,11047,117,291.0,294.0,289.0
2023-02-01,-5.9,-1.97,294.0,24.22,8226,90,300.0,300.0,293.0
2023-01-31,-0.1,-0.03,299.9,14.34,4818,73,301.0,301.0,295.5
2023-01-30,-6.0,-1.96,300.0,16.16,5360,77,302.5,305.0,300.0
2023-01-29,-2.0,-0.65,306.0,39.89,12986,65,304.0,310.0,303.1
2023-01-26,0.0,0.0,308.0,,2876,0,310.0,310.9,307.0
2023-01-25,0.0,-0.65,308.0,,18678,0,316.1,316.2,307.7
2023-01-24,0.0,-1.12,310.0,,5272,0,308.0,314.1,308.0
2023-01-23,0.0,2.45,313.5,,25499,0,312.1,331.0,307.0
2023-01-19,0.0,0.33,306.0,,9570,0,305.0,310.0,301.0
2023-01-18,0.0,-2.46,305.0,,18348,0,308.0,318.0,305.0
2023-01-17,0.0,-0.73,312.7,,13648,0,315.5,318.0,304.0
2023-01-12,0.0,-1.56,315.0,,12501,0,325.0,326.4,311.0
2023-01-10,0.0,1.3,320.0,,25020,0,315.0,334.0,315.0
2023-01-09,0.0,-0.03,315.9,,20959,0,313.0,317.0,310.0
2023-01-08,0.0,-1.25,316.0,,20587,0,314.0,322.0,313.6
2023-01-05,0.0,-1.54,320.0,,9089,0,331.5,331.5,320.0
2023-01-04,0.0,1.56,325.0,,11376,0,320.0,332.2,320.0
2023-01-03,0.0,-3.32,320.0,,14072,0,333.0,337.6,319.2
2023-01-02,0.0,-2.09,331.0,,15231,0,338.1,338.1,328.0
2023-01-01,0.0,2.85,365.1,,49119,0,362.0,369.3,355.1
2022-12-29,0.0,1.52,355.0,,27541,0,350.0,357.0,342.8
2022-12-28,0.0,-0.31,349.7,,23963,0,345.0,353.0,342.0
2022-12-27,0.0,3.18,350.8,,30183,0,345.0,352.0,335.0
2022-12-26,0.0,3.06,340.0,,30271,0,335.0,340.9,330.0
2022-12-22,0.0,0.33,329.9,,8924,0,326.0,330.0,326.0
2022-12-21,0.0,2.11,328.8,,8514,0,326.0,334.6,325.0
2022-12-20,0.0,1.26,322.0,,50468,0,324.3,330.0,320.0
2022-12-19,0.0,-0.31,318.0,,3927,0,322.0,325.0,318.0
2022-12-18,0.0,-1.24,319.0,,4033,0,321.0,325.0,318.0
2022-12-15,0.0,0.72,323.0,,7648,0,318.0,326.0,318.0
2022-12-14,0.0,-0.4,320.7,,3549,0,325.0,328.0,320.7
2022-12-13,0.0,-0.53,322.0,,3670,0,323.0,325.0,321.0
2022-12-12,0.0,-0.06,323.7,,4618,0,323.0,324.0,317.6
2022-12-11,0.0,-1.76,323.9,,5376,0,329.8,329.8,320.5
2022-12-07,0.0,-2.6,329.7,,2853,0,331.9,331.9,319.0
2022-12-06,0.0,4.15,338.5,,5479,0,321.0,338.5,319.0
2022-12-05,0.0,-0.31,325.0,,4592,0,326.0,332.0,320.0
2022-12-04,0.0,0.15,326.0,,2591,0,325.0,328.0,325.0
2022-12-01,0.0,-0.76,325.5,,8338,0,328.0,330.0,325.0
2022-11-30,0.0,-0.61,328.0,,2319,0,330.0,330.0,327.2
2022-11-29,0.0,-0.66,330.0,,7313,0,331.0,334.5,328.0
2022-11-28,0.0,0.06,332.2,,10357,0,332.0,337.0,327.5
2022-11-27,0.0,0.39,332.0,,7723,0,326.0,332.3,324.0
2022-11-24,0.0,1.44,330.7,,1889,0,326.0,331.0,321.0
2022-11-23,0.0,-2.1,326.0,,3425,0,328.0,333.0,325.0
2022-11-22,0.0,0.15,333.0,,1262,0,332.0,339.0,332.0
2022-11-17,0.0,-0.15,332.5,,6092,0,334.9,335.0,330.0
2022-11-16,0.0,0.91,333.0,,2906,0,330.0,333.6,327.0
2022-11-15,0.0,0.61,330.0,,3276,0,334.4,334.4,328.0
2022-11-14,0.0,-0.61,328.0,,2255,0,328.0,330.0,326.0
2022-11-13,0.0,0.3,330.0,,4758,0,328.0,332.9,328.0
2022-11-10,0.0,-1.79,329.0,,9056,0,335.0,340.0,328.5
2022-11-09,0.0,-2.33,335.0,,4379,0,342.0,343.0,335.0
2022-11-08,0.0,0.62,343.0,,2734,0,347.7,347.7,334.2
2022-11-07,0.0,0.12,340.9,,5153,0,340.5,346.0,340.1
2022-11-06,0.0,0.74,340.5,,13631,0,332.0,342.9,331.5
2022-11-03,0.0,0.54,338.0,,12746,0,330.3,340.0,330.2
2022-11-02,0.0,-1.12,336.2,,9808,0,335.2,344.7,334.1
2022-11-01,0.0,3.66,340.0,,10758,0,328.0,340.0,328.0
2022-10-31,0.0,-1.59,328.0,,10852,0,330.0,330.1,323.4
2022-10-23,0.0,1.93,333.3,,5461,0,332.0,333.3,323.0
2022-10-20,0.0,-0.3,327.0,,3378,0,321.8,329.2,321.8
2022-10-19,0.0,0.37,328.0,,2776,0,326.1,330.0,324.0
2022-10-17,0.0,1.18,326.8,,4734,0,325.0,328.8,322.2
2022-10-16,0.0,1.86,323.0,,5333,0,323.0,323.0,316.1
2022-10-13,0.0,-0.71,317.1,,7221,0,324.0,326.0,316.1
2022-10-12,0.0,2.01,324.4,,3492,0,316.0,325.3,316.0
2022-10-11,0.0,-2.45,318.0,,3465,0,330.0,330.0,315.0
2022-10-10,0.0,-2.98,326.0,,5144,0,334.0,335.0,326.0
2022-10-09,0.0,5.0,336.0,,4435,0,322.0,336.0,322.0
2022-09-29,0.0,-0.31,320.0,,2885,0,322.0,325.0,317.0
2022-09-28,0.0,2.49,321.0,,2117,0,314.0,325.0,314.0
2022-09-27,0.0,0.71,313.2,,3822,0,315.0,320.0,310.0
2022-09-25,0.0,-0.64,311.0,,6378,0,310.5,314.0,310.0
2022-09-22,0.0,-0.63,313.0,,4888,0,319.0,321.0,312.1
2022-09-21,0.0,0.32,315.0,,4518,0,315.0,318.0,314.1
2022-09-20,0.0,-1.94,314.0,,8991,0,319.0,323.7,313.1
2022-09-18,0.0,-0.56,320.2,,4311,0,318.2,321.9,315.8
2022-09-16,0.0,-0.92,322.0,,2885,0,319.0,329.9,315.0
2022-09-15,0.0,-1.22,325.0,,5274,0,335.0,335.0,324.0
2022-09-14,0.0,2.17,329.0,,4932,0,327.0,330.0,326.0
2022-09-13,0.0,0.47,322.0,,4694,0,326.5,326.9,321.0
2022-09-12,0.0,-1.38,320.5,,8773,0,331.4,331.4,320.5
2022-09-11,0.0,-0.61,325.0,,8532,0,330.0,330.9,324.0
2022-09-08,0.0,-0.03,327.0,,2383,0,324.0,330.0,323.0
2022-09-07,0.0,-0.82,327.1,,10355,0,330.0,333.0,325.5
2022-09-06,0.0,0.24,329.8,,8237,0,326.0,330.0,324.0
2022-09-05,0.0,1.2,329.0,,5422,0,331.0,341.0,329.0
2022-09-04,0.0,0.34,325.1,,3215,0,320.0,328.0,320.0
2022-09-02,0.0,0.62,324.0,,1725,0,320.1,324.9,320.1
2022-09-01,0.0,-0.92,322.0,,10589,0,322.0,328.0,321.0
2022-08-31,0.0,-1.22,325.0,,2746,0,326.0,327.9,325.0
2022-08-30,0.0,-0.72,329.0,,4660,0,331.9,332.0,327.0
2022-08-29,0.0,1.01,331.4,,9969,0,325.0,331.5,325.0
2022-08-28,0.0,-1.8,328.1,,10827,0,338.9,338.9,327.5
2022-08-26,0.0,-3.19,334.1,,13410,0,342.0,342.0,331.1
2022-08-25,0.0,0.03,345.1,,19617,0,349.0,352.0,345.0
2022-08-24,0.0,3.6,345.0,,19050,0,339.6,356.0,331.0
2022-08-23,0.0,3.16,333.0,,12123,0,328.0,335.0,325.3
2022-08-22,0.0,-1.28,322.8,,6849,0,321.0,327.0,321.0
2022-08-21,0.0,1.21,327.0,,15429,0,329.0,330.0,324.2
2022-08-18,0.0,0.65,323.1,,5060,0,327.0,327.0,322.3
2022-08-17,0.0,-0.16,321.0,,8356,0,326.0,326.0,319.5
2022-08-16,0.0,1.9,321.5,,11487,0,316.0,325.0,315.0
2022-08-15,0.0,0.61,315.5,,13038,0,313.0,318.0,308.0
2022-08-14,0.0,-2.91,313.6,,13686,0,323.0,323.0,313.6
2022-08-11,0.0,-2.12,323.0,,13132,0,325.0,331.0,320.0
2022-08-10,0.0,1.23,330.0,,5530,0,323.0,333.5,322.1
2022-08-09,0.0,-3.01,326.0,,10571,0,337.0,337.0,326.0
2022-08-08,0.0,-1.73,336.1,,6107,0,348.0,348.0,336.1
2022-08-07,0.0,0.59,342.0,,5293,0,346.8,347.0,339.0
2022-08-05,0.0,-2.02,340.0,,7872,0,342.0,344.0,335.0
2022-08-04,0.0,-1.7,347.0,,16404,0,358.0,358.0,344.5
2022-08-03,0.0,6.33,353.0,,25525,0,338.0,365.1,338.0
2022-08-02,0.0,1.53,332.0,,10969,0,330.0,335.0,329.0
2022-08-01,0.0,4.81,327.0,,15090,0,318.1,328.7,313.0
2022-07-31,0.0,1.96,312.0,,10935,0,306.0,312.0,305.1
2022-07-29,0.0,0.33,306.0,,2845,0,305.0,309.2,305.0
2022-07-28,0.0,-0.33,305.0,,8228,0,300.0,307.0,300.0
2022-07-27,0.0,0.1,306.0,,4904,0,308.0,308.0,303.0
2022-07-26,0.0,-0.1,305.7,,6396,0,305.1,308.5,304.0
2022-07-25,0.0,0.0,306.0,,9217,0,308.0,310.0,304.0
2022-07-24,0.0,0.62,306.0,,5935,0,309.0,312.0,300.3
2022-07-22,0.0,-0.3,304.1,,1605,0,300.1,306.0,300.0
2022-07-21,0.0,-0.16,305.0,,4773,0,305.0,310.0,302.0
2022-07-20,0.0,-0.81,305.5,,8028,0,306.0,306.0,304.0
2022-07-19,0.0,0.0,308.0,,8560,0,308.0,310.0,305.0
2022-07-18,0.0,0.98,308.0,,8542,0,310.0,311.0,301.2
2022-07-17,0.0,1.94,305.0,,9368,0,301.0,305.0,298.0
2022-07-15,0.0,-0.27,299.2,,2225,0,301.0,301.0,297.0
2022-07-14,0.0,1.35,300.0,,5047,0,300.0,304.5,298.0
2022-07-13,0.0,-1.3,296.0,,12714,0,300.0,302.0,294.5
2022-07-12,0.0,2.35,299.9,,5629,0,290.0,302.8,290.0
2022-07-11,0.0,-2.95,293.0,,16701,0,302.0,302.0,292.5
2022-07-08,0.0,0.13,301.9,,3800,0,301.0,304.9,298.1
2022-07-07,0.0,-0.17,301.5,,9089,0,300.0,301.5,296.5
2022-07-06,0.0,-1.95,302.0,,19138,0,305.0,305.0,296.1
2022-07-05,0.0,-1.91,308.0,,10821,0,310.0,315.0,302.0
2022-07-04,0.0,0.16,314.0,,10747,0,315.0,318.0,313.0
2022-07-03,0.0,1.13,313.5,,5537,0,316.0,316.0,311.0
2022-07-01,0.0,1.31,310.0,,4920,0,310.9,312.0,305.5
2022-06-30,0.0,1.32,306.0,,17335,0,303.0,309.0,303.0
2022-06-29,0.0,0.63,302.0,,4693,0,302.0,304.0,300.0
2022-06-28,0.0,-0.96,300.1,,5029,0,300.3,306.0,300.1
2022-06-27,0.0,-1.78,303.0,,9751,0,310.0,316.0,303.0
2022-06-26,0.0,3.52,308.5,,9104,0,303.0,308.5,300.0
2022-06-24,0.0,0.61,298.0,,4569,0,296.0,299.0,292.0
2022-06-23,0.0,-1.1,296.2,,10130,0,296.0,300.0,295.0
2022-06-22,0.0,-1.16,299.5,,14215,0,303.0,303.0,293.0
2022-06-21,0.0,2.33,303.0,,7650,0,296.0,305.0,296.0
2022-06-20,0.0,-1.3,296.1,,9292,0,300.0,300.0,294.0
2022-06-19,0.0,0.0,300.0,,9304,0,300.0,304.8,295.1
2022-06-17,0.0,0.0,300.0,,5355,0,300.0,304.0,298.0
2022-06-16,0.0,-0.86,300.0,,12957,0,300.0,303.0,295.0
2022-06-15,0.0,-0.13,302.6,,11490,0,298.0,302.6,294.0
2022-06-14,0.0,-0.33,303.0,,21356,0,310.0,310.0,297.0
2022-06-13,0.0,-3.95,304.0,,15214,0,315.1,315.1,303.0
2022-06-10,0.0,0.16,316.5,,10122,0,311.1,318.0,311.0
2022-06-09,0.0,-1.25,316.0,,24390,0,320.0,330.0,313.6
2022-06-08,0.0,-0.96,320.0,,68657,0,316.7,324.0,290.8
2022-06-07,0.0,-9.97,323.1,,3809,0,351.8,351.8,323.1
2022-06-06,0.0,-9.99,358.9,,1710,0,390.8,390.8,358.9
2021-05-13,0.0,-0.62,484.0,,57201,0,511.0,511.0,477.0
2021-05-12,0.0,-0.2,487.0,,12580,0,488.0,493.0,484.0
2021-05-11,0.0,0.0,488.0,,8880,0,493.0,493.0,487.0
2021-05-10,0.0,-0.2,488.0,,7237,0,497.0,497.0,485.0
2021-05-09,0.0,0.41,489.0,,18987,0,500.0,500.0,480.0
2021-05-06,0.0,0.0,487.0,,14787,0,487.0,487.0,481.0
2021-05-05,0.0,-0.61,487.0,,15308,0,491.0,491.0,485.0
2021-05-04,0.0,-0.2,490.0,,9099,0,491.0,495.0,487.0
2021-05-03,0.0,-0.61,491.0,,15460,0,500.0,500.0,490.0
2021-05-02,0.0,0.41,494.0,,27905,0,500.0,500.0,487.0
2021-04-29,0.0,-0.2,492.0,,17480,0,494.0,494.0,489.0
2021-04-28,0.0,-0.4,493.0,,8446,0,510.0,510.0,491.0
2021-04-27,0.0,0.81,495.0,,18708,0,485.0,500.0,480.0
2021-04-26,0.0,-2.19,491.0,,20403,0,496.0,503.0,490.0
2021-04-25,0.0,-1.95,502.0,,21891,0,512.0,525.0,500.0
2021-04-22,0.0,-0.78,512.0,,16950,0,516.0,516.0,510.0
2021-04-21,0.0,-1.53,516.0,,7415,0,528.0,528.0,514.0
2021-04-20,0.0,1.55,524.0,,16148,0,508.0,532.0,506.0
2021-04-19,0.0,-3.01,516.0,,18023,0,532.0,532.0,516.0
2021-04-18,0.0,-1.85,532.0,,33426,0,560.0,560.0,532.0
2021-04-15,0.0,4.23,542.0,,44681,0,530.0,544.0,530.0
2021-04-13,0.0,2.97,520.0,,30096,0,501.0,520.0,500.0
2021-04-12,0.0,-0.2,505.0,,15384,0,506.0,507.0,502.0
2021-04-08,0.0,0.2,506.0,,14815,0,509.0,510.0,505.0
2021-04-07,0.0,0.4,505.0,,13853,0,503.0,507.0,503.0
2021-04-06,0.0,-0.4,503.0,,7816,0,505.0,505.0,500.0
2021-04-05,0.0,-0.78,506.0,,11609,0,510.0,510.0,505.0
2021-04-04,0.0,0.99,510.0,,22494,0,505.0,515.0,501.0
2021-04-01,0.0,1.0,505.0,,16113,0,506.0,506.0,503.0
2021-03-31,0.0,0.81,500.0,,22364,0,500.0,514.0,496.0
2021-03-30,0.0,0.2,496.0,,9997,0,500.0,503.0,495.0
2021-03-29,0.0,-0.6,495.0,,9701,0,500.0,502.0,495.0
2021-03-25,0.0,-0.4,498.0,,15595,0,503.0,510.0,498.0
2021-03-24,0.0,0.81,500.0,,12970,0,500.0,500.0,496.0
2021-03-23,0.0,-1.39,496.0,,14903,0,500.0,502.0,494.0
2021-03-22,0.0,-0.4,503.0,,18180,0,510.0,514.0,500.0
2021-03-21,0.0,0.2,505.0,,24201,0,510.0,521.0,503.0
2021-03-18,0.0,1.2,504.0,,10853,0,500.0,505.0,499.0
2021-03-17,0.0,0.2,498.0,,11352,0,500.0,500.0,495.0
2021-03-16,0.0,-0.4,497.0,,12078,0,508.0,508.0,490.0
2021-03-15,0.0,-1.58,499.0,,15052,0,503.0,506.0,498.0
2021-03-14,0.0,-3.43,507.0,,20552,0,522.0,525.0,503.0
2021-03-10,0.0,-0.57,525.0,,6638,0,525.0,527.0,523.0
2021-03-09,0.0,-0.19,528.0,,5515,0,530.0,530.0,523.0
2021-03-08,0.0,0.0,529.0,,8809,0,535.0,535.0,528.0
2021-03-04,0.0,1.15,529.0,,7344,0,533.0,533.0,523.0
2021-03-03,0.0,-2.06,523.0,,13506,0,544.0,544.0,517.0
2021-03-02,0.0,-1.11,534.0,,14528,0,544.0,544.0,530.0
2021-03-01,0.0,0.0,540.0,,10822,0,535.0,548.0,528.0
2021-02-28,0.0,-1.65,535.0,,16025,0,535.0,553.0,534.0
2021-02-25,0.0,0.0,544.0,,12663,0,580.0,580.0,544.0
2021-02-24,0.0,0.55,553.0,,11177,0,542.0,560.0,542.0
2021-02-23,0.0,-0.9,550.0,,19051,0,550.0,557.0,540.0
2021-02-22,0.0,-2.29,555.0,,19710,0,568.0,570.0,551.0
2021-02-21,0.0,0.0,568.0,,29266,0,570.0,573.0,561.0
2021-02-18,0.0,0.02,566.0,,62716,0,562.0,567.0,548.0
2021-02-17,0.0,0.0,553.0,,14946,0,555.0,560.0,551.0
2021-02-16,0.0,0.01,553.0,,28859,0,543.0,557.0,543.0
2021-02-15,0.0,0.01,549.0,,22159,0,550.0,554.0,542.0
2021-02-14,0.0,-0.02,546.0,,24965,0,555.0,562.0,540.0
2021-02-11,0.0,0.01,559.0,,23306,0,556.0,564.0,556.0
2021-02-10,0.0,0.0,555.0,,16175,0,550.0,555.0,547.0
2021-02-09,0.0,0.02,558.0,,24426,0,558.0,578.0,555.0
2021-02-08,0.0,0.03,548.0,,33917,0,540.0,548.0,526.0
2021-02-07,0.0,-0.01,530.0,,26936,0,538.0,538.0,528.0
2021-02-04,0.0,0.0,538.0,,15064,0,538.0,540.0,536.0
2021-02-03,0.0,0.0,539.0,,23468,0,538.0,544.0,538.0
2021-02-02,0.0,0.0,538.0,,24495,0,548.0,548.0,535.0
2021-02-01,0.0,0.01,538.0,,16753,0,545.0,550.0,538.0
2021-01-31,0.0,-0.02,535.0,,23942,0,541.0,541.0,525.0
2021-01-28,0.0,-0.02,548.0,,32300,0,550.0,554.0,540.0
2021-01-27,0.0,0.0,560.0,,26678,0,560.0,569.0,560.0
2021-01-26,0.0,0.0,560.0,,34260,0,560.0,569.0,559.0
2021-01-25,0.0,-0.01,561.0,,25523,0,571.0,571.0,560.0
2021-01-24,0.0,0.01,566.0,,19097,0,571.0,574.0,564.0
2021-01-21,0.0,0.0,563.0,,22917,0,591.0,591.0,561.0
2021-01-20,0.0,-0.01,563.0,,17808,0,567.0,570.0,561.0
2021-01-19,0.0,-0.01,567.0,,13474,0,583.0,583.0,566.0
2021-01-18,0.0,0.0,574.0,,32934,0,574.0,579.0,572.0
2021-01-17,0.0,0.0,574.0,,17837,0,578.0,580.0,570.0
2021-01-13,0.0,0.0,576.0,,9642,0,586.0,586.0,575.0
2021-01-12,0.0,0.0,575.0,,15549,0,601.0,601.0,573.0
2021-01-11,0.0,0.01,573.0,,14791,0,595.0,595.0,571.0
2021-01-10,0.0,0.01,567.0,,26156,0,565.0,570.0,561.0
2021-01-07,0.0,0.0,562.0,,17747,0,564.0,570.0,562.0
2021-01-06,0.0,-0.01,562.0,,4659,0,565.0,568.0,562.0
2021-01-05,0.0,-0.01,565.0,,8552,0,563.0,568.0,563.0
2021-01-04,0.0,0.0,573.0,,12567,0,586.0,586.0,568.0
2021-01-03,0.0,0.03,575.0,,17966,0,569.0,585.0,569.0
2020-12-31,0.0,0.02,558.0,,25243,0,554.0,570.0,546.0
2020-12-30,0.0,0.01,549.0,,8046,0,550.0,554.0,548.0
2020-12-29,0.0,-0.03,545.0,,21198,0,562.0,562.0,545.0
2020-12-28,0.0,0.01,639.0,,47210,0,625.0,641.0,625.0
2020-12-27,0.0,0.0,634.0,,14009,0,635.0,635.0,626.0
2020-12-24,0.0,-0.02,635.0,,12783,0,650.0,650.0,635.0
2020-12-23,0.0,0.01,650.0,,39136,0,655.0,665.0,648.0
2020-12-22,0.0,0.02,643.0,,36309,0,632.0,660.0,632.0
2020-12-21,0.0,0.02,629.0,,21790,0,608.0,629.0,585.0
2020-12-20,0.0,-0.03,618.0,,34132,0,645.0,645.0,614.0
2020-12-17,0.0,0.0,640.0,,21347,0,635.0,645.0,632.0
2020-12-16,0.0,-0.02,640.0,,32814,0,660.0,660.0,638.0
2020-12-15,0.0,-0.01,656.0,,22882,0,670.0,675.0,652.0
2020-12-14,0.0,0.0,663.0,,40876,0,665.0,678.0,656.0
2020-12-13,0.0,0.02,665.0,,20122,0,653.0,665.0,645.0
2020-12-10,0.0,0.01,653.0,,35861,0,644.0,655.0,637.0
2020-12-09,0.0,-0.02,648.0,,19082,0,660.0,660.0,640.0
2020-12-08,0.0,-0.01,660.0,,25799,0,677.0,679.0,657.0
2020-12-07,0.0,0.01,664.0,,36036,0,646.0,675.0,646.0
2020-12-06,0.0,-0.06,659.0,,59348,0,686.0,693.0,659.0
2020-12-03,0.0,-0.02,699.0,,135413,0,725.0,725.0,691.0
2020-12-02,0.0,-0.01,710.0,,41240,0,730.0,730.0,700.0
2020-12-01,0.0,-0.02,716.0,,61991,0,740.0,749.0,708.0
2020-11-30,0.0,0.07,728.0,,147226,0,712.0,746.0,711.0
2020-11-29,0.0,0.1,679.0,,90922,0,630.0,679.0,625.0
2020-11-26,0.0,0.04,619.0,,70481,0,605.0,625.0,603.0
2020-11-25,0.0,0.01,598.0,,25835,0,599.0,599.0,590.0
2020-11-24,0.0,-0.02,590.0,,11176,0,600.0,600.0,590.0
2020-11-23,0.0,0.0,599.0,,14290,0,595.0,603.0,593.0
2020-11-22,0.0,0.0,596.0,,16399,0,593.0,602.0,587.0
2020-11-19,0.0,0.0,598.0,,20880,0,579.0,598.0,579.0
2020-11-18,0.0,0.0,587.0,,29829,0,590.0,590.0,569.0
2020-11-12,0.0,0.0,599.0,,14523,0,588.0,605.0,585.0
2020-11-11,0.0,0.17,587.0,,12068,0,584.0,588.0,584.0
2020-11-10,0.0,0.51,586.0,,5460,0,581.0,590.0,581.0
2020-11-09,0.0,-0.51,583.0,,10187,0,583.0,588.0,583.0
2020-11-08,0.0,0.51,586.0,,25605,0,612.0,612.0,586.0
2020-11-05,0.0,-1.02,583.0,,7476,0,600.0,600.0,580.0
2020-11-04,0.0,-0.67,589.0,,8402,0,593.0,593.0,586.0
2020-11-03,0.0,-1.17,593.0,,5442,0,598.0,598.0,589.0
2020-11-02,0.0,-1.15,600.0,,10197,0,607.0,610.0,597.0
2020-11-01,0.0,-1.3,607.0,,16691,0,608.0,612.0,603.0
2020-10-29,0.0,0.16,615.0,,23007,0,625.0,625.0,612.0
2020-10-28,0.0,4.42,614.0,,32010,0,599.0,619.0,589.0
2020-10-22,0.0,1.2,588.0,,30263,0,584.0,592.0,583.0
2020-10-21,0.0,1.93,581.0,,13951,0,581.0,581.0,565.0
2020-10-20,0.0,1.6,570.0,,6409,0,568.0,570.0,560.0
2020-10-19,0.0,0.54,561.0,,4909,0,550.0,564.0,550.0
2020-10-18,0.0,-0.53,558.0,,4823,0,560.0,560.0,554.0
2020-10-15,0.0,0.9,561.0,,7973,0,558.0,562.0,555.0
2020-10-14,0.0,-0.18,556.0,,4031,0,552.0,561.0,552.0
2020-10-13,0.0,-0.89,557.0,,4106,0,560.0,560.0,556.0
2020-10-12,0.0,0.18,562.0,,8389,0,561.0,565.0,551.0
2020-10-11,0.0,-0.71,561.0,,5688,0,560.0,565.0,555.0
2020-10-08,0.0,-1.74,565.0,,20627,0,584.0,584.0,560.0
2020-10-07,0.0,-0.17,575.0,,8405,0,585.0,585.0,571.0
2020-10-06,0.0,0.7,576.0,,8972,0,572.0,576.0,569.0
2020-10-05,0.0,0.53,572.0,,9061,0,568.0,597.0,568.0
2020-10-04,0.0,0.71,569.0,,10092,0,572.0,572.0,565.0
2020-10-01,0.0,1.62,565.0,,6860,0,563.0,567.0,559.0
2020-09-30,0.0,-0.89,556.0,,4804,0,589.0,589.0,554.0
2020-09-29,0.0,-0.53,561.0,,1466,0,560.0,563.0,560.0
2020-09-28,0.0,-0.88,564.0,,1392,0,563.0,565.0,561.0
2020-09-27,0.0,0.53,569.0,,3608,0,570.0,572.0,562.0
2020-09-24,0.0,-0.18,566.0,,3009,0,570.0,570.0,562.0
2020-09-23,0.0,-0.18,567.0,,7495,0,565.0,567.0,557.0
2020-09-22,0.0,-0.87,568.0,,7034,0,601.0,601.0,565.0
2020-09-21,0.0,-0.35,573.0,,9745,0,603.0,603.0,570.0
2020-09-20,0.0,0.17,575.0,,6540,0,572.0,584.0,572.0
2020-09-17,0.0,1.59,574.0,,13415,0,560.0,582.0,560.0
2020-09-16,0.0,-0.18,565.0,,11962,0,570.0,570.0,560.0
2020-09-15,0.0,0.18,566.0,,7252,0,565.0,569.0,561.0
2020-09-14,0.0,3.1,565.0,,18223,0,558.0,566.0,552.0
2020-09-13,0.0,-0.9,548.0,,18059,0,554.0,554.0,540.0
2020-09-10,0.0,0.73,553.0,,4770,0,544.0,566.0,544.0
2020-09-09,0.0,-0.72,549.0,,4124,0,551.0,551.0,546.0
2020-09-08,0.0,-0.36,553.0,,2600,0,552.0,555.0,551.0
2020-09-07,0.0,-2.29,555.0,,5417,0,558.0,560.0,555.0
2020-09-06,0.0,0.53,568.0,,4803,0,570.0,572.0,557.0
2020-09-03,0.0,-1.22,565.0,,6510,0,573.0,574.0,561.0
2020-09-02,0.0,0.88,572.0,,12589,0,575.0,575.0,561.0
2020-08-31,0.0,0.35,567.0,,5448,0,558.0,569.0,558.0
2020-08-30,0.0,-0.53,565.0,,7404,0,568.0,574.0,557.0
2020-08-27,0.0,0.0,568.0,,12311,0,570.0,580.0,567.0
2020-08-26,0.0,2.53,568.0,,13756,0,550.0,577.0,550.0
2020-08-25,0.0,0.36,554.0,,7727,0,550.0,555.0,550.0
2020-08-24,0.0,0.73,552.0,,6273,0,550.0,555.0,548.0
2020-08-23,0.0,-0.36,548.0,,750,0,550.0,555.0,542.0
2020-08-20,0.0,2.04,550.0,,2122,0,539.0,560.0,539.0
2020-08-19,0.0,-2.0,539.0,,3381,0,542.0,547.0,539.0
2020-08-18,0.0,0.0,550.0,,5635,0,555.0,555.0,541.0
2020-08-17,0.0,1.48,550.0,,5739,0,550.0,550.0,534.0
2020-08-16,0.0,-1.81,542.0,,5152,0,550.0,550.0,539.0
2020-08-13,0.0,-1.78,552.0,,470,0,555.0,556.0,552.0
2020-08-12,0.0,0.9,562.0,,2751,0,556.0,568.0,550.0
2020-08-11,0.0,-0.54,557.0,,2950,0,571.0,571.0,551.0
2020-08-10,0.0,3.7,560.0,,6628,0,550.0,560.0,541.0
2020-08-09,0.0,-0.18,540.0,,4710,0,533.0,540.0,531.0
2020-08-06,0.0,-0.73,541.0,,7599,0,549.0,549.0,535.0
2020-08-05,0.0,-0.37,545.0,,5470,0,542.0,547.0,538.0
2020-08-03,0.0,0.0,547.0,,4777,0,555.0,556.0,541.0
2020-08-02,0.0,-3.19,547.0,,18707,0,561.0,561.0,544.0
2020-07-30,0.0,0.18,565.0,,9856,0,575.0,575.0,554.0
2020-07-29,0.0,-1.91,564.0,,11387,0,575.0,575.0,556.0
2020-07-28,0.0,-0.35,575.0,,5347,0,576.0,580.0,570.0
2020-07-27,0.0,0.87,577.0,,15634,0,583.0,585.0,574.0
2020-07-26,0.0,0.0,572.0,,14497,0,573.0,583.0,571.0
2020-07-23,0.0,-0.52,572.0,,8502,0,566.0,574.0,556.0
2020-07-22,0.0,-2.21,575.0,,6418,0,581.0,588.0,570.0
2020-07-21,0.0,-0.34,588.0,,11525,0,590.0,601.0,570.0
2020-07-20,0.0,3.69,590.0,,33673,0,597.0,625.0,582.0
2020-07-19,0.0,1.97,569.0,,10,0,569.0,569.0,569.0
2020-07-16,0.0,3.33,558.0,,12763,0,545.0,558.0,541.0
2020-07-15,0.0,5.47,540.0,,6269,0,518.0,540.0,518.0
2020-07-14,0.0,0.2,512.0,,7693,0,515.0,516.0,508.0
2020-07-13,0.0,0.2,511.0,,9047,0,520.0,520.0,507.0
2020-07-12,0.0,-1.16,510.0,,8352,0,525.0,525.0,508.0
2020-07-09,0.0,-0.96,516.0,,4929,0,515.0,520.0,511.0
2020-07-08,0.0,-1.7,521.0,,8052,0,521.0,530.0,510.0
2020-07-07,0.0,2.71,530.0,,12928,0,523.0,540.0,522.0
2020-07-06,0.0,0.19,516.0,,7073,0,515.0,523.0,510.0
2020-07-05,0.0,0.19,515.0,,4945,0,510.0,524.0,505.0
2020-07-02,0.0,-4.28,514.0,,2755,0,547.0,557.0,514.0
2020-07-01,0.0,9.82,537.0,,299,0,498.0,537.0,498.0
2020-06-30,0.0,7.95,489.0,,250,0,462.0,489.0,462.0
2020-06-29,0.0,-3.82,453.0,,3103,0,462.0,462.0,452.0
2020-05-13,0.0,-2.89,471.0,,150,0,476.0,476.0,471.0
2020-05-12,0.0,-3.0,485.0,,120,0,490.0,490.0,485.0
2020-03-22,0.0,-3.85,500.0,,1158,0,510.0,510.0,500.0
2020-03-19,0.0,1.76,520.0,,10473,0,502.0,530.0,485.0
2020-03-18,0.0,-2.67,511.0,,8513,0,525.0,525.0,505.0
2020-03-17,0.0,-4.2,525.0,,10908,0,545.0,545.0,525.0
2020-03-16,0.0,-0.18,548.0,,14743,0,549.0,556.0,529.0
2020-03-15,0.0,-5.99,549.0,,17378,0,575.0,575.0,549.0
2020-03-12,0.0,-2.01,584.0,,22879,0,606.0,606.0,580.0
2020-03-11,0.0,4.01,596.0,,16790,0,565.0,596.0,555.0
2020-03-10,0.0,-5.13,573.0,,18450,0,592.0,610.0,573.0
2020-03-05,0.0,-0.98,604.0,,16434,0,599.0,632.0,590.0
2020-03-04,0.0,-6.15,610.0,,26865,0,637.0,650.0,610.0
2020-03-03,0.0,-0.76,650.0,,33908,0,655.0,679.0,597.0
2020-03-02,0.0,-3.82,655.0,,18521,0,670.0,681.0,655.0
2020-03-01,0.0,-2.44,681.0,,54624,0,698.0,735.0,679.0
2020-02-27,0.0,9.92,698.0,,49030,0,623.0,698.0,611.0
2020-02-26,0.0,3.42,635.0,,36251,0,626.0,635.0,604.0
2020-02-25,0.0,0.66,614.0,,18759,0,598.0,619.0,596.0
2020-02-24,0.0,-0.81,610.0,,24042,0,615.0,627.0,600.0
2020-02-23,0.0,7.14,615.0,,18546,0,584.0,618.0,581.0
2020-02-20,0.0,-0.17,574.0,,20277,0,574.0,578.0,573.0
2020-02-19,0.0,1.05,575.0,,22689,0,558.0,579.0,558.0
2020-02-18,0.0,0.89,569.0,,26483,0,570.0,580.0,562.0
2020-02-17,0.0,7.43,564.0,,15454,0,535.0,566.0,528.0
2020-02-16,0.0,-0.57,525.0,,14978,0,523.0,534.0,520.0
2020-02-13,0.0,-0.75,528.0,,3060,0,542.0,542.0,528.0
2020-02-12,0.0,0.76,532.0,,5421,0,524.0,532.0,524.0
2020-02-11,0.0,1.54,528.0,,2199,0,524.0,530.0,520.0
2020-02-10,0.0,-0.38,520.0,,1480,0,522.0,525.0,514.0
2020-02-09,0.0,-1.32,522.0,,5785,0,527.0,527.0,520.0
2020-02-06,0.0,-0.56,529.0,,7952,0,532.0,532.0,525.0
2020-02-05,0.0,3.3,532.0,,22691,0,525.0,540.0,520.0
2020-02-04,0.0,-1.34,515.0,,4350,0,520.0,520.0,515.0
2020-02-03,0.0,0.0,522.0,,3205,0,526.0,526.0,516.0
2020-02-02,0.0,2.55,522.0,,6991,0,515.0,522.0,512.0
2020-01-30,0.0,1.2,504.0,,3748,0,500.0,510.0,500.0
2020-01-29,0.0,-2.35,498.0,,4433,0,520.0,520.0,498.0
2020-01-28,0.0,-0.78,510.0,,10252,0,510.0,517.0,506.0
2020-01-27,0.0,0.07,514.0,,1954,0,511.0,521.0,510.0
2020-01-26,0.0,-0.18,566.0,,26289,0,576.0,576.0,555.0
2020-01-23,0.0,-1.9,567.0,,9205,0,567.0,570.0,555.0
2020-01-22,0.0,-0.17,578.0,,13040,0,585.0,585.0,571.0
2020-01-21,0.0,2.3,579.0,,22733,0,566.0,595.0,564.0
2020-01-20,0.0,-2.6,561.0,,8848,0,586.0,590.0,561.0
2020-01-19,0.0,-0.52,576.0,,12859,0,579.0,586.0,564.0
2020-01-16,0.0,0.7,579.0,,29406,0,580.0,590.0,569.0
2020-01-15,0.0,2.31,575.0,,11898,0,555.0,580.0,555.0
2020-01-14,0.0,-1.23,562.0,,9347,0,560.0,568.0,560.0
2020-01-13,0.0,2.34,569.0,,16939,0,567.0,578.0,557.0
2020-01-12,0.0,2.21,556.0,,10909,0,549.0,557.0,545.0
2020-01-09,0.0,0.55,544.0,,7882,0,550.0,551.0,538.0
2020-01-08,0.0,0.19,541.0,,8376,0,540.0,548.0,533.0
2020-01-07,0.0,2.27,540.0,,16947,0,530.0,546.0,530.0
2020-01-06,0.0,4.76,528.0,,15044,0,510.0,528.0,510.0
2020-01-05,0.0,0.6,504.0,,5933,0,503.0,515.0,500.0
2020-01-02,0.0,-1.57,501.0,,8539,0,509.0,509.0,501.0
2020-01-01,0.0,0.39,509.0,,2523,0,503.0,509.0,503.0
2019-12-31,0.0,0.0,507.0,,2227,0,510.0,510.0,504.0
2019-12-30,0.0,0.4,507.0,,6598,0,502.0,507.0,501.0
2019-12-29,0.0,-0.2,505.0,,4431,0,506.0,510.0,504.0
2019-12-26,0.0,-1.75,506.0,,11829,0,515.0,515.0,506.0
2019-12-25,0.0,3.41,515.0,,14143,0,507.0,525.0,505.0
2019-12-24,0.0,1.43,498.0,,3789,0,500.0,500.0,495.0
2019-12-23,0.0,-1.6,491.0,,2129,0,501.0,501.0,491.0
2019-12-22,0.0,1.63,499.0,,1730,0,493.0,499.0,493.0
2019-12-19,0.0,0.0,491.0,,376,0,493.0,498.0,491.0
2019-12-18,0.0,-1.8,491.0,,3330,0,492.0,496.0,490.0
2019-12-17,0.0,0.2,500.0,,589,0,496.0,505.0,496.0
2019-12-16,0.0,-0.8,499.0,,6925,0,505.0,507.0,499.0
2019-12-15,0.0,-0.2,503.0,,574,0,510.0,510.0,503.0
2019-12-12,0.0,0.6,504.0,,1212,0,504.0,505.0,500.0
2019-12-11,0.0,0.6,501.0,,1712,0,499.0,505.0,497.0
2019-12-10,0.0,1.22,498.0,,3454,0,491.0,498.0,491.0
2019-12-09,0.0,1.44,492.0,,135,0,487.0,494.0,487.0
2019-12-08,0.0,-1.02,485.0,,767,0,490.0,490.0,484.0
2019-12-05,0.0,-0.81,490.0,,1058,0,494.0,499.0,486.0
2019-12-04,0.0,1.86,494.0,,565,0,479.0,494.0,479.0
2019-12-03,0.0,1.25,485.0,,3637,0,479.0,485.0,477.0
2019-12-02,0.0,0.21,479.0,,4228,0,478.0,488.0,478.0
2019-12-01,0.0,0.0,478.0,,1242,0,478.0,489.0,478.0
2019-11-28,0.0,0.84,478.0,,2677,0,479.0,480.0,474.0
2019-11-27,0.0,0.85,474.0,,3335,0,479.0,479.0,474.0
2019-11-26,0.0,0.21,470.0,,1469,0,471.0,475.0,470.0
2019-11-25,0.0,-0.42,469.0,,1310,0,471.0,471.0,467.0
2019-11-24,0.0,-1.05,471.0,,2981,0,477.0,477.0,470.0
2019-11-21,0.0,-2.86,476.0,,127,0,481.0,481.0,476.0
2019-11-20,0.0,0.82,490.0,,2180,0,486.0,494.0,482.0
2019-11-19,0.0,1.25,486.0,,299,0,478.0,486.0,478.0
2019-11-18,0.0,0.0,480.0,,929,0,480.0,485.0,478.0
2019-11-17,0.0,-0.83,480.0,,806,0,484.0,485.0,480.0
2019-11-14,0.0,-1.22,484.0,,3179,0,490.0,495.0,484.0
2019-11-13,0.0,1.24,490.0,,1635,0,480.0,490.0,475.0
2019-11-12,0.0,-0.62,484.0,,1666,0,496.0,496.0,479.0
2019-11-11,0.0,1.46,487.0,,4799,0,485.0,487.0,484.0
2019-11-10,0.0,0.0,480.0,,3296,0,480.0,482.0,480.0
2019-11-07,0.0,-1.03,480.0,,3259,0,485.0,485.0,478.0
2019-11-06,0.0,-1.42,485.0,,6073,0,492.0,492.0,485.0
2019-11-05,0.0,-0.4,492.0,,11102,0,491.0,497.0,491.0
2019-11-04,0.0,-0.4,494.0,,2316,0,494.0,494.0,489.0
2019-11-03,0.0,-1.59,496.0,,2422,0,495.0,496.0,495.0
2019-10-31,0.0,-0.59,504.0,,1800,0,507.0,507.0,497.0
2019-10-24,0.0,0.4,507.0,,1920,0,509.0,509.0,505.0
2019-10-23,0.0,2.23,505.0,,1508,0,501.0,505.0,500.0
2019-10-22,0.0,0.82,494.0,,3572,0,490.0,494.0,490.0
2019-10-21,0.0,-2.0,490.0,,3366,0,500.0,501.0,483.0
2019-10-20,0.0,-0.4,500.0,,899,0,496.0,500.0,495.0
2019-10-17,0.0,1.83,502.0,,380,0,500.0,502.0,500.0
2019-10-16,0.0,0.0,493.0,,2052,0,495.0,495.0,492.0
2019-10-15,0.0,0.0,493.0,,8135,0,492.0,495.0,492.0
2019-10-14,0.0,-2.57,493.0,,1254,0,501.0,501.0,493.0
2019-10-03,0.0,1.61,506.0,,310,0,504.0,506.0,504.0
2019-10-02,0.0,-0.4,498.0,,2631,0,500.0,510.0,498.0
2019-10-01,0.0,4.17,500.0,,913,0,486.0,500.0,485.0
2019-09-30,0.0,-0.21,480.0,,30,0,479.0,480.0,479.0
2019-09-29,0.0,-1.23,481.0,,2149,0,487.0,490.0,481.0
2019-09-26,0.0,-0.61,487.0,,2114,0,489.0,490.0,485.0
2019-09-24,0.0,-1.2,494.0,,1061,0,499.0,499.0,494.0
2019-09-23,0.0,0.4,500.0,,717,0,502.0,507.0,498.0
2019-09-22,0.0,-1.78,498.0,,1447,0,507.0,507.0,495.0
2019-09-19,0.0,-1.55,507.0,,1946,0,514.0,515.0,505.0
2019-09-18,0.0,3.0,515.0,,4747,0,510.0,520.0,505.0
2019-09-17,0.0,0.81,500.0,,3180,0,499.0,510.0,499.0
2019-09-16,0.0,-2.17,496.0,,3121,0,507.0,507.0,495.0
2019-09-15,0.0,-2.12,507.0,,1900,0,518.0,518.0,507.0
2019-09-12,0.0,-0.38,518.0,,438,0,517.0,527.0,517.0
2019-09-11,0.0,-1.14,520.0,,3014,0,526.0,526.0,520.0
2019-09-10,0.0,0.0,526.0,,4981,0,525.0,527.0,525.0
2019-09-09,0.0,-0.75,526.0,,1906,0,530.0,535.0,526.0
2019-09-08,0.0,-0.93,530.0,,2138,0,525.0,530.0,524.0
2019-09-05,0.0,-0.74,535.0,,830,0,537.0,540.0,535.0
2019-09-04,0.0,3.06,539.0,,1774,0,524.0,539.0,520.0
2019-09-03,0.0,0.19,523.0,,3846,0,512.0,524.0,510.0
2019-09-02,0.0,-2.61,522.0,,2132,0,530.0,530.0,522.0
2019-09-01,0.0,-1.11,536.0,,3942,0,533.0,539.0,532.0
2019-08-29,0.0,-0.91,542.0,,775,0,540.0,548.0,540.0
2019-08-28,0.0,-0.91,547.0,,2436,0,553.0,553.0,547.0
2019-08-27,0.0,0.36,552.0,,1233,0,545.0,555.0,545.0
2019-08-26,0.0,-0.9,550.0,,4732,0,545.0,551.0,545.0
2019-08-25,0.0,-0.89,555.0,,1935,0,555.0,555.0,540.0
2019-08-22,0.0,0.54,560.0,,5862,0,557.0,561.0,555.0
2019-08-21,0.0,0.36,557.0,,3492,0,554.0,563.0,551.0
2019-08-20,0.0,1.09,555.0,,1051,0,545.0,555.0,545.0
2019-08-19,0.0,0.18,549.0,,5231,0,555.0,557.0,548.0
2019-08-18,0.0,1.48,548.0,,3010,0,540.0,549.0,538.0
2019-08-15,0.0,-0.92,540.0,,838,0,545.0,555.0,540.0
2019-08-14,0.0,-1.62,545.0,,3549,0,546.0,550.0,544.0
2019-08-13,0.0,1.47,554.0,,1463,0,545.0,554.0,540.0
2019-08-12,0.0,-0.18,546.0,,2823,0,543.0,555.0,543.0
2019-08-11,0.0,-0.18,547.0,,8287,0,543.0,549.0,543.0
2019-08-08,0.0,-1.79,548.0,,5956,0,554.0,554.0,548.0
2019-08-07,0.0,1.82,558.0,,1212,0,543.0,558.0,543.0
2019-08-06,0.0,0.0,548.0,,8894,0,549.0,550.0,545.0
2019-08-05,0.0,0.0,548.0,,800,0,548.0,548.0,545.0
2019-08-04,0.0,0.55,548.0,,1414,0,540.0,548.0,540.0
2019-08-01,0.0,-1.62,545.0,,1636,0,550.0,550.0,543.0
2019-07-31,0.0,1.28,554.0,,1432,0,547.0,554.0,547.0
2019-07-30,0.0,-0.55,547.0,,750,0,550.0,552.0,547.0
2019-07-29,0.0,0.73,550.0,,2313,0,546.0,551.0,546.0
2019-07-28,0.0,-2.5,546.0,,1529,0,550.0,554.0,545.0
2019-07-25,0.0,0.0,560.0,,4106,0,555.0,560.0,555.0
2019-07-24,0.0,0.0,560.0,,3096,0,560.0,568.0,560.0
2019-07-23,0.0,-0.36,560.0,,72,0,562.0,562.0,555.0
2019-07-22,0.0,-0.71,562.0,,6930,0,560.0,564.0,555.0
2019-07-21,0.0,1.25,566.0,,2504,0,555.0,566.0,550.0
2019-07-18,0.0,-1.24,559.0,,1540,0,566.0,567.0,559.0
2019-07-17,0.0,2.54,566.0,,3540,0,552.0,566.0,552.0
2019-07-16,0.0,0.91,552.0,,669,0,574.0,574.0,543.0
2019-07-15,0.0,0.92,547.0,,3459,0,547.0,547.0,537.0
2019-07-14,0.0,0.18,542.0,,254,0,534.0,542.0,534.0
2019-07-11,0.0,1.12,541.0,,1266,0,539.0,543.0,537.0
2019-07-10,0.0,0.56,535.0,,1600,0,534.0,542.0,534.0
2019-07-09,0.0,-0.37,532.0,,2165,0,534.0,540.0,530.0
2019-07-08,0.0,-2.02,534.0,,2779,0,540.0,543.0,534.0
2019-07-07,0.0,-1.98,545.0,,3163,0,550.0,551.0,545.0
2019-07-04,0.0,-0.71,556.0,,903,0,560.0,565.0,556.0
2019-07-03,0.0,1.27,560.0,,1244,0,549.0,560.0,548.0
2019-07-02,0.0,0.55,553.0,,2308,0,541.0,555.0,540.0
2019-07-01,0.0,0.36,550.0,,715,0,548.0,550.0,548.0
2019-06-30,0.0,-0.9,548.0,,1398,0,553.0,553.0,548.0
2019-06-27,0.0,0.18,553.0,,13015,0,556.0,557.0,552.0
2019-06-26,0.0,-1.43,552.0,,5610,0,555.0,559.0,552.0
2019-06-25,0.0,0.9,560.0,,5107,0,553.0,560.0,552.0
2019-06-24,0.0,0.0,555.0,,801,0,556.0,556.0,555.0
2019-06-23,0.0,-0.36,555.0,,2225,0,557.0,560.0,555.0
2019-06-20,0.0,0.36,557.0,,6113,0,557.0,562.0,540.0
2019-06-19,0.0,-0.89,555.0,,1990,0,555.0,555.0,552.0
2019-06-18,0.0,0.36,560.0,,3433,0,569.0,569.0,556.0
2019-06-17,0.0,0.36,558.0,,3605,0,556.0,560.0,555.0
2019-06-16,0.0,-0.71,556.0,,3945,0,556.0,557.0,555.0
2019-06-13,0.0,0.0,560.0,,800,0,555.0,560.0,549.0
2019-06-12,0.0,-1.75,560.0,,2018,0,565.0,565.0,556.0
2019-06-11,0.0,0.88,570.0,,1587,0,576.0,576.0,566.0
2019-06-10,0.0,0.0,565.0,,1063,0,565.0,565.0,556.0
2019-06-06,0.0,-0.7,565.0,,18242,0,558.0,575.0,565.0
2019-06-04,0.0,-0.7,569.0,,5041,0,575.0,580.0,566.0
2019-06-03,0.0,-0.35,573.0,,1936,0,575.0,578.0,566.0
2019-06-02,0.0,-1.88,575.0,,5405,0,583.0,583.0,575.0
2019-05-30,0.0,-0.68,586.0,,21329,0,607.0,607.0,586.0
2019-05-29,0.0,2.43,590.0,,16084,0,578.0,591.0,578.0
2019-05-28,0.0,-1.2,576.0,,2486,0,576.0,577.0,575.0
2019-05-27,0.0,0.52,583.0,,3499,0,571.0,585.0,569.0
2019-05-26,0.0,-2.03,580.0,,5388,0,590.0,590.0,580.0
2019-05-23,0.0,0.34,592.0,,3740,0,600.0,601.0,591.0
2019-05-22,0.0,-0.84,590.0,,4813,0,605.0,605.0,590.0
2019-05-21,0.0,-0.83,595.0,,2975,0,590.0,608.0,590.0
2019-05-20,0.0,-1.64,600.0,,8212,0,615.0,615.0,591.0
2019-05-19,0.0,-0.33,610.0,,19659,0,612.0,624.0,610.0
2019-05-16,0.0,-0.49,612.0,,12179,0,621.0,623.0,612.0
2019-05-15,0.0,4.77,615.0,,52761,0,589.0,644.0,589.0
2019-05-14,0.0,-0.17,587.0,,2302,0,580.0,591.0,580.0
2019-05-13,0.0,-0.17,588.0,,5847,0,583.0,590.0,583.0
2019-05-12,0.0,1.9,589.0,,10878,0,575.0,590.0,572.0
2019-05-09,0.0,-1.2,578.0,,5208,0,580.0,586.0,578.0
2019-05-08,0.0,-0.51,585.0,,5439,0,577.0,587.0,577.0
2019-05-07,0.0,-0.34,588.0,,7373,0,591.0,593.0,585.0
2019-05-06,0.0,0.34,590.0,,9123,0,578.0,592.0,577.0
2019-05-05,0.0,-1.18,588.0,,14843,0,584.0,596.0,584.0
2019-05-02,0.0,2.41,595.0,,10775,0,576.0,595.0,576.0
2019-04-30,0.0,-0.51,581.0,,16277,0,590.0,590.0,580.0
2019-04-29,0.0,3.36,584.0,,23268,0,564.0,592.0,554.0
2019-04-28,0.0,-0.88,565.0,,6338,0,575.0,580.0,564.0
2019-04-25,0.0,0.18,570.0,,8861,0,568.0,580.0,559.0
2019-04-24,0.0,1.24,569.0,,9467,0,562.0,573.0,561.0
2019-04-23,0.0,0.36,562.0,,9409,0,564.0,565.0,550.0
2019-04-22,0.0,-3.45,560.0,,15117,0,581.0,581.0,546.0
2019-04-21,0.0,9.02,580.0,,19425,0,530.0,581.0,515.0
2019-04-18,0.0,4.31,532.0,,10924,0,505.0,534.0,505.0
2019-04-17,0.0,0.0,510.0,,4090,0,510.0,520.0,510.0
2019-04-16,0.0,3.03,510.0,,13526,0,499.0,512.0,491.0
2019-04-15,0.0,1.02,495.0,,2386,0,491.0,496.0,488.0
2019-04-11,0.0,2.08,490.0,,3593,0,480.0,491.0,480.0
2019-04-10,0.0,-1.64,480.0,,4146,0,490.0,493.0,480.0
2019-04-09,0.0,-0.41,488.0,,11599,0,490.0,500.0,481.0
2019-04-08,0.0,1.45,490.0,,9737,0,483.0,500.0,483.0
2019-04-07,0.0,1.68,483.0,,7566,0,475.0,483.0,473.0
2019-04-04,0.0,0.64,475.0,,4395,0,467.0,477.0,464.0
2019-04-03,0.0,0.43,472.0,,5982,0,471.0,479.0,467.0
2019-04-02,0.0,2.62,470.0,,3156,0,458.0,471.0,458.0
2019-04-01,0.0,0.0,458.0,,1716,0,458.0,462.0,458.0
2019-03-31,0.0,-0.43,458.0,,5187,0,460.0,461.0,451.0
2019-03-28,0.0,1.1,460.0,,1683,0,453.0,465.0,453.0
2019-03-27,0.0,-1.3,455.0,,1452,0,461.0,460.0,455.0
2019-03-26,0.0,0.44,461.0,,2948,0,459.0,464.0,450.0
2019-03-25,0.0,-0.22,459.0,,999,0,455.0,464.0,453.0
2019-03-24,0.0,-0.43,460.0,,904,0,456.0,461.0,456.0
2019-03-21,0.0,-0.65,462.0,,2333,0,471.0,471.0,454.0
2019-03-19,0.0,-1.06,465.0,,2489,0,479.0,479.0,465.0
2019-03-18,0.0,-0.84,470.0,,6508,0,480.0,480.0,470.0
2019-03-17,0.0,1.28,474.0,,7321,0,476.0,482.0,468.0
2019-03-14,0.0,1.52,468.0,,3540,0,460.0,470.0,460.0
2019-03-13,0.0,0.22,453.0,,2847,0,460.0,469.0,450.0
2019-03-12,0.0,1.83,445.0,,3101,0,440.0,456.0,437.0
2019-03-11,0.0,1.39,437.0,,1102,0,432.0,443.0,431.0
2019-03-10,0.0,-0.46,431.0,,358,0,430.0,433.0,430.0
2019-03-09,0.0,-0.46,431.0,,358,0,430.0,433.0,430.0
2019-03-07,0.0,1.41,433.0,,4304,0,429.0,434.0,427.0
2019-03-06,0.0,-0.23,427.0,,1113,0,423.0,428.0,423.0
2019-03-05,0.0,0.71,428.0,,2262,0,422.0,428.0,422.0
2019-03-03,0.0,-1.62,425.0,,3796,0,430.0,432.0,425.0
2019-02-27,0.0,0.93,432.0,,1784,0,428.0,432.0,426.0
2019-02-26,0.0,-0.47,428.0,,195,0,430.0,430.0,428.0
2019-02-25,0.0,0.0,430.0,,930,0,430.0,430.0,428.0
2019-02-24,0.0,-1.15,430.0,,1119,0,435.0,438.0,428.0
2019-02-21,0.0,0.93,435.0,,1280,0,425.0,435.0,425.0
2019-02-20,0.0,-1.15,431.0,,786,0,433.0,436.0,427.0
2019-02-19,0.0,1.87,436.0,,1108,0,429.0,436.0,428.0
2019-02-18,0.0,-0.47,428.0,,1600,0,430.0,431.0,427.0
2019-02-17,0.0,1.18,430.0,,6632,0,446.0,462.0,424.0
2019-02-14,0.0,0.47,425.0,,2721,0,420.0,425.0,418.0
2019-02-13,0.0,-0.7,423.0,,663,0,430.0,430.0,423.0
2019-02-12,0.0,-0.93,426.0,,884,0,438.0,438.0,425.0
2019-02-11,0.0,0.0,430.0,,782,0,430.0,430.0,425.0
2019-02-10,0.0,-0.23,430.0,,425,0,425.0,431.0,425.0
2019-02-07,0.0,0.0,431.0,,454,0,435.0,435.0,430.0
2019-02-06,0.0,-1.15,431.0,,5344,0,436.0,436.0,429.0
2019-02-05,0.0,-1.36,436.0,,1540,0,442.0,443.0,436.0
2019-02-04,0.0,-0.23,442.0,,1105,0,438.0,443.0,438.0
2019-02-03,0.0,-1.12,443.0,,813,0,447.0,448.0,438.0
2019-01-31,0.0,1.13,448.0,,1716,0,443.0,450.0,443.0
2019-01-30,0.0,0.0,443.0,,306,0,443.0,443.0,443.0
2019-01-29,0.0,-0.89,443.0,,5134,0,447.0,447.0,442.0
2019-01-28,0.0,-0.67,447.0,,1975,0,450.0,450.0,443.0
2019-01-27,0.0,-0.44,450.0,,358,0,452.0,452.0,447.0
2019-01-24,0.0,0.22,452.0,,478,0,451.0,452.0,450.0
2019-01-23,0.0,0.45,451.0,,1657,0,449.0,452.0,449.0
2019-01-22,0.0,0.0,449.0,,2053,0,449.0,455.0,447.0
2019-01-21,0.0,0.22,449.0,,879,0,448.0,450.0,449.0
2019-01-20,0.0,-1.54,448.0,,335,0,455.0,455.0,448.0
2019-01-17,0.0,-1.3,455.0,,1001,0,461.0,464.0,455.0
2019-01-16,0.0,0.22,461.0,,325,0,460.0,468.0,460.0
2019-01-15,0.0,0.88,460.0,,1754,0,456.0,465.0,450.0
2019-01-14,0.0,-0.44,456.0,,513,0,458.0,458.0,449.0
2019-01-13,0.0,-0.43,458.0,,760,0,460.0,460.0,458.0
2019-01-10,0.0,0.0,460.0,,957,0,460.0,460.0,458.0
2019-01-09,0.0,0.44,460.0,,1090,0,458.0,464.0,455.0
2019-01-08,0.0,0.0,458.0,,2671,0,458.0,467.0,458.0
2019-01-07,0.0,-2.97,458.0,,2585,0,472.0,472.0,458.0
2019-01-06,0.0,-0.42,472.0,,784,0,474.0,474.0,470.0
2019-01-03,0.0,-0.21,474.0,,1975,0,475.0,475.0,473.0
2019-01-02,0.0,0.0,475.0,,1280,0,475.0,480.0,475.0
2019-01-01,0.0,-0.84,475.0,,1610,0,479.0,482.0,473.0
2018-12-31,0.0,-6.81,479.0,,1926,0,489.52,514.0,476.0
2018-12-30,0.0,-1.15,514.0,,6168,0,520.0,528.0,514.0
2018-12-27,0.0,0.78,520.0,,1670,0,516.0,525.0,516.0
2018-12-26,0.0,2.79,516.0,,535,0,502.0,518.0,502.0
2018-12-25,0.0,-0.79,502.0,,3571,0,506.0,506.0,500.0
2018-12-24,0.0,0.6,506.0,,1022,0,503.0,508.0,502.0
2018-12-23,0.0,1.62,503.0,,2473,0,495.0,503.0,495.0
2018-12-20,0.0,1.02,495.0,,1867,0,490.0,495.0,485.0
2018-12-19,0.0,-6.84,490.0,,6806,0,526.0,526.0,485.0
2018-12-18,0.0,0.0,526.0,,2950,0,526.0,530.0,526.0
2018-12-17,0.0,-0.38,526.0,,933,0,528.0,537.0,526.0
2018-12-16,0.0,4.35,528.0,,516,0,506.0,529.0,506.0
2018-12-13,0.0,-0.98,506.0,,955,0,511.0,515.0,506.0
2018-12-12,0.0,1.39,511.0,,774,0,504.0,511.0,504.0
2018-12-11,0.0,1.0,504.0,,1176,0,499.0,506.0,499.0
2018-12-10,0.0,3.96,499.0,,791,0,480.0,499.0,475.0
2018-12-09,0.0,0.63,480.0,,976,0,477.0,481.0,477.0
2018-12-06,0.0,-0.42,477.0,,1308,0,479.0,485.0,477.0
2018-12-04,0.0,-0.62,483.0,,3302,0,486.0,491.0,483.0
2018-12-03,0.0,-0.82,486.0,,5300,0,490.0,500.0,486.0
2018-12-02,0.0,-2.0,490.0,,8693,0,500.0,500.0,488.0
2018-11-29,0.0,-1.96,500.0,,2341,0,510.0,510.0,500.0
2018-11-28,0.0,0.99,510.0,,4234,0,505.0,510.0,502.0
2018-11-27,0.0,0.0,505.0,,1475,0,505.0,510.0,505.0
2018-11-26,0.0,-0.92,505.0,,1477,0,509.69,509.69,502.0
2018-11-25,0.0,-0.58,510.0,,680,0,513.0,513.0,508.0
2018-11-22,0.0,-1.35,513.0,,930,0,520.0,520.0,513.0
2018-11-21,0.0,-0.38,520.0,,2177,0,522.0,522.0,512.0
2018-11-20,0.0,-0.57,522.0,,1087,0,525.0,527.0,521.0
2018-11-19,0.0,-1.13,525.0,,552,0,531.0,531.0,525.0
2018-11-18,0.0,-0.75,531.0,,922,0,535.0,536.0,530.0
2018-11-15,0.0,0.94,535.0,,975,0,530.0,535.0,530.0
2018-11-14,0.0,0.38,530.0,,1011,0,528.0,530.0,525.0
2018-11-05,0.0,0.56,535.0,,1681,0,535.0,545.0,534.0
2018-11-04,0.0,-3.1,532.0,,2110,0,545.0,545.0,532.0
2018-11-01,0.0,2.43,549.0,,1032,0,540.0,550.0,540.0
2018-10-31,0.0,-1.11,536.0,,820,0,552.0,552.0,536.0
2018-10-30,0.0,0.0,542.0,,2537,0,540.0,542.0,538.0
2018-10-29,0.0,-0.55,543.0,,1205,0,540.0,545.0,540.0
2018-10-28,0.0,-1.09,545.0,,2775,0,552.0,552.0,545.0
2018-10-25,0.0,-2.65,553.0,,1689,0,558.0,558.0,550.0
2018-10-24,0.0,2.91,560.0,,1610,0,552.0,566.0,551.0
2018-10-23,0.0,0.0,550.0,,859,0,551.0,551.0,543.0
2018-10-22,0.0,-0.36,550.0,,1085,0,550.0,550.0,542.0
2018-10-21,0.0,0.36,552.0,,1797,0,555.0,560.0,552.0
2018-10-15,0.0,1.85,550.0,,1461,0,544.0,550.0,544.0
2018-10-14,0.0,2.27,540.0,,362,0,533.0,543.0,533.0
2018-10-11,0.0,0.0,528.0,,2006,0,526.0,538.0,526.0
2018-10-10,0.0,0.38,528.0,,2039,0,528.0,528.0,524.0
2018-10-09,0.0,-0.19,526.0,,3083,0,525.0,530.0,525.0
2018-10-08,0.0,-0.57,528.0,,6920,0,535.0,540.0,527.0
2018-10-07,0.0,-1.85,530.0,,6654,0,549.0,549.0,530.0
2018-10-04,0.0,0.93,540.0,,2710,0,533.0,546.0,533.0
2018-10-03,0.0,-0.93,538.0,,2450,0,540.0,542.0,535.0
2018-10-02,0.0,-0.92,540.0,,2746,0,545.0,555.0,540.0
2018-10-01,0.0,-2.5,545.0,,2660,0,560.0,560.0,545.0
2018-09-30,0.0,0.18,559.0,,801,0,560.0,560.0,550.0
2018-09-27,0.0,-1.24,558.0,,1453,0,569.0,569.0,550.0
2018-09-26,0.0,0.0,565.0,,2082,0,565.0,570.0,558.0
2018-09-25,0.0,0.89,565.0,,2335,0,562.0,571.0,562.0
2018-09-23,0.0,0.0,560.0,,130,0,560.0,567.0,560.0
2018-09-20,0.0,-0.71,560.0,,3036,0,561.0,565.0,554.0
2018-09-18,0.0,-0.35,560.0,,9873,0,566.0,570.0,560.0
2018-09-17,0.0,-0.18,566.0,,1633,0,564.0,567.0,564.0
2018-09-16,0.0,0.71,568.0,,5087,0,563.0,574.0,563.0
2018-09-13,0.0,2.36,563.0,,1010,0,550.0,563.0,550.0
2018-09-12,0.0,0.92,550.0,,1846,0,545.0,551.0,545.0
2018-09-11,0.0,0.37,545.0,,358,0,536.0,546.0,536.0
2018-09-10,0.0,-1.63,544.0,,1216,0,548.0,549.0,543.0
2018-09-09,0.0,-2.3,552.0,,872,0,565.0,565.0,550.0
2018-09-06,0.0,0.0,565.0,,4240,0,565.0,577.0,559.0
2018-09-05,0.0,3.86,565.0,,3342,0,540.0,566.0,540.0
2018-09-04,0.0,0.0,544.0,,1496,0,545.0,550.0,544.0
2018-09-03,0.0,1.49,544.0,,3323,0,531.0,550.0,531.0
2018-09-02,0.0,0.56,536.0,,1397,0,525.0,536.0,525.0
2018-08-30,0.0,0.57,533.0,,771,0,535.0,535.0,530.0
2018-08-29,0.0,-0.56,532.0,,3403,0,538.0,538.0,530.0
2018-08-28,0.0,0.0,535.0,,1661,0,540.0,540.0,533.0
2018-08-26,0.0,0.19,533.0,,1509,0,535.0,535.0,532.0
2018-08-23,0.0,-1.48,532.0,,3259,0,532.0,535.0,530.0
2018-08-22,0.0,-1.64,540.0,,1049,0,545.0,545.0,536.0
2018-08-21,0.0,-0.18,549.0,,2684,0,550.0,550.0,540.0
2018-08-20,0.0,-0.18,550.0,,264,0,550.0,553.0,550.0
2018-08-19,0.0,-4.17,551.0,,1487,0,567.0,570.0,549.0
2018-08-16,0.0,-0.17,575.0,,2812,0,576.0,578.0,565.0
2018-08-15,0.0,3.78,576.0,,2652,0,555.0,576.0,555.0
2018-08-14,0.0,0.0,555.0,,190,0,557.0,563.0,555.0
2018-08-13,0.0,0.0,555.0,,1149,0,550.0,555.0,550.0
2018-08-12,0.0,-0.89,555.0,,1502,0,560.0,560.0,555.0
2018-08-09,0.0,0.18,560.0,,620,0,560.0,560.0,555.0
2018-08-08,0.0,0.9,559.0,,988,0,555.0,559.0,554.0
2018-08-07,0.0,-0.18,555.0,,1700,0,555.0,560.0,554.0
2018-08-06,0.0,0.73,556.0,,265,0,551.0,556.0,551.0
2018-08-05,0.0,-1.08,552.0,,2008,0,560.0,560.0,550.0
2018-08-02,0.0,-0.89,557.0,,532,0,562.0,562.0,557.0
2018-08-01,0.0,1.26,560.0,,1200,0,556.0,562.0,556.0
2018-07-31,0.0,-2.12,555.0,,1710,0,556.0,557.0,550.0
2018-07-30,0.0,1.8,567.0,,756,0,557.0,567.0,553.0
2018-07-29,0.0,0.36,557.0,,1072,0,550.0,571.0,550.0
2018-07-26,0.0,-0.54,556.0,,1062,0,558.0,559.0,555.0
2018-07-25,0.0,-0.89,558.0,,400,0,560.0,560.0,558.0
2018-07-24,0.0,0.72,563.0,,3265,0,568.0,571.0,558.0
2018-07-23,0.0,6.27,559.0,,250,0,525.0,559.0,525.0
2018-07-22,0.0,-2.95,526.0,,1979,0,542.0,542.0,525.0
2018-07-19,0.0,0.0,542.0,,1055,0,548.0,548.0,540.0
2018-07-18,0.0,-1.63,542.0,,1155,0,550.0,550.0,542.0
2018-07-17,0.0,0.0,551.0,,800,0,552.0,552.0,550.0
2018-07-16,0.0,0.18,551.0,,400,0,552.0,552.0,550.0
2018-07-15,0.0,0.55,550.0,,260,0,545.0,551.0,545.0
2018-07-12,0.0,-0.54,547.0,,948,0,550.0,550.0,544.0
2018-07-11,0.0,1.1,550.0,,1851,0,548.0,554.0,544.0
2018-07-10,0.0,-0.91,544.0,,1657,0,549.0,549.0,544.0
2018-07-09,0.0,-2.49,549.0,,1440,0,560.0,560.0,549.0
2018-07-08,0.0,1.44,563.0,,1671,0,564.0,579.0,557.0
2018-07-05,0.0,2.02,555.0,,1415,0,547.0,555.0,545.0
2018-07-04,0.0,0.74,544.0,,1035,0,543.0,544.0,541.0
2018-07-03,0.0,0.75,540.0,,291,0,537.0,540.0,537.0
2018-07-02,0.0,-0.89,557.0,,532,0,562.0,562.0,557.0
2018-07-01,0.0,1.26,560.0,,1200,0,556.0,562.0,556.0
2018-06-28,0.0,0.37,540.0,,1387,0,542.0,543.0,540.0
2018-06-27,0.0,0.0,544.0,,1453,0,536.0,544.0,535.0
2018-06-26,0.0,-1.64,540.0,,2640,0,540.0,549.0,538.0
2018-06-25,0.0,-1.61,549.0,,878,0,555.0,555.0,548.0
2018-06-24,0.0,0.9,558.0,,795,0,558.0,558.0,550.0
2018-06-21,0.0,-0.54,553.0,,1542,0,550.0,556.0,545.0
2018-06-20,0.0,-1.77,557.0,,555,0,565.0,566.0,556.0
2018-06-19,0.0,2.35,566.0,,2093,0,551.0,566.0,545.0
2018-06-18,0.0,-0.9,553.0,,375,0,547.0,558.0,547.0
2018-06-17,0.0,-0.36,558.0,,648,0,560.0,560.0,555.0
2018-06-14,0.0,0.36,562.0,,1392,0,560.0,562.0,552.0
2018-06-13,0.0,-0.36,558.0,,965,0,560.0,560.0,555.0
2018-06-12,0.0,0.0,560.0,,1068,0,560.0,560.0,560.0
2018-06-11,0.0,-1.06,560.0,,7682,0,565.0,575.0,560.0
2018-06-10,0.0,-2.08,566.0,,936,0,577.0,578.0,565.0
2018-06-07,0.0,-1.7,578.0,,2695,0,590.0,590.0,578.0
2018-06-06,0.0,0.68,588.0,,360,0,586.0,592.0,586.0
2018-06-04,0.0,-0.17,584.0,,1252,0,590.0,595.0,584.0
2018-06-03,0.0,-2.5,585.0,,2368,0,588.0,595.0,585.0
2018-05-31,0.0,-0.5,600.0,,375,0,605.0,605.0,597.0
2018-05-30,0.0,0.0,603.0,,630,0,603.0,603.0,595.0
2018-05-29,0.0,-0.66,603.0,,555,0,605.0,610.0,599.0
2018-05-28,0.0,1.85,607.0,,5033,0,596.0,609.0,589.0
2018-05-27,0.0,-0.67,596.0,,2686,0,600.0,600.0,590.0
2018-05-24,0.0,-0.99,600.0,,5148,0,606.0,606.0,594.0
2018-05-23,0.0,1.0,606.0,,185,0,595.0,606.0,595.0
2018-05-22,0.0,-0.33,601.0,,1639,0,602.0,605.0,600.0
2018-05-21,0.0,-1.31,602.0,,825,0,605.0,606.0,600.0
2018-05-20,0.0,-1.61,610.0,,1373,0,620.0,620.0,600.0
2018-05-17,0.0,3.33,620.0,,1626,0,600.0,620.0,600.0
2018-05-16,0.0,0.67,600.0,,377,0,590.0,600.0,590.0
2018-05-15,0.0,-0.67,596.0,,878,0,600.0,605.0,595.0
2018-05-14,0.0,-3.23,600.0,,1765,0,618.0,618.0,590.0
2018-05-09,0.0,0.81,620.0,,450,0,615.0,620.0,605.0
2018-05-08,0.0,1.99,615.0,,1218,0,604.0,615.0,604.0
2018-05-07,0.0,-0.33,603.0,,1880,0,605.0,610.0,600.0
2018-05-06,0.0,-2.42,605.0,,1465,0,620.0,620.0,604.0
2018-05-03,0.0,-0.16,620.0,,1638,0,622.0,626.0,615.0
2018-05-02,0.0,1.8,621.0,,971,0,610.0,621.0,610.0
2018-04-29,0.0,-0.97,610.0,,2179,0,625.0,625.0,601.0
2018-04-26,0.0,-2.99,617.0,,9882,0,635.0,635.0,616.0
2018-04-25,0.0,0.32,635.0,,2292,0,640.0,640.0,627.0
2018-04-24,0.0,-3.06,633.0,,4948,0,640.0,653.0,630.0
2018-04-23,0.0,-2.97,658.0,,4326,0,682.0,682.0,650.0
2018-04-22,0.0,3.22,673.0,,1947,0,652.0,680.0,665.0
2018-04-19,0.0,0.0,652.0,,10234,0,642.0,660.0,640.0
2018-04-18,0.0,6.89,651.0,,5636,0,605.0,652.0,605.0
2018-04-17,0.0,0.83,610.0,,2523,0,605.0,612.0,600.0
2018-04-16,0.0,0.67,605.0,,1908,0,602.0,614.0,600.0
2018-04-15,0.0,-1.48,601.0,,1019,0,610.0,610.0,598.0
2018-04-12,0.0,-0.33,610.0,,3928,0,615.0,615.0,606.0
2018-04-11,0.0,0.66,612.0,,1097,0,613.0,614.0,606.0
2018-04-10,0.0,-0.33,609.0,,3032,0,598.0,620.0,598.0
2018-04-09,0.0,0.0,610.0,,11529,0,615.0,622.0,605.0
2018-04-08,0.0,2.18,610.0,,11841,0,598.0,622.0,590.0
2018-04-05,0.0,1.19,597.0,,1070,0,600.0,600.0,594.0
2018-04-04,0.0,1.03,590.0,,1910,0,587.0,594.0,585.0
2018-04-03,0.0,-0.17,584.0,,2620,0,585.0,590.0,583.0
2018-04-02,0.0,0.0,585.0,,1360,0,582.0,586.0,582.0
2018-04-01,0.0,-1.68,585.0,,1530,0,590.0,590.0,575.0
2018-03-29,0.0,4.39,595.0,,3853,0,571.0,595.0,571.0
2018-03-28,0.0,-1.72,572.0,,8958,0,591.0,591.0,564.0
2018-03-27,0.0,1.4,581.0,,3266,0,567.0,585.0,560.0
2018-03-26,0.0,-4.67,572.0,,2698,0,588.0,588.0,567.0
2018-03-22,0.0,1.18,600.0,,2332,0,586.0,601.0,575.0
2018-03-21,0.0,-0.84,593.0,,1554,0,598.0,598.0,587.0
2018-03-20,0.0,0.34,598.0,,1569,0,594.0,598.0,590.0
2018-03-19,0.0,-1.16,596.0,,1062,0,595.0,606.0,595.0
2018-03-18,0.0,-1.47,604.0,,1035,0,611.0,613.0,601.0
2018-03-15,0.0,2.68,612.0,,1108,0,600.0,612.0,600.0
2018-03-14,0.0,0.68,597.0,,910,0,600.0,600.0,595.0
2018-03-13,0.0,0.68,592.0,,10231,0,590.0,592.0,583.0
2018-03-12,0.0,-0.34,588.0,,11097,0,590.0,599.0,585.0
2018-03-11,0.0,-1.67,590.0,,4270,0,600.0,603.0,590.0
2018-03-07,0.0,1.18,600.0,,13122,0,595.0,607.0,595.0
2018-03-06,0.0,1.72,594.0,,12471,0,586.0,601.0,585.0
2018-03-04,0.0,-4.24,610.0,,3676,0,625.0,625.0,605.0
2018-02-28,0.0,-1.39,637.0,,1000,0,641.0,648.0,637.0
2018-02-27,0.0,0.94,646.0,,712,0,640.0,650.0,640.0
2018-02-26,0.0,-1.99,642.0,,2200,0,650.0,660.0,640.0
2018-02-25,0.0,-0.46,653.0,,907,0,660.0,660.0,653.0
2018-02-22,0.0,-1.35,656.0,,1886,0,652.0,663.0,652.0
2018-02-21,0.0,0.3,665.0,,2000,0,663.0,667.0,661.0
2018-02-20,0.0,-0.3,663.0,,1072,0,678.0,678.0,662.0
2018-02-18,0.0,-0.3,665.0,,3754,0,667.0,681.0,665.0
2018-02-15,0.0,2.14,667.0,,7399,0,665.0,675.0,660.0
2018-02-14,0.0,-0.76,653.0,,1970,0,656.0,656.0,651.0
2018-02-12,0.0,0.3,658.0,,1550,0,660.0,660.0,650.0
2018-02-11,0.0,0.0,656.0,,1515,0,660.0,660.0,656.0
2018-02-08,0.0,0.61,656.0,,1395,0,651.0,658.0,650.0
2018-02-06,0.0,-0.61,654.0,,2708,0,655.0,657.0,652.0
2018-02-05,0.0,-1.2,656.0,,1888,0,663.0,663.0,656.0
2018-02-04,0.0,0.61,664.0,,728,0,663.0,667.0,663.0
2018-02-01,0.0,0.0,660.0,,1383,0,660.0,660.0,655.0
2018-01-31,0.0,-0.15,660.0,,1071,0,674.0,674.0,655.0
2018-01-29,0.0,0.61,661.0,,4151,0,668.0,665.0,655.0
2018-01-28,0.0,0.15,657.0,,3982,0,669.0,668.0,655.0
2018-01-25,0.0,-0.3,656.0,,4604,0,654.0,656.0,652.0
2018-01-24,0.0,0.0,658.0,,2025,0,671.0,671.0,652.0
2018-01-23,0.0,0.3,658.0,,489,0,669.0,669.0,655.0
2018-01-22,0.0,0.77,656.0,,3510,0,660.0,660.0,653.0
2018-01-21,0.0,-0.31,652.0,,1112,0,660.0,660.0,651.0
2018-01-17,0.0,-0.91,654.0,,1689,0,655.0,655.0,650.0
2018-01-16,0.0,-0.15,658.0,,1873,0,673.0,673.0,648.0
2018-01-14,0.0,-0.45,660.0,,970,0,661.0,671.0,651.0
2018-01-10,0.0,0.45,663.0,,2427,0,673.0,686.0,660.0
2018-01-09,0.0,1.38,660.0,,1401,0,651.0,662.0,655.0
2018-01-08,0.0,-0.15,651.0,,1927,0,653.0,666.0,650.0
2018-01-07,0.0,1.24,652.0,,2390,0,656.0,656.0,650.0
2018-01-04,0.0,-0.62,644.0,,2920,0,648.0,648.0,635.0
2018-01-03,0.0,-0.31,648.0,,962,0,661.0,661.0,645.0
2018-01-02,0.0,2.2,650.0,,6209,0,643.0,655.0,637.0
2018-01-01,0.0,7.8,636.0,,3385,0,601.0,637.0,600.0
2017-12-31,0.0,-2.96,590.0,,6729,0,602.0,605.0,590.0
2017-12-28,0.0,-3.49,608.0,,9812,0,622.0,628.0,608.0
2017-12-27,0.0,-2.93,630.0,,3017,0,637.0,642.0,630.0
2017-12-26,0.0,-3.28,649.0,,8318,0,671.0,665.0,648.0
2017-12-24,0.0,-0.59,839.0,,14541,0,860.0,860.0,838.0
2017-12-21,0.0,0.6,844.0,,2309,0,845.0,845.0,840.0
2017-12-20,0.0,0.12,839.0,,3826,0,840.0,842.0,835.0
2017-12-19,0.0,-0.24,838.0,,2799,0,840.0,850.0,838.0
2017-12-18,0.0,0.6,840.0,,4773,0,835.0,841.0,835.0
2017-12-17,0.0,-0.6,835.0,,8227,0,843.0,843.0,831.0
2017-12-14,0.0,0.0,844.0,,700,0,848.0,848.0,844.0
2017-12-13,0.0,-0.71,845.0,,2030,0,841.0,850.0,840.0
2017-12-12,0.0,-1.39,852.0,,1221,0,870.0,872.0,850.0
2017-12-11,0.0,0.0,862.0,,1200,0,865.0,865.0,855.0
2017-12-10,0.0,-1.26,862.0,,2995,0,871.0,873.0,860.0
2017-12-06,0.0,0.23,872.0,,2679,0,872.0,878.0,860.0
2017-12-05,0.0,-0.8,870.0,,1760,0,878.0,880.0,865.0
2017-12-04,0.0,-0.23,878.0,,1222,0,877.0,878.0,875.0
2017-11-30,0.0,-0.34,880.0,,1347,0,888.0,888.0,876.0
2017-11-29,0.0,1.49,883.0,,2647,0,875.0,885.0,875.0
2017-11-28,0.0,0.46,870.0,,1266,0,870.0,870.0,858.0
2017-11-27,0.0,0.35,866.0,,2641,0,868.0,868.0,860.0
2017-11-26,0.0,1.53,863.0,,998,0,850.0,864.0,852.0
2017-11-23,0.0,1.19,850.0,,572,0,840.0,868.0,850.0
2017-11-22,0.0,0.36,845.0,,2105,0,845.0,853.0,840.0
2017-11-21,0.0,0.12,842.0,,796,0,836.0,852.0,836.0
2017-11-20,0.0,-1.3,836.0,,1794,0,847.0,847.0,836.0
2017-11-19,0.0,-0.35,847.0,,1482,0,850.0,850.0,843.0
2017-11-16,0.0,-1.16,850.0,,1454,0,850.0,855.0,850.0
2017-11-15,0.0,-1.15,860.0,,3895,0,880.0,880.0,860.0
2017-11-14,0.0,2.47,870.0,,4209,0,865.0,882.0,860.0
2017-11-13,0.0,0.12,849.0,,3979,0,855.0,860.0,846.0
2017-11-12,0.0,1.44,848.0,,1630,0,836.0,850.0,844.0
2017-11-09,0.0,-0.48,840.0,,4124,0,827.0,842.0,827.0
2017-11-08,0.0,-1.18,840.0,,4171,0,840.0,848.0,835.0
2017-11-07,0.0,0.0,850.0,,3544,0,860.0,860.0,848.0
2017-11-06,0.0,0.59,850.0,,5555,0,845.0,859.0,840.0
2017-11-05,0.0,-2.65,845.0,,11622,0,868.0,868.0,835.0
2017-11-02,0.0,-1.81,869.0,,8089,0,886.0,886.0,864.0
2017-11-01,0.0,3.15,884.0,,10450,0,874.0,886.0,867.0
2017-10-31,0.0,-0.35,857.0,,1559,0,865.0,870.0,851.0
2017-10-30,0.0,-0.58,865.0,,1670,0,860.0,869.0,850.0
2017-10-29,0.0,-0.23,865.0,,2612,0,862.0,867.0,857.0
2017-10-25,0.0,-0.46,867.0,,1839,0,871.0,871.0,861.0
2017-10-24,0.0,-2.13,871.0,,1592,0,890.0,885.0,871.0
2017-10-23,0.0,0.0,890.0,,2462,0,890.0,892.0,890.0
2017-10-22,0.0,0.45,890.0,,2146,0,881.0,900.0,880.0
2017-10-18,0.0,-0.78,886.0,,2488,0,900.0,900.0,883.0
2017-10-17,0.0,1.48,893.0,,3355,0,890.0,893.0,876.0
2017-10-16,0.0,1.73,880.0,,553,0,872.0,880.0,867.0
2017-10-15,0.0,1.17,865.0,,921,0,852.0,865.0,852.0
2017-10-12,0.0,-0.23,855.0,,5936,0,855.0,861.0,850.0
2017-10-11,0.0,-0.35,857.0,,1691,0,874.0,874.0,856.0
2017-10-10,0.0,0.58,860.0,,625,0,850.0,860.0,850.0
2017-10-09,0.0,0.0,855.0,,3487,0,855.0,855.0,850.0
2017-10-08,0.0,-4.47,855.0,,2087,0,884.0,884.0,847.0
2017-10-04,0.0,-0.33,895.0,,1849,0,900.0,900.0,876.0
2017-10-03,0.0,0.79,898.0,,317,0,891.0,898.0,891.0
2017-09-26,0.0,-0.56,891.0,,308,0,900.0,900.0,890.0
2017-09-25,0.0,0.67,896.0,,2014,0,907.0,907.0,880.0
2017-09-24,0.0,0.0,890.0,,3103,0,891.0,891.0,888.0
2017-09-20,0.0,0.79,890.0,,2919,0,875.0,891.0,870.0
2017-09-18,0.0,-0.79,883.0,,2875,0,906.0,900.0,882.0
2017-09-17,0.0,4.09,890.0,,1872,0,856.0,890.0,850.0
2017-09-14,0.0,4.27,855.0,,4335,0,830.0,858.0,830.0
2017-09-13,0.0,-1.8,820.0,,3474,0,830.0,868.0,820.0
2017-09-12,0.0,-2.11,835.0,,4468,0,836.0,852.0,833.0
2017-09-11,0.0,0.35,853.0,,2220,0,850.0,870.0,850.0
2017-09-10,0.0,-2.86,850.0,,4135,0,867.0,871.0,850.0
2017-09-07,0.0,-0.57,875.0,,2333,0,885.0,885.0,868.0
2017-09-06,0.0,1.85,880.0,,1904,0,880.0,880.0,860.0
2017-09-04,0.0,-2.37,864.0,,5104,0,886.0,886.0,856.0
2017-08-31,0.0,-0.78,885.0,,2870,0,892.0,895.0,880.0
2017-08-30,0.0,-0.89,892.0,,2675,0,900.0,900.0,892.0
2017-08-28,0.0,-0.55,900.0,,5378,0,900.0,901.0,897.0
2017-08-27,0.0,0.78,905.0,,4709,0,898.0,910.0,900.0
2017-08-24,0.0,-0.66,898.0,,5837,0,904.0,908.0,898.0
2017-08-23,0.0,0.33,908.0,,1830,0,901.0,910.0,900.0
2017-08-22,0.0,-0.99,901.0,,5148,0,915.0,915.0,900.0
2017-08-21,0.0,0.89,910.0,,3204,0,904.0,910.0,900.0
2017-08-20,0.0,-2.49,902.0,,3812,0,925.0,925.0,901.0
2017-08-17,0.0,1.09,925.0,,3894,0,912.0,925.0,912.0
2017-08-16,0.0,0.99,915.0,,3021,0,900.0,919.0,900.0
2017-08-15,0.0,0.0,906.0,,2219,0,907.0,913.0,905.0
2017-08-13,0.0,-0.98,906.0,,6336,0,932.0,932.0,906.0
2017-08-10,0.0,0.11,915.0,,2452,0,920.0,920.0,904.0
2017-08-09,0.0,-0.11,914.0,,3463,0,915.0,918.0,914.0
2017-08-07,0.0,0.44,915.0,,2973,0,920.0,921.0,915.0
2017-08-06,0.0,0.66,911.0,,5593,0,902.0,911.0,900.0
2017-08-03,0.0,0.0,905.0,,7273,0,905.0,910.0,904.0
2017-08-02,0.0,-0.44,905.0,,4731,0,915.0,915.0,905.0
2017-08-01,0.0,-0.55,909.0,,2555,0,914.0,925.0,901.0
2017-07-31,0.0,0.44,914.0,,4057,0,925.0,926.0,905.0
2017-07-30,0.0,-0.33,910.0,,2872,0,910.0,912.0,905.0
2017-07-27,0.0,1.11,913.0,,2315,0,905.0,918.0,902.0
2017-07-26,0.0,0.33,903.0,,1908,0,900.0,910.0,900.0
2017-07-25,0.0,-1.1,900.0,,3308,0,915.0,925.0,900.0
2017-07-24,0.0,-0.33,910.0,,2162,0,915.0,915.0,905.0
2017-07-23,0.0,0.66,915.0,,2435,0,907.0,922.0,907.0
2017-07-20,0.0,-0.55,908.0,,5246,0,910.0,925.0,903.0
2017-07-19,0.0,-1.3,914.0,,8485,0,925.0,930.0,912.0
2017-07-18,0.0,2.1,924.0,,4981,0,915.0,924.0,900.0
2017-07-17,0.0,1.69,907.0,,2995,0,903.0,910.0,899.0
2017-07-16,0.0,0.45,890.0,,3565,0,900.0,900.0,890.0
2017-07-13,0.0,-1.99,887.0,,3825,0,910.0,910.0,886.0
2017-07-12,0.0,0.44,904.0,,998,0,900.0,904.0,895.0
2017-07-11,0.0,0.78,900.0,,3212,0,895.0,904.0,895.0
2017-07-10,0.0,-0.78,893.0,,1135,0,890.0,900.0,890.0
2017-07-09,0.0,0.0,900.0,,7511,0,900.0,920.0,895.0
2017-07-06,0.0,1.35,900.0,,3027,0,895.0,900.0,880.0
2017-07-05,0.0,0.79,888.0,,591,0,888.0,888.0,872.0
2017-07-04,0.0,-0.45,883.0,,2737,0,886.0,887.0,881.0
2017-07-03,0.0,1.72,885.0,,1980,0,870.0,885.0,870.0
2017-07-02,0.0,-2.25,870.0,,1928,0,890.0,890.0,862.0
2017-06-28,0.0,0.45,890.0,,2580,0,880.0,900.0,865.0
2017-06-27,0.0,0.34,886.0,,2930,0,889.0,895.0,885.0
2017-06-25,0.0,-0.34,884.0,,2029,0,881.0,889.0,880.0
2017-06-22,0.0,1.84,886.0,,1443,0,887.0,888.0,875.0
2017-06-21,0.0,-0.91,870.0,,5741,0,879.0,880.0,866.0
2017-06-20,0.0,-1.9,880.0,,3885,0,878.0,888.0,870.0
2017-06-19,0.0,-1.65,895.0,,2696,0,895.0,895.0,885.0
2017-06-18,0.0,-1.09,910.0,,3120,0,920.0,915.0,890.0
2017-06-15,0.0,1.43,920.0,,1433,0,900.0,924.0,892.0
2017-06-14,0.0,0.11,900.0,,1794,0,901.0,907.0,900.0
2017-06-13,0.0,-0.44,906.0,,4956,0,911.0,911.0,896.0
2017-06-12,0.0,0.0,910.0,,4101,0,910.0,918.0,904.0
2017-06-11,0.0,-1.94,910.0,,5836,0,915.0,920.0,907.0
2017-06-08,0.0,-1.28,928.0,,2762,0,926.0,933.0,915.0
2017-06-07,0.0,-0.84,941.0,,3018,0,950.0,960.0,940.0
2017-06-06,0.0,2.49,948.0,,3071,0,940.0,948.0,925.0
2017-06-05,0.0,0.0,925.0,,3252,0,925.0,932.0,921.0
2017-06-04,0.0,-0.11,925.0,,2126,0,926.0,934.0,925.0
2017-06-01,0.0,0.0,927.0,,1231,0,932.0,941.0,926.0
2017-05-31,0.0,0.11,926.0,,4144,0,925.0,935.0,912.0
2017-05-30,0.0,-1.39,925.0,,4819,0,928.0,930.0,915.0
2017-05-28,0.0,-1.26,938.0,,3395,0,940.0,943.0,932.0
2017-05-24,0.0,-1.04,950.0,,1100,0,960.0,955.0,943.0
2017-05-23,0.0,2.13,960.0,,3670,0,950.0,960.0,950.0
2017-05-22,0.0,-2.08,946.0,,1939,0,950.0,955.0,940.0
2017-05-21,0.0,0.0,960.0,,700,0,950.0,960.0,950.0
2017-05-18,0.0,0.0,960.0,,1200,0,960.0,960.0,954.0
2017-05-17,0.0,0.95,960.0,,787,0,958.0,965.0,958.0
2017-05-16,0.0,-1.96,951.0,,3781,0,960.0,970.0,951.0
2017-05-15,0.0,0.94,972.0,,870,0,965.0,998.0,965.0
2017-05-11,0.0,-1.44,961.0,,2025,0,990.0,990.0,961.0
2017-05-09,0.0,-1.32,975.0,,1100,0,988.0,975.0,970.0
2017-05-08,0.0,3.78,988.0,,1305,0,950.0,994.0,950.0
2017-05-07,0.0,-2.36,956.0,,2629,0,956.0,960.0,952.0
2017-05-04,0.0,-1.52,975.0,,1050,0,977.0,977.0,971.0
2017-05-03,0.0,0.0,990.0,,1682,0,980.0,999.0,980.0
2017-05-02,0.0,1.64,990.0,,1215,0,960.0,990.0,960.0
2017-04-30,0.0,-0.2,974.0,,1970,0,975.0,975.0,955.0
2017-04-27,0.0,-1.41,976.0,,3395,0,990.0,990.0,972.0
2017-04-26,0.0,0.51,990.0,,1257,0,985.0,990.0,975.0
2017-04-25,0.0,-1.4,990.0,,4493,0,1005.0,1005.0,985.0
2017-04-24,0.0,-1.09,1000.0,,3088,0,1015.0,1015.0,990.0
2017-04-23,0.0,0.6,1015.0,,3750,0,1025.0,1035.0,1011.0
2017-04-20,0.0,2.55,1005.0,,2772,0,995.0,1005.0,990.0
2017-04-19,0.0,-1.01,980.0,,4475,0,990.0,1000.0,971.0
2017-04-18,0.0,-1.0,990.0,,3368,0,990.0,1000.0,980.0
2017-04-16,0.0,-1.77,1010.0,,1549,0,1000.0,1018.0,998.0
2017-04-13,0.0,-0.2,1018.0,,979,0,1010.0,1035.0,1000.0
2017-04-12,0.0,-1.92,1039.0,,9995,0,1055.0,1064.0,1020.0
2017-04-11,0.0,1.96,1040.0,,14714,0,1040.0,1060.0,1010.0
2017-04-10,0.0,1.49,1020.0,,4206,0,1010.0,1030.0,1000.0
2017-04-09,0.0,0.5,1005.0,,4155,0,1005.0,1010.0,996.0
2017-04-06,0.0,-0.89,1000.0,,4815,0,1009.0,1040.0,1000.0
2017-04-04,0.0,-2.04,1010.0,,4928,0,1025.0,1030.0,1005.0
2017-04-03,0.0,-0.96,1030.0,,18494,0,1060.0,1144.0,1020.0
2017-04-02,0.0,6.12,1040.0,,4495,0,999.0,1040.0,999.0
2017-03-30,0.0,-0.51,980.0,,2507,0,985.0,999.0,971.0
2017-03-29,0.0,-3.43,985.0,,6573,0,1020.0,1039.0,985.0
2017-03-28,0.0,5.15,1020.0,,3407,0,970.0,1020.0,978.0
2017-03-26,0.0,2.11,970.0,,5097,0,955.0,1000.0,955.0
2017-03-23,0.0,-0.73,950.0,,4085,0,965.0,980.0,927.0
2017-03-22,0.0,5.75,957.0,,3426,0,920.0,957.0,920.0
2017-03-21,0.0,2.72,905.0,,3074,0,883.0,905.0,866.0
2017-03-20,0.0,2.8,881.0,,1090,0,874.0,890.0,873.0
2017-03-19,0.0,0.71,857.0,,3373,0,851.0,860.0,850.0
2017-03-16,0.0,-1.05,851.0,,1910,0,852.0,852.0,843.0
2017-03-15,0.0,0.58,860.0,,300,0,860.0,860.0,860.0
2017-03-14,0.0,-0.58,855.0,,277,0,855.0,860.0,855.0
2017-03-13,0.0,2.14,860.0,,3558,0,842.0,860.0,833.0
2017-03-09,0.0,-0.12,842.0,,577,0,830.0,850.0,830.0
2017-03-07,0.0,-3.99,843.0,,1110,0,870.0,870.0,843.0
2017-03-06,0.0,-0.11,878.0,,4010,0,885.0,890.0,872.0
2017-03-05,0.0,2.45,879.0,,3429,0,875.0,880.0,862.0
2017-03-02,0.0,3.37,858.0,,621,0,831.0,858.0,831.0
2017-03-01,0.0,1.84,830.0,,88,0,815.0,830.0,815.0
2017-02-28,0.0,-2.74,815.0,,1090,0,840.0,840.0,810.0
2017-02-26,0.0,-1.3,838.0,,140,0,850.0,850.0,838.0
2017-02-23,0.0,-0.7,848.0,,1090,0,851.0,852.0,841.0
2017-02-22,0.0,-1.72,857.0,,1056,0,865.0,870.0,841.0
2017-02-21,0.0,0.0,870.0,,1825,0,875.0,882.0,860.0
2017-02-20,0.0,-0.57,870.0,,5218,0,876.0,890.0,870.0
2017-02-19,0.0,1.16,875.0,,3474,0,850.0,880.0,848.0
2017-02-16,0.0,3.59,865.0,,2540,0,851.0,868.0,849.0
2017-02-15,0.0,4.37,835.0,,1972,0,800.0,850.0,800.0
2017-02-14,0.0,2.56,800.0,,4272,0,783.0,822.0,780.0
2017-02-13,0.0,-0.13,780.0,,4143,0,770.0,780.0,735.0
2017-02-12,0.0,-4.76,781.0,,3651,0,816.0,816.0,776.0
2017-02-09,0.0,-1.8,820.0,,1670,0,820.0,837.0,819.0
2017-02-08,0.0,0.0,835.0,,2082,0,840.0,840.0,830.0
2017-02-07,0.0,-1.88,835.0,,2852,0,840.0,859.0,835.0
2017-02-06,0.0,-2.07,851.0,,720,0,870.0,870.0,835.0
2017-02-05,0.0,-0.11,869.0,,1322,0,860.0,869.0,837.0
2017-02-02,0.0,-0.57,870.0,,2196,0,880.0,880.0,860.0
2017-02-01,0.0,5.04,875.0,,1598,0,825.0,875.0,825.0
2017-01-31,0.0,2.08,833.0,,3612,0,830.0,840.0,814.0
2017-01-30,0.0,-4.0,816.0,,3311,0,840.0,840.0,816.0
2017-01-26,0.0,0.0,850.0,,2789,0,840.0,857.0,824.0
2017-01-25,0.0,-1.96,850.0,,1415,0,867.0,867.0,850.0
2017-01-24,0.0,-2.25,867.0,,2411,0,890.0,890.0,867.0
2017-01-23,0.0,-0.34,887.0,,1809,0,880.0,895.0,880.0
2017-01-22,0.0,0.0,890.0,,1277,0,881.0,893.0,880.0
2017-01-19,0.0,-1.11,890.0,,874,0,900.0,903.0,890.0
2017-01-18,0.0,-0.55,900.0,,2609,0,901.0,901.0,890.0
2017-01-17,0.0,-0.55,905.0,,370,0,905.0,905.0,900.0
2017-01-16,0.0,0.11,910.0,,2037,0,901.0,910.0,900.0
2017-01-15,0.0,0.78,909.0,,1738,0,910.0,911.0,900.0
2017-01-12,0.0,0.22,902.0,,1055,0,915.0,915.0,900.0
2017-01-11,0.0,1.35,900.0,,2778,0,900.0,905.0,895.0
2017-01-10,0.0,1.37,888.0,,2571,0,880.0,890.0,875.0
2017-01-09,0.0,1.27,876.0,,1866,0,870.0,881.0,864.0
2017-01-08,0.0,0.0,865.0,,1880,0,865.0,875.0,862.0
2017-01-05,0.0,-2.81,870.0,,1090,0,881.0,881.0,865.0
2017-01-04,0.0,1.6,890.0,,1840,0,860.0,890.0,860.0
2017-01-03,0.0,-1.57,876.0,,4384,0,886.0,886.0,870.0
2017-01-02,0.0,4.71,890.0,,4431,0,865.0,897.0,861.0
2017-01-01,0.0,3.66,850.0,,2347,0,826.0,860.0,826.0
2016-12-29,0.0,1.86,820.0,,2122,0,806.0,825.0,800.0
2016-12-28,0.0,-0.62,805.0,,5987,0,809.0,818.0,790.0
2016-12-27,0.0,-5.26,810.0,,4366,0,841.0,841.0,806.0
2016-12-26,0.0,-3.93,855.0,,2779,0,890.0,890.0,840.0
2016-12-22,0.0,-1.11,890.0,,1973,0,900.0,900.0,890.0
2016-12-21,0.0,-5.26,902.0,,6539,0,950.0,931.0,890.0
2016-12-20,0.0,-0.74,1199.0,,16718,0,1208.0,1210.0,1199.0
2016-12-19,0.0,-1.63,1208.0,,8369,0,1240.0,1240.0,1201.0
2016-12-18,0.0,1.49,1228.0,,5427,0,1210.0,1240.0,1210.0
2016-12-15,0.0,0.17,1210.0,,1910,0,1208.0,1218.0,1200.0
2016-12-14,0.0,0.5,1208.0,,701,0,1225.0,1225.0,1200.0
2016-12-12,0.0,-1.88,1202.0,,4700,0,1201.0,1208.0,1200.0
2016-12-11,0.0,-0.73,1225.0,,1893,0,1234.0,1234.0,1204.0
2016-12-08,0.0,0.65,1234.0,,4256,0,1230.0,1234.0,1220.0
2016-12-07,0.0,-0.89,1227.0,,2187,0,1231.0,1240.0,1226.0
2016-12-06,0.0,-0.16,1237.0,,5003,0,1235.0,1245.0,1220.0
2016-12-05,0.0,-3.2,1239.0,,3712,0,1260.0,1260.0,1227.0
2016-12-04,0.0,-2.66,1280.0,,4317,0,1289.0,1300.0,1265.0
2016-12-01,0.0,1.94,1315.0,,13842,0,1315.0,1360.0,1280.0
2016-11-30,0.0,7.68,1290.0,,15778,0,1221.0,1296.0,1221.0
2016-11-29,0.0,4.72,1198.0,,8419,0,1125.0,1198.0,1100.0
2016-11-28,0.0,3.44,1144.0,,5423,0,1085.0,1144.0,1000.0
2016-11-27,0.0,-3.49,1106.0,,6029,0,1136.0,1150.0,1100.0
2016-11-24,0.0,0.79,1146.0,,7176,0,1135.0,1200.0,1135.0
2016-11-23,0.0,-4.45,1137.0,,9872,0,1180.0,1180.0,1137.0
2016-11-22,0.0,-2.46,1190.0,,8278,0,1200.0,1224.0,1170.0
2016-11-21,0.0,1.67,1220.0,,3913,0,1195.0,1248.0,1176.0
2016-11-20,0.0,-8.12,1200.0,,9708,0,1280.0,1286.0,1192.0
2016-11-17,0.0,-3.26,1306.0,,4058,0,1330.0,1335.0,1301.0
2016-11-16,0.0,0.75,1350.0,,886,0,1325.0,1350.0,1321.0
2016-11-15,0.0,-1.11,1340.0,,1307,0,1361.0,1370.0,1330.0
2016-11-14,0.0,0.0,1355.0,,2737,0,1360.0,1365.0,1350.0
2016-11-13,0.0,-1.45,1355.0,,3903,0,1348.0,1370.0,1348.0
2016-11-10,0.0,1.1,1375.0,,2713,0,1340.0,1380.0,1340.0
2016-11-09,0.0,-1.45,1360.0,,3178,0,1353.0,1385.0,1350.0
2016-11-08,0.0,-1.43,1380.0,,1632,0,1390.0,1395.0,1370.0
2016-11-07,0.0,1.45,1400.0,,1320,0,1390.0,1400.0,1380.0
2016-11-03,0.0,-1.43,1380.0,,100,0,1380.0,1380.0,1380.0
2016-10-27,0.0,-0.57,1390.0,,2464,0,1408.0,1425.0,1382.0
2016-10-25,0.0,-0.81,1595.0,,9089,0,1600.0,1600.0,1582.0
2016-10-24,0.0,-1.41,1608.0,,10259,0,1615.0,1623.0,1600.0
2016-10-23,0.0,0.87,1631.0,,6742,0,1626.0,1633.0,1617.0
2016-10-20,0.0,1.06,1617.0,,4888,0,1605.0,1619.0,1605.0
2016-10-19,0.0,0.0,1600.0,,2241,0,1593.0,1605.0,1592.0
2016-10-18,0.0,-0.5,1600.0,,1328,0,1610.0,1610.0,1600.0
2016-10-17,0.0,-0.86,1608.0,,2088,0,1620.0,1620.0,1595.0
2016-10-16,0.0,0.06,1622.0,,5899,0,1640.0,1640.0,1610.0
2016-10-06,0.0,0.68,1621.0,,2217,0,1602.0,1634.0,1602.0
2016-10-05,0.0,0.62,1610.0,,1549,0,1602.0,1614.0,1600.0
2016-10-04,0.0,0.06,1600.0,,3504,0,1600.0,1608.0,1578.0
2016-10-03,0.0,1.2,1599.0,,3502,0,1590.0,1604.0,1590.0
2016-10-02,0.0,0.64,1580.0,,4026,0,1560.0,1580.0,1560.0
2016-09-29,0.0,0.64,1570.0,,1760,0,1560.0,1570.0,1560.0
2016-09-28,0.0,-0.76,1560.0,,1264,0,1563.0,1564.0,1550.0
2016-09-27,0.0,-0.19,1571.0,,2255,0,1606.0,1600.0,1550.0
2016-09-26,0.0,1.61,1581.0,,1675,0,1551.0,1585.0,1550.0
2016-09-25,0.0,-0.93,1590.0,,2131,0,1602.0,1609.0,1570.0
2016-09-22,0.0,-0.93,1590.0,,2131,0,1602.0,1609.0,1570.0
2016-09-21,0.0,-0.93,1605.0,,1665,0,1605.0,1608.0,1580.0
2016-09-20,0.0,-1.16,1620.0,,300,0,1607.0,1640.0,1607.0
2016-09-18,0.0,-0.91,1639.0,,2827,0,1648.0,1648.0,1620.0
2016-09-14,0.0,-0.96,1654.0,,3592,0,1655.0,1665.0,1650.0
2016-09-12,0.0,-0.6,1670.0,,3070,0,1670.0,1671.0,1634.0
2016-09-11,0.0,0.3,1680.0,,5402,0,1660.0,1695.0,1655.0
2016-09-08,0.0,-0.59,1675.0,,4172,0,1683.0,1685.0,1672.0
2016-09-07,0.0,0.3,1685.0,,8270,0,1670.0,1693.0,1660.0
2016-09-06,0.0,-0.88,1680.0,,13273,0,1725.0,1714.0,1674.0
2016-09-05,0.0,1.5,1695.0,,6245,0,1690.0,1705.0,1689.0
2016-09-04,0.0,1.33,1665.0,,7484,0,1651.0,1679.0,1650.0
2016-09-01,0.0,-0.12,1648.0,,8558,0,1650.0,1674.0,1647.0
2016-08-31,0.0,0.55,1650.0,,5238,0,1659.0,1660.0,1642.0
2016-08-30,0.0,3.66,1641.0,,16574,0,1601.0,1650.0,1599.0
2016-08-29,0.0,0.83,1583.0,,3328,0,1575.0,1590.0,1575.0
2016-08-28,0.0,-0.32,1576.0,,4826,0,1585.0,1606.0,1570.0
2016-08-24,0.0,2.27,1575.0,,4685,0,1570.0,1601.0,1538.0
2016-08-23,0.0,-0.96,1540.0,,14006,0,1560.0,1596.0,1540.0
2016-08-22,0.0,-2.45,1555.0,,7361,0,1580.0,1580.0,1551.0
2016-08-21,0.0,1.53,1594.0,,15404,0,1601.0,1660.0,1587.0
2016-08-17,0.0,1.29,1570.0,,8022,0,1580.0,1599.0,1570.0
2016-08-16,0.0,2.92,1550.0,,8249,0,1500.0,1560.0,1500.0
2016-08-15,0.0,-1.89,1510.0,,9995,0,1512.0,1531.0,1485.0
2016-08-14,0.0,-0.97,1535.0,,18466,0,1555.0,1590.0,1535.0
2016-08-11,0.0,-1.52,1550.0,,6013,0,1560.0,1564.0,1550.0
2016-08-10,0.0,2.48,1570.0,,12553,0,1562.0,1575.0,1502.0
2016-08-09,0.0,9.98,1532.0,,4075,0,1420.0,1532.0,1420.0
2016-08-08,0.0,-7.44,1393.0,,4736,0,1505.0,1500.0,1393.0
2016-08-07,0.0,-2.9,1505.0,,5884,0,1550.0,1589.0,1500.0
2016-08-04,0.0,-1.9,1550.0,,5036,0,1580.0,1600.0,1520.0
2016-08-03,0.0,-0.75,1580.0,,6408,0,1592.0,1600.0,1552.0
2016-08-02,0.0,-1.73,1592.0,,5297,0,1620.0,1600.0,1590.0
2016-08-01,0.0,-1.52,1620.0,,6030,0,1645.0,1650.0,1566.0
2016-07-31,0.0,-1.67,1645.0,,11870,0,1673.0,1688.0,1645.0
2016-07-28,0.0,-1.01,1673.0,,10699,0,1690.0,1700.0,1657.0
2016-07-27,0.0,1.81,1690.0,,18447,0,1660.0,1691.0,1665.0
2016-07-26,0.0,0.67,1660.0,,22725,0,1649.0,1688.0,1650.0
2016-07-25,0.0,1.48,1649.0,,11607,0,1625.0,1655.0,1632.0
2016-07-21,0.0,1.56,1625.0,,9712,0,1600.0,1630.0,1585.0
2016-07-20,0.0,-0.62,1600.0,,6295,0,1621.0,1642.0,1599.0
2016-07-19,0.0,0.12,1610.0,,11032,0,1640.0,1650.0,1590.0
2016-07-18,0.0,2.75,1608.0,,13911,0,1565.0,1625.0,1590.0
2016-07-17,0.0,4.33,1565.0,,10008,0,1500.0,1580.0,1525.0
2016-07-14,0.0,-0.66,1500.0,,3693,0,1485.0,1550.0,1485.0
2016-07-13,0.0,0.0,1510.0,,7678,0,1510.0,1511.0,1480.0
2016-07-12,0.0,-1.63,1510.0,,11982,0,1535.0,1535.0,1490.0
2016-07-11,0.0,-0.97,1535.0,,4425,0,1550.0,1555.0,1530.0
2016-07-10,0.0,0.26,1550.0,,3724,0,1546.0,1570.0,1541.0
2016-07-06,0.0,-0.64,1546.0,,7010,0,1555.0,1606.0,1540.0
2016-07-05,0.0,-0.26,1556.0,,6636,0,1545.0,1565.0,1535.0
2016-07-04,0.0,-0.76,1560.0,,4876,0,1572.0,1580.0,1549.0
2016-07-03,0.0,-0.82,1572.0,,5289,0,1585.0,1590.0,1560.0
2016-06-30,0.0,-0.31,1585.0,,10204,0,1590.0,1600.0,1530.0
2016-06-29,0.0,0.0,1590.0,,10783,0,1590.0,1590.0,1550.0
2016-06-28,0.0,1.27,1590.0,,17601,0,1570.0,1632.0,1555.0
2016-06-27,0.0,2.61,1570.0,,14000,0,1530.0,1570.0,1530.0
2016-06-26,0.0,2.68,1530.0,,22528,0,1490.0,1530.0,1461.0
2016-06-23,0.0,1.09,1490.0,,5012,0,1474.0,1500.0,1477.0
2016-06-22,0.0,-0.87,1474.0,,8399,0,1500.0,1500.0,1467.0
2016-06-21,0.0,1.5,1487.0,,6757,0,1465.0,1487.0,1431.0
2016-06-20,0.0,-0.34,1465.0,,1621,0,1470.0,1490.0,1461.0
2016-06-19,0.0,-1.67,1470.0,,4952,0,1495.0,1496.0,1470.0
2016-06-16,0.0,0.4,1495.0,,10962,0,1489.0,1500.0,1470.0
2016-06-15,0.0,-0.13,1489.0,,5781,0,1493.0,1493.0,1450.0
2016-06-14,0.0,-0.6,1491.0,,8494,0,1490.0,1505.0,1481.0
2016-06-13,0.0,-0.6,1500.0,,19367,0,1509.0,1539.0,1498.0
2016-06-12,0.0,4.07,1509.0,,16282,0,1450.0,1510.0,1445.0
2016-06-09,0.0,0.62,1450.0,,5525,0,1450.0,1460.0,1425.0
2016-06-08,0.0,0.07,1441.0,,6234,0,1440.0,1468.0,1441.0
2016-06-07,0.0,0.77,1440.0,,8253,0,1425.0,1465.0,1425.0
2016-06-06,0.0,2.66,1429.0,,12559,0,1392.0,1458.0,1419.0
2016-06-05,0.0,-2.79,1392.0,,6049,0,1432.0,1435.0,1392.0
2016-06-02,0.0,-1.1,1432.0,,4680,0,1448.0,1450.0,1410.0
2016-06-01,0.0,-2.03,1448.0,,4795,0,1478.0,1475.0,1435.0
2016-05-31,0.0,-0.34,1478.0,,8858,0,1483.0,1495.0,1470.0
2016-05-30,0.0,1.92,1483.0,,6201,0,1455.0,1483.0,1445.0
2016-05-29,0.0,-0.34,1455.0,,8164,0,1460.0,1455.0,1438.0
2016-05-26,0.0,-0.75,1460.0,,14736,0,1471.0,1500.0,1440.0
2016-05-25,0.0,-2.71,1471.0,,21450,0,1512.0,1503.0,1461.0
2016-05-24,0.0,2.16,1512.0,,12135,0,1480.0,1512.0,1483.0
2016-05-23,0.0,1.02,1480.0,,12618,0,1465.0,1485.0,1457.0
2016-05-22,0.0,-1.68,1465.0,,7292,0,1490.0,1490.0,1451.0
2016-05-19,0.0,-0.93,1490.0,,9486,0,1504.0,1510.0,1490.0
2016-05-18,0.0,3.87,1504.0,,11250,0,1448.0,1504.0,1450.0
2016-05-17,0.0,1.26,1448.0,,8853,0,1428.0,1450.0,1428.0
2016-05-16,0.0,-0.69,1430.0,,10352,0,1440.0,1430.0,1420.0
2016-05-15,0.0,0.49,1439.0,,6498,0,1423.0,1440.0,1410.0
2016-05-12,0.0,1.05,1440.0,,2446,0,1444.0,1445.0,1440.0
2016-05-11,0.0,-1.72,1425.0,,7053,0,1450.0,1457.0,1416.0
2016-05-10,0.0,0.69,1450.0,,4935,0,1449.0,1454.0,1449.0
2016-05-09,0.0,0.0,1440.0,,8418,0,1455.0,1455.0,1440.0
2016-05-08,0.0,0.7,1440.0,,15653,0,1430.0,1460.0,1412.0
2016-05-05,0.0,1.42,1430.0,,10974,0,1410.0,1430.0,1366.0
2016-05-04,0.0,0.0,1410.0,,6724,0,1410.0,1411.0,1396.0
2016-05-03,0.0,0.0,1410.0,,4489,0,1410.0,1411.0,1390.0
2016-05-02,0.0,-1.4,1410.0,,6554,0,1430.0,1435.0,1410.0
2016-04-28,0.0,0.0,1430.0,,7791,0,1430.0,1439.0,1425.0
2016-04-27,0.0,1.42,1430.0,,5348,0,1410.0,1440.0,1408.0
2016-04-26,0.0,-1.12,1410.0,,25614,0,1426.0,1454.0,1410.0
2016-04-25,0.0,0.0,1426.0,,7487,0,1426.0,1470.0,1422.0
2016-04-24,0.0,3.71,1426.0,,23810,0,1375.0,1426.0,1380.0
2016-04-21,0.0,-1.08,1375.0,,10409,0,1390.0,1394.0,1359.0
2016-04-20,0.0,0.36,1390.0,,8239,0,1385.0,1405.0,1380.0
2016-04-19,0.0,-0.36,1385.0,,6832,0,1390.0,1400.0,1366.0
2016-04-18,0.0,1.09,1390.0,,12008,0,1375.0,1391.0,1376.0
2016-04-17,0.0,1.85,1375.0,,9956,0,1370.0,1400.0,1365.0
2016-04-14,0.0,3.05,1350.0,,8900,0,1310.0,1385.0,1310.0
2016-04-12,0.0,2.26,1310.0,,9626,0,1281.0,1310.0,1295.0
2016-04-11,0.0,1.67,1281.0,,8217,0,1260.0,1291.0,1270.0
2016-04-10,0.0,5.0,1260.0,,11392,0,1200.0,1260.0,1224.0
2016-04-06,0.0,-1.56,1200.0,,5780,0,1219.0,1227.0,1200.0
2016-04-05,0.0,2.96,1218.0,,6852,0,1190.0,1220.0,1190.0
2016-04-04,0.0,1.02,1184.0,,4332,0,1172.0,1194.0,1178.0
2016-04-03,0.0,-0.68,1172.0,,3309,0,1180.0,1174.0,1137.0
2016-03-31,0.0,0.85,1180.0,,2331,0,1170.0,1180.0,1170.0
2016-03-30,0.0,-1.27,1170.0,,3044,0,1185.0,1190.0,1166.0
2016-03-29,0.0,-2.07,1185.0,,5524,0,1186.0,1200.0,1173.0
2016-03-28,0.0,0.83,1210.0,,6924,0,1200.0,1220.0,1201.0
2016-03-27,0.0,3.0,1200.0,,14255,0,1165.0,1229.0,1160.0
2016-03-24,0.0,2.82,1165.0,,10981,0,1133.0,1173.0,1150.0
2016-03-23,0.0,0.71,1133.0,,5906,0,1115.0,1140.0,1115.0
2016-03-21,0.0,-0.88,1125.0,,3179,0,1140.0,1149.0,1125.0
2016-03-20,0.0,3.09,1135.0,,3423,0,1120.0,1135.0,1120.0
2016-03-17,0.0,-0.36,1101.0,,1884,0,1105.0,1115.0,1101.0
2016-03-16,0.0,0.45,1105.0,,1331,0,1100.0,1120.0,1100.0
2016-03-15,0.0,-0.9,1100.0,,6002,0,1106.0,1107.0,1095.0
2016-03-14,0.0,-0.09,1108.0,,4149,0,1111.0,1111.0,1100.0
2016-03-13,0.0,-0.8,1111.0,,1909,0,1120.0,1120.0,1100.0
2016-03-10,0.0,-0.88,1120.0,,4905,0,1125.0,1130.0,1116.0
2016-03-06,0.0,-1.74,1130.0,,9187,0,1133.0,1140.0,1128.0
2016-03-03,0.0,0.35,1150.0,,15146,0,1130.0,1150.0,1120.0
2016-03-02,0.0,-0.09,1146.0,,4748,0,1155.0,1165.0,1143.0
2016-03-01,0.0,3.33,1147.0,,2856,0,1110.0,1147.0,1105.0
2016-02-29,0.0,-0.72,1110.0,,3167,0,1118.0,1115.0,1105.0
2016-02-28,0.0,-0.53,1118.0,,4531,0,1124.0,1130.0,1109.0
2016-02-25,0.0,-0.53,1124.0,,5360,0,1108.0,1130.0,1071.0
2016-02-24,0.0,-2.16,1130.0,,9106,0,1150.0,1150.0,1110.0
2016-02-23,0.0,-1.87,1155.0,,4241,0,1177.0,1180.0,1130.0
2016-02-22,0.0,1.46,1177.0,,6787,0,1180.0,1190.0,1165.0
2016-02-21,0.0,4.32,1162.0,,15229,0,1120.0,1169.0,1120.0
2016-02-18,0.0,5.0,1112.0,,15808,0,1059.0,1137.0,1060.0
2016-02-17,0.0,1.83,1059.0,,3419,0,1040.0,1070.0,1049.0
2016-02-16,0.0,0.48,1040.0,,1955,0,1035.0,1054.0,1040.0
2016-02-15,0.0,2.88,1035.0,,5406,0,991.0,1035.0,991.0
2016-02-14,0.0,-0.2,1007.0,,2282,0,1010.0,1012.0,1006.0
2016-02-11,0.0,0.8,1008.0,,6069,0,1000.0,1014.0,1000.0
2016-02-08,0.0,0.91,1000.0,,8435,0,991.0,1030.0,999.0
2016-02-07,0.0,0.1,991.0,,4544,0,990.0,1015.0,989.0
2016-02-04,0.0,0.51,990.0,,1461,0,985.0,990.0,984.0
2016-02-03,0.0,0.31,985.0,,3880,0,982.0,990.0,982.0
2016-02-02,0.0,-0.81,982.0,,2063,0,990.0,1000.0,980.0
2016-02-01,0.0,1.54,990.0,,1947,0,975.0,993.0,977.0
2016-01-31,0.0,0.93,975.0,,1519,0,965.0,975.0,965.0
2016-01-28,0.0,-1.33,966.0,,1264,0,965.0,971.0,961.0
2016-01-27,0.0,0.31,979.0,,670,0,976.0,979.0,964.0
2016-01-26,0.0,-0.91,976.0,,554,0,985.0,980.0,975.0
2016-01-25,0.0,0.51,985.0,,3547,0,995.0,1000.0,980.0
2016-01-24,0.0,0.93,980.0,,10563,0,971.0,981.0,970.0
2016-01-21,0.0,-1.32,971.0,,1100,0,984.0,985.0,971.0
2016-01-20,0.0,0.92,984.0,,1006,0,970.0,984.0,965.0
2016-01-19,0.0,-0.51,975.0,,1994,0,975.0,985.0,970.0
2016-01-18,0.0,-0.51,980.0,,5111,0,994.0,999.0,967.0
2016-01-17,0.0,4.15,979.0,,2574,0,958.0,979.0,958.0
2016-01-14,0.0,0.0,940.0,,32,0,940.0,940.0,940.0
2016-01-13,0.0,-0.53,940.0,,212,0,945.0,940.0,939.0
2016-01-12,0.0,-0.53,945.0,,850,0,945.0,945.0,945.0
2016-01-11,0.0,1.28,950.0,,150,0,950.0,950.0,950.0
2016-01-10,0.0,0.0,938.0,,872,0,938.0,953.0,935.0
2016-01-07,0.0,1.74,938.0,,1260,0,930.0,938.0,930.0
2016-01-06,0.0,0.22,922.0,,1016,0,915.0,930.0,915.0
2016-01-05,0.0,-0.65,920.0,,5939,0,925.0,930.0,915.0
2016-01-04,0.0,-0.64,926.0,,1030,0,932.0,932.0,915.0
2016-01-03,0.0,-0.85,932.0,,2629,0,940.0,940.0,931.0
2015-12-31,0.0,-0.53,940.0,,571,0,945.0,945.0,940.0
2015-12-29,0.0,1.61,945.0,,1232,0,930.0,945.0,935.0
2015-12-28,0.0,-0.32,930.0,,2084,0,933.0,934.0,917.0
2015-12-25,0.0,-1.27,933.0,,1116,0,949.0,949.0,931.0
2015-12-24,0.0,1.07,945.0,,1253,0,925.0,955.0,925.0
2015-12-23,0.0,-3.61,935.0,,1218,0,970.0,975.0,935.0
2015-12-22,0.0,2.0,958.0,,3651,0,970.0,970.0,940.0
2015-12-21,0.0,2.26,951.0,,1600,0,930.0,951.0,937.0
2015-12-20,0.0,0.98,930.0,,753,0,921.0,931.0,925.0
2015-12-17,0.0,-1.29,921.0,,2598,0,925.0,925.0,915.0
2015-12-16,0.0,-1.27,933.0,,100,0,933.0,933.0,933.0
2015-12-15,0.0,-2.17,945.0,,1638,0,955.0,955.0,940.0
2015-12-14,0.0,-1.73,966.0,,3956,0,970.0,970.0,961.0
2015-12-13,0.0,-1.6,983.0,,182,0,990.0,990.0,980.0
2015-12-10,0.0,-0.1,999.0,,200,0,1000.0,1000.0,999.0
2015-12-09,0.0,0.1,1000.0,,3121,0,995.0,1010.0,995.0
2015-12-08,0.0,-0.1,999.0,,1624,0,1000.0,1000.0,984.0
2015-12-07,0.0,0.0,1000.0,,3459,0,1015.0,1020.0,1000.0
2015-12-04,0.0,0.91,1001.0,,4857,0,991.0,1030.0,994.0
2015-12-03,0.0,1.67,1338.0,,61352,0,1316.0,1350.0,1300.0
2015-12-02,0.0,1.23,1316.0,,33669,0,1326.0,1324.0,1290.0
2015-12-01,0.0,3.59,1300.0,,13696,0,1255.0,1305.0,1280.0
2015-11-30,0.0,0.97,1255.0,,3769,0,1260.0,1280.0,1240.0
2015-11-29,0.0,-0.56,1242.0,,3453,0,1243.0,1243.0,1225.0
2015-11-26,0.0,-0.79,1250.0,,5615,0,1245.0,1250.0,1228.0
2015-11-25,0.0,0.0,1260.0,,4518,0,1263.0,1270.0,1250.0
2015-11-24,0.0,-0.94,1260.0,,8330,0,1260.0,1266.0,1250.0
2015-11-23,0.0,-2.0,1272.0,,3032,0,1280.0,1280.0,1250.0
2015-11-22,0.0,-1.22,1298.0,,3300,0,1300.0,1300.0,1289.0
2015-11-19,0.0,-0.61,1314.0,,3109,0,1329.0,1329.0,1301.0
2015-11-18,0.0,1.3,1322.0,,3544,0,1310.0,1340.0,1310.0
2015-11-16,0.0,0.46,1305.0,,2958,0,1300.0,1305.0,1295.0
2015-11-15,0.0,-1.22,1299.0,,3763,0,1295.0,1302.0,1275.0
2015-11-10,0.0,0.92,1315.0,,9003,0,1309.0,1335.0,1309.0
2015-11-09,0.0,3.41,1303.0,,14394,0,1250.0,1305.0,1250.0
2015-11-08,0.0,0.8,1260.0,,7222,0,1255.0,1265.0,1250.0
2015-11-05,0.0,4.17,1250.0,,16156,0,1224.0,1272.0,1224.0
2015-11-04,0.0,-0.83,1200.0,,3160,0,1191.0,1220.0,1190.0
2015-11-03,0.0,0.25,1213.0,,3420,0,1186.0,1213.0,1180.0
2015-11-02,0.0,-0.33,1210.0,,2508,0,1220.0,1230.0,1195.0
2015-11-01,0.0,-0.08,1214.0,,1685,0,1235.0,1235.0,1197.0
2015-10-29,0.0,2.53,1215.0,,3025,0,1208.0,1215.0,1180.0
2015-10-28,0.0,-1.25,1185.0,,2698,0,1177.0,1185.0,1120.0
2015-10-27,0.0,-3.15,1200.0,,2886,0,1215.0,1215.0,1186.0
2015-10-25,0.0,0.0,1239.0,,344,0,1235.0,1245.0,1234.0
2015-10-19,0.0,-0.08,1239.0,,5173,0,1230.0,1239.0,1230.0
2015-10-18,0.0,-0.8,1240.0,,1933,0,1250.0,1250.0,1240.0
2015-10-15,0.0,-0.4,1250.0,,2004,0,1240.0,1260.0,1230.0
2015-10-14,0.0,-1.1,1255.0,,3637,0,1260.0,1271.0,1255.0
2015-10-11,0.0,-1.63,1268.0,,2102,0,1270.0,1270.0,1252.0
2015-10-08,0.0,1.57,1290.0,,8747,0,1260.0,1300.0,1248.0
2015-10-07,0.0,-1.55,1270.0,,2812,0,1270.0,1279.0,1246.0
2015-10-06,0.0,-2.27,1290.0,,2029,0,1301.0,1301.0,1289.0
2015-10-05,0.0,-1.42,1327.0,,1214,0,1331.0,1335.0,1320.0
2015-10-04,0.0,0.07,1339.0,,3724,0,1338.0,1340.0,1335.0
2015-10-01,0.0,-0.15,1338.0,,2514,0,1350.0,1350.0,1338.0
2015-09-30,0.0,0.0,1340.0,,8254,0,1355.0,1360.0,1320.0
2015-09-29,0.0,0.07,1340.0,,5934,0,1342.0,1360.0,1337.0
2015-09-28,0.0,-0.81,1339.0,,11315,0,1324.0,1345.0,1295.0
2015-09-24,0.0,0.37,1350.0,,23238,0,1365.0,1365.0,1333.0
2015-09-23,0.0,3.38,1345.0,,29830,0,1276.0,1377.0,1270.0
2015-09-22,0.0,-7.07,1301.0,,14575,0,1380.0,1380.0,1301.0
2015-09-17,0.0,0.29,1400.0,,7638,0,1390.0,1405.0,1370.0
2015-09-16,0.0,-0.5,1396.0,,4521,0,1423.0,1423.0,1375.0
2015-09-15,0.0,-0.36,1403.0,,6994,0,1425.0,1430.0,1390.0
2015-09-14,0.0,0.43,1408.0,,10694,0,1430.0,1480.0,1398.0
2015-09-13,0.0,4.39,1402.0,,23725,0,1320.0,1450.0,1320.0
2015-09-10,0.0,4.11,1343.0,,10276,0,1265.0,1343.0,1265.0
2015-09-09,0.0,0.78,1285.0,,1402,0,1295.0,1295.0,1269.0
2015-09-08,0.0,-0.62,1280.0,,1939,0,1313.0,1315.0,1261.0
2015-09-07,0.0,2.38,1288.0,,6519,0,1270.0,1294.0,1265.0
2015-09-06,0.0,0.64,1258.0,,5146,0,1230.0,1275.0,1200.0
2015-09-03,0.0,-2.34,1250.0,,2137,0,1265.0,1280.0,1240.0
2015-09-02,0.0,-1.46,1280.0,,1765,0,1290.0,1290.0,1270.0
2015-09-01,0.0,-1.22,1299.0,,2990,0,1315.0,1300.0,1275.0
2015-08-31,0.0,0.38,1315.0,,4489,0,1285.0,1315.0,1285.0
2015-08-27,0.0,-2.24,1310.0,,2412,0,1330.0,1335.0,1290.0
2015-08-26,0.0,-0.67,1340.0,,5753,0,1370.0,1370.0,1340.0
2015-08-25,0.0,-0.44,1349.0,,10375,0,1328.0,1349.0,1300.0
2015-08-24,0.0,0.0,1355.0,,4927,0,1382.0,1395.0,1340.0
2015-08-23,0.0,-2.87,1355.0,,4218,0,1380.0,1397.0,1320.0
2015-08-20,0.0,-0.21,1390.0,,7747,0,1425.0,1475.0,1370.0
2015-08-19,0.0,9.91,1398.0,,5565,0,1260.0,1398.0,1260.0
2015-08-18,0.0,3.08,1272.0,,10044,0,1220.0,1286.0,1212.0
2015-08-17,0.0,3.87,1234.0,,11144,0,1190.0,1261.0,1190.0
2015-08-16,0.0,3.3,1188.0,,21917,0,1145.0,1193.0,1139.0
2015-08-13,0.0,2.68,1150.0,,14247,0,1125.0,1165.0,1125.0
2015-08-12,0.0,0.0,1120.0,,22070,0,1106.0,1125.0,1105.0
2015-08-11,0.0,-1.75,1120.0,,11214,0,1140.0,1135.0,1100.0
2015-08-10,0.0,3.64,1140.0,,20775,0,1100.0,1155.0,1105.0
2015-08-09,0.0,2.04,1100.0,,17381,0,1078.0,1130.0,1080.0
2015-08-06,0.0,-0.28,1078.0,,12794,0,1081.0,1120.0,1075.0
2015-08-05,0.0,4.95,1070.0,,29025,0,1030.0,1081.0,1005.0
2015-08-04,0.0,0.0,1030.0,,12903,0,1030.0,1036.0,1016.0
2015-08-03,0.0,-0.29,1030.0,,14769,0,1033.0,1034.0,1007.0
2015-08-02,0.0,5.41,1033.0,,13413,0,980.0,1035.0,980.0
2015-07-30,0.0,1.55,980.0,,15039,0,965.0,985.0,963.0
2015-07-29,0.0,-1.53,965.0,,3928,0,980.0,985.0,965.0
2015-07-28,0.0,-0.91,980.0,,7969,0,989.0,1008.0,960.0
2015-07-27,0.0,-0.1,989.0,,20206,0,990.0,1081.0,955.0
2015-07-26,0.0,10.0,990.0,,626,0,900.0,990.0,918.0
2015-07-23,0.0,8.43,900.0,,2725,0,830.0,900.0,815.0
2015-07-22,0.0,2.09,830.0,,557,0,829.0,830.0,816.0
2015-07-16,0.0,0.12,813.0,,1464,0,812.0,815.0,805.0
2015-07-15,0.0,0.25,812.0,,1700,0,810.0,813.0,805.0
2015-07-14,0.0,-0.74,810.0,,1332,0,816.0,816.0,810.0
2015-07-13,0.0,0.0,816.0,,368,0,821.0,821.0,816.0
2015-07-12,0.0,-0.37,816.0,,1043,0,819.0,819.0,810.0
2015-07-09,0.0,-0.12,819.0,,836,0,824.0,824.0,817.0
2015-07-08,0.0,0.74,820.0,,1908,0,814.0,824.0,814.0
2015-07-07,0.0,0.25,814.0,,1050,0,803.0,814.0,803.0
2015-07-06,0.0,0.12,812.0,,590,0,811.0,812.0,806.0
2015-07-05,0.0,-0.98,811.0,,1885,0,820.0,820.0,810.0
2015-07-02,0.0,-0.12,819.0,,938,0,815.0,823.0,815.0
2015-07-01,0.0,-0.12,820.0,,1361,0,816.0,825.0,816.0
2015-06-30,0.0,0.74,821.0,,1979,0,820.0,821.0,815.0
2015-06-29,0.0,0.49,815.0,,983,0,827.0,831.0,815.0
2015-06-28,0.0,0.75,811.0,,223,0,810.0,811.0,810.0
2015-06-25,0.0,2.42,805.0,,1037,0,780.0,805.0,780.0
2015-06-24,0.0,0.77,786.0,,3687,0,790.0,799.0,780.0
2015-06-23,0.0,0.0,780.0,,432,0,775.0,780.0,775.0
2015-06-22,0.0,-0.89,780.0,,3673,0,787.0,788.0,780.0
2015-06-21,0.0,-1.13,787.0,,1498,0,796.0,795.0,780.0
2015-06-18,0.0,-0.5,796.0,,920,0,800.0,800.0,784.0
2015-06-17,0.0,-1.23,800.0,,1386,0,810.0,805.0,789.0
2015-06-16,0.0,0.62,810.0,,1573,0,805.0,810.0,791.0
2015-06-15,0.0,1.13,805.0,,1254,0,796.0,805.0,790.0
2015-06-14,0.0,-2.69,796.0,,636,0,818.0,820.0,796.0
2015-06-11,0.0,-2.04,818.0,,1800,0,835.0,830.0,818.0
2015-06-10,0.0,1.21,835.0,,1080,0,825.0,835.0,815.0
2015-06-09,0.0,0.86,825.0,,5388,0,818.0,877.0,815.0
2015-06-08,0.0,2.51,818.0,,4020,0,798.0,844.0,800.0
2015-06-07,0.0,0.76,798.0,,1802,0,792.0,807.0,785.0
2015-06-04,0.0,0.0,792.0,,1313,0,792.0,805.0,777.0
2015-06-03,0.0,3.8,792.0,,4646,0,763.0,808.0,752.0
2015-06-02,0.0,1.73,763.0,,2750,0,750.0,763.0,740.0
2015-06-01,0.0,1.9,750.0,,1727,0,736.0,780.0,745.0
2015-05-31,0.0,2.51,736.0,,1627,0,718.0,750.0,732.0
2015-05-28,0.0,-2.05,718.0,,1462,0,733.0,729.0,705.0
2015-05-27,0.0,-1.87,733.0,,20,0,747.0,733.0,733.0
2015-05-26,0.0,-10.0,747.0,,381,0,830.0,814.0,747.0
2015-04-23,0.0,-0.95,830.0,,974,0,838.0,838.0,822.0
2015-04-22,0.0,-0.85,821.0,,219,0,828.0,821.0,820.0
2015-04-21,0.0,0.12,828.0,,1042,0,827.0,850.0,827.0
2015-04-20,0.0,-3.84,827.0,,1423,0,860.0,845.0,827.0
2015-04-19,0.0,-0.81,860.0,,200,0,867.0,860.0,860.0
2015-04-16,0.0,3.83,867.0,,831,0,835.0,867.0,830.0
2015-04-15,0.0,0.0,835.0,,63,0,835.0,835.0,825.0
2015-04-13,0.0,-0.48,835.0,,2007,0,839.0,845.0,832.0
2015-04-12,0.0,-0.12,839.0,,165,0,840.0,856.0,839.0
2015-04-09,0.0,1.2,840.0,,1717,0,830.0,851.0,828.0
2015-04-08,0.0,-2.7,830.0,,1672,0,853.0,845.0,830.0
2015-04-07,0.0,1.43,853.0,,24,0,841.0,853.0,853.0
2015-04-06,0.0,0.36,841.0,,1173,0,838.0,841.0,825.0
2015-04-05,0.0,-1.99,838.0,,400,0,855.0,841.0,838.0
2015-04-02,0.0,3.01,855.0,,1154,0,830.0,855.0,831.0
2015-04-01,0.0,-1.31,830.0,,2434,0,841.0,845.0,828.0
2015-03-31,0.0,0.6,841.0,,1153,0,836.0,841.0,837.0
2015-03-30,0.0,0.36,836.0,,1561,0,833.0,836.0,825.0
2015-03-29,0.0,-2.34,833.0,,4665,0,853.0,844.0,833.0
2015-03-26,0.0,-0.58,853.0,,327,0,858.0,859.0,850.0
2015-03-25,0.0,-0.23,858.0,,1085,0,860.0,860.0,858.0
2015-03-24,0.0,-0.58,860.0,,3617,0,865.0,877.0,860.0
2015-03-23,0.0,-3.03,865.0,,2735,0,892.0,892.0,865.0
2015-03-22,0.0,0.22,892.0,,2004,0,890.0,892.0,875.0
2015-03-19,0.0,-2.41,890.0,,1458,0,912.0,912.0,878.0
2015-03-18,0.0,0.77,912.0,,65,0,905.0,912.0,887.0
2015-03-17,0.0,3.9,905.0,,71,0,871.0,905.0,888.0
2015-03-16,0.0,-1.02,871.0,,5589,0,880.0,871.0,859.0
2015-03-12,0.0,-2.76,880.0,,660,0,905.0,901.0,866.0
2015-03-11,0.0,0.56,905.0,,25,0,900.0,905.0,905.0
2015-03-10,0.0,0.0,900.0,,262,0,900.0,900.0,890.0
2015-03-09,0.0,-3.54,900.0,,1398,0,933.0,935.0,900.0
2015-03-04,0.0,3.09,933.0,,759,0,905.0,933.0,900.0
2015-03-03,0.0,1.91,905.0,,572,0,888.0,905.0,900.0
2015-03-02,0.0,0.91,888.0,,868,0,880.0,904.0,870.0
2015-03-01,0.0,-0.56,880.0,,833,0,885.0,880.0,877.0
2015-02-25,0.0,-1.12,885.0,,1282,0,895.0,900.0,885.0
2015-02-24,0.0,-0.56,895.0,,339,0,900.0,901.0,895.0
2015-02-23,0.0,-0.66,900.0,,3205,0,906.0,906.0,899.0
2015-02-22,0.0,-0.44,906.0,,1726,0,910.0,906.0,880.0
2015-02-19,0.0,0.44,910.0,,1127,0,906.0,910.0,900.0
2015-02-16,0.0,-4.53,906.0,,1106,0,949.0,935.0,906.0
2015-02-15,0.0,-0.21,949.0,,391,0,951.0,952.0,949.0
2015-02-12,0.0,0.63,951.0,,3908,0,945.0,951.0,930.0
2015-02-11,0.0,1.07,945.0,,596,0,935.0,945.0,920.0
2015-02-10,0.0,1.85,935.0,,1499,0,918.0,935.0,900.0
2015-02-09,0.0,-1.08,918.0,,2519,0,928.0,918.0,900.0
2015-02-08,0.0,0.87,928.0,,4161,0,920.0,928.0,900.0
2015-02-05,0.0,-2.54,920.0,,551,0,944.0,926.0,920.0
2015-02-04,0.0,0.21,944.0,,923,0,942.0,944.0,935.0
2015-02-03,0.0,1.73,942.0,,1752,0,926.0,950.0,926.0
2015-02-02,0.0,-2.63,926.0,,721,0,951.0,933.0,926.0
2015-02-01,0.0,-1.45,951.0,,247,0,965.0,964.0,951.0
2015-01-29,0.0,-0.62,965.0,,2332,0,971.0,990.0,948.0
2015-01-28,0.0,0.31,971.0,,4157,0,968.0,974.0,955.0
2015-01-27,0.0,2.33,968.0,,10958,0,946.0,970.0,927.0
2015-01-26,0.0,0.11,946.0,,1906,0,945.0,982.0,942.0
2015-01-25,0.0,4.65,945.0,,15371,0,903.0,954.0,920.0
2015-01-22,0.0,3.79,903.0,,6364,0,870.0,903.0,851.0
2015-01-20,0.0,-0.34,870.0,,7171,0,873.0,905.0,856.0
2015-01-19,0.0,1.75,873.0,,3850,0,858.0,875.0,858.0
2015-01-18,0.0,3.87,858.0,,756,0,826.0,858.0,840.0
2015-01-14,0.0,-0.48,826.0,,361,0,830.0,826.0,825.0
2015-01-13,0.0,0.24,830.0,,1517,0,828.0,830.0,810.0
2015-01-12,0.0,1.6,828.0,,1378,0,815.0,828.0,801.0
2015-01-11,0.0,0.0,815.0,,732,0,815.0,825.0,800.0
2015-01-08,0.0,1.24,815.0,,409,0,805.0,815.0,807.0
2015-01-07,0.0,0.0,805.0,,884,0,805.0,811.0,805.0
2015-01-06,0.0,-1.23,805.0,,3183,0,815.0,816.0,800.0
2015-01-05,0.0,1.24,815.0,,4423,0,805.0,835.0,806.0
2015-01-04,0.0,5.92,805.0,,1146,0,760.0,805.0,768.0
2015-01-01,0.0,-0.65,760.0,,1480,0,765.0,770.0,760.0
2014-12-31,0.0,-1.29,765.0,,281,0,775.0,765.0,760.0
2014-12-29,0.0,2.65,775.0,,740,0,755.0,775.0,755.0
2014-12-28,0.0,1.34,755.0,,1515,0,745.0,774.0,752.0
2014-12-24,0.0,1.22,745.0,,629,0,736.0,745.0,725.0
2014-12-22,0.0,1.94,736.0,,81,0,722.0,736.0,736.0
2014-12-21,0.0,-0.41,722.0,,138,0,725.0,722.0,712.0
2014-12-18,0.0,-0.68,725.0,,52,0,730.0,725.0,725.0
2014-12-16,0.0,-1.75,730.0,,174,0,743.0,740.0,730.0
2014-12-15,0.0,1.78,743.0,,1050,0,730.0,760.0,743.0
2014-12-14,0.0,5.8,730.0,,834,0,690.0,730.0,700.0
2014-12-11,0.0,-0.29,690.0,,2178,0,692.0,703.0,690.0
2014-12-10,0.0,1.76,692.0,,1067,0,680.0,699.0,692.0
2014-12-09,0.0,-1.45,680.0,,271,0,690.0,690.0,680.0
2014-12-08,0.0,-1.43,690.0,,490,0,700.0,690.0,690.0
2014-12-07,0.0,-1.27,700.0,,32,0,709.0,709.0,700.0
2014-12-04,0.0,0.0,709.0,,245,0,709.0,709.0,700.0
2014-12-03,0.0,1.29,709.0,,538,0,700.0,709.0,700.0
2014-12-02,0.0,-1.69,700.0,,547,0,712.0,700.0,700.0
2014-12-01,0.0,-1.93,712.0,,100,0,726.0,712.0,712.0
2014-11-25,0.0,1.71,835.0,,2681,0,821.0,840.0,805.0
2014-11-24,0.0,-1.08,821.0,,4450,0,830.0,832.0,816.0
2014-11-23,0.0,1.22,830.0,,1662,0,820.0,861.0,830.0
2014-11-20,0.0,0.61,820.0,,3948,0,815.0,832.0,800.0
2014-11-19,0.0,-0.12,815.0,,4327,0,816.0,830.0,815.0
2014-11-18,0.0,-1.09,816.0,,294,0,825.0,816.0,800.0
2014-11-17,0.0,-1.79,825.0,,986,0,840.0,826.0,815.0
2014-11-16,0.0,-0.24,840.0,,790,0,842.0,857.0,840.0
2014-11-13,0.0,-1.64,842.0,,2839,0,856.0,856.0,825.0
2014-11-12,0.0,0.0,856.0,,191,0,856.0,856.0,853.0
2014-11-11,0.0,1.9,856.0,,1333,0,840.0,856.0,830.0
2014-11-10,0.0,-1.29,840.0,,147,0,851.0,852.0,840.0
2014-11-09,0.0,0.0,851.0,,1011,0,851.0,855.0,842.0
2014-11-06,0.0,-2.63,851.0,,490,0,874.0,861.0,850.0
2014-11-05,0.0,1.27,874.0,,208,0,863.0,874.0,874.0
2014-11-04,0.0,-1.26,863.0,,560,0,874.0,870.0,860.0
2014-11-03,0.0,-2.24,874.0,,1025,0,894.0,895.0,874.0
2014-11-02,0.0,-1.11,894.0,,1261,0,904.0,904.0,894.0
2014-10-30,0.0,-0.33,904.0,,2527,0,907.0,920.0,900.0
2014-10-28,0.0,0.78,907.0,,4353,0,900.0,910.0,900.0
2014-10-27,0.0,3.33,900.0,,2951,0,871.0,900.0,880.0
2014-10-26,0.0,-1.58,871.0,,388,0,885.0,875.0,871.0
2014-10-22,0.0,1.96,885.0,,1287,0,868.0,885.0,860.0
2014-10-21,0.0,-0.57,868.0,,521,0,873.0,880.0,868.0
2014-10-20,0.0,-0.23,873.0,,693,0,875.0,880.0,873.0
2014-10-19,0.0,0.57,875.0,,1697,0,870.0,880.0,865.0
2014-10-16,0.0,-0.91,870.0,,1047,0,878.0,885.0,865.0
2014-10-15,0.0,1.5,878.0,,3072,0,865.0,878.0,861.0
2014-10-14,0.0,1.17,865.0,,729,0,855.0,865.0,850.0
2014-10-13,0.0,-1.72,855.0,,128,0,870.0,870.0,855.0
2014-10-12,0.0,0.0,870.0,,678,0,870.0,870.0,853.0
2014-10-09,0.0,-1.14,870.0,,125,0,880.0,885.0,870.0
2014-09-30,0.0,1.73,880.0,,426,0,865.0,882.0,880.0
2014-09-29,0.0,-1.7,865.0,,861,0,880.0,875.0,860.0
2014-09-28,0.0,1.15,880.0,,243,0,870.0,880.0,870.0
2014-09-24,0.0,1.75,870.0,,1206,0,855.0,870.0,842.0
2014-09-23,0.0,2.89,855.0,,3700,0,831.0,870.0,831.0
2014-09-22,0.0,-2.12,831.0,,2930,0,849.0,865.0,831.0
2014-09-21,0.0,-2.41,849.0,,518,0,870.0,887.0,849.0
2014-09-17,0.0,0.57,875.0,,2059,0,870.0,875.0,860.0
2014-09-16,0.0,2.96,870.0,,4926,0,845.0,885.0,850.0
2014-09-15,0.0,-1.05,845.0,,223,0,854.0,845.0,845.0
2014-09-14,0.0,-1.95,854.0,,858,0,871.0,870.0,854.0
2014-09-11,0.0,0.23,871.0,,1044,0,869.0,871.0,852.0
2014-09-10,0.0,-2.91,869.0,,2310,0,895.0,900.0,853.0
2014-09-09,0.0,2.99,895.0,,374,0,869.0,895.0,875.0
2014-09-07,0.0,-2.36,869.0,,4233,0,890.0,885.0,858.0
2014-09-04,0.0,-2.2,890.0,,461,0,910.0,895.0,866.0
2014-09-03,0.0,-0.87,910.0,,6985,0,918.0,935.0,910.0
2014-09-01,0.0,-0.76,918.0,,2147,0,925.0,925.0,900.0
2014-08-31,0.0,-3.65,925.0,,1513,0,960.0,941.0,923.0
2014-08-28,0.0,3.45,960.0,,1672,0,928.0,965.0,946.0
2014-08-27,0.0,2.54,928.0,,1048,0,905.0,941.0,923.0
2014-08-26,0.0,-2.69,905.0,,2344,0,930.0,930.0,905.0
2014-08-25,0.0,-5.97,930.0,,848,0,989.0,970.0,928.0
2014-08-24,0.0,0.41,989.0,,3307,0,985.0,1004.0,966.0
2014-08-21,0.0,3.14,985.0,,4035,0,955.0,990.0,949.0
2014-08-20,0.0,-0.83,955.0,,2326,0,963.0,985.0,950.0
2014-08-19,0.0,1.37,963.0,,5453,0,950.0,999.0,960.0
2014-08-18,0.0,-1.04,950.0,,294,0,960.0,955.0,950.0
2014-08-14,0.0,0.73,960.0,,3020,0,953.0,969.0,945.0
2014-08-13,0.0,1.38,953.0,,1870,0,940.0,953.0,930.0
2014-08-12,0.0,-1.05,940.0,,554,0,950.0,950.0,935.0
2014-08-07,0.0,0.0,950.0,,1093,0,950.0,950.0,930.0
2014-08-06,0.0,0.21,950.0,,2082,0,948.0,960.0,936.0
2014-08-05,0.0,0.85,948.0,,1363,0,940.0,951.0,935.0
2014-08-04,0.0,-1.05,940.0,,1662,0,950.0,950.0,930.0
2014-08-03,0.0,-0.31,950.0,,2430,0,953.0,960.0,950.0
2014-07-31,0.0,1.93,953.0,,1327,0,935.0,953.0,921.0
2014-07-30,0.0,-4.59,935.0,,1515,0,980.0,971.0,927.0
2014-07-28,0.0,0.0,980.0,,2326,0,980.0,984.0,961.0
2014-07-24,0.0,-1.51,980.0,,1146,0,995.0,1005.0,980.0
2014-07-23,0.0,0.51,995.0,,5055,0,990.0,1009.0,980.0
2014-07-22,0.0,-0.7,990.0,,13304,0,997.0,999.0,972.0
2014-07-21,0.0,4.95,997.0,,21932,0,950.0,1010.0,940.0
2014-07-20,0.0,0.53,950.0,,6571,0,945.0,969.0,935.0
2014-07-17,0.0,0.43,945.0,,2065,0,941.0,955.0,930.0
2014-07-16,0.0,-1.36,941.0,,2974,0,954.0,960.0,941.0
2014-07-15,0.0,-0.31,954.0,,2034,0,957.0,954.0,941.0
2014-07-14,0.0,-1.95,957.0,,697,0,976.0,960.0,957.0
2014-07-13,0.0,0.1,976.0,,1556,0,975.0,1020.0,975.0
2014-07-10,0.0,-1.71,975.0,,3257,0,992.0,990.0,970.0
2014-07-09,0.0,1.85,992.0,,74,0,974.0,992.0,992.0
2014-07-08,0.0,3.62,974.0,,2775,0,940.0,974.0,940.0
2014-07-07,0.0,-0.11,940.0,,2393,0,941.0,955.0,927.0
2014-07-06,0.0,-0.95,941.0,,1476,0,950.0,955.0,941.0
2014-07-03,0.0,-0.84,950.0,,1702,0,958.0,960.0,940.0
2014-07-02,0.0,4.13,958.0,,2200,0,920.0,958.0,920.0
2014-07-01,0.0,-0.54,920.0,,2306,0,925.0,936.0,920.0
2014-06-30,0.0,0.0,925.0,,772,0,925.0,925.0,916.0
2014-06-29,0.0,-0.54,925.0,,234,0,930.0,935.0,925.0
2014-06-26,0.0,1.64,930.0,,2477,0,915.0,940.0,920.0
2014-06-25,0.0,0.11,915.0,,1850,0,914.0,916.0,911.0
2014-06-24,0.0,-1.72,914.0,,2783,0,930.0,928.0,910.0
2014-06-23,0.0,-1.59,930.0,,343,0,945.0,930.0,930.0
2014-06-19,0.0,-0.53,945.0,,1790,0,950.0,951.0,940.0
2014-06-18,0.0,-2.16,950.0,,2530,0,971.0,985.0,950.0
2014-06-17,0.0,-2.41,971.0,,1900,0,995.0,995.0,965.0
2014-06-16,0.0,6.99,995.0,,3814,0,930.0,995.0,945.0
2014-06-15,0.0,1.64,930.0,,6331,0,915.0,933.0,905.0
2014-06-12,0.0,3.74,915.0,,3471,0,882.0,925.0,880.0
2014-06-11,0.0,2.8,882.0,,4829,0,858.0,885.0,855.0
2014-06-10,0.0,0.35,858.0,,3231,0,855.0,860.0,850.0
2014-06-09,0.0,1.66,855.0,,3138,0,841.0,860.0,845.0
2014-06-08,0.0,-1.06,841.0,,3655,0,850.0,858.0,840.0
2014-06-05,0.0,-1.16,850.0,,5500,0,860.0,850.0,829.0
2014-06-04,0.0,1.42,860.0,,2207,0,848.0,860.0,845.0
2014-06-03,0.0,1.68,848.0,,2386,0,834.0,850.0,830.0
2014-06-02,0.0,0.48,834.0,,3579,0,830.0,840.0,830.0
2014-06-01,0.0,0.0,830.0,,1740,0,830.0,840.0,825.0
2014-05-28,0.0,1.84,830.0,,3563,0,815.0,840.0,814.0
2014-05-27,0.0,-1.57,815.0,,1280,0,828.0,821.0,810.0
2014-05-26,0.0,-0.24,828.0,,792,0,830.0,840.0,820.0
2014-05-25,0.0,0.0,830.0,,2076,0,830.0,840.0,814.0
2014-05-22,0.0,2.34,830.0,,757,0,811.0,830.0,815.0
2014-05-21,0.0,-1.34,811.0,,3902,0,822.0,822.0,805.0
2014-05-20,0.0,-0.36,822.0,,184,0,825.0,830.0,820.0
2014-05-19,0.0,-2.37,825.0,,1310,0,845.0,835.0,825.0
2014-05-18,0.0,-1.86,845.0,,748,0,861.0,861.0,845.0
2014-05-15,0.0,-0.46,861.0,,292,0,865.0,861.0,850.0
2014-05-13,0.0,-1.37,865.0,,2445,0,877.0,880.0,855.0
2014-05-12,0.0,3.79,877.0,,1359,0,845.0,877.0,850.0
2014-05-11,0.0,-1.29,845.0,,589,0,856.0,850.0,845.0
2014-05-08,0.0,-1.5,856.0,,311,0,869.0,865.0,855.0
2014-05-07,0.0,1.28,869.0,,2830,0,858.0,880.0,860.0
2014-05-06,0.0,2.75,858.0,,3694,0,835.0,870.0,836.0
2014-05-05,0.0,4.38,835.0,,700,0,800.0,835.0,816.0
2014-05-04,0.0,-1.23,800.0,,2325,0,810.0,810.0,795.0
2014-04-30,0.0,-0.61,810.0,,911,0,815.0,814.0,805.0
2014-04-29,0.0,-0.37,815.0,,1165,0,818.0,815.0,812.0
2014-04-27,0.0,-0.85,818.0,,2252,0,825.0,825.0,818.0
2014-04-23,0.0,0.61,825.0,,1701,0,820.0,825.0,815.0
2014-04-22,0.0,0.74,820.0,,1376,0,814.0,820.0,805.0
2014-04-21,0.0,-0.37,814.0,,1783,0,817.0,818.0,813.0
2014-04-20,0.0,0.86,817.0,,2175,0,810.0,820.0,801.0
2014-04-17,0.0,-1.22,810.0,,147,0,820.0,810.0,810.0
2014-04-16,0.0,-1.8,820.0,,1013,0,835.0,835.0,820.0
2014-04-15,0.0,0.72,835.0,,1517,0,829.0,835.0,830.0
2014-04-13,0.0,0.61,829.0,,1587,0,824.0,829.0,820.0
2014-04-10,0.0,1.73,824.0,,502,0,810.0,824.0,816.0
2014-04-09,0.0,0.37,810.0,,1269,0,807.0,813.0,808.0
2014-04-07,0.0,0.5,807.0,,1594,0,803.0,809.0,802.0
2014-04-06,0.0,-1.47,803.0,,1452,0,815.0,815.0,795.0
2014-04-03,0.0,0.37,815.0,,586,0,812.0,821.0,810.0
2014-04-02,0.0,0.74,812.0,,343,0,806.0,812.0,802.0
2014-04-01,0.0,-0.49,806.0,,2660,0,810.0,806.0,791.0
2014-03-31,0.0,-1.22,810.0,,529,0,820.0,820.0,810.0
2014-03-27,0.0,0.0,820.0,,280,0,820.0,820.0,820.0
2014-03-26,0.0,0.99,820.0,,698,0,812.0,820.0,816.0
2014-03-25,0.0,-0.61,812.0,,2072,0,817.0,820.0,810.0
2014-03-24,0.0,-1.57,817.0,,1922,0,830.0,830.0,816.0
2014-03-23,0.0,1.22,830.0,,2056,0,820.0,836.0,830.0
2014-03-20,0.0,0.0,820.0,,187,0,820.0,820.0,820.0
2014-03-19,0.0,1.86,820.0,,925,0,805.0,821.0,815.0
2014-03-18,0.0,-3.13,805.0,,1701,0,831.0,821.0,804.0
2014-03-17,0.0,-2.24,831.0,,880,0,850.0,840.0,831.0
2014-03-13,0.0,0.0,850.0,,44,0,850.0,850.0,850.0
2014-03-12,0.0,-1.16,850.0,,749,0,860.0,850.0,850.0
2014-03-11,0.0,0.58,860.0,,777,0,855.0,860.0,855.0
2014-03-10,0.0,1.06,855.0,,258,0,846.0,855.0,846.0
2014-03-09,0.0,-6.21,846.0,,923,0,902.0,884.0,840.0
2014-03-06,0.0,-2.91,902.0,,85,0,929.0,902.0,902.0
2014-03-05,0.0,2.2,929.0,,9433,0,909.0,935.0,891.0
2014-03-04,0.0,-2.57,909.0,,3022,0,933.0,951.0,897.0
2014-03-03,0.0,-1.17,933.0,,4275,0,944.0,945.0,930.0
2014-02-26,0.0,-2.18,944.0,,3298,0,965.0,984.0,940.0
2014-02-25,0.0,0.52,965.0,,2525,0,960.0,979.0,942.0
2014-02-24,0.0,0.73,960.0,,4587,0,953.0,991.0,950.0
2014-02-23,0.0,4.73,953.0,,5282,0,910.0,981.0,928.0
2014-02-20,0.0,-0.22,910.0,,5133,0,912.0,945.0,905.0
2014-02-18,0.0,1.33,912.0,,3620,0,900.0,912.0,890.0
2014-02-17,0.0,-0.55,900.0,,3817,0,905.0,900.0,890.0
2014-02-16,0.0,1.69,905.0,,781,0,890.0,905.0,890.0
2014-02-13,0.0,0.23,890.0,,435,0,888.0,899.0,890.0
2014-02-12,0.0,0.79,888.0,,1813,0,881.0,894.0,870.0
2014-02-11,0.0,-1.56,881.0,,964,0,895.0,888.0,862.0
2014-02-10,0.0,4.68,895.0,,5387,0,855.0,910.0,872.0
2014-02-09,0.0,-3.72,855.0,,2155,0,888.0,888.0,855.0
2014-02-06,0.0,1.49,888.0,,1109,0,875.0,888.0,864.0
2014-02-05,0.0,0.57,875.0,,413,0,870.0,875.0,860.0
2014-02-04,0.0,0.0,870.0,,22,0,870.0,870.0,870.0
2014-02-03,0.0,1.4,870.0,,252,0,858.0,870.0,860.0
2014-02-02,0.0,-1.49,858.0,,1072,0,871.0,886.0,858.0
2014-01-29,0.0,0.0,871.0,,4203,0,871.0,875.0,865.0
2014-01-28,0.0,0.23,871.0,,3275,0,869.0,871.0,855.0
2014-01-27,0.0,-0.57,869.0,,1038,0,874.0,870.0,857.0
2014-01-26,0.0,-1.24,874.0,,1625,0,885.0,880.0,870.0
2014-01-23,0.0,0.23,885.0,,2527,0,883.0,894.0,880.0
2014-01-22,0.0,0.34,883.0,,1544,0,880.0,883.0,861.0
2014-01-21,0.0,-1.23,880.0,,587,0,891.0,890.0,880.0
2014-01-20,0.0,-0.34,891.0,,766,0,894.0,891.0,880.0
2014-01-19,0.0,-0.67,894.0,,639,0,900.0,900.0,894.0
2014-01-16,0.0,1.12,900.0,,3030,0,890.0,920.0,896.0
2014-01-14,0.0,0.0,890.0,,1521,0,890.0,902.0,885.0
2014-01-13,0.0,-0.56,890.0,,3213,0,895.0,897.0,867.0
2014-01-12,0.0,-0.56,895.0,,1824,0,900.0,908.0,888.0
2014-01-09,0.0,0.0,900.0,,1535,0,900.0,903.0,885.0
2014-01-08,0.0,2.86,900.0,,1526,0,875.0,908.0,870.0
2014-01-07,0.0,-0.23,875.0,,2859,0,877.0,885.0,857.0
2014-01-06,0.0,1.04,877.0,,1702,0,868.0,877.0,862.0
2014-01-05,0.0,-1.59,868.0,,3725,0,882.0,888.0,860.0
2014-01-02,0.0,-3.4,882.0,,8048,0,913.0,902.0,864.0
2014-01-01,0.0,1.44,913.0,,10264,0,900.0,913.0,893.0
2013-12-31,0.0,0.0,900.0,,4812,0,900.0,918.0,891.0
2013-12-29,0.0,2.27,900.0,,1855,0,880.0,907.0,881.0
2013-12-26,0.0,-0.56,880.0,,2003,0,885.0,939.0,880.0
2013-12-24,0.0,2.91,885.0,,4003,0,860.0,885.0,840.0
2013-12-23,0.0,-3.37,860.0,,6117,0,890.0,875.0,855.0
2013-12-22,0.0,-3.37,890.0,,9477,0,921.0,920.0,890.0
2013-12-19,0.0,-4.06,921.0,,8047,0,960.0,960.0,902.0
2013-12-18,0.0,6.67,960.0,,6374,0,900.0,973.0,890.0
2013-12-16,0.0,7.14,900.0,,1863,0,840.0,904.0,856.0
2013-12-15,0.0,3.07,840.0,,3634,0,815.0,840.0,811.0
2013-12-12,0.0,0.62,815.0,,1762,0,810.0,815.0,800.0
2013-12-11,0.0,1.89,810.0,,2555,0,795.0,810.0,798.0
2013-12-10,0.0,-1.85,795.0,,1562,0,810.0,800.0,793.0
2013-12-09,0.0,4.11,810.0,,2951,0,778.0,810.0,768.0
2013-12-08,0.0,-1.02,778.0,,1681,0,786.0,780.0,775.0
2013-12-05,0.0,2.08,786.0,,6654,0,770.0,817.0,770.0
2013-12-04,0.0,0.13,770.0,,3034,0,769.0,805.0,770.0
2013-12-03,0.0,3.22,769.0,,2152,0,745.0,769.0,750.0
2013-12-02,0.0,0.68,745.0,,4050,0,740.0,751.0,740.0
2013-12-01,0.0,-0.67,740.0,,2869,0,745.0,749.0,740.0
2013-11-28,0.0,-1.32,745.0,,1372,0,755.0,750.0,745.0
2013-11-27,0.0,-3.82,755.0,,1855,0,785.0,770.0,740.0
2013-11-26,0.0,-2.48,785.0,,2826,0,805.0,789.0,755.0
2013-11-25,0.0,-3.25,805.0,,1769,0,832.0,820.0,800.0
2013-11-24,0.0,1.96,832.0,,10492,0,816.0,896.0,830.0
2013-11-21,0.0,8.08,816.0,,267,0,755.0,816.0,770.0
2013-11-14,0.0,0.0,755.0,,3015,0,755.0,760.0,744.0
2013-11-13,0.0,3.28,755.0,,2244,0,731.0,760.0,745.0
2013-11-12,0.0,-2.01,731.0,,7978,0,746.0,780.0,731.0
2013-11-11,0.0,-0.67,746.0,,13038,0,751.0,750.0,722.0
2013-11-07,0.0,0.81,751.0,,960,0,745.0,751.0,740.0
2013-11-06,0.0,-0.67,745.0,,196,0,750.0,745.0,735.0
2013-10-31,0.0,-0.27,750.0,,299,0,752.0,750.0,742.0
2013-10-30,0.0,1.62,752.0,,441,0,740.0,752.0,740.0
2013-10-29,0.0,0.0,740.0,,336,0,740.0,740.0,733.0
2013-10-28,0.0,0.68,740.0,,418,0,735.0,742.0,735.0
2013-10-27,0.0,0.14,735.0,,254,0,734.0,735.0,730.0
2013-10-24,0.0,-0.41,734.0,,2137,0,737.0,735.0,726.0
2013-10-23,0.0,-2.38,737.0,,609,0,755.0,752.0,737.0
2013-10-22,0.0,-2.58,755.0,,724,0,775.0,775.0,755.0
2013-10-21,0.0,0.65,775.0,,1661,0,770.0,784.0,762.0
2013-10-20,0.0,4.05,770.0,,1206,0,740.0,770.0,735.0
2013-10-17,0.0,0.95,740.0,,2194,0,733.0,747.0,740.0
2013-10-10,0.0,1.1,733.0,,432,0,725.0,735.0,718.0
2013-10-09,0.0,1.4,725.0,,1617,0,715.0,725.0,720.0
2013-10-08,0.0,0.42,715.0,,3200,0,712.0,715.0,705.0
2013-10-07,0.0,0.56,712.0,,279,0,708.0,730.0,712.0
2013-10-06,0.0,1.87,708.0,,132,0,695.0,708.0,695.0
2013-10-03,0.0,0.72,695.0,,141,0,690.0,700.0,695.0
2013-10-02,0.0,2.22,690.0,,1464,0,675.0,700.0,675.0
2013-10-01,0.0,0.6,675.0,,262,0,671.0,680.0,675.0
2013-09-30,0.0,0.9,671.0,,2208,0,665.0,671.0,665.0
2013-09-29,0.0,1.53,665.0,,2730,0,655.0,668.0,655.0
2013-09-26,0.0,-3.68,655.0,,1264,0,680.0,699.0,655.0
2013-09-25,0.0,3.03,680.0,,1076,0,660.0,680.0,661.0
2013-09-24,0.0,5.77,660.0,,5542,0,624.0,673.0,600.0
2013-09-23,0.0,-4.59,624.0,,11114,0,654.0,650.0,600.0
2013-09-22,0.0,-1.65,654.0,,5848,0,665.0,665.0,640.0
2013-09-19,0.0,1.37,665.0,,292,0,656.0,665.0,656.0
2013-09-17,0.0,-3.53,656.0,,1513,0,680.0,680.0,655.0
2013-09-16,0.0,-1.31,680.0,,1519,0,689.0,692.0,679.0
2013-09-15,0.0,-0.86,689.0,,133,0,695.0,700.0,688.0
2013-09-12,0.0,-0.71,695.0,,90,0,700.0,695.0,686.0
2013-09-11,0.0,0.0,700.0,,1412,0,700.0,704.0,692.0
2013-09-10,0.0,-0.28,700.0,,775,0,702.0,716.0,690.0
2013-09-09,0.0,1.74,702.0,,2193,0,690.0,703.0,690.0
2013-09-08,0.0,-0.43,690.0,,444,0,693.0,692.0,688.0
2013-09-05,0.0,3.12,693.0,,514,0,672.0,693.0,666.0
2013-09-04,0.0,-2.61,672.0,,336,0,690.0,690.0,672.0
2013-09-03,0.0,-2.27,690.0,,1231,0,706.0,700.0,690.0
2013-09-02,0.0,0.86,706.0,,1050,0,700.0,714.0,700.0
2013-09-01,0.0,-4.24,700.0,,1550,0,731.0,736.0,690.0
2013-08-29,0.0,-0.95,731.0,,919,0,738.0,735.0,731.0
2013-08-27,0.0,1.23,738.0,,812,0,729.0,738.0,720.0
2013-08-26,0.0,-2.02,729.0,,334,0,744.0,730.0,716.0
2013-08-25,0.0,0.0,744.0,,2488,0,744.0,745.0,735.0
2013-08-20,0.0,1.64,744.0,,2367,0,732.0,744.0,715.0
2013-08-19,0.0,0.0,732.0,,889,0,732.0,739.0,730.0
2013-08-18,0.0,0.27,732.0,,1571,0,730.0,740.0,694.0
2013-08-15,0.0,-2.01,730.0,,328,0,745.0,741.0,730.0
2013-08-14,0.0,0.0,745.0,,1338,0,745.0,760.0,745.0
2013-08-13,0.0,0.0,745.0,,50,0,745.0,745.0,745.0
2013-08-12,0.0,-0.27,745.0,,688,0,747.0,747.0,740.0
2013-08-11,0.0,-0.93,747.0,,300,0,754.0,750.0,746.0
2013-08-08,0.0,1.21,754.0,,247,0,745.0,755.0,750.0
2013-08-07,0.0,-0.93,745.0,,1553,0,752.0,755.0,740.0
2013-08-06,0.0,1.21,752.0,,1309,0,743.0,752.0,730.0
2013-08-05,0.0,-0.8,743.0,,2082,0,749.0,749.0,740.0
2013-08-04,0.0,1.22,749.0,,3747,0,740.0,754.0,740.0
2013-08-01,0.0,1.37,740.0,,1888,0,730.0,745.0,731.0
2013-07-31,0.0,0.14,730.0,,1303,0,729.0,736.0,726.0
2013-07-30,0.0,1.39,729.0,,789,0,719.0,731.0,722.0
2013-07-29,0.0,0.98,719.0,,1259,0,712.0,719.0,713.0
2013-07-28,0.0,-1.11,712.0,,340,0,720.0,713.0,712.0
2013-07-25,0.0,0.98,720.0,,1866,0,713.0,725.0,710.0
2013-07-24,0.0,-1.66,713.0,,777,0,725.0,720.0,713.0
2013-07-23,0.0,-1.23,725.0,,931,0,734.0,733.0,725.0
2013-07-22,0.0,0.55,734.0,,258,0,730.0,744.0,730.0
2013-07-21,0.0,3.11,730.0,,739,0,708.0,736.0,721.0
2013-07-18,0.0,1.14,708.0,,840,0,700.0,713.0,701.0
2013-07-17,0.0,-1.96,700.0,,179,0,714.0,700.0,700.0
2013-07-16,0.0,2.0,714.0,,783,0,700.0,714.0,700.0
2013-07-15,0.0,0.0,700.0,,766,0,700.0,700.0,700.0
2013-07-14,0.0,-0.43,700.0,,202,0,703.0,700.0,700.0
2013-07-11,0.0,0.43,703.0,,1472,0,700.0,703.0,699.0
2013-07-10,0.0,1.45,700.0,,113,0,690.0,702.0,700.0
2013-07-09,0.0,0.29,690.0,,534,0,688.0,705.0,690.0
2013-07-08,0.0,1.18,688.0,,1254,0,680.0,690.0,684.0
2013-07-07,0.0,1.8,680.0,,812,0,668.0,685.0,678.0
2013-07-04,0.0,-1.91,668.0,,2702,0,681.0,680.0,668.0
2013-07-03,0.0,-1.59,681.0,,3204,0,692.0,692.0,681.0
2013-07-02,0.0,-1.0,692.0,,1575,0,699.0,695.0,686.0
2013-07-01,0.0,0.43,699.0,,130,0,696.0,699.0,696.0
2013-06-30,0.0,-0.57,696.0,,1253,0,700.0,701.0,696.0
2013-06-27,0.0,-1.27,700.0,,888,0,709.0,700.0,694.0
2013-06-26,0.0,1.43,709.0,,2941,0,699.0,720.0,700.0
2013-06-25,0.0,2.19,699.0,,1610,0,684.0,701.0,675.0
2013-06-24,0.0,1.94,684.0,,54,0,671.0,697.0,684.0
2013-06-23,0.0,-0.74,671.0,,889,0,676.0,689.0,671.0
2013-06-20,0.0,-3.43,676.0,,305,0,700.0,690.0,676.0
2013-06-19,0.0,-0.85,700.0,,327,0,706.0,700.0,690.0
2013-06-18,0.0,-1.94,706.0,,254,0,720.0,707.0,706.0
2013-06-17,0.0,-1.91,720.0,,26,0,734.0,720.0,720.0
2013-06-16,0.0,3.38,734.0,,284,0,710.0,734.0,724.0
2013-06-13,0.0,0.57,710.0,,1816,0,706.0,711.0,710.0
2013-06-12,0.0,-1.26,706.0,,782,0,715.0,714.0,702.0
2013-06-11,0.0,-1.24,715.0,,949,0,724.0,715.0,710.0
2013-06-10,0.0,0.56,724.0,,3392,0,720.0,724.0,713.0
2013-06-09,0.0,0.0,720.0,,1007,0,720.0,720.0,705.0
2013-06-06,0.0,0.0,720.0,,1653,0,720.0,720.0,720.0
2013-06-05,0.0,-0.14,720.0,,414,0,721.0,721.0,720.0
2013-06-04,0.0,-1.37,721.0,,228,0,731.0,731.0,720.0
2013-06-03,0.0,1.95,731.0,,872,0,717.0,731.0,720.0
2013-06-02,0.0,-0.42,717.0,,553,0,720.0,725.0,717.0
2013-05-30,0.0,-0.69,720.0,,424,0,725.0,720.0,715.0
2013-05-28,0.0,-0.68,725.0,,345,0,730.0,725.0,725.0
2013-05-27,0.0,2.1,730.0,,341,0,715.0,730.0,725.0
2013-05-26,0.0,-0.14,715.0,,1194,0,716.0,718.0,715.0
2013-05-23,0.0,-1.92,716.0,,87,0,730.0,716.0,716.0
2013-05-22,0.0,0.0,730.0,,1093,0,730.0,730.0,716.0
2013-05-21,0.0,0.69,730.0,,486,0,725.0,730.0,727.0
2013-05-20,0.0,0.0,725.0,,1530,0,725.0,728.0,723.0
2013-05-19,0.0,-0.41,725.0,,570,0,728.0,728.0,720.0
2013-05-16,0.0,1.82,728.0,,263,0,715.0,728.0,715.0
2013-05-15,0.0,2.14,715.0,,1121,0,700.0,715.0,700.0
2013-05-14,0.0,1.16,700.0,,1484,0,692.0,700.0,699.0
2013-05-13,0.0,1.47,692.0,,275,0,682.0,695.0,688.0
2013-05-12,0.0,-1.87,682.0,,749,0,695.0,690.0,682.0
2013-05-09,0.0,0.0,695.0,,1109,0,695.0,695.0,685.0
2013-05-08,0.0,-0.71,695.0,,719,0,700.0,697.0,695.0
2013-05-07,0.0,-0.43,700.0,,599,0,703.0,717.0,700.0
2013-05-05,0.0,-2.36,703.0,,634,0,720.0,720.0,703.0
2013-05-02,0.0,-2.04,720.0,,388,0,735.0,735.0,720.0
2013-04-30,0.0,0.41,735.0,,201,0,732.0,736.0,733.0
2013-04-29,0.0,0.27,732.0,,270,0,730.0,732.0,727.0
2013-04-28,0.0,-0.68,730.0,,729,0,735.0,730.0,715.0
2013-04-25,0.0,-0.68,735.0,,204,0,740.0,735.0,735.0
2013-04-23,0.0,4.67,740.0,,3846,0,707.0,740.0,721.0
2013-04-22,0.0,-4.59,707.0,,5221,0,741.0,735.0,707.0
2013-04-21,0.0,-1.2,741.0,,332,0,750.0,750.0,741.0
2013-04-18,0.0,-1.32,750.0,,300,0,760.0,750.0,750.0
2013-04-17,0.0,-1.43,760.0,,738,0,771.0,774.0,760.0
2013-04-16,0.0,0.13,771.0,,4409,0,770.0,772.0,762.0
2013-04-15,0.0,0.39,770.0,,642,0,767.0,770.0,765.0
2013-04-11,0.0,0.26,767.0,,127,0,765.0,782.0,767.0
2013-04-09,0.0,0.53,765.0,,1105,0,761.0,765.0,758.0
2013-04-08,0.0,0.13,761.0,,807,0,760.0,775.0,760.0
2013-04-07,0.0,0.0,760.0,,603,0,760.0,760.0,755.0
2013-04-04,0.0,-0.65,760.0,,418,0,765.0,765.0,755.0
2013-04-03,0.0,0.26,765.0,,241,0,763.0,765.0,763.0
2013-04-02,0.0,0.39,763.0,,1149,0,760.0,773.0,744.0
2013-04-01,0.0,0.66,760.0,,1782,0,755.0,760.0,725.0
2013-03-31,0.0,-2.58,755.0,,591,0,775.0,760.0,750.0
2013-03-27,0.0,-0.13,775.0,,865,0,776.0,785.0,764.0
2013-03-25,0.0,1.04,776.0,,532,0,768.0,783.0,770.0
2013-03-24,0.0,-1.66,768.0,,1692,0,781.0,775.0,742.0
2013-03-21,0.0,-1.51,781.0,,1482,0,793.0,785.0,778.0
2013-03-20,0.0,-0.88,793.0,,1235,0,800.0,800.0,785.0
2013-03-19,0.0,1.27,800.0,,1212,0,790.0,805.0,790.0
2013-03-18,0.0,-2.47,790.0,,831,0,810.0,808.0,790.0
2013-03-17,0.0,-3.69,810.0,,900,0,841.0,841.0,810.0
2013-03-14,0.0,3.96,841.0,,1111,0,809.0,869.0,825.0
2013-03-13,0.0,0.75,809.0,,3531,0,803.0,813.0,800.0
2013-03-11,0.0,0.0,803.0,,490,0,803.0,810.0,803.0
2013-03-07,0.0,-0.74,803.0,,2231,0,809.0,803.0,795.0
2013-03-06,0.0,-0.74,809.0,,298,0,815.0,809.0,809.0
2013-03-05,0.0,-2.51,815.0,,150,0,836.0,820.0,815.0
2013-03-04,0.0,1.95,836.0,,210,0,820.0,836.0,820.0
2013-03-03,0.0,0.0,820.0,,889,0,820.0,820.0,794.0
2013-02-28,0.0,0.12,820.0,,1935,0,819.0,820.0,800.0
2013-02-27,0.0,-0.73,819.0,,125,0,825.0,819.0,809.0
2013-02-26,0.0,-0.6,825.0,,1608,0,830.0,845.0,824.0
2013-02-25,0.0,-0.95,830.0,,2057,0,838.0,854.0,815.0
2013-02-24,0.0,-1.41,838.0,,344,0,850.0,855.0,838.0
2013-02-21,0.0,3.03,850.0,,865,0,825.0,850.0,825.0
2013-02-20,0.0,-4.62,825.0,,301,0,865.0,848.0,825.0
2013-02-19,0.0,5.75,865.0,,3670,0,818.0,872.0,834.0
2013-02-17,0.0,2.0,818.0,,10,0,802.0,818.0,818.0
2013-02-14,0.0,1.39,802.0,,1157,0,791.0,805.0,800.0
2013-02-13,0.0,-1.0,791.0,,1352,0,799.0,791.0,784.0
2013-02-12,0.0,5.83,799.0,,3007,0,755.0,800.0,770.0
2013-02-10,0.0,-0.66,755.0,,1625,0,760.0,773.0,755.0
2013-02-07,0.0,3.4,760.0,,275,0,735.0,760.0,745.0
2013-02-06,0.0,-0.94,735.0,,3463,0,742.0,750.0,734.0
2013-02-05,0.0,-1.85,742.0,,1826,0,756.0,752.0,742.0
2013-02-04,0.0,-1.31,756.0,,515,0,766.0,758.0,755.0
2013-02-03,0.0,1.32,766.0,,862,0,756.0,785.0,741.0
2013-01-31,0.0,-0.13,756.0,,289,0,757.0,756.0,750.0
2013-01-30,0.0,-1.05,757.0,,1345,0,765.0,762.0,750.0
2013-01-28,0.0,1.32,765.0,,676,0,755.0,765.0,755.0
2013-01-27,0.0,-0.66,755.0,,378,0,760.0,760.0,755.0
2013-01-24,0.0,0.0,760.0,,875,0,760.0,760.0,750.0
2013-01-23,0.0,-2.56,760.0,,1198,0,780.0,780.0,755.0
2013-01-22,0.0,0.13,780.0,,224,0,779.0,790.0,779.0
2013-01-21,0.0,0.65,779.0,,244,0,774.0,794.0,775.0
2013-01-20,0.0,-1.9,774.0,,66,0,789.0,774.0,774.0
2013-01-17,0.0,-1.99,789.0,,74,0,805.0,789.0,789.0
2013-01-16,0.0,1.9,805.0,,31,0,790.0,805.0,805.0
2013-01-15,0.0,-1.25,790.0,,510,0,800.0,791.0,784.0
2013-01-13,0.0,0.0,800.0,,500,0,800.0,800.0,794.0
2013-01-10,0.0,-0.62,800.0,,2445,0,805.0,806.0,787.0
2013-01-09,0.0,-2.31,805.0,,299,0,824.0,808.0,800.0
2013-01-07,0.0,1.1,824.0,,23,0,815.0,824.0,824.0
2013-01-06,0.0,-0.61,815.0,,2643,0,820.0,826.0,805.0
2013-01-03,0.0,-0.12,820.0,,1287,0,821.0,836.0,805.0
2013-01-02,0.0,1.99,821.0,,817,0,805.0,821.0,795.0
2013-01-01,0.0,-0.12,805.0,,757,0,806.0,815.0,805.0
2012-12-31,0.0,-4.28,806.0,,994,0,842.0,830.0,801.0
2012-12-27,0.0,0.84,842.0,,3047,0,835.0,852.0,805.0
2012-12-26,0.0,3.73,835.0,,2263,0,805.0,835.0,790.0
2012-12-24,0.0,1.26,805.0,,858,0,795.0,810.0,795.0
2012-12-23,0.0,-0.75,795.0,,228,0,801.0,800.0,795.0
2012-12-20,0.0,0.38,801.0,,1068,0,798.0,801.0,795.0
2012-12-19,0.0,0.76,798.0,,904,0,792.0,807.0,795.0
2012-12-18,0.0,-0.5,792.0,,1653,0,796.0,798.0,790.0
2012-12-17,0.0,-0.75,796.0,,2230,0,802.0,830.0,796.0
2012-12-16,0.0,0.75,802.0,,564,0,796.0,815.0,800.0
2012-12-13,0.0,-7.76,796.0,,676,0,863.0,796.0,779.0
2012-12-11,0.0,1.05,863.0,,3731,0,854.0,870.0,847.0
2012-12-10,0.0,1.67,854.0,,507,0,840.0,854.0,840.0
2012-12-09,0.0,-3.34,840.0,,2152,0,869.0,852.0,831.0
2012-12-06,0.0,-2.36,869.0,,1713,0,890.0,873.0,846.0
2012-12-05,0.0,4.83,890.0,,680,0,849.0,895.0,862.0
2012-12-04,0.0,4.17,849.0,,1191,0,815.0,862.0,825.0
2012-12-03,0.0,-1.93,815.0,,3521,0,831.0,825.0,811.0
2012-12-02,0.0,-2.35,831.0,,2607,0,851.0,835.0,818.0
2012-11-29,0.0,-1.62,851.0,,2160,0,865.0,865.0,850.0
2012-11-28,0.0,0.82,865.0,,2439,0,858.0,865.0,846.0
2012-11-27,0.0,-2.28,858.0,,2360,0,878.0,878.0,852.0
2012-11-26,0.0,-2.23,878.0,,8631,0,898.0,896.0,878.0
2012-11-25,0.0,-0.22,898.0,,3285,0,900.0,918.0,890.0
2012-11-22,0.0,0.0,900.0,,4534,0,900.0,901.0,876.0
2012-11-21,0.0,0.0,900.0,,6461,0,900.0,923.0,863.0
2012-11-20,0.0,4.65,900.0,,4601,0,860.0,909.0,877.0
2012-11-18,0.0,4.88,860.0,,1543,0,820.0,872.0,825.0
2012-11-12,0.0,2.24,820.0,,1235,0,802.0,840.0,800.0
2012-11-11,0.0,-0.99,802.0,,3047,0,810.0,815.0,801.0
2012-11-08,0.0,1.5,810.0,,6272,0,798.0,826.0,795.0
2012-11-07,0.0,2.84,798.0,,1205,0,776.0,800.0,785.0
2012-11-06,0.0,0.78,776.0,,1400,0,770.0,780.0,760.0
2012-11-05,0.0,1.32,770.0,,1888,0,760.0,784.0,746.0
2012-11-04,0.0,1.2,760.0,,1073,0,751.0,760.0,752.0
2012-11-01,0.0,-1.7,751.0,,2560,0,764.0,753.0,745.0
2012-10-31,0.0,2.0,764.0,,1550,0,749.0,778.0,745.0
2012-10-30,0.0,2.6,749.0,,399,0,730.0,749.0,739.0
2012-10-18,0.0,1.25,730.0,,94,0,721.0,730.0,718.0
2012-10-17,0.0,1.55,721.0,,78,0,710.0,721.0,718.0
2012-10-15,0.0,2.6,710.0,,165,0,692.0,710.0,700.0
2012-10-14,0.0,1.02,692.0,,477,0,685.0,696.0,690.0
2012-10-11,0.0,-0.72,685.0,,580,0,690.0,690.0,685.0
2012-10-10,0.0,0.15,690.0,,277,0,689.0,698.0,690.0
2012-10-09,0.0,-2.13,689.0,,680,0,704.0,704.0,689.0
2012-10-08,0.0,1.44,704.0,,946,0,694.0,704.0,685.0
2012-10-07,0.0,0.58,694.0,,834,0,690.0,695.0,690.0
2012-10-04,0.0,-0.72,690.0,,325,0,695.0,690.0,690.0
2012-10-03,0.0,-0.71,695.0,,1052,0,700.0,700.0,690.0
2012-10-02,0.0,0.14,700.0,,445,0,699.0,700.0,687.0
2012-10-01,0.0,1.16,699.0,,634,0,691.0,699.0,675.0
2012-09-30,0.0,-0.58,691.0,,1526,0,695.0,700.0,690.0
2012-09-27,0.0,0.72,695.0,,573,0,690.0,699.0,686.0
2012-09-26,0.0,0.0,690.0,,515,0,690.0,694.0,681.0
2012-09-25,0.0,-1.0,690.0,,726,0,697.0,692.0,690.0
2012-09-24,0.0,-0.43,697.0,,1070,0,700.0,700.0,690.0
2012-09-23,0.0,-2.64,700.0,,587,0,719.0,706.0,692.0
2012-09-20,0.0,0.56,719.0,,866,0,715.0,729.0,714.0
2012-09-19,0.0,-1.11,715.0,,1151,0,723.0,719.0,705.0
2012-09-18,0.0,0.14,723.0,,1935,0,722.0,731.0,719.0
2012-09-17,0.0,0.14,722.0,,819,0,721.0,730.0,722.0
2012-09-16,0.0,1.98,721.0,,1686,0,707.0,721.0,710.0
2012-09-13,0.0,1.14,707.0,,677,0,699.0,707.0,702.0
2012-09-12,0.0,0.14,699.0,,904,0,698.0,703.0,698.0
2012-09-11,0.0,2.65,698.0,,913,0,680.0,700.0,681.0
2012-09-10,0.0,-1.16,680.0,,1708,0,688.0,690.0,680.0
2012-09-09,0.0,-0.29,688.0,,550,0,690.0,688.0,675.0
2012-09-06,0.0,1.47,690.0,,641,0,680.0,695.0,685.0
2012-09-05,0.0,-1.45,680.0,,510,0,690.0,690.0,680.0
2012-09-04,0.0,-1.71,690.0,,1959,0,702.0,705.0,690.0
2012-09-03,0.0,0.86,702.0,,2940,0,696.0,704.0,683.0
2012-09-02,0.0,1.02,696.0,,903,0,689.0,701.0,685.0
2012-08-30,0.0,0.29,689.0,,465,0,687.0,690.0,688.0
2012-08-29,0.0,0.88,687.0,,1229,0,681.0,690.0,675.0
2012-08-28,0.0,-1.02,681.0,,964,0,688.0,699.0,681.0
2012-08-27,0.0,1.18,688.0,,306,0,680.0,688.0,679.0
2012-08-26,0.0,0.0,680.0,,215,0,680.0,680.0,670.0
2012-08-23,0.0,-1.73,680.0,,1789,0,692.0,690.0,680.0
2012-08-22,0.0,1.76,692.0,,1519,0,680.0,692.0,675.0
2012-08-21,0.0,1.49,680.0,,2470,0,670.0,689.0,675.0
2012-08-19,0.0,0.6,670.0,,394,0,666.0,670.0,660.0
2012-08-16,0.0,2.94,666.0,,1186,0,647.0,666.0,640.0
2012-08-15,0.0,-0.46,647.0,,421,0,650.0,660.0,647.0
2012-08-14,0.0,-1.81,650.0,,966,0,662.0,652.0,640.0
2012-08-13,0.0,-1.63,662.0,,536,0,673.0,673.0,660.0
2012-08-12,0.0,-1.75,673.0,,659,0,685.0,690.0,666.0
2012-08-08,0.0,-0.58,685.0,,940,0,689.0,699.0,680.0
2012-08-07,0.0,-0.14,689.0,,1341,0,690.0,700.0,686.0
2012-08-06,0.0,-1.15,690.0,,1678,0,698.0,700.0,684.0
2012-08-05,0.0,1.75,698.0,,1187,0,686.0,698.0,690.0
2012-08-01,0.0,-0.58,686.0,,516,0,690.0,692.0,686.0
2012-07-31,0.0,0.44,690.0,,315,0,687.0,690.0,689.0
2012-07-30,0.0,2.54,687.0,,1015,0,670.0,695.0,660.0
2012-07-29,0.0,-2.05,670.0,,359,0,684.0,680.0,670.0
2012-07-26,0.0,-2.84,684.0,,959,0,704.0,690.0,675.0
2012-07-25,0.0,0.43,704.0,,17,0,701.0,704.0,704.0
2012-07-24,0.0,0.86,701.0,,2347,0,695.0,710.0,683.0
2012-07-23,0.0,2.21,695.0,,2237,0,680.0,704.0,680.0
2012-07-22,0.0,5.59,680.0,,2964,0,644.0,694.0,640.0
2012-07-19,0.0,-1.68,644.0,,2690,0,655.0,668.0,642.0
2012-07-18,0.0,4.63,655.0,,960,0,626.0,655.0,620.0
2012-07-17,0.0,-1.88,626.0,,67,0,638.0,626.0,626.0
2012-07-16,0.0,-2.3,638.0,,3170,0,653.0,640.0,630.0
2012-07-15,0.0,3.65,653.0,,261,0,630.0,653.0,640.0
2012-07-12,0.0,-0.94,630.0,,2926,0,636.0,634.0,624.0
2012-07-11,0.0,-1.24,636.0,,4802,0,644.0,640.0,628.0
2012-07-10,0.0,1.42,644.0,,424,0,635.0,649.0,625.0
2012-07-09,0.0,0.0,635.0,,1377,0,635.0,635.0,626.0
2012-07-08,0.0,1.76,635.0,,811,0,624.0,636.0,622.0
2012-07-05,0.0,-0.48,624.0,,3291,0,627.0,635.0,617.0
2012-07-04,0.0,-0.79,627.0,,1862,0,632.0,639.0,619.0
2012-07-03,0.0,1.94,632.0,,130,0,620.0,635.0,628.0
2012-07-02,0.0,1.64,620.0,,217,0,610.0,630.0,610.0
2012-07-01,0.0,0.0,610.0,,811,0,610.0,617.0,602.0
2012-06-28,0.0,3.39,610.0,,12039,0,590.0,622.0,598.0
2012-06-27,0.0,0.68,590.0,,3458,0,586.0,600.0,585.0
2012-06-26,0.0,-3.14,586.0,,653,0,605.0,599.0,585.0
2012-06-25,0.0,2.54,605.0,,718,0,590.0,608.0,590.0
2012-06-21,0.0,1.9,590.0,,849,0,579.0,590.0,579.0
2012-06-20,0.0,1.58,579.0,,194,0,570.0,581.0,578.0
2012-06-19,0.0,1.79,570.0,,975,0,560.0,575.0,558.0
2012-06-18,0.0,-0.36,560.0,,1102,0,562.0,568.0,556.0
2012-06-17,0.0,-2.6,562.0,,4913,0,577.0,566.0,545.0
2012-06-13,0.0,-1.87,577.0,,260,0,588.0,579.0,577.0
2012-06-12,0.0,1.38,588.0,,101,0,580.0,591.0,588.0
2012-06-11,0.0,0.69,580.0,,379,0,576.0,590.0,580.0
2012-06-10,0.0,-4.16,576.0,,2119,0,601.0,590.0,561.0
2012-06-07,0.0,1.86,601.0,,1986,0,590.0,612.0,570.0
2012-06-06,0.0,-3.75,590.0,,1113,0,613.0,619.0,590.0
2012-06-05,0.0,-5.4,613.0,,1060,0,648.0,636.0,613.0
2012-06-04,0.0,-1.07,648.0,,3299,0,655.0,668.0,637.0
2012-06-03,0.0,-8.65,655.0,,350,0,717.0,731.0,655.0
2012-05-27,0.0,7.01,717.0,,3011,0,670.0,730.0,682.0
2012-05-24,0.0,2.92,670.0,,1215,0,651.0,676.0,638.0
2012-05-23,0.0,-6.47,651.0,,942,0,696.0,683.0,644.0
2012-05-22,0.0,-1.69,696.0,,2408,0,708.0,699.0,690.0
2012-05-21,0.0,1.87,708.0,,1844,0,695.0,711.0,695.0
2012-05-20,0.0,1.31,695.0,,3243,0,686.0,720.0,670.0
2012-05-17,0.0,9.94,686.0,,2944,0,624.0,686.0,636.0
2012-05-16,0.0,1.96,624.0,,13,0,612.0,624.0,624.0
2012-05-14,0.0,-6.42,612.0,,1035,0,654.0,641.0,590.0
2012-05-13,0.0,-9.79,654.0,,491,0,725.0,711.0,654.0
2012-05-10,0.0,-5.35,725.0,,3498,0,766.0,751.0,725.0
2012-05-09,0.0,-2.92,766.0,,1639,0,789.0,774.0,740.0
2012-05-08,0.0,-4.01,789.0,,3480,0,822.0,850.0,740.0
2012-05-07,0.0,9.89,822.0,,709,0,748.0,822.0,762.0
2012-05-03,0.0,10.0,748.0,,1980,0,680.0,748.0,693.0
2012-05-02,0.0,1.19,680.0,,38,0,672.0,680.0,680.0
2012-04-30,0.0,-6.41,672.0,,1466,0,718.0,715.0,672.0
2012-04-29,0.0,3.46,718.0,,4214,0,694.0,718.0,676.0
2012-04-26,0.0,9.12,694.0,,6368,0,636.0,699.0,628.0
2012-04-25,0.0,3.92,636.0,,35,0,612.0,636.0,624.0
2012-04-24,0.0,2.0,612.0,,386,0,600.0,612.0,612.0
2012-04-22,0.0,8.89,600.0,,1909,0,551.0,600.0,560.0
2012-04-19,0.0,3.96,551.0,,2642,0,530.0,556.0,539.0
2012-04-18,0.0,4.95,530.0,,2472,0,505.0,540.0,491.0
2012-04-17,0.0,-9.98,505.0,,2220,0,561.0,583.0,505.0
2012-04-16,0.0,5.85,561.0,,410,0,530.0,561.0,540.0
2012-04-15,0.0,8.61,530.0,,715,0,488.0,536.0,496.0
2012-04-12,0.0,3.61,488.0,,687,0,471.0,488.0,479.0
2012-04-11,0.0,-0.42,471.0,,3049,0,473.0,485.0,465.0
2012-04-10,0.0,5.11,473.0,,243,0,450.0,473.0,455.0
2012-04-09,0.0,0.0,450.0,,798,0,450.0,450.0,441.0
2012-04-08,0.0,0.22,450.0,,797,0,449.0,450.0,448.0
2012-04-05,0.0,0.22,449.0,,1614,0,448.0,451.0,440.0
2012-04-04,0.0,-0.22,448.0,,656,0,449.0,448.0,442.0
2012-04-03,0.0,0.67,449.0,,316,0,446.0,449.0,446.0
2012-04-02,0.0,0.22,446.0,,2766,0,445.0,453.0,442.0
2012-04-01,0.0,0.0,445.0,,241,0,445.0,451.0,445.0
2012-03-29,0.0,0.91,445.0,,327,0,441.0,446.0,440.0
2012-03-28,0.0,-0.9,441.0,,752,0,445.0,445.0,440.0
2012-03-27,0.0,0.0,445.0,,1075,0,445.0,445.0,438.0
2012-03-26,0.0,-1.11,445.0,,773,0,450.0,450.0,438.0
2012-03-25,0.0,0.0,450.0,,205,0,450.0,450.0,449.0
2012-03-21,0.0,0.0,450.0,,1809,0,450.0,457.0,450.0
2012-03-20,0.0,0.0,450.0,,600,0,450.0,450.0,450.0
2012-03-19,0.0,-1.1,450.0,,943,0,455.0,455.0,448.0
2012-03-18,0.0,-0.44,455.0,,984,0,457.0,456.0,449.0
2012-03-15,0.0,-3.79,457.0,,294,0,475.0,470.0,457.0
2012-03-13,0.0,-0.84,475.0,,124,0,479.0,476.0,470.0
2012-03-12,0.0,0.0,479.0,,522,0,479.0,481.0,472.0
2012-03-11,0.0,-0.21,479.0,,335,0,480.0,479.0,475.0
2012-03-06,0.0,1.05,480.0,,970,0,475.0,480.0,475.0
2012-03-05,0.0,1.06,475.0,,158,0,470.0,475.0,475.0
2012-03-04,0.0,0.43,470.0,,448,0,468.0,470.0,467.0
2012-03-01,0.0,1.74,468.0,,279,0,460.0,468.0,460.0
2012-02-29,0.0,0.0,460.0,,622,0,460.0,462.0,456.0
2012-02-28,0.0,0.0,460.0,,837,0,460.0,462.0,453.0
2012-02-27,0.0,2.0,460.0,,317,0,451.0,460.0,455.0
2012-02-26,0.0,-0.88,451.0,,1085,0,455.0,455.0,451.0
2012-02-23,0.0,-1.09,455.0,,517,0,460.0,458.0,455.0
2012-02-21,0.0,0.0,460.0,,125,0,460.0,460.0,460.0
2012-02-16,0.0,0.0,460.0,,361,0,460.0,460.0,458.0
2012-02-15,0.0,-0.43,460.0,,60,0,462.0,465.0,460.0
2012-02-14,0.0,0.43,462.0,,150,0,460.0,462.0,460.0
2012-02-13,0.0,0.0,460.0,,471,0,460.0,465.0,460.0
2012-02-12,0.0,0.44,460.0,,22,0,458.0,460.0,460.0
2012-02-07,0.0,-0.87,458.0,,710,0,462.0,458.0,458.0
2012-02-06,0.0,-0.65,462.0,,1097,0,465.0,468.0,461.0
2012-02-05,0.0,-1.69,465.0,,698,0,473.0,465.0,465.0
2012-02-02,0.0,1.72,473.0,,163,0,465.0,473.0,465.0
2012-02-01,0.0,1.09,465.0,,801,0,460.0,465.0,460.0
2012-01-31,0.0,0.0,460.0,,262,0,460.0,466.0,460.0
2012-01-29,0.0,-0.22,460.0,,145,0,461.0,461.0,460.0
2012-01-23,0.0,-2.95,461.0,,1262,0,475.0,466.0,452.0
2012-01-22,0.0,3.26,475.0,,144,0,460.0,475.0,464.0
2012-01-18,0.0,0.0,460.0,,875,0,460.0,465.0,460.0
2012-01-17,0.0,-1.88,470.0,,155,0,479.0,470.0,470.0
2012-01-12,0.0,1.91,479.0,,1125,0,470.0,479.0,470.0
2012-01-11,0.0,-0.21,470.0,,100,0,471.0,470.0,470.0
2012-01-10,0.0,1.95,471.0,,452,0,462.0,471.0,462.0
2012-01-09,0.0,0.43,462.0,,249,0,460.0,469.0,460.0
2012-01-08,0.0,-0.22,460.0,,1009,0,461.0,470.0,457.0
2012-01-05,0.0,-3.56,461.0,,184,0,478.0,470.0,461.0
2012-01-04,0.0,-1.65,478.0,,52,0,486.0,478.0,478.0
2012-01-03,0.0,1.46,486.0,,371,0,479.0,494.0,485.0
2012-01-02,0.0,3.01,479.0,,652,0,465.0,479.0,465.0
2012-01-01,0.0,-0.43,465.0,,30,0,467.0,465.0,465.0
