DATE,CHANGE,CHANGE %,CLOSE,TURNOVER,VOLUME,TRADE,OPEN,HIGH,LOW
2026-05-08,2.2,0.83,267.0,,44067,252,267.8,269.0,265.0
2026-05-07,0.9,0.34,264.8,,42077,236,266.0,266.8,262.0
2026-05-06,0.9,0.34,263.9,,55036,278,276.1,276.1,261.5
2026-05-05,0.5,0.19,263.0,,60873,347,262.0,267.0,260.6
2026-05-04,-3.2,-1.2,262.5,,66976,350,265.0,268.0,261.8
2026-04-30,-1.3,-0.49,265.7,,126205,455,267.0,268.7,262.0
2026-04-29,-2.9,-1.07,267.0,,53958,259,270.0,270.0,265.5
2026-04-28,-1.9,-0.7,269.9,,77336,377,285.3,285.3,267.7
2026-04-27,1.0,0.37,271.8,,111885,395,270.8,273.9,268.0
2026-04-24,0.1,0.04,270.8,,92605,342,270.7,272.0,266.0
2026-04-23,-1.4,-0.51,270.7,,65713,322,273.5,275.0,269.2
2026-04-22,0.5,0.18,272.1,,92938,488,271.0,278.0,268.0
2026-04-21,-2.5,-0.91,271.6,,75315,339,274.1,277.0,271.0
2026-04-20,-3.9,-1.4,274.1,,58134,326,278.1,280.0,273.0
2026-04-17,0.8,0.29,278.0,,158094,494,282.7,282.7,275.0
2026-04-16,-7.5,-2.63,277.2,,156344,553,284.7,284.9,276.0
2026-04-15,7.7,2.78,284.7,,199644,673,280.0,288.6,277.1
2026-04-13,0.0,0.0,277.0,,106753,364,275.0,280.0,275.0
2026-04-10,-5.8,-2.05,277.0,,166218,547,288.4,288.4,274.1
2026-04-09,3.0,1.07,282.8,,148662,536,280.0,284.9,276.1
2026-04-08,3.9,1.41,279.8,,142941,463,278.0,279.8,273.3
2026-04-07,0.7,0.25,275.9,,168351,612,278.5,279.9,271.0
2026-04-06,12.8,4.88,275.2,,301255,928,262.0,284.0,260.3
2026-04-05,-9.6,-3.53,262.4,,272116,985,267.0,270.0,261.0
2026-04-02,1.0,0.37,272.0,,215576,817,275.0,276.0,266.0
2026-04-01,-12.8,-4.51,271.0,,357309,1133,283.8,283.8,270.0
2026-03-31,5.8,2.09,283.8,,243430,1018,282.0,284.0,271.2
2026-03-30,-9.2,-3.2,278.0,,523775,1409,290.0,290.0,277.6
2026-03-29,-10.8,-3.62,287.2,,522390,1390,298.0,299.9,286.0
2026-03-26,-3.0,-1.0,298.0,,351659,980,307.0,307.0,296.2
2026-03-25,5.9,2.0,301.0,,1205668,2771,298.0,307.0,296.0
2026-03-24,-1.5,-0.51,295.1,,325583,890,297.0,300.0,292.6
2026-03-23,-2.3,-0.77,296.6,,284958,917,300.0,301.2,293.1
2026-03-22,-0.1,-0.03,298.9,,583067,1582,301.0,304.5,296.1
2026-03-19,6.5,2.22,299.0,,677725,1691,292.5,300.0,292.5
2026-03-17,5.2,1.81,292.5,,297248,875,287.0,292.7,282.0
2026-03-16,-7.6,-2.58,287.3,,419979,976,300.0,300.0,284.7
2026-03-15,-3.6,-1.21,294.9,,425094,1145,300.0,304.4,293.0
2026-03-12,10.4,3.61,298.5,,651160,1665,289.0,303.0,288.0
2026-03-11,-2.9,-1.0,288.1,,634950,1408,293.0,297.5,287.0
2026-03-10,-1.0,-0.34,291.0,,717710,2103,295.0,296.0,278.0
2026-03-09,25.6,9.61,292.0,8.08,2844,12,271.7,292.0,271.7
2026-03-03,4.5,1.72,266.4,,88409,310,267.1,267.1,260.5
2026-03-01,0.7,0.27,261.9,,93456,288,266.4,266.4,255.0
2026-02-26,2.0,0.77,261.2,,80779,232,264.3,264.3,259.2
2026-02-25,-0.7,-0.27,259.2,,58412,213,262.9,263.0,258.0
2026-02-24,3.0,1.17,259.9,,94267,268,258.0,260.0,256.5
2026-02-23,1.9,0.75,256.9,,72501,258,255.0,260.0,255.0
2026-02-22,-4.9,-1.89,255.0,,133171,448,260.0,260.0,254.6
2026-02-17,-5.1,-1.92,259.9,,129492,414,263.1,264.0,259.7
2026-02-16,-1.5,-0.56,265.0,,60177,260,269.0,269.8,264.0
2026-02-12,2.5,0.95,266.5,,218225,648,267.0,269.7,264.0
2026-02-11,1.0,0.38,264.0,,157755,445,265.0,266.3,262.5
2026-02-10,1.0,0.38,263.0,,134163,443,263.0,267.0,260.0
2026-02-09,1.8,0.69,262.0,,136674,455,261.5,265.0,259.0
2026-02-08,-3.5,-1.33,260.2,,179081,528,263.1,268.5,260.0
2026-02-05,3.7,1.42,263.7,,121177,429,262.8,266.0,258.2
2026-02-04,-1.9,-0.73,260.0,,107188,409,260.0,264.9,257.5
2026-02-03,-1.0,-0.38,261.9,,139891,370,263.1,266.3,260.2
2026-02-02,-2.1,-0.79,262.9,,73258,294,265.0,268.0,262.1
2026-02-01,-1.6,-0.6,265.0,,171572,436,269.0,270.9,263.2
2026-01-29,6.1,2.34,266.6,,311455,802,263.0,275.0,261.5
2026-01-28,-2.5,-0.95,260.5,,233329,484,263.0,267.5,258.1
2026-01-27,-7.0,-2.59,263.0,,165589,576,270.0,273.9,262.7
2026-01-26,-5.0,-1.82,270.0,,291578,688,275.0,279.0,266.0
2026-01-25,9.7,3.66,275.0,,264830,774,265.0,275.3,265.0
2026-01-22,1.2,0.45,265.3,,110713,333,262.0,266.0,262.0
2026-01-21,-2.6,-0.97,264.1,,187219,387,266.0,270.0,263.2
2026-01-20,7.5,2.89,266.7,,237371,597,264.3,268.2,262.0
2026-01-18,4.0,1.57,259.2,,92708,304,258.0,263.0,258.0
2026-01-14,-1.5,-0.58,255.2,,83682,289,252.0,258.0,252.0
2026-01-13,0.8,0.31,256.7,,90995,301,257.0,257.9,254.8
2026-01-12,-2.0,-0.78,255.9,,87905,281,256.2,259.9,255.6
2026-01-08,-0.1,-0.04,257.9,,76408,277,256.1,258.0,256.0
2026-01-07,-5.0,-1.9,258.0,,84259,223,260.5,262.0,257.0
2026-01-06,5.0,1.94,263.0,,119456,409,260.6,263.5,259.0
2026-01-05,2.6,1.02,258.0,,73772,245,255.1,258.9,255.1
2026-01-04,-3.5,-1.35,255.4,87.4,34111,225,259.0,260.0,255.3
2026-01-01,-3.0,-1.15,258.9,,114299,264,259.0,262.2,256.0
2025-12-31,1.9,0.73,261.9,,83344,254,260.0,262.9,258.1
2025-12-29,-1.7,-0.65,260.0,,96932,255,266.9,266.9,258.0
2025-12-28,7.2,2.83,261.7,,130510,401,257.0,262.0,255.9
2025-12-24,-0.6,-0.24,254.5,,46345,225,258.0,258.0,253.4
2025-12-23,-0.07,-0.03,255.1,,78597,313,250.1,258.9,250.1
2025-12-22,-4.0,-1.52,259.0,,111105,375,268.2,268.2,258.0
2025-12-21,-1.7,-0.64,263.0,,137022,330,262.0,265.5,261.1
2025-12-18,-1.3,-0.49,264.7,,83618,251,266.0,267.0,262.2
2025-12-17,-0.3,-0.11,266.0,,63425,230,266.3,268.6,265.2
2025-12-16,3.4,1.29,266.3,,126754,281,263.0,266.5,263.0
2025-12-15,-1.9,-0.72,262.9,,76582,308,262.5,264.0,260.1
2025-12-14,-3.0,-1.12,264.8,,108582,325,268.0,268.0,262.0
2025-12-11,0.9,0.34,267.8,,88467,279,263.0,268.2,263.0
2025-12-10,-1.1,-0.41,266.9,,57771,204,263.0,269.9,263.0
2025-12-09,1.5,0.56,268.0,,53043,207,262.0,270.0,262.0
2025-12-08,-0.2,-0.07,266.5,,61726,240,267.0,270.0,265.0
2025-12-07,-2.3,-0.86,266.7,,84953,245,270.0,270.0,265.8
2025-12-03,-4.0,-1.47,269.0,,86398,315,272.5,274.5,268.8
2025-12-02,0.0,0.0,273.0,,71159,183,270.0,273.9,270.0
2025-12-01,-0.9,-0.33,273.0,,162358,295,276.4,276.4,271.5
2025-11-30,-4.1,-1.47,273.9,,195403,442,278.0,281.9,273.0
2025-11-27,-2.0,-0.71,278.0,,234751,347,277.4,281.8,277.0
2025-11-26,-2.0,-0.71,280.0,,140395,388,285.0,285.0,279.0
2025-11-25,4.0,1.44,282.0,,324409,682,279.0,283.2,276.5
2025-11-24,6.6,2.43,278.0,,183106,593,267.0,279.8,267.0
2025-11-23,8.5,3.23,271.4,,160089,410,268.1,271.4,266.0
2025-11-20,-4.1,-1.54,262.9,,54871,208,261.7,269.0,261.7
2025-11-19,-0.7,-0.26,267.0,,70697,251,269.0,272.0,262.8
2025-11-18,3.9,1.48,267.7,,158170,439,269.0,272.8,260.2
2025-11-17,3.4,1.31,263.8,,65432,208,260.0,263.9,258.0
2025-11-16,-0.6,-0.23,260.4,,85249,235,260.0,263.9,258.9
2025-11-13,-0.2,-0.08,261.0,,96415,280,256.1,277.1,256.1
2025-11-12,-2.8,-1.06,261.2,,96442,202,265.0,265.0,261.2
2025-11-11,-1.0,-0.38,264.0,,60539,216,260.0,266.0,260.0
2025-11-10,0.1,0.04,265.0,,62413,263,260.0,275.5,260.0
2025-11-09,-6.1,-2.25,264.9,,83521,326,271.0,273.9,264.0
2025-11-06,2.0,0.74,271.0,,175613,387,274.3,274.3,266.3
2025-11-05,1.0,0.37,269.0,,124525,364,267.0,270.5,263.6
2025-11-04,-5.8,-2.12,268.0,,112866,294,271.7,275.0,267.0
2025-11-03,-3.9,-1.4,273.8,,127510,302,279.9,281.9,272.3
2025-11-02,2.7,0.98,277.7,,155658,417,280.5,280.5,273.0
2025-10-30,5.0,1.85,275.0,,178501,449,274.0,276.0,265.0
2025-10-29,2.5,0.93,270.0,,199404,529,272.0,277.0,262.3
2025-10-28,11.5,4.49,267.5,,156242,526,258.7,269.8,258.0
2025-10-26,1.8,0.71,256.0,,59330,227,254.2,256.0,250.0
2025-10-19,2.7,1.07,254.2,,65336,215,254.0,256.8,249.0
2025-10-16,-3.9,-1.53,251.5,,126265,323,259.0,259.0,250.5
2025-10-15,-2.6,-1.01,255.4,,60991,305,260.0,263.0,255.4
2025-10-14,-7.0,-2.64,258.0,,70606,267,261.4,269.0,257.1
2025-10-13,7.0,2.71,265.0,,188193,449,263.0,265.0,254.2
2025-10-12,-7.1,-2.68,258.0,,149094,523,263.0,265.0,256.7
2025-10-09,0.4,0.15,265.1,,219448,581,269.9,283.0,265.1
2025-10-08,-1.8,-0.68,264.7,,145358,485,266.5,267.0,258.0
2025-10-07,-7.9,-2.88,266.5,,148622,568,270.0,273.0,263.0
2025-09-28,1.4,0.51,274.4,,76227,250,274.0,276.0,270.0
2025-09-25,-1.0,-0.36,273.0,,108839,291,275.6,279.4,268.8
2025-09-24,-7.0,-2.49,274.0,,167531,462,281.0,281.0,270.0
2025-09-23,7.09,2.59,281.0,,189939,588,279.3,285.0,274.0
2025-09-21,23.61,9.43,273.91,,268607,1021,245.3,275.3,245.3
2025-09-18,-19.96,-7.39,250.3,56.82,22665,79,265.0,265.0,245.0
2025-09-08,-5.91,-2.14,270.26,,127024,467,270.7,281.5,269.0
2025-09-07,-1.89,-0.68,276.17,,94277,373,272.5,282.5,272.5
2025-09-04,-2.16,-0.77,278.06,,134860,465,279.3,283.0,275.7
2025-09-03,-1.44,-0.51,280.22,,128999,431,287.0,287.0,279.29
2025-09-02,-1.63,-0.58,281.66,,144639,340,283.0,284.9,280.2
2025-09-01,0.15,0.05,283.29,,83065,368,277.5,287.0,277.5
2025-08-31,-4.42,-1.54,283.14,,170986,509,285.1,288.8,282.3
2025-08-28,-6.85,-2.33,287.56,,151856,522,291.0,296.0,287.0
2025-08-27,9.27,3.25,294.41,,184316,547,279.8,296.0,279.8
2025-08-26,-0.93,-0.33,285.14,,137054,347,282.5,288.0,282.5
2025-08-25,1.95,0.69,286.07,,78353,318,280.0,286.9,280.0
2025-08-24,-1.85,-0.65,284.12,,100316,386,280.3,289.0,280.3
2025-08-21,-0.4,-0.14,285.97,,218215,432,285.0,288.6,284.2
2025-08-20,-1.81,-0.63,286.37,,273321,507,282.5,290.0,282.5
2025-08-19,1.7,0.59,288.18,,177968,453,280.8,292.0,280.8
2025-08-18,1.21,0.42,286.48,,169780,543,290.0,290.0,282.1
2025-08-17,-4.02,-1.39,285.27,,181589,653,288.0,291.4,284.0
2025-08-14,0.96,0.33,289.29,,193740,524,290.0,291.8,285.0
2025-08-13,0.29,0.1,288.33,,137270,443,282.3,292.0,282.3
2025-08-12,-0.52,-0.18,288.04,,164752,616,282.8,292.0,282.8
2025-08-11,-5.63,-1.91,288.56,,290368,802,298.9,298.9,288.0
2025-08-07,3.7,1.27,294.19,,164637,640,290.0,295.0,289.0
2025-08-06,0.8,0.28,290.49,,163840,601,283.9,293.5,283.9
2025-08-05,-5.94,-2.01,289.69,,298941,893,295.0,298.0,289.0
2025-08-04,0.15,0.05,295.63,,290388,863,289.6,300.7,289.6
2025-08-03,-5.22,-1.74,295.48,,313020,1120,294.7,305.0,294.7
2025-07-31,-6.04,-1.97,300.7,,488131,1211,300.7,309.8,299.0
2025-07-30,-5.44,-1.74,306.74,,332023,983,312.0,316.0,306.0
2025-07-29,-1.49,-0.48,312.18,,499824,1272,309.0,324.8,309.0
2025-07-28,3.49,1.13,313.67,,459931,1468,304.0,314.7,304.0
2025-07-27,-10.66,-3.32,310.18,,695153,1922,322.0,325.0,308.0
2025-07-24,-3.05,-0.94,320.84,,500892,1284,330.3,330.3,318.3
2025-07-23,1.01,0.31,323.89,,846769,2088,325.0,329.4,317.2
2025-07-22,13.13,4.24,322.88,,1150088,2746,312.0,326.5,310.0
2025-07-21,2.43,0.79,309.75,,392558,1010,301.2,312.0,301.2
2025-07-20,1.23,0.4,307.32,,781600,1997,307.0,319.0,306.9
2025-07-17,13.48,4.61,306.09,,470440,1539,292.0,310.0,292.0
2025-07-16,-0.18,-0.06,292.61,,390367,772,287.4,298.9,287.4
2025-07-15,2.53,0.87,292.79,,247287,573,285.0,296.5,285.0
2025-07-14,-6.41,-2.16,290.26,,206794,601,290.8,296.6,290.0
2025-07-13,0.08,0.03,296.67,,289421,768,302.5,307.0,295.7
2025-07-10,1.57,0.53,296.59,,218803,571,289.2,299.8,289.2
2025-07-09,3.53,1.21,295.02,,393796,773,285.7,299.0,285.7
2025-07-08,-0.6,-0.21,291.49,,124860,414,286.5,295.0,286.5
2025-07-07,-1.53,-0.52,292.09,,162411,476,293.6,297.8,290.6
2025-07-06,2.42,0.83,293.62,,290983,790,285.4,298.0,285.4
2025-07-03,-2.71,-0.92,291.2,,162900,625,288.1,304.9,288.1
2025-07-02,-3.48,-1.17,293.91,,179721,621,303.3,303.3,293.1
2025-07-01,13.0,4.57,297.39,,332209,877,278.8,299.9,278.8
2025-06-30,0.41,0.14,284.39,,210365,512,285.0,288.0,283.0
2025-06-29,-0.39,-0.14,283.98,,299476,579,284.2,286.9,282.0
2025-06-26,-1.3,-0.46,284.37,,227498,550,285.0,289.8,283.2
2025-06-25,-4.5,-1.55,285.67,,213052,608,289.0,290.0,285.0
2025-06-24,-2.36,-0.81,290.17,,175791,495,298.3,298.3,290.0
2025-06-23,4.45,1.54,292.53,,219563,657,284.0,293.9,284.0
2025-06-22,-7.82,-2.64,288.08,,346558,891,294.0,299.6,287.3
2025-06-19,-5.7,-1.89,295.9,,361070,817,304.5,304.5,295.0
2025-06-18,4.33,1.46,301.6,,301193,655,291.4,304.5,291.4
2025-06-17,-2.76,-0.92,297.27,,261826,716,295.0,304.0,295.0
2025-06-16,-4.05,-1.33,300.03,,460874,988,298.0,309.0,298.0
2025-06-15,-3.41,-1.11,304.08,,511875,971,305.0,313.9,302.0
2025-06-12,-3.66,-1.18,307.49,,314896,866,305.0,314.0,305.0
2025-06-11,-4.16,-1.32,311.15,,441373,857,309.1,319.0,309.1
2025-06-10,4.83,1.56,315.31,,834832,1888,305.5,323.0,305.5
2025-06-09,-0.6,-0.19,310.48,,391739,729,304.9,315.0,304.9
2025-06-08,-0.62,-0.2,311.08,,744969,1378,312.0,317.0,309.6
2025-06-05,3.13,1.01,311.7,,462000,1043,302.4,314.0,302.4
2025-06-04,0.75,0.24,308.57,,386005,850,301.7,314.9,301.7
2025-06-03,-6.8,-2.16,307.82,,378399,1089,320.9,320.9,306.2
2025-06-02,18.17,6.13,314.62,,1199802,2574,302.3,316.0,300.3
2025-05-28,0.49,0.17,296.45,,354811,668,298.0,301.9,294.1
2025-05-27,0.77,0.26,295.96,,229154,426,297.0,300.0,292.0
2025-05-26,-0.19,-0.06,295.19,,393349,705,301.2,307.0,293.3
2025-05-25,-4.73,-1.58,295.38,,244603,574,294.2,303.9,294.0
2025-05-22,-0.92,-0.31,300.11,,307238,747,295.1,308.0,295.1
2025-05-21,-1.77,-0.58,301.03,,526134,1190,308.8,319.0,300.0
2025-05-20,10.77,3.69,302.8,,322114,888,286.2,310.0,286.2
2025-05-19,3.77,1.31,292.03,,232221,592,282.5,295.5,282.5
2025-05-18,-0.53,-0.18,288.26,,229807,700,289.0,294.0,287.3
2025-05-15,2.96,1.04,288.79,,311585,854,288.0,291.0,285.0
2025-05-14,-6.67,-2.28,285.83,,359414,1079,286.7,296.5,284.8
2025-05-13,-6.55,-2.19,292.5,,569699,1451,293.1,303.5,292.0
2025-05-11,-12.38,-3.98,299.05,,813386,1319,317.6,317.6,296.0
2025-05-08,5.82,1.9,311.43,,970157,1839,305.0,318.9,304.1
2025-05-07,1.66,0.55,305.61,,693958,1370,303.95,311.0,299.1
2025-05-06,-0.43,-0.14,303.95,,551624,1169,298.3,311.0,298.3
2025-05-05,-3.21,-1.04,304.38,,624608,1328,305.0,310.0,301.0
2025-05-04,-11.9,-3.72,307.59,,746760,1633,323.5,325.0,306.0
2025-04-30,1.71,0.54,319.49,,761583,1536,320.0,325.9,314.1
2025-04-29,-1.28,-0.4,317.78,,743497,1642,325.4,328.0,315.1
2025-04-28,-11.74,-3.55,319.06,,907767,2374,330.8,340.0,318.0
2025-04-27,15.06,4.77,330.8,,1604962,3911,315.0,335.0,315.0
2025-04-24,11.86,3.9,315.74,,919186,2201,300.2,320.0,295.0
2025-04-23,-8.99,-2.87,303.88,,1044422,2274,312.0,312.9,300.0
2025-04-22,-12.32,-3.79,312.87,,831789,2018,325.0,328.0,311.0
2025-04-21,7.9,2.49,325.19,,1341570,2852,315.0,329.4,315.0
2025-04-20,4.19,1.34,317.29,,1090237,2978,319.3,326.0,314.0
2025-04-17,20.0,6.82,313.1,,1608899,4381,294.9,318.3,291.1
2025-04-16,-1.65,-0.56,293.1,,387969,1041,300.0,302.0,290.2
2025-04-15,6.57,2.28,294.75,,777416,1932,293.0,300.0,287.2
2025-04-13,11.39,4.12,288.18,,579092,1569,278.5,289.9,275.0
2025-04-10,0.13,0.05,276.79,,148266,420,277.0,279.9,275.0
2025-04-09,5.43,2.0,276.66,,253367,591,265.9,279.1,265.9
2025-04-08,-0.47,-0.17,271.23,,152730,454,266.3,273.0,266.3
2025-04-07,-3.29,-1.2,271.7,,208865,540,273.0,278.9,270.0
2025-04-03,-0.04,-0.01,274.99,,231903,621,272.1,279.1,272.0
2025-04-02,1.61,0.59,275.03,,140359,423,268.0,278.9,268.0
2025-04-01,-3.49,-1.26,273.42,,283267,624,271.4,280.0,270.0
2025-03-30,6.28,2.32,276.91,,351548,1053,270.0,283.0,270.0
2025-03-27,7.18,2.73,270.63,,236780,596,263.0,272.0,262.0
2025-03-26,6.09,2.37,263.45,,170794,488,252.3,265.0,252.3
2025-03-25,-7.44,-2.81,257.36,,150982,529,264.8,264.8,255.3
2025-03-24,6.88,2.67,264.8,,161450,579,252.8,266.9,252.8
2025-03-23,-8.48,-3.18,257.92,,182324,672,266.4,268.0,257.1
2025-03-20,0.4,0.15,266.4,,147825,435,260.7,268.5,260.7
2025-03-19,-5.0,-1.85,266.0,,132074,440,274.3,274.3,265.0
2025-03-18,-2.5,-0.91,271.0,,121492,451,278.9,278.9,270.0
2025-03-17,1.8,0.66,273.5,,191405,490,268.0,278.0,268.0
2025-03-16,-5.6,-2.02,271.7,,215254,550,271.8,278.0,270.0
2025-03-12,9.3,3.47,277.3,,220117,686,268.0,277.3,266.7
2025-03-11,-6.0,-2.19,268.0,,278347,800,279.4,279.4,268.0
2025-03-10,-5.0,-1.79,274.0,,237950,821,274.0,285.0,272.0
2025-03-09,-9.0,-3.12,279.0,,305110,1033,288.0,289.0,278.4
2025-03-06,-2.0,-0.69,288.0,,248935,901,292.9,292.9,286.0
2025-03-05,-2.3,-0.79,290.0,,500149,1278,292.0,295.0,285.0
2025-03-04,-6.7,-2.24,292.3,,450812,1249,299.0,304.0,292.0
2025-03-03,1.0,0.34,299.0,,723046,1835,303.9,306.0,298.0
2025-03-02,-1.0,-0.33,298.0,,565551,1547,304.9,304.9,290.1
2025-02-27,1.0,0.34,299.0,,614915,1672,301.0,310.0,292.1
2025-02-25,12.5,4.38,298.0,,1003779,2895,286.0,302.0,286.0
2025-02-24,11.5,4.2,285.5,,1087247,2615,276.0,289.0,276.0
2025-02-23,10.0,3.79,274.0,,421597,1110,269.0,283.0,255.1
2025-02-20,-4.0,-1.49,264.0,,151316,505,262.7,270.0,262.7
2025-02-18,-2.0,-0.74,268.0,,198103,634,270.0,274.3,265.3
2025-02-17,-1.0,-0.37,270.0,,319163,855,272.0,278.1,270.0
2025-02-16,8.0,3.04,271.0,,522847,1556,263.0,276.0,262.9
2025-02-13,7.0,2.73,263.0,,351110,965,254.0,265.0,254.0
2025-02-12,2.0,0.79,256.0,,130832,449,254.0,258.0,253.0
2025-02-11,-1.9,-0.74,254.0,,86887,393,256.0,258.0,251.4
2025-02-10,-2.0,-0.78,255.9,,113917,414,256.0,260.0,253.1
2025-02-09,-4.0,-1.53,257.9,,100044,408,263.0,265.5,257.0
2025-02-06,1.9,0.73,261.9,,121772,518,263.0,265.0,259.0
2025-02-05,-2.1,-0.8,260.0,,168019,634,262.2,264.3,259.0
2025-02-04,-2.9,-1.09,262.1,,168102,655,270.3,270.3,261.0
2025-02-03,0.5,0.19,265.0,,428830,1232,266.0,284.0,261.7
2025-02-02,15.5,6.22,264.5,,298050,1047,250.0,268.0,250.0
2025-01-28,5.1,2.09,249.0,,146352,504,243.0,252.0,243.0
2025-01-27,-5.1,-2.05,243.9,,125084,461,251.0,253.2,243.0
2025-01-26,-3.8,-1.5,249.0,,148144,588,257.8,257.8,248.0
2025-01-23,-4.2,-1.63,252.8,,216378,822,257.0,264.9,252.0
2025-01-22,20.1,8.48,257.0,,359894,1387,240.0,257.8,237.0
2025-01-21,2.0,0.85,236.9,,59830,325,231.0,240.0,231.0
2025-01-20,1.3,0.56,234.9,88.97,37747,263,238.0,238.2,233.0
2025-01-19,1.9,0.82,233.6,,85116,391,231.7,240.0,229.2
2025-01-16,-0.4,-0.17,231.7,,100292,365,233.0,236.0,227.0
2025-01-15,-2.9,-1.23,232.1,96.82,41208,245,237.0,238.0,232.1
2025-01-13,-5.4,-2.25,235.0,,76132,335,241.0,241.0,233.0
2025-01-12,-2.1,-0.87,240.4,,59964,215,247.3,247.3,237.0
2025-01-09,-3.1,-1.26,242.5,,98600,345,247.8,247.8,241.5
2025-01-08,2.7,1.11,245.6,,88707,379,247.7,247.7,240.2
2025-01-07,0.9,0.37,242.9,,76468,460,242.0,246.8,240.0
2025-01-06,9.0,3.86,242.0,,112178,505,237.6,242.0,232.5
2025-01-05,2.0,0.87,233.0,,59306,310,234.0,234.0,229.1
2025-01-02,-1.0,-0.43,231.0,,49251,330,234.5,234.5,228.4
2025-01-01,2.1,0.91,232.0,98.87,42754,242,225.4,234.3,225.4
2024-12-31,-5.0,-2.13,229.9,,93920,454,232.0,232.5,226.0
2024-12-29,-7.8,-3.21,234.9,,93411,416,238.0,240.0,233.3
2024-12-26,3.2,1.34,242.7,,93504,448,243.9,243.9,236.4
2024-12-24,2.1,0.88,239.5,,78642,378,238.0,242.1,238.0
2024-12-23,4.6,1.98,237.4,,67190,340,232.0,239.9,230.0
2024-12-22,-1.3,-0.56,232.8,,86622,404,229.5,240.0,229.5
2024-12-19,-6.9,-2.86,234.1,,90144,506,241.0,243.1,234.0
2024-12-18,-2.0,-0.82,241.0,,90082,353,244.0,245.0,240.0
2024-12-17,-1.0,-0.41,243.0,,91884,415,244.0,246.8,241.7
2024-12-16,-5.9,-2.36,244.0,,102083,440,248.0,250.0,243.1
2024-12-12,-4.1,-1.61,249.9,,79664,416,257.0,257.0,249.9
2024-12-11,5.5,2.21,254.0,,326528,574,248.5,254.0,246.7
2024-12-10,-2.5,-1.0,248.5,,59090,310,252.0,253.0,248.0
2024-12-09,2.4,0.97,251.0,,65432,402,253.0,254.0,248.2
2024-12-08,-5.4,-2.13,248.6,,138694,561,254.0,257.0,248.5
2024-12-05,-4.6,-1.78,254.0,,144582,544,258.0,260.0,253.2
2024-12-04,-0.5,-0.19,258.6,,113115,540,264.2,265.0,257.6
2024-12-03,-0.3,-0.12,259.1,,154867,532,264.0,264.0,257.5
2024-12-02,-1.0,-0.38,259.4,,141548,539,265.0,265.0,259.0
2024-12-01,-7.6,-2.84,260.4,,126602,530,273.3,273.3,257.6
2024-11-28,-4.1,-1.51,268.0,,146197,490,275.0,275.0,267.1
2024-11-27,5.1,1.91,272.1,,144323,551,261.7,274.3,261.7
2024-11-26,6.0,2.3,267.0,,151628,482,265.0,271.5,262.0
2024-11-25,1.0,0.38,261.0,,86962,401,265.2,265.2,257.0
2024-11-24,-3.0,-1.14,260.0,,130444,540,268.2,268.2,259.0
2024-11-21,-4.2,-1.57,263.0,,136605,571,268.1,272.4,262.5
2024-11-20,-2.8,-1.04,267.2,,161816,578,275.0,275.0,265.0
2024-11-19,-7.0,-2.53,270.0,,226502,773,282.0,282.0,266.6
2024-11-17,0.0,0.0,277.0,,171677,616,271.5,284.0,271.5
2024-11-14,-1.0,-0.36,277.0,,120893,588,282.0,282.0,275.0
2024-11-13,-5.0,-1.77,278.0,,92524,462,288.0,288.0,277.0
2024-11-12,-1.0,-0.35,283.0,,123454,498,289.0,289.0,280.1
2024-11-11,1.0,0.35,284.0,,254169,840,277.4,292.0,277.4
2024-11-10,10.0,3.66,283.0,,229963,813,278.0,283.0,273.3
2024-11-06,-1.9,-0.69,273.0,,67161,331,275.0,275.0,272.3
2024-11-05,0.3,0.11,274.9,,60229,274,271.0,280.0,271.0
2024-10-30,-4.5,-1.61,274.6,,104149,367,284.0,284.0,273.8
2024-10-29,5.1,1.86,279.1,,137397,567,274.0,280.0,273.0
2024-10-28,5.0,1.86,274.0,,95243,397,273.0,276.9,271.0
2024-10-27,-0.5,-0.19,269.0,,99887,440,274.8,274.8,266.1
2024-10-24,-2.5,-0.92,269.5,,163770,629,272.0,275.0,268.0
2024-10-23,-2.8,-1.02,272.0,,122361,514,275.1,280.0,270.2
2024-10-22,4.5,1.66,274.8,,174707,654,271.0,278.0,269.8
2024-10-21,-12.6,-4.45,270.3,,216873,903,277.3,283.0,270.1
2024-10-20,-5.2,-1.8,282.9,,277743,1076,282.4,291.9,278.0
2024-10-17,4.6,1.62,288.1,,345740,1259,281.0,296.7,280.2
2024-10-16,4.9,1.76,283.5,,155697,723,280.0,286.9,279.0
2024-10-15,4.6,1.68,278.6,,44386,280,277.9,280.0,273.0
2024-10-09,0.0,0.0,274.0,,83357,360,270.6,278.9,269.0
2024-10-08,-8.1,-2.87,274.0,,181550,580,287.4,287.4,272.0
2024-10-07,4.1,1.47,282.1,,192663,855,283.0,289.0,279.0
2024-10-06,10.1,3.77,278.0,,148964,717,270.0,279.4,266.0
2024-10-02,-5.0,-1.83,267.9,,258425,1030,273.0,278.4,265.1
2024-10-01,20.7,8.21,272.9,,353269,1457,257.2,272.9,253.0
2024-09-30,6.2,2.52,252.2,,126740,562,246.0,255.0,246.0
2024-09-29,-6.9,-2.73,246.0,,143572,566,247.9,252.0,243.0
2024-09-26,-3.4,-1.33,252.9,,193007,714,253.0,262.0,251.0
2024-09-25,7.3,2.93,256.3,,241348,937,253.0,258.4,241.1
2024-09-24,-8.5,-3.3,249.0,,365175,1199,255.0,265.0,249.0
2024-09-23,-10.5,-3.92,257.5,,218571,950,270.0,270.0,257.0
2024-09-22,3.0,1.13,268.0,,227976,877,270.0,280.9,265.0
2024-09-18,-1.6,-0.6,265.0,,187764,854,268.0,268.5,260.0
2024-09-16,-7.4,-2.7,266.6,,293602,1228,274.0,275.9,265.0
2024-09-15,-11.0,-3.86,274.0,,611503,2137,290.0,292.0,272.1
2024-09-12,24.0,9.2,285.0,,383488,1524,266.0,286.5,260.0
2024-09-11,-8.5,-3.15,261.0,,265361,1270,270.1,274.0,260.0
2024-09-10,-1.5,-0.55,269.5,,349678,1459,271.0,283.0,267.3
2024-09-09,-9.3,-3.32,271.0,,369988,1565,280.3,283.0,270.5
2024-09-08,-5.3,-1.86,280.3,,318337,1345,286.0,290.0,280.0
2024-09-05,-5.4,-1.86,285.6,,423428,1649,290.9,293.9,280.3
2024-09-04,-14.0,-4.59,291.0,,458558,1954,311.1,311.1,288.2
2024-09-03,-2.0,-0.65,305.0,,519581,1941,313.1,313.1,302.9
2024-09-02,19.2,6.67,307.0,,739621,2868,290.0,308.0,283.0
2024-09-01,-6.2,-2.11,287.8,,523515,2067,295.0,301.0,283.0
2024-08-29,-5.0,-1.67,294.0,,550107,2167,304.0,304.0,290.2
2024-08-28,16.0,5.65,299.0,,1060284,4076,283.0,307.8,283.0
2024-08-27,-18.0,-5.98,283.0,,1124687,4095,303.1,305.0,280.0
2024-08-25,-15.0,-4.75,301.0,,809587,3328,322.0,322.0,300.1
2024-08-22,-3.0,-0.94,316.0,,735848,3024,320.0,325.9,315.0
2024-08-21,-5.0,-1.54,319.0,,846160,3204,330.0,336.6,317.2
2024-08-18,-20.5,-5.95,324.0,,1601120,5931,346.0,346.0,317.8
2024-08-15,13.4,4.05,344.5,,1158014,4801,337.7,360.0,337.7
2024-08-14,30.1,10.0,331.1,,1367804,4866,301.0,331.1,296.0
2024-08-13,4.0,1.35,301.0,,1006406,4002,302.0,308.9,290.0
2024-08-12,-1.2,-0.4,297.0,,1327783,4768,303.0,316.0,296.0
2024-08-11,27.1,10.0,298.2,,1285215,4845,276.5,298.2,267.6
2024-08-08,16.1,6.31,271.1,,1438661,4757,258.0,280.0,250.0
2024-08-07,16.0,6.69,255.0,,662929,2828,235.0,259.0,235.0
2024-08-06,-25.1,-9.5,239.0,,1183948,4638,263.0,265.0,238.1
2024-08-05,6.7,2.6,264.1,,1304724,4033,262.5,270.1,250.0
2024-08-01,23.4,10.0,257.4,,1382626,5269,238.6,257.4,238.5
2024-07-31,19.5,9.09,234.0,,1181663,3779,215.0,235.9,215.0
2024-07-30,3.3,1.56,214.5,,370816,1510,210.0,217.0,206.0
2024-07-29,-5.8,-2.67,211.2,,484876,1904,220.0,225.0,211.0
2024-07-28,13.5,6.63,217.0,,599834,1894,207.5,220.0,203.0
2024-07-25,-1.9,-0.93,203.5,,248268,1098,205.0,208.0,200.0
2024-07-24,-2.5,-1.2,205.4,,394331,1659,212.0,216.0,203.0
2024-07-23,11.8,6.02,207.9,,459616,1732,200.0,208.3,194.1
2024-07-22,-1.9,-0.96,196.1,,228386,1073,200.0,201.0,193.0
2024-07-21,5.0,2.59,198.0,,336550,1284,196.8,199.8,190.1
2024-07-18,0.9,0.47,193.0,,354258,1348,192.9,197.0,188.3
2024-07-17,0.5,0.26,192.1,,281041,1256,195.4,199.0,188.2
2024-07-16,12.6,7.04,191.6,,347816,1278,180.0,196.0,180.0
2024-07-15,2.0,1.13,179.0,,211964,821,180.5,183.7,174.7
2024-07-14,5.0,2.91,177.0,,220091,751,175.4,182.4,172.0
2024-07-11,2.0,1.18,172.0,,96957,411,173.4,173.4,170.0
2024-07-10,0.4,0.24,170.0,,71568,290,172.9,172.9,168.0
2024-07-09,-0.4,-0.24,169.6,,62624,241,170.0,172.0,168.6
2024-07-08,2.2,1.31,170.0,,145757,536,170.0,174.3,169.0
2024-07-07,4.1,2.5,167.8,,184278,617,165.0,173.0,163.2
2024-07-04,0.8,0.49,163.7,89.52,54880,310,163.0,164.9,162.2
2024-07-03,-1.5,-0.91,162.9,88.22,54244,197,163.3,165.0,161.6
2024-07-02,1.7,1.04,164.4,,94708,359,165.9,177.0,163.0
2024-07-01,2.4,1.5,162.7,60.93,37886,187,160.3,162.7,160.0
2024-06-30,-2.6,-1.6,160.3,,84405,248,161.2,163.5,160.1
2024-06-27,2.3,1.43,162.9,92.45,57147,218,159.0,163.0,158.7
2024-06-26,-2.4,-1.47,160.6,,102908,327,162.5,165.0,159.3
2024-06-25,4.5,2.84,163.0,,81919,303,159.0,174.3,158.5
2024-06-24,-0.5,-0.31,158.5,77.68,48797,292,159.1,160.0,158.1
2024-06-23,-1.9,-1.18,159.0,,85209,346,160.9,161.5,159.0
2024-06-20,-1.1,-0.68,160.9,,65686,247,165.2,165.2,160.0
2024-06-19,-1.1,-0.67,162.0,57.92,35638,225,163.1,165.0,162.0
2024-06-18,-1.9,-1.15,163.1,70.43,43125,205,166.9,166.9,162.3
2024-06-16,1.0,0.61,165.0,95.5,58125,268,162.6,167.0,162.2
2024-06-13,-1.0,-0.61,164.0,90.15,54969,230,165.0,165.9,163.5
2024-06-12,0.0,0.0,165.0,61.57,37120,222,166.2,167.9,164.4
2024-06-11,2.0,1.23,165.0,,65590,260,166.2,166.2,162.2
2024-06-10,-0.5,-0.31,163.0,65.77,40377,228,166.7,166.7,161.3
2024-06-09,-1.0,-0.61,163.5,79.46,48530,238,167.7,167.7,163.0
2024-06-06,0.6,0.37,164.5,63.0,38599,189,166.0,167.1,161.8
2024-06-05,-1.1,-0.67,163.9,49.94,30504,176,164.0,166.0,162.6
2024-06-04,2.4,1.48,165.0,79.37,48235,220,164.5,166.0,162.2
2024-06-03,-1.6,-0.97,162.6,95.26,58273,223,164.0,165.0,162.4
2024-06-02,-0.8,-0.48,164.2,69.9,42430,256,163.0,167.0,163.0
2024-05-30,-2.0,-1.2,165.0,54.41,32986,201,165.0,168.0,164.0
2024-05-29,-2.5,-1.47,167.0,95.95,56468,253,171.5,178.3,166.8
2024-05-27,2.2,1.32,169.5,,63202,266,168.0,170.6,165.4
2024-05-26,-2.7,-1.59,167.3,,61689,274,172.0,172.0,167.0
2024-05-22,-0.8,-0.47,170.0,72.84,43001,245,168.1,170.7,168.0
2024-05-21,1.4,0.83,170.8,,69367,285,167.0,172.0,167.0
2024-05-20,2.6,1.56,169.4,,146675,507,169.9,173.5,166.0
2024-05-19,3.7,2.27,166.8,89.37,53863,243,166.3,168.0,163.0
2024-05-16,-2.3,-1.39,163.1,43.62,26617,168,162.5,166.0,162.5
2024-05-15,-0.6,-0.36,165.4,75.37,44942,246,168.5,170.0,164.0
2024-05-14,2.0,1.22,166.0,68.19,41364,248,162.0,166.5,162.0
2024-05-13,3.4,2.12,164.0,76.76,47063,212,160.0,165.0,160.0
2024-05-12,-0.4,-0.25,160.6,47.3,29365,219,161.0,162.5,159.5
2024-05-09,1.5,0.94,161.0,63.66,39700,190,162.5,162.5,160.0
2024-05-08,-0.5,-0.31,159.5,96.43,60317,234,163.0,164.0,159.0
2024-05-07,-1.0,-0.62,160.0,59.57,37114,191,162.1,163.0,160.0
2024-05-06,-1.5,-0.92,161.0,71.58,44526,240,164.7,164.7,160.0
2024-05-05,-3.0,-1.81,162.5,,70903,262,162.3,165.0,159.1
2024-05-02,-0.9,-0.54,165.5,74.27,44631,230,169.7,172.0,165.0
2024-04-30,4.4,2.72,166.4,82.95,50462,260,158.8,167.0,158.8
2024-04-29,-1.0,-0.61,162.0,,63767,217,166.2,166.2,161.5
2024-04-28,0.5,0.31,163.0,46.67,28642,187,165.7,165.7,161.8
2024-04-25,-0.5,-0.31,162.5,37.05,22841,148,162.5,164.2,162.0
2024-04-24,0.0,0.0,163.0,23.76,14588,142,162.1,164.5,162.0
2024-04-22,-0.1,-0.06,163.0,32.62,19982,168,164.0,164.9,162.0
2024-04-21,1.1,0.68,163.1,78.12,48272,214,162.0,164.9,160.0
2024-04-18,-1.9,-1.16,162.0,45.39,28053,209,163.2,163.2,158.8
2024-04-16,-1.2,-0.73,163.9,42.17,25664,189,161.8,166.0,161.8
2024-04-15,-0.9,-0.54,165.1,58.95,35609,185,166.0,167.0,165.0
2024-04-14,-1.4,-0.84,166.0,53.76,32168,215,167.1,169.0,166.0
2024-04-10,-1.1,-0.65,167.4,46.13,27432,190,170.0,170.0,167.2
2024-04-09,1.0,0.6,168.5,95.08,56455,293,169.0,170.0,167.2
2024-04-07,0.9,0.54,167.5,79.28,47396,271,169.9,169.9,166.0
2024-04-04,-0.4,-0.24,166.6,54.21,32582,225,165.5,168.5,165.5
2024-04-03,0.0,0.0,167.0,43.8,26270,209,169.9,169.9,165.3
2024-04-02,-0.5,-0.3,167.0,55.5,33134,229,168.0,168.0,167.0
2024-04-01,-0.5,-0.3,167.5,,66879,290,166.5,169.5,165.2
2024-03-31,-0.9,-0.53,168.0,,60145,303,171.0,172.0,167.0
2024-03-28,-0.5,-0.3,168.9,56.81,33579,233,170.0,170.0,168.7
2024-03-27,-0.9,-0.53,169.4,51.9,30609,205,167.1,171.0,167.1
2024-03-26,-0.7,-0.41,170.3,71.6,41890,235,171.0,172.0,169.6
2024-03-25,-2.1,-1.21,171.0,81.1,47443,229,173.1,174.0,169.7
2024-03-21,-2.8,-1.59,173.1,76.08,43678,254,175.0,178.0,173.0
2024-03-20,-1.4,-0.79,175.9,57.67,32637,222,177.2,179.0,175.4
2024-03-19,0.3,0.17,177.3,48.52,27194,232,177.0,180.5,177.0
2024-03-18,-3.0,-1.67,177.0,61.7,34722,266,178.5,180.0,177.0
2024-03-17,1.0,0.56,180.0,74.93,41857,273,178.6,182.0,176.6
2024-03-14,-3.1,-1.7,179.0,,73327,306,181.6,183.5,179.0
2024-03-13,-0.4,-0.22,182.1,,58157,305,183.0,185.4,180.0
2024-03-12,5.5,3.11,182.5,,85180,436,180.0,183.9,178.0
2024-03-10,2.8,1.61,177.0,81.96,46257,301,177.6,180.0,175.3
2024-03-07,0.2,0.11,174.2,82.38,46878,249,174.0,180.0,174.0
2024-03-06,-0.5,-0.29,174.0,,73204,348,175.0,177.9,171.0
2024-03-05,-4.6,-2.57,174.5,,112568,520,182.6,185.0,174.0
2024-03-04,10.2,6.04,179.1,,132,4,172.2,179.1,172.2
2024-03-03,1.0,0.6,168.9,58.82,35112,276,168.0,170.3,165.2
2024-02-29,-2.1,-1.24,167.9,61.66,36612,263,170.0,170.0,167.5
2024-02-28,-1.0,-0.58,170.0,66.51,39073,275,172.0,172.5,169.0
2024-02-27,-0.5,-0.29,171.0,71.9,42072,254,172.0,173.5,170.0
2024-02-26,1.5,0.88,171.5,61.24,35757,237,169.1,173.5,169.0
2024-02-25,-4.6,-2.63,170.0,,79976,430,174.6,175.0,169.1
2024-02-22,-3.1,-1.74,174.6,,70913,374,177.7,179.0,174.5
2024-02-21,-0.8,-0.45,177.7,88.72,49539,297,178.0,184.6,177.5
2024-02-20,-0.5,-0.28,178.5,,63678,346,177.6,181.5,177.2
2024-02-18,-3.0,-1.65,179.0,,56426,374,182.0,184.0,178.7
2024-02-15,-1.4,-0.76,182.0,80.55,43903,282,183.0,186.0,181.5
2024-02-14,0.4,0.22,183.4,,55055,284,183.0,185.0,180.0
2024-02-13,-5.0,-2.66,183.0,,86253,421,190.0,190.0,182.9
2024-02-12,1.5,0.8,188.0,86.37,45967,283,188.0,189.0,187.1
2024-02-11,-0.9,-0.48,186.5,,100636,439,188.3,191.8,186.0
2024-02-07,0.3,0.16,185.3,91.19,48837,286,188.7,191.9,185.3
2024-02-06,-0.3,-0.16,185.0,76.14,40882,278,188.9,188.9,185.0
2024-02-05,-0.2,-0.11,185.3,,76322,392,189.0,189.0,185.0
2024-02-04,-2.5,-1.33,185.5,,87347,406,189.0,189.3,185.5
2024-02-01,-1.9,-1.0,188.0,,180650,558,188.1,189.9,185.2
2024-01-31,-1.6,-0.84,189.9,,128184,475,194.8,195.0,189.0
2024-01-30,0.0,0.0,191.5,,137324,521,195.0,195.0,190.5
2024-01-29,0.5,0.26,191.5,,184326,712,194.8,195.8,190.0
2024-01-28,-1.0,-0.52,191.0,,171456,546,195.7,196.0,189.0
2024-01-25,-4.0,-2.04,192.0,,156809,584,199.8,199.8,190.2
2024-01-24,-4.1,-2.05,196.0,,295762,706,204.0,204.0,196.0
2024-01-23,4.2,2.14,200.1,,273487,782,195.1,200.1,195.1
2024-01-22,-0.1,-0.05,195.9,,431216,1230,199.0,203.0,193.2
2024-01-21,1.0,0.51,196.0,,390359,1138,191.1,202.0,191.1
2024-01-18,0.7,0.36,195.0,,214459,789,194.3,198.0,189.0
2024-01-17,-1.8,-0.92,194.3,,561788,1697,199.0,204.0,194.3
2024-01-16,10.8,5.83,196.1,,335687,1288,186.0,198.0,186.0
2024-01-14,0.3,0.16,185.3,,139619,505,187.0,188.0,185.0
2024-01-11,-2.4,-1.28,185.0,,111011,528,186.2,189.0,183.2
2024-01-10,-0.1,-0.05,187.4,,210857,770,191.2,195.8,186.6
2024-01-09,4.5,2.46,187.5,,204272,742,185.0,192.0,184.3
2024-01-08,0.7,0.38,183.0,,109271,463,182.5,185.6,182.0
2024-01-07,-1.7,-0.92,182.3,,113064,490,187.6,191.1,182.0
2024-01-04,-2.9,-1.55,184.0,,190270,805,187.0,191.7,183.2
2024-01-03,4.1,2.24,186.9,,178448,726,180.0,188.1,175.5
2024-01-02,-0.2,-0.11,182.8,,132299,594,183.0,185.9,182.0
2024-01-01,-0.2,-0.11,183.0,,109322,517,186.0,189.9,182.3
2023-12-28,-0.9,-0.49,183.2,,105151,467,184.1,186.0,182.0
2023-12-27,-3.9,-2.07,184.1,,133856,691,187.5,199.0,183.1
2023-12-24,-8.9,-4.52,188.0,,247365,1076,197.0,200.8,187.5
2023-12-21,-2.5,-1.25,196.9,,364808,1493,203.3,206.0,196.2
2023-12-20,9.9,5.22,199.4,,395506,1448,190.0,206.0,187.5
2023-12-19,-0.5,-0.26,189.5,,120754,607,190.0,193.0,185.1
2023-12-18,7.9,4.34,190.0,,243899,1219,182.2,194.0,180.1
2023-12-17,11.1,6.49,182.1,,191892,701,167.6,183.0,167.6
2023-12-14,-2.4,-1.38,171.0,88.54,51601,288,171.0,174.4,170.0
2023-12-13,-1.6,-0.91,173.4,,139704,496,175.0,177.0,171.0
2023-12-12,5.0,2.94,175.0,,113111,461,170.0,175.0,168.5
2023-12-11,-2.0,-1.16,170.0,,110581,613,175.4,178.0,166.6
2023-12-10,14.0,8.86,172.0,29.08,17114,52,161.1,172.0,161.1
2023-12-07,1.4,0.89,158.0,61.85,39187,176,156.0,158.5,156.0
2023-12-06,-0.4,-0.25,156.6,44.78,28652,162,156.0,157.0,155.7
2023-12-05,-1.0,-0.63,157.0,28.68,18237,149,161.0,161.1,156.3
2023-12-04,0.7,0.45,158.0,25.93,16478,164,156.0,159.4,155.1
2023-12-03,-0.6,-0.38,157.3,44.26,28109,204,158.0,160.0,155.9
2023-11-30,-1.1,-0.69,157.9,33.76,21348,186,159.0,159.9,157.0
2023-11-29,-1.0,-0.62,159.0,17.48,10954,97,160.0,161.0,158.0
2023-11-28,-1.5,-0.93,160.0,51.35,31963,193,160.0,163.2,159.1
2023-11-27,-0.5,-0.31,161.5,53.9,33115,203,162.0,164.9,161.0
2023-11-26,3.1,1.95,162.0,65.08,40159,239,160.0,163.0,160.0
2023-11-23,0.0,0.0,158.9,52.95,33224,200,158.9,162.0,156.0
2023-11-22,1.9,1.21,158.9,48.21,30739,193,158.0,159.9,154.0
2023-11-21,-5.0,-3.09,157.0,67.22,42644,228,164.0,164.0,156.0
2023-11-20,2.5,1.57,162.0,50.33,31064,199,161.0,164.0,161.0
2023-11-09,-1.5,-0.93,159.5,29.81,18711,137,163.0,163.0,158.3
2023-11-08,-2.0,-1.23,161.0,32.04,19947,149,162.0,162.7,159.0
2023-11-07,4.0,2.52,163.0,55.71,34837,214,159.0,163.0,157.0
2023-11-06,1.1,0.7,159.0,40.36,25331,213,160.0,162.0,157.0
2023-11-05,-1.4,-0.88,157.9,45.73,29051,199,157.6,160.0,156.3
2023-11-02,-1.4,-0.87,159.3,44.08,27586,178,158.1,161.0,158.1
2023-11-01,-1.3,-0.8,160.7,51.41,31883,210,162.0,163.9,160.0
2023-10-31,-1.0,-0.61,162.0,25.14,15541,138,164.0,164.0,161.0
2023-10-30,0.5,0.31,163.0,37.56,23163,135,162.5,164.0,160.6
2023-10-29,-2.6,-1.57,162.5,43.48,26666,161,165.0,166.0,161.9
2023-10-19,-0.8,-0.48,165.1,25.94,15663,118,166.0,167.0,163.3
2023-10-18,2.9,1.78,165.9,45.74,27652,156,164.9,168.0,162.0
2023-10-17,2.0,1.24,163.0,33.24,20439,163,162.0,164.9,161.5
2023-10-16,-0.5,-0.31,161.0,75.25,46776,296,161.5,163.0,159.0
2023-10-12,-1.1,-0.68,161.5,79.55,49137,301,161.1,163.0,161.0
2023-10-11,-1.3,-0.79,162.6,41.45,25332,215,163.9,165.0,162.5
2023-10-10,-0.5,-0.3,163.9,50.54,30840,214,167.6,167.6,163.3
2023-10-09,-0.1,-0.06,164.4,45.07,27392,224,163.0,166.9,163.0
2023-10-08,-2.5,-1.5,164.5,78.23,47196,308,170.0,170.0,164.5
2023-10-05,-0.5,-0.3,167.0,78.39,46779,271,166.1,170.8,166.1
2023-10-04,0.3,0.18,167.5,55.98,33181,223,169.9,170.5,167.2
2023-10-03,-1.8,-1.07,167.2,31.62,18854,168,167.5,170.0,167.0
2023-10-02,2.0,1.2,169.0,60.51,36006,248,166.0,169.7,165.0
2023-10-01,-5.1,-2.96,167.0,,78001,348,170.0,170.0,166.0
2023-09-27,-3.9,-2.22,172.1,62.61,36090,222,177.5,177.9,172.1
2023-09-26,5.0,2.92,176.0,,68784,308,173.0,178.5,173.0
2023-09-25,-3.0,-1.72,171.0,83.17,48172,290,174.0,175.0,171.0
2023-09-24,-2.0,-1.14,174.0,,69007,365,178.0,179.4,173.0
2023-09-21,8.0,4.76,176.0,,119813,602,170.0,178.0,170.0
2023-09-19,1.1,0.66,168.0,32.02,19087,155,170.2,170.2,165.4
2023-09-18,1.0,0.6,166.9,31.58,19120,151,164.0,167.0,163.0
2023-09-17,-5.2,-3.04,165.9,72.96,43738,294,170.0,170.9,165.0
2023-09-13,4.1,2.46,171.1,77.6,45686,256,169.0,171.9,167.0
2023-09-12,-2.8,-1.65,167.0,38.65,22918,181,170.0,171.5,166.5
2023-09-11,4.9,2.97,169.8,69.64,41592,268,168.1,169.8,163.0
2023-09-10,0.4,0.24,164.9,37.5,22707,227,165.0,167.3,163.3
2023-09-07,-1.8,-1.08,164.5,62.33,37836,253,168.0,168.0,164.0
2023-09-05,-0.2,-0.12,166.3,26.56,15976,142,168.0,168.0,165.4
2023-09-04,0.2,0.12,166.5,47.75,28695,233,168.0,169.6,165.0
2023-09-03,-1.7,-1.01,166.3,54.5,32688,237,168.0,168.7,166.0
2023-08-30,0.0,0.0,168.0,47.63,28282,237,170.0,171.0,167.1
2023-08-29,0.0,0.0,168.0,34.14,20319,212,170.0,170.9,167.1
2023-08-28,0.5,0.3,168.0,59.08,35009,238,167.0,170.1,166.0
2023-08-27,-2.3,-1.35,167.5,63.16,37613,306,170.9,170.9,167.1
2023-08-24,-4.5,-2.58,169.8,99.82,58029,278,172.0,175.4,169.8
2023-08-23,4.3,2.53,174.3,96.02,55437,327,172.0,175.0,169.6
2023-08-22,3.4,2.04,170.0,61.75,36565,269,169.0,170.5,166.6
2023-08-21,-1.7,-1.01,166.6,85.42,50802,331,166.1,171.6,166.1
2023-08-20,-3.2,-1.87,168.3,,59629,344,172.0,174.0,168.0
2023-08-17,1.3,0.76,171.5,70.61,41053,277,173.6,173.9,170.5
2023-08-16,-3.8,-2.18,170.2,,77185,412,171.1,173.0,169.0
2023-08-15,-1.1,-0.63,174.0,,89884,493,175.0,179.0,173.0
2023-08-14,-1.4,-0.79,175.1,56.76,32195,263,176.0,179.5,175.1
2023-08-13,-2.0,-1.12,176.5,65.22,36704,336,178.5,180.0,176.1
2023-08-10,-3.4,-1.87,178.5,91.51,51146,374,178.6,182.0,176.1
2023-08-09,7.1,4.06,181.9,87.59,50556,401,174.8,182.4,171.0
2023-08-08,-0.3,-0.17,174.8,96.78,55493,461,171.6,177.0,171.6
2023-08-07,-1.4,-0.79,175.1,73.0,41383,314,178.0,178.9,174.2
2023-08-06,-2.0,-1.12,176.5,85.5,48359,353,179.0,180.0,175.5
2023-08-03,0.0,0.0,178.5,,137298,516,180.0,182.0,175.5
2023-08-02,-1.4,-0.78,178.5,95.33,53444,335,180.0,180.9,177.2
2023-08-01,-1.3,-0.72,179.9,92.27,51147,328,184.0,184.0,179.0
2023-07-31,-0.5,-0.28,181.2,87.83,47875,324,182.0,185.9,181.0
2023-07-30,-0.3,-0.16,181.7,,63039,384,182.1,185.1,181.0
2023-07-27,-3.0,-1.62,182.0,,90043,497,186.0,186.0,181.7
2023-07-26,-2.0,-1.07,185.0,88.44,47571,364,190.6,190.6,184.9
2023-07-25,-1.2,-0.64,187.0,87.14,46739,353,191.9,191.9,185.1
2023-07-24,-5.8,-2.99,188.2,,277079,853,192.0,197.9,188.2
2023-07-23,9.2,4.98,194.0,,150869,629,183.5,194.0,183.5
2023-07-20,-1.2,-0.65,184.8,,99199,453,188.0,188.8,183.0
2023-07-19,-1.0,-0.53,186.0,,59909,341,190.7,190.7,184.2
2023-07-18,-1.1,-0.58,187.0,,102160,435,188.1,191.0,186.0
2023-07-17,4.1,2.23,188.1,,131978,464,181.1,190.0,181.1
2023-07-16,0.1,0.05,184.0,,152816,296,186.0,186.0,181.1
2023-07-13,-0.1,-0.05,183.9,,112548,532,187.6,189.0,180.8
2023-07-12,4.0,2.22,184.0,,86099,498,181.0,187.0,180.0
2023-07-11,-1.0,-0.55,180.0,,82598,429,182.0,182.0,177.0
2023-07-10,-3.0,-1.63,181.0,,114817,501,185.0,187.4,180.1
2023-07-09,3.6,2.0,184.0,,73062,505,184.0,185.0,182.0
2023-07-06,-0.1,-0.06,180.4,,103755,583,180.5,183.0,178.2
2023-07-05,-4.4,-2.38,180.5,,94863,520,185.0,188.5,180.0
2023-07-04,1.4,0.76,184.9,,73138,436,186.9,187.1,183.1
2023-07-03,-3.0,-1.61,183.5,,140903,683,182.8,189.0,182.8
2023-07-02,-6.5,-3.37,186.5,,146223,708,196.0,196.0,186.0
2023-06-28,-7.0,-3.5,193.0,,178353,723,204.0,204.0,193.0
2023-06-27,1.1,0.55,200.0,,163843,738,201.5,202.8,198.1
2023-06-26,-0.1,-0.05,198.9,,178294,786,195.4,204.8,195.4
2023-06-25,0.5,0.25,199.0,,200673,854,194.6,200.7,194.6
2023-06-22,-0.5,-0.25,198.5,,134627,538,202.9,202.9,194.3
2023-06-21,-6.0,-2.93,199.0,,127403,567,209.1,209.1,197.0
2023-06-20,-1.0,-0.49,205.0,,246773,981,210.0,210.0,198.0
2023-06-19,8.0,4.04,206.0,,340614,1277,199.0,212.0,195.5
2023-06-18,1.2,0.61,198.0,,192538,745,200.0,200.7,194.1
2023-06-15,0.8,0.41,196.8,,97600,569,198.0,199.9,193.0
2023-06-14,-5.0,-2.49,196.0,,228210,1098,197.0,203.8,195.0
2023-06-13,7.0,3.61,201.0,,306016,1456,196.0,202.0,193.2
2023-06-12,3.5,1.84,194.0,,193168,746,190.0,194.5,188.6
2023-06-11,4.0,2.14,190.5,,111872,623,188.0,191.7,186.3
2023-06-08,-1.2,-0.64,186.5,98.75,52792,380,188.0,189.3,185.0
2023-06-07,-0.3,-0.16,187.7,,98147,518,190.0,192.7,187.0
2023-06-06,2.7,1.46,188.0,,66274,421,185.3,189.0,184.0
2023-06-05,-3.7,-1.96,185.3,,75638,498,190.0,193.5,185.3
2023-06-04,6.2,3.39,189.0,,98595,546,186.4,195.0,186.0
2023-06-01,2.4,1.33,182.8,,68826,482,184.0,185.6,179.1
2023-05-31,-3.6,-1.96,180.4,,78797,507,184.0,187.6,178.4
2023-05-30,-5.0,-2.65,184.0,,173178,659,189.0,193.0,183.0
2023-05-28,-1.1,-0.58,189.0,,148678,686,190.1,198.9,188.1
2023-05-24,-1.9,-0.99,190.1,,58968,369,193.0,193.9,188.3
2023-05-23,5.6,3.0,192.0,,107626,489,189.5,192.5,185.8
2023-05-22,2.4,1.3,186.4,83.25,45132,244,187.0,187.6,182.5
2023-05-21,-2.0,-1.08,184.0,,94728,449,187.0,192.0,184.0
2023-05-18,4.0,2.2,186.0,,74077,371,181.1,188.0,181.0
2023-05-17,3.0,1.68,182.0,77.77,42787,304,180.9,183.9,180.0
2023-05-16,1.0,0.56,179.0,58.42,32604,213,178.5,181.5,177.0
2023-05-15,0.2,0.11,178.0,72.19,40510,229,177.0,181.5,175.2
2023-05-14,-2.2,-1.22,177.8,83.26,46515,259,179.0,185.0,177.2
2023-05-11,2.0,1.12,180.0,,63390,303,180.0,182.0,178.6
2023-05-10,-1.0,-0.56,178.0,49.29,27599,203,179.0,181.0,177.7
2023-05-09,1.0,0.56,179.0,,57494,306,179.0,182.5,177.0
2023-05-08,-1.9,-1.06,178.0,79.83,44879,263,180.0,182.0,176.0
2023-05-07,-2.6,-1.42,179.9,50.49,27927,222,181.0,184.0,179.8
2023-05-04,0.3,0.16,182.5,85.3,46675,258,184.0,185.0,180.5
2023-05-03,-1.9,-1.03,182.2,59.83,32787,223,184.0,184.2,182.0
2023-05-02,-0.2,-0.11,184.1,63.54,34361,214,185.0,187.0,184.0
2023-04-30,-1.8,-0.97,184.3,98.31,52998,295,186.0,188.0,184.1
2023-04-27,-1.8,-0.96,186.1,65.13,34873,266,187.9,188.0,186.0
2023-04-26,-2.8,-1.47,187.9,65.59,34664,230,194.5,194.5,187.1
2023-04-25,4.4,2.36,190.7,75.83,40056,223,185.0,190.8,185.0
2023-04-24,-0.7,-0.37,186.3,58.41,31120,211,186.0,190.0,186.0
2023-04-23,-2.1,-1.11,187.0,85.87,45675,286,192.8,192.8,186.2
2023-04-20,-2.1,-1.1,189.1,71.36,37539,235,191.0,193.0,189.0
2023-04-19,1.2,0.63,191.2,80.25,41986,214,192.5,194.0,189.6
2023-04-18,1.0,0.53,190.0,56.05,29567,269,190.0,191.9,188.3
2023-04-17,-4.0,-2.07,189.0,,58534,307,195.0,195.0,189.0
2023-04-16,-2.0,-1.03,193.0,99.02,50821,293,192.0,198.9,192.0
2023-04-13,-5.5,-2.74,195.0,,96331,570,204.5,204.5,194.0
2023-04-12,12.6,6.71,200.5,,141930,705,191.6,201.0,190.0
2023-04-11,3.9,2.12,187.9,90.8,48895,338,187.6,188.0,183.2
2023-04-10,-1.0,-0.54,184.0,84.24,45696,335,183.0,187.0,181.5
2023-04-09,-2.1,-1.12,185.0,,71080,376,185.1,188.5,184.0
2023-04-06,-2.9,-1.53,187.1,98.34,52021,288,192.0,192.9,187.0
2023-04-05,0.1,0.05,190.0,80.23,42309,243,193.5,193.5,187.0
2023-04-04,-0.3,-0.16,189.9,92.06,48313,317,190.0,193.0,188.0
2023-04-03,-2.7,-1.4,190.2,,61676,359,192.9,192.9,189.6
2023-04-02,-1.0,-0.52,192.9,,58378,307,197.7,199.0,191.2
2023-03-30,-2.1,-1.07,193.9,78.38,40214,266,192.2,197.8,192.2
2023-03-29,-1.0,-0.51,196.0,54.04,27643,219,197.0,197.0,194.0
2023-03-28,2.2,1.13,197.0,,89408,433,197.5,199.7,195.0
2023-03-27,2.8,1.46,194.8,,73914,460,192.0,196.9,190.0
2023-03-26,-2.0,-1.03,192.0,84.02,43630,313,191.1,194.9,191.1
2023-03-23,-2.1,-1.07,194.0,,54671,303,196.0,197.8,193.1
2023-03-22,-2.9,-1.46,196.1,,63760,368,201.0,202.0,196.0
2023-03-20,3.0,1.53,199.0,,53938,339,196.0,199.6,195.0
2023-03-19,-0.5,-0.25,196.0,,54230,273,197.0,198.0,195.4
2023-03-16,3.2,1.66,196.5,99.96,51327,276,193.4,196.8,192.0
2023-03-15,-1.2,-0.62,193.3,93.41,47993,305,195.0,197.0,193.0
2023-03-14,0.5,0.26,194.5,,55336,317,197.4,198.0,194.0
2023-03-13,-3.0,-1.52,194.0,94.73,48468,296,196.1,198.0,193.7
2023-03-12,-5.0,-2.48,197.0,,107184,572,205.0,206.1,196.0
2023-03-09,9.0,4.66,202.0,,100659,570,196.8,202.0,195.5
2023-03-07,2.0,1.05,193.0,97.71,50558,358,192.6,195.0,191.0
2023-03-05,-3.1,-1.6,191.0,,88721,537,195.0,197.0,189.1
2023-03-02,-1.9,-0.97,194.1,,75535,454,195.5,196.5,193.0
2023-03-01,-3.0,-1.51,196.0,,57755,330,199.3,201.0,195.0
2023-02-28,3.0,1.53,199.0,,85293,407,199.8,202.0,196.3
2023-02-27,-3.0,-1.51,196.0,,141095,689,202.9,205.0,193.2
2023-02-26,-1.0,-0.5,199.0,,151085,877,198.9,201.8,190.0
2023-02-23,-5.0,-2.44,200.0,,107177,605,202.5,204.0,198.6
2023-02-22,6.0,3.02,205.0,,88963,546,200.0,207.0,200.0
2023-02-20,0.0,0.0,199.0,,114440,626,197.5,202.0,197.0
2023-02-16,-4.5,-2.21,199.0,,133965,720,203.0,206.0,198.9
2023-02-15,-0.3,-0.15,203.5,,95852,515,203.0,207.5,202.0
2023-02-14,-1.1,-0.54,203.8,,96273,591,204.9,208.0,203.0
2023-02-12,-12.2,-5.62,204.9,,267723,1390,215.0,215.0,203.0
2023-02-09,2.2,1.02,217.1,,155488,735,216.0,218.0,211.0
2023-02-08,0.9,0.42,214.9,,316114,1633,218.0,224.0,211.7
2023-02-07,17.0,8.63,214.0,,255789,1255,199.9,214.0,199.0
2023-02-06,0.0,0.0,197.0,,81439,369,198.0,200.0,196.0
2023-02-05,1.7,0.87,197.0,,136600,682,197.9,203.0,195.4
2023-02-02,-3.2,-1.61,195.3,,110421,602,200.0,202.0,195.0
2023-02-01,-1.5,-0.75,198.5,,85114,513,202.0,202.0,197.3
2023-01-31,-2.0,-0.99,200.0,,169986,809,200.0,205.0,197.0
2023-01-30,-7.0,-3.35,202.0,,170459,910,211.0,211.0,200.1
2023-01-29,-3.0,-1.42,209.0,,151096,776,212.0,215.0,208.0
2023-01-26,0.0,-0.05,212.0,,117657,0,214.0,216.1,211.1
2023-01-25,0.0,-0.89,212.1,,126659,0,215.0,218.0,212.0
2023-01-24,0.0,-0.65,214.0,,147360,0,216.0,216.0,208.1
2023-01-23,0.0,-2.53,215.4,,165290,0,224.0,224.0,214.0
2023-01-19,0.0,1.33,221.0,,211450,0,219.0,224.0,215.0
2023-01-18,0.0,-1.8,218.1,,248127,0,222.0,228.0,217.0
2023-01-17,0.0,3.06,222.1,,319642,0,216.0,224.0,209.0
2023-01-12,0.0,-3.79,215.5,,429072,0,228.0,236.1,211.5
2023-01-10,0.0,1.86,224.0,,628555,0,224.0,240.0,210.8
2023-01-09,0.0,6.75,219.9,,385318,0,203.0,220.0,203.0
2023-01-08,0.0,3.0,206.0,,324727,0,204.0,215.0,196.0
2023-01-05,0.0,2.35,200.0,,182922,0,199.3,207.0,196.0
2023-01-04,0.0,5.05,195.4,,177605,0,188.0,198.0,184.7
2023-01-03,0.0,-1.27,186.0,,98804,0,192.0,192.0,184.5
2023-01-02,0.0,-0.32,188.4,,99582,0,190.0,190.0,185.3
2023-01-01,0.0,2.22,189.0,,171337,0,188.5,192.0,186.1
2022-12-29,0.0,4.38,184.9,,150670,0,180.0,185.0,177.0
2022-12-28,0.0,-1.38,186.0,,249723,0,192.3,195.0,183.1
2022-12-27,0.0,9.33,188.6,,281854,0,173.0,189.7,173.0
2022-12-26,0.0,5.83,172.5,,97343,0,166.2,173.9,166.0
2022-12-22,0.0,-0.31,163.0,,31662,0,163.5,163.9,161.9
2022-12-21,0.0,-0.73,163.5,,27880,0,164.0,165.0,163.1
2022-12-20,0.0,1.04,164.7,,21607,0,165.0,165.4,162.5
2022-12-19,0.0,0.49,163.0,,29109,0,160.0,165.0,160.0
2022-12-18,0.0,-1.64,162.2,,38811,0,165.0,167.0,161.0
2022-12-15,0.0,-0.12,164.9,,50857,0,168.0,172.0,164.3
2022-12-14,0.0,-0.24,165.1,,22831,0,166.0,166.9,163.0
2022-12-13,0.0,-0.3,165.5,,23059,0,167.0,168.0,165.0
2022-12-12,0.0,0.61,166.0,,49906,0,168.0,168.0,162.0
2022-12-11,0.0,-1.2,165.0,,40509,0,169.9,169.9,164.0
2022-12-07,0.0,-0.3,167.0,,24352,0,167.5,169.0,166.2
2022-12-06,0.0,-0.89,167.5,,44694,0,169.0,170.0,166.2
2022-12-05,0.0,-0.88,169.0,,41412,0,173.0,173.0,168.0
2022-12-04,0.0,0.0,170.5,,40562,0,171.0,173.0,170.0
2022-12-01,0.0,-0.76,170.5,,34471,0,172.0,174.0,170.5
2022-11-30,0.0,-0.12,171.8,,20463,0,175.0,175.0,170.3
2022-11-29,0.0,0.0,172.0,,36455,0,170.0,173.0,170.0
2022-11-28,0.0,-1.66,172.0,,52479,0,176.0,178.0,171.9
2022-11-27,0.0,-0.06,174.9,,40751,0,174.0,176.0,172.2
2022-11-24,0.0,1.27,175.0,,66493,0,172.8,175.0,170.0
2022-11-23,0.0,-0.29,172.8,,24409,0,173.0,173.0,170.0
2022-11-22,0.0,-0.97,173.3,,39559,0,175.1,181.9,172.0
2022-11-17,0.0,2.4,175.0,,84346,0,173.0,178.5,171.0
2022-11-16,0.0,1.42,170.9,,38237,0,168.5,172.0,168.0
2022-11-15,0.0,-0.3,168.5,,41220,0,169.0,172.9,167.0
2022-11-14,0.0,1.75,169.0,,27196,0,166.1,170.0,165.0
2022-11-13,0.0,-0.54,166.1,,39588,0,164.1,169.0,164.1
2022-11-10,0.0,-1.82,167.0,,60158,0,172.0,173.0,165.5
2022-11-09,0.0,-3.9,170.1,,57750,0,179.0,179.0,170.0
2022-11-08,0.0,0.0,177.0,,54593,0,179.9,180.0,175.0
2022-11-07,0.0,0.06,177.0,,101984,0,175.0,184.6,175.0
2022-11-06,0.0,2.25,176.9,,78892,0,172.0,177.0,168.6
2022-11-03,0.0,0.0,173.0,,27549,0,175.9,175.9,170.0
2022-11-02,0.0,0.58,173.0,,83174,0,174.8,177.4,170.0
2022-11-01,0.0,4.88,172.0,,137208,0,167.0,172.1,162.5
2022-10-31,0.0,-0.91,164.0,,66214,0,166.0,168.0,159.8
2022-10-23,0.0,0.91,165.5,,19794,0,164.0,165.9,163.0
2022-10-20,0.0,0.0,164.0,,46511,0,167.2,167.2,161.8
2022-10-19,0.0,-2.32,164.0,,58408,0,168.0,170.9,164.0
2022-10-17,0.0,-0.59,167.9,,27392,0,170.0,170.0,167.0
2022-10-16,0.0,-1.8,168.9,,44649,0,175.0,175.0,168.0
2022-10-13,0.0,0.27,172.0,,42807,0,172.0,173.0,170.0
2022-10-12,0.0,0.53,170.0,,38888,0,172.0,172.0,168.0
2022-10-11,0.0,-1.69,169.1,,29151,0,169.0,171.0,168.8
2022-10-10,0.0,-1.71,172.0,,38002,0,178.5,180.0,170.6
2022-10-09,0.0,2.94,175.0,,69205,0,168.0,177.9,168.0
2022-09-29,0.0,2.1,170.0,,34696,0,169.0,171.0,167.5
2022-09-28,0.0,-0.48,166.5,,37012,0,166.0,173.0,165.1
2022-09-27,0.0,-0.42,167.3,,37389,0,170.0,173.4,167.0
2022-09-25,0.0,-3.17,168.0,,79516,0,173.0,173.0,166.9
2022-09-22,0.0,-1.31,173.5,,46079,0,175.0,177.6,172.4
2022-09-21,0.0,0.74,175.8,,57815,0,174.0,180.0,174.0
2022-09-20,0.0,-3.0,174.5,,85875,0,179.9,179.9,173.0
2022-09-18,0.0,-2.49,179.9,,95219,0,187.0,188.0,178.0
2022-09-16,0.0,-1.76,184.5,,62380,0,188.0,188.0,177.0
2022-09-15,0.0,-4.57,187.8,,92120,0,196.8,199.5,186.4
2022-09-14,0.0,4.68,196.8,,84374,0,190.0,197.4,190.0
2022-09-13,0.0,2.12,188.0,,52919,0,183.0,190.0,181.0
2022-09-12,0.0,-1.02,184.1,,41751,0,186.0,189.0,183.0
2022-09-11,0.0,-1.59,186.0,,41781,0,191.0,192.7,185.5
2022-09-08,0.0,0.0,189.0,,62587,0,191.9,191.9,185.1
2022-09-07,0.0,-1.05,189.0,,35974,0,193.0,193.0,188.0
2022-09-06,0.0,-1.04,191.0,,77559,0,194.0,195.0,189.5
2022-09-05,0.0,-0.97,193.0,,40174,0,197.0,197.0,192.5
2022-09-04,0.0,0.52,194.9,,44319,0,196.0,198.0,192.5
2022-09-02,0.0,-0.1,193.9,,22787,0,191.5,197.8,191.5
2022-09-01,0.0,0.26,194.1,,72459,0,193.0,196.0,190.6
2022-08-31,0.0,-1.63,193.6,,49682,0,198.0,199.0,193.0
2022-08-30,0.0,0.46,196.8,,62915,0,199.8,201.0,196.0
2022-08-29,0.0,-0.05,195.9,,121607,0,196.0,198.0,192.0
2022-08-28,0.0,-3.21,196.0,,139016,0,202.5,203.8,196.0
2022-08-26,0.0,-1.22,202.5,,78494,0,205.0,205.0,200.0
2022-08-25,0.0,-0.97,205.0,,68338,0,207.0,211.0,204.1
2022-08-24,0.0,-0.48,207.0,,49715,0,208.0,211.0,207.0
2022-08-23,0.0,0.24,208.0,,43207,0,206.0,210.0,206.0
2022-08-22,0.0,-0.72,207.5,,55244,0,212.0,212.0,206.1
2022-08-21,0.0,-1.69,209.0,,74996,0,212.0,215.0,208.9
2022-08-18,0.0,2.26,212.6,,99406,0,208.0,213.0,208.0
2022-08-17,0.0,-0.53,207.9,,58107,0,213.0,213.0,206.1
2022-08-16,0.0,-2.34,209.0,,165060,0,218.2,222.0,208.0
2022-08-15,0.0,5.99,214.0,,153670,0,201.9,214.0,201.0
2022-08-14,0.0,-1.51,201.9,,160174,0,206.0,210.0,200.0
2022-08-11,0.0,-1.39,205.0,,120233,0,211.0,212.0,204.0
2022-08-10,0.0,-0.72,207.9,,103559,0,211.9,212.0,204.0
2022-08-09,0.0,-3.5,209.4,,219380,0,220.0,220.0,208.1
2022-08-08,0.0,-2.25,217.0,,245436,0,223.0,224.9,215.0
2022-08-07,0.0,0.86,222.0,,170693,0,217.0,227.0,217.0
2022-08-05,0.0,-3.46,220.1,,179298,0,230.0,230.0,219.0
2022-08-04,0.0,-3.68,228.0,,266957,0,239.0,240.0,227.4
2022-08-03,0.0,0.3,236.7,,303899,0,240.0,245.0,235.0
2022-08-02,0.0,-0.04,236.0,,248278,0,236.1,242.0,232.5
2022-08-01,0.0,5.07,236.1,,586248,0,229.0,243.3,220.2
2022-07-31,0.0,6.85,224.7,,363358,0,214.0,225.0,210.0
2022-07-29,0.0,-0.8,210.3,,66384,0,212.0,215.0,210.0
2022-07-28,0.0,0.47,212.0,,248450,0,214.9,219.0,210.0
2022-07-27,0.0,1.39,211.0,,159697,0,210.0,212.1,203.9
2022-07-26,0.0,-3.66,208.1,,188378,0,217.0,220.0,208.0
2022-07-25,0.0,3.85,216.0,,166133,0,212.0,216.2,209.1
2022-07-24,0.0,4.52,208.0,,164387,0,202.9,209.1,200.2
2022-07-22,0.0,-1.68,199.0,,84964,0,200.0,202.5,198.0
2022-07-21,0.0,-1.03,202.4,,51236,0,204.5,205.0,201.0
2022-07-20,0.0,0.69,204.5,,70942,0,203.0,207.0,200.0
2022-07-19,0.0,0.1,203.1,,96075,0,198.9,208.8,198.9
2022-07-18,0.0,0.95,202.9,,50434,0,201.5,205.0,198.2
2022-07-17,0.0,0.5,201.0,,46819,0,204.0,204.0,197.0
2022-07-15,0.0,-0.99,200.0,,51048,0,205.9,205.9,198.0
2022-07-14,0.0,-0.49,202.0,,104381,0,207.0,210.0,199.5
2022-07-13,0.0,4.69,203.0,,125437,0,197.7,203.0,194.1
2022-07-12,0.0,0.99,193.9,,88495,0,190.0,199.0,190.0
2022-07-11,0.0,-5.88,192.0,,151090,0,204.0,204.0,190.0
2022-07-08,0.0,-1.35,204.0,,64813,0,210.9,213.0,202.0
2022-07-07,0.0,-1.05,206.8,,94290,0,213.1,219.9,206.8
2022-07-06,0.0,0.0,209.0,,114594,0,213.1,213.5,202.1
2022-07-05,0.0,-3.91,209.0,,130522,0,221.8,224.4,208.0
2022-07-04,0.0,1.21,217.5,,285855,0,219.0,235.0,212.7
2022-07-03,0.0,2.43,214.9,,125158,0,206.0,217.0,206.0
2022-07-01,0.0,-1.04,209.8,,73187,0,212.0,216.0,206.0
2022-06-30,0.0,3.41,212.0,,173254,0,209.0,214.9,201.0
2022-06-29,0.0,5.02,205.0,,100964,0,199.1,208.0,190.0
2022-06-28,0.0,-2.55,195.2,,66602,0,200.3,200.3,192.4
2022-06-27,0.0,0.05,200.3,,214337,0,204.2,212.1,197.0
2022-06-26,0.0,10.0,200.2,,188008,0,185.0,200.2,185.0
2022-06-24,0.0,0.55,182.0,,62827,0,179.0,189.0,173.0
2022-06-23,0.0,-4.74,181.0,,114989,0,186.2,189.0,180.0
2022-06-22,0.0,-1.55,190.0,,48776,0,193.0,195.0,188.0
2022-06-21,0.0,3.76,193.0,,101311,0,184.0,200.0,181.0
2022-06-20,0.0,-4.66,186.0,,131527,0,195.0,195.0,185.1
2022-06-19,0.0,-3.42,195.1,,59564,0,202.0,202.0,195.1
2022-06-17,0.0,0.0,202.0,,35993,0,205.0,206.0,200.5
2022-06-16,0.0,-1.46,202.0,,93122,0,205.0,209.0,198.0
2022-06-15,0.0,-3.26,205.0,,74253,0,211.9,211.9,202.9
2022-06-14,0.0,-1.94,211.9,,55652,0,216.0,216.0,209.8
2022-06-13,0.0,-0.87,216.1,,27696,0,218.0,220.8,215.7
2022-06-10,0.0,-1.36,218.0,,45356,0,225.0,225.0,216.2
2022-06-09,0.0,-0.9,221.0,,64569,0,226.0,229.8,219.0
2022-06-08,0.0,3.24,223.0,,65921,0,216.0,230.0,215.0
2022-06-07,0.0,-2.48,216.0,,76840,0,219.1,224.0,215.0
2022-06-06,0.0,-0.27,221.5,,50403,0,226.3,230.0,220.1
2022-06-03,0.0,-2.16,222.1,,55559,0,227.0,227.2,222.0
2022-06-02,0.0,0.44,227.0,,53609,0,227.0,230.0,225.0
2022-06-01,0.0,-0.44,226.0,,47196,0,231.5,232.1,223.0
2022-05-31,0.0,-1.73,227.0,,77877,0,230.0,235.6,225.5
2022-05-30,0.0,-1.7,231.0,,54334,0,238.0,239.7,230.0
2022-05-27,0.0,-0.47,235.0,,55146,0,231.4,244.0,231.4
2022-05-26,0.0,-0.59,236.1,,41079,0,236.0,240.0,235.2
2022-05-25,0.0,0.64,237.5,,34804,0,240.7,241.0,236.5
2022-05-24,0.0,0.47,236.0,,54485,0,234.3,241.9,230.0
2022-05-23,0.0,-1.51,234.9,,68273,0,240.0,240.0,228.7
2022-05-20,0.0,-0.25,238.5,,44255,0,238.0,243.0,237.0
2022-05-19,0.0,-2.21,239.1,,51206,0,244.5,247.5,239.0
2022-05-18,0.0,0.02,244.5,,52973,0,240.0,247.8,235.2
2022-05-17,0.0,-5.14,240.0,,119012,0,248.0,252.0,238.0
2022-05-12,0.0,-2.65,253.0,,113243,0,265.0,266.0,252.9
2022-05-11,0.0,4.38,259.9,,122944,0,251.0,259.9,250.0
2022-05-10,0.0,3.75,249.0,,94304,0,243.0,250.9,238.0
2022-05-09,0.0,0.42,240.0,,69848,0,242.0,246.0,238.3
2022-05-08,0.0,1.06,239.0,,77882,0,240.0,247.0,229.5
2022-05-05,0.0,-1.87,236.5,,86208,0,240.0,245.0,235.5
2022-05-04,0.0,-2.43,241.0,,74916,0,247.0,249.0,239.0
2022-05-02,0.0,-2.37,247.0,,82139,0,249.0,250.0,244.1
2022-04-28,0.0,-1.56,253.0,,70526,0,260.0,262.0,252.0
2022-04-27,0.0,1.18,257.0,,97593,0,254.0,257.0,250.0
2022-04-26,0.0,-1.93,254.0,,62261,0,256.0,263.8,253.2
2022-04-25,0.0,-1.89,259.0,,173353,0,266.0,270.0,254.0
2022-04-24,0.0,9.09,264.0,,192612,0,246.0,266.2,242.1
2022-04-21,0.0,0.0,242.0,,71656,0,242.0,246.5,236.2
2022-04-20,0.0,-2.38,242.0,,73988,0,250.0,251.9,241.0
2022-04-19,0.0,0.77,247.9,,77125,0,250.0,255.0,239.3
2022-04-18,0.0,-2.77,246.0,,116538,0,253.1,256.0,245.0
2022-04-17,0.0,-2.69,253.0,,101241,0,263.0,265.0,252.0
2022-04-13,0.0,1.17,260.0,,93614,0,260.0,261.0,252.0
2022-04-12,0.0,-2.76,257.0,,98943,0,269.0,269.0,255.0
2022-04-11,0.0,-2.11,264.3,,141827,0,275.0,280.8,264.1
2022-04-07,0.0,1.43,270.0,,156189,0,269.0,275.0,264.0
2022-04-06,0.0,-1.77,266.2,,88976,0,270.0,276.0,264.0
2022-04-05,0.0,-1.85,271.0,,149681,0,276.0,276.0,268.0
2022-04-04,0.0,-1.04,276.1,,67259,0,280.0,284.0,274.0
2022-04-03,0.0,-1.41,279.0,,79627,0,283.0,283.0,275.0
2022-03-31,0.0,-2.75,283.0,,87544,0,295.0,296.8,283.0
2022-03-30,0.0,4.19,291.0,,167666,0,281.0,294.2,278.0
2022-03-29,0.0,-0.11,279.3,,92772,0,281.0,285.0,277.0
2022-03-28,0.0,-1.48,279.6,,129474,0,284.0,286.5,279.0
2022-03-27,0.0,-2.74,283.8,,160678,0,294.1,300.0,282.4
2022-03-24,0.0,-2.11,291.8,,112781,0,296.5,300.0,291.0
2022-03-23,0.0,-1.0,298.1,,54842,0,302.0,302.0,297.3
2022-03-22,0.0,-0.3,301.1,,102825,0,307.0,308.0,300.0
2022-03-21,0.0,2.03,302.0,,134483,0,300.0,306.0,293.0
2022-03-20,0.0,0.0,296.0,,76270,0,301.6,306.0,295.0
2022-03-16,0.0,-1.33,296.0,,86403,0,300.0,306.0,295.0
2022-03-15,0.0,-1.32,300.0,,129717,0,304.0,308.0,299.0
2022-03-14,0.0,-0.98,304.0,,66296,0,313.1,313.1,298.0
2022-03-13,0.0,4.07,307.0,,267687,0,300.0,308.0,295.1
2022-03-10,0.0,6.08,295.0,,187987,0,281.0,295.5,275.0
2022-03-09,0.0,-2.73,278.1,,147490,0,291.6,291.6,275.5
2022-03-07,0.0,-1.07,285.9,,135130,0,290.0,295.0,285.5
2022-03-06,0.0,0.0,289.0,,190840,0,290.0,298.0,284.6
2022-03-02,0.0,-4.3,289.0,,293199,0,305.0,305.0,288.0
2022-02-28,0.0,-2.33,302.0,,276018,0,315.3,322.0,299.9
2022-02-27,0.0,0.72,309.2,,195628,0,302.0,315.0,302.0
2022-02-24,0.0,-2.54,307.0,,343057,0,315.0,315.0,305.0
2022-02-23,0.0,0.0,315.0,,255502,0,315.0,320.5,314.0
2022-02-22,0.0,-0.32,315.0,,219278,0,319.9,322.0,314.0
2022-02-21,0.0,0.6,316.0,,160337,0,319.7,320.0,313.0
2022-02-20,0.0,-1.38,314.1,,293998,0,312.2,320.9,306.0
2022-02-17,0.0,-1.09,318.5,,153727,0,326.0,328.0,317.0
2022-02-16,0.0,-2.31,322.0,,224170,0,330.0,336.0,318.7
2022-02-15,0.0,3.58,329.6,,289771,0,324.0,330.0,319.0
2022-02-14,0.0,0.09,318.2,,326690,0,318.0,326.9,315.0
2022-02-13,0.0,-5.1,317.9,,527946,0,328.3,328.4,312.0
2022-02-10,0.0,-0.03,335.0,,409300,0,341.8,343.7,330.1
2022-02-09,0.0,-1.44,335.1,,329960,0,338.0,342.0,331.0
2022-02-08,0.0,0.0,340.0,,862340,0,357.1,361.9,336.0
2022-02-07,0.0,3.92,350.1,,618812,0,330.2,354.0,330.2
2022-02-06,0.0,-3.74,336.9,,601352,0,355.0,355.0,336.0
2022-02-03,0.0,-2.37,350.0,,681834,0,360.0,366.0,350.0
2022-02-01,0.0,0.42,358.5,,833880,0,362.0,366.0,349.0
2022-01-31,0.0,7.37,357.0,,1636783,0,339.1,365.0,335.0
2022-01-30,0.0,7.26,332.5,,703616,0,316.2,334.0,316.2
2022-01-27,0.0,0.65,310.0,,271564,0,310.0,314.0,309.0
2022-01-26,0.0,-2.1,308.0,,317925,0,320.0,320.0,306.1
2022-01-25,0.0,-0.76,314.6,,363571,0,323.3,324.0,311.0
2022-01-24,0.0,-3.35,317.0,,589611,0,326.0,328.0,312.0
2022-01-23,0.0,-2.53,328.0,,374635,0,340.0,342.5,325.9
2022-01-20,0.0,4.67,336.5,,397574,0,327.0,336.8,316.3
2022-01-19,0.0,-2.58,321.5,,473565,0,333.0,333.0,318.0
2022-01-18,0.0,-3.08,330.0,,464935,0,340.5,345.0,320.1
2022-01-17,0.0,-1.02,340.5,,458636,0,344.0,349.0,335.1
2022-01-16,0.0,1.9,344.0,,668394,0,344.3,355.0,339.0
2022-01-13,0.0,4.2,337.6,,660248,0,330.0,339.5,321.0
2022-01-12,0.0,3.02,324.0,,844610,0,314.5,340.0,309.0
2022-01-11,0.0,0.19,314.5,,341447,0,320.0,320.0,306.0
2022-01-10,0.0,4.84,313.9,,677824,0,305.0,318.0,301.0
2022-01-09,0.0,9.27,299.4,,543960,0,274.0,299.5,274.0
2022-01-06,0.0,2.16,274.0,,217480,0,268.2,276.0,266.0
2022-01-05,0.0,1.59,268.2,,390859,0,269.2,279.0,265.0
2022-01-04,0.0,3.12,264.0,,143713,0,261.0,265.0,252.9
2022-01-03,0.0,0.04,256.0,,97521,0,259.9,262.0,256.0
2022-01-02,0.0,0.35,255.9,,103935,0,255.0,259.5,252.0
2021-12-29,0.0,0.0,255.0,,79887,0,256.0,258.8,251.0
2021-12-28,0.0,0.0,255.0,,129634,0,255.0,258.0,246.2
2021-12-27,0.0,-4.6,255.0,,250316,0,272.6,272.6,255.0
2021-12-26,0.0,-0.6,267.3,,130267,0,274.0,274.2,266.0
2021-12-23,0.0,-0.77,268.9,,200159,0,275.0,275.0,265.0
2021-12-22,0.0,5.86,271.0,,338586,0,256.0,272.0,256.0
2021-12-21,0.0,2.4,256.0,,212459,0,252.0,259.0,249.5
2021-12-20,0.0,0.67,250.0,,216548,0,253.1,256.0,244.1
2021-12-16,0.0,-3.21,268.2,,174820,0,277.0,280.0,267.0
2021-12-15,0.0,1.17,277.1,,372481,0,279.0,300.9,268.0
2021-12-14,0.0,10.0,273.9,,171233,0,253.0,273.9,253.0
2021-12-13,0.0,-6.39,249.0,,297972,0,263.0,270.9,247.0
2021-12-12,0.0,-4.66,266.0,,209323,0,279.0,280.0,262.9
2021-12-09,0.0,-0.36,279.0,,152380,0,282.0,282.0,271.0
2021-12-08,0.0,-2.74,280.0,,161989,0,290.0,292.0,272.0
2021-12-07,0.0,0.66,287.9,,322797,0,289.0,300.0,285.0
2021-12-06,0.0,3.06,286.0,,340949,0,277.0,293.7,261.0
2021-12-05,0.0,-3.65,277.5,,266176,0,290.0,290.0,275.4
2021-12-02,0.0,-2.7,288.0,,229651,0,296.1,300.9,287.7
2021-12-01,0.0,-0.64,296.0,,212673,0,299.0,303.0,295.0
2021-11-30,0.0,-0.37,297.9,,200522,0,303.0,303.0,292.0
2021-11-29,0.0,-0.33,299.0,,273145,0,304.0,310.0,296.0
2021-11-28,0.0,-3.38,300.0,,415029,0,305.0,312.9,298.0
2021-11-25,0.0,-1.43,310.5,,163409,0,320.0,321.0,310.0
2021-11-24,0.0,1.29,315.0,,216738,0,311.0,322.3,303.0
2021-11-23,0.0,-1.27,311.0,,214206,0,315.0,319.0,308.0
2021-11-22,0.0,0.0,315.0,,231811,0,319.0,324.0,314.0
2021-11-21,0.0,-1.25,315.0,,367319,0,320.0,325.0,313.6
2021-11-18,0.0,-3.16,319.0,,297282,0,329.4,330.0,317.0
2021-11-17,0.0,-1.58,329.4,,311568,0,339.0,341.2,329.0
2021-11-16,0.0,1.58,334.7,,459926,0,330.0,338.0,323.0
2021-11-15,0.0,4.6,329.5,,898671,0,308.7,336.9,291.0
2021-11-14,0.0,-10.0,315.0,,343216,0,343.0,343.0,315.0
2021-11-11,0.0,-3.31,350.0,,82721,0,369.2,370.0,347.0
2021-11-09,0.0,-5.95,362.0,,106724,0,380.0,387.0,361.2
2021-11-08,0.0,-2.31,384.9,,65434,0,401.8,405.8,380.0
2021-11-03,0.0,-1.5,394.0,,82285,0,408.0,412.0,392.0
2021-11-02,0.0,-0.5,400.0,,106020,0,410.0,410.0,392.5
2021-11-01,0.0,2.81,402.0,,205685,0,398.0,413.0,390.0
2021-10-31,0.0,7.71,391.0,,128593,0,363.0,392.0,360.0
2021-10-28,0.0,3.15,363.0,,103111,0,353.0,370.2,342.0
2021-10-27,0.0,-0.31,351.9,,162562,0,360.0,373.3,348.9
2021-10-26,0.0,9.63,353.0,,117513,0,328.0,354.2,328.0
2021-10-25,0.0,6.27,322.0,,86645,0,305.0,324.0,304.0
2021-10-24,0.0,1.0,303.0,,53269,0,301.0,305.0,295.0
2021-10-21,0.0,1.35,300.0,,79071,0,298.0,305.0,294.0
2021-10-20,0.0,1.37,296.0,,51738,0,297.8,309.0,295.0
2021-10-19,0.0,-2.67,292.0,,57485,0,300.0,300.0,285.0
2021-10-18,0.0,-1.96,300.0,,36299,0,306.0,308.0,298.5
2021-10-17,0.0,0.66,306.0,,27476,0,310.0,316.2,301.0
2021-10-11,0.0,-0.98,304.0,,79381,0,313.0,313.0,299.0
2021-10-10,0.0,-1.92,307.0,,73988,0,311.0,326.0,302.0
2021-10-06,0.0,1.95,313.0,,72362,0,310.0,319.0,310.0
2021-10-05,0.0,0.99,307.0,,52176,0,310.0,316.0,295.0
2021-10-04,0.0,-0.98,304.0,,74816,0,305.0,321.0,295.0
2021-10-03,0.0,-7.53,307.0,,97113,0,332.0,333.0,306.0
2021-09-30,0.0,-1.16,332.0,,74228,0,336.0,353.0,331.5
2021-09-29,0.0,2.72,335.9,,90791,0,327.0,344.0,317.0
2021-09-28,0.0,-6.84,327.0,,121880,0,351.0,358.0,323.0
2021-09-27,0.0,-3.57,351.0,,99924,0,371.2,377.9,348.0
2021-09-26,0.0,-4.84,364.0,,96245,0,387.0,388.0,364.0
2021-09-23,0.0,-3.41,382.5,,88875,0,403.0,411.0,382.2
2021-09-22,0.0,6.45,396.0,,107879,0,379.4,402.0,375.0
2021-09-21,0.0,0.0,372.0,,164735,0,370.0,401.0,343.0
2021-09-20,0.0,-7.0,372.0,,168208,0,392.0,406.8,371.0
2021-09-16,0.0,-3.15,400.0,,196773,0,413.0,413.0,397.0
2021-09-15,0.0,-3.28,413.0,,85018,0,435.0,435.0,412.0
2021-09-14,0.0,-1.16,427.0,,70867,0,434.0,439.0,422.4
2021-09-13,0.0,-1.12,432.0,,197615,0,445.6,463.5,427.0
2021-09-12,0.0,4.77,436.9,,151730,0,425.3,440.0,420.0
2021-09-09,0.0,0.48,417.0,,81086,0,415.0,430.0,410.0
2021-09-08,0.0,-3.04,415.0,,129635,0,436.5,436.5,411.0
2021-09-07,0.0,5.16,428.0,,244903,0,415.1,438.9,406.0
2021-09-06,0.0,10.0,407.0,,293834,0,370.0,407.0,369.0
2021-09-05,0.0,-8.42,370.0,,308916,0,405.0,405.0,363.6
2021-09-02,0.0,-4.76,404.0,,224322,0,416.0,440.0,403.0
2021-09-01,0.0,-1.35,424.2,,184206,0,430.0,446.0,421.4
2021-08-31,0.0,-2.93,430.0,,204576,0,443.0,451.0,429.1
2021-08-29,0.0,-1.56,443.0,,228216,0,450.0,468.1,438.1
2021-08-26,0.0,0.0,450.0,,416165,0,455.0,480.2,443.0
2021-08-25,0.0,-3.29,450.0,,339914,0,457.0,484.5,431.0
2021-08-24,0.0,-10.0,465.3,,530542,0,507.0,507.0,465.3
2021-08-19,0.0,-9.93,517.0,,917069,0,570.0,570.0,516.6
2021-08-18,0.0,-0.16,574.0,,597928,0,563.5,575.0,535.0
2021-08-17,0.0,0.86,574.9,,1101861,0,558.6,575.0,530.0
2021-08-16,0.0,7.71,570.0,,1063540,0,518.7,570.0,499.0
2021-08-15,0.0,6.07,529.2,,505639,0,498.9,538.5,461.0
2021-08-12,0.0,6.04,498.9,,896875,0,470.5,508.0,470.0
2021-08-11,0.0,-3.39,470.5,,808372,0,477.5,479.4,458.7
2021-08-10,0.0,6.1,487.0,,420292,0,460.0,504.0,444.0
2021-08-09,0.0,0.88,459.0,,391360,0,455.0,459.0,445.0
2021-08-08,0.0,0.0,455.0,,361976,0,460.0,463.5,450.0
2021-08-05,0.0,-1.62,455.0,,565870,0,470.0,479.2,454.0
2021-08-04,0.0,-0.3,462.5,,551249,0,473.0,473.0,454.0
2021-08-03,0.0,1.29,463.9,,328895,0,455.0,465.0,454.2
2021-08-02,0.0,-0.41,458.0,,186176,0,469.0,469.0,452.0
2021-08-01,0.0,1.3,459.9,,377233,0,445.0,465.0,445.0
2021-07-29,0.0,-3.2,454.0,,226366,0,469.0,469.0,451.0
2021-07-28,0.0,4.22,469.0,,348396,0,450.0,476.0,441.0
2021-07-27,0.0,3.4,450.0,,351094,0,436.0,469.0,435.0
2021-07-26,0.0,0.02,435.2,,122261,0,435.0,441.0,433.0
2021-07-25,0.0,-0.68,435.1,,264723,0,436.0,443.0,429.0
2021-07-22,0.0,-1.11,438.1,,177640,0,442.5,447.7,435.0
2021-07-20,0.0,-2.86,442.0,,241996,0,464.1,464.1,428.5
2021-07-19,0.0,-1.94,455.0,,269532,0,473.0,473.0,449.4
2021-07-18,0.0,3.34,464.0,,414880,0,452.0,464.1,441.0
2021-07-15,0.0,-0.22,449.0,,173313,0,450.0,456.0,440.0
2021-07-14,0.0,1.58,450.0,,208009,0,440.0,458.0,437.0
2021-07-13,0.0,1.61,443.0,,146928,0,436.0,446.0,436.0
2021-07-12,0.0,-4.18,436.0,,198250,0,455.0,460.0,436.0
2021-07-11,0.0,2.02,455.0,,262524,0,450.0,459.0,441.0
2021-07-08,0.0,1.36,446.0,,205021,0,432.0,460.0,428.0
2021-07-07,0.0,-0.9,440.0,,158859,0,449.0,449.0,430.0
2021-07-06,0.0,-5.53,444.0,,228709,0,472.0,472.0,441.0
2021-07-05,0.0,3.75,470.0,,240368,0,445.0,471.0,436.0
2021-07-04,0.0,-1.09,453.0,,253270,0,470.0,470.0,443.0
2021-07-01,0.0,2.46,458.0,,155835,0,469.0,469.0,446.0
2021-06-30,0.0,-4.28,447.0,,208634,0,490.0,490.0,438.0
2021-06-29,0.0,-8.07,467.0,,632510,0,508.0,508.0,458.0
2021-06-28,0.0,7.63,508.0,,555372,0,490.0,508.0,455.0
2021-06-27,0.0,2.83,472.0,,550764,0,465.0,486.0,450.0
2021-06-24,0.0,-1.29,459.0,,426734,0,470.0,475.0,456.0
2021-06-23,0.0,3.1,465.0,,638880,0,473.0,494.0,454.0
2021-06-22,0.0,10.0,451.0,,733036,0,410.0,451.0,410.0
2021-06-21,0.0,4.33,410.0,,780819,0,394.0,421.0,368.0
2021-06-20,0.0,-4.61,393.0,,248841,0,412.0,418.0,385.0
2021-06-17,0.0,0.0,412.0,,218704,0,430.0,430.0,401.0
2021-06-16,0.0,-5.94,412.0,,482114,0,417.0,439.0,400.0
2021-06-15,0.0,5.8,438.0,,1192113,0,434.0,455.0,398.0
2021-06-14,0.0,9.81,414.0,,20527,0,395.0,414.0,395.0
2021-06-13,0.0,9.91,377.0,,27779,0,360.0,377.0,360.0
2021-06-10,0.0,7.72,586.0,,1720476,0,550.0,595.0,546.0
2021-06-09,0.0,-0.01,544.0,,315170,0,555.0,555.0,542.0
2021-06-08,0.0,-0.54,549.0,,274026,0,577.0,577.0,548.0
2021-06-07,0.0,1.85,552.0,,264601,0,516.0,559.0,516.0
2021-06-06,0.0,-1.99,542.0,,327432,0,555.0,564.0,535.0
2021-06-03,0.0,-1.43,553.0,,335355,0,570.0,570.0,552.0
2021-06-02,0.0,0.54,561.0,,269580,0,560.0,567.0,555.0
2021-06-01,0.0,-1.59,558.0,,269611,0,580.0,580.0,555.0
2021-05-31,0.0,-0.35,567.0,,572141,0,590.0,590.0,565.0
2021-05-30,0.0,-1.56,569.0,,324796,0,606.0,606.0,566.0
2021-05-27,0.0,0.7,578.0,,350418,0,555.0,601.0,555.0
2021-05-25,0.0,-2.38,574.0,,522263,0,599.0,599.0,572.0
2021-05-24,0.0,7.1,588.0,,2109907,0,576.0,603.0,576.0
2021-05-23,0.0,1.48,549.0,,286684,0,514.0,555.0,514.0
2021-05-20,0.0,-1.99,541.0,,213018,0,550.0,553.0,540.0
2021-05-19,0.0,-1.6,552.0,,341168,0,570.0,570.0,542.0
2021-05-18,0.0,0.9,561.0,,370996,0,559.0,569.0,555.0
2021-05-17,0.0,0.0,556.0,,261338,0,530.0,570.0,530.0
2021-05-16,0.0,2.77,556.0,,467423,0,545.0,565.0,531.0
2021-05-13,0.0,-0.92,541.0,,306784,0,572.0,572.0,536.0
2021-05-12,0.0,4.0,546.0,,499655,0,527.0,552.0,521.0
2021-05-11,0.0,1.55,525.0,,306829,0,518.0,527.0,513.0
2021-05-10,0.0,1.37,517.0,,351692,0,512.0,522.0,501.0
2021-05-09,0.0,-2.86,510.0,,460356,0,532.0,538.0,505.0
2021-05-06,0.0,7.8,525.0,,917265,0,487.0,527.0,487.0
2021-05-05,0.0,-0.41,487.0,,120971,0,500.0,500.0,486.0
2021-05-04,0.0,0.82,489.0,,247295,0,490.0,495.0,485.0
2021-05-03,0.0,2.32,485.0,,555755,0,480.0,495.0,480.0
2021-05-02,0.0,0.21,474.0,,196277,0,480.0,480.0,463.0
2021-04-29,0.0,-0.42,473.0,,165628,0,475.0,480.0,470.0
2021-04-28,0.0,1.71,475.0,,304141,0,468.0,486.0,458.0
2021-04-27,0.0,6.14,467.0,,230968,0,445.0,469.0,438.0
2021-04-26,0.0,-3.93,440.0,,335457,0,440.0,462.0,438.0
2021-04-25,0.0,-4.98,458.0,,252554,0,482.0,485.0,451.0
2021-04-22,0.0,4.56,482.0,,413156,0,465.0,484.0,455.0
2021-04-21,0.0,-1.91,461.0,,232028,0,468.0,477.0,461.0
2021-04-20,0.0,-1.88,470.0,,227487,0,479.0,485.0,469.0
2021-04-19,0.0,4.81,479.0,,518809,0,460.0,487.0,451.0
2021-04-18,0.0,2.93,457.0,,473531,0,450.0,463.0,444.0
2021-04-15,0.0,5.21,444.0,,314322,0,426.0,445.0,419.0
2021-04-13,0.0,-0.71,422.0,,136255,0,429.0,432.0,420.0
2021-04-12,0.0,0.47,425.0,,178466,0,421.0,432.0,421.0
2021-04-08,0.0,-0.47,423.0,,140256,0,425.0,433.0,421.0
2021-04-07,0.0,-1.85,425.0,,174057,0,435.0,437.0,423.0
2021-04-06,0.0,-0.92,433.0,,132280,0,440.0,440.0,431.0
2021-04-05,0.0,2.58,437.0,,187868,0,430.0,450.0,421.0
2021-04-04,0.0,-4.05,426.0,,409587,0,444.0,444.0,422.0
2021-04-01,0.0,-5.53,444.0,,532114,0,475.0,475.0,440.0
2021-03-31,0.0,8.8,470.0,,799253,0,452.0,475.0,440.0
2021-03-30,0.0,8.0,432.0,,667128,0,405.0,438.0,400.0
2021-03-29,0.0,2.04,400.0,,323037,0,392.0,412.0,382.0
2021-03-25,0.0,-1.26,392.0,,370975,0,416.0,420.0,386.0
2021-03-24,0.0,9.97,397.0,,647762,0,365.0,397.0,365.0
2021-03-23,0.0,2.56,361.0,,180992,0,335.0,370.0,335.0
2021-03-22,0.0,-0.85,352.0,,111852,0,365.0,365.0,350.0
2021-03-21,0.0,-1.93,355.0,,131831,0,365.0,365.0,353.0
2021-03-18,0.0,-1.9,362.0,,234881,0,387.0,387.0,358.0
2021-03-17,0.0,5.71,370.0,,453907,0,355.0,370.0,350.0
2021-03-16,0.0,6.71,350.0,,308438,0,344.0,360.0,331.0
2021-03-15,0.0,-0.91,328.0,,51194,0,330.0,335.0,328.0
2021-03-14,0.0,-0.9,331.0,,80594,0,333.0,338.0,329.0
2021-03-10,0.0,0.0,334.0,,87543,0,350.0,350.0,331.0
2021-03-09,0.0,0.6,334.0,,197945,0,348.0,348.0,330.0
2021-03-04,0.0,1.23,329.0,,65016,0,329.0,332.0,324.0
2021-03-03,0.0,-1.22,325.0,,89315,0,335.0,335.0,321.0
2021-03-02,0.0,2.17,329.0,,274979,0,338.0,338.0,324.0
2021-03-01,0.0,0.0,322.0,,88292,0,303.0,325.0,303.0
2021-02-28,0.0,-3.05,318.0,,134571,0,312.0,334.0,312.0
2021-02-25,0.0,0.0,328.0,,81175,0,346.0,346.0,326.0
2021-02-24,0.0,1.22,331.0,,115103,0,327.0,337.0,327.0
2021-02-23,0.0,-0.3,327.0,,109012,0,332.0,334.0,322.0
2021-02-22,0.0,-0.61,328.0,,112031,0,326.0,341.0,326.0
2021-02-21,0.0,0.0,330.0,,133824,0,334.0,335.0,322.0
2021-02-18,0.0,0.02,331.0,,114631,0,325.0,333.0,322.0
2021-02-17,0.0,-0.01,325.0,,270761,0,320.0,330.0,320.0
2021-02-16,0.0,-0.04,329.0,,424112,0,343.0,343.0,325.0
2021-02-15,0.0,0.03,343.0,,118086,0,338.0,350.0,337.0
2021-02-14,0.0,-0.02,332.0,,174247,0,340.0,340.0,330.0
2021-02-11,0.0,-0.01,340.0,,96142,0,342.0,351.0,339.0
2021-02-10,0.0,-0.01,345.0,,72185,0,343.0,350.0,341.0
2021-02-09,0.0,-0.02,344.0,,134020,0,360.0,360.0,339.0
2021-02-08,0.0,-0.01,351.0,,103177,0,355.0,357.0,346.0
2021-02-07,0.0,0.02,353.0,,162260,0,363.0,363.0,345.0
2021-02-04,0.0,0.0,346.0,,113692,0,350.0,350.0,342.0
2021-02-03,0.0,-0.01,347.0,,143108,0,367.0,367.0,344.0
2021-02-02,0.0,0.01,350.0,,91936,0,353.0,358.0,346.0
2021-02-01,0.0,0.04,347.0,,196330,0,340.0,356.0,336.0
2021-01-31,0.0,-0.03,334.0,,117496,0,345.0,348.0,331.0
2021-01-28,0.0,-0.03,345.0,,176384,0,371.0,371.0,340.0
2021-01-27,0.0,-0.01,354.0,,138446,0,373.0,373.0,352.0
2021-01-26,0.0,-0.02,356.0,,134657,0,370.0,377.0,356.0
2021-01-25,0.0,0.02,364.0,,265518,0,357.0,387.0,357.0
2021-01-24,0.0,0.1,357.0,,551286,0,331.0,357.0,323.0
2021-01-21,0.0,0.0,325.0,,157738,0,341.0,341.0,323.0
2021-01-20,0.0,-0.01,325.0,,134530,0,343.0,343.0,319.0
2021-01-19,0.0,-0.02,327.0,,710266,0,350.0,367.0,315.0
2021-01-18,0.0,0.1,334.0,,112843,0,319.0,334.0,319.0
2021-01-17,0.0,0.1,304.0,,150570,0,285.0,304.0,285.0
2021-01-13,0.0,0.01,277.0,,81788,0,280.0,280.0,273.0
2021-01-12,0.0,0.02,275.0,,151940,0,269.0,275.0,265.0
2021-01-11,0.0,0.0,269.0,,41977,0,274.0,274.0,265.0
2021-01-10,0.0,0.01,269.0,,61723,0,268.0,280.0,264.0
2021-01-07,0.0,0.0,267.0,,62562,0,267.0,272.0,264.0
2021-01-06,0.0,0.0,267.0,,53446,0,269.0,274.0,265.0
2021-01-05,0.0,0.01,266.0,,95256,0,261.0,278.0,253.0
2021-01-04,0.0,0.01,264.0,,61954,0,265.0,269.0,262.0
2021-01-03,0.0,0.02,261.0,,47854,0,251.0,263.0,251.0
2020-12-31,0.0,0.0,255.0,,80776,0,254.0,265.0,251.0
2020-12-30,0.0,0.0,254.0,,85978,0,251.0,260.0,249.0
2020-12-29,0.0,-0.02,254.0,,77168,0,257.0,260.0,250.0
2020-12-28,0.0,-0.02,260.0,,57638,0,265.0,270.0,255.0
2020-12-27,0.0,0.0,265.0,,69555,0,266.0,270.0,258.0
2020-12-24,0.0,-0.02,266.0,,174205,0,273.0,278.0,260.0
2020-12-23,0.0,-0.03,272.0,,49037,0,286.0,290.0,271.0
2020-12-22,0.0,0.07,281.0,,80813,0,266.0,288.0,266.0
2020-12-21,0.0,0.02,262.0,,189395,0,251.0,272.0,244.0
2020-12-20,0.0,-0.09,257.0,,245072,0,285.0,285.0,256.0
2020-12-17,0.0,-0.01,281.0,,126368,0,282.0,285.0,277.0
2020-12-16,0.0,-0.01,284.0,,74756,0,285.0,287.0,282.0
2020-12-15,0.0,-0.01,287.0,,114674,0,294.0,294.0,285.0
2020-12-14,0.0,0.02,289.0,,165837,0,286.0,303.0,286.0
2020-12-13,0.0,0.0,284.0,,111216,0,285.0,291.0,280.0
2020-12-10,0.0,0.0,284.0,,77211,0,285.0,288.0,280.0
2020-12-09,0.0,-0.03,285.0,,143155,0,299.0,299.0,284.0
2020-12-08,0.0,0.02,294.0,,378971,0,303.0,309.0,283.0
2020-12-07,0.0,0.08,289.0,,161554,0,272.0,291.0,262.0
2020-12-06,0.0,-0.05,267.0,,137857,0,296.0,296.0,266.0
2020-12-03,0.0,-0.04,282.0,,170107,0,307.0,307.0,282.0
2020-12-02,0.0,0.02,293.0,,210869,0,289.0,307.0,287.0
2020-12-01,0.0,-0.01,286.0,,188311,0,285.0,298.0,283.0
2020-11-30,0.0,0.05,289.0,,271568,0,280.0,299.0,271.0
2020-11-29,0.0,-0.02,276.0,,271798,0,290.0,290.0,275.0
2020-11-26,0.0,-0.03,281.0,,281370,0,292.0,295.0,281.0
2020-11-25,0.0,-0.01,290.0,,197346,0,299.0,304.0,285.0
2020-11-24,0.0,0.06,294.0,,308358,0,282.0,300.0,278.0
2020-11-23,0.0,0.1,277.0,,453337,0,256.0,277.0,249.0
2020-11-22,0.0,0.04,252.0,,369722,0,232.0,258.0,232.0
2020-11-19,0.0,0.0,242.0,,222214,0,234.0,245.0,229.0
2020-11-18,0.0,0.0,231.0,,115394,0,233.0,240.0,229.0
2020-11-12,0.0,0.0,235.0,,130138,0,240.0,240.0,232.0
2020-11-11,0.0,-0.84,237.0,,123645,0,242.0,243.0,236.0
2020-11-10,0.0,0.84,239.0,,199944,0,239.0,243.0,235.0
2020-11-09,0.0,-3.27,237.0,,244020,0,250.0,253.0,236.0
2020-11-08,0.0,4.26,245.0,,254552,0,246.0,248.0,235.0
2020-11-05,0.0,0.43,235.0,,306889,0,235.0,240.0,232.0
2020-11-04,0.0,2.18,234.0,,187796,0,228.0,234.0,226.0
2020-11-03,0.0,1.33,229.0,,280004,0,229.0,233.0,221.0
2020-11-02,0.0,0.44,226.0,,348039,0,236.0,238.0,218.0
2020-11-01,0.0,9.76,225.0,,559361,0,209.0,225.0,206.0
2020-10-29,0.0,3.54,205.0,,230651,0,196.0,212.0,196.0
2020-10-28,0.0,2.06,198.0,,148213,0,197.0,200.0,193.0
2020-10-22,0.0,0.0,194.0,,91790,0,203.0,203.0,189.0
2020-10-21,0.0,-2.51,194.0,,86447,0,202.0,202.0,193.0
2020-10-20,0.0,4.74,199.0,,306510,0,193.0,200.0,190.0
2020-10-19,0.0,4.97,190.0,,107609,0,182.0,191.0,182.0
2020-10-18,0.0,0.0,181.0,,43854,0,179.0,182.0,178.0
2020-10-15,0.0,0.56,181.0,,109387,0,182.0,188.0,179.0
2020-10-14,0.0,-3.23,180.0,,78306,0,184.0,186.0,180.0
2020-10-13,0.0,-1.06,186.0,,105510,0,188.0,192.0,184.0
2020-10-12,0.0,-0.53,188.0,,105875,0,187.0,192.0,185.0
2020-10-11,0.0,-4.06,189.0,,167644,0,194.0,199.0,185.0
2020-10-08,0.0,-3.43,197.0,,275958,0,205.0,214.0,194.0
2020-10-07,0.0,9.68,204.0,,535400,0,178.0,204.0,178.0
2020-10-06,0.0,5.68,186.0,,261285,0,184.0,188.0,177.0
2020-10-05,0.0,2.92,176.0,,190846,0,173.0,180.0,171.0
2020-10-04,0.0,-1.72,171.0,,101653,0,174.0,177.0,170.0
2020-10-01,0.0,-2.25,174.0,,137147,0,179.0,180.0,172.0
2020-09-30,0.0,-1.11,178.0,,99446,0,178.0,182.0,175.0
2020-09-29,0.0,1.12,180.0,,256468,0,177.0,181.0,175.0
2020-09-28,0.0,-1.66,178.0,,189724,0,180.0,184.0,176.0
2020-09-27,0.0,2.84,181.0,,270660,0,177.0,192.0,170.0
2020-09-24,0.0,9.32,176.0,,282507,0,169.0,176.0,161.0
2020-09-23,0.0,1.9,161.0,,57795,0,165.0,165.0,156.0
2020-09-22,0.0,-1.25,158.0,,86759,0,168.0,168.0,156.0
2020-09-21,0.0,-1.23,160.0,,75515,0,170.0,170.0,156.0
2020-09-20,0.0,-5.26,162.0,,81377,0,179.0,183.0,160.0
2020-09-17,0.0,9.62,171.0,,271380,0,163.0,171.0,156.0
2020-09-16,0.0,3.31,156.0,,72814,0,150.0,160.0,150.0
2020-09-15,0.0,-3.82,151.0,,37360,0,160.0,160.0,151.0
2020-09-14,0.0,6.08,157.0,,153481,0,150.0,162.0,150.0
2020-09-13,0.0,3.5,148.0,,46974,0,145.0,151.0,142.0
2020-09-10,0.0,-2.05,143.0,,20251,0,148.0,149.0,143.0
2020-09-09,0.0,0.0,146.0,,35979,0,148.0,153.0,144.0
2020-09-08,0.0,2.1,146.0,,30435,0,141.0,147.0,141.0
2020-09-07,0.0,-0.69,143.0,,42601,0,146.0,148.0,141.0
2020-09-06,0.0,-1.37,144.0,,47111,0,153.0,153.0,142.0
2020-09-03,0.0,-5.19,146.0,,169967,0,161.0,163.0,145.0
2020-09-02,0.0,8.45,154.0,,249064,0,144.0,156.0,141.0
2020-08-31,0.0,5.19,142.0,,125488,0,129.0,146.0,129.0
2020-08-30,0.0,2.27,135.0,,12682,0,132.0,135.0,130.0
2020-08-27,0.0,1.54,132.0,,32492,0,130.0,133.0,129.0
2020-08-26,0.0,1.56,130.0,,23680,0,134.0,134.0,127.0
2020-08-25,0.0,-0.78,128.0,,10837,0,127.0,130.0,127.0
2020-08-24,0.0,1.57,129.0,,12057,0,127.0,131.0,126.0
2020-08-23,0.0,-0.78,127.0,,21040,0,126.0,127.0,125.0
2020-08-20,0.0,-0.78,128.0,,40100,0,127.0,128.0,125.0
2020-08-19,0.0,0.0,129.0,,43739,0,127.0,129.0,125.0
2020-08-18,0.0,-1.53,129.0,,31517,0,129.0,130.0,125.0
2020-08-17,0.0,3.15,131.0,,8551,0,126.0,131.0,126.0
2020-08-16,0.0,-0.78,127.0,,8589,0,126.0,128.0,125.0
2020-08-13,0.0,-0.78,128.0,,16980,0,127.0,131.0,127.0
2020-08-12,0.0,0.78,129.0,,5646,0,126.0,131.0,126.0
2020-08-11,0.0,0.0,128.0,,14327,0,127.0,131.0,127.0
2020-08-10,0.0,0.0,128.0,,19848,0,127.0,130.0,126.0
2020-08-09,0.0,0.0,128.0,,15625,0,127.0,128.0,126.0
2020-08-06,0.0,0.79,128.0,,10598,0,127.0,131.0,126.0
2020-08-05,0.0,-0.78,128.0,,9200,0,129.0,130.0,127.0
2020-08-03,0.0,0.0,129.0,,7388,0,128.0,130.0,128.0
2020-08-02,0.0,-0.77,129.0,,15767,0,130.0,130.0,128.0
2020-07-30,0.0,0.78,130.0,,10681,0,128.0,135.0,128.0
2020-07-29,0.0,-1.53,129.0,,14209,0,129.0,131.0,129.0
2020-07-28,0.0,-0.76,131.0,,11175,0,130.0,132.0,129.0
2020-07-27,0.0,0.76,132.0,,22496,0,131.0,133.0,129.0
2020-07-26,0.0,0.77,131.0,,23023,0,130.0,132.0,129.0
2020-07-23,0.0,-1.52,130.0,,19312,0,130.0,133.0,129.0
2020-07-22,0.0,0.0,132.0,,14894,0,132.0,134.0,131.0
2020-07-21,0.0,-4.35,132.0,,15838,0,138.0,138.0,132.0
2020-07-20,0.0,2.22,138.0,,24982,0,141.0,147.0,135.0
2020-07-19,0.0,1.5,135.0,,60,0,135.0,135.0,135.0
2020-07-16,0.0,0.0,133.0,,8460,0,131.0,135.0,131.0
2020-07-15,0.0,1.53,133.0,,9448,0,129.0,133.0,129.0
2020-07-14,0.0,0.0,131.0,,6323,0,130.0,131.0,127.0
2020-07-13,0.0,-2.24,131.0,,9799,0,132.0,132.0,128.0
2020-07-12,0.0,5.51,134.0,,5549,0,126.0,134.0,126.0
2020-07-09,0.0,-0.78,127.0,,5182,0,126.0,132.0,126.0
2020-07-08,0.0,-5.19,128.0,,11583,0,133.0,133.0,127.0
2020-07-07,0.0,5.47,135.0,,13370,0,126.0,135.0,126.0
2020-07-06,0.0,4.07,128.0,,6437,0,123.0,130.0,123.0
2020-07-05,0.0,4.24,123.0,,7171,0,120.0,125.0,118.0
2020-07-02,0.0,-9.23,118.0,,2583,0,132.0,134.0,118.0
2020-07-01,0.0,4.84,130.0,,2903,0,126.0,132.0,126.0
2020-06-30,0.0,3.33,124.0,,852,0,121.0,124.0,121.0
2020-06-29,0.0,-4.84,120.0,,9570,0,122.0,122.0,116.0
2020-05-13,0.0,-1.59,124.0,,20,0,124.0,124.0,124.0
2020-05-12,0.0,-2.33,126.0,,1140,0,127.0,127.0,126.0
2020-03-22,0.0,-0.77,129.0,,1200,0,128.0,130.0,126.0
2020-03-19,0.0,0.0,130.0,,19063,0,128.0,132.0,126.0
2020-03-18,0.0,-0.76,130.0,,23462,0,129.0,131.0,127.0
2020-03-17,0.0,-2.24,131.0,,21088,0,134.0,134.0,130.0
2020-03-16,0.0,1.52,134.0,,10700,0,132.0,135.0,131.0
2020-03-15,0.0,-2.22,132.0,,34042,0,133.0,137.0,130.0
2020-03-12,0.0,-3.57,135.0,,17800,0,138.0,142.0,135.0
2020-03-11,0.0,5.26,140.0,,18688,0,135.0,141.0,133.0
2020-03-10,0.0,-3.62,133.0,,7979,0,136.0,136.0,133.0
2020-03-05,0.0,0.0,138.0,,31980,0,137.0,141.0,136.0
2020-03-04,0.0,-3.5,138.0,,28307,0,141.0,143.0,137.0
2020-03-03,0.0,0.7,143.0,,25668,0,142.0,146.0,136.0
2020-03-02,0.0,-4.05,142.0,,17069,0,146.0,151.0,140.0
2020-03-01,0.0,-1.33,148.0,,74157,0,150.0,154.0,147.0
2020-02-27,0.0,-4.46,150.0,,60040,0,157.0,160.0,150.0
2020-02-26,0.0,1.29,157.0,,84944,0,158.0,165.0,150.0
2020-02-25,0.0,9.15,155.0,,146913,0,149.0,156.0,141.0
2020-02-24,0.0,-2.74,142.0,,23935,0,146.0,150.0,142.0
2020-02-23,0.0,5.04,146.0,,95419,0,141.0,152.0,139.0
2020-02-19,0.0,0.0,139.0,,6374,0,137.0,142.0,135.0
2020-02-18,0.0,-0.71,139.0,,21385,0,139.0,141.0,137.0
2020-02-17,0.0,2.94,140.0,,40432,0,136.0,143.0,136.0
2020-02-16,0.0,-2.16,136.0,,12817,0,137.0,139.0,136.0
2020-02-13,0.0,0.0,139.0,,19565,0,141.0,141.0,136.0
2020-02-12,0.0,-1.42,139.0,,14073,0,139.0,141.0,137.0
2020-02-11,0.0,0.71,141.0,,14172,0,138.0,142.0,138.0
2020-02-10,0.0,0.72,140.0,,4090,0,140.0,140.0,138.0
2020-02-09,0.0,1.46,139.0,,13971,0,136.0,142.0,136.0
2020-02-06,0.0,0.0,137.0,,10296,0,137.0,141.0,137.0
2020-02-05,0.0,-1.44,137.0,,29436,0,141.0,142.0,137.0
2020-02-04,0.0,-2.11,139.0,,21522,0,141.0,142.0,138.0
2020-02-03,0.0,2.9,142.0,,17888,0,138.0,144.0,136.0
2020-02-02,0.0,0.73,138.0,,19042,0,137.0,140.0,136.0
2020-01-30,0.0,2.24,137.0,,30658,0,136.0,140.0,136.0
2020-01-29,0.0,-2.19,134.0,,11615,0,137.0,137.0,134.0
2020-01-28,0.0,0.74,137.0,,8557,0,138.0,139.0,135.0
2020-01-27,0.0,0.74,136.0,,14862,0,134.0,139.0,134.0
2020-01-26,0.0,-1.46,135.0,,23559,0,143.0,143.0,134.0
2020-01-23,0.0,-2.14,137.0,,9815,0,140.0,142.0,137.0
2020-01-22,0.0,-1.41,140.0,,15328,0,140.0,140.0,137.0
2020-01-21,0.0,0.71,142.0,,21088,0,143.0,143.0,140.0
2020-01-20,0.0,-3.42,141.0,,51032,0,148.0,150.0,139.0
2020-01-19,0.0,0.69,146.0,,33360,0,144.0,147.0,144.0
2020-01-16,0.0,2.84,145.0,,19349,0,143.0,145.0,141.0
2020-01-15,0.0,0.71,141.0,,21596,0,140.0,148.0,139.0
2020-01-14,0.0,0.0,140.0,,17740,0,142.0,143.0,139.0
2020-01-13,0.0,0.0,140.0,,40687,0,140.0,147.0,138.0
2020-01-12,0.0,3.7,140.0,,24325,0,133.0,140.0,133.0
2020-01-09,0.0,0.75,135.0,,4941,0,133.0,136.0,132.0
2020-01-08,0.0,-0.74,134.0,,10869,0,135.0,135.0,132.0
2020-01-07,0.0,-0.74,135.0,,9486,0,134.0,137.0,134.0
2020-01-06,0.0,0.74,136.0,,10450,0,135.0,139.0,134.0
2020-01-05,0.0,0.75,135.0,,10433,0,132.0,136.0,132.0
2020-01-02,0.0,-7.59,134.0,,12371,0,143.0,143.0,132.0
2020-01-01,0.0,0.69,145.0,,63112,0,143.0,149.0,142.0
2019-12-31,0.0,0.0,144.0,,11492,0,144.0,145.0,143.0
2019-12-30,0.0,-0.69,144.0,,8585,0,146.0,146.0,143.0
2019-12-29,0.0,-1.36,145.0,,10588,0,146.0,146.0,144.0
2019-12-26,0.0,0.68,147.0,,21053,0,146.0,148.0,145.0
2019-12-25,0.0,2.1,146.0,,28421,0,143.0,149.0,143.0
2019-12-24,0.0,-0.69,143.0,,119918,0,151.0,158.0,143.0
2019-12-23,0.0,9.92,144.0,,23058,0,133.0,144.0,133.0
2019-12-22,0.0,-2.24,131.0,,3613,0,133.0,133.0,131.0
2019-12-19,0.0,0.0,134.0,,6434,0,135.0,135.0,132.0
2019-12-18,0.0,1.52,134.0,,2483,0,131.0,134.0,131.0
2019-12-17,0.0,-0.75,132.0,,5235,0,132.0,134.0,132.0
2019-12-16,0.0,0.0,133.0,,4213,0,135.0,135.0,131.0
2019-12-15,0.0,-2.88,135.0,,2036,0,139.0,139.0,133.0
2019-12-12,0.0,3.73,139.0,,16115,0,132.0,140.0,131.0
2019-12-11,0.0,0.75,134.0,,5406,0,133.0,137.0,132.0
2019-12-10,0.0,-1.48,133.0,,6159,0,133.0,135.0,130.0
2019-12-09,0.0,1.5,135.0,,7365,0,131.0,137.0,131.0
2019-12-08,0.0,-0.75,133.0,,2294,0,135.0,135.0,130.0
2019-12-05,0.0,-0.74,134.0,,2262,0,136.0,136.0,132.0
2019-12-04,0.0,0.75,135.0,,7878,0,132.0,135.0,131.0
2019-12-03,0.0,3.88,134.0,,8648,0,128.0,134.0,128.0
2019-12-02,0.0,-2.27,129.0,,10364,0,131.0,133.0,129.0
2019-12-01,0.0,-0.75,132.0,,3947,0,133.0,133.0,131.0
2019-11-28,0.0,0.0,133.0,,4516,0,132.0,133.0,131.0
2019-11-27,0.0,0.0,133.0,,9275,0,135.0,135.0,131.0
2019-11-26,0.0,1.53,133.0,,17855,0,130.0,134.0,130.0
2019-11-25,0.0,0.77,131.0,,13037,0,132.0,132.0,129.0
2019-11-24,0.0,-0.76,130.0,,7696,0,129.0,130.0,129.0
2019-11-21,0.0,0.77,131.0,,8206,0,131.0,131.0,130.0
2019-11-20,0.0,-0.76,130.0,,6567,0,132.0,135.0,130.0
2019-11-19,0.0,0.77,131.0,,3949,0,130.0,132.0,130.0
2019-11-18,0.0,-0.76,130.0,,9439,0,130.0,131.0,130.0
2019-11-17,0.0,0.0,131.0,,5735,0,131.0,132.0,130.0
2019-11-14,0.0,0.0,131.0,,5145,0,131.0,134.0,130.0
2019-11-13,0.0,-1.5,131.0,,16900,0,133.0,133.0,130.0
2019-11-12,0.0,-0.75,133.0,,5397,0,132.0,135.0,131.0
2019-11-11,0.0,2.29,134.0,,3814,0,131.0,135.0,131.0
2019-11-10,0.0,0.0,131.0,,16912,0,131.0,134.0,131.0
2019-11-07,0.0,-2.24,131.0,,10354,0,135.0,135.0,131.0
2019-11-06,0.0,-1.47,134.0,,2555,0,135.0,137.0,134.0
2019-11-05,0.0,-1.45,136.0,,3357,0,136.0,140.0,134.0
2019-11-04,0.0,4.55,138.0,,12838,0,131.0,139.0,130.0
2019-11-03,0.0,-2.22,132.0,,7756,0,133.0,136.0,132.0
2019-10-31,0.0,-1.46,135.0,,5261,0,137.0,137.0,134.0
2019-10-24,0.0,-0.72,137.0,,4724,0,136.0,138.0,136.0
2019-10-23,0.0,0.73,138.0,,4299,0,135.0,138.0,133.0
2019-10-22,0.0,0.0,137.0,,873,0,136.0,137.0,135.0
2019-10-21,0.0,0.74,137.0,,1561,0,134.0,139.0,134.0
2019-10-20,0.0,-2.86,136.0,,5804,0,139.0,139.0,136.0
2019-10-17,0.0,2.19,140.0,,4198,0,137.0,140.0,136.0
2019-10-16,0.0,-0.72,137.0,,3300,0,137.0,140.0,136.0
2019-10-15,0.0,-0.72,138.0,,6305,0,138.0,141.0,137.0
2019-10-14,0.0,4.51,139.0,,9003,0,135.0,140.0,135.0
2019-10-10,0.0,-0.75,133.0,,3107,0,133.0,133.0,131.0
2019-10-03,0.0,-0.74,134.0,,181,0,134.0,134.0,133.0
2019-10-02,0.0,0.75,135.0,,6057,0,136.0,136.0,133.0
2019-10-01,0.0,1.52,134.0,,3125,0,131.0,135.0,131.0
2019-09-30,0.0,-0.76,130.0,,2480,0,131.0,132.0,130.0
2019-09-29,0.0,0.77,131.0,,3164,0,129.0,133.0,129.0
2019-09-26,0.0,-0.76,130.0,,6199,0,130.0,135.0,130.0
2019-09-24,0.0,-1.52,130.0,,5858,0,132.0,133.0,130.0
2019-09-23,0.0,0.76,132.0,,3467,0,131.0,134.0,131.0
2019-09-22,0.0,-2.96,131.0,,4285,0,134.0,135.0,131.0
2019-09-19,0.0,-2.88,135.0,,2864,0,137.0,139.0,134.0
2019-09-18,0.0,2.21,139.0,,10065,0,138.0,139.0,133.0
2019-09-17,0.0,4.62,136.0,,6438,0,132.0,138.0,130.0
2019-09-16,0.0,-0.76,130.0,,5901,0,130.0,133.0,130.0
2019-09-15,0.0,-2.24,131.0,,4926,0,134.0,135.0,131.0
2019-09-12,0.0,-2.9,134.0,,7346,0,140.0,140.0,133.0
2019-09-11,0.0,0.73,138.0,,5720,0,137.0,138.0,135.0
2019-09-10,0.0,0.0,137.0,,4586,0,137.0,139.0,135.0
2019-09-09,0.0,-1.44,137.0,,3188,0,140.0,140.0,136.0
2019-09-08,0.0,0.0,139.0,,5690,0,139.0,139.0,137.0
2019-09-05,0.0,-1.42,139.0,,7147,0,142.0,143.0,138.0
2019-09-04,0.0,-3.42,141.0,,5782,0,146.0,146.0,141.0
2019-09-03,0.0,4.29,146.0,,9281,0,142.0,146.0,136.0
2019-09-02,0.0,-1.41,140.0,,3712,0,144.0,146.0,138.0
2019-09-01,0.0,-0.7,142.0,,15149,0,142.0,144.0,138.0
2019-08-29,0.0,-1.38,143.0,,7785,0,146.0,147.0,142.0
2019-08-28,0.0,-2.03,145.0,,3015,0,146.0,146.0,143.0
2019-08-27,0.0,0.68,148.0,,4401,0,147.0,149.0,144.0
2019-08-26,0.0,0.0,147.0,,1726,0,145.0,147.0,143.0
2019-08-25,0.0,0.0,147.0,,21795,0,146.0,150.0,144.0
2019-08-22,0.0,-0.68,147.0,,4184,0,146.0,148.0,146.0
2019-08-21,0.0,-0.67,148.0,,15657,0,147.0,149.0,147.0
2019-08-20,0.0,-0.67,149.0,,4129,0,147.0,150.0,147.0
2019-08-19,0.0,2.04,150.0,,7349,0,146.0,154.0,146.0
2019-08-18,0.0,-1.34,147.0,,4101,0,148.0,153.0,147.0
2019-08-15,0.0,-1.97,149.0,,7264,0,150.0,153.0,148.0
2019-08-14,0.0,0.0,152.0,,16035,0,152.0,154.0,150.0
2019-08-13,0.0,-2.56,152.0,,21491,0,156.0,159.0,150.0
2019-08-12,0.0,0.65,156.0,,3214,0,155.0,157.0,153.0
2019-08-11,0.0,0.65,155.0,,15486,0,157.0,159.0,152.0
2019-08-08,0.0,-1.28,154.0,,2381,0,159.0,162.0,153.0
2019-08-07,0.0,1.96,156.0,,9808,0,150.0,159.0,150.0
2019-08-06,0.0,-1.92,153.0,,5174,0,155.0,157.0,153.0
2019-08-05,0.0,0.65,156.0,,5186,0,154.0,159.0,153.0
2019-08-04,0.0,-1.9,155.0,,6477,0,155.0,160.0,154.0
2019-08-01,0.0,0.0,158.0,,12241,0,159.0,159.0,156.0
2019-07-31,0.0,0.0,158.0,,6497,0,155.0,159.0,155.0
2019-07-30,0.0,1.28,158.0,,8285,0,155.0,158.0,155.0
2019-07-29,0.0,-0.64,156.0,,8994,0,158.0,163.0,156.0
2019-07-28,0.0,-1.87,157.0,,21487,0,162.0,164.0,155.0
2019-07-25,0.0,-2.44,160.0,,7203,0,164.0,164.0,159.0
2019-07-24,0.0,1.86,164.0,,12730,0,161.0,164.0,159.0
2019-07-23,0.0,-0.62,161.0,,38882,0,163.0,164.0,160.0
2019-07-22,0.0,0.62,162.0,,12524,0,160.0,163.0,159.0
2019-07-21,0.0,-0.62,161.0,,9133,0,162.0,162.0,159.0
2019-07-18,0.0,0.0,162.0,,9392,0,162.0,165.0,161.0
2019-07-17,0.0,0.62,162.0,,7615,0,159.0,164.0,159.0
2019-07-16,0.0,0.0,161.0,,9159,0,164.0,164.0,160.0
2019-07-15,0.0,0.0,161.0,,14272,0,161.0,162.0,160.0
2019-07-14,0.0,1.26,161.0,,6143,0,158.0,163.0,158.0
2019-07-11,0.0,0.0,159.0,,13308,0,159.0,161.0,159.0
2019-07-10,0.0,-1.85,159.0,,16834,0,160.0,161.0,159.0
2019-07-09,0.0,0.62,162.0,,20790,0,161.0,172.0,161.0
2019-07-08,0.0,-0.62,161.0,,7768,0,163.0,163.0,161.0
2019-07-07,0.0,0.62,162.0,,12640,0,160.0,162.0,160.0
2019-07-04,0.0,-1.23,161.0,,12667,0,163.0,163.0,158.0
2019-07-03,0.0,2.52,163.0,,10470,0,159.0,163.0,158.0
2019-07-02,0.0,1.27,159.0,,6932,0,155.0,159.0,155.0
2019-07-01,0.0,-0.63,157.0,,8779,0,160.0,160.0,156.0
2019-06-30,0.0,-1.86,158.0,,9018,0,159.0,162.0,158.0
2019-06-27,0.0,0.62,161.0,,58207,0,163.0,165.0,161.0
2019-06-26,0.0,0.63,160.0,,60371,0,158.0,163.0,158.0
2019-06-25,0.0,-1.85,159.0,,13001,0,160.0,161.0,159.0
2019-06-24,0.0,2.53,162.0,,11416,0,158.0,162.0,157.0
2019-06-23,0.0,-1.86,158.0,,8440,0,160.0,161.0,158.0
2019-06-20,0.0,1.26,161.0,,10481,0,159.0,163.0,159.0
2019-06-19,0.0,0.0,159.0,,3005,0,159.0,162.0,159.0
2019-06-18,0.0,-1.24,159.0,,8706,0,158.0,162.0,159.0
2019-06-17,0.0,0.62,161.0,,18051,0,158.0,163.0,158.0
2019-06-16,0.0,-1.84,160.0,,9599,0,163.0,163.0,159.0
2019-06-13,0.0,0.62,163.0,,17942,0,162.0,164.0,161.0
2019-06-12,0.0,0.62,162.0,,26282,0,161.0,164.0,160.0
2019-06-11,0.0,0.0,161.0,,10689,0,162.0,165.0,161.0
2019-06-10,0.0,0.0,161.0,,31225,0,153.0,165.0,153.0
2019-06-06,0.0,-0.62,161.0,,15805,0,160.0,165.0,160.0
2019-06-04,0.0,-0.61,162.0,,14769,0,165.0,165.0,161.0
2019-06-03,0.0,-2.4,163.0,,23039,0,166.0,166.0,160.0
2019-06-02,0.0,-0.6,167.0,,21249,0,169.0,170.0,164.0
2019-05-30,0.0,-0.59,168.0,,60103,0,172.0,175.0,165.0
2019-05-29,0.0,3.05,169.0,,30751,0,167.0,171.0,163.0
2019-05-28,0.0,-1.8,164.0,,17325,0,164.0,169.0,164.0
2019-05-27,0.0,0.6,167.0,,20504,0,158.0,169.0,158.0
2019-05-26,0.0,-0.6,166.0,,58898,0,170.0,173.0,164.0
2019-05-23,0.0,-6.7,167.0,,109932,0,180.0,180.0,165.0
2019-05-22,0.0,7.83,179.0,,213727,0,168.0,182.0,165.0
2019-05-21,0.0,5.06,166.0,,74352,0,156.0,168.0,156.0
2019-05-20,0.0,-0.63,158.0,,27247,0,160.0,162.0,157.0
2019-05-19,0.0,-1.24,159.0,,30293,0,158.0,161.0,153.0
2019-05-16,0.0,-1.23,161.0,,36536,0,165.0,167.0,161.0
2019-05-15,0.0,5.16,163.0,,81467,0,152.0,170.0,152.0
2019-05-14,0.0,-3.12,155.0,,101891,0,163.0,172.0,152.0
2019-05-13,0.0,9.59,160.0,,160063,0,146.0,160.0,145.0
2019-05-12,0.0,2.1,146.0,,11824,0,142.0,146.0,139.0
2019-05-09,0.0,1.42,143.0,,6752,0,141.0,145.0,141.0
2019-05-08,0.0,-0.7,141.0,,4193,0,141.0,143.0,141.0
2019-05-07,0.0,0.71,142.0,,6890,0,140.0,144.0,140.0
2019-05-06,0.0,0.71,141.0,,4157,0,140.0,142.0,139.0
2019-05-05,0.0,-1.41,140.0,,7669,0,141.0,142.0,140.0
2019-05-02,0.0,-2.07,142.0,,9996,0,143.0,147.0,141.0
2019-04-30,0.0,0.69,145.0,,24508,0,144.0,151.0,140.0
2019-04-29,0.0,-1.37,144.0,,23093,0,145.0,147.0,140.0
2019-04-28,0.0,5.04,146.0,,43827,0,139.0,148.0,139.0
2019-04-25,0.0,0.72,139.0,,21189,0,136.0,139.0,136.0
2019-04-24,0.0,1.47,138.0,,9932,0,135.0,141.0,135.0
2019-04-23,0.0,-2.16,136.0,,5901,0,138.0,138.0,136.0
2019-04-22,0.0,0.72,139.0,,25156,0,140.0,141.0,138.0
2019-04-21,0.0,0.73,138.0,,16943,0,137.0,142.0,136.0
2019-04-18,0.0,-2.14,137.0,,7192,0,138.0,142.0,137.0
2019-04-17,0.0,1.45,140.0,,6645,0,138.0,142.0,137.0
2019-04-16,0.0,0.0,138.0,,3307,0,140.0,140.0,136.0
2019-04-15,0.0,-0.72,138.0,,1274,0,137.0,138.0,135.0
2019-04-11,0.0,0.0,139.0,,4201,0,139.0,139.0,135.0
2019-04-10,0.0,2.21,139.0,,7144,0,134.0,140.0,134.0
2019-04-09,0.0,-1.45,136.0,,7171,0,139.0,139.0,135.0
2019-04-08,0.0,0.0,138.0,,14757,0,138.0,140.0,138.0
2019-04-07,0.0,0.0,138.0,,2371,0,138.0,140.0,134.0
2019-04-04,0.0,-0.72,138.0,,4828,0,138.0,140.0,138.0
2019-04-03,0.0,2.21,139.0,,25017,0,135.0,142.0,135.0
2019-04-02,0.0,1.49,136.0,,15312,0,132.0,140.0,132.0
2019-04-01,0.0,0.0,134.0,,4756,0,132.0,135.0,132.0
2019-03-31,0.0,2.29,134.0,,8566,0,132.0,135.0,131.0
2019-03-28,0.0,0.0,131.0,,7123,0,130.0,132.0,130.0
2019-03-27,0.0,0.0,131.0,,2691,0,131.0,133.0,131.0
2019-03-26,0.0,0.0,131.0,,3501,0,131.0,132.0,130.0
2019-03-25,0.0,-0.76,131.0,,14739,0,130.0,132.0,129.0
2019-03-24,0.0,0.0,132.0,,2449,0,131.0,132.0,130.0
2019-03-21,0.0,-0.75,132.0,,7326,0,133.0,133.0,130.0
2019-03-19,0.0,0.0,133.0,,5412,0,132.0,134.0,131.0
2019-03-18,0.0,-0.75,133.0,,5685,0,134.0,135.0,133.0
2019-03-17,0.0,0.0,134.0,,3926,0,134.0,138.0,134.0
2019-03-14,0.0,-0.74,134.0,,4519,0,133.0,138.0,130.0
2019-03-13,0.0,0.0,135.0,,3472,0,135.0,136.0,134.0
2019-03-12,0.0,3.85,135.0,,14368,0,131.0,139.0,130.0
2019-03-11,0.0,0.77,131.0,,11853,0,131.0,133.0,129.0
2019-03-10,0.0,-0.75,132.0,,666,0,131.0,133.0,130.0
2019-03-09,0.0,-0.75,132.0,,666,0,131.0,133.0,130.0
2019-03-07,0.0,2.31,133.0,,8555,0,130.0,133.0,128.0
2019-03-06,0.0,0.0,130.0,,3255,0,129.0,131.0,128.0
2019-03-05,0.0,0.0,130.0,,9627,0,130.0,132.0,129.0
2019-03-03,0.0,-2.26,130.0,,5610,0,133.0,133.0,129.0
2019-02-27,0.0,1.53,133.0,,6773,0,133.0,133.0,130.0
2019-02-26,0.0,0.0,131.0,,5274,0,129.0,134.0,129.0
2019-02-25,0.0,0.77,131.0,,5235,0,129.0,133.0,129.0
2019-02-24,0.0,-2.26,130.0,,5297,0,131.0,133.0,130.0
2019-02-21,0.0,0.76,133.0,,1311,0,133.0,133.0,130.0
2019-02-20,0.0,-0.75,133.0,,22967,0,134.0,136.0,131.0
2019-02-19,0.0,2.29,134.0,,4907,0,132.0,134.0,129.0
2019-02-18,0.0,-1.5,131.0,,8653,0,133.0,133.0,130.0
2019-02-17,0.0,0.76,133.0,,5651,0,134.0,136.0,132.0
2019-02-14,0.0,-2.94,132.0,,17185,0,136.0,136.0,132.0
2019-02-13,0.0,1.49,136.0,,2586,0,134.0,136.0,134.0
2019-02-12,0.0,-2.9,134.0,,7306,0,136.0,138.0,134.0
2019-02-11,0.0,2.22,138.0,,4163,0,134.0,138.0,134.0
2019-02-10,0.0,-2.17,135.0,,8711,0,136.0,138.0,134.0
2019-02-07,0.0,0.73,138.0,,3619,0,137.0,140.0,136.0
2019-02-06,0.0,-1.44,137.0,,8791,0,137.0,140.0,137.0
2019-02-05,0.0,0.72,139.0,,10281,0,137.0,142.0,137.0
2019-02-04,0.0,-2.13,138.0,,14968,0,140.0,141.0,138.0
2019-02-03,0.0,-0.7,141.0,,11793,0,140.0,142.0,139.0
2019-01-31,0.0,-0.7,142.0,,10316,0,143.0,143.0,140.0
2019-01-30,0.0,0.0,143.0,,5239,0,143.0,144.0,141.0
2019-01-29,0.0,0.7,143.0,,7452,0,142.0,146.0,141.0
2019-01-28,0.0,-1.39,142.0,,2682,0,144.0,146.0,142.0
2019-01-27,0.0,-1.37,144.0,,17291,0,146.0,148.0,140.0
2019-01-24,0.0,0.69,146.0,,78827,0,145.0,148.0,140.0
2019-01-23,0.0,0.0,145.0,,6089,0,145.0,148.0,143.0
2019-01-22,0.0,-1.36,145.0,,17683,0,147.0,147.0,145.0
2019-01-21,0.0,-0.68,147.0,,2966,0,148.0,150.0,146.0
2019-01-20,0.0,-0.67,148.0,,2037,0,149.0,151.0,147.0
2019-01-17,0.0,-0.67,149.0,,6184,0,150.0,152.0,149.0
2019-01-16,0.0,-0.66,150.0,,11245,0,151.0,153.0,149.0
2019-01-15,0.0,0.67,151.0,,27657,0,150.0,152.0,149.0
2019-01-14,0.0,0.0,150.0,,9416,0,150.0,153.0,147.0
2019-01-13,0.0,-1.32,150.0,,1073,0,152.0,152.0,149.0
2019-01-10,0.0,-0.65,152.0,,14329,0,153.0,154.0,149.0
2019-01-09,0.0,0.66,153.0,,44634,0,152.0,154.0,151.0
2019-01-08,0.0,1.33,152.0,,1575,0,150.0,153.0,150.0
2019-01-07,0.0,0.0,150.0,,1955,0,150.0,153.0,150.0
2019-01-06,0.0,-0.66,150.0,,2125,0,151.0,153.0,150.0
2019-01-03,0.0,0.0,151.0,,1970,0,151.0,154.0,150.0
2019-01-02,0.0,-0.66,151.0,,6001,0,152.0,152.0,150.0
2019-01-01,0.0,-1.65,152.0,,6502,0,154.55,160.0,151.0
2018-12-31,0.0,0.0,170.0,,45438,0,170.0,173.0,168.0
2018-12-30,0.0,0.59,170.0,,23003,0,169.0,171.0,168.0
2018-12-27,0.0,-1.74,169.0,,46463,0,172.0,178.0,168.0
2018-12-26,0.0,1.78,172.0,,45206,0,169.0,174.0,169.0
2018-12-25,0.0,1.2,169.0,,94717,0,167.0,176.0,167.0
2018-12-24,0.0,9.87,167.0,,58066,0,152.0,167.0,152.0
2018-12-23,0.0,4.11,152.0,,13599,0,146.0,154.0,146.0
2018-12-20,0.0,0.0,146.0,,2615,0,146.0,147.0,146.0
2018-12-19,0.0,-1.35,146.0,,1944,0,148.0,148.0,144.0
2018-12-18,0.0,0.0,148.0,,12729,0,148.0,148.0,146.0
2018-12-17,0.0,0.68,148.0,,3156,0,147.0,149.0,145.0
2018-12-16,0.0,0.0,147.0,,805,0,147.0,157.0,147.0
2018-12-13,0.0,0.68,147.0,,7879,0,146.0,150.0,144.0
2018-12-12,0.0,-0.68,146.0,,3478,0,147.0,147.0,145.0
2018-12-11,0.0,1.38,147.0,,5855,0,145.0,148.0,145.0
2018-12-10,0.0,-2.68,145.0,,8896,0,149.0,149.0,144.0
2018-12-09,0.0,1.36,149.0,,3775,0,147.0,149.0,145.0
2018-12-06,0.0,0.68,147.0,,6395,0,146.0,148.0,145.0
2018-12-04,0.0,-1.99,148.0,,3712,0,151.0,152.0,146.0
2018-12-03,0.0,2.03,151.0,,6074,0,148.0,151.0,147.0
2018-12-02,0.0,-1.33,148.0,,8491,0,150.0,151.0,147.0
2018-11-29,0.0,-1.32,150.0,,5040,0,152.0,152.0,149.0
2018-11-28,0.0,-0.19,152.0,,7494,0,152.29,153.0,150.0
2018-11-27,0.0,1.32,153.0,,2952,0,151.0,154.0,151.0
2018-11-26,0.0,-1.31,151.0,,2896,0,153.0,153.0,150.0
2018-11-25,0.0,0.66,153.0,,13501,0,152.0,153.0,150.0
2018-11-22,0.0,0.0,152.0,,6414,0,152.0,153.0,151.0
2018-11-21,0.0,-1.3,152.0,,8396,0,154.0,155.0,152.0
2018-11-20,0.0,1.32,154.0,,4428,0,152.0,154.0,152.0
2018-11-19,0.0,-0.65,152.0,,5642,0,153.0,153.0,152.0
2018-11-18,0.0,-0.65,153.0,,5863,0,154.0,157.0,153.0
2018-11-15,0.0,-0.64,155.0,,4376,0,156.0,156.0,154.0
2018-11-14,0.0,0.65,156.0,,1208,0,155.0,157.0,154.0
2018-11-05,0.0,1.27,160.0,,1213,0,156.0,160.0,156.0
2018-11-04,0.0,-0.63,158.0,,3774,0,157.0,160.0,154.0
2018-11-01,0.0,1.92,159.0,,1680,0,155.0,159.0,155.0
2018-10-31,0.0,-3.7,156.0,,2259,0,161.0,161.0,155.0
2018-10-30,0.0,3.85,162.0,,3656,0,155.0,162.0,155.0
2018-10-29,0.0,-1.89,156.0,,5547,0,160.0,160.0,155.0
2018-10-28,0.0,0.63,159.0,,2305,0,157.0,161.0,156.0
2018-10-25,0.0,-0.63,158.0,,6827,0,159.0,160.0,157.0
2018-10-24,0.0,0.0,159.0,,3857,0,158.0,162.0,157.0
2018-10-23,0.0,-1.24,159.0,,831,0,163.0,163.0,158.0
2018-10-22,0.0,1.9,161.0,,2263,0,158.0,161.0,158.0
2018-10-21,0.0,0.0,158.0,,1142,0,158.0,159.0,158.0
2018-10-15,0.0,0.0,158.0,,2316,0,157.0,159.0,157.0
2018-10-14,0.0,0.64,158.0,,2979,0,159.0,162.0,158.0
2018-10-11,0.0,-0.63,157.0,,5283,0,157.0,159.0,157.0
2018-10-10,0.0,0.0,158.0,,3349,0,157.0,162.0,156.0
2018-10-09,0.0,0.0,158.0,,4835,0,157.0,161.0,157.0
2018-10-08,0.0,0.64,158.0,,6848,0,155.0,160.0,155.0
2018-10-07,0.0,-1.26,157.0,,4061,0,157.0,158.0,156.0
2018-10-04,0.0,-0.62,159.0,,7676,0,160.0,160.0,158.0
2018-10-03,0.0,0.0,160.0,,6193,0,159.0,161.0,159.0
2018-10-02,0.0,0.0,160.0,,5269,0,159.0,162.0,158.0
2018-10-01,0.0,-0.62,161.0,,13918,0,160.0,164.0,160.0
2018-09-30,0.0,-2.42,161.0,,22435,0,162.0,165.0,160.0
2018-09-27,0.0,2.48,165.0,,22094,0,158.0,165.0,158.0
2018-09-26,0.0,1.26,161.0,,21993,0,160.0,164.0,160.0
2018-09-25,0.0,0.0,160.0,,42558,0,163.0,166.0,157.0
2018-09-23,0.0,-1.23,160.0,,4973,0,159.0,165.0,159.0
2018-09-20,0.0,-1.22,162.0,,6118,0,161.0,164.0,161.0
2018-09-18,0.0,1.23,164.0,,22342,0,160.0,166.0,160.0
2018-09-17,0.0,-1.82,162.0,,12356,0,163.0,164.0,161.0
2018-09-16,0.0,0.61,162.0,,20853,0,166.0,166.0,160.0
2018-09-13,0.0,1.87,163.0,,31531,0,157.0,163.0,157.0
2018-09-12,0.0,1.91,160.0,,7465,0,157.0,161.0,156.0
2018-09-11,0.0,0.64,157.0,,4398,0,155.0,159.0,155.0
2018-09-10,0.0,-1.89,156.0,,7363,0,158.0,159.0,156.0
2018-09-09,0.0,-1.85,159.0,,5229,0,161.0,161.0,158.0
2018-09-06,0.0,-1.23,161.0,,8051,0,161.0,164.0,161.0
2018-09-05,0.0,1.24,163.0,,12568,0,163.0,165.0,160.0
2018-09-04,0.0,-0.62,161.0,,7295,0,162.0,164.0,160.0
2018-09-03,0.0,1.25,162.0,,11787,0,161.0,164.0,158.0
2018-09-02,0.0,-0.62,161.0,,5169,0,164.0,164.0,158.0
2018-08-30,0.0,1.26,161.0,,1992,0,161.0,161.0,158.0
2018-08-29,0.0,-1.85,159.0,,5227,0,159.0,160.0,157.0
2018-08-28,0.0,1.89,162.0,,4581,0,160.0,162.0,157.0
2018-08-26,0.0,-0.62,160.0,,2365,0,160.0,161.0,159.0
2018-08-23,0.0,-0.62,160.0,,2804,0,163.0,163.0,160.0
2018-08-22,0.0,0.62,161.0,,1400,0,160.0,162.0,160.0
2018-08-21,0.0,-0.62,160.0,,4808,0,160.0,162.0,160.0
2018-08-20,0.0,0.62,161.0,,6588,0,163.0,163.0,160.0
2018-08-19,0.0,-4.19,160.0,,16240,0,164.0,166.0,160.0
2018-08-16,0.0,-1.18,167.0,,19449,0,170.0,171.0,163.0
2018-08-15,0.0,3.68,169.0,,9450,0,161.0,169.0,161.0
2018-08-14,0.0,-0.61,163.0,,5122,0,167.0,167.0,161.0
2018-08-13,0.0,0.0,164.0,,3830,0,163.0,164.0,160.0
2018-08-12,0.0,0.0,164.0,,7815,0,167.0,167.0,161.0
2018-08-09,0.0,1.23,164.0,,11993,0,163.0,164.0,160.0
2018-08-08,0.0,-0.61,162.0,,6634,0,160.0,166.0,160.0
2018-08-07,0.0,1.24,163.0,,5889,0,160.0,165.0,160.0
2018-08-06,0.0,-0.62,162.0,,7440,0,164.0,165.0,160.0
2018-08-05,0.0,-0.61,162.0,,10148,0,163.0,164.0,160.0
2018-08-02,0.0,-2.4,163.0,,15133,0,164.0,165.0,163.0
2018-08-01,0.0,0.0,167.0,,9505,0,168.0,168.0,162.0
2018-07-31,0.0,-2.91,167.0,,24824,0,170.0,171.0,166.0
2018-07-30,0.0,-2.82,172.0,,85433,0,179.0,181.0,170.0
2018-07-29,0.0,5.36,177.0,,72076,0,169.0,179.0,169.0
2018-07-26,0.0,1.2,168.0,,28187,0,166.0,170.0,161.0
2018-07-25,0.0,-1.78,166.0,,7382,0,171.0,174.0,165.0
2018-07-24,0.0,-0.59,169.0,,30101,0,167.0,173.0,164.0
2018-07-23,0.0,7.59,170.0,,34091,0,155.0,170.0,155.0
2018-07-22,0.0,1.93,158.0,,14799,0,154.0,158.0,153.0
2018-07-19,0.0,-1.27,155.0,,5866,0,154.0,158.0,152.0
2018-07-18,0.0,1.95,157.0,,11666,0,154.0,157.0,152.0
2018-07-17,0.0,-0.65,154.0,,17111,0,155.0,157.0,152.0
2018-07-16,0.0,-1.27,155.0,,22791,0,154.0,157.0,150.0
2018-07-15,0.0,2.61,157.0,,11618,0,153.0,157.0,150.0
2018-07-12,0.0,0.0,153.0,,4603,0,150.0,153.0,149.0
2018-07-11,0.0,2.0,153.0,,2516,0,150.0,156.0,150.0
2018-07-10,0.0,-1.32,150.0,,14751,0,154.0,154.0,150.0
2018-07-09,0.0,-1.93,152.0,,10910,0,156.0,156.0,150.0
2018-07-08,0.0,-1.9,155.0,,7306,0,158.0,160.0,152.0
2018-07-05,0.0,3.27,158.0,,6018,0,153.0,158.0,151.0
2018-07-04,0.0,0.0,152.0,,10380,0,153.0,153.0,150.0
2018-07-03,0.0,2.68,153.0,,7654,0,148.0,155.0,148.0
2018-07-02,0.0,-0.67,149.0,,21338,0,150.0,152.0,145.0
2018-07-01,0.0,0.0,167.0,,9505,0,168.0,168.0,162.0
2018-06-28,0.0,-1.92,153.0,,1621,0,156.0,156.0,153.0
2018-06-27,0.0,2.63,156.0,,4890,0,152.0,158.0,151.0
2018-06-26,0.0,-1.3,152.0,,10442,0,152.0,156.0,152.0
2018-06-25,0.0,-3.14,154.0,,4710,0,159.0,160.0,154.0
2018-06-24,0.0,0.63,159.0,,5141,0,155.0,159.0,155.0
2018-06-21,0.0,1.28,158.0,,7130,0,156.0,159.0,155.0
2018-06-20,0.0,-0.64,156.0,,5612,0,156.0,160.0,156.0
2018-06-19,0.0,-0.63,157.0,,5394,0,158.0,158.0,154.0
2018-06-18,0.0,1.28,158.0,,3411,0,157.0,158.0,155.0
2018-06-17,0.0,-2.5,157.0,,3523,0,159.0,160.0,156.0
2018-06-14,0.0,0.0,160.0,,11463,0,158.0,162.0,158.0
2018-06-13,0.0,-0.62,160.0,,7631,0,158.0,160.0,154.0
2018-06-12,0.0,3.87,161.0,,9378,0,155.0,161.0,154.0
2018-06-11,0.0,-1.27,155.0,,6424,0,158.0,161.0,155.0
2018-06-10,0.0,-1.26,157.0,,4111,0,162.0,162.0,156.0
2018-06-07,0.0,-1.85,158.0,,7627,0,163.0,163.0,157.0
2018-06-06,0.0,1.25,162.0,,329,0,162.0,165.0,162.0
2018-06-04,0.0,-1.23,160.0,,3979,0,159.0,162.0,156.0
2018-06-03,0.0,-0.61,162.0,,8276,0,160.0,162.0,156.0
2018-05-31,0.0,-2.4,163.0,,2671,0,168.0,168.0,162.0
2018-05-30,0.0,1.21,167.0,,2459,0,163.0,167.0,163.0
2018-05-29,0.0,-1.79,165.0,,5689,0,171.0,171.0,161.0
2018-05-28,0.0,3.7,168.0,,5783,0,162.0,168.0,160.0
2018-05-27,0.0,0.0,162.0,,7787,0,162.0,164.0,159.0
2018-05-24,0.0,-1.22,162.0,,6203,0,164.0,165.0,161.0
2018-05-23,0.0,0.0,164.0,,2150,0,165.0,165.0,162.0
2018-05-22,0.0,-2.38,165.0,,7817,0,170.0,170.0,164.0
2018-05-21,0.0,2.44,168.0,,4935,0,163.0,168.0,163.0
2018-05-20,0.0,-0.61,164.0,,3423,0,165.0,171.0,163.0
2018-05-17,0.0,0.61,165.0,,6471,0,163.0,169.0,162.0
2018-05-16,0.0,-1.2,164.0,,2567,0,167.0,167.0,164.0
2018-05-15,0.0,-1.19,166.0,,2835,0,169.0,169.0,166.0
2018-05-14,0.0,1.82,168.0,,28108,0,167.0,170.0,165.0
2018-05-10,0.0,0.0,165.0,,5212,0,165.0,168.0,162.0
2018-05-09,0.0,-0.6,165.0,,4798,0,166.0,169.0,163.0
2018-05-08,0.0,0.61,166.0,,14020,0,166.0,170.0,162.0
2018-05-07,0.0,-2.94,165.0,,15006,0,167.0,167.0,162.0
2018-05-06,0.0,2.41,170.0,,8955,0,167.0,170.0,162.0
2018-05-03,0.0,-2.92,166.0,,15297,0,172.0,172.0,166.0
2018-05-02,0.0,3.64,171.0,,8923,0,165.0,171.0,160.0
2018-04-29,0.0,0.61,165.0,,7292,0,162.0,165.0,158.0
2018-04-26,0.0,1.23,164.0,,17201,0,159.0,165.0,159.0
2018-04-25,0.0,-3.57,162.0,,13284,0,165.0,170.0,162.0
2018-04-24,0.0,-1.75,168.0,,15495,0,168.0,174.0,163.0
2018-04-23,0.0,-3.93,171.0,,37464,0,181.0,181.0,168.0
2018-04-22,0.0,4.71,178.0,,38482,0,170.0,180.0,169.0
2018-04-19,0.0,0.0,171.0,,63451,0,173.0,179.0,168.0
2018-04-18,0.0,4.94,170.0,,58604,0,165.0,178.0,157.0
2018-04-17,0.0,9.46,162.0,,34216,0,148.0,162.0,148.0
2018-04-16,0.0,0.0,148.0,,7468,0,150.0,153.0,147.0
2018-04-15,0.0,-0.67,148.0,,5620,0,149.0,151.0,146.0
2018-04-12,0.0,-0.67,149.0,,4993,0,151.0,151.0,148.0
2018-04-11,0.0,0.67,150.0,,1992,0,151.0,151.0,146.0
2018-04-10,0.0,0.68,149.0,,19414,0,148.0,151.0,147.0
2018-04-09,0.0,-3.9,148.0,,25028,0,156.0,158.0,148.0
2018-04-08,0.0,5.48,153.0,,23754,0,148.0,154.0,145.0
2018-04-05,0.0,0.69,146.0,,5613,0,145.0,146.0,143.0
2018-04-04,0.0,2.11,145.0,,1976,0,144.0,145.0,142.0
2018-04-03,0.0,2.16,142.0,,9529,0,138.0,142.0,137.0
2018-04-02,0.0,2.96,139.0,,1785,0,134.0,141.0,134.0
2018-04-01,0.0,-5.59,135.0,,37639,0,144.0,144.0,135.0
2018-03-29,0.0,0.0,143.0,,6407,0,141.0,145.0,139.0
2018-03-28,0.0,-2.05,143.0,,4322,0,145.0,145.0,142.0
2018-03-27,0.0,2.82,146.0,,15621,0,140.0,146.0,137.0
2018-03-26,0.0,-2.74,142.0,,7292,0,144.0,144.0,135.0
2018-03-22,0.0,0.0,146.0,,10432,0,148.0,149.0,140.0
2018-03-21,0.0,-1.35,146.0,,6365,0,147.0,147.0,144.0
2018-03-20,0.0,-1.99,148.0,,14484,0,149.0,150.0,145.0
2018-03-19,0.0,0.0,151.0,,10949,0,151.0,153.0,150.0
2018-03-18,0.0,-1.31,152.0,,7326,0,152.0,155.0,151.0
2018-03-15,0.0,0.0,153.0,,9713,0,153.0,157.0,150.0
2018-03-14,0.0,0.66,153.0,,1891,0,150.0,154.0,150.0
2018-03-13,0.0,1.33,152.0,,3889,0,150.0,155.0,150.0
2018-03-12,0.0,-2.6,150.0,,7732,0,154.0,156.0,149.0
2018-03-11,0.0,-1.28,154.0,,15664,0,156.0,157.0,147.0
2018-03-07,0.0,0.0,156.0,,7300,0,157.0,159.0,154.0
2018-03-06,0.0,0.0,156.0,,16763,0,154.0,159.0,148.0
2018-03-04,0.0,-3.68,157.0,,23142,0,160.0,161.0,150.0
2018-02-28,0.0,-1.81,163.0,,5026,0,166.0,166.0,160.0
2018-02-27,0.0,1.84,166.0,,6332,0,161.0,166.0,161.0
2018-02-26,0.0,0.0,163.0,,5759,0,161.0,163.0,161.0
2018-02-25,0.0,0.0,163.0,,4447,0,160.0,165.0,160.0
2018-02-22,0.0,-1.21,163.0,,15214,0,162.0,164.0,162.0
2018-02-21,0.0,-1.79,165.0,,9371,0,165.0,167.0,163.0
2018-02-20,0.0,1.82,168.0,,4060,0,166.0,168.0,164.0
2018-02-18,0.0,-2.37,165.0,,3381,0,169.0,171.0,165.0
2018-02-15,0.0,2.42,167.0,,3154,0,165.0,169.0,165.0
2018-02-14,0.0,-0.6,165.0,,2459,0,164.0,165.0,162.0
2018-02-12,0.0,1.84,166.0,,5376,0,163.0,168.0,163.0
2018-02-11,0.0,0.0,163.0,,3282,0,166.0,166.0,163.0
2018-02-08,0.0,0.0,163.0,,2522,0,160.0,164.0,160.0
2018-02-07,0.0,-1.21,163.0,,3546,0,163.0,165.0,163.0
2018-02-06,0.0,0.0,165.0,,2579,0,165.0,166.0,163.0
2018-02-05,0.0,-1.2,165.0,,7220,0,169.0,169.0,164.0
2018-02-04,0.0,-0.6,167.0,,3216,0,165.0,170.0,165.0
2018-02-01,0.0,2.44,168.0,,5978,0,164.0,169.0,162.0
2018-01-31,0.0,1.23,164.0,,3363,0,160.0,165.0,160.0
2018-01-29,0.0,-1.82,162.0,,45030,0,165.0,165.0,160.0
2018-01-28,0.0,0.61,165.0,,6493,0,165.0,168.0,164.0
2018-01-25,0.0,-1.8,164.0,,5003,0,167.0,168.0,162.0
2018-01-24,0.0,0.0,167.0,,1199,0,165.0,167.0,165.0
2018-01-23,0.0,1.83,167.0,,2845,0,163.0,167.0,163.0
2018-01-22,0.0,-1.2,164.0,,5789,0,167.0,167.0,164.0
2018-01-21,0.0,-0.6,166.0,,4425,0,167.0,167.0,165.0
2018-01-17,0.0,-1.76,167.0,,1431,0,170.0,170.0,166.0
2018-01-16,0.0,1.19,170.0,,7234,0,168.0,170.0,165.0
2018-01-14,0.0,0.0,168.0,,12212,0,167.0,171.0,164.0
2018-01-10,0.0,0.0,168.0,,5085,0,168.0,170.0,168.0
2018-01-09,0.0,-2.33,168.0,,5071,0,172.0,173.0,168.0
2018-01-08,0.0,1.18,172.0,,3712,0,171.0,172.0,167.0
2018-01-07,0.0,0.0,170.0,,2909,0,168.0,171.0,168.0
2018-01-04,0.0,1.19,170.0,,11902,0,168.0,170.0,167.0
2018-01-03,0.0,-1.18,168.0,,6303,0,170.0,174.0,168.0
2018-01-02,0.0,-1.73,170.0,,6256,0,173.0,174.0,170.0
2018-01-01,0.0,1.76,173.0,,5846,0,170.0,173.0,168.0
2017-12-31,0.0,0.59,170.0,,7498,0,166.0,171.0,166.0
2017-12-28,0.0,-2.31,169.0,,6145,0,170.0,174.0,169.0
2017-12-27,0.0,-2.26,173.0,,11549,0,177.0,177.0,168.0
2017-12-26,0.0,-1.67,177.0,,19399,0,180.0,180.0,175.0
2017-12-24,0.0,0.56,180.0,,14550,0,179.0,181.0,178.0
2017-12-21,0.0,-0.56,179.0,,4424,0,180.0,180.0,178.0
2017-12-20,0.0,1.12,180.0,,23674,0,179.0,181.0,177.0
2017-12-19,0.0,-1.66,178.0,,8838,0,180.0,182.0,178.0
2017-12-18,0.0,0.0,181.0,,12023,0,180.0,182.0,179.0
2017-12-17,0.0,0.0,181.0,,2870,0,180.0,182.0,179.0
2017-12-14,0.0,-0.56,179.0,,2007,0,182.0,183.0,179.0
2017-12-13,0.0,0.0,180.0,,9538,0,180.0,182.0,180.0
2017-12-12,0.0,-0.55,180.0,,4110,0,181.0,181.0,179.0
2017-12-11,0.0,0.0,181.0,,12289,0,180.0,184.0,180.0
2017-12-10,0.0,-2.16,181.0,,6844,0,188.0,188.0,180.0
2017-12-06,0.0,0.0,185.0,,10272,0,182.0,186.0,182.0
2017-12-05,0.0,2.21,185.0,,3315,0,179.0,185.0,179.0
2017-12-04,0.0,-2.69,181.0,,9488,0,183.0,184.0,180.0
2017-11-30,0.0,0.0,186.0,,7991,0,189.0,189.0,182.0
2017-11-29,0.0,0.54,186.0,,14021,0,185.0,187.0,183.0
2017-11-28,0.0,2.21,185.0,,19330,0,181.0,185.0,181.0
2017-11-27,0.0,1.12,181.0,,39992,0,182.0,182.0,179.0
2017-11-26,0.0,0.56,179.0,,7347,0,178.0,185.0,178.0
2017-11-23,0.0,0.56,178.0,,11463,0,177.0,180.0,177.0
2017-11-22,0.0,0.0,177.0,,10675,0,177.0,178.0,176.0
2017-11-21,0.0,-1.12,177.0,,15132,0,176.0,179.0,176.0
2017-11-20,0.0,1.13,179.0,,4741,0,177.0,179.0,177.0
2017-11-19,0.0,-1.67,177.0,,13884,0,180.0,180.0,177.0
2017-11-16,0.0,-1.1,180.0,,12197,0,182.0,182.0,179.0
2017-11-15,0.0,-1.09,182.0,,17272,0,181.0,185.0,177.0
2017-11-14,0.0,1.66,184.0,,25690,0,180.0,184.0,179.0
2017-11-13,0.0,1.12,180.0,,13124,0,180.0,181.0,176.0
2017-11-12,0.0,0.0,179.0,,24126,0,179.0,182.0,178.0
2017-11-09,0.0,-0.56,179.0,,6429,0,179.0,181.0,173.0
2017-11-08,0.0,-1.1,180.0,,6888,0,180.0,181.0,178.0
2017-11-07,0.0,-1.62,182.0,,24092,0,185.0,186.0,181.0
2017-11-06,0.0,-1.6,185.0,,37966,0,188.0,190.0,181.0
2017-11-05,0.0,-2.59,188.0,,8057,0,190.0,190.0,184.0
2017-11-02,0.0,-1.53,193.0,,26318,0,196.0,196.0,188.0
2017-11-01,0.0,5.38,196.0,,36856,0,185.0,196.0,185.0
2017-10-31,0.0,2.2,186.0,,25164,0,183.0,187.0,183.0
2017-10-30,0.0,0.55,183.0,,8833,0,179.0,184.0,179.0
2017-10-29,0.0,-1.09,181.0,,10439,0,186.0,186.0,181.0
2017-10-25,0.0,-1.08,183.0,,23915,0,185.0,186.0,183.0
2017-10-24,0.0,2.78,185.0,,31003,0,180.0,190.0,177.0
2017-10-23,0.0,-1.64,180.0,,16993,0,183.0,183.0,179.0
2017-10-22,0.0,0.0,183.0,,5530,0,186.0,186.0,180.0
2017-10-18,0.0,0.55,183.0,,6680,0,179.0,183.0,178.0
2017-10-17,0.0,-0.55,182.0,,1373,0,183.0,183.0,180.0
2017-10-16,0.0,1.1,183.0,,5572,0,179.0,183.0,177.0
2017-10-15,0.0,1.69,181.0,,5282,0,179.0,181.0,176.0
2017-10-12,0.0,0.56,178.0,,12975,0,174.0,182.0,174.0
2017-10-11,0.0,-0.56,177.0,,4787,0,175.0,182.0,173.0
2017-10-10,0.0,0.0,178.0,,3665,0,178.0,180.0,176.0
2017-10-09,0.0,-1.11,179.0,,3985,0,182.0,182.0,177.0
2017-10-08,0.0,0.0,180.0,,8290,0,177.0,180.0,172.0
2017-10-04,0.0,1.12,180.0,,1758,0,178.0,181.0,177.0
2017-10-03,0.0,-1.11,178.0,,587,0,181.0,181.0,178.0
2017-09-26,0.0,0.0,180.0,,4650,0,177.0,183.0,177.0
2017-09-25,0.0,-1.1,180.0,,8135,0,185.0,185.0,180.0
2017-09-24,0.0,-1.62,182.0,,5196,0,182.0,184.0,181.0
2017-09-20,0.0,2.78,185.0,,10125,0,182.0,185.0,175.0
2017-09-18,0.0,0.0,180.0,,6749,0,183.0,183.0,177.0
2017-09-17,0.0,2.86,180.0,,12139,0,178.0,183.0,172.0
2017-09-14,0.0,1.74,175.0,,5667,0,171.0,177.0,171.0
2017-09-13,0.0,0.0,172.0,,8941,0,171.0,175.0,167.0
2017-09-12,0.0,-1.71,172.0,,11525,0,173.0,175.0,171.0
2017-09-11,0.0,-2.78,175.0,,15549,0,178.0,180.0,173.0
2017-09-10,0.0,0.56,180.0,,9682,0,179.0,180.0,174.0
2017-09-07,0.0,-2.19,179.0,,14173,0,180.0,183.0,178.0
2017-09-06,0.0,2.23,183.0,,11595,0,179.0,184.0,176.0
2017-09-04,0.0,-0.56,179.0,,8635,0,181.0,183.0,178.0
2017-08-31,0.0,-1.64,180.0,,14266,0,183.0,184.0,180.0
2017-08-30,0.0,-0.54,183.0,,9954,0,181.0,186.0,178.0
2017-08-28,0.0,0.55,184.0,,13806,0,183.0,188.0,180.0
2017-08-27,0.0,-2.66,183.0,,11247,0,188.0,186.0,180.0
2017-08-24,0.0,2.73,188.0,,21321,0,183.0,188.0,183.0
2017-08-23,0.0,-1.08,183.0,,11297,0,183.0,185.0,182.0
2017-08-22,0.0,0.54,185.0,,13376,0,181.0,190.0,181.0
2017-08-21,0.0,0.55,184.0,,6878,0,185.0,187.0,182.0
2017-08-20,0.0,-1.08,183.0,,8786,0,185.0,191.0,182.0
2017-08-17,0.0,-1.6,185.0,,20201,0,188.0,190.0,183.0
2017-08-16,0.0,-0.53,188.0,,12165,0,190.0,191.0,180.0
2017-08-15,0.0,-2.07,189.0,,14028,0,193.0,193.0,188.0
2017-08-13,0.0,1.58,193.0,,13061,0,193.0,193.0,187.0
2017-08-10,0.0,0.53,190.0,,54669,0,186.0,192.0,186.0
2017-08-09,0.0,-0.53,189.0,,10954,0,190.0,192.0,188.0
2017-08-07,0.0,-1.55,190.0,,7369,0,190.0,193.0,190.0
2017-08-06,0.0,0.52,193.0,,15005,0,192.0,194.0,189.0
2017-08-03,0.0,-1.03,192.0,,11875,0,194.0,196.0,192.0
2017-08-02,0.0,-0.51,194.0,,3254,0,195.0,195.0,192.0
2017-08-01,0.0,0.0,195.0,,14918,0,195.0,198.0,192.0
2017-07-31,0.0,1.56,195.0,,25079,0,189.0,196.0,189.0
2017-07-30,0.0,-1.03,192.0,,6376,0,195.0,195.0,191.0
2017-07-27,0.0,0.52,194.0,,6470,0,193.0,195.0,191.0
2017-07-26,0.0,0.0,193.0,,11280,0,192.0,194.0,192.0
2017-07-25,0.0,-0.51,193.0,,4309,0,192.0,195.0,192.0
2017-07-24,0.0,-0.51,194.0,,17002,0,193.0,196.0,193.0
2017-07-23,0.0,-1.52,195.0,,15373,0,195.0,196.0,193.0
2017-07-20,0.0,-1.0,198.0,,11183,0,197.0,201.0,194.0
2017-07-19,0.0,-0.5,200.0,,17772,0,198.0,204.0,198.0
2017-07-18,0.0,2.03,201.0,,133581,0,200.0,204.0,195.0
2017-07-17,0.0,1.03,197.0,,10345,0,195.0,198.0,195.0
2017-07-16,0.0,-1.02,195.0,,5966,0,196.0,196.0,193.0
2017-07-13,0.0,2.07,197.0,,131416,0,190.0,197.0,190.0
2017-07-12,0.0,-2.03,193.0,,8745,0,195.0,195.0,191.0
2017-07-11,0.0,0.51,197.0,,3524,0,194.0,197.0,194.0
2017-07-10,0.0,-0.51,196.0,,15012,0,195.0,196.0,192.0
2017-07-09,0.0,-1.01,197.0,,23216,0,199.0,202.0,192.0
2017-07-06,0.0,3.11,199.0,,24434,0,193.0,199.0,190.0
2017-07-05,0.0,0.0,193.0,,6548,0,193.0,196.0,191.0
2017-07-04,0.0,0.0,193.0,,5320,0,193.0,193.0,190.0
2017-07-03,0.0,-1.03,193.0,,6510,0,194.0,198.0,192.0
2017-07-02,0.0,0.0,195.0,,13821,0,196.0,198.0,190.0
2017-06-28,0.0,-1.02,195.0,,3029,0,194.0,198.0,193.0
2017-06-27,0.0,-0.51,197.0,,7643,0,199.0,199.0,195.0
2017-06-25,0.0,1.54,198.0,,4918,0,192.0,199.0,192.0
2017-06-22,0.0,-0.51,195.0,,4933,0,195.0,199.0,195.0
2017-06-21,0.0,2.08,196.0,,10391,0,190.0,200.0,190.0
2017-06-20,0.0,-0.52,193.0,,9376,0,190.0,196.0,189.0
2017-06-19,0.0,-2.03,193.0,,11597,0,197.0,198.0,193.0
2017-06-18,0.0,-1.5,197.0,,8776,0,200.0,200.0,194.0
2017-06-15,0.0,0.5,200.0,,13595,0,202.0,202.0,197.0
2017-06-14,0.0,-0.5,199.0,,9275,0,200.0,205.0,198.0
2017-06-13,0.0,-0.5,200.0,,8527,0,200.0,202.0,196.0
2017-06-12,0.0,0.0,201.0,,13283,0,197.0,205.0,196.0
2017-06-11,0.0,-1.47,201.0,,15794,0,208.0,208.0,196.0
2017-06-08,0.0,-1.92,204.0,,12652,0,204.0,208.0,202.0
2017-06-07,0.0,-0.95,208.0,,8243,0,210.0,211.0,207.0
2017-06-06,0.0,1.45,210.0,,9069,0,209.0,214.0,207.0
2017-06-05,0.0,0.98,207.0,,10116,0,205.0,217.0,201.0
2017-06-04,0.0,0.0,205.0,,8067,0,204.0,207.0,200.0
2017-06-01,0.0,-0.97,205.0,,6772,0,208.0,209.0,205.0
2017-05-31,0.0,0.49,207.0,,10490,0,206.0,210.0,204.0
2017-05-30,0.0,-1.44,206.0,,11133,0,207.0,209.0,205.0
2017-05-28,0.0,-0.95,209.0,,11732,0,207.0,210.0,207.0
2017-05-24,0.0,1.44,211.0,,11348,0,208.0,211.0,207.0
2017-05-23,0.0,-0.95,208.0,,10447,0,208.0,213.0,207.0
2017-05-22,0.0,0.0,210.0,,9806,0,209.0,212.0,207.0
2017-05-21,0.0,-1.41,210.0,,15792,0,210.0,213.0,207.0
2017-05-18,0.0,-1.39,213.0,,8684,0,216.0,215.0,210.0
2017-05-17,0.0,3.35,216.0,,24992,0,211.0,216.0,209.0
2017-05-16,0.0,-0.48,209.0,,13642,0,208.0,210.0,208.0
2017-05-15,0.0,-2.33,211.0,,10617,0,215.0,220.0,209.0
2017-05-11,0.0,2.38,215.0,,17070,0,211.0,218.0,210.0
2017-05-09,0.0,0.48,210.0,,13468,0,209.0,213.0,206.0
2017-05-08,0.0,0.0,209.0,,4687,0,208.0,210.0,208.0
2017-05-07,0.0,-0.48,209.0,,9208,0,212.0,214.0,209.0
2017-05-04,0.0,-0.94,210.0,,8192,0,210.0,215.0,209.0
2017-05-03,0.0,0.47,212.0,,7383,0,210.0,216.0,210.0
2017-05-02,0.0,-1.86,211.0,,5402,0,211.0,213.0,210.0
2017-04-30,0.0,2.38,215.0,,9421,0,209.0,216.0,209.0
2017-04-27,0.0,-0.47,210.0,,8707,0,210.0,213.0,210.0
2017-04-26,0.0,-0.47,211.0,,11309,0,210.0,214.0,210.0
2017-04-25,0.0,-1.4,210.0,,6658,0,215.0,215.0,210.0
2017-04-24,0.0,-1.38,215.0,,7878,0,215.0,220.0,213.0
2017-04-23,0.0,2.36,217.0,,19489,0,216.0,228.0,216.0
2017-04-20,0.0,0.0,212.0,,10259,0,212.0,218.0,210.0
2017-04-19,0.0,1.92,212.0,,10706,0,208.0,218.0,208.0
2017-04-18,0.0,-4.15,209.0,,10670,0,217.0,217.0,208.0
2017-04-16,0.0,-0.46,217.0,,9327,0,214.0,221.0,214.0
2017-04-13,0.0,-0.46,218.0,,11327,0,215.0,223.0,212.0
2017-04-12,0.0,-2.23,220.0,,22368,0,220.0,230.0,219.0
2017-04-11,0.0,-0.44,224.0,,13906,0,225.0,225.0,219.0
2017-04-10,0.0,1.35,224.0,,8311,0,222.0,225.0,218.0
2017-04-09,0.0,1.83,222.0,,13034,0,222.0,225.0,215.0
2017-04-06,0.0,-2.68,218.0,,13207,0,224.0,225.0,217.0
2017-04-04,0.0,-1.32,224.0,,26160,0,223.0,231.0,218.0
2017-04-03,0.0,-3.4,227.0,,33826,0,239.0,256.0,227.0
2017-04-02,0.0,5.38,234.0,,2837,0,225.0,235.0,223.0
2017-03-30,0.0,-1.76,223.0,,29275,0,227.0,230.0,219.0
2017-03-29,0.0,-1.73,227.0,,43206,0,231.0,243.0,225.0
2017-03-28,0.0,7.44,231.0,,33691,0,215.0,235.0,215.0
2017-03-26,0.0,3.37,215.0,,19926,0,208.0,220.0,208.0
2017-03-23,0.0,-0.95,208.0,,11022,0,210.0,212.0,202.0
2017-03-22,0.0,2.44,210.0,,29752,0,205.0,219.0,203.0
2017-03-21,0.0,3.54,205.0,,18415,0,198.0,205.0,198.0
2017-03-20,0.0,1.54,199.0,,80792,0,195.0,202.0,195.0
2017-03-19,0.0,0.52,195.0,,5845,0,194.0,195.0,192.0
2017-03-16,0.0,1.04,194.0,,4591,0,192.0,195.0,192.0
2017-03-15,0.0,1.59,192.0,,8089,0,188.0,195.0,185.0
2017-03-14,0.0,-1.56,189.0,,8449,0,189.0,193.0,188.0
2017-03-13,0.0,0.52,192.0,,3704,0,188.0,193.0,188.0
2017-03-09,0.0,-1.04,191.0,,8036,0,192.0,195.0,188.0
2017-03-07,0.0,-1.03,193.0,,5221,0,194.0,195.0,190.0
2017-03-06,0.0,0.51,195.0,,14352,0,191.0,199.0,191.0
2017-03-05,0.0,2.11,194.0,,12980,0,187.0,195.0,186.0
2017-03-02,0.0,0.0,190.0,,10018,0,188.0,190.0,186.0
2017-03-01,0.0,1.06,190.0,,9066,0,185.0,192.0,185.0
2017-02-28,0.0,0.0,188.0,,9290,0,185.0,191.0,184.0
2017-02-26,0.0,-2.59,188.0,,12241,0,190.0,193.0,185.0
2017-02-23,0.0,1.05,193.0,,15424,0,190.0,193.0,186.0
2017-02-22,0.0,-1.55,191.0,,8747,0,197.0,200.0,188.0
2017-02-21,0.0,0.52,194.0,,14751,0,196.0,196.0,192.0
2017-02-20,0.0,0.0,193.0,,23968,0,196.0,200.0,189.0
2017-02-19,0.0,-0.51,193.0,,22076,0,195.0,196.0,189.0
2017-02-16,0.0,1.04,194.0,,22651,0,189.0,196.0,187.0
2017-02-15,0.0,1.05,192.0,,14656,0,190.0,195.0,186.0
2017-02-14,0.0,1.6,190.0,,12310,0,189.0,190.0,183.0
2017-02-13,0.0,2.19,187.0,,11578,0,180.0,188.0,179.0
2017-02-12,0.0,-1.61,183.0,,24596,0,187.0,190.0,182.0
2017-02-09,0.0,-3.12,186.0,,41582,0,192.0,195.0,186.0
2017-02-08,0.0,-0.52,192.0,,27062,0,194.0,203.0,188.0
2017-02-07,0.0,-1.03,193.0,,45932,0,198.0,199.0,191.0
2017-02-06,0.0,-1.52,195.0,,35319,0,201.0,201.0,194.0
2017-02-05,0.0,-1.49,198.0,,44526,0,205.0,208.0,195.0
2017-02-02,0.0,-6.07,201.0,,37939,0,218.0,222.0,200.0
2017-02-01,0.0,7.0,214.0,,193980,0,200.0,214.0,190.0
2017-01-31,0.0,2.04,200.0,,10171,0,195.0,204.0,192.0
2017-01-30,0.0,-2.49,196.0,,4776,0,205.0,209.0,195.0
2017-01-26,0.0,-4.74,201.0,,10929,0,210.0,211.0,200.0
2017-01-25,0.0,-3.21,211.0,,5407,0,219.0,219.0,210.0
2017-01-24,0.0,-0.46,218.0,,10942,0,217.0,220.0,215.0
2017-01-23,0.0,-0.45,219.0,,13617,0,220.0,222.0,218.0
2017-01-22,0.0,0.0,220.0,,14419,0,220.0,225.0,220.0
2017-01-19,0.0,-0.45,220.0,,8139,0,225.0,225.0,220.0
2017-01-18,0.0,-0.45,221.0,,13628,0,221.0,225.0,220.0
2017-01-17,0.0,0.0,222.0,,9206,0,220.0,230.0,219.0
2017-01-16,0.0,-1.33,222.0,,6113,0,224.0,226.0,220.0
2017-01-15,0.0,0.45,225.0,,13424,0,224.0,226.0,223.0
2017-01-12,0.0,-1.75,224.0,,8031,0,224.0,228.0,223.0
2017-01-11,0.0,1.79,228.0,,8740,0,224.0,229.0,221.0
2017-01-10,0.0,0.9,224.0,,10500,0,222.0,226.0,221.0
2017-01-09,0.0,0.91,222.0,,8076,0,223.0,224.0,220.0
2017-01-08,0.0,-1.35,220.0,,17194,0,224.0,224.0,219.0
2017-01-05,0.0,-1.33,223.0,,9327,0,227.0,228.0,222.0
2017-01-04,0.0,-0.88,226.0,,4710,0,228.0,232.0,222.0
2017-01-03,0.0,-0.44,228.0,,10266,0,230.0,232.0,224.0
2017-01-02,0.0,0.88,229.0,,13338,0,231.0,235.0,224.0
2017-01-01,0.0,0.44,227.0,,25955,0,228.0,232.0,224.0
2016-12-29,0.0,1.35,226.0,,19211,0,223.0,227.0,222.0
2016-12-28,0.0,0.45,223.0,,20996,0,224.0,227.0,216.0
2016-12-27,0.0,-1.33,222.0,,14116,0,229.0,229.0,219.0
2016-12-26,0.0,-5.46,225.0,,8283,0,238.0,238.0,225.0
2016-12-22,0.0,0.0,238.0,,15147,0,234.0,241.0,234.0
2016-12-21,0.0,-1.65,238.0,,14245,0,241.0,241.0,234.0
2016-12-20,0.0,-1.22,242.0,,5947,0,246.0,246.0,237.0
2016-12-19,0.0,-1.61,245.0,,14559,0,251.0,253.0,245.0
2016-12-18,0.0,-1.58,249.0,,5913,0,250.0,252.0,247.0
2016-12-15,0.0,1.2,253.0,,8147,0,250.0,255.0,245.0
2016-12-14,0.0,0.0,250.0,,5816,0,250.0,253.0,245.0
2016-12-12,0.0,-0.4,250.0,,8927,0,251.0,252.0,244.0
2016-12-11,0.0,0.0,251.0,,15506,0,251.0,252.0,248.0
2016-12-08,0.0,-3.46,251.0,,6283,0,255.0,257.0,249.0
2016-12-07,0.0,0.39,260.0,,7991,0,259.0,264.0,255.0
2016-12-06,0.0,0.39,259.0,,7627,0,258.0,260.0,250.0
2016-12-05,0.0,-1.15,258.0,,7517,0,261.0,264.0,251.0
2016-12-04,0.0,-2.25,261.0,,23562,0,267.0,268.0,256.0
2016-12-01,0.0,0.75,267.0,,28307,0,270.0,273.0,255.0
2016-11-30,0.0,1.92,265.0,,13682,0,265.0,270.0,260.0
2016-11-29,0.0,1.17,260.0,,13035,0,262.0,265.0,250.0
2016-11-28,0.0,0.0,257.0,,13709,0,257.0,257.0,236.0
2016-11-27,0.0,-4.46,257.0,,13181,0,264.0,264.0,248.0
2016-11-24,0.0,-1.1,269.0,,13798,0,273.0,275.0,260.0
2016-11-23,0.0,-1.09,272.0,,10423,0,275.0,278.0,270.0
2016-11-22,0.0,0.36,275.0,,27376,0,271.0,279.0,269.0
2016-11-21,0.0,0.74,274.0,,13058,0,277.0,277.0,260.0
2016-11-20,0.0,-2.16,272.0,,24936,0,277.0,282.0,265.0
2016-11-17,0.0,-1.77,278.0,,18364,0,278.0,280.0,273.0
2016-11-16,0.0,0.71,283.0,,20539,0,282.0,290.0,277.0
2016-11-15,0.0,0.72,281.0,,43991,0,278.0,281.0,272.0
2016-11-14,0.0,0.72,279.0,,21791,0,276.0,284.0,268.0
2016-11-13,0.0,-1.77,277.0,,23973,0,280.0,281.0,270.0
2016-11-10,0.0,2.54,282.0,,24708,0,275.0,292.0,275.0
2016-11-09,0.0,-3.17,275.0,,22637,0,284.0,289.0,271.0
2016-11-08,0.0,1.43,284.0,,15000,0,280.0,285.0,278.0
2016-11-07,0.0,-1.41,280.0,,9702,0,285.0,285.0,278.0
2016-11-03,0.0,-0.7,284.0,,3562,0,285.0,286.0,280.0
2016-10-27,0.0,1.06,286.0,,13510,0,283.0,287.0,280.0
2016-10-26,0.0,-3.41,283.0,,14748,0,290.0,291.0,281.0
2016-10-25,0.0,-1.01,293.0,,10061,0,299.0,299.0,284.0
2016-10-24,0.0,-1.33,296.0,,6900,0,295.0,299.0,293.0
2016-10-23,0.0,0.67,300.0,,17264,0,300.0,300.0,294.0
2016-10-20,0.0,0.34,298.0,,16334,0,300.0,299.0,296.0
2016-10-19,0.0,-1.0,297.0,,20664,0,302.0,303.0,294.0
2016-10-18,0.0,0.33,300.0,,12086,0,299.0,300.0,291.0
2016-10-17,0.0,0.0,299.0,,8452,0,298.0,300.0,292.0
2016-10-16,0.0,-0.33,299.0,,16068,0,296.0,303.0,295.0
2016-10-06,0.0,0.0,300.0,,16601,0,304.0,305.0,298.0
2016-10-05,0.0,0.0,300.0,,11360,0,300.0,304.0,299.0
2016-10-04,0.0,-1.64,300.0,,12183,0,306.0,309.0,297.0
2016-10-03,0.0,-0.97,305.0,,7688,0,303.0,311.0,301.0
2016-10-02,0.0,3.7,308.0,,10053,0,300.0,310.0,295.0
2016-09-29,0.0,-1.33,297.0,,24587,0,301.0,302.0,297.0
2016-09-28,0.0,0.33,301.0,,19123,0,295.0,301.0,295.0
2016-09-27,0.0,0.67,300.0,,45477,0,298.0,303.0,295.0
2016-09-26,0.0,1.02,298.0,,20918,0,299.0,300.0,295.0
2016-09-25,0.0,-0.33,300.0,,22034,0,302.0,307.0,296.0
2016-09-22,0.0,-0.33,300.0,,22034,0,302.0,307.0,296.0
2016-09-21,0.0,0.67,301.0,,29742,0,302.0,303.0,295.0
2016-09-20,0.0,-1.97,299.0,,22726,0,308.0,306.0,298.0
2016-09-18,0.0,0.0,305.0,,28671,0,310.0,315.0,303.0
2016-09-14,0.0,-2.56,305.0,,33290,0,312.0,314.0,303.0
2016-09-12,0.0,-0.95,313.0,,31672,0,315.0,319.0,311.0
2016-09-11,0.0,-2.47,316.0,,28696,0,319.0,330.0,315.0
2016-09-08,0.0,0.93,324.0,,22517,0,320.0,329.0,317.0
2016-09-07,0.0,0.31,321.0,,13664,0,314.0,325.0,314.0
2016-09-06,0.0,-1.23,320.0,,23174,0,318.0,326.0,316.0
2016-09-05,0.0,1.25,324.0,,20849,0,320.0,324.0,312.0
2016-09-04,0.0,-1.54,320.0,,18682,0,325.0,325.0,317.0
2016-09-01,0.0,0.0,325.0,,19977,0,328.0,328.0,320.0
2016-08-31,0.0,-1.81,325.0,,18569,0,332.0,333.0,320.0
2016-08-30,0.0,1.53,331.0,,28564,0,326.0,338.0,326.0
2016-08-29,0.0,-1.51,326.0,,25024,0,333.0,334.0,321.0
2016-08-28,0.0,-1.19,331.0,,16833,0,336.0,346.0,330.0
2016-08-24,0.0,3.08,335.0,,20017,0,325.0,339.0,325.0
2016-08-23,0.0,-1.22,325.0,,29800,0,325.0,330.0,319.0
2016-08-22,0.0,-4.91,329.0,,30973,0,340.0,341.0,326.0
2016-08-21,0.0,-2.54,346.0,,14759,0,355.0,356.0,344.0
2016-08-17,0.0,1.43,355.0,,33053,0,350.0,357.0,345.0
2016-08-16,0.0,1.74,350.0,,36420,0,338.0,355.0,336.0
2016-08-15,0.0,-4.97,344.0,,36829,0,366.0,366.0,338.0
2016-08-14,0.0,-7.18,362.0,,49307,0,385.0,390.0,358.0
2016-08-11,0.0,-0.51,390.0,,34904,0,390.0,392.0,383.0
2016-08-10,0.0,-1.77,388.0,,44128,0,400.0,402.0,385.0
2016-08-09,0.0,7.05,395.0,,16573,0,376.0,397.0,376.0
2016-08-08,0.0,-5.38,369.0,,29440,0,390.0,387.0,369.0
2016-08-07,0.0,-0.26,390.0,,45554,0,391.0,410.0,390.0
2016-08-04,0.0,-2.98,391.0,,51130,0,403.0,417.0,389.0
2016-08-03,0.0,-0.49,403.0,,40746,0,405.0,410.0,400.0
2016-08-02,0.0,-0.74,405.0,,42066,0,408.0,416.0,400.0
2016-08-01,0.0,-0.97,408.0,,38734,0,412.0,417.0,407.0
2016-07-31,0.0,-0.96,412.0,,30489,0,416.0,420.0,410.0
2016-07-28,0.0,-2.12,416.0,,20633,0,425.0,425.0,415.0
2016-07-27,0.0,-1.16,425.0,,42012,0,430.0,435.0,418.0
2016-07-26,0.0,0.0,430.0,,53932,0,430.0,449.0,422.0
2016-07-25,0.0,4.88,430.0,,45118,0,410.0,432.0,405.0
2016-07-21,0.0,2.5,410.0,,49398,0,400.0,430.0,402.0
2016-07-20,0.0,-6.32,400.0,,107322,0,432.0,432.0,400.0
2016-07-19,0.0,-6.15,427.0,,139774,0,464.0,464.0,421.0
2016-07-18,0.0,-4.41,455.0,,165946,0,476.0,501.0,441.0
2016-07-17,0.0,9.93,476.0,,279518,0,433.0,476.0,424.0
2016-07-14,0.0,9.9,433.0,,383111,0,384.0,433.0,384.0
2016-07-13,0.0,9.75,394.0,,36508,0,359.0,394.0,366.0
2016-07-12,0.0,-3.36,359.0,,29034,0,,359.0,328.0
