DATE,CHANGE,CHANGE %,CLOSE,TURNOVER,VOLUME,TRADE,OPEN,HIGH,LOW
2026-05-08,9.8,1.1,899.8,10.06,1134,9,872.2,899.8,872.2
2026-05-07,-5.0,-0.56,890.0,4.39,496,13,872.6,898.0,872.3
2026-05-06,-5.0,-0.56,895.0,2.87,320,8,900.0,908.0,895.0
2026-05-05,2.0,0.22,900.0,15.19,1713,23,871.5,900.0,871.5
2026-05-04,9.0,1.01,898.0,9.63,1097,21,870.0,898.0,870.0
2026-04-30,12.9,1.47,889.0,6.68,762,24,900.0,900.0,873.0
2026-04-29,-4.2,-0.48,876.1,8.27,944,17,870.1,880.0,870.1
2026-04-28,0.0,0.0,880.3,6.29,716,15,880.3,881.0,878.2
2026-04-27,-19.7,-2.19,880.3,31.42,3555,45,900.0,923.9,873.0
2026-04-24,-7.0,-0.77,900.0,4.26,477,10,907.0,900.0,884.1
2026-04-23,-3.0,-0.33,907.0,4.36,485,11,920.0,920.0,885.2
2026-04-22,7.0,0.78,910.0,35.29,3998,62,881.0,910.0,868.0
2026-04-21,3.0,0.33,903.0,11.79,1316,12,877.0,903.0,877.0
2026-04-20,-15.0,-1.64,900.0,10.37,1156,18,897.2,905.0,893.5
2026-04-17,-3.0,-0.33,915.0,12.61,1398,20,900.4,918.0,900.0
2026-04-16,4.0,0.44,918.0,23.57,2591,23,923.0,923.0,906.1
2026-04-15,-10.9,-1.18,914.0,10.72,1153,28,920.0,943.0,912.1
2026-04-13,-0.1,-0.01,924.9,33.67,3692,25,935.0,936.0,909.0
2026-04-10,-8.0,-0.86,925.0,15.76,1733,24,918.0,929.0,900.0
2026-04-09,14.0,1.52,933.0,13.18,1438,33,932.0,936.0,906.0
2026-04-08,20.0,2.22,919.0,29.64,3265,46,899.0,919.0,899.0
2026-04-07,-3.0,-0.33,899.0,7.42,824,33,905.0,919.8,895.0
2026-04-06,5.0,0.56,902.0,39.82,4396,49,914.9,914.9,885.0
2026-04-05,-26.0,-2.82,897.0,,13238,79,904.6,912.0,885.0
2026-04-02,3.0,0.33,923.0,10.3,1128,34,918.5,925.0,907.1
2026-04-01,-20.0,-2.13,920.0,41.09,4471,53,928.0,938.1,910.0
2026-03-31,10.0,1.08,940.0,25.83,2777,46,916.0,944.6,915.5
2026-03-30,-8.0,-0.85,930.0,85.35,9185,75,921.0,956.0,910.0
2026-03-29,-30.0,-3.1,938.0,70.52,7419,82,985.0,985.0,938.0
2026-03-26,8.0,0.83,968.0,32.51,3394,45,947.6,979.2,947.6
2026-03-25,-34.0,-3.42,960.0,,15125,119,994.0,994.0,959.6
2026-03-24,7.0,0.71,994.0,32.15,3239,53,970.0,1005.0,970.0
2026-03-23,16.9,1.74,987.0,,17932,204,989.5,998.0,970.0
2026-03-22,20.1,2.12,970.1,,14686,176,960.0,998.9,955.2
2026-03-19,2.5,0.26,950.0,36.57,3859,63,949.5,955.0,931.2
2026-03-17,1.5,0.16,947.5,14.58,1552,23,930.2,947.5,930.2
2026-03-16,5.9,0.63,946.0,25.76,2732,44,941.0,950.0,930.2
2026-03-15,-9.9,-1.04,940.1,59.77,6338,42,955.0,955.0,935.0
2026-03-12,6.0,0.64,950.0,,33591,35,944.0,953.9,929.0
2026-03-11,-6.0,-0.63,944.0,29.69,3163,58,941.0,950.0,931.0
2026-03-10,1.4,0.15,950.0,85.23,9030,89,967.5,970.0,930.0
2026-03-09,18.6,2.0,948.6,,10,1,948.6,948.6,948.6
2026-03-03,10.0,1.09,930.0,17.1,1852,18,930.0,930.0,911.4
2026-03-01,0.0,0.0,920.0,28.2,3087,30,918.0,920.0,903.3
2026-02-26,11.9,1.31,920.0,15.63,1708,35,905.0,920.0,905.0
2026-02-25,-6.9,-0.75,908.1,7.32,803,26,901.3,929.0,901.3
2026-02-24,11.0,1.22,915.0,25.73,2835,31,904.0,915.0,903.0
2026-02-23,-7.0,-0.77,904.0,18.63,2051,17,893.0,919.9,893.0
2026-02-22,5.9,0.65,911.0,15.1,1674,22,900.7,911.5,900.5
2026-02-17,4.1,0.46,905.1,89.9,9740,66,892.5,937.3,892.5
2026-02-16,-4.0,-0.44,901.0,1.78,198,12,905.0,905.0,900.0
2026-02-12,0.0,0.0,905.0,20.13,2234,20,900.0,909.0,892.4
2026-02-11,-4.0,-0.44,905.0,9.65,1076,27,925.9,925.9,891.2
2026-02-10,-1.0,-0.11,909.0,18.71,2082,33,910.0,910.0,896.2
2026-02-09,0.0,0.0,910.0,48.07,5301,36,910.0,910.0,900.1
2026-02-08,-20.0,-2.15,910.0,41.23,4485,52,930.0,940.0,906.0
2026-02-05,10.0,1.09,930.0,16.08,1752,28,930.0,930.0,915.5
2026-02-04,-3.9,-0.42,920.0,16.99,1855,29,906.5,925.0,906.5
2026-02-03,5.9,0.64,923.9,19.35,2111,27,905.0,923.9,905.0
2026-02-02,4.0,0.44,918.0,21.15,2290,30,930.0,932.0,916.4
2026-02-01,-4.1,-0.45,914.0,35.24,3871,40,907.0,915.0,907.0
2026-01-29,-3.4,-0.37,918.1,28.68,3120,39,929.0,929.0,916.0
2026-01-28,-3.5,-0.38,921.5,38.01,4115,39,925.0,938.0,921.5
2026-01-27,-13.9,-1.48,925.0,45.59,4918,52,922.1,935.0,922.0
2026-01-26,-0.5,-0.05,938.9,45.33,4832,48,940.0,943.0,926.2
2026-01-25,24.4,2.67,939.4,34.41,3686,29,933.3,939.8,922.0
2026-01-22,1.3,0.14,915.0,7.76,845,7,910.0,922.0,910.0
2026-01-21,-18.3,-1.96,913.7,18.65,2026,27,940.0,940.0,913.5
2026-01-20,19.0,2.08,932.0,23.95,2569,30,906.0,940.0,906.0
2026-01-18,24.9,2.8,913.0,22.53,2485,33,900.0,914.5,900.0
2026-01-14,-5.4,-0.6,888.1,4.64,523,11,884.0,888.2,884.0
2026-01-13,-6.5,-0.72,893.5,10.39,1154,16,886.0,905.0,886.0
2026-01-12,-2.7,-0.3,900.0,38.84,4260,67,888.1,943.0,888.1
2026-01-08,2.7,0.3,902.7,5.77,648,19,900.0,903.0,886.0
2026-01-07,19.0,2.16,900.0,17.76,1986,24,881.0,900.0,881.0
2026-01-06,-6.5,-0.73,881.0,16.58,1887,22,905.0,905.0,876.0
2026-01-05,12.5,1.43,887.5,30.57,3489,33,889.9,889.9,868.0
2026-01-04,2.99,0.34,875.0,16.22,1861,29,875.0,877.0,870.0
2026-01-01,-14.0,-1.48,930.0,45.67,4909,45,935.0,938.0,926.8
2025-12-31,15.0,1.61,944.0,21.63,2305,26,934.9,944.5,923.1
2025-12-29,4.0,0.43,929.0,32.98,3581,25,940.0,940.0,917.5
2025-12-28,7.6,0.83,925.0,22.46,2425,30,917.4,933.0,917.4
2025-12-24,-9.6,-1.04,917.4,21.65,2342,12,911.1,929.5,911.1
2025-12-23,-1.0,-0.11,927.0,15.64,1701,18,910.0,928.0,910.0
2025-12-22,1.0,0.11,928.0,11.76,1275,24,915.0,929.0,909.0
2025-12-21,1.9,0.21,927.0,1.92,210,14,925.1,927.0,915.3
2025-12-18,-14.9,-1.59,925.1,7.0,757,11,930.0,930.0,925.1
2025-12-17,-12.0,-1.26,940.0,4.7,500,14,945.0,949.5,932.1
2025-12-16,36.7,4.01,952.0,57.99,6166,40,925.0,952.0,919.0
2025-12-15,-4.7,-0.51,915.3,57.35,6262,46,910.2,930.0,908.0
2025-12-14,-6.0,-0.65,920.0,3.64,399,9,915.0,920.0,911.1
2025-12-11,11.0,1.2,926.0,12.08,1324,34,915.0,926.0,906.3
2025-12-10,-8.0,-0.87,915.0,18.63,2032,20,922.0,922.0,915.0
2025-12-09,5.0,0.54,923.0,32.13,3469,26,905.8,930.0,905.2
2025-12-08,5.0,0.55,918.0,29.21,3208,39,900.0,918.0,900.0
2025-12-07,1.0,0.11,913.0,29.03,3196,47,912.0,920.0,903.0
2025-12-03,-13.0,-1.41,912.0,25.89,2827,45,908.0,935.0,908.0
2025-12-02,4.0,0.43,925.0,34.64,3778,43,911.1,930.0,910.0
2025-12-01,11.0,1.21,921.0,18.09,1976,37,921.0,924.0,908.0
2025-11-30,-30.0,-3.19,910.0,55.01,5938,72,938.0,950.0,908.0
2025-11-27,-13.0,-1.36,940.0,29.38,3140,28,941.0,941.0,934.0
2025-11-26,4.0,0.42,953.0,33.12,3507,34,949.0,953.0,940.0
2025-11-25,12.0,1.28,949.0,29.17,3094,57,937.0,951.0,925.1
2025-11-24,17.0,1.85,937.0,18.31,1955,41,930.0,942.0,923.4
2025-11-23,20.4,2.27,920.0,51.38,5605,63,900.0,942.0,900.0
2025-11-20,4.6,0.51,899.6,12.71,1425,31,882.5,899.9,882.5
2025-11-19,-5.0,-0.56,895.0,9.16,1025,10,909.0,910.0,890.2
2025-11-18,5.0,0.56,900.0,14.89,1658,25,895.3,900.0,895.3
2025-11-17,12.5,1.42,895.0,21.77,2457,24,878.0,895.0,878.0
2025-11-16,-2.5,-0.28,882.5,5.05,573,8,883.0,883.0,880.0
2025-11-13,-16.0,-1.78,885.0,1.73,196,15,883.0,890.0,883.0
2025-11-12,-2.9,-0.32,901.0,7.85,884,13,890.0,901.0,888.0
2025-11-11,3.0,0.33,903.9,14.77,1663,20,890.0,906.8,883.0
2025-11-10,-3.1,-0.34,900.9,8.26,929,24,900.1,900.9,883.0
2025-11-09,-9.5,-1.04,904.0,26.64,2986,34,901.1,904.0,890.0
2025-11-06,3.5,0.38,913.5,28.39,3135,46,893.1,938.2,892.0
2025-11-05,20.0,2.25,910.0,22.16,2463,31,895.0,910.0,893.5
2025-11-04,-15.0,-1.66,890.0,16.25,1817,30,906.0,906.0,890.0
2025-11-03,-12.1,-1.32,905.0,33.4,3675,42,934.0,934.0,903.0
2025-11-02,7.1,0.78,917.1,19.4,2109,24,915.0,930.0,915.0
2025-10-30,29.0,3.29,910.0,31.32,3465,50,875.0,920.0,875.0
2025-10-29,-28.0,-3.08,881.0,11.58,1289,17,911.1,911.1,881.0
2025-10-28,33.0,3.77,909.0,12.26,1372,31,860.1,909.0,860.0
2025-10-26,6.9,0.79,876.0,37.3,4348,35,856.0,876.0,837.0
2025-10-19,0.1,0.01,869.1,13.56,1550,24,885.0,902.5,867.3
2025-10-16,-30.0,-3.34,869.0,20.34,2324,36,904.9,905.0,864.0
2025-10-15,-1.0,-0.11,899.0,6.45,718,21,918.0,918.0,884.1
2025-10-14,-23.0,-2.49,900.0,30.79,3441,49,905.0,923.0,887.2
2025-10-13,-6.5,-0.7,923.0,46.98,5243,60,911.0,929.0,887.1
2025-10-12,-0.5,-0.05,929.5,67.51,7572,68,930.0,948.0,876.0
2025-10-09,0.0,0.0,930.0,31.5,3341,29,948.6,982.0,930.0
2025-10-08,-28.0,-2.92,930.0,43.17,4607,41,960.0,960.0,925.0
2025-10-07,-21.8,-2.22,958.0,48.19,5064,36,968.0,968.0,941.0
2025-09-28,7.8,0.8,979.8,19.43,2002,18,985.0,985.0,965.3
2025-09-25,3.0,0.31,972.0,7.3,762,14,950.0,974.0,950.0
2025-09-24,16.0,1.68,969.0,33.23,3469,37,960.0,979.0,942.2
2025-09-23,-10.0,-1.04,953.0,44.77,4685,51,976.0,977.0,945.7
2025-09-21,26.0,2.77,963.0,25.77,2743,57,919.0,965.0,919.0
2025-09-18,-10.94,-1.15,937.0,,10,1,937.0,937.0,937.0
2025-09-08,-7.98,-0.83,947.94,19.37,2038,36,955.92,960.0,944.1
2025-09-07,12.5,1.32,955.92,20.07,2096,35,961.0,966.0,944.2
2025-09-04,-12.89,-1.35,943.42,18.54,1950,37,937.2,971.0,937.2
2025-09-03,-11.33,-1.17,956.31,21.96,2274,42,975.0,986.1,953.1
2025-09-02,-13.39,-1.36,967.64,15.13,1561,29,981.03,985.0,965.1
2025-09-01,2.67,0.27,981.03,33.29,3427,45,979.0,989.0,961.8
2025-08-31,-23.68,-2.36,978.36,42.33,4312,62,986.1,1000.0,977.7
2025-08-28,-8.27,-0.82,1002.04,41.65,4160,74,1010.0,1014.0,990.0
2025-08-27,29.31,2.99,1010.31,93.04,9295,107,988.0,1028.1,976.0
2025-08-26,-7.77,-0.79,981.0,10.68,1091,39,978.0,991.0,976.0
2025-08-25,9.36,0.96,988.77,76.97,7771,80,995.0,1010.0,983.1
2025-08-24,-9.17,-0.93,979.41,33.45,3412,34,999.0,999.0,978.1
2025-08-21,7.38,0.75,988.58,21.34,2163,31,961.6,1018.0,961.6
2025-08-20,-7.43,-0.75,981.2,28.94,2940,51,970.1,990.0,970.1
2025-08-19,0.17,0.02,988.63,19.73,1977,30,968.7,1002.0,968.7
2025-08-18,-5.7,-0.57,988.46,31.36,3164,65,974.3,1005.0,974.3
2025-08-17,-23.36,-2.3,994.16,85.3,8537,114,1013.0,1015.0,988.0
2025-08-14,12.4,1.23,1017.52,56.41,5551,81,1025.2,1029.9,1010.1
2025-08-13,-18.47,-1.8,1005.12,58.31,5771,81,1003.2,1034.0,1000.0
2025-08-12,-16.93,-1.63,1023.59,76.88,7461,77,1020.0,1045.0,1020.0
2025-08-11,-15.79,-1.49,1040.52,70.75,6739,71,1074.0,1074.0,1040.1
2025-08-07,3.01,0.29,1056.31,81.54,7690,114,1065.0,1070.0,1051.8
2025-08-06,26.23,2.55,1053.3,,11228,154,1006.6,1075.0,1006.6
2025-08-05,-8.45,-0.82,1027.07,79.35,7642,114,1056.0,1056.0,1020.0
2025-08-04,9.64,0.94,1035.52,68.24,6668,116,1005.4,1046.0,1005.0
2025-08-03,-25.32,-2.41,1025.88,,10038,126,1050.0,1068.0,1025.0
2025-07-31,-4.43,-0.42,1051.2,,16228,192,1060.0,1081.2,1040.2
2025-07-30,-10.33,-0.97,1055.63,,34531,415,1087.2,1100.0,1050.0
2025-07-29,27.94,2.69,1065.96,,22734,237,1058.7,1085.0,1055.0
2025-07-28,5.73,0.56,1038.02,,11325,149,1027.3,1046.0,1012.0
2025-07-27,-16.01,-1.53,1032.29,,16836,179,1069.2,1073.0,1030.0
2025-07-24,-0.42,-0.04,1048.3,71.53,6812,103,1043.1,1063.0,1043.1
2025-07-23,-11.04,-1.04,1048.72,91.45,8673,110,1040.1,1072.0,1040.1
2025-07-22,39.68,3.89,1059.76,,24812,235,1040.0,1080.0,1040.0
2025-07-21,3.95,0.39,1020.08,69.75,6907,88,997.0,1025.0,996.0
2025-07-20,-12.98,-1.26,1016.13,66.8,6469,108,1047.9,1047.9,1011.5
2025-07-17,13.81,1.36,1029.11,76.42,7428,111,1015.0,1038.6,1011.1
2025-07-16,9.06,0.9,1015.3,41.39,4074,58,1000.1,1022.0,1000.1
2025-07-15,18.09,1.83,1006.24,31.95,3186,47,988.0,1008.0,988.0
2025-07-14,-20.35,-2.02,988.15,24.34,2460,48,1008.0,1008.0,985.3
2025-07-13,23.37,2.37,1008.5,,11951,111,1004.8,1020.0,990.0
2025-07-10,10.69,1.1,985.13,41.74,4245,66,989.6,989.6,970.1
2025-07-09,13.12,1.36,974.44,26.05,2678,42,970.0,978.0,960.3
2025-07-08,-0.98,-0.1,961.32,18.2,1893,30,965.0,965.0,956.1
2025-07-07,-10.06,-1.03,962.3,9.64,1002,24,978.0,978.0,958.5
2025-07-06,4.13,0.43,972.36,20.13,2077,39,955.0,975.0,955.0
2025-07-03,-1.75,-0.18,968.23,30.82,3191,44,970.0,979.0,951.0
2025-07-02,-0.85,-0.09,969.98,50.07,5167,59,973.0,983.5,962.0
2025-07-01,40.01,4.3,970.83,,11181,140,932.0,979.0,925.3
2025-06-30,8.83,0.96,930.82,17.98,1936,38,925.3,939.9,925.1
2025-06-29,14.67,1.62,921.99,20.02,2179,39,925.4,925.4,908.0
2025-06-26,-1.78,-0.2,907.32,33.37,3689,42,910.0,918.0,901.0
2025-06-25,-5.09,-0.56,909.1,11.69,1286,20,914.19,914.19,907.0
2025-06-24,-0.6,-0.07,914.19,16.96,1849,24,932.9,932.9,911.0
2025-06-23,-4.11,-0.45,914.79,25.12,2763,51,920.0,935.0,900.0
2025-06-22,-7.5,-0.81,918.9,37.39,4055,45,920.0,926.0,917.2
2025-06-19,-10.35,-1.1,926.4,43.31,4656,42,937.0,937.0,923.0
2025-06-18,-11.88,-1.25,936.75,17.62,1879,29,940.1,940.1,935.0
2025-06-17,12.09,1.29,948.63,37.21,3927,73,930.1,961.9,922.4
2025-06-16,16.54,1.8,936.54,17.28,1854,41,923.0,938.0,922.0
2025-06-15,-7.38,-0.8,920.0,38.22,4140,57,930.0,932.0,917.0
2025-06-12,-4.55,-0.49,927.38,42.56,4578,56,930.0,935.0,925.0
2025-06-11,-17.4,-1.83,931.93,31.98,3421,45,968.0,968.0,927.2
2025-06-10,6.83,0.72,949.33,14.12,1498,16,945.0,950.0,932.0
2025-06-09,19.21,2.08,942.5,5.36,573,18,941.0,945.0,925.0
2025-06-08,-12.02,-1.29,923.29,19.89,2151,37,954.0,954.0,921.0
2025-06-05,-1.35,-0.14,935.31,16.94,1808,37,922.0,949.0,922.0
2025-06-04,-22.64,-2.36,936.66,30.34,3219,50,950.0,950.0,936.0
2025-06-03,-16.7,-1.71,959.3,12.83,1339,28,970.0,985.0,951.0
2025-06-02,3.5,0.36,976.0,21.11,2150,35,991.0,998.0,976.0
2025-05-28,4.6,0.48,972.5,15.07,1559,29,980.0,980.0,960.4
2025-05-27,-19.46,-1.97,967.9,36.55,3775,57,987.36,987.36,951.0
2025-05-26,-25.24,-2.49,987.36,80.78,7988,109,1032.8,1032.8,985.1
2025-05-25,27.27,2.77,1012.6,,12383,191,987.0,1024.9,987.0
2025-05-22,35.25,3.71,985.33,,10773,132,963.9,994.0,950.0
2025-05-21,-8.7,-0.91,950.08,33.29,3467,60,977.9,978.0,947.0
2025-05-20,12.38,1.31,958.78,30.56,3208,47,930.1,962.0,930.0
2025-05-19,2.0,0.21,946.4,20.1,2114,36,960.0,960.0,946.0
2025-05-18,17.1,1.84,944.4,20.82,2202,36,927.3,955.7,927.3
2025-05-15,2.13,0.23,927.3,5.7,611,20,925.17,943.6,925.17
2025-05-14,-10.35,-1.11,925.17,28.72,3100,35,941.0,941.0,924.0
2025-05-13,-3.42,-0.36,935.52,22.43,2405,36,935.1,937.2,925.0
2025-05-11,-1.14,-0.12,938.94,21.89,2331,42,924.0,950.0,922.0
2025-05-08,-5.89,-0.62,940.08,32.11,3410,45,942.0,957.0,940.0
2025-05-07,19.07,2.06,945.97,37.56,3969,52,943.9,957.0,928.0
2025-05-06,2.51,0.27,926.9,37.88,4117,78,924.0,930.0,910.0
2025-05-05,-5.16,-0.56,924.39,16.84,1816,35,948.0,948.0,920.1
2025-05-04,0.04,0.0,929.55,37.28,4008,67,925.0,938.6,925.0
2025-04-30,-16.69,-1.76,929.51,48.48,5200,68,950.0,955.9,927.3
2025-04-29,3.73,0.4,946.2,22.43,2384,32,940.1,957.3,934.0
2025-04-28,-11.34,-1.19,942.47,48.48,5110,62,955.0,959.9,941.0
2025-04-27,7.96,0.84,953.81,43.76,4609,60,945.85,964.7,945.1
2025-04-24,-4.77,-0.5,945.85,27.56,2910,40,950.0,962.9,942.2
2025-04-23,-12.02,-1.25,950.62,24.79,2609,25,952.0,960.0,950.0
2025-04-22,0.18,0.02,962.64,15.49,1606,20,970.0,970.0,962.2
2025-04-21,1.83,0.19,962.46,6.17,642,19,958.5,970.0,958.5
2025-04-20,-13.43,-1.38,960.63,22.75,2363,38,966.2,971.1,959.3
2025-04-17,5.58,0.58,974.06,46.89,4818,47,975.0,983.0,961.1
2025-04-16,0.59,0.06,968.48,16.41,1697,23,958.0,980.0,958.0
2025-04-15,7.9,0.82,967.89,25.28,2605,39,942.0,980.0,942.0
2025-04-13,3.45,0.36,959.99,5.17,540,19,950.0,969.9,950.0
2025-04-10,-2.14,-0.22,956.54,62.25,6526,77,970.0,976.0,946.0
2025-04-09,-3.32,-0.35,958.68,15.03,1561,33,981.0,981.0,951.0
2025-04-08,6.68,0.7,962.0,25.53,2690,50,951.0,968.0,941.7
2025-04-07,-15.55,-1.6,955.32,47.87,5004,57,989.8,989.9,950.8
2025-04-03,-8.38,-0.86,970.87,19.37,1971,42,997.0,997.0,970.0
2025-04-02,6.55,0.67,979.25,20.37,2084,50,960.0,989.0,960.0
2025-04-01,-14.3,-1.45,972.7,43.69,4494,64,1000.0,1000.0,960.1
2025-03-30,-11.22,-1.12,987.0,42.65,4284,72,995.5,1018.0,985.0
2025-03-27,47.87,5.04,998.22,87.78,8988,106,961.0,1016.0,950.2
2025-03-26,8.36,0.89,950.35,22.73,2382,33,960.0,960.0,941.0
2025-03-25,-23.27,-2.41,941.99,77.17,8159,61,975.0,975.0,940.5
2025-03-24,13.51,1.42,965.26,33.72,3504,52,970.7,970.7,953.0
2025-03-23,-17.65,-1.82,951.75,50.78,5299,72,970.0,970.0,950.0
2025-03-20,-2.5,-0.26,969.4,18.6,1923,38,989.0,989.0,960.1
2025-03-19,-3.1,-0.32,971.9,22.4,2286,39,993.0,993.0,963.1
2025-03-18,-20.9,-2.1,975.0,22.48,2291,41,990.0,994.0,975.0
2025-03-17,28.9,2.99,995.9,41.91,4291,93,951.0,1014.0,950.0
2025-03-16,-33.0,-3.3,967.0,53.07,5446,78,988.3,989.9,966.0
2025-03-12,-1.1,-0.11,1000.0,60.38,6058,70,1005.0,1020.0,988.0
2025-03-11,-18.9,-1.85,1001.1,57.15,5667,72,1030.0,1039.0,1001.0
2025-03-10,-15.0,-1.45,1020.0,65.91,6402,80,1055.7,1055.7,1020.0
2025-03-09,-30.0,-2.82,1035.0,64.94,6255,72,1056.0,1063.9,1035.0
2025-03-06,-34.6,-3.15,1065.0,79.94,7512,119,1078.0,1078.0,1057.0
2025-03-05,47.7,4.53,1099.6,,18243,125,1045.1,1099.6,1040.2
2025-03-04,-0.1,-0.01,1051.9,99.72,9555,124,1045.0,1070.0,1035.0
2025-03-03,-27.0,-2.5,1052.0,,15893,175,1098.0,1099.0,1050.3
2025-03-02,-2.0,-0.19,1079.0,,10529,107,1090.5,1100.0,1078.0
2025-02-27,8.0,0.75,1081.0,,12318,123,1094.4,1122.0,1066.7
2025-02-25,2.0,0.19,1073.0,61.53,5720,76,1075.0,1081.5,1066.0
2025-02-24,-16.0,-1.47,1071.0,74.75,6932,88,1087.0,1100.0,1066.0
2025-02-23,5.0,0.46,1087.0,,17971,157,1060.4,1096.0,1055.0
2025-02-20,9.9,0.92,1082.0,,9786,134,1085.0,1089.0,1070.0
2025-02-18,-16.2,-1.49,1072.1,,12749,201,1109.0,1109.0,1067.0
2025-02-17,13.3,1.24,1088.3,,32386,309,1093.8,1134.0,1085.0
2025-02-16,44.7,4.34,1075.0,,14956,185,1050.9,1079.9,1031.1
2025-02-13,-4.8,-0.46,1030.3,45.23,4375,69,1038.0,1044.9,1030.0
2025-02-12,-0.9,-0.09,1035.1,74.1,7153,61,1035.0,1048.0,1033.0
2025-02-11,-3.9,-0.38,1036.0,96.23,9205,100,1049.8,1055.0,1036.0
2025-02-10,12.7,1.24,1039.9,60.64,5843,100,1045.0,1052.0,1031.0
2025-02-09,-12.8,-1.23,1027.2,75.11,7256,97,1060.0,1060.0,1026.0
2025-02-06,-25.8,-2.42,1040.0,,13741,187,1045.0,1055.0,1032.4
2025-02-05,-5.2,-0.49,1065.8,,15980,188,1086.9,1086.9,1036.5
2025-02-04,-23.0,-2.1,1071.0,,11463,174,1100.0,1110.0,1045.0
2025-02-03,-9.0,-0.82,1094.0,,19978,300,1110.0,1140.0,1068.2
2025-02-02,78.0,7.61,1103.0,,35604,428,1044.9,1104.9,1039.0
2025-01-28,58.0,6.0,1025.0,,29992,407,986.3,1063.0,986.3
2025-01-27,-13.0,-1.33,967.0,79.74,8171,100,998.5,998.5,960.0
2025-01-26,20.0,2.08,980.0,,12706,164,977.0,997.9,961.1
2025-01-23,4.0,0.42,960.0,50.85,5333,52,974.9,974.9,948.3
2025-01-22,14.0,1.49,956.0,52.38,5481,71,932.0,968.9,932.0
2025-01-21,-24.8,-2.57,942.0,49.66,5225,52,951.5,965.0,942.0
2025-01-20,11.9,1.25,966.8,24.0,2496,42,970.0,970.0,952.0
2025-01-19,4.9,0.52,954.9,27.81,2941,49,968.0,968.0,941.2
2025-01-16,7.0,0.74,950.0,76.37,8049,63,945.1,960.0,941.1
2025-01-15,0.0,0.0,943.0,21.93,2312,46,961.0,979.0,943.0
2025-01-13,-26.1,-2.69,943.0,62.86,6625,101,970.1,971.0,940.0
2025-01-12,-21.9,-2.21,969.1,38.16,3916,65,975.0,992.9,969.0
2025-01-09,-14.8,-1.47,991.0,68.37,6910,70,1010.0,1010.0,981.0
2025-01-08,15.8,1.6,1005.8,,17764,213,1009.8,1024.0,992.0
2025-01-07,13.0,1.33,990.0,,10833,134,977.0,1013.0,976.0
2025-01-06,23.0,2.41,977.0,57.9,5977,111,940.0,979.0,937.0
2025-01-05,23.0,2.47,954.0,57.36,6090,80,935.0,954.0,932.0
2025-01-02,-17.9,-1.89,931.0,48.26,5146,64,963.0,963.0,930.0
2025-01-01,-10.1,-1.05,948.9,58.27,6156,73,940.0,978.1,939.9
2024-12-31,-1.0,-0.1,959.0,56.93,5986,77,964.0,970.0,940.8
2024-12-29,12.0,1.27,960.0,87.7,9046,127,948.0,1003.0,948.0
2024-12-26,4.0,0.42,948.0,25.1,2688,54,925.2,960.0,925.2
2024-12-24,14.0,1.51,944.0,30.44,3231,52,945.0,960.0,922.1
2024-12-23,5.0,0.54,930.0,35.67,3868,47,920.0,937.0,919.0
2024-12-22,-13.0,-1.39,925.0,68.6,7423,79,934.0,937.0,911.6
2024-12-19,-11.8,-1.24,938.0,28.02,3000,50,949.8,950.0,931.0
2024-12-18,-0.2,-0.02,949.8,24.35,2560,46,969.0,969.0,937.2
2024-12-17,0.0,0.0,950.0,34.83,3673,61,937.0,960.0,937.0
2024-12-16,-21.1,-2.17,950.0,48.25,5108,80,971.0,971.0,935.0
2024-12-12,-36.9,-3.66,971.1,58.62,5953,91,990.3,1004.0,971.0
2024-12-11,6.1,0.61,1008.0,9.55,957,32,1019.0,1019.0,990.0
2024-12-10,28.9,2.97,1001.9,,15559,162,980.0,1032.0,965.0
2024-12-09,18.0,1.88,973.0,38.45,3968,64,974.0,993.3,960.0
2024-12-08,-14.0,-1.44,955.0,66.52,6910,90,964.0,979.0,952.2
2024-12-05,-15.0,-1.52,969.0,55.73,5721,107,1000.0,1000.0,964.0
2024-12-04,-16.0,-1.6,984.0,52.28,5281,93,999.0,1008.0,981.0
2024-12-03,1.0,0.1,1000.0,63.88,6417,89,1000.0,1011.0,987.0
2024-12-02,-23.0,-2.25,999.0,95.11,9471,144,1011.0,1025.0,990.0
2024-12-01,-8.0,-0.78,1022.0,94.77,9271,108,1012.0,1040.0,1009.0
2024-11-28,-7.9,-0.76,1030.0,76.63,7470,105,1030.0,1049.9,1018.0
2024-11-27,30.9,3.07,1037.9,92.5,9003,136,1007.0,1042.0,1007.0
2024-11-26,-2.0,-0.2,1007.0,27.6,2730,55,1011.0,1024.0,1003.4
2024-11-25,-11.0,-1.08,1009.0,52.42,5252,85,1035.0,1035.0,990.0
2024-11-24,0.0,0.0,1020.0,79.42,7733,123,1035.0,1049.9,1010.0
2024-11-21,-0.2,-0.02,1020.0,,22569,219,1040.0,1065.0,1014.5
2024-11-20,-14.8,-1.43,1020.2,59.78,5809,93,1027.0,1042.0,1020.0
2024-11-19,-15.0,-1.43,1035.0,,25870,274,1064.0,1080.0,1031.0
2024-11-17,43.0,4.27,1050.0,,40892,420,1027.1,1070.0,1027.1
2024-11-14,13.0,1.31,1007.0,,10934,145,1010.0,1020.0,995.0
2024-11-13,-6.0,-0.6,994.0,36.95,3681,69,1000.0,1018.0,994.0
2024-11-12,-23.0,-2.25,1000.0,59.11,5796,80,1027.0,1039.0,995.0
2024-11-11,44.0,4.49,1023.0,,16314,217,985.0,1030.0,983.0
2024-11-10,11.0,1.14,979.0,70.09,7225,112,956.0,979.0,956.0
2024-11-06,-2.0,-0.21,968.0,67.17,6988,72,965.0,973.0,950.0
2024-11-05,1.2,0.12,970.0,31.44,3287,59,955.0,976.0,952.0
2024-10-30,0.8,0.08,968.8,22.33,2330,46,948.7,986.0,948.7
2024-10-29,-11.0,-1.12,968.0,,17153,188,960.4,970.0,950.0
2024-10-28,0.9,0.09,979.0,80.73,8322,107,989.9,989.9,961.0
2024-10-27,-15.9,-1.6,978.1,,11101,131,1012.0,1013.0,961.4
2024-10-24,-16.0,-1.58,994.0,,12782,172,1014.0,1035.1,975.0
2024-10-23,-10.0,-0.98,1010.0,63.5,6289,126,1006.0,1061.2,980.0
2024-10-22,14.0,1.39,1020.0,85.81,8530,151,1026.0,1067.0,975.0
2024-10-21,-49.0,-4.64,1006.0,,12832,188,1035.0,1040.0,994.7
2024-10-20,59.0,5.92,1055.0,,34351,508,976.1,1065.0,954.0
2024-10-17,45.0,4.73,996.0,,21132,315,968.0,1020.0,968.0
2024-10-16,36.0,3.93,951.0,59.8,6362,101,916.0,953.9,916.0
2024-10-15,23.0,2.58,915.0,19.35,2132,29,909.8,915.0,903.2
2024-10-09,-6.0,-0.67,892.0,39.18,4375,34,885.0,900.1,885.0
2024-10-08,-3.2,-0.36,898.0,39.0,4379,65,901.5,907.9,885.0
2024-10-07,1.2,0.13,901.2,43.54,4804,84,914.9,918.0,900.0
2024-10-06,14.0,1.58,900.0,41.9,4664,57,903.7,903.9,884.0
2024-10-02,-23.8,-2.62,886.0,84.76,9525,134,909.0,909.0,873.0
2024-10-01,59.8,7.04,909.8,74.6,8461,111,866.8,909.8,858.0
2024-09-30,33.0,4.04,850.0,50.73,6064,76,830.0,850.0,820.0
2024-09-29,-17.0,-2.04,817.0,40.42,4905,77,850.4,850.4,817.0
2024-09-26,-35.5,-4.08,834.0,63.44,7425,114,860.1,880.0,833.0
2024-09-25,6.5,0.75,869.5,65.34,7649,111,854.0,886.0,826.0
2024-09-24,-17.0,-1.93,863.0,66.33,7676,82,863.3,892.7,850.1
2024-09-23,-25.0,-2.76,880.0,,14325,174,900.2,912.0,869.3
2024-09-22,-21.0,-2.27,905.0,,16105,217,907.5,999.0,899.0
2024-09-18,-16.0,-1.7,926.0,97.17,10372,136,944.0,952.0,925.0
2024-09-16,-24.0,-2.48,942.0,,18398,197,947.0,965.0,916.0
2024-09-15,-14.0,-1.43,966.0,,11938,196,980.1,1014.9,958.4
2024-09-12,28.3,2.97,980.0,,13893,181,967.0,987.0,965.1
2024-09-11,-31.3,-3.18,951.7,,17632,248,972.5,991.9,951.7
2024-09-10,-17.1,-1.71,983.0,74.87,7575,142,1019.0,1019.0,975.0
2024-09-09,-44.9,-4.3,1000.1,,17166,215,1050.0,1050.0,990.0
2024-09-08,25.0,2.45,1045.0,,29495,433,1030.0,1091.0,1030.0
2024-09-05,33.0,3.34,1020.0,,27850,302,998.0,1076.0,976.0
2024-09-04,-17.0,-1.69,987.0,,17275,231,1024.0,1040.0,973.0
2024-09-03,9.0,0.9,1004.0,,11606,172,1005.0,1034.2,1000.0
2024-09-02,7.0,0.71,995.0,,20182,208,1004.0,1010.0,980.1
2024-09-01,-52.0,-5.0,988.0,,16910,224,1059.0,1060.0,981.0
2024-08-29,-41.9,-3.87,1040.0,,11420,190,1081.9,1086.0,1040.0
2024-08-28,-22.9,-2.07,1081.9,,14896,205,1126.8,1126.8,1066.3
2024-08-27,20.8,1.92,1104.8,,20963,244,1105.0,1105.0,1045.0
2024-08-25,24.0,2.26,1084.0,,31490,379,1061.1,1132.0,1042.2
2024-08-22,-24.0,-2.21,1060.0,,14939,203,1069.0,1079.0,1056.0
2024-08-21,-38.0,-3.39,1084.0,,15009,226,1122.0,1122.0,1066.3
2024-08-18,-20.4,-1.79,1122.0,,30410,387,1142.4,1145.0,1078.0
2024-08-15,30.4,2.73,1142.4,,35871,380,1134.2,1142.4,1070.0
2024-08-14,43.1,4.03,1112.0,,40378,400,1090.2,1112.0,1035.0
2024-08-13,-26.1,-2.38,1068.9,,41635,451,1100.0,1100.0,1050.8
2024-08-12,-41.0,-3.61,1095.0,,38137,528,1113.3,1158.2,1090.0
2024-08-11,96.0,9.23,1136.0,,55919,679,1060.8,1136.0,1058.5
2024-08-08,-25.0,-2.35,1040.0,,36488,417,1086.3,1098.0,1020.0
2024-08-07,5.0,0.47,1065.0,,32494,351,1040.0,1080.0,1040.0
2024-08-06,-97.5,-8.42,1060.0,,66503,783,1180.6,1180.6,1045.0
2024-08-05,-95.5,-7.62,1157.5,,83454,1031,1228.0,1250.0,1127.7
2024-08-01,-31.1,-2.42,1253.0,,38567,484,1305.0,1309.0,1225.0
2024-07-31,25.1,1.99,1284.1,,83054,644,1259.0,1335.0,1235.0
2024-07-30,-14.0,-1.1,1259.0,,38351,438,1297.9,1297.9,1247.0
2024-07-29,-57.0,-4.29,1273.0,,47520,504,1330.0,1333.0,1263.0
2024-07-28,-35.0,-2.56,1330.0,,41206,500,1390.0,1447.0,1296.0
2024-07-25,78.0,6.06,1365.0,,62411,933,1265.0,1385.0,1265.0
2024-07-24,4.0,0.31,1287.0,,34724,272,1257.4,1290.0,1257.4
2024-07-23,-14.0,-1.08,1283.0,,35749,275,1275.0,1299.9,1275.0
2024-07-22,8.0,0.62,1297.0,,26552,241,1300.0,1300.0,1276.0
2024-07-21,-27.0,-2.05,1289.0,,39554,424,1316.0,1340.0,1270.0
2024-07-18,-13.0,-0.98,1316.0,,52429,471,1302.5,1355.0,1302.5
2024-07-17,-6.0,-0.45,1329.0,,22628,254,1310.0,1360.0,1302.0
2024-07-16,55.0,4.3,1335.0,,46836,369,1255.0,1340.0,1255.0
2024-07-15,0.9,0.07,1280.0,,21755,173,1255.0,1293.0,1255.0
2024-07-14,22.1,1.76,1279.1,,22493,206,1282.1,1359.0,1267.0
2024-07-11,-13.0,-1.02,1257.0,,24121,249,1250.0,1298.0,1250.0
2024-07-10,-8.0,-0.63,1270.0,,24060,276,1260.0,1300.0,1260.0
2024-07-09,20.0,1.59,1278.0,,29960,301,1235.0,1294.0,1235.0
2024-07-08,-8.0,-0.63,1258.0,,8270,143,1241.0,1282.1,1241.0
2024-07-07,0.0,0.0,1266.0,,16692,170,1265.0,1285.0,1256.1
2024-07-04,-27.5,-2.13,1266.0,,15323,191,1270.0,1319.0,1260.0
2024-07-03,-19.5,-1.49,1293.5,,67279,264,1300.0,1314.0,1274.0
2024-07-02,26.0,2.02,1313.0,,33930,292,1312.5,1399.9,1288.0
2024-07-01,-11.9,-0.92,1287.0,,16692,116,1290.0,1299.0,1283.0
2024-06-30,-1.1,-0.08,1298.9,,20833,170,1274.0,1310.0,1274.0
2024-06-27,-15.0,-1.14,1300.0,,15031,130,1300.0,1313.0,1287.1
2024-06-26,-6.0,-0.45,1315.0,,31315,247,1300.0,1318.6,1297.0
2024-06-25,23.0,1.77,1321.0,,34536,329,1273.0,1333.1,1273.0
2024-06-24,52.5,4.22,1298.0,,29720,248,1220.6,1298.0,1220.6
2024-06-23,-24.5,-1.93,1245.5,,38278,315,1245.0,1315.0,1245.0
2024-06-20,-49.0,-3.71,1270.0,,36807,246,1300.0,1345.0,1252.0
2024-06-19,5.0,0.38,1319.0,,57652,322,1300.0,1406.0,1274.0
2024-06-18,-26.0,-1.94,1314.0,,56500,351,1314.0,1333.0,1290.7
2024-06-16,44.0,3.4,1340.0,,65965,507,1275.0,1345.0,1272.0
2024-06-13,-32.0,-2.41,1296.0,,26382,308,1305.0,1384.0,1284.1
2024-06-12,-7.0,-0.52,1328.0,,43254,329,1308.3,1388.0,1302.0
2024-06-11,-5.0,-0.37,1335.0,,33421,250,1313.2,1350.0,1313.2
2024-06-10,20.0,1.52,1340.0,,75322,472,1301.0,1349.4,1286.0
2024-06-09,-40.0,-2.94,1320.0,,55226,441,1333.0,1338.0,1287.0
2024-06-06,-37.0,-2.65,1360.0,,75971,496,1370.0,1446.2,1324.0
2024-06-05,17.0,1.23,1397.0,,47165,407,1353.0,1410.0,1341.0
2024-06-04,100.1,7.82,1380.0,,71386,654,1255.0,1380.0,1255.0
2024-06-03,82.7,6.91,1279.9,,80956,641,1221.1,1290.0,1197.0
2024-06-02,-2.8,-0.23,1197.2,,32392,196,1210.0,1218.0,1194.0
2024-05-30,0.0,0.0,1200.0,,52533,329,1180.0,1224.0,1180.0
2024-05-29,-23.0,-1.88,1200.0,,39043,184,1205.0,1220.0,1181.1
2024-05-27,14.0,1.16,1223.0,,52210,417,1184.9,1238.9,1184.9
2024-05-26,-13.0,-1.06,1209.0,,64866,384,1201.2,1223.0,1181.0
2024-05-22,-50.9,-4.0,1222.0,,33427,373,1247.5,1259.0,1176.0
2024-05-21,112.9,9.73,1272.9,,78377,509,1136.8,1272.9,1136.8
2024-05-20,10.0,0.87,1160.0,,88775,500,1130.0,1160.0,1069.2
2024-05-19,89.6,8.45,1150.0,,61087,559,1060.1,1166.4,1040.0
2024-05-16,96.4,10.0,1060.4,,71638,452,973.0,1060.4,949.0
2024-05-15,15.0,1.58,964.0,,30394,238,951.0,978.0,931.5
2024-05-14,84.0,9.71,949.0,,67484,451,882.3,951.5,857.0
2024-05-13,10.0,1.17,865.0,,11869,132,872.1,872.1,846.0
2024-05-12,10.0,1.18,855.0,,32215,209,861.9,870.0,814.2
2024-05-09,-30.1,-3.44,845.0,,26860,205,870.0,886.0,825.0
2024-05-08,18.4,2.15,875.1,,28447,216,870.0,890.0,858.1
2024-05-07,77.8,9.99,856.7,,63490,305,763.5,856.7,763.5
2024-05-06,-31.0,-3.83,778.9,68.45,8697,118,794.0,797.0,775.0
2024-05-05,23.9,3.04,809.9,,30844,301,801.0,850.0,772.2
2024-05-02,56.0,7.67,786.0,,26431,246,744.0,800.0,743.9
2024-04-30,1.0,0.14,730.0,34.72,4821,57,718.0,739.0,697.0
2024-04-29,20.0,2.82,729.0,18.82,2605,54,694.9,750.0,681.1
2024-04-28,23.0,3.35,709.0,21.34,3054,42,690.0,727.0,683.3
2024-04-25,-14.0,-2.0,686.0,13.43,1929,26,714.0,714.0,686.0
2024-04-24,-1.0,-0.14,700.0,35.82,5099,35,694.1,713.0,694.1
2024-04-22,-34.9,-4.74,701.0,32.48,4575,64,730.0,730.0,690.1
2024-04-21,14.0,1.94,735.9,44.22,6252,38,720.0,736.0,701.0
2024-04-18,-11.6,-1.58,721.9,34.16,4725,50,728.0,735.0,712.2
2024-04-16,-8.5,-1.15,733.5,67.74,9215,44,750.0,750.0,733.1
2024-04-15,-2.4,-0.32,742.0,55.39,7311,106,759.0,774.0,735.0
2024-04-14,19.4,2.68,744.4,15.22,2045,42,712.1,754.0,712.1
2024-04-10,-12.0,-1.63,725.0,37.81,5191,54,730.0,735.0,724.1
2024-04-09,6.0,0.82,737.0,39.48,5358,64,745.6,751.0,731.0
2024-04-07,-15.2,-2.04,731.0,,15764,143,761.0,776.0,726.0
2024-04-04,18.2,2.5,746.2,,23242,197,741.9,769.0,729.0
2024-04-03,25.2,3.59,728.0,91.03,12546,133,714.3,734.0,710.0
2024-04-02,17.7,2.58,702.8,67.09,9525,105,694.9,718.0,694.0
2024-04-01,-4.6,-0.67,685.1,48.83,7122,56,677.1,698.9,677.1
2024-03-31,1.4,0.2,689.7,25.08,3680,43,690.0,695.0,676.0
2024-03-28,-1.7,-0.25,688.3,36.9,5345,48,700.0,700.0,686.1
2024-03-27,-4.1,-0.59,690.0,80.33,11562,76,707.0,707.0,688.0
2024-03-26,16.1,2.37,694.1,,18975,125,688.0,700.0,680.0
2024-03-25,-20.0,-2.87,678.0,,23812,108,695.0,695.0,672.5
2024-03-21,-28.0,-3.86,698.0,,18153,137,726.0,726.9,677.2
2024-03-20,20.9,2.96,726.0,,26609,303,704.0,746.9,691.1
2024-03-19,55.1,8.48,705.1,,48698,419,650.0,711.0,650.0
2024-03-18,18.0,2.85,650.0,,18639,136,635.0,650.0,624.0
2024-03-17,-1.0,-0.16,632.0,55.75,8880,81,641.0,641.0,624.0
2024-03-14,-4.0,-0.63,633.0,95.16,15121,153,626.0,642.0,613.5
2024-03-13,-2.1,-0.33,637.0,73.76,11683,130,644.9,644.9,625.0
2024-03-12,35.1,5.81,639.1,85.89,13637,199,616.0,644.0,608.0
2024-03-10,25.0,4.32,604.0,51.55,8586,103,580.0,628.0,571.0
2024-03-07,9.0,1.58,579.0,11.69,2037,30,570.0,580.0,566.5
2024-03-06,8.0,1.42,570.0,7.55,1332,26,563.1,574.3,559.0
2024-03-05,-21.0,-3.6,562.0,5.92,1050,32,572.0,572.0,557.0
2024-03-04,23.9,4.27,583.0,1.7,295,5,562.0,584.0,562.0
2024-03-03,6.1,1.1,559.1,13.75,2482,43,563.9,563.9,545.1
2024-02-29,-12.0,-2.12,553.0,11.33,2060,44,556.5,557.0,547.0
2024-02-28,-3.9,-0.69,565.0,7.62,1359,26,580.0,580.0,559.0
2024-02-27,2.9,0.51,568.9,14.41,2562,44,566.0,569.0,560.0
2024-02-26,-2.0,-0.35,566.0,6.54,1170,28,578.5,585.0,555.0
2024-02-25,-2.0,-0.35,568.0,12.63,2240,48,560.0,581.4,559.0
2024-02-22,-20.1,-3.41,570.0,77.11,13595,137,590.0,600.0,560.0
2024-02-21,0.2,0.03,590.1,21.01,3584,58,579.0,638.0,578.2
2024-02-20,5.8,0.99,589.9,7.6,1302,36,576.0,619.0,576.0
2024-02-18,-6.9,-1.17,584.1,9.95,1706,43,582.2,595.0,580.0
2024-02-15,-14.0,-2.31,591.0,11.86,1994,49,594.0,604.0,591.0
2024-02-14,10.0,1.68,605.0,17.89,2972,65,600.0,653.0,585.0
2024-02-13,-8.2,-1.36,595.0,12.87,2163,36,595.0,600.0,594.0
2024-02-12,-3.8,-0.63,603.2,15.84,2609,27,607.0,609.0,597.0
2024-02-11,3.0,0.5,607.0,31.26,5192,57,600.1,612.0,596.0
2024-02-07,4.0,0.67,604.0,4.94,820,37,610.9,610.9,599.0
2024-02-06,5.8,0.98,600.0,36.03,6030,91,588.0,640.0,588.0
2024-02-05,-5.8,-0.97,594.2,25.93,4415,66,604.9,604.9,580.0
2024-02-04,15.0,2.56,600.0,33.26,5668,82,580.0,600.0,574.0
2024-02-01,-30.1,-4.89,585.0,28.61,4787,91,615.1,620.0,585.0
2024-01-31,-6.9,-1.11,615.1,17.16,2788,43,622.0,630.0,610.0
2024-01-30,-12.0,-1.89,622.0,16.33,2584,67,621.4,659.3,620.0
2024-01-29,14.0,2.26,634.0,26.88,4266,74,607.6,656.8,607.6
2024-01-28,-6.0,-0.96,620.0,32.25,5211,74,613.5,644.0,603.7
2024-01-25,-7.0,-1.11,626.0,58.94,9562,116,645.6,658.0,600.0
2024-01-24,-1.0,-0.16,633.0,44.24,6993,108,621.4,677.0,621.4
2024-01-23,-22.5,-3.43,634.0,45.97,7208,105,643.4,656.2,627.2
2024-01-22,-51.5,-7.27,656.5,,19087,215,693.9,693.9,640.4
2024-01-21,64.0,9.94,708.0,,16077,144,631.2,708.0,628.1
2024-01-18,-10.0,-1.53,644.0,66.08,10274,126,641.0,673.2,630.0
2024-01-17,16.0,2.51,654.0,,35643,281,630.0,701.0,630.0
2024-01-16,27.1,4.44,638.0,96.44,15197,171,598.7,660.6,598.7
2024-01-14,20.2,3.42,610.9,58.19,9569,110,578.9,636.6,578.9
2024-01-11,-8.2,-1.37,590.7,71.1,12134,96,587.0,635.0,579.2
2024-01-10,8.9,1.51,598.9,70.78,11834,138,578.2,607.0,578.2
2024-01-09,10.0,1.72,590.0,35.15,6050,85,571.0,604.0,570.0
2024-01-08,21.0,3.76,580.0,54.81,9657,88,560.0,601.0,559.0
2024-01-07,-4.0,-0.71,559.0,58.34,10579,75,574.0,574.0,549.0
2024-01-04,-11.0,-1.92,563.0,26.18,4655,59,580.0,580.0,555.0
2024-01-03,-5.0,-0.86,574.0,33.57,5874,65,567.5,578.0,565.1
2024-01-02,4.0,0.7,579.0,31.32,5447,74,571.2,609.0,565.0
2024-01-01,-7.0,-1.2,575.0,38.39,6467,83,593.6,628.0,575.0
2023-12-28,-18.0,-3.0,582.0,12.06,2053,59,600.0,604.0,580.2
2023-12-27,1.1,0.18,600.0,27.31,4606,68,610.8,658.7,585.0
2023-12-24,-1.1,-0.18,598.9,64.32,10706,115,600.0,620.0,588.0
2023-12-21,-20.0,-3.23,600.0,49.83,8124,91,611.0,628.0,600.0
2023-12-20,-1.0,-0.16,620.0,55.37,8914,99,621.0,629.4,613.0
2023-12-19,-3.9,-0.62,621.0,32.02,5164,70,637.3,637.3,612.6
2023-12-18,22.9,3.8,624.9,,16236,179,612.0,644.0,596.5
2023-12-17,-43.7,-6.77,602.0,,17982,221,658.6,658.6,583.1
2023-12-14,58.7,10.0,645.7,35.87,6017,94,575.3,645.7,565.0
2023-12-13,13.1,2.28,587.0,40.12,6871,119,585.0,596.0,552.0
2023-12-12,12.9,2.3,573.9,77.07,13420,160,551.0,584.0,551.0
2023-12-11,-29.0,-4.92,561.0,25.7,4528,96,578.2,586.0,555.4
2023-12-10,43.1,7.88,590.0,10.13,1791,15,536.0,590.0,536.0
2023-12-07,7.0,1.3,546.9,27.17,5054,37,530.0,549.0,530.0
2023-12-06,-11.0,-2.0,539.9,31.07,5907,76,539.9,539.9,519.1
2023-12-05,1.9,0.35,550.9,28.51,5418,74,538.1,556.8,520.0
2023-12-04,19.0,3.58,549.0,13.83,2578,47,526.1,573.0,522.3
2023-12-03,-10.0,-1.85,530.0,8.14,1548,39,529.2,535.0,520.1
2023-11-30,-9.0,-1.64,540.0,11.14,2081,36,540.1,552.0,531.0
2023-11-29,3.0,0.55,549.0,1.69,311,12,546.3,549.0,540.2
2023-11-28,4.7,0.87,546.0,19.28,3571,49,530.5,595.0,530.5
2023-11-27,-19.7,-3.51,541.3,9.84,1804,55,549.8,582.0,539.0
2023-11-26,24.9,4.64,561.0,27.23,5039,69,525.4,576.0,525.4
2023-11-23,-20.8,-3.73,536.1,22.64,4206,46,559.0,559.9,531.0
2023-11-22,-11.1,-1.95,556.9,8.42,1542,27,556.7,565.0,545.0
2023-11-21,-12.0,-2.07,568.0,12.3,2286,47,568.4,568.4,525.3
2023-11-20,32.8,5.99,580.0,19.01,3450,55,536.3,580.0,536.3
2023-11-09,-18.7,-3.3,547.2,29.16,5230,64,554.6,577.0,545.0
2023-11-08,-6.1,-1.07,565.9,21.67,3880,51,560.6,594.8,539.0
2023-11-07,4.0,0.7,572.0,27.38,4949,114,556.7,601.0,540.0
2023-11-06,1.0,0.18,568.0,24.18,4342,70,555.7,586.3,544.6
2023-11-05,-63.0,-10.0,567.0,19.11,3354,80,642.6,642.6,567.0
2023-11-02,30.0,5.0,630.0,78.42,13741,159,588.0,634.0,544.0
2023-11-01,47.2,8.54,600.0,34.24,6162,65,541.8,606.0,536.0
2023-10-31,-15.1,-2.66,552.8,68.4,12509,64,556.6,575.9,536.3
2023-10-30,17.9,3.25,567.9,19.71,3558,51,541.0,567.9,540.0
2023-10-29,-15.0,-2.65,550.0,,26497,86,556.0,586.0,520.0
2023-10-19,-3.0,-0.53,565.0,16.83,2957,70,579.0,599.0,551.0
2023-10-18,3.0,0.53,568.0,46.46,7970,82,555.0,610.0,555.0
2023-10-17,-36.0,-5.99,565.0,89.1,15556,136,589.0,624.0,563.5
2023-10-16,-6.0,-0.99,601.0,13.99,2328,36,595.0,617.9,572.0
2023-10-12,-16.0,-2.57,607.0,32.16,5378,113,610.6,634.0,586.6
2023-10-11,-3.0,-0.48,623.0,2.22,360,16,613.5,625.0,613.5
2023-10-10,13.6,2.22,626.0,9.84,1608,47,624.2,635.0,600.0
2023-10-09,-68.0,-9.99,612.4,,48955,375,666.8,734.0,612.4
2023-10-08,-75.6,-10.0,680.4,,19621,167,740.9,740.9,680.4
2023-10-05,55.4,7.91,756.0,,44054,171,686.6,769.0,673.0
2023-10-04,-33.4,-4.55,700.6,64.6,9240,136,719.4,740.0,680.1
2023-10-03,43.0,6.22,734.0,,24139,81,677.2,734.0,669.1
2023-10-02,-17.9,-2.53,691.0,49.17,7160,71,694.8,703.0,676.5
2023-10-01,-33.1,-4.46,708.9,95.16,13828,166,727.2,741.5,679.0
2023-09-27,36.0,5.1,742.0,,24978,171,691.9,742.0,658.6
2023-09-26,-44.0,-5.87,706.0,43.14,6062,163,735.0,764.0,680.0
2023-09-25,68.0,9.97,750.0,61.84,9191,95,668.4,750.0,631.1
2023-09-24,62.0,10.0,682.0,,28600,150,619.0,682.0,613.0
2023-09-21,5.0,0.81,620.0,18.53,2967,44,621.5,646.0,603.0
2023-09-19,3.0,0.49,615.0,1.37,226,9,612.0,615.0,600.0
2023-09-18,-1.9,-0.31,612.0,,123,8,601.7,615.8,590.2
2023-09-17,-2.1,-0.34,613.9,2.54,424,23,628.3,628.3,579.2
2023-09-13,16.0,2.67,616.0,1.9,312,18,610.0,619.0,600.0
2023-09-12,-8.0,-1.32,600.0,2.08,351,15,597.0,600.0,585.0
2023-09-11,-10.7,-1.73,608.0,2.95,481,20,608.0,620.0,608.0
2023-09-10,8.7,1.43,618.7,2.32,385,21,610.0,618.7,597.8
2023-09-07,-10.0,-1.61,610.0,1.8,304,16,625.0,625.0,578.5
2023-09-05,1.0,0.16,620.0,,34,4,626.0,626.0,613.5
2023-09-04,39.7,6.85,619.0,9.27,1597,30,567.8,622.0,567.0
2023-09-03,-12.7,-2.15,579.3,6.29,1085,15,590.0,590.0,579.0
2023-08-30,-12.7,-2.1,592.0,,156,13,593.0,599.0,581.0
2023-08-29,-6.3,-1.03,604.7,2.62,444,16,611.0,611.0,588.0
2023-08-28,18.9,3.19,611.0,,128,8,592.1,611.0,592.1
2023-08-27,-18.9,-3.09,592.1,1.25,212,7,598.8,598.8,589.0
2023-08-24,-7.0,-1.13,611.0,2.2,363,19,618.0,618.0,601.0
2023-08-23,3.0,0.49,618.0,3.5,574,25,625.0,625.0,605.1
2023-08-22,10.0,1.65,615.0,2.69,451,17,593.0,616.0,593.0
2023-08-21,4.0,0.67,605.0,1.1,186,10,594.0,605.0,594.0
2023-08-20,-12.0,-1.96,601.0,1.61,267,11,610.0,616.0,601.0
2023-08-17,-2.0,-0.33,613.0,5.7,947,23,602.7,613.0,593.5
2023-08-16,-10.2,-1.63,615.0,3.64,599,20,625.2,625.2,601.0
2023-08-15,-12.8,-2.01,625.2,12.78,2114,31,625.3,625.3,590.0
2023-08-14,23.0,3.74,638.0,7.27,1175,35,619.0,665.0,600.0
2023-08-13,-1.0,-0.16,615.0,2.65,432,22,616.0,628.0,607.9
2023-08-10,-43.0,-6.53,616.0,20.33,3275,71,672.1,672.1,607.0
2023-08-09,59.0,9.83,659.0,1.9,309,19,595.0,660.0,595.0
2023-08-08,-11.9,-1.94,600.0,8.4,1408,38,600.0,612.0,588.0
2023-08-07,-28.1,-4.39,611.9,28.01,4615,57,628.0,639.0,600.0
2023-08-06,-38.9,-5.73,640.0,5.8,883,19,670.1,670.1,640.0
2023-08-03,12.5,1.88,678.9,1.08,165,8,660.0,678.9,655.0
2023-08-02,-11.6,-1.71,666.4,3.65,545,23,678.0,680.0,666.4
2023-08-01,-40.0,-5.57,678.0,22.64,3290,92,703.7,703.7,678.0
2023-07-31,16.0,2.28,718.0,3.13,440,17,716.0,730.0,703.0
2023-07-30,-38.0,-5.14,702.0,4.11,577,28,730.0,732.5,702.0
2023-07-27,-30.0,-3.9,740.0,2.47,328,15,775.0,775.0,740.0
2023-07-26,7.0,0.92,770.0,4.64,614,24,760.0,773.9,750.0
2023-07-25,-13.0,-1.68,763.0,14.77,1911,32,778.0,780.0,751.0
2023-07-24,-24.0,-3.0,776.0,13.96,1777,44,790.0,800.0,775.0
2023-07-23,-19.0,-2.32,800.0,14.08,1779,54,803.0,805.0,775.0
2023-07-20,48.0,6.23,819.0,12.94,1704,34,766.0,819.0,750.0
2023-07-19,1.0,0.13,771.0,7.18,934,18,784.0,800.0,755.0
2023-07-18,-20.0,-2.53,770.0,11.23,1406,44,805.0,830.0,765.0
2023-07-17,36.0,4.77,790.0,10.86,1427,42,754.0,790.0,731.0
2023-07-16,-16.0,-2.08,754.0,2.25,302,21,779.0,779.0,735.0
2023-07-13,15.0,1.99,770.0,6.81,901,34,770.1,779.8,746.0
2023-07-12,31.7,4.38,755.0,6.77,898,27,723.3,765.0,723.3
2023-07-11,7.2,1.01,723.3,11.83,1610,25,730.4,745.0,723.3
2023-07-10,1.1,0.15,716.1,10.32,1382,43,728.0,757.0,716.1
2023-07-09,14.0,2.0,715.0,4.84,677,29,715.0,729.0,690.2
2023-07-06,1.0,0.14,701.0,6.02,858,28,713.0,714.0,700.0
2023-07-05,-26.0,-3.58,700.0,2.04,291,13,720.0,720.0,700.0
2023-07-04,13.5,1.89,726.0,6.52,904,23,725.0,739.5,711.0
2023-07-03,-35.3,-4.72,712.5,74.3,10352,45,734.0,750.0,712.5
2023-07-02,-41.2,-5.22,747.8,,123,11,789.0,789.0,747.8
2023-06-28,-41.0,-4.94,789.0,22.79,2853,59,846.0,846.0,777.0
2023-06-27,69.0,9.07,830.0,65.63,8242,135,750.0,830.0,737.0
2023-06-26,69.0,9.97,761.0,27.09,3822,73,704.0,761.0,680.0
2023-06-25,22.9,3.42,692.0,19.38,2816,45,678.9,700.0,670.0
2023-06-22,17.0,2.61,669.1,10.28,1571,30,650.0,669.1,640.0
2023-06-21,-24.1,-3.56,652.1,4.21,642,21,688.0,688.0,652.1
2023-06-20,-31.8,-4.49,676.2,14.52,2111,35,700.0,722.0,676.2
2023-06-19,15.0,2.16,708.0,17.68,2583,67,693.0,762.0,654.0
2023-06-18,44.0,6.78,693.0,20.42,3034,48,661.0,693.0,655.1
2023-06-15,-19.0,-2.84,649.0,7.8,1206,29,668.0,668.0,637.0
2023-06-14,18.0,2.77,668.0,23.01,3521,42,660.0,675.0,637.0
2023-06-13,19.0,3.01,650.0,27.85,4323,52,641.8,655.0,629.0
2023-06-12,1.0,0.16,631.0,15.15,2377,49,630.0,667.0,630.0
2023-06-11,13.0,2.11,630.0,18.73,3003,43,629.2,667.0,617.0
2023-06-08,-0.4,-0.06,617.0,12.61,2028,38,625.0,631.0,617.0
2023-06-07,29.4,5.0,617.4,30.87,4956,105,597.0,646.8,597.0
2023-06-06,12.0,2.08,588.0,3.24,562,8,587.5,588.0,577.0
2023-06-05,-4.6,-0.79,576.0,8.62,1474,27,580.1,598.0,576.0
2023-06-04,5.6,0.97,580.6,2.98,513,14,586.5,587.5,576.0
2023-06-01,19.0,3.42,575.0,13.2,2354,20,556.0,575.0,556.0
2023-05-31,-29.0,-4.96,556.0,4.18,735,24,574.0,579.0,556.0
2023-05-30,0.0,0.0,585.0,5.08,893,27,585.0,585.0,560.0
2023-05-28,-25.0,-4.1,585.0,18.16,3014,44,620.0,620.0,585.0
2023-05-24,10.3,1.72,610.0,5.49,907,29,611.6,623.0,591.0
2023-05-23,25.7,4.48,599.7,13.11,2254,36,564.0,599.7,564.0
2023-05-22,-11.0,-1.88,574.0,2.42,431,21,585.0,585.0,556.1
2023-05-21,-11.0,-1.85,585.0,6.24,1053,12,599.0,600.1,585.0
2023-05-18,32.5,5.77,596.0,5.02,853,26,574.0,597.0,555.0
2023-05-17,-3.5,-0.62,563.5,1.08,189,9,575.0,575.0,563.5
2023-05-16,8.0,1.43,567.0,4.85,878,15,550.0,567.0,541.0
2023-05-15,24.0,4.49,559.0,1.93,364,15,530.0,559.0,524.9
2023-05-14,-14.9,-2.71,535.0,,163,6,542.0,542.0,531.2
2023-05-11,-11.0,-1.96,549.9,,115,10,550.0,550.0,543.0
2023-05-10,-4.1,-0.73,560.9,4.37,803,16,560.0,560.9,538.1
2023-05-09,22.0,4.05,565.0,3.74,681,24,543.0,566.0,533.1
2023-05-08,-19.1,-3.4,543.0,4.37,809,25,568.9,568.9,530.8
2023-05-07,-4.9,-0.86,562.1,,126,8,560.0,565.0,560.0
2023-05-04,-7.9,-1.37,567.0,1.18,209,8,565.0,577.0,565.0
2023-05-03,-0.1,-0.02,574.9,,71,5,570.0,574.9,565.0
2023-05-02,-10.0,-1.71,575.0,1.6,278,12,577.1,580.0,575.0
2023-04-30,2.0,0.34,585.0,1.54,268,19,576.2,587.5,575.1
2023-04-27,-9.0,-1.52,583.0,2.24,383,11,585.0,592.0,583.0
2023-04-26,-7.0,-1.17,592.0,1.18,200,8,600.0,600.0,588.0
2023-04-25,4.0,0.67,599.0,1.3,219,13,595.0,599.0,595.0
2023-04-24,5.0,0.85,595.0,1.27,213,10,591.0,600.0,591.0
2023-04-23,-10.0,-1.67,590.0,6.18,1043,22,600.0,600.0,585.0
2023-04-20,6.0,1.01,600.0,3.02,509,12,585.0,604.0,585.0
2023-04-19,-17.0,-2.78,594.0,1.1,184,9,611.0,611.0,594.0
2023-04-18,4.0,0.66,611.0,,139,8,615.0,615.0,596.6
2023-04-17,-11.0,-1.78,607.0,2.45,406,18,630.0,630.0,595.1
2023-04-16,-7.0,-1.12,618.0,4.29,699,19,615.0,619.0,606.7
2023-04-13,-9.9,-1.56,625.0,2.53,406,25,637.0,637.0,613.0
2023-04-12,50.9,8.72,634.9,8.84,1422,39,595.0,634.9,595.0
2023-04-11,10.9,1.9,584.0,1.62,278,18,579.0,591.0,579.0
2023-04-10,3.1,0.54,573.1,1.13,197,10,575.0,581.0,551.0
2023-04-09,-17.0,-2.9,570.0,3.03,529,21,587.0,587.0,570.0
2023-04-06,-8.0,-1.34,587.0,5.81,1003,30,586.0,597.0,571.6
2023-04-05,10.0,1.71,595.0,6.91,1195,29,585.0,595.0,570.0
2023-04-04,7.0,1.21,585.0,4.81,823,15,580.0,589.5,577.9
2023-04-03,-7.0,-1.2,578.0,,147,13,590.0,590.0,578.0
2023-04-02,-20.2,-3.34,585.0,9.93,1689,26,605.2,605.2,576.3
2023-03-30,-9.8,-1.59,605.2,,74,6,605.5,605.5,605.0
2023-03-29,0.0,0.0,615.0,,69,6,615.0,615.0,605.1
2023-03-28,13.2,2.19,615.0,4.12,668,27,612.0,625.0,612.0
2023-03-27,11.8,2.0,601.8,1.47,252,21,579.0,601.8,579.0
2023-03-26,-9.0,-1.5,590.0,4.14,699,18,599.0,606.0,590.0
2023-03-23,-11.0,-1.8,599.0,5.42,904,17,602.0,609.0,598.1
2023-03-22,-10.0,-1.61,610.0,2.57,421,20,611.0,619.0,610.0
2023-03-20,8.0,1.31,620.0,1.58,253,19,624.0,635.0,620.0
2023-03-19,-7.5,-1.21,612.0,2.81,457,20,629.0,629.0,611.0
2023-03-16,-0.5,-0.08,619.5,3.8,622,12,608.2,620.0,608.1
2023-03-15,1.0,0.16,620.0,3.52,573,11,610.0,622.2,610.0
2023-03-14,-1.0,-0.16,619.0,10.38,1691,30,632.0,644.6,596.0
2023-03-13,-16.0,-2.52,620.0,3.84,621,11,648.6,648.6,611.0
2023-03-12,-16.8,-2.57,636.0,14.37,2213,36,665.8,679.0,623.5
2023-03-09,32.8,5.29,652.8,9.77,1545,34,632.4,652.8,620.0
2023-03-07,5.0,0.81,620.0,3.15,507,19,615.0,639.8,614.6
2023-03-05,-12.0,-1.91,615.0,7.94,1312,27,615.0,621.0,603.1
2023-03-02,-26.0,-3.98,627.0,43.76,7130,88,653.0,653.0,592.0
2023-03-01,-22.0,-3.26,653.0,19.82,3000,35,664.2,675.0,652.0
2023-02-28,-17.0,-2.46,675.0,3.79,561,16,678.2,690.0,671.0
2023-02-27,-20.0,-2.81,692.0,5.15,737,18,726.2,726.2,684.8
2023-02-26,37.23,5.52,712.0,21.06,3091,62,675.0,742.2,665.0
2023-02-23,-70.0,-8.55,749.0,39.23,5196,113,802.7,802.7,741.0
2023-02-22,-16.0,-1.92,819.0,16.7,2044,43,850.0,866.0,803.0
2023-02-20,-14.0,-1.65,835.0,8.73,1039,14,834.0,860.0,834.0
2023-02-16,-12.0,-1.39,849.0,11.36,1340,31,855.0,855.2,840.0
2023-02-15,8.0,0.94,861.0,17.97,2053,24,855.1,878.0,855.1
2023-02-14,-17.0,-1.95,853.0,7.22,835,21,861.1,885.0,853.0
2023-02-12,-16.0,-1.81,870.0,11.2,1282,19,903.7,903.7,870.0
2023-02-09,-15.0,-1.66,886.0,7.81,880,19,884.0,902.0,868.0
2023-02-08,-4.0,-0.44,901.0,10.79,1202,39,888.0,923.1,887.0
2023-02-07,5.0,0.56,905.0,20.38,2262,42,882.0,915.0,850.0
2023-02-06,35.0,4.05,900.0,3.15,369,19,847.8,900.0,831.0
2023-02-05,2.0,0.23,865.0,7.07,827,19,850.0,880.2,850.0
2023-02-02,-27.0,-3.03,863.0,11.08,1274,22,890.0,890.0,863.0
2023-02-01,-5.0,-0.56,890.0,9.28,1041,22,877.1,912.9,843.0
2023-01-31,0.0,0.0,895.0,30.92,3453,46,878.0,916.9,878.0
2023-01-30,-6.6,-0.73,895.0,42.37,4741,61,886.0,905.0,885.0
2023-01-29,-58.4,-6.08,901.6,51.97,5613,97,940.8,960.0,901.6
2023-01-26,0.0,1.08,960.0,,3378,0,965.0,1010.0,953.0
2023-01-25,0.0,-2.2,949.7,,8217,0,953.1,991.0,934.1
2023-01-24,0.0,-1.61,971.1,,3376,0,999.0,999.0,965.0
2023-01-23,0.0,-1.19,987.0,,8368,0,1014.9,1018.0,987.0
2023-01-19,0.0,2.98,998.9,,9689,0,970.0,1008.0,960.0
2023-01-18,0.0,1.25,970.0,,8055,0,977.1,1010.0,956.7
2023-01-17,0.0,2.13,958.0,,2659,0,950.0,968.0,936.1
2023-01-12,0.0,-0.21,938.0,,8689,0,958.0,974.0,892.4
2023-01-10,0.0,0.0,940.0,,7669,0,950.0,990.0,913.0
2023-01-09,0.0,1.28,940.0,,7469,0,929.0,954.0,929.0
2023-01-08,0.0,0.77,928.1,,6485,0,938.9,940.0,884.0
2023-01-05,0.0,0.44,921.0,,7534,0,935.3,935.3,903.0
2023-01-04,0.0,7.88,917.0,,3925,0,851.0,918.0,850.0
2023-01-03,0.0,1.19,850.0,,2931,0,840.0,856.0,840.0
2023-01-02,0.0,0.6,840.0,,1018,0,834.0,850.0,821.0
2023-01-01,0.0,-2.68,835.0,,3840,0,875.0,880.0,828.1
2022-12-29,0.0,5.41,858.0,,4866,0,801.0,858.0,800.0
2022-12-28,0.0,-1.57,814.0,,920,0,812.0,822.0,810.0
2022-12-27,0.0,3.12,827.0,,2300,0,818.0,849.6,799.0
2022-12-26,0.0,6.11,802.0,,1309,0,761.0,802.0,760.0
2022-12-22,0.0,-0.81,755.8,,708,0,755.1,757.1,731.9
2022-12-21,0.0,1.06,762.0,,353,0,755.0,762.0,750.0
2022-12-20,0.0,0.53,754.0,,2426,0,764.0,775.0,754.0
2022-12-19,0.0,1.49,750.0,,1380,0,753.7,753.7,740.0
2022-12-18,0.0,-1.47,739.0,,247,0,736.2,749.0,736.2
2022-12-15,0.0,-0.6,750.0,,379,0,755.0,755.0,741.0
2022-12-14,0.0,-0.85,754.5,,536,0,755.0,755.0,753.0
2022-12-13,0.0,-0.13,761.0,,246,0,768.5,768.5,758.1
2022-12-12,0.0,0.26,762.0,,625,0,775.0,775.0,760.0
2022-12-11,0.0,-0.78,760.0,,324,0,760.0,760.1,755.0
2022-12-07,0.0,-1.79,766.0,,205,0,767.0,770.0,766.0
2022-12-06,0.0,-0.64,780.0,,935,0,769.4,800.0,766.1
2022-12-05,0.0,-1.86,785.0,,442,0,814.0,814.0,768.0
2022-12-04,0.0,-0.76,799.9,,1691,0,821.0,821.0,795.0
2022-12-01,0.0,3.87,806.0,,3432,0,762.0,806.0,762.0
2022-11-30,0.0,0.91,776.0,,770,0,753.7,776.0,725.0
2022-11-29,0.0,0.52,769.0,,178,0,756.0,769.0,756.0
2022-11-28,0.0,-1.03,765.0,,813,0,757.6,765.5,757.6
2022-11-27,0.0,3.34,773.0,,1963,0,742.0,778.0,740.0
2022-11-24,0.0,0.81,748.0,,226,0,730.0,748.0,730.0
2022-11-23,0.0,-2.75,742.0,,452,0,777.0,777.0,741.2
2022-11-22,0.0,0.13,763.0,,97,0,749.2,763.0,749.2
2022-11-17,0.0,-0.25,762.0,,473,0,763.0,765.0,752.0
2022-11-16,0.0,-0.66,763.9,,707,0,760.0,763.9,742.0
2022-11-15,0.0,1.85,769.0,,29,0,769.0,769.0,769.0
2022-11-14,0.0,3.42,755.0,,679,0,717.2,755.0,717.0
2022-11-13,0.0,-4.58,730.0,,975,0,749.7,749.7,721.0
2022-11-10,0.0,0.01,765.0,,790,0,750.1,765.0,734.9
2022-11-09,0.0,-1.43,764.9,,1019,0,761.0,764.9,752.0
2022-11-08,0.0,-1.77,776.0,,424,0,775.0,776.0,761.0
2022-11-07,0.0,-1.0,790.0,,2342,0,800.0,802.0,774.2
2022-11-06,0.0,3.64,798.0,,1047,0,780.0,798.0,780.0
2022-11-03,0.0,-2.53,770.0,,234,0,791.0,791.0,754.1
2022-11-02,0.0,0.13,790.0,,738,0,774.0,796.0,774.0
2022-11-01,0.0,4.53,789.0,,796,0,755.0,790.0,750.7
2022-10-31,0.0,-0.03,754.8,,191,0,755.0,755.0,740.0
2022-10-23,0.0,0.67,755.0,,333,0,760.0,765.0,755.0
2022-10-20,0.0,-0.27,750.0,,665,0,737.0,750.0,737.0
2022-10-19,0.0,-0.34,752.0,,528,0,754.6,755.0,740.0
2022-10-17,0.0,-1.23,754.6,,2052,0,764.0,778.0,754.6
2022-10-16,0.0,-1.29,764.0,,408,0,774.0,774.0,758.1
2022-10-13,0.0,1.45,774.0,,457,0,754.0,775.0,754.0
2022-10-12,0.0,1.46,765.0,,267,0,751.0,766.0,751.0
2022-10-11,0.0,1.89,754.0,,603,0,732.0,754.0,732.0
2022-10-10,0.0,-6.33,740.0,,2381,0,805.0,805.0,740.0
2022-10-09,0.0,1.28,790.0,,1060,0,766.0,795.5,765.0
2022-09-29,0.0,2.36,780.0,,656,0,771.0,785.0,769.0
2022-09-28,0.0,-0.87,762.0,,110,0,756.1,764.0,754.0
2022-09-27,0.0,-0.68,768.7,,528,0,774.0,783.4,743.0
2022-09-25,0.0,-0.76,774.0,,1470,0,765.0,774.0,740.0
2022-09-22,0.0,-2.51,779.9,,2316,0,816.0,816.0,753.2
2022-09-21,0.0,-0.99,800.0,,1098,0,791.9,820.0,783.0
2022-09-20,0.0,1.38,808.0,,160,0,781.2,808.0,781.0
2022-09-18,0.0,-2.21,797.0,,2642,0,814.0,815.0,770.0
2022-09-16,0.0,-2.99,815.0,,1070,0,823.3,839.0,807.0
2022-09-15,0.0,-2.65,840.1,,738,0,880.0,880.0,840.0
2022-09-14,0.0,0.7,863.0,,1861,0,867.0,876.0,850.0
2022-09-13,0.0,-0.23,857.0,,2356,0,859.0,876.0,833.2
2022-09-12,0.0,-1.83,859.0,,2874,0,884.0,884.0,826.4
2022-09-11,0.0,-0.44,875.0,,325,0,862.0,875.0,862.0
2022-09-08,0.0,1.15,878.9,,599,0,852.0,886.0,840.0
2022-09-07,0.0,1.63,868.9,,277,0,872.1,888.0,844.7
2022-09-06,0.0,-3.39,855.0,,598,0,869.0,869.0,852.0
2022-09-05,0.0,-0.55,885.0,,290,0,889.9,890.0,865.0
2022-09-04,0.0,2.41,889.9,,556,0,882.0,903.0,872.2
2022-09-02,0.0,-1.59,869.0,,89,0,890.0,890.0,868.1
2022-09-01,0.0,-2.59,883.0,,1070,0,888.4,888.4,860.0
2022-08-31,0.0,0.0,906.5,,2859,0,888.4,906.5,853.5
2022-08-30,0.0,0.72,906.5,,608,0,900.0,907.0,875.0
2022-08-29,0.0,4.96,900.0,,1395,0,845.1,900.0,845.1
2022-08-28,0.0,-3.65,857.5,,937,0,899.9,899.9,857.5
2022-08-26,0.0,-0.56,890.0,,375,0,881.0,907.0,881.0
2022-08-25,0.0,-0.57,895.0,,1017,0,890.0,915.0,890.0
2022-08-24,0.0,-0.76,900.1,,1332,0,907.0,915.0,900.0
2022-08-23,0.0,-0.66,907.0,,2418,0,922.0,924.5,907.0
2022-08-22,0.0,-1.83,913.0,,9986,0,925.0,930.0,913.0
2022-08-21,0.0,-1.27,930.0,,1351,0,924.0,934.9,924.0
2022-08-18,0.0,2.61,942.0,,914,0,920.0,942.0,920.0
2022-08-17,0.0,-0.65,918.0,,939,0,917.1,929.0,917.1
2022-08-16,0.0,-2.12,924.0,,2738,0,950.0,954.0,922.0
2022-08-15,0.0,2.72,944.0,,4288,0,920.0,955.0,916.3
2022-08-14,0.0,-1.71,919.0,,2532,0,918.0,934.9,917.1
2022-08-11,0.0,-2.09,935.0,,3255,0,936.6,954.0,930.0
2022-08-10,0.0,0.0,955.0,,4276,0,937.0,973.0,921.0
2022-08-09,0.0,-3.54,955.0,,3047,0,1005.0,1005.0,950.0
2022-08-08,0.0,-0.7,990.0,,8530,0,992.0,999.0,978.0
2022-08-07,0.0,-0.2,997.0,,8049,0,1015.0,1015.0,967.0
2022-08-05,0.0,1.32,999.0,,8404,0,1005.7,1009.8,965.0
2022-08-04,0.0,0.92,986.0,,16035,0,957.5,1010.0,957.5
2022-08-03,0.0,5.62,977.0,,17091,0,914.0,1003.0,914.0
2022-08-02,0.0,1.31,925.0,,8484,0,900.0,942.0,895.0
2022-08-01,0.0,-0.54,913.0,,8074,0,910.0,934.0,910.0
2022-07-31,0.0,0.99,918.0,,5170,0,927.0,927.1,909.0
2022-07-29,0.0,0.44,909.0,,1526,0,891.0,915.0,891.0
2022-07-28,0.0,4.26,905.0,,12749,0,865.0,925.0,851.0
2022-07-27,0.0,2.36,868.0,,6128,0,833.0,870.0,822.0
2022-07-26,0.0,-3.32,848.0,,5487,0,860.0,876.9,836.0
2022-07-25,0.0,2.35,877.1,,9451,0,865.0,887.0,838.2
2022-07-24,0.0,8.89,857.0,,5475,0,802.0,857.0,781.0
2022-07-22,0.0,-4.26,787.0,,1552,0,815.0,820.0,787.0
2022-07-21,0.0,0.24,822.0,,3806,0,820.0,824.0,810.0
2022-07-20,0.0,0.0,820.0,,3423,0,821.0,824.0,803.6
2022-07-19,0.0,1.86,820.0,,2213,0,791.0,833.0,791.0
2022-07-18,0.0,0.64,805.0,,1797,0,785.0,805.0,770.0
2022-07-17,0.0,3.35,799.9,,2495,0,785.0,799.9,751.0
2022-07-15,0.0,1.86,774.0,,593,0,747.0,774.0,733.0
2022-07-14,0.0,1.32,759.9,,758,0,765.0,775.0,750.0
2022-07-13,0.0,2.6,750.0,,1774,0,743.0,751.0,725.2
2022-07-12,0.0,4.28,731.0,,1204,0,715.0,731.0,710.0
2022-07-11,0.0,-5.88,701.0,,5611,0,730.0,730.0,701.0
2022-07-08,0.0,-4.53,744.8,,1251,0,780.1,780.1,744.8
2022-07-07,0.0,-0.88,780.1,,2106,0,772.0,815.0,757.1
2022-07-06,0.0,0.25,787.0,,2692,0,770.0,800.0,754.7
2022-07-05,0.0,-1.96,785.0,,2832,0,784.7,800.0,770.0
2022-07-04,0.0,-2.0,800.7,,7544,0,833.3,840.4,800.7
2022-07-03,0.0,4.08,817.0,,2802,0,789.0,841.0,765.0
2022-07-01,0.0,-0.63,785.0,,2331,0,775.0,815.0,775.0
2022-06-30,0.0,6.47,790.0,,5681,0,735.0,802.0,734.0
2022-06-29,0.0,4.8,742.0,,2019,0,708.0,742.4,708.0
2022-06-28,0.0,-1.67,708.0,,2009,0,728.0,728.0,708.0
2022-06-27,0.0,-4.0,720.0,,3112,0,736.0,759.9,701.0
2022-06-26,0.0,9.01,750.0,,2073,0,701.0,750.0,701.0
2022-06-24,0.0,1.78,688.0,,1010,0,663.0,702.0,662.5
2022-06-23,0.0,-4.25,676.0,,1924,0,706.0,706.0,670.0
2022-06-22,0.0,-3.81,706.0,,270,0,734.0,734.0,706.0
2022-06-21,0.0,5.49,734.0,,1723,0,709.7,739.0,700.0
2022-06-20,0.0,-2.0,695.8,,1133,0,724.0,724.0,695.8
2022-06-19,0.0,-4.7,710.0,,753,0,731.0,743.0,710.0
2022-06-17,0.0,0.0,745.0,,1230,0,750.0,750.0,730.1
2022-06-16,0.0,2.05,745.0,,649,0,744.0,754.0,731.0
2022-06-15,0.0,-3.55,730.0,,1024,0,760.0,760.0,730.0
2022-06-14,0.0,-1.06,756.9,,929,0,750.0,759.0,745.0
2022-06-13,0.0,-1.42,765.0,,1222,0,765.0,765.0,752.1
2022-06-10,0.0,-1.4,776.0,,987,0,787.0,787.0,753.0
2022-06-09,0.0,-1.01,787.0,,1250,0,800.0,800.0,760.0
2022-06-08,0.0,3.65,795.0,,1108,0,775.0,795.0,758.6
2022-06-07,0.0,-2.91,767.0,,1736,0,780.0,780.0,751.0
2022-06-06,0.0,3.27,790.0,,1680,0,780.0,792.0,750.0
2022-06-03,0.0,-2.92,765.0,,539,0,772.3,772.3,754.0
2022-06-02,0.0,-1.38,788.0,,1630,0,790.0,805.0,774.2
2022-06-01,0.0,3.63,799.0,,3698,0,786.0,799.0,750.0
2022-05-31,0.0,-1.15,771.0,,1563,0,780.0,790.0,770.0
2022-05-30,0.0,-2.63,780.0,,3942,0,800.0,800.0,780.0
2022-05-27,0.0,-1.81,801.1,,300,0,816.0,816.0,801.0
2022-05-26,0.0,0.11,815.9,,804,0,822.0,822.0,798.7
2022-05-25,0.0,0.01,815.0,,346,0,819.0,819.0,802.8
2022-05-24,0.0,1.86,814.9,,611,0,785.1,816.0,785.0
2022-05-23,0.0,-1.23,800.0,,1217,0,795.0,827.0,793.8
2022-05-20,0.0,-2.41,810.0,,273,0,830.0,830.0,810.0
2022-05-19,0.0,-0.24,830.0,,461,0,832.0,835.0,816.0
2022-05-18,0.0,0.02,832.0,,1185,0,835.0,835.0,805.0
2022-05-17,0.0,-5.1,819.0,,1562,0,850.0,850.0,819.0
2022-05-12,0.0,-1.93,863.0,,1300,0,881.0,890.0,863.0
2022-05-11,0.0,5.01,880.0,,1320,0,845.0,880.0,845.0
2022-05-10,0.0,1.44,838.0,,1015,0,841.0,845.0,822.0
2022-05-09,0.0,1.05,826.1,,1068,0,810.0,836.0,810.0
2022-05-08,0.0,1.93,817.5,,1854,0,792.0,818.0,772.0
2022-05-05,0.0,-2.08,802.0,,1918,0,806.0,820.0,800.0
2022-05-04,0.0,-1.56,819.0,,1566,0,830.0,830.0,819.0
2022-05-02,0.0,-2.86,832.0,,1203,0,850.0,850.0,832.0
2022-04-28,0.0,-3.64,856.5,,1975,0,888.9,900.0,855.0
2022-04-27,0.0,0.1,888.9,,1161,0,873.0,890.4,873.0
2022-04-26,0.0,1.69,888.0,,1670,0,875.0,908.0,875.0
2022-04-25,0.0,-1.78,873.2,,1603,0,905.0,909.0,873.1
2022-04-24,0.0,7.63,889.0,,3386,0,840.0,896.0,840.0
2022-04-21,0.0,-0.48,826.0,,995,0,846.6,846.6,825.0
2022-04-20,0.0,-3.49,830.0,,2174,0,875.0,875.0,828.0
2022-04-19,0.0,3.12,860.0,,2033,0,835.0,865.0,830.0
2022-04-18,0.0,-2.46,834.0,,3178,0,839.0,855.7,824.0
2022-04-17,0.0,0.0,855.0,,1673,0,865.0,880.0,855.0
2022-04-13,0.0,0.59,855.0,,1752,0,835.0,868.0,835.0
2022-04-12,0.0,-1.51,850.0,,3227,0,855.0,860.0,830.0
2022-04-11,0.0,-3.79,863.0,,3327,0,914.9,914.9,846.0
2022-04-07,0.0,3.22,897.0,,1692,0,865.2,897.0,865.1
2022-04-06,0.0,-1.25,869.0,,2553,0,870.0,896.9,864.0
2022-04-05,0.0,-3.83,880.0,,5800,0,900.0,900.0,873.0
2022-04-04,0.0,0.22,915.0,,1914,0,913.0,931.0,901.0
2022-04-03,0.0,-0.22,913.0,,811,0,915.0,915.0,902.0
2022-03-31,0.0,-0.97,915.0,,1335,0,938.9,939.0,907.1
2022-03-30,0.0,2.1,924.0,,1252,0,915.0,925.2,906.0
2022-03-29,0.0,-1.84,905.0,,2713,0,922.0,926.0,903.6
2022-03-28,0.0,-1.39,922.0,,1238,0,925.0,930.0,921.0
2022-03-27,0.0,-2.21,935.0,,3047,0,941.0,950.0,919.0
2022-03-24,0.0,-0.41,956.1,,1775,0,960.0,975.0,947.0
2022-03-23,0.0,-0.52,960.0,,575,0,965.0,976.0,956.0
2022-03-22,0.0,-0.41,965.0,,2760,0,985.0,985.0,965.0
2022-03-21,0.0,0.73,969.0,,2629,0,956.0,972.0,940.0
2022-03-20,0.0,0.21,962.0,,737,0,946.0,964.9,946.0
2022-03-16,0.0,-2.04,960.0,,2015,0,980.0,980.0,953.0
2022-03-15,0.0,-0.91,980.0,,1824,0,980.0,989.0,970.0
2022-03-14,0.0,1.96,989.0,,1568,0,985.0,989.0,973.0
2022-03-13,0.0,3.52,970.0,,4887,0,948.0,983.0,935.0
2022-03-10,0.0,0.97,937.0,,2956,0,915.0,940.0,915.0
2022-03-09,0.0,-1.17,928.0,,1362,0,940.0,940.0,919.0
2022-03-07,0.0,0.11,939.0,,690,0,938.0,947.8,930.0
2022-03-06,0.0,1.96,938.0,,2027,0,935.0,969.0,930.0
2022-03-02,0.0,-4.17,920.0,,3343,0,979.0,979.0,920.0
2022-02-28,0.0,-2.44,960.0,,3669,0,995.0,1003.0,960.0
2022-02-27,0.0,0.41,984.0,,2026,0,975.0,990.0,966.0
2022-02-24,0.0,-1.51,980.0,,5351,0,980.0,994.0,978.0
2022-02-23,0.0,-0.5,995.0,,2368,0,1010.0,1010.0,988.9
2022-02-22,0.0,-1.96,1000.0,,7620,0,1040.4,1040.4,997.0
2022-02-21,0.0,1.69,1020.0,,5101,0,1019.0,1025.0,983.0
2022-02-20,0.0,-3.09,1003.0,,4884,0,1019.2,1019.2,999.0
2022-02-17,0.0,-2.27,1035.0,,2250,0,1060.0,1060.0,1035.0
2022-02-16,0.0,-1.12,1059.0,,2786,0,1072.0,1072.0,1016.0
2022-02-15,0.0,2.0,1071.0,,1041,0,1070.0,1086.0,1047.0
2022-02-14,0.0,1.35,1050.0,,2354,0,1056.0,1058.0,1030.0
2022-02-13,0.0,-4.95,1036.0,,2477,0,1069.1,1069.1,1036.0
2022-02-10,0.0,-0.46,1090.0,,652,0,1090.0,1099.0,1073.0
2022-02-09,0.0,-0.45,1095.0,,695,0,1080.0,1100.0,1080.0
2022-02-08,0.0,0.0,1100.0,,2624,0,1122.0,1124.0,1090.0
2022-02-07,0.0,0.0,1100.0,,1745,0,1100.0,1108.0,1095.0
2022-02-06,0.0,-1.79,1100.0,,2053,0,1115.0,1116.0,1090.0
2022-02-03,0.0,1.27,1120.0,,5054,0,1113.0,1140.0,1106.0
2022-02-01,0.0,-2.12,1106.0,,7701,0,1117.0,1140.0,1085.9
2022-01-31,0.0,-3.42,1130.0,,5256,0,1170.0,1170.0,1130.0
2022-01-30,0.0,4.28,1170.0,,3478,0,1135.0,1178.0,1130.0
2022-01-27,0.0,1.17,1122.0,,4830,0,1110.0,1122.0,1090.0
2022-01-26,0.0,-1.16,1109.0,,9282,0,1101.0,1123.0,1080.0
2022-01-25,0.0,-0.27,1122.0,,3586,0,1102.5,1140.0,1087.0
2022-01-24,0.0,-2.85,1125.0,,6064,0,1135.0,1140.0,1093.0
2022-01-23,0.0,0.25,1158.0,,2489,0,1169.0,1179.0,1145.0
2022-01-20,0.0,0.44,1155.1,,2617,0,1145.0,1165.0,1140.0
2022-01-19,0.0,-0.61,1150.0,,14397,0,1158.0,1180.0,1130.0
2022-01-18,0.0,-3.18,1157.0,,4805,0,1195.0,1200.0,1135.0
2022-01-17,0.0,-1.16,1195.0,,6067,0,1233.0,1233.0,1183.0
2022-01-16,0.0,3.07,1209.0,,12142,0,1173.0,1220.0,1180.0
2022-01-13,0.0,3.17,1173.0,,7129,0,1140.0,1180.0,1125.0
2022-01-12,0.0,-4.13,1137.0,,7468,0,1209.7,1209.7,1137.0
2022-01-11,0.0,9.92,1186.0,,11001,0,1080.0,1186.0,1071.0
2022-01-10,0.0,-0.09,1079.0,,1588,0,1098.0,1098.0,1065.0
2022-01-09,0.0,2.86,1080.0,,5079,0,1070.0,1095.0,1060.2
2022-01-06,0.0,0.96,1050.0,,1668,0,1020.1,1060.0,1010.0
2022-01-05,0.0,-4.15,1040.0,,3598,0,1100.0,1100.0,1035.0
2022-01-04,0.0,3.43,1085.0,,5606,0,1029.0,1088.0,1028.1
2022-01-03,0.0,3.76,1049.0,,9752,0,1016.0,1077.0,990.8
2022-01-02,0.0,6.98,1011.0,,4501,0,945.0,1011.0,945.0
2021-12-29,0.0,-1.06,945.0,,870,0,950.0,968.5,945.0
2021-12-28,0.0,0.54,955.1,,1224,0,969.0,969.0,945.0
2021-12-27,0.0,-2.06,950.0,,6898,0,989.0,1020.0,950.0
2021-12-26,0.0,3.41,970.0,,7505,0,938.0,975.0,938.0
2021-12-23,0.0,-1.05,938.0,,2546,0,960.0,966.0,918.0
2021-12-22,0.0,5.57,948.0,,4612,0,900.0,948.0,900.0
2021-12-21,0.0,0.9,898.0,,1354,0,907.0,907.0,885.0
2021-12-20,0.0,0.56,890.0,,610,0,885.0,902.0,880.0
2021-12-16,0.0,-4.74,885.0,,1717,0,911.0,929.2,885.0
2021-12-15,0.0,-0.78,929.0,,2908,0,955.0,988.5,906.0
2021-12-14,0.0,6.4,936.3,,713,0,897.0,936.3,897.0
2021-12-13,0.0,-2.44,880.0,,1980,0,884.1,887.6,867.0
2021-12-12,0.0,-3.53,902.0,,3236,0,935.0,948.0,900.0
2021-12-09,0.0,0.0,935.0,,1122,0,950.9,950.9,918.1
2021-12-08,0.0,-3.61,935.0,,2414,0,950.6,951.1,930.0
2021-12-07,0.0,3.19,970.0,,3201,0,958.8,994.0,946.0
2021-12-06,0.0,-1.57,940.0,,5552,0,955.0,955.0,902.0
2021-12-05,0.0,-4.5,955.0,,3933,0,980.0,990.0,921.0
2021-12-02,0.0,-3.95,1000.0,,7137,0,1050.0,1050.0,968.8
2021-12-01,0.0,-1.78,1041.1,,1229,0,1070.0,1070.0,1041.1
2021-11-30,0.0,-0.66,1060.0,,1321,0,1060.0,1060.0,1050.0
2021-11-29,0.0,-0.74,1067.0,,1074,0,1055.0,1096.0,1055.0
2021-11-28,0.0,-2.27,1075.0,,3196,0,1100.0,1100.0,1065.0
2021-11-25,0.0,-0.9,1100.0,,640,0,1111.0,1120.0,1100.0
2021-11-24,0.0,0.53,1110.0,,1693,0,1100.0,1118.0,1100.0
2021-11-23,0.0,-1.94,1104.1,,1941,0,1130.0,1142.0,1104.1
2021-11-22,0.0,0.24,1126.0,,926,0,1145.0,1145.0,1122.0
2021-11-21,0.0,0.29,1123.3,,2575,0,1120.0,1142.0,1120.0
2021-11-18,0.0,-2.35,1120.0,,1537,0,1147.0,1160.0,1120.0
2021-11-17,0.0,-0.85,1147.0,,5661,0,1178.0,1179.5,1137.0
2021-11-16,0.0,2.36,1156.8,,1922,0,1120.2,1175.0,1120.2
2021-11-15,0.0,0.81,1130.1,,1855,0,1143.4,1188.8,1130.1
2021-11-14,0.0,-1.49,1121.0,,1640,0,1120.0,1146.0,1120.0
2021-11-11,0.0,-1.22,1138.0,,3490,0,1135.0,1155.0,1129.0
2021-11-09,0.0,-3.27,1152.0,,4293,0,1190.0,1205.0,1145.0
2021-11-08,0.0,-2.85,1191.0,,7197,0,1250.5,1250.5,1168.0
2021-11-03,0.0,-1.82,1226.0,,7043,0,1273.0,1274.0,1221.0
2021-11-02,0.0,0.13,1248.7,,3438,0,1227.1,1249.0,1210.0
2021-11-01,0.0,-4.8,1247.1,,6104,0,1290.0,1290.0,1245.0
2021-10-31,0.0,8.78,1310.0,,11123,0,1215.0,1310.0,1215.0
2021-10-28,0.0,3.1,1433.1,,38152,0,1415.0,1433.1,1386.0
2021-10-27,0.0,0.36,1390.0,,8709,0,1405.0,1405.0,1372.0
2021-10-26,0.0,2.59,1385.0,,11856,0,1375.0,1426.0,1340.0
2021-10-25,0.0,1.58,1350.0,,21317,0,1355.5,1360.0,1320.0
2021-10-24,0.0,1.84,1329.0,,3901,0,1310.0,1334.0,1310.0
2021-10-21,0.0,-0.76,1305.0,,919,0,1339.0,1339.0,1286.1
2021-10-20,0.0,1.54,1315.0,,1642,0,1320.0,1346.4,1297.0
2021-10-19,0.0,-1.15,1295.0,,3768,0,1284.0,1323.0,1260.0
2021-10-18,0.0,-2.32,1310.0,,4094,0,1315.0,1400.0,1289.0
2021-10-17,0.0,2.37,1341.1,,888,0,1336.2,1350.0,1311.0
2021-10-11,0.0,-4.52,1310.0,,13533,0,1345.0,1345.0,1273.1
2021-10-10,0.0,-4.73,1372.0,,8970,0,1440.0,1441.1,1350.0
2021-10-06,0.0,0.53,1440.1,,10913,0,1450.0,1450.0,1367.0
2021-10-05,0.0,9.94,1432.5,,7568,0,1329.0,1432.5,1315.0
2021-10-04,0.0,0.7,1303.0,,3106,0,1300.0,1313.9,1276.0
2021-10-03,0.0,0.0,1294.0,,34897,0,1299.0,1344.0,1280.0
2021-09-30,0.0,5.29,1294.0,,24444,0,1253.5,1351.9,1253.5
2021-09-29,0.0,3.88,1229.0,,1789,0,1159.5,1229.0,1159.5
2021-09-28,0.0,-4.97,1183.1,,3818,0,1220.1,1245.0,1183.0
2021-09-27,0.0,-1.59,1245.0,,5180,0,1290.0,1315.0,1200.0
2021-09-26,0.0,-4.23,1265.1,,1414,0,1300.0,1310.0,1261.0
2021-09-23,0.0,-0.3,1321.0,,2185,0,1335.0,1345.0,1300.0
2021-09-22,0.0,1.92,1325.0,,2330,0,1324.0,1337.0,1301.0
2021-09-21,0.0,0.92,1300.0,,5196,0,1266.0,1320.9,1264.0
2021-09-20,0.0,-6.25,1288.1,,6159,0,1350.0,1350.0,1275.0
2021-09-16,0.0,-3.92,1374.0,,7052,0,1401.4,1401.4,1347.0
2021-09-15,0.0,-1.38,1430.0,,1921,0,1479.0,1479.0,1423.0
2021-09-14,0.0,0.69,1450.0,,6698,0,1460.0,1489.0,1432.0
2021-09-13,0.0,-1.77,1440.0,,3213,0,1480.0,1480.0,1431.0
2021-09-12,0.0,2.65,1466.0,,38435,0,1456.0,1470.0,1420.0
2021-09-09,0.0,0.93,1428.1,,1644,0,1440.0,1460.0,1419.0
2021-09-08,0.0,-5.29,1415.0,,10940,0,1465.0,1488.0,1360.0
2021-09-07,0.0,-0.07,1494.0,,4390,0,1467.0,1494.0,1432.0
2021-09-06,0.0,5.1,1495.0,,7223,0,1450.0,1530.0,1419.0
2021-09-05,0.0,-4.2,1422.4,,4511,0,1456.0,1514.0,1402.2
2021-09-02,0.0,-3.28,1484.7,,4358,0,1533.7,1533.7,1484.7
2021-09-01,0.0,-1.6,1535.0,,3240,0,1540.1,1570.0,1534.0
2021-08-31,0.0,-6.59,1560.0,,25365,0,1670.0,1670.0,1534.0
2021-08-29,0.0,6.3,1670.0,,14188,0,1575.0,1670.7,1470.2
2021-08-26,0.0,4.73,1571.0,,5063,0,1480.0,1571.0,1480.0
2021-08-25,0.0,-2.56,1500.0,,8629,0,1511.0,1515.0,1480.0
2021-08-24,0.0,-3.36,1539.4,,9772,0,1593.0,1600.0,1509.2
2021-08-19,0.0,-0.31,1593.0,,8193,0,1598.0,1615.0,1541.0
2021-08-18,0.0,0.19,1598.0,,20535,0,1588.0,1610.0,1565.0
2021-08-17,0.0,-1.48,1595.0,,4458,0,1619.0,1619.0,1591.0
2021-08-16,0.0,2.08,1619.0,,34943,0,1600.0,1647.0,1588.0
2021-08-15,0.0,-2.34,1586.0,,19281,0,1591.6,1600.1,1529.0
2021-08-12,0.0,0.19,1624.0,,8725,0,1621.0,1635.0,1580.0
2021-08-11,0.0,-1.7,1621.0,,1944,0,1641.0,1641.0,1621.0
2021-08-10,0.0,0.61,1649.0,,4291,0,1639.0,1658.0,1635.0
2021-08-09,0.0,-0.97,1639.0,,7025,0,1684.0,1688.0,1614.0
2021-08-08,0.0,-2.65,1655.0,,12950,0,1707.0,1707.0,1635.0
2021-08-05,0.0,-1.16,1700.0,,7837,0,1685.6,1718.0,1680.0
2021-08-04,0.0,-1.26,1720.0,,5487,0,1742.0,1742.0,1692.0
2021-08-03,0.0,0.75,1742.0,,19913,0,1763.5,1782.0,1700.0
2021-08-02,0.0,0.01,1729.0,,8452,0,1730.0,1730.0,1696.0
2021-08-01,0.0,3.84,1728.9,,10148,0,1665.0,1739.0,1665.0
2021-07-29,0.0,-1.98,1665.0,,4628,0,1730.0,1730.0,1651.0
2021-07-28,0.0,1.12,1698.7,,6157,0,1680.0,1698.7,1652.0
2021-07-27,0.0,-2.67,1679.9,,7746,0,1691.5,1703.0,1630.0
2021-07-26,0.0,0.47,1726.0,,21890,0,1692.0,1754.0,1692.0
2021-07-25,0.0,-0.69,1718.0,,12598,0,1740.0,1740.0,1709.0
2021-07-22,0.0,-2.64,1730.0,,9031,0,1811.0,1811.0,1700.0
2021-07-20,0.0,-1.28,1777.0,,4426,0,1805.0,1805.0,1745.0
2021-07-19,0.0,2.62,1800.0,,13178,0,1741.0,1808.0,1719.0
2021-07-18,0.0,3.18,1754.0,,18066,0,1727.0,1754.0,1705.0
2021-07-15,0.0,-2.86,1700.0,,11793,0,1720.0,1740.0,1681.0
2021-07-14,0.0,1.39,1750.0,,11924,0,1723.0,1754.0,1695.0
2021-07-13,0.0,2.74,1726.0,,26632,0,1680.0,1740.0,1660.0
2021-07-12,0.0,-0.59,1680.0,,13147,0,1774.0,1774.0,1624.0
2021-07-11,0.0,0.6,1690.0,,19799,0,1725.0,1740.0,1646.0
2021-07-08,0.0,5.0,1680.0,,27462,0,1600.0,1708.0,1600.0
2021-07-07,0.0,3.16,1600.0,,39570,0,1557.0,1628.0,1526.0
2021-07-06,0.0,3.82,1551.0,,32230,0,1504.0,1570.0,1500.0
2021-07-05,0.0,-2.03,1494.0,,5169,0,1500.0,1508.0,1476.0
2021-07-04,0.0,0.66,1525.0,,24447,0,1550.0,1550.0,1490.0
2021-07-01,0.0,0.87,1515.0,,31721,0,1495.0,1535.0,1485.0
2021-06-30,0.0,0.47,1502.0,,19659,0,1475.0,1513.0,1445.0
2021-06-29,0.0,2.47,1495.0,,28145,0,1500.0,1550.0,1470.0
2021-06-28,0.0,8.07,1459.0,,63331,0,1365.0,1485.0,1365.0
2021-06-27,0.0,-0.66,1350.0,,6274,0,1359.0,1370.0,1343.0
2021-06-24,0.0,1.34,1359.0,,8405,0,1340.0,1380.0,1326.0
2021-06-23,0.0,-1.76,1341.0,,8939,0,1365.0,1365.0,1338.0
2021-06-22,0.0,3.41,1365.0,,4976,0,1386.0,1386.0,1296.0
2021-06-21,0.0,-2.94,1320.0,,10162,0,1350.0,1383.0,1320.0
2021-06-20,0.0,-2.51,1360.0,,10820,0,1340.0,1430.0,1340.0
2021-06-17,0.0,-0.85,1395.0,,7266,0,1407.0,1436.0,1379.0
2021-06-16,0.0,3.3,1407.0,,19506,0,1362.0,1498.0,1362.0
2021-06-15,0.0,-1.23,1362.0,,6515,0,1380.0,1434.0,1357.0
2021-06-14,0.0,-0.58,1379.0,,5564,0,1410.0,1410.0,1379.0
2021-06-13,0.0,-0.57,1387.0,,8086,0,1389.0,1420.0,1370.0
2021-06-10,0.0,-0.85,1395.0,,5825,0,1407.0,1430.0,1385.0
2021-06-09,0.0,-0.01,1407.0,,10819,0,1395.0,1448.0,1393.0
2021-06-08,0.0,-1.93,1421.0,,5408,0,1426.0,1429.0,1415.0
2021-06-07,0.0,0.69,1449.0,,8779,0,1440.0,1469.0,1433.0
2021-06-06,0.0,-0.96,1439.0,,8723,0,1500.0,1500.0,1436.0
2021-06-03,0.0,1.18,1453.0,,11260,0,1450.0,1480.0,1450.0
2021-06-02,0.0,4.66,1436.0,,31377,0,1372.0,1439.0,1375.0
2021-06-01,0.0,-0.94,1372.0,,2076,0,1359.0,1408.0,1359.0
2021-05-31,0.0,0.0,1385.0,,14860,0,1411.0,1440.0,1375.0
2021-05-30,0.0,-4.35,1385.0,,16040,0,1448.0,1450.0,1377.0
2021-05-27,0.0,-4.55,1448.0,,35711,0,1487.0,1487.0,1422.0
2021-05-25,0.0,-0.85,1517.0,,14490,0,1510.0,1536.0,1500.0
2021-05-24,0.0,-1.92,1530.0,,22389,0,1555.0,1555.0,1510.0
2021-05-23,0.0,0.0,1560.0,,19080,0,1540.0,1560.0,1503.0
2021-05-20,0.0,4.35,1560.0,,29884,0,1510.0,1561.0,1467.0
2021-05-19,0.0,-0.66,1495.0,,9141,0,1580.0,1580.0,1458.0
2021-05-18,0.0,3.08,1505.0,,23684,0,1460.0,1510.0,1438.0
2021-05-17,0.0,-0.68,1460.0,,8373,0,1453.0,1470.0,1440.0
2021-05-16,0.0,0.55,1470.0,,8487,0,1462.0,1490.0,1453.0
2021-05-13,0.0,-1.95,1462.0,,17690,0,1470.0,1550.0,1462.0
2021-05-12,0.0,4.63,1491.0,,25401,0,1395.0,1550.0,1390.0
2021-05-11,0.0,5.32,1425.0,,31672,0,1380.0,1435.0,1353.0
2021-05-10,0.0,1.35,1353.0,,5450,0,1350.0,1355.0,1315.0
2021-05-09,0.0,-1.18,1335.0,,11415,0,1349.0,1359.0,1325.0
2021-05-06,0.0,-2.67,1351.0,,16677,0,1399.0,1400.0,1345.0
2021-05-05,0.0,-1.21,1388.0,,25316,0,1430.0,1433.0,1370.0
2021-05-04,0.0,3.23,1405.0,,37631,0,1293.0,1414.0,1293.0
2021-05-03,0.0,5.5,1361.0,,36125,0,1226.0,1361.0,1226.0
2021-05-02,0.0,1.18,1290.0,,21686,0,1212.0,1300.0,1212.0
2021-04-29,0.0,2.0,1275.0,,11628,0,1275.0,1290.0,1255.0
2021-04-28,0.0,-0.64,1250.0,,4108,0,1283.0,1300.0,1217.0
2021-04-27,0.0,4.4,1258.0,,7761,0,1228.0,1263.0,1206.0
2021-04-26,0.0,-0.25,1205.0,,11897,0,1200.0,1259.0,1200.0
2021-04-25,0.0,-5.62,1208.0,,11554,0,1299.0,1299.0,1208.0
2021-04-22,0.0,-0.7,1280.0,,7627,0,1281.0,1294.0,1270.0
2021-04-21,0.0,-0.85,1289.0,,11928,0,1300.0,1315.0,1274.0
2021-04-20,0.0,0.39,1300.0,,7805,0,1290.0,1318.0,1270.0
2021-04-19,0.0,1.01,1295.0,,28808,0,1259.0,1315.0,1259.0
2021-04-18,0.0,-0.62,1282.0,,10487,0,1315.0,1315.0,1266.0
2021-04-15,0.0,0.39,1290.0,,17793,0,1286.0,1389.0,1267.0
2021-04-13,0.0,-1.08,1285.0,,23256,0,1300.0,1324.0,1281.0
2021-04-12,0.0,3.42,1299.0,,26282,0,1265.0,1315.0,1255.0
2021-04-08,0.0,3.37,1256.0,,30307,0,1210.0,1262.0,1198.0
2021-04-07,0.0,2.27,1215.0,,30850,0,1171.0,1245.0,1171.0
2021-04-06,0.0,0.76,1188.0,,11283,0,1184.0,1192.0,1165.0
2021-04-05,0.0,-0.08,1179.0,,9735,0,1190.0,1200.0,1170.0
2021-04-04,0.0,0.0,1180.0,,8273,0,1200.0,1200.0,1170.0
2021-04-01,0.0,-2.48,1180.0,,12267,0,1270.0,1270.0,1170.0
2021-03-31,0.0,0.0,1210.0,,34554,0,1210.0,1240.0,1210.0
2021-03-30,0.0,3.51,1210.0,,28167,0,1169.0,1214.0,1160.0
2021-03-29,0.0,-0.68,1169.0,,13510,0,1217.0,1217.0,1151.0
2021-03-25,0.0,1.55,1177.0,,41931,0,1216.0,1216.0,1169.0
2021-03-24,0.0,8.22,1159.0,,47734,0,1024.0,1161.0,1024.0
2021-03-23,0.0,-0.37,1071.0,,3889,0,1128.0,1128.0,1040.0
2021-03-22,0.0,-0.56,1075.0,,16703,0,1102.0,1102.0,1050.0
2021-03-21,0.0,6.5,1081.0,,12649,0,1035.0,1110.0,1015.0
2021-03-18,0.0,2.63,1015.0,,7381,0,1000.0,1020.0,1000.0
2021-03-17,0.0,3.56,989.0,,2382,0,970.0,994.0,955.0
2021-03-16,0.0,0.0,955.0,,5402,0,955.0,974.0,948.0
2021-03-15,0.0,0.0,955.0,,3105,0,954.0,970.0,954.0
2021-03-14,0.0,-3.54,955.0,,4411,0,975.0,990.0,947.0
2021-03-10,0.0,-0.1,990.0,,1304,0,979.0,998.0,976.0
2021-03-09,0.0,-1.69,991.0,,2724,0,1000.0,1018.0,990.0
2021-03-08,0.0,-1.66,1008.0,,3173,0,1025.0,1026.0,1006.0
2021-03-04,0.0,6.11,1025.0,,5849,0,1014.0,1046.0,988.0
2021-03-03,0.0,-0.6,1000.0,,14970,0,1010.0,1012.0,985.0
2021-03-02,0.0,-2.8,1006.0,,11039,0,1040.0,1040.0,1006.0
2021-03-01,0.0,0.0,1035.0,,4147,0,1071.0,1071.0,1012.0
2021-02-28,0.0,-4.04,1021.0,,5969,0,1064.0,1064.0,1021.0
2021-02-25,0.0,0.0,1064.0,,6307,0,1096.0,1100.0,1056.0
2021-02-24,0.0,2.24,1095.0,,6779,0,1092.0,1110.0,1079.0
2021-02-23,0.0,-1.29,1071.0,,8657,0,1065.0,1077.0,1044.0
2021-02-22,0.0,-1.9,1085.0,,7166,0,1100.0,1128.0,1072.0
2021-02-21,0.0,-0.02,1106.0,,5349,0,1140.0,1149.0,1091.0
2021-02-18,0.0,-0.01,1128.0,,4331,0,1118.0,1134.0,1118.0
2021-02-17,0.0,0.0,1140.0,,8300,0,1137.0,1140.0,1108.0
2021-02-16,0.0,-0.02,1137.0,,22062,0,1187.0,1220.0,1118.0
2021-02-15,0.0,0.1,1164.0,,17500,0,1071.0,1164.0,1070.0
2021-02-14,0.0,-0.03,1059.0,,9203,0,1100.0,1110.0,1050.0
2021-02-11,0.0,-0.04,1092.0,,12530,0,1150.0,1164.0,1092.0
2021-02-10,0.0,-0.01,1142.0,,10788,0,1150.0,1160.0,1127.0
2021-02-09,0.0,-0.04,1141.0,,16308,0,1160.0,1170.0,1132.0
2021-02-08,0.0,-0.05,1188.0,,35768,0,1314.0,1314.0,1175.0
2021-02-07,0.0,0.1,1252.0,,43240,0,1141.0,1252.0,1117.0
2021-02-04,0.0,0.04,1139.0,,23691,0,1080.0,1139.0,1075.0
2021-02-03,0.0,-0.02,1094.0,,22491,0,1142.0,1145.0,1073.0
2021-02-02,0.0,0.01,1124.0,,12105,0,1110.0,1149.0,1110.0
2021-02-01,0.0,-0.03,1114.0,,17376,0,1166.0,1189.0,1097.0
2021-01-31,0.0,0.06,1145.0,,52784,0,1134.0,1150.0,1086.0
2021-01-28,0.0,0.06,1080.0,,37692,0,1022.0,1120.0,1022.0
2021-01-27,0.0,0.01,1022.0,,18922,0,1000.0,1033.0,1000.0
2021-01-26,0.0,0.0,1008.0,,12029,0,1010.0,1027.0,996.0
2021-01-25,0.0,-0.03,1010.0,,18918,0,1031.0,1039.0,992.0
2021-01-24,0.0,0.0,1040.0,,21774,0,1095.0,1116.0,1040.0
2021-01-21,0.0,0.04,1043.0,,21898,0,1000.0,1045.0,1000.0
2021-01-20,0.0,-0.03,1000.0,,22556,0,1065.0,1065.0,971.0
2021-01-19,0.0,0.07,1035.0,,80155,0,1016.0,1064.0,970.0
2021-01-18,0.0,0.1,968.0,,11699,0,875.0,968.0,863.0
2021-01-12,0.0,-0.02,880.0,,23564,0,915.0,930.0,866.0
2021-01-11,0.0,-0.04,900.0,,9510,0,940.0,941.0,895.0
2021-01-10,0.0,0.03,934.0,,12078,0,905.0,954.0,905.0
2021-01-07,0.0,0.08,903.0,,49506,0,849.0,905.0,844.0
2021-01-06,0.0,0.0,838.0,,17725,0,850.0,850.0,829.0
2021-01-05,0.0,0.05,838.0,,9157,0,799.0,853.0,787.0
2021-01-04,0.0,-0.02,799.0,,7665,0,852.0,852.0,799.0
2021-01-03,0.0,0.03,812.0,,9072,0,802.0,817.0,796.0
2020-12-31,0.0,-0.02,792.0,,6411,0,800.0,815.0,787.0
2020-12-30,0.0,0.02,807.0,,11083,0,780.0,819.0,780.0
2020-12-29,0.0,0.0,788.0,,4814,0,796.0,800.0,788.0
2020-12-28,0.0,-0.01,788.0,,1823,0,796.0,798.0,783.0
2020-12-27,0.0,0.0,796.0,,6384,0,813.0,813.0,782.0
2020-12-24,0.0,-0.03,798.0,,6931,0,819.0,820.0,788.0
2020-12-23,0.0,0.0,820.0,,9412,0,820.0,832.0,790.0
2020-12-22,0.0,0.01,816.0,,9845,0,826.0,842.0,800.0
2020-12-21,0.0,0.03,810.0,,12750,0,771.0,820.0,741.0
2020-12-20,0.0,-0.09,786.0,,19214,0,870.0,870.0,786.0
2020-12-17,0.0,0.03,864.0,,23066,0,840.0,905.0,840.0
2020-12-16,0.0,0.05,840.0,,26190,0,800.0,872.0,765.0
2020-12-15,0.0,0.04,803.0,,28146,0,789.0,821.0,789.0
2020-12-14,0.0,0.05,774.0,,15312,0,733.0,785.0,733.0
2020-12-13,0.0,0.0,735.0,,2840,0,725.0,739.0,725.0
2020-12-10,0.0,0.01,732.0,,1613,0,715.0,732.0,715.0
2020-12-09,0.0,-0.01,728.0,,5071,0,725.0,740.0,718.0
2020-12-08,0.0,-0.02,739.0,,5392,0,755.0,766.0,737.0
2020-12-07,0.0,0.02,751.0,,9473,0,738.0,755.0,710.0
2020-12-06,0.0,-0.08,738.0,,11445,0,800.0,800.0,735.0
2020-12-03,0.0,0.03,799.0,,28693,0,790.0,852.0,790.0
2020-12-02,0.0,0.1,775.0,,28474,0,710.0,777.0,710.0
2020-12-01,0.0,-0.01,707.0,,8403,0,717.0,720.0,701.0
2020-11-30,0.0,0.01,717.0,,10251,0,706.0,721.0,703.0
2020-11-29,0.0,-0.02,708.0,,22327,0,706.0,710.0,692.0
2020-11-26,0.0,-0.02,720.0,,2946,0,740.0,750.0,720.0
2020-11-25,0.0,0.02,735.0,,1696,0,722.0,735.0,715.0
2020-11-24,0.0,0.01,722.0,,1246,0,711.0,729.0,711.0
2020-11-23,0.0,-0.02,717.0,,638,0,744.0,744.0,717.0
2020-11-22,0.0,0.01,730.0,,2404,0,726.0,740.0,716.0
2020-11-19,0.0,0.0,722.0,,2494,0,720.0,722.0,714.0
2020-11-18,0.0,0.0,714.0,,533,0,710.0,714.0,710.0
2020-11-12,0.0,0.0,714.0,,848,0,706.0,719.0,706.0
2020-11-11,0.0,-1.1,719.0,,1115,0,723.0,723.0,713.0
2020-11-10,0.0,-0.27,727.0,,1369,0,720.0,734.0,720.0
2020-11-09,0.0,3.4,729.0,,6268,0,703.0,733.0,700.0
2020-11-08,0.0,-2.76,705.0,,1777,0,725.0,725.0,705.0
2020-11-05,0.0,-2.03,725.0,,2319,0,740.0,752.0,725.0
2020-11-04,0.0,-0.4,740.0,,4302,0,743.0,749.0,740.0
2020-11-03,0.0,1.23,743.0,,4885,0,748.0,761.0,741.0
2020-11-02,0.0,5.31,734.0,,4564,0,710.0,734.0,710.0
2020-11-01,0.0,0.58,697.0,,1991,0,704.0,720.0,692.0
2020-10-29,0.0,-1.28,693.0,,1397,0,700.0,709.0,693.0
2020-10-28,0.0,-1.13,702.0,,586,0,700.0,710.0,690.0
2020-10-22,0.0,1.0,710.0,,2066,0,698.0,710.0,698.0
2020-10-21,0.0,1.01,703.0,,895,0,699.0,709.0,699.0
2020-10-20,0.0,0.87,696.0,,1579,0,700.0,705.0,690.0
2020-10-19,0.0,-1.43,690.0,,192,0,700.0,700.0,688.0
2020-10-18,0.0,-1.69,700.0,,491,0,710.0,710.0,687.0
2020-10-15,0.0,1.71,712.0,,687,0,710.0,712.0,686.0
2020-10-14,0.0,-1.27,700.0,,661,0,705.0,705.0,691.0
2020-10-13,0.0,-0.84,709.0,,962,0,705.0,724.0,698.0
2020-10-12,0.0,-0.97,715.0,,973,0,708.0,715.0,700.0
2020-10-11,0.0,-0.28,722.0,,2420,0,710.0,724.0,705.0
2020-10-08,0.0,0.84,724.0,,1434,0,718.0,724.0,706.0
2020-10-07,0.0,3.46,718.0,,5372,0,685.0,763.0,675.0
2020-10-06,0.0,-0.72,694.0,,1629,0,690.0,695.0,688.0
2020-10-05,0.0,-0.14,699.0,,1160,0,700.0,713.0,695.0
2020-10-04,0.0,-0.57,700.0,,550,0,697.0,705.0,693.0
2020-10-01,0.0,0.72,704.0,,1445,0,693.0,705.0,687.0
2020-09-30,0.0,-0.85,699.0,,1104,0,701.0,701.0,692.0
2020-09-29,0.0,0.0,705.0,,631,0,700.0,709.0,694.0
2020-09-28,0.0,-0.7,705.0,,225,0,710.0,712.0,699.0
2020-09-27,0.0,1.43,710.0,,1116,0,710.0,720.0,702.0
2020-09-24,0.0,-1.41,700.0,,1210,0,715.0,716.0,700.0
2020-09-23,0.0,-0.7,710.0,,547,0,702.0,740.0,690.0
2020-09-22,0.0,0.0,715.0,,1189,0,711.0,720.0,704.0
2020-09-21,0.0,-2.72,715.0,,704,0,735.0,737.0,710.0
2020-09-20,0.0,1.8,735.0,,4216,0,712.0,755.0,712.0
2020-09-17,0.0,0.98,722.0,,1269,0,711.0,729.0,711.0
2020-09-16,0.0,-0.69,715.0,,371,0,710.0,719.0,710.0
2020-09-15,0.0,-2.57,720.0,,976,0,725.0,730.0,716.0
2020-09-14,0.0,0.27,739.0,,4540,0,725.0,752.0,722.0
2020-09-13,0.0,-1.07,737.0,,3353,0,759.0,759.0,733.0
2020-09-10,0.0,3.19,745.0,,8349,0,735.0,760.0,726.0
2020-09-09,0.0,6.96,722.0,,5389,0,674.0,742.0,674.0
2020-09-08,0.0,-0.59,675.0,,958,0,670.0,683.0,670.0
2020-09-07,0.0,-1.88,679.0,,1165,0,690.0,690.0,679.0
2020-09-06,0.0,1.17,692.0,,1576,0,718.0,718.0,682.0
2020-09-03,0.0,-1.01,684.0,,1173,0,695.0,696.0,683.0
2020-09-02,0.0,-0.72,691.0,,1941,0,700.0,702.0,691.0
2020-08-31,0.0,-0.14,696.0,,4725,0,690.0,701.0,684.0
2020-08-30,0.0,-0.43,697.0,,1721,0,700.0,700.0,690.0
2020-08-27,0.0,-0.43,700.0,,2333,0,709.0,709.0,695.0
2020-08-26,0.0,1.88,703.0,,1978,0,703.0,705.0,700.0
2020-08-25,0.0,-0.14,690.0,,4834,0,725.0,725.0,690.0
2020-08-24,0.0,1.47,691.0,,2245,0,680.0,691.0,679.0
2020-08-23,0.0,0.15,681.0,,375,0,682.0,682.0,668.0
2020-08-20,0.0,5.75,680.0,,1045,0,640.0,680.0,632.0
2020-08-19,0.0,-2.58,643.0,,765,0,660.0,660.0,639.0
2020-08-18,0.0,0.0,660.0,,557,0,655.0,670.0,655.0
2020-08-17,0.0,-1.2,660.0,,832,0,669.0,669.0,654.0
2020-08-16,0.0,-1.76,668.0,,385,0,667.0,668.0,655.0
2020-08-13,0.0,0.0,680.0,,2523,0,690.0,720.0,668.0
2020-08-12,0.0,-1.31,680.0,,839,0,702.0,702.0,680.0
2020-08-11,0.0,0.44,689.0,,1319,0,699.0,699.0,686.0
2020-08-10,0.0,1.93,686.0,,3096,0,680.0,686.0,677.0
2020-08-09,0.0,1.97,673.0,,1156,0,661.0,673.0,650.0
2020-08-06,0.0,1.38,660.0,,591,0,664.0,677.0,640.0
2020-08-05,0.0,-2.52,658.0,,1073,0,688.0,688.0,650.0
2020-08-03,0.0,1.5,675.0,,2247,0,655.0,690.0,642.0
2020-08-02,0.0,-5.0,665.0,,2746,0,686.0,700.0,665.0
2020-07-30,0.0,-0.14,700.0,,1818,0,709.0,709.0,688.0
2020-07-29,0.0,-5.01,701.0,,4472,0,738.0,738.0,700.0
2020-07-28,0.0,0.41,738.0,,1604,0,721.0,744.0,721.0
2020-07-27,0.0,-1.07,740.0,,2173,0,762.0,762.0,720.0
2020-07-26,0.0,-1.19,748.0,,2392,0,772.0,775.0,743.0
2020-07-23,0.0,1.2,757.0,,2067,0,735.0,761.0,725.0
2020-07-22,0.0,-1.58,748.0,,4352,0,775.0,790.0,721.0
2020-07-21,0.0,-1.81,760.0,,4794,0,789.0,804.0,755.0
2020-07-20,0.0,-0.77,774.0,,3554,0,808.0,852.0,760.0
2020-07-19,0.0,4.0,780.0,,181,0,765.0,780.0,765.0
2020-07-16,0.0,-2.22,750.0,,5179,0,775.0,789.0,745.0
2020-07-15,0.0,4.64,767.0,,8148,0,747.0,806.0,740.0
2020-07-14,0.0,6.54,733.0,,8218,0,701.0,745.0,701.0
2020-07-13,0.0,-0.29,688.0,,1046,0,690.0,693.0,681.0
2020-07-12,0.0,-2.27,690.0,,2710,0,720.0,725.0,686.0
2020-07-09,0.0,1.0,706.0,,4775,0,693.0,706.0,668.0
2020-07-08,0.0,1.3,699.0,,1944,0,703.0,703.0,676.0
2020-07-07,0.0,9.7,690.0,,3224,0,640.0,691.0,640.0
2020-07-06,0.0,6.61,629.0,,1941,0,597.0,629.0,597.0
2020-07-05,0.0,0.85,590.0,,1691,0,585.0,610.0,580.0
2020-07-02,0.0,-0.85,585.0,,2879,0,600.0,612.0,585.0
2020-07-01,0.0,1.83,590.0,,95,0,557.0,590.0,557.0
2020-05-12,0.0,-1.92,1022.0,,50,0,1022.0,1022.0,1022.0
2020-03-22,0.0,5.89,1042.0,,70,0,1003.0,1063.0,1003.0
2020-03-19,0.0,-1.6,984.0,,11406,0,980.0,1049.0,961.0
2020-03-18,0.0,0.4,1000.0,,2421,0,1000.0,1000.0,927.0
2020-03-17,0.0,-6.74,996.0,,2793,0,1050.0,1059.0,962.0
2020-03-16,0.0,9.88,1068.0,,1970,0,954.0,1069.0,954.0
2020-03-15,0.0,-8.56,972.0,,1937,0,1044.0,1044.0,972.0
2020-03-12,0.0,-4.23,1063.0,,2290,0,1111.0,1111.0,1061.0
2020-03-11,0.0,6.63,1110.0,,3328,0,1050.0,1110.0,1050.0
2020-03-10,0.0,-7.38,1041.0,,4622,0,1070.0,1112.0,1041.0
2020-03-05,0.0,2.0,1124.0,,8557,0,1080.0,1168.0,1021.0
2020-03-04,0.0,-9.97,1102.0,,3443,0,1201.0,1201.0,1102.0
2020-03-03,0.0,-4.23,1224.0,,6176,0,1278.0,1253.0,1160.0
2020-03-02,0.0,-5.26,1278.0,,2453,0,1324.0,1374.0,1278.0
2020-03-01,0.0,-5.13,1349.0,,14047,0,1422.0,1549.0,1349.0
2020-02-27,0.0,2.52,1422.0,,18324,0,1414.0,1499.0,1340.0
2020-02-26,0.0,9.47,1387.0,,15231,0,1290.0,1393.0,1290.0
2020-02-25,0.0,3.51,1267.0,,3512,0,1215.0,1280.0,1192.0
2020-02-24,0.0,-4.75,1224.0,,4061,0,1285.0,1270.0,1197.0
2020-02-23,0.0,1.18,1285.0,,3916,0,1293.0,1320.0,1260.0
2020-02-20,0.0,2.42,1270.0,,7415,0,1240.0,1285.0,1220.0
2020-02-19,0.0,9.64,1240.0,,5542,0,1150.0,1240.0,1147.0
2020-02-18,0.0,-1.65,1131.0,,1477,0,1135.0,1150.0,1127.0
2020-02-17,0.0,0.26,1150.0,,4640,0,1125.0,1160.0,1125.0
2020-02-16,0.0,2.87,1147.0,,2413,0,1100.0,1147.0,1078.0
2020-02-13,0.0,0.45,1115.0,,871,0,1090.0,1119.0,1090.0
2020-02-12,0.0,-1.24,1110.0,,1421,0,1110.0,1116.0,1083.0
2020-02-11,0.0,3.98,1124.0,,16437,0,1102.0,1150.0,1098.0
2020-02-10,0.0,8.1,1081.0,,5991,0,1020.0,1094.0,1014.0
2020-02-09,0.0,2.04,1000.0,,8009,0,975.0,1020.0,971.0
2020-02-06,0.0,-1.01,980.0,,1723,0,1000.0,1000.0,967.0
2020-02-05,0.0,3.02,990.0,,3374,0,961.0,1006.0,954.0
2020-02-04,0.0,0.63,961.0,,2911,0,974.0,995.0,960.0
2020-02-03,0.0,-2.05,955.0,,1057,0,994.0,1013.0,931.0
2020-02-02,0.0,2.96,975.0,,1663,0,947.0,994.0,931.0
2020-01-30,0.0,1.28,947.0,,1030,0,934.0,953.0,923.0
2020-01-29,0.0,7.47,935.0,,4803,0,885.0,935.0,875.0
2020-01-28,0.0,0.23,870.0,,1092,0,865.0,871.0,854.0
2020-01-27,0.0,-0.23,868.0,,754,0,853.0,870.0,854.0
2020-01-26,0.0,-3.4,825.0,,1250,0,854.0,854.0,825.0
2020-01-23,0.0,-4.26,854.0,,1120,0,892.0,892.0,849.0
2020-01-22,0.0,1.94,892.0,,560,0,858.0,892.0,847.0
2020-01-21,0.0,1.74,875.0,,1222,0,875.0,875.0,829.0
2020-01-20,0.0,-2.82,860.0,,1552,0,900.0,900.0,840.0
2020-01-19,0.0,3.15,885.0,,1826,0,870.0,897.0,857.0
2020-01-16,0.0,5.22,847.0,,2409,0,821.0,847.0,805.0
2020-01-15,0.0,0.62,805.0,,1322,0,801.0,820.0,800.0
2020-01-14,0.0,-0.12,800.0,,2022,0,805.0,815.0,785.0
2020-01-13,0.0,-5.99,801.0,,1469,0,869.0,869.0,801.0
2020-01-12,0.0,5.29,836.0,,5985,0,794.0,836.0,779.0
2020-01-09,0.0,9.07,794.0,,5428,0,742.0,800.0,742.0
2020-01-08,0.0,5.05,728.0,,2097,0,680.0,742.0,680.0
2020-01-07,0.0,10.0,693.0,,1780,0,618.0,693.0,618.0
2020-01-06,0.0,5.88,630.0,,1572,0,605.0,630.0,594.0
2020-01-05,0.0,0.51,595.0,,967,0,603.0,615.0,595.0
2020-01-02,0.0,3.86,592.0,,727,0,580.0,600.0,570.0
2020-01-01,0.0,-2.23,570.0,,251,0,594.0,594.0,564.0
2019-12-31,0.0,7.76,583.0,,138,0,539.0,583.0,539.0
2019-12-30,0.0,0.19,541.0,,221,0,545.0,550.0,539.0
2019-12-29,0.0,-1.28,540.0,,344,0,538.0,545.0,538.0
2019-12-26,0.0,-0.91,547.0,,109,0,541.0,547.0,532.0
2019-12-25,0.0,0.18,552.0,,363,0,541.0,552.0,541.0
2019-12-24,0.0,-2.48,551.0,,378,0,555.0,559.0,550.0
2019-12-23,0.0,0.89,565.0,,1322,0,560.0,565.0,540.0
2019-12-22,0.0,-1.58,560.0,,70,0,560.0,560.0,558.0
2019-12-19,0.0,-1.39,569.0,,668,0,566.0,569.0,524.0
2019-12-18,0.0,-6.03,577.0,,247,0,602.0,602.0,556.0
2019-12-17,0.0,0.0,614.0,,21,0,626.0,626.0,614.0
2019-12-16,0.0,-0.16,614.0,,20,0,626.0,626.0,614.0
2019-12-15,0.0,1.65,615.0,,11,0,615.0,615.0,615.0
2019-12-12,0.0,2.54,605.0,,84,0,601.0,605.0,595.0
2019-12-11,0.0,2.25,590.0,,1658,0,585.0,599.0,580.0
2019-12-10,0.0,1.94,577.0,,706,0,570.0,577.0,555.0
2019-12-09,0.0,4.81,566.0,,1380,0,550.0,580.0,540.0
2019-12-08,0.0,4.85,540.0,,1576,0,505.0,540.0,505.0
2019-12-05,0.0,5.1,515.0,,1343,0,499.0,515.0,499.0
2019-12-04,0.0,7.69,490.0,,716,0,464.0,500.0,464.0
2019-12-03,0.0,-0.22,455.0,,11,0,455.0,455.0,455.0
2019-12-02,0.0,0.22,456.0,,60,0,460.0,460.0,452.0
2019-11-28,0.0,-0.66,455.0,,147,0,455.0,460.0,455.0
2019-11-27,0.0,2.69,458.0,,185,0,445.0,460.0,445.0
2019-11-26,0.0,1.36,446.0,,59,0,438.0,446.0,438.0
2019-11-25,0.0,-2.0,440.0,,196,0,450.0,450.0,440.0
2019-11-24,0.0,-1.32,449.0,,317,0,449.0,449.0,449.0
2019-11-21,0.0,0.0,455.0,,35,0,455.0,455.0,455.0
2019-11-20,0.0,0.0,455.0,,459,0,450.0,455.0,450.0
2019-11-19,0.0,1.11,455.0,,279,0,455.0,455.0,447.0
2019-11-18,0.0,-3.02,450.0,,5069,0,456.0,456.0,450.0
2019-11-14,0.0,2.65,464.0,,41,0,452.0,464.0,451.0
2019-11-13,0.0,-0.44,452.0,,208,0,448.0,460.0,448.0
2019-11-12,0.0,-1.52,454.0,,211,0,452.0,461.0,452.0
2019-11-11,0.0,1.99,461.0,,146,0,452.0,461.0,452.0
2019-11-10,0.0,-1.74,452.0,,16,0,452.0,452.0,452.0
2019-11-07,0.0,-0.65,460.0,,639,0,459.0,460.0,459.0
2019-11-06,0.0,-1.49,463.0,,46,0,463.0,464.0,462.0
2019-11-05,0.0,5.62,470.0,,97,0,445.0,470.0,445.0
2019-11-04,0.0,0.23,445.0,,109,0,440.0,445.0,440.0
2019-11-03,0.0,-1.77,444.0,,42,0,444.0,444.0,444.0
2019-10-31,0.0,-1.74,452.0,,249,0,453.0,453.0,444.0
2019-10-23,0.0,0.0,460.0,,211,0,460.0,460.0,456.0
2019-10-22,0.0,-1.5,460.0,,37,0,467.0,467.0,460.0
2019-10-21,0.0,-1.68,467.0,,94,0,467.0,467.0,466.0
2019-10-17,0.0,1.93,475.0,,42,0,467.0,475.0,467.0
2019-10-16,0.0,-1.89,466.0,,74,0,467.0,467.0,466.0
2019-10-15,0.0,-1.86,475.0,,20,0,475.0,475.0,475.0
2019-10-14,0.0,3.86,484.0,,20,0,475.0,484.0,475.0
2019-10-10,0.0,0.0,466.0,,16,0,466.0,466.0,466.0
2019-10-02,0.0,-1.48,466.0,,90,0,467.0,467.0,466.0
2019-10-01,0.0,0.21,473.0,,159,0,480.0,481.0,472.0
2019-09-30,0.0,-1.67,472.0,,291,0,473.0,474.0,472.0
2019-09-29,0.0,0.84,480.0,,3629,0,476.0,480.0,476.0
2019-09-26,0.0,-1.86,476.0,,77,0,480.0,480.0,476.0
2019-09-24,0.0,-4.9,485.0,,495,0,515.0,510.0,475.0
2019-09-23,0.0,0.79,510.0,,60,0,516.0,516.0,510.0
2019-09-22,0.0,1.61,506.0,,57,0,500.0,506.0,500.0
2019-09-19,0.0,-3.86,498.0,,231,0,508.0,508.0,498.0
2019-09-18,0.0,5.71,518.0,,382,0,498.0,518.0,498.0
2019-09-17,0.0,0.62,490.0,,518,0,485.0,500.0,485.0
2019-09-16,0.0,-1.81,487.0,,142,0,498.0,498.0,487.0
2019-09-15,0.0,0.2,496.0,,11,0,496.0,496.0,496.0
2019-09-12,0.0,1.02,495.0,,21,0,499.0,499.0,495.0
2019-09-11,0.0,-2.0,490.0,,39,0,500.0,500.0,490.0
2019-09-10,0.0,1.01,500.0,,42,0,495.0,500.0,495.0
2019-09-09,0.0,-3.7,495.0,,212,0,514.0,514.0,494.0
2019-09-08,0.0,-1.34,514.0,,103,0,514.0,520.0,514.0
2019-09-05,0.0,-1.51,521.0,,129,0,525.0,525.0,520.0
2019-09-04,0.0,3.73,529.0,,434,0,510.0,530.0,510.0
2019-09-03,0.0,5.15,510.0,,565,0,494.0,510.0,490.0
2019-09-02,0.0,-1.02,485.0,,266,0,499.0,499.0,485.0
2019-09-01,0.0,-2.0,490.0,,22,0,490.0,490.0,490.0
2019-08-29,0.0,-0.2,500.0,,78,0,501.0,501.0,500.0
2019-08-28,0.0,-2.91,501.0,,457,0,510.0,510.0,501.0
2019-08-27,0.0,-1.71,516.0,,41,0,535.0,535.0,516.0
2019-08-26,0.0,-1.87,525.0,,11,0,525.0,525.0,525.0
2019-08-25,0.0,1.9,535.0,,241,0,515.0,545.0,505.0
2019-08-22,0.0,5.42,525.0,,42,0,507.0,525.0,507.0
2019-08-21,0.0,0.0,498.0,,454,0,490.0,508.0,490.0
2019-08-19,0.0,1.84,498.0,,44,0,481.0,498.0,481.0
2019-08-18,0.0,-2.98,489.0,,168,0,494.0,494.0,489.0
2019-08-15,0.0,-2.14,504.0,,116,0,505.0,505.0,495.0
2019-08-14,0.0,0.98,515.0,,383,0,500.0,515.0,505.0
2019-08-13,0.0,-0.97,510.0,,421,0,515.0,517.0,510.0
2019-08-12,0.0,0.0,515.0,,11,0,515.0,515.0,515.0
2019-08-11,0.0,0.98,515.0,,507,0,506.0,515.0,506.0
2019-08-08,0.0,-0.97,510.0,,32,0,506.0,515.0,510.0
2019-08-07,0.0,0.78,515.0,,1116,0,502.0,530.0,502.0
2019-08-06,0.0,-3.4,511.0,,1482,0,525.0,525.0,511.0
2019-08-05,0.0,-5.7,529.0,,616,0,550.0,551.0,519.0
2019-08-04,0.0,-4.27,561.0,,1923,0,576.0,588.0,550.0
2019-08-01,0.0,6.55,586.0,,1784,0,550.0,588.0,527.0
2019-07-31,0.0,10.0,550.0,,1080,0,500.0,550.0,500.0
2019-07-30,0.0,-1.96,500.0,,302,0,509.0,510.0,500.0
2019-07-29,0.0,0.99,510.0,,286,0,510.0,510.0,500.0
2019-07-28,0.0,-0.79,505.0,,1907,0,500.0,505.0,500.0
2019-07-25,0.0,-0.2,509.0,,302,0,500.0,509.0,500.0
2019-07-24,0.0,2.0,510.0,,152,0,500.0,510.0,500.0
2019-07-23,0.0,0.0,500.0,,37,0,495.0,500.0,495.0
2019-07-22,0.0,-0.2,500.0,,126,0,501.0,502.0,500.0
2019-07-21,0.0,-3.65,501.0,,263,0,500.0,510.0,500.0
2019-07-18,0.0,2.97,520.0,,200,0,500.0,520.0,500.0
2019-07-17,0.0,-9.01,505.0,,813,0,528.0,528.0,500.0
2019-07-16,0.0,8.82,555.0,,1805,0,510.0,555.0,482.0
2019-07-15,0.0,-0.97,510.0,,157,0,510.0,525.0,481.0
2019-07-14,0.0,-0.58,515.0,,46,0,515.0,515.0,515.0
2019-07-11,0.0,1.01,500.0,,370,0,471.0,500.0,458.0
2019-07-10,0.0,-9.67,495.0,,213,0,538.0,538.0,495.0
2019-07-09,0.0,-1.97,548.0,,339,0,532.0,548.0,505.0
2019-07-08,0.0,2.95,559.0,,20,0,570.0,570.0,559.0
2019-07-04,0.0,-1.54,510.0,,381,0,493.0,510.0,493.0
2019-07-03,0.0,1.77,518.0,,197,0,500.0,518.0,495.0
2019-07-02,0.0,-5.39,509.0,,35,0,512.0,512.0,509.0
2019-07-01,0.0,4.87,538.0,,134,0,489.0,538.0,489.0
2019-06-30,0.0,2.19,513.0,,171,0,494.0,513.0,494.0
2019-06-27,0.0,-0.59,502.0,,132,0,495.0,502.0,495.0
2019-06-26,0.0,-1.75,505.0,,144,0,504.0,514.0,498.0
2019-06-25,0.0,-1.91,514.0,,43,0,514.0,524.0,514.0
2019-06-24,0.0,6.94,524.0,,293,0,490.0,524.0,486.0
2019-06-23,0.0,-0.2,490.0,,48,0,500.0,500.0,490.0
2019-06-20,0.0,-1.8,491.0,,10,0,491.0,491.0,491.0
2019-06-19,0.0,-3.1,500.0,,168,0,516.0,516.0,500.0
2019-06-18,0.0,-4.44,516.0,,55,0,513.0,523.0,513.0
2019-06-16,0.0,-5.26,540.0,,140,0,542.0,542.0,540.0
2019-06-13,0.0,-2.93,530.0,,161,0,519.0,530.0,519.0
2019-06-12,0.0,5.0,546.0,,419,0,520.0,546.0,500.0
2019-06-11,0.0,2.56,520.0,,132,0,517.0,520.0,507.0
2019-06-10,0.0,-3.61,507.0,,93,0,516.0,516.0,506.0
2019-06-06,0.0,-4.71,526.0,,664,0,541.0,541.0,521.0
2019-06-04,0.0,2.41,552.0,,240,0,549.0,552.0,532.0
2019-06-03,0.0,-1.82,539.0,,110,0,540.0,543.0,539.0
2019-06-02,0.0,-0.36,549.0,,68,0,540.0,549.0,523.0
2019-05-30,0.0,0.18,551.0,,321,0,561.0,561.0,551.0
2019-05-29,0.0,1.66,550.0,,390,0,543.0,555.0,543.0
2019-05-28,0.0,-4.42,541.0,,156,0,555.0,566.0,538.0
2019-05-27,0.0,1.07,566.0,,76,0,532.0,566.0,532.0
2019-05-26,0.0,-2.61,560.0,,116,0,564.0,575.0,548.0
2019-05-23,0.0,4.93,575.0,,663,0,541.0,575.0,541.0
2019-05-22,0.0,-3.18,548.0,,458,0,555.0,577.0,548.0
2019-05-21,0.0,3.47,566.0,,666,0,555.0,566.0,546.0
2019-05-20,0.0,-3.19,547.0,,594,0,565.0,566.0,547.0
2019-05-19,0.0,-1.74,565.0,,87,0,565.0,565.0,565.0
2019-05-16,0.0,-3.2,575.0,,97,0,583.0,583.0,573.0
2019-05-15,0.0,-3.88,594.0,,1250,0,606.0,606.0,583.0
2019-05-14,0.0,4.92,618.0,,393,0,578.0,618.0,567.0
2019-05-12,0.0,1.2,589.0,,10,0,589.0,589.0,589.0
2019-05-08,0.0,4.11,582.0,,190,0,550.0,582.0,548.0
2019-05-07,0.0,-1.06,559.0,,42,0,570.0,570.0,559.0
2019-05-06,0.0,2.36,565.0,,546,0,555.0,565.0,551.0
2019-05-05,0.0,-0.72,552.0,,73,0,556.0,556.0,551.0
2019-05-02,0.0,-1.59,556.0,,545,0,565.0,566.0,554.0
2019-04-30,0.0,-0.53,565.0,,10,0,565.0,565.0,565.0
2019-04-29,0.0,-1.56,568.0,,107,0,577.0,578.0,568.0
2019-04-28,0.0,1.94,577.0,,588,0,555.0,577.0,555.0
2019-04-25,0.0,-0.18,566.0,,871,0,560.0,576.0,556.0
2019-04-24,0.0,-4.87,567.0,,1476,0,585.0,585.0,556.0
2019-04-23,0.0,-2.3,596.0,,1224,0,598.0,598.0,571.0
2019-04-22,0.0,-3.79,610.0,,30,0,622.0,622.0,610.0
2019-04-21,0.0,1.44,634.0,,244,0,613.0,634.0,601.0
2019-04-17,0.0,5.75,625.0,,40,0,591.0,625.0,602.0
2019-04-16,0.0,1.9,591.0,,10,0,591.0,591.0,591.0
2019-04-15,0.0,2.11,580.0,,259,0,571.0,580.0,570.0
2019-04-11,0.0,-0.18,568.0,,26,0,579.0,579.0,568.0
2019-04-10,0.0,-1.73,569.0,,20,0,569.0,569.0,569.0
2019-04-09,0.0,-3.5,579.0,,320,0,588.0,590.0,579.0
2019-04-08,0.0,4.53,600.0,,190,0,574.0,600.0,574.0
2019-04-07,0.0,0.17,574.0,,226,0,573.0,575.0,573.0
2019-04-04,0.0,-1.21,573.0,,377,0,571.0,580.0,571.0
2019-04-03,0.0,-0.68,580.0,,128,0,573.0,580.0,573.0
2019-04-02,0.0,0.17,584.0,,40,0,573.0,584.0,573.0
2019-03-31,0.0,-3.03,576.0,,20,0,583.0,583.0,576.0
2019-03-28,0.0,5.88,594.0,,220,0,572.0,594.0,572.0
2019-03-27,0.0,-0.71,561.0,,20,0,565.0,561.0,561.0
2019-03-26,0.0,-0.35,565.0,,74,0,561.0,572.0,561.0
2019-03-25,0.0,-2.24,567.0,,578,0,580.0,580.0,567.0
2019-03-24,0.0,0.0,580.0,,144,0,575.0,590.0,575.0
2019-03-21,0.0,-2.03,580.0,,390,0,581.0,590.0,580.0
2019-03-19,0.0,-1.33,592.0,,30,0,593.0,593.0,592.0
2019-03-18,0.0,-1.64,600.0,,36,0,601.0,601.0,600.0
2019-03-17,0.0,-0.33,610.0,,66,0,603.0,610.0,603.0
2019-03-14,0.0,-3.77,612.0,,56,0,624.0,624.0,612.0
2019-03-13,0.0,-2.45,636.0,,40,0,661.0,661.0,636.0
2019-03-12,0.0,5.84,652.0,,356,0,628.0,652.0,616.0
2019-03-11,0.0,3.7,616.0,,200,0,583.0,616.0,583.0
2019-03-07,0.0,-1.98,594.0,,582,0,606.0,610.0,594.0
2019-03-06,0.0,2.54,606.0,,661,0,581.0,606.0,581.0
2019-03-05,0.0,-2.15,591.0,,166,0,615.0,615.0,591.0
2019-03-03,0.0,-1.91,616.0,,91,0,620.0,628.0,616.0
2019-02-27,0.0,-0.32,628.0,,154,0,637.0,640.0,628.0
2019-02-26,0.0,-1.87,630.0,,150,0,630.0,642.0,622.0
2019-02-25,0.0,1.58,642.0,,75,0,625.0,642.0,625.0
2019-02-24,0.0,-2.77,632.0,,268,0,637.0,650.0,629.0
2019-02-21,0.0,-0.15,650.0,,40,0,650.0,651.0,650.0
2019-02-20,0.0,-1.36,652.0,,104,0,661.0,661.0,651.0
2019-02-19,0.0,1.85,661.0,,383,0,637.0,661.0,627.0
2019-02-18,0.0,-3.13,649.0,,340,0,670.0,670.0,642.0
2019-02-17,0.0,1.36,670.0,,111,0,670.0,674.0,661.0
2019-02-14,0.0,-2.79,661.0,,54,0,667.0,680.0,661.0
2019-02-13,0.0,0.59,680.0,,240,0,689.0,691.0,676.0
2019-02-12,0.0,-1.17,676.0,,91,0,684.0,685.0,676.0
2019-02-11,0.0,-1.87,684.0,,100,0,684.0,697.0,684.0
2019-02-10,0.0,0.0,711.0,,0,0,697.0,711.0,711.0
2019-02-06,0.0,2.45,711.0,,62,0,685.0,711.0,685.0
2019-02-05,0.0,1.17,694.0,,222,0,686.0,699.0,681.0
2019-02-04,0.0,-0.58,686.0,,35,0,680.0,690.0,680.0
2019-02-03,0.0,-0.29,690.0,,188,0,680.0,703.0,668.0
2019-01-31,0.0,-1.14,692.0,,374,0,700.0,714.0,692.0
2019-01-30,0.0,-1.41,700.0,,419,0,710.0,724.0,700.0
2019-01-29,0.0,-3.14,710.0,,380,0,733.0,733.0,710.0
2019-01-28,0.0,3.82,733.0,,410,0,706.0,733.0,706.0
2019-01-27,0.0,-1.94,706.0,,45,0,720.0,720.0,706.0
2019-01-24,0.0,1.55,720.0,,143,0,709.0,720.0,709.0
2019-01-23,0.0,-1.94,709.0,,26,0,723.0,723.0,709.0
2019-01-22,0.0,2.99,723.0,,590,0,702.0,745.0,702.0
2019-01-21,0.0,-0.14,702.0,,80,0,703.0,703.0,689.0
2019-01-17,0.0,0.43,703.0,,536,0,700.0,703.0,690.0
2019-01-16,0.0,1.6,700.0,,233,0,689.0,705.0,689.0
2019-01-15,0.0,1.32,689.0,,133,0,680.0,703.0,677.0
2019-01-14,0.0,1.49,680.0,,120,0,670.0,680.0,670.0
2019-01-13,0.0,1.98,670.0,,313,0,657.0,670.0,657.0
2019-01-10,0.0,-1.94,657.0,,270,0,670.0,670.0,657.0
2019-01-09,0.0,-1.47,670.0,,105,0,680.0,693.0,670.0
2019-01-07,0.0,4.45,680.0,,160,0,651.0,680.0,650.0
2019-01-06,0.0,-1.88,651.0,,252,0,663.46,663.46,651.0
2019-01-03,0.0,0.44,690.0,,885,0,687.0,700.0,680.0
2019-01-02,0.0,-2.55,687.0,,145,0,705.0,715.0,687.0
2019-01-01,0.0,1.0,705.0,,1157,0,698.0,705.0,677.0
2018-12-31,0.0,-3.86,698.0,,270,0,726.0,726.0,698.0
2018-12-30,0.0,-3.84,726.0,,649,0,755.0,755.0,726.0
2018-12-27,0.0,0.0,770.0,,2030,0,770.0,770.0,757.0
2018-12-26,0.0,4.05,770.0,,226,0,740.0,770.0,740.0
2018-12-25,0.0,4.67,740.0,,3358,0,707.0,777.0,707.0
2018-12-24,0.0,9.95,707.0,,86,0,643.0,707.0,643.0
2018-12-23,0.0,9.91,643.0,,1648,0,585.0,643.0,585.0
2018-12-20,0.0,-2.99,585.0,,750,0,603.0,605.0,585.0
2018-12-19,0.0,3.61,603.0,,68,0,582.0,603.0,582.0
2018-12-18,0.0,9.81,582.0,,1048,0,530.0,582.0,530.0
2018-12-17,0.0,1.92,530.0,,20,0,520.0,530.0,520.0
2018-12-16,0.0,-0.95,520.0,,42,0,525.0,525.0,520.0
2018-12-13,0.0,1.74,525.0,,130,0,516.0,525.0,516.0
2018-12-12,0.0,-3.73,516.0,,10,0,536.0,536.0,516.0
2018-12-11,0.0,1.9,536.0,,141,0,526.0,536.0,520.0
2018-12-10,0.0,0.19,526.0,,70,0,525.0,535.0,525.0
2018-12-09,0.0,-2.42,525.0,,20,0,538.0,538.0,525.0
2018-12-06,0.0,-0.55,538.0,,423,0,541.0,545.0,538.0
2018-12-04,0.0,0.37,540.0,,40,0,538.0,540.0,538.0
2018-12-03,0.0,-1.65,538.0,,1265,0,547.0,555.0,538.0
2018-12-02,0.0,-1.62,547.0,,46,0,556.0,556.0,547.0
2018-11-29,0.0,0.36,556.0,,141,0,554.0,556.0,552.0
2018-11-28,0.0,-1.07,554.0,,153,0,560.0,560.0,550.0
2018-11-27,0.0,1.63,560.0,,95,0,551.0,560.0,551.0
2018-11-26,0.0,-2.99,551.0,,117,0,568.0,568.0,546.0
2018-11-25,0.0,-1.56,568.0,,110,0,577.0,577.0,568.0
2018-11-22,0.0,-0.86,577.0,,213,0,582.0,582.0,572.0
2018-11-21,0.0,-1.85,582.0,,45,0,593.0,593.0,582.0
2018-11-20,0.0,-1.0,593.0,,121,0,599.0,600.0,592.0
2018-11-19,0.0,-1.16,599.0,,307,0,606.0,606.0,597.0
2018-11-18,0.0,-1.94,606.0,,250,0,618.0,618.0,606.0
2018-11-15,0.0,-0.48,618.0,,67,0,621.0,630.0,618.0
2018-11-04,0.0,-0.3,660.0,,86,0,650.0,660.0,650.0
2018-11-01,0.0,-1.93,662.0,,20,0,675.0,675.0,662.0
2018-10-30,0.0,-2.31,675.0,,130,0,678.0,678.0,665.0
2018-10-15,0.0,1.92,691.0,,120,0,666.0,691.0,666.0
2018-10-14,0.0,-1.88,678.0,,10,0,678.0,678.0,678.0
2018-10-11,0.0,0.0,691.0,,26,0,678.0,691.0,678.0
2018-10-10,0.0,-0.29,691.0,,125,0,705.0,705.0,691.0
2018-10-09,0.0,3.43,693.0,,192,0,680.0,706.0,680.0
2018-10-08,0.0,-0.74,670.0,,131,0,675.0,675.0,670.0
2018-10-07,0.0,-0.74,675.0,,60,0,667.0,675.0,667.0
2018-10-04,0.0,0.89,680.0,,231,0,665.0,683.0,665.0
2018-10-03,0.0,-0.3,674.0,,254,0,685.0,685.0,674.0
2018-10-02,0.0,-1.46,676.0,,60,0,675.0,688.0,675.0
2018-10-01,0.0,-1.01,686.0,,30,0,680.0,686.0,673.0
2018-09-30,0.0,-1.98,693.0,,98,0,693.0,693.0,693.0
2018-09-27,0.0,3.82,705.0,,154,0,694.0,707.0,694.0
2018-09-26,0.0,-0.58,681.0,,57,0,685.0,685.0,676.0
2018-09-25,0.0,-3.38,686.0,,314,0,695.0,695.0,685.0
2018-09-23,0.0,1.87,709.0,,111,0,690.0,709.0,690.0
2018-09-20,0.0,-1.97,696.0,,167,0,696.0,709.0,696.0
2018-09-18,0.0,2.75,710.0,,35,0,700.0,710.0,700.0
2018-09-17,0.0,0.73,691.0,,96,0,699.0,704.0,690.0
2018-09-16,0.0,0.15,686.0,,371,0,675.0,690.0,675.0
2018-09-13,0.0,4.9,685.0,,32,0,666.0,685.0,666.0
2018-09-11,0.0,0.0,653.0,,66,0,653.0,653.0,650.0
2018-09-10,0.0,-3.83,653.0,,211,0,666.0,666.0,653.0
2018-09-09,0.0,-1.88,678.0,,34,0,679.0,679.0,679.0
2018-09-06,0.0,-0.72,693.0,,910,0,705.0,706.0,692.0
2018-09-05,0.0,5.77,697.0,,188,0,671.0,697.0,662.0
2018-09-04,0.0,0.0,659.0,,160,0,670.0,672.0,659.0
2018-09-03,0.0,0.61,659.0,,166,0,656.0,659.0,647.0
2018-09-02,0.0,0.46,655.0,,80,0,650.0,655.0,640.0
2018-08-30,0.0,1.09,652.0,,179,0,655.0,657.0,640.0
2018-08-29,0.0,-0.77,645.0,,275,0,637.0,645.0,637.0
2018-08-26,0.0,-1.66,650.0,,41,0,650.0,660.0,650.0
2018-08-23,0.0,-1.64,661.0,,51,0,660.0,662.0,660.0
2018-08-22,0.0,-1.47,659.0,,83,0,682.0,682.0,672.0
2018-08-21,0.0,-1.87,682.0,,43,0,682.0,682.0,669.0
2018-08-20,0.0,-1.97,695.0,,87,0,695.0,695.0,695.0
2018-08-19,0.0,-1.94,709.0,,100,0,709.0,709.0,709.0
2018-08-16,0.0,3.88,722.0,,90,0,709.0,723.0,700.0
2018-08-15,0.0,3.88,696.0,,26,0,683.0,696.0,683.0
2018-08-14,0.0,0.0,669.0,,50,0,665.0,670.0,665.0
2018-08-13,0.0,-0.3,670.0,,26,0,669.0,670.0,669.0
2018-08-12,0.0,-1.9,672.0,,16,0,672.0,672.0,672.0
2018-08-09,0.0,-1.86,685.0,,173,0,686.0,690.0,685.0
2018-08-08,0.0,-1.69,698.0,,52,0,696.0,698.0,696.0
2018-08-07,0.0,-2.74,710.0,,82,0,716.0,716.0,710.0
2018-08-06,0.0,0.69,730.0,,10,0,730.0,730.0,730.0
2018-08-05,0.0,0.69,725.0,,198,0,725.0,725.0,725.0
2018-08-02,0.0,0.42,720.0,,11,0,720.0,720.0,720.0
2018-08-01,0.0,-0.14,717.0,,180,0,725.0,725.0,717.0
2018-07-31,0.0,-0.96,718.0,,232,0,720.0,720.0,718.0
2018-07-30,0.0,1.4,725.0,,30,0,715.0,725.0,715.0
2018-07-29,0.0,-1.38,715.0,,32,0,715.0,715.0,715.0
2018-07-26,0.0,-0.14,725.0,,116,0,724.0,728.0,724.0
2018-07-25,0.0,-1.89,726.0,,135,0,740.0,740.0,726.0
2018-07-24,0.0,1.37,740.0,,272,0,730.0,744.0,730.0
2018-07-23,0.0,0.0,730.0,,66,0,716.0,730.0,715.0
2018-07-22,0.0,-1.35,730.0,,10,0,730.0,730.0,730.0
2018-07-19,0.0,-1.99,740.0,,81,0,741.0,741.0,740.0
2018-07-18,0.0,0.0,755.0,,41,0,755.0,760.0,755.0
2018-07-17,0.0,2.44,755.0,,60,0,737.0,755.0,737.0
2018-07-16,0.0,-3.41,737.0,,124,0,750.0,751.0,737.0
2018-07-15,0.0,1.73,763.0,,25,0,750.0,763.0,750.0
2018-07-12,0.0,-2.6,750.0,,730,0,770.0,770.0,750.0
2018-07-11,0.0,3.36,770.0,,2285,0,759.0,805.0,758.0
2018-07-10,0.0,2.76,745.0,,217,0,725.0,753.0,725.0
2018-07-09,0.0,-5.84,725.0,,459,0,755.0,755.0,713.0
2018-07-08,0.0,2.67,770.0,,424,0,765.0,800.0,765.0
2018-07-05,0.0,6.69,750.0,,224,0,717.0,750.0,717.0
2018-07-04,0.0,3.69,703.0,,210,0,677.0,703.0,677.0
2018-07-03,0.0,1.95,678.0,,46,0,655.0,678.0,655.0
2018-07-02,0.0,0.42,720.0,,11,0,720.0,720.0,720.0
2018-07-01,0.0,-4.32,665.0,,702,0,682.0,682.0,665.0
2018-06-28,0.0,-0.71,695.0,,35,0,691.0,695.0,691.0
2018-06-27,0.0,0.0,700.0,,10,0,700.0,700.0,700.0
2018-06-26,0.0,-4.76,701.0,,1379,0,721.0,735.0,700.0
2018-06-25,0.0,-1.21,735.0,,520,0,740.0,740.0,726.0
2018-06-24,0.0,1.92,740.0,,26,0,744.0,744.0,740.0
2018-06-21,0.0,-1.75,730.0,,70,0,730.0,730.0,729.0
2018-06-20,0.0,-1.98,743.0,,839,0,743.0,750.0,741.0
2018-06-19,0.0,-1.94,758.0,,80,0,769.0,769.0,758.0
2018-06-18,0.0,3.76,773.0,,166,0,744.0,773.0,741.0
2018-06-17,0.0,1.22,745.0,,75,0,726.0,745.0,726.0
2018-06-14,0.0,-3.16,736.0,,61,0,760.0,760.0,733.0
2018-06-13,0.0,2.01,760.0,,349,0,731.0,760.0,722.0
2018-06-12,0.0,-1.19,745.0,,443,0,745.0,756.0,735.0
2018-06-11,0.0,1.34,754.0,,309,0,730.0,768.0,730.0
2018-06-10,0.0,-2.87,744.0,,154,0,751.0,751.0,743.0
2018-06-07,0.0,-3.77,766.0,,510,0,781.0,781.0,760.0
2018-06-06,0.0,3.92,796.0,,26,0,781.0,796.0,781.0
2018-06-04,0.0,-1.79,766.0,,76,0,766.0,790.0,766.0
2018-06-03,0.0,-3.82,780.0,,20,0,795.0,795.0,780.0
2018-05-31,0.0,-2.41,825.0,,645,0,827.0,828.0,811.0
2018-05-30,0.0,1.96,831.0,,185,0,831.0,831.0,801.0
2018-05-29,0.0,-3.89,815.0,,211,0,864.0,864.0,815.0
2018-05-28,0.0,6.8,848.0,,105,0,794.0,848.0,785.0
2018-05-27,0.0,-2.58,794.0,,100,0,810.0,810.0,794.0
2018-05-24,0.0,0.12,815.0,,929,0,814.0,847.0,815.0
2018-05-23,0.0,-0.12,814.0,,384,0,813.0,830.0,786.0
2018-05-22,0.0,0.0,815.0,,223,0,830.0,830.0,815.0
2018-05-21,0.0,1.24,810.0,,436,0,806.0,815.0,790.0
2018-05-20,0.0,0.0,805.0,,50,0,805.0,810.0,805.0
2018-05-16,0.0,1.9,805.0,,30,0,790.0,805.0,790.0
2018-05-15,0.0,0.77,790.0,,33,0,790.0,790.0,790.0
2018-05-14,0.0,-1.38,785.0,,278,0,798.0,800.0,784.0
2018-05-10,0.0,-1.61,795.0,,673,0,808.0,805.0,777.0
2018-05-09,0.0,-0.98,808.0,,196,0,816.0,829.0,808.0
2018-05-08,0.0,3.95,816.0,,296,0,770.0,816.0,770.0
2018-05-07,0.0,-2.48,785.0,,389,0,805.0,805.0,780.0
2018-05-06,0.0,-1.95,805.0,,80,0,835.0,835.0,800.0
2018-05-03,0.0,6.62,821.0,,1838,0,785.0,832.0,785.0
2018-05-02,0.0,-4.23,770.0,,508,0,804.0,788.0,759.0
2018-04-29,0.0,-1.95,804.0,,228,0,815.0,815.0,804.0
2018-04-26,0.0,-6.07,820.0,,278,0,860.0,860.0,820.0
2018-04-25,0.0,-2.02,873.0,,40,0,890.0,890.0,873.0
2018-04-24,0.0,-4.19,891.0,,537,0,912.0,930.0,890.0
2018-04-23,0.0,-2.11,929.0,,663,0,969.0,988.0,918.0
2018-04-22,0.0,7.95,950.0,,397,0,880.0,950.0,863.0
2018-04-19,0.0,-1.68,879.0,,590,0,878.0,880.0,863.0
2018-04-18,0.0,9.68,895.0,,660,0,831.0,897.0,831.0
2018-04-17,0.0,2.0,816.0,,545,0,800.0,848.0,816.0
2018-04-16,0.0,8.11,800.0,,710,0,754.0,800.0,754.0
2018-04-15,0.0,2.21,740.0,,20,0,724.0,740.0,730.0
2018-04-12,0.0,1.97,724.0,,290,0,724.0,738.0,724.0
2018-04-11,0.0,3.05,710.0,,194,0,680.0,710.0,680.0
2018-04-10,0.0,-1.85,689.0,,325,0,695.0,695.0,689.0
2018-04-09,0.0,-3.84,702.0,,973,0,744.0,754.0,702.0
2018-04-08,0.0,5.8,730.0,,1195,0,703.0,759.0,703.0
2018-04-05,0.0,4.54,690.0,,305,0,650.0,704.0,640.0
2018-04-04,0.0,1.85,660.0,,10,0,660.0,660.0,660.0
2018-04-03,0.0,-0.15,648.0,,40,0,661.0,661.0,648.0
2018-03-29,0.0,0.0,649.0,,30,0,637.0,649.0,637.0
2018-03-28,0.0,3.84,649.0,,498,0,637.0,670.0,637.0
2018-03-27,0.0,0.32,625.0,,120,0,635.0,637.0,613.0
2018-03-26,0.0,-5.61,623.0,,120,0,647.0,647.0,623.0
2018-03-22,0.0,-1.35,660.0,,350,0,656.0,660.0,643.0
2018-03-21,0.0,-3.74,669.0,,250,0,682.0,682.0,669.0
2018-03-19,0.0,-1.84,695.0,,25,0,700.0,700.0,695.0
2018-03-18,0.0,1.87,708.0,,110,0,708.0,708.0,708.0
2018-03-15,0.0,-3.61,701.0,,615,0,725.0,725.0,695.0
2018-03-13,0.0,1.12,721.0,,35,0,702.0,721.0,702.0
2018-03-12,0.0,-1.79,713.0,,43,0,726.0,713.0,712.0
2018-03-11,0.0,-1.89,726.0,,20,0,740.0,740.0,726.0
2018-03-07,0.0,0.0,740.0,,335,0,730.0,740.0,730.0
2018-03-06,0.0,-0.13,740.0,,60,0,755.0,755.0,740.0
2018-03-04,0.0,-1.91,770.0,,50,0,770.0,770.0,770.0
2018-02-28,0.0,-0.63,785.0,,85,0,790.0,790.0,785.0
2018-02-27,0.0,0.0,790.0,,60,0,780.0,790.0,780.0
2018-02-26,0.0,-1.99,795.0,,95,0,795.0,795.0,790.0
2018-02-25,0.0,-1.22,806.0,,105,0,810.0,810.0,800.0
2018-02-22,0.0,2.0,816.0,,180,0,816.0,832.0,816.0
2018-02-21,0.0,-0.12,799.0,,30,0,790.0,800.0,790.0
2018-02-20,0.0,-1.96,801.0,,735,0,818.0,818.0,801.0
2018-02-18,0.0,-3.2,817.0,,586,0,844.0,860.0,816.0
2018-02-15,0.0,5.5,844.0,,820,0,816.0,860.0,800.0
2018-02-14,0.0,-1.84,800.0,,145,0,800.0,816.0,800.0
2018-02-12,0.0,-1.21,815.0,,230,0,809.0,815.0,809.0
2018-02-11,0.0,0.61,825.0,,215,0,804.0,825.0,801.0
2018-02-08,0.0,-0.97,820.0,,35,0,812.0,820.0,812.0
2018-02-07,0.0,-1.19,828.0,,400,0,830.0,830.0,828.0
2018-02-06,0.0,3.97,838.0,,66,0,809.0,838.0,809.0
2018-02-05,0.0,-2.3,806.0,,395,0,820.0,824.0,806.0
2018-02-04,0.0,-0.6,825.0,,315,0,830.0,830.0,822.0
2018-02-01,0.0,-0.84,832.0,,760,0,843.0,843.0,830.0
2018-01-31,0.0,0.24,837.0,,60,0,847.0,847.0,830.0
2018-01-29,0.0,1.09,835.0,,366,0,820.0,835.0,811.0
2018-01-28,0.0,-2.82,826.0,,355,0,835.0,837.0,825.0
2018-01-25,0.0,1.92,850.0,,157,0,840.0,850.0,830.0
2018-01-24,0.0,-1.88,834.0,,40,0,867.0,867.0,834.0
2018-01-23,0.0,0.24,850.0,,77,0,832.0,850.0,832.0
2018-01-22,0.0,-0.24,850.0,,1201,0,850.0,873.0,840.0
2018-01-21,0.0,-1.39,850.0,,350,0,850.0,850.0,834.0
2018-01-17,0.0,-0.92,862.0,,320,0,870.0,870.0,854.0
2018-01-16,0.0,-1.25,871.0,,370,0,871.0,871.0,870.0
2018-01-14,0.0,-2.22,881.0,,320,0,883.0,899.0,871.0
2018-01-10,0.0,0.0,901.0,,756,0,900.0,905.0,900.0
2018-01-09,0.0,0.11,901.0,,889,0,900.0,918.0,900.0
2018-01-08,0.0,-3.02,900.0,,606,0,940.0,940.0,900.0
2018-01-07,0.0,2.65,928.0,,170,0,915.0,928.0,910.0
2018-01-04,0.0,-3.83,904.0,,120,0,922.0,922.0,904.0
2018-01-03,0.0,-0.32,940.0,,20,0,940.0,940.0,940.0
2018-01-02,0.0,-1.98,943.0,,80,0,962.0,962.0,943.0
2018-01-01,0.0,3.89,962.0,,90,0,944.0,962.0,944.0
2017-12-31,0.0,-1.91,926.0,,10,0,926.0,926.0,926.0
2017-12-28,0.0,3.96,944.0,,25,0,926.0,944.0,926.0
2017-12-27,0.0,-4.02,908.0,,283,0,945.0,945.0,907.0
2017-12-26,0.0,-1.36,946.0,,391,0,977.0,990.0,946.0
2017-12-24,0.0,1.37,959.0,,310,0,940.0,982.0,940.0
2017-12-21,0.0,-1.1,989.0,,270,0,1000.0,1000.0,970.0
2017-12-20,0.0,-1.86,1000.0,,240,0,1039.0,1039.0,981.0
2017-12-19,0.0,0.79,1019.0,,431,0,1015.0,1035.0,982.0
2017-12-18,0.0,0.1,1011.0,,121,0,990.0,1011.0,990.0
2017-12-17,0.0,-1.46,1010.0,,150,0,1020.0,1020.0,1010.0
2017-12-14,0.0,1.46,1045.0,,20,0,1030.0,1045.0,1030.0
2017-12-13,0.0,0.98,1030.0,,60,0,1030.0,1030.0,1010.0
2017-12-12,0.0,-1.83,1020.0,,20,0,1019.0,1020.0,1019.0
2017-12-11,0.0,-1.98,1039.0,,110,0,1041.0,1041.0,1039.0
2017-12-10,0.0,2.41,1060.0,,30,0,1035.0,1060.0,1035.0
2017-12-06,0.0,0.29,1035.0,,621,0,1032.0,1045.0,1022.0
2017-12-05,0.0,0.19,1032.0,,45,0,1012.0,1032.0,1012.0
2017-12-04,0.0,-1.81,1030.0,,120,0,1035.0,1040.0,1030.0
2017-11-30,0.0,-1.96,1049.0,,20,0,1050.0,1050.0,1049.0
2017-11-29,0.0,3.88,1070.0,,387,0,1030.0,1092.0,1030.0
2017-11-28,0.0,2.28,1030.0,,210,0,1007.0,1030.0,992.0
2017-11-27,0.0,-1.76,1009.0,,210,0,1035.0,1035.0,1007.0
2017-11-26,0.0,-1.06,1025.0,,435,0,1036.0,1069.0,1025.0
2017-11-23,0.0,1.97,1036.0,,140,0,1016.0,1036.0,1002.0
2017-11-22,0.0,-1.93,1016.0,,307,0,1030.0,1037.0,1005.0
2017-11-21,0.0,-2.72,1036.0,,126,0,1065.0,1065.0,1021.0
2017-11-20,0.0,1.91,1065.0,,10,0,1065.0,1065.0,1065.0
2017-11-19,0.0,1.95,1045.0,,20,0,1025.0,1045.0,1045.0
2017-11-16,0.0,-1.91,1025.0,,65,0,1025.0,1025.0,1025.0
2017-11-15,0.0,-4.3,1045.0,,984,0,1071.0,1106.0,1045.0
2017-11-14,0.0,7.06,1092.0,,215,0,1040.0,1092.0,1020.0
2017-11-13,0.0,2.0,1020.0,,30,0,1020.0,1020.0,1020.0
2017-11-09,0.0,-0.99,1000.0,,40,0,990.0,1000.0,990.0
2017-11-08,0.0,-2.79,1010.0,,240,0,1025.0,1025.0,1000.0
2017-11-07,0.0,-2.9,1039.0,,250,0,1060.0,1060.0,1039.0
2017-11-06,0.0,-6.96,1070.0,,391,0,1150.0,1130.0,1070.0
2017-11-05,0.0,-0.43,1150.0,,540,0,1160.0,1170.0,1150.0
2017-11-02,0.0,-3.75,1155.0,,640,0,1200.0,1200.0,1155.0
2017-11-01,0.0,-0.83,1200.0,,3454,0,1200.0,1215.0,1177.0
2017-10-31,0.0,0.83,1210.0,,1597,0,1224.0,1224.0,1208.0
2017-10-30,0.0,-9.09,1200.0,,487,0,1346.0,1346.0,1188.0
2017-10-24,0.0,1.93,1320.0,,10,0,1295.0,1320.0,1320.0
2017-10-23,0.0,0.0,,,5,0,1295.0,,
2017-10-17,0.0,3.77,1295.0,,65,0,1272.0,1295.0,1265.0
2017-10-16,0.0,5.67,1248.0,,30,0,1200.0,1248.0,1200.0
2017-10-15,0.0,-1.25,1181.0,,140,0,1219.0,1220.0,1175.0
2017-10-12,0.0,1.67,1220.0,,107,0,1185.0,1220.0,1185.0
2017-10-11,0.0,-0.25,1200.0,,268,0,1227.0,1240.0,1200.0
2017-10-10,0.0,-3.37,1203.0,,120,0,1269.0,1269.0,1203.0
2017-10-09,0.0,-1.58,1245.0,,15,0,1245.0,1245.0,1245.0
2017-10-08,0.0,-2.47,1265.0,,145,0,1272.0,1272.0,1247.0
2017-09-26,0.0,1.65,1297.0,,152,0,1301.0,1308.0,1275.0
2017-09-25,0.0,-1.69,1276.0,,150,0,1280.0,1308.0,1274.0
2017-09-24,0.0,1.8,1298.0,,230,0,1299.0,1299.0,1279.0
2017-09-20,0.0,-0.31,1275.0,,368,0,1299.0,1299.0,1270.0
2017-09-18,0.0,0.31,1279.0,,217,0,1300.0,1300.0,1275.0
2017-09-17,0.0,0.39,1275.0,,667,0,1285.0,1285.0,1241.0
2017-09-14,0.0,0.4,1271.0,,379,0,1240.0,1290.0,1221.0
2017-09-13,0.0,-2.32,1265.0,,235,0,1270.0,1270.0,1260.0
2017-09-12,0.0,-1.82,1295.0,,320,0,1293.0,1295.0,1270.0
2017-09-11,0.0,5.27,1319.0,,556,0,1275.0,1326.0,1252.0
2017-09-10,0.0,-5.79,1253.0,,678,0,1304.0,1304.0,1253.0
2017-09-07,0.0,-1.12,1330.0,,1603,0,1350.0,1350.0,1321.0
2017-09-06,0.0,4.91,1345.0,,3467,0,1300.0,1345.0,1290.0
2017-09-04,0.0,-0.54,1282.0,,1071,0,1314.0,1314.0,1280.0
2017-08-31,0.0,-0.23,1289.0,,2211,0,1292.0,1315.0,1289.0
2017-08-30,0.0,-2.05,1292.0,,1808,0,1316.0,1316.0,1290.0
2017-08-28,0.0,0.92,1319.0,,596,0,1300.0,1319.0,1300.0
2017-08-27,0.0,-0.23,1307.0,,176,0,1310.0,1336.0,1305.0
2017-08-24,0.0,1.71,1310.0,,254,0,1288.0,1310.0,1290.0
2017-08-23,0.0,-2.79,1288.0,,1692,0,1301.0,1320.0,1281.0
2017-08-22,0.0,1.92,1325.0,,181,0,1300.0,1325.0,1300.0
2017-08-21,0.0,-1.59,1300.0,,335,0,1300.0,1300.0,1280.0
2017-08-20,0.0,0.15,1320.0,,115,0,1300.0,1324.0,1300.0
2017-08-17,0.0,0.0,1319.0,,1505,0,1311.0,1319.0,1307.0
2017-08-16,0.0,0.08,1319.0,,2219,0,1293.0,1330.0,1290.0
2017-08-15,0.0,-1.93,1318.0,,4061,0,1330.0,1330.0,1278.0
2017-08-13,0.0,-2.89,1344.0,,1442,0,1400.0,1400.0,1320.0
2017-08-10,0.0,2.29,1380.0,,3351,0,1353.0,1384.0,1350.0
2017-08-09,0.0,-1.24,1353.0,,1992,0,1370.0,1382.0,1353.0
2017-08-07,0.0,-1.44,1370.0,,836,0,1364.0,1380.0,1360.0
2017-08-06,0.0,1.83,1390.0,,749,0,1338.0,1390.0,1310.0
2017-08-03,0.0,-2.5,1365.0,,948,0,1400.0,1400.0,1365.0
2017-08-02,0.0,-0.07,1400.0,,3071,0,1401.0,1414.0,1351.0
2017-08-01,0.0,3.78,1401.0,,4972,0,1359.0,1410.0,1349.0
2017-07-31,0.0,2.2,1350.0,,2049,0,1340.0,1377.0,1331.0
2017-07-30,0.0,-1.78,1321.0,,247,0,1325.0,1325.0,1320.0
2017-07-27,0.0,-1.25,1345.0,,736,0,1350.0,1389.0,1324.0
2017-07-26,0.0,6.99,1362.0,,4058,0,1265.0,1362.0,1265.0
2017-07-25,0.0,-0.55,1273.0,,415,0,1280.0,1295.0,1271.0
2017-07-24,0.0,-3.76,1280.0,,1667,0,1330.0,1331.0,1280.0
2017-07-23,0.0,2.31,1330.0,,1053,0,1300.0,1330.0,1300.0
2017-07-20,0.0,-1.52,1300.0,,1149,0,1295.0,1310.0,1271.0
2017-07-19,0.0,1.15,1320.0,,775,0,1325.0,1325.0,1300.0
2017-07-18,0.0,1.08,1305.0,,619,0,1300.0,1326.0,1300.0
2017-07-17,0.0,1.57,1291.0,,822,0,1280.0,1310.0,1260.0
2017-07-16,0.0,-2.38,1271.0,,235,0,1325.0,1325.0,1271.0
2017-07-13,0.0,-0.99,1302.0,,210,0,1289.0,1310.0,1289.0
2017-07-12,0.0,0.77,1315.0,,510,0,1300.0,1315.0,1286.0
2017-07-11,0.0,1.63,1305.0,,979,0,1280.0,1309.0,1280.0
2017-07-10,0.0,-1.53,1284.0,,1255,0,1300.0,1326.0,1259.0
2017-07-09,0.0,-3.34,1304.0,,2452,0,1349.0,1390.0,1250.0
2017-07-06,0.0,0.67,1349.0,,859,0,1366.0,1393.0,1320.0
2017-07-05,0.0,3.08,1340.0,,761,0,1276.0,1340.0,1276.0
2017-07-03,0.0,0.62,1300.0,,372,0,1295.0,1315.0,1290.0
2017-07-02,0.0,-1.97,1292.0,,50,0,1292.0,1292.0,1292.0
2017-06-28,0.0,0.76,1318.0,,420,0,1300.0,1320.0,1300.0
2017-06-27,0.0,1.0,1308.0,,273,0,1273.0,1308.0,1273.0
2017-06-25,0.0,-0.54,1295.0,,597,0,1302.0,1328.0,1295.0
2017-06-22,0.0,3.99,1302.0,,155,0,1277.0,1302.0,1255.0
2017-06-21,0.0,-3.54,1252.0,,25,0,1273.0,1273.0,1252.0
2017-06-20,0.0,-1.29,1298.0,,569,0,1324.0,1325.0,1298.0
2017-06-19,0.0,-0.38,1315.0,,356,0,1305.0,1315.0,1290.0
2017-06-18,0.0,0.0,1320.0,,228,0,1320.0,1346.0,1295.0
2017-06-15,0.0,1.54,1320.0,,328,0,1300.0,1339.0,1295.0
2017-06-14,0.0,0.78,1300.0,,998,0,1300.0,1320.0,1290.0
2017-06-13,0.0,-0.77,1290.0,,306,0,1305.0,1336.0,1275.0
2017-06-12,0.0,-0.69,1300.0,,1272,0,1283.0,1327.0,1270.0
2017-06-11,0.0,-3.04,1309.0,,1194,0,1358.0,1358.0,1301.0
2017-06-08,0.0,2.04,1350.0,,1795,0,1297.0,1377.0,1297.0
2017-06-07,0.0,-3.01,1325.0,,580,0,1365.0,1390.0,1323.0
2017-06-06,0.0,3.81,1363.0,,1302,0,1339.0,1364.0,1304.0
2017-06-05,0.0,1.08,1314.0,,605,0,1300.0,1314.0,1201.0
2017-06-04,0.0,0.0,1300.0,,10,0,1301.0,1300.0,1300.0
2017-06-01,0.0,-3.7,1300.0,,200,0,1340.0,1340.0,1300.0
2017-05-31,0.0,3.93,1350.0,,330,0,1299.0,1350.0,1299.0
