DATE,CHANGE,CHANGE %,CLOSE,TURNOVER,VOLUME,TRADE,OPEN,HIGH,LOW
2026-05-08,11.0,1.76,635.0,52.53,8380,57,623.0,635.0,622.0
2026-05-07,1.0,0.16,624.0,22.34,3591,30,620.0,627.7,620.0
2026-05-06,5.0,0.81,623.0,35.39,5651,31,618.0,628.9,618.0
2026-05-05,-1.5,-0.24,618.0,50.54,8204,57,619.5,620.0,610.0
2026-05-04,-2.6,-0.42,619.5,20.14,3269,41,610.1,620.0,610.1
2026-04-30,-1.4,-0.22,622.1,33.94,5496,58,618.0,628.5,615.0
2026-04-29,-1.5,-0.24,623.5,34.75,5578,38,642.0,642.0,620.1
2026-04-28,-0.8,-0.13,625.0,41.65,6653,62,625.8,630.0,625.0
2026-04-27,3.8,0.61,625.8,19.83,3170,37,622.0,630.0,622.0
2026-04-24,-7.5,-1.19,622.0,51.92,8339,62,629.5,626.5,621.2
2026-04-23,-4.5,-0.71,629.5,30.69,4905,43,620.2,633.0,620.0
2026-04-22,12.0,1.93,634.0,67.15,10832,98,625.1,638.0,616.2
2026-04-21,-3.0,-0.48,622.0,55.71,8915,73,639.9,639.9,622.0
2026-04-20,-10.0,-1.57,625.0,72.7,11608,75,622.1,635.0,622.1
2026-04-17,-7.0,-1.09,635.0,,18836,110,650.0,654.0,626.3
2026-04-16,-7.9,-1.22,642.0,70.63,11043,64,640.0,649.0,635.1
2026-04-15,0.9,0.14,649.9,,19781,88,649.0,658.0,648.1
2026-04-13,-0.9,-0.14,649.0,32.47,5015,48,650.0,654.8,644.5
2026-04-10,-1.3,-0.2,649.9,97.48,15070,72,659.0,659.0,644.2
2026-04-09,14.2,2.23,651.2,,24183,133,632.5,661.0,631.0
2026-04-08,13.0,2.08,637.0,59.59,9414,78,631.0,643.5,629.0
2026-04-07,-3.9,-0.62,624.0,62.33,9955,93,635.0,635.0,619.8
2026-04-06,16.9,2.77,627.9,,18395,140,620.0,630.0,615.0
2026-04-05,-25.0,-3.93,611.0,,35709,227,635.0,635.0,607.0
2026-04-02,-6.0,-0.93,636.0,,32671,179,631.1,644.0,622.3
2026-04-01,-12.0,-1.83,642.0,,22068,143,654.2,654.6,633.1
2026-03-31,7.1,1.1,654.0,71.33,11045,106,650.0,655.0,637.0
2026-03-30,-10.1,-1.54,646.9,,25020,173,655.0,665.0,644.3
2026-03-29,-21.0,-3.1,657.0,,19267,154,678.0,678.0,655.0
2026-03-26,-5.0,-0.73,678.0,,32176,124,675.0,684.9,670.0
2026-03-25,-7.0,-1.01,683.0,,20944,145,690.0,690.0,676.0
2026-03-24,0.1,0.01,690.0,,25961,143,690.0,693.0,677.0
2026-03-23,2.9,0.42,689.9,,26720,203,691.0,695.0,681.1
2026-03-22,12.0,1.78,687.0,,32298,222,687.0,690.0,676.2
2026-03-19,12.1,1.83,675.0,,34873,169,668.0,680.0,658.1
2026-03-17,-7.0,-1.04,662.9,,19197,109,670.0,670.0,655.0
2026-03-16,-2.3,-0.34,669.9,,20313,124,663.0,674.2,661.0
2026-03-15,-2.8,-0.41,672.2,,14914,109,667.3,680.0,667.3
2026-03-12,5.0,0.75,675.0,,21870,113,660.1,680.0,657.0
2026-03-11,-9.9,-1.46,670.0,,28013,165,680.0,684.0,670.0
2026-03-10,-11.2,-1.62,679.9,,51856,352,704.0,704.0,670.0
2026-03-09,26.7,4.02,691.1,,40,4,677.6,691.1,677.6
2026-03-03,10.3,1.57,664.4,84.0,12682,103,652.0,666.0,652.0
2026-03-01,4.1,0.63,654.1,78.05,12001,88,638.0,660.0,633.0
2026-02-26,5.0,0.78,650.0,40.11,6214,55,650.0,650.0,640.0
2026-02-25,-3.0,-0.46,645.0,38.32,5923,65,644.0,652.0,640.0
2026-02-24,17.4,2.76,648.0,31.66,4963,56,635.0,649.0,631.0
2026-02-23,5.6,0.9,630.6,66.11,10469,88,630.0,638.0,620.4
2026-02-22,-15.2,-2.37,625.0,,18672,125,650.0,650.9,625.0
2026-02-17,-14.7,-2.24,640.2,,20215,128,655.0,656.0,640.2
2026-02-16,3.7,0.57,654.9,92.43,14242,90,646.5,664.2,645.1
2026-02-12,2.2,0.34,651.2,88.59,13587,97,650.0,658.9,645.0
2026-02-11,3.7,0.57,649.0,86.39,13256,97,658.2,658.2,647.0
2026-02-10,-9.2,-1.41,645.3,,15514,131,655.0,664.7,645.0
2026-02-09,-10.4,-1.56,654.5,,20240,126,675.0,675.0,653.0
2026-02-08,3.9,0.59,664.9,,26210,160,665.0,676.0,660.2
2026-02-05,2.9,0.44,661.0,,24109,161,658.0,667.0,657.0
2026-02-04,3.1,0.47,658.1,,21428,135,651.2,668.0,651.2
2026-02-03,-5.0,-0.76,655.0,,16290,112,671.0,672.0,653.0
2026-02-02,-10.0,-1.49,660.0,,20854,157,671.1,674.0,660.0
2026-02-01,-2.0,-0.3,670.0,,45603,226,679.0,683.0,665.0
2026-01-29,-13.6,-1.98,672.0,,36291,228,680.0,688.9,670.0
2026-01-28,1.5,0.22,685.6,,47133,276,684.1,693.8,670.0
2026-01-27,-15.9,-2.27,684.1,,56524,252,695.0,700.0,684.0
2026-01-26,-2.9,-0.41,700.0,,74157,423,700.1,707.0,685.0
2026-01-25,7.9,1.14,702.9,,126730,535,705.0,714.0,697.0
2026-01-22,4.0,0.58,695.0,,103245,404,690.0,703.0,680.2
2026-01-21,-7.4,-1.06,691.0,,52858,297,699.0,700.0,680.0
2026-01-20,2.4,0.34,698.4,,147123,672,709.8,715.0,695.0
2026-01-18,36.0,5.45,696.0,,141531,759,671.9,700.1,661.1
2026-01-14,17.2,2.68,660.0,,82524,423,642.2,667.0,640.1
2026-01-13,-1.2,-0.19,642.8,,21173,102,651.0,651.0,642.6
2026-01-12,-5.0,-0.77,644.0,,26321,140,656.0,656.0,641.9
2026-01-08,-2.9,-0.44,649.0,,17446,112,648.1,652.8,648.0
2026-01-07,0.9,0.14,651.9,,71798,371,658.9,665.0,645.0
2026-01-06,21.8,3.46,651.0,,78242,328,629.2,652.0,629.2
2026-01-05,-0.8,-0.13,629.2,,23087,91,639.0,640.0,628.2
2026-01-04,3.0,0.48,630.0,69.31,10986,78,634.9,635.0,627.0
2026-01-01,-8.0,-1.26,627.0,,50782,101,633.0,635.0,625.0
2025-12-31,-1.5,-0.24,635.0,,27004,110,640.0,646.9,630.0
2025-12-29,-3.5,-0.55,636.5,,28969,154,641.0,650.0,636.0
2025-12-28,20.0,3.23,640.0,,29989,183,620.0,640.0,620.0
2025-12-24,-1.0,-0.16,620.0,87.88,14173,73,629.0,629.0,618.1
2025-12-23,1.0,0.16,621.0,,19627,99,628.9,628.9,611.0
2025-12-22,-4.0,-0.64,620.0,80.63,12930,68,629.9,636.0,617.6
2025-12-21,0.0,0.0,624.0,,20301,98,617.0,624.0,616.1
2025-12-18,-9.0,-1.42,624.0,,23554,122,629.1,640.0,622.1
2025-12-17,13.3,2.15,633.0,,21119,152,619.0,635.0,618.0
2025-12-16,-0.3,-0.05,619.7,,20058,117,630.0,630.0,615.0
2025-12-15,0.0,0.0,620.0,37.7,6091,58,620.0,623.9,616.0
2025-12-14,3.0,0.49,620.0,56.55,9140,56,610.0,624.9,610.0
2025-12-11,-8.0,-1.28,617.0,55.96,9058,79,630.0,630.0,612.0
2025-12-10,-2.0,-0.32,625.0,36.55,5871,48,639.0,639.0,614.5
2025-12-09,-3.0,-0.48,627.0,30.19,4844,61,635.0,635.0,618.0
2025-12-08,0.0,0.0,630.0,90.15,14428,80,630.0,633.0,620.0
2025-12-07,-23.7,-3.63,630.0,,25688,165,640.7,640.8,626.3
2025-12-03,6.9,1.07,653.7,,126954,385,654.0,665.0,642.0
2025-12-02,1.9,0.29,646.8,31.57,4898,49,638.0,649.9,638.0
2025-12-01,5.9,0.92,644.9,57.32,8942,76,638.0,645.0,636.0
2025-11-30,-4.0,-0.62,639.0,,22531,120,652.9,654.0,635.0
2025-11-27,-2.0,-0.31,643.0,33.57,5242,49,641.0,644.0,640.0
2025-11-26,0.0,0.0,645.0,73.82,11571,93,640.5,649.8,631.0
2025-11-25,2.0,0.31,645.0,58.21,9045,70,647.0,650.5,640.0
2025-11-24,9.1,1.44,643.0,91.11,14217,98,635.1,644.9,635.0
2025-11-23,9.9,1.59,633.9,26.51,4194,52,634.0,634.9,627.0
2025-11-20,3.0,0.48,624.0,23.22,3737,31,618.0,627.4,618.0
2025-11-19,-9.0,-1.43,621.0,15.43,2475,36,640.0,640.0,620.2
2025-11-18,13.0,2.11,630.0,41.96,6682,60,624.0,634.0,620.0
2025-11-17,5.0,0.82,617.0,21.59,3504,56,613.0,620.0,612.4
2025-11-16,-3.0,-0.49,612.0,25.82,4203,38,615.1,621.0,611.0
2025-11-13,4.7,0.77,615.0,45.2,7338,68,622.5,622.5,611.0
2025-11-12,-12.2,-1.96,610.3,45.12,7287,76,620.0,630.0,610.3
2025-11-11,-5.4,-0.86,622.5,58.29,9335,78,640.0,640.0,620.0
2025-11-10,-4.1,-0.65,627.9,57.79,9232,75,635.0,644.0,620.1
2025-11-09,-20.0,-3.07,632.0,,21599,151,655.0,660.0,632.0
2025-11-06,-16.0,-2.4,652.0,55.54,8398,91,675.0,675.0,651.8
2025-11-05,23.0,3.57,668.0,,28316,132,638.1,668.0,635.0
2025-11-04,-15.0,-2.27,645.0,75.05,11558,83,667.9,667.9,645.0
2025-11-03,4.0,0.61,660.0,,16333,126,660.0,665.0,648.2
2025-11-02,26.0,4.13,656.0,,29119,167,640.0,660.0,635.0
2025-10-30,15.0,2.44,630.0,83.96,13382,79,627.0,638.0,610.0
2025-10-29,-5.4,-0.87,615.0,47.97,7698,75,625.0,640.0,615.0
2025-10-28,14.4,2.38,620.4,37.23,6011,58,618.1,628.0,605.8
2025-10-26,-4.0,-0.66,606.0,22.48,3747,47,602.0,606.0,595.4
2025-10-19,4.0,0.66,610.0,55.74,9138,50,595.0,615.0,595.0
2025-10-16,-9.0,-1.46,606.0,59.06,9717,48,615.0,615.0,605.0
2025-10-15,-6.0,-0.97,615.0,49.81,8132,31,615.0,621.0,609.0
2025-10-14,-4.0,-0.64,621.0,46.76,7574,48,622.0,624.7,612.6
2025-10-13,11.0,1.79,625.0,42.09,6822,63,606.1,626.0,605.0
2025-10-12,-23.0,-3.61,614.0,,32237,140,637.0,639.9,614.0
2025-10-09,4.5,0.71,637.0,55.06,8545,83,645.1,684.0,637.0
2025-10-08,-17.5,-2.69,632.5,71.31,11220,94,645.0,649.0,630.1
2025-10-07,-11.0,-1.66,650.0,77.59,11943,83,662.0,662.0,642.0
2025-09-28,0.0,0.0,661.0,42.11,6377,60,651.0,670.0,650.2
2025-09-25,2.5,0.38,661.0,38.66,5859,46,663.0,668.0,647.0
2025-09-24,-16.5,-2.44,658.5,47.46,7176,63,665.0,670.0,658.0
2025-09-23,13.4,2.03,675.0,97.55,14613,104,667.0,675.0,660.0
2025-09-21,28.6,4.52,661.6,,24503,178,620.4,665.0,619.0
2025-09-18,-14.52,-2.24,633.0,1.42,225,3,634.6,634.6,633.0
2025-09-08,-12.05,-1.83,647.52,,20383,139,656.0,664.0,643.0
2025-09-07,-2.09,-0.32,659.57,48.26,7287,65,670.0,670.0,657.0
2025-09-04,4.62,0.7,661.66,74.79,11353,106,660.0,667.0,653.3
2025-09-03,-4.07,-0.62,657.04,87.29,13233,99,670.0,670.0,657.0
2025-09-02,-4.94,-0.74,661.11,70.37,10611,75,675.0,675.0,660.2
2025-09-01,3.67,0.55,666.05,65.21,9817,83,672.0,672.0,657.0
2025-08-31,-8.08,-1.21,662.38,,18194,159,670.0,680.0,662.0
2025-08-28,-15.96,-2.33,670.46,,28273,186,690.0,690.1,669.7
2025-08-27,9.77,1.44,686.42,,32411,210,676.6,689.8,675.0
2025-08-26,6.68,1.0,676.65,,18610,112,670.0,678.0,668.1
2025-08-25,5.04,0.76,669.97,98.22,14672,89,664.93,674.0,664.5
2025-08-24,2.81,0.42,664.93,,15378,113,669.0,675.0,663.7
2025-08-21,-1.51,-0.23,662.12,76.71,11579,96,668.0,672.8,660.0
2025-08-20,-5.09,-0.76,663.63,,20808,127,674.0,674.7,662.4
2025-08-19,0.7,0.1,668.72,74.47,11114,101,680.0,680.0,667.0
2025-08-18,1.25,0.19,668.02,72.43,10854,98,680.0,680.0,661.5
2025-08-17,-5.98,-0.89,666.77,,38123,178,680.0,691.0,663.0
2025-08-14,7.73,1.16,672.75,,35879,217,678.3,684.5,672.0
2025-08-13,-4.08,-0.61,665.02,,26214,126,670.0,681.4,663.0
2025-08-12,-16.74,-2.44,669.1,,25450,173,699.0,699.0,665.0
2025-08-11,-6.38,-0.92,685.84,,48861,218,704.0,705.9,683.1
2025-08-07,29.35,4.43,692.22,,72045,343,664.0,701.0,660.1
2025-08-06,2.32,0.35,662.87,,20194,141,669.0,669.0,654.0
2025-08-05,-6.56,-0.98,660.55,,27905,180,680.0,680.4,660.0
2025-08-04,-5.71,-0.85,667.11,,49962,272,679.0,683.0,665.0
2025-08-03,-21.83,-3.14,672.82,,43044,360,691.0,701.0,671.5
2025-07-31,3.89,0.56,694.65,,94215,486,690.0,710.5,680.1
2025-07-30,-24.8,-3.47,690.76,,59168,409,725.0,725.0,688.4
2025-07-29,2.94,0.41,715.56,,71475,453,726.0,730.9,707.0
2025-07-28,21.02,3.04,712.62,,109711,830,687.0,717.5,676.0
2025-07-27,-9.53,-1.36,691.6,,88074,530,712.8,720.0,686.2
2025-07-24,-0.86,-0.12,701.13,,78983,439,705.0,719.0,697.0
2025-07-23,20.99,3.08,701.99,,112488,762,690.0,706.0,681.0
2025-07-22,12.51,1.87,681.0,,65748,369,681.0,687.0,670.0
2025-07-21,11.69,1.78,668.49,,70987,385,669.1,670.1,643.2
2025-07-20,-5.13,-0.78,656.8,,84507,604,663.0,683.0,651.0
2025-07-17,21.36,3.33,661.93,,66814,469,653.0,676.0,648.0
2025-07-16,9.77,1.55,640.57,,22406,173,640.0,645.0,638.1
2025-07-15,5.64,0.9,630.8,85.62,13546,145,637.0,637.0,626.5
2025-07-14,-10.21,-1.61,625.16,,25869,182,630.0,638.5,624.0
2025-07-13,11.56,1.85,635.37,,27450,252,636.2,655.0,632.2
2025-07-10,1.78,0.29,623.81,,16690,140,627.5,634.0,623.0
2025-07-09,-1.18,-0.19,622.03,62.46,10060,106,628.0,628.0,618.6
2025-07-08,5.96,0.97,623.21,86.02,13828,143,620.0,626.0,614.0
2025-07-07,-17.05,-2.69,617.25,,23549,221,643.8,643.8,616.0
2025-07-06,6.32,1.01,634.3,,60032,480,627.0,650.0,627.0
2025-07-03,13.02,2.12,627.98,,49472,392,617.0,640.0,615.9
2025-07-02,8.43,1.39,614.96,,21460,158,616.9,616.9,607.0
2025-07-01,4.33,0.72,606.53,42.2,6957,77,613.9,613.9,605.2
2025-06-30,2.52,0.42,602.2,62.58,10334,91,611.5,611.6,602.0
2025-06-29,5.16,0.87,599.68,72.54,12106,100,591.0,603.0,591.0
2025-06-26,-4.1,-0.68,594.52,65.11,10950,142,600.0,601.8,590.2
2025-06-25,-1.06,-0.18,598.62,63.21,10562,92,610.0,610.0,595.0
2025-06-24,-6.48,-1.07,599.68,91.31,15160,119,600.1,612.0,598.0
2025-06-23,7.46,1.25,606.16,,18632,119,590.0,616.0,590.0
2025-06-22,-9.73,-1.6,598.7,,25023,165,600.1,609.0,588.0
2025-06-19,-5.19,-0.85,608.43,99.52,16297,141,613.6,615.0,607.4
2025-06-18,-6.12,-0.99,613.62,59.17,9622,100,626.9,626.9,610.0
2025-06-17,4.75,0.77,619.74,,17955,71,624.0,624.0,613.0
2025-06-16,-8.83,-1.42,614.99,,23218,162,636.0,636.0,613.7
2025-06-15,6.62,1.07,623.82,,35779,281,620.2,641.4,620.0
2025-06-12,3.11,0.51,617.2,,26235,214,613.0,632.0,610.0
2025-06-11,-8.48,-1.36,614.09,98.42,15870,139,625.0,630.0,613.0
2025-06-10,20.81,3.46,622.57,,34279,282,605.0,625.0,601.6
2025-06-09,1.56,0.26,601.76,99.79,16566,172,602.0,609.0,599.0
2025-06-08,-2.0,-0.33,600.2,,17995,118,603.0,607.9,596.2
2025-06-05,1.43,0.24,602.2,,20616,150,605.0,608.0,594.0
2025-06-04,-7.63,-1.25,600.77,,16645,129,610.0,612.0,600.0
2025-06-03,-3.76,-0.61,608.4,37.92,6218,73,624.4,624.4,606.6
2025-06-02,1.63,0.27,612.16,,17038,158,622.7,624.9,610.4
2025-05-28,-3.38,-0.55,610.53,71.2,11661,123,626.1,626.1,603.5
2025-05-27,2.48,0.41,613.91,86.33,14064,120,623.6,623.6,606.2
2025-05-26,-3.08,-0.5,611.43,,20966,150,626.0,635.0,610.0
2025-05-25,-3.19,-0.52,614.51,62.42,10132,104,625.0,625.0,611.6
2025-05-22,-4.78,-0.77,617.7,,27044,189,612.1,630.0,610.0
2025-05-21,-5.73,-0.91,622.48,,46453,288,640.7,673.0,618.0
2025-05-20,21.01,3.46,628.21,,23990,185,614.5,632.9,603.0
2025-05-19,-0.19,-0.03,607.2,81.51,13373,111,619.0,619.0,603.0
2025-05-18,-3.84,-0.63,607.39,75.56,12366,99,612.0,619.0,607.0
2025-05-15,-0.6,-0.1,611.23,,21692,184,600.1,622.3,600.0
2025-05-14,1.56,0.26,611.83,,29112,272,604.0,635.0,604.0
2025-05-13,-16.55,-2.64,610.27,,31103,278,622.0,623.6,606.0
2025-05-11,-26.28,-4.02,626.82,,45028,409,660.0,660.0,625.4
2025-05-08,57.99,9.74,653.1,,116283,991,596.0,654.6,585.0
2025-05-07,29.95,5.3,595.11,,28459,241,576.4,596.0,555.0
2025-05-06,-3.56,-0.63,565.16,85.97,15162,125,580.0,591.6,563.0
2025-05-05,-7.5,-1.3,568.72,,17946,139,587.0,587.0,566.0
2025-05-04,-5.41,-0.93,576.22,72.98,12567,121,592.0,592.0,575.2
2025-04-30,-3.92,-0.67,581.63,70.56,12093,114,597.0,597.0,580.0
2025-04-29,-8.2,-1.38,585.55,80.7,13729,111,605.0,605.0,585.0
2025-04-28,4.66,0.79,593.75,,26992,150,580.1,608.9,580.1
2025-04-27,-1.9,-0.32,589.09,,23406,144,595.0,602.8,585.0
2025-04-24,-6.15,-1.03,590.99,84.48,14317,134,598.0,598.0,587.5
2025-04-23,-2.86,-0.48,597.14,86.38,14479,107,608.0,608.0,591.1
2025-04-22,4.03,0.68,600.0,,17648,132,607.0,607.0,599.0
2025-04-21,-2.36,-0.39,595.97,,28870,231,599.1,604.0,593.2
2025-04-20,-5.41,-0.9,598.33,70.98,11819,112,606.2,606.2,598.1
2025-04-17,4.03,0.67,603.74,,19854,185,597.2,606.9,597.2
2025-04-16,-0.93,-0.15,599.71,42.0,7002,70,611.9,611.9,598.0
2025-04-15,6.3,1.06,600.64,72.53,12031,95,605.0,606.0,594.0
2025-04-13,-1.38,-0.23,594.34,50.57,8483,62,596.5,600.0,590.3
2025-04-10,-6.16,-1.02,595.72,98.09,16428,151,603.0,608.0,595.0
2025-04-09,1.85,0.31,601.88,45.36,7519,75,601.0,608.0,598.0
2025-04-08,0.58,0.1,600.03,,17999,111,600.1,601.0,589.2
2025-04-07,-10.35,-1.7,599.45,,19416,164,620.0,620.0,596.5
2025-04-03,-7.21,-1.17,609.8,81.81,13323,135,625.0,625.8,605.3
2025-04-02,8.9,1.46,617.01,,22712,187,609.0,624.9,605.1
2025-04-01,-12.33,-1.99,608.11,94.51,15632,126,616.0,625.0,597.0
2025-03-30,13.03,2.15,620.44,,17145,187,605.0,625.0,605.0
2025-03-27,8.7,1.45,607.41,75.54,12485,122,600.0,608.0,595.3
2025-03-26,3.75,0.63,598.71,99.53,16692,157,603.9,603.9,587.0
2025-03-25,-20.54,-3.34,594.96,,34968,288,611.0,614.0,594.0
2025-03-24,7.97,1.31,615.5,,18731,188,607.0,624.0,601.0
2025-03-23,-12.24,-1.97,607.53,,22317,215,620.0,625.0,602.0
2025-03-20,-7.23,-1.15,619.77,,25026,174,627.0,628.0,618.0
2025-03-19,-3.0,-0.48,627.0,60.47,9652,119,639.9,639.9,625.1
2025-03-18,1.0,0.16,630.0,67.11,10669,96,639.0,639.0,626.3
2025-03-17,-3.0,-0.47,629.0,69.78,11042,105,641.0,641.0,628.0
2025-03-16,-6.9,-1.08,632.0,,21673,164,633.0,639.9,626.0
2025-03-12,-0.2,-0.03,638.9,,23165,168,644.9,644.9,633.0
2025-03-11,-0.9,-0.14,639.1,94.62,14759,130,652.5,652.5,638.0
2025-03-10,-4.0,-0.62,640.0,,18416,158,650.0,650.0,638.0
2025-03-09,-7.0,-1.08,644.0,,38999,238,649.0,655.0,640.0
2025-03-06,-3.0,-0.46,651.0,,17944,157,666.5,667.0,650.1
2025-03-05,-9.0,-1.36,654.0,,20991,187,674.8,674.8,650.1
2025-03-04,-15.0,-2.21,663.0,,17911,165,676.0,683.0,661.5
2025-03-03,2.2,0.33,678.0,,43171,357,689.0,699.0,676.0
2025-03-02,20.8,3.18,675.8,,29568,259,660.0,677.0,660.0
2025-02-27,4.0,0.61,655.0,,17721,165,664.0,677.0,651.0
2025-02-25,-2.5,-0.38,651.0,,16797,119,663.0,663.0,650.0
2025-02-24,-6.5,-0.98,653.5,,19370,208,670.0,670.0,653.2
2025-02-23,-2.0,-0.3,660.0,,26006,202,655.0,665.8,650.1
2025-02-20,-8.0,-1.19,662.0,,19947,218,660.0,680.0,660.0
2025-02-18,-6.0,-0.89,670.0,,18624,218,689.5,689.5,669.0
2025-02-17,-9.5,-1.39,676.0,,41057,376,698.0,700.0,674.6
2025-02-16,29.5,4.5,685.5,,73480,580,667.0,690.0,661.3
2025-02-13,2.0,0.31,656.0,,26594,227,660.0,669.0,652.0
2025-02-12,2.0,0.31,654.0,,17450,163,653.1,660.0,647.3
2025-02-11,-6.0,-0.91,652.0,93.66,14376,174,650.0,671.0,647.1
2025-02-10,-7.0,-1.05,658.0,,24196,174,673.0,676.0,655.7
2025-02-09,-7.0,-1.04,665.0,,29731,292,670.0,678.3,650.0
2025-02-06,1.0,0.15,672.0,,58490,450,672.0,689.0,665.4
2025-02-05,21.0,3.23,671.0,,53581,398,650.0,675.0,642.0
2025-02-04,0.0,0.0,650.0,,25789,176,663.0,663.0,640.0
2025-02-03,-3.0,-0.46,650.0,,55060,368,660.0,670.0,650.0
2025-02-02,22.0,3.49,653.0,,62513,368,632.0,655.0,632.0
2025-01-28,2.0,0.32,631.0,,32780,259,640.0,640.0,618.5
2025-01-27,12.0,1.94,629.0,,26924,270,608.0,641.0,608.0
2025-01-26,-17.5,-2.76,617.0,,56328,514,627.0,632.0,609.0
2025-01-23,-5.5,-0.86,634.5,,31946,301,642.0,654.5,630.0
2025-01-22,13.1,2.09,640.0,,25440,236,630.0,645.0,630.0
2025-01-21,2.6,0.42,626.9,89.04,14249,194,636.0,636.0,620.0
2025-01-20,-13.7,-2.15,624.3,,42201,337,645.0,645.0,624.3
2025-01-19,16.0,2.57,638.0,,21222,245,622.0,647.0,622.0
2025-01-16,-20.0,-3.12,622.0,,44191,410,645.0,649.0,620.0
2025-01-15,-13.0,-1.98,642.0,,30959,299,655.0,656.0,641.9
2025-01-13,-5.0,-0.76,655.0,,30625,234,650.0,672.0,650.0
2025-01-12,-25.0,-3.65,660.0,,18683,181,695.0,697.8,660.0
2025-01-09,-23.0,-3.25,685.0,,30849,328,700.2,711.0,685.0
2025-01-08,32.0,4.73,708.0,,51199,438,662.5,726.2,662.5
2025-01-07,10.0,1.5,676.0,,21623,198,675.0,683.0,667.0
2025-01-06,11.0,1.68,666.0,,22427,200,660.0,666.0,655.2
2025-01-05,-1.0,-0.15,655.0,,27737,235,656.0,669.0,650.0
2025-01-02,8.0,1.23,656.0,,22615,213,650.0,660.0,641.0
2025-01-01,8.0,1.25,648.0,,25608,260,645.1,656.7,633.0
2024-12-31,-12.1,-1.86,640.0,,53837,521,653.0,653.0,617.5
2024-12-29,-12.9,-1.94,652.1,,27551,254,651.7,670.9,651.7
2024-12-26,-17.0,-2.49,665.0,91.68,13666,109,682.0,685.0,665.0
2024-12-24,10.9,1.62,682.0,,24058,245,680.0,688.1,663.5
2024-12-23,0.1,0.01,671.1,,24607,185,684.4,684.4,656.6
2024-12-22,-7.0,-1.03,671.0,,37960,230,675.1,680.0,663.0
2024-12-19,-19.0,-2.73,678.0,,29981,231,692.0,697.0,678.0
2024-12-18,1.0,0.14,697.0,,16235,121,708.0,708.0,695.0
2024-12-17,4.1,0.59,696.0,,20919,164,686.1,705.0,683.0
2024-12-16,-26.0,-3.62,691.9,,36234,296,704.0,708.9,686.0
2024-12-12,-2.1,-0.29,717.9,,24891,201,720.0,734.4,708.0
2024-12-11,17.0,2.42,720.0,,31062,235,703.0,726.0,702.0
2024-12-10,-12.0,-1.68,703.0,,28402,308,715.0,720.0,700.0
2024-12-09,-8.1,-1.12,715.0,,38740,262,723.2,735.9,705.0
2024-12-08,-14.9,-2.02,723.1,,39686,291,730.6,735.0,722.0
2024-12-05,-15.0,-1.99,738.0,,56214,375,753.0,760.0,734.0
2024-12-04,-7.5,-0.99,753.0,,30452,237,764.0,769.9,752.0
2024-12-03,15.5,2.08,760.5,,44762,332,750.0,779.0,747.2
2024-12-02,-7.1,-0.94,745.0,,56999,396,757.9,760.3,740.0
2024-12-01,-8.9,-1.17,752.1,,47763,278,764.0,764.0,748.0
2024-11-28,-14.0,-1.81,761.0,,71364,429,780.0,780.0,757.0
2024-11-27,-2.0,-0.26,775.0,,45516,330,780.1,784.9,773.0
2024-11-26,8.0,1.04,777.0,,37066,248,774.0,783.8,773.0
2024-11-25,19.0,2.53,769.0,,36978,310,755.2,778.1,755.1
2024-11-24,-2.0,-0.27,750.0,,56287,352,754.0,765.0,750.0
2024-11-21,-15.0,-1.96,752.0,,62613,404,779.0,779.0,750.0
2024-11-20,1.0,0.13,767.0,,77100,414,773.0,779.9,758.4
2024-11-19,-25.0,-3.16,766.0,,117948,705,792.0,800.0,765.0
2024-11-17,-9.0,-1.12,791.0,,91830,560,810.0,812.0,791.0
2024-11-14,-6.3,-0.78,800.0,,92291,586,814.0,818.0,798.0
2024-11-13,8.3,1.04,806.3,,117191,535,798.1,814.0,788.0
2024-11-12,-6.7,-0.83,798.0,,61849,402,820.7,820.7,791.0
2024-11-11,-0.3,-0.04,804.7,,93820,544,821.1,821.1,793.6
2024-11-10,12.0,1.51,805.0,,83059,520,795.0,810.5,795.0
2024-11-06,8.0,1.02,793.0,,80631,484,800.7,804.4,780.0
2024-11-05,-9.5,-1.2,785.0,,45101,362,810.3,810.3,784.0
2024-10-30,-23.6,-2.88,794.5,,173378,928,818.1,825.0,780.0
2024-10-29,-8.9,-1.08,818.1,,121743,757,839.0,851.0,815.0
2024-10-28,25.9,3.23,827.0,,141357,705,801.0,828.0,801.0
2024-10-27,-31.9,-3.83,801.1,,404892,1756,816.4,830.0,784.1
2024-10-24,9.1,1.1,833.0,,294357,1922,840.3,872.0,831.0
2024-10-23,74.9,10.0,823.9,,534448,2488,763.9,823.9,750.0
2024-10-22,18.0,2.46,749.0,,33513,230,737.0,755.0,737.0
2024-10-21,-22.0,-2.92,731.0,,51414,338,753.0,754.8,730.0
2024-10-20,-31.0,-3.95,753.0,,83146,515,771.0,780.0,750.0
2024-10-17,-4.0,-0.51,784.0,,52794,350,795.0,799.0,766.0
2024-10-16,16.0,2.07,788.0,,39454,288,787.0,789.0,775.0
2024-10-15,43.3,5.94,772.0,,39580,265,725.0,800.0,725.0
2024-10-09,0.7,0.1,728.7,,26422,184,725.0,738.9,722.0
2024-10-08,-22.0,-2.93,728.0,,33701,237,763.9,763.9,726.0
2024-10-07,-8.0,-1.06,750.0,,52061,352,769.0,782.0,743.1
2024-10-06,28.0,3.84,758.0,,48195,346,730.0,763.0,726.0
2024-10-02,-0.4,-0.05,730.0,,70104,524,745.0,758.8,716.0
2024-10-01,66.4,10.0,730.4,,79659,628,677.0,730.4,673.2
2024-09-30,24.0,3.75,664.0,,21283,188,652.0,672.9,645.0
2024-09-29,-8.0,-1.23,640.0,,15801,138,640.0,659.0,635.0
2024-09-26,-27.0,-4.0,648.0,,34570,278,675.0,684.9,637.0
2024-09-25,38.1,5.98,675.0,,51062,379,640.0,677.0,625.0
2024-09-24,-17.1,-2.61,636.9,,52099,406,667.0,670.0,626.0
2024-09-23,-36.0,-5.22,654.0,,55540,614,700.1,700.1,639.1
2024-09-22,-2.0,-0.29,690.0,,32395,242,705.8,724.0,682.0
2024-09-18,-16.0,-2.26,692.0,,51569,418,721.0,722.1,685.0
2024-09-16,-31.9,-4.31,708.0,,65921,505,730.0,743.9,700.7
2024-09-15,-20.3,-2.67,739.9,,80241,554,774.0,784.9,739.9
2024-09-12,27.3,3.72,760.2,,60602,422,739.0,770.0,737.0
2024-09-11,9.9,1.37,732.9,,61063,392,736.0,744.9,721.5
2024-09-10,-4.0,-0.55,723.0,,66897,430,740.0,749.0,716.5
2024-09-09,-26.5,-3.52,727.0,,73622,596,753.5,760.0,726.2
2024-09-08,-7.5,-0.99,753.5,,43617,391,771.0,783.0,750.0
2024-09-05,-8.0,-1.04,761.0,,64676,538,760.0,780.3,747.1
2024-09-04,-36.0,-4.47,769.0,,81527,668,811.0,818.0,757.1
2024-09-03,-12.0,-1.47,805.0,,99325,683,833.3,844.7,795.0
2024-09-02,60.0,7.93,817.0,,115818,887,771.0,824.9,747.1
2024-09-01,-19.2,-2.47,757.0,,68245,552,778.1,789.5,756.0
2024-08-29,-15.8,-1.99,776.2,,86933,735,792.0,802.0,776.2
2024-08-28,-12.0,-1.49,792.0,,129664,809,804.0,835.0,788.1
2024-08-27,-29.0,-3.48,804.0,,145502,1118,830.0,859.0,795.2
2024-08-25,-47.0,-5.34,833.0,,175465,1252,897.0,897.0,830.0
2024-08-22,47.0,5.64,880.0,,280949,1710,835.0,910.0,835.0
2024-08-21,18.9,2.32,833.0,,163185,1005,825.0,856.0,820.3
2024-08-18,-6.9,-0.84,814.1,,251906,1497,804.6,870.0,775.0
2024-08-15,-17.0,-2.03,821.0,,180405,1413,854.7,890.0,794.0
2024-08-14,57.0,7.3,838.0,,202548,1455,796.0,850.0,781.0
2024-08-13,25.0,3.31,781.0,,181708,1311,769.0,800.0,758.0
2024-08-12,31.0,4.28,756.0,,177910,1158,725.0,790.0,725.0
2024-08-11,15.0,2.11,725.0,,108187,680,724.2,738.0,711.0
2024-08-08,-13.0,-1.8,710.0,,87699,713,736.9,751.0,703.0
2024-08-07,44.0,6.48,723.0,,119754,1000,676.0,739.9,656.0
2024-08-06,-63.0,-8.49,679.0,,221383,1756,727.2,734.9,677.0
2024-08-05,-25.0,-3.26,742.0,,139363,1065,767.0,775.0,731.0
2024-08-01,-10.1,-1.3,767.0,,171819,1255,777.1,798.0,758.6
2024-07-31,34.1,4.59,777.1,,160147,1186,757.8,798.0,744.0
2024-07-30,43.0,6.14,743.0,,182228,1220,714.0,755.0,700.0
2024-07-29,-3.0,-0.43,700.0,,145638,858,717.0,717.0,689.1
2024-07-28,-4.1,-0.58,703.0,,91311,636,721.2,721.2,690.0
2024-07-25,4.2,0.6,707.1,,108258,713,706.0,728.0,705.0
2024-07-24,2.9,0.41,702.9,,154596,893,713.9,725.0,690.9
2024-07-23,16.5,2.41,700.0,,93314,610,697.1,706.0,685.1
2024-07-22,9.5,1.41,683.5,,94528,718,686.9,695.0,665.0
2024-07-21,6.0,0.9,674.0,,138523,935,681.3,699.9,657.0
2024-07-18,-13.0,-1.91,668.0,,150815,980,682.0,700.0,667.0
2024-07-17,51.0,8.1,681.0,,135044,980,642.0,689.9,630.0
2024-07-16,11.0,1.78,630.0,,60256,356,617.0,636.4,612.0
2024-07-15,-4.0,-0.64,619.0,,81071,508,635.4,635.4,615.0
2024-07-14,3.0,0.48,623.0,,53314,383,632.4,650.0,623.0
2024-07-11,-3.9,-0.63,620.0,,73077,490,630.0,637.0,620.0
2024-07-10,6.7,1.09,623.9,,53787,335,627.0,634.0,619.0
2024-07-09,-4.7,-0.76,617.2,,62313,443,630.0,630.0,615.0
2024-07-08,5.8,0.94,621.9,,104986,831,620.0,639.4,618.1
2024-07-07,-26.9,-4.18,616.1,,107555,828,631.0,649.2,612.5
2024-07-04,20.4,3.28,643.0,,193415,1498,635.0,673.0,612.0
2024-07-03,56.6,10.0,622.6,,288240,1780,577.3,622.6,561.1
2024-07-02,12.0,2.17,566.0,,45100,330,565.0,587.5,560.0
2024-07-01,-5.0,-0.89,554.0,,53135,342,569.9,569.9,553.0
2024-06-30,16.8,3.1,559.0,,119612,726,542.2,571.0,540.0
2024-06-27,-4.1,-0.75,542.2,,36957,247,544.0,554.8,542.1
2024-06-26,-1.6,-0.29,546.3,,72661,441,549.0,555.0,540.0
2024-06-25,-7.1,-1.28,547.9,,68990,515,554.0,571.0,540.1
2024-06-24,-3.2,-0.57,555.0,,122421,874,569.3,575.0,548.0
2024-06-23,28.2,5.32,558.2,,124491,775,539.0,565.0,532.0
2024-06-20,3.0,0.57,530.0,,66423,365,527.0,545.0,527.0
2024-06-19,8.0,1.54,527.0,,37439,203,519.0,530.4,513.1
2024-06-18,-6.4,-1.22,519.0,,36956,188,525.3,527.7,516.0
2024-06-16,-8.6,-1.61,525.4,,45884,264,537.0,545.0,525.4
2024-06-13,10.1,1.93,534.0,,131365,741,523.9,565.0,523.9
2024-06-12,6.0,1.16,523.9,,45892,270,520.0,526.0,515.2
2024-06-11,5.9,1.15,517.9,,32735,235,511.0,520.0,511.0
2024-06-10,0.2,0.04,512.0,,24004,183,515.0,516.9,509.2
2024-06-09,1.8,0.35,511.8,,28465,151,510.0,517.0,504.1
2024-06-06,-2.1,-0.41,510.0,,30986,186,515.0,517.5,508.0
2024-06-05,-2.9,-0.56,512.1,,22104,117,515.0,520.0,512.0
2024-06-04,-3.9,-0.75,515.0,85.1,16496,126,527.4,527.4,510.0
2024-06-03,-0.1,-0.02,518.9,,28268,187,525.0,529.2,515.0
2024-06-02,9.0,1.76,519.0,,39314,248,512.0,527.0,510.0
2024-05-30,-1.0,-0.2,510.0,,23514,198,520.0,520.0,507.5
2024-05-29,-4.0,-0.78,511.0,,21058,158,525.0,525.0,506.1
2024-05-27,3.8,0.74,515.0,,24524,184,512.0,522.0,511.0
2024-05-26,-6.6,-1.27,511.2,,22990,171,516.0,523.0,511.1
2024-05-22,-7.1,-1.35,517.8,,29658,198,525.0,530.0,517.0
2024-05-21,14.9,2.92,524.9,,43232,296,513.0,540.0,510.0
2024-05-20,-4.0,-0.78,510.0,,32450,187,519.0,519.9,509.0
2024-05-19,3.0,0.59,514.0,,35803,217,521.2,521.2,507.1
2024-05-16,-2.2,-0.43,511.0,,21974,188,515.9,519.0,507.0
2024-05-15,-4.8,-0.93,513.2,,27404,166,518.0,524.5,513.2
2024-05-14,1.0,0.19,518.0,98.13,18918,152,517.0,523.0,516.0
2024-05-13,-4.0,-0.77,517.0,,24096,133,523.9,527.8,517.0
2024-05-12,0.0,0.0,521.0,,26915,178,522.5,526.0,517.5
2024-05-09,-3.0,-0.57,521.0,,34012,227,530.9,532.0,519.0
2024-05-08,9.0,1.75,524.0,,19887,146,524.0,524.0,512.0
2024-05-07,-1.0,-0.19,515.0,,26801,201,508.6,529.9,508.6
2024-05-06,2.0,0.39,516.0,,50709,335,517.0,532.0,515.0
2024-05-05,-20.1,-3.76,514.0,,48643,354,535.0,540.0,512.0
2024-05-02,-16.9,-3.07,534.1,,100732,594,551.0,562.0,534.1
2024-04-30,11.0,2.04,551.0,,222743,1588,545.0,580.0,538.0
2024-04-29,23.0,4.45,540.0,,104168,576,527.0,550.0,515.0
2024-04-28,12.0,2.38,517.0,,53337,327,510.0,528.0,507.0
2024-04-25,9.0,1.81,505.0,,37979,259,496.0,515.0,496.0
2024-04-24,4.0,0.81,496.0,,23133,156,492.0,514.0,488.0
2024-04-22,-12.6,-2.5,492.0,49.9,10026,128,505.0,510.0,491.3
2024-04-21,6.6,1.33,504.6,,20622,152,497.1,504.6,490.0
2024-04-18,-4.0,-0.8,498.0,78.53,15704,162,500.1,506.9,498.0
2024-04-16,-6.0,-1.18,502.0,,20323,131,507.0,511.0,500.1
2024-04-15,-5.0,-0.97,508.0,,23165,146,508.3,523.0,506.1
2024-04-14,-2.0,-0.39,513.0,,19488,177,507.2,520.0,507.1
2024-04-10,-17.9,-3.36,515.0,,48937,351,532.0,540.0,513.0
2024-04-09,14.7,2.84,532.9,,111871,717,525.0,539.9,521.5
2024-04-07,26.2,5.33,518.2,,63998,454,501.3,525.0,496.3
2024-04-04,-2.0,-0.4,492.0,93.89,18993,142,495.0,500.0,490.4
2024-04-03,0.0,0.0,494.0,34.83,7045,79,495.0,500.0,492.0
2024-04-02,1.5,0.3,494.0,94.4,19189,134,493.0,499.0,488.2
2024-04-01,-4.5,-0.91,492.5,84.96,17224,151,506.8,506.8,489.1
2024-03-31,-8.4,-1.66,497.0,,25134,196,509.8,509.8,496.0
2024-03-28,-1.6,-0.32,505.4,,20726,205,516.9,516.9,500.1
2024-03-27,-8.6,-1.67,507.0,,19911,155,525.0,525.0,507.0
2024-03-26,1.3,0.25,515.6,,20888,167,523.0,523.0,515.0
2024-03-25,-4.7,-0.91,514.3,82.37,15951,150,520.5,524.9,512.0
2024-03-21,7.0,1.37,519.0,,68424,458,515.0,527.3,514.0
2024-03-20,-8.9,-1.71,512.0,,35619,307,520.0,529.9,510.0
2024-03-19,15.9,3.15,520.9,,126483,795,513.0,530.0,513.0
2024-03-18,0.5,0.1,505.0,76.42,15105,138,513.0,513.0,502.8
2024-03-17,2.5,0.5,504.5,,29808,209,508.9,515.0,500.0
2024-03-14,-11.0,-2.14,502.0,,37294,319,511.0,522.0,500.0
2024-03-13,7.0,1.38,513.0,,50610,343,505.0,518.0,500.1
2024-03-12,13.0,2.64,506.0,,30314,205,496.0,506.0,492.2
2024-03-10,10.1,2.09,493.0,63.46,12889,141,492.0,497.7,486.0
2024-03-07,3.9,0.81,482.9,81.48,16757,98,488.5,498.2,480.5
2024-03-06,-5.0,-1.03,479.0,83.62,17342,153,492.9,492.9,474.5
2024-03-05,-17.0,-3.39,484.0,83.17,16990,174,511.0,511.0,482.2
2024-03-04,37.0,7.97,501.0,16.98,3418,19,473.2,501.0,473.2
2024-03-03,-7.6,-1.61,464.0,,23620,193,480.0,480.0,462.0
2024-02-29,-13.4,-2.76,471.6,,32334,221,490.0,490.0,470.0
2024-02-28,-8.5,-1.72,485.0,58.31,11988,120,499.4,503.2,485.0
2024-02-27,-6.4,-1.28,493.5,69.3,14058,113,509.8,509.8,489.0
2024-02-26,6.4,1.3,499.9,,22820,165,483.7,503.9,483.7
2024-02-25,3.6,0.73,493.5,,56596,375,499.6,507.0,489.0
2024-02-22,4.9,1.01,489.9,,58163,368,493.8,509.0,484.0
2024-02-21,4.0,0.83,485.0,55.34,11414,131,490.0,494.0,483.0
2024-02-20,5.7,1.2,481.0,,23955,163,484.0,489.9,477.0
2024-02-18,-24.7,-4.94,475.3,,54349,326,510.0,510.0,475.3
2024-02-15,-7.2,-1.42,500.0,,37050,278,511.0,513.3,496.0
2024-02-14,30.2,6.33,507.2,,147892,833,486.0,519.0,485.0
2024-02-13,-11.0,-2.25,477.0,84.57,17652,166,485.0,488.0,472.1
2024-02-12,7.0,1.46,488.0,45.65,9460,95,477.0,489.9,475.1
2024-02-11,-3.5,-0.72,481.0,58.48,12010,103,483.0,494.0,481.0
2024-02-07,3.0,0.62,487.0,65.46,13458,90,489.0,489.0,483.0
2024-02-06,6.4,1.34,484.0,40.66,8390,85,485.0,486.1,482.0
2024-02-05,-4.4,-0.91,477.6,46.58,9689,90,491.5,491.5,476.1
2024-02-04,2.1,0.44,482.0,51.7,10794,94,471.0,484.0,471.0
2024-02-01,0.9,0.19,479.9,,24385,150,470.0,490.0,470.0
2024-01-31,-7.0,-1.44,479.0,58.75,12215,109,477.0,494.0,476.1
2024-01-30,1.0,0.21,486.0,59.22,12193,116,480.1,488.0,480.1
2024-01-29,5.0,1.04,485.0,39.95,8258,97,471.0,487.0,471.0
2024-01-28,0.1,0.02,480.0,64.28,13469,99,480.0,483.0,473.2
2024-01-25,-2.1,-0.44,479.9,,31090,203,486.0,486.1,470.0
2024-01-24,0.0,0.0,482.0,84.14,17251,143,487.0,495.0,481.1
2024-01-23,0.0,0.0,482.0,70.37,14598,117,483.0,489.0,475.1
2024-01-22,-4.1,-0.84,482.0,,26682,202,480.1,495.0,478.5
2024-01-21,-13.8,-2.76,486.1,,25854,200,490.0,501.0,485.0
2024-01-18,4.8,0.97,499.9,,54665,307,495.0,500.0,485.0
2024-01-17,-19.9,-3.86,495.1,,43187,363,524.2,525.3,490.3
2024-01-16,12.1,2.41,515.0,,52361,321,510.0,522.0,506.0
2024-01-14,5.9,1.19,502.9,,27630,180,506.0,506.0,499.1
2024-01-11,-2.9,-0.58,497.0,,33892,253,507.0,507.0,496.5
2024-01-10,9.9,2.02,499.9,,71702,434,499.8,508.0,495.0
2024-01-09,20.1,4.28,490.0,,51019,296,479.0,494.7,471.0
2024-01-08,10.4,2.26,469.9,52.08,11227,88,468.6,470.0,460.0
2024-01-07,-4.4,-0.95,459.5,86.32,18742,142,473.0,473.0,455.0
2024-01-04,-4.2,-0.9,463.9,60.93,13049,137,477.4,477.4,461.0
2024-01-03,3.1,0.67,468.1,82.25,17599,138,460.0,475.0,459.0
2024-01-02,-11.0,-2.31,465.0,,23736,152,475.0,482.0,463.1
2024-01-01,-8.0,-1.65,476.0,49.73,10289,123,493.6,502.9,475.0
2023-12-28,3.0,0.62,484.0,,21002,166,482.0,489.0,475.1
2023-12-27,-4.4,-0.91,481.0,81.11,16825,179,485.0,490.0,475.0
2023-12-24,-13.6,-2.73,485.4,,35347,248,499.0,499.0,484.0
2023-12-21,-13.0,-2.54,499.0,,51473,292,522.0,522.0,491.0
2023-12-20,6.0,1.19,512.0,,45244,286,506.0,522.0,498.1
2023-12-19,1.0,0.2,506.0,,27737,233,514.7,514.7,492.1
2023-12-18,17.1,3.5,505.0,,51980,365,497.0,511.0,495.0
2023-12-17,5.9,1.22,487.9,,21096,158,472.5,490.0,472.0
2023-12-14,0.0,0.0,482.0,46.55,9666,104,490.0,490.0,475.6
2023-12-13,3.1,0.65,482.0,,24945,228,471.0,508.0,471.0
2023-12-12,16.9,3.66,478.9,,34611,276,462.0,480.0,458.0
2023-12-11,-12.0,-2.53,462.0,,26770,264,483.4,483.4,451.0
2023-12-10,31.0,7.0,474.0,10.79,2332,24,443.0,474.0,443.0
2023-12-07,2.9,0.66,443.0,28.49,6417,66,448.0,448.9,439.0
2023-12-06,0.1,0.02,440.1,14.66,3319,39,438.1,445.0,438.0
2023-12-05,-7.5,-1.68,440.0,28.54,6459,66,446.0,450.0,436.1
2023-12-04,3.5,0.79,447.5,28.87,6495,57,438.0,450.0,436.0
2023-12-03,-4.0,-0.89,444.0,14.64,3319,42,451.9,451.9,438.0
2023-11-30,-4.0,-0.88,448.0,15.11,3396,61,461.0,461.0,442.0
2023-11-29,-1.9,-0.42,452.0,25.55,5656,63,453.9,470.0,450.0
2023-11-28,9.9,2.23,453.9,14.29,3167,48,435.5,470.0,435.5
2023-11-27,-8.0,-1.77,444.0,48.98,10772,99,460.0,466.8,443.1
2023-11-26,18.0,4.15,452.0,48.68,10844,111,439.0,454.0,439.0
2023-11-23,2.0,0.46,434.0,54.88,12789,76,440.0,440.0,423.0
2023-11-22,2.0,0.47,432.0,14.65,3386,41,423.0,438.0,423.0
2023-11-21,-1.0,-0.23,430.0,26.95,6294,69,439.0,439.0,425.0
2023-11-20,1.0,0.23,431.0,14.02,3219,54,438.6,447.3,431.0
2023-11-09,-16.0,-3.59,430.0,45.47,10529,107,454.0,454.0,428.4
2023-11-08,4.0,0.9,446.0,19.37,4389,44,442.0,446.0,440.0
2023-11-07,3.9,0.89,442.0,24.95,5652,56,446.8,447.0,435.1
2023-11-06,-0.8,-0.18,438.1,42.31,9591,100,440.0,450.0,430.2
2023-11-05,-8.0,-1.79,438.9,42.7,9813,123,440.0,444.8,431.0
2023-11-02,-7.0,-1.54,446.9,40.41,9062,86,450.0,450.0,445.0
2023-11-01,3.9,0.87,453.9,25.42,5653,42,459.0,459.0,448.0
2023-10-31,-6.0,-1.32,450.0,12.91,2876,46,449.1,456.0,447.1
2023-10-30,1.0,0.22,456.0,34.43,7625,60,447.5,459.0,447.5
2023-10-29,-7.5,-1.62,455.0,30.66,6740,51,453.4,462.0,448.3
2023-10-19,-1.5,-0.32,462.5,45.8,9870,84,469.0,469.0,460.0
2023-10-18,7.0,1.53,464.0,44.72,9673,104,466.0,466.0,458.0
2023-10-17,9.0,2.01,457.0,31.14,6779,82,454.0,468.0,452.0
2023-10-16,-6.1,-1.34,448.0,56.95,12668,122,461.0,461.0,446.1
2023-10-12,-4.2,-0.92,454.1,31.67,6958,118,467.4,467.4,452.5
2023-10-11,0.4,0.09,458.3,49.22,10740,89,467.0,467.0,453.2
2023-10-10,-5.1,-1.1,457.9,58.66,12867,124,470.0,470.0,455.0
2023-10-09,2.0,0.43,463.0,38.02,8273,98,455.0,471.0,452.0
2023-10-08,-11.0,-2.33,461.0,86.08,18581,184,481.4,481.4,456.1
2023-10-05,-3.2,-0.67,472.0,19.38,4092,62,484.6,484.6,471.1
2023-10-04,2.3,0.49,475.2,32.23,6748,93,480.0,480.1,473.1
2023-10-03,-7.1,-1.48,472.9,49.53,10469,98,487.0,487.0,470.0
2023-10-02,1.0,0.21,480.0,55.27,11568,113,480.0,483.4,472.0
2023-10-01,-8.9,-1.82,479.0,52.1,10922,115,497.6,497.6,475.0
2023-09-27,-2.1,-0.43,487.9,84.37,17292,145,480.2,495.0,480.2
2023-09-26,5.0,1.03,490.0,65.41,13277,126,494.7,504.0,486.0
2023-09-25,-2.0,-0.41,485.0,50.24,10318,112,490.0,490.0,483.0
2023-09-24,-7.5,-1.52,487.0,,24368,244,500.0,500.0,484.4
2023-09-21,17.6,3.69,494.5,,30520,295,486.4,500.0,486.4
2023-09-19,8.9,1.9,476.9,28.52,6044,81,476.9,476.9,466.0
2023-09-18,4.0,0.86,468.0,25.21,5395,57,473.1,473.1,462.0
2023-09-17,-14.9,-3.11,464.0,88.33,18851,173,479.8,479.8,463.0
2023-09-13,9.9,2.11,478.9,,25879,173,471.0,480.0,470.0
2023-09-12,0.0,0.0,469.0,64.78,13815,192,478.2,478.2,462.0
2023-09-11,16.0,3.53,469.0,64.06,13795,123,462.0,470.0,453.0
2023-09-10,-2.0,-0.44,453.0,28.35,6209,79,457.0,463.0,453.0
2023-09-07,-8.0,-1.73,455.0,95.49,20919,159,470.0,470.0,452.1
2023-09-05,-4.9,-1.05,463.0,36.66,7888,71,470.0,470.0,463.0
2023-09-04,3.9,0.84,467.9,59.0,12753,118,473.2,473.2,457.0
2023-09-03,-1.0,-0.22,464.0,,24855,139,473.0,473.0,460.6
2023-08-30,-2.0,-0.43,465.0,37.73,8049,108,476.0,476.0,465.0
2023-08-29,-2.0,-0.43,467.0,68.47,14627,106,465.0,478.0,465.0
2023-08-28,5.5,1.19,469.0,46.59,9940,101,462.0,471.0,462.0
2023-08-27,-0.5,-0.11,463.5,,22495,162,473.1,473.1,457.0
2023-08-24,-16.9,-3.51,464.0,,21801,223,490.5,490.5,463.2
2023-08-23,9.4,1.99,480.9,48.74,10150,127,480.9,484.8,474.0
2023-08-22,8.0,1.73,471.5,33.48,7144,79,472.0,472.0,464.1
2023-08-21,-3.5,-0.75,463.5,40.25,8660,91,476.0,476.0,458.1
2023-08-20,-5.0,-1.06,467.0,41.76,8939,89,481.0,481.0,464.0
2023-08-17,12.0,2.61,472.0,87.15,18531,157,469.2,475.0,460.1
2023-08-16,-6.0,-1.29,460.0,91.1,19734,163,457.0,475.3,457.0
2023-08-15,-13.1,-2.73,466.0,89.77,19008,174,488.0,488.0,466.0
2023-08-14,-2.8,-0.58,479.1,58.93,12216,128,489.0,489.0,475.1
2023-08-13,2.0,0.42,481.9,,26280,191,470.5,488.4,469.0
2023-08-10,3.9,0.82,479.9,56.0,11651,174,484.0,485.0,473.0
2023-08-09,15.0,3.25,476.0,82.23,17618,186,470.2,476.0,457.0
2023-08-08,-12.8,-2.7,461.0,75.89,16336,195,473.0,480.0,456.0
2023-08-07,9.9,2.13,473.8,,24708,209,473.1,476.7,455.0
2023-08-06,-14.1,-2.95,463.9,,32953,324,487.5,493.0,460.0
2023-08-03,-18.7,-3.76,478.0,,103331,602,500.0,503.0,475.1
2023-08-02,14.8,3.07,496.7,,27791,249,475.1,496.7,475.1
2023-08-01,-8.1,-1.65,481.9,,29933,262,481.0,504.9,479.0
2023-07-31,8.0,1.66,490.0,,26130,265,491.0,496.5,482.0
2023-07-30,-17.0,-3.41,482.0,,47679,400,508.9,508.9,480.0
2023-07-27,-15.8,-3.07,499.0,,34129,348,525.0,525.0,496.0
2023-07-26,0.8,0.16,514.8,70.83,13703,165,524.2,524.2,513.0
2023-07-25,-13.0,-2.47,514.0,,25172,291,537.5,537.5,514.0
2023-07-24,-8.8,-1.64,527.0,,45558,322,546.5,546.5,523.0
2023-07-23,7.8,1.48,535.8,,42793,300,538.5,541.0,525.0
2023-07-20,-1.0,-0.19,528.0,95.28,18051,197,539.5,539.5,525.0
2023-07-19,-9.0,-1.67,529.0,,21328,221,535.0,540.0,525.1
2023-07-18,0.0,0.0,538.0,,20416,293,548.7,548.7,533.6
2023-07-17,13.0,2.48,538.0,,26265,277,535.5,540.0,520.0
2023-07-16,1.0,0.19,525.0,,25300,229,515.2,534.0,515.2
2023-07-13,-10.0,-1.87,524.0,,53621,366,538.0,542.9,521.0
2023-07-12,-7.7,-1.42,534.0,,68768,513,542.3,552.0,530.0
2023-07-11,14.7,2.79,541.7,,104545,815,530.0,550.0,527.0
2023-07-10,9.0,1.74,527.0,,78747,599,528.3,533.9,521.0
2023-07-09,20.0,4.02,518.0,,41937,360,507.9,519.9,506.0
2023-07-06,-2.0,-0.4,498.0,,41381,345,510.0,510.0,492.0
2023-07-05,-10.4,-2.04,500.0,,42676,396,518.0,520.0,497.0
2023-07-04,10.6,2.12,510.4,,30353,283,508.0,515.0,500.0
2023-07-03,-8.2,-1.61,499.8,,57375,558,508.0,517.9,490.0
2023-07-02,-5.0,-0.97,508.0,,87143,701,513.0,530.0,505.0
2023-06-28,-17.0,-3.21,513.0,,75291,774,540.0,540.0,510.0
2023-06-27,14.1,2.73,530.0,,122600,965,526.0,538.5,518.0
2023-06-26,21.4,4.33,515.9,,143692,1248,504.3,530.0,495.0
2023-06-25,33.4,7.24,494.5,,84332,632,465.0,496.0,458.1
2023-06-22,-0.9,-0.19,461.1,,36688,257,460.0,475.0,458.0
2023-06-21,-4.0,-0.86,462.0,,45860,383,470.0,483.0,461.8
2023-06-20,-22.0,-4.51,466.0,,57358,418,496.0,499.8,461.0
2023-06-19,14.1,2.98,488.0,,87454,634,483.3,499.4,470.0
2023-06-18,13.9,3.02,473.9,,52532,306,469.2,474.9,460.0
2023-06-15,-9.8,-2.09,460.0,,34029,268,465.0,472.0,455.0
2023-06-14,-7.8,-1.63,469.8,,65134,424,487.0,487.0,457.0
2023-06-13,10.6,2.27,477.6,,63616,452,460.0,485.3,460.0
2023-06-12,2.0,0.43,467.0,,73987,372,465.0,470.0,455.0
2023-06-11,28.1,6.43,465.0,,116344,791,437.0,470.0,437.0
2023-06-08,19.9,4.77,436.9,,65511,356,424.0,437.9,408.7
2023-06-07,-0.5,-0.12,417.0,41.45,9881,103,423.9,423.9,414.7
2023-06-06,6.5,1.58,417.5,65.72,15932,118,414.0,418.0,408.0
2023-06-05,-8.0,-1.91,411.0,53.31,12832,127,424.0,424.0,409.0
2023-06-04,14.0,3.46,419.0,68.49,16486,126,413.0,421.2,409.0
2023-06-01,2.6,0.65,405.0,61.11,15126,110,410.4,414.0,397.0
2023-05-31,-4.6,-1.13,402.4,92.58,22891,179,410.0,419.0,400.0
2023-05-30,-12.1,-2.89,407.0,93.62,22782,190,419.0,427.0,406.0
2023-05-28,-15.1,-3.48,419.1,80.14,18685,149,430.0,442.8,417.0
2023-05-24,0.2,0.05,434.2,92.96,21437,169,434.0,442.0,425.4
2023-05-23,15.0,3.58,434.0,,25385,206,420.0,435.0,419.0
2023-05-22,4.0,0.96,419.0,51.37,12191,121,420.0,432.9,410.0
2023-05-21,0.0,0.0,415.0,50.54,12139,119,410.4,422.0,408.6
2023-05-18,5.0,1.22,415.0,49.91,11949,113,416.9,425.0,402.2
2023-05-17,5.0,1.23,410.0,30.96,7607,89,409.9,411.0,402.0
2023-05-16,4.0,1.0,405.0,24.41,6074,41,403.0,407.0,400.0
2023-05-15,0.8,0.2,401.0,24.64,6124,71,400.0,408.0,397.0
2023-05-14,-3.4,-0.84,400.2,27.07,6743,65,402.3,410.0,400.2
2023-05-11,-0.4,-0.1,403.6,16.01,3967,32,399.1,405.9,399.1
2023-05-10,-1.9,-0.47,404.0,21.81,5397,59,398.1,414.0,398.1
2023-05-09,2.9,0.72,405.9,16.23,3995,52,395.0,410.0,395.0
2023-05-08,-3.0,-0.74,403.0,26.92,6715,72,399.1,414.0,399.0
2023-05-07,-6.9,-1.67,406.0,11.25,2772,43,406.0,414.0,403.0
2023-05-04,8.9,2.2,412.9,22.44,5488,66,408.0,412.9,401.0
2023-05-03,-1.0,-0.25,404.0,19.65,4862,55,397.0,407.0,397.0
2023-05-02,-3.0,-0.74,405.0,31.52,7761,71,408.0,410.0,402.2
2023-04-30,-4.9,-1.19,408.0,26.42,6477,74,412.0,414.0,405.0
2023-04-27,-0.1,-0.02,412.9,24.48,5935,58,414.0,415.0,408.9
2023-04-26,-7.0,-1.67,413.0,15.64,3775,51,412.0,427.0,410.0
2023-04-25,5.2,1.25,420.0,24.0,5756,57,411.0,420.0,410.0
2023-04-24,4.8,1.17,414.8,38.39,9315,74,418.2,418.2,403.0
2023-04-23,-4.0,-0.97,410.0,40.75,9934,102,408.0,418.0,408.0
2023-04-20,-5.5,-1.31,414.0,23.71,5697,75,416.9,420.0,412.6
2023-04-19,7.5,1.82,419.5,17.44,4165,46,420.2,426.0,414.1
2023-04-18,-5.0,-1.2,412.0,25.37,6126,70,409.5,425.3,409.5
2023-04-17,-12.0,-2.8,417.0,26.75,6352,90,421.0,429.9,417.0
2023-04-16,0.0,0.0,429.0,34.72,8078,83,428.0,437.0,422.3
2023-04-13,-9.0,-2.05,429.0,,26247,237,446.0,447.0,425.0
2023-04-12,32.0,7.88,438.0,,23511,256,410.0,442.0,410.0
2023-04-11,11.0,2.78,406.0,72.17,17938,133,400.0,409.5,395.0
2023-04-10,-2.2,-0.55,395.0,19.55,4923,79,395.0,400.0,391.0
2023-04-09,-7.8,-1.93,397.2,31.49,7890,113,400.0,406.9,393.0
2023-04-06,-2.1,-0.52,405.0,30.95,7660,87,412.0,412.0,400.3
2023-04-05,-1.9,-0.46,407.1,24.12,5911,73,410.0,411.7,404.0
2023-04-04,5.1,1.26,409.0,25.67,6330,75,395.9,410.0,395.9
2023-04-03,-2.8,-0.69,403.9,55.76,13807,133,410.0,414.8,400.0
2023-04-02,-7.7,-1.86,406.7,59.82,14519,138,418.3,424.0,405.0
2023-03-30,-8.6,-2.03,414.4,54.06,12908,105,429.9,429.9,414.3
2023-03-29,1.0,0.24,423.0,43.34,10368,107,420.0,425.0,414.0
2023-03-28,-3.0,-0.71,422.0,,26273,166,430.0,432.0,420.0
2023-03-27,8.8,2.11,425.0,55.72,13378,140,416.2,425.0,407.7
2023-03-26,-2.1,-0.5,416.2,39.94,9569,102,426.6,426.6,415.0
2023-03-23,-10.7,-2.49,418.3,46.69,11106,114,426.0,431.0,416.0
2023-03-22,-4.0,-0.92,429.0,53.03,12264,119,430.0,441.0,424.0
2023-03-20,6.0,1.41,433.0,32.31,7496,95,433.8,435.0,428.0
2023-03-19,-1.0,-0.23,427.0,39.61,9319,97,430.0,432.0,420.0
2023-03-16,-1.0,-0.23,428.0,26.45,6168,66,434.0,434.0,425.6
2023-03-15,-0.5,-0.12,429.0,44.22,10304,103,438.0,438.0,426.8
2023-03-14,-3.2,-0.74,429.5,74.85,17393,76,437.0,437.0,427.0
2023-03-13,-2.1,-0.48,432.7,66.12,15355,136,430.0,435.0,426.0
2023-03-12,-4.2,-0.96,434.8,,28252,247,439.9,446.9,430.0
2023-03-09,15.2,3.59,439.0,54.2,12433,133,432.0,439.9,430.0
2023-03-07,3.6,0.86,423.8,67.39,15942,161,428.6,430.0,417.0
2023-03-05,-10.8,-2.51,420.2,58.95,13860,112,433.5,434.0,420.2
2023-03-02,-8.9,-2.02,431.0,50.67,11723,114,435.0,436.0,429.0
2023-03-01,-4.1,-0.92,439.9,47.21,10757,100,441.0,448.7,436.0
2023-02-28,-4.3,-0.96,444.0,35.58,7952,70,457.0,457.0,440.0
2023-02-27,-11.6,-2.52,448.3,66.15,14770,131,460.0,460.0,436.0
2023-02-26,17.8,4.03,459.9,,36798,260,433.3,460.0,420.0
2023-02-23,-14.6,-3.2,442.1,,29981,191,448.0,450.0,436.2
2023-02-22,12.7,2.86,456.7,79.54,17468,127,444.8,461.7,444.8
2023-02-20,-7.0,-1.55,444.0,60.84,13631,126,455.0,455.0,440.0
2023-02-16,-9.0,-1.96,451.0,84.84,18621,132,455.0,464.1,451.0
2023-02-15,-3.0,-0.65,460.0,,22656,112,454.0,469.0,454.0
2023-02-14,-4.0,-0.86,463.0,86.35,18716,180,457.7,465.0,457.7
2023-02-12,-16.0,-3.31,467.0,,27118,214,485.0,485.0,462.0
2023-02-09,8.0,1.68,483.0,,21245,172,471.0,483.0,470.0
2023-02-08,-13.0,-2.66,475.0,,28759,265,490.6,497.0,475.0
2023-02-07,30.8,6.74,488.0,,40394,343,459.0,488.0,459.0
2023-02-06,0.3,0.07,457.2,68.95,15005,94,450.1,463.0,450.1
2023-02-05,3.9,0.86,456.9,82.96,18235,174,450.0,467.0,448.0
2023-02-02,-7.0,-1.52,453.0,,24341,168,452.0,466.0,451.0
2023-02-01,4.0,0.88,460.0,,25096,163,464.0,465.0,447.0
2023-01-31,-9.0,-1.94,456.0,,26568,201,473.9,473.9,456.0
2023-01-30,-14.8,-3.08,465.0,,36595,284,480.8,481.0,460.0
2023-01-29,-6.2,-1.28,479.8,,28819,201,483.0,488.0,471.0
2023-01-26,0.0,-0.82,486.0,,19328,0,481.0,499.8,481.0
2023-01-25,0.0,-0.81,490.0,,28449,0,502.9,502.9,485.1
2023-01-24,0.0,4.62,494.0,,59410,0,464.0,496.7,463.0
2023-01-23,0.0,-2.84,472.2,,28562,0,482.7,495.0,472.2
2023-01-19,0.0,-1.22,486.0,,29669,0,490.0,498.0,486.0
2023-01-18,0.0,-1.2,492.0,,48047,0,498.8,514.0,489.0
2023-01-17,0.0,3.75,498.0,,41570,0,485.0,502.0,472.7
2023-01-12,0.0,-3.81,480.0,,73865,0,508.9,525.0,473.5
2023-01-10,0.0,-1.19,499.0,,159401,0,515.1,532.0,490.0
2023-01-09,0.0,5.43,505.0,,50260,0,487.9,505.9,481.2
2023-01-08,0.0,0.04,479.0,,54672,0,478.8,492.0,469.3
2023-01-05,0.0,2.75,478.8,,90588,0,475.3,486.0,464.0
2023-01-04,0.0,3.33,466.0,,37773,0,443.8,470.0,443.8
2023-01-03,0.0,1.19,451.0,,35976,0,446.0,462.5,445.0
2023-01-02,0.0,4.0,468.0,,74758,0,458.8,468.0,451.2
2023-01-01,0.0,-3.39,450.0,,51278,0,474.4,480.0,450.0
2022-12-29,0.0,6.1,465.8,,33641,0,440.0,467.0,436.1
2022-12-28,0.0,-2.44,439.0,,35738,0,450.0,460.0,438.9
2022-12-27,0.0,3.93,450.0,,45874,0,441.5,464.0,440.0
2022-12-26,0.0,7.71,433.0,,28760,0,410.0,435.0,410.0
2022-12-22,0.0,-2.19,402.0,,9969,0,410.0,416.9,400.7
2022-12-21,0.0,-2.17,411.0,,4914,0,420.0,420.0,411.0
2022-12-20,0.0,0.79,420.1,,4461,0,418.3,424.8,418.3
2022-12-19,0.0,0.19,416.8,,7082,0,413.5,423.0,413.5
2022-12-18,0.0,-0.83,416.0,,11073,0,419.0,419.0,412.0
2022-12-15,0.0,-1.66,419.5,,8212,0,419.1,427.6,419.1
2022-12-14,0.0,0.38,426.6,,3671,0,417.5,433.5,417.5
2022-12-13,0.0,-0.23,425.0,,7919,0,434.5,434.5,423.0
2022-12-12,0.0,2.38,426.0,,12536,0,421.0,426.0,416.1
2022-12-11,0.0,-1.86,416.1,,14028,0,420.1,425.0,415.0
2022-12-07,0.0,-1.4,424.0,,8130,0,435.0,435.0,424.0
2022-12-06,0.0,-1.15,430.0,,10511,0,440.0,440.0,426.3
2022-12-05,0.0,-2.0,435.0,,12742,0,436.8,450.8,431.0
2022-12-04,0.0,-0.25,443.9,,10202,0,442.0,452.0,442.0
2022-12-01,0.0,-0.69,445.0,,19860,0,457.0,457.0,437.0
2022-11-30,0.0,-1.52,448.1,,11202,0,445.9,463.0,445.9
2022-11-29,0.0,0.64,455.0,,8137,0,446.8,458.9,446.8
2022-11-28,0.0,-1.07,452.1,,21445,0,460.0,466.1,452.1
2022-11-27,0.0,2.01,457.0,,39588,0,442.1,459.0,442.1
2022-11-24,0.0,0.0,448.0,,12437,0,446.8,452.5,441.1
2022-11-23,0.0,0.02,448.0,,7852,0,440.0,448.9,440.0
2022-11-22,0.0,-0.69,447.9,,17662,0,460.0,468.0,441.0
2022-11-17,0.0,2.73,451.0,,20852,0,432.0,455.0,432.0
2022-11-16,0.0,1.86,439.0,,25079,0,432.0,442.9,429.0
2022-11-15,0.0,-0.92,431.0,,12936,0,432.0,445.0,431.0
2022-11-14,0.0,1.87,435.0,,11671,0,421.0,441.0,421.0
2022-11-13,0.0,0.23,427.0,,13459,0,422.0,442.0,421.0
2022-11-10,0.0,-3.2,426.0,,25253,0,448.0,448.0,425.0
2022-11-09,0.0,-3.7,440.1,,29072,0,450.0,464.0,440.0
2022-11-08,0.0,-0.22,457.0,,14813,0,465.0,467.0,451.0
2022-11-07,0.0,-0.65,458.0,,30745,0,465.0,479.4,454.0
2022-11-06,0.0,4.49,461.0,,25998,0,442.0,461.0,441.5
2022-11-03,0.0,-1.74,441.2,,6646,0,449.0,455.9,440.0
2022-11-02,0.0,1.13,449.0,,27136,0,452.5,457.0,440.2
2022-11-01,0.0,3.26,444.0,,25004,0,430.0,450.0,422.1
2022-10-31,0.0,0.0,430.0,,7025,0,434.0,434.0,426.2
2022-10-23,0.0,0.94,430.0,,4454,0,421.0,433.0,421.0
2022-10-20,0.0,0.42,426.0,,13490,0,417.0,428.4,417.0
2022-10-19,0.0,-3.15,424.2,,14833,0,437.0,437.9,422.4
2022-10-17,0.0,-0.9,438.0,,12598,0,450.8,450.8,431.4
2022-10-16,0.0,-3.05,442.0,,17613,0,463.0,463.0,439.0
2022-10-13,0.0,0.02,455.9,,15678,0,458.0,462.0,447.1
2022-10-12,0.0,3.41,455.0,,18015,0,440.0,459.0,432.0
2022-10-11,0.0,0.23,440.0,,11099,0,431.0,441.0,428.0
2022-10-10,0.0,-1.79,439.0,,17693,0,450.1,450.1,431.3
2022-10-09,0.0,6.43,447.0,,19165,0,428.0,449.5,422.0
2022-09-29,0.0,-0.24,420.0,,9689,0,428.0,428.7,417.0
2022-09-28,0.0,-0.47,421.0,,9494,0,429.0,430.0,415.0
2022-09-27,0.0,2.67,423.0,,14423,0,412.0,428.0,406.0
2022-09-25,0.0,-3.74,412.0,,16625,0,420.0,428.0,411.6
2022-09-22,0.0,-1.61,428.0,,12274,0,434.0,438.6,427.0
2022-09-21,0.0,1.07,435.0,,16011,0,439.0,446.0,431.0
2022-09-20,0.0,-4.36,430.4,,22812,0,441.0,446.0,430.4
2022-09-18,0.0,-2.6,450.0,,34200,0,460.0,463.0,445.0
2022-09-16,0.0,-1.7,462.0,,27045,0,461.0,466.0,442.0
2022-09-15,0.0,-5.24,470.0,,51061,0,495.0,499.9,465.7
2022-09-14,0.0,6.67,496.0,,48244,0,470.0,497.0,470.0
2022-09-13,0.0,2.42,465.0,,14319,0,462.0,469.0,460.0
2022-09-12,0.0,-0.68,454.0,,13702,0,451.1,460.0,451.1
2022-09-11,0.0,-1.7,457.1,,16367,0,460.1,472.0,456.1
2022-09-08,0.0,0.43,465.0,,35136,0,465.0,476.3,454.0
2022-09-07,0.0,-0.86,463.0,,21004,0,474.0,474.0,455.0
2022-09-06,0.0,-2.57,467.0,,17789,0,478.0,480.0,467.0
2022-09-05,0.0,-1.58,479.3,,21062,0,478.1,495.0,478.1
2022-09-04,0.0,0.02,487.0,,16325,0,478.0,496.0,478.0
2022-09-02,0.0,0.6,486.9,,14505,0,476.0,494.0,476.0
2022-09-01,0.0,1.64,484.0,,37702,0,471.0,485.0,462.0
2022-08-31,0.0,-1.81,476.2,,19092,0,484.0,495.0,475.5
2022-08-30,0.0,-1.22,485.0,,25777,0,490.0,502.5,485.0
2022-08-29,0.0,1.66,491.0,,31086,0,481.0,498.0,476.0
2022-08-28,0.0,-3.98,483.0,,78933,0,493.0,513.0,483.0
2022-08-26,0.0,-2.88,503.0,,50004,0,516.6,526.0,501.0
2022-08-25,0.0,-1.35,517.9,,35246,0,525.0,535.0,515.0
2022-08-24,0.0,-0.47,525.0,,26077,0,538.0,538.0,523.2
2022-08-23,0.0,-1.03,527.5,,30388,0,540.0,540.0,525.1
2022-08-22,0.0,-0.19,533.0,,50668,0,524.0,539.0,520.1
2022-08-21,0.0,-1.29,534.0,,30901,0,541.0,552.0,531.0
2022-08-18,0.0,2.46,541.0,,98719,0,521.1,547.5,521.1
2022-08-17,0.0,-0.38,528.0,,68943,0,520.1,540.0,519.6
2022-08-16,0.0,-1.85,530.0,,75238,0,549.0,555.0,520.0
2022-08-15,0.0,9.09,540.0,,69564,0,486.0,544.0,486.0
2022-08-14,0.0,-3.17,495.0,,38493,0,504.0,520.0,492.0
2022-08-11,0.0,-1.69,511.2,,19140,0,520.0,527.0,511.2
2022-08-10,0.0,-1.14,520.0,,47222,0,526.0,530.0,516.0
2022-08-09,0.0,-2.41,526.0,,78651,0,548.0,548.0,521.0
2022-08-08,0.0,2.08,539.0,,61805,0,528.0,549.0,524.0
2022-08-07,0.0,1.54,528.0,,50518,0,514.1,535.0,514.1
2022-08-05,0.0,-3.88,520.0,,77183,0,530.2,550.0,519.0
2022-08-04,0.0,-3.05,541.0,,87770,0,550.1,569.0,540.0
2022-08-03,0.0,-0.71,558.0,,93323,0,570.0,573.0,555.1
2022-08-02,0.0,0.72,562.0,,37437,0,567.0,575.0,553.1
2022-08-01,0.0,0.9,558.0,,88757,0,553.0,577.0,546.0
2022-07-31,0.0,-2.31,553.0,,90251,0,576.0,576.0,551.0
2022-07-29,0.0,0.02,566.1,,59558,0,574.1,576.0,561.0
2022-07-28,0.0,2.54,566.0,,142113,0,559.0,585.0,550.0
2022-07-27,0.0,3.18,552.0,,104565,0,533.0,558.0,519.0
2022-07-26,0.0,-4.28,535.0,,117732,0,560.0,565.0,534.0
2022-07-25,0.0,8.74,558.9,,131024,0,521.0,559.0,512.0
2022-07-24,0.0,6.42,514.0,,88375,0,492.0,514.0,484.0
2022-07-22,0.0,-1.43,483.0,,52426,0,494.0,494.0,475.0
2022-07-21,0.0,-0.81,490.0,,36217,0,503.0,504.0,488.0
2022-07-20,0.0,3.13,494.0,,107059,0,486.0,505.0,476.1
2022-07-19,0.0,5.27,479.0,,109006,0,461.0,487.5,456.0
2022-07-18,0.0,1.56,455.0,,17294,0,449.0,457.0,440.3
2022-07-17,0.0,-0.44,448.0,,15822,0,447.0,459.0,446.0
2022-07-15,0.0,0.0,450.0,,21585,0,450.0,455.0,444.0
2022-07-14,0.0,2.27,450.0,,39116,0,448.8,459.0,439.0
2022-07-13,0.0,5.77,440.0,,32802,0,423.9,447.0,417.0
2022-07-12,0.0,0.73,416.0,,26276,0,419.9,423.6,404.9
2022-07-11,0.0,-5.14,413.0,,36587,0,426.7,433.5,410.0
2022-07-08,0.0,-3.46,435.4,,12793,0,443.0,450.8,435.0
2022-07-07,0.0,-0.44,451.0,,42385,0,462.0,471.0,445.0
2022-07-06,0.0,3.61,453.0,,56934,0,444.0,457.9,422.2
2022-07-05,0.0,-3.91,437.2,,66947,0,456.1,472.0,429.0
2022-07-04,0.0,-2.8,455.0,,71351,0,476.0,500.0,448.0
2022-07-03,0.0,5.55,468.1,,43667,0,436.0,471.0,435.0
2022-07-01,0.0,0.57,443.5,,32829,0,449.0,455.0,430.0
2022-06-30,0.0,6.52,441.0,,49017,0,422.2,447.9,415.0
2022-06-29,0.0,3.5,414.0,,20811,0,404.0,419.9,400.0
2022-06-28,0.0,-1.67,400.0,,11954,0,400.0,412.3,394.0
2022-06-27,0.0,-1.5,406.8,,39906,0,415.0,433.5,401.8
2022-06-26,0.0,6.44,413.0,,36003,0,395.0,415.1,391.0
2022-06-24,0.0,2.65,388.0,,16526,0,378.0,399.8,363.0
2022-06-23,0.0,-3.08,378.0,,19923,0,383.0,389.0,373.0
2022-06-22,0.0,-1.64,390.0,,19387,0,400.0,402.0,386.0
2022-06-21,0.0,4.07,396.5,,22589,0,381.0,402.0,381.0
2022-06-20,0.0,-4.51,381.0,,29430,0,396.0,398.1,379.0
2022-06-19,0.0,-3.86,399.0,,18942,0,415.0,415.0,398.6
2022-06-17,0.0,-0.72,415.0,,3958,0,411.1,426.0,411.1
2022-06-16,0.0,0.72,418.0,,10899,0,408.0,430.0,408.0
2022-06-15,0.0,-0.95,415.0,,16567,0,419.0,423.0,408.2
2022-06-14,0.0,-1.41,419.0,,17836,0,430.0,430.0,416.6
2022-06-13,0.0,-1.62,425.0,,14617,0,439.0,439.0,422.0
2022-06-10,0.0,-1.59,432.0,,35202,0,432.0,445.0,428.0
2022-06-09,0.0,-3.09,439.0,,50223,0,462.0,464.0,437.1
2022-06-08,0.0,6.66,453.0,,36952,0,428.0,467.0,423.0
2022-06-07,0.0,-0.54,424.7,,20577,0,433.0,433.0,420.0
2022-06-06,0.0,0.73,427.0,,16114,0,432.0,440.0,424.1
2022-06-03,0.0,-0.26,423.9,,15728,0,425.0,429.0,416.7
2022-06-02,0.0,-0.93,425.0,,16837,0,434.5,437.5,423.0
2022-06-01,0.0,0.23,429.0,,15306,0,433.0,437.0,424.0
2022-05-31,0.0,-1.15,428.0,,15815,0,430.0,443.3,426.0
2022-05-30,0.0,-3.56,433.0,,32735,0,450.0,451.0,427.8
2022-05-27,0.0,-2.37,449.0,,42163,0,450.8,465.9,445.1
2022-05-26,0.0,-0.02,459.9,,11228,0,465.0,471.0,452.0
2022-05-25,0.0,1.55,460.0,,16820,0,462.0,471.2,454.0
2022-05-24,0.0,1.8,453.0,,19905,0,445.0,462.9,440.0
2022-05-23,0.0,-1.77,445.0,,19117,0,450.0,455.0,445.0
2022-05-20,0.0,-1.95,453.0,,13521,0,471.0,471.1,452.0
2022-05-19,0.0,-2.76,462.0,,24485,0,475.0,484.5,455.0
2022-05-18,0.0,0.01,475.1,,19205,0,466.0,484.5,452.0
2022-05-17,0.0,-5.05,470.0,,22162,0,495.0,495.0,470.0
2022-05-12,0.0,1.23,495.0,,56544,0,498.7,513.0,490.0
2022-05-11,0.0,5.16,489.0,,32120,0,472.5,490.0,468.0
2022-05-10,0.0,1.11,465.0,,20556,0,462.0,474.3,458.2
2022-05-09,0.0,-0.88,459.9,,22227,0,471.9,477.0,456.0
2022-05-08,0.0,2.65,464.0,,21920,0,452.0,466.0,440.0
2022-05-05,0.0,-3.0,452.0,,29662,0,460.0,475.0,446.0
2022-05-04,0.0,-2.1,466.0,,19723,0,476.0,485.0,465.0
2022-05-02,0.0,-4.42,476.0,,19741,0,500.0,507.9,472.0
2022-04-28,0.0,-1.58,498.0,,19205,0,507.0,510.1,493.0
2022-04-27,0.0,-0.02,506.0,,16370,0,500.0,513.0,496.0
2022-04-26,0.0,-0.57,506.1,,21224,0,509.0,520.0,498.0
2022-04-25,0.0,-3.05,509.0,,32653,0,535.5,540.0,507.0
2022-04-24,0.0,7.8,525.0,,26004,0,495.0,535.4,488.0
2022-04-21,0.0,-0.2,487.0,,34570,0,488.0,495.0,462.2
2022-04-20,0.0,-3.37,488.0,,20079,0,495.2,515.0,486.0
2022-04-19,0.0,2.02,505.0,,23470,0,490.0,512.0,485.0
2022-04-18,0.0,-2.94,495.0,,32287,0,505.0,508.9,495.0
2022-04-17,0.0,-3.23,510.0,,19821,0,536.0,536.0,510.0
2022-04-13,0.0,1.74,527.0,,33626,0,512.0,532.0,512.0
2022-04-12,0.0,-2.63,518.0,,25020,0,540.0,540.0,515.0
2022-04-11,0.0,-2.72,532.0,,33717,0,557.0,568.0,530.4
2022-04-07,0.0,1.09,546.9,,39687,0,541.0,560.0,540.0
2022-04-06,0.0,-3.05,541.0,,41182,0,556.0,569.0,540.0
2022-04-05,0.0,-4.29,558.0,,49757,0,583.0,585.0,553.0
2022-04-04,0.0,-2.18,583.0,,22189,0,604.0,605.0,583.0
2022-04-03,0.0,-2.13,596.0,,32003,0,609.0,612.2,595.0
2022-03-31,0.0,-3.03,609.0,,26266,0,630.0,636.1,607.0
2022-03-30,0.0,2.3,628.0,,31471,0,624.9,630.0,607.0
2022-03-29,0.0,-1.93,613.9,,30334,0,638.0,638.0,608.0
2022-03-28,0.0,-4.82,626.0,,24984,0,644.6,644.6,625.1
2022-03-27,0.0,1.98,657.7,,82467,0,640.0,657.7,613.7
2022-03-24,0.0,-0.32,644.9,,34926,0,655.0,657.0,636.0
2022-03-23,0.0,-1.94,647.0,,46402,0,650.1,657.5,640.0
2022-03-22,0.0,1.2,659.8,,23761,0,665.0,665.0,654.0
2022-03-21,0.0,1.72,652.0,,41920,0,653.0,660.0,640.0
2022-03-20,0.0,-1.38,641.0,,25751,0,637.0,660.0,637.0
2022-03-16,0.0,-0.91,650.0,,43842,0,656.0,663.0,640.0
2022-03-15,0.0,-1.53,656.0,,45407,0,667.0,673.0,649.8
2022-03-14,0.0,-0.49,666.2,,27410,0,669.5,678.0,657.0
2022-03-13,0.0,-0.06,669.5,,317775,0,680.0,680.0,669.0
2022-03-10,0.0,3.11,669.9,,62388,0,636.8,669.9,614.7
2022-03-09,0.0,3.95,649.7,,98397,0,630.0,649.7,590.1
2022-03-07,0.0,-2.65,625.0,,32589,0,652.0,652.0,625.0
2022-03-06,0.0,-2.13,642.0,,38426,0,658.0,668.0,638.0
2022-03-02,0.0,-3.24,656.0,,54412,0,667.0,679.0,652.7
2022-02-28,0.0,-1.72,678.0,,71566,0,699.9,699.9,670.0
2022-02-27,0.0,0.72,689.9,,119050,0,684.0,699.0,675.0
2022-02-24,0.0,-4.86,685.0,,147526,0,706.0,706.0,681.1
2022-02-23,0.0,0.7,720.0,,82445,0,729.0,730.0,706.0
2022-02-22,0.0,4.84,715.0,,146213,0,695.0,719.0,680.0
2022-02-21,0.0,1.79,682.0,,73053,0,670.0,685.0,660.0
2022-02-20,0.0,-1.62,670.0,,65281,0,667.4,680.0,651.0
2022-02-17,0.0,-1.02,681.0,,43478,0,688.0,698.0,676.0
2022-02-16,0.0,-2.13,688.0,,73217,0,700.0,705.0,677.0
2022-02-15,0.0,3.53,703.0,,29067,0,690.0,703.0,675.2
2022-02-14,0.0,1.04,679.0,,43805,0,672.0,697.0,666.5
2022-02-13,0.0,-5.62,672.0,,108062,0,698.0,698.0,665.0
2022-02-10,0.0,2.01,712.0,,78979,0,705.0,720.0,690.0
2022-02-09,0.0,-1.69,698.0,,28915,0,710.0,714.0,695.8
2022-02-08,0.0,0.0,710.0,,113731,0,726.2,754.8,705.0
2022-02-07,0.0,-0.14,712.0,,41628,0,705.0,721.0,705.0
2022-02-06,0.0,-2.6,713.0,,63071,0,725.0,732.0,712.0
2022-02-03,0.0,-0.39,732.0,,135297,0,743.0,760.0,730.0
2022-02-01,0.0,2.35,734.9,,78230,0,717.5,740.0,705.0
2022-01-31,0.0,-1.91,718.0,,45853,0,740.0,744.9,716.0
2022-01-30,0.0,6.09,732.0,,118879,0,703.8,734.0,703.8
2022-01-27,0.0,-0.43,690.0,,43322,0,704.0,715.0,690.0
2022-01-26,0.0,-1.7,693.0,,56224,0,705.0,719.0,681.1
2022-01-25,0.0,0.0,705.0,,82597,0,705.0,736.0,678.0
2022-01-24,0.0,-5.38,705.0,,157192,0,730.2,742.0,697.0
2022-01-23,0.0,-3.61,745.1,,61634,0,773.0,785.0,744.0
2022-01-20,0.0,4.88,773.0,,80682,0,740.0,774.0,723.0
2022-01-19,0.0,-2.25,737.0,,85558,0,754.0,767.8,732.1
2022-01-18,0.0,-3.46,754.0,,117714,0,769.0,785.0,740.0
2022-01-17,0.0,-1.64,781.0,,72049,0,794.0,798.0,775.0
2022-01-16,0.0,2.45,794.0,,131599,0,775.0,800.0,777.0
2022-01-13,0.0,8.54,775.0,,123926,0,700.1,775.0,700.1
2022-01-12,0.0,-1.24,714.0,,157172,0,725.0,759.9,711.0
2022-01-11,0.0,4.78,723.0,,94467,0,690.0,745.0,676.2
2022-01-10,0.0,2.83,690.0,,105159,0,684.4,700.0,670.0
2022-01-09,0.0,9.28,671.0,,138748,0,623.0,674.0,620.0
2022-01-06,0.0,1.45,614.0,,45566,0,597.1,617.0,595.0
2022-01-05,0.0,-0.3,605.2,,86845,0,619.0,629.0,601.0
2022-01-04,0.0,2.02,607.0,,61815,0,595.1,609.0,585.0
2022-01-03,0.0,1.02,595.0,,65710,0,599.0,607.9,587.1
2022-01-02,0.0,0.63,589.0,,35465,0,585.0,593.0,580.0
2021-12-29,0.0,0.05,585.3,,26209,0,587.0,594.0,576.1
2021-12-28,0.0,2.63,585.0,,60864,0,567.0,595.0,560.0
2021-12-27,0.0,-3.39,570.0,,75043,0,601.0,608.0,569.0
2021-12-26,0.0,-1.63,590.0,,67201,0,610.0,610.0,589.0
2021-12-23,0.0,-1.99,599.8,,62716,0,624.2,624.2,589.0
2021-12-22,0.0,3.73,612.0,,107062,0,600.0,620.0,590.0
2021-12-21,0.0,3.15,590.0,,89390,0,583.0,599.0,560.6
2021-12-20,0.0,-2.72,572.0,,33434,0,598.0,599.0,566.0
2021-12-16,0.0,-4.85,588.0,,80572,0,620.0,620.0,588.0
2021-12-15,0.0,6.61,618.0,,165033,0,591.2,637.0,588.0
2021-12-14,0.0,10.0,579.7,,89460,0,537.5,579.7,537.5
2021-12-13,0.0,-9.14,527.0,,102587,0,568.4,576.3,525.5
2021-12-12,0.0,-7.5,580.0,,71638,0,622.0,626.0,579.0
2021-12-09,0.0,-2.0,627.0,,64734,0,628.0,652.0,610.0
2021-12-08,0.0,-1.15,703.8,,84765,0,712.0,716.0,680.0
2021-12-07,0.0,-7.65,712.0,,151495,0,785.0,800.0,700.0
2021-12-06,0.0,3.06,771.0,,110785,0,735.0,780.0,686.0
2021-12-05,0.0,-8.32,748.1,,120943,0,799.7,814.0,745.0
2021-12-02,0.0,-2.86,816.0,,69193,0,840.0,843.0,800.0
2021-12-01,0.0,-5.62,840.0,,61193,0,872.2,872.2,825.0
2021-11-30,0.0,6.1,890.0,,194972,0,828.9,922.6,809.0
2021-11-29,0.0,-10.0,838.8,,148044,0,913.4,913.4,838.8
2021-11-28,0.0,9.78,932.0,,119938,0,833.0,933.9,800.7
2021-11-25,0.0,0.0,849.0,,48998,0,845.0,865.0,820.0
2021-11-24,0.0,3.64,849.0,,224881,0,819.3,864.9,794.0
2021-11-23,0.0,-5.84,819.2,,105823,0,853.0,870.0,815.0
2021-11-22,0.0,0.58,870.0,,40091,0,882.0,936.1,853.0
2021-11-21,0.0,-3.89,865.0,,71030,0,891.0,891.0,865.0
2021-11-18,0.0,0.01,900.0,,152420,0,899.9,973.3,864.4
2021-11-17,0.0,0.77,899.9,,203706,0,910.8,910.8,875.0
2021-11-16,0.0,1.36,893.0,,127434,0,870.0,922.7,870.0
2021-11-15,0.0,2.2,881.0,,146918,0,879.0,897.0,862.0
2021-11-14,0.0,0.1,862.0,,282027,0,861.1,947.2,812.1
2021-11-11,0.0,-9.99,861.1,,335961,0,937.6,937.6,861.1
2021-11-09,0.0,-10.0,956.7,,134685,0,1041.8,1041.8,956.7
2021-11-08,0.0,10.0,1063.0,,241944,0,947.1,1063.0,890.0
2021-11-03,0.0,9.99,966.4,,141668,0,872.0,966.4,865.1
2021-11-02,0.0,0.75,878.6,,170399,0,854.7,953.7,838.0
2021-11-01,0.0,3.33,872.1,,197651,0,859.0,911.4,824.0
2021-10-31,0.0,6.84,844.0,,159987,0,798.0,850.0,775.0
2021-10-28,0.0,-1.25,790.0,,61163,0,784.0,805.0,765.0
2021-10-27,0.0,-1.72,800.0,,261755,0,815.0,823.2,771.0
2021-10-26,0.0,6.68,814.0,,121795,0,775.0,814.0,764.0
2021-10-25,0.0,7.62,763.0,,124624,0,723.0,763.0,700.0
2021-10-24,0.0,4.99,709.0,,238437,0,676.0,709.0,645.0
2021-10-21,0.0,4.21,675.3,,69157,0,660.9,675.3,621.0
2021-10-20,0.0,8.0,648.0,,85525,0,612.0,652.0,612.0
2021-10-19,0.0,-6.98,600.0,,73116,0,633.0,633.0,588.0
2021-10-18,0.0,-3.76,645.0,,44108,0,670.0,670.0,643.0
2021-10-17,0.0,-2.59,670.2,,96066,0,679.0,715.0,647.0
2021-10-11,0.0,-1.43,688.0,,67716,0,686.0,694.0,660.0
2021-10-10,0.0,-0.29,698.0,,97911,0,714.0,731.0,681.9
2021-10-06,0.0,7.53,700.0,,95946,0,664.0,704.8,650.8
2021-10-05,0.0,5.43,651.0,,45172,0,620.0,655.0,620.0
2021-10-04,0.0,-3.52,617.5,,61328,0,652.0,652.0,607.6
2021-10-03,0.0,-4.05,640.0,,83726,0,667.0,679.0,635.0
2021-09-30,0.0,-3.47,667.0,,84942,0,704.0,717.0,658.0
2021-09-29,0.0,3.75,691.0,,227194,0,665.0,726.9,620.0
2021-09-28,0.0,-8.14,666.0,,229815,0,712.0,734.0,652.5
2021-09-27,0.0,-4.61,725.0,,103599,0,761.0,768.0,713.0
2021-09-26,0.0,-8.98,760.0,,156489,0,838.0,851.7,755.6
2021-09-23,0.0,1.75,835.0,,116860,0,837.0,870.0,818.0
2021-09-22,0.0,10.0,820.6,,124334,0,760.9,820.6,760.9
2021-09-21,0.0,-1.91,746.0,,144352,0,760.0,816.0,707.6
2021-09-20,0.0,-10.0,760.5,,163142,0,861.9,861.9,760.5
2021-09-16,0.0,-7.03,845.0,,213300,0,891.0,892.5,845.0
2021-09-15,0.0,-4.12,908.9,,169198,0,953.0,953.0,885.0
2021-09-14,0.0,0.42,948.0,,113984,0,944.0,950.0,888.4
2021-09-13,0.0,-1.12,944.0,,165794,0,960.0,975.0,940.8
2021-09-12,0.0,2.66,954.7,,154148,0,930.0,955.0,912.0
2021-09-09,0.0,-4.02,930.0,,171168,0,988.0,988.0,912.4
2021-09-08,0.0,0.94,969.0,,94776,0,940.8,969.0,908.1
2021-09-07,0.0,0.91,960.0,,102309,0,970.3,987.8,918.0
2021-09-06,0.0,9.99,951.3,,219074,0,847.7,951.3,830.8
2021-09-05,0.0,-10.0,864.9,,163404,0,941.8,951.0,864.9
2021-09-02,0.0,-5.09,961.0,,140822,0,992.3,1020.0,961.0
2021-09-01,0.0,-5.28,1012.5,,124605,0,1050.0,1058.0,1007.5
2021-08-31,0.0,-3.88,1068.9,,218108,0,1089.8,1089.8,1035.0
2021-08-29,0.0,-4.06,1112.0,,349098,0,1135.9,1135.9,1065.0
2021-08-26,0.0,-1.51,1159.0,,253146,0,1153.3,1161.0,1078.1
2021-08-25,0.0,9.99,1176.8,,329750,0,1069.9,1176.8,1003.0
2021-08-24,0.0,3.37,1069.9,,380797,0,1020.0,1076.1,980.0
2021-08-19,0.0,-6.73,1035.0,,236692,0,1100.0,1100.0,1030.0
2021-08-18,0.0,4.82,1088.0,,363865,0,1017.3,1109.7,980.0
2021-08-17,0.0,8.58,1038.0,,314116,0,956.0,1038.3,956.0
2021-08-16,0.0,-6.27,956.0,,383799,0,999.7,1019.6,951.0
2021-08-15,0.0,9.56,1020.0,,590872,0,913.0,1020.0,850.0
2021-08-12,0.0,4.09,931.0,,292458,0,894.4,969.0,859.0
2021-08-11,0.0,10.0,894.4,,603261,0,829.3,894.4,826.4
2021-08-10,0.0,10.0,813.1,,158696,0,753.9,813.1,753.9
2021-08-09,0.0,10.0,739.2,,452942,0,680.0,739.2,668.0
2021-08-08,0.0,-0.87,672.0,,88128,0,682.0,689.0,672.0
2021-08-05,0.0,-1.48,677.9,,118141,0,695.0,700.0,676.0
2021-08-04,0.0,3.94,688.1,,177892,0,672.0,695.0,656.0
2021-08-03,0.0,-1.49,662.0,,61945,0,684.0,684.0,661.1
2021-08-02,0.0,-1.47,672.0,,54046,0,682.0,689.0,670.0
2021-08-01,0.0,0.72,682.0,,156622,0,680.0,702.0,675.0
2021-07-29,0.0,-1.87,677.1,,89709,0,703.0,703.0,676.0
2021-07-28,0.0,4.55,690.0,,220981,0,673.2,709.9,673.0
2021-07-27,0.0,2.09,660.0,,134627,0,646.0,661.0,629.0
2021-07-26,0.0,0.23,646.5,,74325,0,650.0,651.0,633.0
2021-07-25,0.0,2.22,645.0,,95388,0,643.0,668.0,638.0
2021-07-22,0.0,-1.1,631.0,,82974,0,640.0,644.0,630.0
2021-07-20,0.0,-2.3,638.0,,88460,0,655.0,655.0,635.0
2021-07-19,0.0,-1.21,653.0,,145300,0,674.0,674.0,640.0
2021-07-18,0.0,3.28,661.0,,140667,0,650.0,665.0,628.0
2021-07-15,0.0,1.43,640.0,,141170,0,631.0,654.0,620.0
2021-07-14,0.0,1.61,631.0,,96739,0,625.0,640.0,615.0
2021-07-13,0.0,6.52,621.0,,141043,0,583.0,635.0,576.0
2021-07-12,0.0,0.0,583.0,,272307,0,590.0,621.0,556.0
2021-07-11,0.0,10.0,583.0,,163839,0,540.0,583.0,540.0
2021-07-08,0.0,2.91,530.0,,54169,0,519.0,542.0,519.0
2021-07-07,0.0,-2.83,515.0,,33787,0,530.0,540.0,515.0
2021-07-06,0.0,0.38,530.0,,30397,0,530.0,545.0,526.0
2021-07-05,0.0,-2.94,528.0,,49812,0,550.0,550.0,528.0
2021-07-04,0.0,-1.81,544.0,,66004,0,567.0,567.0,540.0
2021-07-01,0.0,2.59,554.0,,117924,0,540.0,566.0,540.0
2021-06-30,0.0,7.78,540.0,,127895,0,501.0,545.0,488.0
2021-06-29,0.0,-4.93,501.0,,139623,0,537.0,538.0,495.0
2021-06-28,0.0,-4.53,527.0,,91899,0,563.0,563.0,527.0
2021-06-27,0.0,-2.65,552.0,,77542,0,578.0,589.0,550.0
2021-06-24,0.0,-2.07,567.0,,78683,0,607.0,607.0,552.0
2021-06-23,0.0,-3.5,579.0,,108889,0,610.0,622.0,575.0
2021-06-22,0.0,6.01,600.0,,121221,0,560.0,610.0,559.0
2021-06-21,0.0,-6.45,566.0,,162527,0,610.0,619.0,562.0
2021-06-20,0.0,-4.27,605.0,,141887,0,640.0,640.0,585.0
2021-06-17,0.0,2.76,632.0,,164615,0,620.0,655.0,593.0
2021-06-16,0.0,-6.11,615.0,,266706,0,640.0,676.0,590.0
2021-06-15,0.0,-5.89,655.0,,226153,0,696.0,698.0,649.0
2021-06-14,0.0,2.05,696.0,,272197,0,716.0,735.0,670.0
2021-06-13,0.0,10.0,682.0,,405007,0,620.0,682.0,620.0
2021-06-10,0.0,5.26,620.0,,285367,0,600.0,637.0,574.0
2021-06-09,0.0,0.02,589.0,,404090,0,609.0,638.0,550.0
2021-06-08,0.0,9.85,580.0,,121201,0,540.0,580.0,540.0
2021-06-07,0.0,10.0,528.0,,444391,0,490.0,528.0,480.0
2021-06-06,0.0,3.9,480.0,,187743,0,467.0,489.0,445.0
2021-06-03,0.0,0.87,462.0,,340901,0,460.0,495.0,453.0
2021-06-02,0.0,9.83,458.0,,319396,0,417.0,458.0,417.0
2021-06-01,0.0,0.48,417.0,,125904,0,416.0,430.0,407.0
2021-05-31,0.0,-5.47,415.0,,141886,0,447.0,447.0,415.0
2021-05-30,0.0,5.28,439.0,,200853,0,419.0,452.0,411.0
2021-05-27,0.0,3.47,417.0,,160856,0,400.0,421.0,385.0
2021-05-25,0.0,-0.25,403.0,,145937,0,408.0,413.0,395.0
2021-05-24,0.0,-2.65,404.0,,265471,0,430.0,431.0,395.0
2021-05-23,0.0,9.79,415.0,,398098,0,378.0,415.0,358.0
2021-05-20,0.0,8.31,378.0,,227884,0,351.0,383.0,348.0
2021-05-19,0.0,-0.29,349.0,,145586,0,367.0,367.0,346.0
2021-05-18,0.0,5.11,350.0,,184621,0,332.0,352.0,331.0
2021-05-17,0.0,-1.48,333.0,,69589,0,338.0,339.0,331.0
2021-05-16,0.0,1.2,338.0,,65710,0,336.0,352.0,335.0
2021-05-13,0.0,4.7,334.0,,128090,0,320.0,337.0,319.0
2021-05-12,0.0,0.95,319.0,,30826,0,319.0,320.0,313.0
2021-05-11,0.0,0.32,316.0,,10769,0,315.0,317.0,314.0
2021-05-10,0.0,0.32,315.0,,15642,0,310.0,319.0,308.0
2021-05-09,0.0,-0.95,314.0,,25554,0,314.0,319.0,314.0
2021-05-06,0.0,1.6,317.0,,48102,0,315.0,320.0,312.0
2021-05-05,0.0,0.32,312.0,,14054,0,312.0,314.0,310.0
2021-05-04,0.0,-0.96,311.0,,13958,0,314.0,314.0,310.0
2021-05-03,0.0,-0.32,314.0,,22075,0,315.0,318.0,310.0
2021-05-02,0.0,1.94,315.0,,22693,0,310.0,319.0,308.0
2021-04-29,0.0,0.32,309.0,,18731,0,309.0,312.0,302.0
2021-04-28,0.0,-1.6,308.0,,17589,0,311.0,313.0,305.0
2021-04-27,0.0,2.96,313.0,,26628,0,307.0,315.0,304.0
2021-04-26,0.0,-1.94,304.0,,47384,0,307.0,316.0,299.0
2021-04-25,0.0,-4.91,310.0,,48514,0,328.0,328.0,308.0
2021-04-22,0.0,1.87,326.0,,26862,0,320.0,326.0,316.0
2021-04-21,0.0,-3.61,320.0,,33078,0,338.0,338.0,320.0
2021-04-20,0.0,0.0,332.0,,25801,0,330.0,334.0,326.0
2021-04-19,0.0,0.61,332.0,,83403,0,328.0,342.0,323.0
2021-04-18,0.0,-2.94,330.0,,58086,0,323.0,345.0,323.0
2021-04-15,0.0,1.19,340.0,,77489,0,336.0,346.0,334.0
2021-04-13,0.0,4.02,336.0,,115136,0,323.0,342.0,319.0
2021-04-12,0.0,0.0,323.0,,69279,0,323.0,331.0,317.0
2021-04-08,0.0,4.87,323.0,,123019,0,308.0,325.0,308.0
2021-04-07,0.0,-0.96,308.0,,27300,0,314.0,314.0,306.0
2021-04-06,0.0,-0.32,311.0,,17532,0,311.0,315.0,307.0
2021-04-05,0.0,0.65,312.0,,28801,0,314.0,322.0,308.0
2021-04-04,0.0,1.31,310.0,,25926,0,310.0,315.0,308.0
2021-04-01,0.0,1.32,306.0,,66478,0,300.0,319.0,300.0
2021-03-31,0.0,0.67,302.0,,16793,0,303.0,303.0,298.0
2021-03-30,0.0,1.35,300.0,,5189,0,296.0,303.0,296.0
2021-03-29,0.0,-0.34,296.0,,7703,0,300.0,300.0,296.0
2021-03-25,0.0,-0.67,297.0,,28114,0,303.0,304.0,296.0
2021-03-24,0.0,0.67,299.0,,16028,0,297.0,302.0,297.0
2021-03-23,0.0,-1.0,297.0,,7172,0,306.0,306.0,296.0
2021-03-22,0.0,-1.32,300.0,,18647,0,304.0,304.0,298.0
2021-03-21,0.0,1.33,304.0,,27258,0,305.0,305.0,298.0
2021-03-18,0.0,2.04,300.0,,22909,0,308.0,308.0,292.0
2021-03-17,0.0,1.73,294.0,,9187,0,294.0,295.0,289.0
2021-03-16,0.0,0.7,289.0,,5302,0,285.0,295.0,285.0
2021-03-15,0.0,-1.03,287.0,,20220,0,286.0,291.0,286.0
2021-03-14,0.0,-2.03,290.0,,14356,0,296.0,296.0,289.0
2021-03-10,0.0,-0.34,296.0,,20677,0,302.0,307.0,296.0
2021-03-09,0.0,-0.67,297.0,,10444,0,300.0,300.0,296.0
2021-03-08,0.0,-1.32,299.0,,12327,0,309.0,309.0,298.0
2021-03-04,0.0,2.71,303.0,,19748,0,297.0,303.0,293.0
2021-03-03,0.0,-0.34,295.0,,39406,0,292.0,295.0,286.0
2021-03-02,0.0,-3.27,296.0,,27964,0,305.0,305.0,293.0
2021-03-01,0.0,0.0,306.0,,22881,0,300.0,307.0,295.0
2021-02-28,0.0,-1.63,302.0,,41029,0,292.0,308.0,292.0
2021-02-25,0.0,0.0,307.0,,41125,0,310.0,315.0,304.0
2021-02-24,0.0,0.0,315.0,,18499,0,316.0,321.0,314.0
2021-02-23,0.0,-0.32,315.0,,44739,0,301.0,318.0,301.0
2021-02-22,0.0,-2.17,316.0,,30417,0,320.0,321.0,316.0
2021-02-21,0.0,0.01,323.0,,39582,0,324.0,325.0,318.0
2021-02-18,0.0,0.0,321.0,,44115,0,322.0,327.0,318.0
2021-02-17,0.0,-0.01,322.0,,40291,0,327.0,327.0,318.0
2021-02-16,0.0,0.03,326.0,,101184,0,331.0,331.0,315.0
2021-02-15,0.0,0.02,316.0,,37237,0,325.0,325.0,311.0
2021-02-14,0.0,-0.03,310.0,,59341,0,316.0,320.0,310.0
2021-02-11,0.0,-0.02,320.0,,80530,0,332.0,335.0,316.0
2021-02-10,0.0,0.1,326.0,,194958,0,283.0,326.0,283.0
2021-02-09,0.0,-0.01,298.0,,14127,0,306.0,306.0,297.0
2021-02-08,0.0,0.02,302.0,,81996,0,309.0,309.0,296.0
2021-02-07,0.0,0.01,295.0,,44819,0,293.0,297.0,288.0
2021-02-04,0.0,0.0,293.0,,26369,0,289.0,294.0,287.0
2021-02-03,0.0,-0.01,294.0,,27891,0,297.0,300.0,288.0
2021-02-02,0.0,0.0,293.0,,29319,0,299.0,304.0,292.0
2021-02-01,0.0,0.05,294.0,,53388,0,284.0,294.0,280.0
2021-01-31,0.0,-0.05,279.0,,57714,0,295.0,296.0,279.0
2021-01-28,0.0,-0.04,295.0,,79965,0,322.0,322.0,289.0
2021-01-27,0.0,0.0,307.0,,29536,0,311.0,312.0,301.0
2021-01-26,0.0,0.0,308.0,,49839,0,312.0,313.0,305.0
2021-01-25,0.0,-0.02,308.0,,40178,0,314.0,314.0,306.0
2021-01-24,0.0,0.0,313.0,,83997,0,329.0,329.0,308.0
2021-01-21,0.0,-0.01,314.0,,70839,0,318.0,326.0,309.0
2021-01-20,0.0,0.02,316.0,,73270,0,315.0,323.0,311.0
2021-01-19,0.0,0.04,311.0,,134881,0,315.0,315.0,300.0
2021-01-18,0.0,0.04,300.0,,105896,0,294.0,310.0,294.0
2021-01-17,0.0,0.04,289.0,,64212,0,283.0,290.0,283.0
2021-01-13,0.0,0.03,278.0,,36658,0,267.0,280.0,267.0
2021-01-12,0.0,0.01,270.0,,13735,0,281.0,281.0,266.0
2021-01-11,0.0,0.02,268.0,,40421,0,268.0,270.0,264.0
2021-01-10,0.0,0.01,263.0,,24284,0,265.0,275.0,257.0
2021-01-07,0.0,0.0,260.0,,48002,0,262.0,262.0,255.0
2021-01-06,0.0,-0.01,259.0,,12671,0,262.0,266.0,259.0
2021-01-05,0.0,-0.02,261.0,,8429,0,267.0,267.0,261.0
2021-01-04,0.0,0.0,267.0,,9272,0,269.0,270.0,265.0
2021-01-03,0.0,0.02,266.0,,28248,0,267.0,272.0,265.0
2020-12-31,0.0,0.04,290.0,,31359,0,285.0,290.0,283.0
2020-12-30,0.0,0.0,280.0,,18829,0,279.0,284.0,279.0
2020-12-29,0.0,0.0,279.0,,4177,0,284.0,284.0,279.0
2020-12-28,0.0,-0.01,280.0,,6773,0,280.0,284.0,280.0
2020-12-27,0.0,0.0,284.0,,10787,0,287.0,287.0,282.0
2020-12-24,0.0,0.01,283.0,,11858,0,282.0,287.0,280.0
2020-12-23,0.0,-0.01,280.0,,27155,0,289.0,294.0,279.0
2020-12-22,0.0,0.01,284.0,,26068,0,281.0,295.0,281.0
2020-12-21,0.0,-0.01,281.0,,7996,0,279.0,285.0,264.0
2020-12-20,0.0,-0.02,284.0,,14711,0,287.0,289.0,275.0
2020-12-17,0.0,-0.01,289.0,,34899,0,296.0,296.0,281.0
2020-12-16,0.0,-0.01,292.0,,14899,0,295.0,300.0,290.0
2020-12-15,0.0,0.01,295.0,,17900,0,298.0,298.0,289.0
2020-12-14,0.0,0.01,293.0,,31242,0,295.0,299.0,291.0
2020-12-13,0.0,0.01,290.0,,10936,0,291.0,292.0,287.0
2020-12-10,0.0,-0.01,286.0,,15706,0,285.0,292.0,285.0
2020-12-09,0.0,-0.01,290.0,,15025,0,296.0,296.0,286.0
2020-12-08,0.0,0.0,294.0,,33449,0,300.0,305.0,291.0
2020-12-07,0.0,0.04,295.0,,42863,0,287.0,300.0,287.0
2020-12-06,0.0,-0.05,284.0,,10697,0,300.0,300.0,284.0
2020-12-03,0.0,0.01,298.0,,55978,0,300.0,302.0,290.0
2020-12-02,0.0,0.01,295.0,,19255,0,295.0,301.0,290.0
2020-12-01,0.0,-0.01,293.0,,25813,0,300.0,300.0,292.0
2020-11-30,0.0,-0.01,296.0,,50952,0,315.0,315.0,290.0
2020-11-29,0.0,0.02,300.0,,56321,0,294.0,303.0,290.0
2020-11-26,0.0,-0.01,295.0,,57942,0,300.0,306.0,293.0
2020-11-25,0.0,0.03,298.0,,73080,0,287.0,303.0,287.0
2020-11-24,0.0,0.01,288.0,,39675,0,290.0,292.0,283.0
2020-11-23,0.0,0.0,286.0,,19908,0,290.0,290.0,282.0
2020-11-22,0.0,-0.02,285.0,,30055,0,295.0,302.0,285.0
2020-11-19,0.0,0.0,290.0,,43488,0,297.0,300.0,285.0
2020-11-18,0.0,0.0,293.0,,35289,0,292.0,306.0,288.0
2020-11-12,0.0,0.0,290.0,,63183,0,304.0,308.0,289.0
2020-11-11,0.0,-4.78,299.0,,114192,0,325.0,325.0,296.0
2020-11-10,0.0,0.64,314.0,,39090,0,315.0,317.0,311.0
2020-11-09,0.0,-0.32,312.0,,63704,0,309.0,314.0,309.0
2020-11-08,0.0,1.62,313.0,,73945,0,310.0,316.0,308.0
2020-11-05,0.0,-0.65,308.0,,34433,0,310.0,315.0,308.0
2020-11-04,0.0,-0.96,310.0,,12450,0,311.0,313.0,309.0
2020-11-03,0.0,0.97,313.0,,26898,0,310.0,317.0,310.0
2020-11-02,0.0,4.03,310.0,,73851,0,295.0,311.0,295.0
2020-11-01,0.0,0.0,298.0,,24481,0,298.0,302.0,293.0
2020-10-29,0.0,1.02,298.0,,43027,0,290.0,302.0,290.0
2020-10-28,0.0,1.03,295.0,,71534,0,296.0,299.0,288.0
2020-10-22,0.0,-2.01,292.0,,50604,0,296.0,300.0,290.0
2020-10-21,0.0,1.36,298.0,,83503,0,297.0,298.0,287.0
2020-10-20,0.0,1.73,294.0,,58430,0,293.0,294.0,284.0
2020-10-19,0.0,3.21,289.0,,87188,0,290.0,290.0,277.0
2020-10-18,0.0,5.26,280.0,,144676,0,271.0,285.0,263.0
2020-10-15,0.0,0.38,266.0,,94130,0,269.0,271.0,259.0
2020-10-14,0.0,1.15,265.0,,111089,0,275.0,275.0,260.0
2020-10-13,0.0,1.55,262.0,,154727,0,270.0,270.0,252.0
2020-10-12,0.0,4.88,258.0,,157823,0,258.0,263.0,246.0
2020-10-11,0.0,9.82,246.0,,205798,0,235.0,246.0,230.0
2020-10-08,0.0,6.67,224.0,,95494,0,213.0,230.0,210.0
2020-10-07,0.0,2.94,210.0,,28573,0,202.0,213.0,201.0
2020-10-06,0.0,0.0,204.0,,9492,0,201.0,205.0,201.0
2020-10-05,0.0,2.0,204.0,,29068,0,210.0,210.0,199.0
2020-10-04,0.0,0.0,200.0,,17525,0,204.0,204.0,197.0
2020-10-01,0.0,1.52,200.0,,26367,0,200.0,204.0,197.0
2020-09-30,0.0,3.14,197.0,,13942,0,191.0,204.0,190.0
2020-09-29,0.0,-2.05,191.0,,18013,0,197.0,198.0,190.0
2020-09-28,0.0,0.52,195.0,,17982,0,196.0,200.0,193.0
2020-09-27,0.0,0.52,194.0,,11027,0,190.0,199.0,190.0
2020-09-24,0.0,1.58,193.0,,17890,0,199.0,199.0,190.0
2020-09-23,0.0,2.7,190.0,,9767,0,188.0,191.0,188.0
2020-09-22,0.0,-3.65,185.0,,17636,0,194.0,195.0,185.0
2020-09-21,0.0,-3.52,192.0,,18780,0,208.0,208.0,191.0
2020-09-20,0.0,4.74,199.0,,43590,0,193.0,209.0,193.0
2020-09-17,0.0,9.2,190.0,,41669,0,176.0,191.0,175.0
2020-09-16,0.0,0.0,174.0,,8880,0,172.0,174.0,172.0
2020-09-15,0.0,-1.14,174.0,,1760,0,174.0,177.0,173.0
2020-09-14,0.0,0.57,176.0,,8862,0,177.0,177.0,174.0
2020-09-13,0.0,-0.57,175.0,,812,0,177.0,177.0,175.0
2020-09-10,0.0,1.73,176.0,,5909,0,175.0,176.0,174.0
2020-09-09,0.0,0.0,173.0,,13806,0,176.0,176.0,170.0
2020-09-08,0.0,1.76,173.0,,3131,0,170.0,177.0,170.0
2020-09-07,0.0,-2.3,170.0,,17073,0,172.0,177.0,170.0
2020-09-06,0.0,-2.25,174.0,,11914,0,181.0,181.0,174.0
2020-09-03,0.0,-1.11,178.0,,8251,0,183.0,183.0,177.0
2020-09-02,0.0,1.12,180.0,,12433,0,180.0,183.0,177.0
2020-08-31,0.0,1.71,178.0,,8460,0,173.0,179.0,173.0
2020-08-27,0.0,-0.57,175.0,,2826,0,179.0,179.0,175.0
2020-08-26,0.0,-1.12,176.0,,8096,0,179.0,179.0,172.0
2020-08-25,0.0,1.14,178.0,,5130,0,179.0,179.0,177.0
2020-08-24,0.0,1.73,176.0,,3486,0,175.0,176.0,172.0
2020-08-23,0.0,-1.14,173.0,,5542,0,172.0,173.0,170.0
2020-08-20,0.0,1.74,175.0,,807,0,174.0,175.0,173.0
2020-08-19,0.0,0.0,172.0,,1907,0,172.0,172.0,170.0
2020-08-18,0.0,0.0,172.0,,6915,0,171.0,173.0,170.0
2020-08-17,0.0,-2.27,172.0,,3559,0,174.0,175.0,172.0
2020-08-16,0.0,-0.56,176.0,,6095,0,176.0,176.0,170.0
2020-08-13,0.0,-1.12,177.0,,1451,0,178.0,178.0,177.0
2020-08-12,0.0,-2.19,179.0,,5498,0,180.0,180.0,177.0
2020-08-11,0.0,-0.54,183.0,,5247,0,187.0,187.0,180.0
2020-08-10,0.0,1.1,184.0,,4409,0,182.0,184.0,181.0
2020-08-09,0.0,-2.67,182.0,,3152,0,184.0,187.0,182.0
2020-08-06,0.0,3.89,187.0,,1287,0,180.0,187.0,179.0
2020-08-05,0.0,-2.17,180.0,,4834,0,181.0,181.0,179.0
2020-08-03,0.0,2.22,184.0,,219,0,180.0,186.0,180.0
2020-08-02,0.0,-5.26,180.0,,5201,0,187.0,187.0,180.0
2020-07-30,0.0,2.7,190.0,,6967,0,185.0,190.0,183.0
2020-07-29,0.0,-1.6,185.0,,6764,0,189.0,189.0,185.0
2020-07-28,0.0,-1.05,188.0,,3940,0,190.0,190.0,188.0
2020-07-27,0.0,-1.04,190.0,,9950,0,194.0,194.0,187.0
2020-07-26,0.0,2.13,192.0,,3467,0,190.0,195.0,187.0
2020-07-23,0.0,0.53,188.0,,3926,0,185.0,192.0,185.0
2020-07-22,0.0,0.54,187.0,,7061,0,186.0,187.0,184.0
2020-07-21,0.0,-1.59,186.0,,5883,0,186.0,189.0,184.0
2020-07-20,0.0,6.18,189.0,,14078,0,186.0,195.0,184.0
2020-07-16,0.0,2.89,178.0,,10991,0,175.0,181.0,175.0
2020-07-15,0.0,-0.57,173.0,,1722,0,171.0,178.0,169.0
2020-07-14,0.0,-2.79,174.0,,4713,0,179.0,179.0,173.0
2020-07-13,0.0,-0.56,179.0,,4883,0,183.0,183.0,177.0
2020-07-12,0.0,0.0,180.0,,3140,0,179.0,180.0,179.0
2020-07-09,0.0,0.0,180.0,,10679,0,180.0,183.0,178.0
2020-07-08,0.0,1.69,180.0,,6907,0,177.0,180.0,171.0
2020-07-07,0.0,7.93,177.0,,6886,0,165.0,179.0,165.0
2020-07-06,0.0,-1.8,164.0,,1557,0,164.0,167.0,164.0
2020-07-05,0.0,2.45,167.0,,1469,0,163.0,170.0,161.0
2020-07-02,0.0,0.0,163.0,,2864,0,166.0,170.0,163.0
2020-07-01,0.0,-1.21,163.0,,720,0,163.0,164.0,163.0
2020-06-29,0.0,-3.55,165.0,,791,0,166.0,166.0,163.0
2020-03-22,0.0,-1.74,169.0,,110,0,169.0,169.0,169.0
2020-03-19,0.0,4.88,172.0,,20403,0,161.0,172.0,158.0
2020-03-18,0.0,1.21,167.0,,8447,0,165.0,169.0,163.0
2020-03-17,0.0,-5.71,165.0,,15285,0,177.0,178.0,165.0
2020-03-16,0.0,-0.57,175.0,,4798,0,173.0,175.0,172.0
2020-03-15,0.0,-3.3,176.0,,28375,0,181.0,183.0,176.0
2020-03-12,0.0,-3.7,182.0,,7706,0,187.0,188.0,180.0
2020-03-11,0.0,3.85,189.0,,14828,0,185.0,189.0,180.0
2020-03-10,0.0,-3.19,182.0,,5570,0,185.0,186.0,182.0
2020-03-05,0.0,-0.53,188.0,,9457,0,186.0,198.0,183.0
2020-03-04,0.0,-5.5,189.0,,21330,0,196.0,196.0,188.0
2020-03-03,0.0,0.5,200.0,,13126,0,199.0,206.0,196.0
2020-03-02,0.0,-1.97,199.0,,9487,0,199.0,206.0,196.0
2020-03-01,0.0,-1.93,203.0,,19582,0,207.0,212.0,203.0
2020-02-27,0.0,-4.17,207.0,,11644,0,214.0,215.0,207.0
2020-02-26,0.0,-0.46,216.0,,26403,0,217.0,224.0,214.0
2020-02-25,0.0,7.96,217.0,,33720,0,197.0,217.0,197.0
2020-02-24,0.0,-2.43,201.0,,44277,0,206.0,210.0,200.0
2020-02-23,0.0,9.57,206.0,,67950,0,191.0,206.0,191.0
2020-02-20,0.0,1.62,188.0,,10869,0,185.0,188.0,184.0
2020-02-19,0.0,1.65,185.0,,5562,0,184.0,187.0,182.0
2020-02-18,0.0,-1.62,182.0,,9136,0,184.0,188.0,182.0
2020-02-17,0.0,0.54,185.0,,6140,0,187.0,187.0,182.0
2020-02-16,0.0,1.66,184.0,,6280,0,180.0,184.0,180.0
2020-02-13,0.0,0.56,181.0,,7164,0,178.0,183.0,178.0
2020-02-12,0.0,0.0,180.0,,14986,0,182.0,183.0,179.0
2020-02-11,0.0,1.69,180.0,,6796,0,179.0,184.0,179.0
2020-02-10,0.0,-0.56,177.0,,3411,0,176.0,178.0,176.0
2020-02-09,0.0,0.56,178.0,,5709,0,175.0,179.0,175.0
2020-02-06,0.0,0.0,177.0,,5662,0,176.0,178.0,176.0
2020-02-05,0.0,-1.12,177.0,,4088,0,176.0,179.0,176.0
2020-02-04,0.0,0.0,179.0,,11765,0,179.0,182.0,176.0
2020-02-03,0.0,1.7,179.0,,39356,0,174.0,185.0,174.0
2020-02-02,0.0,2.33,176.0,,13157,0,175.0,181.0,175.0
2020-01-30,0.0,-1.71,172.0,,4815,0,172.0,175.0,172.0
2020-01-29,0.0,0.0,175.0,,5755,0,175.0,175.0,172.0
2020-01-28,0.0,1.74,175.0,,7912,0,174.0,178.0,171.0
2020-01-27,0.0,0.0,172.0,,1911,0,173.0,173.0,172.0
2020-01-26,0.0,0.58,172.0,,3832,0,170.0,173.0,168.0
2020-01-23,0.0,-1.16,171.0,,2652,0,173.0,173.0,170.0
2020-01-22,0.0,1.76,173.0,,4607,0,173.0,176.0,172.0
2020-01-21,0.0,-6.08,170.0,,8003,0,181.0,181.0,170.0
2020-01-20,0.0,-8.72,178.0,,14170,0,195.0,195.0,178.0
2020-01-19,0.0,4.28,195.0,,18635,0,190.0,196.0,182.0
2020-01-16,0.0,10.0,187.0,,25498,0,173.0,187.0,173.0
2020-01-15,0.0,6.25,170.0,,20283,0,163.0,173.0,162.0
2020-01-14,0.0,-0.62,160.0,,5640,0,160.0,161.0,159.0
2020-01-13,0.0,0.62,161.0,,600,0,157.0,161.0,157.0
2020-01-12,0.0,5.26,160.0,,8042,0,155.0,161.0,155.0
2020-01-09,0.0,0.0,152.0,,2525,0,151.0,152.0,151.0
2020-01-08,0.0,0.66,152.0,,4115,0,149.0,152.0,149.0
2020-01-07,0.0,0.67,151.0,,1040,0,150.0,152.0,149.0
2020-01-06,0.0,0.0,150.0,,1470,0,151.0,151.0,150.0
2020-01-05,0.0,-0.66,150.0,,128,0,150.0,150.0,149.0
2020-01-02,0.0,3.42,151.0,,3321,0,146.0,151.0,146.0
2020-01-01,0.0,0.0,146.0,,1100,0,145.0,146.0,145.0
2019-12-31,0.0,-4.19,146.0,,3156,0,150.0,150.0,145.0
2019-12-30,0.0,0.0,160.0,,18111,0,160.0,162.0,157.0
2019-12-29,0.0,-1.84,160.0,,40010,0,160.0,162.0,155.0
2019-12-26,0.0,1.24,163.0,,5752,0,161.0,163.0,161.0
2019-12-25,0.0,-0.62,161.0,,4358,0,162.0,162.0,161.0
2019-12-24,0.0,1.25,162.0,,6088,0,160.0,163.0,160.0
2019-12-23,0.0,1.27,160.0,,1344,0,158.0,162.0,158.0
2019-12-22,0.0,-0.63,158.0,,388,0,156.0,159.0,156.0
2019-12-19,0.0,-0.62,159.0,,2338,0,157.0,159.0,157.0
2019-12-17,0.0,0.0,160.0,,87,0,160.0,160.0,160.0
2019-12-16,0.0,0.0,160.0,,3124,0,161.0,162.0,160.0
2019-12-12,0.0,-1.82,162.0,,300,0,163.0,163.0,162.0
2019-12-11,0.0,1.85,165.0,,2152,0,162.0,165.0,162.0
2019-12-10,0.0,-1.22,162.0,,489,0,164.0,164.0,162.0
2019-12-09,0.0,3.14,164.0,,1120,0,161.0,164.0,158.0
2019-12-05,0.0,0.0,159.0,,5904,0,160.0,160.0,159.0
2019-12-04,0.0,1.27,159.0,,31,0,159.0,159.0,159.0
2019-12-03,0.0,0.64,157.0,,499,0,157.0,157.0,157.0
2019-12-01,0.0,-0.64,156.0,,1050,0,157.0,157.0,156.0
2019-11-28,0.0,-0.63,157.0,,410,0,159.0,160.0,157.0
2019-11-27,0.0,1.94,158.0,,5040,0,155.0,158.0,155.0
2019-11-26,0.0,-0.64,155.0,,27,0,155.0,155.0,155.0
2019-11-25,0.0,-0.64,156.0,,636,0,156.0,156.0,156.0
2019-11-24,0.0,-1.87,157.0,,550,0,157.0,157.0,157.0
2019-11-21,0.0,0.0,160.0,,125,0,160.0,160.0,160.0
2019-11-20,0.0,-1.84,160.0,,299,0,162.0,162.0,160.0
2019-11-18,0.0,1.87,163.0,,550,0,160.0,163.0,160.0
2019-11-17,0.0,-1.23,160.0,,13376,0,160.0,160.0,160.0
2019-11-14,0.0,1.89,162.0,,4674,0,159.0,165.0,162.0
2019-11-13,0.0,-0.62,159.0,,1570,0,160.0,163.0,159.0
2019-11-12,0.0,-0.62,160.0,,800,0,161.0,161.0,160.0
2019-11-11,0.0,1.9,161.0,,1561,0,156.0,161.0,155.0
2019-11-10,0.0,0.0,158.0,,161,0,155.0,158.0,155.0
2019-11-07,0.0,-1.25,158.0,,992,0,158.0,161.0,158.0
2019-11-06,0.0,0.0,160.0,,140,0,163.0,163.0,160.0
2019-11-05,0.0,-1.23,160.0,,100,0,160.0,160.0,160.0
2019-11-04,0.0,1.25,162.0,,1265,0,162.0,164.0,162.0
2019-11-03,0.0,-1.23,160.0,,296,0,160.0,160.0,160.0
2019-10-31,0.0,-0.61,162.0,,280,0,163.0,163.0,162.0
2019-10-24,0.0,1.87,163.0,,417,0,162.0,163.0,160.0
2019-10-23,0.0,0.0,160.0,,2700,0,157.0,160.0,157.0
2019-10-22,0.0,1.27,160.0,,70,0,160.0,160.0,160.0
2019-10-21,0.0,-1.25,158.0,,620,0,160.0,160.0,158.0
2019-10-20,0.0,0.63,160.0,,430,0,159.0,160.0,159.0
2019-10-14,0.0,-0.62,159.0,,49,0,159.0,159.0,159.0
2019-10-03,0.0,1.27,160.0,,656,0,158.0,160.0,158.0
2019-10-02,0.0,-1.86,158.0,,308,0,158.0,158.0,158.0
2019-10-01,0.0,3.87,161.0,,20,0,158.0,161.0,158.0
2019-09-30,0.0,0.0,155.0,,436,0,155.0,155.0,155.0
2019-09-29,0.0,1.31,155.0,,10,0,155.0,155.0,155.0
2019-09-26,0.0,0.0,153.0,,200,0,153.0,153.0,153.0
2019-09-24,0.0,0.0,152.0,,62,0,152.0,152.0,152.0
2019-09-23,0.0,-1.3,152.0,,10,0,152.0,152.0,152.0
2019-09-22,0.0,-3.14,154.0,,1265,0,157.0,157.0,154.0
2019-09-18,0.0,1.92,159.0,,100,0,159.0,159.0,159.0
2019-09-17,0.0,1.96,156.0,,1854,0,155.0,158.0,155.0
2019-09-16,0.0,0.0,153.0,,1170,0,153.0,154.0,153.0
2019-09-15,0.0,-1.92,153.0,,3610,0,155.0,156.0,153.0
2019-09-12,0.0,-1.27,156.0,,904,0,159.0,159.0,156.0
2019-09-11,0.0,-1.86,158.0,,53,0,158.0,158.0,158.0
2019-09-10,0.0,1.26,161.0,,1390,0,156.0,161.0,156.0
2019-09-09,0.0,-1.24,159.0,,1550,0,160.0,161.0,158.0
2019-09-08,0.0,-0.62,161.0,,4296,0,162.0,162.0,160.0
2019-09-05,0.0,-1.82,162.0,,250,0,165.0,165.0,162.0
2019-09-04,0.0,1.23,165.0,,50,0,164.0,165.0,164.0
2019-09-03,0.0,3.82,163.0,,2815,0,157.0,163.0,157.0
2019-09-02,0.0,-2.48,157.0,,2972,0,160.0,160.0,157.0
2019-09-01,0.0,1.26,161.0,,1433,0,158.0,161.0,158.0
2019-08-29,0.0,0.0,159.0,,260,0,162.0,162.0,159.0
2019-08-28,0.0,-1.85,159.0,,200,0,159.0,159.0,159.0
2019-08-27,0.0,1.25,162.0,,10,0,162.0,162.0,162.0
2019-08-26,0.0,0.0,160.0,,2120,0,161.0,162.0,160.0
2019-08-25,0.0,0.0,160.0,,1250,0,162.0,162.0,160.0
2019-08-22,0.0,-1.23,160.0,,1510,0,163.0,163.0,160.0
2019-08-21,0.0,-1.22,162.0,,1050,0,161.0,162.0,161.0
2019-08-20,0.0,1.86,164.0,,121,0,163.0,164.0,163.0
2019-08-19,0.0,0.0,161.0,,1101,0,163.0,165.0,161.0
2019-08-18,0.0,0.0,161.0,,530,0,161.0,161.0,161.0
2019-08-14,0.0,0.0,161.0,,199,0,161.0,161.0,161.0
2019-08-13,0.0,0.0,161.0,,660,0,161.0,162.0,161.0
2019-08-12,0.0,0.62,161.0,,150,0,161.0,161.0,161.0
2019-08-11,0.0,-0.62,160.0,,2215,0,160.0,160.0,160.0
2019-08-08,0.0,-1.23,161.0,,276,0,163.0,163.0,160.0
2019-08-07,0.0,0.62,163.0,,3103,0,159.0,163.0,159.0
2019-08-06,0.0,-1.22,162.0,,11958,0,162.0,162.0,160.0
2019-08-05,0.0,0.0,164.0,,10266,0,167.0,170.0,164.0
2019-08-04,0.0,0.0,164.0,,44,0,164.0,164.0,164.0
2019-08-01,0.0,0.0,164.0,,280,0,164.0,166.0,164.0
2019-07-31,0.0,-1.83,161.0,,496,0,161.0,161.0,161.0
2019-07-30,0.0,1.86,164.0,,49,0,161.0,164.0,161.0
2019-07-29,0.0,0.62,161.0,,4873,0,160.0,169.0,160.0
2019-07-28,0.0,-1.84,160.0,,3462,0,162.0,162.0,160.0
2019-07-25,0.0,-3.55,163.0,,2881,0,169.0,169.0,163.0
2019-07-24,0.0,1.81,169.0,,4739,0,165.0,169.0,164.0
2019-07-23,0.0,0.0,166.0,,3127,0,169.0,169.0,166.0
2019-07-22,0.0,0.0,166.0,,2173,0,165.0,166.0,165.0
2019-07-21,0.0,1.22,166.0,,1143,0,164.0,166.0,164.0
2019-07-18,0.0,0.61,164.0,,1900,0,164.0,164.0,164.0
2019-07-17,0.0,-2.98,163.0,,200,0,169.0,169.0,163.0
2019-07-16,0.0,3.07,168.0,,120,0,171.0,171.0,165.0
2019-07-14,0.0,0.0,163.0,,500,0,163.0,163.0,163.0
2019-07-11,0.0,0.62,163.0,,9790,0,165.0,168.0,162.0
2019-07-10,0.0,-1.22,162.0,,2400,0,164.0,165.0,162.0
2019-07-09,0.0,1.86,164.0,,3310,0,163.0,164.0,163.0
2019-07-08,0.0,0.62,161.0,,2928,0,168.0,168.0,160.0
2019-07-07,0.0,0.63,160.0,,800,0,162.0,163.0,160.0
2019-07-04,0.0,0.0,159.0,,291,0,159.0,159.0,159.0
2019-07-03,0.0,0.63,159.0,,2301,0,160.0,161.0,157.0
2019-07-02,0.0,-1.25,158.0,,1600,0,160.0,160.0,158.0
2019-07-01,0.0,0.0,160.0,,3686,0,159.0,160.0,158.0
2019-06-30,0.0,-0.62,160.0,,555,0,160.0,162.0,160.0
2019-06-27,0.0,0.0,161.0,,7582,0,162.0,165.0,161.0
2019-06-26,0.0,-0.62,161.0,,971,0,160.0,161.0,160.0
2019-06-25,0.0,-1.82,162.0,,1027,0,165.0,165.0,162.0
2019-06-24,0.0,1.85,165.0,,23,0,165.0,165.0,165.0
2019-06-23,0.0,0.0,162.0,,100,0,162.0,162.0,162.0
2019-06-20,0.0,-0.61,162.0,,840,0,166.0,166.0,161.0
2019-06-19,0.0,2.52,163.0,,185,0,157.0,163.0,157.0
2019-06-18,0.0,-0.62,159.0,,27,0,159.0,159.0,159.0
2019-06-17,0.0,0.63,160.0,,794,0,156.0,160.0,156.0
2019-06-16,0.0,-1.85,159.0,,1361,0,159.0,160.0,159.0
2019-06-13,0.0,-1.22,162.0,,11311,0,167.0,167.0,162.0
2019-06-12,0.0,0.0,164.0,,2247,0,165.0,167.0,164.0
2019-06-11,0.0,-1.8,164.0,,1893,0,166.0,166.0,164.0
2019-06-10,0.0,1.83,167.0,,2259,0,167.0,172.0,167.0
2019-06-06,0.0,3.14,164.0,,11921,0,159.0,164.0,159.0
2019-06-04,0.0,-1.85,159.0,,432,0,159.0,162.0,159.0
2019-06-03,0.0,-1.82,162.0,,544,0,165.0,165.0,162.0
2019-06-02,0.0,-0.6,165.0,,1250,0,166.0,166.0,165.0
2019-05-30,0.0,-0.6,166.0,,1271,0,164.0,166.0,164.0
2019-05-29,0.0,3.09,167.0,,6931,0,161.0,167.0,160.0
2019-05-28,0.0,-0.61,162.0,,509,0,163.0,164.0,162.0
2019-05-27,0.0,1.24,163.0,,800,0,164.0,164.0,163.0
2019-05-26,0.0,-0.62,161.0,,3346,0,165.0,165.0,161.0
2019-05-23,0.0,-1.22,162.0,,2921,0,165.0,168.0,162.0
2019-05-22,0.0,1.86,164.0,,32,0,164.0,164.0,164.0
2019-05-21,0.0,-2.42,161.0,,5451,0,166.0,166.0,161.0
2019-05-20,0.0,-3.51,165.0,,6110,0,168.0,170.0,165.0
2019-05-19,0.0,4.91,171.0,,13931,0,161.0,171.0,158.0
2019-05-16,0.0,4.49,163.0,,10314,0,155.0,166.0,155.0
2019-05-15,0.0,0.0,156.0,,5763,0,158.0,162.0,156.0
2019-05-14,0.0,1.96,156.0,,1534,0,156.0,158.0,156.0
2019-05-12,0.0,-1.29,153.0,,221,0,153.0,153.0,153.0
2019-05-09,0.0,-2.52,155.0,,666,0,156.0,156.0,155.0
2019-05-08,0.0,1.92,159.0,,2306,0,156.0,159.0,155.0
2019-05-07,0.0,0.65,156.0,,2569,0,153.0,158.0,153.0
2019-05-06,0.0,0.0,155.0,,64,0,155.0,155.0,155.0
2019-05-05,0.0,-4.32,155.0,,5714,0,160.0,160.0,155.0
2019-05-02,0.0,-0.61,162.0,,7851,0,161.0,163.0,159.0
2019-04-30,0.0,2.52,163.0,,3267,0,158.0,163.0,155.0
2019-04-29,0.0,-3.05,159.0,,6030,0,163.0,163.0,158.0
2019-04-28,0.0,2.5,164.0,,2258,0,163.0,164.0,161.0
2019-04-25,0.0,-1.23,160.0,,6774,0,163.0,165.0,157.0
2019-04-24,0.0,3.18,162.0,,6712,0,155.0,162.0,155.0
2019-04-23,0.0,1.29,157.0,,2454,0,155.0,157.0,155.0
2019-04-22,0.0,-1.27,155.0,,8500,0,155.0,156.0,155.0
2019-04-21,0.0,1.95,157.0,,3441,0,155.0,157.0,151.0
2019-04-18,0.0,0.0,154.0,,6880,0,153.0,155.0,152.0
2019-04-17,0.0,-3.14,154.0,,2805,0,159.0,156.0,153.0
2019-04-16,0.0,3.25,159.0,,5929,0,152.0,159.0,150.0
2019-04-15,0.0,0.65,154.0,,362,0,153.0,154.0,153.0
2019-04-11,0.0,-0.65,153.0,,6815,0,153.0,153.0,152.0
2019-04-10,0.0,0.65,154.0,,5201,0,152.0,154.0,152.0
2019-04-09,0.0,-0.65,153.0,,359,0,154.0,154.0,153.0
2019-04-08,0.0,-1.91,154.0,,1250,0,157.0,157.0,154.0
2019-04-07,0.0,3.97,157.0,,3570,0,153.0,157.0,151.0
2019-04-04,0.0,-0.66,151.0,,40,0,151.0,151.0,151.0
2019-04-03,0.0,-2.56,152.0,,5079,0,154.0,155.0,152.0
2019-04-02,0.0,0.65,156.0,,19131,0,155.0,158.0,152.0
2019-04-01,0.0,1.31,155.0,,671,0,152.0,155.0,152.0
2019-03-31,0.0,1.32,153.0,,1671,0,151.0,154.0,151.0
2019-03-28,0.0,2.03,151.0,,5979,0,147.0,152.0,147.0
2019-03-26,0.0,0.0,150.0,,1490,0,148.0,150.0,148.0
2019-03-25,0.0,0.0,150.0,,6004,0,150.0,150.0,148.0
2019-03-24,0.0,0.0,150.0,,17,0,150.0,150.0,150.0
2019-03-21,0.0,-0.66,150.0,,17,0,150.0,150.0,150.0
2019-03-19,0.0,-1.31,151.0,,126,0,151.0,151.0,151.0
2019-03-18,0.0,-0.65,153.0,,4530,0,152.0,157.0,152.0
2019-03-14,0.0,1.99,154.0,,710,0,154.0,154.0,154.0
2019-03-13,0.0,0.67,151.0,,3050,0,150.0,153.0,150.0
2019-03-12,0.0,-0.66,150.0,,7425,0,148.0,154.0,148.0
2019-03-11,0.0,0.67,151.0,,1733,0,148.0,151.0,148.0
2019-03-07,0.0,2.04,150.0,,725,0,147.0,150.0,147.0
2019-03-06,0.0,1.38,147.0,,228,0,143.0,147.0,143.0
2019-03-03,0.0,-0.68,145.0,,3594,0,146.0,146.0,144.0
2019-02-27,0.0,0.0,146.0,,748,0,148.0,148.0,146.0
2019-02-26,0.0,-0.68,146.0,,1898,0,148.0,148.0,145.0
2019-02-24,0.0,-0.68,147.0,,266,0,147.0,148.0,147.0
2019-02-20,0.0,1.37,148.0,,327,0,148.0,148.0,146.0
2019-02-19,0.0,-0.68,146.0,,219,0,148.0,148.0,146.0
2019-02-17,0.0,0.0,147.0,,4380,0,145.0,147.0,143.0
2019-02-14,0.0,0.0,147.0,,851,0,146.0,147.0,145.0
2019-02-13,0.0,0.0,150.0,,0,0,147.0,150.0,150.0
2019-02-12,0.0,1.35,150.0,,368,0,147.0,150.0,147.0
2019-02-10,0.0,0.0,148.0,,1501,0,148.0,148.0,146.0
2019-02-07,0.0,-1.33,148.0,,2239,0,150.0,150.0,148.0
2019-02-06,0.0,-0.66,150.0,,1397,0,150.0,151.0,150.0
2019-02-05,0.0,1.34,151.0,,614,0,149.0,151.0,149.0
2019-02-04,0.0,-0.67,149.0,,800,0,150.0,150.0,149.0
2019-02-03,0.0,-0.66,150.0,,2001,0,150.0,151.0,150.0
2019-01-31,0.0,0.67,151.0,,955,0,150.0,154.0,150.0
2019-01-30,0.0,-1.32,150.0,,2299,0,152.0,152.0,150.0
2019-01-29,0.0,0.0,152.0,,1588,0,152.0,152.0,150.0
2019-01-28,0.0,0.66,152.0,,137,0,151.0,152.0,151.0
2019-01-27,0.0,-1.31,151.0,,1200,0,153.0,153.0,150.0
2019-01-24,0.0,-1.29,153.0,,576,0,155.0,158.0,152.0
2019-01-23,0.0,0.65,155.0,,1350,0,154.0,156.0,152.0
2019-01-22,0.0,-1.91,154.0,,1337,0,157.0,157.0,151.0
2019-01-17,0.0,0.65,156.0,,100,0,155.0,156.0,155.0
2019-01-16,0.0,-0.64,155.0,,1750,0,156.0,156.0,154.0
2019-01-15,0.0,1.3,156.0,,3042,0,154.0,156.0,154.0
2019-01-14,0.0,0.65,154.0,,3037,0,153.0,156.0,153.0
2019-01-13,0.0,-2.55,153.0,,1000,0,157.0,157.0,153.0
2019-01-10,0.0,3.29,157.0,,250,0,152.0,158.0,152.0
2019-01-09,0.0,-2.56,152.0,,2580,0,156.0,157.0,152.0
2019-01-08,0.0,0.65,156.0,,1620,0,155.0,156.0,155.0
2019-01-07,0.0,1.31,155.0,,330,0,153.0,155.0,153.0
2019-01-06,0.0,0.0,153.0,,1192,0,153.0,154.0,150.0
2019-01-03,0.0,-1.29,153.0,,182,0,155.0,155.0,153.0
2019-01-02,0.0,1.97,155.0,,6421,0,152.0,155.0,150.0
2019-01-01,0.0,-1.3,152.0,,1259,0,154.0,155.0,152.0
2018-12-31,0.0,-1.28,154.0,,483,0,156.0,156.0,154.0
2018-12-30,0.0,0.0,156.0,,1410,0,156.0,158.0,156.0
2018-12-27,0.0,0.0,156.0,,5431,0,156.0,161.0,156.0
2018-12-26,0.0,1.96,156.0,,3441,0,153.0,159.0,150.0
2018-12-25,0.0,-2.55,153.0,,347,0,157.0,157.0,153.0
2018-12-24,0.0,-1.26,157.0,,1813,0,159.0,159.0,156.0
2018-12-23,0.0,5.3,159.0,,1933,0,151.0,160.0,151.0
2018-12-20,0.0,-5.62,151.0,,223,0,160.0,160.0,151.0
2018-12-19,0.0,0.0,160.0,,159,0,160.0,162.0,160.0
2018-12-17,0.0,3.23,160.0,,420,0,155.0,160.0,155.0
2018-12-16,0.0,0.0,155.0,,1000,0,155.0,155.0,155.0
2018-12-13,0.0,1.31,155.0,,3100,0,153.0,155.0,153.0
2018-12-12,0.0,0.66,153.0,,12000,0,152.0,153.0,152.0
2018-12-11,0.0,-0.65,152.0,,2700,0,153.0,153.0,152.0
2018-12-10,0.0,0.0,153.0,,13690,0,153.0,154.0,153.0
2018-12-09,0.0,-0.65,153.0,,2110,0,154.0,155.0,153.0
2018-12-06,0.0,-0.65,154.0,,4241,0,155.0,155.0,153.0
2018-12-04,0.0,1.97,155.0,,2486,0,152.0,155.0,151.0
2018-12-03,0.0,0.0,152.0,,3445,0,152.0,153.0,152.0
2018-12-02,0.0,-2.78,152.0,,2106,0,156.35,156.35,150.0
2018-11-29,0.0,1.95,157.0,,4979,0,154.0,159.0,154.0
2018-11-28,0.0,1.87,154.0,,685,0,151.17,154.0,151.17
2018-11-27,0.0,-1.95,151.0,,2106,0,154.0,154.0,151.0
2018-11-26,0.0,2.65,154.0,,1362,0,150.03,154.0,150.03
2018-11-25,0.0,-5.06,150.0,,12558,0,158.0,158.0,150.0
2018-11-22,0.0,4.64,158.0,,2776,0,151.0,158.0,151.0
2018-11-21,0.0,1.34,151.0,,129,0,149.0,151.0,149.0
2018-11-20,0.0,0.0,152.0,,9,0,152.0,152.0,152.0
2018-11-19,0.0,0.66,152.0,,1023,0,151.0,153.0,151.0
2018-11-18,0.0,-4.43,151.0,,1294,0,158.0,158.0,151.0
2018-11-15,0.0,0.0,158.0,,1110,0,158.0,158.0,156.0
2018-11-14,0.0,-1.86,158.0,,726,0,161.0,161.0,158.0
2018-11-04,0.0,1.97,155.0,,413,0,152.0,155.0,152.0
2018-11-01,0.0,-3.18,152.0,,1919,0,157.0,157.0,152.0
2018-10-30,0.0,1.95,156.0,,994,0,154.0,157.0,154.0
2018-10-29,0.0,1.32,154.0,,550,0,152.0,154.0,151.0
2018-10-28,0.0,-2.56,152.0,,1074,0,153.0,153.0,152.0
2018-10-25,0.0,-1.89,156.0,,200,0,156.0,156.0,156.0
2018-10-23,0.0,1.27,159.0,,160,0,158.0,159.0,158.0
2018-10-22,0.0,0.64,157.0,,1355,0,153.0,157.0,153.0
2018-10-21,0.0,1.96,156.0,,100,0,156.0,156.0,156.0
2018-10-15,0.0,2.0,153.0,,65,0,152.0,153.0,152.0
2018-10-14,0.0,-0.66,150.0,,1500,0,150.0,150.0,150.0
2018-10-11,0.0,-1.31,150.0,,25,0,151.0,151.0,151.0
2018-10-09,0.0,0.0,153.0,,1065,0,150.0,153.0,150.0
2018-10-08,0.0,2.0,153.0,,3072,0,150.0,153.0,150.0
2018-10-07,0.0,-2.6,150.0,,2770,0,152.0,152.0,150.0
2018-10-04,0.0,-0.65,154.0,,4198,0,152.0,156.0,152.0
2018-10-03,0.0,-1.27,155.0,,2090,0,157.0,157.0,155.0
2018-10-02,0.0,-0.63,158.0,,902,0,156.0,158.0,156.0
2018-10-01,0.0,-0.63,158.0,,2551,0,159.0,159.0,158.0
2018-09-30,0.0,-3.05,159.0,,3803,0,161.0,161.0,159.0
2018-09-27,0.0,1.86,164.0,,4198,0,161.0,164.0,160.0
2018-09-26,0.0,-3.01,161.0,,5272,0,163.0,167.0,161.0
2018-09-25,0.0,1.84,166.0,,6091,0,162.0,166.0,160.0
2018-09-23,0.0,-1.81,163.0,,400,0,163.0,163.0,163.0
2018-09-18,0.0,0.61,166.0,,332,0,166.0,166.0,166.0
2018-09-16,0.0,-0.6,165.0,,14720,0,165.0,168.0,165.0
2018-09-13,0.0,1.84,166.0,,881,0,163.0,169.0,163.0
2018-09-12,0.0,-5.78,163.0,,3680,0,170.0,170.0,160.0
2018-09-11,0.0,4.85,173.0,,3948,0,165.0,173.0,163.0
2018-09-10,0.0,-1.79,165.0,,1009,0,168.0,168.0,165.0
2018-09-09,0.0,0.0,168.0,,600,0,166.0,168.0,165.0
2018-09-06,0.0,-4.0,168.0,,880,0,172.0,172.0,168.0
2018-09-05,0.0,5.42,175.0,,2738,0,166.0,175.0,166.0
2018-09-04,0.0,1.84,166.0,,810,0,162.0,166.0,162.0
2018-09-03,0.0,0.62,163.0,,1867,0,161.0,163.0,160.0
2018-09-02,0.0,1.89,160.0,,1066,0,162.0,162.0,160.0
2018-08-30,0.0,2.58,159.0,,598,0,155.0,159.0,155.0
2018-08-29,0.0,-1.27,156.0,,1700,0,156.0,156.0,155.0
2018-08-28,0.0,1.29,157.0,,1820,0,155.0,157.0,154.0
2018-08-26,0.0,-1.27,157.0,,1020,0,156.0,157.0,155.0
2018-08-23,0.0,-0.63,157.0,,1712,0,156.0,158.0,156.0
2018-08-22,0.0,0.64,158.0,,715,0,158.0,158.0,158.0
2018-08-21,0.0,-0.63,157.0,,337,0,157.0,158.0,157.0
2018-08-20,0.0,-1.25,159.0,,1110,0,158.0,160.0,157.0
2018-08-19,0.0,-5.33,160.0,,2598,0,166.0,166.0,157.0
2018-08-16,0.0,-0.59,169.0,,9710,0,173.0,173.0,168.0
2018-08-15,0.0,3.66,170.0,,3002,0,167.0,170.0,164.0
2018-08-14,0.0,3.14,164.0,,2964,0,162.0,168.0,161.0
2018-08-13,0.0,-0.62,159.0,,374,0,159.0,159.0,158.0
2018-08-12,0.0,1.27,160.0,,3819,0,161.0,161.0,159.0
2018-08-09,0.0,-1.86,160.0,,406,0,160.0,161.0,158.0
2018-08-08,0.0,-3.01,161.0,,78,0,163.0,163.0,160.0
2018-08-07,0.0,0.61,165.0,,3947,0,165.0,166.0,162.0
2018-08-06,0.0,1.23,165.0,,891,0,165.0,165.0,163.0
2018-08-05,0.0,0.0,163.0,,1913,0,161.0,164.0,161.0
2018-08-02,0.0,0.0,163.0,,1235,0,162.0,163.0,161.0
2018-08-01,0.0,0.62,163.0,,1417,0,160.0,163.0,160.0
2018-07-31,0.0,-2.41,162.0,,2360,0,167.0,170.0,162.0
2018-07-30,0.0,1.22,166.0,,11034,0,165.0,167.0,165.0
2018-07-29,0.0,-1.8,164.0,,3119,0,168.0,168.0,164.0
2018-07-26,0.0,-0.6,167.0,,2500,0,167.0,167.0,166.0
2018-07-25,0.0,-1.18,168.0,,1447,0,168.0,168.0,166.0
2018-07-24,0.0,1.19,170.0,,12200,0,171.0,174.0,168.0
2018-07-23,0.0,0.0,168.0,,7250,0,171.0,171.0,168.0
2018-07-22,0.0,-0.59,168.0,,2673,0,167.0,173.0,167.0
2018-07-19,0.0,-1.74,169.0,,2000,0,172.0,172.0,169.0
2018-07-17,0.0,0.0,173.0,,702,0,169.0,172.0,169.0
2018-07-16,0.0,0.0,172.0,,547,0,173.0,173.0,172.0
2018-07-15,0.0,0.0,172.0,,954,0,172.0,172.0,171.0
2018-07-12,0.0,-3.91,172.0,,1019,0,180.0,180.0,171.0
2018-07-11,0.0,3.47,179.0,,473,0,176.0,179.0,176.0
2018-07-10,0.0,0.0,173.0,,2210,0,172.0,173.0,170.0
2018-07-09,0.0,-1.7,173.0,,1600,0,179.0,179.0,173.0
2018-07-08,0.0,-1.68,176.0,,1811,0,182.0,182.0,176.0
2018-07-05,0.0,3.47,179.0,,470,0,176.0,182.0,176.0
2018-07-04,0.0,0.0,173.0,,1389,0,173.0,175.0,173.0
2018-07-03,0.0,1.76,173.0,,2000,0,173.0,173.0,173.0
2018-07-02,0.0,-3.41,171.0,,2004,0,173.0,173.0,167.0
2018-07-01,0.0,0.62,163.0,,1417,0,160.0,163.0,160.0
2018-06-28,0.0,5.39,176.0,,2717,0,166.0,176.0,165.0
2018-06-27,0.0,-1.76,167.0,,259,0,170.0,170.0,167.0
2018-06-26,0.0,-1.16,170.0,,3480,0,171.0,171.0,170.0
2018-06-25,0.0,-1.15,172.0,,5853,0,175.0,175.0,172.0
2018-06-24,0.0,0.0,174.0,,1762,0,175.0,177.0,174.0
2018-06-21,0.0,1.16,174.0,,1093,0,170.0,176.0,170.0
2018-06-20,0.0,-0.58,172.0,,700,0,170.0,172.0,170.0
2018-06-19,0.0,-1.7,173.0,,1674,0,179.0,179.0,173.0
2018-06-18,0.0,0.57,176.0,,1000,0,176.0,176.0,176.0
2018-06-17,0.0,-1.69,175.0,,43,0,175.0,175.0,175.0
2018-06-14,0.0,-1.66,178.0,,46,0,178.0,178.0,178.0
2018-06-13,0.0,3.43,181.0,,1132,0,175.0,181.0,175.0
2018-06-12,0.0,1.74,175.0,,300,0,175.0,175.0,175.0
2018-06-11,0.0,-0.58,172.0,,297,0,171.0,172.0,171.0
2018-06-10,0.0,-1.7,175.0,,75,0,175.0,175.0,173.0
2018-06-07,0.0,-2.76,178.0,,4200,0,178.0,179.0,176.0
2018-06-04,0.0,-4.74,181.0,,709,0,190.0,190.0,181.0
2018-05-31,0.0,0.0,190.0,,60,0,190.0,190.0,190.0
2018-05-30,0.0,1.6,190.0,,1830,0,190.0,190.0,188.0
2018-05-29,0.0,-1.06,187.0,,1469,0,186.0,187.0,185.0
2018-05-28,0.0,3.28,189.0,,5054,0,183.0,189.0,182.0
2018-05-27,0.0,0.0,183.0,,126,0,186.0,186.0,183.0
2018-05-24,0.0,-0.54,183.0,,3436,0,184.0,190.0,183.0
2018-05-23,0.0,-2.13,184.0,,2407,0,187.0,187.0,184.0
2018-05-22,0.0,0.0,188.0,,976,0,185.0,188.0,185.0
2018-05-21,0.0,-1.05,188.0,,421,0,191.0,191.0,188.0
2018-05-20,0.0,0.53,190.0,,250,0,192.0,192.0,190.0
2018-05-17,0.0,0.0,189.0,,346,0,189.0,189.0,189.0
2018-05-15,0.0,-0.53,189.0,,1889,0,193.0,193.0,188.0
2018-05-14,0.0,-0.52,190.0,,1591,0,190.0,190.0,188.0
2018-05-10,0.0,-1.55,191.0,,3778,0,194.0,195.0,191.0
2018-05-09,0.0,0.0,194.0,,1660,0,194.0,197.0,194.0
2018-05-08,0.0,0.0,193.0,,3637,0,192.0,194.0,191.0
2018-05-07,0.0,0.0,195.0,,977,0,192.0,196.0,192.0
2018-05-06,0.0,-1.02,194.0,,593,0,194.0,194.0,194.0
2018-05-03,0.0,-1.01,196.0,,1410,0,196.0,201.0,196.0
2018-05-02,0.0,1.54,198.0,,1496,0,195.0,198.0,192.0
2018-04-29,0.0,-2.99,197.0,,1477,0,197.0,201.0,195.0
2018-04-26,0.0,-3.83,202.0,,826,0,207.0,207.0,201.0
2018-04-25,0.0,0.97,207.0,,941,0,211.0,211.0,206.0
2018-04-24,0.0,-1.9,207.0,,1454,0,211.0,211.0,207.0
2018-04-23,0.0,-1.86,211.0,,13477,0,219.0,219.0,207.0
2018-04-22,0.0,7.5,215.0,,30036,0,200.0,216.0,204.0
2018-04-19,0.0,0.0,200.0,,13762,0,201.0,208.0,198.0
2018-04-18,0.0,3.09,200.0,,9392,0,197.0,204.0,195.0
2018-04-17,0.0,1.57,194.0,,2960,0,191.0,194.0,188.0
2018-04-16,0.0,1.06,191.0,,1834,0,186.0,191.0,183.0
2018-04-15,0.0,3.28,189.0,,564,0,183.0,189.0,186.0
2018-04-12,0.0,-1.61,183.0,,1714,0,189.0,189.0,183.0
2018-04-11,0.0,-1.59,186.0,,35,0,186.0,186.0,186.0
2018-04-09,0.0,-1.05,189.0,,5877,0,190.0,195.0,187.0
2018-04-08,0.0,2.69,191.0,,5772,0,187.0,194.0,187.0
2018-04-05,0.0,-1.06,186.0,,4333,0,191.0,194.0,185.0
2018-04-04,0.0,3.87,188.0,,9398,0,184.0,189.0,180.0
2018-04-03,0.0,-1.63,181.0,,4332,0,182.0,184.0,180.0
2018-04-02,0.0,1.1,184.0,,1000,0,184.0,184.0,184.0
2018-04-01,0.0,-4.21,182.0,,3125,0,187.0,187.0,181.0
2018-03-29,0.0,2.15,189.0,,2025,0,188.0,190.0,188.0
2018-03-28,0.0,-2.62,187.0,,3262,0,191.0,191.0,184.0
2018-03-27,0.0,2.14,190.0,,2322,0,184.0,191.0,181.0
2018-03-22,0.0,0.0,187.0,,5080,0,190.0,190.0,183.0
2018-03-21,0.0,-3.11,187.0,,2287,0,191.0,191.0,187.0
2018-03-20,0.0,-1.03,193.0,,3049,0,195.0,195.0,190.0
2018-03-19,0.0,-0.51,195.0,,4316,0,196.0,196.0,195.0
2018-03-18,0.0,0.51,196.0,,12097,0,196.0,200.0,195.0
2018-03-15,0.0,0.0,196.0,,967,0,195.0,200.0,195.0
2018-03-14,0.0,-1.52,197.0,,3225,0,195.0,197.0,195.0
2018-03-13,0.0,-0.5,198.0,,7194,0,196.0,198.0,196.0
2018-03-12,0.0,0.0,199.0,,100,0,199.0,199.0,199.0
2018-03-11,0.0,-1.49,199.0,,150,0,202.0,200.0,199.0
2018-03-07,0.0,3.06,202.0,,2610,0,193.0,202.0,193.0
2018-03-06,0.0,3.16,196.0,,1941,0,188.0,196.0,188.0
2018-03-04,0.0,-3.52,192.0,,4083,0,202.0,202.0,192.0
2018-02-28,0.0,-0.99,199.0,,6538,0,201.0,201.0,199.0
2018-02-27,0.0,0.5,201.0,,3640,0,200.0,205.0,200.0
2018-02-26,0.0,-3.85,200.0,,380,0,204.0,204.0,200.0
2018-02-25,0.0,1.46,208.0,,6690,0,203.0,208.0,200.0
2018-02-22,0.0,0.0,205.0,,600,0,205.0,207.0,205.0
2018-02-21,0.0,-1.44,205.0,,4487,0,204.0,205.0,204.0
2018-02-20,0.0,0.0,208.0,,440,0,206.0,208.0,206.0
2018-02-18,0.0,-1.42,208.0,,932,0,211.0,210.0,207.0
2018-02-15,0.0,1.93,211.0,,3669,0,203.0,215.0,203.0
2018-02-14,0.0,2.48,207.0,,60,0,206.0,207.0,206.0
2018-02-12,0.0,-0.49,202.0,,2500,0,203.0,203.0,202.0
2018-02-11,0.0,0.0,203.0,,1251,0,201.0,203.0,201.0
2018-02-08,0.0,-0.98,203.0,,4700,0,203.0,203.0,203.0
2018-02-07,0.0,1.49,205.0,,362,0,202.0,205.0,202.0
2018-02-06,0.0,-0.49,203.0,,387,0,203.0,203.0,202.0
2018-02-05,0.0,-1.93,203.0,,2559,0,204.0,204.0,203.0
2018-02-04,0.0,0.49,207.0,,2100,0,206.0,207.0,206.0
2018-02-01,0.0,0.0,206.0,,1700,0,205.0,209.0,205.0
2018-01-31,0.0,0.0,206.0,,1272,0,204.0,206.0,204.0
2018-01-29,0.0,-0.96,206.0,,1482,0,205.0,209.0,205.0
2018-01-28,0.0,0.0,208.0,,2046,0,207.0,209.0,207.0
2018-01-25,0.0,0.97,208.0,,201,0,206.0,208.0,206.0
2018-01-24,0.0,-1.9,206.0,,1832,0,207.0,207.0,206.0
2018-01-23,0.0,0.0,210.0,,1010,0,207.0,210.0,207.0
2018-01-22,0.0,0.48,210.0,,3070,0,207.0,210.0,205.0
2018-01-21,0.0,0.97,209.0,,581,0,208.0,209.0,208.0
2018-01-16,0.0,0.49,207.0,,1260,0,210.0,210.0,206.0
2018-01-14,0.0,-1.9,206.0,,1218,0,206.0,206.0,206.0
2018-01-10,0.0,-0.47,210.0,,117,0,210.0,210.0,210.0
2018-01-09,0.0,-0.47,211.0,,136,0,212.0,211.0,211.0
2018-01-08,0.0,0.0,212.0,,513,0,210.0,212.0,210.0
2018-01-07,0.0,1.92,212.0,,2430,0,204.0,212.0,204.0
2018-01-04,0.0,0.48,208.0,,1086,0,210.0,210.0,208.0
2018-01-03,0.0,-4.17,207.0,,2017,0,213.0,213.0,207.0
2018-01-02,0.0,0.47,216.0,,1850,0,211.0,216.0,211.0
2018-01-01,0.0,2.38,215.0,,3659,0,206.0,215.0,206.0
2017-12-28,0.0,0.96,210.0,,8049,0,204.0,210.0,202.0
2017-12-27,0.0,-0.95,208.0,,3640,0,214.0,214.0,205.0
2017-12-26,0.0,-0.94,210.0,,1970,0,212.0,212.0,209.0
2017-12-24,0.0,0.95,212.0,,1060,0,206.0,212.0,206.0
2017-12-21,0.0,0.0,210.0,,2260,0,214.0,214.0,210.0
2017-12-20,0.0,-1.41,211.0,,2770,0,217.0,217.0,210.0
2017-12-19,0.0,-0.93,213.0,,1154,0,215.0,215.0,213.0
2017-12-18,0.0,-0.46,215.0,,3513,0,216.0,216.0,212.0
2017-12-17,0.0,-0.92,216.0,,638,0,217.0,217.0,216.0
2017-12-13,0.0,0.0,218.0,,270,0,220.0,220.0,218.0
2017-12-12,0.0,0.46,219.0,,133,0,219.0,219.0,218.0
2017-12-11,0.0,-1.36,217.0,,42,0,217.0,217.0,217.0
2017-12-10,0.0,-2.22,220.0,,2896,0,221.0,221.0,217.0
2017-12-06,0.0,0.45,225.0,,4408,0,225.0,225.0,225.0
2017-12-05,0.0,0.45,224.0,,10666,0,220.0,225.0,220.0
2017-11-30,0.0,-1.33,223.0,,314,0,225.0,225.0,223.0
2017-11-29,0.0,3.2,226.0,,11165,0,218.0,234.0,218.0
2017-11-28,0.0,-0.9,219.0,,690,0,219.0,219.0,219.0
2017-11-27,0.0,-0.45,222.0,,3050,0,225.0,226.0,221.0
2017-11-26,0.0,1.83,222.0,,300,0,218.0,222.0,222.0
2017-11-23,0.0,-1.36,218.0,,2048,0,221.0,222.0,217.0
2017-11-22,0.0,1.38,221.0,,2195,0,216.0,221.0,216.0
2017-11-21,0.0,1.4,218.0,,3554,0,215.0,219.0,215.0
2017-11-20,0.0,-0.46,215.0,,156,0,216.0,216.0,215.0
2017-11-19,0.0,-1.37,216.0,,535,0,219.0,219.0,216.0
2017-11-16,0.0,0.0,219.0,,520,0,223.0,223.0,219.0
2017-11-15,0.0,-2.23,219.0,,1373,0,221.0,221.0,217.0
2017-11-14,0.0,0.9,224.0,,1544,0,225.0,225.0,224.0
2017-11-13,0.0,1.83,222.0,,1301,0,215.0,222.0,215.0
2017-11-12,0.0,-0.46,218.0,,2437,0,219.0,218.0,212.0
2017-11-09,0.0,-0.45,219.0,,1483,0,216.0,220.0,215.0
2017-11-08,0.0,-0.45,220.0,,837,0,217.0,220.0,217.0
2017-11-07,0.0,1.84,221.0,,1117,0,221.0,221.0,221.0
2017-11-06,0.0,-3.12,217.0,,8650,0,224.0,229.0,217.0
2017-11-05,0.0,-3.03,224.0,,2998,0,227.0,227.0,224.0
2017-11-02,0.0,0.43,231.0,,3051,0,233.0,233.0,230.0
2017-11-01,0.0,0.0,230.0,,5108,0,232.0,232.0,227.0
2017-10-31,0.0,-1.71,230.0,,782,0,230.0,230.0,230.0
2017-10-30,0.0,1.3,234.0,,1808,0,232.0,234.0,230.0
2017-10-29,0.0,-1.28,231.0,,210,0,234.0,234.0,231.0
2017-10-25,0.0,0.0,234.0,,1481,0,230.0,238.0,226.0
2017-10-24,0.0,-1.68,234.0,,550,0,238.0,239.0,234.0
2017-10-23,0.0,-0.42,238.0,,2365,0,239.0,241.0,237.0
2017-10-22,0.0,1.27,239.0,,1999,0,240.0,240.0,236.0
2017-10-18,0.0,-0.84,236.0,,200,0,234.0,236.0,234.0
2017-10-17,0.0,-1.65,238.0,,1550,0,246.0,246.0,238.0
2017-10-16,0.0,5.22,242.0,,3652,0,230.0,242.0,230.0
2017-10-15,0.0,0.0,230.0,,300,0,230.0,230.0,230.0
2017-10-12,0.0,-3.42,226.0,,4768,0,232.0,232.0,223.0
2017-10-11,0.0,-4.88,234.0,,1183,0,246.0,242.0,234.0
2017-10-10,0.0,1.88,271.0,,14395,0,265.0,271.0,265.0
2017-10-09,0.0,1.14,266.0,,1718,0,260.0,273.0,258.0
2017-10-08,0.0,-1.5,263.0,,100,0,267.0,267.0,263.0
2017-10-04,0.0,-1.11,267.0,,2750,0,271.0,271.0,267.0
2017-09-26,0.0,1.5,270.0,,1468,0,266.0,275.0,266.0
2017-09-25,0.0,-1.48,266.0,,1600,0,275.0,275.0,266.0
2017-09-24,0.0,-1.82,271.0,,1147,0,271.0,271.0,270.0
2017-09-20,0.0,1.85,275.0,,604,0,265.0,275.0,265.0
2017-09-18,0.0,-1.1,270.0,,304,0,270.0,270.0,270.0
2017-09-17,0.0,1.11,273.0,,1520,0,271.0,273.0,266.0
2017-09-14,0.0,0.75,270.0,,4241,0,268.0,272.0,265.0
2017-09-13,0.0,0.75,268.0,,2359,0,269.0,276.0,268.0
2017-09-12,0.0,-1.48,266.0,,2203,0,266.0,270.0,266.0
2017-09-11,0.0,0.75,270.0,,3854,0,265.0,273.0,265.0
2017-09-10,0.0,0.0,268.0,,8638,0,273.0,275.0,267.0
2017-09-07,0.0,-0.74,269.0,,3592,0,265.0,270.0,261.0
2017-09-06,0.0,0.37,270.0,,499,0,273.0,273.0,270.0
2017-09-04,0.0,-0.37,269.0,,4188,0,265.0,270.0,265.0
2017-08-31,0.0,-0.74,270.0,,249,0,272.0,271.0,270.0
2017-08-30,0.0,-2.51,272.0,,2194,0,279.0,279.0,272.0
2017-08-28,0.0,0.36,279.0,,701,0,276.0,279.0,276.0
2017-08-27,0.0,1.09,278.0,,2614,0,275.0,280.0,275.0
2017-08-24,0.0,0.0,275.0,,2054,0,275.0,279.0,275.0
2017-08-23,0.0,0.0,275.0,,754,0,274.0,275.0,274.0
2017-08-22,0.0,-2.14,277.0,,1859,0,279.0,281.0,275.0
2017-08-21,0.0,1.81,281.0,,20,0,281.0,281.0,281.0
2017-08-20,0.0,-1.43,276.0,,698,0,279.0,280.0,276.0
2017-08-16,0.0,0.72,280.0,,3617,0,274.0,288.0,273.0
2017-08-15,0.0,-1.07,278.0,,1568,0,277.0,278.0,271.0
2017-08-13,0.0,0.0,281.0,,2908,0,286.0,286.0,281.0
2017-08-10,0.0,-1.4,281.0,,3994,0,290.0,290.0,281.0
2017-08-09,0.0,-1.72,285.0,,192,0,285.0,285.0,285.0
2017-08-07,0.0,3.2,290.0,,7293,0,283.0,290.0,277.0
2017-08-06,0.0,-1.4,281.0,,855,0,285.0,285.0,281.0
2017-08-03,0.0,-1.72,285.0,,3324,0,290.0,290.0,285.0
2017-08-02,0.0,-1.36,290.0,,5365,0,290.0,295.0,290.0
2017-08-01,0.0,1.38,294.0,,16250,0,295.0,307.0,290.0
2017-07-31,0.0,0.35,290.0,,3796,0,285.0,290.0,285.0
2017-07-30,0.0,1.76,289.0,,3560,0,287.0,289.0,280.0
2017-07-27,0.0,-0.35,284.0,,834,0,280.0,285.0,280.0
2017-07-26,0.0,-1.72,285.0,,1293,0,294.0,294.0,285.0
2017-07-25,0.0,3.57,291.0,,3520,0,280.0,291.0,280.0
2017-07-24,0.0,-0.36,280.0,,4542,0,280.0,294.0,280.0
2017-07-23,0.0,-2.09,285.0,,2192,0,292.0,292.0,281.0
2017-07-20,0.0,-3.37,287.0,,5285,0,297.0,297.0,287.0
2017-07-19,0.0,-0.34,297.0,,1456,0,295.0,297.0,293.0
2017-07-18,0.0,2.05,298.0,,4186,0,293.0,307.0,290.0
2017-07-17,0.0,2.82,292.0,,4162,0,285.0,292.0,285.0
2017-07-16,0.0,-1.39,284.0,,1980,0,284.0,285.0,283.0
2017-07-13,0.0,-2.37,288.0,,1248,0,290.0,290.0,286.0
2017-07-12,0.0,3.15,294.0,,2905,0,291.0,295.0,285.0
2017-07-11,0.0,1.78,286.0,,26786,0,281.0,294.0,275.0
2017-07-10,0.0,0.72,282.0,,674,0,284.0,284.0,281.0
2017-07-09,0.0,-1.76,279.0,,6710,0,284.0,297.0,279.0
2017-07-06,0.0,3.27,284.0,,4724,0,276.0,288.0,275.0
2017-07-05,0.0,1.48,275.0,,2500,0,272.0,275.0,270.0
2017-07-04,0.0,-1.81,271.0,,2273,0,273.0,276.0,271.0
2017-07-03,0.0,0.0,276.0,,4489,0,280.0,281.0,276.0
2017-07-02,0.0,-1.78,276.0,,2845,0,276.0,276.0,270.0
2017-06-28,0.0,1.08,281.0,,7730,0,281.0,281.0,275.0
2017-06-27,0.0,-2.11,278.0,,4010,0,280.0,282.0,278.0
2017-06-25,0.0,1.43,283.0,,5739,0,282.0,284.0,280.0
2017-06-22,0.0,-1.75,280.0,,2802,0,280.0,285.0,279.0
2017-06-21,0.0,1.06,285.0,,6588,0,282.0,287.0,280.0
2017-06-20,0.0,-4.41,284.0,,8285,0,290.0,290.0,282.0
2017-06-19,0.0,1.72,296.0,,700,0,295.0,296.0,295.0
2017-06-18,0.0,-3.33,290.0,,5544,0,300.0,300.0,290.0
2017-06-15,0.0,2.04,300.0,,12909,0,291.0,300.0,290.0
2017-06-14,0.0,-1.34,294.0,,3396,0,303.0,303.0,293.0
2017-06-13,0.0,0.68,298.0,,4237,0,295.0,298.0,293.0
2017-06-12,0.0,-1.33,297.0,,6229,0,306.0,306.0,295.0
2017-06-11,0.0,-0.99,297.0,,7850,0,300.0,307.0,297.0
2017-06-08,0.0,-1.94,303.0,,14059,0,305.0,305.0,300.0
2017-06-07,0.0,-0.32,309.0,,9549,0,308.0,311.0,305.0
2017-06-06,0.0,0.32,310.0,,7871,0,315.0,315.0,305.0
2017-06-05,0.0,-1.59,309.0,,8494,0,308.0,310.0,305.0
2017-06-04,0.0,-1.87,314.0,,128,0,320.0,320.0,314.0
2017-06-01,0.0,-2.74,320.0,,2260,0,323.0,323.0,320.0
2017-05-31,0.0,5.79,329.0,,3900,0,311.0,329.0,300.0
2017-05-30,0.0,-1.27,312.0,,1769,0,316.0,316.0,310.0
2017-05-28,0.0,-1.56,315.0,,996,0,325.0,325.0,315.0
2017-05-24,0.0,1.59,320.0,,4065,0,315.0,321.0,313.0
2017-05-23,0.0,-0.94,316.0,,1519,0,315.0,318.0,309.0
2017-05-22,0.0,0.63,315.0,,700,0,322.0,322.0,315.0
2017-05-21,0.0,-0.63,316.0,,905,0,316.0,320.0,316.0
2017-05-18,0.0,0.63,318.0,,3944,0,316.0,321.0,311.0
2017-05-17,0.0,-2.17,316.0,,1535,0,318.0,318.0,313.0
2017-05-16,0.0,-1.82,323.0,,4604,0,323.0,323.0,318.0
2017-05-15,0.0,1.86,329.0,,5703,0,323.0,329.0,315.0
2017-05-11,0.0,-0.92,323.0,,6791,0,326.0,328.0,320.0
2017-05-09,0.0,0.31,326.0,,3260,0,325.0,330.0,325.0
2017-05-08,0.0,0.62,325.0,,2710,0,325.0,331.0,320.0
2017-05-07,0.0,-0.62,323.0,,1923,0,320.0,323.0,315.0
2017-05-04,0.0,-0.31,325.0,,1516,0,320.0,332.0,320.0
2017-05-03,0.0,-2.4,326.0,,5742,0,336.0,339.0,324.0
2017-05-02,0.0,0.91,334.0,,4547,0,337.0,337.0,326.0
2017-04-30,0.0,-2.07,331.0,,2062,0,335.0,337.0,328.0
2017-04-27,0.0,0.0,338.0,,13291,0,335.0,342.0,334.0
2017-04-26,0.0,2.42,338.0,,19669,0,336.0,340.0,331.0
2017-04-25,0.0,2.17,330.0,,17943,0,320.0,334.0,318.0
2017-04-24,0.0,-5.0,325.0,,14182,0,335.0,340.0,323.0
2017-04-23,0.0,1.49,340.0,,13945,0,341.0,360.0,335.0
2017-04-20,0.0,-2.05,335.0,,36994,0,348.0,361.0,330.0
2017-04-19,0.0,6.88,342.0,,61455,0,320.0,345.0,321.0
2017-04-18,0.0,2.56,321.0,,44055,0,318.0,342.0,318.0
2017-04-16,0.0,-3.7,312.0,,17160,0,318.0,329.0,306.0
2017-04-13,0.0,2.86,324.0,,34578,0,310.0,329.0,300.0
2017-04-12,0.0,-2.78,315.0,,46805,0,330.0,345.0,311.0
2017-04-11,0.0,9.83,324.0,,65521,0,300.0,324.0,290.0
2017-04-10,0.0,6.5,295.0,,15662,0,282.0,295.0,279.0
2017-04-09,0.0,0.73,277.0,,3824,0,270.0,280.0,270.0
2017-04-06,0.0,-1.79,275.0,,10976,0,280.0,285.0,272.0
2017-04-04,0.0,-0.36,280.0,,14449,0,277.0,296.0,272.0
2017-04-03,0.0,-4.75,281.0,,18032,0,300.0,318.0,276.0
2017-04-02,0.0,7.27,295.0,,5142,0,280.0,295.0,272.0
2017-03-30,0.0,2.61,275.0,,18251,0,268.0,275.0,260.0
2017-03-29,0.0,-0.74,268.0,,25091,0,270.0,295.0,268.0
2017-03-28,0.0,3.45,270.0,,4854,0,261.0,276.0,266.0
2017-03-26,0.0,0.0,261.0,,8322,0,266.0,270.0,260.0
2017-03-23,0.0,0.38,261.0,,3786,0,265.0,274.0,255.0
2017-03-22,0.0,0.0,260.0,,9862,0,265.0,275.0,255.0
2017-03-21,0.0,3.17,260.0,,8498,0,247.0,260.0,244.0
2017-03-20,0.0,6.78,252.0,,3320,0,236.0,259.0,236.0
2017-03-19,0.0,1.29,236.0,,616,0,233.0,238.0,235.0
2017-03-16,0.0,0.0,233.0,,2680,0,235.0,235.0,231.0
2017-03-14,0.0,-1.27,237.0,,104,0,233.0,233.0,233.0
2017-03-09,0.0,0.42,236.0,,400,0,235.0,236.0,235.0
2017-03-07,0.0,-2.08,235.0,,418,0,237.0,237.0,233.0
2017-03-06,0.0,0.0,240.0,,4059,0,244.0,244.0,238.0
2017-03-05,0.0,3.45,240.0,,4148,0,236.0,244.0,236.0
2017-03-02,0.0,-1.28,232.0,,2658,0,233.0,234.0,232.0
2017-03-01,0.0,3.52,235.0,,2191,0,225.0,235.0,223.0
2017-02-28,0.0,-3.4,227.0,,610,0,232.0,232.0,227.0
2017-02-23,0.0,1.29,235.0,,784,0,236.0,238.0,235.0
2017-02-22,0.0,1.75,232.0,,3202,0,229.0,232.0,226.0
2017-02-21,0.0,-2.56,228.0,,4313,0,238.0,242.0,228.0
2017-02-20,0.0,-2.5,234.0,,5688,0,244.0,244.0,234.0
2017-02-19,0.0,3.45,240.0,,1512,0,228.0,243.0,228.0
2017-02-16,0.0,0.44,226.0,,6179,0,226.0,230.0,223.0
2017-02-15,0.0,1.81,225.0,,7922,0,225.0,233.0,220.0
2017-02-14,0.0,1.38,221.0,,9111,0,218.0,226.0,217.0
2017-02-13,0.0,-0.91,218.0,,11018,0,217.0,226.0,213.0
2017-02-12,0.0,-5.98,220.0,,5536,0,230.0,230.0,220.0
2017-02-09,0.0,-2.9,234.0,,9531,0,240.0,240.0,234.0
2017-02-08,0.0,0.0,241.0,,2854,0,237.0,241.0,237.0
2017-02-07,0.0,1.26,241.0,,2110,0,235.0,241.0,234.0
2017-02-06,0.0,0.42,238.0,,2570,0,241.0,241.0,226.0
2017-02-05,0.0,-2.07,237.0,,6170,0,238.0,238.0,226.0
2017-02-02,0.0,-3.2,243.0,,6590,0,249.0,255.0,242.0
2017-02-01,0.0,9.17,250.0,,1445,0,233.0,250.0,230.0
2017-01-31,0.0,0.44,229.0,,3558,0,224.0,245.0,224.0
2017-01-30,0.0,-8.06,228.0,,6750,0,244.0,244.0,225.0
2017-01-26,0.0,-0.8,248.0,,2259,0,250.0,255.0,238.0
2017-01-25,0.0,-2.72,251.0,,2635,0,252.0,252.0,247.0
2017-01-24,0.0,-1.15,257.0,,1211,0,255.0,260.0,255.0
2017-01-23,0.0,0.0,260.0,,1109,0,255.0,264.0,255.0
2017-01-22,0.0,1.96,260.0,,5363,0,255.0,265.0,255.0
2017-01-19,0.0,0.0,255.0,,2446,0,252.0,255.0,251.0
2017-01-18,0.0,-1.92,255.0,,1524,0,256.0,256.0,253.0
2017-01-17,0.0,1.56,260.0,,1714,0,256.0,260.0,255.0
2017-01-16,0.0,-3.4,256.0,,2091,0,268.0,268.0,256.0
2017-01-15,0.0,1.92,265.0,,228,0,260.0,265.0,260.0
2017-01-12,0.0,0.0,260.0,,200,0,260.0,260.0,260.0
2017-01-10,0.0,1.17,260.0,,137,0,260.0,260.0,259.0
2017-01-09,0.0,0.78,258.0,,1808,0,257.0,260.0,257.0
2017-01-08,0.0,0.39,255.0,,3655,0,254.0,263.0,254.0
2017-01-05,0.0,-1.55,254.0,,1974,0,258.0,258.0,254.0
2017-01-04,0.0,1.98,258.0,,2300,0,253.0,258.0,253.0
2017-01-03,0.0,-3.07,253.0,,3886,0,260.0,261.0,251.0
2017-01-02,0.0,2.35,261.0,,6775,0,260.0,265.0,258.0
2017-01-01,0.0,-1.16,255.0,,947,0,258.0,265.0,255.0
2016-12-29,0.0,1.98,258.0,,1261,0,255.0,260.0,255.0
2016-12-28,0.0,2.43,253.0,,1520,0,243.0,253.0,240.0
2016-12-27,0.0,-1.2,247.0,,4635,0,245.0,249.0,241.0
2016-12-26,0.0,-2.34,250.0,,5863,0,252.0,258.0,250.0
2016-12-22,0.0,0.39,256.0,,6633,0,255.0,260.0,255.0
2016-12-21,0.0,2.0,255.0,,4223,0,245.0,263.0,245.0
2016-12-20,0.0,-1.96,250.0,,15190,0,250.0,255.0,250.0
2016-12-19,0.0,-1.92,255.0,,1512,0,257.0,257.0,255.0
2016-12-18,0.0,0.0,260.0,,6040,0,257.0,261.0,255.0
2016-12-15,0.0,2.36,260.0,,22390,0,254.0,267.0,253.0
2016-12-14,0.0,-0.39,255.0,,2846,0,258.0,259.0,254.0
2016-12-12,0.0,1.59,255.0,,2201,0,255.0,256.0,251.0
2016-12-11,0.0,-1.57,251.0,,308,0,255.0,255.0,251.0
2016-12-08,0.0,0.0,255.0,,9564,0,260.0,261.0,255.0
2016-12-07,0.0,-1.92,255.0,,2270,0,260.0,260.0,255.0
2016-12-06,0.0,0.0,260.0,,1200,0,265.0,265.0,260.0
2016-12-05,0.0,0.0,260.0,,4858,0,255.0,261.0,255.0
2016-12-04,0.0,-3.7,260.0,,6915,0,265.0,270.0,260.0
2016-12-01,0.0,-1.46,270.0,,8138,0,270.0,277.0,263.0
2016-11-30,0.0,1.48,274.0,,6744,0,275.0,284.0,266.0
2016-11-29,0.0,0.75,270.0,,9381,0,272.0,272.0,250.0
2016-11-28,0.0,9.39,268.0,,3506,0,241.0,268.0,237.0
2016-11-27,0.0,-5.77,245.0,,6814,0,255.0,255.0,245.0
2016-11-24,0.0,-1.52,260.0,,5290,0,269.0,270.0,260.0
2016-11-23,0.0,-2.22,264.0,,13446,0,270.0,270.0,264.0
2016-11-22,0.0,0.37,270.0,,5109,0,265.0,280.0,265.0
2016-11-21,0.0,0.0,269.0,,3279,0,266.0,269.0,259.0
2016-11-20,0.0,-2.18,269.0,,4872,0,270.0,274.0,260.0
2016-11-17,0.0,-3.17,276.0,,2650,0,280.0,285.0,275.0
2016-11-16,0.0,-2.74,284.0,,1997,0,290.0,295.0,284.0
2016-11-15,0.0,0.69,293.0,,763,0,295.0,295.0,291.0
2016-11-14,0.0,0.0,290.0,,1438,0,290.0,295.0,290.0
2016-11-13,0.0,0.0,290.0,,3921,0,285.0,295.0,285.0
2016-11-10,0.0,0.0,290.0,,2147,0,295.0,295.0,288.0
2016-11-09,0.0,-3.33,290.0,,7542,0,295.0,295.0,288.0
2016-11-08,0.0,-0.33,300.0,,4755,0,296.0,300.0,294.0
2016-11-07,0.0,-1.31,301.0,,6683,0,300.0,305.0,300.0
2016-11-03,0.0,1.67,305.0,,3503,0,305.0,318.0,305.0
2016-10-27,0.0,1.69,300.0,,7854,0,300.0,310.0,300.0
2016-10-26,0.0,0.0,296.0,,8736,0,300.0,309.0,295.0
2016-10-25,0.0,-1.67,295.0,,1300,0,295.0,297.0,294.0
2016-10-24,0.0,0.0,300.0,,2523,0,295.0,300.0,295.0
2016-10-23,0.0,0.0,300.0,,4654,0,300.0,302.0,300.0
2016-10-20,0.0,-0.99,300.0,,1060,0,300.0,300.0,298.0
2016-10-19,0.0,-0.33,303.0,,4838,0,300.0,303.0,293.0
2016-10-18,0.0,1.33,304.0,,2124,0,299.0,311.0,299.0
2016-10-17,0.0,-3.54,300.0,,1262,0,308.0,308.0,297.0
2016-10-06,0.0,1.97,310.0,,1071,0,311.0,311.0,305.0
2016-10-05,0.0,-0.33,305.0,,3923,0,305.0,305.0,300.0
2016-10-04,0.0,0.99,306.0,,1812,0,305.0,310.0,305.0
2016-10-03,0.0,0.0,303.0,,5934,0,305.0,310.0,300.0
2016-10-02,0.0,-7.06,303.0,,29711,0,320.0,320.0,303.0
2016-09-28,0.0,4.37,382.0,,14085,0,369.0,382.0,359.0
2016-09-27,0.0,-2.4,366.0,,10290,0,368.0,368.0,360.0
2016-09-26,0.0,2.18,375.0,,7221,0,360.0,378.0,360.0
2016-09-25,0.0,0.27,374.0,,3302,0,370.0,374.0,360.0
2016-09-22,0.0,0.27,374.0,,3302,0,370.0,374.0,360.0
2016-09-21,0.0,1.08,373.0,,3658,0,377.0,377.0,360.0
2016-09-20,0.0,-1.33,370.0,,3971,0,370.0,374.0,370.0
2016-09-18,0.0,-1.32,375.0,,5064,0,380.0,380.0,368.0
2016-09-14,0.0,0.0,380.0,,2636,0,375.0,380.0,373.0
2016-09-12,0.0,-0.78,380.0,,15338,0,376.0,381.0,376.0
2016-09-11,0.0,0.0,383.0,,487,0,383.0,383.0,383.0
2016-09-08,0.0,-0.26,383.0,,2893,0,385.0,390.0,383.0
2016-09-07,0.0,-1.54,384.0,,1636,0,390.0,390.0,384.0
2016-09-06,0.0,-1.52,390.0,,9653,0,402.0,402.0,388.0
2016-09-05,0.0,0.25,396.0,,1695,0,400.0,408.0,389.0
2016-09-04,0.0,0.25,395.0,,5591,0,391.0,400.0,389.0
2016-09-01,0.0,2.07,393.0,,3505,0,390.0,394.0,388.0
2016-08-31,0.0,1.05,386.0,,6509,0,380.0,386.0,380.0
2016-08-30,0.0,0.53,384.0,,4204,0,380.0,394.0,380.0
2016-08-29,0.0,-0.78,380.0,,3754,0,380.0,385.0,379.0
2016-08-28,0.0,-0.26,383.0,,4190,0,391.0,391.0,378.0
2016-08-24,0.0,1.05,384.0,,3535,0,382.0,387.0,380.0
2016-08-23,0.0,0.0,380.0,,12228,0,373.0,386.0,366.0
2016-08-22,0.0,-3.31,380.0,,5866,0,390.0,395.0,380.0
2016-08-21,0.0,-3.68,393.0,,4845,0,400.0,406.0,392.0
2016-08-17,0.0,-2.39,408.0,,43544,0,426.0,430.0,400.0
2016-08-16,0.0,10.0,418.0,,6561,0,387.0,418.0,385.0
2016-08-15,0.0,-4.28,380.0,,16476,0,397.0,397.0,375.0
2016-08-14,0.0,-1.73,397.0,,8641,0,404.0,404.0,393.0
2016-08-11,0.0,-0.25,404.0,,8816,0,413.0,413.0,401.0
2016-08-10,0.0,1.99,410.0,,11139,0,410.0,418.0,397.0
2016-08-09,0.0,5.51,402.0,,610,0,388.0,402.0,388.0
2016-08-08,0.0,-7.97,381.0,,7009,0,414.0,411.0,381.0
2016-08-07,0.0,0.49,414.0,,22832,0,412.0,428.0,406.0
2016-08-04,0.0,-1.2,412.0,,29918,0,417.0,420.0,405.0
2016-08-03,0.0,0.24,417.0,,43825,0,416.0,438.0,407.0
2016-08-02,0.0,-0.95,416.0,,18571,0,420.0,428.0,414.0
2016-08-01,0.0,-1.41,420.0,,45590,0,426.0,440.0,401.0
2016-07-31,0.0,-2.07,426.0,,10480,0,435.0,440.0,421.0
2016-07-28,0.0,-0.68,435.0,,22590,0,438.0,450.0,414.0
2016-07-27,0.0,1.86,438.0,,48410,0,430.0,473.0,438.0
2016-07-26,0.0,9.97,430.0,,46225,0,391.0,430.0,398.0
2016-07-25,0.0,4.27,391.0,,26880,0,375.0,399.0,377.0
2016-07-21,0.0,1.35,375.0,,5539,0,370.0,383.0,369.0
2016-07-20,0.0,-2.12,370.0,,6891,0,380.0,380.0,368.0
2016-07-19,0.0,0.8,378.0,,14000,0,375.0,382.0,366.0
2016-07-18,0.0,-1.32,375.0,,3793,0,380.0,381.0,369.0
2016-07-17,0.0,4.11,380.0,,24750,0,365.0,387.0,372.0
2016-07-14,0.0,1.96,365.0,,11151,0,360.0,379.0,360.0
2016-07-13,0.0,-3.24,358.0,,7047,0,370.0,364.0,352.0
2016-07-12,0.0,0.0,370.0,,9051,0,370.0,370.0,350.0
2016-07-11,0.0,3.64,370.0,,19787,0,357.0,381.0,364.0
2016-07-10,0.0,2.0,357.0,,17021,0,350.0,364.0,350.0
2016-07-06,0.0,4.17,350.0,,31697,0,340.0,358.0,339.0
2016-07-05,0.0,-1.18,336.0,,10997,0,334.0,338.0,328.0
2016-07-04,0.0,0.59,340.0,,9065,0,338.0,350.0,336.0
2016-07-03,0.0,-3.7,338.0,,2912,0,351.0,351.0,338.0
2016-06-30,0.0,3.85,351.0,,9194,0,338.0,351.0,327.0
2016-06-29,0.0,1.5,338.0,,14679,0,333.0,345.0,330.0
2016-06-28,0.0,1.83,333.0,,15555,0,327.0,338.0,330.0
2016-06-27,0.0,0.0,327.0,,31580,0,327.0,335.0,326.0
2016-06-26,0.0,2.19,327.0,,18820,0,320.0,330.0,320.0
2016-06-23,0.0,0.0,320.0,,19968,0,320.0,345.0,320.0
2016-06-22,0.0,3.9,318.0,,22880,0,310.0,324.0,310.0
2016-06-21,0.0,-0.65,308.0,,9368,0,310.0,320.0,308.0
2016-06-20,0.0,7.27,310.0,,30617,0,289.0,317.0,292.0
2016-06-19,0.0,-5.25,289.0,,3163,0,305.0,305.0,289.0
2016-06-16,0.0,0.66,305.0,,6824,0,303.0,306.0,293.0
2016-06-15,0.0,1.0,303.0,,7381,0,304.0,306.0,300.0
2016-06-14,0.0,0.67,300.0,,7480,0,303.0,307.0,292.0
2016-06-13,0.0,0.68,298.0,,3700,0,296.0,307.0,296.0
2016-06-12,0.0,3.14,296.0,,7840,0,287.0,300.0,292.0
2016-06-09,0.0,-1.37,288.0,,5827,0,287.0,294.0,287.0
2016-06-08,0.0,-0.68,291.0,,1299,0,293.0,298.0,290.0
2016-06-07,0.0,1.03,293.0,,1370,0,288.0,295.0,288.0
2016-06-06,0.0,1.75,290.0,,2574,0,285.0,294.0,289.0
2016-06-05,0.0,-5.0,285.0,,13253,0,300.0,298.0,285.0
2016-06-02,0.0,-1.64,300.0,,309,0,305.0,304.0,299.0
2016-06-01,0.0,-1.61,305.0,,5925,0,310.0,310.0,300.0
2016-05-31,0.0,-1.27,310.0,,15214,0,314.0,311.0,305.0
2016-05-30,0.0,1.29,314.0,,6625,0,310.0,317.0,311.0
2016-05-29,0.0,0.65,310.0,,30969,0,308.0,323.0,310.0
2016-05-26,0.0,4.05,308.0,,25149,0,296.0,313.0,290.0
2016-05-25,0.0,1.02,296.0,,30154,0,293.0,310.0,290.0
2016-05-24,0.0,2.81,293.0,,8472,0,285.0,297.0,289.0
2016-05-23,0.0,-1.04,285.0,,3219,0,288.0,286.0,284.0
2016-05-22,0.0,0.0,288.0,,738,0,288.0,290.0,283.0
2016-05-19,0.0,0.0,288.0,,4665,0,288.0,292.0,284.0
2016-05-18,0.0,0.35,288.0,,6561,0,287.0,288.0,285.0
2016-05-17,0.0,4.36,287.0,,6955,0,280.0,287.0,280.0
2016-05-16,0.0,-4.51,275.0,,8356,0,288.0,293.0,275.0
2016-05-15,0.0,3.6,286.0,,7179,0,276.0,288.0,269.0
2016-05-12,0.0,0.36,280.0,,1732,0,278.0,283.0,278.0
2016-05-11,0.0,-3.46,279.0,,7563,0,289.0,286.0,279.0
2016-05-10,0.0,-0.34,289.0,,8974,0,287.0,289.0,280.0
2016-05-09,0.0,-1.69,290.0,,7395,0,294.0,294.0,288.0
2016-05-08,0.0,7.66,295.0,,27608,0,274.0,299.0,279.0
2016-05-05,0.0,-0.36,274.0,,4351,0,275.0,275.0,272.0
2016-05-04,0.0,0.0,275.0,,1612,0,275.0,275.0,270.0
2016-05-03,0.0,-2.48,275.0,,1150,0,282.0,277.0,275.0
2016-05-02,0.0,-1.05,282.0,,1502,0,285.0,284.0,282.0
2016-04-28,0.0,1.42,285.0,,4401,0,281.0,286.0,280.0
2016-04-27,0.0,-3.1,281.0,,1685,0,290.0,286.0,280.0
2016-04-26,0.0,3.2,290.0,,25561,0,281.0,294.0,285.0
2016-04-25,0.0,-3.1,281.0,,840,0,290.0,300.0,281.0
2016-04-24,0.0,4.32,290.0,,8285,0,278.0,294.0,275.0
2016-04-21,0.0,-0.71,278.0,,38138,0,280.0,285.0,275.0
2016-04-20,0.0,1.82,280.0,,2871,0,275.0,280.0,272.0
2016-04-19,0.0,-5.17,275.0,,5877,0,290.0,290.0,275.0
2016-04-18,0.0,7.01,290.0,,17033,0,271.0,297.0,272.0
2016-04-17,0.0,2.26,271.0,,9661,0,270.0,271.0,264.0
2016-04-14,0.0,3.92,265.0,,5603,0,255.0,265.0,250.0
2016-04-12,0.0,2.0,255.0,,500,0,250.0,255.0,255.0
2016-04-11,0.0,0.0,250.0,,2064,0,250.0,255.0,249.0
2016-04-10,0.0,1.21,250.0,,4720,0,247.0,252.0,248.0
2016-04-06,0.0,-0.8,247.0,,2666,0,249.0,253.0,247.0
2016-04-05,0.0,-0.4,249.0,,1112,0,245.0,249.0,244.0
2016-04-04,0.0,3.31,250.0,,1813,0,242.0,250.0,245.0
2016-04-03,0.0,-2.02,242.0,,5026,0,247.0,245.0,240.0
2016-03-31,0.0,-5.0,247.0,,1035,0,260.0,255.0,247.0
2016-03-30,0.0,4.0,260.0,,3520,0,250.0,260.0,245.0
2016-03-29,0.0,-1.96,250.0,,1829,0,250.0,255.0,245.0
2016-03-28,0.0,-1.16,255.0,,16257,0,258.0,268.0,253.0
2016-03-27,0.0,4.15,276.0,,18079,0,265.0,280.0,267.0
2016-03-24,0.0,-1.85,265.0,,10039,0,270.0,275.0,265.0
2016-03-23,0.0,-3.57,274.0,,8300,0,280.0,280.0,270.0
2016-03-21,0.0,1.45,280.0,,8556,0,281.0,283.0,278.0
2016-03-20,0.0,-0.36,276.0,,1878,0,273.0,278.0,273.0
2016-03-17,0.0,6.95,277.0,,8567,0,260.0,277.0,259.0
2016-03-16,0.0,0.39,259.0,,800,0,255.0,259.0,253.0
2016-03-15,0.0,-4.8,258.0,,320,0,266.0,266.0,258.0
2016-03-13,0.0,-1.81,271.0,,120,0,271.0,271.0,271.0
2016-03-06,0.0,-1.43,276.0,,1660,0,285.0,285.0,276.0
2016-03-03,0.0,4.87,278.0,,5480,0,272.0,282.0,272.0
2016-03-02,0.0,2.69,267.0,,5317,0,260.0,267.0,260.0
2016-03-01,0.0,-1.14,260.0,,2970,0,262.0,264.0,258.0
2016-02-29,0.0,-1.13,263.0,,990,0,266.0,265.0,263.0
2016-02-28,0.0,1.92,266.0,,50,0,261.0,266.0,266.0
2016-02-25,0.0,1.95,260.0,,270,0,256.0,261.0,256.0
2016-02-24,0.0,-1.54,256.0,,500,0,256.0,256.0,256.0
2016-02-23,0.0,0.0,260.0,,3193,0,260.0,265.0,257.0
2016-02-22,0.0,0.0,260.0,,3851,0,262.0,262.0,257.0
2016-02-21,0.0,0.0,260.0,,3360,0,256.0,261.0,253.0
2016-02-18,0.0,0.0,260.0,,17983,0,260.0,265.0,250.0
2016-02-17,0.0,0.78,260.0,,2589,0,258.0,264.0,259.0
2016-02-16,0.0,1.98,258.0,,1775,0,253.0,258.0,252.0
2016-02-15,0.0,-1.94,253.0,,624,0,255.0,255.0,250.0
2016-02-14,0.0,2.79,258.0,,1527,0,256.0,261.0,256.0
2016-02-11,0.0,-3.46,251.0,,3045,0,260.0,265.0,247.0
2016-02-08,0.0,0.0,260.0,,3339,0,260.0,269.0,257.0
2016-02-07,0.0,-2.99,260.0,,4017,0,268.0,265.0,253.0
2016-02-04,0.0,3.08,268.0,,8885,0,265.0,278.0,257.0
2016-02-03,0.0,0.39,260.0,,4849,0,259.0,260.0,249.0
2016-02-02,0.0,3.6,259.0,,12844,0,255.0,262.0,250.0
2016-02-01,0.0,0.0,250.0,,8968,0,250.0,257.0,245.0
2016-01-31,0.0,8.23,250.0,,9359,0,235.0,250.0,235.0
2016-01-28,0.0,0.0,231.0,,1830,0,235.0,239.0,231.0
2016-01-27,0.0,1.32,231.0,,4196,0,228.0,246.0,231.0
2016-01-26,0.0,-3.8,228.0,,1345,0,237.0,235.0,228.0
2016-01-25,0.0,0.42,237.0,,100,0,237.0,237.0,237.0
2016-01-24,0.0,3.51,236.0,,2751,0,228.0,238.0,232.0
2016-01-21,0.0,2.7,228.0,,4486,0,222.0,228.0,225.0
2016-01-20,0.0,3.74,222.0,,13903,0,218.0,225.0,217.0
2016-01-19,0.0,-0.93,214.0,,664,0,212.0,214.0,206.0
2016-01-18,0.0,-0.92,216.0,,1240,0,218.0,220.0,215.0
2016-01-17,0.0,3.96,210.0,,2245,0,206.0,210.0,206.0
2016-01-14,0.0,-1.46,202.0,,65,0,202.0,202.0,202.0
2016-01-13,0.0,-1.44,205.0,,27,0,208.0,205.0,205.0
2016-01-12,0.0,-0.48,208.0,,1000,0,208.0,208.0,208.0
2016-01-10,0.0,1.95,209.0,,53,0,205.0,209.0,209.0
2016-01-07,0.0,-1.91,205.0,,348,0,205.0,205.0,205.0
2016-01-06,0.0,1.95,209.0,,1320,0,206.0,209.0,206.0
2016-01-05,0.0,0.49,204.0,,280,0,205.0,205.0,204.0
2016-01-04,0.0,0.0,204.0,,500,0,204.0,204.0,204.0
2016-01-03,0.0,-1.92,204.0,,120,0,204.0,204.0,204.0
2015-12-31,0.0,-0.95,208.0,,214,0,208.0,210.0,208.0
2015-12-29,0.0,3.96,210.0,,3435,0,202.0,210.0,202.0
2015-12-28,0.0,0.0,202.0,,640,0,202.0,202.0,199.0
2015-12-25,0.0,-0.98,202.0,,1000,0,203.0,203.0,202.0
2015-12-24,0.0,0.49,204.0,,800,0,200.0,204.0,200.0
2015-12-22,0.0,0.49,203.0,,1027,0,206.0,206.0,203.0
2015-12-21,0.0,-1.94,202.0,,1525,0,206.0,206.0,202.0
2015-12-17,0.0,0.0,206.0,,300,0,205.0,206.0,205.0
2015-12-16,0.0,-0.48,206.0,,405,0,205.0,206.0,205.0
2015-12-14,0.0,-1.9,207.0,,63,0,208.0,208.0,207.0
2015-12-13,0.0,-1.4,211.0,,1210,0,218.0,218.0,211.0
2015-12-10,0.0,2.88,214.0,,383,0,212.0,214.0,212.0
2015-12-08,0.0,-1.42,208.0,,116,0,208.0,208.0,208.0
2015-12-07,0.0,4.98,211.0,,3263,0,205.0,215.0,201.0
2015-12-04,0.0,1.52,201.0,,70,0,201.0,201.0,201.0
2015-11-30,0.0,-5.71,198.0,,1773,0,206.0,206.0,198.0
2015-11-26,0.0,-3.23,210.0,,400,0,213.0,213.0,210.0
2015-11-25,0.0,-1.81,217.0,,100,0,217.0,217.0,217.0
2015-11-24,0.0,-1.78,221.0,,85,0,221.0,221.0,221.0
2015-11-19,0.0,0.0,225.0,,35,0,225.0,225.0,225.0
2015-11-18,0.0,0.0,225.0,,100,0,225.0,225.0,225.0
2015-11-16,0.0,-0.88,225.0,,670,0,227.0,227.0,225.0
2015-11-10,0.0,1.79,227.0,,10,0,227.0,227.0,227.0
2015-11-01,0.0,0.0,223.0,,19,0,223.0,223.0,223.0
2015-10-28,0.0,-1.38,285.0,,3177,0,291.0,291.0,280.0
2015-10-27,0.0,-6.47,289.0,,8255,0,303.0,303.0,284.0
2015-10-25,0.0,-0.64,309.0,,2855,0,315.0,315.0,309.0
2015-10-19,0.0,-1.58,311.0,,79,0,322.0,322.0,311.0
2015-10-18,0.0,1.28,316.0,,200,0,316.0,316.0,316.0
2015-10-15,0.0,0.32,312.0,,651,0,317.0,317.0,312.0
2015-10-11,0.0,-2.51,311.0,,10013,0,325.0,337.0,311.0
2015-10-08,0.0,-0.93,319.0,,500,0,319.0,319.0,319.0
2015-10-06,0.0,-1.83,322.0,,100,0,322.0,322.0,322.0
2015-10-05,0.0,-1.8,328.0,,100,0,328.0,328.0,328.0
2015-10-04,0.0,1.21,334.0,,6579,0,330.0,336.0,318.0
2015-10-01,0.0,6.8,330.0,,5923,0,310.0,331.0,310.0
2015-09-30,0.0,1.98,309.0,,1435,0,298.0,309.0,298.0
2015-09-29,0.0,1.0,303.0,,1019,0,306.0,306.0,303.0
2015-09-28,0.0,-2.91,300.0,,2479,0,310.0,310.0,298.0
2015-09-24,0.0,0.0,309.0,,239,0,315.0,315.0,309.0
2015-09-23,0.0,3.69,309.0,,307,0,303.0,315.0,303.0
2015-09-22,0.0,-5.09,298.0,,2202,0,310.0,310.0,296.0
2015-09-17,0.0,-2.79,314.0,,1176,0,320.0,320.0,314.0
2015-09-16,0.0,1.89,323.0,,1200,0,323.0,325.0,323.0
2015-09-15,0.0,0.32,317.0,,4445,0,318.0,322.0,316.0
2015-09-14,0.0,-1.25,315.0,,1025,0,326.0,332.0,315.0
2015-09-13,0.0,-1.54,320.0,,1400,0,320.0,322.0,319.0
2015-09-10,0.0,5.86,325.0,,8937,0,313.0,329.0,310.0
2015-09-09,0.0,-0.97,307.0,,42,0,307.0,307.0,307.0
2015-09-08,0.0,0.0,310.0,,2000,0,312.0,312.0,310.0
2015-09-06,0.0,0.0,310.0,,500,0,310.0,310.0,310.0
2015-09-03,0.0,-1.27,310.0,,871,0,315.0,315.0,310.0
2015-09-02,0.0,-5.42,314.0,,412,0,326.0,326.0,314.0
2015-09-01,0.0,5.4,332.0,,1333,0,315.0,332.0,320.0
2015-08-31,0.0,1.61,315.0,,1313,0,316.0,316.0,310.0
2015-08-27,0.0,-0.96,310.0,,243,0,315.0,315.0,310.0
2015-08-26,0.0,-5.15,313.0,,2335,0,324.0,324.0,313.0
2015-08-25,0.0,3.77,330.0,,2020,0,318.0,332.0,318.0
2015-08-24,0.0,9.66,318.0,,2794,0,285.0,318.0,285.0
2015-08-23,0.0,1.75,290.0,,700,0,285.0,290.0,285.0
2015-08-19,0.0,1.79,290.0,,771,0,285.0,290.0,285.0
2015-08-18,0.0,5.66,280.0,,443,0,270.0,280.0,270.0
2015-08-17,0.0,-1.85,265.0,,1000,0,265.0,265.0,265.0
2015-08-12,0.0,1.89,270.0,,1300,0,265.0,270.0,265.0
2015-08-11,0.0,-1.49,265.0,,35,0,269.0,265.0,265.0
2015-08-10,0.0,1.51,269.0,,1052,0,265.0,270.0,269.0
2015-08-09,0.0,-2.57,265.0,,215,0,272.0,270.0,265.0
2015-08-06,0.0,2.64,272.0,,6591,0,265.0,276.0,262.0
2015-08-05,0.0,-1.85,265.0,,959,0,270.0,269.0,260.0
2015-08-04,0.0,-0.37,270.0,,1994,0,271.0,271.0,266.0
2015-08-03,0.0,5.04,271.0,,5006,0,258.0,271.0,255.0
2015-08-02,0.0,-1.9,258.0,,1277,0,263.0,260.0,258.0
2015-07-30,0.0,-1.13,263.0,,1744,0,266.0,271.0,263.0
2015-07-29,0.0,-3.62,266.0,,3766,0,276.0,271.0,266.0
2015-07-28,0.0,-8.0,276.0,,1206,0,300.0,294.0,276.0
2015-07-27,0.0,3.45,300.0,,2226,0,290.0,300.0,290.0
2015-07-26,0.0,3.57,290.0,,72,0,280.0,290.0,285.0
2015-07-23,0.0,7.69,280.0,,527,0,260.0,280.0,265.0
2015-07-22,0.0,2.36,260.0,,2797,0,255.0,260.0,254.0
2015-07-16,0.0,-0.39,254.0,,1648,0,255.0,254.0,252.0
2015-07-15,0.0,-0.39,255.0,,620,0,255.0,255.0,255.0
2015-07-14,0.0,0.39,256.0,,82,0,251.0,256.0,251.0
2015-07-13,0.0,1.59,255.0,,353,0,252.0,255.0,252.0
2015-07-12,0.0,-1.57,251.0,,1919,0,250.0,251.0,250.0
2015-07-08,0.0,-1.54,255.0,,164,0,254.0,255.0,254.0
2015-07-07,0.0,-1.14,259.0,,1351,0,263.0,265.0,259.0
2015-07-06,0.0,3.56,262.0,,4117,0,255.0,262.0,253.0
2015-07-05,0.0,3.27,253.0,,562,0,249.0,253.0,249.0
2015-07-02,0.0,-2.78,245.0,,1053,0,247.0,247.0,244.0
2015-07-01,0.0,0.0,252.0,,295,0,252.0,252.0,252.0
2015-06-30,0.0,-2.33,252.0,,1461,0,260.0,260.0,250.0
2015-06-29,0.0,-0.77,258.0,,1960,0,260.0,264.0,256.0
2015-06-28,0.0,4.0,260.0,,504,0,252.0,260.0,252.0
2015-06-25,0.0,0.0,250.0,,2124,0,247.0,250.0,246.0
2015-06-24,0.0,1.21,250.0,,1303,0,250.0,256.0,250.0
2015-06-23,0.0,-1.2,247.0,,1658,0,250.0,250.0,247.0
2015-06-22,0.0,0.0,250.0,,230,0,245.0,250.0,245.0
2015-06-21,0.0,-2.34,250.0,,2400,0,256.0,251.0,246.0
2015-06-17,0.0,-0.78,256.0,,6175,0,258.0,256.0,250.0
2015-06-16,0.0,-2.27,258.0,,2400,0,264.0,259.0,251.0
2015-06-14,0.0,1.15,264.0,,173,0,261.0,264.0,264.0
2015-06-11,0.0,-0.76,261.0,,1511,0,263.0,268.0,258.0
2015-06-10,0.0,-5.05,263.0,,3091,0,277.0,272.0,260.0
2015-06-09,0.0,3.75,277.0,,4675,0,267.0,279.0,268.0
2015-06-08,0.0,-1.84,267.0,,100,0,272.0,267.0,267.0
2015-05-31,0.0,1.87,272.0,,19,0,267.0,272.0,272.0
2015-04-23,0.0,1.91,267.0,,79,0,262.0,267.0,267.0
2015-04-22,0.0,-2.96,262.0,,407,0,270.0,265.0,262.0
2015-04-21,0.0,1.89,270.0,,12,0,265.0,270.0,270.0
2015-04-20,0.0,-0.75,265.0,,535,0,267.0,266.0,265.0
2015-04-19,0.0,-1.11,267.0,,428,0,270.0,267.0,265.0
2015-04-16,0.0,-1.82,270.0,,500,0,275.0,270.0,270.0
2015-04-09,0.0,2.61,275.0,,1750,0,268.0,275.0,270.0
2015-04-01,0.0,-0.37,268.0,,1217,0,269.0,268.0,267.0
2015-03-31,0.0,2.67,269.0,,2562,0,262.0,269.0,260.0
2015-03-30,0.0,-0.76,262.0,,2475,0,264.0,265.0,260.0
2015-03-29,0.0,-1.86,264.0,,496,0,269.0,265.0,264.0
2015-03-26,0.0,-2.18,269.0,,1962,0,275.0,270.0,265.0
2015-03-25,0.0,-1.79,275.0,,201,0,280.0,275.0,275.0
2015-03-24,0.0,0.0,280.0,,200,0,280.0,280.0,280.0
2015-03-23,0.0,1.45,280.0,,283,0,276.0,281.0,280.0
2015-03-22,0.0,-1.78,276.0,,2974,0,281.0,285.0,276.0
2015-03-19,0.0,0.36,281.0,,202,0,280.0,283.0,281.0
2015-03-18,0.0,0.72,280.0,,2560,0,278.0,280.0,273.0
2015-03-17,0.0,-0.71,278.0,,1047,0,280.0,285.0,278.0
2015-03-16,0.0,-3.45,280.0,,4975,0,290.0,291.0,278.0
2015-03-15,0.0,2.11,290.0,,531,0,284.0,290.0,285.0
2015-03-12,0.0,-1.39,284.0,,1821,0,288.0,285.0,279.0
2015-03-11,0.0,-0.35,288.0,,3935,0,289.0,290.0,286.0
2015-03-10,0.0,0.7,289.0,,1072,0,287.0,289.0,280.0
2015-03-09,0.0,0.35,287.0,,1306,0,286.0,287.0,285.0
2015-03-03,0.0,-1.38,286.0,,2490,0,290.0,290.0,286.0
2015-03-02,0.0,1.4,290.0,,656,0,286.0,291.0,286.0
2015-02-25,0.0,2.14,286.0,,1370,0,280.0,290.0,282.0
2015-02-24,0.0,-1.75,280.0,,712,0,285.0,280.0,280.0
2015-02-23,0.0,1.79,285.0,,235,0,280.0,285.0,280.0
2015-02-22,0.0,-3.78,280.0,,1786,0,291.0,286.0,280.0
2015-02-19,0.0,2.11,291.0,,6196,0,285.0,300.0,290.0
2015-02-16,0.0,3.64,285.0,,6049,0,275.0,285.0,275.0
2015-02-15,0.0,-3.51,275.0,,1000,0,285.0,280.0,275.0
2015-02-12,0.0,1.79,285.0,,350,0,280.0,285.0,280.0
2015-02-11,0.0,1.45,280.0,,800,0,276.0,281.0,280.0
2015-02-10,0.0,0.0,276.0,,1551,0,276.0,276.0,271.0
2015-02-09,0.0,-1.43,276.0,,1750,0,280.0,276.0,271.0
2015-02-08,0.0,1.82,280.0,,50,0,275.0,280.0,280.0
2015-02-05,0.0,0.0,275.0,,2772,0,275.0,281.0,275.0
2015-02-04,0.0,2.23,275.0,,4140,0,269.0,275.0,270.0
2015-02-03,0.0,-2.54,269.0,,3889,0,276.0,275.0,269.0
2015-02-02,0.0,0.0,276.0,,88,0,276.0,276.0,276.0
2015-02-01,0.0,-3.16,276.0,,868,0,285.0,286.0,276.0
2015-01-29,0.0,0.0,285.0,,1699,0,285.0,292.0,285.0
2015-01-28,0.0,-1.04,285.0,,1111,0,288.0,286.0,284.0
2015-01-27,0.0,2.49,288.0,,1273,0,281.0,291.0,286.0
2015-01-26,0.0,1.81,281.0,,1575,0,276.0,281.0,272.0
2015-01-25,0.0,4.15,276.0,,489,0,265.0,280.0,265.0
2015-01-22,0.0,1.92,265.0,,546,0,260.0,265.0,265.0
2015-01-20,0.0,-1.89,260.0,,203,0,265.0,260.0,260.0
2015-01-19,0.0,3.92,265.0,,400,0,255.0,265.0,260.0
2015-01-18,0.0,2.0,255.0,,880,0,250.0,255.0,251.0
2015-01-14,0.0,-1.19,250.0,,876,0,253.0,250.0,248.0
2015-01-13,0.0,3.27,253.0,,907,0,245.0,253.0,249.0
2015-01-12,0.0,0.82,245.0,,382,0,243.0,245.0,243.0
2015-01-11,0.0,1.67,243.0,,1054,0,239.0,243.0,243.0
2015-01-07,0.0,1.7,239.0,,717,0,235.0,239.0,239.0
2015-01-04,0.0,-0.84,235.0,,1267,0,237.0,235.0,235.0
2015-01-01,0.0,-2.87,237.0,,830,0,244.0,240.0,237.0
2014-12-31,0.0,3.39,244.0,,112,0,236.0,244.0,240.0
2014-12-18,0.0,-1.67,236.0,,505,0,240.0,236.0,232.0
2014-12-16,0.0,-3.23,240.0,,175,0,248.0,244.0,240.0
2014-12-15,0.0,-1.59,248.0,,1825,0,252.0,251.0,248.0
2014-12-14,0.0,-1.95,252.0,,150,0,257.0,252.0,252.0
2014-12-09,0.0,1.58,257.0,,119,0,253.0,257.0,257.0
2014-11-13,0.0,-2.37,288.0,,4429,0,295.0,295.0,285.0
2014-11-12,0.0,1.03,295.0,,2376,0,292.0,295.0,289.0
2014-11-11,0.0,-2.34,292.0,,4546,0,299.0,310.0,288.0
2014-11-10,0.0,-0.33,299.0,,5766,0,300.0,300.0,289.0
2014-11-09,0.0,2.04,300.0,,15193,0,294.0,310.0,291.0
2014-11-06,0.0,3.52,294.0,,616,0,284.0,294.0,288.0
2014-11-05,0.0,5.19,284.0,,6023,0,270.0,284.0,265.0
2014-11-04,0.0,1.89,270.0,,2514,0,265.0,275.0,260.0
2014-11-03,0.0,0.0,265.0,,2168,0,265.0,265.0,260.0
2014-11-02,0.0,-1.85,265.0,,469,0,270.0,274.0,264.0
2014-10-30,0.0,-9.4,270.0,,3161,0,298.0,293.0,270.0
2014-10-21,0.0,1.02,298.0,,701,0,295.0,298.0,298.0
2014-10-16,0.0,0.34,295.0,,508,0,294.0,295.0,285.0
2014-10-12,0.0,-1.67,294.0,,613,0,299.0,301.0,294.0
2014-09-30,0.0,6.79,299.0,,1642,0,280.0,300.0,285.0
2014-09-29,0.0,1.82,280.0,,594,0,275.0,280.0,275.0
2014-09-28,0.0,-1.79,275.0,,70,0,280.0,275.0,275.0
2014-09-23,0.0,2.19,280.0,,3041,0,274.0,280.0,279.0
2014-09-22,0.0,1.48,274.0,,5264,0,270.0,275.0,265.0
2014-09-21,0.0,-3.23,270.0,,1501,0,279.0,275.0,270.0
2014-09-18,0.0,-1.75,280.0,,500,0,285.0,280.0,280.0
2014-09-17,0.0,-1.72,285.0,,3864,0,290.0,295.0,285.0
2014-09-16,0.0,3.57,290.0,,2727,0,280.0,290.0,278.0
2014-09-15,0.0,3.7,280.0,,176,0,270.0,280.0,275.0
2014-09-14,0.0,-3.57,270.0,,221,0,280.0,280.0,270.0
2014-09-10,0.0,-1.41,280.0,,4337,0,284.0,295.0,279.0
2014-09-09,0.0,3.27,284.0,,1699,0,275.0,284.0,275.0
2014-09-07,0.0,-6.46,275.0,,2030,0,294.0,290.0,275.0
2014-09-04,0.0,-0.34,294.0,,4896,0,295.0,295.0,290.0
2014-09-03,0.0,0.0,295.0,,3277,0,295.0,303.0,295.0
2014-09-01,0.0,-2.64,295.0,,356,0,303.0,298.0,295.0
2014-08-31,0.0,1.0,303.0,,2991,0,300.0,303.0,297.0
2014-08-28,0.0,0.0,300.0,,7700,0,300.0,307.0,291.0
2014-08-27,0.0,0.33,300.0,,3797,0,299.0,316.0,300.0
2014-08-26,0.0,-3.55,299.0,,113,0,310.0,305.0,299.0
2014-08-24,0.0,0.0,310.0,,334,0,310.0,314.0,310.0
2014-08-21,0.0,1.64,310.0,,3976,0,305.0,311.0,300.0
2014-08-20,0.0,0.0,305.0,,5088,0,305.0,317.0,300.0
2014-08-19,0.0,-4.98,305.0,,2109,0,321.0,320.0,305.0
2014-08-18,0.0,-0.93,321.0,,2233,0,324.0,336.0,318.0
2014-08-14,0.0,-1.82,324.0,,1416,0,330.0,330.0,320.0
2014-08-13,0.0,4.1,330.0,,5663,0,317.0,334.0,301.0
2014-08-12,0.0,-5.37,317.0,,2742,0,335.0,330.0,317.0
2014-08-07,0.0,-1.47,335.0,,604,0,340.0,340.0,335.0
2014-08-06,0.0,-4.23,340.0,,296,0,355.0,350.0,340.0
2014-08-05,0.0,-2.74,355.0,,902,0,365.0,367.0,355.0
2014-08-04,0.0,-0.54,365.0,,307,0,367.0,375.0,365.0
2014-08-03,0.0,1.94,367.0,,8199,0,360.0,374.0,350.0
2014-07-31,0.0,0.0,360.0,,3198,0,360.0,360.0,354.0
2014-07-30,0.0,-6.74,360.0,,1118,0,386.0,379.0,360.0
2014-07-27,0.0,6.93,386.0,,6643,0,361.0,386.0,361.0
2014-07-24,0.0,3.14,361.0,,4786,0,350.0,361.0,350.0
2014-07-23,0.0,6.71,350.0,,8734,0,328.0,350.0,325.0
2014-07-22,0.0,-0.3,328.0,,5137,0,329.0,335.0,323.0
2014-07-21,0.0,0.3,329.0,,5642,0,328.0,344.0,325.0
2014-07-20,0.0,4.13,328.0,,925,0,315.0,333.0,321.0
2014-07-17,0.0,1.61,315.0,,2308,0,310.0,315.0,312.0
2014-07-16,0.0,1.31,310.0,,997,0,306.0,311.0,300.0
2014-07-15,0.0,-3.77,306.0,,3874,0,318.0,314.0,306.0
2014-07-14,0.0,-8.62,318.0,,599,0,348.0,342.0,318.0
2014-07-13,0.0,1.75,348.0,,69,0,342.0,348.0,348.0
2014-07-10,0.0,1.79,342.0,,510,0,336.0,342.0,335.0
2014-07-09,0.0,1.82,336.0,,1181,0,330.0,336.0,330.0
2014-07-08,0.0,10.0,330.0,,861,0,300.0,330.0,306.0
2014-07-07,0.0,7.14,300.0,,371,0,280.0,300.0,285.0
2014-07-06,0.0,-1.41,280.0,,1161,0,284.0,281.0,280.0
2014-07-03,0.0,-0.7,284.0,,391,0,286.0,288.0,284.0
2014-07-02,0.0,1.78,286.0,,300,0,281.0,286.0,286.0
2014-07-01,0.0,4.07,281.0,,3693,0,270.0,283.0,275.0
2014-06-30,0.0,3.05,270.0,,1393,0,262.0,270.0,262.0
2014-06-29,0.0,0.0,262.0,,843,0,262.0,267.0,257.0
2014-06-26,0.0,0.0,262.0,,80,0,262.0,262.0,262.0
2014-06-25,0.0,6.94,262.0,,2929,0,245.0,262.0,249.0
2014-06-24,0.0,0.41,245.0,,3152,0,244.0,247.0,244.0
2014-06-23,0.0,-1.61,244.0,,34,0,248.0,244.0,244.0
2014-06-19,0.0,-3.12,248.0,,679,0,256.0,253.0,248.0
2014-06-18,0.0,-1.92,256.0,,500,0,261.0,256.0,256.0
2014-06-17,0.0,0.38,261.0,,410,0,260.0,265.0,260.0
2014-06-16,0.0,-0.38,260.0,,12,0,261.0,260.0,260.0
2014-06-15,0.0,4.4,261.0,,9430,0,250.0,265.0,255.0
2014-06-11,0.0,0.81,250.0,,926,0,248.0,252.0,250.0
2014-06-10,0.0,3.33,248.0,,1487,0,240.0,248.0,240.0
2014-06-09,0.0,0.84,240.0,,58,0,238.0,240.0,240.0
2014-06-08,0.0,-1.65,238.0,,298,0,242.0,239.0,238.0
2014-06-05,0.0,-2.81,242.0,,1321,0,249.0,245.0,242.0
2014-06-03,0.0,1.63,249.0,,195,0,245.0,249.0,245.0
2014-06-02,0.0,1.24,245.0,,1000,0,242.0,245.0,245.0
2014-06-01,0.0,2.54,242.0,,1324,0,236.0,242.0,240.0
2014-05-28,0.0,-1.26,236.0,,1427,0,239.0,240.0,236.0
2014-05-27,0.0,1.7,239.0,,400,0,235.0,239.0,239.0
2014-05-26,0.0,-1.26,235.0,,71,0,238.0,235.0,235.0
2014-05-25,0.0,1.28,238.0,,23,0,235.0,238.0,238.0
2014-05-20,0.0,-0.84,235.0,,613,0,237.0,235.0,231.0
2014-05-18,0.0,-3.27,237.0,,65,0,245.0,241.0,237.0
2014-05-13,0.0,-2.0,245.0,,1412,0,250.0,250.0,245.0
2014-05-12,0.0,0.0,250.0,,2735,0,250.0,254.0,250.0
2014-05-11,0.0,0.0,250.0,,1341,0,250.0,255.0,246.0
2014-05-08,0.0,4.17,250.0,,3921,0,240.0,250.0,243.0
2014-05-07,0.0,2.56,240.0,,350,0,234.0,240.0,238.0
2014-05-06,0.0,1.74,234.0,,44,0,230.0,234.0,234.0
2014-05-04,0.0,-0.43,230.0,,119,0,231.0,231.0,230.0
2014-04-30,0.0,1.32,231.0,,250,0,228.0,231.0,231.0
2014-04-29,0.0,-1.3,228.0,,136,0,231.0,228.0,228.0
2014-04-28,0.0,-1.28,231.0,,692,0,234.0,235.0,231.0
2014-04-27,0.0,-0.85,234.0,,293,0,236.0,234.0,232.0
2014-04-23,0.0,1.29,236.0,,330,0,233.0,236.0,231.0
2014-04-22,0.0,-2.1,233.0,,2557,0,238.0,237.0,233.0
2014-04-21,0.0,-1.65,238.0,,103,0,242.0,238.0,238.0
2014-04-20,0.0,0.83,242.0,,1531,0,240.0,242.0,237.0
2014-04-17,0.0,-3.61,240.0,,6762,0,249.0,251.0,240.0
2014-04-15,0.0,2.05,249.0,,1642,0,244.0,252.0,240.0
2014-04-13,0.0,1.67,244.0,,2122,0,240.0,244.0,236.0
2014-04-10,0.0,3.45,240.0,,1752,0,232.0,240.0,233.0
2014-04-09,0.0,0.0,232.0,,1789,0,232.0,232.0,228.0
2014-04-07,0.0,1.75,232.0,,3175,0,228.0,236.0,232.0
2014-04-06,0.0,-1.72,228.0,,2574,0,232.0,240.0,224.0
2014-04-03,0.0,1.31,232.0,,849,0,229.0,233.0,228.0
2014-04-02,0.0,-4.58,229.0,,2659,0,240.0,236.0,229.0
2014-04-01,0.0,0.0,240.0,,1439,0,240.0,240.0,236.0
2014-03-31,0.0,-1.23,240.0,,65,0,243.0,240.0,240.0
2014-03-27,0.0,5.19,243.0,,4317,0,231.0,243.0,230.0
2014-03-26,0.0,-1.7,231.0,,538,0,235.0,239.0,231.0
2014-03-25,0.0,0.0,235.0,,1122,0,235.0,239.0,231.0
2014-03-24,0.0,-1.26,235.0,,1966,0,238.0,238.0,230.0
2014-03-23,0.0,-5.18,238.0,,741,0,251.0,247.0,238.0
2014-03-20,0.0,9.61,251.0,,1606,0,229.0,251.0,230.0
2014-03-19,0.0,-1.72,229.0,,461,0,233.0,229.0,229.0
2014-03-17,0.0,5.43,233.0,,3596,0,221.0,233.0,220.0
2014-03-13,0.0,-0.45,221.0,,580,0,222.0,221.0,221.0
2014-03-12,0.0,-3.48,222.0,,125,0,230.0,226.0,222.0
2014-03-11,0.0,-2.13,230.0,,2313,0,235.0,233.0,229.0
2014-03-10,0.0,3.98,235.0,,2439,0,226.0,235.0,230.0
2014-03-09,0.0,2.26,226.0,,1593,0,221.0,226.0,218.0
2014-03-06,0.0,-1.78,221.0,,476,0,225.0,221.0,221.0
2014-03-05,0.0,-0.44,225.0,,265,0,226.0,225.0,222.0
2014-03-04,0.0,-1.74,226.0,,432,0,230.0,226.0,226.0
2014-03-03,0.0,-2.13,230.0,,730,0,235.0,231.0,230.0
2014-02-26,0.0,0.43,235.0,,88,0,234.0,235.0,235.0
2014-02-25,0.0,0.0,234.0,,1246,0,234.0,237.0,230.0
2014-02-24,0.0,5.41,234.0,,1874,0,222.0,238.0,226.0
2014-02-23,0.0,0.0,222.0,,3441,0,222.0,226.0,219.0
2014-02-20,0.0,1.37,222.0,,1544,0,219.0,222.0,220.0
2014-02-18,0.0,1.39,219.0,,7702,0,216.0,219.0,215.0
2014-02-17,0.0,0.47,216.0,,3451,0,215.0,219.0,215.0
2014-02-16,0.0,-0.46,215.0,,328,0,216.0,215.0,215.0
2014-02-13,0.0,0.47,216.0,,500,0,215.0,216.0,216.0
2014-02-12,0.0,-0.46,215.0,,384,0,216.0,215.0,215.0
2014-02-09,0.0,0.47,216.0,,477,0,215.0,219.0,216.0
2014-02-06,0.0,1.9,215.0,,19,0,211.0,215.0,215.0
2014-02-05,0.0,-1.86,211.0,,88,0,215.0,211.0,211.0
2014-02-04,0.0,-2.27,215.0,,2000,0,220.0,218.0,215.0
2014-02-03,0.0,-0.9,220.0,,1000,0,222.0,220.0,220.0
2014-01-28,0.0,-0.45,222.0,,2015,0,223.0,222.0,221.0
2014-01-27,0.0,0.45,223.0,,3238,0,222.0,228.0,223.0
2014-01-26,0.0,-0.45,222.0,,3265,0,223.0,226.0,222.0
2014-01-23,0.0,-1.33,223.0,,400,0,226.0,225.0,223.0
2014-01-22,0.0,0.0,226.0,,991,0,226.0,230.0,226.0
2014-01-21,0.0,1.8,226.0,,600,0,222.0,226.0,226.0
2014-01-20,0.0,0.0,222.0,,302,0,222.0,226.0,222.0
2014-01-19,0.0,-1.77,222.0,,794,0,226.0,222.0,218.0
2014-01-16,0.0,-1.74,226.0,,1488,0,230.0,227.0,223.0
2014-01-14,0.0,0.0,230.0,,899,0,230.0,230.0,228.0
2014-01-13,0.0,3.14,230.0,,578,0,223.0,230.0,226.0
2014-01-12,0.0,3.72,223.0,,1277,0,215.0,223.0,219.0
2014-01-09,0.0,-0.46,215.0,,1772,0,216.0,216.0,212.0
2014-01-07,0.0,-1.82,216.0,,693,0,220.0,220.0,216.0
2014-01-06,0.0,-1.79,220.0,,214,0,224.0,220.0,220.0
2014-01-05,0.0,1.82,224.0,,416,0,220.0,224.0,220.0
2014-01-02,0.0,-0.9,220.0,,2041,0,222.0,222.0,218.0
2014-01-01,0.0,-3.48,222.0,,2054,0,230.0,228.0,222.0
2013-12-31,0.0,-1.29,230.0,,100,0,233.0,230.0,230.0
2013-12-29,0.0,1.3,233.0,,2954,0,230.0,233.0,223.0
2013-12-26,0.0,4.55,230.0,,5977,0,220.0,230.0,224.0
2013-12-24,0.0,-3.51,220.0,,3086,0,228.0,232.0,220.0
2013-12-23,0.0,-1.72,228.0,,1650,0,232.0,228.0,224.0
2013-12-22,0.0,3.57,232.0,,5559,0,224.0,232.0,224.0
2013-12-19,0.0,-3.45,224.0,,1157,0,232.0,228.0,224.0
2013-12-18,0.0,1.75,232.0,,1265,0,228.0,232.0,232.0
2013-12-16,0.0,1.79,228.0,,217,0,224.0,228.0,228.0
2013-12-15,0.0,4.67,224.0,,9666,0,214.0,225.0,214.0
2013-12-12,0.0,-1.83,214.0,,100,0,218.0,214.0,214.0
2013-12-11,0.0,1.87,218.0,,700,0,214.0,218.0,210.0
2013-12-10,0.0,-1.83,214.0,,600,0,218.0,214.0,214.0
2013-12-09,0.0,-3.54,218.0,,3528,0,226.0,222.0,215.0
2013-12-08,0.0,2.73,226.0,,2105,0,220.0,230.0,224.0
2013-12-05,0.0,5.26,220.0,,3502,0,209.0,229.0,213.0
2013-12-04,0.0,5.56,209.0,,1856,0,198.0,209.0,201.0
2013-12-03,0.0,7.03,198.0,,7767,0,185.0,198.0,188.0
2013-12-02,0.0,6.32,185.0,,4168,0,174.0,188.0,177.0
2013-12-01,0.0,9.43,174.0,,1694,0,159.0,174.0,162.0
2013-11-28,0.0,3.92,159.0,,547,0,153.0,162.0,156.0
2013-11-27,0.0,5.52,153.0,,3564,0,145.0,153.0,145.0
2013-11-26,0.0,1.4,145.0,,20,0,143.0,145.0,145.0
2013-11-25,0.0,0.0,143.0,,4703,0,143.0,146.0,142.0
2013-11-24,0.0,4.38,143.0,,1268,0,137.0,143.0,139.0
2013-11-14,0.0,4.58,137.0,,2776,0,131.0,138.0,133.0
2013-11-13,0.0,3.15,131.0,,5463,0,127.0,135.0,129.0
2013-11-12,0.0,0.79,127.0,,4155,0,126.0,129.0,127.0
2013-11-11,0.0,1.61,126.0,,3771,0,124.0,126.0,125.0
2013-11-10,0.0,-1.59,124.0,,4600,0,126.0,126.0,120.0
2013-11-07,0.0,-1.56,126.0,,476,0,128.0,126.0,126.0
2013-10-30,0.0,-1.54,128.0,,238,0,130.0,128.0,128.0
2013-10-29,0.0,0.0,130.0,,335,0,130.0,130.0,130.0
2013-10-23,0.0,6.56,130.0,,66,0,122.0,130.0,124.0
2013-10-22,0.0,1.67,122.0,,5326,0,120.0,122.0,120.0
2013-10-21,0.0,-6.25,120.0,,6317,0,128.0,130.0,120.0
2013-10-20,0.0,-5.19,128.0,,289,0,135.0,130.0,128.0
2013-09-24,0.0,-2.17,135.0,,2895,0,138.0,140.0,135.0
2013-09-23,0.0,-2.13,138.0,,728,0,141.0,140.0,138.0
2013-09-22,0.0,0.71,141.0,,1316,0,140.0,144.0,140.0
2013-09-19,0.0,-1.41,140.0,,762,0,142.0,141.0,140.0
2013-09-16,0.0,0.0,142.0,,403,0,142.0,142.0,141.0
2013-09-15,0.0,-0.7,142.0,,676,0,143.0,142.0,140.0
2013-09-12,0.0,-1.38,143.0,,20,0,145.0,143.0,143.0
2013-09-11,0.0,-1.36,145.0,,200,0,147.0,145.0,145.0
2013-09-10,0.0,-3.92,147.0,,2721,0,153.0,153.0,147.0
2013-09-09,0.0,2.0,153.0,,2677,0,150.0,155.0,150.0
2013-09-08,0.0,4.9,150.0,,2423,0,143.0,153.0,145.0
2013-09-05,0.0,1.42,143.0,,60,0,141.0,143.0,143.0
2013-09-04,0.0,-1.4,141.0,,7224,0,143.0,142.0,140.0
2013-09-03,0.0,0.7,143.0,,205,0,142.0,143.0,140.0
2013-09-02,0.0,2.9,142.0,,4464,0,138.0,142.0,138.0
2013-09-01,0.0,-1.43,138.0,,5050,0,140.0,140.0,138.0
2013-08-27,0.0,-1.41,140.0,,1658,0,142.0,142.0,139.0
2013-08-26,0.0,-2.74,142.0,,744,0,146.0,144.0,142.0
2013-08-25,0.0,-0.68,146.0,,2027,0,147.0,149.0,146.0
2013-08-20,0.0,5.0,147.0,,1914,0,140.0,150.0,142.0
2013-08-19,0.0,-0.71,140.0,,200,0,141.0,140.0,140.0
2013-08-18,0.0,1.44,141.0,,357,0,139.0,141.0,140.0
2013-08-15,0.0,0.72,139.0,,1039,0,138.0,139.0,136.0
2013-08-14,0.0,-2.82,138.0,,203,0,142.0,140.0,138.0
2013-08-13,0.0,0.0,142.0,,960,0,142.0,143.0,141.0
2013-08-12,0.0,4.41,142.0,,2649,0,136.0,145.0,135.0
2013-08-11,0.0,0.0,136.0,,321,0,136.0,136.0,134.0
2013-08-08,0.0,0.0,136.0,,908,0,136.0,136.0,135.0
2013-08-07,0.0,1.49,136.0,,7306,0,134.0,136.0,133.0
2013-08-06,0.0,2.29,134.0,,1393,0,131.0,134.0,132.0
2013-08-05,0.0,3.15,131.0,,5917,0,127.0,134.0,128.0
2013-08-04,0.0,9.48,127.0,,1196,0,116.0,127.0,118.0
2013-08-01,0.0,0.0,116.0,,310,0,116.0,118.0,116.0
2013-07-31,0.0,-0.85,116.0,,218,0,117.0,118.0,116.0
2013-07-30,0.0,-2.5,117.0,,570,0,120.0,119.0,117.0
2013-07-29,0.0,0.84,120.0,,516,0,119.0,120.0,118.0
2013-07-28,0.0,0.85,119.0,,269,0,118.0,119.0,117.0
2013-07-23,0.0,0.85,118.0,,3019,0,117.0,119.0,117.0
2013-07-22,0.0,-4.1,117.0,,1526,0,122.0,120.0,114.0
2013-07-21,0.0,-1.61,122.0,,100,0,124.0,122.0,122.0
2013-07-18,0.0,-1.59,124.0,,10,0,126.0,124.0,124.0
2013-07-16,0.0,-1.56,126.0,,170,0,128.0,126.0,126.0
2013-07-15,0.0,8.47,128.0,,170,0,118.0,128.0,120.0
2013-07-14,0.0,-1.67,118.0,,100,0,120.0,118.0,118.0
2013-07-10,0.0,-1.64,120.0,,10,0,122.0,120.0,120.0
2013-07-09,0.0,1.67,122.0,,90,0,120.0,122.0,120.0
2013-07-08,0.0,-1.64,120.0,,2456,0,122.0,120.0,114.0
2013-07-07,0.0,5.17,122.0,,152,0,116.0,124.0,118.0
2013-07-04,0.0,0.0,116.0,,619,0,116.0,116.0,114.0
2013-07-03,0.0,1.75,116.0,,464,0,114.0,116.0,116.0
2013-07-02,0.0,-0.87,114.0,,1170,0,115.0,115.0,113.0
2013-07-01,0.0,-1.71,115.0,,38,0,117.0,115.0,115.0
2013-06-27,0.0,3.54,117.0,,598,0,113.0,117.0,115.0
2013-06-26,0.0,1.8,113.0,,984,0,111.0,113.0,110.0
2013-06-25,0.0,-0.89,111.0,,1526,0,112.0,112.0,110.0
2013-06-24,0.0,0.0,112.0,,1590,0,112.0,112.0,110.0
2013-06-23,0.0,-0.88,112.0,,2219,0,113.0,115.0,110.0
2013-06-20,0.0,-5.83,113.0,,6625,0,120.0,120.0,113.0
2013-06-17,0.0,0.84,120.0,,477,0,119.0,120.0,120.0
2013-06-11,0.0,-1.65,119.0,,15,0,121.0,119.0,119.0
2013-06-10,0.0,5.22,121.0,,1051,0,115.0,121.0,115.0
2013-06-09,0.0,-1.71,115.0,,502,0,117.0,117.0,115.0
2013-06-06,0.0,-4.1,117.0,,1605,0,122.0,120.0,117.0
2013-06-04,0.0,0.0,122.0,,33,0,122.0,122.0,122.0
2013-05-23,0.0,1.67,122.0,,96,0,120.0,122.0,122.0
2013-05-22,0.0,1.69,120.0,,88,0,118.0,120.0,120.0
2013-05-21,0.0,0.0,118.0,,346,0,118.0,118.0,118.0
2013-05-20,0.0,-1.67,118.0,,555,0,120.0,118.0,118.0
2013-05-13,0.0,2.56,120.0,,854,0,117.0,120.0,117.0
2013-05-12,0.0,-1.68,117.0,,610,0,119.0,120.0,117.0
2013-05-09,0.0,-0.83,119.0,,5383,0,120.0,120.0,118.0
2013-05-08,0.0,-2.44,120.0,,2204,0,123.0,122.0,120.0
2013-05-07,0.0,3.36,123.0,,3245,0,119.0,125.0,121.0
2013-05-06,0.0,-3.25,119.0,,5264,0,123.0,122.0,119.0
2013-05-05,0.0,0.0,123.0,,1668,0,123.0,124.0,123.0
2013-05-02,0.0,1.65,123.0,,143,0,121.0,123.0,123.0
2013-04-30,0.0,-1.63,121.0,,2506,0,123.0,121.0,118.0
2013-04-29,0.0,0.82,123.0,,311,0,122.0,123.0,121.0
2013-04-28,0.0,-1.61,122.0,,648,0,124.0,122.0,122.0
2013-04-25,0.0,-0.8,124.0,,239,0,125.0,124.0,124.0
2013-04-22,0.0,1.63,125.0,,990,0,123.0,125.0,122.0
2013-04-21,0.0,-1.6,123.0,,140,0,125.0,123.0,123.0
2013-04-18,0.0,-0.79,125.0,,38,0,126.0,125.0,125.0
2013-04-17,0.0,1.61,126.0,,48,0,124.0,126.0,126.0
2013-04-16,0.0,1.64,124.0,,658,0,122.0,124.0,118.0
2013-04-15,0.0,0.0,122.0,,442,0,122.0,122.0,122.0
2013-04-08,0.0,-0.81,122.0,,22,0,123.0,122.0,122.0
2013-04-01,0.0,3.36,123.0,,88,0,119.0,123.0,121.0
2013-03-31,0.0,-0.83,119.0,,33,0,120.0,119.0,119.0
2013-03-28,0.0,-1.64,120.0,,242,0,122.0,120.0,120.0
2013-03-27,0.0,-1.61,122.0,,340,0,124.0,122.0,122.0
2013-03-25,0.0,0.0,124.0,,628,0,124.0,126.0,122.0
2013-03-24,0.0,-0.8,124.0,,200,0,125.0,124.0,124.0
2013-03-20,0.0,0.0,125.0,,40,0,125.0,125.0,125.0
2013-03-19,0.0,-0.79,125.0,,290,0,126.0,125.0,125.0
2013-03-18,0.0,0.0,126.0,,262,0,126.0,128.0,126.0
2013-03-17,0.0,-3.08,126.0,,1486,0,130.0,130.0,126.0
2013-03-14,0.0,1.56,130.0,,144,0,128.0,130.0,130.0
2013-03-13,0.0,1.59,128.0,,108,0,126.0,128.0,128.0
2013-03-11,0.0,-3.08,126.0,,698,0,130.0,128.0,126.0
2013-03-07,0.0,0.0,130.0,,340,0,130.0,132.0,129.0
2013-03-05,0.0,1.56,130.0,,2369,0,128.0,130.0,126.0
2013-03-04,0.0,0.0,128.0,,40,0,128.0,128.0,128.0
2013-03-03,0.0,0.0,128.0,,346,0,128.0,128.0,128.0
2013-02-28,0.0,-1.54,128.0,,1545,0,130.0,128.0,128.0
2013-02-27,0.0,0.0,130.0,,1702,0,130.0,130.0,128.0
2013-02-26,0.0,0.78,130.0,,191,0,129.0,130.0,130.0
2013-02-24,0.0,-2.27,129.0,,326,0,132.0,131.0,129.0
2013-02-21,0.0,-1.49,132.0,,438,0,134.0,132.0,132.0
2013-02-20,0.0,7.2,134.0,,2096,0,125.0,134.0,125.0
2013-02-14,0.0,-1.57,125.0,,684,0,127.0,125.0,125.0
2013-02-12,0.0,6.72,127.0,,552,0,119.0,127.0,121.0
2013-02-07,0.0,-0.83,119.0,,135,0,120.0,119.0,119.0
2013-02-06,0.0,0.0,120.0,,306,0,120.0,120.0,119.0
2013-02-05,0.0,1.69,120.0,,1076,0,118.0,120.0,116.0
2013-02-03,0.0,0.0,118.0,,153,0,118.0,120.0,118.0
2013-01-31,0.0,-1.67,118.0,,1678,0,120.0,119.0,118.0
2013-01-30,0.0,-2.44,120.0,,4501,0,123.0,122.0,119.0
2013-01-17,0.0,-1.6,123.0,,138,0,125.0,123.0,123.0
2013-01-09,0.0,-3.1,125.0,,341,0,129.0,128.0,125.0
2013-01-06,0.0,-2.27,129.0,,850,0,132.0,132.0,129.0
2013-01-03,0.0,0.0,132.0,,248,0,132.0,132.0,130.0
2013-01-02,0.0,0.0,132.0,,150,0,132.0,132.0,132.0
2013-01-01,0.0,-0.75,132.0,,1517,0,133.0,134.0,132.0
2012-12-31,0.0,3.1,133.0,,3004,0,129.0,133.0,129.0
2012-12-27,0.0,-1.53,129.0,,2189,0,131.0,132.0,127.0
2012-12-26,0.0,-0.76,131.0,,215,0,132.0,133.0,131.0
2012-12-24,0.0,-3.65,132.0,,1710,0,137.0,133.0,130.0
2012-12-06,0.0,-1.44,137.0,,176,0,139.0,137.0,137.0
2012-12-05,0.0,1.46,139.0,,276,0,137.0,139.0,137.0
2012-12-04,0.0,5.38,137.0,,1033,0,130.0,137.0,132.0
2012-12-03,0.0,-6.47,130.0,,1199,0,139.0,137.0,130.0
2012-12-02,0.0,2.96,139.0,,1525,0,135.0,139.0,137.0
2012-11-29,0.0,0.75,135.0,,124,0,134.0,135.0,135.0
2012-11-28,0.0,-1.47,134.0,,1651,0,136.0,134.0,132.0
2012-11-27,0.0,0.74,136.0,,945,0,135.0,138.0,136.0
2012-11-26,0.0,1.5,135.0,,3069,0,133.0,135.0,133.0
2012-11-25,0.0,0.76,133.0,,4609,0,132.0,133.0,133.0
2012-11-22,0.0,0.0,132.0,,1236,0,132.0,132.0,130.0
2012-11-21,0.0,-1.49,132.0,,300,0,134.0,132.0,132.0
2012-11-20,0.0,0.0,134.0,,411,0,134.0,136.0,134.0
2012-11-18,0.0,3.08,134.0,,306,0,130.0,134.0,132.0
2012-11-12,0.0,-2.99,130.0,,980,0,134.0,132.0,130.0
2012-11-11,0.0,-4.96,134.0,,967,0,141.0,140.0,134.0
2012-11-08,0.0,1.44,141.0,,200,0,139.0,141.0,141.0
2012-11-07,0.0,0.72,139.0,,2005,0,138.0,139.0,136.0
2012-11-06,0.0,4.55,138.0,,646,0,132.0,139.0,134.0
2012-11-05,0.0,1.54,132.0,,430,0,130.0,132.0,132.0
2012-11-04,0.0,0.0,130.0,,62,0,130.0,130.0,130.0
2012-11-01,0.0,1.56,130.0,,68,0,128.0,130.0,128.0
2012-10-31,0.0,2.4,128.0,,419,0,125.0,128.0,127.0
2012-10-30,0.0,0.0,125.0,,11962,0,125.0,125.0,123.0
2012-10-14,0.0,-1.57,125.0,,458,0,127.0,129.0,125.0
2012-10-11,0.0,1.6,127.0,,20,0,125.0,127.0,127.0
2012-10-09,0.0,0.81,125.0,,259,0,124.0,125.0,123.0
2012-10-08,0.0,0.0,124.0,,400,0,124.0,124.0,124.0
2012-10-07,0.0,0.0,124.0,,179,0,124.0,124.0,123.0
2012-10-04,0.0,1.64,124.0,,416,0,122.0,124.0,122.0
2012-10-03,0.0,-2.4,122.0,,863,0,125.0,126.0,122.0
2012-10-02,0.0,2.46,125.0,,652,0,122.0,125.0,121.0
2012-10-01,0.0,0.83,122.0,,538,0,121.0,123.0,122.0
2012-09-30,0.0,-1.63,121.0,,200,0,123.0,121.0,121.0
2012-09-27,0.0,-3.91,123.0,,679,0,128.0,126.0,123.0
2012-09-26,0.0,-1.54,128.0,,54,0,130.0,128.0,128.0
2012-09-23,0.0,1.56,130.0,,136,0,128.0,130.0,130.0
2012-09-20,0.0,0.0,128.0,,68,0,128.0,128.0,126.0
2012-09-19,0.0,0.0,128.0,,300,0,128.0,128.0,128.0
2012-09-17,0.0,0.0,128.0,,455,0,128.0,128.0,126.0
2012-09-16,0.0,-3.03,128.0,,744,0,132.0,130.0,128.0
2012-09-13,0.0,0.76,132.0,,192,0,131.0,132.0,131.0
2012-09-12,0.0,3.15,131.0,,1517,0,127.0,134.0,129.0
2012-09-11,0.0,3.25,127.0,,562,0,123.0,127.0,125.0
2012-09-10,0.0,0.82,123.0,,113,0,122.0,123.0,121.0
2012-09-09,0.0,1.67,122.0,,17,0,120.0,122.0,122.0
2012-09-06,0.0,-3.23,120.0,,6167,0,124.0,122.0,120.0
2012-09-04,0.0,0.0,124.0,,1688,0,124.0,126.0,124.0
2012-09-03,0.0,-1.59,124.0,,182,0,126.0,124.0,124.0
2012-09-02,0.0,1.61,126.0,,2096,0,124.0,126.0,120.0
2012-08-30,0.0,-0.8,124.0,,370,0,125.0,124.0,124.0
2012-08-29,0.0,2.46,125.0,,1791,0,122.0,126.0,120.0
2012-08-28,0.0,-3.17,122.0,,1519,0,126.0,125.0,122.0
2012-08-23,0.0,2.44,126.0,,232,0,123.0,126.0,125.0
2012-08-22,0.0,1.65,123.0,,48,0,121.0,123.0,123.0
2012-08-21,0.0,-1.63,121.0,,223,0,123.0,121.0,121.0
2012-08-19,0.0,-3.91,123.0,,306,0,128.0,126.0,123.0
2012-08-15,0.0,0.79,128.0,,381,0,127.0,128.0,128.0
2012-08-14,0.0,-1.55,127.0,,1046,0,129.0,127.0,127.0
2012-08-12,0.0,0.0,129.0,,279,0,129.0,129.0,127.0
2012-08-05,0.0,-1.53,129.0,,104,0,131.0,129.0,129.0
2012-08-01,0.0,-3.68,131.0,,1016,0,136.0,134.0,131.0
2012-07-25,0.0,-1.45,136.0,,100,0,138.0,136.0,136.0
2012-07-24,0.0,-2.82,138.0,,96,0,142.0,138.0,138.0
2012-07-23,0.0,1.43,142.0,,104,0,140.0,142.0,140.0
2012-07-22,0.0,2.19,140.0,,2603,0,137.0,141.0,138.0
2012-07-19,0.0,4.58,137.0,,1298,0,131.0,137.0,132.0
2012-07-18,0.0,1.55,131.0,,1041,0,129.0,131.0,129.0
2012-07-17,0.0,-2.27,129.0,,2006,0,132.0,130.0,127.0
2012-07-16,0.0,-1.49,132.0,,44,0,134.0,132.0,132.0
2012-07-15,0.0,-0.74,134.0,,110,0,135.0,134.0,134.0
2012-07-12,0.0,-1.46,135.0,,30,0,137.0,135.0,135.0
2012-07-11,0.0,-1.44,137.0,,357,0,139.0,137.0,135.0
2012-07-10,0.0,1.46,139.0,,68,0,137.0,141.0,139.0
2012-07-08,0.0,1.48,137.0,,296,0,135.0,137.0,133.0
2012-07-05,0.0,-2.17,135.0,,344,0,138.0,137.0,135.0
2012-07-03,0.0,2.99,138.0,,769,0,134.0,138.0,136.0
2012-07-01,0.0,-2.9,134.0,,276,0,138.0,136.0,134.0
2012-06-28,0.0,2.99,138.0,,190,0,134.0,138.0,136.0
2012-06-27,0.0,2.29,134.0,,2300,0,131.0,134.0,129.0
2012-06-26,0.0,-6.43,131.0,,2859,0,140.0,138.0,127.0
2012-06-25,0.0,-2.1,140.0,,894,0,143.0,141.0,138.0
2012-06-21,0.0,-1.38,143.0,,100,0,145.0,143.0,143.0
2012-06-19,0.0,-4.61,145.0,,270,0,152.0,149.0,145.0
2012-06-17,0.0,-1.94,152.0,,80,0,155.0,152.0,152.0
2012-06-06,0.0,0.0,155.0,,30,0,155.0,158.0,155.0
2012-06-05,0.0,1.31,155.0,,166,0,153.0,155.0,155.0
2012-06-04,0.0,-1.92,153.0,,56,0,156.0,155.0,153.0
2012-06-03,0.0,-1.89,156.0,,210,0,159.0,156.0,156.0
2012-05-29,0.0,-3.64,159.0,,510,0,165.0,162.0,159.0
2012-05-27,0.0,-3.51,165.0,,100,0,171.0,168.0,165.0
2012-05-24,0.0,1.79,171.0,,200,0,168.0,171.0,165.0
2012-05-21,0.0,2.44,168.0,,2108,0,164.0,168.0,164.0
2012-05-20,0.0,-1.8,164.0,,268,0,167.0,170.0,161.0
2012-05-17,0.0,0.0,167.0,,1510,0,167.0,170.0,167.0
2012-05-16,0.0,-1.76,167.0,,514,0,170.0,167.0,167.0
2012-05-15,0.0,9.68,170.0,,1454,0,155.0,170.0,158.0
2012-05-14,0.0,-4.91,155.0,,502,0,163.0,165.0,155.0
2012-05-13,0.0,-3.55,163.0,,232,0,169.0,166.0,163.0
2012-05-10,0.0,-8.15,169.0,,1586,0,184.0,186.0,166.0
2012-05-09,0.0,8.88,184.0,,7434,0,169.0,185.0,172.0
2012-05-08,0.0,9.74,169.0,,4290,0,154.0,169.0,154.0
2012-05-03,0.0,4.76,154.0,,60,0,147.0,154.0,149.0
2012-05-02,0.0,6.52,147.0,,3794,0,138.0,151.0,140.0
2012-04-30,0.0,1.47,138.0,,10,0,136.0,138.0,138.0
2012-04-29,0.0,6.25,136.0,,360,0,128.0,136.0,130.0
2012-04-26,0.0,9.4,128.0,,4870,0,117.0,128.0,119.0
2012-04-22,0.0,5.41,117.0,,30,0,111.0,117.0,113.0
2012-04-19,0.0,3.74,111.0,,20,0,107.0,111.0,109.0
2012-04-16,0.0,4.9,107.0,,70,0,102.0,107.0,107.0
2012-04-12,0.0,-1.92,102.0,,248,0,104.0,102.0,102.0
2012-04-10,0.0,-0.95,104.0,,3916,0,105.0,104.0,104.0
2012-04-08,0.0,-4.55,105.0,,1110,0,110.0,108.0,105.0
2012-04-05,0.0,0.0,110.0,,142,0,110.0,110.0,110.0
2012-04-04,0.0,1.85,110.0,,176,0,108.0,110.0,110.0
2012-04-02,0.0,1.89,108.0,,690,0,106.0,108.0,108.0
2012-03-29,0.0,-1.85,106.0,,360,0,108.0,106.0,106.0
2012-03-28,0.0,0.93,108.0,,3729,0,107.0,108.0,107.0
2012-03-27,0.0,0.0,107.0,,3000,0,107.0,107.0,107.0
2012-03-26,0.0,-0.93,107.0,,1550,0,108.0,111.0,106.0
2012-03-25,0.0,1.89,108.0,,250,0,106.0,108.0,108.0
2012-03-18,0.0,-0.93,106.0,,152,0,107.0,107.0,106.0
2012-03-12,0.0,0.0,107.0,,1345,0,107.0,108.0,106.0
2012-03-11,0.0,-4.46,107.0,,1791,0,112.0,110.0,107.0
2012-03-06,0.0,3.7,112.0,,1360,0,108.0,112.0,110.0
2012-03-01,0.0,1.89,108.0,,200,0,106.0,108.0,108.0
2012-02-29,0.0,0.0,106.0,,100,0,106.0,106.0,106.0
2012-02-27,0.0,0.95,106.0,,2080,0,105.0,107.0,105.0
2012-02-26,0.0,-2.78,105.0,,414,0,108.0,106.0,105.0
2012-02-23,0.0,1.89,108.0,,264,0,106.0,108.0,108.0
2012-02-13,0.0,-2.75,106.0,,1438,0,109.0,108.0,106.0
2012-02-12,0.0,-0.91,109.0,,300,0,110.0,109.0,109.0
2012-02-07,0.0,1.85,110.0,,42,0,108.0,110.0,110.0
2012-02-06,0.0,-3.57,108.0,,2260,0,112.0,110.0,108.0
2012-02-02,0.0,-1.75,112.0,,410,0,114.0,114.0,112.0
2012-02-01,0.0,0.0,114.0,,110,0,114.0,115.0,114.0
2012-01-31,0.0,1.79,114.0,,40,0,112.0,114.0,114.0
2012-01-29,0.0,1.82,112.0,,923,0,110.0,113.0,112.0
2012-01-26,0.0,-1.79,110.0,,4290,0,112.0,112.0,110.0
2012-01-23,0.0,-3.45,112.0,,88,0,116.0,114.0,112.0
2012-01-22,0.0,2.65,116.0,,654,0,113.0,116.0,115.0
2012-01-17,0.0,-1.74,113.0,,1936,0,115.0,115.0,113.0
2012-01-16,0.0,0.0,115.0,,132,0,115.0,115.0,115.0
2012-01-12,0.0,0.0,115.0,,530,0,115.0,116.0,115.0
2012-01-10,0.0,9.52,115.0,,390,0,105.0,115.0,107.0
2012-01-08,0.0,-3.67,105.0,,671,0,109.0,107.0,105.0
2012-01-05,0.0,-3.54,109.0,,510,0,113.0,111.0,109.0
2012-01-04,0.0,-1.74,113.0,,40,0,115.0,113.0,113.0
2012-01-02,0.0,0.0,115.0,,972,0,115.0,115.0,115.0
2012-01-01,0.0,-15.83,101.0,,1000,0,120.0,101.0,101.0
