DATE,CHANGE,CHANGE %,CLOSE,TURNOVER,VOLUME,TRADE,OPEN,HIGH,LOW
2026-05-08,49.9,4.66,1119.9,4.23,385,11,1080.0,1130.0,1080.0
2026-05-07,9.9,0.93,1070.0,,63,3,1065.0,1070.0,1065.0
2026-05-06,-1.0,-0.09,1060.1,,90,6,1061.0,1065.0,1060.1
2026-05-05,-1.2,-0.11,1061.1,1.7,160,3,1070.0,1070.0,1061.1
2026-05-04,-30.7,-2.81,1062.3,1.17,110,6,1080.0,1080.0,1062.3
2026-04-30,-1.0,-0.09,1093.0,2.97,279,14,1080.0,1093.0,1062.4
2026-04-29,-7.0,-0.64,1094.0,22.48,2097,37,1101.0,1101.0,1068.3
2026-04-28,-27.0,-2.39,1101.0,6.95,631,15,1128.0,1105.0,1097.0
2026-04-27,11.0,0.98,1128.0,,21,3,1117.0,1128.0,1100.0
2026-04-24,9.9,0.89,1117.0,5.61,508,12,1138.9,1138.9,1085.0
2026-04-23,2.1,0.19,1107.1,1.37,124,6,1106.1,1107.1,1106.0
2026-04-22,-38.2,-3.34,1105.0,11.31,1021,31,1110.0,1135.0,1105.0
2026-04-21,3.2,0.28,1143.2,2.38,213,13,1110.1,1143.2,1110.0
2026-04-20,0.0,0.0,1140.0,,50,2,1140.0,1140.0,1140.0
2026-04-17,-15.0,-1.3,1140.0,4.64,407,15,1155.0,1155.0,1133.0
2026-04-16,1.0,0.09,1155.0,4.46,392,14,1135.1,1155.0,1134.5
2026-04-15,9.0,0.79,1154.0,,66,5,1167.0,1167.0,1152.6
2026-04-13,8.6,0.76,1145.0,6.6,578,12,1126.3,1167.0,1126.3
2026-04-10,-4.6,-0.4,1136.4,1.55,137,7,1130.0,1153.7,1130.0
2026-04-09,-5.0,-0.44,1141.0,4.14,361,12,1146.0,1162.8,1137.0
2026-04-08,21.0,1.87,1146.0,3.59,311,14,1147.0,1169.9,1146.0
2026-04-07,-15.0,-1.32,1125.0,17.0,1509,26,1162.8,1162.8,1108.6
2026-04-06,32.5,2.93,1140.0,5.09,448,14,1124.9,1150.0,1124.9
2026-04-05,-44.5,-3.86,1107.5,15.86,1422,32,1135.0,1135.0,1107.0
2026-04-02,-18.0,-1.54,1152.0,5.5,475,21,1168.8,1170.0,1150.0
2026-04-01,-20.0,-1.68,1170.0,5.95,508,14,1166.9,1189.0,1160.0
2026-03-31,12.8,1.09,1190.0,9.63,822,16,1193.0,1193.0,1169.0
2026-03-30,-28.2,-2.34,1177.2,8.87,746,20,1205.4,1225.0,1177.2
2026-03-29,-28.6,-2.32,1205.4,26.35,2147,50,1258.6,1280.0,1205.4
2026-03-26,4.0,0.33,1234.0,9.28,759,24,1220.0,1234.0,1202.0
2026-03-25,-15.0,-1.2,1230.0,23.39,1898,25,1245.0,1245.0,1230.0
2026-03-24,-7.0,-0.56,1245.0,3.14,253,19,1230.0,1250.0,1230.0
2026-03-23,-28.0,-2.19,1252.0,28.86,2300,54,1280.0,1303.0,1229.2
2026-03-22,83.0,6.93,1280.0,45.26,3633,91,1205.0,1285.0,1200.0
2026-03-19,32.0,2.75,1197.0,11.55,979,31,1164.0,1200.0,1156.2
2026-03-17,-6.0,-0.51,1165.0,9.04,780,21,1170.0,1171.0,1150.1
2026-03-16,-22.5,-1.89,1171.0,9.01,758,16,1213.0,1214.9,1170.0
2026-03-15,16.5,1.4,1193.5,18.99,1601,22,1185.0,1194.0,1168.1
2026-03-12,7.0,0.6,1177.0,26.74,2262,17,1162.0,1184.9,1162.0
2026-03-11,-4.9,-0.42,1170.0,24.23,2063,18,1170.0,1184.0,1167.0
2026-03-10,41.9,3.7,1174.9,36.31,3080,62,1155.6,1200.0,1155.0
2026-03-03,17.0,1.52,1133.0,2.39,214,13,1112.1,1133.0,1112.1
2026-03-01,13.6,1.23,1116.0,4.73,424,17,1100.0,1122.0,1100.0
2026-02-26,-17.6,-1.57,1102.4,13.86,1252,23,1107.0,1157.9,1100.0
2026-02-25,0.0,0.0,1120.0,5.29,469,10,1130.0,1135.0,1120.0
2026-02-24,12.5,1.13,1120.0,1.82,165,8,1100.2,1120.0,1100.2
2026-02-23,-3.7,-0.33,1107.5,8.27,746,10,1103.6,1115.0,1103.5
2026-02-22,-12.8,-1.14,1111.2,4.91,440,19,1124.0,1124.0,1111.2
2026-02-17,-18.0,-1.58,1124.0,14.7,1303,25,1136.0,1142.0,1120.2
2026-02-16,7.0,0.62,1142.0,1.91,165,7,1157.0,1170.0,1142.0
2026-02-12,5.0,0.44,1135.0,2.81,246,11,1152.0,1152.0,1135.0
2026-02-11,-35.0,-3.0,1130.0,43.52,3850,39,1179.9,1179.9,1127.0
2026-02-10,-5.0,-0.43,1165.0,13.67,1192,19,1150.0,1165.0,1142.0
2026-02-09,5.0,0.43,1170.0,10.53,914,16,1156.0,1179.0,1148.1
2026-02-08,-13.0,-1.1,1165.0,36.95,3177,21,1175.0,1180.0,1156.1
2026-02-05,-6.0,-0.51,1178.0,22.25,1906,34,1184.0,1184.0,1162.2
2026-02-04,0.0,0.0,1184.0,16.74,1419,27,1160.4,1207.6,1160.1
2026-02-03,4.0,0.34,1184.0,9.08,777,17,1179.5,1184.0,1164.1
2026-02-02,1.0,0.08,1180.0,7.34,629,13,1174.5,1180.0,1165.3
2026-02-01,-10.9,-0.92,1179.0,18.67,1598,34,1170.1,1179.9,1167.0
2026-01-29,5.9,0.5,1189.9,13.74,1165,27,1161.0,1195.0,1161.0
2026-01-28,4.0,0.34,1184.0,15.18,1293,27,1180.0,1185.0,1170.0
2026-01-27,-25.0,-2.07,1180.0,10.79,905,29,1229.0,1229.0,1170.0
2026-01-26,-3.0,-0.25,1205.0,17.64,1489,40,1208.0,1208.0,1161.0
2026-01-25,20.0,1.68,1208.0,22.97,1920,31,1200.0,1208.0,1181.3
2026-01-22,9.0,0.76,1188.0,6.66,570,12,1170.0,1188.0,1162.1
2026-01-21,-1.0,-0.08,1179.0,8.44,722,16,1190.0,1200.0,1165.0
2026-01-20,-4.0,-0.34,1180.0,12.67,1065,23,1170.0,1207.0,1170.0
2026-01-18,25.0,2.16,1184.0,14.42,1220,32,1167.0,1191.1,1165.0
2026-01-14,1.0,0.09,1159.0,23.26,2042,28,1146.0,1159.0,1136.2
2026-01-13,-6.9,-0.59,1158.0,6.45,563,25,1145.0,1167.9,1143.2
2026-01-12,-20.0,-1.69,1164.9,15.8,1369,28,1169.0,1177.9,1146.0
2026-01-08,4.9,0.42,1184.9,6.67,574,15,1179.0,1184.9,1156.0
2026-01-07,0.0,0.0,1180.0,22.16,1926,37,1185.8,1186.0,1134.0
2026-01-06,7.0,0.6,1180.0,10.13,876,27,1173.0,1189.0,1143.0
2026-01-05,-4.0,-0.34,1173.0,10.85,923,21,1156.0,1185.0,1150.0
2026-01-04,-1.0,-0.08,1177.0,5.45,471,14,1178.0,1178.0,1154.5
2026-01-01,-1.9,-0.16,1178.0,1.89,164,9,1156.4,1178.0,1156.0
2025-12-31,0.9,0.08,1179.9,14.39,1226,33,1179.0,1194.0,1155.5
2025-12-29,2.0,0.17,1179.0,4.72,410,18,1160.9,1179.0,1138.1
2025-12-28,8.0,0.68,1177.0,8.49,734,19,1150.0,1178.0,1149.1
2025-12-24,-5.8,-0.49,1169.0,11.12,965,24,1152.0,1170.0,1140.0
2025-12-23,-2.2,-0.19,1174.8,7.22,626,9,1153.5,1175.0,1136.0
2025-12-22,-3.0,-0.25,1177.0,1.58,137,9,1161.0,1179.0,1133.9
2025-12-21,-3.0,-0.25,1180.0,16.53,1403,17,1200.0,1205.8,1160.0
2025-12-18,-2.0,-0.17,1183.0,9.94,847,16,1190.0,1190.0,1165.2
2025-12-17,-5.0,-0.42,1185.0,14.23,1202,25,1190.0,1190.1,1173.5
2025-12-16,6.0,0.51,1190.0,11.02,931,16,1199.0,1199.0,1175.0
2025-12-15,4.0,0.34,1184.0,4.73,405,13,1165.6,1186.0,1165.5
2025-12-14,-4.8,-0.41,1180.0,9.02,760,13,1208.0,1208.4,1166.3
2025-12-11,-9.2,-0.77,1184.8,5.86,501,19,1170.2,1188.6,1165.3
2025-12-10,-3.0,-0.25,1194.0,8.95,753,14,1192.0,1194.0,1175.0
2025-12-09,-2.9,-0.24,1197.0,6.97,587,17,1177.1,1197.0,1176.0
2025-12-08,19.9,1.69,1199.9,8.66,729,16,1202.5,1202.5,1155.0
2025-12-07,-40.0,-3.28,1180.0,13.87,1153,18,1219.0,1220.0,1180.0
2025-12-03,0.0,0.0,1220.0,10.66,887,25,1195.6,1223.5,1185.0
2025-12-02,1.0,0.08,1220.0,2.13,176,8,1230.0,1230.0,1200.0
2025-12-01,-3.0,-0.25,1219.0,6.27,522,13,1222.0,1222.0,1199.0
2025-11-30,-45.0,-3.55,1222.0,17.06,1400,42,1241.7,1242.1,1200.0
2025-11-27,25.5,2.05,1267.0,25.21,2019,54,1259.9,1308.0,1192.4
2025-11-26,40.4,3.36,1241.5,39.52,3261,55,1195.0,1272.9,1179.0
2025-11-25,20.1,1.7,1201.1,23.48,1924,57,1180.5,1277.0,1180.5
2025-11-24,31.0,2.7,1181.0,15.01,1278,21,1171.0,1181.0,1165.0
2025-11-23,2.4,0.21,1150.0,19.41,1681,29,1165.0,1169.0,1142.5
2025-11-20,12.6,1.11,1147.6,24.1,2149,23,1147.0,1148.0,1120.0
2025-11-19,-7.7,-0.67,1135.0,6.9,615,11,1122.1,1139.0,1120.0
2025-11-18,20.7,1.84,1142.7,15.54,1385,20,1122.0,1142.7,1120.0
2025-11-17,-18.0,-1.58,1122.0,6.62,590,17,1120.3,1140.0,1120.3
2025-11-16,-10.0,-0.87,1140.0,6.22,548,18,1161.5,1172.0,1118.0
2025-11-13,11.0,0.97,1150.0,4.35,388,16,1120.0,1150.0,1095.0
2025-11-12,-23.0,-1.98,1139.0,3.87,340,3,1142.0,1142.0,1139.0
2025-11-11,7.0,0.61,1162.0,1.59,140,4,1136.0,1162.0,1136.0
2025-11-10,-2.7,-0.23,1155.0,16.32,1438,23,1150.0,1155.0,1127.0
2025-11-09,-23.2,-1.96,1157.7,5.72,497,20,1199.9,1199.9,1135.0
2025-11-06,-7.1,-0.6,1180.9,9.81,841,21,1166.0,1180.9,1164.0
2025-11-05,-11.8,-0.98,1188.0,4.67,400,15,1180.0,1188.0,1157.1
2025-11-04,0.1,0.01,1199.8,8.45,715,15,1181.0,1199.8,1180.0
2025-11-03,-7.8,-0.65,1199.7,3.72,312,8,1231.0,1231.0,1182.0
2025-11-02,28.5,2.42,1207.5,9.71,813,29,1202.5,1225.0,1188.0
2025-10-30,37.0,3.24,1179.0,19.03,1637,44,1130.0,1194.0,1120.0
2025-10-29,-5.7,-0.5,1142.0,6.99,617,14,1126.0,1167.0,1126.0
2025-10-28,19.1,1.69,1147.7,8.23,732,12,1111.0,1149.7,1111.0
2025-10-26,-0.4,-0.04,1128.6,14.34,1319,41,1106.5,1128.6,1067.2
2025-10-19,5.0,0.44,1129.0,10.26,930,37,1146.4,1146.4,1059.0
2025-10-16,-24.0,-2.09,1124.0,4.1,364,9,1128.0,1146.9,1124.0
2025-10-15,-2.0,-0.17,1148.0,11.08,979,13,1127.1,1148.5,1105.0
2025-10-14,-4.9,-0.42,1150.0,3.36,296,12,1134.0,1150.0,1131.9
2025-10-13,-5.1,-0.44,1154.9,5.88,517,19,1137.2,1159.5,1135.0
2025-10-12,-13.0,-1.11,1160.0,33.35,2927,56,1150.1,1160.0,1127.0
2025-10-09,3.0,0.26,1173.0,5.14,432,14,1193.4,1217.2,1173.0
2025-10-08,-44.8,-3.69,1170.0,13.94,1192,25,1190.7,1190.7,1166.9
2025-10-07,-0.2,-0.02,1214.8,10.73,900,17,1200.0,1214.8,1190.5
2025-09-28,-10.0,-0.82,1215.0,10.08,837,7,1205.1,1215.0,1201.0
2025-09-25,15.0,1.24,1225.0,,20,2,1224.0,1225.0,1224.0
2025-09-24,-20.0,-1.63,1210.0,12.74,1066,24,1206.0,1210.0,1190.0
2025-09-23,30.5,2.54,1230.0,7.46,610,10,1217.0,1230.0,1217.0
2025-09-21,35.4,3.04,1199.5,6.63,558,18,1187.0,1203.0,1179.0
2025-09-18,-23.71,-2.0,1164.1,,10,1,1164.1,1164.1,1164.1
2025-09-08,-13.79,-1.15,1187.81,9.46,798,21,1198.0,1198.0,1185.0
2025-09-07,5.84,0.49,1201.6,9.6,800,18,1195.76,1210.0,1195.76
2025-09-04,-19.29,-1.59,1195.76,14.71,1233,24,1196.0,1200.0,1190.9
2025-09-03,14.85,1.24,1215.05,3.0,250,20,1200.0,1224.0,1192.1
2025-09-02,-25.09,-2.05,1200.2,54.38,4513,53,1210.0,1234.2,1200.0
2025-09-01,6.32,0.52,1225.29,51.52,4230,41,1218.0,1289.8,1201.3
2025-08-31,-31.43,-2.51,1218.97,57.2,4654,74,1275.0,1275.0,1210.0
2025-08-28,-47.5,-3.66,1250.4,41.77,3305,40,1280.0,1318.0,1245.9
2025-08-27,22.12,1.73,1297.9,3.13,245,10,1251.3,1299.9,1251.3
2025-08-26,-4.16,-0.33,1275.78,9.25,721,15,1305.0,1305.0,1272.5
2025-08-25,25.24,2.01,1279.94,23.3,1828,37,1265.0,1280.0,1265.0
2025-08-24,-8.66,-0.69,1254.7,9.85,778,23,1264.0,1288.6,1254.1
2025-08-21,-61.64,-4.65,1263.36,,7887,84,1325.0,1325.0,1258.0
2025-08-20,0.39,0.03,1325.0,13.41,1031,31,1299.0,1325.0,1298.5
2025-08-19,-0.39,-0.03,1324.61,6.6,497,19,1325.0,1348.9,1316.0
2025-08-18,5.0,0.38,1325.0,5.45,416,11,1338.9,1338.9,1301.3
2025-08-17,-26.15,-1.94,1320.0,9.8,734,15,1365.0,1365.0,1320.0
2025-08-14,-4.85,-0.36,1346.15,5.57,414,15,1374.0,1374.0,1327.0
2025-08-13,-5.06,-0.37,1351.0,16.77,1235,20,1380.0,1380.0,1348.0
2025-08-12,-16.92,-1.23,1356.06,12.63,932,19,1350.0,1376.3,1350.0
2025-08-11,-17.32,-1.25,1372.98,33.27,2426,17,1385.1,1389.9,1370.0
2025-08-07,5.3,0.38,1390.3,36.09,2604,54,1400.0,1419.0,1371.0
2025-08-06,6.44,0.47,1385.0,37.55,2693,35,1361.3,1409.0,1352.0
2025-08-05,6.56,0.48,1378.56,33.7,2433,45,1399.0,1399.0,1372.0
2025-08-04,14.22,1.05,1372.0,15.4,1125,28,1384.0,1400.0,1338.0
2025-08-03,-20.99,-1.52,1357.78,32.53,2382,22,1403.9,1403.9,1356.0
2025-07-31,-5.41,-0.39,1378.77,46.92,3394,33,1411.8,1411.8,1375.0
2025-07-30,-48.09,-3.36,1384.18,23.72,1694,42,1430.0,1430.0,1380.1
2025-07-29,4.27,0.3,1432.27,62.48,4300,89,1448.0,1485.0,1423.0
2025-07-28,20.13,1.43,1428.0,34.71,2487,52,1407.87,1428.0,1385.1
2025-07-27,-20.85,-1.46,1407.87,,12048,78,1452.9,1452.9,1400.0
2025-07-24,-12.18,-0.85,1428.72,34.19,2379,32,1440.9,1460.0,1415.1
2025-07-23,-6.3,-0.44,1440.9,87.72,6084,44,1470.0,1470.0,1413.0
2025-07-22,55.45,3.98,1447.2,77.69,5367,98,1419.5,1484.0,1404.0
2025-07-21,5.08,0.37,1391.75,56.67,4097,39,1370.0,1410.6,1370.0
2025-07-20,-5.76,-0.41,1386.67,28.36,2011,43,1400.0,1447.0,1381.0
2025-07-17,8.14,0.59,1392.43,34.07,2431,34,1410.9,1430.0,1391.0
2025-07-16,20.48,1.5,1384.29,18.07,1312,33,1390.0,1400.0,1355.0
2025-07-15,-18.69,-1.35,1363.81,15.19,1121,28,1360.1,1369.9,1332.3
2025-07-14,-4.75,-0.34,1382.5,13.74,1002,25,1410.0,1410.0,1360.0
2025-07-13,67.25,5.09,1387.25,83.82,6061,111,1346.4,1417.0,1325.0
2025-07-10,28.57,2.21,1320.0,11.05,840,17,1293.2,1344.9,1293.2
2025-07-09,6.25,0.49,1291.43,14.35,1098,22,1285.0,1327.0,1285.0
2025-07-08,-25.95,-1.98,1285.18,4.86,378,9,1311.13,1311.13,1285.0
2025-07-07,12.82,0.99,1311.13,37.69,2954,26,1298.0,1322.9,1272.1
2025-07-06,-34.34,-2.58,1298.31,5.55,425,20,1354.9,1354.9,1291.1
2025-07-03,10.55,0.8,1332.65,37.7,2898,50,1300.0,1350.0,1270.0
2025-07-02,-10.2,-0.77,1322.1,12.54,957,20,1355.0,1355.0,1303.0
2025-07-01,61.3,4.82,1332.3,29.41,2241,67,1270.0,1345.0,1270.0
2025-06-30,39.19,3.18,1271.0,8.09,644,11,1255.3,1276.5,1230.0
2025-06-29,-9.19,-0.74,1231.81,9.24,753,21,1221.1,1254.3,1216.2
2025-06-26,0.64,0.05,1241.0,,67,2,1241.0,1241.0,1241.0
2025-06-25,-5.15,-0.41,1240.36,7.89,635,13,1233.0,1256.0,1233.0
2025-06-24,-28.49,-2.24,1245.51,15.9,1271,31,1295.0,1295.9,1230.0
2025-06-23,4.1,0.32,1274.0,2.68,214,9,1251.0,1274.0,1251.0
2025-06-22,-4.18,-0.33,1269.9,,16783,24,1250.0,1299.5,1250.0
2025-06-19,-39.62,-3.02,1274.08,18.84,1481,36,1288.0,1288.0,1262.0
2025-06-18,13.7,1.05,1313.7,14.4,1128,23,1325.0,1325.0,1266.0
2025-06-17,0.42,0.03,1300.0,12.34,953,16,1318.9,1318.9,1290.6
2025-06-16,12.38,0.96,1299.58,11.17,869,23,1300.0,1324.0,1277.0
2025-06-15,-25.8,-1.96,1287.2,14.26,1109,21,1290.0,1338.9,1270.0
2025-06-12,13.1,1.01,1313.0,17.25,1331,31,1282.0,1323.0,1278.0
2025-06-11,-25.2,-1.9,1299.9,32.35,2484,30,1351.0,1358.0,1280.0
2025-06-10,-17.52,-1.3,1325.1,24.46,1835,37,1342.9,1358.9,1321.0
2025-06-09,-26.68,-1.95,1342.62,26.31,1982,45,1343.0,1344.9,1318.1
2025-06-08,23.3,1.73,1369.3,,60,5,1370.0,1370.0,1327.3
2025-06-05,-48.4,-3.47,1346.0,4.3,319,7,1368.0,1368.0,1345.0
2025-06-04,21.04,1.53,1394.4,13.37,969,20,1399.7,1400.0,1350.0
2025-06-03,-49.47,-3.48,1373.36,3.22,233,9,1394.4,1410.0,1368.0
2025-06-02,49.9,3.63,1422.83,9.48,690,26,1400.0,1427.9,1345.0
2025-05-28,1.93,0.14,1372.93,4.05,298,14,1371.0,1396.0,1348.1
2025-05-27,-47.0,-3.31,1371.0,11.84,866,23,1389.8,1390.1,1362.1
2025-05-26,1.79,0.13,1418.0,17.25,1221,32,1444.5,1454.9,1381.4
2025-05-25,23.39,1.68,1416.21,26.56,1891,35,1399.9,1448.8,1376.2
2025-05-22,22.82,1.67,1392.82,25.46,1791,45,1397.0,1499.3,1391.0
2025-05-21,-5.0,-0.36,1370.0,10.83,780,14,1402.5,1425.0,1370.0
2025-05-20,0.0,0.0,1375.0,4.86,354,10,1375.0,1402.5,1350.2
2025-05-19,39.58,2.96,1375.0,3.49,257,11,1360.0,1386.0,1333.4
2025-05-18,-13.58,-1.01,1335.42,11.54,848,19,1323.0,1400.0,1322.2
2025-05-15,1.89,0.14,1349.0,19.26,1435,27,1370.0,1374.0,1322.0
2025-05-14,-27.79,-2.02,1347.11,19.01,1405,29,1399.0,1399.0,1336.0
2025-05-13,-10.1,-0.73,1374.9,4.91,361,11,1385.0,1385.0,1358.0
2025-05-11,7.23,0.52,1385.0,1.52,110,5,1405.0,1405.0,1377.0
2025-05-08,-44.23,-3.11,1377.77,6.93,498,13,1400.0,1400.0,1371.1
2025-05-07,73.0,5.41,1422.0,21.96,1637,47,1330.0,1445.0,1304.0
2025-05-06,4.0,0.3,1349.0,5.53,411,13,1345.0,1363.9,1336.8
2025-05-05,-8.5,-0.63,1345.0,7.21,543,21,1350.0,1350.0,1321.0
2025-05-04,-0.5,-0.04,1353.5,18.62,1400,27,1360.0,1360.0,1310.0
2025-04-30,-1.1,-0.08,1354.0,17.5,1313,29,1340.0,1365.0,1328.0
2025-04-29,-44.89,-3.21,1355.1,9.22,673,19,1373.9,1380.0,1352.4
2025-04-28,7.17,0.51,1399.99,4.97,357,11,1385.0,1400.0,1385.0
2025-04-27,-10.68,-0.76,1392.82,11.3,813,37,1400.0,1428.0,1370.2
2025-04-24,-25.5,-1.78,1403.5,11.77,840,16,1415.0,1425.0,1401.0
2025-04-23,13.22,0.93,1429.0,5.36,382,11,1400.0,1429.0,1400.0
2025-04-22,-19.22,-1.34,1415.78,15.95,1123,31,1425.0,1440.0,1406.3
2025-04-21,-15.26,-1.05,1435.0,2.49,174,5,1430.0,1435.0,1428.6
2025-04-20,-27.74,-1.88,1450.26,11.09,767,19,1504.0,1504.0,1435.0
2025-04-17,19.0,1.3,1478.0,3.98,273,10,1484.9,1484.9,1455.3
2025-04-16,-7.0,-0.48,1459.0,2.47,170,11,1494.7,1494.7,1440.0
2025-04-15,22.5,1.56,1466.0,4.28,293,8,1470.0,1471.0,1460.0
2025-04-13,-25.5,-1.74,1443.5,6.51,450,18,1469.0,1498.0,1440.0
2025-04-10,-6.9,-0.47,1469.0,5.95,409,11,1447.0,1475.0,1447.0
2025-04-09,26.57,1.83,1475.9,,30,2,1477.0,1477.0,1475.9
2025-04-08,4.13,0.29,1449.33,10.66,743,32,1445.2,1470.0,1418.0
2025-04-07,-21.3,-1.45,1445.2,9.81,675,24,1490.0,1490.0,1437.2
2025-04-03,-13.5,-0.91,1466.5,10.61,715,23,1509.6,1535.8,1462.0
2025-04-02,8.52,0.58,1480.0,4.18,280,10,1461.0,1528.0,1461.0
2025-04-01,-40.72,-2.69,1471.48,15.63,1070,19,1515.0,1519.0,1455.0
2025-03-30,14.03,0.94,1512.2,18.42,1221,24,1522.0,1522.0,1498.0
2025-03-27,43.3,2.98,1498.17,22.67,1521,35,1470.0,1528.3,1451.0
2025-03-26,27.48,1.93,1454.87,12.73,886,17,1449.1,1455.9,1425.0
2025-03-25,-52.09,-3.52,1427.39,24.47,1706,56,1454.8,1460.0,1421.0
2025-03-24,-15.52,-1.04,1479.48,6.81,457,17,1495.0,1496.0,1476.2
2025-03-23,-5.2,-0.35,1495.0,9.55,647,16,1500.2,1500.2,1470.0
2025-03-20,-18.8,-1.24,1500.2,8.85,590,21,1502.1,1510.0,1500.1
2025-03-19,-14.0,-0.91,1519.0,36.9,2450,38,1513.0,1519.0,1500.2
2025-03-18,26.9,1.79,1533.0,12.66,823,26,1536.0,1588.0,1509.0
2025-03-17,-23.8,-1.56,1506.1,12.35,815,23,1560.3,1560.3,1506.0
2025-03-16,-40.7,-2.59,1529.9,19.77,1300,37,1600.0,1600.0,1512.0
2025-03-12,-15.4,-0.97,1570.6,13.77,874,26,1570.0,1588.5,1570.0
2025-03-11,-9.5,-0.6,1586.0,5.85,371,17,1617.0,1617.0,1564.3
2025-03-10,-3.5,-0.22,1595.5,16.31,1038,34,1577.0,1608.5,1560.0
2025-03-09,-1.0,-0.06,1599.0,35.3,2239,50,1628.9,1628.9,1568.0
2025-03-06,-20.0,-1.23,1600.0,50.23,3153,56,1652.4,1652.4,1571.1
2025-03-05,-25.9,-1.57,1620.0,62.74,3907,83,1660.0,1660.0,1586.0
2025-03-04,-14.1,-0.85,1645.9,59.7,3666,87,1660.0,1660.0,1595.0
2025-03-03,-51.0,-2.98,1660.0,67.23,4028,89,1739.0,1739.0,1650.0
2025-03-02,20.8,1.23,1711.0,34.0,1997,48,1722.3,1722.3,1688.0
2025-02-27,0.2,0.01,1690.2,52.81,3100,50,1705.0,1725.0,1690.2
2025-02-25,-10.0,-0.59,1690.0,,13248,54,1695.0,1733.0,1666.0
2025-02-24,-25.0,-1.45,1700.0,31.81,1850,46,1757.0,1775.0,1700.0
2025-02-23,-11.2,-0.65,1725.0,67.73,3901,75,1702.0,1770.0,1668.0
2025-02-20,-56.8,-3.17,1736.2,66.41,3776,70,1793.0,1793.0,1736.2
2025-02-18,-31.0,-1.7,1793.0,87.4,4876,111,1860.4,1860.4,1736.0
2025-02-17,119.0,6.98,1824.0,,27143,386,1739.1,1840.0,1710.1
2025-02-16,80.0,4.92,1705.0,,14857,126,1657.0,1714.0,1624.0
2025-02-13,-30.0,-1.81,1625.0,44.49,2740,51,1623.0,1668.0,1600.0
2025-02-12,-25.0,-1.49,1655.0,20.49,1229,25,1680.0,1700.0,1655.0
2025-02-11,50.1,3.07,1680.0,,8597,68,1630.0,1690.0,1625.0
2025-02-10,-10.1,-0.62,1629.9,24.62,1516,32,1672.0,1700.0,1620.0
2025-02-09,-10.0,-0.61,1640.0,14.2,864,27,1679.0,1679.0,1618.4
2025-02-06,-5.0,-0.3,1650.0,57.32,3491,64,1624.3,1688.0,1618.0
2025-02-05,-42.5,-2.5,1655.0,36.23,2184,41,1670.0,1690.0,1650.0
2025-02-04,-2.5,-0.15,1697.5,39.77,2349,56,1734.0,1768.6,1668.5
2025-02-03,12.0,0.71,1700.0,72.42,4244,86,1700.0,1749.0,1672.0
2025-02-02,79.1,4.92,1688.0,,6737,108,1634.0,1690.0,1602.0
2025-01-28,-18.9,-1.16,1608.9,21.03,1312,32,1630.0,1630.0,1600.0
2025-01-27,-1.6,-0.1,1627.8,21.89,1353,41,1661.0,1661.0,1595.4
2025-01-26,-0.6,-0.04,1629.4,46.75,2895,59,1610.0,1655.9,1600.0
2025-01-23,30.0,1.88,1630.0,28.96,1802,35,1632.0,1632.0,1576.0
2025-01-22,20.0,1.27,1600.0,38.52,2428,45,1611.6,1613.0,1580.0
2025-01-21,-34.0,-2.11,1580.0,33.67,2131,50,1601.0,1601.0,1568.1
2025-01-20,24.0,1.51,1614.0,19.54,1222,28,1585.0,1646.0,1583.0
2025-01-19,-10.0,-0.62,1590.0,37.14,2338,55,1600.0,1628.0,1571.0
2025-01-16,-21.0,-1.3,1600.0,24.34,1519,44,1620.0,1620.0,1595.3
2025-01-15,-15.9,-0.97,1621.0,,11916,27,1635.0,1650.0,1621.0
2025-01-13,-3.1,-0.19,1636.9,72.07,4374,57,1649.0,1703.9,1612.0
2025-01-12,-40.0,-2.38,1640.0,68.86,4217,56,1648.4,1650.1,1619.0
2025-01-09,0.0,0.0,1680.0,35.68,2146,50,1712.0,1712.0,1645.0
2025-01-08,78.0,4.87,1680.0,,8863,122,1634.0,1690.0,1601.4
2025-01-07,-39.0,-2.38,1602.0,50.39,3102,49,1641.0,1670.0,1583.0
2025-01-06,37.0,2.31,1641.0,57.4,3504,58,1635.0,1659.0,1607.0
2025-01-05,2.0,0.12,1604.0,19.32,1204,26,1634.0,1634.0,1594.0
2025-01-02,0.0,0.0,1602.0,31.29,1941,30,1603.0,1648.9,1590.1
2025-01-01,0.0,0.0,1602.0,41.66,2567,41,1603.0,1660.0,1592.2
2024-12-31,-59.9,-3.6,1602.0,17.21,1062,28,1650.0,1650.0,1596.4
2024-12-29,25.9,1.58,1661.9,92.06,5509,116,1610.1,1730.0,1609.0
2024-12-26,-13.0,-0.79,1636.0,51.66,3145,63,1649.9,1664.9,1625.0
2024-12-24,17.0,1.04,1649.0,,6108,99,1660.0,1660.0,1626.8
2024-12-23,61.8,3.94,1632.0,99.58,6165,94,1581.0,1632.0,1580.2
2024-12-22,-8.8,-0.56,1570.2,15.12,960,24,1578.0,1610.0,1542.1
2024-12-19,-9.0,-0.57,1579.0,58.45,3714,41,1594.5,1599.0,1557.0
2024-12-18,-10.0,-0.63,1588.0,67.86,4282,41,1595.0,1620.0,1567.0
2024-12-17,46.0,2.96,1598.0,6.61,426,15,1521.0,1598.0,1515.0
2024-12-16,-38.0,-2.39,1552.0,36.17,2331,42,1600.0,1600.0,1530.0
2024-12-12,-59.0,-3.58,1590.0,57.12,3554,34,1665.0,1665.0,1572.0
2024-12-11,59.0,3.71,1649.0,54.67,3345,72,1608.0,1669.0,1576.1
2024-12-10,19.0,1.21,1590.0,26.87,1705,39,1560.0,1590.0,1557.9
2024-12-09,-15.0,-0.95,1571.0,30.95,1960,22,1586.0,1615.9,1567.0
2024-12-08,-52.0,-3.17,1586.0,61.78,3827,28,1630.0,1630.0,1585.1
2024-12-05,-54.0,-3.19,1638.0,32.1,1951,44,1705.0,1707.0,1613.0
2024-12-04,26.2,1.57,1692.0,94.76,5672,84,1632.6,1694.0,1632.5
2024-12-03,-11.2,-0.67,1665.8,19.01,1153,34,1677.0,1677.0,1613.0
2024-12-02,82.0,5.14,1677.0,,6781,86,1626.9,1677.0,1620.0
2024-12-01,-22.0,-1.36,1595.0,24.34,1536,32,1585.0,1600.0,1560.0
2024-11-28,-11.0,-0.68,1617.0,99.66,6164,77,1642.0,1642.0,1600.0
2024-11-27,8.0,0.49,1628.0,,6632,93,1587.6,1684.0,1587.6
2024-11-26,53.0,3.38,1620.0,40.74,2568,61,1590.0,1620.0,1561.0
2024-11-25,-38.0,-2.37,1567.0,96.8,6091,82,1595.0,1630.0,1567.0
2024-11-24,-82.0,-4.86,1605.0,92.94,5711,95,1687.0,1690.0,1574.0
2024-11-21,-3.1,-0.18,1687.0,,7117,106,1720.0,1730.0,1657.0
2024-11-20,-32.9,-1.91,1690.1,,12114,108,1720.0,1720.0,1657.0
2024-11-19,-31.3,-1.78,1723.0,,20957,222,1719.3,1818.0,1685.1
2024-11-17,144.3,8.96,1754.3,,27882,303,1640.0,1755.0,1640.0
2024-11-14,44.0,2.81,1610.0,,25020,217,1534.7,1722.6,1534.7
2024-11-13,-25.0,-1.57,1566.0,34.19,2174,48,1559.2,1600.0,1530.1
2024-11-12,2.0,0.13,1591.0,,9565,105,1557.3,1654.0,1500.2
2024-11-11,72.0,4.75,1589.0,,6478,103,1547.0,1641.0,1490.0
2024-11-10,12.0,0.8,1517.0,35.57,2338,46,1500.0,1540.0,1490.0
2024-11-06,9.9,0.66,1505.0,20.85,1389,29,1524.0,1524.0,1483.0
2024-11-05,-19.9,-1.31,1495.1,32.29,2149,37,1500.0,1525.0,1491.2
2024-10-30,14.0,0.93,1515.0,54.99,3658,42,1515.0,1519.0,1498.2
2024-10-29,30.8,2.09,1501.0,21.09,1402,33,1497.0,1527.0,1490.0
2024-10-28,-24.8,-1.66,1470.2,37.59,2519,27,1522.0,1551.0,1470.2
2024-10-27,14.0,0.95,1495.0,50.99,3422,52,1509.0,1509.0,1462.0
2024-10-24,-32.9,-2.17,1481.0,28.82,1931,41,1535.0,1539.0,1449.0
2024-10-23,38.9,2.64,1513.9,48.71,3245,77,1480.0,1600.0,1465.0
2024-10-22,-25.0,-1.67,1475.0,40.95,2766,38,1500.0,1528.8,1475.0
2024-10-21,-35.0,-2.28,1500.0,15.06,997,32,1506.0,1540.0,1485.0
2024-10-20,-15.0,-0.97,1535.0,68.51,4497,76,1520.0,1612.0,1458.3
2024-10-17,-10.0,-0.64,1550.0,47.16,3062,75,1528.8,1555.0,1520.0
2024-10-16,-7.0,-0.45,1560.0,46.26,2973,41,1566.0,1586.0,1535.7
2024-10-15,-11.0,-0.7,1567.0,56.95,3683,56,1546.5,1600.3,1516.1
2024-10-09,28.1,1.81,1578.0,52.5,3402,63,1535.0,1578.0,1506.0
2024-10-08,-45.1,-2.83,1549.9,70.07,4498,87,1626.9,1626.9,1535.2
2024-10-07,-67.6,-4.07,1595.0,,6523,120,1629.4,1763.5,1595.0
2024-10-06,-37.4,-2.2,1662.6,,8102,137,1666.0,1734.0,1566.0
2024-10-02,20.0,1.19,1700.0,,21772,347,1646.4,1746.0,1570.0
2024-10-01,125.0,8.04,1680.0,,14475,188,1523.9,1710.5,1493.5
2024-09-30,30.0,1.97,1555.0,84.74,5546,75,1555.5,1555.5,1495.0
2024-09-29,-25.0,-1.61,1525.0,46.87,3088,56,1519.0,1537.0,1495.0
2024-09-26,6.0,0.39,1550.0,,7429,111,1514.0,1604.0,1483.1
2024-09-25,57.0,3.83,1544.0,95.88,6305,114,1461.0,1579.0,1461.0
2024-09-24,-17.0,-1.13,1487.0,74.37,4930,95,1474.0,1595.2,1474.0
2024-09-23,-46.0,-2.97,1504.0,,11401,135,1581.0,1581.0,1500.0
2024-09-22,-15.0,-0.96,1550.0,94.34,6033,78,1533.7,1597.9,1533.7
2024-09-18,-130.0,-7.67,1565.0,,14097,230,1661.1,1662.0,1534.0
2024-09-16,153.0,9.92,1695.0,,16442,191,1511.2,1696.2,1511.2
2024-09-15,20.0,1.31,1542.0,,17196,172,1493.0,1575.9,1493.0
2024-09-12,2.0,0.13,1522.0,,8424,103,1550.0,1570.0,1519.0
2024-09-11,39.0,2.63,1520.0,,8089,117,1481.0,1540.0,1481.0
2024-09-10,21.0,1.44,1481.0,82.79,5556,109,1459.0,1548.1,1458.4
2024-09-09,-89.0,-5.75,1460.0,69.74,4687,107,1518.1,1579.0,1460.0
2024-09-08,-5.0,-0.32,1549.0,,13334,171,1540.0,1644.0,1530.0
2024-09-05,59.0,3.95,1554.0,,10022,148,1483.0,1600.0,1483.0
2024-09-04,16.9,1.14,1495.0,,8366,115,1482.0,1545.0,1482.0
2024-09-03,-20.7,-1.38,1478.1,66.81,4448,88,1525.0,1525.0,1471.1
2024-09-02,48.8,3.37,1498.8,93.78,6344,47,1460.0,1498.8,1432.0
2024-09-01,24.8,1.74,1450.0,,8986,129,1453.0,1511.6,1404.0
2024-08-29,4.2,0.3,1425.2,59.68,4124,94,1394.0,1563.1,1394.0
2024-08-28,-56.3,-3.81,1421.0,36.01,2473,46,1477.3,1500.0,1421.0
2024-08-27,-3.7,-0.25,1477.3,88.17,6035,70,1477.0,1510.0,1426.0
2024-08-25,49.0,3.42,1481.0,,12009,162,1431.0,1560.0,1395.0
2024-08-22,-17.0,-1.17,1432.0,15.52,1079,35,1475.0,1475.0,1419.0
2024-08-21,39.0,2.77,1449.0,39.06,2738,60,1410.0,1459.0,1400.0
2024-08-18,-22.1,-1.54,1410.0,,8041,77,1460.0,1460.0,1408.0
2024-08-15,-44.9,-3.04,1432.1,85.87,5924,111,1477.0,1505.0,1431.0
2024-08-14,-13.0,-0.87,1477.0,10.17,695,35,1499.0,1499.0,1432.0
2024-08-13,13.0,0.88,1490.0,64.53,4314,84,1480.0,1550.0,1456.0
2024-08-12,1.0,0.07,1477.0,64.83,4383,68,1500.0,1528.8,1465.0
2024-08-11,52.1,3.66,1476.0,70.39,4827,91,1452.0,1476.0,1438.0
2024-08-08,-16.1,-1.12,1423.9,66.77,4709,81,1468.8,1495.0,1391.0
2024-08-07,33.0,2.35,1440.0,24.91,1745,58,1420.0,1455.0,1390.0
2024-08-06,-113.0,-7.43,1407.0,75.16,5239,119,1530.0,1530.0,1375.0
2024-08-05,-9.0,-0.59,1520.0,30.04,1988,51,1508.0,1525.0,1500.0
2024-08-01,1.0,0.07,1529.0,79.77,5208,73,1558.0,1620.0,1516.0
2024-07-31,-30.0,-1.93,1528.0,50.19,3256,57,1535.1,1584.0,1511.0
2024-07-30,43.0,2.84,1558.0,32.86,2139,62,1535.0,1565.0,1518.0
2024-07-29,-85.0,-5.31,1515.0,73.08,4697,110,1600.0,1600.0,1515.0
2024-07-28,-49.0,-2.97,1600.0,44.23,2752,67,1681.9,1681.9,1582.0
2024-07-25,69.0,4.37,1649.0,,9455,128,1596.0,1655.0,1555.1
2024-07-24,-22.0,-1.37,1580.0,34.51,2196,63,1600.9,1600.9,1544.0
2024-07-23,29.0,1.84,1602.0,47.25,2973,62,1602.0,1615.0,1552.0
2024-07-22,-64.0,-3.91,1573.0,89.21,5614,91,1659.1,1659.1,1536.8
2024-07-21,9.0,0.55,1637.0,39.38,2412,48,1658.0,1658.0,1606.0
2024-07-18,88.0,5.71,1628.0,,15809,231,1560.0,1680.0,1540.0
2024-07-17,67.0,4.55,1540.0,,7411,101,1470.0,1560.0,1470.0
2024-07-16,47.9,3.36,1473.0,16.69,1147,40,1453.6,1480.0,1422.0
2024-07-15,-54.9,-3.71,1425.1,34.72,2367,52,1509.0,1509.0,1425.1
2024-07-14,10.0,0.68,1480.0,69.27,4651,64,1499.4,1529.0,1469.0
2024-07-11,-26.0,-1.74,1470.0,47.15,3181,70,1525.9,1525.9,1456.0
2024-07-10,59.5,4.14,1496.0,,8488,191,1451.2,1528.1,1451.2
2024-07-09,41.5,2.97,1436.5,41.08,2877,57,1414.0,1439.0,1412.0
2024-07-08,-10.0,-0.71,1395.0,12.11,870,22,1432.9,1432.9,1382.0
2024-07-07,44.9,3.3,1405.0,25.83,1853,44,1332.9,1438.0,1332.9
2024-07-04,-11.9,-0.87,1360.1,26.3,1930,34,1390.0,1392.0,1352.0
2024-07-03,7.0,0.51,1372.0,21.28,1574,27,1392.0,1392.0,1338.2
2024-07-02,39.9,3.01,1365.0,10.87,795,30,1351.6,1430.0,1351.6
2024-07-01,-42.9,-3.14,1325.1,13.13,978,28,1390.0,1390.0,1325.0
2024-06-30,-27.0,-1.94,1368.0,6.25,453,14,1395.0,1400.0,1368.0
2024-06-27,-1.0,-0.07,1395.0,7.75,556,15,1397.0,1414.0,1386.1
2024-06-26,-23.9,-1.68,1396.0,18.01,1270,42,1448.0,1448.0,1375.0
2024-06-25,24.9,1.78,1419.9,22.84,1624,47,1395.0,1419.9,1391.0
2024-06-24,11.0,0.79,1395.0,34.14,2480,59,1401.5,1401.5,1370.0
2024-06-23,1.0,0.07,1384.0,17.0,1250,36,1355.5,1384.5,1330.2
2024-06-20,6.0,0.44,1383.0,13.35,965,26,1399.0,1404.5,1371.0
2024-06-19,-13.0,-0.94,1377.0,16.51,1198,23,1400.0,1400.0,1377.0
2024-06-18,-4.0,-0.29,1390.0,7.66,556,23,1380.0,1400.0,1360.2
2024-06-16,-6.0,-0.43,1394.0,18.45,1331,35,1428.0,1428.0,1370.0
2024-06-13,-30.0,-2.1,1400.0,29.11,2073,34,1402.0,1430.0,1395.2
2024-06-12,25.0,1.78,1430.0,26.4,1858,52,1430.0,1450.0,1401.4
2024-06-11,-5.0,-0.35,1405.0,36.91,2635,45,1420.0,1420.0,1392.1
2024-06-10,9.0,0.64,1410.0,19.45,1377,36,1401.0,1435.0,1397.0
2024-06-09,-57.0,-3.91,1401.0,42.24,2974,70,1460.0,1460.0,1400.0
2024-06-06,69.9,5.04,1458.0,,18756,216,1413.0,1503.0,1371.0
2024-06-05,6.1,0.44,1388.1,62.46,4485,88,1382.0,1416.0,1365.0
2024-06-04,22.0,1.62,1382.0,70.96,5159,66,1360.0,1387.2,1360.0
2024-06-03,63.0,4.86,1360.0,37.98,2812,56,1283.0,1370.0,1283.0
2024-06-02,23.0,1.81,1297.0,19.77,1525,26,1299.4,1325.3,1275.0
2024-05-30,-46.0,-3.48,1274.0,45.76,3562,67,1346.4,1346.4,1274.0
2024-05-29,-43.0,-3.15,1320.0,17.33,1276,25,1390.2,1390.2,1316.5
2024-05-27,28.8,2.16,1363.0,19.88,1477,45,1333.0,1369.9,1313.0
2024-05-26,-54.8,-3.95,1334.2,29.71,2231,62,1416.0,1416.0,1300.0
2024-05-22,-11.0,-0.79,1389.0,13.71,995,27,1424.0,1424.0,1365.0
2024-05-21,0.0,0.0,1400.0,98.07,7070,85,1387.0,1425.0,1373.0
2024-05-20,-35.1,-2.45,1400.0,83.95,5843,76,1460.0,1475.0,1390.0
2024-05-19,-24.9,-1.71,1435.1,51.01,3566,74,1485.0,1485.0,1376.0
2024-05-16,90.0,6.57,1460.0,,12806,176,1397.0,1475.0,1369.1
2024-05-15,22.7,1.68,1370.0,91.39,6560,125,1374.2,1461.0,1347.3
2024-05-14,122.4,9.99,1347.3,,14050,177,1239.0,1347.3,1239.0
2024-05-13,33.9,2.85,1224.9,27.12,2246,50,1214.8,1230.0,1191.0
2024-05-12,-32.1,-2.62,1191.0,24.99,2066,41,1225.0,1235.0,1190.8
2024-05-09,-17.0,-1.37,1223.1,58.15,4688,59,1264.9,1285.0,1223.1
2024-05-08,27.0,2.23,1240.1,30.52,2450,56,1237.3,1256.9,1216.0
2024-05-07,25.1,2.11,1213.1,12.91,1059,46,1200.0,1240.0,1200.0
2024-05-06,-32.0,-2.62,1188.0,27.51,2313,51,1200.0,1220.0,1181.0
2024-05-05,-10.0,-0.81,1220.0,48.92,3971,85,1206.0,1295.0,1205.0
2024-05-02,95.0,8.37,1230.0,75.03,6156,144,1157.0,1248.5,1157.0
2024-04-30,12.0,1.07,1135.0,21.83,1967,42,1111.1,1146.0,1080.0
2024-04-29,12.0,1.08,1123.0,10.06,900,21,1133.0,1133.0,1105.2
2024-04-28,-19.0,-1.68,1111.0,5.83,517,16,1152.0,1152.0,1111.0
2024-04-25,13.9,1.25,1130.0,11.38,1016,26,1116.1,1138.0,1103.1
2024-04-24,-3.9,-0.35,1116.1,14.23,1266,26,1130.0,1139.0,1081.0
2024-04-22,0.0,0.0,1120.0,9.33,839,24,1142.0,1155.5,1100.0
2024-04-21,19.9,1.81,1120.0,28.02,2511,41,1121.0,1142.0,1100.0
2024-04-18,-24.9,-2.21,1100.1,14.15,1277,31,1140.0,1140.0,1100.1
2024-04-16,-60.0,-5.06,1125.0,16.31,1429,34,1162.0,1183.9,1125.0
2024-04-15,-1.0,-0.08,1185.0,85.14,6991,136,1199.0,1245.0,1163.3
2024-04-14,58.1,5.15,1186.0,26.76,2342,65,1120.0,1199.0,1106.0
2024-04-10,-35.1,-3.02,1127.9,21.08,1857,43,1151.1,1151.1,1120.0
2024-04-09,-22.0,-1.86,1163.0,26.36,2224,52,1200.0,1210.0,1157.5
2024-04-07,55.0,4.87,1185.0,94.07,7794,185,1150.0,1243.0,1150.0
2024-04-04,35.0,3.2,1130.0,79.87,7196,135,1095.0,1135.0,1070.0
2024-04-03,55.0,5.29,1095.0,80.04,7460,136,1059.8,1100.0,1040.1
2024-04-02,59.9,6.11,1040.0,30.93,3024,42,995.0,1049.0,995.0
2024-04-01,-11.9,-1.2,980.1,11.52,1147,29,1010.9,1020.0,973.0
2024-03-31,-14.6,-1.45,992.0,11.54,1164,36,994.2,999.0,987.0
2024-03-28,-18.4,-1.8,1006.6,14.44,1437,36,1007.0,1027.0,995.0
2024-03-27,-5.0,-0.49,1025.0,10.93,1075,20,1050.0,1050.0,1011.0
2024-03-26,27.9,2.78,1030.0,14.22,1385,28,1022.0,1059.0,1012.1
2024-03-25,-57.9,-5.46,1002.1,26.94,2636,45,1040.0,1040.0,995.1
2024-03-21,4.5,0.43,1060.0,45.54,4270,76,1040.0,1080.0,1040.0
2024-03-20,19.5,1.88,1055.5,55.44,5159,97,1056.7,1094.9,1048.0
2024-03-19,16.1,1.58,1036.0,20.73,1970,44,1040.2,1070.0,1029.9
2024-03-18,-4.1,-0.4,1019.9,13.08,1290,32,1030.0,1030.0,1005.0
2024-03-17,4.0,0.39,1024.0,28.53,2827,64,1000.0,1060.0,983.0
2024-03-14,-54.0,-5.03,1020.0,48.64,4771,121,1074.0,1080.0,998.9
2024-03-13,78.5,7.89,1074.0,92.88,8704,259,1015.4,1095.0,1015.4
2024-03-12,90.5,10.0,995.5,70.07,7199,209,922.9,995.5,922.9
2024-03-10,34.0,3.9,905.0,24.16,2694,75,875.0,922.0,873.0
2024-03-07,3.0,0.35,871.0,6.08,706,23,884.0,884.0,854.0
2024-03-06,22.0,2.6,868.0,3.53,411,21,860.0,875.0,850.0
2024-03-05,-29.1,-3.33,846.0,4.56,531,23,875.0,887.9,843.4
2024-03-04,17.1,1.99,875.1,,10,1,875.1,875.1,875.1
2024-03-03,2.0,0.23,858.0,1.18,139,9,869.9,869.9,839.0
2024-02-29,-6.0,-0.7,856.0,2.2,261,10,862.0,862.0,840.0
2024-02-28,1.8,0.21,862.0,1.23,145,10,850.0,862.0,845.0
2024-02-27,-4.8,-0.55,860.2,1.81,210,11,873.9,873.9,857.1
2024-02-26,-2.9,-0.33,865.0,9.41,1102,30,851.1,880.0,845.0
2024-02-25,-6.0,-0.69,867.9,1.4,162,11,891.0,891.0,857.0
2024-02-22,10.9,1.26,873.9,4.1,476,13,863.0,876.9,854.0
2024-02-21,-16.9,-1.92,863.0,2.45,284,11,895.0,895.0,863.0
2024-02-20,5.9,0.68,879.9,11.74,1366,23,874.0,881.6,847.5
2024-02-18,-11.9,-1.34,874.0,9.36,1058,24,899.0,899.0,869.0
2024-02-15,11.9,1.36,885.9,13.37,1527,26,870.0,890.0,866.0
2024-02-14,-9.0,-1.02,874.0,8.48,968,18,892.0,892.0,871.2
2024-02-13,8.0,0.91,883.0,4.51,512,25,888.8,892.5,875.0
2024-02-12,-4.5,-0.51,875.0,3.2,370,9,865.0,875.0,865.0
2024-02-11,5.6,0.64,879.5,6.8,785,24,861.0,890.0,857.0
2024-02-07,4.5,0.52,870.0,12.22,1424,25,882.7,882.7,850.2
2024-02-06,-4.4,-0.51,865.5,11.47,1338,28,886.0,886.0,850.0
2024-02-05,-9.1,-1.04,869.9,4.1,473,21,895.0,895.0,859.6
2024-02-04,29.0,3.41,879.0,6.13,698,11,865.0,880.0,865.0
2024-02-01,-1.0,-0.12,850.0,4.81,571,16,868.0,868.0,840.0
2024-01-31,-29.0,-3.3,851.0,1.84,214,11,870.0,870.0,851.0
2024-01-30,-3.9,-0.44,880.0,3.32,373,18,901.0,901.0,880.0
2024-01-29,-12.1,-1.35,883.9,6.05,687,23,913.0,913.0,873.1
2024-01-28,0.0,0.0,896.0,4.88,559,19,880.0,897.2,865.0
2024-01-25,26.0,2.99,896.0,14.65,1701,32,880.0,896.0,851.1
2024-01-24,1.0,0.12,870.0,7.1,825,20,875.0,875.0,854.0
2024-01-23,-6.0,-0.69,869.0,9.76,1144,38,870.0,870.0,838.1
2024-01-22,-17.5,-1.96,875.0,2.16,246,13,899.0,899.0,875.0
2024-01-21,-12.6,-1.39,892.5,8.59,966,33,902.0,905.0,875.0
2024-01-18,-19.9,-2.15,905.1,8.23,900,29,907.0,937.0,902.0
2024-01-17,-14.5,-1.54,925.0,8.39,900,29,921.0,948.0,921.0
2024-01-16,9.5,1.02,939.5,13.43,1447,41,930.0,945.0,915.5
2024-01-14,3.0,0.32,930.0,5.56,603,21,919.0,930.0,915.0
2024-01-11,10.0,1.09,927.0,5.48,606,17,917.0,927.0,884.1
2024-01-10,40.0,4.56,917.0,28.81,3238,67,889.0,917.0,868.5
2024-01-09,18.0,2.1,877.0,14.6,1674,33,876.1,890.0,860.0
2024-01-08,-9.9,-1.14,859.0,7.32,848,21,870.0,885.0,856.0
2024-01-07,-17.5,-1.97,868.9,10.83,1267,25,868.7,868.9,848.0
2024-01-04,4.4,0.5,886.4,4.38,507,21,864.4,897.6,848.0
2024-01-03,-3.0,-0.34,882.0,3.91,457,21,867.5,883.0,840.0
2024-01-02,0.1,0.01,885.0,14.98,1765,42,899.0,899.0,830.1
2024-01-01,-2.0,-0.23,884.9,7.94,899,15,904.0,922.0,870.0
2023-12-28,16.9,1.94,886.9,18.62,2219,57,886.0,886.9,820.0
2023-12-27,-34.0,-3.76,870.0,6.06,691,33,887.0,900.0,870.0
2023-12-24,-15.0,-1.63,904.0,8.54,946,22,901.6,919.5,897.2
2023-12-21,-19.0,-2.03,919.0,13.03,1458,45,920.0,922.0,867.3
2023-12-20,3.0,0.32,938.0,12.3,1312,33,935.0,950.0,920.0
2023-12-19,47.0,5.29,935.0,17.08,1866,48,900.0,935.0,900.0
2023-12-18,63.0,7.64,888.0,37.42,4315,88,811.0,890.0,810.0
2023-12-17,-16.3,-1.94,825.0,8.54,1031,27,825.0,839.9,825.0
2023-12-14,1.3,0.15,841.3,12.47,1508,29,825.0,841.4,808.5
2023-12-13,-3.0,-0.36,840.0,2.91,345,13,858.6,858.6,835.0
2023-12-12,7.0,0.84,843.0,3.51,422,20,850.0,850.0,820.0
2023-12-11,1.0,0.12,836.0,10.89,1307,37,849.0,865.0,820.1
2023-12-10,15.0,1.83,835.0,,41,3,834.0,835.0,834.0
2023-12-07,10.0,1.23,820.0,9.28,1131,21,826.0,840.0,806.8
2023-12-06,12.8,1.61,810.0,2.6,325,6,798.0,813.0,798.0
2023-12-05,-12.6,-1.56,797.2,1.52,189,8,825.8,825.8,793.7
2023-12-04,-0.2,-0.02,809.8,2.16,271,14,824.8,824.8,794.0
2023-12-03,-4.9,-0.6,810.0,2.37,290,17,831.0,863.0,803.2
2023-11-30,9.9,1.23,814.9,10.24,1278,29,821.0,837.0,788.0
2023-11-29,-11.0,-1.35,805.0,1.76,219,11,816.0,831.0,799.0
2023-11-28,-4.0,-0.49,816.0,6.57,821,21,812.0,816.0,785.0
2023-11-27,-11.1,-1.34,820.0,4.36,532,10,847.7,847.7,815.0
2023-11-26,-16.9,-1.99,831.1,8.04,950,25,864.9,864.9,831.1
2023-11-23,6.0,0.71,848.0,3.18,385,12,827.1,848.0,814.1
2023-11-22,7.0,0.84,842.0,,98,8,850.0,850.0,833.0
2023-11-21,-31.0,-3.58,835.0,3.25,385,8,849.0,849.0,835.0
2023-11-20,15.0,1.76,866.0,4.8,575,21,835.0,866.0,830.0
2023-11-09,-19.0,-2.18,851.0,1.6,188,6,857.0,872.0,851.0
2023-11-08,3.2,0.37,870.0,2.93,342,14,860.0,870.0,849.5
2023-11-07,-0.2,-0.02,866.8,4.33,508,21,875.0,883.0,837.1
2023-11-06,2.5,0.29,867.0,2.22,260,10,848.0,867.0,848.0
2023-11-05,-10.5,-1.2,864.5,3.19,373,10,860.0,875.0,848.0
2023-11-02,2.0,0.23,875.0,1.65,190,15,889.0,889.0,856.0
2023-11-01,-1.9,-0.22,873.0,,60,4,876.0,889.0,873.0
2023-10-31,-5.1,-0.58,874.9,1.42,165,9,863.0,874.9,851.0
2023-10-30,0.2,0.02,880.0,7.73,906,18,862.5,880.0,850.0
2023-10-29,19.8,2.3,879.8,4.88,567,20,877.2,884.9,851.0
2023-10-19,-9.9,-1.14,860.0,7.38,854,17,887.0,887.0,855.0
2023-10-18,32.1,3.83,869.9,,109,6,854.5,888.0,854.5
2023-10-17,-11.2,-1.32,837.8,2.05,239,12,864.0,882.0,837.8
2023-10-16,2.0,0.24,849.0,4.88,574,25,863.9,908.0,827.0
2023-10-12,-33.0,-3.75,847.0,10.31,1207,29,862.4,862.4,847.0
2023-10-11,25.0,2.92,880.0,2.1,243,7,870.0,880.0,855.0
2023-10-10,-22.0,-2.51,855.0,9.24,1075,29,889.0,889.0,854.0
2023-10-09,-16.0,-1.79,877.0,14.48,1661,41,878.0,895.7,861.0
2023-10-08,-7.0,-0.78,893.0,3.7,410,17,900.0,918.0,882.0
2023-10-05,3.0,0.33,900.0,10.59,1171,22,914.0,929.0,891.0
2023-10-04,-18.0,-1.97,897.0,1.72,190,10,929.0,929.0,897.0
2023-10-03,18.0,2.01,915.0,8.81,972,29,914.0,924.8,886.9
2023-10-02,5.9,0.66,897.0,8.51,961,20,895.0,897.0,880.0
2023-10-01,-28.9,-3.14,891.1,3.75,410,18,937.0,937.0,891.1
2023-09-27,-14.0,-1.5,920.0,1.52,165,12,952.0,952.0,897.0
2023-09-26,-1.0,-0.11,934.0,9.35,1014,33,953.0,989.0,900.0
2023-09-25,17.0,1.85,935.0,3.55,379,12,935.0,972.0,933.0
2023-09-24,14.9,1.65,918.0,5.05,552,24,920.0,920.0,902.0
2023-09-21,-9.8,-1.07,903.1,8.65,944,31,930.0,930.0,888.1
2023-09-19,0.0,0.0,912.9,3.31,368,14,931.0,931.0,885.0
2023-09-18,10.9,1.21,912.9,1.3,145,11,917.9,917.9,884.0
2023-09-17,-19.0,-2.06,902.0,1.99,222,15,910.0,920.0,888.0
2023-09-13,0.0,0.0,921.0,3.16,350,8,939.0,939.0,902.0
2023-09-12,18.5,2.05,921.0,12.85,1411,24,885.0,938.0,868.0
2023-09-11,3.8,0.42,902.5,2.39,268,17,916.0,930.0,877.0
2023-09-10,11.3,1.27,898.7,3.64,409,16,887.0,905.0,870.0
2023-09-07,-19.6,-2.16,887.4,2.31,263,17,925.0,943.0,853.0
2023-09-05,-6.9,-0.76,907.0,9.94,1123,26,896.0,910.0,880.0
2023-09-04,8.9,0.98,913.9,3.59,396,13,886.9,918.0,886.9
2023-09-03,-7.0,-0.77,905.0,5.96,665,23,895.0,915.0,880.0
2023-08-30,-24.5,-2.62,912.0,20.43,2217,37,955.2,955.2,909.0
2023-08-29,-17.5,-1.83,936.5,4.45,466,15,972.0,972.0,936.1
2023-08-28,27.0,2.91,954.0,1.89,203,21,913.0,986.7,909.0
2023-08-27,-18.0,-1.9,927.0,3.08,330,17,963.0,963.0,927.0
2023-08-24,-15.0,-1.56,945.0,6.08,637,17,979.2,979.2,943.0
2023-08-23,-35.0,-3.52,960.0,12.5,1289,40,1009.0,1010.0,952.2
2023-08-22,34.0,3.54,995.0,,20,2,980.0,995.0,980.0
2023-08-21,-21.9,-2.23,961.0,13.36,1383,33,990.0,1014.0,939.5
2023-08-20,19.9,2.07,982.9,7.73,803,25,982.0,998.9,941.0
2023-08-17,9.0,0.94,963.0,3.34,351,16,971.9,971.9,949.0
2023-08-16,-37.0,-3.73,954.0,7.2,754,20,972.0,972.0,952.0
2023-08-15,6.0,0.61,991.0,16.13,1662,31,1004.0,1023.0,960.0
2023-08-14,-2.0,-0.2,985.0,6.99,719,24,972.0,991.4,967.0
2023-08-13,20.0,2.07,987.0,4.71,478,22,951.0,1029.0,951.0
2023-08-10,-33.0,-3.3,967.0,8.3,845,18,1000.0,1003.9,966.0
2023-08-09,10.0,1.01,1000.0,13.43,1355,29,1008.0,1023.0,970.2
2023-08-08,-8.0,-0.8,990.0,6.07,616,16,999.8,999.9,972.0
2023-08-07,23.0,2.36,998.0,7.01,717,26,993.0,998.0,955.0
2023-08-06,-5.0,-0.51,975.0,5.8,595,25,999.6,1010.0,960.4
2023-08-03,-15.0,-1.51,980.0,5.79,590,22,976.1,1001.0,976.1
2023-08-02,-17.0,-1.68,995.0,12.28,1229,30,1020.0,1032.0,987.2
2023-08-01,-6.0,-0.59,1012.0,2.88,287,13,999.0,1027.0,998.0
2023-07-31,23.4,2.35,1018.0,8.6,856,13,1014.0,1019.0,986.1
2023-07-30,3.6,0.36,994.6,8.7,881,34,1000.0,1007.0,972.6
2023-07-27,-39.0,-3.79,991.0,9.3,923,33,1010.4,1030.7,991.0
2023-07-26,3.0,0.29,1030.0,10.66,1040,32,1047.0,1050.0,1011.0
2023-07-25,-3.0,-0.29,1027.0,3.66,357,18,1035.0,1040.0,1020.0
2023-07-24,-30.8,-2.9,1030.0,17.5,1666,46,1040.0,1075.0,1030.0
2023-07-23,20.8,2.0,1060.8,25.26,2426,69,1060.0,1060.8,1020.0
2023-07-20,-14.6,-1.38,1040.0,19.61,1905,38,1035.0,1070.0,1015.0
2023-07-19,2.6,0.25,1054.6,6.16,583,25,1045.0,1065.0,1031.0
2023-07-18,7.0,0.67,1052.0,22.23,2123,48,1050.0,1060.8,1030.0
2023-07-17,25.0,2.45,1045.0,8.86,870,28,1020.0,1048.9,980.0
2023-07-16,-10.0,-0.97,1020.0,12.54,1245,33,1010.0,1034.9,995.0
2023-07-13,16.9,1.67,1030.0,22.15,2177,46,1016.1,1065.0,995.0
2023-07-12,-26.9,-2.59,1013.1,17.9,1742,33,1060.0,1074.0,1013.0
2023-07-11,6.0,0.58,1040.0,16.52,1608,30,1013.4,1050.0,1013.4
2023-07-10,7.0,0.68,1034.0,3.17,308,16,1047.0,1047.0,1000.0
2023-07-09,27.0,2.7,1027.0,8.31,821,30,1020.0,1039.9,995.0
2023-07-06,10.0,1.01,1000.0,12.68,1258,21,1009.8,1028.8,971.0
2023-07-05,-40.0,-3.88,990.0,7.26,727,27,1030.0,1035.0,980.1
2023-07-04,5.0,0.49,1030.0,13.32,1300,38,1045.0,1050.0,1005.0
2023-07-03,-40.0,-3.76,1025.0,14.48,1406,53,1084.0,1084.0,983.0
2023-07-02,-80.0,-6.99,1065.0,23.87,2164,54,1122.1,1144.0,1061.0
2023-06-28,28.5,2.55,1145.0,44.48,3818,102,1138.0,1190.0,1130.0
2023-06-27,101.5,10.0,1116.5,43.2,3980,116,1034.0,1116.5,1030.0
2023-06-26,16.1,1.61,1015.0,20.22,2019,46,1018.8,1037.0,990.0
2023-06-25,38.9,4.05,998.9,13.18,1334,44,979.2,1018.0,961.0
2023-06-22,-33.0,-3.32,960.0,6.97,711,29,973.2,1030.0,960.0
2023-06-21,-20.5,-2.02,993.0,10.37,1053,29,1033.0,1033.0,974.0
2023-06-20,-41.5,-3.93,1013.5,7.11,699,25,1075.0,1075.0,995.0
2023-06-19,15.0,1.44,1055.0,5.58,538,17,1057.0,1058.0,1025.0
2023-06-18,55.0,5.58,1040.0,16.25,1612,40,966.0,1043.0,966.0
2023-06-15,2.0,0.2,985.0,7.38,762,16,965.0,1002.6,960.0
2023-06-14,33.0,3.47,983.0,12.26,1252,51,969.0,986.4,966.3
2023-06-13,20.0,2.15,950.0,7.1,759,27,930.0,950.0,915.0
2023-06-12,-17.0,-1.8,930.0,12.07,1309,32,928.2,950.0,901.1
2023-06-11,31.0,3.38,947.0,7.94,853,25,934.0,947.0,915.4
2023-06-08,-1.0,-0.11,916.0,2.41,265,10,920.0,920.0,899.0
2023-06-07,17.0,1.89,917.0,9.76,1073,25,900.0,934.0,885.1
2023-06-06,-4.0,-0.44,900.0,4.32,477,18,890.1,915.0,890.1
2023-06-05,0.0,0.0,904.0,9.66,1072,27,921.0,921.0,892.0
2023-06-04,14.1,1.58,904.0,22.85,2553,24,907.0,909.9,880.0
2023-06-01,-4.1,-0.46,889.9,,87,6,885.0,908.0,885.0
2023-05-31,-3.0,-0.33,894.0,17.34,1984,37,880.0,915.5,863.0
2023-05-30,-57.9,-6.06,897.0,6.42,707,30,968.0,968.0,897.0
2023-05-28,-9.1,-0.94,954.9,11.35,1189,36,975.0,980.0,940.0
2023-05-24,16.0,1.69,964.0,19.28,2047,42,965.0,965.0,910.0
2023-05-23,51.2,5.71,948.0,30.77,3337,54,914.0,948.0,887.0
2023-05-22,8.0,0.9,896.8,3.17,360,10,900.0,900.0,872.5
2023-05-21,12.8,1.46,888.8,4.27,479,21,893.5,929.0,863.1
2023-05-18,-8.7,-0.98,876.0,2.28,258,7,890.0,899.9,876.0
2023-05-17,8.7,0.99,884.7,4.26,482,12,880.0,888.0,880.0
2023-05-16,-1.2,-0.14,876.0,,110,4,860.0,876.0,860.0
2023-05-15,-2.8,-0.32,877.2,5.07,585,19,880.0,890.0,860.0
2023-05-14,-21.9,-2.43,880.0,4.79,548,18,884.0,888.0,866.4
2023-05-11,10.9,1.22,901.9,4.13,470,12,907.0,907.0,874.0
2023-05-10,-0.9,-0.1,891.0,4.17,465,9,874.1,908.0,874.1
2023-05-09,-17.8,-1.96,891.9,4.42,496,12,892.0,892.0,880.1
2023-05-07,-10.0,-1.09,909.7,3.15,350,10,910.0,910.0,884.0
2023-05-04,0.2,0.02,919.7,2.23,246,12,932.0,932.0,900.0
2023-05-03,9.5,1.04,919.5,2.23,250,10,892.1,919.5,890.0
2023-05-02,10.0,1.11,910.0,4.44,494,7,900.0,910.0,900.0
2023-04-30,-13.0,-1.42,900.0,1.93,212,8,910.0,928.9,895.0
2023-04-27,-8.0,-0.87,913.0,2.09,230,15,921.0,931.9,896.7
2023-04-26,29.0,3.25,921.0,8.01,879,23,909.8,927.7,876.2
2023-04-25,-28.3,-3.08,892.0,2.09,226,10,938.5,938.5,892.0
2023-04-24,10.3,1.13,920.3,1.2,130,4,928.0,939.0,920.3
2023-04-23,2.2,0.24,910.0,2.26,250,9,912.0,912.0,894.0
2023-04-20,-7.2,-0.79,907.8,5.5,606,23,932.9,935.0,886.0
2023-04-19,15.0,1.67,915.0,3.99,437,12,917.0,919.9,903.0
2023-04-18,0.0,0.0,900.0,3.6,396,14,900.0,918.0,899.7
2023-04-17,-20.0,-2.17,900.0,6.6,720,18,905.0,936.0,900.0
2023-04-16,-18.0,-1.92,920.0,3.62,393,6,938.1,948.0,920.0
2023-04-13,28.0,3.08,938.0,10.82,1161,39,908.0,960.0,900.0
2023-04-12,22.0,2.48,910.0,11.47,1270,39,888.0,920.0,888.0
2023-04-11,27.0,3.14,888.0,1.84,210,9,878.2,891.0,873.2
2023-04-10,-4.0,-0.46,861.0,4.04,462,15,849.0,912.0,849.0
2023-04-09,-23.4,-2.63,865.0,3.66,421,24,888.4,888.4,865.0
2023-04-06,-1.5,-0.17,888.4,12.51,1426,21,875.0,888.4,868.0
2023-04-05,4.9,0.55,889.9,2.22,251,6,875.0,890.9,875.0
2023-04-04,4.0,0.45,885.0,8.01,915,15,880.0,889.9,865.0
2023-04-03,-1.0,-0.11,881.0,10.24,1200,28,864.5,892.9,833.1
2023-04-02,2.0,0.23,882.0,9.8,1119,21,880.0,897.6,865.0
2023-03-30,-20.0,-2.22,880.0,3.56,403,18,900.0,900.0,864.4
2023-03-29,4.0,0.45,900.0,7.83,877,28,880.0,913.9,880.0
2023-03-28,42.0,4.92,896.0,13.7,1545,50,860.0,899.0,860.0
2023-03-27,-64.0,-6.97,854.0,24.71,2902,75,900.0,900.0,834.7
2023-03-26,-29.83,-3.15,918.0,18.7,2089,67,930.0,930.0,872.8
2023-03-23,-9.0,-0.82,1090.0,28.12,2561,76,1100.0,1140.0,1090.0
2023-03-22,-1.7,-0.15,1099.0,13.0,1194,43,1100.0,1119.9,1080.0
2023-03-20,0.7,0.06,1100.7,9.38,848,24,1079.1,1165.0,1079.1
2023-03-19,-39.9,-3.5,1100.0,11.92,1072,26,1118.0,1131.0,1096.1
2023-03-16,-24.1,-2.07,1139.9,11.36,1010,33,1164.0,1164.0,1103.0
2023-03-15,-15.1,-1.28,1164.0,5.71,494,12,1157.1,1164.0,1155.0
2023-03-14,-23.9,-1.99,1179.1,11.93,1016,39,1226.9,1226.9,1156.0
2023-03-13,-2.0,-0.17,1203.0,2.05,173,10,1205.0,1205.0,1181.0
2023-03-12,-32.0,-2.59,1205.0,5.1,425,23,1261.0,1261.0,1187.1
2023-03-09,25.5,2.1,1237.0,18.19,1479,25,1230.0,1260.0,1221.2
2023-03-07,-8.5,-0.7,1211.5,20.46,1649,24,1244.0,1290.0,1201.0
2023-03-05,-49.9,-3.93,1220.0,32.21,2677,74,1246.0,1289.0,1168.0
2023-03-02,18.8,1.5,1269.9,12.05,969,33,1240.0,1276.0,1225.1
2023-03-01,-45.9,-3.54,1251.1,14.38,1121,43,1313.0,1322.0,1251.1
2023-02-28,-1.0,-0.08,1297.0,18.76,1445,38,1323.9,1350.3,1280.0
2023-02-27,-6.0,-0.46,1298.0,40.79,3070,78,1330.0,1434.0,1281.1
2023-02-26,-73.9,-5.36,1304.0,49.16,3774,120,1351.0,1351.0,1260.0
2023-02-23,-153.1,-10.0,1377.9,34.01,2411,78,1500.4,1500.4,1377.9
2023-02-22,-19.0,-1.23,1531.0,6.58,425,18,1581.0,1612.0,1531.0
2023-02-20,10.0,0.65,1550.0,14.41,928,22,1570.0,1590.0,1530.4
2023-02-16,-45.0,-2.84,1540.0,24.18,1559,47,1599.0,1599.0,1539.0
2023-02-15,-5.0,-0.31,1585.0,17.45,1115,32,1610.0,1610.0,1552.4
2023-02-14,-9.0,-0.56,1590.0,19.24,1212,44,1567.1,1631.0,1541.0
2023-02-12,-9.0,-0.56,1599.0,15.94,1006,24,1610.0,1610.0,1570.0
2023-02-09,8.0,0.5,1608.0,14.15,891,24,1630.0,1630.0,1572.0
2023-02-08,-24.0,-1.48,1600.0,9.34,576,20,1593.0,1645.0,1593.0
2023-02-07,24.0,1.5,1624.0,17.3,1080,39,1570.1,1629.0,1570.0
2023-02-06,38.0,2.43,1600.0,8.84,553,27,1593.0,1689.0,1570.0
2023-02-05,-8.0,-0.51,1562.0,13.79,882,20,1600.0,1600.0,1550.1
2023-02-02,-39.0,-2.42,1570.0,8.84,556,18,1634.0,1634.0,1570.0
2023-02-01,11.0,0.69,1609.0,4.02,251,12,1575.0,1609.0,1575.0
2023-01-31,-17.0,-1.05,1598.0,8.03,502,19,1639.0,1639.0,1578.0
2023-01-30,-1.0,-0.06,1615.0,9.74,609,30,1586.0,1624.0,1586.0
2023-01-29,-30.0,-1.82,1616.0,16.93,1051,31,1614.0,1670.0,1581.8
2023-01-26,0.0,1.29,1646.0,,339,0,1626.0,1656.9,1593.0
2023-01-25,0.0,0.31,1625.0,,1352,0,1616.0,1643.8,1612.0
2023-01-24,0.0,-0.74,1620.0,,1149,0,1660.0,1660.0,1595.0
2023-01-23,0.0,-0.78,1632.0,,1060,0,1677.0,1677.0,1600.0
2023-01-19,0.0,-0.38,1644.8,,783,0,1666.0,1670.0,1633.2
2023-01-18,0.0,-1.73,1651.0,,683,0,1713.0,1713.0,1651.0
2023-01-17,0.0,0.6,1680.0,,773,0,1650.0,1700.0,1640.0
2023-01-12,0.0,-1.59,1670.0,,2241,0,1720.0,1728.0,1652.0
2023-01-10,0.0,-1.34,1696.9,,2778,0,1750.0,1750.0,1672.3
2023-01-09,0.0,-1.15,1720.0,,5331,0,1711.0,1724.9,1680.0
2023-01-08,0.0,1.75,1740.0,,3502,0,1730.0,1759.0,1669.0
2023-01-05,0.0,2.15,1710.0,,3703,0,1700.0,1730.0,1642.0
2023-01-04,0.0,3.78,1674.0,,2205,0,1645.0,1675.0,1617.0
2023-01-03,0.0,-0.8,1613.0,,2251,0,1655.0,1655.0,1599.0
2023-01-02,0.0,1.62,1626.0,,2775,0,1605.0,1631.0,1590.0
2023-01-01,0.0,0.57,1600.0,,1936,0,1622.8,1639.0,1562.0
2022-12-29,0.0,1.34,1591.0,,743,0,1551.0,1631.0,1551.0
2022-12-28,0.0,-1.75,1570.0,,731,0,1628.0,1628.0,1569.0
2022-12-27,0.0,0.57,1598.0,,2934,0,1620.0,1625.0,1548.4
2022-12-26,0.0,2.52,1589.0,,280,0,1581.0,1612.6,1557.0
2022-12-22,0.0,-1.59,1550.0,,332,0,1605.0,1605.0,1544.0
2022-12-21,0.0,0.06,1575.0,,70,0,1604.9,1604.9,1575.0
2022-12-20,0.0,-1.62,1574.0,,413,0,1630.0,1630.0,1574.0
2022-12-19,0.0,-1.1,1599.9,,563,0,1639.0,1639.0,1550.0
2022-12-18,0.0,1.43,1617.7,,472,0,1564.0,1617.7,1537.0
2022-12-15,0.0,-1.73,1594.9,,594,0,1655.0,1655.0,1565.1
2022-12-14,0.0,0.74,1623.0,,30,0,1640.0,1640.0,1610.0
2022-12-13,0.0,0.69,1611.0,,164,0,1620.0,1620.0,1580.0
2022-12-12,0.0,1.91,1600.0,,55,0,1601.4,1601.4,1570.1
2022-12-11,0.0,-1.81,1570.0,,767,0,1629.0,1629.0,1568.0
2022-12-07,0.0,-0.52,1599.0,,289,0,1615.0,1615.0,1580.0
2022-12-06,0.0,1.73,1607.4,,579,0,1552.0,1610.0,1552.0
2022-12-05,0.0,-1.86,1580.0,,432,0,1642.0,1642.0,1580.0
2022-12-04,0.0,0.94,1610.0,,451,0,1565.0,1691.0,1565.0
2022-12-01,0.0,-1.48,1595.0,,260,0,1650.0,1650.0,1595.0
2022-11-30,0.0,-1.28,1619.0,,360,0,1670.0,1670.0,1599.0
2022-11-29,0.0,1.05,1640.0,,150,0,1591.0,1648.0,1591.0
2022-11-28,0.0,-0.37,1623.0,,492,0,1659.0,1725.0,1623.0
2022-11-27,0.0,1.24,1629.0,,526,0,1635.0,1635.0,1600.0
2022-11-24,0.0,0.24,1609.0,,234,0,1610.0,1610.0,1580.0
2022-11-23,0.0,-0.92,1605.1,,117,0,1600.0,1637.0,1588.0
2022-11-22,0.0,0.0,1620.0,,373,0,1638.0,1638.0,1590.0
2022-11-17,0.0,1.25,1620.0,,327,0,1631.0,1649.9,1620.0
2022-11-16,0.0,-4.13,1600.0,,1388,0,1700.0,1700.0,1582.0
2022-11-15,0.0,0.54,1669.0,,232,0,1690.0,1735.0,1639.0
2022-11-14,0.0,1.78,1660.0,,295,0,1625.0,1660.0,1625.0
2022-11-13,0.0,-0.55,1631.0,,461,0,1670.0,1674.0,1630.0
2022-11-10,0.0,-0.91,1640.0,,571,0,1622.0,1688.1,1622.0
2022-11-09,0.0,-0.6,1655.0,,1409,0,1632.0,1749.0,1632.0
2022-11-08,0.0,-1.98,1665.0,,205,0,1670.0,1729.0,1665.0
2022-11-07,0.0,-1.24,1698.7,,1071,0,1754.4,1754.4,1668.2
2022-11-06,0.0,5.19,1720.0,,1176,0,1612.1,1729.0,1612.0
2022-11-03,0.0,-1.5,1635.1,,114,0,1693.0,1693.0,1635.1
2022-11-02,0.0,0.61,1660.0,,670,0,1650.0,1699.0,1619.0
2022-11-01,0.0,-1.49,1650.0,,483,0,1670.0,1675.0,1642.0
2022-10-31,0.0,0.54,1675.0,,210,0,1678.0,1678.0,1617.0
2022-10-23,0.0,4.15,1666.0,,320,0,1630.0,1690.0,1623.1
2022-10-20,0.0,-0.17,1599.6,,377,0,1590.0,1600.0,1580.0
2022-10-19,0.0,-2.65,1602.3,,121,0,1650.0,1650.0,1602.3
2022-10-17,0.0,1.92,1646.0,,421,0,1625.0,1668.0,1593.0
2022-10-16,0.0,-1.04,1615.0,,516,0,1632.0,1632.0,1600.0
2022-10-13,0.0,-1.3,1632.0,,171,0,1673.9,1673.9,1632.0
2022-10-12,0.0,0.55,1644.0,,220,0,1634.0,1644.0,1634.0
2022-10-11,0.0,-0.3,1635.0,,359,0,1640.0,1658.0,1607.2
2022-10-10,0.0,-2.26,1640.0,,419,0,1702.0,1702.0,1640.0
2022-10-09,0.0,2.32,1678.0,,390,0,1672.0,1690.0,1670.0
2022-09-29,0.0,5.13,1640.0,,381,0,1591.2,1716.0,1591.2
2022-09-28,0.0,0.57,1560.0,,169,0,1555.0,1560.0,1552.2
2022-09-27,0.0,-0.25,1551.1,,309,0,1586.1,1615.0,1551.1
2022-09-25,0.0,-1.58,1555.0,,423,0,1550.0,1570.0,1550.0
2022-09-22,0.0,1.02,1580.0,,177,0,1594.0,1594.0,1566.0
2022-09-21,0.0,-0.01,1564.0,,481,0,1595.0,1595.0,1563.1
2022-09-20,0.0,-3.98,1564.1,,658,0,1649.9,1649.9,1563.0
2022-09-18,0.0,-2.86,1629.0,,516,0,1659.0,1660.0,1621.9
2022-09-16,0.0,0.48,1677.0,,130,0,1669.0,1680.0,1635.0
2022-09-15,0.0,-2.23,1669.0,,663,0,1710.0,1710.0,1640.0
2022-09-14,0.0,2.52,1707.0,,1134,0,1665.0,1718.5,1665.0
2022-09-13,0.0,2.15,1665.0,,271,0,1662.6,1688.0,1646.1
2022-09-12,0.0,-1.21,1630.0,,473,0,1640.0,1650.0,1622.0
2022-09-11,0.0,-1.79,1650.0,,410,0,1680.0,1700.0,1647.0
2022-09-08,0.0,0.96,1680.0,,300,0,1662.0,1686.0,1656.0
2022-09-07,0.0,-0.36,1664.0,,510,0,1700.0,1700.0,1664.0
2022-09-06,0.0,-1.82,1670.0,,354,0,1701.0,1730.0,1670.0
2022-09-05,0.0,-0.76,1701.0,,358,0,1748.0,1748.0,1700.0
2022-09-04,0.0,-0.35,1714.0,,541,0,1750.0,1751.0,1687.1
2022-09-02,0.0,1.42,1720.0,,82,0,1700.0,1728.9,1695.0
2022-09-01,0.0,0.18,1696.0,,301,0,1666.1,1715.0,1666.1
2022-08-31,0.0,-0.12,1693.0,,607,0,1720.0,1720.0,1665.0
2022-08-30,0.0,-0.76,1695.0,,658,0,1710.0,1710.0,1680.0
2022-08-29,0.0,0.41,1708.0,,1025,0,1701.0,1708.0,1672.0
2022-08-28,0.0,-3.63,1701.0,,1717,0,1740.0,1740.0,1700.0
2022-08-26,0.0,-0.84,1765.0,,439,0,1780.0,1780.0,1750.0
2022-08-25,0.0,-0.56,1780.0,,1158,0,1790.0,1818.9,1780.0
2022-08-24,0.0,-1.92,1790.0,,1220,0,1849.9,1849.9,1790.0
2022-08-23,0.0,-0.54,1825.0,,303,0,1855.0,1870.0,1825.0
2022-08-22,0.0,-0.81,1835.0,,569,0,1830.0,1866.6,1830.0
2022-08-21,0.0,-2.63,1850.0,,759,0,1937.0,1964.0,1828.0
2022-08-18,0.0,-0.99,1900.0,,224,0,1947.0,1947.0,1898.0
2022-08-17,0.0,3.17,1919.0,,1237,0,1896.0,1919.0,1815.0
2022-08-16,0.0,-4.12,1860.1,,2309,0,1910.0,1970.0,1860.0
2022-08-15,0.0,3.19,1940.0,,742,0,1910.0,1948.0,1890.0
2022-08-14,0.0,-1.21,1880.0,,914,0,1941.0,1941.0,1880.0
2022-08-11,0.0,-0.89,1903.0,,935,0,1900.0,1957.0,1900.0
2022-08-10,0.0,-0.52,1920.0,,505,0,1901.5,1935.0,1900.0
2022-08-09,0.0,-3.21,1930.0,,2022,0,1994.0,1999.0,1930.0
2022-08-08,0.0,0.3,1994.0,,1394,0,2027.0,2027.0,1993.0
2022-08-07,0.0,2.0,1988.0,,851,0,1975.0,2014.0,1950.0
2022-08-05,0.0,-3.03,1949.0,,1101,0,1970.1,1999.0,1949.0
2022-08-04,0.0,-0.99,2010.0,,2192,0,2000.0,2060.0,2000.0
2022-08-03,0.0,4.1,2030.0,,4662,0,1912.0,2135.0,1912.0
2022-08-02,0.0,0.1,1950.0,,1662,0,1970.0,1985.0,1911.0
2022-08-01,0.0,-1.37,1948.0,,991,0,1999.0,1999.0,1923.0
2022-07-31,0.0,0.77,1975.0,,921,0,1999.0,2010.0,1961.0
2022-07-29,0.0,0.51,1960.0,,934,0,1922.0,1985.0,1921.0
2022-07-28,0.0,3.5,1950.0,,4059,0,1885.0,1999.0,1885.0
2022-07-27,0.0,0.48,1884.0,,1614,0,1860.0,1894.0,1848.0
2022-07-26,0.0,-2.6,1875.0,,1714,0,1887.0,1910.0,1875.0
2022-07-25,0.0,1.85,1925.0,,2489,0,1920.0,1927.8,1890.0
2022-07-24,0.0,2.47,1890.0,,2470,0,1850.0,1905.0,1795.0
2022-07-22,0.0,-1.63,1844.5,,791,0,1850.0,1850.0,1778.0
2022-07-21,0.0,2.74,1875.0,,1561,0,1860.0,1880.0,1775.0
2022-07-20,0.0,-1.08,1825.0,,309,0,1811.0,1882.0,1811.0
2022-07-19,0.0,1.94,1845.0,,2206,0,1809.9,1900.0,1809.9
2022-07-18,0.0,0.94,1809.9,,1551,0,1818.0,1818.0,1762.0
2022-07-17,0.0,3.94,1793.0,,1345,0,1750.0,1793.0,1740.0
2022-07-15,0.0,-1.37,1725.0,,1514,0,1720.1,1774.0,1715.0
2022-07-14,0.0,1.98,1749.0,,764,0,1716.0,1779.9,1716.0
2022-07-13,0.0,2.08,1715.0,,494,0,1713.0,1747.2,1700.0
2022-07-12,0.0,0.0,1680.0,,647,0,1680.0,1747.2,1680.0
2022-07-11,0.0,-4.33,1680.0,,2192,0,1721.0,1730.0,1678.0
2022-07-08,0.0,-2.98,1756.0,,515,0,1795.5,1795.5,1756.0
2022-07-07,0.0,-0.82,1810.0,,1268,0,1861.5,1910.0,1810.0
2022-07-06,0.0,1.39,1825.0,,878,0,1835.7,1860.0,1799.3
2022-07-05,0.0,-4.36,1800.0,,1325,0,1918.0,1919.0,1800.0
2022-07-04,0.0,0.43,1882.0,,1874,0,1899.0,2016.0,1836.6
2022-07-03,0.0,3.54,1874.0,,2329,0,1790.0,1897.9,1790.0
2022-07-01,0.0,-0.55,1810.0,,572,0,1784.0,1820.0,1775.0
2022-06-30,0.0,2.3,1820.0,,1242,0,1810.0,1820.0,1780.0
2022-06-29,0.0,5.14,1779.0,,2076,0,1725.8,1782.9,1692.0
2022-06-28,0.0,-3.31,1692.0,,534,0,1715.1,1715.1,1692.0
2022-06-27,0.0,-2.07,1750.0,,1061,0,1822.7,1855.0,1746.4
2022-06-26,0.0,9.97,1787.0,,2415,0,1657.5,1787.5,1657.5
2022-06-24,0.0,-2.99,1625.0,,2463,0,1650.0,1700.0,1615.0
2022-06-23,0.0,-1.03,1675.0,,653,0,1660.0,1675.0,1630.0
2022-06-22,0.0,-1.31,1692.5,,516,0,1748.8,1748.8,1661.0
2022-06-21,0.0,2.69,1715.0,,148,0,1700.0,1758.0,1700.0
2022-06-20,0.0,-4.9,1670.0,,889,0,1725.0,1734.0,1667.0
2022-06-19,0.0,-3.62,1756.1,,329,0,1788.0,1788.0,1755.0
2022-06-17,0.0,-0.16,1822.0,,370,0,1788.5,1822.0,1752.8
2022-06-16,0.0,0.39,1825.0,,2403,0,1854.0,1854.0,1745.1
2022-06-15,0.0,-0.11,1818.0,,755,0,1790.0,1819.0,1765.0
2022-06-14,0.0,-3.23,1820.0,,336,0,1850.0,1850.0,1814.0
2022-06-13,0.0,-2.04,1880.8,,3144,0,1885.0,1885.0,1767.0
2022-06-10,0.0,-0.31,1920.0,,177,0,1915.0,1920.0,1862.0
2022-06-09,0.0,1.42,1926.0,,405,0,1936.9,1936.9,1898.2
2022-06-08,0.0,5.5,1899.0,,534,0,1836.0,1904.3,1836.0
2022-06-07,0.0,-5.51,1800.0,,474,0,1868.0,1900.9,1800.0
2022-06-06,0.0,1.6,1905.0,,123,0,1912.0,1912.0,1905.0
2022-06-03,0.0,0.0,1875.0,,345,0,1850.0,1900.0,1850.0
2022-06-02,0.0,-1.32,1875.0,,840,0,1878.0,1880.0,1871.0
2022-06-01,0.0,-0.89,1900.0,,757,0,1883.0,1938.0,1883.0
2022-05-31,0.0,-3.91,1917.0,,614,0,2000.0,2000.0,1917.0
2022-05-30,0.0,1.53,1995.0,,316,0,2004.0,2004.0,1917.0
2022-05-27,0.0,-1.26,1965.0,,138,0,2029.0,2050.0,1965.0
2022-05-26,0.0,0.0,1990.0,,111,0,2029.8,2029.8,1990.0
2022-05-25,0.0,-1.0,1990.0,,70,0,2000.0,2000.0,1990.0
2022-05-24,0.0,0.0,2010.0,,60,0,2029.0,2050.0,2010.0
2022-05-23,0.0,0.5,2010.0,,484,0,2020.0,2021.0,1970.0
2022-05-20,0.0,0.91,2000.0,,105,0,2015.0,2021.0,1970.0
2022-05-19,0.0,-1.88,1982.0,,399,0,1982.0,2040.0,1980.0
2022-05-18,0.0,-0.01,2020.0,,190,0,2088.0,2088.0,2010.0
2022-05-17,0.0,-2.94,2048.0,,151,0,2068.0,2068.0,1997.0
2022-05-12,0.0,-0.42,2110.0,,739,0,2145.0,2204.5,2100.0
2022-05-11,0.0,2.02,2119.0,,332,0,2100.0,2141.0,2083.0
2022-05-10,0.0,1.96,2077.0,,140,0,2077.6,2118.0,2077.0
2022-05-09,0.0,2.98,2037.0,,409,0,1977.0,2056.0,1977.0
2022-05-08,0.0,3.51,1978.0,,709,0,1900.0,1978.0,1881.0
2022-05-05,0.0,-4.43,1911.0,,583,0,2000.0,2005.0,1903.1
2022-05-04,0.0,-3.41,1999.5,,736,0,2041.0,2055.0,1999.5
2022-05-02,0.0,-3.23,2070.0,,240,0,2100.0,2100.0,2070.0
2022-04-28,0.0,-1.93,2139.0,,796,0,2150.0,2150.0,2095.2
2022-04-27,0.0,-0.11,2181.0,,641,0,2139.9,2181.0,2101.0
2022-04-26,0.0,-0.89,2183.5,,423,0,2159.0,2185.0,2159.0
2022-04-25,0.0,1.29,2203.0,,992,0,2215.0,2285.0,2171.0
2022-04-24,0.0,3.57,2175.0,,880,0,2100.0,2179.0,2058.0
2022-04-21,0.0,6.06,2100.0,,1534,0,1940.4,2100.0,1940.4
2022-04-20,0.0,0.15,1980.0,,445,0,1970.0,2050.0,1970.0
2022-04-19,0.0,-1.19,1977.1,,753,0,1980.0,2019.0,1975.0
2022-04-18,0.0,-3.33,2001.0,,700,0,2030.0,2036.0,1991.0
2022-04-17,0.0,-1.43,2070.0,,492,0,2100.0,2100.0,2070.0
2022-04-13,0.0,0.96,2100.0,,470,0,2080.0,2122.0,2080.0
2022-04-12,0.0,-2.19,2080.0,,512,0,2126.6,2126.6,2080.0
2022-04-11,0.0,-0.16,2126.6,,373,0,2172.0,2175.0,2126.6
2022-04-07,0.0,0.0,2130.0,,691,0,2126.0,2155.0,2100.0
2022-04-06,0.0,-1.39,2130.0,,128,0,2150.0,2150.0,2116.8
2022-04-05,0.0,-0.23,2160.0,,826,0,2128.0,2160.0,2100.2
2022-04-04,0.0,-0.28,2165.0,,482,0,2160.0,2170.0,2146.0
2022-04-03,0.0,-1.99,2171.0,,278,0,2215.0,2248.0,2171.0
2022-03-31,0.0,-1.12,2215.0,,83,0,2284.0,2284.0,2209.0
2022-03-30,0.0,1.82,2240.0,,328,0,2161.0,2242.0,2161.0
2022-03-29,0.0,-1.43,2200.0,,277,0,2231.8,2232.0,2191.0
2022-03-28,0.0,-2.28,2232.0,,183,0,2250.0,2279.9,2230.0
2022-03-27,0.0,-0.27,2284.0,,279,0,2245.0,2284.0,2244.4
2022-03-24,0.0,-0.94,2290.2,,409,0,2311.0,2311.0,2290.0
2022-03-23,0.0,-0.77,2312.0,,660,0,2330.0,2330.0,2312.0
2022-03-22,0.0,0.65,2330.0,,888,0,2310.1,2330.0,2300.0
2022-03-21,0.0,-0.22,2315.0,,99,0,2320.0,2320.0,2315.0
2022-03-20,0.0,0.3,2320.0,,439,0,2300.0,2320.0,2290.0
2022-03-16,0.0,0.74,2313.0,,420,0,2315.0,2315.0,2280.0
2022-03-15,0.0,0.7,2296.0,,345,0,2280.0,2300.0,2242.0
2022-03-14,0.0,-0.44,2280.0,,183,0,2335.8,2335.8,2280.0
2022-03-13,0.0,2.14,2290.0,,463,0,2286.0,2327.0,2285.0
2022-03-10,0.0,1.91,2242.0,,1149,0,2158.0,2244.0,2158.0
2022-03-09,0.0,-0.81,2200.0,,1279,0,2259.0,2259.0,2180.0
2022-03-07,0.0,2.21,2218.0,,467,0,2213.0,2256.9,2175.0
2022-03-06,0.0,-1.4,2170.1,,652,0,2201.0,2210.0,2170.1
2022-03-02,0.0,-3.25,2201.0,,518,0,2232.1,2240.0,2200.0
2022-02-28,0.0,0.0,2275.0,,782,0,2310.0,2319.0,2275.0
2022-02-27,0.0,-1.39,2275.0,,738,0,2281.0,2306.9,2225.0
2022-02-24,0.0,-1.41,2307.0,,983,0,2340.0,2340.0,2304.0
2022-02-23,0.0,-1.27,2340.0,,239,0,2340.0,2350.0,2325.0
2022-02-22,0.0,0.85,2370.0,,367,0,2389.0,2397.0,2335.0
2022-02-21,0.0,-0.21,2350.0,,1032,0,2355.0,2355.0,2316.0
2022-02-20,0.0,-2.61,2355.0,,979,0,2370.0,2370.0,2351.0
2022-02-17,0.0,-2.0,2418.0,,716,0,2430.0,2430.0,2418.0
2022-02-16,0.0,2.0,2467.3,,680,0,2372.0,2467.3,2372.0
2022-02-15,0.0,1.04,2419.0,,591,0,2440.0,2440.0,2395.0
2022-02-14,0.0,1.66,2394.0,,496,0,2380.0,2394.0,2360.0
2022-02-13,0.0,-3.09,2355.0,,959,0,2385.0,2415.0,2353.0
2022-02-10,0.0,-2.13,2430.0,,237,0,2450.0,2480.0,2425.0
2022-02-09,0.0,1.97,2483.0,,1558,0,2430.0,2483.0,2400.2
2022-02-08,0.0,0.0,2435.0,,1209,0,2523.5,2523.5,2435.0
2022-02-07,0.0,0.61,2475.0,,509,0,2448.0,2495.0,2446.0
2022-02-06,0.0,-1.4,2460.0,,623,0,2529.0,2529.0,2456.0
2022-02-03,0.0,-0.6,2495.0,,1003,0,2550.0,2560.0,2495.0
2022-02-01,0.0,1.5,2510.0,,1651,0,2500.0,2522.0,2480.0
2022-01-31,0.0,-1.08,2473.0,,1896,0,2503.0,2521.0,2440.2
2022-01-30,0.0,0.41,2500.0,,1785,0,2539.6,2545.0,2490.0
2022-01-27,0.0,0.81,2489.9,,798,0,2470.0,2510.0,2450.0
2022-01-26,0.0,-0.84,2470.0,,561,0,2491.0,2491.0,2418.0
2022-01-25,0.0,-0.95,2491.0,,718,0,2515.0,2549.0,2466.0
2022-01-24,0.0,0.6,2515.0,,2394,0,2500.0,2565.0,2440.0
2022-01-23,0.0,-1.19,2500.0,,1064,0,2580.0,2580.0,2481.0
2022-01-20,0.0,-0.59,2530.0,,727,0,2500.0,2540.0,2496.0
2022-01-19,0.0,-0.59,2545.0,,1012,0,2525.0,2560.0,2520.0
2022-01-18,0.0,-2.29,2560.0,,2052,0,2620.0,2620.0,2560.0
2022-01-17,0.0,-1.35,2620.0,,764,0,2693.0,2693.0,2610.0
2022-01-16,0.0,3.95,2655.9,,1414,0,2555.0,2763.0,2570.0
2022-01-13,0.0,0.79,2555.0,,1671,0,2535.0,2585.0,2515.0
2022-01-12,0.0,0.2,2535.0,,1011,0,2530.0,2621.0,2530.0
2022-01-11,0.0,1.2,2530.0,,1815,0,2490.0,2550.0,2488.0
2022-01-10,0.0,0.04,2500.0,,2130,0,2548.0,2548.0,2451.0
2022-01-09,0.0,1.59,2499.0,,3123,0,2509.1,2509.2,2440.1
2022-01-06,0.0,-0.81,2460.0,,1118,0,2480.0,2480.0,2410.0
2022-01-05,0.0,4.06,2480.0,,4340,0,2400.0,2579.4,2400.0
2022-01-04,0.0,7.16,2979.0,,8595,0,2834.1,2999.9,2834.1
2022-01-03,0.0,4.2,2780.0,,2283,0,2721.2,2780.0,2721.2
2022-01-02,0.0,2.22,2667.9,,1702,0,2610.0,2667.9,2605.0
2021-12-29,0.0,0.38,2610.0,,640,0,2600.0,2615.0,2580.1
2021-12-28,0.0,-1.19,2600.0,,498,0,2582.1,2630.0,2582.0
2021-12-27,0.0,-1.71,2631.3,,2280,0,2730.5,2769.0,2625.1
2021-12-26,0.0,1.02,2677.0,,2608,0,2650.0,2698.0,2650.0
2021-12-23,0.0,-1.34,2650.0,,1169,0,2632.3,2687.0,2580.4
2021-12-22,0.0,3.31,2686.0,,1243,0,2550.0,2785.0,2550.0
2021-12-21,0.0,4.04,2600.0,,2616,0,2548.0,2601.0,2430.0
2021-12-20,0.0,4.04,2499.0,,1104,0,2354.0,2499.0,2308.0
2021-12-16,0.0,-2.0,2402.0,,857,0,2402.0,2402.0,2354.0
2021-12-15,0.0,3.16,2451.0,,2692,0,2423.5,2613.6,2420.0
2021-12-14,0.0,10.0,2376.0,,858,0,2203.0,2376.0,2203.0
2021-12-13,0.0,-1.86,2160.0,,2667,0,2157.0,2160.0,2061.1
2021-12-12,0.0,-8.37,2201.0,,2209,0,2400.0,2400.0,2201.0
2021-12-09,0.0,-0.33,2402.0,,1189,0,2440.0,2455.0,2386.0
2021-12-08,0.0,-7.13,2410.0,,2426,0,2555.0,2555.0,2410.0
2021-12-07,0.0,-1.7,2595.0,,2468,0,2650.0,2674.0,2595.0
2021-12-06,0.0,-6.88,2640.0,,7411,0,2779.0,2779.0,2600.0
2021-12-05,0.0,-2.91,2835.1,,1294,0,2920.0,2920.0,2833.0
2021-12-02,0.0,-2.54,2920.0,,3179,0,3000.0,3025.0,2920.0
2021-12-01,0.0,0.87,2996.0,,810,0,2950.1,3029.0,2950.0
2021-11-30,0.0,0.14,2970.2,,769,0,2950.0,3000.0,2950.0
2021-11-29,0.0,-1.16,2966.1,,1996,0,3001.0,3049.0,2965.3
2021-11-28,0.0,-3.29,3001.0,,1350,0,3050.0,3110.0,2990.2
2021-11-25,0.0,0.1,3103.0,,1639,0,3162.0,3164.0,3101.0
2021-11-24,0.0,-1.4,3100.0,,943,0,3082.1,3100.0,3050.1
2021-11-23,0.0,-0.51,3144.0,,888,0,3160.0,3160.0,3100.0
2021-11-22,0.0,-0.82,3160.0,,1008,0,3220.0,3220.0,3152.0
2021-11-21,0.0,-1.33,3186.0,,1535,0,3240.0,3255.0,3176.0
2021-11-18,0.0,1.95,3229.0,,4924,0,3133.0,3255.0,3133.0
2021-11-17,0.0,0.29,3167.1,,2600,0,3161.0,3209.9,3158.0
2021-11-16,0.0,0.73,3158.0,,1881,0,3150.0,3191.0,3132.0
2021-11-15,0.0,-0.76,3135.0,,2288,0,3126.0,3190.0,3125.0
2021-11-14,0.0,-0.03,3159.0,,1792,0,3160.0,3220.0,3077.0
2021-11-11,0.0,-4.33,3160.0,,2288,0,3340.0,3340.0,3150.0
2021-11-09,0.0,-4.26,3303.0,,3581,0,3500.0,3500.0,3250.0
2021-11-08,0.0,-0.58,3450.0,,2867,0,3448.0,3478.0,3332.0
2021-11-03,0.0,-0.83,3470.0,,979,0,3465.0,3530.0,3450.0
2021-11-02,0.0,0.78,3499.0,,430,0,3406.0,3501.0,3390.0
2021-11-01,0.0,-2.14,3472.0,,418,0,3555.0,3560.0,3470.0
2021-10-31,0.0,2.51,3548.0,,1710,0,3411.0,3549.0,3392.0
2021-10-28,0.0,1.11,3461.0,,1090,0,3419.0,3480.0,3390.0
2021-10-27,0.0,0.68,3423.0,,1165,0,3400.0,3429.0,3366.0
2021-10-26,0.0,0.06,3400.0,,888,0,3350.0,3419.0,3350.0
2021-10-25,0.0,2.5,3397.9,,340,0,3381.0,3404.0,3333.0
2021-10-24,0.0,2.63,3315.0,,648,0,3280.0,3315.0,3170.0
2021-10-21,0.0,0.0,3230.0,,106,0,3170.0,3230.0,3168.0
2021-10-20,0.0,1.99,3230.0,,758,0,3230.0,3294.5,3120.0
2021-10-19,0.0,-3.45,3167.0,,658,0,3214.5,3280.0,3105.0
2021-10-18,0.0,-4.09,3280.0,,1924,0,3354.0,3354.0,3280.0
2021-10-17,0.0,-2.17,3420.0,,184,0,3560.0,3631.2,3420.0
2021-10-11,0.0,-2.21,3496.0,,779,0,3504.0,3504.0,3381.0
2021-10-10,0.0,2.49,3575.0,,3453,0,3557.7,3825.0,3557.7
2021-10-06,0.0,10.0,3488.0,,1723,0,3234.4,3488.1,3234.4
2021-10-05,0.0,9.84,3171.0,,869,0,2944.0,3175.7,2890.0
2021-10-04,0.0,2.01,2887.0,,299,0,2775.0,2890.0,2773.4
2021-10-03,0.0,-3.08,2830.0,,1374,0,2890.0,2890.0,2830.0
2021-09-30,0.0,1.03,2919.9,,544,0,2899.9,3003.0,2870.0
2021-09-29,0.0,-0.17,2890.0,,460,0,2851.0,2920.0,2838.0
2021-09-28,0.0,-1.86,2895.0,,370,0,3007.0,3009.0,2891.2
2021-09-27,0.0,-2.01,2950.0,,582,0,3010.6,3011.0,2940.0
2021-09-26,0.0,-2.64,3010.5,,1155,0,3135.0,3135.0,2980.0
2021-09-23,0.0,-1.84,3092.0,,407,0,3213.0,3213.0,3092.0
2021-09-22,0.0,2.67,3150.0,,541,0,3068.0,3191.0,3068.0
2021-09-21,0.0,-1.35,3068.0,,2048,0,3050.0,3155.0,2869.0
2021-09-20,0.0,-2.48,3110.0,,874,0,3136.0,3200.0,3073.2
2021-09-16,0.0,-2.18,3189.0,,1012,0,3225.0,3225.0,3175.0
2021-09-15,0.0,-3.12,3260.0,,664,0,3300.0,3346.0,3234.0
2021-09-14,0.0,1.36,3365.0,,1039,0,3320.0,3366.0,3245.0
2021-09-13,0.0,0.61,3320.0,,928,0,3260.0,3325.0,3258.1
2021-09-12,0.0,0.92,3300.0,,652,0,3270.0,3400.0,3250.1
2021-09-09,0.0,-1.36,3270.0,,664,0,3381.4,3449.0,3250.0
2021-09-08,0.0,-1.33,3315.1,,411,0,3350.0,3370.0,3310.0
2021-09-07,0.0,-2.04,3359.9,,488,0,3400.0,3400.0,3303.0
2021-09-06,0.0,4.86,3430.0,,1017,0,3206.0,3444.8,3206.0
2021-09-05,0.0,-2.36,3271.0,,1449,0,3325.0,3370.0,3175.0
2021-09-02,0.0,-0.59,3350.0,,1199,0,3370.0,3436.0,3350.0
2021-09-01,0.0,-0.59,3370.0,,1628,0,3331.0,3427.0,3331.0
2021-08-31,0.0,-0.99,3390.0,,853,0,3399.1,3460.0,3381.0
2021-08-29,0.0,-1.48,3424.0,,405,0,3490.0,3500.0,3424.0
2021-08-26,0.0,-0.84,3475.5,,1209,0,3461.1,3500.0,3461.1
2021-08-25,0.0,-1.99,3505.0,,714,0,3543.0,3543.0,3501.0
2021-08-24,0.0,-0.25,3576.0,,608,0,3656.0,3675.0,3544.0
2021-08-19,0.0,-0.14,3585.0,,1448,0,3661.8,3700.0,3548.0
2021-08-18,0.0,0.96,3590.0,,1681,0,3626.0,3700.0,3550.0
2021-08-17,0.0,-1.9,3556.0,,1646,0,3656.7,3656.7,3556.0
2021-08-16,0.0,0.69,3625.0,,1228,0,3672.0,3672.0,3590.0
2021-08-15,0.0,0.28,3600.0,,1464,0,3560.0,3640.0,3560.0
2021-08-12,0.0,-2.89,3590.0,,3009,0,3697.0,3695.0,3570.0
2021-08-11,0.0,1.96,3697.0,,1688,0,3695.0,3698.0,3560.0
2021-08-10,0.0,-1.97,3626.0,,2195,0,3626.0,3748.0,3552.6
2021-08-09,0.0,-0.05,3699.0,,1857,0,3700.0,3739.0,3660.0
2021-08-08,0.0,-3.77,3701.0,,5133,0,3830.0,3830.0,3695.0
2021-08-05,0.0,-1.38,3846.0,,2755,0,3873.0,3876.0,3774.0
2021-08-04,0.0,-1.12,3899.9,,3849,0,4022.8,4022.8,3851.9
2021-08-03,0.0,2.44,3944.0,,4659,0,3927.0,4000.0,3900.0
2021-08-02,0.0,2.04,3850.0,,4776,0,3848.4,3900.0,3800.0
2021-08-01,0.0,4.49,3773.0,,3376,0,3683.0,3773.0,3680.0
2021-07-29,0.0,0.87,3611.0,,2147,0,3610.0,3620.0,3540.0
2021-07-28,0.0,5.26,3580.0,,3650,0,3386.0,3580.0,3385.5
2021-07-27,0.0,-4.06,3401.0,,3490,0,3477.0,3495.0,3401.0
2021-07-26,0.0,0.0,3545.0,,903,0,3490.0,3559.0,3490.0
2021-07-25,0.0,1.58,3545.0,,966,0,3550.0,3550.0,3490.0
2021-07-22,0.0,-1.94,3490.0,,925,0,3500.0,3560.0,3490.0
2021-07-20,0.0,-0.03,3559.0,,962,0,3558.9,3590.0,3520.0
2021-07-19,0.0,1.71,3560.0,,993,0,3559.9,3560.0,3500.0
2021-07-18,0.0,3.52,3500.0,,1234,0,3400.0,3507.0,3400.0
2021-07-15,0.0,0.15,3381.0,,309,0,3390.0,3400.0,3380.0
2021-07-14,0.0,-0.65,3376.0,,499,0,3331.0,3397.0,3331.0
2021-07-13,0.0,0.53,3398.0,,395,0,3445.0,3447.0,3385.0
2021-07-12,0.0,-0.68,3380.0,,1496,0,3450.0,3468.0,3356.0
2021-07-11,0.0,3.15,3403.0,,1556,0,3340.0,3403.0,3310.0
2021-07-08,0.0,1.51,3299.0,,656,0,3250.0,3299.0,3210.0
2021-07-07,0.0,0.28,3250.0,,921,0,3201.0,3305.0,3201.0
2021-07-06,0.0,-1.55,3241.0,,767,0,3300.0,3300.0,3230.0
2021-07-05,0.0,-1.41,3292.0,,476,0,3320.0,3320.0,3290.0
2021-07-04,0.0,0.72,3339.0,,566,0,3315.0,3340.0,3300.0
2021-07-01,0.0,-0.15,3315.0,,406,0,3380.0,3380.0,3312.0
2021-06-30,0.0,-0.9,3320.0,,430,0,3290.0,3340.0,3290.0
2021-06-29,0.0,0.6,3350.0,,1557,0,3496.0,3496.0,3320.0
2021-06-28,0.0,1.15,3330.0,,1042,0,3350.0,3375.0,3330.0
2021-06-27,0.0,-0.24,3292.0,,1082,0,3365.0,3366.0,3265.0
2021-06-24,0.0,-0.6,3300.0,,4050,0,3350.0,3350.0,3295.0
2021-06-23,0.0,-1.34,3320.0,,1129,0,3395.0,3400.0,3301.0
2021-06-22,0.0,0.3,3365.0,,2645,0,3376.0,3450.0,3300.0
2021-06-21,0.0,-2.04,3355.0,,1954,0,3365.0,3440.0,3350.0
2021-06-20,0.0,-2.67,3425.0,,1049,0,3500.0,3500.0,3422.0
2021-06-17,0.0,-0.45,3519.0,,1265,0,3570.0,3570.0,3470.0
2021-06-16,0.0,2.08,3535.0,,4934,0,3530.0,3670.0,3460.0
2021-06-15,0.0,-1.03,3463.0,,1292,0,3500.0,3500.0,3461.0
2021-06-14,0.0,-0.03,3499.0,,1412,0,3499.0,3499.0,3431.0
2021-06-13,0.0,0.29,3500.0,,1356,0,3559.0,3630.0,3475.0
2021-06-10,0.0,0.03,3490.0,,3273,0,3489.0,3630.0,3470.0
2021-06-09,0.0,-0.01,3489.0,,639,0,3520.0,3530.0,3460.0
2021-06-08,0.0,-0.28,3520.0,,1533,0,3597.0,3600.0,3505.0
2021-06-07,0.0,-0.73,3530.0,,2572,0,3556.0,3620.0,3520.0
2021-06-06,0.0,-0.08,3556.0,,1384,0,3736.0,3736.0,3530.0
2021-06-03,0.0,0.25,3559.0,,1997,0,3500.0,3672.0,3480.0
2021-06-02,0.0,6.29,3550.0,,3049,0,3340.0,3360.0,3302.0
2021-06-01,0.0,-0.74,3340.0,,3423,0,3359.0,3360.0,3302.0
2021-05-31,0.0,-2.32,3365.0,,4290,0,3400.0,3419.0,3338.0
2021-05-30,0.0,-1.57,3445.0,,2778,0,3500.0,3500.0,3432.0
2021-05-27,0.0,-3.1,3500.0,,7193,0,3550.0,3600.0,3430.0
2021-05-25,0.0,-0.63,3612.0,,3578,0,3635.0,3635.0,3582.0
2021-05-24,0.0,-0.95,3635.0,,2988,0,3670.0,3670.0,3625.0
2021-05-23,0.0,-0.78,3670.0,,2643,0,3645.0,3698.0,3626.0
2021-05-20,0.0,-0.3,3699.0,,1776,0,3710.0,3765.0,3694.0
2021-05-19,0.0,0.98,3710.0,,4612,0,3747.0,3800.0,3690.0
2021-05-18,0.0,0.25,3674.0,,2300,0,3699.0,3709.0,3670.0
2021-05-17,0.0,0.11,3665.0,,3853,0,3733.0,3734.0,3646.0
2021-05-16,0.0,-0.52,3661.0,,5312,0,3700.0,3700.0,3621.0
2021-05-13,0.0,-1.34,3680.0,,6555,0,3730.0,3741.0,3670.0
2021-05-12,0.0,-1.32,3730.0,,3231,0,3800.0,3830.0,3700.0
2021-05-11,0.0,0.16,3780.0,,2797,0,3800.0,3829.0,3768.0
2021-05-10,0.0,0.13,3774.0,,4908,0,3710.0,3774.0,3621.0
2021-05-09,0.0,-5.11,3769.0,,14033,0,4170.0,4338.0,3762.0
2021-05-06,0.0,10.0,3972.0,,4531,0,3791.0,3972.0,3791.0
2021-05-05,0.0,0.65,5395.0,,28025,0,5360.0,5500.0,5300.0
2021-05-04,0.0,0.75,5360.0,,7728,0,5320.0,5421.0,5294.0
2021-05-03,0.0,4.01,5320.0,,6262,0,5150.0,5323.0,5115.0
2021-05-02,0.0,4.71,5115.0,,10609,0,4935.0,5115.0,4900.0
2021-04-29,0.0,1.77,4885.0,,7306,0,4711.0,4890.0,4711.0
2021-04-28,0.0,0.0,4800.0,,3504,0,4896.0,4896.0,4760.0
2021-04-27,0.0,3.63,4800.0,,6009,0,4700.0,4820.0,4640.0
2021-04-26,0.0,-2.77,4632.0,,7510,0,4670.0,4800.0,4528.0
2021-04-25,0.0,-3.76,4764.0,,8562,0,5050.0,5050.0,4764.0
2021-04-22,0.0,-0.06,4947.0,,8652,0,4950.0,5120.0,4947.0
2021-04-21,0.0,5.34,4950.0,,16102,0,4900.0,5000.0,4790.0
2021-04-20,0.0,7.53,4699.0,,19774,0,4500.0,4783.0,4500.0
2021-04-19,0.0,-0.68,4370.0,,2168,0,4326.0,4420.0,4325.0
2021-04-18,0.0,-1.28,4400.0,,1581,0,4499.0,4500.0,4390.0
2021-04-15,0.0,-0.49,4457.0,,2401,0,4500.0,4501.0,4452.0
2021-04-13,0.0,-1.13,4479.0,,2899,0,4549.0,4549.0,4450.0
2021-04-12,0.0,0.42,4530.0,,3970,0,4590.0,4590.0,4500.0
2021-04-08,0.0,0.24,4511.0,,5314,0,4550.0,4570.0,4475.0
2021-04-07,0.0,1.49,4500.0,,6012,0,4434.0,4510.0,4415.0
2021-04-06,0.0,2.88,4434.0,,6036,0,4307.0,4434.0,4307.0
2021-04-05,0.0,0.7,4310.0,,3387,0,4300.0,4392.0,4245.0
2021-04-04,0.0,-1.81,4280.0,,2631,0,4425.0,4425.0,4250.0
2021-04-01,0.0,-2.79,4359.0,,4615,0,4500.0,4600.0,4342.0
2021-03-31,0.0,0.31,4484.0,,4467,0,4549.0,4549.0,4470.0
2021-03-30,0.0,4.05,4470.0,,7238,0,4225.0,4480.0,4225.0
2021-03-29,0.0,3.77,4296.0,,5774,0,4347.0,4347.0,4165.0
2021-03-25,0.0,4.49,4140.0,,15354,0,4000.0,4200.0,4000.0
2021-03-24,0.0,-0.28,3962.0,,2336,0,3997.0,3997.0,3951.0
2021-03-22,0.0,-1.97,3940.0,,2872,0,4020.0,4045.0,3911.0
2021-03-21,0.0,4.42,4019.0,,5974,0,3900.0,4080.0,3850.0
2021-03-18,0.0,1.4,3849.0,,1394,0,3870.0,3871.0,3800.0
2021-03-17,0.0,1.06,3796.0,,1352,0,3765.0,3810.0,3765.0
2021-03-16,0.0,0.32,3756.0,,1826,0,3779.0,3809.0,3753.0
2021-03-15,0.0,0.59,3744.0,,2587,0,3700.0,3853.0,3648.0
2021-03-14,0.0,-1.79,3722.0,,4027,0,3863.0,3880.0,3722.0
2021-03-10,0.0,-1.3,3790.0,,2256,0,3835.0,3845.0,3774.0
2021-03-09,0.0,-1.03,3840.0,,1242,0,3885.0,3920.0,3811.0
2021-03-04,0.0,4.07,3885.0,,4050,0,3807.0,3890.0,3800.0
2021-03-03,0.0,-1.69,3733.0,,3302,0,3825.0,3825.0,3699.0
2021-03-02,0.0,-2.39,3797.0,,3328,0,3967.0,3967.0,3797.0
2021-03-01,0.0,0.0,3890.0,,2004,0,3793.0,3920.0,3793.0
2021-02-28,0.0,-1.55,3869.0,,3828,0,3974.0,3999.0,3860.0
2021-02-25,0.0,0.0,3930.0,,4542,0,3900.0,3995.0,3870.0
2021-02-24,0.0,0.7,3907.0,,2315,0,3957.0,3977.0,3860.0
2021-02-23,0.0,-0.74,3880.0,,5159,0,3900.0,3900.0,3805.0
2021-02-22,0.0,0.1,3909.0,,3442,0,3900.0,3949.0,3850.0
2021-02-21,0.0,-0.02,3905.0,,4426,0,3965.0,4025.0,3900.0
2021-02-18,0.0,-0.01,3994.0,,3751,0,4050.0,4080.0,3990.0
2021-02-17,0.0,0.01,4015.0,,5282,0,4000.0,4079.0,3933.0
2021-02-16,0.0,-0.03,3988.0,,6074,0,4170.0,4170.0,3956.0
2021-02-15,0.0,0.07,4091.0,,7112,0,3902.0,4125.0,3902.0
2021-02-14,0.0,-0.01,3826.0,,3153,0,3920.0,3920.0,3815.0
2021-02-11,0.0,-0.01,3860.0,,7373,0,3940.0,3960.0,3850.0
2021-02-10,0.0,0.0,3909.0,,5961,0,3900.0,4015.0,3837.0
2021-02-09,0.0,-0.01,3920.0,,6228,0,4000.0,4000.0,3775.0
2021-02-08,0.0,-0.03,3965.0,,10036,0,4190.0,4280.0,3900.0
2021-02-07,0.0,0.1,4107.0,,22810,0,3932.0,4119.0,3932.0
2021-02-04,0.0,0.1,3745.0,,50959,0,3575.0,3745.0,3575.0
2021-02-03,0.0,0.1,3405.0,,751,0,3250.0,3405.0,3250.0
2021-02-02,0.0,0.1,3096.0,,499,0,2955.0,3096.0,2955.0
2021-02-01,0.0,0.06,2815.0,,8313,0,2705.0,2824.0,2695.0
2021-01-31,0.0,-0.03,2666.0,,3694,0,2740.0,2740.0,2615.0
2021-01-28,0.0,0.02,2745.0,,4891,0,2749.0,2820.0,2700.0
2021-01-27,0.0,0.01,2700.0,,2653,0,2700.0,2709.0,2650.0
2021-01-26,0.0,-0.01,2674.0,,5027,0,2700.0,2732.0,2651.0
2021-01-25,0.0,0.01,2700.0,,3292,0,2734.0,2734.0,2630.0
2021-01-24,0.0,0.07,2682.0,,7131,0,2559.0,2730.0,2544.0
2021-01-21,0.0,0.03,2510.0,,4228,0,2450.0,2513.0,2440.0
2021-01-20,0.0,0.06,2432.0,,4471,0,2300.0,2519.0,2295.0
2021-01-19,0.0,-0.01,2290.0,,2969,0,2351.0,2354.0,2221.0
2021-01-18,0.0,-0.01,2305.0,,2453,0,2370.0,2370.0,2300.0
2021-01-17,0.0,0.06,2327.0,,6215,0,2170.0,2374.0,2170.0
2021-01-13,0.0,-0.01,2200.0,,1935,0,2264.0,2264.0,2199.0
2021-01-12,0.0,0.02,2220.0,,6078,0,2150.0,2300.0,2130.0
2021-01-11,0.0,-0.03,2170.0,,1328,0,2210.0,2210.0,2160.0
2021-01-10,0.0,0.0,2229.0,,4990,0,2230.0,2230.0,2150.0
2021-01-07,0.0,0.02,2230.0,,10036,0,2287.0,2287.0,2162.0
2021-01-06,0.0,0.1,2179.0,,14964,0,2080.0,2179.0,2039.0
2021-01-05,0.0,0.1,1981.0,,7727,0,1771.0,1981.0,1771.0
2021-01-04,0.0,-0.01,1801.0,,2605,0,1830.0,1842.0,1801.0
2021-01-03,0.0,0.06,1820.0,,6200,0,1795.0,1820.0,1750.0
2020-12-31,0.0,-0.01,1710.0,,6050,0,1700.0,1738.0,1700.0
2020-12-30,0.0,0.04,1719.0,,1208,0,1670.0,1719.0,1663.0
2020-12-29,0.0,0.0,1657.0,,1631,0,1660.0,1713.0,1657.0
2020-12-28,0.0,0.02,1660.0,,958,0,1629.0,1665.0,1629.0
2020-12-27,0.0,-0.03,1635.0,,2108,0,1685.0,1713.0,1635.0
2020-12-24,0.0,-0.02,1687.0,,1608,0,1705.0,1727.0,1687.0
2020-12-23,0.0,0.0,1730.0,,2892,0,1761.0,1795.0,1728.0
2020-12-22,0.0,0.01,1727.0,,1967,0,1715.0,1753.0,1685.0
2020-12-21,0.0,0.02,1717.0,,5189,0,1658.0,1757.0,1534.0
2020-12-20,0.0,-0.03,1690.0,,8437,0,1765.0,1870.0,1667.0
2020-12-17,0.0,0.01,1751.0,,5881,0,1770.0,1840.0,1751.0
2020-12-16,0.0,0.05,1737.0,,7840,0,1657.0,1760.0,1657.0
2020-12-15,0.0,-0.01,1657.0,,4827,0,1703.0,1734.0,1652.0
2020-12-14,0.0,0.02,1670.0,,4449,0,1632.0,1697.0,1632.0
2020-12-13,0.0,0.03,1632.0,,1695,0,1607.0,1640.0,1580.0
2020-12-10,0.0,0.0,1578.0,,689,0,1545.0,1600.0,1520.0
2020-12-09,0.0,-0.02,1571.0,,2282,0,1630.0,1660.0,1567.0
2020-12-08,0.0,0.01,1610.0,,2950,0,1620.0,1650.0,1580.0
2020-12-07,0.0,0.02,1595.0,,2358,0,1565.0,1601.0,1501.0
2020-12-06,0.0,-0.06,1568.0,,1084,0,1659.0,1665.0,1568.0
2020-12-03,0.0,-0.02,1675.0,,2993,0,1750.0,1785.0,1642.0
2020-12-02,0.0,0.1,1716.0,,6041,0,1570.0,1716.0,1570.0
2020-12-01,0.0,-0.01,1560.0,,2040,0,1606.0,1606.0,1556.0
2020-11-30,0.0,0.01,1575.0,,1518,0,1565.0,1594.0,1565.0
2020-11-29,0.0,0.0,1565.0,,1604,0,1568.0,1575.0,1540.0
2020-11-26,0.0,0.01,1568.0,,1807,0,1580.0,1615.0,1568.0
2020-11-25,0.0,0.03,1540.0,,1553,0,1495.0,1550.0,1495.0
2020-11-24,0.0,0.01,1491.0,,1070,0,1454.0,1514.0,1450.0
2020-11-23,0.0,-0.02,1480.0,,335,0,1588.0,1588.0,1480.0
2020-11-22,0.0,-0.03,1513.0,,1477,0,1638.0,1638.0,1513.0
2020-11-19,0.0,0.0,1560.0,,1655,0,1574.0,1574.0,1520.0
2020-11-18,0.0,0.0,1550.0,,1780,0,1516.0,1604.0,1515.0
2020-11-12,0.0,0.0,1544.0,,2274,0,1460.0,1546.0,1435.0
2020-11-11,0.0,5.54,1487.0,,3127,0,1410.0,1487.0,1400.0
2020-11-10,0.0,2.1,1409.0,,1038,0,1400.0,1409.0,1394.0
2020-11-09,0.0,-0.36,1380.0,,734,0,1410.0,1410.0,1380.0
2020-11-08,0.0,-0.36,1385.0,,336,0,1363.0,1390.0,1366.0
2020-11-05,0.0,-1.07,1390.0,,517,0,1385.0,1400.0,1385.0
2020-11-04,0.0,-0.64,1405.0,,989,0,1442.0,1442.0,1400.0
2020-11-03,0.0,2.99,1414.0,,1376,0,1395.0,1422.0,1395.0
2020-11-02,0.0,1.7,1373.0,,739,0,1348.0,1394.0,1348.0
2020-11-01,0.0,0.52,1350.0,,267,0,1340.0,1358.0,1340.0
2020-10-29,0.0,-1.1,1343.0,,557,0,1356.0,1356.0,1333.0
2020-10-28,0.0,0.59,1358.0,,52,0,1340.0,1358.0,1340.0
2020-10-22,0.0,1.35,1350.0,,20,0,1350.0,1350.0,1350.0
2020-10-21,0.0,0.0,1332.0,,374,0,1325.0,1347.0,1325.0
2020-10-20,0.0,1.45,1332.0,,262,0,1316.0,1332.0,1316.0
2020-10-19,0.0,0.23,1313.0,,25,0,1313.0,1313.0,1313.0
2020-10-18,0.0,-0.38,1310.0,,135,0,1300.0,1326.0,1300.0
2020-10-15,0.0,-0.3,1315.0,,469,0,1339.0,1339.0,1315.0
2020-10-14,0.0,-1.2,1319.0,,829,0,1325.0,1325.0,1315.0
2020-10-13,0.0,0.53,1335.0,,258,0,1330.0,1335.0,1320.0
2020-10-12,0.0,-0.52,1328.0,,337,0,1339.0,1340.0,1327.0
2020-10-11,0.0,0.45,1335.0,,711,0,1355.0,1355.0,1309.0
2020-10-08,0.0,-2.71,1329.0,,1198,0,1298.0,1376.0,1298.0
2020-10-07,0.0,1.79,1366.0,,539,0,1340.0,1366.0,1331.0
2020-10-06,0.0,0.45,1342.0,,483,0,1330.0,1350.0,1330.0
2020-10-05,0.0,-1.33,1336.0,,760,0,1370.0,1370.0,1336.0
2020-10-04,0.0,0.0,1354.0,,1035,0,1359.0,1360.0,1352.0
2020-10-01,0.0,-1.38,1354.0,,919,0,1353.0,1365.0,1352.0
2020-09-30,0.0,0.88,1373.0,,181,0,1335.0,1389.0,1335.0
2020-09-29,0.0,-0.37,1361.0,,640,0,1370.0,1384.0,1360.0
2020-09-28,0.0,-0.87,1366.0,,260,0,1357.0,1366.0,1357.0
2020-09-27,0.0,-1.22,1378.0,,170,0,1395.0,1397.0,1375.0
2020-09-24,0.0,1.82,1395.0,,1305,0,1370.0,1395.0,1359.0
2020-09-23,0.0,0.96,1370.0,,1335,0,1384.0,1400.0,1360.0
2020-09-22,0.0,-0.66,1357.0,,879,0,1366.0,1370.0,1357.0
2020-09-21,0.0,-1.51,1366.0,,683,0,1390.0,1390.0,1366.0
2020-09-20,0.0,-0.22,1387.0,,206,0,1390.0,1399.0,1382.0
2020-09-17,0.0,0.43,1390.0,,545,0,1357.0,1395.0,1357.0
2020-09-16,0.0,0.58,1384.0,,408,0,1376.0,1384.0,1375.0
2020-09-15,0.0,-1.01,1376.0,,825,0,1380.0,1380.0,1366.0
2020-09-14,0.0,-1.0,1390.0,,1567,0,1400.0,1400.0,1385.0
2020-09-13,0.0,-1.4,1404.0,,301,0,1410.0,1410.0,1400.0
2020-09-10,0.0,0.28,1424.0,,404,0,1430.0,1430.0,1406.0
2020-09-09,0.0,2.75,1420.0,,1251,0,1380.0,1440.0,1362.0
2020-09-08,0.0,0.51,1382.0,,650,0,1375.0,1399.0,1371.0
2020-09-07,0.0,-0.36,1375.0,,257,0,1391.0,1395.0,1375.0
2020-09-06,0.0,-1.0,1380.0,,851,0,1390.0,1410.0,1380.0
2020-09-03,0.0,-0.43,1394.0,,421,0,1400.0,1405.0,1390.0
2020-09-02,0.0,-0.99,1400.0,,1852,0,1416.0,1416.0,1390.0
2020-08-31,0.0,0.0,1414.0,,770,0,1386.0,1428.0,1386.0
2020-08-30,0.0,0.28,1414.0,,423,0,1410.0,1414.0,1382.0
2020-08-27,0.0,-1.61,1410.0,,2068,0,1411.0,1434.0,1406.0
2020-08-26,0.0,3.47,1433.0,,708,0,1375.0,1433.0,1375.0
2020-08-25,0.0,-1.7,1385.0,,1702,0,1402.0,1410.0,1385.0
2020-08-24,0.0,1.73,1409.0,,1675,0,1390.0,1409.0,1374.0
2020-08-23,0.0,1.32,1385.0,,70,0,1367.0,1385.0,1367.0
2020-08-20,0.0,1.26,1367.0,,178,0,1342.0,1368.0,1340.0
2020-08-19,0.0,-1.53,1350.0,,1203,0,1370.0,1370.0,1343.0
2020-08-18,0.0,0.22,1371.0,,1476,0,1370.0,1380.0,1350.0
2020-08-17,0.0,1.33,1368.0,,1642,0,1360.0,1398.0,1355.0
2020-08-16,0.0,-3.91,1350.0,,3076,0,1405.0,1405.0,1343.0
2020-08-13,0.0,-1.89,1405.0,,229,0,1405.0,1430.0,1405.0
2020-08-12,0.0,-1.92,1432.0,,296,0,1441.0,1441.0,1430.0
2020-08-11,0.0,0.69,1460.0,,806,0,1433.0,1475.0,1433.0
2020-08-10,0.0,4.39,1450.0,,1657,0,1416.0,1485.0,1395.0
2020-08-09,0.0,1.61,1389.0,,1137,0,1365.0,1389.0,1361.0
2020-08-06,0.0,-3.05,1367.0,,2126,0,1400.0,1400.0,1367.0
2020-08-05,0.0,-2.91,1400.0,,728,0,1415.0,1415.0,1390.0
2020-08-03,0.0,3.37,1442.0,,1587,0,1368.0,1442.0,1350.0
2020-08-02,0.0,-5.1,1395.0,,1790,0,1470.0,1470.0,1395.0
2020-07-30,0.0,-1.01,1470.0,,3633,0,1510.0,1518.0,1432.0
2020-07-29,0.0,-9.45,1485.0,,7242,0,1608.0,1608.0,1480.0
2020-07-28,0.0,-0.91,1640.0,,949,0,1655.0,1680.0,1640.0
2020-07-27,0.0,1.84,1660.0,,759,0,1662.0,1679.0,1646.0
2020-07-26,0.0,0.0,1630.0,,1933,0,1651.0,1695.0,1620.0
2020-07-23,0.0,1.81,1630.0,,1226,0,1633.0,1633.0,1569.0
2020-07-22,0.0,-1.17,1601.0,,475,0,1652.0,1685.0,1601.0
2020-07-21,0.0,-3.34,1620.0,,1365,0,1680.0,1690.0,1607.0
2020-07-20,0.0,-3.9,1676.0,,461,0,1778.0,1778.0,1676.0
2020-07-19,0.0,4.0,1744.0,,90,0,1710.0,1744.0,1710.0
2020-07-16,0.0,0.42,1677.0,,2090,0,1703.0,1704.0,1650.0
2020-07-15,0.0,-0.6,1670.0,,1806,0,1685.0,1690.0,1665.0
2020-07-14,0.0,0.6,1680.0,,892,0,1703.0,1703.0,1666.0
2020-07-13,0.0,2.14,1670.0,,3230,0,1667.0,1700.0,1573.0
2020-07-12,0.0,2.19,1635.0,,2164,0,1632.0,1697.0,1627.0
2020-07-09,0.0,1.91,1600.0,,1552,0,1570.0,1600.0,1567.0
2020-07-08,0.0,-2.36,1570.0,,701,0,1608.0,1608.0,1570.0
2020-07-07,0.0,-0.12,1608.0,,1118,0,1630.0,1630.0,1600.0
2020-07-06,0.0,3.87,1610.0,,1807,0,1555.0,1610.0,1551.0
2020-07-05,0.0,9.0,1550.0,,2207,0,1449.0,1564.0,1448.0
2020-07-02,0.0,-0.07,1422.0,,799,0,1450.0,1468.0,1422.0
2020-07-01,0.0,3.94,1423.0,,280,0,1396.0,1423.0,1396.0
2020-06-30,0.0,3.95,1369.0,,184,0,1330.0,1369.0,1330.0
2020-06-29,0.0,-5.76,1317.0,,443,0,1395.0,1395.0,1341.0
2020-05-13,0.0,-3.0,1423.0,,20,0,1438.0,1438.0,1423.0
2020-05-12,0.0,-2.98,1467.0,,20,0,1482.0,1482.0,1467.0
2020-03-22,0.0,9.69,1890.0,,1064,0,1757.0,1893.0,1757.0
2020-03-19,0.0,9.96,1723.0,,19739,0,1598.0,1723.0,1598.0
2020-03-18,0.0,9.96,1567.0,,3873,0,1496.0,1567.0,1496.0
2020-03-17,0.0,-5.63,1425.0,,1777,0,1480.0,1496.0,1370.0
2020-03-16,0.0,8.17,1510.0,,2848,0,1396.0,1534.0,1375.0
2020-03-15,0.0,-6.93,1396.0,,3327,0,1500.0,1500.0,1395.0
2020-03-12,0.0,-5.0,1500.0,,3629,0,1576.0,1576.0,1500.0
2020-03-11,0.0,4.02,1579.0,,4223,0,1510.0,1579.0,1500.0
2020-03-10,0.0,-5.12,1518.0,,1790,0,1568.0,1568.0,1489.0
2020-03-05,0.0,7.02,1600.0,,2518,0,1466.0,1601.0,1466.0
2020-03-04,0.0,-9.94,1495.0,,5862,0,1655.0,1675.0,1494.0
2020-03-03,0.0,-6.43,1660.0,,9624,0,1774.0,1739.0,1600.0
2020-03-02,0.0,-3.59,1774.0,,1685,0,1810.0,1815.0,1774.0
2020-03-01,0.0,-4.17,1840.0,,3030,0,1920.0,1920.0,1832.0
2020-02-27,0.0,-0.05,1920.0,,4156,0,1885.0,1930.0,1885.0
2020-02-26,0.0,-1.64,1921.0,,6666,0,1987.0,1987.0,1913.0
2020-02-25,0.0,0.15,1953.0,,4270,0,1912.0,1958.0,1910.0
2020-02-24,0.0,-1.61,1950.0,,1631,0,1982.0,2000.0,1900.0
2020-02-23,0.0,1.64,1982.0,,3147,0,1916.0,2050.0,1916.0
2020-02-20,0.0,4.84,1950.0,,3229,0,1860.0,1989.0,1896.0
2020-02-19,0.0,2.08,1868.0,,4211,0,1845.0,1876.0,1812.0
2020-02-18,0.0,-2.03,1830.0,,1744,0,1850.0,1865.0,1813.0
2020-02-17,0.0,4.07,1868.0,,4391,0,1829.0,1876.0,1815.0
2020-02-16,0.0,1.58,1796.0,,3078,0,1800.0,1800.0,1760.0
2020-02-13,0.0,2.37,1768.0,,4256,0,1758.0,1770.0,1745.0
2020-02-12,0.0,2.74,1727.0,,3950,0,1713.0,1747.0,1699.0
2020-02-11,0.0,2.56,1681.0,,1948,0,1654.0,1687.0,1654.0
2020-02-10,0.0,2.5,1639.0,,5692,0,1600.0,1640.0,1591.0
2020-02-09,0.0,0.0,1599.0,,2510,0,1594.0,1615.0,1590.0
2020-02-06,0.0,-1.6,1599.0,,4756,0,1600.0,1608.0,1580.0
2020-02-05,0.0,1.44,1625.0,,1429,0,1600.0,1625.0,1600.0
2020-02-04,0.0,-0.8,1602.0,,3304,0,1595.0,1625.0,1583.0
2020-02-03,0.0,-1.1,1615.0,,2981,0,1611.0,1615.0,1570.0
2020-02-02,0.0,7.79,1633.0,,5077,0,1545.0,1633.0,1530.0
2020-01-30,0.0,2.36,1515.0,,6391,0,1480.0,1569.0,1480.0
2020-01-29,0.0,2.21,1480.0,,3827,0,1455.0,1480.0,1455.0
2020-01-28,0.0,0.56,1448.0,,2255,0,1468.0,1490.0,1426.0
2020-01-27,0.0,3.08,1440.0,,4610,0,1380.0,1450.0,1380.0
2020-01-26,0.0,-1.08,1370.0,,1824,0,1409.0,1410.0,1370.0
2020-01-23,0.0,-1.77,1385.0,,1130,0,1435.0,1466.0,1382.0
2020-01-22,0.0,1.81,1410.0,,1153,0,1412.0,1436.0,1400.0
2020-01-21,0.0,-2.46,1385.0,,2370,0,1401.0,1425.0,1380.0
2020-01-20,0.0,-3.66,1420.0,,3898,0,1448.0,1448.0,1400.0
2020-01-19,0.0,2.79,1474.0,,2864,0,1435.0,1499.0,1435.0
2020-01-16,0.0,-0.42,1416.0,,3316,0,1434.0,1439.0,1410.0
2020-01-15,0.0,2.23,1422.0,,2367,0,1418.0,1423.0,1400.0
2020-01-14,0.0,-0.64,1391.0,,2297,0,1380.0,1484.0,1376.0
2020-01-13,0.0,-1.96,1400.0,,4579,0,1456.0,1479.0,1400.0
2020-01-12,0.0,5.93,1430.0,,5822,0,1370.0,1430.0,1350.0
2020-01-09,0.0,7.06,1350.0,,8728,0,1270.0,1350.0,1270.0
2020-01-08,0.0,0.16,1261.0,,3504,0,1274.0,1276.0,1249.0
2020-01-07,0.0,1.94,1259.0,,7570,0,1245.0,1268.0,1241.0
2020-01-06,0.0,0.82,1235.0,,4406,0,1233.0,1250.0,1226.0
2020-01-05,0.0,2.08,1225.0,,1400,0,1220.0,1236.0,1204.0
2020-01-02,0.0,0.0,1200.0,,838,0,1190.0,1224.0,1186.0
2020-01-01,0.0,1.27,1200.0,,14,0,1200.0,1200.0,1200.0
2019-12-31,0.0,1.54,1185.0,,385,0,1175.0,1203.0,1175.0
2019-12-30,0.0,-1.19,1167.0,,300,0,1172.0,1190.0,1167.0
2019-12-29,0.0,-1.25,1181.0,,1050,0,1190.0,1195.0,1181.0
2019-12-26,0.0,-1.89,1196.0,,3624,0,1243.0,1248.0,1196.0
2019-12-25,0.0,0.91,1219.0,,917,0,1202.0,1221.0,1187.0
2019-12-24,0.0,0.08,1208.0,,184,0,1207.0,1209.0,1186.0
2019-12-23,0.0,0.58,1207.0,,1409,0,1210.0,1210.0,1188.0
2019-12-22,0.0,-0.5,1200.0,,528,0,1202.0,1208.0,1185.0
2019-12-19,0.0,-0.33,1206.0,,290,0,1215.0,1217.0,1206.0
2019-12-18,0.0,-0.66,1210.0,,491,0,1220.0,1225.0,1210.0
2019-12-17,0.0,-0.41,1218.0,,4859,0,1246.0,1247.0,1210.0
2019-12-16,0.0,-1.77,1223.0,,310,0,1265.0,1265.0,1223.0
2019-12-15,0.0,0.96,1259.0,,230,0,1255.0,1259.0,1255.0
2019-12-12,0.0,-1.81,1247.0,,4953,0,1245.0,1257.0,1240.0
2019-12-11,0.0,1.2,1270.0,,2039,0,1255.0,1291.0,1252.0
2019-12-10,0.0,0.72,1255.0,,2339,0,1267.0,1267.0,1241.0
2019-12-09,0.0,0.56,1246.0,,2193,0,1249.0,1265.0,1240.0
2019-12-08,0.0,-1.35,1239.0,,1877,0,1264.0,1265.0,1218.0
2019-12-05,0.0,-0.79,1256.0,,6671,0,1275.0,1275.0,1217.0
2019-12-04,0.0,0.32,1266.0,,12285,0,1287.0,1287.0,1237.0
2019-12-03,0.0,5.25,1262.0,,8936,0,1222.0,1282.0,1222.0
2019-12-02,0.0,0.84,1199.0,,9352,0,1174.0,1228.0,1174.0
2019-12-01,0.0,3.39,1189.0,,345,0,1169.0,1189.0,1169.0
2019-11-28,0.0,-4.25,1150.0,,632,0,1224.0,1224.0,1131.0
2019-11-27,0.0,5.35,1201.0,,1506,0,1140.0,1201.0,1140.0
2019-11-26,0.0,0.62,1140.0,,1129,0,1112.0,1140.0,1080.0
2019-11-25,0.0,-1.56,1133.0,,136,0,1129.0,1133.0,1110.0
2019-11-24,0.0,-2.04,1151.0,,759,0,1152.0,1152.0,1108.0
2019-11-21,0.0,-8.2,1175.0,,339,0,1303.0,1303.0,1152.0
2019-11-20,0.0,8.02,1280.0,,40,0,1208.0,1280.0,1208.0
2019-11-19,0.0,5.24,1185.0,,521,0,1130.0,1185.0,1130.0
2019-11-18,0.0,2.27,1126.0,,356,0,1090.0,1130.0,1090.0
2019-11-17,0.0,7.31,1101.0,,738,0,1020.0,1122.0,1020.0
2019-11-14,0.0,-1.91,1026.0,,124,0,1046.0,1028.0,1026.0
2019-11-12,0.0,1.95,1046.0,,10,0,1046.0,1046.0,1046.0
2019-11-11,0.0,1.99,1026.0,,250,0,1005.0,1026.0,988.0
2019-11-10,0.0,-1.37,1006.0,,30,0,1020.0,1020.0,1006.0
2019-11-07,0.0,2.72,1020.0,,130,0,1012.0,1032.0,1000.0
2019-10-16,0.0,0.0,993.0,,2,0,974.0,993.0,993.0
2019-10-03,0.0,1.95,993.0,,16,0,993.0,993.0,993.0
2019-10-02,0.0,1.99,974.0,,60,0,956.0,974.0,955.0
2019-10-01,0.0,-2.55,955.0,,75,0,961.0,970.0,955.0
2019-09-30,0.0,-1.9,980.0,,52,0,980.0,980.0,980.0
2019-09-29,0.0,0.0,999.0,,24,0,999.0,999.0,999.0
2019-09-22,0.0,0.4,999.0,,752,0,984.0,999.0,980.0
2019-09-19,0.0,1.63,995.0,,327,0,963.0,1035.0,963.0
2019-09-18,0.0,3.49,979.0,,240,0,964.0,979.0,964.0
2019-09-17,0.0,-0.21,946.0,,36,0,965.0,965.0,946.0
2019-09-16,0.0,-0.21,948.0,,47,0,950.0,950.0,931.0
2019-09-15,0.0,-2.06,950.0,,50,0,988.0,988.0,950.0
2019-09-12,0.0,0.52,970.0,,76,0,983.0,983.0,970.0
2019-09-11,0.0,0.21,965.0,,23,0,965.0,965.0,965.0
2019-09-10,0.0,0.21,963.0,,235,0,945.0,963.0,945.0
2019-09-09,0.0,1.69,961.0,,525,0,963.0,980.0,944.0
2019-09-08,0.0,1.94,945.0,,60,0,945.0,945.0,945.0
2019-09-04,0.0,1.98,927.0,,34,0,909.0,927.0,909.0
2019-09-03,0.0,1.91,909.0,,50,0,909.0,909.0,909.0
2019-09-02,0.0,-3.78,892.0,,30,0,909.0,909.0,892.0
2019-09-01,0.0,-1.9,927.0,,140,0,935.0,935.0,927.0
2019-08-29,0.0,-1.05,945.0,,124,0,938.0,946.0,938.0
2019-08-26,0.0,-0.51,970.0,,76,0,994.0,975.0,970.0
2019-08-25,0.0,1.99,975.0,,22,0,956.0,975.0,956.0
2019-08-22,0.0,-1.95,956.0,,32,0,975.0,975.0,956.0
2019-08-21,0.0,0.0,975.0,,52,0,975.0,976.0,975.0
2019-08-19,0.0,0.0,975.0,,64,0,994.0,994.0,975.0
2019-08-18,0.0,0.72,975.0,,20,0,975.0,975.0,975.0
2019-08-15,0.0,-1.83,968.0,,14,0,968.0,968.0,968.0
2019-08-14,0.0,0.1,986.0,,40,0,985.0,986.0,985.0
2019-08-13,0.0,0.51,985.0,,28,0,999.0,999.0,985.0
2019-08-12,0.0,-2.0,980.0,,14,0,980.0,980.0,980.0
2019-08-11,0.0,-0.99,1000.0,,72,0,1000.0,1000.0,1000.0
2019-08-08,0.0,-1.94,1010.0,,151,0,1010.0,1016.0,1010.0
2019-08-07,0.0,1.78,1030.0,,114,0,1012.0,1030.0,1012.0
2019-08-06,0.0,-4.08,1012.0,,215,0,1034.0,1034.0,994.0
2019-08-05,0.0,-0.94,1055.0,,155,0,1065.0,1065.0,1044.0
2019-08-04,0.0,3.5,1065.0,,350,0,1030.0,1065.0,1020.0
2019-08-01,0.0,-0.1,1029.0,,362,0,1050.0,1060.0,1029.0
2019-07-31,0.0,0.0,1030.0,,438,0,1030.0,1050.0,1000.0
2019-07-30,0.0,5.64,1030.0,,260,0,975.0,1030.0,975.0
2019-07-29,0.0,0.62,975.0,,424,0,950.0,975.0,940.0
2019-07-25,0.0,-0.1,969.0,,160,0,989.0,1008.0,969.0
2019-07-24,0.0,-3.0,970.0,,54,0,980.0,980.0,970.0
2019-07-23,0.0,3.84,1000.0,,30,0,982.0,1000.0,982.0
2019-07-22,0.0,1.9,963.0,,87,0,930.0,963.0,927.0
2019-07-21,0.0,0.53,945.0,,26,0,945.0,945.0,945.0
2019-07-17,0.0,0.53,940.0,,134,0,940.0,940.0,940.0
2019-07-16,0.0,1.85,935.0,,10,0,935.0,935.0,935.0
2019-07-15,0.0,2.0,918.0,,10,0,918.0,918.0,918.0
2019-07-14,0.0,-2.49,900.0,,274,0,907.0,915.0,900.0
2019-07-11,0.0,-0.43,923.0,,10,0,923.0,923.0,923.0
2019-07-10,0.0,-1.49,927.0,,68,0,940.0,941.0,927.0
2019-07-09,0.0,-1.36,941.0,,234,0,950.0,950.0,941.0
2019-07-08,0.0,-9.92,954.0,,290,0,1038.0,1038.0,954.0
2019-07-07,0.0,-11.31,1059.0,,130,0,1070.0,1070.0,1050.0
2019-07-04,0.0,-0.5,1194.0,,20,0,1218.0,1218.0,1194.0
2019-07-02,0.0,9.49,1200.0,,1205,0,1091.0,1203.0,1091.0
2019-07-01,0.0,-3.44,1096.0,,731,0,1113.0,1113.0,1095.0
2019-06-30,0.0,-0.87,1135.0,,218,0,1125.0,1145.0,1113.0
2019-06-27,0.0,-1.89,1145.0,,994,0,1144.0,1187.0,1144.0
2019-06-26,0.0,-1.19,1167.0,,1111,0,1199.0,1201.0,1167.0
2019-06-25,0.0,7.56,1181.0,,1902,0,1119.0,1207.0,1119.0
2019-06-24,0.0,9.91,1098.0,,836,0,1018.0,1098.0,1018.0
2019-06-23,0.0,8.59,999.0,,436,0,902.0,999.0,920.0
2019-06-20,0.0,0.22,920.0,,142,0,900.0,925.0,897.0
2019-06-19,0.0,2.0,918.0,,50,0,918.0,918.0,918.0
2019-06-18,0.0,0.78,900.0,,60,0,890.0,900.0,890.0
2019-06-17,0.0,-0.78,893.0,,471,0,900.0,900.0,865.0
2019-06-16,0.0,-5.76,1700.0,,785,0,1769.0,1769.0,1633.0
2019-06-13,0.0,-3.68,1804.0,,794,0,1873.0,1900.0,1804.0
2019-06-12,0.0,-6.35,1873.0,,468,0,2000.0,2020.0,1873.0
2019-06-11,0.0,-1.72,2000.0,,421,0,2136.0,2136.0,1995.0
2019-06-10,0.0,1.75,2035.0,,914,0,2040.0,2100.0,2025.0
2019-06-06,0.0,0.0,2000.0,,195,0,2040.0,2095.0,2000.0
2019-06-04,0.0,-0.99,2000.0,,40,0,1981.0,2019.0,1981.0
2019-06-03,0.0,-1.8,2020.0,,54,0,2030.0,2030.0,2020.0
2019-06-02,0.0,-1.95,2057.0,,34,0,2058.0,2058.0,2057.0
2019-05-30,0.0,0.48,2098.0,,68,0,2100.0,2140.0,2098.0
2019-05-29,0.0,1.95,2088.0,,174,0,2052.0,2088.0,2048.0
2019-05-28,0.0,-1.35,2048.0,,48,0,2046.0,2048.0,2046.0
2019-05-27,0.0,1.37,2076.0,,58,0,2050.0,2080.0,2040.0
2019-05-26,0.0,-1.3,2048.0,,98,0,2034.0,2074.0,2034.0
2019-05-23,0.0,-1.52,2075.0,,74,0,2106.0,2106.0,2075.0
2019-05-22,0.0,0.0,2107.0,,170,0,2110.0,2110.0,2066.0
2019-05-21,0.0,-2.45,2107.0,,430,0,2150.0,2172.0,2107.0
2019-05-20,0.0,1.93,2160.0,,912,0,2200.0,2284.0,2117.0
2019-05-16,0.0,0.95,2119.0,,384,0,2061.0,2120.0,2058.0
2019-05-15,0.0,-1.96,2099.0,,60,0,2175.0,2175.0,2099.0
2019-05-14,0.0,-0.19,2141.0,,273,0,2104.0,2141.0,2061.0
2019-05-13,0.0,3.27,2145.0,,150,0,2118.0,2145.0,2101.0
2019-05-12,0.0,0.78,2077.0,,64,0,2061.0,2077.0,2061.0
2019-05-09,0.0,-1.39,2061.0,,68,0,2079.0,2080.0,2061.0
2019-05-08,0.0,-0.24,2090.0,,334,0,2054.0,2093.0,2053.0
2019-05-07,0.0,-0.24,2095.0,,22,0,2080.0,2095.0,2080.0
2019-05-06,0.0,0.72,2100.0,,30,0,2115.0,2115.0,2100.0
2019-05-05,0.0,1.16,2085.0,,134,0,2061.0,2085.0,2031.0
2019-05-02,0.0,-1.86,2061.0,,70,0,2059.0,2099.0,2058.0
2019-04-30,0.0,-4.5,2100.0,,40,0,2156.0,2156.0,2100.0
2019-04-29,0.0,2.71,2199.0,,20,0,2183.0,2199.0,2183.0
2019-04-28,0.0,4.39,2141.0,,239,0,2092.0,2141.0,2092.0
2019-04-25,0.0,-1.39,2051.0,,88,0,2090.0,2100.0,2051.0
2019-04-24,0.0,0.92,2080.0,,131,0,2070.0,2080.0,2040.0
2019-04-23,0.0,-1.39,2061.0,,94,0,2071.0,2075.0,2061.0
2019-04-21,0.0,-1.88,2090.0,,108,0,2130.0,2130.0,2090.0
2019-04-18,0.0,1.62,2130.0,,34,0,2137.0,2137.0,2130.0
2019-04-17,0.0,-3.85,2096.0,,506,0,2180.0,2141.0,2096.0
2019-04-16,0.0,2.35,2180.0,,184,0,2150.0,2182.0,2140.0
2019-04-15,0.0,1.91,2130.0,,141,0,2100.0,2131.0,2100.0
2019-04-11,0.0,-0.95,2090.0,,204,0,2068.0,2111.0,2070.0
2019-04-10,0.0,0.43,2110.0,,36,0,2125.0,2125.0,2110.0
2019-04-09,0.0,-1.91,2101.0,,172,0,2100.0,2143.0,2100.0
2019-04-08,0.0,6.04,2142.0,,188,0,2020.0,2142.0,2050.0
2019-04-07,0.0,-1.46,2020.0,,112,0,2020.0,2020.0,2020.0
2019-04-04,0.0,-1.91,2050.0,,16,0,2090.0,2090.0,2050.0
2019-04-03,0.0,1.6,2090.0,,110,0,2017.0,2132.0,2017.0
2019-04-02,0.0,-3.97,2057.0,,108,0,2130.0,2130.0,2056.0
2019-04-01,0.0,3.23,2142.0,,248,0,2040.0,2142.0,2040.0
2019-03-31,0.0,-1.19,2075.0,,484,0,2100.0,2101.0,2075.0
2019-03-28,0.0,-0.52,2100.0,,643,0,2115.0,2115.0,2071.0
2019-03-27,0.0,-2.0,2111.0,,94,0,2154.0,2154.0,2111.0
2019-03-26,0.0,1.99,2154.0,,1957,0,2105.0,2154.0,2095.0
2019-03-25,0.0,-5.92,2112.0,,590,0,2201.0,2201.0,2112.0
2019-03-21,0.0,-3.74,2190.0,,843,0,2245.0,2249.0,2190.0
2019-03-19,0.0,3.27,2275.0,,228,0,2222.0,2320.0,2222.0
2019-03-18,0.0,-5.17,2203.0,,765,0,2350.0,2369.0,2195.0
2019-03-17,0.0,-4.36,2323.0,,569,0,2399.0,2400.0,2323.0
2019-03-14,0.0,-1.98,2429.0,,10,0,2429.0,2429.0,2429.0
2019-03-13,0.0,0.0,2478.0,,22,0,2478.0,2478.0,2478.0
2019-03-12,0.0,1.35,2478.0,,70,0,2439.0,2480.0,2439.0
2019-03-11,0.0,1.03,2445.0,,114,0,2440.0,2470.0,2420.0
2019-03-07,0.0,0.83,2420.0,,24,0,2401.0,2420.0,2400.0
2019-03-06,0.0,-0.62,2400.0,,239,0,2375.0,2425.0,2375.0
2019-03-05,0.0,1.73,2415.0,,425,0,2375.0,2419.0,2374.0
2019-03-03,0.0,2.2,2374.0,,442,0,2369.0,2416.0,2323.0
2019-02-27,0.0,-0.73,2323.0,,64,0,2330.0,2340.0,2323.0
2019-02-26,0.0,-0.85,2340.0,,14,0,2340.0,2360.0,2340.0
2019-02-25,0.0,-0.21,2360.0,,246,0,2322.0,2365.0,2318.0
2019-02-24,0.0,0.17,2365.0,,111,0,2325.0,2365.0,2320.0
2019-02-21,0.0,0.04,2361.0,,16,0,2360.0,2361.0,2360.0
2019-02-20,0.0,-1.67,2360.0,,58,0,2400.0,2400.0,2360.0
2019-02-19,0.0,0.0,2400.0,,260,0,2402.0,2448.0,2400.0
2019-02-18,0.0,-0.95,2400.0,,295,0,2423.0,2423.0,2376.0
2019-02-17,0.0,2.02,2423.0,,440,0,2422.0,2423.0,2375.0
2019-02-14,0.0,-1.12,2375.0,,306,0,2450.0,2450.0,2375.0
2019-02-13,0.0,-2.36,2402.0,,868,0,2500.0,2460.0,2402.0
2019-02-12,0.0,-1.2,2460.0,,53,0,2462.0,2490.0,2460.0
2019-02-11,0.0,1.14,2490.0,,94,0,2420.0,2490.0,2420.0
2019-02-10,0.0,-0.53,2462.0,,108,0,2470.0,2475.0,2462.0
2019-02-07,0.0,-0.24,2475.0,,70,0,2459.0,2481.0,2459.0
2019-02-06,0.0,-0.96,2481.0,,12,0,2481.0,2505.0,2481.0
2019-02-05,0.0,-0.12,2505.0,,403,0,2470.0,2530.0,2470.0
2019-02-04,0.0,-2.03,2508.0,,59,0,2509.0,2560.0,2459.0
2019-02-03,0.0,1.99,2560.0,,257,0,2560.0,2611.0,2510.0
2019-01-31,0.0,-1.18,2510.0,,514,0,2540.0,2590.0,2500.0
2019-01-30,0.0,0.0,2540.0,,148,0,2540.0,2540.0,2453.0
2019-01-29,0.0,-8.2,2540.0,,891,0,2767.0,2767.0,2515.0
2019-01-28,0.0,4.34,2767.0,,34,0,2652.0,2767.0,2652.0
2019-01-27,0.0,0.08,2652.0,,24,0,2650.0,2652.0,2600.0
2019-01-24,0.0,-0.82,2650.0,,32,0,2672.0,2672.0,2649.0
2019-01-23,0.0,2.22,2672.0,,162,0,2614.0,2672.0,2581.0
2019-01-22,0.0,-3.93,2614.0,,460,0,2721.0,2721.0,2614.0
2019-01-21,0.0,-1.98,2776.0,,16,0,2832.0,2832.0,2776.0
2019-01-20,0.0,-1.97,2832.0,,12,0,2889.0,2889.0,2832.0
2019-01-17,0.0,-0.76,2889.0,,26,0,2911.0,2919.0,2889.0
2019-01-16,0.0,-0.99,2911.0,,22,0,2940.0,2970.0,2911.0
2019-01-15,0.0,0.93,2940.0,,541,0,2913.0,2970.0,2853.0
2019-01-14,0.0,9.72,2913.0,,885,0,2655.0,2913.0,2640.0
2019-01-13,0.0,1.34,2655.0,,252,0,2620.0,2655.0,2620.0
2019-01-10,0.0,1.95,2620.0,,72,0,2570.0,2668.0,2570.0
2019-01-09,0.0,0.0,2570.0,,52,0,2570.0,2575.0,2570.0
2019-01-08,0.0,1.98,2570.0,,10,0,2520.0,2570.0,2520.0
2019-01-07,0.0,-2.78,2520.0,,96,0,2592.0,2592.0,2520.0
2019-01-03,0.0,-0.88,2592.0,,58,0,2615.0,2615.0,2592.0
2019-01-02,0.0,-1.32,2615.0,,93,0,2650.0,2650.0,2565.0
2018-12-30,0.0,2.2,2650.0,,111,0,2593.0,2650.0,2542.0
2018-12-27,0.0,-3.89,2593.0,,170,0,2698.0,2739.0,2593.0
2018-12-26,0.0,-0.04,2698.0,,28,0,2699.0,2699.0,2646.0
2018-12-25,0.0,1.85,2699.0,,20,0,2650.0,2699.0,2650.0
2018-12-23,0.0,1.92,2650.0,,31,0,2600.0,2650.0,2600.0
2018-12-20,0.0,1.17,2600.0,,20,0,2570.0,2600.0,2570.0
2018-12-19,0.0,-0.73,2570.0,,42,0,2589.0,2589.0,2500.0
2018-12-18,0.0,-0.04,2589.0,,44,0,2590.0,2590.0,2490.0
2018-12-17,0.0,0.0,2590.0,,14,0,2590.0,2590.0,2590.0
2018-12-16,0.0,5.71,2590.0,,190,0,2450.0,2590.0,2450.0
2018-12-13,0.0,0.85,2500.0,,68,0,2479.0,2500.0,2430.0
2018-12-12,0.0,-1.98,2479.0,,12,0,2529.0,2529.0,2479.0
2018-12-10,0.0,-0.59,2529.0,,74,0,2544.0,2544.0,2450.0
2018-12-09,0.0,1.76,2544.0,,34,0,2500.0,2549.0,2500.0
2018-12-06,0.0,0.0,2498.0,,4,0,2498.0,2498.0,2498.0
2018-12-04,0.0,0.0,2600.0,,6,0,2600.0,2600.0,2600.0
2018-11-29,0.0,0.0,2600.0,,10,0,2600.0,2600.0,2600.0
2018-11-26,0.0,0.78,2600.0,,30,0,2580.0,2600.0,2580.0
2018-11-21,0.0,1.26,2580.0,,24,0,2548.0,2580.0,2548.0
2018-11-20,0.0,-2.0,2548.0,,24,0,2600.0,2600.0,2548.0
2018-11-19,0.0,2.28,2600.0,,210,0,2542.0,2600.0,2542.0
2018-11-15,0.0,-3.71,2542.0,,46,0,2640.0,2640.0,2542.0
2018-11-05,0.0,1.57,2650.0,,32,0,2609.0,2650.0,2609.0
2018-11-04,0.0,1.99,2609.0,,14,0,2609.0,2609.0,2609.0
2018-11-01,0.0,-1.62,2558.0,,34,0,2580.0,2580.0,2558.0
2018-10-31,0.0,0.0,2600.0,,70,0,2600.0,2600.0,2600.0
2018-10-30,0.0,0.54,2600.0,,83,0,2540.0,2600.0,2540.0
2018-10-29,0.0,-1.78,2535.0,,28,0,2630.0,2630.0,2586.0
2018-10-28,0.0,-3.69,2633.0,,78,0,2680.0,2680.0,2633.0
2018-10-14,0.0,1.98,2734.0,,20,0,2681.0,2734.0,2681.0
2018-10-09,0.0,-1.54,2681.0,,82,0,2700.0,2700.0,2681.0
2018-10-08,0.0,2.48,2723.0,,22,0,2670.0,2723.0,2670.0
2018-10-07,0.0,-3.56,2657.0,,404,0,2711.0,2750.0,2657.0
2018-10-04,0.0,-1.61,2755.0,,231,0,2790.0,2800.0,2755.0
2018-10-02,0.0,0.0,2800.0,,24,0,2800.0,2800.0,2800.0
2018-10-01,0.0,-2.17,2800.0,,24,0,2810.0,2810.0,2800.0
2018-09-30,0.0,0.46,2862.0,,120,0,2835.0,2862.0,2805.0
2018-09-27,0.0,-2.0,2849.0,,14,0,2849.0,2849.0,2849.0
2018-09-26,0.0,3.09,2907.0,,75,0,2800.0,2907.0,2800.0
2018-09-25,0.0,-1.05,2820.0,,36,0,2800.0,2820.0,2800.0
2018-09-23,0.0,-1.72,2850.0,,46,0,2870.0,2870.0,2850.0
2018-09-20,0.0,0.17,2900.0,,36,0,2895.0,2900.0,2895.0
2018-09-18,0.0,-2.0,2895.0,,12,0,2895.0,2895.0,2895.0
2018-09-17,0.0,1.97,2925.0,,52,0,2954.0,2954.0,2925.0
2018-09-11,0.0,2.66,2897.0,,34,0,2840.0,2897.0,2840.0
2018-09-10,0.0,-1.98,2822.0,,12,0,2822.0,2822.0,2822.0
2018-09-09,0.0,-1.1,2879.0,,32,0,2853.0,2879.0,2853.0
2018-09-06,0.0,-1.99,2911.0,,18,0,2911.0,2911.0,2911.0
2018-09-05,0.0,5.32,2970.0,,35,0,2855.0,2970.0,2855.0
2018-09-03,0.0,1.99,2820.0,,93,0,2770.0,2820.0,2770.0
2018-09-02,0.0,-1.25,2765.0,,58,0,2750.0,2790.0,2750.0
2018-08-30,0.0,3.28,2800.0,,64,0,2750.0,2800.0,2750.0
2018-08-29,0.0,0.0,2711.0,,22,0,2765.0,2765.0,2711.0
2018-08-28,0.0,-1.42,2711.0,,45,0,2711.0,2711.0,2711.0
2018-08-26,0.0,-1.79,2750.0,,12,0,2750.0,2750.0,2750.0
2018-08-23,0.0,0.25,2800.0,,16,0,2800.0,2800.0,2800.0
2018-08-21,0.0,-2.0,2793.0,,12,0,2793.0,2793.0,2793.0
2018-08-16,0.0,-1.25,2850.0,,76,0,2900.0,2900.0,2850.0
2018-08-15,0.0,2.7,2886.0,,36,0,2830.0,2886.0,2829.0
2018-08-14,0.0,2.0,2810.0,,26,0,2755.0,2810.0,2755.0
2018-08-12,0.0,0.11,2755.0,,94,0,2755.0,2755.0,2755.0
2018-08-09,0.0,-0.65,2752.0,,48,0,2780.0,2780.0,2752.0
2018-08-08,0.0,-0.82,2770.0,,12,0,2770.0,2770.0,2770.0
2018-08-07,0.0,-0.04,2793.0,,34,0,2739.0,2793.0,2739.0
2018-08-06,0.0,-1.96,2794.0,,122,0,2800.0,2800.0,2794.0
2018-08-05,0.0,-2.4,2850.0,,133,0,2880.0,2880.0,2850.0
2018-08-02,0.0,0.93,2920.0,,14,0,2920.0,2920.0,2920.0
2018-08-01,0.0,0.1,2890.0,,216,0,2845.0,2893.0,2837.0
2018-07-31,0.0,1.4,2889.0,,164,0,2860.0,2890.0,2856.0
2018-07-29,0.0,-0.56,2850.0,,30,0,2895.0,2895.0,2850.0
2018-07-26,0.0,0.56,2840.0,,124,0,2810.0,2866.0,2810.0
2018-07-25,0.0,-0.8,2850.0,,14,0,2850.0,2850.0,2850.0
2018-07-24,0.0,0.1,2873.0,,26,0,2870.0,2873.0,2870.0
2018-07-23,0.0,0.1,2870.0,,11,0,2870.0,2870.0,2870.0
2018-07-22,0.0,-1.31,2867.0,,60,0,2920.0,2920.0,2867.0
2018-07-19,0.0,-0.55,2905.0,,78,0,2921.0,2921.0,2865.0
2018-07-18,0.0,0.0,2921.0,,12,0,2921.0,2921.0,2921.0
2018-07-17,0.0,0.0,2921.0,,12,0,2921.0,2921.0,2921.0
2018-07-16,0.0,0.0,2921.0,,12,0,2921.0,2921.0,2921.0
2018-07-15,0.0,-1.98,2863.0,,16,0,2921.0,2921.0,2921.0
2018-07-12,0.0,-3.87,2980.0,,146,0,3060.0,3060.0,2980.0
2018-07-11,0.0,3.33,3100.0,,174,0,3060.0,3100.0,3060.0
2018-07-10,0.0,1.69,3000.0,,84,0,2950.0,3000.0,2950.0
2018-07-09,0.0,-1.67,2950.0,,76,0,2955.0,2955.0,2949.0
2018-07-08,0.0,-3.19,3000.0,,46,0,3038.0,3038.0,3000.0
2018-07-05,0.0,3.3,3099.0,,128,0,3010.0,3099.0,3000.0
2018-07-04,0.0,3.23,2998.0,,80,0,2960.0,3000.0,2960.0
2018-07-03,0.0,1.75,2906.0,,72,0,2799.0,2906.0,2799.0
2018-07-02,0.0,0.93,2920.0,,14,0,2920.0,2920.0,2920.0
2018-07-01,0.0,0.1,2890.0,,216,0,2845.0,2893.0,2837.0
2018-06-28,0.0,0.35,2908.0,,24,0,2851.0,2908.0,2851.0
2018-06-27,0.0,1.97,2898.0,,82,0,2860.0,2898.0,2842.0
2018-06-26,0.0,-3.5,2842.0,,446,0,2887.0,2887.0,2842.0
2018-06-25,0.0,-3.88,2952.0,,156,0,3003.0,3003.0,2945.0
2018-06-24,0.0,3.51,3064.0,,38,0,3019.0,3064.0,3019.0
2018-06-21,0.0,-1.99,2960.0,,12,0,2960.0,2960.0,2960.0
2018-06-20,0.0,2.55,3020.0,,22,0,3003.0,3020.0,3003.0
2018-06-19,0.0,-0.54,2945.0,,270,0,2907.0,2955.0,2907.0
2018-06-18,0.0,-1.3,2961.0,,26,0,3000.0,3000.0,2961.0
2018-06-17,0.0,-0.07,3000.0,,74,0,3000.0,3000.0,3000.0
2018-06-14,0.0,-0.6,2950.0,,393,0,3000.0,3040.0,3000.0
2018-06-13,0.0,0.67,3020.0,,168,0,3005.0,3065.0,3005.0
2018-06-12,0.0,-0.03,3000.0,,218,0,2941.0,3060.0,2901.0
2018-06-11,0.0,0.7,3010.0,,979,0,2980.0,3150.0,2980.0
2018-06-10,0.0,-3.93,2981.0,,320,0,3100.0,3100.0,2980.0
2018-06-07,0.0,-3.93,3102.0,,236,0,3165.0,3165.0,3041.0
2018-06-06,0.0,4.84,3229.0,,334,0,3141.0,3229.0,3141.0
2018-06-04,0.0,-3.6,3080.0,,432,0,3132.0,3195.0,3070.0
2018-06-03,0.0,-3.77,3200.0,,268,0,3254.0,3260.0,3195.0
2018-05-31,0.0,-0.72,3320.0,,492,0,3399.0,3419.0,3260.0
2018-05-30,0.0,2.58,3344.0,,638,0,3210.0,3366.0,3210.0
2018-05-29,0.0,-3.89,3260.0,,66,0,3325.0,3325.0,3200.0
2018-05-28,0.0,9.42,3392.0,,460,0,3100.0,3392.0,3038.0
2018-05-27,0.0,-3.73,3100.0,,176,0,3220.0,3220.0,3100.0
2018-05-24,0.0,-4.59,3220.0,,994,0,3375.0,3350.0,3200.0
2018-05-23,0.0,4.17,3375.0,,330,0,3250.0,3375.0,3250.0
2018-05-22,0.0,2.21,3240.0,,506,0,3232.0,3240.0,3120.0
2018-05-21,0.0,3.26,3170.0,,640,0,3017.0,3170.0,3017.0
2018-05-20,0.0,1.99,3070.0,,166,0,3070.0,3130.0,3050.0
2018-05-17,0.0,0.33,3010.0,,702,0,3000.0,3050.0,2980.0
2018-05-16,0.0,6.95,3000.0,,884,0,2861.0,3000.0,2861.0
2018-05-15,0.0,-4.92,2805.0,,322,0,2901.0,2902.0,2805.0
2018-05-14,0.0,-1.34,2950.0,,291,0,2935.0,2950.0,2900.0
2018-05-10,0.0,3.46,2990.0,,1023,0,2890.0,3017.0,2863.0
2018-05-09,0.0,1.4,2890.0,,377,0,2850.0,2907.0,2850.0
2018-05-08,0.0,-1.59,2850.0,,194,0,2841.0,2850.0,2839.0
2018-05-07,0.0,1.97,2839.0,,82,0,2840.0,2896.0,2840.0
2018-05-06,0.0,-2.07,2840.0,,254,0,2958.0,2958.0,2840.0
2018-05-03,0.0,1.68,2900.0,,211,0,2909.0,2909.0,2844.0
2018-05-02,0.0,-1.99,2852.0,,10,0,2910.0,2852.0,2852.0
2018-04-29,0.0,-1.99,2910.0,,10,0,2910.0,2910.0,2910.0
2018-04-26,0.0,-1.98,2969.0,,10,0,2969.0,2969.0,2969.0
2018-04-23,0.0,-0.03,3029.0,,300,0,3090.0,3100.0,3029.0
2018-04-19,0.0,8.21,3030.0,,259,0,2818.0,3030.0,2818.0
2018-04-18,0.0,2.08,2800.0,,332,0,2730.0,2800.0,2700.0
2018-04-17,0.0,6.03,2743.0,,70,0,2587.0,2743.0,2638.0
2018-04-16,0.0,6.02,2587.0,,30,0,2488.0,2587.0,2488.0
2018-04-15,0.0,-0.41,2440.0,,24,0,2450.0,2440.0,2440.0
2018-04-12,0.0,0.0,2450.0,,24,0,2499.0,2499.0,2450.0
2018-04-11,0.0,0.0,2450.0,,54,0,2450.0,2499.0,2450.0
2018-04-10,0.0,-1.96,2450.0,,47,0,2490.0,2490.0,2450.0
2018-04-09,0.0,1.96,2499.0,,632,0,2454.0,2501.0,2452.0
2018-04-08,0.0,-1.09,2451.0,,744,0,2500.0,2550.0,2451.0
2018-04-05,0.0,3.6,2478.0,,174,0,2400.0,2478.0,2400.0
2018-04-04,0.0,4.0,2392.0,,44,0,2300.0,2392.0,2300.0
2018-04-03,0.0,0.0,2310.0,,283,0,2340.0,2346.0,2300.0
2018-04-01,0.0,-2.33,2300.0,,36,0,2308.0,2308.0,2262.0
2018-03-29,0.0,3.88,2355.0,,132,0,2312.0,2355.0,2222.0
2018-03-28,0.0,2.26,2267.0,,956,0,2200.0,2267.0,2173.0
2018-03-27,0.0,-1.2,2217.0,,102,0,2244.0,2262.0,2175.0
2018-03-26,0.0,-3.9,2244.0,,30,0,2289.0,2289.0,2244.0
2018-03-22,0.0,-3.15,2336.0,,292,0,2365.0,2386.0,2330.0
2018-03-21,0.0,-1.59,2411.0,,34,0,2450.0,2450.0,2411.0
2018-03-20,0.0,-2.0,2450.0,,104,0,2450.0,2450.0,2450.0
2018-03-19,0.0,0.0,2500.0,,36,0,2500.0,2500.0,2471.0
2018-03-18,0.0,-1.07,2500.0,,76,0,2485.0,2500.0,2482.0
2018-03-15,0.0,-0.04,2527.0,,82,0,2578.0,2628.0,2527.0
2018-03-14,0.0,1.98,2528.0,,20,0,2528.0,2528.0,2528.0
2018-03-13,0.0,0.69,2479.0,,202,0,2445.0,2479.0,2431.0
2018-03-12,0.0,0.04,2462.0,,392,0,2461.0,2462.0,2430.0
2018-03-11,0.0,-7.48,2461.0,,472,0,2660.0,2607.0,2461.0
2018-03-07,0.0,1.53,2660.0,,200,0,2650.0,2660.0,2650.0
2018-03-06,0.0,1.99,2620.0,,250,0,2620.0,2669.0,2620.0
2018-03-04,0.0,-5.76,2623.0,,203,0,2730.0,2730.0,2620.0
2018-02-28,0.0,-3.3,2780.0,,322,0,2840.0,2840.0,2765.0
2018-02-27,0.0,0.52,2875.0,,14,0,2875.0,2875.0,2875.0
2018-02-26,0.0,-0.35,2861.0,,256,0,2870.0,2920.0,2860.0
2018-02-25,0.0,-1.54,2870.0,,90,0,2870.0,2870.0,2870.0
2018-02-22,0.0,0.0,2915.0,,22,0,2858.0,2915.0,2858.0
2018-02-21,0.0,-1.95,2916.0,,368,0,2916.0,2945.0,2901.0
2018-02-20,0.0,-3.91,2973.0,,32,0,3033.0,3033.0,2973.0
2018-02-18,0.0,0.0,3033.0,,6,0,3033.0,3033.0,3033.0
2018-02-15,0.0,4.0,3094.0,,52,0,3034.0,3094.0,3034.0
2018-02-14,0.0,0.34,2975.0,,138,0,2965.0,2975.0,2916.0
2018-02-12,0.0,-1.27,2965.0,,34,0,3005.0,3005.0,2965.0
2018-02-11,0.0,-0.07,3003.0,,156,0,2945.0,3003.0,2945.0
2018-02-08,0.0,1.97,3005.0,,484,0,2890.0,3005.0,2890.0
2018-02-07,0.0,1.97,2945.0,,636,0,2945.0,2947.0,2945.0
2018-02-06,0.0,0.0,2890.0,,36,0,2890.0,2890.0,2889.0
2018-02-05,0.0,-0.69,2890.0,,16,0,2890.0,2890.0,2890.0
2018-02-04,0.0,-0.34,2910.0,,256,0,2910.0,2910.0,2910.0
2018-02-01,0.0,-1.35,2921.0,,188,0,2950.0,2950.0,2920.0
2018-01-31,0.0,2.07,2958.0,,56,0,2957.0,2960.0,2957.0
2018-01-29,0.0,-0.07,2899.0,,65,0,2844.0,2900.0,2844.0
2018-01-28,0.0,-1.63,2902.0,,12,0,2902.0,2902.0,2902.0
2018-01-25,0.0,0.0,2950.0,,2,0,2950.0,2950.0,2950.0
2018-01-24,0.0,0.85,2910.0,,140,0,2867.0,2950.0,2867.0
2018-01-23,0.0,-1.85,2931.0,,184,0,2935.0,2935.0,2925.0
2018-01-22,0.0,0.0,2980.0,,30,0,2980.0,2980.0,2980.0
2018-01-21,0.0,0.0,2960.0,,36,0,2980.0,2980.0,2955.0
2018-01-17,0.0,0.0,2980.0,,212,0,2921.0,2990.0,2921.0
2018-01-16,0.0,-0.67,2980.0,,122,0,2995.0,3000.0,2980.0
2018-01-10,0.0,0.0,3000.0,,12,0,3000.0,3000.0,3000.0
2018-01-08,0.0,0.0,3000.0,,110,0,3000.0,3000.0,3000.0
2018-01-07,0.0,-1.61,2995.0,,237,0,2989.0,3000.0,2989.0
2018-01-04,0.0,3.04,3049.0,,32,0,3018.0,3049.0,3018.0
2018-01-03,0.0,-3.93,2959.0,,174,0,3019.0,3020.0,2959.0
2018-01-02,0.0,-0.1,3080.0,,302,0,3083.0,3083.0,3022.0
2018-01-01,0.0,4.23,3700.0,,587,0,3550.0,3700.0,3550.0
2017-12-31,0.0,-0.42,3550.0,,373,0,3500.0,3550.0,3435.0
2017-12-28,0.0,-0.97,3565.0,,138,0,3555.0,3565.0,3555.0
2017-12-27,0.0,-2.31,3611.0,,667,0,3650.0,3655.0,3600.0
2017-12-26,0.0,-1.6,3685.0,,386,0,3700.0,3725.0,3685.0
2017-12-24,0.0,0.54,3745.0,,994,0,3799.0,3885.0,3745.0
2017-12-21,0.0,-0.67,3700.0,,156,0,3730.0,3757.0,3725.0
2017-12-20,0.0,0.0,3745.0,,166,0,3700.0,3750.0,3700.0
2017-12-19,0.0,1.32,3750.0,,282,0,3701.0,3750.0,3681.0
2017-12-18,0.0,-1.31,3650.0,,76,0,3680.0,3750.0,3680.0
2017-12-17,0.0,-1.0,3740.0,,44,0,3713.0,3750.0,3713.0
2017-12-13,0.0,0.8,3780.0,,502,0,3780.0,3780.0,3780.0
2017-12-12,0.0,-1.32,3750.0,,160,0,3761.0,3765.0,3750.0
2017-12-11,0.0,0.64,3800.0,,100,0,3750.0,3800.0,3750.0
2017-12-10,0.0,-0.63,3776.0,,108,0,3775.0,3850.0,3775.0
2017-12-06,0.0,0.66,3800.0,,339,0,3810.0,3850.0,3775.0
2017-12-05,0.0,0.4,3775.0,,310,0,3835.0,3835.0,3750.0
2017-12-04,0.0,-0.4,3760.0,,218,0,3750.0,3795.0,3750.0
2017-11-30,0.0,0.67,3775.0,,562,0,3750.0,3825.0,3750.0
2017-11-29,0.0,1.49,3750.0,,302,0,3690.0,3840.0,3690.0
2017-11-28,0.0,0.0,3622.0,,4,0,3695.0,3622.0,3622.0
2017-11-27,0.0,0.96,3695.0,,370,0,3660.0,3700.0,3650.0
2017-11-26,0.0,6.86,3660.0,,200,0,3425.0,3660.0,3440.0
2017-11-23,0.0,-0.44,3425.0,,14,0,3440.0,3425.0,3425.0
2017-11-22,0.0,0.7,3440.0,,257,0,3416.0,3450.0,3380.0
2017-11-21,0.0,-0.98,3416.0,,118,0,3405.0,3416.0,3405.0
2017-11-20,0.0,0.35,3450.0,,50,0,3450.0,3450.0,3450.0
2017-11-19,0.0,-0.06,3438.0,,146,0,3440.0,3508.0,3420.0
2017-11-16,0.0,-0.29,3440.0,,308,0,3400.0,3440.0,3381.0
2017-11-15,0.0,0.58,3450.0,,386,0,3440.0,3451.0,3410.0
2017-11-14,0.0,2.23,3430.0,,70,0,3422.0,3519.0,3422.0
2017-11-13,0.0,0.15,3355.0,,156,0,3345.0,3355.0,3345.0
2017-11-12,0.0,0.0,3350.0,,16,0,3350.0,3350.0,3350.0
2017-11-09,0.0,-1.82,3360.0,,196,0,3344.0,3380.0,3278.0
2017-11-08,0.0,-1.61,3344.0,,120,0,3420.0,3420.0,3341.0
2017-11-07,0.0,3.03,3468.0,,84,0,3400.0,3468.0,3400.0
2017-11-06,0.0,0.0,,,8,0,3366.0,,
2017-11-05,0.0,-1.61,3310.0,,172,0,3415.0,3415.0,3360.0
2017-11-02,0.0,-0.49,3421.0,,80,0,3400.0,3450.0,3370.0
2017-11-01,0.0,-1.77,3438.0,,94,0,3430.0,3498.0,3430.0
2017-10-31,0.0,-0.14,3440.0,,66,0,3450.0,3500.0,3450.0
2017-10-30,0.0,-2.91,3505.0,,48,0,3600.0,3600.0,3505.0
2017-10-29,0.0,0.84,3610.0,,182,0,3509.0,3610.0,3509.0
2017-10-25,0.0,-0.56,3580.0,,272,0,3560.0,3580.0,3560.0
2017-10-24,0.0,-0.47,3600.0,,412,0,3617.0,3600.0,3545.0
2017-10-23,0.0,-5.31,3617.0,,1016,0,3820.0,3835.0,3576.0
2017-10-22,0.0,-0.78,3820.0,,118,0,3890.0,3890.0,3820.0
2017-10-18,0.0,0.0,3850.0,,222,0,3800.0,3850.0,3730.0
2017-10-17,0.0,2.31,3850.0,,50,0,3838.0,3850.0,3838.0
2017-10-16,0.0,3.95,3760.0,,110,0,3620.0,3763.0,3620.0
2017-10-15,0.0,-0.19,3620.0,,128,0,3627.0,3650.0,3602.0
2017-10-12,0.0,-1.97,3627.0,,12,0,3627.0,3627.0,3627.0
2017-10-11,0.0,1.37,3700.0,,88,0,3651.0,3700.0,3651.0
2017-10-10,0.0,1.39,3650.0,,92,0,3625.0,3650.0,3600.0
2017-10-09,0.0,0.0,3600.0,,106,0,3529.0,3600.0,3529.0
2017-10-08,0.0,-2.7,3600.0,,272,0,3626.0,3626.0,3525.0
2017-10-04,0.0,-1.62,3700.0,,26,0,3765.0,3765.0,3700.0
2017-09-26,0.0,-0.5,3761.0,,66,0,3780.0,3837.0,3761.0
2017-09-25,0.0,-0.34,3780.0,,202,0,3793.0,3799.0,3755.0
2017-09-24,0.0,1.93,3793.0,,42,0,3794.0,3794.0,3793.0
2017-09-20,0.0,-0.77,3721.0,,20,0,3721.0,3721.0,3721.0
2017-09-18,0.0,0.27,3750.0,,122,0,3731.0,3770.0,3731.0
2017-09-17,0.0,-0.5,3740.0,,94,0,3685.0,3740.0,3685.0
2017-09-14,0.0,-0.56,3759.0,,946,0,3750.0,3759.0,3676.0
2017-09-13,0.0,-0.5,3754.0,,168,0,3724.0,3830.0,3724.0
2017-09-12,0.0,-1.2,3799.0,,782,0,3859.0,3859.0,3740.0
2017-09-11,0.0,0.92,3840.0,,1330,0,3755.0,3845.0,3750.0
2017-09-10,0.0,-3.79,3810.0,,378,0,3890.0,3890.0,3806.0
2017-09-07,0.0,0.0,3960.0,,970,0,3895.0,3960.0,3894.0
2017-09-06,0.0,1.54,3960.0,,1405,0,3920.0,4000.0,3920.0
2017-09-04,0.0,-2.03,3900.0,,422,0,3902.0,3950.0,3880.0
2017-08-31,0.0,-2.55,3981.0,,944,0,4085.0,4051.0,3940.0
2017-08-30,0.0,4.18,4085.0,,1823,0,3901.0,4110.0,3891.0
2017-08-28,0.0,1.87,3921.0,,1294,0,3850.0,3970.0,3850.0
2017-08-27,0.0,2.64,3849.0,,870,0,3750.0,3849.0,3700.0
2017-08-24,0.0,0.29,3750.0,,292,0,3739.0,3750.0,3705.0
2017-08-23,0.0,0.0,3665.0,,14,0,,,
2017-08-22,0.0,1.88,3700.0,,783,0,3620.0,3741.0,3620.0
2017-08-21,0.0,-0.27,3670.0,,108,0,3615.0,3670.0,3615.0
2017-08-20,0.0,-0.27,3680.0,,236,0,3620.0,3692.0,3601.0
2017-08-17,0.0,0.54,3689.0,,410,0,3700.0,3700.0,3615.0
2017-08-16,0.0,0.55,3670.0,,497,0,3720.0,3725.0,3620.0
2017-08-15,0.0,2.1,3650.0,,744,0,3510.0,3700.0,3510.0
2017-08-13,0.0,-2.35,3504.0,,476,0,3734.0,3734.0,3556.0
2017-08-10,0.0,-1.32,3661.0,,180,0,3710.0,3710.0,3641.0
2017-08-09,0.0,0.27,3710.0,,180,0,3628.0,3710.0,3628.0
2017-08-07,0.0,-1.33,3700.0,,350,0,3705.0,3720.0,3700.0
2017-08-06,0.0,0.0,3750.0,,280,0,3800.0,3876.0,3701.0
2017-08-03,0.0,-1.7,3750.0,,415,0,3815.0,3968.0,3700.0
2017-08-02,0.0,0.39,3815.0,,1121,0,3800.0,3953.0,3700.0
2017-08-01,0.0,9.57,3800.0,,2625,0,3537.0,3814.0,3515.0
2017-07-31,0.0,5.38,3468.0,,730,0,3290.0,3468.0,3290.0
2017-07-30,0.0,-0.27,3291.0,,440,0,3300.0,3366.0,3276.0
2017-07-27,0.0,0.0,3300.0,,380,0,3300.0,3366.0,3290.0
2017-07-26,0.0,2.07,3300.0,,265,0,3240.0,3300.0,3240.0
2017-07-25,0.0,2.15,3233.0,,298,0,3140.0,3233.0,3140.0
2017-07-24,0.0,0.16,3165.0,,30,0,3160.0,3165.0,3160.0
2017-07-23,0.0,0.0,3160.0,,30,0,3160.0,3160.0,3160.0
2017-07-20,0.0,1.58,3160.0,,330,0,3063.0,3185.0,3063.0
2017-07-19,0.0,-0.61,3115.0,,150,0,3130.0,3130.0,3100.0
2017-07-18,0.0,0.97,3130.0,,100,0,3162.0,3162.0,3100.0
2017-07-17,0.0,1.14,3100.0,,120,0,3065.0,3115.0,3065.0
2017-07-16,0.0,0.16,3065.0,,100,0,3115.0,3100.0,3065.0
2017-07-13,0.0,-0.81,3060.0,,100,0,3045.0,3089.0,3045.0
2017-07-12,0.0,-1.15,3085.0,,100,0,3080.0,3085.0,3065.0
2017-07-11,0.0,2.16,3121.0,,30,0,3060.0,3121.0,3060.0
2017-07-10,0.0,0.0,3041.0,,104,0,3056.0,3056.0,3041.0
2017-07-09,0.0,-2.05,3055.0,,290,0,3119.0,3180.0,3055.0
2017-07-06,0.0,1.93,3119.0,,400,0,3050.0,3119.0,3050.0
2017-07-05,0.0,1.43,3060.0,,130,0,3050.0,3060.0,3030.0
2017-07-04,0.0,-1.89,3017.0,,155,0,3100.0,3100.0,3017.0
2017-07-03,0.0,0.69,3075.0,,235,0,3100.0,3115.0,3075.0
2017-07-02,0.0,-1.8,3054.0,,280,0,3050.0,3055.0,3050.0
2017-06-28,0.0,-0.64,3110.0,,180,0,3101.0,3110.0,3100.0
2017-06-27,0.0,1.13,3130.0,,127,0,3100.0,3130.0,3055.0
2017-06-25,0.0,2.28,3095.0,,320,0,3026.0,3139.0,3026.0
2017-06-22,0.0,1.99,3026.0,,30,0,3026.0,3026.0,3026.0
2017-06-21,0.0,-1.13,2967.0,,10,0,2967.0,2967.0,2967.0
2017-06-20,0.0,1.39,3001.0,,30,0,3019.0,3019.0,3001.0
2017-06-19,0.0,-3.27,2960.0,,460,0,3060.0,3060.0,2906.0
2017-06-18,0.0,0.13,3060.0,,40,0,3056.0,3060.0,3050.0
2017-06-15,0.0,0.0,3056.0,,50,0,3032.0,3117.0,3032.0
2017-06-14,0.0,-1.74,3056.0,,40,0,3051.0,3056.0,3051.0
2017-06-13,0.0,-1.27,3113.0,,165,0,3100.0,3162.0,3090.0
2017-06-12,0.0,0.99,3138.0,,90,0,3075.0,3150.0,3075.0
2017-06-11,0.0,-2.23,3119.0,,460,0,3127.0,3127.0,3010.0
2017-06-08,0.0,-0.9,3191.0,,70,0,3200.0,3200.0,3190.0
2017-06-07,0.0,-0.03,3219.0,,520,0,3248.0,3250.0,3200.0
2017-06-06,0.0,0.62,3220.0,,340,0,3153.0,3240.0,3153.0
2017-06-05,0.0,0.95,3200.0,,200,0,3200.0,3220.0,3136.0
2017-06-04,0.0,0.63,3170.0,,390,0,3150.0,3170.0,3100.0
2017-06-01,0.0,-0.72,3140.0,,200,0,3135.0,3150.0,3135.0
2017-05-31,0.0,2.35,3173.0,,442,0,3100.0,3173.0,3050.0
2017-05-30,0.0,-2.55,3101.0,,440,0,3118.0,3185.0,3070.0
2017-05-28,0.0,-1.12,3181.0,,110,0,3181.0,3200.0,3181.0
2017-05-24,0.0,-1.02,3217.0,,130,0,3250.0,3217.0,3140.0
2017-05-23,0.0,1.4,3250.0,,440,0,3205.0,3250.0,3200.0
2017-05-22,0.0,1.68,3205.0,,170,0,3141.0,3270.0,3141.0
2017-05-21,0.0,-1.5,3152.0,,337,0,3136.0,3163.0,3041.0
2017-05-18,0.0,-0.78,3200.0,,70,0,3225.0,3220.0,3200.0
2017-05-17,0.0,-0.46,3225.0,,90,0,3250.0,3250.0,3225.0
2017-05-16,0.0,-0.25,3240.0,,310,0,3192.0,3240.0,3192.0
2017-05-15,0.0,2.14,3248.0,,380,0,3243.0,3410.0,3228.0
2017-05-11,0.0,3.92,3139.0,,330,0,3060.0,3180.0,3010.0
2017-05-09,0.0,2.68,3060.0,,50,0,2980.0,3060.0,2980.0
2017-05-08,0.0,-0.17,2980.0,,420,0,2985.0,3045.0,2980.0
2017-05-07,0.0,-1.65,2985.0,,245,0,3060.0,3060.0,2985.0
2017-05-04,0.0,0.1,3035.0,,150,0,2976.0,3092.0,2976.0
2017-05-03,0.0,-5.25,3032.0,,250,0,3200.0,3200.0,3032.0
2017-05-02,0.0,4.23,3173.0,,1175,0,3009.0,3200.0,3009.0
2017-04-30,0.0,0.85,3070.0,,1010,0,2990.0,3070.0,2931.0
2017-04-27,0.0,2.91,3044.0,,670,0,2899.0,3050.0,2789.0
2017-04-26,0.0,4.01,2958.0,,330,0,2850.0,2958.0,2840.0
2017-04-25,0.0,3.64,2844.0,,500,0,2744.0,2844.0,2740.0
2017-04-24,0.0,1.25,2744.0,,350,0,2764.0,2799.0,2705.0
2017-04-23,0.0,-1.3,2660.0,,30,0,2701.0,2701.0,2660.0
2017-04-20,0.0,-2.0,2695.0,,130,0,2750.0,2805.0,2695.0
2017-04-19,0.0,5.77,2750.0,,210,0,2600.0,2750.0,2600.0
2017-04-18,0.0,-7.14,2600.0,,330,0,2744.0,2749.0,2585.0
2017-04-16,0.0,1.86,2800.0,,578,0,2803.0,2840.0,2700.0
2017-04-13,0.0,-2.31,2749.0,,220,0,2758.0,2758.0,2749.0
2017-04-12,0.0,7.16,2814.0,,340,0,2678.0,2814.0,2626.0
2017-04-11,0.0,2.78,2626.0,,320,0,2504.0,2710.0,2500.0
2017-04-10,0.0,9.09,2555.0,,158,0,2342.0,2555.0,2296.0
2017-04-06,0.0,-0.68,2342.0,,160,0,2358.0,2360.0,2250.0
2017-04-04,0.0,-7.64,2358.0,,150,0,2503.0,2505.0,2358.0
2017-04-03,0.0,-3.95,2553.0,,120,0,2605.0,2605.0,2553.0
2017-04-02,0.0,6.11,2658.0,,50,0,2555.0,2658.0,2555.0
2017-03-30,0.0,0.6,2505.0,,220,0,2490.0,2505.0,2455.0
2017-03-29,0.0,-0.16,2490.0,,150,0,2494.0,2543.0,2480.0
2017-03-28,0.0,3.06,2494.0,,30,0,2420.0,2494.0,2468.0
2017-03-26,0.0,10.0,2420.0,,310,0,2200.0,2420.0,2200.0
2017-03-23,0.0,2.33,2200.0,,170,0,2150.0,2244.0,2150.0
2017-03-22,0.0,4.12,2150.0,,180,0,2106.0,2150.0,2106.0
2017-03-21,0.0,7.78,2065.0,,280,0,1954.0,2065.0,1954.0
2017-03-20,0.0,8.13,1916.0,,80,0,1772.0,1916.0,1772.0
2017-03-19,0.0,1.96,1772.0,,10,0,1738.0,1772.0,1772.0
2017-03-16,0.0,4.01,1738.0,,20,0,1704.0,1738.0,1704.0
2017-03-13,0.0,-3.91,1671.0,,20,0,1705.0,1705.0,1671.0
2017-03-09,0.0,-1.97,1739.0,,10,0,1739.0,1739.0,1739.0
2017-03-07,0.0,1.95,1770.0,,20,0,1774.0,1774.0,1770.0
2017-03-06,0.0,0.29,1740.0,,20,0,1740.0,1740.0,1740.0
2017-03-05,0.0,1.88,1735.0,,180,0,1695.0,1735.0,1690.0
2017-03-02,0.0,4.8,1703.0,,410,0,1630.0,1703.0,1630.0
2017-03-01,0.0,8.05,1625.0,,210,0,1475.0,1625.0,1475.0
2017-02-28,0.0,2.1,1504.0,,80,0,1473.0,1504.0,1473.0
2017-02-26,0.0,-0.07,1473.0,,20,0,1445.0,1473.0,1445.0
2017-02-23,0.0,-2.06,1474.0,,60,0,1475.0,1475.0,1446.0
2017-02-21,0.0,1.96,1505.0,,10,0,1505.0,1505.0,1505.0
2017-02-19,0.0,-1.67,1476.0,,10,0,1476.0,1476.0,1476.0
2017-02-16,0.0,-1.9,1501.0,,10,0,1501.0,1501.0,1501.0
2017-02-15,0.0,8.9,1530.0,,180,0,1433.0,1530.0,1433.0
2017-02-14,0.0,4.38,1405.0,,40,0,1360.0,1405.0,1360.0
2017-02-13,0.0,-6.92,1346.0,,113,0,1419.0,1419.0,1346.0
2017-02-12,0.0,-2.95,1446.0,,160,0,1480.0,1480.0,1445.0
2017-02-09,0.0,-4.43,1490.0,,130,0,1528.0,1528.0,1490.0
2017-02-08,0.0,-1.39,1559.0,,120,0,1581.0,1583.0,1551.0
2017-02-07,0.0,0.38,1581.0,,90,0,1575.0,1606.0,1575.0
2017-02-06,0.0,1.68,1575.0,,30,0,1575.0,1575.0,1575.0
2017-02-02,0.0,7.79,1549.0,,120,0,1465.0,1580.0,1465.0
2017-01-31,0.0,-3.88,1437.0,,260,0,1466.0,1495.0,1437.0
2017-01-30,0.0,-9.94,1495.0,,70,0,1628.0,1628.0,1495.0
2017-01-26,0.0,-5.2,1660.0,,280,0,1716.0,1716.0,1651.0
2017-01-25,0.0,-3.53,1751.0,,88,0,1785.0,1785.0,1751.0
2017-01-24,0.0,-1.14,1815.0,,210,0,1836.0,1849.0,1802.0
2017-01-23,0.0,-1.82,1836.0,,10,0,1836.0,1836.0,1836.0
2017-01-22,0.0,3.14,1870.0,,282,0,1830.0,1888.0,1830.0
2017-01-19,0.0,-2.53,1813.0,,170,0,1835.0,1835.0,1805.0
2017-01-18,0.0,8.08,1860.0,,70,0,1755.0,1860.0,1755.0
2017-01-16,0.0,-0.75,1721.0,,30,0,1700.0,1734.0,1700.0
2017-01-15,0.0,0.23,1734.0,,60,0,1696.0,1734.0,1696.0
2017-01-12,0.0,-3.89,1730.0,,220,0,1764.0,1764.0,1730.0
2017-01-11,0.0,-0.83,1800.0,,10,0,1800.0,1800.0,1800.0
2017-01-10,0.0,1.97,1815.0,,280,0,1815.0,1851.0,1815.0
2017-01-09,0.0,0.06,1780.0,,40,0,1780.0,1780.0,1780.0
2017-01-08,0.0,1.95,1779.0,,130,0,1745.0,1779.0,1713.0
2017-01-05,0.0,-1.08,1745.0,,30,0,1745.0,1745.0,1745.0
2017-01-04,0.0,-1.73,1764.0,,50,0,1761.0,1800.0,1761.0
2017-01-03,0.0,-3.91,1795.0,,80,0,1831.0,1831.0,1795.0
2017-01-02,0.0,1.03,1867.0,,80,0,1860.0,1868.0,1850.0
2017-01-01,0.0,1.99,1849.0,,10,0,1849.0,1849.0,1849.0
2016-12-29,0.0,0.0,1813.0,,110,0,1849.0,1849.0,1813.0
2016-12-28,0.0,-0.11,1813.0,,110,0,1851.0,1888.0,1813.0
2016-12-27,0.0,0.33,1815.0,,210,0,1776.0,1815.0,1741.0
2016-12-26,0.0,9.97,1809.0,,1390,0,1677.0,1809.0,1677.0
2016-12-22,0.0,0.92,1645.0,,20,0,1635.0,1645.0,1635.0
2016-12-21,0.0,-3.61,1630.0,,210,0,1661.0,1661.0,1630.0
2016-12-20,0.0,0.06,1691.0,,160,0,1658.0,1715.0,1658.0
2016-12-19,0.0,-1.74,1690.0,,10,0,1690.0,1690.0,1690.0
2016-12-18,0.0,-0.86,1720.0,,30,0,1702.0,1720.0,1701.0
2016-12-14,0.0,-1.7,1735.0,,200,0,1731.0,1735.0,1731.0
2016-12-12,0.0,-1.23,1765.0,,30,0,1752.0,1765.0,1752.0
2016-12-11,0.0,-0.06,1787.0,,30,0,1823.0,1823.0,1787.0
2016-12-08,0.0,6.05,1788.0,,40,0,1719.0,1788.0,1719.0
2016-12-07,0.0,0.0,1686.0,,10,0,1686.0,1686.0,1686.0
2016-12-06,0.0,-5.6,1686.0,,160,0,1755.0,1755.0,1686.0
2016-12-05,0.0,2.41,1786.0,,110,0,1760.0,1786.0,1750.0
2016-12-04,0.0,0.52,1744.0,,30,0,1740.0,1744.0,1710.0
2016-12-01,0.0,4.2,1735.0,,200,0,1698.0,1735.0,1698.0
2016-11-30,0.0,1.96,1665.0,,50,0,1633.0,1665.0,1665.0
2016-11-29,0.0,3.87,1960.0,,1595,0,1850.0,1960.0,1780.0
2016-11-28,0.0,1.94,1887.0,,580,0,1814.0,1887.0,1666.0
2016-11-27,0.0,-8.68,1851.0,,690,0,2030.0,2050.0,1851.0
2016-11-24,0.0,-1.89,2027.0,,310,0,2050.0,2150.0,2027.0
2016-11-23,0.0,-4.48,2066.0,,860,0,2200.0,2200.0,2066.0
2016-11-22,0.0,-5.55,2163.0,,680,0,2245.0,2280.0,2157.0
2016-11-21,0.0,-5.02,2290.0,,320,0,2363.0,2363.0,2200.0
2016-11-20,0.0,-7.27,2411.0,,130,0,2548.0,2548.0,2411.0
2016-11-17,0.0,-5.11,2600.0,,120,0,2686.0,2686.0,2600.0
2016-11-16,0.0,-3.52,2740.0,,450,0,2840.0,2840.0,2740.0
2016-11-15,0.0,-0.98,2840.0,,200,0,2900.0,2900.0,2820.0
2016-11-14,0.0,-1.27,2868.0,,420,0,2905.0,2910.0,2865.0
2016-11-13,0.0,0.21,2905.0,,750,0,2940.0,2998.0,2850.0
2016-11-10,0.0,-0.24,2899.0,,560,0,2860.0,3000.0,2860.0
2016-11-09,0.0,-5.03,2906.0,,620,0,3060.0,3060.0,2906.0
2016-11-08,0.0,0.33,3060.0,,1345,0,3000.0,3100.0,2901.0
2016-11-07,0.0,2.87,3050.0,,1620,0,3000.0,3055.0,2802.0
2016-11-03,0.0,9.98,2965.0,,490,0,2749.0,2965.0,2749.0
2016-10-27,0.0,10.0,2696.0,,420,0,2500.0,2696.0,2500.0
2016-10-26,0.0,9.96,2451.0,,80,0,2273.0,2451.0,2273.0
2016-10-25,0.0,3.96,2229.0,,20,0,2186.0,2229.0,2186.0
2016-10-24,0.0,4.03,2144.0,,20,0,2102.0,2144.0,2102.0
2016-10-19,0.0,3.99,2061.0,,20,0,2021.0,2061.0,2021.0
2016-10-17,0.0,1.95,1982.0,,10,0,1982.0,1982.0,1982.0
2016-10-16,0.0,1.99,1944.0,,10,0,1944.0,1944.0,1944.0
2016-10-05,0.0,7.08,1906.0,,20,0,1869.0,1906.0,1869.0
2016-10-03,0.0,3.97,1780.0,,20,0,1746.0,1780.0,1746.0
2016-09-28,0.0,6.01,1712.0,,30,0,1647.0,1712.0,1647.0
2016-09-25,0.0,4.97,1584.0,,10,0,1584.0,1584.0,1584.0
2016-09-22,0.0,4.97,1584.0,,10,0,1584.0,1584.0,1584.0
2016-09-20,0.0,1.96,1509.0,,10,0,1509.0,1509.0,1509.0
2016-09-18,0.0,4.96,1480.0,,20,0,1480.0,1480.0,1480.0
2016-09-14,0.0,1.95,1410.0,,10,0,1410.0,1410.0,1410.0
2016-09-11,0.0,1.99,1383.0,,10,0,1383.0,1383.0,1383.0
2016-09-08,0.0,1.95,1356.0,,10,0,1356.0,1356.0,1356.0
2016-09-04,0.0,4.97,1330.0,,40,0,1330.0,1330.0,1330.0
2016-08-31,0.0,3.94,1267.0,,20,0,1243.0,1267.0,1243.0
2016-08-28,0.0,3.92,1219.0,,20,0,1196.0,1219.0,1196.0
2016-08-21,0.0,2.0,1173.0,,10,0,1173.0,1173.0,1173.0
2016-08-16,0.0,3.6,1150.0,,10,0,1150.0,1150.0,1150.0
2016-08-14,0.0,4.91,1110.0,,20,0,1110.0,1110.0,1110.0
2016-08-09,0.0,4.96,1058.0,,10,0,1058.0,1058.0,1058.0
2016-08-08,0.0,7.01,1008.0,,20,0,942.0,1008.0,989.0
2016-08-07,0.0,3.97,942.0,,20,0,906.0,942.0,924.0
2016-07-28,0.0,4.98,906.0,,10,0,863.0,906.0,906.0
2016-07-27,0.0,1.89,863.0,,10,0,847.0,863.0,863.0
2016-07-20,0.0,4.96,847.0,,10,0,847.0,847.0,847.0
2016-07-19,0.0,1.89,807.0,,10,0,807.0,807.0,807.0
2016-07-18,0.0,1.93,792.0,,10,0,777.0,792.0,792.0
2016-07-17,0.0,9.9,777.0,,1125,0,707.0,777.0,721.0
2016-07-14,0.0,1.87,707.0,,10,0,707.0,707.0,707.0
2016-07-05,0.0,4.99,694.0,,10,0,694.0,694.0,694.0
2016-06-26,0.0,1.85,661.0,,10,0,649.0,661.0,661.0
2016-06-20,0.0,4.85,649.0,,10,0,619.0,649.0,649.0
2016-06-09,0.0,1.98,619.0,,10,0,619.0,619.0,619.0
2016-05-31,0.0,3.76,607.0,,20,0,585.0,607.0,596.0
2016-05-18,0.0,4.84,585.0,,10,0,558.0,585.0,585.0
2016-05-15,0.0,1.82,558.0,,10,0,558.0,558.0,558.0
2016-05-10,0.0,1.86,548.0,,10,0,548.0,548.0,548.0
2016-05-03,0.0,1.89,538.0,,10,0,528.0,538.0,538.0
2016-03-31,0.0,1.93,528.0,,10,0,518.0,528.0,528.0
2016-03-28,0.0,4.93,596.0,,50,0,568.0,596.0,596.0
2016-03-27,0.0,4.99,568.0,,30,0,541.0,568.0,568.0
2016-03-24,0.0,9.96,541.0,,440,0,492.0,541.0,516.0
2016-03-23,0.0,6.96,492.0,,190,0,483.0,492.0,483.0
2015-12-17,0.0,9.79,460.0,,100,0,427.0,460.0,427.0
2015-12-10,0.0,0.0,419.0,,590,0,381.0,419.0,381.0
