DATE,CHANGE,CHANGE %,CLOSE,TURNOVER,VOLUME,TRADE,OPEN,HIGH,LOW
2026-05-08,5.0,1.92,266.0,75.8,28782,117,259.1,267.0,259.1
2026-05-07,-2.4,-0.91,261.0,56.28,21574,114,263.0,265.0,259.1
2026-05-06,-1.6,-0.6,263.4,50.54,19315,116,267.9,269.0,260.0
2026-05-05,8.9,3.48,265.0,,56067,297,252.0,270.8,251.0
2026-05-04,-5.9,-2.25,256.1,99.39,38546,180,257.0,264.5,255.8
2026-04-30,-3.5,-1.32,262.0,,48511,255,265.5,265.5,258.0
2026-04-29,-5.5,-2.03,265.5,,38143,205,267.3,272.0,265.0
2026-04-28,-3.0,-1.09,271.0,95.21,34908,196,287.7,287.7,270.0
2026-04-27,2.0,0.74,274.0,,52467,216,272.0,280.0,272.0
2026-04-24,1.0,0.37,272.0,,43817,267,271.0,275.5,268.0
2026-04-23,-6.7,-2.41,271.0,,50144,235,263.9,281.4,263.9
2026-04-22,-3.9,-1.38,277.7,,82768,362,281.0,283.2,272.0
2026-04-21,-12.1,-4.12,281.6,,94992,326,285.1,299.0,281.0
2026-04-20,-5.3,-1.77,293.7,,128369,539,299.0,299.0,284.4
2026-04-17,23.0,8.33,299.0,,254045,791,281.5,303.6,275.0
2026-04-16,-13.0,-4.5,276.0,,88531,391,289.0,289.0,275.0
2026-04-15,1.6,0.56,289.0,,147909,531,293.0,297.0,288.0
2026-04-13,6.4,2.28,287.4,,243252,829,278.1,295.0,277.2
2026-04-10,-1.0,-0.35,281.0,,147538,519,283.0,287.5,277.0
2026-04-09,10.4,3.83,282.0,,113654,545,271.0,285.0,266.4
2026-04-08,9.6,3.66,271.6,,74849,322,267.2,271.6,262.1
2026-04-07,2.0,0.77,262.0,,104872,490,264.0,272.0,261.0
2026-04-06,19.0,7.88,260.0,,140309,616,240.0,265.1,236.2
2026-04-05,-20.0,-7.66,241.0,,148400,681,261.0,261.0,240.0
2026-04-02,-0.9,-0.34,261.0,,101552,541,260.2,267.0,251.8
2026-04-01,-12.1,-4.42,261.9,,102373,517,274.0,278.0,260.1
2026-03-31,3.0,1.11,274.0,,138430,627,272.8,280.3,264.6
2026-03-30,-11.0,-3.9,271.0,,131627,659,282.0,282.4,270.0
2026-03-29,-10.0,-3.42,282.0,,96199,571,297.8,297.8,280.3
2026-03-26,2.0,0.69,292.0,,167300,576,291.2,296.9,285.8
2026-03-25,-2.0,-0.68,290.0,,103429,477,297.8,297.8,288.0
2026-03-24,-1.0,-0.34,292.0,,115394,490,297.7,298.0,290.0
2026-03-23,0.7,0.24,293.0,,164316,628,293.0,294.0,287.4
2026-03-22,-3.7,-1.25,292.3,,352118,1242,298.0,299.0,289.0
2026-03-19,2.0,0.68,296.0,,409372,1294,294.1,302.0,294.0
2026-03-17,2.0,0.68,294.0,,308681,952,297.8,303.6,285.0
2026-03-16,-1.0,-0.34,292.0,,351484,1277,290.0,295.0,281.6
2026-03-15,-16.0,-5.18,293.0,,767961,2295,304.0,304.8,292.0
2026-03-12,-3.0,-0.96,309.0,,585098,1539,311.0,329.7,298.0
2026-03-11,2.2,0.71,312.0,,388579,1062,309.0,317.9,305.0
2026-03-10,-11.2,-3.49,309.8,,659887,1864,321.0,340.5,302.0
2026-03-09,26.3,8.92,321.0,87.46,27428,76,300.5,323.0,300.5
2026-03-03,14.8,5.29,294.7,,445693,1269,279.0,300.0,275.0
2026-03-01,0.9,0.32,279.9,,122759,447,273.5,280.9,269.2
2026-02-26,-3.0,-1.06,279.0,,159576,534,287.6,287.6,273.8
2026-02-25,5.1,1.84,282.0,,301246,898,276.0,289.8,272.0
2026-02-24,7.8,2.9,276.9,,208564,862,265.0,286.4,265.0
2026-02-23,-4.9,-1.79,269.1,,176481,687,269.0,282.0,267.5
2026-02-22,-14.6,-5.06,274.0,,164750,734,290.0,290.0,273.6
2026-02-17,-1.4,-0.48,288.6,,571987,1908,290.0,290.0,268.0
2026-02-16,-30.0,-9.38,290.0,,841788,2156,313.6,327.5,289.0
2026-02-12,21.0,7.02,320.0,,719782,1820,298.0,326.4,287.2
2026-02-11,-7.0,-2.29,299.0,,360981,1404,299.9,310.0,294.0
2026-02-10,1.6,0.53,306.0,,449026,1988,298.4,315.0,288.0
2026-02-09,27.6,9.97,304.4,,945668,2400,277.0,304.4,261.7
2026-02-08,25.1,9.97,276.8,,809051,3157,256.7,276.8,256.7
2026-02-05,22.8,9.96,251.7,,536005,1074,225.2,251.7,225.2
2026-02-04,-1.1,-0.48,228.9,,128204,396,234.0,234.0,224.1
2026-02-03,-3.9,-1.67,230.0,,73834,324,233.0,236.7,228.5
2026-02-02,-2.4,-1.02,233.9,,73574,293,231.6,240.0,231.6
2026-02-01,-3.7,-1.54,236.3,,105217,419,238.0,244.0,236.0
2026-01-29,8.9,3.85,240.0,,334651,1091,231.1,248.9,231.1
2026-01-28,3.0,1.32,231.1,,100231,444,230.0,232.5,223.6
2026-01-27,-8.5,-3.59,228.1,,132338,526,231.9,240.7,227.9
2026-01-26,-2.4,-1.0,236.6,,140361,533,234.3,245.0,231.1
2026-01-25,8.8,3.82,239.0,,159183,586,225.9,240.6,225.9
2026-01-22,2.4,1.05,230.2,,141855,443,223.3,233.0,223.3
2026-01-21,1.1,0.49,227.8,,140962,415,223.0,231.2,223.0
2026-01-20,4.7,2.12,226.7,,280093,475,223.0,230.9,222.0
2026-01-18,2.1,0.95,222.0,89.47,40357,224,215.6,224.9,215.6
2026-01-14,-2.0,-0.9,219.9,,53456,224,217.5,224.3,217.5
2026-01-13,-1.6,-0.72,221.9,,76155,312,220.0,222.9,219.1
2026-01-12,-2.4,-1.06,223.5,83.9,37221,201,225.9,229.9,221.2
2026-01-08,10.0,4.63,225.9,,413228,941,215.9,235.0,213.0
2026-01-07,0.7,0.33,215.9,,60158,238,214.1,219.5,214.1
2026-01-06,-0.3,-0.14,215.2,,56167,265,215.0,220.9,215.0
2026-01-05,1.7,0.8,215.5,,81069,278,216.3,217.0,213.0
2026-01-04,-0.3,-0.14,213.8,78.13,36397,160,209.9,218.9,209.9
2026-01-01,-2.9,-1.34,214.1,81.28,37784,157,214.5,218.7,214.0
2025-12-31,0.0,0.0,217.0,,49409,184,220.0,221.0,214.5
2025-12-29,-5.4,-2.43,217.0,96.91,44123,220,223.0,226.0,216.5
2025-12-28,7.7,3.59,222.4,,64800,295,215.0,222.4,213.3
2025-12-24,-0.2,-0.09,214.7,93.27,43772,216,211.0,218.0,211.0
2025-12-23,2.9,1.37,214.9,,47073,251,208.0,217.9,208.0
2025-12-22,-4.0,-1.85,212.0,74.9,34972,229,216.0,218.0,211.7
2025-12-21,-5.0,-2.26,216.0,,46815,268,217.0,221.0,215.5
2025-12-18,-3.8,-1.69,221.0,,51541,276,222.0,228.8,219.9
2025-12-17,1.4,0.63,224.8,,66275,263,225.0,226.9,221.0
2025-12-16,-1.6,-0.71,223.4,98.78,44106,256,225.0,227.8,222.2
2025-12-15,-12.3,-5.18,225.0,,125275,692,232.6,232.6,219.6
2025-12-14,-2.7,-1.12,237.3,53.24,22547,148,244.8,244.8,233.0
2025-12-11,0.0,0.0,240.0,13.68,5701,47,237.3,244.0,237.2
2025-12-10,1.0,0.42,240.0,25.16,10424,60,243.7,248.0,240.0
2025-12-09,-3.7,-1.52,239.0,23.79,9900,60,240.0,245.0,239.0
2025-12-08,-0.3,-0.12,242.7,45.82,19068,98,239.0,243.1,237.1
2025-12-07,-5.0,-2.02,243.0,30.52,12616,87,252.4,252.4,239.0
2025-12-03,1.0,0.4,248.0,30.58,12394,71,247.0,254.9,245.2
2025-12-02,-3.0,-1.2,247.0,14.62,5919,44,253.0,253.0,246.0
2025-12-01,2.0,0.81,250.0,41.06,16750,98,252.0,252.0,241.0
2025-11-30,-8.0,-3.12,248.0,53.58,21453,113,260.0,260.0,246.2
2025-11-27,2.0,0.79,256.0,23.28,9117,74,254.0,258.0,253.6
2025-11-26,-1.0,-0.39,254.0,31.51,12377,86,250.2,260.0,250.2
2025-11-25,3.5,1.39,255.0,35.28,13896,77,252.0,256.0,252.0
2025-11-24,-4.5,-1.76,251.5,52.31,20564,107,260.8,260.8,251.0
2025-11-23,4.6,1.83,256.0,53.01,20754,120,256.4,260.0,250.1
2025-11-20,-0.1,-0.04,251.4,49.36,19902,92,246.5,251.4,244.1
2025-11-19,-1.5,-0.59,251.5,26.16,10497,83,256.0,256.0,245.2
2025-11-18,4.0,1.61,253.0,62.83,24860,135,250.0,256.9,250.0
2025-11-17,10.5,4.4,249.0,52.65,21612,130,241.8,256.5,238.0
2025-11-16,0.5,0.21,238.5,22.75,9596,47,242.7,242.7,235.0
2025-11-13,-2.6,-1.08,238.0,44.58,18575,103,245.0,245.0,236.0
2025-11-12,-7.4,-2.98,240.6,28.29,11452,73,248.0,250.0,240.6
2025-11-11,6.1,2.52,248.0,33.65,13759,96,240.0,255.7,239.2
2025-11-10,-3.1,-1.27,241.9,56.09,23127,104,244.5,249.3,237.2
2025-11-09,-6.0,-2.39,245.0,51.32,21065,88,251.0,251.0,237.7
2025-11-06,-2.0,-0.79,251.0,34.84,13832,75,250.1,257.8,249.0
2025-11-05,-3.8,-1.48,253.0,45.84,18300,119,261.0,266.0,247.0
2025-11-04,4.9,1.95,256.8,88.23,33890,240,252.8,266.0,252.8
2025-11-03,-8.1,-3.12,251.9,90.61,35754,183,256.1,262.5,249.0
2025-11-02,-13.0,-4.76,260.0,,74610,284,274.0,274.0,255.8
2025-10-30,15.6,6.06,273.0,,100517,605,262.5,278.4,262.5
2025-10-29,23.4,10.0,257.4,,57020,194,236.4,257.4,236.0
2025-10-28,12.4,5.6,234.0,45.42,19695,48,225.9,234.0,225.0
2025-10-26,-7.7,-3.36,221.6,5.89,2635,29,224.8,228.0,216.0
2025-10-19,8.3,3.76,229.3,18.39,8222,58,224.5,229.3,222.0
2025-10-16,-6.0,-2.64,221.0,13.62,6160,78,223.0,227.2,216.7
2025-10-15,2.0,0.89,227.0,10.82,4755,34,222.2,229.5,222.2
2025-10-14,-2.0,-0.88,225.0,12.47,5531,47,224.0,228.0,224.0
2025-10-13,-2.0,-0.87,227.0,9.77,4319,45,229.0,229.0,223.2
2025-10-12,-6.0,-2.55,229.0,27.42,12003,68,230.4,232.5,226.0
2025-10-09,2.0,0.86,235.0,41.58,17412,99,237.6,250.0,235.0
2025-10-08,-9.5,-3.92,233.0,33.96,14480,73,238.1,240.0,232.0
2025-10-07,-1.5,-0.61,242.5,40.3,16791,71,240.0,247.9,238.0
2025-09-28,3.0,1.24,244.0,15.16,6202,44,245.5,245.7,241.1
2025-09-25,-1.0,-0.41,241.0,27.75,11491,74,242.0,245.6,238.0
2025-09-24,-5.5,-2.22,242.0,27.72,11359,53,245.0,246.8,240.0
2025-09-23,3.67,1.51,247.5,32.3,13130,102,240.0,248.0,237.0
2025-09-21,13.83,6.01,243.83,63.4,26986,190,230.0,247.0,225.0
2025-09-18,3.61,1.59,230.0,,100,2,230.0,230.0,230.0
2025-09-08,-7.18,-3.07,226.39,30.49,13390,98,235.0,238.2,225.2
2025-09-07,-5.18,-2.17,233.57,26.39,11326,75,240.0,240.0,225.0
2025-09-04,0.08,0.03,238.75,36.23,15198,97,243.4,243.4,235.4
2025-09-03,-3.86,-1.59,238.67,32.35,13542,84,242.1,242.6,237.7
2025-09-02,-0.54,-0.22,242.53,40.55,16782,120,247.8,250.4,238.3
2025-09-01,-3.6,-1.46,243.07,26.27,10867,105,247.0,249.0,240.1
2025-08-31,-9.57,-3.73,246.67,46.96,18861,131,259.5,259.5,244.1
2025-08-28,-1.7,-0.66,256.24,27.28,10582,80,254.1,261.9,254.1
2025-08-27,4.94,1.95,257.94,26.75,10458,86,255.8,258.0,252.0
2025-08-26,-1.49,-0.59,253.0,11.23,4411,57,259.0,260.0,253.0
2025-08-25,-6.87,-2.63,254.49,58.03,22613,168,265.0,265.0,253.0
2025-08-24,-2.84,-1.07,261.36,19.46,7425,60,263.0,265.0,260.7
2025-08-21,-3.01,-1.13,264.2,37.1,14010,103,270.0,270.0,261.9
2025-08-20,-1.7,-0.63,267.21,25.03,9411,77,264.0,273.0,264.0
2025-08-19,0.48,0.18,268.91,16.87,6242,67,270.0,272.9,268.0
2025-08-18,1.71,0.64,268.43,27.9,10333,73,270.9,272.0,266.1
2025-08-17,-4.09,-1.51,266.72,20.47,7650,74,271.0,271.5,266.1
2025-08-14,4.93,1.85,270.81,37.71,13992,98,269.9,271.1,266.0
2025-08-13,-3.07,-1.14,265.88,29.5,11062,84,268.0,269.9,265.0
2025-08-12,-9.07,-3.26,268.95,41.03,15186,133,280.0,280.0,268.0
2025-08-11,-1.42,-0.51,278.02,70.0,24882,210,280.0,285.6,276.0
2025-08-07,16.28,6.19,279.44,74.68,27404,260,268.0,281.0,263.8
2025-08-06,-1.16,-0.44,263.16,33.44,12703,123,261.0,264.0,261.0
2025-08-05,-3.89,-1.45,264.32,57.48,21584,170,269.5,270.0,263.0
2025-08-04,-3.04,-1.12,268.21,78.47,29272,230,270.5,270.5,265.1
2025-08-03,-7.23,-2.6,271.25,89.74,32538,264,280.0,281.0,270.0
2025-07-31,-4.84,-1.71,278.48,77.45,27804,215,282.0,283.0,275.0
2025-07-30,-6.75,-2.33,283.32,66.73,23320,189,290.0,292.5,283.0
2025-07-29,1.81,0.63,290.07,85.62,29520,213,290.0,294.0,288.0
2025-07-28,-2.13,-0.73,288.26,,48410,349,293.0,293.0,282.0
2025-07-27,-6.11,-2.06,290.39,,61030,445,296.5,300.0,290.0
2025-07-24,-3.45,-1.15,296.5,,58375,360,305.9,305.9,295.0
2025-07-23,-2.86,-0.94,299.95,,71868,319,297.0,305.0,297.0
2025-07-22,2.05,0.68,302.81,,60671,281,295.0,306.6,295.0
2025-07-21,-0.06,-0.02,300.76,,62390,279,300.0,307.0,300.0
2025-07-20,3.01,1.01,300.82,,87623,528,303.0,320.0,299.0
2025-07-17,6.47,2.22,297.81,,59603,317,296.0,305.0,292.1
2025-07-16,-2.11,-0.72,291.34,,50805,284,295.2,297.0,290.1
2025-07-15,-6.21,-2.07,293.45,,88002,515,300.0,304.9,291.0
2025-07-14,8.66,2.98,299.66,,242233,1628,296.8,314.0,294.0
2025-07-13,26.44,9.99,291.0,75.91,26118,116,269.8,291.0,269.8
2025-07-10,-7.41,-1.7,429.11,,264826,1811,445.2,445.2,428.0
2025-07-09,-10.24,-2.29,436.52,,106263,836,450.0,450.0,435.0
2025-07-08,12.68,2.92,446.76,,75163,550,430.0,450.8,430.0
2025-07-07,-4.46,-1.02,434.08,,114839,786,439.0,443.8,427.0
2025-07-06,-25.17,-5.43,438.54,,213446,1360,468.0,468.0,434.0
2025-07-03,31.01,7.17,463.71,,332418,2171,441.3,475.9,441.3
2025-07-02,39.3,9.99,432.7,,191048,854,401.2,432.7,401.2
2025-07-01,2.94,0.75,393.4,,48352,342,382.7,399.6,382.7
2025-06-30,-0.3,-0.08,390.46,,44484,317,383.0,411.9,383.0
2025-06-29,-1.53,-0.39,390.76,,64627,420,395.0,395.0,386.0
2025-06-26,-10.36,-2.57,392.29,,90926,606,410.7,410.7,386.0
2025-06-25,18.31,4.76,402.65,,208326,1196,392.0,420.0,392.0
2025-06-24,21.66,5.97,384.34,,131425,727,355.5,392.7,355.5
2025-06-23,7.15,2.01,362.68,88.26,24557,152,348.6,367.0,348.6
2025-06-22,-7.09,-1.96,355.53,,37453,219,355.4,369.8,353.5
2025-06-19,-7.57,-2.04,362.62,,82504,456,377.5,380.0,360.0
2025-06-18,19.97,5.7,370.19,,65179,357,357.0,373.3,343.3
2025-06-17,-1.3,-0.37,350.22,79.66,22792,107,350.0,356.7,345.6
2025-06-16,3.73,1.07,351.52,,35292,221,343.0,359.9,343.0
2025-06-15,5.5,1.61,347.79,93.8,26875,142,348.0,354.0,345.1
2025-06-12,-0.29,-0.08,342.29,61.83,17877,86,349.3,355.9,340.1
2025-06-11,-7.11,-2.03,342.58,71.26,20639,100,352.0,352.0,340.0
2025-06-10,3.52,1.02,349.69,96.22,27290,138,350.0,360.0,347.3
2025-06-09,3.3,0.96,346.17,39.04,11286,73,340.0,349.0,340.0
2025-06-08,5.62,1.67,342.87,64.91,18818,126,343.0,356.7,340.1
2025-06-05,-0.49,-0.15,337.25,54.23,16116,109,344.4,344.4,331.1
2025-06-04,-4.68,-1.37,337.74,33.28,9816,93,346.0,346.0,337.0
2025-06-03,-2.71,-0.79,342.42,56.12,16458,95,349.0,349.0,340.0
2025-06-02,-0.7,-0.2,345.13,46.8,13514,96,346.0,352.0,343.0
2025-05-28,1.67,0.49,345.83,62.06,18022,76,350.0,350.0,340.3
2025-05-27,1.14,0.33,344.16,49.51,14456,98,341.5,347.9,340.0
2025-05-26,-1.9,-0.55,343.02,40.74,11803,80,351.8,353.0,342.1
2025-05-25,-2.2,-0.63,344.92,44.35,12821,72,347.0,350.0,344.2
2025-05-22,-3.36,-0.96,347.12,44.47,12741,92,351.1,355.0,346.3
2025-05-21,-1.52,-0.43,350.48,79.25,22170,160,359.0,373.0,350.0
2025-05-20,7.68,2.23,352.0,98.64,28034,120,349.9,357.0,340.5
2025-05-19,2.55,0.75,344.32,35.19,10207,76,346.8,351.0,343.0
2025-05-18,-1.71,-0.5,341.77,76.38,22313,141,349.8,350.0,337.0
2025-05-15,-6.5,-1.86,343.48,67.49,19588,129,345.0,350.0,341.0
2025-05-14,-12.66,-3.49,349.98,66.41,18536,116,369.8,369.8,349.0
2025-05-13,-8.81,-2.37,362.64,93.33,25357,176,375.0,380.0,360.1
2025-05-11,19.91,5.66,371.45,,98127,523,358.0,383.1,352.0
2025-05-08,4.61,1.33,351.54,53.96,15292,126,353.8,360.0,345.0
2025-05-07,10.02,2.97,346.93,80.48,23440,130,331.0,348.0,331.0
2025-05-06,-2.1,-0.62,336.91,37.73,11171,79,339.0,341.0,335.2
2025-05-05,-1.95,-0.57,339.01,53.24,15693,71,342.0,344.0,338.1
2025-05-04,-0.58,-0.17,340.96,67.12,19543,82,348.3,355.1,340.0
2025-04-30,-0.96,-0.28,341.54,65.09,19094,98,345.0,356.2,337.1
2025-04-29,-2.06,-0.6,342.5,32.04,9317,58,343.0,350.0,340.5
2025-04-28,-2.27,-0.65,344.56,49.68,14280,72,353.0,360.0,344.0
2025-04-27,0.87,0.25,346.83,90.61,25927,103,350.0,353.9,345.0
2025-04-24,-4.09,-1.17,345.96,65.17,18768,96,350.0,350.4,343.0
2025-04-23,-2.81,-0.8,350.05,58.99,16870,68,346.3,355.8,346.2
2025-04-22,3.8,1.09,352.86,77.05,21909,102,356.0,356.0,348.1
2025-04-21,0.03,0.01,349.06,60.27,17313,89,343.0,354.0,343.0
2025-04-20,-5.33,-1.5,349.03,36.82,10479,87,359.9,359.9,347.0
2025-04-17,3.51,1.0,354.36,48.25,13582,111,357.8,359.0,348.1
2025-04-16,4.04,1.16,350.85,60.5,17345,99,352.9,352.9,342.0
2025-04-15,5.46,1.6,346.81,52.56,15224,111,335.0,350.0,335.0
2025-04-13,-4.91,-1.42,341.35,26.29,7658,57,350.0,350.0,341.0
2025-04-10,2.41,0.7,346.26,21.92,6367,61,350.0,350.0,342.2
2025-04-09,4.67,1.38,343.85,40.58,11701,85,340.2,353.0,340.2
2025-04-08,-1.5,-0.44,339.18,45.6,13576,96,340.0,340.0,333.0
2025-04-07,-4.87,-1.41,340.68,70.63,20438,110,350.0,359.0,340.3
2025-04-03,-4.42,-1.26,345.55,65.39,18816,114,356.9,356.9,342.1
2025-04-02,-0.34,-0.1,349.97,39.53,11238,89,356.0,356.0,349.0
2025-04-01,-4.25,-1.2,350.31,98.14,28106,173,361.6,361.6,340.1
2025-03-30,19.15,5.71,354.56,,40563,272,341.0,367.2,339.0
2025-03-27,1.89,0.57,335.41,45.85,13672,100,339.0,339.0,333.1
2025-03-26,7.86,2.41,333.52,50.61,15282,92,332.1,335.0,325.7
2025-03-25,-15.12,-4.44,325.66,,32469,191,335.0,342.7,324.0
2025-03-24,8.97,2.7,340.78,94.3,28059,161,326.0,343.0,326.0
2025-03-23,-15.79,-4.54,331.81,,36688,259,350.0,350.0,331.0
2025-03-20,-8.9,-2.5,347.6,,30784,216,363.0,363.0,346.0
2025-03-19,-2.5,-0.7,356.5,62.31,17464,125,366.0,366.0,352.9
2025-03-18,0.0,0.0,359.0,53.81,14912,126,366.0,379.5,355.2
2025-03-17,-4.0,-1.1,359.0,93.62,25952,170,370.2,370.2,357.5
2025-03-16,-4.0,-1.09,363.0,83.74,23068,169,372.0,379.0,360.0
2025-03-12,-3.0,-0.81,367.0,,38615,226,376.9,376.9,362.6
2025-03-11,-4.8,-1.28,370.0,,38072,246,375.0,380.4,367.0
2025-03-10,-0.2,-0.05,374.8,89.23,23934,148,382.0,382.0,370.0
2025-03-09,-5.0,-1.32,375.0,,32986,211,380.0,387.0,372.4
2025-03-06,-8.0,-2.06,380.0,,32736,205,395.0,395.0,379.0
2025-03-05,0.0,0.0,388.0,,43955,221,392.0,395.0,383.0
2025-03-04,8.0,2.11,388.0,,102999,512,384.9,397.0,380.1
2025-03-03,-4.0,-1.04,380.0,,45071,288,380.0,390.0,378.1
2025-03-02,8.0,2.13,384.0,,36101,209,370.0,392.1,370.0
2025-02-27,4.1,1.1,376.0,,36156,238,365.0,386.0,365.0
2025-02-25,-5.1,-1.35,371.9,89.81,23916,148,383.9,383.9,370.3
2025-02-24,4.0,1.07,377.0,,31386,198,370.0,384.0,370.0
2025-02-23,-2.0,-0.53,373.0,,32456,206,368.0,377.4,368.0
2025-02-20,3.1,0.83,375.0,,29491,232,372.0,382.0,372.0
2025-02-18,-14.1,-3.65,371.9,,44069,274,380.0,395.0,371.9
2025-02-17,5.0,1.31,386.0,,42650,258,378.0,393.4,378.0
2025-02-16,2.4,0.63,381.0,,33100,214,372.0,384.9,372.0
2025-02-13,-2.4,-0.63,378.6,,37389,204,388.0,388.0,378.0
2025-02-12,1.0,0.26,381.0,,40547,275,378.0,389.0,378.0
2025-02-11,-2.0,-0.52,380.0,,36153,267,375.0,389.0,375.0
2025-02-10,-7.5,-1.93,382.0,,57847,313,382.0,395.0,380.1
2025-02-09,-5.0,-1.27,389.5,,64483,363,398.0,401.0,388.0
2025-02-06,-8.4,-2.08,394.5,,84317,491,407.9,407.9,390.0
2025-02-05,1.9,0.47,402.9,,111890,658,409.0,417.0,400.0
2025-02-04,21.0,5.53,401.0,,169326,822,387.6,408.0,377.0
2025-02-03,-1.9,-0.5,380.0,,52709,294,382.0,387.8,375.0
2025-02-02,-3.1,-0.81,381.9,,76474,397,392.0,397.0,378.6
2025-01-28,10.1,2.69,385.0,,77016,402,376.0,386.0,373.0
2025-01-27,-1.1,-0.29,374.9,,50562,263,381.0,382.0,372.0
2025-01-26,3.0,0.8,376.0,,45760,325,380.0,382.0,373.2
2025-01-23,-4.0,-1.06,373.0,,76205,479,382.0,382.0,368.0
2025-01-22,-1.0,-0.26,377.0,,62063,339,380.0,383.5,373.0
2025-01-21,-6.6,-1.72,378.0,,46455,283,389.1,389.1,373.0
2025-01-20,-9.3,-2.36,384.6,,74202,459,398.0,398.0,380.0
2025-01-19,3.9,1.0,393.9,,154068,756,383.1,400.0,382.2
2025-01-16,-39.3,-9.15,390.0,,242793,1103,420.8,420.8,386.4
2025-01-15,31.5,7.92,429.3,,144196,493,396.8,429.3,382.2
2025-01-13,19.7,5.21,397.8,,67721,379,385.6,397.8,372.5
2025-01-12,-15.6,-3.96,378.1,,49155,283,401.5,401.5,377.9
2025-01-09,-6.3,-1.58,393.7,,44467,267,407.0,407.0,393.1
2025-01-08,-11.8,-2.87,400.0,,79887,362,410.8,418.0,392.5
2025-01-07,0.8,0.19,411.8,,64066,357,410.0,418.0,403.0
2025-01-06,31.0,8.16,411.0,,176991,834,372.4,414.0,365.0
2025-01-05,1.0,0.26,380.0,,62457,280,371.5,388.0,371.5
2025-01-02,18.0,4.99,379.0,,59309,245,367.0,380.0,355.1
2025-01-01,14.0,4.03,361.0,,38733,225,349.0,365.0,336.2
2024-12-31,-20.9,-5.68,347.0,,62616,375,361.1,361.1,338.1
2024-12-29,-20.1,-5.18,367.9,,55983,297,382.0,383.0,366.0
2024-12-26,-0.5,-0.13,388.0,,54860,276,388.5,392.7,380.8
2024-12-24,-1.5,-0.38,388.5,,76640,375,391.9,399.9,383.4
2024-12-23,12.0,3.17,390.0,,74215,348,371.1,390.0,368.0
2024-12-22,-2.0,-0.53,378.0,,58911,322,374.0,385.0,369.2
2024-12-19,-15.9,-4.02,380.0,,79949,415,390.0,397.8,377.0
2024-12-18,-2.0,-0.5,395.9,,82073,344,405.8,405.8,385.0
2024-12-17,-9.0,-2.21,397.9,,171383,505,399.0,414.0,383.3
2024-12-16,6.9,1.72,406.9,,182652,771,393.0,424.3,393.0
2024-12-12,-19.0,-4.53,400.0,,128534,546,417.0,417.5,391.0
2024-12-11,-46.5,-9.99,419.0,,146490,645,456.2,456.2,419.0
2024-12-10,32.6,7.53,465.5,,212195,936,424.3,475.0,399.5
2024-12-09,-38.7,-8.21,432.9,,178926,687,462.2,462.2,424.5
2024-12-08,42.8,9.98,471.6,,327937,1437,430.0,471.6,397.7
2024-12-05,38.9,9.98,428.8,,316522,1693,397.6,428.8,391.0
2024-12-04,35.4,9.99,389.9,,453578,1570,361.5,389.9,361.5
2024-12-03,32.2,9.99,354.5,,55181,261,328.7,354.5,328.7
2024-12-02,29.3,10.0,322.3,,130726,360,298.5,322.3,298.0
2024-12-01,-2.0,-0.68,293.0,73.65,25358,121,295.0,295.0,288.0
2024-11-28,-8.0,-2.64,295.0,86.08,28769,162,309.0,309.0,294.0
2024-11-27,6.1,2.05,303.0,,40314,218,302.0,303.0,298.0
2024-11-26,9.0,3.13,296.9,68.04,23181,134,293.6,297.4,290.0
2024-11-25,1.9,0.66,287.9,43.99,15275,101,286.0,292.0,283.0
2024-11-24,-1.0,-0.35,286.0,39.04,13587,90,292.0,292.0,284.0
2024-11-21,-3.0,-1.03,287.0,64.89,22378,136,295.0,299.8,286.0
2024-11-20,-4.0,-1.36,290.0,73.0,25084,145,288.4,296.0,288.2
2024-11-19,-6.0,-2.0,294.0,,52932,271,306.0,306.0,294.0
2024-11-17,7.1,2.42,300.0,,58489,292,288.0,309.9,288.0
2024-11-14,4.9,1.7,292.9,91.4,31171,189,284.0,297.0,284.0
2024-11-13,-1.0,-0.35,288.0,31.51,10963,96,294.7,294.7,286.0
2024-11-12,-3.1,-1.06,289.0,28.85,9933,108,286.3,297.8,286.3
2024-11-11,-5.9,-1.98,292.1,,47857,253,302.0,308.0,290.0
2024-11-10,2.0,0.68,298.0,,72115,318,301.9,304.9,295.9
2024-11-06,3.9,1.34,296.0,,34735,206,295.0,299.9,286.0
2024-11-05,11.1,3.95,292.1,,40489,171,284.8,294.5,280.1
2024-10-30,-4.0,-1.4,281.0,83.63,29303,153,290.0,290.0,280.0
2024-10-29,18.0,6.74,285.0,,52083,302,272.0,292.0,267.0
2024-10-28,4.0,1.52,267.0,30.67,11537,57,267.5,267.5,262.2
2024-10-27,2.6,1.0,263.0,15.32,5871,47,256.5,265.0,256.3
2024-10-24,-0.6,-0.23,260.4,61.66,23695,86,261.0,264.1,256.5
2024-10-23,-1.0,-0.38,261.0,22.08,8418,47,262.0,266.2,259.0
2024-10-22,3.1,1.2,262.0,11.23,4323,55,262.9,263.8,256.1
2024-10-21,-4.0,-1.52,258.9,26.58,10282,73,267.9,267.9,257.8
2024-10-20,-7.0,-2.59,262.9,82.0,31257,146,269.0,269.0,258.1
2024-10-17,-4.1,-1.5,269.9,41.06,14977,105,279.4,279.4,269.9
2024-10-16,10.0,3.79,274.0,57.76,21323,101,268.89,278.0,264.0
2024-10-15,0.0,0.0,264.0,13.42,5054,40,263.0,268.0,263.0
2024-10-09,0.0,0.0,264.0,24.19,9278,53,260.0,264.9,258.0
2024-10-08,-6.0,-2.22,264.0,17.98,6784,40,265.0,269.0,263.1
2024-10-07,-2.0,-0.74,270.0,40.6,14770,100,268.1,281.0,268.1
2024-10-06,6.0,2.26,272.0,94.52,35364,175,260.7,281.5,257.1
2024-10-02,-6.0,-2.21,266.0,84.57,31678,166,277.4,277.4,263.1
2024-10-01,12.2,4.7,272.0,94.14,35059,233,254.7,277.0,251.0
2024-09-30,1.8,0.7,259.8,87.4,34415,193,263.1,263.1,244.1
2024-09-29,1.3,0.51,258.0,57.16,22306,176,252.0,277.0,247.0
2024-09-26,6.7,2.68,256.7,,46687,170,255.0,260.0,250.0
2024-09-25,2.0,0.81,250.0,55.94,22717,124,243.5,251.9,235.2
2024-09-24,-6.0,-2.36,248.0,35.26,14168,110,259.0,259.0,245.0
2024-09-23,-9.0,-3.42,254.0,34.92,13668,109,260.1,262.0,250.1
2024-09-22,7.0,2.73,263.0,54.82,20872,99,261.1,269.0,258.0
2024-09-18,1.0,0.39,256.0,33.37,13011,89,255.0,264.0,253.1
2024-09-16,-10.0,-3.77,255.0,70.04,27190,154,262.0,265.0,255.0
2024-09-15,-1.0,-0.38,265.0,,44976,254,270.0,280.0,260.0
2024-09-12,14.6,5.81,266.0,52.07,20251,162,250.2,266.0,250.2
2024-09-11,-8.6,-3.31,251.4,66.45,25927,172,255.4,261.0,251.4
2024-09-10,-6.0,-2.26,260.0,52.09,19822,131,261.1,275.0,256.0
2024-09-09,-8.6,-3.13,266.0,67.01,24923,184,275.0,280.0,265.0
2024-09-08,-0.9,-0.33,274.6,52.76,18776,154,281.0,288.0,274.5
2024-09-05,-9.3,-3.27,275.5,82.69,29773,207,280.0,285.0,274.0
2024-09-04,-10.7,-3.62,284.8,96.9,34031,240,300.0,300.0,280.0
2024-09-03,-3.3,-1.1,295.5,,109529,439,292.9,320.0,282.0
2024-09-02,13.9,4.88,298.8,,48324,292,279.3,299.0,279.3
2024-09-01,-5.1,-1.76,284.9,76.65,26714,190,284.2,312.0,280.0
2024-08-29,-0.9,-0.31,290.0,95.74,32950,220,285.1,314.0,274.0
2024-08-28,4.3,1.5,290.9,,47256,271,284.0,315.0,280.0
2024-08-27,-18.4,-6.03,286.6,,91185,425,299.0,305.0,278.9
2024-08-25,-7.0,-2.24,305.0,,49451,283,310.0,313.0,301.0
2024-08-22,4.7,1.53,312.0,,47921,299,307.0,318.0,304.5
2024-08-21,-5.7,-1.82,307.3,,46608,316,319.0,319.0,307.2
2024-08-18,-15.0,-4.57,313.0,,109940,526,334.5,334.5,310.0
2024-08-15,12.5,3.96,328.0,,143227,713,315.0,332.0,303.9
2024-08-14,-1.5,-0.47,315.5,,97374,465,311.0,316.0,304.6
2024-08-13,-3.0,-0.94,317.0,,52051,348,325.0,332.5,310.0
2024-08-12,14.2,4.64,320.0,,95951,611,310.0,331.5,310.0
2024-08-11,27.8,10.0,305.8,,254996,1052,278.0,305.8,278.0
2024-08-08,-7.0,-2.46,278.0,,56333,335,290.7,296.5,274.4
2024-08-07,12.0,4.4,285.0,,54431,302,278.0,285.0,267.0
2024-08-06,-18.0,-6.19,273.0,,121821,545,290.0,302.0,268.0
2024-08-05,5.0,1.75,291.0,,61749,347,291.0,296.0,280.4
2024-08-01,7.1,2.55,286.0,,135382,612,284.0,300.0,273.4
2024-07-31,9.0,3.33,278.9,,87704,429,275.0,280.8,271.0
2024-07-30,5.1,1.93,269.9,,48726,269,269.0,271.0,260.0
2024-07-29,-2.1,-0.79,264.8,,66892,309,267.0,273.0,262.0
2024-07-28,1.3,0.49,266.9,,49094,244,268.0,283.0,259.0
2024-07-25,-3.3,-1.23,265.6,,44001,256,269.0,274.3,263.7
2024-07-24,-1.1,-0.41,268.9,,66757,318,270.0,280.0,257.0
2024-07-23,2.0,0.75,270.0,,45155,255,265.0,277.0,265.0
2024-07-22,1.0,0.37,268.0,,69078,320,270.0,275.5,256.1
2024-07-21,7.5,2.89,267.0,,79889,335,263.0,271.0,255.0
2024-07-18,0.6,0.23,259.5,,55823,316,261.0,265.0,255.0
2024-07-17,4.1,1.61,258.9,,74680,327,256.1,263.0,248.2
2024-07-16,15.9,6.66,254.8,,72408,289,240.0,255.0,236.1
2024-07-15,-2.1,-0.87,238.9,73.52,30684,133,245.5,250.0,235.2
2024-07-14,5.0,2.12,241.0,56.46,23455,122,240.7,259.0,238.5
2024-07-11,6.0,2.61,236.0,68.9,29409,150,234.6,236.0,232.0
2024-07-10,2.0,0.88,230.0,37.61,16464,82,227.5,230.0,226.1
2024-07-09,0.0,0.0,228.0,33.37,14615,60,226.5,230.0,226.0
2024-07-08,-1.0,-0.44,228.0,59.23,26187,100,229.0,229.0,224.0
2024-07-07,0.0,0.0,229.0,68.43,29827,150,231.0,233.5,225.5
2024-07-04,7.0,3.15,229.0,85.14,37873,128,223.0,231.5,221.9
2024-07-03,-3.0,-1.33,222.0,43.27,19627,93,225.0,225.0,219.0
2024-07-02,3.0,1.35,225.0,72.15,31776,103,226.4,235.5,224.0
2024-07-01,1.0,0.45,222.0,24.93,11266,49,218.0,224.0,218.0
2024-06-30,-5.0,-2.21,221.0,55.07,25066,88,223.0,225.0,217.5
2024-06-27,-1.0,-0.44,226.0,43.75,19660,85,226.0,226.0,220.5
2024-06-26,-4.0,-1.73,227.0,40.56,17732,87,227.6,234.9,225.0
2024-06-25,1.5,0.65,231.0,24.59,10727,53,233.0,233.0,226.0
2024-06-24,1.5,0.66,229.5,12.8,5606,46,230.0,232.0,224.5
2024-06-23,-3.8,-1.64,228.0,36.59,16196,86,231.0,233.0,224.0
2024-06-20,-2.2,-0.94,231.8,27.84,11990,81,238.5,241.0,228.4
2024-06-19,0.0,0.0,234.0,43.0,18240,72,230.0,242.5,230.0
2024-06-18,-4.0,-1.68,234.0,55.49,23522,124,242.0,242.0,231.1
2024-06-16,5.8,2.5,238.0,,72717,349,235.0,244.6,234.7
2024-06-13,4.2,1.84,232.2,83.52,36063,171,232.0,236.0,227.0
2024-06-12,-1.8,-0.78,228.0,54.39,23409,145,229.0,236.6,225.6
2024-06-11,9.8,4.45,229.8,,48052,212,224.3,230.0,220.0
2024-06-10,3.0,1.38,220.0,50.67,23105,86,217.0,222.0,215.0
2024-06-09,3.0,1.4,217.0,16.11,7492,60,214.0,217.0,214.0
2024-06-06,-3.0,-1.38,214.0,16.52,7705,63,220.9,220.9,213.0
2024-06-05,0.0,0.0,217.0,29.27,13557,73,217.1,218.9,215.0
2024-06-04,-3.0,-1.36,217.0,22.36,10247,85,218.1,222.0,217.0
2024-06-03,-0.9,-0.41,220.0,22.0,10001,60,217.1,225.2,217.0
2024-06-02,1.8,0.82,220.9,13.22,5991,53,223.0,223.0,219.0
2024-05-30,-1.9,-0.86,219.1,36.86,16735,91,223.0,225.0,219.0
2024-05-29,-3.7,-1.65,221.0,20.02,8977,39,228.0,229.0,220.0
2024-05-27,0.7,0.31,224.7,27.51,12380,65,223.1,225.0,220.0
2024-05-26,1.0,0.45,224.0,16.69,7500,41,227.3,227.3,221.5
2024-05-22,-3.9,-1.72,223.0,24.94,11061,66,231.4,231.4,223.0
2024-05-21,3.4,1.52,226.9,44.94,19904,106,227.0,228.0,223.9
2024-05-20,-0.3,-0.13,223.5,32.35,14393,83,223.0,227.0,223.0
2024-05-19,3.8,1.73,223.8,17.7,7988,64,220.0,224.0,220.0
2024-05-16,-3.0,-1.35,220.0,31.29,14205,74,219.1,227.0,218.0
2024-05-15,-3.3,-1.46,223.0,27.85,12399,71,230.6,230.6,221.7
2024-05-14,7.3,3.33,226.3,23.46,10504,104,217.2,227.4,217.2
2024-05-13,0.0,0.0,219.0,16.89,7748,56,219.0,221.0,215.0
2024-05-12,2.0,0.92,219.0,13.08,5968,44,221.3,230.0,215.0
2024-05-09,0.0,0.0,217.0,20.03,9130,69,218.2,224.0,217.0
2024-05-08,-4.0,-1.81,217.0,15.95,7306,67,220.0,224.0,216.6
2024-05-07,-3.0,-1.34,221.0,14.21,6389,34,227.0,227.0,221.0
2024-05-06,-1.0,-0.44,224.0,31.68,14214,59,225.0,227.9,220.9
2024-05-05,0.0,0.0,225.0,15.95,7182,64,222.0,225.0,220.7
2024-05-02,0.0,0.0,225.0,40.54,18105,72,229.0,229.0,222.0
2024-04-30,2.0,0.9,225.0,91.36,40388,127,221.0,235.0,219.0
2024-04-29,-1.0,-0.45,223.0,41.95,18760,65,228.4,228.4,222.0
2024-04-28,-1.5,-0.67,224.0,35.23,15700,90,230.0,233.9,222.1
2024-04-25,-2.5,-1.1,225.5,28.42,12591,91,232.5,232.5,225.0
2024-04-24,-3.0,-1.3,228.0,20.19,8799,55,230.1,232.0,228.0
2024-04-22,1.0,0.43,231.0,61.29,26804,120,234.5,239.1,224.1
2024-04-21,-13.3,-5.47,230.0,,91063,310,248.1,248.1,222.5
2024-04-18,17.9,7.94,243.3,51.23,22336,146,234.0,243.3,224.4
2024-04-16,-2.6,-1.14,225.4,53.59,23356,148,232.4,240.0,225.4
2024-04-15,-18.3,-7.43,228.0,,68636,340,243.1,244.5,228.0
2024-04-14,-2.7,-1.08,246.3,87.9,36291,222,249.9,253.8,238.3
2024-04-10,19.0,8.26,249.0,,237861,546,225.4,252.0,209.0
2024-04-09,0.0,0.0,230.0,,74647,187,233.0,235.0,226.0
2024-04-07,-3.0,-1.29,230.0,37.37,16238,112,230.4,235.0,228.0
2024-04-04,-2.0,-0.85,233.0,16.55,7146,59,231.1,237.5,230.5
2024-04-03,-0.8,-0.34,235.0,18.76,8045,46,232.2,237.0,232.0
2024-04-02,-2.2,-0.92,235.8,25.2,10676,60,235.1,240.3,235.0
2024-04-01,1.0,0.42,238.0,8.32,3514,41,238.0,238.9,235.0
2024-03-31,-3.0,-1.25,237.0,17.78,7410,61,244.8,244.8,236.0
2024-03-28,0.0,0.0,240.0,5.95,2493,47,240.0,243.4,235.2
2024-03-27,0.1,0.04,240.0,9.32,3937,48,244.0,244.0,235.2
2024-03-26,1.9,0.8,239.9,17.06,7175,63,233.3,241.0,233.3
2024-03-25,-4.9,-2.02,238.0,11.17,4698,32,242.0,242.0,235.9
2024-03-21,-3.1,-1.26,242.9,12.21,5051,45,245.0,245.0,241.0
2024-03-20,-0.5,-0.2,246.0,6.71,2760,31,250.9,250.9,241.6
2024-03-19,1.3,0.53,246.5,17.72,7250,58,242.0,249.0,241.5
2024-03-18,-2.8,-1.13,245.2,8.14,3319,42,250.0,250.0,243.3
2024-03-17,1.3,0.53,248.0,23.61,9682,79,251.4,251.4,240.1
2024-03-14,-6.8,-2.68,246.7,29.12,11686,67,253.5,255.0,245.2
2024-03-13,-1.4,-0.55,253.5,27.34,10948,100,255.0,255.0,246.0
2024-03-12,9.9,4.04,254.9,51.2,20403,141,249.9,255.0,245.0
2024-03-10,-3.0,-1.21,245.0,34.41,13827,94,252.9,256.8,245.0
2024-03-07,4.0,1.64,248.0,31.44,12591,106,248.0,257.0,244.8
2024-03-06,1.0,0.41,244.0,47.69,19500,107,247.0,247.7,239.0
2024-03-05,-4.1,-1.66,243.0,65.37,26804,161,252.0,252.0,234.0
2024-03-04,14.1,6.05,247.1,,50,5,237.6,247.1,237.6
2024-03-03,-7.0,-2.92,233.0,17.88,7602,70,236.0,241.0,232.0
2024-02-29,-5.9,-2.4,240.0,36.46,15460,147,245.9,249.9,230.5
2024-02-28,1.9,0.78,245.9,43.32,17783,98,241.5,248.0,241.0
2024-02-27,-7.9,-3.14,244.0,28.11,11478,99,252.0,252.0,240.1
2024-02-26,7.9,3.24,251.9,29.13,12065,68,248.8,251.9,237.0
2024-02-25,-5.9,-2.36,244.0,66.53,27499,157,245.3,250.0,235.0
2024-02-22,-6.2,-2.42,249.9,55.04,21805,136,260.0,264.0,244.0
2024-02-21,0.1,0.04,256.1,39.22,15211,120,256.0,261.1,255.0
2024-02-20,-13.0,-4.83,256.0,77.58,29859,228,274.0,274.0,255.1
2024-02-18,13.9,5.45,269.0,,111014,645,260.2,280.5,258.0
2024-02-15,10.1,4.12,255.1,,95309,531,245.0,261.0,245.0
2024-02-14,1.1,0.45,245.0,66.36,27348,161,245.0,251.0,235.2
2024-02-13,-1.2,-0.49,243.9,40.79,16637,111,248.0,250.0,240.2
2024-02-12,-0.7,-0.28,245.1,38.33,15567,96,250.7,250.7,241.1
2024-02-11,3.8,1.57,245.8,41.08,16625,112,245.0,253.0,245.0
2024-02-07,1.0,0.42,241.0,8.9,3718,56,240.0,241.0,237.1
2024-02-06,2.0,0.84,240.0,8.41,3511,40,235.5,242.0,235.5
2024-02-05,-0.8,-0.34,238.0,10.53,4410,47,241.0,241.0,237.1
2024-02-04,0.8,0.34,238.8,15.92,6754,74,234.1,240.0,233.0
2024-02-01,-3.0,-1.24,238.0,20.67,8663,91,239.1,240.0,237.0
2024-01-31,-8.9,-3.56,241.0,66.79,27133,196,254.8,259.8,239.5
2024-01-30,7.9,3.26,249.9,85.88,34704,172,245.9,250.0,242.5
2024-01-29,4.0,1.68,242.0,40.8,16983,101,240.0,244.9,237.0
2024-01-28,5.0,2.15,238.0,30.05,12855,84,237.0,239.0,229.0
2024-01-25,-1.0,-0.43,233.0,43.68,18886,122,238.6,240.0,227.1
2024-01-24,-5.0,-2.09,234.0,47.97,20421,105,243.7,247.5,230.0
2024-01-23,-1.0,-0.42,239.0,35.68,14902,96,236.0,243.5,236.0
2024-01-22,-6.0,-2.44,240.0,51.45,21081,128,250.9,255.8,240.0
2024-01-21,8.0,3.36,246.0,,57482,311,242.0,261.8,242.0
2024-01-18,1.0,0.42,238.0,64.35,27304,164,232.4,242.0,227.2
2024-01-17,-14.0,-5.58,237.0,85.24,34774,218,251.0,256.0,236.3
2024-01-16,17.0,7.26,251.0,,61362,271,237.0,256.5,237.0
2024-01-14,15.0,6.85,234.0,,45365,231,220.2,238.6,220.2
2024-01-11,2.0,0.92,219.0,13.65,6231,46,215.1,220.3,215.1
2024-01-10,-5.0,-2.25,217.0,43.21,19663,95,222.0,226.0,214.1
2024-01-09,2.0,0.91,222.0,44.2,19857,130,220.0,224.6,220.0
2024-01-08,7.0,3.29,220.0,28.0,12866,97,217.0,221.0,213.3
2024-01-07,1.0,0.47,213.0,30.09,14059,89,216.2,217.0,210.1
2024-01-04,-0.1,-0.05,212.0,24.5,11383,95,213.0,221.5,212.0
2024-01-03,7.1,3.46,212.1,31.54,15408,76,201.0,213.3,201.0
2024-01-02,-7.0,-3.3,205.0,16.41,8060,63,216.0,216.0,200.2
2024-01-01,-1.0,-0.47,212.0,22.42,10455,77,217.2,225.0,209.1
2023-12-28,6.8,3.3,213.0,20.94,10101,85,203.0,214.0,203.0
2023-12-27,-9.2,-4.27,206.2,14.44,6891,67,219.0,219.7,203.0
2023-12-24,-2.1,-0.97,215.4,56.16,25737,135,221.8,222.9,206.0
2023-12-21,-8.2,-3.63,217.5,60.6,27579,149,230.2,230.2,215.6
2023-12-20,2.7,1.21,225.7,37.41,16715,130,223.0,227.4,219.0
2023-12-19,4.0,1.83,223.0,19.69,9013,74,223.3,223.3,215.2
2023-12-18,10.0,4.78,219.0,72.3,32909,179,213.1,225.0,213.1
2023-12-17,14.0,7.18,209.0,57.29,27855,150,191.5,210.9,191.5
2023-12-14,-2.0,-1.02,195.0,13.16,6632,45,197.0,207.0,193.0
2023-12-13,-3.0,-1.5,197.0,19.97,9955,61,204.0,206.8,197.0
2023-12-12,0.9,0.45,200.0,20.57,10151,73,196.0,210.0,196.0
2023-12-11,-1.6,-0.8,199.1,52.52,26125,96,204.7,212.8,196.0
2023-12-10,18.2,9.97,200.7,,420,6,186.1,200.7,186.1
2023-12-07,2.5,1.39,182.5,12.94,7118,46,183.0,183.5,178.0
2023-12-06,0.0,0.0,180.0,6.11,3451,31,177.0,183.6,172.9
2023-12-05,0.0,0.0,180.0,3.26,1819,16,180.0,184.1,177.0
2023-12-04,-2.0,-1.1,180.0,4.52,2515,30,179.0,183.6,179.0
2023-12-03,5.6,3.17,182.0,3.93,2194,35,179.9,182.5,177.0
2023-11-30,-10.6,-5.67,176.4,3.78,2111,15,183.5,189.0,176.4
2023-11-29,-4.0,-2.09,187.0,4.67,2496,21,191.0,194.0,184.5
2023-11-28,-2.7,-1.39,191.0,6.17,3256,28,193.0,197.5,186.2
2023-11-27,5.7,3.03,193.7,18.86,9842,79,191.7,201.4,188.0
2023-11-26,13.0,7.43,188.0,14.57,7844,74,175.0,192.3,175.0
2023-11-23,2.8,1.63,175.0,2.51,1440,14,173.0,178.0,173.0
2023-11-22,-5.8,-3.26,172.2,2.14,1236,17,174.5,176.4,171.5
2023-11-21,-2.9,-1.6,178.0,11.58,6402,18,177.3,185.0,173.8
2023-11-20,10.8,6.35,180.9,7.08,4068,31,170.0,180.9,170.0
2023-11-09,0.1,0.06,170.1,1.75,1047,14,169.0,170.1,166.6
2023-11-08,5.4,3.28,170.0,1.41,854,11,162.0,170.0,162.0
2023-11-07,-2.4,-1.44,164.6,1.76,1055,14,167.0,170.3,164.6
2023-11-06,6.0,3.73,167.0,,358,9,158.0,170.0,158.0
2023-11-05,-4.0,-2.42,161.0,3.68,2275,17,161.7,164.0,161.0
2023-11-02,-5.0,-2.94,165.0,1.34,808,11,166.7,167.0,165.0
2023-11-01,2.1,1.25,170.0,,30,3,167.0,170.0,167.0
2023-10-31,-0.1,-0.06,167.9,2.13,1266,16,167.7,171.0,167.7
2023-10-30,-3.1,-1.81,168.0,,159,5,171.1,171.1,168.0
2023-10-29,-1.4,-0.81,171.1,,556,12,172.5,172.5,169.0
2023-10-19,-8.5,-4.7,172.5,1.18,674,11,178.0,180.0,172.5
2023-10-18,10.0,5.85,181.0,3.01,1686,15,174.0,181.0,174.0
2023-10-17,3.0,1.79,171.0,1.4,820,13,171.3,174.0,171.0
2023-10-16,-4.0,-2.33,168.0,3.23,1909,21,169.0,172.0,165.0
2023-10-12,-10.0,-5.49,172.0,7.0,4012,17,179.0,179.0,172.0
2023-10-11,3.5,1.96,182.0,1.24,701,15,180.0,182.0,175.5
2023-10-10,3.0,1.71,178.5,6.43,3667,24,175.2,178.8,175.2
2023-10-09,-1.5,-0.85,175.5,2.66,1513,11,175.1,177.0,175.1
2023-10-08,-2.0,-1.12,177.0,5.76,3258,23,179.0,179.0,175.5
2023-10-05,-6.0,-3.24,179.0,2.22,1226,18,184.0,186.0,179.0
2023-10-04,3.8,2.1,185.0,4.19,2294,35,180.0,185.0,180.0
2023-10-03,4.1,2.32,181.2,6.02,3319,26,177.0,186.0,177.0
2023-10-02,-3.9,-2.15,177.1,14.58,8183,39,178.0,181.6,175.0
2023-10-01,-6.0,-3.21,181.0,1.31,735,16,183.3,183.3,173.0
2023-09-27,-7.2,-3.71,187.0,10.92,5819,49,190.8,191.7,184.0
2023-09-26,4.9,2.59,194.2,13.16,6789,37,193.0,198.9,189.4
2023-09-25,-3.8,-1.97,189.3,5.84,3077,29,189.3,192.0,189.3
2023-09-24,-0.9,-0.46,193.1,7.27,3732,52,190.5,203.0,190.2
2023-09-21,17.6,9.98,194.0,21.81,11391,99,178.0,194.0,178.0
2023-09-19,9.4,5.63,176.4,4.68,2766,33,164.0,176.4,160.8
2023-09-18,1.0,0.6,167.0,,491,11,165.0,169.0,164.0
2023-09-17,-8.0,-4.6,166.0,6.89,4089,41,174.0,177.0,164.0
2023-09-13,7.0,4.19,174.0,2.15,1255,20,164.0,174.0,161.0
2023-09-12,-3.0,-1.76,167.0,5.63,3402,35,170.0,171.0,162.2
2023-09-11,6.0,3.66,170.0,13.17,7790,70,164.0,171.9,164.0
2023-09-10,2.0,1.23,164.0,9.52,5778,41,165.2,169.0,158.8
2023-09-07,-6.0,-3.57,162.0,4.6,2821,34,166.0,166.0,162.0
2023-09-05,-1.0,-0.59,168.0,3.14,1880,16,165.7,168.9,163.0
2023-09-04,-0.8,-0.47,169.0,1.32,782,15,173.1,173.1,166.4
2023-09-03,-0.1,-0.06,169.8,2.15,1288,19,169.0,170.0,167.0
2023-08-30,0.9,0.53,169.9,11.27,6647,40,172.3,172.3,167.5
2023-08-29,0.0,0.0,169.0,4.47,2626,32,165.7,173.5,165.7
2023-08-28,0.8,0.48,169.0,1.82,1062,32,165.0,178.0,165.0
2023-08-27,-9.8,-5.51,168.2,5.7,3345,28,174.5,180.0,168.0
2023-08-24,-4.0,-2.2,178.0,4.04,2245,32,185.0,185.0,178.0
2023-08-23,9.1,5.26,182.0,6.82,3769,43,176.3,184.0,176.3
2023-08-22,1.9,1.11,172.9,3.79,2241,24,168.0,172.9,168.0
2023-08-21,-1.0,-0.58,171.0,5.21,3050,32,172.1,173.5,170.5
2023-08-20,-2.7,-1.55,172.0,4.04,2324,29,175.0,176.4,171.3
2023-08-17,-0.3,-0.17,174.7,4.02,2323,26,178.0,178.0,171.5
2023-08-16,-3.5,-1.96,175.0,6.33,3665,36,182.0,182.0,168.5
2023-08-15,-9.2,-4.9,178.5,13.33,7373,61,184.0,185.0,178.5
2023-08-14,-2.2,-1.16,187.7,3.82,2055,36,190.0,190.0,183.3
2023-08-13,-0.1,-0.05,189.9,2.31,1241,33,187.0,190.0,185.0
2023-08-10,2.0,1.06,190.0,8.61,4582,44,188.0,191.0,185.0
2023-08-09,1.9,1.02,188.0,7.19,3856,37,184.0,189.9,184.0
2023-08-08,-4.9,-2.57,186.1,15.01,7849,46,190.0,200.9,186.1
2023-08-07,-2.5,-1.29,191.0,3.56,1893,28,189.9,191.7,186.3
2023-08-06,0.0,0.0,193.5,3.49,1858,30,190.8,193.7,187.0
2023-08-03,-1.5,-0.77,193.5,13.66,7114,54,194.0,194.9,190.5
2023-08-02,-3.9,-1.96,195.0,5.26,2710,33,195.0,197.8,193.0
2023-08-01,2.9,1.48,198.9,6.25,3199,40,198.0,198.9,194.6
2023-07-31,-3.9,-1.95,196.0,5.84,2956,42,196.0,201.0,196.0
2023-07-30,-0.1,-0.05,199.9,8.33,4174,30,203.0,204.0,196.5
2023-07-27,-3.5,-1.72,200.0,23.12,11512,61,201.4,203.0,198.0
2023-07-26,-2.5,-1.21,203.5,8.57,4192,32,205.0,206.8,203.5
2023-07-25,-2.9,-1.39,206.0,9.14,4471,41,207.0,209.0,203.1
2023-07-24,1.5,0.72,208.9,14.77,7084,60,207.0,212.0,206.0
2023-07-23,7.4,3.7,207.4,8.34,4065,48,201.0,207.4,201.0
2023-07-20,-3.0,-1.48,200.0,20.45,10098,69,203.0,205.0,199.0
2023-07-19,-1.0,-0.49,203.0,12.39,6161,60,200.0,205.0,200.0
2023-07-18,-3.9,-1.88,204.0,7.64,3738,47,212.0,212.0,202.0
2023-07-17,4.3,2.11,207.9,12.39,6065,40,207.6,211.0,199.0
2023-07-16,1.6,0.79,203.6,12.11,6074,42,200.0,204.0,196.0
2023-07-13,-6.6,-3.16,202.0,9.42,4505,58,212.7,215.0,199.9
2023-07-12,14.4,7.42,208.6,26.21,12839,94,198.0,209.0,197.0
2023-07-11,-5.8,-2.9,194.2,33.46,17066,83,200.0,204.0,193.0
2023-07-10,-4.0,-1.96,200.0,20.6,10325,77,202.5,206.5,196.6
2023-07-09,0.0,0.0,204.0,8.79,4344,41,206.0,206.0,200.0
2023-07-06,2.0,0.99,204.0,21.23,10513,80,203.0,206.0,198.0
2023-07-05,-11.0,-5.16,202.0,28.9,14070,104,213.0,216.0,201.5
2023-07-04,-7.0,-3.18,213.0,9.71,4557,49,224.0,224.0,211.1
2023-07-03,4.0,1.85,220.0,13.17,6191,73,211.8,224.0,210.0
2023-07-02,-5.0,-2.26,216.0,21.18,9823,71,217.0,219.0,211.0
2023-06-28,-3.5,-1.56,221.0,11.13,5049,44,224.5,224.5,218.0
2023-06-27,4.5,2.05,224.5,22.5,10185,74,222.0,224.5,218.0
2023-06-26,2.0,0.92,220.0,22.52,10208,62,222.0,225.0,218.5
2023-06-25,5.1,2.4,218.0,32.42,15272,104,210.0,218.0,208.0
2023-06-22,-4.6,-2.11,212.9,20.51,9598,89,215.0,218.0,211.7
2023-06-21,-1.5,-0.68,217.5,20.89,9510,72,219.1,223.0,215.5
2023-06-20,-4.5,-2.01,219.0,25.31,11291,71,223.1,229.0,219.0
2023-06-19,-5.5,-2.4,223.5,18.12,8058,52,226.1,228.0,222.0
2023-06-18,0.2,0.09,229.0,33.44,14702,104,224.3,230.9,221.0
2023-06-15,-1.2,-0.52,228.8,16.81,7468,75,225.4,229.0,222.0
2023-06-14,1.0,0.44,230.0,32.45,14270,83,233.5,238.0,222.6
2023-06-13,2.0,0.88,229.0,22.5,9888,63,231.0,231.0,225.1
2023-06-12,4.5,2.02,227.0,34.07,15166,106,226.8,230.0,218.5
2023-06-11,2.5,1.14,222.5,11.83,5314,59,224.4,228.0,220.0
2023-06-08,-0.5,-0.23,220.0,12.7,5784,48,224.9,224.9,216.5
2023-06-07,0.5,0.23,220.5,16.02,7195,53,224.0,227.1,220.0
2023-06-06,1.0,0.46,220.0,13.63,6188,38,219.0,222.0,214.8
2023-06-05,-0.5,-0.23,219.0,11.73,5286,46,223.5,224.9,216.1
2023-06-04,9.0,4.28,219.5,6.48,2948,26,214.7,221.0,214.7
2023-06-01,-2.0,-0.94,210.5,25.89,12145,53,214.0,216.0,210.1
2023-05-31,1.0,0.47,212.5,15.85,7449,51,210.0,218.4,210.0
2023-05-30,-9.5,-4.3,211.5,19.8,9205,55,220.0,220.0,211.5
2023-05-28,-4.6,-2.04,221.0,10.66,4722,50,225.1,230.0,220.0
2023-05-24,-5.4,-2.34,225.6,9.2,4020,30,231.0,235.0,225.5
2023-05-23,10.0,4.52,231.0,16.75,7323,44,221.0,233.5,221.0
2023-05-22,-2.0,-0.9,221.0,7.76,3508,24,220.0,225.9,214.6
2023-05-21,0.0,0.0,223.0,11.53,5130,45,223.0,228.5,223.0
2023-05-18,8.0,3.72,223.0,15.59,7041,40,212.0,223.0,212.0
2023-05-17,6.0,2.87,215.0,5.98,2810,23,209.0,216.0,209.0
2023-05-16,-1.9,-0.9,209.0,9.6,4599,31,214.0,214.0,207.1
2023-05-15,3.3,1.59,210.9,2.28,1098,25,203.5,211.6,203.5
2023-05-14,-8.4,-3.89,207.6,7.98,3817,47,216.0,216.0,207.5
2023-05-11,1.0,0.47,216.0,2.55,1189,15,215.0,216.3,212.1
2023-05-10,0.0,0.0,215.0,3.15,1461,23,218.0,218.0,213.3
2023-05-09,5.0,2.38,215.0,8.19,3757,23,209.0,225.0,209.0
2023-05-08,-5.2,-2.42,210.0,5.45,2597,44,211.0,214.0,207.1
2023-05-07,-6.3,-2.84,215.2,7.24,3348,33,218.0,220.0,215.0
2023-05-04,3.5,1.61,221.5,5.96,2717,22,215.0,221.5,214.1
2023-05-03,-3.0,-1.36,218.0,4.35,1987,26,221.0,221.1,218.0
2023-05-02,-3.1,-1.38,221.0,7.04,3159,30,225.0,228.5,221.0
2023-04-30,-5.9,-2.57,224.1,8.68,3850,38,230.0,230.0,224.0
2023-04-27,-1.0,-0.43,230.0,5.15,2258,25,230.0,234.0,226.5
2023-04-26,-3.6,-1.53,231.0,24.46,10655,44,231.0,235.0,227.0
2023-04-25,4.6,2.0,234.6,5.26,2262,26,230.0,234.6,230.0
2023-04-24,0.0,0.0,230.0,4.41,1913,24,229.0,233.0,228.5
2023-04-23,-3.0,-1.29,230.0,6.24,2711,42,230.1,234.0,230.0
2023-04-20,-7.0,-2.92,233.0,17.81,7559,28,237.5,239.0,232.5
2023-04-19,5.0,2.13,240.0,13.56,5707,33,239.0,243.0,235.0
2023-04-18,0.0,0.0,235.0,5.58,2380,23,235.0,236.5,232.0
2023-04-17,-5.0,-2.08,235.0,10.04,4262,32,238.0,238.0,235.0
2023-04-16,0.0,0.0,240.0,10.18,4224,39,240.0,248.0,238.0
2023-04-13,-8.2,-3.3,240.0,28.12,11403,92,250.0,253.8,240.0
2023-04-12,21.2,9.34,248.2,51.93,21444,136,231.4,249.7,231.4
2023-04-11,4.0,1.79,227.0,9.83,4320,43,223.0,230.0,221.0
2023-04-10,-1.8,-0.8,223.0,9.91,4408,49,228.0,233.0,222.0
2023-04-09,-8.2,-3.52,224.8,25.01,11115,54,228.5,230.0,222.0
2023-04-06,-2.0,-0.85,233.0,14.2,6145,61,231.1,236.0,230.0
2023-04-05,2.0,0.86,235.0,9.77,4219,49,230.0,237.0,226.0
2023-04-04,-0.1,-0.04,233.0,12.81,5463,43,233.0,242.0,230.1
2023-04-03,-4.9,-2.06,233.1,15.97,6828,64,235.2,236.0,231.0
2023-04-02,-9.0,-3.64,238.0,20.32,8451,35,244.1,248.0,238.0
2023-03-30,0.1,0.04,247.0,16.16,6648,45,243.0,247.8,240.3
2023-03-29,-1.2,-0.48,246.9,2.05,839,14,243.3,247.9,243.3
2023-03-28,-0.4,-0.16,248.1,38.02,15216,82,252.5,252.5,244.0
2023-03-27,8.6,3.58,248.5,14.64,6099,43,240.0,248.5,235.2
2023-03-26,-5.1,-2.08,239.9,22.23,9300,78,245.0,248.9,236.1
2023-03-23,-4.0,-1.61,245.0,7.87,3226,50,245.0,247.0,240.5
2023-03-22,-2.0,-0.8,249.0,12.79,5125,31,251.0,255.0,246.6
2023-03-20,4.0,1.62,251.0,19.16,7701,46,249.9,251.0,248.0
2023-03-19,0.0,0.0,247.0,7.46,3035,27,243.0,248.0,243.0
2023-03-16,1.0,0.41,247.0,12.34,5052,35,244.0,247.0,242.0
2023-03-15,-1.0,-0.4,246.0,17.51,7175,52,245.0,251.0,242.4
2023-03-14,2.0,0.82,247.0,13.86,5633,43,242.4,249.0,242.3
2023-03-13,-4.1,-1.65,245.0,6.49,2629,41,249.1,250.0,244.0
2023-03-12,-4.9,-1.93,249.1,25.75,10126,80,256.9,259.9,249.1
2023-03-09,12.0,4.96,254.0,34.23,13552,91,246.8,256.6,246.8
2023-03-07,2.0,0.83,242.0,15.95,6506,54,242.0,251.0,241.0
2023-03-05,-5.0,-2.04,240.0,22.83,9497,77,242.0,244.0,239.0
2023-03-02,-3.5,-1.41,245.0,18.32,7473,44,244.1,247.9,243.8
2023-03-01,-4.5,-1.78,248.5,12.04,4807,32,258.0,258.0,248.5
2023-02-28,-0.8,-0.32,253.0,13.86,5406,65,258.8,263.9,249.9
2023-02-27,-0.2,-0.08,253.8,27.0,10752,95,255.1,259.0,246.0
2023-02-26,5.7,2.3,254.0,27.94,11466,89,243.4,256.0,236.0
2023-02-23,-6.7,-2.63,248.3,40.98,16394,101,255.0,255.0,247.1
2023-02-22,13.0,5.37,255.0,34.83,13755,97,244.0,258.0,244.0
2023-02-20,-3.2,-1.31,242.0,28.57,11600,95,245.0,252.1,240.5
2023-02-16,-3.8,-1.53,245.2,45.24,18360,102,253.9,253.9,244.6
2023-02-15,-3.0,-1.19,249.0,37.62,15052,117,250.0,260.0,245.0
2023-02-14,-3.0,-1.18,252.0,26.68,10463,92,255.0,260.1,252.0
2023-02-12,-17.0,-6.25,255.0,84.51,32453,174,266.6,266.6,255.0
2023-02-09,2.5,0.93,272.0,56.88,21106,125,268.0,274.0,264.0
2023-02-08,2.2,0.82,269.5,88.72,32512,277,272.0,283.5,262.7
2023-02-07,24.3,10.0,267.3,93.45,36086,244,242.0,267.3,241.0
2023-02-06,-2.0,-0.82,243.0,16.27,6717,52,241.0,245.0,241.0
2023-02-05,3.0,1.24,245.0,19.09,7712,76,246.8,253.4,242.0
2023-02-02,-10.0,-3.97,242.0,42.21,17165,91,257.0,257.0,242.0
2023-02-01,2.0,0.8,252.0,19.06,7617,67,250.0,253.9,248.0
2023-01-31,-0.1,-0.04,250.0,39.9,15972,123,245.1,260.0,236.0
2023-01-30,-6.9,-2.68,250.1,26.48,10487,110,262.0,262.0,250.0
2023-01-29,-5.0,-1.91,257.0,39.8,15345,111,262.0,264.1,253.9
2023-01-26,0.0,-1.09,262.0,,8866,0,270.0,272.1,262.0
2023-01-25,0.0,3.27,264.9,,19341,0,253.5,267.2,253.5
2023-01-24,0.0,-0.19,256.5,,44705,0,251.9,256.5,237.8
2023-01-23,0.0,-4.46,257.0,,19485,0,270.0,270.0,253.0
2023-01-19,0.0,-0.37,269.0,,11140,0,270.0,273.0,267.0
2023-01-18,0.0,3.85,270.0,,54642,0,265.0,279.0,265.0
2023-01-17,0.0,3.17,260.0,,28789,0,257.0,270.5,247.0
2023-01-12,0.0,-6.08,252.0,,38408,0,273.6,288.0,249.0
2023-01-10,0.0,6.51,268.3,,97207,0,253.9,277.0,249.9
2023-01-09,0.0,10.0,251.9,,34717,0,233.0,251.9,230.0
2023-01-08,0.0,2.69,229.0,,26523,0,227.4,236.5,222.0
2023-01-05,0.0,3.72,223.0,,36644,0,219.0,224.0,215.0
2023-01-04,0.0,3.37,215.0,,21569,0,208.0,216.1,207.7
2023-01-03,0.0,-0.95,208.0,,9119,0,214.0,217.9,206.1
2023-01-02,0.0,1.94,210.0,,9693,0,210.0,213.5,203.9
2023-01-01,0.0,1.03,206.0,,20819,0,207.0,216.0,204.0
2022-12-29,0.0,5.1,203.9,,15176,0,194.0,204.0,190.6
2022-12-28,0.0,-2.32,194.0,,17731,0,199.0,199.0,188.0
2022-12-27,0.0,6.77,198.6,,22550,0,189.7,200.0,189.7
2022-12-26,0.0,6.9,186.0,,14374,0,177.4,189.0,176.0
2022-12-22,0.0,-2.68,174.0,,2715,0,175.4,175.4,172.0
2022-12-21,0.0,1.59,178.8,,1513,0,177.0,179.0,171.1
2022-12-20,0.0,1.73,176.0,,3358,0,176.4,187.0,173.0
2022-12-19,0.0,1.47,173.0,,6687,0,167.1,177.2,163.8
2022-12-18,0.0,-1.96,170.5,,4569,0,174.0,175.4,170.5
2022-12-15,0.0,-2.58,173.9,,5902,0,176.0,177.4,173.5
2022-12-14,0.0,-2.46,178.5,,995,0,180.0,183.6,178.0
2022-12-13,0.0,3.04,183.0,,5057,0,180.0,183.0,178.0
2022-12-12,0.0,1.78,177.6,,5022,0,174.5,180.0,174.5
2022-12-11,0.0,-1.97,174.5,,3920,0,178.0,178.0,172.0
2022-12-07,0.0,-1.77,178.0,,3418,0,184.0,184.0,178.0
2022-12-06,0.0,-1.52,181.2,,2936,0,181.4,186.9,181.0
2022-12-05,0.0,-2.18,184.0,,4196,0,187.0,187.0,181.1
2022-12-04,0.0,-1.0,188.1,,3518,0,187.0,191.0,186.3
2022-12-01,0.0,-0.52,190.0,,4391,0,190.0,194.0,187.6
2022-11-30,0.0,-1.04,191.0,,2858,0,196.0,196.0,190.5
2022-11-29,0.0,0.52,193.0,,4308,0,191.5,193.5,188.2
2022-11-28,0.0,0.52,192.0,,11608,0,191.2,196.5,191.2
2022-11-27,0.0,2.3,191.0,,6929,0,187.0,193.0,187.0
2022-11-24,0.0,2.58,186.7,,10316,0,179.0,188.4,179.0
2022-11-23,0.0,-1.62,182.0,,4284,0,185.0,185.0,181.3
2022-11-22,0.0,-1.6,185.0,,7493,0,188.0,195.5,184.1
2022-11-17,0.0,5.03,188.0,,19416,0,182.5,188.0,182.5
2022-11-16,0.0,0.56,179.0,,5465,0,181.5,181.5,175.0
2022-11-15,0.0,1.89,178.0,,6316,0,178.1,182.0,174.0
2022-11-14,0.0,1.39,174.7,,3836,0,175.0,175.0,171.5
2022-11-13,0.0,-0.98,172.3,,1357,0,170.6,172.3,169.0
2022-11-10,0.0,-2.74,174.0,,4238,0,176.0,176.0,172.1
2022-11-09,0.0,-0.67,178.9,,5838,0,181.0,181.0,175.0
2022-11-08,0.0,-1.85,180.1,,3368,0,181.0,183.0,178.0
2022-11-07,0.0,-0.76,183.5,,7150,0,188.5,190.0,181.0
2022-11-06,0.0,3.3,184.9,,6011,0,179.0,185.0,177.1
2022-11-03,0.0,0.56,179.0,,4457,0,181.5,182.0,178.0
2022-11-02,0.0,-1.11,178.0,,12941,0,180.0,185.0,178.0
2022-11-01,0.0,5.88,180.0,,4799,0,170.0,180.3,170.0
2022-10-31,0.0,0.59,170.0,,1854,0,172.0,172.3,168.0
2022-10-23,0.0,0.0,169.0,,2603,0,169.0,172.0,166.0
2022-10-20,0.0,0.9,169.0,,2430,0,167.5,170.0,167.1
2022-10-19,0.0,-2.05,167.5,,3858,0,171.0,171.0,167.0
2022-10-17,0.0,-2.29,171.0,,1562,0,172.0,175.6,171.0
2022-10-16,0.0,-2.78,175.0,,1633,0,180.0,181.0,175.0
2022-10-13,0.0,0.87,180.0,,3280,0,181.0,182.0,175.0
2022-10-12,0.0,1.43,177.5,,3065,0,178.5,181.9,174.0
2022-10-11,0.0,-1.74,175.0,,3034,0,175.0,175.0,168.1
2022-10-10,0.0,-1.55,178.1,,3223,0,181.1,186.0,178.1
2022-10-09,0.0,3.37,180.9,,2943,0,178.5,182.0,177.0
2022-09-29,0.0,2.94,175.0,,2978,0,173.4,176.0,170.0
2022-09-28,0.0,0.0,170.0,,4219,0,173.4,176.0,170.0
2022-09-27,0.0,1.19,170.0,,7309,0,171.0,174.4,168.0
2022-09-25,0.0,-5.08,168.0,,3883,0,174.0,177.0,168.0
2022-09-22,0.0,-2.37,177.0,,4722,0,181.0,188.5,177.0
2022-09-21,0.0,-0.33,181.3,,5691,0,185.5,188.0,181.3
2022-09-20,0.0,-5.21,181.9,,8489,0,188.1,190.0,180.0
2022-09-18,0.0,-3.08,191.9,,6187,0,194.2,194.2,190.3
2022-09-16,0.0,-0.5,198.0,,4078,0,199.0,200.0,191.2
2022-09-15,0.0,-4.78,199.0,,8480,0,211.0,211.0,199.0
2022-09-14,0.0,2.96,209.0,,6298,0,207.0,210.0,202.9
2022-09-13,0.0,2.94,203.0,,2778,0,194.0,209.1,194.0
2022-09-12,0.0,-2.38,197.2,,3837,0,201.0,201.0,195.1
2022-09-11,0.0,0.5,202.0,,2744,0,203.0,203.0,198.0
2022-09-08,0.0,1.06,201.0,,8849,0,202.7,202.8,196.0
2022-09-07,0.0,-1.09,198.9,,4016,0,202.2,205.0,194.4
2022-09-06,0.0,-2.8,201.1,,2905,0,205.5,205.5,200.9
2022-09-05,0.0,-0.53,206.9,,9233,0,208.0,210.0,202.9
2022-09-04,0.0,0.48,208.0,,3373,0,211.1,215.0,203.1
2022-09-02,0.0,-0.91,207.0,,1450,0,213.0,213.0,206.0
2022-09-01,0.0,2.35,208.9,,10358,0,200.1,214.0,200.0
2022-08-31,0.0,-5.07,204.1,,7591,0,219.3,219.3,204.1
2022-08-30,0.0,0.51,215.0,,2541,0,217.0,219.3,209.7
2022-08-29,0.0,2.84,213.9,,4100,0,212.1,216.3,205.0
2022-08-28,0.0,-4.59,208.0,,12214,0,215.0,218.9,203.0
2022-08-26,0.0,-0.91,218.0,,7235,0,220.0,228.8,215.6
2022-08-25,0.0,-4.18,220.0,,6296,0,226.2,229.0,219.0
2022-08-24,0.0,2.5,229.6,,7767,0,220.0,229.6,220.0
2022-08-23,0.0,-2.18,224.0,,4370,0,224.6,229.5,223.5
2022-08-22,0.0,-1.67,229.0,,8063,0,228.3,234.9,223.8
2022-08-21,0.0,0.74,232.9,,10772,0,235.0,235.5,225.7
2022-08-18,0.0,0.52,231.2,,18731,0,234.6,235.0,226.0
2022-08-17,0.0,2.68,230.0,,11475,0,220.0,232.2,220.0
2022-08-16,0.0,-3.03,224.0,,8069,0,235.5,245.0,221.9
2022-08-15,0.0,7.44,231.0,,14097,0,210.7,231.0,206.5
2022-08-14,0.0,-4.44,215.0,,5122,0,229.5,229.5,213.7
2022-08-11,0.0,-1.7,225.0,,7489,0,233.4,233.4,222.0
2022-08-10,0.0,-0.17,228.9,,13981,0,224.8,233.0,216.0
2022-08-09,0.0,-2.92,229.3,,17395,0,240.9,245.0,222.1
2022-08-08,0.0,0.0,236.2,,11034,0,237.0,245.0,235.2
2022-08-07,0.0,0.08,236.2,,18169,0,240.0,245.0,236.2
2022-08-05,0.0,-3.28,236.0,,11524,0,239.2,253.4,235.2
2022-08-04,0.0,-1.97,244.0,,42412,0,248.0,254.0,244.0
2022-08-03,0.0,2.85,248.9,,23068,0,243.0,255.0,243.0
2022-08-02,0.0,-0.41,242.0,,20385,0,242.0,246.0,241.0
2022-08-01,0.0,0.0,243.0,,20980,0,239.0,254.8,239.0
2022-07-31,0.0,2.1,243.0,,21399,0,242.0,246.8,238.0
2022-07-29,0.0,3.03,238.0,,8945,0,231.0,240.0,228.0
2022-07-28,0.0,-1.7,231.0,,29138,0,239.0,243.1,231.0
2022-07-27,0.0,2.62,235.0,,12455,0,224.5,237.0,221.2
2022-07-26,0.0,-2.51,229.0,,16460,0,230.5,238.0,224.1
2022-07-25,0.0,7.75,234.9,,30730,0,222.3,239.8,217.0
2022-07-24,0.0,5.31,218.0,,19097,0,210.0,218.0,204.0
2022-07-22,0.0,-2.82,207.0,,4947,0,208.8,208.9,205.0
2022-07-21,0.0,-0.47,213.0,,4240,0,209.8,213.9,209.1
2022-07-20,0.0,0.05,214.0,,6911,0,218.0,218.0,209.0
2022-07-19,0.0,0.85,213.9,,7592,0,216.0,216.3,207.9
2022-07-18,0.0,0.05,212.1,,2759,0,209.4,213.5,209.0
2022-07-17,0.0,0.47,212.0,,3427,0,215.0,215.0,208.8
2022-07-15,0.0,0.38,211.0,,3846,0,207.0,212.0,206.0
2022-07-14,0.0,-0.85,210.2,,3521,0,216.2,220.0,207.9
2022-07-13,0.0,6.0,212.0,,10743,0,204.0,213.0,200.0
2022-07-12,0.0,0.5,200.0,,14687,0,195.1,210.0,192.0
2022-07-11,0.0,-4.78,199.0,,10406,0,204.9,204.9,195.5
2022-07-08,0.0,-0.95,209.0,,2813,0,207.0,211.0,207.0
2022-07-07,0.0,-2.36,211.0,,11197,0,216.0,224.1,211.0
2022-07-06,0.0,3.35,216.1,,8883,0,213.2,217.0,204.0
2022-07-05,0.0,-2.74,209.1,,14127,0,215.0,223.0,208.1
2022-07-04,0.0,-3.11,215.0,,36823,0,222.0,240.0,215.0
2022-07-03,0.0,6.02,221.9,,9392,0,209.0,222.0,207.0
2022-07-01,0.0,-1.27,209.3,,7062,0,209.0,217.3,205.0
2022-06-30,0.0,4.48,212.0,,12050,0,198.9,214.0,198.9
2022-06-29,0.0,3.52,202.9,,13588,0,193.0,209.0,193.0
2022-06-28,0.0,0.0,196.0,,5459,0,192.1,199.8,190.0
2022-06-27,0.0,-2.83,196.0,,14037,0,205.0,213.0,196.0
2022-06-26,0.0,9.03,201.7,,13873,0,188.7,203.0,188.7
2022-06-24,0.0,2.78,185.0,,4351,0,176.5,194.0,171.5
2022-06-23,0.0,-6.74,180.0,,6334,0,189.2,189.2,177.4
2022-06-22,0.0,0.52,193.0,,5912,0,195.0,195.0,188.0
2022-06-21,0.0,2.13,192.0,,10948,0,184.3,202.0,184.3
2022-06-20,0.0,-6.0,188.0,,10556,0,196.0,200.0,188.0
2022-06-19,0.0,-5.21,200.0,,5558,0,207.0,207.0,200.0
2022-06-17,0.0,0.0,211.0,,2155,0,215.2,215.2,205.7
2022-06-16,0.0,2.93,211.0,,7392,0,209.0,215.0,205.1
2022-06-15,0.0,-1.91,205.0,,7360,0,209.0,210.0,201.0
2022-06-14,0.0,-1.65,209.0,,8178,0,210.0,215.0,209.0
2022-06-13,0.0,-1.62,212.5,,2292,0,216.0,220.0,212.5
2022-06-10,0.0,-1.37,216.0,,4889,0,223.3,227.6,211.1
2022-06-09,0.0,-0.9,219.0,,11606,0,225.4,229.0,218.0
2022-06-08,0.0,4.74,221.0,,8880,0,215.2,230.0,212.0
2022-06-07,0.0,-2.13,211.0,,7136,0,219.0,220.0,210.0
2022-06-06,0.0,-1.1,215.6,,6883,0,222.0,226.0,213.0
2022-06-03,0.0,-1.36,218.0,,10188,0,225.0,225.0,215.0
2022-06-02,0.0,-0.9,221.0,,6081,0,227.3,227.3,218.0
2022-06-01,0.0,-0.45,223.0,,17991,0,225.0,228.4,218.0
2022-05-31,0.0,-1.32,224.0,,8255,0,222.5,229.5,220.0
2022-05-30,0.0,-1.73,227.0,,6324,0,235.6,235.6,224.0
2022-05-27,0.0,-2.2,231.0,,10517,0,240.9,240.9,230.0
2022-05-26,0.0,-1.05,236.2,,15458,0,239.0,246.9,229.0
2022-05-25,0.0,-0.54,238.7,,17431,0,240.0,242.5,230.0
2022-05-24,0.0,0.84,240.0,,23718,0,235.0,244.0,229.0
2022-05-23,0.0,-2.06,238.0,,21798,0,238.3,241.0,229.5
2022-05-20,0.0,0.0,243.0,,1912,0,246.9,246.9,239.1
2022-05-19,0.0,-3.91,243.0,,5681,0,250.0,260.0,243.0
2022-05-18,0.0,0.05,252.9,,17161,0,238.1,253.4,235.0
2022-05-17,0.0,-6.92,242.0,,11035,0,255.0,255.0,237.3
2022-05-12,0.0,-3.7,260.0,,10445,0,275.0,280.0,260.0
2022-05-11,0.0,6.3,270.0,,9353,0,254.0,272.0,253.9
2022-05-10,0.0,5.39,254.0,,4742,0,241.0,254.0,236.2
2022-05-09,0.0,0.08,241.0,,4692,0,236.0,250.0,234.0
2022-05-08,0.0,6.08,240.8,,7908,0,227.0,240.8,218.8
2022-05-05,0.0,-1.3,227.0,,13068,0,230.0,230.0,223.5
2022-05-04,0.0,-2.54,230.0,,4569,0,235.9,240.0,226.0
2022-05-02,0.0,-5.6,236.0,,4882,0,245.0,245.0,235.5
2022-04-28,0.0,-1.96,250.0,,11501,0,255.0,260.0,247.0
2022-04-27,0.0,-1.54,255.0,,6722,0,256.0,261.0,251.0
2022-04-26,0.0,0.74,259.0,,7284,0,252.0,267.4,252.0
2022-04-25,0.0,1.18,257.1,,15852,0,259.1,270.0,253.0
2022-04-24,0.0,10.0,254.1,,8777,0,235.6,254.1,230.0
2022-04-21,0.0,0.43,231.0,,5906,0,230.0,235.6,220.1
2022-04-20,0.0,-4.17,230.0,,7670,0,244.8,249.6,229.0
2022-04-19,0.0,-1.6,240.0,,8622,0,240.0,246.7,230.0
2022-04-18,0.0,-4.24,243.9,,5502,0,250.7,250.7,242.0
2022-04-17,0.0,-0.89,254.7,,6434,0,261.0,261.0,249.1
2022-04-13,0.0,0.78,257.0,,6105,0,255.0,262.0,250.0
2022-04-12,0.0,-2.93,255.0,,11523,0,260.0,260.0,250.0
2022-04-11,0.0,-2.7,262.7,,8982,0,275.4,284.0,262.0
2022-04-07,0.0,1.89,270.0,,12585,0,260.0,275.0,260.0
2022-04-06,0.0,-1.85,265.0,,7374,0,268.0,273.0,265.0
2022-04-05,0.0,-1.82,270.0,,10668,0,272.5,276.0,266.6
2022-04-04,0.0,-0.04,275.0,,7828,0,275.5,282.9,275.0
2022-04-03,0.0,-3.47,275.1,,8411,0,290.7,290.7,275.0
2022-03-31,0.0,-3.39,285.0,,8973,0,300.0,305.0,284.0
2022-03-30,0.0,1.72,295.0,,11914,0,285.0,295.0,285.0
2022-03-29,0.0,0.35,290.0,,4801,0,293.5,295.0,285.0
2022-03-28,0.0,-2.03,289.0,,11168,0,296.0,299.0,289.0
2022-03-27,0.0,-1.99,295.0,,8782,0,306.0,306.0,293.0
2022-03-24,0.0,0.67,301.0,,12622,0,304.0,305.0,298.0
2022-03-23,0.0,-3.24,299.0,,29897,0,304.0,310.0,299.0
2022-03-22,0.0,-1.59,309.0,,9778,0,314.0,318.0,304.0
2022-03-21,0.0,3.63,314.0,,10030,0,304.0,315.0,299.0
2022-03-20,0.0,-1.46,303.0,,5441,0,313.6,313.6,302.0
2022-03-16,0.0,-0.49,307.5,,4511,0,313.5,313.5,305.0
2022-03-15,0.0,-0.96,309.0,,11072,0,318.0,318.0,307.0
2022-03-14,0.0,-0.98,312.0,,1986,0,315.0,315.0,312.0
2022-03-13,0.0,3.31,315.1,,11037,0,311.1,317.0,305.0
2022-03-10,0.0,4.81,305.0,,14814,0,296.8,305.5,293.0
2022-03-09,0.0,-3.32,291.0,,12246,0,300.0,302.1,291.0
2022-03-07,0.0,-1.31,301.0,,8050,0,310.0,310.0,300.0
2022-03-06,0.0,-0.36,305.0,,15940,0,310.0,313.0,294.0
2022-03-02,0.0,-3.44,306.1,,12186,0,317.0,317.0,305.0
2022-02-28,0.0,-2.76,317.0,,25167,0,331.0,340.0,316.0
2022-02-27,0.0,1.4,326.0,,25585,0,321.5,334.0,316.0
2022-02-24,0.0,-3.45,321.5,,35643,0,335.0,346.6,319.0
2022-02-23,0.0,4.06,333.0,,50485,0,320.0,350.8,320.0
2022-02-22,0.0,1.59,320.0,,23877,0,320.0,330.0,315.0
2022-02-21,0.0,1.94,315.0,,7627,0,310.0,316.2,307.0
2022-02-20,0.0,-1.44,309.0,,20074,0,307.3,317.0,303.0
2022-02-17,0.0,-0.16,313.5,,6794,0,311.0,320.2,310.1
2022-02-16,0.0,-3.09,314.0,,11089,0,324.0,328.0,312.0
2022-02-15,0.0,5.85,324.0,,14690,0,312.2,324.0,310.0
2022-02-14,0.0,-0.62,306.1,,18767,0,314.0,316.0,304.0
2022-02-13,0.0,-4.94,308.0,,31817,0,317.6,318.0,302.7
2022-02-10,0.0,1.25,324.0,,14645,0,320.0,329.0,320.0
2022-02-09,0.0,-1.23,320.0,,64246,0,325.0,330.0,312.0
2022-02-08,0.0,0.0,324.0,,44343,0,335.5,351.9,324.0
2022-02-07,0.0,1.86,329.0,,9168,0,322.0,334.0,320.0
2022-02-06,0.0,-3.58,323.0,,21191,0,334.9,334.9,323.0
2022-02-03,0.0,0.3,335.0,,35071,0,340.0,345.4,332.0
2022-02-01,0.0,2.14,334.0,,24999,0,327.4,337.9,321.0
2022-01-31,0.0,-2.1,327.0,,11168,0,340.6,340.6,325.0
2022-01-30,0.0,6.37,334.0,,37346,0,320.2,339.0,320.2
2022-01-27,0.0,0.03,314.0,,9932,0,315.0,320.0,309.0
2022-01-26,0.0,-3.12,313.9,,18358,0,318.0,325.0,307.8
2022-01-25,0.0,0.62,324.0,,20355,0,321.0,331.0,310.0
2022-01-24,0.0,-5.29,322.0,,43412,0,340.0,340.0,318.0
2022-01-23,0.0,-0.58,340.0,,15417,0,348.0,350.0,333.5
2022-01-20,0.0,3.64,342.0,,23380,0,330.0,345.0,325.0
2022-01-19,0.0,-2.08,330.0,,24591,0,343.7,343.7,328.0
2022-01-18,0.0,-4.4,337.0,,29813,0,357.0,357.0,327.0
2022-01-17,0.0,-1.54,352.5,,37317,0,363.0,365.0,343.1
2022-01-16,0.0,6.55,358.0,,54980,0,336.0,360.0,342.0
2022-01-13,0.0,3.38,336.0,,34222,0,324.0,338.0,318.0
2022-01-12,0.0,-2.69,325.0,,28712,0,335.0,344.0,321.1
2022-01-11,0.0,1.21,334.0,,36164,0,336.0,342.7,326.5
2022-01-10,0.0,8.2,330.0,,77087,0,311.0,335.5,311.0
2022-01-09,0.0,6.27,305.0,,45190,0,292.7,308.0,292.7
2022-01-06,0.0,1.77,287.0,,11932,0,282.0,290.0,278.0
2022-01-05,0.0,0.71,282.0,,15918,0,281.0,295.0,280.8
2022-01-04,0.0,0.72,280.0,,7265,0,276.0,281.0,276.0
2022-01-03,0.0,-0.36,278.0,,12504,0,284.0,284.0,277.0
2022-01-02,0.0,-1.06,279.0,,8084,0,282.0,283.0,276.4
2021-12-29,0.0,0.71,282.0,,4942,0,275.0,285.0,275.0
2021-12-28,0.0,0.36,280.0,,13900,0,275.0,286.0,268.5
2021-12-27,0.0,-3.79,279.0,,13902,0,285.0,294.0,278.5
2021-12-26,0.0,-1.69,290.0,,7594,0,295.0,299.0,290.0
2021-12-23,0.0,0.0,295.0,,20277,0,300.9,312.0,290.0
2021-12-22,0.0,3.15,295.0,,31725,0,291.7,300.0,288.4
2021-12-21,0.0,5.93,286.0,,7169,0,275.0,288.0,273.0
2021-12-20,0.0,-3.23,270.0,,10960,0,275.0,284.0,265.0
2021-12-16,0.0,-2.11,279.0,,9742,0,285.0,288.0,275.1
2021-12-15,0.0,1.21,285.0,,41913,0,287.0,309.7,270.2
2021-12-14,0.0,10.0,281.6,,11889,0,261.0,281.6,260.0
2021-12-13,0.0,-8.38,256.0,,27533,0,273.9,275.0,251.5
2021-12-12,0.0,-6.68,279.4,,15859,0,305.0,307.0,279.4
2021-12-09,0.0,-0.2,299.4,,15928,0,300.0,306.0,292.0
2021-12-08,0.0,-4.46,300.0,,21675,0,314.0,317.3,295.0
2021-12-07,0.0,-3.06,314.0,,11146,0,330.0,336.9,312.0
2021-12-06,0.0,4.48,323.9,,20522,0,304.0,327.9,292.0
2021-12-05,0.0,-3.12,310.0,,13029,0,320.4,326.0,310.0
2021-12-02,0.0,-3.03,320.0,,17373,0,336.0,340.0,317.0
2021-12-01,0.0,-1.49,330.0,,33711,0,341.0,341.7,328.3
2021-11-30,0.0,-0.3,335.0,,41628,0,335.0,348.5,329.0
2021-11-29,0.0,-0.88,336.0,,14153,0,340.0,351.9,332.0
2021-11-28,0.0,-5.83,339.0,,19172,0,352.8,353.0,338.0
2021-11-25,0.0,-0.55,360.0,,13738,0,369.1,369.1,357.7
2021-11-24,0.0,3.43,362.0,,22811,0,356.9,372.0,338.1
2021-11-23,0.0,-4.24,350.0,,18883,0,358.3,369.2,347.0
2021-11-22,0.0,5.03,365.5,,43301,0,350.0,375.0,350.0
2021-11-21,0.0,-1.14,348.0,,14794,0,352.0,358.0,347.0
2021-11-18,0.0,-2.22,352.0,,15411,0,353.1,357.0,348.0
2021-11-17,0.0,-1.37,360.0,,20696,0,372.0,380.0,357.7
2021-11-16,0.0,3.69,365.0,,14734,0,352.0,366.0,346.0
2021-11-15,0.0,4.14,352.0,,11694,0,342.0,359.9,342.0
2021-11-14,0.0,0.0,338.0,,14625,0,331.4,350.0,331.3
2021-11-11,0.0,-3.7,338.0,,13052,0,344.0,351.0,330.0
2021-11-09,0.0,-5.65,351.0,,21560,0,365.0,367.0,347.0
2021-11-08,0.0,-1.85,372.0,,6854,0,381.0,381.0,364.1
2021-11-03,0.0,1.07,379.0,,18070,0,375.0,379.9,373.0
2021-11-02,0.0,0.27,375.0,,12286,0,380.0,380.0,367.5
2021-11-01,0.0,-2.6,374.0,,35659,0,384.0,393.0,372.0
2021-10-31,0.0,5.18,384.0,,32228,0,372.4,385.0,371.0
2021-10-28,0.0,-0.79,365.1,,22294,0,370.0,378.0,355.0
2021-10-27,0.0,4.22,368.0,,51484,0,360.1,387.0,342.0
2021-10-26,0.0,10.0,353.1,,33329,0,327.0,353.1,327.0
2021-10-25,0.0,5.59,321.0,,23368,0,305.0,325.0,304.0
2021-10-24,0.0,1.71,304.0,,11605,0,296.0,307.0,295.5
2021-10-21,0.0,-2.0,298.9,,9388,0,305.0,307.0,294.0
2021-10-20,0.0,5.9,305.0,,9508,0,293.0,310.7,293.0
2021-10-19,0.0,-5.57,288.0,,13288,0,305.0,305.0,276.7
2021-10-18,0.0,-3.17,305.0,,13521,0,309.0,315.0,304.0
2021-10-17,0.0,1.29,315.0,,4102,0,315.0,320.0,304.0
2021-10-11,0.0,0.13,311.0,,17172,0,315.0,316.8,307.0
2021-10-10,0.0,-2.33,310.6,,8533,0,324.0,330.4,310.6
2021-10-06,0.0,1.31,318.0,,19927,0,319.9,329.0,308.0
2021-10-05,0.0,7.5,313.9,,17473,0,292.0,318.5,292.0
2021-10-04,0.0,-2.67,292.0,,23279,0,294.0,304.8,282.0
2021-10-03,0.0,-4.46,300.0,,13314,0,314.0,314.0,298.0
2021-09-30,0.0,-4.85,314.0,,17458,0,330.0,338.5,312.0
2021-09-29,0.0,5.77,330.0,,27056,0,317.9,334.5,298.9
2021-09-28,0.0,-6.59,312.0,,27354,0,334.0,339.0,311.0
2021-09-27,0.0,-4.02,334.0,,31279,0,352.0,362.0,323.5
2021-09-26,0.0,-6.75,348.0,,42831,0,371.0,371.0,345.2
2021-09-23,0.0,-2.56,373.2,,43808,0,390.6,405.0,363.0
2021-09-22,0.0,9.12,383.0,,23637,0,358.0,383.0,358.0
2021-09-21,0.0,1.45,351.0,,46159,0,340.0,369.2,312.2
2021-09-20,0.0,-9.73,346.0,,58290,0,390.9,390.9,345.0
2021-09-16,0.0,-2.96,383.3,,41963,0,396.0,396.0,378.0
2021-09-15,0.0,-1.25,395.0,,13901,0,400.5,415.0,393.1
2021-09-14,0.0,-0.99,400.0,,17869,0,400.0,410.0,399.0
2021-09-13,0.0,-2.39,404.0,,31350,0,413.0,428.4,401.0
2021-09-12,0.0,3.99,413.9,,55419,0,390.1,422.1,390.1
2021-09-09,0.0,0.76,398.0,,26103,0,402.0,410.0,392.0
2021-09-08,0.0,-3.59,395.0,,25687,0,415.0,415.0,390.0
2021-09-07,0.0,0.17,409.7,,47730,0,417.1,438.0,401.0
2021-09-06,0.0,9.98,409.0,,57996,0,365.0,409.0,365.0
2021-09-05,0.0,-6.79,371.9,,57634,0,400.0,405.0,359.1
2021-09-02,0.0,5.0,399.0,,60529,0,387.6,411.2,385.0
2021-09-01,0.0,-7.77,380.0,,108026,0,412.1,434.0,378.4
2021-08-31,0.0,-4.7,412.0,,110552,0,440.9,460.0,402.0
2021-08-29,0.0,10.0,432.3,,57783,0,400.0,432.3,400.0
2021-08-26,0.0,9.99,393.0,,99092,0,350.2,393.0,324.0
2021-08-25,0.0,-9.98,357.3,,47029,0,390.0,390.0,357.3
2021-08-24,0.0,-10.0,396.9,,11222,0,432.2,432.2,396.9
2021-08-19,0.0,-10.0,441.0,,171108,0,480.2,480.2,441.0
2021-08-18,0.0,-3.1,490.0,,328419,0,515.8,556.2,456.3
2021-08-17,0.0,9.98,505.7,,69095,0,468.9,505.7,468.9
2021-08-16,0.0,10.0,459.8,,96925,0,426.3,459.8,426.3
2021-08-15,0.0,10.0,418.0,,114766,0,387.6,418.0,387.6
2021-08-12,0.0,-2.81,380.0,,71654,0,391.0,395.0,375.0
2021-08-11,0.0,1.82,391.0,,59155,0,385.0,400.0,385.0
2021-08-10,0.0,-4.0,384.0,,72315,0,400.0,407.0,380.5
2021-08-09,0.0,4.44,400.0,,71006,0,387.0,402.0,385.0
2021-08-08,0.0,-0.52,383.0,,80233,0,385.0,399.0,355.8
2021-08-05,0.0,5.42,385.0,,128811,0,372.5,401.0,372.5
2021-08-04,0.0,10.0,365.2,,136149,0,338.6,365.2,338.6
2021-08-03,0.0,0.0,332.0,,79562,0,333.0,335.5,320.0
2021-08-02,0.0,0.91,332.0,,65340,0,330.0,344.0,330.0
2021-08-01,0.0,2.81,329.0,,70042,0,325.0,346.9,307.0
2021-07-29,0.0,-2.44,320.0,,29150,0,321.5,324.9,310.0
2021-07-28,0.0,-1.91,328.0,,48775,0,341.0,367.0,324.0
2021-07-27,0.0,10.0,334.4,,63648,0,305.0,334.4,303.0
2021-07-26,0.0,1.0,304.0,,44204,0,302.0,314.0,296.0
2021-07-25,0.0,7.0,301.0,,54617,0,286.0,305.0,284.0
2021-07-22,0.0,0.46,281.3,,21048,0,285.0,288.9,278.0
2021-07-20,0.0,-2.1,280.0,,26994,0,291.0,294.0,279.5
2021-07-19,0.0,2.14,286.0,,317497,0,280.0,289.0,275.0
2021-07-18,0.0,0.36,280.0,,18308,0,284.0,284.0,279.0
2021-07-15,0.0,4.1,279.0,,26623,0,281.0,283.0,270.0
2021-07-14,0.0,-0.74,268.0,,10962,0,270.0,276.0,263.0
2021-07-13,0.0,0.37,270.0,,5712,0,269.0,277.0,255.0
2021-07-12,0.0,-5.28,269.0,,14690,0,284.0,289.0,269.0
2021-07-11,0.0,9.65,284.0,,11652,0,264.0,284.0,262.0
2021-07-08,0.0,4.86,259.0,,10371,0,243.0,265.0,240.0
2021-07-07,0.0,-3.14,247.0,,6892,0,250.0,255.0,245.0
2021-07-06,0.0,-0.78,255.0,,8395,0,254.0,259.0,254.0
2021-07-05,0.0,-1.53,257.0,,4659,0,265.0,266.0,256.0
2021-07-04,0.0,-3.33,261.0,,5620,0,268.0,272.0,260.0
2021-07-01,0.0,3.85,270.0,,10576,0,265.0,272.0,265.0
2021-06-30,0.0,-3.35,260.0,,21033,0,264.0,270.0,244.0
2021-06-29,0.0,-2.54,269.0,,15403,0,271.0,278.0,259.0
2021-06-28,0.0,-3.16,276.0,,9386,0,285.0,290.0,275.0
2021-06-27,0.0,-1.72,285.0,,9307,0,304.0,304.0,279.0
2021-06-24,0.0,0.35,290.0,,17480,0,284.0,304.0,275.0
2021-06-23,0.0,-3.34,289.0,,18751,0,300.0,307.0,283.0
2021-06-22,0.0,9.93,299.0,,25752,0,267.0,299.0,262.0
2021-06-21,0.0,-2.86,272.0,,22816,0,280.0,285.0,256.0
2021-06-20,0.0,-7.89,280.0,,21861,0,304.0,309.0,278.0
2021-06-17,0.0,7.42,304.0,,62033,0,285.0,310.0,262.0
2021-06-16,0.0,-6.29,283.0,,137607,0,317.0,317.0,272.0
2021-06-15,0.0,9.82,302.0,,18314,0,288.0,302.0,288.0
2021-06-14,0.0,10.0,275.0,,13692,0,262.0,275.0,262.0
2021-06-03,0.0,-2.34,250.0,,35563,0,252.0,258.0,247.0
2021-06-02,0.0,2.4,256.0,,65042,0,238.0,270.0,225.0
2021-06-01,0.0,-4.21,250.0,,27112,0,257.0,259.0,236.0
2021-05-31,0.0,-6.12,261.0,,64200,0,291.0,305.0,260.0
2021-05-30,0.0,9.88,278.0,,43956,0,265.0,278.0,265.0
2021-05-27,0.0,10.0,253.0,,52105,0,229.0,253.0,222.0
2021-05-25,0.0,4.55,230.0,,32764,0,220.0,230.0,217.0
2021-05-24,0.0,-1.35,220.0,,27201,0,223.0,230.0,216.0
2021-05-23,0.0,1.83,223.0,,39132,0,209.0,229.0,200.0
2021-05-20,0.0,-4.78,219.0,,35545,0,229.0,229.0,209.0
2021-05-19,0.0,1.77,230.0,,46372,0,230.0,248.0,222.0
2021-05-18,0.0,9.71,226.0,,19856,0,216.0,226.0,202.0
2021-05-17,0.0,9.57,206.0,,63676,0,188.0,206.0,183.0
2021-05-16,0.0,-3.09,188.0,,71433,0,194.0,207.0,180.0
2021-05-13,0.0,9.6,194.0,,31236,0,180.0,194.0,180.0
2021-05-12,0.0,9.94,177.0,,45669,0,162.0,177.0,161.0
2021-05-11,0.0,3.87,161.0,,14014,0,158.0,162.0,155.0
2021-05-10,0.0,0.0,155.0,,15881,0,155.0,156.0,150.0
2021-05-09,0.0,-6.06,155.0,,54425,0,170.0,172.0,154.0
2021-05-06,0.0,10.0,165.0,,77966,0,157.0,165.0,152.0
2021-05-05,0.0,9.49,150.0,,68477,0,143.0,150.0,136.0
2021-05-04,0.0,3.79,137.0,,22099,0,134.0,140.0,132.0
2021-05-03,0.0,-1.49,132.0,,8792,0,140.0,140.0,132.0
2021-05-02,0.0,3.08,134.0,,6015,0,128.0,134.0,128.0
2021-04-29,0.0,0.0,130.0,,1933,0,130.0,134.0,129.0
2021-04-28,0.0,-1.52,130.0,,3531,0,130.0,134.0,129.0
2021-04-27,0.0,5.6,132.0,,8324,0,124.0,134.0,124.0
2021-04-26,0.0,-3.1,125.0,,7544,0,129.0,133.0,125.0
2021-04-25,0.0,-4.44,129.0,,9013,0,135.0,136.0,126.0
2021-04-22,0.0,-0.74,135.0,,8776,0,134.0,138.0,134.0
2021-04-21,0.0,-1.45,136.0,,8930,0,136.0,140.0,134.0
2021-04-20,0.0,2.22,138.0,,9247,0,135.0,138.0,130.0
2021-04-19,0.0,-2.17,135.0,,9824,0,140.0,140.0,134.0
2021-04-18,0.0,1.49,136.0,,22991,0,134.0,138.0,132.0
2021-04-15,0.0,1.52,134.0,,10539,0,132.0,135.0,130.0
2021-04-13,0.0,1.54,132.0,,8403,0,128.0,137.0,126.0
2021-04-12,0.0,-2.99,130.0,,7721,0,132.0,133.0,130.0
2021-04-08,0.0,-2.9,134.0,,14309,0,140.0,141.0,133.0
2021-04-07,0.0,7.81,138.0,,62064,0,130.0,140.0,130.0
2021-04-06,0.0,4.07,128.0,,21719,0,125.0,132.0,123.0
2021-04-05,0.0,0.0,123.0,,6471,0,123.0,127.0,123.0
2021-04-04,0.0,-1.6,123.0,,4464,0,125.0,127.0,122.0
2021-04-01,0.0,1.63,125.0,,9670,0,121.0,126.0,121.0
2021-03-31,0.0,-1.6,123.0,,10616,0,125.0,129.0,122.0
2021-03-30,0.0,0.81,125.0,,8955,0,125.0,125.0,121.0
2021-03-29,0.0,-0.8,124.0,,3687,0,123.0,128.0,121.0
2021-03-25,0.0,0.0,125.0,,10273,0,127.0,128.0,123.0
2021-03-24,0.0,-2.34,125.0,,9771,0,130.0,130.0,123.0
2021-03-23,0.0,2.4,128.0,,9593,0,124.0,134.0,123.0
2021-03-22,0.0,0.0,125.0,,7508,0,123.0,127.0,121.0
2021-03-21,0.0,-6.02,125.0,,20453,0,131.0,131.0,120.0
2021-03-18,0.0,-5.0,133.0,,21781,0,147.0,151.0,130.0
2021-03-17,0.0,9.37,140.0,,42112,0,130.0,140.0,130.0
2021-03-16,0.0,9.4,128.0,,74341,0,115.0,128.0,115.0
2021-03-15,0.0,0.86,117.0,,5890,0,114.0,118.0,114.0
2021-03-14,0.0,0.0,116.0,,4383,0,114.0,118.0,114.0
2021-03-10,0.0,-1.69,116.0,,592,0,120.0,120.0,116.0
2021-03-09,0.0,1.72,118.0,,8527,0,114.0,120.0,113.0
2021-03-08,0.0,-2.52,116.0,,2678,0,119.0,121.0,115.0
2021-03-04,0.0,1.71,119.0,,3526,0,115.0,119.0,111.0
2021-03-03,0.0,1.74,117.0,,7092,0,113.0,117.0,111.0
2021-03-02,0.0,-0.86,115.0,,6838,0,114.0,118.0,113.0
2021-03-01,0.0,0.0,116.0,,3915,0,115.0,120.0,114.0
2021-02-28,0.0,-3.31,117.0,,4377,0,120.0,120.0,115.0
2021-02-25,0.0,0.0,121.0,,7518,0,129.0,129.0,118.0
2021-02-24,0.0,0.0,123.0,,10575,0,125.0,127.0,121.0
2021-02-23,0.0,-3.91,123.0,,28621,0,134.0,136.0,120.0
2021-02-22,0.0,9.4,128.0,,39336,0,117.0,128.0,117.0
2021-02-21,0.0,0.04,117.0,,23771,0,111.0,118.0,111.0
2021-02-18,0.0,-0.01,112.0,,7448,0,111.0,115.0,111.0
2021-02-17,0.0,0.0,113.0,,11226,0,113.0,113.0,111.0
2021-02-16,0.0,-0.02,113.0,,4666,0,114.0,115.0,111.0
2021-02-15,0.0,0.0,115.0,,5621,0,114.0,116.0,113.0
2021-02-14,0.0,-0.01,115.0,,1070,0,116.0,116.0,113.0
2021-02-11,0.0,0.03,116.0,,8824,0,115.0,119.0,115.0
2021-02-10,0.0,-0.03,113.0,,6675,0,114.0,116.0,113.0
2021-02-09,0.0,0.01,115.0,,5076,0,114.0,118.0,114.0
2021-02-08,0.0,-0.02,114.0,,3945,0,117.0,117.0,114.0
2021-02-07,0.0,0.0,116.0,,8454,0,118.0,119.0,115.0
2021-02-04,0.0,0.03,116.0,,5721,0,113.0,119.0,113.0
2021-02-03,0.0,-0.01,114.0,,9191,0,114.0,117.0,113.0
2021-02-02,0.0,-0.02,115.0,,5317,0,115.0,117.0,115.0
2021-02-01,0.0,0.04,117.0,,6872,0,110.0,123.0,110.0
2021-01-31,0.0,-0.07,112.0,,6641,0,118.0,120.0,112.0
2021-01-28,0.0,0.0,120.0,,21566,0,126.0,130.0,120.0
2021-01-27,0.0,0.03,120.0,,11052,0,114.0,121.0,114.0
2021-01-26,0.0,0.02,116.0,,11157,0,112.0,123.0,111.0
2021-01-25,0.0,0.0,114.0,,9247,0,113.0,116.0,112.0
2021-01-24,0.0,0.0,114.0,,8878,0,114.0,119.0,113.0
2021-01-21,0.0,0.05,114.0,,16916,0,108.0,116.0,108.0
2021-01-20,0.0,0.0,109.0,,1418,0,107.0,109.0,107.0
2021-01-19,0.0,-0.01,109.0,,1735,0,108.0,110.0,108.0
2021-01-18,0.0,0.02,110.0,,1088,0,106.0,110.0,106.0
2021-01-17,0.0,-0.02,108.0,,2124,0,112.0,113.0,108.0
2021-01-13,0.0,0.01,110.0,,6778,0,107.0,113.0,107.0
2021-01-12,0.0,0.0,109.0,,4043,0,107.0,110.0,107.0
2021-01-11,0.0,-0.04,109.0,,1511,0,114.0,114.0,109.0
2021-01-10,0.0,0.05,113.0,,1979,0,108.0,114.0,108.0
2021-01-07,0.0,-0.04,108.0,,2713,0,110.0,113.0,108.0
2021-01-06,0.0,-0.01,112.0,,5721,0,111.0,115.0,111.0
2021-01-05,0.0,0.07,113.0,,9611,0,104.0,116.0,104.0
2021-01-04,0.0,-0.01,106.0,,3554,0,105.0,117.0,105.0
2021-01-03,0.0,0.05,107.0,,7189,0,100.0,107.0,100.0
2020-12-31,0.0,-0.02,102.0,,2275,0,105.0,105.0,102.0
2020-12-30,0.0,-0.03,104.0,,2373,0,105.0,109.0,103.0
2020-12-29,0.0,0.02,107.0,,5161,0,103.0,107.0,101.0
2020-12-28,0.0,0.02,105.0,,2094,0,101.0,110.0,100.0
2020-12-27,0.0,-0.03,103.0,,2087,0,104.0,105.0,103.0
2020-12-24,0.0,-0.02,106.0,,3381,0,106.0,108.0,104.0
2020-12-23,0.0,-0.01,108.0,,1683,0,107.0,110.0,107.0
2020-12-22,0.0,0.0,109.0,,3844,0,110.0,111.0,108.0
2020-12-21,0.0,0.04,109.0,,6195,0,103.0,109.0,101.0
2020-12-20,0.0,-0.05,105.0,,9496,0,109.0,109.0,104.0
2020-12-17,0.0,-0.06,111.0,,2409,0,116.0,116.0,111.0
2020-12-16,0.0,0.04,118.0,,2876,0,114.0,118.0,110.0
2020-12-15,0.0,0.02,114.0,,2122,0,112.0,117.0,112.0
2020-12-14,0.0,0.0,112.0,,3267,0,110.0,117.0,110.0
2020-12-13,0.0,0.0,112.0,,2408,0,114.0,114.0,111.0
2020-12-10,0.0,-0.01,112.0,,3820,0,111.0,119.0,111.0
2020-12-09,0.0,-0.02,113.0,,6784,0,113.0,117.0,111.0
2020-12-08,0.0,-0.02,115.0,,3170,0,115.0,118.0,115.0
2020-12-07,0.0,0.02,117.0,,4529,0,113.0,117.0,113.0
2020-12-06,0.0,-0.03,115.0,,11835,0,116.0,117.0,114.0
2020-12-03,0.0,-0.03,118.0,,7887,0,120.0,122.0,117.0
2020-12-02,0.0,0.0,122.0,,2155,0,120.0,124.0,120.0
2020-12-01,0.0,-0.02,122.0,,4542,0,123.0,124.0,121.0
2020-11-30,0.0,0.03,125.0,,9188,0,122.0,127.0,120.0
2020-11-29,0.0,-0.01,121.0,,4098,0,120.0,123.0,120.0
2020-11-26,0.0,-0.02,122.0,,9206,0,124.0,128.0,122.0
2020-11-25,0.0,0.0,125.0,,6033,0,124.0,127.0,124.0
2020-11-24,0.0,0.03,125.0,,16775,0,119.0,125.0,119.0
2020-11-23,0.0,0.0,121.0,,3791,0,120.0,124.0,118.0
2020-11-22,0.0,-0.02,121.0,,8867,0,125.0,126.0,119.0
2020-11-19,0.0,0.0,123.0,,4654,0,119.0,125.0,118.0
2020-11-18,0.0,0.0,121.0,,1622,0,120.0,123.0,118.0
2020-11-12,0.0,0.0,122.0,,8144,0,121.0,124.0,121.0
2020-11-11,0.0,0.0,123.0,,2979,0,122.0,126.0,122.0
2020-11-10,0.0,-0.81,123.0,,4505,0,122.0,126.0,122.0
2020-11-09,0.0,-3.12,124.0,,18763,0,130.0,136.0,124.0
2020-11-08,0.0,5.79,128.0,,14424,0,120.0,128.0,120.0
2020-11-05,0.0,0.83,121.0,,3696,0,120.0,123.0,117.0
2020-11-04,0.0,0.0,120.0,,1966,0,118.0,120.0,117.0
2020-11-03,0.0,-1.64,120.0,,1767,0,120.0,122.0,116.0
2020-11-02,0.0,0.0,122.0,,6110,0,120.0,124.0,118.0
2020-11-01,0.0,-1.61,122.0,,5664,0,122.0,124.0,118.0
2020-10-29,0.0,1.64,124.0,,7313,0,120.0,124.0,116.0
2020-10-22,0.0,0.83,122.0,,5419,0,119.0,127.0,115.0
2020-10-21,0.0,-4.72,121.0,,8953,0,129.0,131.0,121.0
2020-10-20,0.0,6.72,127.0,,12455,0,117.0,127.0,115.0
2020-10-19,0.0,1.71,119.0,,3304,0,115.0,123.0,113.0
2020-10-18,0.0,1.74,117.0,,5421,0,113.0,117.0,107.0
2020-10-15,0.0,3.6,115.0,,4814,0,113.0,120.0,109.0
2020-10-14,0.0,-3.48,111.0,,7858,0,115.0,115.0,104.0
2020-10-13,0.0,-7.26,115.0,,12498,0,122.0,122.0,112.0
2020-10-12,0.0,-1.59,124.0,,12748,0,124.0,125.0,114.0
2020-10-11,0.0,-6.67,126.0,,17296,0,133.0,133.0,123.0
2020-10-08,0.0,0.75,135.0,,30499,0,136.0,147.0,132.0
2020-10-07,0.0,9.84,134.0,,7304,0,120.0,134.0,120.0
2020-10-06,0.0,9.91,122.0,,15926,0,109.0,122.0,109.0
2020-10-05,0.0,4.72,111.0,,15558,0,104.0,116.0,100.0
2020-10-04,0.0,-9.4,106.0,,19538,0,115.0,115.0,106.0
2020-10-01,0.0,0.86,117.0,,17556,0,118.0,127.0,116.0
2020-09-30,0.0,9.43,116.0,,16755,0,106.0,116.0,106.0
2020-09-29,0.0,8.16,106.0,,27288,0,99.0,107.0,92.0
2020-09-28,0.0,-2.0,98.0,,5877,0,104.0,104.0,94.0
2020-09-27,0.0,7.53,100.0,,21256,0,94.0,102.0,94.0
2020-09-24,0.0,9.41,93.0,,13420,0,86.0,93.0,86.0
2020-09-23,0.0,6.25,85.0,,7677,0,79.0,86.0,75.0
2020-09-22,0.0,-8.05,80.0,,5134,0,88.0,88.0,79.0
2020-09-21,0.0,-1.14,87.0,,14352,0,92.0,93.0,80.0
2020-09-20,0.0,10.0,88.0,,9122,0,76.0,88.0,76.0
2020-09-17,0.0,9.59,80.0,,3458,0,76.0,80.0,76.0
2020-09-16,0.0,8.96,73.0,,6881,0,68.0,73.0,68.0
2020-09-15,0.0,9.84,67.0,,4523,0,62.0,67.0,61.0
2020-09-14,0.0,8.93,61.0,,2687,0,57.0,61.0,57.0
2020-09-13,0.0,-1.75,56.0,,2047,0,56.0,58.0,55.0
2020-09-10,0.0,0.0,57.0,,1779,0,56.0,57.0,56.0
2020-09-09,0.0,0.0,57.0,,1537,0,57.0,59.0,56.0
2020-09-08,0.0,0.0,57.0,,962,0,56.0,58.0,53.0
2020-09-07,0.0,0.0,57.0,,385,0,56.0,58.0,56.0
2020-09-06,0.0,0.0,57.0,,2971,0,56.0,57.0,55.0
2020-09-03,0.0,1.79,57.0,,9393,0,57.0,61.0,57.0
2020-09-02,0.0,9.8,56.0,,4363,0,52.0,56.0,49.0
2020-08-31,0.0,0.0,51.0,,697,0,50.0,54.0,50.0
2020-08-30,0.0,2.0,51.0,,272,0,50.0,53.0,51.0
2020-08-27,0.0,-1.96,50.0,,1709,0,50.0,54.0,50.0
2020-08-26,0.0,0.0,51.0,,716,0,50.0,52.0,50.0
2020-08-25,0.0,0.0,51.0,,514,0,50.0,51.0,50.0
2020-08-24,0.0,6.25,51.0,,338,0,48.0,51.0,48.0
2020-08-23,0.0,-2.04,48.0,,787,0,48.03,49.47,47.09
2020-08-20,0.0,0.82,49.0,,310,0,49.57,50.0,49.0
2020-08-19,0.0,-0.86,48.6,,62,0,48.6,48.61,48.6
2020-08-18,0.0,-1.96,49.02,,1176,0,49.0,50.0,49.0
2020-08-17,0.0,2.04,50.0,,570,0,48.02,51.0,48.02
2020-08-16,0.0,0.0,49.0,,726,0,49.0,49.5,48.2
2020-08-13,0.0,0.0,49.0,,265,0,49.0,49.98,49.0
2020-08-12,0.0,-2.0,49.0,,1068,0,49.0,50.0,48.02
2020-08-11,0.0,2.04,50.0,,205,0,49.0,51.0,48.02
2020-08-10,0.0,-3.92,49.0,,928,0,52.0,53.0,49.0
2020-08-09,0.0,2.0,51.0,,473,0,49.0,52.0,49.0
2020-08-06,0.0,-3.85,50.0,,630,0,51.0,51.0,50.0
2020-08-05,0.0,-1.89,52.0,,520,0,52.0,53.0,51.0
2020-08-03,0.0,3.92,53.0,,2174,0,52.0,53.0,51.0
2020-08-02,0.0,-7.27,51.0,,2706,0,56.0,56.0,51.0
2020-07-30,0.0,10.0,55.0,,2392,0,51.0,55.0,51.0
2020-07-29,0.0,8.11,50.0,,652,0,46.0,50.0,45.48
2020-07-28,0.0,0.61,46.25,,340,0,45.06,46.25,45.06
2020-07-27,0.0,-1.98,45.97,,1154,0,46.0,46.88,45.97
2020-07-26,0.0,-0.04,46.9,,258,0,46.12,47.0,46.12
2020-07-23,0.0,2.0,46.92,,370,0,45.08,46.92,45.08
2020-07-22,0.0,1.77,46.0,,358,0,45.9,46.0,45.8
2020-07-21,0.0,-6.8,45.2,,4986,0,47.53,47.53,44.0
2020-07-20,0.0,-1.02,48.5,,550,0,49.0,49.0,48.02
2020-07-16,0.0,0.0,49.0,,52,0,49.0,49.0,49.0
2020-07-15,0.0,-0.91,49.0,,452,0,50.0,51.0,49.0
2020-07-14,0.0,2.98,49.45,,110,0,48.0,49.45,48.0
2020-07-13,0.0,-2.2,48.02,,192,0,49.0,49.0,48.02
2020-07-12,0.0,0.0,49.1,,532,0,49.0,49.1,49.0
2020-07-09,0.0,0.2,49.1,,1032,0,49.0,49.1,48.02
2020-07-08,0.0,-2.0,49.0,,704,0,49.0,49.0,49.0
2020-07-07,0.0,-3.85,50.0,,314,0,51.0,51.0,50.0
2020-07-06,0.0,-3.7,52.0,,510,0,53.0,53.0,52.0
2020-05-12,0.0,0.0,54.0,,10,0,54.0,54.0,54.0
2020-03-19,0.0,3.85,54.0,,20,0,53.0,54.0,53.0
2020-03-17,0.0,0.0,52.0,,855,0,51.0,52.0,50.0
2020-03-16,0.0,0.0,52.0,,178,0,51.0,52.0,51.0
2020-03-15,0.0,0.0,52.0,,1132,0,51.0,53.0,51.0
2020-03-12,0.0,-7.14,52.0,,476,0,55.0,55.0,51.0
2020-03-11,0.0,-5.08,56.0,,76,0,58.0,58.0,56.0
2020-03-05,0.0,1.72,59.0,,230,0,57.0,59.0,57.0
2020-03-04,0.0,-3.33,58.0,,320,0,59.0,60.0,56.0
2020-03-03,0.0,-3.23,60.0,,467,0,62.0,61.0,60.0
2020-03-02,0.0,1.64,62.0,,100,0,62.0,62.0,62.0
2020-03-01,0.0,0.0,61.0,,1288,0,61.0,62.0,60.0
2020-02-27,0.0,0.0,61.0,,1484,0,60.0,62.0,60.0
2020-02-26,0.0,8.93,61.0,,700,0,55.0,61.0,55.0
2020-02-25,0.0,1.82,56.0,,542,0,54.0,56.0,52.0
2020-02-24,0.0,3.77,55.0,,320,0,53.0,55.0,52.0
2020-02-23,0.0,1.92,53.0,,132,0,51.0,53.0,50.0
2020-02-20,0.0,-1.89,52.0,,125,0,53.0,53.0,52.0
2020-02-19,0.0,0.0,53.0,,116,0,52.0,53.0,52.0
2020-02-18,0.0,-1.85,53.0,,292,0,53.0,54.0,53.0
2020-02-17,0.0,1.89,54.0,,1444,0,52.0,54.0,52.0
2020-02-16,0.0,-1.85,53.0,,120,0,54.0,54.0,53.0
2020-02-13,0.0,-1.82,54.0,,188,0,54.0,55.0,53.0
2020-02-12,0.0,0.0,55.0,,474,0,54.0,56.0,54.0
2020-02-11,0.0,0.0,55.0,,282,0,54.0,55.0,54.0
2020-02-10,0.0,-5.17,55.0,,245,0,57.0,57.0,55.0
2020-02-09,0.0,-1.69,58.0,,94,0,58.0,58.0,58.0
2020-02-06,0.0,0.0,59.0,,119,0,59.0,59.0,59.0
2020-02-05,0.0,-3.28,59.0,,440,0,60.0,61.0,58.0
2020-02-04,0.0,3.39,61.0,,2496,0,60.0,61.0,59.0
2020-02-03,0.0,-1.67,59.0,,5924,0,59.0,61.0,58.0
2020-02-02,0.0,7.14,60.0,,2041,0,56.0,60.0,56.0
2020-01-30,0.0,1.82,56.0,,270,0,54.0,57.0,54.0
2020-01-29,0.0,-1.79,55.0,,256,0,55.0,56.0,55.0
2020-01-28,0.0,3.7,56.0,,714,0,55.0,56.0,54.0
2020-01-27,0.0,3.85,54.0,,203,0,52.0,54.0,52.0
2020-01-26,0.0,1.96,52.0,,210,0,51.0,52.0,51.0
2020-01-23,0.0,-1.92,51.0,,120,0,52.0,52.0,50.0
2020-01-22,0.0,-1.89,52.0,,619,0,52.0,53.0,52.0
2020-01-21,0.0,0.0,53.0,,335,0,53.0,54.0,53.0
2020-01-20,0.0,0.0,54.0,,237,0,54.0,55.0,54.0
2020-01-19,0.0,1.89,54.0,,262,0,52.0,55.0,52.0
2020-01-16,0.0,0.0,53.0,,120,0,52.0,54.0,52.0
2020-01-14,0.0,0.0,53.0,,150,0,52.0,53.0,52.0
2020-01-13,0.0,0.0,53.0,,1148,0,54.0,55.0,53.0
2020-01-12,0.0,1.92,53.0,,52,0,52.0,53.0,52.0
2020-01-09,0.0,0.0,52.0,,240,0,52.0,53.0,52.0
2020-01-08,0.0,1.96,52.0,,362,0,50.0,52.0,50.0
2020-01-07,0.0,2.04,51.0,,150,0,50.0,51.0,50.0
2020-01-06,0.0,2.0,49.98,,126,0,49.0,50.0,49.0
2020-01-05,0.0,-2.0,49.0,,54,0,49.0,49.0,49.0
2020-01-02,0.0,2.04,50.0,,1644,0,49.0,51.0,49.1
2020-01-01,0.0,-2.0,49.0,,995,0,49.0,49.0,49.0
2019-12-31,0.0,0.0,50.0,,66,0,50.0,51.0,50.0
2019-12-30,0.0,-1.96,50.0,,20,0,51.0,51.0,50.0
2019-12-29,0.0,2.02,51.0,,62,0,50.0,51.0,50.0
2019-12-26,0.0,-0.02,49.99,,32,0,49.0,49.99,49.0
2019-12-25,0.0,0.0,50.0,,194,0,49.0,50.0,49.0
2019-12-24,0.0,-3.85,50.0,,152,0,51.0,51.0,50.0
2019-12-23,0.0,-3.7,52.0,,32,0,53.0,53.0,52.0
2019-12-22,0.0,-1.82,54.0,,1008,0,54.0,55.0,54.0
2019-12-19,0.0,0.0,55.0,,42,0,54.0,55.0,54.0
2019-12-18,0.0,1.85,55.0,,152,0,55.0,55.0,55.0
2019-12-17,0.0,-3.57,54.0,,46,0,55.0,55.0,54.0
2019-12-16,0.0,-3.45,56.0,,250,0,57.0,57.0,56.0
2019-12-12,0.0,3.64,57.0,,350,0,55.0,57.0,54.0
2019-12-11,0.0,1.85,55.0,,78,0,54.0,55.0,54.0
2019-12-10,0.0,1.89,54.0,,50,0,52.0,54.0,52.0
2019-12-09,0.0,0.0,53.0,,171,0,53.0,53.0,52.0
2019-12-08,0.0,1.92,53.0,,46,0,53.0,53.0,52.0
2019-12-05,0.0,1.96,52.0,,180,0,51.0,52.0,51.0
2019-12-04,0.0,-1.92,51.0,,36,0,51.0,51.0,51.0
2019-12-03,0.0,1.96,52.0,,178,0,52.0,53.0,52.0
2019-12-02,0.0,0.0,51.0,,174,0,52.0,54.0,51.0
2019-12-01,0.0,-1.92,51.0,,184,0,51.0,52.0,51.0
2019-11-28,0.0,-1.89,52.0,,20,0,52.0,52.0,52.0
2019-11-27,0.0,3.92,53.0,,438,0,52.0,53.0,51.0
2019-11-26,0.0,-1.92,51.0,,16,0,51.0,51.0,51.0
2019-11-25,0.0,0.0,52.0,,116,0,53.0,53.0,52.0
2019-11-24,0.0,1.96,52.0,,160,0,52.0,52.0,52.0
2019-11-21,0.0,2.0,51.0,,460,0,50.0,52.0,50.0
2019-11-20,0.0,-3.85,50.0,,46,0,51.0,51.0,50.0
2019-11-19,0.0,1.96,52.0,,46,0,51.0,52.0,51.0
2019-11-18,0.0,2.0,51.0,,72,0,50.0,51.0,50.0
2019-11-17,0.0,-5.66,50.0,,152,0,52.0,52.0,50.0
2019-11-14,0.0,0.0,53.0,,52,0,53.0,54.0,53.0
2019-11-13,0.0,0.0,53.0,,62,0,53.0,53.0,52.0
2019-11-12,0.0,-1.85,53.0,,136,0,53.0,56.0,53.0
2019-11-11,0.0,-3.57,54.0,,62,0,56.0,56.0,54.0
2019-11-10,0.0,3.7,56.0,,316,0,53.0,56.0,53.0
2019-11-07,0.0,-3.57,54.0,,177,0,55.0,55.0,54.0
2019-11-06,0.0,0.0,56.0,,158,0,56.0,56.0,56.0
2019-10-24,0.0,-5.08,56.0,,102,0,58.0,58.0,56.0
2019-10-22,0.0,0.0,59.0,,454,0,58.0,59.0,57.0
2019-10-21,0.0,-1.67,59.0,,32,0,60.0,60.0,59.0
2019-10-20,0.0,0.0,60.0,,100,0,59.0,60.0,59.0
2019-10-16,0.0,0.0,60.0,,235,0,59.0,61.0,59.0
2019-10-14,0.0,0.0,60.0,,522,0,60.0,61.0,59.0
2019-10-10,0.0,-1.64,60.0,,10,0,60.0,60.0,60.0
2019-10-03,0.0,0.0,61.0,,16,0,61.0,61.0,61.0
2019-10-02,0.0,0.0,61.0,,150,0,60.0,61.0,60.0
2019-10-01,0.0,1.67,61.0,,216,0,60.0,61.0,60.0
2019-09-30,0.0,3.45,60.0,,613,0,59.0,60.0,59.0
2019-09-29,0.0,0.0,58.0,,1160,0,60.0,61.0,58.0
2019-09-26,0.0,0.0,58.0,,2866,0,59.0,61.0,58.0
2019-09-24,0.0,8.16,53.0,,682,0,50.0,53.0,50.0
2019-09-23,0.0,0.0,49.0,,2668,0,49.0,49.0,49.0
2019-09-22,0.0,0.0,49.0,,52,0,49.0,49.0,49.0
2019-09-19,0.0,0.0,49.0,,36,0,49.0,49.0,49.0
2019-09-18,0.0,0.0,49.0,,20,0,49.0,49.0,49.0
2019-09-17,0.0,0.0,49.0,,196,0,49.0,49.0,49.0
2019-09-16,0.0,-2.0,49.0,,66,0,50.0,50.0,49.0
2019-09-15,0.0,-1.96,50.0,,76,0,50.0,50.0,50.0
2019-09-12,0.0,-1.92,51.0,,790,0,52.0,53.0,51.0
2019-09-11,0.0,-1.89,52.0,,210,0,53.0,53.0,52.0
2019-09-10,0.0,-1.85,53.0,,102,0,53.0,53.0,52.0
2019-09-09,0.0,-3.57,54.0,,176,0,55.0,55.0,54.0
2019-09-08,0.0,-1.75,56.0,,104,0,56.0,56.0,55.0
2019-09-05,0.0,1.79,57.0,,278,0,55.0,58.0,55.0
2019-09-04,0.0,0.0,56.0,,172,0,56.0,56.0,56.0
2019-09-03,0.0,-1.75,56.0,,161,0,56.0,56.0,55.0
2019-09-02,0.0,0.0,57.0,,70,0,56.0,57.0,56.0
2019-09-01,0.0,-1.72,57.0,,46,0,57.0,57.0,57.0
2019-08-29,0.0,0.0,58.0,,50,0,57.0,58.0,57.0
2019-08-28,0.0,1.75,58.0,,284,0,56.0,58.0,56.0
2019-08-27,0.0,0.0,57.0,,116,0,56.0,57.0,56.0
2019-08-26,0.0,0.0,57.0,,112,0,57.0,57.0,56.0
2019-08-25,0.0,-3.39,57.0,,86,0,58.0,58.0,57.0
2019-08-22,0.0,-1.67,59.0,,122,0,59.0,60.0,59.0
2019-08-21,0.0,-3.23,60.0,,104,0,61.0,61.0,60.0
2019-08-20,0.0,-1.59,62.0,,250,0,63.0,64.0,62.0
2019-08-15,0.0,0.0,63.0,,110,0,62.0,63.0,62.0
2019-08-14,0.0,-1.56,63.0,,74,0,63.0,63.0,63.0
2019-08-13,0.0,-3.03,64.0,,482,0,65.0,65.0,64.0
2019-08-11,0.0,-2.94,66.0,,82,0,67.0,67.0,66.0
2019-08-05,0.0,1.49,68.0,,134,0,66.0,68.0,66.0
2019-08-04,0.0,0.0,67.0,,36,0,67.0,67.0,67.0
2019-08-01,0.0,0.0,67.0,,52,0,66.0,68.0,66.0
2019-07-31,0.0,0.0,67.0,,42,0,66.0,67.0,66.0
2019-07-30,0.0,0.0,67.0,,112,0,66.0,67.0,65.0
2019-07-29,0.0,1.52,67.0,,72,0,67.0,68.0,67.0
2019-07-28,0.0,-2.94,66.0,,138,0,67.0,67.0,66.0
2019-07-25,0.0,3.03,68.0,,108,0,66.0,68.0,66.0
2019-07-24,0.0,0.0,66.0,,42,0,66.0,67.0,66.0
2019-07-23,0.0,0.0,66.0,,60,0,66.0,67.0,66.0
2019-07-22,0.0,-1.49,66.0,,74,0,66.0,66.0,66.0
2019-07-21,0.0,1.52,67.0,,72,0,65.0,67.0,65.0
2019-07-17,0.0,0.0,66.0,,16,0,66.0,66.0,66.0
2019-07-16,0.0,-1.49,66.0,,336,0,66.0,67.0,65.0
2019-07-15,0.0,-1.47,67.0,,16,0,67.0,67.0,67.0
2019-07-14,0.0,1.49,68.0,,62,0,68.0,68.0,68.0
2019-07-11,0.0,-2.9,67.0,,1156,0,68.0,68.0,67.0
2019-07-10,0.0,-1.43,69.0,,190,0,69.0,69.0,68.0
2019-07-09,0.0,0.0,70.0,,417,0,70.0,70.0,69.0
2019-07-08,0.0,-1.41,70.0,,100,0,71.0,71.0,70.0
2019-07-07,0.0,-4.05,71.0,,130,0,73.0,73.0,71.0
2019-07-04,0.0,1.37,74.0,,136,0,73.0,74.0,73.0
2019-07-03,0.0,2.82,73.0,,341,0,70.0,73.0,70.0
2019-07-02,0.0,1.43,71.0,,321,0,70.0,71.0,70.0
2019-07-01,0.0,0.0,70.0,,562,0,70.0,71.0,69.0
2019-06-30,0.0,0.0,70.0,,564,0,70.0,70.0,70.0
2019-06-27,0.0,-1.41,70.0,,101,0,70.0,71.0,70.0
2019-06-26,0.0,1.43,71.0,,124,0,71.0,71.0,71.0
2019-06-25,0.0,-2.78,70.0,,92,0,72.0,72.0,70.0
2019-06-24,0.0,-1.37,72.0,,677,0,72.0,72.0,70.0
2019-06-23,0.0,0.0,73.0,,4,0,72.0,73.0,73.0
2019-06-20,0.0,7.35,73.0,,76,0,67.0,73.0,67.0
2019-06-19,0.0,0.0,68.0,,184,0,67.0,68.0,67.0
2019-06-18,0.0,-1.45,68.0,,36,0,68.0,68.0,67.0
2019-06-17,0.0,-1.43,69.0,,62,0,69.0,69.0,68.0
2019-06-16,0.0,-4.11,70.0,,1154,0,72.0,72.0,70.0
2019-06-13,0.0,-1.35,73.0,,100,0,73.0,73.0,73.0
2019-06-12,0.0,4.23,74.0,,296,0,70.0,74.0,70.0
2019-06-11,0.0,9.23,71.0,,1096,0,65.0,71.0,65.0
2019-06-06,0.0,-4.48,64.0,,364,0,66.0,66.0,64.0
2019-06-04,0.0,-2.9,67.0,,82,0,68.0,68.0,67.0
2019-06-03,0.0,1.47,69.0,,232,0,69.0,70.0,69.0
2019-06-02,0.0,-1.45,68.0,,30,0,68.0,68.0,67.0
2019-05-30,0.0,-1.43,69.0,,56,0,69.0,69.0,69.0
2019-05-29,0.0,-1.41,70.0,,226,0,71.0,72.0,70.0
2019-05-28,0.0,-1.39,71.0,,406,0,71.0,72.0,71.0
2019-05-26,0.0,0.0,72.0,,416,0,72.0,73.0,72.0
2019-05-23,0.0,0.0,72.0,,329,0,69.0,72.0,69.0
2019-05-22,0.0,4.35,72.0,,118,0,68.0,72.0,67.0
2019-05-21,0.0,0.0,69.0,,202,0,68.0,69.0,67.0
2019-05-20,0.0,1.47,69.0,,249,0,67.0,70.0,67.0
2019-05-19,0.0,0.0,68.0,,134,0,67.0,68.0,67.0
2019-05-16,0.0,0.0,68.0,,132,0,68.0,69.0,68.0
2019-05-15,0.0,-1.45,68.0,,782,0,68.0,69.0,68.0
2019-05-14,0.0,1.47,69.0,,68,0,68.0,69.0,68.0
2019-05-13,0.0,-2.86,68.0,,2262,0,70.0,71.0,68.0
2019-05-12,0.0,0.0,70.0,,492,0,69.0,71.0,69.0
2019-05-09,0.0,0.0,70.0,,42,0,70.0,70.0,70.0
2019-05-08,0.0,0.0,70.0,,136,0,69.0,71.0,69.0
2019-05-07,0.0,-1.41,70.0,,124,0,71.0,71.0,70.0
2019-05-06,0.0,-1.39,71.0,,532,0,71.0,72.0,71.0
2019-05-05,0.0,-4.0,72.0,,320,0,74.0,74.0,72.0
2019-05-02,0.0,-1.32,75.0,,675,0,75.0,75.0,74.0
2019-04-30,0.0,2.7,76.0,,741,0,74.0,76.0,73.0
2019-04-29,0.0,-3.9,74.0,,105,0,76.0,76.0,73.0
2019-04-28,0.0,0.0,77.0,,989,0,76.0,77.0,76.0
2019-04-25,0.0,-1.28,77.0,,456,0,78.0,79.0,77.0
2019-04-24,0.0,0.0,78.0,,198,0,77.0,78.0,77.0
2019-04-23,0.0,-1.27,78.0,,110,0,78.0,79.0,78.0
2019-04-21,0.0,0.0,79.0,,118,0,78.0,79.0,77.0
2019-04-18,0.0,-1.25,79.0,,338,0,79.0,81.0,78.0
2019-04-17,0.0,3.9,80.0,,580,0,77.0,81.0,78.0
2019-04-16,0.0,2.67,77.0,,180,0,76.0,77.0,75.0
2019-04-15,0.0,-3.85,75.0,,50,0,77.0,77.0,75.0
2019-04-11,0.0,-1.27,78.0,,512,0,78.0,79.0,78.0
2019-04-10,0.0,0.0,79.0,,232,0,78.0,79.0,78.0
2019-04-09,0.0,1.28,79.0,,351,0,78.0,79.0,77.0
2019-04-08,0.0,1.3,78.0,,202,0,77.0,78.0,77.0
2019-04-07,0.0,0.0,77.0,,142,0,76.0,77.0,76.0
2019-04-04,0.0,-2.53,77.0,,84,0,78.0,78.0,77.0
2019-04-03,0.0,2.6,79.0,,2423,0,76.0,79.0,76.0
2019-04-02,0.0,-2.53,77.0,,152,0,78.0,78.0,75.0
2019-04-01,0.0,1.28,79.0,,12,0,77.0,79.0,78.0
2019-03-31,0.0,2.63,78.0,,329,0,76.0,78.0,76.0
2019-03-28,0.0,0.0,76.0,,164,0,76.0,76.0,75.0
2019-03-27,0.0,-1.3,76.0,,208,0,77.0,78.0,76.0
2019-03-26,0.0,-1.28,77.0,,88,0,77.0,77.0,76.0
2019-03-25,0.0,1.3,78.0,,106,0,77.0,78.0,77.0
2019-03-24,0.0,0.0,77.0,,134,0,77.0,77.0,77.0
2019-03-21,0.0,-1.28,77.0,,182,0,77.0,78.0,77.0
2019-03-19,0.0,0.0,78.0,,52,0,77.0,78.0,77.0
2019-03-18,0.0,-4.88,78.0,,230,0,81.0,81.0,78.0
2019-03-17,0.0,5.13,82.0,,506,0,79.0,82.0,78.0
2019-03-14,0.0,4.0,78.0,,286,0,74.0,78.0,74.0
2019-03-13,0.0,4.17,75.0,,184,0,73.0,75.0,72.0
2019-03-12,0.0,2.86,72.0,,262,0,70.0,73.0,70.0
2019-03-11,0.0,-1.41,70.0,,599,0,71.0,71.0,69.0
2019-03-10,0.0,0.0,71.0,,10,0,71.0,71.0,71.0
2019-03-09,0.0,0.0,71.0,,10,0,71.0,71.0,71.0
2019-03-07,0.0,-1.39,71.0,,282,0,72.0,73.0,71.0
2019-03-06,0.0,1.41,72.0,,334,0,72.0,72.0,70.0
2019-03-05,0.0,-1.39,71.0,,214,0,71.0,72.0,70.0
2019-03-03,0.0,-1.37,72.0,,304,0,73.0,73.0,72.0
2019-02-27,0.0,-1.35,73.0,,78,0,73.0,74.0,73.0
2019-02-26,0.0,1.37,74.0,,82,0,72.0,74.0,72.0
2019-02-25,0.0,1.39,73.0,,52,0,72.0,73.0,72.0
2019-02-24,0.0,-4.0,72.0,,338,0,74.0,75.0,72.0
2019-02-21,0.0,0.0,75.0,,308,0,74.0,75.0,74.0
2019-02-20,0.0,-2.6,75.0,,228,0,76.0,77.0,75.0
2019-02-19,0.0,-3.75,77.0,,312,0,80.0,80.0,77.0
2019-02-18,0.0,1.27,80.0,,557,0,80.0,81.0,79.0
2019-02-17,0.0,-2.47,79.0,,1036,0,81.0,81.0,78.0
2019-02-14,0.0,-1.22,81.0,,464,0,81.0,82.0,79.0
2019-02-13,0.0,-4.65,82.0,,80,0,85.0,86.0,82.0
2019-02-12,0.0,-3.37,86.0,,284,0,89.0,90.0,86.0
2019-02-11,0.0,0.0,89.0,,374,0,88.0,89.0,88.0
2019-02-07,0.0,0.0,89.0,,52,0,90.0,90.0,89.0
2019-02-06,0.0,-1.11,89.0,,222,0,89.0,90.0,88.0
2019-02-05,0.0,-1.1,90.0,,324,0,90.0,91.0,89.0
2019-02-04,0.0,-4.21,91.0,,365,0,94.0,95.0,91.0
2019-02-03,0.0,1.06,95.0,,40,0,93.0,95.0,93.0
2019-01-31,0.0,-1.05,94.0,,10,0,95.0,95.0,94.0
2019-01-30,0.0,1.06,95.0,,946,0,94.0,95.0,92.0
2019-01-28,0.0,-1.05,94.0,,142,0,95.0,95.0,94.0
2019-01-27,0.0,0.0,95.0,,86,0,95.0,96.0,95.0
2019-01-24,0.0,0.0,95.0,,128,0,95.0,95.0,93.0
2019-01-23,0.0,0.0,95.0,,646,0,95.0,97.0,94.0
2019-01-22,0.0,-2.06,95.0,,2350,0,97.0,97.0,95.0
2019-01-17,0.0,0.0,97.0,,156,0,97.0,98.0,97.0
2019-01-16,0.0,-1.02,97.0,,100,0,98.0,98.0,97.0
2019-01-15,0.0,0.0,98.0,,62,0,98.0,100.0,97.0
2019-01-14,0.0,2.08,98.0,,384,0,96.0,98.0,95.0
2019-01-13,0.0,1.05,96.0,,292,0,95.0,96.0,95.0
2019-01-10,0.0,1.06,95.0,,588,0,94.0,95.0,94.0
2019-01-09,0.0,-1.05,94.0,,10,0,95.0,95.0,94.0
2019-01-07,0.0,3.26,95.0,,130,0,92.0,95.0,92.0
2019-01-06,0.0,0.0,92.0,,282,0,92.0,92.0,91.0
2019-01-03,0.0,1.1,92.0,,68,0,91.0,93.0,91.0
2019-01-02,0.0,0.0,91.0,,82,0,91.0,91.0,90.0
2019-01-01,0.0,0.0,91.0,,174,0,91.0,92.0,91.0
2018-12-31,0.0,-1.09,91.0,,30,0,92.0,92.0,91.0
2018-12-30,0.0,3.37,92.0,,160,0,89.0,92.0,89.0
2018-12-27,0.0,-1.11,89.0,,122,0,90.0,90.0,89.0
2018-12-26,0.0,0.0,90.0,,80,0,90.0,90.0,90.0
2018-12-24,0.0,-3.23,90.0,,440,0,93.0,93.0,90.0
2018-12-23,0.0,0.0,93.0,,124,0,93.0,93.0,92.0
2018-12-20,0.0,-1.06,93.0,,58,0,94.0,94.0,93.0
2018-12-19,0.0,-2.08,94.0,,131,0,96.0,96.0,94.0
2018-12-18,0.0,-1.03,96.0,,10,0,97.0,97.0,96.0
2018-12-16,0.0,1.04,97.0,,10,0,96.0,97.0,96.0
2018-12-12,0.0,1.05,96.0,,522,0,95.0,96.0,95.0
2018-12-11,0.0,1.06,95.0,,78,0,94.0,95.0,94.0
2018-12-10,0.0,1.08,94.0,,542,0,93.0,95.0,93.0
2018-12-09,0.0,0.0,93.0,,144,0,93.0,94.0,93.0
2018-12-04,0.0,1.09,93.0,,116,0,92.0,93.0,92.0
2018-12-03,0.0,1.1,92.0,,126,0,91.0,92.0,91.0
2018-12-02,0.0,0.0,91.0,,554,0,91.0,92.0,90.0
2018-11-29,0.0,-1.09,91.0,,62,0,92.0,93.0,91.0
2018-11-28,0.0,-2.13,92.0,,1380,0,94.0,94.0,92.0
2018-11-27,0.0,-0.18,94.0,,66,0,94.17,94.17,93.0
2018-11-26,0.0,0.0,94.0,,88,0,94.0,95.0,94.0
2018-11-25,0.0,0.0,94.0,,96,0,94.0,94.0,93.0
2018-11-21,0.0,-2.08,94.0,,40,0,96.0,96.0,94.0
2018-11-20,0.0,0.0,96.0,,50,0,96.0,97.0,95.0
2018-11-19,0.0,1.05,96.0,,406,0,95.0,96.0,94.0
2018-11-18,0.0,-1.04,95.0,,180,0,96.0,96.0,95.0
2018-11-15,0.0,-1.03,96.0,,282,0,97.0,97.0,95.0
2018-11-05,0.0,2.08,98.0,,210,0,96.0,98.0,96.0
2018-11-04,0.0,-2.04,96.0,,32,0,97.0,97.0,96.0
2018-11-01,0.0,3.16,98.0,,62,0,96.0,98.0,96.0
2018-10-31,0.0,-1.04,95.0,,30,0,95.0,96.0,95.0
2018-10-30,0.0,-3.03,96.0,,1234,0,98.0,99.0,96.0
2018-10-29,0.0,2.06,99.0,,268,0,97.0,100.0,97.0
2018-10-28,0.0,-3.0,97.0,,42,0,99.0,99.0,97.0
2018-10-25,0.0,-1.96,100.0,,92,0,100.0,102.0,100.0
2018-10-24,0.0,0.99,102.0,,232,0,99.0,102.0,99.0
2018-10-23,0.0,1.0,101.0,,92,0,100.0,101.0,100.0
2018-10-22,0.0,0.0,100.0,,66,0,98.0,100.0,98.0
2018-10-21,0.0,0.0,100.0,,82,0,100.0,102.0,100.0
2018-10-15,0.0,0.0,100.0,,20,0,101.0,101.0,100.0
2018-10-14,0.0,1.01,100.0,,76,0,100.0,102.0,100.0
2018-10-11,0.0,1.02,99.0,,2146,0,97.0,100.0,97.0
2018-10-10,0.0,0.0,98.0,,1046,0,97.0,98.0,97.0
2018-10-09,0.0,-2.0,98.0,,2802,0,101.0,101.0,98.0
2018-10-08,0.0,-1.96,100.0,,938,0,100.0,102.0,100.0
2018-10-07,0.0,-1.92,102.0,,78,0,102.0,102.0,100.0
2018-10-04,0.0,2.97,104.0,,230,0,102.0,105.0,102.0
2018-10-03,0.0,0.0,101.0,,52,0,101.0,101.0,100.0
2018-10-02,0.0,-1.94,101.0,,222,0,102.0,103.0,101.0
2018-10-01,0.0,0.98,103.0,,380,0,103.0,104.0,103.0
2018-09-30,0.0,-1.92,102.0,,242,0,102.0,104.0,102.0
2018-09-27,0.0,0.97,104.0,,210,0,103.0,106.0,103.0
2018-09-26,0.0,-0.96,103.0,,650,0,102.0,104.0,102.0
2018-09-25,0.0,0.0,104.0,,232,0,102.0,105.0,102.0
2018-09-23,0.0,-1.89,104.0,,348,0,104.0,106.0,104.0
2018-09-20,0.0,1.92,106.0,,628,0,106.0,109.0,104.0
2018-09-18,0.0,0.97,104.0,,178,0,102.0,104.0,102.0
2018-09-17,0.0,-0.96,103.0,,100,0,103.0,103.0,102.0
2018-09-16,0.0,-1.89,104.0,,48,0,104.0,104.0,104.0
2018-09-13,0.0,1.92,106.0,,127,0,102.0,106.0,102.0
2018-09-12,0.0,0.97,104.0,,120,0,102.0,105.0,102.0
2018-09-11,0.0,0.98,103.0,,588,0,104.0,105.0,102.0
2018-09-10,0.0,-2.86,102.0,,365,0,107.0,107.0,102.0
2018-09-09,0.0,-0.94,105.0,,300,0,107.0,107.0,104.0
2018-09-06,0.0,-1.85,106.0,,42,0,106.0,106.0,106.0
2018-09-05,0.0,-0.92,108.0,,225,0,107.0,109.0,107.0
2018-09-04,0.0,-0.91,109.0,,176,0,108.0,109.0,108.0
2018-09-03,0.0,5.77,110.0,,260,0,105.0,110.0,105.0
2018-09-02,0.0,-0.95,104.0,,113,0,103.0,104.0,103.0
2018-08-30,0.0,-0.94,105.0,,106,0,104.0,105.0,102.0
2018-08-29,0.0,2.91,106.0,,140,0,101.0,106.0,101.0
2018-08-28,0.0,0.98,103.0,,16,0,103.0,103.0,103.0
2018-08-26,0.0,-0.97,102.0,,464,0,102.0,104.0,101.0
2018-08-23,0.0,0.0,103.0,,94,0,103.0,105.0,103.0
2018-08-22,0.0,-0.96,103.0,,140,0,105.0,105.0,103.0
2018-08-21,0.0,0.0,104.0,,496,0,104.0,105.0,100.0
2018-08-20,0.0,-6.31,104.0,,152,0,109.0,110.0,104.0
2018-08-19,0.0,5.71,111.0,,56,0,107.0,111.0,107.0
2018-08-16,0.0,-0.94,105.0,,157,0,104.0,107.0,104.0
2018-08-15,0.0,-1.85,106.0,,52,0,107.0,107.0,106.0
2018-08-14,0.0,1.89,108.0,,186,0,104.0,108.0,104.0
2018-08-13,0.0,1.92,106.0,,72,0,104.0,106.0,104.0
2018-08-12,0.0,-1.89,104.0,,98,0,104.0,104.0,104.0
2018-08-09,0.0,-6.19,106.0,,398,0,113.0,111.0,106.0
2018-08-08,0.0,0.0,113.0,,10,0,113.0,113.0,113.0
2018-08-07,0.0,1.8,113.0,,623,0,113.0,115.0,111.0
2018-08-06,0.0,0.0,110.0,,242,0,111.0,112.0,107.0
2018-08-05,0.0,2.78,111.0,,283,0,109.0,111.0,108.0
2018-08-02,0.0,2.86,108.0,,112,0,105.0,108.0,105.0
2018-08-01,0.0,-0.94,105.0,,166,0,108.0,108.0,105.0
2018-07-31,0.0,0.0,106.0,,175,0,104.0,107.0,104.0
2018-07-30,0.0,0.0,106.0,,100,0,107.0,107.0,106.0
2018-07-29,0.0,-0.93,106.0,,72,0,106.0,107.0,106.0
2018-07-26,0.0,-0.93,107.0,,80,0,106.0,109.0,106.0
2018-07-25,0.0,-2.7,108.0,,153,0,110.0,110.0,106.0
2018-07-24,0.0,1.83,111.0,,36,0,109.0,111.0,109.0
2018-07-23,0.0,0.0,109.0,,124,0,107.0,109.0,105.0
2018-07-22,0.0,0.93,109.0,,216,0,108.0,109.0,107.0
2018-07-19,0.0,0.0,108.0,,408,0,109.0,110.0,108.0
2018-07-18,0.0,-0.92,108.0,,52,0,107.0,109.0,107.0
2018-07-17,0.0,1.87,109.0,,79,0,107.0,109.0,107.0
2018-07-16,0.0,0.94,107.0,,30,0,106.0,108.0,106.0
2018-07-15,0.0,-0.93,106.0,,132,0,105.0,107.0,105.0
2018-07-12,0.0,-1.83,107.0,,536,0,110.0,110.0,107.0
2018-07-11,0.0,0.93,109.0,,309,0,110.0,110.0,107.0
2018-07-10,0.0,0.0,108.0,,121,0,108.0,108.0,106.0
2018-07-09,0.0,-3.57,108.0,,118,0,112.0,112.0,106.0
2018-07-08,0.0,-0.88,112.0,,140,0,114.0,114.0,110.0
2018-07-05,0.0,-0.88,113.0,,116,0,114.0,115.0,112.0
2018-07-04,0.0,2.7,112.0,,90,0,112.0,114.0,112.0
2018-07-03,0.0,-0.89,111.0,,174,0,111.0,111.0,110.0
2018-07-02,0.0,2.86,108.0,,112,0,105.0,108.0,105.0
2018-07-01,0.0,-0.94,105.0,,166,0,108.0,108.0,105.0
2018-06-28,0.0,-1.69,116.0,,273,0,116.0,117.0,116.0
2018-06-26,0.0,1.72,118.0,,100,0,116.0,118.0,115.0
2018-06-25,0.0,5.45,116.0,,546,0,110.0,116.0,110.0
2018-06-24,0.0,-2.65,110.0,,208,0,111.0,115.0,110.0
2018-06-21,0.0,-2.59,113.0,,36,0,114.0,114.0,112.0
2018-06-19,0.0,5.45,116.0,,278,0,112.0,116.0,112.0
2018-06-18,0.0,-3.51,110.0,,210,0,112.0,112.0,110.0
2018-06-17,0.0,-2.56,114.0,,204,0,115.0,115.0,112.0
2018-06-14,0.0,3.54,117.0,,62,0,113.0,117.0,113.0
2018-06-13,0.0,0.89,113.0,,110,0,112.0,115.0,112.0
2018-06-12,0.0,-1.75,112.0,,642,0,112.0,114.0,112.0
2018-06-11,0.0,1.79,114.0,,584,0,112.0,114.0,112.0
2018-06-10,0.0,-6.67,112.0,,418,0,118.0,118.0,110.0
2018-06-07,0.0,-4.0,120.0,,542,0,126.0,126.0,120.0
2018-06-06,0.0,5.04,125.0,,206,0,121.0,127.0,121.0
2018-06-04,0.0,7.21,118.0,,864,0,113.0,119.0,113.0
2018-06-03,0.0,0.0,111.0,,1354,0,110.0,111.0,107.0
2018-05-31,0.0,-2.63,111.0,,688,0,114.0,117.0,111.0
2018-05-30,0.0,1.79,114.0,,36,0,112.0,114.0,112.0
2018-05-29,0.0,-0.88,112.0,,650,0,113.0,114.0,111.0
2018-05-28,0.0,0.89,113.0,,584,0,112.0,113.0,110.0
2018-05-27,0.0,-2.61,112.0,,236,0,113.0,113.0,111.0
2018-05-24,0.0,-1.71,115.0,,324,0,117.0,117.0,115.0
2018-05-23,0.0,-2.5,117.0,,1996,0,120.0,120.0,116.0
2018-05-22,0.0,-3.23,120.0,,468,0,122.0,122.0,119.0
2018-05-21,0.0,-0.8,124.0,,750,0,127.0,127.0,124.0
2018-05-20,0.0,-1.57,125.0,,64,0,126.0,126.0,125.0
2018-05-17,0.0,2.42,127.0,,198,0,124.0,127.0,124.0
2018-05-16,0.0,-1.59,124.0,,48,0,124.0,124.0,124.0
2018-05-14,0.0,-1.56,126.0,,554,0,126.0,127.0,124.0
2018-05-10,0.0,0.79,128.0,,256,0,127.0,129.0,123.0
2018-05-09,0.0,0.0,127.0,,324,0,127.0,127.0,125.0
2018-05-08,0.0,0.0,127.0,,261,0,128.0,129.0,126.0
2018-05-07,0.0,-1.55,127.0,,310,0,131.0,131.0,127.0
2018-05-06,0.0,-1.53,129.0,,494,0,129.0,129.0,128.0
2018-05-03,0.0,0.77,131.0,,250,0,130.0,133.0,130.0
2018-05-02,0.0,-2.26,130.0,,212,0,133.0,132.0,130.0
2018-04-29,0.0,1.53,133.0,,162,0,129.0,133.0,129.0
2018-04-26,0.0,-2.96,131.0,,244,0,133.0,135.0,131.0
2018-04-25,0.0,0.0,135.0,,192,0,133.0,137.0,133.0
2018-04-24,0.0,-3.57,135.0,,90,0,138.0,138.0,135.0
2018-04-23,0.0,-1.41,140.0,,830,0,142.0,144.0,140.0
2018-04-22,0.0,0.71,142.0,,442,0,141.0,142.0,140.0
2018-04-19,0.0,8.46,141.0,,1022,0,132.0,143.0,130.0
2018-04-18,0.0,3.17,130.0,,180,0,128.0,130.0,128.0
2018-04-17,0.0,-0.79,126.0,,36,0,127.0,127.0,126.0
2018-04-16,0.0,-0.78,127.0,,124,0,126.0,127.0,126.0
2018-04-15,0.0,0.0,128.0,,58,0,128.0,128.0,126.0
2018-04-12,0.0,-0.78,128.0,,124,0,129.0,129.0,125.0
2018-04-11,0.0,-1.53,129.0,,178,0,129.0,131.0,128.0
2018-04-10,0.0,-2.96,131.0,,510,0,133.0,133.0,131.0
2018-04-09,0.0,0.75,135.0,,129,0,133.0,136.0,132.0
2018-04-05,0.0,4.69,134.0,,118,0,130.0,134.0,130.0
2018-04-04,0.0,-1.54,128.0,,10,0,128.0,128.0,128.0
2018-04-03,0.0,0.0,130.0,,107,0,130.0,130.0,128.0
2018-04-02,0.0,2.36,129.0,,418,0,129.0,131.0,127.0
2018-04-01,0.0,1.6,127.0,,461,0,126.0,130.0,124.0
2018-03-29,0.0,1.63,125.0,,16,0,125.0,125.0,125.0
2018-03-28,0.0,0.0,123.0,,46,0,123.0,125.0,123.0
2018-03-27,0.0,-1.6,123.0,,184,0,123.0,125.0,121.0
2018-03-26,0.0,-4.58,125.0,,662,0,129.0,129.0,124.0
2018-03-22,0.0,0.0,131.0,,82,0,130.0,131.0,130.0
2018-03-21,0.0,-1.5,131.0,,91,0,131.0,133.0,131.0
2018-03-20,0.0,-0.75,133.0,,252,0,135.0,135.0,131.0
2018-03-19,0.0,-0.74,134.0,,110,0,133.0,134.0,133.0
2018-03-18,0.0,0.0,135.0,,94,0,135.0,135.0,133.0
2018-03-15,0.0,-1.46,135.0,,32,0,135.0,135.0,135.0
2018-03-14,0.0,0.0,137.0,,20,0,137.0,137.0,137.0
2018-03-13,0.0,1.48,137.0,,78,0,135.0,137.0,135.0
2018-03-12,0.0,-0.74,135.0,,218,0,136.0,136.0,134.0
2018-03-11,0.0,2.26,136.0,,276,0,133.0,136.0,131.0
2018-03-07,0.0,4.72,133.0,,164,0,127.0,134.0,127.0
2018-03-06,0.0,0.0,127.0,,164,0,126.0,128.0,126.0
2018-03-04,0.0,-1.53,129.0,,52,0,130.0,130.0,129.0
2018-02-28,0.0,-1.5,131.0,,172,0,133.0,133.0,131.0
2018-02-27,0.0,0.76,133.0,,208,0,132.0,133.0,132.0
2018-02-26,0.0,-0.75,132.0,,94,0,131.0,133.0,131.0
2018-02-25,0.0,-1.47,134.0,,368,0,134.0,136.0,133.0
2018-02-22,0.0,-1.45,136.0,,379,0,137.0,139.0,136.0
2018-02-21,0.0,-1.43,138.0,,344,0,139.0,140.0,138.0
2018-02-20,0.0,-0.71,140.0,,104,0,141.0,141.0,140.0
2018-02-18,0.0,-1.4,141.0,,220,0,143.0,143.0,139.0
2018-02-15,0.0,0.0,143.0,,138,0,142.0,143.0,142.0
2018-02-14,0.0,-0.69,143.0,,138,0,146.0,146.0,143.0
2018-02-12,0.0,-2.7,144.0,,186,0,146.0,146.0,144.0
2018-02-11,0.0,2.07,148.0,,144,0,143.0,148.0,143.0
2018-02-08,0.0,0.69,145.0,,937,0,144.0,147.0,144.0
2018-02-07,0.0,2.13,144.0,,80,0,142.0,144.0,142.0
2018-02-06,0.0,-2.76,141.0,,618,0,143.0,145.0,141.0
2018-02-05,0.0,-0.68,145.0,,36,0,144.0,145.0,144.0
2018-02-04,0.0,-1.35,145.0,,161,0,146.0,146.0,144.0
2018-02-01,0.0,1.37,148.0,,936,0,146.0,150.0,145.0
2018-01-31,0.0,2.1,146.0,,244,0,142.0,146.0,142.0
2018-01-29,0.0,-3.38,143.0,,474,0,146.0,146.0,141.0
2018-01-28,0.0,0.68,148.0,,647,0,148.0,149.0,147.0
2018-01-25,0.0,0.0,147.0,,188,0,147.0,147.0,143.0
2018-01-24,0.0,2.08,147.0,,2252,0,142.0,150.0,142.0
2018-01-23,0.0,-0.69,144.0,,162,0,143.0,144.0,143.0
2018-01-22,0.0,0.69,145.0,,528,0,143.0,145.0,143.0
2018-01-21,0.0,-0.69,144.0,,364,0,143.0,146.0,143.0
2018-01-17,0.0,-0.68,145.0,,70,0,144.0,145.0,141.0
2018-01-16,0.0,-1.35,146.0,,522,0,146.0,148.0,146.0
2018-01-14,0.0,-2.63,148.0,,100,0,149.0,149.0,145.0
2018-01-10,0.0,0.0,152.0,,414,0,149.0,153.0,149.0
2018-01-09,0.0,0.66,152.0,,296,0,151.0,153.0,148.0
2018-01-08,0.0,-1.31,151.0,,578,0,154.0,154.0,151.0
2018-01-07,0.0,0.0,153.0,,114,0,150.0,153.0,150.0
2018-01-04,0.0,2.0,153.0,,430,0,147.0,153.0,146.0
2018-01-03,0.0,-5.66,150.0,,334,0,159.0,159.0,147.0
2018-01-02,0.0,3.92,157.0,,528,0,156.0,159.0,153.0
2018-01-01,0.0,4.79,153.0,,118,0,144.0,153.0,144.0
2017-12-31,0.0,1.39,146.0,,442,0,145.0,150.0,145.0
2017-12-28,0.0,-0.69,144.0,,372,0,147.0,147.0,143.0
2017-12-27,0.0,-1.36,145.0,,142,0,145.0,146.0,143.0
2017-12-26,0.0,-3.29,147.0,,774,0,152.0,152.0,147.0
2017-12-24,0.0,-0.65,152.0,,236,0,152.0,155.0,151.0
2017-12-21,0.0,0.0,153.0,,406,0,150.0,156.0,150.0
2017-12-20,0.0,2.0,153.0,,190,0,152.0,154.0,150.0
2017-12-19,0.0,-3.23,150.0,,772,0,155.0,155.0,150.0
2017-12-18,0.0,-1.27,156.0,,332,0,157.0,159.0,154.0
2017-12-17,0.0,0.64,157.0,,170,0,154.0,160.0,153.0
2017-12-14,0.0,-0.64,156.0,,178,0,156.0,159.0,154.0
2017-12-13,0.0,-3.68,157.0,,44,0,160.0,160.0,157.0
2017-12-12,0.0,5.16,163.0,,608,0,152.0,163.0,152.0
2017-12-11,0.0,-1.27,155.0,,232,0,154.0,155.0,153.0
2017-12-10,0.0,-3.68,157.0,,3781,0,160.0,161.0,157.0
2017-12-06,0.0,3.82,162.0,,318,0,154.0,163.0,154.0
2017-12-05,0.0,0.0,157.0,,192,0,155.0,158.0,155.0
2017-12-04,0.0,-1.87,157.0,,278,0,160.0,160.0,155.0
2017-11-30,0.0,0.0,160.0,,260,0,162.0,162.0,159.0
2017-11-29,0.0,1.91,160.0,,284,0,155.0,161.0,155.0
2017-11-28,0.0,2.61,157.0,,1130,0,154.0,160.0,153.0
2017-11-27,0.0,1.32,153.0,,154,0,154.0,155.0,149.0
2017-11-26,0.0,0.67,151.0,,388,0,150.0,153.0,147.0
2017-11-23,0.0,0.0,150.0,,348,0,150.0,153.0,149.0
2017-11-22,0.0,-0.66,150.0,,718,0,151.0,154.0,150.0
2017-11-21,0.0,-2.58,151.0,,742,0,152.0,152.0,148.0
2017-11-20,0.0,-3.12,155.0,,124,0,157.0,157.0,154.0
2017-11-16,0.0,0.0,160.0,,222,0,158.0,161.0,158.0
2017-11-15,0.0,-3.61,160.0,,540,0,164.0,165.0,160.0
2017-11-14,0.0,0.61,166.0,,220,0,165.0,166.0,165.0
2017-11-13,0.0,5.77,165.0,,278,0,154.0,165.0,154.0
2017-11-12,0.0,-1.27,156.0,,48,0,158.0,156.0,156.0
2017-11-09,0.0,-1.25,158.0,,326,0,158.0,158.0,153.0
2017-11-08,0.0,0.0,160.0,,188,0,158.0,160.0,158.0
2017-11-07,0.0,-1.84,160.0,,354,0,166.0,166.0,160.0
2017-11-06,0.0,3.82,163.0,,338,0,157.0,163.0,160.0
2017-11-05,0.0,-1.87,157.0,,288,0,157.0,165.0,157.0
2017-11-02,0.0,-3.03,160.0,,338,0,166.0,162.0,155.0
2017-11-01,0.0,2.48,165.0,,206,0,161.0,165.0,158.0
2017-10-31,0.0,-3.59,161.0,,154,0,164.0,168.0,161.0
2017-10-30,0.0,0.0,167.0,,70,0,167.0,167.0,167.0
2017-10-29,0.0,-2.91,167.0,,184,0,170.0,170.0,167.0
2017-10-25,0.0,0.0,172.0,,90,0,172.0,172.0,170.0
2017-10-24,0.0,5.52,172.0,,1409,0,163.0,172.0,165.0
2017-10-23,0.0,1.88,163.0,,432,0,160.0,163.0,160.0
2017-10-22,0.0,0.63,160.0,,174,0,160.0,163.0,160.0
2017-10-18,0.0,0.63,159.0,,142,0,156.0,159.0,156.0
2017-10-17,0.0,0.0,158.0,,104,0,156.0,158.0,156.0
2017-10-16,0.0,1.28,158.0,,138,0,156.0,161.0,156.0
2017-10-15,0.0,0.0,156.0,,74,0,158.0,158.0,155.0
2017-10-12,0.0,0.0,156.0,,222,0,153.0,156.0,151.0
2017-10-11,0.0,-5.45,156.0,,164,0,165.0,165.0,156.0
2017-10-10,0.0,0.0,165.0,,226,0,162.0,165.0,160.0
2017-10-09,0.0,0.61,165.0,,162,0,164.0,165.0,164.0
2017-10-08,0.0,-2.38,164.0,,206,0,166.0,166.0,163.0
2017-10-04,0.0,1.82,168.0,,62,0,162.0,168.0,162.0
2017-10-03,0.0,0.61,165.0,,36,0,166.0,166.0,165.0
2017-09-26,0.0,1.23,164.0,,364,0,164.0,165.0,161.0
2017-09-25,0.0,1.89,162.0,,444,0,156.0,167.0,156.0
2017-09-24,0.0,5.3,159.0,,1493,0,153.0,161.0,150.0
2017-09-20,0.0,0.0,151.0,,158,0,150.0,152.0,150.0
2017-09-18,0.0,0.0,151.0,,606,0,150.0,153.0,149.0
2017-09-17,0.0,-1.95,151.0,,362,0,151.0,154.0,151.0
2017-09-14,0.0,-2.53,154.0,,640,0,157.0,159.0,154.0
2017-09-13,0.0,1.93,158.0,,466,0,153.0,160.0,153.0
2017-09-12,0.0,-1.27,155.0,,508,0,158.0,160.0,152.0
2017-09-11,0.0,-1.87,157.0,,312,0,157.0,159.0,157.0
2017-09-10,0.0,-0.62,158.0,,924,0,158.0,160.0,157.0
2017-09-07,0.0,-3.59,161.0,,722,0,165.0,165.0,159.0
2017-09-06,0.0,1.21,167.0,,3710,0,164.0,167.0,159.0
2017-09-04,0.0,-6.25,165.0,,2628,0,173.0,175.0,160.0
2017-08-31,0.0,-3.3,176.0,,651,0,182.0,181.0,173.0
2017-08-30,0.0,0.55,182.0,,222,0,178.0,183.0,176.0
2017-08-28,0.0,0.0,181.0,,506,0,178.0,182.0,178.0
2017-08-27,0.0,-2.16,181.0,,364,0,185.0,182.0,179.0
2017-08-24,0.0,3.35,185.0,,523,0,179.0,186.0,177.0
2017-08-23,0.0,-0.56,179.0,,484,0,177.0,179.0,173.0
2017-08-22,0.0,0.0,180.0,,2129,0,177.0,182.0,177.0
2017-08-21,0.0,-1.64,180.0,,250,0,180.0,183.0,180.0
2017-08-20,0.0,-1.61,183.0,,588,0,183.0,185.0,181.0
2017-08-17,0.0,-3.12,186.0,,2774,0,191.0,192.0,186.0
2017-08-16,0.0,1.05,192.0,,610,0,188.0,195.0,188.0
2017-08-15,0.0,-2.56,189.0,,437,0,194.0,194.0,188.0
2017-08-13,0.0,-1.02,195.0,,880,0,194.0,195.0,186.0
2017-08-10,0.0,-1.5,197.0,,497,0,196.0,198.0,193.0
2017-08-09,0.0,2.56,200.0,,3283,0,194.0,200.0,187.0
2017-08-07,0.0,-1.52,195.0,,2294,0,199.0,199.0,194.0
2017-08-06,0.0,-2.94,198.0,,592,0,200.0,205.0,196.0
2017-08-03,0.0,0.0,204.0,,574,0,204.0,208.0,200.0
2017-08-02,0.0,-0.49,204.0,,938,0,201.0,204.0,200.0
2017-08-01,0.0,-1.91,205.0,,380,0,210.0,212.0,201.0
2017-07-31,0.0,3.98,209.0,,653,0,197.0,209.0,197.0
2017-07-30,0.0,-0.49,201.0,,870,0,202.0,205.0,195.0
2017-07-27,0.0,0.0,202.0,,403,0,202.0,206.0,200.0
2017-07-26,0.0,-1.94,202.0,,526,0,203.0,209.0,200.0
2017-07-25,0.0,0.0,206.0,,680,0,203.0,206.0,203.0
2017-07-24,0.0,1.48,206.0,,708,0,200.0,206.0,200.0
2017-07-23,0.0,0.99,203.0,,434,0,200.0,205.0,200.0
2017-07-20,0.0,-2.43,201.0,,1492,0,205.0,208.0,200.0
2017-07-19,0.0,-1.9,206.0,,624,0,208.0,212.0,202.0
2017-07-18,0.0,0.0,210.0,,374,0,206.0,210.0,202.0
2017-07-17,0.0,1.94,210.0,,682,0,205.0,210.0,198.0
2017-07-16,0.0,-0.96,206.0,,394,0,205.0,206.0,201.0
2017-07-13,0.0,0.0,208.0,,580,0,204.0,214.0,200.0
2017-07-12,0.0,0.0,208.0,,1446,0,207.0,208.0,203.0
2017-07-11,0.0,-1.42,208.0,,174,0,209.0,210.0,208.0
2017-07-10,0.0,2.93,211.0,,168,0,208.0,211.0,206.0
2017-07-09,0.0,0.0,205.0,,214,0,205.0,207.0,202.0
2017-07-06,0.0,0.0,205.0,,66,0,203.0,206.0,203.0
2017-07-05,0.0,-0.49,205.0,,324,0,202.0,205.0,200.0
2017-07-04,0.0,0.49,206.0,,503,0,205.0,208.0,205.0
2017-07-03,0.0,0.49,205.0,,254,0,205.0,208.0,205.0
2017-07-02,0.0,-1.45,204.0,,554,0,207.0,209.0,202.0
2017-06-28,0.0,-0.48,207.0,,401,0,208.0,217.0,205.0
2017-06-27,0.0,-0.48,208.0,,496,0,213.0,220.0,207.0
2017-06-25,0.0,0.48,209.0,,152,0,210.0,210.0,209.0
2017-06-22,0.0,-1.42,208.0,,509,0,212.0,212.0,205.0
2017-06-21,0.0,-0.47,211.0,,502,0,210.0,213.0,206.0
2017-06-20,0.0,0.47,212.0,,90,0,211.0,212.0,209.0
2017-06-19,0.0,0.48,211.0,,462,0,207.0,214.0,207.0
2017-06-18,0.0,-3.67,210.0,,524,0,218.0,220.0,210.0
2017-06-15,0.0,0.93,218.0,,836,0,216.0,218.0,213.0
2017-06-14,0.0,-0.92,216.0,,720,0,214.0,222.0,214.0
2017-06-13,0.0,-0.91,218.0,,1235,0,220.0,225.0,212.0
2017-06-12,0.0,-1.35,220.0,,431,0,226.0,226.0,219.0
2017-06-11,0.0,0.0,223.0,,944,0,219.0,224.0,214.0
2017-06-08,0.0,-1.33,223.0,,664,0,222.0,227.0,220.0
2017-06-07,0.0,-1.74,226.0,,648,0,226.0,226.0,218.0
2017-06-06,0.0,2.22,230.0,,780,0,221.0,232.0,221.0
2017-06-05,0.0,1.81,225.0,,526,0,221.0,225.0,218.0
2017-06-04,0.0,-1.78,221.0,,452,0,227.0,227.0,218.0
2017-06-01,0.0,1.35,225.0,,412,0,222.0,226.0,222.0
2017-05-31,0.0,0.91,222.0,,750,0,220.0,226.0,216.0
2017-05-30,0.0,-3.08,220.0,,746,0,230.0,230.0,220.0
2017-05-28,0.0,-1.3,227.0,,697,0,226.0,229.0,220.0
2017-05-24,0.0,-0.43,230.0,,506,0,231.0,232.0,227.0
2017-05-23,0.0,1.32,231.0,,196,0,228.0,233.0,225.0
2017-05-22,0.0,-2.15,228.0,,314,0,233.0,233.0,221.0
2017-05-21,0.0,-0.85,233.0,,505,0,235.0,237.0,232.0
2017-05-18,0.0,-1.26,235.0,,748,0,238.0,244.0,235.0
2017-05-17,0.0,-1.65,238.0,,837,0,242.0,243.0,238.0
2017-05-16,0.0,-3.2,242.0,,1630,0,245.0,247.0,242.0
2017-05-15,0.0,2.04,250.0,,2565,0,249.0,255.0,248.0
2017-05-11,0.0,7.46,245.0,,2867,0,230.0,250.0,230.0
2017-05-09,0.0,5.56,228.0,,1915,0,216.0,228.0,215.0
2017-05-08,0.0,-2.26,216.0,,2604,0,217.0,222.0,216.0
2017-05-07,0.0,-0.9,221.0,,376,0,225.0,225.0,220.0
2017-05-04,0.0,0.0,223.0,,497,0,220.0,225.0,220.0
2017-05-03,0.0,0.45,223.0,,352,0,226.0,226.0,223.0
2017-05-02,0.0,2.3,222.0,,1253,0,217.0,226.0,217.0
2017-04-30,0.0,-5.24,217.0,,614,0,229.0,233.0,213.0
2017-04-27,0.0,1.78,229.0,,872,0,225.0,229.0,215.0
2017-04-26,0.0,-0.44,225.0,,660,0,227.0,228.0,225.0
2017-04-25,0.0,2.26,226.0,,762,0,223.0,229.0,222.0
2017-04-24,0.0,-0.9,221.0,,3764,0,223.0,224.0,220.0
2017-04-23,0.0,-2.17,225.0,,372,0,226.0,226.0,219.0
2017-04-20,0.0,0.0,230.0,,1598,0,233.0,235.0,226.0
2017-04-19,0.0,-0.43,230.0,,278,0,231.0,230.0,224.0
2017-04-18,0.0,0.0,231.0,,240,0,227.0,231.0,223.0
2017-04-16,0.0,-2.12,231.0,,576,0,232.0,236.0,230.0
2017-04-13,0.0,-1.67,236.0,,846,0,236.0,240.0,232.0
2017-04-12,0.0,4.8,240.0,,574,0,229.0,240.0,225.0
2017-04-11,0.0,-3.78,229.0,,226,0,235.0,235.0,228.0
2017-04-10,0.0,4.39,238.0,,778,0,230.0,238.0,224.0
2017-04-09,0.0,-0.87,228.0,,736,0,234.0,234.0,226.0
2017-04-06,0.0,1.32,230.0,,530,0,227.0,231.0,223.0
2017-04-04,0.0,-4.62,227.0,,918,0,234.0,239.0,225.0
2017-04-03,0.0,3.48,238.0,,466,0,234.0,239.0,231.0
2017-04-02,0.0,0.0,230.0,,50,0,230.0,230.0,226.0
2017-03-30,0.0,-4.17,230.0,,1206,0,240.0,240.0,227.0
2017-03-29,0.0,-4.0,240.0,,1194,0,250.0,260.0,240.0
2017-03-28,0.0,2.04,250.0,,624,0,245.0,250.0,241.0
2017-03-26,0.0,4.7,245.0,,2468,0,235.0,245.0,235.0
2017-03-23,0.0,-0.85,234.0,,696,0,232.0,235.0,228.0
2017-03-22,0.0,2.61,236.0,,1362,0,226.0,238.0,226.0
2017-03-21,0.0,-1.29,230.0,,540,0,237.0,237.0,221.0
2017-03-20,0.0,-0.85,233.0,,182,0,236.0,236.0,232.0
2017-03-19,0.0,-3.29,235.0,,878,0,243.0,241.0,235.0
2017-03-16,0.0,2.1,242.0,,838,0,240.0,246.0,234.0
2017-03-15,0.0,4.85,238.0,,1103,0,224.0,238.0,221.0
2017-03-14,0.0,2.71,227.0,,2036,0,225.0,227.0,220.0
2017-03-13,0.0,2.79,220.0,,898,0,211.0,221.0,211.0
2017-03-09,0.0,0.0,215.0,,886,0,214.0,216.0,211.0
2017-03-07,0.0,0.47,215.0,,448,0,211.0,215.0,211.0
2017-03-06,0.0,-0.93,214.0,,430,0,216.0,216.0,213.0
2017-03-05,0.0,1.89,216.0,,456,0,212.0,216.0,208.0
2017-03-02,0.0,0.95,212.0,,1527,0,213.0,218.0,209.0
2017-03-01,0.0,-0.94,210.0,,236,0,208.0,210.0,200.0
2017-02-28,0.0,0.0,212.0,,835,0,212.0,218.0,206.0
2017-02-26,0.0,-1.4,212.0,,694,0,217.0,217.0,211.0
2017-02-23,0.0,2.87,215.0,,526,0,209.0,215.0,209.0
2017-02-22,0.0,0.48,209.0,,552,0,210.0,210.0,208.0
2017-02-21,0.0,0.48,208.0,,948,0,207.0,214.0,207.0
2017-02-20,0.0,-1.43,207.0,,1308,0,210.0,218.0,203.0
2017-02-19,0.0,0.48,210.0,,684,0,206.0,222.0,204.0
2017-02-16,0.0,2.96,209.0,,2553,0,201.0,223.0,200.0
2017-02-15,0.0,1.5,203.0,,1630,0,200.0,205.0,200.0
2017-02-14,0.0,-1.48,200.0,,1334,0,203.0,206.0,200.0
2017-02-13,0.0,0.49,203.0,,1420,0,202.0,206.0,199.0
2017-02-12,0.0,-2.88,202.0,,580,0,212.0,212.0,202.0
2017-02-09,0.0,-0.95,208.0,,1154,0,206.0,211.0,202.0
2017-02-08,0.0,0.48,210.0,,1766,0,208.0,211.0,206.0
2017-02-07,0.0,-1.88,209.0,,1627,0,210.0,210.0,202.0
2017-02-06,0.0,-0.47,213.0,,890,0,215.0,216.0,208.0
2017-02-05,0.0,-2.73,214.0,,1358,0,220.0,220.0,213.0
2017-02-02,0.0,-1.35,220.0,,3092,0,219.0,225.0,215.0
2017-02-01,0.0,4.21,223.0,,1996,0,212.0,227.0,210.0
2017-01-31,0.0,2.88,214.0,,356,0,204.0,218.0,204.0
2017-01-30,0.0,-5.45,208.0,,560,0,216.0,216.0,208.0
2017-01-26,0.0,2.8,220.0,,2348,0,214.0,222.0,202.0
2017-01-25,0.0,-6.14,214.0,,3756,0,228.0,228.0,210.0
2017-01-24,0.0,-9.52,228.0,,1722,0,250.0,250.0,227.0
2017-01-23,0.0,-8.7,252.0,,720,0,276.0,276.0,250.0
2017-01-22,0.0,-4.5,276.0,,458,0,290.0,290.0,271.0
2017-01-19,0.0,-1.03,289.0,,700,0,290.0,290.0,275.0
2017-01-18,0.0,-9.88,292.0,,507,0,330.0,330.0,292.0
2017-01-17,0.0,1.89,324.0,,472,0,320.0,334.0,320.0
2017-01-16,0.0,-9.91,318.0,,474,0,346.0,346.0,318.0
2017-01-15,0.0,0.0,353.0,,1072,0,360.0,373.0,350.0
2017-01-12,0.0,9.97,353.0,,200,0,327.0,353.0,327.0
