DATE,CHANGE,CHANGE %,CLOSE,TURNOVER,VOLUME,TRADE,OPEN,HIGH,LOW
2026-05-08,8.1,0.92,885.8,18.21,2072,32,886.0,886.0,872.0
2026-05-07,7.7,0.89,877.7,4.3,492,26,882.0,882.0,870.1
2026-05-06,-18.0,-2.03,870.0,4.08,470,16,888.0,888.0,865.6
2026-05-05,18.0,2.07,888.0,22.61,2611,40,870.0,896.0,860.0
2026-05-04,-9.0,-1.02,870.0,25.36,2918,41,865.3,880.0,865.3
2026-04-30,10.0,1.15,879.0,27.34,3124,56,889.9,889.9,865.0
2026-04-29,-16.1,-1.82,869.0,24.91,2857,85,875.1,894.9,865.1
2026-04-28,-14.4,-1.6,885.1,21.71,2442,52,899.5,900.0,885.1
2026-04-27,-15.5,-1.69,899.5,63.17,7092,58,915.0,910.0,890.0
2026-04-24,21.9,2.45,915.0,35.32,3907,62,893.1,1004.2,873.1
2026-04-23,-1.9,-0.21,893.1,31.61,3520,48,890.1,910.0,890.0
2026-04-22,-13.0,-1.43,895.0,,13300,115,890.1,917.0,885.0
2026-04-21,-7.0,-0.77,908.0,,13365,88,905.1,918.0,905.0
2026-04-20,5.0,0.55,915.0,39.29,4281,28,890.0,926.4,890.0
2026-04-17,-15.0,-1.62,910.0,47.42,5226,59,937.0,937.0,900.0
2026-04-16,4.0,0.43,925.0,59.58,6534,112,936.5,957.0,900.5
2026-04-15,6.0,0.66,921.0,75.09,8168,105,915.0,933.0,902.0
2026-04-13,-13.0,-1.4,915.0,59.37,6480,52,929.0,930.0,911.0
2026-04-10,-22.0,-2.32,928.0,85.33,9136,92,950.0,963.0,926.2
2026-04-09,12.5,1.33,950.0,52.22,5553,77,931.0,958.0,926.2
2026-04-08,33.5,3.71,937.5,57.77,6303,57,890.0,937.5,890.0
2026-04-07,4.0,0.44,904.0,39.98,4434,57,913.0,918.0,893.1
2026-04-06,25.0,2.86,900.0,70.89,7988,71,892.5,901.0,874.7
2026-04-05,-26.5,-2.94,875.0,94.56,10769,102,919.5,919.5,861.0
2026-04-02,-18.5,-2.01,901.5,76.95,8464,100,907.2,928.0,895.0
2026-04-01,-22.1,-2.35,920.0,31.98,3454,43,931.0,942.0,920.0
2026-03-31,3.1,0.33,942.1,61.54,6585,87,926.0,951.0,920.0
2026-03-30,-14.0,-1.47,939.0,,13207,90,951.0,963.5,911.4
2026-03-29,-32.0,-3.25,953.0,82.25,8570,89,968.5,968.5,950.1
2026-03-26,9.0,0.92,985.0,32.4,3333,57,976.0,985.0,965.0
2026-03-25,-19.0,-1.91,976.0,91.93,9397,105,977.1,996.0,970.0
2026-03-24,2.0,0.2,995.0,,10241,107,974.0,1014.0,974.0
2026-03-23,-8.9,-0.89,993.0,71.44,7148,132,1021.9,1021.9,990.0
2026-03-22,36.9,3.82,1001.9,,21930,219,975.0,1012.0,965.1
2026-03-19,19.0,2.01,965.0,77.54,8053,87,936.1,970.0,936.1
2026-03-17,-3.7,-0.39,946.0,21.52,2273,33,955.0,955.0,935.9
2026-03-16,-0.3,-0.03,949.7,18.63,1970,32,940.0,950.0,934.0
2026-03-15,-8.5,-0.89,950.0,60.13,6359,86,960.0,970.0,938.0
2026-03-12,8.3,0.87,958.5,18.27,1914,47,938.0,969.0,938.0
2026-03-11,-26.8,-2.74,950.2,51.68,5399,68,958.0,980.0,947.8
2026-03-10,34.1,3.62,977.0,,12942,167,961.7,998.5,945.1
2026-03-09,18.4,1.99,942.9,2.92,310,5,942.9,942.9,942.9
2026-03-03,7.5,0.82,924.5,23.57,2558,37,917.0,930.9,907.0
2026-03-01,0.0,0.0,917.0,16.22,1776,24,900.0,924.0,899.1
2026-02-26,-8.0,-0.86,917.0,5.19,565,16,930.0,930.0,911.5
2026-02-25,-4.9,-0.53,925.0,32.26,3536,33,915.1,925.0,910.0
2026-02-24,9.9,1.08,929.9,12.97,1408,35,933.0,933.0,909.0
2026-02-23,-38.1,-3.98,920.0,31.19,3386,58,939.0,939.0,915.2
2026-02-22,47.1,5.17,958.1,42.26,4633,50,911.0,958.1,893.0
2026-02-17,1.0,0.11,911.0,33.75,3660,47,897.3,987.2,897.3
2026-02-16,-7.0,-0.76,910.0,77.06,8550,96,928.0,928.0,898.0
2026-02-12,-7.8,-0.84,917.0,56.08,6085,55,935.0,935.0,915.0
2026-02-11,1.8,0.2,924.8,23.53,2545,35,936.0,938.0,920.0
2026-02-10,-2.0,-0.22,923.0,16.98,1842,47,921.8,930.0,915.0
2026-02-09,-6.0,-0.64,925.0,28.86,3104,39,925.0,941.0,923.0
2026-02-08,-4.0,-0.43,931.0,29.37,3138,51,922.3,953.0,922.3
2026-02-05,8.8,0.95,935.0,29.13,3091,57,922.3,957.0,922.3
2026-02-04,-18.8,-1.99,926.2,32.45,3460,62,956.0,957.0,926.2
2026-02-03,4.0,0.43,945.0,38.63,4150,54,953.7,953.9,925.0
2026-02-02,-12.1,-1.27,941.0,24.08,2557,54,955.0,955.0,940.2
2026-02-01,2.1,0.22,953.1,29.03,3035,36,947.0,963.9,947.0
2026-01-29,-10.8,-1.12,951.0,58.65,6144,64,960.0,961.8,943.4
2026-01-28,18.8,1.99,961.8,,11456,109,943.0,961.8,935.0
2026-01-27,-17.0,-1.77,943.0,51.05,5391,96,970.0,970.0,942.0
2026-01-26,-0.1,-0.01,960.0,77.14,8047,87,960.2,971.9,948.0
2026-01-25,-0.1,-0.01,960.1,74.88,7785,102,960.2,970.0,950.0
2026-01-22,8.2,0.86,960.2,87.97,9323,126,964.0,964.0,933.1
2026-01-21,-2.0,-0.21,952.0,60.98,6382,59,968.0,968.0,952.0
2026-01-20,-11.0,-1.14,954.0,49.16,5114,71,979.9,979.9,951.6
2026-01-18,12.0,1.26,965.0,50.38,5219,73,955.0,984.8,937.1
2026-01-14,8.0,0.85,953.0,56.06,5995,91,955.0,955.0,924.0
2026-01-13,-5.0,-0.53,945.0,97.63,10428,148,964.0,964.0,921.3
2026-01-12,-38.0,-3.85,950.0,,15901,157,969.0,988.0,950.0
2026-01-08,-5.0,-0.5,988.0,45.3,4657,70,973.2,992.0,970.0
2026-01-07,-7.0,-0.7,993.0,75.23,7662,111,980.0,995.0,969.0
2026-01-06,0.0,0.0,1000.0,63.55,6392,87,980.0,1080.0,980.0
2026-01-05,17.27,1.76,1000.0,,11222,144,963.1,1015.0,963.1
2026-01-04,-38.0,-3.4,1081.0,,25895,309,1096.7,1140.0,1045.0
2026-01-01,32.0,2.94,1119.0,,20959,226,1065.3,1140.0,1042.0
2025-12-31,30.0,2.84,1087.0,,16189,191,1035.9,1119.0,1035.9
2025-12-29,10.0,0.96,1057.0,44.02,4184,113,1026.1,1131.0,1026.1
2025-12-28,10.1,0.97,1047.0,62.72,6011,122,1036.9,1055.0,1030.1
2025-12-24,21.9,2.16,1036.9,50.15,4804,62,1000.0,1071.0,1000.0
2025-12-23,-24.0,-2.31,1015.0,29.67,2903,51,1059.0,1059.0,1012.0
2025-12-22,4.1,0.4,1039.0,,9776,114,1014.3,1075.6,1000.7
2025-12-21,-45.1,-4.18,1034.9,,18200,183,1058.4,1070.0,1016.0
2025-12-18,-20.0,-1.82,1080.0,,13785,121,1078.0,1098.0,1043.0
2025-12-17,-10.0,-0.9,1100.0,,11218,113,1087.8,1100.0,1045.0
2025-12-16,59.9,5.7,1110.0,58.77,5504,66,1029.1,1110.0,1029.1
2025-12-15,8.6,0.83,1050.1,54.06,5160,75,1020.7,1104.0,1020.7
2025-12-14,-31.5,-2.94,1041.5,,30362,135,1070.0,1090.9,1036.0
2025-12-11,-17.0,-1.56,1073.0,55.97,5241,94,1100.0,1110.0,1045.0
2025-12-10,-10.1,-0.92,1090.0,,20664,258,1081.0,1189.3,1070.0
2025-12-09,-37.8,-3.32,1100.1,,11028,116,1115.2,1116.1,1095.2
2025-12-08,3.9,0.34,1137.9,,24385,191,1134.0,1139.0,1110.0
2025-12-07,24.0,2.16,1134.0,,52118,507,1110.0,1170.7,1110.0
2025-12-03,10.0,0.91,1110.0,,18238,177,1078.0,1122.0,1078.0
2025-12-02,20.0,1.85,1100.0,,19761,250,1058.4,1135.0,1058.4
2025-12-01,32.0,3.05,1080.0,,15371,196,1028.0,1128.0,1028.0
2025-11-30,12.0,1.16,1048.0,,10530,125,1015.3,1100.0,1015.3
2025-11-27,4.0,0.39,1036.0,18.97,1851,32,1011.4,1036.0,1011.4
2025-11-26,-2.0,-0.19,1032.0,18.71,1816,24,1013.4,1033.0,1013.4
2025-11-25,-15.0,-1.43,1034.0,38.55,3720,47,1028.1,1055.0,1025.1
2025-11-24,34.0,3.35,1049.0,67.25,6452,100,994.7,1061.2,994.7
2025-11-23,17.1,1.71,1015.0,31.88,3147,45,980.0,1025.0,980.0
2025-11-20,5.9,0.59,997.9,13.64,1377,27,987.1,1003.9,986.0
2025-11-19,-11.9,-1.19,992.0,8.98,904,19,1014.0,1014.0,990.0
2025-11-18,6.9,0.69,1003.9,11.37,1142,35,982.0,1010.0,982.0
2025-11-17,9.6,0.97,997.0,6.35,641,34,981.0,999.9,981.0
2025-11-16,-17.6,-1.75,987.4,3.64,366,20,986.7,1014.0,986.1
2025-11-13,8.0,0.8,1005.0,22.71,2290,45,980.0,1005.0,980.0
2025-11-12,-10.1,-1.0,997.0,13.93,1397,27,993.5,1013.0,993.5
2025-11-11,5.1,0.51,1007.1,25.77,2551,61,982.0,1070.0,982.0
2025-11-10,7.0,0.7,1002.0,29.16,2927,45,995.0,1008.0,991.0
2025-11-09,-27.0,-2.64,995.0,28.61,2886,52,1002.1,1008.0,986.0
2025-11-06,15.0,1.49,1022.0,29.38,2897,53,1007.0,1027.1,995.0
2025-11-05,12.0,1.21,1007.0,43.07,4326,73,987.1,1008.9,985.0
2025-11-04,-24.7,-2.42,995.0,12.37,1238,37,1000.0,1039.9,995.0
2025-11-03,-15.7,-1.52,1019.7,33.06,3258,54,1015.0,1054.0,995.1
2025-11-02,25.4,2.51,1035.4,57.27,5590,124,1010.0,1043.0,989.9
2025-10-30,7.1,0.71,1010.0,35.77,3559,78,1003.0,1015.0,985.0
2025-10-29,-4.1,-0.41,1002.9,16.66,1668,55,991.0,1021.9,990.0
2025-10-28,27.0,2.76,1007.0,61.97,6284,84,961.5,1078.0,961.5
2025-10-26,5.0,0.51,980.0,17.68,1854,45,955.5,990.0,936.6
2025-10-19,-40.0,-3.94,975.0,3.06,312,14,1015.0,1015.0,975.0
2025-10-16,54.6,5.69,1015.0,41.19,4287,52,942.0,1015.0,942.0
2025-10-15,-10.4,-1.07,960.4,37.91,3866,63,956.0,1004.0,956.0
2025-10-14,-4.2,-0.43,970.8,16.92,1716,56,965.0,1001.9,965.0
2025-10-13,19.4,2.03,975.0,25.08,2604,42,942.0,1004.0,942.0
2025-10-12,-54.4,-5.39,955.6,44.02,4526,83,990.0,1008.0,955.6
2025-10-09,1.0,0.1,1010.0,23.17,2228,62,1029.0,1109.9,1010.0
2025-10-08,-27.0,-2.61,1009.0,40.48,4014,65,1035.0,1035.0,996.0
2025-10-07,-21.0,-1.99,1036.0,37.14,3606,37,1057.0,1057.0,1016.0
2025-09-28,27.0,2.62,1057.0,37.1,3515,71,1044.0,1120.0,1026.0
2025-09-25,2.0,0.19,1030.0,12.18,1183,25,1040.0,1040.0,1025.0
2025-09-24,-1.7,-0.17,1028.0,32.85,3226,56,1030.0,1035.0,1014.0
2025-09-23,-5.72,-0.55,1029.7,37.26,3615,87,1050.0,1050.0,1020.2
2025-09-21,40.62,4.08,1035.42,44.42,4335,96,981.0,1076.0,981.0
2025-09-18,-46.68,-4.48,994.8,1.11,110,6,1020.7,1020.7,994.8
2025-09-08,-18.12,-1.71,1041.48,31.69,3037,82,1040.0,1059.0,1035.2
2025-09-07,0.3,0.03,1059.6,35.31,3329,69,1041.0,1080.0,1041.0
2025-09-04,-9.46,-0.89,1059.3,25.33,2388,57,1065.0,1073.0,1055.0
2025-09-03,0.56,0.05,1068.76,73.17,6824,60,1046.9,1084.0,1046.9
2025-09-02,-8.6,-0.8,1068.2,45.17,4193,53,1076.8,1097.8,1065.0
2025-09-01,11.82,1.11,1076.8,10.84,1011,47,1049.0,1080.9,1049.0
2025-08-31,-2.78,-0.26,1064.98,29.72,2777,54,1061.0,1089.0,1049.0
2025-08-28,-30.16,-2.75,1067.76,94.95,8838,132,1086.3,1098.0,1060.0
2025-08-27,10.49,0.96,1097.92,60.3,5542,90,1088.0,1105.0,1081.0
2025-08-26,8.14,0.75,1087.43,35.44,3238,110,1079.29,1106.5,1076.1
2025-08-25,16.97,1.6,1079.29,35.26,3267,77,1078.0,1093.0,1072.0
2025-08-24,-15.03,-1.4,1062.32,35.64,3343,70,1057.0,1090.0,1057.0
2025-08-21,-1.83,-0.17,1077.35,64.3,5984,66,1065.0,1093.0,1065.0
2025-08-20,-20.4,-1.86,1079.18,57.47,5312,83,1078.0,1108.0,1076.0
2025-08-19,20.55,1.9,1099.58,94.71,8616,112,1062.0,1118.0,1062.0
2025-08-18,-26.22,-2.37,1079.03,86.39,7961,153,1100.0,1126.0,1073.0
2025-08-17,-37.37,-3.27,1105.25,79.68,7119,133,1119.8,1149.0,1100.0
2025-08-14,13.44,1.19,1142.62,,10870,262,1117.0,1170.0,1117.0
2025-08-13,-1.99,-0.18,1129.18,,19378,230,1108.6,1138.0,1108.6
2025-08-12,24.08,2.18,1131.17,,14898,234,1091.2,1139.0,1086.0
2025-08-11,2.1,0.19,1107.09,,12647,155,1082.9,1126.5,1082.9
2025-08-07,25.03,2.32,1104.99,,11062,191,1090.0,1121.0,1087.0
2025-08-06,-0.76,-0.07,1079.96,85.9,7857,177,1059.2,1124.0,1045.0
2025-08-05,15.78,1.48,1080.72,,11400,237,1046.0,1152.0,1046.0
2025-08-04,8.64,0.82,1064.94,84.17,7880,133,1035.2,1089.5,1035.2
2025-08-03,-37.47,-3.43,1056.3,86.58,8073,161,1100.0,1107.0,1050.1
2025-07-31,-24.82,-2.22,1093.77,,11161,192,1140.0,1180.0,1086.0
2025-07-30,-44.68,-3.84,1118.59,,16848,255,1185.5,1200.0,1110.0
2025-07-29,28.51,2.51,1163.27,,18499,289,1155.0,1188.0,1148.0
2025-07-28,6.28,0.56,1134.76,,10516,179,1120.0,1139.9,1107.2
2025-07-27,16.55,1.49,1128.48,,15414,216,1134.0,1223.0,1102.2
2025-07-24,-12.85,-1.14,1111.93,73.1,6536,124,1145.0,1145.0,1110.0
2025-07-23,-3.42,-0.3,1124.78,,10983,190,1140.0,1150.0,1099.0
2025-07-22,23.19,2.1,1128.2,,16198,257,1083.0,1170.0,1083.0
2025-07-21,21.69,2.0,1105.01,,10776,219,1065.0,1119.0,1049.0
2025-07-20,-4.07,-0.37,1083.32,82.45,7470,201,1065.7,1169.0,1065.7
2025-07-17,27.89,2.63,1087.39,87.23,8034,146,1050.0,1098.0,1050.0
2025-07-16,13.23,1.26,1059.5,,9482,78,1031.0,1075.0,1030.0
2025-07-15,5.31,0.51,1046.27,75.48,7216,46,1024.1,1060.0,1024.1
2025-07-14,-24.45,-2.29,1040.96,63.0,6005,90,1055.0,1073.9,1035.2
2025-07-13,25.08,2.41,1065.41,,11223,162,1061.1,1100.0,1050.0
2025-07-10,-1.19,-0.11,1040.33,,12531,101,1036.1,1058.0,1027.5
2025-07-09,16.48,1.61,1041.52,38.91,3749,57,1021.0,1044.6,1019.1
2025-07-08,5.34,0.52,1025.04,11.32,1107,38,1017.0,1039.0,1015.1
2025-07-07,-16.04,-1.55,1019.7,53.66,5254,57,1052.0,1052.0,1015.3
2025-07-06,0.14,0.01,1035.74,36.06,3465,66,1049.0,1060.0,1024.0
2025-07-03,-18.67,-1.77,1035.6,50.52,4861,75,1069.0,1069.0,1028.0
2025-07-02,1.96,0.19,1054.27,60.81,5718,129,1072.0,1094.0,1037.9
2025-07-01,41.22,4.08,1052.31,,12990,195,994.3,1069.4,994.3
2025-06-30,7.07,0.7,1011.09,18.07,1792,38,995.0,1019.0,995.0
2025-06-29,27.32,2.8,1004.02,29.79,2948,32,996.0,1016.0,993.7
2025-06-26,-10.54,-1.07,976.7,37.84,3864,62,973.0,998.0,973.0
2025-06-25,2.36,0.24,987.24,15.32,1563,42,990.0,1000.0,970.3
2025-06-24,-3.89,-0.39,984.88,23.89,2417,63,1004.0,1004.0,982.1
2025-06-23,-8.71,-0.87,988.77,14.46,1461,45,1000.0,1009.0,985.1
2025-06-22,-15.67,-1.55,997.48,30.29,3034,52,1000.0,1009.0,995.0
2025-06-19,-1.18,-0.12,1013.15,31.17,3109,53,1001.7,1033.0,1001.1
2025-06-18,-10.12,-0.99,1014.33,31.38,3091,56,1038.0,1038.0,1001.3
2025-06-17,19.22,1.91,1024.45,44.6,4344,104,1000.0,1034.8,1000.0
2025-06-16,3.43,0.34,1005.23,19.89,1979,61,1001.8,1014.9,1000.0
2025-06-15,-6.51,-0.65,1001.8,34.73,3462,51,995.0,1025.0,995.0
2025-06-12,8.83,0.88,1008.31,33.02,3299,45,1019.0,1039.3,995.0
2025-06-11,-5.65,-0.56,999.48,35.9,3586,56,1025.0,1025.0,997.1
2025-06-10,-16.63,-1.63,1005.13,44.47,4364,77,1002.0,1041.9,1002.0
2025-06-09,17.41,1.73,1021.76,42.85,4261,63,1006.0,1031.8,995.1
2025-06-08,8.73,0.88,1004.35,13.84,1382,38,990.0,1009.8,990.0
2025-06-05,0.73,0.07,995.62,32.41,3250,53,995.2,1014.9,995.0
2025-06-04,-13.71,-1.36,994.89,62.39,6251,97,1005.0,1009.3,992.0
2025-06-03,-18.42,-1.79,1008.6,51.37,5078,110,1025.0,1046.0,1000.7
2025-06-02,-18.91,-1.81,1027.02,40.69,3914,120,1066.0,1099.0,1021.3
2025-05-28,-7.4,-0.7,1045.93,58.32,5641,113,1055.0,1060.0,1020.0
2025-05-27,-18.69,-1.74,1053.33,30.5,2877,59,1060.1,1081.9,1040.0
2025-05-26,-16.92,-1.55,1072.02,54.21,5003,124,1110.0,1132.0,1063.0
2025-05-25,31.7,3.0,1088.94,,11907,261,1077.0,1098.9,1050.0
2025-05-22,35.14,3.44,1057.24,,13577,231,1042.5,1069.9,1005.6
2025-05-21,0.23,0.02,1022.1,17.69,1719,65,1042.3,1043.0,1005.0
2025-05-20,17.45,1.74,1021.87,28.96,2845,70,1022.5,1030.0,1003.0
2025-05-19,-3.55,-0.35,1004.42,66.94,6638,98,1000.0,1027.9,1000.0
2025-05-18,1.72,0.17,1007.97,39.4,3890,72,1025.0,1026.0,992.0
2025-05-15,-4.01,-0.4,1006.25,29.91,3001,51,1029.0,1029.0,989.8
2025-05-14,5.26,0.52,1010.26,50.7,5015,88,991.0,1030.0,991.0
2025-05-13,3.13,0.31,1005.0,37.91,3793,60,1021.0,1039.9,991.0
2025-05-11,7.11,0.71,1001.87,44.61,4449,74,1014.6,1055.4,990.0
2025-05-08,0.15,0.02,994.76,36.2,3606,106,975.1,1068.0,975.1
2025-05-07,7.65,0.78,994.61,89.69,9111,118,980.0,1006.0,950.6
2025-05-06,9.88,1.01,986.96,11.74,1171,50,996.6,1035.0,980.1
2025-05-05,-18.61,-1.87,977.08,20.06,2043,73,983.6,1003.2,970.1
2025-05-04,2.55,0.26,995.69,53.69,5417,71,1010.0,1010.0,980.0
2025-04-30,1.22,0.12,993.14,38.57,3883,69,988.0,1030.0,980.0
2025-04-29,-0.09,-0.01,991.92,35.67,3598,92,985.0,1040.0,980.0
2025-04-28,-16.9,-1.68,992.01,63.63,6376,112,1005.0,1049.5,990.1
2025-04-27,-14.54,-1.42,1008.91,52.93,5242,90,1010.0,1043.8,1003.0
2025-04-24,-4.97,-0.48,1023.45,31.03,3049,65,1028.0,1047.9,1014.1
2025-04-23,-2.0,-0.19,1028.42,10.44,1007,38,1020.0,1093.0,1020.0
2025-04-22,-10.02,-0.96,1030.42,53.25,5146,105,1021.0,1060.0,1021.0
2025-04-21,-15.48,-1.47,1040.44,50.31,4821,106,1068.0,1068.0,1030.0
2025-04-20,-13.93,-1.3,1055.92,12.84,1219,51,1048.5,1069.0,1044.0
2025-04-17,20.75,1.98,1069.85,53.47,5026,118,1060.0,1079.9,1033.0
2025-04-16,9.9,0.95,1049.1,30.04,2862,78,1039.2,1100.0,1037.0
2025-04-15,-2.67,-0.26,1039.2,22.23,2122,73,1022.0,1083.9,1022.0
2025-04-13,-15.1,-1.43,1041.87,27.77,2663,80,1045.0,1070.0,1040.0
2025-04-10,4.95,0.47,1056.97,21.53,2041,70,1072.0,1073.0,1050.0
2025-04-09,-14.82,-1.39,1052.02,36.62,3440,82,1065.0,1122.0,1045.6
2025-04-08,6.68,0.63,1066.84,19.64,1866,29,1040.1,1074.9,1040.1
2025-04-07,-25.84,-2.38,1060.16,17.3,1635,40,1087.0,1087.0,1044.0
2025-04-03,-6.02,-0.55,1086.0,13.04,1198,35,1109.0,1109.0,1070.0
2025-04-02,22.02,2.06,1092.02,53.71,4942,79,1089.8,1109.7,1051.1
2025-04-01,-4.5,-0.42,1070.0,23.64,2209,52,1087.0,1090.0,1054.0
2025-03-30,8.23,0.77,1074.5,34.08,3161,78,1046.0,1089.0,1046.0
2025-03-27,18.02,1.72,1066.27,39.41,3703,73,1056.0,1079.0,1039.1
2025-03-26,31.17,3.06,1048.25,25.47,2447,59,1033.9,1075.6,1018.0
2025-03-25,-35.05,-3.33,1017.08,37.71,3677,54,1031.2,1050.0,1015.0
2025-03-24,23.66,2.3,1052.13,14.89,1422,41,1025.0,1060.0,1020.0
2025-03-23,-36.53,-3.43,1028.47,33.19,3190,47,1047.1,1064.8,1027.6
2025-03-20,-6.0,-0.56,1065.0,36.39,3439,54,1090.0,1090.0,1048.6
2025-03-19,16.0,1.52,1071.0,87.78,8288,70,1055.0,1097.5,1041.3
2025-03-18,-5.0,-0.47,1055.0,47.42,4467,62,1081.2,1100.0,1050.1
2025-03-17,-6.3,-0.59,1060.0,53.24,4914,68,1051.5,1135.0,1051.5
2025-03-16,-31.6,-2.88,1066.3,33.01,3089,57,1100.0,1100.0,1057.5
2025-03-12,21.9,2.04,1097.9,32.82,3013,43,1075.0,1119.0,1063.0
2025-03-11,-24.0,-2.18,1076.0,53.58,4902,75,1120.0,1120.0,1076.0
2025-03-10,-36.0,-3.17,1100.0,54.79,4930,125,1120.0,1149.8,1095.0
2025-03-09,-20.0,-1.73,1136.0,63.01,5587,85,1135.0,1155.0,1114.0
2025-03-06,3.0,0.26,1156.0,96.69,8506,109,1131.0,1171.4,1123.1
2025-03-05,9.0,0.79,1153.0,89.58,7742,106,1138.0,1213.0,1135.0
2025-03-04,-21.0,-1.8,1144.0,,11516,155,1165.0,1205.0,1131.0
2025-03-03,-35.0,-2.92,1165.0,64.9,5511,122,1180.0,1199.9,1165.0
2025-03-02,2.0,0.17,1200.0,98.52,8230,157,1175.3,1230.0,1175.3
2025-02-27,-2.0,-0.17,1198.0,,16008,137,1224.0,1248.4,1185.0
2025-02-25,-4.0,-0.33,1200.0,93.32,7751,120,1226.4,1227.9,1190.0
2025-02-24,-11.1,-0.91,1204.0,,15927,192,1201.1,1235.0,1190.0
2025-02-23,-7.9,-0.65,1215.1,,15981,206,1203.0,1230.0,1199.0
2025-02-20,-1.0,-0.08,1223.0,78.44,6394,124,1220.0,1245.0,1206.0
2025-02-18,-29.0,-2.31,1224.0,,29343,196,1255.0,1269.0,1215.0
2025-02-17,52.8,4.4,1253.0,,29442,407,1224.2,1270.0,1203.0
2025-02-16,21.2,1.8,1200.2,,28877,292,1166.0,1210.0,1166.0
2025-02-13,12.2,1.05,1179.0,,16405,107,1150.0,1188.0,1145.1
2025-02-12,21.8,1.9,1166.8,,9075,77,1131.0,1191.2,1131.0
2025-02-11,-15.1,-1.3,1145.0,93.21,8093,93,1172.0,1182.0,1130.0
2025-02-10,-11.8,-1.01,1160.1,72.23,6178,123,1158.0,1193.4,1150.0
2025-02-09,-11.2,-0.95,1171.9,75.11,6422,126,1170.0,1189.0,1160.0
2025-02-06,11.1,0.95,1183.1,,19578,183,1150.0,1189.0,1150.0
2025-02-05,2.0,0.17,1172.0,,19149,187,1161.0,1205.0,1161.0
2025-02-04,11.0,0.95,1170.0,,22665,159,1182.0,1205.0,1160.0
2025-02-03,-41.0,-3.42,1159.0,,16178,153,1219.0,1224.0,1157.0
2025-02-02,85.0,7.62,1200.0,,43272,474,1123.0,1210.0,1116.0
2025-01-28,10.0,0.9,1115.0,61.85,5588,85,1105.0,1119.0,1099.0
2025-01-27,7.0,0.64,1105.0,,19814,185,1076.1,1125.0,1076.1
2025-01-26,39.1,3.69,1098.0,,15053,210,1041.0,1110.0,1041.0
2025-01-23,-1.1,-0.1,1058.9,23.54,2236,48,1055.0,1080.0,1035.3
2025-01-22,-10.0,-0.93,1060.0,80.78,7651,113,1085.0,1085.0,1027.7
2025-01-21,0.0,0.0,1070.0,23.48,2220,62,1050.0,1085.0,1050.0
2025-01-20,22.0,2.1,1070.0,,15429,115,1060.0,1080.0,1048.0
2025-01-19,26.1,2.55,1048.0,89.93,8723,103,1010.0,1048.0,1005.0
2025-01-16,0.9,0.09,1021.9,22.27,2194,33,1029.0,1029.0,1009.0
2025-01-15,0.0,0.0,1021.0,28.33,2787,40,1005.0,1034.9,1005.0
2025-01-13,-19.0,-1.83,1021.0,50.84,4969,46,1019.2,1039.0,1001.1
2025-01-12,3.0,0.29,1040.0,29.87,2903,42,1050.0,1050.0,1017.0
2025-01-09,7.0,0.68,1037.0,20.5,2004,49,1010.0,1049.9,1010.0
2025-01-08,22.0,2.18,1030.0,28.49,2794,59,1028.0,1068.0,1008.0
2025-01-07,-3.0,-0.3,1008.0,10.04,990,34,1027.9,1027.9,997.0
2025-01-06,6.0,0.6,1011.0,14.04,1402,44,1000.0,1020.0,985.0
2025-01-05,0.43,0.04,1005.0,9.61,958,36,1024.6,1024.6,970.1
2025-01-02,0.0,0.0,1100.0,41.58,3791,87,1118.0,1122.0,1090.0
2025-01-01,6.1,0.56,1100.0,30.45,2770,45,1080.0,1138.0,1080.0
2024-12-31,-13.1,-1.18,1093.9,94.69,8574,74,1124.9,1129.0,1081.0
2024-12-29,5.1,0.46,1107.0,66.57,5984,107,1080.2,1130.0,1080.2
2024-12-26,-1.6,-0.14,1101.9,29.83,2703,55,1108.0,1110.4,1082.0
2024-12-24,13.4,1.23,1103.5,31.97,2904,67,1074.0,1111.0,1074.0
2024-12-23,-6.9,-0.63,1090.1,23.52,2175,50,1080.1,1095.7,1075.1
2024-12-22,-0.1,-0.01,1097.0,26.38,2408,39,1077.0,1107.8,1076.1
2024-12-19,-11.8,-1.06,1097.1,47.2,4318,52,1113.3,1113.3,1087.0
2024-12-18,3.0,0.27,1108.9,39.05,3533,51,1128.0,1128.0,1095.0
2024-12-17,13.8,1.26,1105.9,44.87,4078,50,1113.0,1113.0,1090.0
2024-12-16,-32.7,-2.91,1092.1,22.63,2059,51,1137.0,1137.0,1092.1
2024-12-12,-0.2,-0.02,1124.8,51.31,4637,94,1107.0,1145.0,1090.0
2024-12-11,7.1,0.64,1125.0,50.61,4515,86,1140.0,1140.0,1105.0
2024-12-10,8.0,0.72,1117.9,20.59,1852,41,1132.0,1132.0,1100.0
2024-12-09,-4.0,-0.36,1109.9,45.61,4124,61,1136.0,1136.0,1092.0
2024-12-08,-5.1,-0.46,1113.9,70.13,6326,86,1119.0,1126.1,1102.0
2024-12-05,9.0,0.81,1119.0,75.43,6728,102,1132.0,1132.0,1110.0
2024-12-04,2.6,0.23,1110.0,,10421,116,1102.7,1138.8,1102.7
2024-12-03,-17.6,-1.56,1107.4,63.86,5706,55,1139.9,1145.0,1104.0
2024-12-02,10.1,0.91,1125.0,60.37,5357,101,1114.9,1133.0,1113.0
2024-12-01,-1.1,-0.1,1114.9,44.59,4027,70,1095.0,1130.0,1094.0
2024-11-28,-22.0,-1.93,1116.0,77.37,6816,81,1141.0,1160.0,1116.0
2024-11-27,11.0,0.98,1138.0,61.67,5458,71,1127.0,1141.0,1120.0
2024-11-26,-3.0,-0.27,1127.0,45.02,4018,73,1130.0,1131.0,1109.1
2024-11-25,10.0,0.89,1130.0,57.55,5190,59,1100.0,1140.0,1100.0
2024-11-24,7.9,0.71,1120.0,49.61,4429,56,1091.0,1133.0,1091.0
2024-11-21,-21.9,-1.93,1112.1,,11830,163,1140.0,1160.0,1111.4
2024-11-20,-5.9,-0.52,1134.0,75.24,6657,111,1125.0,1161.0,1110.1
2024-11-19,-29.0,-2.48,1139.9,,18331,217,1189.0,1200.0,1132.7
2024-11-17,38.9,3.44,1168.9,,23908,326,1107.4,1182.0,1107.4
2024-11-14,21.2,1.91,1130.0,,19170,247,1086.7,1170.0,1086.7
2024-11-13,3.8,0.34,1108.8,77.46,6997,152,1082.9,1140.0,1082.9
2024-11-12,2.0,0.18,1105.0,,23420,120,1081.0,1150.0,1060.1
2024-11-11,52.9,5.04,1103.0,,12974,239,1030.2,1107.0,1010.0
2024-11-10,5.2,0.5,1050.1,31.43,3011,63,1030.0,1055.69,1024.2
2024-11-06,-15.1,-1.42,1044.9,40.58,3880,67,1060.0,1081.0,1018.2
2024-11-05,-30.0,-2.75,1060.0,22.81,2191,79,1068.2,1068.2,1026.0
2024-10-30,43.1,4.12,1090.0,66.51,6326,92,1026.0,1096.5,1016.1
2024-10-29,18.9,1.84,1046.9,52.3,5042,109,1007.5,1048.1,1007.5
2024-10-28,10.0,0.98,1028.0,12.6,1238,33,999.2,1029.0,999.2
2024-10-27,9.8,0.97,1018.0,12.47,1230,39,990.0,1049.0,990.0
2024-10-24,-19.6,-1.91,1008.2,16.28,1610,48,1027.0,1040.0,1008.1
2024-10-23,-11.1,-1.07,1027.8,11.95,1176,33,1020.0,1040.3,1008.0
2024-10-22,-51.1,-4.69,1038.9,27.55,2692,64,1068.2,1068.2,1006.2
2024-10-21,57.0,5.52,1090.0,48.0,4712,75,1013.0,1090.0,1000.0
2024-10-20,-1.9,-0.18,1033.0,34.32,3348,76,1049.0,1076.6,1015.0
2024-10-17,4.9,0.48,1034.9,34.02,3276,85,1035.0,1049.9,1028.0
2024-10-16,6.9,0.67,1030.0,17.88,1735,38,1043.0,1043.0,1015.0
2024-10-15,1.1,0.11,1023.1,7.47,729,32,1004.2,1063.2,1004.1
2024-10-09,12.0,1.19,1022.0,12.5,1225,32,990.0,1071.0,971.0
2024-10-08,-30.0,-2.88,1010.0,9.83,973,23,1025.0,1025.0,1005.0
2024-10-07,36.0,3.59,1040.0,41.13,4018,87,1005.0,1070.0,985.0
2024-10-06,2.0,0.2,1004.0,41.17,4109,57,1002.0,1022.0,984.0
2024-10-02,-42.0,-4.02,1002.0,35.79,3548,62,1025.0,1044.5,995.7
2024-10-01,34.1,3.38,1044.0,75.25,7355,88,1002.0,1044.0,1002.0
2024-09-30,29.9,3.05,1009.9,18.98,1929,58,960.4,1015.0,960.4
2024-09-29,-30.1,-2.98,980.0,44.7,4561,75,990.0,999.0,973.0
2024-09-26,-40.5,-3.85,1010.1,71.19,7105,88,1030.5,1046.0,983.0
2024-09-25,40.7,4.03,1050.6,,12616,148,1014.9,1050.6,970.2
2024-09-24,-27.1,-2.61,1009.9,33.32,3271,90,1050.0,1050.0,1000.0
2024-09-23,-25.0,-2.35,1037.0,75.65,7260,120,1050.0,1079.0,1025.0
2024-09-22,-62.0,-5.52,1062.0,74.53,6976,114,1101.6,1101.6,1050.0
2024-09-18,84.0,8.08,1124.0,87.12,8171,133,1035.0,1124.8,1035.0
2024-09-16,-35.0,-3.26,1040.0,63.73,6030,118,1054.0,1089.1,1040.0
2024-09-15,-30.1,-2.72,1075.0,48.66,4454,114,1083.0,1148.5,1065.0
2024-09-12,-14.8,-1.32,1105.1,74.31,6788,179,1098.0,1118.0,1060.0
2024-09-11,69.9,6.66,1119.9,87.59,8195,154,1070.0,1135.0,1040.0
2024-09-10,0.0,0.0,1050.0,52.77,4945,115,1035.2,1142.0,1035.2
2024-09-09,-47.1,-4.29,1050.0,,11685,167,1091.0,1141.3,1050.0
2024-09-08,-4.0,-0.36,1097.1,,14968,291,1080.0,1144.7,1080.0
2024-09-05,15.5,1.43,1101.1,86.97,8072,141,1063.9,1122.0,1042.8
2024-09-04,1.6,0.15,1085.6,64.77,5989,170,1062.4,1150.0,1029.0
2024-09-03,25.0,2.36,1084.0,75.48,7042,105,1037.9,1108.0,1037.9
2024-09-02,25.0,2.42,1059.0,42.26,4000,98,1034.0,1079.0,1034.0
2024-09-01,-40.0,-3.72,1034.0,,13608,145,1060.0,1095.4,1025.2
2024-08-29,-36.0,-3.24,1074.0,93.6,8583,114,1132.2,1132.2,1074.0
2024-08-28,-12.0,-1.07,1110.0,,10632,148,1143.9,1144.0,1110.0
2024-08-27,-18.1,-1.59,1122.0,,27105,308,1117.3,1214.8,1115.0
2024-08-25,40.1,3.65,1140.1,,24479,372,1085.0,1186.2,1085.0
2024-08-22,-7.0,-0.63,1100.0,,10770,182,1109.9,1135.0,1091.1
2024-08-21,11.0,1.0,1107.0,63.26,5719,139,1080.0,1161.0,1080.0
2024-08-18,2.0,0.18,1096.0,,12907,207,1085.0,1203.4,1080.1
2024-08-15,-5.0,-0.45,1094.0,,11386,192,1082.1,1111.0,1082.0
2024-08-14,-12.9,-1.16,1099.0,70.83,6435,131,1111.9,1111.9,1089.8
2024-08-13,-13.1,-1.16,1111.9,,10986,185,1130.0,1144.0,1102.5
2024-08-12,-12.0,-1.06,1125.0,,17486,272,1159.0,1159.0,1090.0
2024-08-11,52.0,4.79,1137.0,,20271,284,1106.7,1149.9,1106.7
2024-08-08,-39.0,-3.47,1085.0,,9961,198,1139.0,1139.0,1078.0
2024-08-07,43.9,4.06,1124.0,,14088,242,1090.0,1133.0,1080.0
2024-08-06,-45.1,-4.01,1080.1,,14203,243,1143.3,1163.3,1080.1
2024-08-05,25.2,2.29,1125.2,,11317,230,1078.0,1167.2,1078.0
2024-08-01,-45.0,-3.93,1100.0,,20165,242,1125.0,1160.0,1090.0
2024-07-31,7.1,0.62,1145.0,,11873,169,1155.0,1201.6,1134.0
2024-07-30,15.5,1.38,1137.9,95.69,8510,140,1120.0,1141.0,1110.0
2024-07-29,-40.6,-3.49,1122.4,,22987,238,1163.0,1163.8,1122.0
2024-07-28,-26.0,-2.19,1163.0,,13442,197,1189.0,1220.0,1120.1
2024-07-25,44.5,3.89,1189.0,,23713,280,1167.3,1203.0,1155.0
2024-07-24,-33.4,-2.84,1144.5,,22346,245,1177.1,1197.9,1136.8
2024-07-23,3.8,0.32,1177.9,,32090,239,1152.1,1244.0,1152.1
2024-07-22,-5.9,-0.5,1174.1,,19404,236,1202.0,1251.0,1158.0
2024-07-21,-25.0,-2.07,1180.0,,23537,352,1210.0,1215.0,1170.0
2024-07-18,-22.9,-1.86,1205.0,,26251,373,1209.9,1265.0,1182.0
2024-07-17,-3.2,-0.26,1227.9,,23967,418,1206.5,1280.0,1180.0
2024-07-16,31.2,2.6,1231.1,,18881,295,1176.0,1239.3,1160.0
2024-07-15,-38.6,-3.12,1199.9,,22730,253,1213.8,1285.0,1177.0
2024-07-14,18.5,1.52,1238.5,,19524,338,1244.4,1265.0,1154.0
2024-07-11,15.0,1.24,1220.0,,39289,488,1180.9,1272.0,1132.6
2024-07-10,23.9,2.02,1205.0,,35531,485,1157.5,1251.0,1134.4
2024-07-09,30.1,2.62,1181.1,,31576,415,1128.0,1192.0,1128.0
2024-07-08,40.9,3.68,1151.0,,49720,379,1087.9,1173.0,1087.9
2024-07-07,14.1,1.29,1110.1,,25237,308,1074.1,1125.0,1070.1
2024-07-04,26.0,2.43,1096.0,,12697,175,1048.6,1100.0,1048.6
2024-07-03,-15.0,-1.38,1070.0,,24629,215,1065.0,1099.9,1035.2
2024-07-02,5.0,0.46,1085.0,,13759,177,1101.0,1145.0,1056.6
2024-07-01,5.0,0.47,1080.0,,17377,191,1060.0,1080.0,1039.1
2024-06-30,0.0,0.0,1075.0,,15113,156,1055.0,1080.0,1055.0
2024-06-27,0.0,0.0,1075.0,,14809,127,1055.0,1089.0,1055.0
2024-06-26,-9.7,-0.89,1075.0,,10670,175,1063.1,1083.0,1060.0
2024-06-25,-7.1,-0.65,1084.7,,13877,206,1070.0,1110.0,1051.0
2024-06-24,-8.1,-0.74,1091.8,,16022,259,1078.0,1142.0,1058.0
2024-06-23,-60.1,-5.18,1099.9,,24587,331,1136.8,1136.8,1044.0
2024-06-20,83.0,7.71,1160.0,,20133,174,1055.5,1160.0,1050.1
2024-06-19,-18.0,-1.64,1077.0,97.34,9064,164,1075.0,1095.9,1052.1
2024-06-18,0.0,0.0,1095.0,,34990,282,1075.0,1155.0,1036.1
2024-06-16,6.0,0.55,1095.0,,30007,247,1088.0,1123.0,1061.1
2024-06-13,-17.0,-1.54,1089.0,,22032,250,1085.0,1128.1,1075.0
2024-06-12,-17.9,-1.59,1106.0,,23538,219,1105.0,1126.0,1086.0
2024-06-11,25.9,2.36,1123.9,,17919,263,1076.1,1140.0,1076.1
2024-06-10,3.0,0.27,1098.0,,24728,208,1073.1,1160.0,1073.1
2024-06-09,-12.0,-1.08,1095.0,,56508,422,1084.9,1128.0,1070.0
2024-06-06,19.1,1.76,1107.0,,43376,392,1066.2,1134.8,1066.2
2024-06-05,-2.1,-0.19,1087.9,,21301,271,1068.2,1132.0,1054.0
2024-06-04,42.0,4.01,1090.0,,36879,394,1027.1,1105.0,1027.1
2024-06-03,4.0,0.38,1048.0,,22304,244,1064.0,1064.0,989.8
2024-06-02,56.0,5.67,1044.0,76.75,7593,153,970.0,1047.0,950.6
2024-05-30,-61.0,-5.82,988.0,,26192,248,1028.1,1089.0,988.0
2024-05-29,-31.0,-2.87,1049.0,,16564,199,1058.4,1142.0,1035.0
2024-05-27,-31.0,-2.79,1080.0,,24482,363,1133.2,1133.2,1025.0
2024-05-26,61.0,5.81,1111.0,,28722,373,1029.0,1111.0,1008.5
2024-05-22,53.0,5.32,1050.0,,23184,339,977.1,1058.0,960.0
2024-05-21,64.0,6.86,997.0,,17872,230,914.4,997.0,914.4
2024-05-20,-15.5,-1.63,933.0,,12736,152,962.0,981.0,930.0
2024-05-19,-11.5,-1.2,948.5,,19741,208,970.0,979.2,940.8
2024-05-16,25.0,2.67,960.0,,16504,203,916.3,979.0,916.3
2024-05-15,-25.0,-2.6,935.0,,11312,77,960.0,969.9,917.0
2024-05-14,12.0,1.27,960.0,83.89,8746,112,932.0,970.0,930.0
2024-05-13,43.0,4.75,948.0,,11554,169,910.0,948.0,900.8
2024-05-12,-16.0,-1.74,905.0,46.19,5120,57,938.9,938.9,892.0
2024-05-09,-24.0,-2.54,921.0,,22630,143,931.0,944.0,900.1
2024-05-08,43.1,4.78,945.0,,25117,186,900.0,945.0,900.0
2024-05-07,46.0,5.37,901.9,,21721,207,860.0,904.0,860.0
2024-05-06,8.5,1.0,855.9,,19940,121,863.0,863.0,838.0
2024-05-05,27.4,3.34,847.4,,29408,297,820.0,885.0,820.0
2024-05-02,26.0,3.27,820.0,,19550,190,783.0,855.0,783.0
2024-04-30,19.5,2.52,794.0,19.66,2493,49,774.0,805.0,767.1
2024-04-29,-1.5,-0.19,774.5,8.27,1061,27,778.0,790.0,774.5
2024-04-28,11.0,1.44,776.0,12.86,1658,35,757.2,799.6,757.1
2024-04-25,9.9,1.31,765.0,8.67,1138,13,750.2,765.0,750.2
2024-04-24,-2.4,-0.32,755.1,8.44,1127,32,746.4,775.0,732.5
2024-04-22,-12.5,-1.62,757.5,9.95,1310,21,757.5,773.0,757.5
2024-04-21,8.0,1.05,770.0,20.02,2591,38,751.0,785.4,751.0
2024-04-18,-22.0,-2.81,762.0,25.17,3292,29,781.0,782.0,756.0
2024-04-16,-23.0,-2.85,784.0,12.65,1607,31,795.0,803.7,781.2
2024-04-15,-16.9,-2.05,807.0,61.27,7630,64,807.5,820.0,795.0
2024-04-14,61.9,8.12,823.9,,15508,145,762.0,831.0,750.1
2024-04-10,-23.0,-2.93,762.0,22.68,2938,42,795.0,798.9,762.0
2024-04-09,14.0,1.82,785.0,70.68,9090,97,786.4,800.1,770.0
2024-04-07,-35.1,-4.35,771.0,56.47,7080,70,820.0,822.2,771.0
2024-04-04,26.1,3.35,806.1,97.33,12033,149,790.0,823.0,790.0
2024-04-03,26.0,3.45,780.0,55.3,7021,74,769.0,798.0,769.0
2024-04-02,14.5,1.96,754.0,56.83,7519,102,724.8,779.0,724.8
2024-04-01,6.5,0.89,739.5,88.77,12205,70,733.0,740.0,720.1
2024-03-31,-17.0,-2.27,733.0,11.12,1507,27,735.0,747.5,733.0
2024-03-28,-3.7,-0.49,750.0,67.61,9118,83,740.0,768.7,728.0
2024-03-27,-45.2,-5.66,753.7,63.03,8338,95,812.0,813.0,735.0
2024-03-26,8.9,1.13,798.9,22.46,2819,40,805.7,805.8,760.0
2024-03-25,-22.0,-2.71,790.0,,12833,70,800.0,802.0,787.0
2024-03-21,-10.0,-1.22,812.0,62.78,7647,88,828.0,838.0,812.0
2024-03-20,-3.0,-0.36,822.0,,26639,202,839.9,855.0,811.0
2024-03-19,36.1,4.58,825.0,,21356,151,780.1,828.0,780.1
2024-03-18,7.0,0.9,788.9,39.32,5031,83,791.0,791.0,771.0
2024-03-17,33.9,4.53,781.9,77.63,10000,136,748.0,794.9,748.0
2024-03-14,-11.5,-1.51,748.0,70.09,9237,115,755.0,783.3,748.0
2024-03-13,7.5,1.0,759.5,,15290,166,767.0,783.0,723.3
2024-03-12,48.6,6.91,752.0,,17350,204,717.0,773.7,710.0
2024-03-10,30.4,4.52,703.4,87.03,12482,112,673.0,714.0,667.0
2024-03-07,11.0,1.66,673.0,90.14,13785,111,665.0,673.1,642.0
2024-03-06,2.5,0.38,662.0,17.53,2662,40,646.4,670.0,646.0
2024-03-05,4.7,0.72,659.5,15.23,2339,34,667.8,667.8,628.0
2024-03-04,12.8,1.99,654.8,2.86,439,4,648.59,654.8,648.59
2024-03-03,6.0,0.94,642.0,18.54,2958,47,645.0,645.0,622.6
2024-02-29,-1.0,-0.16,636.0,8.8,1402,15,637.0,637.0,628.0
2024-02-28,2.9,0.46,637.0,5.87,928,14,646.0,646.0,625.0
2024-02-27,2.1,0.33,634.1,2.46,389,21,644.6,644.6,632.0
2024-02-26,-4.0,-0.63,632.0,4.36,690,12,636.0,636.0,632.0
2024-02-25,-9.0,-1.4,636.0,7.63,1200,32,655.0,655.0,633.0
2024-02-22,2.9,0.45,645.0,31.1,4846,45,654.9,654.9,638.1
2024-02-21,2.2,0.34,642.1,26.64,4144,47,635.0,649.9,635.0
2024-02-20,-10.1,-1.55,639.9,22.38,3502,41,639.0,645.0,635.0
2024-02-18,-1.0,-0.15,650.0,13.12,2031,37,640.0,651.0,640.0
2024-02-15,8.9,1.39,651.0,15.83,2444,51,654.9,654.9,640.0
2024-02-14,1.1,0.17,642.1,2.56,401,15,634.0,648.0,633.5
2024-02-13,-16.8,-2.55,641.0,18.28,2828,30,666.0,666.0,641.0
2024-02-12,-0.2,-0.03,657.8,7.87,1208,40,645.0,678.0,640.1
2024-02-11,-7.0,-1.05,658.0,17.48,2663,36,678.0,678.0,650.0
2024-02-07,10.1,1.54,665.0,9.66,1459,29,660.0,667.0,650.0
2024-02-06,4.9,0.75,654.9,16.92,2622,35,655.0,655.0,630.0
2024-02-05,20.1,3.19,650.0,31.7,4998,55,620.0,650.0,620.0
2024-02-04,-7.9,-1.24,629.9,8.62,1375,31,625.1,637.6,622.3
2024-02-01,-6.2,-0.96,637.8,12.72,2019,39,650.0,656.8,622.0
2024-01-31,-6.0,-0.92,644.0,5.94,929,33,663.0,663.0,635.0
2024-01-30,-10.0,-1.52,650.0,30.77,4688,31,673.0,673.0,646.1
2024-01-29,13.0,2.01,660.0,21.92,3341,59,659.9,667.0,642.1
2024-01-28,2.0,0.31,647.0,12.36,1898,43,633.1,667.9,630.0
2024-01-25,-20.0,-3.01,645.0,7.5,1151,36,671.0,671.0,641.9
2024-01-24,16.0,2.47,665.0,20.77,3137,61,641.1,687.4,641.1
2024-01-23,5.0,0.78,649.0,5.7,887,36,631.2,656.6,631.2
2024-01-22,-34.0,-5.01,644.0,14.42,2216,49,678.0,688.8,639.0
2024-01-21,-18.0,-2.59,678.0,27.99,4166,61,697.0,697.0,656.6
2024-01-18,-10.0,-1.42,696.0,12.37,1800,42,700.0,700.0,678.5
2024-01-17,-7.0,-0.98,706.0,28.39,3974,74,726.0,726.0,693.0
2024-01-16,43.0,6.42,713.0,88.47,12893,124,657.3,715.0,657.0
2024-01-14,11.2,1.7,670.0,48.78,7396,92,651.0,685.3,640.1
2024-01-11,-1.2,-0.18,658.8,8.4,1289,36,648.1,663.0,646.0
2024-01-10,-28.6,-4.15,660.0,20.08,3034,68,688.6,688.6,648.3
2024-01-09,62.6,10.0,688.6,18.03,2776,69,637.9,688.6,625.3
2024-01-08,-3.0,-0.48,626.0,10.8,1744,41,621.0,640.0,611.0
2024-01-07,10.0,1.62,629.0,18.72,3020,43,625.0,629.0,612.5
2024-01-04,7.5,1.23,619.0,17.95,2876,53,623.0,650.0,611.7
2024-01-03,-7.5,-1.21,611.5,5.97,969,26,608.0,620.0,607.5
2024-01-02,-16.0,-2.52,619.0,10.31,1667,39,623.1,634.0,610.0
2024-01-01,9.0,1.44,635.0,8.97,1410,43,625.0,651.2,625.0
2023-12-28,-24.0,-3.69,626.0,39.93,6280,67,640.2,659.9,626.0
2023-12-27,-16.0,-2.4,650.0,8.72,1329,34,652.7,665.7,648.8
2023-12-24,2.0,0.3,666.0,12.96,1952,48,664.0,680.5,652.2
2023-12-21,-1.0,-0.15,664.0,23.6,3600,74,656.7,676.9,640.1
2023-12-20,10.0,1.53,665.0,24.59,3669,63,668.1,694.0,652.5
2023-12-19,-3.0,-0.46,655.0,10.73,1644,34,658.0,669.9,645.0
2023-12-18,33.0,5.28,658.0,26.84,4142,74,635.0,658.9,625.0
2023-12-17,-25.0,-3.85,625.0,25.27,4057,66,645.0,649.7,613.0
2023-12-14,-11.0,-1.66,650.0,8.5,1328,38,655.0,668.0,595.0
2023-12-13,-8.0,-1.2,661.0,16.92,2621,82,660.0,671.0,612.0
2023-12-12,49.0,7.9,669.0,19.26,3086,83,632.4,680.0,595.5
2023-12-11,40.3,6.95,620.0,27.01,4451,93,591.2,637.0,591.2
2023-12-10,-0.3,-0.05,579.7,,33,2,568.4,579.7,568.4
2023-12-07,19.7,3.52,580.0,8.94,1589,34,549.1,580.0,549.1
2023-12-06,10.3,1.87,560.3,5.95,1084,23,540.0,560.3,540.0
2023-12-05,-12.9,-2.29,550.0,4.92,915,25,555.0,559.4,526.0
2023-12-04,2.9,0.52,562.9,,164,8,565.7,565.7,549.0
2023-12-03,-1.0,-0.18,560.0,,128,7,563.0,563.0,550.0
2023-11-30,1.0,0.18,561.0,8.27,1529,22,549.0,561.0,538.1
2023-11-29,-3.9,-0.69,560.0,1.34,244,11,553.0,564.0,545.7
2023-11-28,6.0,1.08,563.9,4.04,742,22,562.0,564.9,540.0
2023-11-27,2.9,0.52,557.9,3.36,604,22,545.0,564.0,544.5
2023-11-26,-8.0,-1.42,555.0,4.08,732,31,568.0,568.0,553.0
2023-11-23,3.0,0.54,563.0,2.38,434,20,550.2,563.0,539.0
2023-11-22,20.0,3.7,560.0,2.09,376,19,549.9,571.0,549.8
2023-11-21,-15.0,-2.7,540.0,2.56,480,17,565.0,565.0,530.1
2023-11-20,9.0,1.65,555.0,6.43,1183,32,536.0,557.6,536.0
2023-11-09,-9.4,-1.69,546.0,18.78,3415,38,548.0,563.9,545.0
2023-11-08,-4.6,-0.82,555.4,11.24,2019,27,552.1,567.0,552.1
2023-11-07,-10.0,-1.75,560.0,6.87,1218,28,577.0,579.0,560.0
2023-11-06,10.0,1.79,570.0,4.7,842,23,560.0,575.0,551.0
2023-11-05,-28.0,-4.76,560.0,14.57,2584,51,577.0,580.0,558.0
2023-11-02,-13.0,-2.16,588.0,1.55,260,10,613.0,613.0,588.0
2023-11-01,-19.0,-3.06,601.0,2.35,391,14,608.0,608.0,595.5
2023-10-31,2.4,0.39,620.0,14.99,2552,40,629.9,629.9,570.5
2023-10-30,-9.7,-1.55,617.6,,74,5,630.0,630.0,617.6
2023-10-29,0.3,0.05,627.3,1.06,171,10,637.0,637.0,615.0
2023-10-19,7.0,1.13,627.0,5.34,870,10,608.0,628.0,608.0
2023-10-18,3.1,0.5,620.0,4.07,668,23,625.0,625.0,604.6
2023-10-17,14.3,2.37,616.9,4.33,717,29,605.0,616.9,595.0
2023-10-16,-22.3,-3.57,602.6,9.93,1683,44,613.0,613.0,579.0
2023-10-12,-7.0,-1.11,624.9,,125,5,620.0,625.0,607.6
2023-10-11,18.9,3.08,631.9,1.92,312,16,620.0,631.9,613.0
2023-10-10,-10.1,-1.62,613.0,4.66,759,23,613.0,622.0,612.1
2023-10-09,-9.9,-1.56,623.1,10.6,1697,27,622.0,634.0,620.0
2023-10-08,3.0,0.48,633.0,6.34,1022,29,620.0,633.0,613.0
2023-10-05,-5.0,-0.79,630.0,4.91,786,17,625.0,642.0,624.0
2023-10-04,26.9,4.42,635.0,4.35,699,27,601.0,640.0,601.0
2023-10-03,-21.9,-3.48,608.1,6.47,1043,21,619.0,640.0,608.1
2023-10-02,17.0,2.77,630.0,6.34,1018,34,615.0,637.3,615.0
2023-10-01,-37.0,-5.69,613.0,6.48,1035,26,637.5,648.9,613.0
2023-09-27,-7.0,-1.07,650.0,8.76,1361,18,645.0,651.0,643.9
2023-09-26,29.8,4.75,657.0,8.96,1371,44,637.0,660.0,637.0
2023-09-25,-7.8,-1.23,627.2,7.54,1164,20,647.7,660.0,627.2
2023-09-24,-13.7,-2.11,635.0,11.25,1755,35,661.6,661.6,630.0
2023-09-21,20.7,3.3,648.7,2.71,424,21,640.0,650.0,619.0
2023-09-19,8.0,1.29,628.0,1.56,253,12,607.8,632.0,607.8
2023-09-18,10.0,1.64,620.0,,93,6,622.0,622.0,609.6
2023-09-17,-11.0,-1.77,610.0,7.68,1250,23,609.0,629.0,609.0
2023-09-13,21.0,3.5,621.0,6.22,1008,29,612.0,624.0,610.0
2023-09-12,-25.0,-4.0,600.0,1.47,241,10,637.4,637.4,600.0
2023-09-11,26.0,4.34,625.0,5.77,939,39,610.0,629.0,600.1
2023-09-10,9.0,1.53,599.0,1.1,188,13,581.0,601.7,581.0
2023-09-07,-10.0,-1.67,590.0,2.68,451,22,588.1,603.0,588.0
2023-09-05,2.9,0.49,600.0,3.78,633,16,609.0,609.0,592.0
2023-09-04,-6.9,-1.14,597.1,4.11,686,22,600.0,605.0,595.0
2023-09-03,-11.0,-1.79,604.0,,152,9,610.0,614.0,604.0
2023-08-30,-5.0,-0.81,615.0,1.61,263,14,620.0,620.0,611.5
2023-08-29,6.7,1.09,620.0,4.21,677,20,610.0,631.0,610.0
2023-08-28,-2.7,-0.44,613.3,1.46,238,13,615.0,616.0,610.1
2023-08-27,-11.0,-1.75,616.0,6.17,997,19,621.1,622.0,616.0
2023-08-24,-3.0,-0.48,627.0,2.59,414,22,631.0,632.4,619.0
2023-08-23,11.0,1.78,630.0,3.58,574,19,615.0,635.0,613.0
2023-08-22,-4.0,-0.64,619.0,13.64,2244,41,614.0,634.4,601.8
2023-08-21,-23.0,-3.56,623.0,3.95,627,24,633.1,645.0,623.0
2023-08-20,-14.0,-2.12,646.0,12.88,2032,44,648.0,660.0,615.0
2023-08-17,20.0,3.12,660.0,12.82,1984,24,650.0,661.0,637.2
2023-08-16,-6.0,-0.93,640.0,7.23,1131,21,640.0,649.0,637.0
2023-08-15,5.0,0.78,646.0,14.08,2183,27,652.8,653.0,635.0
2023-08-14,-5.2,-0.8,641.0,4.51,703,26,640.0,649.0,637.0
2023-08-13,-3.8,-0.58,646.2,5.81,895,10,643.1,657.7,643.1
2023-08-10,-13.0,-1.96,650.0,9.26,1425,44,650.0,671.0,637.0
2023-08-09,7.0,1.07,663.0,4.87,738,18,659.0,668.0,646.0
2023-08-08,-14.2,-2.12,656.0,7.78,1183,30,657.3,661.1,656.0
2023-08-07,0.2,0.03,670.2,5.98,887,36,656.6,682.0,656.6
2023-08-06,-6.4,-0.95,670.0,9.1,1369,35,671.0,671.0,660.0
2023-08-03,-13.5,-1.96,676.4,5.3,779,30,701.0,701.0,676.3
2023-08-02,2.9,0.42,689.9,5.35,788,26,681.0,690.0,675.0
2023-08-01,-12.0,-1.72,687.0,5.62,815,30,699.0,702.0,687.0
2023-07-31,3.2,0.46,699.0,9.62,1369,28,683.1,710.0,683.1
2023-07-30,-10.5,-1.49,695.8,12.09,1737,22,705.0,705.0,695.1
2023-07-27,-13.7,-1.9,706.3,15.42,2157,45,710.3,720.0,706.3
2023-07-26,-8.0,-1.1,720.0,6.91,962,41,728.0,728.0,715.0
2023-07-25,-10.1,-1.37,728.0,8.19,1126,33,724.0,738.0,724.0
2023-07-24,-11.9,-1.59,738.1,19.8,2659,56,764.8,764.8,735.1
2023-07-23,15.0,2.04,750.0,19.11,2579,62,740.0,750.0,731.0
2023-07-20,-15.0,-2.0,735.0,13.7,1876,65,740.0,748.0,722.0
2023-07-19,-9.0,-1.19,750.0,7.23,964,32,760.0,767.0,744.0
2023-07-18,26.9,3.67,759.0,19.93,2651,71,735.0,790.0,735.0
2023-07-17,-3.9,-0.53,732.1,9.11,1247,36,736.0,742.9,726.0
2023-07-16,-18.0,-2.39,736.0,9.07,1238,44,754.0,754.0,725.2
2023-07-13,34.0,4.72,754.0,47.94,6509,104,734.0,754.0,706.0
2023-07-12,11.0,1.55,720.0,11.82,1647,55,700.0,724.2,700.0
2023-07-11,9.0,1.29,709.0,15.5,2219,48,691.0,710.0,691.0
2023-07-10,10.0,1.45,700.0,18.54,2618,56,703.8,720.0,692.0
2023-07-09,0.0,0.0,690.0,19.66,2835,64,703.0,703.9,690.0
2023-07-06,2.0,0.29,690.0,2.6,377,28,700.0,700.0,682.0
2023-07-05,-14.0,-1.99,688.0,9.1,1316,56,714.0,714.0,680.0
2023-07-04,-6.0,-0.85,702.0,9.29,1329,36,722.0,722.0,692.1
2023-07-03,-12.0,-1.67,708.0,20.1,2830,65,706.0,732.0,696.0
2023-07-02,-39.0,-5.14,720.0,7.33,1006,30,744.0,744.0,720.0
2023-06-28,-26.0,-3.31,759.0,29.23,3831,68,800.0,800.0,744.8
2023-06-27,52.2,7.12,785.0,88.56,11406,163,747.0,802.0,732.6
2023-06-26,32.8,4.69,732.8,20.25,2816,50,713.9,740.0,705.0
2023-06-25,-5.0,-0.71,700.0,12.63,1784,44,691.0,719.1,691.0
2023-06-22,-4.0,-0.56,705.0,6.68,959,36,700.0,708.0,694.0
2023-06-21,-6.0,-0.84,709.0,5.43,771,17,729.0,729.0,700.7
2023-06-20,-34.7,-4.63,715.0,13.99,1952,52,740.0,750.0,702.0
2023-06-19,-4.9,-0.65,749.7,12.9,1740,41,741.0,755.0,726.3
2023-06-18,6.9,0.92,754.6,29.82,3998,86,762.6,770.0,729.0
2023-06-15,55.8,8.06,747.7,42.62,6110,61,705.7,748.0,670.0
2023-06-14,-17.1,-2.41,691.9,21.92,3093,77,708.5,749.0,691.9
2023-06-13,29.0,4.26,709.0,11.96,1733,49,667.0,721.0,667.0
2023-06-12,0.0,0.0,680.0,3.18,468,13,680.0,683.9,680.0
2023-06-11,30.0,4.62,680.0,16.27,2488,40,637.0,689.0,625.0
2023-06-08,10.0,1.56,650.0,9.88,1534,22,650.0,652.0,627.2
2023-06-07,5.0,0.79,640.0,6.25,982,16,635.0,647.6,628.1
2023-06-06,15.0,2.42,635.0,3.5,553,17,608.0,640.0,608.0
2023-06-05,-27.0,-4.17,620.0,7.28,1150,29,650.0,659.0,617.0
2023-06-04,25.0,4.02,647.0,2.68,411,13,634.4,675.0,634.4
2023-06-01,7.0,1.14,622.0,5.95,978,26,605.0,622.0,605.0
2023-05-31,-3.0,-0.49,615.0,13.08,2147,24,605.7,618.0,605.7
2023-05-30,-32.0,-4.92,618.0,3.69,590,23,638.5,638.5,618.0
2023-05-28,-9.0,-1.37,650.0,12.44,1848,50,650.0,698.0,650.0
2023-05-24,-12.0,-1.79,659.0,15.0,2251,48,680.0,693.6,648.9
2023-05-23,61.0,10.0,671.0,20.53,3258,71,613.5,671.0,610.1
2023-05-22,-2.0,-0.33,610.0,,140,7,624.2,636.6,610.0
2023-05-21,17.0,2.86,612.0,6.0,998,26,606.0,612.0,595.0
2023-05-18,16.5,2.85,595.0,4.49,760,30,590.0,612.8,565.5
2023-05-17,4.5,0.78,578.5,2.94,518,17,563.0,579.0,552.0
2023-05-16,-1.0,-0.17,574.0,,122,11,563.5,584.8,552.3
2023-05-15,10.0,1.77,575.0,,91,8,556.0,575.0,556.0
2023-05-14,1.0,0.18,565.0,,72,6,552.8,566.0,552.8
2023-05-11,-16.0,-2.76,564.0,,52,3,569.0,569.0,564.0
2023-05-10,4.0,0.69,580.0,,61,3,576.0,580.0,570.0
2023-05-09,8.7,1.53,576.0,,173,7,567.3,576.0,567.3
2023-05-08,0.3,0.05,567.3,2.96,533,16,560.0,567.3,551.0
2023-05-07,-3.0,-0.53,567.0,1.97,350,21,580.0,580.0,560.1
2023-05-04,8.9,1.59,570.0,1.81,321,14,571.0,571.0,555.1
2023-05-03,-4.9,-0.87,561.1,,39,3,565.0,565.0,561.1
2023-05-02,-7.1,-1.24,566.0,4.84,853,20,565.0,580.0,565.0
2023-04-30,-1.9,-0.33,573.1,,152,11,570.1,581.0,570.1
2023-04-27,-7.0,-1.2,575.0,,132,9,572.0,576.0,570.0
2023-04-26,-9.0,-1.52,582.0,5.14,880,23,591.0,599.0,578.0
2023-04-25,-2.0,-0.34,591.0,6.82,1173,23,593.0,593.0,580.0
2023-04-24,8.0,1.37,593.0,2.34,407,19,585.0,593.0,573.0
2023-04-23,-12.0,-2.01,585.0,5.85,989,24,597.0,605.0,582.0
2023-04-20,7.0,1.19,597.0,5.94,1002,21,580.0,600.8,580.0
2023-04-19,11.0,1.9,590.0,2.1,359,16,590.5,626.5,578.2
2023-04-18,-6.0,-1.03,579.0,2.66,458,19,585.0,589.5,578.0
2023-04-17,-25.0,-4.1,585.0,4.98,849,16,598.0,598.0,585.0
2023-04-16,-7.9,-1.28,610.0,2.18,362,15,615.0,615.0,597.8
2023-04-13,-7.2,-1.15,617.9,10.21,1659,35,612.6,629.0,610.0
2023-04-12,47.1,8.15,625.1,20.24,3426,73,588.9,625.1,584.0
2023-04-11,8.0,1.4,578.0,5.42,944,19,570.0,578.0,570.0
2023-04-10,-10.1,-1.74,570.0,5.59,971,24,570.0,581.0,570.0
2023-04-09,-22.9,-3.8,580.1,2.9,494,17,603.0,603.0,580.1
2023-04-06,13.0,2.2,603.0,7.01,1170,30,590.0,604.0,590.0
2023-04-05,-10.0,-1.67,590.0,4.74,801,17,600.0,600.0,590.0
2023-04-04,5.0,0.84,600.0,1.45,245,10,585.1,605.0,585.1
2023-04-03,-10.0,-1.65,595.0,10.82,1812,36,602.0,602.0,594.2
2023-04-02,-49.0,-7.49,605.0,15.88,2566,63,645.0,645.0,605.0
2023-03-30,-5.66,-0.86,654.0,7.99,1216,28,660.0,663.0,650.0
2023-03-29,5.0,0.64,785.0,47.71,6077,128,775.1,794.5,775.0
2023-03-28,15.0,1.96,780.0,12.42,1615,53,761.0,780.2,760.0
2023-03-27,10.0,1.32,765.0,6.95,936,23,741.0,765.0,735.0
2023-03-26,-25.0,-3.21,755.0,17.25,2259,36,795.6,795.6,755.0
2023-03-23,-11.0,-1.39,780.0,11.82,1509,29,775.2,796.0,775.2
2023-03-22,0.0,0.0,791.0,3.64,458,19,803.0,804.9,791.0
2023-03-20,7.0,0.89,791.0,37.37,4782,87,785.0,809.0,770.0
2023-03-19,-4.9,-0.62,784.0,2.28,294,15,778.0,784.0,775.0
2023-03-16,-4.9,-0.62,788.9,4.28,560,21,780.0,790.0,761.0
2023-03-15,14.8,1.9,793.8,2.94,376,19,780.0,810.0,765.0
2023-03-14,-11.0,-1.39,779.0,1.34,173,8,783.0,783.0,773.1
2023-03-13,-12.0,-1.5,790.0,17.83,2274,31,794.0,794.5,778.2
2023-03-12,-8.0,-0.99,802.0,4.6,573,22,810.0,815.0,800.0
2023-03-09,13.0,1.63,810.0,6.11,758,16,812.9,812.9,796.0
2023-03-07,17.0,2.18,797.0,2.99,378,8,795.6,798.0,782.1
2023-03-05,-30.0,-3.7,780.0,5.74,730,17,795.0,795.0,780.0
2023-03-02,-31.0,-3.69,810.0,2.51,313,17,830.0,830.0,795.0
2023-03-01,-7.0,-0.83,841.0,4.1,495,18,850.0,851.0,822.0
2023-02-28,2.0,0.24,848.0,6.59,788,21,836.0,853.0,830.0
2023-02-27,19.0,2.3,846.0,21.79,2507,83,827.0,894.0,811.0
2023-02-26,5.3,0.65,827.0,15.36,1897,65,805.3,859.0,775.0
2023-02-23,-91.3,-10.0,821.7,52.6,6294,118,894.8,894.8,821.7
2023-02-22,3.0,0.33,913.0,12.16,1343,37,910.0,913.0,900.0
2023-02-20,-23.0,-2.47,910.0,15.18,1670,52,933.0,933.0,900.0
2023-02-16,-11.5,-1.22,933.0,4.82,518,26,944.5,945.0,928.0
2023-02-15,-5.3,-0.56,944.5,13.51,1439,43,960.0,960.0,926.0
2023-02-14,-14.2,-1.47,949.8,17.0,1787,37,946.0,964.0,945.0
2023-02-12,-16.0,-1.63,964.0,8.73,912,31,980.0,980.0,942.0
2023-02-09,-2.0,-0.2,980.0,7.07,724,26,985.0,986.0,970.0
2023-02-08,-12.9,-1.3,982.0,8.63,873,25,995.0,1014.0,980.0
2023-02-07,34.9,3.64,994.9,11.08,1124,44,960.0,999.0,960.0
2023-02-06,20.0,2.13,960.0,8.11,858,29,930.0,960.0,927.3
2023-02-05,9.9,1.06,940.0,7.39,785,23,932.0,950.0,932.0
2023-02-02,-24.0,-2.52,930.1,30.01,3198,52,950.0,965.0,930.0
2023-02-01,-5.9,-0.61,954.1,5.99,632,19,955.0,960.0,942.0
2023-01-31,-23.0,-2.34,960.0,13.79,1425,34,971.0,975.0,960.0
2023-01-30,-37.0,-3.63,983.0,13.91,1402,35,1003.5,1003.5,982.0
2023-01-29,-34.0,-3.23,1020.0,15.28,1489,39,1050.0,1050.0,1015.0
2023-01-26,0.0,-0.09,1054.0,,891,0,1036.0,1054.5,1036.0
2023-01-25,0.0,1.83,1055.0,,2645,0,1050.0,1056.7,1030.0
2023-01-24,0.0,0.39,1036.0,,1445,0,1022.0,1036.0,1020.0
2023-01-23,0.0,1.18,1032.0,,2970,0,1040.4,1061.0,1030.0
2023-01-19,0.0,-2.48,1020.0,,1136,0,1031.0,1045.0,1010.5
2023-01-18,0.0,-1.79,1045.9,,2153,0,1046.1,1060.0,1028.2
2023-01-17,0.0,0.0,1065.0,,1543,0,1084.0,1084.0,1046.2
2023-01-12,0.0,0.38,1065.0,,7031,0,1082.2,1103.8,1052.0
2023-01-10,0.0,-3.55,1061.0,,7263,0,1100.0,1120.0,1046.0
2023-01-09,0.0,1.95,1100.0,,7964,0,1087.0,1127.0,1078.0
2023-01-08,0.0,3.85,1079.0,,8360,0,1040.0,1123.0,1030.0
2023-01-05,0.0,-0.99,1039.0,,6260,0,1060.0,1065.0,1000.0
2023-01-04,0.0,10.0,1049.4,,6802,0,964.0,1049.4,955.0
2023-01-03,0.0,2.69,954.0,,2311,0,929.9,960.2,927.0
2023-01-02,0.0,0.98,929.0,,464,0,917.0,934.0,917.0
2023-01-01,0.0,0.33,920.0,,1818,0,915.0,950.0,910.0
2022-12-29,0.0,2.23,917.0,,1762,0,890.0,917.0,886.1
2022-12-28,0.0,-0.89,897.0,,1611,0,905.0,908.9,891.0
2022-12-27,0.0,-0.65,905.1,,1650,0,928.0,930.0,905.1
2022-12-26,0.0,3.88,911.0,,1453,0,878.0,911.0,878.0
2022-12-22,0.0,-0.79,877.0,,305,0,870.0,880.0,870.0
2022-12-21,0.0,-0.11,884.0,,327,0,885.0,885.0,872.0
2022-12-20,0.0,2.31,885.0,,893,0,882.3,885.0,875.0
2022-12-19,0.0,-0.57,865.0,,48,0,870.0,870.0,862.1
2022-12-18,0.0,0.0,870.0,,370,0,861.0,870.0,860.1
2022-12-15,0.0,-2.03,870.0,,547,0,870.3,886.0,869.0
2022-12-14,0.0,-0.89,888.0,,164,0,881.0,911.0,881.0
2022-12-13,0.0,1.82,896.0,,283,0,880.0,924.0,867.0
2022-12-12,0.0,1.73,880.0,,735,0,882.0,882.0,857.5
2022-12-11,0.0,-1.15,865.0,,847,0,861.0,871.0,861.0
2022-12-07,0.0,-2.11,875.1,,909,0,880.1,889.0,870.0
2022-12-06,0.0,0.9,894.0,,5541,0,870.4,903.7,870.4
2022-12-05,0.0,-1.34,886.0,,379,0,884.0,890.0,884.0
2022-12-04,0.0,-0.22,898.0,,373,0,910.0,925.0,890.0
2022-12-01,0.0,1.69,900.0,,865,0,902.0,902.7,886.0
2022-11-30,0.0,-1.34,885.0,,264,0,895.1,895.1,885.0
2022-11-29,0.0,-0.73,897.0,,528,0,891.0,907.8,887.0
2022-11-28,0.0,-3.05,903.6,,525,0,950.6,953.7,903.0
2022-11-27,0.0,4.95,932.0,,873,0,870.3,976.0,870.3
2022-11-24,0.0,0.91,888.0,,499,0,880.0,896.0,875.1
2022-11-23,0.0,-0.79,880.0,,1120,0,869.3,880.0,860.0
2022-11-22,0.0,-2.1,887.0,,712,0,887.9,924.0,870.0
2022-11-17,0.0,3.89,906.0,,1650,0,889.5,906.0,866.0
2022-11-16,0.0,0.23,872.1,,1325,0,875.0,875.0,852.8
2022-11-15,0.0,-1.23,870.1,,356,0,890.0,890.0,870.1
2022-11-14,0.0,0.1,880.9,,434,0,863.7,880.9,863.7
2022-11-13,0.0,-0.26,880.0,,741,0,882.3,882.3,865.0
2022-11-10,0.0,-0.75,882.3,,1850,0,889.0,906.0,865.0
2022-11-09,0.0,-3.63,889.0,,2679,0,907.4,915.0,889.0
2022-11-08,0.0,-5.77,922.5,,2426,0,959.5,960.0,922.5
2022-11-07,0.0,-1.0,979.0,,1928,0,970.0,1005.0,969.0
2022-11-06,0.0,5.2,988.9,,1761,0,958.0,988.9,950.0
2022-11-03,0.0,-0.95,940.0,,460,0,949.0,949.0,912.0
2022-11-02,0.0,4.17,949.0,,693,0,908.1,949.0,908.1
2022-11-01,0.0,1.56,911.0,,675,0,905.0,923.1,905.0
2022-10-31,0.0,-0.88,897.0,,212,0,892.0,908.0,890.3
2022-10-23,0.0,0.33,905.0,,130,0,900.0,916.9,900.0
2022-10-20,0.0,-1.1,902.0,,1047,0,912.0,912.9,894.0
2022-10-19,0.0,-2.98,912.0,,1095,0,922.1,923.0,912.0
2022-10-17,0.0,-0.63,940.0,,635,0,928.0,940.0,928.0
2022-10-16,0.0,0.31,946.0,,239,0,931.0,947.0,928.7
2022-10-13,0.0,0.34,943.1,,1025,0,950.1,952.0,934.1
2022-10-12,0.0,-2.47,946.0,,921,0,970.0,984.0,946.0
2022-10-11,0.0,1.07,970.0,,61,0,941.0,970.0,941.0
2022-10-10,0.0,-2.17,959.7,,772,0,965.0,965.0,942.6
2022-10-09,0.0,2.71,981.0,,775,0,974.2,993.5,956.0
2022-09-29,0.0,1.93,955.1,,384,0,955.7,960.0,940.1
2022-09-28,0.0,0.75,937.0,,53,0,930.0,938.0,925.0
2022-09-27,0.0,0.62,930.0,,701,0,925.0,940.0,925.0
2022-09-25,0.0,-3.72,924.3,,850,0,940.8,940.8,920.0
2022-09-22,0.0,0.95,960.0,,273,0,936.0,960.0,918.1
2022-09-21,0.0,1.17,951.0,,393,0,950.0,955.0,940.0
2022-09-20,0.0,-3.49,940.0,,3027,0,955.0,955.0,925.1
2022-09-18,0.0,-2.4,974.0,,1378,0,980.0,985.0,960.4
2022-09-16,0.0,1.11,998.0,,285,0,995.0,1003.0,981.0
2022-09-15,0.0,-3.89,987.0,,670,0,1006.5,1006.5,987.0
2022-09-14,0.0,1.09,1027.0,,1025,0,1029.0,1029.0,1016.0
2022-09-13,0.0,3.98,1015.9,,897,0,970.0,1015.9,970.0
2022-09-12,0.0,-1.81,977.0,,1385,0,995.0,995.0,976.0
2022-09-11,0.0,-0.66,995.0,,1440,0,991.0,1000.0,990.0
2022-09-08,0.0,-0.83,1001.6,,299,0,1010.0,1010.0,990.2
2022-09-07,0.0,-0.39,1010.0,,386,0,1000.0,1013.9,994.1
2022-09-06,0.0,-1.93,1014.0,,497,0,1015.2,1020.0,1014.0
2022-09-05,0.0,1.77,1034.0,,418,0,1020.0,1036.0,1016.2
2022-09-04,0.0,-0.28,1016.0,,592,0,1018.0,1023.5,1015.5
2022-09-02,0.0,1.52,1018.9,,764,0,1010.0,1018.9,999.0
2022-09-01,0.0,-1.98,1003.6,,823,0,1015.0,1020.0,1003.6
2022-08-31,0.0,-0.88,1023.9,,1150,0,1035.0,1035.0,1003.0
2022-08-30,0.0,0.58,1033.0,,702,0,1046.0,1047.0,1015.0
2022-08-29,0.0,-0.29,1027.0,,551,0,1030.0,1039.0,1022.0
2022-08-28,0.0,-1.9,1030.0,,1012,0,1050.0,1050.0,1030.0
2022-08-26,0.0,-1.51,1050.0,,611,0,1053.0,1053.0,1050.0
2022-08-25,0.0,-0.82,1066.1,,541,0,1074.9,1080.0,1065.0
2022-08-24,0.0,0.36,1074.9,,1242,0,1085.0,1085.0,1070.0
2022-08-23,0.0,-1.28,1071.0,,799,0,1085.0,1087.8,1070.5
2022-08-22,0.0,-1.18,1084.9,,993,0,1076.0,1084.9,1056.0
2022-08-21,0.0,-0.11,1097.8,,2417,0,1080.0,1098.9,1078.1
2022-08-18,0.0,1.1,1099.0,,1297,0,1068.0,1105.0,1068.0
2022-08-17,0.0,-0.28,1087.0,,915,0,1069.1,1090.0,1069.1
2022-08-16,0.0,-1.36,1090.0,,1954,0,1100.0,1110.0,1068.6
2022-08-15,0.0,3.27,1105.0,,1889,0,1088.0,1113.0,1060.0
2022-08-14,0.0,-1.79,1070.0,,1553,0,1090.0,1098.0,1056.1
2022-08-11,0.0,-0.05,1089.5,,2963,0,1100.0,1100.0,1070.0
2022-08-10,0.0,0.0,1090.0,,1116,0,1075.1,1111.0,1075.0
2022-08-09,0.0,-1.8,1090.0,,2500,0,1105.0,1121.0,1080.0
2022-08-08,0.0,-2.37,1110.0,,7462,0,1125.0,1137.0,1110.0
2022-08-07,0.0,-1.89,1137.0,,2923,0,1136.0,1140.0,1125.0
2022-08-05,0.0,3.1,1158.9,,5357,0,1145.0,1167.0,1117.0
2022-08-04,0.0,-3.43,1124.0,,13751,0,1160.0,1210.0,1123.0
2022-08-03,0.0,2.1,1163.9,,8608,0,1161.9,1173.0,1140.0
2022-08-02,0.0,-0.87,1140.0,,1931,0,1135.0,1152.0,1127.0
2022-08-01,0.0,1.77,1150.0,,6593,0,1152.0,1175.0,1121.0
2022-07-31,0.0,-1.82,1130.0,,3530,0,1151.0,1165.0,1130.0
2022-07-29,0.0,-1.03,1151.0,,1120,0,1163.0,1175.0,1129.0
2022-07-28,0.0,1.22,1163.0,,3670,0,1165.0,1190.0,1135.0
2022-07-27,0.0,1.41,1149.0,,4533,0,1125.0,1149.0,1088.8
2022-07-26,0.0,-3.48,1133.0,,2967,0,1160.0,1160.0,1122.1
2022-07-25,0.0,2.97,1173.9,,5382,0,1145.0,1175.0,1145.0
2022-07-24,0.0,2.7,1140.0,,4377,0,1132.0,1145.0,1130.0
2022-07-22,0.0,-1.12,1110.0,,2711,0,1145.0,1145.0,1110.0
2022-07-21,0.0,-0.65,1122.6,,2156,0,1139.0,1165.0,1122.6
2022-07-20,0.0,-0.7,1130.0,,323,0,1135.0,1150.0,1126.0
2022-07-19,0.0,0.98,1138.0,,2837,0,1127.0,1172.4,1127.0
2022-07-18,0.0,-2.0,1127.0,,337,0,1150.0,1150.0,1121.0
2022-07-17,0.0,-4.05,1150.0,,3192,0,1200.0,1200.0,1128.0
2022-07-15,0.0,6.05,1198.5,,5812,0,1107.6,1198.5,1064.0
2022-07-14,0.0,3.97,1130.1,,3160,0,1080.0,1130.1,1050.0
2022-07-13,0.0,5.84,1087.0,,2395,0,1008.0,1087.0,1008.0
2022-07-12,0.0,2.7,1027.0,,2488,0,1019.0,1035.0,1001.0
2022-07-11,0.0,-5.66,1000.0,,1913,0,1060.0,1060.0,1000.0
2022-07-08,0.0,-2.21,1060.0,,371,0,1084.0,1084.0,1044.0
2022-07-07,0.0,0.37,1084.0,,3040,0,1095.0,1101.0,1031.0
2022-07-06,0.0,0.47,1080.0,,1398,0,1075.0,1080.0,1040.0
2022-07-05,0.0,-3.93,1075.0,,1781,0,1097.0,1100.0,1067.1
2022-07-04,0.0,0.81,1119.0,,7162,0,1130.0,1154.8,1081.0
2022-07-03,0.0,-0.63,1110.0,,4437,0,1112.0,1122.0,1090.0
2022-07-01,0.0,1.09,1117.0,,5985,0,1100.0,1140.0,1060.0
2022-06-30,0.0,5.13,1105.0,,4911,0,1035.0,1115.0,1035.0
2022-06-29,0.0,2.55,1051.1,,1990,0,1035.0,1065.8,1035.0
2022-06-28,0.0,-1.44,1025.0,,700,0,1030.0,1034.0,1010.0
2022-06-27,0.0,-1.89,1040.0,,1948,0,1040.0,1073.9,1026.0
2022-06-26,0.0,4.03,1060.0,,1802,0,1039.0,1086.3,1030.0
2022-06-24,0.0,3.76,1018.9,,592,0,962.6,1018.9,950.0
2022-06-23,0.0,-4.95,982.0,,1890,0,1013.2,1013.2,981.0
2022-06-22,0.0,-3.9,1033.1,,1015,0,1075.0,1075.0,1033.0
2022-06-21,0.0,4.98,1075.0,,1961,0,1044.0,1075.0,1023.3
2022-06-20,0.0,-3.85,1024.0,,568,0,1043.7,1064.5,1024.0
2022-06-19,0.0,-4.91,1065.0,,2369,0,1098.0,1098.0,1038.0
2022-06-17,0.0,1.08,1120.0,,522,0,1086.0,1120.0,1047.1
2022-06-16,0.0,7.69,1108.0,,2939,0,1009.0,1108.0,1009.0
2022-06-15,0.0,-2.57,1028.9,,1109,0,1036.0,1045.0,1005.0
2022-06-14,0.0,-3.55,1056.0,,884,0,1073.1,1073.1,1050.0
2022-06-13,0.0,1.01,1094.9,,308,0,1100.0,1100.0,1064.0
2022-06-10,0.0,-3.39,1084.0,,330,0,1100.0,1115.0,1084.0
2022-06-09,0.0,-3.28,1122.0,,2633,0,1140.0,1145.0,1101.0
2022-06-08,0.0,9.95,1160.0,,3626,0,1069.0,1160.5,1069.0
2022-06-07,0.0,-4.52,1055.0,,780,0,1085.0,1085.0,1044.0
2022-06-06,0.0,0.0,1105.0,,927,0,1105.0,1105.0,1063.0
2022-06-03,0.0,-3.15,1105.0,,2196,0,1120.1,1120.1,1075.0
2022-06-02,0.0,-2.32,1140.9,,1324,0,1146.1,1164.0,1120.0
2022-06-01,0.0,1.83,1168.0,,1066,0,1130.2,1168.0,1120.0
2022-05-31,0.0,-0.78,1147.0,,1379,0,1170.0,1170.0,1140.0
2022-05-30,0.0,-3.55,1156.0,,1596,0,1214.5,1222.4,1152.0
2022-05-27,0.0,1.91,1198.5,,504,0,1176.0,1198.5,1157.0
2022-05-26,0.0,-1.18,1176.0,,858,0,1172.0,1199.9,1170.0
2022-05-25,0.0,1.71,1190.0,,780,0,1165.0,1193.0,1165.0
2022-05-24,0.0,-0.43,1170.0,,1788,0,1153.0,1198.9,1153.0
2022-05-23,0.0,-1.18,1175.0,,998,0,1165.3,1203.5,1132.0
2022-05-20,0.0,-0.74,1189.0,,959,0,1190.0,1190.0,1177.0
2022-05-19,0.0,-0.17,1197.9,,772,0,1190.0,1224.0,1177.0
2022-05-18,0.0,0.01,1200.0,,902,0,1195.0,1200.0,1165.0
2022-05-17,0.0,-3.01,1188.1,,796,0,1249.5,1249.5,1188.1
2022-05-12,0.0,-2.38,1225.0,,1618,0,1254.9,1254.9,1225.0
2022-05-11,0.0,1.86,1254.9,,1725,0,1232.0,1255.0,1215.0
2022-05-10,0.0,1.23,1232.0,,439,0,1217.0,1232.0,1196.0
2022-05-09,0.0,1.71,1217.0,,3343,0,1173.0,1217.0,1173.0
2022-05-08,0.0,1.06,1196.5,,1119,0,1161.0,1196.5,1155.0
2022-05-05,0.0,-1.02,1183.9,,3377,0,1173.0,1190.0,1162.0
2022-05-04,0.0,-1.87,1196.1,,1416,0,1195.0,1219.0,1194.6
2022-05-02,0.0,-2.1,1218.9,,1917,0,1260.0,1260.0,1213.0
2022-04-28,0.0,-1.57,1245.0,,1085,0,1264.9,1275.0,1245.0
2022-04-27,0.0,1.6,1264.9,,2729,0,1245.0,1264.9,1240.0
2022-04-26,0.0,-0.4,1245.0,,1413,0,1260.0,1270.0,1235.0
2022-04-25,0.0,-3.75,1250.0,,2392,0,1272.8,1284.9,1250.0
2022-04-24,0.0,4.82,1298.7,,4615,0,1260.0,1300.0,1250.1
2022-04-21,0.0,1.11,1239.0,,2085,0,1225.0,1249.0,1202.0
2022-04-20,0.0,-3.51,1225.4,,2737,0,1265.0,1265.0,1225.2
2022-04-19,0.0,-3.64,1270.0,,3520,0,1291.7,1291.7,1250.0
2022-04-18,0.0,1.38,1318.0,,3480,0,1280.0,1318.0,1244.1
2022-04-17,0.0,-0.76,1300.0,,6594,0,1284.0,1300.0,1249.0
2022-04-13,0.0,6.05,1310.0,,5933,0,1225.0,1318.8,1220.0
2022-04-12,0.0,-1.57,1235.3,,1584,0,1248.0,1248.0,1232.2
2022-04-11,0.0,-1.57,1255.0,,920,0,1260.2,1275.0,1255.0
2022-04-07,0.0,1.76,1275.0,,3855,0,1250.0,1299.0,1250.0
2022-04-06,0.0,0.15,1253.0,,3293,0,1250.0,1299.8,1233.1
2022-04-05,0.0,-3.17,1251.1,,3717,0,1269.0,1270.0,1250.0
2022-04-04,0.0,0.23,1292.0,,2782,0,1267.0,1294.0,1267.0
2022-04-03,0.0,-0.08,1289.0,,713,0,1280.0,1290.0,1266.2
2022-03-31,0.0,0.39,1290.0,,880,0,1267.0,1295.0,1267.0
2022-03-30,0.0,0.39,1285.0,,2372,0,1266.0,1305.0,1266.0
2022-03-29,0.0,-0.16,1280.0,,1999,0,1299.0,1300.0,1275.0
2022-03-28,0.0,-1.38,1282.0,,4233,0,1281.1,1300.0,1281.1
2022-03-27,0.0,-2.26,1300.0,,4843,0,1330.0,1346.0,1295.0
2022-03-24,0.0,1.99,1330.0,,11411,0,1295.0,1359.0,1295.0
2022-03-23,0.0,0.69,1304.0,,17216,0,1271.0,1338.2,1271.0
2022-03-22,0.0,1.41,1295.0,,4467,0,1277.0,1299.0,1261.0
2022-03-21,0.0,1.43,1277.0,,3126,0,1259.0,1277.0,1250.0
2022-03-20,0.0,0.55,1259.0,,930,0,1250.0,1259.0,1232.1
2022-03-16,0.0,-1.64,1252.1,,1497,0,1297.0,1297.0,1252.1
2022-03-15,0.0,-1.47,1273.0,,2193,0,1270.1,1280.0,1257.1
2022-03-14,0.0,-0.15,1292.0,,634,0,1271.0,1296.0,1250.0
2022-03-13,0.0,1.24,1293.9,,5469,0,1271.0,1294.8,1270.0
2022-03-10,0.0,6.5,1278.0,,3328,0,1195.0,1309.0,1184.0
2022-03-09,0.0,-1.4,1200.0,,2524,0,1230.0,1230.0,1200.0
2022-03-07,0.0,0.75,1217.0,,1127,0,1208.0,1230.9,1202.1
2022-03-06,0.0,-0.33,1208.0,,2184,0,1201.0,1230.0,1201.0
2022-03-02,0.0,-0.33,1212.0,,2703,0,1196.0,1218.0,1191.0
2022-02-28,0.0,-1.54,1216.0,,2033,0,1235.0,1243.0,1216.0
2022-02-27,0.0,-1.98,1235.0,,2501,0,1250.0,1250.0,1230.0
2022-02-24,0.0,-2.33,1260.0,,8875,0,1270.0,1280.0,1240.0
2022-02-23,0.0,-1.37,1290.0,,5892,0,1290.0,1310.0,1270.0
2022-02-22,0.0,-0.92,1307.9,,6210,0,1316.0,1319.0,1290.0
2022-02-21,0.0,-1.86,1320.0,,3066,0,1319.0,1343.0,1311.0
2022-02-20,0.0,-0.07,1345.0,,6948,0,1319.1,1345.0,1285.0
2022-02-17,0.0,0.82,1346.0,,2525,0,1310.8,1346.0,1309.0
2022-02-16,0.0,0.3,1335.0,,7124,0,1304.4,1335.0,1290.0
2022-02-15,0.0,4.97,1331.0,,4254,0,1253.0,1331.0,1245.0
2022-02-14,0.0,2.59,1268.0,,3727,0,1227.1,1275.0,1227.0
2022-02-13,0.0,-1.9,1236.0,,18528,0,1235.0,1248.9,1225.1
2022-02-10,0.0,-2.48,1260.0,,10256,0,1283.0,1294.9,1260.0
2022-02-09,0.0,-0.23,1292.0,,3711,0,1295.0,1310.0,1270.0
2022-02-08,0.0,0.0,1295.0,,5245,0,1333.0,1346.0,1295.0
2022-02-07,0.0,-0.91,1307.1,,2149,0,1319.0,1319.0,1297.1
2022-02-06,0.0,-1.12,1319.1,,2693,0,1334.0,1339.0,1309.0
2022-02-03,0.0,-2.27,1334.0,,10385,0,1370.0,1374.0,1331.0
2022-02-01,0.0,2.32,1365.0,,9897,0,1320.0,1365.0,1320.0
2022-01-31,0.0,-1.11,1334.0,,6230,0,1350.0,1355.0,1327.0
2022-01-30,0.0,0.45,1349.0,,26153,0,1369.8,1393.0,1346.0
2022-01-27,0.0,0.0,1343.0,,6776,0,1330.1,1356.0,1325.0
2022-01-26,0.0,1.97,1343.0,,18697,0,1343.3,1360.0,1317.0
2022-01-25,0.0,4.52,1317.0,,30451,0,1242.0,1326.0,1242.0
2022-01-24,0.0,-2.7,1260.0,,9265,0,1285.0,1285.3,1250.0
2022-01-23,0.0,-2.41,1295.0,,6329,0,1330.0,1330.0,1295.0
2022-01-20,0.0,1.21,1327.0,,11231,0,1310.0,1335.0,1310.0
2022-01-19,0.0,-4.23,1311.1,,7781,0,1350.0,1355.0,1311.1
2022-01-18,0.0,-0.44,1369.0,,10162,0,1389.1,1390.0,1333.0
2022-01-17,0.0,0.36,1375.0,,4918,0,1370.0,1379.9,1343.0
2022-01-16,0.0,4.34,1370.0,,8619,0,1313.0,1393.0,1339.0
2022-01-13,0.0,3.55,1313.0,,14178,0,1280.0,1315.0,1250.0
2022-01-12,0.0,-2.46,1268.0,,9746,0,1289.0,1304.0,1250.0
2022-01-11,0.0,7.62,1300.0,,7232,0,1206.0,1326.0,1205.0
2022-01-10,0.0,1.09,1208.0,,5987,0,1200.0,1224.9,1186.0
2022-01-09,0.0,-0.08,1195.0,,5835,0,1173.7,1220.0,1173.7
2022-01-06,0.0,1.44,1196.0,,2468,0,1156.0,1196.0,1155.0
2022-01-05,0.0,1.31,1179.0,,6695,0,1186.9,1210.0,1165.0
2022-01-04,0.0,5.45,1315.0,,33773,0,1250.0,1321.0,1250.0
2022-01-03,0.0,1.03,1247.0,,6754,0,1240.0,1275.0,1239.0
2022-01-02,0.0,1.45,1234.3,,6016,0,1195.0,1234.5,1195.0
2021-12-29,0.0,-1.0,1216.7,,4439,0,1240.0,1240.0,1182.0
2021-12-28,0.0,1.82,1229.0,,4887,0,1207.0,1252.9,1165.0
2021-12-27,0.0,-5.1,1207.0,,9265,0,1246.5,1246.5,1167.5
2021-12-26,0.0,9.65,1271.9,,5614,0,1183.0,1271.9,1160.0
2021-12-23,0.0,1.31,1160.0,,3469,0,1167.0,1167.0,1119.0
2021-12-22,0.0,3.15,1145.0,,2730,0,1132.0,1145.0,1107.3
2021-12-21,0.0,0.91,1110.0,,1461,0,1122.0,1122.0,1060.0
2021-12-20,0.0,-0.45,1100.0,,2419,0,1127.0,1127.0,1069.0
2021-12-16,0.0,-3.83,1105.0,,2416,0,1127.0,1127.0,1081.9
2021-12-15,0.0,-0.52,1149.0,,4142,0,1155.0,1197.0,1092.0
2021-12-14,0.0,10.0,1155.0,,1738,0,1071.0,1155.0,1050.1
2021-12-13,0.0,-5.41,1050.0,,3398,0,1089.0,1089.0,1015.0
2021-12-12,0.0,-3.9,1110.0,,2662,0,1131.9,1131.9,1088.0
2021-12-09,0.0,-1.62,1155.0,,2110,0,1151.0,1155.0,1128.0
2021-12-08,0.0,-2.0,1174.0,,2649,0,1180.0,1198.5,1120.0
2021-12-07,0.0,-6.77,1198.0,,5201,0,1275.0,1275.0,1198.0
2021-12-06,0.0,5.5,1285.0,,3061,0,1194.0,1285.0,1151.1
2021-12-05,0.0,-3.87,1218.0,,4822,0,1242.0,1242.0,1194.0
2021-12-02,0.0,-0.63,1267.0,,2599,0,1250.0,1290.0,1220.0
2021-12-01,0.0,-0.23,1275.0,,955,0,1253.0,1280.0,1240.0
2021-11-30,0.0,-0.47,1278.0,,865,0,1259.0,1278.0,1234.0
2021-11-29,0.0,1.74,1284.0,,4186,0,1255.0,1284.0,1223.0
2021-11-28,0.0,-2.85,1262.0,,2837,0,1273.1,1273.1,1235.0
2021-11-25,0.0,-2.99,1299.0,,5921,0,1312.3,1312.3,1286.0
2021-11-24,0.0,1.44,1339.0,,2994,0,1295.0,1339.0,1277.0
2021-11-23,0.0,-1.12,1320.0,,1396,0,1308.3,1333.0,1297.0
2021-11-22,0.0,-0.74,1335.0,,6917,0,1358.0,1358.0,1300.0
2021-11-21,0.0,-1.82,1345.0,,1890,0,1342.6,1350.0,1324.0
2021-11-18,0.0,0.01,1370.0,,4615,0,1342.8,1370.0,1335.0
2021-11-17,0.0,-0.37,1369.9,,2554,0,1389.9,1389.9,1347.5
2021-11-16,0.0,3.0,1375.0,,2626,0,1335.0,1375.0,1315.0
2021-11-15,0.0,0.0,1335.0,,2256,0,1320.0,1356.0,1320.0
2021-11-14,0.0,1.52,1335.0,,5226,0,1313.0,1335.0,1286.0
2021-11-11,0.0,-5.4,1315.0,,4611,0,1362.2,1365.0,1310.0
2021-11-09,0.0,-0.29,1390.0,,15759,0,1421.8,1421.8,1325.0
2021-11-08,0.0,-3.4,1394.0,,7385,0,1471.8,1471.8,1380.0
2021-11-03,0.0,1.62,1443.0,,20802,0,1448.4,1536.0,1441.0
2021-11-02,0.0,4.26,1420.0,,15356,0,1389.0,1420.9,1362.0
2021-11-01,0.0,2.78,1362.0,,14867,0,1330.0,1372.0,1277.0
2021-10-31,0.0,3.6,1325.1,,11523,0,1290.0,1355.0,1264.2
2021-10-28,0.0,3.48,1279.0,,3405,0,1218.0,1285.0,1218.0
2021-10-27,0.0,1.31,1236.0,,8333,0,1210.8,1254.9,1210.8
2021-10-26,0.0,-0.89,1220.0,,4033,0,1237.0,1249.0,1220.0
2021-10-25,0.0,0.08,1231.0,,3015,0,1254.0,1254.0,1204.5
2021-10-24,0.0,3.36,1230.0,,1413,0,1213.5,1237.7,1170.0
2021-10-21,0.0,-3.49,1190.0,,2770,0,1257.6,1257.6,1177.0
2021-10-20,0.0,1.15,1233.0,,3078,0,1243.3,1243.3,1180.0
2021-10-19,0.0,1.75,1219.0,,4605,0,1219.0,1219.0,1100.0
2021-10-18,0.0,-1.05,1198.0,,2495,0,1234.9,1234.9,1160.0
2021-10-17,0.0,-3.91,1210.7,,1169,0,1259.9,1249.0,1187.0
2021-10-11,0.0,-0.72,1259.9,,440,0,1294.3,1294.3,1214.0
2021-10-10,0.0,-0.47,1269.0,,4765,0,1300.5,1301.0,1226.0
2021-10-06,0.0,5.55,1275.0,,6110,0,1232.0,1290.0,1230.0
2021-10-05,0.0,5.5,1208.0,,2162,0,1167.0,1214.0,1145.0
2021-10-04,0.0,-0.35,1145.0,,1698,0,1139.0,1198.0,1131.0
2021-10-03,0.0,-6.59,1149.0,,1820,0,1205.4,1206.0,1149.0
2021-09-30,0.0,1.92,1230.0,,5425,0,1230.9,1230.9,1128.0
2021-09-29,0.0,9.21,1206.8,,3146,0,1120.0,1206.8,1090.2
2021-09-28,0.0,-4.49,1105.0,,2194,0,1159.9,1180.0,1101.1
2021-09-27,0.0,-1.78,1157.0,,1482,0,1201.5,1201.5,1125.0
2021-09-26,0.0,-4.23,1178.0,,5040,0,1209.0,1209.0,1178.0
2021-09-23,0.0,-3.15,1230.0,,2946,0,1295.0,1295.0,1219.1
2021-09-22,0.0,4.61,1270.0,,15374,0,1238.0,1270.0,1200.0
2021-09-21,0.0,0.91,1214.0,,5149,0,1179.0,1240.0,1150.0
2021-09-20,0.0,-4.23,1203.0,,7440,0,1232.0,1235.0,1200.1
2021-09-16,0.0,-4.48,1256.1,,6388,0,1288.7,1300.0,1250.0
2021-09-15,0.0,-2.23,1315.0,,1881,0,1320.0,1320.0,1299.0
2021-09-14,0.0,3.46,1345.0,,6082,0,1320.0,1345.0,1295.1
2021-09-13,0.0,-1.37,1300.0,,2984,0,1324.0,1343.0,1300.0
2021-09-12,0.0,-1.19,1318.1,,8827,0,1359.0,1359.0,1307.1
2021-09-09,0.0,-1.03,1334.0,,5148,0,1359.0,1360.0,1310.0
2021-09-08,0.0,2.89,1347.9,,11874,0,1310.0,1360.0,1300.0
2021-09-07,0.0,-1.73,1310.0,,1032,0,1340.0,1345.0,1300.1
2021-09-06,0.0,3.17,1333.0,,6374,0,1317.0,1336.0,1275.0
2021-09-05,0.0,-4.65,1292.0,,4957,0,1369.0,1369.0,1272.0
2021-09-02,0.0,2.61,1355.0,,5411,0,1310.1,1373.0,1305.0
2021-09-01,0.0,-1.31,1320.5,,11287,0,1360.0,1370.0,1315.0
2021-08-31,0.0,-3.04,1338.0,,18136,0,1353.0,1366.0,1309.0
2021-08-29,0.0,-2.47,1380.0,,7464,0,1429.9,1429.9,1355.0
2021-08-26,0.0,3.21,1415.0,,6752,0,1366.4,1425.0,1366.4
2021-08-25,0.0,-3.45,1371.0,,11019,0,1400.1,1421.0,1371.0
2021-08-24,0.0,-1.87,1420.0,,5938,0,1435.0,1445.0,1419.0
2021-08-19,0.0,0.35,1447.0,,3948,0,1470.0,1470.0,1445.2
2021-08-18,0.0,-2.04,1442.0,,8127,0,1444.1,1472.0,1442.0
2021-08-17,0.0,-1.8,1472.0,,12957,0,1528.0,1528.0,1440.0
2021-08-16,0.0,-0.6,1499.0,,4536,0,1500.0,1515.0,1480.0
2021-08-15,0.0,-1.31,1508.0,,9344,0,1531.0,1545.0,1482.0
2021-08-12,0.0,4.02,1528.0,,15872,0,1469.0,1530.0,1445.0
2021-08-11,0.0,-2.97,1469.0,,13744,0,1514.0,1519.0,1469.0
2021-08-10,0.0,-0.79,1514.0,,28086,0,1496.0,1535.0,1470.0
2021-08-09,0.0,-1.55,1526.0,,14224,0,1555.0,1555.0,1505.0
2021-08-08,0.0,-3.06,1550.0,,8944,0,1600.0,1600.0,1520.0
2021-08-05,0.0,-2.97,1599.0,,8837,0,1617.0,1630.0,1580.0
2021-08-04,0.0,-2.2,1648.0,,31270,0,1700.0,1715.0,1615.0
2021-08-03,0.0,5.31,1685.0,,36133,0,1625.0,1688.0,1620.0
2021-08-02,0.0,3.56,1600.0,,20578,0,1565.0,1605.0,1548.0
2021-08-01,0.0,1.25,1545.0,,17468,0,1526.0,1587.0,1521.0
2021-07-29,0.0,0.39,1526.0,,20740,0,1540.0,1578.0,1500.0
2021-07-28,0.0,6.22,1520.0,,15494,0,1425.0,1520.0,1425.0
2021-07-27,0.0,-3.25,1431.0,,8934,0,1450.0,1450.0,1402.0
2021-07-26,0.0,1.72,1479.0,,13576,0,1483.0,1505.0,1456.3
2021-07-25,0.0,2.04,1454.0,,4507,0,1450.0,1455.0,1423.6
2021-07-22,0.0,-1.38,1425.0,,7075,0,1423.0,1443.0,1418.0
2021-07-20,0.0,-0.96,1445.0,,3693,0,1450.0,1465.0,1445.0
2021-07-19,0.0,-0.95,1459.0,,8690,0,1468.0,1495.0,1450.0
2021-07-18,0.0,2.94,1473.0,,9493,0,1455.0,1484.0,1450.0
2021-07-15,0.0,0.21,1431.0,,7546,0,1400.0,1440.0,1400.0
2021-07-14,0.0,0.07,1428.0,,4906,0,1420.0,1428.0,1390.0
2021-07-13,0.0,1.93,1427.0,,6135,0,1428.0,1428.0,1394.0
2021-07-12,0.0,-0.14,1400.0,,9645,0,1404.0,1420.0,1382.0
2021-07-11,0.0,2.71,1402.0,,6818,0,1385.0,1410.0,1370.0
2021-07-08,0.0,0.44,1365.0,,4624,0,1350.0,1375.0,1337.0
2021-07-07,0.0,2.33,1359.0,,5807,0,1330.0,1362.0,1330.0
2021-07-06,0.0,0.53,1328.0,,1552,0,1308.0,1334.0,1308.0
2021-07-05,0.0,-0.97,1321.0,,4162,0,1311.0,1330.0,1300.0
2021-07-04,0.0,-0.52,1334.0,,1911,0,1355.0,1360.0,1330.0
2021-07-01,0.0,0.15,1341.0,,4133,0,1338.0,1354.0,1321.0
2021-06-30,0.0,-1.54,1339.0,,3177,0,1350.0,1350.0,1324.0
2021-06-29,0.0,1.57,1360.0,,10823,0,1365.0,1412.0,1346.0
2021-06-28,0.0,3.4,1339.0,,11322,0,1296.0,1390.0,1295.0
2021-06-27,0.0,0.0,1295.0,,2496,0,1270.0,1309.0,1270.0
2021-06-24,0.0,-0.61,1295.0,,5511,0,1303.0,1325.0,1275.0
2021-06-23,0.0,-3.05,1303.0,,4293,0,1335.0,1340.0,1300.0
2021-06-22,0.0,1.2,1344.0,,3349,0,1330.0,1358.0,1330.0
2021-06-21,0.0,-2.42,1328.0,,6498,0,1336.0,1360.0,1324.0
2021-06-20,0.0,-3.82,1361.0,,14245,0,1401.0,1406.0,1345.0
2021-06-17,0.0,-1.19,1415.0,,4116,0,1435.0,1435.0,1400.0
2021-06-16,0.0,5.06,1432.0,,19809,0,1364.0,1471.0,1363.0
2021-06-15,0.0,-0.51,1363.0,,5436,0,1379.0,1380.0,1362.0
2021-06-14,0.0,-0.36,1370.0,,6339,0,1390.0,1395.0,1360.0
2021-06-13,0.0,-1.29,1375.0,,9441,0,1395.0,1395.0,1366.0
2021-06-10,0.0,-0.92,1393.0,,6273,0,1407.0,1410.0,1385.0
2021-06-09,0.0,0.0,1406.0,,5929,0,1404.0,1459.0,1403.0
2021-06-08,0.0,-0.99,1404.0,,4678,0,1402.0,1428.0,1402.0
2021-06-07,0.0,-0.98,1418.0,,4754,0,1419.0,1435.0,1417.0
2021-06-06,0.0,-0.62,1432.0,,3520,0,1441.0,1460.0,1422.0
2021-06-03,0.0,2.05,1441.0,,6220,0,1435.0,1460.0,1415.0
2021-06-02,0.0,0.0,1412.0,,7312,0,1412.0,1430.0,1402.0
2021-06-01,0.0,-0.98,1412.0,,6455,0,1400.0,1435.0,1400.0
2021-05-31,0.0,0.07,1426.0,,10732,0,1447.0,1447.0,1410.0
2021-05-30,0.0,-1.18,1425.0,,13276,0,1442.0,1442.0,1418.0
2021-05-27,0.0,-3.93,1442.0,,21093,0,1430.0,1455.0,1398.0
2021-05-25,0.0,-0.6,1501.0,,8858,0,1510.0,1522.0,1500.0
2021-05-24,0.0,-2.64,1510.0,,20366,0,1558.0,1558.0,1510.0
2021-05-23,0.0,-1.65,1551.0,,12616,0,1546.0,1580.0,1531.0
2021-05-20,0.0,0.64,1577.0,,14712,0,1547.0,1577.0,1525.0
2021-05-19,0.0,0.19,1567.0,,36865,0,1595.0,1600.0,1515.0
2021-05-18,0.0,6.47,1564.0,,51249,0,1490.0,1583.0,1452.0
2021-05-17,0.0,-1.41,1469.0,,25082,0,1500.0,1505.0,1455.0
2021-05-16,0.0,4.63,1490.0,,30081,0,1452.0,1503.0,1443.0
2021-05-13,0.0,2.45,1424.0,,34536,0,1387.0,1440.0,1387.0
2021-05-12,0.0,0.22,1390.0,,5748,0,1409.0,1442.0,1365.0
2021-05-11,0.0,0.58,1387.0,,4303,0,1380.0,1390.0,1365.0
2021-05-10,0.0,1.25,1379.0,,3181,0,1362.0,1385.0,1345.0
2021-05-09,0.0,-0.37,1362.0,,5900,0,1367.0,1367.0,1335.0
2021-05-06,0.0,-2.01,1367.0,,6601,0,1377.0,1390.0,1365.0
2021-05-05,0.0,-1.62,1395.0,,8509,0,1450.0,1450.0,1392.0
2021-05-04,0.0,1.72,1418.0,,27355,0,1412.0,1421.0,1367.0
2021-05-03,0.0,0.58,1394.0,,10306,0,1400.0,1430.0,1379.0
2021-05-02,0.0,5.0,1386.0,,16056,0,1300.0,1400.0,1300.0
2021-04-29,0.0,1.38,1320.0,,3087,0,1326.0,1327.0,1300.0
2021-04-28,0.0,-1.44,1302.0,,5695,0,1315.0,1325.0,1280.0
2021-04-27,0.0,4.02,1321.0,,6661,0,1295.0,1330.0,1275.0
2021-04-26,0.0,-4.44,1270.0,,11348,0,1329.0,1329.0,1270.0
2021-04-25,0.0,-2.99,1329.0,,5778,0,1344.0,1351.0,1315.0
2021-04-22,0.0,1.33,1370.0,,6773,0,1326.0,1380.0,1326.0
2021-04-21,0.0,-2.31,1352.0,,4901,0,1400.0,1405.0,1352.0
2021-04-20,0.0,-0.07,1384.0,,23746,0,1454.0,1454.0,1369.0
2021-04-19,0.0,3.05,1385.0,,37369,0,1439.0,1478.0,1380.0
2021-04-18,0.0,-1.25,1344.0,,7219,0,1360.0,1380.0,1334.0
2021-04-15,0.0,-1.45,1361.0,,10166,0,1354.0,1385.0,1354.0
2021-04-13,0.0,-0.65,1381.0,,23997,0,1390.0,1410.0,1381.0
2021-04-12,0.0,1.91,1390.0,,16414,0,1364.0,1424.0,1360.0
2021-04-08,0.0,2.56,1364.0,,17959,0,1355.0,1377.0,1321.0
2021-04-07,0.0,2.78,1330.0,,21896,0,1294.0,1345.0,1294.0
2021-04-06,0.0,0.47,1294.0,,11102,0,1300.0,1319.0,1266.0
2021-04-05,0.0,-0.39,1288.0,,4619,0,1318.0,1318.0,1270.0
2021-04-04,0.0,0.15,1293.0,,9425,0,1300.0,1364.0,1290.0
2021-04-01,0.0,2.16,1420.0,,47498,0,1321.0,1483.0,1321.0
2021-03-31,0.0,-1.07,1390.0,,15076,0,1409.0,1422.0,1390.0
2021-03-30,0.0,2.55,1405.0,,18711,0,1387.0,1407.0,1370.0
2021-03-29,0.0,0.0,1370.0,,12161,0,1397.0,1397.0,1332.0
2021-03-25,0.0,1.48,1370.0,,26501,0,1417.0,1417.0,1358.0
2021-03-24,0.0,2.9,1350.0,,20870,0,1320.0,1361.0,1305.0
2021-03-23,0.0,3.31,1312.0,,10111,0,1250.0,1320.0,1245.0
2021-03-22,0.0,-3.71,1270.0,,7969,0,1320.0,1326.0,1270.0
2021-03-21,0.0,8.11,1319.0,,18529,0,1244.0,1320.0,1244.0
2021-03-18,0.0,1.58,1220.0,,7061,0,1215.0,1225.0,1201.0
2021-03-17,0.0,0.92,1201.0,,4683,0,1167.0,1207.0,1167.0
2021-03-16,0.0,0.34,1190.0,,3831,0,1165.0,1221.0,1165.0
2021-03-15,0.0,1.45,1186.0,,3810,0,1150.0,1215.0,1147.0
2021-03-14,0.0,-3.39,1169.0,,9673,0,1201.0,1205.0,1164.0
2021-03-10,0.0,-1.22,1210.0,,1510,0,1206.0,1249.0,1201.0
2021-03-09,0.0,-2.08,1225.0,,2157,0,1313.0,1313.0,1210.0
2021-03-04,0.0,4.75,1235.0,,7892,0,1160.0,1235.0,1160.0
2021-03-03,0.0,-0.08,1179.0,,6290,0,1195.0,1195.0,1124.0
2021-03-02,0.0,-1.83,1180.0,,6002,0,1200.0,1203.0,1151.0
2021-03-01,0.0,0.0,1202.0,,4561,0,1163.0,1224.0,1162.0
2021-02-28,0.0,-5.65,1185.0,,9501,0,1238.0,1238.0,1185.0
2021-02-25,0.0,0.0,1256.0,,3200,0,1254.0,1303.0,1248.0
2021-02-24,0.0,1.51,1279.0,,3450,0,1323.0,1323.0,1264.0
2021-02-23,0.0,-2.33,1260.0,,14404,0,1270.0,1270.0,1191.0
2021-02-22,0.0,-1.53,1290.0,,8592,0,1310.0,1355.0,1283.0
2021-02-21,0.0,-0.02,1310.0,,4565,0,1356.0,1356.0,1304.0
2021-02-18,0.0,-0.01,1330.0,,7430,0,1316.0,1340.0,1305.0
2021-02-17,0.0,-0.02,1340.0,,9081,0,1397.0,1397.0,1340.0
2021-02-16,0.0,-0.04,1370.0,,17541,0,1493.0,1493.0,1370.0
2021-02-15,0.0,0.06,1422.0,,39075,0,1343.0,1438.0,1318.0
2021-02-08,0.0,-0.03,1343.0,,30537,0,1400.0,1438.0,1333.0
2021-02-07,0.0,0.05,1390.0,,29072,0,1319.0,1425.0,1319.0
2021-02-04,0.0,0.01,1319.0,,17663,0,1305.0,1335.0,1290.0
2021-02-03,0.0,0.03,1305.0,,41459,0,1327.0,1379.0,1249.0
2021-02-02,0.0,0.03,1264.0,,14719,0,1254.0,1279.0,1230.0
2021-02-01,0.0,-0.07,1230.0,,30724,0,1326.0,1326.0,1216.0
2021-01-31,0.0,0.04,1326.0,,16273,0,1260.0,1326.0,1211.0
2021-01-28,0.0,0.01,1269.0,,25526,0,1279.0,1309.0,1250.0
2021-01-27,0.0,0.01,1255.0,,8046,0,1220.0,1269.0,1199.0
2021-01-26,0.0,0.0,1248.0,,13780,0,1235.0,1271.0,1235.0
2021-01-25,0.0,-0.03,1251.0,,20605,0,1300.0,1310.0,1250.0
2021-01-24,0.0,0.0,1295.0,,22406,0,1295.0,1336.0,1273.0
2021-01-21,0.0,0.04,1295.0,,17889,0,1226.0,1300.0,1226.0
2021-01-20,0.0,0.07,1248.0,,16965,0,1151.0,1275.0,1150.0
2021-01-19,0.0,-0.02,1166.0,,27443,0,1200.0,1210.0,1135.0
2021-01-18,0.0,0.08,1186.0,,26651,0,1111.0,1190.0,1100.0
2021-01-17,0.0,0.1,1095.0,,27124,0,1019.0,1095.0,1005.0
2021-01-13,0.0,0.03,1000.0,,18909,0,975.0,1055.0,960.0
2021-01-12,0.0,0.0,967.0,,7370,0,988.0,988.0,951.0
2021-01-11,0.0,-0.02,970.0,,8707,0,975.0,980.0,958.0
2021-01-10,0.0,0.0,993.0,,7696,0,1008.0,1008.0,955.0
2021-01-07,0.0,0.02,989.0,,18578,0,1016.0,1036.0,982.0
2021-01-06,0.0,0.1,968.0,,34123,0,863.0,968.0,863.0
2021-01-05,0.0,0.0,880.0,,4504,0,868.0,885.0,867.0
2021-01-04,0.0,0.01,883.0,,5409,0,880.0,887.0,865.0
2021-01-03,0.0,0.01,870.0,,6728,0,850.0,880.0,850.0
2020-12-31,0.0,-0.03,859.0,,4781,0,870.0,877.0,855.0
2020-12-30,0.0,0.03,885.0,,4715,0,843.0,885.0,843.0
2020-12-29,0.0,0.01,859.0,,3677,0,837.0,859.0,837.0
2020-12-28,0.0,0.01,852.0,,2175,0,831.0,852.0,831.0
2020-12-27,0.0,-0.01,847.0,,4961,0,855.0,855.0,835.0
2020-12-24,0.0,-0.03,855.0,,2497,0,890.0,890.0,851.0
2020-12-23,0.0,-0.02,878.0,,3970,0,882.0,900.0,862.0
2020-12-22,0.0,0.07,899.0,,10656,0,850.0,900.0,850.0
2020-12-21,0.0,0.01,837.0,,10278,0,800.0,869.0,784.0
2020-12-20,0.0,-0.07,843.0,,12411,0,887.0,903.0,830.0
2020-12-17,0.0,0.0,905.0,,18668,0,919.0,950.0,867.0
2020-12-16,0.0,0.07,902.0,,29346,0,840.0,929.0,840.0
2020-12-15,0.0,0.02,845.0,,12553,0,835.0,863.0,831.0
2020-12-14,0.0,0.04,831.0,,24645,0,800.0,834.0,800.0
2020-12-13,0.0,0.01,796.0,,8531,0,792.0,805.0,781.0
2020-12-10,0.0,0.0,785.0,,2613,0,800.0,800.0,755.0
2020-12-09,0.0,0.0,786.0,,7709,0,769.0,799.0,764.0
2020-12-08,0.0,-0.01,784.0,,7360,0,805.0,817.0,780.0
2020-12-07,0.0,0.02,790.0,,6169,0,785.0,800.0,760.0
2020-12-06,0.0,-0.06,775.0,,8541,0,809.0,809.0,765.0
2020-12-03,0.0,0.01,825.0,,23641,0,815.0,840.0,800.0
2020-12-02,0.0,0.06,814.0,,25830,0,770.0,837.0,768.0
2020-12-01,0.0,0.0,769.0,,5197,0,765.0,770.0,755.0
2020-11-30,0.0,0.0,768.0,,4023,0,760.0,772.0,760.0
2020-11-29,0.0,-0.02,768.0,,6005,0,770.0,770.0,755.0
2020-11-26,0.0,-0.01,780.0,,7900,0,824.0,824.0,765.0
2020-11-25,0.0,0.02,780.0,,7408,0,755.0,793.0,755.0
2020-11-24,0.0,0.01,768.0,,5739,0,755.0,768.0,752.0
2020-11-23,0.0,-0.01,764.0,,6241,0,770.0,770.0,756.0
2020-11-22,0.0,0.02,771.0,,7559,0,794.0,794.0,750.0
2020-11-19,0.0,0.0,757.0,,4307,0,747.0,772.0,747.0
2020-11-18,0.0,0.0,745.0,,2625,0,770.0,773.0,743.0
2020-11-12,0.0,0.0,759.0,,2140,0,775.0,775.0,754.0
2020-11-11,0.0,-1.92,765.0,,3843,0,765.0,776.0,765.0
2020-11-10,0.0,-0.89,780.0,,1820,0,772.0,787.0,770.0
2020-11-09,0.0,-0.25,787.0,,2577,0,775.0,787.0,775.0
2020-11-08,0.0,0.51,789.0,,3898,0,780.0,789.0,775.0
2020-11-05,0.0,-0.38,785.0,,4156,0,775.0,785.0,765.0
2020-11-04,0.0,1.16,788.0,,8177,0,779.0,794.0,771.0
2020-11-03,0.0,1.43,779.0,,11169,0,780.0,781.0,766.0
2020-11-02,0.0,-0.26,768.0,,6788,0,732.0,775.0,732.0
2020-11-01,0.0,4.05,770.0,,10987,0,777.0,777.0,725.0
2020-10-29,0.0,1.51,740.0,,1241,0,715.0,741.0,715.0
2020-10-28,0.0,0.41,729.0,,1134,0,726.0,740.0,715.0
2020-10-22,0.0,-1.63,726.0,,1120,0,750.0,750.0,724.0
2020-10-21,0.0,0.14,738.0,,1363,0,725.0,740.0,725.0
2020-10-20,0.0,-0.27,737.0,,890,0,745.0,745.0,721.0
2020-10-19,0.0,1.93,739.0,,1021,0,719.0,739.0,719.0
2020-10-18,0.0,0.97,725.0,,1873,0,710.0,725.0,710.0
2020-10-15,0.0,-1.51,718.0,,2849,0,729.0,743.0,718.0
2020-10-14,0.0,0.55,729.0,,539,0,718.0,732.0,718.0
2020-10-13,0.0,0.0,725.0,,4021,0,719.0,750.0,719.0
2020-10-12,0.0,0.55,725.0,,1340,0,710.0,731.0,710.0
2020-10-11,0.0,-1.9,721.0,,3482,0,722.0,735.0,720.0
2020-10-08,0.0,2.08,735.0,,5056,0,720.0,735.0,716.0
2020-10-07,0.0,-0.83,720.0,,8154,0,726.0,726.0,715.0
2020-10-06,0.0,-2.42,726.0,,9972,0,745.0,745.0,725.0
2020-10-05,0.0,-0.4,744.0,,4100,0,752.0,766.0,732.0
2020-10-04,0.0,1.63,747.0,,2773,0,749.0,758.0,732.0
2020-10-01,0.0,0.14,735.0,,3839,0,731.0,748.0,731.0
2020-09-30,0.0,0.55,734.0,,1465,0,720.0,739.0,720.0
2020-09-29,0.0,-0.82,730.0,,4699,0,750.0,750.0,728.0
2020-09-28,0.0,-1.08,736.0,,3311,0,737.0,740.0,735.0
2020-09-27,0.0,0.13,744.0,,5411,0,757.0,770.0,735.0
2020-09-24,0.0,-1.98,743.0,,5268,0,743.0,758.0,740.0
2020-09-23,0.0,1.07,758.0,,8348,0,748.0,765.0,740.0
2020-09-22,0.0,-0.92,750.0,,2036,0,750.0,760.0,750.0
2020-09-21,0.0,-2.32,757.0,,4352,0,760.0,770.0,750.0
2020-09-20,0.0,0.78,775.0,,2948,0,770.0,783.0,752.0
2020-09-17,0.0,0.79,769.0,,7954,0,759.0,770.0,759.0
2020-09-16,0.0,1.46,763.0,,3473,0,745.0,763.0,745.0
2020-09-15,0.0,-1.96,752.0,,4849,0,767.0,767.0,751.0
2020-09-14,0.0,-1.41,767.0,,7482,0,816.0,816.0,757.0
2020-09-13,0.0,-1.27,778.0,,10799,0,773.0,780.0,769.0
2020-09-10,0.0,-0.25,788.0,,9575,0,790.0,805.0,772.0
2020-09-09,0.0,1.54,790.0,,12102,0,780.0,802.0,775.0
2020-09-08,0.0,1.97,778.0,,5767,0,749.0,785.0,747.0
2020-09-07,0.0,1.19,763.0,,5643,0,745.0,764.0,739.0
2020-09-06,0.0,-1.44,754.0,,2895,0,780.0,780.0,751.0
2020-09-03,0.0,0.39,765.0,,8768,0,762.0,765.0,752.0
2020-09-02,0.0,-1.93,762.0,,4646,0,815.0,815.0,761.0
2020-08-31,0.0,0.39,777.0,,6239,0,812.0,812.0,766.0
2020-08-27,0.0,-1.28,770.0,,4220,0,780.0,793.0,761.0
2020-08-26,0.0,1.56,780.0,,4543,0,755.0,782.0,755.0
2020-08-25,0.0,1.45,768.0,,2961,0,755.0,770.0,752.0
2020-08-24,0.0,4.27,757.0,,5106,0,730.0,768.0,730.0
2020-08-23,0.0,-0.55,726.0,,2235,0,730.0,735.0,722.0
2020-08-20,0.0,0.14,730.0,,982,0,717.0,732.0,717.0
2020-08-19,0.0,-0.41,729.0,,2985,0,768.0,768.0,720.0
2020-08-18,0.0,-0.81,732.0,,4184,0,750.0,765.0,730.0
2020-08-17,0.0,1.23,738.0,,3545,0,730.0,739.0,725.0
2020-08-16,0.0,-2.8,729.0,,3750,0,745.0,749.0,726.0
2020-08-13,0.0,-1.32,750.0,,3451,0,747.0,761.0,745.0
2020-08-12,0.0,-0.26,760.0,,7743,0,750.0,765.0,749.0
2020-08-11,0.0,-5.46,762.0,,9464,0,790.0,790.0,747.0
2020-08-10,0.0,3.07,806.0,,4382,0,767.0,810.0,767.0
2020-08-09,0.0,1.82,782.0,,2381,0,755.0,782.0,740.0
2020-08-06,0.0,-1.29,768.0,,2027,0,763.0,774.0,748.0
2020-08-05,0.0,-2.56,760.0,,1975,0,765.0,772.0,750.0
2020-08-03,0.0,0.65,780.0,,2510,0,770.0,790.0,755.0
2020-08-02,0.0,-5.14,775.0,,4785,0,801.0,801.0,770.0
2020-07-30,0.0,1.62,817.0,,2931,0,788.0,828.0,788.0
2020-07-29,0.0,-5.3,804.0,,10660,0,850.0,850.0,794.0
2020-07-28,0.0,-1.28,849.0,,7372,0,850.0,875.0,820.0
2020-07-27,0.0,-2.15,865.0,,5282,0,870.0,878.0,845.0
2020-07-26,0.0,1.96,884.0,,9750,0,910.0,910.0,847.0
2020-07-23,0.0,9.89,867.0,,13534,0,780.0,867.0,777.0
2020-07-22,0.0,-0.88,789.0,,5784,0,805.0,805.0,782.0
2020-07-21,0.0,-1.12,796.0,,5064,0,821.0,826.0,790.0
2020-07-20,0.0,-4.17,805.0,,4242,0,882.0,882.0,804.0
2020-07-19,0.0,1.94,840.0,,20,0,840.0,840.0,840.0
2020-07-16,0.0,-0.12,824.0,,3358,0,836.0,841.0,801.0
2020-07-15,0.0,0.86,825.0,,4227,0,804.0,825.0,795.0
2020-07-14,0.0,2.38,818.0,,5026,0,805.0,825.0,796.0
2020-07-13,0.0,-0.13,799.0,,5509,0,791.0,816.0,779.0
2020-07-12,0.0,2.56,800.0,,6059,0,765.0,810.0,750.0
2020-07-09,0.0,-2.5,780.0,,1970,0,802.0,802.0,765.0
2020-07-08,0.0,-1.23,800.0,,2576,0,818.0,818.0,773.0
2020-07-07,0.0,6.58,810.0,,6175,0,765.0,826.0,760.0
2020-07-06,0.0,3.83,760.0,,2965,0,732.0,760.0,691.0
2020-07-05,0.0,2.66,732.0,,3290,0,713.0,734.0,666.0
2020-07-02,0.0,-3.78,713.0,,280,0,727.0,727.0,713.0
2020-07-01,0.0,2.07,741.0,,451,0,726.0,754.0,726.0
2020-06-30,0.0,5.22,726.0,,801,0,677.0,726.0,677.0
2020-06-29,0.0,0.0,690.0,,1400,0,716.0,716.0,716.0
2020-05-12,0.0,-2.98,716.0,,20,0,724.0,724.0,716.0
2020-03-22,0.0,-1.73,738.0,,348,0,751.0,760.0,738.0
2020-03-19,0.0,5.03,751.0,,3818,0,701.0,775.0,690.0
2020-03-18,0.0,1.37,740.0,,3941,0,735.0,803.0,690.0
2020-03-17,0.0,-8.29,730.0,,3485,0,810.0,811.0,730.0
2020-03-16,0.0,-2.81,796.0,,3907,0,779.0,829.0,779.0
2020-03-15,0.0,-6.83,819.0,,9756,0,862.0,862.0,792.0
2020-03-12,0.0,-1.79,879.0,,5502,0,900.0,912.0,849.0
2020-03-11,0.0,6.93,895.0,,6841,0,840.0,913.0,810.0
2020-03-10,0.0,-7.51,837.0,,3365,0,888.0,888.0,837.0
2020-03-05,0.0,4.75,905.0,,8504,0,880.0,938.0,839.0
2020-03-04,0.0,-10.0,864.0,,8200,0,945.0,945.0,864.0
2020-03-02,0.0,-4.18,985.0,,3243,0,1008.0,1048.0,970.0
2020-02-27,0.0,0.09,1097.0,,9499,0,1075.0,1116.0,1056.0
2020-02-26,0.0,-2.06,1096.0,,15353,0,1105.0,1127.0,1085.0
2020-02-25,0.0,-0.27,1119.0,,26220,0,1144.0,1188.0,1070.0
2020-02-23,0.0,9.91,1020.0,,2295,0,974.0,1020.0,974.0
2020-02-19,0.0,9.9,844.0,,150,0,806.0,844.0,806.0
2020-02-18,0.0,9.87,768.0,,1090,0,733.0,768.0,733.0
2019-05-19,0.0,-1.55,699.0,,987,0,701.0,703.0,688.0
2019-05-16,0.0,-0.7,710.0,,1773,0,729.0,729.0,704.0
2019-05-15,0.0,-3.12,715.0,,1369,0,752.0,764.0,707.0
2019-05-14,0.0,-3.15,738.0,,944,0,771.0,771.0,724.0
2019-05-13,0.0,7.32,762.0,,200,0,715.0,762.0,715.0
2019-05-12,0.0,-0.7,710.0,,461,0,711.0,728.0,710.0
2019-05-09,0.0,-2.05,715.0,,1564,0,730.0,730.0,715.0
2019-05-08,0.0,2.53,730.0,,120,0,712.0,730.0,712.0
2019-05-07,0.0,-3.0,712.0,,1548,0,740.0,740.0,712.0
2019-05-06,0.0,0.55,734.0,,63,0,720.0,734.0,720.0
2019-05-05,0.0,1.39,730.0,,132,0,720.0,734.0,720.0
2019-05-02,0.0,-2.96,720.0,,460,0,728.0,728.0,720.0
2019-04-30,0.0,-1.98,742.0,,104,0,762.0,762.0,742.0
2019-04-29,0.0,-1.82,757.0,,310,0,773.0,784.0,757.0
2019-04-28,0.0,4.9,771.0,,1574,0,749.0,800.0,749.0
2019-04-25,0.0,0.68,735.0,,1140,0,740.0,740.0,721.0
2019-04-24,0.0,-3.05,730.0,,3639,0,740.0,760.0,730.0
2019-04-23,0.0,-3.09,753.0,,1450,0,768.0,768.0,753.0
2019-04-22,0.0,-3.48,777.0,,2410,0,790.0,790.0,761.0
2019-04-21,0.0,1.39,805.0,,1154,0,809.0,824.0,780.0
2019-04-18,0.0,-5.48,794.0,,460,0,824.0,824.0,794.0
2019-04-16,0.0,1.58,835.0,,1125,0,830.0,844.0,824.0
2019-04-15,0.0,0.86,822.0,,1035,0,800.0,829.0,800.0
2019-04-11,0.0,2.0,815.0,,278,0,809.0,816.0,800.0
2019-04-09,0.0,1.27,799.0,,660,0,780.0,799.0,780.0
2019-04-07,0.0,-1.29,765.0,,299,0,775.0,775.0,765.0
2019-04-04,0.0,-3.73,775.0,,250,0,790.0,790.0,775.0
2019-04-02,0.0,1.26,805.0,,936,0,800.0,808.0,792.0
2019-04-01,0.0,1.66,795.0,,116,0,784.0,795.0,782.0
2019-03-31,0.0,-1.01,782.0,,568,0,805.0,805.0,781.0
2019-03-28,0.0,-3.66,790.0,,740,0,804.0,804.0,790.0
2019-03-26,0.0,1.64,804.0,,64,0,790.0,804.0,790.0
2019-03-25,0.0,-1.74,791.0,,218,0,800.0,800.0,791.0
2019-03-21,0.0,1.49,820.0,,107,0,805.0,820.0,805.0
2019-03-19,0.0,-0.86,808.0,,1020,0,816.0,830.0,808.0
2019-03-18,0.0,-3.44,815.0,,724,0,834.0,834.0,815.0
2019-03-17,0.0,-0.12,844.0,,110,0,850.0,850.0,818.0
2019-03-14,0.0,-0.47,845.0,,120,0,855.0,855.0,845.0
2019-03-13,0.0,-1.96,849.0,,179,0,866.0,866.0,833.0
2019-03-12,0.0,-0.23,867.0,,1055,0,853.0,870.0,853.0
2019-03-11,0.0,2.0,869.0,,182,0,865.0,869.0,852.0
2019-03-07,0.0,3.9,852.0,,1128,0,818.0,852.0,811.0
2019-03-06,0.0,-1.8,820.0,,197,0,820.0,835.0,820.0
2019-03-05,0.0,1.21,835.0,,120,0,809.0,835.0,809.0
2019-03-03,0.0,-1.79,825.0,,160,0,825.0,840.0,825.0
2019-02-27,0.0,1.2,840.0,,489,0,846.0,846.0,830.0
2019-02-26,0.0,-0.95,830.0,,72,0,830.0,838.0,830.0
2019-02-25,0.0,1.7,838.0,,173,0,812.0,838.0,812.0
2019-02-24,0.0,-1.9,824.0,,753,0,839.0,840.0,824.0
2019-02-21,0.0,-0.59,840.0,,231,0,829.0,845.0,813.0
2019-02-20,0.0,-0.47,845.0,,108,0,833.0,849.0,825.0
2019-02-19,0.0,9.69,849.0,,582,0,789.0,849.0,774.0
2019-02-18,0.0,-3.25,774.0,,388,0,785.0,800.0,774.0
2019-02-17,0.0,-1.84,800.0,,405,0,810.0,815.0,800.0
2019-02-14,0.0,-0.61,815.0,,392,0,804.0,820.0,801.0
2019-02-13,0.0,0.49,820.0,,50,0,820.0,820.0,816.0
2019-02-12,0.0,-0.97,816.0,,143,0,819.0,825.0,816.0
2019-02-11,0.0,-1.9,824.0,,50,0,830.0,840.0,824.0
2019-02-10,0.0,1.33,840.0,,475,0,825.0,840.0,813.0
2019-02-07,0.0,-1.89,829.0,,418,0,831.0,845.0,829.0
2019-02-06,0.0,-1.74,845.0,,273,0,860.0,860.0,845.0
2019-02-05,0.0,1.78,860.0,,376,0,850.0,860.0,845.0
2019-02-04,0.0,-3.76,845.0,,120,0,861.0,878.0,845.0
2019-02-03,0.0,1.97,878.0,,60,0,861.0,878.0,861.0
2019-01-31,0.0,-0.46,861.0,,282,0,865.0,870.0,861.0
2019-01-30,0.0,-0.23,865.0,,439,0,867.0,867.0,856.0
2019-01-29,0.0,1.17,867.0,,1065,0,857.0,874.0,850.0
2019-01-28,0.0,-3.49,857.0,,610,0,888.0,900.0,857.0
2019-01-27,0.0,-0.11,888.0,,82,0,889.0,889.0,872.0
2019-01-23,0.0,-1.33,888.0,,150,0,900.0,900.0,882.0
2019-01-22,0.0,0.0,900.0,,324,0,900.0,900.0,894.0
2019-01-21,0.0,-2.17,900.0,,240,0,920.0,920.0,867.0
2019-01-17,0.0,-2.44,920.0,,106,0,943.0,943.0,907.0
2019-01-16,0.0,0.11,943.0,,685,0,942.0,943.0,907.0
2019-01-15,0.0,3.4,942.0,,660,0,911.0,943.0,911.0
2019-01-14,0.0,1.9,911.0,,92,0,894.0,911.0,894.0
2019-01-13,0.0,-1.98,894.0,,100,0,912.04,912.04,894.0
2019-01-10,0.0,-0.91,985.0,,1979,0,994.0,999.0,965.0
2019-01-09,0.0,2.47,994.0,,588,0,970.0,999.0,965.0
2019-01-08,0.0,-5.55,970.0,,1109,0,1027.0,1044.0,970.0
2019-01-03,0.0,-6.97,1027.0,,3764,0,1104.0,1125.0,1010.0
2019-01-02,0.0,9.42,1104.0,,7962,0,1009.0,1105.0,1009.0
2019-01-01,0.0,9.91,1009.0,,3762,0,918.0,1009.0,907.0
2018-12-31,0.0,-1.61,918.0,,1056,0,933.0,940.0,900.0
2018-12-30,0.0,-3.72,933.0,,330,0,969.0,980.0,933.0
2018-12-27,0.0,-1.12,969.0,,2875,0,980.0,1020.0,950.0
2018-12-26,0.0,6.52,980.0,,1820,0,920.0,980.0,920.0
2018-12-25,0.0,-0.76,920.0,,397,0,927.0,927.0,891.0
2018-12-24,0.0,-3.13,927.0,,2236,0,957.0,969.0,906.0
2018-12-23,0.0,10.0,957.0,,2704,0,870.0,957.0,870.0
2018-12-20,0.0,0.0,870.0,,944,0,870.0,887.0,853.0
2018-12-19,0.0,0.69,870.0,,550,0,864.0,870.0,847.0
2018-12-18,0.0,-5.16,864.0,,3315,0,911.0,930.0,840.0
2018-12-17,0.0,9.89,911.0,,420,0,829.0,911.0,829.0
2018-12-16,0.0,9.95,829.0,,811,0,754.0,829.0,754.0
2018-12-13,0.0,1.89,754.0,,10,0,740.0,754.0,740.0
2018-12-12,0.0,-1.99,740.0,,413,0,755.0,755.0,737.0
2018-12-11,0.0,-3.21,755.0,,276,0,780.0,780.0,750.0
2018-12-10,0.0,4.84,780.0,,161,0,744.0,803.0,744.0
2018-12-09,0.0,-2.11,744.0,,1896,0,760.0,760.0,744.0
2018-12-06,0.0,-7.43,760.0,,235,0,821.0,821.0,760.0
2018-12-04,0.0,-3.33,870.0,,375,0,900.0,918.0,870.0
2018-12-03,0.0,-2.49,900.0,,1603,0,923.0,925.0,895.0
2018-12-02,0.0,-1.91,923.0,,30,0,941.0,941.0,923.0
2018-11-29,0.0,-2.99,941.0,,116,0,970.0,970.0,941.0
2018-11-28,0.0,-0.41,970.0,,10,0,974.0,974.0,970.0
2018-11-27,0.0,5.75,974.0,,146,0,921.0,974.0,921.0
2018-11-26,0.0,-0.97,921.0,,1175,0,930.0,930.0,921.0
2018-11-25,0.0,-5.3,930.0,,553,0,982.0,982.0,930.0
2018-11-21,0.0,-1.8,982.0,,50,0,1000.0,1000.0,980.0
2018-11-20,0.0,-1.96,1000.0,,42,0,1020.0,1020.0,1000.0
2018-11-19,0.0,-1.73,1020.0,,130,0,1038.0,1038.0,1020.0
2018-11-15,0.0,-0.1,1040.0,,204,0,1041.0,1041.0,1026.0
2018-11-05,0.0,0.19,1041.0,,334,0,1025.0,1041.0,1021.0
2018-11-04,0.0,-1.98,1039.0,,100,0,1040.0,1040.0,1039.0
2018-11-01,0.0,0.0,1050.0,,220,0,1040.0,1060.0,1040.0
2018-10-31,0.0,-3.2,1074.0,,114,0,1075.0,1075.0,1060.0
2018-10-30,0.0,0.55,1095.0,,401,0,1110.0,1110.0,1075.0
2018-10-29,0.0,-3.54,1089.0,,3512,0,1111.0,1111.0,1068.0
2018-10-28,0.0,0.18,1129.0,,386,0,1127.0,1130.0,1127.0
2018-10-25,0.0,1.53,1127.0,,580,0,1091.0,1127.0,1088.0
2018-10-24,0.0,0.36,1110.0,,41,0,1110.0,1110.0,1110.0
2018-10-23,0.0,-3.74,1107.0,,390,0,1127.0,1127.0,1105.0
2018-10-22,0.0,1.95,1149.0,,180,0,1105.0,1149.0,1100.0
2018-10-15,0.0,-1.91,1127.0,,555,0,1130.0,1137.0,1127.0
2018-10-14,0.0,4.45,1149.0,,308,0,1122.0,1149.0,1122.0
2018-10-11,0.0,1.76,1105.0,,636,0,1100.0,1122.0,1100.0
2018-10-10,0.0,-3.05,1081.0,,2158,0,1105.0,1105.0,1080.0
2018-10-09,0.0,-1.76,1115.0,,436,0,1150.0,1150.0,1115.0
2018-10-08,0.0,-0.35,1135.0,,426,0,1140.0,1140.0,1122.0
2018-10-07,0.0,-3.39,1139.0,,3900,0,1174.0,1174.0,1125.0
2018-10-04,0.0,-1.75,1179.0,,1793,0,1176.0,1180.0,1155.0
2018-10-03,0.0,0.84,1200.0,,788,0,1209.0,1209.0,1152.0
2018-10-02,0.0,-0.5,1195.0,,2873,0,1200.0,1226.0,1176.0
2018-10-01,0.0,-2.76,1205.0,,1640,0,1220.0,1240.0,1196.0
2018-09-30,0.0,-1.2,1230.0,,75,0,1230.0,1230.0,1230.0
2018-09-27,0.0,-0.4,1245.0,,255,0,1275.0,1275.0,1237.0
2018-09-26,0.0,-0.79,1256.0,,561,0,1275.0,1275.0,1250.0
2018-09-25,0.0,-1.79,1260.0,,2380,0,1308.0,1310.0,1260.0
2018-09-23,0.0,-7.43,1283.0,,156,0,1359.0,1359.0,1283.0
2018-09-20,0.0,1.32,1386.0,,10,0,1386.0,1386.0,1386.0
2018-09-18,0.0,1.94,1368.0,,10,0,1368.0,1368.0,1368.0
2018-09-16,0.0,1.9,1342.0,,160,0,1343.0,1343.0,1330.0
2018-09-13,0.0,1.31,1317.0,,3566,0,1300.0,1340.0,1300.0
2018-09-12,0.0,3.59,1299.0,,605,0,1280.0,1331.0,1279.0
2018-09-11,0.0,-0.32,1263.0,,1362,0,1265.0,1289.0,1255.0
2018-09-10,0.0,1.94,1259.0,,360,0,1230.0,1259.0,1230.0
2018-09-09,0.0,-5.58,1245.0,,840,0,1308.0,1308.0,1235.0
2018-09-06,0.0,-0.46,1308.0,,277,0,1339.0,1339.0,1286.0
2018-09-05,0.0,7.27,1314.0,,827,0,1248.0,1320.0,1248.0
2018-09-04,0.0,2.94,1225.0,,460,0,1213.0,1230.0,1201.0
2018-09-03,0.0,0.0,1190.0,,850,0,1213.0,1249.0,1190.0
2018-09-02,0.0,-2.06,1190.0,,1143,0,1225.0,1225.0,1176.0
2018-08-30,0.0,3.32,1215.0,,497,0,1199.0,1240.0,1199.0
2018-08-29,0.0,-5.16,1194.0,,656,0,1218.0,1220.0,1176.0
2018-08-23,0.0,-0.4,1240.0,,610,0,1230.0,1240.0,1221.0
2018-08-22,0.0,1.63,1245.0,,94,0,1225.0,1245.0,1225.0
2018-08-21,0.0,-1.61,1225.0,,160,0,1225.0,1225.0,1225.0
2018-08-20,0.0,-3.49,1245.0,,290,0,1300.0,1300.0,1245.0
2018-08-19,0.0,-2.27,1290.0,,40,0,1294.0,1294.0,1269.0
2018-08-16,0.0,1.15,1320.0,,20,0,1320.0,1320.0,1320.0
2018-08-15,0.0,4.4,1305.0,,1535,0,1230.0,1305.0,1230.0
2018-08-14,0.0,3.31,1250.0,,770,0,1210.0,1250.0,1210.0
2018-08-13,0.0,1.51,1210.0,,100,0,1210.0,1210.0,1210.0
2018-08-12,0.0,-3.25,1192.0,,511,0,1208.0,1208.0,1185.0
2018-08-09,0.0,-1.44,1232.0,,442,0,1255.0,1255.0,1232.0
2018-08-08,0.0,-0.71,1250.0,,66,0,1250.0,1250.0,1250.0
2018-08-07,0.0,0.16,1259.0,,411,0,1265.0,1284.0,1259.0
2018-08-06,0.0,-1.49,1257.0,,11,0,1257.0,1257.0,1257.0
2018-08-05,0.0,-1.92,1276.0,,35,0,1300.0,1300.0,1276.0
2018-08-02,0.0,-0.76,1301.0,,33,0,1301.0,1301.0,1301.0
2018-08-01,0.0,-1.13,1311.0,,190,0,1310.0,1311.0,1310.0
2018-07-30,0.0,-1.7,1326.0,,109,0,1325.0,1326.0,1325.0
2018-07-25,0.0,1.89,1349.0,,16,0,1349.0,1349.0,1349.0
2018-07-24,0.0,-1.93,1328.0,,2895,0,1323.0,1370.0,1323.0
2018-07-23,0.0,1.2,1350.0,,416,0,1358.0,1358.0,1312.0
2018-07-22,0.0,-1.4,1334.0,,251,0,1360.0,1360.0,1320.0
2018-07-19,0.0,1.73,1353.0,,130,0,1356.0,1380.0,1353.0
2018-07-18,0.0,0.0,1330.0,,76,0,1330.0,1330.0,1330.0
2018-07-17,0.0,-1.77,1330.0,,600,0,1327.0,1369.0,1327.0
2018-07-16,0.0,2.27,1354.0,,1623,0,1345.0,1354.0,1320.0
2018-07-15,0.0,-1.93,1324.0,,1190,0,1323.0,1349.0,1322.0
2018-07-12,0.0,-1.68,1350.0,,2829,0,1400.0,1413.0,1300.0
2018-07-11,0.0,2.39,1373.0,,2943,0,1367.0,1425.0,1367.0
2018-07-10,0.0,-3.53,1341.0,,2700,0,1415.0,1415.0,1341.0
2018-07-09,0.0,-1.77,1390.0,,342,0,1387.0,1400.0,1370.0
2018-07-08,0.0,2.76,1415.0,,8822,0,1404.0,1432.0,1380.0
2018-07-05,0.0,8.0,1361.0,,1908,0,1298.0,1377.0,1280.0
2018-07-04,0.0,1.11,1275.0,,559,0,1260.0,1285.0,1238.0
2018-07-03,0.0,-0.71,1270.0,,416,0,1265.0,1270.0,1261.0
2018-07-02,0.0,1.6,1270.0,,272,0,1250.0,1275.0,1250.0
2018-07-01,0.0,-1.13,1311.0,,190,0,1310.0,1311.0,1310.0
2018-06-28,0.0,-3.03,1280.0,,162,0,1310.0,1310.0,1280.0
2018-06-27,0.0,3.94,1320.0,,280,0,1295.0,1320.0,1290.0
2018-06-26,0.0,-3.13,1271.0,,366,0,1285.0,1285.0,1270.0
2018-06-24,0.0,-0.3,1311.0,,448,0,1335.0,1335.0,1311.0
2018-06-21,0.0,0.08,1315.0,,484,0,1291.0,1315.0,1291.0
2018-06-20,0.0,-3.45,1334.0,,147,0,1340.0,1340.0,1314.0
2018-06-18,0.0,2.18,1361.0,,993,0,1307.0,1361.0,1306.0
2018-06-17,0.0,-3.48,1337.0,,915,0,1355.0,1355.0,1332.0
2018-06-14,0.0,1.1,1380.0,,330,0,1386.0,1386.0,1360.0
2018-06-13,0.0,-1.23,1365.0,,256,0,1407.0,1407.0,1352.0
2018-06-12,0.0,1.99,1377.0,,1686,0,1350.0,1382.0,1328.0
2018-06-11,0.0,0.44,1355.0,,3705,0,1375.0,1390.0,1322.0
2018-06-10,0.0,-2.25,1349.0,,3082,0,1355.0,1370.0,1330.0
2018-06-07,0.0,0.58,1380.0,,4064,0,1399.0,1453.0,1380.0
2018-06-06,0.0,-3.24,1372.0,,1055,0,1446.0,1519.0,1372.0
2018-06-04,0.0,-0.21,1418.0,,2609,0,1440.0,1449.0,1368.0
2018-06-03,0.0,-5.46,1421.0,,4860,0,1473.0,1474.0,1421.0
2018-05-31,0.0,-1.25,1503.0,,536,0,1530.0,1530.0,1477.0
2018-05-30,0.0,-1.3,1522.0,,2810,0,1513.0,1555.0,1500.0
2018-05-29,0.0,0.13,1542.0,,2866,0,1570.0,1575.0,1505.0
2018-05-28,0.0,3.7,1540.0,,2452,0,1485.0,1550.0,1498.0
2018-05-27,0.0,-4.81,1485.0,,3796,0,1574.0,1574.0,1485.0
2018-05-24,0.0,-2.8,1560.0,,14966,0,1605.0,1600.0,1526.0
2018-05-23,0.0,3.55,1605.0,,12145,0,1519.0,1605.0,1491.0
2018-05-22,0.0,3.4,1550.0,,3479,0,1528.0,1575.0,1460.0
2018-05-21,0.0,3.81,1499.0,,789,0,1450.0,1499.0,1444.0
2018-05-20,0.0,0.98,1444.0,,3403,0,1458.0,1463.0,1435.0
2018-05-17,0.0,0.0,1430.0,,629,0,1433.0,1445.0,1430.0
2018-05-16,0.0,1.2,1430.0,,1895,0,1420.0,1430.0,1420.0
2018-05-14,0.0,-2.55,1416.0,,1587,0,1421.0,1438.0,1413.0
2018-05-10,0.0,1.19,1450.0,,3599,0,1433.0,1450.0,1412.0
2018-05-09,0.0,1.7,1433.0,,1875,0,1409.0,1433.0,1403.0
2018-05-08,0.0,1.37,1410.0,,1380,0,1390.0,1437.0,1390.0
2018-05-07,0.0,-1.42,1391.0,,2331,0,1384.0,1415.0,1382.0
2018-05-06,0.0,-3.62,1413.0,,2021,0,1492.0,1492.0,1410.0
2018-05-03,0.0,1.74,1463.0,,6328,0,1438.0,1470.0,1410.0
2018-05-02,0.0,1.34,1438.0,,830,0,1419.0,1438.0,1380.0
2018-04-29,0.0,1.36,1419.0,,5142,0,1427.0,1428.0,1394.0
2018-04-26,0.0,-1.34,1400.0,,1261,0,1428.0,1430.0,1374.0
2018-04-25,0.0,-0.07,1418.0,,855,0,1395.0,1422.0,1390.0
2018-04-24,0.0,0.57,1415.0,,2465,0,1396.0,1425.0,1369.0
2018-04-23,0.0,-3.81,1412.0,,1988,0,1470.0,1480.0,1381.0
2018-04-22,0.0,9.23,1468.0,,3769,0,1344.0,1478.0,1370.0
2018-04-19,0.0,-1.9,1344.0,,4756,0,1345.0,1443.0,1344.0
2018-04-18,0.0,1.11,1372.0,,2307,0,1382.0,1428.0,1350.0
2018-04-17,0.0,4.63,1355.0,,3405,0,1295.0,1370.0,1270.0
2018-04-16,0.0,6.06,1295.0,,1101,0,1245.0,1295.0,1235.0
2018-04-15,0.0,1.33,1221.0,,1375,0,1205.0,1221.0,1158.0
2018-04-12,0.0,0.42,1205.0,,804,0,1224.0,1230.0,1182.0
2018-04-11,0.0,0.0,1200.0,,682,0,1205.0,1220.0,1180.0
2018-04-10,0.0,1.1,1198.0,,1329,0,1165.0,1206.0,1145.0
2018-04-09,0.0,-5.42,1190.0,,3467,0,1280.0,1280.0,1187.0
2018-04-08,0.0,8.66,1255.0,,3566,0,1160.0,1270.0,1160.0
2018-04-05,0.0,6.06,1153.0,,2995,0,1105.0,1155.0,1067.0
2018-04-04,0.0,10.0,1085.0,,761,0,1009.0,1089.0,1009.0
2018-04-03,0.0,1.43,982.0,,1849,0,957.0,990.0,957.0
2018-04-02,0.0,0.0,976.0,,61,0,995.0,995.0,976.0
2018-04-01,0.0,-5.7,976.0,,541,0,1015.0,1015.0,976.0
2018-03-29,0.0,6.7,1035.0,,266,0,989.0,1035.0,989.0
2018-03-28,0.0,-3.77,970.0,,825,0,988.0,1007.0,970.0
2018-03-27,0.0,6.11,1008.0,,1510,0,931.0,1008.0,858.0
2018-03-26,0.0,-9.52,950.0,,889,0,1029.0,1029.0,945.0
2018-03-22,0.0,-0.76,1045.0,,1340,0,1050.0,1050.0,1000.0
2018-03-21,0.0,-3.9,1058.0,,55,0,1079.0,1079.0,1058.0
2018-03-20,0.0,0.64,1101.0,,905,0,1076.0,1101.0,1045.0
2018-03-19,0.0,-2.76,1094.0,,550,0,1117.0,1117.0,1094.0
2018-03-18,0.0,-5.3,1130.0,,1020,0,1166.0,1166.0,1125.0
2018-03-15,0.0,-0.83,1188.0,,793,0,1198.0,1198.0,1153.0
2018-03-13,0.0,0.17,1198.0,,180,0,1198.0,1198.0,1198.0
2018-03-12,0.0,4.0,1196.0,,526,0,1150.0,1196.0,1173.0
2018-03-11,0.0,-4.64,1150.0,,715,0,1206.0,1190.0,1150.0
2018-03-07,0.0,1.86,1206.0,,643,0,1207.0,1255.0,1183.0
2018-03-06,0.0,2.07,1184.0,,1096,0,1137.0,1184.0,1115.0
2018-03-04,0.0,-3.87,1192.0,,170,0,1264.0,1264.0,1192.0
2018-02-28,0.0,-5.34,1240.0,,2002,0,1284.0,1284.0,1234.0
2018-02-27,0.0,3.97,1310.0,,257,0,1285.0,1336.0,1285.0
2018-02-26,0.0,-3.82,1260.0,,440,0,1285.0,1285.0,1260.0
2018-02-25,0.0,-0.07,1335.0,,178,0,1329.0,1335.0,1320.0
2018-02-22,0.0,1.98,1310.0,,60,0,1336.0,1336.0,1310.0
2018-02-21,0.0,0.69,1310.0,,637,0,1310.0,1328.0,1310.0
2018-02-20,0.0,-2.18,1301.0,,1004,0,1356.0,1356.0,1301.0
2018-02-18,0.0,-1.7,1330.0,,3289,0,1353.0,1400.0,1330.0
2018-02-15,0.0,1.42,1640.0,,4459,0,1649.0,1650.0,1600.0
2018-02-14,0.0,1.89,1617.0,,1736,0,1587.0,1618.0,1587.0
2018-02-12,0.0,-4.57,1589.0,,857,0,1695.0,1695.0,1587.0
2018-02-11,0.0,6.95,1663.0,,8182,0,1586.0,1663.0,1554.0
2018-02-08,0.0,4.36,1555.0,,4470,0,1462.0,1555.0,1445.0
2018-02-07,0.0,-4.18,1500.0,,820,0,1565.0,1565.0,1490.0
2018-02-06,0.0,-2.75,1555.0,,205,0,1570.0,1570.0,1550.0
2018-02-05,0.0,-1.9,1599.0,,393,0,1600.0,1600.0,1590.0
2018-02-04,0.0,1.81,1605.0,,147,0,1601.0,1630.0,1599.0
2018-02-01,0.0,1.97,1599.0,,2541,0,1599.0,1601.0,1587.0
2018-01-31,0.0,-0.32,1570.0,,470,0,1585.0,1585.0,1560.0
2018-01-29,0.0,-0.32,1575.0,,291,0,1560.0,1575.0,1560.0
2018-01-28,0.0,-1.86,1580.0,,98,0,1579.0,1581.0,1579.0
2018-01-25,0.0,2.88,1610.0,,291,0,1565.0,1610.0,1565.0
2018-01-24,0.0,-2.19,1565.0,,940,0,1570.0,1570.0,1547.0
2018-01-23,0.0,-5.33,1599.0,,2190,0,1658.0,1660.0,1571.0
2018-01-22,0.0,0.3,1690.0,,5751,0,1699.0,1700.0,1688.0
2018-01-21,0.0,-0.41,1685.0,,103,0,1678.0,1685.0,1678.0
2018-01-17,0.0,-1.8,1692.0,,680,0,1690.0,1720.0,1690.0
2018-01-16,0.0,0.06,1723.0,,84,0,1690.0,1723.0,1690.0
2018-01-14,0.0,-1.43,1724.0,,2294,0,1749.0,1750.0,1722.0
2018-01-10,0.0,-1.58,1750.0,,1485,0,1765.0,1775.0,1747.0
2018-01-09,0.0,-0.06,1775.0,,477,0,1776.0,1809.0,1775.0
2018-01-08,0.0,-0.95,1776.0,,1214,0,1800.0,1800.0,1770.0
2018-01-07,0.0,-3.34,1793.0,,3322,0,1855.0,1861.0,1793.0
2018-01-04,0.0,1.64,1855.0,,4623,0,1801.0,1890.0,1791.0
2018-01-03,0.0,3.69,1819.0,,11302,0,1775.0,1825.0,1741.0
2018-01-02,0.0,0.57,1760.0,,4703,0,1715.0,1820.0,1715.0
2018-01-01,0.0,7.23,1750.0,,675,0,1664.0,1750.0,1664.0
2017-12-31,0.0,-1.98,1632.0,,10,0,1632.0,1632.0,1632.0
2017-12-28,0.0,-0.66,1665.0,,326,0,1643.0,1665.0,1601.0
2017-12-27,0.0,-2.95,1678.0,,2000,0,1693.0,1739.0,1661.0
2017-12-26,0.0,-1.31,1727.0,,1913,0,1722.0,1755.0,1722.0
2017-12-24,0.0,-1.13,1771.0,,3605,0,1801.0,1810.0,1750.0
2017-12-21,0.0,-1.67,1770.0,,2112,0,1770.0,1800.0,1765.0
2017-12-20,0.0,3.39,1800.0,,2294,0,1740.0,1807.0,1740.0
2017-12-19,0.0,-0.51,1741.0,,32,0,1742.0,1742.0,1741.0
2017-12-18,0.0,-1.69,1750.0,,2550,0,1815.0,1815.0,1750.0
2017-12-17,0.0,-9.09,1781.0,,6182,0,1979.0,1997.0,1772.0
2017-12-14,0.0,7.19,1908.0,,4371,0,1800.0,1909.0,1780.0
2017-12-13,0.0,0.45,1780.0,,975,0,1750.0,1780.0,1750.0
2017-12-12,0.0,-0.89,1772.0,,1441,0,1776.0,1776.0,1765.0
2017-12-11,0.0,-1.27,1788.0,,626,0,1785.0,1790.0,1785.0
2017-12-10,0.0,-1.04,1811.0,,792,0,1810.0,1830.0,1810.0
2017-12-06,0.0,-0.33,1830.0,,2368,0,1872.0,1872.0,1815.0
2017-12-05,0.0,2.0,1835.0,,1214,0,1768.0,1836.0,1768.0
2017-12-04,0.0,-1.96,1800.0,,399,0,1800.0,1805.0,1800.0
2017-11-30,0.0,2.57,1836.0,,4541,0,1810.0,1836.0,1740.0
2017-11-29,0.0,-3.24,1790.0,,1740,0,1860.0,1870.0,1790.0
2017-11-28,0.0,4.64,1850.0,,3971,0,1803.0,1938.0,1803.0
2017-11-27,0.0,9.14,1768.0,,3744,0,1651.0,1768.0,1650.0
2017-11-26,0.0,1.19,1620.0,,3239,0,1601.0,1642.0,1580.0
2017-11-23,0.0,3.29,1601.0,,501,0,1550.0,1601.0,1550.0
2017-11-22,0.0,0.65,1550.0,,19,0,1550.0,1550.0,1550.0
2017-11-21,0.0,0.59,1540.0,,236,0,1525.0,1540.0,1525.0
2017-11-20,0.0,-3.1,1531.0,,531,0,1549.0,1549.0,1501.0
2017-11-19,0.0,1.28,1580.0,,40,0,1560.0,1580.0,1580.0
2017-11-16,0.0,-2.5,1560.0,,1401,0,1570.0,1570.0,1540.0
2017-11-15,0.0,-0.62,1600.0,,1644,0,1625.0,1625.0,1571.0
2017-11-14,0.0,2.35,1610.0,,2432,0,1604.0,1658.0,1580.0
2017-11-13,0.0,-1.69,1574.0,,1431,0,1600.0,1601.0,1570.0
2017-11-12,0.0,-3.9,1600.0,,2394,0,1665.0,1632.0,1552.0
2017-11-09,0.0,1.83,1665.0,,4302,0,1603.0,1665.0,1565.0
2017-11-08,0.0,-1.86,1640.0,,1316,0,1666.0,1666.0,1600.0
2017-11-07,0.0,-5.34,1667.0,,1038,0,1750.0,1785.0,1666.0
2017-11-06,0.0,-1.01,1760.0,,1641,0,1778.0,1770.0,1720.0
2017-11-05,0.0,-4.41,1778.0,,3820,0,1870.0,1870.0,1710.0
2017-11-02,0.0,-0.43,1860.0,,65,0,1871.0,1871.0,1860.0
2017-11-01,0.0,-0.64,1869.0,,370,0,1900.0,1900.0,1866.0
2017-10-31,0.0,-0.53,1881.0,,413,0,1890.0,1907.0,1870.0
2017-10-30,0.0,0.91,1890.0,,939,0,1880.0,1910.0,1880.0
2017-10-29,0.0,-1.68,1874.0,,183,0,1890.0,1900.0,1873.0
2017-10-25,0.0,-1.04,1905.0,,1378,0,1925.0,1925.0,1895.0
2017-10-24,0.0,-2.09,1925.0,,127,0,1966.0,1928.0,1925.0
2017-10-23,0.0,-1.95,1966.0,,871,0,2005.0,1976.0,1966.0
2017-10-22,0.0,-1.13,2005.0,,153,0,2050.0,2050.0,2005.0
2017-10-18,0.0,1.05,2019.0,,644,0,1970.0,2028.0,1970.0
2017-10-17,0.0,1.36,2007.0,,410,0,1985.0,2010.0,1970.0
2017-10-16,0.0,3.99,1980.0,,270,0,1890.0,1980.0,1890.0
2017-10-15,0.0,1.98,1900.0,,560,0,1895.0,1904.0,1870.0
2017-10-12,0.0,-0.64,1867.0,,342,0,1866.0,1867.0,1866.0
2017-10-11,0.0,-0.84,1879.0,,431,0,1895.0,1895.0,1870.0
2017-10-10,0.0,-2.32,1895.0,,1445,0,1905.0,1910.0,1895.0
2017-10-09,0.0,-1.77,1940.0,,547,0,1936.0,1943.0,1905.0
2017-10-08,0.0,-1.45,1975.0,,10,0,1975.0,1975.0,1975.0
2017-10-04,0.0,0.05,2004.0,,165,0,2005.0,2005.0,1970.0
2017-10-03,0.0,0.4,2003.0,,150,0,2002.0,2003.0,2002.0
2017-09-26,0.0,0.55,1995.0,,949,0,1984.0,2000.0,1971.0
2017-09-25,0.0,1.22,1968.0,,600,0,1960.0,1984.0,1944.0
2017-09-24,0.0,0.0,1960.0,,797,0,1961.0,1961.0,1955.0
2017-09-20,0.0,-0.25,1960.0,,917,0,1999.0,1999.0,1941.0
2017-09-18,0.0,-0.81,1965.0,,760,0,1980.0,1980.0,1946.0
2017-09-17,0.0,-3.37,1981.0,,2638,0,2090.0,2090.0,1976.0
2017-09-14,0.0,7.33,2050.0,,1677,0,1925.0,2075.0,1925.0
2017-09-13,0.0,-1.6,1910.0,,894,0,1905.0,1943.0,1905.0
2017-09-12,0.0,-3.19,1941.0,,680,0,1985.0,1985.0,1941.0
2017-09-11,0.0,-1.72,2025.0,,390,0,2000.0,2040.0,2000.0
2017-09-10,0.0,-3.18,2040.0,,2844,0,2120.0,2120.0,1966.0
2017-09-07,0.0,-2.68,2107.0,,370,0,2151.0,2151.0,2105.0
2017-09-06,0.0,3.05,2165.0,,3848,0,2142.0,2184.0,2121.0
2017-09-04,0.0,-2.73,2101.0,,2283,0,2117.0,2150.0,2041.0
2017-08-31,0.0,-2.26,2160.0,,365,0,2210.0,2170.0,2130.0
2017-08-30,0.0,-0.81,2210.0,,645,0,2190.0,2210.0,2180.0
2017-08-28,0.0,0.36,2210.0,,2488,0,2264.0,2264.0,2200.0
2017-08-27,0.0,1.79,2220.0,,1502,0,2181.0,2230.0,2185.0
2017-08-24,0.0,2.44,2181.0,,1283,0,2129.0,2181.0,2087.0
2017-08-23,0.0,-6.42,2129.0,,6236,0,2230.0,2230.0,2117.0
2017-08-22,0.0,1.11,2275.0,,535,0,2275.0,2325.0,2275.0
2017-08-21,0.0,-1.36,2250.0,,430,0,2247.0,2250.0,2247.0
2017-08-20,0.0,-0.78,2282.0,,1437,0,2300.0,2310.0,2281.0
2017-08-17,0.0,1.37,2299.0,,2481,0,2275.0,2299.0,2240.0
2017-08-16,0.0,5.15,2268.0,,3701,0,2199.0,2284.0,2140.0
2017-08-15,0.0,-3.71,2157.0,,2530,0,2200.0,2200.0,2157.0
2017-08-13,0.0,-1.75,2240.0,,662,0,2235.0,2240.0,2225.0
2017-08-10,0.0,-0.44,2280.0,,1264,0,2300.0,2305.0,2280.0
2017-08-09,0.0,-1.63,2290.0,,1250,0,2300.0,2301.0,2256.0
2017-08-07,0.0,1.44,2328.0,,180,0,2340.0,2340.0,2295.0
2017-08-06,0.0,-0.35,2295.0,,1722,0,2270.0,2299.0,2230.0
2017-08-03,0.0,-2.83,2303.0,,4537,0,2370.0,2410.0,2281.0
2017-08-02,0.0,-2.27,2370.0,,2692,0,2430.0,2519.0,2360.0
2017-08-01,0.0,6.36,2410.0,,5857,0,2300.0,2425.0,2295.0
2017-07-31,0.0,5.21,2280.0,,3914,0,2210.0,2290.0,2200.0
2017-07-30,0.0,2.02,2167.0,,3613,0,2085.0,2167.0,2042.0
2017-07-27,0.0,9.99,2124.0,,8427,0,1945.0,2124.0,1945.0
2017-07-26,0.0,1.63,1928.0,,594,0,1900.0,1931.0,1900.0
2017-07-25,0.0,0.85,1900.0,,3623,0,1885.0,1905.0,1880.0
2017-07-24,0.0,0.21,1879.0,,1470,0,1900.0,1900.0,1852.0
2017-07-23,0.0,3.01,1880.0,,1585,0,1835.0,1880.0,1820.0
2017-07-20,0.0,1.16,1825.0,,290,0,1819.0,1825.0,1810.0
2017-07-19,0.0,1.06,1804.0,,747,0,1790.0,1804.0,1776.0
2017-07-18,0.0,2.29,1785.0,,2262,0,1760.0,1805.0,1745.0
2017-07-17,0.0,0.34,1745.0,,616,0,1770.0,1800.0,1745.0
2017-07-16,0.0,-0.06,1739.0,,180,0,1735.0,1739.0,1730.0
2017-07-13,0.0,0.0,1740.0,,238,0,1707.0,1741.0,1707.0
2017-07-12,0.0,1.46,1740.0,,400,0,1730.0,1740.0,1730.0
2017-07-11,0.0,2.27,1715.0,,200,0,1685.0,1715.0,1685.0
2017-07-10,0.0,-2.5,1677.0,,110,0,1711.0,1711.0,1677.0
2017-07-09,0.0,-0.86,1720.0,,650,0,1735.0,1740.0,1700.0
2017-07-06,0.0,0.58,1735.0,,1119,0,1710.0,1735.0,1710.0
2017-07-05,0.0,1.17,1725.0,,736,0,1705.0,1725.0,1705.0
2017-07-04,0.0,0.83,1705.0,,690,0,1700.0,1705.0,1675.0
2017-07-03,0.0,0.06,1691.0,,350,0,1700.0,1724.0,1691.0
2017-07-02,0.0,-0.59,1720.0,,200,0,1690.0,1723.0,1690.0
2017-06-28,0.0,0.0,1700.0,,187,0,1685.0,1700.0,1685.0
2017-06-27,0.0,0.0,1700.0,,360,0,1700.0,1700.0,1700.0
2017-06-25,0.0,1.19,1700.0,,1635,0,1700.0,1706.0,1686.0
2017-06-22,0.0,1.2,1680.0,,610,0,1660.0,1693.0,1660.0
2017-06-21,0.0,-0.66,1690.0,,1110,0,1650.0,1690.0,1650.0
2017-06-20,0.0,-1.71,1671.0,,570,0,1700.0,1700.0,1671.0
2017-06-19,0.0,-0.58,1700.0,,40,0,1700.0,1700.0,1700.0
2017-06-18,0.0,0.23,1710.0,,900,0,1706.0,1715.0,1700.0
2017-06-15,0.0,0.29,1710.0,,1235,0,1735.0,1740.0,1702.0
2017-06-14,0.0,-0.53,1701.0,,140,0,1730.0,1730.0,1701.0
2017-06-13,0.0,2.4,1710.0,,210,0,1685.0,1735.0,1685.0
2017-06-12,0.0,0.18,1670.0,,285,0,1634.0,1670.0,1634.0
2017-06-11,0.0,-3.64,1680.0,,151,0,1700.0,1700.0,1667.0
2017-06-08,0.0,-1.14,1730.0,,450,0,1775.0,1775.0,1730.0
2017-06-07,0.0,-1.96,1750.0,,725,0,1750.0,1780.0,1750.0
2017-06-06,0.0,5.0,1785.0,,1585,0,1700.0,1793.0,1700.0
2017-06-05,0.0,0.0,1700.0,,500,0,1710.0,1710.0,1700.0
2017-06-04,0.0,-1.45,1700.0,,170,0,1700.0,1700.0,1700.0
2017-06-01,0.0,0.12,1725.0,,527,0,1701.0,1725.0,1700.0
2017-05-31,0.0,1.35,1723.0,,160,0,1700.0,1723.0,1690.0
2017-05-30,0.0,-2.47,1700.0,,120,0,1730.0,1730.0,1700.0
2017-05-28,0.0,-0.4,1743.0,,100,0,1740.0,1743.0,1740.0
2017-05-24,0.0,0.4,1750.0,,486,0,1743.0,1750.0,1730.0
2017-05-23,0.0,0.17,1743.0,,280,0,1750.0,1750.0,1743.0
2017-05-22,0.0,-1.69,1751.0,,200,0,1770.0,1770.0,1740.0
2017-05-18,0.0,0.57,1770.0,,295,0,1760.0,1770.0,1745.0
2017-05-17,0.0,-0.23,1760.0,,350,0,1780.0,1780.0,1760.0
2017-05-16,0.0,-2.0,1764.0,,100,0,1765.0,1765.0,1764.0
2017-05-15,0.0,0.56,1800.0,,585,0,1800.0,1800.0,1790.0
2017-05-11,0.0,2.87,1790.0,,332,0,1774.0,1790.0,1773.0
2017-05-09,0.0,4.13,1740.0,,1972,0,1671.0,1755.0,1700.0
2017-05-08,0.0,-1.71,1671.0,,1298,0,1700.0,1734.0,1671.0
2017-05-07,0.0,-3.74,1700.0,,330,0,1731.0,1731.0,1670.0
2017-05-04,0.0,-1.34,1766.0,,550,0,1825.0,1825.0,1766.0
2017-05-03,0.0,-0.56,1790.0,,2442,0,1836.0,1836.0,1770.0
2017-05-02,0.0,4.05,1800.0,,2265,0,1750.0,1800.0,1730.0
2017-04-30,0.0,-1.98,1731.0,,700,0,1750.0,1750.0,1730.0
2017-04-27,0.0,-1.94,1766.0,,1990,0,1765.0,1799.0,1741.0
2017-04-26,0.0,4.59,1801.0,,2891,0,1756.0,1815.0,1750.0
2017-04-25,0.0,-1.6,1722.0,,1047,0,1785.0,1790.0,1722.0
2017-04-24,0.0,-1.41,1750.0,,1076,0,1750.0,1790.0,1750.0
2017-04-23,0.0,2.01,1775.0,,1465,0,1774.0,1810.0,1750.0
2017-04-20,0.0,-0.63,1740.0,,3698,0,1786.0,1822.0,1740.0
2017-04-19,0.0,9.51,1751.0,,3315,0,1599.0,1751.0,1600.0
2017-04-18,0.0,1.52,1599.0,,2632,0,1575.0,1700.0,1515.0
2017-04-16,0.0,-1.48,2599.0,,15342,0,2640.0,2680.0,2549.0
2017-04-13,0.0,1.46,2638.0,,3856,0,2600.0,2700.0,2565.0
2017-04-12,0.0,-3.7,2600.0,,3331,0,2750.0,2810.0,2600.0
2017-04-11,0.0,9.09,2700.0,,6994,0,2524.0,2700.0,2486.0
2017-04-10,0.0,10.0,2475.0,,8388,0,2265.0,2475.0,2265.0
2017-04-09,0.0,6.79,2250.0,,11141,0,2149.0,2317.0,2149.0
2017-04-06,0.0,-6.36,2107.0,,4502,0,2250.0,2240.0,2107.0
2017-04-04,0.0,2.27,2250.0,,2534,0,2156.0,2275.0,2113.0
2017-04-03,0.0,-4.51,2200.0,,1376,0,2350.0,2350.0,2200.0
2017-04-02,0.0,9.77,2304.0,,2757,0,2140.0,2308.0,2140.0
2017-03-30,0.0,4.95,2099.0,,2734,0,2000.0,2101.0,1941.0
2017-03-29,0.0,-4.31,2000.0,,3083,0,2090.0,2131.0,2000.0
2017-03-28,0.0,10.0,2090.0,,2576,0,1900.0,2090.0,1938.0
2017-03-26,0.0,2.15,1900.0,,4704,0,1880.0,2011.0,1880.0
2017-03-23,0.0,-0.53,1860.0,,673,0,1907.0,1907.0,1850.0
2017-03-22,0.0,-5.08,1870.0,,3260,0,1970.0,2000.0,1870.0
2017-03-21,0.0,9.99,1970.0,,1536,0,1791.0,1970.0,1761.0
2017-03-20,0.0,-1.49,1791.0,,1899,0,1854.0,1889.0,1782.0
2017-03-19,0.0,6.01,1818.0,,662,0,1715.0,1818.0,1749.0
2017-03-16,0.0,-0.29,1715.0,,610,0,1750.0,1754.0,1715.0
2017-03-15,0.0,1.78,1715.0,,560,0,1700.0,1720.0,1690.0
2017-03-14,0.0,0.0,1690.0,,100,0,1690.0,1690.0,1690.0
2017-03-13,0.0,-1.63,1690.0,,653,0,1690.0,1718.0,1685.0
2017-03-09,0.0,1.96,1718.0,,135,0,1685.0,1718.0,1685.0
2017-03-07,0.0,-1.63,1685.0,,190,0,1705.0,1705.0,1685.0
2017-03-06,0.0,0.76,1713.0,,180,0,1700.0,1713.0,1680.0
2017-03-05,0.0,-0.29,1700.0,,270,0,1739.0,1773.0,1700.0
2017-03-02,0.0,1.31,1705.0,,550,0,1716.0,1716.0,1683.0
2017-03-01,0.0,2.0,1683.0,,756,0,1650.0,1683.0,1650.0
2017-02-28,0.0,-1.2,1650.0,,1100,0,1699.0,1699.0,1633.0
2017-02-26,0.0,-1.76,1670.0,,539,0,1666.0,1699.0,1640.0
2017-02-23,0.0,-0.12,1700.0,,649,0,1671.0,1703.0,1670.0
2017-02-22,0.0,-5.44,1702.0,,1503,0,1770.0,1799.0,1702.0
2017-02-21,0.0,-1.1,1791.0,,5924,0,1856.0,1893.0,1715.0
2017-02-20,0.0,2.13,1820.0,,11881,0,1800.0,1909.0,1785.0
2017-02-19,0.0,10.0,1782.0,,3910,0,1588.0,1782.0,1555.0
2017-02-16,0.0,3.08,1607.0,,1295,0,1528.0,1610.0,1528.0
2017-02-15,0.0,0.65,1550.0,,490,0,1560.0,1560.0,1520.0
2017-02-14,0.0,10.0,1540.0,,2303,0,1373.0,1540.0,1372.0
2017-02-13,0.0,2.12,1400.0,,1126,0,1345.0,1424.0,1319.0
2017-02-12,0.0,-0.65,1375.0,,1741,0,1370.0,1441.0,1358.0
2017-02-09,0.0,-5.8,1380.0,,1121,0,1436.0,1436.0,1380.0
2017-02-08,0.0,1.45,1465.0,,1120,0,1472.0,1472.0,1450.0
2017-02-07,0.0,-3.09,1444.0,,812,0,1480.0,1480.0,1400.0
2017-02-05,0.0,-6.87,1491.0,,882,0,1571.0,1571.0,1490.0
2017-02-02,0.0,4.58,1600.0,,1676,0,1560.0,1600.0,1530.0
2017-02-01,0.0,8.13,1530.0,,860,0,1443.0,1556.0,1442.0
2017-01-31,0.0,8.43,1415.0,,1973,0,1331.0,1435.0,1331.0
2017-01-30,0.0,-9.5,1305.0,,4787,0,1417.0,1417.0,1305.0
2017-01-26,0.0,-3.87,1442.0,,1154,0,1471.0,1530.0,1432.0
2017-01-25,0.0,-6.25,1500.0,,850,0,1620.0,1620.0,1500.0
2017-01-24,0.0,-1.84,1600.0,,690,0,1630.0,1635.0,1571.0
2017-01-23,0.0,-1.51,1630.0,,333,0,1622.0,1632.0,1600.0
2017-01-22,0.0,-2.93,1655.0,,406,0,1680.0,1680.0,1655.0
2017-01-19,0.0,1.19,1705.0,,1035,0,1665.0,1739.0,1665.0
2017-01-18,0.0,5.84,1685.0,,3208,0,1623.0,1748.0,1623.0
2017-01-17,0.0,9.94,1592.0,,1103,0,1470.0,1592.0,1467.0
2017-01-16,0.0,0.0,1448.0,,116,0,1420.0,1448.0,1420.0
2017-01-15,0.0,1.97,1448.0,,10,0,1448.0,1448.0,1448.0
2017-01-12,0.0,-0.7,1420.0,,1116,0,1402.0,1430.0,1400.0
2017-01-11,0.0,-1.38,1431.0,,300,0,1431.0,1431.0,1430.0
2017-01-10,0.0,0.0,1450.0,,20,0,1450.0,1450.0,1450.0
2017-01-09,0.0,-1.76,1450.0,,97,0,1470.0,1470.0,1450.0
2017-01-08,0.0,3.94,1476.0,,20,0,1448.0,1476.0,1448.0
2017-01-05,0.0,-1.73,1420.0,,145,0,1417.0,1420.0,1417.0
2017-01-04,0.0,0.28,1445.0,,51,0,1445.0,1445.0,1445.0
2017-01-03,0.0,-5.63,1441.0,,370,0,1500.0,1500.0,1441.0
2017-01-02,0.0,3.6,1505.0,,170,0,1498.0,1527.0,1490.0
2016-12-29,0.0,-0.2,1474.0,,597,0,1477.0,1477.0,1446.0
2016-12-28,0.0,0.0,1477.0,,100,0,1477.0,1477.0,1477.0
2016-12-27,0.0,1.93,1477.0,,224,0,1421.0,1477.0,1405.0
2016-12-26,0.0,-3.08,1449.0,,515,0,1524.0,1525.0,1449.0
2016-12-22,0.0,3.67,1495.0,,450,0,1470.0,1495.0,1442.0
2016-12-21,0.0,-3.87,1442.0,,674,0,1470.0,1499.0,1442.0
2016-12-20,0.0,1.35,1496.0,,243,0,1451.0,1500.0,1451.0
2016-12-19,0.0,1.37,1480.0,,1050,0,1460.0,1500.0,1460.0
2016-12-18,0.0,2.24,1465.0,,490,0,1430.0,1487.0,1430.0
2016-12-15,0.0,2.0,1428.0,,20,0,1428.0,1428.0,1428.0
2016-12-14,0.0,-1.75,1400.0,,1163,0,1425.0,1425.0,1371.0
2016-12-12,0.0,0.35,1410.0,,3364,0,1400.0,1439.0,1372.0
2016-12-11,0.0,-0.7,1420.0,,632,0,1458.0,1458.0,1415.0
2016-12-08,0.0,-1.58,1430.0,,93,0,1430.0,1430.0,1430.0
2016-12-07,0.0,1.04,1453.0,,1824,0,1466.0,1466.0,1425.0
2016-12-06,0.0,0.42,1438.0,,1180,0,1460.0,1460.0,1410.0
2016-12-05,0.0,0.07,1432.0,,1439,0,1450.0,1479.0,1432.0
2016-12-04,0.0,-7.62,1431.0,,1410,0,1519.0,1519.0,1431.0
2016-12-01,0.0,6.02,1549.0,,2118,0,1462.0,1549.0,1401.0
2016-11-30,0.0,-3.82,1461.0,,220,0,1549.0,1549.0,1461.0
2016-11-29,0.0,1.81,1519.0,,1441,0,1463.0,1519.0,1399.0
2016-11-28,0.0,-5.81,1492.0,,63,0,1553.0,1553.0,1492.0
2016-11-24,0.0,-9.49,1584.0,,196,0,1715.0,1715.0,1584.0
2016-11-23,0.0,-1.96,1750.0,,10,0,1750.0,1750.0,1750.0
2016-11-22,0.0,-0.83,1785.0,,74,0,1785.0,1785.0,1785.0
2016-11-16,0.0,-1.1,1800.0,,70,0,1800.0,1800.0,1800.0
2016-11-15,0.0,-1.62,1820.0,,250,0,1887.0,1887.0,1820.0
2016-11-14,0.0,-0.8,1850.0,,30,0,1850.0,1850.0,1850.0
2016-11-13,0.0,-0.05,1865.0,,70,0,1866.0,1903.0,1865.0
2016-11-10,0.0,2.25,1866.0,,1372,0,1790.0,1866.0,1760.0
2016-11-08,0.0,-3.54,1825.0,,2610,0,1929.0,1929.0,1820.0
2016-11-07,0.0,5.7,1892.0,,492,0,1825.0,1925.0,1825.0
2016-11-03,0.0,-0.56,1790.0,,40,0,1810.0,1810.0,1790.0
2016-10-27,0.0,0.0,1800.0,,284,0,1830.0,1836.0,1800.0
2016-10-26,0.0,-1.53,1800.0,,521,0,1828.0,1836.0,1792.0
2016-10-25,0.0,-1.98,1828.0,,100,0,1828.0,1828.0,1828.0
2016-10-24,0.0,0.0,1865.0,,10,0,1865.0,1865.0,1865.0
2016-10-20,0.0,-4.36,1865.0,,357,0,1911.0,1911.0,1845.0
2016-10-16,0.0,-1.52,1950.0,,28,0,1950.0,1950.0,1950.0
2016-10-06,0.0,5.26,1980.0,,1114,0,1918.0,1980.0,1918.0
2016-10-05,0.0,10.0,1881.0,,340,0,1744.0,1881.0,1744.0
2016-10-04,0.0,0.29,1710.0,,20,0,1710.0,1710.0,1710.0
2016-10-03,0.0,-2.29,1705.0,,591,0,1715.0,1715.0,1705.0
2016-10-02,0.0,-3.86,1745.0,,420,0,1779.0,1780.0,1744.0
2016-09-29,0.0,-1.89,1820.0,,310,0,1815.0,1850.0,1815.0
2016-09-28,0.0,-4.64,1850.0,,90,0,1902.0,1910.0,1850.0
2016-09-27,0.0,-0.05,1940.0,,20,0,1941.0,1941.0,1940.0
2016-09-26,0.0,-1.97,1941.0,,10,0,1941.0,1941.0,1941.0
2016-09-25,0.0,2.06,1980.0,,199,0,1940.0,1980.0,1940.0
2016-09-22,0.0,2.06,1980.0,,199,0,1940.0,1980.0,1940.0
2016-09-21,0.0,1.94,1940.0,,700,0,1900.0,1941.0,1900.0
2016-09-20,0.0,1.98,1903.0,,861,0,1850.0,1941.0,1850.0
2016-09-18,0.0,-3.81,1866.0,,110,0,1902.0,1902.0,1864.0
2016-09-14,0.0,-1.72,1938.0,,330,0,1935.0,1940.0,1900.0
2016-09-12,0.0,1.75,1972.0,,2150,0,1910.0,1985.0,1910.0
2016-09-11,0.0,4.02,1940.0,,330,0,1902.0,1978.0,1902.0
2016-09-08,0.0,-0.8,1865.0,,1679,0,1855.0,1900.0,1843.0
2016-09-07,0.0,1.62,1880.0,,37,0,1887.0,1887.0,1880.0
2016-09-06,0.0,2.61,1850.0,,672,0,1839.0,1912.0,1839.0
2016-09-05,0.0,-2.28,1803.0,,2190,0,1810.0,1850.0,1800.0
2016-09-04,0.0,-2.89,1845.0,,100,0,1880.0,1880.0,1845.0
2016-09-01,0.0,4.11,1900.0,,633,0,1861.0,1900.0,1861.0
2016-08-31,0.0,-3.29,1825.0,,160,0,1850.0,1850.0,1825.0
2016-08-30,0.0,3.4,1887.0,,220,0,1861.0,1887.0,1825.0
2016-08-29,0.0,3.46,1825.0,,160,0,1780.0,1825.0,1779.0
2016-08-28,0.0,-2.0,1764.0,,730,0,1820.0,1820.0,1764.0
2016-08-24,0.0,0.0,1800.0,,816,0,1765.0,1800.0,1715.0
2016-08-23,0.0,-9.77,1800.0,,790,0,1956.0,1956.0,1796.0
2016-08-22,0.0,-1.97,1995.0,,10,0,1995.0,1995.0,1995.0
2016-08-21,0.0,-1.97,2035.0,,100,0,2035.0,2035.0,2035.0
2016-08-10,0.0,0.05,2076.0,,100,0,2076.0,2076.0,2076.0
2016-08-09,0.0,1.97,2075.0,,100,0,2075.0,2075.0,2075.0
2016-08-07,0.0,3.72,2035.0,,150,0,1962.0,2035.0,2001.0
2016-08-04,0.0,-1.9,1962.0,,665,0,2000.0,2040.0,1960.0
2016-08-03,0.0,0.0,2000.0,,40,0,2000.0,2000.0,2000.0
2016-08-02,0.0,-3.15,2000.0,,1015,0,2065.0,2060.0,1970.0
2016-08-01,0.0,-3.95,2065.0,,75,0,2150.0,2107.0,2065.0
2016-07-28,0.0,1.18,2150.0,,354,0,2125.0,2165.0,2150.0
2016-07-27,0.0,0.9,2125.0,,238,0,2106.0,2125.0,2100.0
2016-07-26,0.0,9.97,2106.0,,1490,0,1915.0,2106.0,1930.0
2016-07-25,0.0,-4.15,1915.0,,2080,0,1998.0,1959.0,1890.0
2016-07-21,0.0,-10.0,1998.0,,740,0,2220.0,2176.0,1998.0
2016-07-19,0.0,-1.33,2220.0,,40,0,2220.0,2220.0,2220.0
2016-07-14,0.0,4.41,2250.0,,5554,0,2190.0,2250.0,2160.0
2016-07-13,0.0,-2.05,2155.0,,205,0,2200.0,2156.0,2113.0
2016-07-12,0.0,-4.31,2200.0,,950,0,2299.0,2255.0,2200.0
2016-07-11,0.0,-0.04,2299.0,,354,0,2300.0,2299.0,2254.0
2016-07-10,0.0,-0.65,2300.0,,1757,0,2315.0,2350.0,2300.0
2016-07-06,0.0,0.22,2315.0,,1619,0,2264.0,2390.0,2250.0
2016-07-05,0.0,-6.85,2310.0,,900,0,2455.0,2455.0,2310.0
2016-07-04,0.0,-3.12,2480.0,,2347,0,2560.0,2650.0,2480.0
2016-07-03,0.0,2.44,2560.0,,3534,0,2499.0,2657.0,2498.0
2016-06-30,0.0,8.65,2499.0,,4206,0,2300.0,2499.0,2300.0
2016-06-29,0.0,2.45,2300.0,,708,0,2245.0,2379.0,2254.0
2016-06-28,0.0,-6.46,2245.0,,1009,0,2400.0,2405.0,2201.0
2016-06-27,0.0,4.9,2400.0,,3810,0,2288.0,2516.0,2333.0
2016-06-26,0.0,7.67,2288.0,,1062,0,2125.0,2288.0,2167.0
2016-06-23,0.0,3.26,2125.0,,1040,0,2058.0,2140.0,2062.0
2016-06-22,0.0,0.34,2058.0,,1367,0,2040.0,2075.0,2010.0
2016-06-21,0.0,1.28,2051.0,,2282,0,2025.0,2051.0,2030.0
2016-06-20,0.0,1.25,2025.0,,644,0,2000.0,2030.0,1990.0
2016-06-19,0.0,0.0,2000.0,,967,0,2000.0,2030.0,2000.0
2016-06-16,0.0,-2.68,2000.0,,2930,0,2055.0,2050.0,2000.0
2016-06-15,0.0,-1.2,2055.0,,680,0,2080.0,2080.0,2000.0
2016-06-14,0.0,-0.53,2085.0,,6051,0,2132.0,2174.0,2050.0
2016-06-13,0.0,7.23,2091.0,,4126,0,1950.0,2091.0,1950.0
2016-06-12,0.0,-0.51,1950.0,,1420,0,1960.0,1990.0,1913.0
2016-06-09,0.0,3.65,1960.0,,4662,0,1900.0,1973.0,1900.0
2016-06-08,0.0,-1.56,1891.0,,3590,0,1921.0,1940.0,1891.0
2016-06-07,0.0,-3.27,1921.0,,2075,0,2000.0,2025.0,1920.0
2016-06-06,0.0,3.98,1986.0,,1645,0,1910.0,1986.0,1882.0
2016-06-05,0.0,-1.95,1910.0,,20,0,1948.0,1910.0,1910.0
2016-06-02,0.0,2.42,1948.0,,1683,0,1902.0,1948.0,1880.0
2016-06-01,0.0,0.0,1902.0,,880,0,1902.0,1960.0,1902.0
2016-05-31,0.0,1.06,1902.0,,40,0,1882.0,1902.0,1865.0
2016-05-30,0.0,-1.47,1882.0,,373,0,1910.0,1910.0,1882.0
2016-05-29,0.0,-0.26,1910.0,,780,0,1915.0,1910.0,1870.0
2016-05-26,0.0,-2.45,1915.0,,1163,0,1963.0,1960.0,1888.0
2016-05-25,0.0,-0.51,1963.0,,2156,0,1973.0,1968.0,1899.0
2016-05-24,0.0,6.65,1973.0,,3007,0,1850.0,1973.0,1886.0
2016-05-23,0.0,-0.54,1850.0,,2509,0,1860.0,1890.0,1846.0
2016-05-22,0.0,1.09,1860.0,,2045,0,1840.0,1876.0,1850.0
2016-05-19,0.0,-0.54,1840.0,,190,0,1850.0,1900.0,1840.0
2016-05-18,0.0,-1.6,1850.0,,800,0,1880.0,1870.0,1850.0
2016-05-17,0.0,2.51,1879.0,,5644,0,1850.0,1900.0,1850.0
2016-05-16,0.0,1.16,1834.0,,620,0,1813.0,1836.0,1800.0
2016-05-15,0.0,-2.0,1813.0,,275,0,1850.0,1850.0,1813.0
2016-05-12,0.0,2.22,1840.0,,202,0,1820.0,1840.0,1820.0
2016-05-11,0.0,0.0,1800.0,,400,0,1800.0,1830.0,1800.0
2016-05-10,0.0,0.28,1800.0,,1070,0,1830.0,1859.0,1800.0
2016-05-09,0.0,1.41,1795.0,,3333,0,1775.0,1836.0,1775.0
2016-05-08,0.0,-1.67,1770.0,,462,0,1800.0,1800.0,1770.0
2016-05-05,0.0,-1.96,1800.0,,190,0,1836.0,1800.0,1800.0
2016-05-04,0.0,-1.29,1836.0,,1751,0,1860.0,1858.0,1790.0
2016-05-03,0.0,-1.59,1860.0,,135,0,1890.0,1890.0,1860.0
2016-05-02,0.0,0.05,1890.0,,514,0,1889.0,1930.0,1890.0
2016-04-28,0.0,4.94,1889.0,,1215,0,1800.0,1905.0,1836.0
2016-04-27,0.0,1.69,1800.0,,1442,0,1770.0,1860.0,1800.0
2016-04-26,0.0,-0.45,1770.0,,2273,0,1778.0,1835.0,1770.0
2016-04-25,0.0,7.11,1778.0,,471,0,1660.0,1778.0,1640.0
2016-04-24,0.0,1.97,1660.0,,198,0,1628.0,1660.0,1628.0
2016-04-21,0.0,-3.67,1628.0,,102,0,1690.0,1657.0,1626.0
2016-04-18,0.0,0.0,1690.0,,1363,0,1690.0,1711.0,1690.0
2016-04-14,0.0,0.96,1690.0,,232,0,1674.0,1690.0,1680.0
2016-04-12,0.0,2.7,1674.0,,510,0,1630.0,1674.0,1630.0
2016-04-11,0.0,0.31,1630.0,,142,0,1625.0,1650.0,1620.0
2016-04-10,0.0,-1.99,1625.0,,10,0,1658.0,1625.0,1625.0
2016-04-06,0.0,-1.95,1658.0,,40,0,1691.0,1658.0,1658.0
2016-04-05,0.0,-1.11,1691.0,,210,0,1725.0,1725.0,1691.0
2016-04-04,0.0,1.18,1710.0,,84,0,1690.0,1734.0,1689.0
2016-04-03,0.0,-1.46,1690.0,,110,0,1715.0,1710.0,1690.0
2016-03-31,0.0,-0.98,1715.0,,770,0,1732.0,1749.0,1700.0
2016-03-30,0.0,-1.59,1732.0,,350,0,1760.0,1750.0,1732.0
2016-03-29,0.0,-0.28,1754.0,,2663,0,1730.0,1760.0,1705.0
2016-03-28,0.0,2.02,1765.0,,1460,0,1730.0,1765.0,1730.0
2016-03-27,0.0,-1.7,1730.0,,229,0,1760.0,1730.0,1725.0
2016-03-24,0.0,-0.28,1760.0,,264,0,1765.0,1765.0,1760.0
2016-03-23,0.0,0.28,1765.0,,2280,0,1760.0,1767.0,1740.0
2016-03-21,0.0,0.57,1760.0,,2023,0,1765.0,1785.0,1750.0
2016-03-20,0.0,-0.85,1750.0,,360,0,1800.0,1800.0,1750.0
2016-03-17,0.0,3.82,1760.0,,642,0,1700.0,1765.0,1700.0
2016-03-16,0.0,-1.16,1700.0,,92,0,1686.0,1700.0,1686.0
2016-03-15,0.0,1.18,1720.0,,1700,0,1680.0,1720.0,1680.0
2016-03-14,0.0,-5.29,1700.0,,1606,0,1760.0,1760.0,1700.0
2016-03-13,0.0,-2.18,1795.0,,662,0,1799.0,1799.0,1764.0
2016-03-10,0.0,4.86,1835.0,,5506,0,1785.0,1835.0,1765.0
2016-03-06,0.0,2.94,1750.0,,9207,0,1715.0,1758.0,1710.0
2016-03-03,0.0,4.62,1680.0,,2704,0,1640.0,1700.0,1617.0
2016-03-02,0.0,0.93,1625.0,,942,0,1610.0,1625.0,1590.0
2016-03-01,0.0,1.32,1610.0,,1410,0,1565.0,1611.0,1565.0
2016-02-29,0.0,2.52,1589.0,,1608,0,1550.0,1647.0,1580.0
2016-02-28,0.0,-2.21,1550.0,,190,0,1585.0,1580.0,1550.0
2016-02-25,0.0,2.59,1585.0,,1447,0,1532.0,1615.0,1532.0
2016-02-24,0.0,-0.96,1545.0,,131,0,1588.0,1588.0,1545.0
2016-02-22,0.0,0.97,1560.0,,1003,0,1531.0,1575.0,1531.0
2016-02-21,0.0,0.98,1545.0,,1523,0,1510.0,1560.0,1510.0
2016-02-18,0.0,-4.38,1530.0,,3207,0,1600.0,1570.0,1509.0
2016-02-17,0.0,-0.5,1600.0,,650,0,1608.0,1607.0,1576.0
2016-02-16,0.0,-0.06,1608.0,,796,0,1609.0,1608.0,1600.0
2016-02-15,0.0,-0.68,1605.0,,1800,0,1600.0,1609.0,1570.0
2016-02-14,0.0,1.31,1610.0,,2615,0,1570.0,1629.0,1568.0
2016-02-11,0.0,0.82,1599.0,,678,0,1586.0,1599.0,1539.0
2016-02-08,0.0,-3.88,1586.0,,60,0,1650.0,1617.0,1586.0
2016-02-07,0.0,0.0,1650.0,,487,0,1650.0,1683.0,1650.0
2016-02-04,0.0,-4.62,1650.0,,2790,0,1740.0,1740.0,1645.0
2016-02-03,0.0,3.59,1730.0,,2538,0,1670.0,1755.0,1670.0
2016-02-02,0.0,-0.3,1670.0,,834,0,1680.0,1742.0,1670.0
2016-02-01,0.0,1.52,1675.0,,2188,0,1650.0,1735.0,1670.0
2016-01-31,0.0,1.85,1650.0,,3607,0,1652.0,1652.0,1630.0
2016-01-28,0.0,-1.22,1620.0,,9302,0,1625.0,1625.0,1552.0
2016-01-24,0.0,7.82,1640.0,,2729,0,1521.0,1650.0,1550.0
2016-01-21,0.0,-1.55,1521.0,,812,0,1545.0,1531.0,1520.0
2016-01-20,0.0,-0.96,1545.0,,105,0,1545.0,1545.0,1545.0
2016-01-18,0.0,-0.64,1560.0,,112,0,1550.0,1560.0,1520.0
2016-01-17,0.0,1.97,1550.0,,503,0,1520.0,1550.0,1500.0
2016-01-13,0.0,1.0,1520.0,,703,0,1505.0,1534.0,1520.0
2016-01-12,0.0,0.33,1505.0,,1436,0,1490.0,1520.0,1490.0
2016-01-11,0.0,2.67,1490.0,,631,0,1432.0,1500.0,1432.0
2016-01-10,0.0,-3.88,1461.0,,1645,0,1520.0,1490.0,1455.0
2016-01-07,0.0,-1.93,1520.0,,1232,0,1570.0,1575.0,1520.0
2016-01-06,0.0,-1.96,1550.0,,118,0,1560.0,1560.0,1550.0
2016-01-05,0.0,-1.19,1581.0,,1815,0,1593.0,1615.0,1581.0
2016-01-04,0.0,-0.87,1600.0,,2594,0,1614.0,1645.0,1582.0
2016-01-03,0.0,3.13,1614.0,,6080,0,1589.0,1614.0,1581.0
2015-12-31,0.0,2.29,1565.0,,4025,0,1535.0,1590.0,1535.0
2015-12-29,0.0,0.99,1530.0,,5778,0,1515.0,1550.0,1510.0
2015-12-28,0.0,1.0,1515.0,,6748,0,1500.0,1515.0,1491.0
2015-12-25,0.0,2.74,1500.0,,2931,0,1489.0,1530.0,1489.0
2015-12-24,0.0,4.21,1460.0,,4657,0,1401.0,1460.0,1400.0
2015-12-23,0.0,-1.89,1401.0,,1608,0,1428.0,1419.0,1401.0
2015-12-22,0.0,3.1,1428.0,,3450,0,1370.0,1428.0,1351.0
2015-12-21,0.0,0.36,1385.0,,2031,0,1380.0,1400.0,1370.0
2015-12-20,0.0,-1.43,1380.0,,2210,0,1400.0,1400.0,1370.0
2015-12-17,0.0,2.19,1400.0,,4756,0,1375.0,1428.0,1365.0
2015-12-16,0.0,0.74,1370.0,,9304,0,1333.0,1450.0,1226.0
2015-12-15,0.0,-6.85,1360.0,,8192,0,1445.0,1445.0,1330.0
2015-12-14,0.0,-3.38,1460.0,,3321,0,1500.0,1500.0,1460.0
2015-12-13,0.0,0.73,1511.0,,3381,0,1470.0,1549.0,1470.0
2015-12-10,0.0,-3.23,1500.0,,4192,0,1581.0,1591.0,1452.0
2015-12-09,0.0,7.42,1550.0,,6119,0,1471.0,1583.0,1450.0
2015-12-08,0.0,7.61,1442.0,,1627,0,1335.0,1443.0,1335.0
2015-12-07,0.0,-4.21,1341.0,,3235,0,1402.0,1402.0,1340.0
2015-12-04,0.0,8.11,1400.0,,1284,0,1320.0,1400.0,1320.0
2015-12-03,0.0,4.86,1295.0,,459,0,1259.0,1307.0,1259.0
2015-12-02,0.0,-2.53,1240.0,,610,0,1242.0,1260.0,1235.0
2015-12-01,0.0,5.58,1267.0,,202,0,1200.0,1267.0,1220.0
2015-11-30,0.0,0.08,1200.0,,1480,0,1222.0,1222.0,1198.0
2015-11-29,0.0,-4.08,1199.0,,1105,0,1225.0,1225.0,1180.0
2015-11-26,0.0,-1.96,1250.0,,80,0,1251.0,1251.0,1250.0
2015-11-25,0.0,-0.39,1280.0,,120,0,1280.0,1280.0,1275.0
2015-11-24,0.0,0.47,1280.0,,300,0,1265.0,1280.0,1265.0
2015-11-23,0.0,-0.86,1274.0,,499,0,1275.0,1275.0,1250.0
2015-11-22,0.0,-3.38,1285.0,,570,0,1304.0,1304.0,1278.0
2015-11-19,0.0,0.76,1330.0,,586,0,1294.0,1330.0,1294.0
2015-11-18,0.0,0.0,1320.0,,842,0,1300.0,1325.0,1300.0
2015-11-16,0.0,-0.08,1320.0,,200,0,1295.0,1320.0,1295.0
2015-11-15,0.0,-3.93,1321.0,,911,0,1348.0,1348.0,1290.0
2015-11-10,0.0,1.48,1375.0,,4601,0,1335.0,1382.0,1320.0
2015-11-09,0.0,5.45,1355.0,,3190,0,1310.0,1355.0,1310.0
2015-11-08,0.0,0.63,1285.0,,183,0,1280.0,1285.0,1280.0
2015-11-05,0.0,-0.23,1277.0,,731,0,1260.0,1277.0,1226.0
2015-11-04,0.0,2.4,1280.0,,1252,0,1225.0,1285.0,1215.0
2015-11-03,0.0,-5.21,1256.0,,692,0,1301.0,1301.0,1250.0
2015-11-02,0.0,-1.85,1325.0,,50,0,1325.0,1325.0,1325.0
2015-11-01,0.0,-2.88,1350.0,,60,0,1375.0,1375.0,1350.0
2015-10-29,0.0,-5.63,1390.0,,150,0,1444.0,1444.0,1363.0
2015-10-28,0.0,-2.0,1473.0,,10,0,1473.0,1473.0,1473.0
2015-10-14,0.0,-0.07,1503.0,,20,0,1533.0,1533.0,1503.0
2015-10-08,0.0,6.06,1504.0,,687,0,1390.0,1504.0,1390.0
2015-10-07,0.0,-3.86,1418.0,,124,0,1446.0,1446.0,1418.0
2015-10-06,0.0,-1.01,1475.0,,300,0,1490.0,1500.0,1475.0
2015-10-04,0.0,1.36,1490.0,,100,0,1490.0,1490.0,1490.0
2015-09-30,0.0,-2.0,1470.0,,100,0,1470.0,1470.0,1470.0
2015-09-29,0.0,1.35,1500.0,,100,0,1500.0,1500.0,1500.0
2015-09-24,0.0,2.0,1480.0,,462,0,1455.0,1480.0,1451.0
2015-09-23,0.0,-5.16,1455.0,,732,0,1500.0,1500.0,1451.0
2015-09-16,0.0,1.93,1530.0,,300,0,1520.0,1530.0,1510.0
2015-09-15,0.0,3.52,1501.0,,193,0,1479.0,1501.0,1479.0
2015-09-14,0.0,-3.46,1450.0,,250,0,1475.0,1475.0,1446.0
2015-09-10,0.0,1.83,1502.0,,1307,0,1500.0,1550.0,1500.0
2015-09-09,0.0,5.43,1475.0,,1162,0,1426.0,1485.0,1426.0
2015-09-08,0.0,3.4,1399.0,,522,0,1380.0,1407.0,1380.0
2015-09-07,0.0,0.0,1353.0,,390,0,1330.0,1353.0,1301.0
2015-09-06,0.0,-1.96,1353.0,,138,0,1355.0,1355.0,1353.0
2015-09-03,0.0,-7.38,1380.0,,310,0,1461.0,1461.0,1380.0
2015-09-02,0.0,-1.97,1490.0,,100,0,1490.0,1490.0,1490.0
2015-09-01,0.0,-1.11,1520.0,,400,0,1537.0,1520.0,1510.0
2015-08-27,0.0,-3.94,1537.0,,20,0,1568.0,1568.0,1537.0
2015-08-26,0.0,-1.84,1600.0,,20,0,1600.0,1600.0,1600.0
2015-08-24,0.0,8.67,1630.0,,210,0,1530.0,1650.0,1530.0
2015-08-23,0.0,8.77,1500.0,,1670,0,1456.0,1516.0,1400.0
2015-08-20,0.0,9.97,1379.0,,50,0,1279.0,1379.0,1279.0
2015-08-06,0.0,4.5,1254.0,,4194,0,1200.0,1254.0,1190.0
2015-08-05,0.0,0.42,1200.0,,1382,0,1195.0,1215.0,1180.0
2015-08-04,0.0,0.25,1195.0,,807,0,1192.0,1195.0,1170.0
2015-08-03,0.0,-1.89,1192.0,,2729,0,1215.0,1210.0,1168.0
2015-08-02,0.0,-0.41,1215.0,,2191,0,1220.0,1220.0,1215.0
2015-07-30,0.0,1.67,1220.0,,3556,0,1200.0,1235.0,1202.0
2015-07-29,0.0,-6.83,1199.0,,744,0,1288.0,1263.0,1190.0
2015-07-27,0.0,-3.88,1288.0,,182,0,1340.0,1314.0,1288.0
2015-07-26,0.0,8.06,1340.0,,851,0,1240.0,1340.0,1264.0
2015-07-23,0.0,-4.62,1240.0,,1219,0,1300.0,1329.0,1235.0
2015-07-22,0.0,8.51,1300.0,,12598,0,1210.0,1300.0,1210.0
2015-07-16,0.0,1.44,1198.0,,3193,0,1181.0,1200.0,1169.0
2015-07-15,0.0,1.72,1181.0,,3193,0,1181.0,1181.0,1150.0
2015-07-14,0.0,0.09,1161.0,,1166,0,1150.0,1161.0,1140.0
2015-07-13,0.0,0.43,1160.0,,1788,0,1160.0,1183.0,1160.0
2015-07-12,0.0,5.0,1155.0,,4497,0,1122.0,1175.0,1122.0
2015-07-09,0.0,4.76,1090.0,,2272,0,1050.0,1100.0,1050.0
2015-07-08,0.0,0.0,1050.0,,494,0,1070.0,1070.0,1041.0
2015-07-07,0.0,1.06,1050.0,,312,0,1025.0,1055.0,1025.0
2015-07-06,0.0,0.68,1039.0,,957,0,1052.0,1073.0,1039.0
2015-07-05,0.0,-0.77,1032.0,,73,0,1030.0,1032.0,1030.0
2015-07-02,0.0,-0.48,1040.0,,364,0,1030.0,1040.0,1012.0
2015-07-01,0.0,0.67,1045.0,,182,0,1058.0,1058.0,1045.0
2015-06-30,0.0,0.78,1038.0,,1099,0,1050.0,1070.0,1035.0
2015-06-29,0.0,1.88,1030.0,,434,0,1000.0,1030.0,1000.0
2015-06-28,0.0,0.1,1011.0,,830,0,1015.0,1016.0,1010.0
2015-06-25,0.0,1.0,1010.0,,1331,0,995.0,1010.0,995.0
2015-06-24,0.0,0.5,1000.0,,425,0,1000.0,1014.0,995.0
2015-06-23,0.0,0.3,995.0,,267,0,999.0,1010.0,992.0
2015-06-22,0.0,-0.8,992.0,,132,0,1000.0,1000.0,992.0
2015-06-21,0.0,1.52,1000.0,,192,0,985.0,1000.0,980.0
2015-06-18,0.0,-0.61,985.0,,250,0,991.0,990.0,985.0
2015-06-17,0.0,-1.98,991.0,,310,0,1011.0,1000.0,991.0
2015-06-16,0.0,-1.84,1011.0,,112,0,1030.0,1030.0,1000.0
2015-06-15,0.0,0.0,1030.0,,481,0,1030.0,1040.0,1030.0
2015-06-14,0.0,-2.74,1030.0,,257,0,1059.0,1050.0,1020.0
2015-06-11,0.0,1.44,1059.0,,777,0,1044.0,1059.0,1044.0
2015-06-10,0.0,-1.97,1044.0,,650,0,1065.0,1045.0,1044.0
2015-06-09,0.0,1.24,1065.0,,1325,0,1052.0,1076.0,1055.0
2015-06-08,0.0,3.14,1052.0,,1336,0,1020.0,1060.0,1025.0
2015-06-07,0.0,2.41,1015.0,,1032,0,996.0,1030.0,1000.0
2015-06-04,0.0,1.12,996.0,,1447,0,985.0,1030.0,983.0
2015-06-03,0.0,3.68,985.0,,566,0,950.0,995.0,960.0
2015-06-02,0.0,-4.04,950.0,,471,0,990.0,971.0,916.0
2015-06-01,0.0,-3.13,990.0,,509,0,1022.0,1002.0,982.0
2015-05-24,0.0,0.0,1022.0,,10,0,1022.0,1022.0,1022.0
2015-04-23,0.0,-2.2,1022.0,,616,0,1045.0,1030.0,1016.0
2015-04-21,0.0,0.97,1045.0,,302,0,1035.0,1050.0,1035.0
2015-04-20,0.0,0.49,1035.0,,170,0,1030.0,1035.0,1015.0
2015-04-19,0.0,0.49,1030.0,,220,0,1025.0,1040.0,1030.0
2015-04-16,0.0,0.0,1025.0,,150,0,1025.0,1045.0,1025.0
2015-04-15,0.0,-1.91,1025.0,,543,0,1045.0,1025.0,1025.0
2015-04-13,0.0,-0.95,1045.0,,1374,0,1055.0,1045.0,1035.0
2015-04-12,0.0,-0.47,1055.0,,715,0,1060.0,1070.0,1054.0
2015-04-09,0.0,1.44,1060.0,,628,0,1045.0,1070.0,1045.0
2015-04-08,0.0,0.87,1045.0,,1445,0,1036.0,1045.0,1035.0
2015-04-07,0.0,-1.8,1036.0,,1858,0,1055.0,1045.0,1030.0
2015-04-06,0.0,1.83,1055.0,,450,0,1036.0,1055.0,1016.0
2015-04-05,0.0,-1.8,1036.0,,88,0,1055.0,1050.0,1036.0
2015-04-01,0.0,0.0,1055.0,,10,0,1055.0,1055.0,1055.0
2015-03-30,0.0,-1.4,1055.0,,1149,0,1070.0,1091.0,1049.0
2015-03-29,0.0,-1.83,1070.0,,544,0,1090.0,1070.0,1049.0
2015-03-26,0.0,1.87,1090.0,,170,0,1070.0,1090.0,1080.0
2015-03-25,0.0,-1.02,1070.0,,1995,0,1081.0,1075.0,1060.0
2015-03-24,0.0,2.27,1081.0,,404,0,1057.0,1081.0,1051.0
2015-03-23,0.0,-1.95,1057.0,,495,0,1078.0,1057.0,1057.0
2015-03-22,0.0,-2.53,1078.0,,935,0,1106.0,1106.0,1078.0
2015-03-19,0.0,0.09,1106.0,,710,0,1105.0,1122.0,1100.0
2015-03-18,0.0,0.45,1105.0,,665,0,1100.0,1110.0,1088.0
2015-03-17,0.0,2.33,1100.0,,1451,0,1075.0,1161.0,1096.0
2015-03-16,0.0,-3.15,1075.0,,1763,0,1110.0,1105.0,1055.0
2015-03-15,0.0,-1.51,1110.0,,145,0,1127.0,1125.0,1106.0
2015-03-12,0.0,-0.79,1127.0,,1485,0,1136.0,1150.0,1125.0
2015-03-11,0.0,-1.9,1136.0,,2865,0,1158.0,1151.0,1135.0
2015-03-10,0.0,-2.28,1158.0,,2670,0,1185.0,1180.0,1147.0
2015-03-09,0.0,3.13,1185.0,,2913,0,1149.0,1217.0,1171.0
2015-03-04,0.0,5.8,1149.0,,4154,0,1086.0,1167.0,1065.0
2015-03-03,0.0,-2.78,1086.0,,1971,0,1117.0,1100.0,1033.0
2015-03-02,0.0,7.09,1117.0,,1477,0,1043.0,1117.0,1043.0
2015-03-01,0.0,-1.23,1043.0,,632,0,1056.0,1050.0,1042.0
2015-02-25,0.0,1.44,1055.0,,586,0,1040.0,1071.0,1045.0
2015-02-24,0.0,-0.48,1038.0,,2690,0,1045.0,1040.0,1030.0
2015-02-23,0.0,-1.88,1045.0,,5029,0,1065.0,1050.0,1026.0
2015-02-22,0.0,5.44,1065.0,,3285,0,1010.0,1080.0,1025.0
2015-02-19,0.0,-4.36,1010.0,,3203,0,1056.0,1075.0,1010.0
2015-02-16,0.0,1.54,1056.0,,3511,0,1040.0,1072.0,1054.0
2015-02-15,0.0,4.0,1040.0,,1167,0,1000.0,1040.0,1006.0
2015-02-12,0.0,-0.7,1000.0,,2026,0,1007.0,1008.0,1000.0
2015-02-11,0.0,1.51,1007.0,,2741,0,992.0,1015.0,980.0
2015-02-10,0.0,-1.29,992.0,,2505,0,1005.0,1005.0,990.0
2015-02-09,0.0,0.5,1005.0,,2612,0,1000.0,1005.0,986.0
2015-02-08,0.0,-0.5,1000.0,,507,0,1005.0,1000.0,980.0
2015-02-05,0.0,-1.95,1005.0,,1436,0,1025.0,1045.0,1000.0
2015-02-04,0.0,2.71,1025.0,,3642,0,998.0,1059.0,1000.0
2015-02-03,0.0,0.4,998.0,,2356,0,994.0,1013.0,980.0
2015-02-02,0.0,7.46,994.0,,2832,0,925.0,994.0,940.0
2015-02-01,0.0,-0.54,925.0,,586,0,930.0,948.0,925.0
2015-01-29,0.0,0.54,930.0,,1583,0,925.0,930.0,915.0
2015-01-28,0.0,2.1,925.0,,1958,0,906.0,925.0,905.0
2015-01-27,0.0,0.44,906.0,,1313,0,902.0,910.0,901.0
2015-01-26,0.0,-0.88,902.0,,1685,0,910.0,915.0,900.0
2015-01-25,0.0,1.11,910.0,,1975,0,900.0,910.0,890.0
2015-01-22,0.0,-1.64,900.0,,1994,0,915.0,912.0,895.0
2015-01-20,0.0,0.55,915.0,,1983,0,910.0,925.0,860.0
2015-01-19,0.0,0.0,910.0,,1433,0,910.0,910.0,902.0
2015-01-18,0.0,1.11,910.0,,1424,0,900.0,911.0,900.0
2015-01-14,0.0,0.0,900.0,,4319,0,900.0,916.0,865.0
2015-01-13,0.0,-0.77,900.0,,2034,0,907.0,901.0,878.0
2015-01-12,0.0,-0.87,907.0,,2715,0,915.0,915.0,886.0
2015-01-11,0.0,-1.61,915.0,,1243,0,930.0,948.0,877.0
2015-01-08,0.0,1.09,930.0,,5637,0,920.0,947.0,904.0
2015-01-07,0.0,-1.5,920.0,,4530,0,934.0,933.0,881.0
2015-01-06,0.0,4.94,934.0,,7553,0,890.0,935.0,883.0
2015-01-05,0.0,7.49,890.0,,11454,0,828.0,897.0,823.0
2015-01-04,0.0,6.98,828.0,,8506,0,774.0,828.0,740.0
2015-01-01,0.0,9.94,774.0,,8047,0,704.0,774.0,710.0
2014-12-31,0.0,10.0,704.0,,6394,0,640.0,704.0,615.0
2014-12-29,0.0,2.89,640.0,,1134,0,622.0,649.0,625.0
2014-12-28,0.0,3.67,622.0,,851,0,600.0,622.0,600.0
2014-12-24,0.0,0.0,600.0,,230,0,600.0,605.0,600.0
2014-12-23,0.0,-0.5,600.0,,496,0,603.0,600.0,599.0
2014-12-22,0.0,0.33,603.0,,1850,0,601.0,605.0,596.0
2014-12-21,0.0,-3.06,601.0,,3012,0,620.0,608.0,596.0
2014-12-18,0.0,2.14,620.0,,2267,0,607.0,620.0,596.0
2014-12-17,0.0,1.17,607.0,,1329,0,600.0,607.0,585.0
2014-12-16,0.0,-0.99,600.0,,3423,0,606.0,610.0,585.0
2014-12-15,0.0,-0.66,606.0,,1751,0,610.0,610.0,598.0
2014-12-14,0.0,3.92,610.0,,202,0,587.0,610.0,585.0
2014-12-11,0.0,3.89,587.0,,270,0,565.0,587.0,565.0
2014-12-10,0.0,-1.57,565.0,,1086,0,574.0,575.0,564.0
2014-12-09,0.0,-1.03,574.0,,306,0,580.0,580.0,571.0
2014-12-08,0.0,-2.52,580.0,,30,0,595.0,595.0,580.0
2014-12-07,0.0,0.85,595.0,,370,0,590.0,595.0,584.0
2014-12-04,0.0,-1.67,590.0,,40,0,600.0,590.0,590.0
2014-12-03,0.0,-0.83,600.0,,165,0,605.0,605.0,600.0
2014-12-02,0.0,1.17,605.0,,10,0,598.0,605.0,605.0
2014-12-01,0.0,-2.45,598.0,,221,0,613.0,602.0,591.0
2014-11-30,0.0,-1.92,613.0,,350,0,625.0,635.0,613.0
2014-11-25,0.0,-0.79,625.0,,382,0,630.0,625.0,613.0
2014-11-24,0.0,2.44,630.0,,70,0,615.0,630.0,625.0
2014-11-23,0.0,3.71,615.0,,1014,0,593.0,616.0,600.0
2014-11-20,0.0,-1.98,593.0,,50,0,605.0,605.0,593.0
2014-11-19,0.0,3.77,605.0,,455,0,583.0,605.0,583.0
2014-11-18,0.0,-4.43,583.0,,283,0,610.0,600.0,580.0
2014-11-17,0.0,-1.61,610.0,,432,0,620.0,620.0,600.0
2014-11-16,0.0,1.64,620.0,,260,0,610.0,622.0,610.0
2014-11-13,0.0,-1.61,610.0,,220,0,620.0,610.0,610.0
2014-11-12,0.0,-1.59,620.0,,490,0,630.0,620.0,606.0
2014-11-11,0.0,0.8,630.0,,600,0,625.0,630.0,615.0
2014-11-10,0.0,-2.5,625.0,,287,0,641.0,653.0,625.0
2014-11-09,0.0,-1.99,641.0,,103,0,654.0,654.0,641.0
2014-11-06,0.0,-3.82,654.0,,20,0,680.0,667.0,654.0
2014-11-05,0.0,4.78,680.0,,70,0,649.0,700.0,661.0
2014-11-04,0.0,-0.76,649.0,,110,0,654.0,650.0,649.0
2014-11-03,0.0,-3.11,654.0,,321,0,675.0,665.0,654.0
2014-10-30,0.0,0.6,675.0,,50,0,671.0,675.0,670.0
2014-10-28,0.0,-1.03,671.0,,381,0,678.0,680.0,667.0
2014-10-27,0.0,1.95,678.0,,315,0,665.0,683.0,663.0
2014-10-26,0.0,-0.75,665.0,,10,0,670.0,665.0,665.0
2014-10-22,0.0,-2.9,670.0,,523,0,690.0,681.0,670.0
2014-10-21,0.0,1.47,690.0,,10,0,680.0,690.0,690.0
2014-10-20,0.0,1.19,680.0,,610,0,672.0,680.0,671.0
2014-10-19,0.0,1.97,672.0,,420,0,659.0,672.0,660.0
2014-10-16,0.0,3.62,659.0,,180,0,636.0,659.0,635.0
2014-10-15,0.0,-0.93,636.0,,80,0,642.0,640.0,636.0
2014-10-14,0.0,5.59,642.0,,293,0,608.0,642.0,608.0
2014-10-13,0.0,-1.94,608.0,,200,0,620.0,621.0,608.0
2014-10-12,0.0,-1.59,620.0,,30,0,630.0,620.0,620.0
2014-10-09,0.0,-1.56,630.0,,281,0,640.0,640.0,620.0
2014-09-30,0.0,0.95,640.0,,126,0,634.0,641.0,640.0
2014-09-29,0.0,1.93,634.0,,10,0,622.0,634.0,634.0
2014-09-28,0.0,0.32,622.0,,30,0,620.0,622.0,620.0
2014-09-24,0.0,-1.59,620.0,,668,0,630.0,631.0,620.0
2014-09-23,0.0,0.0,630.0,,318,0,630.0,642.0,625.0
2014-09-22,0.0,-2.17,630.0,,162,0,644.0,635.0,624.0
2014-09-17,0.0,1.22,663.0,,985,0,655.0,663.0,650.0
2014-09-16,0.0,-0.3,655.0,,627,0,657.0,655.0,644.0
2014-09-14,0.0,-1.94,657.0,,50,0,670.0,657.0,657.0
2014-09-11,0.0,-1.9,670.0,,615,0,683.0,680.0,670.0
2014-09-10,0.0,6.72,683.0,,579,0,640.0,683.0,647.0
2014-09-09,0.0,1.27,640.0,,384,0,632.0,640.0,630.0
2014-09-07,0.0,-5.67,632.0,,284,0,670.0,657.0,632.0
2014-09-04,0.0,-2.9,670.0,,286,0,690.0,677.0,666.0
2014-09-03,0.0,-1.43,690.0,,594,0,700.0,700.0,690.0
2014-09-01,0.0,-1.96,700.0,,100,0,714.0,700.0,700.0
2014-08-28,0.0,3.48,714.0,,1571,0,690.0,714.0,677.0
2014-08-27,0.0,1.47,690.0,,923,0,680.0,702.0,690.0
2014-08-26,0.0,2.87,680.0,,70,0,661.0,680.0,670.0
2014-08-25,0.0,-5.71,661.0,,120,0,701.0,700.0,661.0
2014-08-24,0.0,-0.85,701.0,,132,0,707.0,702.0,688.0
2014-08-21,0.0,-1.12,707.0,,981,0,715.0,720.0,700.0
2014-08-20,0.0,-4.79,715.0,,462,0,751.0,740.0,715.0
2014-08-19,0.0,-2.47,751.0,,815,0,770.0,760.0,751.0
2014-08-18,0.0,-0.65,770.0,,333,0,775.0,774.0,750.0
2014-08-14,0.0,-3.12,775.0,,352,0,800.0,795.0,775.0
2014-08-13,0.0,1.65,800.0,,788,0,787.0,800.0,772.0
2014-08-12,0.0,-1.99,787.0,,60,0,803.0,787.0,787.0
2014-08-07,0.0,1.65,803.0,,308,0,790.0,803.0,776.0
2014-08-06,0.0,2.6,790.0,,1406,0,770.0,800.0,770.0
2014-08-05,0.0,-1.28,770.0,,317,0,780.0,800.0,770.0
2014-08-04,0.0,0.0,780.0,,443,0,780.0,780.0,771.0
2014-08-03,0.0,-2.5,780.0,,300,0,800.0,790.0,775.0
2014-07-31,0.0,1.01,800.0,,1098,0,792.0,800.0,790.0
2014-07-30,0.0,-2.58,792.0,,2786,0,813.0,800.0,790.0
2014-07-28,0.0,-3.79,813.0,,30,0,845.0,829.0,813.0
2014-07-27,0.0,-1.74,845.0,,172,0,860.0,845.0,840.0
2014-07-24,0.0,-1.15,860.0,,884,0,870.0,880.0,860.0
2014-07-23,0.0,-3.33,870.0,,735,0,900.0,900.0,868.0
2014-07-22,0.0,0.0,900.0,,5325,0,900.0,973.0,871.0
2014-07-21,0.0,9.89,900.0,,7496,0,819.0,900.0,835.0
2014-07-20,0.0,9.93,819.0,,8950,0,745.0,819.0,750.0
2014-07-17,0.0,0.68,745.0,,1016,0,740.0,745.0,739.0
2014-07-16,0.0,2.78,740.0,,476,0,720.0,748.0,720.0
2014-07-15,0.0,1.12,720.0,,3585,0,712.0,730.0,700.0
2014-07-14,0.0,-4.3,712.0,,1010,0,744.0,730.0,702.0
2014-07-13,0.0,2.2,744.0,,603,0,728.0,756.0,728.0
2014-07-10,0.0,4.75,728.0,,853,0,695.0,728.0,696.0
2014-07-09,0.0,-2.11,695.0,,148,0,710.0,710.0,695.0
2014-07-08,0.0,-2.07,710.0,,718,0,725.0,720.0,700.0
2014-07-07,0.0,-2.68,725.0,,509,0,745.0,745.0,721.0
2014-07-06,0.0,2.05,745.0,,976,0,730.0,745.0,725.0
2014-07-03,0.0,0.0,730.0,,967,0,730.0,744.0,720.0
2014-07-02,0.0,1.25,730.0,,1655,0,721.0,740.0,730.0
2014-07-01,0.0,3.0,721.0,,2062,0,700.0,743.0,700.0
2014-06-30,0.0,-4.89,700.0,,1932,0,736.0,722.0,680.0
2014-06-24,0.0,9.85,736.0,,309,0,670.0,736.0,659.0
2014-06-23,0.0,-1.18,670.0,,164,0,678.0,670.0,670.0
2014-06-19,0.0,-0.44,678.0,,267,0,681.0,681.0,675.0
2014-06-18,0.0,-3.81,681.0,,83,0,708.0,695.0,681.0
2014-06-17,0.0,1.72,708.0,,100,0,696.0,708.0,696.0
2014-06-16,0.0,-1.0,696.0,,101,0,703.0,710.0,696.0
2014-06-15,0.0,1.74,703.0,,174,0,691.0,703.0,690.0
2014-06-12,0.0,-1.29,691.0,,620,0,700.0,701.0,687.0
2014-06-11,0.0,0.86,700.0,,962,0,694.0,700.0,690.0
2014-06-10,0.0,-0.14,694.0,,1272,0,695.0,708.0,690.0
2014-06-09,0.0,2.21,695.0,,835,0,680.0,695.0,671.0
2014-06-08,0.0,-0.87,680.0,,10,0,686.0,680.0,680.0
2014-06-05,0.0,-1.29,686.0,,459,0,695.0,695.0,670.0
2014-06-04,0.0,-4.79,695.0,,1458,0,730.0,716.0,686.0
2014-06-03,0.0,2.82,730.0,,1235,0,710.0,730.0,685.0
2014-06-02,0.0,-1.39,710.0,,190,0,720.0,715.0,710.0
2014-06-01,0.0,0.0,720.0,,577,0,720.0,720.0,710.0
2014-05-28,0.0,0.28,720.0,,200,0,718.0,725.0,713.0
2014-05-27,0.0,-1.64,718.0,,1292,0,730.0,729.0,711.0
2014-05-26,0.0,1.67,730.0,,1458,0,718.0,755.0,722.0
2014-05-25,0.0,0.98,718.0,,550,0,711.0,720.0,705.0
2014-05-22,0.0,0.0,711.0,,1060,0,711.0,720.0,710.0
2014-05-21,0.0,0.0,711.0,,3508,0,711.0,715.0,700.0
2014-05-20,0.0,-0.14,711.0,,1484,0,712.0,722.0,700.0
2014-05-19,0.0,0.56,712.0,,1023,0,708.0,722.0,707.0
2014-05-18,0.0,-8.05,708.0,,493,0,770.0,755.0,707.0
2014-05-15,0.0,0.0,770.0,,670,0,770.0,780.0,770.0
2014-05-13,0.0,6.94,770.0,,2680,0,720.0,770.0,710.0
2014-05-12,0.0,3.0,720.0,,957,0,699.0,720.0,695.0
2014-05-11,0.0,-0.29,699.0,,130,0,701.0,710.0,697.0
2014-05-08,0.0,-4.1,701.0,,2847,0,731.0,730.0,701.0
2014-05-07,0.0,-0.68,731.0,,452,0,736.0,732.0,722.0
2014-05-06,0.0,-3.16,736.0,,640,0,760.0,760.0,731.0
2014-05-05,0.0,3.68,760.0,,2079,0,733.0,804.0,732.0
2014-05-04,0.0,7.01,733.0,,4493,0,685.0,740.0,680.0
2014-04-30,0.0,-2.0,685.0,,783,0,699.0,686.0,679.0
2014-04-29,0.0,-0.43,699.0,,30,0,702.0,699.0,688.0
2014-04-28,0.0,3.08,702.0,,517,0,681.0,725.0,685.0
2014-04-27,0.0,0.89,681.0,,422,0,675.0,688.0,675.0
2014-04-23,0.0,-3.3,675.0,,2295,0,698.0,700.0,673.0
2014-04-22,0.0,1.9,698.0,,308,0,685.0,698.0,659.0
2014-04-21,0.0,-3.52,685.0,,1684,0,710.0,710.0,685.0
2014-04-20,0.0,0.0,710.0,,263,0,710.0,710.0,708.0
2014-04-17,0.0,-0.7,710.0,,731,0,715.0,715.0,709.0
2014-04-16,0.0,0.42,715.0,,240,0,712.0,723.0,710.0
2014-04-15,0.0,1.57,712.0,,1348,0,701.0,726.0,700.0
2014-04-13,0.0,-0.43,701.0,,274,0,704.0,705.0,700.0
2014-04-10,0.0,-0.14,704.0,,478,0,705.0,715.0,690.0
2014-04-09,0.0,0.71,705.0,,834,0,700.0,705.0,687.0
2014-04-07,0.0,2.79,700.0,,2708,0,681.0,710.0,684.0
2014-04-06,0.0,0.15,681.0,,249,0,680.0,685.0,680.0
2014-04-03,0.0,-3.0,680.0,,492,0,701.0,701.0,680.0
2014-04-02,0.0,-1.27,701.0,,230,0,710.0,720.0,700.0
2014-04-01,0.0,0.0,710.0,,756,0,710.0,720.0,710.0
2014-03-31,0.0,2.45,710.0,,857,0,693.0,710.0,686.0
2014-03-27,0.0,2.06,693.0,,2719,0,679.0,693.0,672.0
2014-03-26,0.0,0.59,679.0,,1839,0,675.0,689.0,650.0
2014-03-25,0.0,1.35,675.0,,1075,0,666.0,686.0,660.0
2014-03-24,0.0,-2.06,666.0,,392,0,680.0,673.0,654.0
2014-03-23,0.0,-1.45,680.0,,896,0,690.0,695.0,660.0
2014-03-20,0.0,1.32,690.0,,800,0,681.0,690.0,670.0
2014-03-19,0.0,0.0,681.0,,1156,0,681.0,690.0,667.0
2014-03-18,0.0,-3.4,681.0,,2024,0,705.0,709.0,681.0
2014-03-17,0.0,-6.0,705.0,,1250,0,750.0,745.0,701.0
2014-03-13,0.0,1.63,750.0,,1177,0,738.0,750.0,730.0
2014-03-12,0.0,-1.6,738.0,,1136,0,750.0,745.0,725.0
2014-03-11,0.0,-1.96,750.0,,1294,0,765.0,760.0,740.0
2014-03-10,0.0,-1.92,765.0,,2660,0,780.0,775.0,730.0
2014-03-09,0.0,0.65,780.0,,1834,0,775.0,780.0,756.0
2014-03-06,0.0,-2.52,775.0,,616,0,795.0,800.0,775.0
2014-03-05,0.0,-0.25,795.0,,1518,0,797.0,806.0,785.0
2014-03-04,0.0,-1.97,797.0,,5326,0,813.0,800.0,780.0
2014-03-03,0.0,-5.02,813.0,,3330,0,856.0,840.0,780.0
2014-02-26,0.0,-6.75,856.0,,3820,0,918.0,920.0,855.0
2014-02-25,0.0,9.81,918.0,,10245,0,836.0,919.0,770.0
2014-02-24,0.0,10.0,836.0,,2829,0,760.0,836.0,775.0
2014-02-23,0.0,9.99,760.0,,854,0,691.0,760.0,704.0
2014-02-20,0.0,9.86,691.0,,65,0,629.0,691.0,660.0
2014-02-18,0.0,9.97,629.0,,90,0,572.0,629.0,583.0
2014-02-17,0.0,10.0,572.0,,70,0,520.0,572.0,530.0
2014-02-16,0.0,9.94,520.0,,276,0,473.0,520.0,482.0
2014-02-13,0.0,3.96,473.0,,43,0,455.0,473.0,464.0
2014-02-12,0.0,9.9,455.0,,80,0,414.0,455.0,422.0
2014-02-11,0.0,3.76,414.0,,43,0,399.0,414.0,406.0
2014-02-10,0.0,0.0,399.0,,10,0,399.0,399.0,399.0
2014-02-06,0.0,5.56,399.0,,30,0,378.0,399.0,385.0
2014-02-05,0.0,-46.84,378.0,,40,0,711.0,378.0,357.0
