DATE,CHANGE,CHANGE %,CLOSE,TURNOVER,VOLUME,TRADE,OPEN,HIGH,LOW
2026-05-08,2.0,0.42,480.0,91.9,19183,97,472.0,481.0,471.2
2026-05-07,-0.5,-0.1,478.0,,43870,127,475.0,480.0,462.0
2026-05-06,6.5,1.38,478.5,,34405,87,481.9,481.9,472.0
2026-05-05,2.0,0.43,472.0,93.79,20003,97,468.1,475.9,461.0
2026-05-04,-7.9,-1.65,470.0,69.17,14706,98,470.1,477.9,468.0
2026-04-30,2.9,0.61,477.9,,29763,106,483.9,483.9,460.0
2026-04-29,-5.0,-1.04,475.0,,26122,123,481.0,482.0,471.7
2026-04-28,0.0,0.0,480.0,80.0,16655,73,480.0,488.9,476.0
2026-04-27,2.0,0.42,480.0,,20989,89,478.0,485.0,478.0
2026-04-24,-1.5,-0.31,478.0,,28261,78,479.5,480.0,473.1
2026-04-23,-4.5,-0.93,479.5,,26605,91,486.0,486.0,476.2
2026-04-22,5.1,1.06,484.0,,94160,184,465.0,489.0,465.0
2026-04-21,-1.1,-0.23,478.9,,40125,141,494.3,494.3,470.5
2026-04-20,-5.0,-1.03,480.0,,24101,150,485.0,489.8,478.0
2026-04-17,-1.0,-0.21,485.0,,45087,113,484.0,490.0,481.6
2026-04-16,-7.9,-1.6,486.0,,40342,121,494.0,497.9,485.0
2026-04-15,8.7,1.79,493.9,,121226,181,486.1,494.0,486.1
2026-04-13,-4.8,-0.98,485.2,,44855,92,492.9,492.9,483.1
2026-04-10,-4.1,-0.83,490.0,,57844,195,490.1,494.0,481.0
2026-04-09,-0.5,-0.1,494.1,,143102,255,485.2,499.0,485.0
2026-04-08,12.6,2.61,494.6,,54752,168,483.9,494.6,478.1
2026-04-07,-10.0,-2.03,482.0,,105054,286,498.0,498.8,477.0
2026-04-06,32.0,6.96,492.0,,151427,338,455.0,500.0,455.0
2026-04-05,-15.0,-3.16,460.0,,104661,323,475.1,475.1,455.0
2026-04-02,4.9,1.04,475.0,,48468,175,470.0,480.0,463.6
2026-04-01,-14.9,-3.07,470.1,,123354,335,480.0,485.0,462.7
2026-03-31,11.5,2.43,485.0,,73513,308,482.0,490.0,472.0
2026-03-30,-18.5,-3.76,473.5,,95370,377,485.3,495.5,473.2
2026-03-29,-14.0,-2.77,492.0,,93446,320,497.2,505.0,486.0
2026-03-26,0.0,0.0,506.0,,58050,237,500.0,507.3,497.4
2026-03-25,-11.0,-2.13,506.0,,134747,408,511.0,518.0,504.2
2026-03-24,10.0,1.97,517.0,,303323,528,510.9,520.0,502.0
2026-03-23,-2.9,-0.57,507.0,,101213,329,520.0,520.0,499.1
2026-03-22,6.9,1.37,509.9,,215996,545,504.0,511.0,496.0
2026-03-19,20.7,4.29,503.0,,171152,492,491.0,505.0,487.1
2026-03-17,-2.7,-0.56,482.3,,37097,121,480.0,492.0,476.1
2026-03-16,-4.0,-0.82,485.0,,49335,162,489.0,490.9,481.3
2026-03-15,1.0,0.2,489.0,,39497,139,497.7,497.7,488.2
2026-03-12,4.0,0.83,488.0,,37996,204,480.0,491.0,480.0
2026-03-11,-7.9,-1.61,484.0,,93239,235,500.0,500.0,480.5
2026-03-10,-4.1,-0.83,491.9,,118686,412,505.9,505.9,481.0
2026-03-09,28.0,5.98,496.0,24.07,4971,21,477.3,506.4,477.3
2026-03-03,6.0,1.3,468.0,,27792,157,462.0,475.9,461.1
2026-03-01,4.0,0.87,462.0,73.55,15816,105,467.1,471.2,452.3
2026-02-26,-2.0,-0.43,458.0,65.43,14232,100,469.2,469.2,457.0
2026-02-25,2.0,0.44,460.0,,23165,139,461.0,466.0,456.0
2026-02-24,6.0,1.33,458.0,83.93,18427,106,452.0,458.0,452.0
2026-02-23,2.8,0.62,452.0,79.58,17700,94,451.0,452.0,447.0
2026-02-22,-6.4,-1.4,449.2,63.67,14140,104,455.0,456.0,446.7
2026-02-17,-2.4,-0.52,455.6,,58147,134,458.0,460.0,455.0
2026-02-16,1.1,0.24,458.0,71.15,15531,84,460.0,460.0,457.6
2026-02-12,5.9,1.31,456.9,94.87,20797,106,452.1,459.7,452.1
2026-02-11,3.0,0.67,451.0,,30566,105,456.9,465.0,447.0
2026-02-10,-7.1,-1.56,448.0,,52551,156,455.1,456.0,446.7
2026-02-09,-4.9,-1.07,455.1,,31587,113,460.0,462.9,455.1
2026-02-08,-2.0,-0.43,460.0,,27668,102,465.0,469.0,458.0
2026-02-05,5.1,1.12,462.0,,26959,114,451.2,465.0,451.2
2026-02-04,0.4,0.09,456.9,,30428,128,464.0,464.0,454.9
2026-02-03,-2.5,-0.54,456.5,,36798,136,462.0,464.0,455.0
2026-02-02,2.0,0.44,459.0,,27424,122,460.0,462.0,455.0
2026-02-01,-1.0,-0.22,457.0,,46780,207,454.0,459.9,449.0
2026-01-29,-0.9,-0.2,458.0,,28253,217,455.3,468.9,455.3
2026-01-28,-4.1,-0.89,458.9,,38639,228,463.0,466.0,455.5
2026-01-27,-16.0,-3.34,463.0,,69439,319,475.6,479.0,456.7
2026-01-26,-2.9,-0.6,479.0,,60656,278,487.0,487.8,475.3
2026-01-25,9.0,1.9,481.9,,77913,350,480.0,484.5,475.0
2026-01-22,-3.1,-0.65,472.9,,40338,178,475.0,480.0,469.0
2026-01-21,-8.5,-1.75,476.0,,79601,213,484.0,488.0,475.2
2026-01-20,12.5,2.65,484.5,,152071,404,473.5,487.0,472.0
2026-01-18,19.0,4.19,472.0,,56819,289,450.7,472.0,450.0
2026-01-14,1.0,0.22,453.0,,32716,165,455.0,457.0,450.3
2026-01-13,-1.8,-0.4,452.0,,43856,146,455.0,457.0,450.0
2026-01-12,-1.2,-0.26,453.8,88.88,19598,130,464.1,464.1,451.1
2026-01-08,6.0,1.34,455.0,90.63,20212,104,448.0,455.0,445.1
2026-01-07,-2.0,-0.44,449.0,,40806,162,456.0,456.0,446.9
2026-01-06,7.0,1.58,451.0,,55306,290,447.0,464.0,446.0
2026-01-05,12.2,2.83,444.0,,76908,203,431.0,445.0,430.2
2026-01-04,-3.2,-0.74,431.8,93.14,21479,93,435.0,439.5,431.0
2026-01-01,-5.9,-1.34,435.0,97.21,22327,129,435.0,439.0,432.1
2025-12-31,3.9,0.89,440.9,97.38,22177,119,441.0,441.0,435.2
2025-12-29,0.0,0.0,437.0,89.44,20397,103,441.9,441.9,435.5
2025-12-28,7.5,1.75,437.0,92.7,21304,177,430.0,437.5,430.0
2025-12-24,-0.5,-0.12,429.5,74.03,17366,84,430.0,430.0,425.0
2025-12-23,3.0,0.7,430.0,,25233,107,423.2,432.0,423.2
2025-12-22,-0.9,-0.21,427.0,59.02,13863,89,423.9,429.0,421.0
2025-12-21,-2.1,-0.49,427.9,56.45,13279,92,422.2,427.9,422.2
2025-12-18,-5.0,-1.15,430.0,,35210,107,428.0,436.0,427.3
2025-12-17,1.8,0.42,435.0,79.67,18331,123,435.0,437.0,431.0
2025-12-16,2.3,0.53,433.2,51.56,11994,115,424.1,433.2,423.0
2025-12-15,1.2,0.28,430.9,94.85,22207,160,424.0,431.3,420.0
2025-12-14,0.7,0.16,429.7,94.03,22051,75,429.0,430.0,423.0
2025-12-11,1.0,0.23,429.0,43.69,10170,58,428.1,432.4,428.1
2025-12-10,-3.9,-0.9,428.0,26.72,6243,48,424.2,432.3,424.1
2025-12-09,0.4,0.09,431.9,39.23,9081,66,429.0,434.0,429.0
2025-12-08,3.5,0.82,431.5,45.41,10600,63,435.0,435.0,426.3
2025-12-07,-5.1,-1.18,428.0,38.78,9015,58,424.6,437.0,424.6
2025-12-03,-3.9,-0.89,433.1,70.39,16185,79,439.0,439.0,432.1
2025-12-02,-2.0,-0.46,437.0,34.44,7866,48,434.0,440.0,434.0
2025-12-01,-1.1,-0.25,439.0,30.83,7030,52,440.0,440.8,434.2
2025-11-30,-3.9,-0.88,440.1,,26863,164,446.9,446.9,440.1
2025-11-27,4.0,0.91,444.0,88.38,20058,90,440.0,444.0,434.0
2025-11-26,1.1,0.25,440.0,78.02,17794,83,436.0,442.0,433.2
2025-11-25,1.0,0.23,438.9,51.22,11732,67,433.1,439.8,433.0
2025-11-24,3.9,0.9,437.9,,32739,133,435.0,440.5,433.1
2025-11-23,7.1,1.66,434.0,74.56,17208,100,429.3,438.0,429.3
2025-11-20,1.9,0.45,426.9,,29164,57,421.4,427.0,421.4
2025-11-19,-4.2,-0.98,425.0,92.26,21632,91,430.0,431.0,421.0
2025-11-18,2.2,0.52,429.2,46.09,10711,96,427.0,433.6,427.0
2025-11-17,8.1,1.93,427.0,64.01,15102,106,415.0,427.0,415.0
2025-11-16,-0.1,-0.02,418.9,24.82,5960,54,415.2,420.0,413.0
2025-11-13,1.0,0.24,419.0,49.37,11758,67,416.0,426.3,413.1
2025-11-12,0.0,0.0,418.0,30.45,7329,57,417.0,424.0,412.0
2025-11-11,-3.0,-0.71,418.0,77.18,18535,89,416.7,427.0,415.0
2025-11-10,-2.0,-0.47,421.0,48.97,11650,85,420.0,425.0,416.0
2025-11-09,-6.8,-1.58,423.0,,31185,141,425.2,430.0,419.0
2025-11-06,-5.2,-1.2,429.8,84.03,19588,104,439.0,442.9,427.0
2025-11-05,1.0,0.23,435.0,55.64,12971,80,426.6,435.0,425.2
2025-11-04,-7.7,-1.74,434.0,,31486,117,440.0,441.0,431.0
2025-11-03,-4.2,-0.94,441.7,,31973,112,438.2,449.9,438.2
2025-11-02,7.9,1.8,445.9,,57079,173,440.0,447.0,433.0
2025-10-30,3.2,0.74,438.0,66.23,15209,97,430.1,438.0,430.1
2025-10-29,-1.2,-0.28,434.8,,31483,192,431.0,445.0,430.0
2025-10-28,22.0,5.31,436.0,,37160,164,421.9,440.0,421.0
2025-10-26,0.1,0.02,414.0,61.53,14934,80,406.1,417.9,404.1
2025-10-19,0.9,0.22,413.9,75.44,18341,69,410.0,416.0,410.0
2025-10-16,-3.1,-0.75,413.0,,29581,115,423.0,423.0,405.1
2025-10-15,-2.0,-0.48,416.1,,35709,71,415.0,421.0,414.0
2025-10-14,-11.6,-2.7,418.1,83.95,19962,96,429.7,433.5,418.1
2025-10-13,11.2,2.68,429.7,,37994,184,416.0,430.0,405.0
2025-10-12,-19.5,-4.45,418.5,,69548,256,430.2,432.8,415.1
2025-10-09,2.0,0.46,438.0,,75245,246,444.7,462.0,433.6
2025-10-08,-13.0,-2.9,436.0,,47258,228,444.0,447.0,433.5
2025-10-07,-17.0,-3.65,449.0,,51542,207,461.0,465.0,445.0
2025-09-28,-7.5,-1.58,466.0,92.55,19736,129,480.0,480.0,465.0
2025-09-25,-1.5,-0.32,473.5,,30828,114,480.0,480.0,471.1
2025-09-24,-2.73,-0.57,475.0,,61814,334,486.9,487.2,472.0
2025-09-23,10.91,2.12,525.5,,177163,705,518.0,529.9,516.3
2025-09-21,24.59,5.02,514.59,,104692,489,490.0,519.0,490.0
2025-09-18,-33.34,-6.37,490.0,,20599,54,513.1,513.1,484.0
2025-09-08,-12.32,-2.3,523.34,,165506,491,546.3,546.3,521.1
2025-09-07,2.49,0.47,535.66,,71734,224,523.2,540.9,523.2
2025-09-04,-1.21,-0.23,533.17,,86970,265,527.5,537.5,527.5
2025-09-03,-4.84,-0.9,534.38,,59844,232,550.0,550.0,532.7
2025-09-02,3.59,0.67,539.22,,167333,453,544.5,555.3,528.3
2025-09-01,6.62,1.25,535.63,,124106,338,530.0,539.9,527.0
2025-08-31,1.09,0.21,529.01,,86557,275,521.1,529.9,520.2
2025-08-28,-18.65,-3.41,527.92,,209893,610,547.0,548.0,527.0
2025-08-27,20.99,3.99,546.57,,163944,643,535.0,548.0,525.0
2025-08-26,11.12,2.16,525.58,,78884,299,522.2,528.3,517.0
2025-08-25,5.85,1.15,514.46,,35493,172,509.0,515.1,504.0
2025-08-24,-7.59,-1.47,508.61,,57503,232,515.0,519.9,508.0
2025-08-21,-2.15,-0.41,516.2,,35301,182,526.0,526.0,515.1
2025-08-20,-5.02,-0.96,518.35,,61691,227,528.0,529.0,517.5
2025-08-19,0.15,0.03,523.37,,43249,199,520.8,530.0,517.0
2025-08-18,3.86,0.74,523.22,,64274,210,518.0,525.9,516.5
2025-08-17,-4.69,-0.89,519.36,,117941,378,534.5,534.5,518.1
2025-08-14,3.18,0.61,524.05,,62546,309,522.0,528.0,519.5
2025-08-13,4.64,0.9,520.87,,114328,279,519.9,524.1,517.0
2025-08-12,-0.79,-0.15,516.23,,122047,356,516.9,525.0,508.0
2025-08-11,-15.62,-2.93,517.02,,112669,443,534.0,537.5,515.0
2025-08-07,5.74,1.09,532.64,,106759,384,535.0,535.0,526.3
2025-08-06,-3.39,-0.64,526.9,,81545,354,529.2,537.0,525.2
2025-08-05,-10.44,-1.93,530.29,,192094,486,543.0,545.2,528.2
2025-08-04,3.18,0.59,540.73,,150783,590,539.0,555.9,530.0
2025-08-03,-1.27,-0.24,537.55,,198937,693,536.0,546.0,533.0
2025-07-31,-13.01,-2.36,538.82,,204769,933,560.0,560.0,535.0
2025-07-30,-21.82,-3.8,551.83,,287285,1053,585.0,585.0,548.2
2025-07-29,-3.86,-0.67,573.65,,231783,729,586.0,587.0,569.1
2025-07-28,3.25,0.57,577.51,,452455,1626,574.0,588.0,565.2
2025-07-27,26.24,4.79,574.26,,552834,1790,554.0,577.0,549.0
2025-07-24,15.42,2.9,548.02,,343930,978,535.0,553.0,525.0
2025-07-23,-4.56,-0.85,532.6,,235974,859,545.0,545.0,520.0
2025-07-22,2.22,0.41,537.16,,236718,896,538.0,547.0,535.0
2025-07-21,14.46,2.78,534.94,,392376,1247,512.0,545.8,511.1
2025-07-20,-6.35,-1.21,520.48,,546123,1438,520.0,535.5,517.3
2025-07-17,26.14,5.22,526.83,,368891,1252,508.8,535.0,502.0
2025-07-16,12.76,2.62,500.69,,468917,771,497.0,505.0,485.0
2025-07-15,7.19,1.5,487.93,,132321,425,481.5,490.5,481.1
2025-07-14,-4.95,-1.02,480.74,,115480,310,485.1,487.0,475.6
2025-07-13,13.62,2.89,485.69,,226053,624,481.5,491.0,471.9
2025-07-10,8.74,1.89,472.07,,117105,349,470.0,477.0,463.5
2025-07-09,0.02,0.0,463.33,,32623,146,460.0,467.9,458.0
2025-07-08,-1.44,-0.31,463.31,,22917,115,465.0,465.0,457.1
2025-07-07,-1.05,-0.23,464.75,,64668,199,474.9,484.0,460.0
2025-07-06,-2.14,-0.46,465.8,,50624,201,476.0,477.2,459.0
2025-07-03,3.8,0.82,467.94,,155448,432,473.4,473.4,452.4
2025-07-02,1.64,0.35,464.14,,80908,220,465.0,469.9,450.0
2025-07-01,9.45,2.09,462.5,,66169,236,453.0,464.0,453.0
2025-06-30,6.64,1.49,453.05,,27988,111,455.3,458.0,446.0
2025-06-29,3.93,0.89,446.41,89.61,20088,109,442.0,450.0,442.0
2025-06-26,2.06,0.47,442.48,60.2,13635,74,440.0,445.0,438.0
2025-06-25,-1.41,-0.32,440.42,64.43,14601,61,440.1,444.9,440.1
2025-06-24,-1.44,-0.32,441.83,99.27,22434,107,448.9,448.9,441.0
2025-06-23,-0.15,-0.03,443.27,97.77,22026,94,450.0,450.0,441.0
2025-06-22,-0.1,-0.02,443.42,59.75,13417,72,444.0,448.0,443.2
2025-06-19,-2.67,-0.6,443.52,,25230,127,444.0,446.5,443.0
2025-06-18,-3.16,-0.7,446.19,86.07,19287,84,450.0,450.0,444.1
2025-06-17,0.72,0.16,449.35,,26223,114,453.9,453.9,445.9
2025-06-16,-0.35,-0.08,448.63,,36316,125,445.0,455.0,445.0
2025-06-15,0.29,0.06,448.98,86.72,19287,103,449.0,455.0,448.0
2025-06-12,-3.59,-0.79,448.69,,26510,112,460.9,460.9,446.6
2025-06-11,1.39,0.31,452.28,,36456,114,451.1,455.0,450.0
2025-06-10,5.27,1.18,450.89,,28178,127,453.0,454.0,448.0
2025-06-09,2.41,0.54,445.62,,49168,132,443.1,448.0,441.2
2025-06-08,-6.31,-1.4,443.21,,22975,127,455.0,455.0,441.5
2025-06-05,1.77,0.4,449.52,88.93,19807,114,450.0,453.0,445.7
2025-06-04,-3.79,-0.84,447.75,,32347,112,453.0,456.9,446.4
2025-06-03,-3.8,-0.83,451.54,,43595,156,462.9,462.9,450.0
2025-06-02,-0.1,-0.02,455.34,,53785,168,458.2,465.0,451.5
2025-05-28,1.41,0.31,455.44,75.13,16570,106,451.0,459.0,450.1
2025-05-27,2.87,0.64,454.03,,27593,112,450.0,460.0,446.6
2025-05-26,-0.47,-0.1,451.16,,39638,191,460.6,469.7,450.1
2025-05-25,-5.2,-1.14,451.63,,27991,131,448.0,460.0,448.0
2025-05-22,1.89,0.42,456.83,,46131,165,460.0,464.0,455.0
2025-05-21,-1.04,-0.23,454.94,,88758,311,465.0,474.0,451.1
2025-05-20,7.94,1.77,455.98,,46326,182,451.0,460.0,445.0
2025-05-19,2.73,0.61,448.04,,31857,149,447.0,453.0,445.0
2025-05-18,-3.25,-0.72,445.31,,35550,170,456.0,456.0,443.5
2025-05-15,-4.36,-0.96,448.56,,50108,232,455.0,460.0,447.0
2025-05-14,2.51,0.56,452.92,,83190,371,452.0,469.0,447.0
2025-05-13,2.89,0.65,450.41,,33982,205,441.0,461.0,441.0
2025-05-11,7.35,1.67,447.52,,37818,182,440.0,452.0,436.0
2025-05-08,-0.49,-0.11,440.17,,31814,138,440.66,447.5,433.0
2025-05-07,7.53,1.74,440.66,,29090,141,431.1,442.0,429.8
2025-05-06,-2.98,-0.68,433.13,,31280,128,440.0,440.0,430.2
2025-05-05,1.07,0.25,436.11,50.95,11702,64,438.7,438.7,435.0
2025-05-04,6.42,1.5,435.04,,33670,129,422.0,440.0,422.0
2025-04-30,-4.94,-1.14,428.62,,34725,170,440.0,442.0,428.0
2025-04-29,-3.71,-0.85,433.56,39.23,9021,93,436.0,440.0,433.2
2025-04-28,-0.29,-0.07,437.27,77.11,17641,99,444.9,444.9,435.0
2025-04-27,-2.9,-0.66,437.56,89.81,20378,143,445.0,449.2,435.8
2025-04-24,2.91,0.67,440.46,71.22,16225,82,437.0,443.0,436.0
2025-04-23,-7.88,-1.77,437.55,68.46,15597,100,442.0,442.6,435.0
2025-04-22,-8.28,-1.82,445.43,78.49,17548,109,460.0,460.0,443.1
2025-04-21,2.73,0.61,453.71,,29812,120,455.0,457.5,447.1
2025-04-20,2.8,0.62,450.98,,25533,131,454.0,455.0,447.3
2025-04-17,7.73,1.76,448.18,85.93,19218,139,437.1,450.0,437.1
2025-04-16,-0.05,-0.01,440.45,83.22,18882,62,440.5,444.5,435.1
2025-04-15,3.23,0.74,440.5,80.01,18058,75,440.0,446.9,438.1
2025-04-13,-4.21,-0.95,437.27,45.25,10341,62,434.6,440.5,434.5
2025-04-10,0.53,0.12,441.48,66.4,15124,75,436.0,443.0,435.4
2025-04-09,7.67,1.77,440.95,,23583,101,434.0,444.2,434.0
2025-04-08,1.55,0.36,433.28,74.38,17188,92,440.0,445.0,428.0
2025-04-07,-6.3,-1.44,431.73,,32324,137,430.0,456.0,429.3
2025-04-03,4.48,1.03,438.03,84.11,19179,99,440.0,441.0,436.2
2025-04-02,-0.65,-0.15,433.55,,31551,121,440.0,440.0,433.0
2025-04-01,-6.07,-1.38,434.2,,31749,138,441.0,441.0,433.0
2025-03-30,0.97,0.22,440.27,,28640,152,439.3,449.0,435.1
2025-03-27,2.06,0.47,439.3,,28602,152,445.9,445.9,434.1
2025-03-26,-1.07,-0.24,437.24,64.2,14713,127,447.0,447.0,432.3
2025-03-25,-2.65,-0.6,438.31,,40694,222,440.0,440.0,426.0
2025-03-24,12.94,3.02,440.96,,36163,188,429.0,442.0,423.1
2025-03-23,-12.71,-2.88,428.02,,35197,207,441.0,441.0,427.3
2025-03-20,0.63,0.14,440.73,,25689,137,444.9,445.0,440.0
2025-03-19,-2.4,-0.54,440.1,,44877,169,440.2,459.0,440.0
2025-03-18,-5.5,-1.23,442.5,,42551,190,456.9,456.9,440.2
2025-03-17,-3.0,-0.67,448.0,,23700,121,452.0,456.8,445.8
2025-03-16,-11.0,-2.38,451.0,,49532,230,463.0,463.0,447.6
2025-03-12,-2.0,-0.43,462.0,,58894,224,461.2,469.9,458.0
2025-03-11,1.5,0.32,464.0,,156099,583,453.5,478.0,450.0
2025-03-10,2.5,0.54,462.5,,37395,169,464.0,464.0,455.0
2025-03-09,-8.0,-1.71,460.0,,35922,190,476.9,476.9,458.7
2025-03-06,5.0,1.08,468.0,,69792,301,455.0,471.9,455.0
2025-03-05,-3.0,-0.64,463.0,,49032,184,458.0,465.0,456.0
2025-03-04,4.3,0.93,466.0,,40384,219,455.1,470.0,455.1
2025-03-03,-7.3,-1.56,461.7,,83210,382,459.7,479.9,456.2
2025-03-02,14.0,3.08,469.0,,61483,309,464.0,470.0,455.3
2025-02-27,10.9,2.45,455.0,,56663,221,452.9,459.0,447.0
2025-02-25,4.1,0.93,444.1,,44622,174,448.0,448.8,443.9
2025-02-24,-8.0,-1.79,440.0,,63552,231,445.2,455.5,440.0
2025-02-23,-2.0,-0.44,448.0,,37461,179,445.0,454.9,441.0
2025-02-20,0.0,0.0,450.0,,36348,175,443.0,450.0,443.0
2025-02-18,-4.0,-0.88,450.0,,42638,222,456.0,459.0,448.6
2025-02-17,3.1,0.69,454.0,,65239,226,455.0,455.0,449.0
2025-02-16,0.9,0.2,450.9,,38082,160,445.0,451.0,443.0
2025-02-13,-5.0,-1.1,450.0,,23939,127,456.1,460.0,447.8
2025-02-12,1.0,0.22,455.0,,29037,154,462.8,462.8,455.0
2025-02-11,9.0,2.02,454.0,,31137,142,450.0,455.0,446.5
2025-02-10,4.0,0.91,445.0,,34570,182,435.6,453.1,435.6
2025-02-09,-14.0,-3.08,441.0,,52475,227,455.0,459.0,441.0
2025-02-06,0.0,0.0,455.0,,24849,130,450.0,464.0,450.0
2025-02-05,2.0,0.44,455.0,,24198,272,450.0,461.0,450.0
2025-02-04,-7.1,-1.54,453.0,,37070,318,469.0,469.0,452.8
2025-02-03,-7.9,-1.69,460.1,,57717,387,471.0,471.0,460.1
2025-02-02,14.0,3.08,468.0,,47766,302,463.0,472.0,459.0
2025-01-28,14.0,3.18,454.0,,65077,338,447.0,455.0,441.5
2025-01-27,0.0,0.0,440.0,,23640,132,432.2,446.0,432.2
2025-01-26,0.0,0.0,440.0,,30107,159,440.0,448.0,435.1
2025-01-23,-6.0,-1.35,440.0,,51246,209,451.0,452.0,438.1
2025-01-22,11.0,2.53,446.0,,42827,249,430.5,448.9,430.4
2025-01-21,7.8,1.83,435.0,,37068,210,430.0,442.0,428.0
2025-01-20,2.3,0.54,427.2,,50906,220,430.0,439.0,423.0
2025-01-19,-3.6,-0.84,424.9,63.37,14970,101,429.2,429.2,421.9
2025-01-16,-1.5,-0.35,428.5,59.76,14061,117,430.0,430.0,423.0
2025-01-15,-3.0,-0.69,430.0,97.85,22618,116,433.0,441.0,428.1
2025-01-13,6.9,1.62,433.0,,24588,130,426.0,436.0,420.0
2025-01-12,-10.9,-2.49,426.1,55.34,12925,95,437.0,437.0,425.1
2025-01-09,-5.0,-1.13,437.0,,23717,124,436.0,445.0,435.2
2025-01-08,8.0,1.84,442.0,,26506,151,434.0,444.8,431.2
2025-01-07,-3.0,-0.69,434.0,77.08,17704,110,441.9,445.0,433.1
2025-01-06,7.0,1.63,437.0,,52333,199,430.0,438.9,430.0
2025-01-05,-5.0,-1.15,430.0,88.0,20402,110,428.0,435.0,428.0
2025-01-02,5.0,1.16,435.0,71.87,16647,96,430.0,436.0,425.0
2025-01-01,7.0,1.65,430.0,,30194,126,416.0,431.0,416.0
2024-12-31,-9.9,-2.29,423.0,,46050,206,433.0,433.0,417.0
2024-12-29,-7.1,-1.61,432.9,98.73,22772,110,433.0,442.0,430.0
2024-12-26,-7.9,-1.76,440.0,,35258,192,443.7,444.0,431.2
2024-12-24,5.8,1.31,447.9,,27393,143,450.0,455.0,441.0
2024-12-23,10.6,2.46,442.1,70.42,15919,116,435.0,448.0,435.0
2024-12-22,-13.5,-3.03,431.5,,30721,146,440.0,444.0,430.0
2024-12-19,1.0,0.23,445.0,,26642,157,441.4,448.0,435.1
2024-12-18,-5.0,-1.11,444.0,,35168,115,442.2,452.7,442.2
2024-12-17,0.6,0.13,449.0,83.57,18643,121,441.6,453.0,441.0
2024-12-16,-7.6,-1.67,448.4,,36511,152,448.2,456.0,438.1
2024-12-12,-9.0,-1.94,456.0,85.86,18708,156,465.1,469.0,450.0
2024-12-11,4.0,0.87,465.0,88.0,19054,165,455.0,468.0,455.0
2024-12-10,1.0,0.22,461.0,81.88,17831,147,452.3,469.0,452.2
2024-12-09,-9.0,-1.92,460.0,,38622,231,459.7,477.0,455.0
2024-12-08,-10.0,-2.09,469.0,,49973,368,470.0,482.7,468.0
2024-12-05,-7.0,-1.44,479.0,,54126,197,490.0,490.0,476.5
2024-12-04,-8.0,-1.62,486.0,,49513,174,492.0,495.0,486.0
2024-12-03,1.0,0.2,494.0,,50257,232,502.0,522.0,486.0
2024-12-02,-5.0,-1.0,493.0,,158031,721,507.9,525.0,484.0
2024-12-01,23.0,4.84,498.0,,158817,658,471.0,510.0,465.5
2024-11-28,4.0,0.85,475.0,,62848,283,479.0,489.6,475.0
2024-11-27,5.0,1.07,471.0,,32734,154,467.1,476.0,465.0
2024-11-26,5.0,1.08,466.0,,22045,114,465.0,469.0,458.2
2024-11-25,1.0,0.22,461.0,46.57,10065,70,460.0,468.0,460.0
2024-11-24,-4.0,-0.86,460.0,86.36,18702,105,464.1,467.0,460.0
2024-11-21,-13.0,-2.73,464.0,,27269,136,482.0,485.0,464.0
2024-11-20,10.1,2.16,477.0,,39819,201,466.6,481.0,461.0
2024-11-19,-13.1,-2.73,466.9,,46906,176,478.1,478.1,465.0
2024-11-17,-2.0,-0.41,480.0,,38964,194,484.0,489.0,480.0
2024-11-14,8.6,1.82,482.0,,59107,268,473.0,488.5,472.0
2024-11-13,7.4,1.59,473.4,,32344,152,467.5,474.0,462.5
2024-11-12,-3.0,-0.64,466.0,,27927,144,462.0,475.0,462.0
2024-11-11,2.1,0.45,469.0,,52489,240,468.1,475.0,463.5
2024-11-10,11.9,2.62,466.9,,26223,151,455.1,469.0,455.1
2024-11-06,-1.0,-0.22,455.0,64.53,14163,81,459.0,459.8,451.3
2024-11-05,-3.0,-0.65,456.0,26.05,5727,55,456.0,459.8,451.1
2024-10-30,0.0,0.0,459.0,66.5,14473,86,462.0,463.0,457.2
2024-10-29,6.0,1.32,459.0,79.2,17261,128,457.0,460.9,452.1
2024-10-28,3.8,0.85,453.0,50.75,11268,77,458.0,458.0,447.1
2024-10-27,-6.8,-1.49,449.2,64.73,14437,95,447.1,455.0,446.9
2024-10-24,8.0,1.79,456.0,,24007,166,445.0,456.0,440.1
2024-10-23,-3.0,-0.67,448.0,,24223,117,460.0,464.8,445.0
2024-10-22,4.9,1.1,451.0,78.81,17514,104,445.0,457.9,445.0
2024-10-21,-11.9,-2.6,446.1,97.53,21709,173,458.0,458.0,445.1
2024-10-20,-18.5,-3.88,458.0,,42699,165,472.0,478.0,458.0
2024-10-17,3.1,0.65,476.5,,36122,161,478.0,481.9,471.0
2024-10-16,3.4,0.72,473.4,97.72,20621,98,470.0,477.0,470.0
2024-10-15,8.0,1.73,470.0,,23105,102,454.0,471.0,454.0
2024-10-09,-0.9,-0.19,462.0,56.19,12201,68,454.0,463.0,454.0
2024-10-08,-3.1,-0.67,462.9,70.57,15283,97,464.0,466.0,456.2
2024-10-07,9.0,1.97,466.0,99.45,21413,135,460.0,469.2,458.0
2024-10-06,11.0,2.47,457.0,96.05,21215,148,442.0,458.0,442.0
2024-10-02,-4.0,-0.89,446.0,,51697,285,455.0,457.0,442.0
2024-10-01,17.66,4.08,450.0,,33567,251,434.1,455.0,434.1
2024-09-30,6.9,1.51,462.6,,55459,377,463.0,466.9,458.3
2024-09-29,-2.2,-0.48,455.7,,39749,204,455.0,464.0,448.9
2024-09-26,-2.1,-0.46,457.9,,28885,193,468.0,469.0,455.2
2024-09-25,11.5,2.56,460.0,,25156,187,449.0,462.9,442.3
2024-09-24,-10.5,-2.29,448.5,,26731,211,450.3,468.0,448.5
2024-09-23,-25.5,-5.26,459.0,,46295,262,475.0,482.0,458.0
2024-09-22,15.6,3.33,484.5,,35609,257,478.2,487.7,460.0
2024-09-18,2.9,0.62,468.9,,39751,263,457.0,476.1,456.7
2024-09-16,-11.0,-2.31,466.0,,42231,270,470.0,476.0,461.0
2024-09-15,-6.0,-1.24,477.0,,72491,448,492.6,497.0,476.0
2024-09-12,14.0,2.99,483.0,,61153,303,469.0,484.5,466.0
2024-09-11,-5.0,-1.05,469.0,,99767,375,474.0,485.0,465.5
2024-09-10,-12.0,-2.47,474.0,,57554,329,494.0,500.0,474.0
2024-09-09,-17.0,-3.38,486.0,,95687,422,493.5,503.0,484.0
2024-09-08,-3.0,-0.59,503.0,,82689,328,512.0,516.0,500.1
2024-09-05,-2.0,-0.39,506.0,,69313,372,497.9,512.0,497.0
2024-09-04,-21.0,-3.97,508.0,,171356,658,537.9,537.9,506.0
2024-09-03,3.7,0.7,529.0,,138616,714,530.0,537.5,508.0
2024-09-02,32.3,6.55,525.3,,134143,621,502.8,525.3,490.0
2024-09-01,-9.0,-1.79,493.0,,142855,485,502.0,515.0,489.0
2024-08-29,-8.2,-1.61,502.0,,169417,579,511.5,519.0,500.0
2024-08-28,-0.8,-0.16,510.2,,139087,580,521.0,526.0,507.0
2024-08-27,-19.0,-3.58,511.0,,207508,801,533.0,536.0,508.1
2024-08-25,-6.0,-1.12,530.0,,207994,838,538.0,547.0,523.4
2024-08-22,12.0,2.29,536.0,,349504,1503,534.0,564.8,530.0
2024-08-21,-11.0,-2.06,524.0,,131677,557,533.5,533.5,522.0
2024-08-18,-5.1,-0.94,535.0,,238271,761,544.0,548.0,512.0
2024-08-15,-5.9,-1.08,540.1,,268744,961,550.0,554.8,540.0
2024-08-14,14.1,2.65,546.0,,199488,810,531.9,552.0,524.0
2024-08-13,0.9,0.17,531.9,,272873,724,541.0,541.0,522.0
2024-08-12,27.0,5.36,531.0,,324104,1168,514.0,537.5,506.0
2024-08-11,11.0,2.23,504.0,,174980,711,501.0,506.0,494.0
2024-08-08,-3.0,-0.6,493.0,,154680,606,498.0,505.9,493.0
2024-08-07,11.0,2.27,496.0,,168913,716,485.0,502.0,485.0
2024-08-06,-16.0,-3.19,485.0,,336947,1123,502.0,510.0,483.0
2024-08-05,2.0,0.4,501.0,,197226,725,508.9,508.9,492.1
2024-08-01,5.0,1.01,499.0,,294250,999,494.0,506.0,485.1
2024-07-31,11.0,2.28,494.0,,231826,831,492.6,503.0,484.1
2024-07-30,2.0,0.42,483.0,,146696,580,481.0,493.5,470.4
2024-07-29,-11.0,-2.24,481.0,,128321,561,495.0,500.0,480.0
2024-07-28,13.0,2.71,492.0,,187990,752,488.5,498.2,472.2
2024-07-25,-4.0,-0.83,479.0,,128156,696,490.0,492.0,475.3
2024-07-24,17.9,3.85,483.0,,368450,1896,474.4,505.0,474.4
2024-07-23,11.6,2.56,465.1,,106985,451,448.1,469.0,448.0
2024-07-22,-1.5,-0.33,453.5,,201280,542,457.0,460.0,445.0
2024-07-21,7.0,1.56,455.0,,140476,550,448.1,456.0,439.1
2024-07-18,-7.0,-1.54,448.0,,142792,672,455.9,465.2,447.0
2024-07-17,25.1,5.84,455.0,,183323,696,438.4,456.0,426.0
2024-07-16,13.9,3.34,429.9,,88075,409,415.0,431.0,412.0
2024-07-15,-4.0,-0.95,416.0,,120148,389,428.4,428.4,411.0
2024-07-14,2.3,0.55,420.0,,89950,364,426.0,434.0,418.5
2024-07-11,3.0,0.72,417.7,,103250,476,418.0,429.0,416.0
2024-07-10,-4.3,-1.03,414.7,,71513,439,420.0,422.0,412.1
2024-07-09,11.4,2.8,419.0,,126765,661,408.0,420.2,405.7
2024-07-08,1.6,0.39,407.6,,79396,327,414.1,414.1,402.8
2024-07-07,-1.3,-0.32,406.0,,115834,588,408.0,413.6,403.0
2024-07-04,16.5,4.22,407.3,,286687,1088,398.6,413.0,391.0
2024-07-03,9.8,2.57,390.8,,120269,458,381.0,391.0,373.1
2024-07-02,11.0,2.97,381.0,,86982,241,377.4,395.0,372.1
2024-07-01,0.0,0.0,370.0,90.62,24555,99,374.0,374.0,367.0
2024-06-30,1.8,0.49,370.0,,37906,165,374.5,374.5,363.2
2024-06-27,0.2,0.05,368.2,,27476,101,366.0,370.0,365.0
2024-06-26,-5.0,-1.34,368.0,,30888,86,371.1,375.0,367.1
2024-06-25,5.0,1.36,373.0,,42967,189,375.0,380.0,369.1
2024-06-24,2.0,0.55,368.0,,37534,162,373.3,373.3,366.0
2024-06-23,-0.8,-0.22,366.0,,40333,122,370.0,370.0,364.1
2024-06-20,-3.2,-0.86,366.8,,31573,165,370.0,370.2,365.0
2024-06-19,-1.0,-0.27,370.0,50.5,13649,89,371.0,376.3,368.5
2024-06-18,-1.0,-0.27,371.0,,28904,122,369.1,377.9,368.0
2024-06-16,-7.0,-1.85,372.0,,27293,156,379.0,382.0,372.0
2024-06-13,2.5,0.66,379.0,,97452,297,371.1,391.0,371.0
2024-06-12,2.5,0.67,376.5,,56946,190,374.0,381.0,374.0
2024-06-11,1.1,0.29,374.0,,44496,192,380.3,380.3,366.0
2024-06-10,6.4,1.75,372.9,,44682,164,363.1,372.9,362.0
2024-06-09,-3.5,-0.95,366.5,,31358,166,370.0,371.8,366.5
2024-06-06,-0.4,-0.11,370.0,86.36,23358,116,370.0,374.9,368.6
2024-06-05,-4.4,-1.17,370.4,,38385,102,370.0,375.0,370.0
2024-06-04,2.8,0.75,374.8,53.36,14257,84,370.0,376.9,370.0
2024-06-03,1.8,0.49,372.0,,30143,147,377.0,377.0,369.5
2024-06-02,0.2,0.05,370.2,,35154,172,376.5,377.4,370.0
2024-05-30,-7.8,-2.06,370.0,,58971,209,384.0,384.0,370.0
2024-05-29,-5.2,-1.36,377.8,,65040,294,389.0,389.0,377.7
2024-05-27,2.0,0.52,383.0,,44740,168,387.5,387.5,374.0
2024-05-26,-0.3,-0.08,381.0,,75027,312,373.7,388.0,373.7
2024-05-22,3.7,0.98,381.3,,107355,397,377.6,387.0,377.6
2024-05-21,-0.4,-0.11,377.6,,57803,206,380.0,383.0,375.0
2024-05-20,4.4,1.18,378.0,,57482,241,366.2,385.0,366.2
2024-05-19,2.6,0.7,373.6,,54174,207,378.4,378.4,371.3
2024-05-16,-7.0,-1.85,371.0,,41011,196,374.6,379.5,370.5
2024-05-15,0.6,0.16,378.0,,105335,329,384.4,388.0,375.0
2024-05-14,-0.6,-0.16,377.4,,39121,193,377.1,381.0,376.0
2024-05-13,0.0,0.0,378.0,,30318,208,380.0,382.9,374.0
2024-05-12,8.0,2.16,378.0,,113173,326,371.0,381.0,371.0
2024-05-09,-1.0,-0.27,370.0,,65481,236,374.0,375.8,368.0
2024-05-08,-0.6,-0.16,371.0,,32299,135,377.4,377.4,368.1
2024-05-07,3.0,0.81,371.6,,79784,255,372.0,379.3,364.6
2024-05-06,4.6,1.26,368.6,,52438,307,364.0,372.0,361.0
2024-05-05,-15.0,-3.96,364.0,,110027,417,380.0,380.0,363.0
2024-05-02,-8.0,-2.07,379.0,,142184,567,394.7,395.0,377.4
2024-04-30,21.0,5.74,387.0,,337394,1432,363.0,392.0,363.0
2024-04-29,5.0,1.39,366.0,,124832,475,361.0,370.0,360.2
2024-04-28,11.0,3.14,361.0,,59668,216,350.0,364.0,350.0
2024-04-25,0.0,0.0,350.0,,31822,137,347.0,354.5,345.0
2024-04-24,2.5,0.72,350.0,34.11,9754,67,348.0,353.5,346.0
2024-04-22,-5.4,-1.53,347.5,66.81,19092,86,348.0,356.5,345.0
2024-04-21,9.5,2.77,352.9,96.89,27987,108,347.0,358.0,341.1
2024-04-18,-4.1,-1.18,343.4,52.91,15426,100,346.5,346.5,341.0
2024-04-16,-7.0,-1.97,347.5,76.27,21904,126,347.5,355.0,345.1
2024-04-15,-2.3,-0.64,354.5,71.13,19921,126,359.8,374.0,350.0
2024-04-14,-0.2,-0.06,356.8,95.92,26801,84,354.4,361.0,354.4
2024-04-10,-6.9,-1.9,357.0,,33066,131,367.8,367.8,355.0
2024-04-09,6.0,1.68,363.9,,70365,216,355.0,365.6,355.0
2024-04-07,10.0,2.87,357.9,,36099,156,345.0,360.0,345.0
2024-04-04,-1.0,-0.29,347.9,83.09,23924,103,354.0,354.0,344.5
2024-04-03,1.9,0.55,348.9,,30198,136,347.5,355.9,345.1
2024-04-02,-2.9,-0.83,347.0,56.85,16253,57,349.0,354.0,347.0
2024-04-01,-5.1,-1.44,349.9,,33752,152,350.0,357.0,347.0
2024-03-31,-4.0,-1.11,355.0,,36223,141,352.0,359.4,350.0
2024-03-28,0.0,0.0,359.0,,31337,143,364.5,365.0,355.0
2024-03-27,-1.0,-0.28,359.0,,42447,95,356.2,362.0,355.0
2024-03-26,4.1,1.15,360.0,,39572,171,360.0,367.0,355.0
2024-03-25,-6.1,-1.69,355.9,,34377,116,365.0,368.0,355.0
2024-03-21,-2.0,-0.55,362.0,,67791,222,358.0,369.9,358.0
2024-03-20,-3.0,-0.82,364.0,,69494,186,368.0,370.0,361.0
2024-03-19,-0.3,-0.08,367.0,,90384,341,370.0,373.9,364.0
2024-03-18,12.2,3.44,367.3,,120890,357,362.0,367.3,358.0
2024-03-17,0.1,0.03,355.1,,89384,263,355.0,369.0,353.5
2024-03-14,-3.0,-0.84,355.0,93.6,26235,144,361.7,361.7,354.9
2024-03-13,0.0,0.0,358.0,,55582,239,363.0,365.0,357.1
2024-03-12,8.0,2.29,358.0,,44384,193,355.0,360.0,351.3
2024-03-10,5.1,1.48,350.0,79.04,22484,126,351.6,355.0,345.5
2024-03-07,1.9,0.55,344.9,56.92,16460,78,349.1,355.0,344.1
2024-03-06,-2.0,-0.58,343.0,,40520,176,349.0,350.0,337.0
2024-03-05,-19.7,-5.4,345.0,,55508,254,357.5,357.5,343.0
2024-03-04,33.1,9.98,364.7,32.27,8984,20,338.2,364.7,338.2
2024-03-03,-3.4,-1.01,331.6,55.58,16678,94,335.0,336.0,330.0
2024-02-29,-7.0,-2.05,335.0,73.71,21860,141,336.2,340.0,332.6
2024-02-28,-1.0,-0.29,342.0,66.52,19455,87,341.1,344.9,341.0
2024-02-27,-0.9,-0.26,343.0,48.37,13994,76,345.0,350.0,342.1
2024-02-26,0.9,0.26,343.9,72.09,21064,100,349.0,349.0,340.0
2024-02-25,-6.5,-1.86,343.0,,29863,132,344.2,353.0,343.0
2024-02-22,1.4,0.4,349.5,,38593,180,345.0,357.9,343.0
2024-02-21,-3.0,-0.85,348.1,70.71,20209,79,352.1,355.0,348.0
2024-02-20,4.0,1.15,351.1,,39484,161,354.0,356.9,347.8
2024-02-18,-5.0,-1.42,347.1,78.0,22411,122,348.4,351.2,347.0
2024-02-15,-7.9,-2.19,352.1,,35318,148,361.0,364.7,352.0
2024-02-14,6.1,1.72,360.0,,98182,373,352.0,372.0,349.0
2024-02-13,-8.1,-2.24,353.9,,63523,186,355.1,359.0,350.5
2024-02-12,2.8,0.78,362.0,,36456,146,364.0,364.0,357.7
2024-02-11,2.0,0.56,359.2,,74352,222,358.0,364.0,358.0
2024-02-07,5.0,1.42,356.0,,79525,289,354.9,363.0,352.2
2024-02-06,5.0,1.45,351.0,67.39,19168,138,346.0,355.0,345.1
2024-02-05,2.5,0.73,346.0,94.65,27248,101,350.3,352.0,343.3
2024-02-04,1.5,0.44,343.5,66.52,19397,104,340.1,345.7,340.0
2024-02-01,-1.2,-0.35,342.0,,36270,186,337.2,344.0,337.2
2024-01-31,-8.8,-2.5,343.2,,59064,217,355.0,357.5,342.4
2024-01-30,1.0,0.28,352.0,,32401,159,357.8,357.8,350.7
2024-01-29,4.0,1.15,351.0,,41564,186,350.1,353.8,349.0
2024-01-28,9.0,2.66,347.0,,60846,295,344.0,352.0,340.0
2024-01-25,7.0,2.11,338.0,,46979,249,336.0,344.0,335.0
2024-01-24,-13.2,-3.83,331.0,,57415,255,351.0,351.0,331.0
2024-01-23,-0.8,-0.23,344.2,,32305,155,349.0,354.0,343.1
2024-01-22,-4.5,-1.29,345.0,,46845,262,355.0,356.4,342.0
2024-01-21,-15.5,-4.25,349.5,,102150,417,372.3,372.3,348.0
2024-01-18,4.0,1.11,365.0,,125666,551,368.2,375.5,359.7
2024-01-17,-0.8,-0.22,361.0,,240257,824,369.0,382.0,358.0
2024-01-16,8.9,2.52,361.8,,99684,422,359.9,368.0,359.9
2024-01-14,3.1,0.89,352.9,,48336,242,356.7,360.0,349.6
2024-01-11,4.8,1.39,349.8,,52478,241,342.0,350.0,340.2
2024-01-10,-4.9,-1.4,345.0,,115594,476,356.7,358.0,345.0
2024-01-09,19.9,6.03,349.9,,157874,539,335.0,355.0,330.0
2024-01-08,14.0,4.43,330.0,,43633,193,322.3,334.9,311.0
2024-01-07,-4.0,-1.25,316.0,,32693,154,317.0,323.0,315.1
2024-01-04,-10.0,-3.03,320.0,,32842,197,324.0,329.9,320.0
2024-01-03,8.0,2.48,330.0,83.01,25721,147,316.0,330.0,316.0
2024-01-02,-1.0,-0.31,322.0,,48467,199,325.0,325.0,316.2
2024-01-01,-2.0,-0.62,323.0,,45340,216,326.1,336.7,323.0
2023-12-28,-2.0,-0.61,325.0,,52393,212,332.0,333.0,324.0
2023-12-27,-8.0,-2.39,327.0,,39049,205,328.3,336.0,325.0
2023-12-24,-1.7,-0.5,335.0,,64340,251,341.0,341.0,327.8
2023-12-21,-12.3,-3.52,336.7,,79341,303,351.9,351.9,336.0
2023-12-20,3.0,0.87,349.0,,102261,363,349.0,360.3,345.0
2023-12-19,3.0,0.87,346.0,,62622,262,345.0,350.0,337.1
2023-12-18,7.0,2.08,343.0,,194763,610,342.0,354.9,338.0
2023-12-17,6.5,1.97,336.0,,54052,267,323.0,336.0,320.0
2023-12-14,9.6,3.0,329.5,,49847,229,315.0,329.9,314.0
2023-12-13,4.1,1.3,319.9,,60206,237,315.8,327.9,314.1
2023-12-12,6.2,2.0,315.8,,48123,218,304.5,318.0,304.5
2023-12-11,-8.4,-2.64,309.6,,68362,299,320.0,320.0,302.0
2023-12-10,21.0,7.07,318.0,18.87,6054,34,302.9,318.0,302.9
2023-12-07,6.0,2.06,297.0,63.9,21795,96,291.0,298.0,288.2
2023-12-06,-2.4,-0.82,291.0,19.32,6596,29,288.1,295.0,288.1
2023-12-05,2.3,0.79,293.4,35.35,12169,54,296.9,296.9,288.0
2023-12-04,-3.0,-1.02,291.1,18.49,6291,38,294.0,297.9,291.1
2023-12-03,2.1,0.72,294.1,46.15,15818,69,289.0,298.9,288.2
2023-11-30,-5.2,-1.75,292.0,42.82,14649,70,301.0,301.0,291.2
2023-11-29,-0.8,-0.27,297.2,32.27,10824,54,300.1,303.0,296.1
2023-11-28,-4.0,-1.32,298.0,35.56,11803,66,302.0,304.9,298.0
2023-11-27,-1.0,-0.33,302.0,79.23,26152,114,305.0,306.9,299.2
2023-11-26,7.0,2.36,303.0,46.23,15315,84,301.0,305.0,299.1
2023-11-23,7.8,2.71,296.0,35.38,11979,60,290.0,298.0,289.0
2023-11-22,0.2,0.07,288.2,60.52,21033,68,285.2,295.0,285.1
2023-11-21,-4.0,-1.37,288.0,19.2,6639,50,289.0,294.0,286.0
2023-11-20,1.5,0.52,292.0,33.33,11330,68,284.7,302.0,284.7
2023-11-09,-1.5,-0.51,290.5,27.24,9355,58,290.4,294.0,290.2
2023-11-08,-5.2,-1.75,292.0,56.57,19282,117,291.3,297.9,291.3
2023-11-07,0.7,0.24,297.2,18.18,6074,40,296.0,300.0,296.0
2023-11-06,0.5,0.17,296.5,41.77,13977,71,295.5,301.0,295.5
2023-11-05,1.0,0.34,296.0,25.12,8557,67,293.0,296.0,291.1
2023-11-02,1.0,0.34,295.0,37.17,12549,57,294.0,299.6,293.0
2023-11-01,2.0,0.68,294.0,18.96,6439,44,297.8,299.0,294.0
2023-10-31,-6.0,-2.01,292.0,23.25,7898,77,303.9,303.9,292.0
2023-10-30,-0.5,-0.17,298.0,18.23,6130,50,295.2,300.0,295.0
2023-10-29,-1.6,-0.53,298.5,29.78,9951,55,302.0,304.8,297.4
2023-10-19,-0.9,-0.3,300.1,93.33,30944,62,300.0,305.0,300.0
2023-10-18,2.2,0.74,301.0,48.88,16241,78,299.0,303.5,296.0
2023-10-17,2.3,0.78,298.8,87.0,29512,109,302.0,305.0,290.6
2023-10-16,-4.5,-1.5,296.5,50.79,17017,97,300.0,305.0,296.1
2023-10-12,-7.0,-2.27,301.0,,47513,165,302.0,307.0,297.0
2023-10-11,6.7,2.22,308.0,75.23,24541,111,303.0,310.0,301.9
2023-10-10,-1.7,-0.56,301.3,29.91,9888,76,303.0,307.0,301.1
2023-10-09,-4.0,-1.3,303.0,96.21,31562,99,302.1,309.0,302.0
2023-10-08,-8.0,-2.54,307.0,,46955,195,311.0,312.8,300.0
2023-10-05,0.0,0.0,315.0,32.47,10339,61,320.0,320.0,312.6
2023-10-04,0.0,0.0,315.0,23.82,7530,51,319.0,319.0,313.5
2023-10-03,-5.5,-1.72,315.0,42.53,13508,65,320.0,320.0,312.0
2023-10-02,4.6,1.46,320.5,,38461,96,311.0,324.0,310.2
2023-10-01,-8.1,-2.5,315.9,68.16,21641,84,318.0,320.0,313.4
2023-09-27,4.0,1.25,324.0,,91325,102,325.0,326.0,315.0
2023-09-26,-0.1,-0.03,320.0,68.03,21067,103,326.0,327.0,318.0
2023-09-25,-4.9,-1.51,320.1,,74230,114,320.0,327.0,318.5
2023-09-24,3.0,0.93,325.0,,45913,169,327.0,330.0,315.0
2023-09-21,15.0,4.89,322.0,,54793,199,313.0,325.0,312.7
2023-09-19,-0.4,-0.13,307.0,47.71,15524,58,306.2,309.8,305.5
2023-09-18,0.4,0.13,307.4,13.18,4283,35,305.1,312.9,305.1
2023-09-17,-9.0,-2.85,307.0,32.44,10553,74,310.0,315.0,305.0
2023-09-13,6.8,2.2,316.0,71.46,22786,117,312.0,317.0,305.8
2023-09-12,-2.8,-0.9,309.2,17.04,5511,47,317.9,317.9,308.0
2023-09-11,9.0,2.97,312.0,41.84,13457,101,304.0,314.1,303.0
2023-09-10,1.0,0.33,303.0,26.76,8832,60,300.0,305.0,300.0
2023-09-07,-4.0,-1.31,302.0,27.96,9298,69,306.0,306.0,300.0
2023-09-05,1.9,0.62,306.0,38.76,12715,74,302.0,306.0,301.1
2023-09-04,0.1,0.03,304.1,65.32,21614,115,302.1,305.0,300.0
2023-09-03,-5.8,-1.87,304.0,44.26,14509,109,311.0,311.0,301.0
2023-08-30,1.6,0.52,309.8,31.23,10145,52,307.5,310.0,306.1
2023-08-29,-0.8,-0.26,308.2,26.72,8649,63,310.0,315.0,307.7
2023-08-28,-1.0,-0.32,309.0,27.93,9035,85,313.9,314.0,307.2
2023-08-27,-3.0,-0.96,310.0,47.52,15348,103,313.0,313.0,308.3
2023-08-24,-6.0,-1.88,313.0,99.27,31400,110,315.0,323.7,312.0
2023-08-23,5.5,1.75,319.0,,46496,169,315.0,320.1,315.0
2023-08-22,3.2,1.03,313.5,74.51,23826,75,308.2,316.0,308.2
2023-08-21,-2.6,-0.83,310.3,67.33,21498,88,314.0,317.0,308.2
2023-08-20,-2.1,-0.67,312.9,59.19,19024,134,314.0,317.0,308.7
2023-08-17,1.0,0.32,315.0,98.21,30887,119,320.0,320.0,315.0
2023-08-16,-1.0,-0.32,314.0,60.57,19228,93,315.0,317.7,313.0
2023-08-15,-7.0,-2.17,315.0,,41027,169,325.0,325.0,315.0
2023-08-14,-3.0,-0.92,322.0,92.11,28431,132,328.0,328.0,321.0
2023-08-13,0.0,0.0,325.0,78.66,24114,112,329.9,330.0,322.0
2023-08-10,-8.0,-2.4,325.0,,57554,229,337.0,337.0,318.3
2023-08-09,16.9,5.35,333.0,,43432,199,314.0,338.1,312.0
2023-08-08,-8.9,-2.74,316.1,85.12,26725,142,320.1,325.0,315.3
2023-08-07,5.0,1.56,325.0,,34390,189,319.0,327.0,317.0
2023-08-06,-16.0,-4.76,320.0,,66578,306,334.0,334.0,320.0
2023-08-03,-14.0,-4.0,336.0,,98784,611,355.0,355.0,334.0
2023-08-02,6.0,1.74,350.0,,53562,159,340.0,350.0,339.0
2023-08-01,-8.0,-2.27,344.0,,40929,228,357.5,357.5,338.6
2023-07-31,4.9,1.41,352.0,,74887,242,347.0,354.9,345.0
2023-07-30,-5.4,-1.53,347.1,,42026,226,353.0,355.0,345.3
2023-07-27,-5.0,-1.4,352.5,,80546,347,362.0,362.0,351.1
2023-07-26,2.5,0.7,357.5,,59442,233,361.9,362.0,351.8
2023-07-25,-9.0,-2.47,355.0,,117393,537,363.0,363.0,351.3
2023-07-24,-16.0,-4.21,364.0,,209585,967,380.0,380.0,363.2
2023-07-23,20.7,5.76,380.0,,213038,786,360.0,380.0,355.0
2023-07-20,10.3,2.95,359.3,,150982,649,355.0,361.9,350.0
2023-07-19,7.0,2.05,349.0,,128346,359,340.2,352.0,340.2
2023-07-18,-3.0,-0.87,342.0,,72520,263,351.0,352.0,339.0
2023-07-17,18.0,5.5,345.0,,101357,295,322.0,345.0,322.0
2023-07-16,-3.0,-0.91,327.0,46.38,14094,93,324.2,336.6,324.2
2023-07-13,-6.0,-1.79,330.0,,43541,217,341.8,341.8,327.0
2023-07-12,2.0,0.6,336.0,95.04,28294,173,335.0,339.0,331.0
2023-07-11,14.0,4.38,334.0,,71437,332,320.0,337.5,318.0
2023-07-10,1.0,0.31,320.0,,47646,191,320.0,327.0,318.0
2023-07-09,3.0,0.95,319.0,,38658,182,322.3,324.9,314.2
2023-07-06,-1.0,-0.32,316.0,80.3,25358,180,315.1,324.3,313.6
2023-07-05,-7.5,-2.31,317.0,90.23,28327,155,323.0,326.0,316.0
2023-07-04,3.6,1.12,324.5,,36903,184,327.0,333.8,318.7
2023-07-03,-4.1,-1.26,320.9,,43154,205,331.0,331.0,320.0
2023-07-02,-8.3,-2.49,325.0,,45229,254,335.0,335.0,325.0
2023-06-28,-9.7,-2.83,333.3,,54805,293,348.0,351.9,333.1
2023-06-27,1.3,0.38,343.0,,122561,432,346.0,359.9,333.0
2023-06-26,4.7,1.39,341.7,,61494,333,343.0,349.0,331.0
2023-06-25,15.0,4.66,337.0,,72461,397,322.0,342.0,321.4
2023-06-22,-0.6,-0.19,322.0,,33360,151,321.1,328.0,318.0
2023-06-21,-5.4,-1.65,322.6,,30678,164,332.0,333.9,322.0
2023-06-20,-6.0,-1.8,328.0,,83267,385,340.0,350.0,326.0
2023-06-19,7.8,2.39,334.0,,67201,305,326.2,340.5,326.2
2023-06-18,3.2,0.99,326.2,,42167,184,324.0,332.0,320.0
2023-06-15,1.1,0.34,323.0,95.39,29735,140,321.8,325.0,317.0
2023-06-14,-0.1,-0.03,321.9,,44740,211,322.2,328.0,316.1
2023-06-13,2.0,0.62,322.0,,42458,194,315.2,326.0,314.1
2023-06-12,-6.0,-1.84,320.0,,39727,179,327.0,330.0,318.0
2023-06-11,12.8,4.09,326.0,,71322,289,315.0,328.0,315.0
2023-06-08,8.2,2.69,313.2,,44499,250,304.0,318.0,302.0
2023-06-07,10.0,3.39,305.0,,122482,248,300.0,308.0,298.1
2023-06-06,3.8,1.3,295.0,32.21,10947,62,295.0,295.0,290.1
2023-06-05,-6.4,-2.15,291.2,47.16,15978,85,297.0,302.9,291.2
2023-06-04,14.6,5.16,297.6,38.55,13081,108,288.6,300.0,282.9
2023-06-01,0.0,0.0,283.0,47.11,16641,108,280.2,288.0,279.0
2023-05-31,-9.4,-3.21,283.0,55.59,19317,111,289.1,294.0,283.0
2023-05-30,-6.6,-2.21,292.4,36.84,12632,98,293.5,295.0,289.0
2023-05-28,-2.0,-0.66,299.0,,34836,167,300.0,309.0,295.0
2023-05-24,-2.0,-0.66,301.0,45.54,15184,113,302.9,305.5,297.0
2023-05-23,9.0,3.06,303.0,74.47,24687,146,297.5,305.0,295.2
2023-05-22,1.1,0.38,294.0,31.96,10901,72,287.4,296.6,287.3
2023-05-21,2.9,1.0,292.9,54.53,18693,123,295.8,297.0,288.0
2023-05-18,4.0,1.4,290.0,63.69,21672,125,287.0,298.8,287.0
2023-05-17,9.0,3.25,286.0,26.66,9381,70,277.0,288.0,277.0
2023-05-16,-3.0,-1.07,277.0,80.83,29254,121,279.0,280.0,275.1
2023-05-15,0.0,0.0,280.0,56.55,20282,131,277.7,285.6,275.0
2023-05-14,-10.0,-3.45,280.0,60.45,21387,151,292.0,292.0,279.5
2023-05-11,-9.5,-3.17,290.0,14.89,5121,43,295.0,295.0,289.2
2023-05-10,2.7,0.91,299.5,19.2,6518,39,295.0,299.5,288.0
2023-05-09,8.8,3.06,296.8,41.88,14309,71,290.0,296.8,285.0
2023-05-08,3.0,1.05,288.0,43.72,15375,100,285.0,289.0,281.4
2023-05-07,-2.6,-0.9,285.0,21.53,7519,66,287.0,291.0,285.0
2023-05-04,-0.9,-0.31,287.6,30.19,10470,77,288.0,293.0,287.0
2023-05-03,-3.1,-1.06,288.5,21.07,7280,63,291.6,291.6,288.0
2023-05-02,-0.4,-0.14,291.6,15.54,5344,57,295.1,296.0,288.0
2023-04-30,3.9,1.35,292.0,29.33,10092,115,293.8,293.8,288.1
2023-04-27,0.8,0.27,300.8,67.35,22469,157,300.0,306.0,297.0
2023-04-26,-6.0,-1.96,300.0,40.4,13396,81,307.0,308.0,300.0
2023-04-25,5.0,1.66,306.0,23.29,7660,58,301.1,308.0,298.0
2023-04-24,4.0,1.35,301.0,20.25,6767,53,295.5,303.0,295.0
2023-04-23,-4.0,-1.33,297.0,18.32,6157,65,297.1,300.0,296.1
2023-04-20,-4.0,-1.31,301.0,20.59,6824,50,300.0,306.0,300.0
2023-04-19,4.0,1.33,305.0,53.59,17787,103,300.0,306.0,300.0
2023-04-18,-3.0,-0.99,301.0,22.65,7511,75,302.0,307.9,300.0
2023-04-17,-7.0,-2.25,304.0,29.61,9658,64,308.0,311.0,304.0
2023-04-16,1.0,0.32,311.0,23.92,7717,80,310.0,316.0,305.5
2023-04-13,-9.0,-2.82,310.0,63.56,20206,157,325.0,325.0,309.1
2023-04-12,19.0,6.33,319.0,86.89,27652,200,301.0,320.0,301.0
2023-04-11,5.0,1.69,300.0,28.63,9555,83,292.0,303.0,292.0
2023-04-10,3.6,1.24,295.0,21.25,7233,62,297.1,297.1,292.0
2023-04-09,-5.6,-1.89,291.4,58.69,20138,165,295.1,295.3,289.0
2023-04-06,-3.0,-1.0,297.0,26.21,8760,88,305.0,306.0,297.0
2023-04-05,-1.0,-0.33,300.0,40.4,13508,80,301.0,306.0,296.0
2023-04-04,0.1,0.03,301.0,24.74,8251,77,300.0,305.0,297.0
2023-04-03,-3.1,-1.02,300.9,35.38,11768,103,302.0,304.9,298.0
2023-04-02,-9.0,-2.88,304.0,,33862,215,313.0,314.0,300.0
2023-03-30,4.4,1.43,313.0,54.52,17538,88,309.6,314.0,308.5
2023-03-29,-4.4,-1.41,308.6,15.34,4962,46,310.0,313.0,308.0
2023-03-28,0.0,0.0,313.0,62.57,19984,115,317.0,317.0,308.0
2023-03-27,7.0,2.29,313.0,72.03,23343,154,306.0,314.0,303.0
2023-03-26,-3.0,-0.97,306.0,42.65,13918,94,305.0,309.5,304.3
2023-03-23,-4.0,-1.28,309.0,72.37,23397,161,312.0,312.9,307.0
2023-03-22,-3.0,-0.95,313.0,30.41,9668,81,314.0,318.9,312.0
2023-03-20,2.9,0.93,316.0,20.44,6480,63,317.0,318.9,312.0
2023-03-19,0.2,0.06,313.1,19.32,6171,78,311.0,318.0,307.4
2023-03-16,0.9,0.29,312.9,37.92,12195,88,308.2,313.9,308.0
2023-03-15,-2.0,-0.64,312.0,25.91,8315,73,314.1,314.9,310.0
2023-03-14,-1.8,-0.57,314.0,22.96,7329,78,316.0,320.0,310.4
2023-03-13,0.8,0.25,315.8,7.67,2452,52,318.9,318.9,311.2
2023-03-12,-8.0,-2.48,315.0,70.29,22031,159,327.9,327.9,315.0
2023-03-09,7.0,2.22,323.0,71.5,22316,143,322.3,325.0,317.1
2023-03-07,7.0,2.27,316.0,42.93,13688,99,314.9,319.0,309.0
2023-03-05,-2.0,-0.64,309.0,60.42,19481,144,310.0,314.0,308.0
2023-03-02,-4.0,-1.27,311.0,47.5,15255,93,315.0,316.0,310.0
2023-03-01,-5.0,-1.56,315.0,19.4,6131,81,319.1,320.9,315.0
2023-02-28,-2.9,-0.9,320.0,19.08,5939,62,323.5,324.0,319.0
2023-02-27,-1.0,-0.31,322.9,64.36,20183,137,330.0,330.0,314.0
2023-02-26,3.9,1.22,323.9,,35709,205,319.0,327.0,308.0
2023-02-23,-9.0,-2.74,320.0,68.89,21453,141,322.5,335.0,317.1
2023-02-22,12.0,3.79,329.0,56.12,17318,143,318.0,329.0,318.0
2023-02-20,-1.5,-0.47,317.0,47.55,14981,139,319.0,321.0,316.0
2023-02-16,-5.5,-1.7,318.5,88.16,27500,165,321.1,326.9,318.4
2023-02-14,0.0,0.0,326.0,43.4,13289,102,329.9,330.0,325.1
2023-02-12,-16.0,-4.68,326.0,,48830,240,336.0,341.0,325.1
2023-02-09,5.7,1.69,342.0,89.13,26359,141,336.3,343.9,335.0
2023-02-08,-6.7,-1.95,336.3,,47173,296,348.9,351.0,336.2
2023-02-07,18.5,5.7,343.0,,45490,276,326.0,343.0,326.0
2023-02-06,0.0,0.0,324.5,60.68,18792,102,318.7,327.0,318.7
2023-02-05,1.6,0.5,324.5,,37724,187,322.0,327.0,317.1
2023-02-02,-6.0,-1.82,322.9,,32717,236,328.9,328.9,319.0
2023-02-01,5.4,1.67,328.9,78.52,23916,162,324.0,333.0,324.0
2023-01-31,-1.5,-0.46,323.5,,45762,223,320.1,330.0,320.0
2023-01-30,-10.3,-3.07,325.0,,48238,244,332.0,338.5,323.1
2023-01-29,-3.7,-1.09,335.3,,40166,164,338.0,345.0,333.0
2023-01-26,0.0,-1.48,339.0,,36146,0,350.0,350.0,338.0
2023-01-25,0.0,-1.69,344.1,,69126,0,345.0,356.0,339.0
2023-01-24,0.0,0.29,350.0,,51674,0,342.3,352.0,339.0
2023-01-23,0.0,-4.38,349.0,,125414,0,357.7,364.0,347.1
2023-01-19,0.0,-0.27,365.0,,80932,0,365.0,374.9,360.7
2023-01-18,0.0,4.24,366.0,,175894,0,358.0,368.2,351.1
2023-01-17,0.0,2.36,351.1,,55268,0,345.0,360.0,339.0
2023-01-12,0.0,-4.19,343.0,,101169,0,365.1,372.5,340.0
2023-01-10,0.0,-0.28,358.0,,146772,0,365.0,381.0,351.9
2023-01-09,0.0,4.63,359.0,,81937,0,342.0,360.0,342.0
2023-01-08,0.0,1.72,343.1,,91842,0,339.0,360.0,331.0
2023-01-05,0.0,-0.94,337.3,,65147,0,347.0,347.2,328.3
2023-01-04,0.0,5.0,340.5,,54466,0,327.0,342.7,325.0
2023-01-03,0.0,-1.13,324.3,,34859,0,328.0,334.2,322.0
2023-01-02,0.0,1.23,328.0,,31838,0,321.0,330.1,321.0
2023-01-01,0.0,0.47,324.0,,84194,0,328.9,339.0,317.0
2022-12-29,0.0,4.37,322.5,,54457,0,315.0,324.1,305.0
2022-12-28,0.0,-0.96,309.0,,24102,0,312.0,316.8,306.2
2022-12-27,0.0,1.3,312.0,,48227,0,314.0,318.9,308.7
2022-12-26,0.0,3.88,308.0,,53880,0,301.0,309.7,298.2
2022-12-22,0.0,-0.84,296.5,,7202,0,295.0,298.0,295.0
2022-12-21,0.0,-0.33,299.0,,13469,0,300.0,302.0,297.1
2022-12-20,0.0,1.35,300.0,,12597,0,295.0,305.0,295.0
2022-12-19,0.0,-0.5,296.0,,14200,0,295.0,302.0,292.0
2022-12-18,0.0,-1.78,297.5,,15387,0,300.0,304.8,297.0
2022-12-15,0.0,-1.01,302.9,,6577,0,301.3,305.0,301.3
2022-12-14,0.0,-0.33,306.0,,4757,0,306.0,307.0,304.2
2022-12-13,0.0,-0.29,307.0,,6801,0,306.0,310.0,305.0
2022-12-12,0.0,1.65,307.9,,15818,0,302.0,308.0,302.0
2022-12-11,0.0,-0.69,302.9,,18115,0,303.0,305.0,300.4
2022-12-07,0.0,-1.29,305.0,,13320,0,308.0,309.0,305.0
2022-12-06,0.0,0.0,309.0,,11795,0,305.1,312.0,305.1
2022-12-05,0.0,-0.64,309.0,,19858,0,311.0,317.2,307.0
2022-12-04,0.0,-0.32,311.0,,27401,0,313.1,318.8,310.0
2022-12-01,0.0,-0.16,312.0,,17468,0,313.0,317.9,310.0
2022-11-30,0.0,-1.2,312.5,,10790,0,319.0,319.0,309.1
2022-11-29,0.0,0.76,316.3,,13704,0,309.0,316.3,308.9
2022-11-28,0.0,-1.29,313.9,,17693,0,315.0,321.0,312.0
2022-11-27,0.0,0.95,318.0,,29358,0,321.0,321.0,312.0
2022-11-24,0.0,2.44,315.0,,10161,0,305.0,315.0,304.0
2022-11-23,0.0,-0.16,307.5,,8232,0,301.9,308.0,301.9
2022-11-22,0.0,-1.28,308.0,,8207,0,315.0,316.0,306.0
2022-11-17,0.0,1.63,312.0,,20119,0,310.0,315.0,310.0
2022-11-16,0.0,1.35,307.0,,10304,0,308.0,309.0,304.1
2022-11-15,0.0,-0.69,302.9,,13798,0,306.0,307.0,300.0
2022-11-14,0.0,2.35,305.0,,12621,0,302.0,306.0,298.0
2022-11-13,0.0,-0.67,298.0,,20817,0,300.0,306.0,297.3
2022-11-10,0.0,-1.25,300.0,,37408,0,309.8,309.8,299.3
2022-11-09,0.0,-2.66,303.8,,19443,0,311.5,317.0,303.8
2022-11-08,0.0,-1.17,312.1,,15872,0,319.5,319.5,311.0
2022-11-07,0.0,-1.62,315.8,,28624,0,325.0,326.4,315.8
2022-11-06,0.0,3.22,321.0,,19843,0,312.0,321.3,310.0
2022-11-03,0.0,-2.51,311.0,,13120,0,320.0,320.0,310.0
2022-11-02,0.0,-0.28,319.0,,22066,0,321.0,324.5,313.6
2022-11-01,0.0,6.24,319.9,,25697,0,306.0,319.9,299.0
2022-10-31,0.0,-2.9,301.1,,27227,0,310.0,310.0,300.0
2022-10-23,0.0,1.47,310.1,,4347,0,311.0,311.0,306.0
2022-10-20,0.0,-0.13,305.6,,10027,0,303.0,309.0,301.0
2022-10-19,0.0,-2.21,306.0,,13333,0,316.5,316.5,303.9
2022-10-17,0.0,-0.03,312.9,,10052,0,312.0,313.5,309.6
2022-10-16,0.0,-2.76,313.0,,9183,0,328.0,328.0,312.0
2022-10-13,0.0,-0.37,321.9,,10007,0,324.0,326.4,320.0
2022-10-12,0.0,3.23,320.0,,23217,0,310.0,321.5,305.2
2022-10-11,0.0,-0.96,310.0,,10825,0,317.0,317.0,308.0
2022-10-10,0.0,-3.1,313.0,,21931,0,324.0,327.9,310.0
2022-10-09,0.0,4.53,323.0,,18077,0,315.0,325.0,315.0
2022-09-29,0.0,0.65,309.0,,11688,0,312.0,312.0,306.3
2022-09-28,0.0,-0.32,307.0,,6042,0,310.0,314.0,306.1
2022-09-27,0.0,2.33,308.0,,8741,0,306.0,313.0,301.1
2022-09-25,0.0,-0.66,301.0,,18634,0,300.0,310.0,300.0
2022-09-22,0.0,-2.54,303.0,,17515,0,310.5,315.0,302.0
2022-09-21,0.0,2.61,310.9,,15688,0,309.0,316.0,305.8
2022-09-20,0.0,-3.5,303.0,,27535,0,313.0,315.0,301.9
2022-09-18,0.0,-3.38,314.0,,26552,0,320.0,322.0,313.6
2022-09-16,0.0,-1.34,325.0,,40234,0,322.9,326.9,312.0
2022-09-15,0.0,-5.07,329.4,,36791,0,347.0,350.0,327.5
2022-09-14,0.0,4.2,347.0,,32269,0,333.0,350.0,333.0
2022-09-13,0.0,1.83,333.0,,17773,0,328.0,338.0,328.0
2022-09-12,0.0,0.34,327.0,,11583,0,325.0,330.0,323.0
2022-09-11,0.0,-1.98,325.9,,9527,0,339.0,339.0,325.9
2022-09-08,0.0,0.76,332.5,,22290,0,330.0,336.0,325.0
2022-09-07,0.0,-1.93,330.0,,21852,0,334.0,334.0,328.5
2022-09-06,0.0,-0.41,336.5,,6518,0,340.0,340.0,332.1
2022-09-05,0.0,-0.32,337.9,,11634,0,344.0,344.0,335.2
2022-09-04,0.0,0.89,339.0,,15664,0,340.0,342.7,336.5
2022-09-02,0.0,-0.88,336.0,,9690,0,340.0,344.9,334.1
2022-09-01,0.0,0.89,339.0,,17783,0,336.0,346.8,331.0
2022-08-31,0.0,-2.89,336.0,,17328,0,351.9,351.9,335.0
2022-08-30,0.0,1.17,346.0,,26505,0,348.0,348.0,341.0
2022-08-29,0.0,2.36,342.0,,21353,0,334.3,342.0,332.3
2022-08-28,0.0,-3.72,334.1,,45091,0,347.0,347.0,333.2
2022-08-26,0.0,-2.25,347.0,,21119,0,355.0,355.0,345.0
2022-08-25,0.0,-1.66,355.0,,24955,0,360.0,366.0,353.0
2022-08-24,0.0,0.28,361.0,,19118,0,361.0,367.0,360.0
2022-08-23,0.0,-0.41,360.0,,17094,0,367.0,367.0,356.0
2022-08-22,0.0,-0.44,361.5,,44190,0,360.0,368.0,357.0
2022-08-21,0.0,-1.06,363.1,,37369,0,372.0,379.4,363.1
2022-08-18,0.0,3.67,367.0,,47077,0,360.0,370.0,354.0
2022-08-17,0.0,0.85,354.0,,24061,0,352.0,360.0,347.0
2022-08-16,0.0,-3.31,351.0,,57674,0,366.0,370.0,351.0
2022-08-15,0.0,7.4,363.0,,47979,0,340.0,363.9,340.0
2022-08-14,0.0,-1.46,338.0,,22988,0,348.0,349.7,337.5
2022-08-11,0.0,-2.56,343.0,,31258,0,353.0,358.0,343.0
2022-08-10,0.0,-0.59,352.0,,51957,0,350.0,358.9,346.6
2022-08-09,0.0,-4.79,354.1,,66582,0,371.9,373.0,354.0
2022-08-08,0.0,-1.61,371.9,,43657,0,385.0,386.0,367.0
2022-08-07,0.0,-0.24,378.0,,55144,0,378.0,390.0,375.0
2022-08-05,0.0,-1.84,378.9,,45411,0,386.0,390.0,374.0
2022-08-04,0.0,-3.26,386.0,,64237,0,400.0,403.0,385.0
2022-08-03,0.0,-0.25,399.0,,43460,0,401.4,412.0,397.1
2022-08-02,0.0,-0.74,400.0,,66743,0,404.0,411.0,396.0
2022-08-01,0.0,-2.18,403.0,,77556,0,417.0,417.0,401.2
2022-07-31,0.0,0.98,412.0,,123793,0,413.0,424.0,405.1
2022-07-29,0.0,4.62,408.0,,91018,0,384.0,415.0,382.2
2022-07-28,0.0,1.3,390.0,,93032,0,392.0,400.0,370.0
2022-07-27,0.0,1.85,385.0,,78332,0,371.0,390.6,365.0
2022-07-26,0.0,-3.57,378.0,,74353,0,391.0,398.0,376.6
2022-07-25,0.0,7.4,392.0,,80123,0,372.3,392.0,368.0
2022-07-24,0.0,5.49,365.0,,87898,0,352.0,365.0,348.0
2022-07-22,0.0,-2.26,346.0,,13250,0,350.0,356.0,343.1
2022-07-21,0.0,-1.39,354.0,,29149,0,360.0,362.0,353.0
2022-07-20,0.0,-0.53,359.0,,31994,0,361.0,365.8,355.0
2022-07-19,0.0,1.38,360.9,,32178,0,360.0,367.0,353.0
2022-07-18,0.0,1.42,356.0,,13610,0,351.0,358.0,346.0
2022-07-17,0.0,0.31,351.0,,26384,0,356.0,356.0,344.2
2022-07-15,0.0,0.26,349.9,,105800,0,342.1,355.9,339.1
2022-07-14,0.0,1.75,349.0,,39591,0,348.0,358.0,339.0
2022-07-13,0.0,5.86,343.0,,35146,0,329.5,344.9,329.5
2022-07-12,0.0,-1.19,324.0,,54560,0,331.0,333.9,314.0
2022-07-11,0.0,-4.12,327.9,,126886,0,337.0,337.1,326.0
2022-07-08,0.0,-2.84,342.0,,13793,0,352.0,353.0,340.0
2022-07-07,0.0,-0.85,352.0,,29375,0,362.1,369.3,349.7
2022-07-06,0.0,2.01,355.0,,34920,0,345.0,356.0,338.0
2022-07-05,0.0,-3.87,348.0,,50111,0,355.0,373.0,346.0
2022-07-04,0.0,-1.9,362.0,,72505,0,370.0,389.0,350.0
2022-07-03,0.0,3.71,369.0,,40526,0,350.0,370.0,348.0
2022-07-01,0.0,-1.71,355.8,,28667,0,365.0,369.2,350.0
2022-06-30,0.0,6.16,362.0,,49556,0,337.8,363.0,337.8
2022-06-29,0.0,5.25,341.0,,35432,0,330.0,347.0,320.0
2022-06-28,0.0,-1.22,324.0,,14346,0,321.5,328.0,320.0
2022-06-27,0.0,-3.39,328.0,,49572,0,344.0,350.0,326.0
2022-06-26,0.0,7.78,339.5,,33688,0,321.3,341.0,318.0
2022-06-24,0.0,2.27,315.0,,36759,0,308.0,320.0,296.1
2022-06-23,0.0,-3.72,308.0,,19918,0,315.0,315.0,304.1
2022-06-22,0.0,-1.3,319.9,,9788,0,324.1,324.1,313.0
2022-06-21,0.0,3.22,324.1,,26347,0,314.0,330.0,313.4
2022-06-20,0.0,-3.38,314.0,,40431,0,320.0,322.0,310.0
2022-06-19,0.0,-3.85,325.0,,17950,0,338.0,339.0,325.0
2022-06-17,0.0,0.0,338.0,,8021,0,333.0,343.0,333.0
2022-06-16,0.0,0.6,338.0,,18243,0,336.0,349.9,335.2
2022-06-15,0.0,-1.75,336.0,,36349,0,338.0,344.0,330.9
2022-06-14,0.0,-2.84,342.0,,24694,0,355.0,358.0,341.1
2022-06-13,0.0,-1.43,352.0,,12814,0,364.2,370.0,351.0
2022-06-10,0.0,-0.53,357.1,,18469,0,354.2,361.0,352.2
2022-06-09,0.0,-2.97,359.0,,57171,0,374.0,380.0,359.0
2022-06-08,0.0,2.21,370.0,,24201,0,366.0,382.0,360.0
2022-06-07,0.0,-3.77,362.0,,43121,0,379.0,379.0,356.8
2022-06-06,0.0,0.7,376.2,,16319,0,380.9,388.0,370.5
2022-06-03,0.0,-0.9,373.6,,25343,0,380.0,380.0,372.4
2022-06-02,0.0,-0.79,377.0,,10906,0,373.1,388.9,373.0
2022-06-01,0.0,1.58,380.0,,15181,0,380.0,385.0,375.1
2022-05-31,0.0,-2.88,374.1,,24464,0,385.0,389.0,374.0
2022-05-30,0.0,-3.22,385.2,,28755,0,398.0,398.0,383.0
2022-05-27,0.0,-0.95,398.0,,13275,0,405.0,405.0,396.0
2022-05-26,0.0,-0.54,401.8,,17717,0,407.0,410.1,398.0
2022-05-25,0.0,0.37,404.0,,11417,0,410.5,413.0,400.0
2022-05-24,0.0,1.59,402.5,,23799,0,400.0,410.0,398.0
2022-05-23,0.0,-1.2,396.2,,17248,0,399.0,407.0,393.5
2022-05-20,0.0,-0.99,401.0,,22536,0,403.3,409.0,398.0
2022-05-19,0.0,-1.36,405.0,,17359,0,404.5,415.0,403.1
2022-05-18,0.0,0.01,410.6,,18985,0,401.0,415.0,400.0
2022-05-17,0.0,-3.84,405.8,,21058,0,414.0,421.0,405.8
2022-05-12,0.0,-2.99,422.0,,32483,0,430.0,443.0,421.0
2022-05-11,0.0,3.08,435.0,,28367,0,422.0,437.9,422.0
2022-05-10,0.0,2.93,422.0,,24909,0,409.0,425.0,409.0
2022-05-09,0.0,-0.73,410.0,,27473,0,416.0,420.9,405.0
2022-05-08,0.0,1.23,413.0,,38756,0,408.0,414.0,394.0
2022-05-05,0.0,-0.97,408.0,,24848,0,409.0,417.1,401.8
2022-05-04,0.0,-2.14,412.0,,22108,0,421.0,424.8,410.5
2022-05-02,0.0,-2.61,421.0,,17464,0,424.0,431.0,414.8
2022-04-28,0.0,-2.85,432.3,,23973,0,445.0,451.0,432.0
2022-04-27,0.0,2.3,445.0,,18245,0,435.0,445.0,428.0
2022-04-26,0.0,-1.36,435.0,,12636,0,448.5,448.5,430.0
2022-04-25,0.0,-3.08,441.0,,25532,0,461.0,464.0,441.0
2022-04-24,0.0,8.33,455.0,,35395,0,428.0,462.0,420.0
2022-04-21,0.0,1.69,420.0,,21678,0,413.0,425.0,402.0
2022-04-20,0.0,-4.02,413.0,,19411,0,438.9,438.9,413.0
2022-04-19,0.0,0.05,430.3,,16452,0,438.6,439.9,417.7
2022-04-18,0.0,-2.25,430.1,,22143,0,443.0,443.0,428.0
2022-04-17,0.0,-1.68,440.0,,14612,0,454.0,455.0,440.0
2022-04-13,0.0,1.91,447.5,,18498,0,440.5,452.0,434.9
2022-04-12,0.0,-1.75,439.1,,22265,0,447.0,447.0,438.0
2022-04-11,0.0,-2.0,446.9,,27320,0,465.0,473.0,446.1
2022-04-07,0.0,1.56,456.0,,20804,0,450.0,460.0,448.0
2022-04-06,0.0,-1.75,449.0,,30197,0,451.0,461.0,439.0
2022-04-05,0.0,-1.72,457.0,,51150,0,460.0,465.0,450.0
2022-04-04,0.0,0.0,465.0,,20593,0,466.0,474.0,463.2
2022-04-03,0.0,-1.27,465.0,,19620,0,472.0,472.0,463.0
2022-03-31,0.0,-3.09,471.0,,23306,0,488.0,491.0,467.0
2022-03-30,0.0,4.07,486.0,,24122,0,475.0,486.0,464.2
2022-03-29,0.0,-0.85,467.0,,24634,0,474.0,480.4,463.0
2022-03-28,0.0,-0.63,471.0,,26610,0,467.0,485.0,467.0
2022-03-27,0.0,-3.85,474.0,,45538,0,495.0,495.0,473.9
2022-03-24,0.0,-1.79,493.0,,29584,0,510.0,510.0,490.0
2022-03-23,0.0,-0.99,502.0,,25557,0,500.0,506.0,498.3
2022-03-22,0.0,0.98,507.0,,42177,0,506.0,515.0,505.0
2022-03-21,0.0,3.53,502.1,,36616,0,492.0,507.0,482.0
2022-03-20,0.0,-1.02,485.0,,20384,0,499.0,500.0,484.0
2022-03-16,0.0,-1.41,490.0,,30045,0,497.0,505.0,488.0
2022-03-15,0.0,-0.6,497.0,,35491,0,503.0,503.0,490.0
2022-03-14,0.0,0.0,500.0,,16544,0,505.0,509.9,491.0
2022-03-13,0.0,4.95,500.0,,70560,0,480.0,508.0,480.0
2022-03-10,0.0,6.32,476.4,,32422,0,444.0,476.4,444.0
2022-03-09,0.0,-2.37,448.1,,33844,0,460.0,466.0,448.0
2022-03-07,0.0,-0.76,459.0,,23220,0,465.0,473.9,458.0
2022-03-06,0.0,1.2,462.5,,46128,0,458.0,475.0,455.0
2022-03-02,0.0,-3.59,457.0,,41214,0,471.0,472.0,454.0
2022-02-28,0.0,-1.29,474.0,,44148,0,489.0,498.0,472.0
2022-02-27,0.0,-1.4,480.2,,34975,0,490.0,490.0,474.0
2022-02-24,0.0,-2.7,487.0,,37722,0,495.0,500.0,485.0
2022-02-23,0.0,-0.89,500.5,,26150,0,510.0,511.9,498.2
2022-02-22,0.0,1.2,505.0,,36610,0,508.9,509.9,502.0
2022-02-21,0.0,0.2,499.0,,22781,0,500.0,504.0,497.0
2022-02-20,0.0,-1.19,498.0,,48069,0,494.0,505.0,481.0
2022-02-17,0.0,-0.2,504.0,,18933,0,501.0,509.0,500.0
2022-02-16,0.0,-2.13,505.0,,28013,0,517.0,525.0,501.0
2022-02-15,0.0,3.59,516.0,,34464,0,508.0,516.8,500.0
2022-02-14,0.0,-0.18,498.1,,41036,0,498.0,507.9,498.0
2022-02-13,0.0,-4.31,499.0,,79112,0,522.0,522.0,493.0
2022-02-10,0.0,-0.67,521.5,,32855,0,525.0,530.0,516.2
2022-02-09,0.0,-0.94,525.0,,32287,0,539.9,539.9,520.0
2022-02-08,0.0,0.0,530.0,,70348,0,544.6,560.0,529.0
2022-02-07,0.0,0.74,534.0,,47655,0,530.0,542.9,529.0
2022-02-06,0.0,-1.65,530.1,,51915,0,530.0,544.0,529.0
2022-02-03,0.0,-1.82,539.0,,99985,0,555.0,565.9,538.1
2022-02-01,0.0,2.04,549.0,,76648,0,530.0,551.5,530.0
2022-01-31,0.0,-2.18,538.0,,58588,0,552.0,560.0,537.0
2022-01-30,0.0,7.63,550.0,,109917,0,521.2,550.0,521.2
2022-01-27,0.0,-0.68,511.0,,56196,0,514.0,525.0,510.0
2022-01-26,0.0,-2.37,514.5,,88744,0,521.0,532.0,510.0
2022-01-25,0.0,-1.13,527.0,,143088,0,543.0,546.0,519.0
2022-01-24,0.0,-4.65,533.0,,162513,0,559.0,559.0,530.1
2022-01-23,0.0,-2.61,559.0,,100708,0,585.0,585.4,556.0
2022-01-20,0.0,6.0,574.0,,97604,0,540.0,578.2,535.0
2022-01-19,0.0,-2.45,541.5,,84969,0,560.0,566.0,540.0
2022-01-18,0.0,-3.96,555.1,,165150,0,577.0,578.0,546.9
2022-01-17,0.0,0.52,578.0,,126908,0,580.0,584.0,562.0
2022-01-16,0.0,2.13,575.0,,158485,0,574.2,590.0,562.6
2022-01-13,0.0,4.26,563.0,,117059,0,539.0,569.0,533.0
2022-01-12,0.0,-3.23,540.0,,152591,0,558.0,565.7,535.0
2022-01-11,0.0,7.1,558.0,,149844,0,521.0,567.0,510.1
2022-01-10,0.0,1.17,521.0,,78925,0,525.0,530.0,514.0
2022-01-09,0.0,5.97,515.0,,136830,0,490.0,515.0,490.0
2022-01-06,0.0,2.53,486.0,,84786,0,474.0,491.6,466.0
2022-01-05,0.0,-3.07,474.0,,84716,0,495.0,504.0,474.0
2022-01-04,0.0,6.54,489.0,,102186,0,467.9,491.6,452.1
2022-01-03,0.0,2.46,459.0,,57667,0,456.9,469.0,449.0
2022-01-02,0.0,2.99,448.0,,44696,0,440.0,450.8,430.1
2021-12-29,0.0,-0.23,435.0,,29013,0,438.0,444.0,427.3
2021-12-28,0.0,-1.13,436.0,,46605,0,432.2,442.0,426.0
2021-12-27,0.0,-4.34,441.0,,67478,0,470.0,470.0,440.0
2021-12-26,0.0,-0.58,461.0,,50557,0,472.0,472.0,460.0
2021-12-23,0.0,-1.13,463.7,,48944,0,478.0,478.0,453.0
2021-12-22,0.0,7.32,469.0,,67315,0,445.0,473.7,445.0
2021-12-21,0.0,3.31,437.0,,26988,0,431.0,439.0,423.5
2021-12-20,0.0,-1.76,423.0,,23287,0,435.0,435.0,418.0
2021-12-16,0.0,-3.47,430.6,,39653,0,445.0,446.0,426.0
2021-12-15,0.0,1.39,446.1,,105409,0,448.0,480.0,434.2
2021-12-14,0.0,10.0,440.0,,31325,0,408.0,440.0,404.0
2021-12-13,0.0,-7.41,400.0,,94847,0,426.0,430.0,398.0
2021-12-12,0.0,-7.1,432.0,,46086,0,462.2,467.0,431.0
2021-12-09,0.0,-1.9,465.0,,43157,0,474.0,478.0,464.0
2021-12-08,0.0,-2.31,474.0,,44402,0,476.0,498.0,470.0
2021-12-07,0.0,-4.86,485.2,,70375,0,519.0,526.0,485.0
2021-12-06,0.0,2.0,510.0,,89802,0,500.0,520.0,471.5
2021-12-05,0.0,-3.85,500.0,,64930,0,510.0,528.1,495.0
2021-12-02,0.0,-4.06,520.0,,46669,0,545.0,547.0,519.4
2021-12-01,0.0,1.71,542.0,,45065,0,538.0,549.7,533.1
2021-11-30,0.0,-0.02,532.9,,53999,0,543.0,553.8,525.0
2021-11-29,0.0,-1.64,533.0,,83325,0,536.0,558.0,530.0
2021-11-28,0.0,-4.93,541.9,,108171,0,560.0,570.0,539.0
2021-11-25,0.0,-2.23,570.0,,43648,0,588.0,588.0,570.0
2021-11-24,0.0,3.2,583.0,,60439,0,556.0,583.7,546.0
2021-11-23,0.0,-2.6,564.9,,66079,0,580.0,587.0,555.7
2021-11-22,0.0,-1.69,580.0,,88056,0,590.0,600.0,577.0
2021-11-21,0.0,-0.84,590.0,,52986,0,605.0,605.0,585.1
2021-11-18,0.0,-2.14,595.0,,71187,0,608.0,618.8,594.0
2021-11-17,0.0,-1.33,608.0,,77902,0,628.5,628.5,608.0
2021-11-16,0.0,-0.21,616.2,,72564,0,620.0,625.0,610.0
2021-11-15,0.0,3.78,617.5,,82659,0,606.9,626.8,606.9
2021-11-14,0.0,0.34,595.0,,78685,0,590.0,608.0,585.1
2021-11-11,0.0,-2.31,593.0,,156563,0,607.0,615.0,583.0
2021-11-09,0.0,-5.16,607.0,,160686,0,640.0,640.0,602.0
2021-11-08,0.0,-1.84,640.0,,72331,0,650.0,660.0,639.0
2021-11-03,0.0,-2.69,652.0,,173643,0,670.0,675.0,647.8
2021-11-02,0.0,-1.47,670.0,,330728,0,680.0,735.9,650.0
2021-11-01,0.0,-6.72,680.0,,367377,0,729.0,729.0,669.5
2021-10-31,0.0,9.95,729.0,,246158,0,663.0,729.0,624.3
2021-10-28,0.0,8.16,663.0,,107354,0,625.0,663.0,605.0
2021-10-27,0.0,0.99,613.0,,129060,0,607.0,646.6,595.0
2021-10-26,0.0,1.27,719.0,,617763,0,724.2,770.0,710.6
2021-10-25,0.0,9.06,710.0,,144525,0,662.0,710.0,652.0
2021-10-24,0.0,0.46,651.0,,32813,0,660.9,660.9,646.0
2021-10-21,0.0,-1.82,648.0,,42893,0,665.0,666.0,643.0
2021-10-20,0.0,3.94,660.0,,61228,0,647.0,668.0,647.0
2021-10-19,0.0,-3.93,635.0,,83719,0,651.0,660.0,625.5
2021-10-18,0.0,-3.21,661.0,,72200,0,690.0,690.0,656.6
2021-10-17,0.0,4.26,682.9,,62170,0,668.1,683.0,658.0
2021-10-11,0.0,-0.76,655.0,,47534,0,670.0,670.0,632.2
2021-10-10,0.0,-1.03,660.0,,64769,0,680.0,681.5,655.0
2021-10-06,0.0,3.4,666.9,,75485,0,657.0,667.0,646.0
2021-10-05,0.0,2.38,645.0,,56379,0,642.5,655.0,630.0
2021-10-04,0.0,-0.94,630.0,,67486,0,638.0,645.0,627.0
2021-10-03,0.0,-1.55,636.0,,94379,0,649.0,659.0,634.0
2021-09-30,0.0,-2.56,646.0,,78556,0,665.0,677.0,645.0
2021-09-29,0.0,2.79,663.0,,104374,0,643.0,670.1,634.0
2021-09-28,0.0,-2.27,645.0,,102922,0,647.0,673.0,637.0
2021-09-27,0.0,-4.49,660.0,,137656,0,704.0,704.0,657.1
2021-09-26,0.0,1.92,691.0,,293946,0,691.5,733.0,685.0
2021-09-23,0.0,-2.31,678.0,,126021,0,707.8,715.0,677.0
2021-09-22,0.0,7.6,694.0,,137572,0,657.0,703.0,657.0
2021-09-21,0.0,0.78,645.0,,168159,0,628.0,672.1,619.0
2021-09-20,0.0,-6.32,640.0,,211982,0,683.2,686.0,635.0
2021-09-16,0.0,-3.09,683.2,,206278,0,700.0,700.0,670.0
2021-09-15,0.0,-1.95,705.0,,163537,0,722.0,725.0,697.0
2021-09-14,0.0,-0.83,719.0,,98752,0,732.0,739.0,709.5
2021-09-13,0.0,-0.82,725.0,,181495,0,745.6,755.0,722.0
2021-09-12,0.0,7.03,731.0,,234170,0,696.6,737.0,683.0
2021-09-09,0.0,-0.44,683.0,,101090,0,686.0,699.0,675.0
2021-09-08,0.0,-2.28,686.0,,123551,0,711.0,711.0,675.0
2021-09-07,0.0,-2.12,702.0,,177331,0,730.0,731.0,685.0
2021-09-06,0.0,10.0,717.2,,248405,0,652.0,717.2,630.0
2021-09-05,0.0,-6.05,652.0,,337019,0,699.0,699.0,625.2
2021-09-02,0.0,-3.34,694.0,,174838,0,718.0,730.0,682.0
2021-09-01,0.0,0.0,718.0,,190853,0,725.0,740.0,710.2
2021-08-31,0.0,-5.03,718.0,,308415,0,756.0,758.0,715.0
2021-08-29,0.0,-2.6,756.0,,223073,0,791.7,791.7,753.0
2021-08-26,0.0,4.19,776.2,,389263,0,740.0,795.0,740.0
2021-08-25,0.0,-4.97,745.0,,389613,0,768.4,779.0,735.0
2021-08-24,0.0,-2.97,784.0,,429815,0,810.0,814.0,765.1
2021-08-19,0.0,-4.38,808.0,,517749,0,845.0,860.0,801.0
2021-08-18,0.0,6.96,845.0,,677717,0,805.8,866.9,770.0
2021-08-17,0.0,6.04,790.0,,327659,0,759.0,796.0,737.0
2021-08-16,0.0,6.43,745.0,,517583,0,710.0,745.0,685.0
2021-08-15,0.0,-1.8,700.0,,724311,0,698.6,740.0,656.0
2021-08-12,0.0,10.0,712.8,,854026,0,655.0,712.8,655.0
2021-08-11,0.0,0.36,648.0,,411810,0,658.6,685.1,637.0
2021-08-10,0.0,10.0,645.7,,550047,0,590.0,645.7,588.0
2021-08-09,0.0,-0.68,587.0,,76552,0,597.0,597.0,584.6
2021-08-08,0.0,0.17,591.0,,98317,0,600.0,600.0,590.0
2021-08-05,0.0,1.37,590.0,,165430,0,589.0,603.7,582.0
2021-08-04,0.0,0.87,582.0,,73495,0,585.0,585.0,575.0
2021-08-03,0.0,0.07,577.0,,80969,0,584.0,584.0,573.0
2021-08-02,0.0,-0.93,576.6,,62327,0,587.0,591.6,575.2
2021-08-01,0.0,0.17,582.0,,109416,0,590.0,595.7,580.0
2021-07-29,0.0,-0.6,581.0,,116817,0,590.0,593.0,577.3
2021-07-28,0.0,0.6,584.5,,89736,0,592.6,599.0,581.0
2021-07-27,0.0,0.0,581.0,,137761,0,575.0,585.0,567.0
2021-07-26,0.0,-1.02,581.0,,92459,0,595.0,595.0,580.0
2021-07-25,0.0,-0.84,587.0,,185376,0,592.0,592.0,580.2
2021-07-22,0.0,-1.82,592.0,,148801,0,605.0,610.0,590.1
2021-07-20,0.0,-0.5,603.0,,117195,0,593.9,613.0,593.9
2021-07-19,0.0,-2.18,606.0,,249420,0,631.0,635.0,601.8
2021-07-18,0.0,6.81,619.5,,551994,0,591.6,629.0,591.6
2021-07-15,0.0,-0.17,580.0,,113276,0,581.0,590.0,576.0
2021-07-14,0.0,-0.68,581.0,,91634,0,595.0,600.0,574.0
2021-07-13,0.0,3.91,585.0,,173371,0,563.0,590.0,563.0
2021-07-12,0.0,-2.43,563.0,,320392,0,588.0,590.0,548.0
2021-07-11,0.0,9.28,577.0,,272752,0,532.0,580.0,532.0
2021-07-08,0.0,2.33,528.0,,90082,0,520.0,530.0,510.0
2021-07-07,0.0,0.19,516.0,,40694,0,510.0,523.0,510.0
2021-07-06,0.0,0.39,515.0,,45112,0,505.0,525.0,505.0
2021-07-05,0.0,-2.47,513.0,,65645,0,519.0,525.0,511.0
2021-07-04,0.0,-0.38,526.0,,127715,0,537.0,547.0,526.0
2021-07-01,0.0,2.72,528.0,,194198,0,523.0,543.0,510.0
2021-06-30,0.0,3.21,514.0,,185562,0,485.0,525.0,480.0
2021-06-29,0.0,-3.68,498.0,,149440,0,492.0,521.0,492.0
2021-06-28,0.0,-1.9,517.0,,114235,0,527.0,537.0,511.0
2021-06-27,0.0,-1.68,527.0,,91105,0,539.0,550.0,525.0
2021-06-24,0.0,-2.01,536.0,,119383,0,551.0,551.0,532.0
2021-06-23,0.0,-4.37,547.0,,169737,0,575.0,578.0,543.0
2021-06-22,0.0,7.72,572.0,,230397,0,531.0,574.0,513.0
2021-06-21,0.0,-4.84,531.0,,259880,0,532.0,565.0,530.0
2021-06-20,0.0,-3.79,558.0,,270969,0,585.0,591.0,541.0
2021-06-17,0.0,1.22,580.0,,190856,0,573.0,601.0,550.0
2021-06-16,0.0,-3.37,573.0,,295535,0,593.0,620.0,545.0
2021-06-15,0.0,-4.97,593.0,,455848,0,624.0,626.0,579.0
2021-06-14,0.0,-1.27,624.0,,379256,0,663.0,663.0,607.0
2021-06-13,0.0,9.53,632.0,,505732,0,577.0,633.0,570.0
2021-06-10,0.0,4.72,577.0,,448007,0,550.0,580.0,534.0
2021-06-09,0.0,-0.03,551.0,,512279,0,575.0,617.0,539.0
2021-06-08,0.0,9.85,569.0,,422590,0,530.0,569.0,528.0
2021-06-07,0.0,9.98,518.0,,572087,0,450.0,518.0,450.0
2021-06-06,0.0,0.86,471.0,,319906,0,467.0,487.0,460.0
2021-06-03,0.0,1.74,467.0,,462000,0,468.0,485.0,463.0
2021-06-02,0.0,4.32,459.0,,297718,0,455.0,463.0,432.0
2021-06-01,0.0,-1.35,440.0,,177595,0,446.0,455.0,433.0
2021-05-31,0.0,-3.88,446.0,,325310,0,473.0,479.0,446.0
2021-05-30,0.0,7.16,464.0,,529093,0,440.0,471.0,428.0
2021-05-27,0.0,5.61,433.0,,370626,0,410.0,445.0,394.0
2021-05-25,0.0,-1.44,410.0,,313114,0,420.0,425.0,406.0
2021-05-24,0.0,-0.24,416.0,,353669,0,421.0,441.0,407.0
2021-05-23,0.0,8.03,417.0,,474297,0,375.0,417.0,373.0
2021-05-20,0.0,2.39,386.0,,185729,0,359.0,387.0,359.0
2021-05-19,0.0,-1.31,377.0,,127706,0,395.0,395.0,372.0
2021-05-18,0.0,2.14,382.0,,126070,0,379.0,384.0,372.0
2021-05-17,0.0,-0.8,374.0,,146405,0,385.0,385.0,370.0
2021-05-16,0.0,5.9,377.0,,254004,0,360.0,378.0,360.0
2021-05-13,0.0,3.49,356.0,,99989,0,347.0,356.0,345.0
2021-05-12,0.0,-0.29,344.0,,26349,0,345.0,347.0,343.0
2021-05-11,0.0,1.17,345.0,,33394,0,340.0,347.0,340.0
2021-05-10,0.0,0.0,341.0,,27634,0,339.0,346.0,339.0
2021-05-09,0.0,-0.87,341.0,,81355,0,347.0,347.0,337.0
2021-05-06,0.0,0.29,344.0,,32124,0,348.0,348.0,341.0
2021-05-05,0.0,-1.44,343.0,,41359,0,355.0,355.0,341.0
2021-05-04,0.0,-0.29,348.0,,83569,0,349.0,354.0,338.0
2021-05-03,0.0,-0.57,349.0,,55473,0,355.0,359.0,345.0
2021-05-02,0.0,2.33,351.0,,83426,0,346.0,360.0,344.0
2021-04-29,0.0,0.0,343.0,,35132,0,343.0,347.0,340.0
2021-04-28,0.0,-0.58,343.0,,38808,0,350.0,350.0,340.0
2021-04-27,0.0,3.93,344.0,,80964,0,331.0,350.0,331.0
2021-04-26,0.0,-2.65,331.0,,100903,0,340.0,347.0,328.0
2021-04-25,0.0,-3.68,340.0,,127205,0,353.0,359.0,338.0
2021-04-22,0.0,0.28,353.0,,88210,0,369.0,369.0,348.0
2021-04-21,0.0,-3.03,352.0,,105184,0,370.0,370.0,350.0
2021-04-20,0.0,0.28,363.0,,96705,0,365.0,372.0,360.0
2021-04-19,0.0,-3.21,362.0,,250881,0,380.0,382.0,360.0
2021-04-18,0.0,1.63,374.0,,661059,0,385.0,385.0,368.0
2021-04-15,0.0,4.55,368.0,,285112,0,354.0,379.0,354.0
2021-04-13,0.0,3.53,352.0,,213710,0,341.0,356.0,341.0
2021-04-12,0.0,0.0,340.0,,48470,0,346.0,346.0,339.0
2021-04-08,0.0,-0.29,340.0,,77933,0,345.0,345.0,338.0
2021-04-07,0.0,1.49,341.0,,123840,0,336.0,346.0,335.0
2021-04-06,0.0,0.6,336.0,,109776,0,332.0,338.0,330.0
2021-04-05,0.0,-1.47,334.0,,125232,0,344.0,348.0,333.0
2021-04-04,0.0,0.0,339.0,,118537,0,342.0,348.0,338.0
2021-04-01,0.0,3.99,339.0,,316471,0,326.0,350.0,322.0
2021-03-31,0.0,5.5,326.0,,93668,0,314.0,328.0,310.0
2021-03-30,0.0,0.32,309.0,,22286,0,309.0,311.0,307.0
2021-03-29,0.0,0.0,308.0,,16732,0,314.0,314.0,307.0
2021-03-25,0.0,-1.6,308.0,,62647,0,312.0,321.0,307.0
2021-03-24,0.0,0.97,313.0,,33782,0,313.0,314.0,308.0
2021-03-23,0.0,-0.32,310.0,,21069,0,311.0,313.0,307.0
2021-03-22,0.0,-1.58,311.0,,60175,0,312.0,316.0,310.0
2021-03-21,0.0,1.94,316.0,,62460,0,315.0,317.0,308.0
2021-03-18,0.0,2.65,310.0,,61053,0,305.0,311.0,301.0
2021-03-17,0.0,2.37,302.0,,38062,0,298.0,302.0,295.0
2021-03-16,0.0,0.68,295.0,,22701,0,293.0,298.0,291.0
2021-03-15,0.0,-0.34,293.0,,48637,0,289.0,298.0,289.0
2021-03-14,0.0,-1.01,294.0,,33736,0,299.0,302.0,290.0
2021-03-10,0.0,-1.0,297.0,,33447,0,306.0,306.0,296.0
2021-03-09,0.0,-0.33,300.0,,30180,0,303.0,303.0,298.0
2021-03-08,0.0,-1.31,301.0,,43549,0,308.0,310.0,300.0
2021-03-04,0.0,3.39,305.0,,57741,0,299.0,310.0,295.0
2021-03-03,0.0,-0.67,295.0,,80150,0,296.0,297.0,290.0
2021-03-02,0.0,-3.57,297.0,,78216,0,306.0,309.0,295.0
2021-03-01,0.0,0.0,308.0,,58829,0,308.0,314.0,295.0
2021-02-28,0.0,-1.94,303.0,,95541,0,309.0,310.0,301.0
2021-02-25,0.0,0.0,309.0,,64579,0,312.0,316.0,307.0
2021-02-24,0.0,1.61,316.0,,59173,0,312.0,322.0,310.0
2021-02-23,0.0,-1.27,311.0,,114268,0,330.0,330.0,301.0
2021-02-22,0.0,-2.78,315.0,,118283,0,322.0,323.0,312.0
2021-02-21,0.0,-0.02,324.0,,60754,0,335.0,335.0,323.0
2021-02-18,0.0,0.01,330.0,,74861,0,327.0,333.0,323.0
2021-02-17,0.0,0.0,326.0,,66884,0,330.0,330.0,320.0
2021-02-16,0.0,-0.02,325.0,,108575,0,334.0,339.0,325.0
2021-02-15,0.0,0.06,332.0,,125852,0,320.0,333.0,320.0
2021-02-14,0.0,-0.02,314.0,,148364,0,320.0,324.0,310.0
2021-02-11,0.0,-0.01,321.0,,107509,0,341.0,341.0,319.0
2021-02-10,0.0,-0.02,325.0,,150286,0,330.0,336.0,317.0
2021-02-09,0.0,0.04,322.0,,213722,0,315.0,322.0,305.0
2021-02-08,0.0,0.07,309.0,,276228,0,294.0,310.0,290.0
2021-02-07,0.0,0.01,290.0,,55578,0,293.0,295.0,287.0
2021-02-04,0.0,0.0,288.0,,71906,0,284.0,292.0,284.0
2021-02-03,0.0,-0.01,289.0,,97911,0,294.0,298.0,287.0
2021-02-02,0.0,0.01,294.0,,103565,0,290.0,298.0,285.0
2021-02-01,0.0,0.04,290.0,,128243,0,276.0,293.0,276.0
2021-01-31,0.0,0.0,278.0,,152554,0,280.0,285.0,275.0
2021-01-28,0.0,-0.02,278.0,,85872,0,280.0,284.0,278.0
2021-01-27,0.0,0.0,283.0,,83640,0,297.0,297.0,279.0
2021-01-26,0.0,0.0,283.0,,141710,0,298.0,298.0,277.0
2021-01-25,0.0,0.04,284.0,,125490,0,277.0,284.0,269.0
2021-01-24,0.0,0.0,274.0,,117722,0,275.0,285.0,272.0
2021-01-21,0.0,-0.01,275.0,,170039,0,290.0,290.0,269.0
2021-01-20,0.0,-0.04,277.0,,183770,0,290.0,292.0,270.0
2021-01-19,0.0,-0.02,288.0,,421369,0,309.0,320.0,284.0
2021-01-18,0.0,0.1,295.0,,142124,0,282.0,295.0,282.0
2021-01-17,0.0,0.1,269.0,,182631,0,248.0,269.0,248.0
2021-01-13,0.0,0.03,245.0,,148601,0,238.0,246.0,238.0
2021-01-12,0.0,-0.01,237.0,,111292,0,241.0,245.0,236.0
2021-01-11,0.0,0.05,239.0,,221781,0,229.0,243.0,226.0
2021-01-10,0.0,0.04,228.0,,125733,0,222.0,229.0,222.0
2021-01-07,0.0,-0.01,219.0,,60322,0,222.0,222.0,215.0
2021-01-06,0.0,0.01,221.0,,41390,0,216.0,221.0,216.0
2021-01-05,0.0,-0.01,218.0,,19996,0,217.0,222.0,216.0
2021-01-04,0.0,0.0,220.0,,44468,0,224.0,224.0,218.0
2021-01-03,0.0,0.01,220.0,,45948,0,220.0,220.0,216.0
2020-12-31,0.0,0.0,217.0,,28128,0,219.0,219.0,212.0
2020-12-30,0.0,0.03,225.0,,55281,0,218.0,225.0,216.0
2020-12-29,0.0,0.0,218.0,,28126,0,216.0,222.0,215.0
2020-12-28,0.0,0.0,219.0,,40882,0,221.0,222.0,218.0
2020-12-27,0.0,0.01,220.0,,34141,0,222.0,223.0,217.0
2020-12-24,0.0,-0.01,218.0,,16617,0,220.0,226.0,218.0
2020-12-23,0.0,-0.02,220.0,,34700,0,228.0,229.0,218.0
2020-12-22,0.0,0.0,225.0,,66819,0,227.0,230.0,220.0
2020-12-21,0.0,0.03,224.0,,52540,0,215.0,224.0,206.0
2020-12-20,0.0,-0.03,217.0,,146977,0,234.0,234.0,215.0
2020-12-17,0.0,0.0,223.0,,29642,0,223.0,228.0,223.0
2020-12-16,0.0,-0.01,223.0,,31722,0,225.0,229.0,222.0
2020-12-15,0.0,-0.02,225.0,,23335,0,230.0,233.0,225.0
2020-12-14,0.0,0.01,230.0,,47929,0,227.0,231.0,226.0
2020-12-13,0.0,0.0,227.0,,44357,0,226.0,228.0,223.0
2020-12-10,0.0,-0.01,227.0,,30552,0,231.0,231.0,225.0
2020-12-09,0.0,0.0,229.0,,85676,0,231.0,231.0,225.0
2020-12-08,0.0,-0.01,228.0,,54978,0,235.0,239.0,226.0
2020-12-07,0.0,0.04,231.0,,84931,0,222.0,231.0,222.0
2020-12-06,0.0,-0.03,222.0,,74608,0,230.0,236.0,222.0
2020-12-03,0.0,0.0,228.0,,78329,0,231.0,235.0,225.0
2020-12-02,0.0,-0.01,227.0,,61261,0,229.0,232.0,226.0
2020-12-01,0.0,-0.03,229.0,,58199,0,242.0,242.0,228.0
2020-11-30,0.0,-0.02,235.0,,132714,0,250.0,250.0,233.0
2020-11-29,0.0,0.08,241.0,,274641,0,227.0,245.0,227.0
2020-11-26,0.0,-0.01,223.0,,98843,0,236.0,236.0,222.0
2020-11-25,0.0,0.02,228.0,,82282,0,227.0,230.0,224.0
2020-11-24,0.0,0.01,224.0,,70360,0,222.0,227.0,222.0
2020-11-23,0.0,-0.02,222.0,,73214,0,230.0,230.0,221.0
2020-11-22,0.0,0.0,226.0,,88466,0,230.0,234.0,221.0
2020-11-19,0.0,0.0,226.0,,103550,0,224.0,232.0,219.0
2020-11-18,0.0,0.0,220.0,,107632,0,213.0,236.0,213.0
2020-11-12,0.0,0.0,224.0,,105095,0,231.0,231.0,220.0
2020-11-11,0.0,-2.15,228.0,,135977,0,244.0,244.0,226.0
2020-11-10,0.0,-1.27,233.0,,700104,0,247.0,250.0,232.0
2020-11-09,0.0,0.43,236.0,,66240,0,239.0,239.0,231.0
2020-11-08,0.0,0.0,235.0,,76858,0,238.0,239.0,232.0
2020-11-05,0.0,2.62,235.0,,108930,0,227.0,239.0,227.0
2020-11-04,0.0,-3.78,229.0,,74726,0,238.0,239.0,229.0
2020-11-03,0.0,0.85,238.0,,84891,0,236.0,239.0,233.0
2020-11-02,0.0,2.61,236.0,,206120,0,233.0,239.0,231.0
2020-11-01,0.0,-0.86,230.0,,65561,0,232.0,234.0,226.0
2020-10-29,0.0,-0.85,232.0,,71382,0,230.0,242.0,229.0
2020-10-28,0.0,4.0,234.0,,67586,0,228.0,244.0,222.0
2020-10-22,0.0,0.45,225.0,,35109,0,228.0,236.0,224.0
2020-10-21,0.0,-1.75,224.0,,56983,0,227.0,228.0,224.0
2020-10-20,0.0,1.79,228.0,,75138,0,226.0,229.0,224.0
2020-10-19,0.0,3.23,224.0,,49574,0,217.0,226.0,217.0
2020-10-18,0.0,-2.69,217.0,,89364,0,227.0,230.0,215.0
2020-10-15,0.0,-0.45,223.0,,99770,0,235.0,235.0,221.0
2020-10-14,0.0,-1.75,224.0,,108280,0,239.0,239.0,221.0
2020-10-13,0.0,-0.44,228.0,,180317,0,232.0,234.0,226.0
2020-10-12,0.0,4.57,229.0,,303789,0,219.0,232.0,217.0
2020-10-11,0.0,-1.79,219.0,,301910,0,224.0,231.0,214.0
2020-10-08,0.0,-2.62,223.0,,133931,0,233.0,235.0,221.0
2020-10-07,0.0,7.51,229.0,,269536,0,210.0,234.0,210.0
2020-10-06,0.0,-3.18,213.0,,185305,0,218.0,224.0,207.0
2020-10-05,0.0,10.0,220.0,,366764,0,196.0,220.0,194.0
2020-10-04,0.0,-2.44,200.0,,192862,0,200.0,214.0,199.0
2020-10-01,0.0,9.63,205.0,,336568,0,195.0,205.0,188.0
2020-09-30,0.0,10.0,187.0,,273028,0,178.0,187.0,170.0
2020-09-29,0.0,4.94,170.0,,115935,0,160.0,172.0,159.0
2020-09-28,0.0,3.85,162.0,,92618,0,156.0,164.0,156.0
2020-09-27,0.0,0.0,156.0,,54123,0,158.0,161.0,154.0
2020-09-24,0.0,2.63,156.0,,42158,0,152.0,156.0,152.0
2020-09-23,0.0,1.33,152.0,,14681,0,147.0,153.0,147.0
2020-09-22,0.0,-0.66,150.0,,22321,0,150.0,153.0,148.0
2020-09-21,0.0,-1.95,151.0,,21858,0,155.0,157.0,149.0
2020-09-20,0.0,0.0,154.0,,66364,0,161.0,165.0,154.0
2020-09-17,0.0,7.69,154.0,,73535,0,143.0,157.0,142.0
2020-09-16,0.0,0.7,143.0,,14428,0,149.0,149.0,141.0
2020-09-15,0.0,-1.39,142.0,,15828,0,145.0,145.0,141.0
2020-09-14,0.0,0.7,144.0,,17672,0,143.0,145.0,143.0
2020-09-13,0.0,0.0,143.0,,16578,0,142.0,144.0,141.0
2020-09-10,0.0,2.14,143.0,,12789,0,142.0,143.0,140.0
2020-09-09,0.0,-1.41,140.0,,11808,0,149.0,149.0,140.0
2020-09-08,0.0,0.0,142.0,,6481,0,142.0,143.0,141.0
2020-09-07,0.0,-1.39,142.0,,14706,0,142.0,143.0,141.0
2020-09-06,0.0,-0.69,144.0,,26578,0,152.0,152.0,142.0
2020-09-03,0.0,-2.03,145.0,,8711,0,150.0,153.0,145.0
2020-09-02,0.0,4.23,148.0,,44436,0,142.0,148.0,141.0
2020-08-31,0.0,0.71,142.0,,43866,0,142.0,144.0,140.0
2020-08-30,0.0,-0.7,141.0,,15283,0,142.0,144.0,140.0
2020-08-27,0.0,-2.07,142.0,,9026,0,144.0,145.0,142.0
2020-08-26,0.0,0.0,145.0,,20701,0,145.0,145.0,142.0
2020-08-25,0.0,1.4,145.0,,12344,0,144.0,145.0,143.0
2020-08-24,0.0,-0.69,143.0,,11503,0,146.0,146.0,143.0
2020-08-23,0.0,0.0,144.0,,8611,0,143.0,145.0,142.0
2020-08-20,0.0,0.0,144.0,,10541,0,144.0,147.0,141.0
2020-08-19,0.0,2.13,144.0,,11349,0,139.0,146.0,137.0
2020-08-18,0.0,-2.76,141.0,,13962,0,146.0,146.0,141.0
2020-08-17,0.0,0.0,145.0,,4052,0,143.0,145.0,143.0
2020-08-16,0.0,-4.61,145.0,,31922,0,149.0,149.0,142.0
2020-08-13,0.0,-0.65,152.0,,3107,0,153.0,153.0,150.0
2020-08-12,0.0,-0.65,153.0,,2898,0,152.0,155.0,151.0
2020-08-11,0.0,-0.65,154.0,,15640,0,156.0,156.0,150.0
2020-08-10,0.0,1.31,155.0,,6878,0,153.0,155.0,151.0
2020-08-09,0.0,0.0,153.0,,7008,0,150.0,153.0,147.0
2020-08-06,0.0,0.0,153.0,,5975,0,153.0,154.0,146.0
2020-08-05,0.0,-1.32,149.0,,9098,0,151.0,151.0,147.0
2020-08-03,0.0,-0.66,151.0,,15874,0,149.0,154.0,147.0
2020-08-02,0.0,-1.94,152.0,,12989,0,152.0,155.0,150.0
2020-07-30,0.0,0.65,155.0,,6360,0,151.0,159.0,151.0
2020-07-29,0.0,-2.53,154.0,,8379,0,155.0,158.0,153.0
2020-07-28,0.0,-0.63,158.0,,2154,0,158.0,158.0,156.0
2020-07-27,0.0,1.27,159.0,,11269,0,157.0,159.0,155.0
2020-07-26,0.0,0.64,157.0,,11526,0,158.0,158.0,153.0
2020-07-23,0.0,-0.64,156.0,,3271,0,160.0,160.0,155.0
2020-07-22,0.0,1.29,157.0,,7999,0,158.0,161.0,154.0
2020-07-21,0.0,-3.73,155.0,,10477,0,158.0,163.0,155.0
2020-07-20,0.0,-2.42,161.0,,22852,0,173.0,176.0,161.0
2020-07-19,0.0,7.84,165.0,,140,0,159.0,165.0,159.0
2020-07-16,0.0,5.52,153.0,,9519,0,146.0,156.0,146.0
2020-07-15,0.0,0.69,145.0,,4977,0,145.0,148.0,145.0
2020-07-14,0.0,-2.04,144.0,,7058,0,145.0,147.0,144.0
2020-07-13,0.0,-0.68,147.0,,5865,0,147.0,149.0,146.0
2020-07-12,0.0,-0.67,148.0,,14457,0,151.0,151.0,146.0
2020-07-09,0.0,2.05,149.0,,2991,0,148.0,149.0,146.0
2020-07-08,0.0,0.0,146.0,,11918,0,144.0,146.0,144.0
2020-07-07,0.0,2.1,146.0,,8842,0,145.0,149.0,145.0
2020-07-06,0.0,2.88,143.0,,6869,0,140.0,143.0,139.0
2020-07-05,0.0,-2.11,139.0,,12271,0,140.0,142.0,136.0
2020-07-02,0.0,-2.07,142.0,,2419,0,147.0,147.0,142.0
2020-07-01,0.0,0.69,145.0,,1015,0,144.0,146.0,144.0
2020-06-30,0.0,3.6,144.0,,960,0,140.0,144.0,140.0
2020-06-29,0.0,-8.11,139.0,,18933,0,146.0,146.0,136.0
2020-05-12,0.0,-2.63,148.0,,2010,0,149.0,149.0,148.0
2020-03-22,0.0,-1.94,152.0,,200,0,155.0,155.0,152.0
2020-03-19,0.0,4.73,155.0,,21633,0,146.0,155.0,145.0
2020-03-18,0.0,-0.66,150.0,,16699,0,153.0,153.0,146.0
2020-03-17,0.0,-3.82,151.0,,33573,0,156.0,159.0,150.0
2020-03-16,0.0,0.64,157.0,,27046,0,154.0,162.0,154.0
2020-03-15,0.0,-4.29,156.0,,28780,0,166.0,166.0,155.0
2020-03-12,0.0,-2.98,163.0,,10818,0,165.0,168.0,161.0
2020-03-11,0.0,7.01,168.0,,23159,0,160.0,168.0,159.0
2020-03-10,0.0,-7.1,157.0,,16850,0,166.0,166.0,157.0
2020-03-05,0.0,1.2,169.0,,25224,0,170.0,175.0,164.0
2020-03-04,0.0,-3.47,167.0,,36897,0,171.0,176.0,167.0
2020-03-03,0.0,0.58,173.0,,55370,0,172.0,177.0,166.0
2020-03-02,0.0,-4.97,172.0,,36329,0,178.0,184.0,172.0
2020-03-01,0.0,-4.74,181.0,,75055,0,190.0,196.0,181.0
2020-02-27,0.0,5.56,190.0,,134163,0,180.0,198.0,178.0
2020-02-26,0.0,0.56,180.0,,44397,0,180.0,188.0,180.0
2020-02-25,0.0,0.56,179.0,,25573,0,178.0,181.0,175.0
2020-02-24,0.0,-4.3,178.0,,34528,0,186.0,185.0,177.0
2020-02-23,0.0,8.14,186.0,,86856,0,175.0,187.0,172.0
2020-02-20,0.0,-0.58,172.0,,18588,0,173.0,175.0,169.0
2020-02-19,0.0,2.98,173.0,,49743,0,169.0,173.0,167.0
2020-02-18,0.0,3.7,168.0,,78813,0,165.0,171.0,163.0
2020-02-17,0.0,1.25,162.0,,25586,0,162.0,166.0,161.0
2020-02-16,0.0,-0.62,159.0,,19206,0,160.0,161.0,159.0
2020-02-13,0.0,0.0,160.0,,18577,0,161.0,162.0,160.0
2020-02-12,0.0,-1.23,160.0,,18800,0,163.0,163.0,160.0
2020-02-11,0.0,0.0,162.0,,14308,0,164.0,165.0,160.0
2020-02-10,0.0,1.25,162.0,,30001,0,160.0,163.0,158.0
2020-02-09,0.0,-1.23,160.0,,11835,0,164.0,164.0,158.0
2020-02-06,0.0,0.0,162.0,,11445,0,161.0,164.0,161.0
2020-02-05,0.0,0.62,162.0,,14981,0,163.0,165.0,161.0
2020-02-04,0.0,-0.62,161.0,,49995,0,159.0,171.0,159.0
2020-02-03,0.0,2.53,162.0,,31405,0,161.0,163.0,156.0
2020-02-02,0.0,2.6,158.0,,26364,0,155.0,159.0,155.0
2020-01-30,0.0,0.0,154.0,,12042,0,153.0,156.0,153.0
2020-01-29,0.0,0.65,154.0,,9795,0,153.0,155.0,152.0
2020-01-28,0.0,-2.55,153.0,,16305,0,155.0,157.0,152.0
2020-01-27,0.0,3.97,157.0,,18583,0,151.0,157.0,149.0
2020-01-26,0.0,-1.3,152.0,,14191,0,152.0,155.0,152.0
2020-01-23,0.0,-1.28,154.0,,17992,0,155.0,155.0,152.0
2020-01-22,0.0,-0.64,156.0,,11324,0,157.0,157.0,154.0
2020-01-21,0.0,0.64,157.0,,28985,0,154.0,161.0,153.0
2020-01-20,0.0,-4.32,155.0,,54614,0,164.0,164.0,154.0
2020-01-19,0.0,4.52,162.0,,55796,0,158.0,167.0,155.0
2020-01-16,0.0,4.73,155.0,,60145,0,150.0,156.0,149.0
2020-01-15,0.0,2.78,148.0,,14525,0,145.0,152.0,145.0
2020-01-14,0.0,-0.69,144.0,,6641,0,145.0,145.0,142.0
2020-01-13,0.0,2.11,145.0,,33985,0,144.0,152.0,143.0
2020-01-12,0.0,2.9,142.0,,20496,0,138.0,145.0,138.0
2020-01-09,0.0,0.0,138.0,,712,0,140.0,140.0,138.0
2020-01-08,0.0,-2.13,138.0,,9841,0,140.0,143.0,138.0
2020-01-07,0.0,1.44,141.0,,17824,0,140.0,141.0,138.0
2020-01-06,0.0,2.96,139.0,,41481,0,136.0,140.0,136.0
2020-01-05,0.0,0.75,135.0,,41151,0,132.0,139.0,132.0
2020-01-02,0.0,-0.74,134.0,,7967,0,137.0,137.0,134.0
2020-01-01,0.0,0.75,135.0,,3828,0,135.0,135.0,133.0
2019-12-31,0.0,-1.47,134.0,,4516,0,134.0,136.0,134.0
2019-12-30,0.0,2.26,136.0,,2872,0,135.0,139.0,134.0
2019-12-29,0.0,-0.75,133.0,,4668,0,134.0,136.0,133.0
2019-12-26,0.0,-1.47,134.0,,3310,0,138.0,138.0,134.0
2019-12-25,0.0,-0.73,136.0,,646,0,137.0,138.0,136.0
2019-12-24,0.0,0.0,137.0,,14488,0,137.0,137.0,135.0
2019-12-23,0.0,0.74,137.0,,3219,0,135.0,137.0,135.0
2019-12-22,0.0,1.49,136.0,,2280,0,132.0,136.0,131.0
2019-12-19,0.0,0.0,134.0,,3669,0,134.0,135.0,133.0
2019-12-18,0.0,-0.74,134.0,,1015,0,134.0,135.0,134.0
2019-12-17,0.0,-0.74,135.0,,5268,0,135.0,136.0,134.0
2019-12-16,0.0,-3.55,136.0,,9682,0,139.0,139.0,136.0
2019-12-15,0.0,2.9,142.0,,16438,0,140.0,142.0,140.0
2019-12-12,0.0,-1.43,138.0,,12298,0,139.0,140.0,136.0
2019-12-11,0.0,2.19,140.0,,4113,0,136.0,140.0,136.0
2019-12-10,0.0,-1.44,137.0,,1722,0,140.0,140.0,136.0
2019-12-09,0.0,4.51,139.0,,6895,0,135.0,139.0,134.0
2019-12-08,0.0,0.76,133.0,,2282,0,132.0,134.0,132.0
2019-12-05,0.0,-0.75,132.0,,4587,0,135.0,135.0,132.0
2019-12-04,0.0,0.0,133.0,,2528,0,134.0,134.0,133.0
2019-12-03,0.0,0.76,133.0,,4704,0,132.0,134.0,132.0
2019-12-02,0.0,0.0,132.0,,2301,0,132.0,133.0,131.0
2019-12-01,0.0,0.76,132.0,,11982,0,131.0,133.0,131.0
2019-11-28,0.0,-1.5,131.0,,12735,0,135.0,135.0,131.0
2019-11-27,0.0,0.0,133.0,,4921,0,133.0,134.0,133.0
2019-11-26,0.0,0.0,133.0,,822,0,134.0,134.0,131.0
2019-11-25,0.0,0.76,133.0,,1598,0,134.0,136.0,133.0
2019-11-24,0.0,-1.49,132.0,,8387,0,132.0,135.0,132.0
2019-11-21,0.0,-0.74,134.0,,6504,0,136.0,136.0,134.0
2019-11-20,0.0,0.0,135.0,,4090,0,135.0,135.0,135.0
2019-11-19,0.0,0.75,135.0,,6919,0,135.0,135.0,134.0
2019-11-18,0.0,0.0,134.0,,6371,0,135.0,136.0,133.0
2019-11-17,0.0,-2.19,134.0,,5958,0,137.0,138.0,134.0
2019-11-14,0.0,-0.72,137.0,,5532,0,138.0,138.0,137.0
2019-11-13,0.0,-1.43,138.0,,12055,0,139.0,142.0,138.0
2019-11-12,0.0,-2.1,140.0,,5041,0,141.0,146.0,140.0
2019-11-11,0.0,-0.69,143.0,,6006,0,144.0,146.0,141.0
2019-11-10,0.0,0.0,144.0,,1988,0,144.0,144.0,143.0
2019-11-07,0.0,0.0,144.0,,721,0,142.0,144.0,142.0
2019-11-06,0.0,0.7,144.0,,1179,0,141.0,144.0,141.0
2019-11-05,0.0,-1.38,143.0,,3447,0,143.0,144.0,143.0
2019-11-04,0.0,0.69,145.0,,3664,0,143.0,145.0,143.0
2019-11-03,0.0,-0.69,144.0,,1413,0,145.0,145.0,143.0
2019-10-31,0.0,0.0,145.0,,1137,0,145.0,145.0,144.0
2019-10-24,0.0,0.69,145.0,,2590,0,143.0,145.0,143.0
2019-10-23,0.0,0.7,144.0,,3024,0,141.0,144.0,141.0
2019-10-22,0.0,1.42,143.0,,2002,0,141.0,143.0,141.0
2019-10-21,0.0,-0.7,141.0,,3179,0,144.0,144.0,141.0
2019-10-20,0.0,0.71,142.0,,2851,0,140.0,142.0,140.0
2019-10-17,0.0,0.0,141.0,,5756,0,140.0,142.0,140.0
2019-10-16,0.0,-0.7,141.0,,3461,0,141.0,143.0,141.0
2019-10-15,0.0,0.71,142.0,,3462,0,140.0,142.0,140.0
2019-10-14,0.0,-1.4,141.0,,1900,0,141.0,142.0,141.0
2019-10-10,0.0,-1.38,143.0,,403,0,144.0,144.0,143.0
2019-10-03,0.0,3.57,145.0,,5461,0,142.0,145.0,142.0
2019-10-02,0.0,-1.41,140.0,,12118,0,142.0,142.0,140.0
2019-10-01,0.0,0.0,142.0,,5293,0,142.0,144.0,140.0
2019-09-30,0.0,0.0,140.0,,1368,0,138.0,141.0,137.0
2019-09-29,0.0,1.45,140.0,,4613,0,140.0,140.0,138.0
2019-09-26,0.0,-1.43,138.0,,3961,0,138.0,140.0,138.0
2019-09-24,0.0,0.0,139.0,,3594,0,140.0,139.0,138.0
2019-09-23,0.0,0.0,139.0,,2522,0,138.0,140.0,138.0
2019-09-22,0.0,0.0,139.0,,1734,0,138.0,139.0,138.0
2019-09-19,0.0,-4.14,139.0,,4481,0,143.0,143.0,139.0
2019-09-18,0.0,2.11,145.0,,7799,0,135.0,145.0,135.0
2019-09-17,0.0,2.9,142.0,,7318,0,138.0,143.0,138.0
2019-09-16,0.0,0.0,138.0,,7686,0,138.0,140.0,137.0
2019-09-15,0.0,-0.72,138.0,,11198,0,139.0,139.0,136.0
2019-09-12,0.0,-0.71,139.0,,7643,0,141.0,141.0,139.0
2019-09-11,0.0,0.0,140.0,,3553,0,141.0,141.0,140.0
2019-09-10,0.0,0.0,140.0,,4624,0,142.0,143.0,140.0
2019-09-09,0.0,-0.71,140.0,,9571,0,141.0,142.0,138.0
2019-09-08,0.0,-2.76,141.0,,1330,0,145.0,145.0,141.0
2019-09-05,0.0,0.0,145.0,,3321,0,143.0,145.0,143.0
2019-09-04,0.0,-2.68,145.0,,1300,0,147.0,147.0,144.0
2019-09-03,0.0,4.93,149.0,,5376,0,140.0,149.0,140.0
2019-09-02,0.0,0.0,142.0,,10286,0,141.0,142.0,140.0
2019-09-01,0.0,-1.39,142.0,,1635,0,143.0,145.0,142.0
2019-08-29,0.0,0.7,144.0,,2645,0,145.0,145.0,143.0
2019-08-28,0.0,-2.05,143.0,,4259,0,146.0,146.0,143.0
2019-08-27,0.0,0.69,146.0,,2703,0,147.0,147.0,144.0
2019-08-26,0.0,1.4,145.0,,1251,0,145.0,145.0,145.0
2019-08-25,0.0,0.7,143.0,,9927,0,144.0,144.0,142.0
2019-08-22,0.0,-2.07,142.0,,17331,0,145.0,146.0,142.0
2019-08-21,0.0,-2.03,145.0,,8208,0,147.0,147.0,145.0
2019-08-20,0.0,-1.99,148.0,,3100,0,149.0,150.0,148.0
2019-08-19,0.0,2.03,151.0,,2395,0,148.0,153.0,147.0
2019-08-18,0.0,0.0,148.0,,4097,0,146.0,148.0,146.0
2019-08-15,0.0,-0.67,148.0,,1257,0,149.0,151.0,148.0
2019-08-14,0.0,-0.67,149.0,,5776,0,150.0,150.0,148.0
2019-08-13,0.0,0.0,150.0,,2271,0,149.0,152.0,149.0
2019-08-12,0.0,0.67,150.0,,8556,0,150.0,152.0,148.0
2019-08-11,0.0,0.0,149.0,,3644,0,148.0,150.0,148.0
2019-08-08,0.0,-0.67,149.0,,11641,0,151.0,152.0,149.0
2019-08-07,0.0,-1.96,150.0,,4636,0,152.0,153.0,150.0
2019-08-06,0.0,-1.29,153.0,,1703,0,153.0,153.0,152.0
2019-08-05,0.0,0.65,155.0,,6671,0,155.0,155.0,152.0
2019-08-04,0.0,0.0,154.0,,8486,0,157.0,157.0,154.0
2019-08-01,0.0,0.65,154.0,,11213,0,153.0,156.0,153.0
2019-07-31,0.0,-0.65,153.0,,8946,0,154.0,155.0,153.0
2019-07-30,0.0,0.0,154.0,,3495,0,157.0,157.0,154.0
2019-07-29,0.0,-1.28,154.0,,12210,0,156.0,158.0,153.0
2019-07-28,0.0,-0.64,156.0,,13216,0,156.0,157.0,154.0
2019-07-25,0.0,-1.87,157.0,,10890,0,160.0,161.0,156.0
2019-07-24,0.0,0.0,160.0,,4632,0,160.0,162.0,159.0
2019-07-23,0.0,0.0,160.0,,5548,0,159.0,161.0,159.0
2019-07-22,0.0,-0.62,160.0,,9741,0,158.0,162.0,158.0
2019-07-21,0.0,-0.62,161.0,,1558,0,159.0,161.0,159.0
2019-07-18,0.0,-1.22,162.0,,17391,0,162.0,164.0,160.0
2019-07-17,0.0,2.5,164.0,,8318,0,160.0,164.0,160.0
2019-07-16,0.0,0.63,160.0,,1019,0,156.0,161.0,156.0
2019-07-15,0.0,-1.85,159.0,,14440,0,160.0,162.0,159.0
2019-07-14,0.0,1.89,162.0,,14121,0,159.0,162.0,159.0
2019-07-11,0.0,0.0,159.0,,16827,0,159.0,160.0,157.0
2019-07-10,0.0,1.27,159.0,,19263,0,157.0,160.0,157.0
2019-07-09,0.0,0.64,157.0,,14331,0,155.0,158.0,155.0
2019-07-08,0.0,-3.11,156.0,,17875,0,160.0,160.0,156.0
2019-07-07,0.0,2.55,161.0,,34358,0,157.0,162.0,157.0
2019-07-04,0.0,0.0,157.0,,17184,0,156.0,157.0,154.0
2019-07-03,0.0,1.95,157.0,,9556,0,152.0,158.0,152.0
2019-07-02,0.0,0.0,154.0,,8810,0,153.0,154.0,153.0
2019-07-01,0.0,0.0,154.0,,10367,0,154.0,155.0,153.0
2019-06-30,0.0,-1.28,154.0,,3436,0,155.0,155.0,154.0
2019-06-27,0.0,1.3,156.0,,11333,0,153.0,157.0,153.0
2019-06-26,0.0,0.0,154.0,,10738,0,155.0,156.0,154.0
2019-06-25,0.0,0.65,154.0,,2532,0,154.0,155.0,153.0
2019-06-24,0.0,0.66,153.0,,5857,0,153.0,153.0,152.0
2019-06-23,0.0,-1.94,152.0,,7138,0,154.0,155.0,152.0
2019-06-20,0.0,0.65,155.0,,2630,0,152.0,155.0,152.0
2019-06-19,0.0,0.65,154.0,,6619,0,156.0,156.0,152.0
2019-06-18,0.0,0.66,153.0,,4220,0,153.0,154.0,152.0
2019-06-17,0.0,-1.94,152.0,,9178,0,155.0,155.0,150.0
2019-06-16,0.0,-4.65,155.0,,13538,0,160.0,160.0,153.0
2019-06-13,0.0,-0.6,165.0,,67378,0,166.0,166.0,163.0
2019-06-12,0.0,0.61,166.0,,26245,0,163.0,166.0,162.0
2019-06-11,0.0,0.61,165.0,,41706,0,166.0,168.0,164.0
2019-06-10,0.0,1.23,164.0,,35089,0,165.0,168.0,162.0
2019-06-06,0.0,1.25,162.0,,13930,0,163.0,164.0,160.0
2019-06-04,0.0,1.27,160.0,,7324,0,160.0,160.0,157.0
2019-06-03,0.0,-3.07,158.0,,36824,0,166.0,166.0,157.0
2019-06-02,0.0,-0.61,163.0,,13268,0,167.0,167.0,161.0
2019-05-30,0.0,-0.61,164.0,,49653,0,168.0,171.0,162.0
2019-05-29,0.0,3.77,165.0,,69795,0,161.0,167.0,160.0
2019-05-28,0.0,1.92,159.0,,7634,0,158.0,159.0,157.0
2019-05-27,0.0,0.65,156.0,,12172,0,155.0,159.0,155.0
2019-05-26,0.0,-2.52,155.0,,12225,0,159.0,159.0,155.0
2019-05-23,0.0,-0.62,159.0,,21114,0,158.0,159.0,155.0
2019-05-22,0.0,0.0,160.0,,16248,0,159.0,161.0,159.0
2019-05-21,0.0,0.63,160.0,,16484,0,157.0,161.0,157.0
2019-05-20,0.0,-1.85,159.0,,25009,0,163.0,164.0,158.0
2019-05-19,0.0,3.18,162.0,,71987,0,159.0,163.0,159.0
2019-05-16,0.0,2.61,157.0,,73454,0,154.0,158.0,154.0
2019-05-15,0.0,0.0,153.0,,38785,0,152.0,155.0,150.0
2019-05-14,0.0,0.66,153.0,,13101,0,150.0,153.0,150.0
2019-05-13,0.0,2.7,152.0,,7617,0,149.0,152.0,148.0
2019-05-12,0.0,-0.67,148.0,,12790,0,149.0,151.0,148.0
2019-05-09,0.0,0.68,149.0,,5444,0,148.0,149.0,148.0
2019-05-08,0.0,0.0,148.0,,8379,0,148.0,150.0,147.0
2019-05-07,0.0,0.0,148.0,,8950,0,150.0,151.0,148.0
2019-05-06,0.0,0.68,148.0,,9263,0,145.0,148.0,145.0
2019-05-05,0.0,-2.0,147.0,,8250,0,151.0,151.0,146.0
2019-05-02,0.0,-0.66,150.0,,4892,0,150.0,150.0,148.0
2019-04-30,0.0,-0.66,151.0,,9005,0,149.0,152.0,148.0
2019-04-29,0.0,-1.3,152.0,,14413,0,157.0,159.0,148.0
2019-04-28,0.0,0.65,154.0,,28546,0,155.0,157.0,151.0
2019-04-25,0.0,2.0,153.0,,36052,0,153.0,155.0,150.0
2019-04-24,0.0,2.74,150.0,,23919,0,145.0,150.0,145.0
2019-04-23,0.0,0.69,146.0,,12828,0,145.0,148.0,145.0
2019-04-22,0.0,-0.68,145.0,,21299,0,148.0,150.0,145.0
2019-04-21,0.0,0.0,146.0,,17326,0,146.0,150.0,144.0
2019-04-18,0.0,0.0,146.0,,14629,0,145.0,148.0,144.0
2019-04-17,0.0,0.0,146.0,,10855,0,146.0,148.0,145.0
2019-04-16,0.0,2.1,146.0,,10940,0,141.0,147.0,143.0
2019-04-15,0.0,0.0,143.0,,6400,0,143.0,145.0,142.0
2019-04-11,0.0,-0.69,143.0,,10430,0,146.0,147.0,143.0
2019-04-09,0.0,0.7,144.0,,61405,0,145.0,147.0,142.0
2019-04-08,0.0,-0.69,143.0,,25931,0,144.0,148.0,141.0
2019-04-07,0.0,2.13,144.0,,11610,0,143.0,144.0,140.0
2019-04-04,0.0,0.0,141.0,,7144,0,141.0,143.0,139.0
2019-04-03,0.0,0.0,141.0,,16143,0,141.0,144.0,141.0
2019-04-02,0.0,0.71,141.0,,11294,0,142.0,143.0,139.0
2019-04-01,0.0,0.72,140.0,,3275,0,138.0,141.0,138.0
2019-03-31,0.0,-0.71,139.0,,5762,0,140.0,140.0,138.0
2019-03-28,0.0,0.72,140.0,,8575,0,140.0,141.0,138.0
2019-03-27,0.0,0.0,139.0,,3883,0,139.0,139.0,137.0
2019-03-26,0.0,0.0,139.0,,12360,0,139.0,139.0,136.0
2019-03-25,0.0,1.46,139.0,,6106,0,136.0,139.0,136.0
2019-03-24,0.0,-0.72,137.0,,7550,0,138.0,139.0,136.0
2019-03-21,0.0,-1.43,138.0,,5846,0,140.0,140.0,137.0
2019-03-19,0.0,0.0,140.0,,4451,0,142.0,142.0,140.0
2019-03-18,0.0,0.0,140.0,,4424,0,140.0,145.0,140.0
2019-03-17,0.0,-2.1,140.0,,6495,0,142.0,143.0,140.0
2019-03-14,0.0,1.42,143.0,,10564,0,142.0,144.0,139.0
2019-03-13,0.0,-2.78,140.0,,16133,0,146.0,146.0,139.0
2019-03-12,0.0,2.9,142.0,,13640,0,138.0,143.0,138.0
2019-03-11,0.0,0.73,138.0,,7788,0,136.0,139.0,136.0
2019-03-10,0.0,1.48,137.0,,4705,0,133.0,137.0,135.0
2019-03-09,0.0,1.48,137.0,,4705,0,133.0,137.0,135.0
2019-03-07,0.0,0.75,135.0,,4737,0,132.0,137.0,134.0
2019-03-06,0.0,-0.74,134.0,,4935,0,136.0,136.0,132.0
2019-03-05,0.0,2.27,135.0,,2295,0,133.0,135.0,132.0
2019-03-03,0.0,0.0,132.0,,1449,0,132.0,134.0,132.0
2019-02-27,0.0,-0.75,132.0,,3636,0,131.0,134.0,131.0
2019-02-26,0.0,-0.75,133.0,,5196,0,132.0,134.0,132.0
2019-02-25,0.0,0.75,134.0,,4762,0,131.0,134.0,132.0
2019-02-24,0.0,-0.75,133.0,,1982,0,134.0,134.0,132.0
2019-02-21,0.0,1.52,134.0,,4934,0,132.0,134.0,132.0
2019-02-20,0.0,-4.35,132.0,,5255,0,136.0,138.0,132.0
2019-02-19,0.0,2.99,138.0,,4540,0,135.0,138.0,133.0
2019-02-18,0.0,0.75,134.0,,2841,0,132.0,134.0,132.0
2019-02-17,0.0,0.0,133.0,,1607,0,133.0,134.0,133.0
2019-02-14,0.0,0.0,133.0,,2539,0,134.0,134.0,133.0
2019-02-13,0.0,-0.75,133.0,,3273,0,133.0,136.0,133.0
2019-02-12,0.0,-0.74,134.0,,3601,0,135.0,135.0,134.0
2019-02-11,0.0,0.75,135.0,,6375,0,134.0,136.0,134.0
2019-02-10,0.0,-1.47,134.0,,7597,0,135.0,136.0,133.0
2019-02-07,0.0,0.0,136.0,,3916,0,135.0,136.0,135.0
2019-02-06,0.0,0.0,136.0,,5969,0,135.0,136.0,135.0
2019-02-05,0.0,0.74,137.0,,1677,0,137.0,137.0,136.0
2019-02-04,0.0,0.0,136.0,,3684,0,136.0,137.0,135.0
2019-02-03,0.0,0.0,136.0,,5691,0,135.0,138.0,135.0
2019-01-31,0.0,-0.73,136.0,,2974,0,137.0,139.0,136.0
2019-01-30,0.0,-0.72,137.0,,7633,0,138.0,138.0,136.0
2019-01-29,0.0,-0.72,138.0,,4078,0,139.0,139.0,137.0
2019-01-28,0.0,0.72,139.0,,2884,0,138.0,140.0,137.0
2019-01-27,0.0,-0.72,138.0,,2045,0,139.0,139.0,137.0
2019-01-24,0.0,0.0,139.0,,8318,0,139.0,140.0,137.0
2019-01-23,0.0,1.46,139.0,,10596,0,137.0,139.0,137.0
2019-01-22,0.0,1.48,137.0,,2243,0,135.0,139.0,135.0
2019-01-21,0.0,-1.46,135.0,,9920,0,137.0,138.0,135.0
2019-01-20,0.0,-2.14,137.0,,1491,0,140.0,140.0,137.0
2019-01-17,0.0,-1.41,140.0,,5862,0,142.0,144.0,139.0
2019-01-16,0.0,1.43,142.0,,12363,0,140.0,142.0,138.0
2019-01-15,0.0,1.45,140.0,,3226,0,144.0,144.0,137.0
2019-01-14,0.0,1.47,138.0,,3460,0,136.0,138.0,136.0
2019-01-13,0.0,0.0,136.0,,3735,0,136.0,137.0,136.0
2019-01-10,0.0,0.0,136.0,,7929,0,136.0,138.0,136.0
2019-01-09,0.0,0.74,136.0,,6728,0,135.0,139.0,135.0
2019-01-08,0.0,-0.74,135.0,,7241,0,136.0,137.0,135.0
2019-01-07,0.0,0.74,136.0,,2346,0,135.0,137.0,135.0
2019-01-06,0.0,-0.73,136.0,,14073,0,137.0,139.0,135.0
2019-01-03,0.0,-0.72,137.0,,7463,0,138.0,140.0,136.0
2019-01-02,0.0,0.0,138.0,,4232,0,138.0,138.0,136.0
2019-01-01,0.0,0.73,138.0,,8872,0,137.0,139.0,136.0
2018-12-31,0.0,-2.14,137.0,,4049,0,140.0,140.0,137.0
2018-12-30,0.0,1.45,140.0,,8843,0,138.0,141.0,135.0
2018-12-27,0.0,-2.82,138.0,,23256,0,142.0,143.0,138.0
2018-12-26,0.0,1.43,142.0,,12866,0,140.0,144.0,140.0
2018-12-25,0.0,0.0,140.0,,2162,0,140.0,140.0,136.0
2018-12-24,0.0,-1.41,140.0,,7870,0,142.0,144.0,138.0
2018-12-23,0.0,1.43,142.0,,19489,0,140.0,145.0,139.0
2018-12-20,0.0,1.45,140.0,,1748,0,138.0,140.0,136.0
2018-12-19,0.0,2.22,138.0,,2614,0,135.0,138.0,135.0
2018-12-18,0.0,0.0,135.0,,4027,0,135.0,137.0,135.0
2018-12-17,0.0,-2.88,135.0,,2564,0,139.0,139.0,135.0
2018-12-16,0.0,1.46,139.0,,5082,0,137.0,144.0,137.0
2018-12-13,0.0,0.0,137.0,,1793,0,137.0,138.0,135.0
2018-12-12,0.0,0.0,137.0,,1381,0,137.0,140.0,136.0
2018-12-11,0.0,0.73,138.0,,2567,0,137.0,138.0,136.0
2018-12-10,0.0,2.24,137.0,,4016,0,134.0,138.0,134.0
2018-12-09,0.0,1.52,134.0,,2924,0,132.0,134.0,132.0
2018-12-06,0.0,0.76,132.0,,4495,0,131.0,135.0,129.0
2018-12-04,0.0,1.49,136.0,,1260,0,134.0,136.0,132.0
2018-12-03,0.0,0.0,134.0,,6002,0,134.0,135.0,133.0
2018-12-02,0.0,-1.55,134.0,,6559,0,136.11,137.0,134.0
2018-11-29,0.0,-1.45,136.0,,5290,0,138.0,138.0,134.0
2018-11-28,0.0,0.73,138.0,,3678,0,137.0,138.0,136.0
2018-11-27,0.0,0.74,137.0,,3082,0,136.0,139.0,135.0
2018-11-26,0.0,0.73,138.0,,2183,0,137.0,138.0,136.0
2018-11-25,0.0,-0.72,137.0,,3897,0,138.0,140.0,137.0
2018-11-22,0.0,-0.72,138.0,,13722,0,139.0,140.0,137.0
2018-11-21,0.0,0.0,139.0,,7493,0,139.0,140.0,138.0
2018-11-20,0.0,-0.71,139.0,,5716,0,140.0,140.0,138.0
2018-11-19,0.0,-0.71,140.0,,10614,0,141.0,142.0,140.0
2018-11-18,0.0,-1.4,141.0,,5402,0,143.0,144.0,140.0
2018-11-15,0.0,0.7,144.0,,10662,0,143.0,144.0,141.0
2018-11-14,0.0,-1.38,143.0,,4755,0,145.0,145.0,143.0
2018-11-05,0.0,-0.68,147.0,,20248,0,149.0,150.0,145.0
2018-11-04,0.0,-1.33,148.0,,8339,0,147.0,149.0,147.0
2018-11-01,0.0,0.67,150.0,,1406,0,151.0,151.0,148.0
2018-10-31,0.0,0.68,149.0,,3666,0,148.0,150.0,147.0
2018-10-30,0.0,0.68,148.0,,3674,0,148.0,151.0,148.0
2018-10-29,0.0,-0.68,147.0,,4741,0,146.0,148.0,146.0
2018-10-28,0.0,-1.33,148.0,,6250,0,150.0,150.0,147.0
2018-10-25,0.0,-0.66,150.0,,1089,0,148.0,150.0,148.0
2018-10-24,0.0,0.0,151.0,,4542,0,153.0,153.0,149.0
2018-10-23,0.0,0.0,151.0,,4040,0,151.0,152.0,149.0
2018-10-22,0.0,0.67,151.0,,2002,0,150.0,151.0,150.0
2018-10-21,0.0,-0.66,150.0,,437,0,148.0,150.0,148.0
2018-10-15,0.0,-0.66,151.0,,3421,0,152.0,152.0,150.0
2018-10-14,0.0,0.66,152.0,,10837,0,150.0,152.0,150.0
2018-10-11,0.0,2.03,151.0,,2948,0,147.0,151.0,147.0
2018-10-10,0.0,0.0,148.0,,10807,0,150.0,151.0,148.0
2018-10-09,0.0,0.0,148.0,,2487,0,150.0,152.0,148.0
2018-10-08,0.0,0.0,148.0,,22926,0,147.0,150.0,147.0
2018-10-07,0.0,-2.63,148.0,,19391,0,150.0,153.0,147.0
2018-10-04,0.0,0.0,152.0,,12475,0,150.0,152.0,149.0
2018-10-03,0.0,-1.3,152.0,,6105,0,152.0,153.0,151.0
2018-10-02,0.0,1.32,154.0,,13843,0,150.0,154.0,150.0
2018-10-01,0.0,-1.3,152.0,,8413,0,155.0,155.0,152.0
2018-09-30,0.0,-1.91,154.0,,13437,0,158.0,157.0,154.0
2018-09-27,0.0,-1.87,157.0,,12014,0,159.0,159.0,156.0
2018-09-26,0.0,-0.62,160.0,,29502,0,160.0,164.0,156.0
2018-09-25,0.0,4.54,161.0,,60035,0,157.0,161.0,155.0
2018-09-23,0.0,0.65,154.0,,19309,0,151.0,155.0,151.0
2018-09-20,0.0,0.66,152.0,,7954,0,152.0,154.0,151.0
2018-09-18,0.0,1.33,152.0,,15334,0,151.0,154.0,150.0
2018-09-17,0.0,0.67,150.0,,15882,0,151.0,154.0,150.0
2018-09-16,0.0,2.76,149.0,,26539,0,147.0,157.0,147.0
2018-09-13,0.0,-2.68,146.0,,13241,0,151.0,151.0,145.0
2018-09-12,0.0,1.36,149.0,,16664,0,147.0,149.0,145.0
2018-09-11,0.0,2.8,147.0,,4165,0,145.0,149.0,145.0
2018-09-10,0.0,-1.38,143.0,,1514,0,143.0,146.0,143.0
2018-09-09,0.0,-1.36,145.0,,13142,0,145.0,148.0,144.0
2018-09-06,0.0,-1.33,148.0,,43525,0,152.0,152.0,147.0
2018-09-05,0.0,2.74,150.0,,55733,0,146.0,152.0,146.0
2018-09-04,0.0,0.0,146.0,,17133,0,145.0,146.0,143.0
2018-09-03,0.0,2.1,146.0,,25500,0,143.0,146.0,142.0
2018-09-02,0.0,2.14,143.0,,10775,0,142.0,143.0,141.0
2018-08-30,0.0,0.0,141.0,,3228,0,140.0,142.0,140.0
2018-08-29,0.0,0.0,140.0,,7247,0,139.0,141.0,139.0
2018-08-28,0.0,0.72,140.0,,4523,0,141.0,141.0,140.0
2018-08-26,0.0,-2.11,139.0,,4134,0,141.0,141.0,139.0
2018-08-23,0.0,0.71,142.0,,2114,0,140.0,142.0,140.0
2018-08-22,0.0,-0.7,141.0,,5037,0,141.0,143.0,141.0
2018-08-21,0.0,0.71,142.0,,2709,0,142.0,143.0,141.0
2018-08-20,0.0,-2.08,141.0,,10516,0,143.0,143.0,140.0
2018-08-19,0.0,0.0,144.0,,9773,0,142.0,145.0,142.0
2018-08-16,0.0,0.0,144.0,,14978,0,145.0,146.0,144.0
2018-08-15,0.0,0.7,144.0,,8570,0,145.0,145.0,142.0
2018-08-14,0.0,1.42,143.0,,3115,0,142.0,143.0,141.0
2018-08-13,0.0,0.71,141.0,,1840,0,140.0,142.0,140.0
2018-08-12,0.0,-2.1,140.0,,15519,0,143.0,143.0,140.0
2018-08-09,0.0,0.0,143.0,,5306,0,143.0,145.0,143.0
2018-08-08,0.0,0.0,143.0,,4484,0,141.0,144.0,141.0
2018-08-07,0.0,-0.69,143.0,,3851,0,143.0,144.0,143.0
2018-08-06,0.0,0.7,144.0,,9856,0,142.0,144.0,142.0
2018-08-05,0.0,0.7,143.0,,7462,0,141.0,143.0,140.0
2018-08-02,0.0,0.71,142.0,,3014,0,140.0,142.0,140.0
2018-08-01,0.0,0.0,141.0,,5859,0,139.0,141.0,139.0
2018-07-31,0.0,0.71,141.0,,7276,0,142.0,142.0,139.0
2018-07-30,0.0,-0.71,140.0,,3659,0,140.0,141.0,139.0
2018-07-29,0.0,0.71,141.0,,3005,0,142.0,142.0,139.0
2018-07-26,0.0,0.0,140.0,,3265,0,140.0,140.0,138.0
2018-07-25,0.0,-0.71,140.0,,5570,0,140.0,142.0,140.0
2018-07-24,0.0,0.71,141.0,,4833,0,142.0,143.0,139.0
2018-07-23,0.0,1.45,140.0,,1845,0,137.0,140.0,137.0
2018-07-22,0.0,-0.72,138.0,,12608,0,141.0,141.0,137.0
2018-07-19,0.0,0.0,139.0,,3210,0,139.0,141.0,139.0
2018-07-18,0.0,-2.11,139.0,,4264,0,140.0,141.0,139.0
2018-07-17,0.0,-1.39,142.0,,224,0,146.0,146.0,142.0
2018-07-16,0.0,2.13,144.0,,3530,0,143.0,145.0,142.0
2018-07-15,0.0,0.71,141.0,,4356,0,141.0,142.0,139.0
2018-07-12,0.0,-0.71,138.0,,5679,0,142.0,143.0,139.0
2018-07-11,0.0,-0.7,141.0,,8038,0,142.0,144.0,140.0
2018-07-10,0.0,-1.39,142.0,,7817,0,144.0,144.0,142.0
2018-07-09,0.0,0.7,144.0,,18505,0,143.0,144.0,140.0
2018-07-08,0.0,-0.69,143.0,,7123,0,143.0,145.0,140.0
2018-07-05,0.0,2.86,144.0,,11979,0,140.0,144.0,139.0
2018-07-04,0.0,1.45,140.0,,6890,0,138.0,143.0,138.0
2018-07-03,0.0,-4.17,138.0,,7821,0,143.0,143.0,138.0
2018-07-02,0.0,0.71,142.0,,3014,0,140.0,142.0,140.0
2018-07-01,0.0,0.0,141.0,,5859,0,139.0,141.0,139.0
2018-06-28,0.0,0.66,153.0,,9678,0,152.0,154.0,152.0
2018-06-27,0.0,0.0,152.0,,2743,0,153.0,154.0,152.0
2018-06-26,0.0,1.33,149.0,,6837,0,150.0,155.0,149.0
2018-06-25,0.0,-1.32,150.0,,8099,0,155.0,157.0,148.0
2018-06-24,0.0,-1.3,152.0,,2738,0,154.0,157.0,152.0
2018-06-21,0.0,0.65,154.0,,5841,0,152.0,155.0,152.0
2018-06-20,0.0,-0.65,153.0,,3319,0,156.0,156.0,153.0
2018-06-19,0.0,-1.28,154.0,,1685,0,153.0,155.0,153.0
2018-06-18,0.0,0.65,156.0,,11019,0,155.0,156.0,154.0
2018-06-17,0.0,-0.64,155.0,,13075,0,154.0,157.0,154.0
2018-06-14,0.0,0.65,156.0,,9394,0,158.0,161.0,156.0
2018-06-13,0.0,0.0,155.0,,2044,0,152.0,158.0,152.0
2018-06-12,0.0,0.65,155.0,,4329,0,154.0,156.0,154.0
2018-06-11,0.0,-1.28,154.0,,7649,0,155.0,157.0,153.0
2018-06-10,0.0,0.0,156.0,,13771,0,157.0,157.0,153.0
2018-06-07,0.0,-0.64,156.0,,15380,0,159.0,159.0,155.0
2018-06-06,0.0,0.64,157.0,,3050,0,159.0,160.0,157.0
2018-06-04,0.0,-0.64,156.0,,7558,0,154.0,160.0,153.0
2018-06-03,0.0,-3.09,157.0,,15912,0,160.0,162.0,154.0
2018-05-31,0.0,-1.22,162.0,,2801,0,165.0,165.0,161.0
2018-05-30,0.0,0.61,164.0,,7007,0,165.0,168.0,163.0
2018-05-29,0.0,-1.21,163.0,,9215,0,168.0,168.0,161.0
2018-05-28,0.0,3.12,165.0,,17792,0,160.0,166.0,158.0
2018-05-27,0.0,-1.23,160.0,,13277,0,161.0,163.0,158.0
2018-05-24,0.0,-2.41,162.0,,8218,0,166.0,168.0,162.0
2018-05-23,0.0,0.0,166.0,,2903,0,166.0,166.0,164.0
2018-05-22,0.0,0.61,166.0,,8368,0,162.0,168.0,162.0
2018-05-21,0.0,-1.79,165.0,,6687,0,165.0,168.0,162.0
2018-05-20,0.0,0.6,168.0,,4755,0,165.0,168.0,163.0
2018-05-17,0.0,0.6,167.0,,2310,0,167.0,167.0,165.0
2018-05-16,0.0,2.47,166.0,,3831,0,161.0,167.0,161.0
2018-05-15,0.0,-1.82,162.0,,7705,0,165.0,165.0,162.0
2018-05-14,0.0,-1.2,165.0,,9729,0,164.0,167.0,164.0
2018-05-10,0.0,-1.76,167.0,,14200,0,170.0,170.0,167.0
2018-05-09,0.0,-0.58,170.0,,8643,0,171.0,172.0,169.0
2018-05-08,0.0,2.4,171.0,,5413,0,168.0,171.0,165.0
2018-05-07,0.0,-2.34,167.0,,4203,0,173.0,173.0,166.0
2018-05-06,0.0,0.59,171.0,,17493,0,173.0,173.0,170.0
2018-05-03,0.0,2.41,170.0,,27699,0,167.0,172.0,167.0
2018-05-02,0.0,1.22,166.0,,7013,0,164.0,167.0,160.0
2018-04-29,0.0,1.23,164.0,,19353,0,162.0,169.0,161.0
2018-04-26,0.0,-2.99,162.0,,13429,0,165.0,168.0,162.0
2018-04-25,0.0,1.21,167.0,,9428,0,165.0,172.0,164.0
2018-04-24,0.0,-2.94,165.0,,7601,0,168.0,169.0,165.0
2018-04-23,0.0,-5.56,170.0,,25972,0,179.0,180.0,169.0
2018-04-22,0.0,5.88,180.0,,29361,0,170.0,180.0,168.0
2018-04-19,0.0,3.03,170.0,,25208,0,165.0,170.0,162.0
2018-04-18,0.0,5.09,165.0,,22922,0,157.0,172.0,155.0
2018-04-17,0.0,1.95,157.0,,11656,0,154.0,159.0,154.0
2018-04-16,0.0,1.32,154.0,,6743,0,152.0,158.0,152.0
2018-04-15,0.0,-0.65,152.0,,6634,0,153.0,154.0,151.0
2018-04-12,0.0,-0.65,153.0,,22179,0,151.0,155.0,151.0
2018-04-11,0.0,-1.28,154.0,,4098,0,153.0,155.0,150.0
2018-04-10,0.0,2.63,156.0,,12966,0,149.0,156.0,149.0
2018-04-09,0.0,-3.8,153.0,,21365,0,161.0,164.0,152.0
2018-04-08,0.0,1.28,158.0,,25851,0,159.0,162.0,153.0
2018-04-05,0.0,0.65,156.0,,16538,0,158.0,158.0,149.0
2018-04-04,0.0,4.03,155.0,,18059,0,150.0,155.0,147.0
2018-04-03,0.0,1.36,149.0,,2982,0,147.0,150.0,145.0
2018-04-02,0.0,-1.34,147.0,,3043,0,149.0,150.0,146.0
2018-04-01,0.0,-2.61,149.0,,4827,0,150.0,150.0,145.0
2018-03-29,0.0,5.52,151.0,,9664,0,147.0,153.0,145.0
2018-03-28,0.0,-1.36,144.0,,4110,0,149.0,149.0,142.0
2018-03-27,0.0,2.08,147.0,,19831,0,145.0,150.0,139.0
2018-03-26,0.0,-2.7,144.0,,7627,0,146.0,149.0,141.0
2018-03-22,0.0,0.68,148.0,,3368,0,147.0,151.0,147.0
2018-03-21,0.0,-2.0,147.0,,13773,0,150.0,153.0,146.0
2018-03-20,0.0,-0.66,150.0,,6850,0,151.0,152.0,149.0
2018-03-19,0.0,-1.31,151.0,,9491,0,152.0,153.0,150.0
2018-03-18,0.0,-0.65,153.0,,5494,0,154.0,156.0,151.0
2018-03-15,0.0,1.32,154.0,,6164,0,152.0,155.0,152.0
2018-03-14,0.0,0.0,152.0,,3266,0,154.0,155.0,152.0
2018-03-13,0.0,-0.65,153.0,,5771,0,152.0,154.0,152.0
2018-03-12,0.0,0.0,153.0,,5064,0,153.0,156.0,152.0
2018-03-11,0.0,-2.55,153.0,,8722,0,157.0,157.0,153.0
2018-03-07,0.0,1.29,157.0,,8461,0,155.0,161.0,155.0
2018-03-06,0.0,1.31,155.0,,15596,0,155.0,159.0,152.0
2018-03-04,0.0,-0.63,157.0,,16652,0,157.0,160.0,153.0
2018-02-28,0.0,-1.25,158.0,,13147,0,162.0,162.0,158.0
2018-02-27,0.0,-0.62,160.0,,14687,0,161.0,164.0,160.0
2018-02-26,0.0,-0.62,161.0,,12149,0,160.0,163.0,160.0
2018-02-25,0.0,-1.22,163.0,,3524,0,164.0,165.0,162.0
2018-02-22,0.0,0.61,164.0,,10102,0,162.0,165.0,162.0
2018-02-21,0.0,-0.61,163.0,,4196,0,164.0,165.0,162.0
2018-02-20,0.0,-1.8,164.0,,4917,0,170.0,173.0,164.0
2018-02-18,0.0,-1.76,167.0,,12374,0,170.0,173.0,167.0
2018-02-15,0.0,3.03,170.0,,15960,0,168.0,170.0,165.0
2018-02-14,0.0,0.0,165.0,,5939,0,164.0,165.0,161.0
2018-02-12,0.0,1.85,165.0,,5787,0,162.0,165.0,161.0
2018-02-11,0.0,0.0,163.0,,3559,0,162.0,164.0,162.0
2018-02-08,0.0,0.62,162.0,,3816,0,162.0,163.0,161.0
2018-02-07,0.0,-0.62,161.0,,4684,0,162.0,165.0,160.0
2018-02-06,0.0,-1.22,163.0,,8133,0,163.0,164.0,162.0
2018-02-05,0.0,-1.2,164.0,,7246,0,167.0,167.0,164.0
2018-02-04,0.0,-0.6,166.0,,4970,0,166.0,168.0,165.0
2018-02-01,0.0,0.6,167.0,,4312,0,165.0,169.0,165.0
2018-01-31,0.0,0.61,166.0,,3574,0,163.0,166.0,163.0
2018-01-29,0.0,1.85,165.0,,15792,0,161.0,167.0,161.0
2018-01-28,0.0,-1.22,163.0,,16245,0,165.0,167.0,162.0
2018-01-25,0.0,1.86,164.0,,7200,0,161.0,165.0,161.0
2018-01-24,0.0,-1.83,161.0,,7786,0,161.0,163.0,160.0
2018-01-23,0.0,-3.53,164.0,,6111,0,167.0,167.0,161.0
2018-01-22,0.0,7.59,170.0,,13749,0,155.0,170.0,155.0
2018-01-21,0.0,-1.86,158.0,,4398,0,162.0,162.0,156.0
2018-01-17,0.0,-2.42,160.0,,12215,0,165.0,168.0,156.0
2018-01-16,0.0,0.0,175.0,,51856,0,175.0,175.0,168.0
2018-01-14,0.0,-2.23,175.0,,12179,0,179.0,179.0,173.0
2018-01-10,0.0,0.56,179.0,,12521,0,178.0,179.0,174.0
2018-01-09,0.0,-0.56,178.0,,8927,0,179.0,182.0,177.0
2018-01-08,0.0,2.87,179.0,,8284,0,177.0,180.0,176.0
2018-01-07,0.0,-0.57,174.0,,11665,0,176.0,176.0,173.0
2018-01-04,0.0,-1.13,175.0,,7766,0,175.0,179.0,174.0
2018-01-03,0.0,-1.12,177.0,,6772,0,179.0,179.0,174.0
2018-01-02,0.0,-1.65,179.0,,9568,0,181.0,183.0,176.0
2018-01-01,0.0,2.82,181.0,,14498,0,176.0,183.0,172.0
2017-12-31,0.0,1.72,177.0,,6510,0,172.0,177.0,172.0
2017-12-28,0.0,-1.69,174.0,,12381,0,176.0,178.0,173.0
2017-12-27,0.0,-4.32,177.0,,17070,0,185.0,185.0,177.0
2017-12-26,0.0,0.0,185.0,,17861,0,188.0,188.0,183.0
2017-12-24,0.0,-2.63,185.0,,3509,0,189.0,189.0,185.0
2017-12-21,0.0,0.0,190.0,,6024,0,190.0,193.0,187.0
2017-12-20,0.0,0.0,190.0,,1704,0,191.0,191.0,187.0
2017-12-19,0.0,-0.52,190.0,,14384,0,189.0,192.0,189.0
2017-12-18,0.0,-2.05,191.0,,6507,0,193.0,194.0,191.0
2017-12-17,0.0,1.04,195.0,,10321,0,196.0,196.0,191.0
2017-12-14,0.0,0.0,192.0,,4633,0,191.0,193.0,189.0
2017-12-13,0.0,-1.03,192.0,,2131,0,192.0,195.0,191.0
2017-12-12,0.0,0.52,194.0,,13955,0,190.0,194.0,190.0
2017-12-11,0.0,-0.51,193.0,,7804,0,195.0,195.0,192.0
2017-12-10,0.0,-2.51,194.0,,19133,0,202.0,202.0,191.0
2017-12-06,0.0,2.58,199.0,,6643,0,197.0,199.0,194.0
2017-12-05,0.0,-1.02,194.0,,3183,0,199.0,198.0,193.0
2017-12-04,0.0,1.55,196.0,,4879,0,193.0,197.0,193.0
2017-11-30,0.0,0.0,193.0,,11202,0,191.0,196.0,191.0
2017-11-29,0.0,-1.03,193.0,,12044,0,194.0,201.0,193.0
2017-11-28,0.0,1.56,195.0,,4445,0,193.0,196.0,193.0
2017-11-27,0.0,-3.52,192.0,,13620,0,197.0,198.0,192.0
2017-11-26,0.0,2.58,199.0,,7093,0,194.0,199.0,193.0
2017-11-23,0.0,-0.51,194.0,,10125,0,195.0,196.0,191.0
2017-11-22,0.0,1.56,195.0,,16639,0,190.0,195.0,190.0
2017-11-21,0.0,-1.54,193.0,,7785,0,195.0,197.0,192.0
2017-11-20,0.0,0.0,195.0,,3732,0,195.0,197.0,195.0
2017-11-19,0.0,-2.01,195.0,,6493,0,199.0,197.0,195.0
2017-11-16,0.0,-1.49,199.0,,7950,0,199.0,202.0,199.0
2017-11-15,0.0,-1.46,202.0,,4215,0,205.0,206.0,201.0
2017-11-14,0.0,0.99,205.0,,13191,0,203.0,205.0,202.0
2017-11-13,0.0,-0.98,203.0,,3313,0,206.0,206.0,200.0
2017-11-12,0.0,2.5,205.0,,6391,0,200.0,205.0,200.0
2017-11-09,0.0,0.0,200.0,,12107,0,200.0,204.0,197.0
2017-11-08,0.0,-0.99,200.0,,10537,0,203.0,203.0,200.0
2017-11-07,0.0,0.0,202.0,,7720,0,201.0,207.0,201.0
2017-11-06,0.0,-1.46,202.0,,16064,0,205.0,209.0,200.0
2017-11-05,0.0,-1.44,205.0,,11845,0,206.0,208.0,203.0
2017-11-02,0.0,0.0,208.0,,6568,0,206.0,209.0,206.0
2017-11-01,0.0,-0.95,208.0,,8997,0,208.0,209.0,206.0
2017-10-31,0.0,-0.47,210.0,,1228,0,209.0,212.0,209.0
2017-10-30,0.0,0.0,211.0,,5957,0,211.0,213.0,208.0
2017-10-29,0.0,-0.94,211.0,,4124,0,215.0,215.0,211.0
2017-10-25,0.0,-1.84,213.0,,2494,0,214.0,215.0,212.0
2017-10-24,0.0,0.46,217.0,,8416,0,216.0,217.0,212.0
2017-10-23,0.0,-0.92,216.0,,8048,0,218.0,216.0,214.0
2017-10-22,0.0,0.46,218.0,,4750,0,220.0,223.0,217.0
2017-10-18,0.0,1.88,217.0,,10641,0,213.0,217.0,211.0
2017-10-17,0.0,-1.84,213.0,,3147,0,217.0,221.0,212.0
2017-10-16,0.0,4.33,217.0,,6763,0,210.0,217.0,208.0
2017-10-15,0.0,-0.48,209.0,,4111,0,213.0,213.0,207.0
2017-10-12,0.0,0.97,209.0,,2728,0,207.0,209.0,207.0
2017-10-11,0.0,0.0,207.0,,5223,0,204.0,210.0,204.0
2017-10-10,0.0,0.49,208.0,,5882,0,205.0,211.0,205.0
2017-10-09,0.0,-2.37,206.0,,7255,0,212.0,212.0,204.0
2017-10-08,0.0,-1.86,211.0,,12008,0,211.0,212.0,203.0
2017-10-04,0.0,-0.92,215.0,,6871,0,216.0,222.0,215.0
2017-10-03,0.0,-0.46,217.0,,2751,0,218.0,218.0,213.0
2017-09-26,0.0,0.93,218.0,,10633,0,215.0,218.0,214.0
2017-09-25,0.0,1.41,216.0,,4141,0,211.0,217.0,211.0
2017-09-24,0.0,-0.47,213.0,,5400,0,214.0,218.0,211.0
2017-09-20,0.0,1.42,214.0,,9440,0,210.0,215.0,209.0
2017-09-18,0.0,-1.4,211.0,,16659,0,210.0,216.0,210.0
2017-09-17,0.0,0.94,214.0,,12984,0,216.0,218.0,208.0
2017-09-14,0.0,4.43,212.0,,17514,0,201.0,213.0,201.0
2017-09-13,0.0,-9.37,202.0,,93673,0,220.0,220.0,202.0
2017-09-12,0.0,-9.68,224.0,,7343,0,248.0,261.0,224.0
