DATE,CHANGE,CHANGE %,CLOSE,TURNOVER,VOLUME,TRADE,OPEN,HIGH,LOW
2026-05-08,10.1,1.41,725.0,12.32,1727,31,709.0,725.0,709.0
2026-05-07,5.9,0.83,714.9,16.58,2336,41,730.0,730.0,708.1
2026-05-06,-4.0,-0.56,709.0,11.1,1564,23,713.0,713.0,709.0
2026-05-05,6.0,0.85,713.0,17.49,2462,49,700.1,714.0,700.1
2026-05-04,-11.8,-1.64,707.0,25.23,3560,59,707.1,715.0,705.1
2026-04-30,3.8,0.53,718.8,39.96,5626,66,711.2,723.0,705.0
2026-04-29,-9.9,-1.37,715.0,39.84,5554,91,761.1,761.1,710.0
2026-04-28,-3.1,-0.43,724.9,43.3,6001,68,728.0,740.0,719.0
2026-04-27,2.0,0.28,728.0,24.21,3323,52,726.0,740.0,722.1
2026-04-24,-5.1,-0.7,726.0,12.12,1671,34,731.1,730.0,720.0
2026-04-23,-3.9,-0.53,731.1,17.77,2456,48,740.0,740.0,720.5
2026-04-22,9.0,1.24,735.0,30.58,4208,58,720.0,740.0,718.5
2026-04-21,-5.0,-0.68,726.0,28.49,3914,64,731.0,745.0,725.5
2026-04-20,-8.0,-1.08,731.0,12.47,1692,38,702.1,766.9,702.1
2026-04-17,4.0,0.54,739.0,12.88,1758,41,728.0,742.0,728.0
2026-04-16,-7.0,-0.94,735.0,47.62,6476,87,731.0,743.0,730.3
2026-04-15,-5.0,-0.67,742.0,72.17,9620,114,761.9,761.9,741.4
2026-04-13,-3.0,-0.4,747.0,31.05,4167,63,750.0,755.8,741.0
2026-04-10,-6.0,-0.79,750.0,36.72,4921,65,769.8,769.8,740.1
2026-04-09,9.0,1.2,756.0,82.42,10926,148,761.4,761.4,740.0
2026-04-08,7.2,0.97,747.0,46.17,6219,74,750.0,754.0,736.2
2026-04-07,-3.2,-0.43,739.8,28.61,3868,79,757.8,757.8,732.1
2026-04-06,26.1,3.64,743.0,,21815,157,731.2,774.1,700.0
2026-04-05,-18.1,-2.46,716.9,,19657,208,730.0,735.0,706.1
2026-04-02,-14.0,-1.87,735.0,72.32,9741,142,763.0,763.0,733.0
2026-04-01,-16.0,-2.09,749.0,,31223,203,752.7,754.1,725.0
2026-03-31,6.8,0.9,765.0,98.8,13088,163,755.0,767.9,745.4
2026-03-30,-11.8,-1.53,758.2,,19700,204,785.0,785.0,745.0
2026-03-29,-28.0,-3.51,770.0,,17241,177,813.0,813.0,770.0
2026-03-26,7.9,1.0,798.0,71.73,9135,123,786.0,799.0,775.0
2026-03-25,-30.9,-3.76,790.1,,22893,229,815.0,815.0,785.0
2026-03-24,-39.0,-4.53,821.0,,30135,299,843.0,843.0,801.0
2026-03-23,65.0,8.18,860.0,,57292,429,810.9,860.0,785.0
2026-03-22,50.0,6.71,795.0,,62352,616,759.9,802.0,756.0
2026-03-19,14.9,2.04,745.0,,42165,222,733.0,769.0,727.0
2026-03-17,-4.9,-0.67,730.1,99.53,13606,94,736.0,736.9,729.1
2026-03-16,-4.0,-0.54,735.0,77.56,10534,97,753.0,753.0,731.0
2026-03-15,-2.0,-0.27,739.0,,27206,125,755.0,755.0,739.0
2026-03-12,-5.0,-0.67,741.0,,15507,113,748.0,752.0,740.0
2026-03-11,-16.0,-2.1,746.0,,15316,101,765.0,765.0,745.0
2026-03-10,-2.6,-0.34,762.0,,27012,200,779.8,779.8,744.4
2026-03-09,29.6,4.03,764.6,,70,3,749.7,764.6,749.7
2026-03-03,18.9,2.64,735.0,26.95,3685,39,730.0,740.0,728.1
2026-03-01,0.1,0.01,716.1,61.4,8540,70,716.1,724.5,716.0
2026-02-26,-3.0,-0.42,716.0,50.17,7019,52,711.1,720.0,711.0
2026-02-25,4.0,0.56,719.0,11.87,1659,24,725.0,725.0,713.0
2026-02-24,1.0,0.14,715.0,14.76,2054,35,727.0,727.0,713.0
2026-02-23,3.0,0.42,714.0,25.74,3596,33,724.0,724.0,709.6
2026-02-22,-5.0,-0.7,711.0,29.45,4129,54,730.0,730.0,707.0
2026-02-17,-9.0,-1.24,716.0,,19245,129,721.0,728.0,700.7
2026-02-16,-2.0,-0.28,725.0,69.93,9648,89,720.0,745.0,714.5
2026-02-12,-11.0,-1.49,727.0,64.83,8894,93,752.7,752.7,724.0
2026-02-11,0.6,0.08,738.0,47.07,6438,81,740.0,740.0,728.0
2026-02-10,0.4,0.05,737.4,55.4,7538,76,751.0,751.0,730.0
2026-02-09,-1.0,-0.14,737.0,61.75,8335,58,738.0,748.0,735.0
2026-02-08,-11.9,-1.59,738.0,,15341,127,741.4,764.8,738.0
2026-02-05,12.2,1.65,749.9,62.34,8382,74,752.0,752.0,740.0
2026-02-04,-3.3,-0.45,737.7,34.77,4679,74,726.2,768.9,726.2
2026-02-03,-2.0,-0.27,741.0,61.38,8282,62,757.0,757.0,740.0
2026-02-02,1.9,0.26,743.0,43.7,5861,64,750.0,755.8,741.5
2026-02-01,-9.2,-1.23,741.1,76.09,10250,67,760.0,760.0,740.0
2026-01-29,-16.7,-2.18,750.3,,16878,133,781.9,781.9,745.0
2026-01-28,-7.8,-1.01,767.0,63.78,8391,81,759.4,768.0,745.0
2026-01-27,-20.2,-2.54,774.8,,15099,152,781.0,795.0,759.7
2026-01-26,-10.0,-1.24,795.0,93.14,11820,111,821.1,821.1,780.0
2026-01-25,30.0,3.87,805.0,,24669,156,786.0,805.0,764.0
2026-01-22,14.0,1.84,775.0,,14711,107,752.0,804.0,752.0
2026-01-21,-9.0,-1.17,761.0,36.32,4787,52,756.0,764.8,755.2
2026-01-20,20.0,2.67,770.0,,21676,169,761.0,775.0,753.7
2026-01-18,19.0,2.6,750.0,89.79,12034,101,742.0,756.0,733.0
2026-01-14,-11.0,-1.48,731.0,42.2,5759,50,750.0,750.0,728.0
2026-01-13,14.0,1.92,742.0,56.64,7790,82,736.0,742.0,721.0
2026-01-12,-12.0,-1.62,728.0,61.47,8370,83,735.1,748.7,726.0
2026-01-08,9.9,1.36,740.0,40.03,5440,72,727.0,740.0,727.0
2026-01-07,18.0,2.53,730.1,93.25,12908,120,701.2,734.5,701.2
2026-01-06,-2.7,-0.38,712.1,92.36,12982,87,707.1,720.0,706.0
2026-01-05,3.8,0.53,714.8,23.02,3224,31,718.8,718.8,707.0
2026-01-04,-0.79,-0.11,711.0,60.73,8548,91,726.0,726.0,706.0
2026-01-01,-4.4,-0.59,745.6,68.55,9292,82,760.0,760.0,735.0
2025-12-31,13.0,1.76,750.0,72.93,9838,76,744.9,750.0,730.0
2025-12-29,-3.0,-0.41,737.0,61.44,8268,56,754.8,754.8,732.1
2025-12-28,9.6,1.31,740.0,38.41,5180,56,730.0,745.0,730.0
2025-12-24,-9.6,-1.3,730.4,21.56,2951,43,731.0,735.0,730.0
2025-12-23,-3.5,-0.47,740.0,45.57,6206,69,731.1,744.0,731.1
2025-12-22,13.5,1.85,743.5,,37146,100,730.0,757.8,730.0
2025-12-21,-13.0,-1.75,730.0,,15161,86,729.0,750.0,729.0
2025-12-18,-8.0,-1.07,743.0,13.44,1808,30,742.7,748.0,740.4
2025-12-17,5.0,0.67,751.0,35.48,4752,43,759.9,759.9,742.0
2025-12-16,8.0,1.08,746.0,40.01,5375,43,730.2,749.0,730.2
2025-12-15,-2.0,-0.27,738.0,29.28,3954,55,754.8,754.8,735.5
2025-12-14,-5.2,-0.7,740.0,76.08,10261,75,738.0,745.2,738.0
2025-12-11,0.7,0.09,745.2,6.6,884,34,736.0,755.0,736.0
2025-12-10,-0.6,-0.08,744.5,31.66,4260,43,735.7,752.0,735.0
2025-12-09,-4.9,-0.65,745.1,18.65,2476,34,760.0,764.0,745.1
2025-12-08,-5.0,-0.66,750.0,66.88,8874,83,755.0,784.0,749.4
2025-12-07,-17.9,-2.32,755.0,58.05,7662,55,760.0,772.9,751.0
2025-12-03,-2.1,-0.27,772.9,48.36,6310,79,789.0,789.0,758.2
2025-12-02,1.8,0.23,775.0,42.08,5399,53,787.0,819.0,765.3
2025-12-01,5.2,0.68,773.2,37.25,4810,55,775.0,783.3,768.0
2025-11-30,-14.0,-1.79,768.0,50.82,6576,79,790.0,790.0,762.0
2025-11-27,-3.1,-0.39,782.0,99.91,12765,83,798.0,800.8,776.5
2025-11-26,-14.8,-1.85,785.1,,13921,91,808.0,811.2,772.0
2025-11-25,-0.8,-0.1,799.9,,13275,125,813.0,813.0,775.4
2025-11-24,35.7,4.67,800.7,,37207,228,778.0,800.7,765.0
2025-11-23,15.0,2.0,765.0,,13658,110,764.8,765.0,750.0
2025-11-20,8.0,1.08,750.0,,22347,127,728.0,771.5,715.0
2025-11-19,2.0,0.27,742.0,25.17,3451,74,754.8,754.8,720.3
2025-11-18,12.0,1.65,740.0,44.17,5991,105,742.4,750.0,730.0
2025-11-17,4.0,0.55,728.0,36.59,5043,60,738.4,748.0,711.0
2025-11-16,-14.5,-1.96,724.0,72.32,10007,96,724.0,738.4,712.0
2025-11-13,10.5,1.44,738.5,44.17,5972,73,721.0,753.0,721.0
2025-11-12,-34.9,-4.57,728.0,,18209,142,756.0,771.0,705.0
2025-11-11,6.9,0.91,762.9,33.44,4407,52,771.1,779.0,750.0
2025-11-10,-5.4,-0.71,756.0,76.71,10125,51,755.0,770.0,750.4
2025-11-09,-23.6,-3.01,761.4,67.54,8797,86,800.0,800.0,761.4
2025-11-06,14.0,1.82,785.0,78.88,10098,76,770.0,814.9,770.0
2025-11-05,-1.5,-0.19,771.0,48.06,6193,43,773.0,785.0,770.0
2025-11-04,-15.5,-1.97,772.5,50.34,6465,77,798.0,800.0,770.0
2025-11-03,-25.0,-3.08,788.0,,15222,142,797.1,805.0,780.0
2025-11-02,-8.8,-1.07,813.0,,15579,100,810.0,824.0,794.0
2025-10-30,51.8,6.73,821.8,,34510,225,760.0,821.8,740.1
2025-10-29,-2.0,-0.26,770.0,71.37,9288,93,787.0,818.0,756.6
2025-10-28,37.0,5.03,772.0,,14653,97,745.0,780.0,735.1
2025-10-26,-3.0,-0.41,735.0,21.91,3065,48,745.0,745.0,709.0
2025-10-19,8.0,1.1,738.0,27.54,3758,24,720.0,743.0,720.0
2025-10-16,-15.0,-2.01,730.0,59.62,8286,89,759.0,759.0,704.0
2025-10-15,-0.1,-0.01,745.0,,21451,147,760.0,774.0,719.3
2025-10-14,-21.9,-2.86,745.1,91.73,12254,83,772.0,777.0,740.0
2025-10-13,10.1,1.33,767.0,47.67,6274,57,756.9,772.0,743.0
2025-10-12,-33.1,-4.19,756.9,,15926,141,777.0,777.1,740.0
2025-10-09,17.7,2.29,790.0,,15475,127,787.7,835.0,787.7
2025-10-08,-25.7,-3.22,772.3,90.92,11635,115,786.1,800.0,765.5
2025-10-07,-37.1,-4.44,798.0,71.31,8808,76,835.0,840.0,788.1
2025-09-28,-3.9,-0.46,835.1,27.49,3282,35,845.0,855.7,835.0
2025-09-25,-21.0,-2.44,839.0,52.54,6255,72,850.0,859.0,828.3
2025-09-24,-6.0,-0.69,860.0,75.74,8885,103,852.1,865.0,840.0
2025-09-23,55.12,6.8,866.0,,24460,182,825.0,866.0,815.0
2025-09-21,4.08,0.51,810.88,,17438,174,790.7,850.0,780.0
2025-09-08,-25.18,-3.03,806.8,85.73,10562,82,828.0,828.0,803.8
2025-09-07,-3.67,-0.44,831.98,51.95,6229,63,829.0,840.0,829.0
2025-09-04,-1.22,-0.15,835.65,87.71,10548,104,845.0,845.0,820.0
2025-09-03,5.85,0.7,836.87,,19292,95,830.0,842.0,829.9
2025-09-02,-6.46,-0.77,831.02,78.22,9374,75,850.0,854.0,830.1
2025-09-01,2.2,0.26,837.48,99.31,11922,105,830.0,845.0,825.5
2025-08-31,-21.12,-2.47,835.28,,21568,107,873.5,873.5,833.1
2025-08-28,-0.42,-0.05,856.4,,25196,148,865.0,872.0,850.0
2025-08-27,25.38,3.05,856.82,,24513,185,848.0,860.8,832.0
2025-08-26,-5.4,-0.65,831.44,45.44,5449,57,845.0,845.0,830.0
2025-08-25,0.23,0.03,836.84,,20373,172,853.3,861.2,830.0
2025-08-24,-9.85,-1.16,836.61,67.05,8019,79,852.0,852.0,830.5
2025-08-21,17.89,2.16,846.46,,26235,197,825.0,861.0,825.0
2025-08-20,-1.92,-0.23,828.57,90.03,10878,88,830.1,835.0,821.0
2025-08-19,0.14,0.02,830.49,,18476,60,840.0,840.0,830.0
2025-08-18,0.07,0.01,830.35,61.05,7319,93,846.0,846.0,830.0
2025-08-17,-13.89,-1.65,830.28,,13247,106,850.0,860.0,830.0
2025-08-14,7.66,0.92,844.17,,23831,155,837.0,864.0,830.1
2025-08-13,-2.33,-0.28,836.51,,25335,152,850.0,854.9,835.0
2025-08-12,-7.69,-0.91,838.84,,34901,169,843.0,855.0,835.1
2025-08-11,-27.16,-3.11,846.53,,34430,244,891.0,900.0,840.0
2025-08-07,-8.37,-0.95,873.69,,54969,224,874.4,895.0,870.1
2025-08-06,-5.55,-0.63,882.06,,20147,178,871.0,900.0,871.0
2025-08-05,6.29,0.71,887.61,,77059,381,898.9,915.0,868.2
2025-08-04,17.02,1.97,881.32,,55124,303,870.0,888.1,857.0
2025-08-03,-26.91,-3.02,864.3,,61363,370,885.0,888.0,862.0
2025-07-31,-18.37,-2.02,891.21,,76729,446,915.0,951.0,885.1
2025-07-30,-40.73,-4.29,909.58,,125418,635,969.0,969.0,905.0
2025-07-29,21.5,2.31,950.31,,130060,631,944.9,969.0,932.1
2025-07-28,-0.57,-0.06,928.81,,143275,542,935.0,946.0,910.0
2025-07-27,-12.07,-1.28,929.38,,90381,570,922.7,975.0,913.0
2025-07-24,-21.61,-2.24,941.45,,78254,543,943.8,965.0,931.0
2025-07-23,-6.37,-0.66,963.06,,133843,763,988.0,988.0,930.0
2025-07-22,16.11,1.69,969.43,,171365,758,972.3,1000.0,950.0
2025-07-21,49.77,5.51,953.32,,258573,1317,886.0,993.9,881.1
2025-07-20,-7.99,-0.88,903.55,,243261,1000,900.0,951.0,890.0
2025-07-17,65.01,7.68,911.54,,156203,858,863.4,931.1,850.0
2025-07-16,34.28,4.22,846.53,,176544,545,813.0,855.0,810.0
2025-07-15,4.8,0.59,812.25,,36975,224,823.5,823.5,802.0
2025-07-14,-25.92,-3.11,807.45,,81183,411,828.0,830.0,803.0
2025-07-13,10.4,1.26,833.37,,99904,574,839.0,855.7,820.0
2025-07-10,13.59,1.68,822.97,,62233,388,825.5,825.5,804.1
2025-07-09,5.07,0.63,809.38,,42692,264,820.3,820.3,799.0
2025-07-08,-7.55,-0.93,804.31,,46440,263,811.0,811.0,799.0
2025-07-07,14.83,1.86,811.86,,99023,688,781.1,815.0,781.1
2025-07-06,1.55,0.19,797.03,,93587,378,811.3,811.3,775.1
2025-07-03,7.04,0.89,795.48,,57700,422,804.2,804.2,775.9
2025-07-02,16.47,2.13,788.44,,69899,436,787.4,791.0,773.0
2025-07-01,19.85,2.64,771.97,,50955,362,767.1,775.0,759.4
2025-06-30,3.67,0.49,752.12,,44564,301,755.0,771.0,750.0
2025-06-29,14.65,2.0,748.45,,18871,163,733.0,752.0,733.0
2025-06-26,9.35,1.29,733.8,,18426,102,734.9,736.0,730.0
2025-06-25,-1.33,-0.18,724.45,38.55,5310,41,726.0,730.0,721.2
2025-06-24,-1.54,-0.21,725.78,,15033,101,727.32,737.0,724.0
2025-06-23,-2.59,-0.35,727.32,79.48,10924,87,741.0,741.0,725.0
2025-06-22,-19.0,-2.54,729.91,,27555,134,748.9,748.9,725.0
2025-06-19,-18.22,-2.38,748.91,,35415,215,779.0,779.0,739.0
2025-06-18,23.6,3.17,767.13,,151951,341,740.0,774.0,735.0
2025-06-17,10.37,1.41,743.53,,40649,291,723.4,760.0,723.4
2025-06-16,20.43,2.87,733.16,,24438,188,705.0,737.0,703.5
2025-06-15,0.98,0.14,712.73,,16289,95,716.0,716.0,706.0
2025-06-12,3.94,0.56,711.75,,16790,106,701.3,719.0,701.2
2025-06-11,-6.79,-0.95,707.81,79.47,11167,75,715.0,720.0,706.1
2025-06-10,-1.37,-0.19,714.6,,18022,122,711.0,720.0,711.0
2025-06-09,5.54,0.78,715.97,61.65,8670,83,724.0,753.0,701.2
2025-06-08,-12.87,-1.78,710.43,97.45,13656,107,728.0,728.0,709.0
2025-06-05,8.79,1.23,723.3,,16486,121,710.0,730.0,710.0
2025-06-04,-9.44,-1.3,714.51,28.07,3908,75,730.0,730.0,712.9
2025-06-03,-19.58,-2.63,723.95,75.78,10371,117,755.0,755.0,723.0
2025-06-02,-4.94,-0.66,743.53,,18075,139,763.4,763.4,740.0
2025-05-28,-4.81,-0.64,748.47,,24238,133,751.0,756.0,740.1
2025-05-27,-14.94,-1.94,753.28,,17835,150,770.0,770.0,751.0
2025-05-26,-21.7,-2.75,768.22,,37641,307,805.7,805.7,762.7
2025-05-25,37.03,4.92,789.92,,73155,605,759.9,795.0,755.0
2025-05-22,14.39,1.95,752.89,,57334,395,753.0,769.0,750.0
2025-05-21,-6.4,-0.86,738.5,,27622,198,759.7,800.0,722.0
2025-05-20,8.25,1.12,744.9,,15876,150,737.0,754.0,733.0
2025-05-19,-4.8,-0.65,736.65,,49185,244,749.9,771.0,727.0
2025-05-18,40.19,5.73,741.45,,115058,665,712.0,754.2,710.0
2025-05-15,-0.79,-0.11,701.26,68.5,9825,69,702.0,707.9,695.0
2025-05-14,-0.28,-0.04,702.05,68.06,9688,54,704.1,712.0,702.0
2025-05-13,-25.79,-3.54,702.33,97.07,13765,94,720.0,730.0,700.0
2025-05-11,17.65,2.48,728.12,,15066,128,720.0,764.0,697.0
2025-05-08,9.75,1.39,710.47,,44906,220,710.0,723.0,687.0
2025-05-07,25.66,3.8,700.72,94.88,13678,103,675.06,708.0,670.0
2025-05-06,-1.97,-0.29,675.06,52.42,7782,70,668.0,687.0,668.0
2025-05-05,1.8,0.27,677.03,51.13,7594,61,670.1,678.0,670.0
2025-05-04,-9.44,-1.38,675.23,23.17,3401,71,698.3,698.3,675.0
2025-04-30,-1.06,-0.15,684.67,34.74,5081,47,685.0,687.0,681.0
2025-04-29,-2.66,-0.39,685.73,81.45,11882,65,687.0,692.0,682.1
2025-04-28,-5.33,-0.77,688.39,52.99,7683,53,693.0,700.0,688.0
2025-04-27,-6.08,-0.87,693.72,88.21,12761,74,705.0,705.0,690.0
2025-04-24,1.82,0.26,699.8,55.99,8000,61,692.1,703.0,692.1
2025-04-23,-3.88,-0.55,697.98,31.85,4564,53,705.0,705.0,697.0
2025-04-22,-9.47,-1.33,701.86,58.14,8300,70,719.8,719.8,695.0
2025-04-21,4.85,0.69,711.33,54.38,7753,63,695.0,714.0,695.0
2025-04-20,5.15,0.73,706.48,52.7,7478,67,714.9,714.9,700.0
2025-04-17,2.72,0.39,701.33,,14672,137,700.0,711.0,699.5
2025-04-16,-2.61,-0.37,698.61,68.65,9806,88,696.2,706.9,696.2
2025-04-15,-3.52,-0.5,701.22,,15262,154,701.1,710.0,700.0
2025-04-13,1.36,0.19,704.74,40.16,5697,55,701.0,710.0,700.1
2025-04-10,-9.17,-1.29,703.38,39.17,5558,73,718.0,718.0,702.3
2025-04-09,-3.15,-0.44,712.55,17.8,2493,42,717.0,718.0,711.5
2025-04-08,-0.9,-0.13,715.7,38.39,5413,63,714.1,716.0,705.0
2025-04-07,-7.45,-1.03,716.6,48.94,6814,80,716.0,730.0,716.0
2025-04-03,3.77,0.52,724.05,,14607,119,724.0,733.0,718.0
2025-04-02,1.11,0.15,720.28,27.98,3888,68,730.0,730.0,717.0
2025-04-01,-11.97,-1.64,719.17,41.71,5800,79,730.0,730.0,710.0
2025-03-30,5.41,0.75,731.14,93.74,12764,147,713.0,772.0,713.0
2025-03-27,4.51,0.63,725.73,55.64,7677,125,706.8,732.0,705.0
2025-03-26,29.79,4.31,721.22,72.92,10302,149,678.0,738.0,678.0
2025-03-25,-26.49,-3.69,691.43,75.51,10807,139,707.1,710.0,689.0
2025-03-24,6.76,0.95,717.92,26.35,3701,57,701.5,720.0,700.0
2025-03-23,-11.2,-1.55,711.16,50.39,7066,78,722.0,722.0,711.0
2025-03-20,1.36,0.19,722.36,30.25,4186,46,721.0,727.0,721.0
2025-03-19,-8.0,-1.1,721.0,32.3,4471,46,740.0,740.0,720.0
2025-03-18,-3.0,-0.41,729.0,22.31,3050,46,746.5,746.5,725.0
2025-03-17,-2.0,-0.27,732.0,48.9,6653,64,734.0,764.0,730.1
2025-03-16,-24.0,-3.17,734.0,91.38,12345,95,750.0,750.0,732.2
2025-03-12,-12.0,-1.56,758.0,70.83,9408,110,785.0,785.0,746.1
2025-03-11,3.9,0.51,770.0,,18998,129,764.0,773.0,750.0
2025-03-10,-11.8,-1.52,766.1,61.82,8040,101,772.0,779.8,765.7
2025-03-09,-5.1,-0.65,777.9,87.91,11341,155,784.0,787.0,764.0
2025-03-06,3.0,0.38,783.0,,17947,198,764.4,791.0,764.4
2025-03-05,-24.0,-2.99,780.0,74.24,9487,123,813.9,813.9,775.2
2025-03-04,-11.0,-1.35,804.0,,34128,233,803.1,805.0,786.5
2025-03-03,-13.0,-1.57,815.0,,22967,198,840.0,840.0,800.0
2025-03-02,30.5,3.82,828.0,,48621,218,812.0,828.0,782.0
2025-02-27,31.5,4.11,797.5,,45287,279,781.3,814.0,775.0
2025-02-25,8.0,1.06,766.0,67.68,8908,103,746.0,766.0,746.0
2025-02-24,7.2,0.96,758.0,80.25,10751,118,764.0,764.0,742.1
2025-02-23,-7.2,-0.95,750.8,74.68,9989,119,745.0,754.2,740.0
2025-02-20,-16.5,-2.13,758.0,87.44,11523,107,761.4,764.0,754.0
2025-02-18,-3.9,-0.5,774.5,,25466,187,793.9,793.9,761.0
2025-02-17,23.6,3.13,778.4,,38197,346,768.9,780.3,741.0
2025-02-16,48.8,6.91,754.8,,17747,212,717.0,774.0,710.0
2025-02-13,0.0,0.0,706.0,79.65,11249,91,703.0,716.0,702.0
2025-02-12,-8.0,-1.12,706.0,26.85,3769,68,721.0,721.0,705.0
2025-02-11,14.0,2.0,714.0,42.34,5976,70,714.0,725.9,702.0
2025-02-10,-12.0,-1.69,700.0,54.06,7663,58,721.0,721.0,696.0
2025-02-09,0.5,0.07,712.0,26.68,3748,65,720.0,720.0,710.2
2025-02-06,0.4,0.06,711.5,84.18,11767,86,723.0,723.0,710.0
2025-02-05,-3.9,-0.55,711.1,51.1,7111,69,725.0,728.0,711.0
2025-02-04,-14.0,-1.92,715.0,,14106,96,735.0,735.0,707.2
2025-02-03,5.0,0.69,729.0,72.68,9956,140,738.0,748.0,720.0
2025-02-02,47.0,6.94,724.0,,25405,246,690.0,729.0,685.0
2025-01-28,-3.0,-0.44,677.0,62.37,9239,89,680.0,680.0,670.5
2025-01-27,6.0,0.89,680.0,26.2,3849,65,664.0,685.0,664.0
2025-01-26,6.0,0.9,674.0,46.19,6835,76,670.0,680.0,665.1
2025-01-23,3.0,0.45,668.0,49.18,7365,61,677.0,677.0,662.0
2025-01-22,5.2,0.79,665.0,39.44,5897,86,659.9,676.0,652.1
2025-01-21,1.7,0.26,659.8,19.87,3051,50,655.0,659.8,649.1
2025-01-20,7.0,1.08,658.1,13.52,2048,36,651.0,664.0,651.0
2025-01-19,0.1,0.02,651.1,11.63,1775,39,661.0,663.9,651.1
2025-01-16,-4.0,-0.61,651.0,18.39,2823,50,655.0,655.0,648.0
2025-01-15,-7.0,-1.06,655.0,30.04,4561,62,670.0,683.2,651.0
2025-01-13,-5.1,-0.76,662.0,43.71,6653,93,670.0,680.0,650.0
2025-01-12,-11.8,-1.74,667.1,11.59,1733,37,666.6,680.0,666.2
2025-01-09,-14.1,-2.03,678.9,60.83,9034,81,685.0,685.0,662.0
2025-01-08,20.9,3.11,693.0,,14861,142,685.5,700.0,682.0
2025-01-07,-3.9,-0.58,672.1,74.66,11034,92,676.0,689.5,669.1
2025-01-06,2.2,0.33,676.0,68.61,10206,104,673.0,680.0,668.1
2025-01-05,-7.13,-1.05,673.8,72.25,10801,98,690.0,700.0,661.0
2025-01-02,1.0,0.14,732.0,51.69,7047,116,745.0,745.0,730.0
2025-01-01,-8.0,-1.08,731.0,13.73,1858,48,739.0,748.9,730.1
2024-12-31,6.0,0.82,739.0,31.28,4288,66,734.0,745.0,720.3
2024-12-29,12.0,1.66,733.0,51.22,6937,94,718.0,764.6,718.0
2024-12-26,-6.0,-0.83,721.0,31.0,4286,56,739.0,739.0,717.0
2024-12-24,6.0,0.83,727.0,12.18,1676,31,730.0,730.0,721.0
2024-12-23,12.0,1.69,721.0,27.98,3923,49,720.0,723.0,706.0
2024-12-22,-6.0,-0.84,709.0,41.68,5869,64,711.0,715.0,707.0
2024-12-19,-12.0,-1.65,715.0,31.73,4428,78,727.0,730.0,713.0
2024-12-18,-1.9,-0.26,727.0,24.81,3388,48,736.9,743.4,726.1
2024-12-17,18.9,2.66,728.9,40.08,5531,83,718.2,734.0,715.0
2024-12-16,-17.0,-2.34,710.0,38.91,5430,76,713.1,734.0,710.0
2024-12-12,-1.0,-0.14,727.0,27.2,3726,56,738.0,740.0,721.1
2024-12-11,2.0,0.28,728.0,45.61,6305,65,740.3,740.3,717.0
2024-12-10,-12.0,-1.63,726.0,63.4,8700,102,738.0,743.0,723.3
2024-12-09,-12.0,-1.6,738.0,42.88,5788,60,752.0,752.0,735.0
2024-12-08,-10.0,-1.32,750.0,37.36,4993,64,745.2,754.5,744.8
2024-12-05,-0.1,-0.01,760.0,39.63,5238,75,760.0,768.0,750.0
2024-12-04,-8.9,-1.16,760.1,38.52,5031,67,755.1,780.0,755.0
2024-12-03,-5.9,-0.76,769.0,40.85,5306,70,770.0,776.0,767.0
2024-12-02,2.9,0.38,774.9,31.63,4097,55,783.4,783.4,770.0
2024-12-01,-16.0,-2.03,772.0,18.77,2430,49,775.0,790.5,766.9
2024-11-28,-12.0,-1.5,788.0,74.92,9494,112,784.0,809.8,782.0
2024-11-27,35.0,4.58,800.0,,17928,151,774.8,820.0,769.0
2024-11-26,5.0,0.66,765.0,41.54,5408,58,775.0,775.2,760.0
2024-11-25,0.0,0.0,760.0,30.24,3974,59,752.0,775.2,750.2
2024-11-24,-6.8,-0.89,760.0,28.2,3685,60,757.0,775.0,757.0
2024-11-21,-20.0,-2.54,766.8,65.86,8487,109,790.0,790.0,766.8
2024-11-20,-1.2,-0.15,786.8,55.92,7149,93,775.1,791.0,775.0
2024-11-19,-13.0,-1.62,788.0,90.35,11433,113,813.9,813.9,775.0
2024-11-17,8.0,1.01,801.0,,13672,113,793.0,808.6,793.0
2024-11-14,-5.9,-0.74,793.0,96.28,12132,156,800.0,805.0,785.0
2024-11-13,-4.3,-0.54,798.9,54.61,6809,97,819.0,819.0,795.0
2024-11-12,-13.8,-1.69,803.2,,20234,148,802.2,822.0,802.2
2024-11-11,30.0,3.81,817.0,,26914,291,802.7,825.0,790.1
2024-11-10,12.0,1.55,787.0,98.64,12648,121,787.0,787.0,770.3
2024-11-06,0.0,0.0,775.0,20.58,2665,35,774.9,776.0,770.0
2024-11-05,-1.0,-0.13,775.0,43.83,5706,55,766.1,777.0,765.0
2024-10-30,-4.0,-0.51,776.0,40.83,5247,47,769.9,785.0,769.0
2024-10-29,18.0,2.36,780.0,54.55,7049,85,760.0,780.0,760.0
2024-10-28,12.0,1.6,762.0,18.48,2441,51,762.0,764.0,745.1
2024-10-27,-9.9,-1.3,750.0,63.79,8546,69,751.0,760.0,741.0
2024-10-24,-0.1,-0.01,759.9,65.34,8718,94,750.0,765.0,745.0
2024-10-23,0.5,0.07,760.0,36.49,4779,47,760.0,771.0,754.0
2024-10-22,-0.5,-0.07,759.5,24.58,3230,66,760.0,774.9,753.1
2024-10-21,-17.9,-2.3,760.0,82.52,10835,130,770.0,780.0,751.0
2024-10-20,-17.1,-2.15,777.9,66.73,8568,97,780.0,792.0,771.0
2024-10-17,-7.8,-0.97,795.0,,15686,140,801.0,806.0,786.0
2024-10-16,21.8,2.79,802.8,,13977,104,767.0,805.5,767.0
2024-10-15,12.9,1.68,781.0,51.31,6593,58,783.4,783.4,770.0
2024-10-09,-1.9,-0.25,768.1,43.75,5693,57,760.3,784.0,755.0
2024-10-08,-7.8,-1.0,770.0,22.46,2915,46,784.0,785.0,763.1
2024-10-07,19.8,2.61,777.8,94.3,12128,113,773.0,787.0,765.0
2024-10-06,20.0,2.71,758.0,72.72,9726,88,726.0,760.0,726.0
2024-10-02,-22.0,-2.89,738.0,,15069,163,761.0,767.8,735.5
2024-10-01,36.0,4.97,760.0,,18430,183,720.0,772.0,720.0
2024-09-30,11.0,1.54,724.0,56.32,7944,83,727.2,727.2,691.0
2024-09-29,5.5,0.78,713.0,45.76,6450,80,695.0,716.0,693.4
2024-09-26,-16.5,-2.28,707.5,51.33,7142,95,737.0,737.0,707.5
2024-09-25,13.8,1.94,724.0,83.05,11582,120,702.3,724.0,702.3
2024-09-24,-20.9,-2.86,710.2,,25407,172,721.0,735.6,710.0
2024-09-23,-21.9,-2.91,731.1,,15130,151,741.0,755.0,730.5
2024-09-22,-2.0,-0.26,753.0,49.55,6553,85,770.0,770.0,750.0
2024-09-18,-9.0,-1.18,755.0,60.87,7991,107,765.0,778.9,750.0
2024-09-16,-8.0,-1.04,764.0,68.61,8978,105,760.0,785.0,759.0
2024-09-15,-24.0,-3.02,772.0,,13815,201,799.1,812.0,770.0
2024-09-12,15.0,1.92,796.0,,17247,173,796.6,796.6,761.5
2024-09-11,-9.0,-1.14,781.0,,13549,140,790.0,800.0,780.0
2024-09-10,-9.9,-1.24,790.0,86.68,10951,146,814.0,814.0,784.0
2024-09-09,-19.1,-2.33,799.9,,21363,226,834.9,834.9,790.0
2024-09-08,8.0,0.99,819.0,,31701,346,805.0,843.0,805.0
2024-09-05,1.0,0.12,811.0,,29568,258,810.0,827.0,795.0
2024-09-04,-5.0,-0.61,810.0,,26979,277,831.2,835.0,798.0
2024-09-03,-12.0,-1.45,815.0,,15764,215,830.0,845.0,815.0
2024-09-02,27.0,3.38,827.0,,20404,225,800.0,847.0,791.0
2024-09-01,-8.0,-0.99,800.0,,24366,252,803.0,822.0,800.0
2024-08-29,-32.0,-3.81,808.0,,41351,457,832.0,839.0,805.0
2024-08-28,-10.0,-1.18,840.0,,28919,310,867.0,880.0,835.0
2024-08-27,-27.0,-3.08,850.0,,41553,457,877.0,902.0,848.2
2024-08-25,15.2,1.76,877.0,,85110,668,863.0,905.0,851.1
2024-08-22,-7.2,-0.83,861.8,,31707,348,870.0,878.0,860.0
2024-08-21,-2.2,-0.25,869.0,,41997,374,875.0,905.1,866.5
2024-08-18,-12.6,-1.43,871.2,,62791,538,900.0,905.0,870.0
2024-08-15,-6.2,-0.7,883.8,,69997,632,906.9,906.9,870.0
2024-08-14,2.0,0.23,890.0,,43536,368,888.0,899.8,877.1
2024-08-13,-15.8,-1.75,888.0,,52691,491,907.0,918.0,887.0
2024-08-12,-22.2,-2.4,903.8,,60758,578,926.0,963.3,903.8
2024-08-11,35.0,3.93,926.0,,97117,824,890.0,940.0,890.0
2024-08-08,-7.0,-0.78,891.0,,37004,404,900.0,913.0,870.3
2024-08-07,33.0,3.82,898.0,,64574,662,882.0,917.0,867.0
2024-08-06,-21.5,-2.43,865.0,,87527,661,886.7,917.0,854.0
2024-08-05,-13.5,-1.5,886.5,,46098,384,915.0,915.0,885.0
2024-08-01,-10.0,-1.1,900.0,,56249,459,918.0,946.0,900.0
2024-07-31,10.0,1.11,910.0,,66490,482,917.9,940.0,905.0
2024-07-30,11.0,1.24,900.0,,62853,557,890.0,910.0,865.1
2024-07-29,-46.0,-4.92,889.0,,89884,778,935.0,935.0,885.0
2024-07-28,-13.0,-1.37,935.0,,77603,706,966.0,980.0,906.4
2024-07-25,69.0,7.85,948.0,,100883,859,880.0,948.0,880.0
2024-07-24,-6.0,-0.68,879.0,,79128,685,885.0,908.0,865.4
2024-07-23,70.0,8.59,885.0,,88891,663,820.0,887.0,810.0
2024-07-22,7.0,0.87,815.0,,69597,532,811.1,821.0,795.2
2024-07-21,8.0,1.0,808.0,,81594,603,800.0,824.0,784.0
2024-07-18,63.0,8.55,800.0,,148034,1209,745.0,810.7,745.0
2024-07-17,5.1,0.7,737.0,,40736,313,733.0,745.9,726.5
2024-07-16,31.9,4.56,731.9,,48613,263,709.0,736.0,707.0
2024-07-15,-19.0,-2.64,700.0,,37710,260,730.0,730.0,700.0
2024-07-14,4.1,0.57,719.0,,39310,251,729.1,743.0,716.0
2024-07-11,-1.1,-0.15,714.9,,43631,257,725.0,725.0,707.0
2024-07-10,16.0,2.29,716.0,,95724,557,713.0,724.0,700.0
2024-07-09,9.6,1.39,700.0,,40327,241,700.0,703.9,686.2
2024-07-08,3.1,0.45,690.4,,24811,107,699.0,699.0,682.2
2024-07-07,7.6,1.12,687.3,,26880,138,692.0,693.0,675.1
2024-07-04,-5.2,-0.76,679.7,,34573,183,698.5,698.5,674.0
2024-07-03,4.9,0.72,684.9,,27880,168,680.0,693.0,668.0
2024-07-02,2.9,0.43,680.0,,26964,169,690.6,718.4,680.0
2024-07-01,1.1,0.16,677.1,63.06,9338,86,675.0,683.5,670.0
2024-06-30,-6.6,-0.97,676.0,,17214,156,670.3,694.9,670.0
2024-06-27,-20.3,-2.89,682.6,,57274,254,695.0,701.0,682.6
2024-06-26,-6.1,-0.86,702.9,,83800,216,695.0,736.0,695.0
2024-06-25,-4.9,-0.69,709.0,,33907,242,728.1,728.1,700.0
2024-06-24,40.9,6.08,713.9,,364695,786,660.1,725.0,650.0
2024-06-23,-8.0,-1.17,673.0,67.08,9931,104,694.0,694.0,670.2
2024-06-20,-10.0,-1.45,681.0,44.24,6462,77,690.0,693.0,681.0
2024-06-19,1.0,0.14,691.0,54.32,7865,78,699.0,699.0,685.6
2024-06-18,-12.2,-1.74,690.0,97.84,14115,122,700.0,705.0,686.5
2024-06-16,-13.8,-1.93,702.2,,24061,151,730.3,730.3,701.3
2024-06-13,6.0,0.85,716.0,,26468,189,712.1,725.0,711.0
2024-06-12,0.0,0.0,710.0,,18360,150,702.0,718.9,702.0
2024-06-11,4.0,0.57,710.0,,23640,136,706.0,718.0,701.1
2024-06-10,-3.5,-0.49,706.0,,28400,178,710.0,719.0,703.0
2024-06-09,12.5,1.79,709.5,,55039,415,700.0,720.9,694.5
2024-06-06,9.0,1.31,697.0,,46067,352,688.3,714.0,683.0
2024-06-05,-1.0,-0.15,688.0,90.5,13147,126,702.0,702.0,678.0
2024-06-04,9.0,1.32,689.0,96.82,14007,156,681.0,701.0,681.0
2024-06-03,5.1,0.76,680.0,86.71,12715,137,686.0,698.6,666.1
2024-06-02,17.9,2.72,674.9,47.61,7208,86,652.0,674.9,652.0
2024-05-30,-5.2,-0.79,657.0,79.01,11969,141,655.1,669.9,650.0
2024-05-29,-27.7,-4.02,662.2,,17716,177,703.5,703.5,662.0
2024-05-27,0.9,0.13,689.9,56.28,8169,94,702.7,702.7,682.1
2024-05-26,-7.0,-1.01,689.0,92.05,13357,157,709.0,723.1,685.2
2024-05-22,-19.0,-2.66,696.0,,29440,219,702.0,719.9,690.0
2024-05-21,20.0,2.88,715.0,,42859,255,686.0,724.0,681.1
2024-05-20,-14.0,-1.97,695.0,,23078,276,718.0,733.0,695.0
2024-05-19,-7.0,-0.98,709.0,,31288,321,701.7,748.0,700.0
2024-05-16,23.0,3.32,716.0,,56962,471,683.0,730.0,675.0
2024-05-15,0.0,0.0,693.0,,35155,323,705.0,715.0,687.0
2024-05-14,23.0,3.43,693.0,,38857,331,675.0,704.0,670.0
2024-05-13,4.0,0.6,670.0,77.68,11576,111,666.0,688.0,657.1
2024-05-12,-19.0,-2.77,666.0,64.86,9621,134,693.0,693.0,666.0
2024-05-09,-12.0,-1.72,685.0,,22817,199,695.0,700.0,681.5
2024-05-08,12.0,1.75,697.0,,23475,187,695.0,705.0,684.0
2024-05-07,18.0,2.7,685.0,,26390,209,670.0,692.0,670.0
2024-05-06,-13.0,-1.91,667.0,,16609,175,693.0,693.0,654.0
2024-05-05,-13.0,-1.88,680.0,,60181,469,704.0,721.0,660.9
2024-05-02,53.1,8.3,693.0,,80858,761,652.6,703.8,652.6
2024-04-30,3.9,0.61,639.9,73.01,11433,138,627.0,655.0,623.5
2024-04-29,-3.0,-0.47,636.0,46.02,7214,95,639.0,650.0,627.0
2024-04-28,31.0,5.1,639.0,48.53,7780,79,619.0,639.9,610.0
2024-04-25,-5.0,-0.82,608.0,21.11,3484,40,610.0,610.0,603.1
2024-04-24,1.0,0.16,613.0,20.28,3287,33,620.0,624.0,608.0
2024-04-22,-6.0,-0.97,612.0,58.66,9586,52,630.0,630.0,608.2
2024-04-21,8.0,1.31,618.0,32.42,5323,64,602.0,618.0,602.0
2024-04-18,-10.0,-1.61,610.0,27.82,4543,68,615.4,620.0,610.0
2024-04-16,-4.0,-0.64,620.0,32.13,5185,55,620.2,626.0,617.9
2024-04-15,-14.0,-2.19,624.0,,17775,94,650.0,660.0,624.0
2024-04-14,21.0,3.4,638.0,62.98,9936,98,618.0,644.5,618.0
2024-04-10,-21.0,-3.29,617.0,80.08,12868,137,629.0,635.0,612.3
2024-04-09,-11.0,-1.69,638.0,89.12,13869,134,652.0,660.0,629.2
2024-04-07,-10.0,-1.52,649.0,,16391,153,659.0,665.0,643.0
2024-04-04,19.0,2.97,659.0,,26190,325,650.0,671.0,632.1
2024-04-03,20.0,3.23,640.0,,20812,246,630.0,648.0,617.6
2024-04-02,15.0,2.48,620.0,61.86,9994,118,593.0,629.9,593.0
2024-04-01,2.0,0.33,605.0,41.57,6882,89,603.0,610.0,600.0
2024-03-31,-13.0,-2.11,603.0,29.45,4870,58,611.5,611.5,602.5
2024-03-28,-0.8,-0.13,616.0,48.39,7870,78,605.1,620.0,605.1
2024-03-27,-4.8,-0.77,616.8,92.24,14814,151,621.0,632.0,610.0
2024-03-26,11.6,1.9,621.6,51.67,8395,110,602.0,622.1,602.0
2024-03-25,-6.0,-0.97,610.0,,19840,180,606.0,616.9,604.2
2024-03-21,-14.0,-2.22,616.0,85.14,13582,168,630.0,640.0,615.0
2024-03-20,38.8,6.56,630.0,,66115,703,590.0,649.0,590.0
2024-03-19,13.3,2.3,591.2,,19651,218,580.0,614.9,580.0
2024-03-18,7.9,1.39,577.9,29.15,5102,56,572.0,577.9,563.2
2024-03-17,-2.0,-0.35,570.0,33.82,5866,79,574.0,590.0,565.0
2024-03-14,-18.0,-3.05,572.0,43.79,7609,104,579.0,590.4,568.0
2024-03-13,-4.1,-0.69,590.0,74.13,12450,153,603.0,603.0,586.0
2024-03-12,28.1,4.96,594.1,74.78,12832,175,572.0,600.0,569.1
2024-03-10,30.9,5.77,566.0,57.58,10171,162,544.0,576.0,544.0
2024-03-07,1.1,0.21,535.1,6.66,1246,20,535.0,538.0,532.5
2024-03-06,4.0,0.75,534.0,31.86,5945,44,528.0,540.0,522.3
2024-03-05,-8.5,-1.58,530.0,18.83,3523,51,540.8,542.0,530.0
2024-03-04,20.6,3.98,538.5,,20,2,528.0,538.5,528.0
2024-03-03,-4.2,-0.8,517.9,19.54,3799,37,512.0,528.0,512.0
2024-02-29,-2.9,-0.55,522.1,17.63,3384,37,520.0,525.0,515.5
2024-02-28,-7.2,-1.35,525.0,9.03,1716,30,522.1,532.0,522.1
2024-02-27,-2.7,-0.5,532.2,23.73,4443,33,545.0,545.0,525.2
2024-02-26,9.8,1.87,534.9,11.65,2222,44,515.0,535.0,515.0
2024-02-25,-12.9,-2.4,525.1,26.99,5107,44,528.0,534.0,525.0
2024-02-22,1.8,0.34,538.0,20.67,3841,49,532.0,544.9,526.2
2024-02-21,-3.8,-0.7,536.2,16.81,3135,39,533.0,540.0,533.0
2024-02-20,-6.2,-1.14,540.0,15.42,2861,38,537.0,547.7,537.0
2024-02-18,-6.3,-1.14,546.2,33.05,6099,54,542.0,548.0,540.0
2024-02-15,-2.5,-0.45,552.5,23.87,4313,50,555.0,560.0,547.1
2024-02-14,-0.8,-0.14,555.0,17.44,3175,48,566.9,566.9,539.0
2024-02-13,-4.11,-0.73,555.79,9.45,1716,37,550.0,560.0,549.5
2024-02-12,2.9,0.52,559.9,18.09,3263,51,550.0,560.0,548.6
2024-02-11,-7.0,-1.24,557.0,9.66,1729,38,557.0,569.0,556.1
2024-02-07,1.8,0.32,558.9,10.7,1941,66,567.9,567.9,547.0
2024-02-06,7.1,1.29,557.1,12.74,2297,47,550.0,565.0,550.0
2024-02-05,8.0,1.48,550.0,22.18,4042,41,550.0,552.7,547.0
2024-02-04,-8.9,-1.62,542.0,29.23,5306,57,550.0,560.0,542.0
2024-02-01,-9.1,-1.63,550.9,27.52,5024,64,571.0,571.0,541.0
2024-01-31,-8.0,-1.41,560.0,55.18,9762,62,579.0,579.0,555.0
2024-01-30,1.0,0.18,568.0,19.34,3431,62,578.0,589.0,556.0
2024-01-29,-4.0,-0.7,567.0,29.26,5193,44,575.0,578.0,560.0
2024-01-28,6.0,1.06,571.0,35.16,6269,69,560.0,572.0,550.8
2024-01-25,-2.0,-0.35,565.0,12.87,2285,37,578.0,578.0,556.2
2024-01-24,2.0,0.35,567.0,15.84,2805,24,575.0,575.0,558.3
2024-01-23,-1.0,-0.18,565.0,30.54,5419,59,566.0,580.0,560.0
2024-01-22,-16.0,-2.75,566.0,38.09,6686,74,584.0,593.0,559.0
2024-01-21,-22.0,-3.64,582.0,26.7,4534,86,592.0,615.0,581.3
2024-01-18,-5.9,-0.97,604.0,36.69,6156,101,598.0,610.0,576.0
2024-01-17,7.3,1.21,609.9,97.7,16067,169,609.0,626.0,593.5
2024-01-16,6.8,1.14,602.6,98.18,16388,165,607.0,610.0,580.6
2024-01-14,15.8,2.72,595.8,50.3,8522,91,590.0,601.8,586.0
2024-01-11,0.0,0.0,580.0,21.27,3713,46,579.0,580.0,570.0
2024-01-10,7.0,1.22,580.0,52.56,9041,110,573.0,591.0,570.0
2024-01-09,8.0,1.42,573.0,27.14,4732,63,576.2,582.0,570.0
2024-01-08,20.0,3.67,565.0,54.83,9899,87,534.1,566.0,534.1
2024-01-07,0.0,0.0,545.0,42.01,7723,70,540.0,555.9,531.0
2024-01-04,-2.0,-0.37,545.0,17.21,3144,72,555.0,557.1,540.0
2024-01-03,2.0,0.37,547.0,8.33,1537,43,536.0,548.0,536.0
2024-01-02,-14.0,-2.5,545.0,20.75,3820,49,548.0,549.8,540.0
2024-01-01,-6.0,-1.06,559.0,28.65,5116,44,553.7,575.0,553.7
2023-12-28,8.9,1.6,565.0,40.65,7240,69,561.0,567.0,553.0
2023-12-27,-24.9,-4.29,556.1,39.87,7111,93,580.0,580.0,537.0
2023-12-24,-31.0,-5.07,581.0,77.78,13322,160,599.8,599.8,580.0
2023-12-21,-18.0,-2.86,612.0,,21906,170,617.4,628.0,606.3
2023-12-20,5.2,0.83,630.0,60.2,9610,143,615.0,642.0,600.0
2023-12-19,56.8,10.0,624.8,,17095,204,579.0,624.8,553.0
2023-12-18,50.0,9.65,568.0,,21755,230,527.0,569.8,525.0
2023-12-17,0.0,0.0,518.0,32.92,6269,67,511.0,531.6,511.0
2023-12-14,-8.0,-1.52,518.0,40.84,7904,83,516.1,526.4,509.6
2023-12-13,-3.0,-0.57,526.0,42.74,8150,85,535.0,540.0,511.8
2023-12-12,23.1,4.57,529.0,51.04,9902,99,500.5,530.1,500.5
2023-12-11,2.9,0.58,505.9,39.39,7717,113,513.0,522.0,501.0
2023-12-10,28.0,5.89,503.0,,30,3,484.5,503.0,484.5
2023-12-07,9.0,1.93,475.0,14.45,3037,37,475.0,482.0,465.5
2023-12-06,-13.0,-2.71,466.0,8.4,1802,43,471.0,471.0,463.3
2023-12-05,-3.0,-0.62,479.0,12.61,2625,24,485.0,485.0,478.0
2023-12-04,8.0,1.69,482.0,14.95,3184,51,478.0,483.4,464.6
2023-12-03,-3.1,-0.65,474.0,16.95,3573,50,477.0,486.5,470.0
2023-11-30,-12.9,-2.63,477.1,16.91,3521,59,490.0,499.8,472.1
2023-11-29,-5.0,-1.01,490.0,16.85,3388,44,488.1,510.0,488.0
2023-11-28,-5.0,-1.0,495.0,6.98,1416,26,490.0,510.0,485.1
2023-11-27,0.0,0.0,500.0,12.94,2619,38,500.0,504.0,490.0
2023-11-26,9.0,1.83,500.0,17.89,3637,34,499.0,500.8,486.0
2023-11-23,-1.0,-0.2,491.0,4.1,837,26,490.0,492.0,485.1
2023-11-22,7.0,1.44,492.0,10.78,2213,35,478.0,494.0,478.0
2023-11-21,-15.2,-3.04,485.0,14.38,2921,40,500.0,505.0,481.2
2023-11-20,-5.5,-1.09,500.2,11.73,2338,29,505.0,505.0,500.2
2023-11-09,-4.5,-0.88,505.7,2.85,562,18,510.0,515.0,505.1
2023-11-08,-2.8,-0.55,510.2,3.56,700,11,511.0,511.0,509.0
2023-11-07,-4.5,-0.87,513.0,1.34,262,12,517.0,519.0,511.0
2023-11-06,11.5,2.27,517.5,8.2,1584,31,515.0,519.9,507.0
2023-11-05,-6.0,-1.17,506.0,7.51,1497,32,502.0,512.0,496.0
2023-11-02,-3.0,-0.58,512.0,8.48,1661,22,507.2,520.0,506.0
2023-11-01,4.0,0.78,515.0,9.53,1869,32,504.0,519.0,503.0
2023-10-31,-23.7,-4.43,511.0,3.88,753,23,525.0,525.0,511.0
2023-10-30,17.7,3.42,534.7,6.76,1284,14,507.2,536.0,507.2
2023-10-29,-16.2,-3.04,517.0,4.46,859,18,524.0,525.0,513.6
2023-10-19,-1.8,-0.34,533.2,8.51,1592,30,524.5,545.0,514.0
2023-10-18,23.5,4.59,535.0,4.36,826,30,511.5,540.0,511.5
2023-10-17,3.5,0.69,511.5,9.46,1851,25,510.0,514.0,509.5
2023-10-16,-7.0,-1.36,508.0,9.71,1916,35,505.0,513.0,503.2
2023-10-12,-5.0,-0.96,515.0,14.65,2852,39,511.4,518.0,511.4
2023-10-11,0.0,0.0,520.0,22.11,4289,52,530.4,530.4,512.0
2023-10-10,-5.3,-1.01,520.0,5.78,1099,29,534.0,536.0,515.0
2023-10-09,-10.7,-2.0,525.3,18.97,3612,62,527.0,534.0,520.0
2023-10-08,-7.5,-1.38,536.0,14.2,2656,49,550.0,550.0,529.0
2023-10-05,-3.5,-0.64,543.5,6.77,1252,28,556.0,556.0,537.0
2023-10-04,4.5,0.83,547.0,6.99,1278,35,550.0,557.0,539.2
2023-10-03,-10.5,-1.9,542.5,3.92,723,16,542.0,547.9,542.0
2023-10-02,3.0,0.55,553.0,6.15,1122,26,540.1,553.0,540.0
2023-10-01,-5.0,-0.9,550.0,8.97,1654,45,544.0,550.0,536.0
2023-09-27,-5.0,-0.89,555.0,23.94,4394,48,549.1,560.0,538.2
2023-09-26,9.6,1.74,560.0,9.68,1765,39,561.4,561.4,539.0
2023-09-25,-14.6,-2.58,550.4,12.25,2210,38,568.0,575.0,550.4
2023-09-24,9.0,1.62,565.0,28.1,4941,75,566.0,575.0,556.0
2023-09-21,21.0,3.93,556.0,22.78,4107,70,545.7,567.0,534.6
2023-09-19,5.0,0.94,535.0,10.98,2062,30,531.0,540.6,523.0
2023-09-18,-6.0,-1.12,530.0,2.58,489,16,526.0,532.1,526.0
2023-09-17,-9.0,-1.65,536.0,13.68,2558,40,540.0,550.0,530.0
2023-09-13,13.0,2.44,545.0,10.98,2040,29,522.5,545.7,522.5
2023-09-12,-12.0,-2.21,532.0,7.32,1375,24,544.0,544.0,528.1
2023-09-11,26.0,5.02,544.0,12.15,2294,41,518.0,545.0,518.0
2023-09-10,-2.0,-0.38,518.0,5.76,1108,26,530.0,530.0,518.0
2023-09-07,0.0,0.0,520.0,14.11,2726,29,512.0,520.0,512.0
2023-09-05,-1.0,-0.19,520.0,9.5,1814,45,511.0,531.0,511.0
2023-09-04,1.0,0.19,521.0,9.49,1815,40,529.0,530.0,519.0
2023-09-03,-11.1,-2.09,520.0,18.74,3604,63,521.0,529.0,515.0
2023-08-30,-13.8,-2.53,531.1,8.36,1561,34,538.0,539.0,531.1
2023-08-29,0.9,0.17,544.9,9.57,1769,28,544.0,545.0,540.0
2023-08-28,-4.0,-0.73,544.0,9.04,1670,36,545.0,554.0,538.0
2023-08-27,-2.0,-0.36,548.0,5.73,1058,30,550.0,550.0,540.2
2023-08-24,-10.0,-1.79,550.0,13.58,2452,31,570.0,570.0,543.0
2023-08-23,10.0,1.82,560.0,9.94,1792,30,545.0,564.0,541.1
2023-08-22,13.0,2.42,550.0,16.99,3176,39,535.0,550.0,518.2
2023-08-21,-9.0,-1.65,537.0,15.18,2806,33,556.9,556.9,536.0
2023-08-20,-15.5,-2.76,546.0,17.31,3141,66,554.0,559.0,546.0
2023-08-17,-4.5,-0.8,561.5,15.76,2809,36,566.0,571.0,560.0
2023-08-16,-9.0,-1.57,566.0,9.92,1764,43,565.0,576.3,555.0
2023-08-15,-7.0,-1.2,575.0,14.31,2513,53,582.0,582.0,560.0
2023-08-14,2.0,0.34,582.0,15.06,2567,58,568.5,627.0,568.5
2023-08-13,-7.0,-1.19,580.0,21.46,3725,71,597.0,597.9,571.0
2023-08-10,8.0,1.38,587.0,9.83,1705,41,580.1,590.0,570.0
2023-08-09,9.0,1.58,579.0,7.57,1331,33,574.0,580.0,560.0
2023-08-08,-13.0,-2.23,570.0,10.35,1819,47,572.1,574.0,565.0
2023-08-07,5.0,0.87,583.0,10.45,1816,54,566.5,589.9,566.3
2023-08-06,-18.5,-3.1,578.0,7.8,1332,34,596.5,596.5,578.0
2023-08-03,-0.5,-0.08,596.5,26.48,4473,89,597.0,603.0,585.1
2023-08-02,-7.0,-1.16,597.0,24.4,4126,67,604.0,604.0,585.0
2023-08-01,-18.1,-2.91,604.0,57.89,9429,80,622.1,625.0,604.0
2023-07-31,-10.9,-1.72,622.1,11.11,1758,34,645.6,645.6,622.1
2023-07-30,-14.1,-2.18,633.0,15.61,2455,49,647.2,655.0,628.5
2023-07-27,-6.9,-1.06,647.1,13.8,2123,46,654.0,660.0,647.0
2023-07-26,-9.0,-1.36,654.0,29.23,4471,70,650.0,662.0,650.0
2023-07-25,-7.0,-1.04,663.0,35.59,5402,75,670.0,674.0,650.0
2023-07-24,-10.0,-1.47,670.0,44.15,6585,71,680.0,682.1,666.4
2023-07-23,8.0,1.19,680.0,32.73,4821,77,672.0,699.0,660.0
2023-07-20,-5.0,-0.74,672.0,31.25,4642,84,665.0,683.0,665.0
2023-07-19,-15.0,-2.17,677.0,18.08,2659,59,690.0,690.0,675.0
2023-07-18,6.0,0.87,692.0,83.57,12044,129,687.0,700.0,676.2
2023-07-17,25.0,3.78,686.0,55.77,8159,88,661.0,689.0,653.0
2023-07-16,-14.0,-2.07,661.0,15.15,2290,49,688.0,688.5,652.1
2023-07-13,3.0,0.45,675.0,71.83,10478,137,680.0,704.8,667.0
2023-07-12,3.0,0.45,672.0,70.94,10462,94,672.0,684.4,670.0
2023-07-11,14.0,2.14,669.0,38.24,5765,80,655.0,670.0,645.1
2023-07-10,9.0,1.39,655.0,45.0,6821,91,658.8,672.0,652.0
2023-07-09,7.0,1.1,646.0,31.33,4859,84,643.0,655.8,638.1
2023-07-06,9.0,1.43,639.0,28.27,4519,68,619.0,640.0,611.0
2023-07-05,-15.0,-2.33,630.0,41.59,6540,89,635.0,647.0,630.0
2023-07-04,6.0,0.94,645.0,27.0,4215,75,635.0,650.0,633.0
2023-07-03,-6.0,-0.93,639.0,38.28,5938,107,633.0,665.0,633.0
2023-07-02,-35.0,-5.15,645.0,97.6,14830,171,667.0,680.0,633.0
2023-06-28,-6.4,-0.93,680.0,,27902,348,700.1,728.0,677.0
2023-06-27,62.4,10.0,686.4,,29820,398,636.0,686.4,635.2
2023-06-26,31.0,5.23,624.0,69.17,11189,154,595.0,627.0,595.0
2023-06-25,13.0,2.24,593.0,32.62,5555,70,589.0,593.0,580.0
2023-06-22,8.0,1.4,580.0,18.68,3194,53,572.0,591.0,572.0
2023-06-21,-10.0,-1.72,572.0,23.03,3982,57,571.1,595.1,570.4
2023-06-20,-28.0,-4.59,582.0,52.86,8714,81,610.0,620.0,582.0
2023-06-19,-8.0,-1.29,610.0,37.66,6074,89,618.0,630.3,607.1
2023-06-18,24.0,4.04,618.0,73.63,12079,102,604.9,618.0,603.0
2023-06-15,1.0,0.17,594.0,17.65,2997,55,593.0,600.0,584.0
2023-06-14,1.0,0.17,593.0,89.89,14894,189,601.9,615.0,588.0
2023-06-13,17.0,2.96,592.0,57.04,9706,146,563.5,596.0,563.5
2023-06-12,5.0,0.88,575.0,42.18,7364,81,580.0,580.0,561.1
2023-06-11,14.0,2.52,570.0,53.37,9429,118,559.0,571.0,556.0
2023-06-08,3.5,0.63,556.0,24.04,4342,66,545.0,566.0,545.0
2023-06-07,6.5,1.19,552.5,44.57,8014,82,540.0,560.0,540.0
2023-06-06,0.5,0.09,546.0,42.48,7804,57,534.6,556.0,533.0
2023-06-05,-24.5,-4.3,545.5,12.85,2320,53,559.0,568.9,545.2
2023-06-04,44.0,8.37,570.0,24.4,4474,56,535.0,570.0,535.0
2023-06-01,11.0,2.14,526.0,11.86,2255,40,515.0,530.0,510.0
2023-05-31,-20.0,-3.74,515.0,31.27,5963,62,525.0,543.5,511.0
2023-05-30,-25.0,-4.46,535.0,29.19,5431,76,550.0,550.0,530.0
2023-05-28,-9.5,-1.67,560.0,33.44,5831,87,570.0,580.0,560.0
2023-05-24,23.5,4.3,569.5,38.56,6868,112,550.0,570.0,547.0
2023-05-23,16.0,3.02,546.0,53.32,9813,85,539.0,551.4,538.0
2023-05-22,14.5,2.81,530.0,17.33,3300,53,514.1,535.0,514.1
2023-05-21,-6.5,-1.25,515.5,19.43,3721,50,530.0,531.0,515.5
2023-05-18,9.7,1.89,522.0,12.43,2380,39,522.0,527.3,515.0
2023-05-17,3.3,0.65,512.3,5.8,1126,33,500.0,525.0,498.9
2023-05-16,11.0,2.21,509.0,10.92,2166,37,507.0,509.0,500.0
2023-05-15,-4.1,-0.82,498.0,16.34,3274,56,500.0,507.9,493.0
2023-05-14,-7.1,-1.39,502.1,14.99,2975,41,515.0,515.0,501.2
2023-05-11,-5.8,-1.13,509.2,7.67,1505,24,510.0,511.0,509.0
2023-05-10,-0.1,-0.02,515.0,4.75,927,15,518.5,518.5,510.0
2023-05-09,-0.9,-0.17,515.1,4.93,951,28,516.0,524.0,508.0
2023-05-08,-4.0,-0.77,516.0,5.65,1097,20,520.0,520.0,515.0
2023-05-07,-17.0,-3.17,520.0,6.93,1327,38,526.3,530.0,516.1
2023-05-04,20.0,3.87,537.0,9.15,1751,30,517.0,537.0,515.0
2023-05-03,-5.0,-0.96,517.0,6.24,1204,30,522.0,522.0,516.2
2023-05-02,-7.1,-1.34,522.0,12.8,2438,36,529.1,530.0,522.0
2023-04-30,-10.9,-2.02,529.1,10.46,1972,43,540.0,540.0,529.1
2023-04-27,-9.9,-1.8,540.0,6.99,1291,36,549.9,551.0,540.0
2023-04-26,1.1,0.2,549.9,2.47,458,20,548.8,549.9,540.0
2023-04-25,8.8,1.63,548.8,5.91,1092,30,543.0,549.0,532.2
2023-04-24,5.0,0.93,540.0,3.93,730,19,540.0,543.0,535.0
2023-04-23,-9.0,-1.65,535.0,4.97,931,31,540.0,544.0,530.0
2023-04-20,-2.0,-0.37,544.0,10.54,1949,38,550.0,553.0,535.1
2023-04-19,-3.9,-0.71,546.0,2.04,376,15,543.3,550.0,542.1
2023-04-18,-4.4,-0.79,549.9,5.74,1053,26,544.0,550.0,544.0
2023-04-17,-5.7,-1.02,554.3,9.84,1789,36,555.0,555.0,544.0
2023-04-16,-10.0,-1.75,560.0,8.0,1423,24,570.0,570.0,560.0
2023-04-13,-12.0,-2.06,570.0,21.78,3811,73,584.0,590.0,559.0
2023-04-12,38.1,7.0,582.0,36.57,6440,91,545.0,598.0,545.0
2023-04-11,8.9,1.66,543.9,3.84,712,33,535.0,543.9,531.0
2023-04-10,1.9,0.36,535.0,26.58,5043,79,530.0,535.0,523.0
2023-04-09,-3.9,-0.73,533.1,9.89,1852,34,533.2,543.7,533.0
2023-04-06,-5.0,-0.92,537.0,5.9,1094,37,550.0,550.0,537.0
2023-04-05,-3.0,-0.55,542.0,2.9,537,19,541.5,545.0,535.6
2023-04-04,6.0,1.11,545.0,12.89,2407,41,531.0,550.0,530.3
2023-04-03,-16.0,-2.88,539.0,17.43,3222,66,555.0,555.0,537.0
2023-04-02,-5.0,-0.89,555.0,7.89,1414,35,556.0,566.0,552.0
2023-03-30,-5.0,-0.88,560.0,11.19,1994,34,565.0,567.1,556.0
2023-03-29,-4.0,-0.7,565.0,14.38,2558,34,558.8,572.0,558.0
2023-03-28,15.0,2.71,569.0,17.84,3124,64,552.1,579.0,552.1
2023-03-27,0.0,0.0,554.0,16.99,3126,59,543.0,560.0,532.2
2023-03-26,-6.0,-1.07,554.0,31.28,5743,90,555.0,571.0,539.4
2023-03-23,0.0,0.0,560.0,10.8,1938,36,558.0,565.0,552.0
2023-03-22,-1.0,-0.18,560.0,17.49,3098,59,571.0,572.0,558.0
2023-03-20,4.9,0.88,561.0,15.01,2678,46,565.0,565.0,554.0
2023-03-19,-6.9,-1.23,556.1,15.67,2790,63,563.0,570.0,556.0
2023-03-16,-2.0,-0.35,563.0,8.48,1510,41,570.0,570.0,558.6
2023-03-15,-15.0,-2.59,565.0,27.85,4937,67,572.0,572.0,559.0
2023-03-14,5.0,0.87,580.0,8.0,1383,32,575.0,586.0,575.0
2023-03-13,-24.0,-4.01,575.0,20.3,3520,67,588.0,595.0,571.5
2023-03-12,-1.0,-0.17,599.0,21.27,3538,98,605.0,617.0,578.2
2023-03-09,24.1,4.18,600.0,23.53,3962,71,580.0,600.0,580.0
2023-03-07,0.8,0.14,575.9,31.49,5550,100,570.0,586.0,560.6
2023-03-05,-12.9,-2.19,575.1,53.9,9332,108,595.0,595.0,575.0
2023-03-02,-18.0,-2.97,588.0,24.89,4221,110,606.0,606.0,582.0
2023-03-01,-30.9,-4.85,606.0,50.96,8347,145,624.2,636.6,600.0
2023-02-28,-6.1,-0.95,636.9,20.28,3198,46,643.0,643.0,630.2
2023-02-27,-5.0,-0.77,643.0,56.31,8864,120,650.0,650.0,623.0
2023-02-26,36.9,6.04,648.0,88.23,14521,260,598.9,651.0,557.0
2023-02-23,-67.9,-10.0,611.1,,23626,354,665.5,665.5,611.1
2023-02-22,-6.0,-0.88,679.0,33.14,4884,87,677.0,688.0,674.0
2023-02-20,-17.0,-2.42,685.0,24.83,3586,74,697.0,702.0,684.0
2023-02-16,-19.0,-2.64,702.0,23.38,3304,72,714.0,719.0,700.3
2023-02-15,0.0,0.0,721.0,10.49,1456,32,721.0,725.0,715.0
2023-02-14,-4.0,-0.55,721.0,10.94,1524,44,712.0,725.2,711.0
2023-02-12,-25.0,-3.33,725.0,27.1,3738,70,745.0,745.0,720.0
2023-02-09,10.0,1.35,750.0,19.54,2630,41,735.0,750.0,733.0
2023-02-08,2.0,0.27,740.0,37.98,5061,83,752.0,779.0,735.0
2023-02-07,23.0,3.22,738.0,73.7,10129,107,714.0,743.0,713.0
2023-02-06,-13.0,-1.79,715.0,19.5,2725,67,713.5,724.0,712.5
2023-02-05,-10.0,-1.36,728.0,14.84,2036,45,725.0,739.0,725.0
2023-02-02,-6.0,-0.81,738.0,20.37,2766,50,735.5,745.0,730.0
2023-02-01,-6.0,-0.8,744.0,30.86,4199,52,740.0,749.5,721.5
2023-01-31,1.0,0.13,750.0,25.71,3474,69,745.0,752.0,736.4
2023-01-30,-23.5,-3.04,749.0,41.47,5534,99,758.0,762.0,740.0
2023-01-29,-11.5,-1.47,772.5,12.72,1661,49,769.0,779.0,757.2
2023-01-26,0.0,-0.51,784.0,,6975,0,803.0,805.0,770.0
2023-01-25,0.0,3.01,788.0,,9533,0,767.0,790.0,765.0
2023-01-24,0.0,0.13,765.0,,4047,0,775.0,775.0,756.0
2023-01-23,0.0,0.26,764.0,,4996,0,763.0,800.0,760.0
2023-01-19,0.0,-1.68,762.0,,4600,0,775.0,778.0,760.0
2023-01-18,0.0,-0.9,775.0,,6239,0,780.0,795.0,768.0
2023-01-17,0.0,1.96,782.0,,4559,0,782.3,783.0,765.0
2023-01-12,0.0,-5.04,767.0,,6516,0,815.0,831.0,760.0
2023-01-10,0.0,-2.8,807.7,,10391,0,831.0,845.0,790.0
2023-01-09,0.0,-0.48,831.0,,6397,0,851.0,851.0,825.1
2023-01-08,0.0,-2.69,835.0,,16369,0,875.2,875.2,826.0
2023-01-05,0.0,6.66,943.9,,43421,0,902.0,945.0,902.0
2023-01-04,0.0,8.19,885.0,,16475,0,825.0,899.8,825.0
2023-01-03,0.0,2.38,818.0,,10757,0,814.0,829.7,801.1
2023-01-02,0.0,-0.5,799.0,,3488,0,790.0,808.0,790.0
2023-01-01,0.0,1.13,803.0,,6758,0,801.0,824.9,790.0
2022-12-29,0.0,4.8,794.0,,7545,0,764.0,805.0,760.1
2022-12-28,0.0,0.34,757.6,,3951,0,755.0,761.0,748.0
2022-12-27,0.0,0.91,755.0,,5397,0,761.0,770.0,755.0
2022-12-26,0.0,1.93,748.2,,3883,0,734.0,757.0,734.0
2022-12-22,0.0,-0.68,734.0,,3328,0,731.0,735.0,730.0
2022-12-21,0.0,-2.51,739.0,,8730,0,745.0,759.0,722.0
2022-12-20,0.0,1.07,758.0,,3195,0,750.0,763.4,750.0
2022-12-19,0.0,-0.53,750.0,,1107,0,750.2,752.0,750.0
2022-12-18,0.0,-0.79,754.0,,754,0,760.0,760.0,750.0
2022-12-15,0.0,1.05,760.0,,1806,0,750.0,760.0,744.5
2022-12-14,0.0,-1.81,752.1,,1397,0,758.0,766.0,752.1
2022-12-13,0.0,-0.52,766.0,,934,0,770.0,775.0,761.1
2022-12-12,0.0,1.96,770.0,,1995,0,750.0,770.0,748.0
2022-12-11,0.0,-1.92,755.2,,1262,0,755.0,761.0,755.0
2022-12-07,0.0,-1.02,770.0,,1809,0,765.0,780.3,763.0
2022-12-06,0.0,0.76,777.9,,5176,0,772.0,780.0,760.2
2022-12-05,0.0,-0.77,772.0,,2941,0,770.0,772.0,766.0
2022-12-04,0.0,3.18,778.0,,5245,0,751.0,780.0,741.0
2022-12-01,0.0,-0.28,754.0,,1943,0,752.0,765.9,751.0
2022-11-30,0.0,0.15,756.1,,786,0,755.0,757.0,755.0
2022-11-29,0.0,1.32,755.0,,885,0,746.0,757.0,742.1
2022-11-28,0.0,-1.93,745.2,,990,0,774.0,774.9,745.2
2022-11-27,0.0,2.83,759.9,,3932,0,731.0,759.9,731.0
2022-11-24,0.0,0.07,739.0,,1560,0,738.0,746.9,730.2
2022-11-23,0.0,-1.27,738.5,,887,0,750.0,750.0,735.1
2022-11-22,0.0,-1.19,748.0,,1125,0,757.0,770.0,748.0
2022-11-17,0.0,-0.24,757.0,,1345,0,758.0,771.0,755.0
2022-11-16,0.0,1.17,758.8,,1675,0,750.0,760.0,730.0
2022-11-15,0.0,-1.32,750.0,,3500,0,750.0,770.0,749.7
2022-11-14,0.0,1.33,760.0,,2679,0,740.0,765.0,730.0
2022-11-13,0.0,-0.68,750.0,,4023,0,760.0,760.0,740.0
2022-11-10,0.0,-1.71,755.1,,2507,0,768.2,774.0,755.1
2022-11-09,0.0,-3.52,768.2,,4110,0,811.8,811.9,768.2
2022-11-08,0.0,-0.47,796.2,,1629,0,793.0,812.0,793.0
2022-11-07,0.0,-2.2,800.0,,5117,0,820.0,825.0,800.0
2022-11-06,0.0,3.54,818.0,,7286,0,797.0,818.0,795.0
2022-11-03,0.0,-0.88,790.0,,2134,0,796.0,797.0,782.0
2022-11-02,0.0,0.63,797.0,,3585,0,786.0,804.0,781.0
2022-11-01,0.0,3.53,792.0,,3060,0,779.3,793.0,776.0
2022-10-31,0.0,1.11,765.0,,1808,0,755.0,769.8,745.0
2022-10-23,0.0,0.75,756.6,,1455,0,755.0,760.0,746.5
2022-10-20,0.0,0.94,751.0,,963,0,744.0,757.0,742.0
2022-10-19,0.0,-2.11,744.0,,725,0,760.0,770.0,744.0
2022-10-17,0.0,-0.26,760.0,,1446,0,762.0,770.0,756.0
2022-10-16,0.0,-1.8,762.0,,1288,0,775.0,775.0,762.0
2022-10-13,0.0,-0.65,776.0,,1429,0,771.0,788.0,771.0
2022-10-12,0.0,0.51,771.0,,2049,0,765.0,782.4,759.0
2022-10-11,0.0,-1.92,767.1,,896,0,782.1,782.1,767.1
2022-10-10,0.0,-1.99,782.1,,1812,0,803.0,803.0,782.1
2022-10-09,0.0,2.97,798.0,,1463,0,777.1,805.0,777.1
2022-09-29,0.0,3.33,775.0,,2192,0,765.0,775.0,755.1
2022-09-28,0.0,1.21,750.0,,1378,0,750.0,770.0,741.0
2022-09-27,0.0,0.14,741.0,,1863,0,753.0,762.9,740.0
2022-09-25,0.0,-0.42,740.0,,3438,0,750.0,755.0,735.0
2022-09-22,0.0,-0.52,743.1,,1344,0,752.0,752.0,742.1
2022-09-21,0.0,0.27,747.0,,2672,0,736.0,765.0,736.0
2022-09-20,0.0,-4.49,745.0,,3519,0,774.0,774.0,744.2
2022-09-18,0.0,-1.5,780.0,,2656,0,785.0,790.0,770.0
2022-09-16,0.0,-0.76,791.9,,649,0,785.0,794.0,771.0
2022-09-15,0.0,-2.92,798.0,,2607,0,822.0,822.0,790.1
2022-09-14,0.0,3.01,822.0,,1853,0,812.0,824.0,809.8
2022-09-13,0.0,1.4,798.0,,1582,0,798.0,802.0,795.0
2022-09-12,0.0,-0.4,787.0,,1849,0,804.0,804.0,784.0
2022-09-11,0.0,-1.23,790.2,,1265,0,795.0,810.0,790.0
2022-09-08,0.0,0.25,800.0,,2504,0,798.0,810.0,793.0
2022-09-07,0.0,-1.72,798.0,,2837,0,801.0,807.0,795.0
2022-09-06,0.0,-1.34,812.0,,1339,0,815.0,820.0,811.0
2022-09-05,0.0,0.73,823.0,,932,0,830.0,830.0,815.1
2022-09-04,0.0,0.25,817.0,,2805,0,824.5,825.0,814.0
2022-09-02,0.0,0.0,815.0,,587,0,820.0,825.0,811.0
2022-09-01,0.0,0.16,815.0,,1528,0,825.0,825.0,805.0
2022-08-31,0.0,-1.37,813.7,,2818,0,830.0,840.0,812.0
2022-08-30,0.0,-0.48,825.0,,2180,0,815.1,850.0,815.1
2022-08-29,0.0,-0.24,829.0,,1716,0,817.0,835.0,816.1
2022-08-28,0.0,-1.9,831.0,,4451,0,840.0,844.0,830.0
2022-08-26,0.0,-1.77,847.1,,2171,0,857.0,859.9,845.0
2022-08-25,0.0,-0.87,862.4,,5685,0,882.0,882.0,862.4
2022-08-24,0.0,0.23,870.0,,1905,0,868.0,902.0,868.0
2022-08-23,0.0,-0.34,868.0,,3892,0,861.0,868.0,860.0
2022-08-22,0.0,0.0,871.0,,3297,0,875.0,877.0,858.0
2022-08-21,0.0,-1.02,871.0,,3005,0,890.0,897.0,871.0
2022-08-18,0.0,1.62,880.0,,4696,0,880.0,883.0,865.0
2022-08-17,0.0,-1.03,866.0,,2807,0,873.2,887.0,861.0
2022-08-16,0.0,-1.16,875.0,,5197,0,900.0,903.0,873.3
2022-08-15,0.0,2.23,885.3,,6894,0,875.0,910.0,866.0
2022-08-14,0.0,0.12,866.0,,4917,0,870.0,870.0,858.0
2022-08-11,0.0,-0.23,865.0,,2890,0,860.0,884.0,860.0
2022-08-10,0.0,-1.14,867.0,,4176,0,862.0,885.0,860.0
2022-08-09,0.0,-2.66,877.0,,6815,0,900.0,901.0,876.0
2022-08-08,0.0,-1.1,901.0,,7610,0,915.5,928.0,900.0
2022-08-07,0.0,0.11,911.0,,7708,0,911.0,921.5,900.0
2022-08-05,0.0,-3.09,910.0,,4131,0,928.0,932.0,906.5
2022-08-04,0.0,-2.59,939.0,,5576,0,960.0,963.0,929.0
2022-08-03,0.0,-0.1,964.0,,9279,0,953.0,976.0,953.0
2022-08-02,0.0,0.42,965.0,,10117,0,961.0,969.0,938.0
2022-08-01,0.0,-0.62,961.0,,10244,0,968.0,975.0,951.1
2022-07-31,0.0,0.73,967.0,,9699,0,978.0,980.0,965.0
2022-07-29,0.0,-0.83,960.0,,4096,0,971.0,975.0,951.0
2022-07-28,0.0,2.99,968.0,,24035,0,950.0,990.0,931.0
2022-07-27,0.0,1.7,939.9,,12918,0,939.0,940.0,905.1
2022-07-26,0.0,-3.62,924.2,,9267,0,950.0,959.0,914.0
2022-07-25,0.0,5.49,958.9,,15551,0,927.0,964.8,926.0
2022-07-24,0.0,5.33,909.0,,12888,0,879.0,909.0,859.0
2022-07-22,0.0,-2.27,863.0,,2141,0,879.0,879.0,863.0
2022-07-21,0.0,0.11,883.0,,3709,0,878.0,892.9,876.0
2022-07-20,0.0,0.23,882.0,,2339,0,881.0,904.0,880.0
2022-07-19,0.0,1.73,880.0,,10407,0,882.1,910.0,880.0
2022-07-18,0.0,1.65,865.0,,2176,0,841.0,865.0,834.0
2022-07-17,0.0,0.47,851.0,,1372,0,862.8,864.0,850.0
2022-07-15,0.0,1.93,847.0,,3132,0,838.0,847.0,825.1
2022-07-14,0.0,0.0,831.0,,4971,0,831.0,850.0,829.0
2022-07-13,0.0,1.34,831.0,,4169,0,836.3,836.3,818.0
2022-07-12,0.0,-0.12,820.0,,3604,0,810.0,834.9,800.0
2022-07-11,0.0,-5.31,821.0,,16162,0,849.7,849.7,781.0
2022-07-08,0.0,-1.14,867.0,,1797,0,870.0,870.0,852.6
2022-07-07,0.0,-0.34,877.0,,4229,0,897.0,897.0,867.3
2022-07-06,0.0,2.92,880.0,,4979,0,850.0,880.0,841.0
2022-07-05,0.0,-3.93,855.0,,8515,0,875.0,909.8,855.0
2022-07-04,0.0,-2.2,890.0,,8053,0,922.0,952.0,890.0
2022-07-03,0.0,2.48,910.0,,5560,0,888.0,920.0,875.0
2022-07-01,0.0,0.0,888.0,,3678,0,888.0,905.7,872.0
2022-06-30,0.0,6.35,888.0,,4349,0,835.0,888.0,833.0
2022-06-29,0.0,2.97,835.0,,4521,0,827.0,835.0,810.0
2022-06-28,0.0,-1.11,810.9,,1557,0,815.0,825.0,804.0
2022-06-27,0.0,-0.97,820.0,,2987,0,837.0,846.0,812.1
2022-06-26,0.0,5.48,828.0,,4916,0,799.0,832.0,790.0
2022-06-24,0.0,0.26,785.0,,3291,0,790.0,805.8,757.0
2022-06-23,0.0,-2.97,783.0,,4508,0,792.0,792.0,769.3
2022-06-22,0.0,-0.98,807.0,,2128,0,830.0,830.0,796.0
2022-06-21,0.0,3.03,815.0,,2829,0,806.0,826.2,800.0
2022-06-20,0.0,-3.3,791.0,,4638,0,802.0,809.9,786.0
2022-06-19,0.0,-2.85,818.0,,3947,0,827.0,838.0,816.2
2022-06-17,0.0,-1.98,842.0,,2044,0,859.0,870.0,842.0
2022-06-16,0.0,2.26,859.0,,1533,0,850.0,865.0,845.0
2022-06-15,0.0,-1.55,840.0,,2076,0,840.0,855.0,839.0
2022-06-14,0.0,-2.49,853.2,,1720,0,860.0,870.0,850.0
2022-06-13,0.0,1.16,875.0,,520,0,865.0,881.0,865.0
2022-06-10,0.0,-1.93,865.0,,653,0,888.0,888.0,864.3
2022-06-09,0.0,1.15,882.0,,5506,0,880.0,910.0,873.0
2022-06-08,0.0,3.2,872.0,,3024,0,851.0,885.0,850.1
2022-06-07,0.0,-2.65,845.0,,2244,0,851.0,868.0,845.0
2022-06-06,0.0,1.76,868.0,,2577,0,850.0,874.5,836.2
2022-06-03,0.0,-0.7,853.0,,3471,0,851.1,860.0,845.1
2022-06-02,0.0,-0.46,859.0,,2145,0,880.0,880.0,853.0
2022-06-01,0.0,-0.35,863.0,,1937,0,881.0,881.0,855.0
2022-05-31,0.0,-1.25,866.0,,2873,0,866.0,880.0,865.0
2022-05-30,0.0,-2.01,877.0,,3126,0,895.0,895.0,875.0
2022-05-27,0.0,0.0,895.0,,1578,0,895.0,900.0,895.0
2022-05-26,0.0,-1.1,895.0,,2136,0,905.0,905.0,892.0
2022-05-25,0.0,0.67,905.0,,2061,0,900.0,910.0,888.0
2022-05-24,0.0,1.24,899.0,,1898,0,889.0,905.7,888.0
2022-05-23,0.0,-2.42,888.0,,4541,0,915.0,915.0,886.0
2022-05-20,0.0,-1.09,910.0,,1212,0,910.0,924.9,908.3
2022-05-19,0.0,-1.08,920.0,,1441,0,930.0,930.0,915.0
2022-05-18,0.0,0.0,930.0,,2021,0,930.0,944.0,911.4
2022-05-17,0.0,-2.21,930.0,,3218,0,951.0,951.0,927.5
2022-05-12,0.0,-2.16,951.0,,5451,0,960.0,989.9,945.0
2022-05-11,0.0,3.96,972.0,,4919,0,953.5,972.7,940.0
2022-05-10,0.0,2.07,935.0,,2451,0,920.0,936.0,904.1
2022-05-09,0.0,0.9,916.0,,2577,0,908.1,930.0,907.8
2022-05-08,0.0,0.88,907.8,,1267,0,890.0,907.8,885.1
2022-05-05,0.0,-1.11,899.9,,4787,0,928.2,928.2,895.0
2022-05-04,0.0,-3.3,910.0,,5411,0,942.0,950.0,910.0
2022-05-02,0.0,-2.68,941.1,,3413,0,960.4,979.5,941.0
2022-04-28,0.0,-0.92,967.0,,4112,0,976.1,994.0,967.0
2022-04-27,0.0,0.29,976.0,,1003,0,973.5,980.0,960.0
2022-04-26,0.0,-0.71,973.2,,508,0,966.0,989.0,966.0
2022-04-25,0.0,-1.54,980.2,,2474,0,1014.0,1015.4,980.2
2022-04-24,0.0,4.79,995.5,,4066,0,969.0,999.0,960.0
2022-04-21,0.0,0.53,950.0,,4712,0,940.0,955.0,926.1
2022-04-20,0.0,-1.05,945.0,,3160,0,957.0,965.0,940.0
2022-04-19,0.0,0.53,955.0,,1558,0,949.5,980.0,949.0
2022-04-18,0.0,-1.05,950.0,,2111,0,950.0,961.0,947.0
2022-04-17,0.0,-2.33,960.1,,2327,0,985.0,1002.0,960.1
2022-04-13,0.0,2.93,983.0,,4190,0,955.0,998.9,940.0
2022-04-12,0.0,-1.97,955.0,,3028,0,974.2,992.0,954.0
2022-04-11,0.0,-0.95,974.2,,3793,0,1003.0,1015.0,973.0
2022-04-07,0.0,2.23,983.5,,3057,0,969.0,999.0,969.0
2022-04-06,0.0,-1.03,962.0,,8245,0,970.0,973.1,940.0
2022-04-05,0.0,-1.92,972.0,,6506,0,991.0,991.0,972.0
2022-04-04,0.0,-0.7,991.0,,3955,0,990.0,1014.9,987.0
2022-04-03,0.0,-1.09,998.0,,4873,0,1019.0,1020.0,990.0
2022-03-31,0.0,-2.04,1009.0,,3728,0,1048.9,1048.9,1009.0
2022-03-30,0.0,2.18,1030.0,,3646,0,1008.0,1030.0,1000.0
2022-03-29,0.0,0.0,1008.0,,1758,0,1006.0,1018.7,1004.0
2022-03-28,0.0,-2.7,1008.0,,3777,0,1039.0,1040.0,1006.0
2022-03-27,0.0,-2.26,1036.0,,3562,0,1041.0,1059.0,1036.0
2022-03-24,0.0,0.19,1060.0,,5193,0,1051.0,1070.0,1050.0
2022-03-23,0.0,-0.48,1058.0,,1619,0,1063.1,1065.0,1051.0
2022-03-22,0.0,0.29,1063.1,,5613,0,1081.0,1081.0,1060.0
2022-03-21,0.0,0.47,1060.0,,2769,0,1041.0,1060.0,1041.0
2022-03-20,0.0,-1.4,1055.0,,2869,0,1070.0,1089.9,1054.0
2022-03-16,0.0,-0.93,1070.0,,4157,0,1090.0,1090.0,1067.0
2022-03-15,0.0,-0.83,1080.0,,8220,0,1070.0,1093.0,1070.0
2022-03-14,0.0,1.78,1089.0,,2740,0,1090.0,1100.0,1070.2
2022-03-13,0.0,5.73,1070.0,,8209,0,1025.0,1070.9,1025.0
2022-03-10,0.0,1.61,1012.0,,5612,0,1000.0,1024.9,1000.0
2022-03-09,0.0,-0.4,996.0,,3792,0,1000.0,1000.0,990.0
2022-03-07,0.0,0.01,1000.0,,4559,0,1000.0,1014.9,995.0
2022-03-06,0.0,-0.01,999.9,,10967,0,1010.0,1035.0,980.0
2022-03-02,0.0,-2.91,1000.0,,10301,0,1030.0,1030.0,995.0
2022-02-28,0.0,-2.46,1030.0,,7994,0,1070.0,1070.0,1029.0
2022-02-27,0.0,-1.31,1056.0,,6516,0,1076.0,1085.0,1055.0
2022-02-24,0.0,-2.73,1070.0,,7427,0,1081.0,1088.0,1066.1
2022-02-23,0.0,-0.9,1100.0,,2573,0,1110.0,1110.0,1100.0
2022-02-22,0.0,1.37,1110.0,,8954,0,1116.0,1116.0,1100.0
2022-02-21,0.0,-0.45,1095.0,,5728,0,1122.0,1122.0,1083.0
2022-02-20,0.0,-1.6,1100.0,,7750,0,1096.0,1112.0,1076.0
2022-02-17,0.0,0.08,1117.9,,5246,0,1100.1,1130.0,1100.1
2022-02-16,0.0,-1.59,1117.0,,14135,0,1135.0,1160.0,1110.0
2022-02-15,0.0,5.09,1135.0,,3402,0,1101.0,1138.0,1086.0
2022-02-14,0.0,-1.82,1080.0,,6310,0,1110.0,1122.0,1080.0
2022-02-13,0.0,-3.51,1100.0,,15487,0,1119.0,1121.0,1083.0
2022-02-10,0.0,-1.98,1140.0,,6821,0,1150.0,1165.0,1140.0
2022-02-09,0.0,-1.44,1163.0,,5299,0,1175.0,1179.0,1155.1
2022-02-08,0.0,0.0,1180.0,,5533,0,1213.0,1213.0,1172.0
2022-02-07,0.0,1.28,1190.0,,4480,0,1160.0,1194.0,1160.0
2022-02-06,0.0,-2.0,1175.0,,8975,0,1200.0,1206.0,1175.0
2022-02-03,0.0,-0.08,1199.0,,13769,0,1224.0,1232.0,1199.0
2022-02-01,0.0,-2.28,1200.0,,9655,0,1230.0,1239.0,1200.0
2022-01-31,0.0,-0.08,1228.0,,11962,0,1250.0,1255.0,1207.0
2022-01-30,0.0,4.42,1229.0,,14636,0,1190.0,1248.0,1190.0
2022-01-27,0.0,0.26,1177.0,,9528,0,1180.0,1197.0,1160.0
2022-01-26,0.0,-0.93,1174.0,,10301,0,1180.0,1200.0,1151.0
2022-01-25,0.0,-2.07,1185.0,,14600,0,1190.0,1235.0,1175.1
2022-01-24,0.0,-3.59,1210.0,,20399,0,1232.0,1240.0,1190.0
2022-01-23,0.0,-0.24,1255.0,,7500,0,1258.0,1280.0,1245.2
2022-01-20,0.0,0.88,1258.0,,9040,0,1240.0,1272.0,1223.0
2022-01-19,0.0,-2.58,1247.0,,12369,0,1298.9,1298.9,1242.0
2022-01-18,0.0,-1.54,1280.0,,15526,0,1300.0,1300.0,1260.0
2022-01-17,0.0,0.01,1300.0,,13842,0,1320.0,1320.0,1277.0
2022-01-16,0.0,1.95,1299.9,,25151,0,1275.0,1340.2,1265.1
2022-01-13,0.0,5.37,1275.0,,18623,0,1210.0,1276.0,1200.0
2022-01-12,0.0,-0.9,1210.0,,15892,0,1245.0,1269.0,1189.8
2022-01-11,0.0,4.82,1221.0,,20048,0,1168.0,1260.0,1165.0
2022-01-10,0.0,0.6,1164.9,,10602,0,1160.0,1181.0,1148.0
2022-01-09,0.0,1.49,1158.0,,8533,0,1156.0,1172.0,1145.0
2022-01-06,0.0,1.15,1141.0,,7692,0,1120.0,1152.0,1087.0
2022-01-05,0.0,-2.42,1128.0,,15461,0,1166.0,1170.0,1120.6
2022-01-04,0.0,2.3,1156.0,,18097,0,1130.0,1179.9,1113.0
2022-01-03,0.0,4.73,1130.0,,17110,0,1079.0,1142.0,1079.0
2022-01-02,0.0,4.25,1079.0,,12952,0,1035.0,1082.0,1030.0
2021-12-29,0.0,2.12,1035.0,,4757,0,1033.0,1054.0,1030.0
2021-12-28,0.0,-1.6,1013.5,,8288,0,1014.0,1035.0,1010.0
2021-12-27,0.0,-3.74,1030.0,,15714,0,1091.0,1100.0,1029.0
2021-12-26,0.0,6.47,1070.0,,15408,0,1025.0,1071.0,1023.1
2021-12-23,0.0,-1.08,1005.0,,9072,0,1035.0,1035.0,1000.0
2021-12-22,0.0,5.07,1016.0,,9368,0,986.0,1025.0,976.0
2021-12-21,0.0,2.0,967.0,,8851,0,966.9,968.9,950.0
2021-12-20,0.0,-0.73,948.0,,2897,0,950.0,969.0,946.0
2021-12-16,0.0,-1.55,955.0,,6009,0,970.0,984.0,950.0
2021-12-15,0.0,-1.82,970.0,,18656,0,1007.0,1049.0,955.5
2021-12-14,0.0,9.78,988.0,,6753,0,912.0,988.0,912.0
2021-12-13,0.0,-7.22,900.0,,18340,0,950.6,974.9,878.1
2021-12-12,0.0,-5.83,970.0,,17739,0,1049.0,1049.0,952.0
2021-12-09,0.0,-1.44,1030.0,,5933,0,1027.0,1044.0,1015.0
2021-12-08,0.0,-4.74,1045.0,,18785,0,1100.0,1100.0,1018.3
2021-12-07,0.0,-5.2,1097.0,,27234,0,1180.3,1180.3,1068.2
2021-12-06,0.0,10.0,1157.2,,14823,0,1045.0,1157.2,1000.0
2021-12-05,0.0,-3.94,1052.0,,6591,0,1082.0,1090.0,1050.0
2021-12-02,0.0,-1.33,1095.2,,8590,0,1120.0,1201.3,1095.0
2021-12-01,0.0,-1.33,1110.0,,15227,0,1147.5,1237.5,1097.6
2021-11-30,0.0,-1.4,1125.0,,4967,0,1155.0,1155.0,1116.0
2021-11-29,0.0,-2.06,1141.0,,6621,0,1159.0,1180.0,1141.0
2021-11-28,0.0,-4.12,1165.0,,18417,0,1215.0,1215.0,1139.8
2021-11-25,0.0,1.25,1215.0,,17686,0,1224.0,1224.0,1200.0
2021-11-24,0.0,2.49,1440.0,,30382,0,1433.1,1449.0,1385.0
2021-11-23,0.0,-3.24,1405.0,,16729,0,1452.0,1455.0,1405.0
2021-11-22,0.0,0.21,1452.0,,9938,0,1450.0,1463.0,1450.0
2021-11-21,0.0,0.35,1449.0,,7910,0,1472.0,1472.0,1446.0
2021-11-18,0.0,0.28,1444.0,,15904,0,1462.0,1468.8,1439.0
2021-11-17,0.0,0.63,1440.0,,8742,0,1458.0,1458.0,1440.0
2021-11-16,0.0,1.06,1431.0,,3894,0,1426.0,1438.0,1412.0
2021-11-15,0.0,0.78,1416.0,,4001,0,1433.0,1433.0,1405.0
2021-11-14,0.0,-0.78,1405.0,,8436,0,1416.0,1430.0,1402.2
2021-11-11,0.0,-2.61,1416.0,,11764,0,1430.0,1445.0,1410.2
2021-11-09,0.0,-0.82,1454.0,,29483,0,1495.3,1520.0,1430.0
2021-11-08,0.0,-0.17,1466.0,,6648,0,1470.0,1484.9,1451.0
2021-11-03,0.0,0.37,1468.5,,11905,0,1489.9,1490.0,1467.0
2021-11-02,0.0,0.21,1463.1,,11284,0,1465.0,1476.0,1455.0
2021-11-01,0.0,-2.86,1460.0,,31345,0,1530.0,1531.0,1460.0
2021-10-31,0.0,2.18,1503.0,,28297,0,1475.0,1525.0,1467.0
2021-10-28,0.0,0.07,1471.0,,26825,0,1470.0,1490.0,1453.0
2021-10-27,0.0,-0.81,1470.0,,18881,0,1455.0,1499.0,1453.0
2021-10-26,0.0,1.16,1482.0,,41414,0,1489.0,1585.0,1465.0
2021-10-25,0.0,-3.97,1465.0,,74824,0,1495.1,1520.9,1435.9
2021-10-24,0.0,-10.0,1525.6,,19957,0,1661.2,1661.2,1525.6
2021-10-21,0.0,10.0,1695.1,,44201,0,1510.2,1695.1,1407.0
2021-10-20,0.0,9.48,1541.0,,23600,0,1420.0,1541.0,1365.0
2021-10-19,0.0,2.0,1407.6,,14098,0,1353.0,1407.6,1296.0
2021-10-18,0.0,-0.71,1380.0,,9879,0,1389.9,1389.9,1338.0
2021-10-17,0.0,0.35,1389.9,,6183,0,1385.0,1405.0,1381.0
2021-10-11,0.0,-3.48,1385.0,,20267,0,1430.0,1430.0,1353.0
2021-10-10,0.0,-2.18,1435.0,,24227,0,1481.0,1496.0,1425.0
2021-10-06,0.0,4.49,1467.0,,36702,0,1432.0,1480.0,1407.0
2021-10-05,0.0,6.24,1404.0,,86382,0,1347.9,1425.0,1347.0
2021-10-04,0.0,-1.01,1321.5,,21794,0,1361.7,1365.0,1295.0
2021-10-03,0.0,0.38,1335.0,,7446,0,1321.0,1335.0,1296.0
2021-09-30,0.0,3.42,1330.0,,28693,0,1310.0,1377.0,1291.0
2021-09-29,0.0,1.56,1286.0,,6147,0,1260.0,1325.0,1259.9
2021-09-28,0.0,-4.65,1266.2,,15309,0,1302.0,1310.0,1266.0
2021-09-27,0.0,-3.63,1328.0,,14900,0,1378.0,1378.0,1310.0
2021-09-26,0.0,-1.57,1378.0,,8461,0,1428.0,1428.0,1364.0
2021-09-23,0.0,-1.27,1400.0,,21922,0,1446.0,1446.0,1390.0
2021-09-22,0.0,0.57,1418.0,,21845,0,1438.0,1447.0,1400.0
2021-09-21,0.0,-0.7,1410.0,,14369,0,1420.0,1448.6,1363.8
2021-09-20,0.0,-4.76,1420.0,,13924,0,1490.0,1490.0,1416.1
2021-09-16,0.0,-3.25,1491.0,,12271,0,1530.1,1530.1,1470.0
2021-09-15,0.0,-0.57,1541.1,,11753,0,1570.0,1601.0,1527.0
2021-09-14,0.0,2.98,1550.0,,24223,0,1510.0,1604.0,1491.0
2021-09-13,0.0,-0.78,1505.2,,7527,0,1536.0,1546.5,1505.2
2021-09-12,0.0,2.85,1517.0,,5489,0,1504.0,1517.0,1482.0
2021-09-09,0.0,-0.34,1475.0,,5970,0,1480.0,1490.0,1461.0
2021-09-08,0.0,-0.8,1480.0,,5441,0,1472.0,1500.0,1460.0
2021-09-07,0.0,-1.71,1492.0,,5978,0,1520.0,1524.0,1470.0
2021-09-06,0.0,4.65,1518.0,,18036,0,1460.0,1529.0,1440.0
2021-09-05,0.0,-3.94,1450.5,,14463,0,1490.0,1505.0,1442.0
2021-09-02,0.0,0.59,1510.0,,10141,0,1491.0,1550.0,1486.0
2021-09-01,0.0,-1.63,1501.1,,17826,0,1535.0,1540.0,1490.0
2021-08-31,0.0,-3.17,1526.0,,11676,0,1555.1,1560.5,1515.0
2021-08-29,0.0,-1.44,1576.0,,10309,0,1620.0,1630.0,1568.0
2021-08-26,0.0,-0.48,1599.0,,12092,0,1630.0,1630.0,1590.0
2021-08-25,0.0,-1.19,1606.7,,6279,0,1620.0,1625.0,1606.0
2021-08-24,0.0,-0.97,1626.0,,7663,0,1650.0,1652.0,1625.0
2021-08-19,0.0,-0.18,1642.0,,14579,0,1658.0,1683.0,1630.1
2021-08-18,0.0,-0.84,1645.0,,9721,0,1650.0,1679.0,1632.0
2021-08-17,0.0,-1.54,1659.0,,8878,0,1700.0,1700.0,1655.0
2021-08-16,0.0,1.08,1685.0,,25544,0,1675.0,1710.0,1666.0
2021-08-15,0.0,1.96,1667.0,,27512,0,1635.0,1702.0,1630.0
2021-08-12,0.0,-0.3,1635.0,,10483,0,1640.0,1672.0,1600.0
2021-08-11,0.0,-0.61,1640.0,,11328,0,1652.0,1680.0,1639.0
2021-08-10,0.0,0.49,1650.0,,10591,0,1659.0,1670.0,1642.0
2021-08-09,0.0,-1.68,1642.0,,25994,0,1652.0,1660.0,1638.0
2021-08-08,0.0,-1.7,1670.0,,19622,0,1720.0,1732.0,1650.0
2021-08-05,0.0,-1.74,1698.9,,29818,0,1694.5,1725.0,1678.0
2021-08-04,0.0,-2.87,1729.0,,47304,0,1815.6,1815.6,1720.0
2021-08-03,0.0,2.77,1780.0,,37770,0,1750.0,1820.0,1707.0
2021-08-02,0.0,1.94,1732.0,,50794,0,1732.9,1765.0,1690.0
2021-08-01,0.0,3.53,1699.0,,20873,0,1673.8,1699.0,1642.0
2021-07-29,0.0,-0.24,1641.0,,8798,0,1677.9,1677.9,1637.0
2021-07-28,0.0,-0.24,1645.0,,16755,0,1650.0,1683.0,1637.5
2021-07-27,0.0,-1.55,1649.0,,22430,0,1642.0,1650.0,1580.0
2021-07-26,0.0,1.79,1675.0,,25883,0,1645.6,1694.0,1635.1
2021-07-25,0.0,0.34,1645.6,,6948,0,1660.0,1664.0,1635.0
2021-07-22,0.0,-0.3,1640.0,,10697,0,1658.0,1666.0,1634.0
2021-07-20,0.0,-1.5,1645.0,,11753,0,1645.0,1680.0,1645.0
2021-07-19,0.0,0.97,1670.0,,17640,0,1654.0,1697.0,1654.0
2021-07-18,0.0,6.99,1654.0,,22374,0,1576.0,1656.0,1553.0
2021-07-15,0.0,-0.58,1546.0,,11410,0,1530.0,1562.0,1526.0
2021-07-14,0.0,-0.13,1555.0,,4189,0,1543.0,1566.0,1536.0
2021-07-13,0.0,-0.45,1557.0,,3733,0,1534.0,1569.0,1534.0
2021-07-12,0.0,0.64,1564.0,,9967,0,1581.0,1581.0,1515.0
2021-07-11,0.0,1.83,1554.0,,13217,0,1556.0,1560.0,1538.0
2021-07-08,0.0,1.4,1526.0,,7179,0,1530.0,1530.0,1500.0
2021-07-07,0.0,0.2,1505.0,,5700,0,1532.0,1549.0,1502.0
2021-07-06,0.0,-0.13,1502.0,,4305,0,1534.0,1534.0,1500.0
2021-07-05,0.0,-1.51,1504.0,,4136,0,1550.0,1550.0,1502.0
2021-07-04,0.0,-0.78,1527.0,,2585,0,1522.0,1560.0,1522.0
2021-07-01,0.0,-1.35,1539.0,,5992,0,1590.0,1591.0,1539.0
2021-06-30,0.0,-0.06,1560.0,,5917,0,1550.0,1592.0,1530.0
2021-06-29,0.0,0.39,1561.0,,16080,0,1585.0,1616.0,1550.0
2021-06-28,0.0,2.5,1555.0,,15038,0,1538.0,1594.0,1533.0
2021-06-27,0.0,1.54,1517.0,,5744,0,1522.0,1523.0,1498.0
2021-06-24,0.0,-2.48,1494.0,,11069,0,1505.0,1522.0,1492.0
2021-06-23,0.0,-1.42,1532.0,,12604,0,1584.0,1590.0,1510.0
2021-06-22,0.0,1.04,1554.0,,13307,0,1540.0,1600.0,1530.0
2021-06-21,0.0,-3.27,1538.0,,16285,0,1571.0,1600.0,1538.0
2021-06-20,0.0,-3.34,1590.0,,19131,0,1650.0,1650.0,1576.0
2021-06-17,0.0,-1.5,1645.0,,9698,0,1690.0,1702.0,1640.0
2021-06-16,0.0,2.02,1670.0,,34145,0,1635.0,1740.0,1616.0
2021-06-15,0.0,-1.68,1637.0,,9989,0,1642.0,1655.0,1632.0
2021-06-14,0.0,-0.6,1665.0,,13790,0,1643.0,1671.0,1643.0
2021-06-13,0.0,-1.35,1675.0,,19564,0,1614.0,1711.0,1614.0
2021-06-10,0.0,0.41,1698.0,,22717,0,1770.0,1770.0,1658.0
2021-06-09,0.0,-0.03,1691.0,,9118,0,1737.0,1737.0,1691.0
2021-06-08,0.0,-2.85,1738.0,,22400,0,1760.0,1760.0,1671.0
2021-06-07,0.0,4.68,1789.0,,11943,0,1700.0,1789.0,1668.0
2021-06-06,0.0,-1.84,1709.0,,7371,0,1720.0,1741.0,1700.0
2021-06-03,0.0,-1.69,1741.0,,21404,0,1771.0,1779.0,1730.0
2021-06-02,0.0,8.32,1771.0,,16215,0,1635.0,1771.0,1635.0
2021-06-01,0.0,-1.03,1635.0,,7473,0,1685.0,1685.0,1628.0
2021-05-31,0.0,1.16,1652.0,,18992,0,1652.0,1700.0,1606.0
2021-05-30,0.0,-3.32,1633.0,,29080,0,1680.0,1710.0,1630.0
2021-05-27,0.0,-5.06,1689.0,,39755,0,1691.0,1750.0,1658.0
2021-05-25,0.0,-0.06,1779.0,,12065,0,1752.0,1806.0,1752.0
2021-05-24,0.0,-1.06,1780.0,,13362,0,1800.0,1800.0,1780.0
2021-05-23,0.0,-0.72,1799.0,,11285,0,1788.0,1809.0,1770.0
2021-05-20,0.0,-0.6,1812.0,,12065,0,1818.0,1820.0,1802.0
2021-05-19,0.0,-1.09,1823.0,,23158,0,1853.0,1860.0,1810.0
2021-05-18,0.0,-0.27,1843.0,,19363,0,1848.0,1851.0,1832.0
2021-05-17,0.0,-1.39,1848.0,,20427,0,1875.0,1882.0,1841.0
2021-05-16,0.0,2.8,1874.0,,36432,0,1825.0,1888.0,1801.0
2021-05-13,0.0,1.84,1823.0,,35860,0,1790.0,1850.0,1790.0
2021-05-12,0.0,-0.17,1790.0,,24380,0,1804.0,1804.0,1765.0
2021-05-11,0.0,0.22,1793.0,,21696,0,1787.0,1815.0,1760.0
2021-05-10,0.0,-2.72,1789.0,,17550,0,1805.0,1805.0,1769.0
2021-05-09,0.0,-2.96,1839.0,,39784,0,1989.0,1989.0,1756.0
2021-05-06,0.0,5.51,1895.0,,46173,0,1761.0,1940.0,1726.0
2021-05-05,0.0,4.3,1796.0,,54023,0,1808.0,1808.0,1704.0
2021-05-04,0.0,4.55,1722.0,,57597,0,1648.0,1774.0,1614.0
2021-05-03,0.0,5.64,1647.0,,50610,0,1575.0,1714.0,1560.0
2021-05-02,0.0,0.65,1559.0,,17727,0,1532.0,1560.0,1532.0
2021-04-29,0.0,-0.71,1549.0,,24699,0,1542.0,1574.0,1540.0
2021-04-28,0.0,3.04,1560.0,,21935,0,1560.0,1566.0,1495.0
2021-04-27,0.0,4.78,1514.0,,21282,0,1470.0,1515.0,1462.0
2021-04-26,0.0,0.14,1445.0,,43359,0,1451.0,1500.0,1440.0
2021-04-25,0.0,-3.8,1443.0,,14696,0,1500.0,1500.0,1442.0
2021-04-22,0.0,0.27,1500.0,,17101,0,1467.0,1508.0,1467.0
2021-04-21,0.0,-2.22,1496.0,,18383,0,1530.0,1535.0,1490.0
2021-04-20,0.0,0.92,1530.0,,22188,0,1510.0,1530.0,1510.0
2021-04-19,0.0,-0.52,1516.0,,19278,0,1535.0,1540.0,1510.0
2021-04-18,0.0,-1.93,1524.0,,31234,0,1550.0,1555.0,1515.0
2021-04-15,0.0,-0.83,1554.0,,33709,0,1568.0,1568.0,1545.0
2021-04-13,0.0,0.45,1567.0,,36537,0,1560.0,1607.0,1551.0
2021-04-12,0.0,5.27,1559.0,,55465,0,1500.0,1606.0,1491.0
2021-04-08,0.0,1.02,1481.0,,30719,0,1508.0,1508.0,1460.0
2021-04-07,0.0,-0.61,1466.0,,22641,0,1490.0,1500.0,1453.0
2021-04-06,0.0,2.08,1475.0,,22495,0,1465.0,1480.0,1430.0
2021-04-05,0.0,2.48,1445.0,,22521,0,1430.0,1450.0,1392.0
2021-04-04,0.0,-1.61,1410.0,,32911,0,1460.0,1460.0,1382.0
2021-04-01,0.0,-1.78,1433.0,,21259,0,1480.0,1480.0,1410.0
2021-03-31,0.0,-0.75,1459.0,,28174,0,1499.0,1499.0,1442.0
2021-03-30,0.0,1.8,1470.0,,15920,0,1445.0,1490.0,1445.0
2021-03-29,0.0,-0.07,1444.0,,17315,0,1501.0,1501.0,1422.0
2021-03-25,0.0,-3.34,1445.0,,40107,0,1500.0,1500.0,1439.0
2021-03-24,0.0,3.46,1495.0,,38525,0,1460.0,1495.0,1457.0
2021-03-23,0.0,5.94,1445.0,,84088,0,1338.0,1472.0,1337.0
2021-03-22,0.0,-2.22,1364.0,,52267,0,1420.0,1448.0,1355.0
2021-03-21,0.0,6.16,1395.0,,57003,0,1340.0,1409.0,1335.0
2021-03-18,0.0,2.5,1314.0,,23931,0,1307.0,1316.0,1283.0
2021-03-17,0.0,1.42,1282.0,,8774,0,1275.0,1289.0,1269.0
2021-03-16,0.0,1.2,1264.0,,11483,0,1250.0,1275.0,1250.0
2021-03-15,0.0,0.81,1249.0,,26973,0,1229.0,1290.0,1215.0
2021-03-14,0.0,-3.43,1239.0,,22896,0,1283.0,1285.0,1231.0
2021-03-10,0.0,-0.23,1283.0,,20440,0,1300.0,1317.0,1261.0
2021-03-09,0.0,-3.02,1286.0,,31170,0,1317.0,1322.0,1281.0
2021-03-08,0.0,-3.28,1326.0,,37769,0,1348.0,1377.0,1321.0
2021-03-04,0.0,8.21,1371.0,,85106,0,1275.0,1388.0,1275.0
2021-03-03,0.0,2.59,1267.0,,55233,0,1235.0,1268.0,1216.0
2021-03-02,0.0,0.41,1235.0,,62347,0,1235.0,1265.0,1215.0
2021-03-01,0.0,0.0,1230.0,,50848,0,1188.0,1233.0,1178.0
2021-02-28,0.0,-1.57,1188.0,,47338,0,1208.0,1220.0,1182.0
2021-02-25,0.0,0.0,1207.0,,65319,0,1178.0,1220.0,1178.0
2021-02-24,0.0,0.25,1188.0,,37175,0,1185.0,1232.0,1178.0
2021-02-23,0.0,1.72,1185.0,,45303,0,1165.0,1195.0,1140.0
2021-02-22,0.0,1.04,1165.0,,52325,0,1150.0,1184.0,1149.0
2021-02-21,0.0,0.01,1153.0,,43400,0,1140.0,1162.0,1120.0
2021-02-18,0.0,0.01,1140.0,,16900,0,1129.0,1140.0,1117.0
2021-02-17,0.0,-0.02,1134.0,,14972,0,1150.0,1150.0,1127.0
2021-02-16,0.0,0.0,1156.0,,60513,0,1215.0,1224.0,1141.0
2021-02-15,0.0,0.1,1158.0,,53060,0,1074.0,1158.0,1074.0
2021-02-14,0.0,-0.01,1053.0,,23527,0,1089.0,1091.0,1047.0
2021-02-11,0.0,-0.04,1068.0,,30104,0,1110.0,1120.0,1067.0
2021-02-10,0.0,-0.03,1110.0,,29590,0,1125.0,1139.0,1108.0
2021-02-09,0.0,-0.03,1133.0,,24981,0,1172.0,1172.0,1110.0
2021-02-08,0.0,0.0,1169.0,,91093,0,1224.0,1282.0,1140.0
2021-02-07,0.0,0.1,1166.0,,77861,0,1060.0,1166.0,1060.0
2021-02-04,0.0,0.02,1060.0,,59119,0,1028.0,1073.0,1015.0
2021-02-03,0.0,-0.01,1035.0,,28030,0,1065.0,1074.0,1027.0
2021-02-02,0.0,0.02,1048.0,,33927,0,1045.0,1079.0,1030.0
2021-02-01,0.0,0.01,1025.0,,44058,0,1062.0,1071.0,1015.0
2021-01-31,0.0,-0.04,1012.0,,33660,0,1035.0,1049.0,1000.0
2021-01-28,0.0,0.04,1050.0,,93306,0,1010.0,1080.0,1009.0
2021-01-27,0.0,0.01,1005.0,,40080,0,1000.0,1020.0,1000.0
2021-01-26,0.0,-0.02,999.0,,37385,0,1011.0,1015.0,993.0
2021-01-25,0.0,-0.03,1015.0,,31864,0,1049.0,1051.0,1005.0
2021-01-24,0.0,-0.01,1047.0,,28049,0,1078.0,1120.0,1040.0
2021-01-21,0.0,0.04,1057.0,,24329,0,1020.0,1112.0,1010.0
2021-01-20,0.0,-0.01,1020.0,,9919,0,1030.0,1032.0,1009.0
2021-01-19,0.0,-0.03,1029.0,,27611,0,1069.0,1069.0,1029.0
2021-01-18,0.0,0.0,1059.0,,17829,0,1070.0,1099.0,1055.0
2021-01-17,0.0,0.03,1060.0,,20944,0,1045.0,1068.0,1045.0
2021-01-13,0.0,0.0,1025.0,,23434,0,1030.0,1050.0,1025.0
2021-01-12,0.0,0.03,1030.0,,30650,0,1019.0,1031.0,1000.0
2021-01-11,0.0,0.0,1000.0,,45417,0,1024.0,1024.0,990.0
2021-01-10,0.0,0.06,1004.0,,40663,0,961.0,1015.0,961.0
2021-01-07,0.0,0.03,943.0,,26362,0,921.0,943.0,906.0
2021-01-06,0.0,0.02,914.0,,21164,0,893.0,917.0,893.0
2021-01-05,0.0,-0.01,900.0,,20329,0,895.0,909.0,893.0
2021-01-04,0.0,0.01,906.0,,28483,0,916.0,916.0,890.0
2021-01-03,0.0,0.04,899.0,,18740,0,880.0,932.0,880.0
2020-12-31,0.0,0.05,1015.0,,97038,0,989.0,1021.0,978.0
2020-12-30,0.0,0.03,970.0,,19188,0,941.0,977.0,934.0
2020-12-29,0.0,0.0,940.0,,8029,0,950.0,950.0,932.0
2020-12-28,0.0,-0.01,937.0,,9238,0,936.0,950.0,918.0
2020-12-27,0.0,-0.01,946.0,,14281,0,945.0,960.0,939.0
2020-12-24,0.0,-0.02,958.0,,11394,0,985.0,985.0,939.0
2020-12-23,0.0,0.0,977.0,,24952,0,1000.0,1015.0,970.0
2020-12-22,0.0,0.05,975.0,,31237,0,946.0,992.0,946.0
2020-12-21,0.0,0.01,928.0,,42652,0,874.0,951.0,874.0
2020-12-20,0.0,-0.07,909.0,,37174,0,961.0,980.0,906.0
2020-12-17,0.0,0.02,980.0,,50714,0,980.0,1000.0,960.0
2020-12-16,0.0,0.07,961.0,,50684,0,914.0,971.0,890.0
2020-12-15,0.0,-0.01,900.0,,21908,0,923.0,923.0,890.0
2020-12-14,0.0,0.03,905.0,,32954,0,896.0,912.0,885.0
2020-12-13,0.0,0.02,879.0,,9207,0,877.0,899.0,866.0
2020-12-10,0.0,0.02,860.0,,14776,0,840.0,878.0,840.0
2020-12-09,0.0,-0.03,845.0,,25698,0,861.0,872.0,843.0
2020-12-08,0.0,-0.01,870.0,,20713,0,895.0,913.0,863.0
2020-12-07,0.0,0.07,879.0,,33796,0,810.0,890.0,810.0
2020-12-06,0.0,-0.09,821.0,,23471,0,910.0,910.0,821.0
2020-12-03,0.0,0.0,907.0,,39944,0,926.0,963.0,898.0
2020-12-02,0.0,0.1,908.0,,49739,0,820.0,908.0,819.0
2020-12-01,0.0,0.0,826.0,,22744,0,812.0,842.0,812.0
2020-11-30,0.0,0.02,823.0,,30812,0,820.0,840.0,810.0
2020-11-29,0.0,0.0,810.0,,15869,0,835.0,835.0,799.0
2020-11-26,0.0,-0.01,812.0,,18509,0,834.0,851.0,805.0
2020-11-25,0.0,0.06,823.0,,27411,0,785.0,826.0,785.0
2020-11-24,0.0,-0.01,774.0,,9214,0,770.0,783.0,770.0
2020-11-23,0.0,-0.01,779.0,,9208,0,770.0,783.0,770.0
2020-11-22,0.0,0.0,783.0,,14543,0,790.0,799.0,779.0
2020-11-19,0.0,0.0,783.0,,23203,0,775.0,785.0,770.0
2020-11-18,0.0,0.0,770.0,,13472,0,769.0,775.0,760.0
2020-11-12,0.0,0.0,770.0,,9837,0,775.0,775.0,765.0
2020-11-11,0.0,0.0,768.0,,5533,0,775.0,775.0,763.0
2020-11-10,0.0,0.52,768.0,,11616,0,777.0,777.0,765.0
2020-11-09,0.0,-0.39,764.0,,15836,0,781.0,781.0,760.0
2020-11-08,0.0,-0.78,767.0,,10283,0,776.0,777.0,761.0
2020-11-05,0.0,0.0,773.0,,56632,0,788.0,799.0,770.0
2020-11-04,0.0,0.39,773.0,,6460,0,770.0,773.0,767.0
2020-11-03,0.0,-1.03,770.0,,16688,0,790.0,790.0,770.0
2020-11-02,0.0,1.04,778.0,,27209,0,756.0,783.0,756.0
2020-11-01,0.0,1.58,770.0,,6619,0,750.0,770.0,750.0
2020-10-29,0.0,0.4,758.0,,10173,0,770.0,770.0,755.0
2020-10-28,0.0,1.75,755.0,,3874,0,742.0,755.0,739.0
2020-10-22,0.0,-0.13,742.0,,3055,0,743.0,746.0,740.0
2020-10-21,0.0,0.54,743.0,,3223,0,753.0,767.0,741.0
2020-10-20,0.0,2.07,739.0,,2872,0,738.0,766.0,722.0
2020-10-19,0.0,0.28,724.0,,6209,0,730.0,736.0,719.0
2020-10-18,0.0,-2.43,722.0,,4123,0,730.0,730.0,720.0
2020-10-15,0.0,0.68,740.0,,2586,0,749.0,750.0,726.0
2020-10-14,0.0,-0.68,735.0,,2483,0,750.0,760.0,730.0
2020-10-13,0.0,-0.8,740.0,,2925,0,742.0,745.0,739.0
2020-10-12,0.0,-0.93,746.0,,2913,0,742.0,756.0,742.0
2020-10-11,0.0,0.4,753.0,,5102,0,735.0,753.0,735.0
2020-10-08,0.0,0.67,750.0,,8314,0,742.0,759.0,742.0
2020-10-07,0.0,-0.53,745.0,,9413,0,749.0,756.0,739.0
2020-10-06,0.0,-0.79,749.0,,5244,0,755.0,755.0,745.0
2020-10-05,0.0,-0.79,755.0,,9294,0,756.0,771.0,752.0
2020-10-04,0.0,0.0,761.0,,6356,0,761.0,785.0,759.0
2020-10-01,0.0,1.74,761.0,,13692,0,741.0,769.0,741.0
2020-09-30,0.0,-1.32,748.0,,9001,0,746.0,751.0,734.0
2020-09-29,0.0,0.26,758.0,,9633,0,750.0,758.0,749.0
2020-09-28,0.0,-0.26,756.0,,12517,0,748.0,760.0,748.0
2020-09-27,0.0,-1.56,758.0,,7231,0,775.0,781.0,758.0
2020-09-24,0.0,0.39,770.0,,24062,0,740.0,791.0,740.0
2020-09-23,0.0,0.0,767.0,,20519,0,756.0,777.0,756.0
2020-09-22,0.0,-2.29,767.0,,45908,0,795.0,800.0,765.0
2020-09-21,0.0,3.29,785.0,,32045,0,765.0,805.0,754.0
2020-09-20,0.0,0.0,760.0,,15837,0,798.0,798.0,745.0
2020-09-17,0.0,3.83,760.0,,40175,0,725.0,765.0,725.0
2020-09-16,0.0,1.1,732.0,,26739,0,725.0,732.0,704.0
2020-09-15,0.0,-1.09,724.0,,11437,0,726.0,732.0,715.0
2020-09-14,0.0,-1.74,732.0,,21942,0,743.0,745.0,729.0
2020-09-13,0.0,0.0,745.0,,20108,0,759.0,759.0,740.0
2020-09-10,0.0,2.19,745.0,,24232,0,735.0,760.0,735.0
2020-09-09,0.0,4.14,729.0,,34573,0,710.0,735.0,702.0
2020-09-08,0.0,0.57,700.0,,7684,0,703.0,703.0,687.0
2020-09-07,0.0,-0.57,696.0,,17762,0,692.0,704.0,686.0
2020-09-06,0.0,-0.85,700.0,,18270,0,716.0,730.0,698.0
2020-09-03,0.0,3.67,706.0,,26102,0,675.0,708.0,671.0
2020-09-02,0.0,0.15,681.0,,9743,0,714.0,714.0,676.0
2020-08-31,0.0,1.49,680.0,,11986,0,679.0,689.0,670.0
2020-08-27,0.0,-0.89,670.0,,11168,0,667.0,678.0,664.0
2020-08-26,0.0,1.81,676.0,,12846,0,677.0,680.0,666.0
2020-08-25,0.0,0.0,664.0,,7852,0,666.0,668.0,655.0
2020-08-24,0.0,3.75,664.0,,13489,0,650.0,670.0,647.0
2020-08-23,0.0,1.27,640.0,,4011,0,644.0,644.0,630.0
2020-08-20,0.0,1.28,632.0,,538,0,625.0,636.0,625.0
2020-08-19,0.0,-1.58,624.0,,5689,0,625.0,635.0,613.0
2020-08-18,0.0,-0.47,634.0,,6206,0,635.0,640.0,631.0
2020-08-17,0.0,1.27,637.0,,3352,0,624.0,640.0,620.0
2020-08-16,0.0,0.0,629.0,,3392,0,617.0,629.0,616.0
2020-08-13,0.0,-1.41,629.0,,4467,0,626.0,638.0,622.0
2020-08-12,0.0,-0.31,638.0,,5824,0,645.0,652.0,635.0
2020-08-11,0.0,-0.93,640.0,,4820,0,647.0,650.0,620.0
2020-08-10,0.0,4.53,646.0,,7203,0,616.0,649.0,616.0
2020-08-09,0.0,0.49,618.0,,3649,0,615.0,618.0,603.0
2020-08-06,0.0,-0.32,615.0,,3577,0,620.0,620.0,596.0
2020-08-05,0.0,-2.37,617.0,,5562,0,620.0,622.0,610.0
2020-08-03,0.0,-0.47,632.0,,4643,0,624.0,642.0,624.0
2020-08-02,0.0,-2.46,635.0,,8115,0,640.0,642.0,626.0
2020-07-30,0.0,0.31,651.0,,7654,0,640.0,652.0,632.0
2020-07-29,0.0,-2.26,649.0,,11616,0,650.0,655.0,630.0
2020-07-28,0.0,1.37,664.0,,28037,0,670.0,684.0,650.0
2020-07-27,0.0,0.77,655.0,,12984,0,650.0,663.0,646.0
2020-07-26,0.0,0.46,650.0,,5705,0,646.0,658.0,646.0
2020-07-23,0.0,1.25,647.0,,4197,0,635.0,656.0,631.0
2020-07-22,0.0,-0.31,639.0,,4115,0,653.0,653.0,639.0
2020-07-21,0.0,-2.88,641.0,,6637,0,660.0,677.0,638.0
2020-07-20,0.0,-5.44,660.0,,4687,0,732.0,740.0,656.0
2020-07-19,0.0,2.65,698.0,,150,0,685.0,698.0,685.0
2020-07-16,0.0,0.89,680.0,,5038,0,666.0,680.0,658.0
2020-07-15,0.0,1.51,674.0,,5444,0,675.0,693.0,668.0
2020-07-14,0.0,1.53,664.0,,8968,0,655.0,677.0,655.0
2020-07-13,0.0,1.71,654.0,,6216,0,655.0,667.0,631.0
2020-07-12,0.0,3.38,643.0,,6617,0,630.0,643.0,625.0
2020-07-09,0.0,1.14,622.0,,3684,0,607.0,637.0,607.0
2020-07-08,0.0,-2.38,615.0,,3932,0,630.0,645.0,606.0
2020-07-07,0.0,9.57,630.0,,9390,0,570.0,632.0,570.0
2020-07-06,0.0,4.17,575.0,,3842,0,541.0,575.0,541.0
2020-07-05,0.0,-1.08,552.0,,5310,0,558.0,586.0,529.0
2020-07-02,0.0,-5.1,558.0,,3182,0,598.0,609.0,558.0
2020-07-01,0.0,9.91,588.0,,1860,0,544.0,588.0,544.0
2020-06-30,0.0,5.94,535.0,,1309,0,510.0,535.0,510.0
2020-06-29,0.0,-6.48,505.0,,566,0,530.0,530.0,525.0
2020-03-22,0.0,-1.82,540.0,,800,0,539.0,560.0,539.0
2020-03-19,0.0,0.18,550.0,,8047,0,530.0,561.0,520.0
2020-03-18,0.0,-1.26,549.0,,8573,0,567.0,578.0,510.0
2020-03-17,0.0,-7.33,556.0,,12403,0,612.0,612.0,540.0
2020-03-16,0.0,1.35,600.0,,11435,0,603.0,627.0,564.0
2020-03-15,0.0,-9.89,592.0,,17364,0,644.0,645.0,592.0
2020-03-12,0.0,-3.52,657.0,,8658,0,694.0,694.0,645.0
2020-03-11,0.0,2.41,681.0,,17824,0,673.0,681.0,631.0
2020-03-10,0.0,0.15,665.0,,698,0,677.0,677.0,664.0
2020-03-05,0.0,1.22,664.0,,25627,0,643.0,700.0,619.0
2020-03-04,0.0,-5.07,656.0,,17830,0,699.0,699.0,627.0
2020-03-03,0.0,-2.4,691.0,,22463,0,694.0,718.0,638.0
2020-03-02,0.0,-6.47,708.0,,9035,0,742.0,757.0,708.0
2020-03-01,0.0,-4.66,757.0,,23816,0,790.0,790.0,752.0
2020-02-27,0.0,-1.73,794.0,,30083,0,795.0,810.0,765.0
2020-02-26,0.0,2.67,808.0,,28031,0,802.0,834.0,784.0
2020-02-25,0.0,1.03,787.0,,18177,0,764.0,800.0,751.0
2020-02-24,0.0,-1.39,779.0,,31459,0,805.0,805.0,757.0
2020-02-23,0.0,3.54,790.0,,50688,0,801.0,810.0,761.0
2020-02-20,0.0,9.94,763.0,,94698,0,707.0,763.0,701.0
2020-02-19,0.0,2.66,694.0,,13171,0,670.0,700.0,666.0
2020-02-18,0.0,0.0,676.0,,11368,0,676.0,687.0,668.0
2020-02-17,0.0,-2.59,676.0,,22604,0,700.0,708.0,676.0
2020-02-16,0.0,2.36,694.0,,21564,0,690.0,700.0,680.0
2020-02-13,0.0,0.74,678.0,,21378,0,686.0,688.0,673.0
2020-02-12,0.0,0.0,673.0,,10043,0,682.0,682.0,668.0
2020-02-11,0.0,1.97,673.0,,17925,0,672.0,684.0,660.0
2020-02-10,0.0,2.64,660.0,,13926,0,650.0,668.0,643.0
2020-02-09,0.0,-1.68,643.0,,9864,0,642.0,662.0,640.0
2020-02-06,0.0,-0.91,654.0,,11491,0,647.0,665.0,651.0
2020-02-05,0.0,-1.05,660.0,,10200,0,670.0,675.0,655.0
2020-02-04,0.0,-2.06,667.0,,16022,0,690.0,690.0,663.0
2020-02-03,0.0,-1.73,681.0,,27792,0,693.0,693.0,672.0
2020-02-02,0.0,0.0,693.0,,16730,0,706.0,710.0,664.0
2020-01-30,0.0,2.67,693.0,,46969,0,687.0,710.0,677.0
2020-01-29,0.0,3.05,675.0,,23770,0,666.0,679.0,656.0
2020-01-28,0.0,2.5,655.0,,25031,0,651.0,658.0,642.0
2020-01-27,0.0,3.73,639.0,,18982,0,607.0,649.0,605.0
2020-01-26,0.0,-1.59,618.0,,6301,0,617.0,628.0,616.0
2020-01-23,0.0,-2.18,628.0,,13864,0,654.0,654.0,628.0
2020-01-22,0.0,-1.08,642.0,,9111,0,645.0,653.0,630.0
2020-01-21,0.0,0.93,649.0,,11075,0,650.0,655.0,631.0
2020-01-20,0.0,-4.88,643.0,,29575,0,675.0,675.0,640.0
2020-01-19,0.0,6.12,676.0,,26696,0,649.0,676.0,648.0
2020-01-16,0.0,4.08,638.0,,29541,0,625.0,663.0,613.0
2020-01-15,0.0,1.99,614.0,,6772,0,614.0,614.0,600.0
2020-01-14,0.0,-1.31,602.0,,22065,0,605.0,629.0,575.0
2020-01-13,0.0,2.69,610.0,,27624,0,605.0,645.0,595.0
2020-01-12,0.0,10.0,594.0,,29467,0,550.0,594.0,550.0
2020-01-09,0.0,7.57,540.0,,24426,0,505.0,545.0,494.0
2020-01-08,0.0,1.41,502.0,,13147,0,500.0,515.0,485.0
2020-01-07,0.0,1.02,495.0,,8741,0,490.0,510.0,482.0
2020-01-06,0.0,4.7,490.0,,17349,0,491.0,494.0,470.0
2020-01-05,0.0,1.74,468.0,,14282,0,467.0,479.0,465.0
2020-01-02,0.0,1.55,460.0,,3750,0,461.0,462.0,455.0
2020-01-01,0.0,0.67,453.0,,1703,0,450.0,459.0,448.0
2019-12-31,0.0,0.67,450.0,,1284,0,447.0,450.0,447.0
2019-12-30,0.0,0.45,447.0,,1614,0,445.0,447.0,440.0
2019-12-29,0.0,-0.22,445.0,,1035,0,447.0,447.0,444.0
2019-12-26,0.0,0.22,446.0,,633,0,445.0,450.0,445.0
2019-12-25,0.0,0.91,445.0,,432,0,449.0,449.0,442.0
2019-12-24,0.0,-3.08,441.0,,4816,0,455.0,455.0,440.0
2019-12-23,0.0,1.34,455.0,,1848,0,450.0,455.0,448.0
2019-12-22,0.0,2.05,449.0,,591,0,440.0,453.0,440.0
2019-12-19,0.0,0.0,440.0,,982,0,440.0,445.0,440.0
2019-12-18,0.0,0.0,440.0,,1099,0,437.0,443.0,437.0
2019-12-17,0.0,-2.0,440.0,,580,0,444.0,444.0,440.0
2019-12-16,0.0,-1.54,449.0,,2943,0,465.0,465.0,441.0
2019-12-15,0.0,-1.72,456.0,,1360,0,458.0,461.0,455.0
2019-12-12,0.0,-3.13,464.0,,6307,0,480.0,480.0,455.0
2019-12-11,0.0,6.92,479.0,,12305,0,456.0,492.0,450.0
2019-12-10,0.0,0.45,448.0,,6159,0,454.0,463.0,442.0
2019-12-09,0.0,2.53,446.0,,10204,0,435.0,454.0,435.0
2019-12-08,0.0,1.87,435.0,,525,0,427.0,435.0,422.0
2019-12-05,0.0,0.47,427.0,,1604,0,425.0,430.0,422.0
2019-12-04,0.0,4.68,425.0,,239,0,408.0,425.0,406.0
2019-12-03,0.0,0.5,406.0,,303,0,405.0,406.0,404.0
2019-12-02,0.0,0.25,404.0,,758,0,403.0,419.0,403.0
2019-12-01,0.0,-0.98,403.0,,759,0,406.0,406.0,402.0
2019-11-28,0.0,-1.45,407.0,,1619,0,405.0,410.0,405.0
2019-11-27,0.0,1.47,413.0,,220,0,415.0,419.0,408.0
2019-11-26,0.0,-1.21,407.0,,683,0,410.0,410.0,406.0
2019-11-25,0.0,0.49,412.0,,920,0,407.0,418.0,408.0
2019-11-24,0.0,-1.2,410.0,,887,0,412.0,423.0,410.0
2019-11-21,0.0,-0.48,415.0,,450,0,423.0,423.0,415.0
2019-11-20,0.0,-2.11,417.0,,1776,0,418.0,420.0,415.0
2019-11-19,0.0,0.95,426.0,,1011,0,422.0,430.0,421.0
2019-11-18,0.0,0.96,422.0,,1569,0,415.0,429.0,415.0
2019-11-17,0.0,-2.56,418.0,,703,0,430.0,437.0,418.0
2019-11-13,0.0,-1.18,420.0,,2830,0,420.0,426.0,418.0
2019-11-12,0.0,-2.3,425.0,,779,0,430.0,445.0,425.0
2019-11-11,0.0,0.0,435.0,,2851,0,431.0,445.0,430.0
2019-11-10,0.0,-0.46,435.0,,3257,0,437.0,441.0,435.0
2019-11-07,0.0,0.69,437.0,,1971,0,437.0,439.0,433.0
2019-11-06,0.0,0.37,434.0,,3300,0,433.0,444.0,431.0
2019-11-05,0.0,-0.53,562.0,,12505,0,567.0,568.0,561.0
2019-11-04,0.0,1.07,565.0,,3443,0,561.0,565.0,560.0
2019-11-03,0.0,0.0,559.0,,3663,0,564.0,570.0,557.0
2019-10-31,0.0,-0.36,559.0,,4147,0,552.0,565.0,552.0
2019-10-24,0.0,0.36,561.0,,7739,0,548.0,562.0,555.0
2019-10-23,0.0,0.72,559.0,,1385,0,561.0,561.0,551.0
2019-10-22,0.0,0.91,555.0,,1758,0,550.0,555.0,549.0
2019-10-21,0.0,0.0,550.0,,2322,0,550.0,550.0,546.0
2019-10-17,0.0,3.38,550.0,,1950,0,542.0,552.0,542.0
2019-10-16,0.0,-3.45,532.0,,14577,0,555.0,555.0,532.0
2019-10-15,0.0,-0.9,551.0,,160,0,565.0,565.0,551.0
2019-10-14,0.0,-0.89,556.0,,850,0,558.0,558.0,550.0
2019-10-10,0.0,-0.18,561.0,,110,0,570.0,570.0,561.0
2019-10-03,0.0,0.54,562.0,,1181,0,555.0,562.0,555.0
2019-10-02,0.0,0.36,559.0,,1690,0,560.0,560.0,555.0
2019-10-01,0.0,1.09,557.0,,539,0,552.0,558.0,552.0
2019-09-30,0.0,0.18,551.0,,1645,0,553.0,555.0,546.0
2019-09-29,0.0,0.0,550.0,,535,0,555.0,556.0,546.0
2019-09-26,0.0,1.29,550.0,,168,0,540.0,553.0,540.0
2019-09-24,0.0,0.0,550.0,,1407,0,550.0,555.0,548.0
2019-09-23,0.0,0.0,550.0,,318,0,548.0,550.0,545.0
2019-09-22,0.0,-1.08,550.0,,955,0,565.0,565.0,547.0
2019-09-19,0.0,-1.07,556.0,,2066,0,570.0,575.0,556.0
2019-09-18,0.0,2.37,562.0,,2301,0,559.0,565.0,551.0
2019-09-17,0.0,1.67,549.0,,6235,0,535.0,559.0,535.0
2019-09-16,0.0,-0.74,540.0,,2198,0,536.0,566.0,532.0
2019-09-15,0.0,-1.27,544.0,,930,0,542.0,552.0,542.0
2019-09-12,0.0,-0.72,551.0,,784,0,560.0,560.0,551.0
2019-09-11,0.0,-0.54,555.0,,1685,0,560.0,562.0,555.0
2019-09-10,0.0,-0.53,558.0,,2385,0,558.0,563.0,547.0
2019-09-09,0.0,-0.36,561.0,,683,0,563.0,563.0,555.0
2019-09-08,0.0,-1.05,563.0,,1483,0,561.0,565.0,560.0
2019-09-05,0.0,0.0,569.0,,5845,0,561.0,575.0,559.0
2019-09-04,0.0,0.71,569.0,,5025,0,555.0,575.0,555.0
2019-09-03,0.0,1.62,565.0,,3100,0,555.0,565.0,550.0
2019-09-02,0.0,-0.71,556.0,,2489,0,550.0,561.0,550.0
2019-09-01,0.0,-0.71,560.0,,2080,0,564.0,567.0,558.0
2019-08-29,0.0,0.18,564.0,,1984,0,564.0,567.0,561.0
2019-08-28,0.0,0.18,563.0,,4719,0,560.0,568.0,560.0
2019-08-27,0.0,0.36,562.0,,8621,0,570.0,573.0,560.0
2019-08-26,0.0,4.67,560.0,,12354,0,545.0,570.0,545.0
2019-08-25,0.0,0.0,535.0,,1872,0,526.0,535.0,526.0
2019-08-22,0.0,-0.19,535.0,,2108,0,536.0,540.0,530.0
2019-08-21,0.0,1.52,536.0,,1555,0,530.0,540.0,523.0
2019-08-20,0.0,-1.31,528.0,,662,0,545.0,545.0,528.0
2019-08-19,0.0,1.9,535.0,,881,0,520.0,535.0,520.0
2019-08-18,0.0,-1.5,525.0,,1757,0,530.0,533.0,517.0
2019-08-15,0.0,0.0,533.0,,765,0,533.0,539.0,532.0
2019-08-14,0.0,-0.19,533.0,,1096,0,538.0,538.0,530.0
2019-08-13,0.0,0.19,534.0,,1150,0,535.0,543.0,530.0
2019-08-12,0.0,0.57,533.0,,414,0,528.0,543.0,523.0
2019-08-11,0.0,0.0,530.0,,844,0,528.0,531.0,522.0
2019-08-08,0.0,-1.85,530.0,,267,0,530.0,540.0,530.0
2019-08-07,0.0,2.27,540.0,,1061,0,519.0,544.0,519.0
2019-08-06,0.0,-0.38,528.0,,1192,0,522.0,528.0,522.0
2019-08-05,0.0,-1.67,530.0,,2343,0,549.0,549.0,530.0
2019-08-04,0.0,-3.06,539.0,,1729,0,557.0,557.0,539.0
2019-08-01,0.0,1.09,556.0,,10943,0,555.0,570.0,540.0
2019-07-31,0.0,3.97,550.0,,5632,0,555.0,555.0,527.0
2019-07-30,0.0,1.34,529.0,,2221,0,532.0,542.0,525.0
2019-07-29,0.0,1.36,522.0,,1941,0,525.0,531.0,522.0
2019-07-28,0.0,-0.77,515.0,,1103,0,510.0,522.0,510.0
2019-07-25,0.0,-2.08,519.0,,2250,0,530.0,530.0,515.0
2019-07-24,0.0,0.95,530.0,,680,0,525.0,530.0,517.0
2019-07-23,0.0,1.74,525.0,,778,0,526.0,526.0,508.0
2019-07-22,0.0,0.98,516.0,,284,0,501.0,519.0,511.0
2019-07-21,0.0,-1.73,511.0,,931,0,510.0,520.0,511.0
2019-07-18,0.0,-6.81,520.0,,1610,0,547.0,547.0,520.0
2019-07-17,0.0,4.89,558.0,,978,0,522.0,558.0,521.0
2019-07-16,0.0,2.7,532.0,,697,0,516.0,535.0,516.0
2019-07-15,0.0,0.19,518.0,,528,0,520.0,520.0,517.0
2019-07-14,0.0,0.19,517.0,,969,0,519.0,520.0,516.0
2019-07-11,0.0,0.0,516.0,,2905,0,514.0,520.0,514.0
2019-07-10,0.0,0.39,516.0,,1418,0,520.0,520.0,513.0
2019-07-09,0.0,-0.19,514.0,,1868,0,512.0,516.0,512.0
2019-07-08,0.0,0.98,515.0,,2041,0,500.0,520.0,510.0
2019-07-07,0.0,-2.67,510.0,,1621,0,515.0,520.0,509.0
2019-07-04,0.0,-0.76,524.0,,5911,0,528.0,528.0,523.0
2019-07-03,0.0,0.76,528.0,,3696,0,550.0,550.0,520.0
2019-07-02,0.0,2.54,524.0,,1089,0,503.0,525.0,503.0
2019-07-01,0.0,0.99,511.0,,1927,0,503.0,514.0,503.0
2019-06-30,0.0,-3.07,506.0,,1852,0,516.0,516.0,501.0
2019-06-27,0.0,0.0,522.0,,2873,0,515.0,530.0,515.0
2019-06-26,0.0,-1.32,522.0,,1694,0,520.0,530.0,519.0
2019-06-25,0.0,-0.19,529.0,,985,0,530.0,535.0,528.0
2019-06-24,0.0,-1.49,530.0,,2185,0,530.0,534.0,522.0
2019-06-23,0.0,-2.18,538.0,,1649,0,550.0,550.0,529.0
2019-06-20,0.0,2.04,550.0,,231,0,535.0,550.0,539.0
2019-06-19,0.0,-1.64,539.0,,496,0,550.0,550.0,539.0
2019-06-18,0.0,0.0,548.0,,438,0,548.0,550.0,540.0
2019-06-17,0.0,-0.18,548.0,,254,0,540.0,548.0,520.0
2019-06-16,0.0,-2.83,549.0,,471,0,554.0,554.0,537.0
2019-06-13,0.0,0.0,565.0,,1181,0,567.0,579.0,565.0
2019-06-12,0.0,0.89,565.0,,396,0,560.0,565.0,551.0
2019-06-11,0.0,-1.41,560.0,,269,0,557.0,561.0,550.0
2019-06-10,0.0,0.71,568.0,,215,0,564.0,568.0,560.0
2019-06-06,0.0,0.18,564.0,,1343,0,552.0,579.0,552.0
2019-06-04,0.0,-5.38,563.0,,750,0,590.0,590.0,563.0
2019-06-03,0.0,0.85,595.0,,296,0,590.0,599.0,587.0
2019-06-02,0.0,-1.99,590.0,,647,0,590.0,594.0,590.0
2019-05-30,0.0,0.84,602.0,,464,0,608.0,610.0,602.0
2019-05-29,0.0,-1.81,597.0,,456,0,608.0,608.0,596.0
2019-05-28,0.0,1.16,608.0,,187,0,609.0,609.0,597.0
2019-05-27,0.0,0.67,601.0,,400,0,600.0,607.0,600.0
2019-05-26,0.0,-1.32,597.0,,147,0,600.0,601.0,597.0
2019-05-23,0.0,0.83,605.0,,255,0,600.0,612.0,600.0
2019-05-22,0.0,0.33,600.0,,288,0,598.0,610.0,598.0
2019-05-21,0.0,-1.64,598.0,,793,0,600.0,600.0,596.0
2019-05-20,0.0,-1.14,608.0,,193,0,606.0,608.0,605.0
2019-05-19,0.0,-1.91,615.0,,1032,0,624.0,625.0,615.0
2019-05-16,0.0,-1.26,627.0,,247,0,623.0,639.0,615.0
2019-05-15,0.0,0.0,635.0,,951,0,635.0,650.0,635.0
2019-05-14,0.0,1.44,635.0,,932,0,626.0,635.0,620.0
2019-05-13,0.0,-2.49,626.0,,401,0,630.0,630.0,624.0
2019-05-12,0.0,1.1,642.0,,351,0,635.0,642.0,635.0
2019-05-09,0.0,0.0,635.0,,711,0,642.0,642.0,635.0
2019-05-08,0.0,0.0,635.0,,335,0,647.0,649.0,635.0
2019-05-07,0.0,0.0,635.0,,652,0,647.0,647.0,630.0
2019-05-06,0.0,-0.78,635.0,,778,0,631.0,638.0,629.0
2019-05-05,0.0,-1.23,640.0,,691,0,650.0,650.0,640.0
2019-05-02,0.0,-3.28,648.0,,365,0,666.0,666.0,648.0
2019-04-30,0.0,-2.19,670.0,,1257,0,685.0,685.0,670.0
2019-04-29,0.0,1.78,685.0,,4669,0,686.0,696.0,680.0
2019-04-28,0.0,6.83,673.0,,536,0,599.0,673.0,599.0
2019-04-25,0.0,3.28,630.0,,3328,0,610.0,630.0,610.0
2019-04-24,0.0,-1.13,610.0,,326,0,615.0,615.0,605.0
2019-04-23,0.0,2.15,617.0,,639,0,596.0,617.0,596.0
2019-04-22,0.0,-1.79,604.0,,1240,0,605.0,607.0,600.0
2019-04-21,0.0,3.54,615.0,,1805,0,605.0,615.0,595.0
2019-04-18,0.0,1.54,594.0,,899,0,574.0,596.0,574.0
2019-04-16,0.0,0.0,591.0,,1124,0,602.0,602.0,591.0
2019-04-15,0.0,5.72,591.0,,416,0,559.0,591.0,554.0
2019-04-11,0.0,0.36,559.0,,1102,0,564.0,564.0,553.0
2019-04-10,0.0,-0.71,557.0,,820,0,550.0,557.0,550.0
2019-04-09,0.0,-0.18,561.0,,1181,0,556.0,561.0,556.0
2019-04-07,0.0,0.0,550.0,,275,0,547.0,550.0,547.0
2019-04-04,0.0,-1.26,550.0,,680,0,550.0,551.0,544.0
2019-04-03,0.0,0.36,557.0,,377,0,550.0,557.0,550.0
2019-04-02,0.0,-0.89,555.0,,828,0,559.0,559.0,554.0
2019-04-01,0.0,-0.53,560.0,,239,0,563.0,563.0,554.0
2019-03-31,0.0,0.9,563.0,,444,0,554.0,563.0,554.0
2019-03-28,0.0,-1.06,558.0,,682,0,557.0,558.0,556.0
2019-03-26,0.0,-1.55,570.0,,551,0,568.0,570.0,558.0
2019-03-25,0.0,0.7,579.0,,294,0,564.0,579.0,557.0
2019-03-24,0.0,0.0,575.0,,382,0,565.0,575.0,565.0
2019-03-21,0.0,-2.04,575.0,,325,0,581.0,581.0,570.0
2019-03-19,0.0,-0.51,587.0,,133,0,585.0,587.0,585.0
2019-03-18,0.0,-0.17,590.0,,166,0,590.0,597.0,590.0
2019-03-17,0.0,-0.67,591.0,,520,0,586.0,595.0,586.0
2019-03-14,0.0,0.0,595.0,,47,0,603.0,603.0,595.0
2019-03-13,0.0,-1.16,595.0,,595,0,590.0,602.0,590.0
2019-03-12,0.0,-0.33,602.0,,774,0,601.0,608.0,600.0
2019-03-11,0.0,-0.98,604.0,,760,0,610.0,622.0,601.0
2019-03-10,0.0,0.83,610.0,,190,0,593.0,610.0,593.0
2019-03-09,0.0,0.83,610.0,,190,0,593.0,610.0,593.0
2019-03-07,0.0,4.31,605.0,,1558,0,569.0,605.0,580.0
2019-03-06,0.0,-0.34,580.0,,469,0,590.0,590.0,580.0
2019-03-05,0.0,0.52,582.0,,647,0,579.0,592.0,579.0
2019-03-03,0.0,-1.36,579.0,,964,0,591.0,596.0,579.0
2019-02-27,0.0,-1.01,587.0,,367,0,591.0,593.0,587.0
2019-02-26,0.0,-1.17,593.0,,416,0,600.0,600.0,593.0
2019-02-25,0.0,1.69,600.0,,627,0,590.0,600.0,581.0
2019-02-24,0.0,-2.64,590.0,,280,0,601.0,606.0,590.0
2019-02-21,0.0,0.5,606.0,,476,0,600.0,610.0,600.0
2019-02-20,0.0,0.33,603.0,,569,0,600.0,609.0,600.0
2019-02-19,0.0,0.5,601.0,,892,0,591.0,612.0,591.0
2019-02-18,0.0,-0.83,598.0,,678,0,591.0,603.0,591.0
2019-02-17,0.0,0.5,603.0,,597,0,600.0,610.0,600.0
2019-02-14,0.0,1.52,600.0,,403,0,595.0,600.0,591.0
2019-02-13,0.0,-3.27,591.0,,952,0,600.0,612.0,591.0
2019-02-12,0.0,-1.45,611.0,,296,0,620.0,620.0,611.0
2019-02-11,0.0,0.0,620.0,,1176,0,624.0,624.0,616.0
2019-02-10,0.0,0.0,620.0,,2882,0,620.0,644.0,613.0
2019-02-07,0.0,4.03,620.0,,4245,0,585.0,620.0,585.0
2019-02-06,0.0,-2.33,1092.0,,10410,0,1118.0,1140.0,1090.0
2019-02-05,0.0,-0.45,1118.0,,2121,0,1110.0,1128.0,1110.0
2019-02-04,0.0,-1.06,1123.0,,1103,0,1125.0,1150.0,1118.0
2019-02-03,0.0,-0.87,1135.0,,2885,0,1147.0,1148.0,1133.0
2019-01-31,0.0,-0.69,1145.0,,2072,0,1153.0,1159.0,1145.0
2019-01-30,0.0,0.26,1153.0,,2767,0,1150.0,1158.0,1145.0
2019-01-29,0.0,-2.13,1150.0,,5508,0,1175.0,1198.0,1130.0
2019-01-28,0.0,3.43,1175.0,,5899,0,1136.0,1175.0,1135.0
2019-01-27,0.0,0.18,1136.0,,2049,0,1134.0,1139.0,1117.0
2019-01-23,0.0,-0.88,1120.0,,1033,0,1130.0,1130.0,1108.0
2019-01-22,0.0,1.8,1130.0,,1086,0,1110.0,1130.0,1088.0
2019-01-21,0.0,-4.31,1110.0,,513,0,1160.0,1160.0,1093.0
2019-01-20,0.0,3.94,1160.0,,236,0,1116.0,1160.0,1110.0
2019-01-17,0.0,1.73,1116.0,,130,0,1097.0,1116.0,1085.0
2019-01-16,0.0,-3.07,1105.0,,1706,0,1140.0,1140.0,1096.0
2019-01-15,0.0,6.44,1140.0,,834,0,1071.0,1140.0,1060.0
2019-01-14,0.0,1.52,1071.0,,859,0,1055.0,1071.0,1055.0
2019-01-13,0.0,-1.49,1055.0,,136,0,1071.0,1071.0,1055.0
2019-01-10,0.0,0.56,1071.0,,322,0,1065.0,1071.0,1037.0
2019-01-09,0.0,0.57,1065.0,,570,0,1059.0,1065.0,1050.0
2019-01-08,0.0,2.52,1059.0,,464,0,1033.0,1059.0,1033.0
2019-01-07,0.0,-3.37,1033.0,,178,0,1069.0,1069.0,1031.0
2019-01-06,0.0,2.0,1069.0,,613,0,1048.0,1069.0,1035.0
2019-01-03,0.0,0.29,1048.0,,541,0,1045.0,1059.0,1038.0
2019-01-02,0.0,-0.95,1045.0,,236,0,1055.0,1055.0,1045.0
2019-01-01,0.0,1.05,1055.0,,1022,0,1044.0,1055.0,1040.0
2018-12-31,0.0,-0.57,1044.0,,414,0,1050.0,1050.0,1032.0
2018-12-30,0.0,0.48,1050.0,,693,0,1045.0,1070.0,1038.0
2018-12-27,0.0,0.48,1045.0,,1008,0,1040.0,1060.0,1040.0
2018-12-26,0.0,0.48,1040.0,,278,0,1035.0,1076.0,1035.0
2018-12-25,0.0,-0.96,1035.0,,279,0,1045.0,1045.0,1010.0
2018-12-24,0.0,-1.88,1045.0,,429,0,1065.0,1086.0,1029.0
2018-12-23,0.0,4.41,1065.0,,380,0,1020.0,1065.0,1020.0
2018-12-20,0.0,2.0,1020.0,,258,0,1000.0,1020.0,1000.0
2018-12-19,0.0,0.1,1000.0,,320,0,999.0,1005.0,982.0
2018-12-18,0.0,-2.06,999.0,,518,0,1020.0,1035.0,980.0
2018-12-17,0.0,3.03,1020.0,,148,0,990.0,1020.0,990.0
2018-12-16,0.0,5.88,990.0,,238,0,935.0,990.0,935.0
2018-12-13,0.0,0.54,935.0,,324,0,930.0,935.0,921.0
2018-12-12,0.0,-1.59,930.0,,235,0,945.0,945.0,930.0
2018-12-11,0.0,2.72,945.0,,258,0,920.0,945.0,905.0
2018-12-10,0.0,2.11,920.0,,102,0,901.0,920.0,901.0
2018-12-09,0.0,1.24,901.0,,58,0,890.0,903.0,886.0
2018-12-06,0.0,0.45,890.0,,612,0,886.0,900.0,876.0
2018-12-04,0.0,0.55,915.0,,58,0,910.0,915.0,909.0
2018-12-03,0.0,-0.55,910.0,,1354,0,915.0,930.0,886.0
2018-12-02,0.0,-5.18,915.0,,630,0,965.0,970.0,915.0
2018-11-29,0.0,-1.93,965.0,,200,0,984.0,984.0,965.0
2018-11-28,0.0,-1.99,984.0,,278,0,1004.0,1004.0,984.0
2018-11-27,0.0,3.29,1004.0,,74,0,972.0,1004.0,972.0
2018-11-26,0.0,-1.82,972.0,,884,0,990.0,990.0,972.0
2018-11-25,0.0,-1.98,990.0,,464,0,1010.0,1010.0,990.0
2018-11-22,0.0,1.0,1010.0,,445,0,1000.0,1010.0,990.0
2018-11-21,0.0,-1.48,1000.0,,86,0,1015.0,1015.0,990.0
2018-11-20,0.0,-1.93,1015.0,,10,0,1035.0,1035.0,1015.0
2018-11-19,0.0,3.71,1035.0,,430,0,998.0,1040.0,998.0
2018-11-18,0.0,0.4,998.0,,262,0,994.0,998.0,990.0
2018-11-15,0.0,-3.88,990.0,,320,0,1030.0,1030.0,990.0
2018-11-14,0.0,0.0,1030.0,,356,0,1030.0,1040.0,1020.0
2018-11-05,0.0,0.86,1049.0,,183,0,1050.0,1050.0,1049.0
2018-11-04,0.0,0.0,1041.0,,284,0,1040.0,1055.0,1040.0
2018-11-01,0.0,0.1,1041.0,,84,0,1040.0,1052.0,1040.0
2018-10-31,0.0,-1.42,1040.0,,536,0,1055.0,1060.0,1040.0
2018-10-30,0.0,1.25,1055.0,,134,0,1040.0,1055.0,1040.0
2018-10-29,0.0,-1.23,1042.0,,626,0,1040.0,1050.0,1040.0
2018-10-28,0.0,0.09,1055.0,,201,0,1035.0,1055.0,1035.0
2018-10-25,0.0,-0.57,1054.0,,487,0,1060.0,1070.0,1053.0
2018-10-24,0.0,-0.84,1060.0,,162,0,1057.0,1060.0,1057.0
2018-10-23,0.0,0.85,1069.0,,166,0,1060.0,1070.0,1050.0
2018-10-22,0.0,0.47,1060.0,,24,0,1043.0,1060.0,1043.0
2018-10-21,0.0,-2.31,1055.0,,88,0,1059.0,1059.0,1055.0
2018-10-15,0.0,0.37,1080.0,,94,0,1055.0,1080.0,1055.0
2018-10-14,0.0,0.75,1076.0,,251,0,1070.0,1076.0,1055.0
2018-10-11,0.0,3.09,1068.0,,86,0,1056.0,1070.0,1049.0
2018-10-10,0.0,-0.29,1039.0,,160,0,1021.0,1039.0,1021.0
2018-10-09,0.0,-1.98,1039.0,,148,0,1060.0,1060.0,1023.0
2018-10-08,0.0,0.95,1060.0,,293,0,1060.0,1060.0,1040.0
2018-10-07,0.0,0.96,1050.0,,311,0,1040.0,1050.0,1020.0
2018-10-04,0.0,-4.06,1040.0,,1358,0,1080.0,1080.0,1026.0
2018-10-03,0.0,-5.08,1084.0,,837,0,1142.0,1130.0,1084.0
2018-10-02,0.0,1.0,1313.0,,6518,0,1300.0,1318.0,1295.0
2018-10-01,0.0,-2.4,1300.0,,4902,0,1332.0,1348.0,1280.0
2018-09-30,0.0,-2.42,1332.0,,3178,0,1366.0,1370.0,1330.0
2018-09-27,0.0,-1.8,1367.0,,4603,0,1395.0,1399.0,1365.0
2018-09-26,0.0,2.06,1390.0,,11905,0,1393.0,1408.0,1366.0
2018-09-25,0.0,5.08,1366.0,,14224,0,1326.0,1406.0,1326.0
2018-09-23,0.0,4.5,1300.0,,7569,0,1250.0,1305.0,1233.0
2018-09-20,0.0,2.72,1244.0,,6406,0,1189.0,1250.0,1189.0
2018-09-18,0.0,1.76,1211.0,,1433,0,1167.0,1211.0,1167.0
2018-09-17,0.0,1.28,1190.0,,1809,0,1170.0,1199.0,1170.0
2018-09-16,0.0,0.09,1175.0,,2439,0,1170.0,1200.0,1167.0
2018-09-13,0.0,1.29,1174.0,,3414,0,1140.0,1180.0,1140.0
2018-09-12,0.0,-0.86,1159.0,,268,0,1146.0,1160.0,1138.0
2018-09-11,0.0,-1.93,1169.0,,7268,0,1203.0,1250.0,1150.0
2018-09-10,0.0,7.87,1192.0,,5397,0,1110.0,1192.0,1093.0
2018-09-09,0.0,0.45,1105.0,,2758,0,1080.0,1105.0,1065.0
2018-09-06,0.0,2.61,1100.0,,3358,0,1093.0,1116.0,1080.0
2018-09-05,0.0,3.57,1072.0,,667,0,1035.0,1072.0,1035.0
2018-09-04,0.0,1.47,1035.0,,558,0,1015.0,1035.0,1010.0
2018-09-03,0.0,0.49,1020.0,,604,0,1035.0,1050.0,1020.0
2018-09-02,0.0,0.49,1015.0,,389,0,1000.0,1015.0,986.0
2018-08-30,0.0,1.0,1010.0,,703,0,1000.0,1017.0,995.0
2018-08-29,0.0,0.0,1000.0,,269,0,990.0,1005.0,990.0
2018-08-28,0.0,0.6,1000.0,,124,0,993.0,1000.0,993.0
2018-08-26,0.0,-1.58,994.0,,134,0,1000.0,1000.0,992.0
2018-08-23,0.0,2.96,1010.0,,556,0,980.0,1010.0,980.0
2018-08-22,0.0,-0.41,982.0,,161,0,982.0,982.0,981.0
2018-08-21,0.0,-1.5,985.0,,247,0,990.0,990.0,985.0
2018-08-20,0.0,-0.99,1000.0,,412,0,1001.0,1010.0,1000.0
2018-08-19,0.0,-1.94,1010.0,,292,0,1030.0,1030.0,1010.0
2018-08-16,0.0,-0.96,1030.0,,956,0,1040.0,1041.0,1020.0
2018-08-15,0.0,4.0,1040.0,,1336,0,1020.0,1040.0,1005.0
2018-08-14,0.0,0.0,1000.0,,634,0,1020.0,1020.0,995.0
2018-08-13,0.0,0.0,1000.0,,69,0,990.0,1000.0,990.0
2018-08-12,0.0,-0.99,1000.0,,616,0,1000.0,1000.0,995.0
2018-08-09,0.0,-0.69,1020.0,,429,0,1020.0,1035.0,1001.0
2018-08-08,0.0,-0.39,1017.0,,272,0,1022.0,1024.0,1010.0
2018-08-07,0.0,0.1,1021.0,,297,0,1020.0,1034.0,1020.0
2018-08-06,0.0,-1.16,1020.0,,132,0,1030.0,1039.0,1020.0
2018-08-05,0.0,0.0,1032.0,,386,0,1032.0,1032.0,1005.0
2018-08-02,0.0,-1.34,1032.0,,147,0,1050.0,1050.0,1031.0
2018-08-01,0.0,1.06,1046.0,,568,0,1035.0,1046.0,1035.0
2018-07-31,0.0,-1.43,1035.0,,280,0,1049.0,1065.0,1035.0
2018-07-30,0.0,-1.41,1050.0,,77,0,1066.0,1070.0,1050.0
2018-07-29,0.0,1.91,1065.0,,410,0,1040.0,1065.0,1038.0
2018-07-26,0.0,-1.88,1045.0,,327,0,1065.0,1065.0,1045.0
2018-07-25,0.0,0.95,1065.0,,1059,0,1076.0,1098.0,1065.0
2018-07-24,0.0,-0.47,1055.0,,152,0,1081.0,1081.0,1045.0
2018-07-23,0.0,2.41,1060.0,,208,0,1035.0,1060.0,1035.0
2018-07-22,0.0,-1.99,1035.0,,566,0,1055.0,1055.0,1035.0
2018-07-19,0.0,-1.31,1056.0,,207,0,1050.0,1056.0,1050.0
2018-07-18,0.0,-0.56,1070.0,,76,0,1075.0,1075.0,1070.0
2018-07-17,0.0,-0.37,1076.0,,550,0,1065.0,1097.0,1059.0
2018-07-16,0.0,0.65,1080.0,,136,0,1070.0,1091.0,1070.0
2018-07-15,0.0,-0.19,1073.0,,262,0,1075.0,1075.0,1052.0
2018-07-12,0.0,-1.83,1061.0,,243,0,1080.0,1097.0,1075.0
2018-07-11,0.0,1.01,1095.0,,1954,0,1105.0,1136.0,1095.0
2018-07-10,0.0,-1.36,1084.0,,540,0,1100.0,1100.0,1081.0
2018-07-09,0.0,0.37,1099.0,,262,0,1095.0,1105.0,1074.0
2018-07-08,0.0,-0.45,1095.0,,1246,0,1101.0,1122.0,1088.0
2018-07-05,0.0,7.32,1100.0,,1166,0,1025.0,1107.0,1025.0
2018-07-04,0.0,1.49,1025.0,,260,0,1020.0,1040.0,1020.0
2018-07-03,0.0,-4.17,1010.0,,558,0,1033.0,1035.0,1010.0
2018-07-02,0.0,3.54,1054.0,,167,0,1002.0,1055.0,1002.0
2018-07-01,0.0,1.06,1046.0,,568,0,1035.0,1046.0,1035.0
2018-06-28,0.0,2.87,1041.0,,283,0,1015.0,1041.0,1015.0
2018-06-27,0.0,-1.75,1012.0,,348,0,1012.0,1066.0,1012.0
2018-06-26,0.0,-1.9,1030.0,,393,0,1035.0,1039.0,1020.0
2018-06-25,0.0,0.38,1050.0,,191,0,1050.0,1050.0,1041.0
2018-06-24,0.0,-0.38,1046.0,,241,0,1065.0,1070.0,1045.0
2018-06-21,0.0,0.0,1050.0,,294,0,1070.0,1070.0,1040.0
2018-06-20,0.0,-1.87,1050.0,,70,0,1050.0,1050.0,1050.0
2018-06-19,0.0,-0.93,1070.0,,370,0,1061.0,1080.0,1061.0
2018-06-18,0.0,0.93,1080.0,,334,0,1070.0,1080.0,1050.0
2018-06-17,0.0,-1.38,1070.0,,898,0,1065.0,1099.0,1064.0
2018-06-14,0.0,-1.0,1085.0,,463,0,1096.0,1106.0,1085.0
2018-06-13,0.0,0.46,1096.0,,85,0,1100.0,1100.0,1075.0
2018-06-12,0.0,3.9,1091.0,,683,0,1049.0,1091.0,1020.0
2018-06-11,0.0,-0.94,1050.0,,1192,0,1065.0,1101.0,1025.0
2018-06-10,0.0,-5.36,1060.0,,793,0,1120.0,1120.0,1060.0
2018-06-07,0.0,-2.18,1120.0,,932,0,1160.0,1160.0,1120.0
2018-06-06,0.0,2.05,1145.0,,655,0,1144.0,1189.0,1144.0
2018-06-04,0.0,-3.69,1122.0,,2491,0,1150.0,1175.0,1086.0
2018-06-03,0.0,-2.92,1165.0,,1256,0,1178.0,1178.0,1155.0
2018-05-31,0.0,1.69,1200.0,,142,0,1180.0,1203.0,1180.0
2018-05-30,0.0,-0.42,1180.0,,440,0,1208.0,1208.0,1180.0
2018-05-29,0.0,-2.87,1185.0,,857,0,1244.0,1244.0,1185.0
2018-05-27,0.0,-1.54,1154.0,,1581,0,1165.0,1175.0,1125.0
2018-05-23,0.0,0.41,1229.0,,864,0,1200.0,1229.0,1195.0
2018-05-22,0.0,-0.49,1202.0,,2455,0,1215.0,1233.0,1191.0
2018-05-21,0.0,1.32,1230.0,,1092,0,1210.0,1230.0,1200.0
2018-05-20,0.0,0.75,1214.0,,716,0,1186.0,1220.0,1186.0
2018-05-17,0.0,-2.03,1205.0,,1231,0,1206.0,1243.0,1200.0
2018-05-16,0.0,3.62,1230.0,,169,0,1164.0,1230.0,1164.0
2018-05-15,0.0,2.5,1187.0,,176,0,1142.0,1187.0,1142.0
2018-05-14,0.0,-4.69,1170.0,,1466,0,1194.0,1205.0,1158.0
2018-05-08,0.0,4.08,1249.0,,1183,0,1205.0,1249.0,1157.0
2018-05-07,0.0,-1.32,1200.0,,932,0,1193.0,1200.0,1181.0
2018-05-06,0.0,-1.62,1216.0,,458,0,1212.0,1225.0,1212.0
2018-05-03,0.0,0.16,1236.0,,2317,0,1258.0,1264.0,1232.0
2018-05-02,0.0,3.7,1234.0,,998,0,1190.0,1234.0,1144.0
2018-04-29,0.0,-0.75,1190.0,,1091,0,1176.0,1222.0,1133.0
2018-04-26,0.0,-2.91,1199.0,,1483,0,1240.0,1255.0,1180.0
2018-04-25,0.0,-1.2,1235.0,,1287,0,1226.0,1255.0,1215.0
2018-04-24,0.0,-3.18,1251.0,,2291,0,1270.0,1293.0,1221.0
2018-04-23,0.0,-2.64,1291.0,,5634,0,1352.0,1352.0,1240.0
2018-04-19,0.0,2.42,1225.0,,3806,0,1219.0,1225.0,1180.0
2018-04-18,0.0,-2.84,1196.0,,2586,0,1255.0,1255.0,1196.0
2018-04-16,0.0,5.25,1143.0,,1763,0,1105.0,1150.0,1075.0
2018-04-15,0.0,1.5,1086.0,,360,0,1070.0,1090.0,1049.0
2018-04-12,0.0,-0.83,1072.0,,2400,0,1090.0,1105.0,1058.0
2018-04-11,0.0,-0.09,1079.0,,463,0,1059.0,1079.0,1038.0
2018-04-10,0.0,-1.91,1080.0,,795,0,1079.0,1106.0,1079.0
2018-04-09,0.0,-0.72,1101.0,,3042,0,1100.0,1175.0,1100.0
2018-04-08,0.0,6.63,1109.0,,4456,0,1060.0,1110.0,1022.0
2018-04-05,0.0,4.84,1040.0,,4665,0,1011.0,1044.0,990.0
2018-04-04,0.0,3.55,992.0,,4661,0,965.0,1000.0,961.0
2018-04-03,0.0,-0.73,958.0,,2062,0,964.0,968.0,957.0
2018-04-02,0.0,0.0,965.0,,669,0,970.0,970.0,965.0
2018-04-01,0.0,-0.51,966.0,,316,0,951.0,970.0,950.0
2018-03-29,0.0,-0.72,970.0,,1090,0,965.0,980.0,965.0
2018-03-28,0.0,-2.69,977.0,,2168,0,1024.0,1024.0,977.0
2018-03-27,0.0,6.24,1004.0,,819,0,928.0,1004.0,917.0
2018-03-26,0.0,-9.13,945.0,,2141,0,1020.0,1020.0,936.0
2018-03-22,0.0,-1.89,1040.0,,663,0,1039.0,1055.0,1035.0
2018-03-21,0.0,-3.64,1060.0,,1567,0,1090.0,1090.0,1060.0
2018-03-20,0.0,-1.96,1103.0,,1047,0,1101.0,1120.0,1100.0
2018-03-19,0.0,-0.62,1122.0,,281,0,1128.0,1128.0,1115.0
2018-03-18,0.0,-3.91,1140.0,,198,0,1153.0,1153.0,1129.0
2018-03-15,0.0,1.47,1152.0,,621,0,1171.0,1175.0,1158.0
2018-03-14,0.0,1.94,1158.0,,237,0,1136.0,1158.0,1130.0
2018-03-13,0.0,1.88,1136.0,,147,0,1094.0,1136.0,1094.0
2018-03-12,0.0,-2.96,1115.0,,942,0,1149.0,1150.0,1100.0
2018-03-11,0.0,-1.88,1149.0,,818,0,1171.0,1175.0,1148.0
2018-03-07,0.0,-0.34,1171.0,,715,0,1175.0,1185.0,1162.0
2018-03-06,0.0,1.29,1175.0,,847,0,1145.0,1200.0,1105.0
2018-03-04,0.0,-5.51,1200.0,,2391,0,1245.0,1245.0,1160.0
2018-02-28,0.0,-0.24,1270.0,,566,0,1270.0,1295.0,1253.0
2018-02-27,0.0,-3.56,1275.0,,919,0,1294.0,1319.0,1272.0
2018-02-26,0.0,0.76,1320.0,,1105,0,1305.0,1320.0,1293.0
2018-02-25,0.0,-3.39,1330.0,,263,0,1383.0,1383.0,1310.0
2018-02-22,0.0,1.95,1335.0,,291,0,1326.0,1356.0,1325.0
2018-02-21,0.0,0.38,1330.0,,292,0,1325.0,1332.0,1325.0
2018-02-20,0.0,-2.5,1325.0,,676,0,1386.0,1386.0,1325.0
2018-02-15,0.0,8.59,1428.0,,1232,0,1341.0,1428.0,1323.0
2018-02-14,0.0,2.26,1315.0,,323,0,1285.0,1315.0,1280.0
2018-02-12,0.0,-0.69,1286.0,,429,0,1270.0,1295.0,1270.0
2018-02-11,0.0,-0.08,1295.0,,94,0,1285.0,1308.0,1285.0
2018-02-08,0.0,0.86,1296.0,,772,0,1280.0,1318.0,1270.0
2018-02-07,0.0,-0.62,1292.0,,402,0,1293.0,1320.0,1285.0
2018-02-06,0.0,0.0,1293.0,,477,0,1290.0,1300.0,1290.0
2018-02-05,0.0,-1.52,1293.0,,518,0,1300.0,1301.0,1290.0
2018-02-04,0.0,-0.91,1313.0,,277,0,1313.0,1316.0,1312.0
2018-02-01,0.0,1.84,1325.0,,393,0,1326.0,1340.0,1321.0
2018-01-31,0.0,-1.36,1306.0,,734,0,1304.0,1315.0,1301.0
2018-01-29,0.0,-0.68,1319.0,,918,0,1305.0,1323.0,1305.0
2018-01-28,0.0,-0.52,1328.0,,1104,0,1335.0,1350.0,1314.0
2018-01-25,0.0,2.3,1335.0,,342,0,1314.0,1335.0,1305.0
2018-01-24,0.0,0.0,1305.0,,307,0,1305.0,1310.0,1305.0
2018-01-23,0.0,-1.14,1310.0,,338,0,1325.0,1325.0,1300.0
2018-01-22,0.0,-0.75,1320.0,,175,0,1330.0,1330.0,1313.0
2018-01-21,0.0,-0.75,1330.0,,623,0,1342.0,1342.0,1325.0
2018-01-17,0.0,1.13,1340.0,,234,0,1325.0,1351.0,1318.0
2018-01-16,0.0,-1.12,1325.0,,1009,0,1330.0,1340.0,1304.0
2018-01-14,0.0,-1.83,1340.0,,951,0,1350.0,1356.0,1340.0
2018-01-10,0.0,-1.09,1365.0,,683,0,1375.0,1375.0,1355.0
2018-01-08,0.0,-2.01,1365.0,,255,0,1400.0,1400.0,1346.0
2018-01-07,0.0,1.46,1393.0,,86,0,1350.0,1395.0,1344.0
2018-01-04,0.0,1.33,1373.0,,310,0,1345.0,1380.0,1329.0
2018-01-03,0.0,-1.81,1355.0,,646,0,1375.0,1377.0,1355.0
2018-01-02,0.0,0.07,1380.0,,201,0,1355.0,1382.0,1355.0
2018-01-01,0.0,4.87,1379.0,,413,0,1300.0,1379.0,1300.0
2017-12-31,0.0,-3.59,1315.0,,370,0,1350.0,1350.0,1290.0
2017-12-28,0.0,0.0,1365.0,,820,0,1380.0,1385.0,1353.0
2017-12-27,0.0,-1.87,1337.0,,258,0,1363.0,1390.0,1363.0
2017-12-26,0.0,-1.07,1390.0,,430,0,1400.0,1408.0,1377.0
2017-12-24,0.0,0.21,1405.0,,602,0,1400.0,1410.0,1400.0
2017-12-21,0.0,-1.41,1402.0,,180,0,1430.0,1430.0,1402.0
2017-12-20,0.0,0.14,1422.0,,362,0,1414.0,1435.0,1414.0
2017-12-19,0.0,-1.05,1420.0,,239,0,1435.0,1463.0,1420.0
2017-12-18,0.0,0.0,1435.0,,287,0,1435.0,1435.0,1407.0
2017-12-17,0.0,-1.37,1435.0,,80,0,1455.0,1455.0,1435.0
2017-12-14,0.0,0.21,1450.0,,66,0,1425.0,1453.0,1425.0
2017-12-13,0.0,-0.48,1450.0,,33,0,1445.0,1450.0,1445.0
2017-12-12,0.0,-3.83,1457.0,,433,0,1485.0,1485.0,1455.0
2017-12-10,0.0,1.88,1515.0,,202,0,1516.0,1516.0,1514.0
2017-12-06,0.0,3.99,1487.0,,607,0,1430.0,1487.0,1430.0
2017-12-05,0.0,-1.52,1430.0,,211,0,1451.0,1451.0,1430.0
2017-12-04,0.0,-1.16,1452.0,,221,0,1446.0,1453.0,1446.0
2017-11-30,0.0,-0.34,1469.0,,670,0,1470.0,1475.0,1441.0
2017-11-29,0.0,2.72,1474.0,,705,0,1425.0,1492.0,1420.0
2017-11-28,0.0,-0.83,1435.0,,111,0,1420.0,1440.0,1420.0
2017-11-27,0.0,1.19,1447.0,,815,0,1458.0,1475.0,1447.0
2017-11-22,0.0,0.0,1415.0,,563,0,1387.0,1420.0,1387.0
2017-11-21,0.0,0.21,1415.0,,808,0,1410.0,1465.0,1410.0
2017-11-20,0.0,-0.91,1415.0,,211,0,1430.0,1430.0,1410.0
2017-11-19,0.0,-2.73,1425.0,,129,0,1465.0,1465.0,1421.0
2017-11-16,0.0,-1.35,1466.0,,131,0,1480.0,1480.0,1465.0
2017-11-15,0.0,-0.27,1485.0,,648,0,1489.0,1515.0,1485.0
2017-11-14,0.0,3.04,1480.0,,1083,0,1465.0,1490.0,1456.0
2017-11-13,0.0,0.28,1446.0,,931,0,1420.0,1450.0,1420.0
2017-11-09,0.0,1.06,1429.0,,827,0,1415.0,1450.0,1415.0
2017-11-08,0.0,-3.94,1415.0,,682,0,1444.0,1444.0,1415.0
2017-11-07,0.0,-1.8,1473.0,,243,0,1475.0,1475.0,1471.0
2017-11-05,0.0,-2.61,1490.0,,477,0,1500.0,1500.0,1470.0
2017-11-02,0.0,-1.92,1545.0,,574,0,1560.0,1565.0,1530.0
2017-11-01,0.0,-1.33,1560.0,,209,0,1550.0,1575.0,1550.0
2017-10-31,0.0,-0.75,1581.0,,55,0,1580.0,1600.0,1580.0
2017-10-30,0.0,-1.97,1593.0,,251,0,1600.0,1600.0,1593.0
2017-10-29,0.0,-3.45,1626.0,,567,0,1683.0,1683.0,1595.0
2017-10-25,0.0,1.94,1683.0,,121,0,1630.0,1683.0,1630.0
2017-10-24,0.0,-1.14,1651.0,,145,0,1670.0,1670.0,1651.0
2017-10-22,0.0,0.0,1632.0,,152,0,1670.0,1695.0,1665.0
2017-10-18,0.0,1.52,1665.0,,706,0,1630.0,1667.0,1620.0
2017-10-17,0.0,1.86,1640.0,,820,0,1615.0,1680.0,1615.0
2017-10-16,0.0,3.21,1610.0,,198,0,1560.0,1622.0,1560.0
2017-10-15,0.0,0.0,1555.0,,219,0,1560.0,1560.0,1540.0
2017-10-12,0.0,-0.7,1560.0,,188,0,1561.0,1570.0,1560.0
2017-10-11,0.0,0.0,1571.0,,287,0,1550.0,1571.0,1550.0
2017-10-10,0.0,-0.88,1571.0,,348,0,1566.0,1581.0,1566.0
2017-10-09,0.0,-3.0,1585.0,,385,0,1604.0,1610.0,1582.0
2017-10-08,0.0,-3.31,1634.0,,191,0,1658.0,1658.0,1625.0
2017-10-04,0.0,-1.69,1690.0,,79,0,1700.0,1700.0,1690.0
2017-10-03,0.0,0.0,1719.0,,44,0,1719.0,1719.0,1719.0
2017-09-26,0.0,1.12,1719.0,,4029,0,1710.0,1719.0,1676.0
2017-09-25,0.0,-1.16,1700.0,,288,0,1719.0,1719.0,1695.0
2017-09-24,0.0,-2.05,1720.0,,291,0,1774.0,1775.0,1720.0
2017-09-20,0.0,-1.79,1756.0,,404,0,1775.0,1775.0,1750.0
2017-09-18,0.0,0.0,1788.0,,1683,0,1788.0,1855.0,1788.0
2017-09-17,0.0,1.17,2325.0,,3844,0,2300.0,2350.0,2300.0
2017-09-14,0.0,-0.73,2298.0,,1267,0,2349.0,2349.0,2280.0
2017-09-13,0.0,0.43,2315.0,,1137,0,2260.0,2340.0,2260.0
2017-09-12,0.0,-2.12,2305.0,,1802,0,2355.0,2355.0,2305.0
2017-09-11,0.0,-0.8,2355.0,,1762,0,2374.0,2388.0,2336.0
2017-09-10,0.0,-0.54,2374.0,,6000,0,2401.0,2440.0,2300.0
2017-09-07,0.0,2.14,2387.0,,1125,0,2350.0,2387.0,2330.0
2017-09-06,0.0,1.61,2337.0,,1177,0,2320.0,2399.0,2320.0
2017-09-04,0.0,-1.08,2300.0,,1490,0,2324.0,2324.0,2261.0
2017-08-30,0.0,0.39,2350.0,,1752,0,2340.0,2390.0,2340.0
2017-08-28,0.0,-2.01,2340.0,,2066,0,2400.0,2400.0,2334.0
2017-08-23,0.0,0.0,2355.0,,1360,0,2356.0,2375.0,2350.0
2017-08-22,0.0,0.08,2355.0,,1149,0,2350.0,2437.0,2345.0
2017-08-21,0.0,-3.17,2353.0,,619,0,2385.0,2390.0,2351.0
2017-08-20,0.0,2.1,2430.0,,755,0,2341.0,2432.0,2340.0
2017-08-17,0.0,-1.29,2380.0,,1310,0,2395.0,2402.0,2361.0
2017-08-16,0.0,1.3,2411.0,,1354,0,2427.0,2429.0,2385.0
2017-08-15,0.0,-0.08,2375.0,,1035,0,2380.0,2381.0,2335.0
2017-08-13,0.0,-3.8,2382.0,,2800,0,2460.0,2460.0,2368.0
2017-08-10,0.0,-1.59,2476.0,,4364,0,2540.0,2549.0,2476.0
2017-08-09,0.0,3.2,2516.0,,8108,0,2438.0,2599.0,2412.0
2017-08-07,0.0,-0.69,2438.0,,1563,0,2440.0,2450.0,2380.0
2017-08-06,0.0,-3.35,2455.0,,3983,0,2570.0,2570.0,2455.0
2017-08-02,0.0,-1.62,2418.0,,1858,0,2450.0,2450.0,2401.0
2017-08-01,0.0,4.84,2469.0,,3586,0,2350.0,2469.0,2331.0
2017-07-31,0.0,-1.05,2355.0,,1418,0,2370.0,2400.0,2334.0
2017-07-30,0.0,0.21,2380.0,,2077,0,2345.0,2400.0,2282.0
2017-07-27,0.0,8.15,2375.0,,3123,0,2202.0,2415.0,2202.0
2017-07-26,0.0,-1.52,2196.0,,779,0,2250.0,2251.0,2196.0
2017-07-25,0.0,0.13,2230.0,,791,0,2222.0,2245.0,2220.0
2017-07-24,0.0,-1.15,2227.0,,2418,0,2220.0,2250.0,2214.0
2017-07-23,0.0,-0.31,2264.0,,1704,0,2262.0,2280.0,2251.0
2017-07-20,0.0,0.0,2260.0,,879,0,2235.0,2274.0,2225.0
2017-07-19,0.0,-1.95,2260.0,,2192,0,2290.0,2320.0,2215.0
2017-07-18,0.0,2.44,2305.0,,3126,0,2260.0,2320.0,2225.0
2017-07-17,0.0,2.83,2250.0,,1941,0,2188.0,2250.0,2156.0
2017-07-16,0.0,-0.73,2190.0,,804,0,2205.0,2215.0,2185.0
2017-07-13,0.0,-0.9,2204.0,,734,0,2224.0,2229.0,2200.0
2017-07-12,0.0,0.5,2224.0,,689,0,2214.0,2245.0,2210.0
2017-07-11,0.0,0.14,2213.0,,701,0,2209.0,2240.0,2200.0
2017-07-10,0.0,0.23,2210.0,,1620,0,2206.0,2248.0,2206.0
2017-07-06,0.0,1.97,2325.0,,859,0,2300.0,2350.0,2280.0
2017-07-05,0.0,3.17,2280.0,,1061,0,2210.0,2280.0,2190.0
2017-07-04,0.0,-1.34,2210.0,,843,0,2240.0,2245.0,2202.0
2017-07-03,0.0,0.99,2240.0,,1136,0,2200.0,2244.0,2200.0
2017-07-02,0.0,-1.42,2218.0,,925,0,2240.0,2290.0,2216.0
2017-06-28,0.0,-1.19,2250.0,,1418,0,2232.0,2272.0,2232.0
2017-06-27,0.0,-0.35,2277.0,,1125,0,2300.0,2330.0,2270.0
2017-06-25,0.0,-0.22,2285.0,,605,0,2265.0,2301.0,2265.0
2017-06-22,0.0,0.79,2290.0,,597,0,2256.0,2290.0,2256.0
2017-06-21,0.0,-1.0,2272.0,,777,0,2295.0,2315.0,2252.0
2017-06-20,0.0,0.66,2295.0,,1178,0,2275.0,2331.0,2250.0
2017-06-19,0.0,-2.56,2280.0,,1495,0,2340.0,2369.0,2267.0
2017-06-15,0.0,-0.79,2398.0,,2083,0,2380.0,2449.0,2350.0
2017-06-14,0.0,0.92,2408.0,,900,0,2400.0,2419.0,2361.0
2017-06-13,0.0,-2.12,2397.0,,936,0,2450.0,2500.0,2353.0
2017-06-12,0.0,0.74,2449.0,,2655,0,2390.0,2450.0,2375.0
2017-06-11,0.0,-3.15,2431.0,,2170,0,2475.0,2475.0,2413.0
2017-06-08,0.0,-0.59,2510.0,,2104,0,2500.0,2525.0,2480.0
2017-06-07,0.0,-0.51,2525.0,,5278,0,2586.0,2599.0,2520.0
2017-06-06,0.0,2.5,2538.0,,2535,0,2500.0,2545.0,2476.0
2017-06-05,0.0,1.48,2476.0,,3213,0,2450.0,2487.0,2445.0
2017-06-04,0.0,-2.87,2440.0,,1476,0,2505.0,2505.0,2382.0
2017-06-01,0.0,-3.31,2512.0,,3711,0,2547.0,2547.0,2472.0
2017-05-30,0.0,-1.26,2585.0,,3110,0,2566.0,2610.0,2541.0
2017-05-28,0.0,-3.86,2618.0,,4617,0,2670.0,2670.0,2598.0
2017-05-23,0.0,-1.96,2750.0,,23569,0,2861.0,3085.0,2690.0
2017-05-22,0.0,10.0,2861.0,,1780,0,2601.0,2805.0,2601.0
2017-05-21,0.0,9.96,2550.0,,478,0,2365.0,2550.9,2365.0
2017-05-17,0.0,9.96,2109.0,,72,0,1956.0,2109.0,1956.0
2017-05-15,0.0,1.97,1918.0,,10,0,1918.0,1918.0,1918.0
2017-05-11,0.0,2.0,1880.88,,10,0,1880.88,1880.88,1880.88
2017-05-08,0.0,10.0,1705.0,,75,0,1581.0,1705.0,1581.0
2017-05-07,0.0,8.09,1550.0,,43,0,1462.0,1550.0,1462.0
2017-05-04,0.0,3.99,1434.0,,28,0,1406.0,1434.0,1406.0
2017-04-30,0.0,4.0,1379.0,,22,0,1352.0,1379.0,1352.0
2017-04-27,0.0,9.95,1352.0,,312,0,1230.0,1326.0,1230.0
2017-04-26,0.0,1.94,1206.0,,10,0,1206.0,1206.0,1206.0
2017-04-24,0.0,1.98,1183.0,,20,0,1183.0,1183.0,1183.0
2017-04-20,0.0,8.01,1160.0,,40,0,1095.0,1160.0,1095.0
2017-04-13,0.0,1.99,1074.0,,10,0,1074.0,1074.0,1074.0
2017-04-12,0.0,1.94,1053.0,,20,0,1053.0,1053.0,1053.0
2017-04-11,0.0,5.95,1033.0,,35,0,994.0,1033.0,994.0
2017-04-09,0.0,0.0,994.0,,10,0,,,
2017-03-26,0.0,1.94,894.0,,10,0,894.0,894.0,894.0
2017-03-22,0.0,3.91,877.0,,27,0,860.0,877.0,860.0
2017-03-21,0.0,5.9,844.0,,50,0,812.0,844.0,812.0
2017-03-20,0.0,0.0,812.0,,4,0,,,
2017-03-14,0.0,1.92,797.0,,10,0,797.0,797.0,797.0
2017-03-02,0.0,3.99,782.0,,41,0,767.0,782.0,767.0
2017-03-01,0.0,5.91,752.0,,30,0,724.0,752.0,724.0
2017-02-26,0.0,3.8,710.0,,20,0,697.0,710.0,697.0
2017-02-14,0.0,1.94,684.0,,10,0,684.0,684.0,684.0
2017-02-13,0.0,3.87,671.0,,20,0,658.0,671.0,658.0
2017-02-12,0.0,5.9,646.0,,74,0,622.0,646.0,622.0
2017-02-09,0.0,5.72,610.0,,30,0,588.0,610.0,588.0
2017-02-06,0.0,0.0,588.0,,18,0,,,
2017-01-24,0.0,1.94,577.0,,10,0,577.0,577.0,577.0
2017-01-23,0.0,3.85,566.0,,41,0,555.0,566.0,555.0
2017-01-19,0.0,1.87,545.0,,10,0,545.0,545.0,545.0
2016-12-26,0.0,9.86,535.0,,50,0,496.0,535.0,496.0
2016-12-21,0.0,7.98,487.0,,40,0,460.0,487.0,460.0
2016-12-18,0.0,3.77,496.0,,20,0,487.0,496.0,487.0
2016-12-15,0.0,5.99,478.0,,92,0,460.0,478.0,460.0
2016-12-06,0.0,7.64,451.0,,50,0,427.0,451.0,427.0
2016-11-24,0.0,1.95,419.0,,10,0,419.0,419.0,419.0
2016-09-08,0.0,4.85,411.0,,10,0,411.0,411.0,411.0
2016-09-05,0.0,0.0,392.0,,10,0,392.0,392.0,392.0
