DATE,CHANGE,CHANGE %,CLOSE,TURNOVER,VOLUME,TRADE,OPEN,HIGH,LOW
2026-05-08,3.8,1.03,371.9,65.06,17577,156,366.0,371.9,366.0
2026-05-07,0.1,0.03,368.1,57.15,15551,150,372.0,372.0,365.0
2026-05-06,1.0,0.27,368.0,41.5,11261,123,372.0,372.0,368.0
2026-05-05,-2.0,-0.54,367.0,,28439,227,367.0,372.5,364.0
2026-05-04,-3.0,-0.81,369.0,79.93,21605,197,371.0,375.0,367.0
2026-04-30,3.4,0.92,372.0,,28768,213,371.0,372.0,366.0
2026-04-29,-2.4,-0.65,368.6,,33562,223,370.1,374.9,368.6
2026-04-28,-2.0,-0.54,371.0,,34221,232,373.0,376.0,370.0
2026-04-27,-2.0,-0.53,373.0,94.37,25198,185,375.0,380.0,370.3
2026-04-24,0.0,0.0,375.0,,34176,208,375.0,375.0,369.0
2026-04-23,-0.9,-0.24,375.0,81.84,21865,158,380.0,380.0,371.1
2026-04-22,0.3,0.08,375.9,,31794,242,376.0,377.9,370.2
2026-04-21,-4.3,-1.13,375.6,59.18,15677,158,379.0,383.0,375.1
2026-04-20,1.9,0.5,379.9,92.57,24467,183,378.0,381.9,375.0
2026-04-17,-1.0,-0.26,378.0,,30508,263,383.9,383.9,375.0
2026-04-16,-4.9,-1.28,379.0,,36358,258,386.0,386.0,378.0
2026-04-15,4.9,1.29,383.9,,38263,234,382.0,385.0,380.0
2026-04-13,-2.0,-0.52,379.0,,36545,227,386.0,386.0,378.0
2026-04-10,-4.5,-1.17,381.0,,65444,348,386.0,387.0,377.8
2026-04-09,3.7,0.97,385.5,,48228,301,382.0,386.0,380.2
2026-04-08,6.7,1.79,381.8,,34300,236,375.1,381.8,375.1
2026-04-07,-1.9,-0.5,375.1,,46124,330,379.9,381.5,374.5
2026-04-06,13.0,3.57,377.0,,59589,419,360.2,379.4,359.0
2026-04-05,-10.9,-2.91,364.0,,88150,564,375.0,375.0,363.0
2026-04-02,1.7,0.46,374.9,,66300,429,369.0,377.1,362.2
2026-04-01,-11.3,-2.94,373.2,,78799,466,381.1,383.8,371.0
2026-03-31,4.7,1.24,384.5,,76188,522,375.2,385.5,373.0
2026-03-30,-7.4,-1.91,379.8,,107896,629,385.0,389.8,376.0
2026-03-29,-11.9,-2.98,387.2,,103349,627,397.0,401.1,387.2
2026-03-26,-1.9,-0.47,399.1,,66451,353,401.0,401.0,396.0
2026-03-25,-3.9,-0.96,401.0,,74481,374,404.0,409.0,401.0
2026-03-24,-0.6,-0.15,404.9,,66971,403,409.0,409.5,401.1
2026-03-23,-2.5,-0.61,405.5,,105361,610,412.4,412.4,401.1
2026-03-22,7.9,1.97,408.0,,239204,1048,408.0,411.0,405.0
2026-03-19,14.2,3.68,400.1,,206199,946,387.0,402.0,387.0
2026-03-17,0.9,0.23,385.9,,37662,208,388.9,388.9,382.0
2026-03-16,-6.0,-1.53,385.0,,62110,377,391.0,392.0,385.0
2026-03-15,1.3,0.33,391.0,,104709,483,390.0,397.0,390.0
2026-03-12,1.7,0.44,389.7,,96884,490,382.2,394.0,381.3
2026-03-11,-5.0,-1.27,388.0,,91010,526,400.0,400.0,385.3
2026-03-10,7.1,1.84,393.0,,274867,1394,393.6,407.0,385.0
2026-03-09,14.9,4.02,385.9,3.38,888,6,378.4,385.9,378.4
2026-03-03,5.0,1.37,371.0,,43932,267,366.0,374.0,362.0
2026-03-01,5.6,1.55,366.0,,44163,261,360.0,366.2,356.3
2026-02-26,-1.1,-0.3,360.4,,31566,179,361.5,363.9,359.5
2026-02-25,1.6,0.44,361.5,,28787,157,360.0,363.4,358.4
2026-02-24,2.1,0.59,359.9,69.77,19432,157,356.0,362.0,356.0
2026-02-23,3.8,1.07,357.8,98.55,27626,153,353.7,359.0,353.7
2026-02-22,-5.0,-1.39,354.0,,59096,370,359.9,362.0,353.2
2026-02-17,-4.0,-1.1,359.0,,47763,354,363.0,366.0,358.7
2026-02-16,-1.8,-0.49,363.0,,32026,200,369.0,369.0,362.1
2026-02-12,3.5,0.97,364.8,,50073,270,360.8,366.0,360.0
2026-02-11,0.8,0.22,361.3,,40706,227,367.7,370.0,360.6
2026-02-10,-5.3,-1.45,360.5,,42278,254,367.0,367.0,360.0
2026-02-09,-5.7,-1.53,365.8,,77716,351,364.1,386.0,364.0
2026-02-08,2.4,0.65,371.5,,55374,407,370.9,376.0,370.0
2026-02-05,5.8,1.6,369.1,,58013,390,361.0,370.0,360.0
2026-02-04,1.0,0.28,363.3,,51887,257,361.0,366.8,359.0
2026-02-03,-2.5,-0.69,362.3,,50652,303,365.9,368.0,361.6
2026-02-02,1.0,0.27,364.8,,36582,237,364.0,365.1,360.1
2026-02-01,1.7,0.47,363.8,,57012,368,362.0,365.0,358.5
2026-01-29,-1.9,-0.52,362.1,,82065,399,365.1,369.4,362.1
2026-01-28,-1.0,-0.27,364.0,,49437,368,365.0,369.8,360.2
2026-01-27,-11.5,-3.05,365.0,,109414,651,380.0,380.0,363.1
2026-01-26,-10.1,-2.61,376.5,,131865,622,388.0,388.0,372.8
2026-01-25,-1.4,-0.36,386.6,,112505,590,390.5,390.5,377.0
2026-01-22,16.1,4.33,388.0,,88444,386,367.0,395.0,366.0
2026-01-21,-2.1,-0.56,371.9,,84566,403,377.9,379.9,368.0
2026-01-20,7.0,1.91,374.0,,172840,742,368.9,380.0,362.0
2026-01-18,18.0,5.16,367.0,,126744,512,347.0,367.0,346.6
2026-01-14,-0.2,-0.06,349.0,,62805,244,353.9,354.8,347.1
2026-01-13,-1.8,-0.51,349.2,,39171,222,352.0,354.0,348.0
2026-01-12,1.0,0.29,351.0,,32646,216,350.0,354.0,349.3
2026-01-08,-2.0,-0.57,350.0,76.72,21943,135,352.0,352.0,348.5
2026-01-07,-1.8,-0.51,352.0,,29813,180,354.9,355.0,350.0
2026-01-06,2.8,0.8,353.8,,47759,267,353.9,355.7,350.0
2026-01-05,5.0,1.45,351.0,,47306,292,347.0,353.9,345.0
2026-01-04,-6.0,-1.7,346.0,,38670,261,350.0,353.0,346.0
2026-01-01,-2.9,-0.82,352.0,,28968,196,355.0,355.0,350.2
2025-12-31,1.3,0.37,354.9,,30485,192,348.8,357.9,348.0
2025-12-29,3.6,1.03,353.6,,101469,351,350.0,359.9,347.2
2025-12-28,7.4,2.16,350.0,,50133,365,346.0,352.0,343.1
2025-12-24,-1.0,-0.29,342.6,,40508,308,340.1,345.0,340.1
2025-12-23,-0.4,-0.12,343.6,60.19,17441,123,347.5,347.5,342.5
2025-12-22,-3.0,-0.86,344.0,65.33,18902,127,347.0,348.4,344.0
2025-12-21,-2.0,-0.57,347.0,44.45,12801,127,349.0,350.0,346.0
2025-12-18,-2.0,-0.57,349.0,75.16,21513,140,353.8,353.8,348.0
2025-12-17,-0.6,-0.17,351.0,,32222,177,351.9,354.9,348.2
2025-12-16,6.7,1.94,351.6,98.36,28205,161,346.5,351.7,345.0
2025-12-15,2.4,0.7,344.9,,33298,143,343.5,345.7,342.1
2025-12-14,-1.5,-0.44,342.5,63.01,18350,132,346.9,346.9,342.5
2025-12-11,1.0,0.29,344.0,,29195,167,347.0,349.1,343.0
2025-12-10,0.0,0.0,343.0,98.03,28584,134,342.0,345.0,342.0
2025-12-09,0.8,0.23,343.0,61.06,17815,130,345.0,345.0,341.4
2025-12-08,-2.8,-0.81,342.2,,40530,203,347.9,347.9,341.3
2025-12-07,-2.9,-0.83,345.0,,48961,243,347.5,351.3,344.0
2025-12-03,-3.1,-0.88,347.9,,47587,240,354.0,354.0,345.4
2025-12-02,-2.2,-0.62,351.0,44.13,12546,106,355.8,355.8,350.5
2025-12-01,-0.3,-0.08,353.2,75.03,21246,136,354.0,355.0,351.9
2025-11-30,-3.3,-0.92,353.5,86.22,24193,167,359.0,359.0,353.5
2025-11-27,-0.2,-0.06,356.8,93.83,26433,157,355.0,358.2,354.0
2025-11-26,0.2,0.06,357.0,87.56,24715,135,355.0,358.7,352.0
2025-11-25,-1.7,-0.47,356.8,,37304,138,357.6,359.8,354.0
2025-11-24,5.6,1.59,358.5,,42249,197,352.9,360.0,352.9
2025-11-23,5.9,1.7,352.9,,39475,196,347.0,353.0,345.0
2025-11-20,-1.5,-0.43,347.0,85.21,24615,166,349.8,349.8,345.0
2025-11-19,-3.5,-0.99,348.5,90.84,25921,167,354.7,358.7,348.3
2025-11-18,5.0,1.44,352.0,,42886,198,348.7,355.0,348.0
2025-11-17,0.0,0.0,347.0,77.4,22281,157,347.0,348.5,345.7
2025-11-16,-0.4,-0.12,347.0,64.55,18662,143,344.1,347.2,344.1
2025-11-13,0.4,0.12,347.4,99.22,28739,177,346.0,348.0,343.6
2025-11-12,-2.0,-0.57,347.0,47.64,13690,131,350.9,354.0,346.5
2025-11-11,-1.9,-0.54,349.0,,50438,235,351.1,351.1,345.0
2025-11-10,-2.7,-0.76,350.9,,40402,260,353.0,354.0,349.0
2025-11-09,-3.4,-0.95,353.6,,36008,247,364.1,364.1,353.5
2025-11-06,-7.0,-1.92,357.0,,72779,332,357.7,365.0,356.0
2025-11-05,-5.0,-1.36,364.0,,61427,266,366.2,370.0,360.0
2025-11-04,-3.0,-0.81,369.0,,44511,224,373.0,375.0,367.0
2025-11-03,-2.3,-0.61,372.0,,50929,240,375.0,380.9,370.0
2025-11-02,2.3,0.62,374.3,,68908,334,376.0,379.4,372.0
2025-10-30,0.0,0.0,372.0,,41295,214,376.0,376.0,368.3
2025-10-29,-2.5,-0.67,372.0,,41568,245,375.5,380.0,370.0
2025-10-28,9.5,2.6,374.5,,64227,299,365.0,380.0,363.5
2025-10-26,-5.5,-1.48,365.0,,39269,212,369.0,370.0,363.0
2025-10-19,-13.1,-3.42,370.5,,79370,546,376.0,377.0,364.0
2025-10-16,-0.3,-0.07,435.5,,350740,1308,439.9,440.0,435.0
2025-10-15,-2.2,-0.5,435.8,,88617,450,437.0,438.1,434.3
2025-10-14,-2.0,-0.45,438.0,,91570,390,442.0,443.0,436.3
2025-10-13,8.0,1.85,440.0,,113623,571,440.0,443.0,432.0
2025-10-12,-10.0,-2.26,432.0,,310008,1045,448.0,448.0,426.4
2025-10-09,-0.5,-0.11,442.0,,270324,997,451.3,467.0,438.3
2025-10-08,-14.6,-3.19,442.5,,272379,1042,460.0,460.0,440.0
2025-10-07,-2.6,-0.57,457.1,,117960,624,463.0,464.0,456.3
2025-09-28,0.2,0.04,459.7,,91917,404,463.0,464.0,457.0
2025-09-25,2.8,0.61,459.5,,77843,332,456.7,460.0,454.0
2025-09-24,-0.3,-0.07,456.7,,173277,532,457.0,465.2,450.0
2025-09-23,6.16,1.37,457.0,,156849,638,455.9,464.0,448.0
2025-09-21,24.84,5.83,450.84,,270887,971,426.0,452.0,425.0
2025-09-18,-11.63,-2.66,426.0,,35074,124,430.0,433.5,416.1
2025-09-08,-4.71,-1.06,437.63,,86081,307,450.0,450.0,436.0
2025-09-07,0.51,0.12,442.34,,49580,194,450.6,450.6,436.0
2025-09-04,0.23,0.05,441.83,,52967,269,449.0,449.0,439.0
2025-09-03,-4.36,-0.98,441.6,,70192,260,448.9,448.9,440.0
2025-09-02,-1.06,-0.24,445.96,,68583,260,455.0,455.0,445.0
2025-09-01,5.39,1.22,447.02,,107160,276,450.4,450.4,438.0
2025-08-31,-7.02,-1.56,441.63,,101462,371,445.0,449.0,440.1
2025-08-28,-12.1,-2.63,448.65,,199228,623,465.0,465.0,446.2
2025-08-27,15.95,3.59,460.75,,260167,878,449.0,477.0,441.1
2025-08-26,6.53,1.49,444.8,,59396,264,440.0,450.0,436.1
2025-08-25,3.69,0.85,438.27,,119543,434,433.1,440.0,429.6
2025-08-24,-10.59,-2.38,434.58,,176784,533,445.0,450.0,433.5
2025-08-21,-6.2,-1.37,445.17,,123854,427,447.0,456.0,444.0
2025-08-20,-6.78,-1.48,451.37,,131958,351,459.0,462.0,449.0
2025-08-19,0.23,0.05,458.15,,250783,744,462.0,469.3,456.0
2025-08-18,0.48,0.1,457.92,,139748,453,457.0,464.0,452.0
2025-08-17,12.96,2.92,457.44,,416950,1389,452.0,467.5,447.1
2025-08-14,5.14,1.17,444.48,,122383,339,448.0,448.0,438.0
2025-08-13,2.23,0.51,439.34,,104667,309,431.0,443.0,430.1
2025-08-12,-1.12,-0.26,437.11,,155224,311,440.0,440.0,430.0
2025-08-11,-4.28,-0.97,438.23,,140512,329,450.0,450.0,435.2
2025-08-07,0.43,0.1,442.51,,107167,388,436.0,448.0,436.0
2025-08-06,-2.69,-0.6,442.08,,93452,363,440.1,446.7,440.1
2025-08-05,-10.3,-2.26,444.77,,151966,405,453.1,464.1,443.8
2025-08-04,1.27,0.28,455.07,,259399,791,455.0,462.6,442.1
2025-08-03,-11.21,-2.41,453.8,,256685,922,465.0,466.0,451.3
2025-07-31,-10.57,-2.22,465.01,,406806,1104,470.0,480.0,463.0
2025-07-30,-13.97,-2.85,475.58,,335832,1002,488.0,490.1,474.0
2025-07-29,-1.77,-0.36,489.55,,364259,1128,501.1,501.1,483.0
2025-07-28,6.97,1.44,491.32,,542936,1933,475.1,503.0,471.0
2025-07-27,10.63,2.24,484.35,,575276,1899,469.9,498.7,469.9
2025-07-24,9.14,1.97,473.72,,480131,1321,458.0,479.9,455.8
2025-07-23,-2.08,-0.45,464.58,,358311,1143,470.0,471.0,455.0
2025-07-22,20.57,4.61,466.66,,575106,1951,450.0,477.0,445.0
2025-07-21,16.76,3.9,446.09,,474799,1607,435.0,454.0,427.0
2025-07-20,9.34,2.22,429.33,,412854,1529,428.3,441.9,422.0
2025-07-17,14.07,3.47,419.99,,201905,782,410.0,421.3,410.0
2025-07-16,12.76,3.25,405.92,,184013,628,392.2,408.0,392.2
2025-07-15,3.03,0.78,393.16,,64732,175,392.0,394.9,388.1
2025-07-14,-8.63,-2.16,390.13,,79237,253,397.0,403.0,390.0
2025-07-13,9.51,2.44,398.76,,134966,527,397.0,402.9,391.0
2025-07-10,5.87,1.53,389.25,,93123,399,385.0,392.5,382.0
2025-07-09,3.03,0.8,383.38,,40247,197,380.0,385.5,379.0
2025-07-08,6.42,1.72,380.35,,58021,245,379.0,385.0,370.2
2025-07-07,-8.0,-2.09,373.93,,57711,234,377.2,383.9,373.0
2025-07-06,-0.72,-0.19,381.93,,64069,298,386.0,390.0,381.0
2025-07-03,17.75,4.86,382.65,,180602,941,369.0,393.0,369.0
2025-07-02,5.32,1.48,364.9,,52887,240,361.8,367.0,357.2
2025-07-01,2.94,0.82,359.58,,32677,165,356.64,361.0,356.0
2025-06-30,2.03,0.57,356.64,55.04,15438,112,358.0,359.0,355.0
2025-06-29,0.61,0.17,354.61,,29890,153,354.0,355.0,353.0
2025-06-26,-0.28,-0.08,354.0,80.32,22749,140,354.0,354.8,352.4
2025-06-25,0.22,0.06,354.28,88.8,25076,119,354.2,355.0,353.1
2025-06-24,-1.95,-0.55,354.06,,45315,202,355.3,357.8,353.7
2025-06-23,0.21,0.06,356.01,70.06,19703,99,357.0,358.0,354.3
2025-06-22,-2.02,-0.56,355.8,,36129,160,355.7,361.0,355.0
2025-06-19,-1.02,-0.28,357.82,,52103,166,358.0,360.0,355.9
2025-06-18,-0.16,-0.04,358.84,94.34,26278,125,359.0,361.0,358.3
2025-06-17,-0.62,-0.17,359.0,88.18,24516,122,362.3,363.5,359.0
2025-06-16,0.23,0.06,359.62,84.09,23361,130,357.1,362.0,357.1
2025-06-15,-1.53,-0.42,359.39,,47222,198,363.0,365.5,359.3
2025-06-12,-2.52,-0.69,360.92,,36879,166,368.0,368.0,359.6
2025-06-11,2.7,0.75,363.44,,30423,123,358.2,365.0,358.1
2025-06-10,0.75,0.21,360.74,,32398,169,366.0,366.0,360.1
2025-06-09,0.77,0.21,359.99,63.2,17559,108,358.0,363.9,357.3
2025-06-08,-0.31,-0.09,359.22,,34313,144,365.0,365.0,358.2
2025-06-05,-1.03,-0.29,359.53,90.72,25243,136,360.0,362.0,358.1
2025-06-04,-1.94,-0.54,360.56,53.36,14790,100,359.1,364.6,359.1
2025-06-03,-3.71,-1.01,362.5,59.16,16303,111,362.1,366.0,362.1
2025-06-02,-3.19,-0.86,366.21,,28491,194,376.0,376.0,365.5
2025-05-28,2.19,0.6,369.4,,35910,165,366.0,371.9,360.4
2025-05-27,1.46,0.4,367.21,51.95,14238,101,366.0,368.0,361.6
2025-05-26,0.05,0.01,365.75,,31325,176,373.0,374.0,365.1
2025-05-25,-2.87,-0.78,365.7,68.78,18803,128,369.0,369.0,364.5
2025-05-22,3.03,0.83,368.57,99.56,27079,133,367.0,371.0,365.0
2025-05-21,-0.5,-0.14,365.54,,51203,260,370.0,380.0,365.0
2025-05-20,3.42,0.94,366.04,87.56,24152,170,363.1,367.0,358.0
2025-05-19,-1.6,-0.44,362.62,99.18,27479,159,365.0,366.0,358.2
2025-05-18,-2.88,-0.78,364.22,97.0,26543,175,368.0,371.0,362.7
2025-05-15,1.53,0.42,367.1,,41470,224,370.0,370.0,362.7
2025-05-14,6.42,1.79,365.57,,60679,302,360.0,370.0,358.2
2025-05-13,1.18,0.33,359.15,,47049,255,358.9,366.5,354.0
2025-05-11,2.42,0.68,357.97,70.69,19803,143,358.0,359.0,355.0
2025-05-08,-1.73,-0.48,355.55,97.09,27269,144,355.1,359.8,354.6
2025-05-07,6.82,1.95,357.28,,41245,204,350.2,360.0,349.0
2025-05-06,-1.74,-0.49,350.46,94.59,26957,179,352.6,354.9,350.1
2025-05-05,-1.61,-0.46,352.2,83.47,23659,133,353.5,355.0,351.2
2025-05-04,0.03,0.01,353.81,54.49,15389,123,352.1,357.9,352.1
2025-04-30,-0.97,-0.27,353.78,80.35,22673,133,354.1,359.0,353.2
2025-04-29,-1.68,-0.47,354.75,,33314,157,356.43,359.0,353.5
2025-04-28,0.04,0.01,356.43,73.4,20578,136,355.2,360.5,355.0
2025-04-27,0.0,0.0,356.39,78.91,22090,144,361.9,361.9,356.0
2025-04-24,-1.06,-0.3,356.39,,32300,192,355.8,359.0,355.5
2025-04-23,-3.25,-0.9,357.45,59.78,16695,120,358.4,362.0,356.1
2025-04-22,-1.3,-0.36,360.7,89.91,24970,186,361.0,362.0,359.0
2025-04-21,-3.59,-0.98,362.0,53.53,14764,119,364.0,365.0,361.0
2025-04-20,0.13,0.04,365.59,,31328,184,366.0,369.0,363.0
2025-04-17,3.47,0.96,365.46,97.68,26762,157,364.0,366.9,363.0
2025-04-16,0.09,0.02,361.99,63.93,17645,131,362.5,364.0,360.3
2025-04-15,1.35,0.37,361.9,72.23,19955,126,359.0,363.0,358.2
2025-04-13,-1.04,-0.29,360.55,75.47,20921,126,361.0,363.0,360.0
2025-04-10,0.04,0.01,361.59,52.23,14435,117,362.0,364.0,361.3
2025-04-09,1.33,0.37,361.55,61.13,16866,114,367.0,367.0,361.0
2025-04-08,-0.98,-0.27,360.22,64.45,17902,122,360.5,362.0,358.1
2025-04-07,-3.43,-0.94,361.2,65.67,18099,134,367.0,367.0,360.8
2025-04-03,0.86,0.24,364.63,,32416,184,366.8,366.8,363.8
2025-04-02,-1.92,-0.53,363.77,77.97,21375,126,360.5,367.9,360.5
2025-04-01,-1.97,-0.54,365.69,95.72,26128,145,369.0,372.9,363.2
2025-03-30,2.55,0.7,367.66,99.66,27046,186,366.0,372.0,365.6
2025-03-27,1.92,0.53,365.11,,28977,182,367.0,367.0,360.0
2025-03-26,4.85,1.35,363.19,60.94,16888,120,351.2,363.5,351.2
2025-03-25,-5.59,-1.54,358.34,,37783,240,362.0,365.5,357.5
2025-03-24,0.93,0.26,363.93,70.4,19352,165,355.8,368.0,355.8
2025-03-23,-5.19,-1.41,363.0,,39040,252,367.2,369.0,362.2
2025-03-20,-2.81,-0.76,368.19,,31977,224,370.0,371.9,367.4
2025-03-19,0.0,0.0,371.0,,27614,166,372.0,373.9,370.0
2025-03-18,-2.0,-0.54,371.0,,40674,215,380.4,380.4,370.0
2025-03-17,-0.1,-0.03,373.0,,34140,172,370.0,377.0,370.0
2025-03-16,-6.9,-1.82,373.1,,54347,240,380.0,381.0,373.0
2025-03-12,1.2,0.32,380.0,,42840,230,380.1,385.0,377.4
2025-03-11,3.4,0.91,378.8,,102971,491,375.0,389.2,373.4
2025-03-10,-3.4,-0.9,375.4,81.97,21706,150,380.0,381.0,375.4
2025-03-09,-3.7,-0.97,378.8,,38570,209,380.0,384.0,376.6
2025-03-06,4.5,1.19,382.5,,53630,281,380.0,385.0,378.0
2025-03-05,-5.0,-1.31,378.0,,35637,220,375.4,384.0,375.4
2025-03-04,-5.5,-1.42,383.0,,58735,370,380.8,390.0,380.5
2025-03-03,-2.6,-0.66,388.5,,87128,476,395.0,396.0,386.0
2025-03-02,15.1,4.02,391.1,,93412,489,383.5,391.9,376.2
2025-02-27,5.0,1.35,376.0,,55233,293,375.0,385.9,374.0
2025-02-25,-1.0,-0.27,371.0,,29207,216,373.0,373.9,370.2
2025-02-24,0.0,0.0,372.0,,50923,243,370.0,374.7,370.0
2025-02-23,-1.0,-0.27,372.0,,50904,234,366.0,375.0,366.0
2025-02-20,-3.0,-0.8,373.0,95.97,25683,177,375.0,377.0,371.0
2025-02-18,0.9,0.24,376.0,,47097,194,379.0,381.0,375.0
2025-02-17,2.1,0.56,375.1,,64615,319,373.0,376.7,372.2
2025-02-16,2.4,0.65,373.0,,34285,211,374.0,374.0,370.6
2025-02-13,-1.4,-0.38,370.6,,41021,223,372.0,373.0,369.0
2025-02-12,-0.8,-0.21,372.0,,34923,199,370.1,377.0,370.0
2025-02-11,-2.2,-0.59,372.8,84.16,22519,149,375.0,376.0,372.2
2025-02-10,-1.0,-0.27,375.0,,35738,193,376.0,376.0,373.5
2025-02-09,-2.6,-0.69,376.0,,33535,174,378.9,380.0,375.1
2025-02-06,-3.4,-0.89,378.6,,46097,218,377.3,382.0,377.0
2025-02-05,-1.0,-0.26,382.0,,27810,151,383.0,386.9,380.0
2025-02-04,0.0,0.0,383.0,,53140,287,382.0,387.0,376.0
2025-02-03,-3.0,-0.78,383.0,,65185,379,390.0,392.9,380.2
2025-02-02,10.0,2.66,386.0,,102415,523,380.0,390.0,377.0
2025-01-28,5.6,1.51,376.0,,100356,369,372.0,376.6,368.5
2025-01-27,0.4,0.11,370.4,90.86,24560,138,367.1,371.9,367.1
2025-01-26,-1.0,-0.27,370.0,,76881,304,369.0,378.4,368.0
2025-01-23,1.7,0.46,371.0,82.87,22319,174,376.0,376.0,370.0
2025-01-22,1.6,0.44,369.3,,53303,274,370.3,373.9,369.0
2025-01-21,0.2,0.05,367.7,83.44,22615,154,367.5,372.0,366.5
2025-01-20,-1.0,-0.27,367.5,,32873,190,370.0,370.0,365.0
2025-01-19,-2.0,-0.54,368.5,,34167,222,372.0,372.0,365.0
2025-01-16,0.5,0.14,370.5,87.63,23695,175,377.4,377.4,368.0
2025-01-15,1.1,0.3,370.0,85.36,23005,172,370.0,375.0,370.0
2025-01-13,-0.1,-0.03,368.9,96.39,26137,141,374.0,374.0,367.0
2025-01-12,-3.0,-0.81,369.0,96.32,26023,150,372.0,376.0,368.5
2025-01-09,-2.0,-0.53,372.0,,29023,205,374.0,375.0,370.0
2025-01-08,1.5,0.4,374.0,,39505,249,373.5,376.0,370.0
2025-01-07,-1.5,-0.4,372.5,99.22,26464,175,377.0,380.0,372.2
2025-01-06,3.3,0.89,374.0,,41699,208,368.0,375.0,368.0
2025-01-05,-0.3,-0.08,370.7,,29352,180,375.0,377.0,370.0
2025-01-02,0.0,0.0,371.0,88.23,23786,142,373.5,373.5,369.0
2025-01-01,2.0,0.54,371.0,41.48,11209,104,369.0,372.9,365.2
2024-12-31,-6.0,-1.6,369.0,,38517,260,372.0,377.4,365.2
2024-12-29,0.5,0.13,375.0,96.03,25505,149,371.0,378.4,371.0
2024-12-26,-1.5,-0.4,374.5,90.05,24056,169,372.0,378.5,370.0
2024-12-24,1.1,0.29,376.0,84.8,22350,190,382.3,382.3,375.0
2024-12-23,7.9,2.15,374.9,,42860,218,370.0,380.0,365.5
2024-12-22,-4.0,-1.08,367.0,,29132,221,370.5,372.2,367.0
2024-12-19,-4.0,-1.07,371.0,,39567,270,372.5,376.0,370.0
2024-12-18,-3.0,-0.79,375.0,,53465,290,378.0,380.0,373.1
2024-12-17,-10.3,-2.65,378.0,,111110,626,385.1,385.1,376.6
2024-12-16,-6.5,-1.65,388.3,,46076,255,393.5,394.0,388.1
2024-12-12,-2.2,-0.55,394.8,,29834,174,399.7,399.9,393.0
2024-12-11,5.1,1.3,397.0,,32844,176,392.2,397.1,391.1
2024-12-10,-0.1,-0.03,391.9,,33325,198,397.9,397.9,391.0
2024-12-09,-3.2,-0.81,392.0,,34381,209,400.0,400.0,392.0
2024-12-08,-3.8,-0.95,395.2,,77335,324,398.0,400.0,395.2
2024-12-05,-5.2,-1.29,399.0,,82180,353,403.9,404.0,398.1
2024-12-04,-2.0,-0.49,404.2,,58531,263,414.3,414.3,402.2
2024-12-03,-6.0,-1.46,406.2,,43572,266,412.4,416.0,406.0
2024-12-02,-5.8,-1.39,412.2,,161874,666,418.0,428.0,412.0
2024-12-01,7.2,1.75,418.0,,147990,618,410.0,422.0,403.0
2024-11-28,2.8,0.69,410.8,,149948,706,410.1,424.0,406.2
2024-11-27,7.0,1.75,408.0,,114989,447,401.1,410.0,400.5
2024-11-26,1.9,0.48,401.0,,47587,249,407.0,407.0,397.2
2024-11-25,-0.8,-0.2,399.1,,28626,172,400.1,403.0,397.0
2024-11-24,-3.1,-0.77,399.9,,38626,251,404.0,409.9,397.0
2024-11-21,-7.5,-1.83,403.0,,51844,277,410.0,414.9,401.1
2024-11-20,7.5,1.86,410.5,,80610,350,401.3,410.5,398.0
2024-11-19,-7.0,-1.71,403.0,,60212,259,410.0,410.0,401.0
2024-11-17,6.0,1.49,410.0,,68867,328,408.0,411.9,405.0
2024-11-14,3.0,0.75,404.0,,84214,375,408.0,408.0,402.0
2024-11-13,0.9,0.22,401.0,,31903,178,408.0,408.0,398.0
2024-11-12,-3.9,-0.97,400.1,,38554,212,408.0,412.0,400.1
2024-11-11,-1.0,-0.25,404.0,,57972,327,408.0,416.0,403.2
2024-11-10,9.0,2.27,405.0,,47993,326,400.0,406.0,397.5
2024-11-06,0.8,0.2,396.0,74.7,18858,152,394.0,399.8,394.0
2024-11-05,-2.8,-0.7,395.2,52.91,13336,123,394.5,400.0,394.1
2024-10-30,-3.0,-0.75,398.0,91.62,22997,150,401.0,401.0,396.2
2024-10-29,6.0,1.52,401.0,,53662,236,398.0,402.8,396.1
2024-10-28,5.0,1.28,395.0,,34962,162,390.1,395.0,390.1
2024-10-27,-1.0,-0.26,390.0,81.01,20741,167,392.0,397.0,388.1
2024-10-24,-4.8,-1.21,391.0,,32294,242,395.0,397.0,390.0
2024-10-23,-0.8,-0.2,395.8,,34390,186,397.0,401.0,393.0
2024-10-22,3.7,0.94,396.6,,30551,214,392.9,399.0,390.0
2024-10-21,-11.1,-2.75,392.9,,40301,339,398.0,404.0,392.0
2024-10-20,-8.0,-1.94,404.0,,73776,365,404.0,412.0,396.0
2024-10-17,-4.0,-0.96,412.0,,47660,260,419.5,419.5,412.0
2024-10-16,16.0,4.0,416.0,,64536,376,401.8,416.8,401.1
2024-10-15,4.9,1.24,400.0,,30461,140,397.2,401.0,390.0
2024-10-09,-0.9,-0.23,395.1,65.52,16529,139,395.0,400.0,394.0
2024-10-08,-5.0,-1.25,396.0,77.47,19439,146,406.9,406.9,396.0
2024-10-07,7.0,1.78,401.0,,43277,276,399.0,405.0,398.0
2024-10-06,5.0,1.29,394.0,,35373,265,385.0,397.0,382.0
2024-10-02,-3.5,-0.89,389.0,,55067,316,400.0,400.0,385.5
2024-10-01,18.5,4.95,392.5,,71421,449,374.0,392.7,374.0
2024-09-30,5.0,1.36,374.0,,27373,237,376.3,376.3,369.0
2024-09-29,-3.0,-0.81,369.0,,32559,272,372.0,375.0,368.3
2024-09-26,-7.0,-1.85,372.0,,40064,311,383.0,384.0,371.5
2024-09-25,5.0,1.34,379.0,,38875,296,375.0,381.0,368.5
2024-09-24,-5.0,-1.32,374.0,,44311,341,379.0,383.9,370.6
2024-09-23,-9.5,-2.45,379.0,,71075,423,388.0,388.0,376.0
2024-09-22,3.5,0.91,388.5,,34376,300,392.7,400.0,385.0
2024-09-18,-3.0,-0.77,385.0,,66613,368,390.0,395.0,380.5
2024-09-16,-7.0,-1.77,388.0,,65112,427,395.0,396.0,387.9
2024-09-15,-6.1,-1.52,395.0,,78231,579,408.8,409.1,393.8
2024-09-12,9.1,2.32,401.1,,76942,438,391.0,402.0,388.0
2024-09-11,-7.0,-1.75,392.0,,61410,459,403.9,405.0,391.2
2024-09-10,-3.0,-0.75,399.0,,79000,525,394.0,411.0,394.0
2024-09-09,-5.0,-1.23,402.0,,93146,541,407.0,415.1,401.0
2024-09-08,-9.0,-2.16,407.0,,110090,597,424.3,424.3,406.7
2024-09-05,-3.9,-0.93,416.0,,166869,686,415.0,420.0,404.0
2024-09-04,-5.1,-1.2,419.9,,163406,937,425.0,443.0,417.0
2024-09-03,-1.5,-0.35,425.0,,132536,788,427.0,434.0,420.0
2024-09-02,22.9,5.67,426.5,,128770,764,410.0,427.0,401.0
2024-09-01,-10.4,-2.51,403.6,,117510,760,420.0,422.2,401.5
2024-08-29,-9.0,-2.13,414.0,,128961,807,428.0,428.0,413.1
2024-08-28,-4.0,-0.94,423.0,,179191,935,427.0,444.0,420.0
2024-08-27,-24.0,-5.32,427.0,,224708,1330,460.0,460.0,424.0
2024-08-25,-12.9,-2.78,451.0,,236580,1313,473.1,473.1,450.0
2024-08-22,18.9,4.25,463.9,,553326,2562,450.0,482.0,445.0
2024-08-21,-4.1,-0.91,445.0,,170814,801,450.0,456.0,444.0
2024-08-18,-17.9,-3.83,449.1,,276341,1423,470.0,474.5,448.0
2024-08-15,17.8,3.96,467.0,,388054,1776,458.1,474.9,452.0
2024-08-14,14.2,3.26,449.2,,273547,1167,437.0,450.0,430.0
2024-08-13,-1.0,-0.23,435.0,,271040,1194,444.6,453.1,434.0
2024-08-12,7.5,1.75,436.0,,286200,1213,437.0,438.7,428.0
2024-08-11,12.5,3.0,428.5,,188883,1051,424.0,429.0,417.0
2024-08-08,-1.0,-0.24,416.0,,122267,730,425.0,430.0,416.0
2024-08-07,9.0,2.21,417.0,,155990,846,407.0,422.0,401.9
2024-08-06,-25.1,-5.8,408.0,,192784,1197,441.0,441.0,405.8
2024-08-05,-5.7,-1.3,433.1,,175569,885,435.0,440.0,426.4
2024-08-01,2.9,0.67,438.8,,255636,1131,440.0,447.0,435.0
2024-07-31,8.9,2.08,435.9,,260063,1164,428.0,442.6,428.0
2024-07-30,2.0,0.47,427.0,,173426,922,432.9,433.0,413.7
2024-07-29,-14.1,-3.21,425.0,,184448,1020,442.0,447.0,425.0
2024-07-28,22.1,5.3,439.1,,258237,1218,425.3,446.0,425.0
2024-07-25,-3.0,-0.71,417.0,,120084,697,419.0,425.0,414.0
2024-07-24,-1.0,-0.24,420.0,,200560,995,428.0,430.0,416.4
2024-07-23,8.0,1.94,421.0,,222963,771,421.2,425.0,410.0
2024-07-22,-9.0,-2.13,413.0,,184638,961,425.0,425.0,410.6
2024-07-21,7.0,1.69,422.0,,273064,1062,420.0,428.0,407.0
2024-07-18,20.5,5.2,415.0,,243319,1338,397.0,419.3,387.0
2024-07-17,14.5,3.82,394.5,,137285,808,387.0,394.9,381.0
2024-07-16,13.0,3.54,380.0,,94143,481,372.0,382.0,365.0
2024-07-15,-7.9,-2.11,367.0,,127106,583,382.3,382.3,367.0
2024-07-14,9.0,2.46,374.9,,83526,500,373.2,380.0,369.5
2024-07-11,3.9,1.08,365.9,,68921,397,369.2,369.2,361.4
2024-07-10,3.6,1.0,362.0,,63040,370,365.0,365.0,358.5
2024-07-09,5.4,1.53,358.4,,62211,374,350.1,367.2,350.0
2024-07-08,-6.1,-1.7,353.0,,46793,244,359.1,361.9,352.0
2024-07-07,-0.9,-0.25,359.1,,56153,367,364.0,365.0,357.8
2024-07-04,6.5,1.84,360.0,,135642,709,355.0,369.0,352.0
2024-07-03,6.5,1.87,353.5,,41524,217,347.0,353.5,342.0
2024-07-02,9.0,2.66,347.0,,38457,232,344.7,358.5,344.7
2024-07-01,-0.3,-0.09,338.0,70.66,20956,209,338.0,340.0,336.0
2024-06-30,-5.7,-1.66,338.3,,29852,193,340.0,345.0,338.2
2024-06-27,2.8,0.82,344.0,78.91,23150,163,344.0,344.0,340.0
2024-06-26,-2.0,-0.58,341.2,85.72,25041,146,346.0,346.0,340.1
2024-06-25,0.1,0.03,343.2,80.92,23493,155,346.0,347.0,343.0
2024-06-24,3.1,0.91,343.1,,31623,199,345.0,345.0,338.7
2024-06-23,-0.2,-0.06,340.0,60.86,17905,170,342.0,344.0,339.0
2024-06-20,-3.8,-1.1,340.2,92.79,27197,174,344.0,345.0,340.0
2024-06-19,1.0,0.29,344.0,80.65,23540,165,343.0,345.0,340.5
2024-06-18,-5.3,-1.52,343.0,90.21,26201,192,345.5,348.0,342.2
2024-06-16,-4.7,-1.33,348.3,88.18,25206,184,354.0,355.9,347.1
2024-06-13,4.0,1.15,353.0,,53681,324,349.0,357.0,347.2
2024-06-12,2.1,0.61,349.0,99.63,28520,192,352.0,353.7,347.0
2024-06-11,3.9,1.14,346.9,,67834,202,345.0,347.0,343.0
2024-06-10,1.0,0.29,343.0,87.18,25482,157,345.0,345.0,340.5
2024-06-09,-0.1,-0.03,342.0,76.58,22356,178,340.2,345.0,340.2
2024-06-06,-3.2,-0.93,342.1,93.91,27367,188,343.2,346.8,341.3
2024-06-05,-0.6,-0.17,345.3,46.8,13532,88,342.2,348.0,342.1
2024-06-04,3.2,0.93,345.9,87.83,25540,142,349.5,349.5,340.0
2024-06-03,-3.3,-0.95,342.7,,38824,267,346.0,346.8,342.7
2024-06-02,0.5,0.14,346.0,74.56,21563,188,351.0,351.0,344.0
2024-05-30,-2.5,-0.72,345.5,53.03,15289,127,350.0,350.0,345.1
2024-05-29,-4.1,-1.16,348.0,,31194,223,358.0,358.0,348.0
2024-05-27,-1.5,-0.42,352.1,87.13,24630,184,359.0,359.0,351.0
2024-05-26,-2.4,-0.67,353.6,,32258,191,353.0,358.9,350.5
2024-05-22,5.0,1.42,356.0,,46219,281,344.0,360.0,344.0
2024-05-21,-2.1,-0.59,351.0,78.63,22176,181,358.3,358.3,351.0
2024-05-20,-1.9,-0.54,353.1,,46582,282,358.9,362.1,353.0
2024-05-19,8.0,2.31,355.0,,29927,214,353.9,360.0,348.2
2024-05-16,-5.9,-1.67,347.0,99.94,28671,226,359.9,359.9,346.0
2024-05-15,-1.1,-0.31,352.9,79.58,22496,186,355.1,358.0,350.3
2024-05-14,4.0,1.14,354.0,73.72,20871,153,355.2,355.2,350.0
2024-05-13,1.5,0.43,350.0,86.42,24636,168,348.0,362.5,343.1
2024-05-12,3.2,0.93,348.5,,30044,211,349.1,370.0,343.2
2024-05-09,0.3,0.09,345.3,68.8,19906,164,344.0,349.8,343.0
2024-05-08,-1.0,-0.29,345.0,54.91,15935,108,349.0,349.0,343.0
2024-05-07,1.1,0.32,346.0,93.4,27111,207,340.2,347.0,340.2
2024-05-06,-0.7,-0.2,344.9,,30925,215,352.4,352.4,340.0
2024-05-05,-9.4,-2.65,345.6,87.92,25243,216,357.9,357.9,345.1
2024-05-02,-5.0,-1.39,355.0,,37956,361,367.2,367.2,354.0
2024-04-30,19.0,5.57,360.0,,184792,973,342.0,367.2,338.0
2024-04-29,3.0,0.89,341.0,81.12,23702,195,341.0,344.0,339.0
2024-04-28,0.2,0.06,338.0,99.5,29532,201,335.2,340.0,332.4
2024-04-25,1.8,0.54,337.8,72.84,21682,157,336.0,339.5,333.5
2024-04-24,-2.0,-0.59,336.0,60.68,18041,176,338.0,339.9,335.0
2024-04-22,-1.5,-0.44,338.0,30.62,9008,118,340.0,343.8,337.0
2024-04-21,2.5,0.74,339.5,55.54,16376,151,337.1,343.7,336.0
2024-04-18,-2.1,-0.62,337.0,59.6,17696,164,338.0,340.7,335.1
2024-04-16,-1.2,-0.35,339.1,51.41,15119,133,340.1,342.0,339.1
2024-04-15,-0.7,-0.21,340.3,51.73,15173,114,341.0,344.0,340.1
2024-04-14,-2.0,-0.58,341.0,80.31,23473,199,340.0,345.0,340.0
2024-04-10,-2.5,-0.72,343.0,56.85,16471,166,349.0,349.0,343.0
2024-04-09,2.6,0.76,345.5,,41385,213,343.0,349.6,343.0
2024-04-07,6.8,2.02,342.9,,29981,226,336.0,343.0,336.0
2024-04-04,-1.9,-0.56,336.1,80.7,23922,221,338.0,340.0,335.5
2024-04-03,-2.0,-0.59,338.0,,31055,243,341.0,341.0,338.0
2024-04-02,-2.0,-0.58,340.0,85.52,25077,202,342.1,344.5,339.0
2024-04-01,-1.0,-0.29,342.0,62.98,18418,184,345.0,346.0,340.0
2024-03-31,-2.3,-0.67,343.0,,31965,271,345.1,350.0,342.0
2024-03-28,-2.7,-0.78,345.3,72.92,21038,221,350.0,350.0,344.0
2024-03-27,-5.0,-1.42,348.0,67.14,19227,216,350.0,355.0,348.0
2024-03-26,-2.0,-0.56,353.0,74.8,21208,212,358.0,358.0,350.0
2024-03-25,-6.0,-1.66,355.0,56.69,15938,188,368.2,368.2,354.0
2024-03-21,-7.0,-1.9,361.0,,27921,223,366.0,366.0,360.1
2024-03-20,5.4,1.49,368.0,,36757,218,366.9,369.0,361.0
2024-03-19,-2.4,-0.66,362.6,,32730,241,365.0,367.9,362.3
2024-03-18,1.0,0.27,365.0,53.27,14641,168,364.0,367.0,362.0
2024-03-17,0.0,0.0,364.0,79.09,21691,225,370.0,370.0,356.9
2024-03-14,-5.1,-1.38,364.0,,29877,301,365.0,372.0,361.8
2024-03-13,6.6,1.82,369.1,,39697,306,368.9,377.0,362.6
2024-03-12,6.5,1.83,362.5,,37401,308,360.0,364.0,357.7
2024-03-10,5.0,1.42,356.0,60.83,17053,127,357.0,360.0,353.3
2024-03-07,-1.0,-0.28,351.0,41.99,11892,91,357.9,357.9,351.0
2024-03-06,0.2,0.06,352.0,62.99,17904,120,354.0,355.0,350.0
2024-03-05,-6.0,-1.68,351.8,,29538,206,364.9,364.9,348.0
2024-03-04,13.8,4.01,357.8,7.1,2030,6,350.0,357.8,349.1
2024-03-03,-1.1,-0.32,344.0,46.92,13586,135,343.6,347.0,343.6
2024-02-29,-5.9,-1.68,345.1,82.45,23664,198,358.0,358.0,345.0
2024-02-28,-4.0,-1.13,351.0,48.4,13787,110,351.2,352.2,350.0
2024-02-27,1.9,0.54,355.0,40.19,11338,91,360.0,360.0,352.1
2024-02-26,0.9,0.26,353.1,53.34,15114,100,350.4,355.0,350.4
2024-02-25,-3.8,-1.07,352.2,74.92,21155,180,353.1,358.0,352.2
2024-02-22,-2.5,-0.7,356.0,81.93,22890,168,358.5,361.0,355.0
2024-02-21,-2.0,-0.55,358.5,52.6,14639,157,360.0,365.0,358.0
2024-02-20,0.5,0.14,360.5,79.91,22149,171,366.0,366.0,360.0
2024-02-18,-7.0,-1.91,360.0,86.65,23923,199,374.3,374.3,360.0
2024-02-15,-1.0,-0.27,367.0,50.36,13706,117,362.1,371.8,362.1
2024-02-14,5.0,1.38,368.0,,32022,192,363.0,378.3,360.2
2024-02-13,-9.0,-2.42,363.0,,32750,249,370.0,370.0,362.0
2024-02-12,2.0,0.54,372.0,42.02,11330,118,370.0,375.0,368.0
2024-02-11,0.0,0.0,370.0,83.0,22323,173,371.9,375.0,370.0
2024-02-07,0.0,0.0,370.0,40.15,10836,137,376.0,376.0,369.0
2024-02-06,1.0,0.27,370.0,52.28,14177,136,370.0,371.0,367.0
2024-02-05,1.0,0.27,369.0,56.75,15373,138,375.3,375.3,367.8
2024-02-04,-0.1,-0.03,368.0,84.96,23160,152,368.0,371.2,360.0
2024-02-01,-3.4,-0.92,368.1,,29141,220,370.0,374.0,366.0
2024-01-31,-2.5,-0.67,371.5,71.4,19200,146,372.1,375.0,370.9
2024-01-30,2.7,0.73,374.0,97.77,26142,158,376.9,380.0,372.0
2024-01-29,-2.2,-0.59,371.3,94.74,25341,221,379.1,379.1,371.3
2024-01-28,1.5,0.4,373.5,68.74,18370,161,372.6,379.4,370.5
2024-01-25,0.0,0.0,372.0,76.71,20591,196,378.9,379.4,369.0
2024-01-24,-3.0,-0.8,372.0,75.11,20021,194,380.0,380.0,371.0
2024-01-23,0.5,0.13,375.0,86.33,22934,192,378.9,379.0,375.0
2024-01-22,-5.1,-1.34,374.5,97.19,25803,243,376.0,382.0,374.2
2024-01-21,-8.4,-2.16,379.6,,71075,437,385.0,385.0,378.0
2024-01-18,-5.9,-1.5,388.0,,55273,344,393.9,399.9,386.1
2024-01-17,1.2,0.31,393.9,,91058,464,400.0,404.9,390.0
2024-01-16,8.2,2.13,392.7,,58835,325,384.5,395.1,384.5
2024-01-14,2.5,0.65,384.5,91.21,23699,210,387.5,388.0,383.4
2024-01-11,-3.0,-0.78,382.0,59.4,15558,160,386.0,388.0,380.1
2024-01-10,-2.0,-0.52,385.0,,55578,340,393.0,396.0,384.0
2024-01-09,17.0,4.59,387.0,,66801,401,362.8,397.8,362.8
2024-01-08,1.0,0.27,370.0,,41508,340,374.0,374.0,363.8
2024-01-07,-5.0,-1.34,369.0,,30699,270,379.0,379.0,369.0
2024-01-04,2.25,0.61,374.0,,44398,379,379.0,380.0,373.0
2024-01-03,6.0,1.49,408.0,,65284,488,410.0,410.0,403.0
2024-01-02,-3.0,-0.74,402.0,,49364,381,411.0,411.0,400.0
2024-01-01,1.0,0.25,405.0,,47169,378,409.9,412.0,404.1
2023-12-28,-6.0,-1.46,404.0,,43358,278,415.5,415.5,403.0
2023-12-27,4.1,1.01,410.0,,59914,357,405.0,416.0,405.0
2023-12-21,-11.0,-2.64,405.9,,85125,418,415.0,425.0,405.8
2023-12-20,2.9,0.7,416.9,,65877,351,416.0,418.0,410.0
2023-12-19,3.0,0.73,414.0,,45929,296,411.0,415.0,406.2
2023-12-18,10.0,2.49,411.0,,70460,388,402.0,417.0,402.0
2023-12-17,5.0,1.26,401.0,,34449,227,390.0,401.0,388.1
2023-12-14,0.0,0.0,396.0,86.02,21736,126,390.1,396.8,390.1
2023-12-13,5.0,1.28,396.0,,32627,240,395.8,404.0,395.0
2023-12-12,3.0,0.77,391.0,,40627,233,390.0,395.0,388.0
2023-12-11,-9.0,-2.27,388.0,,29284,292,404.0,404.0,385.0
2023-12-10,21.7,5.78,397.0,14.05,3586,25,382.0,397.0,381.0
2023-12-07,-0.7,-0.19,375.3,42.72,11332,104,377.0,379.8,373.0
2023-12-06,0.7,0.19,376.0,21.77,5798,77,375.3,377.5,375.0
2023-12-05,-1.6,-0.42,375.3,28.75,7618,79,382.0,384.0,375.3
2023-12-04,-1.9,-0.5,376.9,19.66,5211,70,376.0,380.0,375.0
2023-12-03,-1.2,-0.32,378.8,27.01,7150,89,373.2,380.0,373.2
2023-11-30,1.0,0.26,380.0,71.56,18967,84,376.1,380.0,375.5
2023-11-29,-3.0,-0.79,379.0,29.76,7806,52,381.0,381.0,378.2
2023-11-28,0.0,0.0,382.0,61.13,16019,90,384.1,385.9,377.0
2023-11-27,-1.6,-0.42,382.0,41.18,10724,102,376.0,388.0,376.0
2023-11-26,7.1,1.89,383.6,88.87,23362,163,377.0,383.6,373.5
2023-11-23,1.2,0.32,376.5,37.78,10061,116,375.0,379.0,374.0
2023-11-22,-3.1,-0.82,375.3,32.99,8772,98,374.0,380.0,373.1
2023-11-21,-4.6,-1.2,378.4,20.84,5492,78,378.1,382.0,378.1
2023-11-20,5.9,1.56,383.0,33.12,8726,101,378.5,383.0,378.0
2023-11-09,-1.9,-0.5,377.1,23.2,6123,93,381.0,381.0,376.0
2023-11-08,0.0,0.0,379.0,13.76,3622,62,379.0,383.0,378.1
2023-11-07,1.0,0.26,379.0,53.67,14184,117,385.0,385.0,377.0
2023-11-06,2.9,0.77,378.0,46.36,12294,123,376.0,380.0,375.1
2023-11-05,-10.0,-2.6,375.1,61.95,16426,145,385.1,385.1,373.5
2023-11-02,6.6,1.74,385.1,73.58,19441,165,377.0,385.1,376.0
2023-11-01,-2.5,-0.66,378.5,19.04,5011,96,380.0,383.0,378.5
2023-10-31,-2.2,-0.57,381.0,38.65,10106,61,382.0,384.0,381.0
2023-10-30,3.2,0.84,383.2,62.67,16479,101,374.2,386.4,374.2
2023-10-29,-5.0,-1.3,380.0,68.04,17869,134,386.0,387.0,379.2
2023-10-19,5.0,1.32,385.0,78.54,20474,118,383.8,385.8,380.0
2023-10-18,7.7,2.07,380.0,60.09,15855,135,377.0,386.0,375.0
2023-10-17,1.3,0.35,372.3,40.36,10764,120,375.0,379.9,372.0
2023-10-16,-1.0,-0.27,371.0,50.04,13467,175,372.0,378.9,368.1
2023-10-12,-3.0,-0.8,372.0,,29034,272,376.0,376.1,370.0
2023-10-11,-2.0,-0.53,375.0,84.44,22492,203,380.0,381.0,374.0
2023-10-10,-1.0,-0.26,377.0,,37215,263,380.0,387.0,372.0
2023-10-09,-2.0,-0.53,378.0,94.13,24807,188,382.0,384.0,377.0
2023-10-08,-5.5,-1.43,380.0,,30031,266,385.5,389.0,379.4
2023-10-05,-4.5,-1.15,385.5,74.48,19236,180,390.0,392.9,385.5
2023-10-04,-0.9,-0.23,390.0,,32026,128,394.0,396.0,390.0
2023-10-03,-3.1,-0.79,390.9,27.06,6935,111,395.5,395.5,387.5
2023-10-02,3.0,0.77,394.0,62.67,15965,122,391.0,395.0,388.1
2023-10-01,-3.5,-0.89,391.0,48.09,12224,125,390.0,399.8,390.0
2023-09-27,-3.5,-0.88,394.5,36.53,9271,103,397.1,399.0,391.0
2023-09-26,-2.0,-0.5,398.0,99.37,24836,133,406.9,406.9,398.0
2023-09-25,1.5,0.38,400.0,69.32,17328,113,401.0,404.0,397.0
2023-09-24,-4.6,-1.14,398.5,75.02,18761,137,404.0,404.0,397.1
2023-09-21,3.1,0.78,403.1,,52677,327,405.0,410.0,400.0
2023-09-19,10.5,2.7,400.0,65.62,16704,106,393.0,400.0,387.0
2023-09-18,0.8,0.21,389.5,16.64,4283,70,386.0,391.0,386.0
2023-09-17,-4.3,-1.09,388.7,56.03,14396,169,387.0,394.7,387.0
2023-09-13,7.0,1.81,393.0,67.24,17183,139,390.0,393.0,387.1
2023-09-12,-4.9,-1.25,386.0,73.16,18826,148,391.0,393.0,385.0
2023-09-11,5.9,1.53,390.9,62.07,15988,141,385.2,391.0,385.1
2023-09-10,-2.0,-0.52,385.0,26.0,6755,117,382.1,389.0,382.1
2023-09-07,-2.2,-0.57,387.0,51.37,13266,139,389.0,389.0,385.5
2023-09-05,1.2,0.31,389.2,25.91,6668,77,388.5,390.0,387.5
2023-09-04,1.3,0.34,388.0,50.8,13163,166,386.7,390.0,383.2
2023-09-03,-6.2,-1.58,386.7,78.19,20203,210,391.0,391.9,385.0
2023-08-30,0.0,0.0,392.9,52.18,13265,130,392.0,397.0,391.2
2023-08-29,0.9,0.23,392.9,35.49,9040,115,392.0,395.9,390.7
2023-08-28,1.9,0.49,392.0,39.99,10201,94,390.1,394.0,389.1
2023-08-27,-2.9,-0.74,390.1,87.04,22232,204,394.0,396.9,390.0
2023-08-24,-6.0,-1.5,393.0,50.01,12673,154,393.0,400.0,392.1
2023-08-23,3.0,0.76,399.0,89.51,22417,154,393.1,402.0,393.0
2023-08-22,1.1,0.28,396.0,35.44,8990,128,392.2,396.0,392.0
2023-08-21,0.8,0.2,394.9,64.11,16207,161,395.0,400.0,390.8
2023-08-20,-1.9,-0.48,394.1,,49394,169,393.0,399.9,391.0
2023-08-17,0.0,0.0,396.0,56.01,14091,164,400.0,400.9,395.0
2023-08-16,-7.0,-1.74,396.0,,45585,260,400.0,400.0,394.0
2023-08-15,-3.1,-0.76,403.0,,35032,178,400.2,407.4,398.6
2023-08-14,-0.9,-0.22,406.1,41.39,10176,134,407.0,412.0,405.0
2023-08-13,4.1,1.02,407.0,93.17,22909,178,400.6,410.0,400.0
2023-08-10,1.0,0.25,402.9,98.57,24482,185,401.9,406.5,400.0
2023-08-09,3.3,0.83,401.9,77.81,19580,239,398.0,403.0,392.0
2023-08-08,-5.5,-1.36,398.6,,28250,228,402.0,405.0,397.0
2023-08-07,2.1,0.52,404.1,,27676,260,402.0,407.0,398.0
2023-08-06,-6.0,-1.47,402.0,,41435,298,413.0,413.0,400.0
2023-08-03,1.0,0.25,408.0,93.95,22936,195,414.0,414.0,407.1
2023-08-02,3.1,0.77,407.0,,25417,209,403.0,407.9,401.0
2023-08-01,-5.1,-1.25,403.9,,39272,308,409.0,415.0,399.0
2023-07-31,4.0,0.99,409.0,,27351,224,410.0,413.0,405.0
2023-07-30,-8.0,-1.94,405.0,,51549,353,413.0,419.0,402.1
2023-07-27,-2.0,-0.48,413.0,,31055,297,416.0,422.0,411.6
2023-07-26,-4.0,-0.95,415.0,,42360,321,425.0,425.0,413.7
2023-07-25,-12.0,-2.78,419.0,,60734,574,426.0,429.0,416.5
2023-07-24,-15.0,-3.36,431.0,,76490,585,446.0,446.0,430.0
2023-07-23,24.0,5.69,446.0,,108485,708,423.0,446.0,423.0
2023-07-20,-2.5,-0.59,422.0,,28966,271,425.0,427.5,418.0
2023-07-19,5.5,1.31,424.5,,64832,346,424.8,425.9,418.0
2023-07-18,0.0,0.0,419.0,,53088,429,427.0,427.0,419.0
2023-07-17,12.0,2.95,419.0,,58139,354,406.0,422.0,405.6
2023-07-16,0.0,0.0,407.0,62.26,15296,168,412.0,412.0,405.1
2023-07-13,-7.5,-1.81,407.0,,30306,243,415.0,419.9,407.0
2023-07-12,4.5,1.1,414.5,,37476,298,417.0,421.0,412.3
2023-07-11,11.0,2.76,410.0,,65893,369,400.0,411.0,397.1
2023-07-10,0.0,0.0,399.0,,48403,315,405.0,405.0,397.0
2023-07-09,3.0,0.76,399.0,,36022,305,403.0,403.0,394.1
2023-07-06,1.0,0.25,396.0,85.99,21733,193,400.0,400.0,392.1
2023-07-05,-5.2,-1.3,395.0,,32868,271,392.2,403.0,392.2
2023-07-04,3.2,0.81,400.2,71.85,17986,190,400.0,405.0,397.2
2023-07-03,-4.0,-1.0,397.0,,47056,401,408.0,408.0,395.0
2023-07-02,-14.1,-3.4,401.0,,68096,482,414.0,415.0,400.0
2023-06-28,-3.1,-0.74,415.1,,75246,693,425.0,426.0,415.1
2023-06-27,4.2,1.01,418.2,,49436,320,414.5,421.0,412.0
2023-06-26,-2.0,-0.48,414.0,,54864,373,424.0,424.9,413.2
2023-06-25,11.0,2.72,416.0,,75382,510,405.0,420.0,401.0
2023-06-22,1.0,0.25,405.0,,26876,209,404.0,410.0,401.0
2023-06-21,-3.0,-0.74,404.0,,28340,254,407.0,414.8,401.0
2023-06-20,-5.0,-1.21,407.0,,78189,531,414.0,425.0,406.0
2023-06-19,9.5,2.36,412.0,,63976,466,404.1,415.0,403.0
2023-06-18,2.5,0.62,402.5,,37885,284,400.0,405.9,400.0
2023-06-15,0.0,0.0,400.0,92.63,23168,189,395.0,406.0,395.0
2023-06-14,-5.0,-1.23,400.0,,52451,374,409.0,412.0,398.6
2023-06-13,2.5,0.62,405.0,,31424,258,400.0,409.0,400.0
2023-06-12,-3.4,-0.84,402.5,,33760,254,409.0,412.0,400.0
2023-06-11,11.9,3.02,405.9,,69039,479,395.0,407.2,394.0
2023-06-08,3.0,0.77,394.0,68.93,17533,136,390.0,395.2,388.0
2023-06-07,1.0,0.26,391.0,57.5,14647,153,397.8,397.8,390.0
2023-06-06,1.6,0.41,390.0,23.84,6111,116,388.0,393.0,388.0
2023-06-05,-5.6,-1.42,388.4,70.56,17882,150,395.0,397.0,388.4
2023-06-04,12.0,3.14,394.0,61.6,15707,113,382.0,397.0,382.0
2023-06-01,0.0,0.0,382.0,50.3,13146,163,385.0,386.3,377.2
2023-05-31,-4.0,-1.04,382.0,60.4,15801,159,378.3,389.7,378.3
2023-05-30,-7.0,-1.78,386.0,65.12,16814,165,387.1,390.0,385.0
2023-05-28,-4.0,-1.01,393.0,,26875,213,397.0,400.0,390.1
2023-05-24,0.5,0.13,397.0,80.69,20397,182,399.9,399.9,392.0
2023-05-23,4.5,1.15,396.5,65.7,16536,185,392.0,400.0,391.0
2023-05-22,1.5,0.38,392.0,45.25,11571,114,398.0,398.0,387.0
2023-05-21,-3.5,-0.89,390.5,86.1,21744,202,399.0,400.0,390.0
2023-05-18,7.5,1.94,394.0,,30483,215,394.0,396.0,386.0
2023-05-17,3.1,0.81,386.5,37.09,9589,104,382.0,390.0,382.0
2023-05-16,0.9,0.24,383.4,17.02,4445,82,382.0,387.0,381.0
2023-05-15,-1.0,-0.26,382.5,49.29,12943,117,380.1,385.5,378.0
2023-05-14,-1.1,-0.29,383.5,51.6,13506,153,389.0,389.0,380.0
2023-05-11,3.6,0.94,384.6,21.01,5499,96,379.0,386.0,379.0
2023-05-10,-4.0,-1.04,381.0,54.69,14244,139,392.0,392.0,381.0
2023-05-09,3.4,0.89,385.0,37.07,9621,100,381.0,387.9,380.0
2023-05-08,-3.6,-0.93,381.6,41.28,10799,146,382.0,385.0,380.0
2023-05-07,-3.8,-0.98,385.2,40.16,10399,120,389.0,389.0,385.0
2023-05-04,2.0,0.52,389.0,41.62,10694,110,387.0,393.8,385.6
2023-05-03,-3.0,-0.77,387.0,20.53,5300,85,390.0,390.0,386.2
2023-05-02,1.0,0.26,390.0,45.88,11859,132,389.0,390.0,385.0
2023-04-30,-4.0,-1.02,389.0,50.27,12866,167,399.0,399.0,388.2
2023-04-27,0.0,0.0,393.0,49.34,12534,97,390.0,395.0,389.0
2023-04-26,-4.0,-1.01,393.0,50.82,12880,90,400.0,401.9,393.0
2023-04-25,5.0,1.28,397.0,43.05,10941,103,386.3,397.0,386.3
2023-04-24,6.0,1.55,392.0,53.03,13650,123,386.0,392.0,384.0
2023-04-23,-3.0,-0.77,386.0,72.42,18753,189,389.0,389.0,383.0
2023-04-20,-4.0,-1.02,389.0,90.67,23337,223,389.0,392.8,386.0
2023-04-19,2.4,0.61,393.0,48.13,12196,122,398.0,399.0,392.0
2023-04-18,-1.9,-0.48,390.6,67.74,17330,178,389.0,396.6,389.0
2023-04-17,-8.6,-2.14,392.5,80.27,20264,188,403.0,405.0,392.0
2023-04-16,-2.9,-0.72,401.1,64.47,16055,144,405.5,405.5,397.0
2023-04-13,-11.0,-2.65,404.0,,27694,299,422.0,422.0,400.0
2023-04-12,20.0,5.06,415.0,,35809,348,395.0,418.0,395.0
2023-04-11,9.7,2.52,395.0,87.37,22467,173,388.0,395.0,381.0
2023-04-10,1.5,0.39,385.3,,34453,255,385.0,387.9,379.0
2023-04-09,-2.3,-0.6,383.8,98.83,25840,260,385.0,386.9,380.0
2023-04-06,-3.9,-1.0,386.1,62.79,16161,196,390.0,393.0,386.0
2023-04-05,1.0,0.26,390.0,58.59,15079,147,389.0,392.0,386.0
2023-04-04,2.0,0.52,389.0,60.97,15682,173,390.0,393.0,384.6
2023-04-03,-4.0,-1.02,387.0,57.5,14841,183,391.0,391.0,385.0
2023-04-02,-3.8,-0.96,391.0,72.45,18362,201,400.0,403.0,391.0
2023-03-30,-2.6,-0.65,394.8,66.97,16965,229,389.5,402.0,389.5
2023-03-29,-0.6,-0.15,397.4,53.83,13561,97,395.0,399.0,392.1
2023-03-28,-2.0,-0.5,398.0,49.39,12380,154,403.0,405.0,395.0
2023-03-27,6.0,1.52,400.0,,29976,167,395.0,400.9,387.0
2023-03-26,-4.8,-1.2,394.0,,26298,172,393.0,400.0,392.0
2023-03-23,8.2,2.1,398.8,83.92,21405,168,385.0,398.8,385.0
2023-03-22,-4.4,-1.11,390.6,48.34,12263,133,395.0,400.0,390.6
2023-03-20,8.0,2.07,395.0,71.55,18355,175,390.0,395.0,386.3
2023-03-19,-0.9,-0.23,387.0,42.41,10979,130,389.6,390.0,385.0
2023-03-16,-5.1,-1.3,387.9,,44652,315,390.0,394.0,380.0
2023-03-15,-3.0,-0.76,393.0,60.4,15343,119,403.0,403.0,392.0
2023-03-14,-1.0,-0.25,396.0,64.89,16379,110,402.0,402.0,392.0
2023-03-13,-3.0,-0.75,397.0,85.81,21619,105,395.1,399.9,393.3
2023-03-12,-1.0,-0.25,400.0,73.01,18246,127,409.0,410.0,397.0
2023-03-09,10.0,2.56,401.0,86.3,21698,174,398.0,401.0,393.0
2023-03-07,5.5,1.43,391.0,74.6,19112,105,393.0,393.0,388.0
2023-03-05,-8.5,-2.16,385.5,64.69,16683,185,394.0,394.0,385.0
2023-03-02,-1.0,-0.25,394.0,69.03,17586,130,395.0,395.0,391.0
2023-03-01,-3.0,-0.75,395.0,54.41,13736,137,400.0,400.0,394.0
2023-02-28,-2.0,-0.5,398.0,42.33,10598,108,404.0,404.0,398.0
2023-02-27,-1.0,-0.25,400.0,86.24,21669,164,406.0,406.0,393.0
2023-02-26,2.0,0.5,401.0,,36129,230,392.0,402.0,385.0
2023-02-23,-1.0,-0.25,399.0,,31988,211,395.0,400.0,392.1
2023-02-22,7.0,1.78,400.0,82.79,20766,171,393.0,403.0,393.0
2023-02-20,-7.0,-1.75,393.0,77.14,19493,274,400.0,400.1,392.0
2023-02-16,-5.8,-1.43,400.0,,26742,208,410.0,410.0,399.0
2023-02-15,3.3,0.82,405.8,70.51,17481,140,401.0,406.9,400.1
2023-02-14,-6.5,-1.59,402.5,,29655,264,405.0,410.0,401.1
2023-02-12,-10.9,-2.6,409.0,,33867,262,412.0,412.0,403.8
2023-02-09,7.9,1.92,419.9,62.47,15070,138,412.1,420.0,410.2
2023-02-08,-5.5,-1.32,412.0,,32169,279,424.0,430.0,412.0
2023-02-07,17.5,4.38,417.5,,42884,299,401.0,417.9,401.0
2023-02-06,-0.9,-0.22,400.0,58.83,14715,137,403.0,405.0,397.0
2023-02-05,0.9,0.22,400.9,79.49,19838,149,399.0,405.0,398.0
2023-02-02,-8.9,-2.18,400.0,98.26,24353,210,410.0,415.0,399.0
2023-02-01,8.9,2.22,408.9,,25438,217,401.0,409.0,396.0
2023-01-31,-2.4,-0.6,400.0,,31290,280,403.0,408.0,399.0
2023-01-30,-9.6,-2.33,402.4,,26257,268,414.0,414.0,402.2
2023-01-29,-4.7,-1.13,412.0,,25550,215,415.0,420.0,411.0
2023-01-26,0.0,-0.05,416.7,,26267,0,425.0,425.0,412.0
2023-01-25,0.0,0.7,416.9,,25218,0,422.0,423.3,415.0
2023-01-24,0.0,-0.72,414.0,,21661,0,415.1,420.0,410.0
2023-01-23,0.0,-0.71,417.0,,38678,0,426.9,426.9,416.0
2023-01-19,0.0,-0.5,420.0,,31887,0,427.0,427.0,420.0
2023-01-18,0.0,-0.68,422.1,,44839,0,431.0,432.0,420.0
2023-01-17,0.0,1.19,425.0,,46989,0,425.0,433.4,418.0
2023-01-12,0.0,-2.1,420.0,,67553,0,437.5,455.0,419.0
2023-01-10,0.0,-1.11,429.0,,82698,0,435.0,450.0,429.0
2023-01-09,0.0,2.07,433.8,,84846,0,425.0,434.0,421.2
2023-01-08,0.0,-0.65,425.0,,64681,0,429.0,429.0,422.1
2023-01-05,0.0,-0.19,427.8,,43292,0,437.0,437.1,426.3
2023-01-04,0.0,2.2,428.6,,50426,0,427.7,433.9,423.0
2023-01-03,0.0,2.15,476.0,,123293,0,470.0,480.0,468.1
2023-01-02,0.0,2.87,466.0,,67307,0,455.0,468.0,448.0
2023-01-01,0.0,0.51,453.0,,78455,0,459.0,465.0,447.0
2022-12-29,0.0,3.14,450.7,,39794,0,438.4,450.7,435.0
2022-12-28,0.0,-0.23,437.0,,27604,0,438.0,444.0,423.0
2022-12-27,0.0,3.79,438.0,,49306,0,430.0,443.0,425.0
2022-12-26,0.0,2.95,422.0,,23634,0,415.0,422.0,415.0
2022-12-22,0.0,-1.23,409.9,,19091,0,414.9,414.9,407.0
2022-12-21,0.0,0.24,415.0,,8437,0,415.0,417.0,411.6
2022-12-20,0.0,-0.38,414.0,,12643,0,415.0,418.0,413.0
2022-12-19,0.0,0.17,415.6,,10880,0,423.0,423.1,413.0
2022-12-18,0.0,-0.69,414.9,,18716,0,425.0,426.2,413.0
2022-12-15,0.0,0.19,417.8,,12443,0,415.0,418.0,414.1
2022-12-14,0.0,-0.71,417.0,,5392,0,420.0,427.0,415.2
2022-12-13,0.0,-0.24,420.0,,8023,0,420.0,423.5,418.2
2022-12-12,0.0,1.2,421.0,,16965,0,415.0,421.5,415.0
2022-12-11,0.0,-1.54,416.0,,12794,0,417.0,420.0,413.0
2022-12-07,0.0,-0.59,422.5,,6294,0,431.0,431.0,421.0
2022-12-06,0.0,-0.47,425.0,,13063,0,422.0,427.5,420.0
2022-12-05,0.0,-0.7,427.0,,14800,0,434.9,434.9,427.0
2022-12-04,0.0,0.0,430.0,,12230,0,425.0,432.9,422.5
2022-12-01,0.0,0.23,430.0,,20917,0,431.9,433.0,424.5
2022-11-30,0.0,-0.23,429.0,,5552,0,428.0,431.9,425.0
2022-11-29,0.0,1.18,430.0,,12060,0,433.0,433.0,420.0
2022-11-28,0.0,-0.89,425.0,,12422,0,425.0,434.4,421.2
2022-11-27,0.0,1.97,428.8,,19013,0,422.0,428.8,420.0
2022-11-24,0.0,0.0,420.5,,22031,0,421.0,423.0,420.1
2022-11-23,0.0,0.36,420.5,,11114,0,420.0,422.0,417.0
2022-11-22,0.0,-1.64,419.0,,10097,0,433.0,433.0,419.0
2022-11-17,0.0,1.43,426.0,,23154,0,428.0,430.0,421.0
2022-11-16,0.0,0.72,420.0,,15556,0,420.0,423.9,418.0
2022-11-15,0.0,-0.48,417.0,,10796,0,420.1,427.0,416.0
2022-11-14,0.0,1.6,419.0,,12411,0,411.0,420.0,410.0
2022-11-13,0.0,-0.6,412.4,,16171,0,416.1,428.0,412.0
2022-11-10,0.0,-1.26,414.9,,13515,0,422.1,423.0,413.2
2022-11-09,0.0,-3.29,420.2,,9366,0,435.0,435.0,420.1
2022-11-08,0.0,1.28,434.5,,32602,0,430.0,434.5,424.0
2022-11-07,0.0,-2.05,429.0,,29992,0,440.0,445.0,421.6
2022-11-06,0.0,1.88,438.0,,16585,0,430.0,439.0,429.0
2022-11-03,0.0,-0.72,429.9,,18679,0,430.0,440.0,425.0
2022-11-02,0.0,0.93,433.0,,33803,0,435.0,440.0,426.0
2022-11-01,0.0,3.37,429.0,,27534,0,416.1,430.0,416.0
2022-10-31,0.0,0.24,415.0,,8644,0,415.0,417.0,411.0
2022-10-23,0.0,0.75,414.0,,7157,0,415.0,417.0,410.0
2022-10-20,0.0,0.71,410.9,,5312,0,411.0,413.9,405.0
2022-10-19,0.0,0.25,408.0,,7847,0,406.0,409.5,405.0
2022-10-17,0.0,-0.49,407.0,,16090,0,417.1,417.1,405.2
2022-10-16,0.0,-2.5,409.0,,15963,0,415.0,423.0,407.8
2022-10-13,0.0,0.14,419.5,,8518,0,415.0,422.0,415.0
2022-10-12,0.0,1.19,415.9,,9112,0,411.0,419.0,405.0
2022-10-11,0.0,-1.98,411.0,,18240,0,419.0,419.0,408.0
2022-10-10,0.0,-1.8,419.3,,11778,0,435.0,435.5,418.0
2022-10-09,0.0,2.28,427.0,,13952,0,420.0,428.5,418.0
2022-09-29,0.0,1.83,417.5,,7159,0,411.0,426.3,410.5
2022-09-28,0.0,1.74,410.0,,8692,0,406.0,411.0,406.0
2022-09-27,0.0,0.75,403.0,,10448,0,408.0,408.0,400.0
2022-09-25,0.0,-1.23,400.0,,13379,0,405.0,406.0,397.2
2022-09-22,0.0,-0.37,405.0,,9963,0,413.9,413.9,405.0
2022-09-21,0.0,1.22,406.5,,12087,0,401.0,409.7,400.0
2022-09-20,0.0,-2.74,401.6,,27885,0,411.0,411.0,400.1
2022-09-18,0.0,-2.16,412.9,,28063,0,430.0,430.0,412.0
2022-09-16,0.0,-1.17,422.0,,25402,0,419.0,427.3,411.0
2022-09-15,0.0,-3.94,427.0,,27683,0,447.0,447.0,423.1
2022-09-14,0.0,4.59,444.5,,40071,0,433.5,449.7,426.0
2022-09-13,0.0,1.67,425.0,,8202,0,425.0,429.6,423.0
2022-09-12,0.0,-0.95,418.0,,9806,0,422.0,423.0,418.0
2022-09-11,0.0,-1.63,422.0,,22076,0,429.0,432.0,420.0
2022-09-08,0.0,1.06,429.0,,7407,0,422.0,430.0,422.0
2022-09-07,0.0,-1.05,424.5,,10933,0,427.0,430.0,424.0
2022-09-06,0.0,-1.38,429.0,,19169,0,430.0,435.0,428.1
2022-09-05,0.0,-0.46,435.0,,9694,0,437.0,440.0,432.0
2022-09-04,0.0,0.92,437.0,,9326,0,436.0,440.9,430.0
2022-09-02,0.0,0.0,433.0,,3905,0,440.0,440.0,431.0
2022-09-01,0.0,0.12,433.0,,13752,0,424.0,438.6,424.0
2022-08-31,0.0,-1.14,432.5,,14755,0,435.0,439.0,431.2
2022-08-30,0.0,0.23,437.5,,12827,0,438.0,441.9,437.5
2022-08-29,0.0,0.32,436.5,,16439,0,435.0,438.0,430.0
2022-08-28,0.0,-1.56,435.1,,29098,0,440.0,444.0,435.1
2022-08-26,0.0,-1.12,442.0,,15318,0,445.0,447.0,438.1
2022-08-25,0.0,-0.89,447.0,,15771,0,442.0,459.0,442.0
2022-08-24,0.0,0.22,451.0,,15582,0,457.9,459.9,450.0
2022-08-23,0.0,-1.1,450.0,,13346,0,450.0,457.0,447.0
2022-08-22,0.0,0.0,455.0,,13980,0,453.0,459.0,445.1
2022-08-21,0.0,0.0,455.0,,32519,0,461.0,468.0,454.9
2022-08-18,0.0,2.71,455.0,,28464,0,449.8,460.0,443.1
2022-08-17,0.0,-0.45,443.0,,25706,0,452.0,452.0,438.0
2022-08-16,0.0,-1.77,445.0,,29224,0,461.9,463.0,442.0
2022-08-15,0.0,3.66,453.0,,40035,0,440.0,455.4,438.0
2022-08-14,0.0,-0.68,437.0,,16722,0,445.0,445.5,437.0
2022-08-11,0.0,-0.9,440.0,,20354,0,441.0,450.0,440.0
2022-08-10,0.0,-0.11,444.0,,30079,0,444.5,449.0,439.1
2022-08-09,0.0,-2.56,444.5,,44368,0,459.0,459.0,444.0
2022-08-08,0.0,-1.04,456.2,,34428,0,470.2,473.9,455.0
2022-08-07,0.0,0.22,461.0,,32944,0,460.0,469.9,460.0
2022-08-05,0.0,-1.92,460.0,,30969,0,478.3,478.3,459.0
2022-08-04,0.0,-1.74,469.0,,67815,0,477.0,490.0,467.0
2022-08-03,0.0,-1.36,477.3,,45549,0,491.0,492.0,477.3
2022-08-02,0.0,-1.04,483.9,,42410,0,489.0,489.0,479.0
2022-08-01,0.0,-1.51,489.0,,56350,0,496.0,500.0,486.1
2022-07-31,0.0,1.33,496.5,,62084,0,499.8,505.1,489.0
2022-07-29,0.0,2.94,490.0,,66470,0,484.7,494.0,472.0
2022-07-28,0.0,2.37,476.0,,83037,0,474.0,493.0,466.1
2022-07-27,0.0,0.48,465.0,,46325,0,462.8,466.0,454.6
2022-07-26,0.0,-1.53,462.8,,48001,0,470.0,476.0,453.2
2022-07-25,0.0,4.01,470.0,,66808,0,456.0,473.0,456.0
2022-07-24,0.0,3.89,451.9,,29991,0,435.0,452.0,435.0
2022-07-22,0.0,-1.14,435.0,,19282,0,440.0,442.0,432.3
2022-07-21,0.0,-0.68,440.0,,22180,0,446.0,446.0,438.5
2022-07-20,0.0,-0.89,443.0,,31536,0,453.0,453.0,438.1
2022-07-19,0.0,1.82,447.0,,58382,0,447.0,449.9,438.5
2022-07-18,0.0,0.46,439.0,,23142,0,440.0,443.0,434.0
2022-07-17,0.0,-0.66,437.0,,32165,0,440.0,446.0,435.0
2022-07-15,0.0,0.5,439.9,,28089,0,437.8,441.6,429.0
2022-07-14,0.0,0.99,437.7,,38577,0,435.0,450.0,430.0
2022-07-13,0.0,5.97,433.4,,43129,0,417.1,433.4,413.0
2022-07-12,0.0,-0.29,409.0,,35795,0,410.1,425.0,403.1
2022-07-11,0.0,-3.25,410.2,,43026,0,416.0,421.0,406.0
2022-07-08,0.0,-1.85,424.0,,15759,0,425.0,430.0,422.0
2022-07-07,0.0,-0.89,432.0,,30057,0,437.0,447.7,429.0
2022-07-06,0.0,1.37,435.9,,31223,0,423.2,436.0,415.0
2022-07-05,0.0,-2.49,430.0,,47442,0,443.0,451.8,427.4
2022-07-04,0.0,-0.45,441.0,,67813,0,450.0,461.0,430.2
2022-07-03,0.0,1.84,443.0,,42040,0,430.0,444.0,430.0
2022-07-01,0.0,-1.36,435.0,,35493,0,441.0,449.0,430.0
2022-06-30,0.0,5.38,441.0,,51377,0,425.0,443.0,420.0
2022-06-29,0.0,3.28,418.5,,26661,0,410.0,420.0,398.0
2022-06-28,0.0,-1.89,405.2,,15163,0,406.0,413.0,404.1
2022-06-27,0.0,-3.28,413.0,,52222,0,430.0,438.0,409.0
2022-06-26,0.0,8.38,427.0,,41591,0,401.8,428.0,401.8
2022-06-24,0.0,2.87,394.0,,28844,0,380.0,398.0,368.0
2022-06-23,0.0,-3.04,383.0,,22168,0,395.0,395.0,380.0
2022-06-22,0.0,-1.25,395.0,,22711,0,406.0,406.0,390.0
2022-06-21,0.0,2.56,400.0,,27385,0,390.0,405.0,386.0
2022-06-20,0.0,-3.47,390.0,,49385,0,401.0,406.0,390.0
2022-06-19,0.0,-4.27,404.0,,31597,0,420.0,424.0,404.0
2022-06-17,0.0,0.0,422.0,,6214,0,423.0,430.0,420.0
2022-06-16,0.0,0.48,422.0,,7407,0,415.0,433.0,415.0
2022-06-15,0.0,-1.73,420.0,,33502,0,435.9,435.9,412.0
2022-06-14,0.0,-1.75,427.4,,27682,0,428.1,436.6,423.0
2022-06-13,0.0,-0.28,435.0,,10715,0,436.0,437.2,430.0
2022-06-10,0.0,-0.86,436.2,,6978,0,432.3,441.0,432.3
2022-06-09,0.0,-1.12,440.0,,19071,0,450.0,452.0,440.0
2022-06-08,0.0,2.77,445.0,,26168,0,435.0,449.7,433.0
2022-06-07,0.0,-1.37,433.0,,13990,0,443.0,447.0,432.0
2022-06-06,0.0,0.46,439.0,,25214,0,445.0,450.0,432.2
2022-06-03,0.0,-1.8,437.0,,32118,0,453.9,453.9,435.0
2022-06-02,0.0,-0.34,445.0,,14413,0,455.0,455.0,443.0
2022-06-01,0.0,-0.11,446.5,,17993,0,443.4,458.0,443.4
2022-05-31,0.0,-1.11,447.0,,27908,0,447.0,456.0,445.1
2022-05-30,0.0,-1.53,452.0,,21202,0,468.1,468.1,450.6
2022-05-27,0.0,-0.33,459.0,,17671,0,469.5,469.5,455.1
2022-05-26,0.0,0.33,460.5,,7704,0,468.1,468.1,459.0
2022-05-25,0.0,0.46,459.0,,20374,0,466.0,467.0,458.0
2022-05-24,0.0,1.99,456.9,,18129,0,456.9,459.8,440.0
2022-05-23,0.0,-2.18,448.0,,26198,0,467.1,467.1,445.0
2022-05-20,0.0,-0.72,458.0,,22661,0,463.0,470.0,453.0
2022-05-19,0.0,-1.64,461.3,,10784,0,469.0,476.0,461.2
2022-05-18,0.0,0.0,469.0,,20732,0,475.0,475.0,451.1
2022-05-17,0.0,-3.11,468.0,,16095,0,483.0,483.0,466.1
2022-05-12,0.0,-1.02,483.0,,22235,0,489.0,496.0,482.0
2022-05-11,0.0,4.7,488.0,,35182,0,467.0,493.0,467.0
2022-05-10,0.0,2.44,466.1,,16137,0,459.0,468.1,453.0
2022-05-09,0.0,0.66,455.0,,29150,0,461.0,465.0,452.0
2022-05-08,0.0,0.44,452.0,,21632,0,445.0,452.0,442.0
2022-05-05,0.0,-1.75,450.0,,38787,0,460.0,460.0,447.0
2022-05-04,0.0,-1.72,458.0,,20312,0,475.3,475.3,455.0
2022-05-02,0.0,-2.94,466.0,,22516,0,480.0,482.0,466.0
2022-04-28,0.0,-1.01,480.1,,15546,0,494.7,494.7,480.0
2022-04-27,0.0,1.06,485.0,,22611,0,479.9,487.0,473.0
2022-04-26,0.0,-1.3,479.9,,13641,0,480.0,489.9,476.5
2022-04-25,0.0,-0.57,486.2,,25620,0,492.0,495.0,481.0
2022-04-24,0.0,5.62,489.0,,40295,0,472.2,490.9,463.0
2022-04-21,0.0,1.09,463.0,,22960,0,467.1,467.1,450.9
2022-04-20,0.0,-1.06,458.0,,24050,0,472.1,480.0,456.0
2022-04-19,0.0,0.61,462.9,,18029,0,469.0,469.0,451.0
2022-04-18,0.0,-0.84,460.1,,22334,0,458.1,470.0,454.9
2022-04-17,0.0,-1.28,464.0,,19346,0,479.4,479.4,460.6
2022-04-13,0.0,1.51,470.0,,24610,0,464.0,470.0,459.0
2022-04-12,0.0,-1.07,463.0,,21940,0,465.5,467.0,460.0
2022-04-11,0.0,-0.85,468.0,,28090,0,481.0,491.0,467.1
2022-04-07,0.0,0.85,472.0,,28336,0,468.0,475.9,465.0
2022-04-06,0.0,-1.68,468.0,,46535,0,476.0,482.0,464.1
2022-04-05,0.0,-2.06,476.0,,39874,0,495.7,495.7,470.4
2022-04-04,0.0,0.21,486.0,,23912,0,494.7,494.7,478.0
2022-04-03,0.0,-1.02,485.0,,14689,0,499.0,499.0,484.0
2022-03-31,0.0,-0.41,490.0,,19705,0,500.0,501.8,489.0
2022-03-30,0.0,1.65,492.0,,37404,0,493.5,496.0,484.0
2022-03-29,0.0,-1.22,484.0,,36772,0,490.0,499.5,484.0
2022-03-28,0.0,-1.31,490.0,,31456,0,496.2,502.8,489.0
2022-03-27,0.0,-2.46,496.5,,39347,0,519.1,519.1,495.0
2022-03-24,0.0,-1.15,509.0,,30174,0,505.0,518.0,505.0
2022-03-23,0.0,-1.0,514.9,,14125,0,520.0,520.0,511.0
2022-03-22,0.0,1.01,520.1,,26585,0,516.0,525.0,516.0
2022-03-21,0.0,1.98,514.9,,31870,0,505.0,516.0,499.0
2022-03-20,0.0,-1.1,504.9,,31720,0,515.0,520.0,498.0
2022-03-16,0.0,-1.45,510.5,,26906,0,523.9,524.0,510.0
2022-03-15,0.0,-1.33,518.0,,42888,0,525.5,528.0,513.1
2022-03-14,0.0,0.96,525.0,,14335,0,530.0,530.0,512.0
2022-03-13,0.0,6.56,520.0,,62273,0,495.0,525.0,495.0
2022-03-10,0.0,3.39,488.0,,39008,0,473.0,488.5,466.0
2022-03-09,0.0,-2.78,472.0,,43611,0,488.0,494.0,471.8
2022-03-07,0.0,-0.51,485.5,,33214,0,490.0,495.0,485.0
2022-03-06,0.0,1.46,488.0,,35184,0,488.0,493.9,479.3
2022-03-02,0.0,-3.61,481.0,,40280,0,493.0,497.0,481.0
2022-02-28,0.0,-1.38,499.0,,48427,0,516.0,525.9,499.0
2022-02-27,0.0,-0.78,506.0,,36877,0,510.0,515.0,502.0
2022-02-24,0.0,-1.92,510.0,,44932,0,530.4,530.4,509.0
2022-02-23,0.0,-1.33,520.0,,21637,0,525.0,534.0,520.0
2022-02-22,0.0,2.53,527.0,,47300,0,520.0,530.0,517.0
2022-02-21,0.0,0.59,514.0,,23198,0,515.0,520.0,510.0
2022-02-20,0.0,-2.18,511.0,,50599,0,515.5,517.9,500.0
2022-02-17,0.0,-0.5,522.4,,19173,0,525.0,530.0,520.2
2022-02-16,0.0,-1.69,525.0,,30933,0,525.0,540.0,523.5
2022-02-15,0.0,1.71,534.0,,45892,0,525.9,534.0,518.5
2022-02-14,0.0,0.57,525.0,,23978,0,522.0,542.0,521.0
2022-02-13,0.0,-3.33,522.0,,52704,0,530.0,535.0,521.0
2022-02-10,0.0,-0.74,540.0,,21266,0,548.0,552.0,540.0
2022-02-09,0.0,-1.45,544.0,,26283,0,550.0,554.0,542.0
2022-02-08,0.0,0.0,552.0,,38384,0,567.1,577.0,546.9
2022-02-07,0.0,0.85,556.0,,24275,0,562.0,562.3,546.0
2022-02-06,0.0,-1.55,551.3,,27432,0,556.0,565.0,551.2
2022-02-03,0.0,-1.39,560.0,,50855,0,569.9,579.0,560.0
2022-02-01,0.0,1.57,567.9,,31014,0,570.0,570.0,555.0
2022-01-31,0.0,-1.65,559.1,,43679,0,579.0,579.0,558.2
2022-01-30,0.0,4.7,568.5,,64898,0,553.8,577.0,553.8
2022-01-27,0.0,-0.82,543.0,,39083,0,558.0,558.0,540.0
2022-01-26,0.0,-0.45,547.5,,52983,0,550.0,555.0,540.0
2022-01-25,0.0,-0.72,550.0,,53745,0,565.0,565.0,547.0
2022-01-24,0.0,-3.99,554.0,,97847,0,588.5,588.5,550.1
2022-01-23,0.0,-0.86,577.0,,61431,0,585.0,596.0,573.0
2022-01-20,0.0,2.28,582.0,,63604,0,569.0,582.9,563.0
2022-01-19,0.0,-1.39,569.0,,59068,0,588.5,588.5,567.5
2022-01-18,0.0,-2.2,577.0,,60309,0,595.0,595.0,571.5
2022-01-17,0.0,-0.02,590.0,,52050,0,599.0,599.0,582.1
2022-01-16,0.0,1.88,590.1,,84669,0,590.7,603.0,585.5
2022-01-13,0.0,3.43,579.2,,64826,0,560.0,579.5,550.1
2022-01-12,0.0,-2.78,560.0,,92532,0,582.0,587.0,555.0
2022-01-11,0.0,1.77,576.0,,78332,0,570.0,580.0,567.0
2022-01-10,0.0,0.16,566.0,,77678,0,575.0,586.0,560.0
2022-01-09,0.0,5.43,565.1,,85089,0,545.0,570.0,540.1
2022-01-06,0.0,1.52,536.0,,48131,0,525.0,536.0,525.0
2022-01-05,0.0,-0.38,528.0,,83036,0,530.0,547.8,522.5
2022-01-04,0.0,2.91,530.0,,82464,0,515.0,532.0,510.0
2022-01-03,0.0,0.98,515.0,,36360,0,520.2,524.0,510.0
2022-01-02,0.0,3.03,510.0,,47768,0,504.9,512.0,495.0
2021-12-29,0.0,-0.4,495.0,,17723,0,498.0,502.0,494.0
2021-12-28,0.0,0.81,497.0,,30685,0,502.8,502.8,484.2
2021-12-27,0.0,-3.14,493.0,,80363,0,512.0,513.0,492.1
2021-12-26,0.0,2.0,509.0,,68510,0,507.9,515.0,500.0
2021-12-23,0.0,-0.89,499.0,,57937,0,513.5,513.5,490.0
2021-12-22,0.0,3.81,503.5,,52433,0,494.7,507.0,490.0
2021-12-21,0.0,3.04,485.0,,24016,0,480.0,487.3,472.0
2021-12-20,0.0,-2.75,470.7,,25936,0,493.6,493.6,463.0
2021-12-16,0.0,-2.22,484.0,,37932,0,503.0,503.0,480.0
2021-12-15,0.0,2.27,495.0,,98353,0,493.0,523.0,476.0
2021-12-14,0.0,8.28,484.0,,30276,0,453.9,484.0,450.0
2021-12-13,0.0,-2.83,447.0,,82877,0,450.8,468.0,430.0
2021-12-12,0.0,-6.69,460.0,,63414,0,495.0,495.0,460.0
2021-12-09,0.0,-0.1,493.0,,42832,0,494.0,500.8,484.0
2021-12-08,0.0,-2.66,493.5,,46602,0,505.0,512.0,492.0
2021-12-07,0.0,-0.59,507.0,,64020,0,520.0,534.0,505.0
2021-12-06,0.0,2.0,510.0,,91114,0,500.0,515.0,480.0
2021-12-05,0.0,-6.19,500.0,,93752,0,532.0,532.0,500.0
2021-12-02,0.0,-4.48,533.0,,71321,0,555.0,561.0,527.0
2021-12-01,0.0,-2.39,558.0,,111382,0,569.7,575.0,557.0
2021-11-30,0.0,0.92,672.1,,111407,0,678.0,680.0,666.1
2021-11-29,0.0,-0.89,666.0,,77069,0,685.0,690.0,661.0
2021-11-28,0.0,-3.31,672.0,,96723,0,687.0,697.0,666.0
2021-11-25,0.0,-1.28,695.0,,49431,0,711.0,715.0,694.0
2021-11-24,0.0,0.72,704.0,,56649,0,699.0,711.0,685.0
2021-11-23,0.0,-1.69,699.0,,54959,0,711.0,714.0,696.0
2021-11-22,0.0,-0.42,711.0,,53642,0,728.0,728.0,707.1
2021-11-21,0.0,-0.27,714.0,,27797,0,715.9,727.0,712.0
2021-11-18,0.0,-1.53,715.9,,63986,0,725.0,733.0,715.0
2021-11-17,0.0,-0.27,727.0,,92039,0,729.0,741.0,725.0
2021-11-16,0.0,0.55,729.0,,53416,0,736.9,736.9,713.5
2021-11-15,0.0,2.84,725.0,,69051,0,718.0,730.0,708.0
2021-11-14,0.0,2.47,705.0,,56570,0,692.0,714.0,679.0
2021-11-11,0.0,-2.82,688.0,,83884,0,705.0,705.0,681.0
2021-11-09,0.0,-3.28,708.0,,100145,0,730.0,735.0,704.0
2021-11-08,0.0,-1.61,732.0,,31754,0,746.0,748.0,732.0
2021-11-03,0.0,-1.06,744.0,,66013,0,767.0,767.0,744.0
2021-11-02,0.0,1.9,752.0,,104597,0,743.0,759.7,725.0
2021-11-01,0.0,0.0,738.0,,130909,0,749.0,760.0,730.0
2021-10-31,0.0,3.65,738.0,,133514,0,726.2,741.0,726.2
2021-10-28,0.0,-0.7,712.0,,48850,0,723.0,723.0,705.0
2021-10-27,0.0,0.01,717.0,,84214,0,720.0,731.0,700.7
2021-10-26,0.0,3.52,716.9,,83742,0,706.0,724.0,703.5
2021-10-25,0.0,4.47,692.5,,63030,0,676.1,695.0,666.0
2021-10-24,0.0,1.05,662.9,,22185,0,656.1,669.1,656.0
2021-10-21,0.0,-1.35,656.0,,34654,0,674.0,674.0,650.0
2021-10-20,0.0,2.47,665.0,,29987,0,661.9,679.9,650.0
2021-10-19,0.0,-3.13,649.0,,63783,0,670.0,670.0,640.0
2021-10-18,0.0,-4.18,670.0,,63601,0,688.0,693.0,660.0
2021-10-17,0.0,1.35,699.2,,21841,0,702.0,705.0,686.0
2021-10-11,0.0,0.04,689.9,,35639,0,690.0,693.6,671.0
2021-10-10,0.0,0.23,689.6,,74232,0,701.7,714.9,688.0
2021-10-06,0.0,3.15,688.0,,47823,0,679.9,693.0,670.0
2021-10-05,0.0,2.76,667.0,,38287,0,636.2,670.0,636.2
2021-10-04,0.0,-1.2,649.1,,47683,0,643.9,664.0,640.0
2021-10-03,0.0,-1.22,657.0,,56671,0,669.0,671.0,651.0
2021-09-30,0.0,-2.18,665.1,,52831,0,693.4,693.4,665.0
2021-09-29,0.0,2.72,679.9,,92397,0,675.0,680.0,640.0
2021-09-28,0.0,-3.37,661.9,,105702,0,685.0,690.0,652.0
2021-09-27,0.0,-2.97,685.0,,62161,0,706.0,710.0,681.1
2021-09-26,0.0,-0.56,706.0,,101054,0,722.0,735.0,703.0
2021-09-23,0.0,-1.25,710.0,,103201,0,730.0,744.0,705.0
2021-09-22,0.0,6.84,719.0,,110988,0,686.0,720.1,685.0
2021-09-21,0.0,0.6,673.0,,138857,0,669.0,704.0,635.0
2021-09-20,0.0,-5.11,669.0,,162387,0,700.0,705.0,662.0
2021-09-16,0.0,-2.76,705.0,,187789,0,725.0,725.0,695.2
2021-09-15,0.0,-1.23,725.0,,63917,0,748.0,748.0,721.0
2021-09-14,0.0,-0.54,734.0,,63816,0,738.0,762.0,727.0
2021-09-13,0.0,-0.14,738.0,,140576,0,753.7,764.0,734.0
2021-09-12,0.0,4.08,739.0,,134330,0,715.0,744.0,701.0
2021-09-09,0.0,-0.03,710.0,,77874,0,720.0,723.8,700.0
2021-09-08,0.0,-4.16,710.2,,88712,0,753.0,753.0,710.0
2021-09-07,0.0,-2.23,741.0,,113245,0,773.0,773.0,725.0
2021-09-06,0.0,10.0,757.9,,192396,0,680.0,757.9,676.0
2021-09-05,0.0,-4.44,689.0,,221717,0,710.0,719.0,671.3
2021-09-02,0.0,-2.59,721.0,,130650,0,740.0,750.0,715.0
2021-09-01,0.0,-1.04,740.2,,140658,0,755.0,770.0,740.0
2021-08-31,0.0,-2.86,748.0,,206098,0,769.9,770.0,740.0
2021-08-29,0.0,-1.41,770.0,,178178,0,791.0,796.0,766.4
2021-08-26,0.0,2.09,781.0,,191094,0,765.0,794.0,756.5
2021-08-25,0.0,-2.05,765.0,,163046,0,780.0,780.0,751.0
2021-08-24,0.0,-3.46,781.0,,231910,0,824.0,825.0,780.0
2021-08-19,0.0,-3.0,809.0,,250797,0,835.0,849.0,800.0
2021-08-18,0.0,4.77,834.0,,378552,0,810.0,850.0,783.0
2021-08-17,0.0,5.01,796.0,,431589,0,768.0,801.0,753.0
2021-08-16,0.0,-0.39,758.0,,146819,0,770.0,780.0,749.0
2021-08-15,0.0,-1.68,761.0,,352722,0,775.0,779.1,740.0
2021-08-12,0.0,6.03,774.0,,441188,0,730.0,780.0,729.0
2021-08-11,0.0,-0.68,730.0,,165724,0,740.0,775.0,725.0
2021-08-10,0.0,5.91,735.0,,372361,0,705.0,749.0,697.0
2021-08-09,0.0,-1.08,694.0,,61794,0,709.0,710.0,692.0
2021-08-08,0.0,0.23,701.6,,110858,0,714.0,716.8,700.0
2021-08-05,0.0,1.89,700.0,,171968,0,689.0,724.0,683.0
2021-08-04,0.0,0.75,687.0,,69772,0,685.0,691.0,681.0
2021-08-03,0.0,-0.01,681.9,,58082,0,690.0,690.0,677.0
2021-08-02,0.0,-0.58,682.0,,63532,0,695.0,695.0,680.0
2021-08-01,0.0,0.15,686.0,,60028,0,693.0,696.0,686.0
2021-07-29,0.0,-0.97,685.0,,60233,0,695.0,699.0,685.0
2021-07-28,0.0,-0.19,691.7,,58861,0,694.5,700.0,690.0
2021-07-27,0.0,-0.43,693.0,,84333,0,682.1,693.0,671.0
2021-07-26,0.0,0.87,696.0,,110105,0,690.0,699.0,686.0
2021-07-25,0.0,1.02,690.0,,91519,0,692.0,696.0,683.1
2021-07-22,0.0,0.44,683.0,,70887,0,692.0,692.0,682.0
2021-07-20,0.0,-0.87,680.0,,56675,0,687.0,693.0,676.3
2021-07-19,0.0,0.75,686.0,,105448,0,690.0,700.0,680.0
2021-07-18,0.0,3.64,680.9,,126539,0,670.0,685.0,670.0
2021-07-15,0.0,-0.3,657.0,,69027,0,662.0,668.0,657.0
2021-07-14,0.0,-0.45,659.0,,46601,0,670.0,671.0,651.0
2021-07-13,0.0,1.38,662.0,,59538,0,655.0,669.0,644.0
2021-07-12,0.0,-1.51,653.0,,157746,0,663.0,680.0,640.0
2021-07-11,0.0,6.08,663.0,,142556,0,656.0,669.0,631.0
2021-07-08,0.0,1.79,625.0,,62935,0,614.0,627.0,611.0
2021-07-07,0.0,0.66,614.0,,44136,0,610.0,622.0,610.0
2021-07-06,0.0,0.33,610.0,,36689,0,602.0,618.0,602.0
2021-07-05,0.0,-2.41,608.0,,62143,0,620.0,620.0,606.0
2021-07-04,0.0,-1.42,623.0,,75690,0,632.0,639.0,620.0
2021-07-01,0.0,1.77,632.0,,149039,0,640.0,642.0,618.0
2021-06-30,0.0,3.85,621.0,,189295,0,598.0,626.0,570.0
2021-06-29,0.0,-2.61,598.0,,128805,0,614.0,620.0,594.0
2021-06-28,0.0,-0.97,614.0,,54577,0,632.0,632.0,613.0
2021-06-27,0.0,-0.64,620.0,,97503,0,624.0,633.0,602.0
2021-06-24,0.0,-1.73,624.0,,161712,0,625.0,639.0,613.0
2021-06-23,0.0,-3.79,635.0,,140071,0,666.0,670.0,631.0
2021-06-22,0.0,5.94,660.0,,202277,0,650.0,660.0,615.0
2021-06-21,0.0,-4.89,623.0,,254148,0,660.0,665.0,620.0
2021-06-20,0.0,-4.24,655.0,,234792,0,692.0,692.0,642.0
2021-06-17,0.0,2.09,684.0,,202788,0,670.0,690.0,655.0
2021-06-16,0.0,-3.87,670.0,,248595,0,698.0,700.0,660.0
2021-06-15,0.0,-3.06,697.0,,326288,0,719.0,725.0,690.0
2021-06-14,0.0,-0.55,719.0,,294290,0,745.0,745.0,707.0
2021-06-13,0.0,7.43,723.0,,473398,0,673.0,730.0,673.0
2021-06-10,0.0,0.9,673.0,,320422,0,667.0,690.0,650.0
2021-06-09,0.0,-0.04,667.0,,446185,0,700.0,728.0,654.0
2021-06-08,0.0,10.0,693.0,,419243,0,650.0,693.0,645.0
2021-06-07,0.0,7.12,632.0,,542454,0,599.0,635.0,570.0
2021-06-06,0.0,4.24,590.0,,330025,0,580.0,599.0,570.0
2021-06-03,0.0,5.6,566.0,,401847,0,546.0,580.0,542.0
2021-06-02,0.0,5.1,536.0,,281942,0,535.0,543.0,506.0
2021-06-01,0.0,-0.97,510.0,,147173,0,510.0,522.0,504.0
2021-05-31,0.0,-2.46,515.0,,195702,0,535.0,545.0,511.0
2021-05-30,0.0,6.67,528.0,,354716,0,500.0,537.0,498.0
2021-05-27,0.0,3.12,495.0,,229003,0,470.0,505.0,462.0
2021-05-25,0.0,-1.84,480.0,,134359,0,490.0,492.0,478.0
2021-05-24,0.0,-1.41,489.0,,218625,0,510.0,510.0,485.0
2021-05-23,0.0,7.59,496.0,,395201,0,460.0,502.0,444.0
2021-05-20,0.0,2.22,461.0,,150510,0,455.0,462.0,450.0
2021-05-19,0.0,-0.88,451.0,,105483,0,458.0,458.0,446.0
2021-05-18,0.0,1.79,455.0,,156008,0,447.0,456.0,447.0
2021-05-17,0.0,-0.22,447.0,,90156,0,450.0,455.0,441.0
2021-05-16,0.0,2.52,448.0,,103870,0,450.0,450.0,441.0
2021-05-13,0.0,1.63,437.0,,100723,0,430.0,444.0,427.0
2021-05-12,0.0,0.0,430.0,,19288,0,435.0,435.0,427.0
2021-05-11,0.0,0.23,430.0,,30064,0,432.0,432.0,428.0
2021-05-10,0.0,1.42,429.0,,27964,0,423.0,430.0,421.0
2021-05-09,0.0,-0.7,423.0,,41896,0,447.0,447.0,420.0
2021-05-06,0.0,-0.47,426.0,,52034,0,428.0,429.0,423.0
2021-05-05,0.0,-0.23,428.0,,40543,0,428.0,432.0,426.0
2021-05-04,0.0,-0.69,429.0,,35112,0,437.0,437.0,428.0
2021-05-03,0.0,-1.59,432.0,,55041,0,446.0,446.0,429.0
2021-05-02,0.0,1.15,439.0,,63640,0,436.0,441.0,427.0
2021-04-29,0.0,1.17,434.0,,30629,0,429.0,435.0,422.0
2021-04-28,0.0,-0.23,429.0,,38807,0,435.0,435.0,420.0
2021-04-27,0.0,4.38,429.0,,77062,0,410.0,430.0,410.0
2021-04-26,0.0,-3.52,411.0,,113897,0,421.0,425.0,409.0
2021-04-25,0.0,-3.19,425.0,,113404,0,440.0,444.0,424.0
2021-04-22,0.0,0.0,439.0,,90181,0,460.0,460.0,430.0
2021-04-21,0.0,-1.57,439.0,,106613,0,450.0,455.0,435.0
2021-04-20,0.0,2.53,445.0,,233517,0,445.0,451.0,437.0
2021-04-19,0.0,-1.36,434.0,,103424,0,448.0,448.0,430.0
2021-04-18,0.0,-1.34,441.0,,183073,0,425.0,458.0,425.0
2021-04-15,0.0,3.71,447.0,,198162,0,436.0,455.0,430.0
2021-04-13,0.0,3.35,432.0,,134782,0,417.0,433.0,416.0
2021-04-12,0.0,1.46,418.0,,83085,0,424.0,424.0,413.0
2021-04-08,0.0,0.0,412.0,,40238,0,410.0,415.0,410.0
2021-04-07,0.0,0.24,412.0,,46516,0,410.0,415.0,410.0
2021-04-06,0.0,0.0,411.0,,37302,0,414.0,418.0,408.0
2021-04-05,0.0,-0.96,411.0,,41275,0,415.0,420.0,409.0
2021-04-04,0.0,1.72,415.0,,79155,0,420.0,420.0,406.0
2021-04-01,0.0,0.99,408.0,,67797,0,408.0,413.0,403.0
2021-03-31,0.0,1.76,404.0,,62301,0,404.0,404.0,398.0
2021-03-30,0.0,0.25,397.0,,32923,0,395.0,400.0,393.0
2021-03-29,0.0,-0.25,396.0,,26762,0,403.0,403.0,396.0
2021-03-25,0.0,-1.0,397.0,,39810,0,402.0,404.0,397.0
2021-03-24,0.0,1.26,401.0,,53553,0,400.0,402.0,396.0
2021-03-23,0.0,0.25,396.0,,32254,0,396.0,399.0,392.0
2021-03-22,0.0,-0.5,395.0,,28041,0,416.0,416.0,395.0
2021-03-21,0.0,2.58,397.0,,46770,0,390.0,400.0,390.0
2021-03-18,0.0,-1.02,387.0,,79409,0,395.0,397.0,386.0
2021-03-17,0.0,1.56,391.0,,25549,0,384.0,392.0,384.0
2021-03-16,0.0,0.0,385.0,,24915,0,385.0,392.0,383.0
2021-03-15,0.0,-0.77,385.0,,42168,0,393.0,393.0,382.0
2021-03-14,0.0,-1.77,388.0,,42216,0,398.0,398.0,385.0
2021-03-10,0.0,-0.5,395.0,,27705,0,404.0,404.0,393.0
2021-03-09,0.0,-1.0,397.0,,26547,0,400.0,403.0,396.0
2021-03-08,0.0,-0.25,400.0,,51961,0,409.0,409.0,400.0
2021-03-04,0.0,2.56,401.0,,68099,0,398.0,404.0,394.0
2021-03-03,0.0,-1.26,391.0,,100386,0,377.0,398.0,377.0
2021-03-02,0.0,-2.46,396.0,,74938,0,411.0,412.0,394.0
2021-03-01,0.0,0.0,406.0,,93320,0,401.0,414.0,399.0
2021-02-28,0.0,-3.36,403.0,,115139,0,413.0,415.0,401.0
2021-02-25,0.0,0.0,417.0,,74806,0,430.0,430.0,415.0
2021-02-24,0.0,1.44,424.0,,90788,0,426.0,440.0,413.0
2021-02-23,0.0,-1.42,418.0,,141298,0,429.0,429.0,407.0
2021-02-22,0.0,-2.3,424.0,,166488,0,438.0,444.0,423.0
2021-02-21,0.0,0.05,434.0,,246632,0,414.0,444.0,414.0
2021-02-18,0.0,0.01,414.0,,94821,0,410.0,416.0,410.0
2021-02-17,0.0,-0.01,410.0,,64059,0,415.0,420.0,404.0
2021-02-16,0.0,0.02,413.0,,119001,0,410.0,418.0,409.0
2021-02-15,0.0,0.01,406.0,,78507,0,410.0,412.0,403.0
2021-02-14,0.0,0.0,402.0,,67462,0,403.0,410.0,395.0
2021-02-11,0.0,-0.01,402.0,,99320,0,410.0,418.0,399.0
2021-02-10,0.0,0.0,405.0,,89376,0,406.0,407.0,398.0
2021-02-09,0.0,0.01,402.0,,129875,0,404.0,420.0,400.0
2021-02-08,0.0,0.03,399.0,,157441,0,392.0,401.0,388.0
2021-02-07,0.0,0.0,388.0,,78158,0,392.0,392.0,383.0
2021-02-04,0.0,0.0,387.0,,41113,0,383.0,390.0,380.0
2021-02-03,0.0,-0.01,387.0,,64714,0,390.0,396.0,385.0
2021-02-02,0.0,0.01,390.0,,71097,0,390.0,397.0,387.0
2021-02-01,0.0,0.04,387.0,,75340,0,374.0,394.0,367.0
2021-01-31,0.0,-0.03,373.0,,39926,0,385.0,385.0,372.0
2021-01-28,0.0,-0.01,383.0,,55233,0,389.0,392.0,381.0
2021-01-27,0.0,-0.01,386.0,,47862,0,388.0,395.0,386.0
2021-01-26,0.0,-0.01,388.0,,61427,0,390.0,394.0,387.0
2021-01-25,0.0,-0.02,391.0,,64756,0,404.0,404.0,391.0
2021-01-24,0.0,0.01,399.0,,105355,0,400.0,402.0,390.0
2021-01-21,0.0,0.03,396.0,,132533,0,405.0,413.0,393.0
2021-01-20,0.0,-0.02,386.0,,57192,0,390.0,391.0,384.0
2021-01-19,0.0,-0.01,393.0,,87446,0,401.0,406.0,390.0
2021-01-18,0.0,0.04,398.0,,108718,0,385.0,406.0,383.0
2021-01-17,0.0,0.01,382.0,,60754,0,380.0,384.0,375.0
2021-01-13,0.0,0.01,377.0,,42477,0,373.0,378.0,373.0
2021-01-12,0.0,0.01,374.0,,40094,0,368.0,376.0,368.0
2021-01-11,0.0,0.02,370.0,,93022,0,369.0,377.0,367.0
2021-01-10,0.0,0.03,363.0,,86786,0,355.0,363.0,353.0
2021-01-07,0.0,0.01,353.0,,34261,0,351.0,356.0,351.0
2021-01-06,0.0,0.01,350.0,,38788,0,346.0,352.0,345.0
2021-01-05,0.0,-0.01,346.0,,24486,0,350.0,355.0,345.0
2021-01-04,0.0,0.0,349.0,,58516,0,352.0,366.0,345.0
2021-01-03,0.0,0.04,349.0,,83402,0,340.0,349.0,337.0
2020-12-31,0.0,0.01,335.0,,38482,0,329.0,338.0,327.0
2020-12-30,0.0,0.0,332.0,,30995,0,315.0,341.0,315.0
2020-12-29,0.0,-0.01,331.0,,29240,0,342.0,342.0,330.0
2020-12-28,0.0,-0.01,336.0,,40200,0,341.0,345.0,328.0
2020-12-27,0.0,0.0,379.0,,105809,0,381.0,385.0,377.0
2020-12-24,0.0,-0.01,380.0,,50181,0,385.0,387.0,375.0
2020-12-23,0.0,-0.01,383.0,,39561,0,392.0,395.0,379.0
2020-12-22,0.0,0.03,386.0,,63405,0,380.0,387.0,376.0
2020-12-21,0.0,0.01,374.0,,79095,0,360.0,374.0,354.0
2020-12-20,0.0,-0.04,371.0,,79185,0,382.0,389.0,369.0
2020-12-17,0.0,-0.01,385.0,,54335,0,385.0,391.0,385.0
2020-12-16,0.0,-0.01,387.0,,28641,0,408.0,408.0,385.0
2020-12-15,0.0,0.0,389.0,,38111,0,409.0,409.0,386.0
2020-12-14,0.0,0.02,390.0,,66136,0,391.0,395.0,385.0
2020-12-13,0.0,0.02,384.0,,36240,0,396.0,396.0,376.0
2020-12-10,0.0,0.0,378.0,,44388,0,375.0,381.0,374.0
2020-12-09,0.0,-0.02,378.0,,65891,0,386.0,386.0,375.0
2020-12-08,0.0,-0.03,387.0,,72215,0,397.0,402.0,386.0
2020-12-07,0.0,0.0,397.0,,141839,0,416.0,416.0,384.0
2020-12-06,0.0,-0.05,397.0,,102819,0,415.0,415.0,397.0
2020-12-03,0.0,-0.02,417.0,,92439,0,430.0,430.0,410.0
2020-12-02,0.0,0.02,424.0,,101386,0,411.0,430.0,411.0
2020-12-01,0.0,-0.02,414.0,,78914,0,445.0,445.0,405.0
2020-11-30,0.0,-0.02,424.0,,235591,0,450.0,463.0,424.0
2020-11-29,0.0,0.1,433.0,,243407,0,401.0,433.0,400.0
2020-11-26,0.0,0.02,394.0,,126163,0,395.0,402.0,390.0
2020-11-25,0.0,0.02,390.0,,69632,0,391.0,394.0,386.0
2020-11-24,0.0,0.0,384.0,,92033,0,390.0,390.0,379.0
2020-11-23,0.0,0.0,384.0,,67099,0,386.0,391.0,380.0
2020-11-22,0.0,0.03,384.0,,166675,0,379.0,391.0,377.0
2020-11-19,0.0,0.0,372.0,,57395,0,366.0,373.0,366.0
2020-11-18,0.0,0.0,365.0,,84496,0,372.0,379.0,364.0
2020-11-12,0.0,0.0,365.0,,49762,0,365.0,367.0,362.0
2020-11-11,0.0,0.55,364.0,,24081,0,365.0,367.0,362.0
2020-11-10,0.0,0.84,362.0,,31273,0,359.0,365.0,358.0
2020-11-09,0.0,-1.64,359.0,,36326,0,370.0,371.0,359.0
2020-11-08,0.0,-1.35,365.0,,48009,0,366.0,371.0,363.0
2020-11-05,0.0,0.0,370.0,,77911,0,374.0,381.0,368.0
2020-11-04,0.0,-0.54,370.0,,36288,0,373.0,374.0,370.0
2020-11-03,0.0,-0.27,372.0,,49591,0,373.0,375.0,370.0
2020-11-02,0.0,0.81,373.0,,54697,0,371.0,376.0,367.0
2020-11-01,0.0,0.54,370.0,,50589,0,368.0,370.0,365.0
2020-10-29,0.0,-1.87,368.0,,62086,0,380.0,380.0,365.0
2020-10-28,0.0,3.31,375.0,,69466,0,368.0,376.0,365.0
2020-10-22,0.0,0.55,363.0,,59188,0,364.0,365.0,363.0
2020-10-21,0.0,0.28,361.0,,64938,0,364.0,365.0,359.0
2020-10-20,0.0,0.84,360.0,,41683,0,360.0,361.0,354.0
2020-10-19,0.0,1.42,357.0,,52396,0,359.0,365.0,351.0
2020-10-18,0.0,-0.56,352.0,,36443,0,354.0,355.0,349.0
2020-10-15,0.0,0.0,354.0,,42504,0,361.0,363.0,352.0
2020-10-14,0.0,-2.48,354.0,,100142,0,364.0,364.0,352.0
2020-10-13,0.0,-1.36,363.0,,228120,0,380.0,385.0,361.0
2020-10-12,0.0,9.85,368.0,,460478,0,335.0,368.0,335.0
2020-10-11,0.0,-0.59,335.0,,28456,0,336.0,339.0,333.0
2020-10-08,0.0,-0.3,337.0,,74536,0,344.0,344.0,335.0
2020-10-07,0.0,2.11,338.0,,68565,0,335.0,340.0,331.0
2020-10-06,0.0,0.0,331.0,,19685,0,336.0,336.0,330.0
2020-10-05,0.0,-0.9,331.0,,26809,0,335.0,335.0,330.0
2020-10-04,0.0,0.3,334.0,,24722,0,339.0,340.0,332.0
2020-10-01,0.0,2.46,333.0,,48105,0,326.0,336.0,325.0
2020-09-30,0.0,-0.61,325.0,,31200,0,327.0,327.0,322.0
2020-09-29,0.0,-0.61,327.0,,12023,0,330.0,330.0,326.0
2020-09-28,0.0,-0.3,329.0,,17688,0,335.0,335.0,326.0
2020-09-27,0.0,0.3,330.0,,26227,0,329.0,333.0,327.0
2020-09-24,0.0,0.0,329.0,,19179,0,345.0,345.0,328.0
2020-09-23,0.0,0.3,329.0,,14586,0,328.0,334.0,326.0
2020-09-22,0.0,-2.09,328.0,,36052,0,351.0,351.0,327.0
2020-09-21,0.0,0.3,335.0,,27416,0,331.0,337.0,331.0
2020-09-20,0.0,1.21,334.0,,33314,0,346.0,346.0,333.0
2020-09-17,0.0,1.23,330.0,,60882,0,316.0,335.0,316.0
2020-09-16,0.0,-0.61,326.0,,16231,0,329.0,329.0,326.0
2020-09-15,0.0,-0.61,328.0,,16072,0,335.0,335.0,328.0
2020-09-14,0.0,0.3,330.0,,26869,0,340.0,340.0,328.0
2020-09-13,0.0,0.61,329.0,,32570,0,329.0,332.0,326.0
2020-09-10,0.0,2.19,327.0,,41373,0,320.0,340.0,320.0
2020-09-09,0.0,-1.54,320.0,,30307,0,325.0,325.0,320.0
2020-09-08,0.0,1.25,325.0,,14703,0,324.0,326.0,320.0
2020-09-07,0.0,-1.23,321.0,,23514,0,315.0,332.0,315.0
2020-09-06,0.0,-1.52,325.0,,45133,0,346.0,350.0,323.0
2020-09-03,0.0,0.0,330.0,,26360,0,330.0,331.0,325.0
2020-09-02,0.0,1.54,330.0,,57562,0,330.0,331.0,326.0
2020-08-31,0.0,-0.31,325.0,,21058,0,326.0,329.0,323.0
2020-08-30,0.0,-0.31,326.0,,7015,0,327.0,330.0,323.0
2020-08-27,0.0,-0.61,327.0,,20066,0,335.0,335.0,326.0
2020-08-26,0.0,1.23,329.0,,33488,0,328.0,333.0,323.0
2020-08-25,0.0,0.62,325.0,,25734,0,328.0,329.0,317.0
2020-08-24,0.0,1.57,323.0,,17087,0,320.0,325.0,320.0
2020-08-23,0.0,0.63,318.0,,8716,0,322.0,322.0,314.0
2020-08-20,0.0,-0.63,316.0,,10757,0,316.0,320.0,313.0
2020-08-19,0.0,-0.62,318.0,,14515,0,316.0,320.0,311.0
2020-08-18,0.0,-0.31,320.0,,15884,0,320.0,324.0,317.0
2020-08-17,0.0,0.63,321.0,,7538,0,325.0,325.0,317.0
2020-08-16,0.0,-1.54,319.0,,23810,0,318.0,320.0,307.0
2020-08-13,0.0,-0.92,324.0,,9253,0,328.0,330.0,322.0
2020-08-12,0.0,-0.3,327.0,,8797,0,334.0,334.0,323.0
2020-08-11,0.0,0.0,328.0,,15559,0,334.0,337.0,325.0
2020-08-10,0.0,2.5,328.0,,25851,0,322.0,332.0,322.0
2020-08-09,0.0,0.95,320.0,,12481,0,314.0,320.0,311.0
2020-08-06,0.0,0.0,317.0,,12267,0,332.0,332.0,311.0
2020-08-05,0.0,-2.16,317.0,,18452,0,319.0,319.0,315.0
2020-08-03,0.0,1.25,324.0,,14911,0,319.0,329.0,316.0
2020-08-02,0.0,-4.19,320.0,,38282,0,334.0,335.0,320.0
2020-07-30,0.0,-0.3,334.0,,18102,0,335.0,337.0,329.0
2020-07-29,0.0,-1.18,335.0,,25209,0,335.0,340.0,334.0
2020-07-28,0.0,-1.17,339.0,,20277,0,342.0,343.0,339.0
2020-07-27,0.0,0.59,342.0,,36503,0,345.0,348.0,340.0
2020-07-26,0.0,0.29,340.0,,32550,0,345.0,345.0,335.0
2020-07-23,0.0,-0.29,339.0,,23555,0,335.0,340.0,334.0
2020-07-22,0.0,-1.16,340.0,,35139,0,361.0,361.0,335.0
2020-07-21,0.0,-0.58,344.0,,62375,0,363.0,363.0,340.0
2020-07-20,0.0,4.22,346.0,,135993,0,348.0,365.0,335.0
2020-07-19,0.0,3.75,332.0,,20,0,326.0,332.0,326.0
2020-07-16,0.0,2.56,320.0,,29521,0,315.0,320.0,314.0
2020-07-15,0.0,1.3,312.0,,19086,0,309.0,312.0,307.0
2020-07-14,0.0,0.0,308.0,,14084,0,310.0,310.0,306.0
2020-07-13,0.0,1.32,308.0,,12012,0,310.0,322.0,300.0
2020-07-12,0.0,0.0,304.0,,15042,0,310.0,310.0,302.0
2020-07-09,0.0,-0.33,304.0,,12220,0,305.0,309.0,300.0
2020-07-08,0.0,-0.97,305.0,,16020,0,308.0,308.0,301.0
2020-07-07,0.0,1.65,308.0,,22392,0,302.0,313.0,302.0
2020-07-06,0.0,2.02,303.0,,20952,0,297.0,304.0,296.0
2020-07-05,0.0,2.06,297.0,,32621,0,290.0,300.0,280.0
2020-07-02,0.0,-9.06,291.0,,18193,0,322.0,326.0,291.0
2020-07-01,0.0,6.67,320.0,,8653,0,306.0,321.0,306.0
2020-06-30,0.0,9.09,300.0,,8796,0,280.0,300.0,280.0
2020-06-29,0.0,-4.86,275.0,,7789,0,283.0,283.0,268.0
2020-05-12,0.0,-2.7,288.0,,195,0,291.0,291.0,288.0
2020-03-22,0.0,-1.0,296.0,,6992,0,303.0,304.0,291.0
2020-03-19,0.0,0.34,299.0,,64052,0,298.0,304.0,288.0
2020-03-18,0.0,-2.3,297.0,,46573,0,302.0,306.0,292.0
2020-03-17,0.0,-3.18,304.0,,50208,0,312.0,313.0,304.0
2020-03-16,0.0,-0.32,314.0,,44029,0,312.0,322.0,307.0
2020-03-15,0.0,-5.69,315.0,,55625,0,328.0,331.0,314.0
2020-03-12,0.0,-3.47,334.0,,58638,0,350.0,352.0,329.0
2020-03-11,0.0,7.45,346.0,,74214,0,328.0,346.0,319.0
2020-03-10,0.0,-5.29,322.0,,32497,0,338.0,338.0,322.0
2020-03-05,0.0,0.29,340.0,,138457,0,333.0,346.0,321.0
2020-03-04,0.0,-6.35,339.0,,70955,0,356.0,360.0,338.0
2020-03-03,0.0,0.56,362.0,,97755,0,360.0,370.0,325.0
2020-03-02,0.0,-6.25,360.0,,57402,0,378.0,390.0,360.0
2020-03-01,0.0,-1.54,384.0,,127488,0,390.0,409.0,382.0
2020-02-27,0.0,1.83,390.0,,91726,0,383.0,399.0,366.0
2020-02-26,0.0,4.08,383.0,,99093,0,361.0,395.0,361.0
2020-02-25,0.0,1.1,368.0,,57113,0,365.0,369.0,349.0
2020-02-24,0.0,1.96,364.0,,95247,0,357.0,377.0,352.0
2020-02-23,0.0,7.85,357.0,,122613,0,337.0,363.0,332.0
2020-02-20,0.0,0.3,331.0,,53699,0,330.0,332.0,325.0
2020-02-19,0.0,0.0,330.0,,54049,0,330.0,333.0,326.0
2020-02-18,0.0,0.31,328.0,,69632,0,330.0,337.0,323.0
2020-02-17,0.0,1.87,327.0,,80581,0,327.0,330.0,322.0
2020-02-16,0.0,0.63,321.0,,40023,0,318.0,323.0,317.0
2020-02-13,0.0,0.0,319.0,,12629,0,333.0,333.0,318.0
2020-02-12,0.0,-0.93,319.0,,28004,0,316.0,326.0,316.0
2020-02-11,0.0,1.58,322.0,,15067,0,319.0,324.0,319.0
2020-02-10,0.0,0.0,317.0,,12263,0,319.0,320.0,314.0
2020-02-09,0.0,-1.25,317.0,,10909,0,318.0,319.0,317.0
2020-02-06,0.0,-1.83,321.0,,16621,0,311.0,337.0,311.0
2020-02-05,0.0,0.93,327.0,,7448,0,325.0,327.0,324.0
2020-02-04,0.0,-0.92,324.0,,17467,0,326.0,333.0,323.0
2020-02-03,0.0,-0.91,327.0,,31305,0,334.0,334.0,325.0
2020-02-02,0.0,2.48,330.0,,49257,0,328.0,330.0,325.0
2020-01-30,0.0,0.31,322.0,,33733,0,321.0,325.0,320.0
2020-01-29,0.0,0.0,321.0,,12451,0,317.0,321.0,317.0
2020-01-28,0.0,1.26,321.0,,14100,0,317.0,324.0,317.0
2020-01-27,0.0,2.92,317.0,,25004,0,314.0,319.0,310.0
2020-01-26,0.0,-2.53,308.0,,24101,0,316.0,318.0,306.0
2020-01-23,0.0,-0.94,316.0,,26739,0,325.0,325.0,314.0
2020-01-22,0.0,-0.62,319.0,,34836,0,321.0,328.0,316.0
2020-01-21,0.0,-2.73,321.0,,39985,0,333.0,333.0,320.0
2020-01-20,0.0,-2.08,330.0,,68210,0,340.0,341.0,320.0
2020-01-19,0.0,5.97,337.0,,49726,0,324.0,340.0,322.0
2020-01-16,0.0,1.27,319.0,,33979,0,318.0,324.0,316.0
2020-01-15,0.0,2.6,316.0,,22511,0,314.0,316.0,308.0
2020-01-14,0.0,0.65,308.0,,32972,0,306.0,314.0,304.0
2020-01-13,0.0,0.0,306.0,,61507,0,310.0,320.0,303.0
2020-01-12,0.0,5.15,306.0,,38939,0,295.0,306.0,292.0
2020-01-09,0.0,0.0,291.0,,11599,0,290.0,292.0,289.0
2020-01-08,0.0,0.69,291.0,,30632,0,287.0,295.0,284.0
2020-01-07,0.0,1.4,289.0,,25807,0,282.0,294.0,281.0
2020-01-06,0.0,1.79,285.0,,22197,0,283.0,287.0,280.0
2020-01-05,0.0,0.36,280.0,,13357,0,280.0,284.0,279.0
2020-01-02,0.0,1.45,279.0,,6656,0,277.0,280.0,275.0
2020-01-01,0.0,0.0,275.0,,3138,0,275.0,275.0,273.0
2019-12-31,0.0,0.73,275.0,,5163,0,273.0,279.0,272.0
2019-12-30,0.0,0.0,273.0,,10097,0,273.0,273.0,270.0
2019-12-29,0.0,-1.09,273.0,,6579,0,275.0,277.0,272.0
2019-12-26,0.0,0.0,276.0,,7501,0,276.0,279.0,276.0
2019-12-25,0.0,-1.08,276.0,,4126,0,278.0,279.0,276.0
2019-12-24,0.0,0.0,279.0,,10581,0,279.0,280.0,275.0
2019-12-23,0.0,2.2,279.0,,10461,0,274.0,279.0,273.0
2019-12-22,0.0,-0.73,273.0,,7807,0,276.0,276.0,273.0
2019-12-19,0.0,-0.36,275.0,,7469,0,277.0,277.0,275.0
2019-12-18,0.0,-0.36,276.0,,8223,0,280.0,280.0,275.0
2019-12-17,0.0,0.0,277.0,,5363,0,277.0,280.0,276.0
2019-12-16,0.0,-1.07,277.0,,5448,0,280.0,281.0,276.0
2019-12-15,0.0,0.35,284.0,,4288,0,283.0,285.0,281.0
2019-12-12,0.0,1.43,283.0,,10772,0,278.0,283.0,277.0
2019-12-11,0.0,0.72,279.0,,37854,0,279.0,282.0,279.0
2019-12-10,0.0,-0.36,277.0,,16475,0,281.0,284.0,277.0
2019-12-09,0.0,4.78,278.0,,28125,0,269.0,280.0,269.0
2019-12-08,0.0,-0.95,312.0,,55209,0,315.0,315.0,310.0
2019-12-05,0.0,1.29,315.0,,11758,0,315.0,315.0,311.0
2019-12-04,0.0,1.97,311.0,,11136,0,306.0,311.0,306.0
2019-12-03,0.0,-2.24,305.0,,6009,0,310.0,312.0,305.0
2019-12-02,0.0,0.0,312.0,,4310,0,312.0,312.0,309.0
2019-12-01,0.0,-0.32,312.0,,5201,0,314.0,315.0,307.0
2019-11-28,0.0,-0.63,313.0,,9262,0,314.0,314.0,310.0
2019-11-27,0.0,1.61,315.0,,5061,0,310.0,315.0,310.0
2019-11-26,0.0,0.32,310.0,,6022,0,307.0,310.0,307.0
2019-11-25,0.0,0.32,309.0,,4724,0,308.0,312.0,306.0
2019-11-24,0.0,-1.6,308.0,,13860,0,310.0,310.0,307.0
2019-11-21,0.0,-0.32,313.0,,3448,0,315.0,316.0,310.0
2019-11-20,0.0,-1.26,314.0,,11129,0,318.0,318.0,314.0
2019-11-19,0.0,0.95,318.0,,9093,0,316.0,318.0,315.0
2019-11-18,0.0,-0.63,315.0,,8419,0,315.0,316.0,313.0
2019-11-17,0.0,0.0,317.0,,4485,0,317.0,320.0,317.0
2019-11-14,0.0,0.63,317.0,,3261,0,315.0,320.0,315.0
2019-11-13,0.0,-0.32,315.0,,6249,0,314.0,317.0,314.0
2019-11-12,0.0,-0.94,316.0,,1290,0,317.0,319.0,315.0
2019-11-11,0.0,0.31,319.0,,7407,0,318.0,319.0,317.0
2019-11-10,0.0,0.0,318.0,,7641,0,318.0,320.0,316.0
2019-11-07,0.0,0.0,318.0,,4690,0,318.0,318.0,316.0
2019-11-06,0.0,0.63,318.0,,8753,0,317.0,318.0,316.0
2019-11-05,0.0,0.0,316.0,,9082,0,318.0,318.0,316.0
2019-11-04,0.0,-0.63,316.0,,11102,0,317.0,318.0,315.0
2019-11-03,0.0,0.32,318.0,,7239,0,318.0,320.0,315.0
2019-10-31,0.0,1.93,317.0,,13466,0,317.0,319.0,316.0
2019-10-24,0.0,0.0,311.0,,6895,0,316.0,317.0,311.0
2019-10-23,0.0,0.65,311.0,,2260,0,310.0,311.0,307.0
2019-10-22,0.0,0.98,309.0,,2004,0,306.0,312.0,306.0
2019-10-21,0.0,-1.29,306.0,,8220,0,308.0,322.0,306.0
2019-10-17,0.0,-1.59,310.0,,2788,0,317.0,317.0,310.0
2019-10-16,0.0,3.28,315.0,,2148,0,310.0,316.0,305.0
2019-10-15,0.0,0.66,305.0,,11035,0,304.0,305.0,303.0
2019-10-14,0.0,-1.62,303.0,,5092,0,307.0,307.0,303.0
2019-10-10,0.0,-0.32,308.0,,300,0,309.0,309.0,308.0
2019-10-03,0.0,0.32,309.0,,2106,0,310.0,311.0,309.0
2019-10-02,0.0,0.0,308.0,,3757,0,310.0,310.0,308.0
2019-10-01,0.0,1.32,308.0,,4753,0,304.0,309.0,303.0
2019-09-30,0.0,1.33,304.0,,3126,0,302.0,304.0,301.0
2019-09-29,0.0,-0.33,300.0,,5892,0,301.0,304.0,300.0
2019-09-26,0.0,-0.33,301.0,,11497,0,301.0,302.0,300.0
2019-09-24,0.0,0.33,303.0,,2667,0,303.0,305.0,302.0
2019-09-23,0.0,0.33,302.0,,5791,0,300.0,305.0,300.0
2019-09-22,0.0,-1.95,301.0,,6796,0,304.0,304.0,301.0
2019-09-19,0.0,-1.6,307.0,,10599,0,312.0,316.0,307.0
2019-09-18,0.0,1.63,312.0,,9719,0,313.0,317.0,308.0
2019-09-17,0.0,2.33,307.0,,12430,0,298.0,310.0,298.0
2019-09-16,0.0,-0.99,300.0,,19629,0,301.0,302.0,299.0
2019-09-15,0.0,-1.94,303.0,,11012,0,306.0,307.0,301.0
2019-09-12,0.0,0.32,309.0,,7227,0,307.0,311.0,305.0
2019-09-11,0.0,-1.28,308.0,,12068,0,312.0,313.0,308.0
2019-09-10,0.0,-0.32,312.0,,12889,0,315.0,315.0,310.0
2019-09-09,0.0,-1.57,313.0,,8574,0,318.0,318.0,312.0
2019-09-08,0.0,-0.62,318.0,,7826,0,320.0,321.0,318.0
2019-09-05,0.0,0.0,320.0,,10083,0,323.0,324.0,318.0
2019-09-04,0.0,0.95,320.0,,7794,0,317.0,323.0,317.0
2019-09-03,0.0,1.28,317.0,,6198,0,311.0,319.0,309.0
2019-09-02,0.0,-1.26,313.0,,5462,0,317.0,317.0,311.0
2019-09-01,0.0,-0.94,317.0,,1982,0,318.0,319.0,316.0
2019-08-29,0.0,-1.84,320.0,,6226,0,325.0,326.0,320.0
2019-08-28,0.0,-0.61,326.0,,1204,0,329.0,329.0,323.0
2019-08-27,0.0,0.0,328.0,,4376,0,328.0,332.0,327.0
2019-08-26,0.0,0.92,328.0,,4392,0,325.0,328.0,320.0
2019-08-25,0.0,-0.31,325.0,,8744,0,326.0,326.0,321.0
2019-08-22,0.0,-0.61,326.0,,5532,0,330.0,332.0,326.0
2019-08-21,0.0,0.61,328.0,,4988,0,329.0,330.0,326.0
2019-08-20,0.0,-0.91,326.0,,4960,0,328.0,328.0,326.0
2019-08-19,0.0,0.92,329.0,,25633,0,331.0,331.0,327.0
2019-08-18,0.0,0.31,326.0,,18708,0,327.0,330.0,325.0
2019-08-15,0.0,-0.27,370.0,,47156,0,374.0,381.0,369.0
2019-08-14,0.0,0.82,371.0,,10278,0,370.0,371.0,368.0
2019-08-13,0.0,0.0,368.0,,16162,0,369.0,369.0,366.0
2019-08-12,0.0,0.0,368.0,,12588,0,370.0,371.0,366.0
2019-08-11,0.0,-1.08,368.0,,8244,0,373.0,373.0,368.0
2019-08-08,0.0,-0.8,372.0,,26217,0,375.0,378.0,370.0
2019-08-07,0.0,-0.27,375.0,,26931,0,374.0,377.0,374.0
2019-08-06,0.0,-0.27,376.0,,23986,0,377.0,377.0,374.0
2019-08-05,0.0,0.53,377.0,,28770,0,375.0,378.0,375.0
2019-08-04,0.0,0.0,375.0,,25648,0,375.0,378.0,374.0
2019-08-01,0.0,-0.79,375.0,,47868,0,384.0,384.0,374.0
2019-07-31,0.0,0.0,378.0,,13754,0,380.0,380.0,376.0
2019-07-30,0.0,2.16,378.0,,4027,0,377.0,378.0,374.0
2019-07-29,0.0,-0.27,370.0,,17020,0,375.0,378.0,368.0
2019-07-28,0.0,-1.85,371.0,,9769,0,378.0,378.0,370.0
2019-07-25,0.0,-1.05,378.0,,11506,0,385.0,385.0,378.0
2019-07-24,0.0,0.53,382.0,,3247,0,380.0,383.0,380.0
2019-07-23,0.0,0.53,380.0,,5236,0,380.0,381.0,379.0
2019-07-22,0.0,-0.26,378.0,,11503,0,377.0,382.0,377.0
2019-07-21,0.0,-1.81,379.0,,8951,0,386.0,389.0,379.0
2019-07-18,0.0,0.52,386.0,,7287,0,389.0,389.0,384.0
2019-07-17,0.0,3.78,384.0,,13610,0,374.0,385.0,372.0
2019-07-16,0.0,1.37,370.0,,9380,0,383.0,383.0,365.0
2019-07-15,0.0,0.27,365.0,,4937,0,364.0,365.0,363.0
2019-07-14,0.0,0.83,364.0,,3513,0,361.0,365.0,361.0
2019-07-11,0.0,-0.28,361.0,,3690,0,363.0,365.0,360.0
2019-07-10,0.0,0.28,362.0,,11901,0,361.0,365.0,360.0
2019-07-09,0.0,-0.82,361.0,,16022,0,359.0,364.0,357.0
2019-07-08,0.0,-0.82,364.0,,9448,0,368.0,368.0,362.0
2019-07-07,0.0,-0.54,367.0,,2587,0,367.0,368.0,366.0
2019-07-04,0.0,0.27,369.0,,7135,0,375.0,375.0,369.0
2019-07-03,0.0,0.55,368.0,,10145,0,366.0,371.0,364.0
2019-07-02,0.0,0.55,366.0,,3030,0,363.0,367.0,362.0
2019-07-01,0.0,-0.27,364.0,,5139,0,366.0,367.0,363.0
2019-06-30,0.0,-0.82,365.0,,5893,0,367.0,368.0,365.0
2019-06-27,0.0,0.0,368.0,,13196,0,370.0,370.0,367.0
2019-06-26,0.0,-0.54,368.0,,11489,0,370.0,370.0,368.0
2019-06-25,0.0,-0.27,370.0,,7552,0,371.0,372.0,369.0
2019-06-24,0.0,-0.54,371.0,,11960,0,373.0,373.0,370.0
2019-06-23,0.0,0.54,373.0,,5999,0,372.0,373.0,368.0
2019-06-20,0.0,-0.27,371.0,,24430,0,372.0,374.0,369.0
2019-06-19,0.0,0.81,372.0,,4579,0,371.0,373.0,370.0
2019-06-18,0.0,0.0,369.0,,5421,0,366.0,373.0,366.0
2019-06-17,0.0,-1.07,369.0,,10360,0,373.0,375.0,369.0
2019-06-16,0.0,0.0,373.0,,5120,0,370.0,375.0,370.0
2019-06-13,0.0,-0.53,373.0,,15625,0,375.0,378.0,373.0
2019-06-12,0.0,0.27,375.0,,4543,0,372.0,375.0,371.0
2019-06-11,0.0,0.54,374.0,,11841,0,378.0,379.0,371.0
2019-06-10,0.0,0.81,372.0,,8763,0,369.0,374.0,369.0
2019-06-06,0.0,-0.54,369.0,,5017,0,372.0,372.0,369.0
2019-06-04,0.0,-0.8,371.0,,7560,0,375.0,375.0,371.0
2019-06-03,0.0,0.0,374.0,,4940,0,375.0,378.0,372.0
2019-06-02,0.0,-1.32,374.0,,6755,0,381.0,384.0,373.0
2019-05-30,0.0,1.07,379.0,,14529,0,382.0,394.0,379.0
2019-05-29,0.0,0.27,375.0,,2605,0,379.0,379.0,374.0
2019-05-28,0.0,-0.53,374.0,,5657,0,376.0,378.0,372.0
2019-05-27,0.0,0.27,376.0,,6830,0,375.0,377.0,372.0
2019-05-26,0.0,0.0,375.0,,12444,0,372.0,378.0,372.0
2019-05-23,0.0,-1.06,375.0,,3845,0,380.0,380.0,375.0
2019-05-22,0.0,0.53,379.0,,11515,0,380.0,380.0,377.0
2019-05-21,0.0,0.53,377.0,,4689,0,380.0,381.0,374.0
2019-05-20,0.0,-2.09,375.0,,14780,0,380.0,381.0,374.0
2019-05-19,0.0,0.26,383.0,,6425,0,389.0,389.0,380.0
2019-05-16,0.0,-1.04,382.0,,10959,0,389.0,393.0,382.0
2019-05-15,0.0,0.52,386.0,,16046,0,391.0,391.0,385.0
2019-05-14,0.0,1.32,384.0,,12033,0,386.0,386.0,382.0
2019-05-13,0.0,0.53,379.0,,14003,0,375.0,383.0,375.0
2019-05-12,0.0,0.27,377.0,,23789,0,379.0,385.0,375.0
2019-05-09,0.0,-1.57,376.0,,14484,0,377.0,380.0,376.0
2019-05-08,0.0,-1.04,382.0,,23988,0,389.0,389.0,379.0
2019-05-07,0.0,-0.77,386.0,,19425,0,389.0,391.0,383.0
2019-05-06,0.0,0.26,389.0,,32092,0,386.0,390.0,386.0
2019-05-05,0.0,-0.51,388.0,,7064,0,397.0,397.0,386.0
2019-05-02,0.0,0.26,390.0,,11073,0,384.0,390.0,383.0
2019-04-30,0.0,-2.02,389.0,,11800,0,395.0,395.0,386.0
2019-04-29,0.0,-0.25,397.0,,21449,0,399.0,399.0,383.0
2019-04-28,0.0,2.05,398.0,,12382,0,395.0,400.0,390.0
2019-04-25,0.0,3.17,390.0,,25183,0,380.0,399.0,380.0
2019-04-24,0.0,1.34,378.0,,6882,0,375.0,380.0,374.0
2019-04-23,0.0,-0.53,373.0,,20742,0,375.0,382.0,370.0
2019-04-22,0.0,-1.32,375.0,,11359,0,380.0,387.0,371.0
2019-04-21,0.0,0.0,380.0,,14272,0,385.0,385.0,372.0
2019-04-18,0.0,1.33,380.0,,9820,0,380.0,382.0,372.0
2019-04-17,0.0,2.74,375.0,,18524,0,365.0,379.0,364.0
2019-04-16,0.0,1.39,365.0,,6595,0,360.0,365.0,360.0
2019-04-15,0.0,0.56,360.0,,6882,0,358.0,360.0,358.0
2019-04-11,0.0,0.85,358.0,,5955,0,355.0,360.0,354.0
2019-04-10,0.0,-0.84,355.0,,3811,0,354.0,356.0,351.0
2019-04-09,0.0,0.0,358.0,,17378,0,355.0,360.0,354.0
2019-04-08,0.0,1.7,358.0,,31565,0,352.0,362.0,351.0
2019-04-07,0.0,1.73,352.0,,12587,0,345.0,355.0,345.0
2019-04-04,0.0,0.0,346.0,,6194,0,350.0,350.0,346.0
2019-04-03,0.0,-0.29,346.0,,8786,0,349.0,349.0,345.0
2019-04-02,0.0,0.58,347.0,,8079,0,345.0,355.0,345.0
2019-04-01,0.0,0.29,345.0,,9867,0,344.0,346.0,342.0
2019-03-31,0.0,0.0,344.0,,4452,0,344.0,346.0,340.0
2019-03-28,0.0,0.0,344.0,,4884,0,344.0,345.0,341.0
2019-03-27,0.0,0.58,344.0,,6592,0,342.0,346.0,338.0
2019-03-26,0.0,0.59,342.0,,7516,0,343.0,345.0,340.0
2019-03-25,0.0,0.59,340.0,,6021,0,338.0,344.0,336.0
2019-03-24,0.0,0.0,338.0,,3987,0,338.0,338.0,335.0
2019-03-21,0.0,-0.59,338.0,,5750,0,338.0,340.0,335.0
2019-03-19,0.0,-1.16,340.0,,3580,0,338.0,342.0,337.0
2019-03-18,0.0,-0.29,344.0,,4192,0,342.0,348.0,342.0
2019-03-17,0.0,-0.58,345.0,,10089,0,347.0,349.0,342.0
2019-03-14,0.0,0.58,347.0,,4676,0,339.0,348.0,339.0
2019-03-13,0.0,-1.71,345.0,,4250,0,350.0,351.0,345.0
2019-03-12,0.0,-0.58,345.0,,10634,0,350.0,353.0,339.0
2019-03-11,0.0,0.87,347.0,,6830,0,343.0,347.0,341.0
2019-03-10,0.0,1.18,344.0,,722,0,340.0,344.0,339.0
2019-03-09,0.0,1.18,344.0,,722,0,340.0,344.0,339.0
2019-03-07,0.0,0.89,340.0,,7055,0,337.0,342.0,337.0
2019-03-06,0.0,0.6,337.0,,2529,0,337.0,339.0,335.0
2019-03-05,0.0,-0.89,335.0,,5903,0,344.0,344.0,334.0
2019-03-03,0.0,0.6,338.0,,6316,0,334.0,338.0,330.0
2019-02-27,0.0,0.6,336.0,,5524,0,335.0,339.0,333.0
2019-02-26,0.0,-0.6,334.0,,2722,0,337.0,339.0,334.0
2019-02-25,0.0,0.3,336.0,,3046,0,333.0,336.0,332.0
2019-02-24,0.0,-1.47,335.0,,2030,0,340.0,340.0,335.0
2019-02-21,0.0,1.19,340.0,,3408,0,331.0,340.0,330.0
2019-02-20,0.0,-1.18,336.0,,1898,0,344.0,344.0,334.0
2019-02-19,0.0,3.03,340.0,,4212,0,330.0,342.0,329.0
2019-02-18,0.0,-1.49,330.0,,10405,0,334.0,335.0,330.0
2019-02-17,0.0,0.6,335.0,,3197,0,333.0,337.0,333.0
2019-02-14,0.0,-1.19,333.0,,2927,0,343.0,343.0,333.0
2019-02-13,0.0,-0.88,337.0,,4195,0,340.0,342.0,337.0
2019-02-12,0.0,-0.87,340.0,,6365,0,341.0,343.0,340.0
2019-02-11,0.0,0.88,343.0,,2564,0,341.0,343.0,340.0
2019-02-10,0.0,-1.45,340.0,,3888,0,347.0,347.0,340.0
2019-02-07,0.0,1.47,345.0,,2953,0,340.0,346.0,340.0
2019-02-06,0.0,-0.87,340.0,,4484,0,342.0,345.0,340.0
2019-02-05,0.0,-0.29,343.0,,5714,0,346.0,347.0,342.0
2019-02-04,0.0,-1.15,344.0,,5180,0,347.0,348.0,344.0
2019-02-03,0.0,0.0,348.0,,4005,0,347.0,348.0,346.0
2019-01-31,0.0,0.0,348.0,,2610,0,348.0,351.0,348.0
2019-01-30,0.0,0.58,348.0,,2272,0,346.0,350.0,346.0
2019-01-29,0.0,-0.86,346.0,,1218,0,349.0,349.0,346.0
2019-01-28,0.0,1.16,349.0,,3766,0,345.0,350.0,345.0
2019-01-27,0.0,-1.71,345.0,,5359,0,351.0,351.0,345.0
2019-01-24,0.0,0.86,351.0,,3785,0,348.0,351.0,348.0
2019-01-23,0.0,0.87,348.0,,3505,0,345.0,355.0,345.0
2019-01-22,0.0,-0.86,345.0,,4706,0,348.0,349.0,344.0
2019-01-21,0.0,-0.57,348.0,,3272,0,350.0,350.0,346.0
2019-01-20,0.0,-0.28,350.0,,1981,0,351.0,351.0,345.0
2019-01-17,0.0,-0.28,351.0,,5503,0,352.0,352.0,345.0
2019-01-16,0.0,-0.85,352.0,,5187,0,355.0,362.0,348.0
2019-01-15,0.0,0.85,355.0,,4171,0,352.0,355.0,348.0
2019-01-14,0.0,0.57,352.0,,1329,0,350.0,355.0,345.0
2019-01-13,0.0,1.45,350.0,,2920,0,345.0,350.0,342.0
2019-01-10,0.0,-1.15,345.0,,3523,0,349.0,352.0,345.0
2019-01-09,0.0,1.75,349.0,,2774,0,343.0,349.0,343.0
2019-01-08,0.0,0.88,343.0,,1990,0,340.0,347.0,336.0
2019-01-07,0.0,0.0,340.0,,6740,0,340.0,349.0,340.0
2019-01-06,0.0,-2.02,340.0,,8252,0,347.0,353.0,337.0
2019-01-03,0.0,-1.42,347.0,,11993,0,352.0,352.0,344.0
2019-01-02,0.0,-0.56,352.0,,3373,0,354.0,354.0,350.0
2019-01-01,0.0,0.57,354.0,,1616,0,352.0,359.0,348.0
2018-12-31,0.0,0.0,352.0,,4060,0,352.0,359.0,350.0
2018-12-30,0.0,-2.22,352.0,,8499,0,360.0,367.0,350.0
2018-12-27,0.0,1.41,360.0,,8784,0,355.0,369.0,355.0
2018-12-26,0.0,2.31,355.0,,9051,0,347.0,355.0,347.0
2018-12-25,0.0,0.0,347.0,,1570,0,347.0,351.0,345.0
2018-12-24,0.0,0.29,347.0,,8541,0,346.0,352.0,346.0
2018-12-23,0.0,0.87,346.0,,6821,0,343.0,355.0,343.0
2018-12-20,0.0,0.59,343.0,,8388,0,341.0,350.0,341.0
2018-12-19,0.0,0.29,341.0,,3973,0,340.0,346.0,336.0
2018-12-18,0.0,-1.73,340.0,,11770,0,346.0,346.0,334.0
2018-12-17,0.0,0.29,346.0,,9038,0,345.0,346.0,340.0
2018-12-16,0.0,1.47,345.0,,7225,0,340.0,346.0,340.0
2018-12-13,0.0,1.49,340.0,,4399,0,335.0,344.0,335.0
2018-12-12,0.0,-2.62,335.0,,4214,0,344.0,348.0,335.0
2018-12-11,0.0,1.18,344.0,,2072,0,340.0,346.0,340.0
2018-12-10,0.0,1.8,340.0,,8122,0,334.0,340.0,331.0
2018-12-09,0.0,1.83,334.0,,9247,0,328.0,335.0,328.0
2018-12-06,0.0,0.61,328.0,,5565,0,326.0,335.0,320.0
2018-12-04,0.0,-3.43,394.0,,2000,0,408.0,408.0,394.0
2018-12-03,0.0,0.74,408.0,,54823,0,405.0,409.0,403.0
2018-12-02,0.0,-1.22,405.0,,15023,0,410.0,413.0,405.0
2018-11-29,0.0,-1.18,410.0,,14494,0,414.89,416.0,410.0
2018-11-28,0.0,-0.68,415.0,,8890,0,417.85,420.0,414.0
2018-11-27,0.0,0.12,417.0,,19408,0,416.5,419.0,416.0
2018-11-26,0.0,0.54,416.0,,19315,0,413.78,420.0,412.0
2018-11-25,0.0,1.22,414.0,,22615,0,409.0,417.0,409.0
2018-11-22,0.0,0.74,409.0,,5754,0,406.0,410.0,404.0
2018-11-21,0.0,-0.25,406.0,,3227,0,407.0,407.0,404.0
2018-11-20,0.0,0.74,407.0,,7092,0,404.0,407.0,402.0
2018-11-19,0.0,0.25,404.0,,12658,0,403.0,411.0,403.0
2018-11-18,0.0,-0.5,402.0,,5904,0,404.0,406.0,402.0
2018-11-15,0.0,0.25,404.0,,16622,0,403.0,405.0,402.0
2018-11-14,0.0,-0.25,403.0,,5653,0,404.0,405.0,400.0
2018-11-05,0.0,2.01,406.0,,14913,0,405.0,409.0,402.0
2018-11-04,0.0,0.0,398.0,,5186,0,392.0,400.0,392.0
2018-11-01,0.0,0.25,398.0,,2699,0,395.0,401.0,395.0
2018-10-31,0.0,-1.0,397.0,,2580,0,400.0,403.0,394.0
2018-10-30,0.0,1.01,401.0,,2537,0,400.0,401.0,398.0
2018-10-29,0.0,-0.75,397.0,,5587,0,396.0,398.0,395.0
2018-10-28,0.0,0.0,400.0,,8794,0,400.0,400.0,396.0
2018-10-25,0.0,-0.5,400.0,,4451,0,401.0,403.0,400.0
2018-10-24,0.0,0.25,402.0,,4342,0,402.0,402.0,401.0
2018-10-23,0.0,0.0,401.0,,3644,0,400.0,403.0,400.0
2018-10-22,0.0,-0.25,402.0,,4632,0,402.0,407.0,401.0
2018-10-21,0.0,1.52,402.0,,742,0,403.0,403.0,399.0
2018-10-15,0.0,-1.0,398.0,,4449,0,404.0,404.0,396.0
2018-10-14,0.0,0.5,400.0,,4973,0,405.0,409.0,400.0
2018-10-11,0.0,1.79,398.0,,562,0,398.0,398.0,395.0
2018-10-10,0.0,0.0,391.0,,1628,0,390.0,392.0,387.0
2018-10-09,0.0,-1.51,391.0,,7954,0,392.0,397.0,390.0
2018-10-08,0.0,1.27,397.0,,2611,0,392.0,397.0,390.0
2018-10-07,0.0,-0.25,392.0,,9529,0,393.0,395.0,389.0
2018-10-04,0.0,-0.51,393.0,,5215,0,395.0,395.0,387.0
2018-10-03,0.0,-1.0,395.0,,7236,0,396.0,399.0,395.0
2018-10-02,0.0,-0.25,399.0,,9947,0,400.0,402.0,395.0
2018-10-01,0.0,-1.23,400.0,,6425,0,400.0,403.0,399.0
2018-09-30,0.0,-0.74,405.0,,5350,0,402.0,405.0,401.0
2018-09-27,0.0,-0.73,408.0,,9257,0,410.0,410.0,403.0
2018-09-26,0.0,0.0,410.0,,13462,0,410.0,412.0,406.0
2018-09-25,0.0,1.23,410.0,,11434,0,405.0,414.0,403.0
2018-09-23,0.0,-0.25,405.0,,6316,0,406.0,410.0,404.0
2018-09-20,0.0,-0.25,406.0,,5659,0,407.0,409.0,405.0
2018-09-18,0.0,-0.49,407.0,,5704,0,409.0,410.0,404.0
2018-09-17,0.0,-1.45,409.0,,7121,0,415.0,415.0,409.0
2018-09-16,0.0,0.24,415.0,,19794,0,420.0,423.0,412.0
2018-09-13,0.0,0.98,414.0,,32868,0,418.0,419.0,408.0
2018-09-12,0.0,1.99,410.0,,13179,0,400.0,410.0,395.0
2018-09-11,0.0,3.61,402.0,,8108,0,385.0,402.0,385.0
2018-09-10,0.0,-1.02,388.0,,7221,0,390.0,390.0,385.0
2018-09-09,0.0,-1.51,392.0,,6600,0,403.0,403.0,388.0
2018-09-06,0.0,-0.5,397.0,,18089,0,404.0,406.0,395.0
2018-09-05,0.0,2.31,399.0,,14674,0,392.0,400.0,392.0
2018-09-04,0.0,0.0,390.0,,9930,0,390.0,393.0,386.0
2018-09-03,0.0,2.09,390.0,,6855,0,384.0,391.0,384.0
2018-09-02,0.0,0.79,382.0,,8366,0,377.0,382.0,375.0
2018-08-30,0.0,0.8,379.0,,2501,0,369.0,379.0,369.0
2018-08-29,0.0,-0.53,376.0,,5027,0,379.0,380.0,375.0
2018-08-28,0.0,0.8,378.0,,1447,0,373.0,380.0,373.0
2018-08-26,0.0,-0.53,375.0,,10632,0,378.0,382.0,374.0
2018-08-23,0.0,-0.26,377.0,,4526,0,375.0,380.0,375.0
2018-08-22,0.0,0.27,378.0,,2191,0,380.0,380.0,377.0
2018-08-21,0.0,-0.53,377.0,,4246,0,380.0,380.0,377.0
2018-08-20,0.0,-1.81,379.0,,6427,0,382.0,382.0,379.0
2018-08-19,0.0,-0.77,386.0,,2483,0,387.0,389.0,384.0
2018-08-16,0.0,1.04,389.0,,8840,0,390.0,392.0,384.0
2018-08-15,0.0,1.85,385.0,,7040,0,378.0,392.0,376.0
2018-08-14,0.0,0.0,378.0,,10305,0,384.0,384.0,374.0
2018-08-13,0.0,1.07,378.0,,2325,0,375.0,379.0,375.0
2018-08-12,0.0,-1.32,374.0,,8293,0,376.0,380.0,374.0
2018-08-09,0.0,0.26,379.0,,8226,0,378.0,381.0,376.0
2018-08-08,0.0,-0.53,378.0,,2377,0,380.0,380.0,377.0
2018-08-07,0.0,0.53,380.0,,4036,0,377.0,380.0,377.0
2018-08-06,0.0,-0.53,379.0,,4374,0,383.0,383.0,378.0
2018-08-05,0.0,1.06,380.0,,8154,0,380.0,382.0,378.0
2018-08-02,0.0,-0.53,376.0,,7936,0,379.0,380.0,376.0
2018-08-01,0.0,-0.26,378.0,,7485,0,379.0,380.0,375.0
2018-07-31,0.0,0.0,379.0,,7661,0,384.0,384.0,377.0
2018-07-30,0.0,0.0,379.0,,3023,0,381.0,381.0,379.0
2018-07-29,0.0,0.53,379.0,,4185,0,383.0,384.0,379.0
2018-07-26,0.0,-0.79,377.0,,7214,0,380.0,381.0,377.0
2018-07-25,0.0,0.0,380.0,,2113,0,376.0,380.0,375.0
2018-07-24,0.0,0.0,380.0,,10516,0,380.0,390.0,380.0
2018-07-23,0.0,2.15,380.0,,2805,0,374.0,380.0,372.0
2018-07-22,0.0,-0.8,372.0,,3911,0,375.0,375.0,371.0
2018-07-19,0.0,-1.32,376.0,,8291,0,380.0,380.0,375.0
2018-07-18,0.0,-0.52,380.0,,4131,0,380.0,380.0,378.0
2018-07-17,0.0,1.06,382.0,,2199,0,380.0,385.0,380.0
2018-07-16,0.0,-1.05,379.0,,5554,0,386.0,387.0,378.0
2018-07-15,0.0,2.41,382.0,,1169,0,375.0,383.0,375.0
2018-07-12,0.0,-1.84,373.0,,10502,0,381.0,381.0,373.0
2018-07-11,0.0,0.53,380.0,,9447,0,385.0,392.0,380.0
2018-07-10,0.0,0.53,378.0,,2616,0,370.0,389.0,369.0
2018-07-09,0.0,-0.53,376.0,,4589,0,384.0,384.0,371.0
2018-07-08,0.0,-0.79,378.0,,10251,0,388.0,393.0,375.0
2018-07-05,0.0,2.7,381.0,,14115,0,370.0,385.0,370.0
2018-07-04,0.0,3.06,370.0,,2867,0,363.0,374.0,360.0
2018-07-03,0.0,0.0,360.0,,6889,0,367.0,367.0,357.0
2018-07-02,0.0,0.56,362.0,,5261,0,356.0,372.0,356.0
2018-07-01,0.0,-0.26,378.0,,7485,0,379.0,380.0,375.0
2018-06-28,0.0,-1.08,365.0,,9313,0,370.0,374.0,365.0
2018-06-27,0.0,-0.27,372.0,,3814,0,370.0,379.0,369.0
2018-06-26,0.0,-2.12,371.0,,5561,0,375.0,376.0,370.0
2018-06-25,0.0,-0.53,378.0,,1031,0,385.0,385.0,378.0
2018-06-24,0.0,-0.26,380.0,,3353,0,385.0,385.0,380.0
2018-06-21,0.0,0.0,381.0,,4729,0,380.0,384.0,380.0
2018-06-20,0.0,-0.26,381.0,,1791,0,382.0,384.0,381.0
2018-06-19,0.0,0.0,382.0,,1049,0,381.0,382.0,380.0
2018-06-18,0.0,0.26,383.0,,5340,0,382.0,384.0,379.0
2018-06-17,0.0,-0.52,383.0,,3272,0,381.0,385.0,381.0
2018-06-14,0.0,-1.03,384.0,,3610,0,386.0,393.0,383.0
2018-06-13,0.0,0.52,387.0,,2927,0,385.0,387.0,381.0
2018-06-12,0.0,-0.26,385.0,,5482,0,386.0,393.0,381.0
2018-06-11,0.0,0.78,386.0,,7478,0,378.0,395.0,377.0
2018-06-10,0.0,-0.26,383.0,,6410,0,380.0,387.0,380.0
2018-06-07,0.0,-4.0,384.0,,6152,0,398.0,398.0,384.0
2018-06-06,0.0,2.04,400.0,,10304,0,399.0,406.0,395.0
2018-06-04,0.0,-1.51,392.0,,11040,0,404.0,404.0,388.0
2018-06-03,0.0,-1.97,398.0,,10352,0,398.0,405.0,396.0
2018-05-31,0.0,-0.98,406.0,,6327,0,410.0,411.0,404.0
2018-05-30,0.0,0.0,410.0,,1631,0,406.0,415.0,406.0
2018-05-29,0.0,-1.91,410.0,,7901,0,415.0,417.0,405.0
2018-05-28,0.0,5.82,418.0,,8937,0,395.0,418.0,395.0
2018-05-27,0.0,-1.5,396.0,,10026,0,393.0,399.0,393.0
2018-05-24,0.0,-1.47,401.0,,8606,0,407.0,410.0,400.0
2018-05-23,0.0,-0.73,407.0,,2943,0,407.0,409.0,406.0
2018-05-22,0.0,-0.97,410.0,,1481,0,410.0,410.0,408.0
2018-05-21,0.0,-0.24,414.0,,3987,0,416.0,416.0,408.0
2018-05-20,0.0,1.22,415.0,,8400,0,415.0,415.0,409.0
2018-05-17,0.0,-0.49,410.0,,8810,0,411.0,415.0,408.0
2018-05-16,0.0,0.49,412.0,,3624,0,407.0,415.0,407.0
2018-05-15,0.0,-0.97,410.0,,3446,0,410.0,410.0,407.0
2018-05-14,0.0,-0.24,414.0,,9457,0,408.0,414.0,402.0
2018-05-10,0.0,-0.24,415.0,,2917,0,416.0,417.0,413.0
2018-05-09,0.0,-1.19,416.0,,5299,0,421.0,424.0,416.0
2018-05-08,0.0,1.2,421.0,,3234,0,416.0,424.0,414.0
2018-05-07,0.0,0.24,416.0,,5658,0,416.0,416.0,410.0
2018-05-06,0.0,-0.72,415.0,,4425,0,418.0,420.0,415.0
2018-05-03,0.0,0.0,420.0,,10600,0,417.0,428.0,415.0
2018-05-02,0.0,0.72,418.0,,7658,0,415.0,420.0,407.0
2018-04-29,0.0,0.0,416.0,,9919,0,409.0,420.0,408.0
2018-04-26,0.0,-1.66,415.0,,13441,0,425.0,429.0,415.0
2018-04-25,0.0,-1.86,422.0,,8539,0,425.0,435.0,422.0
2018-04-24,0.0,-1.15,430.0,,16055,0,435.0,438.0,429.0
2018-04-23,0.0,-3.12,435.0,,24257,0,455.0,460.0,430.0
2018-04-22,0.0,1.58,449.0,,22175,0,442.0,453.0,442.0
2018-04-19,0.0,1.84,442.0,,38446,0,442.0,450.0,428.0
2018-04-18,0.0,5.08,433.0,,37190,0,421.0,439.0,411.0
2018-04-17,0.0,1.98,413.0,,31405,0,405.0,426.0,403.0
2018-04-16,0.0,-0.25,406.0,,13944,0,398.0,408.0,398.0
2018-04-15,0.0,2.53,406.0,,14035,0,396.0,406.0,390.0
2018-04-12,0.0,-1.0,397.0,,7738,0,402.0,403.0,396.0
2018-04-11,0.0,0.25,401.0,,3875,0,394.0,406.0,394.0
2018-04-10,0.0,-1.24,399.0,,11433,0,397.0,409.0,397.0
2018-04-09,0.0,-1.46,404.0,,20505,0,415.0,415.0,402.0
2018-04-08,0.0,1.74,410.0,,37655,0,407.0,418.0,400.0
2018-04-05,0.0,1.26,403.0,,17313,0,405.0,411.0,397.0
2018-04-04,0.0,2.05,399.0,,13733,0,391.0,400.0,390.0
2018-04-03,0.0,0.51,390.0,,5699,0,388.0,390.0,386.0
2018-04-02,0.0,0.0,388.0,,10843,0,395.0,395.0,380.0
2018-04-01,0.0,-3.24,388.0,,12768,0,401.0,401.0,378.0
2018-03-29,0.0,1.52,401.0,,12958,0,400.0,402.0,392.0
2018-03-28,0.0,0.51,395.0,,18696,0,400.0,405.0,378.0
2018-03-27,0.0,4.8,393.0,,17163,0,377.0,412.0,365.0
2018-03-26,0.0,-4.34,375.0,,17988,0,385.0,390.0,370.0
2018-03-22,0.0,-1.51,392.0,,15270,0,392.0,400.0,380.0
2018-03-21,0.0,-0.5,396.0,,7398,0,400.0,400.0,393.0
2018-03-20,0.0,-0.99,400.0,,11255,0,404.0,404.0,398.0
2018-03-19,0.0,-0.74,404.0,,5231,0,415.0,415.0,404.0
2018-03-18,0.0,0.0,407.0,,2426,0,408.0,409.0,403.0
2018-03-15,0.0,-0.49,407.0,,3404,0,412.0,412.0,407.0
2018-03-14,0.0,0.74,409.0,,3420,0,406.0,414.0,406.0
2018-03-13,0.0,-0.98,406.0,,5820,0,406.0,408.0,404.0
2018-03-12,0.0,0.24,410.0,,10487,0,409.0,414.0,400.0
2018-03-11,0.0,-2.15,409.0,,9228,0,418.0,418.0,407.0
2018-03-07,0.0,1.21,418.0,,17916,0,413.0,419.0,408.0
2018-03-06,0.0,0.98,413.0,,16208,0,406.0,415.0,400.0
2018-03-04,0.0,-0.72,416.0,,16889,0,411.0,417.0,403.0
2018-02-28,0.0,-0.24,419.0,,8270,0,418.0,422.0,416.0
2018-02-27,0.0,0.96,420.0,,16848,0,418.0,434.0,414.0
2018-02-26,0.0,-1.65,416.0,,11128,0,422.0,426.0,416.0
2018-02-25,0.0,-0.7,423.0,,3352,0,429.0,430.0,420.0
2018-02-22,0.0,0.0,427.0,,8028,0,428.0,442.0,422.0
2018-02-21,0.0,-0.93,426.0,,5178,0,428.0,430.0,424.0
2018-02-20,0.0,-2.27,430.0,,7940,0,447.0,447.0,429.0
2018-02-18,0.0,-1.79,440.0,,27540,0,448.0,456.0,437.0
2018-02-15,0.0,7.18,444.0,,16846,0,426.0,448.0,418.0
2018-02-14,0.0,1.46,418.0,,8369,0,410.0,418.0,410.0
2018-02-12,0.0,-0.24,413.0,,2013,0,413.0,416.0,410.0
2018-02-11,0.0,0.0,413.0,,2057,0,413.0,415.0,412.0
2018-02-08,0.0,0.73,413.0,,10494,0,406.0,415.0,405.0
2018-02-07,0.0,-0.97,410.0,,6662,0,410.0,415.0,406.0
2018-02-06,0.0,0.0,414.0,,3447,0,415.0,415.0,413.0
2018-02-05,0.0,-0.96,414.0,,7068,0,418.0,418.0,414.0
2018-02-04,0.0,0.0,418.0,,5040,0,416.0,422.0,416.0
2018-02-01,0.0,-0.24,418.0,,4537,0,419.0,420.0,416.0
2018-01-31,0.0,0.72,419.0,,1926,0,420.0,420.0,415.0
2018-01-29,0.0,-0.72,416.0,,4591,0,418.0,418.0,415.0
2018-01-28,0.0,0.96,419.0,,6820,0,422.0,422.0,416.0
2018-01-25,0.0,0.24,415.0,,18526,0,422.0,422.0,414.0
2018-01-24,0.0,-0.96,414.0,,9500,0,415.0,418.0,410.0
2018-01-23,0.0,0.48,418.0,,2583,0,422.0,422.0,412.0
2018-01-22,0.0,0.48,416.0,,6492,0,416.0,420.0,414.0
2018-01-21,0.0,-0.96,414.0,,11461,0,423.0,423.0,414.0
2018-01-17,0.0,0.0,418.0,,6265,0,416.0,422.0,416.0
2018-01-16,0.0,-0.48,418.0,,5426,0,420.0,420.0,416.0
2018-01-14,0.0,-0.71,420.0,,9106,0,418.0,421.0,416.0
2018-01-10,0.0,-1.86,423.0,,12985,0,424.0,432.0,416.0
2018-01-09,0.0,1.89,431.0,,7675,0,423.0,435.0,423.0
2018-01-08,0.0,0.71,423.0,,2390,0,420.0,428.0,420.0
2018-01-07,0.0,0.48,420.0,,7447,0,415.0,428.0,415.0
2018-01-04,0.0,-0.71,418.0,,10806,0,417.0,420.0,413.0
2018-01-03,0.0,-1.63,421.0,,10841,0,424.0,435.0,419.0
2018-01-02,0.0,1.66,428.0,,14125,0,429.0,445.0,417.0
2018-01-01,0.0,3.19,421.0,,9538,0,415.0,422.0,405.0
2017-12-31,0.0,-2.16,408.0,,10811,0,411.0,414.0,406.0
2017-12-28,0.0,-1.88,417.0,,14041,0,422.0,428.0,417.0
2017-12-27,0.0,-0.93,422.0,,10529,0,422.0,427.0,414.0
2017-12-26,0.0,-3.59,429.0,,13603,0,443.0,443.0,425.0
2017-12-24,0.0,-2.2,444.0,,13870,0,450.0,450.0,427.0
2017-12-21,0.0,-2.5,546.0,,55597,0,555.0,562.0,543.0
2017-12-20,0.0,-1.23,560.0,,16465,0,565.0,570.0,556.0
2017-12-19,0.0,-1.39,567.0,,2655,0,575.0,575.0,567.0
2017-12-18,0.0,-0.86,575.0,,4167,0,580.0,581.0,575.0
2017-12-17,0.0,-1.69,580.0,,3168,0,585.0,590.0,576.0
2017-12-14,0.0,-0.17,589.0,,1116,0,590.0,590.0,585.0
2017-12-13,0.0,0.17,590.0,,2854,0,578.0,596.0,578.0
2017-12-12,0.0,-1.83,589.0,,6765,0,600.0,600.0,585.0
2017-12-11,0.0,-0.83,600.0,,5818,0,596.0,602.0,590.0
2017-12-10,0.0,-0.82,605.0,,12013,0,620.0,633.0,600.0
2017-12-06,0.0,2.35,610.0,,17414,0,590.0,610.0,585.0
2017-12-05,0.0,1.53,596.0,,5156,0,585.0,596.0,580.0
2017-12-04,0.0,-2.0,587.0,,7755,0,610.0,610.0,585.0
2017-11-30,0.0,-0.33,599.0,,8111,0,611.0,611.0,584.0
2017-11-29,0.0,3.26,601.0,,15447,0,580.0,602.0,580.0
2017-11-28,0.0,0.69,580.0,,9440,0,578.0,582.0,578.0
2017-11-27,0.0,0.52,578.0,,12830,0,580.0,590.0,570.0
2017-11-26,0.0,0.88,575.0,,5170,0,570.0,580.0,570.0
2017-11-23,0.0,1.79,570.0,,11673,0,560.0,572.0,562.0
2017-11-22,0.0,1.27,560.0,,5414,0,564.0,580.0,554.0
2017-11-21,0.0,-0.9,553.0,,5957,0,561.0,562.0,552.0
2017-11-20,0.0,1.45,558.0,,6009,0,550.0,558.0,547.0
2017-11-19,0.0,-3.0,550.0,,18678,0,567.0,563.0,539.0
2017-11-16,0.0,-1.56,567.0,,2402,0,565.0,571.0,565.0
2017-11-15,0.0,-1.37,577.0,,7966,0,573.0,590.0,571.0
2017-11-14,0.0,3.36,584.0,,18390,0,573.0,585.0,567.0
2017-11-13,0.0,0.71,565.0,,5988,0,572.0,572.0,563.0
2017-11-12,0.0,-1.58,561.0,,13100,0,570.0,570.0,558.0
2017-11-09,0.0,0.35,570.0,,6377,0,570.0,579.0,567.0
2017-11-08,0.0,-1.22,568.0,,9979,0,565.0,575.0,560.0
2017-11-07,0.0,-1.37,575.0,,10765,0,577.0,584.0,572.0
2017-11-06,0.0,1.22,583.0,,11436,0,576.0,600.0,565.0
2017-11-05,0.0,-2.54,577.0,,12740,0,590.0,590.0,576.0
2017-11-02,0.0,-1.5,591.0,,8060,0,609.0,605.0,589.0
2017-11-01,0.0,0.33,600.0,,1840,0,596.0,600.0,590.0
2017-10-31,0.0,-1.81,598.0,,8667,0,610.0,610.0,598.0
2017-10-30,0.0,0.16,609.0,,8148,0,609.0,615.0,608.0
2017-10-29,0.0,0.5,608.0,,13264,0,600.0,615.0,588.0
2017-10-25,0.0,-1.14,606.0,,3767,0,601.0,615.0,601.0
2017-10-24,0.0,-2.08,612.0,,3896,0,625.0,625.0,610.0
2017-10-23,0.0,-1.57,625.0,,5521,0,635.0,640.0,620.0
2017-10-22,0.0,2.58,635.0,,4609,0,625.0,635.0,623.0
2017-10-18,0.0,0.49,619.0,,4138,0,620.0,623.0,610.0
2017-10-17,0.0,1.32,616.0,,3640,0,608.0,620.0,607.0
2017-10-16,0.0,2.7,608.0,,7299,0,597.0,608.0,595.0
2017-10-15,0.0,0.85,592.0,,2610,0,590.0,595.0,587.0
2017-10-12,0.0,0.0,587.0,,5020,0,590.0,591.0,585.0
2017-10-11,0.0,-0.51,587.0,,2300,0,595.0,595.0,586.0
2017-10-10,0.0,0.51,590.0,,4471,0,585.0,592.0,584.0
2017-10-09,0.0,0.86,587.0,,3870,0,580.0,590.0,580.0
2017-10-08,0.0,-3.8,584.0,,4603,0,600.0,600.0,580.0
2017-10-04,0.0,-1.14,605.0,,6248,0,610.0,611.0,600.0
2017-10-03,0.0,-0.33,612.0,,554,0,605.0,620.0,605.0
2017-09-26,0.0,0.99,614.0,,1491,0,615.0,615.0,608.0
2017-09-25,0.0,1.0,608.0,,5829,0,603.0,609.0,600.0
2017-09-24,0.0,0.33,601.0,,2607,0,596.0,602.0,595.0
2017-09-20,0.0,1.69,602.0,,7886,0,590.0,602.0,590.0
2017-09-18,0.0,-1.17,595.0,,7897,0,595.0,600.0,590.0
2017-09-17,0.0,1.02,597.0,,11926,0,602.0,602.0,592.0
2017-09-14,0.0,0.68,591.0,,6890,0,597.0,598.0,585.0
2017-09-13,0.0,0.17,587.0,,8052,0,575.0,608.0,572.0
2017-09-12,0.0,-0.68,586.0,,7751,0,590.0,593.0,582.0
2017-09-11,0.0,1.2,590.0,,5545,0,584.0,596.0,580.0
2017-09-10,0.0,-4.27,583.0,,11113,0,605.0,605.0,580.0
2017-09-07,0.0,-1.46,610.0,,7021,0,618.0,620.0,608.0
2017-09-06,0.0,1.31,618.0,,5223,0,620.0,630.0,613.0
2017-09-04,0.0,-2.56,610.0,,9751,0,621.0,629.0,605.0
2017-08-31,0.0,-2.19,626.0,,10382,0,640.0,646.0,626.0
2017-08-30,0.0,-1.23,640.0,,3751,0,647.0,653.0,640.0
2017-08-28,0.0,0.15,648.0,,3260,0,650.0,653.0,648.0
2017-08-27,0.0,-0.46,647.0,,7649,0,650.0,664.0,643.0
2017-08-24,0.0,0.15,650.0,,4119,0,649.0,650.0,645.0
2017-08-23,0.0,-0.15,649.0,,4081,0,650.0,651.0,647.0
2017-08-22,0.0,-0.46,650.0,,6122,0,650.0,663.0,650.0
2017-08-21,0.0,0.15,653.0,,4875,0,651.0,660.0,650.0
2017-08-20,0.0,-0.46,652.0,,13148,0,655.0,660.0,650.0
2017-08-17,0.0,-0.61,655.0,,7551,0,660.0,663.0,652.0
2017-08-16,0.0,0.61,659.0,,6891,0,655.0,671.0,655.0
2017-08-15,0.0,-1.36,655.0,,6429,0,665.0,665.0,647.0
2017-08-13,0.0,-0.89,664.0,,14228,0,672.0,672.0,650.0
2017-08-10,0.0,1.21,670.0,,10977,0,660.0,675.0,649.0
2017-08-09,0.0,-2.65,662.0,,13709,0,675.0,676.0,662.0
2017-08-07,0.0,-2.58,680.0,,17008,0,690.0,695.0,677.0
2017-08-06,0.0,-0.85,698.0,,34357,0,718.0,730.0,698.0
2017-08-03,0.0,0.85,945.0,,108847,0,937.0,955.0,926.0
2017-08-02,0.0,-0.64,937.0,,53608,0,960.0,960.0,935.0
2017-08-01,0.0,-1.26,943.0,,36312,0,960.0,960.0,940.0
2017-07-31,0.0,-1.55,955.0,,20022,0,970.0,972.0,955.0
2017-07-30,0.0,-1.22,970.0,,17781,0,975.0,980.0,960.0
2017-07-27,0.0,0.2,982.0,,32912,0,981.0,994.0,965.0
2017-07-26,0.0,-1.31,980.0,,33836,0,1000.0,1002.0,979.0
2017-07-25,0.0,1.22,993.0,,13185,0,1000.0,1000.0,980.0
2017-07-24,0.0,-0.91,981.0,,9314,0,986.0,994.0,980.0
2017-07-23,0.0,-0.2,990.0,,10227,0,992.0,995.0,986.0
2017-07-20,0.0,-0.5,992.0,,10414,0,1010.0,1009.0,985.0
2017-07-19,0.0,-0.3,997.0,,19862,0,1010.0,1020.0,997.0
2017-07-18,0.0,2.99,1000.0,,26564,0,990.0,1010.0,986.0
2017-07-17,0.0,1.46,971.0,,13969,0,960.0,975.0,958.0
2017-07-16,0.0,-1.44,958.0,,9013,0,961.0,970.0,953.0
2017-07-13,0.0,0.0,971.0,,4551,0,970.0,980.0,960.0
2017-07-12,0.0,0.41,971.0,,8082,0,970.0,985.0,966.0
2017-07-11,0.0,0.73,967.0,,7407,0,947.0,969.0,947.0
2017-07-10,0.0,1.27,960.0,,11714,0,940.0,975.0,940.0
2017-07-09,0.0,-0.63,948.0,,15159,0,954.0,990.0,927.0
2017-07-06,0.0,3.14,954.0,,9129,0,930.0,955.0,930.0
2017-07-05,0.0,0.54,925.0,,5814,0,920.0,925.0,915.0
2017-07-04,0.0,-0.65,920.0,,8751,0,926.0,926.0,915.0
2017-07-03,0.0,-0.21,926.0,,9214,0,935.0,938.0,925.0
2017-07-02,0.0,-1.9,928.0,,9264,0,935.0,936.0,925.0
2017-06-28,0.0,0.64,946.0,,6583,0,940.0,950.0,930.0
2017-06-27,0.0,-1.26,940.0,,5648,0,955.0,955.0,935.0
2017-06-25,0.0,0.42,952.0,,5302,0,950.0,955.0,948.0
2017-06-22,0.0,-0.63,948.0,,7656,0,973.0,973.0,945.0
2017-06-21,0.0,-0.21,954.0,,9449,0,955.0,957.0,933.0
2017-06-20,0.0,0.31,956.0,,16300,0,938.0,961.0,921.0
2017-06-19,0.0,-1.75,953.0,,6952,0,960.0,963.0,945.0
2017-06-18,0.0,0.0,970.0,,4035,0,970.0,980.0,961.0
2017-06-15,0.0,0.0,970.0,,9659,0,963.0,999.0,960.0
2017-06-14,0.0,0.0,970.0,,7296,0,970.0,977.0,961.0
2017-06-13,0.0,-0.41,970.0,,7859,0,974.0,977.0,965.0
2017-06-12,0.0,-0.31,974.0,,7778,0,970.0,980.0,960.0
2017-06-11,0.0,-2.2,977.0,,9314,0,1010.0,1010.0,975.0
2017-06-08,0.0,-0.6,999.0,,5701,0,995.0,1003.0,995.0
2017-06-07,0.0,-0.49,1005.0,,14335,0,1025.0,1030.0,1000.0
2017-06-06,0.0,2.54,1010.0,,21857,0,1000.0,1015.0,995.0
2017-06-05,0.0,0.82,985.0,,5218,0,980.0,987.0,980.0
2017-06-04,0.0,-0.91,977.0,,8752,0,985.0,985.0,974.0
2017-06-01,0.0,-0.4,986.0,,7948,0,990.0,1005.0,985.0
2017-05-31,0.0,1.02,990.0,,7299,0,980.0,994.0,965.0
2017-05-30,0.0,-1.01,980.0,,12444,0,990.0,991.0,967.0
2017-05-28,0.0,-1.0,990.0,,7096,0,1000.0,1010.0,988.0
2017-05-24,0.0,0.1,1000.0,,10996,0,999.0,1003.0,990.0
2017-05-23,0.0,0.81,999.0,,12514,0,990.0,1010.0,990.0
2017-05-22,0.0,-1.2,991.0,,5518,0,1005.0,1005.0,990.0
2017-05-21,0.0,0.8,997.0,,24589,0,1014.0,1015.0,993.0
2017-05-18,0.0,0.2,995.0,,14839,0,993.0,995.0,983.0
2017-05-17,0.0,0.61,993.0,,6972,0,1000.0,1000.0,990.0
2017-05-16,0.0,-0.8,987.0,,10205,0,997.0,1000.0,987.0
2017-05-15,0.0,-0.9,997.0,,15422,0,1005.0,1014.0,995.0
2017-05-11,0.0,0.1,1006.0,,13633,0,1003.0,1020.0,1001.0
2017-05-09,0.0,1.11,1003.0,,9475,0,992.0,1011.0,999.0
2017-05-08,0.0,-0.8,992.0,,6439,0,999.0,1015.0,992.0
2017-05-07,0.0,-1.57,1000.0,,11366,0,1016.0,1021.0,986.0
2017-05-04,0.0,-0.39,1016.0,,7716,0,1020.0,1025.0,1010.0
2017-05-03,0.0,0.0,1020.0,,16950,0,1040.0,1060.0,1020.0
2017-05-02,0.0,0.89,1020.0,,26281,0,1010.0,1031.0,1007.0
2017-04-30,0.0,-0.98,1011.0,,10261,0,1020.0,1034.0,1005.0
2017-04-27,0.0,-0.39,1021.0,,18609,0,1010.0,1038.0,1010.0
2017-04-26,0.0,-0.39,1025.0,,6250,0,1040.0,1040.0,1020.0
2017-04-25,0.0,-0.96,1029.0,,14162,0,1020.0,1044.0,1020.0
2017-04-24,0.0,-0.57,1039.0,,21042,0,1046.0,1046.0,1025.0
2017-04-23,0.0,1.46,1045.0,,24612,0,1050.0,1092.0,1035.0
2017-04-20,0.0,-0.77,1030.0,,21938,0,1058.0,1090.0,1020.0
2017-04-19,0.0,3.9,1038.0,,33777,0,999.0,1052.0,990.0
2017-04-18,0.0,-1.48,999.0,,26707,0,994.0,1025.0,960.0
2017-04-16,0.0,-3.24,1010.0,,29805,0,1068.0,1088.0,1000.0
2017-04-13,0.0,1.26,1048.0,,37643,0,1021.0,1070.0,1001.0
2017-04-12,0.0,-2.82,1035.0,,51470,0,1086.0,1094.0,1016.0
2017-04-11,0.0,6.61,1065.0,,84241,0,1018.0,1085.0,990.0
2017-04-10,0.0,3.42,998.0,,31824,0,975.0,1010.0,963.0
2017-04-09,0.0,-0.92,966.0,,9729,0,985.0,994.0,960.0
2017-04-06,0.0,1.56,975.0,,14553,0,960.0,998.0,950.0
2017-04-04,0.0,-0.21,960.0,,17976,0,980.0,1000.0,934.0
2017-04-03,0.0,-1.84,962.0,,38786,0,999.0,1078.0,950.0
2017-04-02,0.0,9.37,980.0,,16280,0,913.0,985.0,902.0
2017-03-30,0.0,0.67,896.0,,18228,0,890.0,939.0,870.0
2017-03-29,0.0,-5.12,890.0,,27714,0,938.0,975.0,890.0
2017-03-28,0.0,8.31,938.0,,19750,0,866.0,938.0,880.0
2017-03-26,0.0,4.84,868.0,,26525,0,840.0,880.0,825.0
2017-03-23,0.0,2.1,826.0,,20671,0,810.0,850.0,780.0
2017-03-22,0.0,3.72,809.0,,22496,0,795.0,858.0,795.0
2017-03-21,0.0,9.86,780.0,,14701,0,724.0,780.0,700.0
2017-03-20,0.0,2.6,710.0,,9156,0,700.0,714.0,690.0
2017-03-19,0.0,1.91,692.0,,4629,0,679.0,692.0,680.0
2017-03-16,0.0,-1.02,680.0,,9064,0,689.0,689.0,670.0
2017-03-15,0.0,-0.44,686.0,,1628,0,685.0,698.0,672.0
2017-03-14,0.0,1.17,689.0,,3363,0,688.0,694.0,686.0
2017-03-13,0.0,-0.73,681.0,,2648,0,690.0,692.0,678.0
2017-03-09,0.0,0.15,686.0,,1997,0,694.0,697.0,686.0
2017-03-07,0.0,-2.14,685.0,,3010,0,695.0,695.0,683.0
2017-03-06,0.0,-0.28,700.0,,4758,0,710.0,710.0,693.0
2017-03-05,0.0,4.0,702.0,,3611,0,671.0,713.0,671.0
2017-03-02,0.0,0.45,675.0,,2796,0,675.0,680.0,665.0
2017-03-01,0.0,3.23,672.0,,2337,0,664.0,672.0,660.0
2017-02-28,0.0,-1.36,651.0,,5480,0,650.0,659.0,640.0
2017-02-26,0.0,-3.65,660.0,,2013,0,675.0,675.0,660.0
2017-02-23,0.0,-0.72,685.0,,1840,0,677.0,690.0,675.0
2017-02-22,0.0,-1.71,691.0,,860,0,695.0,695.0,682.0
2017-02-21,0.0,1.74,702.0,,6750,0,703.0,717.0,695.0
2017-02-20,0.0,-1.99,695.0,,11669,0,710.0,725.0,690.0
2017-02-19,0.0,0.57,704.0,,9724,0,690.0,714.0,680.0
2017-02-16,0.0,2.03,701.0,,8932,0,701.0,705.0,675.0
2017-02-15,0.0,3.93,688.0,,4328,0,675.0,695.0,664.0
2017-02-14,0.0,0.3,662.0,,3711,0,660.0,670.0,648.0
2017-02-13,0.0,4.76,660.0,,8872,0,630.0,680.0,590.0
2017-02-12,0.0,-6.67,630.0,,4131,0,670.0,678.0,630.0
2017-02-09,0.0,-1.46,675.0,,4025,0,680.0,692.0,675.0
2017-02-08,0.0,-2.84,685.0,,2297,0,700.0,701.0,685.0
2017-02-07,0.0,-1.26,705.0,,3377,0,700.0,708.0,700.0
2017-02-06,0.0,-1.52,714.0,,4188,0,712.0,716.0,698.0
2017-02-05,0.0,-3.97,725.0,,2914,0,740.0,749.0,704.0
2017-02-02,0.0,-0.66,755.0,,3371,0,775.0,776.0,750.0
2017-02-01,0.0,8.73,760.0,,5096,0,700.0,760.0,700.0
2017-01-31,0.0,4.95,699.0,,5304,0,660.0,717.0,660.0
2017-01-30,0.0,-10.0,666.0,,8357,0,726.0,726.0,666.0
2017-01-26,0.0,-3.14,740.0,,4534,0,759.0,759.0,730.0
2017-01-25,0.0,-1.55,764.0,,2821,0,775.0,775.0,750.0
2017-01-24,0.0,-0.51,776.0,,570,0,775.0,776.0,770.0
2017-01-23,0.0,0.26,780.0,,716,0,765.0,780.0,765.0
2017-01-22,0.0,-0.26,778.0,,2298,0,785.0,785.0,770.0
2017-01-19,0.0,-1.27,780.0,,540,0,775.0,783.0,775.0
2017-01-18,0.0,0.77,790.0,,462,0,781.0,790.0,774.0
2017-01-17,0.0,-1.38,784.0,,837,0,790.0,790.0,780.0
2017-01-16,0.0,0.76,795.0,,2228,0,780.0,795.0,774.0
2017-01-15,0.0,0.77,789.0,,1452,0,790.0,790.0,775.0
2017-01-12,0.0,0.38,783.0,,2799,0,785.0,785.0,780.0
2017-01-11,0.0,-1.27,780.0,,2659,0,800.0,808.0,780.0
2017-01-10,0.0,0.0,790.0,,1700,0,800.0,800.0,788.0
2017-01-09,0.0,0.38,790.0,,7440,0,782.0,797.0,782.0
2017-01-08,0.0,-0.51,787.0,,1140,0,795.0,796.0,787.0
2017-01-05,0.0,-0.25,791.0,,2640,0,808.0,824.0,791.0
2017-01-04,0.0,-0.25,793.0,,2440,0,790.0,804.0,790.0
2017-01-03,0.0,-2.93,795.0,,3079,0,803.0,825.0,795.0
2017-01-02,0.0,0.37,819.0,,2364,0,820.0,828.0,805.0
2017-01-01,0.0,2.77,816.0,,3388,0,800.0,825.0,800.0
2016-12-29,0.0,5.59,794.0,,1470,0,765.0,805.0,760.0
2016-12-28,0.0,1.62,752.0,,2050,0,754.0,769.0,732.0
2016-12-27,0.0,-2.89,740.0,,5363,0,749.0,765.0,733.0
2016-12-26,0.0,-1.04,762.0,,3354,0,775.0,775.0,758.0
2016-12-22,0.0,-1.03,770.0,,3524,0,775.0,780.0,763.0
2016-12-21,0.0,-2.14,778.0,,5583,0,780.0,785.0,770.0
2016-12-20,0.0,-2.33,795.0,,6464,0,801.0,805.0,790.0
2016-12-19,0.0,0.49,814.0,,1298,0,815.0,817.0,811.0
2016-12-18,0.0,0.25,810.0,,2202,0,810.0,810.0,805.0
2016-12-15,0.0,-0.98,808.0,,5658,0,815.0,820.0,805.0
2016-12-14,0.0,0.74,816.0,,3458,0,825.0,837.0,804.0
2016-12-12,0.0,-1.22,810.0,,4646,0,820.0,825.0,789.0
2016-12-11,0.0,-2.5,820.0,,2000,0,830.0,830.0,812.0
2016-12-08,0.0,-1.06,841.0,,2912,0,850.0,850.0,840.0
2016-12-07,0.0,-1.73,850.0,,2726,0,880.0,880.0,848.0
2016-12-06,0.0,0.0,865.0,,4984,0,868.0,870.0,850.0
2016-12-05,0.0,-2.48,865.0,,2673,0,880.0,885.0,853.0
2016-12-04,0.0,-1.55,887.0,,4359,0,883.0,905.0,880.0
2016-12-01,0.0,-2.49,901.0,,7101,0,925.0,940.0,894.0
2016-11-30,0.0,4.64,924.0,,9182,0,900.0,928.0,891.0
2016-11-29,0.0,4.5,883.0,,10073,0,830.0,883.0,813.0
2016-11-28,0.0,4.84,845.0,,10499,0,790.0,864.0,726.0
2016-11-27,0.0,-8.41,806.0,,11122,0,865.0,875.0,804.0
2016-11-24,0.0,2.21,880.0,,8230,0,844.0,885.0,844.0
2016-11-23,0.0,-4.44,861.0,,4796,0,895.0,898.0,856.0
2016-11-22,0.0,1.24,901.0,,10615,0,880.0,906.0,878.0
2016-11-21,0.0,0.11,890.0,,11605,0,875.0,892.0,841.0
2016-11-20,0.0,-2.84,889.0,,15385,0,897.0,918.0,837.0
2016-11-17,0.0,-5.67,915.0,,6998,0,960.0,960.0,902.0
2016-11-16,0.0,-1.32,970.0,,2371,0,980.0,980.0,965.0
2016-11-15,0.0,-1.21,983.0,,5532,0,980.0,990.0,977.0
2016-11-14,0.0,-2.83,995.0,,7448,0,1015.0,1016.0,986.0
2016-11-13,0.0,-0.49,1024.0,,4646,0,1035.0,1041.0,1021.0
2016-11-10,0.0,-5.07,1029.0,,9532,0,1100.0,1100.0,1011.0
2016-11-09,0.0,-7.98,1084.0,,16957,0,1178.0,1155.0,1061.0
2016-11-08,0.0,-1.83,1445.0,,67693,0,1486.0,1490.0,1440.0
2016-11-07,0.0,-2.77,1472.0,,28630,0,1500.0,1500.0,1460.0
2016-11-03,0.0,6.85,1514.0,,23217,0,1420.0,1529.0,1420.0
2016-10-27,0.0,3.28,1417.0,,46495,0,1396.0,1428.0,1390.0
2016-10-26,0.0,2.39,1372.0,,8051,0,1350.0,1372.0,1325.0
2016-10-25,0.0,-2.9,1340.0,,6465,0,1353.0,1363.0,1340.0
2016-10-24,0.0,-1.08,1380.0,,9084,0,1395.0,1395.0,1350.0
2016-10-23,0.0,6.08,1395.0,,20504,0,1315.0,1410.0,1315.0
2016-10-20,0.0,2.73,1315.0,,9673,0,1265.0,1315.0,1260.0
2016-10-19,0.0,0.39,1280.0,,6161,0,1260.0,1289.0,1260.0
2016-10-18,0.0,-0.39,1275.0,,6918,0,1275.0,1275.0,1255.0
2016-10-17,0.0,1.99,1280.0,,8185,0,1250.0,1280.0,1230.0
2016-10-16,0.0,-0.4,1255.0,,3228,0,1252.0,1276.0,1231.0
2016-10-06,0.0,0.0,1260.0,,3905,0,1266.0,1270.0,1250.0
2016-10-05,0.0,-0.47,1260.0,,1296,0,1270.0,1270.0,1250.0
2016-10-04,0.0,-0.47,1266.0,,6792,0,1262.0,1280.0,1262.0
2016-10-03,0.0,0.95,1272.0,,12432,0,1280.0,1285.0,1262.0
2016-10-02,0.0,6.78,1260.0,,21049,0,1203.0,1280.0,1200.0
2016-09-29,0.0,0.51,1180.0,,4381,0,1175.0,1180.0,1157.0
2016-09-28,0.0,-0.09,1174.0,,7081,0,1176.0,1176.0,1160.0
2016-09-27,0.0,-1.18,1175.0,,3921,0,1199.0,1199.0,1172.0
2016-09-26,0.0,1.71,1189.0,,6105,0,1160.0,1205.0,1160.0
2016-09-25,0.0,-1.54,1211.0,,6988,0,1230.0,1230.0,1200.0
2016-09-22,0.0,-1.54,1211.0,,6988,0,1230.0,1230.0,1200.0
2016-09-21,0.0,-0.73,1230.0,,13187,0,1229.0,1236.0,1200.0
2016-09-20,0.0,2.99,1239.0,,23286,0,1205.0,1250.0,1205.0
2016-09-18,0.0,9.17,1201.0,,54140,0,1102.0,1212.0,1124.0
2016-09-14,0.0,0.25,1603.0,,78815,0,1604.0,1615.0,1592.0
2016-09-12,0.0,0.57,1599.0,,36070,0,1595.0,1599.0,1587.0
2016-09-11,0.0,-0.25,1590.0,,21841,0,1597.0,1600.0,1575.0
2016-09-08,0.0,0.89,1594.0,,10367,0,1600.0,1600.0,1570.0
2016-09-07,0.0,-1.19,1580.0,,10503,0,1609.0,1609.0,1575.0
2016-09-06,0.0,0.57,1599.0,,14985,0,1610.0,1620.0,1570.0
2016-09-05,0.0,0.95,1590.0,,18918,0,1600.0,1638.0,1581.0
2016-09-04,0.0,1.94,1575.0,,11358,0,1575.0,1600.0,1553.0
2016-09-01,0.0,3.83,1545.0,,20625,0,1490.0,1555.0,1490.0
2016-08-31,0.0,0.54,1488.0,,4724,0,1470.0,1506.0,1450.0
2016-08-30,0.0,3.14,1480.0,,10189,0,1450.0,1489.0,1450.0
2016-08-29,0.0,-0.69,1435.0,,8472,0,1439.0,1450.0,1432.0
2016-08-28,0.0,2.12,1445.0,,2920,0,1435.0,1471.0,1410.0
2016-08-24,0.0,4.66,1415.0,,2114,0,1365.0,1415.0,1339.0
2016-08-23,0.0,-0.22,1352.0,,4480,0,1346.0,1381.0,1346.0
2016-08-22,0.0,-2.87,1355.0,,3224,0,1370.0,1390.0,1355.0
2016-08-21,0.0,-1.41,1395.0,,1895,0,1440.0,1440.0,1394.0
2016-08-17,0.0,1.07,1415.0,,3976,0,1410.0,1430.0,1410.0
2016-08-16,0.0,0.0,1400.0,,7031,0,1400.0,1400.0,1360.0
2016-08-15,0.0,-2.78,1400.0,,9430,0,1465.0,1465.0,1345.0
2016-08-14,0.0,-3.94,1440.0,,7446,0,1480.0,1480.0,1435.0
2016-08-11,0.0,-0.07,1499.0,,5235,0,1520.0,1520.0,1480.0
2016-08-10,0.0,1.83,1500.0,,14313,0,1502.0,1512.0,1441.0
2016-08-09,0.0,5.97,1473.0,,500,0,1417.0,1473.0,1417.0
2016-08-08,0.0,-5.57,1390.0,,6113,0,1472.0,1450.0,1380.0
2016-08-07,0.0,-0.2,1472.0,,9621,0,1475.0,1540.0,1472.0
2016-08-04,0.0,-0.81,1475.0,,8775,0,1487.0,1525.0,1431.0
2016-08-03,0.0,-2.43,1487.0,,11478,0,1524.0,1540.0,1461.0
2016-08-02,0.0,-1.61,1524.0,,3825,0,1549.0,1550.0,1519.0
2016-08-01,0.0,-1.02,1549.0,,7394,0,1565.0,1578.0,1520.0
2016-07-31,0.0,-0.63,1565.0,,6576,0,1575.0,1588.0,1555.0
2016-07-28,0.0,-0.63,1575.0,,10921,0,1585.0,1585.0,1550.0
2016-07-27,0.0,2.19,1585.0,,24842,0,1551.0,1657.0,1566.0
2016-07-26,0.0,10.0,1551.0,,27065,0,1410.0,1551.0,1438.0
2016-07-25,0.0,3.3,1410.0,,12358,0,1365.0,1419.0,1370.0
2016-07-21,0.0,-0.07,1365.0,,7342,0,1366.0,1400.0,1365.0
2016-07-20,0.0,-1.01,1370.0,,4922,0,1406.0,1407.0,1365.0
2016-07-19,0.0,2.99,1380.0,,18316,0,1349.0,1400.0,1349.0
2016-07-18,0.0,1.52,1340.0,,7659,0,1320.0,1354.0,1300.0
2016-07-17,0.0,0.99,1320.0,,18818,0,1307.0,1351.0,1281.0
2016-07-14,0.0,2.67,1307.0,,8395,0,1285.0,1311.0,1285.0
2016-07-13,0.0,-0.93,1273.0,,7387,0,1285.0,1299.0,1250.0
2016-07-12,0.0,-1.15,1285.0,,9558,0,1300.0,1300.0,1240.0
2016-07-11,0.0,-0.91,1300.0,,4378,0,1312.0,1310.0,1275.0
2016-07-10,0.0,3.31,1312.0,,13753,0,1270.0,1345.0,1295.0
2016-07-06,0.0,-1.55,1270.0,,10258,0,1270.0,1320.0,1270.0
2016-07-05,0.0,-2.49,1290.0,,10171,0,1330.0,1330.0,1280.0
2016-07-04,0.0,7.21,1323.0,,25192,0,1234.0,1336.0,1234.0
2016-07-03,0.0,3.7,1234.0,,13911,0,1190.0,1234.0,1196.0
2016-06-30,0.0,0.85,1190.0,,2952,0,1180.0,1205.0,1190.0
2016-06-29,0.0,-1.58,1180.0,,6298,0,1199.0,1205.0,1180.0
2016-06-28,0.0,-0.08,1199.0,,9014,0,1200.0,1220.0,1185.0
2016-06-27,0.0,2.13,1200.0,,3523,0,1175.0,1200.0,1178.0
2016-06-26,0.0,-0.84,1175.0,,4803,0,1185.0,1195.0,1172.0
2016-06-23,0.0,-0.42,1185.0,,7706,0,1190.0,1200.0,1182.0
2016-06-22,0.0,1.19,1190.0,,5303,0,1153.0,1210.0,1153.0
2016-06-21,0.0,0.51,1176.0,,3555,0,1170.0,1190.0,1175.0
2016-06-20,0.0,-1.27,1170.0,,7124,0,1185.0,1182.0,1147.0
2016-06-19,0.0,0.0,1185.0,,7721,0,1185.0,1208.0,1185.0
2016-06-16,0.0,-1.25,1185.0,,3362,0,1200.0,1200.0,1185.0
2016-06-15,0.0,0.0,1200.0,,4973,0,1220.0,1220.0,1190.0
2016-06-14,0.0,0.84,1200.0,,9440,0,1208.0,1225.0,1190.0
2016-06-13,0.0,0.0,1190.0,,15453,0,1190.0,1215.0,1190.0
2016-06-12,0.0,0.08,1190.0,,8795,0,1189.0,1210.0,1175.0
2016-06-09,0.0,0.76,1189.0,,6474,0,1195.0,1195.0,1157.0
2016-06-08,0.0,2.52,1180.0,,3174,0,1151.0,1190.0,1143.0
2016-06-07,0.0,4.92,1151.0,,7177,0,1118.0,1155.0,1118.0
2016-06-06,0.0,2.33,1097.0,,8606,0,1072.0,1125.0,1093.0
2016-06-05,0.0,-5.55,1072.0,,9193,0,1135.0,1125.0,1070.0
2016-06-02,0.0,0.0,1135.0,,12630,0,1135.0,1150.0,1116.0
2016-06-01,0.0,-1.82,1135.0,,3298,0,1156.0,1150.0,1115.0
2016-05-31,0.0,-0.09,1156.0,,3228,0,1157.0,1160.0,1151.0
2016-05-30,0.0,-1.03,1157.0,,7558,0,1169.0,1170.0,1146.0
2016-05-29,0.0,-1.76,1169.0,,6633,0,1190.0,1191.0,1160.0
2016-05-26,0.0,1.45,1190.0,,15153,0,1173.0,1190.0,1142.0
2016-05-25,0.0,-2.17,1173.0,,12678,0,1199.0,1205.0,1160.0
2016-05-24,0.0,5.64,1199.0,,7455,0,1135.0,1224.0,1116.0
2016-05-23,0.0,1.61,1135.0,,15413,0,1117.0,1140.0,1088.0
2016-05-22,0.0,0.72,1117.0,,6488,0,1109.0,1134.0,1089.0
2016-05-19,0.0,3.64,1109.0,,10889,0,1070.0,1134.0,1080.0
2016-05-18,0.0,-1.83,1070.0,,5645,0,1090.0,1090.0,1065.0
2016-05-17,0.0,7.39,1071.0,,11669,0,999.0,1090.0,999.0
2016-05-16,0.0,0.5,1015.0,,7476,0,1010.0,1020.0,991.0
2016-05-15,0.0,0.9,1010.0,,8687,0,1005.0,1030.0,1002.0
2016-05-12,0.0,0.1,1008.0,,181,0,1008.0,1008.0,1008.0
2016-05-11,0.0,2.76,1007.0,,14692,0,980.0,1015.0,980.0
2016-05-10,0.0,-0.1,980.0,,10374,0,962.0,995.0,962.0
2016-05-09,0.0,0.62,981.0,,8568,0,983.0,989.0,981.0
2016-05-08,0.0,0.31,975.0,,6035,0,972.0,980.0,971.0
2016-05-05,0.0,-0.72,972.0,,1569,0,979.0,980.0,970.0
2016-05-04,0.0,-0.1,979.0,,9061,0,980.0,981.0,968.0
2016-05-03,0.0,-0.81,980.0,,11580,0,988.0,1000.0,975.0
2016-05-02,0.0,-0.8,988.0,,7618,0,996.0,997.0,980.0
2016-04-28,0.0,-0.3,996.0,,5530,0,999.0,1010.0,992.0
2016-04-27,0.0,1.94,999.0,,5981,0,980.0,999.0,980.0
2016-04-26,0.0,-3.35,980.0,,7084,0,1014.0,1020.0,980.0
2016-04-25,0.0,3.47,1014.0,,22926,0,980.0,1048.0,989.0
2016-04-24,0.0,0.93,980.0,,2741,0,971.0,980.0,970.0
2016-04-21,0.0,-0.72,971.0,,5975,0,978.0,980.0,970.0
2016-04-20,0.0,0.41,978.0,,4230,0,974.0,985.0,974.0
2016-04-19,0.0,-1.52,974.0,,2185,0,989.0,975.0,962.0
2016-04-18,0.0,-0.4,989.0,,5614,0,993.0,1011.0,970.0
2016-04-17,0.0,8.88,993.0,,7812,0,920.0,993.0,920.0
2016-04-14,0.0,2.7,912.0,,7371,0,888.0,920.0,895.0
2016-04-12,0.0,0.91,888.0,,3213,0,880.0,890.0,881.0
2016-04-11,0.0,0.57,880.0,,8289,0,875.0,882.0,870.0
2016-04-10,0.0,-0.57,875.0,,2397,0,880.0,879.0,873.0
2016-04-06,0.0,0.92,880.0,,1442,0,872.0,880.0,876.0
2016-04-05,0.0,0.35,872.0,,7242,0,875.0,880.0,868.0
2016-04-04,0.0,0.0,869.0,,5065,0,869.0,880.0,865.0
2016-04-03,0.0,-1.47,869.0,,2183,0,882.0,875.0,853.0
2016-03-31,0.0,-0.9,882.0,,3630,0,890.0,889.0,882.0
2016-03-30,0.0,0.56,890.0,,4204,0,885.0,890.0,880.0
2016-03-29,0.0,0.34,885.0,,7431,0,885.0,885.0,880.0
2016-03-28,0.0,-0.9,882.0,,4620,0,890.0,885.0,875.0
2016-03-27,0.0,1.71,890.0,,13051,0,875.0,890.0,870.0
2016-03-24,0.0,0.34,875.0,,8122,0,872.0,875.0,868.0
2016-03-23,0.0,-0.91,872.0,,991,0,870.0,880.0,855.0
2016-03-21,0.0,0.11,880.0,,8096,0,870.0,880.0,862.0
2016-03-20,0.0,0.46,879.0,,6902,0,862.0,885.0,862.0
2016-03-17,0.0,1.04,875.0,,5779,0,868.0,890.0,868.0
2016-03-16,0.0,-0.12,866.0,,1074,0,867.0,868.0,866.0
2016-03-15,0.0,-0.8,867.0,,1358,0,875.0,875.0,867.0
2016-03-14,0.0,1.63,874.0,,2906,0,850.0,888.0,850.0
2016-03-13,0.0,-2.27,860.0,,3024,0,863.0,870.0,860.0
2016-03-10,0.0,0.0,880.0,,7371,0,889.0,890.0,872.0
2016-03-06,0.0,1.38,880.0,,4150,0,870.0,882.0,856.0
2016-03-03,0.0,-0.8,868.0,,8231,0,885.0,885.0,867.0
2016-03-02,0.0,-0.57,875.0,,8809,0,890.0,900.0,871.0
2016-03-01,0.0,5.9,880.0,,9222,0,827.0,900.0,826.0
2016-02-29,0.0,0.12,831.0,,10193,0,830.0,847.0,827.0
2016-02-28,0.0,1.1,830.0,,2918,0,821.0,835.0,825.0
2016-02-25,0.0,0.12,821.0,,2959,0,817.0,825.0,814.0
2016-02-24,0.0,0.0,820.0,,3777,0,820.0,820.0,818.0
2016-02-23,0.0,-0.73,820.0,,2771,0,826.0,825.0,812.0
2016-02-22,0.0,0.98,826.0,,2936,0,825.0,826.0,824.0
2016-02-21,0.0,-0.85,818.0,,2290,0,822.0,822.0,815.0
2016-02-18,0.0,-0.6,825.0,,770,0,830.0,825.0,820.0
2016-02-17,0.0,0.24,830.0,,4233,0,828.0,835.0,830.0
2016-02-16,0.0,0.12,828.0,,3927,0,827.0,832.0,822.0
2016-02-15,0.0,0.73,827.0,,2934,0,821.0,827.0,820.0
2016-02-14,0.0,-0.96,821.0,,416,0,824.0,824.0,820.0
2016-02-11,0.0,-0.96,829.0,,4225,0,837.0,836.0,824.0
2016-02-08,0.0,1.09,837.0,,5504,0,828.0,845.0,829.0
2016-02-07,0.0,-0.36,828.0,,3334,0,831.0,836.0,820.0
2016-02-04,0.0,-0.36,831.0,,5394,0,834.0,839.0,831.0
2016-02-03,0.0,0.48,834.0,,4254,0,830.0,835.0,825.0
2016-02-02,0.0,-0.6,830.0,,3403,0,836.0,836.0,825.0
2016-02-01,0.0,0.36,835.0,,4374,0,832.0,838.0,825.0
2016-01-31,0.0,0.85,832.0,,3859,0,830.0,832.0,821.0
2016-01-28,0.0,-1.2,825.0,,2952,0,830.0,830.0,820.0
2016-01-27,0.0,-0.12,835.0,,3120,0,836.0,840.0,830.0
2016-01-26,0.0,0.72,836.0,,5862,0,830.0,846.0,830.0
2016-01-25,0.0,0.73,830.0,,9366,0,840.0,860.0,811.0
2016-01-24,0.0,0.98,824.0,,6523,0,816.0,824.0,810.0
2016-01-21,0.0,-1.09,816.0,,3365,0,825.0,830.0,816.0
2016-01-20,0.0,1.98,825.0,,9455,0,800.0,827.0,800.0
2016-01-19,0.0,-1.22,809.0,,4077,0,825.0,825.0,795.0
2016-01-18,0.0,2.63,819.0,,17597,0,805.0,845.0,800.0
2016-01-17,0.0,9.92,798.0,,11769,0,740.0,798.0,740.0
2016-01-14,0.0,1.68,726.0,,2477,0,728.0,739.0,726.0
2016-01-13,0.0,0.56,714.0,,4848,0,710.0,715.0,708.0
2016-01-12,0.0,0.71,710.0,,5093,0,701.0,710.0,695.0
2016-01-11,0.0,0.71,705.0,,522,0,705.0,705.0,700.0
2016-01-10,0.0,-1.41,700.0,,2880,0,710.0,705.0,700.0
2016-01-07,0.0,0.57,710.0,,2018,0,710.0,721.0,702.0
2016-01-06,0.0,2.17,706.0,,2242,0,695.0,713.0,695.0
2016-01-05,0.0,-1.43,691.0,,1478,0,701.0,701.0,691.0
2016-01-04,0.0,-2.64,701.0,,4694,0,720.0,720.0,690.0
2016-01-03,0.0,6.67,720.0,,12411,0,687.0,720.0,687.0
2015-12-31,0.0,6.3,675.0,,2875,0,636.0,680.0,636.0
2015-12-29,0.0,0.95,635.0,,4447,0,629.0,645.0,629.0
2015-12-28,0.0,-2.48,629.0,,11930,0,645.0,635.0,618.0
2015-12-25,0.0,-1.74,845.0,,28702,0,860.0,865.0,841.0
2015-12-24,0.0,0.0,860.0,,11213,0,862.0,870.0,855.0
2015-12-23,0.0,-1.38,860.0,,15932,0,872.0,872.0,855.0
2015-12-22,0.0,0.11,872.0,,10929,0,871.0,872.0,860.0
2015-12-21,0.0,1.28,871.0,,20643,0,860.0,890.0,865.0
2015-12-20,0.0,7.5,860.0,,35305,0,800.0,864.0,800.0
2015-12-17,0.0,6.52,800.0,,20466,0,766.0,813.0,766.0
2015-12-16,0.0,0.27,751.0,,9224,0,745.0,754.0,745.0
2015-12-15,0.0,1.08,749.0,,6129,0,745.0,755.0,743.0
2015-12-14,0.0,-0.54,741.0,,1570,0,742.0,750.0,740.0
2015-12-13,0.0,1.5,745.0,,4635,0,725.0,745.0,720.0
2015-12-10,0.0,1.24,734.0,,4630,0,713.0,734.0,712.0
2015-12-09,0.0,2.11,725.0,,7852,0,705.0,744.0,705.0
2015-12-08,0.0,-1.39,710.0,,5257,0,708.0,715.0,700.0
2015-12-07,0.0,1.41,720.0,,7482,0,710.0,730.0,710.0
2015-12-04,0.0,3.2,710.0,,5100,0,700.0,713.0,697.0
2015-12-03,0.0,2.69,688.0,,4889,0,657.0,690.0,651.0
2015-12-02,0.0,1.36,670.0,,3098,0,655.0,671.0,642.0
2015-12-01,0.0,0.92,661.0,,2886,0,655.0,691.0,661.0
2015-11-30,0.0,1.55,655.0,,3643,0,645.0,655.0,642.0
2015-11-29,0.0,-1.83,645.0,,4841,0,644.0,645.0,637.0
2015-11-26,0.0,-0.45,657.0,,3505,0,649.0,659.0,645.0
2015-11-25,0.0,-2.22,662.0,,7972,0,670.0,670.0,653.0
2015-11-24,0.0,0.75,675.0,,2676,0,661.0,675.0,661.0
2015-11-23,0.0,0.0,670.0,,2668,0,671.0,670.0,642.0
2015-11-22,0.0,-2.9,670.0,,1849,0,682.0,682.0,665.0
2015-11-19,0.0,-0.72,690.0,,2236,0,690.0,695.0,685.0
2015-11-18,0.0,0.29,695.0,,1197,0,700.0,700.0,695.0
2015-11-16,0.0,-1.84,693.0,,1629,0,700.0,700.0,693.0
2015-11-15,0.0,-0.56,706.0,,200,0,706.0,706.0,706.0
2015-11-10,0.0,-0.28,710.0,,4247,0,702.0,710.0,696.0
2015-11-09,0.0,2.15,712.0,,2873,0,700.0,724.0,700.0
2015-11-08,0.0,-0.29,697.0,,1427,0,695.0,699.0,690.0
2015-11-05,0.0,2.04,699.0,,6712,0,698.0,711.0,698.0
2015-11-04,0.0,1.48,685.0,,889,0,665.0,685.0,661.0
2015-11-03,0.0,-0.59,675.0,,2722,0,672.0,675.0,666.0
2015-11-02,0.0,-1.59,680.0,,1753,0,690.0,690.0,679.0
2015-11-01,0.0,1.47,690.0,,3886,0,680.0,690.0,668.0
2015-10-29,0.0,0.0,680.0,,2508,0,675.0,688.0,675.0
2015-10-28,0.0,-1.45,680.0,,3360,0,678.0,680.0,645.0
2015-10-27,0.0,-2.13,690.0,,1250,0,692.0,692.0,681.0
2015-10-19,0.0,0.71,705.0,,1906,0,700.0,706.0,700.0
2015-10-18,0.0,0.0,700.0,,1250,0,700.0,701.0,700.0
2015-10-15,0.0,0.0,700.0,,1720,0,690.0,710.0,690.0
2015-10-14,0.0,-0.43,700.0,,2370,0,707.0,708.0,700.0
2015-10-11,0.0,-1.82,703.0,,2002,0,710.0,710.0,703.0
2015-10-08,0.0,0.85,716.0,,5191,0,709.0,719.0,708.0
2015-10-07,0.0,-1.39,710.0,,1196,0,706.0,715.0,692.0
2015-10-06,0.0,0.28,720.0,,2257,0,715.0,720.0,704.0
2015-10-05,0.0,-3.23,718.0,,5307,0,740.0,740.0,717.0
2015-10-04,0.0,6.0,742.0,,5026,0,714.0,745.0,714.0
2015-10-01,0.0,-3.45,700.0,,3832,0,711.0,711.0,700.0
2015-09-30,0.0,6.62,725.0,,1716,0,680.0,734.0,680.0
2015-09-29,0.0,0.0,680.0,,2959,0,674.0,680.0,670.0
2015-09-28,0.0,-1.88,680.0,,2614,0,680.0,680.0,675.0
2015-09-24,0.0,-2.12,699.0,,2473,0,701.0,701.0,693.0
2015-09-23,0.0,1.72,708.0,,5316,0,685.0,708.0,685.0
2015-09-22,0.0,-1.97,696.0,,657,0,700.0,700.0,696.0
2015-09-17,0.0,-0.56,710.0,,3168,0,715.0,720.0,700.0
2015-09-16,0.0,3.48,714.0,,2215,0,700.0,714.0,699.0
2015-09-15,0.0,0.73,690.0,,4790,0,686.0,698.0,685.0
2015-09-14,0.0,0.0,685.0,,1950,0,697.0,697.0,685.0
2015-09-13,0.0,0.0,685.0,,800,0,696.0,699.0,685.0
2015-09-10,0.0,-0.72,685.0,,1660,0,691.0,695.0,685.0
2015-09-09,0.0,0.0,690.0,,543,0,695.0,695.0,690.0
2015-09-08,0.0,-0.29,690.0,,3450,0,695.0,700.0,685.0
2015-09-07,0.0,3.9,692.0,,293,0,679.0,692.0,678.0
2015-09-06,0.0,0.15,666.0,,1735,0,670.0,671.0,666.0
2015-09-03,0.0,-1.92,665.0,,500,0,665.0,665.0,665.0
2015-09-02,0.0,-1.74,678.0,,520,0,695.0,695.0,678.0
2015-09-01,0.0,0.0,690.0,,1168,0,690.0,700.0,686.0
2015-08-31,0.0,2.99,687.0,,2285,0,680.0,690.0,680.0
2015-08-27,0.0,0.0,670.0,,1268,0,674.0,681.0,670.0
2015-08-26,0.0,0.3,670.0,,2355,0,668.0,681.0,668.0
2015-08-25,0.0,-0.45,671.0,,4079,0,683.0,684.0,668.0
2015-08-24,0.0,10.0,671.0,,3600,0,622.0,671.0,622.0
2015-08-23,0.0,-1.29,610.0,,10937,0,610.0,612.0,580.0
2015-08-20,0.0,1.31,618.0,,17593,0,609.0,622.0,609.0
2015-08-19,0.0,2.52,610.0,,6321,0,600.0,612.0,600.0
2015-08-18,0.0,0.51,595.0,,9535,0,592.0,600.0,579.0
2015-08-17,0.0,0.34,592.0,,3202,0,579.0,592.0,570.0
2015-08-16,0.0,0.51,590.0,,4325,0,584.0,598.0,582.0
2015-08-13,0.0,-0.68,587.0,,2415,0,580.0,600.0,580.0
2015-08-12,0.0,-3.9,591.0,,1970,0,610.0,610.0,591.0
2015-08-11,0.0,1.49,615.0,,5896,0,606.0,618.0,605.0
2015-08-10,0.0,-1.62,606.0,,1743,0,616.0,610.0,605.0
2015-08-09,0.0,0.16,616.0,,8519,0,615.0,632.0,600.0
2015-08-06,0.0,3.19,615.0,,7134,0,596.0,615.0,595.0
2015-08-05,0.0,0.68,596.0,,10501,0,592.0,596.0,589.0
2015-08-04,0.0,-0.5,592.0,,2873,0,595.0,599.0,588.0
2015-08-03,0.0,-1.65,595.0,,6219,0,605.0,599.0,592.0
2015-08-02,0.0,1.85,605.0,,6219,0,594.0,605.0,590.0
2015-07-30,0.0,-1.0,594.0,,4889,0,600.0,600.0,588.0
2015-07-29,0.0,0.0,600.0,,2545,0,600.0,605.0,585.0
2015-07-28,0.0,-3.23,600.0,,8191,0,620.0,608.0,600.0
2015-07-27,0.0,-0.32,620.0,,12107,0,622.0,646.0,618.0
2015-07-26,0.0,1.97,622.0,,10,0,610.0,622.0,622.0
2015-07-23,0.0,5.72,610.0,,9771,0,577.0,610.0,582.0
2015-07-22,0.0,2.3,577.0,,9181,0,555.0,590.0,555.0
2015-07-16,0.0,1.62,564.0,,5526,0,555.0,565.0,558.0
2015-07-15,0.0,0.0,555.0,,944,0,566.0,565.0,555.0
2015-07-14,0.0,0.54,555.0,,3669,0,555.0,555.0,551.0
2015-07-13,0.0,0.0,552.0,,1421,0,555.0,559.0,548.0
2015-07-12,0.0,2.03,552.0,,2448,0,531.0,552.0,531.0
2015-07-09,0.0,1.12,541.0,,2583,0,545.0,555.0,534.0
2015-07-08,0.0,0.19,535.0,,3447,0,544.0,544.0,535.0
2015-07-07,0.0,0.75,534.0,,3075,0,531.0,540.0,529.0
2015-07-06,0.0,0.0,530.0,,6148,0,540.0,550.0,530.0
2015-07-05,0.0,-1.3,530.0,,4689,0,538.0,546.0,530.0
2015-07-02,0.0,0.94,537.0,,2144,0,537.0,539.0,531.0
2015-07-01,0.0,0.19,532.0,,2064,0,521.0,532.0,521.0
2015-06-30,0.0,-1.3,534.0,,7668,0,529.0,540.0,519.0
2015-06-29,0.0,1.13,538.0,,6708,0,535.0,559.0,522.0
2015-06-28,0.0,-0.56,532.0,,7868,0,530.0,536.0,525.0
2015-06-25,0.0,0.38,535.0,,4005,0,535.0,535.0,530.0
2015-06-24,0.0,0.95,537.0,,3493,0,530.0,548.0,530.0
2015-06-23,0.0,-0.75,528.0,,7675,0,540.0,540.0,525.0
2015-06-22,0.0,-1.48,532.0,,2064,0,541.0,541.0,532.0
2015-06-21,0.0,0.0,540.0,,26,0,540.0,540.0,540.0
2015-06-18,0.0,-0.37,540.0,,3083,0,542.0,550.0,538.0
2015-06-17,0.0,-3.21,542.0,,9147,0,560.0,551.0,540.0
2015-06-16,0.0,0.0,560.0,,7241,0,560.0,560.0,539.0
2015-06-15,0.0,1.45,560.0,,1195,0,552.0,586.0,541.0
2015-06-14,0.0,-0.72,552.0,,1448,0,556.0,563.0,535.0
2015-06-11,0.0,-5.44,556.0,,13971,0,588.0,580.0,555.0
2015-06-10,0.0,0.0,588.0,,1998,0,588.0,588.0,575.0
2015-06-09,0.0,3.52,588.0,,3329,0,568.0,600.0,576.0
2015-06-08,0.0,4.03,568.0,,18917,0,546.0,568.0,520.0
2015-06-07,0.0,-0.73,546.0,,1284,0,550.0,551.0,545.0
2015-06-04,0.0,0.0,550.0,,1098,0,550.0,550.0,540.0
2015-06-03,0.0,5.36,550.0,,763,0,522.0,550.0,520.0
2015-06-01,0.0,-4.22,522.0,,1720,0,545.0,550.0,520.0
2015-05-31,0.0,-3.37,545.0,,113,0,564.0,553.0,545.0
2015-04-23,0.0,-0.18,564.0,,2081,0,565.0,571.0,554.0
2015-04-22,0.0,-1.95,554.0,,2954,0,565.0,560.0,545.0
2015-04-21,0.0,0.89,565.0,,3012,0,560.0,566.0,560.0
2015-04-20,0.0,0.0,560.0,,4780,0,560.0,571.0,560.0
2015-04-19,0.0,-1.93,560.0,,1001,0,571.0,560.0,558.0
2015-04-16,0.0,1.96,571.0,,1010,0,560.0,571.0,555.0
2015-04-15,0.0,-1.75,560.0,,1208,0,570.0,563.0,560.0
2015-04-13,0.0,0.88,570.0,,240,0,565.0,575.0,570.0
2015-04-12,0.0,-1.57,565.0,,2107,0,574.0,584.0,560.0
2015-04-09,0.0,2.5,574.0,,1094,0,560.0,574.0,565.0
2015-04-08,0.0,0.9,560.0,,3047,0,555.0,565.0,555.0
2015-04-07,0.0,0.91,555.0,,1678,0,550.0,555.0,543.0
2015-04-06,0.0,1.66,550.0,,415,0,541.0,550.0,540.0
2015-04-05,0.0,-0.73,541.0,,1202,0,545.0,545.0,540.0
2015-04-02,0.0,0.0,545.0,,3022,0,545.0,555.0,540.0
2015-04-01,0.0,-3.02,545.0,,1993,0,562.0,555.0,545.0
2015-03-31,0.0,-1.4,562.0,,5173,0,570.0,562.0,560.0
2015-03-25,0.0,0.0,570.0,,189,0,570.0,570.0,565.0
2015-03-24,0.0,1.06,570.0,,341,0,564.0,570.0,565.0
2015-03-23,0.0,-0.35,564.0,,274,0,566.0,565.0,564.0
2015-03-22,0.0,0.18,566.0,,362,0,565.0,576.0,565.0
2015-03-19,0.0,0.0,565.0,,1821,0,565.0,570.0,564.0
2015-03-18,0.0,0.18,565.0,,498,0,564.0,565.0,560.0
2015-03-17,0.0,-1.74,564.0,,968,0,574.0,569.0,563.0
2015-03-16,0.0,-2.88,574.0,,245,0,591.0,590.0,574.0
2015-03-15,0.0,1.9,591.0,,200,0,580.0,591.0,591.0
2015-03-12,0.0,0.69,580.0,,271,0,576.0,582.0,572.0
2015-03-11,0.0,-1.03,576.0,,1103,0,582.0,585.0,576.0
2015-03-10,0.0,0.0,582.0,,633,0,582.0,582.0,575.0
2015-03-09,0.0,0.0,582.0,,2386,0,582.0,594.0,582.0
2015-03-04,0.0,0.0,582.0,,1376,0,582.0,582.0,575.0
2015-03-03,0.0,0.34,582.0,,1286,0,580.0,585.0,571.0
2015-03-02,0.0,0.69,580.0,,2068,0,576.0,591.0,565.0
2015-03-01,0.0,1.05,576.0,,3047,0,570.0,578.0,570.0
2015-02-25,0.0,0.88,575.0,,864,0,570.0,575.0,570.0
2015-02-24,0.0,-4.36,570.0,,1864,0,596.0,585.0,565.0
2015-02-23,0.0,5.86,596.0,,230,0,563.0,596.0,574.0
2015-02-22,0.0,-2.93,563.0,,1959,0,580.0,570.0,560.0
2015-02-19,0.0,-0.85,580.0,,4930,0,585.0,585.0,573.0
2015-02-16,0.0,0.0,585.0,,1718,0,585.0,590.0,585.0
2015-02-15,0.0,2.27,585.0,,2069,0,572.0,585.0,574.0
2015-02-12,0.0,-1.55,572.0,,302,0,581.0,572.0,571.0
2015-02-11,0.0,1.93,581.0,,916,0,570.0,581.0,560.0
2015-02-10,0.0,-2.06,570.0,,2571,0,582.0,582.0,570.0
2015-02-09,0.0,-0.17,582.0,,1371,0,583.0,590.0,575.0
2015-02-08,0.0,-0.68,583.0,,550,0,587.0,591.0,583.0
2015-02-05,0.0,-1.34,587.0,,1961,0,595.0,590.0,585.0
2015-02-04,0.0,0.85,595.0,,2595,0,590.0,601.0,585.0
2015-02-03,0.0,3.51,590.0,,5581,0,570.0,612.0,580.0
2015-02-02,0.0,0.88,570.0,,1120,0,565.0,570.0,570.0
2015-02-01,0.0,0.36,565.0,,898,0,563.0,570.0,565.0
2015-01-29,0.0,-3.76,563.0,,1337,0,585.0,585.0,563.0
2015-01-28,0.0,1.56,585.0,,1135,0,576.0,585.0,576.0
2015-01-27,0.0,-1.03,576.0,,1200,0,582.0,580.0,568.0
2015-01-26,0.0,1.22,582.0,,4637,0,575.0,593.0,579.0
2015-01-25,0.0,6.48,575.0,,2061,0,540.0,581.0,550.0
2015-01-22,0.0,1.89,540.0,,7108,0,530.0,560.0,526.0
2015-01-20,0.0,2.91,530.0,,2512,0,515.0,541.0,508.0
2015-01-19,0.0,3.41,515.0,,5406,0,498.0,515.0,500.0
2015-01-18,0.0,5.73,498.0,,130,0,471.0,498.0,480.0
2015-01-14,0.0,-3.88,471.0,,450,0,490.0,482.0,471.0
2015-01-13,0.0,0.0,490.0,,1046,0,490.0,499.0,490.0
2015-01-12,0.0,0.0,490.0,,1244,0,490.0,490.0,481.0
2015-01-11,0.0,-2.0,490.0,,1322,0,500.0,500.0,490.0
2015-01-08,0.0,0.0,500.0,,2629,0,500.0,505.0,495.0
2015-01-07,0.0,0.81,500.0,,402,0,496.0,500.0,500.0
2015-01-06,0.0,-1.59,496.0,,1338,0,504.0,500.0,496.0
2015-01-05,0.0,-0.4,504.0,,1063,0,506.0,515.0,500.0
2015-01-04,0.0,5.42,506.0,,659,0,480.0,506.0,480.0
2015-01-01,0.0,1.05,480.0,,300,0,475.0,480.0,475.0
2014-12-31,0.0,1.28,475.0,,2199,0,469.0,475.0,465.0
2014-12-28,0.0,1.96,469.0,,180,0,460.0,469.0,469.0
2014-12-24,0.0,-2.54,460.0,,206,0,472.0,463.0,460.0
2014-12-22,0.0,-1.87,472.0,,465,0,481.0,477.0,472.0
2014-12-18,0.0,0.21,481.0,,1326,0,480.0,485.0,476.0
2014-12-17,0.0,0.0,480.0,,1729,0,480.0,480.0,473.0
2014-12-16,0.0,-0.83,480.0,,250,0,484.0,480.0,480.0
2014-12-15,0.0,-1.83,484.0,,2781,0,493.0,495.0,468.0
2014-12-14,0.0,4.89,493.0,,1537,0,470.0,493.0,472.0
2014-12-11,0.0,1.08,470.0,,50,0,465.0,470.0,470.0
2014-12-10,0.0,1.09,465.0,,83,0,460.0,465.0,465.0
2014-12-09,0.0,0.0,460.0,,712,0,460.0,460.0,450.0
2014-12-08,0.0,-1.5,460.0,,358,0,467.0,468.0,460.0
2014-12-07,0.0,-2.71,467.0,,1100,0,480.0,473.0,467.0
2014-12-04,0.0,0.21,480.0,,179,0,479.0,480.0,475.0
2014-12-03,0.0,0.0,479.0,,738,0,479.0,480.0,475.0
2014-12-02,0.0,-1.84,479.0,,160,0,488.0,479.0,479.0
2014-12-01,0.0,-1.61,488.0,,1186,0,496.0,495.0,488.0
2014-11-30,0.0,-1.98,496.0,,919,0,506.0,496.0,496.0
2014-11-25,0.0,0.6,506.0,,791,0,503.0,515.0,506.0
2014-11-24,0.0,-1.37,503.0,,209,0,510.0,505.0,502.0
2014-11-23,0.0,3.66,510.0,,164,0,492.0,510.0,501.0
2014-11-20,0.0,1.23,492.0,,1385,0,486.0,503.0,486.0
2014-11-19,0.0,-0.21,486.0,,604,0,487.0,492.0,486.0
2014-11-18,0.0,-3.75,487.0,,23,0,506.0,496.0,487.0
2014-11-13,0.0,0.25,800.0,,10908,0,798.0,813.0,794.0
2014-11-12,0.0,-0.25,798.0,,12698,0,800.0,805.0,794.0
2014-11-11,0.0,2.43,800.0,,4927,0,781.0,805.0,784.0
2014-11-10,0.0,-3.58,781.0,,6313,0,810.0,810.0,781.0
2014-11-09,0.0,0.0,810.0,,8534,0,810.0,815.0,803.0
2014-11-06,0.0,3.58,810.0,,4400,0,782.0,812.0,797.0
2014-11-05,0.0,0.26,782.0,,1172,0,780.0,797.0,775.0
2014-11-04,0.0,-0.64,780.0,,1618,0,785.0,780.0,770.0
2014-11-03,0.0,-2.48,785.0,,1509,0,805.0,802.0,780.0
2014-11-02,0.0,-0.62,805.0,,2127,0,810.0,809.0,798.0
2014-10-30,0.0,0.37,810.0,,3262,0,807.0,815.0,807.0
2014-10-28,0.0,1.51,807.0,,6642,0,795.0,826.0,800.0
2014-10-27,0.0,0.51,795.0,,2387,0,791.0,798.0,792.0
2014-10-26,0.0,-0.5,791.0,,1228,0,795.0,801.0,790.0
2014-10-22,0.0,1.15,795.0,,2384,0,786.0,804.0,787.0
2014-10-21,0.0,0.77,786.0,,851,0,780.0,786.0,772.0
2014-10-20,0.0,-1.89,780.0,,1876,0,795.0,800.0,780.0
2014-10-19,0.0,-0.75,795.0,,1551,0,801.0,805.0,793.0
2014-10-16,0.0,2.04,801.0,,1279,0,785.0,809.0,790.0
2014-10-15,0.0,0.0,785.0,,1156,0,785.0,800.0,771.0
2014-10-14,0.0,1.95,785.0,,2530,0,770.0,790.0,755.0
2014-10-13,0.0,-0.13,770.0,,162,0,771.0,770.0,745.0
2014-10-12,0.0,-1.78,771.0,,129,0,785.0,785.0,771.0
2014-10-09,0.0,-0.51,785.0,,1029,0,789.0,798.0,780.0
2014-10-08,0.0,-1.38,789.0,,1148,0,800.0,790.0,784.0
2014-09-30,0.0,0.63,800.0,,3452,0,795.0,825.0,793.0
2014-09-29,0.0,0.51,795.0,,2964,0,791.0,800.0,785.0
2014-09-28,0.0,0.0,791.0,,1929,0,791.0,799.0,776.0
2014-09-24,0.0,1.67,791.0,,2387,0,778.0,805.0,780.0
2014-09-23,0.0,2.37,778.0,,3046,0,760.0,790.0,760.0
2014-09-22,0.0,0.53,760.0,,3015,0,756.0,780.0,755.0
2014-09-21,0.0,-2.58,756.0,,3212,0,776.0,790.0,750.0
2014-09-17,0.0,-1.01,783.0,,7586,0,791.0,795.0,780.0
2014-09-16,0.0,1.54,791.0,,10276,0,779.0,800.0,770.0
2014-09-15,0.0,1.17,779.0,,20326,0,770.0,820.0,765.0
2014-09-14,0.0,6.94,770.0,,13662,0,720.0,770.0,720.0
2014-09-11,0.0,7.46,720.0,,2047,0,670.0,720.0,655.0
2014-09-10,0.0,-3.04,670.0,,1360,0,691.0,691.0,657.0
2014-09-09,0.0,9.68,691.0,,489,0,630.0,691.0,640.0
2014-09-07,0.0,-2.33,630.0,,694,0,645.0,650.0,630.0
2014-09-04,0.0,-5.84,645.0,,1429,0,685.0,675.0,645.0
2014-09-03,0.0,1.48,685.0,,131,0,675.0,685.0,685.0
2014-09-01,0.0,-4.53,675.0,,3286,0,707.0,700.0,652.0
2014-08-31,0.0,-3.68,707.0,,744,0,734.0,725.0,707.0
2014-08-28,0.0,7.94,734.0,,3421,0,680.0,740.0,693.0
2014-08-27,0.0,7.09,680.0,,2858,0,635.0,680.0,645.0
2014-08-26,0.0,-4.51,635.0,,2836,0,665.0,691.0,635.0
2014-08-25,0.0,-3.62,665.0,,220,0,690.0,677.0,665.0
2014-08-24,0.0,2.99,690.0,,678,0,670.0,690.0,644.0
2014-08-21,0.0,-7.59,670.0,,9123,0,725.0,711.0,670.0
2014-08-20,0.0,-1.36,725.0,,747,0,735.0,725.0,721.0
2014-08-19,0.0,0.68,735.0,,2193,0,730.0,740.0,720.0
2014-08-18,0.0,-0.54,730.0,,109,0,734.0,730.0,730.0
2014-08-14,0.0,1.94,734.0,,1365,0,720.0,739.0,725.0
2014-08-13,0.0,-2.04,720.0,,117,0,735.0,730.0,720.0
2014-08-12,0.0,-0.68,735.0,,287,0,740.0,735.0,732.0
2014-08-07,0.0,-4.64,740.0,,1312,0,776.0,770.0,735.0
2014-08-06,0.0,2.11,776.0,,2133,0,760.0,776.0,761.0
2014-08-05,0.0,2.01,760.0,,2757,0,745.0,760.0,745.0
2014-08-04,0.0,-1.97,745.0,,1404,0,760.0,755.0,740.0
2014-08-03,0.0,-0.65,760.0,,1424,0,765.0,760.0,754.0
2014-07-31,0.0,-3.53,765.0,,3210,0,793.0,790.0,750.0
2014-07-30,0.0,-0.88,793.0,,3737,0,800.0,816.0,775.0
2014-07-28,0.0,0.63,800.0,,8834,0,795.0,820.0,785.0
2014-07-27,0.0,6.71,795.0,,4270,0,745.0,810.0,750.0
2014-07-24,0.0,-0.67,745.0,,2454,0,750.0,765.0,740.0
2014-07-23,0.0,1.35,750.0,,1579,0,740.0,755.0,740.0
2014-07-22,0.0,1.23,740.0,,3531,0,731.0,745.0,705.0
2014-07-21,0.0,-4.07,731.0,,3645,0,762.0,775.0,731.0
2014-07-20,0.0,9.96,762.0,,9814,0,693.0,762.0,700.0
2014-07-17,0.0,10.0,693.0,,7553,0,630.0,693.0,631.0
2014-07-16,0.0,0.0,630.0,,1454,0,630.0,640.0,630.0
2014-07-14,0.0,-0.79,630.0,,1358,0,635.0,631.0,627.0
2014-07-13,0.0,0.79,635.0,,690,0,630.0,640.0,630.0
2014-07-10,0.0,-0.79,630.0,,400,0,635.0,635.0,630.0
2014-07-09,0.0,2.09,635.0,,1435,0,622.0,635.0,625.0
2014-07-08,0.0,3.67,622.0,,3166,0,600.0,622.0,600.0
2014-07-07,0.0,-3.23,600.0,,3290,0,620.0,610.0,599.0
2014-07-06,0.0,1.81,620.0,,2626,0,609.0,620.0,598.0
2014-07-03,0.0,-3.03,609.0,,955,0,628.0,645.0,609.0
2014-07-02,0.0,7.72,628.0,,4247,0,583.0,628.0,594.0
2014-07-01,0.0,5.05,583.0,,2371,0,555.0,586.0,546.0
2014-06-30,0.0,1.83,555.0,,5631,0,545.0,566.0,539.0
2014-06-29,0.0,2.44,545.0,,1277,0,532.0,545.0,531.0
2014-06-26,0.0,-1.85,532.0,,433,0,542.0,542.0,532.0
2014-06-25,0.0,1.31,542.0,,1265,0,535.0,545.0,535.0
2014-06-24,0.0,0.94,535.0,,863,0,530.0,540.0,526.0
2014-06-23,0.0,-1.85,530.0,,64,0,540.0,530.0,530.0
2014-06-19,0.0,-0.92,540.0,,18,0,545.0,540.0,540.0
2014-06-18,0.0,0.0,545.0,,903,0,545.0,545.0,525.0
2014-06-17,0.0,-0.37,545.0,,1022,0,547.0,555.0,545.0
2014-06-16,0.0,0.37,547.0,,106,0,545.0,547.0,537.0
2014-06-15,0.0,2.44,545.0,,985,0,532.0,545.0,535.0
2014-06-12,0.0,-0.56,532.0,,3023,0,535.0,535.0,525.0
2014-06-11,0.0,-1.83,535.0,,1159,0,545.0,549.0,535.0
2014-06-10,0.0,-0.91,545.0,,503,0,550.0,554.0,545.0
2014-06-09,0.0,0.18,550.0,,405,0,549.0,550.0,540.0
2014-06-08,0.0,1.67,549.0,,963,0,540.0,549.0,549.0
2014-06-05,0.0,0.0,540.0,,830,0,540.0,540.0,530.0
2014-06-04,0.0,-1.82,540.0,,1194,0,550.0,552.0,540.0
2014-06-03,0.0,2.61,550.0,,3797,0,536.0,550.0,529.0
2014-06-02,0.0,-0.74,536.0,,229,0,540.0,540.0,536.0
2014-06-01,0.0,-0.92,540.0,,161,0,545.0,540.0,535.0
2014-05-28,0.0,1.87,545.0,,2735,0,535.0,545.0,542.0
2014-05-27,0.0,-0.93,535.0,,1024,0,540.0,541.0,535.0
2014-05-26,0.0,1.5,540.0,,471,0,532.0,540.0,535.0
2014-05-25,0.0,0.38,532.0,,3122,0,530.0,541.0,530.0
2014-05-22,0.0,0.95,530.0,,764,0,525.0,530.0,525.0
2014-05-21,0.0,0.96,525.0,,1230,0,520.0,540.0,510.0
2014-05-20,0.0,-1.14,520.0,,421,0,526.0,525.0,518.0
2014-05-19,0.0,-5.23,526.0,,1889,0,555.0,544.0,515.0
2014-05-18,0.0,7.77,555.0,,3124,0,515.0,555.0,516.0
2014-05-15,0.0,0.0,515.0,,162,0,515.0,516.0,515.0
2014-05-13,0.0,-1.9,515.0,,56,0,525.0,515.0,515.0
2014-05-12,0.0,0.19,525.0,,1093,0,524.0,526.0,520.0
2014-05-11,0.0,-0.38,524.0,,1079,0,526.0,526.0,520.0
2014-05-08,0.0,-3.31,526.0,,2150,0,544.0,534.0,525.0
2014-05-07,0.0,0.55,544.0,,3307,0,541.0,550.0,540.0
2014-05-06,0.0,-1.99,541.0,,4379,0,552.0,584.0,541.0
2014-05-05,0.0,5.14,552.0,,2759,0,525.0,555.0,532.0
2014-05-04,0.0,0.96,525.0,,1411,0,520.0,526.0,517.0
2014-04-30,0.0,1.96,520.0,,2326,0,510.0,530.0,510.0
2014-04-29,0.0,0.99,510.0,,2463,0,505.0,510.0,505.0
2014-04-28,0.0,-4.72,505.0,,868,0,530.0,528.0,505.0
2014-04-27,0.0,-2.21,530.0,,222,0,542.0,545.0,530.0
2014-04-23,0.0,-0.55,542.0,,1081,0,545.0,545.0,535.0
2014-04-22,0.0,0.93,545.0,,200,0,540.0,545.0,541.0
2014-04-21,0.0,0.37,540.0,,2198,0,538.0,546.0,535.0
2014-04-20,0.0,-1.82,538.0,,2451,0,548.0,547.0,538.0
2014-04-17,0.0,0.0,548.0,,740,0,548.0,550.0,548.0
2014-04-16,0.0,-1.26,548.0,,1489,0,555.0,566.0,548.0
2014-04-15,0.0,-0.72,555.0,,247,0,559.0,555.0,548.0
2014-04-13,0.0,-0.18,559.0,,448,0,560.0,570.0,559.0
2014-04-10,0.0,6.67,560.0,,2819,0,525.0,560.0,530.0
2014-04-09,0.0,0.0,525.0,,433,0,525.0,525.0,520.0
2014-04-07,0.0,3.96,525.0,,564,0,505.0,525.0,505.0
2014-04-06,0.0,-0.98,505.0,,40,0,510.0,505.0,505.0
2014-04-03,0.0,0.0,510.0,,1045,0,510.0,510.0,500.0
2014-04-02,0.0,0.0,510.0,,1397,0,510.0,515.0,509.0
2014-04-01,0.0,2.2,510.0,,142,0,499.0,515.0,504.0
2014-03-31,0.0,1.22,499.0,,220,0,493.0,499.0,490.0
2014-03-27,0.0,-1.4,493.0,,1690,0,500.0,495.0,490.0
2014-03-26,0.0,3.73,500.0,,269,0,482.0,500.0,482.0
2014-03-25,0.0,-1.83,482.0,,576,0,491.0,490.0,482.0
2014-03-24,0.0,0.2,491.0,,123,0,490.0,491.0,482.0
2014-03-23,0.0,-1.01,490.0,,1367,0,495.0,499.0,481.0
2014-03-20,0.0,1.02,495.0,,817,0,490.0,499.0,490.0
2014-03-19,0.0,0.0,490.0,,1297,0,490.0,499.0,490.0
2014-03-18,0.0,-3.92,490.0,,1310,0,510.0,500.0,481.0
2014-03-17,0.0,-1.92,510.0,,661,0,520.0,510.0,510.0
2014-03-13,0.0,-2.8,520.0,,2083,0,535.0,525.0,520.0
2014-03-12,0.0,0.0,535.0,,200,0,535.0,535.0,535.0
2014-03-11,0.0,2.49,535.0,,535,0,522.0,535.0,520.0
2014-03-10,0.0,1.36,522.0,,415,0,515.0,522.0,515.0
2014-03-09,0.0,-1.9,515.0,,61,0,525.0,515.0,515.0
2014-03-06,0.0,-1.13,525.0,,1049,0,531.0,525.0,522.0
2014-03-03,0.0,-1.67,531.0,,24,0,540.0,531.0,531.0
2014-02-26,0.0,-1.82,540.0,,950,0,550.0,551.0,539.0
2014-02-25,0.0,0.0,550.0,,790,0,550.0,550.0,545.0
2014-02-24,0.0,-1.79,550.0,,755,0,560.0,560.0,550.0
2014-02-23,0.0,3.7,560.0,,191,0,540.0,561.0,550.0
2014-02-20,0.0,-1.82,540.0,,80,0,550.0,540.0,540.0
2014-02-18,0.0,0.0,550.0,,167,0,550.0,550.0,550.0
2014-02-17,0.0,1.85,550.0,,779,0,540.0,550.0,530.0
2014-02-16,0.0,-3.57,540.0,,774,0,560.0,549.0,540.0
2014-02-13,0.0,4.67,560.0,,2522,0,535.0,560.0,525.0
2014-02-12,0.0,-0.74,535.0,,2342,0,539.0,545.0,535.0
2014-02-11,0.0,-1.82,539.0,,61,0,549.0,539.0,539.0
2014-02-10,0.0,-0.9,549.0,,170,0,554.0,565.0,549.0
2014-02-09,0.0,0.73,554.0,,2347,0,550.0,561.0,548.0
2014-02-06,0.0,2.8,550.0,,1401,0,535.0,550.0,540.0
2014-02-05,0.0,1.9,535.0,,528,0,525.0,535.0,524.0
2014-02-04,0.0,1.94,525.0,,964,0,515.0,525.0,505.0
2014-02-03,0.0,3.0,515.0,,1234,0,500.0,515.0,490.0
2014-02-02,0.0,-1.96,500.0,,1806,0,510.0,530.0,500.0
2014-01-29,0.0,2.0,510.0,,381,0,500.0,510.0,510.0
2014-01-28,0.0,0.0,500.0,,613,0,500.0,500.0,490.0
2014-01-27,0.0,-5.66,500.0,,1329,0,530.0,520.0,500.0
2014-01-26,0.0,-3.64,530.0,,970,0,550.0,545.0,525.0
2014-01-23,0.0,0.0,550.0,,1404,0,550.0,561.0,545.0
2014-01-22,0.0,-3.51,550.0,,1001,0,570.0,560.0,542.0
2014-01-21,0.0,0.0,570.0,,282,0,570.0,580.0,570.0
2014-01-20,0.0,-1.55,570.0,,1831,0,579.0,590.0,559.0
2014-01-19,0.0,1.4,579.0,,748,0,571.0,579.0,572.0
2014-01-16,0.0,-2.56,571.0,,429,0,586.0,595.0,571.0
2014-01-14,0.0,3.35,586.0,,2494,0,567.0,590.0,560.0
2014-01-13,0.0,9.88,567.0,,2618,0,516.0,567.0,522.0
2014-01-12,0.0,5.31,516.0,,1149,0,490.0,516.0,490.0
2014-01-09,0.0,-2.78,490.0,,1596,0,504.0,500.0,486.0
2014-01-08,0.0,1.82,504.0,,2763,0,495.0,504.0,491.0
2014-01-07,0.0,3.12,495.0,,2121,0,480.0,506.0,489.0
2014-01-06,0.0,6.67,480.0,,3501,0,450.0,480.0,445.0
2014-01-05,0.0,0.67,450.0,,6467,0,447.0,465.0,442.0
2014-01-02,0.0,2.76,447.0,,1488,0,435.0,447.0,432.0
2014-01-01,0.0,-0.91,435.0,,2999,0,439.0,447.0,432.0
2013-12-31,0.0,0.23,439.0,,573,0,438.0,439.0,430.0
2013-12-29,0.0,3.06,438.0,,4112,0,425.0,438.0,415.0
2013-12-26,0.0,2.41,425.0,,3003,0,415.0,431.0,416.0
2013-12-24,0.0,-0.24,415.0,,839,0,416.0,415.0,413.0
2013-12-23,0.0,0.0,416.0,,1349,0,416.0,424.0,415.0
2013-12-22,0.0,-3.26,416.0,,2901,0,430.0,425.0,415.0
2013-12-19,0.0,-1.38,430.0,,1763,0,436.0,444.0,428.0
2013-12-16,0.0,3.81,436.0,,870,0,420.0,436.0,424.0
2013-12-12,0.0,1.2,420.0,,1495,0,415.0,428.0,420.0
2013-12-11,0.0,-3.94,415.0,,663,0,432.0,424.0,400.0
2013-12-10,0.0,-4.21,432.0,,60,0,451.0,442.0,432.0
2013-12-09,0.0,-1.96,451.0,,120,0,460.0,451.0,451.0
2013-12-08,0.0,-5.54,460.0,,1032,0,487.0,490.0,460.0
2013-12-05,0.0,3.84,487.0,,322,0,469.0,496.0,478.0
2013-12-03,0.0,3.99,469.0,,633,0,451.0,469.0,460.0
2013-12-02,0.0,10.0,451.0,,8906,0,410.0,451.0,410.0
2013-12-01,0.0,-3.3,410.0,,78,0,424.0,416.0,410.0
2013-11-28,0.0,9.84,424.0,,2312,0,386.0,424.0,393.0
2013-11-27,0.0,9.97,386.0,,680,0,351.0,386.0,358.0
2013-11-26,0.0,-12.03,351.0,,30,0,399.0,351.0,339.0
2013-11-14,0.0,1.01,399.0,,7319,0,395.0,401.0,395.0
2013-11-13,0.0,3.95,395.0,,2674,0,380.0,400.0,374.0
2013-11-12,0.0,3.54,380.0,,2059,0,367.0,380.0,370.0
2013-11-11,0.0,7.31,367.0,,1440,0,342.0,367.0,348.0
2013-11-10,0.0,0.59,342.0,,618,0,340.0,346.0,342.0
2013-10-31,0.0,0.29,340.0,,396,0,339.0,340.0,338.0
2013-10-30,0.0,-0.59,339.0,,807,0,341.0,347.0,339.0
2013-10-29,0.0,1.79,341.0,,3871,0,335.0,341.0,340.0
2013-10-28,0.0,5.68,335.0,,320,0,317.0,335.0,323.0
2013-10-27,0.0,4.97,317.0,,809,0,302.0,317.0,302.0
2013-10-24,0.0,1.0,302.0,,1854,0,299.0,302.0,300.0
2013-10-23,0.0,6.79,299.0,,657,0,280.0,300.0,285.0
2013-10-22,0.0,1.82,280.0,,67,0,275.0,280.0,280.0
2013-10-21,0.0,3.77,275.0,,661,0,265.0,275.0,270.0
2013-10-07,0.0,0.0,265.0,,24,0,265.0,265.0,265.0
2013-10-01,0.0,-1.85,265.0,,36,0,270.0,265.0,265.0
2013-09-30,0.0,-5.59,270.0,,730,0,286.0,281.0,266.0
2013-09-29,0.0,-2.72,286.0,,257,0,294.0,290.0,286.0
2013-09-22,0.0,-18.33,294.0,,100,0,360.0,294.0,294.0
2013-09-19,0.0,0.28,360.0,,6452,0,359.0,360.0,348.0
2013-09-17,0.0,1.13,359.0,,1225,0,355.0,360.0,347.0
2013-09-16,0.0,1.43,355.0,,3734,0,350.0,357.0,346.0
2013-09-15,0.0,0.0,350.0,,3018,0,350.0,352.0,345.0
2013-09-12,0.0,-1.69,350.0,,551,0,356.0,356.0,350.0
2013-09-11,0.0,-3.78,356.0,,4128,0,370.0,370.0,353.0
2013-09-10,0.0,3.35,370.0,,9411,0,358.0,379.0,365.0
2013-09-09,0.0,6.87,358.0,,2518,0,335.0,362.0,334.0
2013-09-08,0.0,-8.22,335.0,,642,0,365.0,358.0,332.0
2013-09-05,0.0,8.96,365.0,,2829,0,335.0,365.0,341.0
2013-09-04,0.0,-1.47,335.0,,281,0,340.0,336.0,335.0
2013-09-03,0.0,0.0,340.0,,1651,0,340.0,340.0,335.0
2013-09-02,0.0,1.49,340.0,,1344,0,335.0,340.0,335.0
2013-09-01,0.0,-1.47,335.0,,2099,0,340.0,335.0,329.0
2013-08-29,0.0,-1.73,340.0,,556,0,346.0,340.0,334.0
2013-08-27,0.0,-1.98,346.0,,1964,0,353.0,355.0,346.0
2013-08-26,0.0,-1.94,353.0,,220,0,360.0,360.0,353.0
2013-08-25,0.0,-0.55,360.0,,134,0,362.0,360.0,355.0
2013-08-20,0.0,3.43,362.0,,549,0,350.0,362.0,355.0
2013-08-19,0.0,5.11,350.0,,1761,0,333.0,350.0,336.0
2013-08-18,0.0,0.6,333.0,,2905,0,331.0,338.0,330.0
2013-08-15,0.0,-0.9,331.0,,815,0,334.0,331.0,325.0
2013-08-14,0.0,1.83,334.0,,1963,0,328.0,335.0,323.0
2013-08-13,0.0,5.81,328.0,,2044,0,310.0,328.0,316.0
2013-08-12,0.0,2.31,310.0,,1813,0,303.0,310.0,303.0
2013-08-11,0.0,1.0,303.0,,654,0,300.0,303.0,302.0
2013-08-08,0.0,0.0,300.0,,1568,0,300.0,300.0,300.0
2013-08-07,0.0,0.0,300.0,,1096,0,300.0,301.0,300.0
2013-08-05,0.0,0.33,300.0,,1190,0,299.0,304.0,299.0
2013-08-04,0.0,-0.66,299.0,,2420,0,301.0,306.0,299.0
2013-08-01,0.0,0.33,301.0,,1173,0,300.0,301.0,296.0
2013-07-31,0.0,2.74,300.0,,3401,0,292.0,300.0,297.0
2013-07-30,0.0,-0.68,292.0,,2972,0,294.0,294.0,290.0
2013-07-29,0.0,1.73,294.0,,4268,0,289.0,304.0,294.0
2013-07-28,0.0,4.71,289.0,,299,0,276.0,289.0,281.0
2013-07-25,0.0,-4.17,276.0,,685,0,288.0,285.0,276.0
2013-07-24,0.0,-4.32,288.0,,409,0,301.0,295.0,286.0
2013-07-22,0.0,-0.33,301.0,,2036,0,302.0,308.0,300.0
2013-07-21,0.0,3.78,302.0,,2903,0,291.0,305.0,296.0
2013-07-18,0.0,9.81,291.0,,1657,0,265.0,291.0,270.0
2013-07-17,0.0,0.38,265.0,,200,0,264.0,265.0,265.0
2013-07-11,0.0,-0.38,264.0,,356,0,265.0,264.0,262.0
2013-07-10,0.0,0.0,265.0,,228,0,265.0,270.0,265.0
2013-07-09,0.0,3.52,265.0,,470,0,256.0,265.0,260.0
2013-07-08,0.0,0.79,256.0,,304,0,254.0,258.0,256.0
2013-07-07,0.0,-3.05,254.0,,861,0,262.0,258.0,254.0
2013-07-04,0.0,-1.87,262.0,,763,0,267.0,265.0,262.0
2013-07-03,0.0,2.69,267.0,,569,0,260.0,267.0,262.0
2013-07-02,0.0,0.0,260.0,,430,0,260.0,260.0,257.0
2013-07-01,0.0,0.78,260.0,,150,0,258.0,260.0,260.0
2013-06-30,0.0,-3.73,258.0,,158,0,268.0,263.0,258.0
2013-06-27,0.0,1.13,268.0,,304,0,265.0,268.0,265.0
2013-06-26,0.0,0.0,265.0,,113,0,265.0,265.0,265.0
2013-06-25,0.0,1.92,265.0,,134,0,260.0,265.0,264.0
2013-06-24,0.0,0.0,260.0,,24,0,260.0,260.0,260.0
2013-06-23,0.0,-0.38,260.0,,790,0,261.0,260.0,256.0
2013-06-20,0.0,-1.88,261.0,,225,0,266.0,261.0,261.0
2013-06-19,0.0,-0.37,266.0,,340,0,267.0,266.0,265.0
2013-06-17,0.0,0.75,267.0,,110,0,265.0,267.0,267.0
2013-06-13,0.0,0.38,265.0,,564,0,264.0,283.0,265.0
2013-06-12,0.0,-0.38,264.0,,1053,0,265.0,269.0,264.0
2013-06-11,0.0,-0.75,265.0,,36,0,267.0,265.0,265.0
2013-06-10,0.0,0.75,267.0,,246,0,265.0,268.0,266.0
2013-06-09,0.0,-1.49,265.0,,36,0,269.0,265.0,265.0
2013-06-06,0.0,1.51,269.0,,1162,0,265.0,270.0,265.0
2013-06-05,0.0,1.53,265.0,,1182,0,261.0,268.0,260.0
2013-06-04,0.0,-1.51,261.0,,639,0,265.0,265.0,261.0
2013-06-03,0.0,-1.12,265.0,,135,0,268.0,265.0,265.0
2013-06-02,0.0,0.0,268.0,,628,0,268.0,268.0,265.0
2013-05-28,0.0,-2.19,268.0,,1198,0,274.0,275.0,267.0
2013-05-27,0.0,0.74,274.0,,567,0,272.0,274.0,272.0
2013-05-26,0.0,-2.51,272.0,,283,0,279.0,274.0,270.0
2013-05-23,0.0,0.36,279.0,,480,0,278.0,279.0,273.0
2013-05-19,0.0,0.0,278.0,,30,0,278.0,278.0,278.0
2013-05-15,0.0,-1.77,278.0,,150,0,283.0,278.0,278.0
2013-05-14,0.0,1.8,283.0,,90,0,278.0,283.0,283.0
2013-05-13,0.0,1.83,278.0,,350,0,273.0,278.0,274.0
2013-05-12,0.0,-1.8,273.0,,100,0,278.0,273.0,273.0
2013-05-08,0.0,0.0,278.0,,600,0,278.0,283.0,278.0
2013-05-07,0.0,1.83,278.0,,100,0,273.0,278.0,278.0
2013-05-06,0.0,-1.8,273.0,,400,0,278.0,273.0,273.0
2013-04-30,0.0,0.0,278.0,,410,0,278.0,278.0,273.0
2013-04-29,0.0,-0.36,278.0,,420,0,279.0,280.0,278.0
2013-04-28,0.0,-0.71,279.0,,300,0,281.0,280.0,278.0
2013-04-25,0.0,-1.75,281.0,,1100,0,286.0,281.0,281.0
2013-04-23,0.0,1.78,286.0,,300,0,281.0,286.0,286.0
2013-04-21,0.0,0.36,281.0,,800,0,280.0,283.0,281.0
2013-04-18,0.0,0.0,280.0,,590,0,280.0,280.0,280.0
2013-04-17,0.0,3.7,280.0,,1020,0,270.0,280.0,270.0
2013-04-15,0.0,1.12,270.0,,690,0,267.0,273.0,270.0
2013-04-11,0.0,-0.37,267.0,,120,0,268.0,267.0,267.0
2013-04-09,0.0,-1.11,268.0,,310,0,271.0,268.0,266.0
2013-04-08,0.0,0.37,271.0,,2160,0,270.0,275.0,270.0
2013-04-07,0.0,0.37,270.0,,300,0,269.0,270.0,270.0
2013-04-04,0.0,-1.82,269.0,,50,0,274.0,269.0,269.0
2013-04-02,0.0,0.0,274.0,,90,0,274.0,274.0,274.0
2013-04-01,0.0,-1.79,274.0,,40,0,279.0,274.0,274.0
2013-03-27,0.0,0.36,279.0,,1000,0,278.0,279.0,279.0
2013-03-25,0.0,-0.71,278.0,,1180,0,280.0,278.0,275.0
2013-03-24,0.0,0.0,280.0,,160,0,280.0,280.0,275.0
2013-03-20,0.0,0.0,280.0,,40,0,280.0,280.0,280.0
2013-03-19,0.0,0.0,280.0,,170,0,280.0,280.0,280.0
2013-03-18,0.0,-3.11,280.0,,1890,0,289.0,284.0,275.0
2013-03-17,0.0,-1.7,289.0,,480,0,294.0,289.0,289.0
2013-03-14,0.0,-2.65,294.0,,1980,0,302.0,308.0,294.0
2013-03-13,0.0,0.67,302.0,,1870,0,300.0,308.0,300.0
2013-03-11,0.0,1.35,300.0,,4360,0,296.0,305.0,295.0
2013-03-07,0.0,1.02,296.0,,5860,0,293.0,309.0,295.0
2013-03-06,0.0,1.74,293.0,,652,0,288.0,293.0,286.0
2013-03-05,0.0,-0.69,288.0,,130,0,290.0,288.0,288.0
2013-03-04,0.0,-0.68,290.0,,700,0,292.0,290.0,287.0
2013-03-03,0.0,0.69,292.0,,880,0,290.0,293.0,290.0
2013-02-28,0.0,0.69,290.0,,700,0,288.0,290.0,287.0
2013-02-27,0.0,2.86,288.0,,1000,0,280.0,288.0,277.0
2013-02-26,0.0,-1.75,280.0,,251,0,285.0,283.0,280.0
2013-02-25,0.0,5.56,285.0,,4970,0,270.0,285.0,275.0
2013-02-24,0.0,-3.57,270.0,,1620,0,280.0,280.0,270.0
2013-02-21,0.0,-1.06,280.0,,250,0,283.0,281.0,278.0
2013-02-20,0.0,-0.7,283.0,,120,0,285.0,283.0,283.0
2013-02-19,0.0,-5.0,285.0,,1200,0,300.0,300.0,285.0
2013-02-17,0.0,6.01,300.0,,550,0,283.0,300.0,285.0
2013-02-14,0.0,1.07,283.0,,940,0,280.0,290.0,283.0
2013-02-13,0.0,1.82,280.0,,54,0,275.0,280.0,280.0
2013-02-12,0.0,0.0,275.0,,180,0,275.0,275.0,275.0
2013-02-10,0.0,0.0,275.0,,450,0,275.0,275.0,275.0
2013-02-06,0.0,0.0,275.0,,90,0,275.0,275.0,275.0
2013-02-05,0.0,-1.43,275.0,,240,0,279.0,275.0,269.0
2013-02-04,0.0,-0.36,279.0,,1060,0,280.0,290.0,276.0
2013-02-03,0.0,3.32,280.0,,730,0,271.0,280.0,270.0
2013-01-31,0.0,0.37,271.0,,770,0,270.0,271.0,266.0
2013-01-30,0.0,0.0,270.0,,90,0,270.0,270.0,270.0
2013-01-28,0.0,0.37,270.0,,800,0,269.0,270.0,270.0
2013-01-27,0.0,-1.82,269.0,,3030,0,274.0,274.0,269.0
2013-01-24,0.0,0.74,274.0,,250,0,272.0,275.0,274.0
2013-01-23,0.0,0.37,272.0,,2170,0,271.0,275.0,270.0
2013-01-22,0.0,1.88,271.0,,40,0,266.0,271.0,271.0
2013-01-21,0.0,1.92,266.0,,380,0,261.0,266.0,266.0
2013-01-20,0.0,-3.33,261.0,,830,0,270.0,265.0,261.0
2013-01-17,0.0,3.05,270.0,,4040,0,262.0,277.0,265.0
2013-01-16,0.0,-1.87,262.0,,660,0,267.0,265.0,262.0
2013-01-15,0.0,-1.11,267.0,,650,0,270.0,270.0,265.0
2013-01-13,0.0,1.89,270.0,,490,0,265.0,275.0,265.0
2013-01-10,0.0,-1.85,265.0,,20,0,270.0,265.0,265.0
2013-01-08,0.0,0.75,270.0,,1020,0,268.0,272.0,270.0
2013-01-07,0.0,1.9,268.0,,10,0,263.0,268.0,268.0
2013-01-06,0.0,1.54,263.0,,50,0,259.0,263.0,263.0
2013-01-03,0.0,2.37,259.0,,1250,0,253.0,263.0,258.0
2013-01-02,0.0,-1.94,253.0,,1740,0,258.0,263.0,253.0
2013-01-01,0.0,-2.27,258.0,,600,0,264.0,269.0,258.0
2012-12-27,0.0,1.54,264.0,,340,0,260.0,265.0,264.0
2012-12-26,0.0,-1.14,260.0,,60,0,263.0,260.0,260.0
2012-12-24,0.0,-2.59,263.0,,1620,0,270.0,268.0,262.0
2012-12-23,0.0,0.0,270.0,,180,0,270.0,270.0,270.0
2012-12-20,0.0,2.27,270.0,,1120,0,264.0,270.0,268.0
2012-12-19,0.0,1.93,264.0,,670,0,259.0,264.0,260.0
2012-12-18,0.0,-5.47,259.0,,560,0,274.0,269.0,254.0
2012-12-17,0.0,1.11,274.0,,760,0,271.0,274.0,266.0
2012-12-16,0.0,3.83,271.0,,760,0,261.0,271.0,266.0
2012-12-13,0.0,-1.88,261.0,,340,0,266.0,262.0,260.0
2012-12-11,0.0,1.92,266.0,,1100,0,261.0,271.0,266.0
2012-12-10,0.0,-1.88,261.0,,500,0,266.0,261.0,261.0
2012-12-09,0.0,0.0,266.0,,510,0,266.0,266.0,265.0
2012-12-06,0.0,2.31,266.0,,680,0,260.0,266.0,260.0
2012-12-05,0.0,0.0,260.0,,610,0,260.0,265.0,260.0
2012-12-04,0.0,4.0,260.0,,140,0,250.0,260.0,255.0
2012-12-02,0.0,-1.96,250.0,,110,0,255.0,250.0,250.0
2012-11-29,0.0,2.0,255.0,,120,0,250.0,255.0,250.0
2012-11-28,0.0,-4.94,250.0,,3230,0,263.0,263.0,250.0
2012-11-27,0.0,-1.87,263.0,,120,0,268.0,263.0,258.0
2012-11-26,0.0,1.52,268.0,,2700,0,264.0,268.0,268.0
2012-11-25,0.0,-3.65,264.0,,30,0,274.0,269.0,264.0
2012-11-22,0.0,0.74,274.0,,950,0,272.0,275.0,267.0
2012-11-21,0.0,-1.09,272.0,,60,0,275.0,272.0,272.0
2012-11-20,0.0,-3.17,275.0,,720,0,284.0,288.0,275.0
2012-11-18,0.0,0.0,284.0,,50,0,284.0,284.0,284.0
2012-11-12,0.0,-2.07,284.0,,250,0,290.0,285.0,275.0
2012-11-11,0.0,-1.36,290.0,,100,0,294.0,290.0,290.0
2012-11-08,0.0,1.38,294.0,,660,0,290.0,298.0,294.0
2012-11-07,0.0,3.2,290.0,,1350,0,281.0,291.0,285.0
2012-11-06,0.0,0.0,281.0,,2220,0,281.0,301.0,281.0
2012-11-05,0.0,9.77,281.0,,1770,0,256.0,281.0,261.0
2012-11-04,0.0,8.94,256.0,,100,0,235.0,256.0,239.0
2012-11-01,0.0,9.3,235.0,,50,0,215.0,235.0,219.0
2012-10-30,0.0,0.94,215.0,,180,0,213.0,215.0,215.0
2012-10-18,0.0,0.0,213.0,,20,0,213.0,213.0,213.0
2012-10-15,0.0,-0.93,213.0,,40,0,215.0,213.0,213.0
2012-10-14,0.0,1.9,215.0,,440,0,211.0,215.0,213.0
2012-10-11,0.0,-1.86,211.0,,10,0,215.0,211.0,211.0
2012-10-09,0.0,-1.38,215.0,,10,0,218.0,215.0,215.0
2012-10-08,0.0,-8.4,218.0,,470,0,238.0,234.0,218.0
2012-10-07,0.0,-26.32,238.0,,140,0,323.0,259.0,238.0
2012-10-04,0.0,9.12,323.0,,6330,0,296.0,323.0,290.0
2012-10-03,0.0,-3.58,296.0,,6880,0,307.0,303.0,292.0
2012-10-02,0.0,-7.81,307.0,,11280,0,333.0,327.0,303.0
2012-10-01,0.0,4.72,333.0,,3980,0,318.0,333.0,309.0
2012-09-30,0.0,0.32,318.0,,1630,0,317.0,320.0,318.0
2012-09-27,0.0,-1.25,317.0,,3370,0,321.0,326.0,317.0
2012-09-26,0.0,-0.31,321.0,,6870,0,322.0,336.0,319.0
2012-09-25,0.0,-0.62,322.0,,1320,0,324.0,325.0,320.0
2012-09-24,0.0,-0.61,324.0,,540,0,326.0,324.0,322.0
2012-09-23,0.0,0.62,326.0,,2620,0,324.0,331.0,323.0
2012-09-20,0.0,-0.61,324.0,,1310,0,326.0,324.0,323.0
2012-09-19,0.0,-2.4,326.0,,950,0,334.0,334.0,326.0
2012-09-18,0.0,5.03,334.0,,500,0,318.0,334.0,320.0
2012-09-17,0.0,-1.85,318.0,,2310,0,324.0,320.0,315.0
2012-09-16,0.0,0.31,324.0,,3100,0,323.0,325.0,320.0
2012-09-13,0.0,-0.31,323.0,,470,0,324.0,326.0,320.0
2012-09-12,0.0,-0.61,324.0,,3750,0,326.0,326.0,320.0
2012-09-11,0.0,1.88,326.0,,800,0,320.0,326.0,321.0
2012-09-10,0.0,1.27,320.0,,1590,0,316.0,321.0,319.0
2012-09-09,0.0,-3.07,316.0,,1850,0,326.0,320.0,315.0
2012-09-06,0.0,1.88,326.0,,5960,0,320.0,331.0,320.0
2012-09-05,0.0,-3.03,320.0,,7230,0,330.0,330.0,315.0
2012-09-04,0.0,1.54,330.0,,10580,0,325.0,336.0,326.0
2012-09-03,0.0,0.93,325.0,,13090,0,322.0,343.0,316.0
2012-09-02,0.0,9.9,322.0,,7250,0,293.0,322.0,297.0
2012-08-30,0.0,-0.34,293.0,,730,0,294.0,295.0,292.0
2012-08-29,0.0,-0.34,294.0,,620,0,295.0,294.0,285.0
2012-08-28,0.0,1.03,295.0,,360,0,292.0,295.0,295.0
2012-08-27,0.0,0.0,292.0,,1140,0,292.0,295.0,291.0
2012-08-26,0.0,0.34,292.0,,170,0,291.0,292.0,282.0
2012-08-23,0.0,-1.69,291.0,,1040,0,296.0,291.0,287.0
2012-08-22,0.0,1.37,296.0,,90,0,292.0,302.0,296.0
2012-08-21,0.0,2.82,292.0,,2670,0,284.0,293.0,284.0
2012-08-19,0.0,2.16,284.0,,120,0,278.0,284.0,274.0
2012-08-16,0.0,-0.71,278.0,,1350,0,280.0,285.0,272.0
2012-08-15,0.0,-3.11,280.0,,410,0,289.0,286.0,280.0
2012-08-14,0.0,1.76,289.0,,530,0,284.0,289.0,279.0
2012-08-13,0.0,-0.35,284.0,,1480,0,285.0,285.0,276.0
2012-08-12,0.0,-3.39,285.0,,140,0,295.0,290.0,285.0
2012-08-08,0.0,0.34,295.0,,990,0,294.0,297.0,293.0
2012-08-07,0.0,-1.01,294.0,,550,0,297.0,296.0,294.0
2012-08-06,0.0,2.41,297.0,,3100,0,290.0,300.0,290.0
2012-08-05,0.0,0.0,290.0,,430,0,290.0,295.0,286.0
2012-08-01,0.0,0.69,290.0,,2180,0,288.0,292.0,287.0
2012-07-31,0.0,-0.35,288.0,,1930,0,289.0,292.0,288.0
2012-07-30,0.0,-0.34,289.0,,1450,0,290.0,294.0,286.0
2012-07-29,0.0,-3.01,290.0,,1600,0,299.0,299.0,285.0
2012-07-26,0.0,1.36,299.0,,3130,0,295.0,299.0,293.0
2012-07-25,0.0,1.72,295.0,,4180,0,290.0,300.0,294.0
2012-07-24,0.0,-1.69,290.0,,1650,0,295.0,291.0,276.0
2012-07-23,0.0,1.03,295.0,,3460,0,292.0,297.0,292.0
2012-07-22,0.0,1.04,292.0,,470,0,289.0,295.0,282.0
2012-07-19,0.0,6.64,289.0,,5870,0,271.0,298.0,276.0
2012-07-18,0.0,4.23,271.0,,1260,0,260.0,276.0,260.0
2012-07-17,0.0,4.84,260.0,,1340,0,248.0,262.0,250.0
2012-07-16,0.0,-9.16,248.0,,1190,0,273.0,268.0,248.0
2012-07-15,0.0,6.64,273.0,,1370,0,256.0,273.0,251.0
2012-07-12,0.0,0.0,256.0,,4100,0,256.0,261.0,255.0
2012-07-11,0.0,1.19,256.0,,1580,0,253.0,258.0,253.0
2012-07-10,0.0,2.02,253.0,,280,0,248.0,259.0,252.0
2012-07-09,0.0,2.9,248.0,,470,0,241.0,248.0,240.0
2012-07-08,0.0,0.0,241.0,,320,0,241.0,241.0,239.0
2012-07-05,0.0,0.84,241.0,,1640,0,239.0,242.0,239.0
2012-07-04,0.0,-0.83,239.0,,500,0,241.0,245.0,239.0
2012-07-03,0.0,0.84,241.0,,450,0,239.0,241.0,238.0
2012-07-02,0.0,-1.24,239.0,,610,0,242.0,240.0,239.0
2012-07-01,0.0,0.0,242.0,,380,0,242.0,245.0,241.0
2012-06-28,0.0,-3.59,242.0,,190,0,251.0,253.0,242.0
2012-06-25,0.0,8.19,251.0,,120,0,232.0,251.0,236.0
2012-06-21,0.0,0.0,232.0,,380,0,232.0,234.0,230.0
2012-06-20,0.0,0.0,232.0,,550,0,232.0,239.0,232.0
2012-06-19,0.0,-0.43,232.0,,1190,0,233.0,232.0,227.0
2012-06-17,0.0,3.1,233.0,,210,0,226.0,233.0,225.0
2012-06-14,0.0,-4.24,226.0,,780,0,236.0,233.0,226.0
2012-06-13,0.0,1.29,236.0,,1530,0,233.0,238.0,235.0
2012-06-12,0.0,-0.43,233.0,,190,0,234.0,233.0,222.0
2012-06-11,0.0,1.74,234.0,,390,0,230.0,234.0,234.0
2012-06-10,0.0,-7.26,230.0,,2410,0,248.0,260.0,225.0
2012-06-07,0.0,5.98,248.0,,850,0,234.0,248.0,233.0
2012-06-06,0.0,-2.09,234.0,,1520,0,239.0,245.0,229.0
2012-06-05,0.0,-5.53,239.0,,2300,0,253.0,248.0,238.0
2012-06-04,0.0,2.43,253.0,,680,0,247.0,253.0,245.0
2012-06-03,0.0,6.93,247.0,,430,0,231.0,247.0,235.0
2012-05-31,0.0,4.52,231.0,,2760,0,221.0,243.0,217.0
2012-05-30,0.0,-9.8,221.0,,2700,0,245.0,241.0,221.0
2012-05-29,0.0,-9.26,245.0,,50,0,270.0,265.0,245.0
2012-05-27,0.0,8.0,270.0,,760,0,250.0,270.0,255.0
2012-05-24,0.0,3.31,250.0,,2730,0,242.0,251.0,234.0
2012-05-23,0.0,-5.47,242.0,,40,0,256.0,251.0,242.0
2012-05-22,0.0,-1.16,256.0,,270,0,259.0,259.0,249.0
2012-05-21,0.0,-0.38,259.0,,2080,0,260.0,266.0,245.0
2012-05-20,0.0,-9.72,260.0,,1330,0,288.0,283.0,260.0
2012-05-17,0.0,7.46,288.0,,1340,0,268.0,288.0,273.0
2012-05-16,0.0,7.63,268.0,,880,0,249.0,268.0,253.0
2012-05-15,0.0,6.87,249.0,,450,0,233.0,249.0,237.0
2012-05-14,0.0,-3.32,233.0,,150,0,241.0,237.0,229.0
2012-05-13,0.0,-5.49,241.0,,430,0,255.0,256.0,240.0
2012-05-10,0.0,-6.25,255.0,,3370,0,272.0,267.0,248.0
2012-05-09,0.0,-2.51,272.0,,2450,0,279.0,277.0,267.0
2012-05-08,0.0,-2.11,279.0,,2330,0,285.0,284.0,279.0
2012-05-07,0.0,1.79,285.0,,30,0,280.0,285.0,285.0
2012-05-03,0.0,5.66,280.0,,1160,0,265.0,280.0,270.0
2012-05-02,0.0,-1.85,265.0,,20,0,270.0,265.0,265.0
2012-04-30,0.0,-3.23,270.0,,2230,0,279.0,274.0,252.0
2012-04-29,0.0,-4.12,279.0,,3240,0,291.0,307.0,279.0
2012-04-26,0.0,7.38,291.0,,1810,0,271.0,291.0,276.0
2012-04-25,0.0,7.97,271.0,,170,0,251.0,271.0,256.0
2012-04-24,0.0,9.61,251.0,,320,0,229.0,251.0,233.0
2012-04-22,0.0,9.57,229.0,,300,0,209.0,229.0,213.0
2012-04-19,0.0,-0.48,209.0,,2070,0,210.0,222.0,209.0
2012-04-18,0.0,7.14,210.0,,2130,0,196.0,214.0,193.0
2012-04-17,0.0,-2.0,196.0,,2780,0,200.0,212.0,196.0
2012-04-16,0.0,1.52,200.0,,1310,0,197.0,200.0,200.0
2012-04-15,0.0,3.14,197.0,,180,0,191.0,200.0,194.0
2012-04-12,0.0,-1.55,191.0,,2510,0,194.0,200.0,184.0
2012-04-11,0.0,8.38,194.0,,1160,0,179.0,194.0,182.0
2012-04-10,0.0,0.0,179.0,,1490,0,179.0,185.0,176.0
2012-04-09,0.0,2.29,179.0,,850,0,175.0,181.0,175.0
2012-04-08,0.0,3.55,175.0,,700,0,169.0,175.0,170.0
2012-04-05,0.0,-0.59,169.0,,80,0,170.0,169.0,168.0
2012-04-04,0.0,0.0,170.0,,1290,0,170.0,176.0,170.0
2012-04-03,0.0,-0.58,170.0,,1350,0,171.0,172.0,170.0
2012-04-02,0.0,1.79,171.0,,1430,0,168.0,171.0,169.0
2012-04-01,0.0,0.6,168.0,,290,0,167.0,168.0,165.0
2012-03-29,0.0,-1.76,167.0,,120,0,170.0,167.0,167.0
2012-03-28,0.0,0.59,170.0,,100,0,169.0,170.0,170.0
2012-03-27,0.0,0.6,169.0,,270,0,168.0,169.0,169.0
2012-03-26,0.0,1.2,168.0,,190,0,166.0,168.0,167.0
2012-03-25,0.0,-2.92,166.0,,860,0,171.0,168.0,162.0
2012-03-21,0.0,1.79,171.0,,1130,0,168.0,171.0,160.0
2012-03-20,0.0,-1.18,168.0,,280,0,170.0,169.0,167.0
2012-03-19,0.0,0.0,170.0,,60,0,170.0,173.0,170.0
2012-03-18,0.0,0.0,170.0,,370,0,170.0,171.0,168.0
2012-03-15,0.0,0.59,170.0,,1260,0,169.0,172.0,169.0
2012-03-14,0.0,-0.59,169.0,,1550,0,170.0,173.0,167.0
2012-03-13,0.0,3.66,170.0,,490,0,164.0,170.0,165.0
2012-03-12,0.0,-0.61,164.0,,30,0,165.0,164.0,162.0
2012-03-11,0.0,-3.51,165.0,,620,0,171.0,174.0,165.0
2012-03-06,0.0,4.91,171.0,,300,0,163.0,171.0,161.0
2012-03-05,0.0,0.62,163.0,,340,0,162.0,165.0,163.0
2012-03-01,0.0,-2.99,162.0,,230,0,167.0,165.0,162.0
2012-02-29,0.0,3.73,167.0,,40,0,161.0,167.0,164.0
2012-02-28,0.0,0.0,161.0,,60,0,161.0,161.0,160.0
2012-02-27,0.0,-0.62,161.0,,1150,0,162.0,161.0,160.0
2012-02-26,0.0,1.25,162.0,,100,0,160.0,162.0,159.0
2012-02-23,0.0,-2.44,160.0,,800,0,164.0,166.0,160.0
2012-02-21,0.0,2.5,164.0,,1940,0,160.0,164.0,159.0
2012-02-16,0.0,-1.23,160.0,,730,0,162.0,160.0,159.0
2012-02-15,0.0,1.89,162.0,,850,0,159.0,162.0,153.0
2012-02-14,0.0,-1.85,159.0,,250,0,162.0,160.0,159.0
2012-02-13,0.0,0.62,162.0,,290,0,161.0,169.0,160.0
2012-02-12,0.0,-0.62,161.0,,390,0,162.0,161.0,161.0
2012-02-09,0.0,0.0,162.0,,560,0,162.0,163.0,160.0
2012-02-08,0.0,0.62,162.0,,2320,0,161.0,165.0,162.0
2012-02-07,0.0,0.0,161.0,,510,0,161.0,163.0,161.0
2012-02-06,0.0,-2.42,161.0,,810,0,165.0,165.0,160.0
2012-02-05,0.0,0.0,165.0,,430,0,165.0,165.0,160.0
2012-02-02,0.0,0.61,165.0,,620,0,164.0,165.0,162.0
2012-02-01,0.0,1.23,164.0,,60,0,162.0,165.0,162.0
2012-01-31,0.0,-0.61,162.0,,1390,0,163.0,166.0,162.0
2012-01-29,0.0,3.82,163.0,,1610,0,157.0,165.0,160.0
2012-01-26,0.0,1.29,157.0,,300,0,155.0,160.0,155.0
2012-01-25,0.0,-1.27,155.0,,140,0,157.0,155.0,154.0
2012-01-23,0.0,-1.26,157.0,,580,0,159.0,157.0,154.0
2012-01-22,0.0,-0.62,159.0,,1000,0,160.0,160.0,159.0
2012-01-18,0.0,2.55,161.0,,1200,0,157.0,161.0,157.0
2012-01-17,0.0,-1.26,157.0,,1310,0,159.0,158.0,156.0
2012-01-16,0.0,-1.24,159.0,,1100,0,161.0,161.0,159.0
2012-01-12,0.0,-1.83,161.0,,1700,0,164.0,165.0,160.0
2012-01-11,0.0,2.5,164.0,,1000,0,160.0,164.0,157.0
2012-01-10,0.0,2.56,160.0,,700,0,156.0,160.0,156.0
2012-01-09,0.0,1.96,156.0,,970,0,153.0,158.0,153.0
2012-01-08,0.0,0.66,153.0,,990,0,152.0,153.0,149.0
2012-01-05,0.0,1.33,152.0,,940,0,150.0,152.0,151.0
2012-01-04,0.0,-0.66,150.0,,1590,0,151.0,150.0,148.0
2012-01-03,0.0,2.03,151.0,,950,0,148.0,154.0,145.0
2012-01-02,0.0,1.37,148.0,,450,0,146.0,150.0,142.0
2012-01-01,0.0,1.39,146.0,,1820,0,144.0,150.0,146.0
