DATE,CHANGE,CHANGE %,CLOSE,TURNOVER,VOLUME,TRADE,OPEN,HIGH,LOW
2026-05-08,0.0,0.0,523.0,,44672,504,525.0,528.0,520.1
2026-05-07,0.7,0.13,523.0,,32514,349,525.0,525.0,522.2
2026-05-06,0.7,0.13,522.3,,23570,329,525.0,527.0,522.0
2026-05-05,0.6,0.12,521.6,,38727,539,520.0,526.0,516.0
2026-05-04,-7.0,-1.33,521.0,,62346,818,528.0,535.0,516.0
2026-04-30,3.1,0.59,528.0,,47024,491,524.0,528.1,520.0
2026-04-29,-0.1,-0.02,524.9,,36190,491,527.0,527.0,522.0
2026-04-28,5.8,1.12,525.0,,66167,646,519.2,532.0,519.2
2026-04-27,1.2,0.23,519.2,,36199,506,518.0,522.0,517.5
2026-04-24,-2.0,-0.38,518.0,,38819,482,520.0,520.0,515.0
2026-04-23,-6.5,-1.23,520.0,,33344,457,530.0,530.0,518.0
2026-04-22,0.5,0.1,526.5,,66642,629,526.0,527.0,519.0
2026-04-21,-2.0,-0.38,526.0,,35671,457,550.0,550.0,525.0
2026-04-20,-2.0,-0.38,528.0,,39912,494,533.0,534.9,527.1
2026-04-17,-1.0,-0.19,530.0,,39114,426,541.6,541.6,528.0
2026-04-16,-0.9,-0.17,531.0,,59730,510,535.0,538.0,530.0
2026-04-15,1.9,0.36,531.9,,57069,572,530.5,534.0,530.0
2026-04-13,0.5,0.09,530.0,,51167,537,540.0,540.0,520.0
2026-04-10,1.5,0.28,529.5,,85950,598,532.0,538.0,526.2
2026-04-09,4.0,0.76,528.0,,38820,442,521.0,530.0,521.0
2026-04-08,4.0,0.77,524.0,,63582,472,520.0,525.0,520.0
2026-04-07,2.0,0.39,520.0,,48132,561,523.9,525.9,518.0
2026-04-06,12.7,2.51,518.0,,66226,744,506.0,522.0,505.0
2026-04-05,-12.2,-2.36,505.3,,103324,1093,510.0,518.0,499.8
2026-04-02,-5.5,-1.05,517.5,,83066,785,512.6,524.9,512.0
2026-04-01,-8.0,-1.51,523.0,,70913,628,531.0,531.0,520.0
2026-03-31,4.0,0.76,531.0,,86278,777,535.0,535.0,520.0
2026-03-30,-7.1,-1.33,527.0,,104673,797,533.0,539.0,525.1
2026-03-29,-8.9,-1.64,534.1,,174352,1060,550.0,550.0,534.0
2026-03-26,4.0,0.74,543.0,,58580,598,539.0,543.0,533.0
2026-03-25,-5.6,-1.03,539.0,,133329,830,544.0,548.0,538.0
2026-03-24,2.6,0.48,544.6,,99147,776,546.0,546.0,542.5
2026-03-23,-0.1,-0.02,542.0,,100511,926,542.1,546.0,536.7
2026-03-22,6.9,1.29,542.1,,178526,1249,545.0,545.9,537.0
2026-03-19,9.4,1.79,535.2,,151867,1007,528.0,536.0,527.0
2026-03-17,2.8,0.54,525.8,,47099,455,523.0,530.0,523.0
2026-03-16,-7.5,-1.41,523.0,,67561,684,530.0,532.0,523.0
2026-03-15,1.5,0.28,530.5,,92278,786,531.0,539.0,528.5
2026-03-12,2.0,0.38,529.0,,81850,706,522.1,531.7,522.0
2026-03-11,-7.8,-1.46,527.0,,78574,748,539.0,539.0,525.0
2026-03-10,-10.2,-1.87,534.8,,271844,2313,545.0,555.0,528.0
2026-03-09,41.0,8.13,545.0,25.69,4906,32,514.0,550.0,514.0
2026-03-03,5.0,1.0,504.0,,53465,480,508.9,508.9,497.0
2026-03-01,1.1,0.22,499.0,,58125,486,497.9,500.0,494.0
2026-02-26,1.9,0.38,497.9,,32698,315,498.0,499.0,496.5
2026-02-25,0.0,0.0,496.0,,30849,297,497.0,499.0,495.0
2026-02-24,0.6,0.12,496.0,,33305,304,496.0,497.9,495.0
2026-02-23,0.4,0.08,495.4,,57825,460,494.5,498.6,493.0
2026-02-22,-2.0,-0.4,495.0,,43286,470,497.8,497.8,490.0
2026-02-17,-0.9,-0.18,497.0,,90768,549,495.0,498.5,492.0
2026-02-16,2.9,0.59,497.9,,82231,498,498.7,498.8,493.0
2026-02-12,-1.0,-0.2,495.0,,83293,452,495.0,498.7,492.5
2026-02-11,-0.4,-0.08,496.0,,42061,362,500.0,500.0,495.0
2026-02-10,0.5,0.1,496.4,,63267,451,496.0,499.8,492.1
2026-02-09,-2.6,-0.52,495.9,,68038,469,499.0,499.0,494.0
2026-02-08,-0.8,-0.16,498.5,,75640,472,497.3,500.9,497.0
2026-02-05,3.2,0.65,499.3,,98644,535,499.9,501.0,496.5
2026-02-04,-1.9,-0.38,496.1,,49627,365,489.0,502.0,489.0
2026-02-03,-0.8,-0.16,498.0,,78804,494,500.0,500.0,496.0
2026-02-02,0.7,0.14,498.8,,61083,477,488.2,500.0,488.2
2026-02-01,1.1,0.22,498.1,,84076,632,500.0,506.0,497.0
2026-01-29,5.0,1.02,497.0,,132087,791,500.0,508.0,493.0
2026-01-28,-2.9,-0.59,492.0,,48841,486,492.1,495.0,490.1
2026-01-27,-2.1,-0.42,494.9,,72291,527,497.0,500.0,492.1
2026-01-26,-0.2,-0.04,497.0,,109372,745,501.0,504.0,496.0
2026-01-25,4.1,0.83,497.2,,104063,718,496.9,499.0,492.0
2026-01-22,-3.0,-0.6,493.1,,63230,531,498.0,498.0,492.3
2026-01-21,-0.4,-0.08,496.1,,44079,423,502.0,504.0,493.0
2026-01-20,5.7,1.16,496.5,,72522,620,490.8,500.0,490.8
2026-01-18,3.3,0.68,490.8,,71435,650,488.0,492.0,487.7
2026-01-14,-0.6,-0.12,487.5,,44542,524,490.0,490.0,487.0
2026-01-13,1.1,0.23,488.1,,60812,574,496.0,496.0,485.0
2026-01-12,-2.0,-0.41,487.0,,40413,514,490.0,495.0,487.0
2026-01-08,0.0,0.0,489.0,,35678,409,492.0,492.0,486.5
2026-01-07,-0.5,-0.1,489.0,,38590,373,493.0,493.9,489.0
2026-01-06,0.0,0.0,489.5,,47593,514,490.0,492.0,489.0
2026-01-05,-0.8,-0.16,489.5,,57630,557,492.0,492.0,488.1
2026-01-04,-1.7,-0.35,490.3,,44294,461,491.5,495.0,488.1
2026-01-01,-4.7,-0.95,492.0,,35796,439,495.0,496.0,490.0
2025-12-31,-9.8,-1.93,496.7,,65111,621,500.0,502.0,494.7
2025-12-29,3.1,0.62,506.5,,78664,554,508.0,508.9,500.0
2025-12-28,4.8,0.96,503.4,,61455,511,499.0,504.0,496.0
2025-12-24,1.4,0.28,498.6,,40096,330,498.5,500.0,496.1
2025-12-23,0.1,0.02,497.2,,33607,350,499.0,502.0,496.5
2025-12-22,0.1,0.02,497.1,,36711,331,500.0,500.0,492.0
2025-12-21,-2.0,-0.4,497.0,,24230,322,500.0,504.4,493.0
2025-12-18,-0.9,-0.18,499.0,,39506,301,500.0,504.0,495.1
2025-12-17,0.9,0.18,499.9,,44903,326,503.0,505.0,497.0
2025-12-16,5.0,1.01,499.0,,30522,301,494.0,500.0,494.0
2025-12-15,2.0,0.41,494.0,,36245,328,492.0,495.0,489.0
2025-12-14,-3.0,-0.61,492.0,,78979,598,500.0,500.0,490.0
2025-12-11,0.3,0.06,495.0,,37306,373,492.2,497.5,492.0
2025-12-10,-1.3,-0.26,494.7,,29665,357,500.0,500.0,493.0
2025-12-09,1.0,0.2,496.0,,55413,528,500.0,500.0,491.1
2025-12-08,-8.0,-1.59,495.0,,81912,836,503.0,503.0,495.0
2025-12-07,-7.2,-1.41,503.0,,88964,780,502.0,510.0,502.0
2025-12-03,-2.3,-0.45,510.2,,25319,275,515.0,515.0,510.0
2025-12-02,0.5,0.1,512.5,,39306,280,512.0,516.8,510.0
2025-12-01,-1.2,-0.23,512.0,,21944,276,519.4,519.4,510.5
2025-11-30,-1.7,-0.33,513.2,,40956,399,518.0,522.0,513.0
2025-11-27,3.9,0.76,514.9,,50106,381,511.0,517.0,509.0
2025-11-26,0.5,0.1,511.0,,35156,299,510.0,513.0,507.0
2025-11-25,-2.5,-0.49,510.5,,29221,297,518.0,518.0,508.5
2025-11-24,3.5,0.69,513.0,,22139,229,508.0,513.9,507.0
2025-11-23,3.5,0.69,509.5,,48408,357,505.0,510.5,505.0
2025-11-20,-1.0,-0.2,506.0,,27947,258,508.0,508.0,503.0
2025-11-19,-0.1,-0.02,507.0,91.78,18121,247,511.0,511.0,505.0
2025-11-18,-0.9,-0.18,507.1,,24383,274,508.0,510.0,505.6
2025-11-17,4.5,0.89,508.0,,24130,251,504.0,509.9,504.0
2025-11-16,0.5,0.1,503.5,,31462,265,503.0,506.9,501.0
2025-11-13,-1.0,-0.2,503.0,,32775,334,505.1,505.1,502.0
2025-11-12,-3.9,-0.77,504.0,,29577,350,508.0,508.9,504.0
2025-11-11,-1.1,-0.22,507.9,,21898,258,510.0,510.0,505.3
2025-11-10,0.5,0.1,509.0,,49391,293,509.0,510.0,506.0
2025-11-09,1.2,0.24,508.5,,39600,355,510.0,514.9,507.0
2025-11-06,-5.8,-1.13,507.3,,46224,406,515.0,517.0,506.7
2025-11-05,2.0,0.39,513.1,,27044,230,513.0,516.9,508.0
2025-11-04,-2.0,-0.39,511.1,,27560,229,515.0,517.9,511.1
2025-11-03,2.0,0.39,513.1,,32079,319,515.0,517.0,510.1
2025-11-02,5.1,1.01,511.1,,33330,357,516.1,516.1,508.0
2025-10-30,-1.0,-0.2,506.0,,37178,337,503.1,512.0,503.1
2025-10-29,-2.0,-0.39,507.0,,51578,366,509.0,516.3,507.0
2025-10-28,3.7,0.73,509.0,,49884,400,505.3,510.0,505.0
2025-10-26,-2.6,-0.51,505.3,,32708,386,508.0,508.0,503.0
2025-10-19,-1.1,-0.22,507.9,,38379,356,512.0,512.0,506.0
2025-10-16,0.3,0.06,509.0,,37341,354,517.9,517.9,506.0
2025-10-15,-1.3,-0.25,508.7,,38107,377,518.0,518.0,507.0
2025-10-14,0.0,0.0,510.0,,31168,306,518.5,518.5,510.0
2025-10-13,-0.5,-0.1,510.0,,53374,528,519.9,520.0,506.0
2025-10-12,-9.4,-1.81,510.5,,65413,632,530.2,530.2,505.0
2025-10-09,5.9,1.15,519.9,,43284,414,523.9,544.0,514.0
2025-10-08,-7.0,-1.34,514.0,,78401,670,523.0,523.0,505.0
2025-10-07,-6.0,-1.14,521.0,,48977,408,530.0,530.0,512.6
2025-09-28,5.4,1.04,527.0,,30997,305,524.0,528.0,521.0
2025-09-25,-0.4,-0.08,521.6,,28626,236,523.0,524.9,516.0
2025-09-24,-1.5,-0.29,522.0,,59254,439,525.0,528.0,515.0
2025-09-23,13.32,2.61,523.5,,55373,581,516.9,525.0,513.0
2025-09-21,27.18,5.63,510.18,,122490,1251,474.0,514.0,474.0
2025-09-18,-30.15,-5.88,483.0,80.52,16660,120,502.9,502.9,471.0
2025-09-08,-1.72,-0.33,513.15,,42962,422,515.0,515.0,510.0
2025-09-07,-2.71,-0.52,514.87,,25831,350,507.3,517.8,507.3
2025-09-04,-2.3,-0.44,517.58,,40199,430,528.0,528.0,515.0
2025-09-03,-3.87,-0.74,519.88,,34096,354,520.0,529.0,519.0
2025-09-02,-3.91,-0.74,523.75,,34983,371,538.2,538.2,523.3
2025-09-01,6.82,1.31,527.66,,42334,354,531.2,531.2,518.0
2025-08-31,-8.02,-1.52,520.84,,66938,483,535.0,536.9,520.0
2025-08-28,-5.01,-0.94,528.86,,83641,489,532.0,538.9,527.0
2025-08-27,4.52,0.85,533.87,,64476,543,539.9,539.9,526.5
2025-08-26,6.77,1.3,529.35,,67932,509,514.5,533.0,514.5
2025-08-25,9.02,1.76,522.58,,81167,622,512.0,525.0,509.0
2025-08-24,-4.58,-0.88,513.56,,72676,577,520.0,520.0,513.0
2025-08-21,-0.67,-0.13,518.14,,38427,406,524.9,524.9,517.3
2025-08-20,0.0,0.0,518.81,,43704,382,518.0,521.0,517.0
2025-08-19,-0.14,-0.03,518.81,,44459,470,525.0,525.0,518.0
2025-08-18,-2.26,-0.43,518.95,,48703,475,520.0,524.0,517.0
2025-08-17,-2.61,-0.5,521.21,,63880,514,525.0,528.0,519.0
2025-08-14,0.19,0.04,523.82,,47263,479,524.1,526.5,523.1
2025-08-13,-1.23,-0.23,523.63,,50014,527,523.0,524.9,522.0
2025-08-12,-1.44,-0.27,524.86,,79172,719,530.0,534.5,524.2
2025-08-11,-1.06,-0.2,526.3,,69423,634,533.0,534.0,525.0
2025-08-07,1.43,0.27,527.36,,63502,465,534.9,534.9,525.6
2025-08-06,-1.8,-0.34,525.93,,48952,485,530.0,530.0,523.0
2025-08-05,-0.24,-0.05,527.73,,91553,671,517.5,540.0,517.5
2025-08-04,3.57,0.68,527.97,,103313,811,524.4,532.0,519.0
2025-08-03,-12.08,-2.25,524.4,,166184,1331,536.0,538.0,522.5
2025-07-31,-8.7,-1.6,536.48,,110940,912,540.1,548.2,535.0
2025-07-30,-3.37,-0.61,545.18,,115662,819,550.7,555.0,545.0
2025-07-29,8.12,1.5,548.55,,142244,988,547.0,552.0,545.0
2025-07-28,-7.41,-1.35,540.43,,183214,1362,545.5,547.0,536.0
2025-07-27,-0.24,-0.04,547.84,,147629,1148,550.0,554.0,545.1
2025-07-24,-3.33,-0.6,548.08,,95913,799,552.0,556.0,547.1
2025-07-23,-3.22,-0.58,551.41,,132486,993,543.6,562.0,543.6
2025-07-22,9.42,1.73,554.63,,172337,1150,545.2,555.5,545.2
2025-07-21,-4.56,-0.83,545.21,,126936,958,550.0,554.0,540.0
2025-07-20,1.11,0.2,549.77,,233008,1594,550.0,560.0,548.0
2025-07-17,7.29,1.35,548.66,,192877,1333,545.0,554.0,542.2
2025-07-16,11.57,2.18,541.37,,260180,1160,530.0,543.6,530.0
2025-07-15,7.58,1.45,529.8,,136308,821,524.0,530.0,515.0
2025-07-14,-13.55,-2.53,522.22,,165976,1154,538.0,538.0,521.1
2025-07-13,24.6,4.81,535.77,,270279,2053,521.3,537.5,521.3
2025-07-10,12.16,2.44,511.17,,264663,1379,503.0,522.0,500.0
2025-07-09,3.55,0.72,499.01,,42721,361,500.0,500.0,495.2
2025-07-08,-1.61,-0.32,495.46,,33006,333,500.0,500.0,493.0
2025-07-07,-3.82,-0.76,497.07,,36175,362,500.0,503.0,496.3
2025-07-06,2.67,0.54,500.89,,64130,598,506.0,506.8,499.1
2025-07-03,3.26,0.66,498.22,,91180,642,491.1,500.0,490.0
2025-07-02,3.17,0.64,494.96,,55089,446,494.5,495.8,491.0
2025-07-01,-0.02,0.0,491.79,,35495,344,496.4,496.4,491.0
2025-06-30,1.99,0.41,491.81,,37425,383,490.1,493.1,490.1
2025-06-29,3.87,0.8,489.82,,40790,424,482.0,490.0,482.0
2025-06-26,-0.29,-0.06,485.95,,33097,398,486.0,488.5,485.1
2025-06-25,-1.06,-0.22,486.24,,24807,289,488.0,488.9,481.0
2025-06-24,-0.05,-0.01,487.3,,54280,417,489.0,493.0,483.2
2025-06-23,-1.64,-0.34,487.35,,30576,358,489.9,489.9,485.0
2025-06-22,-0.05,-0.01,488.99,,47834,401,493.0,493.0,485.0
2025-06-19,-0.93,-0.19,489.04,,78016,473,494.8,494.8,487.0
2025-06-18,0.98,0.2,489.97,,44689,378,490.0,492.0,488.0
2025-06-17,-1.6,-0.33,488.99,,36559,424,490.0,492.0,487.1
2025-06-16,-0.14,-0.03,490.59,,48455,477,497.0,497.0,489.0
2025-06-15,1.29,0.26,490.73,,43276,437,495.0,495.0,490.0
2025-06-12,-0.9,-0.18,489.44,,53316,445,493.0,493.0,488.3
2025-06-11,-1.43,-0.29,490.34,,39951,353,495.0,495.0,490.0
2025-06-10,0.84,0.17,491.77,,38403,402,494.9,494.9,490.0
2025-06-09,1.28,0.26,490.93,,29647,309,489.9,494.9,489.0
2025-06-08,-2.72,-0.55,489.65,,50694,454,490.0,495.0,489.0
2025-06-05,1.26,0.26,492.37,,47113,378,498.0,498.0,489.0
2025-06-04,-6.34,-1.27,491.11,,48051,443,499.0,499.0,490.0
2025-06-03,-3.33,-0.66,497.45,,54808,492,505.9,505.9,495.0
2025-06-02,0.36,0.07,500.78,,73634,664,510.4,510.4,500.1
2025-05-28,3.94,0.79,500.42,,66059,440,501.9,501.9,494.0
2025-05-27,-1.59,-0.32,496.48,,33750,325,498.0,498.1,493.6
2025-05-26,1.32,0.27,498.07,,87620,623,506.6,516.0,496.1
2025-05-25,-2.8,-0.56,496.75,,108411,637,509.5,510.0,495.0
2025-05-22,5.34,1.08,499.55,,71455,635,499.5,503.0,494.6
2025-05-21,6.05,1.24,494.21,,91325,869,497.9,527.0,492.5
2025-05-20,5.58,1.16,488.16,,43243,427,482.6,489.0,481.0
2025-05-19,2.09,0.43,482.58,,42039,419,488.0,488.0,479.9
2025-05-18,-1.62,-0.34,480.49,,37266,531,483.0,485.0,479.0
2025-05-15,-1.74,-0.36,482.11,,47247,468,485.0,486.0,481.5
2025-05-14,-3.56,-0.73,483.85,,25028,354,490.0,490.0,482.0
2025-05-13,1.76,0.36,487.41,,65061,576,488.0,493.6,481.0
2025-05-11,3.01,0.62,485.65,,44892,437,490.0,490.0,484.5
2025-05-08,-0.67,-0.14,482.64,,54724,476,490.0,490.0,480.5
2025-05-07,6.37,1.34,483.31,,66388,489,477.0,485.0,474.1
2025-05-06,-1.31,-0.27,476.94,,39968,458,478.0,484.0,475.1
2025-05-05,-0.07,-0.01,478.25,,39597,414,478.0,481.0,477.0
2025-05-04,0.14,0.03,478.32,,44594,535,480.0,487.4,477.0
2025-04-30,-3.27,-0.68,478.18,,49915,571,480.0,487.0,478.0
2025-04-29,0.15,0.03,481.45,,29998,320,480.0,488.0,480.0
2025-04-28,-3.71,-0.76,481.3,,45746,523,485.3,487.9,480.6
2025-04-27,-0.86,-0.18,485.01,,50578,439,490.0,490.0,483.2
2025-04-24,-0.9,-0.18,485.87,,30597,359,483.0,489.9,483.0
2025-04-23,-0.99,-0.2,486.77,,65014,492,487.0,488.0,482.0
2025-04-22,-3.11,-0.63,487.76,,31332,352,490.0,494.0,485.0
2025-04-21,-1.22,-0.25,490.87,,49104,384,494.9,495.0,490.0
2025-04-20,-2.29,-0.46,492.09,,79228,605,500.0,501.2,490.0
2025-04-17,5.07,1.04,494.38,,54656,503,490.8,495.6,489.0
2025-04-16,1.35,0.28,489.31,,43376,423,497.0,497.0,488.0
2025-04-15,0.99,0.2,487.96,,62586,503,496.0,496.0,486.0
2025-04-13,1.0,0.21,486.97,,44237,403,495.6,495.6,484.1
2025-04-10,-0.3,-0.06,485.97,,30292,337,491.0,492.4,484.0
2025-04-09,1.62,0.33,486.27,,26187,294,494.0,494.0,483.2
2025-04-08,-2.32,-0.48,484.65,,38820,399,485.0,486.0,478.0
2025-04-07,-1.76,-0.36,486.97,,46130,432,490.0,497.0,482.0
2025-04-03,3.47,0.72,488.73,,42041,393,491.0,494.0,486.1
2025-04-02,0.7,0.14,485.26,,36189,393,494.2,494.2,484.0
2025-04-01,-1.4,-0.29,484.56,,37377,418,490.0,493.0,483.0
2025-03-30,0.87,0.18,485.96,,52866,541,485.0,492.0,484.0
2025-03-27,3.78,0.79,485.09,,38210,422,490.9,490.9,480.0
2025-03-26,1.18,0.25,481.31,,49757,456,485.0,485.0,477.0
2025-03-25,-3.9,-0.81,480.13,,78144,659,485.0,485.0,478.0
2025-03-24,1.41,0.29,484.03,,54964,583,484.5,486.0,476.5
2025-03-23,-4.69,-0.96,482.62,,48632,639,488.0,488.0,482.0
2025-03-20,-1.59,-0.33,487.31,,36716,407,489.0,490.0,487.0
2025-03-19,-2.5,-0.51,488.9,,49272,398,495.0,496.0,487.0
2025-03-18,1.4,0.29,491.4,,28929,364,499.8,499.8,488.0
2025-03-17,-1.1,-0.22,490.0,,41530,421,491.1,498.0,486.0
2025-03-16,0.1,0.02,491.1,,71238,656,494.9,494.9,485.0
2025-03-12,0.0,0.0,491.0,,39132,420,494.0,494.0,489.0
2025-03-11,0.0,0.0,491.0,,45903,461,492.0,495.0,486.1
2025-03-10,-4.0,-0.81,491.0,,44625,550,496.0,500.0,490.0
2025-03-09,-3.1,-0.62,495.0,,53038,559,498.0,502.0,493.0
2025-03-06,-0.9,-0.18,498.1,,76130,453,502.0,502.0,498.1
2025-03-05,-8.0,-1.58,499.0,,66686,602,509.5,509.5,498.5
2025-03-04,-8.0,-1.55,507.0,,116499,711,520.0,520.0,504.0
2025-03-03,-4.0,-0.77,515.0,,110922,984,523.0,529.2,515.0
2025-03-02,17.2,3.43,519.0,,114489,1032,511.8,519.0,506.0
2025-02-27,12.8,2.62,501.8,,123140,1015,498.7,518.0,498.0
2025-02-25,0.0,0.0,489.0,,36470,406,490.0,490.0,488.0
2025-02-24,-0.9,-0.18,489.0,,63464,553,490.0,495.0,488.5
2025-02-23,-5.0,-1.01,489.9,,84304,664,485.1,495.0,485.1
2025-02-20,-1.1,-0.22,494.9,,44322,401,486.1,503.8,486.1
2025-02-18,2.0,0.4,496.0,,60431,547,500.0,500.0,494.0
2025-02-17,7.0,1.44,494.0,,70310,616,487.0,495.9,485.3
2025-02-16,1.5,0.31,487.0,,53350,598,486.8,488.3,482.9
2025-02-13,0.5,0.1,485.5,,40707,395,488.0,490.0,482.1
2025-02-12,-2.0,-0.41,485.0,,51961,565,487.0,487.0,482.1
2025-02-11,-3.0,-0.61,487.0,,29647,359,492.0,492.0,486.0
2025-02-10,3.7,0.76,490.0,,51838,466,486.5,490.0,484.0
2025-02-09,-0.4,-0.08,486.3,,49012,525,495.0,495.0,485.0
2025-02-06,-3.3,-0.67,486.7,,50451,507,494.0,495.0,486.0
2025-02-05,-3.0,-0.61,490.0,,70028,531,491.1,493.0,489.5
2025-02-04,-2.9,-0.58,493.0,,53987,494,500.0,500.0,490.0
2025-02-03,4.5,0.92,495.9,,109341,808,492.0,503.0,491.4
2025-02-02,15.4,3.24,491.4,,105241,907,479.0,493.4,476.1
2025-01-28,-3.5,-0.73,476.0,,108959,851,478.0,481.0,475.0
2025-01-27,-2.7,-0.56,479.5,,62150,569,481.0,483.0,477.2
2025-01-26,-5.8,-1.19,482.2,,54531,667,492.0,492.0,482.1
2025-01-23,2.0,0.41,488.0,,51932,549,490.0,492.0,485.3
2025-01-22,2.6,0.54,486.0,,62780,585,483.0,488.8,483.0
2025-01-21,-1.1,-0.23,483.4,,50098,539,484.0,489.0,480.3
2025-01-20,-3.7,-0.76,484.5,,82199,751,490.0,495.0,482.2
2025-01-19,-0.9,-0.18,488.2,,52392,491,489.0,497.0,485.0
2025-01-16,-0.4,-0.08,489.1,,51859,497,490.0,495.0,487.0
2025-01-15,0.0,0.0,489.5,,52957,569,492.1,494.0,489.0
2025-01-13,-1.1,-0.22,489.5,,86269,712,491.0,496.0,489.5
2025-01-12,-4.9,-0.99,490.6,,46984,457,505.4,505.4,490.0
2025-01-09,-3.4,-0.68,495.5,,138476,691,499.0,500.0,494.0
2025-01-08,-1.1,-0.22,498.9,,74206,601,510.0,510.0,497.0
2025-01-07,1.0,0.2,500.0,,64195,559,499.0,504.0,498.0
2025-01-06,0.0,0.0,499.0,,102420,738,501.5,501.5,498.0
2025-01-05,-0.3,-0.06,499.0,,67379,636,502.0,504.0,498.0
2025-01-02,-2.1,-0.42,499.3,,43634,461,502.0,502.0,499.0
2025-01-01,-0.6,-0.12,501.4,,29808,355,502.0,502.9,500.0
2024-12-31,-0.7,-0.14,502.0,,53222,541,512.7,512.7,498.0
2024-12-29,0.7,0.14,502.7,,64296,617,504.1,508.9,499.0
2024-12-26,1.0,0.2,502.0,,127622,897,511.0,511.0,498.0
2024-12-24,0.0,0.0,501.0,,66517,650,503.0,506.0,499.1
2024-12-23,-1.9,-0.38,501.0,,86473,796,502.9,502.9,498.0
2024-12-22,-5.1,-1.0,502.9,,67080,661,497.9,511.0,497.9
2024-12-19,-3.8,-0.74,508.0,,73723,597,512.0,514.0,508.0
2024-12-18,-0.2,-0.04,511.8,,57475,450,501.8,520.4,501.8
2024-12-17,-0.9,-0.18,512.0,,53169,501,513.0,518.0,509.1
2024-12-16,-7.1,-1.37,512.9,,47147,582,520.0,524.0,509.7
2024-12-12,-8.0,-1.52,520.0,,56954,635,535.0,538.5,518.3
2024-12-11,19.9,3.92,528.0,,70328,686,508.0,529.8,506.1
2024-12-10,-1.9,-0.37,508.1,,51966,558,510.0,514.0,505.0
2024-12-09,-4.5,-0.87,510.0,,54624,669,505.0,516.9,505.0
2024-12-08,-10.5,-2.0,514.5,,76545,839,526.0,526.0,513.5
2024-12-05,-5.0,-0.94,525.0,,61452,716,540.6,540.6,523.0
2024-12-04,-2.0,-0.38,530.0,,69630,646,542.6,542.6,530.0
2024-12-03,-2.0,-0.37,532.0,,62719,587,544.6,544.6,530.2
2024-12-02,-2.0,-0.37,534.0,,80685,776,546.7,546.7,533.0
2024-12-01,-4.0,-0.74,536.0,,79422,695,537.3,540.0,534.1
2024-11-28,-8.0,-1.46,540.0,,98283,774,545.0,551.0,539.0
2024-11-27,3.0,0.55,548.0,,59923,630,545.0,549.5,544.0
2024-11-26,-2.6,-0.47,545.0,,96250,764,547.6,556.0,540.0
2024-11-25,-10.4,-1.86,547.6,,78417,806,569.1,569.1,542.7
2024-11-24,4.3,0.78,558.0,,109617,818,564.0,564.7,555.0
2024-11-21,-3.3,-0.59,553.7,,56753,576,565.0,565.0,552.2
2024-11-20,-2.8,-0.5,557.0,,61578,630,560.0,562.0,552.0
2024-11-19,-2.3,-0.41,559.8,,84892,849,560.0,568.0,557.0
2024-11-17,0.1,0.02,562.1,,62749,678,562.0,570.0,562.0
2024-11-14,1.0,0.18,562.0,,59666,636,566.0,566.0,557.0
2024-11-13,-5.2,-0.92,561.0,,48085,500,566.2,570.0,560.2
2024-11-12,-2.8,-0.49,566.2,,58126,539,570.6,572.0,566.0
2024-11-11,-1.0,-0.18,569.0,,87145,762,573.0,579.0,568.0
2024-11-10,5.4,0.96,570.0,,108867,654,565.0,573.0,565.0
2024-11-06,-2.4,-0.42,564.6,,54129,558,565.0,567.0,562.8
2024-11-05,-9.0,-1.56,567.0,,98344,849,570.1,576.0,565.0
2024-10-30,-15.8,-2.67,576.0,,215581,1692,580.0,583.0,569.0
2024-10-29,6.8,1.16,591.8,,38978,358,595.0,595.0,586.1
2024-10-28,-2.0,-0.34,585.0,,51581,459,585.0,594.9,583.5
2024-10-27,-4.5,-0.76,587.0,,33289,426,588.09,599.0,585.1
2024-10-24,-2.5,-0.42,591.5,,41245,526,590.1,600.0,590.0
2024-10-23,3.0,0.51,594.0,,63996,626,591.0,607.2,591.0
2024-10-22,5.5,0.94,591.0,,77275,575,581.5,592.0,577.0
2024-10-21,-11.5,-1.93,585.5,,112249,798,595.0,597.0,584.0
2024-10-20,-10.1,-1.66,597.0,,100302,752,600.0,606.0,593.0
2024-10-17,-0.9,-0.15,607.1,,70872,531,615.0,619.0,602.0
2024-10-16,8.0,1.33,608.0,,94498,609,608.0,608.0,601.0
2024-10-15,7.0,1.18,600.0,,69441,369,593.0,601.0,593.0
2024-10-09,2.0,0.34,593.0,,38505,328,595.0,595.0,580.0
2024-10-08,-0.5,-0.08,591.0,,65705,498,592.0,600.0,580.0
2024-10-07,17.5,3.05,591.5,,69067,633,584.0,593.2,580.0
2024-10-06,9.0,1.59,574.0,,84468,641,565.0,574.0,556.0
2024-10-02,-3.0,-0.53,565.0,,56823,612,571.0,579.3,565.0
2024-10-01,18.0,3.27,568.0,,74522,765,550.0,571.0,550.0
2024-09-30,8.5,1.57,550.0,,49497,414,540.0,550.5,540.0
2024-09-29,-8.5,-1.55,541.5,,46227,553,550.0,550.0,540.0
2024-09-26,-5.0,-0.9,550.0,,50686,594,555.2,562.0,549.0
2024-09-25,1.5,0.27,555.0,,50441,623,550.0,560.0,545.1
2024-09-24,-14.5,-2.55,553.5,,66337,787,567.0,567.0,552.1
2024-09-23,6.0,1.07,568.0,,123568,831,573.2,573.2,555.0
2024-09-22,6.0,1.08,562.0,,55026,645,556.0,578.0,556.0
2024-09-18,-5.2,-0.93,556.0,,68886,809,562.0,565.0,550.0
2024-09-16,-9.8,-1.72,561.2,,56485,655,571.0,571.0,560.1
2024-09-15,2.0,0.35,571.0,,100482,1060,574.0,590.0,570.0
2024-09-12,7.5,1.34,569.0,,91654,902,572.7,572.7,554.0
2024-09-11,-8.3,-1.46,561.5,,78865,872,577.0,577.5,560.0
2024-09-10,-3.2,-0.56,569.8,,97919,945,583.0,583.0,567.5
2024-09-09,-13.0,-2.22,573.0,,93805,1031,588.0,592.0,572.0
2024-09-08,-6.0,-1.01,586.0,,99880,954,603.8,603.8,585.0
2024-09-05,-3.0,-0.5,592.0,,92820,969,596.0,598.0,585.0
2024-09-04,-15.0,-2.46,595.0,,139235,1173,622.2,622.2,595.0
2024-09-03,-1.7,-0.28,610.0,,107180,1032,615.0,623.0,610.0
2024-09-02,16.7,2.81,611.7,,174550,1511,600.0,612.0,585.0
2024-09-01,-10.0,-1.65,595.0,,150454,1606,614.0,614.0,589.0
2024-08-29,-11.0,-1.79,605.0,,155077,1522,625.0,625.0,600.0
2024-08-28,10.4,1.72,616.0,,256298,1759,617.7,630.0,609.7
2024-08-27,-31.3,-4.91,605.6,,307846,2874,625.0,640.0,605.0
2024-08-25,-17.1,-2.61,636.9,,206816,1815,654.0,654.0,636.0
2024-08-22,-4.3,-0.65,654.0,,210335,1729,658.3,668.0,652.0
2024-08-21,-3.7,-0.56,658.3,,251551,1864,675.0,675.0,651.0
2024-08-18,2.0,0.3,662.0,,385734,2530,670.0,682.0,656.0
2024-08-15,15.0,2.33,660.0,,460088,2786,657.9,673.0,647.0
2024-08-14,-2.9,-0.45,645.0,,160074,1357,650.0,650.0,640.0
2024-08-13,1.0,0.15,647.9,,208455,1598,648.0,658.9,643.0
2024-08-12,7.8,1.22,646.9,,228497,1825,645.0,657.9,640.0
2024-08-11,9.1,1.44,639.1,,196534,1680,640.0,643.0,635.0
2024-08-08,-1.5,-0.24,630.0,,154915,1325,644.1,644.1,628.0
2024-08-07,6.5,1.04,631.5,,251049,2071,613.0,640.0,608.0
2024-08-06,-35.0,-5.3,625.0,,421596,3193,668.0,668.0,624.0
2024-08-05,15.0,2.33,660.0,,314107,2613,657.9,700.0,657.0
2024-08-01,-4.3,-0.66,645.0,,197788,1631,649.3,660.0,638.0
2024-07-31,5.3,0.82,649.3,,288592,1964,656.8,656.8,640.0
2024-07-30,-5.0,-0.77,644.0,,331425,2889,658.9,658.9,620.0
2024-07-29,15.6,2.46,649.0,,451587,3789,646.0,690.0,643.0
2024-07-28,57.5,9.98,633.4,,348250,2701,587.4,633.4,587.4
2024-07-25,-3.1,-0.54,575.9,,129069,1202,579.0,579.0,570.0
2024-07-24,0.0,0.0,579.0,,162758,1506,576.0,590.0,570.0
2024-07-23,5.0,0.87,579.0,,185075,1472,574.0,580.0,563.0
2024-07-22,-3.0,-0.52,574.0,,183975,1909,580.0,587.0,563.0
2024-07-21,10.0,1.76,577.0,,248449,2122,578.0,584.0,568.0
2024-07-18,29.0,5.39,567.0,,242256,2190,538.0,589.0,538.0
2024-07-17,5.1,0.96,538.0,,138575,1199,539.0,543.0,531.0
2024-07-16,8.9,1.7,532.9,,116735,945,534.4,534.4,514.5
2024-07-15,-5.0,-0.95,524.0,,157693,1443,539.5,545.0,521.0
2024-07-14,22.0,4.34,529.0,,138178,1398,517.1,547.0,517.0
2024-07-11,9.9,1.99,507.0,,115571,986,507.0,507.0,498.6
2024-07-10,6.9,1.41,497.1,,82435,619,500.0,500.0,490.0
2024-07-09,0.2,0.04,490.2,,48124,410,490.0,491.9,482.1
2024-07-08,3.0,0.62,490.0,,79001,550,487.0,490.0,482.0
2024-07-07,0.0,0.0,487.0,,59675,508,487.0,490.0,482.0
2024-07-04,3.0,0.62,487.0,,58487,525,485.0,490.0,480.0
2024-07-03,6.9,1.45,484.0,,48855,463,477.0,484.0,469.0
2024-07-02,18.3,3.99,477.1,,93437,740,467.9,499.3,466.0
2024-07-01,6.8,1.5,458.8,,31786,357,457.0,458.8,450.0
2024-06-30,-4.0,-0.88,452.0,,55043,419,456.9,461.0,450.8
2024-06-27,0.0,0.0,456.0,,29699,300,456.0,457.0,454.6
2024-06-26,-2.2,-0.48,456.0,,57007,364,458.8,460.0,455.1
2024-06-25,-2.9,-0.63,458.2,,56926,493,462.0,465.0,455.3
2024-06-24,-4.9,-1.05,461.1,,45036,403,464.0,467.0,461.1
2024-06-23,-4.1,-0.87,466.0,,53680,436,469.0,469.0,465.0
2024-06-20,-1.9,-0.4,470.1,,51724,377,481.4,481.4,469.6
2024-06-19,3.0,0.64,472.0,,29603,322,469.0,475.0,469.0
2024-06-18,-6.0,-1.26,469.0,,43382,479,483.0,483.0,468.7
2024-06-16,-4.1,-0.86,475.0,,48170,445,488.6,488.6,473.2
2024-06-13,-3.9,-0.81,479.1,,63580,427,490.0,490.0,479.0
2024-06-12,5.0,1.05,483.0,,45437,463,480.0,490.0,480.0
2024-06-11,10.0,2.14,478.0,,50026,470,477.3,478.1,466.1
2024-06-10,-6.0,-1.27,468.0,,57462,521,483.4,483.4,462.6
2024-06-09,-3.0,-0.63,474.0,,42853,432,486.5,486.5,474.0
2024-06-06,-3.0,-0.62,477.0,,40452,375,480.1,485.0,477.0
2024-06-05,-3.0,-0.62,480.0,,43444,391,483.0,487.6,479.0
2024-06-04,-1.9,-0.39,483.0,,37907,359,493.0,493.0,480.3
2024-06-03,-5.1,-1.04,484.9,,46126,450,496.9,497.0,484.0
2024-06-02,11.7,2.45,490.0,,77895,630,476.0,490.5,476.0
2024-05-30,-10.7,-2.19,478.3,,104947,983,485.0,492.0,469.8
2024-05-29,-18.9,-3.72,489.0,,124575,1168,505.0,522.0,488.5
2024-05-27,-9.1,-1.76,507.9,,101039,1080,523.9,523.9,500.2
2024-05-26,3.0,0.58,517.0,,257882,2067,515.0,532.0,507.0
2024-05-22,33.1,6.88,514.0,,307056,2374,480.9,515.0,480.9
2024-05-21,22.9,5.0,480.9,,144313,1176,460.0,481.0,457.0
2024-05-20,21.0,4.81,458.0,,97887,1047,443.0,463.4,441.0
2024-05-19,6.0,1.39,437.0,,47893,526,439.6,439.6,432.2
2024-05-16,-3.0,-0.69,431.0,,40117,398,442.6,442.6,428.0
2024-05-15,0.5,0.12,434.0,,36943,418,440.0,441.0,434.0
2024-05-14,2.7,0.63,433.5,,35940,413,435.5,435.5,430.0
2024-05-13,8.8,2.09,430.8,,68228,531,426.0,431.5,422.4
2024-05-12,-0.7,-0.17,422.0,,44038,504,421.1,425.0,420.0
2024-05-09,-1.8,-0.42,422.7,,40811,524,428.0,428.0,419.0
2024-05-08,2.5,0.59,424.5,77.47,18323,266,427.0,427.0,422.0
2024-05-07,-2.0,-0.47,422.0,,38545,493,422.3,430.7,421.9
2024-05-06,-2.0,-0.47,424.0,,26747,424,427.0,427.0,423.0
2024-05-05,-3.5,-0.81,426.0,,41759,457,430.0,432.0,425.0
2024-05-02,-2.0,-0.46,429.5,,47931,533,440.1,440.1,427.5
2024-04-30,2.5,0.58,431.5,,44100,422,437.5,437.5,426.0
2024-04-29,2.0,0.47,429.0,,51708,416,435.5,435.5,424.5
2024-04-28,-0.3,-0.07,427.0,,43925,439,435.8,435.8,427.0
2024-04-25,-1.7,-0.4,427.3,,52043,404,429.0,433.0,427.0
2024-04-24,0.0,0.0,429.0,,35268,413,430.0,435.0,428.5
2024-04-22,1.0,0.23,429.0,,30359,412,428.0,435.0,428.0
2024-04-21,-1.9,-0.44,428.0,,68601,765,437.0,437.0,422.0
2024-04-18,-3.1,-0.72,429.9,,39409,526,433.0,434.0,429.0
2024-04-16,-2.0,-0.46,433.0,,33034,416,435.0,435.0,431.0
2024-04-15,-3.0,-0.68,435.0,,33297,447,438.0,439.0,434.1
2024-04-14,0.0,0.0,438.0,,37958,524,438.0,446.0,436.6
2024-04-10,-1.0,-0.23,438.0,,46883,490,440.0,442.0,436.0
2024-04-09,1.0,0.23,439.0,,51408,577,446.7,446.7,432.0
2024-04-07,4.0,0.92,438.0,,83715,682,434.0,438.0,430.1
2024-04-04,0.0,0.0,434.0,,37125,471,434.0,436.0,432.7
2024-04-03,-2.0,-0.46,434.0,,40271,504,439.0,439.0,432.0
2024-04-02,-3.0,-0.68,436.0,,26386,357,437.0,440.0,432.0
2024-04-01,-1.0,-0.23,439.0,,44256,524,437.0,439.0,432.0
2024-03-31,-2.5,-0.56,440.0,,55639,648,443.0,448.0,437.9
2024-03-28,2.0,0.45,442.5,,32919,420,442.0,444.0,440.0
2024-03-27,-1.3,-0.29,440.5,,30220,430,442.0,447.0,440.0
2024-03-26,-3.2,-0.72,441.8,,40492,510,445.1,448.0,440.0
2024-03-25,-6.0,-1.33,445.0,,33441,457,458.0,458.0,444.4
2024-03-21,-6.0,-1.31,451.0,,46500,590,459.9,459.9,449.0
2024-03-20,-3.0,-0.65,457.0,,31882,480,463.0,465.0,456.0
2024-03-19,-1.0,-0.22,460.0,,34096,452,460.0,462.0,456.0
2024-03-18,-3.0,-0.65,461.0,,36185,460,473.0,473.0,459.0
2024-03-17,-7.9,-1.67,464.0,,51485,615,478.0,480.0,462.0
2024-03-14,-1.1,-0.23,471.9,,48287,714,480.0,480.0,468.3
2024-03-13,4.0,0.85,473.0,,66733,885,477.0,479.9,467.0
2024-03-12,19.2,4.27,469.0,,62909,876,458.7,470.0,455.0
2024-03-10,4.3,0.97,449.8,,38263,557,448.0,451.0,447.0
2024-03-07,3.5,0.79,445.5,,27778,392,450.0,450.0,442.0
2024-03-06,-4.0,-0.9,442.0,,46408,508,448.0,450.0,440.0
2024-03-05,-12.3,-2.68,446.0,,85486,963,459.0,459.0,435.0
2024-03-04,34.3,8.09,458.3,65.14,14359,26,432.4,458.3,432.0
2024-03-03,-5.5,-1.28,424.0,,57099,637,429.5,432.0,422.0
2024-02-29,-5.5,-1.26,429.5,,84087,752,435.0,435.0,429.0
2024-02-28,-2.8,-0.64,435.0,,32394,465,442.0,442.0,435.0
2024-02-27,3.8,0.88,437.8,,44089,446,434.0,440.0,432.5
2024-02-26,-2.5,-0.57,434.0,,63611,707,436.5,440.0,430.1
2024-02-25,-8.5,-1.91,436.5,,68284,824,445.0,445.0,434.0
2024-02-22,-4.0,-0.89,445.0,,62441,839,450.0,452.9,443.0
2024-02-21,0.0,0.0,449.0,,61605,748,450.0,454.8,448.0
2024-02-20,-8.7,-1.9,449.0,,90305,1072,456.0,460.0,448.0
2024-02-18,-4.8,-1.04,457.7,,65595,838,456.0,465.0,455.5
2024-02-15,-3.0,-0.64,462.5,,51339,615,465.0,466.0,462.0
2024-02-14,-6.0,-1.27,465.5,,63187,838,471.5,471.5,464.5
2024-02-13,-5.5,-1.15,471.5,,83243,868,477.0,479.9,469.1
2024-02-12,2.0,0.42,477.0,,48708,647,476.0,477.0,474.0
2024-02-11,-1.5,-0.31,475.0,,87081,916,486.0,486.0,474.5
2024-02-07,0.1,0.02,475.1,,72757,781,484.5,484.5,474.5
2024-02-06,0.0,0.0,475.0,,62626,691,479.0,484.0,475.0
2024-02-05,-2.0,-0.42,475.0,,65154,915,481.0,481.0,474.9
2024-02-04,-3.6,-0.75,477.0,,79654,1011,480.6,483.9,477.0
2024-02-01,-4.0,-0.83,480.6,,88972,1040,494.2,494.2,480.0
2024-01-31,-2.4,-0.49,484.6,,101519,862,489.0,490.0,484.6
2024-01-30,-1.0,-0.2,487.0,,58884,730,485.0,494.0,485.0
2024-01-29,-3.0,-0.61,488.0,,112649,1047,492.0,495.0,485.0
2024-01-28,3.0,0.61,491.0,,62690,782,497.0,497.0,487.7
2024-01-25,3.1,0.64,488.0,,78635,774,492.5,492.5,483.2
2024-01-24,0.4,0.08,484.9,,75048,939,492.0,493.0,484.0
2024-01-23,-4.5,-0.92,484.5,,102618,1278,489.0,496.0,484.0
2024-01-22,-4.0,-0.81,489.0,,106960,1316,495.0,495.0,486.5
2024-01-21,-5.0,-1.0,493.0,,85324,1170,504.0,504.0,492.0
2024-01-18,-6.0,-1.19,498.0,,78196,961,507.0,507.0,498.0
2024-01-17,3.0,0.6,504.0,,111028,1214,503.5,512.0,503.0
2024-01-16,6.5,1.31,501.0,,126928,1259,500.0,502.0,498.0
2024-01-14,1.5,0.3,494.5,,66912,791,500.0,501.0,493.5
2024-01-11,1.0,0.2,493.0,,52810,690,499.0,499.9,490.0
2024-01-10,2.0,0.41,492.0,,91478,1005,495.0,500.0,490.0
2024-01-09,1.9,0.39,490.0,,123332,1294,488.1,495.0,488.1
2024-01-08,-1.9,-0.39,488.1,,109400,1164,495.0,495.0,488.0
2024-01-07,-5.5,-1.11,490.0,,97677,1285,500.0,500.0,489.5
2024-01-04,-0.5,-0.1,495.5,,93743,1135,498.0,500.9,495.0
2024-01-03,-3.9,-0.78,496.0,,150208,1860,500.0,501.5,488.6
2024-01-02,-6.0,-1.19,499.9,,97243,1169,506.0,510.0,498.0
2024-01-01,-0.1,-0.02,505.9,,56006,898,513.0,513.0,505.0
2023-12-28,-2.0,-0.39,506.0,,55161,764,499.0,514.0,499.0
2023-12-27,-7.0,-1.36,508.0,,70880,857,520.0,520.0,508.0
2023-12-24,-8.0,-1.53,515.0,,85406,911,523.0,527.0,515.0
2023-12-21,3.0,0.58,523.0,,91036,869,520.0,525.0,520.0
2023-12-20,2.0,0.39,520.0,,145825,1269,525.0,528.0,518.6
2023-12-19,5.0,0.97,518.0,,91419,917,523.2,523.2,514.0
2023-12-18,0.0,0.0,513.0,,110278,1025,513.7,519.5,510.0
2023-12-17,-9.8,-1.87,513.0,,136029,1077,515.0,518.9,493.0
2023-12-14,1.8,0.35,522.8,,63175,650,525.0,527.9,521.0
2023-12-13,-0.2,-0.04,521.0,,62488,648,530.0,530.0,520.0
2023-12-12,-0.8,-0.15,521.2,,61512,678,528.0,528.0,520.0
2023-12-11,-6.5,-1.23,522.0,,71048,968,539.0,539.0,520.0
2023-12-10,20.9,4.12,528.5,28.69,5437,59,516.8,530.0,514.0
2023-12-07,2.6,0.51,507.6,82.62,16317,316,513.5,514.0,501.0
2023-12-06,2.9,0.58,505.0,,23989,301,508.0,509.0,500.0
2023-12-05,0.1,0.02,502.1,,34084,404,504.0,510.0,502.0
2023-12-04,-4.0,-0.79,502.0,,35110,547,498.0,510.0,498.0
2023-12-03,-2.9,-0.57,506.0,,33642,523,516.0,516.0,505.0
2023-11-30,-3.0,-0.59,508.9,,34128,505,512.0,512.0,507.0
2023-11-29,-5.1,-0.99,511.9,,46655,587,517.0,520.0,508.9
2023-11-28,-9.0,-1.71,517.0,,32419,476,529.8,529.8,515.5
2023-11-27,-7.4,-1.39,526.0,,35690,618,540.0,540.0,522.0
2023-11-26,18.4,3.57,533.4,,143911,1328,510.0,533.4,499.0
2023-11-23,-46.0,-8.2,515.0,,254979,2843,549.9,549.9,505.1
2023-11-22,0.0,0.0,561.0,,38556,428,563.0,563.0,558.0
2023-11-21,-4.0,-0.71,561.0,,33672,450,566.0,575.0,560.0
2023-11-20,-4.2,-0.74,565.0,,37308,548,572.0,572.5,562.0
2023-11-09,-2.3,-0.4,569.2,,25721,356,571.5,571.5,569.0
2023-11-08,1.6,0.28,571.5,,28864,350,571.0,575.0,568.0
2023-11-07,1.9,0.33,569.9,,32456,452,577.8,577.8,567.0
2023-11-06,2.0,0.35,568.0,,29139,488,570.0,577.0,567.0
2023-11-05,-6.9,-1.2,566.0,,50715,750,572.0,573.0,564.0
2023-11-02,-4.7,-0.81,572.9,,36808,496,582.0,582.0,572.0
2023-11-01,-0.4,-0.07,577.6,,18731,342,575.0,580.0,575.0
2023-10-31,-2.0,-0.34,578.0,,25726,362,579.0,585.0,575.0
2023-10-30,-1.0,-0.17,580.0,,39951,508,575.0,580.0,572.0
2023-10-29,-9.0,-1.53,581.0,,37365,500,590.0,590.4,579.2
2023-10-19,0.5,0.08,590.0,,66181,490,596.5,596.5,586.0
2023-10-18,17.4,3.04,589.5,,27895,423,583.0,589.9,573.0
2023-10-17,4.1,0.72,572.1,,37883,454,579.0,580.0,570.0
2023-10-16,1.1,0.19,568.0,,30777,557,578.0,578.0,566.5
2023-10-12,-0.1,-0.02,566.9,,50839,608,570.0,570.0,560.5
2023-10-11,-2.0,-0.35,567.0,,58358,715,570.0,570.9,566.5
2023-10-10,-2.8,-0.49,569.0,,60468,748,572.0,575.0,568.0
2023-10-09,-3.2,-0.56,571.8,,61332,806,579.0,580.0,571.0
2023-10-08,-6.7,-1.15,575.0,,92585,1102,593.3,593.3,574.5
2023-10-05,-2.1,-0.36,581.7,,54791,605,580.2,584.6,580.0
2023-10-04,-0.2,-0.03,583.8,,47450,538,586.8,586.8,580.5
2023-10-03,1.0,0.17,584.0,,47601,517,585.0,589.0,582.1
2023-10-02,-2.0,-0.34,583.0,,44667,639,583.0,588.4,579.5
2023-10-01,-6.5,-1.1,585.0,,37802,595,590.0,591.5,584.0
2023-09-27,-2.5,-0.42,591.5,,30539,417,600.0,604.0,590.0
2023-09-26,-1.0,-0.17,594.0,,23327,418,603.0,603.0,592.0
2023-09-25,3.0,0.51,595.0,,50135,415,591.1,598.9,588.0
2023-09-24,-1.0,-0.17,592.0,,51424,603,593.0,598.0,586.8
2023-09-21,4.0,0.68,593.0,,38690,595,591.0,603.0,591.0
2023-09-19,-2.1,-0.36,589.0,,31416,452,592.0,598.0,586.0
2023-09-18,-1.9,-0.32,591.1,,36430,437,592.0,592.0,585.0
2023-09-17,5.0,0.85,593.0,,72674,878,599.7,608.0,590.0
2023-09-13,4.0,0.68,588.0,,40108,464,581.0,590.0,581.0
2023-09-12,-4.7,-0.8,584.0,,42149,491,598.0,599.0,583.0
2023-09-11,8.7,1.5,588.7,,70550,537,587.0,589.0,578.3
2023-09-10,2.8,0.49,580.0,,51489,605,578.9,582.0,577.0
2023-09-07,-4.6,-0.79,577.2,,51168,704,585.0,585.0,576.5
2023-09-05,-2.2,-0.38,581.8,,27803,397,586.0,589.9,580.6
2023-09-04,0.0,0.0,584.0,,66419,804,584.0,587.0,575.3
2023-09-03,-3.3,-0.56,584.0,,46707,667,587.3,590.0,583.0
2023-08-30,-2.7,-0.46,587.3,,51037,557,596.0,596.0,586.2
2023-08-29,-0.1,-0.02,590.0,,29237,431,592.1,596.0,588.1
2023-08-28,0.1,0.02,590.1,,25988,397,596.0,596.0,590.0
2023-08-27,-2.5,-0.42,590.0,,45941,614,592.5,595.0,589.1
2023-08-24,-6.5,-1.09,592.5,,43106,585,595.0,600.0,591.1
2023-08-23,5.0,0.84,599.0,,29155,445,594.0,599.9,592.1
2023-08-22,2.5,0.42,594.0,,41686,437,592.0,600.0,590.0
2023-08-21,-0.4,-0.07,591.5,,40222,530,590.0,598.9,585.0
2023-08-20,-1.1,-0.19,591.9,,58801,660,595.0,597.0,588.0
2023-08-17,1.0,0.17,593.0,,32425,500,602.5,602.7,592.0
2023-08-16,-7.0,-1.17,592.0,,53322,684,599.0,600.0,590.0
2023-08-15,-3.8,-0.63,599.0,,65912,762,601.0,601.0,596.6
2023-08-14,-0.7,-0.12,602.8,,43883,611,591.5,605.0,591.5
2023-08-13,-3.0,-0.49,603.5,,60137,779,608.0,610.0,600.0
2023-08-10,3.5,0.58,606.5,,47833,623,604.0,607.3,602.0
2023-08-09,3.0,0.5,603.0,,58335,706,604.0,604.0,594.0
2023-08-08,-10.0,-1.64,600.0,,58044,826,610.0,614.0,600.0
2023-08-07,-2.0,-0.33,610.0,,78727,804,612.0,614.9,602.0
2023-08-06,-1.0,-0.16,612.0,,113739,1239,625.2,637.7,607.0
2023-08-03,0.0,0.0,613.0,,44414,553,618.0,621.0,612.0
2023-08-02,1.9,0.31,613.0,,36975,550,619.9,620.0,609.0
2023-08-01,-3.9,-0.63,611.1,,41626,543,620.0,621.0,611.0
2023-07-31,-1.0,-0.16,615.0,,55627,694,605.0,623.0,605.0
2023-07-30,-2.0,-0.32,616.0,,79973,802,623.0,623.9,614.0
2023-07-27,-5.5,-0.88,618.0,,80901,826,625.0,628.0,616.0
2023-07-26,-0.1,-0.02,623.5,,56916,736,629.0,629.5,618.0
2023-07-25,-15.4,-2.41,623.6,,103484,1162,640.0,640.0,621.0
2023-07-24,-10.0,-1.54,639.0,,172938,1752,650.0,653.0,636.0
2023-07-23,25.0,4.01,649.0,,147953,1465,630.0,649.6,625.2
2023-07-20,7.2,1.17,624.0,,124603,1301,620.0,628.9,620.0
2023-07-19,3.8,0.62,616.8,,76090,790,619.0,619.0,612.0
2023-07-18,2.0,0.33,613.0,,76424,943,620.9,621.6,610.0
2023-07-17,11.8,1.97,611.0,,73868,907,607.0,612.0,598.0
2023-07-16,9.2,1.56,599.2,,73028,714,595.0,605.9,590.0
2023-07-13,4.0,0.68,590.0,,66352,733,574.3,597.9,574.3
2023-07-12,3.0,0.51,586.0,,51194,533,585.0,589.9,585.0
2023-07-11,0.0,0.0,583.0,,88236,936,584.0,587.0,580.0
2023-07-10,0.0,0.0,583.0,,88478,853,593.0,593.0,581.0
2023-07-09,0.9,0.15,583.0,,79385,886,590.0,593.6,582.0
2023-07-06,-0.5,-0.09,582.1,,61889,757,584.0,594.0,580.0
2023-07-05,-3.4,-0.58,582.6,,70629,851,574.3,597.1,574.3
2023-07-04,1.1,0.19,586.0,,69678,725,585.1,590.0,584.0
2023-07-03,-9.1,-1.53,584.9,,111999,1134,594.0,594.0,584.0
2023-07-02,-12.0,-1.98,594.0,,111991,1002,615.0,615.0,591.0
2023-06-28,-2.9,-0.48,606.0,,151880,1290,620.0,633.0,605.0
2023-06-27,22.9,3.91,608.9,,184325,1418,593.0,609.9,587.0
2023-06-26,-1.0,-0.17,586.0,,125517,1088,593.0,593.0,585.2
2023-06-25,-1.5,-0.25,587.0,,123731,1279,594.0,594.0,581.5
2023-06-22,-1.6,-0.27,588.5,,57079,796,595.0,597.0,585.4
2023-06-21,-5.2,-0.87,590.1,,74080,905,600.0,600.0,589.1
2023-06-20,1.3,0.22,595.3,,77314,530,599.0,603.0,595.0
2023-06-19,-2.0,-0.34,594.0,,69002,817,598.0,605.2,593.1
2023-06-18,-2.0,-0.33,596.0,,77802,851,600.0,601.0,595.1
2023-06-15,-1.0,-0.17,598.0,,39563,523,610.0,610.0,596.0
2023-06-14,2.0,0.34,599.0,,117524,989,603.0,604.0,597.0
2023-06-13,0.0,0.0,597.0,,67044,699,599.9,601.0,595.0
2023-06-12,3.0,0.51,597.0,,39241,546,600.0,602.0,595.0
2023-06-11,3.1,0.52,594.0,,52568,704,585.0,596.7,585.0
2023-06-08,-0.4,-0.07,590.9,,36616,414,590.0,595.0,587.0
2023-06-07,-0.4,-0.07,591.3,,33681,434,591.7,599.0,591.0
2023-06-06,0.7,0.12,591.7,,29785,387,590.1,599.0,590.0
2023-06-05,-4.4,-0.74,591.0,,28519,451,599.9,606.0,591.0
2023-06-04,7.6,1.29,595.4,,34455,387,587.8,606.9,587.8
2023-06-01,6.3,1.08,587.8,,38294,524,584.0,590.0,580.0
2023-05-31,-5.8,-0.99,581.5,,57976,773,585.0,592.0,575.6
2023-05-30,-13.7,-2.28,587.3,,76105,873,600.0,602.0,584.0
2023-05-28,-5.0,-0.83,601.0,,69792,813,610.0,615.0,600.0
2023-05-24,0.5,0.08,606.0,,39756,509,605.0,613.9,603.0
2023-05-23,6.5,1.09,605.5,,41814,561,605.0,607.0,598.0
2023-05-22,3.9,0.66,599.0,,27093,412,600.0,601.0,592.0
2023-05-21,5.1,0.86,595.1,,45034,593,601.0,611.0,595.0
2023-05-18,0.0,0.0,590.0,,50008,659,590.0,600.0,590.0
2023-05-17,6.0,1.03,590.0,,28470,393,590.0,594.0,586.0
2023-05-16,0.2,0.03,584.0,,37052,391,592.0,592.0,582.0
2023-05-15,-1.1,-0.19,583.8,,34630,496,584.0,595.0,583.1
2023-05-14,-5.1,-0.86,584.9,,52485,687,590.0,601.0,583.5
2023-05-11,0.0,0.0,590.0,,26707,442,590.0,594.0,589.0
2023-05-10,-5.0,-0.84,590.0,,59646,522,600.0,600.0,589.0
2023-05-09,2.0,0.34,595.0,,34345,459,581.8,612.0,581.8
2023-05-08,-2.0,-0.34,593.0,,27670,434,595.0,595.0,591.0
2023-05-07,-3.9,-0.65,595.0,,28270,439,600.0,600.0,593.1
2023-05-04,0.4,0.07,598.9,,32806,467,600.0,600.0,595.0
2023-05-03,-1.0,-0.17,598.5,,22982,350,600.0,600.0,595.0
2023-05-02,2.5,0.42,599.5,,30177,357,585.1,608.0,585.1
2023-04-30,-3.0,-0.5,597.0,,54304,784,605.0,605.0,593.0
2023-04-27,-4.0,-0.66,600.0,,54508,766,602.0,605.5,598.0
2023-04-26,-1.5,-0.25,604.0,,40984,506,607.5,610.0,603.5
2023-04-25,0.5,0.08,605.5,,44615,543,606.0,607.0,600.0
2023-04-24,-4.0,-0.66,605.0,,35512,520,610.0,612.0,603.0
2023-04-23,-11.0,-1.77,609.0,,34734,618,620.0,621.0,607.7
2023-04-20,0.0,0.0,620.0,,41287,608,608.0,632.0,608.0
2023-04-19,4.0,0.65,620.0,,59588,445,603.7,627.0,603.7
2023-04-18,0.0,0.0,616.0,,32979,420,604.0,620.0,604.0
2023-04-17,-1.0,-0.16,616.0,,28045,394,617.0,625.0,615.0
2023-04-16,-1.9,-0.31,617.0,,25772,413,618.9,630.0,613.0
2023-04-13,-10.1,-1.61,618.9,,72785,960,641.5,643.8,610.0
2023-04-12,37.0,6.25,629.0,,86971,1050,603.8,630.9,598.0
2023-04-11,9.9,1.7,592.0,,39186,524,593.7,593.7,582.1
2023-04-10,2.1,0.36,582.1,,46442,550,580.0,588.0,577.0
2023-04-09,-12.2,-2.06,580.0,,99562,1252,590.0,590.0,578.1
2023-04-06,2.2,0.37,592.2,,49701,633,595.0,600.0,588.0
2023-04-05,1.0,0.17,590.0,,39978,572,595.0,595.0,588.0
2023-04-04,-0.9,-0.15,589.0,,41355,577,595.0,595.0,586.1
2023-04-03,-7.9,-1.32,589.9,,61504,945,600.0,600.0,587.0
2023-04-02,-5.2,-0.86,597.8,,39669,652,606.0,610.0,595.0
2023-03-30,-6.0,-0.99,603.0,,33868,572,612.0,612.0,600.6
2023-03-29,2.5,0.41,609.0,,31811,443,610.0,610.0,599.0
2023-03-28,2.5,0.41,606.5,,48081,785,607.0,612.5,602.0
2023-03-27,8.0,1.34,604.0,,68181,1010,596.0,605.0,588.1
2023-03-26,-9.0,-1.49,596.0,,58085,994,605.5,605.5,596.0
2023-03-23,-8.0,-1.31,605.0,,63514,939,610.0,612.0,603.0
2023-03-22,0.0,0.0,613.0,,59448,777,615.0,619.9,610.0
2023-03-20,7.0,1.16,613.0,,51889,692,607.0,613.7,606.5
2023-03-19,-7.0,-1.14,606.0,,50724,813,625.0,625.0,605.0
2023-03-16,-5.0,-0.81,613.0,,65028,928,623.0,623.0,605.0
2023-03-15,-7.0,-1.12,618.0,,69209,914,625.0,628.0,618.0
2023-03-14,-4.9,-0.78,625.0,,55015,875,634.0,634.0,623.0
2023-03-13,-7.0,-1.1,629.9,,55971,941,624.2,635.0,624.2
2023-03-12,-10.1,-1.56,636.9,,51762,836,650.0,653.0,635.0
2023-03-09,8.0,1.25,647.0,,55564,689,641.0,648.9,641.0
2023-03-07,1.7,0.27,639.0,,41137,492,640.0,642.0,637.0
2023-03-05,-11.8,-1.82,637.3,,54153,817,650.0,650.0,635.0
2023-03-02,-5.9,-0.9,649.1,,59279,774,652.0,653.0,648.0
2023-03-01,-2.0,-0.3,655.0,,35796,493,657.0,660.0,654.0
2023-02-28,-4.0,-0.61,657.0,,31890,518,665.0,669.0,656.1
2023-02-27,-2.5,-0.38,661.0,,41206,673,672.0,675.1,658.0
2023-02-26,-5.5,-0.82,663.5,,57017,835,668.0,670.0,652.0
2023-02-23,-9.9,-1.46,669.0,,47679,708,678.0,679.0,665.0
2023-02-22,16.4,2.48,678.9,,57464,690,674.8,689.5,664.2
2023-02-20,-7.7,-1.15,662.5,,53643,892,670.2,670.2,661.0
2023-02-16,-4.3,-0.64,670.2,,57195,881,675.0,676.0,669.0
2023-02-15,-0.5,-0.07,674.5,,39631,644,675.0,688.5,670.1
2023-02-14,-8.0,-1.17,675.0,,59511,992,683.0,683.0,674.0
2023-02-12,-10.0,-1.44,683.0,,53279,803,689.0,690.0,680.0
2023-02-09,5.0,0.73,693.0,,83791,841,690.0,698.0,676.0
2023-02-08,-3.9,-0.56,688.0,,75546,1050,705.0,705.7,685.0
2023-02-07,14.6,2.16,691.9,,69751,899,677.3,692.0,677.3
2023-02-06,-3.7,-0.54,677.3,,54726,826,682.0,688.0,675.0
2023-02-05,-7.0,-1.02,681.0,,84062,1181,690.0,698.0,678.0
2023-02-02,-2.0,-0.29,688.0,,54429,814,692.0,694.5,685.1
2023-02-01,-0.4,-0.06,690.0,,57940,904,695.0,695.0,686.0
2023-01-31,-7.6,-1.09,690.4,,67697,965,700.0,700.0,688.0
2023-01-30,-4.5,-0.64,698.0,,71228,951,688.5,706.0,688.5
2023-01-29,-3.1,-0.44,702.5,,57268,957,707.0,709.0,701.1
2023-01-26,0.0,-0.49,705.6,,57638,0,714.0,714.5,705.3
2023-01-25,0.0,-0.55,709.1,,63311,0,717.0,719.0,709.0
2023-01-24,0.0,0.3,713.0,,67781,0,711.0,715.0,709.0
2023-01-23,0.0,1.05,710.9,,114807,0,717.5,729.0,710.0
2023-01-19,0.0,-0.06,703.5,,93648,0,705.0,710.0,701.0
2023-01-18,0.0,-1.0,703.9,,94709,0,712.0,718.0,703.0
2023-01-17,0.0,-0.42,711.0,,88101,0,724.0,725.0,709.0
2023-01-12,0.0,-0.72,714.0,,101205,0,733.5,733.5,713.7
2023-01-10,0.0,0.03,719.2,,182296,0,720.0,735.0,718.0
2023-01-09,0.0,-0.01,719.0,,167381,0,733.4,733.4,712.0
2023-01-08,0.0,-1.09,719.1,,146327,0,738.9,739.0,718.5
2023-01-05,0.0,-1.34,727.0,,132642,0,744.0,745.0,727.0
2023-01-04,0.0,0.12,736.9,,89872,0,750.0,750.0,730.0
2023-01-03,0.0,-0.41,736.0,,107994,0,743.0,750.0,735.0
2023-01-02,0.0,2.48,739.0,,227630,0,735.5,751.0,725.0
2023-01-01,0.0,1.36,854.5,,263159,0,859.0,865.0,850.0
2022-12-29,0.0,0.97,843.0,,110579,0,840.0,844.0,835.1
2022-12-28,0.0,-0.84,834.9,,105429,0,845.0,847.0,826.1
2022-12-27,0.0,0.48,842.0,,133855,0,847.0,860.0,834.0
2022-12-26,0.0,3.46,838.0,,110057,0,811.0,840.0,811.0
2022-12-22,0.0,0.37,810.0,,66052,0,809.0,811.0,800.1
2022-12-21,0.0,0.88,807.0,,48877,0,816.0,816.0,800.0
2022-12-20,0.0,0.38,800.0,,42079,0,800.0,807.0,797.0
2022-12-19,0.0,0.38,797.0,,40026,0,795.0,800.0,794.0
2022-12-18,0.0,-1.24,794.0,,67787,0,810.0,810.0,793.0
2022-12-15,0.0,-0.5,804.0,,58542,0,815.0,815.0,803.5
2022-12-14,0.0,0.11,808.0,,52009,0,807.0,818.0,807.0
2022-12-13,0.0,-0.97,807.1,,88690,0,816.0,816.9,804.7
2022-12-12,0.0,-3.66,815.0,,261519,0,846.0,846.0,801.7
2022-12-11,0.0,-3.97,846.0,,87795,0,880.0,880.0,842.8
2022-12-07,0.0,-0.79,881.0,,51341,0,884.0,890.0,879.0
2022-12-06,0.0,0.57,888.0,,54482,0,900.6,900.6,875.1
2022-12-05,0.0,0.11,883.0,,95864,0,866.0,895.0,866.0
2022-12-04,0.0,-3.4,882.0,,221592,0,922.0,930.0,879.3
2022-12-01,0.0,3.51,913.0,,159865,0,865.0,915.0,865.0
2022-11-30,0.0,0.57,882.0,,47288,0,878.0,883.5,870.1
2022-11-29,0.0,0.34,877.0,,49511,0,876.0,880.0,866.7
2022-11-28,0.0,-0.23,874.0,,82399,0,890.0,890.0,870.0
2022-11-27,0.0,5.42,876.0,,139753,0,832.0,876.0,832.0
2022-11-24,0.0,0.78,831.0,,32640,0,830.0,832.0,820.0
2022-11-23,0.0,-0.53,824.6,,22341,0,830.0,835.0,822.1
2022-11-22,0.0,0.21,829.0,,26547,0,828.0,840.0,827.4
2022-11-17,0.0,0.95,827.3,,28777,0,821.0,829.0,821.0
2022-11-16,0.0,0.2,819.5,,20391,0,821.0,821.0,814.0
2022-11-15,0.0,0.48,817.9,,25680,0,827.0,827.0,814.0
2022-11-14,0.0,0.37,814.0,,29743,0,815.0,815.0,803.0
2022-11-13,0.0,-0.49,811.0,,29230,0,816.0,822.0,810.0
2022-11-10,0.0,-1.03,815.0,,33090,0,837.0,837.0,814.0
2022-11-09,0.0,-1.14,823.5,,46477,0,834.0,866.5,822.6
2022-11-08,0.0,-0.12,833.0,,20635,0,827.0,835.0,827.0
2022-11-07,0.0,0.35,834.0,,37460,0,841.5,842.0,832.0
2022-11-06,0.0,0.86,831.1,,46206,0,830.0,834.0,820.1
2022-11-03,0.0,-0.72,824.0,,35595,0,830.0,835.0,820.2
2022-11-02,0.0,-0.6,830.0,,67918,0,835.0,844.0,825.0
2022-11-01,0.0,2.33,835.0,,71557,0,818.0,839.6,813.0
2022-10-31,0.0,0.99,816.0,,46691,0,810.0,819.0,809.0
2022-10-23,0.0,1.44,808.0,,42040,0,800.0,809.9,796.5
2022-10-20,0.0,-0.25,796.5,,29921,0,800.0,801.0,791.0
2022-10-19,0.0,0.57,798.5,,30433,0,795.0,800.0,790.0
2022-10-17,0.0,0.0,794.0,,35066,0,795.0,799.5,793.0
2022-10-16,0.0,-0.25,794.0,,33880,0,796.0,798.0,790.0
2022-10-13,0.0,0.09,796.0,,42798,0,794.0,804.0,790.0
2022-10-12,0.0,0.25,794.0,,30352,0,797.0,797.0,787.2
2022-10-11,0.0,-0.63,792.0,,39129,0,800.0,800.0,788.0
2022-10-10,0.0,-1.24,797.0,,59995,0,823.1,823.1,793.8
2022-10-09,0.0,3.46,807.0,,44112,0,781.7,808.0,781.7
2022-09-29,0.0,1.69,780.0,,37569,0,777.0,780.0,769.0
2022-09-28,0.0,-0.39,767.0,,34948,0,777.0,777.0,767.0
2022-09-27,0.0,2.27,770.0,,34179,0,750.0,776.0,750.0
2022-09-25,0.0,-0.8,752.9,,57127,0,759.0,759.0,746.0
2022-09-22,0.0,-0.41,759.0,,33966,0,765.0,770.0,755.0
2022-09-21,0.0,1.68,762.1,,44522,0,752.0,768.2,750.0
2022-09-20,0.0,-1.9,749.5,,62804,0,765.0,769.0,749.2
2022-09-18,0.0,-1.04,764.0,,44695,0,780.0,780.0,762.7
2022-09-16,0.0,-1.15,772.0,,38993,0,768.0,779.9,761.0
2022-09-15,0.0,-2.25,781.0,,58510,0,812.0,812.8,779.0
2022-09-14,0.0,3.77,799.0,,82172,0,775.0,802.0,774.0
2022-09-13,0.0,1.99,770.0,,77706,0,765.0,772.0,751.0
2022-09-12,0.0,-0.53,755.0,,54259,0,755.0,761.0,748.3
2022-09-11,0.0,-0.13,759.0,,41713,0,760.0,767.0,755.0
2022-09-08,0.0,-0.42,760.0,,44066,0,764.0,765.0,758.0
2022-09-07,0.0,-0.62,763.2,,33333,0,767.0,771.0,763.0
2022-09-06,0.0,-1.04,768.0,,73282,0,784.0,784.0,768.0
2022-09-05,0.0,-0.49,776.1,,58697,0,785.0,785.0,775.0
2022-09-04,0.0,-0.64,779.9,,80710,0,783.0,789.9,777.0
2022-09-02,0.0,0.11,784.9,,55803,0,786.0,790.0,781.0
2022-09-01,0.0,-0.25,784.0,,42923,0,790.0,791.0,781.0
2022-08-31,0.0,-0.44,786.0,,35820,0,790.0,798.0,785.5
2022-08-30,0.0,-0.06,789.5,,56298,0,789.0,795.0,783.0
2022-08-29,0.0,-0.44,790.0,,35660,0,793.0,798.0,782.0
2022-08-28,0.0,-0.3,793.5,,55498,0,795.0,799.9,790.0
2022-08-26,0.0,-0.51,795.9,,19821,0,800.0,802.0,795.0
2022-08-25,0.0,-0.25,800.0,,40361,0,808.0,809.9,799.0
2022-08-24,0.0,0.01,802.0,,38238,0,806.0,810.0,800.0
2022-08-23,0.0,0.36,801.9,,29742,0,800.0,803.0,797.0
2022-08-22,0.0,-0.25,799.0,,46726,0,805.0,806.0,795.0
2022-08-21,0.0,-0.12,801.0,,44730,0,802.0,815.0,800.0
2022-08-18,0.0,0.94,802.0,,51320,0,800.0,805.0,795.0
2022-08-17,0.0,-0.56,794.5,,53622,0,799.0,801.0,793.0
2022-08-16,0.0,-0.05,799.0,,49399,0,806.9,808.0,798.0
2022-08-15,0.0,1.32,799.4,,52346,0,793.0,799.4,789.0
2022-08-14,0.0,-0.5,789.0,,56155,0,800.0,800.0,787.0
2022-08-11,0.0,0.38,793.0,,56771,0,800.0,804.0,790.0
2022-08-10,0.0,0.24,790.0,,82028,0,787.0,796.0,781.0
2022-08-09,0.0,-1.86,788.1,,130944,0,808.0,808.0,787.2
2022-08-08,0.0,-1.71,803.0,,134201,0,820.0,821.0,800.0
2022-08-07,0.0,-0.33,817.0,,156363,0,819.7,828.0,802.0
2022-08-05,0.0,-3.56,819.7,,171702,0,850.0,850.0,817.0
2022-08-04,0.0,-1.39,850.0,,37325,0,879.2,879.2,850.0
2022-08-03,0.0,-1.71,862.0,,93835,0,880.0,883.0,859.1
2022-08-02,0.0,-0.56,877.0,,27948,0,881.0,884.0,870.0
2022-08-01,0.0,0.1,881.9,,47675,0,894.9,897.5,880.0
2022-07-31,0.0,1.28,881.0,,52796,0,879.0,882.0,871.0
2022-07-29,0.0,0.45,869.9,,17497,0,866.0,880.0,865.0
2022-07-28,0.0,0.0,866.0,,43396,0,880.0,880.0,865.0
2022-07-27,0.0,0.0,866.0,,43850,0,866.0,870.0,853.0
2022-07-26,0.0,-2.15,866.0,,49899,0,895.0,895.0,865.5
2022-07-25,0.0,2.91,885.0,,53131,0,870.9,888.8,870.0
2022-07-24,0.0,2.39,860.0,,41717,0,853.0,866.0,848.0
2022-07-22,0.0,-1.77,839.9,,26240,0,855.0,855.0,836.0
2022-07-21,0.0,1.18,855.0,,36824,0,847.0,859.8,841.0
2022-07-20,0.0,0.84,845.0,,32488,0,847.2,850.0,836.0
2022-07-19,0.0,0.72,838.0,,48099,0,844.9,845.0,832.0
2022-07-18,0.0,0.24,832.0,,29302,0,832.0,837.0,825.0
2022-07-17,0.0,0.73,830.0,,28983,0,828.0,835.0,821.0
2022-07-15,0.0,0.86,824.0,,22065,0,829.9,829.9,817.0
2022-07-14,0.0,0.74,817.0,,54640,0,826.0,841.2,808.5
2022-07-13,0.0,1.77,811.0,,59513,0,800.0,812.0,798.0
2022-07-12,0.0,0.62,796.9,,42720,0,796.0,804.9,787.0
2022-07-11,0.0,-4.12,792.0,,69864,0,831.0,831.0,792.0
2022-07-08,0.0,-2.25,826.0,,30318,0,845.0,847.0,825.5
2022-07-07,0.0,-2.2,845.0,,51271,0,864.0,886.0,844.0
2022-07-06,0.0,-0.92,864.0,,58061,0,885.0,889.0,837.0
2022-07-05,0.0,-2.57,872.0,,50999,0,895.0,900.0,860.1
2022-07-04,0.0,0.67,895.0,,114314,0,900.0,916.0,893.8
2022-07-03,0.0,3.86,889.0,,71068,0,856.0,890.0,856.0
2022-07-01,0.0,2.51,856.0,,42203,0,850.0,866.0,833.0
2022-06-30,0.0,5.03,835.0,,46615,0,800.0,835.0,800.0
2022-06-29,0.0,2.19,795.0,,28748,0,780.0,799.0,770.0
2022-06-28,0.0,-0.26,778.0,,35763,0,794.0,794.0,765.0
2022-06-27,0.0,0.65,780.0,,89874,0,790.0,810.0,775.0
2022-06-26,0.0,4.73,775.0,,88020,0,754.8,780.0,750.0
2022-06-24,0.0,-1.2,740.0,,32412,0,749.0,750.0,726.0
2022-06-23,0.0,-4.22,749.0,,73119,0,775.0,777.0,748.0
2022-06-22,0.0,-1.26,782.0,,43206,0,799.0,799.9,778.0
2022-06-21,0.0,-0.36,792.0,,54464,0,795.0,799.0,783.0
2022-06-20,0.0,-2.59,794.9,,51029,0,814.0,814.0,793.0
2022-06-19,0.0,-0.12,816.0,,49808,0,817.0,820.5,814.0
2022-06-17,0.0,-0.97,817.0,,16582,0,835.0,835.0,817.0
2022-06-16,0.0,0.0,825.0,,30303,0,821.0,833.0,815.0
2022-06-15,0.0,-1.61,825.0,,33494,0,838.0,838.0,810.0
2022-06-14,0.0,-0.89,838.5,,38169,0,846.0,846.0,834.0
2022-06-13,0.0,-0.25,846.0,,27758,0,850.0,850.0,844.8
2022-06-10,0.0,0.2,848.1,,26409,0,850.0,855.0,840.0
2022-06-09,0.0,0.4,846.4,,45493,0,855.0,864.0,846.0
2022-06-08,0.0,1.38,843.0,,43083,0,828.1,855.0,828.0
2022-06-07,0.0,-1.71,831.5,,34581,0,850.0,853.0,830.0
2022-06-06,0.0,0.12,846.0,,41330,0,845.0,860.5,837.9
2022-06-03,0.0,-1.96,845.0,,43168,0,855.0,871.9,843.0
2022-06-02,0.0,-0.59,861.9,,36911,0,883.9,883.9,858.0
2022-06-01,0.0,-0.91,867.0,,32984,0,876.0,883.0,866.0
2022-05-31,0.0,-1.69,875.0,,45502,0,890.0,890.0,865.0
2022-05-30,0.0,-0.89,890.0,,44382,0,900.0,901.0,881.0
2022-05-27,0.0,-0.07,898.0,,39790,0,900.0,900.0,896.0
2022-05-26,0.0,-0.16,898.6,,39717,0,918.0,918.0,897.0
2022-05-25,0.0,0.32,900.0,,38263,0,915.0,915.0,898.0
2022-05-24,0.0,-0.21,897.1,,33616,0,899.0,905.0,897.0
2022-05-23,0.0,-0.77,899.0,,45910,0,906.0,941.0,898.0
2022-05-20,0.0,-0.22,906.0,,25594,0,901.0,915.0,900.0
2022-05-19,0.0,-0.66,908.0,,29333,0,929.0,929.0,896.0
2022-05-18,0.0,0.0,914.0,,24747,0,915.0,918.0,905.3
2022-05-17,0.0,-2.15,910.0,,26873,0,930.0,935.0,908.0
2022-05-12,0.0,-0.32,930.0,,54739,0,949.7,951.0,930.0
2022-05-11,0.0,2.56,933.0,,37027,0,915.0,938.0,915.0
2022-05-10,0.0,1.47,909.7,,40752,0,912.0,912.0,897.0
2022-05-09,0.0,0.84,896.5,,40948,0,889.0,907.0,889.0
2022-05-08,0.0,-1.43,889.0,,46835,0,900.0,910.0,880.0
2022-05-05,0.0,-0.78,901.9,,50023,0,910.0,915.0,900.0
2022-05-04,0.0,-1.2,909.0,,37775,0,920.0,925.0,899.0
2022-05-02,0.0,-0.86,920.0,,39086,0,937.5,937.5,916.5
2022-04-28,0.0,-0.74,928.0,,43224,0,934.0,947.0,927.0
2022-04-27,0.0,-0.32,934.9,,34974,0,939.0,944.6,929.2
2022-04-26,0.0,-0.32,937.9,,27496,0,940.9,947.0,936.0
2022-04-25,0.0,-1.11,940.9,,54841,0,965.0,980.0,936.0
2022-04-24,0.0,1.76,951.5,,47975,0,941.0,951.5,930.0
2022-04-21,0.0,-0.53,935.0,,55028,0,945.0,949.0,918.2
2022-04-20,0.0,-0.95,940.0,,37902,0,949.0,950.0,936.0
2022-04-19,0.0,-0.73,949.0,,66610,0,950.0,961.0,935.0
2022-04-18,0.0,-1.54,956.0,,51642,0,972.0,977.0,955.0
2022-04-17,0.0,0.0,971.0,,35787,0,980.0,990.0,970.0
2022-04-13,0.0,1.15,971.0,,35450,0,970.0,972.0,953.0
2022-04-12,0.0,-1.13,960.0,,45151,0,990.0,990.0,958.1
2022-04-11,0.0,0.21,971.0,,70697,0,980.0,995.0,970.0
2022-04-07,0.0,0.41,969.0,,76197,0,965.1,976.0,964.0
2022-04-06,0.0,-1.93,965.0,,69199,0,982.0,990.0,963.0
2022-04-05,0.0,-1.3,984.0,,87147,0,1000.0,1000.0,982.0
2022-04-04,0.0,0.0,997.0,,56895,0,1000.0,1002.0,995.0
2022-04-03,0.0,-0.5,997.0,,42507,0,1010.1,1010.1,995.0
2022-03-31,0.0,-0.4,1002.0,,62677,0,1015.0,1019.9,1000.0
2022-03-30,0.0,-0.3,1006.0,,101034,0,995.0,1006.0,993.0
2022-03-29,0.0,-0.79,1009.0,,53395,0,1000.1,1030.0,1000.1
2022-03-28,0.0,-0.29,1017.0,,36394,0,1029.0,1029.0,1010.0
2022-03-27,0.0,-1.92,1020.0,,37321,0,1055.0,1055.0,1017.0
2022-03-24,0.0,-0.67,1040.0,,34482,0,1057.0,1057.0,1036.0
2022-03-23,0.0,-0.29,1047.0,,29498,0,1060.0,1060.0,1043.0
2022-03-22,0.0,-0.19,1050.0,,35572,0,1060.0,1065.0,1048.1
2022-03-21,0.0,-0.75,1052.0,,32178,0,1075.0,1075.0,1046.0
2022-03-20,0.0,-0.38,1060.0,,28034,0,1080.0,1080.0,1055.3
2022-03-16,0.0,-1.39,1064.0,,25272,0,1079.0,1089.0,1060.0
2022-03-15,0.0,-1.19,1079.0,,44505,0,1100.0,1100.0,1075.0
2022-03-14,0.0,1.2,1092.0,,23711,0,1100.0,1100.5,1081.0
2022-03-13,0.0,5.99,1079.0,,57510,0,1036.0,1080.0,1034.0
2022-03-10,0.0,1.0,1018.0,,31958,0,988.7,1018.0,988.7
2022-03-09,0.0,-0.4,1007.9,,35691,0,1011.9,1020.0,1006.0
2022-03-07,0.0,0.9,1011.9,,47036,0,1010.0,1012.0,1000.0
2022-03-06,0.0,-0.31,1002.9,,64365,0,985.9,1020.0,985.9
2022-03-02,0.0,-3.27,1006.0,,74636,0,1040.0,1048.0,1000.0
2022-02-28,0.0,-0.1,1040.0,,45316,0,1050.0,1059.0,1037.0
2022-02-27,0.0,-0.95,1041.0,,43253,0,1051.0,1051.0,1040.0
2022-02-24,0.0,-1.55,1051.0,,72385,0,1065.0,1067.0,1048.0
2022-02-23,0.0,-0.28,1067.5,,29641,0,1084.0,1085.0,1065.0
2022-02-22,0.0,0.33,1070.5,,41743,0,1080.0,1080.0,1069.0
2022-02-21,0.0,0.47,1067.0,,39297,0,1070.0,1073.0,1063.0
2022-02-20,0.0,-1.58,1062.0,,61489,0,1070.0,1075.0,1045.0
2022-02-17,0.0,-0.09,1079.0,,34444,0,1081.0,1094.0,1070.0
2022-02-16,0.0,0.47,1080.0,,46381,0,1096.0,1096.0,1070.3
2022-02-15,0.0,1.03,1075.0,,53230,0,1085.0,1085.0,1066.1
2022-02-14,0.0,-0.56,1064.0,,68303,0,1070.0,1079.0,1064.0
2022-02-13,0.0,-2.47,1070.0,,87909,0,1095.0,1095.0,1069.0
2022-02-10,0.0,-0.35,1097.1,,62380,0,1101.0,1101.0,1095.0
2022-02-09,0.0,-0.55,1100.9,,59639,0,1110.0,1110.0,1098.0
2022-02-08,0.0,0.0,1107.0,,51383,0,1128.0,1129.0,1106.0
2022-02-07,0.0,0.0,1109.0,,68960,0,1112.0,1112.0,1106.0
2022-02-06,0.0,-1.16,1109.0,,71516,0,1130.0,1130.0,1108.5
2022-02-03,0.0,0.08,1122.0,,61153,0,1141.5,1143.5,1121.0
2022-02-01,0.0,-0.52,1121.1,,54175,0,1129.9,1129.9,1119.3
2022-01-31,0.0,-0.7,1127.0,,38126,0,1149.0,1149.0,1125.0
2022-01-30,0.0,1.61,1135.0,,59027,0,1139.0,1139.0,1127.1
2022-01-27,0.0,-0.36,1117.0,,56308,0,1121.0,1130.0,1115.0
2022-01-26,0.0,-0.72,1121.0,,61217,0,1129.0,1134.9,1115.0
2022-01-25,0.0,0.19,1129.1,,52041,0,1135.0,1145.0,1110.0
2022-01-24,0.0,-2.93,1127.0,,96165,0,1165.0,1165.0,1125.0
2022-01-23,0.0,-1.44,1161.0,,79765,0,1178.0,1178.0,1155.0
2022-01-20,0.0,0.08,1178.0,,47782,0,1182.0,1182.0,1160.0
2022-01-19,0.0,-1.09,1177.0,,73385,0,1213.0,1213.0,1170.1
2022-01-18,0.0,0.94,1190.0,,116223,0,1180.0,1209.0,1180.0
2022-01-17,0.0,3.41,1178.9,,113189,0,1162.0,1179.0,1140.0
2022-01-16,0.0,2.7,1140.0,,176667,0,1120.0,1147.0,1110.0
2022-01-13,0.0,0.27,1110.0,,92618,0,1110.0,1112.0,1104.0
2022-01-12,0.0,-0.7,1107.0,,105760,0,1120.0,1120.0,1107.0
2022-01-11,0.0,0.31,1114.8,,102845,0,1112.0,1117.0,1105.5
2022-01-10,0.0,-0.15,1111.3,,120640,0,1113.0,1119.9,1106.1
2022-01-09,0.0,-0.09,1113.0,,126780,0,1120.0,1129.0,1110.0
2022-01-06,0.0,0.19,1114.0,,67780,0,1111.0,1123.0,1099.6
2022-01-05,0.0,-0.63,1111.9,,75462,0,1122.0,1138.0,1110.0
2022-01-04,0.0,-1.58,1119.0,,116739,0,1137.0,1139.0,1117.2
2022-01-03,0.0,-0.61,1137.0,,130041,0,1150.0,1160.0,1137.0
2022-01-02,0.0,5.41,1144.0,,263845,0,1107.0,1151.5,1086.0
2021-12-29,0.0,-2.03,1450.0,,326139,0,1499.0,1500.0,1450.0
2021-12-28,0.0,-1.27,1480.0,,170269,0,1500.0,1500.0,1479.2
2021-12-27,0.0,-1.64,1499.0,,201767,0,1549.0,1550.0,1485.0
2021-12-26,0.0,2.63,1524.0,,209837,0,1514.7,1570.8,1506.0
2021-12-23,0.0,0.0,1485.0,,51892,0,1494.0,1499.0,1471.0
2021-12-22,0.0,2.24,1485.0,,79765,0,1460.0,1492.0,1455.0
2021-12-21,0.0,2.29,1452.5,,98889,0,1423.0,1452.5,1423.0
2021-12-20,0.0,-0.7,1420.0,,58668,0,1439.9,1439.9,1412.0
2021-12-16,0.0,-1.38,1430.0,,43538,0,1450.0,1460.0,1421.0
2021-12-15,0.0,-0.68,1450.0,,90423,0,1460.0,1500.0,1412.0
2021-12-14,0.0,6.87,1460.0,,64277,0,1393.0,1460.0,1380.0
2021-12-13,0.0,-3.86,1366.1,,130695,0,1421.0,1421.0,1364.0
2021-12-12,0.0,-2.2,1421.0,,80982,0,1453.0,1465.0,1420.5
2021-12-09,0.0,-0.27,1452.9,,56323,0,1456.0,1459.0,1434.0
2021-12-08,0.0,-1.23,1456.8,,47379,0,1475.0,1480.0,1450.0
2021-12-07,0.0,-0.67,1475.0,,60813,0,1513.9,1514.0,1475.0
2021-12-06,0.0,0.75,1485.0,,118177,0,1445.0,1495.0,1415.0
2021-12-05,0.0,-2.51,1474.0,,108142,0,1514.0,1514.0,1471.0
2021-12-02,0.0,-0.8,1512.0,,60311,0,1524.2,1530.0,1509.0
2021-12-01,0.0,0.21,1524.2,,36610,0,1535.3,1535.3,1523.0
2021-11-30,0.0,-0.33,1521.0,,52965,0,1535.0,1535.0,1518.7
2021-11-29,0.0,0.2,1526.0,,60022,0,1523.0,1530.0,1508.0
2021-11-28,0.0,-0.98,1523.0,,85621,0,1538.0,1538.0,1520.0
2021-11-25,0.0,-0.45,1538.0,,64950,0,1547.0,1550.0,1535.0
2021-11-24,0.0,0.52,1545.0,,54975,0,1545.0,1550.0,1527.0
2021-11-23,0.0,-0.58,1537.0,,62286,0,1550.0,1550.0,1532.0
2021-11-22,0.0,0.13,1546.0,,80745,0,1544.0,1554.9,1540.0
2021-11-21,0.0,-0.19,1544.0,,75509,0,1560.0,1565.0,1538.0
2021-11-18,0.0,-0.58,1547.0,,89460,0,1587.1,1587.1,1546.0
2021-11-17,0.0,-0.19,1556.0,,99187,0,1570.0,1570.0,1548.0
2021-11-16,0.0,1.23,1559.0,,74044,0,1550.0,1565.0,1546.1
2021-11-15,0.0,-0.52,1540.0,,104146,0,1552.0,1576.0,1540.0
2021-11-14,0.0,-0.13,1548.0,,107590,0,1570.0,1575.0,1540.0
2021-11-11,0.0,-1.84,1550.0,,199932,0,1579.0,1580.0,1540.0
2021-11-09,0.0,-2.21,1579.0,,188332,0,1614.7,1614.7,1570.0
2021-11-08,0.0,-2.32,1614.7,,186984,0,1660.0,1660.0,1605.0
2021-11-03,0.0,2.8,1653.0,,705430,0,1640.1,1740.0,1640.1
2021-11-02,0.0,-0.74,1608.0,,131659,0,1650.0,1650.0,1594.0
2021-11-01,0.0,2.53,1620.0,,215086,0,1580.0,1620.0,1551.0
2021-10-31,0.0,-1.13,1580.0,,176045,0,1600.0,1629.9,1573.0
2021-10-28,0.0,-0.5,1598.0,,141749,0,1610.0,1619.0,1595.0
2021-10-27,0.0,2.36,1606.0,,270557,0,1569.0,1620.0,1559.0
2021-10-26,0.0,4.81,1569.0,,225327,0,1505.5,1578.0,1498.0
2021-10-25,0.0,1.77,1497.0,,78485,0,1500.3,1500.3,1470.3
2021-10-24,0.0,-0.01,1470.9,,54884,0,1472.0,1479.0,1462.0
2021-10-21,0.0,0.75,1471.0,,65682,0,1460.0,1480.0,1447.0
2021-10-20,0.0,2.03,1460.0,,65244,0,1459.6,1479.0,1430.0
2021-10-19,0.0,-2.52,1431.0,,77881,0,1445.0,1450.0,1420.1
2021-10-18,0.0,-0.94,1468.0,,67707,0,1482.0,1482.0,1448.0
2021-10-17,0.0,2.21,1482.0,,56389,0,1479.0,1507.0,1465.0
2021-10-11,0.0,-1.63,1450.0,,118043,0,1503.0,1503.0,1439.9
2021-10-10,0.0,2.01,1474.0,,77855,0,1462.6,1500.0,1462.6
2021-10-06,0.0,2.48,1444.9,,57353,0,1410.0,1453.0,1410.0
2021-10-05,0.0,0.93,1410.0,,44358,0,1410.0,1410.0,1394.0
2021-10-04,0.0,0.14,1397.0,,60200,0,1392.0,1407.0,1370.0
2021-10-03,0.0,-0.85,1395.0,,55819,0,1429.9,1429.9,1393.0
2021-09-30,0.0,-0.07,1407.0,,47037,0,1413.0,1419.0,1401.0
2021-09-29,0.0,0.93,1408.0,,58596,0,1420.0,1420.0,1379.0
2021-09-28,0.0,-1.41,1395.0,,86659,0,1415.0,1415.0,1380.0
2021-09-27,0.0,-1.12,1415.0,,47830,0,1435.0,1435.0,1403.0
2021-09-26,0.0,-0.49,1431.0,,116113,0,1450.0,1465.0,1427.0
2021-09-23,0.0,0.95,1438.0,,136670,0,1441.1,1455.0,1430.0
2021-09-22,0.0,2.55,1424.4,,79284,0,1415.0,1425.0,1400.0
2021-09-21,0.0,-0.29,1389.0,,148677,0,1393.0,1415.0,1345.0
2021-09-20,0.0,-2.21,1393.0,,132043,0,1432.0,1440.0,1380.0
2021-09-16,0.0,-1.42,1424.5,,108701,0,1430.0,1440.0,1408.0
2021-09-15,0.0,-0.55,1445.0,,37192,0,1470.0,1470.0,1440.0
2021-09-14,0.0,-0.14,1453.0,,46726,0,1473.0,1473.0,1445.0
2021-09-13,0.0,1.04,1455.0,,210616,0,1468.8,1482.0,1440.0
2021-09-12,0.0,2.13,1440.0,,75225,0,1415.0,1447.0,1410.0
2021-09-09,0.0,-0.35,1410.0,,70348,0,1410.0,1420.0,1410.0
2021-09-08,0.0,-1.04,1415.0,,59583,0,1429.9,1430.0,1404.0
2021-09-07,0.0,-0.84,1429.9,,79191,0,1455.0,1470.0,1419.0
2021-09-06,0.0,3.89,1442.0,,134284,0,1390.0,1445.0,1380.0
2021-09-05,0.0,-2.12,1388.0,,177307,0,1420.0,1420.0,1372.0
2021-09-02,0.0,-0.14,1418.0,,105395,0,1420.5,1440.0,1414.0
2021-09-01,0.0,0.07,1420.0,,124665,0,1435.0,1446.0,1408.0
2021-08-31,0.0,-0.98,1419.0,,126285,0,1433.0,1433.0,1402.0
2021-08-29,0.0,-1.17,1433.0,,183055,0,1430.0,1469.0,1413.0
2021-08-26,0.0,-0.62,1450.0,,159476,0,1460.0,1480.1,1441.0
2021-08-25,0.0,-1.22,1459.0,,120921,0,1479.0,1479.0,1448.0
2021-08-24,0.0,-0.87,1477.0,,108363,0,1499.0,1499.0,1477.0
2021-08-19,0.0,-0.33,1490.0,,106885,0,1500.0,1501.0,1485.0
2021-08-18,0.0,0.0,1495.0,,119338,0,1500.0,1505.0,1485.0
2021-08-17,0.0,-0.82,1495.0,,216309,0,1518.0,1518.0,1489.0
2021-08-16,0.0,0.16,1507.4,,201928,0,1535.0,1560.0,1499.0
2021-08-15,0.0,-0.92,1505.0,,247612,0,1520.0,1525.0,1475.0
2021-08-12,0.0,0.33,1519.0,,61561,0,1514.0,1530.0,1488.7
2021-08-11,0.0,0.13,1514.0,,76570,0,1520.0,1540.0,1512.2
2021-08-10,0.0,1.2,1512.0,,131079,0,1496.0,1522.0,1490.0
2021-08-09,0.0,0.0,1494.0,,51624,0,1499.0,1499.0,1490.0
2021-08-08,0.0,0.4,1494.0,,88896,0,1489.0,1503.0,1488.0
2021-08-05,0.0,-0.06,1488.0,,54477,0,1490.0,1499.0,1482.1
2021-08-04,0.0,-0.07,1488.9,,63649,0,1500.0,1500.0,1488.0
2021-08-03,0.0,0.2,1490.0,,58914,0,1500.0,1500.0,1485.0
2021-08-02,0.0,0.47,1487.0,,59355,0,1480.0,1495.0,1479.5
2021-08-01,0.0,0.2,1480.0,,75284,0,1494.0,1494.0,1466.5
2021-07-29,0.0,-0.34,1477.0,,80443,0,1482.0,1490.0,1475.1
2021-07-28,0.0,-0.47,1482.0,,84254,0,1500.0,1500.0,1480.0
2021-07-27,0.0,-0.2,1489.0,,211397,0,1462.2,1500.0,1433.0
2021-07-26,0.0,-0.5,1492.0,,196175,0,1500.0,1515.0,1480.0
2021-07-25,0.0,2.78,1499.5,,171727,0,1488.0,1500.0,1470.0
2021-07-22,0.0,0.34,1459.0,,147151,0,1454.0,1463.0,1449.0
2021-07-20,0.0,0.21,1454.0,,113294,0,1480.0,1490.0,1430.0
2021-07-19,0.0,0.76,1451.0,,226566,0,1468.0,1493.0,1450.0
2021-07-18,0.0,5.96,1440.0,,272476,0,1368.0,1440.0,1368.0
2021-07-15,0.0,0.74,1359.0,,87922,0,1350.0,1361.0,1349.0
2021-07-14,0.0,0.15,1349.0,,101853,0,1350.0,1358.0,1330.0
2021-07-13,0.0,0.67,1347.0,,136946,0,1275.0,1355.0,1275.0
2021-07-12,0.0,-0.52,1338.0,,162964,0,1400.0,1400.0,1324.0
2021-07-11,0.0,2.13,1345.0,,192294,0,1317.0,1353.0,1317.0
2021-07-08,0.0,1.39,1317.0,,90493,0,1350.0,1350.0,1297.0
2021-07-07,0.0,-0.15,1299.0,,66773,0,1309.0,1309.0,1297.0
2021-07-06,0.0,0.31,1301.0,,68703,0,1261.0,1303.0,1261.0
2021-07-05,0.0,-0.08,1297.0,,46953,0,1360.0,1360.0,1295.0
2021-07-04,0.0,0.08,1298.0,,47249,0,1300.0,1305.0,1296.0
2021-07-01,0.0,0.08,1297.0,,41519,0,1296.0,1305.0,1293.0
2021-06-30,0.0,0.0,1296.0,,69882,0,1232.0,1315.0,1232.0
2021-06-29,0.0,-0.46,1296.0,,62112,0,1310.0,1310.0,1295.0
2021-06-28,0.0,0.31,1302.0,,66695,0,1334.0,1334.0,1297.0
2021-06-27,0.0,0.93,1298.0,,81126,0,1250.0,1306.0,1250.0
2021-06-24,0.0,-0.39,1286.0,,80446,0,1300.0,1300.0,1280.0
2021-06-23,0.0,-0.54,1291.0,,94681,0,1362.0,1362.0,1288.0
2021-06-22,0.0,1.01,1298.0,,106023,0,1285.0,1300.0,1280.0
2021-06-21,0.0,-0.93,1285.0,,129080,0,1300.0,1304.0,1284.0
2021-06-20,0.0,-0.92,1297.0,,117221,0,1312.0,1312.0,1290.0
2021-06-17,0.0,0.08,1309.0,,92288,0,1308.0,1315.0,1300.0
2021-06-16,0.0,-0.3,1308.0,,94402,0,1312.0,1340.0,1303.0
2021-06-15,0.0,0.23,1312.0,,110411,0,1374.0,1374.0,1295.0
2021-06-14,0.0,0.38,1309.0,,176408,0,1304.0,1330.0,1301.0
2021-06-13,0.0,0.0,1304.0,,142630,0,1305.0,1312.0,1300.0
2021-06-10,0.0,-0.46,1304.0,,132428,0,1326.0,1326.0,1299.0
2021-06-09,0.0,0.0,1310.0,,148864,0,1380.0,1380.0,1289.0
2021-06-08,0.0,-0.08,1315.0,,120498,0,1307.0,1321.0,1307.0
2021-06-07,0.0,-1.05,1316.0,,148222,0,1350.0,1350.0,1308.0
2021-06-06,0.0,1.6,1330.0,,193387,0,1374.0,1374.0,1320.0
2021-06-03,0.0,1.24,1309.0,,175139,0,1255.0,1321.0,1255.0
2021-06-02,0.0,0.08,1293.0,,60397,0,1356.0,1356.0,1265.0
2021-06-01,0.0,0.54,1292.0,,110156,0,1285.0,1295.0,1265.0
2021-05-31,0.0,-1.15,1285.0,,123090,0,1300.0,1312.0,1282.0
2021-05-30,0.0,0.46,1300.0,,90621,0,1294.0,1316.0,1294.0
2021-05-27,0.0,-0.92,1294.0,,108286,0,1300.0,1302.0,1282.0
2021-05-25,0.0,-1.06,1306.0,,85759,0,1286.0,1329.0,1286.0
2021-05-24,0.0,0.61,1320.0,,127131,0,1377.0,1377.0,1310.0
2021-05-23,0.0,0.92,1312.0,,107284,0,1275.0,1313.0,1275.0
2021-05-20,0.0,-0.15,1300.0,,65407,0,1340.0,1340.0,1282.0
2021-05-19,0.0,-0.46,1302.0,,103756,0,1373.0,1373.0,1290.0
2021-05-18,0.0,0.0,1308.0,,73064,0,1373.0,1373.0,1304.0
2021-05-17,0.0,1.55,1308.0,,103727,0,1299.0,1320.0,1299.0
2021-05-16,0.0,1.66,1288.0,,165718,0,1265.0,1300.0,1265.0
2021-05-13,0.0,0.4,1267.0,,76245,0,1270.0,1270.0,1260.0
2021-05-12,0.0,-0.24,1262.0,,94423,0,1265.0,1275.0,1259.0
2021-05-11,0.0,0.4,1265.0,,95404,0,1256.0,1274.0,1256.0
2021-05-10,0.0,0.08,1260.0,,67445,0,1264.0,1273.0,1255.0
2021-05-09,0.0,-0.47,1259.0,,94346,0,1265.0,1274.0,1250.0
2021-05-06,0.0,-0.08,1265.0,,60497,0,1273.0,1273.0,1260.0
2021-05-05,0.0,-0.63,1266.0,,67433,0,1290.0,1290.0,1265.0
2021-05-04,0.0,-0.78,1274.0,,80193,0,1299.0,1299.0,1271.0
2021-05-03,0.0,0.71,1284.0,,117310,0,1300.0,1304.0,1275.0
2021-05-02,0.0,0.39,1275.0,,93567,0,1295.0,1295.0,1265.0
2021-04-29,0.0,0.47,1270.0,,75819,0,1266.0,1275.0,1257.0
2021-04-28,0.0,-1.1,1264.0,,84413,0,1249.0,1300.0,1249.0
2021-04-27,0.0,3.9,1279.0,,107145,0,1231.0,1280.0,1231.0
2021-04-26,0.0,-2.76,1235.0,,156529,0,1250.0,1281.0,1230.0
2021-04-25,0.0,-2.16,1270.0,,165129,0,1361.0,1361.0,1255.0
2021-04-22,0.0,0.23,1298.0,,125239,0,1295.0,1307.0,1280.0
2021-04-21,0.0,-1.6,1294.0,,109757,0,1380.0,1380.0,1290.0
2021-04-20,0.0,-0.23,1315.0,,120001,0,1318.0,1344.0,1305.0
2021-04-19,0.0,-1.27,1318.0,,142099,0,1345.0,1345.0,1310.0
2021-04-18,0.0,-2.55,1335.0,,173524,0,1370.0,1370.0,1330.0
2021-04-15,0.0,-0.72,1370.0,,168272,0,1449.0,1449.0,1350.0
2021-04-13,0.0,2.37,1380.0,,209373,0,1281.0,1381.0,1281.0
2021-04-12,0.0,1.35,1348.0,,182723,0,1336.0,1360.0,1320.0
2021-04-08,0.0,0.99,1330.0,,134432,0,1325.0,1339.0,1316.0
2021-04-07,0.0,0.46,1317.0,,98854,0,1310.0,1334.0,1310.0
2021-04-06,0.0,-0.3,1311.0,,103143,0,1314.0,1324.0,1300.0
2021-04-05,0.0,-0.08,1315.0,,117881,0,1315.0,1332.0,1303.0
2021-04-04,0.0,2.57,1316.0,,183452,0,1347.0,1347.0,1293.0
2021-04-01,0.0,-0.85,1283.0,,107609,0,1294.0,1318.0,1280.0
2021-03-31,0.0,4.69,1294.0,,187475,0,1239.0,1305.0,1238.0
2021-03-30,0.0,0.32,1236.0,,97016,0,1232.0,1240.0,1230.0
2021-03-29,0.0,0.41,1232.0,,51438,0,1227.0,1243.0,1227.0
2021-03-25,0.0,-0.97,1227.0,,55649,0,1246.0,1255.0,1221.0
2021-03-24,0.0,0.41,1239.0,,53495,0,1250.0,1257.0,1230.0
2021-03-23,0.0,-0.8,1234.0,,55201,0,1245.0,1245.0,1229.0
2021-03-22,0.0,-1.19,1244.0,,93451,0,1271.0,1295.0,1238.0
2021-03-21,0.0,1.37,1260.0,,110107,0,1250.0,1274.0,1250.0
2021-03-18,0.0,1.97,1243.0,,91022,0,1279.0,1279.0,1215.0
2021-03-17,0.0,0.99,1219.0,,96573,0,1215.0,1224.0,1200.0
2021-03-16,0.0,0.17,1207.0,,115007,0,1145.0,1225.0,1145.0
2021-03-15,0.0,-0.82,1205.0,,163239,0,1208.0,1226.0,1190.0
2021-03-14,0.0,-3.19,1215.0,,169858,0,1250.0,1250.0,1205.0
2021-03-10,0.0,-1.57,1255.0,,69416,0,1338.0,1338.0,1252.0
2021-03-09,0.0,-0.78,1275.0,,81515,0,1300.0,1300.0,1264.0
2021-03-08,0.0,-1.15,1285.0,,67034,0,1300.0,1305.0,1271.0
2021-03-04,0.0,4.5,1300.0,,155720,0,1268.0,1314.0,1260.0
2021-03-03,0.0,-2.35,1244.0,,152652,0,1258.0,1270.0,1226.0
2021-03-02,0.0,-3.04,1274.0,,133848,0,1320.0,1323.0,1250.0
2021-03-01,0.0,0.0,1314.0,,102909,0,1259.0,1315.0,1259.0
2021-02-28,0.0,-1.97,1296.0,,176137,0,1322.0,1325.0,1287.0
2021-02-25,0.0,0.0,1322.0,,163157,0,1360.0,1377.0,1314.0
2021-02-24,0.0,1.12,1350.0,,143200,0,1350.0,1375.0,1330.0
2021-02-23,0.0,1.21,1335.0,,285817,0,1300.0,1344.0,1286.0
2021-02-22,0.0,-2.66,1319.0,,182067,0,1360.0,1360.0,1319.0
2021-02-21,0.0,-0.01,1355.0,,180791,0,1435.0,1435.0,1335.0
2021-02-18,0.0,-0.02,1367.0,,188406,0,1400.0,1405.0,1358.0
2021-02-17,0.0,0.02,1391.0,,295552,0,1433.0,1433.0,1350.0
2021-02-16,0.0,0.03,1365.0,,388814,0,1330.0,1386.0,1324.0
2021-02-15,0.0,0.08,1321.0,,524258,0,1230.0,1328.0,1230.0
2021-02-14,0.0,0.01,1221.0,,168891,0,1230.0,1242.0,1200.0
2021-02-11,0.0,0.03,1213.0,,317291,0,1180.0,1250.0,1170.0
2021-02-10,0.0,0.01,1176.0,,130150,0,1160.0,1189.0,1152.0
2021-02-09,0.0,0.0,1163.0,,132993,0,1107.0,1197.0,1107.0
2021-02-08,0.0,0.05,1165.0,,281400,0,1130.0,1180.0,1115.0
2021-02-07,0.0,0.0,1114.0,,121996,0,1116.0,1125.0,1111.0
2021-02-04,0.0,0.0,1116.0,,82322,0,1150.0,1150.0,1111.0
2021-02-03,0.0,-0.01,1120.0,,100026,0,1150.0,1160.0,1110.0
2021-02-02,0.0,0.01,1129.0,,78197,0,1130.0,1140.0,1120.0
2021-02-01,0.0,0.01,1120.0,,60104,0,1065.0,1151.0,1065.0
2021-01-31,0.0,-0.03,1110.0,,106925,0,1088.0,1145.0,1088.0
2021-01-28,0.0,-0.03,1145.0,,138051,0,1182.0,1182.0,1129.0
2021-01-27,0.0,0.01,1182.0,,97355,0,1126.0,1186.0,1126.0
2021-01-26,0.0,-0.01,1168.0,,133717,0,1190.0,1194.0,1165.0
2021-01-25,0.0,0.05,1176.0,,287254,0,1115.0,1205.0,1110.0
2021-01-24,0.0,0.01,1115.0,,128981,0,1120.0,1139.0,1109.0
2021-01-21,0.0,0.01,1109.0,,108401,0,1100.0,1110.0,1095.0
2021-01-20,0.0,-0.01,1103.0,,85123,0,1172.0,1172.0,1100.0
2021-01-19,0.0,-0.01,1117.0,,65561,0,1180.0,1180.0,1112.0
2021-01-18,0.0,0.0,1128.0,,79293,0,1180.0,1180.0,1115.0
2021-01-17,0.0,0.0,1128.0,,54196,0,1140.0,1140.0,1117.0
2021-01-13,0.0,-0.01,1132.0,,48737,0,1130.0,1147.0,1130.0
2021-01-12,0.0,0.01,1140.0,,78962,0,1081.0,1150.0,1081.0
2021-01-11,0.0,0.0,1125.0,,67113,0,1182.0,1182.0,1120.0
2021-01-10,0.0,0.03,1126.0,,182457,0,1095.0,1134.0,1095.0
2021-01-07,0.0,0.0,1091.0,,77627,0,1042.0,1112.0,1042.0
2021-01-06,0.0,0.0,1096.0,,76530,0,1097.0,1104.0,1086.0
2021-01-05,0.0,-0.01,1097.0,,90991,0,1111.0,1118.0,1095.0
2021-01-04,0.0,-0.01,1111.0,,91228,0,1135.0,1136.0,1102.0
2021-01-03,0.0,0.02,1125.0,,152668,0,1100.0,1130.0,1080.0
2020-12-31,0.0,0.0,1100.0,,126022,0,1110.0,1130.0,1100.0
2020-12-30,0.0,0.06,1101.0,,240703,0,1080.0,1108.0,1048.0
2020-12-29,0.0,0.01,1386.0,,381895,0,1380.0,1400.0,1380.0
2020-12-28,0.0,0.0,1379.0,,176237,0,1380.0,1395.0,1360.0
2020-12-27,0.0,-0.03,1384.0,,289737,0,1425.0,1450.0,1381.0
2020-12-24,0.0,-0.04,1425.0,,425873,0,1550.0,1550.0,1403.0
2020-12-23,0.0,0.1,1489.0,,187508,0,1400.0,1489.0,1400.0
2020-12-22,0.0,0.1,1354.0,,48213,0,1292.0,1354.0,1292.0
2020-12-21,0.0,0.02,1231.0,,263971,0,1180.0,1236.0,1160.0
2020-12-20,0.0,-0.02,1205.0,,323164,0,1240.0,1246.0,1175.0
2020-12-17,0.0,-0.01,1235.0,,101916,0,1250.0,1255.0,1228.0
2020-12-16,0.0,0.01,1248.0,,149009,0,1240.0,1254.0,1200.0
2020-12-15,0.0,0.01,1240.0,,161533,0,1210.0,1293.0,1202.0
2020-12-14,0.0,0.06,1227.0,,273113,0,1172.0,1248.0,1160.0
2020-12-13,0.0,0.03,1159.0,,110589,0,1064.0,1165.0,1064.0
2020-12-10,0.0,0.02,1120.0,,86977,0,1115.0,1127.0,1094.0
2020-12-09,0.0,-0.02,1101.0,,77270,0,1125.0,1135.0,1095.0
2020-12-08,0.0,0.01,1124.0,,113499,0,1140.0,1162.0,1115.0
2020-12-07,0.0,0.04,1118.0,,164879,0,1070.0,1147.0,1057.0
2020-12-06,0.0,-0.05,1078.0,,161986,0,1123.0,1145.0,1078.0
2020-12-03,0.0,0.01,1140.0,,159437,0,1106.0,1196.0,1106.0
2020-12-02,0.0,0.01,1125.0,,202030,0,1120.0,1147.0,1096.0
2020-12-01,0.0,-0.03,1119.0,,177245,0,1150.0,1165.0,1115.0
2020-11-30,0.0,-0.02,1159.0,,196359,0,1244.0,1244.0,1150.0
2020-11-29,0.0,0.05,1185.0,,283683,0,1150.0,1200.0,1141.0
2020-11-26,0.0,0.09,1130.0,,343732,0,1050.0,1141.0,1050.0
2020-11-25,0.0,0.05,1025.0,,232466,0,981.0,1028.0,972.0
2020-11-24,0.0,-0.01,972.0,,58491,0,1000.0,1000.0,960.0
2020-11-23,0.0,0.01,978.0,,75761,0,970.0,994.0,969.0
2020-11-22,0.0,0.07,965.0,,223043,0,920.0,985.0,920.0
2020-11-19,0.0,0.0,905.0,,94311,0,906.0,953.0,900.0
2020-11-18,0.0,0.0,901.0,,61321,0,890.0,905.0,888.0
2020-11-12,0.0,0.0,887.0,,30444,0,890.0,891.0,883.0
2020-11-11,0.0,0.46,883.0,,41751,0,896.0,896.0,872.0
2020-11-10,0.0,1.97,879.0,,29034,0,870.0,890.0,865.0
2020-11-09,0.0,-0.92,862.0,,90972,0,866.0,872.0,858.0
2020-11-08,0.0,-1.14,870.0,,72463,0,880.0,880.0,864.0
2020-11-05,0.0,-0.9,880.0,,34927,0,890.0,890.0,875.0
2020-11-04,0.0,0.0,888.0,,20507,0,885.0,890.0,884.0
2020-11-03,0.0,0.23,888.0,,15950,0,897.0,897.0,884.0
2020-11-02,0.0,-0.89,886.0,,29989,0,891.0,897.0,884.0
2020-11-01,0.0,-0.89,894.0,,40311,0,902.0,902.0,890.0
2020-10-29,0.0,-0.11,902.0,,51398,0,948.0,948.0,898.0
2020-10-28,0.0,2.03,903.0,,59283,0,895.0,903.0,892.0
2020-10-22,0.0,0.57,885.0,,46895,0,890.0,893.0,880.0
2020-10-21,0.0,1.38,880.0,,30592,0,870.0,884.0,870.0
2020-10-20,0.0,0.58,868.0,,11628,0,865.0,872.0,862.0
2020-10-19,0.0,0.47,863.0,,11214,0,860.0,868.0,860.0
2020-10-18,0.0,-0.12,859.0,,18801,0,860.0,874.0,859.0
2020-10-15,0.0,0.0,860.0,,25564,0,817.0,872.0,817.0
2020-10-14,0.0,-0.46,860.0,,29183,0,864.0,865.0,859.0
2020-10-13,0.0,0.0,864.0,,15218,0,865.0,865.0,861.0
2020-10-12,0.0,-0.23,864.0,,19390,0,860.0,865.0,860.0
2020-10-11,0.0,-0.35,866.0,,24647,0,868.0,870.0,864.0
2020-10-08,0.0,-0.34,869.0,,27048,0,880.0,882.0,866.0
2020-10-07,0.0,-0.57,872.0,,26029,0,880.0,882.0,868.0
2020-10-06,0.0,0.11,877.0,,16257,0,878.0,885.0,872.0
2020-10-05,0.0,-0.45,876.0,,22147,0,885.0,889.0,872.0
2020-10-04,0.0,1.5,880.0,,52437,0,890.0,895.0,875.0
2020-10-01,0.0,0.93,867.0,,30640,0,860.0,869.0,860.0
2020-09-30,0.0,-0.58,859.0,,22250,0,864.0,875.0,857.0
2020-09-29,0.0,-0.8,864.0,,20446,0,875.0,875.0,862.0
2020-09-28,0.0,-0.34,871.0,,17676,0,885.0,885.0,868.0
2020-09-27,0.0,-0.11,874.0,,23447,0,880.0,883.0,870.0
2020-09-24,0.0,0.11,875.0,,23476,0,866.0,877.0,866.0
2020-09-23,0.0,0.23,874.0,,30912,0,866.0,877.0,866.0
2020-09-22,0.0,-1.25,872.0,,51322,0,888.0,890.0,870.0
2020-09-21,0.0,0.34,883.0,,61628,0,892.0,892.0,876.0
2020-09-20,0.0,2.44,880.0,,72747,0,876.0,895.0,870.0
2020-09-17,0.0,0.7,859.0,,30609,0,853.0,865.0,851.0
2020-09-16,0.0,-0.35,853.0,,15690,0,858.0,858.0,850.0
2020-09-15,0.0,0.0,856.0,,28117,0,839.0,864.0,853.0
2020-09-14,0.0,0.82,856.0,,32379,0,855.0,870.0,852.0
2020-09-13,0.0,0.47,849.0,,32114,0,855.0,855.0,845.0
2020-09-10,0.0,0.12,845.0,,26342,0,849.0,868.0,844.0
2020-09-09,0.0,-0.24,844.0,,36262,0,846.0,846.0,839.0
2020-09-08,0.0,-0.35,846.0,,21968,0,858.0,858.0,840.0
2020-09-07,0.0,-0.7,849.0,,19865,0,863.0,863.0,842.0
2020-09-06,0.0,-0.58,855.0,,56147,0,903.0,903.0,854.0
2020-09-03,0.0,0.23,860.0,,54696,0,861.0,864.0,849.0
2020-09-02,0.0,2.26,858.0,,68044,0,839.0,866.0,839.0
2020-08-31,0.0,0.0,839.0,,49117,0,840.0,846.0,832.0
2020-08-30,0.0,-0.71,839.0,,11698,0,845.0,850.0,835.0
2020-08-27,0.0,0.48,845.0,,23000,0,841.0,855.0,841.0
2020-08-26,0.0,1.33,841.0,,44021,0,839.0,850.0,830.0
2020-08-25,0.0,0.0,830.0,,23396,0,839.0,840.0,823.0
2020-08-24,0.0,0.73,830.0,,22795,0,833.0,835.0,825.0
2020-08-23,0.0,0.86,824.0,,14020,0,824.0,824.0,814.0
2020-08-20,0.0,-0.61,817.0,,10175,0,812.0,822.0,812.0
2020-08-19,0.0,-0.96,822.0,,17216,0,815.0,825.0,814.0
2020-08-18,0.0,0.97,830.0,,20561,0,833.0,840.0,824.0
2020-08-17,0.0,0.0,822.0,,16623,0,822.0,824.0,815.0
2020-08-16,0.0,-0.36,822.0,,29088,0,835.0,835.0,810.0
2020-08-13,0.0,-1.32,825.0,,36200,0,877.0,877.0,820.0
2020-08-12,0.0,0.72,836.0,,23975,0,844.0,844.0,821.0
2020-08-11,0.0,-0.24,830.0,,29776,0,847.0,847.0,825.0
2020-08-10,0.0,2.34,832.0,,47830,0,825.0,840.0,810.0
2020-08-09,0.0,-0.12,813.0,,36927,0,815.0,815.0,800.0
2020-08-06,0.0,-1.21,814.0,,21551,0,859.0,859.0,801.0
2020-08-05,0.0,0.0,824.0,,47216,0,824.0,824.0,810.0
2020-08-03,0.0,0.49,824.0,,42609,0,809.0,828.0,808.0
2020-08-02,0.0,-3.64,820.0,,63388,0,840.0,850.0,820.0
2020-07-30,0.0,0.71,851.0,,41463,0,842.0,854.0,840.0
2020-07-29,0.0,-1.05,845.0,,45527,0,855.0,855.0,840.0
2020-07-28,0.0,-0.93,854.0,,51916,0,872.0,872.0,854.0
2020-07-27,0.0,0.12,862.0,,101044,0,870.0,882.0,860.0
2020-07-26,0.0,1.29,861.0,,58534,0,860.0,870.0,853.0
2020-07-23,0.0,0.47,850.0,,55386,0,846.0,854.0,831.0
2020-07-22,0.0,-2.2,846.0,,51597,0,860.0,875.0,846.0
2020-07-21,0.0,-1.59,865.0,,69536,0,885.0,886.0,857.0
2020-07-20,0.0,1.15,879.0,,118430,0,912.0,955.0,816.0
2020-07-19,0.0,10.0,869.0,,711,0,805.0,869.0,805.0
2020-07-16,0.0,3.27,790.0,,38787,0,775.0,790.0,774.0
2020-07-15,0.0,2.68,765.0,,43439,0,750.0,765.0,744.0
2020-07-14,0.0,0.4,745.0,,29973,0,756.0,760.0,742.0
2020-07-13,0.0,-0.67,742.0,,28339,0,761.0,769.0,741.0
2020-07-12,0.0,0.67,747.0,,27529,0,756.0,770.0,746.0
2020-07-09,0.0,0.13,742.0,,30119,0,745.0,749.0,725.0
2020-07-08,0.0,-0.4,741.0,,30143,0,752.0,756.0,730.0
2020-07-07,0.0,0.95,744.0,,41752,0,750.0,751.0,740.0
2020-07-06,0.0,1.1,737.0,,32963,0,725.0,740.0,715.0
2020-07-05,0.0,1.25,729.0,,59244,0,722.0,734.0,699.0
2020-07-02,0.0,-6.49,720.0,,21024,0,785.0,785.0,702.0
2020-07-01,0.0,6.21,770.0,,15536,0,725.0,770.0,725.0
2020-06-30,0.0,9.85,725.0,,8769,0,670.0,726.0,670.0
2020-06-29,0.0,0.0,660.0,,40720,0,627.0,659.0,594.0
2020-05-13,0.0,-2.94,660.0,,435,0,667.0,667.0,660.0
2020-05-12,0.0,-3.0,680.0,,2295,0,687.0,687.0,680.0
2020-03-22,0.0,-3.97,701.0,,15101,0,744.0,744.0,700.0
2020-03-19,0.0,2.1,730.0,,55806,0,701.0,740.0,690.0
2020-03-18,0.0,-2.19,715.0,,43091,0,731.0,739.0,700.0
2020-03-17,0.0,-2.53,731.0,,46620,0,765.0,765.0,721.0
2020-03-16,0.0,0.0,750.0,,55501,0,741.0,764.0,723.0
2020-03-15,0.0,-5.06,750.0,,70304,0,780.0,787.0,748.0
2020-03-12,0.0,-3.07,790.0,,65403,0,831.0,831.0,784.0
2020-03-11,0.0,5.03,815.0,,83501,0,791.0,822.0,766.0
2020-03-10,0.0,-7.62,776.0,,60824,0,824.0,824.0,776.0
2020-03-05,0.0,-0.83,840.0,,78904,0,831.0,852.0,813.0
2020-03-04,0.0,-4.62,847.0,,107177,0,888.0,888.0,838.0
2020-03-03,0.0,4.47,888.0,,150206,0,850.0,910.0,815.0
2020-03-02,0.0,-9.57,850.0,,68203,0,926.0,939.0,850.0
2020-03-01,0.0,-1.57,940.0,,163043,0,955.0,1000.0,936.0
2020-02-27,0.0,9.77,955.0,,167082,0,861.0,955.0,845.0
2020-02-26,0.0,6.88,870.0,,83212,0,830.0,875.0,828.0
2020-02-25,0.0,1.75,814.0,,37640,0,805.0,814.0,779.0
2020-02-24,0.0,1.27,800.0,,93540,0,790.0,821.0,791.0
2020-02-23,0.0,4.64,790.0,,65129,0,758.0,804.0,758.0
2020-02-20,0.0,0.53,755.0,,21585,0,751.0,755.0,746.0
2020-02-19,0.0,-0.27,751.0,,23379,0,752.0,753.0,746.0
2020-02-18,0.0,0.4,753.0,,47604,0,764.0,765.0,744.0
2020-02-17,0.0,3.59,750.0,,51893,0,738.0,757.0,728.0
2020-02-16,0.0,0.14,724.0,,17985,0,726.0,726.0,719.0
2020-02-13,0.0,0.14,723.0,,16258,0,725.0,727.0,721.0
2020-02-12,0.0,-0.14,722.0,,11735,0,729.0,729.0,721.0
2020-02-11,0.0,0.42,723.0,,27491,0,716.0,730.0,715.0
2020-02-10,0.0,-0.14,720.0,,23380,0,725.0,727.0,716.0
2020-02-09,0.0,-0.69,721.0,,18422,0,732.0,732.0,720.0
2020-02-06,0.0,-1.09,726.0,,15362,0,735.0,740.0,726.0
2020-02-05,0.0,-0.68,734.0,,20827,0,739.0,739.0,734.0
2020-02-04,0.0,0.14,739.0,,27241,0,741.0,744.0,732.0
2020-02-03,0.0,-1.86,738.0,,33172,0,757.0,758.0,733.0
2020-02-02,0.0,2.17,752.0,,37634,0,740.0,754.0,740.0
2020-01-30,0.0,1.66,736.0,,14728,0,724.0,737.0,724.0
2020-01-29,0.0,-0.14,724.0,,10541,0,727.0,732.0,721.0
2020-01-28,0.0,0.69,725.0,,15203,0,734.0,735.0,725.0
2020-01-27,0.0,1.12,720.0,,17628,0,712.0,729.0,706.0
2020-01-26,0.0,-2.34,710.0,,20742,0,727.0,727.0,709.0
2020-01-23,0.0,-2.42,727.0,,19663,0,745.0,745.0,722.0
2020-01-22,0.0,-1.32,745.0,,12755,0,750.0,756.0,745.0
2020-01-21,0.0,-0.79,755.0,,18428,0,767.0,767.0,749.0
2020-01-20,0.0,-0.52,760.0,,25306,0,779.0,780.0,755.0
2020-01-19,0.0,1.73,764.0,,22863,0,760.0,766.0,757.0
2020-01-16,0.0,1.49,751.0,,26914,0,740.0,759.0,740.0
2020-01-15,0.0,1.37,740.0,,11175,0,735.0,743.0,733.0
2020-01-14,0.0,0.0,730.0,,12535,0,735.0,735.0,716.0
2020-01-13,0.0,0.55,730.0,,40571,0,734.0,749.0,726.0
2020-01-12,0.0,1.4,726.0,,30359,0,722.0,728.0,720.0
2020-01-09,0.0,-0.69,716.0,,9624,0,711.0,723.0,711.0
2020-01-08,0.0,-0.14,721.0,,17879,0,725.0,725.0,715.0
2020-01-07,0.0,1.26,722.0,,24397,0,725.0,734.0,719.0
2020-01-06,0.0,2.29,713.0,,23487,0,700.0,715.0,700.0
2020-01-05,0.0,1.75,697.0,,17152,0,690.0,699.0,690.0
2020-01-02,0.0,-0.72,685.0,,20018,0,688.0,690.0,684.0
2020-01-01,0.0,1.32,690.0,,10882,0,683.0,690.0,680.0
2019-12-31,0.0,0.89,681.0,,15116,0,679.0,682.0,676.0
2019-12-30,0.0,0.15,675.0,,17063,0,673.0,687.0,673.0
2019-12-29,0.0,-0.3,674.0,,14830,0,678.0,679.0,673.0
2019-12-26,0.0,1.05,676.0,,14538,0,667.0,677.0,665.0
2019-12-25,0.0,0.3,669.0,,12220,0,665.0,669.0,665.0
2019-12-24,0.0,-0.39,667.0,,22863,0,662.0,670.0,660.0
2019-12-23,0.0,-0.79,750.0,,66023,0,760.0,762.0,750.0
2019-12-22,0.0,0.4,756.0,,34362,0,755.0,760.0,750.0
2019-12-19,0.0,0.67,753.0,,15015,0,749.0,755.0,749.0
2019-12-18,0.0,0.67,748.0,,15298,0,748.0,750.0,742.0
2019-12-17,0.0,0.81,743.0,,9416,0,746.0,747.0,739.0
2019-12-16,0.0,-0.94,737.0,,11742,0,750.0,750.0,737.0
2019-12-15,0.0,0.4,752.0,,9306,0,755.0,755.0,748.0
2019-12-12,0.0,0.27,749.0,,16206,0,750.0,751.0,744.0
2019-12-11,0.0,0.54,747.0,,8847,0,745.0,750.0,743.0
2019-12-10,0.0,0.95,743.0,,4466,0,736.0,745.0,736.0
2019-12-09,0.0,0.96,736.0,,5466,0,730.0,749.0,730.0
2019-12-08,0.0,-0.14,729.0,,11013,0,739.0,739.0,725.0
2019-12-05,0.0,0.69,730.0,,13130,0,730.0,737.0,728.0
2019-12-04,0.0,0.0,725.0,,9772,0,727.0,729.0,725.0
2019-12-03,0.0,0.0,725.0,,9589,0,728.0,730.0,725.0
2019-12-02,0.0,0.28,725.0,,6572,0,726.0,726.0,723.0
2019-12-01,0.0,-0.28,723.0,,24232,0,725.0,730.0,723.0
2019-11-28,0.0,-0.96,725.0,,15634,0,732.0,733.0,724.0
2019-11-27,0.0,0.27,732.0,,18463,0,731.0,735.0,729.0
2019-11-26,0.0,0.41,730.0,,8682,0,726.0,735.0,725.0
2019-11-25,0.0,-0.41,727.0,,10567,0,731.0,732.0,727.0
2019-11-24,0.0,-1.35,730.0,,12391,0,739.0,742.0,730.0
2019-11-21,0.0,-1.33,740.0,,7681,0,750.0,750.0,739.0
2019-11-20,0.0,-0.4,750.0,,29088,0,755.0,760.0,750.0
2019-11-19,0.0,-0.26,753.0,,18207,0,755.0,755.0,750.0
2019-11-18,0.0,0.0,755.0,,23592,0,755.0,756.0,750.0
2019-11-17,0.0,0.8,755.0,,7383,0,753.0,755.0,745.0
2019-11-14,0.0,-0.13,749.0,,3797,0,750.0,754.0,749.0
2019-11-13,0.0,0.0,750.0,,6681,0,750.0,755.0,750.0
2019-11-12,0.0,-0.4,750.0,,21447,0,760.0,765.0,749.0
2019-11-11,0.0,-0.26,753.0,,15505,0,759.0,765.0,750.0
2019-11-10,0.0,0.0,755.0,,10153,0,760.0,763.0,753.0
2019-11-07,0.0,-1.69,755.0,,23312,0,772.0,772.0,755.0
2019-11-06,0.0,-0.26,768.0,,13493,0,774.0,774.0,765.0
2019-11-05,0.0,0.26,770.0,,16182,0,775.0,777.0,763.0
2019-11-04,0.0,1.05,768.0,,25965,0,764.0,780.0,762.0
2019-11-03,0.0,-0.13,760.0,,8041,0,760.0,760.0,752.0
2019-10-31,0.0,-0.91,761.0,,6352,0,768.0,768.0,753.0
2019-10-24,0.0,0.79,768.0,,8808,0,765.0,768.0,755.0
2019-10-23,0.0,0.79,762.0,,3122,0,756.0,765.0,756.0
2019-10-22,0.0,-0.26,756.0,,17493,0,758.0,762.0,754.0
2019-10-21,0.0,0.13,758.0,,6056,0,757.0,764.0,755.0
2019-10-20,0.0,-0.39,757.0,,4145,0,766.0,766.0,756.0
2019-10-17,0.0,-0.26,760.0,,8157,0,762.0,765.0,759.0
2019-10-16,0.0,-0.13,762.0,,4902,0,768.0,768.0,754.0
2019-10-15,0.0,-0.26,763.0,,4973,0,765.0,765.0,760.0
2019-10-14,0.0,-0.65,765.0,,16518,0,770.0,770.0,757.0
2019-10-10,0.0,0.13,770.0,,728,0,765.0,773.0,765.0
2019-10-03,0.0,-0.39,769.0,,5226,0,778.0,778.0,769.0
2019-10-02,0.0,0.0,772.0,,4486,0,777.0,780.0,770.0
2019-10-01,0.0,1.58,772.0,,2719,0,763.0,777.0,761.0
2019-09-30,0.0,1.06,760.0,,4706,0,760.0,760.0,754.0
2019-09-29,0.0,-0.92,752.0,,3598,0,760.0,760.0,751.0
2019-09-26,0.0,0.0,759.0,,3989,0,760.0,762.0,755.0
2019-09-24,0.0,0.0,760.0,,7998,0,760.0,760.0,757.0
2019-09-23,0.0,-0.65,760.0,,6194,0,761.0,768.0,760.0
2019-09-22,0.0,-0.65,765.0,,7591,0,768.0,770.0,762.0
2019-09-19,0.0,-0.65,770.0,,13287,0,784.0,784.0,770.0
2019-09-18,0.0,3.33,775.0,,7924,0,765.0,780.0,762.0
2019-09-17,0.0,1.08,750.0,,10137,0,745.0,766.0,745.0
2019-09-16,0.0,-2.24,742.0,,10591,0,756.0,756.0,742.0
2019-09-15,0.0,-1.43,759.0,,6359,0,770.0,775.0,759.0
2019-09-12,0.0,-0.26,770.0,,10514,0,770.0,771.0,765.0
2019-09-11,0.0,0.39,772.0,,4673,0,765.0,772.0,765.0
2019-09-10,0.0,-0.9,769.0,,7569,0,772.0,775.0,767.0
2019-09-09,0.0,0.0,776.0,,4931,0,775.0,778.0,770.0
2019-09-08,0.0,-0.51,776.0,,9562,0,778.0,781.0,775.0
2019-09-05,0.0,0.39,780.0,,8861,0,792.0,792.0,777.0
2019-09-04,0.0,0.39,777.0,,15241,0,780.0,781.0,770.0
2019-09-03,0.0,2.11,774.0,,8894,0,758.0,775.0,750.0
2019-09-02,0.0,-1.43,758.0,,6969,0,769.0,769.0,756.0
2019-09-01,0.0,-0.13,769.0,,9261,0,771.0,772.0,767.0
2019-08-29,0.0,0.0,770.0,,9213,0,771.0,775.0,768.0
2019-08-28,0.0,-1.03,770.0,,4274,0,780.0,790.0,770.0
2019-08-27,0.0,0.39,778.0,,5949,0,772.0,780.0,771.0
2019-08-26,0.0,-0.13,775.0,,23330,0,776.0,776.0,760.0
2019-08-25,0.0,-0.13,776.0,,7386,0,771.0,780.0,771.0
2019-08-22,0.0,-0.13,777.0,,7473,0,778.0,781.0,777.0
2019-08-21,0.0,0.0,778.0,,13659,0,777.0,779.0,775.0
2019-08-20,0.0,0.0,778.0,,12518,0,782.0,782.0,777.0
2019-08-19,0.0,-0.13,778.0,,10297,0,765.0,784.0,776.0
2019-08-18,0.0,-0.64,779.0,,12387,0,790.0,790.0,779.0
2019-08-15,0.0,0.64,784.0,,13055,0,782.0,785.0,780.0
2019-08-14,0.0,-0.38,779.0,,11640,0,784.0,784.0,775.0
2019-08-13,0.0,-0.13,782.0,,6190,0,785.0,785.0,781.0
2019-08-12,0.0,-0.13,783.0,,5650,0,782.0,788.0,782.0
2019-08-11,0.0,-0.76,784.0,,9920,0,788.0,788.0,781.0
2019-08-08,0.0,0.0,790.0,,10432,0,794.0,796.0,787.0
2019-08-07,0.0,0.0,790.0,,9174,0,790.0,795.0,784.0
2019-08-06,0.0,-1.25,790.0,,13321,0,795.0,795.0,789.0
2019-08-05,0.0,0.13,800.0,,9946,0,795.0,800.0,795.0
2019-08-04,0.0,-0.25,799.0,,11095,0,802.0,803.0,796.0
2019-08-01,0.0,0.12,801.0,,11281,0,802.0,805.0,800.0
2019-07-31,0.0,-0.12,800.0,,9199,0,800.0,805.0,800.0
2019-07-30,0.0,-0.25,801.0,,10926,0,803.0,805.0,800.0
2019-07-29,0.0,0.75,803.0,,10970,0,800.0,805.0,798.0
2019-07-28,0.0,-0.99,797.0,,17431,0,808.0,808.0,796.0
2019-07-25,0.0,-0.86,805.0,,11336,0,807.0,811.0,800.0
2019-07-24,0.0,0.5,812.0,,17884,0,815.0,815.0,805.0
2019-07-23,0.0,0.37,808.0,,13387,0,810.0,810.0,802.0
2019-07-22,0.0,0.5,805.0,,19698,0,810.0,819.0,803.0
2019-07-21,0.0,-1.35,801.0,,19195,0,808.0,810.0,800.0
2019-07-18,0.0,-0.12,812.0,,15304,0,820.0,820.0,808.0
2019-07-17,0.0,1.62,813.0,,17512,0,800.0,814.0,800.0
2019-07-16,0.0,0.13,800.0,,25920,0,838.0,838.0,792.0
2019-07-15,0.0,-3.15,799.0,,30861,0,826.0,833.0,799.0
2019-07-14,0.0,0.24,825.0,,3781,0,824.0,827.0,820.0
2019-07-11,0.0,1.48,823.0,,8966,0,813.0,824.0,813.0
2019-07-10,0.0,0.62,811.0,,9931,0,803.0,815.0,801.0
2019-07-09,0.0,2.41,806.0,,11678,0,787.0,806.0,786.0
2019-07-08,0.0,-0.38,787.0,,4253,0,790.0,790.0,785.0
2019-07-07,0.0,-1.0,790.0,,6481,0,800.0,805.0,790.0
2019-07-04,0.0,0.38,798.0,,10401,0,796.0,800.0,795.0
2019-07-03,0.0,1.4,795.0,,7949,0,787.0,799.0,775.0
2019-07-02,0.0,-0.13,784.0,,9500,0,781.0,785.0,775.0
2019-07-01,0.0,0.0,785.0,,8539,0,783.0,785.0,780.0
2019-06-30,0.0,-1.87,785.0,,28406,0,806.0,806.0,785.0
2019-06-27,0.0,-0.5,800.0,,12955,0,805.0,815.0,799.0
2019-06-26,0.0,-0.74,804.0,,7826,0,810.0,810.0,802.0
2019-06-25,0.0,0.25,810.0,,4883,0,805.0,810.0,800.0
2019-06-24,0.0,0.37,808.0,,3446,0,807.0,808.0,802.0
2019-06-23,0.0,-0.86,805.0,,5595,0,820.0,820.0,804.0
2019-06-20,0.0,-0.25,812.0,,4301,0,814.0,814.0,805.0
2019-06-19,0.0,0.0,814.0,,3158,0,829.0,829.0,803.0
2019-06-18,0.0,-0.25,814.0,,8230,0,816.0,816.0,806.0
2019-06-17,0.0,0.25,816.0,,10347,0,814.0,816.0,807.0
2019-06-16,0.0,-1.57,814.0,,13511,0,820.0,822.0,813.0
2019-06-13,0.0,0.85,827.0,,9849,0,820.0,834.0,818.0
2019-06-12,0.0,-0.24,820.0,,8943,0,818.0,823.0,815.0
2019-06-11,0.0,-0.48,822.0,,8030,0,825.0,826.0,820.0
2019-06-10,0.0,-0.24,826.0,,4518,0,820.0,842.0,820.0
2019-06-06,0.0,-0.12,828.0,,4877,0,832.0,832.0,826.0
2019-06-04,0.0,-0.48,829.0,,3935,0,843.0,843.0,829.0
2019-06-03,0.0,-0.12,833.0,,2874,0,835.0,835.0,830.0
2019-06-02,0.0,-1.53,834.0,,6077,0,848.0,848.0,832.0
2019-05-30,0.0,0.83,847.0,,9146,0,856.0,882.0,847.0
2019-05-29,0.0,0.48,840.0,,3151,0,840.0,840.0,837.0
2019-05-28,0.0,-0.48,836.0,,2822,0,830.0,844.0,830.0
2019-05-27,0.0,0.0,840.0,,2539,0,835.0,840.0,835.0
2019-05-26,0.0,-0.12,840.0,,5463,0,857.0,857.0,835.0
2019-05-23,0.0,0.0,841.0,,5508,0,843.0,845.0,835.0
2019-05-22,0.0,0.12,841.0,,1981,0,856.0,856.0,835.0
2019-05-21,0.0,1.2,840.0,,4169,0,829.0,840.0,827.0
2019-05-20,0.0,-1.54,830.0,,5507,0,849.0,849.0,830.0
2019-05-19,0.0,-0.24,843.0,,6356,0,855.0,855.0,831.0
2019-05-16,0.0,-0.71,845.0,,6365,0,851.0,858.0,845.0
2019-05-15,0.0,0.35,851.0,,5163,0,848.0,860.0,844.0
2019-05-14,0.0,0.47,848.0,,3614,0,840.0,850.0,837.0
2019-05-13,0.0,0.36,844.0,,2652,0,845.0,855.0,841.0
2019-05-12,0.0,0.0,841.0,,3539,0,841.0,845.0,831.0
2019-05-09,0.0,-0.59,841.0,,2950,0,862.0,862.0,838.0
2019-05-08,0.0,-0.47,846.0,,7578,0,855.0,855.0,840.0
2019-05-07,0.0,-0.12,850.0,,8243,0,856.0,869.0,850.0
2019-05-06,0.0,1.92,851.0,,8355,0,845.0,855.0,834.0
2019-05-05,0.0,-1.42,835.0,,9479,0,843.0,844.0,830.0
2019-05-02,0.0,-1.05,847.0,,6201,0,850.0,855.0,845.0
2019-04-30,0.0,-1.38,856.0,,7584,0,871.0,871.0,851.0
2019-04-29,0.0,-0.57,868.0,,8403,0,875.0,880.0,866.0
2019-04-28,0.0,-0.8,873.0,,9506,0,885.0,891.0,873.0
2019-04-25,0.0,0.23,880.0,,9441,0,890.0,895.0,877.0
2019-04-24,0.0,-0.34,878.0,,6811,0,881.0,894.0,864.0
2019-04-23,0.0,0.11,881.0,,15000,0,875.0,890.0,859.0
2019-04-22,0.0,1.62,880.0,,29675,0,880.0,900.0,868.0
2019-04-21,0.0,6.91,866.0,,28899,0,815.0,867.0,815.0
2019-04-18,0.0,4.79,810.0,,15287,0,785.0,810.0,785.0
2019-04-17,0.0,0.91,773.0,,11183,0,766.0,780.0,766.0
2019-04-16,0.0,2.68,766.0,,6057,0,749.0,773.0,747.0
2019-04-15,0.0,1.36,746.0,,3377,0,736.0,746.0,736.0
2019-04-11,0.0,-0.54,736.0,,7882,0,742.0,743.0,736.0
2019-04-10,0.0,-0.4,740.0,,8232,0,749.0,749.0,735.0
2019-04-09,0.0,0.41,743.0,,12325,0,741.0,750.0,740.0
2019-04-08,0.0,1.09,740.0,,23599,0,732.0,755.0,730.0
2019-04-07,0.0,0.69,732.0,,23725,0,730.0,732.0,721.0
2019-04-04,0.0,0.41,727.0,,8188,0,724.0,728.0,718.0
2019-04-03,0.0,0.98,724.0,,14196,0,731.0,731.0,712.0
2019-04-02,0.0,0.7,717.0,,15403,0,713.0,718.0,710.0
2019-04-01,0.0,0.0,712.0,,11973,0,713.0,714.0,709.0
2019-03-31,0.0,-0.28,712.0,,7019,0,715.0,717.0,707.0
2019-03-28,0.0,0.71,714.0,,5004,0,708.0,719.0,708.0
2019-03-27,0.0,-0.42,709.0,,9163,0,712.0,715.0,709.0
2019-03-26,0.0,0.0,712.0,,3898,0,710.0,712.0,706.0
2019-03-25,0.0,0.0,712.0,,7028,0,709.0,716.0,709.0
2019-03-24,0.0,0.28,712.0,,5859,0,721.0,721.0,709.0
2019-03-21,0.0,-1.8,710.0,,8927,0,722.0,722.0,708.0
2019-03-19,0.0,0.14,723.0,,1020,0,722.0,724.0,718.0
2019-03-18,0.0,0.0,722.0,,9174,0,726.0,730.0,722.0
2019-03-17,0.0,0.98,722.0,,9881,0,715.0,730.0,715.0
2019-03-14,0.0,0.0,715.0,,3812,0,719.0,720.0,708.0
2019-03-13,0.0,-0.69,715.0,,11208,0,725.0,731.0,715.0
2019-03-12,0.0,3.3,719.0,,12424,0,705.0,719.0,696.0
2019-03-11,0.0,0.72,696.0,,16082,0,694.0,700.0,691.0
2019-03-10,0.0,0.29,690.0,,1672,0,689.0,690.0,686.0
2019-03-09,0.0,0.29,690.0,,1672,0,689.0,690.0,686.0
2019-03-07,0.0,0.29,688.0,,7555,0,689.0,690.0,685.0
2019-03-06,0.0,0.44,686.0,,10200,0,683.0,688.0,680.0
2019-03-05,0.0,0.15,683.0,,6279,0,682.0,690.0,681.0
2019-03-03,0.0,-0.73,682.0,,8715,0,690.0,691.0,680.0
2019-02-27,0.0,0.0,687.0,,4794,0,686.0,689.0,681.0
2019-02-26,0.0,-3.09,687.0,,9887,0,700.0,708.93,678.0
2019-02-25,0.0,-0.13,794.0,,31622,0,795.0,799.0,789.0
2019-02-24,0.0,-1.0,795.0,,15486,0,810.0,810.0,792.0
2019-02-21,0.0,1.77,803.0,,17561,0,792.0,803.0,789.0
2019-02-20,0.0,-0.5,789.0,,9080,0,793.0,793.0,780.0
2019-02-19,0.0,1.28,793.0,,7663,0,793.0,795.0,776.0
2019-02-18,0.0,-2.97,783.0,,29718,0,815.0,815.0,778.0
2019-02-17,0.0,-1.34,807.0,,6470,0,829.0,829.0,807.0
2019-02-14,0.0,-0.49,818.0,,2494,0,820.0,825.0,818.0
2019-02-13,0.0,-0.36,822.0,,3151,0,830.0,830.0,818.0
2019-02-12,0.0,0.0,825.0,,2448,0,826.0,830.0,825.0
2019-02-11,0.0,0.12,825.0,,3879,0,830.0,830.0,823.0
2019-02-10,0.0,-0.84,824.0,,2399,0,830.0,831.0,820.0
2019-02-07,0.0,0.36,831.0,,3757,0,828.0,835.0,826.0
2019-02-06,0.0,-0.24,828.0,,3267,0,825.0,830.0,825.0
2019-02-05,0.0,0.12,830.0,,2150,0,829.0,835.0,829.0
2019-02-04,0.0,-1.43,829.0,,5154,0,837.0,841.0,825.0
2019-02-03,0.0,0.0,841.0,,4165,0,842.0,845.0,840.0
2019-01-31,0.0,0.48,841.0,,4408,0,837.0,844.0,837.0
2019-01-30,0.0,0.84,837.0,,3605,0,830.0,841.0,830.0
2019-01-29,0.0,-0.48,830.0,,6286,0,834.0,835.0,830.0
2019-01-28,0.0,-0.48,834.0,,2227,0,838.0,838.0,832.0
2019-01-27,0.0,-0.24,838.0,,3910,0,840.0,841.0,832.0
2019-01-24,0.0,0.24,840.0,,2567,0,838.0,843.0,838.0
2019-01-23,0.0,-0.48,838.0,,4189,0,842.0,850.0,838.0
2019-01-22,0.0,-0.12,842.0,,1670,0,843.0,845.0,841.0
2019-01-21,0.0,-0.82,843.0,,3420,0,850.0,848.0,836.0
2019-01-20,0.0,0.71,850.0,,2650,0,844.0,850.0,844.0
2019-01-17,0.0,-0.12,844.0,,2128,0,845.0,845.0,836.0
2019-01-16,0.0,0.36,845.0,,2960,0,842.0,858.0,841.0
2019-01-15,0.0,0.72,842.0,,2708,0,836.0,842.0,834.0
2019-01-14,0.0,-0.24,836.0,,4045,0,838.0,844.0,830.0
2019-01-13,0.0,0.36,838.0,,3132,0,835.0,851.0,835.0
2019-01-10,0.0,0.12,835.0,,5480,0,834.0,848.0,834.0
2019-01-09,0.0,-0.36,834.0,,4380,0,837.0,840.0,834.0
2019-01-08,0.0,0.24,837.0,,3971,0,835.0,839.0,835.0
2019-01-06,0.0,-0.48,837.0,,7310,0,841.0,848.0,835.0
2019-01-03,0.0,-1.06,841.0,,9928,0,850.0,855.0,841.0
2019-01-02,0.0,-0.12,850.0,,5122,0,851.0,859.0,850.0
2019-01-01,0.0,-1.05,851.0,,5002,0,860.0,863.0,851.0
2018-12-31,0.0,-0.69,860.0,,7285,0,866.0,879.0,860.0
2018-12-30,0.0,0.12,866.0,,4130,0,865.0,877.0,865.0
2018-12-27,0.0,0.12,865.0,,6193,0,864.0,880.0,864.0
2018-12-26,0.0,0.23,864.0,,7037,0,862.0,870.0,860.0
2018-12-25,0.0,-0.69,862.0,,1588,0,868.0,870.0,855.0
2018-12-24,0.0,-0.23,868.0,,5253,0,870.0,876.0,865.0
2018-12-23,0.0,2.23,870.0,,8974,0,851.0,870.0,851.0
2018-12-20,0.0,0.12,851.0,,3393,0,850.0,860.0,845.0
2018-12-19,0.0,-0.93,850.0,,7082,0,858.0,860.0,850.0
2018-12-18,0.0,-0.46,858.0,,5028,0,862.0,862.0,856.0
2018-12-17,0.0,1.06,862.0,,2512,0,853.0,869.0,850.0
2018-12-16,0.0,0.71,853.0,,9410,0,847.0,859.0,847.0
2018-12-13,0.0,-0.47,847.0,,4879,0,851.0,855.0,847.0
2018-12-12,0.0,-0.47,851.0,,3175,0,855.0,860.0,845.0
2018-12-11,0.0,0.23,855.0,,3869,0,853.0,860.0,844.0
2018-12-10,0.0,0.12,853.0,,8181,0,852.0,860.0,850.0
2018-12-09,0.0,0.24,852.0,,4171,0,850.0,856.0,850.0
2018-12-06,0.0,-0.12,850.0,,6099,0,851.0,851.0,830.0
2018-12-04,0.0,-0.35,860.0,,13920,0,863.0,863.0,841.0
2018-12-03,0.0,-0.23,863.0,,3135,0,865.0,875.0,862.0
2018-12-02,0.0,-1.94,865.0,,4594,0,882.14,882.14,865.0
2018-11-29,0.0,-0.79,882.0,,3294,0,889.0,890.0,882.0
2018-11-28,0.0,0.0,889.0,,5451,0,889.0,900.0,888.0
2018-11-27,0.0,0.05,889.0,,4029,0,888.58,899.0,885.0
2018-11-26,0.0,-1.2,888.0,,5967,0,898.76,898.76,888.0
2018-11-25,0.0,-0.26,898.0,,3792,0,900.34,904.0,898.0
2018-11-22,0.0,-0.66,900.0,,4595,0,906.0,915.0,900.0
2018-11-21,0.0,0.44,906.0,,3991,0,902.0,906.0,890.0
2018-11-20,0.0,-1.64,902.0,,760,0,917.0,918.0,902.0
2018-11-19,0.0,0.11,918.0,,2568,0,917.0,918.0,908.0
2018-11-18,0.0,-1.19,916.0,,3113,0,927.0,930.0,916.0
2018-11-15,0.0,0.76,926.0,,7548,0,919.0,940.0,919.0
2018-11-14,0.0,0.0,919.0,,4373,0,919.0,920.0,915.0
2018-11-05,0.0,-0.21,938.0,,2736,0,939.0,940.0,935.0
2018-11-04,0.0,-0.63,940.0,,2099,0,947.0,947.0,938.0
2018-11-01,0.0,-0.63,946.0,,1572,0,940.0,949.0,940.0
2018-10-31,0.0,1.28,952.0,,2427,0,941.0,952.0,940.0
2018-10-30,0.0,0.0,940.0,,1768,0,940.0,945.0,940.0
2018-10-29,0.0,-0.21,940.0,,2862,0,939.0,945.0,939.0
2018-10-28,0.0,-1.46,942.0,,2511,0,956.0,956.0,939.0
2018-10-25,0.0,-0.62,956.0,,1044,0,963.0,963.0,956.0
2018-10-24,0.0,0.21,962.0,,3191,0,960.0,970.0,956.0
2018-10-23,0.0,0.95,960.0,,2006,0,955.0,960.0,950.0
2018-10-22,0.0,-0.21,951.0,,1928,0,951.0,959.0,950.0
2018-10-21,0.0,0.0,953.0,,193,0,955.0,955.0,950.0
2018-10-15,0.0,1.6,953.0,,1245,0,940.0,956.0,940.0
2018-10-14,0.0,0.75,938.0,,1925,0,935.0,939.0,935.0
2018-10-11,0.0,0.11,931.0,,5113,0,931.0,937.0,929.0
2018-10-10,0.0,0.0,930.0,,4393,0,929.0,932.0,927.0
2018-10-09,0.0,0.11,929.0,,2484,0,931.0,939.0,927.0
2018-10-08,0.0,0.22,929.0,,3337,0,927.0,944.0,927.0
2018-10-07,0.0,-1.8,927.0,,5803,0,944.0,944.0,927.0
2018-10-04,0.0,0.21,943.0,,5142,0,940.0,958.0,916.0
2018-10-03,0.0,-0.32,942.0,,5114,0,945.0,945.0,932.0
2018-10-02,0.0,0.0,945.0,,3936,0,945.0,950.0,940.0
2018-10-01,0.0,-0.53,945.0,,2593,0,955.0,956.0,934.0
2018-09-30,0.0,-1.14,950.0,,7218,0,961.0,961.0,950.0
2018-09-27,0.0,-0.52,961.0,,3070,0,960.0,970.0,960.0
2018-09-26,0.0,0.1,966.0,,9356,0,960.0,969.0,960.0
2018-09-25,0.0,0.31,964.0,,4909,0,965.0,965.0,960.0
2018-09-23,0.0,-0.1,961.0,,3193,0,961.0,964.0,950.0
2018-09-20,0.0,-0.62,962.0,,6516,0,970.0,970.0,960.0
2018-09-18,0.0,0.0,968.0,,5243,0,970.0,970.0,966.0
2018-09-17,0.0,-0.1,968.0,,1984,0,967.0,970.0,965.0
2018-09-16,0.0,0.1,969.0,,9770,0,970.0,974.0,968.0
2018-09-13,0.0,0.31,968.0,,5373,0,966.0,970.0,966.0
2018-09-12,0.0,-0.1,965.0,,4296,0,966.0,967.0,965.0
2018-09-11,0.0,0.21,966.0,,6852,0,965.0,969.0,960.0
2018-09-10,0.0,-0.62,964.0,,7438,0,965.0,967.0,960.0
2018-09-09,0.0,0.52,970.0,,7541,0,955.0,974.0,955.0
2018-09-06,0.0,-0.51,965.0,,16518,0,972.0,984.0,963.0
2018-09-05,0.0,0.41,970.0,,10041,0,967.0,974.0,965.0
2018-09-04,0.0,0.21,966.0,,8115,0,970.0,971.0,961.0
2018-09-03,0.0,1.47,964.0,,7503,0,969.0,970.0,955.0
2018-09-02,0.0,0.32,950.0,,7021,0,949.0,952.0,946.0
2018-08-30,0.0,0.0,947.0,,5231,0,950.0,952.0,945.0
2018-08-29,0.0,-0.21,948.0,,3171,0,947.0,949.0,945.0
2018-08-28,0.0,0.42,949.0,,6091,0,946.0,950.0,943.0
2018-08-26,0.0,0.0,945.0,,5990,0,945.0,948.0,944.0
2018-08-23,0.0,0.0,945.0,,4749,0,945.0,945.0,941.0
2018-08-22,0.0,0.53,945.0,,2174,0,935.0,945.0,935.0
2018-08-21,0.0,-0.84,940.0,,4925,0,948.0,947.0,940.0
2018-08-20,0.0,-1.15,946.0,,9155,0,960.0,960.0,942.0
2018-08-19,0.0,0.21,958.0,,11046,0,960.0,965.0,954.0
2018-08-16,0.0,2.35,957.0,,17494,0,930.0,966.0,930.0
2018-08-15,0.0,3.09,935.0,,17869,0,916.0,940.0,913.0
2018-08-14,0.0,0.0,907.0,,6383,0,907.0,907.0,900.0
2018-08-13,0.0,0.78,907.0,,5383,0,900.0,907.0,900.0
2018-08-12,0.0,-0.99,900.0,,6359,0,910.0,910.0,894.0
2018-08-09,0.0,0.55,909.0,,3307,0,922.0,922.0,904.0
2018-08-08,0.0,0.0,904.0,,2673,0,905.0,910.0,903.0
2018-08-07,0.0,0.11,904.0,,2142,0,919.0,919.0,904.0
2018-08-06,0.0,-0.22,903.0,,6662,0,907.0,907.0,900.0
2018-08-05,0.0,-0.11,905.0,,6414,0,906.0,907.0,900.0
2018-08-02,0.0,-0.22,906.0,,5552,0,908.0,909.0,904.0
2018-08-01,0.0,0.33,907.0,,5960,0,910.0,910.0,904.0
2018-07-31,0.0,-0.44,906.0,,5144,0,905.0,910.0,905.0
2018-07-30,0.0,-0.11,909.0,,5174,0,910.0,913.0,907.0
2018-07-29,0.0,0.55,910.0,,5574,0,919.0,919.0,909.0
2018-07-26,0.0,0.89,905.0,,13263,0,900.0,908.0,899.0
2018-07-25,0.0,-0.22,897.0,,7248,0,900.0,900.0,897.0
2018-07-24,0.0,-0.11,899.0,,20936,0,900.0,905.0,898.0
2018-07-23,0.0,0.0,900.0,,11306,0,899.0,900.0,898.0
2018-07-22,0.0,0.0,900.0,,6188,0,900.0,900.0,897.0
2018-07-19,0.0,0.0,900.0,,36821,0,900.0,905.0,898.0
2018-07-18,0.0,0.0,900.0,,28537,0,905.0,905.0,897.0
2018-07-17,0.0,-2.28,900.0,,64608,0,917.0,917.0,899.0
2018-07-16,0.0,0.11,920.0,,10813,0,915.0,921.0,903.0
2018-07-15,0.0,0.88,920.0,,5465,0,912.0,920.0,912.0
2018-07-12,0.0,-0.65,912.0,,5387,0,915.0,922.0,911.0
2018-07-11,0.0,0.11,918.0,,9218,0,920.0,928.0,917.0
2018-07-10,0.0,-0.11,917.0,,3949,0,920.0,926.0,917.0
2018-07-09,0.0,-2.34,919.0,,11028,0,941.0,941.0,918.0
2018-07-08,0.0,1.73,940.0,,12880,0,942.0,953.0,928.0
2018-07-05,0.0,0.76,924.0,,12676,0,920.0,928.0,919.0
2018-07-04,0.0,-0.33,917.0,,6221,0,920.0,920.0,913.0
2018-07-03,0.0,0.0,920.0,,5734,0,920.0,926.0,918.0
2018-07-02,0.0,-0.22,906.0,,5552,0,908.0,909.0,904.0
2018-07-01,0.0,0.33,907.0,,5960,0,910.0,910.0,904.0
2018-06-28,0.0,0.11,931.0,,2623,0,932.0,955.0,931.0
2018-06-27,0.0,0.21,930.0,,5047,0,930.0,935.0,921.0
2018-06-26,0.0,-0.43,930.0,,1174,0,925.0,931.0,922.0
2018-06-25,0.0,-1.06,932.0,,4988,0,945.0,945.0,930.0
2018-06-24,0.0,0.0,942.0,,4494,0,943.0,943.0,936.0
2018-06-21,0.0,0.21,942.0,,2308,0,945.0,945.0,940.0
2018-06-20,0.0,-0.11,940.0,,3344,0,940.0,945.0,940.0
2018-06-19,0.0,-0.21,941.0,,1365,0,944.0,944.0,940.0
2018-06-18,0.0,0.11,943.0,,2878,0,945.0,955.0,937.0
2018-06-17,0.0,-1.67,942.0,,3161,0,955.0,959.0,940.0
2018-06-14,0.0,0.31,958.0,,947,0,960.0,963.0,955.0
2018-06-13,0.0,0.0,955.0,,3803,0,960.0,960.0,945.0
2018-06-12,0.0,0.0,955.0,,4558,0,960.0,960.0,945.0
2018-06-11,0.0,-0.1,955.0,,5198,0,955.0,975.0,945.0
2018-06-10,0.0,-1.95,956.0,,5466,0,970.0,970.0,944.0
2018-06-07,0.0,-1.52,975.0,,4786,0,990.0,990.0,975.0
2018-06-06,0.0,1.12,990.0,,1882,0,998.0,1000.0,988.0
2018-06-04,0.0,-0.1,979.0,,3875,0,970.0,985.0,970.0
2018-06-03,0.0,-2.0,980.0,,5913,0,1000.0,1000.0,980.0
2018-05-31,0.0,0.0,1000.0,,3164,0,1005.0,1005.0,995.0
2018-05-30,0.0,0.1,1000.0,,2360,0,1000.0,1013.0,999.0
2018-05-29,0.0,-1.28,999.0,,4198,0,1007.0,1010.0,999.0
2018-05-28,0.0,2.33,1012.0,,4170,0,989.0,1012.0,985.0
2018-05-27,0.0,-0.1,988.0,,3069,0,990.0,990.0,978.0
2018-05-24,0.0,0.3,990.0,,5307,0,987.0,999.0,990.0
2018-05-23,0.0,-0.8,987.0,,5655,0,995.0,999.0,984.0
2018-05-22,0.0,-0.4,995.0,,6365,0,1000.0,1003.0,995.0
2018-05-21,0.0,-0.1,999.0,,6405,0,1000.0,1010.0,996.0
2018-05-20,0.0,-0.2,1003.0,,9372,0,1022.0,1022.0,1000.0
2018-05-17,0.0,0.2,1002.0,,3295,0,1005.0,1005.0,1001.0
2018-05-16,0.0,-0.2,1000.0,,6058,0,1002.0,1002.0,999.0
2018-05-15,0.0,0.2,1002.0,,2596,0,1000.0,1007.0,995.0
2018-05-14,0.0,-0.3,1000.0,,8898,0,1003.0,1004.0,990.0
2018-05-10,0.0,0.0,1003.0,,3212,0,1003.0,1010.0,996.0
2018-05-09,0.0,-0.69,1003.0,,7968,0,1010.0,1014.0,1003.0
2018-05-08,0.0,1.1,1010.0,,8831,0,1006.0,1010.0,997.0
2018-05-07,0.0,-0.6,999.0,,6050,0,1010.0,1010.0,998.0
2018-05-06,0.0,-0.4,1005.0,,6340,0,1005.0,1006.0,1000.0
2018-05-03,0.0,0.0,1009.0,,6662,0,1011.0,1025.0,1009.0
2018-05-02,0.0,-0.39,1009.0,,10811,0,1013.0,1025.0,996.0
2018-04-29,0.0,-1.65,1015.0,,7378,0,1015.0,1020.0,1002.0
2018-04-26,0.0,-0.96,1030.0,,13380,0,1050.0,1050.0,1020.0
2018-04-25,0.0,0.78,1040.0,,10589,0,1040.0,1045.0,1030.0
2018-04-24,0.0,-1.71,1032.0,,8229,0,1055.0,1064.0,1032.0
2018-04-23,0.0,-1.41,1051.0,,16208,0,1081.0,1081.0,1050.0
2018-04-22,0.0,0.95,1065.0,,20691,0,1055.0,1076.0,1058.0
2018-04-19,0.0,1.44,1055.0,,15695,0,1050.0,1060.0,1041.0
2018-04-18,0.0,3.79,1040.0,,21999,0,1005.0,1050.0,999.0
2018-04-17,0.0,0.6,1002.0,,16009,0,996.0,1005.0,997.0
2018-04-16,0.0,0.61,996.0,,8325,0,990.0,999.0,980.0
2018-04-15,0.0,0.1,990.0,,13102,0,989.0,999.0,979.0
2018-04-12,0.0,0.1,988.0,,14218,0,999.0,999.0,988.0
2018-04-11,0.0,0.2,987.0,,8026,0,983.0,994.0,980.0
2018-04-10,0.0,-0.8,986.0,,11944,0,990.0,1000.0,980.0
2018-04-09,0.0,-0.5,995.0,,35267,0,1015.0,1030.0,994.0
2018-04-08,0.0,2.99,999.0,,31730,0,972.0,1010.0,972.0
2018-04-05,0.0,0.52,970.0,,27949,0,970.0,978.0,965.0
2018-04-04,0.0,1.58,965.0,,16959,0,952.0,965.0,950.0
2018-04-03,0.0,0.53,950.0,,11371,0,945.0,950.0,939.0
2018-04-02,0.0,0.0,945.0,,8678,0,945.0,949.0,937.0
2018-04-01,0.0,-2.58,945.0,,15347,0,975.0,975.0,917.0
2018-03-29,0.0,0.21,970.0,,18810,0,974.0,987.0,967.0
2018-03-28,0.0,3.09,968.0,,23753,0,950.0,968.0,931.0
2018-03-27,0.0,1.51,939.0,,25557,0,925.0,950.0,888.0
2018-03-26,0.0,-5.13,925.0,,16921,0,975.0,965.0,920.0
2018-03-22,0.0,-1.02,975.0,,20012,0,976.0,990.0,969.0
2018-03-21,0.0,-2.96,985.0,,20783,0,1000.0,1001.0,985.0
2018-03-20,0.0,0.0,1015.0,,23717,0,1010.0,1015.0,998.0
2018-03-19,0.0,-0.98,1015.0,,12030,0,1030.0,1030.0,1012.0
2018-03-18,0.0,0.19,1025.0,,12162,0,1025.0,1029.0,1019.0
2018-03-15,0.0,-0.68,1024.0,,11196,0,1030.0,1035.0,1023.0
2018-03-14,0.0,0.0,1030.0,,9600,0,1040.0,1040.0,1030.0
2018-03-13,0.0,-1.25,1030.0,,14786,0,1037.0,1041.0,1024.0
2018-03-12,0.0,-0.1,1043.0,,8110,0,1044.0,1043.0,1035.0
2018-03-11,0.0,-1.51,1044.0,,11768,0,1060.0,1060.0,1040.0
2018-03-07,0.0,0.95,1060.0,,21280,0,1051.0,1065.0,1051.0
2018-03-06,0.0,1.45,1050.0,,15880,0,1035.0,1060.0,1025.0
2018-03-04,0.0,-2.45,1034.0,,13490,0,1045.0,1045.0,1022.0
2018-02-28,0.0,-0.75,1060.0,,12588,0,1060.0,1067.0,1055.0
2018-02-27,0.0,0.85,1068.0,,19270,0,1060.0,1075.0,1055.0
2018-02-26,0.0,-1.03,1060.0,,12348,0,1080.0,1085.0,1059.0
2018-02-25,0.0,-1.38,1075.0,,10323,0,1090.0,1090.0,1065.0
2018-02-22,0.0,-0.46,1090.0,,8036,0,1100.0,1100.0,1086.0
2018-02-21,0.0,-0.45,1095.0,,2594,0,1095.0,1096.0,1085.0
2018-02-20,0.0,-1.08,1100.0,,9378,0,1120.0,1130.0,1093.0
2018-02-18,0.0,0.72,1112.0,,19540,0,1104.0,1126.0,1106.0
2018-02-15,0.0,3.37,1104.0,,18692,0,1075.0,1104.0,1075.0
2018-02-14,0.0,0.56,1068.0,,11870,0,1075.0,1075.0,1060.0
2018-02-12,0.0,-0.75,1062.0,,6125,0,1072.0,1074.0,1061.0
2018-02-11,0.0,0.47,1070.0,,6351,0,1068.0,1070.0,1060.0
2018-02-08,0.0,-0.09,1065.0,,8717,0,1066.0,1070.0,1057.0
2018-02-07,0.0,-0.56,1066.0,,7436,0,1065.0,1066.0,1060.0
2018-02-06,0.0,-0.46,1072.0,,4578,0,1070.0,1073.0,1065.0
2018-02-05,0.0,-0.83,1077.0,,12146,0,1090.0,1092.0,1074.0
2018-02-04,0.0,-0.37,1086.0,,19894,0,1090.0,1099.0,1086.0
2018-02-01,0.0,1.87,1090.0,,12664,0,1075.0,1098.0,1075.0
2018-01-31,0.0,1.71,1070.0,,10033,0,1062.0,1070.0,1058.0
2018-01-29,0.0,0.38,1052.0,,11653,0,1045.0,1055.0,1045.0
2018-01-28,0.0,1.06,1048.0,,10059,0,1045.0,1055.0,1044.0
2018-01-25,0.0,2.17,1037.0,,8156,0,1020.0,1039.0,1020.0
2018-01-24,0.0,-1.55,1015.0,,19823,0,1032.0,1032.0,1010.0
2018-01-23,0.0,-0.77,1031.0,,6612,0,1030.0,1040.0,1030.0
2018-01-22,0.0,0.0,1039.0,,11946,0,1040.0,1043.0,1033.0
2018-01-21,0.0,0.0,1039.0,,12003,0,1035.0,1045.0,1025.0
2018-01-17,0.0,0.87,1039.0,,20617,0,1026.0,1045.0,1010.0
2018-01-16,0.0,-3.29,1030.0,,22276,0,1066.0,1066.0,1025.0
2018-01-14,0.0,-0.47,1065.0,,9390,0,1067.0,1073.0,1055.0
2018-01-10,0.0,-1.83,1070.0,,12309,0,1093.0,1093.0,1070.0
2018-01-09,0.0,0.09,1090.0,,9727,0,1089.0,1100.0,1089.0
2018-01-08,0.0,0.74,1089.0,,14120,0,1089.0,1097.0,1080.0
2018-01-07,0.0,0.09,1081.0,,8667,0,1076.0,1090.0,1074.0
2018-01-04,0.0,2.37,1080.0,,7265,0,1060.0,1081.0,1059.0
2018-01-03,0.0,-2.31,1055.0,,12532,0,1100.0,1100.0,1050.0
2018-01-02,0.0,1.41,1080.0,,24418,0,1065.0,1101.0,1065.0
2018-01-01,0.0,4.41,1065.0,,15122,0,1020.0,1065.0,1020.0
2017-12-31,0.0,-6.42,1020.0,,19263,0,1090.0,1090.0,1015.0
2017-12-28,0.0,-3.88,1090.0,,15690,0,1125.0,1129.0,1085.0
2017-12-27,0.0,-0.96,1134.0,,2831,0,1130.0,1143.0,1130.0
2017-12-26,0.0,-0.43,1145.0,,2029,0,1150.0,1155.0,1130.0
2017-12-24,0.0,0.09,1150.0,,4231,0,1150.0,1155.0,1148.0
2017-12-21,0.0,-0.52,1149.0,,4245,0,1165.0,1160.0,1145.0
2017-12-20,0.0,0.0,1155.0,,2665,0,1150.0,1160.0,1145.0
2017-12-19,0.0,-0.43,1155.0,,2366,0,1155.0,1161.0,1155.0
2017-12-18,0.0,0.43,1160.0,,1545,0,1160.0,1164.0,1160.0
2017-12-17,0.0,-0.43,1157.0,,3691,0,1160.0,1160.0,1150.0
2017-12-14,0.0,1.12,1169.0,,372,0,1160.0,1169.0,1159.0
2017-12-13,0.0,-0.34,1156.0,,2013,0,1160.0,1160.0,1155.0
2017-12-12,0.0,-0.6,1160.0,,950,0,1164.0,1170.0,1153.0
2017-12-11,0.0,0.26,1167.0,,2773,0,1165.0,1167.0,1152.0
2017-12-10,0.0,-0.34,1164.0,,9654,0,1170.0,1176.0,1155.0
2017-12-06,0.0,-0.17,1168.0,,4018,0,1170.0,1180.0,1165.0
2017-12-05,0.0,0.34,1170.0,,4113,0,1170.0,1170.0,1155.0
2017-12-04,0.0,-1.1,1166.0,,4406,0,1181.0,1181.0,1166.0
2017-11-30,0.0,-0.08,1179.0,,8116,0,1180.0,1190.0,1170.0
2017-11-29,0.0,0.0,1180.0,,11254,0,1180.0,1190.0,1180.0
2017-11-28,0.0,1.29,1178.0,,5031,0,1165.0,1180.0,1165.0
2017-11-27,0.0,-0.85,1165.0,,7045,0,1180.0,1184.0,1160.0
2017-11-26,0.0,0.77,1175.0,,7461,0,1166.0,1180.0,1170.0
2017-11-23,0.0,0.0,1166.0,,5085,0,1166.0,1175.0,1166.0
2017-11-22,0.0,1.83,1166.0,,3050,0,1164.0,1168.0,1160.0
2017-11-21,0.0,0.44,1145.0,,4337,0,1130.0,1162.0,1130.0
2017-11-20,0.0,-2.4,1140.0,,11937,0,1157.0,1157.0,1140.0
2017-11-19,0.0,-1.18,1168.0,,2558,0,1182.0,1200.0,1168.0
2017-11-16,0.0,-1.5,1188.0,,4677,0,1200.0,1200.0,1180.0
2017-11-15,0.0,0.0,1200.0,,8902,0,1200.0,1208.0,1197.0
2017-11-14,0.0,3.36,1200.0,,11066,0,1165.0,1200.0,1163.0
2017-11-13,0.0,0.96,1161.0,,10925,0,1150.0,1165.0,1150.0
2017-11-12,0.0,1.77,1150.0,,10024,0,1130.0,1150.0,1121.0
2017-11-09,0.0,-3.0,1130.0,,18364,0,1165.0,1165.0,1130.0
2017-11-08,0.0,-1.19,1165.0,,4291,0,1179.0,1180.0,1165.0
2017-11-07,0.0,-0.92,1179.0,,9207,0,1191.0,1195.0,1175.0
2017-11-06,0.0,-1.08,1190.0,,5666,0,1203.0,1200.0,1180.0
2017-11-05,0.0,-0.99,1203.0,,7767,0,1210.0,1210.0,1194.0
2017-11-02,0.0,-0.41,1215.0,,7706,0,1210.0,1230.0,1208.0
2017-11-01,0.0,0.08,1220.0,,3253,0,1235.0,1235.0,1220.0
2017-10-31,0.0,-0.49,1219.0,,4315,0,1225.0,1225.0,1210.0
2017-10-30,0.0,-0.41,1227.0,,5881,0,1220.0,1234.0,1220.0
2017-10-29,0.0,-0.4,1230.0,,2416,0,1240.0,1240.0,1225.0
2017-10-25,0.0,-1.75,1235.0,,2350,0,1265.0,1265.0,1235.0
2017-10-24,0.0,-0.63,1257.0,,2908,0,1265.0,1270.0,1251.0
2017-10-23,0.0,-0.55,1265.0,,1708,0,1272.0,1280.0,1260.0
2017-10-22,0.0,-0.39,1272.0,,1070,0,1280.0,1285.0,1270.0
2017-10-18,0.0,0.31,1277.0,,4812,0,1270.0,1280.0,1264.0
2017-10-17,0.0,-0.93,1273.0,,6476,0,1290.0,1291.0,1265.0
2017-10-16,0.0,5.41,1280.0,,6273,0,1225.0,1285.0,1220.0
2017-10-15,0.0,1.58,1219.0,,1432,0,1212.0,1219.0,1200.0
2017-10-12,0.0,0.0,1200.0,,6092,0,1205.0,1205.0,1195.0
2017-10-11,0.0,-0.41,1200.0,,5616,0,1205.0,1209.0,1199.0
2017-10-10,0.0,0.0,1206.0,,2185,0,1200.0,1211.0,1190.0
2017-10-09,0.0,-1.07,1205.0,,6902,0,1225.0,1225.0,1200.0
2017-10-08,0.0,-2.17,1215.0,,5817,0,1245.0,1245.0,1200.0
2017-10-04,0.0,-1.58,1245.0,,5471,0,1260.0,1269.0,1245.0
2017-10-03,0.0,0.08,1265.0,,1586,0,1250.0,1265.0,1243.0
2017-09-26,0.0,0.32,1263.0,,6134,0,1265.0,1265.0,1251.0
2017-09-25,0.0,0.48,1260.0,,2474,0,1264.0,1265.0,1258.0
2017-09-24,0.0,0.0,1254.0,,8497,0,1251.0,1260.0,1242.0
2017-09-20,0.0,-0.79,1254.0,,5611,0,1274.0,1274.0,1254.0
2017-09-18,0.0,1.53,1264.0,,6829,0,1255.0,1270.0,1255.0
2017-09-17,0.0,3.32,1245.0,,8537,0,1210.0,1255.0,1210.0
2017-09-14,0.0,1.69,1205.0,,9574,0,1202.0,1210.0,1189.0
2017-09-13,0.0,-0.5,1185.0,,6694,0,1171.0,1190.0,1170.0
2017-09-12,0.0,-5.02,1191.0,,16172,0,1254.0,1235.0,1191.0
2017-09-11,0.0,-0.24,1630.0,,63239,0,1640.0,1650.0,1613.0
2017-09-10,0.0,-2.45,1634.0,,29951,0,1680.0,1688.0,1632.0
2017-09-07,0.0,-1.12,1677.0,,28839,0,1700.0,1700.0,1675.0
2017-09-06,0.0,1.74,1694.0,,19799,0,1670.0,1715.0,1670.0
2017-09-04,0.0,-2.06,1665.0,,13365,0,1701.0,1701.0,1640.0
2017-08-31,0.0,-2.13,1700.0,,13665,0,1737.0,1750.0,1699.0
2017-08-30,0.0,-1.42,1737.0,,11486,0,1765.0,1770.0,1722.0
2017-08-28,0.0,-0.28,1766.0,,20703,0,1775.0,1799.0,1758.0
2017-08-27,0.0,2.2,1767.0,,31262,0,1729.0,1810.0,1755.0
2017-08-24,0.0,-0.06,1729.0,,4183,0,1730.0,1730.0,1718.0
2017-08-23,0.0,0.06,1730.0,,4741,0,1730.0,1740.0,1730.0
2017-08-22,0.0,0.52,1729.0,,5422,0,1720.0,1730.0,1717.0
2017-08-21,0.0,-0.86,1720.0,,3081,0,1730.0,1730.0,1715.0
2017-08-20,0.0,-0.12,1735.0,,5888,0,1740.0,1760.0,1732.0
2017-08-17,0.0,1.11,1737.0,,10056,0,1718.0,1751.0,1710.0
2017-08-16,0.0,-0.12,1718.0,,7982,0,1725.0,1735.0,1713.0
2017-08-15,0.0,-1.71,1720.0,,5048,0,1741.0,1749.0,1720.0
2017-08-13,0.0,-0.46,1750.0,,9970,0,1762.0,1769.0,1745.0
2017-08-10,0.0,-1.24,1758.0,,10168,0,1779.0,1779.0,1736.0
2017-08-09,0.0,0.68,1780.0,,12288,0,1775.0,1798.0,1775.0
2017-08-07,0.0,2.31,1768.0,,17674,0,1762.0,1773.0,1750.0
2017-08-06,0.0,3.66,1728.0,,18127,0,1700.0,1733.0,1700.0
2017-08-03,0.0,1.77,1667.0,,15706,0,1638.0,1675.0,1652.0
2017-08-02,0.0,0.18,1638.0,,4095,0,1640.0,1640.0,1630.0
2017-08-01,0.0,0.8,1635.0,,3486,0,1630.0,1642.0,1625.0
2017-07-31,0.0,0.12,1622.0,,3329,0,1626.0,1629.0,1620.0
2017-07-30,0.0,-0.43,1620.0,,3503,0,1610.0,1630.0,1610.0
2017-07-27,0.0,0.43,1627.0,,4790,0,1625.0,1640.0,1625.0
2017-07-26,0.0,0.5,1620.0,,3897,0,1613.0,1643.0,1612.0
2017-07-25,0.0,0.12,1612.0,,5546,0,1620.0,1620.0,1607.0
2017-07-24,0.0,-1.53,1610.0,,4650,0,1640.0,1650.0,1600.0
2017-07-23,0.0,-1.39,1635.0,,4811,0,1665.0,1665.0,1630.0
2017-07-20,0.0,0.0,1658.0,,6554,0,1669.0,1670.0,1656.0
2017-07-19,0.0,1.22,1658.0,,12595,0,1668.0,1670.0,1650.0
2017-07-18,0.0,2.57,1638.0,,12310,0,1600.0,1650.0,1599.0
2017-07-17,0.0,4.38,1597.0,,11170,0,1540.0,1599.0,1540.0
2017-07-16,0.0,0.46,1530.0,,2912,0,1515.0,1530.0,1500.0
2017-07-13,0.0,0.26,1523.0,,2709,0,1515.0,1525.0,1512.0
2017-07-12,0.0,0.86,1519.0,,2244,0,1510.0,1520.0,1510.0
2017-07-11,0.0,0.87,1506.0,,3583,0,1500.0,1510.0,1500.0
2017-07-10,0.0,-0.47,1493.0,,6071,0,1505.0,1505.0,1490.0
2017-07-09,0.0,0.0,1500.0,,6988,0,1500.0,1525.0,1490.0
2017-07-06,0.0,1.69,1500.0,,3154,0,1475.0,1500.0,1475.0
2017-07-05,0.0,-0.07,1475.0,,2783,0,1476.0,1485.0,1475.0
2017-07-04,0.0,0.07,1476.0,,2778,0,1479.0,1479.0,1472.0
2017-07-03,0.0,-0.27,1475.0,,2096,0,1479.0,1480.0,1470.0
2017-07-02,0.0,-1.33,1479.0,,3363,0,1499.0,1499.0,1460.0
2017-06-28,0.0,0.54,1499.0,,4402,0,1500.0,1500.0,1485.0
2017-06-27,0.0,0.13,1491.0,,3543,0,1495.0,1499.0,1485.0
2017-06-25,0.0,2.55,1489.0,,3963,0,1475.0,1490.0,1465.0
2017-06-22,0.0,-0.55,1452.0,,3172,0,1484.0,1484.0,1451.0
2017-06-21,0.0,1.25,1460.0,,3699,0,1450.0,1460.0,1450.0
2017-06-20,0.0,-0.55,1442.0,,4585,0,1451.0,1455.0,1436.0
2017-06-19,0.0,-0.62,1452.0,,6395,0,1460.0,1460.0,1445.0
2017-06-18,0.0,-1.42,1459.0,,3120,0,1480.0,1480.0,1453.0
2017-06-15,0.0,1.93,1480.0,,4356,0,1460.0,1504.0,1458.0
2017-06-14,0.0,-0.55,1452.0,,10596,0,1460.0,1460.0,1450.0
2017-06-13,0.0,0.0,1460.0,,5712,0,1460.0,1479.0,1455.0
2017-06-12,0.0,-0.82,1460.0,,9507,0,1451.0,1479.0,1451.0
2017-06-11,0.0,-2.64,1473.0,,6190,0,1512.0,1512.0,1470.0
2017-06-08,0.0,-0.2,1512.0,,3132,0,1505.0,1515.0,1500.0
2017-06-07,0.0,-0.26,1515.0,,10804,0,1540.0,1540.0,1514.0
2017-06-06,0.0,1.27,1519.0,,8003,0,1530.0,1530.0,1500.0
2017-06-05,0.0,1.35,1500.0,,3695,0,1509.0,1509.0,1480.0
2017-06-04,0.0,-1.33,1480.0,,8738,0,1501.0,1501.0,1470.0
2017-06-01,0.0,0.0,1500.0,,8966,0,1506.0,1525.0,1495.0
2017-05-31,0.0,0.07,1500.0,,5049,0,1499.0,1515.0,1490.0
2017-05-30,0.0,-2.54,1500.0,,4117,0,1531.0,1545.0,1499.0
2017-05-28,0.0,-1.22,1538.0,,4688,0,1550.0,1553.0,1535.0
2017-05-24,0.0,0.45,1557.0,,3326,0,1550.0,1557.0,1541.0
2017-05-23,0.0,0.98,1550.0,,3558,0,1549.0,1560.0,1540.0
2017-05-22,0.0,-0.97,1538.0,,1271,0,1545.0,1559.0,1535.0
2017-05-21,0.0,-0.26,1550.0,,1204,0,1535.0,1560.0,1535.0
2017-05-18,0.0,-0.38,1554.0,,5123,0,1560.0,1565.0,1540.0
2017-05-17,0.0,0.13,1560.0,,2503,0,1558.0,1560.0,1550.0
2017-05-16,0.0,-0.13,1558.0,,1888,0,1560.0,1560.0,1536.0
2017-05-15,0.0,0.0,1560.0,,3167,0,1575.0,1577.0,1560.0
2017-05-11,0.0,0.0,1560.0,,2672,0,1562.0,1570.0,1560.0
2017-05-09,0.0,1.3,1560.0,,2023,0,1540.0,1580.0,1550.0
2017-05-08,0.0,0.33,1540.0,,2702,0,1564.0,1564.0,1520.0
2017-05-07,0.0,-1.6,1535.0,,3218,0,1560.0,1560.0,1525.0
2017-05-04,0.0,-0.57,1560.0,,2743,0,1570.0,1570.0,1552.0
2017-05-03,0.0,2.21,1569.0,,3461,0,1565.0,1596.0,1560.0
2017-05-02,0.0,-0.65,1535.0,,2341,0,1540.0,1545.0,1535.0
2017-04-30,0.0,-2.22,1545.0,,6533,0,1550.0,1580.0,1545.0
2017-04-27,0.0,0.38,1580.0,,3571,0,1580.0,1581.0,1557.0
2017-04-26,0.0,-1.01,1574.0,,2038,0,1570.0,1579.0,1565.0
2017-04-25,0.0,-0.56,1590.0,,3009,0,1570.0,1596.0,1570.0
2017-04-24,0.0,0.0,1595.0,,4041,0,1580.0,1600.0,1575.0
2017-04-23,0.0,3.16,1600.0,,7375,0,1582.0,1650.0,1580.0
2017-04-20,0.0,0.71,1551.0,,4148,0,1540.0,1570.0,1540.0
2017-04-19,0.0,1.65,1540.0,,3753,0,1515.0,1545.0,1500.0
2017-04-18,0.0,-2.63,1515.0,,2972,0,1540.0,1556.0,1515.0
2017-04-16,0.0,-2.14,1556.0,,2911,0,1565.0,1590.0,1540.0
2017-04-13,0.0,-1.55,1590.0,,4916,0,1585.0,1600.0,1565.0
2017-04-12,0.0,0.94,1615.0,,8132,0,1632.0,1635.0,1592.0
2017-04-11,0.0,1.59,1600.0,,9167,0,1598.0,1628.0,1592.0
2017-04-10,0.0,0.45,1575.0,,8280,0,1560.0,1575.0,1550.0
2017-04-09,0.0,-0.13,1568.0,,4935,0,1575.0,1585.0,1539.0
2017-04-06,0.0,-0.63,1570.0,,5503,0,1580.0,1580.0,1556.0
2017-04-04,0.0,0.19,1580.0,,8995,0,1594.0,1594.0,1550.0
2017-04-03,0.0,-0.13,1577.0,,15195,0,1610.0,1716.0,1550.0
2017-04-02,0.0,1.87,1579.0,,8810,0,1580.0,1591.0,1560.0
2017-03-30,0.0,-1.27,1550.0,,9746,0,1570.0,1570.0,1541.0
2017-03-29,0.0,-0.32,1570.0,,18088,0,1575.0,1606.0,1550.0
2017-03-28,0.0,5.0,1575.0,,9939,0,1500.0,1581.0,1529.0
2017-03-26,0.0,2.04,1500.0,,14931,0,1499.0,1529.0,1480.0
2017-03-23,0.0,-0.74,1470.0,,8543,0,1490.0,1499.0,1465.0
2017-03-22,0.0,0.41,1481.0,,12277,0,1480.0,1538.0,1480.0
2017-03-21,0.0,1.03,1475.0,,7625,0,1468.0,1475.0,1450.0
2017-03-20,0.0,1.39,1460.0,,10234,0,1445.0,1465.0,1440.0
2017-03-19,0.0,0.0,1440.0,,4640,0,1440.0,1446.0,1430.0
2017-03-16,0.0,0.0,1440.0,,3233,0,1431.0,1449.0,1431.0
2017-03-15,0.0,-0.62,1440.0,,1235,0,1421.0,1449.0,1421.0
2017-03-14,0.0,-0.41,1449.0,,1385,0,1462.0,1465.0,1440.0
2017-03-13,0.0,1.32,1455.0,,2366,0,1440.0,1460.0,1435.0
2017-03-09,0.0,0.07,1436.0,,3014,0,1442.0,1463.0,1436.0
2017-03-07,0.0,-2.31,1435.0,,4045,0,1440.0,1450.0,1424.0
2017-03-06,0.0,1.31,1469.0,,3287,0,1460.0,1470.0,1451.0
2017-03-05,0.0,2.11,1450.0,,5909,0,1395.0,1461.0,1395.0
2017-03-02,0.0,1.43,1420.0,,3487,0,1402.0,1421.0,1401.0
2017-03-01,0.0,0.36,1400.0,,8356,0,1400.0,1407.0,1388.0
2017-02-28,0.0,-0.71,1395.0,,4357,0,1400.0,1400.0,1377.0
2017-02-26,0.0,-4.49,1405.0,,4770,0,1470.0,1470.0,1405.0
2017-02-23,0.0,-0.94,1471.0,,2710,0,1485.0,1485.0,1465.0
2017-02-22,0.0,-1.98,1485.0,,1883,0,1491.0,1505.0,1475.0
2017-02-21,0.0,-0.33,1515.0,,7723,0,1550.0,1550.0,1495.0
2017-02-20,0.0,1.4,1517.0,,6929,0,1519.0,1549.0,1510.0
2017-02-19,0.0,2.75,1496.0,,7010,0,1460.0,1500.0,1427.0
2017-02-16,0.0,2.97,1454.0,,7357,0,1433.0,1458.0,1415.0
2017-02-15,0.0,3.82,1412.0,,6199,0,1387.0,1412.0,1370.0
2017-02-14,0.0,-0.73,1360.0,,8847,0,1370.0,1375.0,1346.0
2017-02-13,0.0,4.98,1370.0,,10589,0,1305.0,1380.0,1275.0
2017-02-12,0.0,-4.74,1305.0,,11250,0,1343.0,1343.0,1295.0
2017-02-09,0.0,-1.79,1370.0,,4797,0,1390.0,1391.0,1370.0
2017-02-08,0.0,-0.71,1395.0,,6077,0,1420.0,1420.0,1382.0
2017-02-07,0.0,-1.06,1405.0,,7394,0,1422.0,1422.0,1400.0
2017-02-06,0.0,-2.4,1420.0,,3203,0,1455.0,1455.0,1420.0
2017-02-05,0.0,0.0,1460.0,,4887,0,1441.0,1480.0,1412.0
2017-02-02,0.0,0.9,1455.0,,5462,0,1470.0,1485.0,1440.0
2017-02-01,0.0,3.74,1442.0,,5711,0,1400.0,1450.0,1400.0
2017-01-31,0.0,1.83,1390.0,,7174,0,1338.0,1390.0,1304.0
2017-01-30,0.0,-4.68,1365.0,,6198,0,1425.0,1425.0,1350.0
2017-01-26,0.0,-0.62,1432.0,,4524,0,1420.0,1445.0,1400.0
2017-01-25,0.0,-3.09,1441.0,,7828,0,1459.0,1459.0,1426.0
2017-01-24,0.0,-0.87,1487.0,,2963,0,1491.0,1500.0,1481.0
2017-01-23,0.0,-0.4,1500.0,,2874,0,1515.0,1516.0,1500.0
2017-01-22,0.0,0.4,1506.0,,2713,0,1500.0,1515.0,1500.0
2017-01-19,0.0,-0.27,1500.0,,3585,0,1510.0,1515.0,1500.0
2017-01-18,0.0,-0.07,1504.0,,5013,0,1490.0,1512.0,1490.0
2017-01-17,0.0,-0.2,1505.0,,3743,0,1505.0,1525.0,1500.0
2017-01-16,0.0,-2.08,1508.0,,5298,0,1540.0,1540.0,1505.0
2017-01-15,0.0,-1.28,1540.0,,2316,0,1548.0,1550.0,1530.0
2017-01-12,0.0,-0.32,1560.0,,1982,0,1565.0,1565.0,1546.0
2017-01-11,0.0,1.75,1565.0,,4054,0,1560.0,1565.0,1540.0
2017-01-10,0.0,1.25,1538.0,,3248,0,1525.0,1551.0,1525.0
2017-01-09,0.0,0.6,1519.0,,1389,0,1520.0,1529.0,1510.0
2017-01-08,0.0,0.33,1510.0,,2781,0,1500.0,1510.0,1495.0
2017-01-05,0.0,-0.66,1505.0,,4175,0,1510.0,1520.0,1500.0
2017-01-04,0.0,-0.66,1515.0,,1430,0,1525.0,1529.0,1515.0
2017-01-03,0.0,-1.23,1525.0,,5907,0,1525.0,1550.0,1525.0
2017-01-02,0.0,0.91,1544.0,,10617,0,1550.0,1550.0,1525.0
2017-01-01,0.0,0.72,1530.0,,3097,0,1549.0,1548.0,1525.0
2016-12-29,0.0,2.98,1519.0,,3186,0,1485.0,1519.0,1481.0
2016-12-28,0.0,-0.27,1475.0,,6181,0,1480.0,1485.0,1450.0
2016-12-27,0.0,-1.92,1479.0,,3491,0,1483.0,1500.0,1421.0
2016-12-26,0.0,-1.44,1508.0,,5860,0,1506.0,1518.0,1500.0
2016-12-22,0.0,-0.2,1530.0,,4389,0,1540.0,1540.0,1524.0
2016-12-21,0.0,-2.36,1533.0,,2243,0,1550.0,1561.0,1530.0
2016-12-20,0.0,-0.63,1570.0,,4956,0,1580.0,1581.0,1565.0
2016-12-19,0.0,0.32,1580.0,,6814,0,1580.0,1581.0,1571.0
2016-12-18,0.0,-0.32,1575.0,,2536,0,1590.0,1590.0,1565.0
2016-12-15,0.0,0.0,1582.0,,3144,0,1575.0,1596.0,1565.0
2016-12-14,0.0,-0.63,1580.0,,3618,0,1600.0,1605.0,1575.0
2016-12-12,0.0,-0.62,1590.0,,3275,0,1600.0,1605.0,1590.0
2016-12-11,0.0,-1.84,1600.0,,2229,0,1615.0,1615.0,1600.0
2016-12-08,0.0,-0.31,1630.0,,2418,0,1621.0,1635.0,1616.0
2016-12-07,0.0,-0.18,1634.0,,944,0,1640.0,1640.0,1625.0
2016-12-06,0.0,-0.12,1638.0,,2942,0,1630.0,1650.0,1618.0
2016-12-05,0.0,-1.8,1639.0,,2489,0,1660.0,1690.0,1610.0
2016-12-04,0.0,-0.24,1670.0,,4200,0,1660.0,1670.0,1600.0
2016-12-01,0.0,-1.01,1674.0,,7265,0,1700.0,1734.0,1652.0
2016-11-30,0.0,2.18,1691.0,,7451,0,1640.0,1700.0,1640.0
2016-11-29,0.0,0.91,1655.0,,7847,0,1641.0,1655.0,1600.0
2016-11-28,0.0,5.47,1635.0,,10412,0,1525.0,1640.0,1450.0
2016-11-27,0.0,-2.51,1555.0,,4670,0,1583.0,1588.0,1540.0
2016-11-24,0.0,-0.31,1595.0,,6007,0,1605.0,1610.0,1589.0
2016-11-23,0.0,-1.84,1600.0,,8590,0,1626.0,1626.0,1596.0
2016-11-22,0.0,-0.31,1630.0,,7277,0,1635.0,1655.0,1605.0
2016-11-21,0.0,0.31,1635.0,,5441,0,1620.0,1680.0,1605.0
2016-11-20,0.0,-2.4,1632.0,,8592,0,1637.0,1650.0,1596.0
2016-11-17,0.0,-1.47,1670.0,,8823,0,1705.0,1705.0,1660.0
2016-11-16,0.0,-1.22,1695.0,,6094,0,1721.0,1721.0,1695.0
2016-11-15,0.0,-0.35,1716.0,,4705,0,1712.0,1725.0,1710.0
2016-11-14,0.0,1.12,1722.0,,4633,0,1703.0,1730.0,1703.0
2016-11-13,0.0,0.18,1703.0,,9265,0,1690.0,1720.0,1690.0
2016-11-10,0.0,-0.47,1700.0,,8482,0,1700.0,1710.0,1697.0
2016-11-09,0.0,-0.98,1708.0,,5692,0,1695.0,1716.0,1675.0
2016-11-08,0.0,-0.81,1725.0,,3671,0,1740.0,1758.0,1712.0
2016-11-07,0.0,-1.19,1739.0,,4023,0,1760.0,1760.0,1735.0
2016-11-03,0.0,0.28,1760.0,,5932,0,1760.0,1795.0,1760.0
2016-10-27,0.0,0.86,1755.0,,3259,0,1730.0,1755.0,1730.0
2016-10-26,0.0,0.64,1740.0,,6550,0,1744.0,1744.0,1705.0
2016-10-25,0.0,-0.63,1729.0,,2830,0,1740.0,1741.0,1702.0
2016-10-24,0.0,-1.42,1740.0,,10127,0,1770.0,1770.0,1740.0
2016-10-23,0.0,-1.12,1765.0,,8690,0,1785.0,1785.0,1762.0
2016-10-20,0.0,-0.28,1785.0,,4051,0,1780.0,1790.0,1775.0
2016-10-19,0.0,0.06,1790.0,,3025,0,1789.0,1795.0,1781.0
2016-10-18,0.0,0.84,1789.0,,4476,0,1774.0,1800.0,1746.0
2016-10-17,0.0,0.23,1774.0,,4532,0,1743.0,1780.0,1743.0
2016-10-16,0.0,-0.56,1770.0,,2605,0,1780.0,1800.0,1760.0
2016-10-06,0.0,-0.56,1780.0,,6546,0,1791.0,1800.0,1780.0
2016-10-05,0.0,-0.56,1790.0,,4046,0,1810.0,1810.0,1780.0
2016-10-04,0.0,0.67,1800.0,,10545,0,1795.0,1809.0,1795.0
2016-10-03,0.0,0.45,1788.0,,3604,0,1795.0,1800.0,1782.0
2016-10-02,0.0,-0.67,1780.0,,9133,0,1800.0,1800.0,1780.0
2016-09-29,0.0,1.59,1792.0,,7195,0,1765.0,1798.0,1760.0
2016-09-28,0.0,-0.23,1764.0,,2686,0,1770.0,1770.0,1757.0
2016-09-27,0.0,-0.73,1768.0,,6462,0,1785.0,1785.0,1760.0
2016-09-26,0.0,4.76,1781.0,,6711,0,1691.0,1781.0,1685.0
2016-09-25,0.0,-2.38,1765.0,,16998,0,1808.0,1800.0,1750.0
2016-09-22,0.0,-2.38,1765.0,,16998,0,1808.0,1800.0,1750.0
2016-09-20,0.0,-0.8,2350.0,,75157,0,2390.0,2390.0,2340.0
2016-09-18,0.0,-1.74,2369.0,,24822,0,2430.0,2430.0,2360.0
2016-09-14,0.0,0.88,2411.0,,25405,0,2437.0,2450.0,2400.0
2016-09-12,0.0,-0.83,2390.0,,10027,0,2405.0,2405.0,2375.0
2016-09-11,0.0,-1.15,2410.0,,7702,0,2420.0,2440.0,2400.0
2016-09-08,0.0,-1.22,2438.0,,15550,0,2462.0,2469.0,2430.0
2016-09-07,0.0,0.73,2468.0,,54493,0,2499.0,2548.0,2450.0
2016-09-06,0.0,-0.89,2450.0,,9151,0,2470.0,2495.0,2395.0
2016-09-05,0.0,2.66,2472.0,,9127,0,2456.0,2479.0,2450.0
2016-09-04,0.0,1.82,2408.0,,4415,0,2372.0,2420.0,2372.0
2016-09-01,0.0,0.21,2365.0,,5878,0,2361.0,2377.0,2350.0
2016-08-31,0.0,-0.34,2360.0,,4905,0,2350.0,2364.0,2340.0
2016-08-30,0.0,2.07,2368.0,,3240,0,2350.0,2380.0,2350.0
2016-08-29,0.0,-0.22,2320.0,,10886,0,2335.0,2380.0,2320.0
2016-08-28,0.0,1.09,2325.0,,7682,0,2340.0,2340.0,2274.0
2016-08-24,0.0,0.48,2300.0,,5288,0,2300.0,2305.0,2280.0
2016-08-23,0.0,0.53,2289.0,,4326,0,2300.0,2290.0,2270.0
2016-08-22,0.0,-0.57,2277.0,,5345,0,2280.0,2300.0,2265.0
2016-08-21,0.0,0.0,2290.0,,4223,0,2300.0,2310.0,2280.0
2016-08-17,0.0,0.22,2290.0,,5701,0,2290.0,2305.0,2275.0
2016-08-16,0.0,1.11,2285.0,,5042,0,2250.0,2290.0,2215.0
2016-08-15,0.0,-3.42,2265.0,,6011,0,2295.0,2300.0,2205.0
2016-08-14,0.0,-0.85,2326.0,,9548,0,2360.0,2400.0,2321.0
2016-08-11,0.0,0.42,2360.0,,6065,0,2397.0,2397.0,2340.0
2016-08-10,0.0,0.9,2350.0,,10863,0,2375.0,2420.0,2290.0
2016-08-09,0.0,3.97,2329.0,,100,0,2284.0,2329.0,2284.0
2016-08-08,0.0,-4.48,2240.0,,5806,0,2345.0,2316.0,2240.0
2016-08-07,0.0,0.13,2345.0,,6957,0,2342.0,2399.0,2340.0
2016-08-04,0.0,-1.8,2342.0,,7256,0,2385.0,2385.0,2320.0
2016-08-03,0.0,-2.25,2385.0,,5966,0,2440.0,2412.0,2376.0
2016-08-02,0.0,-0.45,2440.0,,2757,0,2451.0,2440.0,2400.0
2016-08-01,0.0,-0.49,2451.0,,4693,0,2463.0,2470.0,2420.0
2016-07-31,0.0,-0.08,2463.0,,9411,0,2465.0,2495.0,2368.0
2016-07-28,0.0,-0.04,2465.0,,16728,0,2466.0,2500.0,2435.0
2016-07-27,0.0,0.65,2466.0,,13182,0,2450.0,2480.0,2450.0
2016-07-26,0.0,-0.41,2450.0,,15494,0,2460.0,2500.0,2445.0
2016-07-25,0.0,1.44,2460.0,,10227,0,2425.0,2480.0,2435.0
2016-07-21,0.0,0.21,2425.0,,8852,0,2420.0,2445.0,2400.0
2016-07-20,0.0,0.21,2420.0,,14158,0,2425.0,2463.0,2411.0
2016-07-19,0.0,1.09,2415.0,,16715,0,2420.0,2450.0,2390.0
2016-07-18,0.0,0.8,2389.0,,12061,0,2370.0,2417.0,2370.0
2016-07-17,0.0,1.11,2370.0,,7199,0,2344.0,2395.0,2345.0
2016-07-14,0.0,0.6,2344.0,,8541,0,2330.0,2397.0,2325.0
2016-07-13,0.0,-1.4,2330.0,,6603,0,2363.0,2340.0,2281.0
2016-07-12,0.0,-0.71,2363.0,,11880,0,2380.0,2382.0,2250.0
2016-07-11,0.0,-0.63,2380.0,,4852,0,2395.0,2400.0,2360.0
2016-07-10,0.0,0.84,2395.0,,12007,0,2375.0,2408.0,2382.0
2016-07-06,0.0,-0.21,2375.0,,7384,0,2390.0,2399.0,2370.0
2016-07-05,0.0,-0.63,2380.0,,9924,0,2400.0,2400.0,2371.0
2016-07-04,0.0,-0.21,2395.0,,5504,0,2400.0,2400.0,2380.0
2016-07-03,0.0,-0.41,2400.0,,7898,0,2410.0,2404.0,2389.0
2016-06-30,0.0,-1.63,2410.0,,7877,0,2450.0,2432.0,2382.0
2016-06-29,0.0,-0.85,2450.0,,5774,0,2471.0,2490.0,2450.0
2016-06-28,0.0,0.86,2471.0,,17785,0,2450.0,2509.0,2450.0
2016-06-27,0.0,2.08,2450.0,,26477,0,2400.0,2460.0,2400.0
2016-06-26,0.0,2.56,2400.0,,17602,0,2340.0,2412.0,2350.0
2016-06-23,0.0,1.39,2340.0,,15451,0,2308.0,2380.0,2285.0
2016-06-22,0.0,0.96,2308.0,,8859,0,2330.0,2330.0,2290.0
2016-06-21,0.0,0.44,2286.0,,7090,0,2276.0,2295.0,2275.0
2016-06-20,0.0,0.04,2276.0,,5110,0,2275.0,2300.0,2275.0
2016-06-19,0.0,-0.87,2275.0,,2634,0,2295.0,2299.0,2260.0
2016-06-16,0.0,0.26,2295.0,,6768,0,2289.0,2298.0,2280.0
2016-06-15,0.0,0.39,2289.0,,4013,0,2300.0,2310.0,2280.0
2016-06-14,0.0,-1.3,2280.0,,13714,0,2311.0,2330.0,2280.0
2016-06-13,0.0,-1.32,2310.0,,11973,0,2341.0,2433.0,2281.0
2016-06-12,0.0,4.56,2341.0,,10137,0,2239.0,2360.0,2200.0
2016-06-09,0.0,-0.09,2239.0,,6121,0,2241.0,2241.0,2229.0
2016-06-08,0.0,0.27,2241.0,,3432,0,2235.0,2241.0,2225.0
2016-06-07,0.0,1.82,2235.0,,2553,0,2200.0,2240.0,2200.0
2016-06-06,0.0,2.09,2195.0,,5723,0,2150.0,2200.0,2170.0
2016-06-05,0.0,-2.63,2150.0,,9695,0,2208.0,2205.0,2150.0
2016-06-02,0.0,-0.54,2208.0,,7999,0,2220.0,2220.0,2190.0
2016-06-01,0.0,0.0,2220.0,,13154,0,2220.0,2230.0,2200.0
2016-05-31,0.0,-0.94,2220.0,,14443,0,2241.0,2260.0,2211.0
2016-05-30,0.0,-1.19,2241.0,,5929,0,2268.0,2260.0,2233.0
2016-05-29,0.0,-0.13,2268.0,,8274,0,2271.0,2275.0,2251.0
2016-05-26,0.0,-0.39,2271.0,,21199,0,2280.0,2295.0,2230.0
2016-05-25,0.0,-1.3,2280.0,,17473,0,2310.0,2340.0,2255.0
2016-05-24,0.0,1.54,2310.0,,22878,0,2275.0,2315.0,2255.0
2016-05-23,0.0,0.09,2275.0,,17102,0,2273.0,2286.0,2275.0
2016-05-22,0.0,-0.35,2273.0,,8195,0,2281.0,2290.0,2270.0
2016-05-19,0.0,0.48,2281.0,,12779,0,2270.0,2294.0,2260.0
2016-05-18,0.0,0.0,2270.0,,7071,0,2270.0,2270.0,2260.0
2016-05-17,0.0,1.93,2270.0,,6183,0,2195.0,2270.0,2195.0
2016-05-16,0.0,-0.45,2227.0,,4570,0,2237.0,2248.0,2226.0
2016-05-15,0.0,-0.58,2237.0,,6561,0,2250.0,2260.0,2237.0
2016-05-12,0.0,-0.79,2252.0,,1994,0,2265.0,2265.0,2250.0
2016-05-11,0.0,0.0,2269.0,,6580,0,2269.0,2269.0,2241.0
2016-05-10,0.0,-0.48,2269.0,,5672,0,2280.0,2284.0,2262.0
2016-05-09,0.0,0.44,2280.0,,11426,0,2265.0,2290.0,2265.0
2016-05-08,0.0,1.7,2270.0,,17095,0,2232.0,2295.0,2260.0
2016-05-05,0.0,-1.24,2232.0,,11076,0,2260.0,2244.0,2200.0
2016-05-04,0.0,-0.92,2260.0,,7234,0,2281.0,2270.0,2251.0
2016-05-03,0.0,-0.91,2281.0,,7205,0,2302.0,2320.0,2281.0
2016-05-02,0.0,2.91,2302.0,,13851,0,2237.0,2303.0,2250.0
2016-04-28,0.0,0.22,2237.0,,6911,0,2232.0,2260.0,2236.0
2016-04-27,0.0,-0.13,2232.0,,5481,0,2235.0,2234.0,2205.0
2016-04-26,0.0,-1.11,2235.0,,6028,0,2260.0,2258.0,2230.0
2016-04-25,0.0,0.4,2260.0,,12157,0,2251.0,2260.0,2231.0
2016-04-24,0.0,0.45,2251.0,,23129,0,2241.0,2261.0,2235.0
2016-04-21,0.0,-0.84,2241.0,,10389,0,2260.0,2261.0,2220.0
2016-04-20,0.0,2.73,2260.0,,12612,0,2200.0,2280.0,2240.0
2016-04-19,0.0,1.38,2200.0,,20539,0,2170.0,2234.0,2196.0
2016-04-18,0.0,2.41,2170.0,,19064,0,2119.0,2174.0,2120.0
2016-04-17,0.0,-0.05,2119.0,,16462,0,2133.0,2133.0,2115.0
2016-04-14,0.0,0.47,2120.0,,16535,0,2110.0,2121.0,2110.0
2016-04-12,0.0,0.48,2110.0,,12264,0,2100.0,2115.0,2095.0
2016-04-11,0.0,0.48,2100.0,,5118,0,2090.0,2100.0,2075.0
2016-04-10,0.0,-0.1,2090.0,,6121,0,2092.0,2099.0,2080.0
2016-04-06,0.0,0.05,2092.0,,6587,0,2091.0,2105.0,2082.0
2016-04-05,0.0,1.26,2091.0,,9382,0,2090.0,2110.0,2080.0
2016-04-04,0.0,1.03,2065.0,,6426,0,2044.0,2075.0,2044.0
2016-04-03,0.0,-0.78,2044.0,,16615,0,2060.0,2065.0,2008.0
2016-03-31,0.0,-1.44,2060.0,,6321,0,2090.0,2099.0,2050.0
2016-03-30,0.0,-0.43,2090.0,,9623,0,2099.0,2110.0,2089.0
2016-03-29,0.0,-0.99,2099.0,,12316,0,2090.0,2120.0,2069.0
2016-03-28,0.0,0.43,2120.0,,21421,0,2111.0,2200.0,2111.0
2016-03-27,0.0,6.35,2111.0,,24872,0,1985.0,2115.0,1990.0
2016-03-24,0.0,3.12,1985.0,,19150,0,1925.0,1986.0,1930.0
2016-03-23,0.0,0.31,1925.0,,9561,0,1920.0,1930.0,1918.0
2016-03-21,0.0,0.47,1919.0,,5128,0,1938.0,1938.0,1910.0
2016-03-20,0.0,0.53,1910.0,,6955,0,1900.0,1919.0,1900.0
2016-03-17,0.0,0.26,1900.0,,4783,0,1887.0,1909.0,1887.0
2016-03-16,0.0,0.26,1895.0,,4862,0,1890.0,1905.0,1885.0
2016-03-15,0.0,-0.26,1890.0,,2344,0,1900.0,1900.0,1880.0
2016-03-14,0.0,-0.47,1895.0,,2691,0,1910.0,1910.0,1895.0
2016-03-13,0.0,0.21,1904.0,,6881,0,1900.0,1905.0,1895.0
2016-03-10,0.0,-0.47,1900.0,,5309,0,1925.0,1925.0,1890.0
2016-03-06,0.0,0.47,1909.0,,6376,0,1925.0,1932.0,1909.0
2016-03-03,0.0,0.0,1900.0,,5331,0,1905.0,1907.0,1891.0
2016-03-02,0.0,0.0,1900.0,,7900,0,1904.0,1907.0,1900.0
2016-03-01,0.0,-0.31,1900.0,,4458,0,1900.0,1915.0,1900.0
2016-02-29,0.0,-0.73,1906.0,,5612,0,1920.0,1920.0,1900.0
2016-02-28,0.0,-0.05,1920.0,,2725,0,1921.0,1929.0,1920.0
2016-02-25,0.0,0.31,1921.0,,4285,0,1877.0,1925.0,1877.0
2016-02-24,0.0,-1.79,1915.0,,4195,0,1950.0,1960.0,1915.0
2016-02-23,0.0,-0.26,1950.0,,5681,0,1955.0,1985.0,1940.0
2016-02-22,0.0,2.52,1955.0,,4212,0,1900.0,1976.0,1900.0
2016-02-21,0.0,0.74,1907.0,,4217,0,1893.0,1925.0,1893.0
2016-02-18,0.0,0.37,1893.0,,3228,0,1886.0,1898.0,1887.0
2016-02-17,0.0,0.32,1886.0,,5273,0,1880.0,1886.0,1878.0
2016-02-16,0.0,-1.05,1880.0,,1449,0,1900.0,1890.0,1880.0
2016-02-15,0.0,0.0,1900.0,,2053,0,1880.0,1900.0,1875.0
2016-02-14,0.0,-0.63,1900.0,,4307,0,1901.0,1901.0,1890.0
2016-02-11,0.0,-0.36,1912.0,,3387,0,1919.0,1930.0,1900.0
2016-02-08,0.0,-0.83,1919.0,,3886,0,1935.0,1935.0,1915.0
2016-02-07,0.0,0.94,1935.0,,4515,0,1917.0,1970.0,1930.0
2016-02-04,0.0,0.89,1917.0,,4192,0,1905.0,1935.0,1905.0
2016-02-03,0.0,0.0,1900.0,,2036,0,1900.0,1905.0,1894.0
2016-02-02,0.0,-0.26,1900.0,,3778,0,1925.0,1929.0,1890.0
2016-02-01,0.0,0.79,1905.0,,3476,0,1890.0,1923.0,1892.0
2016-01-31,0.0,0.0,1890.0,,3302,0,1900.0,1900.0,1880.0
2016-01-28,0.0,0.27,1890.0,,2050,0,1890.0,1899.0,1880.0
2016-01-27,0.0,-0.68,1885.0,,2929,0,1898.0,1900.0,1884.0
2016-01-26,0.0,-1.15,1898.0,,3551,0,1920.0,1904.0,1888.0
2016-01-25,0.0,1.32,1915.0,,4535,0,1919.0,1920.0,1900.0
2016-01-24,0.0,-0.52,1895.0,,2193,0,1905.0,1910.0,1882.0
2016-01-21,0.0,-0.83,1905.0,,2078,0,1921.0,1920.0,1905.0
2016-01-20,0.0,0.05,1921.0,,3643,0,1920.0,1935.0,1915.0
2016-01-19,0.0,0.0,1920.0,,1608,0,1900.0,1930.0,1880.0
2016-01-18,0.0,1.59,1927.0,,9726,0,1924.0,1965.0,1920.0
2016-01-17,0.0,2.16,1890.0,,3703,0,1870.0,1899.0,1870.0
2016-01-14,0.0,1.98,1850.0,,5613,0,1830.0,1860.0,1820.0
2016-01-13,0.0,-0.87,1814.0,,3603,0,1830.0,1830.0,1814.0
2016-01-12,0.0,0.22,1830.0,,1925,0,1830.0,1830.0,1820.0
2016-01-11,0.0,0.33,1826.0,,3689,0,1835.0,1835.0,1820.0
2016-01-10,0.0,0.28,1820.0,,1164,0,1815.0,1825.0,1810.0
2016-01-07,0.0,1.11,1815.0,,2329,0,1801.0,1815.0,1800.0
2016-01-06,0.0,-0.28,1795.0,,2708,0,1802.0,1808.0,1795.0
2016-01-05,0.0,0.0,1802.0,,4394,0,1800.0,1829.0,1798.0
2016-01-04,0.0,-2.17,1800.0,,2496,0,1840.0,1850.0,1800.0
2016-01-03,0.0,-1.08,1840.0,,2053,0,1850.0,1860.0,1825.0
2015-12-31,0.0,0.38,1860.0,,1657,0,1855.0,1870.0,1855.0
2015-12-29,0.0,1.81,1853.0,,2077,0,1820.0,1854.0,1820.0
2015-12-28,0.0,1.11,1820.0,,3102,0,1800.0,1820.0,1800.0
2015-12-25,0.0,-0.83,1800.0,,6169,0,1800.0,1820.0,1800.0
2015-12-24,0.0,-0.33,1815.0,,10147,0,1811.0,1830.0,1810.0
2015-12-23,0.0,-1.03,1821.0,,4272,0,1840.0,1840.0,1800.0
2015-12-22,0.0,2.22,1840.0,,11125,0,1807.0,1841.0,1800.0
2015-12-21,0.0,-1.64,1800.0,,3696,0,1830.0,1825.0,1800.0
2015-12-20,0.0,-0.65,1830.0,,2620,0,1842.0,1844.0,1815.0
2015-12-17,0.0,-0.65,1842.0,,17060,0,1860.0,1860.0,1810.0
2015-12-16,0.0,-0.32,1854.0,,1084,0,1850.0,1865.0,1850.0
2015-12-15,0.0,-1.59,1880.0,,1870,0,1880.0,1890.0,1860.0
2015-12-14,0.0,-0.68,1890.0,,1024,0,1890.0,1890.0,1880.0
2015-12-13,0.0,0.16,1903.0,,1240,0,1881.0,1903.0,1881.0
2015-12-10,0.0,-2.06,1900.0,,1769,0,1940.0,1940.0,1900.0
2015-12-09,0.0,2.11,1940.0,,2083,0,1910.0,1940.0,1910.0
2015-12-08,0.0,0.26,1900.0,,670,0,1870.0,1900.0,1858.0
2015-12-07,0.0,4.18,1895.0,,3087,0,1850.0,1950.0,1850.0
2015-12-04,0.0,2.83,1819.0,,2215,0,1769.0,1840.0,1799.0
2015-12-03,0.0,2.31,2300.0,,9386,0,2205.0,2300.0,2205.0
2015-12-02,0.0,2.18,2248.0,,6332,0,2244.0,2250.0,2181.0
2015-12-01,0.0,5.26,2200.0,,2984,0,2090.0,2220.0,2131.0
2015-11-30,0.0,3.47,2089.0,,3522,0,2060.0,2090.0,2046.0
2015-11-29,0.0,-3.81,2020.0,,7340,0,2100.0,2100.0,2000.0
2015-11-26,0.0,-1.41,2100.0,,4339,0,2130.0,2130.0,2060.0
2015-11-25,0.0,-2.29,2130.0,,1678,0,2160.0,2160.0,2125.0
2015-11-24,0.0,-1.36,2180.0,,3418,0,2200.0,2210.0,2170.0
2015-11-23,0.0,0.23,2210.0,,1707,0,2180.0,2210.0,2100.0
2015-11-22,0.0,-3.63,2205.0,,2830,0,2250.0,2255.0,2200.0
2015-11-19,0.0,-0.91,2288.0,,1574,0,2300.0,2300.0,2288.0
2015-11-18,0.0,0.92,2309.0,,1524,0,2315.0,2315.0,2300.0
2015-11-16,0.0,-0.74,2288.0,,628,0,2290.0,2290.0,2275.0
2015-11-15,0.0,-0.22,2305.0,,911,0,2280.0,2305.0,2275.0
2015-11-10,0.0,1.32,2310.0,,850,0,2300.0,2320.0,2300.0
2015-11-09,0.0,1.38,2280.0,,2009,0,2290.0,2320.0,2270.0
2015-11-08,0.0,-0.04,2249.0,,1418,0,2240.0,2251.0,2225.0
2015-11-05,0.0,-1.32,2250.0,,1347,0,2260.0,2260.0,2250.0
2015-11-04,0.0,0.44,2280.0,,1000,0,2270.0,2280.0,2270.0
2015-11-03,0.0,-1.9,2266.0,,831,0,2300.0,2289.0,2266.0
2015-11-02,0.0,1.54,2310.0,,2382,0,2290.0,2330.0,2290.0
2015-11-01,0.0,-0.17,2275.0,,3800,0,2279.0,2300.0,2250.0
2015-10-29,0.0,1.74,2279.0,,3741,0,2242.0,2290.0,2242.0
2015-10-28,0.0,-1.75,2240.0,,4705,0,2235.0,2270.0,2190.0
2015-10-27,0.0,-3.23,2285.0,,2207,0,2340.0,2340.0,2280.0
2015-10-25,0.0,-1.83,2356.0,,200,0,2356.0,2356.0,2356.0
2015-10-19,0.0,1.78,2400.0,,1322,0,2355.0,2430.0,2345.0
2015-10-18,0.0,-0.08,2358.0,,635,0,2350.0,2358.0,2350.0
2015-10-15,0.0,-0.63,2360.0,,645,0,2360.0,2360.0,2355.0
2015-10-14,0.0,0.0,2375.0,,1262,0,2395.0,2398.0,2350.0
2015-10-11,0.0,-2.66,2375.0,,5062,0,2460.0,2480.0,2375.0
2015-10-08,0.0,3.83,2435.0,,8804,0,2350.0,2440.0,2300.0
2015-10-07,0.0,-1.88,2350.0,,4895,0,2390.0,2390.0,2315.0
2015-10-06,0.0,-1.84,2395.0,,5150,0,2401.0,2415.0,2392.0
2015-10-05,0.0,-5.06,2440.0,,8896,0,2519.0,2519.0,2400.0
2015-10-04,0.0,0.78,2570.0,,3832,0,2576.0,2600.0,2570.0
2015-10-01,0.0,-0.39,2550.0,,4485,0,2560.0,2579.0,2550.0
2015-09-30,0.0,0.79,2560.0,,3841,0,2560.0,2580.0,2550.0
2015-09-29,0.0,1.97,2540.0,,1860,0,2540.0,2550.0,2530.0
2015-09-28,0.0,-3.26,2491.0,,7147,0,2525.0,2524.0,2425.0
2015-09-24,0.0,-0.96,2575.0,,2943,0,2610.0,2610.0,2550.0
2015-09-23,0.0,3.59,2600.0,,4063,0,2560.0,2710.0,2560.0
2015-09-22,0.0,-4.92,2510.0,,6135,0,2601.0,2601.0,2490.0
2015-09-17,0.0,-1.31,2640.0,,7164,0,2728.0,2725.0,2640.0
2015-09-16,0.0,0.04,2675.0,,8423,0,2710.0,2720.0,2665.0
2015-09-15,0.0,3.72,2674.0,,7770,0,2629.0,2674.0,2616.0
2015-09-14,0.0,2.91,2578.0,,5240,0,2555.0,2630.0,2555.0
2015-09-13,0.0,0.2,2505.0,,3986,0,2530.0,2530.0,2500.0
2015-09-10,0.0,-0.44,2500.0,,3357,0,2515.0,2515.0,2496.0
2015-09-09,0.0,-0.79,2511.0,,2291,0,2540.0,2550.0,2511.0
2015-09-08,0.0,1.28,2531.0,,5434,0,2548.0,2548.0,2527.0
2015-09-07,0.0,2.0,2499.0,,6420,0,2480.0,2510.0,2480.0
2015-09-06,0.0,-0.61,2450.0,,7695,0,2435.0,2475.0,2400.0
2015-09-03,0.0,-0.6,2465.0,,7315,0,2480.0,2505.0,2454.0
2015-09-02,0.0,-3.84,2480.0,,5980,0,2550.0,2550.0,2456.0
2015-09-01,0.0,-0.77,2579.0,,4880,0,2599.0,2606.0,2570.0
2015-08-31,0.0,0.74,2599.0,,5198,0,2580.0,2600.0,2580.0
2015-08-27,0.0,0.94,2580.0,,5228,0,2590.0,2615.0,2570.0
2015-08-26,0.0,-0.89,2556.0,,1184,0,2580.0,2585.0,2555.0
2015-08-25,0.0,-1.19,2579.0,,2958,0,2600.0,2600.0,2566.0
2015-08-24,0.0,-2.25,2610.0,,7472,0,2680.0,2680.0,2600.0
2015-08-23,0.0,-0.93,2670.0,,7495,0,2680.0,2719.0,2630.0
2015-08-20,0.0,0.19,2695.0,,8915,0,2740.0,2794.0,2690.0
2015-08-19,0.0,-0.37,2690.0,,7336,0,2701.0,2709.0,2660.0
2015-08-18,0.0,0.37,2700.0,,14079,0,2700.0,2784.0,2637.0
2015-08-17,0.0,3.66,2690.0,,14195,0,2646.0,2750.0,2623.0
2015-08-16,0.0,3.8,2595.0,,8792,0,2519.0,2650.0,2519.0
2015-08-13,0.0,1.17,2499.0,,7919,0,2465.0,2500.0,2440.0
2015-08-12,0.0,0.04,2471.0,,4389,0,2469.0,2480.0,2430.0
2015-08-11,0.0,-0.8,2470.0,,5823,0,2490.0,2500.0,2450.0
2015-08-10,0.0,3.84,2490.0,,7210,0,2398.0,2493.0,2420.0
2015-08-09,0.0,4.26,2398.0,,7017,0,2300.0,2398.0,2320.0
2015-08-06,0.0,0.88,2300.0,,9493,0,2280.0,2340.0,2290.0
2015-08-05,0.0,-0.39,2289.0,,6523,0,2289.0,2290.0,2279.0
2015-08-04,0.0,-0.87,2289.0,,6686,0,2309.0,2310.0,2271.0
2015-08-03,0.0,-0.04,2309.0,,6203,0,2310.0,2310.0,2298.0
2015-08-02,0.0,0.43,2310.0,,6054,0,2300.0,2346.0,2300.0
2015-07-30,0.0,2.68,2300.0,,5450,0,2240.0,2346.0,2240.0
2015-07-29,0.0,-0.44,2240.0,,7549,0,2250.0,2250.0,2225.0
2015-07-28,0.0,-2.17,2250.0,,15694,0,2300.0,2305.0,2200.0
2015-07-27,0.0,10.0,2300.0,,46545,0,2091.0,2300.0,2132.0
2015-07-26,0.0,4.03,2091.0,,2070,0,2010.0,2091.0,2050.0
2015-07-23,0.0,5.79,2010.0,,6999,0,1900.0,2010.0,1900.0
2015-07-22,0.0,-0.52,1900.0,,3604,0,1910.0,1925.0,1900.0
2015-07-16,0.0,-1.04,1910.0,,2248,0,1930.0,1930.0,1901.0
2015-07-15,0.0,0.52,1930.0,,1266,0,1916.0,1930.0,1916.0
2015-07-14,0.0,-0.21,1920.0,,439,0,1924.0,1925.0,1910.0
2015-07-13,0.0,-0.57,1924.0,,1398,0,1925.0,1932.0,1907.0
2015-07-12,0.0,0.78,1935.0,,2796,0,1920.0,1935.0,1900.0
2015-07-09,0.0,0.52,1920.0,,1628,0,1920.0,1922.0,1900.0
2015-07-08,0.0,-0.05,1910.0,,1567,0,1916.0,1916.0,1905.0
2015-07-07,0.0,-0.62,1911.0,,3906,0,1904.0,1930.0,1902.0
2015-07-06,0.0,0.21,1923.0,,902,0,1900.0,1923.0,1900.0
2015-07-05,0.0,0.52,1919.0,,2251,0,1918.0,1920.0,1901.0
2015-07-02,0.0,0.0,1905.0,,2986,0,1900.0,1910.0,1900.0
2015-07-01,0.0,0.0,1909.0,,2457,0,1925.0,1925.0,1896.0
2015-06-30,0.0,0.21,1909.0,,2117,0,1930.0,1930.0,1892.0
2015-06-29,0.0,0.26,1905.0,,3878,0,1900.0,1920.0,1890.0
2015-06-28,0.0,0.8,1900.0,,911,0,1895.0,1901.0,1886.0
2015-06-25,0.0,0.21,1885.0,,3274,0,1885.0,1885.0,1850.0
2015-06-24,0.0,0.05,1881.0,,1352,0,1880.0,1885.0,1880.0
2015-06-23,0.0,0.27,1880.0,,2293,0,1861.0,1880.0,1851.0
2015-06-22,0.0,0.0,1875.0,,3016,0,1870.0,1885.0,1860.0
2015-06-21,0.0,-0.27,1875.0,,436,0,1880.0,1875.0,1860.0
2015-06-18,0.0,-0.05,1880.0,,332,0,1881.0,1880.0,1880.0
2015-06-17,0.0,-1.0,1881.0,,2620,0,1900.0,1900.0,1881.0
2015-06-16,0.0,-1.3,1900.0,,600,0,1925.0,1930.0,1900.0
2015-06-14,0.0,-0.77,1925.0,,1089,0,1940.0,1965.0,1921.0
2015-06-11,0.0,-2.12,1940.0,,661,0,1982.0,1970.0,1940.0
2015-06-10,0.0,-1.39,1982.0,,3961,0,2010.0,2002.0,1980.0
2015-06-09,0.0,3.88,2010.0,,2923,0,1935.0,2010.0,1963.0
2015-06-08,0.0,1.31,1935.0,,478,0,1910.0,1940.0,1915.0
2015-06-07,0.0,0.53,1910.0,,1707,0,1900.0,1911.0,1900.0
2015-06-04,0.0,-0.42,1900.0,,2197,0,1908.0,1930.0,1880.0
2015-06-03,0.0,3.14,1908.0,,1392,0,1850.0,1908.0,1860.0
2015-06-02,0.0,1.7,1850.0,,1778,0,1819.0,1850.0,1810.0
2015-06-01,0.0,5.57,1819.0,,2683,0,1723.0,1841.0,1750.0
2015-05-31,0.0,7.55,1723.0,,2975,0,1602.0,1723.0,1634.0
2015-05-28,0.0,-0.8,1602.0,,4064,0,1615.0,1632.0,1575.0
2015-05-27,0.0,-2.12,1615.0,,2258,0,1650.0,1640.0,1585.0
2015-05-26,0.0,-3.62,1650.0,,7687,0,1712.0,1695.0,1603.0
2015-05-25,0.0,-9.99,1712.0,,731,0,1902.0,1864.0,1712.0
2015-04-23,0.0,0.11,1902.0,,2509,0,1900.0,1905.0,1870.0
2015-04-22,0.0,-0.73,1916.0,,58,0,1930.0,1916.0,1916.0
2015-04-21,0.0,-0.52,1930.0,,6138,0,1940.0,1930.0,1900.0
2015-04-20,0.0,0.78,1940.0,,1739,0,1925.0,1940.0,1900.0
2015-04-19,0.0,-1.28,1925.0,,1956,0,1950.0,1930.0,1895.0
2015-04-16,0.0,2.9,1950.0,,1399,0,1895.0,1950.0,1885.0
2015-04-15,0.0,-1.3,1895.0,,738,0,1920.0,1930.0,1895.0
2015-04-13,0.0,-1.03,1920.0,,1721,0,1940.0,1930.0,1895.0
2015-04-12,0.0,1.84,1940.0,,1785,0,1905.0,1960.0,1900.0
2015-04-09,0.0,0.53,1905.0,,633,0,1895.0,1930.0,1900.0
2015-04-08,0.0,1.34,1895.0,,649,0,1870.0,1895.0,1865.0
2015-04-07,0.0,-0.53,1870.0,,134,0,1880.0,1870.0,1870.0
2015-04-06,0.0,0.8,1880.0,,719,0,1865.0,1880.0,1830.0
2015-04-05,0.0,-1.27,1865.0,,1849,0,1889.0,1870.0,1850.0
2015-04-02,0.0,0.75,1889.0,,1601,0,1875.0,1889.0,1855.0
2015-04-01,0.0,0.0,1875.0,,232,0,1875.0,1875.0,1860.0
2015-03-31,0.0,-0.32,1875.0,,808,0,1881.0,1890.0,1875.0
2015-03-30,0.0,0.05,1881.0,,1513,0,1880.0,1882.0,1879.0
2015-03-29,0.0,0.53,1880.0,,794,0,1870.0,1880.0,1840.0
2015-03-26,0.0,-0.9,1870.0,,1816,0,1887.0,1887.0,1860.0
2015-03-25,0.0,-0.68,1887.0,,1876,0,1900.0,1901.0,1865.0
2015-03-24,0.0,0.0,1900.0,,919,0,1900.0,1900.0,1880.0
2015-03-23,0.0,-0.47,1900.0,,1911,0,1909.0,1904.0,1888.0
2015-03-22,0.0,-0.83,1909.0,,2388,0,1925.0,1920.0,1900.0
2015-03-19,0.0,1.26,1925.0,,803,0,1901.0,1925.0,1900.0
2015-03-18,0.0,-0.26,1901.0,,1952,0,1906.0,1917.0,1880.0
2015-03-17,0.0,-0.26,1906.0,,1912,0,1911.0,1920.0,1905.0
2015-03-16,0.0,-0.73,1911.0,,681,0,1925.0,1920.0,1910.0
2015-03-15,0.0,-1.03,1925.0,,851,0,1945.0,1930.0,1916.0
2015-03-12,0.0,-0.77,1945.0,,504,0,1960.0,1945.0,1930.0
2015-03-11,0.0,0.93,1960.0,,855,0,1942.0,1960.0,1940.0
2015-03-10,0.0,-0.97,1942.0,,1395,0,1961.0,1972.0,1940.0
2015-03-09,0.0,1.08,1961.0,,2158,0,1940.0,1975.0,1949.0
2015-03-04,0.0,0.52,1940.0,,1399,0,1930.0,1961.0,1935.0
2015-03-03,0.0,0.26,1930.0,,316,0,1925.0,1930.0,1920.0
2015-03-02,0.0,-0.26,1925.0,,6343,0,1930.0,1930.0,1920.0
2015-03-01,0.0,0.21,1930.0,,1809,0,1926.0,1940.0,1903.0
2015-02-26,0.0,0.41,1960.0,,65,0,1952.0,1960.0,1960.0
2015-02-25,0.0,0.1,1952.0,,1894,0,1950.0,1952.0,1940.0
2015-02-24,0.0,0.57,1950.0,,499,0,1939.0,1950.0,1915.0
2015-02-23,0.0,-0.41,1939.0,,3583,0,1947.0,1940.0,1905.0
2015-02-22,0.0,-1.91,1947.0,,2341,0,1985.0,1960.0,1930.0
2015-02-19,0.0,-0.5,1985.0,,1539,0,1995.0,1985.0,1975.0
2015-02-16,0.0,-0.25,1995.0,,1483,0,2000.0,2000.0,1985.0
2015-02-15,0.0,-0.25,2000.0,,2124,0,2005.0,2004.0,1996.0
2015-02-12,0.0,0.35,2005.0,,2850,0,1998.0,2005.0,1985.0
2015-02-11,0.0,0.0,1998.0,,418,0,1998.0,2000.0,1998.0
2015-02-10,0.0,0.4,1998.0,,1360,0,1990.0,1998.0,1990.0
2015-02-09,0.0,-1.0,1990.0,,2813,0,2010.0,2010.0,1980.0
2015-02-08,0.0,-0.1,2010.0,,1634,0,2012.0,2017.0,2000.0
2015-02-05,0.0,0.1,2012.0,,3419,0,2010.0,2020.0,1995.0
2015-02-04,0.0,-0.54,2010.0,,4416,0,2021.0,2025.0,2001.0
2015-02-03,0.0,-1.41,2021.0,,4156,0,2050.0,2055.0,2006.0
2015-02-02,0.0,-0.05,2050.0,,5873,0,2051.0,2062.0,2033.0
2015-02-01,0.0,1.94,2051.0,,2215,0,2012.0,2060.0,1912.0
2015-01-29,0.0,-0.4,2012.0,,2342,0,2020.0,2030.0,1990.0
2015-01-28,0.0,2.33,2020.0,,4973,0,1974.0,2020.0,1974.0
2015-01-27,0.0,1.23,1974.0,,1708,0,1950.0,1974.0,1950.0
2015-01-26,0.0,0.0,1950.0,,3083,0,1950.0,1986.0,1950.0
2015-01-25,0.0,0.52,1950.0,,2272,0,1940.0,1960.0,1876.0
2015-01-22,0.0,-0.51,1940.0,,2851,0,1950.0,1940.0,1853.0
2015-01-20,0.0,-1.61,1950.0,,2981,0,1982.0,1950.0,1932.0
2015-01-19,0.0,4.65,1982.0,,22822,0,1894.0,2038.0,1857.0
2015-01-18,0.0,1.34,1894.0,,1573,0,1869.0,1894.0,1866.0
2015-01-14,0.0,-1.11,1869.0,,643,0,1890.0,1890.0,1866.0
2015-01-13,0.0,1.89,1890.0,,1921,0,1855.0,1890.0,1825.0
2015-01-12,0.0,0.0,1855.0,,490,0,1855.0,1859.0,1840.0
2015-01-11,0.0,-1.85,1855.0,,1113,0,1890.0,1881.0,1855.0
2015-01-08,0.0,0.27,1890.0,,1201,0,1885.0,1901.0,1880.0
2015-01-07,0.0,1.78,1885.0,,1365,0,1852.0,1898.0,1870.0
2015-01-06,0.0,-1.8,1852.0,,421,0,1886.0,1862.0,1852.0
2015-01-05,0.0,0.32,1886.0,,2264,0,1880.0,1901.0,1855.0
2015-01-04,0.0,0.27,1880.0,,1918,0,1875.0,1889.0,1866.0
2015-01-01,0.0,3.02,1875.0,,2383,0,1820.0,1875.0,1835.0
2014-12-31,0.0,-2.83,1820.0,,2162,0,1873.0,1855.0,1820.0
2014-12-29,0.0,0.16,1873.0,,1493,0,1870.0,1890.0,1835.0
2014-12-28,0.0,0.75,1870.0,,2045,0,1856.0,1892.0,1858.0
2014-12-24,0.0,3.11,1856.0,,3276,0,1800.0,1856.0,1800.0
2014-12-23,0.0,-1.96,1800.0,,1178,0,1836.0,1810.0,1800.0
2014-12-22,0.0,-5.26,1836.0,,1715,0,1938.0,1900.0,1825.0
2014-12-18,0.0,3.36,1938.0,,701,0,1875.0,1938.0,1885.0
2014-12-17,0.0,-2.65,1875.0,,2618,0,1926.0,1915.0,1875.0
2014-12-16,0.0,-1.23,1926.0,,3779,0,1950.0,1950.0,1915.0
2014-12-15,0.0,0.26,1950.0,,3945,0,1945.0,2000.0,1881.0
2014-12-14,0.0,8.06,1945.0,,864,0,1800.0,1947.0,1836.0
2014-12-11,0.0,4.65,1800.0,,4183,0,1720.0,1800.0,1686.0
2014-12-10,0.0,0.29,1720.0,,1666,0,1715.0,1745.0,1682.0
2014-12-09,0.0,0.47,1715.0,,2452,0,1707.0,1720.0,1700.0
2014-12-08,0.0,0.35,1707.0,,1571,0,1701.0,1707.0,1700.0
2014-12-07,0.0,-0.76,1701.0,,3015,0,1714.0,1718.0,1700.0
2014-12-04,0.0,2.94,1714.0,,3338,0,1665.0,1720.0,1687.0
2014-12-03,0.0,-0.89,1665.0,,2392,0,1680.0,1710.0,1665.0
2014-12-02,0.0,-0.71,1680.0,,3265,0,1692.0,1680.0,1635.0
2014-12-01,0.0,0.71,1692.0,,3262,0,1680.0,1701.0,1670.0
2014-11-30,0.0,-0.94,1680.0,,2125,0,1696.0,1700.0,1680.0
2014-11-25,0.0,-1.11,1696.0,,3089,0,1715.0,1710.0,1666.0
2014-11-24,0.0,-1.55,1715.0,,2010,0,1742.0,1724.0,1710.0
2014-11-23,0.0,0.17,1742.0,,4018,0,1739.0,1773.0,1695.0
2014-11-20,0.0,1.7,1739.0,,2401,0,1710.0,1765.0,1700.0
2014-11-19,0.0,2.58,1710.0,,2153,0,1667.0,1710.0,1634.0
2014-11-18,0.0,1.96,1667.0,,2897,0,1635.0,1667.0,1564.0
2014-11-17,0.0,-4.33,1635.0,,3945,0,1709.0,1678.0,1611.0
2014-11-16,0.0,-5.06,1709.0,,2309,0,1800.0,1765.0,1670.0
2014-11-13,0.0,-0.44,1800.0,,99,0,1808.0,1830.0,1800.0
2014-11-12,0.0,-1.36,2170.0,,11776,0,2200.0,2209.0,2170.0
2014-11-11,0.0,0.0,2200.0,,6449,0,2200.0,2200.0,2175.0
2014-11-10,0.0,-0.77,2200.0,,6328,0,2217.0,2249.0,2180.0
2014-11-09,0.0,-0.14,2217.0,,11263,0,2220.0,2252.0,2200.0
2014-11-06,0.0,0.63,2220.0,,7739,0,2206.0,2235.0,2191.0
2014-11-05,0.0,-0.18,2206.0,,6995,0,2210.0,2218.0,2170.0
2014-11-04,0.0,0.45,2210.0,,2684,0,2200.0,2210.0,2160.0
2014-11-03,0.0,-3.93,2200.0,,3592,0,2290.0,2255.0,2200.0
2014-11-02,0.0,-1.51,2290.0,,1073,0,2325.0,2325.0,2280.0
2014-10-30,0.0,-1.06,2325.0,,2519,0,2350.0,2376.0,2306.0
2014-10-28,0.0,-0.59,2350.0,,1392,0,2364.0,2364.0,2340.0
2014-10-27,0.0,0.6,2364.0,,185,0,2350.0,2375.0,2349.0
2014-10-26,0.0,0.0,2350.0,,428,0,2350.0,2359.0,2350.0
2014-10-22,0.0,1.12,2350.0,,1509,0,2324.0,2366.0,2314.0
2014-10-21,0.0,0.17,2324.0,,1935,0,2320.0,2361.0,2310.0
2014-10-20,0.0,0.22,2320.0,,1595,0,2315.0,2320.0,2300.0
2014-10-19,0.0,-1.07,2315.0,,2320,0,2340.0,2324.0,2295.0
2014-10-16,0.0,0.0,2340.0,,1374,0,2340.0,2375.0,2328.0
2014-10-15,0.0,2.18,2340.0,,845,0,2290.0,2340.0,2298.0
2014-10-14,0.0,0.79,2290.0,,1237,0,2272.0,2310.0,2280.0
2014-10-13,0.0,-3.73,2272.0,,2487,0,2360.0,2315.0,2250.0
2014-10-12,0.0,-0.84,2360.0,,1152,0,2380.0,2360.0,2320.0
2014-10-09,0.0,0.42,2380.0,,704,0,2370.0,2380.0,2340.0
2014-10-08,0.0,-1.04,2370.0,,433,0,2395.0,2394.0,2370.0
2014-09-30,0.0,-0.17,2395.0,,2574,0,2399.0,2407.0,2357.0
2014-09-29,0.0,2.3,2399.0,,4217,0,2345.0,2427.0,2360.0
2014-09-28,0.0,0.04,2345.0,,2614,0,2344.0,2375.0,2330.0
2014-09-24,0.0,5.92,2344.0,,2407,0,2213.0,2346.0,2250.0
2014-09-23,0.0,1.79,2213.0,,2415,0,2174.0,2270.0,2195.0
2014-09-22,0.0,-0.73,2174.0,,2830,0,2190.0,2175.0,2140.0
2014-09-21,0.0,-2.54,2190.0,,2116,0,2247.0,2215.0,2165.0
2014-09-17,0.0,-1.08,2300.0,,3375,0,2325.0,2350.0,2300.0
2014-09-16,0.0,1.09,2325.0,,3472,0,2300.0,2346.0,2285.0
2014-09-15,0.0,1.05,2300.0,,2930,0,2276.0,2346.0,2260.0
2014-09-14,0.0,0.71,2276.0,,3404,0,2260.0,2285.0,2220.0
2014-09-11,0.0,-2.59,2260.0,,2728,0,2320.0,2320.0,2250.0
2014-09-10,0.0,-1.9,2320.0,,4288,0,2365.0,2425.0,2320.0
2014-09-09,0.0,6.05,2365.0,,2375,0,2230.0,2387.0,2250.0
2014-09-07,0.0,-6.97,2230.0,,3957,0,2397.0,2375.0,2230.0
2014-09-04,0.0,-1.11,2397.0,,4050,0,2424.0,2410.0,2377.0
2014-09-03,0.0,0.92,2424.0,,6112,0,2402.0,2488.0,2400.0
2014-09-01,0.0,-2.44,2402.0,,8973,0,2462.0,2460.0,2380.0
2014-08-31,0.0,2.07,2462.0,,28055,0,2412.0,2578.0,2460.0
2014-08-28,0.0,1.99,2412.0,,7784,0,2365.0,2530.0,2410.0
2014-08-27,0.0,6.39,2365.0,,7514,0,2223.0,2400.0,2267.0
2014-08-26,0.0,-5.81,2223.0,,7014,0,2360.0,2407.0,2223.0
2014-08-25,0.0,-4.45,2360.0,,4877,0,2470.0,2519.0,2280.0
2014-08-24,0.0,1.19,2470.0,,2179,0,2441.0,2520.0,2439.0
2014-08-21,0.0,0.95,2441.0,,4752,0,2418.0,2502.0,2270.0
2014-08-20,0.0,-2.3,2418.0,,5743,0,2475.0,2480.0,2400.0
2014-08-19,0.0,-1.2,2475.0,,2987,0,2505.0,2511.0,2475.0
2014-08-18,0.0,-0.32,2505.0,,7582,0,2513.0,2555.0,2490.0
2014-08-14,0.0,2.57,2513.0,,3681,0,2450.0,2550.0,2425.0
2014-08-13,0.0,1.45,2450.0,,3685,0,2415.0,2505.0,2385.0
2014-08-12,0.0,-2.31,2415.0,,1179,0,2472.0,2470.0,2415.0
2014-08-07,0.0,-0.68,2472.0,,2121,0,2489.0,2500.0,2470.0
2014-08-06,0.0,-0.44,2489.0,,3605,0,2500.0,2505.0,2480.0
2014-08-05,0.0,0.81,2500.0,,4958,0,2480.0,2550.0,2500.0
2014-08-04,0.0,-3.99,2480.0,,1906,0,2583.0,2560.0,2470.0
2014-08-03,0.0,0.47,2583.0,,2243,0,2571.0,2600.0,2575.0
2014-07-31,0.0,-0.35,2571.0,,2070,0,2580.0,2612.0,2565.0
2014-07-30,0.0,-1.15,2580.0,,1885,0,2610.0,2610.0,2576.0
2014-07-28,0.0,0.38,2610.0,,281,0,2600.0,2610.0,2560.0
2014-07-27,0.0,-1.96,2600.0,,856,0,2652.0,2620.0,2600.0
2014-07-24,0.0,-1.04,2652.0,,2761,0,2680.0,2670.0,2610.0
2014-07-23,0.0,0.87,2680.0,,2677,0,2657.0,2680.0,2600.0
2014-07-22,0.0,1.8,2657.0,,11797,0,2610.0,2657.0,2559.0
2014-07-21,0.0,-0.38,2610.0,,6600,0,2620.0,2635.0,2590.0
2014-07-20,0.0,3.64,2620.0,,3391,0,2528.0,2629.0,2550.0
2014-07-17,0.0,-0.28,2528.0,,4066,0,2535.0,2555.0,2490.0
2014-07-16,0.0,-0.12,2535.0,,1482,0,2538.0,2574.0,2515.0
2014-07-15,0.0,-0.47,2538.0,,2092,0,2550.0,2540.0,2515.0
2014-07-14,0.0,-0.16,2550.0,,1345,0,2554.0,2605.0,2530.0
2014-07-13,0.0,2.16,2554.0,,4717,0,2500.0,2661.0,2520.0
2014-07-10,0.0,2.54,2500.0,,3612,0,2438.0,2500.0,2430.0
2014-07-09,0.0,-0.49,2438.0,,1438,0,2450.0,2460.0,2438.0
2014-07-08,0.0,1.03,2450.0,,7731,0,2425.0,2450.0,2400.0
2014-07-07,0.0,1.46,2425.0,,3657,0,2390.0,2450.0,2400.0
2014-07-06,0.0,1.27,2390.0,,4442,0,2360.0,2420.0,2360.0
2014-07-03,0.0,0.64,2360.0,,3317,0,2345.0,2400.0,2350.0
2014-07-02,0.0,0.43,2345.0,,4313,0,2335.0,2355.0,2300.0
2014-07-01,0.0,1.08,2335.0,,3169,0,2310.0,2355.0,2320.0
2014-06-30,0.0,-0.65,2310.0,,2748,0,2325.0,2340.0,2300.0
2014-06-29,0.0,1.04,2325.0,,4526,0,2301.0,2340.0,2280.0
2014-06-26,0.0,0.48,2301.0,,1527,0,2290.0,2335.0,2301.0
2014-06-25,0.0,1.6,2290.0,,2781,0,2254.0,2309.0,2250.0
2014-06-24,0.0,2.55,2254.0,,4796,0,2198.0,2255.0,2117.0
2014-06-23,0.0,-3.17,2198.0,,7097,0,2270.0,2235.0,2186.0
2014-06-19,0.0,-2.78,2270.0,,3475,0,2335.0,2290.0,2265.0
2014-06-18,0.0,-1.06,2335.0,,2313,0,2360.0,2370.0,2335.0
2014-06-17,0.0,-0.13,2360.0,,6689,0,2363.0,2413.0,2310.0
2014-06-16,0.0,1.42,2363.0,,11146,0,2330.0,2380.0,2312.0
2014-06-15,0.0,7.87,2330.0,,9465,0,2160.0,2376.0,2160.0
2014-06-12,0.0,0.0,2160.0,,5552,0,2160.0,2185.0,2127.0
2014-06-11,0.0,0.79,2160.0,,7131,0,2143.0,2190.0,2130.0
2014-06-10,0.0,1.56,2143.0,,6260,0,2110.0,2150.0,2115.0
2014-06-09,0.0,1.54,2110.0,,6302,0,2078.0,2115.0,2078.0
2014-06-08,0.0,1.27,2078.0,,4816,0,2052.0,2099.0,2050.0
2014-06-05,0.0,-1.11,2052.0,,4170,0,2075.0,2074.0,2035.0
2014-06-04,0.0,0.29,2075.0,,5664,0,2069.0,2075.0,2050.0
2014-06-03,0.0,0.93,2069.0,,5985,0,2050.0,2090.0,2057.0
2014-06-02,0.0,0.74,2050.0,,8876,0,2035.0,2065.0,2020.0
2014-06-01,0.0,2.52,2035.0,,6733,0,1985.0,2050.0,1970.0
2014-05-28,0.0,1.79,1985.0,,3993,0,1950.0,1989.0,1940.0
2014-05-27,0.0,-1.96,1950.0,,5571,0,1989.0,1960.0,1925.0
2014-05-26,0.0,3.49,1989.0,,8695,0,1922.0,1989.0,1900.0
2014-05-25,0.0,3.39,1922.0,,27558,0,1859.0,1945.0,1788.0
2014-05-22,0.0,-2.92,1859.0,,21890,0,1915.0,1925.0,1859.0
2014-05-21,0.0,0.0,1915.0,,3692,0,1915.0,1926.0,1890.0
2014-05-20,0.0,-0.52,1915.0,,3836,0,1925.0,1940.0,1903.0
2014-05-19,0.0,-1.28,1925.0,,4777,0,1950.0,1950.0,1882.0
2014-05-18,0.0,-0.51,1950.0,,3500,0,1960.0,1965.0,1941.0
2014-05-15,0.0,-2.0,1960.0,,1801,0,2000.0,2029.0,1960.0
2014-05-13,0.0,-0.74,2000.0,,1034,0,2015.0,2030.0,1990.0
2014-05-12,0.0,0.1,2015.0,,2015,0,2013.0,2040.0,1995.0
2014-05-11,0.0,0.05,2013.0,,1554,0,2012.0,2040.0,1995.0
2014-05-08,0.0,-1.37,2012.0,,1301,0,2040.0,2020.0,2000.0
2014-05-07,0.0,0.49,2040.0,,2142,0,2030.0,2111.0,2040.0
2014-05-06,0.0,3.57,2030.0,,2557,0,1960.0,2077.0,1999.0
2014-05-05,0.0,1.29,1960.0,,1684,0,1935.0,1965.0,1940.0
2014-05-04,0.0,-0.26,1935.0,,3143,0,1940.0,1940.0,1904.0
2014-04-30,0.0,1.57,1940.0,,326,0,1910.0,1940.0,1910.0
2014-04-29,0.0,0.0,1910.0,,45,0,1910.0,1910.0,1910.0
2014-04-28,0.0,0.53,1910.0,,1057,0,1900.0,1920.0,1890.0
2014-04-27,0.0,-2.06,1900.0,,1374,0,1940.0,1930.0,1890.0
2014-04-23,0.0,0.52,1940.0,,699,0,1930.0,1940.0,1918.0
2014-04-22,0.0,0.0,1930.0,,382,0,1930.0,1960.0,1930.0
2014-04-21,0.0,-1.03,1930.0,,1235,0,1950.0,1950.0,1920.0
2014-04-20,0.0,0.36,1950.0,,2145,0,1943.0,1950.0,1944.0
2014-04-17,0.0,-2.36,1943.0,,1617,0,1990.0,1980.0,1943.0
2014-04-16,0.0,-0.25,1990.0,,606,0,1995.0,1991.0,1970.0
2014-04-15,0.0,0.0,1995.0,,572,0,1995.0,2003.0,1995.0
2014-04-13,0.0,0.3,1995.0,,4388,0,1989.0,2009.0,1970.0
2014-04-10,0.0,1.48,1989.0,,2242,0,1960.0,2000.0,1961.0
2014-04-09,0.0,0.77,1960.0,,1858,0,1945.0,1960.0,1900.0
2014-04-07,0.0,-1.02,1945.0,,3054,0,1965.0,1950.0,1893.0
2014-04-06,0.0,0.77,1965.0,,438,0,1950.0,2000.0,1965.0
2014-04-03,0.0,2.63,1950.0,,1392,0,1900.0,1950.0,1915.0
2014-04-02,0.0,0.0,1900.0,,4093,0,1900.0,1920.0,1900.0
2014-04-01,0.0,0.26,1900.0,,2849,0,1895.0,1920.0,1880.0
2014-03-31,0.0,-0.26,1895.0,,1049,0,1900.0,1911.0,1895.0
2014-03-27,0.0,1.5,1900.0,,2287,0,1872.0,1905.0,1877.0
2014-03-26,0.0,-1.47,1872.0,,781,0,1900.0,1895.0,1871.0
2014-03-25,0.0,-0.78,1900.0,,1319,0,1915.0,1910.0,1880.0
2014-03-24,0.0,1.54,1915.0,,1043,0,1886.0,1940.0,1910.0
2014-03-23,0.0,-1.26,1886.0,,1880,0,1910.0,1895.0,1881.0
2014-03-20,0.0,3.52,1910.0,,2633,0,1845.0,1910.0,1840.0
2014-03-19,0.0,2.56,1845.0,,5212,0,1799.0,1876.0,1790.0
2014-03-18,0.0,-3.02,1799.0,,2968,0,1855.0,1865.0,1799.0
2014-03-17,0.0,-2.73,1855.0,,1944,0,1907.0,1885.0,1840.0
2014-03-13,0.0,-2.46,1907.0,,2402,0,1955.0,1930.0,1900.0
2014-03-12,0.0,-1.21,1955.0,,4854,0,1979.0,1970.0,1870.0
2014-03-11,0.0,-0.05,1979.0,,1671,0,1980.0,1981.0,1960.0
2014-03-10,0.0,-1.0,1980.0,,904,0,2000.0,2005.0,1965.0
2014-03-09,0.0,-0.74,2000.0,,1254,0,2015.0,2055.0,1990.0
2014-03-06,0.0,-3.59,2015.0,,1631,0,2090.0,2050.0,2001.0
2014-03-05,0.0,3.72,2090.0,,1527,0,2015.0,2090.0,2000.0
2014-03-04,0.0,-2.42,2015.0,,2767,0,2065.0,2065.0,1975.0
2014-03-03,0.0,-3.91,2065.0,,1114,0,2149.0,2130.0,2059.0
2014-02-26,0.0,0.89,2149.0,,1200,0,2130.0,2180.0,2100.0
2014-02-25,0.0,-0.14,2130.0,,1845,0,2133.0,2130.0,2100.0
2014-02-24,0.0,1.19,2133.0,,2640,0,2108.0,2140.0,2107.0
2014-02-23,0.0,0.48,2108.0,,4237,0,2098.0,2150.0,2100.0
2014-02-20,0.0,-0.33,2098.0,,466,0,2105.0,2140.0,2098.0
2014-02-18,0.0,0.81,2105.0,,814,0,2088.0,2105.0,2085.0
2014-02-17,0.0,0.38,2088.0,,687,0,2080.0,2100.0,2080.0
2014-02-16,0.0,-0.72,2080.0,,1096,0,2095.0,2100.0,2075.0
2014-02-13,0.0,-0.33,2095.0,,902,0,2102.0,2103.0,2089.0
2014-02-12,0.0,-1.31,2102.0,,1982,0,2130.0,2124.0,2090.0
2014-02-11,0.0,-1.16,2130.0,,2034,0,2155.0,2130.0,2100.0
2014-02-10,0.0,2.62,2155.0,,3551,0,2100.0,2227.0,2142.0
2014-02-09,0.0,1.11,2100.0,,884,0,2077.0,2100.0,2075.0
2014-02-06,0.0,0.83,2077.0,,3009,0,2060.0,2077.0,2050.0
2014-02-05,0.0,2.23,2060.0,,1667,0,2015.0,2060.0,2010.0
2014-02-04,0.0,0.3,2015.0,,701,0,2009.0,2020.0,2000.0
2014-02-03,0.0,-2.48,2009.0,,1729,0,2060.0,2025.0,1995.0
2014-02-02,0.0,0.49,2060.0,,3221,0,2050.0,2061.0,2020.0
2014-01-29,0.0,-0.34,2050.0,,1516,0,2057.0,2060.0,2025.0
2014-01-28,0.0,-0.87,2057.0,,3039,0,2075.0,2085.0,2040.0
2014-01-27,0.0,-0.48,2075.0,,700,0,2085.0,2105.0,2075.0
2014-01-26,0.0,0.24,2085.0,,2305,0,2080.0,2100.0,2035.0
2014-01-23,0.0,-0.48,2080.0,,1919,0,2090.0,2100.0,2050.0
2014-01-22,0.0,-1.83,2090.0,,2490,0,2129.0,2115.0,2070.0
2014-01-21,0.0,-2.56,2129.0,,1824,0,2185.0,2177.0,2100.0
2014-01-20,0.0,-1.13,2185.0,,1001,0,2210.0,2200.0,2166.0
2014-01-19,0.0,0.5,2210.0,,1484,0,2199.0,2230.0,2190.0
2014-01-16,0.0,-0.95,2199.0,,163,0,2220.0,2230.0,2199.0
2014-01-14,0.0,-1.33,2220.0,,287,0,2250.0,2250.0,2220.0
2014-01-13,0.0,1.12,2250.0,,1385,0,2225.0,2260.0,2225.0
2014-01-12,0.0,2.44,2225.0,,1788,0,2172.0,2225.0,2105.0
2014-01-09,0.0,0.18,2172.0,,1115,0,2168.0,2172.0,2125.0
2014-01-08,0.0,1.98,2168.0,,2502,0,2126.0,2180.0,2100.0
2014-01-07,0.0,0.76,2126.0,,4731,0,2110.0,2135.0,2070.0
2014-01-06,0.0,-0.71,2110.0,,3381,0,2125.0,2118.0,2095.0
2014-01-05,0.0,0.0,2125.0,,5113,0,2125.0,2125.0,2100.0
2014-01-02,0.0,-1.21,2125.0,,10110,0,2151.0,2150.0,2090.0
2014-01-01,0.0,-2.67,2151.0,,433,0,2210.0,2180.0,2142.0
2013-12-31,0.0,-1.78,2210.0,,2064,0,2250.0,2250.0,2200.0
2013-12-29,0.0,-0.88,2250.0,,3809,0,2270.0,2275.0,2220.0
2013-12-26,0.0,0.53,2270.0,,4278,0,2258.0,2320.0,2260.0
2013-12-24,0.0,0.58,2258.0,,2047,0,2245.0,2280.0,2245.0
2013-12-23,0.0,-4.75,2245.0,,1786,0,2357.0,2330.0,2245.0
2013-12-22,0.0,-1.75,2357.0,,3302,0,2399.0,2405.0,2357.0
2013-12-19,0.0,-0.46,2399.0,,3807,0,2410.0,2400.0,2257.0
2013-12-18,0.0,1.01,2410.0,,900,0,2386.0,2410.0,2386.0
2013-12-16,0.0,3.74,2386.0,,716,0,2300.0,2386.0,2310.0
2013-12-15,0.0,2.45,2300.0,,1243,0,2245.0,2300.0,2216.0
2013-12-12,0.0,-1.97,2245.0,,1285,0,2290.0,2300.0,2240.0
2013-12-11,0.0,1.55,2290.0,,2056,0,2255.0,2305.0,2260.0
2013-12-10,0.0,-1.53,2255.0,,1767,0,2290.0,2290.0,2240.0
2013-12-09,0.0,0.0,2290.0,,5002,0,2750.0,2400.0,2244.0
2013-12-08,0.0,1.1,2750.0,,18668,0,2720.0,2790.0,2700.0
2013-12-05,0.0,0.18,2720.0,,9860,0,2715.0,2800.0,2695.0
2013-12-04,0.0,5.44,2715.0,,6447,0,2575.0,2725.0,2610.0
2013-12-03,0.0,3.37,2575.0,,6324,0,2491.0,2605.0,2491.0
2013-12-02,0.0,0.69,2491.0,,5399,0,2474.0,2500.0,2470.0
2013-12-01,0.0,3.95,2474.0,,5618,0,2380.0,2495.0,2427.0
2013-11-28,0.0,0.0,2380.0,,3395,0,2380.0,2380.0,2333.0
2013-11-27,0.0,-0.42,2380.0,,1841,0,2390.0,2390.0,2365.0
2013-11-26,0.0,-2.33,2390.0,,5083,0,2447.0,2440.0,2380.0
2013-11-25,0.0,-3.01,2447.0,,4977,0,2523.0,2478.0,2380.0
2013-11-24,0.0,2.94,2523.0,,7026,0,2451.0,2567.0,2400.0
2013-11-21,0.0,9.96,2451.0,,10177,0,2229.0,2451.0,2273.0
2013-11-14,0.0,0.72,2229.0,,9683,0,2213.0,2260.0,2200.0
2013-11-13,0.0,0.36,2213.0,,8998,0,2205.0,2240.0,2205.0
2013-11-12,0.0,0.18,2205.0,,3891,0,2201.0,2250.0,2200.0
2013-11-11,0.0,1.43,2201.0,,10578,0,2170.0,2210.0,2150.0
2013-11-10,0.0,-0.23,2170.0,,1502,0,2175.0,2196.0,2170.0
2013-11-07,0.0,-0.87,2175.0,,3254,0,2194.0,2199.0,2175.0
2013-11-06,0.0,-0.18,2194.0,,1535,0,2198.0,2200.0,2191.0
2013-10-31,0.0,-0.09,2198.0,,5454,0,2200.0,2208.0,2195.0
2013-10-30,0.0,-0.05,2200.0,,8171,0,2201.0,2206.0,2195.0
2013-10-29,0.0,0.14,2201.0,,2987,0,2198.0,2204.0,2190.0
2013-10-28,0.0,-0.09,2198.0,,5747,0,2200.0,2230.0,2191.0
2013-10-27,0.0,1.85,2200.0,,3228,0,2160.0,2201.0,2117.0
2013-10-24,0.0,0.93,2160.0,,3527,0,2140.0,2160.0,2118.0
2013-10-23,0.0,-0.47,2140.0,,2544,0,2150.0,2160.0,2111.0
2013-10-22,0.0,-2.27,2150.0,,7336,0,2200.0,2200.0,2100.0
2013-10-21,0.0,2.33,2200.0,,6354,0,2150.0,2240.0,2124.0
2013-10-20,0.0,4.12,2150.0,,8573,0,2065.0,2151.0,2050.0
2013-10-17,0.0,1.72,2065.0,,3332,0,2030.0,2065.0,2035.0
2013-10-10,0.0,1.1,2030.0,,1255,0,2008.0,2035.0,2015.0
2013-10-09,0.0,-0.1,2008.0,,2821,0,2010.0,2014.0,2000.0
2013-10-08,0.0,0.9,2010.0,,2489,0,1992.0,2010.0,1995.0
2013-10-07,0.0,0.61,1992.0,,1594,0,1980.0,1995.0,1980.0
2013-10-06,0.0,0.2,1980.0,,1379,0,1976.0,1980.0,1970.0
2013-10-03,0.0,-0.35,1976.0,,2340,0,1983.0,1980.0,1960.0
2013-10-02,0.0,0.15,1983.0,,1303,0,1980.0,1985.0,1950.0
2013-10-01,0.0,0.25,1980.0,,2887,0,1975.0,2012.0,1974.0
2013-09-30,0.0,0.0,1975.0,,1938,0,1975.0,1980.0,1975.0
2013-09-29,0.0,-0.25,1975.0,,2802,0,1980.0,1990.0,1970.0
2013-09-26,0.0,0.0,1980.0,,837,0,1980.0,2000.0,1979.0
2013-09-25,0.0,0.0,1980.0,,2790,0,1980.0,1986.0,1976.0
2013-09-24,0.0,0.51,1980.0,,4740,0,1970.0,1990.0,1961.0
2013-09-23,0.0,-0.25,1970.0,,3089,0,1975.0,1975.0,1941.0
2013-09-22,0.0,-0.25,1975.0,,2397,0,1980.0,1980.0,1950.0
2013-09-19,0.0,-1.0,1980.0,,2291,0,2000.0,1991.0,1965.0
2013-09-17,0.0,0.2,2000.0,,9843,0,1996.0,2003.0,1985.0
2013-09-16,0.0,0.3,1996.0,,4647,0,1990.0,2002.0,1990.0
2013-09-15,0.0,1.27,1990.0,,9143,0,1965.0,1995.0,1960.0
2013-09-12,0.0,0.36,1965.0,,3529,0,1958.0,1975.0,1960.0
2013-09-11,0.0,0.93,1958.0,,5974,0,1940.0,1958.0,1940.0
2013-09-10,0.0,-1.27,1940.0,,5604,0,1965.0,1965.0,1926.0
2013-09-09,0.0,-1.85,1965.0,,8448,0,2002.0,2039.0,1961.0
2013-09-08,0.0,10.0,2002.0,,9905,0,1820.0,2002.0,1856.0
2013-09-05,0.0,0.0,1820.0,,3902,0,1820.0,1820.0,1799.0
2013-09-04,0.0,0.0,1820.0,,2269,0,1820.0,1840.0,1803.0
2013-09-03,0.0,0.0,1820.0,,3564,0,1820.0,1828.0,1800.0
2013-09-02,0.0,-0.55,1820.0,,802,0,1830.0,1825.0,1820.0
2013-09-01,0.0,-0.22,1830.0,,787,0,1834.0,1840.0,1830.0
2013-08-29,0.0,-1.03,1834.0,,1962,0,1853.0,1856.0,1830.0
2013-08-27,0.0,0.11,1853.0,,1193,0,1851.0,1859.0,1840.0
2013-08-26,0.0,-0.48,1851.0,,1868,0,1860.0,1860.0,1840.0
2013-08-25,0.0,0.27,1860.0,,1577,0,1855.0,1870.0,1850.0
2013-08-20,0.0,0.92,1855.0,,807,0,1838.0,1855.0,1830.0
2013-08-19,0.0,0.71,1838.0,,1782,0,1825.0,1850.0,1830.0
2013-08-18,0.0,-1.08,1825.0,,1294,0,1845.0,1845.0,1822.0
2013-08-15,0.0,1.43,1845.0,,651,0,1819.0,1845.0,1818.0
2013-08-14,0.0,-0.6,1819.0,,1105,0,1830.0,1860.0,1819.0
2013-08-13,0.0,-1.08,1830.0,,2663,0,1850.0,1850.0,1812.0
2013-08-12,0.0,-1.07,1850.0,,1648,0,1870.0,1870.0,1842.0
2013-08-11,0.0,-1.58,1870.0,,867,0,1900.0,1875.0,1850.0
2013-08-08,0.0,0.53,1900.0,,2663,0,1890.0,1926.0,1880.0
2013-08-07,0.0,-0.68,1890.0,,635,0,1903.0,1920.0,1890.0
2013-08-06,0.0,0.42,1903.0,,2029,0,1895.0,1905.0,1885.0
2013-08-05,0.0,-1.04,1895.0,,1105,0,1915.0,1901.0,1890.0
2013-08-04,0.0,0.26,1915.0,,3186,0,1910.0,1915.0,1891.0
2013-08-01,0.0,-0.78,1910.0,,2696,0,1925.0,1950.0,1900.0
2013-07-31,0.0,0.79,1925.0,,2384,0,1910.0,1935.0,1900.0
2013-07-30,0.0,0.53,1910.0,,2927,0,1900.0,1915.0,1900.0
2013-07-29,0.0,-0.26,1900.0,,2562,0,1905.0,1910.0,1890.0
2013-07-28,0.0,0.85,1905.0,,2279,0,1889.0,1918.0,1880.0
2013-07-25,0.0,-0.05,1889.0,,1962,0,1890.0,1905.0,1880.0
2013-07-24,0.0,-1.56,1890.0,,2886,0,1920.0,1900.0,1843.0
2013-07-23,0.0,1.86,1920.0,,898,0,1885.0,1920.0,1870.0
2013-07-22,0.0,-1.31,1885.0,,1031,0,1910.0,1915.0,1885.0
2013-07-21,0.0,2.41,1910.0,,5250,0,1865.0,1970.0,1890.0
2013-07-18,0.0,2.19,1865.0,,5092,0,1825.0,1872.0,1811.0
2013-07-17,0.0,1.39,1825.0,,3409,0,1800.0,1825.0,1801.0
2013-07-16,0.0,-0.83,1800.0,,2427,0,1815.0,1819.0,1795.0
2013-07-15,0.0,1.4,1815.0,,553,0,1790.0,1823.0,1810.0
2013-07-14,0.0,0.22,1790.0,,1240,0,1786.0,1800.0,1788.0
2013-07-11,0.0,-1.05,1786.0,,632,0,1805.0,1795.0,1786.0
2013-07-10,0.0,1.46,1805.0,,5003,0,1779.0,1809.0,1780.0
2013-07-09,0.0,1.66,1779.0,,1603,0,1750.0,1779.0,1753.0
2013-07-08,0.0,0.52,1750.0,,2866,0,1741.0,1754.0,1736.0
2013-07-07,0.0,0.0,1741.0,,2216,0,1741.0,1747.0,1730.0
2013-07-04,0.0,-0.11,1741.0,,1636,0,1743.0,1746.0,1735.0
2013-07-03,0.0,-0.29,1743.0,,1706,0,1748.0,1753.0,1725.0
2013-07-02,0.0,0.06,1748.0,,869,0,1747.0,1748.0,1740.0
2013-07-01,0.0,-0.17,1747.0,,1948,0,1750.0,1759.0,1745.0
2013-06-30,0.0,-1.3,1750.0,,1692,0,1773.0,1771.0,1730.0
2013-06-27,0.0,0.45,1773.0,,1651,0,1765.0,1785.0,1750.0
2013-06-26,0.0,2.02,1765.0,,2051,0,1730.0,1785.0,1730.0
2013-06-25,0.0,0.82,1730.0,,1982,0,1716.0,1730.0,1709.0
2013-06-24,0.0,0.06,1716.0,,812,0,1715.0,1721.0,1705.0
2013-06-23,0.0,0.23,1715.0,,528,0,1711.0,1718.0,1700.0
2013-06-20,0.0,-0.58,1711.0,,1816,0,1721.0,1715.0,1706.0
2013-06-19,0.0,0.12,1721.0,,1715,0,1719.0,1722.0,1706.0
2013-06-18,0.0,-0.06,1719.0,,1011,0,1720.0,1721.0,1701.0
2013-06-17,0.0,-1.04,1720.0,,1445,0,1738.0,1731.0,1720.0
2013-06-16,0.0,0.58,1738.0,,1064,0,1728.0,1740.0,1725.0
2013-06-13,0.0,-0.46,1728.0,,1716,0,1736.0,1735.0,1725.0
2013-06-12,0.0,-0.91,1736.0,,812,0,1752.0,1743.0,1735.0
2013-06-11,0.0,0.69,1752.0,,630,0,1740.0,1755.0,1744.0
2013-06-10,0.0,0.0,1740.0,,3401,0,1740.0,1742.0,1735.0
2013-06-09,0.0,-0.34,1740.0,,1721,0,1746.0,1740.0,1740.0
2013-06-06,0.0,0.11,1746.0,,746,0,1744.0,1750.0,1731.0
2013-06-05,0.0,-0.34,1744.0,,357,0,1750.0,1750.0,1744.0
2013-06-04,0.0,0.0,1750.0,,590,0,1750.0,1755.0,1740.0
2013-06-03,0.0,1.16,1750.0,,669,0,1730.0,1760.0,1749.0
2013-06-02,0.0,-0.86,1730.0,,1852,0,1745.0,1754.0,1730.0
2013-05-30,0.0,-0.91,1745.0,,2567,0,1761.0,1761.0,1745.0
2013-05-28,0.0,-2.38,1761.0,,1016,0,1804.0,1785.0,1760.0
2013-05-27,0.0,3.62,1804.0,,1415,0,1741.0,1804.0,1760.0
2013-05-26,0.0,-0.23,1741.0,,1188,0,1745.0,1750.0,1740.0
2013-05-23,0.0,0.0,1745.0,,3462,0,1745.0,1745.0,1725.0
2013-05-22,0.0,-0.29,1745.0,,2178,0,1750.0,1763.0,1735.0
2013-05-21,0.0,0.29,1750.0,,3286,0,1745.0,1753.0,1740.0
2013-05-20,0.0,1.1,1745.0,,2532,0,1726.0,1760.0,1730.0
2013-05-19,0.0,-1.37,1726.0,,10617,0,1750.0,1765.0,1720.0
2013-05-16,0.0,3.24,1750.0,,1993,0,1695.0,1750.0,1700.0
2013-05-15,0.0,0.3,1695.0,,9162,0,1690.0,1723.0,1690.0
2013-05-14,0.0,-1.63,1690.0,,3704,0,1718.0,1722.0,1690.0
2013-05-13,0.0,2.2,1718.0,,2165,0,1681.0,1718.0,1680.0
2013-05-12,0.0,-0.24,1681.0,,3800,0,1685.0,1718.0,1660.0
2013-05-09,0.0,-0.3,1685.0,,998,0,1690.0,1702.0,1685.0
2013-05-08,0.0,-0.82,1690.0,,234,0,1704.0,1700.0,1690.0
2013-05-07,0.0,1.55,1704.0,,3840,0,1678.0,1738.0,1675.0
2013-05-06,0.0,-3.29,1678.0,,848,0,1735.0,1715.0,1678.0
2013-05-05,0.0,-1.98,1735.0,,1168,0,1770.0,1780.0,1720.0
2013-05-02,0.0,0.0,1770.0,,1071,0,1770.0,1771.0,1740.0
2013-04-30,0.0,0.0,1770.0,,515,0,1770.0,1785.0,1769.0
2013-04-29,0.0,0.0,1770.0,,1506,0,1770.0,1795.0,1770.0
2013-04-28,0.0,-0.56,1770.0,,1757,0,1780.0,1777.0,1770.0
2013-04-25,0.0,-1.33,1780.0,,1273,0,1804.0,1800.0,1780.0
2013-04-23,0.0,2.21,1804.0,,1983,0,1765.0,1836.0,1790.0
2013-04-22,0.0,-3.02,1765.0,,3818,0,1820.0,1820.0,1750.0
2013-04-21,0.0,0.28,1820.0,,1114,0,1815.0,1835.0,1805.0
2013-04-18,0.0,0.55,1815.0,,1755,0,1805.0,1830.0,1806.0
2013-04-17,0.0,-1.37,1805.0,,1167,0,1830.0,1826.0,1805.0
2013-04-16,0.0,-0.27,1830.0,,3250,0,1835.0,1845.0,1815.0
2013-04-15,0.0,-0.54,1835.0,,1900,0,1845.0,1849.0,1815.0
2013-04-11,0.0,-0.27,1845.0,,3477,0,1850.0,1860.0,1835.0
2013-04-09,0.0,2.78,1850.0,,2545,0,1800.0,1850.0,1801.0
2013-04-08,0.0,0.56,1800.0,,785,0,1790.0,1820.0,1787.0
2013-04-07,0.0,-1.0,1790.0,,1811,0,1808.0,1808.0,1780.0
2013-04-04,0.0,-0.93,1808.0,,2424,0,1825.0,1825.0,1801.0
2013-04-03,0.0,-0.27,1825.0,,1741,0,1830.0,1840.0,1820.0
2013-04-02,0.0,1.95,1830.0,,2688,0,1795.0,1856.0,1760.0
2013-04-01,0.0,0.56,1795.0,,3861,0,1785.0,1811.0,1750.0
2013-03-31,0.0,-3.62,1785.0,,2556,0,1852.0,1830.0,1785.0
2013-03-28,0.0,0.16,1852.0,,4364,0,1849.0,1852.0,1825.0
2013-03-27,0.0,-0.16,1849.0,,2300,0,1852.0,1888.0,1841.0
2013-03-25,0.0,0.93,1852.0,,2653,0,1835.0,1852.0,1800.0
2013-03-24,0.0,-2.39,1835.0,,2994,0,1880.0,1851.0,1825.0
2013-03-21,0.0,0.11,1880.0,,498,0,1878.0,1900.0,1870.0
2013-03-20,0.0,-0.63,1878.0,,688,0,1890.0,1901.0,1875.0
2013-03-19,0.0,0.53,1890.0,,1872,0,1880.0,1923.0,1860.0
2013-03-18,0.0,-1.26,1880.0,,1067,0,1904.0,1909.0,1861.0
2013-03-17,0.0,-0.88,1904.0,,2533,0,1921.0,1916.0,1900.0
2013-03-14,0.0,0.68,1921.0,,2905,0,1908.0,1998.0,1900.0
2013-03-13,0.0,0.42,1908.0,,3412,0,1900.0,1911.0,1872.0
2013-03-11,0.0,-1.3,1900.0,,2354,0,1925.0,1939.0,1880.0
2013-03-07,0.0,1.85,1925.0,,4043,0,1890.0,1925.0,1850.0
2013-03-06,0.0,1.18,1890.0,,1309,0,1868.0,1895.0,1860.0
2013-03-05,0.0,-0.64,1868.0,,5639,0,1880.0,1888.0,1855.0
2013-03-04,0.0,-0.37,1880.0,,2969,0,1887.0,1886.0,1875.0
2013-03-03,0.0,-0.05,1887.0,,3654,0,1888.0,1889.0,1871.0
2013-02-28,0.0,0.96,1888.0,,1426,0,1870.0,1889.0,1868.0
2013-02-27,0.0,-1.53,1870.0,,1777,0,1899.0,1875.0,1862.0
2013-02-26,0.0,0.74,1899.0,,4719,0,1885.0,1922.0,1880.0
2013-02-25,0.0,1.84,1885.0,,2323,0,1851.0,1950.0,1850.0
2013-02-24,0.0,0.05,1851.0,,1719,0,1850.0,1860.0,1840.0
2013-02-21,0.0,0.54,1850.0,,4683,0,1840.0,1894.0,1820.0
2013-02-20,0.0,-1.39,1840.0,,3753,0,1866.0,1870.0,1813.0
2013-02-19,0.0,-1.27,1866.0,,11302,0,1890.0,2000.0,1862.0
2013-02-17,0.0,8.06,1890.0,,3388,0,1749.0,1923.0,1783.0
2013-02-14,0.0,2.22,1749.0,,5508,0,1711.0,1755.0,1737.0
2013-02-13,0.0,-1.1,1711.0,,5548,0,1730.0,1729.0,1682.0
2013-02-12,0.0,4.53,1730.0,,5007,0,1655.0,1735.0,1688.0
2013-02-10,0.0,3.05,1655.0,,4707,0,1606.0,1687.0,1637.0
2013-02-07,0.0,-0.12,1606.0,,1056,0,1608.0,1611.0,1600.0
2013-02-06,0.0,0.19,1608.0,,4577,0,1605.0,1609.0,1595.0
2013-02-05,0.0,-1.05,1605.0,,2714,0,1622.0,1625.0,1600.0
2013-02-04,0.0,0.12,1622.0,,1449,0,1620.0,1624.0,1600.0
2013-02-03,0.0,2.53,1620.0,,4537,0,1580.0,1625.0,1595.0
2013-01-31,0.0,-0.32,1580.0,,2399,0,1585.0,1593.0,1580.0
2013-01-30,0.0,-1.25,1585.0,,6011,0,1605.0,1606.0,1580.0
2013-01-28,0.0,0.0,1605.0,,2032,0,1605.0,1610.0,1591.0
2013-01-27,0.0,0.25,1605.0,,1580,0,1601.0,1605.0,1590.0
2013-01-24,0.0,1.14,1601.0,,3866,0,1583.0,1601.0,1578.0
2013-01-23,0.0,-1.06,1583.0,,1800,0,1600.0,1600.0,1575.0
2013-01-22,0.0,0.63,1600.0,,1194,0,1590.0,1620.0,1590.0
2013-01-21,0.0,2.58,1590.0,,468,0,1550.0,1612.0,1581.0
2013-01-20,0.0,-4.32,1550.0,,2151,0,1620.0,1590.0,1540.0
2013-01-17,0.0,-1.82,1620.0,,2605,0,1650.0,1635.0,1617.0
2013-01-16,0.0,0.0,1650.0,,1823,0,1650.0,1662.0,1640.0
2013-01-15,0.0,0.0,1650.0,,1850,0,1650.0,1668.0,1650.0
2013-01-13,0.0,0.61,1650.0,,1896,0,1640.0,1665.0,1646.0
2013-01-10,0.0,-0.61,1640.0,,2114,0,1650.0,1646.0,1620.0
2013-01-09,0.0,-0.24,1650.0,,1314,0,1654.0,1650.0,1640.0
2013-01-08,0.0,-0.66,1654.0,,619,0,1665.0,1665.0,1653.0
2013-01-07,0.0,-0.6,1665.0,,4852,0,1675.0,1683.0,1650.0
2013-01-06,0.0,-0.83,1675.0,,1363,0,1689.0,1698.0,1675.0
2013-01-03,0.0,1.69,1689.0,,5596,0,1661.0,1690.0,1660.0
2013-01-02,0.0,0.06,1661.0,,3397,0,1660.0,1684.0,1635.0
2013-01-01,0.0,-1.95,1660.0,,2821,0,1693.0,1698.0,1660.0
2012-12-31,0.0,-0.47,1693.0,,3896,0,1701.0,1695.0,1610.0
2012-12-27,0.0,5.33,1701.0,,7127,0,1615.0,1701.0,1506.0
2012-12-26,0.0,3.06,1615.0,,5465,0,1567.0,1623.0,1560.0
2012-12-24,0.0,-0.51,1567.0,,6737,0,1575.0,1579.0,1550.0
2012-12-23,0.0,1.22,1575.0,,4289,0,1556.0,1575.0,1545.0
2012-12-20,0.0,0.58,1556.0,,4104,0,1547.0,1559.0,1530.0
2012-12-19,0.0,1.64,1547.0,,4192,0,1522.0,1555.0,1523.0
2012-12-18,0.0,-2.37,1522.0,,2787,0,1559.0,1528.0,1500.0
2012-12-17,0.0,2.03,1559.0,,11942,0,1528.0,1579.0,1535.0
2012-12-16,0.0,2.55,1528.0,,4987,0,1490.0,1534.0,1500.0
2012-12-13,0.0,2.76,1490.0,,601,0,1450.0,1509.0,1465.0
2012-12-11,0.0,0.0,1450.0,,742,0,1450.0,1464.0,1445.0
2012-12-10,0.0,0.0,1450.0,,1548,0,1450.0,1450.0,1420.0
2012-12-09,0.0,-3.2,1450.0,,718,0,1498.0,1475.0,1450.0
2012-12-06,0.0,-0.33,1498.0,,2285,0,1503.0,1500.0,1475.0
2012-12-05,0.0,2.52,1503.0,,6029,0,1466.0,1510.0,1475.0
2012-12-04,0.0,0.41,1466.0,,1708,0,1460.0,1489.0,1460.0
2012-12-03,0.0,1.04,1460.0,,1078,0,1445.0,1460.0,1403.0
2012-12-02,0.0,-1.03,1445.0,,3251,0,1460.0,1461.0,1426.0
2012-11-29,0.0,-2.6,1460.0,,513,0,1499.0,1470.0,1452.0
2012-11-28,0.0,0.94,1499.0,,1685,0,1485.0,1499.0,1460.0
2012-11-27,0.0,0.47,1485.0,,2331,0,1478.0,1485.0,1467.0
2012-11-26,0.0,-1.53,1478.0,,14328,0,1501.0,1492.0,1470.0
2012-11-25,0.0,-0.6,1501.0,,5926,0,1510.0,1517.0,1480.0
2012-11-22,0.0,-1.63,1510.0,,3477,0,1535.0,1510.0,1480.0
2012-11-21,0.0,-0.97,1535.0,,2159,0,1550.0,1565.0,1525.0
2012-11-20,0.0,3.13,1550.0,,3483,0,1503.0,1572.0,1529.0
2012-11-18,0.0,3.3,1503.0,,5211,0,1455.0,1504.0,1455.0
2012-11-12,0.0,3.19,1455.0,,1858,0,1410.0,1455.0,1400.0
2012-11-11,0.0,-6.25,1410.0,,3220,0,1504.0,1505.0,1376.0
2012-11-08,0.0,3.94,1504.0,,5562,0,1447.0,1575.0,1475.0
2012-11-07,0.0,9.95,1447.0,,1661,0,1316.0,1447.0,1342.0
2012-11-06,0.0,2.81,1316.0,,2280,0,1280.0,1329.0,1300.0
2012-11-05,0.0,1.19,1280.0,,521,0,1265.0,1310.0,1280.0
2012-11-04,0.0,1.28,1265.0,,602,0,1249.0,1290.0,1250.0
2012-11-01,0.0,0.16,1249.0,,1358,0,1247.0,1249.0,1220.0
2012-10-31,0.0,1.88,1247.0,,806,0,1224.0,1248.0,1224.0
2012-10-30,0.0,5.06,1224.0,,291,0,1165.0,1224.0,1185.0
2012-10-18,0.0,0.43,1165.0,,636,0,1160.0,1165.0,1137.0
2012-10-17,0.0,0.0,1160.0,,211,0,1160.0,1160.0,1160.0
2012-10-15,0.0,0.26,1160.0,,26,0,1157.0,1160.0,1160.0
2012-10-14,0.0,1.94,1157.0,,177,0,1135.0,1157.0,1135.0
2012-10-11,0.0,-1.48,1135.0,,377,0,1152.0,1140.0,1135.0
2012-10-10,0.0,-0.86,1152.0,,224,0,1162.0,1152.0,1143.0
2012-10-09,0.0,1.04,1162.0,,514,0,1150.0,1162.0,1140.0
2012-10-08,0.0,0.44,1150.0,,570,0,1145.0,1160.0,1145.0
2012-10-07,0.0,1.78,1145.0,,1039,0,1125.0,1145.0,1133.0
2012-10-04,0.0,0.45,1125.0,,723,0,1120.0,1125.0,1101.0
2012-10-03,0.0,-19.13,1120.0,,218,0,1385.0,1131.0,1120.0
2012-10-02,0.0,-1.21,1385.0,,5576,0,1402.0,1413.0,1375.0
2012-10-01,0.0,0.14,1402.0,,4518,0,1400.0,1428.0,1400.0
2012-09-30,0.0,-1.34,1400.0,,1097,0,1419.0,1444.0,1400.0
2012-09-27,0.0,0.64,1419.0,,1035,0,1410.0,1420.0,1410.0
2012-09-26,0.0,-1.12,1410.0,,6206,0,1426.0,1452.0,1400.0
2012-09-25,0.0,-0.7,1426.0,,1942,0,1436.0,1434.0,1415.0
2012-09-24,0.0,-1.1,1436.0,,898,0,1452.0,1436.0,1410.0
2012-09-23,0.0,-1.22,1452.0,,921,0,1470.0,1460.0,1442.0
2012-09-20,0.0,-0.81,1470.0,,350,0,1482.0,1470.0,1445.0
2012-09-19,0.0,-0.27,1482.0,,998,0,1486.0,1490.0,1480.0
2012-09-18,0.0,-0.13,1486.0,,897,0,1488.0,1500.0,1486.0
2012-09-17,0.0,0.2,1488.0,,1287,0,1485.0,1488.0,1481.0
2012-09-16,0.0,0.27,1485.0,,1019,0,1481.0,1491.0,1480.0
2012-09-13,0.0,0.07,1481.0,,1771,0,1480.0,1489.0,1478.0
2012-09-12,0.0,-0.67,1480.0,,5042,0,1490.0,1505.0,1480.0
2012-09-11,0.0,4.49,1490.0,,7009,0,1426.0,1520.0,1454.0
2012-09-10,0.0,-1.52,1426.0,,524,0,1448.0,1441.0,1426.0
2012-09-09,0.0,0.35,1448.0,,1031,0,1443.0,1449.0,1435.0
2012-09-06,0.0,-0.55,1443.0,,2276,0,1451.0,1451.0,1440.0
2012-09-05,0.0,-0.27,1451.0,,681,0,1455.0,1460.0,1440.0
2012-09-04,0.0,-0.34,1455.0,,683,0,1460.0,1459.0,1432.0
2012-09-03,0.0,-0.14,1460.0,,731,0,1462.0,1469.0,1450.0
2012-09-02,0.0,1.74,1462.0,,1427,0,1437.0,1464.0,1440.0
2012-08-30,0.0,-0.21,1437.0,,1420,0,1440.0,1437.0,1405.0
2012-08-29,0.0,0.21,1440.0,,1265,0,1437.0,1440.0,1423.0
2012-08-28,0.0,-0.9,1437.0,,1216,0,1450.0,1451.0,1437.0
2012-08-27,0.0,0.76,1450.0,,1059,0,1439.0,1450.0,1436.0
2012-08-26,0.0,-1.77,1439.0,,569,0,1465.0,1465.0,1430.0
2012-08-23,0.0,0.21,1465.0,,1546,0,1462.0,1468.0,1441.0
2012-08-22,0.0,-0.2,1462.0,,1036,0,1465.0,1472.0,1451.0
2012-08-21,0.0,0.96,1465.0,,2488,0,1451.0,1465.0,1430.0
2012-08-19,0.0,-1.23,1451.0,,385,0,1469.0,1451.0,1441.0
2012-08-16,0.0,1.31,1469.0,,2466,0,1450.0,1475.0,1447.0
2012-08-15,0.0,-0.34,1450.0,,2545,0,1455.0,1460.0,1445.0
2012-08-14,0.0,-0.41,1455.0,,1350,0,1461.0,1473.0,1450.0
2012-08-13,0.0,0.69,1461.0,,3040,0,1451.0,1500.0,1455.0
2012-08-12,0.0,-1.23,1451.0,,508,0,1469.0,1460.0,1451.0
2012-08-08,0.0,-0.74,1469.0,,1167,0,1480.0,1475.0,1460.0
2012-08-07,0.0,0.14,1480.0,,975,0,1478.0,1486.0,1470.0
2012-08-06,0.0,0.54,1478.0,,897,0,1470.0,1481.0,1470.0
2012-08-05,0.0,0.68,1470.0,,969,0,1460.0,1470.0,1440.0
2012-08-01,0.0,0.69,1460.0,,2222,0,1450.0,1470.0,1450.0
2012-07-31,0.0,0.0,1450.0,,651,0,1450.0,1462.0,1441.0
2012-07-30,0.0,0.69,1450.0,,2028,0,1440.0,1455.0,1420.0
2012-07-29,0.0,-0.69,1440.0,,943,0,1450.0,1450.0,1431.0
2012-07-26,0.0,-1.36,1450.0,,1828,0,1470.0,1465.0,1450.0
2012-07-25,0.0,-0.27,1470.0,,2707,0,1474.0,1490.0,1462.0
2012-07-24,0.0,-0.61,1474.0,,3187,0,1483.0,1486.0,1447.0
2012-07-23,0.0,0.54,1483.0,,3631,0,1475.0,1502.0,1478.0
2012-07-22,0.0,3.15,1475.0,,4131,0,1430.0,1478.0,1430.0
2012-07-19,0.0,3.47,1430.0,,1362,0,1382.0,1443.0,1400.0
2012-07-18,0.0,0.8,1382.0,,2406,0,1371.0,1395.0,1368.0
2012-07-17,0.0,1.56,1371.0,,2701,0,1350.0,1371.0,1350.0
2012-07-16,0.0,-0.37,1350.0,,904,0,1355.0,1353.0,1340.0
2012-07-15,0.0,2.73,1355.0,,1155,0,1319.0,1365.0,1338.0
2012-07-12,0.0,0.69,1319.0,,1100,0,1310.0,1319.0,1301.0
2012-07-11,0.0,0.77,1310.0,,1338,0,1300.0,1316.0,1310.0
2012-07-10,0.0,1.96,1300.0,,955,0,1275.0,1302.0,1288.0
2012-07-09,0.0,-0.47,1275.0,,907,0,1281.0,1285.0,1260.0
2012-07-08,0.0,-0.93,1281.0,,1230,0,1293.0,1281.0,1265.0
2012-07-05,0.0,-0.69,1293.0,,789,0,1302.0,1293.0,1276.0
2012-07-04,0.0,1.72,1302.0,,784,0,1280.0,1325.0,1281.0
2012-07-03,0.0,2.81,1280.0,,1302,0,1245.0,1280.0,1250.0
2012-07-02,0.0,-1.19,1245.0,,790,0,1260.0,1250.0,1242.0
2012-07-01,0.0,-0.55,1260.0,,1135,0,1267.0,1260.0,1250.0
2012-06-28,0.0,1.44,1267.0,,1238,0,1249.0,1298.0,1250.0
2012-06-27,0.0,1.88,1249.0,,1302,0,1226.0,1264.0,1240.0
2012-06-26,0.0,-3.01,1226.0,,358,0,1264.0,1239.0,1218.0
2012-06-25,0.0,4.9,1264.0,,721,0,1205.0,1264.0,1197.0
2012-06-21,0.0,-0.58,1205.0,,730,0,1212.0,1212.0,1200.0
2012-06-20,0.0,0.08,1212.0,,226,0,1211.0,1258.0,1195.0
2012-06-19,0.0,0.08,1211.0,,624,0,1210.0,1211.0,1186.0
2012-06-18,0.0,0.41,1210.0,,320,0,1205.0,1224.0,1200.0
2012-06-17,0.0,-0.58,1205.0,,306,0,1212.0,1205.0,1194.0
2012-06-14,0.0,-0.66,1212.0,,903,0,1220.0,1215.0,1196.0
2012-06-13,0.0,0.83,1220.0,,197,0,1210.0,1220.0,1201.0
2012-06-12,0.0,0.83,1210.0,,1025,0,1200.0,1210.0,1195.0
2012-06-11,0.0,-0.41,1200.0,,602,0,1205.0,1253.0,1200.0
2012-06-10,0.0,-1.63,1205.0,,1572,0,1225.0,1210.0,1188.0
2012-06-07,0.0,1.58,1225.0,,1504,0,1206.0,1258.0,1210.0
2012-06-06,0.0,-2.9,1206.0,,4535,0,1242.0,1221.0,1190.0
2012-06-05,0.0,-3.72,1242.0,,1088,0,1290.0,1265.0,1217.0
2012-06-04,0.0,-1.75,1290.0,,2280,0,1313.0,1313.0,1265.0
2012-06-03,0.0,9.42,1313.0,,2718,0,1200.0,1320.0,1210.0
2012-05-31,0.0,-0.41,1200.0,,5417,0,1205.0,1228.0,1113.0
2012-05-30,0.0,-9.94,1205.0,,399,0,1338.0,1312.0,1205.0
2012-05-29,0.0,-5.77,1338.0,,30,0,1420.0,1392.0,1338.0
2012-05-27,0.0,3.73,1420.0,,4735,0,1369.0,1448.0,1372.0
2012-05-24,0.0,3.32,1369.0,,3006,0,1325.0,1400.0,1300.0
2012-05-23,0.0,-7.86,1325.0,,617,0,1438.0,1410.0,1325.0
2012-05-22,0.0,-0.48,1438.0,,1664,0,1445.0,1438.0,1380.0
2012-05-21,0.0,-0.34,1445.0,,3948,0,1450.0,1460.0,1400.0
2012-05-20,0.0,0.0,1450.0,,1648,0,1450.0,1458.0,1390.0
2012-05-17,0.0,-1.63,1450.0,,6367,0,1474.0,1563.0,1421.0
2012-05-16,0.0,10.0,1474.0,,1090,0,1340.0,1474.0,1340.0
2012-05-15,0.0,9.93,1340.0,,2424,0,1219.0,1340.0,1219.0
2012-05-14,0.0,-6.37,1219.0,,2577,0,1302.0,1276.0,1200.0
2012-05-13,0.0,-8.31,1302.0,,1788,0,1420.0,1392.0,1290.0
2012-05-10,0.0,-2.67,1420.0,,3591,0,1459.0,1453.0,1387.0
2012-05-09,0.0,-4.27,1459.0,,6781,0,1524.0,1554.0,1415.0
2012-05-08,0.0,0.0,1524.0,,4092,0,1524.0,1585.0,1470.0
2012-05-07,0.0,9.96,1524.0,,1302,0,1386.0,1524.0,1413.0
2012-05-03,0.0,10.0,1386.0,,522,0,1260.0,1386.0,1285.0
2012-05-02,0.0,-10.0,1260.0,,956,0,1400.0,1372.0,1260.0
2012-04-30,0.0,-6.67,1400.0,,2746,0,1500.0,1470.0,1380.0
2012-04-29,0.0,-3.23,1500.0,,4632,0,1550.0,1538.0,1461.0
2012-04-26,0.0,6.9,1550.0,,6246,0,1450.0,1550.0,1400.0
2012-04-25,0.0,9.85,1450.0,,3631,0,1320.0,1452.0,1346.0
2012-04-24,0.0,10.0,1320.0,,880,0,1200.0,1320.0,1224.0
2012-04-22,0.0,6.19,1200.0,,3423,0,1130.0,1200.0,1130.0
2012-04-19,0.0,4.53,1130.0,,3104,0,1081.0,1144.0,1078.0
2012-04-18,0.0,8.1,1081.0,,1741,0,1000.0,1081.0,951.0
2012-04-17,0.0,-6.98,1000.0,,2664,0,1075.0,1182.0,994.0
2012-04-15,0.0,8.81,1075.0,,1840,0,988.0,1075.0,1007.0
2012-04-12,0.0,8.57,988.0,,1316,0,910.0,988.0,920.0
2012-04-11,0.0,2.25,910.0,,1173,0,890.0,925.0,885.0
2012-04-10,0.0,-1.22,890.0,,249,0,901.0,892.0,890.0
2012-04-09,0.0,0.67,901.0,,906,0,895.0,901.0,884.0
2012-04-08,0.0,-0.78,895.0,,318,0,902.0,895.0,879.0
2012-04-04,0.0,3.09,902.0,,106,0,875.0,902.0,878.0
2012-04-03,0.0,-0.57,875.0,,145,0,880.0,891.0,867.0
2012-04-02,0.0,3.29,880.0,,270,0,852.0,880.0,852.0
2012-04-01,0.0,-1.73,852.0,,981,0,867.0,852.0,835.0
2012-03-29,0.0,0.0,867.0,,64,0,867.0,867.0,850.0
2012-03-28,0.0,0.0,867.0,,317,0,867.0,867.0,850.0
2012-03-27,0.0,0.7,867.0,,342,0,861.0,873.0,850.0
2012-03-26,0.0,-1.94,861.0,,50,0,878.0,861.0,861.0
2012-03-25,0.0,0.0,878.0,,521,0,878.0,878.0,845.0
2012-03-21,0.0,0.46,878.0,,900,0,874.0,878.0,850.0
2012-03-20,0.0,-0.91,874.0,,307,0,882.0,874.0,847.0
2012-03-19,0.0,1.73,882.0,,281,0,867.0,882.0,853.0
2012-03-18,0.0,1.76,867.0,,168,0,852.0,869.0,850.0
2012-03-15,0.0,-0.93,852.0,,446,0,860.0,852.0,836.0
2012-03-14,0.0,-2.27,860.0,,389,0,880.0,875.0,860.0
2012-03-13,0.0,0.0,880.0,,501,0,880.0,880.0,863.0
2012-03-12,0.0,-0.56,880.0,,256,0,885.0,882.0,880.0
2012-03-11,0.0,0.34,885.0,,361,0,882.0,885.0,868.0
2012-03-06,0.0,-0.11,882.0,,301,0,883.0,885.0,875.0
2012-03-05,0.0,1.03,883.0,,571,0,874.0,887.0,866.0
2012-03-04,0.0,-1.47,874.0,,590,0,887.0,876.0,870.0
2012-03-01,0.0,3.02,887.0,,497,0,861.0,887.0,865.0
2012-02-29,0.0,-0.69,861.0,,602,0,867.0,869.0,860.0
2012-02-28,0.0,2.36,867.0,,825,0,847.0,867.0,845.0
2012-02-27,0.0,0.36,847.0,,1055,0,844.0,847.0,831.0
2012-02-26,0.0,-0.71,844.0,,1025,0,850.0,856.0,833.0
2012-02-23,0.0,0.0,850.0,,79,0,850.0,850.0,845.0
2012-02-21,0.0,0.0,850.0,,170,0,850.0,850.0,836.0
2012-02-16,0.0,0.83,850.0,,1286,0,843.0,850.0,833.0
2012-02-15,0.0,-1.98,843.0,,182,0,860.0,860.0,843.0
2012-02-14,0.0,-1.83,860.0,,447,0,876.0,870.0,860.0
2012-02-13,0.0,3.91,876.0,,885,0,843.0,876.0,832.0
2012-02-12,0.0,0.36,843.0,,1780,0,840.0,843.0,828.0
2012-02-09,0.0,-0.12,840.0,,437,0,841.0,840.0,830.0
2012-02-08,0.0,1.33,841.0,,187,0,830.0,841.0,830.0
2012-02-07,0.0,0.73,830.0,,816,0,824.0,833.0,820.0
2012-02-06,0.0,-0.6,824.0,,545,0,829.0,829.0,824.0
2012-02-05,0.0,-2.47,829.0,,1035,0,850.0,840.0,824.0
2012-02-02,0.0,2.16,850.0,,382,0,832.0,850.0,833.0
2012-02-01,0.0,-1.19,832.0,,250,0,842.0,840.0,832.0
2012-01-31,0.0,1.45,842.0,,143,0,830.0,845.0,842.0
2012-01-29,0.0,0.0,830.0,,496,0,830.0,830.0,823.0
2012-01-26,0.0,-1.19,830.0,,408,0,840.0,830.0,826.0
2012-01-25,0.0,0.6,840.0,,442,0,835.0,840.0,825.0
2012-01-23,0.0,-0.12,835.0,,1255,0,836.0,843.0,826.0
2012-01-22,0.0,-5.22,836.0,,1273,0,882.0,870.0,836.0
2012-01-18,0.0,2.44,882.0,,1617,0,861.0,882.0,830.0
2012-01-17,0.0,-2.05,861.0,,2244,0,879.0,865.0,820.0
2012-01-16,0.0,-2.77,879.0,,235,0,904.0,886.0,867.0
2012-01-12,0.0,3.43,904.0,,773,0,874.0,904.0,860.0
2012-01-11,0.0,3.43,874.0,,969,0,845.0,874.0,845.0
2012-01-10,0.0,-0.12,845.0,,658,0,846.0,862.0,845.0
2012-01-09,0.0,1.93,846.0,,195,0,830.0,846.0,830.0
2012-01-08,0.0,-3.26,830.0,,4835,0,858.0,845.0,814.0
2012-01-05,0.0,-0.81,858.0,,121,0,865.0,875.0,858.0
2012-01-04,0.0,-3.03,865.0,,490,0,892.0,875.0,842.0
2012-01-03,0.0,-0.89,892.0,,2653,0,900.0,916.0,892.0
2012-01-02,0.0,2.39,900.0,,1002,0,879.0,913.0,882.0
2012-01-01,0.0,0.69,879.0,,799,0,873.0,879.0,851.0
