DATE,CHANGE,CHANGE %,CLOSE,TURNOVER,VOLUME,TRADE,OPEN,HIGH,LOW
2026-05-08,4.8,1.85,264.9,,65881,200,263.5,265.7,260.4
2026-05-07,-1.4,-0.54,260.1,,101701,208,262.0,263.8,259.0
2026-05-06,-2.1,-0.8,261.5,,69913,212,250.5,273.0,250.5
2026-05-05,2.6,1.0,263.6,,90291,281,262.7,264.0,258.2
2026-05-04,-7.0,-2.61,261.0,,99589,337,268.0,269.9,256.6
2026-04-30,0.3,0.11,268.0,,44316,222,268.0,268.9,265.0
2026-04-29,-4.3,-1.58,267.7,,57242,228,268.0,276.0,266.0
2026-04-28,-4.2,-1.52,272.0,,55252,238,276.2,278.8,269.6
2026-04-27,2.2,0.8,276.2,,121261,331,274.0,279.0,272.0
2026-04-24,4.0,1.48,274.0,,66386,212,270.0,274.0,266.6
2026-04-23,0.0,0.0,270.0,,40349,167,275.0,275.0,268.3
2026-04-22,-0.1,-0.04,270.0,,108926,344,273.0,274.1,265.0
2026-04-21,-3.9,-1.42,270.1,,75031,276,278.9,280.0,270.1
2026-04-20,-5.7,-2.04,274.0,,58512,227,271.4,279.0,271.4
2026-04-17,-0.7,-0.25,279.7,,62065,243,280.0,281.0,276.5
2026-04-16,-4.6,-1.61,280.4,,140362,367,285.0,285.0,278.7
2026-04-15,7.0,2.52,285.0,,330079,605,282.0,285.0,280.0
2026-04-13,-1.4,-0.5,278.0,,96704,348,279.4,282.4,277.5
2026-04-10,-4.6,-1.62,279.4,,287344,406,289.0,289.0,279.2
2026-04-09,4.0,1.43,284.0,,437211,611,280.0,285.0,277.1
2026-04-08,9.4,3.47,280.0,,540047,724,270.0,292.7,269.5
2026-04-07,-0.2,-0.07,270.6,,236601,540,270.0,276.4,266.4
2026-04-06,13.8,5.37,270.8,,279703,703,257.0,280.9,254.0
2026-04-05,-12.7,-4.71,257.0,,210212,752,275.0,275.0,254.0
2026-04-02,0.7,0.26,269.7,,189444,487,265.0,270.0,263.2
2026-04-01,-9.4,-3.38,269.0,,219719,589,280.0,280.0,267.7
2026-03-31,-0.6,-0.22,278.4,,234029,648,273.5,280.9,270.1
2026-03-30,-2.0,-0.71,279.0,,344021,776,277.9,282.5,270.0
2026-03-29,-7.0,-2.43,281.0,,331188,804,288.0,288.0,279.2
2026-03-26,9.1,3.26,288.0,,795104,994,278.0,302.9,273.4
2026-03-25,-5.0,-1.76,278.9,,215500,456,283.9,284.0,277.0
2026-03-24,1.9,0.67,283.9,,272588,566,284.9,285.0,278.0
2026-03-23,-0.6,-0.21,282.0,,165204,618,285.0,286.0,277.1
2026-03-22,7.9,2.88,282.6,,366175,1234,280.0,285.0,278.0
2026-03-19,10.8,4.09,274.7,,299889,886,259.0,275.2,259.0
2026-03-17,2.0,0.76,263.9,,70518,238,265.0,265.0,259.0
2026-03-16,-2.1,-0.8,261.9,,92428,315,264.0,266.0,260.0
2026-03-15,-2.0,-0.75,264.0,,141845,461,268.0,270.0,262.5
2026-03-12,5.5,2.11,266.0,,103064,455,261.0,267.9,259.0
2026-03-11,-10.5,-3.87,260.5,,157597,567,276.0,276.0,260.2
2026-03-10,-5.0,-1.81,271.0,,377088,1401,281.0,281.0,266.2
2026-03-09,25.0,9.96,276.0,30.17,11113,38,256.0,276.1,256.0
2026-03-03,7.0,2.87,251.0,,111846,314,248.8,251.9,244.0
2026-03-01,2.4,0.99,244.0,,85338,239,246.4,246.4,240.0
2026-02-26,0.9,0.37,241.6,,67197,164,245.5,245.5,240.6
2026-02-25,0.3,0.12,240.7,53.38,22150,134,243.1,243.1,240.5
2026-02-24,-1.4,-0.58,240.4,84.05,34772,127,242.0,245.0,239.2
2026-02-23,0.8,0.33,241.8,,44369,151,238.0,243.0,238.0
2026-02-22,0.3,0.12,241.0,,52722,223,237.0,243.8,237.0
2026-02-17,-2.8,-1.15,240.7,,83367,263,240.5,244.2,239.0
2026-02-16,-0.4,-0.16,243.5,,55546,172,247.0,247.0,241.0
2026-02-12,0.9,0.37,243.9,,60629,195,244.0,244.6,241.9
2026-02-11,-0.5,-0.21,243.0,71.11,29200,139,244.9,246.0,242.0
2026-02-10,1.5,0.62,243.5,,46718,180,242.0,243.5,240.3
2026-02-09,-2.8,-1.14,242.0,,56266,217,249.0,249.0,240.2
2026-02-08,1.8,0.74,244.8,,51241,205,243.0,247.0,243.0
2026-02-05,2.0,0.83,243.0,,54000,263,242.0,243.5,240.0
2026-02-04,-2.8,-1.15,241.0,,41587,214,239.0,246.8,239.0
2026-02-03,-2.2,-0.89,243.8,,70856,204,241.1,248.0,241.1
2026-02-02,0.0,0.0,246.0,65.16,26541,185,241.1,249.8,241.1
2026-02-01,0.5,0.2,246.0,,53349,260,240.6,247.5,240.6
2026-01-29,-1.3,-0.53,245.5,,102913,362,241.9,250.8,241.9
2026-01-28,-1.0,-0.4,246.8,,77834,259,247.8,250.0,243.0
2026-01-27,-4.7,-1.86,247.8,,70598,340,252.5,255.0,244.2
2026-01-26,0.6,0.24,252.5,,77835,305,246.9,255.0,246.9
2026-01-25,5.0,2.03,251.9,,94796,404,246.0,253.8,246.0
2026-01-22,-2.1,-0.84,246.9,,48404,171,250.0,250.0,245.1
2026-01-21,1.7,0.69,249.0,,81152,224,252.2,252.2,245.2
2026-01-20,3.3,1.35,247.3,,122022,375,245.0,248.9,243.4
2026-01-18,3.0,1.24,244.0,,105664,293,240.9,245.6,239.0
2026-01-14,0.0,0.0,241.0,83.64,34952,139,241.5,241.7,238.2
2026-01-13,-1.3,-0.54,241.0,79.9,33165,159,240.6,242.1,239.5
2026-01-12,1.3,0.54,242.3,,52644,172,241.7,242.9,241.0
2026-01-08,1.4,0.58,241.0,84.77,35293,148,240.2,241.0,239.1
2026-01-07,-1.0,-0.42,239.6,,46008,126,238.3,242.8,238.3
2026-01-06,1.2,0.5,240.6,,64710,225,239.9,241.2,239.0
2026-01-05,1.4,0.59,239.4,,45014,162,236.0,239.9,235.7
2026-01-04,0.0,0.0,238.0,,50999,165,238.0,240.0,236.0
2026-01-01,-0.9,-0.38,238.0,,72740,218,238.0,241.6,237.0
2025-12-31,-1.0,-0.42,238.9,81.92,34356,162,244.0,244.0,237.0
2025-12-29,-1.0,-0.42,239.9,85.41,35683,130,241.0,244.0,238.5
2025-12-28,3.9,1.65,240.9,,53885,207,241.0,241.0,237.0
2025-12-24,0.8,0.34,237.0,76.24,32280,158,236.1,238.0,235.1
2025-12-23,-1.8,-0.76,236.2,69.99,29635,191,242.7,242.7,235.0
2025-12-22,-1.0,-0.42,238.0,54.74,23096,145,238.9,241.0,236.2
2025-12-21,-0.5,-0.21,239.0,,54753,261,238.0,239.0,236.2
2025-12-18,-0.5,-0.21,239.5,56.14,23479,129,240.0,241.0,238.2
2025-12-17,-1.0,-0.41,240.0,,45009,151,241.0,241.0,237.3
2025-12-16,-0.9,-0.37,241.0,35.74,14885,125,238.2,241.0,238.0
2025-12-15,0.9,0.37,241.9,85.52,35714,138,240.0,241.9,237.4
2025-12-14,1.0,0.42,241.0,,133976,319,244.0,244.0,235.1
2025-12-11,0.0,0.0,240.0,,60461,204,239.0,241.0,238.5
2025-12-10,0.0,0.0,240.0,84.4,35180,106,244.0,244.0,239.3
2025-12-09,-1.8,-0.74,240.0,,66171,174,240.0,243.0,238.1
2025-12-08,-0.2,-0.08,241.8,,46014,106,246.8,246.8,240.1
2025-12-07,1.7,0.71,242.0,59.01,24549,158,240.3,242.0,238.0
2025-12-03,-2.7,-1.11,240.3,90.67,37450,178,246.9,246.9,240.2
2025-12-02,-2.0,-0.82,243.0,53.99,22108,119,242.0,248.5,242.0
2025-12-01,-2.5,-1.01,245.0,40.69,16670,125,250.0,250.0,242.1
2025-11-30,-0.6,-0.24,247.5,,46518,173,248.0,250.0,243.5
2025-11-27,2.2,0.89,248.1,,52080,187,246.0,249.5,244.1
2025-11-26,0.9,0.37,245.9,87.15,35427,145,247.8,249.0,243.0
2025-11-25,0.0,0.0,245.0,77.71,31719,146,249.9,249.9,242.2
2025-11-24,5.0,2.08,245.0,,85331,270,240.0,245.0,238.9
2025-11-23,4.4,1.87,240.0,70.01,29210,168,240.0,243.0,238.0
2025-11-20,-1.4,-0.59,235.6,58.32,24693,156,235.1,237.0,235.1
2025-11-19,-1.0,-0.42,237.0,61.44,25934,158,240.0,240.0,236.1
2025-11-18,1.9,0.8,238.0,96.73,40600,163,240.8,240.9,236.0
2025-11-17,-2.4,-1.01,236.1,79.47,33513,174,235.2,240.0,235.2
2025-11-16,-0.4,-0.17,238.5,59.86,25095,150,242.9,242.9,237.6
2025-11-13,0.9,0.38,238.9,78.2,33024,166,240.0,240.0,235.6
2025-11-12,-2.9,-1.2,238.0,,108356,330,243.9,243.9,236.3
2025-11-11,-0.1,-0.04,240.9,,50758,229,240.9,244.0,239.1
2025-11-10,-3.0,-1.23,241.0,,49289,185,239.8,246.8,239.8
2025-11-09,-4.4,-1.77,244.0,,70096,247,248.0,248.0,242.0
2025-11-06,-0.6,-0.24,248.4,82.51,33255,140,253.8,253.8,246.1
2025-11-05,-0.9,-0.36,249.0,,54569,129,248.0,250.0,246.1
2025-11-04,-3.1,-1.23,249.9,88.9,35576,125,250.0,253.0,249.0
2025-11-03,1.0,0.4,253.0,,45400,130,257.0,257.0,249.0
2025-11-02,1.0,0.4,252.0,,61730,230,253.0,256.0,251.0
2025-10-30,2.1,0.84,251.0,68.37,27297,153,253.5,253.5,246.0
2025-10-29,0.9,0.36,248.9,98.95,39633,131,252.9,252.9,248.7
2025-10-28,4.6,1.89,248.0,88.02,35545,159,243.5,249.8,243.5
2025-10-26,-0.2,-0.08,243.4,71.47,29709,169,248.0,248.0,238.8
2025-10-19,2.6,1.08,243.6,66.69,27420,131,240.1,246.0,240.1
2025-10-16,0.0,0.0,241.0,65.31,27154,161,245.7,245.7,240.0
2025-10-15,-1.0,-0.41,241.0,58.46,24284,141,241.5,243.0,240.0
2025-10-14,-1.5,-0.62,242.0,89.96,37195,206,248.0,248.0,240.6
2025-10-13,-0.5,-0.2,243.5,72.82,29907,206,248.8,248.8,239.4
2025-10-12,-6.0,-2.4,244.0,,54565,297,250.0,250.0,243.0
2025-10-09,1.0,0.4,250.0,,54955,210,253.9,261.8,248.0
2025-10-08,-0.5,-0.2,249.0,,51462,254,246.0,249.0,243.0
2025-10-07,-2.4,-0.95,249.5,,76247,198,252.0,254.5,248.0
2025-09-28,1.9,0.76,251.9,59.66,23772,159,255.0,255.0,250.0
2025-09-25,1.0,0.4,250.0,,56399,169,250.0,251.0,248.0
2025-09-24,-1.0,-0.4,249.0,,40871,181,254.0,254.0,245.0
2025-09-23,0.97,0.39,250.0,,69210,320,254.0,254.0,249.0
2025-09-21,19.03,8.27,249.03,,125787,603,225.4,251.3,225.4
2025-09-18,-16.21,-6.58,230.0,23.75,10094,51,242.0,244.0,225.5
2025-09-08,-2.54,-1.02,246.21,,97229,299,250.0,250.0,245.0
2025-09-07,-0.64,-0.26,248.75,,51355,227,247.2,251.0,247.2
2025-09-04,-0.27,-0.11,249.39,,51030,230,253.8,253.8,248.0
2025-09-03,-0.98,-0.39,249.66,,52153,270,245.7,252.0,245.7
2025-09-02,-1.01,-0.4,250.64,,63455,261,256.6,256.6,250.0
2025-09-01,1.32,0.53,251.65,,57926,286,255.3,255.3,249.5
2025-08-31,-2.77,-1.09,250.33,,68942,367,255.0,255.0,250.0
2025-08-28,-2.0,-0.78,253.1,,76661,353,257.7,257.7,252.0
2025-08-27,3.55,1.41,255.1,,65291,283,256.5,256.5,250.7
2025-08-26,-2.42,-0.95,251.55,,121734,378,252.1,256.9,249.9
2025-08-25,-0.44,-0.17,253.97,,79112,335,254.0,257.4,251.0
2025-08-24,-1.19,-0.47,254.41,,63502,278,257.0,259.0,254.0
2025-08-21,-0.6,-0.23,255.6,,78750,324,255.1,257.8,254.7
2025-08-20,-1.48,-0.57,256.2,,50722,256,261.9,261.9,255.0
2025-08-19,2.51,0.98,257.68,,73873,290,259.0,263.0,256.0
2025-08-18,-0.93,-0.36,255.17,,121852,486,255.0,258.0,254.0
2025-08-17,-10.11,-3.8,256.1,,303542,994,265.0,265.0,254.0
2025-08-14,-16.71,-5.91,266.21,,604541,1834,282.0,282.0,265.1
2025-08-13,-0.14,-0.05,282.92,,51029,242,282.1,287.0,282.1
2025-08-12,-3.3,-1.15,283.06,,81177,326,286.36,292.0,282.1
2025-08-11,-4.72,-1.62,286.36,,170746,454,295.0,297.0,285.0
2025-08-07,4.68,1.63,291.08,,69186,331,291.9,292.0,284.5
2025-08-06,-2.26,-0.78,286.4,,78848,339,290.0,290.0,285.0
2025-08-05,-1.79,-0.62,288.66,,130957,464,293.7,296.9,287.6
2025-08-04,4.76,1.67,290.45,,175445,544,289.1,294.0,284.5
2025-08-03,-8.04,-2.74,285.69,,211773,718,294.0,295.0,285.1
2025-07-31,-3.62,-1.22,293.73,,176466,598,301.9,302.0,293.0
2025-07-30,-3.62,-1.2,297.35,,203460,666,306.0,306.0,296.0
2025-07-29,2.38,0.8,300.97,,238261,766,299.0,305.0,299.0
2025-07-28,-3.22,-1.07,298.59,,328841,1045,302.0,305.0,294.1
2025-07-27,-5.06,-1.65,301.81,,356925,963,307.0,313.0,301.0
2025-07-24,-1.11,-0.36,306.87,,311637,726,309.0,312.0,305.1
2025-07-23,3.34,1.1,307.98,,500647,981,298.6,308.7,298.6
2025-07-22,7.07,2.38,304.64,,465110,1067,300.0,305.0,298.1
2025-07-21,0.09,0.03,297.57,,263231,784,303.4,303.4,294.4
2025-07-20,-2.19,-0.73,297.48,,542284,1464,305.6,305.9,296.0
2025-07-17,8.23,2.82,299.67,,695151,1458,297.2,302.0,295.0
2025-07-16,9.62,3.41,291.44,,563881,1199,285.0,294.1,285.0
2025-07-15,2.8,1.0,281.82,,236540,613,282.0,283.9,278.5
2025-07-14,-6.99,-2.44,279.02,,308795,896,290.0,290.0,278.0
2025-07-13,15.39,5.69,286.01,,482585,1513,276.0,288.5,276.0
2025-07-10,6.13,2.32,270.62,,419163,1169,268.0,279.0,267.1
2025-07-09,3.69,1.41,264.49,,173834,371,258.1,266.0,258.1
2025-07-08,-1.8,-0.69,260.8,,132874,259,265.0,265.0,258.0
2025-07-07,-1.01,-0.38,262.6,,93279,271,268.8,268.8,261.1
2025-07-06,-0.58,-0.22,263.61,,98430,329,263.0,265.9,261.0
2025-07-03,0.72,0.27,264.19,,105995,372,265.0,265.0,260.2
2025-07-02,4.29,1.66,263.47,,143208,427,264.0,264.0,256.0
2025-07-01,5.17,2.04,259.18,,136286,406,254.0,260.0,251.5
2025-06-30,0.33,0.13,254.01,,49558,227,253.0,256.0,252.0
2025-06-29,2.44,0.97,253.68,,53614,256,254.0,254.5,249.3
2025-06-26,-0.55,-0.22,251.24,91.96,36629,150,251.0,253.0,249.0
2025-06-25,0.95,0.38,251.79,,50371,210,253.8,253.8,250.0
2025-06-24,1.07,0.43,250.84,,56057,205,250.0,254.0,250.0
2025-06-23,-0.44,-0.18,249.77,,77761,287,248.2,251.9,243.5
2025-06-22,-2.25,-0.89,250.21,,61740,253,253.0,254.0,250.0
2025-06-19,-1.74,-0.68,252.46,,61113,225,258.0,258.0,252.0
2025-06-18,-2.3,-0.9,254.2,,52122,250,253.0,259.8,253.0
2025-06-17,2.62,1.03,256.5,,86380,287,251.0,258.9,251.0
2025-06-16,2.63,1.05,253.88,,82514,256,253.0,254.5,248.1
2025-06-15,3.56,1.44,251.25,,71050,308,252.6,258.0,251.0
2025-06-12,-2.28,-0.91,247.69,,121500,378,251.0,251.8,247.0
2025-06-11,-3.14,-1.24,249.97,,83338,285,257.0,257.0,249.0
2025-06-10,-0.99,-0.39,253.11,,52009,246,252.0,258.9,250.0
2025-06-09,2.47,0.98,254.1,,40214,212,253.7,255.0,251.6
2025-06-08,-3.35,-1.31,251.63,,56199,243,257.9,257.9,251.3
2025-06-05,-1.44,-0.56,254.98,,85324,239,260.0,260.0,253.4
2025-06-04,3.51,1.39,256.42,,71892,279,251.6,258.0,250.6
2025-06-03,-6.44,-2.48,252.91,,78403,333,261.0,261.0,251.9
2025-06-02,-1.99,-0.76,259.35,,136484,411,266.5,266.5,258.0
2025-05-28,3.47,1.35,261.34,,91049,361,260.0,261.9,255.0
2025-05-27,-0.98,-0.38,257.87,,42778,206,255.1,258.9,255.0
2025-05-26,1.12,0.43,258.85,,111561,460,262.8,270.9,258.0
2025-05-25,-0.38,-0.15,257.73,,83685,422,260.0,262.0,256.1
2025-05-22,7.08,2.82,258.11,,140892,505,255.3,260.0,250.4
2025-05-21,-1.69,-0.67,251.03,,118997,519,257.7,268.0,250.0
2025-05-20,4.45,1.79,252.72,,54752,264,246.9,254.5,244.4
2025-05-19,4.12,1.69,248.27,,66815,254,247.0,250.0,245.0
2025-05-18,0.2,0.08,244.15,,43123,264,245.0,245.2,243.0
2025-05-15,-1.2,-0.49,243.95,,50001,281,244.0,246.8,243.0
2025-05-14,-0.76,-0.31,245.15,,59340,272,245.2,247.7,244.2
2025-05-13,-1.0,-0.41,245.91,,54359,250,242.5,252.2,242.5
2025-05-11,0.25,0.1,246.91,,54926,248,246.0,252.0,246.0
2025-05-08,-4.81,-1.91,246.66,,80036,322,254.0,254.0,246.5
2025-05-07,6.74,2.75,251.47,,152944,493,245.0,253.0,239.2
2025-05-06,0.36,0.15,244.73,,61386,265,248.0,248.0,243.6
2025-05-05,-1.38,-0.56,244.37,,79450,308,245.0,247.0,244.0
2025-05-04,-1.03,-0.42,245.75,,76335,309,249.8,250.1,245.2
2025-04-30,-2.25,-0.9,246.78,,71612,274,249.0,250.0,246.5
2025-04-29,-1.32,-0.53,249.03,85.83,34431,204,249.9,250.0,248.8
2025-04-28,-0.72,-0.29,250.35,,96333,305,255.0,255.0,246.0
2025-04-27,-0.85,-0.34,251.07,,60676,279,252.0,255.0,250.3
2025-04-24,-1.02,-0.4,251.92,,81177,275,255.0,255.0,251.0
2025-04-23,-3.42,-1.33,252.94,,62445,286,257.0,257.0,252.0
2025-04-22,-1.61,-0.62,256.36,,74198,256,259.0,259.9,255.2
2025-04-21,-1.24,-0.48,257.97,,103204,432,264.3,264.3,257.0
2025-04-20,6.42,2.54,259.21,,406445,1508,257.8,273.0,257.8
2025-04-17,1.57,0.62,252.79,,103505,315,254.9,254.9,250.4
2025-04-16,0.64,0.26,251.22,84.02,33497,146,255.0,255.0,250.0
2025-04-15,-0.42,-0.17,250.58,,49423,211,256.0,256.0,250.0
2025-04-13,4.88,1.98,251.0,,56121,197,246.0,252.0,246.0
2025-04-10,-0.91,-0.37,246.12,,159873,421,242.5,255.0,242.5
2025-04-09,0.23,0.09,247.03,99.82,40162,189,246.8,256.7,245.0
2025-04-08,-0.43,-0.17,246.8,,55941,241,245.0,248.9,243.7
2025-04-07,-4.07,-1.62,247.23,,59446,218,251.3,255.0,247.0
2025-04-03,1.31,0.52,251.3,,62089,237,250.0,256.0,248.0
2025-04-02,1.22,0.49,249.99,,212077,156,253.7,253.7,246.0
2025-04-01,-1.59,-0.64,248.77,,74403,210,252.0,252.0,246.4
2025-03-30,0.54,0.22,250.36,,61465,255,250.0,255.0,247.2
2025-03-27,1.77,0.71,249.82,96.27,38682,208,253.0,253.0,244.2
2025-03-26,2.77,1.13,248.05,77.54,31396,185,240.5,250.2,240.5
2025-03-25,-5.82,-2.32,245.28,,86457,347,250.0,250.0,244.6
2025-03-24,3.99,1.61,251.1,,457313,296,251.9,251.9,244.0
2025-03-23,-3.23,-1.29,247.11,,68774,261,255.0,255.0,247.0
2025-03-20,-0.66,-0.26,250.34,,70004,280,250.0,251.9,248.0
2025-03-19,-2.0,-0.79,251.0,,46315,244,253.1,257.6,250.0
2025-03-18,-0.5,-0.2,253.0,67.85,26811,140,258.5,258.5,252.1
2025-03-17,-0.5,-0.2,253.5,70.46,27777,173,258.8,258.8,250.4
2025-03-16,0.0,0.0,254.0,,60787,275,257.0,259.0,252.2
2025-03-12,-1.0,-0.39,254.0,92.26,36175,198,253.0,258.0,253.0
2025-03-11,-3.0,-1.16,255.0,,116397,339,260.0,260.0,252.0
2025-03-10,-2.0,-0.77,258.0,95.82,37093,213,256.5,263.8,256.5
2025-03-09,-1.2,-0.46,260.0,,66079,373,260.0,275.0,257.1
2025-03-06,-0.8,-0.31,261.2,,59370,220,267.0,267.0,256.9
2025-03-05,-2.7,-1.02,262.0,,88783,327,269.5,269.5,259.1
2025-03-04,-3.3,-1.23,264.7,,119352,405,270.0,271.0,260.0
2025-03-03,-3.0,-1.11,268.0,,96838,462,275.4,277.0,265.6
2025-03-02,8.0,3.04,271.0,,120013,509,268.2,271.0,264.1
2025-02-27,6.5,2.53,263.0,,136760,583,261.5,269.9,258.9
2025-02-25,1.5,0.59,256.5,,79195,280,255.0,259.4,253.5
2025-02-24,-0.2,-0.08,255.0,,97803,264,255.2,260.0,253.5
2025-02-23,0.2,0.08,255.2,,80917,279,250.0,257.9,250.0
2025-02-20,-3.0,-1.16,255.0,,66937,202,255.0,263.0,252.9
2025-02-18,0.0,0.0,258.0,,64925,273,263.1,263.1,257.0
2025-02-17,3.2,1.26,258.0,,104068,367,255.7,260.0,251.6
2025-02-16,3.3,1.31,254.8,,59605,231,251.0,254.8,251.0
2025-02-13,-3.8,-1.49,251.5,77.39,30602,176,255.2,255.6,250.3
2025-02-12,2.8,1.11,255.3,89.81,35362,189,253.0,255.4,251.2
2025-02-11,0.5,0.2,252.5,,40580,147,252.0,253.8,250.0
2025-02-10,-0.3,-0.12,252.0,,46404,211,253.5,254.0,250.2
2025-02-09,-7.7,-2.96,252.3,,76872,281,265.2,265.2,252.1
2025-02-06,6.0,2.36,260.0,,103780,219,259.0,268.0,252.0
2025-02-05,-0.2,-0.08,254.0,,40342,198,254.5,260.0,252.1
2025-02-04,-1.8,-0.7,254.2,,65021,182,261.1,261.1,254.0
2025-02-03,3.5,1.39,256.0,,122306,431,255.0,262.0,251.2
2025-02-02,7.5,3.06,252.5,,127938,430,249.0,252.5,246.5
2025-01-28,-1.3,-0.53,245.0,,58427,335,245.0,246.9,244.3
2025-01-27,-1.7,-0.69,246.3,74.56,30248,204,249.9,249.9,246.0
2025-01-26,-2.0,-0.8,248.0,,40372,242,246.0,251.4,246.0
2025-01-23,-4.0,-1.57,250.0,,41626,232,259.0,259.0,250.0
2025-01-22,6.0,2.42,254.0,,101885,372,250.0,260.0,245.0
2025-01-21,-3.0,-1.2,248.0,,42552,233,256.0,256.0,247.0
2025-01-20,-3.7,-1.45,251.0,,102302,363,250.2,255.0,250.0
2025-01-19,2.7,1.07,254.7,,99063,251,252.0,255.0,251.0
2025-01-16,-5.0,-1.95,252.0,,80820,309,259.0,259.0,252.0
2025-01-15,-3.5,-1.34,257.0,,75059,326,258.3,258.9,255.5
2025-01-13,-0.4,-0.15,260.5,,173677,381,261.1,261.9,256.0
2025-01-12,-2.9,-1.1,260.9,42.53,16224,120,262.0,266.0,260.8
2025-01-09,-2.0,-0.75,263.8,,83543,304,265.0,266.0,260.0
2025-01-08,-0.2,-0.08,265.8,,44633,166,271.3,271.3,265.0
2025-01-07,-2.0,-0.75,266.0,67.88,25492,138,272.0,272.0,265.5
2025-01-06,3.5,1.32,268.0,,63720,255,269.0,269.0,264.7
2025-01-05,-3.2,-1.2,264.5,,72876,279,266.0,266.0,264.0
2025-01-02,0.6,0.22,267.7,92.86,34854,144,267.0,269.0,265.2
2025-01-01,1.1,0.41,267.1,66.26,24811,141,267.0,268.5,266.2
2024-12-31,-3.9,-1.44,266.0,,55267,231,274.8,274.8,265.7
2024-12-29,-2.1,-0.77,269.9,,49431,251,273.0,275.8,269.3
2024-12-26,5.4,2.03,272.0,,123843,391,271.9,273.0,262.1
2024-12-24,4.4,1.68,266.6,,63593,252,267.4,270.0,262.6
2024-12-23,-0.8,-0.3,262.2,,54386,232,267.0,268.2,261.3
2024-12-22,-2.1,-0.79,263.0,98.59,37385,198,259.8,267.0,259.8
2024-12-19,-0.9,-0.34,265.1,,40994,200,265.0,266.0,263.0
2024-12-18,-1.0,-0.37,266.0,,40102,164,265.2,269.7,265.0
2024-12-17,1.0,0.38,267.0,,44627,186,271.3,271.3,263.6
2024-12-16,-2.5,-0.93,266.0,,52892,247,265.2,269.0,264.0
2024-12-12,-8.5,-3.07,268.5,,42271,207,282.5,282.5,268.2
2024-12-11,10.0,3.75,277.0,,105228,308,264.0,277.0,264.0
2024-12-10,0.0,0.0,267.0,62.54,23482,161,269.0,271.5,265.0
2024-12-09,0.0,0.0,267.0,,74373,253,267.0,270.0,264.6
2024-12-08,-8.0,-2.91,267.0,,181908,458,271.4,280.0,265.0
2024-12-05,-2.5,-0.9,275.0,,51524,207,277.5,278.0,275.0
2024-12-04,-1.5,-0.54,277.5,,52293,217,284.5,284.5,276.3
2024-12-03,1.2,0.43,279.0,,44139,199,283.3,283.3,275.0
2024-12-02,-1.8,-0.64,277.8,,86642,262,285.1,285.1,276.0
2024-12-01,-2.7,-0.96,279.6,,44253,214,280.0,280.9,277.3
2024-11-28,-1.2,-0.42,282.3,,51209,207,285.0,286.0,281.0
2024-11-27,0.5,0.18,283.5,,39872,213,287.0,287.0,282.2
2024-11-26,3.8,1.36,283.0,,50857,243,284.7,285.5,280.0
2024-11-25,0.3,0.11,279.2,91.96,32958,172,284.4,284.4,276.6
2024-11-24,-1.1,-0.39,278.9,,48883,207,285.6,285.6,277.1
2024-11-21,-1.2,-0.43,280.0,,70864,285,281.2,283.0,278.0
2024-11-20,-1.8,-0.64,281.2,82.62,29338,201,280.2,285.0,280.2
2024-11-19,-5.5,-1.91,283.0,,71810,268,290.0,290.0,282.0
2024-11-17,1.0,0.35,288.5,,99735,308,283.1,292.8,283.1
2024-11-14,2.5,0.88,287.5,,100657,301,285.0,295.8,284.1
2024-11-13,-4.9,-1.69,285.0,,39948,164,287.0,291.0,285.0
2024-11-12,0.9,0.31,289.9,,64692,282,290.0,294.6,289.0
2024-11-11,-1.0,-0.34,289.0,,103812,398,295.0,295.0,288.1
2024-11-10,6.9,2.44,290.0,,74543,371,282.4,292.0,282.4
2024-11-06,-2.4,-0.84,283.1,,42981,197,284.0,288.0,283.1
2024-11-05,-1.0,-0.35,285.5,75.27,26292,145,287.0,290.0,285.0
2024-10-30,-0.1,-0.03,286.5,,56907,228,290.0,290.0,284.0
2024-10-29,4.5,1.6,286.6,,136521,291,281.5,288.3,280.3
2024-10-28,-1.9,-0.67,282.1,,49516,234,288.7,288.7,280.0
2024-10-27,-5.0,-1.73,284.0,,110971,429,286.0,288.0,279.3
2024-10-24,-3.8,-1.3,289.0,,45480,301,291.0,292.0,286.0
2024-10-23,1.8,0.62,292.8,,281978,908,296.8,308.0,290.3
2024-10-22,4.5,1.57,291.0,,67830,265,290.0,291.7,286.4
2024-10-21,-10.5,-3.54,286.5,,163658,562,295.7,295.7,286.4
2024-10-20,-3.0,-1.0,297.0,,159264,551,295.0,302.8,289.0
2024-10-17,5.2,1.76,300.0,,161026,552,295.0,302.0,295.0
2024-10-16,5.2,1.8,294.8,,103158,342,291.0,296.5,290.0
2024-10-15,1.6,0.56,289.6,,42375,172,292.9,292.9,286.0
2024-10-09,-1.9,-0.66,288.0,,81171,196,288.0,290.0,286.0
2024-10-08,0.8,0.28,289.9,,63859,222,289.6,291.0,288.0
2024-10-07,5.1,1.8,289.1,,127631,341,289.0,291.8,286.6
2024-10-06,8.0,2.9,284.0,,86884,371,280.0,285.0,276.2
2024-10-02,3.0,1.1,276.0,,553127,592,273.0,280.0,272.0
2024-10-01,10.0,3.8,273.0,,119057,470,267.9,273.0,263.0
2024-09-30,1.0,0.38,263.0,,40118,183,260.0,264.9,258.2
2024-09-29,-2.0,-0.76,262.0,,62665,333,263.0,265.0,258.5
2024-09-26,-6.0,-2.22,264.0,,52193,297,270.2,273.0,261.7
2024-09-25,8.5,3.25,270.0,,183144,369,262.0,270.0,256.4
2024-09-24,-6.4,-2.39,261.5,,149322,471,267.9,268.9,260.0
2024-09-23,-3.1,-1.14,267.9,,47978,271,276.4,276.4,265.5
2024-09-22,4.0,1.5,271.0,,74365,328,272.3,276.9,268.0
2024-09-18,-3.0,-1.11,267.0,,85937,403,275.4,275.4,264.7
2024-09-16,-5.0,-1.82,270.0,,98920,368,273.0,274.0,268.0
2024-09-15,-2.9,-1.04,275.0,,120354,586,281.5,284.8,274.4
2024-09-12,5.9,2.17,277.9,,152393,502,277.4,278.0,270.1
2024-09-11,-6.0,-2.16,272.0,,134516,418,283.0,283.5,271.1
2024-09-10,0.0,0.0,278.0,,214660,516,277.0,282.5,276.0
2024-09-09,-7.0,-2.46,278.0,,123340,489,282.0,287.6,276.0
2024-09-08,-2.0,-0.7,285.0,,89528,402,291.0,291.0,282.2
2024-09-05,-2.1,-0.73,287.0,,192999,515,285.2,289.1,284.0
2024-09-04,-7.5,-2.53,289.1,,236510,486,302.5,302.5,289.1
2024-09-03,-0.4,-0.13,296.6,,200765,598,302.0,303.9,295.0
2024-09-02,11.0,3.85,297.0,,296576,922,286.0,300.0,281.2
2024-09-01,-9.0,-3.05,286.0,,131757,666,299.8,299.8,285.2
2024-08-29,-4.0,-1.34,295.0,,221286,717,300.0,300.5,291.0
2024-08-28,0.0,0.0,299.0,,225756,881,302.0,311.0,295.0
2024-08-27,-14.0,-4.47,299.0,,436443,1481,313.0,313.0,298.9
2024-08-25,-9.0,-2.8,313.0,,346861,1169,328.4,328.4,308.0
2024-08-22,5.0,1.58,322.0,,441741,1092,323.3,327.0,318.5
2024-08-21,-6.0,-1.86,317.0,,385960,1206,329.0,329.3,315.1
2024-08-18,-3.0,-0.92,323.0,,607268,2043,332.5,337.5,316.1
2024-08-15,22.0,7.24,326.0,,950655,2633,302.1,327.0,302.1
2024-08-14,9.1,3.09,304.0,,422276,1491,295.0,304.0,291.0
2024-08-13,1.4,0.48,294.9,,236503,1182,299.3,300.0,290.1
2024-08-12,13.5,4.82,293.5,,507117,1645,285.0,295.8,285.0
2024-08-11,12.0,4.48,280.0,,374667,1354,273.3,280.0,270.1
2024-08-08,-2.0,-0.74,268.0,,242636,701,272.0,274.9,266.7
2024-08-07,6.9,2.62,270.0,,224488,927,263.1,271.0,260.1
2024-08-06,-13.9,-5.02,263.1,,463822,1429,279.0,279.0,263.1
2024-08-05,-4.9,-1.74,277.0,,382518,1300,281.9,283.0,274.4
2024-08-01,-4.6,-1.61,281.9,,287256,1176,292.2,292.2,279.0
2024-07-31,1.5,0.53,286.5,,362266,1186,289.0,290.0,284.0
2024-07-30,-3.0,-1.04,285.0,,417884,1650,293.7,293.7,273.0
2024-07-29,-6.8,-2.31,288.0,,452471,2155,300.6,311.9,286.4
2024-07-28,26.8,10.0,294.8,,815712,1955,273.3,294.8,273.3
2024-07-25,2.0,0.75,268.0,,212145,775,266.1,275.0,262.0
2024-07-24,-4.0,-1.48,266.0,,221652,998,275.0,275.0,262.0
2024-07-23,17.0,6.72,270.0,,420546,1306,256.0,271.5,253.2
2024-07-22,-4.0,-1.56,253.0,,239895,840,257.0,260.0,250.2
2024-07-21,6.0,2.39,257.0,,296648,1106,251.0,260.0,243.0
2024-07-18,13.2,5.55,251.0,,404005,1458,242.5,259.0,237.0
2024-07-17,5.8,2.5,237.8,,244368,672,236.6,239.0,232.1
2024-07-16,2.5,1.09,232.0,,143370,522,229.5,232.5,226.2
2024-07-15,-4.5,-1.92,229.5,,127067,484,238.5,238.5,226.4
2024-07-14,5.1,2.23,234.0,,126827,496,233.4,237.5,228.4
2024-07-11,5.2,2.32,228.9,,118488,385,228.1,228.9,223.9
2024-07-10,3.8,1.73,223.7,,58391,257,224.2,224.2,219.5
2024-07-09,0.9,0.41,219.9,79.48,36346,157,223.3,223.3,217.0
2024-07-08,1.3,0.6,219.0,,48185,193,220.5,220.5,217.0
2024-07-07,1.6,0.74,217.7,,83740,281,216.0,219.3,213.1
2024-07-04,-0.4,-0.18,216.1,,91167,245,216.5,219.0,215.0
2024-07-03,-3.0,-1.37,216.5,68.29,31901,187,223.0,223.0,211.3
2024-07-02,6.5,3.05,219.5,,92761,410,217.2,234.0,210.1
2024-07-01,9.0,4.41,213.0,,113583,281,204.0,213.0,202.1
2024-06-30,-1.5,-0.73,204.0,99.46,48826,192,205.0,208.0,202.0
2024-06-27,0.4,0.2,205.5,70.86,34598,143,205.1,206.9,203.1
2024-06-26,-1.4,-0.68,205.1,61.56,29936,144,205.5,208.0,205.0
2024-06-25,-1.3,-0.63,206.5,76.83,37267,153,210.5,210.5,205.0
2024-06-24,0.6,0.29,207.8,64.35,30961,171,207.0,211.0,206.0
2024-06-23,-1.8,-0.86,207.2,76.5,36786,127,210.0,210.0,207.2
2024-06-20,-0.5,-0.24,209.0,75.28,35965,150,213.6,213.6,208.2
2024-06-19,-4.4,-2.06,209.5,48.36,22935,147,214.0,214.0,209.0
2024-06-18,-0.1,-0.05,213.9,61.8,29194,151,217.0,217.0,209.1
2024-06-16,-1.0,-0.47,214.0,,50871,183,212.0,216.2,210.6
2024-06-13,-1.0,-0.46,215.0,97.86,45989,173,213.0,215.5,210.2
2024-06-12,2.9,1.36,216.0,,68922,242,214.0,216.9,209.1
2024-06-11,8.8,4.31,213.1,84.52,40421,208,208.3,214.0,204.1
2024-06-10,-0.5,-0.24,204.3,84.08,41001,209,208.8,208.8,204.0
2024-06-09,-1.2,-0.58,204.8,,49626,238,202.0,210.0,202.0
2024-06-06,-3.0,-1.44,206.0,83.52,40198,192,209.0,211.0,205.8
2024-06-05,-3.9,-1.83,209.0,61.46,29208,139,217.1,217.1,209.0
2024-06-04,0.4,0.19,212.9,64.06,30111,148,216.7,216.7,210.7
2024-06-03,-1.5,-0.7,212.5,51.19,24007,130,218.2,218.2,212.0
2024-06-02,1.0,0.47,214.0,57.46,26896,144,216.9,216.9,211.2
2024-05-30,-3.5,-1.62,213.0,98.86,46486,270,216.0,216.9,209.8
2024-05-29,-9.5,-4.2,216.5,79.71,35934,243,230.0,230.4,216.1
2024-05-27,-1.0,-0.44,226.0,,66700,275,224.4,227.5,219.0
2024-05-26,-4.8,-2.07,227.0,,97731,391,236.4,236.4,225.5
2024-05-22,9.0,4.04,231.8,,148109,596,224.5,233.0,220.5
2024-05-21,3.3,1.5,222.8,,77386,341,223.8,223.8,217.0
2024-05-20,10.1,4.82,219.5,,154435,605,213.5,223.0,208.0
2024-05-19,6.4,3.15,209.4,,51465,264,207.0,211.0,203.0
2024-05-16,-0.5,-0.25,203.0,65.6,32367,149,207.5,207.5,202.0
2024-05-15,-0.5,-0.25,203.5,60.55,29497,176,202.0,207.9,202.0
2024-05-14,-2.8,-1.35,204.0,60.51,29565,187,210.9,210.9,202.1
2024-05-13,4.8,2.38,206.8,,59806,287,206.0,209.0,199.0
2024-05-12,-6.0,-2.88,202.0,64.89,32310,192,203.9,203.9,199.2
2024-05-09,11.6,5.91,208.0,84.19,42639,225,196.0,208.0,195.1
2024-05-08,-0.6,-0.3,196.4,43.44,22129,176,199.0,199.0,195.5
2024-05-07,-1.8,-0.91,197.0,78.01,39462,213,198.0,200.0,197.0
2024-05-06,0.3,0.15,198.8,78.99,39648,162,202.4,202.4,198.4
2024-05-05,-1.5,-0.75,198.5,71.98,36082,197,203.5,203.5,198.5
2024-05-02,-1.6,-0.79,200.0,62.42,31129,205,205.6,205.6,200.0
2024-04-30,1.6,0.8,201.6,,54808,240,204.0,204.0,199.5
2024-04-29,-1.0,-0.5,200.0,67.59,33812,188,205.0,205.0,197.0
2024-04-28,1.8,0.9,201.0,64.43,32220,198,203.1,203.1,197.0
2024-04-25,-0.8,-0.4,199.2,83.97,41914,203,202.0,202.0,199.2
2024-04-24,0.0,0.0,200.0,66.04,32965,165,203.0,203.0,199.1
2024-04-22,-1.8,-0.89,200.0,93.93,46763,272,204.9,205.8,199.5
2024-04-21,-3.9,-1.9,201.8,,66215,379,203.1,205.0,199.0
2024-04-18,-1.3,-0.63,205.7,82.36,39991,223,210.0,210.0,205.0
2024-04-16,-1.5,-0.72,207.0,,58294,255,208.0,212.0,206.6
2024-04-15,-2.0,-0.95,208.5,,62619,339,211.0,211.0,207.4
2024-04-14,-2.0,-0.94,210.5,,63911,313,212.5,213.0,209.0
2024-04-10,-1.5,-0.7,212.5,,74758,256,214.0,214.0,212.0
2024-04-09,0.0,0.0,214.0,,103955,271,217.0,217.0,212.5
2024-04-07,1.2,0.56,214.0,,160309,257,215.0,215.0,211.0
2024-04-04,-2.0,-0.93,212.8,,88040,373,214.0,214.1,211.0
2024-04-03,-0.3,-0.14,214.8,,79170,290,215.0,216.0,213.0
2024-04-02,-0.9,-0.42,215.1,76.31,35397,255,220.3,220.3,214.6
2024-04-01,-1.8,-0.83,216.0,,48999,242,216.0,218.0,215.0
2024-03-31,-1.2,-0.55,217.8,55.71,25612,202,219.0,220.0,216.9
2024-03-28,-2.0,-0.9,219.0,46.25,21123,151,225.4,225.4,218.2
2024-03-27,0.4,0.18,221.0,79.25,36250,201,224.0,224.0,218.0
2024-03-26,-0.3,-0.14,220.6,58.91,26637,149,221.0,223.8,219.5
2024-03-25,-2.6,-1.16,220.9,87.68,39754,149,224.0,224.0,220.0
2024-03-21,-1.5,-0.67,223.5,77.76,34704,134,227.9,227.9,222.0
2024-03-20,2.5,1.12,225.0,99.92,44586,200,226.9,226.9,220.0
2024-03-19,-1.5,-0.67,222.5,,48649,152,220.0,225.9,220.0
2024-03-18,0.7,0.31,224.0,,49054,184,227.7,227.7,222.0
2024-03-17,-0.2,-0.09,223.3,75.31,33779,150,221.0,224.0,220.2
2024-03-14,-1.8,-0.8,223.5,59.29,26504,169,225.0,225.0,220.8
2024-03-13,-0.8,-0.35,225.3,95.99,42237,259,227.1,229.0,225.0
2024-03-12,4.1,1.85,226.1,66.03,29437,235,225.0,226.8,222.0
2024-03-10,1.0,0.45,222.0,77.11,34608,215,225.0,225.9,221.1
2024-03-07,3.0,1.38,221.0,50.18,22817,132,222.0,222.2,218.1
2024-03-06,-4.0,-1.8,218.0,75.0,34059,198,222.0,224.0,217.6
2024-03-05,-8.0,-3.48,222.0,,46467,246,234.6,234.6,220.0
2024-03-04,15.5,7.23,230.0,23.89,10610,17,218.7,230.0,218.7
2024-03-03,0.0,0.0,214.5,,51267,224,218.7,218.7,213.0
2024-02-29,-2.5,-1.15,214.5,,114752,337,219.0,219.0,214.3
2024-02-28,-2.0,-0.91,217.0,84.36,38745,185,219.0,222.8,216.8
2024-02-27,0.7,0.32,219.0,66.53,30580,224,218.0,222.5,215.1
2024-02-26,-0.7,-0.32,218.3,88.56,40395,226,219.0,222.9,218.0
2024-02-25,-4.0,-1.79,219.0,,63968,351,223.0,223.0,219.0
2024-02-22,-3.0,-1.33,223.0,,45053,289,223.1,225.0,222.0
2024-02-21,0.1,0.04,226.0,95.43,42462,267,226.0,227.0,223.6
2024-02-20,0.8,0.36,225.9,99.35,44113,271,225.0,226.0,224.3
2024-02-18,-2.7,-1.19,225.1,,70103,350,227.2,229.0,224.5
2024-02-15,0.3,0.13,227.8,81.57,35889,199,226.5,229.9,226.5
2024-02-14,-2.3,-1.0,227.5,71.48,31362,196,229.0,229.9,227.0
2024-02-13,0.4,0.17,229.8,97.61,42689,266,229.0,231.5,227.0
2024-02-12,-0.1,-0.04,229.4,81.9,35617,218,230.0,232.0,228.5
2024-02-11,-1.2,-0.52,229.5,96.26,41723,264,232.1,233.8,229.5
2024-02-07,2.4,1.05,231.5,49.4,21231,190,233.6,238.0,231.0
2024-02-06,0.0,0.0,229.1,,52607,250,229.1,231.9,229.1
2024-02-05,-0.3,-0.13,229.1,94.39,41106,267,231.9,231.9,228.5
2024-02-04,-1.6,-0.69,229.4,,66815,354,229.1,231.0,228.5
2024-02-01,-0.6,-0.26,231.0,,54205,304,231.0,231.5,229.6
2024-01-31,-0.3,-0.13,231.6,,44908,262,227.3,232.5,227.3
2024-01-30,-1.1,-0.47,231.9,,100512,439,233.0,234.9,231.2
2024-01-29,-1.0,-0.43,233.0,86.45,37033,269,238.0,238.0,232.2
2024-01-28,-0.9,-0.38,234.0,71.92,30773,220,235.0,235.0,232.6
2024-01-25,-0.8,-0.34,234.9,,59899,236,234.0,235.7,233.0
2024-01-24,2.1,0.9,235.7,,58212,247,236.0,237.0,232.2
2024-01-23,0.8,0.34,233.6,,153149,255,236.8,236.8,232.1
2024-01-22,-1.7,-0.72,232.8,,95787,425,233.5,238.0,232.5
2024-01-21,-5.1,-2.13,234.5,,138795,634,238.0,238.0,233.0
2024-01-18,-3.1,-1.28,239.6,,320195,365,246.0,246.0,238.3
2024-01-17,3.2,1.34,242.7,,149311,612,242.0,246.8,239.5
2024-01-16,3.6,1.53,239.5,,213725,708,237.0,240.0,234.7
2024-01-14,-2.1,-0.88,235.9,,139284,487,241.0,241.0,235.0
2024-01-11,1.0,0.42,238.0,,43138,240,237.0,241.6,237.0
2024-01-10,1.0,0.42,237.0,,83335,310,238.5,241.0,237.0
2024-01-09,1.0,0.43,236.0,,110030,431,239.7,239.7,234.0
2024-01-08,0.0,0.0,235.0,,72479,393,237.0,238.7,232.3
2024-01-07,-1.2,-0.51,235.0,,95197,397,239.0,239.0,233.0
2024-01-04,-1.8,-0.76,236.2,,53096,359,238.0,240.0,235.9
2024-01-03,1.0,0.42,238.0,,57218,312,235.2,239.0,235.2
2024-01-02,-3.0,-1.25,237.0,,62968,271,239.0,240.0,237.0
2024-01-01,0.0,0.0,240.0,,95225,390,244.8,244.8,238.0
2023-12-28,-2.0,-0.83,240.0,,54347,361,246.0,246.0,239.1
2023-12-27,-0.5,-0.21,242.0,,61389,375,242.3,246.5,240.1
2023-12-24,-3.2,-1.3,242.5,,83538,441,245.0,250.6,242.5
2023-12-21,-9.3,-3.65,245.7,,148662,635,255.0,255.0,245.0
2023-12-20,0.6,0.24,255.0,,144208,453,259.4,259.7,253.0
2023-12-19,9.4,3.84,254.4,,135362,503,246.5,254.9,246.2
2023-12-18,5.0,2.08,245.0,,133816,453,242.0,245.8,240.0
2023-12-17,-5.0,-2.04,240.0,,158178,606,240.1,243.0,231.2
2023-12-14,0.1,0.04,245.0,,81823,273,244.0,245.0,240.0
2023-12-13,0.0,0.0,244.9,,42048,205,246.8,247.7,243.0
2023-12-12,0.9,0.37,244.9,,83376,225,243.9,246.5,242.6
2023-12-11,-0.9,-0.37,244.0,,97415,403,249.7,254.6,240.2
2023-12-10,4.9,2.04,244.9,33.46,13658,60,243.0,246.0,243.0
2023-12-07,5.0,2.13,240.0,,67640,237,236.0,240.4,233.5
2023-12-06,-1.0,-0.42,235.0,68.89,29299,198,236.2,238.0,234.0
2023-12-05,-0.5,-0.21,236.0,43.8,18503,135,238.9,239.0,236.0
2023-12-04,-1.3,-0.55,236.5,44.83,18887,167,238.0,239.0,236.1
2023-12-03,-1.2,-0.5,237.8,77.05,32474,218,242.7,242.7,236.5
2023-11-30,0.8,0.34,239.0,74.5,31236,178,242.0,242.9,237.0
2023-11-29,-0.3,-0.13,238.2,63.33,26493,142,238.5,241.5,238.0
2023-11-28,-1.5,-0.62,238.5,67.41,28185,183,241.0,241.0,238.4
2023-11-27,-1.0,-0.41,240.0,,73926,221,242.0,244.0,240.0
2023-11-26,-0.8,-0.33,241.0,89.87,37234,226,241.8,244.0,238.7
2023-11-23,-0.1,-0.04,241.8,61.95,25669,121,240.0,242.9,239.5
2023-11-22,-0.1,-0.04,241.9,77.23,32047,146,246.0,246.0,239.2
2023-11-21,0.5,0.21,242.0,86.02,35526,136,241.5,243.4,240.0
2023-11-20,-0.9,-0.37,241.5,54.38,22550,220,246.0,246.0,240.0
2023-11-09,-1.3,-0.53,242.4,52.88,21789,136,241.0,245.8,240.4
2023-11-08,1.1,0.45,243.7,58.54,24093,125,237.8,247.4,237.8
2023-11-07,-0.6,-0.25,242.6,39.63,16346,117,241.0,244.9,241.0
2023-11-06,1.7,0.7,243.2,42.37,17430,148,240.0,244.9,240.0
2023-11-05,-3.5,-1.43,241.5,,51352,252,240.1,243.8,240.0
2023-11-02,-2.8,-1.13,245.0,,49397,310,245.5,248.0,243.0
2023-11-01,-0.1,-0.04,247.8,25.68,10362,114,248.0,250.0,245.8
2023-10-31,-1.0,-0.4,247.9,44.23,17901,126,246.0,248.9,245.0
2023-10-30,0.8,0.32,248.9,19.96,8051,91,250.1,250.1,246.0
2023-10-29,-2.9,-1.16,248.1,37.9,15200,145,247.0,251.9,247.0
2023-10-19,0.0,0.0,251.0,34.22,13571,112,255.0,256.0,249.0
2023-10-18,3.0,1.21,251.0,71.4,28440,171,250.0,253.8,248.0
2023-10-17,6.0,2.48,248.0,64.88,26444,168,245.0,248.5,243.9
2023-10-16,-1.2,-0.49,242.0,92.87,38363,265,244.0,244.0,241.0
2023-10-12,-2.9,-1.18,243.2,,59698,334,245.0,246.0,243.0
2023-10-11,0.1,0.04,246.1,44.19,17939,160,250.0,250.0,245.9
2023-10-10,-0.2,-0.08,246.0,61.99,25158,178,249.8,249.9,245.5
2023-10-09,-1.0,-0.4,246.2,69.04,27949,199,247.2,249.9,246.0
2023-10-08,-1.8,-0.72,247.2,89.37,36175,252,253.9,253.9,246.0
2023-10-05,-0.8,-0.32,249.0,65.73,26412,189,251.9,252.0,248.0
2023-10-04,1.3,0.52,249.8,34.8,13938,128,250.0,251.0,249.0
2023-10-03,-0.7,-0.28,248.5,56.81,22819,174,250.0,250.2,248.5
2023-10-02,-1.2,-0.48,249.2,,42582,223,250.0,251.5,247.1
2023-10-01,-0.3,-0.12,250.4,,58432,192,251.0,253.1,248.0
2023-09-27,-0.2,-0.08,250.7,,43264,178,250.2,252.1,249.0
2023-09-26,1.3,0.52,250.9,68.5,27325,169,250.0,253.0,250.0
2023-09-25,-1.4,-0.56,249.6,45.39,18137,189,252.0,252.0,249.0
2023-09-24,-2.0,-0.79,251.0,61.06,24218,195,256.9,256.9,250.5
2023-09-21,3.3,1.32,253.0,97.16,38382,233,252.0,256.0,251.0
2023-09-19,-0.3,-0.12,249.7,,49682,204,253.3,253.3,248.6
2023-09-18,0.9,0.36,250.0,42.75,17101,137,250.9,251.0,248.0
2023-09-17,-4.8,-1.89,249.1,,47130,278,252.0,253.0,249.0
2023-09-13,3.9,1.56,253.9,84.37,33420,177,250.0,254.0,250.0
2023-09-12,-2.4,-0.95,250.0,65.46,26136,173,250.2,252.3,249.0
2023-09-11,3.4,1.37,252.4,,46416,259,249.1,252.5,248.1
2023-09-10,0.0,0.0,249.0,96.92,38931,245,251.9,251.9,248.0
2023-09-07,-1.4,-0.56,249.0,69.32,27754,221,245.4,252.0,245.4
2023-09-05,-0.7,-0.28,250.4,65.73,26258,167,256.1,256.1,249.5
2023-09-04,1.9,0.76,251.1,74.3,29709,195,249.0,252.4,249.0
2023-09-03,-2.2,-0.88,249.2,78.38,31390,193,250.0,251.0,248.6
2023-08-30,1.3,0.52,251.4,56.62,22480,158,250.0,254.8,250.0
2023-08-29,0.1,0.04,250.1,72.36,28856,144,251.0,253.0,250.0
2023-08-28,1.0,0.4,250.0,70.7,28258,162,249.0,253.7,248.0
2023-08-27,-1.0,-0.4,249.0,,41650,233,251.0,252.9,248.3
2023-08-24,-1.0,-0.4,250.0,,46711,247,248.6,253.0,248.6
2023-08-23,-0.6,-0.24,251.0,,100227,373,252.8,252.9,249.0
2023-08-22,1.6,0.64,251.6,,71762,308,253.0,253.0,248.5
2023-08-21,-0.9,-0.36,250.0,,60034,276,254.0,254.0,248.0
2023-08-20,-2.0,-0.79,250.9,,74992,357,250.2,253.1,248.3
2023-08-17,0.9,0.36,252.9,54.68,21615,161,255.9,255.9,251.3
2023-08-16,-1.0,-0.4,252.0,,56740,229,251.1,254.0,250.0
2023-08-15,-2.0,-0.78,253.0,93.85,36968,235,257.0,257.0,253.0
2023-08-14,1.0,0.39,255.0,,48185,260,254.0,257.7,254.0
2023-08-13,0.0,0.0,254.0,,71148,405,259.0,259.0,252.0
2023-08-10,-1.0,-0.39,254.0,66.05,25901,213,252.2,257.0,251.2
2023-08-09,3.0,1.19,255.0,,81216,402,250.2,255.0,246.0
2023-08-08,-2.9,-1.14,252.0,,42060,273,252.2,257.9,251.0
2023-08-07,-2.1,-0.82,254.9,,51182,326,259.9,259.9,253.0
2023-08-06,-0.9,-0.35,257.0,,153778,701,260.0,266.1,256.0
2023-08-03,4.9,1.94,257.9,,88173,383,254.0,261.0,253.2
2023-08-02,3.0,1.2,253.0,,45896,243,255.0,255.0,249.6
2023-08-01,-3.0,-1.19,250.0,,79695,388,255.0,257.0,249.3
2023-07-31,-2.0,-0.78,253.0,,86528,409,259.9,259.9,250.0
2023-07-30,-2.3,-0.89,255.0,,88371,446,259.5,260.0,252.9
2023-07-27,-3.7,-1.42,257.3,,50723,282,262.0,264.8,257.0
2023-07-26,3.2,1.24,261.0,,53681,321,262.0,265.0,257.5
2023-07-25,-7.7,-2.9,257.8,,104128,515,265.0,266.4,257.0
2023-07-24,-6.5,-2.39,265.5,,180611,865,275.0,275.9,263.0
2023-07-23,12.1,4.66,272.0,,223112,859,260.0,280.0,258.0
2023-07-20,-4.1,-1.55,259.9,,164484,555,268.7,268.7,257.0
2023-07-19,6.0,2.33,264.0,,115010,549,256.0,266.0,253.2
2023-07-18,3.3,1.3,258.0,,86441,463,258.0,260.1,253.0
2023-07-17,5.7,2.29,254.7,,67976,400,250.0,256.9,248.6
2023-07-16,4.0,1.63,249.0,,60584,265,249.7,249.7,245.0
2023-07-13,0.1,0.04,245.0,,89055,425,245.3,250.5,243.5
2023-07-12,4.9,2.04,244.9,,71159,349,244.8,248.0,241.2
2023-07-11,-3.0,-1.23,240.0,,123621,446,247.7,247.7,240.0
2023-07-10,-1.0,-0.41,243.0,,80974,415,245.0,253.0,242.2
2023-07-09,-1.5,-0.61,244.0,,95272,441,250.4,250.4,243.6
2023-07-06,0.5,0.2,245.5,,327175,511,244.0,248.8,243.0
2023-07-05,-5.0,-2.0,245.0,,193086,489,250.0,252.0,244.0
2023-07-04,1.5,0.6,250.0,,43403,264,248.0,258.0,248.0
2023-07-03,-1.5,-0.6,248.5,,66041,334,251.0,253.9,248.5
2023-07-02,-5.2,-2.04,250.0,,81261,377,257.0,257.0,249.1
2023-06-28,-7.3,-2.78,255.2,,85009,500,257.3,272.0,254.8
2023-06-27,11.5,4.58,262.5,,183098,613,255.8,262.5,250.1
2023-06-26,1.0,0.4,251.0,,102861,470,250.1,257.0,249.0
2023-06-25,2.0,0.81,250.0,,81817,456,252.0,252.0,246.4
2023-06-22,-1.0,-0.4,248.0,95.34,38289,296,250.0,252.0,247.3
2023-06-21,-2.6,-1.03,249.0,,114075,451,250.0,255.0,247.6
2023-06-20,-0.6,-0.24,251.6,,41566,174,252.1,256.0,251.6
2023-06-19,-2.7,-1.06,252.2,,52201,296,254.0,255.0,251.5
2023-06-18,-1.1,-0.43,254.9,,64067,317,253.0,256.5,252.1
2023-06-15,-1.0,-0.39,256.0,,236975,247,260.0,260.0,253.8
2023-06-14,1.0,0.39,257.0,,67276,403,255.0,260.8,254.0
2023-06-13,3.0,1.19,256.0,,80396,384,252.0,261.0,250.5
2023-06-12,-1.0,-0.39,253.0,73.6,29036,196,257.0,257.0,252.0
2023-06-11,1.0,0.4,254.0,77.98,30718,231,255.9,256.0,252.0
2023-06-08,-0.9,-0.35,253.0,88.37,35011,245,255.5,255.5,251.0
2023-06-07,-0.1,-0.04,253.9,54.7,21496,175,250.0,258.0,250.0
2023-06-06,1.1,0.43,254.0,52.61,20762,162,253.0,256.0,252.0
2023-06-05,-5.0,-1.94,252.9,64.54,25133,207,260.0,261.9,252.9
2023-06-04,5.9,2.34,257.9,59.62,23310,185,250.0,259.9,250.0
2023-06-01,3.7,1.49,252.0,,42963,246,250.0,255.0,248.0
2023-05-31,-4.8,-1.9,248.3,,66112,379,250.7,253.9,248.3
2023-05-30,-10.9,-4.13,253.1,,72673,465,260.0,262.0,253.0
2023-05-28,12.2,4.85,264.0,,135284,841,256.8,270.0,255.0
2023-05-24,-2.3,-0.91,251.8,,43428,301,254.1,258.0,251.0
2023-05-23,5.2,2.09,254.1,,40104,233,253.5,255.5,248.1
2023-05-22,-0.1,-0.04,248.9,67.38,27020,167,252.0,252.0,248.1
2023-05-21,-2.3,-0.92,249.0,80.66,32136,297,250.1,254.9,248.2
2023-05-18,4.3,1.74,251.3,,49415,297,248.0,251.9,246.5
2023-05-17,2.0,0.82,247.0,59.18,24032,157,247.0,249.0,245.0
2023-05-16,-1.3,-0.53,245.0,81.95,33376,195,246.0,247.9,245.0
2023-05-15,-2.7,-1.08,246.3,56.35,22864,159,245.2,248.5,245.2
2023-05-14,2.0,0.81,249.0,62.77,25390,190,249.0,250.8,246.0
2023-05-11,-0.2,-0.08,247.0,55.5,22445,167,247.0,249.0,246.0
2023-05-10,-1.8,-0.72,247.2,80.23,32338,198,249.1,250.0,247.0
2023-05-09,0.0,0.0,249.0,45.35,18181,154,248.0,252.0,247.3
2023-05-08,-1.1,-0.44,249.0,74.35,29785,217,254.8,254.8,248.2
2023-05-07,-3.9,-1.54,250.1,51.29,20433,147,253.0,253.9,250.0
2023-05-04,0.2,0.08,254.0,68.04,26804,170,256.0,256.0,252.0
2023-05-03,-1.2,-0.47,253.8,44.05,17273,156,259.0,260.1,253.6
2023-05-02,3.0,1.19,255.0,61.85,24305,183,257.0,260.0,252.1
2023-04-30,1.0,0.4,252.0,46.03,18312,136,251.0,253.0,250.0
2023-04-27,0.4,0.16,251.0,26.85,10692,113,250.2,252.5,250.1
2023-04-26,-1.5,-0.6,250.6,46.49,18479,142,253.0,255.0,250.3
2023-04-25,1.1,0.44,252.1,37.47,14877,108,251.0,255.0,250.5
2023-04-24,0.8,0.32,251.0,74.48,29713,140,252.0,253.0,249.0
2023-04-23,-2.3,-0.91,250.2,84.96,33988,221,252.0,253.0,247.0
2023-04-20,-4.0,-1.56,252.5,73.39,28967,162,257.0,257.0,252.5
2023-04-19,2.0,0.79,256.5,59.44,23342,183,257.0,257.0,253.0
2023-04-18,-0.5,-0.2,254.5,29.02,11416,122,259.9,259.9,252.0
2023-04-17,-4.0,-1.54,255.0,62.33,24424,169,260.0,261.9,254.0
2023-04-16,-1.8,-0.69,259.0,49.65,19141,172,261.0,265.0,256.6
2023-04-13,-6.2,-2.32,260.8,49.98,18944,188,269.0,270.0,260.0
2023-04-12,12.0,4.71,267.0,,45942,307,255.6,269.0,255.6
2023-04-11,3.1,1.23,255.0,54.78,21522,172,255.0,260.1,252.0
2023-04-10,1.3,0.52,251.9,45.41,18049,169,253.0,254.0,250.3
2023-04-09,-3.4,-1.34,250.6,62.0,24651,212,255.0,255.0,250.0
2023-04-06,-5.9,-2.27,254.0,96.68,37955,219,263.0,263.0,253.3
2023-04-05,8.9,3.55,259.9,,50698,207,254.9,266.0,250.1
2023-04-04,-1.0,-0.4,251.0,97.07,38488,196,252.0,254.1,250.6
2023-04-03,-3.0,-1.18,252.0,57.15,22669,201,255.0,255.0,251.2
2023-04-02,-2.3,-0.89,255.0,68.31,26755,233,258.0,259.0,253.5
2023-03-30,0.4,0.16,257.3,56.27,21837,199,256.0,260.0,256.0
2023-03-29,-3.0,-1.15,256.9,61.84,24150,229,257.0,258.9,255.0
2023-03-28,1.4,0.54,259.9,72.93,28112,253,263.0,263.0,255.0
2023-03-27,1.5,0.58,258.5,,76860,450,259.0,259.0,252.8
2023-03-26,-3.0,-1.15,257.0,,42724,374,264.0,264.0,256.5
2023-03-23,-1.0,-0.38,260.0,98.21,37870,265,258.3,264.0,258.0
2023-03-22,-4.0,-1.51,261.0,63.93,24406,225,265.0,266.0,260.0
2023-03-20,3.1,1.18,265.0,74.32,28380,203,265.0,265.0,260.7
2023-03-19,-1.6,-0.61,261.9,70.3,26915,223,261.0,264.1,260.0
2023-03-16,0.5,0.19,263.5,83.21,31805,154,266.0,266.0,260.2
2023-03-15,-2.4,-0.9,263.0,65.46,24921,172,266.0,266.0,261.7
2023-03-14,3.4,1.3,265.4,60.5,22913,154,266.0,266.0,262.1
2023-03-13,-4.0,-1.5,262.0,72.43,27498,181,266.0,267.0,262.0
2023-03-12,-7.0,-2.56,266.0,,54867,343,273.0,275.0,264.0
2023-03-09,8.0,3.02,273.0,,46992,234,268.0,273.0,267.1
2023-03-07,5.4,2.08,265.0,,43091,192,263.9,266.0,261.0
2023-03-05,-0.9,-0.35,259.6,,39021,291,265.0,265.0,258.0
2023-03-02,-2.1,-0.8,260.5,,54841,286,263.0,264.0,260.0
2023-03-01,-3.9,-1.46,262.6,,45356,270,267.0,269.0,262.5
2023-02-28,-1.5,-0.56,266.5,56.91,21270,148,268.0,270.0,265.6
2023-02-27,-1.0,-0.37,268.0,91.63,34192,196,270.1,273.9,265.0
2023-02-26,-0.9,-0.33,269.0,,59277,277,266.5,270.3,264.5
2023-02-23,-2.0,-0.74,269.9,,80562,230,273.0,273.0,266.7
2023-02-22,4.4,1.64,271.9,,48226,236,272.0,273.4,267.0
2023-02-20,-0.6,-0.22,267.5,,49510,254,268.0,271.5,266.6
2023-02-16,-3.9,-1.43,268.1,,58829,332,276.9,276.9,268.0
2023-02-15,-2.7,-0.98,272.0,,38601,232,274.0,276.0,270.1
2023-02-14,-4.3,-1.54,274.7,,61876,213,279.0,280.0,274.0
2023-02-12,-10.8,-3.73,279.0,,66278,314,285.0,286.0,277.0
2023-02-09,-0.2,-0.07,289.8,,67882,306,294.9,294.9,284.0
2023-02-08,6.5,2.29,290.0,,185312,677,286.0,295.0,285.0
2023-02-07,10.5,3.85,283.5,,66378,362,277.0,287.9,272.0
2023-02-06,2.0,0.74,273.0,,52025,194,268.3,274.0,268.3
2023-02-05,3.0,1.12,271.0,,97996,280,273.3,273.3,267.9
2023-02-02,-1.0,-0.37,268.0,,41477,259,270.0,273.0,267.5
2023-02-01,1.6,0.6,269.0,,222055,265,266.0,271.0,265.0
2023-01-31,-2.2,-0.82,267.4,,72386,359,270.0,270.0,264.5
2023-01-30,-4.4,-1.61,269.6,,46217,295,270.6,275.0,269.5
2023-01-29,-1.3,-0.47,274.0,,42044,256,275.3,279.9,273.1
2023-01-26,0.0,-0.25,275.3,,25935,0,280.0,280.0,274.0
2023-01-25,0.0,1.47,276.0,,49022,0,277.0,282.3,273.2
2023-01-24,0.0,-2.51,272.0,,92618,0,275.1,281.0,272.0
2023-01-23,0.0,-1.1,279.0,,80156,0,282.0,287.0,278.0
2023-01-19,0.0,-0.67,282.1,,59141,0,284.0,288.0,281.0
2023-01-18,0.0,-0.35,284.0,,93016,0,289.0,291.0,283.0
2023-01-17,0.0,-2.73,285.0,,84845,0,294.0,294.0,285.0
2023-01-12,0.0,-1.01,293.0,,157567,0,301.9,307.0,288.0
2023-01-10,0.0,0.34,296.0,,450504,0,290.0,305.5,290.0
2023-01-09,0.0,5.55,295.0,,144622,0,277.0,295.0,277.0
2023-01-08,0.0,0.79,279.5,,106809,0,277.0,282.0,277.0
2023-01-05,0.0,0.11,277.3,,87289,0,281.0,281.0,274.0
2023-01-04,0.0,0.76,277.0,,55521,0,275.0,278.9,273.0
2023-01-03,0.0,-1.08,274.9,,38050,0,276.0,277.0,274.1
2023-01-02,0.0,-0.39,277.9,,56863,0,281.9,281.9,273.6
2023-01-01,0.0,-0.36,279.0,,72930,0,281.0,284.0,275.0
2022-12-29,0.0,-0.31,280.0,,92934,0,275.3,280.0,270.1
2022-12-28,0.0,-0.21,286.5,,112881,0,285.5,288.6,281.4
2022-12-27,0.0,3.31,287.1,,73968,0,277.9,290.0,277.9
2022-12-26,0.0,3.0,277.9,,55877,0,271.0,278.0,270.0
2022-12-22,0.0,1.24,269.8,,41644,0,271.8,271.8,265.0
2022-12-21,0.0,0.57,266.5,,23435,0,266.0,270.0,266.0
2022-12-20,0.0,0.38,265.0,,27742,0,266.0,268.0,264.1
2022-12-19,0.0,0.15,264.0,,31488,0,267.0,267.0,262.3
2022-12-18,0.0,-4.84,263.6,,115056,0,271.5,271.5,259.1
2022-12-15,0.0,0.36,277.0,,19693,0,277.0,278.0,275.0
2022-12-14,0.0,-0.14,276.0,,11493,0,274.0,277.0,274.0
2022-12-13,0.0,-0.22,276.4,,128136,0,277.0,277.0,274.0
2022-12-12,0.0,1.09,277.0,,15664,0,274.0,277.0,273.0
2022-12-11,0.0,-0.54,274.0,,32587,0,276.1,278.0,273.2
2022-12-07,0.0,-0.9,275.5,,29175,0,278.0,280.0,275.5
2022-12-06,0.0,-0.71,278.0,,12873,0,280.0,280.0,274.4
2022-12-05,0.0,-0.71,280.0,,23499,0,286.0,286.0,278.0
2022-12-04,0.0,-0.49,282.0,,24174,0,283.0,287.0,280.0
2022-12-01,0.0,0.89,283.4,,27071,0,285.0,285.0,278.2
2022-11-30,0.0,-0.74,280.9,,15012,0,282.0,285.0,280.5
2022-11-29,0.0,-0.04,283.0,,40315,0,288.0,288.0,280.5
2022-11-28,0.0,-0.56,283.1,,24213,0,288.9,288.9,282.6
2022-11-27,0.0,-0.8,284.7,,26457,0,287.0,289.0,281.5
2022-11-24,0.0,0.35,287.0,,19313,0,288.0,289.0,284.5
2022-11-23,0.0,1.06,286.0,,449551,0,285.0,286.0,280.0
2022-11-22,0.0,1.07,283.0,,430031,0,285.0,290.0,278.0
2022-11-17,0.0,1.82,280.0,,27646,0,280.0,281.6,275.0
2022-11-16,0.0,0.73,275.0,,23780,0,272.0,276.0,272.0
2022-11-15,0.0,0.0,273.0,,8201,0,274.0,274.0,271.8
2022-11-14,0.0,0.55,273.0,,23104,0,275.0,275.0,269.5
2022-11-13,0.0,-0.18,271.5,,24377,0,270.0,275.0,270.0
2022-11-10,0.0,-1.05,272.0,,25067,0,280.0,280.0,271.6
2022-11-09,0.0,-0.76,274.9,,20214,0,282.0,282.0,273.0
2022-11-08,0.0,-0.36,277.0,,14206,0,281.5,281.5,275.0
2022-11-07,0.0,-0.11,278.0,,36885,0,273.0,282.5,273.0
2022-11-06,0.0,1.02,278.3,,31350,0,275.5,279.0,270.0
2022-11-03,0.0,-0.97,275.5,,25552,0,278.0,279.9,275.5
2022-11-02,0.0,-1.0,278.2,,39298,0,286.0,286.0,278.1
2022-11-01,0.0,2.55,281.0,,30087,0,279.0,282.0,271.2
2022-10-31,0.0,0.0,274.0,,36886,0,274.0,276.4,268.1
2022-10-23,0.0,0.0,274.0,,118792,0,268.6,275.0,267.0
2022-10-20,0.0,1.11,274.0,,12346,0,272.0,275.0,270.0
2022-10-19,0.0,-0.73,271.0,,24391,0,275.0,275.0,269.7
2022-10-17,0.0,0.37,273.0,,18365,0,272.0,277.0,270.0
2022-10-16,0.0,0.37,272.0,,16408,0,272.0,272.0,270.0
2022-10-13,0.0,-0.1,271.0,,29140,0,275.0,275.4,269.0
2022-10-12,0.0,-0.37,270.0,,34971,0,276.4,276.4,268.0
2022-10-11,0.0,-0.91,271.0,,27905,0,275.0,275.0,269.0
2022-10-10,0.0,-1.26,273.5,,25333,0,281.0,281.0,273.5
2022-10-09,0.0,0.73,277.0,,39942,0,275.0,278.0,273.1
2022-09-29,0.0,1.1,275.0,,14943,0,274.0,275.5,272.0
2022-09-28,0.0,1.12,272.0,,10963,0,274.0,274.0,270.1
2022-09-27,0.0,1.47,269.0,,20955,0,269.0,269.6,265.5
2022-09-25,0.0,-0.71,265.1,,37923,0,272.0,272.0,263.0
2022-09-22,0.0,-0.37,267.0,,26496,0,268.0,270.0,265.0
2022-09-21,0.0,1.48,268.0,,16089,0,268.9,268.9,265.0
2022-09-20,0.0,-0.86,264.1,,47921,0,266.4,269.0,264.0
2022-09-18,0.0,-1.33,266.4,,31368,0,265.0,270.9,265.0
2022-09-16,0.0,-0.18,270.0,,36954,0,267.0,270.3,263.0
2022-09-15,0.0,-3.05,270.5,,23462,0,279.0,280.0,270.5
2022-09-14,0.0,2.57,279.0,,27683,0,274.0,279.0,273.0
2022-09-13,0.0,0.74,272.0,,27618,0,265.0,275.0,265.0
2022-09-12,0.0,-0.37,270.0,,26170,0,270.0,271.0,268.0
2022-09-11,0.0,-0.91,271.0,,41777,0,269.0,276.0,269.0
2022-09-08,0.0,-0.55,273.5,,31386,0,270.0,276.0,270.0
2022-09-07,0.0,-0.47,275.0,,17964,0,271.0,277.4,271.0
2022-09-06,0.0,-0.54,276.3,,15469,0,280.0,280.0,276.0
2022-09-05,0.0,0.29,277.8,,16478,0,278.0,282.5,277.6
2022-09-04,0.0,-0.54,277.0,,30817,0,276.0,281.4,276.0
2022-09-02,0.0,-0.18,278.5,,14790,0,274.0,283.0,274.0
2022-09-01,0.0,-0.36,279.0,,21237,0,280.0,283.0,277.5
2022-08-31,0.0,-0.71,280.0,,25196,0,277.0,286.0,277.0
2022-08-30,0.0,0.53,282.0,,51889,0,285.0,285.0,279.0
2022-08-29,0.0,-0.36,280.5,,23000,0,276.0,283.5,276.0
2022-08-28,0.0,-0.57,281.5,,28659,0,280.0,286.0,280.0
2022-08-26,0.0,-1.53,283.1,,12726,0,284.0,289.6,283.0
2022-08-25,0.0,0.0,287.5,,37275,0,282.0,291.0,282.0
2022-08-24,0.0,0.14,287.5,,28445,0,282.0,292.0,282.0
2022-08-23,0.0,0.0,287.1,,41351,0,282.0,290.0,282.0
2022-08-22,0.0,-0.31,287.1,,17736,0,290.0,290.0,285.3
2022-08-21,0.0,-0.21,288.0,,35031,0,289.0,293.0,287.0
2022-08-18,0.0,0.91,288.6,,34582,0,285.0,290.0,285.0
2022-08-17,0.0,0.0,286.0,,26409,0,283.29,290.0,283.29
2022-08-16,0.0,-1.04,286.0,,29854,0,290.0,295.0,285.5
2022-08-15,0.0,1.94,289.0,,37036,0,278.0,289.1,278.0
2022-08-14,0.0,-1.05,283.5,,45214,0,290.0,290.0,282.0
2022-08-11,0.0,0.07,286.5,,24352,0,292.0,292.0,285.0
2022-08-10,0.0,-0.69,286.3,,71838,0,288.1,293.8,282.0
2022-08-09,0.0,-1.27,288.3,,39968,0,292.0,294.0,288.3
2022-08-08,0.0,0.0,292.0,,48779,0,286.2,297.0,286.2
2022-08-07,0.0,-1.28,292.0,,56812,0,293.0,298.0,291.0
2022-08-05,0.0,-1.07,295.8,,58128,0,304.9,304.9,293.1
2022-08-04,0.0,-2.92,299.0,,107676,0,307.0,308.0,296.0
2022-08-03,0.0,-1.28,308.0,,103263,0,308.0,316.0,308.0
2022-08-02,0.0,-0.61,312.0,,65851,0,310.0,316.2,307.0
2022-08-01,0.0,2.25,313.9,,140634,0,313.0,317.5,306.0
2022-07-31,0.0,4.42,307.0,,134627,0,299.0,307.8,293.1
2022-07-29,0.0,-0.51,294.0,,50584,0,296.0,296.0,293.0
2022-07-28,0.0,-0.34,295.5,,63932,0,297.1,302.0,295.2
2022-07-27,0.0,-1.17,296.5,,50980,0,297.0,301.0,294.2
2022-07-26,0.0,-2.91,300.0,,62892,0,310.0,310.0,298.2
2022-07-25,0.0,3.41,309.0,,111866,0,303.0,310.0,300.0
2022-07-24,0.0,2.33,298.8,,46564,0,295.0,299.9,292.0
2022-07-22,0.0,-1.35,292.0,,23093,0,292.3,296.0,291.6
2022-07-21,0.0,0.34,296.0,,53939,0,295.0,300.0,293.5
2022-07-20,0.0,-1.01,295.0,,39232,0,302.0,302.0,295.0
2022-07-19,0.0,0.85,298.0,,84289,0,290.1,301.4,290.1
2022-07-18,0.0,-0.44,295.5,,51499,0,296.8,296.8,290.0
2022-07-17,0.0,-0.4,296.8,,76549,0,293.0,298.0,290.0
2022-07-15,0.0,2.76,298.0,,116827,0,295.5,298.0,286.0
2022-07-14,0.0,0.35,290.0,,88906,0,294.4,294.4,282.0
2022-07-13,0.0,3.58,289.0,,275473,0,280.1,290.0,270.0
2022-07-12,0.0,3.3,279.0,,144350,0,270.0,279.0,267.0
2022-07-11,0.0,-4.25,270.1,,117431,0,280.0,280.0,269.0
2022-07-08,0.0,-1.98,282.1,,33421,0,283.0,288.6,282.0
2022-07-07,0.0,0.56,287.8,,162340,0,291.5,292.0,284.0
2022-07-06,0.0,-0.97,286.2,,51561,0,284.0,288.0,282.0
2022-07-05,0.0,-0.34,289.0,,82508,0,290.0,295.0,285.2
2022-07-04,0.0,-0.34,290.0,,165844,0,296.8,302.0,289.1
2022-07-03,0.0,0.34,291.0,,59961,0,290.0,292.0,287.0
2022-07-01,0.0,-1.02,290.0,,58511,0,296.0,296.0,286.0
2022-06-30,0.0,5.02,293.0,,110939,0,282.0,294.8,279.0
2022-06-29,0.0,1.94,279.0,,46304,0,273.9,279.2,269.0
2022-06-28,0.0,0.26,273.7,,77496,0,270.0,276.0,269.1
2022-06-27,0.0,-1.44,273.0,,79301,0,282.5,283.0,271.3
2022-06-26,0.0,2.97,277.0,,148895,0,274.0,279.8,269.0
2022-06-24,0.0,0.04,269.0,,23536,0,270.0,272.3,265.5
2022-06-23,0.0,-1.86,268.9,,103270,0,270.0,273.0,266.0
2022-06-22,0.0,-1.08,274.0,,97334,0,280.8,280.9,273.0
2022-06-21,0.0,2.21,277.0,,93299,0,270.0,279.0,270.0
2022-06-20,0.0,-2.83,271.0,,132897,0,275.1,279.9,270.0
2022-06-19,0.0,-0.39,278.9,,38058,0,283.0,283.0,277.5
2022-06-17,0.0,-1.41,280.0,,29640,0,288.0,288.0,279.9
2022-06-16,0.0,1.39,284.0,,44007,0,285.7,288.0,279.0
2022-06-15,0.0,-1.93,280.1,,62140,0,284.0,285.0,280.0
2022-06-14,0.0,-0.49,285.6,,51556,0,286.0,291.0,283.5
2022-06-13,0.0,-1.07,287.0,,35984,0,295.0,295.0,287.0
2022-06-10,0.0,-0.31,290.1,,19263,0,290.1,292.0,289.7
2022-06-09,0.0,-0.68,291.0,,39566,0,290.0,300.0,290.0
2022-06-08,0.0,1.88,293.0,,38863,0,287.6,297.0,284.0
2022-06-07,0.0,-2.44,287.6,,51706,0,292.1,299.0,286.2
2022-06-06,0.0,0.27,294.8,,35938,0,298.0,301.0,290.0
2022-06-03,0.0,-1.34,294.0,,48065,0,298.0,299.0,292.0
2022-06-02,0.0,-0.33,298.0,,33731,0,296.0,302.9,296.0
2022-06-01,0.0,0.34,299.0,,30125,0,303.0,303.0,294.7
2022-05-31,0.0,-0.67,298.0,,45100,0,296.1,300.2,296.1
2022-05-30,0.0,-1.96,300.0,,51590,0,303.0,307.0,297.0
2022-05-27,0.0,0.0,306.0,,22700,0,311.0,313.0,304.0
2022-05-26,0.0,0.99,306.0,,35399,0,305.2,310.0,303.6
2022-05-25,0.0,0.66,303.0,,32127,0,307.0,307.0,300.0
2022-05-24,0.0,0.33,301.0,,24649,0,300.0,305.0,300.0
2022-05-23,0.0,-2.28,300.0,,70418,0,307.0,307.0,299.8
2022-05-20,0.0,-0.32,307.0,,15290,0,302.0,310.0,302.0
2022-05-19,0.0,-0.16,308.0,,21869,0,314.5,314.5,305.3
2022-05-18,0.0,0.0,308.5,,20566,0,303.1,309.0,303.1
2022-05-17,0.0,-3.45,308.0,,45322,0,313.0,315.0,305.0
2022-05-12,0.0,0.44,319.0,,44934,0,320.0,323.0,315.0
2022-05-11,0.0,1.6,317.6,,50744,0,317.0,318.0,311.1
2022-05-10,0.0,2.16,312.6,,17327,0,310.9,314.0,306.0
2022-05-09,0.0,0.0,306.0,,41687,0,302.0,311.0,302.0
2022-05-08,0.0,0.96,306.0,,76740,0,303.0,307.0,296.2
2022-05-05,0.0,-2.1,303.1,,125361,0,309.6,312.0,300.0
2022-05-04,0.0,-1.09,309.6,,52931,0,313.0,316.0,309.2
2022-05-02,0.0,-0.79,313.0,,45743,0,315.0,318.0,312.0
2022-04-28,0.0,-0.79,315.5,,53053,0,322.0,322.0,315.0
2022-04-27,0.0,0.32,318.0,,50618,0,317.0,320.0,315.3
2022-04-26,0.0,-0.63,317.0,,19984,0,319.0,321.9,316.6
2022-04-25,0.0,-1.27,319.0,,72698,0,326.1,327.3,316.1
2022-04-24,0.0,2.57,323.1,,61924,0,315.3,325.0,315.3
2022-04-21,0.0,-0.76,315.0,,61413,0,320.0,320.0,310.0
2022-04-20,0.0,-0.81,317.4,,31792,0,326.0,326.0,313.6
2022-04-19,0.0,0.63,320.0,,26799,0,318.1,321.0,315.0
2022-04-18,0.0,-0.22,318.0,,34392,0,317.0,319.9,317.0
2022-04-17,0.0,-1.94,318.7,,87986,0,331.0,331.0,318.0
2022-04-13,0.0,2.2,325.0,,55113,0,320.0,325.0,312.0
2022-04-12,0.0,-0.93,318.0,,95956,0,321.5,321.5,313.2
2022-04-11,0.0,-1.23,321.0,,47864,0,326.0,333.0,321.0
2022-04-07,0.0,2.85,325.0,,80818,0,320.0,326.4,316.0
2022-04-06,0.0,-0.94,316.0,,114218,0,319.0,322.9,315.2
2022-04-05,0.0,-1.21,319.0,,93019,0,322.0,326.0,317.0
2022-04-04,0.0,-0.34,322.9,,50429,0,329.9,329.9,322.1
2022-04-03,0.0,-0.31,324.0,,41368,0,326.0,326.0,322.0
2022-03-31,0.0,-1.22,325.0,,118011,0,330.0,334.8,324.0
2022-03-30,0.0,0.95,329.0,,57174,0,326.0,330.0,325.0
2022-03-29,0.0,-0.79,325.9,,66976,0,335.0,335.0,325.0
2022-03-28,0.0,-1.35,328.5,,88221,0,333.0,335.0,328.5
2022-03-27,0.0,-1.19,333.0,,62037,0,339.0,340.0,332.2
2022-03-24,0.0,-0.88,337.0,,51236,0,335.0,345.0,335.0
2022-03-23,0.0,-1.45,340.0,,80637,0,345.0,349.0,339.0
2022-03-22,0.0,-0.14,345.0,,51851,0,345.0,350.0,344.0
2022-03-21,0.0,1.62,345.5,,174932,0,345.0,346.8,338.0
2022-03-20,0.0,-0.58,340.0,,175968,0,343.0,345.0,337.1
2022-03-16,0.0,-1.72,342.0,,49372,0,348.0,350.0,341.0
2022-03-15,0.0,-0.85,348.0,,109177,0,350.1,353.0,344.0
2022-03-14,0.0,-1.13,351.0,,29615,0,356.9,356.9,349.3
2022-03-13,0.0,2.75,355.0,,188553,0,352.3,355.0,348.0
2022-03-10,0.0,2.52,345.5,,231402,0,337.0,346.5,333.0
2022-03-09,0.0,0.3,337.0,,40006,0,340.0,340.0,332.0
2022-03-07,0.0,1.88,336.0,,293629,0,331.9,339.8,331.0
2022-03-06,0.0,0.79,329.8,,59635,0,333.5,335.9,328.2
2022-03-02,0.0,-1.74,327.2,,217129,0,333.0,336.0,327.1
2022-02-28,0.0,-0.75,333.0,,73577,0,342.0,342.2,332.0
2022-02-27,0.0,-1.29,335.5,,54081,0,333.2,342.0,333.2
2022-02-24,0.0,-1.71,339.9,,87319,0,345.8,349.0,337.2
2022-02-23,0.0,0.2,345.8,,41263,0,344.0,350.0,344.0
2022-02-22,0.0,-0.78,345.1,,91174,0,352.9,352.9,344.6
2022-02-21,0.0,1.4,347.8,,33554,0,345.0,349.8,339.0
2022-02-20,0.0,-2.0,343.0,,42187,0,345.0,350.0,336.2
2022-02-17,0.0,-0.43,350.0,,35746,0,352.0,355.0,349.0
2022-02-16,0.0,0.43,351.5,,45340,0,356.0,356.0,350.0
2022-02-15,0.0,1.16,350.0,,42393,0,346.0,352.9,345.2
2022-02-14,0.0,0.0,346.0,,45987,0,350.0,357.0,344.0
2022-02-13,0.0,-3.08,346.0,,94758,0,355.0,355.0,343.0
2022-02-10,0.0,-1.11,357.0,,52118,0,361.0,363.0,356.0
2022-02-09,0.0,-0.28,361.0,,70502,0,362.0,364.5,358.0
2022-02-08,0.0,0.0,362.0,,97164,0,372.3,373.0,361.0
2022-02-07,0.0,-0.27,365.0,,101611,0,365.0,369.9,364.0
2022-02-06,0.0,-1.21,366.0,,71088,0,377.9,377.9,363.5
2022-02-03,0.0,-1.2,370.5,,114244,0,380.0,382.5,370.0
2022-02-01,0.0,0.54,375.0,,94788,0,373.0,377.9,368.0
2022-01-31,0.0,-0.82,373.0,,54439,0,383.0,383.6,371.0
2022-01-30,0.0,3.61,376.1,,92895,0,366.0,379.0,366.0
2022-01-27,0.0,-0.41,363.0,,38904,0,365.0,371.7,362.0
2022-01-26,0.0,-1.49,364.5,,122146,0,370.1,373.0,362.1
2022-01-25,0.0,-0.8,370.0,,255756,0,365.6,376.0,357.7
2022-01-24,0.0,-3.39,373.0,,154602,0,390.0,390.0,371.0
2022-01-23,0.0,-0.75,386.1,,185650,0,396.0,400.0,385.0
2022-01-20,0.0,0.26,389.0,,241897,0,383.0,391.0,382.0
2022-01-19,0.0,-0.77,388.0,,102036,0,390.0,397.0,383.0
2022-01-18,0.0,-0.51,391.0,,176346,0,395.0,402.0,387.0
2022-01-17,0.0,0.26,393.0,,101121,0,399.8,401.4,386.2
2022-01-16,0.0,2.89,392.0,,116769,0,381.0,392.0,383.0
2022-01-13,0.0,0.47,381.0,,58945,0,372.1,383.0,372.1
2022-01-12,0.0,-2.27,379.2,,86256,0,380.3,390.1,379.0
2022-01-11,0.0,0.78,388.0,,102075,0,377.3,390.0,377.3
2022-01-10,0.0,-0.9,385.0,,133890,0,395.0,395.0,379.0
2022-01-09,0.0,4.16,388.5,,158906,0,380.4,392.0,374.0
2022-01-06,0.0,2.22,373.0,,230543,0,357.7,373.9,356.0
2022-01-05,0.0,-0.03,364.9,,107348,0,365.0,376.0,359.0
2022-01-04,0.0,3.99,365.0,,159483,0,351.0,365.0,347.0
2022-01-03,0.0,2.81,351.0,,82228,0,345.0,351.0,341.2
2022-01-02,0.0,0.44,341.4,,64624,0,341.0,345.0,340.0
2021-12-29,0.0,0.27,339.9,,63277,0,340.0,342.0,336.1
2021-12-28,0.0,0.0,339.0,,64076,0,339.0,340.0,333.0
2021-12-27,0.0,-3.97,339.0,,125182,0,355.0,356.9,338.0
2021-12-26,0.0,0.86,353.0,,71876,0,355.0,355.0,349.0
2021-12-23,0.0,0.43,350.0,,85104,0,354.0,355.0,344.0
2021-12-22,0.0,2.8,348.5,,84645,0,345.0,352.9,344.0
2021-12-21,0.0,1.19,339.0,,55331,0,339.0,340.0,330.0
2021-12-20,0.0,-0.74,335.0,,64968,0,338.0,340.0,330.8
2021-12-16,0.0,0.15,337.5,,54541,0,331.1,339.6,331.0
2021-12-15,0.0,0.3,337.0,,90333,0,342.7,357.0,335.0
2021-12-14,0.0,5.33,336.0,,60335,0,322.0,336.0,322.0
2021-12-13,0.0,-4.2,319.0,,111283,0,330.0,330.0,317.0
2021-12-12,0.0,-3.48,333.0,,84988,0,350.0,350.0,330.5
2021-12-09,0.0,-2.54,345.0,,77127,0,354.9,354.9,342.0
2021-12-08,0.0,-3.83,354.0,,76439,0,365.0,368.0,353.0
2021-12-07,0.0,-2.79,368.1,,151300,0,378.0,380.0,367.0
2021-12-06,0.0,2.3,431.7,,290753,0,430.4,433.0,421.2
2021-12-05,0.0,-2.99,422.0,,121302,0,439.0,439.0,421.0
2021-12-02,0.0,-0.91,435.0,,111320,0,440.0,444.0,432.0
2021-12-01,0.0,-0.23,439.0,,51523,0,440.0,444.0,439.0
2021-11-30,0.0,0.05,440.0,,64378,0,448.0,448.0,435.0
2021-11-29,0.0,0.41,439.8,,63740,0,430.0,445.7,430.0
2021-11-28,0.0,-1.57,438.0,,77518,0,445.0,450.0,437.0
2021-11-25,0.0,1.25,445.0,,94906,0,445.0,449.0,440.0
2021-11-24,0.0,0.11,439.5,,48115,0,439.0,440.0,433.3
2021-11-23,0.0,-1.68,439.0,,156816,0,446.0,447.0,435.0
2021-11-22,0.0,-0.33,446.5,,69054,0,448.0,451.0,445.1
2021-11-21,0.0,-0.44,448.0,,71962,0,450.0,454.0,445.0
2021-11-18,0.0,-2.49,450.0,,107262,0,462.0,462.0,449.0
2021-11-17,0.0,0.46,461.5,,72269,0,468.5,468.5,459.0
2021-11-16,0.0,2.11,459.4,,194896,0,455.0,459.8,446.0
2021-11-15,0.0,-0.22,449.9,,95462,0,458.9,460.0,447.0
2021-11-14,0.0,-0.68,450.9,,69586,0,454.0,459.0,445.0
2021-11-11,0.0,-2.37,454.0,,90966,0,465.0,470.0,453.0
2021-11-09,0.0,-1.69,465.0,,102887,0,473.0,473.0,460.0
2021-11-08,0.0,0.0,473.0,,55431,0,473.0,480.9,470.0
2021-11-03,0.0,0.64,473.0,,128371,0,479.4,484.0,470.0
2021-11-02,0.0,-0.21,470.0,,69797,0,470.1,479.0,467.0
2021-11-01,0.0,-1.67,471.0,,106343,0,483.0,488.0,470.0
2021-10-31,0.0,-0.31,479.0,,142378,0,483.0,484.0,477.0
2021-10-28,0.0,-1.54,480.5,,223915,0,489.0,489.0,478.8
2021-10-27,0.0,-0.2,488.0,,206435,0,490.1,491.0,481.0
2021-10-26,0.0,3.34,489.0,,186479,0,480.0,489.9,474.0
2021-10-25,0.0,3.98,473.2,,226030,0,460.0,474.0,456.7
2021-10-24,0.0,-1.07,455.1,,133279,0,462.0,462.0,453.1
2021-10-21,0.0,-0.65,460.0,,95687,0,467.0,467.0,457.0
2021-10-20,0.0,0.98,463.0,,123325,0,467.4,485.9,458.0
2021-10-19,0.0,-2.86,458.5,,137334,0,468.0,468.0,451.0
2021-10-18,0.0,-2.48,472.0,,157783,0,480.0,480.0,466.0
2021-10-17,0.0,-0.21,484.0,,50395,0,494.2,494.3,483.0
2021-10-11,0.0,0.0,485.0,,217094,0,485.0,490.0,481.0
2021-10-10,0.0,-0.82,485.0,,194332,0,495.0,498.0,484.0
2021-10-06,0.0,0.23,489.0,,217195,0,491.9,496.9,486.0
2021-10-05,0.0,0.81,487.9,,107470,0,490.0,490.0,484.2
2021-10-04,0.0,-0.21,484.0,,234925,0,485.0,488.0,476.0
2021-10-03,0.0,-1.42,485.0,,208355,0,491.0,498.0,484.0
2021-09-30,0.0,-1.8,492.0,,241679,0,502.0,506.0,492.0
2021-09-29,0.0,2.24,501.0,,334495,0,490.0,501.0,484.3
2021-09-28,0.0,-2.2,490.0,,292994,0,501.0,506.9,488.0
2021-09-27,0.0,-2.68,501.0,,255442,0,510.0,515.0,500.0
2021-09-26,0.0,-0.43,514.8,,411048,0,527.3,535.0,511.0
2021-09-23,0.0,5.51,517.0,,522594,0,499.8,530.0,499.8
2021-09-22,0.0,2.73,490.0,,245312,0,486.5,490.9,478.7
2021-09-21,0.0,0.42,477.0,,263282,0,475.0,485.0,457.7
2021-09-20,0.0,-3.28,475.0,,275013,0,500.0,500.0,475.0
2021-09-16,0.0,-2.56,491.1,,373018,0,505.0,505.0,488.0
2021-09-15,0.0,-1.37,504.0,,132305,0,516.0,516.0,502.5
2021-09-14,0.0,0.1,511.0,,177929,0,516.0,520.0,505.0
2021-09-13,0.0,0.1,510.5,,234400,0,513.0,520.0,505.0
2021-09-12,0.0,1.39,510.0,,176260,0,503.0,514.0,503.0
2021-09-09,0.0,-0.16,503.0,,194308,0,504.9,510.0,501.1
2021-09-08,0.0,-1.79,503.8,,252280,0,513.0,513.0,500.0
2021-09-07,0.0,-2.25,513.0,,248099,0,530.0,530.0,509.0
2021-09-06,0.0,5.17,524.8,,368652,0,499.0,524.9,496.1
2021-09-05,0.0,-2.54,499.0,,506118,0,512.0,515.0,492.0
2021-09-02,0.0,-1.54,512.0,,369890,0,525.0,525.0,506.0
2021-09-01,0.0,-0.1,520.0,,346589,0,530.9,530.9,517.0
2021-08-31,0.0,0.68,520.5,,573185,0,517.0,534.0,507.0
2021-08-29,0.0,-2.08,517.0,,394669,0,534.0,535.0,515.1
2021-08-26,0.0,0.0,528.0,,404489,0,528.0,535.0,520.0
2021-08-25,0.0,-2.22,528.0,,371510,0,540.0,540.0,526.0
2021-08-24,0.0,-3.43,540.0,,769151,0,559.2,559.2,535.6
2021-08-19,0.0,-0.85,559.2,,513605,0,575.0,575.0,556.0
2021-08-18,0.0,2.47,564.0,,783232,0,550.0,575.0,542.0
2021-08-17,0.0,-0.45,550.4,,776126,0,561.0,563.0,542.1
2021-08-16,0.0,2.62,552.9,,1166463,0,549.5,572.0,543.0
2021-08-15,0.0,7.31,538.8,,1975908,0,512.1,548.0,512.1
2021-08-12,0.0,1.03,502.1,,390089,0,497.0,504.9,486.0
2021-08-11,0.0,0.61,497.0,,581703,0,503.0,503.8,491.0
2021-08-10,0.0,1.86,494.0,,285770,0,488.0,498.0,481.1
2021-08-09,0.0,-0.31,485.0,,226187,0,489.9,489.9,482.1
2021-08-08,0.0,0.93,486.5,,324881,0,491.6,492.0,481.0
2021-08-05,0.0,0.42,482.0,,229935,0,481.0,485.0,479.8
2021-08-04,0.0,0.21,480.0,,270441,0,480.0,487.9,477.0
2021-08-03,0.0,-0.1,479.0,,175052,0,480.0,485.0,475.0
2021-08-02,0.0,-0.21,479.5,,204462,0,480.5,485.0,478.0
2021-08-01,0.0,-0.72,480.5,,327773,0,489.0,489.0,480.5
2021-07-29,0.0,-0.33,484.0,,221903,0,486.1,487.0,481.1
2021-07-28,0.0,-1.9,485.6,,247483,0,500.0,500.0,485.1
2021-07-27,0.0,0.0,495.0,,570723,0,485.1,497.0,477.0
2021-07-26,0.0,-2.56,495.0,,648314,0,513.0,515.0,493.0
2021-07-25,0.0,3.67,508.0,,987585,0,499.0,509.9,498.0
2021-07-22,0.0,5.15,490.0,,745566,0,466.0,500.0,466.0
2021-07-20,0.0,-0.21,466.0,,309649,0,465.0,470.0,461.2
2021-07-19,0.0,1.52,467.0,,406193,0,469.0,473.9,460.8
2021-07-18,0.0,3.84,460.0,,466455,0,450.0,463.0,445.0
2021-07-15,0.0,0.23,443.0,,194743,0,443.0,444.0,440.0
2021-07-14,0.0,-0.67,442.0,,95862,0,445.0,446.0,440.0
2021-07-13,0.0,0.45,445.0,,95952,0,443.0,447.0,440.0
2021-07-12,0.0,-1.56,443.0,,579926,0,456.0,459.0,438.0
2021-07-11,0.0,2.51,450.0,,549377,0,442.0,450.0,440.0
2021-07-08,0.0,0.92,439.0,,491412,0,436.0,441.0,434.0
2021-07-07,0.0,-0.46,435.0,,107530,0,441.0,442.0,433.0
2021-07-06,0.0,0.0,437.0,,312756,0,458.0,458.0,435.0
2021-07-05,0.0,0.69,437.0,,358785,0,434.0,437.0,431.0
2021-07-04,0.0,-0.69,434.0,,100384,0,437.0,440.0,433.0
2021-07-01,0.0,-0.23,437.0,,252343,0,438.0,445.0,437.0
2021-06-30,0.0,-0.23,438.0,,90642,0,460.0,460.0,432.0
2021-06-29,0.0,-0.9,439.0,,253958,0,443.0,446.0,436.0
2021-06-28,0.0,0.23,443.0,,190048,0,448.0,448.0,442.0
2021-06-27,0.0,1.84,442.0,,168344,0,442.0,448.0,431.0
2021-06-24,0.0,-0.46,434.0,,236213,0,438.0,440.0,430.0
2021-06-23,0.0,-2.02,436.0,,196870,0,451.0,452.0,431.0
2021-06-22,0.0,2.53,445.0,,224081,0,435.0,446.0,432.0
2021-06-21,0.0,-2.91,434.0,,341814,0,469.0,469.0,432.0
2021-06-20,0.0,-1.76,447.0,,259670,0,459.0,459.0,438.0
2021-06-17,0.0,-0.87,455.0,,251972,0,462.0,465.0,451.0
2021-06-16,0.0,0.0,459.0,,411035,0,465.0,471.0,456.0
2021-06-15,0.0,1.32,459.0,,616971,0,475.0,475.0,455.0
2021-06-14,0.0,1.57,453.0,,515818,0,446.0,466.0,446.0
2021-06-13,0.0,0.22,446.0,,299357,0,467.0,467.0,440.0
2021-06-10,0.0,-1.55,445.0,,267443,0,452.0,452.0,444.0
2021-06-09,0.0,0.0,452.0,,287579,0,460.0,462.0,449.0
2021-06-08,0.0,0.89,454.0,,388836,0,454.0,458.0,448.0
2021-06-07,0.0,-2.17,450.0,,474793,0,465.0,467.0,447.0
2021-06-06,0.0,3.37,460.0,,793652,0,453.0,469.0,450.0
2021-06-03,0.0,1.83,445.0,,438796,0,440.0,449.0,438.0
2021-06-02,0.0,1.16,437.0,,134882,0,411.0,440.0,411.0
2021-06-01,0.0,-0.92,432.0,,152719,0,437.0,440.0,429.0
2021-05-31,0.0,-1.58,436.0,,200142,0,450.0,450.0,436.0
2021-05-30,0.0,1.14,443.0,,269048,0,440.0,453.0,436.0
2021-05-27,0.0,0.0,438.0,,176648,0,425.0,441.0,425.0
2021-05-25,0.0,-1.79,438.0,,161372,0,447.0,449.0,438.0
2021-05-24,0.0,0.68,446.0,,372913,0,450.0,455.0,443.0
2021-05-23,0.0,1.37,443.0,,208441,0,437.0,443.0,425.0
2021-05-20,0.0,0.46,437.0,,129648,0,437.0,441.0,434.0
2021-05-19,0.0,1.64,435.0,,230368,0,430.0,440.0,430.0
2021-05-18,0.0,0.23,428.0,,105881,0,430.0,433.0,426.0
2021-05-17,0.0,0.71,427.0,,116795,0,427.0,433.0,426.0
2021-05-16,0.0,1.19,424.0,,146916,0,424.0,425.0,419.0
2021-05-13,0.0,0.0,419.0,,131406,0,439.0,439.0,416.0
2021-05-12,0.0,0.48,419.0,,86193,0,401.0,422.0,401.0
2021-05-11,0.0,0.0,417.0,,245491,0,420.0,421.0,415.0
2021-05-10,0.0,0.24,417.0,,174057,0,430.0,430.0,414.0
2021-05-09,0.0,-0.48,416.0,,89192,0,415.0,422.0,413.0
2021-05-06,0.0,0.0,418.0,,282992,0,421.0,421.0,416.0
2021-05-05,0.0,0.0,418.0,,85848,0,415.0,423.0,415.0
2021-05-04,0.0,-1.42,418.0,,105632,0,425.0,425.0,418.0
2021-05-03,0.0,-0.47,424.0,,115483,0,430.0,430.0,419.0
2021-05-02,0.0,2.16,426.0,,218159,0,437.0,437.0,414.0
2021-04-29,0.0,0.48,417.0,,69787,0,416.0,420.0,414.0
2021-04-28,0.0,-1.43,415.0,,88360,0,425.0,425.0,412.0
2021-04-27,0.0,2.68,421.0,,181823,0,410.0,423.0,408.0
2021-04-26,0.0,-2.84,410.0,,226939,0,422.0,425.0,408.0
2021-04-25,0.0,-3.65,422.0,,237984,0,438.0,438.0,417.0
2021-04-22,0.0,1.62,438.0,,128723,0,425.0,438.0,425.0
2021-04-21,0.0,-1.6,431.0,,154842,0,420.0,440.0,420.0
2021-04-20,0.0,0.23,438.0,,107095,0,435.0,443.0,431.0
2021-04-19,0.0,-1.8,437.0,,131994,0,458.0,458.0,435.0
2021-04-18,0.0,-2.63,445.0,,164111,0,457.0,460.0,443.0
2021-04-15,0.0,-0.44,457.0,,297744,0,459.0,468.0,455.0
2021-04-13,0.0,3.61,459.0,,625587,0,449.0,460.0,440.0
2021-04-12,0.0,-0.45,443.0,,481738,0,440.0,444.0,439.0
2021-04-08,0.0,0.91,445.0,,545320,0,441.0,446.0,437.0
2021-04-07,0.0,0.0,441.0,,97229,0,442.0,447.0,440.0
2021-04-06,0.0,-0.23,441.0,,397715,0,451.0,451.0,437.0
2021-04-05,0.0,-1.56,442.0,,275978,0,455.0,455.0,440.0
2021-04-04,0.0,1.35,449.0,,506652,0,465.0,465.0,443.0
2021-04-01,0.0,0.0,443.0,,130930,0,465.0,465.0,439.0
2021-03-31,0.0,3.5,443.0,,240990,0,430.0,445.0,427.0
2021-03-30,0.0,0.47,428.0,,57274,0,426.0,428.0,425.0
2021-03-29,0.0,-1.39,426.0,,59193,0,433.0,433.0,425.0
2021-03-25,0.0,-0.23,432.0,,132474,0,436.0,438.0,428.0
2021-03-24,0.0,1.41,433.0,,77841,0,430.0,435.0,430.0
2021-03-23,0.0,-0.7,427.0,,136559,0,430.0,433.0,425.0
2021-03-22,0.0,-1.38,430.0,,208742,0,444.0,444.0,429.0
2021-03-21,0.0,0.23,436.0,,216117,0,437.0,439.0,432.0
2021-03-18,0.0,0.46,435.0,,104816,0,430.0,438.0,430.0
2021-03-17,0.0,1.88,433.0,,123883,0,430.0,434.0,424.0
2021-03-16,0.0,-0.23,425.0,,111282,0,430.0,430.0,423.0
2021-03-15,0.0,-1.84,426.0,,188270,0,434.0,435.0,425.0
2021-03-14,0.0,-3.12,434.0,,249915,0,449.0,449.0,431.0
2021-03-10,0.0,0.22,448.0,,151621,0,460.0,460.0,446.0
2021-03-09,0.0,-1.76,447.0,,133478,0,455.0,459.0,446.0
2021-03-08,0.0,-0.22,455.0,,865950,0,456.0,468.0,451.0
2021-03-04,0.0,2.93,456.0,,352151,0,436.0,459.0,436.0
2021-03-03,0.0,0.0,443.0,,286191,0,440.0,443.0,431.0
2021-03-02,0.0,-2.64,443.0,,511895,0,456.0,458.0,436.0
2021-03-01,0.0,0.0,455.0,,449402,0,469.0,469.0,435.0
2021-02-28,0.0,-3.87,447.0,,506669,0,464.0,464.0,443.0
2021-02-25,0.0,0.0,465.0,,451444,0,480.0,485.0,460.0
2021-02-24,0.0,5.3,477.0,,1234980,0,460.0,491.0,450.0
2021-02-23,0.0,0.44,453.0,,555202,0,451.0,455.0,437.0
2021-02-22,0.0,-1.96,451.0,,635162,0,465.0,469.0,448.0
2021-02-21,0.0,0.05,460.0,,1367000,0,440.0,464.0,436.0
2021-02-18,0.0,-0.01,439.0,,489267,0,465.0,465.0,436.0
2021-02-17,0.0,0.04,443.0,,816723,0,428.0,450.0,426.0
2021-02-16,0.0,0.05,428.0,,919711,0,406.0,433.0,406.0
2021-02-15,0.0,0.03,406.0,,718697,0,400.0,407.0,399.0
2021-02-14,0.0,0.02,394.0,,923290,0,390.0,401.0,385.0
2021-02-11,0.0,-0.01,387.0,,242182,0,400.0,400.0,385.0
2021-02-10,0.0,0.0,389.0,,263664,0,388.0,393.0,380.0
2021-02-09,0.0,-0.02,389.0,,180056,0,400.0,402.0,384.0
2021-02-08,0.0,0.03,395.0,,506166,0,382.0,397.0,375.0
2021-02-07,0.0,-0.01,385.0,,211692,0,406.0,406.0,380.0
2021-02-04,0.0,0.0,387.0,,234196,0,385.0,392.0,382.0
2021-02-03,0.0,0.02,388.0,,691600,0,385.0,401.0,384.0
2021-02-02,0.0,0.02,382.0,,215593,0,381.0,383.0,375.0
2021-02-01,0.0,0.02,375.0,,235133,0,350.0,380.0,350.0
2021-01-31,0.0,-0.02,368.0,,294695,0,375.0,381.0,364.0
2021-01-28,0.0,-0.04,377.0,,532945,0,394.0,394.0,376.0
2021-01-27,0.0,-0.03,394.0,,710260,0,408.0,408.0,390.0
2021-01-26,0.0,0.07,408.0,,1323630,0,390.0,408.0,380.0
2021-01-25,0.0,0.07,383.0,,768185,0,360.0,388.0,354.0
2021-01-24,0.0,0.0,358.0,,176837,0,365.0,367.0,356.0
2021-01-21,0.0,0.01,358.0,,184262,0,360.0,360.0,351.0
2021-01-20,0.0,-0.02,353.0,,164604,0,370.0,370.0,352.0
2021-01-19,0.0,-0.01,360.0,,122780,0,370.0,370.0,358.0
2021-01-18,0.0,-0.01,364.0,,161525,0,369.0,372.0,362.0
2021-01-17,0.0,0.01,368.0,,215789,0,367.0,370.0,364.0
2021-01-13,0.0,0.01,366.0,,214753,0,360.0,371.0,360.0
2021-01-12,0.0,0.0,364.0,,114691,0,365.0,365.0,359.0
2021-01-11,0.0,0.0,363.0,,181529,0,363.0,368.0,357.0
2021-01-10,0.0,0.05,362.0,,346937,0,350.0,362.0,346.0
2021-01-07,0.0,0.0,344.0,,172465,0,349.0,349.0,342.0
2021-01-06,0.0,-0.01,343.0,,180527,0,342.0,349.0,342.0
2021-01-05,0.0,-0.01,347.0,,95017,0,350.0,350.0,345.0
2021-01-04,0.0,-0.01,352.0,,152310,0,352.0,357.0,346.0
2021-01-03,0.0,0.05,354.0,,303082,0,339.0,354.0,336.0
2020-12-31,0.0,0.02,337.0,,220480,0,335.0,337.0,326.0
2020-12-30,0.0,0.01,371.0,,320697,0,370.0,371.0,366.0
2020-12-29,0.0,-0.01,367.0,,213536,0,370.0,375.0,367.0
2020-12-28,0.0,0.0,369.0,,191043,0,370.0,371.0,365.0
2020-12-27,0.0,-0.02,370.0,,206444,0,372.0,379.0,367.0
2020-12-24,0.0,-0.01,376.0,,209935,0,386.0,390.0,372.0
2020-12-23,0.0,-0.01,381.0,,304149,0,404.0,404.0,375.0
2020-12-22,0.0,0.04,385.0,,361790,0,378.0,391.0,374.0
2020-12-21,0.0,0.01,371.0,,275556,0,360.0,382.0,355.0
2020-12-20,0.0,-0.06,366.0,,530417,0,390.0,390.0,365.0
2020-12-17,0.0,-0.06,390.0,,961477,0,410.0,410.0,387.0
2020-12-16,0.0,0.0,416.0,,271522,0,416.0,418.0,409.0
2020-12-15,0.0,0.01,417.0,,544738,0,415.0,419.0,411.0
2020-12-14,0.0,0.02,411.0,,340722,0,406.0,412.0,403.0
2020-12-13,0.0,0.02,402.0,,291284,0,395.0,403.0,395.0
2020-12-10,0.0,0.01,394.0,,229319,0,387.0,398.0,386.0
2020-12-09,0.0,-0.02,391.0,,323939,0,399.0,400.0,390.0
2020-12-08,0.0,0.0,400.0,,313233,0,397.0,407.0,397.0
2020-12-07,0.0,0.03,402.0,,372405,0,391.0,405.0,385.0
2020-12-06,0.0,-0.05,391.0,,363988,0,393.0,411.0,390.0
2020-12-03,0.0,0.02,413.0,,457173,0,414.0,420.0,405.0
2020-12-02,0.0,0.01,406.0,,401969,0,400.0,418.0,400.0
2020-12-01,0.0,-0.01,403.0,,430847,0,427.0,427.0,397.0
2020-11-30,0.0,-0.02,407.0,,596420,0,418.0,425.0,406.0
2020-11-29,0.0,0.06,416.0,,796149,0,399.0,425.0,395.0
2020-11-26,0.0,0.0,393.0,,643664,0,412.0,412.0,389.0
2020-11-25,0.0,0.03,389.0,,425372,0,379.0,389.0,378.0
2020-11-24,0.0,0.03,378.0,,473219,0,380.0,380.0,368.0
2020-11-23,0.0,0.04,368.0,,831565,0,355.0,371.0,355.0
2020-11-22,0.0,0.03,355.0,,650567,0,361.0,361.0,345.0
2020-11-19,0.0,0.0,344.0,,216750,0,347.0,348.0,340.0
2020-11-18,0.0,0.0,345.0,,213663,0,345.0,345.0,338.0
2020-11-12,0.0,0.0,343.0,,203696,0,340.0,343.0,337.0
2020-11-11,0.0,0.3,338.0,,83078,0,342.0,342.0,336.0
2020-11-10,0.0,1.2,337.0,,89510,0,349.0,349.0,333.0
2020-11-09,0.0,-0.89,333.0,,170723,0,350.0,350.0,332.0
2020-11-08,0.0,0.3,336.0,,153557,0,335.0,341.0,333.0
2020-11-05,0.0,-0.59,335.0,,103740,0,337.0,337.0,333.0
2020-11-04,0.0,0.0,337.0,,96246,0,336.0,339.0,334.0
2020-11-03,0.0,0.3,337.0,,88171,0,333.0,340.0,333.0
2020-11-02,0.0,-1.18,336.0,,242136,0,338.0,343.0,335.0
2020-11-01,0.0,-2.3,340.0,,264291,0,348.0,348.0,339.0
2020-10-29,0.0,-0.29,348.0,,295349,0,356.0,356.0,345.0
2020-10-28,0.0,3.25,349.0,,270436,0,354.0,354.0,339.0
2020-10-22,0.0,1.2,338.0,,230853,0,335.0,341.0,335.0
2020-10-21,0.0,2.45,334.0,,224060,0,330.0,334.0,328.0
2020-10-20,0.0,0.62,326.0,,49286,0,325.0,326.0,324.0
2020-10-19,0.0,0.62,324.0,,62535,0,323.0,325.0,322.0
2020-10-18,0.0,-0.62,322.0,,109541,0,340.0,340.0,320.0
2020-10-15,0.0,0.62,324.0,,89215,0,328.0,328.0,323.0
2020-10-14,0.0,-0.92,322.0,,188593,0,330.0,330.0,322.0
2020-10-13,0.0,-0.91,325.0,,161539,0,325.0,329.0,323.0
2020-10-12,0.0,0.31,328.0,,131825,0,331.0,331.0,324.0
2020-10-11,0.0,-0.91,327.0,,162645,0,332.0,334.0,326.0
2020-10-08,0.0,-1.49,330.0,,159669,0,336.0,336.0,328.0
2020-10-07,0.0,0.0,335.0,,217357,0,351.0,351.0,332.0
2020-10-06,0.0,0.0,335.0,,238960,0,337.0,337.0,333.0
2020-10-05,0.0,0.6,335.0,,293565,0,333.0,337.0,332.0
2020-10-04,0.0,2.15,333.0,,322069,0,326.0,336.0,326.0
2020-10-01,0.0,0.0,326.0,,190612,0,325.0,329.0,325.0
2020-09-30,0.0,-0.61,326.0,,160289,0,344.0,344.0,323.0
2020-09-29,0.0,-0.61,328.0,,130831,0,314.0,331.0,314.0
2020-09-28,0.0,0.0,330.0,,132472,0,346.0,346.0,324.0
2020-09-27,0.0,1.23,330.0,,211245,0,342.0,342.0,325.0
2020-09-24,0.0,0.62,326.0,,260925,0,340.0,340.0,324.0
2020-09-23,0.0,-0.61,324.0,,296292,0,342.0,342.0,321.0
2020-09-22,0.0,-2.1,326.0,,582984,0,338.0,338.0,322.0
2020-09-21,0.0,3.1,333.0,,648790,0,339.0,339.0,318.0
2020-09-20,0.0,3.86,323.0,,443544,0,320.0,325.0,316.0
2020-09-17,0.0,0.97,311.0,,391670,0,312.0,315.0,307.0
2020-09-16,0.0,-0.32,308.0,,85492,0,312.0,312.0,307.0
2020-09-15,0.0,0.32,309.0,,191751,0,300.0,315.0,300.0
2020-09-14,0.0,1.32,308.0,,411529,0,305.0,313.0,303.0
2020-09-13,0.0,1.0,304.0,,199268,0,286.0,306.0,286.0
2020-09-10,0.0,0.0,301.0,,146282,0,316.0,316.0,299.0
2020-09-09,0.0,1.35,301.0,,227949,0,300.0,301.0,297.0
2020-09-08,0.0,-0.67,297.0,,147334,0,313.0,313.0,295.0
2020-09-07,0.0,-1.64,299.0,,201990,0,315.0,315.0,298.0
2020-09-06,0.0,0.33,304.0,,382827,0,318.0,318.0,301.0
2020-09-03,0.0,1.34,303.0,,298162,0,305.0,305.0,296.0
2020-09-02,0.0,3.1,299.0,,298017,0,291.0,304.0,291.0
2020-08-31,0.0,0.35,290.0,,171035,0,290.0,294.0,289.0
2020-08-30,0.0,-0.69,289.0,,89269,0,291.0,293.0,287.0
2020-08-27,0.0,0.0,291.0,,130023,0,305.0,305.0,290.0
2020-08-26,0.0,0.34,291.0,,205110,0,292.0,294.0,289.0
2020-08-25,0.0,0.0,290.0,,146566,0,291.0,293.0,288.0
2020-08-24,0.0,3.2,290.0,,289610,0,295.0,295.0,282.0
2020-08-23,0.0,0.0,281.0,,89626,0,295.0,295.0,280.0
2020-08-20,0.0,0.72,281.0,,60309,0,278.0,281.0,277.0
2020-08-19,0.0,-1.76,279.0,,90317,0,280.0,282.0,276.0
2020-08-18,0.0,0.35,284.0,,97472,0,285.0,287.0,282.0
2020-08-17,0.0,-0.7,283.0,,273572,0,286.0,290.0,281.0
2020-08-16,0.0,4.78,285.0,,294044,0,270.0,285.0,267.0
2020-08-13,0.0,-1.09,272.0,,71146,0,275.0,275.0,268.0
2020-08-12,0.0,0.36,275.0,,93398,0,275.0,275.0,269.0
2020-08-11,0.0,-1.08,274.0,,146156,0,290.0,290.0,272.0
2020-08-10,0.0,5.32,277.0,,218528,0,271.0,277.0,265.0
2020-08-09,0.0,6.48,263.0,,184367,0,259.0,263.0,248.0
2020-08-06,0.0,-0.4,247.0,,65857,0,250.0,250.0,244.0
2020-08-05,0.0,-1.58,249.0,,57014,0,251.0,251.0,246.0
2020-08-03,0.0,1.2,253.0,,90678,0,250.0,258.0,247.0
2020-08-02,0.0,-4.21,250.0,,127977,0,258.0,259.0,249.0
2020-07-30,0.0,0.38,261.0,,86435,0,260.0,263.0,258.0
2020-07-29,0.0,-1.52,260.0,,96162,0,265.0,265.0,259.0
2020-07-28,0.0,-1.12,264.0,,110000,0,280.0,280.0,263.0
2020-07-27,0.0,0.0,267.0,,107055,0,280.0,280.0,265.0
2020-07-26,0.0,0.75,267.0,,77710,0,278.0,278.0,262.0
2020-07-23,0.0,-0.38,265.0,,60960,0,267.0,267.0,260.0
2020-07-22,0.0,-1.12,266.0,,70053,0,269.0,274.0,263.0
2020-07-21,0.0,-2.54,269.0,,142910,0,273.0,275.0,267.0
2020-07-20,0.0,-2.13,276.0,,260028,0,292.0,301.0,270.0
2020-07-19,0.0,9.73,282.0,,4563,0,269.0,282.0,269.0
2020-07-16,0.0,3.21,257.0,,92219,0,253.0,257.0,248.0
2020-07-15,0.0,3.75,249.0,,85270,0,241.0,249.0,240.0
2020-07-14,0.0,0.0,240.0,,32011,0,241.0,243.0,238.0
2020-07-13,0.0,-0.83,240.0,,56984,0,245.0,245.0,239.0
2020-07-12,0.0,-0.82,242.0,,85879,0,248.0,248.0,240.0
2020-07-09,0.0,0.83,244.0,,48098,0,245.0,246.0,240.0
2020-07-08,0.0,-2.02,242.0,,74405,0,247.0,250.0,240.0
2020-07-07,0.0,1.23,247.0,,49587,0,247.0,251.0,243.0
2020-07-06,0.0,1.24,244.0,,67917,0,241.0,245.0,238.0
2020-07-05,0.0,-1.63,241.0,,47651,0,241.0,244.0,235.0
2020-07-02,0.0,-5.77,245.0,,41631,0,262.0,262.0,235.0
2020-07-01,0.0,6.12,260.0,,12839,0,249.0,263.0,246.0
2020-06-30,0.0,6.52,245.0,,14142,0,230.0,246.0,230.0
2020-06-29,0.0,-3.8,230.0,,77584,0,233.0,233.0,214.0
2020-05-13,0.0,-2.87,237.0,,1680,0,240.0,240.0,237.0
2020-05-12,0.0,-2.79,244.0,,240,0,246.0,246.0,244.0
2020-03-22,0.0,-3.46,251.0,,20983,0,260.0,266.0,251.0
2020-03-19,0.0,1.96,260.0,,195205,0,251.0,260.0,245.0
2020-03-18,0.0,-1.54,256.0,,112924,0,258.0,260.0,252.0
2020-03-17,0.0,-2.26,260.0,,164744,0,271.0,271.0,257.0
2020-03-16,0.0,0.0,266.0,,87654,0,264.0,269.0,260.0
2020-03-15,0.0,-2.56,266.0,,257710,0,271.0,273.0,263.0
2020-03-12,0.0,-3.53,273.0,,213483,0,283.0,285.0,272.0
2020-03-11,0.0,4.81,283.0,,156064,0,275.0,283.0,270.0
2020-03-10,0.0,-5.26,270.0,,84488,0,281.0,283.0,269.0
2020-03-05,0.0,-1.04,285.0,,145702,0,284.0,290.0,281.0
2020-03-04,0.0,-2.7,288.0,,229481,0,294.0,295.0,286.0
2020-03-03,0.0,1.37,296.0,,251549,0,292.0,303.0,283.0
2020-03-02,0.0,-5.81,292.0,,205347,0,308.0,308.0,292.0
2020-03-01,0.0,-1.59,310.0,,547596,0,315.0,324.0,304.0
2020-02-27,0.0,2.27,315.0,,353136,0,302.0,322.0,300.0
2020-02-26,0.0,5.12,308.0,,589988,0,295.0,311.0,295.0
2020-02-25,0.0,1.03,293.0,,138549,0,290.0,293.0,282.0
2020-02-24,0.0,1.75,290.0,,327555,0,285.0,299.0,286.0
2020-02-23,0.0,4.4,285.0,,182865,0,277.0,292.0,274.0
2020-02-20,0.0,0.37,273.0,,142585,0,272.0,275.0,270.0
2020-02-19,0.0,0.0,272.0,,58253,0,273.0,273.0,269.0
2020-02-18,0.0,0.0,272.0,,165059,0,277.0,282.0,270.0
2020-02-17,0.0,1.49,272.0,,185770,0,272.0,282.0,270.0
2020-02-16,0.0,0.37,268.0,,77714,0,268.0,268.0,265.0
2020-02-13,0.0,0.0,267.0,,107979,0,268.0,269.0,266.0
2020-02-12,0.0,-0.74,267.0,,105904,0,270.0,271.0,267.0
2020-02-11,0.0,0.0,269.0,,66521,0,270.0,275.0,268.0
2020-02-10,0.0,0.0,269.0,,41674,0,273.0,273.0,267.0
2020-02-09,0.0,-0.37,269.0,,60188,0,271.0,271.0,267.0
2020-02-06,0.0,0.0,270.0,,49567,0,271.0,274.0,268.0
2020-02-05,0.0,-0.37,270.0,,55989,0,275.0,275.0,270.0
2020-02-04,0.0,-0.73,271.0,,81425,0,273.0,281.0,270.0
2020-02-03,0.0,-0.36,273.0,,67012,0,275.0,275.0,271.0
2020-02-02,0.0,0.37,274.0,,105558,0,275.0,278.0,272.0
2020-01-30,0.0,1.11,273.0,,113167,0,273.0,274.0,269.0
2020-01-29,0.0,-0.37,270.0,,106912,0,271.0,272.0,268.0
2020-01-28,0.0,-1.81,271.0,,166814,0,276.0,277.0,271.0
2020-01-27,0.0,1.1,276.0,,75600,0,272.0,279.0,272.0
2020-01-26,0.0,-2.14,274.0,,61323,0,285.0,285.0,273.0
2020-01-23,0.0,-2.78,280.0,,206048,0,292.0,292.0,278.0
2020-01-22,0.0,3.6,288.0,,317195,0,278.0,295.0,276.0
2020-01-21,0.0,-0.36,278.0,,68581,0,280.0,281.0,276.0
2020-01-20,0.0,-1.76,279.0,,97170,0,289.0,289.0,276.0
2020-01-19,0.0,0.71,284.0,,173449,0,285.0,288.0,282.0
2020-01-16,0.0,0.0,282.0,,158071,0,283.0,285.0,280.0
2020-01-15,0.0,1.81,282.0,,103770,0,279.0,286.0,276.0
2020-01-14,0.0,-0.72,277.0,,30995,0,275.0,280.0,275.0
2020-01-13,0.0,2.2,279.0,,140253,0,278.0,283.0,277.0
2020-01-12,0.0,0.74,273.0,,110930,0,273.0,276.0,272.0
2020-01-09,0.0,-0.73,271.0,,28996,0,272.0,272.0,270.0
2020-01-08,0.0,-0.73,273.0,,55523,0,279.0,279.0,271.0
2020-01-07,0.0,0.36,275.0,,71856,0,274.0,278.0,273.0
2020-01-06,0.0,1.48,274.0,,65947,0,275.0,277.0,270.0
2020-01-05,0.0,1.5,270.0,,63823,0,265.0,271.0,265.0
2020-01-02,0.0,0.76,266.0,,25846,0,265.0,268.0,263.0
2020-01-01,0.0,-0.38,264.0,,27343,0,264.0,265.0,263.0
2019-12-31,0.0,0.38,265.0,,31644,0,264.0,265.0,262.0
2019-12-30,0.0,-1.12,264.0,,24371,0,280.0,280.0,263.0
2019-12-29,0.0,-3.14,267.0,,69886,0,271.0,271.0,265.0
2019-12-26,0.0,0.32,317.0,,417340,0,316.0,319.0,315.0
2019-12-25,0.0,0.0,316.0,,145067,0,316.0,317.0,315.0
2019-12-24,0.0,0.32,316.0,,241620,0,315.0,317.0,315.0
2019-12-23,0.0,0.0,315.0,,150456,0,314.0,315.0,314.0
2019-12-22,0.0,0.32,315.0,,90050,0,315.0,315.0,314.0
2019-12-19,0.0,-0.32,314.0,,59807,0,314.0,315.0,313.0
2019-12-18,0.0,0.64,315.0,,51679,0,317.0,317.0,312.0
2019-12-17,0.0,-0.32,313.0,,36406,0,314.0,314.0,313.0
2019-12-16,0.0,0.0,314.0,,47696,0,313.0,315.0,313.0
2019-12-15,0.0,0.32,315.0,,111813,0,313.0,317.0,313.0
2019-12-12,0.0,0.0,314.0,,66257,0,315.0,316.0,313.0
2019-12-11,0.0,0.0,314.0,,97626,0,315.0,316.0,314.0
2019-12-10,0.0,0.32,314.0,,37031,0,314.0,315.0,313.0
2019-12-09,0.0,0.32,313.0,,73431,0,312.0,315.0,312.0
2019-12-08,0.0,-0.32,312.0,,19458,0,314.0,314.0,311.0
2019-12-05,0.0,0.0,313.0,,39669,0,314.0,315.0,312.0
2019-12-04,0.0,0.32,313.0,,31054,0,312.0,314.0,312.0
2019-12-03,0.0,0.0,312.0,,9381,0,317.0,317.0,311.0
2019-12-02,0.0,0.32,312.0,,23337,0,312.0,313.0,311.0
2019-12-01,0.0,-0.32,311.0,,13655,0,312.0,313.0,311.0
2019-11-28,0.0,-0.95,312.0,,21933,0,315.0,316.0,311.0
2019-11-27,0.0,0.96,315.0,,35897,0,313.0,316.0,313.0
2019-11-26,0.0,-1.27,312.0,,57838,0,317.0,317.0,312.0
2019-11-25,0.0,1.94,316.0,,112082,0,316.0,317.0,310.0
2019-11-24,0.0,-1.27,310.0,,44142,0,318.0,318.0,310.0
2019-11-21,0.0,-0.95,314.0,,65257,0,316.0,317.0,314.0
2019-11-20,0.0,-0.31,317.0,,84285,0,320.0,321.0,316.0
2019-11-19,0.0,-0.62,318.0,,58928,0,321.0,322.0,316.0
2019-11-18,0.0,0.31,320.0,,260644,0,325.0,332.0,318.0
2019-11-17,0.0,2.9,319.0,,99578,0,312.0,320.0,310.0
2019-11-14,0.0,1.64,310.0,,45817,0,305.0,312.0,305.0
2019-11-13,0.0,-0.65,305.0,,48500,0,305.0,307.0,304.0
2019-11-12,0.0,-0.65,307.0,,28472,0,307.0,312.0,302.0
2019-11-11,0.0,1.31,309.0,,57794,0,305.0,312.0,302.0
2019-11-10,0.0,-2.24,305.0,,69475,0,308.0,309.0,302.0
2019-11-07,0.0,-0.64,312.0,,90557,0,313.0,313.0,309.0
2019-11-06,0.0,-0.32,314.0,,20653,0,315.0,315.0,313.0
2019-11-05,0.0,0.0,315.0,,16092,0,315.0,316.0,314.0
2019-11-04,0.0,0.0,315.0,,22403,0,315.0,315.0,313.0
2019-11-03,0.0,-0.63,315.0,,16475,0,315.0,316.0,314.0
2019-10-31,0.0,-0.94,317.0,,16390,0,323.0,323.0,316.0
2019-10-24,0.0,0.63,320.0,,35053,0,317.0,321.0,317.0
2019-10-23,0.0,-0.31,318.0,,13095,0,321.0,322.0,316.0
2019-10-22,0.0,0.31,319.0,,15384,0,316.0,319.0,316.0
2019-10-21,0.0,0.32,318.0,,24090,0,315.0,318.0,315.0
2019-10-20,0.0,0.0,317.0,,17236,0,320.0,320.0,316.0
2019-10-17,0.0,-0.31,317.0,,17478,0,317.0,318.0,316.0
2019-10-16,0.0,0.0,318.0,,10740,0,315.0,322.0,314.0
2019-10-15,0.0,0.95,318.0,,9306,0,315.0,318.0,315.0
2019-10-14,0.0,-0.94,315.0,,17820,0,315.0,318.0,312.0
2019-10-10,0.0,0.32,318.0,,2940,0,312.0,318.0,312.0
2019-10-03,0.0,0.63,317.0,,8665,0,315.0,317.0,315.0
2019-10-02,0.0,-0.32,315.0,,10800,0,319.0,319.0,313.0
2019-10-01,0.0,0.32,316.0,,7352,0,317.0,318.0,315.0
2019-09-30,0.0,0.64,314.0,,34016,0,312.0,314.0,311.0
2019-09-29,0.0,0.0,312.0,,19988,0,311.0,312.0,309.0
2019-09-26,0.0,0.65,312.0,,26805,0,311.0,312.0,309.0
2019-09-24,0.0,-0.64,312.0,,9053,0,319.0,319.0,311.0
2019-09-23,0.0,0.96,314.0,,9235,0,311.0,317.0,311.0
2019-09-22,0.0,-2.51,311.0,,21930,0,318.0,318.0,311.0
2019-09-19,0.0,-1.54,319.0,,51861,0,325.0,325.0,317.0
2019-09-18,0.0,2.21,324.0,,81162,0,321.0,324.0,318.0
2019-09-17,0.0,2.26,317.0,,96740,0,307.0,319.0,307.0
2019-09-16,0.0,0.0,310.0,,58196,0,310.0,312.0,307.0
2019-09-15,0.0,-1.59,310.0,,55973,0,317.0,317.0,309.0
2019-09-12,0.0,0.0,315.0,,64421,0,315.0,316.0,313.0
2019-09-11,0.0,-0.63,315.0,,43606,0,316.0,319.0,314.0
2019-09-10,0.0,0.0,317.0,,27115,0,321.0,321.0,316.0
2019-09-09,0.0,-0.94,317.0,,27821,0,320.0,320.0,315.0
2019-09-08,0.0,-0.31,320.0,,22252,0,322.0,323.0,318.0
2019-09-05,0.0,0.31,321.0,,20580,0,331.0,331.0,320.0
2019-09-04,0.0,-0.31,320.0,,63294,0,320.0,323.0,316.0
2019-09-03,0.0,2.23,321.0,,105779,0,315.0,322.0,311.0
2019-09-02,0.0,-1.87,314.0,,81020,0,320.0,320.0,314.0
2019-09-01,0.0,-0.93,320.0,,28538,0,324.0,324.0,319.0
2019-08-29,0.0,0.31,323.0,,26080,0,328.0,328.0,322.0
2019-08-28,0.0,-0.62,322.0,,23281,0,326.0,326.0,321.0
2019-08-27,0.0,0.62,324.0,,48135,0,322.0,325.0,322.0
2019-08-26,0.0,0.0,322.0,,51909,0,322.0,323.0,321.0
2019-08-25,0.0,-0.92,322.0,,75110,0,325.0,326.0,320.0
2019-08-22,0.0,0.0,325.0,,27089,0,325.0,326.0,324.0
2019-08-21,0.0,-0.31,325.0,,16301,0,325.0,326.0,324.0
2019-08-20,0.0,0.0,326.0,,31843,0,326.0,327.0,323.0
2019-08-19,0.0,0.31,326.0,,33779,0,325.0,329.0,324.0
2019-08-18,0.0,0.0,325.0,,28355,0,327.0,327.0,323.0
2019-08-15,0.0,0.31,325.0,,39284,0,324.0,325.0,322.0
2019-08-14,0.0,-0.61,324.0,,65059,0,326.0,327.0,322.0
2019-08-13,0.0,-0.31,326.0,,44695,0,330.0,330.0,325.0
2019-08-12,0.0,-0.3,327.0,,33325,0,328.0,328.0,326.0
2019-08-11,0.0,0.0,328.0,,36234,0,327.0,328.0,326.0
2019-08-08,0.0,-0.91,328.0,,71112,0,330.0,330.0,327.0
2019-08-07,0.0,1.53,331.0,,59639,0,325.0,332.0,324.0
2019-08-06,0.0,-1.51,326.0,,127107,0,332.0,332.0,325.0
2019-08-05,0.0,-1.19,331.0,,81332,0,333.0,335.0,330.0
2019-08-04,0.0,-1.18,335.0,,154007,0,335.0,337.0,332.0
2019-08-01,0.0,-0.29,339.0,,50317,0,343.0,343.0,338.0
2019-07-31,0.0,0.29,340.0,,83641,0,338.0,342.0,338.0
2019-07-30,0.0,0.0,339.0,,46041,0,341.0,341.0,338.0
2019-07-29,0.0,0.0,339.0,,31642,0,344.0,344.0,338.0
2019-07-28,0.0,-1.45,339.0,,118728,0,339.0,341.0,336.0
2019-07-25,0.0,-1.43,344.0,,115670,0,347.0,349.0,343.0
2019-07-24,0.0,-0.29,349.0,,114426,0,354.0,355.0,346.0
2019-07-23,0.0,2.04,350.0,,104302,0,344.0,350.0,343.0
2019-07-22,0.0,0.29,343.0,,32294,0,342.0,344.0,342.0
2019-07-21,0.0,0.0,342.0,,30835,0,345.0,345.0,340.0
2019-07-18,0.0,-0.87,342.0,,66349,0,344.0,348.0,342.0
2019-07-17,0.0,2.68,345.0,,138862,0,342.0,345.0,337.0
2019-07-16,0.0,-0.3,336.0,,172096,0,339.0,339.0,335.0
2019-07-15,0.0,0.0,337.0,,155161,0,339.0,339.0,335.0
2019-07-14,0.0,0.0,337.0,,64571,0,339.0,339.0,335.0
2019-07-11,0.0,-0.3,337.0,,157150,0,339.0,339.0,336.0
2019-07-10,0.0,0.9,338.0,,66210,0,337.0,339.0,333.0
2019-07-09,0.0,-0.3,335.0,,79877,0,339.0,339.0,334.0
2019-07-08,0.0,-0.88,336.0,,70296,0,339.0,339.0,335.0
2019-07-07,0.0,0.59,339.0,,121328,0,337.0,340.0,337.0
2019-07-04,0.0,-0.88,337.0,,139505,0,340.0,341.0,336.0
2019-07-03,0.0,0.89,340.0,,134166,0,339.0,341.0,335.0
2019-07-02,0.0,1.2,337.0,,73591,0,333.0,337.0,331.0
2019-07-01,0.0,0.0,333.0,,79115,0,331.0,333.0,329.0
2019-06-30,0.0,-0.6,333.0,,190259,0,335.0,341.0,332.0
2019-06-27,0.0,1.21,335.0,,169434,0,333.0,336.0,331.0
2019-06-26,0.0,1.53,331.0,,127349,0,325.0,332.0,325.0
2019-06-25,0.0,0.62,326.0,,55178,0,328.0,328.0,324.0
2019-06-24,0.0,0.93,324.0,,62030,0,322.0,324.0,322.0
2019-06-23,0.0,-1.23,321.0,,69340,0,323.0,325.0,321.0
2019-06-20,0.0,1.25,325.0,,74143,0,323.0,327.0,322.0
2019-06-19,0.0,-0.62,321.0,,55895,0,323.0,323.0,321.0
2019-06-18,0.0,-0.31,323.0,,58818,0,323.0,325.0,321.0
2019-06-17,0.0,0.0,324.0,,102416,0,324.0,325.0,320.0
2019-06-16,0.0,-0.31,324.0,,91288,0,325.0,326.0,322.0
2019-06-13,0.0,-0.31,325.0,,49952,0,326.0,329.0,323.0
2019-06-12,0.0,-0.31,326.0,,36530,0,329.0,329.0,324.0
2019-06-11,0.0,0.62,327.0,,76476,0,326.0,329.0,324.0
2019-06-10,0.0,-0.31,325.0,,78576,0,326.0,329.0,323.0
2019-06-06,0.0,-1.21,326.0,,113091,0,330.0,334.0,326.0
2019-06-04,0.0,-0.3,330.0,,147620,0,330.0,335.0,328.0
2019-06-03,0.0,-1.19,331.0,,107787,0,335.0,335.0,330.0
2019-06-02,0.0,-1.18,335.0,,132560,0,337.0,339.0,333.0
2019-05-30,0.0,0.89,339.0,,483680,0,346.0,354.0,337.0
2019-05-29,0.0,0.3,336.0,,111502,0,338.0,339.0,335.0
2019-05-28,0.0,-0.3,335.0,,178454,0,352.0,352.0,333.0
2019-05-27,0.0,0.0,336.0,,77686,0,338.0,339.0,333.0
2019-05-26,0.0,-1.18,336.0,,143892,0,341.0,342.0,335.0
2019-05-23,0.0,-0.87,340.0,,181744,0,345.0,346.0,337.0
2019-05-22,0.0,3.0,343.0,,206344,0,335.0,343.0,333.0
2019-05-21,0.0,-1.48,333.0,,259426,0,339.0,340.0,330.0
2019-05-20,0.0,0.6,338.0,,677987,0,340.0,348.0,337.0
2019-05-19,0.0,5.33,336.0,,686098,0,320.0,338.0,319.0
2019-05-16,0.0,0.95,319.0,,213891,0,321.0,321.0,317.0
2019-05-15,0.0,0.96,316.0,,415548,0,312.0,322.0,312.0
2019-05-14,0.0,1.29,313.0,,346806,0,310.0,315.0,309.0
2019-05-13,0.0,-0.32,309.0,,121099,0,310.0,311.0,309.0
2019-05-12,0.0,-0.64,310.0,,87036,0,311.0,312.0,308.0
2019-05-09,0.0,-0.32,312.0,,79325,0,310.0,312.0,309.0
2019-05-08,0.0,0.64,313.0,,30364,0,314.0,314.0,311.0
2019-05-07,0.0,-1.27,311.0,,141441,0,317.0,317.0,311.0
2019-05-06,0.0,1.61,315.0,,123895,0,309.0,315.0,309.0
2019-05-05,0.0,-1.27,310.0,,202122,0,316.0,316.0,309.0
2019-05-02,0.0,-1.26,314.0,,150302,0,320.0,321.0,311.0
2019-04-30,0.0,-0.93,318.0,,294267,0,324.0,324.0,315.0
2019-04-29,0.0,-1.23,321.0,,351667,0,325.0,326.0,318.0
2019-04-28,0.0,3.17,325.0,,715538,0,318.0,328.0,318.0
2019-04-25,0.0,0.96,315.0,,581857,0,314.0,319.0,314.0
2019-04-24,0.0,0.97,312.0,,292086,0,312.0,313.0,308.0
2019-04-23,0.0,-0.32,309.0,,137845,0,312.0,312.0,308.0
2019-04-22,0.0,-1.27,310.0,,300068,0,317.0,318.0,308.0
2019-04-21,0.0,3.97,314.0,,479666,0,302.0,318.0,302.0
2019-04-18,0.0,1.0,302.0,,140590,0,299.0,302.0,297.0
2019-04-17,0.0,0.0,299.0,,145581,0,299.0,302.0,296.0
2019-04-16,0.0,1.01,299.0,,109893,0,296.0,300.0,291.0
2019-04-15,0.0,-0.34,296.0,,30074,0,296.0,299.0,294.0
2019-04-11,0.0,-0.34,297.0,,53294,0,298.0,301.0,295.0
2019-04-10,0.0,0.0,298.0,,35880,0,303.0,303.0,294.0
2019-04-09,0.0,-1.32,298.0,,127430,0,304.0,304.0,294.0
2019-04-08,0.0,0.33,302.0,,123853,0,301.0,306.0,299.0
2019-04-07,0.0,1.69,301.0,,62817,0,295.0,302.0,294.0
2019-04-04,0.0,-0.67,296.0,,61272,0,297.0,298.0,294.0
2019-04-03,0.0,1.36,298.0,,99097,0,294.0,301.0,293.0
2019-04-02,0.0,1.03,294.0,,36298,0,292.0,294.0,292.0
2019-04-01,0.0,0.34,291.0,,45376,0,289.0,293.0,289.0
2019-03-31,0.0,0.35,290.0,,19550,0,290.0,291.0,289.0
2019-03-28,0.0,0.0,289.0,,17534,0,289.0,290.0,288.0
2019-03-27,0.0,-0.34,289.0,,11530,0,290.0,294.0,288.0
2019-03-26,0.0,1.05,290.0,,18589,0,287.0,290.0,287.0
2019-03-25,0.0,-0.35,287.0,,22863,0,285.0,288.0,285.0
2019-03-24,0.0,-0.69,288.0,,15906,0,292.0,292.0,286.0
2019-03-21,0.0,0.0,290.0,,8720,0,291.0,292.0,289.0
2019-03-19,0.0,0.0,290.0,,5010,0,294.0,294.0,289.0
2019-03-18,0.0,-0.68,290.0,,17710,0,291.0,296.0,289.0
2019-03-17,0.0,0.0,292.0,,23342,0,295.0,295.0,292.0
2019-03-14,0.0,0.69,292.0,,27805,0,294.0,294.0,289.0
2019-03-13,0.0,-1.36,290.0,,34156,0,296.0,296.0,290.0
2019-03-12,0.0,2.08,295.0,,54402,0,290.0,295.0,288.0
2019-03-11,0.0,0.7,289.0,,26236,0,287.0,289.0,285.0
2019-03-10,0.0,-0.69,286.0,,4416,0,286.0,288.0,283.0
2019-03-09,0.0,-0.69,286.0,,4416,0,286.0,288.0,283.0
2019-03-07,0.0,1.41,288.0,,17232,0,285.0,288.0,283.0
2019-03-06,0.0,0.0,284.0,,48297,0,283.0,286.0,282.0
2019-03-05,0.0,0.35,284.0,,23791,0,286.0,286.0,282.0
2019-03-03,0.0,-0.7,283.0,,37310,0,283.0,285.0,281.0
2019-02-27,0.0,0.0,285.0,,57845,0,285.0,286.0,283.0
2019-02-26,0.0,0.71,285.0,,16510,0,288.0,288.0,282.0
2019-02-25,0.0,0.35,283.0,,20783,0,283.0,284.0,282.0
2019-02-24,0.0,-0.7,282.0,,35569,0,285.0,286.0,282.0
2019-02-21,0.0,0.35,284.0,,9879,0,284.0,285.0,283.0
2019-02-20,0.0,-1.39,283.0,,23656,0,285.0,287.0,283.0
2019-02-19,0.0,1.41,287.0,,31631,0,287.0,287.0,283.0
2019-02-18,0.0,-0.35,283.0,,20427,0,284.0,284.0,283.0
2019-02-17,0.0,-0.7,284.0,,18584,0,285.0,286.0,284.0
2019-02-14,0.0,0.35,286.0,,17513,0,286.0,286.0,284.0
2019-02-13,0.0,-0.7,285.0,,43442,0,285.0,287.0,285.0
2019-02-12,0.0,0.7,287.0,,9109,0,286.0,287.0,285.0
2019-02-11,0.0,-0.35,285.0,,17203,0,282.0,287.0,282.0
2019-02-10,0.0,0.0,286.0,,25877,0,285.0,287.0,285.0
2019-02-07,0.0,0.0,286.0,,20094,0,287.0,288.0,285.0
2019-02-06,0.0,-1.38,286.0,,50729,0,288.0,290.0,286.0
2019-02-05,0.0,0.69,290.0,,17657,0,289.0,290.0,288.0
2019-02-04,0.0,-0.69,288.0,,93999,0,290.0,290.0,288.0
2019-02-03,0.0,0.0,290.0,,48150,0,290.0,291.0,289.0
2019-01-31,0.0,0.0,290.0,,26440,0,290.0,291.0,289.0
2019-01-30,0.0,0.0,290.0,,11347,0,290.0,291.0,289.0
2019-01-29,0.0,-0.34,290.0,,32063,0,291.0,291.0,289.0
2019-01-28,0.0,0.69,291.0,,45132,0,289.0,291.0,288.0
2019-01-27,0.0,-1.03,289.0,,55475,0,292.0,292.0,289.0
2019-01-24,0.0,0.0,292.0,,28860,0,292.0,293.0,291.0
2019-01-23,0.0,0.34,292.0,,17173,0,291.0,293.0,289.0
2019-01-22,0.0,0.0,291.0,,36005,0,291.0,295.0,291.0
2019-01-21,0.0,-0.34,291.0,,24916,0,292.0,296.0,290.0
2019-01-20,0.0,-0.34,292.0,,13240,0,293.0,295.0,291.0
2019-01-17,0.0,0.69,293.0,,87574,0,291.0,295.0,288.0
2019-01-16,0.0,-2.68,291.0,,301140,0,299.0,299.0,291.0
2019-01-15,0.0,0.67,299.0,,64049,0,297.0,300.0,297.0
2019-01-14,0.0,-1.0,297.0,,158741,0,300.0,302.0,296.0
2019-01-13,0.0,-2.28,300.0,,383270,0,307.0,307.0,300.0
2019-01-10,0.0,-0.32,307.0,,379446,0,308.0,308.0,306.0
2019-01-09,0.0,0.33,308.0,,158955,0,307.0,310.0,305.0
2019-01-08,0.0,-0.32,307.0,,288607,0,308.0,310.0,306.0
2019-01-07,0.0,0.33,308.0,,280624,0,307.0,310.0,305.0
2019-01-06,0.0,-0.65,307.0,,21607,0,309.0,312.0,306.0
2019-01-03,0.0,0.65,309.0,,84700,0,307.0,312.0,307.0
2019-01-02,0.0,0.33,307.0,,17753,0,306.0,307.0,305.0
2019-01-01,0.0,0.0,306.0,,23513,0,306.0,308.0,305.0
2018-12-31,0.0,-1.29,306.0,,77620,0,310.0,310.0,306.0
2018-12-30,0.0,0.0,310.0,,98987,0,310.0,312.0,309.0
2018-12-27,0.0,0.32,310.0,,265409,0,309.0,315.0,308.0
2018-12-26,0.0,1.31,309.0,,141269,0,305.0,312.0,304.0
2018-12-25,0.0,-0.33,305.0,,64051,0,306.0,307.0,304.0
2018-12-24,0.0,-1.29,306.0,,83954,0,310.0,311.0,305.0
2018-12-23,0.0,1.97,310.0,,156335,0,304.0,316.0,304.0
2018-12-20,0.0,0.0,304.0,,84630,0,304.0,309.0,302.0
2018-12-19,0.0,-0.65,304.0,,42794,0,306.0,307.0,303.0
2018-12-18,0.0,-1.92,306.0,,166792,0,312.0,318.0,304.0
2018-12-17,0.0,0.65,312.0,,143679,0,310.0,312.0,306.0
2018-12-16,0.0,2.65,310.0,,174105,0,302.0,310.0,302.0
2018-12-13,0.0,1.68,302.0,,75519,0,297.0,302.0,297.0
2018-12-12,0.0,0.68,297.0,,117779,0,295.0,298.0,295.0
2018-12-11,0.0,-0.67,295.0,,456790,0,297.0,297.0,292.0
2018-12-10,0.0,0.68,297.0,,112474,0,295.0,298.0,291.0
2018-12-09,0.0,1.03,295.0,,94368,0,292.0,295.0,292.0
2018-12-06,0.0,0.69,292.0,,114123,0,290.0,292.0,288.0
2018-12-04,0.0,1.03,295.0,,389469,0,292.0,296.0,291.0
2018-12-03,0.0,0.0,292.0,,1095020,0,292.0,293.0,291.0
2018-12-02,0.0,-1.02,292.0,,244841,0,295.0,295.0,292.0
2018-11-29,0.0,-0.04,295.0,,175782,0,295.11,296.0,294.0
2018-11-28,0.0,0.0,296.0,,532427,0,296.0,297.0,291.0
2018-11-27,0.0,0.68,296.0,,35744,0,294.0,298.0,294.0
2018-11-26,0.0,-0.01,294.0,,8381,0,294.04,295.0,292.0
2018-11-25,0.0,-0.68,294.0,,37121,0,296.0,300.0,294.0
2018-11-22,0.0,0.68,296.0,,58992,0,294.0,297.0,294.0
2018-11-21,0.0,0.34,294.0,,107013,0,293.0,294.0,292.0
2018-11-20,0.0,-0.68,293.0,,81025,0,295.0,295.0,292.0
2018-11-19,0.0,0.0,295.0,,102889,0,295.0,296.0,294.0
2018-11-18,0.0,-1.67,295.0,,479916,0,300.0,300.0,291.0
2018-11-15,0.0,-1.32,300.0,,28850,0,304.0,310.0,300.0
2018-11-14,0.0,1.67,304.0,,34603,0,299.0,306.0,299.0
2018-11-05,0.0,0.0,300.0,,30885,0,300.0,302.0,300.0
2018-11-04,0.0,-1.32,300.0,,13026,0,302.0,304.0,300.0
2018-11-01,0.0,0.33,304.0,,8875,0,303.0,305.0,303.0
2018-10-31,0.0,-0.98,303.0,,11710,0,304.0,307.0,302.0
2018-10-30,0.0,0.99,306.0,,5642,0,302.0,306.0,302.0
2018-10-29,0.0,-1.3,303.0,,15509,0,305.0,306.0,303.0
2018-10-28,0.0,-0.65,307.0,,11256,0,309.0,310.0,305.0
2018-10-25,0.0,-0.32,309.0,,10713,0,310.0,310.0,308.0
2018-10-24,0.0,0.32,310.0,,5360,0,309.0,310.0,309.0
2018-10-23,0.0,-0.32,309.0,,9921,0,310.0,311.0,309.0
2018-10-22,0.0,-0.32,310.0,,32176,0,308.0,314.0,308.0
2018-10-21,0.0,0.0,311.0,,958,0,313.0,313.0,311.0
2018-10-15,0.0,-0.64,311.0,,21430,0,314.0,314.0,308.0
2018-10-14,0.0,1.62,313.0,,23750,0,314.0,316.0,307.0
2018-10-11,0.0,0.33,308.0,,27685,0,304.0,310.0,304.0
2018-10-10,0.0,0.33,307.0,,15056,0,306.0,310.0,306.0
2018-10-09,0.0,-0.97,306.0,,34397,0,310.0,312.0,306.0
2018-10-08,0.0,1.64,309.0,,16175,0,308.0,310.0,306.0
2018-10-07,0.0,-1.62,304.0,,66166,0,310.0,310.0,303.0
2018-10-04,0.0,-0.32,309.0,,46865,0,310.0,313.0,307.0
2018-10-03,0.0,-0.96,310.0,,41698,0,313.0,318.0,309.0
2018-10-02,0.0,0.0,313.0,,43019,0,313.0,320.0,313.0
2018-10-01,0.0,-1.57,313.0,,250271,0,316.0,320.0,313.0
2018-09-30,0.0,-1.85,318.0,,79138,0,330.0,330.0,315.0
2018-09-27,0.0,-0.92,324.0,,84483,0,332.0,332.0,321.0
2018-09-26,0.0,-2.1,327.0,,150600,0,339.0,340.0,322.0
2018-09-25,0.0,4.39,333.0,,157318,0,325.0,336.0,322.0
2018-09-23,0.0,2.57,319.0,,97481,0,315.0,323.0,311.0
2018-09-20,0.0,1.3,311.0,,53221,0,311.0,315.0,307.0
2018-09-18,0.0,0.33,307.0,,16279,0,305.0,311.0,305.0
2018-09-17,0.0,-0.33,307.0,,79775,0,310.0,313.0,304.0
2018-09-16,0.0,1.99,307.0,,157758,0,306.0,319.0,300.0
2018-09-13,0.0,1.01,300.0,,66445,0,300.0,303.0,297.0
2018-09-12,0.0,2.4,298.0,,45123,0,290.0,299.0,290.0
2018-09-11,0.0,0.69,291.0,,37194,0,288.0,293.0,284.0
2018-09-10,0.0,-1.7,289.0,,16856,0,299.0,299.0,289.0
2018-09-09,0.0,-1.01,294.0,,15247,0,302.0,302.0,294.0
2018-09-06,0.0,-0.34,296.0,,72079,0,302.0,305.0,295.0
2018-09-05,0.0,1.37,297.0,,90228,0,296.0,305.0,293.0
2018-09-04,0.0,-1.01,293.0,,12107,0,295.0,297.0,292.0
2018-09-03,0.0,2.07,296.0,,64843,0,290.0,298.0,290.0
2018-09-02,0.0,1.4,289.0,,53355,0,284.0,290.0,284.0
2018-08-30,0.0,1.42,286.0,,19325,0,287.0,287.0,283.0
2018-08-29,0.0,-1.05,282.0,,13484,0,290.0,290.0,282.0
2018-08-28,0.0,0.0,285.0,,12111,0,290.0,290.0,284.0
2018-08-26,0.0,0.0,285.0,,10645,0,288.0,290.0,284.0
2018-08-23,0.0,0.0,285.0,,18050,0,285.0,286.0,284.0
2018-08-22,0.0,-0.35,285.0,,12500,0,285.0,289.0,285.0
2018-08-21,0.0,-0.69,286.0,,14840,0,287.0,290.0,285.0
2018-08-20,0.0,0.7,288.0,,13873,0,286.0,288.0,284.0
2018-08-19,0.0,-2.05,286.0,,18224,0,294.0,294.0,286.0
2018-08-16,0.0,-0.34,292.0,,47426,0,295.0,297.0,290.0
2018-08-15,0.0,2.81,293.0,,35112,0,288.0,295.0,285.0
2018-08-14,0.0,1.42,285.0,,6060,0,286.0,290.0,283.0
2018-08-13,0.0,0.36,281.0,,12148,0,280.0,283.0,280.0
2018-08-12,0.0,-1.41,280.0,,23024,0,283.0,283.0,280.0
2018-08-09,0.0,-0.7,284.0,,1651,0,289.0,289.0,284.0
2018-08-08,0.0,0.7,286.0,,2345,0,288.0,288.0,285.0
2018-08-07,0.0,0.71,284.0,,6688,0,287.0,287.0,284.0
2018-08-06,0.0,-1.05,282.0,,14067,0,290.0,290.0,282.0
2018-08-05,0.0,-1.38,285.0,,5980,0,290.0,290.0,283.0
2018-08-02,0.0,0.0,289.0,,7872,0,292.0,292.0,287.0
2018-08-01,0.0,0.0,289.0,,4230,0,285.0,290.0,285.0
2018-07-31,0.0,-0.69,289.0,,13050,0,293.0,293.0,289.0
2018-07-30,0.0,0.69,291.0,,24886,0,293.0,293.0,288.0
2018-07-29,0.0,1.76,289.0,,31114,0,285.0,290.0,285.0
2018-07-26,0.0,-1.05,284.0,,13406,0,287.0,287.0,283.0
2018-07-25,0.0,0.0,287.0,,3912,0,289.0,289.0,286.0
2018-07-24,0.0,-1.03,287.0,,42236,0,290.0,295.0,285.0
2018-07-23,0.0,3.2,290.0,,28941,0,283.0,290.0,283.0
2018-07-22,0.0,0.36,281.0,,18304,0,282.0,283.0,281.0
2018-07-19,0.0,-0.71,280.0,,11342,0,282.0,282.0,280.0
2018-07-18,0.0,-0.35,282.0,,2401,0,283.0,283.0,280.0
2018-07-17,0.0,0.71,283.0,,24705,0,285.0,285.0,280.0
2018-07-16,0.0,0.0,281.0,,9173,0,282.0,283.0,281.0
2018-07-15,0.0,0.36,281.0,,12260,0,285.0,285.0,281.0
2018-07-12,0.0,-0.71,281.0,,28629,0,284.0,285.0,280.0
2018-07-11,0.0,0.0,282.0,,10396,0,282.0,284.0,282.0
2018-07-10,0.0,-1.05,282.0,,25338,0,280.0,289.0,280.0
2018-07-09,0.0,0.0,285.0,,13600,0,283.0,286.0,283.0
2018-07-08,0.0,-0.35,285.0,,13621,0,290.0,292.0,285.0
2018-07-05,0.0,0.35,286.0,,24628,0,285.0,288.0,285.0
2018-07-04,0.0,0.0,285.0,,13658,0,282.0,289.0,282.0
2018-07-03,0.0,0.35,285.0,,13245,0,285.0,287.0,284.0
2018-07-02,0.0,0.0,289.0,,7872,0,292.0,292.0,287.0
2018-07-01,0.0,0.0,289.0,,4230,0,285.0,290.0,285.0
2018-06-28,0.0,0.34,293.0,,13330,0,294.0,294.0,292.0
2018-06-27,0.0,0.34,292.0,,15466,0,290.0,294.0,290.0
2018-06-26,0.0,-0.68,291.0,,10852,0,295.0,295.0,290.0
2018-06-25,0.0,-1.68,293.0,,16793,0,295.0,295.0,292.0
2018-06-24,0.0,0.0,298.0,,18044,0,299.0,300.0,296.0
2018-06-21,0.0,-0.33,298.0,,17095,0,295.0,300.0,295.0
2018-06-20,0.0,-1.32,299.0,,48738,0,300.0,304.0,299.0
2018-06-19,0.0,1.68,303.0,,89339,0,303.0,303.0,297.0
2018-06-18,0.0,-0.67,300.0,,45219,0,296.0,303.0,292.0
2018-06-17,0.0,-4.46,300.0,,43872,0,312.0,312.0,300.0
2018-06-14,0.0,0.96,314.0,,7764,0,313.0,314.0,312.0
2018-06-13,0.0,0.65,311.0,,8186,0,310.0,312.0,309.0
2018-06-12,0.0,-0.32,309.0,,17172,0,308.0,312.0,307.0
2018-06-11,0.0,0.65,310.0,,48341,0,310.0,314.0,306.0
2018-06-10,0.0,-0.96,309.0,,18273,0,307.0,311.0,305.0
2018-06-07,0.0,-0.96,311.0,,24614,0,314.0,315.0,311.0
2018-06-06,0.0,1.29,314.0,,14099,0,316.0,322.0,314.0
2018-06-04,0.0,-2.21,310.0,,74863,0,319.0,319.0,310.0
2018-06-03,0.0,-1.25,317.0,,87540,0,315.0,324.0,309.0
2018-05-31,0.0,-3.6,321.0,,75469,0,333.0,333.0,321.0
2018-05-30,0.0,0.0,333.0,,28966,0,332.0,338.0,331.0
2018-05-29,0.0,-1.48,333.0,,25487,0,338.0,339.0,330.0
2018-05-28,0.0,4.0,338.0,,48262,0,325.0,338.0,322.0
2018-05-27,0.0,-3.27,325.0,,52190,0,336.0,336.0,324.0
2018-05-24,0.0,-3.17,336.0,,60398,0,347.0,346.0,330.0
2018-05-23,0.0,-0.86,347.0,,28150,0,348.0,349.0,346.0
2018-05-22,0.0,-0.57,350.0,,11045,0,352.0,352.0,348.0
2018-05-21,0.0,0.0,352.0,,5007,0,350.0,352.0,349.0
2018-05-20,0.0,-0.28,352.0,,33559,0,355.0,355.0,350.0
2018-05-17,0.0,-0.56,353.0,,27724,0,354.0,360.0,350.0
2018-05-16,0.0,0.28,355.0,,8391,0,351.0,355.0,350.0
2018-05-15,0.0,0.57,354.0,,2566,0,355.0,355.0,351.0
2018-05-14,0.0,-0.85,352.0,,11017,0,355.0,356.0,350.0
2018-05-10,0.0,-0.28,355.0,,13793,0,356.0,357.0,355.0
2018-05-09,0.0,-0.84,356.0,,8543,0,359.0,360.0,355.0
2018-05-08,0.0,1.41,359.0,,20386,0,358.0,360.0,353.0
2018-05-07,0.0,0.28,354.0,,39380,0,353.0,358.0,352.0
2018-05-06,0.0,-1.4,353.0,,56930,0,351.0,364.0,351.0
2018-05-03,0.0,1.42,358.0,,161836,0,355.0,362.0,351.0
2018-05-02,0.0,0.28,353.0,,41022,0,352.0,353.0,347.0
2018-04-29,0.0,-0.56,352.0,,39156,0,354.0,356.0,349.0
2018-04-26,0.0,-1.94,354.0,,60577,0,362.0,362.0,352.0
2018-04-25,0.0,-1.37,361.0,,36818,0,361.0,367.0,359.0
2018-04-24,0.0,0.83,366.0,,67001,0,361.0,369.0,354.0
2018-04-23,0.0,-1.36,363.0,,260658,0,375.0,375.0,359.0
2018-04-22,0.0,2.79,368.0,,99031,0,358.0,371.0,359.0
2018-04-19,0.0,3.47,358.0,,112485,0,351.0,362.0,346.0
2018-04-18,0.0,3.28,347.0,,60836,0,339.0,359.0,334.0
2018-04-17,0.0,3.08,335.0,,54598,0,325.0,335.0,326.0
2018-04-16,0.0,0.93,325.0,,29455,0,323.0,330.0,323.0
2018-04-15,0.0,0.31,322.0,,10986,0,321.0,323.0,317.0
2018-04-12,0.0,-0.62,321.0,,29772,0,326.0,326.0,321.0
2018-04-11,0.0,0.0,323.0,,12244,0,318.0,323.0,316.0
2018-04-10,0.0,-1.22,323.0,,27545,0,322.0,328.0,318.0
2018-04-09,0.0,0.93,327.0,,59143,0,329.0,331.0,322.0
2018-04-08,0.0,2.53,324.0,,57910,0,314.0,330.0,314.0
2018-04-05,0.0,2.27,316.0,,42578,0,310.0,317.0,309.0
2018-04-04,0.0,1.98,309.0,,22916,0,305.0,310.0,303.0
2018-04-03,0.0,0.33,303.0,,13691,0,300.0,303.0,300.0
2018-04-02,0.0,-0.33,302.0,,20535,0,306.0,306.0,300.0
2018-04-01,0.0,-1.62,303.0,,34847,0,308.0,308.0,297.0
2018-03-29,0.0,3.01,309.0,,26574,0,304.0,309.0,300.0
2018-03-28,0.0,-0.33,299.0,,82665,0,306.0,306.0,297.0
2018-03-27,0.0,2.04,300.0,,69034,0,295.0,309.0,285.0
2018-03-26,0.0,-4.23,294.0,,77507,0,301.0,304.0,289.0
2018-03-22,0.0,0.33,307.0,,59296,0,305.0,317.0,300.0
2018-03-21,0.0,-2.55,306.0,,67478,0,309.0,310.0,305.0
2018-03-20,0.0,-0.32,314.0,,22474,0,313.0,314.0,308.0
2018-03-19,0.0,-2.78,315.0,,19906,0,324.0,324.0,312.0
2018-03-18,0.0,-0.31,323.0,,19905,0,326.0,326.0,320.0
2018-03-15,0.0,0.62,325.0,,47626,0,329.0,329.0,320.0
2018-03-14,0.0,0.31,323.0,,15861,0,328.0,328.0,322.0
2018-03-13,0.0,-0.92,322.0,,7916,0,325.0,329.0,321.0
2018-03-12,0.0,0.31,325.0,,20317,0,324.0,331.0,320.0
2018-03-11,0.0,-3.86,324.0,,32945,0,337.0,332.0,324.0
2018-03-07,0.0,0.6,337.0,,41230,0,338.0,339.0,335.0
2018-03-06,0.0,0.6,335.0,,36824,0,330.0,337.0,328.0
2018-03-04,0.0,-1.75,335.0,,82056,0,336.0,340.0,329.0
2018-02-28,0.0,-1.16,342.0,,28842,0,347.0,347.0,340.0
2018-02-27,0.0,0.87,346.0,,6903,0,343.0,349.0,343.0
2018-02-26,0.0,0.0,343.0,,16678,0,343.0,345.0,340.0
2018-02-25,0.0,-1.71,344.0,,21946,0,345.0,345.0,340.0
2018-02-22,0.0,0.0,350.0,,15195,0,351.0,352.0,345.0
2018-02-21,0.0,-0.57,350.0,,15553,0,350.0,355.0,348.0
2018-02-20,0.0,-0.56,352.0,,36110,0,355.0,358.0,352.0
2018-02-18,0.0,-1.67,354.0,,60388,0,360.0,367.0,354.0
2018-02-15,0.0,2.86,358.0,,50403,0,357.0,360.0,350.0
2018-02-14,0.0,1.45,350.0,,25903,0,346.0,350.0,345.0
2018-02-12,0.0,-0.29,345.0,,34866,0,349.0,349.0,345.0
2018-02-11,0.0,-0.86,346.0,,16082,0,349.0,350.0,346.0
2018-02-08,0.0,0.87,349.0,,68888,0,345.0,350.0,343.0
2018-02-07,0.0,-3.89,346.0,,148369,0,365.0,365.0,344.0
2018-02-06,0.0,-0.83,360.0,,18522,0,364.0,364.0,358.0
2018-02-05,0.0,-0.55,363.0,,28479,0,363.0,368.0,363.0
2018-02-04,0.0,0.0,365.0,,196879,0,365.0,369.0,365.0
2018-02-01,0.0,1.67,365.0,,117338,0,363.0,366.0,360.0
2018-01-31,0.0,0.84,359.0,,24215,0,356.0,362.0,356.0
2018-01-29,0.0,-1.11,356.0,,31426,0,357.0,360.0,355.0
2018-01-28,0.0,-0.28,360.0,,37720,0,361.0,366.0,359.0
2018-01-25,0.0,3.14,361.0,,31618,0,352.0,361.0,350.0
2018-01-24,0.0,0.86,349.0,,11986,0,350.0,351.0,347.0
2018-01-23,0.0,-0.29,348.0,,14057,0,352.0,352.0,347.0
2018-01-22,0.0,0.0,348.0,,22445,0,349.0,350.0,347.0
2018-01-21,0.0,0.29,348.0,,14838,0,347.0,352.0,347.0
2018-01-17,0.0,-0.57,347.0,,22368,0,347.0,350.0,346.0
2018-01-16,0.0,-0.85,349.0,,8675,0,352.0,352.0,347.0
2018-01-14,0.0,-0.28,352.0,,15618,0,353.0,354.0,350.0
2018-01-10,0.0,-0.84,353.0,,10153,0,352.0,355.0,352.0
2018-01-09,0.0,0.56,356.0,,21188,0,354.0,359.0,352.0
2018-01-08,0.0,1.14,354.0,,27182,0,351.0,355.0,350.0
2018-01-07,0.0,0.0,350.0,,24766,0,350.0,355.0,347.0
2018-01-04,0.0,0.86,350.0,,25219,0,347.0,351.0,346.0
2018-01-03,0.0,-1.42,348.0,,14094,0,351.0,351.0,347.0
2018-01-02,0.0,-1.12,352.0,,27142,0,363.0,363.0,350.0
2018-01-01,0.0,2.59,356.0,,36903,0,349.0,357.0,348.0
2017-12-31,0.0,0.0,347.0,,38724,0,344.0,347.0,340.0
2017-12-28,0.0,-0.29,347.0,,31122,0,343.0,348.0,340.0
2017-12-27,0.0,-0.57,348.0,,35867,0,345.0,351.0,343.0
2017-12-26,0.0,-2.51,350.0,,35065,0,354.0,355.0,349.0
2017-12-24,0.0,0.84,359.0,,19649,0,362.0,362.0,353.0
2017-12-21,0.0,-1.11,359.0,,24566,0,360.0,360.0,356.0
2017-12-20,0.0,-1.64,360.0,,29498,0,360.0,366.0,359.0
2017-12-19,0.0,0.0,366.0,,15903,0,370.0,373.0,363.0
2017-12-18,0.0,0.0,366.0,,31040,0,373.0,374.0,366.0
2017-12-17,0.0,-1.88,366.0,,37921,0,372.0,375.0,366.0
2017-12-14,0.0,-0.27,374.0,,21710,0,373.0,376.0,370.0
2017-12-13,0.0,1.35,375.0,,25766,0,369.0,375.0,368.0
2017-12-12,0.0,-1.6,370.0,,88958,0,370.0,376.0,370.0
2017-12-11,0.0,-0.79,376.0,,17403,0,376.0,377.0,373.0
2017-12-10,0.0,-0.52,379.0,,67969,0,384.0,384.0,374.0
2017-12-06,0.0,1.06,381.0,,38350,0,375.0,381.0,374.0
2017-12-05,0.0,0.27,377.0,,49928,0,376.0,377.0,373.0
2017-12-04,0.0,-0.79,376.0,,34433,0,380.0,380.0,373.0
2017-11-30,0.0,1.88,379.0,,81694,0,370.0,382.0,369.0
2017-11-29,0.0,1.36,372.0,,107633,0,371.0,378.0,368.0
2017-11-28,0.0,0.55,367.0,,58191,0,362.0,370.0,362.0
2017-11-27,0.0,-0.54,365.0,,78716,0,370.0,370.0,364.0
2017-11-26,0.0,3.38,367.0,,154661,0,355.0,367.0,356.0
2017-11-23,0.0,0.85,355.0,,73262,0,352.0,357.0,350.0
2017-11-22,0.0,0.57,352.0,,25073,0,350.0,352.0,348.0
2017-11-21,0.0,1.45,350.0,,15692,0,343.0,351.0,343.0
2017-11-20,0.0,0.29,345.0,,20218,0,345.0,346.0,342.0
2017-11-19,0.0,-1.71,344.0,,14731,0,350.0,347.0,344.0
2017-11-16,0.0,-0.28,350.0,,21639,0,350.0,351.0,347.0
2017-11-15,0.0,-0.57,351.0,,106287,0,350.0,358.0,348.0
2017-11-14,0.0,1.73,353.0,,43320,0,350.0,353.0,346.0
2017-11-13,0.0,2.06,347.0,,31896,0,346.0,352.0,342.0
2017-11-12,0.0,1.19,340.0,,10278,0,336.0,342.0,334.0
2017-11-09,0.0,0.0,336.0,,12377,0,335.0,339.0,331.0
2017-11-08,0.0,-0.3,336.0,,16309,0,335.0,336.0,332.0
2017-11-07,0.0,-0.3,337.0,,15521,0,332.0,341.0,332.0
2017-11-06,0.0,0.0,338.0,,15150,0,338.0,341.0,335.0
2017-11-05,0.0,-0.88,338.0,,31064,0,338.0,341.0,335.0
2017-11-02,0.0,-0.58,341.0,,16438,0,344.0,345.0,339.0
2017-11-01,0.0,0.29,342.0,,18478,0,342.0,345.0,339.0
2017-10-31,0.0,-2.01,342.0,,17452,0,346.0,346.0,341.0
2017-10-30,0.0,1.75,348.0,,16010,0,341.0,350.0,341.0
2017-10-29,0.0,-0.87,346.0,,9374,0,345.0,348.0,343.0
2017-10-25,0.0,-1.14,346.0,,38385,0,350.0,352.0,344.0
2017-10-24,0.0,-1.13,350.0,,10158,0,354.0,353.0,350.0
2017-10-23,0.0,0.57,354.0,,13212,0,352.0,355.0,350.0
2017-10-22,0.0,-0.28,352.0,,23004,0,355.0,359.0,352.0
2017-10-18,0.0,0.86,353.0,,21850,0,350.0,354.0,348.0
2017-10-17,0.0,-1.41,350.0,,33435,0,355.0,359.0,350.0
2017-10-16,0.0,1.72,355.0,,39741,0,354.0,355.0,350.0
2017-10-15,0.0,2.35,349.0,,11190,0,340.0,350.0,340.0
2017-10-12,0.0,-0.58,341.0,,27652,0,340.0,344.0,334.0
2017-10-11,0.0,0.59,343.0,,14615,0,339.0,345.0,338.0
2017-10-10,0.0,-0.87,341.0,,39134,0,344.0,345.0,340.0
2017-10-09,0.0,-0.29,344.0,,59226,0,340.0,344.0,340.0
2017-10-08,0.0,-1.99,345.0,,18538,0,348.0,348.0,340.0
2017-10-04,0.0,-0.28,352.0,,12258,0,346.0,360.0,346.0
2017-10-03,0.0,-0.28,353.0,,6379,0,356.0,356.0,350.0
2017-09-26,0.0,1.14,354.0,,10069,0,352.0,356.0,352.0
2017-09-25,0.0,0.29,350.0,,15093,0,351.0,353.0,350.0
2017-09-24,0.0,-1.13,349.0,,4509,0,352.0,353.0,349.0
2017-09-20,0.0,-0.56,353.0,,36486,0,362.0,362.0,350.0
2017-09-18,0.0,-0.56,355.0,,42720,0,360.0,360.0,350.0
2017-09-17,0.0,0.28,357.0,,25957,0,360.0,360.0,350.0
2017-09-14,0.0,2.59,356.0,,40010,0,350.0,358.0,343.0
2017-09-13,0.0,0.58,347.0,,13310,0,351.0,353.0,342.0
2017-09-12,0.0,0.0,346.0,,25005,0,347.0,348.0,342.0
2017-09-11,0.0,-0.58,345.0,,130852,0,352.0,352.0,340.0
2017-09-10,0.0,0.0,347.0,,144684,0,347.0,352.0,341.0
2017-09-07,0.0,-0.86,347.0,,16047,0,351.0,351.0,344.0
2017-09-06,0.0,-0.28,350.0,,45492,0,353.0,357.0,346.0
2017-09-04,0.0,-0.28,351.0,,19999,0,351.0,359.0,344.0
2017-08-31,0.0,-1.68,352.0,,36330,0,358.0,357.0,351.0
2017-08-30,0.0,-0.56,358.0,,23596,0,360.0,360.0,351.0
2017-08-28,0.0,-1.1,360.0,,18278,0,365.0,366.0,355.0
2017-08-27,0.0,1.11,364.0,,23723,0,360.0,370.0,361.0
2017-08-24,0.0,0.84,360.0,,36656,0,357.0,361.0,355.0
2017-08-23,0.0,2.0,357.0,,157177,0,344.0,360.0,344.0
2017-08-22,0.0,-0.85,350.0,,126185,0,352.0,358.0,340.0
2017-08-21,0.0,0.57,353.0,,6971,0,354.0,357.0,353.0
2017-08-20,0.0,-1.13,351.0,,90120,0,355.0,360.0,350.0
2017-08-17,0.0,-2.74,355.0,,44856,0,364.0,364.0,355.0
2017-08-16,0.0,-1.35,365.0,,43691,0,370.0,370.0,362.0
2017-08-15,0.0,4.52,370.0,,54565,0,354.0,370.0,353.0
2017-08-13,0.0,-0.84,354.0,,19146,0,363.0,363.0,348.0
2017-08-10,0.0,-1.11,357.0,,37883,0,360.0,362.0,356.0
2017-08-09,0.0,-1.1,361.0,,51599,0,367.0,370.0,358.0
2017-08-07,0.0,-0.54,365.0,,12605,0,370.0,370.0,360.0
2017-08-06,0.0,0.82,367.0,,19900,0,364.0,368.0,359.0
2017-08-03,0.0,-1.62,364.0,,55303,0,370.0,370.0,360.0
2017-08-02,0.0,0.0,370.0,,19552,0,375.0,376.0,370.0
2017-08-01,0.0,0.0,371.0,,10515,0,370.0,372.0,368.0
2017-07-31,0.0,0.27,370.0,,9825,0,375.0,375.0,368.0
2017-07-30,0.0,-0.54,369.0,,8399,0,368.0,374.0,368.0
2017-07-27,0.0,-0.27,371.0,,6753,0,369.0,371.0,366.0
2017-07-26,0.0,-0.27,372.0,,8778,0,374.0,375.0,370.0
2017-07-25,0.0,0.54,373.0,,5690,0,375.0,380.0,370.0
2017-07-24,0.0,-1.07,371.0,,8570,0,376.0,376.0,370.0
2017-07-23,0.0,-2.34,375.0,,19614,0,384.0,384.0,373.0
2017-07-20,0.0,0.0,384.0,,23576,0,385.0,387.0,373.0
2017-07-19,0.0,-0.78,384.0,,33960,0,390.0,393.0,384.0
2017-07-18,0.0,2.11,387.0,,62771,0,379.0,387.0,378.0
2017-07-17,0.0,2.99,379.0,,26755,0,370.0,384.0,370.0
2017-07-16,0.0,1.1,368.0,,23050,0,365.0,371.0,365.0
2017-07-13,0.0,0.27,364.0,,22379,0,370.0,370.0,353.0
2017-07-12,0.0,0.83,363.0,,7790,0,359.0,364.0,359.0
2017-07-11,0.0,1.12,360.0,,22266,0,355.0,365.0,354.0
2017-07-10,0.0,-1.11,356.0,,36021,0,365.0,365.0,355.0
2017-07-09,0.0,3.15,360.0,,94284,0,349.0,370.0,349.0
2017-07-06,0.0,2.35,349.0,,65711,0,344.0,355.0,341.0
2017-07-05,0.0,0.89,341.0,,50962,0,340.0,341.0,334.0
2017-07-04,0.0,2.74,338.0,,22940,0,330.0,342.0,330.0
2017-07-03,0.0,-1.5,329.0,,17655,0,335.0,338.0,329.0
2017-07-02,0.0,-0.3,334.0,,50643,0,330.0,336.0,326.0
2017-06-28,0.0,-1.18,335.0,,64518,0,335.0,340.0,333.0
2017-06-27,0.0,-0.88,339.0,,100117,0,342.0,342.0,335.0
2017-06-25,0.0,0.0,342.0,,25702,0,343.0,345.0,341.0
2017-06-22,0.0,-0.29,342.0,,19585,0,345.0,345.0,340.0
2017-06-21,0.0,-0.29,343.0,,29905,0,345.0,345.0,339.0
2017-06-20,0.0,1.18,344.0,,35898,0,340.0,350.0,335.0
2017-06-19,0.0,-3.68,340.0,,16080,0,352.0,355.0,340.0
2017-06-18,0.0,-1.94,353.0,,6295,0,360.0,360.0,351.0
2017-06-15,0.0,0.84,360.0,,25588,0,356.0,363.0,356.0
2017-06-14,0.0,-0.28,358.0,,31254,0,358.0,359.0,356.0
2017-06-13,0.0,0.0,359.0,,14975,0,360.0,369.0,358.0
2017-06-12,0.0,-2.45,358.0,,31315,0,363.0,363.0,358.0
2017-06-11,0.0,-1.61,367.0,,7186,0,370.0,370.0,364.0
2017-06-08,0.0,0.27,373.0,,18857,0,375.0,375.0,367.0
2017-06-07,0.0,-1.85,372.0,,10650,0,380.0,381.0,372.0
2017-06-06,0.0,1.61,379.0,,34971,0,376.0,380.0,372.0
2017-06-05,0.0,0.27,374.0,,15776,0,379.0,379.0,373.0
2017-06-04,0.0,0.0,371.0,,45085,0,375.0,375.0,360.0
2017-06-01,0.0,-0.8,372.0,,20270,0,378.0,378.0,364.0
2017-05-31,0.0,0.54,375.0,,14924,0,373.0,377.0,365.0
2017-05-30,0.0,-0.53,373.0,,25325,0,376.0,376.0,368.0
2017-05-28,0.0,-0.79,375.0,,26403,0,382.0,383.0,372.0
2017-05-24,0.0,-0.26,378.0,,18300,0,379.0,380.0,376.0
2017-05-23,0.0,1.07,379.0,,33677,0,377.0,383.0,376.0
2017-05-22,0.0,-0.27,375.0,,219331,0,375.0,381.0,368.0
2017-05-21,0.0,-1.83,376.0,,18763,0,380.0,383.0,375.0
2017-05-18,0.0,-1.03,383.0,,25236,0,387.0,393.0,378.0
2017-05-17,0.0,-0.26,387.0,,10316,0,390.0,392.0,386.0
2017-05-16,0.0,-1.02,388.0,,16298,0,399.0,399.0,386.0
2017-05-15,0.0,-0.25,392.0,,15129,0,399.0,399.0,388.0
2017-05-11,0.0,3.42,393.0,,37710,0,380.0,397.0,380.0
2017-05-09,0.0,-0.78,380.0,,6488,0,383.0,383.0,378.0
2017-05-08,0.0,1.06,383.0,,7760,0,380.0,383.0,378.0
2017-05-07,0.0,-1.04,379.0,,7790,0,380.0,380.0,376.0
2017-05-04,0.0,1.32,383.0,,13083,0,379.0,385.0,379.0
2017-05-03,0.0,0.0,378.0,,24062,0,385.0,385.0,377.0
2017-05-02,0.0,-1.56,378.0,,12017,0,384.0,384.0,377.0
2017-04-30,0.0,-1.54,384.0,,27613,0,390.0,390.0,381.0
2017-04-27,0.0,-1.52,390.0,,21420,0,399.0,399.0,390.0
2017-04-26,0.0,-1.0,396.0,,37382,0,405.0,405.0,394.0
2017-04-25,0.0,0.0,399.0,,17689,0,398.0,404.0,395.0
2017-04-24,0.0,-1.96,400.0,,22744,0,405.0,407.0,398.0
2017-04-23,0.0,2.0,408.0,,39935,0,408.0,430.0,406.0
2017-04-20,0.0,-0.99,400.0,,37348,0,412.0,412.0,395.0
2017-04-19,0.0,4.39,404.0,,32171,0,387.0,404.0,391.0
2017-04-18,0.0,-3.49,387.0,,53232,0,395.0,403.0,386.0
2017-04-16,0.0,-3.37,401.0,,54001,0,423.0,425.0,400.0
2017-04-13,0.0,-2.35,415.0,,38418,0,417.0,430.0,412.0
2017-04-12,0.0,-2.75,425.0,,68860,0,440.0,445.0,425.0
2017-04-11,0.0,2.82,437.0,,46158,0,425.0,460.0,433.0
2017-04-10,0.0,0.0,502.0,,275865,0,504.0,507.0,495.0
2017-04-09,0.0,-3.27,502.0,,210263,0,520.0,523.0,500.0
2017-04-06,0.0,-1.14,519.0,,149822,0,525.0,535.0,515.0
2017-04-04,0.0,2.94,525.0,,248809,0,515.0,530.0,500.0
2017-04-03,0.0,0.0,510.0,,263039,0,520.0,540.0,500.0
2017-04-02,0.0,6.69,510.0,,110948,0,487.0,510.0,480.0
2017-03-30,0.0,-0.42,478.0,,89883,0,480.0,486.0,468.0
2017-03-29,0.0,3.04,480.0,,208199,0,460.0,500.0,462.0
2017-03-28,0.0,8.24,460.0,,91860,0,425.0,467.0,433.0
2017-03-26,0.0,5.98,425.0,,111759,0,405.0,431.0,404.0
2017-03-23,0.0,0.25,401.0,,66157,0,395.0,404.0,395.0
2017-03-22,0.0,1.78,400.0,,146081,0,393.0,420.0,392.0
2017-03-21,0.0,3.69,393.0,,80419,0,382.0,396.0,374.0
2017-03-20,0.0,2.16,379.0,,78638,0,373.0,380.0,368.0
2017-03-19,0.0,1.64,371.0,,78986,0,365.0,371.0,365.0
2017-03-16,0.0,0.55,365.0,,14110,0,365.0,367.0,361.0
2017-03-15,0.0,-0.55,363.0,,16195,0,363.0,367.0,358.0
2017-03-14,0.0,0.0,365.0,,19860,0,360.0,373.0,360.0
2017-03-13,0.0,0.0,365.0,,8025,0,372.0,378.0,364.0
2017-03-09,0.0,1.39,365.0,,46897,0,365.0,369.0,360.0
2017-03-07,0.0,-1.37,360.0,,18706,0,365.0,365.0,360.0
2017-03-06,0.0,0.0,365.0,,24134,0,370.0,372.0,365.0
2017-03-05,0.0,1.67,365.0,,36235,0,360.0,367.0,360.0
2017-03-02,0.0,2.28,359.0,,16685,0,358.0,360.0,351.0
2017-03-01,0.0,-0.85,351.0,,22250,0,354.0,355.0,349.0
2017-02-28,0.0,-0.28,354.0,,28186,0,350.0,354.0,346.0
2017-02-26,0.0,-0.84,355.0,,24577,0,360.0,361.0,354.0
2017-02-23,0.0,-1.38,358.0,,20011,0,366.0,366.0,353.0
2017-02-22,0.0,-0.27,363.0,,25591,0,362.0,368.0,353.0
2017-02-21,0.0,-0.82,364.0,,37277,0,374.0,381.0,360.0
2017-02-20,0.0,-1.87,367.0,,34700,0,378.0,379.0,366.0
2017-02-19,0.0,2.47,374.0,,30575,0,369.0,374.0,360.0
2017-02-16,0.0,2.82,365.0,,41471,0,362.0,367.0,355.0
2017-02-15,0.0,2.9,355.0,,24851,0,350.0,356.0,346.0
2017-02-14,0.0,-0.86,345.0,,19033,0,350.0,358.0,340.0
2017-02-13,0.0,0.87,348.0,,40265,0,345.0,350.0,329.0
2017-02-12,0.0,-3.63,345.0,,32215,0,358.0,358.0,342.0
2017-02-09,0.0,-1.92,358.0,,8253,0,360.0,371.0,358.0
2017-02-08,0.0,-1.08,365.0,,27440,0,370.0,370.0,360.0
2017-02-07,0.0,4.83,369.0,,24053,0,359.0,370.0,359.0
2017-02-06,0.0,-3.56,352.0,,6870,0,368.0,368.0,352.0
2017-02-05,0.0,-2.67,365.0,,9360,0,368.0,375.0,361.0
2017-02-02,0.0,-0.53,375.0,,7619,0,384.0,389.0,370.0
2017-02-01,0.0,7.1,377.0,,5950,0,359.0,377.0,359.0
2017-01-31,0.0,0.57,352.0,,13750,0,354.0,360.0,341.0
2017-01-30,0.0,-6.91,350.0,,24913,0,372.0,372.0,344.0
2017-01-26,0.0,-1.05,376.0,,24500,0,373.0,380.0,359.0
2017-01-25,0.0,-3.06,380.0,,14216,0,390.0,390.0,380.0
2017-01-24,0.0,-2.0,392.0,,8686,0,392.0,395.0,388.0
2017-01-23,0.0,-0.74,400.0,,13200,0,402.0,406.0,400.0
2017-01-22,0.0,-0.98,403.0,,15096,0,410.0,410.0,403.0
2017-01-19,0.0,0.49,407.0,,46179,0,413.0,413.0,405.0
2017-01-18,0.0,-0.25,405.0,,31504,0,408.0,408.0,395.0
2017-01-17,0.0,1.5,406.0,,17243,0,406.0,406.0,400.0
2017-01-16,0.0,-0.74,400.0,,17164,0,401.0,407.0,398.0
2017-01-15,0.0,-0.49,404.0,,17625,0,400.0,408.0,400.0
2017-01-12,0.0,-0.25,405.0,,12260,0,406.0,406.0,400.0
2017-01-11,0.0,-1.69,406.0,,13662,0,413.0,413.0,404.0
2017-01-10,0.0,4.29,413.0,,10400,0,398.0,413.0,396.0
2017-01-09,0.0,0.0,396.0,,1846,0,396.0,400.0,396.0
2017-01-08,0.0,0.25,396.0,,9420,0,402.0,401.0,393.0
2017-01-05,0.0,1.02,395.0,,9371,0,398.0,401.0,394.0
2017-01-04,0.0,-1.01,391.0,,4495,0,392.0,399.0,391.0
2017-01-03,0.0,-1.99,395.0,,12095,0,401.0,401.0,394.0
2017-01-02,0.0,2.03,403.0,,12522,0,395.0,408.0,395.0
2017-01-01,0.0,2.33,395.0,,11546,0,387.0,408.0,387.0
2016-12-29,0.0,1.05,386.0,,17180,0,389.0,397.0,385.0
2016-12-28,0.0,-0.78,382.0,,14320,0,383.0,394.0,378.0
2016-12-27,0.0,-0.52,385.0,,18841,0,385.0,390.0,370.0
2016-12-26,0.0,-2.76,387.0,,12672,0,398.0,398.0,387.0
2016-12-22,0.0,-0.5,398.0,,7159,0,393.0,401.0,392.0
2016-12-21,0.0,0.25,400.0,,14332,0,399.0,403.0,395.0
2016-12-20,0.0,-1.48,399.0,,10837,0,401.0,402.0,398.0
2016-12-19,0.0,0.0,405.0,,14459,0,410.0,412.0,401.0
2016-12-18,0.0,-0.25,405.0,,15575,0,407.0,408.0,402.0
2016-12-15,0.0,1.5,406.0,,4744,0,402.0,408.0,402.0
2016-12-14,0.0,0.0,400.0,,31490,0,408.0,412.0,398.0
2016-12-12,0.0,-1.48,400.0,,14456,0,401.0,405.0,395.0
2016-12-11,0.0,-0.25,406.0,,8550,0,409.0,411.0,404.0
2016-12-08,0.0,-0.97,407.0,,13992,0,415.0,415.0,403.0
2016-12-07,0.0,-0.24,411.0,,15401,0,412.0,412.0,405.0
2016-12-06,0.0,0.0,412.0,,7735,0,405.0,420.0,405.0
2016-12-05,0.0,-1.9,413.0,,10046,0,420.0,420.0,411.0
2016-12-04,0.0,-2.33,420.0,,12207,0,430.0,430.0,420.0
2016-12-01,0.0,0.0,430.0,,39284,0,435.0,436.0,422.0
2016-11-30,0.0,1.18,430.0,,33978,0,421.0,435.0,418.0
2016-11-29,0.0,1.92,425.0,,40628,0,410.0,425.0,400.0
2016-11-28,0.0,2.96,417.0,,46734,0,400.0,420.0,383.0
2016-11-27,0.0,-5.37,405.0,,33307,0,421.0,424.0,404.0
2016-11-24,0.0,1.9,428.0,,31459,0,421.0,446.0,415.0
2016-11-23,0.0,-4.11,420.0,,50176,0,445.0,445.0,419.0
2016-11-22,0.0,-3.74,438.0,,40001,0,446.0,461.0,430.0
2016-11-21,0.0,1.56,455.0,,22767,0,450.0,475.0,435.0
2016-11-20,0.0,-2.61,448.0,,41290,0,460.0,462.0,428.0
2016-11-17,0.0,-3.36,460.0,,41420,0,476.0,479.0,460.0
2016-11-16,0.0,-2.86,476.0,,18532,0,490.0,490.0,476.0
2016-11-15,0.0,-0.81,490.0,,40639,0,503.0,508.0,482.0
2016-11-14,0.0,-1.4,494.0,,23300,0,506.0,505.0,490.0
2016-11-13,0.0,3.3,501.0,,8899,0,478.0,501.0,478.0
2016-11-10,0.0,-0.41,485.0,,14500,0,489.0,489.0,481.0
2016-11-09,0.0,-2.21,488.0,,15305,0,490.0,495.0,475.0
2016-11-08,0.0,-1.58,498.0,,25469,0,500.0,505.0,494.0
2016-11-07,0.0,-0.78,506.0,,11294,0,515.0,515.0,506.0
2016-11-03,0.0,0.0,510.0,,3663,0,511.0,514.0,509.0
2016-10-27,0.0,-0.2,510.0,,11053,0,510.0,519.0,510.0
2016-10-26,0.0,0.2,511.0,,40534,0,500.0,511.0,500.0
2016-10-25,0.0,-0.39,510.0,,21030,0,520.0,520.0,506.0
2016-10-24,0.0,-0.39,512.0,,11339,0,507.0,520.0,507.0
2016-10-23,0.0,-2.1,514.0,,20059,0,527.0,530.0,513.0
2016-10-20,0.0,-0.76,525.0,,27221,0,526.0,531.0,524.0
2016-10-19,0.0,-0.19,529.0,,22444,0,529.0,533.0,525.0
2016-10-18,0.0,0.0,530.0,,37814,0,530.0,536.0,522.0
2016-10-17,0.0,1.34,530.0,,42479,0,529.0,533.0,518.0
2016-10-16,0.0,-0.19,523.0,,14650,0,517.0,524.0,514.0
2016-10-06,0.0,0.77,524.0,,39553,0,523.0,530.0,521.0
2016-10-05,0.0,-0.19,520.0,,8971,0,516.0,521.0,516.0
2016-10-04,0.0,3.17,521.0,,19060,0,503.0,521.0,503.0
2016-10-03,0.0,-0.2,505.0,,26283,0,508.0,509.0,505.0
2016-10-02,0.0,0.2,506.0,,19339,0,495.0,512.0,495.0
2016-09-29,0.0,-0.98,505.0,,22289,0,510.0,510.0,501.0
2016-09-28,0.0,0.59,510.0,,21890,0,505.0,510.0,505.0
2016-09-27,0.0,0.8,507.0,,20876,0,528.0,528.0,502.0
2016-09-26,0.0,2.86,503.0,,23648,0,498.0,505.0,495.0
2016-09-25,0.0,-1.73,511.0,,34490,0,520.0,520.0,510.0
2016-09-22,0.0,-1.73,511.0,,34490,0,520.0,520.0,510.0
2016-09-21,0.0,0.97,520.0,,43971,0,518.0,525.0,515.0
2016-09-20,0.0,-1.53,515.0,,63695,0,520.0,525.0,513.0
2016-09-18,0.0,-0.38,523.0,,30131,0,525.0,530.0,520.0
2016-09-14,0.0,-0.94,525.0,,21987,0,530.0,533.0,525.0
2016-09-12,0.0,-0.93,530.0,,30141,0,532.0,533.0,527.0
2016-09-11,0.0,1.71,535.0,,52774,0,536.0,556.0,531.0
2016-09-08,0.0,0.57,526.0,,36663,0,532.0,532.0,522.0
2016-09-07,0.0,-1.69,523.0,,30728,0,542.0,542.0,523.0
2016-09-06,0.0,-0.19,532.0,,38141,0,527.0,545.0,527.0
2016-09-05,0.0,1.72,533.0,,99834,0,530.0,545.0,520.0
2016-09-04,0.0,-0.95,524.0,,38316,0,528.0,528.0,520.0
2016-09-01,0.0,0.0,529.0,,34464,0,539.0,540.0,526.0
2016-08-31,0.0,-1.67,529.0,,34849,0,540.0,540.0,526.0
2016-08-30,0.0,0.0,538.0,,39721,0,540.0,545.0,533.0
2016-08-29,0.0,2.67,538.0,,63710,0,534.0,541.0,522.0
2016-08-28,0.0,0.38,524.0,,30859,0,525.0,528.0,512.0
2016-08-24,0.0,1.56,522.0,,19606,0,524.0,530.0,514.0
2016-08-23,0.0,-0.58,514.0,,46846,0,508.0,532.0,507.0
2016-08-22,0.0,-3.36,517.0,,92657,0,535.0,535.0,500.0
2016-08-21,0.0,-0.74,535.0,,31865,0,540.0,550.0,532.0
2016-08-17,0.0,0.56,539.0,,51469,0,545.0,549.0,536.0
2016-08-16,0.0,0.94,536.0,,57953,0,540.0,546.0,523.0
2016-08-15,0.0,-3.28,531.0,,86215,0,547.0,547.0,522.0
2016-08-14,0.0,-2.31,549.0,,74435,0,560.0,560.0,540.0
2016-08-11,0.0,0.36,562.0,,242286,0,571.0,582.0,558.0
2016-08-10,0.0,0.36,563.0,,153731,0,572.0,590.0,536.0
2016-08-09,0.0,10.0,561.0,,75016,0,520.0,561.0,520.0
2016-08-08,0.0,-8.77,510.0,,104640,0,559.0,550.0,510.0
2016-08-07,0.0,-0.18,559.0,,188585,0,560.0,586.0,550.0
2016-08-04,0.0,-2.27,560.0,,166216,0,573.0,584.0,547.0
2016-08-03,0.0,-2.55,573.0,,119486,0,588.0,590.0,565.0
2016-08-02,0.0,-2.81,588.0,,138325,0,605.0,607.0,588.0
2016-08-01,0.0,-2.42,605.0,,153624,0,620.0,632.0,596.0
2016-07-31,0.0,0.49,620.0,,238835,0,617.0,640.0,615.0
2016-07-28,0.0,6.56,617.0,,388311,0,579.0,625.0,571.0
2016-07-27,0.0,3.58,579.0,,190700,0,559.0,595.0,569.0
2016-07-26,0.0,3.52,559.0,,180798,0,540.0,566.0,544.0
2016-07-25,0.0,4.05,540.0,,107723,0,519.0,540.0,520.0
2016-07-21,0.0,1.76,519.0,,135856,0,510.0,540.0,514.0
2016-07-20,0.0,-3.23,510.0,,166068,0,537.0,565.0,510.0
2016-07-19,0.0,5.82,527.0,,209898,0,489.0,532.0,489.0
2016-07-18,0.0,3.75,498.0,,179182,0,480.0,498.0,483.0
2016-07-17,0.0,2.13,480.0,,109228,0,470.0,490.0,470.0
2016-07-14,0.0,2.17,470.0,,61316,0,465.0,473.0,460.0
2016-07-13,0.0,-1.08,460.0,,27795,0,465.0,465.0,454.0
2016-07-12,0.0,-1.06,465.0,,24558,0,470.0,472.0,451.0
2016-07-11,0.0,-0.42,470.0,,44940,0,472.0,480.0,465.0
2016-07-10,0.0,0.43,472.0,,45385,0,470.0,485.0,467.0
2016-07-06,0.0,-0.42,470.0,,69355,0,467.0,475.0,465.0
2016-07-05,0.0,0.42,473.0,,29310,0,473.0,477.0,470.0
2016-07-04,0.0,-0.63,470.0,,63041,0,473.0,480.0,470.0
2016-07-03,0.0,-1.46,473.0,,45368,0,480.0,485.0,471.0
2016-06-30,0.0,-1.64,480.0,,27366,0,488.0,484.0,475.0
2016-06-29,0.0,1.04,488.0,,125979,0,483.0,489.0,476.0
2016-06-28,0.0,-1.43,483.0,,51393,0,490.0,499.0,480.0
2016-06-27,0.0,3.59,490.0,,92235,0,473.0,492.0,475.0
2016-06-26,0.0,3.5,473.0,,56205,0,457.0,488.0,455.0
2016-06-23,0.0,-0.65,457.0,,25727,0,460.0,463.0,455.0
2016-06-22,0.0,0.22,460.0,,38998,0,465.0,470.0,456.0
2016-06-21,0.0,-0.65,459.0,,17031,0,462.0,460.0,453.0
2016-06-20,0.0,1.09,462.0,,32050,0,457.0,463.0,453.0
2016-06-19,0.0,-0.65,457.0,,18601,0,460.0,467.0,451.0
2016-06-16,0.0,-1.08,460.0,,66682,0,465.0,468.0,457.0
2016-06-15,0.0,-1.27,466.0,,38566,0,476.0,476.0,460.0
2016-06-14,0.0,-1.67,471.0,,22932,0,478.0,481.0,470.0
2016-06-13,0.0,0.84,479.0,,121684,0,475.0,485.0,474.0
2016-06-12,0.0,2.15,475.0,,73622,0,465.0,480.0,465.0
2016-06-09,0.0,-1.69,465.0,,47011,0,470.0,470.0,461.0
2016-06-08,0.0,0.0,473.0,,40672,0,473.0,474.0,466.0
2016-06-07,0.0,1.5,473.0,,33267,0,475.0,484.0,469.0
2016-06-06,0.0,2.42,466.0,,46910,0,455.0,477.0,460.0
2016-06-05,0.0,-3.81,455.0,,73667,0,473.0,475.0,455.0
2016-06-02,0.0,-1.66,473.0,,40217,0,481.0,479.0,472.0
2016-06-01,0.0,-0.21,481.0,,53641,0,482.0,490.0,475.0
2016-05-31,0.0,1.26,482.0,,66954,0,476.0,492.0,480.0
2016-05-30,0.0,-0.83,476.0,,55453,0,480.0,481.0,476.0
2016-05-29,0.0,-0.62,480.0,,70573,0,483.0,492.0,473.0
2016-05-26,0.0,0.0,483.0,,90173,0,483.0,492.0,467.0
2016-05-25,0.0,-1.23,483.0,,140809,0,489.0,498.0,471.0
2016-05-24,0.0,0.82,489.0,,77907,0,485.0,498.0,485.0
2016-05-23,0.0,0.83,485.0,,96282,0,481.0,485.0,475.0
2016-05-22,0.0,-0.21,481.0,,87849,0,482.0,489.0,478.0
2016-05-19,0.0,1.05,482.0,,78972,0,477.0,489.0,474.0
2016-05-18,0.0,0.21,477.0,,51834,0,476.0,480.0,475.0
2016-05-17,0.0,-0.21,476.0,,70793,0,486.0,486.0,474.0
2016-05-16,0.0,-1.04,477.0,,59838,0,482.0,488.0,475.0
2016-05-15,0.0,-0.41,482.0,,67831,0,491.0,493.0,481.0
2016-05-12,0.0,0.41,491.0,,91635,0,495.0,504.0,490.0
2016-05-11,0.0,6.3,489.0,,333994,0,460.0,496.0,469.0
2016-05-10,0.0,0.0,460.0,,162513,0,460.0,464.0,455.0
2016-05-09,0.0,0.66,460.0,,75125,0,462.0,465.0,456.0
2016-05-08,0.0,2.24,457.0,,38882,0,447.0,457.0,442.0
2016-05-05,0.0,-0.45,447.0,,35189,0,449.0,450.0,440.0
2016-05-04,0.0,-1.1,449.0,,92783,0,454.0,456.0,445.0
2016-05-03,0.0,0.89,454.0,,95689,0,450.0,461.0,447.0
2016-05-02,0.0,2.27,450.0,,70427,0,440.0,452.0,440.0
2016-04-28,0.0,1.15,440.0,,80652,0,435.0,445.0,434.0
2016-04-27,0.0,0.0,435.0,,77283,0,435.0,440.0,430.0
2016-04-26,0.0,-0.46,435.0,,47199,0,437.0,445.0,430.0
2016-04-25,0.0,-0.68,437.0,,84418,0,440.0,448.0,435.0
2016-04-24,0.0,3.53,440.0,,62966,0,425.0,440.0,427.0
2016-04-21,0.0,-0.23,425.0,,69974,0,426.0,430.0,421.0
2016-04-20,0.0,0.24,426.0,,45621,0,425.0,432.0,425.0
2016-04-19,0.0,-1.62,425.0,,32285,0,432.0,435.0,423.0
2016-04-18,0.0,-0.69,432.0,,80749,0,435.0,440.0,430.0
2016-04-17,0.0,0.46,435.0,,89108,0,435.0,445.0,433.0
2016-04-14,0.0,2.61,433.0,,77281,0,422.0,433.0,422.0
2016-04-12,0.0,3.43,422.0,,216085,0,408.0,427.0,410.0
2016-04-11,0.0,0.74,408.0,,76292,0,405.0,415.0,405.0
2016-04-10,0.0,0.0,405.0,,31935,0,405.0,406.0,403.0
2016-04-06,0.0,0.75,405.0,,81341,0,402.0,407.0,400.0
2016-04-05,0.0,0.5,402.0,,52162,0,401.0,405.0,399.0
2016-04-04,0.0,0.5,400.0,,61306,0,398.0,401.0,399.0
2016-04-03,0.0,-0.75,398.0,,50884,0,401.0,400.0,390.0
2016-03-31,0.0,0.0,401.0,,146774,0,401.0,405.0,398.0
2016-03-30,0.0,0.25,401.0,,120035,0,400.0,408.0,400.0
2016-03-29,0.0,-0.5,400.0,,96654,0,399.0,406.0,396.0
2016-03-28,0.0,-0.99,402.0,,134081,0,406.0,422.0,400.0
2016-03-27,0.0,5.45,406.0,,168645,0,385.0,408.0,382.0
2016-03-24,0.0,-2.78,385.0,,97381,0,396.0,395.0,384.0
2016-03-23,0.0,-1.0,396.0,,183130,0,408.0,424.0,392.0
2016-03-21,0.0,0.0,399.0,,203878,0,400.0,414.0,397.0
2016-03-20,0.0,0.0,400.0,,138739,0,408.0,413.0,388.0
2016-03-17,0.0,4.71,400.0,,178022,0,383.0,410.0,382.0
2016-03-16,0.0,1.33,382.0,,81352,0,378.0,390.0,378.0
2016-03-15,0.0,3.57,377.0,,147810,0,346.0,377.0,346.0
2016-03-14,0.0,-1.89,364.0,,86846,0,364.0,373.0,364.0
2016-03-13,0.0,0.0,371.0,,45472,0,373.0,381.0,364.0
2016-03-10,0.0,0.0,371.0,,39615,0,367.0,371.0,365.0
2016-03-06,0.0,0.27,371.0,,30279,0,370.0,374.0,366.0
2016-03-03,0.0,-1.33,370.0,,17947,0,374.0,374.0,368.0
2016-03-02,0.0,1.9,375.0,,51462,0,364.0,375.0,361.0
2016-03-01,0.0,1.94,368.0,,50317,0,363.0,368.0,358.0
2016-02-29,0.0,-0.28,361.0,,19336,0,362.0,363.0,358.0
2016-02-28,0.0,0.28,362.0,,39275,0,361.0,367.0,360.0
2016-02-25,0.0,1.12,361.0,,46777,0,351.0,367.0,351.0
2016-02-24,0.0,-2.19,357.0,,9977,0,365.0,365.0,356.0
2016-02-23,0.0,-0.54,365.0,,41202,0,367.0,374.0,359.0
2016-02-22,0.0,-1.34,367.0,,51310,0,378.0,378.0,367.0
2016-02-21,0.0,-0.8,372.0,,35109,0,375.0,387.0,370.0
2016-02-18,0.0,1.35,375.0,,126655,0,370.0,385.0,355.0
2016-02-17,0.0,4.23,370.0,,158220,0,355.0,376.0,355.0
2016-02-16,0.0,2.9,355.0,,129611,0,345.0,355.0,339.0
2016-02-15,0.0,0.88,345.0,,48757,0,342.0,347.0,336.0
2016-02-14,0.0,0.59,342.0,,31940,0,346.0,352.0,339.0
2016-02-11,0.0,2.1,340.0,,180431,0,333.0,366.0,339.0
2016-02-08,0.0,0.6,333.0,,44997,0,331.0,337.0,329.0
2016-02-07,0.0,0.3,331.0,,41078,0,330.0,342.0,328.0
2016-02-04,0.0,0.0,329.0,,27469,0,333.0,333.0,326.0
2016-02-03,0.0,0.61,330.0,,47110,0,328.0,335.0,326.0
2016-02-02,0.0,0.92,328.0,,32366,0,327.0,332.0,321.0
2016-02-01,0.0,1.25,325.0,,31428,0,321.0,327.0,322.0
2016-01-31,0.0,-0.93,321.0,,7898,0,324.0,326.0,320.0
2016-01-28,0.0,0.93,324.0,,16714,0,320.0,325.0,320.0
2016-01-27,0.0,-1.53,321.0,,10700,0,326.0,328.0,321.0
2016-01-26,0.0,1.24,326.0,,14122,0,322.0,330.0,321.0
2016-01-25,0.0,-3.3,322.0,,28986,0,335.0,335.0,320.0
2016-01-24,0.0,0.0,333.0,,30546,0,333.0,335.0,332.0
2016-01-21,0.0,-1.48,333.0,,22446,0,338.0,343.0,332.0
2016-01-20,0.0,0.0,338.0,,27344,0,335.0,338.0,331.0
2016-01-19,0.0,0.0,338.0,,56995,0,332.0,340.0,327.0
2016-01-18,0.0,2.42,338.0,,104647,0,336.0,348.0,330.0
2016-01-17,0.0,2.48,330.0,,156131,0,328.0,335.0,319.0
2016-01-14,0.0,5.57,321.0,,115901,0,305.0,328.0,305.0
2016-01-13,0.0,1.33,305.0,,65700,0,301.0,307.0,301.0
2016-01-12,0.0,0.0,301.0,,35223,0,302.0,307.0,298.0
2016-01-11,0.0,-0.66,301.0,,22194,0,303.0,305.0,300.0
2016-01-10,0.0,1.0,303.0,,35034,0,300.0,305.0,294.0
2016-01-07,0.0,0.33,300.0,,74508,0,299.0,300.0,296.0
2016-01-06,0.0,3.1,299.0,,66866,0,276.0,303.0,271.0
2016-01-05,0.0,-3.65,290.0,,15493,0,300.0,304.0,290.0
2016-01-04,0.0,-2.9,301.0,,23894,0,310.0,306.0,300.0
2016-01-03,0.0,1.97,310.0,,40043,0,310.0,310.0,306.0
2015-12-31,0.0,1.33,304.0,,355111,0,285.0,317.0,285.0
2015-12-29,0.0,2.39,300.0,,66740,0,293.0,300.0,279.0
2015-12-28,0.0,0.0,293.0,,43173,0,293.0,297.0,290.0
2015-12-25,0.0,2.09,293.0,,12994,0,285.0,295.0,285.0
2015-12-24,0.0,-2.05,287.0,,17210,0,296.0,296.0,287.0
2015-12-23,0.0,-0.34,293.0,,19601,0,294.0,293.0,286.0
2015-12-22,0.0,1.38,294.0,,46152,0,295.0,300.0,290.0
2015-12-21,0.0,2.84,290.0,,27494,0,282.0,290.0,280.0
2015-12-20,0.0,1.81,282.0,,27792,0,277.0,282.0,277.0
2015-12-17,0.0,-3.48,277.0,,11487,0,292.0,292.0,275.0
2015-12-16,0.0,4.36,287.0,,29223,0,280.0,287.0,272.0
2015-12-15,0.0,0.0,275.0,,3200,0,275.0,275.0,270.0
2015-12-14,0.0,2.23,275.0,,15300,0,264.0,283.0,264.0
2015-12-13,0.0,-1.1,269.0,,7150,0,275.0,275.0,269.0
2015-12-10,0.0,-1.09,272.0,,14624,0,280.0,280.0,268.0
2015-12-09,0.0,2.61,275.0,,30050,0,273.0,277.0,272.0
2015-12-08,0.0,-1.11,268.0,,5300,0,267.0,271.0,267.0
2015-12-07,0.0,0.74,271.0,,5881,0,274.0,275.0,268.0
2015-12-04,0.0,1.89,268.0,,4113,0,269.0,274.0,265.0
2015-12-03,0.0,-1.12,264.0,,6860,0,268.0,272.0,261.0
2015-12-02,0.0,0.0,267.0,,2310,0,267.0,271.0,257.0
2015-12-01,0.0,4.3,267.0,,6054,0,256.0,267.0,261.0
2015-11-30,0.0,3.64,256.0,,8193,0,251.0,262.0,251.0
2015-11-29,0.0,-3.14,247.0,,11070,0,255.0,255.0,247.0
2015-11-26,0.0,-3.41,255.0,,17402,0,259.0,264.0,251.0
2015-11-25,0.0,-1.86,264.0,,9332,0,264.0,264.0,263.0
2015-11-24,0.0,2.28,266.0,,15146,0,265.0,269.0,262.0
2015-11-23,0.0,-0.38,263.0,,12300,0,260.0,265.0,260.0
2015-11-22,0.0,-3.3,264.0,,13725,0,268.0,268.0,260.0
2015-11-19,0.0,1.11,273.0,,7940,0,269.0,274.0,269.0
2015-11-18,0.0,0.0,270.0,,13904,0,275.0,278.0,270.0
2015-11-16,0.0,-2.17,270.0,,38843,0,281.0,281.0,268.0
2015-11-15,0.0,1.47,276.0,,40169,0,270.0,276.0,265.0
2015-11-10,0.0,4.21,272.0,,8783,0,263.0,272.0,263.0
2015-11-09,0.0,3.57,261.0,,10648,0,257.0,265.0,257.0
2015-11-08,0.0,0.0,252.0,,25515,0,252.0,256.0,250.0
2015-11-05,0.0,-1.94,252.0,,29642,0,260.0,262.0,250.0
2015-11-04,0.0,1.58,257.0,,1400,0,253.0,257.0,253.0
2015-11-03,0.0,-2.32,253.0,,10187,0,260.0,261.0,252.0
2015-11-02,0.0,0.39,259.0,,5300,0,255.0,259.0,255.0
2015-11-01,0.0,-0.77,258.0,,842,0,260.0,260.0,255.0
2015-10-29,0.0,-1.52,260.0,,2950,0,260.0,260.0,260.0
2015-10-28,0.0,3.53,264.0,,9398,0,252.0,264.0,250.0
2015-10-27,0.0,-4.49,255.0,,6100,0,262.0,262.0,253.0
2015-10-25,0.0,-0.37,267.0,,4520,0,268.0,268.0,263.0
2015-10-18,0.0,0.75,268.0,,3500,0,261.0,272.0,261.0
2015-10-15,0.0,-0.37,266.0,,8479,0,270.0,270.0,266.0
2015-10-14,0.0,-1.11,267.0,,6000,0,266.0,267.0,262.0
2015-10-11,0.0,-3.57,270.0,,16018,0,277.0,279.0,270.0
2015-10-08,0.0,3.7,280.0,,8633,0,270.0,280.0,268.0
2015-10-07,0.0,-0.37,270.0,,12020,0,276.0,276.0,269.0
2015-10-06,0.0,-1.45,271.0,,3960,0,275.0,275.0,271.0
2015-10-05,0.0,0.0,275.0,,2908,0,270.0,275.0,270.0
2015-10-04,0.0,-0.36,275.0,,14995,0,281.0,281.0,273.0
2015-10-01,0.0,0.36,276.0,,6094,0,277.0,280.0,275.0
2015-09-30,0.0,-0.36,275.0,,7936,0,281.0,281.0,275.0
2015-09-29,0.0,0.36,276.0,,2025,0,275.0,276.0,275.0
2015-09-28,0.0,-1.79,275.0,,5410,0,275.0,278.0,270.0
2015-09-24,0.0,-0.71,280.0,,4862,0,280.0,282.0,280.0
2015-09-23,0.0,0.71,282.0,,116111,0,268.0,288.0,268.0
2015-09-22,0.0,-1.75,280.0,,7947,0,280.0,280.0,276.0
2015-09-17,0.0,-1.38,285.0,,11300,0,284.0,289.0,282.0
2015-09-16,0.0,-0.34,289.0,,13300,0,290.0,290.0,285.0
2015-09-15,0.0,1.75,290.0,,22810,0,289.0,290.0,283.0
2015-09-14,0.0,1.06,285.0,,129389,0,268.0,290.0,268.0
2015-09-13,0.0,-0.35,282.0,,16262,0,283.0,285.0,280.0
2015-09-10,0.0,-0.35,283.0,,12053,0,285.0,285.0,279.0
2015-09-09,0.0,0.0,284.0,,8938,0,284.0,286.0,280.0
2015-09-08,0.0,0.71,284.0,,23431,0,287.0,295.0,280.0
2015-09-07,0.0,1.81,282.0,,15986,0,280.0,290.0,280.0
2015-09-06,0.0,-0.72,277.0,,6858,0,276.0,281.0,274.0
2015-09-03,0.0,0.36,279.0,,6000,0,278.0,280.0,278.0
2015-09-02,0.0,-1.42,278.0,,8350,0,283.0,283.0,277.0
2015-09-01,0.0,-1.05,282.0,,15726,0,285.0,284.0,280.0
2015-08-31,0.0,0.0,285.0,,11353,0,285.0,290.0,282.0
2015-08-27,0.0,-1.38,285.0,,13650,0,287.0,287.0,280.0
2015-08-26,0.0,-0.34,289.0,,8417,0,294.0,296.0,288.0
2015-08-25,0.0,3.2,290.0,,17100,0,276.0,292.0,276.0
2015-08-24,0.0,-3.1,281.0,,5448,0,293.0,293.0,280.0
2015-08-23,0.0,-1.69,290.0,,600,0,290.0,290.0,290.0
2015-08-20,0.0,-1.34,295.0,,14706,0,304.0,310.0,291.0
2015-08-19,0.0,7.55,299.0,,11737,0,282.0,299.0,277.0
2015-08-18,0.0,0.0,278.0,,14111,0,283.0,288.0,276.0
2015-08-17,0.0,6.11,278.0,,20366,0,267.0,285.0,267.0
2015-08-16,0.0,-2.6,262.0,,63720,0,266.0,266.0,258.0
2015-08-13,0.0,-0.37,269.0,,31966,0,274.0,274.0,266.0
2015-08-12,0.0,0.75,270.0,,47385,0,267.0,270.0,265.0
2015-08-11,0.0,-2.19,268.0,,54423,0,274.0,272.0,261.0
2015-08-10,0.0,-1.08,274.0,,17804,0,277.0,282.0,272.0
2015-08-09,0.0,1.47,277.0,,10605,0,273.0,285.0,273.0
2015-08-06,0.0,-1.8,273.0,,11269,0,278.0,278.0,270.0
2015-08-05,0.0,2.96,278.0,,12705,0,270.0,280.0,270.0
2015-08-04,0.0,-2.88,270.0,,19982,0,278.0,282.0,270.0
2015-08-03,0.0,0.0,278.0,,18230,0,278.0,283.0,275.0
2015-08-02,0.0,-2.46,278.0,,25676,0,285.0,287.0,276.0
2015-07-30,0.0,-0.7,285.0,,11564,0,287.0,289.0,284.0
2015-07-29,0.0,0.0,287.0,,4626,0,287.0,292.0,285.0
2015-07-28,0.0,-4.01,287.0,,24653,0,299.0,299.0,287.0
2015-07-27,0.0,-6.56,299.0,,52329,0,320.0,338.0,290.0
2015-07-26,0.0,9.97,320.0,,20091,0,291.0,320.0,296.0
2015-07-23,0.0,3.56,291.0,,45507,0,281.0,294.0,282.0
2015-07-22,0.0,-7.87,281.0,,15070,0,299.0,299.0,280.0
2015-07-16,0.0,9.71,305.0,,19596,0,278.0,305.0,271.0
2015-07-15,0.0,1.09,278.0,,10531,0,275.0,281.0,270.0
2015-07-14,0.0,-0.72,275.0,,12100,0,272.0,276.0,270.0
2015-07-13,0.0,1.47,277.0,,11190,0,270.0,277.0,265.0
2015-07-12,0.0,-2.5,273.0,,16774,0,275.0,282.0,270.0
2015-07-09,0.0,-2.1,280.0,,11380,0,285.0,285.0,275.0
2015-07-08,0.0,1.42,286.0,,20998,0,277.0,290.0,272.0
2015-07-07,0.0,1.44,282.0,,27239,0,273.0,283.0,268.0
2015-07-06,0.0,-0.71,278.0,,17005,0,276.0,278.0,271.0
2015-07-05,0.0,1.08,280.0,,15200,0,275.0,289.0,275.0
2015-07-02,0.0,-1.42,277.0,,12251,0,279.0,279.0,276.0
2015-07-01,0.0,-1.4,281.0,,22249,0,290.0,290.0,281.0
2015-06-30,0.0,0.35,285.0,,15322,0,285.0,290.0,282.0
2015-06-29,0.0,0.71,284.0,,21917,0,287.0,291.0,280.0
2015-06-28,0.0,1.81,282.0,,5154,0,276.0,287.0,276.0
2015-06-25,0.0,-1.07,277.0,,4768,0,285.0,286.0,277.0
2015-06-24,0.0,-1.41,281.0,,48028,0,280.0,283.0,274.0
2015-06-23,0.0,2.9,284.0,,6256,0,277.0,284.0,277.0
2015-06-22,0.0,-0.36,276.0,,16005,0,272.0,281.0,272.0
2015-06-21,0.0,-2.46,277.0,,10552,0,284.0,280.0,275.0
2015-06-18,0.0,-0.35,284.0,,21405,0,285.0,287.0,282.0
2015-06-17,0.0,0.0,285.0,,7869,0,285.0,289.0,283.0
2015-06-16,0.0,-1.72,285.0,,10148,0,290.0,288.0,284.0
2015-06-15,0.0,-0.34,290.0,,31291,0,291.0,294.0,280.0
2015-06-14,0.0,-1.02,291.0,,22394,0,294.0,299.0,284.0
2015-06-11,0.0,-2.65,294.0,,23149,0,302.0,300.0,294.0
2015-06-10,0.0,-2.58,302.0,,111736,0,310.0,315.0,295.0
2015-06-09,0.0,5.08,310.0,,149337,0,295.0,324.0,300.0
2015-06-08,0.0,2.08,295.0,,64575,0,289.0,307.0,291.0
2015-06-07,0.0,2.48,289.0,,39141,0,282.0,295.0,281.0
2015-06-04,0.0,6.82,282.0,,73327,0,264.0,289.0,269.0
2015-06-03,0.0,4.76,264.0,,214930,0,252.0,275.0,242.0
2015-06-02,0.0,4.13,252.0,,35127,0,242.0,255.0,242.0
2015-06-01,0.0,-0.82,242.0,,59101,0,244.0,260.0,242.0
2015-05-31,0.0,1.67,244.0,,30388,0,240.0,250.0,240.0
2015-05-28,0.0,0.84,240.0,,23636,0,238.0,246.0,229.0
2015-05-27,0.0,-1.24,238.0,,10170,0,241.0,241.0,237.0
2015-05-26,0.0,1.69,241.0,,48096,0,237.0,260.0,225.0
2015-05-25,0.0,-9.89,237.0,,7264,0,263.0,258.0,237.0
2015-05-24,0.0,-9.93,263.0,,217,0,292.0,287.0,263.0
2015-04-23,0.0,-2.67,292.0,,8051,0,300.0,297.0,292.0
2015-04-22,0.0,0.0,295.0,,1251,0,295.0,295.0,295.0
2015-04-21,0.0,-1.01,295.0,,11453,0,298.0,303.0,295.0
2015-04-20,0.0,-0.67,298.0,,4671,0,300.0,301.0,298.0
2015-04-19,0.0,0.0,300.0,,3153,0,300.0,302.0,296.0
2015-04-16,0.0,0.0,300.0,,5271,0,300.0,300.0,298.0
2015-04-15,0.0,-0.66,300.0,,14917,0,302.0,305.0,294.0
2015-04-13,0.0,0.0,302.0,,49972,0,302.0,305.0,300.0
2015-04-12,0.0,-2.89,302.0,,14857,0,311.0,317.0,302.0
2015-04-09,0.0,3.32,311.0,,5880,0,301.0,322.0,301.0
2015-04-08,0.0,1.01,301.0,,22207,0,298.0,308.0,299.0
2015-04-07,0.0,-1.32,298.0,,9535,0,302.0,304.0,298.0
2015-04-06,0.0,-0.33,302.0,,13457,0,303.0,307.0,298.0
2015-04-05,0.0,-2.26,303.0,,3110,0,310.0,314.0,303.0
2015-04-02,0.0,2.99,310.0,,5296,0,301.0,310.0,301.0
2015-04-01,0.0,-2.27,301.0,,3809,0,308.0,310.0,301.0
2015-03-31,0.0,2.33,308.0,,10197,0,301.0,309.0,300.0
2015-03-30,0.0,-1.31,301.0,,12764,0,305.0,305.0,300.0
2015-03-29,0.0,-0.65,305.0,,11135,0,307.0,309.0,302.0
2015-03-26,0.0,-1.29,307.0,,8445,0,311.0,311.0,304.0
2015-03-25,0.0,-2.2,311.0,,2553,0,318.0,313.0,309.0
2015-03-24,0.0,-0.62,318.0,,3850,0,320.0,318.0,308.0
2015-03-23,0.0,0.0,320.0,,1207,0,320.0,322.0,318.0
2015-03-22,0.0,0.31,320.0,,18216,0,319.0,332.0,320.0
2015-03-19,0.0,-0.31,319.0,,1640,0,320.0,330.0,319.0
2015-03-18,0.0,-0.31,320.0,,5286,0,321.0,321.0,315.0
2015-03-17,0.0,1.26,321.0,,7152,0,317.0,322.0,310.0
2015-03-16,0.0,-0.94,317.0,,3877,0,320.0,323.0,316.0
2015-03-15,0.0,-0.93,320.0,,6831,0,323.0,322.0,317.0
2015-03-12,0.0,0.0,323.0,,11345,0,323.0,326.0,320.0
2015-03-11,0.0,-0.62,323.0,,2711,0,325.0,331.0,321.0
2015-03-10,0.0,-1.22,325.0,,7855,0,329.0,330.0,323.0
2015-03-09,0.0,-1.5,329.0,,6449,0,334.0,339.0,329.0
2015-03-04,0.0,-0.89,334.0,,14262,0,337.0,339.0,324.0
2015-03-03,0.0,3.06,337.0,,7437,0,327.0,337.0,321.0
2015-03-02,0.0,0.93,327.0,,7869,0,324.0,329.0,320.0
2015-03-01,0.0,-5.81,324.0,,16618,0,344.0,338.0,320.0
2015-02-25,0.0,-0.31,324.0,,11934,0,325.0,334.0,321.0
2015-02-24,0.0,0.93,325.0,,13576,0,322.0,325.0,320.0
2015-02-23,0.0,-0.92,322.0,,27681,0,325.0,328.0,314.0
2015-02-22,0.0,-2.99,325.0,,25149,0,335.0,330.0,324.0
2015-02-19,0.0,-0.3,335.0,,7629,0,336.0,345.0,330.0
2015-02-16,0.0,-3.45,336.0,,23392,0,348.0,345.0,329.0
2015-02-15,0.0,-0.29,348.0,,5377,0,349.0,353.0,339.0
2015-02-12,0.0,2.65,349.0,,8543,0,340.0,349.0,339.0
2015-02-11,0.0,-2.58,340.0,,4896,0,349.0,354.0,337.0
2015-02-10,0.0,2.65,349.0,,14739,0,340.0,349.0,339.0
2015-02-09,0.0,-1.73,340.0,,21303,0,346.0,346.0,338.0
2015-02-08,0.0,0.29,346.0,,4040,0,345.0,348.0,345.0
2015-02-05,0.0,-0.58,345.0,,12915,0,347.0,346.0,342.0
2015-02-04,0.0,-0.86,347.0,,12285,0,350.0,352.0,346.0
2015-02-03,0.0,1.45,350.0,,67004,0,345.0,352.0,346.0
2015-02-02,0.0,-0.86,345.0,,18298,0,348.0,350.0,344.0
2015-02-01,0.0,-0.29,348.0,,37283,0,349.0,349.0,345.0
2015-01-29,0.0,0.0,349.0,,38770,0,349.0,355.0,343.0
2015-01-28,0.0,3.56,349.0,,41461,0,337.0,355.0,337.0
2015-01-27,0.0,0.3,337.0,,11135,0,336.0,346.0,335.0
2015-01-26,0.0,-1.18,336.0,,8693,0,340.0,349.0,336.0
2015-01-25,0.0,0.0,340.0,,4709,0,340.0,341.0,335.0
2015-01-22,0.0,-0.58,340.0,,23477,0,342.0,343.0,334.0
2015-01-20,0.0,-0.58,342.0,,17578,0,344.0,348.0,332.0
2015-01-19,0.0,1.78,344.0,,41916,0,338.0,362.0,344.0
2015-01-18,0.0,0.9,338.0,,18783,0,335.0,352.0,334.0
2015-01-14,0.0,-1.47,335.0,,9219,0,340.0,343.0,335.0
2015-01-13,0.0,0.0,340.0,,9044,0,340.0,341.0,335.0
2015-01-12,0.0,-0.87,340.0,,15061,0,343.0,344.0,338.0
2015-01-11,0.0,-0.29,343.0,,16144,0,344.0,344.0,340.0
2015-01-08,0.0,0.58,344.0,,17190,0,342.0,348.0,341.0
2015-01-07,0.0,0.0,342.0,,14193,0,342.0,348.0,336.0
2015-01-06,0.0,-2.29,342.0,,14720,0,350.0,346.0,341.0
2015-01-05,0.0,1.45,350.0,,35499,0,345.0,357.0,343.0
2015-01-04,0.0,1.47,345.0,,51424,0,340.0,350.0,343.0
2015-01-01,0.0,-1.45,340.0,,45362,0,345.0,355.0,340.0
2014-12-31,0.0,-1.43,345.0,,572274,0,350.0,349.0,335.0
2014-12-29,0.0,-1.41,350.0,,10606,0,355.0,355.0,348.0
2014-12-28,0.0,-0.28,355.0,,53331,0,356.0,360.0,350.0
2014-12-24,0.0,4.4,356.0,,13418,0,341.0,356.0,337.0
2014-12-23,0.0,0.0,341.0,,5508,0,341.0,346.0,338.0
2014-12-22,0.0,-2.57,341.0,,11438,0,350.0,355.0,340.0
2014-12-21,0.0,-2.78,350.0,,11166,0,360.0,360.0,344.0
2014-12-18,0.0,0.28,360.0,,2787,0,359.0,362.0,350.0
2014-12-17,0.0,-0.55,359.0,,19667,0,361.0,362.0,354.0
2014-12-16,0.0,-1.63,361.0,,33703,0,367.0,366.0,359.0
2014-12-15,0.0,-0.27,367.0,,206164,0,368.0,371.0,350.0
2014-12-14,0.0,4.25,368.0,,31831,0,353.0,368.0,353.0
2014-12-11,0.0,3.22,353.0,,6145,0,342.0,353.0,340.0
2014-12-10,0.0,3.01,342.0,,7821,0,332.0,342.0,336.0
2014-12-09,0.0,0.61,332.0,,9911,0,330.0,335.0,330.0
2014-12-08,0.0,1.23,330.0,,7911,0,326.0,332.0,330.0
2014-12-07,0.0,-2.4,326.0,,29800,0,334.0,340.0,325.0
2014-12-04,0.0,0.0,334.0,,36145,0,334.0,340.0,329.0
2014-12-03,0.0,1.52,334.0,,20677,0,329.0,346.0,328.0
2014-12-02,0.0,-3.24,329.0,,13985,0,340.0,340.0,326.0
2014-12-01,0.0,-1.16,340.0,,4300,0,344.0,350.0,340.0
2014-11-30,0.0,-2.55,344.0,,4439,0,353.0,348.0,343.0
2014-11-25,0.0,0.0,353.0,,5852,0,353.0,355.0,349.0
2014-11-24,0.0,0.86,353.0,,7311,0,350.0,355.0,350.0
2014-11-23,0.0,-1.69,350.0,,22956,0,356.0,370.0,350.0
2014-11-20,0.0,0.28,356.0,,27531,0,355.0,367.0,350.0
2014-11-19,0.0,1.43,355.0,,6267,0,350.0,357.0,350.0
2014-11-18,0.0,-0.57,350.0,,21118,0,352.0,362.0,333.0
2014-11-17,0.0,-2.22,352.0,,21825,0,360.0,367.0,347.0
2014-11-16,0.0,-2.44,360.0,,25304,0,369.0,380.0,360.0
2014-11-13,0.0,0.82,369.0,,22643,0,366.0,370.0,365.0
2014-11-12,0.0,-1.61,366.0,,21224,0,372.0,372.0,360.0
2014-11-11,0.0,2.2,372.0,,21964,0,364.0,382.0,357.0
2014-11-10,0.0,-1.89,364.0,,5046,0,371.0,369.0,362.0
2014-11-09,0.0,-3.13,371.0,,8731,0,383.0,379.0,365.0
2014-11-06,0.0,2.68,383.0,,8191,0,373.0,383.0,366.0
2014-11-05,0.0,-0.8,373.0,,4217,0,376.0,383.0,372.0
2014-11-04,0.0,1.9,376.0,,20149,0,369.0,376.0,357.0
2014-11-03,0.0,-2.89,369.0,,7341,0,380.0,386.0,369.0
2014-11-02,0.0,1.88,380.0,,19928,0,373.0,380.0,370.0
2014-10-30,0.0,-3.12,373.0,,8236,0,385.0,385.0,373.0
2014-10-28,0.0,-0.52,385.0,,9063,0,387.0,390.0,385.0
2014-10-27,0.0,-0.51,387.0,,11412,0,389.0,394.0,385.0
2014-10-26,0.0,0.78,389.0,,8051,0,386.0,389.0,380.0
2014-10-22,0.0,-0.77,386.0,,18925,0,389.0,394.0,383.0
2014-10-21,0.0,0.0,389.0,,7541,0,389.0,391.0,389.0
2014-10-20,0.0,-0.26,389.0,,11992,0,390.0,390.0,385.0
2014-10-19,0.0,0.0,390.0,,22995,0,390.0,390.0,380.0
2014-10-16,0.0,-2.5,390.0,,11337,0,400.0,400.0,390.0
2014-10-15,0.0,6.1,400.0,,13108,0,377.0,400.0,370.0
2014-10-14,0.0,0.0,377.0,,31346,0,377.0,382.0,370.0
2014-10-13,0.0,0.0,377.0,,17312,0,377.0,381.0,370.0
2014-10-12,0.0,-1.31,377.0,,6161,0,382.0,383.0,375.0
2014-10-09,0.0,-0.78,382.0,,1685,0,385.0,382.0,378.0
2014-10-08,0.0,-2.28,385.0,,4315,0,394.0,387.0,380.0
2014-09-30,0.0,1.03,394.0,,21872,0,390.0,401.0,391.0
2014-09-29,0.0,0.0,390.0,,9600,0,390.0,397.0,388.0
2014-09-28,0.0,0.0,390.0,,13584,0,390.0,394.0,383.0
2014-09-24,0.0,2.09,390.0,,27338,0,382.0,393.0,373.0
2014-09-23,0.0,3.52,382.0,,32278,0,369.0,385.0,372.0
2014-09-22,0.0,2.22,369.0,,8308,0,361.0,370.0,360.0
2014-09-21,0.0,-6.48,361.0,,14931,0,386.0,386.0,360.0
2014-09-18,0.0,-1.04,380.0,,1054,0,384.0,380.0,377.0
2014-09-17,0.0,-1.54,384.0,,8232,0,390.0,395.0,382.0
2014-09-16,0.0,-2.99,390.0,,6571,0,402.0,400.0,386.0
2014-09-15,0.0,3.08,402.0,,8852,0,390.0,402.0,390.0
2014-09-14,0.0,-1.52,390.0,,15209,0,396.0,395.0,389.0
2014-09-11,0.0,-0.75,396.0,,28110,0,399.0,402.0,380.0
2014-09-10,0.0,-1.97,399.0,,70644,0,407.0,423.0,395.0
2014-09-09,0.0,10.0,407.0,,55106,0,370.0,407.0,377.0
2014-09-07,0.0,-7.5,370.0,,29253,0,400.0,395.0,370.0
2014-09-04,0.0,-3.61,400.0,,58143,0,415.0,410.0,395.0
2014-09-03,0.0,-3.94,415.0,,115844,0,432.0,440.0,400.0
2014-09-01,0.0,1.65,432.0,,35661,0,425.0,434.0,410.0
2014-08-31,0.0,-5.97,425.0,,7604,0,452.0,454.0,425.0
2014-08-28,0.0,2.73,452.0,,43285,0,440.0,464.0,445.0
2014-08-27,0.0,4.02,440.0,,78271,0,423.0,464.0,431.0
2014-08-26,0.0,-5.37,423.0,,17175,0,447.0,474.0,410.0
2014-08-25,0.0,-3.87,447.0,,1604,0,465.0,474.0,439.0
2014-08-24,0.0,0.0,465.0,,12615,0,465.0,470.0,456.0
2014-08-21,0.0,3.33,465.0,,64527,0,450.0,471.0,426.0
2014-08-20,0.0,-4.66,450.0,,30579,0,472.0,480.0,450.0
2014-08-19,0.0,0.0,472.0,,24544,0,472.0,491.0,455.0
2014-08-18,0.0,-3.28,472.0,,27100,0,488.0,493.0,470.0
2014-08-14,0.0,-1.61,488.0,,20356,0,496.0,496.0,481.0
2014-08-13,0.0,0.4,496.0,,39781,0,494.0,504.0,480.0
2014-08-12,0.0,-1.79,494.0,,33410,0,503.0,506.0,493.0
2014-08-07,0.0,0.8,503.0,,58160,0,499.0,508.0,476.0
2014-08-06,0.0,-2.54,499.0,,38251,0,512.0,515.0,498.0
2014-08-05,0.0,2.4,512.0,,57434,0,500.0,529.0,500.0
2014-08-04,0.0,-2.53,500.0,,53955,0,513.0,519.0,497.0
2014-08-03,0.0,-2.29,513.0,,73184,0,525.0,535.0,510.0
2014-07-31,0.0,-2.42,525.0,,66430,0,538.0,545.0,520.0
2014-07-30,0.0,-2.36,538.0,,71229,0,551.0,553.0,527.0
2014-07-28,0.0,0.36,551.0,,49006,0,549.0,558.0,536.0
2014-07-27,0.0,4.57,549.0,,179635,0,525.0,566.0,515.0
2014-07-24,0.0,2.94,525.0,,85583,0,510.0,532.0,510.0
2014-07-23,0.0,2.41,510.0,,113405,0,498.0,522.0,500.0
2014-07-22,0.0,-1.39,498.0,,101019,0,505.0,512.0,493.0
2014-07-21,0.0,3.06,505.0,,639369,0,490.0,507.0,472.0
2014-07-20,0.0,5.38,490.0,,248332,0,465.0,501.0,461.0
2014-07-17,0.0,1.31,465.0,,38367,0,459.0,470.0,456.0
2014-07-16,0.0,-0.65,459.0,,107124,0,462.0,477.0,450.0
2014-07-15,0.0,0.43,462.0,,51441,0,460.0,469.0,455.0
2014-07-14,0.0,3.37,460.0,,114692,0,445.0,477.0,451.0
2014-07-13,0.0,5.45,445.0,,118727,0,422.0,462.0,428.0
2014-07-10,0.0,3.43,422.0,,58918,0,408.0,430.0,392.0
2014-07-09,0.0,3.03,408.0,,72545,0,396.0,408.0,392.0
2014-07-08,0.0,2.59,396.0,,74042,0,386.0,402.0,390.0
2014-07-07,0.0,0.0,386.0,,45275,0,386.0,397.0,385.0
2014-07-06,0.0,-2.53,386.0,,33005,0,396.0,396.0,386.0
2014-07-03,0.0,0.51,396.0,,41124,0,394.0,399.0,389.0
2014-07-02,0.0,0.51,394.0,,46284,0,392.0,398.0,390.0
2014-07-01,0.0,0.51,392.0,,39954,0,390.0,398.0,389.0
2014-06-30,0.0,0.0,390.0,,44405,0,390.0,391.0,380.0
2014-06-29,0.0,1.3,390.0,,68180,0,385.0,397.0,385.0
2014-06-26,0.0,0.0,385.0,,70539,0,385.0,395.0,382.0
2014-06-25,0.0,1.32,385.0,,131967,0,380.0,403.0,385.0
2014-06-24,0.0,5.56,380.0,,138165,0,360.0,387.0,365.0
2014-06-23,0.0,0.28,360.0,,61669,0,359.0,366.0,355.0
2014-06-19,0.0,0.56,359.0,,107448,0,357.0,367.0,357.0
2014-06-18,0.0,3.78,357.0,,113415,0,344.0,366.0,350.0
2014-06-17,0.0,1.18,344.0,,51272,0,340.0,355.0,340.0
2014-06-16,0.0,0.0,340.0,,53133,0,340.0,356.0,340.0
2014-06-15,0.0,1.49,340.0,,21983,0,335.0,353.0,336.0
2014-06-12,0.0,-0.89,335.0,,31751,0,338.0,347.0,333.0
2014-06-11,0.0,1.2,338.0,,15160,0,334.0,343.0,335.0
2014-06-10,0.0,1.83,334.0,,8567,0,328.0,336.0,330.0
2014-06-09,0.0,-2.67,328.0,,8820,0,337.0,339.0,328.0
2014-06-08,0.0,1.81,337.0,,11635,0,331.0,338.0,330.0
2014-06-05,0.0,-1.49,331.0,,15945,0,336.0,339.0,331.0
2014-06-04,0.0,1.2,336.0,,6819,0,332.0,341.0,332.0
2014-06-03,0.0,0.3,332.0,,34300,0,331.0,353.0,332.0
2014-06-02,0.0,3.12,331.0,,35033,0,321.0,336.0,322.0
2014-06-01,0.0,0.94,321.0,,33175,0,318.0,321.0,316.0
2014-05-28,0.0,0.0,318.0,,28219,0,318.0,324.0,315.0
2014-05-27,0.0,0.0,318.0,,16585,0,318.0,319.0,316.0
2014-05-26,0.0,-0.93,318.0,,18123,0,321.0,325.0,315.0
2014-05-25,0.0,2.23,321.0,,34168,0,314.0,321.0,311.0
2014-05-22,0.0,-0.32,314.0,,21858,0,315.0,316.0,313.0
2014-05-21,0.0,0.0,315.0,,9720,0,315.0,319.0,312.0
2014-05-20,0.0,0.0,315.0,,6607,0,315.0,316.0,303.0
2014-05-19,0.0,0.32,315.0,,21267,0,314.0,319.0,313.0
2014-05-18,0.0,0.32,314.0,,15069,0,313.0,323.0,313.0
2014-05-15,0.0,-1.57,313.0,,16488,0,318.0,317.0,313.0
2014-05-13,0.0,0.32,318.0,,6690,0,317.0,318.0,311.0
2014-05-12,0.0,0.0,317.0,,22594,0,317.0,319.0,312.0
2014-05-11,0.0,-3.06,317.0,,3766,0,327.0,327.0,315.0
2014-05-08,0.0,0.0,327.0,,8098,0,327.0,330.0,319.0
2014-05-07,0.0,1.24,327.0,,30625,0,323.0,335.0,320.0
2014-05-06,0.0,2.54,323.0,,43060,0,315.0,332.0,320.0
2014-05-05,0.0,2.94,315.0,,20287,0,306.0,323.0,309.0
2014-05-04,0.0,-1.92,306.0,,30350,0,312.0,318.0,306.0
2014-04-30,0.0,0.0,312.0,,22274,0,312.0,317.0,308.0
2014-04-29,0.0,-0.64,312.0,,17420,0,314.0,317.0,310.0
2014-04-28,0.0,-0.32,314.0,,18121,0,315.0,322.0,310.0
2014-04-27,0.0,-1.87,315.0,,8543,0,321.0,325.0,315.0
2014-04-23,0.0,1.26,321.0,,19764,0,317.0,324.0,315.0
2014-04-22,0.0,-0.31,317.0,,23596,0,318.0,319.0,311.0
2014-04-21,0.0,0.95,318.0,,39827,0,315.0,318.0,305.0
2014-04-20,0.0,-0.63,315.0,,11948,0,317.0,317.0,315.0
2014-04-17,0.0,-0.31,317.0,,56676,0,318.0,318.0,305.0
2014-04-16,0.0,0.0,318.0,,93779,0,318.0,319.0,310.0
2014-04-15,0.0,-0.31,318.0,,11559,0,319.0,322.0,315.0
2014-04-13,0.0,0.63,319.0,,13142,0,317.0,320.0,311.0
2014-04-10,0.0,-0.94,317.0,,153382,0,320.0,321.0,310.0
2014-04-09,0.0,2.24,320.0,,30589,0,313.0,321.0,310.0
2014-04-07,0.0,-1.57,313.0,,20726,0,318.0,323.0,312.0
2014-04-06,0.0,-0.31,318.0,,15065,0,319.0,323.0,316.0
2014-04-03,0.0,-0.31,319.0,,53808,0,320.0,328.0,310.0
2014-04-02,0.0,0.63,320.0,,14550,0,318.0,321.0,313.0
2014-04-01,0.0,0.95,318.0,,197182,0,315.0,332.0,305.0
2014-03-31,0.0,0.32,315.0,,34352,0,314.0,322.0,305.0
2014-03-27,0.0,-0.95,314.0,,29951,0,317.0,319.0,310.0
2014-03-26,0.0,0.63,317.0,,73798,0,315.0,317.0,305.0
2014-03-25,0.0,-2.17,315.0,,7738,0,322.0,320.0,313.0
2014-03-24,0.0,0.62,322.0,,7870,0,320.0,322.0,315.0
2014-03-23,0.0,1.27,320.0,,14472,0,316.0,320.0,316.0
2014-03-20,0.0,0.0,316.0,,17333,0,316.0,320.0,314.0
2014-03-19,0.0,4.64,316.0,,21701,0,302.0,320.0,300.0
2014-03-18,0.0,-5.33,302.0,,47251,0,319.0,315.0,300.0
2014-03-17,0.0,-1.85,319.0,,13693,0,325.0,325.0,318.0
2014-03-13,0.0,0.0,325.0,,16018,0,325.0,332.0,319.0
2014-03-12,0.0,-0.31,325.0,,27192,0,326.0,330.0,321.0
2014-03-11,0.0,-1.21,326.0,,33954,0,330.0,332.0,325.0
2014-03-10,0.0,0.0,330.0,,141319,0,330.0,338.0,320.0
2014-03-09,0.0,1.54,330.0,,192560,0,325.0,333.0,324.0
2014-03-06,0.0,-1.22,325.0,,195555,0,329.0,331.0,320.0
2014-03-05,0.0,2.81,329.0,,170538,0,320.0,332.0,320.0
2014-03-04,0.0,-2.44,320.0,,8938,0,328.0,322.0,311.0
2014-03-03,0.0,-2.96,328.0,,11463,0,338.0,338.0,323.0
2014-02-26,0.0,-0.59,338.0,,21571,0,340.0,342.0,330.0
2014-02-25,0.0,-0.29,340.0,,8031,0,341.0,345.0,334.0
2014-02-24,0.0,0.29,341.0,,8387,0,340.0,346.0,336.0
2014-02-23,0.0,1.49,340.0,,21789,0,335.0,345.0,336.0
2014-02-20,0.0,-1.76,335.0,,16161,0,341.0,350.0,332.0
2014-02-18,0.0,0.89,341.0,,11249,0,338.0,342.0,335.0
2014-02-17,0.0,1.81,338.0,,11435,0,332.0,339.0,334.0
2014-02-16,0.0,-0.9,332.0,,24494,0,335.0,342.0,330.0
2014-02-13,0.0,1.82,335.0,,19002,0,329.0,336.0,325.0
2014-02-12,0.0,-0.3,329.0,,22134,0,330.0,333.0,326.0
2014-02-11,0.0,-2.94,330.0,,18171,0,340.0,340.0,330.0
2014-02-10,0.0,3.66,340.0,,49169,0,328.0,358.0,334.0
2014-02-09,0.0,-0.61,328.0,,16120,0,330.0,336.0,327.0
2014-02-06,0.0,-3.23,330.0,,11797,0,341.0,340.0,328.0
2014-02-05,0.0,1.79,341.0,,15312,0,335.0,341.0,331.0
2014-02-04,0.0,0.0,335.0,,13758,0,335.0,339.0,331.0
2014-02-03,0.0,-1.18,335.0,,14102,0,339.0,337.0,331.0
2014-02-02,0.0,-2.02,339.0,,17766,0,346.0,346.0,335.0
2014-01-29,0.0,1.47,346.0,,16649,0,341.0,347.0,339.0
2014-01-28,0.0,2.1,341.0,,20292,0,334.0,343.0,336.0
2014-01-27,0.0,-2.91,334.0,,15326,0,344.0,350.0,334.0
2014-01-26,0.0,0.88,344.0,,27550,0,341.0,349.0,335.0
2014-01-23,0.0,-2.01,341.0,,43757,0,348.0,349.0,334.0
2014-01-22,0.0,-1.97,348.0,,40290,0,355.0,355.0,343.0
2014-01-21,0.0,-3.79,355.0,,14971,0,369.0,370.0,355.0
2014-01-20,0.0,-2.89,369.0,,44974,0,380.0,380.0,364.0
2014-01-19,0.0,5.85,380.0,,1214703,0,359.0,384.0,360.0
2014-01-16,0.0,0.84,359.0,,54326,0,356.0,365.0,354.0
2014-01-14,0.0,2.01,356.0,,55657,0,349.0,357.0,347.0
2014-01-13,0.0,-1.13,349.0,,33760,0,353.0,358.0,343.0
2014-01-12,0.0,2.32,353.0,,42889,0,345.0,360.0,342.0
2014-01-09,0.0,2.07,345.0,,32275,0,338.0,346.0,338.0
2014-01-08,0.0,-0.59,338.0,,69007,0,340.0,352.0,336.0
2014-01-07,0.0,-0.87,340.0,,50631,0,343.0,346.0,338.0
2014-01-06,0.0,-0.58,343.0,,23792,0,345.0,347.0,339.0
2014-01-05,0.0,-0.29,345.0,,27891,0,346.0,351.0,341.0
2014-01-02,0.0,2.06,346.0,,71164,0,339.0,358.0,330.0
2014-01-01,0.0,-3.14,339.0,,73937,0,350.0,346.0,331.0
2013-12-31,0.0,-5.15,350.0,,48004,0,369.0,368.0,343.0
2013-12-29,0.0,1.65,369.0,,66836,0,363.0,370.0,358.0
2013-12-26,0.0,-0.55,363.0,,100275,0,365.0,381.0,363.0
2013-12-24,0.0,3.11,365.0,,93261,0,354.0,370.0,341.0
2013-12-23,0.0,-4.58,354.0,,89786,0,371.0,372.0,351.0
2013-12-22,0.0,4.51,371.0,,365857,0,355.0,374.0,343.0
2013-12-19,0.0,0.0,355.0,,129292,0,355.0,365.0,330.0
2013-12-18,0.0,6.93,355.0,,138028,0,332.0,365.0,333.0
2013-12-16,0.0,9.93,332.0,,112400,0,302.0,332.0,302.0
2013-12-15,0.0,4.14,302.0,,66006,0,290.0,306.0,282.0
2013-12-12,0.0,-2.03,290.0,,32856,0,296.0,299.0,290.0
2013-12-11,0.0,3.86,296.0,,91865,0,285.0,300.0,284.0
2013-12-10,0.0,-3.39,285.0,,42794,0,295.0,295.0,285.0
2013-12-09,0.0,-1.99,295.0,,33558,0,301.0,305.0,291.0
2013-12-08,0.0,-0.99,301.0,,54416,0,304.0,310.0,291.0
2013-12-05,0.0,-1.62,304.0,,94891,0,309.0,322.0,296.0
2013-12-04,0.0,8.8,309.0,,80393,0,284.0,312.0,289.0
2013-12-03,0.0,5.58,284.0,,100207,0,269.0,284.0,260.0
2013-12-02,0.0,5.49,269.0,,55978,0,255.0,276.0,255.0
2013-12-01,0.0,2.0,255.0,,141597,0,250.0,263.0,245.0
2013-11-28,0.0,-1.96,250.0,,41023,0,255.0,256.0,247.0
2013-11-27,0.0,-3.41,255.0,,103005,0,264.0,265.0,245.0
2013-11-26,0.0,2.72,264.0,,74797,0,257.0,265.0,257.0
2013-11-25,0.0,5.33,257.0,,158053,0,244.0,260.0,235.0
2013-11-24,0.0,9.91,244.0,,201821,0,222.0,244.0,226.0
2013-11-21,0.0,3.74,222.0,,1267,0,214.0,222.0,218.0
2013-11-14,0.0,2.88,214.0,,200113,0,208.0,215.0,202.0
2013-11-13,0.0,2.97,208.0,,88652,0,202.0,211.0,204.0
2013-11-12,0.0,0.0,202.0,,158799,0,202.0,209.0,200.0
2013-11-11,0.0,4.12,202.0,,42226,0,194.0,202.0,189.0
2013-11-10,0.0,6.59,194.0,,84685,0,182.0,194.0,183.0
2013-11-07,0.0,-5.7,182.0,,59077,0,193.0,199.0,181.0
2013-11-06,0.0,9.66,193.0,,97079,0,176.0,193.0,174.0
2013-10-31,0.0,3.53,176.0,,67419,0,170.0,176.0,168.0
2013-10-30,0.0,2.41,170.0,,57590,0,166.0,170.0,160.0
2013-10-29,0.0,0.61,166.0,,68595,0,165.0,168.0,160.0
2013-10-28,0.0,-1.2,165.0,,28422,0,167.0,168.0,162.0
2013-10-27,0.0,-1.76,167.0,,34123,0,170.0,168.0,157.0
2013-10-24,0.0,1.8,170.0,,20198,0,167.0,170.0,165.0
2013-10-23,0.0,1.21,167.0,,25741,0,165.0,167.0,160.0
2013-10-22,0.0,-1.79,165.0,,21064,0,168.0,168.0,160.0
2013-10-21,0.0,-0.59,168.0,,17977,0,169.0,172.0,165.0
2013-10-20,0.0,-0.59,169.0,,11234,0,170.0,171.0,165.0
2013-10-17,0.0,3.66,170.0,,3590,0,164.0,170.0,164.0
2013-10-10,0.0,5.81,164.0,,13270,0,155.0,164.0,157.0
2013-10-09,0.0,0.0,155.0,,17525,0,155.0,155.0,152.0
2013-10-08,0.0,-1.27,155.0,,15100,0,157.0,159.0,155.0
2013-10-07,0.0,0.0,157.0,,18733,0,157.0,162.0,156.0
2013-10-06,0.0,1.95,157.0,,12146,0,154.0,158.0,153.0
2013-10-03,0.0,0.0,154.0,,8108,0,154.0,154.0,149.0
2013-10-02,0.0,-1.91,154.0,,52517,0,157.0,157.0,150.0
2013-10-01,0.0,-4.27,157.0,,8349,0,164.0,166.0,157.0
2013-09-30,0.0,0.61,164.0,,1537,0,163.0,167.0,164.0
2013-09-29,0.0,-0.61,163.0,,3030,0,164.0,165.0,163.0
2013-09-26,0.0,1.86,164.0,,10220,0,161.0,173.0,162.0
2013-09-25,0.0,2.55,161.0,,6778,0,157.0,166.0,156.0
2013-09-24,0.0,1.29,157.0,,1180,0,155.0,157.0,152.0
2013-09-23,0.0,-1.9,155.0,,471,0,158.0,155.0,155.0
2013-09-22,0.0,-1.25,158.0,,560,0,160.0,160.0,157.0
2013-09-19,0.0,-0.62,160.0,,1948,0,161.0,162.0,157.0
2013-09-17,0.0,2.55,161.0,,507,0,157.0,161.0,154.0
2013-09-16,0.0,-5.42,157.0,,329,0,166.0,163.0,157.0
2013-09-15,0.0,3.75,166.0,,282,0,160.0,166.0,163.0
2013-09-12,0.0,-1.84,160.0,,600,0,163.0,162.0,160.0
2013-09-11,0.0,-1.81,163.0,,1849,0,166.0,168.0,163.0
2013-09-10,0.0,-1.78,166.0,,660,0,169.0,175.0,166.0
2013-09-09,0.0,0.0,169.0,,2047,0,169.0,172.0,166.0
2013-09-08,0.0,0.0,169.0,,1231,0,169.0,172.0,169.0
2013-09-05,0.0,0.0,169.0,,1176,0,169.0,169.0,166.0
2013-09-04,0.0,2.42,169.0,,3643,0,165.0,169.0,164.0
2013-09-03,0.0,-2.37,165.0,,1851,0,169.0,171.0,165.0
2013-09-02,0.0,0.0,169.0,,1333,0,169.0,171.0,167.0
2013-09-01,0.0,-0.59,169.0,,156,0,170.0,169.0,167.0
2013-08-29,0.0,1.8,170.0,,859,0,167.0,171.0,165.0
2013-08-27,0.0,0.0,167.0,,767,0,167.0,167.0,165.0
2013-08-26,0.0,3.73,167.0,,1924,0,161.0,167.0,159.0
2013-08-25,0.0,-3.01,161.0,,556,0,166.0,163.0,160.0
2013-08-20,0.0,1.84,166.0,,1102,0,163.0,166.0,161.0
2013-08-19,0.0,2.52,163.0,,713,0,159.0,163.0,158.0
2013-08-18,0.0,1.27,159.0,,3189,0,157.0,163.0,158.0
2013-08-15,0.0,-1.88,157.0,,614,0,160.0,160.0,157.0
2013-08-14,0.0,0.63,160.0,,1093,0,159.0,160.0,157.0
2013-08-13,0.0,-1.85,159.0,,3641,0,162.0,168.0,159.0
2013-08-12,0.0,3.85,162.0,,1832,0,156.0,162.0,155.0
2013-08-11,0.0,-7.14,156.0,,1563,0,168.0,165.0,156.0
2013-08-08,0.0,-1.75,168.0,,2231,0,171.0,171.0,168.0
2013-08-07,0.0,-0.58,171.0,,1481,0,172.0,175.0,170.0
2013-08-06,0.0,-2.27,172.0,,391,0,176.0,175.0,172.0
2013-08-05,0.0,-3.3,176.0,,143,0,182.0,179.0,176.0
2013-08-04,0.0,4.0,182.0,,653,0,175.0,182.0,178.0
2013-08-01,0.0,2.34,175.0,,4726,0,171.0,180.0,174.0
2013-07-31,0.0,1.18,171.0,,1821,0,169.0,171.0,167.0
2013-07-30,0.0,3.68,169.0,,690,0,163.0,169.0,165.0
2013-07-29,0.0,1.88,163.0,,1196,0,160.0,163.0,162.0
2013-07-28,0.0,1.27,160.0,,1824,0,158.0,163.0,158.0
2013-07-25,0.0,1.94,158.0,,2518,0,155.0,161.0,158.0
2013-07-24,0.0,0.65,155.0,,1423,0,154.0,155.0,152.0
2013-07-23,0.0,2.67,154.0,,1246,0,150.0,154.0,147.0
2013-07-22,0.0,-3.23,150.0,,2360,0,155.0,153.0,150.0
2013-07-21,0.0,-6.06,155.0,,1141,0,165.0,162.0,155.0
2013-07-18,0.0,-3.51,165.0,,95,0,171.0,168.0,165.0
2013-07-15,0.0,-0.58,171.0,,110,0,172.0,171.0,169.0
2013-07-14,0.0,7.5,172.0,,239,0,160.0,172.0,159.0
2013-07-11,0.0,0.0,160.0,,741,0,160.0,163.0,160.0
2013-07-10,0.0,1.91,160.0,,1169,0,157.0,160.0,160.0
2013-07-09,0.0,1.95,157.0,,940,0,154.0,159.0,157.0
2013-07-08,0.0,-1.91,154.0,,425,0,157.0,155.0,151.0
2013-07-07,0.0,-1.26,157.0,,15,0,159.0,157.0,157.0
2013-07-04,0.0,0.0,159.0,,641,0,159.0,162.0,158.0
2013-07-03,0.0,2.58,159.0,,1080,0,155.0,159.0,156.0
2013-07-02,0.0,-1.9,155.0,,2012,0,158.0,158.0,152.0
2013-07-01,0.0,-1.86,158.0,,3204,0,161.0,160.0,158.0
2013-06-30,0.0,2.55,161.0,,1507,0,157.0,161.0,157.0
2013-06-27,0.0,2.61,157.0,,1660,0,153.0,160.0,153.0
2013-06-26,0.0,2.68,153.0,,2618,0,149.0,156.0,150.0
2013-06-25,0.0,-0.67,149.0,,4291,0,150.0,152.0,146.0
2013-06-24,0.0,-3.85,150.0,,1088,0,156.0,155.0,150.0
2013-06-23,0.0,-3.7,156.0,,200,0,162.0,159.0,156.0
2013-06-20,0.0,0.0,162.0,,200,0,162.0,162.0,159.0
2013-06-19,0.0,-0.61,162.0,,271,0,163.0,165.0,162.0
2013-06-18,0.0,0.62,163.0,,696,0,162.0,163.0,161.0
2013-06-16,0.0,0.0,162.0,,252,0,162.0,162.0,159.0
2013-06-13,0.0,0.0,162.0,,602,0,162.0,162.0,162.0
2013-06-12,0.0,-1.82,162.0,,3937,0,165.0,165.0,161.0
2013-06-11,0.0,-1.79,165.0,,240,0,168.0,165.0,165.0
2013-06-10,0.0,2.44,168.0,,3093,0,164.0,168.0,163.0
2013-06-09,0.0,-1.2,164.0,,425,0,166.0,166.0,164.0
2013-06-06,0.0,-1.19,166.0,,1250,0,168.0,168.0,165.0
2013-06-05,0.0,-1.18,168.0,,937,0,170.0,173.0,168.0
2013-06-04,0.0,-1.73,170.0,,20,0,173.0,170.0,170.0
2013-06-03,0.0,-1.7,173.0,,2302,0,176.0,174.0,172.0
2013-06-02,0.0,-0.56,176.0,,1170,0,177.0,176.0,173.0
2013-05-30,0.0,4.12,177.0,,1153,0,170.0,177.0,170.0
2013-05-28,0.0,-8.11,170.0,,3812,0,185.0,182.0,170.0
2013-05-27,0.0,-3.14,185.0,,3065,0,191.0,204.0,185.0
2013-05-26,0.0,9.77,191.0,,120,0,174.0,191.0,177.0
2013-05-23,0.0,9.43,174.0,,60,0,159.0,174.0,162.0
2013-05-22,0.0,9.66,159.0,,40,0,145.0,159.0,152.0
2013-05-09,0.0,0.0,145.0,,135,0,145.0,145.0,145.0
2013-05-08,0.0,0.38,532.0,,140540,0,530.0,543.0,490.0
2013-05-07,0.0,1.73,530.0,,29919,0,521.0,558.0,496.0
2013-05-06,0.0,2.56,521.0,,293777,0,508.0,521.0,458.0
2013-05-05,0.0,-9.93,508.0,,11463,0,564.0,555.0,508.0
2013-05-02,0.0,-9.9,564.0,,8316,0,626.0,615.0,564.0
2013-04-30,0.0,-9.93,626.0,,13940,0,695.0,695.0,626.0
2013-04-29,0.0,-0.57,695.0,,2872,0,699.0,708.0,678.0
2013-04-28,0.0,-0.85,699.0,,1420,0,705.0,719.0,695.0
2013-04-25,0.0,0.71,705.0,,2462,0,700.0,706.0,686.0
2013-04-23,0.0,-0.28,700.0,,7895,0,702.0,715.0,686.0
2013-04-22,0.0,-0.43,702.0,,560,0,705.0,703.0,689.0
2013-04-21,0.0,-0.7,705.0,,741,0,710.0,710.0,697.0
2013-04-18,0.0,-3.79,710.0,,1677,0,738.0,733.0,701.0
2013-04-17,0.0,-1.99,738.0,,738,0,753.0,751.0,738.0
2013-04-16,0.0,-0.66,753.0,,2554,0,758.0,753.0,739.0
2013-04-15,0.0,4.26,758.0,,3605,0,727.0,760.0,720.0
2013-04-11,0.0,6.13,727.0,,6685,0,685.0,744.0,685.0
2013-04-09,0.0,6.86,685.0,,5896,0,641.0,703.0,640.0
2013-04-08,0.0,0.31,641.0,,963,0,639.0,650.0,638.0
2013-04-07,0.0,0.16,639.0,,1254,0,638.0,645.0,636.0
2013-04-04,0.0,-0.31,638.0,,926,0,640.0,641.0,631.0
2013-04-03,0.0,-0.16,640.0,,2128,0,641.0,652.0,636.0
2013-04-02,0.0,0.16,641.0,,1725,0,640.0,645.0,635.0
2013-04-01,0.0,-1.54,640.0,,2200,0,650.0,645.0,637.0
2013-03-31,0.0,-0.31,650.0,,597,0,652.0,659.0,648.0
2013-03-28,0.0,-1.95,652.0,,1635,0,665.0,675.0,652.0
2013-03-27,0.0,0.0,665.0,,596,0,665.0,675.0,656.0
2013-03-25,0.0,1.99,665.0,,520,0,652.0,665.0,647.0
2013-03-24,0.0,-2.1,652.0,,1488,0,666.0,670.0,640.0
2013-03-21,0.0,-1.04,666.0,,924,0,673.0,693.0,666.0
2013-03-20,0.0,-1.9,673.0,,781,0,686.0,673.0,673.0
2013-03-19,0.0,0.88,686.0,,474,0,680.0,694.0,680.0
2013-03-18,0.0,0.0,680.0,,819,0,680.0,680.0,670.0
2013-03-17,0.0,0.0,680.0,,1952,0,680.0,688.0,673.0
2013-03-14,0.0,3.03,680.0,,2852,0,660.0,680.0,653.0
2013-03-13,0.0,2.33,660.0,,523,0,645.0,660.0,650.0
2013-03-11,0.0,2.06,645.0,,3483,0,632.0,652.0,630.0
2013-03-07,0.0,-4.24,632.0,,4218,0,660.0,673.0,632.0
2013-03-06,0.0,-1.49,660.0,,3071,0,670.0,683.0,657.0
2013-03-05,0.0,-1.9,670.0,,1618,0,683.0,696.0,670.0
2013-03-04,0.0,0.44,683.0,,1069,0,680.0,683.0,667.0
2013-03-03,0.0,-0.87,680.0,,1388,0,686.0,714.0,680.0
2013-02-28,0.0,-0.15,686.0,,1121,0,687.0,702.0,685.0
2013-02-27,0.0,-1.86,687.0,,1607,0,700.0,700.0,685.0
2013-02-26,0.0,-3.45,700.0,,1765,0,725.0,714.0,695.0
2013-02-25,0.0,-4.86,725.0,,2420,0,762.0,770.0,717.0
2013-02-24,0.0,-2.31,762.0,,3195,0,780.0,779.0,736.0
2013-02-21,0.0,-1.39,780.0,,2252,0,791.0,805.0,780.0
2013-02-20,0.0,-1.12,791.0,,3091,0,800.0,816.0,784.0
2013-02-19,0.0,-0.99,800.0,,3313,0,808.0,825.0,797.0
2013-02-14,0.0,-9.92,808.0,,13260,0,897.0,880.0,808.0
2013-02-13,0.0,1.93,897.0,,21258,0,880.0,905.0,840.0
2013-02-12,0.0,-2.22,880.0,,4393,0,900.0,912.0,880.0
2013-02-10,0.0,-2.17,900.0,,618,0,920.0,905.0,900.0
2013-02-07,0.0,1.43,920.0,,1392,0,907.0,920.0,892.0
2013-02-06,0.0,-1.52,907.0,,1037,0,921.0,917.0,905.0
2013-02-05,0.0,0.11,921.0,,1868,0,920.0,930.0,910.0
2013-02-04,0.0,0.11,920.0,,1557,0,919.0,930.0,902.0
2013-02-03,0.0,-1.18,919.0,,2609,0,930.0,940.0,919.0
2013-01-31,0.0,0.0,930.0,,1442,0,930.0,940.0,925.0
2013-01-30,0.0,0.65,930.0,,855,0,924.0,936.0,921.0
2013-01-28,0.0,-0.65,924.0,,2067,0,930.0,932.0,915.0
2013-01-27,0.0,-2.11,930.0,,1613,0,950.0,965.0,920.0
2013-01-24,0.0,-2.06,950.0,,1717,0,970.0,989.0,925.0
2013-01-23,0.0,2.11,970.0,,1882,0,950.0,975.0,935.0
2013-01-22,0.0,3.6,950.0,,607,0,917.0,969.0,904.0
2013-01-21,0.0,1.55,917.0,,1308,0,903.0,935.0,895.0
2013-01-20,0.0,-2.48,903.0,,1931,0,926.0,935.0,884.0
2013-01-17,0.0,-0.54,926.0,,3713,0,931.0,932.0,915.0
2013-01-16,0.0,-2.0,931.0,,1956,0,950.0,940.0,919.0
2013-01-15,0.0,-5.0,950.0,,4209,0,1000.0,999.0,948.0
2013-01-13,0.0,-4.76,1000.0,,8816,0,1050.0,1029.0,990.0
2013-01-10,0.0,-9.95,1050.0,,2609,0,1166.0,1143.0,1050.0
2013-01-09,0.0,-9.96,1166.0,,5575,0,1295.0,1270.0,1166.0
2013-01-08,0.0,3.52,1295.0,,8462,0,1251.0,1321.0,1251.0
2013-01-07,0.0,9.93,1251.0,,11538,0,1138.0,1251.0,1194.0
2013-01-06,0.0,9.95,1138.0,,4983,0,1035.0,1138.0,1086.0
2013-01-03,0.0,9.99,1035.0,,1573,0,941.0,1035.0,959.0
2013-01-02,0.0,9.93,941.0,,8498,0,856.0,941.0,898.0
2013-01-01,0.0,9.88,856.0,,40,0,779.0,856.0,817.0
2012-12-31,0.0,9.87,779.0,,6361,0,709.0,779.0,744.0
2012-12-27,0.0,9.92,709.0,,1260,0,645.0,709.0,677.0
2012-12-26,0.0,5.91,645.0,,91,0,609.0,645.0,598.0
2012-12-24,0.0,0.0,609.0,,1292,0,534.0,609.0,544.0
2012-12-23,0.0,8.98,534.0,,40,0,490.0,534.0,514.0
2012-12-20,0.0,8.89,490.0,,31,0,450.0,490.0,472.0
2012-12-19,0.0,8.7,450.0,,40,0,414.0,450.0,434.0
2012-12-18,0.0,0.0,414.0,,10,0,414.0,414.0,414.0
2012-12-17,0.0,-61.96,256.0,,22060,0,673.0,395.0,256.0
