DATE,CHANGE,CHANGE %,CLOSE,TURNOVER,VOLUME,TRADE,OPEN,HIGH,LOW
2026-05-08,2.0,0.32,636.0,14.45,2274,27,647.0,647.0,627.0
2026-05-07,10.0,1.6,634.0,4.78,767,14,642.5,642.5,623.5
2026-05-06,0.0,0.0,624.0,3.7,598,13,624.0,624.0,616.1
2026-05-05,8.8,1.43,624.0,24.91,4035,40,616.0,624.0,615.0
2026-05-04,-11.8,-1.88,615.2,23.59,3811,47,642.0,642.0,615.2
2026-04-30,-2.8,-0.44,627.0,6.09,972,21,619.0,635.0,619.0
2026-04-29,3.8,0.61,629.8,33.93,5450,58,625.0,629.8,618.0
2026-04-28,-10.2,-1.6,626.0,24.13,3814,53,636.2,640.0,626.0
2026-04-27,-8.8,-1.36,636.2,14.79,2319,32,645.0,650.0,634.0
2026-04-24,9.0,1.42,645.0,18.46,2900,35,636.0,649.0,630.0
2026-04-23,-5.5,-0.86,636.0,14.7,2317,27,655.0,655.0,629.0
2026-04-22,-8.5,-1.31,641.5,34.42,5413,61,650.0,650.0,628.0
2026-04-21,2.0,0.31,650.0,17.45,2693,32,629.0,655.0,629.0
2026-04-20,-8.0,-1.22,648.0,18.97,2923,32,665.0,665.0,648.0
2026-04-17,-7.0,-1.06,656.0,38.59,5881,34,656.1,660.0,655.2
2026-04-16,-1.0,-0.15,663.0,72.38,10861,58,664.0,677.2,656.1
2026-04-15,9.0,1.37,664.0,83.67,12530,80,664.9,670.0,655.4
2026-04-13,15.0,2.34,655.0,73.09,11203,59,641.0,655.0,641.0
2026-04-10,-5.0,-0.78,640.0,71.32,11020,85,657.8,657.8,635.0
2026-04-09,10.0,1.57,645.0,89.61,14013,84,636.0,646.0,631.0
2026-04-08,8.0,1.28,635.0,27.12,4285,56,627.0,643.0,627.0
2026-04-07,-7.3,-1.15,627.0,20.85,3308,51,639.5,639.5,625.0
2026-04-06,14.3,2.31,634.3,83.57,13268,71,632.4,638.9,622.0
2026-04-05,-20.0,-3.12,620.0,56.86,9076,108,633.0,644.5,620.0
2026-04-02,-7.0,-1.08,640.0,73.79,11473,66,657.0,658.0,638.0
2026-04-01,-11.0,-1.67,647.0,27.81,4302,56,658.0,658.0,644.9
2026-03-31,7.0,1.08,658.0,41.95,6440,71,651.0,660.0,643.0
2026-03-30,-12.5,-1.88,651.0,44.83,6837,69,660.0,669.0,651.0
2026-03-29,-12.5,-1.85,663.5,54.07,8123,87,682.0,682.0,660.0
2026-03-26,-4.0,-0.59,676.0,38.2,5640,55,672.0,684.0,670.0
2026-03-25,0.0,0.0,680.0,63.52,9371,72,688.0,688.0,671.0
2026-03-24,0.0,0.0,680.0,33.34,4934,70,690.0,690.4,668.0
2026-03-23,0.0,0.0,680.0,65.1,9683,78,680.0,680.0,669.0
2026-03-22,2.5,0.37,680.0,65.76,9662,99,689.0,690.0,677.0
2026-03-19,6.5,0.97,677.5,,16961,105,684.0,684.0,671.1
2026-03-17,-7.0,-1.03,671.0,28.96,4323,60,670.0,677.6,665.1
2026-03-16,-3.0,-0.44,678.0,46.62,6968,69,681.0,681.9,660.0
2026-03-15,-13.0,-1.87,681.0,72.11,10581,85,690.0,692.0,678.1
2026-03-12,4.1,0.59,694.0,,14629,72,689.9,694.0,683.0
2026-03-11,-0.1,-0.01,689.9,,25893,117,677.2,690.0,670.2
2026-03-10,20.0,2.99,690.0,,44376,287,683.3,696.9,675.0
2026-03-09,13.1,1.99,670.0,,110,3,670.0,670.0,670.0
2026-03-03,13.9,2.16,656.9,73.16,11216,86,654.9,667.0,640.0
2026-03-01,-0.1,-0.02,643.0,23.92,3698,43,633.1,652.0,633.1
2026-02-26,-2.9,-0.45,643.1,13.32,2057,23,645.0,650.0,638.0
2026-02-25,9.0,1.41,646.0,36.41,5661,35,636.4,647.0,636.1
2026-02-24,5.0,0.79,637.0,22.79,3593,52,635.2,638.0,633.0
2026-02-23,-3.0,-0.47,632.0,21.97,3473,33,633.0,639.0,630.2
2026-02-22,-12.0,-1.85,635.0,56.49,8882,84,636.0,644.0,635.0
2026-02-17,-7.0,-1.07,647.0,99.89,15524,87,645.1,649.0,641.0
2026-02-16,4.0,0.62,654.0,47.3,7278,63,650.0,655.0,647.0
2026-02-12,4.7,0.73,650.0,,23323,204,645.0,655.0,639.0
2026-02-11,-9.7,-1.48,645.3,85.07,13090,81,665.0,665.0,645.3
2026-02-10,-4.0,-0.61,655.0,,26743,141,656.0,668.9,648.0
2026-02-09,-10.0,-1.49,659.0,57.84,8752,79,664.0,664.0,659.0
2026-02-08,-2.0,-0.3,669.0,,24215,129,664.0,683.6,657.6
2026-02-05,11.0,1.67,671.0,81.73,12397,100,660.2,671.0,651.0
2026-02-04,-0.1,-0.02,660.0,61.62,9369,99,673.0,673.0,650.1
2026-02-03,-1.9,-0.29,660.1,34.54,5215,49,662.2,669.0,660.0
2026-02-02,-7.0,-1.05,662.0,,17849,159,682.0,682.0,655.0
2026-02-01,-2.1,-0.31,669.0,57.22,8566,60,661.0,679.0,661.0
2026-01-29,-0.1,-0.01,671.1,,21273,149,671.2,689.0,670.0
2026-01-28,5.2,0.78,671.2,78.04,11623,94,679.3,679.3,668.0
2026-01-27,-12.0,-1.77,666.0,,22556,154,681.0,689.0,665.0
2026-01-26,-15.0,-2.16,678.0,,20807,158,698.0,705.9,678.0
2026-01-25,-2.0,-0.29,693.0,,19932,134,694.0,704.9,687.0
2026-01-22,6.0,0.87,695.0,66.48,9663,77,681.0,695.0,678.1
2026-01-21,4.0,0.58,689.0,,33402,159,698.0,700.0,685.0
2026-01-20,21.0,3.16,685.0,,16236,122,675.0,688.0,667.2
2026-01-18,4.0,0.61,664.0,,15192,136,660.2,672.0,658.6
2026-01-14,-2.9,-0.44,660.0,,23012,145,673.0,673.9,660.0
2026-01-13,-0.1,-0.02,662.9,,16607,110,661.0,663.0,650.2
2026-01-12,-3.0,-0.45,663.0,,29098,178,676.0,679.0,658.0
2026-01-08,-16.0,-2.35,666.0,,21018,181,694.0,694.0,666.0
2026-01-07,-18.0,-2.57,682.0,,90636,280,710.0,712.0,668.0
2026-01-06,-5.0,-0.71,700.0,,38196,202,692.0,733.0,692.0
2026-01-05,-5.0,-0.7,705.0,,65309,335,695.8,766.0,695.8
2026-01-04,-32.0,-4.31,710.0,,44051,300,727.2,727.2,695.0
2026-01-01,4.0,0.54,742.0,,31787,136,723.7,780.0,710.0
2025-12-31,6.1,0.83,738.0,,166252,625,717.3,796.0,681.1
2025-12-29,34.9,5.01,731.9,,98469,286,695.0,739.8,695.0
2025-12-28,17.0,2.5,697.0,85.21,12391,95,690.0,730.0,671.5
2025-12-24,10.0,1.49,680.0,61.94,9153,92,669.5,708.0,662.4
2025-12-23,-4.0,-0.59,670.0,41.37,6145,45,660.6,684.0,623.0
2025-12-22,4.37,0.65,674.0,79.49,11833,88,683.0,688.0,662.0
2025-12-21,-13.6,-1.83,729.9,,35697,165,730.0,773.0,727.0
2025-12-18,13.7,1.88,743.5,,26157,164,715.3,749.0,715.3
2025-12-17,9.8,1.36,729.8,,22975,115,705.6,732.0,705.6
2025-12-16,15.1,2.14,720.0,,17582,101,704.9,734.9,704.9
2025-12-15,13.9,2.01,704.9,69.05,9834,88,680.0,706.8,680.0
2025-12-14,0.0,0.0,691.0,,15262,19,686.5,700.7,686.5
2025-12-11,-8.0,-1.14,691.0,52.05,7477,14,686.0,699.0,686.0
2025-12-10,8.0,1.16,699.0,7.48,1071,12,691.0,700.0,691.0
2025-12-09,4.0,0.58,691.0,16.76,2403,16,690.1,700.7,690.1
2025-12-08,-3.3,-0.48,687.0,19.77,2884,22,690.3,696.7,683.1
2025-12-07,-8.1,-1.16,690.3,18.52,2669,23,700.0,712.0,690.0
2025-12-03,2.4,0.34,698.4,29.02,4154,38,695.5,702.0,695.0
2025-12-02,-0.1,-0.01,696.0,9.3,1328,31,696.1,705.0,688.3
2025-12-01,-13.9,-1.96,696.1,8.44,1211,18,709.8,709.9,695.0
2025-11-30,-5.0,-0.7,710.0,21.74,3086,41,701.0,718.0,700.7
2025-11-27,15.0,2.14,715.0,68.31,9675,67,686.0,715.0,686.0
2025-11-26,10.0,1.45,700.0,33.48,4793,33,689.5,705.0,689.5
2025-11-25,-8.0,-1.15,690.0,22.05,3214,44,695.0,697.0,675.1
2025-11-24,2.9,0.42,698.0,39.72,5724,34,695.0,698.0,687.0
2025-11-23,9.0,1.31,695.1,28.66,4111,35,697.0,700.0,690.0
2025-11-20,2.0,0.29,686.1,4.19,610,37,695.0,695.0,684.0
2025-11-19,-12.9,-1.85,684.1,87.06,12560,31,697.0,709.9,683.3
2025-11-18,22.0,3.26,697.0,32.26,4690,32,677.0,700.0,676.6
2025-11-17,0.0,0.0,675.0,8.42,1245,24,674.8,685.0,674.8
2025-11-16,15.0,2.27,675.0,24.6,3660,36,673.0,675.0,661.0
2025-11-13,-8.0,-1.2,660.0,31.26,4694,36,679.0,679.0,655.5
2025-11-12,-10.0,-1.47,668.0,14.04,2083,40,685.0,685.0,668.0
2025-11-11,4.0,0.59,678.0,12.8,1898,25,674.0,686.0,673.0
2025-11-10,-3.0,-0.44,674.0,8.54,1272,22,666.0,690.0,665.0
2025-11-09,-10.0,-1.46,677.0,17.1,2524,23,687.0,689.6,676.1
2025-11-06,9.7,1.43,687.0,22.08,3259,45,663.9,687.0,663.9
2025-11-05,-9.8,-1.43,677.3,23.39,3446,20,680.0,692.0,677.3
2025-11-04,-12.9,-1.84,687.1,29.7,4307,26,690.0,691.0,687.1
2025-11-03,-5.0,-0.71,700.0,62.85,8981,51,700.0,710.0,679.0
2025-11-02,20.0,2.92,705.0,24.24,3445,50,698.7,712.0,685.1
2025-10-30,5.0,0.74,685.0,38.27,5556,45,689.9,700.0,670.0
2025-10-29,1.9,0.28,680.0,61.83,9060,79,691.0,718.0,675.0
2025-10-28,18.1,2.74,678.1,34.67,5143,35,672.8,684.0,659.4
2025-10-26,23.5,3.69,660.0,1.51,235,9,637.0,660.0,637.0
2025-10-19,0.2,0.03,636.5,19.73,3035,20,630.0,652.8,630.0
2025-10-16,-3.7,-0.58,636.3,13.73,2147,29,652.8,652.8,636.3
2025-10-15,-5.1,-0.79,640.0,28.12,4409,38,657.9,657.9,635.2
2025-10-14,-17.9,-2.7,645.1,21.68,3333,35,676.0,676.0,645.0
2025-10-13,12.0,1.84,663.0,21.11,3180,32,642.0,671.9,642.0
2025-10-12,-41.0,-5.92,651.0,38.74,5992,74,678.2,678.2,633.0
2025-10-09,16.0,2.37,692.0,26.46,3859,46,689.5,703.0,666.5
2025-10-08,-5.0,-0.73,676.0,23.54,3534,43,671.0,676.0,660.1
2025-10-07,-14.1,-2.03,681.0,29.14,4266,32,681.3,705.0,681.0
2025-09-28,1.1,0.16,695.1,10.83,1546,30,700.0,710.0,695.0
2025-09-25,1.4,0.2,694.0,63.7,9074,37,696.0,708.8,694.0
2025-09-24,-19.3,-2.71,692.6,42.2,6032,61,712.0,713.9,692.0
2025-09-23,41.14,6.13,711.9,44.71,6390,67,680.0,711.9,670.0
2025-09-21,17.76,2.72,670.76,54.51,8196,80,640.0,681.0,640.0
2025-09-18,-12.57,-1.89,653.0,1.3,200,3,653.0,653.0,653.0
2025-09-08,-14.6,-2.15,665.57,52.59,7889,51,680.0,680.0,664.2
2025-09-07,-5.0,-0.73,680.17,21.41,3144,58,680.0,689.0,677.6
2025-09-04,-8.73,-1.26,685.17,50.48,7379,59,682.0,690.0,682.0
2025-09-03,-5.58,-0.8,693.9,,41745,59,709.9,709.9,690.2
2025-09-02,-2.91,-0.41,699.48,50.64,7240,89,700.0,705.0,697.4
2025-09-01,-4.61,-0.65,702.39,43.82,6239,52,714.0,714.0,700.0
2025-08-31,-7.29,-1.02,707.0,54.76,7769,62,701.0,710.0,701.0
2025-08-28,-2.35,-0.33,714.29,82.83,11590,84,729.0,729.0,705.0
2025-08-27,6.04,0.85,716.64,98.04,13715,102,711.0,720.0,711.0
2025-08-26,2.61,0.37,710.6,33.45,4707,47,693.9,714.0,693.9
2025-08-25,-10.01,-1.39,707.99,43.21,6110,72,710.0,717.0,701.1
2025-08-24,-9.62,-1.32,718.0,51.86,7250,67,727.62,734.0,686.0
2025-08-21,-5.69,-0.78,727.62,,19798,145,744.0,744.9,720.0
2025-08-20,0.26,0.04,733.31,,54972,205,725.0,741.0,719.1
2025-08-19,-0.03,0.0,733.05,98.58,13388,112,746.0,761.0,725.0
2025-08-18,18.76,2.63,733.08,,28667,186,714.0,749.7,710.0
2025-08-17,8.56,1.21,714.32,37.15,5190,85,707.0,725.0,707.0
2025-08-14,1.81,0.26,705.76,50.97,7233,60,703.95,709.9,703.1
2025-08-13,-1.64,-0.23,703.95,27.18,3861,52,705.0,706.0,702.2
2025-08-12,-9.39,-1.31,705.59,57.13,8082,94,710.0,712.5,704.2
2025-08-11,-0.46,-0.06,714.98,46.65,6516,61,725.0,725.0,712.2
2025-08-07,-1.06,-0.15,715.44,62.02,8643,107,716.5,729.0,711.1
2025-08-06,-1.86,-0.26,716.5,25.32,3527,56,710.0,725.0,710.0
2025-08-05,-0.04,-0.01,718.36,41.99,5855,88,712.0,734.4,712.0
2025-08-04,-0.31,-0.04,718.4,61.82,8649,100,726.0,740.5,711.0
2025-08-03,-11.21,-1.54,718.71,78.43,10931,144,731.0,734.0,707.6
2025-07-31,-12.53,-1.69,729.92,,13844,178,735.0,749.0,727.0
2025-07-30,-8.33,-1.11,742.45,,19101,208,765.0,765.0,741.0
2025-07-29,11.11,1.5,750.78,,22480,171,754.4,769.0,745.0
2025-07-28,-24.43,-3.2,739.67,,34641,306,751.1,770.0,730.0
2025-07-27,33.89,4.64,764.1,,41708,334,744.8,774.0,742.0
2025-07-24,-6.99,-0.95,730.21,88.26,12055,151,750.0,751.0,725.0
2025-07-23,-3.62,-0.49,737.2,,20209,176,740.3,767.0,724.0
2025-07-22,23.49,3.27,740.82,,17164,169,731.6,759.0,725.0
2025-07-21,0.72,0.1,717.33,49.58,6920,93,718.0,721.1,708.7
2025-07-20,2.09,0.29,716.61,,25840,222,725.0,742.5,710.5
2025-07-17,37.74,5.58,714.52,,14834,158,685.0,719.9,685.0
2025-07-16,-5.52,-0.81,676.78,64.56,9515,87,689.0,689.0,673.0
2025-07-15,6.15,0.91,682.3,30.69,4519,42,674.1,683.0,674.1
2025-07-14,-5.88,-0.86,676.15,28.3,4177,52,680.1,685.0,675.6
2025-07-13,3.55,0.52,682.03,72.5,10558,78,692.0,695.0,678.6
2025-07-10,17.47,2.64,678.48,69.57,10179,97,674.2,693.6,672.3
2025-07-09,2.01,0.31,661.01,41.38,6230,90,672.0,684.0,660.4
2025-07-08,1.66,0.25,659.0,91.44,13924,130,657.1,669.8,653.0
2025-07-07,-13.78,-2.05,657.34,62.91,9493,126,671.1,684.4,657.0
2025-07-06,-2.51,-0.37,671.12,25.74,3817,52,670.0,683.3,670.0
2025-07-03,-0.79,-0.12,673.63,17.71,2618,53,687.5,687.8,671.4
2025-07-02,-4.05,-0.6,674.42,44.35,6496,58,691.8,691.8,672.0
2025-07-01,-1.36,-0.2,678.47,21.19,3120,50,679.83,685.5,668.0
2025-06-30,-4.12,-0.6,679.83,47.65,7009,48,690.0,690.0,676.0
2025-06-29,5.92,0.87,683.95,13.01,1925,46,678.03,697.0,665.0
2025-06-26,21.4,3.26,678.03,65.64,9692,106,669.0,695.0,661.0
2025-06-25,-0.46,-0.07,656.63,22.76,3445,35,668.9,669.0,656.0
2025-06-24,-6.75,-1.02,657.09,55.97,8354,68,651.1,690.0,651.1
2025-06-23,2.61,0.39,663.84,69.98,10764,78,649.0,674.0,640.0
2025-06-22,-13.8,-2.04,661.23,61.65,9266,75,688.5,688.5,660.0
2025-06-19,-0.59,-0.09,675.03,61.55,9129,85,688.0,688.9,670.3
2025-06-18,-13.83,-2.01,675.62,50.03,7337,95,703.2,703.2,674.1
2025-06-17,1.78,0.26,689.45,47.39,6883,88,701.4,720.0,672.0
2025-06-16,-13.47,-1.92,687.67,,41635,242,715.1,729.0,650.8
2025-06-15,-32.52,-4.43,701.14,,27317,164,748.3,748.3,697.0
2025-06-12,2.87,0.39,733.66,80.02,11059,131,729.0,743.0,716.5
2025-06-11,-7.22,-0.98,730.79,18.63,2557,38,725.1,744.0,718.0
2025-06-10,6.42,0.88,738.01,,13997,159,746.1,746.1,717.5
2025-06-09,40.2,5.81,731.59,,14930,113,705.0,747.0,678.3
2025-06-08,-0.11,-0.02,691.39,6.29,914,24,704.0,704.0,685.0
2025-06-05,11.6,1.71,691.5,72.26,10460,71,693.0,705.0,680.0
2025-06-04,-6.79,-0.99,679.9,49.85,7364,52,696.0,696.0,673.0
2025-06-03,-4.97,-0.72,686.69,35.69,5195,40,695.0,695.0,685.2
2025-06-02,2.96,0.43,691.66,23.86,3423,43,700.0,727.9,690.0
2025-05-28,-9.3,-1.33,688.7,40.47,5849,54,684.1,709.0,684.1
2025-05-27,8.77,1.27,698.0,16.1,2334,30,699.9,700.0,685.0
2025-05-26,-3.67,-0.53,689.23,78.82,11254,70,706.0,719.8,681.5
2025-05-25,-3.61,-0.52,692.9,8.49,1216,34,690.0,710.0,690.0
2025-05-22,-11.56,-1.63,696.51,43.76,6217,81,700.0,715.0,695.9
2025-05-21,2.4,0.34,708.07,61.79,8657,119,719.7,762.0,705.0
2025-05-20,10.35,1.49,705.67,68.6,9777,120,685.0,737.4,682.0
2025-05-19,24.55,3.66,695.32,35.41,5149,84,679.9,699.0,672.2
2025-05-18,-1.51,-0.22,670.77,40.01,5966,77,667.1,685.7,667.0
2025-05-15,-4.89,-0.72,672.28,33.42,4945,75,680.0,691.0,669.0
2025-05-14,-21.88,-3.13,677.17,73.53,10689,127,712.5,713.0,676.2
2025-05-13,-11.76,-1.65,699.05,88.23,12456,121,724.0,729.9,696.1
2025-05-11,-22.43,-3.06,710.81,99.6,13794,116,735.0,746.0,705.9
2025-05-08,-2.62,-0.36,733.24,89.29,12167,108,735.1,748.0,722.4
2025-05-07,3.69,0.5,735.86,73.06,9982,103,717.7,745.6,717.7
2025-05-06,8.17,1.13,732.17,52.24,7195,64,738.0,738.0,717.1
2025-05-05,-13.64,-1.85,724.0,44.11,6056,67,752.0,779.0,722.8
2025-05-04,-5.55,-0.75,737.64,69.99,9261,102,757.0,800.0,737.0
2025-04-30,12.51,1.71,743.19,39.98,5382,72,716.1,759.9,716.1
2025-04-29,-18.84,-2.51,730.68,59.89,8151,72,764.0,764.0,728.6
2025-04-28,-12.71,-1.67,749.52,43.33,5686,65,777.4,780.0,749.0
2025-04-27,-25.69,-3.26,762.23,,16761,142,800.0,832.0,755.0
2025-04-24,-60.36,-7.12,787.92,,16093,137,831.4,832.0,780.0
2025-04-23,2.83,0.33,848.28,,37331,169,829.0,862.0,786.0
2025-04-22,-30.41,-3.47,845.45,,75170,288,876.0,876.0,795.3
2025-04-21,72.86,9.07,875.86,,40488,122,802.0,881.0,793.9
2025-04-20,-12.05,-1.48,803.0,38.38,4750,32,806.0,831.0,803.0
2025-04-17,14.94,1.87,815.05,35.38,4351,76,814.9,824.0,800.0
2025-04-16,5.6,0.7,800.11,58.57,7351,62,800.0,810.0,785.0
2025-04-15,15.99,2.05,794.51,36.93,4661,41,763.0,804.0,763.0
2025-04-13,-0.85,-0.11,778.52,15.54,1999,39,794.9,794.9,765.4
2025-04-10,-11.77,-1.49,779.37,14.92,1905,36,800.0,800.0,777.3
2025-04-09,-4.18,-0.53,791.14,56.73,7104,57,805.0,827.3,782.1
2025-04-08,3.99,0.5,795.32,55.77,7085,72,776.0,799.3,775.6
2025-04-07,-10.67,-1.33,791.33,29.45,3681,39,802.0,810.0,791.2
2025-04-03,-0.93,-0.12,802.0,19.57,2446,29,803.0,816.0,796.0
2025-04-02,-3.45,-0.43,802.93,,17899,102,821.3,824.9,798.0
2025-04-01,-8.62,-1.06,806.38,32.62,4065,43,829.9,829.9,795.0
2025-03-30,3.04,0.37,815.0,26.31,3203,30,828.0,829.0,805.0
2025-03-27,27.05,3.45,811.96,,12990,68,790.0,814.0,785.0
2025-03-26,-4.58,-0.58,784.91,68.55,8713,65,805.2,805.2,766.1
2025-03-25,-34.41,-4.18,789.49,39.49,4984,77,807.5,840.0,780.1
2025-03-24,5.9,0.72,823.9,35.48,4323,53,834.3,834.3,795.0
2025-03-23,-13.56,-1.63,818.0,53.8,6566,54,848.1,882.3,815.5
2025-03-20,-7.44,-0.89,831.56,81.34,9792,82,826.9,850.0,826.6
2025-03-19,-11.0,-1.29,839.0,45.67,5430,58,840.0,865.0,836.4
2025-03-18,1.0,0.12,850.0,,14988,76,848.0,880.0,828.2
2025-03-17,-24.0,-2.75,849.0,,13725,93,856.0,890.0,833.0
2025-03-16,-11.0,-1.24,873.0,,16085,68,901.0,919.0,860.1
2025-03-12,24.0,2.79,884.0,,31041,214,877.1,940.0,850.0
2025-03-11,-11.1,-1.27,860.0,,11994,73,886.0,886.0,846.7
2025-03-10,-17.9,-2.01,871.1,93.32,10601,101,880.0,900.0,870.0
2025-03-09,-15.0,-1.66,889.0,,30042,108,922.0,939.0,880.1
2025-03-06,-16.0,-1.74,904.0,,25309,103,916.1,930.0,903.0
2025-03-05,-33.0,-3.46,920.0,,34855,178,972.0,972.0,920.0
2025-03-04,-21.0,-2.16,953.0,,96941,205,954.6,989.4,940.8
2025-03-03,10.0,1.04,974.0,,58821,223,983.0,1002.6,965.1
2025-03-02,-33.6,-3.37,964.0,,97602,229,977.7,989.0,960.7
2025-02-27,45.6,4.79,997.6,,49302,226,969.0,997.6,945.0
2025-02-25,22.4,2.41,952.0,,29164,219,931.0,959.0,930.0
2025-02-24,34.6,3.87,929.6,,200188,499,895.0,958.8,895.0
2025-02-23,-30.1,-3.25,895.0,,31218,115,910.0,910.0,870.8
2025-02-20,25.2,2.8,925.1,,24834,144,882.0,925.1,870.0
2025-02-18,7.9,0.89,899.9,,13271,127,909.8,909.8,880.0
2025-02-17,-23.0,-2.51,892.0,,19678,138,897.0,928.0,891.0
2025-02-16,16.0,1.78,915.0,,41000,209,914.9,915.0,899.0
2025-02-13,3.0,0.33,899.0,,39415,252,913.9,918.0,890.0
2025-02-12,4.0,0.45,896.0,,37402,197,900.0,914.9,883.0
2025-02-11,56.0,6.7,892.0,,52245,291,844.0,892.0,840.0
2025-02-10,9.0,1.09,836.0,,18502,136,813.2,845.0,813.2
2025-02-09,5.0,0.61,827.0,,46571,198,835.0,835.0,816.0
2025-02-06,-5.2,-0.63,822.0,,40437,124,812.1,843.7,812.1
2025-02-05,-5.8,-0.7,827.2,,31627,131,833.0,835.0,822.5
2025-02-04,3.0,0.36,833.0,,28875,169,820.0,840.1,820.0
2025-02-03,-10.0,-1.19,830.0,,45658,225,830.0,840.0,824.0
2025-02-02,50.0,6.33,840.0,,57489,300,799.9,850.0,790.0
2025-01-28,-14.1,-1.75,790.0,,84362,414,820.0,829.8,783.1
2025-01-27,-45.9,-5.4,804.1,,59705,375,860.0,877.0,804.1
2025-01-26,-80.0,-8.6,850.0,,52159,297,915.0,920.0,850.0
2025-01-23,4.7,0.51,930.0,,28365,253,935.0,940.0,885.0
2025-01-22,34.3,3.85,925.3,,57001,328,900.0,925.3,885.0
2025-01-21,-7.0,-0.78,891.0,,20384,166,898.0,914.0,883.0
2025-01-20,8.1,0.91,898.0,,33469,278,895.0,920.0,886.0
2025-01-19,-17.7,-1.95,889.9,,47077,321,891.0,922.0,878.2
2025-01-16,3.7,0.41,907.6,,31691,231,921.0,921.0,890.0
2025-01-15,52.9,6.22,903.9,,59070,358,867.9,906.0,866.0
2025-01-13,5.9,0.7,851.0,,37689,181,840.0,858.0,837.0
2025-01-12,-3.9,-0.46,845.1,,29606,246,833.1,857.9,832.1
2025-01-09,8.9,1.06,849.0,,27662,275,824.0,854.0,811.0
2025-01-08,20.0,2.44,840.1,,30422,256,836.5,849.9,805.0
2025-01-07,40.1,5.14,820.1,,76070,444,764.4,828.0,764.4
2025-01-06,45.0,6.12,780.0,,139071,311,722.2,793.0,722.2
2025-01-05,30.0,4.26,735.0,,18662,139,708.0,735.0,708.0
2025-01-02,5.0,0.71,705.0,36.37,5180,37,710.0,710.0,691.6
2025-01-01,-9.0,-1.27,700.0,38.8,5514,36,714.9,714.9,695.1
2024-12-31,-1.0,-0.14,709.0,60.77,8667,56,695.8,709.6,695.0
2024-12-29,-17.0,-2.34,710.0,25.95,3684,47,720.0,720.0,702.4
2024-12-26,2.0,0.28,727.0,76.03,10615,69,739.0,739.0,703.0
2024-12-24,-29.8,-3.95,725.0,,23542,120,753.0,753.0,710.7
2024-12-23,67.76,9.86,754.8,79.84,11452,85,674.0,754.8,670.0
2024-12-22,27.0,3.78,742.0,,40412,144,729.3,742.9,701.5
2024-12-19,-10.0,-1.38,715.0,,20405,84,739.5,739.5,710.6
2024-12-18,-8.0,-1.09,725.0,74.73,10236,65,725.0,746.0,725.0
2024-12-17,-3.0,-0.41,733.0,81.19,11047,78,742.0,742.0,728.0
2024-12-16,-18.8,-2.49,736.0,,54599,142,757.0,757.0,729.0
2024-12-12,-8.1,-1.06,754.8,76.65,10126,73,748.1,770.5,748.1
2024-12-11,25.9,3.51,762.9,,24877,110,751.7,762.9,737.0
2024-12-10,2.0,0.27,737.0,,13987,93,746.9,749.0,730.5
2024-12-09,-5.0,-0.68,735.0,,26020,119,753.0,753.0,729.0
2024-12-08,-9.0,-1.2,740.0,,15875,97,763.9,763.9,734.8
2024-12-05,-3.4,-0.45,749.0,,28044,164,767.4,773.0,743.0
2024-12-04,23.3,3.2,752.4,,30094,207,739.9,770.0,726.0
2024-12-03,-0.9,-0.12,729.1,,19055,113,744.0,744.0,729.0
2024-12-02,22.3,3.15,730.0,,27261,172,720.0,745.0,713.1
2024-12-01,-15.3,-2.12,707.7,,49383,187,709.0,723.0,701.0
2024-11-28,-22.2,-2.98,723.0,,48365,183,760.0,760.0,719.0
2024-11-27,2.2,0.3,745.2,,27866,178,747.5,757.0,744.0
2024-11-26,44.0,6.29,743.0,,87647,522,705.8,750.0,701.0
2024-11-25,13.1,1.91,699.0,,55949,174,674.0,701.0,674.0
2024-11-24,-8.3,-1.2,685.9,,31305,136,681.0,699.9,681.0
2024-11-21,-20.8,-2.91,694.2,,48702,302,700.7,726.0,686.0
2024-11-20,65.0,10.0,715.0,,57223,280,650.0,715.0,637.3
2024-11-19,-10.0,-1.52,650.0,,33702,173,646.9,660.0,640.0
2024-11-17,5.0,0.76,660.0,,20144,130,668.0,680.0,654.5
2024-11-14,22.0,3.48,655.0,,26381,197,642.0,655.0,630.0
2024-11-13,15.0,2.43,633.0,55.53,8797,82,630.0,642.0,619.1
2024-11-12,5.0,0.82,618.0,,26875,188,605.0,635.0,605.0
2024-11-11,1.0,0.16,613.0,,54279,126,619.9,619.9,592.0
2024-11-10,7.0,1.16,612.0,75.07,12259,114,615.0,619.8,605.0
2024-11-06,1.0,0.17,605.0,29.09,4784,46,616.0,616.0,593.3
2024-11-05,4.1,0.68,604.0,6.44,1086,22,594.0,604.0,592.2
2024-10-30,2.9,0.49,599.9,46.85,7809,66,597.0,615.0,588.2
2024-10-29,16.0,2.75,597.0,40.94,6886,67,592.0,603.8,582.3
2024-10-28,6.0,1.04,581.0,25.96,4464,39,586.5,590.0,577.1
2024-10-27,-4.0,-0.69,575.0,42.06,7274,47,580.0,588.0,571.1
2024-10-24,9.0,1.58,579.0,48.99,8519,53,563.0,580.0,563.0
2024-10-23,0.0,0.0,570.0,26.28,4589,34,575.0,580.0,566.0
2024-10-22,3.9,0.69,570.0,45.32,7943,46,566.0,588.0,565.8
2024-10-21,-11.9,-2.06,566.1,41.84,7343,53,580.0,580.0,562.0
2024-10-20,-27.0,-4.46,578.0,57.14,9758,88,604.0,604.0,578.0
2024-10-17,5.0,0.83,605.0,42.17,6976,71,611.9,611.9,592.7
2024-10-16,6.9,1.16,600.0,18.1,3017,27,604.9,608.0,593.1
2024-10-15,6.2,1.06,593.1,36.12,6061,38,590.0,600.0,588.2
2024-10-09,2.9,0.5,586.9,46.58,7988,40,584.0,590.0,578.0
2024-10-08,-2.6,-0.44,584.0,1.79,311,9,575.1,586.6,575.0
2024-10-07,1.6,0.27,586.6,43.62,7400,61,590.0,598.2,585.0
2024-10-06,5.0,0.86,585.0,34.33,5993,75,580.0,585.0,563.5
2024-10-02,-4.0,-0.68,580.0,,19583,64,590.0,599.0,575.0
2024-10-01,33.0,5.99,584.0,55.11,9593,85,551.0,584.0,551.0
2024-09-30,12.0,2.23,551.0,39.53,7299,64,549.0,551.0,530.0
2024-09-29,-3.2,-0.59,539.0,17.12,3189,36,552.0,552.0,530.0
2024-09-26,2.2,0.41,542.2,68.87,12721,56,550.0,550.8,536.1
2024-09-25,18.6,3.57,540.0,,29388,71,520.0,540.0,520.0
2024-09-24,-18.6,-3.44,521.4,27.62,5236,65,540.0,550.8,521.2
2024-09-23,-31.0,-5.43,540.0,44.12,8007,73,571.0,571.0,540.0
2024-09-22,9.0,1.6,571.0,50.88,8993,78,569.0,571.0,560.0
2024-09-18,6.0,1.08,562.0,56.39,9979,82,556.5,574.0,556.5
2024-09-16,-12.0,-2.11,556.0,58.5,10462,77,561.0,566.0,555.0
2024-09-15,-19.1,-3.25,568.0,,18990,102,587.0,604.3,568.0
2024-09-12,17.1,3.0,587.1,38.75,6736,87,560.0,597.0,558.6
2024-09-11,-8.1,-1.4,570.0,49.11,8618,86,570.0,574.0,568.2
2024-09-10,3.1,0.54,578.1,42.9,7391,104,580.0,591.6,573.0
2024-09-09,-6.0,-1.03,575.0,68.07,11770,107,576.0,589.0,573.0
2024-09-08,-6.0,-1.02,581.0,27.64,4710,71,580.0,610.0,580.0
2024-09-05,-7.0,-1.18,587.0,73.12,12433,71,605.0,605.0,582.2
2024-09-04,-21.0,-3.41,594.0,99.53,16755,120,615.0,626.0,581.7
2024-09-03,3.0,0.49,615.0,,44035,130,612.0,624.0,605.0
2024-09-02,30.0,5.15,612.0,,34185,145,593.0,612.0,581.2
2024-09-01,-10.0,-1.69,582.0,68.55,11686,129,594.0,603.8,580.3
2024-08-29,-17.0,-2.79,592.0,,20162,142,609.0,620.0,590.0
2024-08-28,0.1,0.02,609.0,81.07,13210,152,618.0,637.6,597.8
2024-08-27,-28.1,-4.41,608.9,,37647,186,626.0,647.3,608.0
2024-08-25,-16.9,-2.58,637.0,,19565,219,648.0,648.0,621.0
2024-08-22,-8.1,-1.22,653.9,,54800,266,673.0,675.0,650.0
2024-08-21,18.0,2.8,662.0,,30846,244,631.2,675.0,631.2
2024-08-18,-31.3,-4.63,644.0,,54456,378,688.0,688.0,640.0
2024-08-15,-23.7,-3.39,675.3,,81172,469,705.0,718.0,675.3
2024-08-14,29.0,4.33,699.0,,99406,416,657.0,703.0,657.0
2024-08-13,9.7,1.47,670.0,,72065,364,656.0,684.0,654.0
2024-08-12,0.3,0.05,660.3,,36187,325,673.2,680.0,660.1
2024-08-11,11.0,1.69,660.0,,29501,240,661.9,674.0,649.0
2024-08-08,-11.9,-1.8,649.0,,26881,209,662.0,670.0,641.1
2024-08-07,40.9,6.6,660.9,,65033,360,620.0,660.9,607.6
2024-08-06,-52.0,-7.74,620.0,,41521,430,672.0,685.4,618.0
2024-08-05,-32.0,-4.55,672.0,,49557,347,690.0,695.0,660.0
2024-08-01,64.0,10.0,704.0,,88770,371,644.0,704.0,617.0
2024-07-31,48.2,8.14,640.0,,88126,400,602.0,640.0,601.5
2024-07-30,16.8,2.92,591.8,,30853,206,586.5,595.0,572.1
2024-07-29,3.0,0.52,575.0,,28663,165,561.2,590.0,561.2
2024-07-28,-3.0,-0.52,572.0,,22676,149,586.0,586.0,558.8
2024-07-25,1.7,0.3,575.0,,26048,179,573.0,580.0,564.1
2024-07-24,-20.9,-3.52,573.3,,30094,186,599.0,599.0,569.1
2024-07-23,-0.8,-0.13,594.2,,42188,197,606.0,606.0,590.0
2024-07-22,26.1,4.59,595.0,,23348,176,579.0,595.0,566.0
2024-07-21,-7.1,-1.23,568.9,,38723,153,576.0,578.9,567.2
2024-07-18,1.0,0.17,576.0,,29639,201,577.0,598.0,575.0
2024-07-17,13.0,2.31,575.0,,40618,199,573.0,583.0,562.1
2024-07-16,28.0,5.24,562.0,,77100,297,534.0,573.0,526.0
2024-07-15,-8.9,-1.64,534.0,,80042,111,535.1,545.8,534.0
2024-07-14,21.5,4.12,542.9,,42828,200,531.0,543.0,522.0
2024-07-11,0.4,0.08,521.4,56.84,10871,91,521.0,527.0,517.6
2024-07-10,1.0,0.19,521.0,53.41,10279,71,512.1,527.0,512.1
2024-07-09,5.0,0.97,520.0,,32919,86,524.8,524.8,510.2
2024-07-08,2.0,0.39,515.0,54.34,10581,51,518.0,519.0,512.0
2024-07-07,-1.0,-0.19,513.0,70.07,13583,92,524.1,531.8,512.1
2024-07-04,-6.0,-1.15,514.0,,29081,138,530.0,530.0,514.0
2024-07-03,-4.2,-0.8,520.0,,22538,104,514.0,534.0,514.0
2024-07-02,1.2,0.23,524.2,,19149,89,533.4,554.0,523.0
2024-07-01,2.0,0.38,523.0,,30252,71,515.2,528.0,513.4
2024-06-30,1.0,0.19,521.0,,42550,138,528.0,533.0,520.2
2024-06-27,-4.0,-0.76,520.0,36.98,7090,64,532.0,532.0,520.0
2024-06-26,-9.0,-1.69,524.0,47.44,9078,87,543.6,543.6,516.6
2024-06-25,13.0,2.5,533.0,,26539,178,530.0,539.9,525.0
2024-06-24,6.0,1.17,520.0,,20101,108,524.0,527.0,515.0
2024-06-23,-6.3,-1.21,514.0,69.56,13476,81,530.7,540.0,514.0
2024-06-20,-1.7,-0.33,520.3,,40046,124,525.0,530.0,520.0
2024-06-19,-5.0,-0.95,522.0,,21047,86,524.0,533.7,520.0
2024-06-18,-19.9,-3.64,527.0,,32362,129,540.5,548.0,524.4
2024-06-16,5.9,1.09,546.9,,28463,171,549.9,555.0,530.0
2024-06-13,3.8,0.71,541.0,,54583,212,540.0,544.0,529.2
2024-06-12,-11.6,-2.11,537.2,,37480,189,541.0,556.0,534.0
2024-06-11,14.8,2.77,548.8,,72988,275,544.6,551.8,523.2
2024-06-10,31.9,6.35,534.0,,184176,666,502.5,542.6,502.5
2024-06-09,-12.0,-2.33,502.1,,36531,179,522.0,522.0,494.0
2024-06-06,32.1,6.66,514.1,,30001,157,476.1,514.1,476.1
2024-06-05,1.7,0.35,482.0,51.47,10636,82,489.0,493.0,477.0
2024-06-04,-12.7,-2.58,480.3,,29540,186,502.0,502.0,480.0
2024-06-03,-13.1,-2.59,493.0,,54807,207,516.0,516.0,490.0
2024-06-02,6.1,1.22,506.1,,52424,180,500.0,510.0,490.0
2024-05-30,23.9,5.02,500.0,,106835,314,472.5,509.0,472.5
2024-05-29,2.0,0.42,476.1,,21060,131,483.2,487.0,470.0
2024-05-27,7.1,1.52,474.1,47.82,10143,73,476.0,483.5,458.0
2024-05-26,-23.0,-4.69,467.0,74.57,15811,120,499.0,499.0,463.1
2024-05-22,-23.0,-4.48,490.0,,27382,162,523.0,523.0,484.0
2024-05-21,41.0,8.69,513.0,,64319,235,480.0,513.0,464.1
2024-05-20,2.0,0.43,472.0,,59452,155,474.9,480.0,465.5
2024-05-19,6.0,1.29,470.0,,41047,136,464.0,476.0,454.4
2024-05-16,11.8,2.61,464.0,,35006,153,445.0,474.1,443.2
2024-05-15,5.2,1.16,452.2,,37114,199,444.1,475.3,444.1
2024-05-14,24.9,5.9,447.0,,38137,119,428.0,448.0,428.0
2024-05-13,2.4,0.57,422.1,12.25,2905,15,416.1,422.1,415.2
2024-05-12,-8.3,-1.94,419.7,16.47,3883,34,436.3,436.5,419.7
2024-05-09,3.0,0.71,428.0,23.94,5627,35,416.5,433.5,410.0
2024-05-08,1.0,0.24,425.0,24.39,5888,39,430.0,430.0,408.9
2024-05-07,7.9,1.9,424.0,6.84,1617,14,424.4,424.4,413.3
2024-05-06,-11.9,-2.78,416.1,9.13,2157,29,434.8,434.9,415.8
2024-05-05,5.8,1.37,428.0,41.76,9835,50,417.0,436.9,417.0
2024-05-02,-3.3,-0.78,422.2,34.5,8093,37,429.0,430.0,422.2
2024-04-30,1.0,0.24,425.5,38.71,9001,47,432.8,433.5,424.5
2024-04-29,10.3,2.49,424.5,22.47,5347,22,414.4,424.5,414.4
2024-04-28,2.2,0.53,414.2,11.34,2717,22,420.0,420.5,412.5
2024-04-25,-6.0,-1.44,412.0,19.24,4531,27,425.0,430.0,412.0
2024-04-24,2.9,0.7,418.0,11.73,2813,25,415.0,418.0,410.0
2024-04-22,0.1,0.02,415.1,8.09,1931,22,420.9,420.9,415.1
2024-04-21,3.5,0.85,415.0,6.35,1534,23,408.0,418.0,408.0
2024-04-18,-6.6,-1.58,411.5,11.93,2838,33,410.7,424.0,410.7
2024-04-16,-1.9,-0.45,418.1,15.26,3628,27,412.2,425.0,412.2
2024-04-15,-9.0,-2.1,420.0,9.7,2292,25,424.6,429.0,420.0
2024-04-14,11.0,2.63,429.0,13.55,3175,45,423.0,434.8,421.0
2024-04-10,-4.0,-0.95,418.0,21.65,5195,54,417.1,428.4,414.0
2024-04-09,-1.0,-0.24,422.0,14.4,3398,38,430.9,430.9,422.0
2024-04-07,8.9,2.15,423.0,8.28,1968,27,414.0,425.0,414.0
2024-04-04,-2.9,-0.7,414.1,9.75,2336,32,412.0,420.0,412.0
2024-04-03,0.7,0.17,417.0,11.21,2681,30,416.4,420.0,416.4
2024-04-02,-2.7,-0.64,416.3,5.25,1257,19,416.0,418.5,416.0
2024-04-01,-0.2,-0.05,419.0,10.02,2399,18,416.0,422.0,416.0
2024-03-31,-5.8,-1.36,419.2,27.25,6479,39,421.0,426.0,419.0
2024-03-28,4.0,0.95,425.0,5.18,1226,23,413.4,428.0,413.4
2024-03-27,-8.0,-1.86,421.0,16.15,3796,31,430.0,431.0,420.7
2024-03-26,7.9,1.88,429.0,18.55,4342,33,429.5,436.0,416.2
2024-03-25,-1.4,-0.33,421.1,7.75,1837,26,420.0,429.9,420.0
2024-03-21,-7.5,-1.74,422.5,18.03,4262,42,421.6,429.9,421.6
2024-03-20,-0.1,-0.02,430.0,9.6,2246,29,425.0,433.5,425.0
2024-03-19,-15.9,-3.57,430.1,20.95,4814,50,445.0,445.0,429.0
2024-03-18,17.9,4.18,446.0,18.41,4298,32,429.9,446.7,424.0
2024-03-17,-1.9,-0.44,428.1,18.65,4340,38,438.0,438.0,425.0
2024-03-14,-1.0,-0.23,430.0,15.71,3633,36,431.0,439.0,428.0
2024-03-13,-7.0,-1.6,431.0,16.06,3717,39,438.0,440.0,430.1
2024-03-12,4.0,0.92,438.0,24.03,5507,45,440.0,442.0,431.2
2024-03-10,-4.0,-0.91,434.0,14.6,3344,28,440.0,441.0,430.0
2024-03-07,10.0,2.34,438.0,30.13,6977,45,435.0,444.9,428.0
2024-03-06,-6.8,-1.56,428.0,37.84,8832,55,427.0,435.0,420.5
2024-03-05,0.9,0.21,434.8,45.08,10428,60,433.0,437.9,426.1
2024-03-04,16.8,4.03,433.9,,40,3,425.4,433.9,425.4
2024-03-03,-10.9,-2.55,417.1,14.73,3488,27,425.0,428.0,417.1
2024-02-29,-4.5,-1.04,428.0,43.69,10274,50,425.0,433.5,420.0
2024-02-28,3.5,0.82,432.5,15.87,3688,28,425.0,433.5,425.0
2024-02-27,5.9,1.39,429.0,23.31,5437,35,430.5,433.0,427.0
2024-02-26,1.1,0.26,423.1,23.97,5622,39,428.0,430.4,423.1
2024-02-25,-3.0,-0.71,422.0,40.81,9480,63,429.0,439.0,421.4
2024-02-22,-11.0,-2.52,425.0,47.17,10962,88,438.1,442.0,422.0
2024-02-21,-4.2,-0.95,436.0,20.92,4763,59,449.0,450.0,436.0
2024-02-20,-5.0,-1.12,440.2,74.15,16701,77,438.0,453.0,438.0
2024-02-18,-18.9,-4.07,445.2,60.36,13365,84,458.0,466.0,445.2
2024-02-15,-18.9,-3.91,464.1,,45908,216,483.0,483.0,459.0
2024-02-14,36.0,8.05,483.0,,52337,188,455.9,483.0,445.0
2024-02-13,-3.5,-0.78,447.0,,25350,135,459.5,459.5,439.0
2024-02-12,6.3,1.42,450.5,53.74,12031,83,452.0,453.0,439.0
2024-02-11,-3.8,-0.85,444.2,,32853,189,456.0,460.0,444.0
2024-02-07,-3.9,-0.89,436.0,13.77,3163,45,440.0,440.0,433.0
2024-02-06,10.6,2.47,439.9,9.68,2217,36,430.0,447.2,430.0
2024-02-05,-8.7,-1.99,429.3,15.4,3532,39,438.0,446.0,429.3
2024-02-04,-2.0,-0.45,438.0,23.98,5447,41,431.2,448.0,431.2
2024-02-01,-19.0,-4.14,440.0,,26563,84,449.9,449.9,439.0
2024-01-31,2.0,0.44,459.0,,57236,164,466.1,466.1,438.3
2024-01-30,7.0,1.56,457.0,83.98,18584,126,459.0,459.0,445.0
2024-01-29,10.0,2.27,450.0,,27502,114,447.6,450.0,432.1
2024-01-28,-7.3,-1.63,440.0,,50838,155,456.2,456.2,427.5
2024-01-25,29.3,7.01,447.3,,29830,107,414.0,447.3,414.0
2024-01-24,-2.0,-0.48,418.0,63.89,15248,74,428.4,440.0,412.5
2024-01-23,9.1,2.21,420.0,,28024,103,419.0,420.0,407.0
2024-01-22,-8.1,-1.93,410.9,97.96,23591,92,427.3,427.3,410.9
2024-01-21,-14.0,-3.23,419.0,,30688,114,433.1,441.0,418.0
2024-01-18,1.0,0.23,433.0,,63600,149,425.0,444.0,425.0
2024-01-17,-3.0,-0.69,432.0,,68373,272,443.7,450.0,430.0
2024-01-16,-6.1,-1.38,435.0,,33153,204,449.0,449.7,435.0
2024-01-14,16.1,3.79,441.1,,117496,269,433.5,452.0,426.2
2024-01-11,6.0,1.43,425.0,,59928,173,417.0,437.4,415.0
2024-01-10,-19.0,-4.34,419.0,,28248,154,430.1,433.0,417.2
2024-01-09,-5.0,-1.13,438.0,,36626,159,450.0,450.0,421.2
2024-01-08,16.0,3.75,443.0,,73195,333,435.1,452.6,430.0
2024-01-07,38.0,9.77,427.0,,122934,429,396.6,427.9,383.0
2024-01-04,19.0,5.14,389.0,,26859,145,377.0,390.0,377.0
2024-01-03,-4.0,-1.07,370.0,20.8,5580,42,372.0,379.4,370.0
2024-01-02,-5.0,-1.32,374.0,24.12,6479,43,379.0,380.0,367.5
2024-01-01,-3.5,-0.92,379.0,38.46,10067,48,382.5,390.1,375.0
2023-12-28,2.5,0.66,382.5,27.47,7225,53,374.6,385.9,374.5
2023-12-27,-4.0,-1.04,380.0,66.49,17336,96,391.0,399.0,375.0
2023-12-24,2.0,0.52,384.0,,41760,152,380.0,402.9,380.0
2023-12-21,-13.0,-3.29,382.0,,48424,105,395.0,402.0,378.3
2023-12-20,22.0,5.9,395.0,85.77,22266,104,380.0,398.2,374.0
2023-12-19,-6.0,-1.58,373.0,29.61,7972,64,375.0,376.0,367.1
2023-12-18,-7.0,-1.81,379.0,88.92,23328,116,385.0,391.8,373.1
2023-12-17,3.2,0.84,386.0,56.84,14988,98,375.2,390.0,365.0
2023-12-14,34.8,10.0,382.8,39.73,10932,53,348.0,382.8,346.4
2023-12-13,-1.0,-0.29,348.0,43.87,12474,66,354.9,360.0,347.1
2023-12-12,5.0,1.45,349.0,25.45,7449,59,344.0,350.0,331.0
2023-12-11,-1.79,-0.52,344.0,21.5,6227,57,352.7,358.0,331.6
2023-12-10,27.3,7.97,370.0,1.25,350,9,349.5,370.0,349.5
2023-12-07,2.7,0.79,342.7,7.91,2342,27,333.2,344.8,333.2
2023-12-06,1.4,0.41,340.0,4.92,1464,19,333.0,345.0,327.2
2023-12-05,4.6,1.38,338.6,6.33,1916,30,330.0,338.6,327.4
2023-12-04,-1.0,-0.3,334.0,15.02,4486,31,335.0,341.5,328.3
2023-12-03,4.9,1.48,335.0,15.6,4699,55,332.0,338.0,328.0
2023-11-30,-4.9,-1.46,330.1,11.55,3500,26,329.5,331.0,329.2
2023-11-29,-1.0,-0.3,335.0,7.74,2295,15,342.0,342.6,335.0
2023-11-28,-8.0,-2.33,336.0,3.89,1151,18,350.8,350.8,335.0
2023-11-27,-1.7,-0.49,344.0,5.99,1738,21,350.0,355.0,338.0
2023-11-26,12.7,3.81,345.7,4.64,1362,31,334.0,345.7,333.1
2023-11-23,4.6,1.4,333.0,18.56,5539,25,325.1,341.7,325.1
2023-11-22,10.4,3.27,328.4,1.07,325,12,312.0,337.5,312.0
2023-11-21,-4.0,-1.24,318.0,8.81,2747,27,321.1,324.0,318.0
2023-11-20,-5.0,-1.53,322.0,11.14,3438,17,321.1,327.1,320.5
2023-11-09,-13.0,-3.82,327.0,3.94,1165,13,346.0,346.0,327.0
2023-11-08,10.0,3.03,340.0,5.47,1616,12,331.0,340.0,331.0
2023-11-07,0.0,0.0,330.0,2.64,809,13,336.6,336.6,324.9
2023-11-06,4.2,1.29,330.0,4.39,1328,15,320.0,333.4,320.0
2023-11-05,0.8,0.25,325.8,4.8,1499,23,318.8,325.8,318.8
2023-11-02,-2.0,-0.61,325.0,2.67,822,16,330.0,330.0,323.6
2023-11-01,-6.5,-1.95,327.0,3.29,1007,13,328.0,328.0,327.0
2023-10-31,2.0,0.6,333.5,7.82,2393,18,326.1,345.0,325.5
2023-10-30,-7.2,-2.13,331.5,13.88,4175,17,332.1,337.0,330.0
2023-10-29,-4.0,-1.17,338.7,1.94,579,11,335.9,340.0,334.0
2023-10-19,12.7,3.85,342.7,5.21,1555,20,336.0,342.7,327.0
2023-10-18,13.0,4.1,330.0,2.34,716,13,323.0,330.0,318.1
2023-10-17,4.0,1.28,317.0,3.93,1227,23,319.2,325.6,317.0
2023-10-16,-9.5,-2.95,313.0,9.58,3027,33,320.0,323.0,313.0
2023-10-12,-4.5,-1.38,322.5,12.21,3774,29,325.0,326.0,322.1
2023-10-11,1.5,0.46,327.0,6.05,1847,18,321.6,332.0,321.6
2023-10-10,-6.5,-1.96,325.5,12.36,3736,25,330.0,337.6,325.5
2023-10-09,-3.0,-0.9,332.0,9.48,2835,30,331.2,347.8,329.0
2023-10-08,-10.0,-2.9,335.0,18.6,5536,41,338.1,344.0,333.1
2023-10-05,2.9,0.85,345.0,11.76,3431,23,342.1,345.1,337.2
2023-10-04,2.6,0.77,342.1,5.57,1625,28,340.3,346.2,340.3
2023-10-03,-5.3,-1.54,339.5,7.05,2069,28,340.3,344.9,339.5
2023-10-02,0.6,0.17,344.8,21.95,6428,45,340.0,350.0,337.4
2023-10-01,-10.8,-3.04,344.2,6.9,2018,34,350.0,350.0,337.5
2023-09-27,-5.0,-1.39,355.0,14.03,3953,49,352.8,365.0,349.0
2023-09-26,9.5,2.71,360.0,16.01,4476,43,356.0,363.0,355.0
2023-09-25,-0.5,-0.14,350.5,16.32,4638,31,344.1,357.0,344.1
2023-09-24,-13.0,-3.57,351.0,21.14,5985,69,360.5,368.9,342.0
2023-09-21,15.3,4.39,364.0,40.75,11161,95,355.6,377.0,353.0
2023-09-19,11.6,3.44,348.7,16.58,4868,47,331.1,348.7,331.0
2023-09-18,11.1,3.4,337.1,12.83,3840,23,330.0,356.0,321.1
2023-09-17,-6.0,-1.81,326.0,6.78,2042,22,330.0,338.0,325.5
2023-09-13,5.0,1.53,332.0,16.58,5028,40,326.5,339.0,326.5
2023-09-12,-1.0,-0.3,327.0,12.78,3948,41,322.0,334.9,317.6
2023-09-11,6.0,1.86,328.0,7.44,2243,34,319.0,337.5,319.0
2023-09-10,-4.0,-1.23,322.0,2.51,782,16,320.5,330.0,313.8
2023-09-07,-11.0,-3.26,326.0,12.0,3666,30,331.0,342.0,324.0
2023-09-05,8.0,2.43,337.0,1.79,547,26,322.5,337.0,322.5
2023-09-04,-7.0,-2.08,329.0,49.41,15510,98,335.0,335.5,303.0
2023-09-03,-13.9,-3.97,336.0,8.64,2592,38,356.8,356.8,330.4
2023-08-30,5.9,1.72,349.9,1.19,347,13,350.8,357.0,339.1
2023-08-29,6.5,1.93,344.0,6.13,1806,24,337.2,344.2,337.2
2023-08-28,-4.7,-1.37,337.5,18.04,5286,53,340.0,348.0,336.0
2023-08-27,-6.9,-1.98,342.2,3.11,904,15,349.0,349.0,342.2
2023-08-24,-14.8,-4.07,349.1,5.82,1640,25,371.1,371.1,349.1
2023-08-23,5.9,1.65,363.9,9.48,2629,38,353.0,364.8,350.0
2023-08-22,14.0,4.07,358.0,6.23,1789,37,344.0,358.0,337.5
2023-08-21,0.2,0.06,344.0,3.74,1100,20,340.0,345.0,337.1
2023-08-20,-3.2,-0.92,343.8,13.38,3944,48,341.1,351.9,337.0
2023-08-17,-6.0,-1.7,347.0,9.75,2788,29,360.0,360.0,346.0
2023-08-16,-0.1,-0.03,353.0,22.11,6382,63,353.0,353.9,341.1
2023-08-15,-5.9,-1.64,353.1,12.08,3368,37,352.1,370.0,352.1
2023-08-14,-7.9,-2.15,359.0,16.13,4456,50,369.0,369.0,358.0
2023-08-13,0.9,0.25,366.9,3.11,847,39,359.1,379.9,359.0
2023-08-10,-6.0,-1.61,366.0,13.29,3602,40,373.0,377.0,364.7
2023-08-09,12.0,3.33,372.0,16.68,4556,59,367.0,372.0,360.0
2023-08-08,-8.0,-2.17,360.0,9.37,2627,37,365.0,365.0,350.0
2023-08-07,4.0,1.1,368.0,21.36,5951,44,358.0,372.0,355.4
2023-08-06,-6.0,-1.62,364.0,13.02,3612,41,370.0,370.0,358.0
2023-08-03,-4.0,-1.07,370.0,23.27,6305,24,372.0,379.4,365.6
2023-08-02,0.0,0.0,374.0,17.86,4835,36,366.7,374.0,366.7
2023-08-01,4.0,1.08,374.0,9.84,2641,39,363.0,378.9,363.0
2023-07-31,-4.0,-1.07,370.0,11.92,3185,73,374.0,385.0,370.0
2023-07-30,-0.5,-0.13,374.0,8.14,2132,27,381.8,385.0,373.0
2023-07-27,-7.5,-1.96,374.5,10.77,2868,43,377.0,378.0,369.5
2023-07-26,-9.0,-2.3,382.0,10.13,2674,33,390.0,390.0,375.0
2023-07-25,6.0,1.56,391.0,2.4,628,16,379.0,391.0,379.0
2023-07-24,-6.0,-1.53,385.0,16.7,4288,42,396.0,396.0,385.0
2023-07-23,4.0,1.03,391.0,45.95,11906,81,393.0,393.0,381.2
2023-07-20,3.0,0.78,387.0,30.22,7954,55,390.0,390.0,371.0
2023-07-19,1.0,0.26,384.0,8.07,2106,33,375.5,390.0,375.5
2023-07-18,-1.4,-0.36,383.0,34.17,8820,56,380.0,395.0,380.0
2023-07-17,7.4,1.96,384.4,12.11,3190,40,380.0,384.4,376.2
2023-07-16,1.8,0.48,377.0,5.34,1412,24,382.7,382.9,375.3
2023-07-13,-13.7,-3.52,375.2,25.79,6687,79,396.6,404.3,375.0
2023-07-12,23.8,6.52,388.9,37.7,9894,70,370.0,389.0,370.0
2023-07-11,-3.4,-0.92,365.1,33.67,9250,92,370.0,372.0,360.0
2023-07-10,-11.5,-3.03,368.5,21.28,5697,50,385.0,385.0,368.5
2023-07-09,8.0,2.15,380.0,10.31,2732,41,365.6,388.0,365.6
2023-07-06,-3.5,-0.93,372.0,17.23,4632,47,380.0,380.0,361.0
2023-07-05,-6.7,-1.75,375.5,20.09,5333,49,376.6,391.9,371.5
2023-07-04,0.2,0.05,382.2,11.77,3090,47,376.0,390.0,376.0
2023-07-03,-1.8,-0.47,382.0,24.67,6471,73,380.0,405.0,377.0
2023-07-02,-15.2,-3.81,383.8,35.25,9081,84,391.2,405.0,383.4
2023-06-28,-9.0,-2.21,399.0,58.33,14618,67,401.0,408.0,392.0
2023-06-27,10.7,2.69,408.0,37.69,9366,70,389.5,413.0,389.5
2023-06-26,-10.7,-2.62,397.3,31.7,7849,63,416.0,416.0,397.0
2023-06-25,5.0,1.24,408.0,53.79,13581,104,409.0,409.0,385.1
2023-06-22,-1.9,-0.47,403.0,23.44,5856,70,405.0,413.1,395.1
2023-06-21,-7.1,-1.72,404.9,40.94,10078,74,412.0,415.0,400.0
2023-06-20,-6.0,-1.44,412.0,,28649,141,415.5,431.0,410.0
2023-06-19,-3.9,-0.92,418.0,69.3,16583,112,415.0,423.0,408.1
2023-06-18,6.9,1.66,421.9,41.67,9959,79,415.0,423.3,408.3
2023-06-15,-3.0,-0.72,415.0,54.31,13206,78,412.0,416.9,406.0
2023-06-14,2.0,0.48,418.0,,26174,172,416.0,423.0,407.0
2023-06-13,17.0,4.26,416.0,,25739,128,398.0,416.0,396.1
2023-06-12,-0.5,-0.13,399.0,35.38,8899,60,406.0,406.0,392.0
2023-06-11,5.5,1.4,399.5,13.39,3378,41,398.0,400.0,392.0
2023-06-08,-1.0,-0.25,394.0,39.42,10033,45,402.0,402.0,390.2
2023-06-07,3.9,1.0,395.0,49.29,12272,85,398.9,407.0,392.1
2023-06-06,4.1,1.06,391.1,22.81,5801,55,380.2,398.7,380.2
2023-06-05,-8.0,-2.03,387.0,7.64,1973,26,401.0,401.0,384.0
2023-06-04,17.0,4.5,395.0,34.76,8849,37,385.5,395.0,385.0
2023-06-01,5.0,1.34,378.0,19.56,5250,47,373.0,378.0,367.5
2023-05-31,-7.0,-1.84,373.0,25.11,6724,61,373.0,381.0,370.0
2023-05-30,-11.9,-3.04,380.0,12.83,3344,68,384.1,398.9,376.5
2023-05-28,-6.1,-1.53,391.9,21.82,5580,61,390.1,399.0,382.3
2023-05-24,1.0,0.25,398.0,12.91,3288,40,400.0,400.0,386.0
2023-05-23,9.0,2.32,397.0,18.28,4634,85,381.1,402.0,381.1
2023-05-22,0.0,0.0,388.0,5.13,1328,40,383.0,392.7,375.4
2023-05-21,-0.9,-0.23,388.0,15.66,4047,52,381.2,396.5,381.2
2023-05-18,11.9,3.16,388.9,19.1,5000,57,369.5,389.0,365.0
2023-05-17,1.1,0.29,377.0,7.13,1919,37,369.0,378.0,362.0
2023-05-16,11.9,3.27,375.9,4.91,1351,61,357.0,376.3,357.0
2023-05-15,-1.0,-0.27,364.0,11.97,3326,41,358.0,370.0,358.0
2023-05-14,-0.9,-0.25,365.0,3.75,1033,26,371.0,371.0,362.0
2023-05-11,-1.4,-0.38,365.9,8.57,2368,20,362.0,366.0,361.0
2023-05-10,1.8,0.49,367.3,5.01,1380,35,358.5,371.9,358.5
2023-05-09,0.4,0.11,365.5,6.51,1780,35,358.1,374.5,358.1
2023-05-08,-6.4,-1.72,365.1,16.43,4485,49,371.0,374.0,365.0
2023-05-07,-13.5,-3.51,371.5,4.62,1233,21,381.0,381.0,371.2
2023-05-04,9.9,2.64,385.0,10.07,2668,45,370.0,385.0,370.0
2023-05-03,-6.9,-1.81,375.1,5.65,1506,23,376.0,380.9,375.1
2023-05-02,2.0,0.53,382.0,10.4,2734,27,377.0,386.0,373.1
2023-04-30,-8.0,-2.06,380.0,33.08,8676,71,381.1,385.3,377.0
2023-04-27,-4.0,-1.02,388.0,4.85,1263,25,384.4,388.0,377.1
2023-04-26,5.0,1.29,392.0,8.27,2129,37,380.1,393.9,380.1
2023-04-25,3.0,0.78,387.0,7.47,1922,25,391.0,393.0,383.7
2023-04-24,-7.0,-1.79,384.0,10.55,2749,18,398.8,398.8,380.3
2023-04-23,2.0,0.51,391.0,13.93,3654,53,384.0,395.8,378.0
2023-04-20,-6.0,-1.52,389.0,11.08,2847,26,390.0,390.5,388.0
2023-04-19,4.0,1.02,395.0,5.86,1500,12,384.0,397.0,384.0
2023-04-18,0.0,0.0,391.0,2.61,668,25,388.0,398.0,386.0
2023-04-17,-8.5,-2.13,391.0,9.73,2482,18,407.0,407.0,390.0
2023-04-16,2.5,0.63,399.5,12.78,3196,27,389.5,403.9,389.5
2023-04-13,-6.9,-1.71,397.0,31.93,7967,56,398.0,411.9,395.0
2023-04-12,16.9,4.37,403.9,33.26,8304,58,394.5,410.0,394.5
2023-04-11,8.0,2.11,387.0,7.24,1865,27,380.0,403.0,380.0
2023-04-10,-1.0,-0.26,379.0,4.65,1234,28,372.4,386.0,370.0
2023-04-09,-4.0,-1.04,380.0,4.41,1157,26,388.0,395.7,379.0
2023-04-06,-6.0,-1.54,384.0,7.91,2063,25,395.0,395.0,380.0
2023-04-05,0.0,0.0,390.0,6.07,1548,19,397.8,397.8,388.0
2023-04-04,0.0,0.0,390.0,10.91,2798,31,396.0,397.8,388.0
2023-04-03,0.9,0.23,390.0,18.0,4639,52,387.0,394.5,385.2
2023-04-02,-8.9,-2.24,389.1,24.89,6359,51,397.0,404.9,389.0
2023-03-30,-8.5,-2.09,398.0,24.25,6074,39,412.7,412.7,398.0
2023-03-29,2.5,0.62,406.5,15.63,3858,37,412.0,412.0,400.1
2023-03-28,1.0,0.25,404.0,14.73,3637,55,411.0,415.0,398.1
2023-03-27,4.1,1.03,403.0,13.13,3269,43,404.0,404.0,392.0
2023-03-26,-0.1,-0.03,398.9,34.53,8709,50,398.0,400.0,394.0
2023-03-23,-10.7,-2.61,399.0,33.08,8226,71,410.0,410.0,394.0
2023-03-22,-8.2,-1.96,409.7,68.51,16613,98,417.0,424.0,409.7
2023-03-20,9.9,2.43,417.9,60.15,14560,100,402.0,419.0,392.1
2023-03-19,9.9,2.49,408.0,52.58,13005,84,406.0,408.0,398.0
2023-03-16,0.3,0.08,398.1,60.27,15036,75,401.0,407.0,393.0
2023-03-15,8.8,2.26,397.8,48.59,12384,106,396.7,400.0,388.0
2023-03-14,3.3,0.86,389.0,14.52,3732,24,381.1,391.9,381.0
2023-03-13,0.7,0.18,385.7,28.28,7407,68,389.9,389.9,377.3
2023-03-12,-15.0,-3.75,385.0,71.12,18294,75,405.0,405.0,385.0
2023-03-09,19.0,4.99,400.0,27.58,6997,63,388.6,400.0,388.3
2023-03-07,1.1,0.29,381.0,32.49,8474,46,380.0,386.9,380.0
2023-03-05,-8.1,-2.09,379.9,37.36,9881,69,380.5,384.0,374.4
2023-03-02,-7.0,-1.77,388.0,28.07,7282,69,398.9,398.9,381.0
2023-03-01,-10.0,-2.47,395.0,43.47,11048,60,399.0,404.0,390.0
2023-02-28,1.6,0.4,405.0,19.93,4906,40,400.0,410.0,400.0
2023-02-27,-11.6,-2.8,403.4,,26743,137,410.0,414.6,393.0
2023-02-26,2.0,0.48,415.0,98.19,24342,157,404.8,415.0,388.0
2023-02-23,19.0,4.82,413.0,,87037,489,401.8,422.0,387.2
2023-02-22,11.0,2.87,394.0,18.01,4585,41,383.0,397.9,383.0
2023-02-20,-5.0,-1.29,383.0,21.27,5597,46,382.1,385.0,375.5
2023-02-16,0.6,0.15,388.0,26.21,6821,51,393.9,395.1,378.5
2023-02-15,-2.6,-0.67,387.4,68.57,17467,89,390.0,404.0,386.1
2023-02-14,4.0,1.04,390.0,67.19,17301,70,393.0,393.0,381.3
2023-02-12,-16.0,-3.98,386.0,73.48,18928,93,394.0,394.5,385.0
2023-02-09,6.0,1.52,402.0,36.79,9362,76,403.0,403.0,388.0
2023-02-08,1.0,0.25,396.0,59.85,15147,119,387.8,408.9,387.8
2023-02-07,25.0,6.76,395.0,55.7,14349,94,377.0,395.0,374.9
2023-02-06,0.0,0.0,370.0,16.73,4566,48,374.4,374.4,363.7
2023-02-05,-8.8,-2.32,370.0,16.03,4312,48,386.3,386.3,367.1
2023-02-02,-1.2,-0.32,378.8,28.63,7641,52,372.4,384.0,366.0
2023-02-01,8.0,2.15,380.0,10.64,2851,36,372.0,380.0,368.0
2023-01-31,-6.0,-1.59,372.0,56.39,14896,65,384.5,385.0,370.0
2023-01-30,-17.0,-4.3,378.0,39.85,10419,79,390.0,392.8,378.0
2023-01-29,-2.0,-0.5,395.0,35.23,8965,63,394.1,401.9,387.0
2023-01-26,0.0,1.02,397.0,,13997,0,393.0,403.0,387.0
2023-01-25,0.0,0.77,393.0,,15274,0,397.0,402.0,388.0
2023-01-24,0.0,1.25,390.0,,13749,0,380.0,390.0,379.0
2023-01-23,0.0,-2.97,385.2,,16480,0,404.0,404.9,385.2
2023-01-19,0.0,-0.5,397.0,,12028,0,400.0,405.0,390.0
2023-01-18,0.0,-0.25,399.0,,29669,0,407.9,411.9,394.0
2023-01-17,0.0,5.26,400.0,,25931,0,380.0,400.0,372.5
2023-01-12,0.0,-3.06,380.0,,21929,0,399.8,404.0,372.4
2023-01-10,0.0,-0.53,392.0,,59899,0,400.2,419.0,378.5
2023-01-09,0.0,2.9,394.1,,20845,0,381.0,399.0,381.0
2023-01-08,0.0,0.26,383.0,,29518,0,388.0,399.0,368.0
2023-01-05,0.0,0.82,382.0,,23404,0,386.4,386.4,365.1
2023-01-04,0.0,7.03,378.9,,16951,0,353.0,380.0,349.0
2023-01-03,0.0,0.57,354.0,,14436,0,345.0,364.9,338.1
2023-01-02,0.0,2.03,352.0,,6334,0,349.0,353.9,345.0
2023-01-01,0.0,-2.82,345.0,,15629,0,358.0,359.0,342.0
2022-12-29,0.0,8.23,355.0,,13145,0,322.0,355.0,322.0
2022-12-28,0.0,-0.79,328.0,,7010,0,330.6,331.0,325.0
2022-12-27,0.0,3.8,330.6,,23468,0,324.8,337.0,322.0
2022-12-26,0.0,5.43,318.5,,8315,0,303.1,324.0,303.1
2022-12-22,0.0,4.34,317.2,,1809,0,301.6,317.2,301.6
2022-12-21,0.0,-1.94,304.0,,2488,0,306.0,309.0,304.0
2022-12-20,0.0,2.92,310.0,,1423,0,301.1,313.0,301.1
2022-12-19,0.0,-1.25,301.2,,2698,0,300.0,305.0,299.0
2022-12-18,0.0,-1.77,305.0,,1722,0,305.0,310.3,300.1
2022-12-15,0.0,-0.99,310.5,,2469,0,309.0,310.5,309.0
2022-12-14,0.0,-2.0,313.6,,2275,0,316.1,320.0,313.6
2022-12-13,0.0,1.59,320.0,,1992,0,315.1,320.0,310.2
2022-12-12,0.0,1.61,315.0,,1521,0,315.0,318.0,313.5
2022-12-11,0.0,-1.71,310.0,,5502,0,310.0,326.0,309.9
2022-12-07,0.0,-1.44,315.4,,2983,0,314.0,319.9,314.0
2022-12-06,0.0,-1.23,320.0,,1456,0,317.6,320.0,312.8
2022-12-05,0.0,-1.82,324.0,,6470,0,328.0,328.0,312.0
2022-12-04,0.0,1.23,330.0,,4033,0,330.0,332.0,323.5
2022-12-01,0.0,-0.97,326.0,,2150,0,329.9,333.0,325.0
2022-11-30,0.0,-1.7,329.2,,2826,0,330.0,335.0,329.2
2022-11-29,0.0,-0.03,334.9,,4213,0,328.5,334.9,327.8
2022-11-28,0.0,-2.62,335.0,,16927,0,346.0,346.0,327.0
2022-11-27,0.0,2.2,344.0,,6336,0,341.0,344.0,332.0
2022-11-24,0.0,3.89,336.6,,9576,0,318.0,336.6,317.7
2022-11-23,0.0,-1.82,324.0,,5961,0,323.4,333.0,320.0
2022-11-22,0.0,1.54,330.0,,8352,0,325.0,334.8,321.0
2022-11-17,0.0,3.67,325.0,,16376,0,319.6,339.1,319.6
2022-11-16,0.0,2.79,313.5,,13996,0,311.0,317.0,310.0
2022-11-15,0.0,-4.09,305.0,,6094,0,324.3,324.3,302.3
2022-11-14,0.0,3.58,318.0,,2148,0,307.0,318.0,306.0
2022-11-13,0.0,-0.32,307.0,,1550,0,310.0,312.0,307.0
2022-11-10,0.0,-2.53,308.0,,1379,0,322.3,322.3,305.0
2022-11-09,0.0,-1.89,316.0,,10248,0,328.5,328.5,316.0
2022-11-08,0.0,-1.8,322.1,,3848,0,334.5,334.5,321.5
2022-11-07,0.0,-2.9,328.0,,10438,0,344.5,344.5,326.0
2022-11-06,0.0,4.97,337.8,,8441,0,320.0,337.9,317.0
2022-11-03,0.0,-1.29,321.8,,5088,0,320.0,326.4,320.0
2022-11-02,0.0,1.88,326.0,,9425,0,320.0,330.0,315.0
2022-11-01,0.0,5.61,320.0,,6619,0,307.0,320.0,307.0
2022-10-31,0.0,1.95,303.0,,332,0,300.0,303.0,300.0
2022-10-23,0.0,-0.93,297.2,,1387,0,300.0,300.0,295.1
2022-10-20,0.0,0.0,300.0,,4348,0,296.0,303.0,294.0
2022-10-19,0.0,-0.37,300.0,,4517,0,301.2,304.0,295.1
2022-10-17,0.0,-2.87,301.1,,3746,0,316.2,322.5,298.1
2022-10-16,0.0,0.32,310.0,,315,0,310.0,310.0,307.0
2022-10-13,0.0,0.49,309.0,,2133,0,317.0,317.0,306.0
2022-10-12,0.0,0.97,311.0,,1938,0,302.0,314.0,300.0
2022-10-11,0.0,0.0,308.0,,1560,0,309.0,309.0,306.0
2022-10-10,0.0,-3.96,308.0,,2910,0,316.0,316.0,308.0
2022-10-09,0.0,5.49,320.7,,4482,0,304.0,320.7,302.0
2022-09-29,0.0,1.43,304.0,,765,0,305.6,305.6,294.0
2022-09-28,0.0,0.23,299.7,,1982,0,300.2,305.0,299.0
2022-09-27,0.0,-0.73,299.0,,6096,0,307.2,310.0,295.0
2022-09-25,0.0,-4.68,301.2,,2480,0,314.0,314.0,301.2
2022-09-22,0.0,2.27,316.0,,3557,0,314.0,316.0,304.0
2022-09-21,0.0,-0.64,309.0,,9220,0,317.0,317.0,305.0
2022-09-20,0.0,-4.31,311.0,,15465,0,319.0,320.0,304.8
2022-09-18,0.0,-4.69,325.0,,13275,0,336.0,336.0,325.0
2022-09-16,0.0,-2.29,341.0,,5375,0,342.1,344.9,335.3
2022-09-15,0.0,-5.68,349.0,,20192,0,362.7,370.0,337.2
2022-09-14,0.0,3.64,370.0,,6494,0,364.1,371.3,357.0
2022-09-13,0.0,0.0,357.0,,3685,0,364.0,365.0,357.0
2022-09-12,0.0,-2.19,357.0,,5073,0,368.0,368.0,350.1
2022-09-11,0.0,-0.82,365.0,,1164,0,368.0,371.2,355.0
2022-09-08,0.0,3.63,368.0,,3004,0,355.0,370.2,348.2
2022-09-07,0.0,-0.81,355.1,,5725,0,358.0,361.0,355.0
2022-09-06,0.0,-3.5,358.0,,6917,0,375.0,375.0,356.5
2022-09-05,0.0,-0.54,371.0,,3878,0,380.3,380.3,367.0
2022-09-04,0.0,2.19,373.0,,3817,0,360.0,375.0,360.0
2022-09-02,0.0,-0.82,365.0,,1150,0,375.0,375.0,359.1
2022-09-01,0.0,0.3,368.0,,6578,0,365.0,372.0,358.1
2022-08-31,0.0,-2.94,366.9,,12289,0,383.9,383.9,362.0
2022-08-30,0.0,-0.79,378.0,,2160,0,387.6,387.6,377.1
2022-08-29,0.0,0.53,381.0,,7829,0,385.0,385.0,370.0
2022-08-28,0.0,-2.09,379.0,,13455,0,394.8,394.8,372.0
2022-08-26,0.0,-2.84,387.1,,14051,0,396.0,400.0,387.1
2022-08-25,0.0,-2.83,398.4,,19177,0,410.0,413.0,398.4
2022-08-24,0.0,-0.73,410.0,,5365,0,413.0,419.0,408.0
2022-08-23,0.0,-0.48,413.0,,7216,0,412.0,417.0,408.3
2022-08-22,0.0,-0.24,415.0,,10319,0,418.0,418.2,408.0
2022-08-21,0.0,0.97,416.0,,55162,0,419.9,425.0,411.6
2022-08-18,0.0,1.98,412.0,,16141,0,412.0,416.0,404.0
2022-08-17,0.0,1.51,404.0,,11898,0,392.0,410.0,392.0
2022-08-16,0.0,-3.84,398.0,,19659,0,416.0,420.0,398.0
2022-08-15,0.0,3.81,413.9,,12668,0,405.0,414.0,395.0
2022-08-14,0.0,-1.8,398.7,,15784,0,408.0,413.0,393.1
2022-08-11,0.0,-0.25,406.0,,13748,0,407.1,424.6,400.2
2022-08-10,0.0,0.25,407.0,,18798,0,397.9,412.0,396.6
2022-08-09,0.0,-2.4,406.0,,28530,0,408.2,414.0,402.1
2022-08-08,0.0,0.24,416.0,,29490,0,420.0,421.9,411.0
2022-08-07,0.0,0.73,415.0,,13086,0,407.0,420.0,407.0
2022-08-05,0.0,-0.75,412.0,,32798,0,412.0,419.9,406.4
2022-08-04,0.0,-2.79,415.1,,34840,0,420.0,432.0,414.0
2022-08-03,0.0,2.92,427.0,,30669,0,423.0,431.4,410.0
2022-08-02,0.0,3.72,414.9,,39142,0,408.0,423.0,400.0
2022-08-01,0.0,0.76,400.0,,42263,0,391.0,412.0,390.0
2022-07-31,0.0,1.79,397.0,,30186,0,397.8,409.7,390.0
2022-07-29,0.0,-0.76,390.0,,10586,0,400.0,405.0,379.0
2022-07-28,0.0,0.26,393.0,,29099,0,398.0,410.0,365.0
2022-07-27,0.0,4.53,392.0,,26758,0,368.0,395.0,356.0
2022-07-26,0.0,-1.83,375.0,,28396,0,378.0,395.9,373.0
2022-07-25,0.0,4.4,382.0,,27066,0,373.1,388.2,368.0
2022-07-24,0.0,6.68,365.9,,11439,0,345.0,366.9,345.0
2022-07-22,0.0,-3.65,343.0,,7144,0,350.0,356.0,343.0
2022-07-21,0.0,-1.39,356.0,,9782,0,355.0,362.0,352.0
2022-07-20,0.0,-1.63,361.0,,5928,0,360.0,369.5,360.0
2022-07-19,0.0,0.27,367.0,,9473,0,373.0,373.0,360.0
2022-07-18,0.0,4.51,366.0,,9750,0,346.0,366.0,346.0
2022-07-17,0.0,-2.72,350.2,,3063,0,352.8,362.0,350.1
2022-07-15,0.0,0.03,360.0,,5193,0,354.1,360.0,353.0
2022-07-14,0.0,1.38,359.9,,9714,0,362.0,367.0,349.0
2022-07-13,0.0,6.29,355.0,,12376,0,340.6,359.0,336.0
2022-07-12,0.0,-0.6,334.0,,12245,0,342.0,345.0,332.0
2022-07-11,0.0,-4.82,336.0,,10430,0,346.1,350.0,328.5
2022-07-08,0.0,-4.31,353.0,,6814,0,362.0,365.0,353.0
2022-07-07,0.0,-0.3,368.9,,20140,0,377.0,383.0,356.0
2022-07-06,0.0,3.06,370.0,,22777,0,366.1,379.0,350.0
2022-07-05,0.0,-3.49,359.0,,27822,0,372.0,385.0,357.0
2022-07-04,0.0,-0.67,372.0,,36860,0,381.0,399.0,363.6
2022-07-03,0.0,7.61,374.5,,24129,0,348.0,378.0,345.0
2022-07-01,0.0,-1.97,348.0,,12675,0,355.1,368.9,348.0
2022-06-30,0.0,5.28,355.0,,20470,0,343.9,364.0,343.9
2022-06-29,0.0,3.75,337.2,,9841,0,325.0,349.0,322.0
2022-06-28,0.0,-3.85,325.0,,5703,0,332.0,337.0,325.0
2022-06-27,0.0,-1.74,338.0,,16627,0,350.8,359.0,332.0
2022-06-26,0.0,9.21,344.0,,12276,0,321.2,345.0,310.0
2022-06-24,0.0,0.32,315.0,,9929,0,307.8,337.9,300.0
2022-06-23,0.0,-6.27,314.0,,8726,0,328.3,328.3,306.0
2022-06-22,0.0,-1.47,335.0,,4312,0,346.8,353.0,326.0
2022-06-21,0.0,2.1,340.0,,10627,0,339.6,352.9,330.0
2022-06-20,0.0,-3.34,333.0,,7972,0,351.0,351.0,322.0
2022-06-19,0.0,-4.86,344.5,,10763,0,355.5,355.5,339.1
2022-06-17,0.0,-0.52,362.1,,2842,0,364.0,364.0,352.9
2022-06-16,0.0,1.11,364.0,,7557,0,367.0,374.0,358.0
2022-06-15,0.0,-2.04,360.0,,12243,0,367.5,374.6,350.0
2022-06-14,0.0,-4.52,367.5,,9799,0,392.4,392.4,361.0
2022-06-13,0.0,1.29,384.9,,4257,0,374.0,385.0,374.0
2022-06-10,0.0,-1.3,380.0,,7007,0,378.0,386.9,375.0
2022-06-09,0.0,-1.53,385.0,,11169,0,398.8,400.0,383.0
2022-06-08,0.0,3.19,391.0,,14542,0,386.0,397.0,373.1
2022-06-07,0.0,-2.85,378.9,,10911,0,382.3,394.0,375.0
2022-06-06,0.0,2.09,390.0,,5798,0,389.6,397.5,383.3
2022-06-03,0.0,-2.05,382.0,,14504,0,382.2,397.5,382.0
2022-06-02,0.0,-2.01,390.0,,8923,0,405.8,405.8,390.0
2022-06-01,0.0,1.27,398.0,,11588,0,400.8,400.8,380.0
2022-05-31,0.0,-1.45,393.0,,8159,0,390.9,406.7,388.0
2022-05-30,0.0,-2.71,398.8,,6286,0,402.6,403.2,395.1
2022-05-27,0.0,-1.23,409.9,,6769,0,409.0,412.0,400.0
2022-05-26,0.0,0.24,415.0,,6216,0,406.0,420.0,406.0
2022-05-25,0.0,0.98,414.0,,7650,0,418.2,423.0,406.0
2022-05-24,0.0,2.76,410.0,,10709,0,406.8,414.8,400.0
2022-05-23,0.0,-1.46,399.0,,12097,0,411.0,411.0,391.1
2022-05-20,0.0,-2.2,404.9,,6235,0,406.0,419.0,401.1
2022-05-19,0.0,-1.19,414.0,,16259,0,416.0,433.0,408.0
2022-05-18,0.0,0.0,419.0,,11062,0,412.0,442.9,403.0
2022-05-17,0.0,-4.01,419.0,,8528,0,428.0,445.2,413.0
2022-05-12,0.0,-3.0,436.5,,23351,0,459.0,459.0,435.0
2022-05-11,0.0,6.13,450.0,,21234,0,424.7,452.0,423.0
2022-05-10,0.0,4.41,424.0,,12356,0,412.8,428.0,410.0
2022-05-09,0.0,-1.43,406.1,,16299,0,404.0,420.0,404.0
2022-05-08,0.0,6.19,412.0,,7465,0,388.0,414.0,383.0
2022-05-05,0.0,-2.02,388.0,,6885,0,390.0,405.0,382.2
2022-05-04,0.0,-1.74,396.0,,11815,0,403.0,416.0,395.0
2022-05-02,0.0,-4.16,403.0,,8736,0,415.0,415.0,398.0
2022-04-28,0.0,-1.29,420.5,,14156,0,426.0,439.0,419.0
2022-04-27,0.0,0.47,426.0,,4854,0,418.0,434.0,416.2
2022-04-26,0.0,-0.7,424.0,,6988,0,418.5,435.0,416.5
2022-04-25,0.0,-3.87,427.0,,24702,0,452.0,458.0,420.0
2022-04-24,0.0,9.95,444.2,,21885,0,402.0,444.4,400.0
2022-04-21,0.0,-0.74,404.0,,7776,0,399.0,408.0,390.0
2022-04-20,0.0,-2.63,407.0,,7459,0,409.7,417.8,398.1
2022-04-19,0.0,1.7,418.0,,8534,0,406.0,425.0,402.0
2022-04-18,0.0,-5.54,411.0,,8498,0,429.0,434.1,411.0
2022-04-17,0.0,-2.22,435.1,,6493,0,446.0,450.0,435.0
2022-04-13,0.0,0.45,445.0,,8661,0,450.0,458.9,437.0
2022-04-12,0.0,-1.77,443.0,,8582,0,445.0,460.0,439.0
2022-04-11,0.0,-3.01,451.0,,16465,0,474.3,483.7,447.1
2022-04-07,0.0,2.88,465.0,,13365,0,461.0,474.0,460.0
2022-04-06,0.0,-1.53,452.0,,13251,0,451.0,475.0,450.0
2022-04-05,0.0,-3.16,459.0,,16977,0,467.0,470.0,454.0
2022-04-04,0.0,-1.76,474.0,,12416,0,474.0,490.0,474.0
2022-04-03,0.0,-1.13,482.5,,7020,0,490.0,490.0,478.0
2022-03-31,0.0,-3.37,488.0,,18544,0,495.1,505.0,488.0
2022-03-30,0.0,3.25,505.0,,14710,0,490.0,508.0,481.0
2022-03-29,0.0,1.24,489.1,,18131,0,483.1,497.0,483.1
2022-03-28,0.0,-0.41,483.1,,21656,0,485.0,500.0,476.1
2022-03-27,0.0,-3.94,485.1,,22763,0,505.0,510.0,481.0
2022-03-24,0.0,-1.08,505.0,,9735,0,510.5,517.0,502.0
2022-03-23,0.0,-2.39,510.5,,7591,0,519.0,519.9,510.5
2022-03-22,0.0,-0.95,523.0,,15973,0,528.0,533.0,519.1
2022-03-21,0.0,4.14,528.0,,20505,0,510.0,529.9,504.0
2022-03-20,0.0,0.6,507.0,,10433,0,507.0,520.0,500.0
2022-03-16,0.0,-1.56,504.0,,11686,0,506.0,522.0,503.1
2022-03-15,0.0,-2.66,512.0,,17944,0,517.0,526.0,512.0
2022-03-14,0.0,0.19,526.0,,11722,0,535.0,535.0,511.0
2022-03-13,0.0,1.94,525.0,,25279,0,524.0,535.0,513.0
2022-03-10,0.0,8.65,515.0,,26352,0,480.0,515.0,480.0
2022-03-09,0.0,-5.2,474.0,,17965,0,500.0,510.0,473.0
2022-03-07,0.0,-1.77,500.0,,22851,0,515.0,519.0,499.0
2022-03-06,0.0,-0.78,509.0,,22801,0,520.0,523.0,507.0
2022-03-02,0.0,-2.66,513.0,,22737,0,523.0,527.0,508.0
2022-02-28,0.0,-4.2,527.0,,35701,0,561.1,572.0,525.0
2022-02-27,0.0,0.94,550.1,,40004,0,534.1,570.0,534.1
2022-02-24,0.0,-3.02,545.0,,62318,0,560.0,569.0,542.0
2022-02-23,0.0,1.48,562.0,,58252,0,564.8,585.0,554.0
2022-02-22,0.0,-1.96,553.8,,55750,0,573.9,577.0,553.8
2022-02-21,0.0,7.19,564.9,,77408,0,537.5,566.0,525.0
2022-02-20,0.0,-0.94,527.0,,39863,0,521.4,550.0,511.0
2022-02-17,0.0,-1.48,532.0,,18302,0,530.1,539.9,525.0
2022-02-16,0.0,-1.46,540.0,,31715,0,550.0,551.0,526.5
2022-02-15,0.0,4.38,548.0,,38809,0,533.0,552.0,520.0
2022-02-14,0.0,3.55,525.0,,49349,0,501.1,529.0,501.1
2022-02-13,0.0,-4.88,507.0,,48079,0,522.4,529.0,506.0
2022-02-10,0.0,-2.91,533.0,,69292,0,545.0,550.0,530.3
2022-02-09,0.0,-3.35,549.0,,141671,0,566.0,566.2,540.0
2022-02-08,0.0,0.0,568.0,,66404,0,610.9,625.0,565.0
2022-02-07,0.0,4.17,599.0,,187210,0,575.0,620.1,563.5
2022-02-06,0.0,8.08,575.0,,234511,0,540.0,580.0,515.0
2022-02-03,0.0,1.92,532.0,,93142,0,532.4,552.8,530.0
2022-02-01,0.0,3.74,522.0,,71046,0,513.2,530.0,496.2
2022-01-31,0.0,-2.1,503.2,,25896,0,522.0,522.0,500.0
2022-01-30,0.0,7.08,514.0,,30236,0,489.6,518.0,489.6
2022-01-27,0.0,2.13,480.0,,16750,0,478.0,485.0,469.5
2022-01-26,0.0,-2.08,470.0,,20454,0,485.0,485.0,459.0
2022-01-25,0.0,1.05,480.0,,35047,0,475.0,496.9,465.0
2022-01-24,0.0,-5.94,475.0,,58928,0,505.0,505.0,471.5
2022-01-23,0.0,-1.35,505.0,,25209,0,519.0,525.0,501.8
2022-01-20,0.0,4.47,511.9,,33885,0,490.0,511.9,483.0
2022-01-19,0.0,-2.97,490.0,,39165,0,505.0,515.0,490.0
2022-01-18,0.0,-2.88,505.0,,39768,0,520.0,529.0,490.0
2022-01-17,0.0,0.0,520.0,,41077,0,530.0,530.0,500.1
2022-01-16,0.0,4.21,520.0,,50533,0,499.0,535.0,507.0
2022-01-13,0.0,4.83,499.0,,73460,0,468.0,500.8,468.0
2022-01-12,0.0,-4.42,476.0,,68681,0,500.0,506.5,465.0
2022-01-11,0.0,5.51,498.0,,49910,0,480.0,507.9,472.0
2022-01-10,0.0,5.17,472.0,,70544,0,457.7,489.0,457.7
2022-01-09,0.0,10.0,448.8,,52908,0,410.0,448.8,410.0
2022-01-06,0.0,1.37,408.0,,28429,0,402.0,412.0,396.1
2022-01-05,0.0,0.63,402.5,,27140,0,400.1,418.0,396.0
2022-01-04,0.0,3.9,400.0,,33652,0,385.0,408.0,384.0
2022-01-03,0.0,-1.0,385.0,,9731,0,396.6,396.6,382.0
2022-01-02,0.0,1.28,388.9,,13651,0,385.0,401.0,383.1
2021-12-29,0.0,-0.26,384.0,,8932,0,392.7,396.0,377.3
2021-12-28,0.0,5.36,385.0,,18308,0,370.0,385.0,369.9
2021-12-27,0.0,-6.64,391.0,,36476,0,426.5,435.0,391.0
2021-12-26,0.0,-0.17,418.8,,25351,0,419.5,445.0,406.7
2021-12-23,0.0,-2.89,419.5,,22336,0,438.0,446.0,415.6
2021-12-22,0.0,6.67,432.0,,26543,0,413.1,432.0,409.9
2021-12-21,0.0,3.58,405.0,,25115,0,396.0,405.0,392.0
2021-12-20,0.0,-2.25,391.0,,8205,0,400.0,400.0,381.0
2021-12-16,0.0,-6.32,400.0,,18533,0,418.5,426.8,399.0
2021-12-15,0.0,5.43,427.0,,35948,0,413.1,445.5,403.0
2021-12-14,0.0,9.76,405.0,,12629,0,376.3,405.9,376.3
2021-12-13,0.0,-3.4,369.0,,29317,0,378.0,400.8,356.6
2021-12-12,0.0,-9.05,382.0,,18281,0,415.0,420.0,378.0
2021-12-09,0.0,-1.87,420.0,,19773,0,426.0,434.0,415.0
2021-12-08,0.0,-6.14,428.0,,17916,0,447.0,455.9,418.0
2021-12-07,0.0,-2.98,456.0,,21204,0,471.1,493.6,442.0
2021-12-06,0.0,2.87,470.0,,36563,0,448.0,479.0,425.1
2021-12-05,0.0,-4.21,456.9,,38903,0,468.1,472.0,437.1
2021-12-02,0.0,-3.64,477.0,,19822,0,500.0,504.0,467.0
2021-12-01,0.0,3.56,495.0,,47274,0,487.1,511.0,483.1
2021-11-30,0.0,-1.04,478.0,,14270,0,492.6,501.0,473.4
2021-11-29,0.0,-2.46,483.0,,14612,0,495.0,513.9,481.1
2021-11-28,0.0,-4.77,495.2,,11654,0,509.6,516.0,495.0
2021-11-25,0.0,0.0,520.0,,9937,0,530.0,540.0,520.0
2021-11-24,0.0,0.0,520.0,,20058,0,530.0,540.0,500.0
2021-11-23,0.0,-3.17,520.0,,19359,0,536.0,545.0,504.0
2021-11-22,0.0,-1.1,537.0,,10533,0,553.0,555.0,533.2
2021-11-21,0.0,1.5,543.0,,4542,0,545.0,575.0,534.1
2021-11-18,0.0,-3.78,535.0,,20298,0,550.0,578.3,535.0
2021-11-17,0.0,-2.46,556.0,,35433,0,581.4,589.0,546.0
2021-11-16,0.0,3.64,570.0,,26647,0,545.0,576.0,545.0
2021-11-15,0.0,5.16,550.0,,12277,0,533.4,575.3,533.4
2021-11-14,0.0,-1.13,523.0,,12934,0,534.0,540.0,515.0
2021-11-11,0.0,-5.74,529.0,,12602,0,550.0,555.0,528.3
2021-11-09,0.0,-3.57,561.2,,23900,0,572.0,582.0,524.0
2021-11-08,0.0,-0.17,582.0,,9828,0,583.0,600.0,565.0
2021-11-03,0.0,-0.34,583.0,,16005,0,596.7,608.6,560.0
2021-11-02,0.0,2.63,585.0,,10512,0,580.0,600.0,550.0
2021-11-01,0.0,-4.2,570.0,,22339,0,606.9,621.0,568.0
2021-10-31,0.0,2.59,595.0,,22517,0,589.9,608.9,563.0
2021-10-28,0.0,7.69,580.0,,20597,0,549.3,583.0,520.0
2021-10-27,0.0,5.24,538.6,,21600,0,520.0,562.0,508.0
2021-10-26,0.0,9.99,511.8,,36979,0,474.6,511.8,470.0
2021-10-25,0.0,10.0,465.3,,15320,0,431.4,465.3,430.0
2021-10-24,0.0,3.68,423.0,,6856,0,415.0,443.0,402.0
2021-10-21,0.0,-0.97,408.0,,4491,0,420.0,432.3,400.0
2021-10-20,0.0,6.19,412.0,,6476,0,395.7,424.0,395.7
2021-10-19,0.0,-9.77,388.0,,17519,0,438.6,438.6,387.0
2021-10-18,0.0,-6.93,430.0,,3114,0,455.0,455.0,428.0
2021-10-17,0.0,-1.7,462.0,,154,0,470.0,462.0,452.0
2021-10-11,0.0,-2.08,470.0,,7832,0,480.0,480.0,445.0
2021-10-10,0.0,-4.0,480.0,,6666,0,500.0,500.0,475.0
2021-10-06,0.0,8.23,500.0,,20635,0,455.1,500.0,453.0
2021-10-05,0.0,5.0,462.0,,9234,0,448.8,464.0,443.0
2021-10-04,0.0,0.0,440.0,,8464,0,448.0,456.9,428.0
2021-10-03,0.0,-6.98,440.0,,8987,0,473.0,473.0,435.0
2021-09-30,0.0,-3.27,473.0,,13403,0,495.0,504.9,460.0
2021-09-29,0.0,6.54,489.0,,14227,0,468.0,495.7,426.0
2021-09-28,0.0,-10.0,459.0,,33647,0,501.0,517.0,459.0
2021-09-27,0.0,-7.1,510.0,,24136,0,559.9,570.0,503.0
2021-09-26,0.0,-6.15,549.0,,11386,0,582.0,582.0,544.0
2021-09-23,0.0,-1.35,585.0,,29953,0,582.0,607.0,575.0
2021-09-22,0.0,7.04,593.0,,22357,0,565.0,604.8,565.0
2021-09-21,0.0,-2.81,554.0,,16088,0,559.0,594.2,530.0
2021-09-20,0.0,-5.17,570.0,,11205,0,612.0,612.0,541.0
2021-09-16,0.0,-5.34,601.1,,15246,0,623.0,634.0,593.0
2021-09-15,0.0,-4.22,635.0,,10466,0,650.0,660.9,623.0
2021-09-14,0.0,0.61,663.0,,8085,0,646.0,685.0,645.9
2021-09-13,0.0,-3.51,659.0,,17851,0,696.6,710.0,656.0
2021-09-12,0.0,9.11,683.0,,24082,0,638.5,688.0,638.5
2021-09-09,0.0,4.33,626.0,,13899,0,612.0,634.0,605.0
2021-09-08,0.0,-1.64,600.0,,10694,0,600.0,613.0,594.0
2021-09-07,0.0,-2.2,610.0,,18042,0,625.0,658.1,596.0
2021-09-06,0.0,10.0,623.7,,33016,0,565.0,623.7,551.0
2021-09-05,0.0,-9.29,567.0,,14956,0,622.0,622.0,562.6
2021-09-02,0.0,-3.83,625.1,,14976,0,663.0,671.0,615.0
2021-09-01,0.0,-2.99,650.0,,14274,0,682.0,682.0,632.0
2021-08-31,0.0,-1.47,670.0,,19372,0,678.0,688.0,643.3
2021-08-29,0.0,-2.86,680.0,,15547,0,700.0,714.0,673.0
2021-08-26,0.0,1.45,700.0,,46616,0,703.0,720.2,680.0
2021-08-25,0.0,0.88,690.0,,32387,0,671.0,736.0,636.0
2021-08-24,0.0,-10.0,684.0,,41172,0,744.8,744.8,684.0
2021-08-19,0.0,-3.68,760.0,,47929,0,789.0,790.0,760.0
2021-08-18,0.0,-1.0,789.0,,52153,0,797.0,840.0,777.0
2021-08-17,0.0,4.85,797.0,,63169,0,775.0,824.0,775.0
2021-08-16,0.0,2.86,760.1,,45656,0,745.0,788.8,731.0
2021-08-15,0.0,-5.86,739.0,,75252,0,769.3,769.3,708.0
2021-08-12,0.0,2.21,785.0,,131641,0,768.0,803.6,748.0
2021-08-11,0.0,9.71,768.0,,113021,0,714.0,768.0,702.0
2021-08-10,0.0,2.64,700.0,,82635,0,668.4,716.0,668.4
2021-08-09,0.0,10.0,682.0,,108891,0,607.6,682.0,607.6
2021-08-08,0.0,0.81,620.0,,27020,0,602.7,644.0,602.7
2021-08-05,0.0,-2.69,615.0,,33834,0,640.0,645.0,602.0
2021-08-04,0.0,2.35,632.0,,49107,0,606.0,650.0,606.0
2021-08-03,0.0,2.24,617.5,,39113,0,616.0,637.0,590.0
2021-08-02,0.0,-5.33,604.0,,45871,0,650.0,650.0,603.7
2021-08-01,0.0,2.08,638.0,,95734,0,620.0,650.0,612.5
2021-07-29,0.0,4.87,625.0,,40490,0,600.0,637.5,567.0
2021-07-28,0.0,2.81,596.0,,40151,0,591.2,637.6,564.0
2021-07-27,0.0,10.0,579.7,,48162,0,527.0,579.7,527.0
2021-07-26,0.0,3.54,527.0,,40398,0,519.1,529.0,496.0
2021-07-25,0.0,4.52,509.0,,32877,0,496.0,515.1,490.0
2021-07-22,0.0,-1.42,487.0,,14919,0,490.0,495.0,486.0
2021-07-20,0.0,0.82,494.0,,9597,0,482.0,505.0,482.0
2021-07-19,0.0,0.0,490.0,,15913,0,483.0,518.0,479.0
2021-07-18,0.0,3.59,490.0,,22610,0,480.0,495.0,480.0
2021-07-15,0.0,5.35,473.0,,37287,0,450.0,485.0,450.0
2021-07-14,0.0,1.13,449.0,,3338,0,440.0,449.0,436.0
2021-07-13,0.0,0.91,444.0,,1025,0,435.0,453.0,432.0
2021-07-12,0.0,-3.51,440.0,,7946,0,456.0,456.0,422.0
2021-07-11,0.0,9.62,456.0,,4457,0,424.0,456.0,420.0
2021-07-08,0.0,3.74,416.0,,2275,0,395.0,420.0,395.0
2021-07-07,0.0,-2.67,401.0,,2247,0,407.0,410.0,401.0
2021-07-06,0.0,0.49,412.0,,1576,0,411.0,419.0,403.0
2021-07-05,0.0,-2.84,410.0,,4139,0,414.0,419.0,406.0
2021-07-04,0.0,0.24,422.0,,699,0,429.0,438.0,418.0
2021-07-01,0.0,1.45,421.0,,4202,0,422.0,434.0,418.0
2021-06-30,0.0,-1.89,415.0,,2026,0,415.0,423.0,408.0
2021-06-29,0.0,-3.86,423.0,,3359,0,432.0,440.0,417.0
2021-06-28,0.0,-2.87,440.0,,2160,0,444.0,456.0,434.0
2021-06-27,0.0,2.95,453.0,,4572,0,435.0,460.0,435.0
2021-06-24,0.0,2.33,440.0,,10259,0,430.0,455.0,430.0
2021-06-23,0.0,-5.08,430.0,,8490,0,460.0,470.0,430.0
2021-06-22,0.0,9.69,453.0,,8063,0,421.0,454.0,402.0
2021-06-21,0.0,-1.67,413.0,,14622,0,415.0,440.0,403.0
2021-06-20,0.0,-8.7,420.0,,6730,0,452.0,460.0,420.0
2021-06-17,0.0,3.37,460.0,,13904,0,450.0,472.0,418.0
2021-06-16,0.0,-7.48,445.0,,17248,0,460.0,490.0,433.0
2021-06-15,0.0,-6.42,481.0,,19290,0,514.0,514.0,480.0
2021-06-14,0.0,-3.02,514.0,,31317,0,534.0,534.0,505.0
2021-06-13,0.0,9.05,530.0,,49702,0,485.0,534.0,485.0
2021-06-10,0.0,3.18,486.0,,25987,0,448.0,499.0,448.0
2021-06-09,0.0,0.02,471.0,,12686,0,463.0,479.0,455.0
2021-06-08,0.0,0.43,462.0,,12300,0,469.0,478.0,460.0
2021-06-07,0.0,2.22,460.0,,5428,0,459.0,466.0,447.0
2021-06-06,0.0,-2.17,450.0,,4421,0,437.0,495.0,437.0
2021-06-03,0.0,-2.13,460.0,,11251,0,478.0,479.0,452.0
2021-06-02,0.0,3.98,470.0,,9211,0,452.0,478.0,450.0
2021-06-01,0.0,0.44,452.0,,12691,0,450.0,488.0,426.0
2021-05-31,0.0,-8.72,450.0,,27261,0,517.0,517.0,450.0
2021-05-30,0.0,6.71,493.0,,40762,0,485.0,508.0,485.0
2021-05-27,0.0,10.0,462.0,,48134,0,441.0,462.0,432.0
2021-05-25,0.0,5.79,420.0,,20295,0,392.0,427.0,392.0
2021-05-24,0.0,-3.17,397.0,,6920,0,415.0,415.0,397.0
2021-05-23,0.0,6.49,410.0,,17210,0,378.0,423.0,378.0
2021-05-20,0.0,-3.02,385.0,,9625,0,390.0,392.0,377.0
2021-05-19,0.0,-5.7,397.0,,20742,0,421.0,421.0,390.0
2021-05-18,0.0,9.92,421.0,,20384,0,382.0,421.0,382.0
2021-05-17,0.0,4.64,383.0,,20713,0,373.0,385.0,368.0
2021-05-16,0.0,-1.88,366.0,,8337,0,370.0,375.0,363.0
2021-05-13,0.0,2.47,373.0,,5957,0,361.0,386.0,360.0
2021-05-12,0.0,2.54,364.0,,4243,0,355.0,370.0,350.0
2021-05-11,0.0,0.57,355.0,,1246,0,360.0,360.0,353.0
2021-05-10,0.0,0.57,353.0,,3355,0,345.0,358.0,344.0
2021-05-09,0.0,-3.57,351.0,,5173,0,382.0,382.0,345.0
2021-05-06,0.0,-1.09,364.0,,8298,0,386.0,386.0,352.0
2021-05-05,0.0,2.51,368.0,,8188,0,363.0,387.0,359.0
2021-05-04,0.0,6.53,359.0,,10215,0,340.0,370.0,337.0
2021-05-03,0.0,0.3,337.0,,8538,0,337.0,354.0,336.0
2021-05-02,0.0,-1.18,336.0,,2648,0,340.0,346.0,336.0
2021-04-29,0.0,-2.3,340.0,,4133,0,342.0,354.0,336.0
2021-04-28,0.0,5.14,348.0,,2976,0,330.0,350.0,326.0
2021-04-27,0.0,5.41,331.0,,5227,0,313.0,336.0,309.0
2021-04-26,0.0,-6.27,314.0,,4990,0,329.0,330.0,314.0
2021-04-25,0.0,-4.29,335.0,,5636,0,344.0,345.0,329.0
2021-04-22,0.0,-2.23,350.0,,3443,0,351.0,355.0,345.0
2021-04-21,0.0,-3.24,358.0,,5686,0,370.0,370.0,351.0
2021-04-20,0.0,3.35,370.0,,7389,0,358.0,381.0,345.0
2021-04-19,0.0,2.29,358.0,,11432,0,362.0,367.0,351.0
2021-04-18,0.0,9.03,350.0,,34696,0,326.0,353.0,326.0
2021-04-15,0.0,-1.23,321.0,,1965,0,331.0,337.0,320.0
2021-04-13,0.0,1.56,325.0,,6499,0,314.0,329.0,314.0
2021-04-12,0.0,0.95,320.0,,4187,0,317.0,326.0,311.0
2021-04-08,0.0,0.96,317.0,,1740,0,315.0,322.0,310.0
2021-04-07,0.0,-3.09,314.0,,3921,0,322.0,323.0,310.0
2021-04-06,0.0,1.57,324.0,,3982,0,315.0,331.0,310.0
2021-04-05,0.0,-1.54,319.0,,2583,0,324.0,325.0,314.0
2021-04-04,0.0,6.23,324.0,,13471,0,302.0,335.0,302.0
2021-04-01,0.0,0.99,305.0,,4177,0,296.0,315.0,296.0
2021-03-31,0.0,-0.33,302.0,,2370,0,298.0,308.0,297.0
2021-03-30,0.0,-0.98,303.0,,2805,0,306.0,308.0,299.0
2021-03-29,0.0,0.33,306.0,,4415,0,299.0,317.0,294.0
2021-03-25,0.0,0.33,305.0,,3433,0,298.0,318.0,298.0
2021-03-24,0.0,-1.3,304.0,,4925,0,314.0,314.0,301.0
2021-03-23,0.0,1.32,308.0,,3800,0,300.0,316.0,295.0
2021-03-22,0.0,-1.3,304.0,,2590,0,310.0,315.0,296.0
2021-03-21,0.0,0.33,308.0,,3139,0,312.0,318.0,295.0
2021-03-18,0.0,-1.29,307.0,,5337,0,305.0,316.0,292.0
2021-03-17,0.0,-0.96,311.0,,2236,0,320.0,320.0,308.0
2021-03-16,0.0,-3.38,314.0,,7424,0,330.0,330.0,314.0
2021-03-15,0.0,4.18,374.0,,48265,0,360.0,381.0,352.0
2021-03-14,0.0,-7.95,359.0,,25157,0,409.0,409.0,354.0
2021-03-10,0.0,9.55,390.0,,36340,0,373.0,391.0,373.0
2021-03-09,0.0,9.88,356.0,,7634,0,340.0,356.0,340.0
2021-03-04,0.0,3.15,295.0,,880,0,286.0,306.0,283.0
2021-03-03,0.0,2.51,286.0,,3007,0,279.0,286.0,268.0
2021-03-02,0.0,-7.31,279.0,,4948,0,306.0,306.0,277.0
2021-03-01,0.0,0.0,301.0,,3497,0,296.0,307.0,295.0
2021-02-28,0.0,-6.13,291.0,,6083,0,304.0,313.0,291.0
2021-02-25,0.0,0.0,310.0,,5130,0,310.0,333.0,303.0
2021-02-24,0.0,-1.87,315.0,,3386,0,327.0,339.0,298.0
2021-02-23,0.0,-3.31,321.0,,19185,0,348.0,361.0,299.0
2021-02-22,0.0,9.93,332.0,,14710,0,317.0,332.0,317.0
2021-02-21,0.0,0.1,302.0,,9039,0,265.0,302.0,265.0
2021-02-18,0.0,0.1,275.0,,7186,0,250.0,275.0,250.0
2021-02-17,0.0,0.0,250.0,,3514,0,246.0,256.0,246.0
2021-02-16,0.0,-0.03,251.0,,2020,0,255.0,255.0,245.0
2021-02-15,0.0,0.02,260.0,,1662,0,251.0,260.0,250.0
2021-02-08,0.0,-0.02,255.0,,8400,0,247.0,265.0,247.0
2021-02-07,0.0,0.02,259.0,,3797,0,252.0,265.0,252.0
2021-02-04,0.0,0.02,254.0,,3517,0,245.0,256.0,244.0
2021-02-03,0.0,0.0,248.0,,1800,0,246.0,252.0,246.0
2021-02-02,0.0,0.0,247.0,,1310,0,245.0,251.0,245.0
2021-02-01,0.0,0.01,248.0,,1041,0,245.0,248.0,245.0
2021-01-31,0.0,0.0,245.0,,6105,0,245.0,250.0,245.0
2021-01-28,0.0,-0.03,245.0,,1540,0,255.0,255.0,243.0
2021-01-27,0.0,0.02,252.0,,1220,0,244.0,257.0,244.0
2021-01-26,0.0,0.01,246.0,,1095,0,240.0,248.0,238.0
2021-01-25,0.0,-0.02,243.0,,3146,0,245.0,247.0,243.0
2021-01-24,0.0,0.0,247.0,,3112,0,248.0,252.0,247.0
2021-01-21,0.0,-0.04,248.0,,17200,0,271.0,271.0,245.0
2021-01-20,0.0,0.1,259.0,,8263,0,239.0,259.0,239.0
2021-01-19,0.0,0.04,236.0,,1872,0,232.0,239.0,225.0
2021-01-18,0.0,0.0,228.0,,2330,0,225.0,231.0,225.0
2021-01-17,0.0,0.0,227.0,,1285,0,226.0,234.0,225.0
2021-01-13,0.0,-0.01,226.0,,2120,0,225.0,229.0,225.0
2021-01-12,0.0,-0.04,229.0,,1460,0,234.0,234.0,226.0
2021-01-11,0.0,0.0,238.0,,300,0,240.0,242.0,238.0
2021-01-07,0.0,0.04,238.0,,440,0,224.0,238.0,224.0
2021-01-06,0.0,-0.04,228.0,,2802,0,234.0,234.0,223.0
2021-01-05,0.0,0.03,238.0,,762,0,226.0,238.0,222.0
2021-01-04,0.0,-0.02,230.0,,90,0,230.0,230.0,220.0
2021-01-03,0.0,0.03,234.0,,559,0,231.0,235.0,227.0
2020-12-31,0.0,0.02,227.0,,603,0,219.0,227.0,218.0
2020-12-30,0.0,0.0,223.0,,640,0,219.0,227.0,219.0
2020-12-29,0.0,0.0,223.0,,300,0,219.0,228.0,219.0
2020-12-28,0.0,-0.01,223.0,,1300,0,222.0,231.0,220.0
2020-12-27,0.0,-0.05,226.0,,340,0,233.0,237.0,222.0
2020-12-24,0.0,0.03,237.0,,2981,0,226.0,237.0,222.0
2020-12-23,0.0,-0.01,230.0,,2260,0,230.0,243.0,226.0
2020-12-22,0.0,0.04,232.0,,2135,0,224.0,240.0,224.0
2020-12-21,0.0,-0.05,224.0,,2561,0,233.0,233.0,224.0
2020-12-20,0.0,0.02,237.0,,1330,0,233.0,237.0,231.0
2020-12-17,0.0,0.0,233.0,,513,0,229.0,237.0,227.0
2020-12-16,0.0,0.02,233.0,,948,0,228.0,248.0,228.0
2020-12-15,0.0,-0.04,228.0,,2800,0,235.0,240.0,228.0
2020-12-14,0.0,-0.02,237.0,,660,0,237.0,237.0,229.0
2020-12-10,0.0,-0.01,241.0,,2522,0,240.0,241.0,238.0
2020-12-09,0.0,0.02,243.0,,5850,0,242.0,254.0,238.0
2020-12-08,0.0,0.0,238.0,,640,0,233.0,245.0,233.0
2020-12-07,0.0,0.0,237.0,,2112,0,232.0,240.0,230.0
2020-12-06,0.0,-0.02,236.0,,820,0,237.0,237.0,227.0
2020-12-03,0.0,-0.01,241.0,,1311,0,242.0,247.0,240.0
2020-12-02,0.0,0.03,243.0,,860,0,233.0,247.0,233.0
2020-12-01,0.0,-0.04,237.0,,1890,0,243.0,247.0,236.0
2020-11-30,0.0,0.02,246.0,,1305,0,237.0,247.0,236.0
2020-11-29,0.0,0.0,240.0,,670,0,240.0,243.0,238.0
2020-11-26,0.0,-0.01,241.0,,4035,0,243.0,246.0,236.0
2020-11-25,0.0,0.0,242.0,,300,0,240.0,244.0,240.0
2020-11-24,0.0,0.02,241.0,,2633,0,232.0,246.0,232.0
2020-11-23,0.0,0.0,236.0,,2608,0,238.0,244.0,235.0
2020-11-22,0.0,-0.02,237.0,,6995,0,238.0,246.0,233.0
2020-11-19,0.0,0.0,242.0,,11120,0,235.0,248.0,235.0
2020-11-18,0.0,0.0,239.0,,2930,0,248.0,248.0,239.0
2020-11-12,0.0,0.0,253.0,,920,0,252.0,253.0,247.0
2020-11-11,0.0,1.98,257.0,,790,0,250.0,257.0,247.0
2020-11-10,0.0,-1.95,252.0,,890,0,253.0,253.0,252.0
2020-11-09,0.0,-1.15,257.0,,2564,0,256.0,265.0,255.0
2020-11-08,0.0,4.0,260.0,,6912,0,255.0,260.0,250.0
2020-11-05,0.0,0.0,250.0,,1243,0,247.0,255.0,247.0
2020-11-04,0.0,0.81,250.0,,1193,0,248.0,253.0,248.0
2020-11-03,0.0,0.4,248.0,,3524,0,245.0,255.0,243.0
2020-11-02,0.0,-1.59,247.0,,340,0,246.0,249.0,246.0
2020-11-01,0.0,-2.71,251.0,,1692,0,253.0,260.0,251.0
2020-10-29,0.0,1.98,258.0,,2240,0,248.0,258.0,245.0
2020-10-28,0.0,1.61,253.0,,4881,0,248.0,253.0,248.0
2020-10-22,0.0,-2.73,249.0,,5900,0,251.0,258.0,246.0
2020-10-21,0.0,4.49,256.0,,7173,0,241.0,258.0,241.0
2020-10-20,0.0,6.06,245.0,,2574,0,229.0,251.0,229.0
2020-10-15,0.0,-4.55,231.0,,2100,0,238.0,238.0,230.0
2020-10-14,0.0,5.22,242.0,,1781,0,226.0,246.0,221.0
2020-10-13,0.0,-3.36,230.0,,8070,0,234.0,242.0,230.0
2020-10-12,0.0,0.0,238.0,,3380,0,234.0,246.0,227.0
2020-10-11,0.0,-1.65,238.0,,7883,0,238.0,241.0,229.0
2020-10-08,0.0,-2.02,242.0,,4180,0,251.0,251.0,223.0
2020-10-07,0.0,9.78,247.0,,15474,0,222.0,247.0,222.0
2020-10-06,0.0,6.64,225.0,,7114,0,211.0,228.0,211.0
2020-10-05,0.0,2.43,211.0,,870,0,202.0,215.0,202.0
2020-10-04,0.0,-1.9,206.0,,1260,0,206.0,207.0,195.0
2020-10-01,0.0,-2.78,210.0,,5000,0,212.0,213.0,208.0
2020-09-30,0.0,-1.82,216.0,,6560,0,224.0,228.0,216.0
2020-09-29,0.0,2.8,220.0,,5689,0,210.0,220.0,210.0
2020-09-28,0.0,-1.83,214.0,,680,0,214.0,214.0,206.0
2020-09-27,0.0,3.81,218.0,,8930,0,214.0,223.0,210.0
2020-09-24,0.0,7.69,210.0,,3946,0,192.0,214.0,192.0
2020-09-23,0.0,1.56,195.0,,1874,0,189.0,195.0,182.0
2020-09-22,0.0,-4.95,192.0,,3915,0,198.0,200.0,190.0
2020-09-21,0.0,0.0,202.0,,4447,0,198.0,206.0,189.0
2020-09-20,0.0,-7.34,202.0,,922,0,214.0,214.0,202.0
2020-09-17,0.0,9.55,218.0,,6185,0,197.0,218.0,197.0
2020-09-16,0.0,8.74,199.0,,1376,0,180.0,199.0,173.0
2020-09-15,0.0,7.65,183.0,,3860,0,167.0,183.0,162.0
2020-09-14,0.0,-1.16,170.0,,1562,0,169.0,178.0,169.0
2020-09-13,0.0,7.5,172.0,,2030,0,157.0,172.0,156.0
2020-09-10,0.0,-1.23,160.0,,260,0,159.0,160.0,159.0
2020-09-09,0.0,0.0,162.0,,2000,0,165.0,165.0,162.0
2020-09-08,0.0,-1.22,162.0,,1770,0,161.0,165.0,154.0
2020-09-07,0.0,2.5,164.0,,2307,0,157.0,170.0,154.0
2020-09-06,0.0,6.67,160.0,,2385,0,153.0,161.0,151.0
2020-09-03,0.0,-0.66,150.0,,8889,0,154.0,160.0,150.0
2020-09-02,0.0,9.42,151.0,,2120,0,140.0,151.0,140.0
2020-08-31,0.0,5.34,138.0,,350,0,129.0,140.0,129.0
2020-08-30,0.0,-0.76,131.0,,160,0,132.0,132.0,128.0
2020-08-27,0.0,-0.75,132.0,,270,0,131.0,133.0,131.0
2020-08-26,0.0,-1.48,133.0,,790,0,133.0,134.0,133.0
2020-08-25,0.0,3.85,135.0,,320,0,128.0,135.0,128.0
2020-08-24,0.0,1.56,130.0,,1440,0,127.0,134.0,127.0
2020-08-23,0.0,-0.78,128.0,,80,0,128.0,128.0,128.0
2020-08-20,0.0,0.78,129.0,,80,0,126.0,130.0,126.0
2020-08-19,0.0,0.0,128.0,,210,0,126.0,129.0,126.0
2020-08-18,0.0,-1.54,128.0,,320,0,128.0,132.0,128.0
2020-08-17,0.0,1.56,130.0,,240,0,126.0,130.0,126.0
2020-08-16,0.0,-0.78,128.0,,672,0,127.0,130.0,123.0
2020-08-13,0.0,0.78,129.0,,891,0,126.0,130.0,126.0
2020-08-12,0.0,-1.54,128.0,,380,0,128.0,129.0,126.0
2020-08-11,0.0,0.0,130.0,,2390,0,128.0,130.0,128.0
2020-08-10,0.0,1.56,130.0,,470,0,128.0,132.0,128.0
2020-08-09,0.0,-1.54,128.0,,220,0,130.0,132.0,128.0
2020-08-06,0.0,-1.52,130.0,,560,0,130.0,131.0,130.0
2020-08-05,0.0,0.0,132.0,,1950,0,130.0,132.0,127.0
2020-08-03,0.0,1.54,132.0,,662,0,129.0,133.0,129.0
2020-08-02,0.0,-2.26,130.0,,1257,0,134.0,134.0,129.0
2020-07-30,0.0,3.1,133.0,,330,0,127.0,133.0,127.0
2020-07-29,0.0,0.0,129.0,,240,0,127.0,130.0,127.0
2020-07-28,0.0,-3.01,129.0,,440,0,131.0,133.0,128.0
2020-07-27,0.0,0.0,131.0,,230,0,129.0,132.0,129.0
2020-07-26,0.0,3.15,131.0,,802,0,126.0,131.0,126.0
2020-07-23,0.0,-2.31,127.0,,712,0,128.0,130.0,127.0
2020-07-22,0.0,-3.7,130.0,,170,0,135.0,135.0,129.0
2020-07-21,0.0,5.47,135.0,,540,0,126.0,135.0,126.0
2020-07-20,0.0,2.4,128.0,,867,0,127.0,129.0,127.0
2020-07-16,0.0,2.46,125.0,,140,0,120.0,125.0,120.0
2020-07-15,0.0,3.39,122.0,,205,0,118.0,122.0,118.0
2020-07-14,0.0,0.85,118.0,,190,0,115.0,118.0,115.0
2020-07-13,0.0,0.0,117.0,,150,0,117.0,117.0,117.0
2020-07-12,0.0,1.74,117.0,,110,0,114.0,117.0,114.0
2020-07-09,0.0,1.77,115.0,,110,0,112.0,117.0,112.0
2020-07-08,0.0,-2.59,113.0,,1861,0,114.0,116.0,113.0
2020-07-07,0.0,2.65,116.0,,1160,0,115.0,116.0,111.0
2020-07-06,0.0,-1.74,113.0,,747,0,115.0,117.0,113.0
2020-07-05,0.0,1.77,115.0,,80,0,112.0,115.0,112.0
2020-07-02,0.0,-1.74,113.0,,210,0,113.0,113.0,113.0
2020-06-30,0.0,1.77,115.0,,30,0,113.0,115.0,113.0
2020-06-29,0.0,-1.74,113.0,,50,0,113.0,113.0,113.0
2020-05-13,0.0,-1.71,115.0,,100,0,115.0,115.0,115.0
2020-03-19,0.0,-6.4,117.0,,590,0,123.0,123.0,117.0
2020-03-18,0.0,-1.57,125.0,,871,0,126.0,126.0,125.0
2020-03-17,0.0,-5.93,127.0,,50,0,133.0,133.0,127.0
2020-03-16,0.0,-1.46,135.0,,200,0,136.0,136.0,135.0
2020-03-15,0.0,0.0,137.0,,363,0,135.0,139.0,132.0
2020-03-12,0.0,-4.86,137.0,,649,0,142.0,142.0,137.0
2020-03-11,0.0,-0.69,144.0,,432,0,143.0,145.0,143.0
2020-03-10,0.0,-2.68,145.0,,50,0,147.0,147.0,145.0
2020-03-05,0.0,-9.7,149.0,,670,0,162.0,162.0,149.0
2020-03-03,0.0,9.27,165.0,,320,0,151.0,165.0,148.0
2020-03-02,0.0,-6.21,151.0,,60,0,158.0,158.0,149.0
2020-03-01,0.0,-5.29,161.0,,1960,0,170.0,172.0,161.0
2020-02-27,0.0,0.0,170.0,,2405,0,173.0,176.0,164.0
2020-02-26,0.0,3.03,170.0,,4620,0,162.0,171.0,156.0
2020-02-25,0.0,7.84,165.0,,2740,0,150.0,165.0,147.0
2020-02-24,0.0,6.25,153.0,,3792,0,144.0,153.0,142.0
2020-02-23,0.0,0.0,144.0,,2350,0,146.0,148.0,142.0
2020-02-20,0.0,2.13,144.0,,2935,0,141.0,145.0,135.0
2020-02-19,0.0,3.68,141.0,,1650,0,134.0,142.0,134.0
2020-02-18,0.0,1.49,136.0,,570,0,132.0,143.0,132.0
2020-02-17,0.0,-5.63,134.0,,7977,0,140.0,142.0,130.0
2020-02-16,0.0,9.23,142.0,,301,0,128.0,142.0,126.0
2020-02-13,0.0,-5.11,130.0,,3085,0,139.0,145.0,126.0
2020-02-12,0.0,6.2,137.0,,1270,0,127.0,141.0,127.0
2020-02-11,0.0,7.5,129.0,,230,0,118.0,129.0,118.0
2020-02-10,0.0,-0.83,120.0,,200,0,119.0,120.0,119.0
2020-02-09,0.0,-2.42,121.0,,2430,0,122.0,124.0,120.0
2020-02-06,0.0,-0.8,124.0,,260,0,123.0,125.0,123.0
2020-02-05,0.0,-6.02,125.0,,1930,0,135.0,135.0,125.0
2020-02-04,0.0,6.4,133.0,,270,0,123.0,133.0,123.0
2020-02-03,0.0,2.46,125.0,,490,0,121.0,133.0,121.0
2020-02-02,0.0,-0.81,122.0,,730,0,121.0,124.0,121.0
2020-01-30,0.0,-1.6,123.0,,640,0,123.0,123.0,121.0
2020-01-29,0.0,-4.58,125.0,,100,0,129.0,129.0,123.0
2020-01-28,0.0,1.55,131.0,,10,0,131.0,131.0,131.0
2020-01-27,0.0,3.2,129.0,,70,0,125.0,130.0,123.0
2020-01-26,0.0,-0.79,125.0,,1070,0,124.0,129.0,122.0
2020-01-23,0.0,0.8,126.0,,320,0,123.0,126.0,123.0
2020-01-22,0.0,-3.85,125.0,,780,0,128.0,128.0,122.0
2020-01-21,0.0,4.0,130.0,,640,0,123.0,130.0,123.0
2020-01-20,0.0,-0.79,126.0,,210,0,126.0,128.0,126.0
2020-01-19,0.0,4.96,127.0,,2090,0,123.0,127.0,121.0
2020-01-16,0.0,1.68,121.0,,550,0,120.0,123.0,120.0
2020-01-15,0.0,0.85,119.0,,500,0,116.0,122.0,116.0
2020-01-14,0.0,-3.28,118.0,,1270,0,120.0,120.0,118.0
2020-01-13,0.0,-0.81,122.0,,1890,0,125.0,126.0,117.0
2020-01-12,0.0,6.03,123.0,,320,0,118.0,123.0,116.0
2020-01-09,0.0,0.0,116.0,,760,0,114.0,116.0,113.0
2020-01-08,0.0,1.75,116.0,,150,0,116.0,116.0,116.0
2020-01-07,0.0,1.79,114.0,,90,0,112.0,114.0,111.0
2020-01-06,0.0,1.82,112.0,,90,0,112.0,112.0,110.0
2020-01-05,0.0,-1.79,110.0,,1380,0,112.0,112.0,109.0
2020-01-02,0.0,0.0,112.0,,30,0,112.0,112.0,112.0
2020-01-01,0.0,-0.88,112.0,,30,0,112.0,112.0,112.0
2019-12-31,0.0,1.8,113.0,,210,0,112.0,114.0,112.0
2019-12-30,0.0,-0.89,111.0,,20,0,111.0,111.0,111.0
2019-12-29,0.0,0.0,112.0,,80,0,114.0,114.0,111.0
2019-12-26,0.0,-0.88,112.0,,50,0,111.0,113.0,111.0
2019-12-25,0.0,-3.42,113.0,,70,0,115.0,115.0,113.0
2019-12-24,0.0,-4.1,117.0,,550,0,120.0,120.0,116.0
2019-12-23,0.0,7.02,122.0,,250,0,114.0,122.0,114.0
2019-12-22,0.0,-1.72,114.0,,1040,0,114.0,114.0,112.0
2019-12-19,0.0,0.0,116.0,,5504,0,117.0,117.0,115.0
2019-12-18,0.0,3.57,116.0,,340,0,110.0,116.0,110.0
2019-12-17,0.0,0.9,112.0,,80,0,109.0,112.0,107.0
2019-12-16,0.0,-5.93,111.0,,430,0,116.0,116.0,111.0
2019-12-15,0.0,4.59,114.0,,1450,0,108.0,119.0,108.0
2019-12-12,0.0,0.93,109.0,,110,0,108.0,110.0,108.0
2019-12-11,0.0,0.0,108.0,,130,0,108.0,110.0,108.0
2019-12-10,0.0,-0.92,108.0,,200,0,108.0,108.0,108.0
2019-12-09,0.0,0.0,109.0,,60,0,108.0,109.0,108.0
2019-12-08,0.0,0.0,109.0,,20,0,108.0,109.0,108.0
2019-12-05,0.0,-0.91,109.0,,410,0,110.0,111.0,108.0
2019-12-04,0.0,0.0,110.0,,880,0,111.0,111.0,109.0
2019-12-03,0.0,0.0,110.0,,80,0,110.0,110.0,109.0
2019-12-02,0.0,3.77,110.0,,550,0,107.0,110.0,107.0
2019-12-01,0.0,1.92,106.0,,70,0,102.0,106.0,102.0
2019-11-28,0.0,-3.7,104.0,,230,0,106.0,106.0,104.0
2019-11-27,0.0,1.89,108.0,,80,0,105.0,108.0,105.0
2019-11-26,0.0,-1.85,106.0,,100,0,106.0,106.0,106.0
2019-11-25,0.0,-0.92,108.0,,660,0,110.0,110.0,106.0
2019-11-24,0.0,-1.8,109.0,,290,0,109.0,111.0,109.0
2019-11-21,0.0,9.9,111.0,,2460,0,100.0,111.0,100.0
2019-11-20,0.0,-3.81,101.0,,1630,0,107.0,113.0,101.0
2019-11-19,0.0,9.37,105.0,,100,0,97.0,105.0,97.0
2019-11-17,0.0,2.13,96.0,,560,0,94.0,97.0,94.0
2019-11-14,0.0,-3.09,94.0,,30,0,97.0,96.0,94.0
2019-11-13,0.0,1.04,97.0,,40,0,95.0,97.0,95.0
2019-11-12,0.0,1.05,96.0,,410,0,95.0,97.0,95.0
2019-11-11,0.0,-1.04,95.0,,40,0,96.0,96.0,95.0
2019-11-10,0.0,0.0,96.0,,20,0,96.0,96.0,96.0
2019-11-07,0.0,0.0,96.0,,50,0,96.0,97.0,96.0
2019-11-06,0.0,0.0,96.0,,10,0,96.0,96.0,96.0
2019-11-05,0.0,0.0,96.0,,50,0,97.0,97.0,96.0
2019-11-04,0.0,0.0,96.0,,40,0,97.0,97.0,96.0
2019-11-03,0.0,1.05,96.0,,50,0,96.0,97.0,96.0
2019-10-31,0.0,-1.04,95.0,,460,0,97.0,97.0,95.0
2019-10-24,0.0,0.0,96.0,,10,0,96.0,96.0,96.0
2019-10-23,0.0,1.05,96.0,,30,0,96.0,96.0,96.0
2019-10-22,0.0,-1.04,95.0,,140,0,96.0,96.0,95.0
2019-10-17,0.0,-2.04,96.0,,340,0,97.0,98.0,96.0
2019-10-16,0.0,2.08,98.0,,160,0,97.0,98.0,96.0
2019-10-15,0.0,2.13,96.0,,510,0,95.0,96.0,95.0
2019-10-10,0.0,-2.08,94.0,,70,0,96.0,96.0,94.0
2019-10-03,0.0,-4.0,96.0,,60,0,98.0,98.0,96.0
2019-10-02,0.0,6.38,100.0,,320,0,95.0,100.0,95.0
2019-10-01,0.0,3.3,94.0,,70,0,91.0,94.0,91.0
2019-09-30,0.0,-1.09,91.0,,10,0,91.0,91.0,91.0
2019-09-29,0.0,1.1,92.0,,10,0,92.0,92.0,92.0
2019-09-26,0.0,0.0,91.0,,60,0,92.0,93.0,91.0
2019-09-24,0.0,-1.08,92.0,,30,0,92.0,92.0,92.0
2019-09-23,0.0,-1.06,93.0,,10,0,93.0,93.0,93.0
2019-09-22,0.0,-1.05,94.0,,360,0,94.0,94.0,93.0
2019-09-19,0.0,1.06,95.0,,80,0,93.0,96.0,93.0
2019-09-18,0.0,1.08,94.0,,10,0,94.0,94.0,94.0
2019-09-17,0.0,2.2,93.0,,60,0,91.0,93.0,91.0
2019-09-16,0.0,-1.09,91.0,,40,0,91.0,91.0,91.0
2019-09-15,0.0,-2.13,92.0,,100,0,93.0,93.0,92.0
2019-09-12,0.0,-1.05,94.0,,10,0,94.0,94.0,94.0
2019-09-11,0.0,-3.06,95.0,,1090,0,97.0,97.0,95.0
2019-09-10,0.0,0.0,98.0,,40,0,98.0,99.0,98.0
2019-09-09,0.0,-4.85,98.0,,2380,0,101.0,103.0,98.0
2019-09-08,0.0,-1.9,103.0,,60,0,103.0,103.0,103.0
2019-09-05,0.0,1.94,105.0,,70,0,103.0,105.0,103.0
2019-09-04,0.0,-1.9,103.0,,90,0,103.0,105.0,103.0
2019-09-03,0.0,-0.94,105.0,,20,0,105.0,105.0,105.0
2019-09-02,0.0,-3.64,106.0,,40,0,108.0,108.0,105.0
2019-09-01,0.0,0.0,110.0,,1020,0,108.0,110.0,108.0
2019-08-29,0.0,-2.65,110.0,,70,0,113.0,113.0,110.0
2019-08-28,0.0,0.89,113.0,,660,0,110.0,113.0,110.0
2019-08-27,0.0,0.0,112.0,,80,0,111.0,112.0,111.0
2019-08-26,0.0,0.0,112.0,,180,0,112.0,113.0,111.0
2019-08-25,0.0,0.0,112.0,,30,0,111.0,112.0,111.0
2019-08-22,0.0,-0.88,112.0,,70,0,113.0,113.0,112.0
2019-08-21,0.0,-1.74,113.0,,90,0,113.0,113.0,113.0
2019-08-20,0.0,-0.86,115.0,,110,0,114.0,115.0,114.0
2019-08-19,0.0,0.87,116.0,,60,0,114.0,116.0,114.0
2019-08-18,0.0,-0.86,115.0,,70,0,114.0,115.0,114.0
2019-08-15,0.0,0.0,116.0,,20,0,116.0,116.0,116.0
2019-08-14,0.0,-0.85,116.0,,70,0,116.0,116.0,116.0
2019-08-13,0.0,0.0,117.0,,140,0,116.0,117.0,116.0
2019-08-12,0.0,1.74,117.0,,180,0,114.0,117.0,114.0
2019-08-11,0.0,0.0,115.0,,80,0,115.0,115.0,115.0
2019-08-08,0.0,-0.86,115.0,,90,0,114.0,115.0,114.0
2019-08-07,0.0,-0.85,116.0,,30,0,115.0,116.0,115.0
2019-08-06,0.0,0.0,117.0,,30,0,116.0,117.0,116.0
2019-08-05,0.0,-2.5,117.0,,350,0,118.0,118.0,116.0
2019-08-04,0.0,-0.83,120.0,,40,0,123.0,123.0,120.0
2019-08-01,0.0,0.0,121.0,,173,0,121.0,121.0,121.0
2019-07-31,0.0,0.0,121.0,,90,0,120.0,122.0,120.0
2019-07-30,0.0,0.0,121.0,,650,0,120.0,124.0,120.0
2019-07-29,0.0,0.0,121.0,,110,0,120.0,122.0,120.0
2019-07-28,0.0,-2.42,121.0,,80,0,122.0,122.0,120.0
2019-07-25,0.0,1.64,124.0,,10,0,124.0,124.0,124.0
2019-07-24,0.0,-0.81,122.0,,1050,0,125.0,125.0,122.0
2019-07-23,0.0,0.0,123.0,,30,0,122.0,123.0,122.0
2019-07-22,0.0,-3.91,123.0,,350,0,126.0,126.0,123.0
2019-07-21,0.0,-1.54,128.0,,200,0,128.0,128.0,128.0
2019-07-18,0.0,9.24,130.0,,160,0,121.0,130.0,121.0
2019-07-17,0.0,-1.65,119.0,,120,0,119.0,121.0,119.0
2019-07-16,0.0,-0.82,121.0,,120,0,120.0,122.0,120.0
2019-07-15,0.0,1.67,122.0,,560,0,122.0,123.0,121.0
2019-07-14,0.0,-2.44,120.0,,60,0,121.0,121.0,120.0
2019-07-11,0.0,-2.38,123.0,,110,0,124.0,126.0,123.0
2019-07-10,0.0,4.13,126.0,,150,0,122.0,126.0,122.0
2019-07-09,0.0,0.0,121.0,,120,0,120.0,122.0,120.0
2019-07-08,0.0,0.0,121.0,,30,0,121.0,121.0,121.0
2019-07-07,0.0,-0.82,121.0,,80,0,120.0,121.0,120.0
2019-07-04,0.0,-1.61,122.0,,10,0,122.0,122.0,122.0
2019-07-03,0.0,0.81,124.0,,80,0,124.0,125.0,124.0
2019-07-02,0.0,2.5,123.0,,30,0,122.0,123.0,122.0
2019-07-01,0.0,-2.44,120.0,,150,0,122.0,123.0,120.0
2019-06-30,0.0,-1.6,123.0,,90,0,126.0,126.0,123.0
2019-06-27,0.0,-3.1,125.0,,110,0,129.0,129.0,125.0
2019-06-26,0.0,3.2,129.0,,130,0,125.0,129.0,124.0
2019-06-25,0.0,-0.79,125.0,,70,0,124.0,126.0,124.0
2019-06-24,0.0,-0.79,126.0,,90,0,125.0,126.0,125.0
2019-06-23,0.0,-1.55,127.0,,170,0,127.0,129.0,126.0
2019-06-20,0.0,3.2,129.0,,450,0,124.0,130.0,124.0
2019-06-19,0.0,-3.1,125.0,,80,0,127.0,127.0,125.0
2019-06-18,0.0,-5.15,129.0,,320,0,134.0,134.0,129.0
2019-06-17,0.0,3.03,136.0,,30,0,134.0,136.0,134.0
2019-06-16,0.0,2.33,132.0,,320,0,128.0,132.0,128.0
2019-06-13,0.0,-1.53,129.0,,1040,0,129.0,134.0,128.0
2019-06-12,0.0,-7.09,131.0,,690,0,139.0,139.0,131.0
2019-06-11,0.0,-9.62,141.0,,870,0,159.0,159.0,141.0
2019-05-30,0.0,-2.4,163.0,,110,0,164.0,164.0,160.0
2019-05-23,0.0,-1.76,167.0,,50,0,167.0,167.0,167.0
2019-05-22,0.0,6.25,170.0,,2420,0,157.0,170.0,144.0
2019-05-20,0.0,1.27,160.0,,300,0,155.0,160.0,155.0
2019-05-14,0.0,1.94,158.0,,120,0,158.0,161.0,158.0
2019-05-13,0.0,6.16,155.0,,560,0,146.0,155.0,144.0
2019-05-12,0.0,8.15,146.0,,2870,0,137.0,146.0,133.0
2019-05-09,0.0,8.0,135.0,,2630,0,127.0,137.0,126.0
2019-05-08,0.0,-1.57,125.0,,610,0,129.0,131.0,125.0
2019-05-07,0.0,-1.55,127.0,,690,0,127.0,127.0,127.0
2019-05-06,0.0,-1.53,129.0,,20,0,129.0,129.0,129.0
2019-05-02,0.0,-2.96,131.0,,60,0,133.0,133.0,129.0
2019-04-30,0.0,1.5,135.0,,10,0,135.0,135.0,135.0
2019-04-29,0.0,0.0,133.0,,110,0,135.0,135.0,133.0
2019-04-28,0.0,9.92,133.0,,130,0,123.0,133.0,123.0
2019-04-25,0.0,0.83,121.0,,70,0,119.0,122.0,119.0
2019-04-24,0.0,-0.83,120.0,,1120,0,121.0,123.0,120.0
2019-04-23,0.0,-1.63,121.0,,90,0,121.0,123.0,121.0
2019-04-22,0.0,0.82,123.0,,60,0,121.0,123.0,121.0
2019-04-21,0.0,-2.4,122.0,,80,0,123.0,124.0,122.0
2019-04-18,0.0,0.0,125.0,,40,0,125.0,125.0,125.0
2019-04-17,0.0,0.0,125.0,,110,0,125.0,125.0,123.0
2019-04-16,0.0,0.0,125.0,,30,0,123.0,125.0,123.0
2019-04-15,0.0,0.0,125.0,,50,0,123.0,125.0,123.0
2019-04-11,0.0,0.0,125.0,,240,0,125.0,125.0,123.0
2019-04-10,0.0,1.63,125.0,,160,0,123.0,125.0,123.0
2019-04-09,0.0,-2.38,123.0,,80,0,124.0,126.0,123.0
2019-04-08,0.0,-0.79,126.0,,170,0,127.0,126.0,125.0
2019-04-07,0.0,3.25,127.0,,100,0,124.0,127.0,124.0
2019-04-04,0.0,-3.15,123.0,,270,0,126.0,127.0,123.0
2019-04-03,0.0,0.0,127.0,,120,0,125.0,127.0,125.0
2019-04-02,0.0,0.0,127.0,,340,0,125.0,128.0,125.0
2019-04-01,0.0,-1.55,127.0,,160,0,127.0,127.0,125.0
2019-03-31,0.0,0.78,129.0,,280,0,126.0,129.0,126.0
2019-03-28,0.0,0.79,128.0,,1010,0,129.0,137.0,125.0
2019-03-27,0.0,1.6,127.0,,180,0,125.0,127.0,125.0
2019-03-26,0.0,-1.57,125.0,,130,0,125.0,126.0,125.0
2019-03-25,0.0,3.25,127.0,,110,0,123.0,127.0,122.0
2019-03-24,0.0,-1.6,123.0,,90,0,123.0,123.0,123.0
2019-03-21,0.0,0.81,125.0,,360,0,126.0,126.0,125.0
2019-03-19,0.0,-1.59,124.0,,40,0,124.0,125.0,124.0
2019-03-18,0.0,-2.33,126.0,,370,0,130.0,132.0,126.0
2019-03-17,0.0,-1.53,129.0,,70,0,129.0,129.0,127.0
2019-03-14,0.0,-4.38,131.0,,30,0,135.0,135.0,131.0
2019-03-13,0.0,-1.44,137.0,,50,0,137.0,139.0,135.0
2019-03-12,0.0,6.11,139.0,,510,0,132.0,139.0,131.0
2019-03-11,0.0,4.8,131.0,,340,0,127.0,131.0,125.0
2019-03-10,0.0,1.63,125.0,,20,0,125.0,125.0,123.0
2019-03-09,0.0,1.63,125.0,,20,0,125.0,125.0,123.0
2019-03-07,0.0,2.5,123.0,,50,0,121.0,123.0,120.0
2019-03-06,0.0,0.0,120.0,,10,0,120.0,120.0,120.0
2019-03-05,0.0,-1.64,120.0,,10,0,120.0,122.0,120.0
2019-03-03,0.0,0.0,122.0,,140,0,122.0,122.0,118.0
2019-02-27,0.0,1.67,122.0,,229,0,118.0,122.0,118.0
2019-02-26,0.0,1.69,120.0,,1660,0,118.0,121.0,118.0
2019-02-25,0.0,1.72,118.0,,30,0,116.0,118.0,116.0
2019-02-24,0.0,-1.69,116.0,,100,0,118.0,118.0,116.0
2019-02-21,0.0,-1.67,118.0,,60,0,118.0,120.0,118.0
2019-02-20,0.0,-1.64,120.0,,20,0,120.0,122.0,120.0
2019-02-19,0.0,1.67,122.0,,1120,0,118.0,124.0,118.0
2019-02-18,0.0,0.0,120.0,,120,0,120.0,120.0,118.0
2019-02-17,0.0,-3.23,120.0,,160,0,123.0,124.0,120.0
2019-02-14,0.0,-2.36,124.0,,40,0,125.0,127.0,124.0
2019-02-13,0.0,1.6,127.0,,50,0,124.0,127.0,124.0
2019-02-12,0.0,-0.79,125.0,,20,0,125.0,126.0,125.0
2019-02-11,0.0,0.0,126.0,,80,0,124.0,126.0,124.0
2019-02-10,0.0,-1.56,126.0,,90,0,126.0,128.0,126.0
2019-02-07,0.0,-2.29,128.0,,120,0,130.0,131.0,127.0
2019-02-06,0.0,0.77,131.0,,1270,0,128.0,131.0,128.0
2019-02-05,0.0,-0.76,130.0,,1100,0,129.0,132.0,129.0
2019-02-04,0.0,0.0,131.0,,250,0,129.0,131.0,129.0
2019-02-03,0.0,-1.5,131.0,,60,0,132.0,133.0,131.0
2019-01-31,0.0,-0.75,133.0,,30,0,134.0,134.0,132.0
2019-01-30,0.0,1.52,134.0,,50,0,132.0,134.0,130.0
2019-01-29,0.0,0.0,130.0,,50,0,130.0,130.0,130.0
2019-01-28,0.0,-0.76,130.0,,90,0,131.0,131.0,129.0
2019-01-27,0.0,-1.5,131.0,,110,0,133.0,134.0,130.0
2019-01-24,0.0,1.53,133.0,,80,0,131.0,133.0,129.0
2019-01-23,0.0,0.0,131.0,,161,0,131.0,131.0,127.0
2019-01-22,0.0,-9.66,131.0,,90,0,145.0,145.0,131.0
2019-01-21,0.0,-1.36,145.0,,200,0,147.0,147.0,145.0
2019-01-17,0.0,5.0,147.0,,610,0,140.0,149.0,140.0
2019-01-16,0.0,9.37,140.0,,1030,0,128.0,140.0,128.0
2019-01-15,0.0,3.23,128.0,,40,0,124.0,128.0,124.0
2019-01-14,0.0,1.64,124.0,,30,0,122.0,124.0,122.0
2019-01-13,0.0,-1.61,122.0,,30,0,124.0,124.0,122.0
2019-01-10,0.0,-1.59,124.0,,100,0,126.0,128.0,124.0
2019-01-09,0.0,-1.56,126.0,,10,0,128.0,128.0,126.0
2019-01-08,0.0,-1.54,128.0,,400,0,130.0,130.0,127.0
2019-01-07,0.0,2.36,130.0,,160,0,127.0,130.0,125.0
2019-01-06,0.0,0.79,127.0,,30,0,126.0,127.0,125.0
2019-01-03,0.0,-1.56,126.0,,20,0,128.0,128.0,126.0
2019-01-02,0.0,-0.78,128.0,,20,0,129.0,129.0,127.0
2019-01-01,0.0,-1.53,129.0,,50,0,131.0,131.0,128.0
2018-12-31,0.0,-1.5,131.0,,10,0,133.0,133.0,131.0
2018-12-30,0.0,-1.48,133.0,,590,0,135.0,135.0,131.0
2018-12-27,0.0,1.5,135.0,,130,0,133.0,135.0,133.0
2018-12-26,0.0,0.0,133.0,,30,0,133.0,135.0,133.0
2018-12-25,0.0,-1.48,133.0,,130,0,135.0,137.0,133.0
2018-12-24,0.0,1.5,135.0,,160,0,133.0,135.0,131.0
2018-12-23,0.0,0.76,133.0,,320,0,132.0,133.0,130.0
2018-12-20,0.0,-1.49,132.0,,40,0,134.0,134.0,132.0
2018-12-19,0.0,-2.9,134.0,,100,0,138.0,138.0,132.0
2018-12-16,0.0,-4.17,138.0,,490,0,144.0,144.0,136.0
2018-12-12,0.0,-1.37,144.0,,100,0,146.0,146.0,144.0
2018-12-11,0.0,-1.35,146.0,,600,0,148.0,148.0,146.0
2018-12-10,0.0,-0.67,148.0,,20,0,149.0,150.0,148.0
2018-12-06,0.0,0.0,149.0,,60,0,149.0,151.0,147.0
2018-12-04,0.0,-1.96,150.0,,80,0,153.0,153.0,148.0
2018-12-02,0.0,0.0,153.0,,80,0,153.0,153.0,153.0
2018-11-29,0.0,2.0,153.0,,160,0,150.0,153.0,150.0
2018-11-28,0.0,0.67,150.0,,350,0,149.0,153.0,147.0
2018-11-27,0.0,6.43,149.0,,1130,0,140.0,151.0,140.0
2018-11-26,0.0,4.48,140.0,,360,0,134.0,142.0,132.0
2018-11-25,0.0,5.51,134.0,,550,0,127.0,134.0,126.0
2018-11-22,0.0,2.42,127.0,,120,0,124.0,127.0,123.0
2018-11-21,0.0,-0.8,124.0,,110,0,125.0,125.0,123.0
2018-11-20,0.0,1.63,125.0,,100,0,123.0,125.0,123.0
2018-11-19,0.0,0.0,123.0,,110,0,123.0,124.0,121.0
2018-11-18,0.0,1.65,123.0,,180,0,121.0,125.0,121.0
2018-11-15,0.0,0.83,121.0,,70,0,120.0,121.0,120.0
2018-11-14,0.0,-1.64,120.0,,40,0,122.0,122.0,120.0
2018-11-05,0.0,0.0,122.0,,20,0,120.0,122.0,120.0
2018-11-04,0.0,-1.61,122.0,,50,0,122.0,122.0,122.0
2018-11-01,0.0,-1.59,124.0,,90,0,124.0,126.0,124.0
2018-10-31,0.0,-2.33,126.0,,50,0,127.0,127.0,125.0
2018-10-30,0.0,8.4,129.0,,880,0,117.0,129.0,117.0
2018-10-29,0.0,-4.8,119.0,,80,0,125.0,125.0,119.0
2018-10-28,0.0,-2.34,125.0,,630,0,126.0,127.0,125.0
2018-10-25,0.0,-3.03,128.0,,20,0,130.0,130.0,128.0
2018-10-23,0.0,0.0,132.0,,140,0,131.0,132.0,129.0
2018-10-22,0.0,-1.49,132.0,,140,0,133.0,133.0,132.0
2018-10-21,0.0,-1.47,134.0,,50,0,134.0,134.0,134.0
2018-10-15,0.0,0.0,136.0,,200,0,136.0,136.0,136.0
2018-10-14,0.0,0.0,136.0,,120,0,138.0,138.0,136.0
2018-10-11,0.0,-1.45,136.0,,40,0,136.0,136.0,136.0
2018-10-10,0.0,2.22,138.0,,380,0,133.0,138.0,133.0
2018-10-09,0.0,-0.74,135.0,,60,0,134.0,137.0,134.0
2018-10-08,0.0,-0.73,136.0,,70,0,136.0,137.0,136.0
2018-10-07,0.0,-2.84,137.0,,30,0,139.0,139.0,137.0
2018-10-04,0.0,1.44,141.0,,140,0,137.0,141.0,137.0
2018-10-03,0.0,-5.44,139.0,,170,0,145.0,145.0,139.0
2018-10-02,0.0,-1.34,147.0,,150,0,147.0,148.0,145.0
2018-10-01,0.0,0.68,149.0,,160,0,150.0,151.0,149.0
2018-09-30,0.0,-0.67,148.0,,420,0,149.0,151.0,147.0
2018-09-27,0.0,-0.67,149.0,,120,0,147.0,149.0,147.0
2018-09-26,0.0,-1.32,150.0,,360,0,153.0,153.0,149.0
2018-09-25,0.0,0.66,152.0,,90,0,150.0,154.0,150.0
2018-09-23,0.0,0.67,151.0,,120,0,148.0,152.0,148.0
2018-09-20,0.0,-1.32,150.0,,150,0,150.0,152.0,150.0
2018-09-18,0.0,-0.65,152.0,,160,0,150.0,153.0,150.0
2018-09-17,0.0,-1.92,153.0,,20,0,153.0,153.0,153.0
2018-09-16,0.0,0.65,156.0,,80,0,153.0,156.0,153.0
2018-09-13,0.0,0.0,155.0,,80,0,154.0,157.0,154.0
2018-09-12,0.0,2.65,155.0,,150,0,153.0,157.0,153.0
2018-09-11,0.0,-5.03,151.0,,30,0,156.0,156.0,151.0
2018-09-10,0.0,0.63,159.0,,140,0,158.0,159.0,156.0
2018-09-09,0.0,-1.25,158.0,,90,0,162.0,162.0,157.0
2018-09-06,0.0,0.0,160.0,,50,0,160.0,160.0,160.0
2018-09-05,0.0,1.27,160.0,,60,0,158.0,161.0,157.0
2018-09-04,0.0,-1.25,158.0,,40,0,157.0,158.0,157.0
2018-09-03,0.0,0.0,160.0,,1770,0,163.0,163.0,160.0
2018-09-02,0.0,0.0,160.0,,130,0,157.0,160.0,155.0
2018-08-30,0.0,3.23,160.0,,50,0,158.0,160.0,155.0
2018-08-29,0.0,-3.12,155.0,,80,0,157.0,157.0,155.0
2018-08-28,0.0,2.56,160.0,,80,0,155.0,160.0,155.0
2018-08-26,0.0,-1.89,156.0,,50,0,156.0,156.0,156.0
2018-08-23,0.0,-0.62,159.0,,40,0,160.0,162.0,159.0
2018-08-22,0.0,-1.23,160.0,,80,0,159.0,160.0,159.0
2018-08-21,0.0,0.0,162.0,,760,0,162.0,163.0,161.0
2018-08-20,0.0,0.0,162.0,,70,0,162.0,162.0,162.0
2018-08-19,0.0,-0.61,162.0,,30,0,161.0,162.0,161.0
2018-08-16,0.0,-1.21,163.0,,300,0,162.0,164.0,162.0
2018-08-15,0.0,1.85,165.0,,50,0,160.0,165.0,160.0
2018-08-14,0.0,0.0,162.0,,80,0,162.0,163.0,162.0
2018-08-13,0.0,-1.82,162.0,,90,0,162.0,162.0,153.0
2018-08-12,0.0,-1.79,165.0,,50,0,165.0,165.0,165.0
2018-08-09,0.0,1.2,168.0,,90,0,166.0,169.0,166.0
2018-08-08,0.0,0.0,166.0,,110,0,164.0,166.0,164.0
2018-08-07,0.0,0.61,166.0,,110,0,163.0,167.0,163.0
2018-08-06,0.0,0.0,165.0,,70,0,168.0,168.0,163.0
2018-08-05,0.0,0.0,165.0,,80,0,162.0,165.0,162.0
2018-08-02,0.0,-0.6,165.0,,110,0,167.0,167.0,164.0
2018-08-01,0.0,0.61,166.0,,70,0,165.0,166.0,164.0
2018-07-31,0.0,0.0,165.0,,110,0,167.0,168.0,165.0
2018-07-30,0.0,-1.2,165.0,,70,0,164.0,168.0,164.0
2018-07-29,0.0,-5.11,167.0,,120,0,173.0,173.0,167.0
2018-07-26,0.0,3.53,176.0,,20,0,173.0,176.0,173.0
2018-07-25,0.0,-1.73,170.0,,120,0,170.0,171.0,168.0
2018-07-24,0.0,1.76,173.0,,50,0,170.0,174.0,170.0
2018-07-22,0.0,1.19,170.0,,290,0,165.0,170.0,165.0
2018-07-19,0.0,-0.59,169.0,,810,0,168.0,172.0,168.0
2018-07-18,0.0,-3.43,169.0,,50,0,172.0,172.0,169.0
2018-07-17,0.0,4.17,175.0,,360,0,168.0,176.0,168.0
2018-07-16,0.0,0.0,168.0,,1080,0,171.0,180.0,168.0
2018-07-15,0.0,-6.67,168.0,,150,0,180.0,180.0,168.0
2018-07-12,0.0,6.51,180.0,,70,0,168.0,180.0,168.0
2018-07-11,0.0,0.6,169.0,,220,0,166.0,172.0,166.0
2018-07-10,0.0,-1.18,168.0,,199,0,171.0,172.0,168.0
2018-07-09,0.0,-5.56,170.0,,100,0,177.0,177.0,166.0
2018-07-08,0.0,0.0,180.0,,80,0,183.0,183.0,180.0
2018-07-05,0.0,1.69,180.0,,180,0,177.0,183.0,177.0
2018-07-04,0.0,3.51,177.0,,1630,0,168.0,177.0,163.0
2018-07-03,0.0,-2.29,171.0,,90,0,177.0,177.0,171.0
2018-07-02,0.0,-0.6,165.0,,110,0,167.0,167.0,164.0
2018-07-01,0.0,0.61,166.0,,70,0,165.0,166.0,164.0
2018-06-28,0.0,-2.12,185.0,,70,0,188.0,188.0,185.0
2018-06-27,0.0,0.0,189.0,,5190,0,186.0,192.0,186.0
2018-06-26,0.0,-4.06,189.0,,139,0,197.0,197.0,188.0
2018-06-25,0.0,-0.51,198.0,,130,0,198.0,201.0,197.0
2018-06-24,0.0,-9.59,198.0,,390,0,223.0,223.0,198.0
2018-06-21,0.0,-9.88,219.0,,480,0,239.0,239.0,219.0
2018-06-20,0.0,-0.41,243.0,,1270,0,248.0,262.0,237.0
2018-06-19,0.0,1.67,244.0,,2620,0,244.0,262.0,240.0
2018-06-18,0.0,9.59,240.0,,2080,0,223.0,240.0,223.0
2018-06-17,0.0,1.86,219.0,,690,0,216.0,219.0,208.0
2018-06-14,0.0,9.69,215.0,,820,0,197.0,215.0,197.0
2018-06-13,0.0,9.5,196.0,,580,0,179.0,196.0,179.0
2018-06-12,0.0,-2.72,179.0,,190,0,184.0,184.0,179.0
2018-06-11,0.0,9.52,184.0,,250,0,171.0,184.0,171.0
2018-06-10,0.0,4.35,168.0,,70,0,158.0,168.0,158.0
2018-06-07,0.0,-1.23,161.0,,190,0,161.0,162.0,161.0
2018-06-06,0.0,-0.61,163.0,,10,0,163.0,163.0,163.0
2018-06-04,0.0,-0.61,164.0,,80,0,162.0,166.0,162.0
2018-06-03,0.0,-5.71,165.0,,790,0,176.0,176.0,165.0
2018-05-31,0.0,0.0,175.0,,90,0,176.0,176.0,174.0
2018-05-30,0.0,0.57,175.0,,360,0,171.0,175.0,171.0
2018-05-29,0.0,-0.57,174.0,,60,0,172.0,175.0,172.0
2018-05-28,0.0,-1.13,175.0,,150,0,177.0,177.0,174.0
2018-05-27,0.0,0.57,177.0,,140,0,178.0,178.0,173.0
2018-05-24,0.0,0.57,176.0,,40,0,175.0,179.0,173.0
2018-05-23,0.0,-3.31,175.0,,50,0,178.0,179.0,175.0
2018-05-22,0.0,-0.55,181.0,,20,0,183.0,183.0,181.0
2018-05-21,0.0,-1.09,182.0,,270,0,185.0,185.0,180.0
2018-05-20,0.0,0.55,184.0,,140,0,181.0,184.0,181.0
2018-05-17,0.0,1.67,183.0,,60,0,180.0,183.0,180.0
2018-05-16,0.0,0.0,180.0,,40,0,179.0,180.0,179.0
2018-05-15,0.0,-1.1,180.0,,170,0,181.0,181.0,179.0
2018-05-14,0.0,-2.15,182.0,,240,0,183.0,184.0,181.0
2018-05-10,0.0,0.54,186.0,,270,0,185.0,187.0,182.0
2018-05-09,0.0,-0.54,185.0,,160,0,186.0,186.0,181.0
2018-05-08,0.0,0.54,185.0,,390,0,185.0,186.0,180.0
2018-05-07,0.0,-1.6,185.0,,200,0,188.0,188.0,179.0
2018-05-06,0.0,-1.05,188.0,,240,0,188.0,191.0,188.0
2018-05-03,0.0,1.6,187.0,,130,0,184.0,190.0,184.0
2018-05-02,0.0,-4.1,187.0,,270,0,195.0,192.0,187.0
2018-04-29,0.0,-0.51,195.0,,60,0,193.0,195.0,193.0
2018-04-26,0.0,-2.49,196.0,,200,0,197.0,197.0,195.0
2018-04-25,0.0,-1.95,201.0,,190,0,201.0,205.0,201.0
2018-04-24,0.0,-2.38,204.0,,540,0,208.0,208.0,204.0
2018-04-23,0.0,0.0,210.0,,180,0,214.0,215.0,206.0
2018-04-22,0.0,-1.87,210.0,,100,0,214.0,218.0,210.0
2018-04-19,0.0,4.9,214.0,,250,0,204.0,214.0,202.0
2018-04-18,0.0,4.62,204.0,,140,0,192.0,208.0,190.0
2018-04-17,0.0,3.17,195.0,,100,0,189.0,199.0,190.0
2018-04-16,0.0,-0.53,189.0,,190,0,190.0,191.0,188.0
2018-04-15,0.0,-2.56,190.0,,80,0,195.0,192.0,189.0
2018-04-12,0.0,-3.47,195.0,,350,0,199.0,200.0,195.0
2018-04-11,0.0,6.32,202.0,,250,0,192.0,202.0,192.0
2018-04-10,0.0,0.53,190.0,,280,0,186.0,190.0,184.0
2018-04-09,0.0,-2.07,191.0,,710,0,192.0,198.0,189.0
2018-04-08,0.0,1.05,193.0,,180,0,188.0,193.0,188.0
2018-04-05,0.0,-2.05,191.0,,150,0,192.0,196.0,189.0
2018-04-04,0.0,1.56,195.0,,60,0,195.0,195.0,192.0
2018-04-03,0.0,1.59,190.0,,160,0,192.0,192.0,190.0
2018-04-02,0.0,0.0,189.0,,70,0,186.0,189.0,185.0
2018-04-01,0.0,3.28,189.0,,280,0,183.0,192.0,183.0
2018-03-29,0.0,1.67,183.0,,170,0,180.0,183.0,180.0
2018-03-28,0.0,0.0,180.0,,30,0,180.0,180.0,180.0
2018-03-27,0.0,0.0,180.0,,70,0,177.0,180.0,174.0
2018-03-26,0.0,0.0,177.0,,30,0,180.0,180.0,177.0
2018-03-22,0.0,0.0,180.0,,70,0,177.0,180.0,177.0
2018-03-21,0.0,0.0,180.0,,80,0,180.0,180.0,177.0
2018-03-20,0.0,-3.23,180.0,,80,0,183.0,184.0,180.0
2018-03-19,0.0,-1.59,186.0,,80,0,186.0,187.0,186.0
2018-03-18,0.0,-3.08,189.0,,110,0,192.0,196.0,189.0
2018-03-15,0.0,-2.01,195.0,,40,0,196.0,196.0,195.0
2018-03-14,0.0,0.0,199.0,,10,0,199.0,199.0,199.0
2018-03-13,0.0,0.51,199.0,,10,0,199.0,199.0,199.0
2018-03-12,0.0,2.06,198.0,,130,0,194.0,198.0,194.0
2018-03-11,0.0,-1.02,194.0,,1866,0,196.0,197.0,194.0
2018-03-07,0.0,3.16,196.0,,70,0,187.0,196.0,184.0
2018-03-06,0.0,-3.06,190.0,,220,0,199.0,199.0,187.0
2018-03-04,0.0,-3.45,196.0,,170,0,199.0,199.0,196.0
2018-02-28,0.0,-1.46,203.0,,70,0,202.0,205.0,202.0
2018-02-27,0.0,0.0,206.0,,10,0,206.0,206.0,206.0
2018-02-26,0.0,-1.9,206.0,,50,0,213.0,213.0,205.0
2018-02-25,0.0,-1.41,210.0,,160,0,210.0,210.0,203.0
2018-02-22,0.0,-0.47,213.0,,540,0,210.0,214.0,210.0
2018-02-21,0.0,0.94,214.0,,100,0,208.0,214.0,208.0
2018-02-20,0.0,0.47,212.0,,130,0,210.0,214.0,210.0
2018-02-18,0.0,-3.21,211.0,,520,0,218.0,222.0,211.0
2018-02-15,0.0,1.4,218.0,,190,0,216.0,222.0,216.0
2018-02-14,0.0,3.37,215.0,,330,0,208.0,215.0,200.0
2018-02-12,0.0,-1.42,208.0,,30,0,208.0,208.0,208.0
2018-02-11,0.0,1.93,211.0,,140,0,208.0,211.0,208.0
2018-02-08,0.0,0.0,207.0,,70,0,203.0,209.0,202.0
2018-02-07,0.0,1.47,207.0,,880,0,204.0,208.0,204.0
2018-02-06,0.0,0.0,204.0,,40,0,204.0,204.0,204.0
2018-02-05,0.0,-1.45,204.0,,70,0,206.0,206.0,204.0
2018-02-04,0.0,0.0,207.0,,300,0,207.0,209.0,207.0
2018-02-01,0.0,-1.43,207.0,,70,0,206.0,207.0,206.0
2018-01-31,0.0,-2.33,210.0,,160,0,213.0,213.0,208.0
2018-01-29,0.0,0.0,215.0,,250,0,213.0,218.0,213.0
2018-01-28,0.0,-0.46,215.0,,100,0,212.0,215.0,212.0
2018-01-25,0.0,-1.82,216.0,,90,0,220.0,220.0,216.0
2018-01-24,0.0,3.29,220.0,,340,0,217.0,220.0,214.0
2018-01-23,0.0,-1.39,213.0,,110,0,212.0,214.0,212.0
2018-01-22,0.0,0.47,216.0,,120,0,211.0,218.0,211.0
2018-01-21,0.0,-0.46,215.0,,220,0,212.0,218.0,212.0
2018-01-17,0.0,0.47,216.0,,423,0,215.0,219.0,213.0
2018-01-16,0.0,-3.15,215.0,,90,0,218.0,218.0,215.0
2018-01-14,0.0,-3.06,222.0,,90,0,230.0,230.0,222.0
2018-01-10,0.0,0.0,229.0,,90,0,225.0,229.0,221.0
2018-01-09,0.0,0.0,229.0,,110,0,229.0,229.0,227.0
2018-01-08,0.0,4.09,229.0,,270,0,220.0,229.0,220.0
2018-01-07,0.0,1.38,220.0,,160,0,220.0,220.0,216.0
2018-01-04,0.0,0.46,217.0,,50,0,212.0,217.0,212.0
2018-01-03,0.0,-0.92,216.0,,40,0,214.0,216.0,214.0
2018-01-02,0.0,0.46,218.0,,130,0,213.0,221.0,213.0
2018-01-01,0.0,2.84,217.0,,80,0,211.0,217.0,211.0
2017-12-31,0.0,2.43,211.0,,940,0,206.0,215.0,200.0
2017-12-28,0.0,-0.48,206.0,,280,0,203.0,207.0,203.0
2017-12-27,0.0,-3.72,207.0,,100,0,211.0,211.0,203.0
2017-12-26,0.0,-2.71,215.0,,1570,0,217.0,217.0,213.0
2017-12-24,0.0,-2.21,221.0,,1195,0,222.0,227.0,218.0
2017-12-21,0.0,-1.31,226.0,,240,0,229.0,229.0,226.0
2017-12-20,0.0,-1.29,229.0,,500,0,230.0,232.0,228.0
2017-12-19,0.0,-1.28,232.0,,210,0,236.0,236.0,232.0
2017-12-18,0.0,-2.08,235.0,,110,0,241.0,241.0,235.0
2017-12-17,0.0,0.0,240.0,,220,0,239.0,242.0,236.0
2017-12-14,0.0,-2.44,240.0,,50,0,242.0,242.0,240.0
2017-12-13,0.0,-2.77,246.0,,843,0,255.0,255.0,242.0
2017-12-12,0.0,3.27,253.0,,160,0,245.0,253.0,241.0
2017-12-11,0.0,-2.0,245.0,,240,0,245.0,249.0,245.0
2017-12-10,0.0,-1.96,250.0,,2287,0,251.0,251.0,250.0
2017-12-06,0.0,0.79,255.0,,430,0,250.0,255.0,249.0
2017-12-05,0.0,-0.78,253.0,,420,0,252.0,254.0,251.0
2017-12-04,0.0,-2.3,255.0,,600,0,261.0,261.0,252.0
2017-11-30,0.0,0.38,261.0,,2930,0,260.0,264.0,259.0
2017-11-29,0.0,-1.89,260.0,,1820,0,260.0,270.0,260.0
2017-11-28,0.0,0.0,265.0,,376,0,260.0,265.0,260.0
2017-11-27,0.0,0.0,265.0,,2928,0,260.0,271.0,254.0
2017-11-26,0.0,5.16,265.0,,1430,0,252.0,277.0,251.0
2017-11-23,0.0,-0.79,252.0,,420,0,254.0,259.0,251.0
2017-11-22,0.0,1.2,254.0,,580,0,256.0,264.0,254.0
2017-11-21,0.0,-0.79,251.0,,1680,0,250.0,252.0,247.0
2017-11-20,0.0,-8.99,253.0,,1770,0,275.0,275.0,251.0
2017-11-19,0.0,-9.15,278.0,,5206,0,306.0,300.0,276.0
2017-11-16,0.0,-4.97,306.0,,16351,0,328.0,328.0,290.0
2017-11-15,0.0,9.9,322.0,,2490,0,298.0,322.0,298.0
2017-11-14,0.0,0.0,293.0,,980,0,267.0,293.0,267.0
