DATE,CHANGE,CHANGE %,CLOSE,TURNOVER,VOLUME,TRADE,OPEN,HIGH,LOW
2026-05-08,-0.3,-0.12,242.0,62.96,26100,99,244.8,244.8,239.0
2026-05-07,1.4,0.58,242.3,56.55,23523,117,243.9,243.9,238.6
2026-05-06,-0.8,-0.33,240.9,48.89,20401,107,245.0,245.0,237.7
2026-05-05,3.7,1.55,241.7,73.95,30990,155,242.0,242.0,236.1
2026-05-04,-2.4,-1.0,238.0,98.93,41572,154,252.4,252.4,237.0
2026-04-30,-0.6,-0.25,240.4,61.72,25770,129,246.0,246.0,239.0
2026-04-29,-1.9,-0.78,241.0,55.9,23206,131,247.9,247.9,240.1
2026-04-28,-2.1,-0.86,242.9,90.7,37387,154,245.0,250.0,241.0
2026-04-27,0.1,0.04,245.0,32.44,13292,102,257.0,257.0,240.6
2026-04-24,2.0,0.82,244.9,66.43,27487,122,252.0,252.0,240.1
2026-04-23,-2.1,-0.86,242.9,38.64,15968,116,246.8,246.8,241.0
2026-04-22,2.0,0.82,245.0,82.42,34106,179,247.8,247.8,240.5
2026-04-21,-2.6,-1.06,243.0,77.7,31857,154,241.2,248.0,241.2
2026-04-20,-2.9,-1.17,245.6,39.02,15882,112,236.1,257.0,236.1
2026-04-17,-1.5,-0.6,248.5,87.07,35272,106,253.9,253.9,245.0
2026-04-16,-2.0,-0.79,250.0,78.78,31666,203,249.4,251.0,247.0
2026-04-15,3.6,1.45,252.0,,47809,204,253.0,253.0,249.0
2026-04-13,-2.6,-1.04,248.4,52.44,20999,122,252.0,254.0,248.4
2026-04-10,-1.0,-0.4,251.0,61.71,24529,154,257.0,257.0,250.0
2026-04-09,3.1,1.25,252.0,,58876,234,252.7,263.0,248.0
2026-04-08,6.7,2.77,248.9,,69279,148,245.0,249.9,244.0
2026-04-07,-2.0,-0.82,242.2,87.58,35655,178,246.0,249.0,242.1
2026-04-06,4.2,1.75,244.2,,54907,248,244.8,247.0,240.1
2026-04-05,-9.0,-3.61,240.0,,88847,288,249.0,249.0,239.5
2026-04-02,0.9,0.36,249.0,,40655,193,243.2,252.0,243.2
2026-04-01,-5.9,-2.32,248.1,,69545,216,257.9,257.9,247.1
2026-03-31,5.4,2.17,254.0,,92630,285,251.0,254.5,246.5
2026-03-30,-8.4,-3.27,248.6,,124263,363,260.0,260.0,247.0
2026-03-29,-8.0,-3.02,257.0,,155938,348,265.5,267.0,257.0
2026-03-26,-0.7,-0.26,265.0,,96756,284,268.8,268.8,261.2
2026-03-25,-3.3,-1.23,265.7,,142378,305,264.0,272.0,262.2
2026-03-24,0.0,0.0,269.0,,170744,411,270.8,270.8,263.8
2026-03-23,-0.8,-0.3,269.0,,101193,325,268.0,269.0,264.5
2026-03-22,8.9,3.41,269.8,,290873,827,264.9,271.4,261.0
2026-03-19,6.9,2.72,260.9,,221234,601,249.0,262.9,249.0
2026-03-17,1.0,0.4,254.0,91.14,36068,169,248.1,254.7,248.1
2026-03-16,-3.0,-1.17,253.0,,57351,197,254.0,255.0,251.2
2026-03-15,-1.0,-0.39,256.0,,53671,241,258.0,259.0,253.1
2026-03-12,4.3,1.7,257.0,,106910,415,257.7,259.9,249.0
2026-03-11,-0.4,-0.16,252.7,,88823,286,255.0,255.0,250.0
2026-03-10,6.4,2.59,253.1,,296164,1020,251.6,265.2,249.9
2026-03-09,4.8,1.98,246.7,12.56,5010,10,246.7,251.6,246.7
2026-03-03,3.1,1.3,241.9,75.92,31533,150,243.5,243.5,235.4
2026-03-01,0.3,0.13,238.8,94.06,39746,122,234.2,238.8,234.1
2026-02-26,4.0,1.71,238.5,95.09,40152,130,239.1,239.1,234.0
2026-02-25,-0.3,-0.13,234.5,52.27,22338,88,236.0,236.0,233.1
2026-02-24,1.8,0.77,234.8,25.99,11140,97,235.0,235.0,232.4
2026-02-23,-1.0,-0.43,233.0,,43924,125,233.1,235.0,232.4
2026-02-22,-1.0,-0.43,234.0,60.25,25804,124,232.3,235.0,232.1
2026-02-17,0.0,0.0,235.0,,43208,125,233.0,236.0,233.0
2026-02-16,1.0,0.43,235.0,76.39,32445,131,237.0,237.0,234.0
2026-02-12,0.7,0.3,234.0,51.77,22160,110,235.0,235.0,233.0
2026-02-11,-0.7,-0.3,233.3,37.51,16034,99,237.0,237.0,233.0
2026-02-10,1.3,0.56,234.0,77.26,33042,135,232.5,236.0,232.5
2026-02-09,-1.6,-0.68,232.7,92.16,39501,174,234.4,234.4,232.2
2026-02-08,0.2,0.09,234.3,65.02,27583,132,236.0,242.0,234.2
2026-02-05,1.1,0.47,234.1,,74262,175,233.1,235.8,233.0
2026-02-04,-2.9,-1.23,233.0,,69194,207,231.2,239.0,231.2
2026-02-03,-2.1,-0.88,235.9,94.34,39727,155,237.5,240.0,235.9
2026-02-02,0.8,0.34,238.0,65.8,27764,116,240.0,240.0,236.1
2026-02-01,-2.3,-0.96,237.2,77.15,32424,153,237.0,240.0,237.0
2026-01-29,-0.6,-0.25,239.5,,53461,178,240.0,241.9,239.2
2026-01-28,0.0,0.0,240.1,,46367,188,240.0,244.0,240.0
2026-01-27,-3.9,-1.6,240.1,,62320,217,242.2,245.0,240.0
2026-01-26,-2.4,-0.97,244.0,,45281,200,246.4,247.9,242.7
2026-01-25,4.9,2.03,246.4,,56349,257,242.0,246.7,240.0
2026-01-22,-1.0,-0.41,241.5,74.82,31063,143,241.8,243.0,240.0
2026-01-21,2.0,0.83,242.5,,65927,166,238.0,242.5,238.0
2026-01-20,1.7,0.71,240.5,,67016,253,237.2,244.0,237.2
2026-01-18,-0.2,-0.08,238.8,,51713,212,238.0,240.9,237.0
2026-01-14,0.0,0.0,239.0,51.31,21475,104,239.0,240.0,237.2
2026-01-13,-0.9,-0.38,239.0,84.21,35305,133,239.9,240.0,237.0
2026-01-12,0.9,0.38,239.9,75.42,31489,141,243.7,243.7,239.0
2026-01-08,1.8,0.76,239.0,87.99,36916,105,237.0,239.6,237.0
2026-01-07,-2.8,-1.17,237.2,67.15,28233,112,239.0,241.0,235.6
2026-01-06,3.9,1.65,240.0,,61193,167,235.3,240.6,235.3
2026-01-05,1.0,0.43,236.1,82.39,34799,126,235.0,238.9,235.0
2026-01-04,-3.7,-1.55,235.1,,44500,166,242.0,242.0,235.0
2026-01-01,0.6,0.25,238.8,67.42,28358,109,242.9,242.9,237.1
2025-12-31,1.2,0.51,238.2,,47350,155,240.0,243.9,238.2
2025-12-29,-3.0,-1.25,237.0,,57270,160,243.0,243.8,236.0
2025-12-28,4.9,2.08,240.0,,85741,254,239.0,240.0,233.0
2025-12-24,-7.66,-3.16,235.1,,63953,271,239.0,239.0,233.5
2025-12-23,1.3,0.51,254.9,,128592,401,256.0,256.0,253.0
2025-12-22,-1.5,-0.59,253.6,,77228,225,260.0,260.0,253.5
2025-12-21,-0.5,-0.2,255.1,,68744,218,257.29,257.29,254.0
2025-12-18,-0.5,-0.2,255.6,,110162,269,255.0,257.1,254.5
2025-12-17,4.0,1.59,256.1,,66790,225,253.9,256.5,252.2
2025-12-16,4.1,1.65,252.1,,65886,249,250.0,254.9,248.0
2025-12-15,1.0,0.4,248.0,,63396,166,249.0,250.0,245.5
2025-12-14,1.1,0.45,247.0,92.67,37716,138,247.0,248.0,244.8
2025-12-11,-1.1,-0.45,245.9,65.09,26472,136,245.0,247.0,245.0
2025-12-10,-0.3,-0.12,247.0,49.08,19906,121,250.0,250.0,245.5
2025-12-09,-0.8,-0.32,247.3,62.84,25459,113,246.0,249.8,244.8
2025-12-08,-1.5,-0.6,248.1,,41229,182,248.0,249.2,245.3
2025-12-07,1.7,0.69,249.6,,49642,171,248.7,249.8,245.0
2025-12-03,-1.9,-0.76,247.9,,66108,155,254.7,254.7,247.9
2025-12-02,-1.6,-0.64,249.8,,57920,157,255.0,255.0,248.0
2025-12-01,-2.4,-0.95,251.4,,60782,200,253.0,254.7,249.3
2025-11-30,-6.2,-2.38,253.8,,83622,294,256.8,260.0,250.0
2025-11-27,8.2,3.26,260.0,,123600,357,255.0,260.0,250.4
2025-11-26,3.9,1.57,251.8,,52101,169,249.7,252.0,247.1
2025-11-25,0.9,0.36,247.9,,65545,217,248.9,248.9,245.0
2025-11-24,4.0,1.65,247.0,,60547,208,244.5,247.2,243.1
2025-11-23,6.0,2.53,243.0,,96470,380,241.0,243.9,239.5
2025-11-20,2.4,1.02,237.0,81.62,34574,99,235.0,238.0,234.5
2025-11-19,-1.4,-0.59,234.6,58.45,24865,85,234.8,238.2,234.1
2025-11-18,0.5,0.21,236.0,,50700,151,237.0,237.9,235.0
2025-11-17,-0.5,-0.21,235.5,32.57,13796,96,237.7,238.0,234.1
2025-11-16,-1.6,-0.67,236.0,70.88,30101,106,238.1,238.1,234.5
2025-11-13,5.1,2.19,237.6,,60592,149,231.4,253.0,231.3
2025-11-12,-0.3,-0.13,232.5,42.88,18453,109,233.0,233.0,231.8
2025-11-11,-2.1,-0.89,232.8,73.9,31698,146,234.9,234.9,232.2
2025-11-10,-0.5,-0.21,234.9,75.32,32011,120,236.0,239.7,234.0
2025-11-09,-7.2,-2.97,235.4,,49135,158,238.1,240.0,235.0
2025-11-06,0.1,0.04,242.6,63.03,26056,112,247.3,247.3,240.2
2025-11-05,-0.5,-0.21,242.5,,46092,102,243.8,243.8,239.3
2025-11-04,2.0,0.83,243.0,80.11,33288,103,239.4,243.0,239.4
2025-11-03,-1.0,-0.41,241.0,78.15,32308,96,244.7,244.7,240.5
2025-11-02,1.4,0.58,242.0,,53253,155,243.9,244.4,240.0
2025-10-30,0.6,0.25,240.6,97.68,40871,138,236.0,240.7,236.0
2025-10-29,-2.0,-0.83,240.0,40.73,16950,97,238.7,243.5,238.7
2025-10-28,5.0,2.11,242.0,54.49,22791,127,238.7,242.0,236.1
2025-10-26,-1.3,-0.55,237.0,55.23,23502,107,234.3,238.0,233.8
2025-10-19,3.3,1.4,238.3,54.28,22837,93,237.9,239.7,235.0
2025-10-16,-2.9,-1.22,235.0,,149580,179,239.9,240.0,234.0
2025-10-15,-1.1,-0.46,237.9,,58863,134,241.7,241.7,236.0
2025-10-14,-0.1,-0.04,239.0,97.42,40770,128,241.9,241.9,238.0
2025-10-13,0.1,0.04,239.1,95.17,39824,135,243.0,245.0,236.3
2025-10-12,-1.9,-0.79,239.0,,109136,233,237.1,243.0,234.6
2025-10-09,2.8,1.18,240.9,,53553,184,242.0,255.0,239.1
2025-10-08,-5.3,-2.18,238.1,,88717,271,240.2,245.0,236.6
2025-10-07,-5.1,-2.05,243.4,,56294,172,245.0,248.8,240.0
2025-09-28,0.1,0.04,248.5,89.24,35996,101,248.4,250.0,245.0
2025-09-25,0.5,0.2,248.4,50.1,20443,116,250.0,250.0,243.6
2025-09-24,-1.1,-0.44,247.9,36.26,14717,101,252.0,252.0,245.0
2025-09-23,3.1,1.26,249.0,,41458,183,247.0,250.8,246.0
2025-09-21,6.9,2.89,245.9,,103111,338,239.0,246.9,238.9
2025-09-18,-6.86,-2.79,239.0,,75,4,248.0,248.0,239.0
2025-09-08,-3.82,-1.53,245.86,93.17,37696,156,247.5,252.0,245.5
2025-09-07,-0.17,-0.07,249.68,86.27,34487,169,253.9,253.9,249.0
2025-09-04,-2.11,-0.84,249.85,59.17,23737,129,252.5,252.5,247.5
2025-09-03,-1.84,-0.72,251.96,93.41,37153,131,258.0,258.0,249.3
2025-09-02,0.35,0.14,253.8,,63662,169,258.5,258.5,250.2
2025-09-01,4.13,1.66,253.45,,59786,170,254.3,255.0,248.7
2025-08-31,-1.29,-0.51,249.32,,54946,188,252.0,252.0,249.0
2025-08-28,-2.66,-1.05,250.61,,81745,266,251.6,278.0,249.1
2025-08-27,3.35,1.34,253.27,,89528,209,254.9,254.9,249.2
2025-08-26,0.13,0.05,249.92,48.48,19420,112,250.0,252.4,248.0
2025-08-25,0.52,0.21,249.79,56.49,22666,100,248.1,251.0,248.0
2025-08-24,-0.24,-0.1,249.27,84.69,34120,145,245.2,252.0,245.0
2025-08-21,-2.01,-0.8,249.51,,42919,143,249.1,252.1,248.0
2025-08-20,3.47,1.4,251.52,69.05,27558,154,250.9,252.0,246.2
2025-08-19,1.69,0.69,248.05,,43314,185,249.9,250.9,247.0
2025-08-18,-0.05,-0.02,246.36,,59074,197,246.0,248.5,245.5
2025-08-17,-5.92,-2.35,246.41,,78582,308,254.0,254.0,246.0
2025-08-14,-1.82,-0.72,252.33,,39553,185,255.0,255.5,251.2
2025-08-13,-5.12,-1.97,254.15,,80894,276,261.0,261.0,254.0
2025-08-12,-1.68,-0.64,259.27,,51937,256,266.1,266.1,258.0
2025-08-11,-2.29,-0.87,260.95,,132566,316,265.5,268.5,260.5
2025-08-07,1.53,0.58,263.24,,59848,188,265.9,265.9,261.1
2025-08-06,-0.76,-0.29,261.71,92.23,35272,186,260.3,263.0,259.5
2025-08-05,-0.72,-0.27,262.47,,81419,302,265.9,269.0,261.7
2025-08-04,5.58,2.17,263.19,,91719,354,259.9,283.0,256.1
2025-08-03,-7.27,-2.74,257.61,,85195,390,263.0,263.0,257.3
2025-07-31,-3.42,-1.27,264.88,,122833,344,271.0,271.0,264.3
2025-07-30,-4.2,-1.54,268.3,,150660,411,273.0,274.9,268.0
2025-07-29,1.84,0.68,272.5,,183131,579,270.0,275.5,270.0
2025-07-28,-1.85,-0.68,270.66,,149373,492,270.0,275.0,268.0
2025-07-27,-1.97,-0.72,272.51,,152544,545,273.0,278.0,272.0
2025-07-24,-2.55,-0.92,274.48,,147958,432,276.0,277.0,271.7
2025-07-23,3.51,1.28,277.03,,263082,567,268.1,278.4,268.1
2025-07-22,4.12,1.53,273.52,,221271,579,269.4,274.9,268.1
2025-07-21,1.51,0.56,269.4,,186919,432,270.0,270.3,265.3
2025-07-20,-4.16,-1.53,267.89,,173643,618,266.7,276.0,266.7
2025-07-17,2.33,0.86,272.05,,169128,545,273.0,274.9,269.1
2025-07-16,4.04,1.52,269.72,,281194,566,269.0,271.5,265.5
2025-07-15,5.43,2.09,265.68,,129554,354,261.0,266.6,260.0
2025-07-14,-4.19,-1.58,260.25,,140358,332,264.0,264.9,259.5
2025-07-13,5.59,2.16,264.44,,297593,718,264.0,273.0,262.2
2025-07-10,6.24,2.47,258.85,,199250,689,255.0,264.0,255.0
2025-07-09,5.34,2.16,252.61,,51660,221,245.0,253.8,245.0
2025-07-08,-1.95,-0.78,247.27,,46876,177,245.1,249.8,245.1
2025-07-07,-4.05,-1.6,249.22,,73853,196,258.3,258.3,248.2
2025-07-06,-0.03,-0.01,253.27,,62281,241,252.0,255.7,250.0
2025-07-03,3.22,1.29,253.3,,132713,410,255.0,256.0,246.0
2025-07-02,3.47,1.41,250.08,,77153,275,247.0,251.0,245.1
2025-07-01,2.66,1.09,246.61,,48863,226,240.0,247.0,239.4
2025-06-30,0.72,0.3,243.95,,43275,192,248.0,248.0,240.0
2025-06-29,7.84,3.33,243.23,,45056,247,233.1,258.0,233.1
2025-06-26,0.49,0.21,235.39,70.5,29936,122,233.0,236.9,233.0
2025-06-25,-0.82,-0.35,234.9,48.12,20505,145,235.0,240.0,233.1
2025-06-24,0.47,0.2,235.72,,60961,152,239.9,243.0,235.2
2025-06-23,0.02,0.01,235.25,64.98,27645,125,234.0,237.9,234.0
2025-06-22,-1.37,-0.58,235.23,,49896,171,240.0,241.3,234.0
2025-06-19,-1.81,-0.76,236.6,,51081,175,238.5,238.7,236.1
2025-06-18,-1.99,-0.83,238.41,83.77,35036,115,236.2,240.9,236.2
2025-06-17,0.14,0.06,240.4,96.87,40235,98,239.1,243.0,239.1
2025-06-16,-0.41,-0.17,240.26,,52527,165,238.1,243.4,237.1
2025-06-15,-1.15,-0.48,240.67,,43308,179,237.0,245.0,237.0
2025-06-12,-1.66,-0.68,241.82,77.94,32334,107,245.0,245.0,238.7
2025-06-11,1.51,0.62,243.48,,55979,172,240.0,245.0,238.0
2025-06-10,0.35,0.14,241.97,,83888,266,240.0,251.9,238.2
2025-06-09,1.56,0.65,241.62,51.4,21357,140,240.06,242.7,239.1
2025-06-08,-0.65,-0.27,240.06,49.96,20871,137,245.5,245.5,235.8
2025-06-05,-0.77,-0.32,240.71,87.38,36286,169,245.0,245.0,238.0
2025-06-04,-4.78,-1.94,241.48,,52225,194,246.0,246.9,240.0
2025-06-03,-4.26,-1.7,246.26,,78525,151,251.9,251.9,246.0
2025-06-02,-3.53,-1.39,250.52,,64906,269,259.0,259.1,249.4
2025-05-28,2.66,1.06,254.05,,83855,225,250.0,255.0,246.2
2025-05-27,1.52,0.61,251.39,,49823,164,246.0,252.0,244.0
2025-05-26,2.58,1.04,249.87,,126602,270,252.2,257.2,246.0
2025-05-25,-4.09,-1.63,247.29,,81757,254,252.0,254.0,244.5
2025-05-22,9.38,3.88,251.38,,108506,312,242.0,254.0,242.0
2025-05-21,-2.63,-1.08,242.0,,64606,237,249.5,259.0,241.3
2025-05-20,6.49,2.73,244.63,,45792,206,235.0,245.8,235.0
2025-05-19,4.51,1.93,238.14,,46289,159,232.5,239.7,232.5
2025-05-18,-1.15,-0.49,233.63,54.81,23464,152,233.1,235.5,232.1
2025-05-15,-1.08,-0.46,234.78,,50679,173,236.0,237.0,233.0
2025-05-14,-0.5,-0.21,235.86,39.67,16850,118,234.0,237.8,232.0
2025-05-13,-2.38,-1.0,236.36,78.17,32934,138,237.1,239.0,235.0
2025-05-11,-0.29,-0.12,238.74,93.28,38785,180,240.0,245.0,238.1
2025-05-08,-1.67,-0.69,239.03,73.89,31007,147,240.0,241.0,236.0
2025-05-07,8.05,3.46,240.7,,87995,260,231.6,244.0,231.3
2025-05-06,-0.41,-0.18,232.65,71.23,30617,164,231.3,233.9,231.3
2025-05-05,-0.04,-0.02,233.06,46.56,19983,129,231.1,234.7,231.0
2025-05-04,-1.96,-0.83,233.1,,68133,263,232.0,236.5,232.0
2025-04-30,-2.47,-1.04,235.06,,50855,189,235.3,236.5,234.0
2025-04-29,-0.42,-0.18,237.53,66.12,27874,126,240.0,240.0,236.0
2025-04-28,-1.41,-0.59,237.95,,68965,207,236.3,239.9,236.2
2025-04-27,-2.7,-1.12,239.36,,97195,363,239.0,242.6,238.0
2025-04-24,-1.76,-0.72,242.06,,62000,340,245.0,245.0,239.0
2025-04-23,-3.75,-1.51,243.82,,53667,304,249.0,249.0,243.5
2025-04-22,-2.22,-0.89,247.57,,46137,208,249.0,252.0,247.0
2025-04-21,-3.6,-1.42,249.79,,78395,210,254.1,254.1,249.1
2025-04-20,-4.79,-1.86,253.39,,62621,171,259.0,259.0,252.0
2025-04-17,3.79,1.49,258.18,,55373,232,259.4,259.5,254.1
2025-04-16,2.05,0.81,254.39,94.09,37015,170,254.0,256.0,251.3
2025-04-15,1.21,0.48,252.34,93.01,36938,140,256.0,256.0,248.0
2025-04-13,-0.39,-0.16,251.13,,94702,206,256.0,256.0,248.1
2025-04-10,-0.21,-0.08,251.52,,71961,190,256.7,256.7,250.0
2025-04-09,-0.4,-0.16,251.73,,93787,249,257.0,257.0,251.2
2025-04-08,-4.21,-1.64,252.13,,109299,435,259.0,259.0,249.0
2025-04-07,0.63,0.25,256.34,,47336,175,260.5,260.5,253.0
2025-04-03,0.83,0.33,255.71,,114700,384,252.1,260.2,252.1
2025-04-02,-0.54,-0.21,254.88,80.15,31485,157,260.5,260.5,253.1
2025-04-01,-1.82,-0.71,255.42,,43085,290,258.0,258.0,253.2
2025-03-30,4.58,1.81,257.24,,103952,354,254.0,260.0,254.0
2025-03-27,4.96,2.0,252.66,,76107,246,252.6,253.8,247.7
2025-03-26,6.5,2.69,247.7,,64718,184,245.0,250.0,240.1
2025-03-25,-4.12,-1.68,241.2,,60464,197,250.2,250.2,240.2
2025-03-24,2.23,0.92,245.32,,70901,237,241.5,246.0,240.0
2025-03-23,-6.63,-2.65,243.09,,79586,321,247.1,248.0,241.9
2025-03-20,-2.28,-0.9,249.72,,73871,221,249.1,252.5,248.0
2025-03-19,-2.0,-0.79,252.0,,89133,274,253.0,265.0,250.0
2025-03-18,0.0,0.0,254.0,98.96,38941,161,258.1,258.1,252.0
2025-03-17,0.0,0.0,254.0,79.16,31215,143,250.1,255.0,250.1
2025-03-16,-2.0,-0.78,254.0,,58655,240,256.0,256.0,251.0
2025-03-12,0.0,0.0,256.0,91.74,35686,139,257.1,259.0,256.0
2025-03-11,-3.0,-1.16,256.0,,69774,205,255.1,260.0,255.1
2025-03-10,2.0,0.78,259.0,,52771,260,257.1,260.0,254.5
2025-03-09,-4.0,-1.53,257.0,,71820,330,258.0,263.0,256.0
2025-03-06,-1.2,-0.46,261.0,,50326,229,266.9,266.9,260.5
2025-03-05,-2.6,-0.98,262.2,,120798,318,265.0,270.0,262.1
2025-03-04,-0.3,-0.11,264.8,,124295,394,260.0,268.0,260.0
2025-03-03,-2.4,-0.9,265.1,,226954,607,269.0,273.0,265.0
2025-03-02,4.5,1.71,267.5,,310389,643,268.2,268.2,262.0
2025-02-27,10.0,3.95,263.0,,179624,726,258.0,273.0,258.0
2025-02-25,2.0,0.8,253.0,,135293,374,251.0,255.8,251.0
2025-02-24,0.6,0.24,251.0,,142318,380,245.4,259.0,245.4
2025-02-23,-0.4,-0.16,250.4,,78075,311,248.0,252.0,246.0
2025-02-20,-2.6,-1.03,250.8,,63279,272,254.0,258.8,250.3
2025-02-18,3.2,1.28,253.4,,154242,425,255.2,264.9,250.2
2025-02-17,5.2,2.12,250.2,,106444,406,248.0,251.9,242.4
2025-02-16,5.2,2.17,245.0,,90438,269,238.2,245.4,238.2
2025-02-13,-1.2,-0.5,239.8,96.42,40186,173,242.9,242.9,239.1
2025-02-12,0.0,0.0,241.0,62.41,25980,161,242.0,245.0,238.2
2025-02-11,0.0,0.0,241.0,,51701,208,240.0,242.0,240.0
2025-02-10,-1.1,-0.45,241.0,,52276,182,238.0,245.9,238.0
2025-02-09,-2.4,-0.98,242.1,87.99,36321,169,239.7,248.0,239.7
2025-02-06,-0.5,-0.2,244.5,,56325,237,242.2,244.5,241.1
2025-02-05,-0.9,-0.37,245.0,95.71,39246,215,242.0,246.0,241.3
2025-02-04,0.9,0.37,245.9,,46518,245,242.3,248.0,240.0
2025-02-03,0.0,0.0,245.0,,83555,325,248.0,252.0,245.0
2025-02-02,5.0,2.08,245.0,,126958,420,240.0,246.8,238.0
2025-01-28,0.0,0.0,240.0,,44918,190,242.8,242.8,238.3
2025-01-27,0.0,0.0,240.0,,45883,198,244.8,249.6,235.3
2025-01-26,-0.1,-0.04,240.0,,57261,234,240.0,242.9,237.0
2025-01-23,-4.0,-1.64,240.1,95.7,39448,193,242.2,246.9,240.0
2025-01-22,4.1,1.71,244.1,,65121,280,237.0,246.0,237.0
2025-01-21,0.7,0.29,240.0,80.86,33599,159,241.5,242.0,239.6
2025-01-20,4.3,1.83,239.3,,92842,349,238.0,244.4,238.0
2025-01-19,0.5,0.21,235.0,96.97,41728,172,234.6,235.0,230.0
2025-01-16,-2.6,-1.1,234.5,97.12,41457,157,236.0,236.0,233.0
2025-01-15,-1.7,-0.71,237.1,40.66,17173,104,237.0,239.0,234.2
2025-01-13,0.8,0.34,238.8,78.41,33053,155,237.0,239.9,236.0
2025-01-12,-1.8,-0.75,238.0,41.05,17238,80,244.0,244.0,237.5
2025-01-09,-0.2,-0.08,239.8,,82734,227,238.2,244.9,237.0
2025-01-08,-2.5,-1.03,240.0,,67113,238,241.0,242.0,238.1
2025-01-07,-1.1,-0.45,242.5,,58797,186,248.0,248.0,241.0
2025-01-06,-0.4,-0.16,243.6,,76560,233,240.0,246.0,240.0
2025-01-05,-2.0,-0.81,244.0,66.35,27452,152,242.0,244.0,241.0
2025-01-02,2.8,1.15,246.0,74.26,30400,115,242.0,247.0,241.0
2025-01-01,-2.2,-0.9,243.2,54.58,22273,106,248.0,248.0,242.5
2024-12-31,-0.6,-0.24,245.4,,73136,226,241.2,248.0,239.5
2024-12-29,-2.8,-1.13,246.0,,53794,178,253.0,253.0,245.0
2024-12-26,1.8,0.73,248.8,,77229,322,247.0,251.0,241.0
2024-12-24,8.0,3.35,247.0,,66351,206,241.5,248.0,236.7
2024-12-23,0.0,0.0,239.0,62.1,26186,128,239.0,240.0,235.1
2024-12-22,0.0,0.0,239.0,,63660,182,237.0,240.0,235.4
2024-12-19,-1.1,-0.46,239.0,,94199,240,240.0,244.6,238.2
2024-12-18,-2.9,-1.19,240.1,,56194,177,243.0,247.5,240.1
2024-12-17,1.4,0.58,243.0,57.39,23698,145,237.1,244.4,237.1
2024-12-16,-5.4,-2.19,241.6,,62995,213,249.0,249.0,240.1
2024-12-12,-1.0,-0.4,247.0,,92372,259,252.9,252.9,242.2
2024-12-11,10.0,4.2,248.0,,65123,323,242.7,249.0,237.9
2024-12-10,-3.9,-1.61,238.0,,54148,261,242.0,242.0,237.0
2024-12-09,-1.1,-0.45,241.9,,47823,230,243.0,244.2,239.0
2024-12-08,-7.2,-2.88,243.0,,131274,403,250.2,250.2,241.1
2024-12-05,-2.8,-1.11,250.2,,51189,151,248.1,254.0,248.1
2024-12-04,-2.0,-0.78,253.0,,71165,208,260.1,260.1,251.0
2024-12-03,2.0,0.79,255.0,,42833,188,258.0,258.0,250.0
2024-12-02,-0.1,-0.04,253.0,,79666,281,258.1,258.1,250.2
2024-12-01,-5.9,-2.28,253.1,,45517,213,259.0,259.0,253.0
2024-11-28,-2.2,-0.84,259.0,,51976,202,261.2,263.0,259.0
2024-11-27,0.2,0.08,261.2,,50334,230,262.0,264.0,260.0
2024-11-26,2.5,0.97,261.0,,96873,174,263.6,263.6,257.0
2024-11-25,3.6,1.41,258.5,,54387,211,259.9,259.9,251.0
2024-11-24,-0.1,-0.04,254.9,,59608,223,260.1,260.1,251.3
2024-11-21,-2.0,-0.78,255.0,,48916,203,257.0,260.9,255.0
2024-11-20,-1.8,-0.7,257.0,99.57,38707,194,258.79,259.0,255.0
2024-11-19,-4.5,-1.71,258.8,,98669,267,267.0,267.0,258.8
2024-11-17,3.3,1.27,263.3,,78449,324,264.0,270.0,262.2
2024-11-14,-1.0,-0.38,260.0,,59115,275,266.2,266.2,259.0
2024-11-13,-7.0,-2.61,261.0,,46383,234,271.0,271.0,261.0
2024-11-12,0.0,0.0,268.0,,48741,204,270.5,271.0,266.0
2024-11-11,4.0,1.52,268.0,,144968,411,265.0,274.5,262.0
2024-11-10,4.5,1.73,264.0,,112535,364,258.0,265.0,258.0
2024-11-06,1.5,0.58,259.5,84.09,32442,151,262.0,262.0,258.0
2024-11-05,-2.0,-0.77,258.0,80.75,31228,142,260.0,262.8,257.0
2024-10-30,-2.0,-0.76,260.0,,82943,260,266.0,266.0,258.0
2024-10-29,1.1,0.42,262.0,,104544,326,263.0,263.0,259.1
2024-10-28,0.9,0.35,260.9,,60713,199,260.0,262.0,258.0
2024-10-27,1.0,0.39,260.0,,42221,207,264.0,264.0,256.0
2024-10-24,-4.9,-1.86,259.0,,58296,279,268.0,268.0,259.0
2024-10-23,-7.1,-2.62,263.9,,212587,520,271.0,271.9,260.3
2024-10-22,-3.0,-1.09,271.0,,106557,335,270.1,275.4,266.0
2024-10-21,-6.1,-2.18,274.0,,140505,397,278.4,280.2,272.1
2024-10-20,-4.2,-1.48,280.1,,226052,578,280.0,285.6,270.0
2024-10-17,4.3,1.54,284.3,,224299,698,281.0,288.0,274.5
2024-10-16,4.6,1.67,280.0,,121312,467,275.0,282.5,275.0
2024-10-15,6.2,2.3,275.4,,61137,204,272.0,276.5,268.0
2024-10-09,-1.6,-0.59,269.2,,63479,169,270.8,270.9,265.5
2024-10-08,-1.2,-0.44,270.8,,78846,224,275.0,276.0,267.5
2024-10-07,4.5,1.68,272.0,,89183,347,267.6,273.5,267.6
2024-10-06,7.5,2.88,267.5,,111109,421,259.0,269.5,255.0
2024-10-02,2.0,0.78,260.0,,130990,493,260.0,263.1,256.0
2024-10-01,6.5,2.58,258.0,,113202,463,254.5,258.0,252.3
2024-09-30,6.5,2.65,251.5,,59124,230,242.5,252.9,242.5
2024-09-29,-0.6,-0.24,245.0,,61423,220,241.1,246.5,241.0
2024-09-26,-4.4,-1.76,245.6,89.47,36044,177,252.0,252.0,245.4
2024-09-25,6.8,2.8,250.0,,79900,359,243.2,252.0,241.0
2024-09-24,-4.6,-1.86,243.2,,68093,264,252.0,252.0,243.0
2024-09-23,-5.2,-2.06,247.8,,85246,305,258.0,258.0,246.0
2024-09-22,3.0,1.2,253.0,,99851,361,255.0,260.1,248.3
2024-09-18,5.7,2.33,250.0,,114697,427,245.0,251.5,241.3
2024-09-16,-4.2,-1.69,244.3,,156894,350,249.0,249.0,243.1
2024-09-15,-1.5,-0.6,248.5,,164609,572,250.3,257.0,247.0
2024-09-12,10.0,4.17,250.0,,113008,372,244.8,250.9,240.0
2024-09-11,-4.9,-2.0,240.0,,114097,367,247.6,247.6,239.0
2024-09-10,5.0,2.08,244.9,,211295,624,240.0,250.0,238.0
2024-09-09,-5.2,-2.12,239.9,,108903,459,245.0,245.1,236.0
2024-09-08,-4.9,-1.96,245.1,,77725,326,250.0,251.0,245.0
2024-09-05,-0.5,-0.2,250.0,,83521,414,250.5,251.0,245.0
2024-09-04,-9.0,-3.47,250.5,,68610,409,264.6,264.6,250.0
2024-09-03,-2.1,-0.8,259.5,,106970,508,266.8,269.5,258.3
2024-09-02,12.6,5.06,261.6,,124140,606,250.0,261.6,245.1
2024-09-01,-9.8,-3.79,249.0,,125932,611,258.0,258.0,247.1
2024-08-29,-3.2,-1.22,258.8,,103397,561,263.0,263.0,250.9
2024-08-28,0.1,0.04,262.0,,156620,687,264.1,269.9,257.0
2024-08-27,-11.1,-4.07,261.9,,244794,1033,268.0,270.0,258.8
2024-08-25,-10.0,-3.53,273.0,,262950,986,285.0,285.0,270.0
2024-08-22,3.9,1.4,283.0,,285473,1038,274.0,287.0,274.0
2024-08-21,-1.5,-0.53,279.1,,285821,1066,286.0,286.0,272.0
2024-08-18,-0.6,-0.21,280.6,,643941,2328,282.7,300.0,279.6
2024-08-15,24.2,9.42,281.2,,712865,2559,262.1,282.7,258.0
2024-08-14,1.9,0.74,257.0,,171856,724,257.2,258.0,251.0
2024-08-13,-2.9,-1.12,255.1,,247482,904,258.2,263.9,255.0
2024-08-12,8.9,3.57,258.0,,214293,992,244.3,265.0,244.3
2024-08-11,12.2,5.15,249.1,,268794,1134,240.0,249.7,238.0
2024-08-08,-4.1,-1.7,236.9,,162026,710,244.0,244.0,234.5
2024-08-07,3.0,1.26,241.0,,186870,884,233.3,252.0,225.0
2024-08-06,-21.1,-8.14,238.0,,313150,1604,259.0,259.0,237.0
2024-08-05,-12.4,-4.57,259.1,,333244,1607,272.0,272.0,254.1
2024-08-01,-4.7,-1.7,271.5,,195269,885,276.0,280.0,270.0
2024-07-31,5.6,2.07,276.2,,410788,1199,275.0,286.0,269.0
2024-07-30,-6.7,-2.42,270.6,,332635,1426,277.0,277.0,260.0
2024-07-29,2.3,0.84,277.3,,583851,2072,280.5,295.7,271.1
2024-07-28,25.0,10.0,275.0,,455185,1287,255.0,275.0,255.0
2024-07-25,2.1,0.85,250.0,,231456,638,248.0,252.8,245.0
2024-07-24,-5.0,-1.98,247.9,,240234,778,257.9,257.9,245.1
2024-07-23,11.1,4.59,252.9,,253696,940,241.0,265.0,238.0
2024-07-22,-6.2,-2.5,241.8,,267928,1016,250.0,251.9,237.2
2024-07-21,13.0,5.53,248.0,,328079,1272,239.7,249.0,235.0
2024-07-18,13.0,5.86,235.0,,336191,1128,225.0,244.0,220.1
2024-07-17,0.0,0.0,222.0,,180845,539,222.1,225.0,213.8
2024-07-16,4.0,1.83,222.0,,124086,380,213.9,222.0,213.9
2024-07-15,0.1,0.05,218.0,,138716,460,220.0,226.4,212.0
2024-07-14,5.9,2.78,217.9,,106849,436,216.2,224.3,212.0
2024-07-11,5.1,2.46,212.0,,141057,407,211.0,212.0,205.0
2024-07-10,4.9,2.43,206.9,,81179,263,206.0,206.9,201.8
2024-07-09,4.0,2.02,202.0,64.89,32352,166,198.0,204.0,198.0
2024-07-08,-2.0,-1.0,198.0,73.11,36820,134,201.0,203.0,197.1
2024-07-07,2.1,1.06,200.0,,59035,235,199.5,201.9,196.5
2024-07-04,1.7,0.87,197.9,,51925,219,200.0,202.0,196.0
2024-07-03,1.2,0.62,196.2,91.87,47010,179,191.5,198.0,191.5
2024-07-02,4.0,2.09,195.0,,88941,330,194.8,206.0,194.1
2024-07-01,8.8,4.83,191.0,62.01,33988,157,180.0,191.0,179.3
2024-06-30,-2.8,-1.51,182.2,75.8,41536,166,184.0,186.0,180.4
2024-06-27,-1.3,-0.7,185.0,30.81,16616,108,185.0,189.6,184.6
2024-06-26,-3.5,-1.84,186.3,57.22,30469,133,193.4,193.4,186.3
2024-06-25,-0.2,-0.11,189.8,39.71,20899,112,189.0,193.5,189.0
2024-06-24,0.0,0.0,190.0,51.03,26841,131,189.0,191.9,187.2
2024-06-23,-1.0,-0.52,190.0,30.93,16273,112,190.0,193.0,189.0
2024-06-20,-2.7,-1.39,191.0,42.44,22301,103,197.5,197.5,188.2
2024-06-19,3.5,1.84,193.7,44.15,23032,127,194.0,194.0,190.1
2024-06-18,-2.8,-1.45,190.2,47.31,24719,159,193.0,195.0,190.0
2024-06-16,-1.9,-0.97,193.0,47.39,24476,131,196.0,197.0,192.6
2024-06-13,-2.1,-1.07,194.9,87.04,44550,154,200.9,200.9,194.5
2024-06-12,0.0,0.0,197.0,,74758,180,198.0,203.0,195.0
2024-06-11,4.0,2.07,197.0,,57035,260,196.8,199.9,189.5
2024-06-10,0.0,0.0,193.0,48.1,25144,178,196.8,196.8,190.0
2024-06-09,-4.9,-2.48,193.0,,54425,240,201.8,205.8,191.6
2024-06-06,-0.1,-0.05,197.9,80.03,40516,156,201.9,201.9,196.6
2024-06-05,-2.0,-1.0,198.0,,51675,185,200.0,204.0,198.0
2024-06-04,0.0,0.0,200.0,83.39,41757,157,204.0,204.0,198.0
2024-06-03,-1.0,-0.5,200.0,80.15,39769,230,205.0,209.1,199.1
2024-06-02,4.0,2.03,201.0,,57774,254,200.0,212.0,199.0
2024-05-30,-2.0,-1.01,197.0,,59163,332,198.0,205.0,195.0
2024-05-29,-13.5,-6.35,199.0,,126241,539,216.7,221.0,198.0
2024-05-27,1.5,0.71,212.5,,131194,454,214.9,218.0,208.1
2024-05-26,6.0,2.93,211.0,,294670,1031,207.0,218.0,202.0
2024-05-22,16.0,8.47,205.0,,305166,1140,191.0,207.9,191.0
2024-05-21,-0.1,-0.05,189.0,80.6,42591,189,189.2,191.8,186.1
2024-05-20,6.1,3.33,189.1,,129611,378,186.0,195.0,185.5
2024-05-19,3.4,1.89,183.0,,59340,219,183.1,186.0,180.1
2024-05-16,1.5,0.84,179.6,37.36,20948,126,181.6,181.6,176.1
2024-05-15,-1.8,-1.0,178.1,61.16,34026,138,182.9,182.9,178.0
2024-05-14,3.0,1.7,179.9,80.43,45568,194,180.0,180.0,173.0
2024-05-13,5.9,3.45,176.9,89.3,50556,229,173.0,187.0,170.0
2024-05-12,1.3,0.77,171.0,45.88,26882,142,169.0,172.0,168.2
2024-05-09,-0.8,-0.47,169.7,27.83,16448,110,169.9,171.0,168.6
2024-05-08,-0.3,-0.18,170.5,83.59,50303,169,171.1,171.1,162.0
2024-05-07,1.4,0.83,170.8,38.63,22827,112,171.5,171.5,168.2
2024-05-06,-1.0,-0.59,169.4,38.33,22662,141,168.8,172.2,168.0
2024-05-05,-3.2,-1.84,170.4,78.39,45859,159,171.0,172.5,170.0
2024-05-02,0.2,0.12,173.6,63.44,36576,183,176.8,176.8,170.6
2024-04-30,2.9,1.7,173.4,51.34,29924,158,171.0,175.0,167.1
2024-04-29,0.8,0.47,170.5,57.67,33983,119,171.0,171.0,169.0
2024-04-28,-1.3,-0.76,169.7,75.01,44389,214,170.1,172.0,167.6
2024-04-25,-1.3,-0.75,171.0,46.35,26965,146,172.5,174.0,170.1
2024-04-24,-0.6,-0.35,172.3,50.38,29271,117,173.0,173.0,170.1
2024-04-22,-0.8,-0.46,172.9,40.08,23281,120,171.0,174.0,171.0
2024-04-21,-0.8,-0.46,173.7,45.64,26556,176,174.0,174.0,170.7
2024-04-18,0.5,0.29,174.5,33.34,19212,103,175.0,175.0,172.0
2024-04-16,-2.0,-1.14,174.0,18.32,10573,99,179.0,179.0,171.0
2024-04-15,0.0,0.0,176.0,49.94,28531,192,175.0,177.0,173.2
2024-04-14,-1.1,-0.62,176.0,58.89,33351,177,179.0,179.0,175.0
2024-04-10,-0.1,-0.06,177.1,66.71,37688,178,177.0,179.0,174.0
2024-04-09,1.3,0.74,177.2,51.89,29320,164,177.0,178.5,175.7
2024-04-07,-1.1,-0.62,175.9,,72850,283,177.0,177.0,172.5
2024-04-04,1.0,0.57,177.0,26.75,15096,125,175.0,178.0,175.0
2024-04-03,-2.2,-1.23,176.0,79.48,44907,220,179.0,179.0,175.7
2024-04-02,0.2,0.11,178.2,54.46,30530,139,178.0,179.9,176.2
2024-04-01,-1.6,-0.89,178.0,47.53,26641,160,179.0,180.0,178.0
2024-03-31,-0.4,-0.22,179.6,41.75,23028,150,180.0,191.0,179.6
2024-03-28,-0.3,-0.17,180.0,43.26,24036,173,179.3,191.2,178.0
2024-03-27,-0.7,-0.39,180.3,42.56,23458,142,180.0,188.2,179.5
2024-03-26,-2.0,-1.09,181.0,36.95,20379,130,181.0,182.5,180.1
2024-03-25,-3.1,-1.67,183.0,55.01,30112,125,187.0,187.0,181.2
2024-03-21,-1.9,-1.01,186.1,19.21,10308,91,190.6,190.6,186.0
2024-03-20,-0.5,-0.27,188.0,53.59,28406,131,189.9,191.0,187.0
2024-03-19,-0.5,-0.26,188.5,34.16,18140,132,189.0,189.8,187.0
2024-03-18,-5.3,-2.73,189.0,58.77,31055,165,191.0,192.0,187.7
2024-03-17,4.5,2.37,194.3,,76029,288,186.7,199.1,186.7
2024-03-14,-6.1,-3.11,189.8,54.18,28396,174,192.4,195.8,188.5
2024-03-13,-1.8,-0.91,195.9,79.55,40827,240,201.6,201.6,190.5
2024-03-12,14.0,7.62,197.7,85.57,45284,254,186.1,197.7,183.0
2024-03-10,2.1,1.16,183.7,33.72,18422,124,180.0,183.9,179.3
2024-03-07,0.2,0.11,181.6,39.55,21752,114,184.0,187.0,180.0
2024-03-06,1.4,0.78,181.4,40.29,22357,117,182.0,182.0,178.0
2024-03-05,-4.9,-2.65,180.0,82.71,45753,201,188.5,188.5,179.0
2024-03-04,7.1,3.99,184.9,3.82,2112,6,180.4,184.9,180.4
2024-03-03,0.6,0.34,177.8,60.41,34213,184,175.4,179.0,174.6
2024-02-29,0.2,0.11,177.2,,75077,206,177.0,180.0,176.0
2024-02-28,-0.5,-0.28,177.0,35.77,20132,106,177.1,179.0,176.2
2024-02-27,0.5,0.28,177.5,77.0,43476,125,179.0,179.0,176.4
2024-02-26,-0.6,-0.34,177.0,67.67,38267,161,177.0,179.0,175.6
2024-02-25,-2.5,-1.39,177.6,92.95,52044,233,182.0,182.0,177.6
2024-02-22,-2.7,-1.48,180.1,,55479,231,182.0,183.8,180.0
2024-02-21,-3.5,-1.88,182.8,,62612,301,186.5,188.9,182.2
2024-02-20,-0.2,-0.11,186.3,39.82,21364,167,189.0,189.0,185.9
2024-02-18,-2.7,-1.43,186.5,71.42,38124,201,186.0,189.0,186.0
2024-02-15,-0.8,-0.42,189.2,47.03,24895,154,188.0,190.0,187.0
2024-02-14,-0.1,-0.05,190.0,44.85,23683,160,191.0,191.0,189.0
2024-02-13,-0.9,-0.47,190.1,55.04,28834,180,191.0,192.1,190.0
2024-02-12,-0.7,-0.37,191.0,38.36,20060,129,191.0,193.8,190.1
2024-02-11,-1.1,-0.57,191.7,42.87,22302,186,192.0,194.0,191.1
2024-02-07,0.0,0.0,192.0,81.88,42571,206,195.0,195.0,190.6
2024-02-06,0.0,0.0,192.0,58.06,30292,186,192.0,193.0,190.5
2024-02-05,1.0,0.52,192.0,47.92,24977,213,192.0,192.9,191.0
2024-02-04,-1.5,-0.78,191.0,72.31,37772,263,192.0,193.0,189.1
2024-02-01,-2.5,-1.28,192.5,76.41,39663,234,193.0,194.0,192.0
2024-01-31,-1.0,-0.51,195.0,,69374,331,198.0,198.0,192.2
2024-01-30,-1.4,-0.71,196.0,,70800,337,196.0,200.9,193.9
2024-01-29,1.4,0.71,197.4,76.85,39031,224,196.0,213.0,194.2
2024-01-28,-1.5,-0.76,196.0,69.35,35363,232,201.0,201.0,195.0
2024-01-25,0.5,0.25,197.5,,59418,213,196.1,199.0,194.1
2024-01-24,0.3,0.15,197.0,86.81,44157,183,197.0,198.0,195.2
2024-01-23,0.8,0.41,196.7,55.3,28254,179,196.0,197.9,195.0
2024-01-22,-2.2,-1.11,195.9,,99015,422,198.1,201.0,194.0
2024-01-21,-9.9,-4.76,198.1,,102264,505,208.0,208.0,198.1
2024-01-18,-1.1,-0.53,208.0,87.38,42137,218,208.0,209.0,205.1
2024-01-17,3.2,1.55,209.1,,89869,374,210.0,214.0,204.0
2024-01-16,4.4,2.18,205.9,,77569,341,202.0,206.4,202.0
2024-01-14,2.5,1.26,201.5,91.99,45910,239,200.0,203.0,199.0
2024-01-11,-0.5,-0.25,199.0,53.99,27103,167,199.5,201.8,198.0
2024-01-10,2.9,1.48,199.5,93.36,46642,206,200.5,204.5,197.7
2024-01-09,-0.5,-0.25,196.6,,56073,228,200.9,200.9,196.1
2024-01-08,1.6,0.82,197.1,,64697,258,197.0,199.3,194.6
2024-01-07,-2.1,-1.06,195.5,,102281,305,197.0,198.5,195.1
2024-01-04,-3.4,-1.69,197.6,,76900,337,201.0,202.0,196.2
2024-01-03,0.8,0.4,201.0,62.05,30974,167,200.0,201.9,199.7
2024-01-02,-2.3,-1.14,200.2,54.05,26890,152,202.0,202.0,200.2
2024-01-01,-1.2,-0.59,202.5,71.93,35429,195,203.7,205.0,202.0
2023-12-28,-2.3,-1.12,203.7,87.89,43116,190,204.0,205.8,203.0
2023-12-27,-3.1,-1.48,206.0,66.41,32083,181,209.0,213.0,205.0
2023-12-24,0.2,0.1,209.1,,67715,254,209.0,214.0,209.0
2023-12-21,-4.1,-1.92,208.9,,66169,248,213.0,215.0,208.9
2023-12-20,-1.2,-0.56,213.0,,58663,276,210.0,216.9,210.0
2023-12-19,5.2,2.49,214.2,,68768,248,210.0,214.2,208.8
2023-12-18,6.0,2.96,209.0,,75100,238,203.0,209.0,203.0
2023-12-17,-5.2,-2.5,203.0,,81185,432,204.1,204.1,192.5
2023-12-14,-1.0,-0.48,208.2,,74281,190,210.0,211.0,206.0
2023-12-13,1.2,0.58,209.2,,100545,203,208.0,211.2,208.0
2023-12-12,-3.5,-1.65,208.0,,57875,196,210.0,211.0,207.2
2023-12-11,3.5,1.68,211.5,,115415,357,212.0,215.0,200.4
2023-12-10,11.8,6.01,208.0,4.97,2445,14,200.1,208.1,200.1
2023-12-07,1.9,0.98,196.2,,60864,167,193.1,197.0,193.0
2023-12-06,-0.4,-0.21,194.3,75.97,39066,127,195.0,195.0,194.0
2023-12-05,-0.3,-0.15,194.7,51.6,26490,136,195.0,195.4,194.5
2023-12-04,-1.1,-0.56,195.0,79.7,40730,158,197.0,197.0,194.9
2023-12-03,-2.4,-1.21,196.1,72.44,36956,182,197.1,197.1,195.2
2023-11-30,-5.8,-2.84,198.5,,60404,347,200.3,200.3,196.0
2023-11-29,-0.7,-0.34,204.3,26.82,13075,92,205.0,207.0,202.2
2023-11-28,-2.0,-0.97,205.0,41.2,20011,108,204.7,207.8,204.7
2023-11-27,-1.9,-0.91,207.0,33.65,16144,102,209.0,210.9,206.0
2023-11-26,3.9,1.9,208.9,47.1,22763,125,208.0,209.9,204.9
2023-11-23,0.7,0.34,205.0,16.28,7964,81,204.5,206.0,202.5
2023-11-22,-0.2,-0.1,204.3,20.92,10209,77,204.5,207.0,204.2
2023-11-21,-2.5,-1.21,204.5,34.79,16966,109,205.2,208.8,204.2
2023-11-20,1.9,0.93,207.0,35.07,16861,109,208.0,209.7,205.4
2023-11-09,-2.5,-1.2,205.1,32.47,15797,89,205.5,206.5,204.5
2023-11-08,0.4,0.19,207.6,13.04,6277,56,206.0,209.7,206.0
2023-11-07,1.3,0.63,207.2,43.42,21004,110,204.0,210.0,203.0
2023-11-06,2.9,1.43,205.9,58.0,28527,141,201.5,205.9,201.2
2023-11-05,-2.4,-1.17,203.0,84.69,41623,147,202.1,205.8,202.1
2023-11-02,-2.6,-1.25,205.4,26.64,12966,58,205.0,207.0,205.0
2023-11-01,2.0,0.97,208.0,45.19,21930,123,203.0,208.9,203.0
2023-10-31,-1.0,-0.48,206.0,21.94,10621,81,210.0,210.0,205.8
2023-10-30,0.5,0.24,207.0,38.46,18675,98,204.0,208.4,204.0
2023-10-29,-2.5,-1.2,206.5,31.91,15376,91,207.4,210.0,206.0
2023-10-19,-3.0,-1.42,209.0,96.42,46766,191,214.9,214.9,200.9
2023-10-18,3.5,1.68,212.0,43.66,20709,95,210.9,212.8,209.0
2023-10-17,1.7,0.82,208.5,44.0,21092,99,207.0,210.0,207.0
2023-10-16,-1.9,-0.91,206.8,53.14,25722,151,207.0,208.9,206.0
2023-10-12,-3.3,-1.56,208.7,83.55,40038,182,214.0,214.0,208.0
2023-10-11,2.7,1.29,212.0,53.67,25549,135,209.0,212.0,208.6
2023-10-10,-2.8,-1.32,209.3,85.03,40439,208,211.0,212.5,209.3
2023-10-09,0.1,0.05,212.1,83.29,39214,155,215.0,215.0,211.1
2023-10-08,-3.0,-1.4,212.0,78.17,36655,215,215.0,217.0,212.0
2023-10-05,-1.0,-0.46,215.0,31.12,14466,141,218.0,218.0,214.6
2023-10-04,0.9,0.42,216.0,61.01,28315,156,215.1,217.0,215.0
2023-10-03,-0.5,-0.23,215.1,48.58,22558,144,215.2,216.5,215.0
2023-10-02,-0.7,-0.32,215.6,45.14,20886,140,217.0,217.0,215.4
2023-10-01,-0.9,-0.41,216.3,61.27,28295,149,217.1,218.0,215.1
2023-09-27,-0.5,-0.23,217.2,26.95,12362,104,218.0,219.5,217.0
2023-09-26,0.6,0.28,217.7,55.68,25539,157,220.9,220.9,217.5
2023-09-25,-0.9,-0.41,217.1,44.87,20532,114,219.0,220.9,217.1
2023-09-24,-1.0,-0.46,218.0,51.88,23695,150,219.0,221.0,218.0
2023-09-21,2.8,1.3,219.0,,53318,224,220.5,221.0,218.1
2023-09-19,0.2,0.09,216.2,51.23,23680,133,216.0,217.0,215.9
2023-09-18,-1.8,-0.83,216.0,41.35,19124,129,217.0,218.9,215.7
2023-09-17,-1.1,-0.5,217.8,91.85,42264,215,218.0,221.8,216.0
2023-09-13,-1.0,-0.45,218.9,,60115,214,219.1,221.0,217.0
2023-09-12,-0.1,-0.05,219.9,31.5,14278,92,223.0,223.0,219.0
2023-09-11,4.0,1.85,220.0,65.15,29684,120,219.0,221.4,217.0
2023-09-10,-1.0,-0.46,216.0,74.09,34177,194,216.1,219.0,215.7
2023-09-07,-2.5,-1.14,217.0,73.83,33962,214,220.0,220.0,216.0
2023-09-05,-0.6,-0.27,219.5,40.75,18538,119,220.0,222.0,219.4
2023-09-04,-1.2,-0.54,220.1,58.63,26587,130,221.0,224.0,218.1
2023-09-03,-1.7,-0.76,221.3,48.6,21914,139,222.2,223.5,221.3
2023-08-30,-1.0,-0.45,223.0,50.39,22627,129,228.3,228.3,222.0
2023-08-29,0.0,0.0,224.0,39.26,17626,114,225.0,225.0,221.0
2023-08-28,0.8,0.36,224.0,38.83,17317,129,223.2,226.0,223.0
2023-08-27,-2.8,-1.24,223.2,31.41,14027,107,226.1,226.5,223.2
2023-08-24,0.0,0.0,226.0,,52219,145,228.0,230.0,225.0
2023-08-23,-1.9,-0.83,226.0,46.8,20675,130,227.0,229.7,225.2
2023-08-22,4.9,2.2,227.9,85.83,38096,137,222.0,227.9,221.1
2023-08-21,-1.0,-0.45,223.0,83.18,37128,160,222.5,228.0,222.5
2023-08-20,-2.0,-0.88,224.0,38.64,17213,112,224.0,225.7,223.0
2023-08-17,-1.0,-0.44,226.0,75.72,33630,111,227.0,227.0,224.1
2023-08-16,1.0,0.44,227.0,90.41,40284,149,226.0,229.0,222.6
2023-08-15,-4.3,-1.87,226.0,44.42,19589,150,230.6,232.5,225.8
2023-08-14,2.3,1.01,230.3,49.58,21616,162,230.0,230.4,226.3
2023-08-13,2.0,0.88,228.0,46.66,20552,160,226.0,230.0,224.0
2023-08-10,-2.1,-0.92,226.0,49.56,21931,163,228.2,229.0,223.7
2023-08-09,1.1,0.48,228.1,80.87,36060,174,223.0,229.0,221.4
2023-08-08,-1.8,-0.79,227.0,58.11,25710,196,226.3,229.0,225.0
2023-08-07,-2.2,-0.95,228.8,75.94,33296,183,229.1,231.0,226.4
2023-08-06,-8.0,-3.35,231.0,,81590,368,240.0,243.0,229.5
2023-08-03,2.8,1.19,239.0,,62826,279,239.0,243.0,236.0
2023-08-02,2.7,1.16,236.2,,47315,189,232.1,237.8,232.0
2023-08-01,-1.4,-0.6,233.5,55.14,23606,161,239.5,239.5,232.0
2023-07-31,2.9,1.25,234.9,,94668,227,235.9,237.7,230.1
2023-07-30,-1.1,-0.47,232.0,,52688,255,234.0,235.9,230.1
2023-07-27,-3.9,-1.65,233.1,,49882,270,238.0,238.0,232.5
2023-07-26,0.4,0.17,237.0,,47892,230,236.7,240.0,235.2
2023-07-25,-6.4,-2.63,236.6,,48038,253,241.0,241.0,236.5
2023-07-24,-8.9,-3.53,243.0,,178398,731,251.9,252.0,240.2
2023-07-23,12.3,5.13,251.9,,124235,602,242.9,251.9,240.0
2023-07-20,-2.4,-0.99,239.6,,97009,370,245.0,246.0,239.2
2023-07-19,6.4,2.72,242.0,,126285,448,234.0,244.8,233.0
2023-07-18,1.6,0.68,235.6,,65540,294,234.9,237.8,232.0
2023-07-17,8.0,3.54,234.0,,76129,306,228.9,236.0,225.1
2023-07-16,2.0,0.89,226.0,,47698,209,225.0,227.9,224.0
2023-07-13,1.0,0.45,224.0,98.32,43973,184,226.0,226.0,222.2
2023-07-12,-2.8,-1.24,223.0,,50705,208,225.0,228.0,222.4
2023-07-11,1.3,0.58,225.8,,54191,188,225.0,225.9,222.1
2023-07-10,-1.5,-0.66,224.5,,339164,233,226.0,229.0,222.0
2023-07-09,4.1,1.85,226.0,,393197,277,222.0,227.0,220.1
2023-07-06,-1.1,-0.49,221.9,74.86,33843,204,221.0,223.0,220.0
2023-07-05,-3.0,-1.33,223.0,74.86,33548,157,225.0,225.0,222.0
2023-07-04,2.3,1.03,226.0,,50284,176,223.7,226.0,220.4
2023-07-03,-2.3,-1.02,223.7,79.25,35265,171,229.5,229.5,223.0
2023-07-02,-3.0,-1.31,226.0,,48874,217,226.0,230.0,221.5
2023-06-28,-3.0,-1.29,229.0,,69435,315,234.0,236.6,228.0
2023-06-27,8.0,3.57,232.0,,74083,351,225.5,232.3,223.1
2023-06-26,1.0,0.45,224.0,,113243,326,223.0,227.0,221.5
2023-06-25,0.7,0.31,223.0,,98814,365,220.2,225.0,220.2
2023-06-22,-4.2,-1.85,222.3,98.41,43989,231,226.5,228.0,222.2
2023-06-21,-2.5,-1.09,226.5,,83469,257,227.0,229.0,224.5
2023-06-20,5.3,2.37,229.0,,115964,227,221.5,230.5,221.5
2023-06-19,-2.3,-1.02,223.7,,85899,280,228.0,230.5,223.6
2023-06-18,-2.0,-0.88,226.0,,70113,276,223.6,228.9,223.6
2023-06-15,-1.0,-0.44,228.0,52.73,23090,135,228.0,230.0,227.0
2023-06-14,1.5,0.66,229.0,,74639,300,229.9,231.9,226.5
2023-06-13,0.0,0.0,227.5,82.31,36204,210,225.2,229.9,225.2
2023-06-12,0.5,0.22,227.5,41.63,18267,119,228.5,229.8,226.0
2023-06-11,-1.0,-0.44,227.0,63.79,28089,167,230.0,230.0,226.0
2023-06-08,-1.4,-0.61,228.0,74.4,32988,152,225.0,228.0,223.0
2023-06-07,0.5,0.22,229.4,87.42,38569,140,228.0,229.9,224.4
2023-06-06,2.1,0.93,228.9,,45046,170,223.0,229.0,222.7
2023-06-05,-3.8,-1.65,226.8,86.49,37741,168,235.0,235.0,226.0
2023-06-04,10.5,4.77,230.6,73.42,32332,157,215.7,230.6,215.7
2023-06-01,-0.9,-0.41,220.1,,72745,237,222.0,224.0,217.0
2023-05-31,-7.0,-3.07,221.0,,76508,365,228.0,228.0,220.0
2023-05-30,-6.2,-2.65,228.0,,63581,233,231.0,234.0,227.0
2023-05-28,-1.3,-0.55,234.2,,61630,240,235.2,239.8,234.2
2023-05-24,-0.5,-0.21,235.5,69.88,29542,123,233.1,240.0,233.1
2023-05-23,4.3,1.86,236.0,75.99,32178,142,231.8,238.0,230.6
2023-05-22,-2.1,-0.9,231.7,59.8,25656,116,232.0,234.0,231.5
2023-05-21,-0.2,-0.09,233.8,59.4,25218,156,234.0,238.5,233.8
2023-05-18,-2.3,-0.97,234.0,73.98,31399,141,233.0,237.5,231.6
2023-05-17,1.3,0.55,236.3,77.8,33096,110,231.6,236.3,231.6
2023-05-16,-1.0,-0.42,235.0,66.92,28676,100,237.9,237.9,230.0
2023-05-15,-0.8,-0.34,236.0,64.01,27421,102,236.0,236.4,232.4
2023-05-14,1.8,0.77,236.8,67.86,28955,127,237.0,237.0,232.8
2023-05-11,0.0,0.0,235.0,50.93,21735,103,232.0,238.7,231.0
2023-05-10,0.0,0.0,235.0,76.86,32827,104,239.7,239.7,231.3
2023-05-09,1.0,0.43,235.0,62.13,26604,100,235.0,236.0,231.0
2023-05-08,-1.0,-0.43,234.0,80.48,34426,131,232.0,236.0,231.0
2023-05-07,-1.0,-0.42,235.0,59.44,25325,115,236.0,236.5,232.3
2023-05-04,3.2,1.37,236.0,52.14,22148,123,237.2,238.0,232.5
2023-05-03,-1.2,-0.51,232.8,59.28,25301,97,234.0,236.9,232.0
2023-05-02,-0.5,-0.21,234.0,56.42,23939,119,234.5,238.0,231.0
2023-04-30,-4.5,-1.88,234.5,92.51,39278,179,235.0,239.0,233.0
2023-04-27,0.0,0.0,239.0,53.14,22462,123,234.5,239.6,232.3
2023-04-26,0.0,0.0,239.0,79.92,33751,131,239.1,239.1,235.0
2023-04-25,4.0,1.7,239.0,,48939,146,237.0,239.0,233.1
2023-04-24,0.0,0.0,235.0,87.81,37291,158,231.0,239.0,231.0
2023-04-23,-1.9,-0.8,235.0,,49216,176,234.1,238.0,234.0
2023-04-20,-2.1,-0.88,236.9,,47590,154,243.0,243.7,232.9
2023-04-19,5.0,2.14,239.0,90.86,38472,162,232.6,240.0,232.0
2023-04-18,5.9,2.59,234.0,76.66,33044,145,228.0,234.0,228.0
2023-04-17,-6.9,-2.94,228.1,,45894,187,232.0,235.0,227.5
2023-04-16,0.0,0.0,235.0,36.55,15615,121,233.0,236.0,232.0
2023-04-13,-4.0,-1.67,235.0,,61719,213,236.7,239.0,231.4
2023-04-12,11.4,5.01,239.0,,64098,314,231.9,239.0,229.1
2023-04-11,0.6,0.26,227.6,,47241,220,231.0,231.0,223.5
2023-04-10,8.0,3.65,227.0,,48581,206,221.0,227.9,216.6
2023-04-09,1.0,0.46,219.0,93.47,42893,206,216.1,219.0,215.0
2023-04-06,0.5,0.23,218.0,80.53,36962,208,220.0,221.0,217.0
2023-04-05,-0.5,-0.23,217.5,57.95,26723,161,218.0,219.0,216.0
2023-04-04,-1.8,-0.82,218.0,75.33,34718,168,218.0,219.9,215.0
2023-04-03,-0.2,-0.09,219.8,79.34,36234,165,220.0,221.0,217.0
2023-04-02,-3.1,-1.39,220.0,75.58,34052,174,223.2,226.8,220.0
2023-03-30,-0.7,-0.31,223.1,29.74,13294,103,226.9,226.9,223.0
2023-03-29,0.8,0.36,223.8,38.36,17194,105,220.1,224.0,220.1
2023-03-28,-3.0,-1.33,223.0,70.72,31475,240,229.9,229.9,222.0
2023-03-27,0.0,0.0,226.0,64.5,28974,171,223.0,226.0,221.0
2023-03-26,-3.9,-1.7,226.0,,47037,220,234.0,234.0,224.0
2023-03-23,7.9,3.56,229.9,,91433,365,221.0,238.6,220.0
2023-03-22,0.0,0.0,222.0,48.12,21734,160,225.0,226.0,220.2
2023-03-20,1.1,0.5,222.0,59.62,26799,120,221.0,224.0,220.0
2023-03-19,-0.1,-0.05,220.9,,47758,201,220.0,222.0,219.0
2023-03-16,2.0,0.91,221.0,71.69,32636,157,219.0,222.0,218.0
2023-03-15,-1.7,-0.77,219.0,,51000,222,219.0,220.9,217.9
2023-03-14,-0.6,-0.27,220.7,,63535,289,222.0,223.0,219.0
2023-03-13,-2.7,-1.21,221.3,,67770,273,223.0,225.0,220.5
2023-03-12,-7.0,-3.03,224.0,,56015,285,235.0,235.0,223.1
2023-03-09,4.5,1.99,231.0,75.22,32747,176,225.6,232.5,225.6
2023-03-07,1.5,0.67,226.5,54.53,23977,121,227.0,229.0,225.0
2023-03-05,-0.5,-0.22,225.0,75.03,33396,195,225.3,227.9,223.6
2023-03-02,-0.5,-0.22,225.5,51.62,22841,168,229.0,229.0,225.0
2023-03-01,-2.0,-0.88,226.0,69.72,30685,184,232.0,232.0,226.0
2023-02-28,-4.0,-1.72,228.0,73.17,31982,185,232.0,232.0,227.8
2023-02-27,2.9,1.27,232.0,,74966,199,232.0,232.0,227.6
2023-02-26,-2.9,-1.25,229.1,99.05,43470,218,227.5,231.0,226.1
2023-02-23,-12.4,-5.07,232.0,,159136,330,245.0,245.0,229.0
2023-02-22,16.4,7.19,244.4,88.43,37875,218,232.5,244.4,228.0
2023-02-20,-1.9,-0.83,228.0,,111150,401,229.0,230.0,225.5
2023-02-16,-3.0,-1.29,229.9,,55960,294,231.5,232.0,229.7
2023-02-15,-1.4,-0.6,232.9,54.56,23395,174,235.0,236.0,232.0
2023-02-14,-3.7,-1.55,234.3,65.86,27997,200,238.0,238.0,234.2
2023-02-12,-8.0,-3.25,238.0,98.84,41303,198,241.5,244.8,236.7
2023-02-09,1.0,0.41,246.0,90.39,37191,171,240.2,246.8,240.2
2023-02-08,-6.0,-2.39,245.0,,81454,335,247.0,251.0,241.4
2023-02-07,17.0,7.26,251.0,,54758,291,238.0,251.0,235.2
2023-02-06,3.0,1.3,234.0,55.28,23794,140,231.5,234.4,230.6
2023-02-05,-1.5,-0.65,231.0,,49241,241,232.5,235.0,230.4
2023-02-02,-0.5,-0.21,232.5,74.65,32012,166,230.0,237.0,230.0
2023-02-01,-1.1,-0.47,233.0,91.63,39313,184,234.9,235.0,232.0
2023-01-31,-2.1,-0.89,234.1,,42708,186,240.0,240.0,232.3
2023-01-30,-6.8,-2.8,236.2,,51037,238,239.0,240.0,236.2
2023-01-29,-2.0,-0.82,243.0,,41562,211,245.0,245.0,240.0
2023-01-26,0.0,-1.21,245.0,,42617,0,246.0,249.8,244.5
2023-01-25,0.0,0.04,248.0,,108753,0,252.0,252.0,245.0
2023-01-24,0.0,0.9,247.9,,53484,0,242.5,255.6,242.5
2023-01-23,0.0,1.53,245.7,,87172,0,245.0,254.0,245.0
2023-01-19,0.0,0.0,242.0,,53929,0,240.1,244.0,240.0
2023-01-18,0.0,-1.22,242.0,,68116,0,243.1,248.0,241.7
2023-01-17,0.0,-0.41,245.0,,49910,0,248.8,249.0,241.2
2023-01-12,0.0,-2.38,246.0,,70807,0,254.0,264.0,245.0
2023-01-10,0.0,1.2,252.0,,139095,0,251.0,268.2,246.0
2023-01-09,0.0,4.93,249.0,,103395,0,235.0,249.0,234.1
2023-01-08,0.0,-0.34,237.3,,57693,0,240.0,241.9,235.1
2023-01-05,0.0,-0.79,238.1,,36274,0,243.0,245.0,236.5
2023-01-04,0.0,1.69,240.0,,46503,0,235.0,241.2,234.2
2023-01-03,0.0,-1.21,236.0,,43145,0,237.0,240.0,233.0
2023-01-02,0.0,2.4,238.9,,43136,0,232.2,241.5,232.1
2023-01-01,0.0,0.3,233.3,,59109,0,236.0,246.8,232.4
2022-12-29,0.0,0.04,232.6,,35990,0,230.1,234.9,228.0
2022-12-28,0.0,-1.23,232.5,,34737,0,236.0,237.0,232.0
2022-12-27,0.0,0.6,235.4,,68568,0,238.0,240.0,232.2
2022-12-26,0.0,0.43,234.0,,39542,0,232.0,234.0,229.0
2022-12-22,0.0,0.95,233.0,,27822,0,228.0,233.9,228.0
2022-12-21,0.0,-0.09,230.8,,13481,0,227.2,231.0,227.2
2022-12-20,0.0,1.32,231.0,,27152,0,230.0,232.0,227.1
2022-12-19,0.0,-0.83,228.0,,19234,0,229.9,230.0,226.5
2022-12-18,0.0,-0.22,229.9,,36667,0,228.0,231.0,226.7
2022-12-15,0.0,0.17,230.4,,20588,0,229.0,232.0,228.0
2022-12-14,0.0,-0.86,230.0,,20869,0,230.0,233.0,228.3
2022-12-13,0.0,0.87,232.0,,11453,0,231.0,232.5,229.4
2022-12-12,0.0,-0.86,230.0,,60300,0,230.0,231.5,225.6
2022-12-11,0.0,-1.07,232.0,,43742,0,234.0,234.0,230.0
2022-12-07,0.0,-0.93,234.5,,50940,0,241.4,241.4,232.6
2022-12-06,0.0,-6.07,236.7,,110192,0,247.0,248.0,233.3
2022-12-05,0.0,-2.29,252.0,,58210,0,263.0,263.0,252.0
2022-12-04,0.0,1.14,257.9,,28836,0,258.0,259.0,253.0
2022-12-01,0.0,0.43,255.0,,49007,0,251.0,258.6,248.9
2022-11-30,0.0,1.56,253.9,,36084,0,250.7,254.9,246.0
2022-11-29,0.0,0.81,250.0,,36930,0,247.0,250.0,241.0
2022-11-28,0.0,-0.6,248.0,,30667,0,248.1,250.9,247.7
2022-11-27,0.0,1.84,249.5,,25124,0,241.0,249.5,241.0
2022-11-24,0.0,0.82,245.0,,21347,0,240.0,246.7,240.0
2022-11-23,0.0,0.83,243.0,,14169,0,244.0,245.8,238.0
2022-11-22,0.0,0.42,241.0,,17690,0,244.5,244.5,238.0
2022-11-17,0.0,1.69,240.0,,17325,0,239.8,240.0,236.1
2022-11-16,0.0,0.43,236.0,,16942,0,236.2,237.0,232.3
2022-11-15,0.0,0.0,235.0,,23444,0,239.5,239.5,234.0
2022-11-14,0.0,-0.47,235.0,,31347,0,238.0,238.0,233.6
2022-11-13,0.0,-1.21,236.1,,9257,0,240.0,240.0,236.0
2022-11-10,0.0,-0.83,239.0,,15835,0,241.0,242.0,238.6
2022-11-09,0.0,-1.63,241.0,,38799,0,245.0,246.0,237.5
2022-11-08,0.0,-1.13,245.0,,18018,0,245.4,248.0,244.3
2022-11-07,0.0,-0.08,247.8,,30701,0,249.0,252.5,247.5
2022-11-06,0.0,1.64,248.0,,27429,0,246.0,248.3,242.3
2022-11-03,0.0,-1.21,244.0,,19597,0,247.0,247.0,243.0
2022-11-02,0.0,-0.8,247.0,,29667,0,249.5,251.0,241.0
2022-11-01,0.0,4.4,249.0,,29369,0,239.0,250.0,239.0
2022-10-31,0.0,0.42,238.5,,17333,0,239.0,241.9,235.2
2022-10-23,0.0,1.11,237.5,,10105,0,235.0,238.0,235.0
2022-10-20,0.0,-0.47,234.9,,8916,0,237.0,237.0,231.3
2022-10-19,0.0,0.43,236.0,,15500,0,235.0,236.0,232.1
2022-10-17,0.0,1.25,235.0,,9152,0,234.0,236.0,234.0
2022-10-16,0.0,-2.48,232.1,,18406,0,234.0,237.0,232.0
2022-10-13,0.0,2.96,238.0,,46288,0,237.7,238.0,229.0
2022-10-12,0.0,0.81,235.9,,27483,0,238.0,238.0,233.3
2022-10-11,0.0,-0.68,234.0,,13708,0,235.0,235.6,230.3
2022-10-10,0.0,-1.01,235.6,,10333,0,240.0,240.0,234.0
2022-10-09,0.0,2.59,238.0,,12426,0,235.0,239.0,230.1
2022-09-29,0.0,0.87,232.0,,27080,0,227.0,234.0,227.0
2022-09-28,0.0,0.44,230.0,,14894,0,231.5,232.0,228.0
2022-09-27,0.0,0.44,229.0,,14567,0,227.1,231.0,226.5
2022-09-25,0.0,-1.26,228.0,,17585,0,231.0,231.0,226.4
2022-09-22,0.0,0.83,230.9,,16104,0,230.0,233.0,228.1
2022-09-21,0.0,-0.43,229.0,,15903,0,233.9,234.6,228.0
2022-09-20,0.0,-2.29,230.0,,31286,0,232.0,234.9,228.0
2022-09-18,0.0,-0.84,235.4,,45605,0,233.0,236.5,229.0
2022-09-16,0.0,-0.25,237.4,,18591,0,235.0,237.9,231.3
2022-09-15,0.0,-1.2,238.0,,46594,0,244.0,244.0,235.1
2022-09-14,0.0,1.22,240.9,,21555,0,239.9,242.7,238.0
2022-09-13,0.0,0.42,238.0,,12617,0,240.0,240.0,237.1
2022-09-12,0.0,-1.7,237.0,,31371,0,240.0,240.0,236.9
2022-09-11,0.0,-0.37,241.1,,18482,0,240.4,243.1,240.0
2022-09-08,0.0,-0.45,242.0,,15192,0,242.0,244.0,241.1
2022-09-07,0.0,-0.57,243.1,,17856,0,245.0,248.7,242.0
2022-09-06,0.0,-1.01,244.5,,18774,0,245.0,246.9,244.5
2022-09-05,0.0,0.41,247.0,,12747,0,244.0,248.0,244.0
2022-09-04,0.0,0.82,246.0,,26064,0,248.0,248.0,243.1
2022-09-02,0.0,-1.17,244.0,,9339,0,248.0,248.0,243.7
2022-09-01,0.0,-0.4,246.9,,23454,0,244.0,247.9,243.0
2022-08-31,0.0,-0.04,247.9,,15427,0,248.0,249.0,245.1
2022-08-30,0.0,-0.32,248.0,,10174,0,250.0,251.0,247.0
2022-08-29,0.0,-0.08,248.8,,28587,0,249.0,250.0,245.1
2022-08-28,0.0,-1.19,249.0,,25195,0,249.0,251.0,246.0
2022-08-26,0.0,-0.79,252.0,,18641,0,250.9,253.0,250.0
2022-08-25,0.0,-0.39,254.0,,17766,0,253.3,257.8,253.1
2022-08-24,0.0,0.12,255.0,,21891,0,256.0,257.8,254.0
2022-08-23,0.0,0.28,254.7,,22013,0,254.0,256.8,253.4
2022-08-22,0.0,0.79,254.0,,18178,0,257.0,257.0,252.0
2022-08-21,0.0,0.0,252.0,,29978,0,257.0,259.0,252.0
2022-08-18,0.0,-0.4,252.0,,48355,0,253.0,255.0,251.4
2022-08-17,0.0,-0.39,253.0,,28085,0,254.0,258.9,251.5
2022-08-16,0.0,0.4,254.0,,24975,0,253.0,263.1,252.0
2022-08-15,0.0,0.84,253.0,,17395,0,251.0,254.0,250.0
2022-08-14,0.0,-1.3,250.9,,34444,0,252.0,257.0,249.5
2022-08-11,0.0,-0.35,254.2,,25733,0,255.0,259.0,251.0
2022-08-10,0.0,-0.35,255.1,,27734,0,256.0,257.0,250.0
2022-08-09,0.0,-1.92,256.0,,36926,0,260.0,260.0,255.0
2022-08-08,0.0,0.38,261.0,,39890,0,264.0,264.0,259.0
2022-08-07,0.0,-0.23,260.0,,31446,0,255.4,264.9,255.4
2022-08-05,0.0,-3.09,260.6,,39936,0,265.0,268.0,260.0
2022-08-04,0.0,-0.37,268.9,,70344,0,274.0,275.0,265.0
2022-08-03,0.0,0.33,269.9,,39081,0,273.2,273.2,266.0
2022-08-02,0.0,-1.1,269.0,,24149,0,270.0,275.0,266.1
2022-08-01,0.0,1.91,272.0,,54534,0,270.0,277.0,267.1
2022-07-31,0.0,3.45,266.9,,54953,0,263.0,267.7,257.0
2022-07-29,0.0,0.0,258.0,,15734,0,263.0,263.0,255.0
2022-07-28,0.0,0.0,258.0,,52551,0,261.0,261.0,256.0
2022-07-27,0.0,-0.81,258.0,,24772,0,264.0,264.0,257.2
2022-07-26,0.0,-1.85,260.1,,24462,0,266.0,267.0,260.0
2022-07-25,0.0,1.15,265.0,,30012,0,267.2,270.0,262.4
2022-07-24,0.0,1.31,262.0,,17733,0,263.0,264.0,259.0
2022-07-22,0.0,-2.45,258.6,,15718,0,263.1,264.0,257.1
2022-07-21,0.0,-0.49,265.1,,29627,0,266.0,272.0,264.0
2022-07-20,0.0,-0.56,266.4,,14994,0,267.0,268.1,265.0
2022-07-19,0.0,0.75,267.9,,14780,0,270.0,270.0,265.0
2022-07-18,0.0,1.1,265.9,,15538,0,268.0,268.0,260.0
2022-07-17,0.0,0.77,263.0,,18810,0,263.0,264.7,260.4
2022-07-15,0.0,1.16,261.0,,23894,0,261.9,262.0,258.0
2022-07-14,0.0,0.0,258.0,,22474,0,262.0,263.0,256.0
2022-07-13,0.0,3.49,258.0,,77928,0,248.0,258.0,247.1
2022-07-12,0.0,0.93,249.3,,86608,0,247.0,251.8,245.0
2022-07-11,0.0,-3.52,247.0,,46135,0,254.0,254.0,245.0
2022-07-08,0.0,-0.39,256.0,,58995,0,254.0,256.9,254.0
2022-07-07,0.0,-0.04,257.0,,83273,0,262.2,263.0,256.0
2022-07-06,0.0,-0.35,257.1,,78518,0,260.0,260.0,255.0
2022-07-05,0.0,-0.15,258.0,,93016,0,257.0,261.0,255.0
2022-07-04,0.0,-0.62,258.4,,71547,0,261.5,267.5,258.1
2022-07-03,0.0,0.0,260.0,,45552,0,260.0,260.0,255.1
2022-07-01,0.0,-0.76,260.0,,18894,0,265.1,266.0,259.1
2022-06-30,0.0,2.34,262.0,,39723,0,255.0,262.1,255.0
2022-06-29,0.0,0.79,256.0,,26210,0,251.0,256.0,251.0
2022-06-28,0.0,-0.39,254.0,,27958,0,250.0,255.0,249.0
2022-06-27,0.0,-0.86,255.0,,22906,0,262.0,262.0,253.0
2022-06-26,0.0,2.92,257.2,,41691,0,250.1,260.0,250.1
2022-06-24,0.0,-0.04,249.9,,38218,0,250.0,251.0,240.0
2022-06-23,0.0,-1.96,250.0,,60116,0,250.0,255.0,248.0
2022-06-22,0.0,-1.16,255.0,,35992,0,260.0,260.0,252.9
2022-06-21,0.0,0.78,258.0,,31684,0,253.0,262.1,252.0
2022-06-20,0.0,-2.62,256.0,,43981,0,267.0,268.0,254.3
2022-06-19,0.0,-1.54,262.9,,31938,0,265.2,270.0,262.0
2022-06-17,0.0,1.14,267.0,,34708,0,264.0,272.0,264.0
2022-06-16,0.0,2.84,264.0,,39007,0,253.0,264.0,251.6
2022-06-15,0.0,-2.1,256.7,,49181,0,258.0,260.0,255.0
2022-06-14,0.0,-0.87,262.2,,21077,0,263.0,266.0,260.5
2022-06-13,0.0,-1.31,264.5,,25913,0,268.0,268.0,263.0
2022-06-10,0.0,-1.03,268.0,,31416,0,274.9,274.9,262.0
2022-06-09,0.0,1.27,270.8,,42161,0,272.5,275.2,269.0
2022-06-08,0.0,3.6,267.4,,32014,0,260.0,269.0,260.0
2022-06-07,0.0,-2.23,258.1,,35120,0,264.0,264.0,258.1
2022-06-06,0.0,-1.86,264.0,,37197,0,270.1,273.0,260.0
2022-06-03,0.0,-0.85,269.0,,26798,0,269.5,273.0,266.0
2022-06-02,0.0,-0.62,271.3,,17865,0,273.1,276.0,270.0
2022-06-01,0.0,0.37,273.0,,17677,0,275.0,278.0,270.0
2022-05-31,0.0,-2.51,272.0,,31231,0,280.0,282.0,271.0
2022-05-30,0.0,-2.41,279.0,,28175,0,289.9,289.9,278.0
2022-05-27,0.0,0.35,285.9,,32991,0,287.0,287.0,282.5
2022-05-26,0.0,0.74,284.9,,23601,0,285.0,285.0,281.0
2022-05-25,0.0,0.28,282.8,,18363,0,285.0,286.0,281.0
2022-05-24,0.0,0.71,282.0,,22025,0,280.0,285.0,280.0
2022-05-23,0.0,-1.1,280.0,,22294,0,286.0,286.0,280.0
2022-05-20,0.0,-1.7,283.1,,20893,0,286.0,288.0,283.0
2022-05-19,0.0,-0.14,288.0,,18632,0,290.0,290.0,286.0
2022-05-18,0.0,0.0,288.4,,16563,0,287.0,290.0,283.0
2022-05-17,0.0,-3.0,288.0,,18997,0,298.0,299.0,287.0
2022-05-12,0.0,0.78,296.9,,32610,0,298.0,300.0,293.0
2022-05-11,0.0,1.27,294.6,,18753,0,296.0,296.5,292.0
2022-05-10,0.0,2.07,290.9,,26916,0,287.0,294.5,285.0
2022-05-09,0.0,2.15,285.0,,31437,0,284.0,290.0,281.4
2022-05-08,0.0,-0.89,279.0,,33057,0,281.9,283.0,277.0
2022-05-05,0.0,-1.57,281.5,,33439,0,290.0,290.0,281.0
2022-05-04,0.0,-1.72,286.0,,26156,0,287.0,290.9,285.2
2022-05-02,0.0,-0.68,291.0,,27499,0,293.0,294.0,289.0
2022-04-28,0.0,-0.41,293.0,,25873,0,295.0,295.0,292.0
2022-04-27,0.0,-0.94,294.2,,19611,0,297.0,298.0,294.0
2022-04-26,0.0,0.34,297.0,,27948,0,295.0,300.0,293.0
2022-04-25,0.0,-1.3,296.0,,25030,0,304.9,305.0,296.0
2022-04-24,0.0,3.77,299.9,,35293,0,293.9,301.0,290.5
2022-04-21,0.0,-1.33,289.0,,37519,0,296.0,297.0,287.0
2022-04-20,0.0,-0.03,292.9,,30230,0,293.0,297.0,290.3
2022-04-19,0.0,-0.17,293.0,,32995,0,295.0,299.0,286.0
2022-04-18,0.0,-0.17,293.5,,28035,0,290.0,294.0,290.0
2022-04-17,0.0,0.34,294.0,,35265,0,297.0,300.0,292.0
2022-04-13,0.0,0.69,293.0,,28247,0,291.0,294.9,290.0
2022-04-12,0.0,-1.36,291.0,,36014,0,295.0,298.0,290.0
2022-04-11,0.0,-0.67,295.0,,42419,0,301.0,305.0,294.0
2022-04-07,0.0,0.0,297.0,,79585,0,302.0,302.9,294.1
2022-04-06,0.0,-1.33,297.0,,50955,0,300.0,300.0,295.0
2022-04-05,0.0,-1.63,301.0,,72788,0,306.0,306.0,298.0
2022-04-04,0.0,0.82,306.0,,49325,0,303.0,307.0,301.0
2022-04-03,0.0,-0.16,303.5,,32112,0,306.0,306.0,300.0
2022-03-31,0.0,0.0,304.0,,29850,0,310.0,310.0,303.0
2022-03-30,0.0,-0.3,304.0,,45545,0,305.0,306.0,300.0
2022-03-29,0.0,-0.97,304.9,,40283,0,309.0,310.0,302.3
2022-03-28,0.0,-0.42,307.9,,45565,0,309.0,311.0,305.0
2022-03-27,0.0,-0.9,309.2,,66245,0,315.0,315.0,308.0
2022-03-24,0.0,-0.92,312.0,,32775,0,310.0,315.0,310.0
2022-03-23,0.0,-0.38,314.9,,37611,0,317.0,317.1,311.0
2022-03-22,0.0,0.03,316.1,,38548,0,317.0,320.0,315.7
2022-03-21,0.0,0.48,316.0,,50637,0,315.0,318.0,309.1
2022-03-20,0.0,-0.47,314.5,,21991,0,315.5,316.0,310.0
2022-03-16,0.0,-0.6,316.0,,20388,0,318.1,318.7,315.1
2022-03-15,0.0,0.44,317.9,,28534,0,317.0,320.0,315.3
2022-03-14,0.0,-1.95,316.5,,20253,0,323.0,326.9,316.5
2022-03-13,0.0,3.83,322.8,,42573,0,317.0,325.0,310.0
2022-03-10,0.0,1.27,310.9,,19182,0,307.0,311.0,305.0
2022-03-09,0.0,-0.65,307.0,,48000,0,312.0,313.7,305.0
2022-03-07,0.0,-0.03,309.0,,22309,0,309.0,315.0,309.0
2022-03-06,0.0,0.0,309.1,,44259,0,312.0,315.0,308.7
2022-03-02,0.0,-1.5,309.1,,52893,0,310.0,315.0,308.0
2022-02-28,0.0,-0.22,313.8,,41040,0,320.7,324.0,313.0
2022-02-27,0.0,-0.82,314.5,,34905,0,320.0,320.0,314.0
2022-02-24,0.0,-2.13,317.1,,75064,0,322.0,322.1,316.0
2022-02-23,0.0,-0.37,324.0,,32142,0,327.0,327.0,323.0
2022-02-22,0.0,0.06,325.2,,34205,0,325.0,330.0,322.5
2022-02-21,0.0,0.68,325.0,,43544,0,323.0,326.0,320.0
2022-02-20,0.0,-1.13,322.8,,40760,0,324.0,326.0,319.0
2022-02-17,0.0,0.15,326.5,,19827,0,327.0,330.0,326.0
2022-02-16,0.0,-0.31,326.0,,39665,0,327.0,328.5,325.0
2022-02-15,0.0,0.93,327.0,,62430,0,325.1,328.0,322.5
2022-02-14,0.0,-0.12,324.0,,90724,0,328.0,330.9,321.0
2022-02-13,0.0,-3.16,324.4,,98866,0,330.0,334.0,324.0
2022-02-10,0.0,-0.89,335.0,,46342,0,339.0,339.0,334.5
2022-02-09,0.0,-0.59,338.0,,36942,0,340.0,342.0,337.0
2022-02-08,0.0,0.0,340.0,,62268,0,347.0,355.5,339.0
2022-02-07,0.0,-0.38,340.7,,50996,0,341.0,344.0,338.3
2022-02-06,0.0,-1.44,342.0,,52586,0,345.0,350.0,340.0
2022-02-03,0.0,-0.14,347.0,,55570,0,353.0,354.0,345.0
2022-02-01,0.0,0.14,347.5,,46912,0,347.0,349.0,343.0
2022-01-31,0.0,-1.42,347.0,,28505,0,352.0,355.0,346.5
2022-01-30,0.0,3.5,352.0,,45647,0,346.9,360.0,346.9
2022-01-27,0.0,-0.87,340.1,,37922,0,345.0,349.0,339.0
2022-01-26,0.0,-1.97,343.1,,44525,0,345.0,349.0,342.0
2022-01-25,0.0,0.29,350.0,,54720,0,355.9,355.9,345.0
2022-01-24,0.0,-3.59,349.0,,76337,0,360.0,361.0,347.0
2022-01-23,0.0,-1.9,362.0,,72095,0,371.0,371.0,359.0
2022-01-20,0.0,-0.27,369.0,,39556,0,367.0,372.0,366.5
2022-01-19,0.0,-2.09,370.0,,82644,0,373.5,378.0,367.4
2022-01-18,0.0,3.51,377.9,,134459,0,367.0,387.6,363.0
2022-01-17,0.0,0.86,365.1,,61957,0,369.0,370.0,361.0
2022-01-16,0.0,2.43,362.0,,98299,0,353.4,367.0,356.5
2022-01-13,0.0,0.08,353.4,,57431,0,352.0,357.0,352.0
2022-01-12,0.0,-1.64,353.1,,80396,0,359.0,361.0,353.0
2022-01-11,0.0,0.14,359.0,,81984,0,362.0,362.0,355.0
2022-01-10,0.0,-1.51,358.5,,89810,0,371.2,371.2,358.0
2022-01-09,0.0,3.41,364.0,,138572,0,355.5,365.0,354.0
2022-01-06,0.0,0.86,352.0,,71121,0,349.0,354.0,345.5
2022-01-05,0.0,-2.51,349.0,,61584,0,360.0,363.0,348.1
2022-01-04,0.0,6.87,358.0,,122527,0,330.1,359.0,330.1
2022-01-03,0.0,1.67,335.0,,61935,0,335.0,338.0,329.0
2022-01-02,0.0,0.15,329.5,,55759,0,330.0,332.0,326.0
2021-12-29,0.0,0.3,329.0,,49340,0,334.0,334.0,326.5
2021-12-28,0.0,-1.2,328.0,,50081,0,332.0,332.0,326.0
2021-12-27,0.0,-1.48,332.0,,62944,0,340.0,340.9,331.0
2021-12-26,0.0,-0.03,337.0,,89358,0,341.0,341.0,335.0
2021-12-23,0.0,-0.85,337.1,,39561,0,340.0,342.0,335.0
2021-12-22,0.0,1.08,340.0,,76814,0,333.0,343.0,330.0
2021-12-21,0.0,2.83,378.4,,172280,0,373.0,380.0,371.0
2021-12-20,0.0,0.05,368.0,,103629,0,375.1,375.1,364.5
2021-12-16,0.0,-0.33,367.8,,45412,0,369.0,369.0,362.0
2021-12-15,0.0,-0.19,369.0,,81540,0,370.9,377.0,365.0
2021-12-14,0.0,5.03,369.7,,48816,0,359.0,370.7,356.0
2021-12-13,0.0,-2.76,352.0,,109886,0,361.0,363.0,346.5
2021-12-12,0.0,-1.36,362.0,,48455,0,370.0,371.0,360.0
2021-12-09,0.0,0.41,367.0,,39811,0,363.0,368.0,362.2
2021-12-08,0.0,-1.75,365.5,,51458,0,371.0,373.9,365.0
2021-12-07,0.0,0.54,372.0,,59150,0,370.0,377.9,370.0
2021-12-06,0.0,0.27,370.0,,98163,0,370.0,373.0,357.0
2021-12-05,0.0,-2.23,369.0,,94079,0,378.0,383.8,365.1
2021-12-02,0.0,0.91,377.4,,87242,0,381.4,383.0,375.0
2021-12-01,0.0,-0.53,374.0,,65797,0,376.0,379.0,374.0
2021-11-30,0.0,0.53,376.0,,106155,0,374.1,381.0,370.1
2021-11-29,0.0,-1.32,374.0,,71430,0,379.0,383.0,373.4
2021-11-28,0.0,-2.32,379.0,,78205,0,388.0,388.0,377.4
2021-11-25,0.0,0.26,388.0,,49647,0,386.0,392.0,386.0
2021-11-24,0.0,-0.69,387.0,,38419,0,394.9,395.0,383.1
2021-11-23,0.0,-0.46,389.7,,40645,0,394.0,394.0,388.7
2021-11-22,0.0,-0.38,391.5,,38405,0,395.0,397.0,390.0
2021-11-21,0.0,-0.25,393.0,,24380,0,394.0,397.0,393.0
2021-11-18,0.0,-1.13,394.0,,49610,0,399.0,400.0,393.8
2021-11-17,0.0,-0.13,398.5,,47947,0,404.9,405.0,396.0
2021-11-16,0.0,1.06,399.0,,68996,0,398.8,399.0,395.0
2021-11-15,0.0,0.08,394.8,,51694,0,395.0,400.0,394.0
2021-11-14,0.0,-1.13,394.5,,46955,0,398.0,399.0,392.0
2021-11-11,0.0,-1.26,399.0,,58943,0,405.0,405.0,393.0
2021-11-09,0.0,-2.39,404.1,,77287,0,413.0,414.0,404.0
2021-11-08,0.0,-0.5,414.0,,46299,0,420.0,424.4,412.5
2021-11-03,0.0,0.27,416.1,,78596,0,417.0,418.0,413.0
2021-11-02,0.0,0.05,415.0,,60246,0,414.8,418.0,414.7
2021-11-01,0.0,0.19,414.8,,133800,0,422.2,422.2,411.6
2021-10-31,0.0,0.24,414.0,,176901,0,421.0,427.0,413.6
2021-10-28,0.0,-0.48,413.0,,37540,0,414.0,415.0,411.0
2021-10-27,0.0,-0.43,415.0,,76003,0,412.0,420.0,411.0
2021-10-26,0.0,3.17,416.8,,68914,0,408.5,416.9,408.0
2021-10-25,0.0,2.41,404.0,,51482,0,400.0,404.0,399.0
2021-10-24,0.0,1.15,394.5,,40832,0,385.1,395.0,385.1
2021-10-21,0.0,-1.76,390.0,,56513,0,400.0,400.0,390.0
2021-10-20,0.0,1.79,397.0,,46384,0,397.0,405.0,395.0
2021-10-19,0.0,-2.74,390.0,,82549,0,405.0,405.0,388.0
2021-10-18,0.0,-2.2,401.0,,53068,0,406.1,408.0,399.0
2021-10-17,0.0,0.0,410.0,,25763,0,410.0,412.0,403.0
2021-10-11,0.0,0.02,410.0,,45430,0,410.0,410.0,401.0
2021-10-10,0.0,0.22,409.9,,53200,0,409.0,419.4,409.0
2021-10-06,0.0,0.99,409.0,,71209,0,412.0,412.0,405.0
2021-10-05,0.0,1.25,405.0,,37896,0,407.0,410.0,402.6
2021-10-04,0.0,-0.5,400.0,,81606,0,405.0,408.9,395.0
2021-10-03,0.0,-1.71,402.0,,77945,0,415.0,415.0,399.0
2021-09-30,0.0,-1.68,409.0,,57577,0,416.0,418.0,409.0
2021-09-29,0.0,1.71,416.0,,88535,0,415.0,418.0,400.0
2021-09-28,0.0,-2.15,409.0,,88646,0,419.0,420.0,407.0
2021-09-27,0.0,-3.24,418.0,,90612,0,432.0,432.0,416.1
2021-09-26,0.0,-0.51,432.0,,117308,0,442.0,450.0,430.0
2021-09-23,0.0,2.41,434.2,,187872,0,432.4,449.0,432.0
2021-09-22,0.0,3.16,424.0,,78257,0,419.0,425.0,417.0
2021-09-21,0.0,0.17,411.0,,111562,0,408.0,428.0,395.0
2021-09-20,0.0,-2.61,410.3,,141745,0,425.0,428.0,410.0
2021-09-16,0.0,-2.02,421.3,,142013,0,430.0,430.0,420.1
2021-09-15,0.0,-0.81,430.0,,62318,0,433.0,433.0,428.0
2021-09-14,0.0,-1.03,433.5,,78115,0,440.0,445.0,432.9
2021-09-13,0.0,1.39,438.0,,77215,0,432.0,440.0,432.0
2021-09-12,0.0,0.0,432.0,,102331,0,440.0,441.0,428.0
2021-09-09,0.0,0.26,432.0,,84672,0,438.1,439.0,427.0
2021-09-08,0.0,-2.07,430.9,,132390,0,440.0,441.0,425.0
2021-09-07,0.0,-1.79,440.0,,77053,0,452.0,452.0,438.0
2021-09-06,0.0,4.67,448.0,,121636,0,428.0,448.0,425.0
2021-09-05,0.0,-2.95,428.0,,172437,0,441.0,441.0,422.1
2021-09-02,0.0,-1.23,441.0,,130405,0,449.9,451.0,439.0
2021-09-01,0.0,0.56,446.5,,112030,0,448.0,452.0,439.1
2021-08-31,0.0,-1.11,444.0,,143720,0,449.0,449.0,440.0
2021-08-29,0.0,-0.88,449.0,,195353,0,455.0,460.0,446.0
2021-08-26,0.0,-0.66,453.0,,187783,0,458.0,461.0,448.4
2021-08-25,0.0,-1.3,456.0,,111112,0,463.0,463.0,455.0
2021-08-24,0.0,-1.28,462.0,,111029,0,470.0,475.0,460.2
2021-08-19,0.0,-1.45,468.0,,170403,0,475.0,480.0,468.0
2021-08-18,0.0,0.4,474.9,,176978,0,475.0,482.0,465.0
2021-08-17,0.0,-1.25,473.0,,170349,0,482.0,482.0,470.0
2021-08-16,0.0,-0.93,479.0,,159892,0,490.0,490.0,478.0
2021-08-15,0.0,-0.33,483.5,,309794,0,494.0,494.0,480.0
2021-08-12,0.0,0.21,485.1,,181474,0,481.0,490.0,475.0
2021-08-11,0.0,-0.8,484.1,,197219,0,495.0,500.0,482.0
2021-08-10,0.0,2.2,488.0,,228883,0,475.0,495.1,475.0
2021-08-09,0.0,-0.73,477.5,,124556,0,484.0,484.0,477.0
2021-08-08,0.0,0.0,481.0,,134664,0,485.0,485.0,480.0
2021-08-05,0.0,-0.19,481.0,,133529,0,485.0,485.0,479.0
2021-08-04,0.0,0.19,481.9,,108354,0,483.0,487.9,480.0
2021-08-03,0.0,-0.62,481.0,,175589,0,488.0,488.0,477.3
2021-08-02,0.0,-0.78,484.0,,112338,0,487.8,490.0,484.0
2021-08-01,0.0,0.47,487.8,,116366,0,485.0,494.7,485.0
2021-07-29,0.0,-0.92,485.5,,131486,0,490.0,493.0,485.5
2021-07-28,0.0,-1.11,490.0,,164021,0,496.0,503.0,487.3
2021-07-27,0.0,-0.7,495.5,,372228,0,490.0,497.0,472.0
2021-07-26,0.0,-2.31,499.0,,388580,0,517.0,517.0,495.9
2021-07-25,0.0,3.82,510.8,,499345,0,498.0,513.0,498.0
2021-07-22,0.0,2.5,492.0,,397006,0,482.0,495.0,478.0
2021-07-20,0.0,0.21,480.0,,219942,0,488.0,488.0,473.0
2021-07-19,0.0,3.46,479.0,,575062,0,472.0,490.0,468.0
2021-07-18,0.0,5.23,463.0,,356221,0,446.0,469.0,444.0
2021-07-15,0.0,-0.45,440.0,,147573,0,442.0,444.0,435.0
2021-07-14,0.0,-0.23,442.0,,66406,0,445.0,445.0,440.0
2021-07-13,0.0,0.45,443.0,,71742,0,450.0,450.0,436.0
2021-07-12,0.0,-0.9,441.0,,141553,0,448.0,451.0,439.0
2021-07-11,0.0,2.06,445.0,,165440,0,444.0,445.0,436.0
2021-07-08,0.0,0.23,436.0,,117018,0,435.0,442.0,434.0
2021-07-07,0.0,-0.23,435.0,,65430,0,440.0,440.0,435.0
2021-07-06,0.0,0.0,436.0,,55218,0,434.0,437.0,433.0
2021-07-05,0.0,-0.23,436.0,,72802,0,437.0,440.0,432.0
2021-07-04,0.0,-0.46,437.0,,64672,0,444.0,444.0,436.0
2021-07-01,0.0,-0.45,439.0,,79717,0,441.0,447.0,438.0
2021-06-30,0.0,0.23,441.0,,85430,0,440.0,441.0,435.0
2021-06-29,0.0,-1.12,440.0,,90235,0,423.0,447.0,423.0
2021-06-28,0.0,0.45,445.0,,140799,0,450.0,451.0,443.0
2021-06-27,0.0,1.61,443.0,,168912,0,437.0,446.0,435.0
2021-06-24,0.0,-0.23,436.0,,138120,0,416.0,445.0,416.0
2021-06-23,0.0,-1.8,437.0,,128900,0,445.0,450.0,436.0
2021-06-22,0.0,2.53,445.0,,152975,0,434.0,445.0,432.0
2021-06-21,0.0,-1.59,434.0,,226120,0,445.0,451.0,434.0
2021-06-20,0.0,-2.22,441.0,,241771,0,455.0,455.0,438.0
2021-06-17,0.0,-1.1,451.0,,176663,0,457.0,460.0,451.0
2021-06-16,0.0,-0.44,456.0,,204408,0,450.0,466.0,450.0
2021-06-15,0.0,0.0,458.0,,274450,0,464.0,468.0,457.0
2021-06-14,0.0,2.23,458.0,,441744,0,452.0,469.0,450.0
2021-06-13,0.0,0.22,448.0,,278933,0,450.0,452.0,440.0
2021-06-10,0.0,-1.11,447.0,,224442,0,455.0,455.0,445.0
2021-06-09,0.0,-0.01,452.0,,213775,0,465.0,465.0,450.0
2021-06-08,0.0,0.88,456.0,,285798,0,460.0,460.0,448.0
2021-06-07,0.0,-1.95,452.0,,476187,0,461.0,470.0,447.0
2021-06-06,0.0,4.3,461.0,,640308,0,450.0,472.0,450.0
2021-06-03,0.0,2.31,442.0,,457880,0,435.0,449.0,431.0
2021-06-02,0.0,0.47,432.0,,129625,0,430.0,433.0,422.0
2021-06-01,0.0,-0.92,430.0,,145225,0,436.0,437.0,425.0
2021-05-31,0.0,-0.91,434.0,,195829,0,441.0,444.0,433.0
2021-05-30,0.0,1.86,438.0,,242012,0,430.0,441.0,430.0
2021-05-27,0.0,-0.23,430.0,,166463,0,426.0,434.0,422.0
2021-05-25,0.0,-1.37,431.0,,144849,0,440.0,440.0,431.0
2021-05-24,0.0,0.23,437.0,,342503,0,438.0,451.0,433.0
2021-05-23,0.0,1.63,436.0,,208985,0,429.0,436.0,417.0
2021-05-20,0.0,0.47,429.0,,100987,0,430.0,434.0,428.0
2021-05-19,0.0,0.47,427.0,,211175,0,429.0,433.0,425.0
2021-05-18,0.0,0.0,425.0,,151670,0,430.0,430.0,423.0
2021-05-17,0.0,0.47,425.0,,150610,0,430.0,430.0,421.0
2021-05-16,0.0,1.93,423.0,,167954,0,420.0,424.0,416.0
2021-05-13,0.0,-0.24,415.0,,89463,0,420.0,420.0,415.0
2021-05-12,0.0,-0.48,416.0,,59730,0,420.0,420.0,415.0
2021-05-11,0.0,0.97,418.0,,63188,0,417.0,419.0,416.0
2021-05-10,0.0,0.24,414.0,,56168,0,413.0,416.0,410.0
2021-05-09,0.0,0.24,413.0,,125202,0,413.0,417.0,410.0
2021-05-06,0.0,-0.48,412.0,,102514,0,415.0,417.0,410.0
2021-05-05,0.0,-0.48,414.0,,61603,0,436.0,436.0,411.0
2021-05-04,0.0,-0.24,416.0,,63482,0,421.0,421.0,413.0
2021-05-03,0.0,-0.95,417.0,,92854,0,442.0,442.0,415.0
2021-05-02,0.0,1.69,421.0,,122228,0,395.0,423.0,395.0
2021-04-29,0.0,0.49,414.0,,69138,0,414.0,418.0,412.0
2021-04-28,0.0,0.24,412.0,,117707,0,420.0,420.0,410.0
2021-04-27,0.0,1.99,411.0,,133815,0,423.0,423.0,402.0
2021-04-26,0.0,-2.42,403.0,,164932,0,410.0,414.0,402.0
2021-04-25,0.0,-1.9,413.0,,207673,0,421.0,425.0,411.0
2021-04-22,0.0,0.0,421.0,,102241,0,442.0,442.0,417.0
2021-04-21,0.0,-1.17,421.0,,101360,0,428.0,430.0,420.0
2021-04-20,0.0,0.47,426.0,,118952,0,431.0,431.0,422.0
2021-04-19,0.0,-1.85,424.0,,138442,0,432.0,432.0,423.0
2021-04-18,0.0,-1.82,432.0,,171867,0,444.0,445.0,431.0
2021-04-15,0.0,0.69,440.0,,238956,0,441.0,447.0,437.0
2021-04-13,0.0,1.16,436.0,,164812,0,432.0,439.0,428.0
2021-04-12,0.0,1.65,431.0,,167199,0,425.0,433.0,424.0
2021-04-08,0.0,-0.24,424.0,,111983,0,426.0,430.0,423.0
2021-04-07,0.0,0.24,425.0,,136502,0,445.0,445.0,422.0
2021-04-06,0.0,-0.24,424.0,,81414,0,425.0,427.0,421.0
2021-04-05,0.0,-0.47,425.0,,96013,0,430.0,432.0,423.0
2021-04-04,0.0,0.23,427.0,,121903,0,405.0,435.0,405.0
2021-04-01,0.0,-0.47,426.0,,109113,0,432.0,432.0,425.0
2021-03-31,0.0,1.66,428.0,,150069,0,421.0,431.0,420.0
2021-03-30,0.0,0.0,422.0,,89740,0,423.0,425.0,419.0
2021-03-29,0.0,0.24,422.0,,108675,0,421.0,428.0,417.0
2021-03-25,0.0,-1.41,421.0,,104355,0,430.0,430.0,420.0
2021-03-24,0.0,1.18,427.0,,128160,0,430.0,430.0,420.0
2021-03-23,0.0,-0.24,422.0,,91811,0,420.0,424.0,417.0
2021-03-22,0.0,-1.17,423.0,,126669,0,430.0,430.0,422.0
2021-03-21,0.0,3.13,428.0,,211184,0,416.0,428.0,416.0
2021-03-18,0.0,0.73,415.0,,103271,0,416.0,420.0,413.0
2021-03-17,0.0,0.73,412.0,,77720,0,414.0,415.0,408.0
2021-03-16,0.0,-0.24,409.0,,144694,0,410.0,414.0,406.0
2021-03-15,0.0,-0.49,410.0,,117920,0,400.0,418.0,400.0
2021-03-14,0.0,-2.14,412.0,,192454,0,426.0,426.0,410.0
2021-03-10,0.0,-0.94,421.0,,102913,0,425.0,425.0,419.0
2021-03-09,0.0,-0.23,425.0,,90773,0,425.0,427.0,422.0
2021-03-08,0.0,-0.7,426.0,,104756,0,436.0,436.0,424.0
2021-03-04,0.0,1.9,429.0,,120249,0,422.0,432.0,420.0
2021-03-03,0.0,-0.47,421.0,,157553,0,425.0,426.0,416.0
2021-03-02,0.0,-2.76,423.0,,188354,0,437.0,440.0,421.0
2021-03-01,0.0,0.0,435.0,,162226,0,450.0,450.0,422.0
2021-02-28,0.0,-3.59,430.0,,243519,0,440.0,444.0,428.0
2021-02-25,0.0,0.0,446.0,,167029,0,475.0,475.0,444.0
2021-02-24,0.0,1.33,456.0,,204434,0,455.0,469.0,450.0
2021-02-23,0.0,-1.53,450.0,,283469,0,479.0,479.0,441.0
2021-02-22,0.0,-3.38,457.0,,260937,0,473.0,474.0,455.0
2021-02-21,0.0,0.0,473.0,,268493,0,480.0,480.0,466.0
2021-02-18,0.0,0.0,474.0,,258073,0,485.0,485.0,473.0
2021-02-17,0.0,0.01,474.0,,319668,0,475.0,484.0,471.0
2021-02-16,0.0,0.04,469.0,,518671,0,450.0,481.0,450.0
2021-02-15,0.0,0.02,450.0,,260034,0,445.0,452.0,443.0
2021-02-14,0.0,0.0,440.0,,195794,0,425.0,450.0,425.0
2021-02-11,0.0,0.0,441.0,,239598,0,440.0,449.0,440.0
2021-02-10,0.0,0.01,443.0,,281311,0,442.0,447.0,435.0
2021-02-09,0.0,0.0,440.0,,226493,0,450.0,453.0,439.0
2021-02-08,0.0,0.04,442.0,,355743,0,406.0,445.0,406.0
2021-02-07,0.0,0.0,427.0,,173363,0,407.0,440.0,407.0
2021-02-04,0.0,-0.01,428.0,,143800,0,411.0,438.0,411.0
2021-02-03,0.0,0.0,432.0,,211791,0,438.0,445.0,430.0
2021-02-02,0.0,0.02,436.0,,190050,0,430.0,436.0,427.0
2021-02-01,0.0,0.01,426.0,,106287,0,429.0,434.0,417.0
2021-01-31,0.0,-0.01,421.0,,187214,0,425.0,432.0,419.0
2021-01-28,0.0,0.0,425.0,,252753,0,430.0,438.0,423.0
2021-01-27,0.0,0.0,425.0,,155397,0,430.0,430.0,423.0
2021-01-26,0.0,-0.01,426.0,,227451,0,433.0,435.0,423.0
2021-01-25,0.0,0.0,431.0,,248911,0,454.0,454.0,427.0
2021-01-24,0.0,0.0,433.0,,260333,0,437.0,442.0,430.0
2021-01-21,0.0,0.0,435.0,,193265,0,437.0,443.0,434.0
2021-01-20,0.0,0.0,437.0,,186008,0,457.0,457.0,431.0
2021-01-19,0.0,-0.01,436.0,,169492,0,441.0,445.0,433.0
2021-01-18,0.0,-0.02,439.0,,197747,0,448.0,449.0,438.0
2021-01-17,0.0,0.0,446.0,,271617,0,440.0,451.0,440.0
2021-01-13,0.0,0.02,444.0,,284054,0,443.0,446.0,439.0
2021-01-12,0.0,0.0,437.0,,180534,0,444.0,445.0,431.0
2021-01-11,0.0,0.03,437.0,,427211,0,423.0,450.0,423.0
2021-01-10,0.0,0.04,423.0,,318095,0,412.0,424.0,412.0
2021-01-07,0.0,0.0,408.0,,226348,0,411.0,416.0,408.0
2021-01-06,0.0,0.0,409.0,,162719,0,413.0,417.0,407.0
2021-01-05,0.0,0.0,409.0,,181295,0,408.0,416.0,401.0
2021-01-04,0.0,0.01,411.0,,243148,0,415.0,422.0,406.0
2021-01-03,0.0,0.05,407.0,,330742,0,392.0,412.0,392.0
2020-12-31,0.0,0.03,388.0,,218544,0,390.0,391.0,379.0
2020-12-30,0.0,0.01,427.0,,213444,0,428.0,430.0,420.0
2020-12-29,0.0,0.0,422.0,,127605,0,428.0,429.0,421.0
2020-12-28,0.0,-0.01,423.0,,70074,0,429.0,429.0,420.0
2020-12-27,0.0,0.0,426.0,,170259,0,432.0,433.0,424.0
2020-12-24,0.0,-0.01,428.0,,110812,0,439.0,439.0,427.0
2020-12-23,0.0,-0.01,433.0,,167601,0,442.0,450.0,431.0
2020-12-22,0.0,0.01,436.0,,282250,0,440.0,441.0,427.0
2020-12-21,0.0,0.0,433.0,,255964,0,427.0,442.0,411.0
2020-12-20,0.0,-0.04,435.0,,269832,0,452.0,452.0,433.0
2020-12-17,0.0,-0.01,452.0,,145867,0,479.0,479.0,450.0
2020-12-16,0.0,0.01,457.0,,141784,0,452.0,462.0,449.0
2020-12-15,0.0,0.0,454.0,,115112,0,460.0,462.0,452.0
2020-12-14,0.0,0.0,456.0,,115113,0,454.0,469.0,453.0
2020-12-13,0.0,0.03,454.0,,246575,0,464.0,464.0,445.0
2020-12-10,0.0,0.0,442.0,,107388,0,465.0,465.0,438.0
2020-12-09,0.0,-0.02,443.0,,117324,0,473.0,473.0,442.0
2020-12-08,0.0,0.0,451.0,,140780,0,459.0,464.0,447.0
2020-12-07,0.0,0.01,450.0,,185378,0,426.0,459.0,426.0
2020-12-06,0.0,-0.05,445.0,,207676,0,467.0,474.0,442.0
2020-12-03,0.0,0.01,467.0,,256063,0,470.0,485.0,460.0
2020-12-02,0.0,0.01,461.0,,195324,0,459.0,471.0,448.0
2020-12-01,0.0,-0.02,456.0,,237708,0,464.0,470.0,450.0
2020-11-30,0.0,-0.03,464.0,,472431,0,488.0,505.0,459.0
2020-11-29,0.0,0.08,479.0,,460172,0,450.0,484.0,448.0
2020-11-26,0.0,0.01,444.0,,311506,0,445.0,450.0,439.0
2020-11-25,0.0,0.02,439.0,,172010,0,445.0,445.0,434.0
2020-11-24,0.0,0.0,430.0,,163542,0,437.0,437.0,430.0
2020-11-23,0.0,-0.01,432.0,,119303,0,437.0,438.0,429.0
2020-11-22,0.0,0.01,436.0,,266021,0,451.0,451.0,426.0
2020-11-19,0.0,0.0,430.0,,167844,0,427.0,432.0,426.0
2020-11-18,0.0,0.0,427.0,,124249,0,436.0,436.0,425.0
2020-11-12,0.0,0.0,428.0,,224908,0,430.0,434.0,427.0
2020-11-11,0.0,2.16,426.0,,188385,0,419.0,431.0,419.0
2020-11-10,0.0,0.48,417.0,,175699,0,413.0,420.0,412.0
2020-11-09,0.0,-0.95,415.0,,125672,0,399.0,422.0,399.0
2020-11-08,0.0,-0.48,419.0,,86825,0,420.0,424.0,418.0
2020-11-05,0.0,0.0,421.0,,59701,0,421.0,424.0,420.0
2020-11-04,0.0,-0.24,421.0,,54797,0,430.0,430.0,419.0
2020-11-03,0.0,-0.24,422.0,,82561,0,424.0,424.0,420.0
2020-11-02,0.0,-0.7,423.0,,129530,0,426.0,426.0,420.0
2020-11-01,0.0,-1.62,426.0,,110211,0,441.0,441.0,425.0
2020-10-29,0.0,0.23,433.0,,284334,0,440.0,440.0,431.0
2020-10-28,0.0,2.61,432.0,,179025,0,430.0,432.0,424.0
2020-10-22,0.0,0.72,421.0,,116378,0,421.0,424.0,419.0
2020-10-21,0.0,1.95,418.0,,98551,0,415.0,423.0,414.0
2020-10-20,0.0,0.49,410.0,,40447,0,408.0,411.0,408.0
2020-10-19,0.0,0.0,408.0,,41325,0,406.0,409.0,405.0
2020-10-18,0.0,0.0,408.0,,43252,0,410.0,410.0,405.0
2020-10-15,0.0,-0.49,408.0,,37831,0,414.0,417.0,408.0
2020-10-14,0.0,0.24,410.0,,56646,0,412.0,412.0,408.0
2020-10-13,0.0,-0.73,409.0,,90290,0,411.0,412.0,408.0
2020-10-12,0.0,0.24,412.0,,81820,0,417.0,417.0,408.0
2020-10-11,0.0,-0.72,411.0,,128177,0,412.0,415.0,410.0
2020-10-08,0.0,-0.72,414.0,,93780,0,415.0,420.0,413.0
2020-10-07,0.0,0.97,417.0,,110503,0,416.0,417.0,412.0
2020-10-06,0.0,-0.48,413.0,,159286,0,435.0,435.0,411.0
2020-10-05,0.0,-0.48,415.0,,140499,0,417.0,424.0,413.0
2020-10-04,0.0,0.24,417.0,,84185,0,430.0,430.0,417.0
2020-10-01,0.0,0.24,416.0,,89254,0,435.0,435.0,412.0
2020-09-30,0.0,0.24,415.0,,116461,0,414.0,415.0,412.0
2020-09-29,0.0,-0.24,414.0,,41491,0,418.0,418.0,413.0
2020-09-28,0.0,-0.95,415.0,,59279,0,419.0,420.0,414.0
2020-09-27,0.0,0.48,419.0,,120737,0,418.0,421.0,413.0
2020-09-24,0.0,0.0,417.0,,83439,0,415.0,417.0,414.0
2020-09-23,0.0,0.24,417.0,,74417,0,416.0,418.0,413.0
2020-09-22,0.0,-1.42,416.0,,178294,0,420.0,422.0,412.0
2020-09-21,0.0,-0.94,422.0,,112661,0,426.0,427.0,419.0
2020-09-20,0.0,0.24,426.0,,102521,0,430.0,432.0,424.0
2020-09-17,0.0,1.43,425.0,,161097,0,437.0,437.0,419.0
2020-09-16,0.0,-0.48,419.0,,44561,0,427.0,427.0,416.0
2020-09-15,0.0,-0.71,421.0,,77147,0,428.0,429.0,419.0
2020-09-14,0.0,0.47,424.0,,158347,0,424.0,431.0,422.0
2020-09-13,0.0,0.24,422.0,,79330,0,422.0,423.0,417.0
2020-09-10,0.0,0.24,421.0,,74663,0,417.0,426.0,416.0
2020-09-09,0.0,0.0,420.0,,121594,0,412.0,421.0,412.0
2020-09-08,0.0,0.24,420.0,,100359,0,421.0,423.0,415.0
2020-09-07,0.0,-1.87,419.0,,93941,0,429.0,429.0,419.0
2020-09-06,0.0,-1.16,427.0,,142996,0,450.0,450.0,425.0
2020-09-03,0.0,-0.69,432.0,,102243,0,435.0,437.0,428.0
2020-09-02,0.0,1.64,435.0,,186415,0,434.0,437.0,429.0
2020-08-31,0.0,0.94,428.0,,230120,0,424.0,433.0,424.0
2020-08-30,0.0,-0.47,424.0,,65622,0,426.0,428.0,420.0
2020-08-27,0.0,-1.62,426.0,,161170,0,440.0,440.0,426.0
2020-08-26,0.0,2.85,433.0,,185649,0,442.0,442.0,420.0
2020-08-25,0.0,0.0,421.0,,89663,0,437.0,437.0,419.0
2020-08-24,0.0,1.94,421.0,,129693,0,416.0,423.0,415.0
2020-08-23,0.0,0.73,413.0,,45095,0,410.0,413.0,409.0
2020-08-20,0.0,0.24,410.0,,30416,0,408.0,414.0,405.0
2020-08-19,0.0,-0.97,409.0,,64888,0,410.0,413.0,403.0
2020-08-18,0.0,0.49,413.0,,56122,0,415.0,418.0,410.0
2020-08-17,0.0,0.24,411.0,,92115,0,412.0,414.0,408.0
2020-08-16,0.0,-1.68,410.0,,151362,0,405.0,415.0,402.0
2020-08-13,0.0,-2.57,417.0,,97693,0,424.0,427.0,417.0
2020-08-12,0.0,0.23,428.0,,42064,0,432.0,432.0,423.0
2020-08-11,0.0,-0.47,427.0,,106033,0,433.0,437.0,422.0
2020-08-10,0.0,4.38,429.0,,184024,0,412.0,432.0,411.0
2020-08-09,0.0,0.49,411.0,,78628,0,406.0,412.0,400.0
2020-08-06,0.0,-0.97,409.0,,88592,0,405.0,412.0,400.0
2020-08-05,0.0,-1.43,413.0,,157362,0,419.0,420.0,407.0
2020-08-03,0.0,0.96,419.0,,109441,0,410.0,425.0,407.0
2020-08-02,0.0,-3.49,415.0,,200556,0,425.0,432.0,413.0
2020-07-30,0.0,0.0,430.0,,107799,0,428.0,434.0,422.0
2020-07-29,0.0,-1.6,430.0,,131183,0,437.0,437.0,428.0
2020-07-28,0.0,0.0,437.0,,146800,0,444.0,444.0,433.0
2020-07-27,0.0,-0.46,437.0,,131099,0,442.0,449.0,435.0
2020-07-26,0.0,1.86,439.0,,152742,0,431.0,445.0,427.0
2020-07-23,0.0,0.47,431.0,,147191,0,431.0,435.0,423.0
2020-07-22,0.0,-1.83,429.0,,187887,0,445.0,447.0,426.0
2020-07-21,0.0,-1.35,437.0,,316083,0,446.0,451.0,432.0
2020-07-20,0.0,-2.42,443.0,,441191,0,470.0,499.0,430.0
2020-07-19,0.0,9.93,454.0,,6361,0,433.0,454.0,433.0
2020-07-16,0.0,4.03,413.0,,201806,0,404.0,415.0,404.0
2020-07-15,0.0,2.58,397.0,,217337,0,394.0,401.0,389.0
2020-07-14,0.0,1.31,387.0,,179009,0,385.0,389.0,379.0
2020-07-13,0.0,-0.26,382.0,,94276,0,383.0,390.0,380.0
2020-07-12,0.0,-0.52,383.0,,65612,0,387.0,395.0,380.0
2020-07-09,0.0,-1.03,385.0,,72260,0,388.0,389.0,380.0
2020-07-08,0.0,-0.77,389.0,,115813,0,397.0,398.0,380.0
2020-07-07,0.0,2.89,392.0,,129940,0,385.0,399.0,384.0
2020-07-06,0.0,3.25,381.0,,69440,0,372.0,381.0,366.0
2020-07-05,0.0,1.1,369.0,,111039,0,365.0,378.0,355.0
2020-07-02,0.0,-8.52,365.0,,51529,0,406.0,426.0,365.0
2020-07-01,0.0,9.32,399.0,,44805,0,372.0,401.0,372.0
2020-06-30,0.0,5.8,365.0,,17394,0,340.0,372.0,340.0
2020-06-29,0.0,-3.09,345.0,,68746,0,349.0,349.0,321.0
2020-05-13,0.0,-2.73,356.0,,110,0,359.0,359.0,356.0
2020-05-12,0.0,-2.92,366.0,,160,0,370.0,370.0,366.0
2020-03-22,0.0,-2.33,377.0,,51747,0,384.0,393.0,375.0
2020-03-19,0.0,0.52,386.0,,186484,0,378.0,398.0,366.0
2020-03-18,0.0,-1.03,384.0,,151807,0,394.0,397.0,373.0
2020-03-17,0.0,-4.9,388.0,,235439,0,408.0,409.0,383.0
2020-03-16,0.0,-1.45,408.0,,235808,0,414.0,420.0,400.0
2020-03-15,0.0,-5.26,414.0,,252241,0,430.0,431.0,409.0
2020-03-12,0.0,-2.46,437.0,,213976,0,449.0,455.0,432.0
2020-03-11,0.0,5.91,448.0,,276505,0,430.0,451.0,420.0
2020-03-10,0.0,-8.04,423.0,,154625,0,451.0,454.0,419.0
2020-03-05,0.0,0.0,460.0,,275113,0,453.0,470.0,451.0
2020-03-04,0.0,-3.97,460.0,,297065,0,479.0,481.0,460.0
2020-03-03,0.0,3.46,479.0,,531054,0,463.0,494.0,445.0
2020-03-02,0.0,-7.03,463.0,,184765,0,499.0,501.0,463.0
2020-03-01,0.0,0.0,498.0,,529912,0,498.0,517.0,490.0
2020-02-27,0.0,2.89,498.0,,318594,0,484.0,504.0,466.0
2020-02-26,0.0,1.47,484.0,,148457,0,482.0,495.0,480.0
2020-02-25,0.0,0.63,477.0,,196613,0,471.0,487.0,462.0
2020-02-24,0.0,4.41,474.0,,424714,0,454.0,499.0,465.0
2020-02-23,0.0,9.93,454.0,,284029,0,413.0,454.0,413.0
2020-02-20,0.0,0.98,413.0,,76737,0,409.0,415.0,408.0
2020-02-19,0.0,-0.24,409.0,,61581,0,412.0,417.0,407.0
2020-02-18,0.0,2.76,410.0,,234055,0,403.0,415.0,403.0
2020-02-17,0.0,5.0,399.0,,192370,0,384.0,400.0,384.0
2020-02-16,0.0,0.0,380.0,,46674,0,383.0,383.0,377.0
2020-02-13,0.0,-1.04,380.0,,72585,0,386.0,386.0,380.0
2020-02-12,0.0,1.05,384.0,,113683,0,380.0,388.0,380.0
2020-02-11,0.0,2.15,380.0,,92952,0,376.0,380.0,372.0
2020-02-10,0.0,1.09,372.0,,51686,0,370.0,373.0,369.0
2020-02-09,0.0,0.55,368.0,,63312,0,373.0,373.0,365.0
2020-02-06,0.0,-0.27,366.0,,26157,0,366.0,369.0,365.0
2020-02-05,0.0,0.27,367.0,,29230,0,367.0,368.0,364.0
2020-02-04,0.0,-1.08,366.0,,42203,0,370.0,374.0,366.0
2020-02-03,0.0,0.0,370.0,,79966,0,377.0,377.0,370.0
2020-02-02,0.0,1.09,370.0,,85366,0,366.0,374.0,366.0
2020-01-30,0.0,2.23,366.0,,59668,0,358.0,367.0,354.0
2020-01-29,0.0,-0.56,358.0,,37059,0,360.0,361.0,355.0
2020-01-28,0.0,0.84,360.0,,55136,0,363.0,364.0,358.0
2020-01-27,0.0,2.0,357.0,,55255,0,348.0,360.0,346.0
2020-01-26,0.0,-1.13,351.0,,35689,0,353.0,358.0,351.0
2020-01-23,0.0,-1.93,355.0,,53615,0,361.0,364.0,352.0
2020-01-22,0.0,-1.63,362.0,,49584,0,369.0,369.0,362.0
2020-01-21,0.0,0.0,368.0,,55039,0,369.0,373.0,365.0
2020-01-20,0.0,-2.13,368.0,,101949,0,381.0,383.0,366.0
2020-01-19,0.0,0.27,376.0,,82278,0,368.0,381.0,375.0
2020-01-16,0.0,2.18,375.0,,91468,0,374.0,381.0,373.0
2020-01-15,0.0,2.23,367.0,,87561,0,360.0,372.0,359.0
2020-01-14,0.0,-0.83,359.0,,50061,0,363.0,363.0,354.0
2020-01-13,0.0,0.28,362.0,,116507,0,364.0,371.0,356.0
2020-01-12,0.0,7.76,361.0,,75020,0,337.0,368.0,337.0
2020-01-09,0.0,-0.59,335.0,,28036,0,335.0,340.0,334.0
2020-01-08,0.0,-0.88,337.0,,57283,0,342.0,346.0,335.0
2020-01-07,0.0,1.8,340.0,,79407,0,336.0,341.0,334.0
2020-01-06,0.0,1.52,334.0,,68334,0,332.0,336.0,330.0
2020-01-05,0.0,1.86,329.0,,54331,0,323.0,329.0,322.0
2020-01-02,0.0,0.0,323.0,,27521,0,324.0,324.0,322.0
2020-01-01,0.0,-0.31,323.0,,23763,0,323.0,324.0,322.0
2019-12-31,0.0,0.0,324.0,,32462,0,324.0,324.0,322.0
2019-12-30,0.0,0.31,324.0,,78507,0,321.0,324.0,321.0
2019-12-29,0.0,-0.62,323.0,,17853,0,325.0,325.0,322.0
2019-12-26,0.0,0.31,325.0,,41536,0,329.0,329.0,323.0
2019-12-25,0.0,-0.31,324.0,,30314,0,330.0,330.0,323.0
2019-12-24,0.0,-0.61,325.0,,56332,0,328.0,330.0,325.0
2019-12-23,0.0,0.31,327.0,,98291,0,325.0,327.0,324.0
2019-12-22,0.0,-1.88,326.0,,102132,0,332.0,332.0,322.0
2019-12-19,0.0,0.5,402.0,,307226,0,400.0,402.0,400.0
2019-12-18,0.0,-0.25,400.0,,122451,0,401.0,403.0,399.0
2019-12-17,0.0,0.25,401.0,,86445,0,403.0,403.0,397.0
2019-12-16,0.0,-0.74,400.0,,113564,0,404.0,405.0,400.0
2019-12-15,0.0,2.02,405.0,,104155,0,397.0,407.0,397.0
2019-12-12,0.0,0.51,397.0,,96469,0,397.0,399.0,395.0
2019-12-11,0.0,1.02,395.0,,69169,0,386.0,397.0,385.0
2019-12-10,0.0,0.77,391.0,,99238,0,388.0,392.0,388.0
2019-12-09,0.0,0.0,388.0,,49463,0,388.0,390.0,386.0
2019-12-08,0.0,0.0,388.0,,41612,0,388.0,389.0,385.0
2019-12-05,0.0,0.26,388.0,,57511,0,387.0,388.0,386.0
2019-12-04,0.0,0.52,387.0,,44700,0,386.0,387.0,385.0
2019-12-03,0.0,0.0,385.0,,49590,0,388.0,388.0,384.0
2019-12-02,0.0,0.0,385.0,,50456,0,385.0,385.0,383.0
2019-12-01,0.0,0.52,385.0,,45092,0,385.0,385.0,383.0
2019-11-28,0.0,0.0,383.0,,41618,0,385.0,385.0,383.0
2019-11-27,0.0,0.79,383.0,,72063,0,380.0,384.0,379.0
2019-11-26,0.0,0.26,380.0,,35062,0,379.0,382.0,378.0
2019-11-25,0.0,0.26,379.0,,54533,0,378.0,381.0,375.0
2019-11-24,0.0,-1.05,378.0,,55696,0,385.0,385.0,378.0
2019-11-21,0.0,-1.04,382.0,,112465,0,385.0,386.0,381.0
2019-11-20,0.0,0.52,386.0,,91627,0,385.0,390.0,385.0
2019-11-19,0.0,-0.52,384.0,,83147,0,386.0,387.0,384.0
2019-11-18,0.0,0.26,386.0,,95670,0,386.0,387.0,384.0
2019-11-17,0.0,1.32,385.0,,84288,0,383.0,386.0,381.0
2019-11-14,0.0,0.53,380.0,,113239,0,378.0,381.0,376.0
2019-11-13,0.0,-0.53,378.0,,82679,0,380.0,380.0,376.0
2019-11-12,0.0,-0.78,380.0,,169096,0,388.0,390.0,363.0
2019-11-11,0.0,7.58,383.0,,367157,0,363.0,390.0,363.0
2019-11-10,0.0,2.59,356.0,,162209,0,353.0,360.0,347.0
2019-11-07,0.0,-9.16,347.0,,328151,0,345.0,350.0,333.0
2019-05-16,0.0,-1.29,382.0,,48836,0,385.0,385.0,380.0
2019-05-15,0.0,-0.26,387.0,,81993,0,388.0,392.0,385.0
2019-05-14,0.0,1.84,388.0,,76797,0,381.0,388.0,380.0
2019-05-13,0.0,0.0,381.0,,21419,0,378.0,381.0,378.0
2019-05-12,0.0,0.26,381.0,,22299,0,375.0,382.0,375.0
2019-05-09,0.0,-0.78,380.0,,98484,0,384.0,385.0,376.0
2019-05-08,0.0,-1.03,383.0,,28675,0,383.0,386.0,382.0
2019-05-07,0.0,0.26,387.0,,68794,0,385.0,391.0,385.0
2019-05-06,0.0,2.66,386.0,,81644,0,382.0,386.0,374.0
2019-05-05,0.0,-1.83,376.0,,56175,0,385.0,385.0,375.0
2019-05-02,0.0,-0.78,383.0,,42074,0,381.0,386.0,379.0
2019-04-30,0.0,0.0,386.0,,42185,0,386.0,390.0,380.0
2019-04-29,0.0,-0.77,386.0,,76279,0,383.0,391.0,383.0
2019-04-28,0.0,-1.77,389.0,,135953,0,394.0,398.0,389.0
2019-04-25,0.0,1.54,396.0,,134958,0,390.0,400.0,390.0
2019-04-24,0.0,2.63,390.0,,102457,0,380.0,391.0,380.0
2019-04-23,0.0,-0.52,380.0,,76009,0,383.0,386.0,378.0
2019-04-22,0.0,-1.55,382.0,,92343,0,388.0,389.0,377.0
2019-04-21,0.0,0.78,388.0,,96067,0,385.0,390.0,379.0
2019-04-18,0.0,-1.03,385.0,,93648,0,389.0,390.0,384.0
2019-04-17,0.0,3.18,389.0,,189582,0,377.0,390.0,373.0
2019-04-16,0.0,4.14,377.0,,185038,0,360.0,377.0,360.0
2019-04-15,0.0,1.69,362.0,,45727,0,356.0,362.0,356.0
2019-04-11,0.0,0.28,356.0,,86342,0,355.0,358.0,352.0
2019-04-10,0.0,1.14,355.0,,72189,0,351.0,357.0,347.0
2019-04-09,0.0,-1.68,351.0,,95391,0,364.0,364.0,351.0
2019-04-08,0.0,2.29,357.0,,152538,0,349.0,364.0,346.0
2019-04-07,0.0,3.87,349.0,,96825,0,337.0,352.0,335.0
2019-04-04,0.0,-0.59,336.0,,37453,0,337.0,339.0,334.0
2019-04-03,0.0,0.9,338.0,,63376,0,336.0,340.0,331.0
2019-04-02,0.0,1.21,335.0,,80947,0,333.0,339.0,332.0
2019-04-01,0.0,0.91,331.0,,49552,0,323.0,332.0,323.0
2019-03-31,0.0,0.31,328.0,,16376,0,327.0,330.0,326.0
2019-03-28,0.0,0.62,327.0,,26581,0,324.0,327.0,324.0
2019-03-27,0.0,0.0,325.0,,29980,0,325.0,326.0,323.0
2019-03-26,0.0,0.93,325.0,,29747,0,319.0,327.0,319.0
2019-03-25,0.0,1.26,322.0,,13920,0,321.0,325.0,317.0
2019-03-24,0.0,-0.93,318.0,,24543,0,317.0,324.0,317.0
2019-03-21,0.0,-0.31,321.0,,12394,0,322.0,325.0,321.0
2019-03-19,0.0,-0.92,322.0,,7431,0,325.0,330.0,322.0
2019-03-18,0.0,-0.31,325.0,,29983,0,325.0,329.0,323.0
2019-03-17,0.0,0.31,326.0,,28877,0,325.0,328.0,325.0
2019-03-14,0.0,1.25,325.0,,27872,0,321.0,326.0,319.0
2019-03-13,0.0,-1.23,322.0,,43466,0,328.0,330.0,319.0
2019-03-12,0.0,0.93,325.0,,39142,0,323.0,327.0,320.0
2019-03-11,0.0,1.26,322.0,,30794,0,320.0,322.0,316.0
2019-03-10,0.0,1.59,320.0,,15096,0,317.0,320.0,311.0
2019-03-09,0.0,1.59,320.0,,15096,0,317.0,320.0,311.0
2019-03-07,0.0,2.94,315.0,,18431,0,308.0,315.0,306.0
2019-03-06,0.0,0.0,306.0,,37701,0,306.0,308.0,304.0
2019-03-05,0.0,-0.33,306.0,,25718,0,307.0,307.0,303.0
2019-03-03,0.0,1.32,307.0,,31553,0,302.0,307.0,302.0
2019-02-27,0.0,-0.33,303.0,,33696,0,303.0,307.0,302.0
2019-02-26,0.0,0.66,304.0,,19594,0,302.0,305.0,302.0
2019-02-25,0.0,0.0,302.0,,22112,0,302.0,306.0,300.0
2019-02-24,0.0,0.33,302.0,,23498,0,301.0,307.0,300.0
2019-02-21,0.0,-1.31,301.0,,21119,0,308.0,308.0,301.0
2019-02-20,0.0,-1.29,305.0,,19783,0,310.0,310.0,305.0
2019-02-19,0.0,0.98,309.0,,12380,0,300.0,309.0,305.0
2019-02-18,0.0,-0.97,306.0,,34435,0,309.0,309.0,304.0
2019-02-17,0.0,0.32,309.0,,23812,0,309.0,311.0,306.0
2019-02-14,0.0,-0.96,308.0,,30824,0,310.0,311.0,307.0
2019-02-13,0.0,0.0,311.0,,17557,0,312.0,317.0,309.0
2019-02-12,0.0,0.0,311.0,,15882,0,313.0,313.0,310.0
2019-02-11,0.0,0.32,311.0,,26558,0,308.0,314.0,307.0
2019-02-10,0.0,-0.96,310.0,,22620,0,312.0,314.0,310.0
2019-02-07,0.0,0.32,313.0,,16558,0,312.0,315.0,312.0
2019-02-06,0.0,-0.95,312.0,,20208,0,315.0,317.0,312.0
2019-02-05,0.0,-0.32,315.0,,26733,0,314.0,317.0,312.0
2019-02-04,0.0,0.0,316.0,,19122,0,315.0,318.0,314.0
2019-02-03,0.0,-0.32,316.0,,42639,0,316.0,319.0,315.0
2019-01-31,0.0,0.0,317.0,,9956,0,317.0,318.0,316.0
2019-01-30,0.0,0.32,317.0,,12242,0,316.0,317.0,315.0
2019-01-29,0.0,-0.32,316.0,,12095,0,317.0,318.0,315.0
2019-01-28,0.0,0.32,317.0,,26798,0,316.0,320.0,316.0
2019-01-27,0.0,-0.94,316.0,,32446,0,319.0,323.0,315.0
2019-01-24,0.0,-0.31,319.0,,19202,0,320.0,322.0,317.0
2019-01-23,0.0,0.95,320.0,,14725,0,317.0,320.0,317.0
2019-01-22,0.0,-0.63,317.0,,28442,0,319.0,323.0,317.0
2019-01-21,0.0,-0.62,319.0,,19465,0,321.0,323.0,318.0
2019-01-20,0.0,-0.93,321.0,,3310,0,324.0,324.0,320.0
2019-01-17,0.0,0.31,324.0,,8437,0,323.0,324.0,321.0
2019-01-16,0.0,-0.62,323.0,,15916,0,325.0,328.0,322.0
2019-01-15,0.0,0.0,325.0,,8855,0,325.0,329.0,325.0
2019-01-14,0.0,-0.31,325.0,,16856,0,326.0,326.0,322.0
2019-01-13,0.0,0.31,326.0,,13010,0,325.0,326.0,321.0
2019-01-10,0.0,-0.31,325.0,,19545,0,326.0,328.0,325.0
2019-01-09,0.0,0.0,326.0,,10488,0,326.0,330.0,326.0
2019-01-08,0.0,0.62,326.0,,20069,0,324.0,329.0,324.0
2019-01-07,0.0,1.57,324.0,,15486,0,319.0,325.0,315.0
2019-01-06,0.0,-1.24,319.0,,13603,0,323.0,324.0,318.0
2019-01-03,0.0,0.31,323.0,,19534,0,322.0,325.0,321.0
2019-01-02,0.0,-0.92,322.0,,31098,0,325.0,329.0,320.0
2019-01-01,0.0,-0.91,325.0,,21531,0,328.0,332.0,325.0
2018-12-31,0.0,-2.09,328.0,,43609,0,335.0,335.0,328.0
2018-12-30,0.0,-0.59,335.0,,24462,0,337.0,339.0,333.0
2018-12-27,0.0,-1.75,337.0,,47419,0,343.0,345.0,335.0
2018-12-26,0.0,2.08,343.0,,56139,0,336.0,347.0,335.0
2018-12-25,0.0,-4.5,336.0,,68089,0,351.82,365.0,335.0
2018-12-24,0.0,-1.28,387.0,,255737,0,392.0,398.0,385.0
2018-12-23,0.0,2.89,392.0,,185289,0,381.0,395.0,381.0
2018-12-20,0.0,0.26,381.0,,148662,0,380.0,388.0,379.0
2018-12-19,0.0,0.53,380.0,,93014,0,378.0,383.0,374.0
2018-12-18,0.0,-1.56,378.0,,114723,0,384.0,391.0,375.0
2018-12-17,0.0,2.67,384.0,,81010,0,374.0,384.0,374.0
2018-12-16,0.0,1.08,374.0,,49299,0,370.0,377.0,370.0
2018-12-13,0.0,1.93,370.0,,45063,0,363.0,372.0,363.0
2018-12-12,0.0,0.0,363.0,,42441,0,363.0,365.0,362.0
2018-12-11,0.0,0.0,363.0,,69343,0,363.0,368.0,360.0
2018-12-10,0.0,1.11,363.0,,52419,0,359.0,363.0,359.0
2018-12-09,0.0,0.84,359.0,,41526,0,356.0,359.0,355.0
2018-12-06,0.0,1.42,356.0,,126543,0,351.0,357.0,347.0
2018-12-04,0.0,0.28,359.0,,59267,0,358.0,360.0,357.0
2018-12-03,0.0,0.28,358.0,,39922,0,357.0,362.0,355.0
2018-12-02,0.0,-0.8,357.0,,96983,0,359.88,361.0,355.0
2018-11-29,0.0,0.02,360.0,,74131,0,359.94,363.0,359.0
2018-11-28,0.0,0.56,360.0,,58465,0,358.0,360.0,357.0
2018-11-27,0.0,0.27,358.0,,54285,0,357.03,360.0,357.0
2018-11-26,0.0,0.13,357.0,,63797,0,356.55,358.0,355.0
2018-11-25,0.0,0.0,356.0,,102174,0,356.0,360.0,355.0
2018-11-22,0.0,4.71,356.0,,216276,0,347.0,362.0,347.0
2018-11-21,0.0,0.58,344.0,,52506,0,342.0,344.0,337.0
2018-11-20,0.0,-0.87,341.0,,18053,0,344.0,345.0,341.0
2018-11-19,0.0,0.0,344.0,,8350,0,344.0,345.0,341.0
2018-11-18,0.0,-0.87,343.0,,9826,0,346.0,346.0,342.0
2018-11-15,0.0,-1.15,345.0,,17565,0,349.0,352.0,345.0
2018-11-14,0.0,0.0,349.0,,16276,0,349.0,350.0,347.0
2018-11-05,0.0,1.15,351.0,,17500,0,347.0,353.0,347.0
2018-11-04,0.0,-1.14,347.0,,19436,0,349.0,350.0,344.0
2018-11-01,0.0,-0.57,351.0,,24500,0,353.0,354.0,350.0
2018-10-31,0.0,0.0,353.0,,13920,0,354.0,354.0,351.0
2018-10-30,0.0,1.15,353.0,,23401,0,346.0,353.0,346.0
2018-10-29,0.0,-0.85,348.0,,23255,0,352.0,352.0,347.0
2018-10-28,0.0,-0.85,352.0,,28925,0,355.0,361.0,351.0
2018-10-25,0.0,-1.39,355.0,,21059,0,359.0,363.0,355.0
2018-10-24,0.0,-0.55,360.0,,22081,0,362.0,362.0,359.0
2018-10-23,0.0,0.0,362.0,,16420,0,362.0,363.0,359.0
2018-10-22,0.0,-0.27,362.0,,10989,0,365.0,365.0,361.0
2018-10-21,0.0,0.83,363.0,,28624,0,359.0,366.0,359.0
2018-10-15,0.0,-0.55,360.0,,61656,0,364.0,365.0,359.0
2018-10-14,0.0,1.69,362.0,,68134,0,363.0,364.0,358.0
2018-10-11,0.0,2.3,356.0,,39258,0,348.0,356.0,348.0
2018-10-10,0.0,0.0,348.0,,12623,0,347.0,350.0,347.0
2018-10-09,0.0,-0.57,348.0,,34322,0,350.0,354.0,346.0
2018-10-08,0.0,1.45,350.0,,25561,0,346.0,352.0,346.0
2018-10-07,0.0,-1.43,345.0,,58212,0,347.0,350.0,345.0
2018-10-04,0.0,0.0,350.0,,91385,0,350.0,354.0,345.0
2018-10-03,0.0,-1.96,350.0,,74537,0,355.0,358.0,349.0
2018-10-02,0.0,0.28,357.0,,46909,0,354.0,360.0,353.0
2018-10-01,0.0,-2.2,356.0,,78213,0,361.0,364.0,355.0
2018-09-30,0.0,-1.62,364.0,,72493,0,366.0,371.0,363.0
2018-09-27,0.0,-0.8,370.0,,57983,0,377.0,377.0,369.0
2018-09-26,0.0,-1.06,373.0,,162596,0,377.0,377.0,367.0
2018-09-25,0.0,2.45,377.0,,126915,0,368.0,380.0,368.0
2018-09-23,0.0,1.94,368.0,,107016,0,362.0,372.0,358.0
2018-09-20,0.0,0.84,361.0,,106780,0,360.0,363.0,356.0
2018-09-18,0.0,0.28,358.0,,69287,0,357.0,360.0,355.0
2018-09-17,0.0,-0.83,357.0,,172901,0,365.0,365.0,355.0
2018-09-16,0.0,2.27,360.0,,203588,0,356.0,372.0,352.0
2018-09-13,0.0,4.14,352.0,,172322,0,338.0,359.0,337.0
2018-09-12,0.0,1.2,338.0,,89009,0,335.0,340.0,333.0
2018-09-11,0.0,0.91,334.0,,47395,0,332.0,335.0,331.0
2018-09-10,0.0,-0.9,332.0,,29571,0,335.0,335.0,330.0
2018-09-09,0.0,-0.6,334.0,,62496,0,333.0,339.0,331.0
2018-09-06,0.0,0.9,336.0,,306143,0,338.0,342.0,332.0
2018-09-05,0.0,2.46,333.0,,135629,0,325.0,337.0,325.0
2018-09-04,0.0,0.0,325.0,,78790,0,325.0,331.0,323.0
2018-09-03,0.0,0.31,325.0,,76056,0,328.0,329.0,322.0
2018-09-02,0.0,2.53,324.0,,65508,0,317.0,326.0,315.0
2018-08-30,0.0,1.61,316.0,,31183,0,315.0,316.0,310.0
2018-08-29,0.0,-0.32,311.0,,28137,0,318.0,318.0,308.0
2018-08-28,0.0,1.3,312.0,,46421,0,308.0,312.0,303.0
2018-08-26,0.0,-0.65,308.0,,25943,0,308.0,310.0,306.0
2018-08-23,0.0,-2.52,310.0,,161413,0,312.0,313.0,303.0
2018-08-22,0.0,-1.55,318.0,,16189,0,319.0,319.0,315.0
2018-08-21,0.0,-0.62,323.0,,9433,0,322.0,325.0,322.0
2018-08-20,0.0,-0.91,325.0,,14521,0,332.0,332.0,323.0
2018-08-19,0.0,-1.2,329.0,,11354,0,328.0,331.0,325.0
2018-08-16,0.0,2.79,332.0,,51341,0,329.0,335.0,320.0
2018-08-15,0.0,0.94,323.0,,28492,0,324.0,326.0,318.0
2018-08-14,0.0,2.89,320.0,,12295,0,314.0,320.0,311.0
2018-08-13,0.0,1.3,311.0,,7615,0,305.0,313.0,305.0
2018-08-12,0.0,-1.92,307.0,,8808,0,318.0,318.0,307.0
2018-08-09,0.0,-0.95,313.0,,9044,0,318.0,320.0,311.0
2018-08-08,0.0,0.0,316.0,,15347,0,315.0,319.0,314.0
2018-08-07,0.0,0.32,316.0,,9910,0,315.0,316.0,313.0
2018-08-06,0.0,-0.63,315.0,,6278,0,317.0,317.0,314.0
2018-08-05,0.0,-0.31,317.0,,5941,0,317.0,318.0,316.0
2018-08-02,0.0,0.31,318.0,,7604,0,317.0,328.0,316.0
2018-08-01,0.0,0.27,365.0,,78789,0,367.0,369.0,365.0
2018-07-31,0.0,0.0,364.0,,21554,0,371.0,371.0,364.0
2018-07-30,0.0,0.83,364.0,,29197,0,360.0,368.0,360.0
2018-07-29,0.0,1.98,361.0,,23014,0,360.0,362.0,356.0
2018-07-26,0.0,0.0,354.0,,14723,0,354.0,359.0,354.0
2018-07-25,0.0,-0.28,354.0,,7583,0,357.0,357.0,354.0
2018-07-24,0.0,0.28,355.0,,16560,0,354.0,362.0,353.0
2018-07-23,0.0,0.0,354.0,,8746,0,353.0,357.0,352.0
2018-07-22,0.0,-1.12,354.0,,4968,0,355.0,356.0,353.0
2018-07-19,0.0,0.0,358.0,,7413,0,356.0,360.0,355.0
2018-07-18,0.0,0.85,358.0,,10586,0,355.0,358.0,354.0
2018-07-17,0.0,-0.84,357.0,,11362,0,360.0,360.0,353.0
2018-07-16,0.0,1.99,358.0,,10405,0,353.0,364.0,353.0
2018-07-15,0.0,-0.85,352.0,,8501,0,350.0,354.0,350.0
2018-07-12,0.0,0.0,354.0,,15943,0,360.0,361.0,352.0
2018-07-11,0.0,2.61,347.0,,14091,0,351.0,358.0,351.0
2018-07-10,0.0,0.58,345.0,,3010,0,342.0,349.0,342.0
2018-07-09,0.0,-1.72,343.0,,5778,0,345.0,346.0,341.0
2018-07-08,0.0,-0.85,349.0,,5432,0,355.0,360.0,349.0
2018-07-05,0.0,2.33,352.0,,13376,0,344.0,354.0,341.0
2018-07-04,0.0,1.47,344.0,,6609,0,339.0,344.0,338.0
2018-07-03,0.0,-0.29,339.0,,10252,0,342.0,343.0,338.0
2018-07-02,0.0,0.31,318.0,,7604,0,317.0,328.0,316.0
2018-07-01,0.0,0.27,365.0,,78789,0,367.0,369.0,365.0
2018-06-28,0.0,0.0,346.0,,8967,0,347.0,347.0,344.0
2018-06-27,0.0,0.0,346.0,,3093,0,345.0,347.0,342.0
2018-06-26,0.0,-0.57,346.0,,8852,0,349.0,349.0,342.0
2018-06-25,0.0,-0.29,348.0,,7154,0,349.0,349.0,344.0
2018-06-24,0.0,0.0,349.0,,8269,0,355.0,355.0,349.0
2018-06-21,0.0,-0.57,349.0,,12027,0,358.0,358.0,345.0
2018-06-20,0.0,0.29,351.0,,12642,0,352.0,366.0,351.0
2018-06-19,0.0,-0.28,350.0,,20717,0,357.0,357.0,349.0
2018-06-18,0.0,-1.13,351.0,,31970,0,350.0,353.0,349.0
2018-06-17,0.0,-4.57,355.0,,54367,0,365.0,365.0,355.0
2018-06-14,0.0,1.09,372.0,,28450,0,370.0,382.0,368.0
2018-06-13,0.0,0.27,368.0,,14440,0,365.0,371.0,362.0
2018-06-12,0.0,-1.08,367.0,,5902,0,370.0,371.0,366.0
2018-06-11,0.0,0.27,371.0,,14404,0,369.0,378.0,363.0
2018-06-10,0.0,-2.63,370.0,,28282,0,375.0,375.0,366.0
2018-06-07,0.0,-3.8,380.0,,18666,0,392.0,392.0,380.0
2018-06-06,0.0,0.0,396.0,,5153,0,395.0,410.0,395.0
2018-06-04,0.0,-0.5,395.0,,14887,0,395.0,401.0,395.0
2018-06-03,0.0,-1.98,397.0,,14422,0,397.0,413.0,390.0
2018-05-31,0.0,-2.17,405.0,,13468,0,414.0,415.0,405.0
2018-05-30,0.0,-1.19,414.0,,25450,0,412.0,420.0,411.0
2018-05-29,0.0,-5.63,419.0,,71425,0,436.0,436.0,413.0
2018-05-28,0.0,1.6,444.0,,12893,0,437.0,452.0,430.0
2018-05-27,0.0,-2.89,437.0,,9758,0,445.0,445.0,437.0
2018-05-24,0.0,-1.1,450.0,,7374,0,455.0,453.0,450.0
2018-05-23,0.0,-0.65,455.0,,10050,0,456.0,456.0,453.0
2018-05-22,0.0,-0.43,458.0,,2770,0,455.0,460.0,451.0
2018-05-21,0.0,-1.08,460.0,,4432,0,460.0,461.0,458.0
2018-05-20,0.0,0.0,465.0,,17259,0,471.0,471.0,458.0
2018-05-17,0.0,1.09,465.0,,13794,0,460.0,465.0,458.0
2018-05-16,0.0,-0.22,460.0,,10975,0,464.0,464.0,459.0
2018-05-15,0.0,0.22,461.0,,2935,0,460.0,461.0,460.0
2018-05-14,0.0,-0.65,460.0,,11526,0,460.0,462.0,458.0
2018-05-10,0.0,0.0,463.0,,25579,0,463.0,466.0,462.0
2018-05-09,0.0,-1.28,463.0,,35837,0,469.0,470.0,460.0
2018-05-08,0.0,1.3,469.0,,11667,0,469.0,469.0,462.0
2018-05-07,0.0,-0.64,463.0,,18538,0,465.0,468.0,460.0
2018-05-06,0.0,-0.85,466.0,,4645,0,476.0,476.0,466.0
2018-05-03,0.0,0.21,470.0,,9608,0,477.0,477.0,469.0
2018-05-02,0.0,0.64,469.0,,6375,0,466.0,469.0,452.0
2018-04-29,0.0,-1.48,466.0,,4650,0,475.0,475.0,465.0
2018-04-26,0.0,0.21,473.0,,14450,0,481.0,481.0,466.0
2018-04-25,0.0,-1.46,472.0,,13223,0,475.0,479.0,470.0
2018-04-24,0.0,0.21,479.0,,13367,0,476.0,485.0,474.0
2018-04-23,0.0,-1.65,478.0,,35071,0,495.0,502.0,477.0
2018-04-22,0.0,1.46,486.0,,35631,0,479.0,490.0,476.0
2018-04-19,0.0,4.81,479.0,,31030,0,456.0,480.0,456.0
2018-04-18,0.0,0.22,462.0,,16845,0,453.0,479.0,450.0
2018-04-17,0.0,2.7,456.0,,9962,0,444.0,461.0,445.0
2018-04-16,0.0,0.91,442.0,,5964,0,440.0,446.0,439.0
2018-04-15,0.0,-1.12,440.0,,4663,0,445.0,445.0,434.0
2018-04-12,0.0,2.3,444.0,,13223,0,440.0,445.0,438.0
2018-04-11,0.0,-2.47,435.0,,17387,0,438.0,444.0,431.0
2018-04-10,0.0,-0.45,446.0,,6729,0,440.0,450.0,440.0
2018-04-09,0.0,-1.1,451.0,,6869,0,462.0,462.0,448.0
2018-04-08,0.0,2.72,453.0,,13817,0,441.0,455.0,438.0
2018-04-05,0.0,3.76,441.0,,11937,0,433.0,444.0,426.0
2018-04-04,0.0,2.16,425.0,,5028,0,416.0,426.0,416.0
2018-04-03,0.0,0.73,416.0,,2804,0,410.0,418.0,410.0
2018-04-02,0.0,-0.24,413.0,,3514,0,414.0,420.0,413.0
2018-04-01,0.0,-1.66,414.0,,4613,0,421.0,421.0,410.0
2018-03-29,0.0,0.24,425.0,,7500,0,418.0,430.0,418.0
2018-03-28,0.0,2.44,420.0,,12649,0,410.0,423.0,402.0
2018-03-27,0.0,3.8,410.0,,12758,0,391.0,410.0,384.0
2018-03-26,0.0,-4.13,395.0,,17197,0,406.0,406.0,393.0
2018-03-22,0.0,-1.9,412.0,,18850,0,413.0,420.0,410.0
2018-03-21,0.0,-0.94,419.0,,7025,0,420.0,425.0,416.0
2018-03-20,0.0,-2.08,424.0,,7288,0,433.0,433.0,420.0
2018-03-19,0.0,-0.69,435.0,,5900,0,436.0,439.0,433.0
2018-03-18,0.0,-0.91,436.0,,10435,0,440.0,441.0,433.0
2018-03-15,0.0,0.23,440.0,,3363,0,435.0,441.0,435.0
2018-03-14,0.0,0.0,439.0,,8840,0,438.0,439.0,431.0
2018-03-13,0.0,0.69,439.0,,5894,0,436.0,439.0,431.0
2018-03-12,0.0,0.69,436.0,,7224,0,433.0,438.0,431.0
2018-03-11,0.0,-1.81,433.0,,7761,0,441.0,440.0,432.0
2018-03-07,0.0,2.08,441.0,,14773,0,439.0,441.0,435.0
2018-03-06,0.0,-0.69,432.0,,32814,0,435.0,438.0,420.0
2018-03-04,0.0,-3.3,440.0,,10971,0,450.0,450.0,424.0
2018-02-28,0.0,-1.09,455.0,,14739,0,456.0,459.0,451.0
2018-02-27,0.0,1.55,460.0,,6705,0,453.0,464.0,453.0
2018-02-26,0.0,-1.52,455.0,,7378,0,460.0,463.0,453.0
2018-02-25,0.0,-0.43,460.0,,7549,0,460.0,463.0,458.0
2018-02-22,0.0,-0.65,462.0,,8172,0,470.0,470.0,462.0
2018-02-21,0.0,0.0,465.0,,4777,0,461.0,465.0,460.0
2018-02-20,0.0,-2.11,465.0,,24369,0,483.0,484.0,465.0
2018-02-18,0.0,-1.25,475.0,,17687,0,481.0,490.0,475.0
2018-02-15,0.0,3.22,481.0,,32657,0,474.0,492.0,462.0
2018-02-14,0.0,1.3,466.0,,13269,0,465.0,467.0,459.0
2018-02-12,0.0,-1.71,460.0,,14560,0,469.0,470.0,460.0
2018-02-11,0.0,0.0,468.0,,3093,0,474.0,474.0,466.0
2018-02-08,0.0,1.08,468.0,,2790,0,465.0,470.0,465.0
2018-02-07,0.0,-0.64,463.0,,4212,0,464.0,467.0,462.0
2018-02-06,0.0,-1.69,467.0,,8936,0,470.0,471.0,466.0
2018-02-05,0.0,-0.42,474.0,,23034,0,475.0,480.0,470.0
2018-02-04,0.0,0.85,476.0,,33882,0,474.0,477.0,473.0
2018-02-01,0.0,-0.42,473.0,,19718,0,466.0,479.0,466.0
2018-01-31,0.0,2.16,474.0,,19377,0,470.0,474.0,465.0
2018-01-29,0.0,0.22,464.0,,18395,0,465.0,470.0,461.0
2018-01-28,0.0,3.58,463.0,,28166,0,450.0,465.0,447.0
2018-01-25,0.0,0.0,447.0,,10116,0,441.0,449.0,433.0
2018-01-24,0.0,0.22,444.0,,6249,0,450.0,450.0,444.0
2018-01-23,0.0,-0.89,446.0,,6593,0,449.0,450.0,440.0
2018-01-22,0.0,1.58,450.0,,15413,0,440.0,450.0,440.0
2018-01-21,0.0,-1.56,444.0,,15918,0,451.0,454.0,443.0
2018-01-17,0.0,-0.88,450.0,,4694,0,450.0,453.0,447.0
2018-01-16,0.0,-0.66,454.0,,6698,0,453.0,455.0,451.0
2018-01-14,0.0,-0.65,457.0,,1751,0,456.0,460.0,456.0
2018-01-10,0.0,-0.86,460.0,,3277,0,465.0,465.0,460.0
2018-01-09,0.0,1.31,464.0,,7457,0,458.0,464.0,457.0
2018-01-08,0.0,1.33,458.0,,1992,0,460.0,460.0,452.0
2018-01-07,0.0,-0.88,454.0,,5604,0,447.0,458.0,447.0
2018-01-04,0.0,-0.44,457.0,,2741,0,460.0,460.0,454.0
2018-01-03,0.0,-1.51,458.0,,10244,0,460.0,460.0,455.0
2018-01-02,0.0,0.21,465.0,,10550,0,465.0,472.0,460.0
2018-01-01,0.0,2.43,464.0,,20444,0,457.0,464.0,450.0
2017-12-31,0.0,-1.52,453.0,,12451,0,459.0,459.0,445.0
2017-12-28,0.0,0.88,460.0,,6172,0,460.0,461.0,455.0
2017-12-27,0.0,-1.93,456.0,,4897,0,456.0,465.0,454.0
2017-12-26,0.0,-0.64,465.0,,6883,0,469.0,469.0,460.0
2017-12-24,0.0,-0.21,468.0,,6357,0,470.0,473.0,468.0
2017-12-21,0.0,-0.21,469.0,,3477,0,471.0,472.0,468.0
2017-12-20,0.0,-0.84,470.0,,5311,0,470.0,472.0,468.0
2017-12-19,0.0,1.07,474.0,,3723,0,474.0,475.0,472.0
2017-12-18,0.0,-1.68,469.0,,8158,0,473.0,477.0,468.0
2017-12-17,0.0,-0.62,477.0,,6141,0,478.0,480.0,475.0
2017-12-14,0.0,-0.21,479.0,,2100,0,486.0,486.0,479.0
2017-12-13,0.0,-0.21,480.0,,3566,0,479.0,482.0,476.0
2017-12-12,0.0,-1.64,482.0,,7084,0,490.0,490.0,481.0
2017-12-11,0.0,-0.41,490.0,,3268,0,489.0,490.0,488.0
2017-12-10,0.0,0.0,491.0,,12108,0,491.0,494.0,490.0
2017-12-06,0.0,1.45,491.0,,10114,0,490.0,493.0,488.0
2017-12-05,0.0,-1.22,484.0,,7749,0,487.0,487.0,483.0
2017-12-04,0.0,0.0,490.0,,22202,0,491.0,491.0,486.0
2017-11-30,0.0,0.62,490.0,,7639,0,487.0,490.0,480.0
2017-11-29,0.0,0.41,487.0,,9059,0,490.0,491.0,487.0
2017-11-28,0.0,1.25,485.0,,18281,0,480.0,487.0,479.0
2017-11-27,0.0,-0.21,479.0,,4879,0,489.0,489.0,479.0
2017-11-26,0.0,1.69,480.0,,4437,0,472.0,484.0,472.0
2017-11-23,0.0,1.29,472.0,,4785,0,466.0,475.0,470.0
2017-11-22,0.0,0.0,466.0,,2932,0,467.0,470.0,465.0
2017-11-21,0.0,0.22,467.0,,1744,0,467.0,474.0,466.0
2017-11-20,0.0,-1.06,465.0,,6428,0,466.0,470.0,465.0
2017-11-19,0.0,-2.08,470.0,,12507,0,480.0,480.0,453.0
2017-11-16,0.0,-0.62,478.0,,12019,0,478.0,480.0,472.0
2017-11-15,0.0,0.84,483.0,,6895,0,488.0,490.0,478.0
2017-11-14,0.0,1.05,479.0,,6223,0,476.0,487.0,474.0
2017-11-13,0.0,0.64,475.0,,9283,0,479.0,480.0,473.0
2017-11-12,0.0,0.64,471.0,,7484,0,468.0,471.0,466.0
2017-11-09,0.0,0.86,468.0,,4745,0,463.0,470.0,463.0
2017-11-08,0.0,-1.49,464.0,,8499,0,473.0,473.0,453.0
2017-11-07,0.0,-0.63,471.0,,8477,0,476.0,477.0,470.0
2017-11-06,0.0,0.21,474.0,,7939,0,473.0,480.0,466.0
2017-11-05,0.0,-2.47,473.0,,11638,0,482.0,482.0,470.0
2017-11-02,0.0,1.46,485.0,,7590,0,480.0,490.0,479.0
2017-11-01,0.0,-0.42,478.0,,6165,0,478.0,479.0,475.0
2017-10-31,0.0,-0.83,480.0,,6232,0,478.0,482.0,478.0
2017-10-30,0.0,-0.21,484.0,,3162,0,485.0,488.0,478.0
2017-10-29,0.0,0.0,485.0,,14379,0,484.0,486.0,480.0
2017-10-25,0.0,-0.41,485.0,,2121,0,485.0,487.0,484.0
2017-10-24,0.0,-0.2,487.0,,3723,0,488.0,491.0,483.0
2017-10-23,0.0,-0.81,488.0,,5706,0,492.0,488.0,480.0
2017-10-22,0.0,0.41,492.0,,2355,0,490.0,495.0,490.0
2017-10-18,0.0,1.03,490.0,,4213,0,480.0,495.0,480.0
2017-10-17,0.0,-1.82,488.0,,7491,0,495.0,505.0,485.0
2017-10-16,0.0,3.78,494.0,,4979,0,480.0,494.0,480.0
2017-10-15,0.0,1.28,476.0,,14124,0,470.0,479.0,465.0
2017-10-12,0.0,0.64,470.0,,7330,0,467.0,471.0,463.0
2017-10-11,0.0,-0.64,467.0,,4347,0,474.0,474.0,465.0
2017-10-10,0.0,1.08,470.0,,3155,0,464.0,470.0,460.0
2017-10-09,0.0,-1.06,465.0,,11468,0,475.0,475.0,460.0
2017-10-08,0.0,-2.29,470.0,,4675,0,472.0,472.0,455.0
2017-10-04,0.0,-2.63,481.0,,3611,0,497.0,497.0,481.0
2017-10-03,0.0,0.0,494.0,,169,0,494.0,494.0,494.0
2017-09-26,0.0,1.23,494.0,,3008,0,494.0,494.0,482.0
2017-09-25,0.0,1.67,488.0,,3199,0,483.0,488.0,475.0
2017-09-24,0.0,-0.41,480.0,,1390,0,480.0,483.0,480.0
2017-09-20,0.0,-1.03,483.0,,5776,0,485.0,487.0,475.0
2017-09-18,0.0,1.46,487.0,,3075,0,484.0,487.0,478.0
2017-09-17,0.0,0.63,480.0,,8061,0,485.0,486.0,475.0
2017-09-14,0.0,2.8,477.0,,5839,0,464.0,477.0,464.0
2017-09-13,0.0,-1.69,464.0,,8205,0,472.0,472.0,450.0
2017-09-12,0.0,0.42,472.0,,9233,0,470.0,477.0,467.0
2017-09-11,0.0,0.0,470.0,,5991,0,461.0,483.0,461.0
2017-09-10,0.0,-3.09,470.0,,16947,0,478.0,480.0,470.0
2017-09-07,0.0,-0.61,487.0,,7211,0,490.0,492.0,484.0
2017-09-06,0.0,2.09,488.0,,10724,0,485.0,491.0,483.0
2017-09-04,0.0,-4.4,478.0,,15259,0,500.0,500.0,478.0
2017-08-31,0.0,-1.19,500.0,,11312,0,506.0,508.0,498.0
2017-08-30,0.0,-2.13,506.0,,10529,0,510.0,513.0,505.0
2017-08-28,0.0,-1.15,517.0,,7136,0,523.0,524.0,514.0
2017-08-27,0.0,0.19,523.0,,5300,0,522.0,540.0,523.0
2017-08-24,0.0,0.19,522.0,,5456,0,521.0,522.0,511.0
2017-08-23,0.0,-0.95,511.0,,4859,0,526.0,528.0,516.0
2017-08-22,0.0,0.57,526.0,,4098,0,523.0,535.0,514.0
2017-08-21,0.0,-0.38,523.0,,3251,0,520.0,528.0,520.0
2017-08-20,0.0,-1.13,525.0,,5409,0,531.0,531.0,523.0
2017-08-17,0.0,0.0,531.0,,5915,0,530.0,534.0,529.0
2017-08-16,0.0,-0.38,531.0,,6203,0,543.0,543.0,526.0
2017-08-15,0.0,-0.93,533.0,,5525,0,541.0,541.0,532.0
2017-08-13,0.0,-1.1,538.0,,14171,0,542.0,542.0,534.0
2017-08-10,0.0,-0.73,544.0,,9234,0,546.0,548.0,540.0
2017-08-09,0.0,-0.72,548.0,,5811,0,548.0,553.0,546.0
2017-08-07,0.0,0.0,552.0,,9131,0,560.0,560.0,551.0
2017-08-06,0.0,-0.72,552.0,,8858,0,551.0,557.0,550.0
2017-08-03,0.0,0.18,556.0,,9984,0,555.0,557.0,553.0
2017-08-02,0.0,0.18,555.0,,3839,0,554.0,557.0,550.0
2017-08-01,0.0,0.0,554.0,,6343,0,555.0,559.0,552.0
2017-07-31,0.0,0.36,550.0,,15503,0,550.0,565.0,550.0
2017-07-30,0.0,-0.18,552.0,,6616,0,546.0,560.0,545.0
2017-07-27,0.0,2.22,553.0,,19026,0,544.0,559.0,544.0
2017-07-26,0.0,-0.37,541.0,,17041,0,540.0,544.0,538.0
2017-07-25,0.0,-1.27,543.0,,10604,0,550.0,555.0,543.0
2017-07-24,0.0,-0.36,544.0,,19509,0,547.0,552.0,537.0
2017-07-23,0.0,-1.25,552.0,,13420,0,560.0,566.0,546.0
2017-07-20,0.0,-1.06,559.0,,6683,0,560.0,564.0,556.0
2017-07-19,0.0,-2.25,565.0,,18836,0,580.0,580.0,565.0
2017-07-18,0.0,4.9,578.0,,12104,0,562.0,578.0,558.0
2017-07-17,0.0,1.1,551.0,,8427,0,540.0,553.0,540.0
2017-07-16,0.0,0.0,545.0,,6607,0,544.0,545.0,540.0
2017-07-13,0.0,-0.91,545.0,,11036,0,551.0,555.0,540.0
2017-07-12,0.0,-0.36,550.0,,5741,0,550.0,552.0,546.0
2017-07-11,0.0,2.99,552.0,,10846,0,540.0,554.0,540.0
2017-07-10,0.0,-3.42,536.0,,8157,0,560.0,560.0,526.0
2017-07-09,0.0,2.21,555.0,,14587,0,543.0,564.0,528.0
2017-07-06,0.0,2.07,543.0,,15255,0,542.0,549.0,538.0
2017-07-05,0.0,1.14,532.0,,6232,0,527.0,532.0,520.0
2017-07-04,0.0,-0.94,526.0,,5806,0,531.0,532.0,526.0
2017-07-03,0.0,0.19,531.0,,9042,0,534.0,537.0,530.0
2017-07-02,0.0,-1.85,530.0,,8005,0,540.0,540.0,530.0
2017-06-28,0.0,-0.74,540.0,,6559,0,549.0,549.0,538.0
2017-06-27,0.0,-0.55,545.0,,9724,0,547.0,547.0,540.0
2017-06-25,0.0,0.74,547.0,,5224,0,543.0,550.0,543.0
2017-06-22,0.0,0.0,543.0,,9977,0,541.0,545.0,541.0
2017-06-21,0.0,-0.37,543.0,,8777,0,535.0,546.0,530.0
2017-06-20,0.0,0.37,545.0,,6017,0,540.0,550.0,540.0
2017-06-19,0.0,-1.45,543.0,,13637,0,549.0,549.0,543.0
2017-06-18,0.0,-2.13,551.0,,7603,0,563.0,565.0,551.0
2017-06-15,0.0,-0.35,563.0,,10662,0,556.0,574.0,554.0
2017-06-14,0.0,-0.53,565.0,,8700,0,560.0,569.0,560.0
2017-06-13,0.0,0.35,568.0,,5572,0,562.0,572.0,562.0
2017-06-12,0.0,-0.18,566.0,,14492,0,556.0,571.0,556.0
2017-06-11,0.0,-1.56,567.0,,36850,0,580.0,587.0,565.0
2017-06-08,0.0,-1.2,576.0,,6317,0,573.0,582.0,573.0
2017-06-07,0.0,-1.85,583.0,,18015,0,605.0,608.0,583.0
2017-06-06,0.0,6.45,594.0,,34088,0,569.0,595.0,565.0
2017-06-05,0.0,0.72,558.0,,9387,0,563.0,563.0,552.0
2017-06-04,0.0,-0.72,555.0,,12660,0,560.0,560.0,550.0
2017-06-01,0.0,-0.36,558.0,,20334,0,565.0,566.0,558.0
2017-05-31,0.0,-0.88,560.0,,29005,0,565.0,569.0,550.0
2017-05-30,0.0,-1.91,565.0,,7093,0,585.0,585.0,565.0
2017-05-28,0.0,-1.54,576.0,,8354,0,580.0,585.0,572.0
2017-05-24,0.0,-0.85,585.0,,10297,0,590.0,590.0,575.0
2017-05-23,0.0,0.0,590.0,,3791,0,596.0,600.0,579.0
2017-05-22,0.0,2.43,590.0,,7271,0,575.0,590.0,570.0
2017-05-21,0.0,-2.37,576.0,,6693,0,591.0,591.0,576.0
2017-05-18,0.0,-0.84,590.0,,31431,0,595.0,596.0,580.0
2017-05-17,0.0,-1.65,596.0,,7893,0,605.0,606.0,595.0
2017-05-16,0.0,0.17,605.0,,4410,0,610.0,610.0,600.0
2017-05-15,0.0,0.0,604.0,,10839,0,612.0,623.0,603.0
2017-05-11,0.0,-0.49,604.0,,18997,0,605.0,610.0,600.0
2017-05-09,0.0,0.0,607.0,,6175,0,607.0,616.0,604.0
2017-05-08,0.0,1.34,607.0,,7535,0,600.0,612.0,600.0
2017-05-07,0.0,-2.76,599.0,,12595,0,609.0,609.0,594.0
2017-05-04,0.0,-0.81,615.0,,14031,0,625.0,629.0,610.0
2017-05-03,0.0,0.0,620.0,,17563,0,630.0,632.0,610.0
2017-05-02,0.0,2.14,620.0,,24704,0,601.0,620.0,600.0
2017-04-30,0.0,0.0,607.0,,16513,0,595.0,615.0,594.0
2017-04-27,0.0,-2.1,608.0,,13313,0,610.0,631.0,604.0
2017-04-26,0.0,-1.12,620.0,,14642,0,627.0,630.0,620.0
2017-04-25,0.0,-1.42,627.0,,17996,0,630.0,641.0,625.0
2017-04-24,0.0,-1.7,636.0,,18589,0,637.0,648.0,630.0
2017-04-23,0.0,3.51,649.0,,55322,0,639.0,655.0,630.0
2017-04-20,0.0,-0.63,627.0,,27136,0,635.0,640.0,622.0
2017-04-19,0.0,4.3,631.0,,23771,0,605.0,631.0,610.0
2017-04-18,0.0,-2.42,605.0,,27003,0,610.0,625.0,593.0
2017-04-16,0.0,-3.58,620.0,,21841,0,648.0,648.0,610.0
2017-04-13,0.0,-1.08,644.0,,14226,0,637.0,659.0,637.0
2017-04-12,0.0,-1.52,650.0,,23128,0,658.0,670.0,645.0
2017-04-11,0.0,-1.05,660.0,,41284,0,673.0,678.0,651.0
2017-04-10,0.0,7.58,667.0,,50634,0,632.0,669.0,620.0
2017-04-09,0.0,4.73,620.0,,26423,0,603.0,625.0,602.0
2017-04-06,0.0,-0.34,592.0,,17687,0,594.0,605.0,590.0
2017-04-04,0.0,-0.34,594.0,,31520,0,596.0,620.0,589.0
2017-04-03,0.0,-3.87,599.0,,24220,0,632.0,669.0,596.0
2017-04-02,0.0,9.15,620.0,,17493,0,575.0,620.0,575.0
2017-03-30,0.0,-1.73,568.0,,17496,0,578.0,578.0,560.0
2017-03-29,0.0,0.35,578.0,,32073,0,576.0,602.0,568.0
2017-03-28,0.0,6.86,576.0,,23850,0,539.0,582.0,547.0
2017-03-26,0.0,5.48,539.0,,23518,0,511.0,551.0,510.0
2017-03-23,0.0,1.19,511.0,,9340,0,505.0,518.0,500.0
2017-03-22,0.0,2.85,505.0,,29378,0,500.0,527.0,490.0
2017-03-21,0.0,3.8,491.0,,15047,0,480.0,495.0,471.0
2017-03-20,0.0,2.16,473.0,,18743,0,463.0,490.0,463.0
2017-03-19,0.0,1.09,463.0,,16399,0,458.0,468.0,460.0
2017-03-16,0.0,-0.43,458.0,,4035,0,460.0,464.0,457.0
2017-03-15,0.0,1.1,460.0,,5816,0,451.0,463.0,451.0
2017-03-14,0.0,-0.22,455.0,,7299,0,457.0,461.0,451.0
2017-03-13,0.0,-1.08,456.0,,4313,0,461.0,470.0,455.0
2017-03-09,0.0,0.88,461.0,,4004,0,460.0,468.0,457.0
2017-03-07,0.0,-0.87,457.0,,14584,0,460.0,460.0,450.0
2017-03-06,0.0,-2.12,461.0,,6729,0,474.0,475.0,461.0
2017-03-05,0.0,3.74,471.0,,5575,0,456.0,471.0,455.0
2017-03-02,0.0,0.0,454.0,,5332,0,455.0,469.0,448.0
2017-03-01,0.0,2.02,453.0,,6724,0,443.0,455.0,443.0
2017-02-28,0.0,-1.11,445.0,,17909,0,442.0,445.0,430.0
2017-02-26,0.0,-3.85,450.0,,5816,0,460.0,460.0,450.0
2017-02-23,0.0,-0.85,468.0,,2331,0,475.0,475.0,465.0
2017-02-22,0.0,-0.42,472.0,,3579,0,480.0,480.0,460.0
2017-02-21,0.0,-0.21,474.0,,14411,0,484.0,492.0,461.0
2017-02-20,0.0,-1.86,475.0,,11144,0,493.0,507.0,473.0
2017-02-19,0.0,1.26,485.0,,11530,0,470.0,490.0,465.0
2017-02-16,0.0,3.67,480.0,,20415,0,472.0,484.0,461.0
2017-02-15,0.0,2.89,463.0,,16433,0,445.0,469.0,442.0
2017-02-14,0.0,0.9,450.0,,8912,0,450.0,455.0,432.0
2017-02-13,0.0,2.53,446.0,,15659,0,428.0,454.0,413.0
2017-02-12,0.0,-2.68,435.0,,18631,0,441.0,452.0,427.0
2017-02-09,0.0,-2.83,447.0,,25538,0,462.0,462.0,445.0
2017-02-08,0.0,-1.08,460.0,,7900,0,468.0,470.0,455.0
2017-02-07,0.0,-0.43,465.0,,2049,0,463.0,466.0,454.0
2017-02-06,0.0,-1.68,467.0,,9297,0,476.0,476.0,467.0
2017-02-05,0.0,-1.66,475.0,,4034,0,483.0,483.0,466.0
2017-02-02,0.0,0.0,482.0,,8359,0,492.0,492.0,470.0
2017-02-01,0.0,5.46,483.0,,16513,0,466.0,484.0,455.0
2017-01-31,0.0,2.23,458.0,,14269,0,456.0,465.0,428.0
2017-01-30,0.0,-2.61,448.0,,12136,0,460.0,460.0,440.0
2017-01-26,0.0,-2.54,460.0,,15765,0,465.0,484.0,450.0
2017-01-25,0.0,-3.08,472.0,,9778,0,496.0,496.0,470.0
2017-01-24,0.0,-2.6,487.0,,13207,0,500.0,500.0,487.0
2017-01-23,0.0,-1.38,500.0,,3278,0,500.0,502.0,498.0
2017-01-22,0.0,1.4,507.0,,4273,0,500.0,510.0,500.0
2017-01-19,0.0,-0.99,500.0,,8493,0,505.0,510.0,500.0
2017-01-18,0.0,-1.75,505.0,,7043,0,505.0,509.0,500.0
2017-01-17,0.0,1.98,514.0,,3211,0,495.0,515.0,493.0
2017-01-16,0.0,-0.79,504.0,,1013,0,507.0,510.0,503.0
2017-01-15,0.0,-0.39,508.0,,3205,0,510.0,510.0,500.0
2017-01-12,0.0,-0.2,510.0,,9711,0,508.0,512.0,505.0
2017-01-11,0.0,0.59,511.0,,5515,0,513.0,517.0,506.0
2017-01-10,0.0,0.99,508.0,,3048,0,500.0,509.0,500.0
2017-01-09,0.0,0.8,503.0,,9804,0,500.0,505.0,496.0
2017-01-08,0.0,-0.2,499.0,,7878,0,500.0,500.0,495.0
2017-01-05,0.0,0.0,500.0,,10683,0,500.0,510.0,499.0
2017-01-04,0.0,-0.6,500.0,,10629,0,500.0,504.0,486.0
2017-01-03,0.0,-3.27,503.0,,4863,0,515.0,515.0,503.0
2017-01-02,0.0,1.36,520.0,,3921,0,513.0,524.0,505.0
2017-01-01,0.0,2.81,513.0,,6252,0,501.0,516.0,501.0
2016-12-29,0.0,2.04,499.0,,8932,0,498.0,504.0,488.0
2016-12-28,0.0,1.66,489.0,,6545,0,481.0,490.0,475.0
2016-12-27,0.0,-0.82,481.0,,10556,0,492.0,492.0,474.0
2016-12-26,0.0,-3.58,485.0,,7798,0,500.0,500.0,485.0
2016-12-22,0.0,-3.45,503.0,,11464,0,521.0,511.0,500.0
2016-12-21,0.0,-3.12,620.0,,40645,0,640.0,642.0,613.0
2016-12-20,0.0,-1.54,640.0,,11858,0,650.0,650.0,638.0
2016-12-19,0.0,-1.52,650.0,,11383,0,655.0,656.0,649.0
2016-12-18,0.0,-1.64,660.0,,7297,0,665.0,665.0,651.0
2016-12-15,0.0,2.13,671.0,,7659,0,657.0,673.0,657.0
2016-12-14,0.0,2.66,657.0,,12540,0,645.0,664.0,641.0
2016-12-12,0.0,-1.23,640.0,,23867,0,638.0,650.0,636.0
2016-12-11,0.0,-1.82,648.0,,8199,0,660.0,665.0,648.0
2016-12-08,0.0,-0.75,660.0,,5826,0,660.0,665.0,660.0
2016-12-07,0.0,1.53,665.0,,4768,0,660.0,668.0,660.0
2016-12-06,0.0,-0.15,655.0,,13852,0,655.0,678.0,649.0
2016-12-05,0.0,-3.24,656.0,,6260,0,678.0,680.0,652.0
2016-12-04,0.0,-2.73,678.0,,18143,0,700.0,700.0,675.0
2016-12-01,0.0,-0.43,697.0,,26630,0,700.0,715.0,680.0
2016-11-30,0.0,5.26,700.0,,44119,0,678.0,714.0,667.0
2016-11-29,0.0,1.84,665.0,,19614,0,666.0,666.0,605.0
2016-11-28,0.0,4.48,653.0,,27312,0,625.0,667.0,580.0
2016-11-27,0.0,-3.1,625.0,,27085,0,636.0,645.0,613.0
2016-11-24,0.0,1.57,645.0,,33917,0,647.0,672.0,630.0
2016-11-23,0.0,-1.55,635.0,,17338,0,641.0,645.0,620.0
2016-11-22,0.0,-4.44,645.0,,30745,0,662.0,668.0,625.0
2016-11-21,0.0,0.9,675.0,,30478,0,660.0,679.0,619.0
2016-11-20,0.0,-2.19,669.0,,25857,0,680.0,690.0,647.0
2016-11-17,0.0,-2.29,684.0,,25873,0,690.0,695.0,675.0
2016-11-16,0.0,-0.99,700.0,,27167,0,708.0,708.0,691.0
2016-11-15,0.0,1.14,707.0,,29778,0,699.0,710.0,699.0
2016-11-14,0.0,1.75,699.0,,36940,0,690.0,711.0,690.0
2016-11-13,0.0,1.18,688.0,,27774,0,675.0,691.0,675.0
2016-11-10,0.0,-0.59,679.0,,28813,0,683.0,696.0,670.0
2016-11-09,0.0,-2.15,683.0,,19153,0,695.0,703.0,670.0
2016-11-08,0.0,-1.27,698.0,,16574,0,700.0,707.0,690.0
2016-11-07,0.0,0.43,707.0,,16526,0,710.0,719.0,704.0
2016-11-03,0.0,-1.95,704.0,,6334,0,715.0,730.0,704.0
2016-10-27,0.0,0.14,718.0,,10563,0,720.0,724.0,714.0
2016-10-26,0.0,-1.37,717.0,,26810,0,732.0,735.0,700.0
2016-10-25,0.0,-6.07,727.0,,38957,0,761.0,761.0,722.0
2016-10-24,0.0,-2.4,774.0,,39888,0,779.0,785.0,764.0
2016-10-23,0.0,-0.87,793.0,,14378,0,807.0,807.0,793.0
2016-10-20,0.0,-0.5,800.0,,24274,0,803.0,810.0,793.0
2016-10-19,0.0,0.0,804.0,,18981,0,800.0,806.0,800.0
2016-10-18,0.0,-1.23,804.0,,9737,0,810.0,810.0,803.0
2016-10-17,0.0,0.12,814.0,,13733,0,811.0,814.0,800.0
2016-10-16,0.0,-0.25,813.0,,4316,0,816.0,824.0,807.0
2016-10-06,0.0,0.0,815.0,,16350,0,820.0,825.0,812.0
2016-10-05,0.0,-0.61,815.0,,15902,0,820.0,825.0,813.0
2016-10-04,0.0,0.37,820.0,,22434,0,815.0,823.0,811.0
2016-10-03,0.0,0.86,817.0,,18176,0,820.0,822.0,813.0
2016-10-02,0.0,-1.22,810.0,,21143,0,830.0,830.0,800.0
2016-09-29,0.0,2.24,820.0,,35999,0,807.0,830.0,795.0
2016-09-28,0.0,-2.79,802.0,,18873,0,827.0,827.0,801.0
2016-09-27,0.0,0.98,825.0,,18441,0,825.0,840.0,820.0
2016-09-26,0.0,0.86,817.0,,25579,0,811.0,825.0,808.0
2016-09-25,0.0,-1.52,842.0,,27002,0,855.0,870.0,838.0
2016-09-22,0.0,-1.52,842.0,,27002,0,855.0,870.0,838.0
2016-09-21,0.0,-1.27,855.0,,29639,0,852.0,863.0,839.0
2016-09-20,0.0,0.0,866.0,,48920,0,883.0,895.0,855.0
2016-09-18,0.0,-1.03,866.0,,44523,0,878.0,888.0,860.0
2016-09-14,0.0,-0.91,875.0,,41950,0,890.0,890.0,870.0
2016-09-12,0.0,-0.9,883.0,,22653,0,882.0,885.0,878.0
2016-09-11,0.0,0.0,891.0,,20836,0,894.0,909.0,881.0
2016-09-08,0.0,-1.0,891.0,,25664,0,900.0,910.0,891.0
2016-09-07,0.0,-1.85,900.0,,45047,0,903.0,920.0,882.0
2016-09-06,0.0,-1.08,917.0,,75501,0,936.0,936.0,900.0
2016-09-05,0.0,0.87,927.0,,82839,0,925.0,940.0,920.0
2016-09-04,0.0,3.37,919.0,,84273,0,906.0,922.0,900.0
2016-09-01,0.0,-0.34,889.0,,61054,0,890.0,907.0,885.0
2016-08-31,0.0,-0.11,892.0,,73032,0,899.0,899.0,882.0
2016-08-30,0.0,-0.78,893.0,,64649,0,918.0,918.0,873.0
2016-08-29,0.0,7.78,900.0,,93824,0,836.0,903.0,835.0
2016-08-28,0.0,3.09,835.0,,41915,0,816.0,840.0,790.0
2016-08-24,0.0,2.53,810.0,,14909,0,791.0,810.0,790.0
2016-08-23,0.0,0.0,790.0,,24827,0,782.0,805.0,775.0
2016-08-22,0.0,-3.07,790.0,,33657,0,801.0,805.0,783.0
2016-08-21,0.0,-1.21,815.0,,17065,0,830.0,830.0,803.0
2016-08-17,0.0,-0.6,825.0,,28741,0,831.0,834.0,821.0
2016-08-16,0.0,1.97,830.0,,38558,0,810.0,841.0,794.0
2016-08-15,0.0,-1.93,814.0,,39982,0,819.0,836.0,787.0
2016-08-14,0.0,-2.92,830.0,,41864,0,855.0,855.0,826.0
2016-08-11,0.0,0.23,855.0,,44946,0,865.0,870.0,851.0
2016-08-10,0.0,3.26,854.0,,70407,0,843.0,893.0,820.0
2016-08-09,0.0,9.97,827.0,,10651,0,767.0,827.0,767.0
2016-08-08,0.0,-8.63,752.0,,47205,0,823.0,820.0,752.0
2016-08-07,0.0,-0.36,823.0,,81581,0,826.0,860.0,820.0
2016-08-04,0.0,-3.28,826.0,,57187,0,854.0,854.0,822.0
2016-08-03,0.0,-0.58,854.0,,46959,0,859.0,869.0,835.0
2016-08-02,0.0,-0.81,859.0,,37834,0,866.0,870.0,851.0
2016-08-01,0.0,-1.48,866.0,,32348,0,879.0,888.0,860.0
2016-07-31,0.0,-1.24,879.0,,53303,0,890.0,907.0,873.0
2016-07-28,0.0,0.45,890.0,,90622,0,886.0,902.0,870.0
2016-07-27,0.0,-0.45,886.0,,51996,0,890.0,912.0,880.0
2016-07-26,0.0,4.09,890.0,,82065,0,855.0,900.0,850.0
2016-07-25,0.0,5.56,855.0,,76807,0,810.0,860.0,810.0
2016-07-21,0.0,-1.46,810.0,,19256,0,822.0,823.0,810.0
2016-07-20,0.0,-1.91,822.0,,37917,0,840.0,850.0,815.0
2016-07-19,0.0,2.07,838.0,,29176,0,825.0,851.0,812.0
2016-07-18,0.0,1.61,821.0,,27427,0,808.0,845.0,813.0
2016-07-17,0.0,2.54,808.0,,43879,0,788.0,815.0,775.0
2016-07-14,0.0,1.16,788.0,,49393,0,785.0,794.0,776.0
2016-07-13,0.0,-0.13,779.0,,17631,0,780.0,780.0,755.0
2016-07-12,0.0,-1.89,780.0,,35722,0,795.0,795.0,755.0
2016-07-11,0.0,-0.25,795.0,,11683,0,797.0,798.0,790.0
2016-07-10,0.0,-0.5,797.0,,26070,0,801.0,810.0,797.0
2016-07-06,0.0,1.14,801.0,,33550,0,799.0,807.0,795.0
2016-07-05,0.0,0.25,792.0,,28581,0,795.0,795.0,776.0
2016-07-04,0.0,-1.25,790.0,,21718,0,800.0,800.0,789.0
2016-07-03,0.0,-0.74,800.0,,26050,0,806.0,810.0,784.0
2016-06-30,0.0,-1.23,806.0,,26632,0,816.0,811.0,797.0
2016-06-29,0.0,-0.49,816.0,,50009,0,820.0,833.0,810.0
2016-06-28,0.0,3.02,820.0,,110316,0,796.0,821.0,795.0
2016-06-27,0.0,3.38,796.0,,73738,0,770.0,814.0,776.0
2016-06-26,0.0,4.19,770.0,,65408,0,739.0,770.0,745.0
2016-06-23,0.0,-0.14,739.0,,54489,0,740.0,753.0,735.0
2016-06-22,0.0,1.51,740.0,,73412,0,729.0,757.0,728.0
2016-06-21,0.0,2.53,729.0,,33780,0,711.0,729.0,709.0
2016-06-20,0.0,0.42,711.0,,27121,0,708.0,717.0,705.0
2016-06-19,0.0,-0.98,708.0,,33023,0,715.0,734.0,700.0
2016-06-16,0.0,-1.38,715.0,,31855,0,725.0,735.0,715.0
2016-06-15,0.0,0.83,725.0,,33720,0,720.0,731.0,712.0
2016-06-14,0.0,-0.83,719.0,,52700,0,727.0,735.0,719.0
2016-06-13,0.0,3.28,725.0,,70252,0,702.0,738.0,700.0
2016-06-12,0.0,2.48,702.0,,54711,0,685.0,708.0,686.0
2016-06-09,0.0,-0.72,685.0,,30965,0,690.0,690.0,670.0
2016-06-08,0.0,2.22,690.0,,32414,0,675.0,690.0,677.0
2016-06-07,0.0,3.53,675.0,,34887,0,655.0,677.0,655.0
2016-06-06,0.0,2.68,652.0,,33184,0,635.0,672.0,640.0
2016-06-05,0.0,-3.79,635.0,,33947,0,660.0,659.0,632.0
2016-06-02,0.0,-0.75,660.0,,20452,0,665.0,670.0,645.0
2016-06-01,0.0,0.0,665.0,,25590,0,665.0,670.0,651.0
2016-05-31,0.0,0.0,665.0,,28353,0,665.0,680.0,652.0
2016-05-30,0.0,-1.19,665.0,,26227,0,673.0,681.0,661.0
2016-05-29,0.0,-1.75,673.0,,39873,0,685.0,695.0,652.0
2016-05-26,0.0,-1.72,685.0,,60687,0,697.0,701.0,671.0
2016-05-25,0.0,-3.06,697.0,,83949,0,719.0,718.0,680.0
2016-05-24,0.0,3.16,719.0,,69458,0,697.0,719.0,700.0
2016-05-23,0.0,1.75,697.0,,44347,0,685.0,710.0,680.0
2016-05-22,0.0,0.0,685.0,,20791,0,685.0,694.0,675.0
2016-05-19,0.0,1.48,685.0,,38380,0,675.0,690.0,680.0
2016-05-18,0.0,1.2,675.0,,67235,0,667.0,683.0,670.0
2016-05-17,0.0,0.76,667.0,,29614,0,660.0,670.0,660.0
2016-05-16,0.0,-0.45,662.0,,22127,0,665.0,667.0,660.0
2016-05-15,0.0,-0.75,665.0,,35057,0,670.0,675.0,652.0
2016-05-12,0.0,-0.6,666.0,,13789,0,671.0,673.0,665.0
2016-05-11,0.0,-1.47,670.0,,24820,0,680.0,685.0,665.0
2016-05-10,0.0,-1.02,680.0,,28403,0,687.0,696.0,667.0
2016-05-09,0.0,3.15,687.0,,35896,0,664.0,690.0,664.0
2016-05-08,0.0,1.37,666.0,,25676,0,657.0,669.0,657.0
2016-05-05,0.0,-0.3,657.0,,36073,0,659.0,659.0,640.0
2016-05-04,0.0,-0.9,659.0,,26420,0,665.0,665.0,648.0
2016-05-03,0.0,1.53,665.0,,61892,0,655.0,667.0,660.0
2016-05-02,0.0,-0.3,655.0,,20876,0,657.0,665.0,650.0
2016-04-28,0.0,-1.05,657.0,,26453,0,664.0,663.0,653.0
2016-04-27,0.0,2.15,664.0,,53125,0,650.0,670.0,637.0
2016-04-26,0.0,1.56,650.0,,71208,0,640.0,670.0,640.0
2016-04-25,0.0,0.63,640.0,,61555,0,636.0,642.0,635.0
2016-04-24,0.0,0.63,636.0,,23174,0,632.0,640.0,630.0
2016-04-21,0.0,-0.47,632.0,,15560,0,635.0,637.0,623.0
2016-04-20,0.0,0.0,635.0,,27534,0,635.0,645.0,635.0
2016-04-19,0.0,-0.31,635.0,,13803,0,637.0,652.0,633.0
2016-04-18,0.0,2.41,637.0,,29379,0,622.0,638.0,620.0
2016-04-17,0.0,1.3,622.0,,32426,0,620.0,623.0,611.0
2016-04-14,0.0,0.82,614.0,,20590,0,609.0,614.0,600.0
2016-04-12,0.0,0.66,609.0,,28522,0,605.0,609.0,600.0
2016-04-11,0.0,1.17,605.0,,37663,0,598.0,605.0,600.0
2016-04-10,0.0,0.0,598.0,,38460,0,598.0,602.0,595.0
2016-04-06,0.0,0.0,598.0,,14651,0,598.0,600.0,593.0
2016-04-05,0.0,1.53,598.0,,8614,0,588.0,598.0,588.0
2016-04-04,0.0,0.68,589.0,,16707,0,585.0,590.0,582.0
2016-04-03,0.0,-0.85,585.0,,29949,0,590.0,600.0,572.0
2016-03-31,0.0,-1.01,590.0,,33572,0,596.0,595.0,586.0
2016-03-30,0.0,-1.32,596.0,,32854,0,604.0,605.0,595.0
2016-03-29,0.0,0.5,604.0,,46013,0,590.0,607.0,590.0
2016-03-28,0.0,-0.99,601.0,,44659,0,607.0,609.0,597.0
2016-03-27,0.0,1.85,607.0,,60865,0,596.0,610.0,591.0
2016-03-24,0.0,1.53,596.0,,74822,0,587.0,603.0,590.0
2016-03-23,0.0,1.91,587.0,,59664,0,579.0,599.0,579.0
2016-03-21,0.0,2.67,576.0,,72490,0,571.0,599.0,570.0
2016-03-20,0.0,2.37,561.0,,52346,0,555.0,565.0,553.0
2016-03-17,0.0,1.11,548.0,,28729,0,542.0,554.0,532.0
2016-03-16,0.0,0.0,542.0,,22337,0,545.0,545.0,536.0
2016-03-15,0.0,0.37,542.0,,29401,0,535.0,543.0,535.0
2016-03-14,0.0,0.0,540.0,,18217,0,542.0,545.0,537.0
2016-03-13,0.0,1.5,540.0,,24873,0,542.0,543.0,530.0
2016-03-10,0.0,-0.37,532.0,,28465,0,536.0,540.0,531.0
2016-03-06,0.0,-0.56,534.0,,19864,0,535.0,541.0,533.0
2016-03-03,0.0,0.37,537.0,,15854,0,540.0,545.0,535.0
2016-03-02,0.0,-0.74,535.0,,25417,0,539.0,548.0,529.0
2016-03-01,0.0,0.37,539.0,,15831,0,537.0,539.0,534.0
2016-02-29,0.0,0.56,537.0,,16809,0,534.0,537.0,530.0
2016-02-28,0.0,-0.74,534.0,,28693,0,538.0,543.0,528.0
2016-02-25,0.0,-0.18,538.0,,55984,0,531.0,542.0,530.0
2016-02-24,0.0,-0.74,539.0,,42215,0,543.0,549.0,536.0
2016-02-23,0.0,-0.73,543.0,,41233,0,547.0,551.0,538.0
2016-02-22,0.0,1.86,547.0,,54898,0,536.0,547.0,531.0
2016-02-21,0.0,-0.74,537.0,,34695,0,543.0,547.0,532.0
2016-02-18,0.0,0.74,541.0,,34207,0,537.0,555.0,537.0
2016-02-17,0.0,3.27,537.0,,71382,0,520.0,550.0,518.0
2016-02-16,0.0,1.96,520.0,,46071,0,510.0,527.0,512.0
2016-02-15,0.0,-0.2,510.0,,40191,0,510.0,514.0,500.0
2016-02-14,0.0,1.39,511.0,,48114,0,504.0,516.0,498.0
2016-02-11,0.0,3.92,504.0,,56076,0,485.0,505.0,485.0
2016-02-08,0.0,1.04,485.0,,15360,0,480.0,494.0,480.0
2016-02-07,0.0,-0.41,480.0,,22897,0,482.0,500.0,480.0
2016-02-04,0.0,-1.03,482.0,,21254,0,490.0,490.0,479.0
2016-02-03,0.0,0.41,487.0,,7675,0,485.0,488.0,477.0
2016-02-02,0.0,1.68,485.0,,21542,0,484.0,491.0,475.0
2016-02-01,0.0,5.07,477.0,,22370,0,454.0,477.0,463.0
2016-01-31,0.0,0.67,454.0,,18267,0,450.0,454.0,449.0
2016-01-28,0.0,-1.96,451.0,,12607,0,463.0,463.0,450.0
2016-01-27,0.0,-1.29,460.0,,14989,0,466.0,470.0,455.0
2016-01-26,0.0,0.87,466.0,,11103,0,462.0,475.0,466.0
2016-01-25,0.0,2.89,499.0,,59476,0,490.0,503.0,490.0
2016-01-24,0.0,2.75,485.0,,40765,0,472.0,490.0,467.0
2016-01-21,0.0,0.21,472.0,,14019,0,471.0,475.0,470.0
2016-01-20,0.0,0.0,471.0,,8650,0,475.0,475.0,467.0
2016-01-19,0.0,0.64,472.0,,28309,0,474.0,476.0,452.0
2016-01-18,0.0,0.65,468.0,,9627,0,474.0,490.0,458.0
2016-01-17,0.0,2.17,470.0,,11856,0,469.0,478.0,466.0
2016-01-14,0.0,3.37,460.0,,24660,0,450.0,466.0,449.0
2016-01-13,0.0,1.37,445.0,,12678,0,439.0,452.0,436.0
2016-01-12,0.0,1.62,439.0,,16525,0,428.0,439.0,428.0
2016-01-11,0.0,-1.37,432.0,,10454,0,435.0,439.0,432.0
2016-01-10,0.0,0.69,438.0,,7792,0,435.0,440.0,431.0
2016-01-07,0.0,3.33,435.0,,6039,0,421.0,439.0,421.0
2016-01-06,0.0,0.0,421.0,,3648,0,420.0,424.0,420.0
2016-01-05,0.0,0.0,421.0,,16049,0,420.0,425.0,417.0
2016-01-04,0.0,1.2,421.0,,2559,0,416.0,424.0,416.0
2016-01-03,0.0,-2.8,416.0,,8946,0,424.0,425.0,416.0
2015-12-31,0.0,2.15,428.0,,6454,0,427.0,435.0,421.0
2015-12-29,0.0,0.48,419.0,,9050,0,417.0,420.0,415.0
2015-12-28,0.0,0.24,417.0,,14456,0,416.0,421.0,414.0
2015-12-25,0.0,0.97,416.0,,750,0,412.0,416.0,412.0
2015-12-24,0.0,-0.72,412.0,,1867,0,410.0,417.0,410.0
2015-12-23,0.0,-1.19,415.0,,2521,0,420.0,419.0,415.0
2015-12-22,0.0,0.0,420.0,,7202,0,417.0,421.0,415.0
2015-12-21,0.0,2.44,420.0,,3745,0,410.0,420.0,411.0
2015-12-20,0.0,0.0,410.0,,251,0,410.0,410.0,405.0
2015-12-17,0.0,-0.97,410.0,,1090,0,410.0,410.0,409.0
2015-12-16,0.0,0.98,414.0,,3628,0,408.0,414.0,408.0
2015-12-15,0.0,-0.73,410.0,,4184,0,413.0,415.0,410.0
2015-12-14,0.0,-0.96,415.0,,1803,0,417.0,425.0,413.0
2015-12-13,0.0,-0.71,417.0,,6805,0,422.0,424.0,417.0
2015-12-10,0.0,-1.87,420.0,,3303,0,422.0,422.0,416.0
2015-12-09,0.0,3.13,428.0,,16533,0,420.0,428.0,417.0
2015-12-08,0.0,-0.48,415.0,,2264,0,411.0,415.0,408.0
2015-12-07,0.0,0.24,417.0,,5957,0,422.0,422.0,413.0
2015-12-04,0.0,1.96,416.0,,8447,0,416.0,432.0,415.0
2015-12-03,0.0,0.74,408.0,,44604,0,405.0,420.0,402.0
2015-12-02,0.0,0.0,405.0,,12111,0,402.0,412.0,393.0
2015-12-01,0.0,2.27,405.0,,5401,0,396.0,408.0,400.0
2015-11-30,0.0,-4.58,396.0,,16884,0,421.0,422.0,389.0
2015-11-29,0.0,-2.35,415.0,,8963,0,417.0,417.0,404.0
2015-11-26,0.0,-2.75,425.0,,3370,0,429.0,430.0,415.0
2015-11-25,0.0,-1.58,437.0,,2902,0,440.0,440.0,437.0
2015-11-24,0.0,-3.48,444.0,,28692,0,452.0,453.0,440.0
2015-11-23,0.0,1.1,460.0,,4257,0,450.0,460.0,441.0
2015-11-22,0.0,-3.8,455.0,,3936,0,466.0,466.0,455.0
2015-11-19,0.0,-1.25,473.0,,9782,0,475.0,476.0,470.0
2015-11-18,0.0,0.63,479.0,,21302,0,482.0,488.0,479.0
2015-11-16,0.0,-6.11,476.0,,26871,0,517.0,557.0,470.0
2014-09-29,0.0,0.8,507.0,,16580,0,503.0,507.0,495.0
2014-09-28,0.0,0.6,503.0,,13131,0,500.0,515.0,500.0
2014-09-24,0.0,5.26,500.0,,45026,0,475.0,502.0,482.0
2014-09-23,0.0,2.81,475.0,,15280,0,462.0,491.0,463.0
2014-09-22,0.0,1.54,462.0,,3337,0,455.0,462.0,450.0
2014-09-21,0.0,-2.78,455.0,,3586,0,468.0,465.0,445.0
2014-09-17,0.0,0.0,490.0,,7319,0,490.0,510.0,475.0
2014-09-16,0.0,0.2,490.0,,14629,0,489.0,499.0,460.0
2014-09-15,0.0,7.95,489.0,,5918,0,453.0,489.0,459.0
2014-09-14,0.0,-2.79,453.0,,4792,0,466.0,467.0,453.0
2014-09-11,0.0,-0.43,466.0,,6897,0,468.0,483.0,441.0
2014-09-10,0.0,-4.1,468.0,,9582,0,488.0,505.0,460.0
2014-09-09,0.0,9.91,488.0,,8043,0,444.0,488.0,452.0
2014-09-07,0.0,-4.52,444.0,,5711,0,465.0,463.0,436.0
2014-09-04,0.0,-0.85,465.0,,7189,0,469.0,469.0,458.0
2014-09-03,0.0,-1.26,469.0,,2113,0,475.0,472.0,466.0
2014-09-01,0.0,-0.42,475.0,,4378,0,477.0,475.0,461.0
2014-08-31,0.0,-1.45,477.0,,4671,0,484.0,484.0,468.0
2014-08-28,0.0,-0.41,484.0,,11393,0,486.0,500.0,481.0
2014-08-27,0.0,6.81,486.0,,15575,0,455.0,499.0,464.0
2014-08-26,0.0,-3.19,455.0,,6166,0,470.0,499.0,452.0
2014-08-25,0.0,-3.89,470.0,,2228,0,489.0,480.0,463.0
2014-08-24,0.0,-2.4,489.0,,6789,0,501.0,503.0,480.0
2014-08-21,0.0,1.42,501.0,,11669,0,494.0,505.0,476.0
2014-08-20,0.0,-2.18,494.0,,9735,0,505.0,505.0,490.0
2014-08-19,0.0,0.0,505.0,,8247,0,505.0,520.0,502.0
2014-08-18,0.0,-2.51,505.0,,3523,0,518.0,518.0,505.0
2014-08-14,0.0,0.0,518.0,,9429,0,518.0,524.0,514.0
2014-08-13,0.0,1.57,518.0,,16912,0,510.0,527.0,500.0
2014-08-12,0.0,-1.35,510.0,,4982,0,517.0,512.0,505.0
2014-08-07,0.0,-0.77,517.0,,13084,0,521.0,522.0,500.0
2014-08-06,0.0,-1.88,521.0,,6437,0,531.0,539.0,516.0
2014-08-05,0.0,5.15,531.0,,13020,0,505.0,538.0,515.0
2014-08-04,0.0,-2.7,505.0,,8492,0,519.0,520.0,505.0
2014-08-03,0.0,-0.95,519.0,,7373,0,524.0,534.0,515.0
2014-07-31,0.0,0.77,524.0,,12933,0,520.0,536.0,510.0
2014-07-30,0.0,-3.7,520.0,,7023,0,540.0,540.0,520.0
2014-07-28,0.0,-0.92,540.0,,3428,0,545.0,554.0,535.0
2014-07-27,0.0,1.49,545.0,,14216,0,537.0,555.0,540.0
2014-07-24,0.0,1.7,537.0,,13364,0,528.0,548.0,529.0
2014-07-23,0.0,1.54,528.0,,18221,0,520.0,540.0,527.0
2014-07-22,0.0,-4.06,520.0,,9621,0,542.0,540.0,515.0
2014-07-21,0.0,1.5,542.0,,20865,0,534.0,547.0,535.0
2014-07-20,0.0,1.71,534.0,,18470,0,525.0,545.0,525.0
2014-07-17,0.0,1.94,525.0,,16536,0,515.0,530.0,505.0
2014-07-16,0.0,-0.39,515.0,,11446,0,517.0,527.0,512.0
2014-07-15,0.0,-1.71,517.0,,3848,0,526.0,526.0,516.0
2014-07-14,0.0,-4.36,526.0,,11825,0,550.0,540.0,510.0
2014-07-13,0.0,3.77,550.0,,9388,0,530.0,560.0,520.0
2014-07-10,0.0,2.51,530.0,,8641,0,517.0,540.0,500.0
2014-07-09,0.0,-0.96,517.0,,12053,0,522.0,518.0,508.0
2014-07-08,0.0,4.4,522.0,,18557,0,500.0,524.0,500.0
2014-07-07,0.0,1.83,500.0,,14913,0,491.0,505.0,494.0
2014-07-06,0.0,0.0,491.0,,5279,0,491.0,493.0,489.0
2014-07-03,0.0,2.72,491.0,,14430,0,478.0,498.0,475.0
2014-07-02,0.0,-3.43,478.0,,11572,0,495.0,493.0,478.0
2014-07-01,0.0,0.2,495.0,,7540,0,494.0,500.0,490.0
2014-06-30,0.0,-1.2,494.0,,4331,0,500.0,495.0,490.0
2014-06-29,0.0,3.73,500.0,,12118,0,482.0,503.0,478.0
2014-06-26,0.0,-0.21,482.0,,13393,0,483.0,489.0,475.0
2014-06-25,0.0,-0.41,483.0,,12097,0,485.0,492.0,480.0
2014-06-24,0.0,1.04,485.0,,11804,0,480.0,489.0,476.0
2014-06-23,0.0,-1.23,480.0,,4611,0,486.0,490.0,478.0
2014-06-19,0.0,-1.02,486.0,,6653,0,491.0,497.0,482.0
2014-06-18,0.0,-1.01,491.0,,10192,0,496.0,504.0,491.0
2014-06-17,0.0,-0.4,496.0,,19310,0,498.0,505.0,485.0
2014-06-16,0.0,0.61,498.0,,18878,0,495.0,504.0,491.0
2014-06-15,0.0,4.43,495.0,,20062,0,474.0,510.0,479.0
2014-06-12,0.0,0.85,474.0,,17451,0,470.0,480.0,470.0
2014-06-11,0.0,2.17,470.0,,27520,0,460.0,490.0,463.0
2014-06-10,0.0,2.0,460.0,,23576,0,451.0,480.0,456.0
2014-06-09,0.0,1.35,451.0,,16815,0,445.0,454.0,445.0
2014-06-08,0.0,0.45,445.0,,9505,0,443.0,453.0,445.0
2014-06-05,0.0,-1.12,443.0,,13789,0,448.0,445.0,439.0
2014-06-04,0.0,0.45,448.0,,8647,0,446.0,452.0,445.0
2014-06-03,0.0,-0.45,446.0,,14944,0,448.0,460.0,445.0
2014-06-02,0.0,3.23,448.0,,20582,0,434.0,448.0,435.0
2014-06-01,0.0,1.88,434.0,,12090,0,426.0,436.0,424.0
2014-05-28,0.0,0.24,426.0,,20770,0,425.0,430.0,422.0
2014-05-27,0.0,0.0,425.0,,7844,0,425.0,425.0,420.0
2014-05-26,0.0,-1.16,425.0,,7207,0,430.0,429.0,422.0
2014-05-25,0.0,0.0,430.0,,17997,0,430.0,437.0,425.0
2014-05-22,0.0,1.9,430.0,,5600,0,422.0,430.0,424.0
2014-05-21,0.0,0.96,422.0,,16411,0,418.0,426.0,415.0
2014-05-20,0.0,0.72,418.0,,15969,0,415.0,420.0,412.0
2014-05-19,0.0,0.48,415.0,,21264,0,413.0,417.0,411.0
2014-05-18,0.0,0.24,413.0,,6940,0,412.0,414.0,408.0
2014-05-15,0.0,-0.24,412.0,,8050,0,413.0,417.0,406.0
2014-05-13,0.0,0.73,413.0,,7105,0,410.0,416.0,408.0
2014-05-12,0.0,0.74,410.0,,17220,0,407.0,415.0,399.0
2014-05-11,0.0,-3.1,407.0,,7899,0,420.0,420.0,400.0
2014-05-08,0.0,-1.41,420.0,,5603,0,426.0,427.0,414.0
2014-05-07,0.0,-0.23,426.0,,31221,0,427.0,435.0,425.0
2014-05-06,0.0,2.64,427.0,,29813,0,416.0,435.0,408.0
2014-05-05,0.0,8.33,416.0,,8410,0,384.0,416.0,385.0
2014-05-04,0.0,0.79,384.0,,8910,0,381.0,394.0,380.0
2014-04-30,0.0,-0.78,381.0,,6985,0,384.0,385.0,377.0
2014-04-29,0.0,0.26,384.0,,3377,0,383.0,387.0,380.0
2014-04-28,0.0,-2.79,383.0,,4110,0,394.0,398.0,383.0
2014-04-27,0.0,1.03,394.0,,8331,0,390.0,397.0,390.0
2014-04-23,0.0,0.78,390.0,,5727,0,387.0,396.0,386.0
2014-04-22,0.0,1.31,387.0,,4739,0,382.0,389.0,376.0
2014-04-21,0.0,-0.78,382.0,,2309,0,385.0,385.0,378.0
2014-04-20,0.0,0.0,385.0,,2930,0,385.0,385.0,376.0
2014-04-17,0.0,-1.28,385.0,,1189,0,390.0,387.0,383.0
2014-04-16,0.0,-1.27,390.0,,3280,0,395.0,395.0,387.0
2014-04-15,0.0,-0.5,395.0,,4083,0,397.0,401.0,395.0
2014-04-13,0.0,2.32,397.0,,9058,0,388.0,400.0,388.0
2014-04-10,0.0,0.78,388.0,,2769,0,385.0,392.0,386.0
2014-04-09,0.0,2.12,385.0,,2247,0,377.0,385.0,377.0
2014-04-07,0.0,1.62,377.0,,1461,0,371.0,377.0,370.0
2014-04-06,0.0,-3.89,371.0,,3178,0,386.0,385.0,371.0
2014-04-03,0.0,1.31,386.0,,5062,0,381.0,399.0,382.0
2014-04-02,0.0,-3.54,381.0,,2859,0,395.0,399.0,381.0
2014-04-01,0.0,2.6,395.0,,5403,0,385.0,396.0,389.0
2014-03-31,0.0,1.32,385.0,,4878,0,380.0,385.0,377.0
2014-03-27,0.0,0.53,380.0,,4881,0,378.0,382.0,375.0
2014-03-26,0.0,0.53,378.0,,1499,0,376.0,378.0,372.0
2014-03-25,0.0,-0.79,376.0,,3332,0,379.0,376.0,370.0
2014-03-24,0.0,0.8,379.0,,7968,0,376.0,380.0,375.0
2014-03-23,0.0,-0.79,376.0,,3129,0,379.0,380.0,374.0
2014-03-20,0.0,2.16,379.0,,5339,0,371.0,379.0,365.0
2014-03-19,0.0,1.92,371.0,,7089,0,364.0,383.0,370.0
2014-03-18,0.0,-1.62,364.0,,4409,0,370.0,370.0,353.0
2014-03-17,0.0,-5.13,370.0,,1819,0,390.0,390.0,370.0
2014-03-13,0.0,2.9,390.0,,3487,0,379.0,393.0,380.0
2014-03-12,0.0,-2.32,379.0,,6362,0,388.0,395.0,373.0
2014-03-11,0.0,0.26,388.0,,6946,0,387.0,394.0,383.0
2014-03-10,0.0,-0.77,387.0,,97794,0,390.0,393.0,385.0
2014-03-09,0.0,-2.5,390.0,,7805,0,400.0,400.0,390.0
2014-03-06,0.0,-2.44,400.0,,5739,0,410.0,412.0,400.0
2014-03-05,0.0,2.5,410.0,,6133,0,400.0,415.0,395.0
2014-03-04,0.0,-1.23,400.0,,9326,0,405.0,400.0,391.0
2014-03-03,0.0,-4.03,405.0,,9653,0,422.0,421.0,405.0
2014-02-26,0.0,-0.94,422.0,,14612,0,426.0,435.0,414.0
2014-02-25,0.0,1.43,426.0,,20573,0,420.0,427.0,415.0
2014-02-24,0.0,1.45,420.0,,47094,0,414.0,426.0,406.0
2014-02-23,0.0,2.48,414.0,,99421,0,404.0,418.0,400.0
2014-02-20,0.0,1.51,404.0,,4351,0,398.0,405.0,400.0
2014-02-18,0.0,-0.5,398.0,,5013,0,400.0,401.0,396.0
2014-02-17,0.0,0.25,400.0,,1853,0,399.0,400.0,387.0
2014-02-16,0.0,-1.48,399.0,,2866,0,405.0,405.0,391.0
2014-02-13,0.0,1.0,405.0,,4200,0,401.0,406.0,400.0
2014-02-12,0.0,0.25,401.0,,14712,0,400.0,405.0,396.0
2014-02-11,0.0,-1.96,400.0,,9858,0,408.0,408.0,400.0
2014-02-10,0.0,3.29,408.0,,23803,0,395.0,420.0,402.0
2014-02-09,0.0,-1.25,395.0,,5217,0,400.0,400.0,392.0
2014-02-06,0.0,0.25,400.0,,5959,0,399.0,404.0,395.0
2014-02-05,0.0,0.76,399.0,,7782,0,396.0,401.0,390.0
2014-02-04,0.0,3.39,396.0,,8903,0,383.0,402.0,380.0
2014-02-03,0.0,-3.28,383.0,,2270,0,396.0,395.0,383.0
2014-02-02,0.0,-2.22,396.0,,5756,0,405.0,405.0,393.0
2014-01-29,0.0,0.5,405.0,,2909,0,403.0,405.0,400.0
2014-01-28,0.0,2.54,403.0,,10034,0,393.0,410.0,393.0
2014-01-27,0.0,-2.0,393.0,,8510,0,401.0,400.0,390.0
2014-01-26,0.0,-1.23,401.0,,20675,0,406.0,408.0,400.0
2014-01-23,0.0,-0.49,406.0,,3626,0,408.0,412.0,406.0
2014-01-22,0.0,-0.49,408.0,,6104,0,410.0,410.0,403.0
2014-01-21,0.0,0.74,410.0,,4578,0,407.0,430.0,408.0
2014-01-20,0.0,-1.21,407.0,,5788,0,412.0,415.0,405.0
2014-01-19,0.0,-1.9,412.0,,3208,0,420.0,415.0,408.0
2014-01-16,0.0,0.0,420.0,,6222,0,420.0,442.0,412.0
2014-01-14,0.0,2.44,420.0,,13752,0,410.0,425.0,404.0
2014-01-13,0.0,0.0,410.0,,5931,0,410.0,418.0,410.0
2014-01-12,0.0,1.99,410.0,,3948,0,402.0,410.0,400.0
2014-01-09,0.0,0.0,402.0,,1663,0,402.0,402.0,398.0
2014-01-08,0.0,2.03,402.0,,6090,0,394.0,411.0,393.0
2014-01-07,0.0,1.03,394.0,,4680,0,390.0,396.0,386.0
2014-01-06,0.0,-1.02,390.0,,2269,0,394.0,390.0,385.0
2014-01-05,0.0,-0.25,394.0,,4326,0,395.0,394.0,388.0
2014-01-02,0.0,4.5,395.0,,1657,0,378.0,399.0,361.0
2014-01-01,0.0,-4.3,378.0,,3818,0,395.0,388.0,372.0
2013-12-31,0.0,-0.75,395.0,,3159,0,398.0,402.0,395.0
2013-12-29,0.0,-1.73,398.0,,6106,0,405.0,405.0,395.0
2013-12-26,0.0,2.53,405.0,,13158,0,395.0,423.0,402.0
2013-12-24,0.0,1.8,395.0,,12318,0,388.0,410.0,381.0
2013-12-23,0.0,-9.77,388.0,,2363,0,430.0,424.0,387.0
2013-12-22,0.0,-6.52,430.0,,4651,0,460.0,455.0,422.0
2013-12-19,0.0,-3.16,460.0,,6038,0,475.0,466.0,448.0
2013-12-18,0.0,9.95,475.0,,27711,0,432.0,475.0,440.0
2013-12-16,0.0,8.82,432.0,,4553,0,397.0,432.0,398.0
2013-12-15,0.0,6.43,397.0,,8969,0,373.0,400.0,373.0
2013-12-12,0.0,5.07,373.0,,4505,0,355.0,385.0,360.0
2013-12-11,0.0,5.97,355.0,,7487,0,335.0,360.0,341.0
2013-12-10,0.0,-1.18,335.0,,4929,0,339.0,341.0,334.0
2013-12-09,0.0,-1.74,339.0,,4423,0,345.0,351.0,339.0
2013-12-08,0.0,-4.17,345.0,,3811,0,360.0,360.0,340.0
2013-12-05,0.0,3.45,360.0,,58150,0,348.0,372.0,342.0
2013-12-04,0.0,9.78,348.0,,115112,0,317.0,348.0,315.0
2013-12-03,0.0,7.46,317.0,,4604,0,295.0,317.0,295.0
2013-12-02,0.0,0.34,295.0,,5420,0,294.0,300.0,290.0
2013-12-01,0.0,-2.97,294.0,,2637,0,303.0,300.0,294.0
2013-11-28,0.0,-0.66,303.0,,50599,0,305.0,310.0,298.0
2013-11-27,0.0,0.33,305.0,,15650,0,304.0,305.0,298.0
2013-11-26,0.0,2.01,304.0,,31218,0,298.0,310.0,297.0
2013-11-25,0.0,0.34,298.0,,75881,0,297.0,307.0,285.0
2013-11-24,0.0,10.0,297.0,,64132,0,270.0,297.0,275.0
2013-11-21,0.0,3.85,270.0,,10240,0,260.0,270.0,260.0
2013-11-14,0.0,-1.52,260.0,,24212,0,264.0,267.0,258.0
2013-11-13,0.0,-1.49,264.0,,11824,0,268.0,276.0,264.0
2013-11-12,0.0,1.52,268.0,,7733,0,264.0,277.0,264.0
2013-11-11,0.0,3.12,264.0,,7542,0,256.0,264.0,258.0
2013-11-10,0.0,0.79,256.0,,2565,0,254.0,259.0,253.0
2013-11-07,0.0,-0.39,254.0,,2362,0,255.0,254.0,250.0
2013-11-06,0.0,2.0,255.0,,427,0,250.0,255.0,253.0
2013-10-31,0.0,-1.19,250.0,,2191,0,253.0,252.0,250.0
2013-10-30,0.0,1.61,253.0,,1125,0,249.0,254.0,253.0
2013-10-29,0.0,0.81,249.0,,3232,0,247.0,251.0,247.0
2013-10-28,0.0,-1.2,247.0,,543,0,250.0,250.0,247.0
2013-10-27,0.0,-1.19,250.0,,2131,0,253.0,251.0,249.0
2013-10-24,0.0,-0.78,253.0,,4242,0,255.0,253.0,250.0
2013-10-23,0.0,0.0,255.0,,2486,0,255.0,255.0,250.0
2013-10-22,0.0,-3.41,255.0,,579,0,264.0,260.0,255.0
2013-10-21,0.0,1.15,264.0,,5057,0,261.0,270.0,261.0
2013-10-20,0.0,0.38,261.0,,6968,0,260.0,263.0,260.0
2013-10-10,0.0,1.96,260.0,,3241,0,255.0,260.0,254.0
2013-10-09,0.0,2.82,255.0,,1392,0,248.0,255.0,247.0
2013-10-08,0.0,0.4,248.0,,2473,0,247.0,252.0,245.0
2013-10-07,0.0,2.92,247.0,,1640,0,240.0,250.0,244.0
2013-10-06,0.0,-1.23,240.0,,2800,0,243.0,241.0,237.0
2013-10-03,0.0,0.83,243.0,,695,0,241.0,243.0,241.0
2013-10-02,0.0,-1.23,241.0,,671,0,244.0,244.0,241.0
2013-10-01,0.0,-0.41,244.0,,11001,0,245.0,244.0,235.0
2013-09-30,0.0,-0.81,245.0,,14534,0,247.0,247.0,236.0
2013-09-29,0.0,1.65,247.0,,56969,0,243.0,247.0,235.0
2013-09-26,0.0,0.41,243.0,,233,0,242.0,243.0,243.0
2013-09-25,0.0,-0.41,242.0,,14358,0,243.0,243.0,237.0
2013-09-24,0.0,1.25,243.0,,758,0,240.0,243.0,240.0
2013-09-23,0.0,-0.83,240.0,,1037,0,242.0,242.0,240.0
2013-09-22,0.0,-0.41,242.0,,1804,0,243.0,243.0,240.0
2013-09-19,0.0,-2.02,243.0,,795,0,248.0,245.0,243.0
2013-09-17,0.0,2.9,248.0,,1612,0,241.0,248.0,240.0
2013-09-16,0.0,-1.23,241.0,,1118,0,244.0,244.0,240.0
2013-09-15,0.0,-0.41,244.0,,2496,0,245.0,246.0,239.0
2013-09-12,0.0,0.41,245.0,,844,0,244.0,245.0,244.0
2013-09-11,0.0,0.0,244.0,,3468,0,244.0,247.0,240.0
2013-09-10,0.0,0.0,244.0,,1591,0,244.0,245.0,244.0
2013-09-09,0.0,2.09,244.0,,6195,0,239.0,244.0,237.0
2013-09-08,0.0,-1.24,239.0,,20639,0,242.0,244.0,235.0
2013-09-05,0.0,0.41,242.0,,37264,0,241.0,243.0,235.0
2013-09-04,0.0,-0.82,241.0,,18092,0,243.0,241.0,235.0
2013-09-03,0.0,-0.82,243.0,,9537,0,245.0,245.0,239.0
2013-09-02,0.0,-0.41,245.0,,11536,0,246.0,248.0,240.0
2013-09-01,0.0,-0.81,246.0,,3632,0,248.0,250.0,245.0
2013-08-29,0.0,-0.8,248.0,,5195,0,250.0,251.0,246.0
2013-08-27,0.0,1.21,250.0,,5267,0,247.0,252.0,246.0
2013-08-26,0.0,-2.76,247.0,,3132,0,254.0,253.0,247.0
2013-08-25,0.0,-1.55,254.0,,929,0,258.0,256.0,254.0
2013-08-20,0.0,0.78,258.0,,6881,0,256.0,260.0,255.0
2013-08-19,0.0,2.4,256.0,,2328,0,250.0,256.0,251.0
2013-08-18,0.0,0.81,250.0,,3589,0,248.0,252.0,248.0
2013-08-15,0.0,0.4,248.0,,486,0,247.0,248.0,246.0
2013-08-14,0.0,-0.4,247.0,,6514,0,248.0,250.0,243.0
2013-08-13,0.0,-0.8,248.0,,2064,0,250.0,250.0,248.0
2013-08-12,0.0,-1.19,250.0,,1594,0,253.0,251.0,249.0
2013-08-11,0.0,1.2,253.0,,2384,0,250.0,260.0,253.0
2013-08-08,0.0,-2.34,250.0,,3317,0,256.0,256.0,250.0
2013-08-07,0.0,-1.54,256.0,,6545,0,260.0,268.0,256.0
2013-08-06,0.0,-0.38,260.0,,3233,0,261.0,262.0,253.0
2013-08-05,0.0,-2.61,261.0,,2271,0,268.0,266.0,260.0
2013-08-04,0.0,2.29,268.0,,2695,0,262.0,274.0,263.0
2013-08-01,0.0,-1.13,262.0,,4688,0,265.0,266.0,262.0
2013-07-31,0.0,0.0,265.0,,1990,0,265.0,272.0,265.0
2013-07-30,0.0,0.38,265.0,,7464,0,264.0,269.0,262.0
2013-07-29,0.0,0.0,264.0,,5994,0,264.0,266.0,262.0
2013-07-28,0.0,-0.38,264.0,,5278,0,265.0,269.0,261.0
2013-07-25,0.0,-1.12,265.0,,191,0,268.0,265.0,265.0
2013-07-24,0.0,-1.83,268.0,,209,0,273.0,270.0,268.0
2013-07-23,0.0,1.11,273.0,,3392,0,270.0,275.0,268.0
2013-07-22,0.0,-1.82,270.0,,5532,0,275.0,280.0,265.0
2013-07-21,0.0,4.17,275.0,,9298,0,264.0,279.0,265.0
2013-07-18,0.0,1.15,264.0,,6046,0,261.0,264.0,257.0
2013-07-17,0.0,3.57,261.0,,732,0,252.0,261.0,253.0
2013-07-16,0.0,0.0,252.0,,560,0,252.0,252.0,248.0
2013-07-15,0.0,-1.18,252.0,,1362,0,255.0,255.0,250.0
2013-07-14,0.0,0.39,255.0,,606,0,254.0,258.0,255.0
2013-07-11,0.0,-0.39,254.0,,841,0,255.0,254.0,251.0
2013-07-10,0.0,1.19,255.0,,3384,0,252.0,256.0,252.0
2013-07-09,0.0,2.44,252.0,,1402,0,246.0,253.0,249.0
2013-07-08,0.0,1.65,246.0,,552,0,242.0,246.0,243.0
2013-07-07,0.0,-0.41,242.0,,2211,0,243.0,243.0,237.0
2013-07-04,0.0,-0.82,243.0,,2527,0,245.0,245.0,240.0
2013-07-03,0.0,0.41,245.0,,445,0,244.0,245.0,243.0
2013-07-02,0.0,-0.41,244.0,,897,0,245.0,244.0,243.0
2013-07-01,0.0,1.66,245.0,,50,0,241.0,245.0,245.0
2013-06-30,0.0,-1.63,241.0,,770,0,245.0,245.0,241.0
2013-06-27,0.0,-3.16,245.0,,1894,0,253.0,255.0,245.0
2013-06-26,0.0,0.4,253.0,,7635,0,252.0,255.0,250.0
2013-06-25,0.0,2.86,252.0,,2322,0,245.0,252.0,243.0
2013-06-24,0.0,2.08,245.0,,1277,0,240.0,245.0,240.0
2013-06-23,0.0,0.0,240.0,,100,0,240.0,240.0,240.0
2013-06-20,0.0,-0.41,240.0,,4409,0,241.0,241.0,239.0
2013-06-19,0.0,-0.41,241.0,,1767,0,242.0,242.0,240.0
2013-06-18,0.0,-0.82,242.0,,854,0,244.0,245.0,242.0
2013-06-17,0.0,-0.81,244.0,,1132,0,246.0,246.0,244.0
2013-06-16,0.0,0.0,246.0,,96,0,246.0,246.0,246.0
2013-06-13,0.0,-1.2,246.0,,1907,0,249.0,246.0,242.0
2013-06-12,0.0,-0.4,249.0,,845,0,250.0,250.0,247.0
2013-06-10,0.0,1.63,250.0,,4373,0,246.0,250.0,246.0
2013-06-09,0.0,-0.4,246.0,,1210,0,247.0,250.0,245.0
2013-06-06,0.0,0.0,247.0,,500,0,247.0,247.0,247.0
2013-06-05,0.0,1.23,247.0,,1118,0,244.0,250.0,244.0
2013-06-04,0.0,-1.61,244.0,,2617,0,248.0,249.0,244.0
2013-06-03,0.0,3.33,248.0,,1920,0,240.0,248.0,242.0
2013-06-02,0.0,-2.44,240.0,,3041,0,246.0,248.0,240.0
2013-05-30,0.0,-1.6,246.0,,2655,0,250.0,248.0,245.0
2013-05-28,0.0,0.4,250.0,,7686,0,249.0,252.0,247.0
2013-05-27,0.0,1.22,249.0,,5578,0,246.0,250.0,246.0
2013-05-26,0.0,0.82,246.0,,3064,0,244.0,246.0,242.0
2013-05-23,0.0,-2.4,244.0,,856,0,250.0,250.0,244.0
2013-05-22,0.0,0.0,250.0,,792,0,250.0,252.0,248.0
2013-05-21,0.0,0.0,250.0,,773,0,250.0,251.0,250.0
2013-05-20,0.0,0.0,250.0,,1017,0,250.0,251.0,250.0
2013-05-19,0.0,-1.19,250.0,,96,0,253.0,250.0,250.0
2013-05-16,0.0,0.4,253.0,,1200,0,252.0,253.0,253.0
2013-05-15,0.0,-0.4,252.0,,7507,0,253.0,255.0,252.0
2013-05-14,0.0,0.4,253.0,,4249,0,252.0,253.0,246.0
2013-05-13,0.0,1.61,252.0,,5516,0,248.0,252.0,248.0
2013-05-12,0.0,0.0,248.0,,3191,0,248.0,250.0,248.0
2013-05-09,0.0,-0.8,248.0,,1331,0,250.0,252.0,247.0
2013-05-08,0.0,-1.19,250.0,,1941,0,253.0,251.0,246.0
2013-05-07,0.0,2.43,253.0,,4635,0,247.0,258.0,244.0
2013-05-06,0.0,-0.8,247.0,,1751,0,249.0,249.0,241.0
2013-05-05,0.0,-0.4,249.0,,1013,0,250.0,253.0,249.0
2013-05-02,0.0,-1.96,250.0,,1502,0,255.0,255.0,250.0
2013-04-30,0.0,0.0,255.0,,5609,0,255.0,257.0,252.0
2013-04-29,0.0,-1.92,255.0,,2956,0,260.0,259.0,253.0
2013-04-28,0.0,2.36,260.0,,13831,0,254.0,262.0,255.0
2013-04-25,0.0,-1.17,254.0,,2714,0,257.0,260.0,252.0
2013-04-23,0.0,-3.02,257.0,,2847,0,265.0,269.0,257.0
2013-04-21,0.0,-1.85,265.0,,5158,0,270.0,265.0,255.0
2013-04-18,0.0,2.27,270.0,,573,0,264.0,270.0,265.0
2013-04-17,0.0,-1.12,264.0,,4580,0,267.0,270.0,264.0
2013-04-16,0.0,-2.2,267.0,,4241,0,273.0,272.0,267.0
2013-04-15,0.0,1.11,273.0,,4424,0,270.0,280.0,272.0
2013-04-11,0.0,-1.1,270.0,,5995,0,273.0,276.0,270.0
2013-04-09,0.0,0.37,273.0,,1207,0,272.0,273.0,269.0
2013-04-08,0.0,1.12,272.0,,2008,0,269.0,274.0,267.0
2013-04-07,0.0,0.37,269.0,,600,0,268.0,269.0,268.0
2013-04-04,0.0,-0.37,268.0,,953,0,269.0,268.0,266.0
2013-04-03,0.0,-0.37,269.0,,2560,0,270.0,271.0,266.0
2013-04-02,0.0,0.75,270.0,,1371,0,268.0,270.0,268.0
2013-04-01,0.0,1.13,268.0,,1425,0,265.0,272.0,261.0
2013-03-31,0.0,-3.64,265.0,,2327,0,275.0,270.0,261.0
2013-03-28,0.0,-1.79,275.0,,1303,0,280.0,280.0,271.0
2013-03-27,0.0,3.32,280.0,,10450,0,271.0,280.0,265.0
2013-03-25,0.0,0.0,271.0,,3002,0,271.0,273.0,266.0
2013-03-24,0.0,-1.81,271.0,,429,0,276.0,272.0,271.0
2013-03-21,0.0,-2.13,276.0,,1881,0,282.0,277.0,275.0
2013-03-20,0.0,1.08,282.0,,157,0,279.0,282.0,282.0
2013-03-19,0.0,1.09,279.0,,1883,0,276.0,280.0,275.0
2013-03-18,0.0,-1.08,276.0,,1917,0,279.0,280.0,270.0
2013-03-17,0.0,-3.46,279.0,,4748,0,289.0,284.0,279.0
2013-03-14,0.0,-0.69,289.0,,5649,0,291.0,309.0,287.0
2013-03-13,0.0,2.83,291.0,,2206,0,283.0,291.0,284.0
2013-03-11,0.0,0.71,283.0,,4052,0,281.0,283.0,278.0
2013-03-07,0.0,-1.4,281.0,,4969,0,285.0,285.0,280.0
2013-03-06,0.0,1.79,285.0,,1567,0,280.0,287.0,285.0
2013-03-05,0.0,0.0,280.0,,37562,0,280.0,283.0,257.0
2013-03-04,0.0,-1.75,280.0,,3799,0,285.0,285.0,280.0
2013-03-03,0.0,1.06,285.0,,4233,0,282.0,285.0,283.0
2013-02-28,0.0,-0.7,282.0,,5814,0,284.0,285.0,280.0
2013-02-27,0.0,-0.7,284.0,,191,0,286.0,284.0,284.0
2013-02-26,0.0,1.78,286.0,,7752,0,281.0,291.0,282.0
2013-02-25,0.0,-0.71,281.0,,19224,0,283.0,295.0,280.0
2013-02-24,0.0,-1.39,283.0,,3537,0,287.0,286.0,277.0
2013-02-21,0.0,1.41,287.0,,2450,0,283.0,296.0,275.0
2013-02-20,0.0,-3.08,283.0,,3705,0,292.0,292.0,280.0
2013-02-19,0.0,-4.26,292.0,,9736,0,305.0,311.0,290.0
2013-02-17,0.0,9.71,305.0,,7234,0,278.0,305.0,278.0
2013-02-14,0.0,1.09,278.0,,8880,0,275.0,285.0,270.0
2013-02-13,0.0,-5.17,275.0,,1942,0,290.0,285.0,275.0
2013-02-12,0.0,8.61,290.0,,7204,0,267.0,290.0,270.0
2013-02-10,0.0,1.14,267.0,,2185,0,264.0,267.0,264.0
2013-02-07,0.0,-1.49,264.0,,2136,0,268.0,264.0,262.0
2013-02-06,0.0,0.37,268.0,,5477,0,267.0,272.0,264.0
2013-02-05,0.0,0.0,267.0,,1715,0,267.0,267.0,265.0
2013-02-04,0.0,5.12,267.0,,3090,0,254.0,270.0,259.0
2013-02-03,0.0,0.0,254.0,,9241,0,254.0,272.0,250.0
2013-01-31,0.0,-2.68,254.0,,2524,0,261.0,257.0,253.0
2013-01-30,0.0,0.77,261.0,,957,0,259.0,263.0,261.0
2013-01-28,0.0,0.0,259.0,,3867,0,259.0,264.0,259.0
2013-01-27,0.0,-0.38,259.0,,3813,0,260.0,261.0,255.0
2013-01-24,0.0,-0.76,260.0,,2374,0,262.0,260.0,250.0
2013-01-23,0.0,-0.76,262.0,,4557,0,264.0,268.0,260.0
2013-01-22,0.0,3.12,264.0,,2481,0,256.0,264.0,261.0
2013-01-21,0.0,4.07,256.0,,7252,0,246.0,261.0,250.0
2013-01-20,0.0,-4.28,246.0,,2566,0,257.0,252.0,241.0
2013-01-17,0.0,-2.65,257.0,,6560,0,264.0,262.0,257.0
2013-01-16,0.0,-3.65,264.0,,1522,0,274.0,269.0,264.0
2013-01-15,0.0,1.86,274.0,,5891,0,269.0,274.0,265.0
2013-01-13,0.0,1.89,269.0,,4613,0,264.0,269.0,259.0
2013-01-10,0.0,1.15,264.0,,6508,0,261.0,267.0,256.0
2013-01-09,0.0,-0.38,261.0,,5134,0,262.0,264.0,258.0
2013-01-08,0.0,-1.13,262.0,,1806,0,265.0,265.0,261.0
2013-01-07,0.0,-3.64,265.0,,3022,0,275.0,270.0,265.0
2013-01-06,0.0,-0.36,275.0,,2526,0,276.0,275.0,270.0
2013-01-03,0.0,3.37,276.0,,9018,0,267.0,279.0,266.0
2013-01-02,0.0,-1.11,267.0,,8346,0,270.0,274.0,264.0
2013-01-01,0.0,-3.57,270.0,,6092,0,280.0,275.0,268.0
2012-12-31,0.0,-0.36,280.0,,3233,0,281.0,290.0,271.0
2012-12-27,0.0,0.0,281.0,,9184,0,281.0,291.0,275.0
2012-12-26,0.0,4.07,281.0,,12849,0,270.0,293.0,275.0
2012-12-24,0.0,7.14,270.0,,10266,0,252.0,270.0,255.0
2012-12-23,0.0,-1.56,252.0,,10050,0,256.0,256.0,252.0
2012-12-20,0.0,-0.39,256.0,,4420,0,257.0,261.0,255.0
2012-12-19,0.0,0.39,257.0,,3192,0,256.0,266.0,254.0
2012-12-18,0.0,-0.78,256.0,,5805,0,258.0,258.0,250.0
2012-12-17,0.0,1.18,258.0,,24950,0,255.0,270.0,250.0
2012-12-16,0.0,5.37,255.0,,4859,0,242.0,258.0,245.0
2012-12-13,0.0,1.68,242.0,,2430,0,238.0,243.0,240.0
2012-12-11,0.0,0.85,238.0,,4670,0,236.0,240.0,236.0
2012-12-10,0.0,0.43,236.0,,1000,0,235.0,236.0,236.0
2012-12-09,0.0,-5.62,235.0,,4778,0,249.0,246.0,235.0
2012-12-06,0.0,-0.4,249.0,,3631,0,250.0,249.0,241.0
2012-12-05,0.0,4.6,250.0,,9172,0,239.0,253.0,242.0
2012-12-04,0.0,4.37,239.0,,7714,0,229.0,243.0,232.0
2012-12-03,0.0,-2.97,229.0,,6900,0,236.0,233.0,228.0
2012-12-02,0.0,-0.42,236.0,,460,0,237.0,237.0,235.0
2012-11-29,0.0,-2.07,237.0,,3500,0,242.0,238.0,233.0
2012-11-28,0.0,-0.82,242.0,,3519,0,244.0,243.0,238.0
2012-11-27,0.0,-0.41,244.0,,4822,0,245.0,249.0,242.0
2012-11-26,0.0,-1.61,245.0,,14229,0,249.0,247.0,245.0
2012-11-25,0.0,2.47,249.0,,11633,0,243.0,253.0,241.0
2012-11-22,0.0,2.1,243.0,,10373,0,238.0,246.0,234.0
2012-11-21,0.0,-3.25,238.0,,10459,0,246.0,248.0,234.0
2012-11-20,0.0,1.23,246.0,,10169,0,243.0,262.0,245.0
2012-11-18,0.0,6.58,243.0,,5281,0,228.0,250.0,230.0
2012-11-12,0.0,-0.87,228.0,,8594,0,230.0,234.0,220.0
2012-11-11,0.0,0.0,230.0,,7494,0,230.0,244.0,217.0
2012-11-08,0.0,7.48,230.0,,18236,0,214.0,234.0,218.0
2012-11-07,0.0,6.47,214.0,,8724,0,201.0,214.0,205.0
2012-11-06,0.0,2.55,201.0,,8854,0,196.0,204.0,196.0
2012-11-05,0.0,0.0,196.0,,10288,0,196.0,204.0,194.0
2012-11-04,0.0,1.03,196.0,,5671,0,194.0,198.0,192.0
2012-11-01,0.0,0.52,194.0,,23435,0,193.0,195.0,189.0
2012-10-31,0.0,4.32,193.0,,9065,0,185.0,197.0,187.0
2012-10-30,0.0,1.65,185.0,,1000,0,182.0,185.0,185.0
2012-10-18,0.0,-1.09,182.0,,2680,0,184.0,187.0,181.0
2012-10-17,0.0,5.14,184.0,,2010,0,175.0,184.0,177.0
2012-10-15,0.0,2.94,175.0,,576,0,170.0,178.0,172.0
2012-10-14,0.0,2.41,170.0,,950,0,166.0,172.0,167.0
2012-10-11,0.0,-1.19,166.0,,2025,0,168.0,168.0,166.0
2012-10-10,0.0,-0.59,168.0,,1383,0,169.0,170.0,167.0
2012-10-09,0.0,1.81,169.0,,4428,0,166.0,169.0,163.0
2012-10-08,0.0,0.0,166.0,,3137,0,166.0,168.0,166.0
2012-10-07,0.0,0.61,166.0,,5279,0,165.0,168.0,164.0
2012-10-04,0.0,1.85,165.0,,2050,0,162.0,165.0,161.0
2012-10-03,0.0,0.0,162.0,,3073,0,162.0,163.0,161.0
2012-10-02,0.0,1.25,162.0,,44,0,160.0,162.0,162.0
2012-10-01,0.0,0.0,160.0,,2794,0,160.0,160.0,156.0
2012-09-30,0.0,-1.84,160.0,,892,0,163.0,160.0,158.0
2012-09-27,0.0,3.82,163.0,,2500,0,157.0,163.0,157.0
2012-09-26,0.0,-0.63,157.0,,661,0,158.0,160.0,157.0
2012-09-25,0.0,0.0,158.0,,10084,0,158.0,159.0,156.0
2012-09-24,0.0,-0.63,158.0,,1528,0,159.0,158.0,156.0
2012-09-23,0.0,-3.64,159.0,,1277,0,165.0,162.0,157.0
2012-09-20,0.0,-1.79,165.0,,2503,0,168.0,171.0,165.0
2012-09-19,0.0,-4.55,168.0,,1118,0,176.0,174.0,168.0
2012-09-18,0.0,3.53,176.0,,4782,0,170.0,176.0,172.0
2012-09-17,0.0,1.8,170.0,,395,0,167.0,170.0,170.0
2012-09-16,0.0,-0.6,167.0,,2630,0,168.0,171.0,167.0
2012-09-13,0.0,1.82,168.0,,3645,0,165.0,168.0,166.0
2012-09-12,0.0,0.61,165.0,,2014,0,164.0,168.0,165.0
2012-09-11,0.0,-0.61,164.0,,1165,0,165.0,165.0,161.0
2012-09-10,0.0,3.77,165.0,,324,0,159.0,165.0,162.0
2012-09-09,0.0,1.27,159.0,,1678,0,157.0,159.0,152.0
2012-09-06,0.0,-2.48,157.0,,2031,0,161.0,160.0,157.0
2012-09-05,0.0,-0.62,161.0,,448,0,162.0,167.0,159.0
2012-09-04,0.0,-0.61,162.0,,5945,0,163.0,163.0,160.0
2012-09-03,0.0,7.24,163.0,,1763,0,152.0,167.0,155.0
2012-09-02,0.0,-2.56,152.0,,1144,0,156.0,153.0,150.0
2012-08-30,0.0,0.65,156.0,,1177,0,155.0,158.0,155.0
2012-08-29,0.0,-0.64,155.0,,881,0,156.0,156.0,155.0
2012-08-28,0.0,0.65,156.0,,530,0,155.0,159.0,156.0
2012-08-27,0.0,0.65,155.0,,1838,0,154.0,160.0,155.0
2012-08-26,0.0,0.0,154.0,,1220,0,154.0,155.0,154.0
2012-08-23,0.0,-2.53,154.0,,808,0,158.0,161.0,154.0
2012-08-22,0.0,0.0,158.0,,250,0,158.0,160.0,158.0
2012-08-21,0.0,1.94,158.0,,1307,0,155.0,158.0,152.0
2012-08-19,0.0,-3.73,155.0,,1376,0,161.0,159.0,153.0
2012-08-16,0.0,5.23,161.0,,2407,0,153.0,161.0,152.0
2012-08-15,0.0,-6.71,153.0,,5796,0,164.0,161.0,151.0
2012-08-14,0.0,-1.8,164.0,,5362,0,167.0,164.0,158.0
2012-08-13,0.0,-1.76,167.0,,1341,0,170.0,168.0,166.0
2012-08-12,0.0,-3.95,170.0,,2155,0,177.0,174.0,166.0
2012-08-08,0.0,0.0,177.0,,282,0,177.0,177.0,176.0
2012-08-07,0.0,0.0,177.0,,600,0,177.0,181.0,177.0
2012-08-06,0.0,-1.12,177.0,,3860,0,179.0,177.0,174.0
2012-08-05,0.0,-0.56,179.0,,731,0,180.0,180.0,179.0
2012-08-01,0.0,0.0,180.0,,4535,0,180.0,181.0,178.0
2012-07-31,0.0,0.0,180.0,,1613,0,180.0,183.0,180.0
2012-07-30,0.0,3.45,180.0,,2282,0,174.0,180.0,176.0
2012-07-29,0.0,-1.69,174.0,,1682,0,177.0,177.0,172.0
2012-07-26,0.0,-1.67,177.0,,3871,0,180.0,177.0,171.0
2012-07-25,0.0,-1.64,180.0,,1051,0,183.0,182.0,180.0
2012-07-24,0.0,-0.54,183.0,,1170,0,184.0,183.0,180.0
2012-07-23,0.0,3.37,184.0,,4745,0,178.0,187.0,181.0
2012-07-22,0.0,4.09,178.0,,1646,0,171.0,180.0,174.0
2012-07-19,0.0,-3.93,171.0,,7243,0,178.0,181.0,169.0
2012-07-18,0.0,-0.56,178.0,,657,0,179.0,178.0,176.0
2012-07-17,0.0,0.0,179.0,,1241,0,179.0,179.0,173.0
2012-07-16,0.0,-0.56,179.0,,2888,0,180.0,180.0,175.0
2012-07-15,0.0,-0.55,180.0,,2300,0,181.0,181.0,178.0
2012-07-12,0.0,-4.74,181.0,,1326,0,190.0,187.0,181.0
2012-07-11,0.0,0.53,190.0,,770,0,189.0,190.0,188.0
2012-07-10,0.0,3.85,189.0,,1520,0,182.0,189.0,185.0
2012-07-09,0.0,-2.15,182.0,,1823,0,186.0,186.0,181.0
2012-07-08,0.0,-1.59,186.0,,1221,0,189.0,188.0,185.0
2012-07-05,0.0,0.0,189.0,,1723,0,189.0,189.0,186.0
2012-07-04,0.0,-1.05,189.0,,2743,0,191.0,190.0,188.0
2012-07-03,0.0,6.11,191.0,,1804,0,180.0,191.0,180.0
2012-07-02,0.0,-6.25,180.0,,6024,0,192.0,190.0,180.0
2012-07-01,0.0,-1.54,192.0,,955,0,195.0,193.0,190.0
2012-06-28,0.0,3.72,195.0,,2615,0,188.0,198.0,191.0
2012-06-27,0.0,0.0,188.0,,2935,0,188.0,193.0,186.0
2012-06-26,0.0,-2.08,188.0,,648,0,192.0,190.0,188.0
2012-06-25,0.0,3.23,192.0,,3765,0,186.0,198.0,186.0
2012-06-21,0.0,0.54,186.0,,79,0,185.0,186.0,186.0
2012-06-20,0.0,1.65,185.0,,2179,0,182.0,185.0,182.0
2012-06-19,0.0,0.0,182.0,,1531,0,182.0,185.0,182.0
2012-06-18,0.0,1.11,182.0,,3209,0,180.0,185.0,181.0
2012-06-17,0.0,-4.26,180.0,,2026,0,188.0,188.0,180.0
2012-06-14,0.0,0.0,188.0,,1718,0,188.0,189.0,186.0
2012-06-13,0.0,-2.08,188.0,,3083,0,192.0,193.0,188.0
2012-06-12,0.0,-3.03,192.0,,2033,0,198.0,199.0,192.0
2012-06-11,0.0,2.06,198.0,,3369,0,194.0,200.0,195.0
2012-06-07,0.0,0.0,194.0,,3479,0,194.0,210.0,191.0
2012-06-06,0.0,-4.9,194.0,,3672,0,204.0,204.0,193.0
2012-06-05,0.0,-7.27,204.0,,5794,0,220.0,216.0,204.0
2012-06-04,0.0,-2.65,220.0,,2544,0,226.0,223.0,210.0
2012-06-03,0.0,-5.04,226.0,,3680,0,238.0,238.0,222.0
2012-05-27,0.0,4.85,238.0,,10497,0,227.0,242.0,227.0
2012-05-24,0.0,9.13,227.0,,4151,0,208.0,228.0,206.0
2012-05-23,0.0,-7.96,208.0,,4243,0,226.0,222.0,207.0
2012-05-22,0.0,-3.83,226.0,,2571,0,235.0,232.0,223.0
2012-05-21,0.0,0.0,235.0,,5557,0,235.0,243.0,228.0
2012-05-20,0.0,-3.29,235.0,,8161,0,243.0,239.0,227.0
2012-05-17,0.0,6.58,243.0,,14497,0,228.0,244.0,232.0
2012-05-16,0.0,1.79,228.0,,10,0,224.0,228.0,228.0
2012-05-15,0.0,9.8,224.0,,1976,0,204.0,224.0,208.0
2012-05-14,0.0,-5.56,204.0,,1589,0,216.0,212.0,196.0
2012-05-13,0.0,-8.86,216.0,,5013,0,237.0,233.0,214.0
2012-05-10,0.0,-3.27,237.0,,10371,0,245.0,245.0,230.0
2012-05-09,0.0,-5.77,245.0,,8787,0,260.0,255.0,242.0
2012-05-08,0.0,2.77,260.0,,23993,0,253.0,266.0,253.0
2012-05-07,0.0,6.75,253.0,,1712,0,237.0,253.0,241.0
2012-05-03,0.0,4.41,237.0,,1189,0,227.0,237.0,231.0
2012-04-30,0.0,-5.42,227.0,,6256,0,240.0,238.0,225.0
2012-04-29,0.0,-5.88,240.0,,9887,0,255.0,267.0,236.0
2012-04-26,0.0,8.51,255.0,,20246,0,235.0,258.0,229.0
2012-04-25,0.0,3.52,235.0,,612,0,227.0,235.0,231.0
2012-04-24,0.0,9.66,227.0,,1660,0,207.0,227.0,211.0
2012-04-22,0.0,9.52,207.0,,9545,0,189.0,207.0,192.0
2012-04-19,0.0,2.72,189.0,,5224,0,184.0,202.0,185.0
2012-04-18,0.0,9.52,184.0,,2661,0,168.0,184.0,165.0
2012-04-17,0.0,-9.68,168.0,,9024,0,186.0,195.0,168.0
2012-04-16,0.0,1.64,186.0,,107,0,183.0,186.0,186.0
2012-04-15,0.0,9.58,183.0,,1974,0,167.0,183.0,170.0
2012-04-12,0.0,9.87,167.0,,5232,0,152.0,167.0,153.0
2012-04-11,0.0,-1.3,152.0,,2767,0,154.0,163.0,152.0
2012-04-10,0.0,0.0,154.0,,770,0,154.0,154.0,151.0
2012-04-09,0.0,1.32,154.0,,79,0,152.0,154.0,154.0
2012-04-08,0.0,0.0,152.0,,937,0,152.0,155.0,152.0
2012-04-04,0.0,0.0,152.0,,712,0,152.0,155.0,152.0
2012-04-03,0.0,-0.65,152.0,,2848,0,153.0,152.0,150.0
2012-04-02,0.0,4.08,153.0,,3769,0,147.0,153.0,147.0
2012-04-01,0.0,0.0,147.0,,5184,0,147.0,147.0,144.0
2012-03-29,0.0,-1.34,147.0,,696,0,149.0,149.0,147.0
2012-03-28,0.0,2.05,149.0,,1178,0,146.0,149.0,145.0
2012-03-27,0.0,-1.35,146.0,,1336,0,148.0,148.0,146.0
2012-03-26,0.0,-1.99,148.0,,1645,0,151.0,152.0,148.0
2012-03-25,0.0,-1.95,151.0,,328,0,154.0,153.0,151.0
2012-03-20,0.0,0.65,154.0,,432,0,153.0,154.0,153.0
2012-03-19,0.0,0.66,153.0,,1287,0,152.0,153.0,152.0
2012-03-18,0.0,-1.3,152.0,,3873,0,154.0,157.0,152.0
2012-03-15,0.0,0.0,154.0,,100,0,154.0,154.0,154.0
2012-03-14,0.0,0.0,154.0,,922,0,154.0,155.0,154.0
2012-03-13,0.0,0.65,154.0,,2664,0,153.0,155.0,154.0
2012-03-12,0.0,-3.16,153.0,,653,0,158.0,155.0,153.0
2012-03-06,0.0,0.0,158.0,,1240,0,158.0,159.0,157.0
2012-03-05,0.0,2.6,158.0,,2915,0,154.0,159.0,155.0
2012-03-04,0.0,-1.28,154.0,,1220,0,156.0,154.0,153.0
2012-03-01,0.0,0.0,156.0,,1919,0,156.0,158.0,154.0
2012-02-29,0.0,1.96,156.0,,1487,0,153.0,159.0,153.0
2012-02-28,0.0,2.0,153.0,,537,0,150.0,153.0,149.0
2012-02-27,0.0,0.0,150.0,,667,0,150.0,150.0,150.0
2012-02-26,0.0,1.35,150.0,,331,0,148.0,150.0,148.0
2012-02-23,0.0,-0.67,148.0,,341,0,149.0,149.0,148.0
2012-02-21,0.0,0.0,149.0,,1263,0,149.0,150.0,148.0
2012-02-16,0.0,-1.32,149.0,,653,0,151.0,150.0,147.0
2012-02-15,0.0,-0.66,151.0,,763,0,152.0,153.0,150.0
2012-02-14,0.0,1.33,152.0,,457,0,150.0,152.0,150.0
2012-02-13,0.0,0.67,150.0,,546,0,149.0,150.0,148.0
2012-02-12,0.0,-1.32,149.0,,313,0,151.0,152.0,149.0
2012-02-09,0.0,-0.66,151.0,,1224,0,152.0,151.0,149.0
2012-02-08,0.0,1.33,152.0,,120,0,150.0,152.0,152.0
2012-02-07,0.0,-1.96,150.0,,3631,0,153.0,154.0,148.0
2012-02-06,0.0,-0.65,153.0,,13376,0,154.0,153.0,150.0
2012-02-05,0.0,-0.65,154.0,,5961,0,155.0,157.0,150.0
2012-02-02,0.0,-0.64,155.0,,725,0,156.0,158.0,152.0
2012-02-01,0.0,-1.89,156.0,,1905,0,159.0,156.0,152.0
2012-01-29,0.0,3.92,159.0,,573,0,153.0,159.0,156.0
2012-01-26,0.0,-1.29,153.0,,553,0,155.0,153.0,153.0
2012-01-25,0.0,-3.73,155.0,,258,0,161.0,158.0,155.0
2012-01-23,0.0,5.23,161.0,,1628,0,153.0,161.0,154.0
2012-01-22,0.0,-4.97,153.0,,4227,0,161.0,158.0,153.0
2012-01-18,0.0,0.62,161.0,,2603,0,160.0,163.0,161.0
2012-01-16,0.0,1.91,160.0,,2376,0,157.0,160.0,151.0
2012-01-12,0.0,-4.27,157.0,,937,0,164.0,161.0,155.0
2012-01-11,0.0,0.61,164.0,,236,0,163.0,164.0,164.0
2012-01-10,0.0,1.24,163.0,,414,0,161.0,167.0,163.0
2012-01-09,0.0,0.0,161.0,,3559,0,161.0,163.0,158.0
2012-01-08,0.0,0.0,161.0,,844,0,161.0,162.0,160.0
2012-01-05,0.0,-1.83,161.0,,1250,0,164.0,161.0,161.0
2012-01-04,0.0,-1.8,164.0,,50,0,167.0,164.0,164.0
2012-01-03,0.0,0.0,167.0,,2686,0,167.0,179.0,167.0
2012-01-02,0.0,7.74,167.0,,235,0,155.0,167.0,158.0
2012-01-01,0.0,0.0,155.0,,100,0,155.0,155.0,155.0
