DATE,CHANGE,CHANGE %,CLOSE,TURNOVER,VOLUME,TRADE,OPEN,HIGH,LOW
2026-05-08,16.9,1.55,1106.9,28.68,2613,44,1119.0,1119.0,1083.0
2026-05-07,-2.0,-0.18,1090.0,47.15,4323,50,1092.0,1104.0,1085.0
2026-05-06,0.0,0.0,1092.0,32.44,2973,38,1090.0,1117.6,1088.0
2026-05-05,-15.0,-1.36,1092.0,44.34,4065,61,1090.1,1095.0,1089.0
2026-05-04,9.9,0.9,1107.0,5.79,532,32,1051.9,1110.0,1051.9
2026-04-30,-12.9,-1.16,1097.1,22.98,2094,59,1095.0,1111.0,1090.0
2026-04-29,0.1,0.01,1110.0,52.37,4752,55,1109.0,1110.0,1097.0
2026-04-28,4.9,0.44,1109.9,17.44,1577,28,1105.0,1130.0,1105.0
2026-04-27,6.8,0.62,1105.0,53.18,4853,52,1098.2,1117.0,1090.2
2026-04-24,-2.0,-0.18,1098.2,78.99,7214,58,1100.2,1108.0,1090.0
2026-04-23,0.2,0.02,1100.2,71.82,6528,61,1100.0,1120.0,1096.5
2026-04-22,-20.0,-1.79,1100.0,,9295,148,1120.0,1120.0,1100.0
2026-04-21,-5.0,-0.44,1120.0,88.84,7980,122,1116.1,1125.0,1105.0
2026-04-20,-28.7,-2.49,1125.0,27.23,2408,50,1153.7,1153.7,1122.3
2026-04-17,6.7,0.58,1153.7,24.66,2154,38,1131.1,1153.7,1131.1
2026-04-16,2.0,0.17,1147.0,53.31,4689,59,1145.0,1154.0,1131.0
2026-04-15,-1.0,-0.09,1145.0,68.42,5978,106,1168.0,1170.0,1132.0
2026-04-13,-4.0,-0.35,1146.0,34.97,3037,46,1150.0,1168.7,1146.0
2026-04-10,-0.3,-0.03,1150.0,69.44,6038,48,1151.0,1164.0,1147.0
2026-04-09,0.3,0.03,1150.3,68.53,5947,66,1130.0,1164.0,1130.0
2026-04-08,13.0,1.14,1150.0,83.76,7382,102,1126.0,1155.0,1126.0
2026-04-07,2.0,0.18,1137.0,48.87,4308,78,1140.0,1150.0,1122.1
2026-04-06,21.0,1.89,1135.0,,11682,130,1115.2,1155.0,1114.0
2026-04-05,-46.0,-3.97,1114.0,92.54,8272,128,1137.0,1142.0,1114.0
2026-04-02,-5.0,-0.43,1160.0,35.48,3072,46,1162.19,1183.0,1137.0
2026-04-01,-17.9,-1.51,1165.0,94.14,8038,83,1182.9,1182.9,1163.0
2026-03-31,2.9,0.25,1182.9,,9702,97,1203.0,1225.0,1160.0
2026-03-30,-10.0,-0.84,1180.0,,10403,114,1182.0,1188.0,1172.0
2026-03-29,-15.0,-1.24,1190.0,,13587,76,1205.0,1206.0,1190.0
2026-03-26,6.0,0.5,1205.0,48.35,4013,51,1185.1,1220.0,1185.1
2026-03-25,-8.0,-0.66,1199.0,62.94,5247,57,1200.0,1208.8,1195.0
2026-03-24,-14.0,-1.15,1207.0,83.31,6859,75,1206.1,1242.0,1202.0
2026-03-23,6.0,0.49,1221.0,84.88,6974,72,1208.5,1230.0,1208.5
2026-03-22,25.0,2.1,1215.0,,22022,147,1167.0,1230.0,1167.0
2026-03-19,5.0,0.42,1190.0,76.79,6481,77,1190.0,1197.0,1169.1
2026-03-17,5.0,0.42,1185.0,40.61,3444,33,1181.0,1192.0,1175.1
2026-03-16,-5.0,-0.42,1180.0,55.62,4709,36,1177.5,1185.0,1177.0
2026-03-15,2.0,0.17,1185.0,36.43,3073,40,1185.0,1190.0,1183.0
2026-03-12,0.0,0.0,1183.0,15.96,1348,36,1180.0,1198.0,1178.0
2026-03-11,-4.0,-0.34,1183.0,,8599,63,1190.0,1200.0,1181.0
2026-03-10,19.1,1.64,1187.0,,14402,161,1191.2,1214.9,1180.0
2026-03-09,22.9,2.0,1167.9,,10,1,1167.9,1167.9,1167.9
2026-03-03,15.0,1.33,1145.0,26.25,2310,37,1128.0,1145.0,1126.0
2026-03-01,7.3,0.65,1130.0,17.26,1537,31,1122.69,1130.0,1115.0
2026-02-26,-2.3,-0.2,1122.7,12.45,1105,21,1120.4,1130.0,1120.3
2026-02-25,-5.0,-0.44,1125.0,18.36,1631,36,1130.0,1130.0,1120.5
2026-02-24,7.8,0.7,1130.0,8.53,760,32,1108.8,1135.0,1108.8
2026-02-23,-0.8,-0.07,1122.2,18.39,1639,34,1116.2,1126.0,1116.2
2026-02-22,4.0,0.36,1123.0,25.51,2286,41,1100.0,1125.0,1100.0
2026-02-17,-6.0,-0.53,1119.0,43.29,3853,39,1112.5,1128.0,1112.5
2026-02-16,11.0,0.99,1125.0,51.26,4565,44,1110.0,1130.0,1110.0
2026-02-12,-6.0,-0.54,1114.0,39.14,3495,46,1121.0,1134.5,1114.0
2026-02-11,10.0,0.9,1120.0,35.11,3140,36,1115.9,1126.8,1108.0
2026-02-10,-1.0,-0.09,1110.0,23.49,2121,42,1090.0,1114.0,1090.0
2026-02-09,0.0,0.0,1111.0,29.94,2691,41,1116.0,1124.9,1111.0
2026-02-08,4.4,0.4,1111.0,15.31,1375,35,1110.5,1124.9,1110.0
2026-02-05,0.3,0.03,1106.6,49.4,4453,64,1110.0,1125.0,1106.0
2026-02-04,-0.5,-0.05,1106.3,13.08,1183,20,1106.0,1107.1,1106.0
2026-02-03,-0.2,-0.02,1106.8,74.19,6700,48,1125.0,1125.0,1106.8
2026-02-02,1.8,0.16,1107.0,45.2,4088,53,1108.0,1116.0,1105.0
2026-02-01,0.1,0.01,1105.2,79.76,7226,77,1106.0,1111.0,1096.0
2026-01-29,-20.9,-1.86,1105.1,38.14,3430,75,1120.0,1121.0,1103.2
2026-01-28,8.8,0.79,1126.0,12.32,1093,37,1117.2,1131.8,1117.2
2026-01-27,-18.9,-1.66,1117.2,58.33,5180,86,1125.0,1143.0,1113.5
2026-01-26,1.1,0.1,1136.1,78.67,6885,88,1148.0,1150.0,1135.2
2026-01-25,5.0,0.44,1135.0,74.39,6548,84,1130.0,1145.0,1120.0
2026-01-22,-1.0,-0.09,1130.0,46.62,4149,67,1143.5,1143.5,1115.0
2026-01-21,0.2,0.02,1131.0,27.67,2451,39,1147.9,1147.9,1125.2
2026-01-20,38.8,3.55,1130.8,57.39,5115,79,1113.8,1136.0,1113.8
2026-01-18,-4.2,-0.38,1092.0,,11469,155,1118.1,1118.1,1086.0
2026-01-14,-18.8,-1.69,1096.2,65.59,5930,101,1129.0,1129.0,1096.1
2026-01-13,-22.0,-1.93,1115.0,97.98,8859,50,1137.0,1137.0,1094.0
2026-01-12,0.1,0.01,1137.0,42.87,3780,26,1125.0,1140.0,1125.0
2026-01-08,-10.9,-0.95,1136.9,,9377,128,1150.0,1150.0,1111.0
2026-01-07,-2.3,-0.2,1147.8,60.93,5298,66,1154.0,1158.0,1143.2
2026-01-06,7.87,0.69,1150.1,70.06,6053,128,1164.0,1173.0,1150.1
2026-01-05,-5.0,-0.38,1305.0,,31925,324,1329.0,1329.0,1299.0
2026-01-04,0.0,0.0,1310.0,43.2,3290,66,1310.0,1317.0,1304.0
2026-01-01,-9.1,-0.69,1310.0,54.59,4193,53,1305.9,1318.9,1296.2
2025-12-31,2.1,0.16,1319.1,44.9,3398,58,1336.0,1336.9,1315.1
2025-12-29,7.0,0.53,1317.0,31.51,2392,47,1293.2,1330.0,1293.2
2025-12-28,35.0,2.75,1310.0,39.19,3014,59,1299.0,1313.0,1280.0
2025-12-24,-16.5,-1.28,1275.0,96.82,7531,56,1273.0,1292.0,1266.0
2025-12-23,16.5,1.29,1291.5,2.92,229,10,1275.0,1295.0,1275.0
2025-12-22,-13.0,-1.01,1275.0,35.61,2795,29,1290.0,1290.0,1267.0
2025-12-21,-12.0,-0.92,1288.0,99.88,7801,45,1300.0,1315.0,1276.1
2025-12-18,-18.8,-1.43,1300.0,99.83,7646,67,1320.0,1329.0,1295.0
2025-12-17,28.8,2.23,1318.8,69.34,5274,86,1315.0,1319.9,1304.0
2025-12-16,10.0,0.78,1290.0,5.28,412,14,1280.0,1290.0,1280.0
2025-12-15,-15.0,-1.16,1280.0,,10297,49,1295.0,1295.0,1269.1
2025-12-14,15.0,1.17,1295.0,20.26,1589,22,1266.0,1295.0,1265.0
2025-12-11,-1.0,-0.08,1280.0,34.18,2671,22,1281.0,1281.0,1278.0
2025-12-10,-14.0,-1.08,1281.0,37.13,2874,41,1275.0,1300.0,1270.0
2025-12-09,10.0,0.78,1295.0,12.76,983,35,1280.2,1336.0,1280.2
2025-12-08,6.0,0.47,1285.0,24.03,1874,40,1304.0,1304.0,1279.1
2025-12-07,-11.2,-0.87,1279.0,19.64,1540,31,1290.2,1290.2,1269.0
2025-12-03,-9.8,-0.75,1290.2,23.33,1799,32,1274.0,1324.0,1274.0
2025-12-02,-28.0,-2.11,1300.0,56.12,4301,37,1320.0,1330.0,1300.0
2025-12-01,18.0,1.37,1328.0,35.4,2695,42,1319.5,1331.0,1300.0
2025-11-30,-41.9,-3.1,1310.0,87.13,6541,52,1335.1,1345.0,1310.0
2025-11-27,4.9,0.36,1351.9,57.19,4249,47,1347.0,1351.9,1340.0
2025-11-26,2.2,0.16,1347.0,,11828,64,1331.0,1370.0,1331.0
2025-11-25,-2.2,-0.16,1344.8,,8215,54,1368.9,1370.0,1330.0
2025-11-24,37.0,2.82,1347.0,,14090,89,1331.0,1347.0,1310.0
2025-11-23,20.0,1.55,1310.0,,10807,82,1297.0,1330.0,1297.0
2025-11-20,1.0,0.08,1290.0,41.94,3283,38,1265.0,1290.0,1264.2
2025-11-19,4.0,0.31,1289.0,,11046,69,1260.1,1310.0,1260.1
2025-11-18,10.0,0.78,1285.0,9.42,741,26,1275.0,1300.0,1256.0
2025-11-17,1.0,0.08,1275.0,42.24,3322,26,1274.0,1275.0,1265.0
2025-11-16,4.0,0.31,1274.0,33.89,2676,26,1289.0,1289.0,1264.0
2025-11-13,19.0,1.52,1270.0,,22470,30,1275.0,1300.0,1251.0
2025-11-12,0.0,0.0,1251.0,32.26,2580,41,1232.0,1270.0,1232.0
2025-11-11,-10.7,-0.85,1251.0,10.2,813,12,1265.0,1265.0,1240.0
2025-11-10,3.7,0.29,1261.7,,21358,31,1279.9,1283.0,1237.0
2025-11-09,-2.0,-0.16,1258.0,14.76,1171,23,1260.0,1270.0,1258.0
2025-11-06,-2.7,-0.21,1260.0,26.49,2100,31,1270.0,1270.0,1253.0
2025-11-05,1.5,0.12,1262.7,25.31,2021,29,1261.3,1262.7,1251.0
2025-11-04,-8.8,-0.69,1261.2,8.83,697,14,1265.0,1270.0,1261.2
2025-11-03,0.1,0.01,1270.0,31.24,2466,37,1270.0,1285.0,1261.0
2025-11-02,33.7,2.73,1269.9,21.35,1706,38,1240.1,1269.9,1230.0
2025-10-30,5.2,0.42,1236.2,16.31,1312,23,1221.1,1250.0,1221.1
2025-10-29,1.0,0.08,1231.0,24.45,1961,42,1213.0,1261.7,1213.0
2025-10-28,20.0,1.65,1230.0,10.61,869,21,1220.0,1230.0,1213.1
2025-10-26,-13.0,-1.06,1210.0,8.91,731,14,1205.0,1225.0,1205.0
2025-10-19,5.0,0.41,1223.0,8.29,686,19,1218.0,1223.0,1198.0
2025-10-16,2.0,0.16,1218.0,33.92,2804,33,1218.0,1220.0,1201.0
2025-10-15,0.0,0.0,1216.0,15.64,1293,18,1216.0,1217.0,1202.0
2025-10-14,0.0,0.0,1216.0,19.75,1627,20,1216.0,1218.0,1211.0
2025-10-13,10.0,0.83,1216.0,20.31,1684,49,1200.0,1220.9,1187.0
2025-10-12,-34.0,-2.74,1206.0,,8713,69,1217.0,1230.0,1205.0
2025-10-09,18.7,1.53,1240.0,61.61,4965,43,1245.7,1269.0,1225.0
2025-10-08,-8.7,-0.71,1221.3,71.04,5822,72,1253.0,1253.0,1211.0
2025-10-07,-38.3,-3.02,1230.0,80.25,6463,78,1268.3,1293.6,1228.0
2025-09-28,8.1,0.64,1268.3,34.16,2697,29,1265.0,1280.0,1260.1
2025-09-25,-9.9,-0.78,1260.2,87.27,6918,73,1265.2,1289.0,1245.0
2025-09-24,-24.4,-1.88,1270.1,,8682,38,1296.0,1305.0,1270.1
2025-09-23,-9.27,-0.71,1294.5,36.85,2841,54,1300.0,1315.0,1290.5
2025-09-21,10.77,0.83,1303.77,,21173,83,1267.2,1309.9,1241.9
2025-09-18,25.15,1.98,1293.0,17.95,1396,8,1243.0,1293.0,1243.0
2025-09-08,4.58,0.36,1267.85,31.57,2508,35,1260.1,1283.0,1256.2
2025-09-07,0.27,0.02,1263.27,24.06,1907,33,1265.0,1267.0,1253.0
2025-09-04,5.01,0.4,1263.0,36.35,2887,40,1257.99,1272.0,1256.0
2025-09-03,-9.33,-0.74,1257.99,26.61,2113,43,1260.0,1276.0,1257.0
2025-09-02,-0.74,-0.06,1267.32,21.49,1698,30,1262.2,1274.0,1262.2
2025-09-01,5.72,0.45,1268.06,58.48,4620,42,1257.1,1279.0,1257.1
2025-08-31,-26.43,-2.05,1262.34,94.77,7430,115,1280.5,1295.0,1260.0
2025-08-28,-23.84,-1.82,1288.77,,10847,68,1309.7,1309.7,1287.0
2025-08-27,23.35,1.81,1312.61,,9387,55,1289.26,1313.6,1289.26
2025-08-26,-31.66,-2.4,1289.26,,9356,144,1321.1,1323.0,1286.9
2025-08-25,21.5,1.65,1320.92,51.77,3927,74,1325.4,1346.0,1306.4
2025-08-24,-5.58,-0.43,1299.42,84.35,6504,61,1305.0,1315.0,1290.0
2025-08-21,-11.26,-0.86,1305.0,31.59,2414,40,1312.0,1315.0,1305.0
2025-08-20,6.76,0.52,1316.26,27.51,2098,25,1290.0,1325.0,1290.0
2025-08-19,-1.67,-0.13,1309.5,37.58,2872,43,1325.0,1325.0,1304.1
2025-08-18,-1.27,-0.1,1311.17,66.77,5109,58,1336.0,1337.0,1296.0
2025-08-17,-0.15,-0.01,1312.44,,11077,104,1316.0,1337.9,1290.0
2025-08-14,-9.65,-0.73,1312.59,,8068,69,1330.0,1356.0,1305.2
2025-08-13,-18.23,-1.36,1322.24,53.27,3988,76,1366.0,1366.0,1318.2
2025-08-12,-25.28,-1.85,1340.47,39.04,2908,67,1365.75,1365.75,1335.0
2025-08-11,-18.95,-1.37,1365.75,,9931,71,1405.0,1405.0,1365.5
2025-08-07,6.52,0.47,1384.7,92.1,6661,83,1400.0,1400.0,1373.0
2025-08-06,20.26,1.49,1378.18,97.77,7124,96,1385.0,1385.0,1355.0
2025-08-05,24.8,1.86,1357.92,,10108,144,1340.0,1432.0,1329.0
2025-08-04,-36.59,-2.67,1333.12,,11706,140,1365.0,1374.9,1307.5
2025-08-03,-32.93,-2.35,1369.71,,12768,121,1387.0,1390.0,1365.0
2025-07-31,3.2,0.23,1402.64,,7785,98,1418.0,1418.0,1386.1
2025-07-30,-51.47,-3.55,1399.44,,17881,168,1450.0,1450.0,1390.0
2025-07-29,16.16,1.13,1450.91,,11241,137,1463.0,1484.0,1435.0
2025-07-28,-9.03,-0.63,1434.75,,7812,138,1443.78,1443.78,1416.1
2025-07-27,-4.54,-0.31,1443.78,,18465,191,1455.0,1477.0,1422.2
2025-07-24,-24.54,-1.67,1448.32,,7497,146,1445.5,1470.0,1445.0
2025-07-23,-2.72,-0.18,1472.86,,14816,155,1500.0,1504.0,1450.0
2025-07-22,38.78,2.7,1475.58,,17422,229,1426.0,1494.9,1426.0
2025-07-21,-7.39,-0.51,1436.8,,16136,108,1445.0,1458.0,1426.0
2025-07-20,5.86,0.41,1444.19,,25279,188,1414.0,1493.0,1410.0
2025-07-17,38.28,2.73,1438.33,,24426,175,1406.0,1460.0,1400.0
2025-07-16,10.45,0.75,1400.05,,52958,128,1403.0,1410.0,1385.0
2025-07-15,17.97,1.31,1389.6,,11262,104,1370.0,1396.8,1361.0
2025-07-14,1.31,0.1,1371.63,,21962,160,1372.0,1395.0,1350.0
2025-07-13,78.4,6.07,1370.32,,16004,217,1317.7,1380.0,1317.7
2025-07-10,24.94,1.97,1291.92,,22150,157,1280.0,1309.8,1279.0
2025-07-09,3.8,0.3,1266.98,,24997,45,1270.0,1270.0,1253.2
2025-07-08,-2.43,-0.19,1263.18,72.65,5745,52,1262.0,1279.0,1256.0
2025-07-07,-11.67,-0.91,1265.61,,11017,64,1256.8,1294.0,1256.8
2025-07-06,-8.14,-0.63,1277.28,97.92,7662,73,1285.0,1285.0,1275.0
2025-07-03,12.02,0.94,1285.42,83.63,6529,70,1263.0,1290.0,1260.0
2025-07-02,10.14,0.8,1273.4,,9539,100,1275.0,1284.0,1265.0
2025-07-01,25.29,2.04,1263.26,89.24,7119,77,1254.0,1269.9,1238.0
2025-06-30,13.69,1.12,1237.97,79.49,6425,67,1243.0,1243.5,1230.1
2025-06-29,19.59,1.63,1224.28,63.24,5222,69,1205.0,1247.0,1200.0
2025-06-26,-0.31,-0.03,1204.69,34.57,2869,39,1200.5,1208.0,1200.5
2025-06-25,-0.51,-0.04,1205.0,35.65,2961,28,1205.51,1210.0,1202.2
2025-06-24,-4.64,-0.38,1205.51,59.73,4943,48,1210.0,1218.0,1205.2
2025-06-23,0.62,0.05,1210.15,35.68,2947,34,1201.0,1219.0,1201.0
2025-06-22,-14.51,-1.19,1209.53,71.89,5884,55,1224.0,1236.0,1207.1
2025-06-19,-3.22,-0.26,1224.04,,8813,59,1234.0,1234.0,1223.1
2025-06-18,-13.28,-1.07,1227.26,56.65,4613,29,1240.0,1240.0,1220.0
2025-06-17,2.38,0.19,1240.54,49.52,3979,76,1239.0,1255.0,1230.0
2025-06-16,5.2,0.42,1238.16,44.91,3648,44,1244.0,1244.0,1223.0
2025-06-15,0.78,0.06,1232.96,53.43,4331,43,1232.18,1248.9,1228.0
2025-06-12,-0.69,-0.06,1232.18,78.53,6372,58,1233.1,1235.0,1232.0
2025-06-11,0.12,0.01,1232.87,27.89,2259,44,1233.0,1248.9,1232.7
2025-06-10,4.35,0.35,1232.75,32.78,2659,34,1207.0,1239.9,1207.0
2025-06-09,5.03,0.41,1228.4,14.53,1194,29,1207.0,1229.6,1205.5
2025-06-08,1.11,0.09,1223.37,39.0,3187,42,1210.0,1230.0,1208.0
2025-06-05,4.42,0.36,1222.26,51.9,4277,32,1240.0,1240.0,1207.0
2025-06-04,-4.95,-0.4,1217.84,6.62,544,25,1225.0,1230.0,1212.0
2025-06-03,-20.87,-1.68,1222.79,25.38,2075,28,1233.0,1234.0,1220.0
2025-06-02,3.53,0.28,1243.66,49.16,3965,63,1248.0,1249.0,1228.0
2025-05-28,3.34,0.27,1240.13,16.76,1358,24,1220.3,1240.7,1220.3
2025-05-27,-1.21,-0.1,1236.79,42.46,3423,44,1238.0,1248.9,1235.1
2025-05-26,-33.89,-2.66,1238.0,,9125,92,1280.0,1281.0,1237.1
2025-05-25,37.21,3.01,1271.89,83.52,6597,115,1254.5,1280.0,1250.0
2025-05-22,30.68,2.55,1234.68,40.64,3312,50,1224.0,1239.0,1206.0
2025-05-21,-27.22,-2.21,1204.0,,11366,121,1255.7,1280.0,1200.0
2025-05-20,14.75,1.21,1231.22,17.43,1416,34,1200.9,1260.0,1200.9
2025-05-19,-7.05,-0.58,1216.47,,9476,62,1245.0,1245.5,1200.1
2025-05-18,12.41,1.02,1223.52,46.95,3842,51,1211.11,1239.4,1211.1
2025-05-15,-7.34,-0.6,1211.11,16.63,1374,26,1201.0,1218.0,1201.0
2025-05-14,14.33,1.19,1218.45,38.79,3178,60,1228.2,1228.2,1210.0
2025-05-13,5.33,0.44,1204.12,,10239,81,1222.0,1260.0,1192.1
2025-05-11,9.91,0.83,1198.79,64.35,5338,66,1175.0,1220.0,1175.0
2025-05-08,0.58,0.05,1188.88,74.14,6083,65,1182.0,1248.4,1180.0
2025-05-07,11.11,0.94,1188.3,27.7,2329,50,1162.0,1200.7,1162.0
2025-05-06,-5.16,-0.44,1177.19,12.66,1074,29,1191.0,1199.0,1175.2
2025-05-05,3.16,0.27,1182.35,,13246,45,1200.0,1200.0,1177.0
2025-05-04,4.09,0.35,1179.19,47.9,4081,51,1175.0,1184.0,1171.2
2025-04-30,-0.9,-0.08,1175.1,,12940,46,1161.0,1190.0,1161.0
2025-04-29,-0.94,-0.08,1176.0,51.56,4390,49,1168.0,1183.0,1167.0
2025-04-28,-11.71,-0.99,1176.94,51.88,4401,72,1185.0,1188.0,1170.0
2025-04-27,-16.74,-1.39,1188.65,53.83,4518,70,1191.0,1200.0,1184.2
2025-04-24,-6.2,-0.51,1205.39,38.02,3168,47,1191.0,1212.0,1190.0
2025-04-23,-5.25,-0.43,1211.59,14.34,1191,36,1199.0,1220.0,1199.0
2025-04-22,-9.58,-0.78,1216.84,9.04,743,30,1225.0,1229.0,1205.2
2025-04-21,3.73,0.31,1226.42,35.75,2934,35,1216.0,1230.0,1215.7
2025-04-20,-3.5,-0.29,1222.69,14.16,1163,28,1208.0,1232.0,1208.0
2025-04-17,6.05,0.5,1226.19,55.3,4474,57,1211.0,1244.0,1210.0
2025-04-16,-3.86,-0.32,1220.14,38.59,3163,32,1217.1,1230.0,1217.1
2025-04-15,-8.19,-0.66,1224.0,42.25,3458,36,1211.0,1234.9,1211.0
2025-04-13,34.53,2.88,1232.19,,9091,55,1194.0,1248.2,1194.0
2025-04-10,1.57,0.13,1197.66,18.23,1523,46,1182.2,1205.7,1182.1
2025-04-09,4.8,0.4,1196.09,22.69,1891,24,1215.1,1215.1,1196.0
2025-04-08,-9.24,-0.77,1191.29,34.14,2883,51,1190.0,1200.0,1180.0
2025-04-07,-0.41,-0.03,1200.53,25.59,2133,34,1195.0,1205.0,1195.0
2025-04-03,-8.19,-0.68,1200.94,64.25,5317,73,1211.4,1215.0,1199.0
2025-04-02,-14.87,-1.21,1209.13,47.69,3931,59,1220.0,1224.0,1206.1
2025-04-01,-14.52,-1.17,1224.0,19.83,1627,29,1220.3,1224.0,1214.4
2025-03-30,9.64,0.78,1238.52,83.1,6749,73,1240.0,1244.0,1228.9
2025-03-27,33.34,2.79,1228.88,46.1,3817,57,1195.0,1230.0,1195.0
2025-03-26,-0.37,-0.03,1195.54,48.02,4022,71,1185.0,1200.0,1185.0
2025-03-25,-30.89,-2.52,1195.91,50.82,4231,84,1203.2,1210.0,1195.0
2025-03-24,7.47,0.61,1226.8,39.33,3221,59,1220.0,1229.9,1215.0
2025-03-23,-30.96,-2.48,1219.33,80.36,6539,110,1250.29,1250.29,1217.0
2025-03-20,-14.71,-1.16,1250.29,,8447,90,1278.0,1280.0,1248.0
2025-03-19,-5.0,-0.39,1265.0,,21015,116,1260.0,1320.0,1250.1
2025-03-18,-6.0,-0.47,1270.0,57.88,4575,83,1276.0,1277.0,1260.0
2025-03-17,-1.0,-0.08,1276.0,66.21,5157,50,1290.0,1299.0,1276.0
2025-03-16,-14.5,-1.12,1277.0,,8074,75,1290.0,1300.0,1270.3
2025-03-12,1.5,0.12,1291.5,58.04,4541,42,1280.0,1294.9,1270.0
2025-03-11,-1.7,-0.13,1290.0,55.33,4301,57,1291.0,1291.0,1282.4
2025-03-10,-19.3,-1.47,1291.7,,7703,101,1310.0,1325.0,1287.2
2025-03-09,-32.5,-2.42,1311.0,85.19,6451,80,1320.0,1339.0,1311.0
2025-03-06,4.5,0.34,1343.5,,8118,91,1337.0,1350.0,1330.0
2025-03-05,11.5,0.87,1339.0,,13319,199,1339.0,1360.0,1315.1
2025-03-04,6.4,0.48,1327.5,,20897,135,1335.0,1340.0,1308.3
2025-03-03,3.1,0.24,1321.1,,24177,209,1321.0,1339.9,1300.0
2025-03-02,0.0,0.0,1318.0,,7904,116,1310.0,1325.0,1303.0
2025-02-27,17.9,1.38,1318.0,92.67,7057,105,1310.0,1331.0,1300.0
2025-02-25,-2.2,-0.17,1300.1,59.62,4549,81,1300.0,1323.0,1300.0
2025-02-24,-27.7,-2.08,1302.3,88.07,6718,117,1310.0,1325.0,1300.0
2025-02-23,-12.0,-0.89,1330.0,,8772,115,1320.0,1336.2,1310.0
2025-02-20,-23.0,-1.68,1342.0,46.55,3455,67,1370.0,1389.0,1341.0
2025-02-18,19.9,1.48,1365.0,,7443,125,1372.0,1372.0,1342.0
2025-02-17,45.1,3.47,1345.1,,15709,221,1300.0,1388.0,1300.0
2025-02-16,12.9,1.0,1300.0,56.89,4375,75,1311.9,1312.0,1288.0
2025-02-13,-12.9,-0.99,1287.1,37.81,2924,53,1300.0,1300.0,1286.7
2025-02-12,8.8,0.68,1300.0,56.7,4351,65,1310.0,1314.0,1291.5
2025-02-11,6.2,0.48,1291.2,60.24,4637,61,1285.0,1309.0,1285.0
2025-02-10,5.0,0.39,1285.0,,9487,144,1305.0,1307.9,1280.0
2025-02-09,-13.8,-1.07,1280.0,64.37,5001,85,1295.0,1301.0,1279.0
2025-02-06,-21.1,-1.6,1293.8,47.97,3682,83,1313.0,1320.0,1293.6
2025-02-05,6.4,0.49,1314.9,,12232,100,1320.0,1334.0,1309.0
2025-02-04,-12.5,-0.95,1308.5,40.49,3064,62,1347.0,1347.0,1305.5
2025-02-03,-27.1,-2.01,1321.0,83.04,6227,99,1375.0,1375.0,1320.0
2025-02-02,43.1,3.3,1348.1,,9880,199,1305.0,1363.0,1305.0
2025-01-28,10.0,0.77,1305.0,20.35,1566,45,1280.0,1305.6,1280.0
2025-01-27,-15.0,-1.15,1295.0,91.75,7088,84,1300.0,1309.0,1284.0
2025-01-26,16.0,1.24,1310.0,60.4,4653,74,1282.1,1315.8,1281.2
2025-01-23,-5.0,-0.38,1294.0,31.18,2416,42,1321.0,1321.0,1281.0
2025-01-22,8.0,0.62,1299.0,11.81,913,37,1271.2,1310.0,1271.2
2025-01-21,5.0,0.39,1291.0,23.39,1830,45,1281.0,1304.0,1265.0
2025-01-20,-24.0,-1.83,1286.0,22.6,1732,54,1301.0,1321.0,1284.6
2025-01-19,3.1,0.24,1310.0,3.69,281,19,1333.0,1333.0,1306.5
2025-01-16,-4.1,-0.31,1306.9,20.11,1543,42,1320.0,1320.0,1300.5
2025-01-15,-12.0,-0.91,1311.0,19.66,1480,34,1298.0,1348.0,1298.0
2025-01-13,-6.0,-0.45,1323.0,37.24,2796,85,1330.0,1389.0,1305.0
2025-01-12,7.0,0.53,1329.0,15.01,1143,43,1325.0,1335.0,1306.8
2025-01-09,-73.0,-5.23,1322.0,84.39,6300,103,1395.0,1395.0,1315.2
2025-01-08,62.0,4.65,1395.0,,8091,144,1359.6,1456.0,1359.6
2025-01-07,73.0,5.79,1333.0,,14642,162,1285.0,1386.0,1260.2
2025-01-06,12.9,1.03,1260.0,35.71,2835,34,1270.0,1270.0,1250.0
2025-01-05,-12.9,-1.02,1247.1,6.18,494,16,1265.0,1265.0,1242.0
2025-01-02,22.0,1.78,1260.0,37.42,3020,50,1240.0,1260.0,1227.0
2025-01-01,-2.0,-0.16,1238.0,23.61,1897,45,1245.0,1264.8,1231.0
2024-12-31,-25.0,-1.98,1240.0,24.01,1935,55,1240.0,1258.0,1232.9
2024-12-29,19.0,1.52,1265.0,33.29,2617,57,1270.0,1295.0,1250.1
2024-12-26,5.0,0.4,1246.0,27.2,2170,37,1260.0,1282.0,1246.0
2024-12-24,-14.0,-1.12,1241.0,18.86,1510,36,1280.0,1280.0,1240.2
2024-12-23,20.0,1.62,1255.0,20.67,1655,27,1259.0,1259.0,1240.1
2024-12-22,-21.0,-1.67,1235.0,14.3,1155,34,1250.0,1260.0,1225.0
2024-12-19,1.0,0.08,1256.0,32.08,2580,41,1255.0,1259.0,1235.2
2024-12-18,-6.1,-0.48,1255.0,13.3,1055,33,1255.0,1275.0,1250.0
2024-12-17,24.1,1.95,1261.1,17.47,1376,40,1230.0,1328.0,1230.0
2024-12-16,-44.1,-3.44,1237.0,48.04,3846,47,1259.0,1270.0,1230.4
2024-12-12,-23.9,-1.83,1281.1,,8851,89,1331.0,1331.0,1280.4
2024-12-11,-5.0,-0.38,1305.0,27.11,2075,33,1310.0,1319.9,1302.0
2024-12-10,-20.0,-1.5,1310.0,28.93,2182,37,1312.1,1356.6,1304.0
2024-12-09,0.0,0.0,1330.0,57.44,4360,45,1310.0,1350.0,1306.2
2024-12-08,-40.0,-2.92,1330.0,17.49,1309,39,1370.0,1370.0,1326.0
2024-12-05,-27.0,-1.93,1370.0,,8594,61,1410.0,1420.0,1369.1
2024-12-04,38.0,2.8,1397.0,,23686,118,1359.0,1482.0,1359.0
2024-12-03,3.2,0.24,1359.0,37.11,2708,87,1382.9,1391.0,1355.0
2024-12-02,-39.0,-2.46,1549.0,,19988,271,1590.0,1613.0,1545.2
2024-12-01,-17.0,-1.06,1588.0,66.87,4215,90,1610.0,1615.0,1575.1
2024-11-28,-3.0,-0.19,1605.0,,11099,115,1590.0,1625.0,1590.0
2024-11-27,61.0,3.94,1608.0,,10641,119,1570.0,1639.5,1555.0
2024-11-26,5.1,0.33,1547.0,47.13,3037,68,1542.0,1568.3,1542.0
2024-11-25,3.9,0.25,1541.9,,6971,77,1538.0,1570.0,1538.0
2024-11-24,0.0,0.0,1538.0,62.03,4025,82,1531.2,1551.0,1525.2
2024-11-21,0.0,0.0,1538.0,,8317,114,1536.0,1564.0,1536.0
2024-11-20,-4.0,-0.26,1538.0,32.93,2136,59,1542.0,1558.0,1531.3
2024-11-19,-8.0,-0.52,1542.0,,12450,194,1580.0,1580.0,1541.4
2024-11-17,22.0,1.44,1550.0,,7339,122,1558.0,1558.5,1532.0
2024-11-14,43.0,2.9,1528.0,,10648,139,1458.0,1530.0,1458.0
2024-11-13,-15.2,-1.01,1485.0,40.7,2749,55,1530.0,1530.0,1471.1
2024-11-12,-29.8,-1.95,1500.2,43.51,2874,63,1560.0,1560.0,1500.2
2024-11-11,61.0,4.15,1530.0,,10791,154,1452.0,1549.0,1450.1
2024-11-10,26.1,1.81,1469.0,57.71,3948,64,1471.0,1471.0,1442.1
2024-11-06,15.9,1.11,1442.9,7.11,497,18,1428.1,1448.0,1428.0
2024-11-05,-9.5,-0.66,1427.0,23.07,1605,26,1465.0,1465.0,1427.0
2024-10-30,-11.5,-0.79,1436.5,40.21,2789,49,1430.1,1458.0,1430.1
2024-10-29,10.0,0.7,1448.0,23.7,1634,43,1465.0,1465.0,1446.0
2024-10-28,13.1,0.92,1438.0,61.82,4359,64,1400.2,1438.3,1400.0
2024-10-27,-7.1,-0.5,1424.9,75.57,5376,81,1404.0,1432.0,1398.0
2024-10-24,-3.0,-0.21,1432.0,15.29,1080,28,1407.0,1432.0,1380.0
2024-10-23,1.0,0.07,1435.0,60.93,4296,45,1416.0,1441.0,1406.0
2024-10-22,-16.0,-1.1,1434.0,10.84,759,18,1450.0,1450.0,1423.0
2024-10-21,-25.0,-1.69,1450.0,,8409,54,1503.0,1503.0,1419.0
2024-10-20,7.0,0.48,1475.0,32.82,2251,54,1441.0,1478.5,1440.0
2024-10-17,-7.5,-0.51,1468.0,55.25,3733,45,1475.0,1500.0,1468.0
2024-10-16,-24.5,-1.63,1475.5,20.82,1396,32,1522.9,1522.9,1475.5
2024-10-15,20.1,1.36,1500.0,75.45,5050,22,1480.0,1500.0,1465.1
2024-10-09,6.9,0.47,1479.9,31.07,2123,29,1468.0,1497.0,1450.0
2024-10-08,-7.0,-0.47,1473.0,23.77,1633,31,1480.0,1480.0,1451.0
2024-10-07,53.0,3.71,1480.0,,7275,52,1455.0,1484.0,1443.0
2024-10-06,37.0,2.66,1427.0,27.1,1935,43,1390.0,1427.0,1376.1
2024-10-02,-26.0,-1.84,1390.0,44.98,3209,53,1395.0,1420.0,1390.0
2024-10-01,51.0,3.74,1416.0,39.6,2834,69,1392.0,1416.0,1366.0
2024-09-30,45.0,3.41,1365.0,22.22,1665,45,1315.0,1389.9,1315.0
2024-09-29,-0.1,-0.01,1320.0,13.41,1020,35,1306.0,1340.0,1300.0
2024-09-26,-42.9,-3.15,1320.1,26.22,1958,51,1363.0,1364.0,1320.1
2024-09-25,14.0,1.04,1363.0,36.98,2744,55,1349.0,1363.0,1326.0
2024-09-24,-20.9,-1.53,1349.0,51.33,3836,76,1370.0,1370.0,1330.0
2024-09-23,-22.1,-1.59,1369.9,18.72,1378,37,1366.0,1389.0,1351.2
2024-09-22,9.0,0.65,1392.0,25.78,1859,63,1385.0,1444.0,1366.0
2024-09-18,-29.0,-2.05,1383.0,44.26,3182,60,1385.0,1405.0,1382.0
2024-09-16,-33.0,-2.28,1412.0,39.17,2780,66,1445.0,1445.0,1392.0
2024-09-15,-13.0,-0.89,1445.0,70.56,4868,104,1458.0,1458.0,1437.0
2024-09-12,-3.0,-0.21,1458.0,80.67,5575,94,1462.0,1462.0,1437.0
2024-09-11,-38.9,-2.59,1461.0,79.0,5306,79,1515.0,1515.0,1461.0
2024-09-10,-30.1,-1.97,1499.9,63.68,4235,83,1559.9,1559.9,1481.0
2024-09-09,-10.0,-0.65,1530.0,52.02,3418,71,1525.0,1533.0,1510.1
2024-09-08,-5.0,-0.32,1540.0,,11268,152,1570.0,1580.0,1518.0
2024-09-05,13.0,0.85,1545.0,93.96,6084,112,1522.0,1574.0,1505.0
2024-09-04,-18.0,-1.16,1532.0,,83797,211,1540.0,1610.0,1520.0
2024-09-03,0.1,0.01,1550.0,,15997,56,1522.1,1559.0,1522.0
2024-09-02,30.9,2.03,1549.9,42.71,2779,80,1549.3,1579.0,1518.5
2024-09-01,17.0,1.13,1519.0,,78283,194,1475.1,1562.1,1475.1
2024-08-29,-48.0,-3.1,1502.0,,11695,141,1525.0,1545.0,1480.2
2024-08-28,29.9,1.97,1550.0,,7407,124,1550.5,1550.5,1520.0
2024-08-27,-30.9,-1.99,1520.1,,7318,155,1551.0,1579.0,1520.1
2024-08-25,-18.0,-1.15,1551.0,,20486,169,1600.0,1629.0,1540.0
2024-08-22,-6.0,-0.38,1569.0,,7185,112,1585.0,1590.0,1544.0
2024-08-21,-20.0,-1.25,1575.0,,6827,136,1566.0,1586.0,1550.1
2024-08-18,39.0,2.51,1595.0,,19956,229,1556.0,1650.0,1540.0
2024-08-15,-6.0,-0.38,1556.0,,13114,172,1590.0,1620.0,1556.0
2024-08-14,-48.0,-2.98,1562.0,,10068,165,1577.9,1599.0,1550.0
2024-08-13,-30.0,-1.83,1610.0,,9934,141,1621.0,1655.0,1610.0
2024-08-12,-25.0,-1.5,1640.0,,12932,203,1695.0,1696.0,1637.0
2024-08-11,55.0,3.42,1665.0,,23195,310,1642.2,1670.0,1620.0
2024-08-08,84.9,5.57,1610.0,,17953,227,1525.1,1620.2,1505.0
2024-08-07,0.1,0.01,1525.1,,7188,137,1553.0,1595.0,1525.0
2024-08-06,-95.0,-5.86,1525.0,,9157,161,1588.0,1615.0,1525.0
2024-08-05,-26.0,-1.58,1620.0,,10706,123,1665.0,1665.0,1551.0
2024-08-01,25.0,1.54,1646.0,,10709,179,1627.0,1653.0,1589.0
2024-07-31,-27.1,-1.64,1621.0,,10113,156,1622.0,1649.0,1621.0
2024-07-30,-1.9,-0.12,1648.1,,8971,139,1680.0,1680.0,1597.0
2024-07-29,-77.0,-4.46,1650.0,,14831,222,1700.0,1700.0,1620.1
2024-07-28,33.8,2.0,1727.0,,12411,203,1727.0,1727.0,1600.0
2024-07-25,89.2,5.56,1693.2,,22160,341,1625.0,1693.2,1600.0
2024-07-24,-23.0,-1.41,1604.0,,12926,152,1650.0,1654.0,1581.0
2024-07-23,27.0,1.69,1627.0,,7220,133,1568.0,1630.0,1568.0
2024-07-22,-20.0,-1.23,1600.0,,7117,135,1623.0,1623.0,1561.4
2024-07-21,20.6,1.29,1620.0,,16083,192,1630.0,1655.0,1587.6
2024-07-18,31.4,2.0,1599.4,,11306,270,1538.2,1630.0,1538.2
2024-07-17,98.0,6.67,1568.0,,10542,221,1480.0,1584.0,1464.1
2024-07-16,61.0,4.33,1470.0,,9557,173,1402.0,1470.0,1400.0
2024-07-15,-10.0,-0.7,1409.0,65.39,4626,72,1440.0,1440.0,1400.0
2024-07-14,6.0,0.42,1419.0,85.84,6048,103,1441.2,1450.0,1406.3
2024-07-11,-1.1,-0.08,1413.0,,7823,122,1430.0,1430.0,1406.0
2024-07-10,36.0,2.61,1414.1,,12722,196,1397.0,1433.0,1397.0
2024-07-09,23.1,1.7,1378.1,58.79,4291,113,1336.1,1389.9,1336.1
2024-07-08,-5.0,-0.37,1355.0,74.41,5470,92,1365.0,1380.0,1346.0
2024-07-07,65.9,5.09,1360.0,,10426,163,1310.0,1362.8,1293.3
2024-07-04,-14.8,-1.13,1294.1,51.48,3958,80,1315.0,1317.8,1290.2
2024-07-03,3.9,0.3,1308.9,54.33,4177,55,1300.0,1309.0,1284.1
2024-07-02,31.0,2.43,1305.0,34.16,2613,57,1299.4,1351.5,1299.4
2024-07-01,4.5,0.35,1274.0,33.23,2611,53,1270.0,1292.0,1266.2
2024-06-30,-24.5,-1.89,1269.5,,8228,81,1294.0,1295.0,1269.5
2024-06-27,-13.0,-0.99,1294.0,42.05,3257,67,1322.0,1322.0,1287.0
2024-06-26,-2.1,-0.16,1307.0,24.04,1849,52,1328.8,1328.8,1290.0
2024-06-25,-2.0,-0.15,1309.1,86.34,6578,64,1310.0,1334.0,1309.1
2024-06-24,7.7,0.59,1311.1,49.07,3734,65,1300.0,1355.7,1290.1
2024-06-23,-26.6,-2.0,1303.4,49.38,3760,67,1308.0,1339.0,1303.4
2024-06-20,-9.0,-0.67,1330.0,87.99,6584,80,1330.0,1355.0,1319.0
2024-06-19,-20.0,-1.47,1339.0,25.56,1910,52,1340.2,1350.0,1335.0
2024-06-18,-6.0,-0.44,1359.0,27.04,2013,69,1338.0,1365.8,1313.0
2024-06-16,0.0,0.0,1365.0,,10657,98,1365.0,1375.0,1340.2
2024-06-13,-19.0,-1.37,1365.0,,14751,110,1398.0,1409.0,1360.0
2024-06-12,6.0,0.44,1384.0,,9554,94,1400.0,1400.0,1356.1
2024-06-11,8.0,0.58,1378.0,35.17,2573,89,1370.0,1390.0,1345.4
2024-06-10,20.0,1.48,1370.0,,10963,122,1350.0,1374.0,1326.1
2024-06-09,-20.0,-1.46,1350.0,,15925,117,1396.5,1417.4,1350.0
2024-06-06,11.5,0.85,1370.0,,10924,132,1370.0,1400.0,1352.0
2024-06-05,-1.5,-0.11,1358.5,41.45,3081,58,1360.0,1360.6,1334.0
2024-06-04,50.3,3.84,1360.0,,7805,116,1311.1,1370.0,1311.1
2024-06-03,74.7,6.05,1309.7,61.44,4909,79,1234.0,1325.0,1220.0
2024-06-02,-25.0,-1.98,1235.0,22.38,1808,57,1246.2,1246.2,1235.0
2024-05-30,-39.0,-3.0,1260.0,47.96,3811,77,1300.0,1300.0,1250.0
2024-05-29,-40.0,-2.99,1299.0,19.6,1496,34,1315.5,1341.3,1291.1
2024-05-27,13.8,1.04,1339.0,35.06,2650,59,1320.0,1340.0,1307.0
2024-05-26,-56.9,-4.12,1325.2,69.79,5109,77,1392.0,1400.0,1325.1
2024-05-22,-27.9,-1.98,1382.1,54.9,4016,71,1405.0,1434.0,1355.0
2024-05-21,30.0,2.17,1410.0,73.39,5247,102,1407.0,1423.0,1352.0
2024-05-20,40.0,2.99,1380.0,,9634,149,1349.9,1390.0,1345.0
2024-05-19,5.1,0.38,1340.0,60.85,4584,104,1334.0,1349.0,1314.0
2024-05-16,38.9,3.0,1334.9,82.91,6262,124,1296.0,1340.0,1287.8
2024-05-15,-24.0,-1.82,1296.0,,9519,100,1344.0,1344.0,1292.7
2024-05-14,38.0,2.96,1320.0,84.32,6488,120,1275.0,1320.0,1273.0
2024-05-13,32.0,2.56,1282.0,36.6,2908,68,1249.0,1283.0,1240.0
2024-05-12,-22.0,-1.73,1250.0,37.67,3032,42,1248.0,1250.0,1233.2
2024-05-09,-27.0,-2.08,1272.0,53.18,4212,78,1274.0,1299.4,1241.0
2024-05-08,49.0,3.92,1299.0,,11050,130,1232.3,1299.0,1232.3
2024-05-07,25.9,2.12,1250.0,,8358,140,1220.2,1263.0,1220.2
2024-05-06,4.1,0.34,1224.1,,11720,152,1201.0,1250.0,1193.0
2024-05-05,22.0,1.84,1220.0,,13218,197,1190.0,1264.0,1190.0
2024-05-02,48.0,4.17,1198.0,,20332,183,1173.0,1224.0,1148.0
2024-04-30,10.0,0.88,1150.0,55.37,4851,55,1123.0,1160.0,1123.0
2024-04-29,-23.9,-2.05,1140.0,22.41,1962,40,1141.0,1163.0,1131.0
2024-04-28,23.9,2.1,1163.9,89.05,7670,32,1120.1,1165.0,1120.1
2024-04-25,-7.0,-0.61,1140.0,16.65,1459,40,1158.0,1158.0,1130.0
2024-04-24,8.0,0.7,1147.0,16.07,1394,40,1150.0,1170.0,1147.0
2024-04-22,-3.0,-0.26,1139.0,,22139,37,1160.0,1183.2,1132.0
2024-04-21,12.0,1.06,1142.0,17.21,1527,32,1130.0,1142.0,1115.5
2024-04-18,-19.0,-1.65,1130.0,,23507,52,1136.0,1158.7,1127.0
2024-04-16,-31.0,-2.63,1149.0,22.96,1989,30,1180.0,1180.0,1140.0
2024-04-15,15.0,1.29,1180.0,,8987,96,1165.0,1190.0,1151.0
2024-04-14,42.0,3.74,1165.0,46.72,4064,77,1145.4,1165.0,1115.0
2024-04-10,-35.2,-3.04,1123.0,71.29,6247,80,1140.1,1162.9,1120.0
2024-04-09,-36.8,-3.08,1158.2,40.59,3461,92,1217.9,1217.9,1158.1
2024-04-07,44.0,3.82,1195.0,,9368,153,1173.0,1198.9,1163.0
2024-04-04,21.0,1.86,1151.0,64.61,5635,103,1130.0,1165.0,1117.0
2024-04-03,14.0,1.25,1130.0,48.16,4303,63,1095.0,1134.0,1095.0
2024-04-02,15.0,1.36,1116.0,25.73,2312,50,1101.0,1125.0,1100.0
2024-04-01,1.0,0.09,1101.0,25.29,2303,33,1095.0,1120.7,1091.0
2024-03-31,-29.0,-2.57,1100.0,24.02,2181,43,1107.0,1129.0,1085.1
2024-03-28,-11.0,-0.96,1129.0,12.98,1159,35,1160.0,1161.0,1107.5
2024-03-27,7.0,0.62,1140.0,42.09,3778,65,1115.5,1140.0,1094.7
2024-03-26,4.0,0.35,1133.0,25.64,2267,36,1112.0,1137.9,1111.0
2024-03-25,-31.0,-2.67,1129.0,25.84,2312,43,1158.0,1158.0,1115.3
2024-03-21,-17.0,-1.44,1160.0,33.89,2909,50,1198.0,1198.0,1140.1
2024-03-20,34.8,3.05,1177.0,98.99,8450,139,1160.0,1192.0,1143.1
2024-03-19,35.2,3.18,1142.2,54.76,4909,55,1087.0,1145.0,1085.0
2024-03-18,13.0,1.19,1107.0,30.24,2726,30,1080.1,1113.0,1080.1
2024-03-17,-27.0,-2.41,1094.0,52.49,4778,69,1112.0,1120.0,1080.0
2024-03-14,-37.5,-3.24,1121.0,34.55,3070,67,1156.0,1156.0,1118.0
2024-03-13,23.62,2.08,1158.5,25.62,2194,89,1157.5,1180.6,1157.5
2024-03-12,85.8,7.56,1220.0,,25205,371,1145.0,1230.9,1140.0
2024-03-10,62.2,5.8,1134.2,55.07,4925,117,1085.0,1136.0,1085.0
2024-03-07,7.8,0.73,1072.0,30.39,2852,29,1085.4,1085.4,1064.0
2024-03-06,0.1,0.01,1064.2,24.29,2283,37,1064.1,1070.0,1056.4
2024-03-05,20.1,1.93,1064.1,37.44,3502,63,1064.8,1086.0,1063.0
2024-03-03,-2.0,-0.19,1044.0,9.25,895,36,1046.0,1049.6,1027.0
2024-02-29,-16.0,-1.51,1046.0,23.52,2249,31,1070.0,1070.0,1043.0
2024-02-28,-27.0,-2.48,1062.0,7.07,665,17,1082.0,1082.0,1062.0
2024-02-27,7.8,0.72,1089.0,3.79,354,8,1071.0,1092.0,1071.0
2024-02-26,6.2,0.58,1081.2,18.95,1806,35,1060.0,1081.2,1039.0
2024-02-25,5.0,0.47,1075.0,24.49,2313,46,1050.0,1075.0,1050.0
2024-02-22,10.9,1.03,1070.0,5.88,557,19,1065.0,1080.0,1053.0
2024-02-21,-25.8,-2.38,1059.1,20.47,1927,34,1064.0,1080.0,1059.0
2024-02-20,19.8,1.86,1084.9,11.12,1038,31,1046.0,1084.9,1046.0
2024-02-18,-16.91,-1.56,1065.09,12.53,1173,45,1080.0,1086.3,1065.0
2024-02-15,-19.0,-1.73,1082.0,30.46,2800,55,1081.3,1100.0,1081.3
2024-02-14,-5.0,-0.45,1101.0,7.19,653,23,1106.0,1125.0,1093.0
2024-02-13,5.0,0.45,1106.0,27.2,2453,54,1105.0,1125.0,1092.0
2024-02-12,-16.0,-1.43,1101.0,8.76,790,32,1129.0,1129.0,1101.0
2024-02-11,-8.0,-0.71,1117.0,26.05,2330,43,1105.0,1127.0,1105.0
2024-02-07,-13.0,-1.14,1130.0,26.97,2382,33,1143.0,1143.0,1122.0
2024-02-06,32.0,2.88,1143.0,21.76,1935,70,1111.0,1155.0,1110.0
2024-02-05,-7.9,-0.71,1111.0,14.33,1310,22,1115.0,1115.0,1076.1
2024-02-04,17.9,1.63,1118.9,6.73,612,24,1081.0,1119.0,1081.0
2024-02-01,-26.0,-2.31,1101.0,17.85,1620,38,1108.0,1108.0,1100.0
2024-01-31,-18.0,-1.57,1127.0,8.87,788,31,1135.0,1144.9,1116.1
2024-01-30,-6.0,-0.52,1145.0,13.54,1184,32,1151.0,1155.0,1132.0
2024-01-29,-18.9,-1.62,1151.0,41.1,3567,30,1150.0,1172.0,1147.0
2024-01-28,22.9,2.0,1169.9,42.52,3747,56,1125.0,1169.9,1125.0
2024-01-25,-23.0,-1.97,1147.0,18.88,1641,37,1170.0,1170.0,1147.0
2024-01-24,0.0,0.0,1170.0,19.97,1703,34,1165.0,1180.0,1165.0
2024-01-23,-12.9,-1.09,1170.0,64.54,5510,42,1185.0,1185.0,1149.1
2024-01-22,-26.1,-2.16,1182.9,66.51,5684,80,1184.9,1189.0,1163.1
2024-01-21,0.0,0.0,1209.0,66.41,5528,75,1184.9,1227.0,1161.3
2024-01-18,-5.0,-0.41,1209.0,62.79,5200,67,1214.0,1220.0,1190.0
2024-01-17,-1.0,-0.08,1214.0,,8429,98,1217.8,1255.0,1205.0
2024-01-16,46.2,3.95,1215.0,98.34,8260,107,1184.9,1215.0,1166.2
2024-01-14,71.8,6.55,1168.8,81.88,7165,112,1118.0,1169.0,1118.0
2024-01-11,-9.0,-0.81,1097.0,12.17,1108,37,1107.0,1110.0,1086.0
2024-01-10,-9.0,-0.81,1106.0,36.34,3253,71,1093.0,1137.0,1092.1
2024-01-09,15.0,1.36,1115.0,40.13,3669,91,1079.0,1122.0,1061.0
2024-01-08,20.0,1.85,1100.0,48.61,4469,72,1096.0,1115.0,1074.1
2024-01-07,-31.0,-2.79,1080.0,70.58,6456,79,1120.0,1130.0,1061.0
2024-01-04,55.0,5.21,1111.0,40.98,3811,67,1069.0,1111.0,1051.0
2024-01-03,-4.0,-0.38,1056.0,17.4,1652,29,1041.1,1070.0,1041.1
2024-01-02,-5.0,-0.47,1060.0,54.66,5148,57,1085.0,1085.0,1048.0
2024-01-01,-35.0,-3.18,1065.0,35.12,3261,55,1100.0,1120.0,1062.0
2023-12-28,-20.0,-1.79,1100.0,23.41,2169,48,1142.0,1142.0,1071.0
2023-12-27,-23.0,-2.01,1120.0,58.0,5198,77,1125.0,1153.0,1102.0
2023-12-24,-7.0,-0.61,1143.0,47.13,4135,71,1170.0,1170.0,1125.0
2023-12-21,-14.5,-1.25,1150.0,58.65,5161,72,1141.3,1185.0,1117.2
2023-12-20,43.5,3.88,1164.5,84.02,7329,96,1143.0,1165.0,1123.0
2023-12-19,1.0,0.09,1121.0,41.61,3724,83,1141.0,1157.9,1101.1
2023-12-18,91.0,8.84,1120.0,55.91,5124,102,1049.5,1120.0,1049.5
2023-12-17,3.9,0.38,1029.0,22.08,2163,44,1004.6,1030.0,1004.6
2023-12-14,-39.9,-3.75,1025.1,28.79,2759,43,1043.7,1060.0,1025.1
2023-12-13,20.0,1.91,1065.0,34.69,3334,74,1065.9,1080.0,1020.0
2023-12-12,70.0,7.18,1045.0,49.55,4925,79,980.0,1049.6,970.1
2023-12-11,48.4,5.22,975.0,43.34,4472,106,944.9,992.4,944.9
2023-12-10,18.1,1.99,926.6,,10,1,926.6,926.6,926.6
2023-12-07,-6.5,-0.71,908.5,11.7,1268,37,925.0,940.0,908.5
2023-12-06,9.0,0.99,915.0,3.05,332,10,924.1,930.0,910.0
2023-12-05,-29.0,-3.1,906.0,11.55,1259,40,921.0,934.0,905.0
2023-12-04,-10.0,-1.06,935.0,15.92,1706,26,945.0,945.0,927.0
2023-12-03,-5.0,-0.53,945.0,,14306,49,965.0,966.0,936.0
2023-11-30,13.0,1.39,950.0,48.57,5129,46,953.0,955.0,919.0
2023-11-29,15.0,1.63,937.0,14.8,1582,27,922.0,958.8,920.0
2023-11-28,-1.0,-0.11,922.0,,12988,35,916.0,941.2,915.2
2023-11-27,-20.0,-2.12,923.0,46.49,4965,45,940.0,940.0,912.0
2023-11-26,33.0,3.63,943.0,8.47,915,20,925.0,943.0,918.0
2023-11-23,-5.0,-0.55,910.0,14.9,1632,20,915.0,919.9,909.0
2023-11-22,-11.0,-1.19,915.0,55.33,6045,58,910.0,928.0,901.0
2023-11-21,-32.0,-3.34,926.0,12.75,1365,41,940.0,950.0,926.0
2023-11-20,-31.4,-3.17,958.0,15.19,1571,18,989.0,990.0,951.0
2023-11-09,19.4,2.0,989.4,,101,6,970.0,989.4,970.0
2023-11-08,-10.1,-1.03,970.0,12.53,1286,38,968.1,990.0,968.1
2023-11-07,-5.4,-0.55,980.1,16.44,1667,22,1000.0,1000.0,980.1
2023-11-06,-13.5,-1.35,985.5,19.12,1928,31,990.0,1000.0,983.0
2023-11-05,25.0,2.57,999.0,44.14,4531,41,981.0,999.0,970.0
2023-11-02,-17.3,-1.75,974.0,13.1,1321,30,980.0,1000.0,974.0
2023-11-01,-3.3,-0.33,991.3,8.11,823,21,980.0,999.0,980.0
2023-10-31,5.5,0.56,994.6,24.0,2440,59,988.0,1008.8,975.1
2023-10-30,-4.9,-0.49,989.1,25.68,2585,33,985.1,1001.9,985.1
2023-10-29,-16.0,-1.58,994.0,30.01,3000,52,1020.0,1020.0,990.3
2023-10-19,-25.0,-2.42,1010.0,17.29,1692,55,1035.0,1035.0,1010.0
2023-10-18,-8.0,-0.77,1035.0,43.15,4220,81,1060.0,1060.0,1009.4
2023-10-17,9.9,0.96,1043.0,47.86,4680,53,1032.0,1049.0,1010.0
2023-10-16,-6.9,-0.66,1033.1,11.97,1155,30,1032.1,1050.0,1030.0
2023-10-12,-30.0,-2.8,1040.0,14.87,1427,25,1060.0,1070.0,1032.2
2023-10-11,15.0,1.42,1070.0,21.31,2031,16,1041.0,1070.0,1041.0
2023-10-10,0.0,0.0,1055.0,13.83,1324,35,1040.0,1055.0,1040.0
2023-10-09,-19.4,-1.81,1055.0,45.14,4278,43,1053.2,1066.9,1053.0
2023-10-08,-20.6,-1.88,1074.4,37.72,3509,52,1095.0,1095.0,1055.0
2023-10-05,0.5,0.05,1095.0,25.82,2351,41,1103.0,1103.0,1094.0
2023-10-04,-0.5,-0.05,1094.5,27.1,2467,30,1081.0,1109.9,1081.0
2023-10-03,-3.0,-0.27,1095.0,6.1,558,26,1090.0,1100.0,1087.0
2023-10-02,4.7,0.43,1098.0,27.46,2501,52,1095.0,1110.0,1090.0
2023-10-01,-21.7,-1.95,1093.3,40.14,3649,54,1100.0,1110.0,1090.3
2023-09-27,-17.9,-1.58,1115.0,36.13,3248,47,1145.0,1145.0,1101.0
2023-09-26,34.0,3.09,1132.9,36.41,3262,63,1120.0,1140.5,1081.0
2023-09-25,-3.1,-0.28,1098.9,47.97,4429,50,1086.1,1114.9,1069.0
2023-09-24,45.4,4.3,1102.0,58.66,5328,99,1077.7,1137.0,1071.0
2023-09-21,16.6,1.6,1056.6,35.46,3312,63,1060.8,1110.0,1056.6
2023-09-19,4.0,0.39,1040.0,14.16,1359,28,1030.0,1060.0,1030.0
2023-09-18,-20.7,-1.96,1036.0,9.77,940,21,1040.0,1049.0,1036.0
2023-09-17,-15.3,-1.43,1056.7,41.62,3994,62,1057.1,1059.0,1036.0
2023-09-13,5.0,0.47,1072.0,20.33,1890,43,1050.0,1086.0,1050.0
2023-09-12,-22.8,-2.09,1067.0,27.2,2555,44,1080.0,1099.9,1041.0
2023-09-11,31.8,3.01,1089.8,17.93,1668,49,1079.1,1091.0,1045.0
2023-09-10,28.0,2.72,1058.0,57.41,5502,47,1030.0,1063.5,1030.0
2023-09-07,-58.0,-5.33,1030.0,28.58,2753,52,1067.0,1068.0,1026.0
2023-09-05,13.0,1.21,1088.0,11.37,1072,22,1055.0,1088.0,1050.0
2023-09-04,3.0,0.28,1075.0,49.2,4655,67,1051.2,1075.0,1034.0
2023-09-03,-28.0,-2.55,1072.0,36.58,3396,77,1099.0,1115.0,1060.0
2023-08-30,-15.0,-1.35,1100.0,49.05,4479,77,1115.0,1122.9,1080.0
2023-08-29,5.0,0.45,1115.0,30.02,2704,40,1132.2,1132.2,1109.0
2023-08-28,-30.0,-2.63,1110.0,28.87,2577,40,1162.8,1162.8,1110.0
2023-08-27,0.0,0.0,1140.0,50.14,4443,57,1118.0,1156.0,1109.3
2023-08-24,-17.7,-1.53,1140.0,,15345,129,1180.0,1180.0,1112.5
2023-08-23,51.7,4.67,1157.7,,14087,139,1110.0,1157.7,1100.0
2023-08-22,-9.0,-0.81,1106.0,17.13,1550,52,1137.2,1159.9,1094.0
2023-08-21,-4.9,-0.44,1115.0,12.64,1136,33,1115.0,1125.0,1110.0
2023-08-20,-28.7,-2.5,1119.9,54.81,4848,91,1171.5,1171.5,1111.0
2023-08-17,-23.3,-1.99,1148.6,29.63,2573,46,1160.0,1168.0,1148.6
2023-08-16,-43.39,-3.57,1171.9,,9379,217,1200.0,1200.0,1110.0
2023-07-13,13.0,0.96,1366.0,19.69,1422,32,1380.0,1407.0,1366.0
2023-07-12,-22.0,-1.6,1353.0,25.97,1898,67,1400.0,1402.0,1353.0
2023-07-11,-30.0,-2.14,1375.0,25.46,1856,62,1405.0,1405.0,1349.4
2023-07-10,0.0,0.0,1405.0,35.64,2525,52,1429.0,1433.0,1403.5
2023-07-09,5.0,0.36,1405.0,13.61,965,31,1428.0,1428.0,1404.0
2023-07-06,-7.0,-0.5,1400.0,23.42,1683,35,1380.0,1400.1,1378.9
2023-07-05,-28.0,-1.95,1407.0,60.25,4278,58,1430.0,1430.0,1400.0
2023-07-04,13.0,0.91,1435.0,27.59,1952,27,1410.0,1435.0,1410.0
2023-07-03,-28.1,-1.94,1422.0,37.53,2616,62,1451.0,1470.0,1422.0
2023-07-02,-59.9,-3.97,1450.1,32.3,2211,69,1510.0,1537.9,1450.0
2023-06-28,-31.9,-2.07,1510.0,57.92,3821,104,1572.0,1573.0,1484.0
2023-06-27,139.8,9.97,1541.9,75.39,5003,140,1430.0,1542.0,1430.0
2023-06-26,25.9,1.88,1402.1,48.86,3435,91,1398.0,1448.3,1377.2
2023-06-25,32.2,2.4,1376.2,62.2,4659,103,1344.0,1378.0,1320.0
2023-06-22,5.0,0.37,1344.0,28.29,2111,51,1365.0,1365.0,1335.0
2023-06-21,-13.1,-0.97,1339.0,25.2,1870,56,1331.0,1384.0,1331.0
2023-06-20,-54.9,-3.9,1352.1,45.06,3236,64,1407.0,1420.0,1352.0
2023-06-19,7.0,0.5,1407.0,40.8,2912,56,1381.0,1410.0,1381.0
2023-06-18,10.0,0.72,1400.0,29.99,2144,47,1395.0,1410.0,1373.0
2023-06-15,-10.0,-0.71,1390.0,57.89,4227,90,1375.0,1400.0,1350.0
2023-06-14,55.0,4.09,1400.0,53.55,3846,98,1345.0,1409.0,1345.0
2023-06-13,22.5,1.7,1345.0,37.38,2789,68,1302.0,1365.0,1302.0
2023-06-12,-16.5,-1.23,1322.5,33.98,2553,56,1339.0,1340.0,1314.0
2023-06-11,74.0,5.85,1339.0,53.2,4170,83,1265.0,1339.0,1251.0
2023-06-08,20.0,1.61,1265.0,23.48,1861,44,1244.0,1275.0,1244.0
2023-06-07,23.0,1.88,1245.0,40.35,3241,70,1246.0,1264.8,1230.0
2023-06-06,27.0,2.26,1222.0,27.14,2237,37,1203.0,1230.0,1190.0
2023-06-05,0.0,0.0,1195.0,46.11,3827,55,1200.0,1223.0,1190.0
2023-06-04,26.0,2.22,1195.0,15.16,1273,28,1169.0,1195.4,1169.0
2023-06-01,19.0,1.65,1169.0,21.4,1851,49,1135.0,1196.0,1115.0
2023-05-31,-23.0,-1.96,1150.0,27.59,2355,47,1191.0,1196.0,1150.0
2023-05-30,-48.3,-3.95,1173.0,30.4,2570,56,1215.0,1215.0,1173.0
2023-05-28,-60.7,-4.73,1221.3,56.19,4413,91,1271.0,1288.9,1221.3
2023-05-24,37.0,2.97,1282.0,27.22,2152,56,1250.0,1283.0,1220.1
2023-05-23,79.7,6.84,1245.0,42.14,3458,60,1187.0,1245.0,1180.0
2023-05-22,3.3,0.28,1165.3,5.99,514,15,1165.0,1179.9,1160.0
2023-05-21,-4.0,-0.34,1162.0,15.72,1342,47,1180.0,1180.0,1162.0
2023-05-18,18.0,1.57,1166.0,12.59,1082,41,1169.9,1181.0,1147.0
2023-05-17,-2.0,-0.17,1148.0,5.46,474,21,1131.0,1166.5,1131.0
2023-05-16,24.0,2.13,1150.0,15.2,1318,31,1147.0,1189.0,1145.0
2023-05-15,2.8,0.25,1126.0,11.8,1040,39,1145.6,1145.6,1125.0
2023-05-14,-10.8,-0.95,1123.2,16.87,1503,31,1132.0,1139.0,1101.0
2023-05-11,-16.0,-1.39,1134.0,6.85,603,22,1130.0,1150.0,1128.0
2023-05-10,-15.0,-1.29,1150.0,6.55,569,25,1145.0,1164.0,1145.0
2023-05-09,27.0,2.37,1165.0,6.3,545,22,1138.0,1168.0,1138.0
2023-05-08,-24.0,-2.07,1138.0,12.86,1127,42,1139.1,1162.8,1135.0
2023-05-07,-9.0,-0.77,1162.0,5.06,435,23,1171.0,1176.0,1158.0
2023-05-04,4.0,0.34,1171.0,6.13,528,16,1167.0,1178.9,1150.0
2023-05-03,0.6,0.05,1167.0,8.5,729,27,1189.0,1189.0,1163.1
2023-05-02,-23.8,-2.0,1166.4,23.03,1962,67,1173.0,1190.0,1166.4
2023-04-30,-13.8,-1.15,1190.2,9.16,769,26,1204.0,1204.0,1190.0
2023-04-27,3.0,0.25,1204.0,14.34,1197,38,1201.0,1210.0,1190.0
2023-04-26,-9.0,-0.74,1201.0,7.44,619,29,1200.0,1206.0,1200.0
2023-04-25,0.0,0.0,1210.0,11.78,973,39,1200.0,1224.0,1200.0
2023-04-24,5.9,0.49,1210.0,5.85,488,21,1184.1,1212.2,1184.1
2023-04-23,-21.9,-1.79,1204.1,11.95,988,38,1221.0,1221.1,1198.0
2023-04-20,-23.0,-1.84,1226.0,7.76,632,24,1231.0,1231.0,1226.0
2023-04-19,18.0,1.46,1249.0,11.1,896,21,1254.0,1254.0,1235.0
2023-04-18,-1.4,-0.11,1231.0,21.58,1769,46,1240.0,1240.0,1215.6
2023-04-17,-15.43,-1.24,1232.4,48.22,3850,124,1272.7,1297.0,1232.4
2023-04-16,-13.9,-0.96,1435.0,,13294,165,1460.0,1460.0,1430.0
2023-04-13,24.9,1.75,1448.9,66.65,4620,114,1428.0,1465.0,1395.6
2023-04-12,99.0,7.47,1424.0,34.16,2458,70,1351.5,1433.1,1342.1
2023-04-11,5.0,0.38,1325.0,15.22,1147,39,1340.0,1341.0,1313.1
2023-04-10,-3.0,-0.23,1320.0,24.98,1898,41,1345.0,1345.0,1308.1
2023-04-09,-2.1,-0.16,1323.0,26.07,1967,53,1335.0,1350.0,1305.2
2023-04-06,-4.9,-0.37,1325.1,17.15,1287,57,1312.0,1349.9,1312.0
2023-04-05,10.0,0.76,1330.0,22.77,1741,52,1320.0,1330.0,1300.0
2023-04-04,-2.0,-0.15,1320.0,12.75,969,33,1301.0,1324.0,1300.0
2023-04-03,-11.0,-0.83,1322.0,18.13,1369,58,1320.0,1343.5,1320.0
2023-04-02,-50.0,-3.62,1333.0,38.45,2813,95,1400.0,1409.7,1333.0
2023-03-30,-24.0,-1.71,1383.0,14.42,1026,41,1430.0,1435.0,1383.0
2023-03-29,12.0,0.86,1407.0,23.82,1707,72,1400.0,1411.0,1375.0
2023-03-28,13.5,0.98,1395.0,,12305,299,1353.9,1424.0,1300.5
2023-03-27,-153.5,-10.0,1381.5,53.53,3830,106,1504.3,1504.3,1381.5
2023-03-26,-135.0,-8.08,1535.0,86.31,5517,168,1660.1,1660.1,1530.0
2023-03-23,-12.0,-0.71,1670.0,18.15,1090,48,1682.0,1682.0,1661.0
2023-03-22,-8.2,-0.49,1682.0,44.23,2621,79,1690.3,1700.0,1682.0
2023-03-20,-9.8,-0.58,1690.2,32.33,1892,71,1700.0,1720.0,1690.2
2023-03-19,-10.0,-0.58,1700.0,21.35,1251,57,1744.0,1744.0,1700.0
2023-03-16,-16.1,-0.93,1710.0,27.87,1629,57,1711.1,1720.0,1706.0
2023-03-15,-50.9,-2.86,1726.1,40.32,2324,67,1760.0,1760.0,1717.3
2023-03-14,-5.0,-0.28,1777.0,11.51,654,41,1750.0,1785.0,1750.0
2023-03-13,-20.0,-1.11,1782.0,39.74,2245,73,1805.0,1805.0,1742.1
2023-03-12,-2.0,-0.11,1802.0,26.25,1456,60,1801.0,1815.0,1796.2
2023-03-09,39.0,2.21,1804.0,38.14,2120,75,1799.9,1835.0,1790.0
2023-03-07,25.0,1.44,1765.0,53.57,3028,76,1741.0,1810.0,1740.1
2023-03-05,-32.0,-1.81,1740.0,,5774,178,1800.0,1800.0,1737.0
2023-03-02,-78.0,-4.22,1772.0,52.05,2920,99,1813.0,1813.0,1765.0
2023-03-01,-77.8,-4.04,1850.0,82.36,4436,147,1945.0,1945.0,1840.4
2023-02-28,-12.2,-0.63,1927.8,23.29,1211,48,1940.0,1945.9,1914.0
2023-02-27,2.0,0.1,1940.0,83.64,4357,171,1970.9,1971.0,1877.0
2023-02-26,31.8,1.67,1938.0,,13752,382,1868.1,1955.0,1730.0
2023-02-23,-211.8,-10.0,1906.2,,14056,372,2075.7,2077.6,1906.2
2023-02-22,1.0,0.05,2118.0,49.48,2328,94,2130.0,2158.5,2111.5
2023-02-20,-15.5,-0.73,2117.0,68.43,3242,129,2120.0,2158.0,2100.0
2023-02-16,-42.5,-1.95,2132.5,75.27,3503,117,2153.0,2173.1,2132.5
2023-02-15,-19.0,-0.87,2175.0,47.39,2174,92,2195.0,2210.0,2165.0
2023-02-14,-11.0,-0.5,2194.0,41.66,1893,68,2244.9,2244.9,2187.0
2023-02-12,-60.0,-2.65,2205.0,78.32,3528,110,2259.0,2259.0,2205.0
2023-02-09,6.0,0.27,2265.0,34.76,1542,57,2287.0,2287.0,2238.0
2023-02-08,19.0,0.85,2259.0,83.48,3708,128,2248.0,2300.0,2225.0
2023-02-07,50.0,2.28,2240.0,64.67,2901,93,2200.0,2249.9,2195.0
2023-02-06,18.0,0.83,2190.0,39.48,1808,64,2197.0,2199.0,2175.0
2023-02-05,-14.1,-0.64,2172.0,76.54,3506,104,2180.1,2200.0,2165.0
2023-02-02,-28.9,-1.3,2186.1,72.64,3302,130,2215.0,2250.0,2186.1
2023-02-01,-14.0,-0.63,2215.0,44.88,2021,77,2225.0,2229.0,2215.0
2023-01-31,-12.0,-0.54,2229.0,94.2,4233,133,2205.0,2270.0,2195.0
2023-01-30,-48.0,-2.1,2241.0,,5360,195,2314.9,2314.9,2241.0
2023-01-29,-22.0,-0.95,2289.0,,8487,277,2330.0,2330.0,2280.0
2023-01-26,0.0,-1.41,2311.0,,6890,0,2390.8,2390.8,2304.0
2023-01-25,0.0,6.55,2344.0,,27217,0,2244.0,2420.0,2244.0
2023-01-23,0.0,0.05,2200.0,,146,0,2200.0,2200.0,2200.0
2023-01-19,0.0,3.73,2199.0,,6150,0,2137.0,2203.0,2111.0
2023-01-18,0.0,0.33,2120.0,,2110,0,2120.0,2155.0,2102.0
2023-01-17,0.0,-0.56,2113.0,,2702,0,2148.0,2150.0,2107.0
2023-01-12,0.0,-1.16,2125.0,,6848,0,2190.0,2230.0,2125.0
2023-01-10,0.0,-2.27,2150.0,,6659,0,2200.0,2233.0,2150.0
2023-01-09,0.0,0.0,2200.0,,4615,0,2157.0,2243.0,2157.0
2023-01-08,0.0,-1.3,2200.0,,5488,0,2186.0,2260.0,2175.0
2023-01-05,0.0,5.14,2229.0,,12176,0,2162.0,2244.0,2150.0
2023-01-04,0.0,5.05,2120.0,,5316,0,2049.0,2129.0,2000.0
2023-01-03,0.0,-0.59,2018.0,,6290,0,2070.0,2070.0,2000.0
2023-01-02,0.0,1.5,2030.0,,2806,0,2014.9,2050.0,1985.0
2023-01-01,0.0,1.16,2000.0,,4907,0,1980.0,2019.0,1957.0
2022-12-29,0.0,3.13,1977.0,,2287,0,1917.0,1977.0,1911.0
2022-12-28,0.0,-0.83,1917.0,,2732,0,1900.0,1944.0,1900.0
2022-12-27,0.0,0.1,1933.0,,4789,0,1966.0,1986.9,1933.0
2022-12-26,0.0,2.28,1931.0,,3340,0,1925.0,1940.0,1901.0
2022-12-22,0.0,-1.41,1888.0,,1608,0,1940.0,1950.0,1877.0
2022-12-21,0.0,0.21,1915.0,,1795,0,1930.0,1930.0,1895.0
2022-12-20,0.0,0.58,1911.0,,2655,0,1905.0,1943.0,1905.0
2022-12-19,0.0,-1.25,1900.0,,1437,0,1926.0,1928.0,1889.5
2022-12-18,0.0,-2.38,1924.0,,1892,0,1971.0,1971.0,1915.0
2022-12-15,0.0,-1.23,1971.0,,2121,0,1996.0,2000.0,1965.0
2022-12-14,0.0,-0.22,1995.5,,2551,0,1999.0,2018.0,1995.2
2022-12-13,0.0,0.0,2000.0,,1571,0,2000.1,2069.0,1995.0
2022-12-12,0.0,-1.38,2000.0,,3508,0,1990.1,2020.0,1990.0
2022-12-11,0.0,-1.55,2028.0,,4733,0,2100.0,2100.0,2010.0
2022-12-07,0.0,3.0,2060.0,,9808,0,2040.0,2162.0,1983.0
2022-10-12,0.0,-2.2,2000.0,,3420,0,2021.0,2050.0,2000.0
2022-10-11,0.0,-0.34,2045.0,,1370,0,2045.0,2050.0,2012.0
2022-10-10,0.0,-1.49,2052.0,,1474,0,2090.0,2090.0,2051.0
2022-10-09,0.0,4.67,2083.0,,2539,0,2019.6,2083.0,2019.6
2022-09-29,0.0,3.38,1990.0,,1762,0,1963.5,2000.0,1963.5
2022-09-28,0.0,1.69,1925.0,,1154,0,1930.0,1950.0,1920.0
2022-09-27,0.0,1.66,1893.0,,1634,0,1862.0,1929.8,1842.0
2022-09-25,0.0,-2.0,1862.0,,3547,0,1867.0,1889.9,1830.0
2022-09-22,0.0,-2.06,1900.0,,2404,0,1931.0,1935.0,1900.0
2022-09-21,0.0,0.05,1939.9,,2354,0,1977.0,1977.7,1928.7
2022-09-20,0.0,-3.05,1939.0,,3544,0,1965.0,2000.0,1929.0
2022-09-18,0.0,-3.24,2000.0,,3376,0,2026.0,2070.0,2000.0
2022-09-16,0.0,-1.57,2067.0,,754,0,2060.0,2093.0,2056.0
2022-09-15,0.0,-2.95,2100.0,,3246,0,2164.0,2164.0,2087.4
2022-09-14,0.0,3.04,2163.9,,2316,0,2138.0,2180.0,2130.0
2022-09-13,0.0,0.96,2100.0,,1684,0,2120.0,2120.0,2080.0
2022-09-12,0.0,-0.48,2080.0,,1161,0,2090.1,2100.0,2080.0
2022-09-11,0.0,-0.28,2090.1,,1136,0,2097.1,2119.9,2090.1
2022-09-08,0.0,-0.14,2096.0,,1604,0,2128.9,2130.0,2086.4
2022-09-07,0.0,-0.9,2099.0,,1095,0,2100.0,2135.0,2090.0
2022-09-06,0.0,-1.03,2118.0,,2164,0,2182.8,2182.8,2100.0
2022-09-05,0.0,0.0,2140.0,,1636,0,2179.0,2179.0,2130.0
2022-09-04,0.0,-0.23,2140.0,,1730,0,2180.0,2180.0,2139.0
2022-09-02,0.0,-0.23,2145.0,,330,0,2187.0,2188.0,2141.0
2022-09-01,0.0,-0.42,2150.0,,1669,0,2150.0,2188.0,2122.0
2022-08-31,0.0,-1.86,2159.0,,2390,0,2200.0,2200.0,2150.0
2022-08-30,0.0,-0.05,2200.0,,1495,0,2244.0,2244.0,2180.0
2022-08-29,0.0,-1.08,2201.0,,3315,0,2226.0,2226.0,2199.0
2022-08-28,0.0,-1.94,2225.0,,3399,0,2255.0,2280.0,2225.0
2022-08-26,0.0,-0.92,2269.0,,1092,0,2290.0,2290.0,2255.0
2022-08-25,0.0,-0.65,2290.0,,2382,0,2283.0,2319.0,2283.0
2022-08-24,0.0,-0.15,2305.0,,2848,0,2349.0,2350.0,2300.0
2022-08-23,0.0,-0.71,2308.5,,2911,0,2325.0,2329.9,2300.0
2022-08-22,0.0,0.22,2325.0,,1341,0,2320.0,2335.0,2303.0
2022-08-21,0.0,-1.28,2320.0,,2197,0,2395.0,2395.0,2317.0
2022-08-18,0.0,1.08,2350.0,,3318,0,2349.0,2371.0,2326.0
2022-08-17,0.0,0.64,2325.0,,3147,0,2270.0,2343.8,2270.0
2022-08-16,0.0,-2.73,2310.1,,3339,0,2388.2,2403.0,2310.1
2022-08-15,0.0,3.22,2375.0,,4711,0,2301.0,2375.0,2290.0
2022-08-14,0.0,-0.26,2301.0,,7094,0,2315.0,2335.0,2294.0
2022-08-11,0.0,-1.49,2307.0,,7732,0,2388.8,2388.8,2307.0
2022-08-10,0.0,-0.51,2342.0,,4942,0,2311.0,2380.0,2311.0
2022-08-09,0.0,-2.12,2354.0,,7728,0,2405.0,2415.0,2351.0
2022-08-08,0.0,0.42,2405.0,,10677,0,2440.0,2468.0,2391.0
2022-08-07,0.0,1.4,2395.0,,5067,0,2400.0,2405.0,2365.1
2022-08-05,0.0,-3.32,2362.0,,5891,0,2400.0,2435.0,2360.0
2022-08-04,0.0,-1.34,2443.0,,8798,0,2480.0,2515.0,2430.0
2022-08-03,0.0,0.65,2476.1,,13092,0,2509.0,2580.0,2476.1
2022-08-02,0.0,3.58,2460.0,,6249,0,2380.0,2468.4,2355.0
2022-08-01,0.0,-1.14,2375.0,,4498,0,2430.0,2434.0,2370.0
2022-07-31,0.0,-0.73,2402.3,,5651,0,2460.0,2467.0,2401.0
2022-07-29,0.0,1.26,2420.0,,4907,0,2390.0,2437.8,2390.0
2022-07-28,0.0,4.78,2390.0,,15762,0,2326.0,2498.0,2326.0
2022-07-27,0.0,2.1,2281.0,,6780,0,2243.0,2281.0,2190.0
2022-07-26,0.0,-2.23,2234.0,,8295,0,2285.0,2290.0,2205.0
2022-07-25,0.0,3.39,2285.0,,7240,0,2250.0,2290.0,2225.1
2022-07-24,0.0,4.0,2210.0,,4985,0,2167.5,2210.0,2125.0
2022-07-22,0.0,-1.11,2125.0,,5792,0,2170.0,2170.0,2082.1
2022-07-21,0.0,2.57,2148.8,,7376,0,2136.0,2155.0,2100.0
2022-07-20,0.0,1.95,2095.0,,7517,0,2071.0,2120.0,2021.0
2022-07-19,0.0,1.73,2055.0,,2621,0,2020.0,2085.0,2015.0
2022-07-18,0.0,2.03,2020.0,,1694,0,1986.0,2025.0,1970.0
2022-07-17,0.0,2.32,1979.8,,1982,0,1916.0,1979.8,1915.0
2022-07-15,0.0,-0.01,1935.0,,1422,0,1920.0,1935.0,1915.0
2022-07-14,0.0,0.11,1935.1,,1664,0,1933.0,1977.0,1925.0
2022-07-13,0.0,2.33,1933.0,,2599,0,1925.0,1940.0,1920.0
2022-07-12,0.0,1.56,1889.0,,1725,0,1850.0,1900.0,1841.0
2022-07-11,0.0,-4.62,1860.0,,2997,0,1920.0,1920.0,1855.0
2022-07-08,0.0,-2.45,1950.0,,1896,0,2038.8,2038.8,1950.0
2022-07-07,0.0,-1.04,1999.0,,1997,0,2060.4,2080.0,1986.0
2022-07-06,0.0,0.7,2020.0,,2400,0,2046.0,2046.0,1960.0
2022-07-05,0.0,-2.15,2006.0,,3014,0,2089.9,2089.9,1995.0
2022-07-04,0.0,-1.49,2050.0,,7912,0,2122.4,2190.0,2039.0
2022-07-03,0.0,4.1,2081.0,,2902,0,2010.0,2081.0,1975.0
2022-07-01,0.0,0.0,1999.0,,1666,0,2038.7,2038.7,1995.0
2022-06-30,0.0,3.58,1999.0,,3423,0,1967.0,1999.0,1960.0
2022-06-29,0.0,4.32,1930.0,,1594,0,1886.9,1935.0,1865.0
2022-06-28,0.0,-1.6,1850.0,,2605,0,1917.5,1917.5,1832.6
2022-06-27,0.0,-1.57,1880.0,,3230,0,1947.9,1947.9,1880.0
2022-06-26,0.0,6.58,1909.9,,4289,0,1827.8,1930.0,1820.0
2022-06-24,0.0,1.24,1792.0,,2075,0,1805.3,1819.0,1755.0
2022-06-23,0.0,-1.12,1770.0,,1889,0,1795.0,1795.0,1745.1
2022-06-22,0.0,-1.65,1790.0,,1732,0,1820.0,1851.0,1785.0
2022-06-21,0.0,3.12,1820.0,,1583,0,1745.0,1847.0,1745.0
2022-06-20,0.0,-3.39,1765.0,,3155,0,1810.0,1820.0,1765.0
2022-06-19,0.0,-1.77,1827.0,,1620,0,1850.0,1850.0,1826.0
2022-06-17,0.0,-0.48,1860.0,,385,0,1850.0,1890.0,1850.0
2022-06-16,0.0,-0.32,1869.0,,1237,0,1900.0,1912.0,1869.0
2022-06-15,0.0,-1.0,1875.0,,2762,0,1900.0,1900.0,1830.0
2022-06-14,0.0,-0.84,1894.0,,2507,0,1895.0,1905.0,1880.0
2022-06-13,0.0,0.0,1910.0,,1655,0,1885.0,1922.0,1885.0
2022-06-10,0.0,-1.8,1910.0,,1480,0,1945.0,1945.0,1880.0
2022-06-09,0.0,0.67,1945.0,,2997,0,1965.0,1970.0,1910.0
2022-06-08,0.0,4.43,1932.0,,1956,0,1881.0,1932.9,1855.0
2022-06-07,0.0,-2.01,1850.0,,3358,0,1861.0,1891.0,1835.0
2022-06-06,0.0,2.11,1888.0,,2000,0,1885.9,1922.0,1848.0
2022-06-03,0.0,-1.49,1849.0,,2926,0,1877.0,1877.0,1820.1
2022-06-02,0.0,-1.31,1877.0,,2580,0,1939.0,1939.0,1877.0
2022-06-01,0.0,-0.73,1902.0,,2465,0,1912.0,1954.0,1901.0
2022-05-31,0.0,-1.79,1916.0,,2813,0,1950.0,1977.0,1915.0
2022-05-30,0.0,-0.81,1951.0,,1336,0,1999.0,1999.0,1932.0
2022-05-27,0.0,-0.2,1967.0,,525,0,1990.0,1990.0,1961.0
2022-05-26,0.0,-0.9,1971.0,,1412,0,1989.0,1997.0,1950.0
2022-05-25,0.0,1.22,1989.0,,491,0,1966.0,1999.0,1966.0
2022-05-24,0.0,1.92,1965.0,,9470,0,1945.0,1983.0,1926.0
2022-05-23,0.0,-1.13,1928.0,,1691,0,1950.0,1950.0,1911.0
2022-05-20,0.0,-0.76,1950.0,,1467,0,2003.0,2003.0,1935.0
2022-05-19,0.0,-1.21,1965.0,,950,0,1989.0,2019.0,1960.0
2022-05-18,0.0,0.01,1989.0,,1000,0,1936.0,2020.0,1936.0
2022-05-17,0.0,-3.9,1970.0,,3018,0,2045.0,2045.0,1965.0
2022-05-12,0.0,-3.62,2050.0,,4003,0,2140.0,2140.0,2045.0
2022-05-11,0.0,4.78,2127.0,,3227,0,2050.0,2131.0,2030.0
2022-05-10,0.0,2.11,2030.0,,4234,0,1995.0,2070.0,1950.0
2022-05-09,0.0,0.91,1988.0,,2260,0,1970.0,1997.0,1966.1
2022-05-08,0.0,1.23,1970.0,,2048,0,1915.1,1970.0,1912.0
2022-05-05,0.0,-2.7,1946.0,,3646,0,2000.0,2001.0,1945.4
2022-05-04,0.0,-2.49,2000.0,,2754,0,2051.0,2091.0,1990.0
2022-05-02,0.0,-2.1,2051.0,,2893,0,2135.9,2135.9,2040.0
2022-04-28,0.0,-0.29,2095.0,,1526,0,2101.0,2139.0,2090.0
2022-04-27,0.0,-0.9,2101.0,,1221,0,2090.0,2125.0,2078.0
2022-04-26,0.0,0.0,2120.0,,1029,0,2090.0,2131.7,2090.0
2022-04-25,0.0,-2.35,2120.0,,3027,0,2150.0,2193.0,2100.0
2022-04-24,0.0,4.38,2171.0,,2935,0,2121.6,2171.0,2081.0
2022-04-21,0.0,-0.34,2080.0,,1928,0,2046.5,2080.0,2046.5
2022-04-20,0.0,-1.56,2087.0,,2095,0,2162.0,2162.0,2060.0
2022-04-19,0.0,1.53,2120.0,,2798,0,2060.0,2128.0,2050.0
2022-04-18,0.0,-0.57,2088.0,,2196,0,2100.0,2110.0,2065.0
2022-04-17,0.0,-1.18,2100.0,,2899,0,2127.0,2145.0,2090.0
2022-04-13,0.0,2.11,2125.0,,2820,0,2040.0,2150.0,2040.0
2022-04-12,0.0,-2.8,2081.1,,3658,0,2110.0,2111.0,2081.1
2022-04-11,0.0,-2.46,2141.0,,6581,0,2238.0,2238.0,2137.1
2022-04-07,0.0,1.99,2195.0,,7026,0,2111.0,2195.1,2110.0
2022-04-06,0.0,-2.13,2152.1,,5129,0,2184.0,2198.0,2100.0
2022-04-05,0.0,-1.48,2199.0,,3614,0,2220.0,2220.0,2180.0
2022-04-04,0.0,-1.67,2232.0,,7457,0,2251.0,2285.0,2200.0
2022-04-03,0.0,-1.9,2270.0,,2987,0,2298.0,2299.8,2261.0
2022-03-31,0.0,-1.95,2314.0,,4505,0,2315.0,2359.0,2300.0
2022-03-30,0.0,1.29,2360.0,,729,0,2365.0,2376.0,2336.0
2022-03-29,0.0,0.13,2330.0,,607,0,2327.0,2355.0,2307.0
2022-03-28,0.0,-1.61,2327.0,,1849,0,2335.0,2365.0,2326.0
2022-03-27,0.0,-0.63,2365.0,,1882,0,2345.1,2400.0,2340.5
2022-03-24,0.0,-1.08,2380.0,,1137,0,2407.0,2407.0,2370.0
2022-03-23,0.0,-0.82,2406.0,,3156,0,2426.0,2450.0,2375.0
2022-03-22,0.0,0.04,2426.0,,889,0,2426.0,2440.0,2426.0
2022-03-21,0.0,0.33,2425.0,,847,0,2464.0,2464.0,2409.0
2022-03-20,0.0,-1.15,2417.0,,641,0,2415.0,2425.0,2415.0
2022-03-16,0.0,-0.2,2445.0,,797,0,2485.0,2485.0,2404.0
2022-03-15,0.0,0.2,2450.0,,1851,0,2471.0,2471.0,2444.0
2022-03-14,0.0,-1.01,2445.1,,575,0,2475.0,2490.0,2445.1
2022-03-13,0.0,3.56,2470.0,,1433,0,2432.0,2489.0,2400.0
2022-03-10,0.0,1.92,2385.0,,1407,0,2370.0,2385.0,2367.0
2022-03-09,0.0,-0.43,2340.0,,1734,0,2395.0,2396.0,2305.0
2022-03-07,0.0,-1.14,2350.0,,3152,0,2370.0,2400.0,2330.0
2022-03-06,0.0,1.36,2377.0,,1384,0,2391.0,2395.0,2346.0
2022-03-02,0.0,-2.6,2345.0,,3300,0,2408.0,2408.0,2271.0
2022-02-28,0.0,-1.4,2407.7,,2338,0,2490.0,2490.0,2402.0
2022-02-27,0.0,0.0,2442.0,,1134,0,2420.0,2465.0,2395.0
2022-02-24,0.0,-1.69,2442.0,,3329,0,2451.0,2490.0,2436.0
2022-02-23,0.0,-0.64,2484.0,,1121,0,2500.0,2510.0,2470.0
2022-02-22,0.0,0.4,2500.0,,1144,0,2495.0,2530.0,2485.0
2022-02-21,0.0,-0.4,2490.0,,1454,0,2500.0,2500.0,2475.0
2022-02-20,0.0,-1.22,2500.0,,3234,0,2480.4,2529.0,2420.0
2022-02-17,0.0,-0.28,2531.0,,1256,0,2549.0,2550.0,2499.0
2022-02-16,0.0,-0.47,2538.0,,3828,0,2550.0,2590.0,2525.0
2022-02-15,0.0,3.24,2550.0,,1878,0,2470.0,2550.0,2470.0
2022-02-14,0.0,-1.2,2470.0,,5067,0,2550.0,2550.0,2456.0
2022-02-13,0.0,-3.25,2500.0,,4767,0,2580.0,2580.0,2482.0
2022-02-10,0.0,-0.65,2584.0,,7049,0,2610.0,2630.0,2548.0
2022-02-09,0.0,-0.91,2601.0,,1966,0,2620.0,2620.0,2595.0
2022-02-08,0.0,0.0,2625.0,,2067,0,2692.8,2730.0,2622.0
2022-02-07,0.0,0.36,2640.0,,1204,0,2640.0,2647.0,2627.0
2022-02-06,0.0,-1.85,2630.5,,2295,0,2700.0,2700.0,2628.0
2022-02-03,0.0,-0.92,2680.0,,4689,0,2710.0,2749.0,2675.0
2022-02-01,0.0,-0.33,2705.0,,3916,0,2701.0,2730.0,2686.0
2022-01-31,0.0,-0.51,2714.0,,8485,0,2770.0,2782.4,2677.0
2022-01-30,0.0,1.03,2727.9,,4953,0,2754.0,2800.0,2700.0
2022-01-27,0.0,5.02,2700.0,,9460,0,2600.0,2713.2,2571.0
2022-01-26,0.0,-1.12,2571.0,,2285,0,2600.0,2610.0,2560.0
2022-01-25,0.0,0.39,2600.0,,5837,0,2590.0,2670.0,2550.0
2022-01-24,0.0,-3.39,2590.0,,9507,0,2734.0,2734.0,2580.1
2022-01-23,0.0,-0.19,2681.0,,5105,0,2700.0,2729.0,2680.0
2022-01-20,0.0,0.94,2686.0,,4823,0,2625.0,2699.0,2625.0
2022-01-19,0.0,-0.89,2661.0,,6062,0,2700.0,2702.0,2650.0
2022-01-18,0.0,-1.68,2685.0,,5532,0,2746.0,2746.0,2670.0
2022-01-17,0.0,0.39,2731.0,,3962,0,2732.1,2768.0,2713.1
2022-01-16,0.0,0.57,2720.5,,14629,0,2705.0,2813.0,2690.0
2022-01-13,0.0,0.18,2705.0,,7620,0,2680.0,2730.0,2650.0
2022-01-12,0.0,-1.92,2700.1,,10889,0,2800.0,2800.0,2700.0
2022-01-11,0.0,5.31,2753.0,,24572,0,2666.5,2849.0,2666.5
2022-01-10,0.0,1.1,3660.0,,44658,0,3692.0,3700.0,3625.0
2022-01-09,0.0,0.57,3620.0,,19531,0,3650.0,3675.0,3588.0
2022-01-06,0.0,3.73,3599.5,,28133,0,3470.0,3625.0,3466.0
2022-01-05,0.0,-0.57,3470.0,,8592,0,3522.0,3530.0,3460.0
2022-01-04,0.0,1.34,3490.0,,12930,0,3375.2,3503.0,3350.0
2022-01-03,0.0,0.85,3444.0,,11192,0,3483.0,3483.0,3430.0
2022-01-02,0.0,6.12,3415.0,,11085,0,3270.0,3445.0,3250.0
2021-12-29,0.0,2.88,3218.0,,6019,0,3135.0,3229.9,3130.0
2021-12-28,0.0,0.9,3128.0,,4365,0,3162.0,3165.0,3093.0
2021-12-27,0.0,-2.49,3100.0,,5875,0,3234.0,3234.0,3093.0
2021-12-26,0.0,3.69,3179.0,,8900,0,3110.0,3223.0,3098.0
2021-12-23,0.0,-1.45,3066.0,,5588,0,3111.0,3165.0,3055.0
2021-12-22,0.0,6.87,3111.0,,8158,0,2960.0,3111.0,2950.0
2021-12-21,0.0,1.96,2911.0,,2065,0,2912.1,2915.0,2857.0
2021-12-20,0.0,0.0,2855.0,,3595,0,2810.0,2905.0,2800.0
2021-12-16,0.0,-2.83,2855.0,,2232,0,2880.0,2890.0,2837.1
2021-12-15,0.0,-1.71,2938.0,,5867,0,3048.0,3150.0,2887.0
2021-12-14,0.0,8.89,2989.0,,2435,0,2799.0,3019.0,2751.0
2021-12-13,0.0,-3.68,2745.0,,8877,0,2801.0,2835.0,2696.0
2021-12-12,0.0,-4.68,2850.0,,5591,0,2990.0,2990.0,2845.0
2021-12-09,0.0,-0.2,2990.0,,6100,0,2941.0,3024.3,2903.0
2021-12-08,0.0,-2.99,2996.0,,5664,0,3040.0,3070.0,2990.0
2021-12-07,0.0,-1.02,3088.2,,4291,0,3130.0,3181.0,3088.0
2021-12-06,0.0,0.1,3120.0,,7887,0,3100.0,3149.0,3040.0
2021-12-05,0.0,-1.67,3117.0,,5114,0,3171.0,3200.0,3117.0
2021-12-02,0.0,-0.16,3170.0,,14870,0,3180.0,3210.0,3141.0
2021-12-01,0.0,-0.47,3175.0,,6666,0,3200.0,3218.0,3170.0
2021-11-30,0.0,-0.28,3190.0,,4372,0,3250.0,3250.0,3161.0
2021-11-29,0.0,-1.57,3199.0,,7696,0,3250.0,3300.0,3176.0
2021-11-28,0.0,-4.69,3250.0,,9608,0,3400.0,3400.0,3250.0
2021-11-25,0.0,-1.01,3410.1,,2827,0,3499.0,3499.0,3402.0
2021-11-24,0.0,-0.4,3445.0,,5566,0,3396.0,3465.0,3390.1
2021-11-23,0.0,-1.87,3459.0,,3795,0,3467.0,3524.0,3420.0
2021-11-22,0.0,-0.42,3525.0,,7006,0,3540.0,3570.0,3470.0
2021-11-21,0.0,-3.28,3540.0,,11108,0,3730.0,3730.0,3500.0
2021-11-18,0.0,1.98,3660.0,,27421,0,3660.5,3876.0,3640.0
2021-11-17,0.0,-0.2,3588.8,,8514,0,3650.0,3650.0,3545.0
2021-11-16,0.0,5.73,3596.0,,18255,0,3401.0,3610.0,3371.3
2021-11-15,0.0,4.01,3401.0,,14575,0,3335.4,3488.0,3335.0
2021-11-14,0.0,2.83,3270.0,,9456,0,3121.0,3279.9,3121.0
2021-11-11,0.0,-2.51,3180.0,,8896,0,3197.0,3209.0,3135.0
2021-11-09,0.0,-1.15,3262.0,,8547,0,3249.0,3295.0,3166.0
2021-11-08,0.0,1.57,3300.0,,8638,0,3200.0,3306.8,3200.0
2021-11-03,0.0,1.03,3249.0,,4042,0,3265.0,3300.0,3229.0
2021-11-02,0.0,0.16,3216.0,,5524,0,3200.0,3244.0,3162.0
2021-11-01,0.0,-1.2,3211.0,,7663,0,3299.0,3300.0,3165.1
2021-10-31,0.0,3.5,3250.0,,6837,0,3202.8,3266.8,3152.1
2021-10-28,0.0,1.36,3140.0,,3248,0,3098.0,3149.0,3051.1
2021-10-27,0.0,1.57,3098.0,,5695,0,2990.1,3120.0,2990.0
2021-10-26,0.0,1.7,3050.0,,6866,0,3034.0,3170.0,2984.0
2021-10-25,0.0,2.25,2999.0,,4000,0,2910.0,3000.0,2890.1
2021-10-24,0.0,2.8,2933.0,,2817,0,2910.0,2974.9,2799.0
2021-10-21,0.0,1.35,2853.0,,2257,0,2840.0,2854.0,2755.0
2021-10-20,0.0,2.36,2815.0,,1429,0,2805.0,2914.0,2768.0
2021-10-19,0.0,-3.17,2750.0,,4121,0,2896.0,2896.0,2695.0
2021-10-18,0.0,-4.15,2840.0,,4227,0,2910.0,2910.0,2791.0
2021-10-17,0.0,-0.03,2963.0,,1025,0,2999.0,2999.0,2909.0
2021-10-11,0.0,-0.87,2964.0,,3623,0,2990.0,2990.0,2900.0
2021-10-10,0.0,-0.33,2990.0,,6555,0,3060.0,3140.0,2965.0
2021-10-06,0.0,7.33,3000.0,,7521,0,2845.0,3040.0,2845.0
2021-10-05,0.0,4.68,2795.0,,6690,0,2720.0,2800.0,2720.0
2021-10-04,0.0,3.29,2670.0,,2748,0,2550.0,2699.9,2550.0
2021-10-03,0.0,-0.65,2585.0,,5398,0,2653.0,2705.0,2500.0
2021-09-30,0.0,-3.63,2602.0,,3636,0,2735.0,2735.0,2601.0
2021-09-29,0.0,2.86,2700.0,,3088,0,2592.0,2735.0,2579.0
2021-09-28,0.0,-0.94,2625.0,,4895,0,2700.0,2700.0,2570.0
2021-09-27,0.0,-2.75,2650.0,,3415,0,2700.0,2723.0,2620.0
2021-09-26,0.0,-2.68,2725.0,,2256,0,2750.6,2774.0,2720.0
2021-09-23,0.0,-0.88,2800.0,,6986,0,2830.0,2860.0,2750.0
2021-09-22,0.0,2.17,2825.0,,5297,0,2820.3,2929.9,2770.0
2021-09-21,0.0,-0.65,2765.0,,4444,0,2729.0,2880.0,2680.0
2021-09-20,0.0,-4.36,2783.0,,6198,0,2950.0,2950.0,2735.0
2021-09-16,0.0,-3.32,2910.0,,5870,0,3001.0,3025.0,2881.0
2021-09-15,0.0,-1.15,3010.0,,1592,0,3100.0,3100.0,3000.0
2021-09-14,0.0,1.84,3045.0,,3831,0,3049.9,3110.0,2962.0
2021-09-13,0.0,-0.36,2990.1,,6072,0,3001.0,3121.0,2990.1
2021-09-12,0.0,0.03,3001.0,,6863,0,3050.0,3050.0,2960.0
2021-09-09,0.0,-0.33,3000.0,,1894,0,3070.2,3070.2,2987.0
2021-09-08,0.0,-3.83,3010.0,,5552,0,3130.0,3130.0,2990.0
2021-09-07,0.0,-1.88,3130.0,,1928,0,3200.0,3200.0,3065.0
2021-09-06,0.0,3.57,3190.0,,4993,0,3130.0,3190.0,3070.0
2021-09-05,0.0,-2.53,3080.0,,3759,0,3100.0,3150.0,3012.1
2021-09-02,0.0,-1.25,3160.0,,2283,0,3263.0,3263.0,3100.0
2021-09-01,0.0,1.27,3200.0,,6605,0,3222.0,3285.0,3060.0
2021-08-31,0.0,-2.74,3160.0,,7279,0,3200.0,3250.0,3149.0
2021-08-29,0.0,-2.14,3249.0,,8944,0,3330.0,3370.0,3197.3
2021-08-26,0.0,-0.96,3320.0,,4753,0,3385.0,3390.0,3300.0
2021-08-25,0.0,-1.46,3352.1,,3247,0,3380.0,3420.0,3352.1
2021-08-24,0.0,-1.55,3401.6,,5931,0,3501.0,3501.0,3390.0
2021-08-19,0.0,0.15,3455.1,,3662,0,3500.0,3500.0,3455.1
2021-08-18,0.0,0.23,3465.0,,6047,0,3450.0,3520.0,3390.0
2021-08-17,0.0,-2.34,3457.0,,18148,0,3610.8,3610.8,3450.0
2021-08-16,0.0,-1.94,3540.0,,3745,0,3614.0,3630.0,3540.0
2021-08-15,0.0,-2.38,3610.0,,7662,0,3770.0,3770.0,3580.0
2021-08-12,0.0,-1.39,3698.0,,3247,0,3750.0,3800.0,3607.4
2021-08-11,0.0,1.52,3750.0,,2342,0,3635.0,3750.0,3635.0
2021-08-10,0.0,1.21,3694.0,,1439,0,3640.0,3699.9,3640.0
2021-08-09,0.0,-0.73,3650.0,,2512,0,3680.0,3750.0,3610.0
2021-08-08,0.0,-2.6,3677.0,,3021,0,3755.0,3755.0,3667.0
2021-08-05,0.0,0.13,3775.0,,4650,0,3770.0,3840.0,3742.0
2021-08-04,0.0,-2.05,3770.0,,5104,0,3900.0,3925.9,3770.0
2021-08-03,0.0,1.96,3849.0,,6059,0,3800.0,3850.5,3781.0
2021-08-02,0.0,1.21,3775.0,,3076,0,3735.0,3775.0,3702.1
2021-08-01,0.0,1.08,3730.0,,3602,0,3663.0,3736.0,3663.0
2021-07-29,0.0,0.24,3690.0,,2444,0,3740.0,3754.0,3641.0
2021-07-28,0.0,0.0,3681.0,,1549,0,3650.0,3745.0,3615.0
2021-07-27,0.0,-3.0,3681.0,,8428,0,3720.0,3724.0,3644.8
2021-07-26,0.0,0.69,3795.0,,5055,0,3770.0,3840.0,3755.0
2021-07-25,0.0,1.89,3769.0,,3287,0,3699.0,3775.0,3699.0
2021-07-22,0.0,-0.16,3699.0,,2273,0,3705.0,3720.0,3660.0
2021-07-20,0.0,-1.2,3705.0,,1281,0,3749.0,3749.0,3665.0
2021-07-19,0.0,0.0,3749.9,,1606,0,3750.0,3798.0,3715.0
2021-07-18,0.0,4.08,3750.0,,4138,0,3650.0,3790.0,3650.0
2021-07-15,0.0,0.0,3603.0,,2570,0,3603.0,3634.0,3590.0
2021-07-14,0.0,-0.47,3603.0,,900,0,3620.0,3620.0,3600.0
2021-07-13,0.0,0.7,3620.0,,3040,0,3635.0,3666.0,3595.0
2021-07-12,0.0,-1.34,3595.0,,4149,0,3699.0,3716.0,3581.0
2021-07-11,0.0,0.69,3644.0,,5115,0,3688.0,3688.0,3570.0
2021-07-08,0.0,2.67,3619.0,,2140,0,3525.0,3619.0,3500.0
2021-07-07,0.0,0.0,3525.0,,1992,0,3555.0,3560.0,3495.0
2021-07-06,0.0,-0.68,3525.0,,1348,0,3549.0,3550.0,3480.0
2021-07-05,0.0,0.4,3549.0,,689,0,3535.0,3575.0,3491.0
2021-07-04,0.0,-0.39,3535.0,,2799,0,3551.0,3575.0,3470.0
2021-07-01,0.0,0.68,3549.0,,2511,0,3575.0,3580.0,3500.0
2021-06-30,0.0,-0.98,3525.0,,865,0,3560.0,3631.0,3490.0
2021-06-29,0.0,-0.28,3560.0,,5734,0,3748.0,3748.0,3550.0
2021-06-28,0.0,2.03,3570.0,,5211,0,3565.0,3619.0,3498.0
2021-06-27,0.0,1.42,3499.0,,864,0,3420.0,3499.0,3420.0
2021-06-24,0.0,-0.72,3450.0,,2243,0,3480.0,3482.0,3450.0
2021-06-23,0.0,-1.84,3475.0,,2926,0,3580.0,3580.0,3455.0
2021-06-22,0.0,1.69,3540.0,,3419,0,3550.0,3570.0,3486.0
2021-06-21,0.0,-1.97,3481.0,,4424,0,3551.0,3600.0,3480.0
2021-06-20,0.0,-1.14,3551.0,,3278,0,3576.0,3580.0,3535.0
2021-06-17,0.0,-0.77,3592.0,,2567,0,3801.0,3801.0,3590.0
2021-06-16,0.0,0.98,3620.0,,7222,0,3650.0,3774.0,3588.0
2021-06-15,0.0,-0.42,3585.0,,2628,0,3590.0,3600.0,3567.0
2021-06-14,0.0,-1.37,3600.0,,2251,0,3582.0,3697.0,3582.0
2021-06-13,0.0,-0.46,3650.0,,2475,0,3740.0,3740.0,3600.0
2021-06-10,0.0,1.33,3667.0,,3288,0,3572.0,3672.0,3571.0
2021-06-09,0.0,-0.02,3619.0,,1744,0,3698.0,3700.0,3600.0
2021-06-08,0.0,-0.03,3675.0,,5010,0,3735.0,3749.0,3533.0
2021-06-07,0.0,-0.78,3676.0,,891,0,3700.0,3714.0,3676.0
2021-06-06,0.0,0.95,3705.0,,2786,0,3720.0,3743.0,3681.0
2021-06-03,0.0,2.92,3670.0,,5083,0,3590.0,3700.0,3590.0
2021-06-02,0.0,1.83,3566.0,,1690,0,3502.0,3569.0,3510.0
2021-06-01,0.0,-0.23,3502.0,,4383,0,3545.0,3550.0,3480.0
2021-05-31,0.0,-1.63,3510.0,,3229,0,3561.0,3571.0,3510.0
2021-05-30,0.0,0.14,3568.0,,2921,0,3600.0,3600.0,3556.0
2021-05-27,0.0,-3.34,3563.0,,11626,0,3502.0,3680.0,3432.0
2021-05-25,0.0,-1.05,3686.0,,2495,0,3701.0,3738.0,3665.0
2021-05-24,0.0,-0.67,3725.0,,5261,0,3755.0,3800.0,3670.0
2021-05-23,0.0,0.64,3750.0,,7009,0,3706.0,3800.0,3705.0
2021-05-20,0.0,-1.4,3726.0,,2642,0,3741.0,3750.0,3726.0
2021-05-19,0.0,-0.37,3779.0,,3812,0,3800.0,3839.0,3752.0
2021-05-18,0.0,0.37,3793.0,,7288,0,3779.0,3795.0,3745.0
2021-05-17,0.0,-0.42,3779.0,,4813,0,3795.0,3850.0,3760.0
2021-05-16,0.0,0.66,3795.0,,3136,0,3775.0,3818.0,3773.0
2021-05-13,0.0,-0.79,3770.0,,4046,0,3771.0,3808.0,3765.0
2021-05-12,0.0,-1.3,3800.0,,2795,0,3880.0,3900.0,3780.0
2021-05-11,0.0,4.76,3850.0,,9824,0,3744.0,3860.0,3744.0
2021-05-10,0.0,1.8,3675.0,,4652,0,3560.0,3700.0,3560.0
2021-05-09,0.0,-2.17,3610.0,,7335,0,3690.0,3690.0,3610.0
2021-05-06,0.0,-2.84,3690.0,,10677,0,3774.0,3774.0,3690.0
2021-05-05,0.0,-2.62,3798.0,,9009,0,4080.0,4080.0,3765.0
2021-05-04,0.0,5.41,3900.0,,17147,0,3885.0,4025.0,3803.0
2021-05-03,0.0,9.99,3700.0,,37199,0,3532.0,3700.0,3507.0
2021-05-02,0.0,3.19,3364.0,,7062,0,3260.0,3365.0,3259.0
2021-04-29,0.0,1.97,3260.0,,3370,0,3150.0,3260.0,3150.0
2021-04-28,0.0,-0.87,3197.0,,6504,0,3289.0,3350.0,3161.0
2021-04-27,0.0,4.3,3200.0,,3762,0,3100.0,3225.0,3050.0
2021-04-26,0.0,-1.0,3068.0,,4056,0,3042.0,3160.0,3042.0
2021-04-25,0.0,-0.06,3099.0,,5606,0,3101.0,3145.0,3045.0
2021-04-22,0.0,-1.56,3101.0,,4915,0,3100.0,3200.0,3100.0
2021-04-21,0.0,-1.84,3150.0,,8163,0,3269.0,3270.0,3093.0
2021-04-20,0.0,1.87,3209.0,,1995,0,3150.0,3274.0,3150.0
2021-04-19,0.0,-1.56,3150.0,,3357,0,3150.0,3209.0,3147.0
2021-04-18,0.0,-0.93,3200.0,,2117,0,3294.0,3294.0,3155.0
2021-04-15,0.0,-3.52,3230.0,,3587,0,3284.0,3335.0,3216.0
2021-04-13,0.0,0.0,3348.0,,3229,0,3400.0,3435.0,3238.0
2021-04-12,0.0,3.94,3348.0,,7268,0,3279.0,3433.0,3240.0
2021-04-08,0.0,1.51,3221.0,,4803,0,3115.0,3300.0,3115.0
2021-04-07,0.0,1.05,3173.0,,2920,0,3202.0,3260.0,3085.0
2021-04-06,0.0,1.62,3140.0,,4200,0,3091.0,3150.0,3090.0
2021-04-05,0.0,-1.84,3090.0,,6203,0,3113.0,3120.0,3090.0
2021-04-04,0.0,0.9,3148.0,,7166,0,3250.0,3250.0,3112.0
2021-04-01,0.0,-1.27,3120.0,,5748,0,3100.0,3200.0,3090.0
2021-03-31,0.0,0.16,3160.0,,5141,0,3280.0,3300.0,3130.0
2021-03-30,0.0,2.77,3155.0,,6878,0,3200.0,3250.0,3101.0
2021-03-29,0.0,0.99,3070.0,,4652,0,3100.0,3100.0,3000.0
2021-03-25,0.0,-0.52,3040.0,,7189,0,3147.0,3147.0,3000.0
2021-03-24,0.0,3.95,3056.0,,9827,0,3020.0,3099.0,2960.0
2021-03-23,0.0,3.19,2940.0,,5613,0,2991.0,2991.0,2765.0
2021-03-22,0.0,1.46,2849.0,,4475,0,2948.0,2948.0,2745.0
2021-03-21,0.0,5.96,2808.0,,5601,0,2782.0,2820.0,2678.0
2021-03-18,0.0,1.92,2650.0,,3396,0,2730.0,2730.0,2573.0
2021-03-17,0.0,4.04,2600.0,,2677,0,2623.0,2623.0,2450.0
2021-03-16,0.0,3.05,2499.0,,2890,0,2425.0,2499.0,2425.0
2021-03-15,0.0,-0.82,2425.0,,1038,0,2397.0,2440.0,2397.0
2021-03-14,0.0,-2.71,2445.0,,2470,0,2475.0,2485.0,2360.0
2021-03-10,0.0,0.56,2513.0,,2617,0,2480.0,2520.0,2460.0
2021-03-09,0.0,-0.75,2499.0,,1298,0,2471.0,2518.0,2471.0
2021-03-08,0.0,-1.33,2518.0,,1200,0,2560.0,2598.0,2505.0
2021-03-04,0.0,3.74,2552.0,,2599,0,2500.0,2601.0,2500.0
2021-03-03,0.0,-1.8,2460.0,,6323,0,2456.0,2539.0,2412.0
2021-03-02,0.0,-4.32,2505.0,,3304,0,2600.0,2600.0,2496.0
2021-03-01,0.0,0.0,2618.0,,2915,0,2550.0,2652.0,2502.0
2021-02-28,0.0,-5.39,2600.0,,4799,0,2800.0,2800.0,2581.0
2021-02-25,0.0,0.0,3325.0,,13478,0,3385.0,3420.0,3301.0
2021-02-24,0.0,0.66,3375.0,,3609,0,3420.0,3450.0,3325.0
2021-02-23,0.0,1.15,3353.0,,6084,0,3256.0,3353.0,3206.0
2021-02-22,0.0,-3.21,3315.0,,4548,0,3425.0,3440.0,3310.0
2021-02-21,0.0,-0.02,3425.0,,5929,0,3520.0,3520.0,3400.0
2021-02-18,0.0,0.01,3495.0,,7821,0,3500.0,3595.0,3400.0
2021-02-17,0.0,0.03,3457.0,,10954,0,3520.0,3592.0,3340.0
2021-02-16,0.0,0.0,3355.0,,3940,0,3400.0,3415.0,3271.0
2021-02-15,0.0,0.07,3350.0,,14456,0,3199.0,3393.0,3199.0
2021-02-14,0.0,-0.05,3137.0,,5955,0,3295.0,3295.0,3112.0
2021-02-11,0.0,-0.02,3295.0,,20491,0,3534.0,3702.0,3196.0
2021-02-08,0.0,0.02,3366.0,,10310,0,3170.0,3366.0,3110.0
2021-02-07,0.0,0.0,3300.0,,6875,0,3451.0,3451.0,3237.0
2021-02-04,0.0,0.1,3287.0,,10934,0,2930.0,3287.0,2930.0
2021-02-03,0.0,0.02,2989.0,,7084,0,2978.0,3096.0,2915.0
2021-02-02,0.0,0.08,2920.0,,9575,0,2754.0,2920.0,2754.0
2021-02-01,0.0,0.02,2700.0,,4078,0,2698.0,2779.0,2661.0
2021-01-31,0.0,-0.03,2660.0,,3645,0,2710.0,2720.0,2640.0
2021-01-28,0.0,0.02,2741.0,,7453,0,2740.0,2920.0,2699.0
2021-01-27,0.0,0.02,2698.0,,3374,0,2586.0,2699.0,2585.0
2021-01-26,0.0,-0.02,2637.0,,2757,0,2725.0,2750.0,2637.0
2021-01-25,0.0,0.0,2700.0,,5694,0,2646.0,2708.0,2622.0
2021-01-24,0.0,0.0,2699.0,,2766,0,2743.0,2750.0,2637.0
2021-01-21,0.0,0.08,2690.0,,6439,0,2623.0,2748.0,2450.0
2021-01-20,0.0,0.03,2499.0,,4395,0,2479.0,2499.0,2392.0
2021-01-19,0.0,-0.01,2434.0,,2506,0,2498.0,2515.0,2421.0
2021-01-18,0.0,0.0,2468.0,,1857,0,2480.0,2485.0,2420.0
2021-01-17,0.0,0.02,2460.0,,5550,0,2420.0,2460.0,2372.0
2021-01-13,0.0,0.02,2412.0,,3119,0,2345.0,2412.0,2331.0
2021-01-12,0.0,0.01,2374.0,,2085,0,2316.0,2379.0,2315.0
2021-01-11,0.0,0.01,2359.0,,3637,0,2350.0,2360.0,2301.0
2021-01-10,0.0,0.02,2340.0,,3369,0,2335.0,2350.0,2301.0
2021-01-07,0.0,0.02,2300.0,,3187,0,2304.0,2305.0,2258.0
2021-01-06,0.0,0.01,2260.0,,2379,0,2275.0,2275.0,2240.0
2021-01-05,0.0,-0.03,2231.0,,6156,0,2290.0,2290.0,2210.0
2021-01-04,0.0,-0.06,2290.0,,11184,0,2450.0,2550.0,2250.0
2021-01-03,0.0,0.09,2432.0,,8371,0,2272.0,2441.0,2272.0
2020-12-31,0.0,0.0,2229.0,,2605,0,2263.0,2300.0,2200.0
2020-12-30,0.0,0.05,2219.0,,4939,0,2110.0,2222.0,2100.0
2020-12-29,0.0,0.01,2106.0,,1707,0,2100.0,2132.0,2090.0
2020-12-28,0.0,0.0,2092.0,,2562,0,2000.0,2121.0,2000.0
2020-12-27,0.0,-0.03,2100.0,,1863,0,2132.0,2173.0,2089.0
2020-12-24,0.0,-0.02,2174.0,,1999,0,2176.0,2176.0,2124.0
2020-12-23,0.0,0.01,2210.0,,3976,0,2235.0,2323.0,2181.0
2020-12-22,0.0,0.06,2192.0,,6093,0,2100.0,2267.0,2100.0
2020-12-21,0.0,0.03,2070.0,,4494,0,1990.0,2080.0,1951.0
2020-12-20,0.0,-0.08,2007.0,,6351,0,2146.0,2230.0,2001.0
2020-12-17,0.0,-0.04,2189.0,,2923,0,2300.0,2310.0,2153.0
2020-12-16,0.0,0.03,2275.0,,7816,0,2240.0,2280.0,2110.0
2020-12-15,0.0,0.1,2200.0,,8161,0,2049.0,2200.0,2049.0
2020-12-14,0.0,0.1,2009.0,,7016,0,1850.0,2009.0,1850.0
2020-12-13,0.0,0.02,1827.0,,1720,0,1800.0,1830.0,1774.0
2020-12-10,0.0,-0.01,1792.0,,2007,0,1838.0,1838.0,1790.0
2020-12-09,0.0,-0.04,1810.0,,1497,0,1856.0,1856.0,1790.0
2020-12-08,0.0,-0.01,1882.0,,1969,0,1893.0,1905.0,1880.0
2020-12-07,0.0,0.04,1893.0,,2039,0,1820.0,1893.0,1775.0
2020-12-06,0.0,-0.06,1825.0,,1888,0,1897.0,1897.0,1825.0
2020-12-03,0.0,-0.01,1935.0,,7406,0,2052.0,2052.0,1921.0
2020-12-02,0.0,0.03,1955.0,,6960,0,1995.0,1995.0,1781.0
2020-12-01,0.0,0.0,1900.0,,3756,0,1900.0,1915.0,1877.0
2020-11-30,0.0,0.0,1900.0,,5602,0,1890.0,1918.0,1826.0
2020-11-29,0.0,0.02,1895.0,,2419,0,1890.0,1895.0,1824.0
2020-11-26,0.0,-0.04,1860.0,,3946,0,1973.0,1999.0,1848.0
2020-11-25,0.0,0.03,1900.0,,2938,0,1886.0,1950.0,1850.0
2020-11-24,0.0,0.09,1850.0,,3735,0,1700.0,1851.0,1686.0
2020-11-23,0.0,-0.04,1700.0,,1107,0,1760.0,1760.0,1700.0
2020-11-22,0.0,0.01,1768.0,,2050,0,1750.0,1785.0,1683.0
2020-11-19,0.0,0.0,1750.0,,3164,0,1728.0,1800.0,1700.0
2020-11-18,0.0,0.0,1699.0,,2019,0,1665.0,1710.0,1656.0
2020-11-12,0.0,0.0,1689.0,,2204,0,1690.0,1723.0,1652.0
2020-11-11,0.0,2.13,1675.0,,5110,0,1661.0,1699.0,1661.0
2020-11-10,0.0,0.43,1640.0,,986,0,1633.0,1640.0,1625.0
2020-11-09,0.0,-0.06,1633.0,,860,0,1620.0,1670.0,1620.0
2020-11-08,0.0,-0.97,1634.0,,2447,0,1650.0,1659.0,1634.0
2020-11-05,0.0,2.55,1650.0,,3804,0,1610.0,1650.0,1610.0
2020-11-04,0.0,-0.31,1609.0,,607,0,1590.0,1610.0,1590.0
2020-11-03,0.0,0.31,1614.0,,2818,0,1635.0,1635.0,1590.0
2020-11-02,0.0,0.69,1609.0,,1625,0,1620.0,1620.0,1588.0
2020-11-01,0.0,1.14,1598.0,,840,0,1550.0,1605.0,1550.0
2020-10-29,0.0,0.06,1580.0,,830,0,1548.0,1585.0,1548.0
2020-10-28,0.0,1.87,1579.0,,526,0,1550.0,1579.0,1550.0
2020-10-22,0.0,2.04,1550.0,,444,0,1505.0,1579.0,1505.0
2020-10-21,0.0,-1.04,1519.0,,174,0,1544.0,1545.0,1512.0
2020-10-20,0.0,0.66,1535.0,,735,0,1500.0,1555.0,1500.0
2020-10-19,0.0,1.73,1525.0,,10,0,1525.0,1525.0,1525.0
2020-10-18,0.0,-1.06,1499.0,,598,0,1515.0,1515.0,1499.0
2020-10-15,0.0,0.87,1515.0,,119,0,1500.0,1515.0,1499.0
2020-10-14,0.0,-0.53,1502.0,,518,0,1500.0,1510.0,1500.0
2020-10-13,0.0,-1.31,1510.0,,735,0,1511.0,1525.0,1509.0
2020-10-12,0.0,1.32,1530.0,,645,0,1520.0,1535.0,1510.0
2020-10-11,0.0,-2.58,1510.0,,1354,0,1530.0,1548.0,1510.0
2020-10-08,0.0,-0.83,1550.0,,1253,0,1540.0,1561.0,1510.0
2020-10-07,0.0,1.96,1563.0,,840,0,1506.0,1594.0,1504.0
2020-10-06,0.0,-0.53,1512.0,,882,0,1511.0,1534.0,1511.0
2020-10-05,0.0,-2.5,1520.0,,295,0,1550.0,1550.0,1517.0
2020-10-04,0.0,-0.7,1559.0,,711,0,1565.0,1565.0,1529.0
2020-10-01,0.0,1.68,1570.0,,1440,0,1515.0,1570.0,1515.0
2020-09-30,0.0,0.13,1544.0,,985,0,1512.0,1575.0,1512.0
2020-09-29,0.0,1.92,1542.0,,805,0,1490.0,1542.0,1489.0
2020-09-28,0.0,-1.69,1513.0,,520,0,1510.0,1535.0,1510.0
2020-09-27,0.0,-0.19,1539.0,,408,0,1515.0,1542.0,1514.0
2020-09-24,0.0,1.98,1542.0,,1573,0,1487.0,1542.0,1487.0
2020-09-23,0.0,0.0,1512.0,,999,0,1530.0,1530.0,1500.0
2020-09-22,0.0,-0.53,1512.0,,1444,0,1510.0,1520.0,1506.0
2020-09-21,0.0,-2.56,1520.0,,2212,0,1550.0,1550.0,1520.0
2020-09-20,0.0,-1.02,1560.0,,172,0,1565.0,1565.0,1551.0
2020-09-17,0.0,-0.51,1576.0,,1328,0,1561.0,1584.0,1550.0
2020-09-16,0.0,0.25,1584.0,,2267,0,1555.0,1584.0,1555.0
2020-09-15,0.0,-0.38,1580.0,,1266,0,1558.0,1580.0,1556.0
2020-09-14,0.0,0.38,1586.0,,1948,0,1580.0,1599.0,1580.0
2020-09-13,0.0,0.51,1580.0,,825,0,1603.0,1603.0,1572.0
2020-09-10,0.0,1.16,1572.0,,1455,0,1566.0,1589.0,1566.0
2020-09-09,0.0,1.44,1554.0,,1194,0,1526.0,1583.0,1526.0
2020-09-08,0.0,-0.2,1532.0,,895,0,1525.0,1545.0,1516.0
2020-09-07,0.0,0.33,1535.0,,1479,0,1545.0,1545.0,1535.0
2020-09-06,0.0,-1.99,1530.0,,713,0,1538.0,1545.0,1503.0
2020-09-03,0.0,0.06,1561.0,,3300,0,1560.0,1576.0,1560.0
2020-09-02,0.0,0.13,1560.0,,453,0,1565.0,1588.0,1556.0
2020-08-31,0.0,-0.32,1558.0,,767,0,1540.0,1558.0,1540.0
2020-08-30,0.0,0.0,1563.0,,1533,0,1563.0,1563.0,1550.0
2020-08-27,0.0,-1.45,1563.0,,591,0,1580.0,1580.0,1556.0
2020-08-26,0.0,2.72,1586.0,,1346,0,1544.0,1604.0,1544.0
2020-08-25,0.0,-0.06,1544.0,,553,0,1545.0,1565.0,1530.0
2020-08-24,0.0,1.98,1545.0,,1995,0,1515.0,1565.0,1510.0
2020-08-23,0.0,-0.59,1515.0,,221,0,1506.0,1524.0,1505.0
2020-08-20,0.0,1.26,1524.0,,94,0,1500.0,1524.0,1500.0
2020-08-19,0.0,-0.99,1505.0,,441,0,1515.0,1527.0,1500.0
2020-08-18,0.0,0.0,1520.0,,230,0,1506.0,1520.0,1506.0
2020-08-17,0.0,-0.52,1520.0,,467,0,1500.0,1530.0,1500.0
2020-08-16,0.0,-4.62,1528.0,,2441,0,1570.0,1570.0,1480.0
2020-08-13,0.0,0.12,1602.0,,1403,0,1584.0,1602.0,1584.0
2020-08-12,0.0,-0.19,1600.0,,1927,0,1605.0,1610.0,1590.0
2020-08-11,0.0,-1.84,1603.0,,517,0,1620.0,1620.0,1592.0
2020-08-10,0.0,2.25,1633.0,,2140,0,1625.0,1635.0,1593.0
2020-08-09,0.0,1.98,1597.0,,1142,0,1536.0,1597.0,1536.0
2020-08-06,0.0,0.45,1566.0,,971,0,1539.0,1575.0,1530.0
2020-08-05,0.0,0.97,1555.0,,3316,0,1510.0,1555.0,1480.0
2020-08-03,0.0,-0.84,1540.0,,1702,0,1575.0,1575.0,1523.0
2020-08-02,0.0,-4.84,1553.0,,1549,0,1610.0,1610.0,1550.0
2020-07-30,0.0,-0.79,1632.0,,857,0,1640.0,1660.0,1585.0
2020-07-29,0.0,-2.89,1645.0,,2389,0,1661.0,1662.0,1573.0
2020-07-28,0.0,-1.51,1694.0,,772,0,1686.0,1716.0,1675.0
2020-07-27,0.0,0.7,1720.0,,1393,0,1730.0,1730.0,1690.0
2020-07-26,0.0,1.67,1708.0,,1362,0,1713.0,1714.0,1663.0
2020-07-23,0.0,3.64,1680.0,,2196,0,1606.0,1680.0,1606.0
2020-07-22,0.0,0.06,1621.0,,856,0,1650.0,1653.0,1605.0
2020-07-21,0.0,-2.76,1620.0,,2141,0,1635.0,1665.0,1580.0
2020-07-20,0.0,-6.61,1666.0,,1837,0,1800.0,1800.0,1666.0
2020-07-19,0.0,2.88,1784.0,,160,0,1820.0,1820.0,1784.0
2020-07-16,0.0,5.09,1734.0,,1878,0,1618.0,1734.0,1618.0
2020-07-15,0.0,-1.14,1650.0,,1413,0,1650.0,1682.0,1618.0
2020-07-14,0.0,1.77,1669.0,,1644,0,1722.0,1722.0,1630.0
2020-07-13,0.0,4.46,1640.0,,1394,0,1560.0,1642.0,1535.0
2020-07-12,0.0,4.39,1570.0,,1580,0,1530.0,1570.0,1511.0
2020-07-09,0.0,-0.73,1504.0,,430,0,1512.0,1512.0,1485.0
2020-07-08,0.0,-0.53,1515.0,,1202,0,1500.0,1523.0,1465.0
2020-07-07,0.0,2.21,1523.0,,2493,0,1485.0,1526.0,1485.0
2020-07-06,0.0,8.28,1490.0,,1354,0,1361.0,1495.0,1350.0
2020-07-05,0.0,-7.59,1376.0,,1452,0,1480.0,1480.0,1373.0
2020-07-02,0.0,-1.97,1489.0,,80,0,1490.0,1490.0,1489.0
2020-07-01,0.0,-3.92,1519.0,,39,0,1550.0,1550.0,1519.0
2020-03-19,0.0,0.7,1581.0,,368,0,1539.0,1581.0,1509.0
2020-03-18,0.0,1.55,1570.0,,308,0,1550.0,1570.0,1516.0
2020-03-17,0.0,-3.98,1546.0,,1031,0,1642.0,1642.0,1546.0
2020-03-16,0.0,3.87,1610.0,,859,0,1530.0,1610.0,1530.0
2020-03-15,0.0,-4.97,1550.0,,2426,0,1601.0,1601.0,1550.0
2020-03-12,0.0,-2.92,1631.0,,1403,0,1680.0,1680.0,1630.0
2020-03-11,0.0,-1.75,1680.0,,2785,0,1714.0,1734.0,1650.0
2020-03-10,0.0,-1.95,1710.0,,24,0,1744.0,1744.0,1710.0
2020-03-05,0.0,0.4,1744.0,,1813,0,1703.0,1799.0,1620.0
2020-03-04,0.0,-10.0,1737.0,,957,0,1892.0,1892.0,1737.0
2020-03-03,0.0,-2.03,1930.0,,2784,0,1970.0,1931.0,1774.0
2020-03-02,0.0,-9.67,1970.0,,510,0,2138.0,2138.0,1963.0
2020-03-01,0.0,4.35,2181.0,,2785,0,2090.0,2225.0,1905.0
2020-02-27,0.0,-0.85,2090.0,,1136,0,2066.0,2090.0,1950.0
2020-02-26,0.0,2.83,2108.0,,1210,0,2070.0,2152.0,2030.0
2020-02-25,0.0,0.99,2050.0,,652,0,1990.0,2060.0,1949.0
2020-02-24,0.0,-0.29,2030.0,,1010,0,2036.0,2116.0,1980.0
2020-02-23,0.0,8.13,2036.0,,2882,0,1920.0,2036.0,1885.0
2020-02-20,0.0,5.2,1883.0,,1590,0,1790.0,1897.0,1800.0
2020-02-19,0.0,6.04,1790.0,,1644,0,1690.0,1800.0,1690.0
2020-02-18,0.0,-1.97,1688.0,,484,0,1700.0,1700.0,1688.0
2020-02-17,0.0,2.26,1722.0,,1561,0,1715.0,1745.0,1685.0
2020-02-16,0.0,1.45,1684.0,,627,0,1693.0,1695.0,1629.0
2020-02-13,0.0,0.61,1660.0,,1464,0,1650.0,1708.0,1650.0
2020-02-12,0.0,1.85,1650.0,,2383,0,1652.0,1685.0,1611.0
2020-02-11,0.0,2.53,1620.0,,2700,0,1590.0,1620.0,1590.0
2020-02-10,0.0,-1.25,1580.0,,261,0,1568.0,1580.0,1544.0
2020-02-09,0.0,1.85,1600.0,,65,0,1576.0,1600.0,1576.0
2020-02-06,0.0,-0.7,1571.0,,946,0,1572.0,1585.0,1571.0
2020-02-05,0.0,-1.12,1582.0,,75,0,1576.0,1600.0,1576.0
2020-02-04,0.0,-0.12,1600.0,,335,0,1586.0,1608.0,1586.0
2020-02-03,0.0,0.06,1602.0,,844,0,1603.0,1603.0,1570.0
2020-02-02,0.0,-1.54,1601.0,,1109,0,1601.0,1640.0,1595.0
2020-01-30,0.0,-1.39,1626.0,,1746,0,1656.0,1690.0,1626.0
2020-01-29,0.0,0.12,1649.0,,629,0,1640.0,1649.0,1600.0
2020-01-28,0.0,-0.54,1647.0,,438,0,1664.0,1695.0,1617.0
2020-01-27,0.0,3.89,1656.0,,1831,0,1590.0,1656.0,1562.0
2020-01-26,0.0,1.53,1594.0,,423,0,1539.0,1594.0,1539.0
2020-01-23,0.0,1.29,1570.0,,674,0,1580.0,1580.0,1521.0
2020-01-22,0.0,0.71,1550.0,,727,0,1510.0,1550.0,1452.0
2020-01-21,0.0,3.99,1539.0,,487,0,1480.0,1539.0,1480.0
2020-01-20,0.0,-5.73,1480.0,,1038,0,1560.0,1570.0,1479.0
2020-01-19,0.0,1.53,1594.0,,2367,0,1571.0,1601.0,1568.0
2020-01-16,0.0,9.94,1570.0,,577,0,1428.0,1570.0,1400.0
2020-01-15,0.0,1.23,1400.0,,414,0,1362.0,1400.0,1362.0
2020-01-14,0.0,-1.36,1383.0,,599,0,1374.0,1397.0,1340.0
2020-01-13,0.0,-3.97,1402.0,,1668,0,1489.0,1489.0,1402.0
2020-01-12,0.0,9.94,1460.0,,989,0,1340.0,1460.0,1340.0
2020-01-09,0.0,3.75,1328.0,,1279,0,1305.0,1331.0,1302.0
2020-01-08,0.0,-3.32,1280.0,,1563,0,1330.0,1330.0,1279.0
2020-01-07,0.0,-1.56,1324.0,,931,0,1320.0,1324.0,1283.0
2020-01-06,0.0,3.46,1345.0,,241,0,1307.0,1345.0,1307.0
2020-01-05,0.0,0.78,1300.0,,715,0,1270.0,1300.0,1270.0
2020-01-01,0.0,1.57,1290.0,,844,0,1251.0,1290.0,1251.0
2019-12-31,0.0,1.93,1270.0,,135,0,1254.0,1270.0,1254.0
2019-12-30,0.0,2.05,1246.0,,332,0,1221.0,1246.0,1221.0
2019-12-29,0.0,-1.85,1221.0,,151,0,1220.0,1244.0,1221.0
2019-12-26,0.0,1.97,1244.0,,19,0,1244.0,1244.0,1244.0
2019-12-25,0.0,-1.61,1220.0,,356,0,1240.0,1240.0,1220.0
2019-12-24,0.0,-1.12,1240.0,,373,0,1231.0,1240.0,1225.0
2019-12-23,0.0,3.64,1254.0,,230,0,1211.0,1254.0,1211.0
2019-12-22,0.0,-0.66,1210.0,,404,0,1215.0,1242.0,1200.0
2019-12-19,0.0,-3.72,1218.0,,480,0,1242.0,1242.0,1218.0
2019-12-18,0.0,0.4,1265.0,,39,0,1260.0,1265.0,1260.0
2019-12-17,0.0,0.88,1260.0,,40,0,1260.0,1260.0,1260.0
2019-12-16,0.0,-0.08,1249.0,,874,0,1225.0,1249.0,1219.0
2019-12-15,0.0,-0.87,1250.0,,85,0,1259.0,1259.0,1250.0
2019-12-12,0.0,-2.85,1261.0,,220,0,1315.0,1315.0,1261.0
2019-12-11,0.0,1.96,1298.0,,1106,0,1285.0,1307.0,1261.0
2019-12-10,0.0,0.87,1273.0,,1271,0,1275.0,1280.0,1227.0
2019-12-09,0.0,2.94,1262.0,,685,0,1230.0,1264.0,1230.0
2019-12-08,0.0,-3.84,1226.0,,995,0,1283.0,1283.0,1226.0
2019-12-05,0.0,1.19,1275.0,,1281,0,1280.0,1320.0,1250.0
2019-12-04,0.0,6.78,1260.0,,1654,0,1180.0,1269.0,1180.0
2019-12-03,0.0,4.33,1180.0,,2472,0,1131.0,1189.0,1115.0
2019-12-02,0.0,9.96,1131.0,,2675,0,1049.0,1131.0,1049.0
2019-12-01,0.0,0.11,1800.0,,5293,0,1798.0,1810.0,1785.0
2019-11-28,0.0,-0.22,1798.0,,2818,0,1810.0,1821.0,1768.0
2019-11-27,0.0,0.67,1802.0,,1397,0,1808.0,1808.0,1795.0
2019-11-26,0.0,0.56,1790.0,,822,0,1785.0,1800.0,1780.0
2019-11-25,0.0,1.71,1780.0,,784,0,1747.0,1783.0,1743.0
2019-11-24,0.0,2.58,1750.0,,2261,0,1740.0,1784.0,1740.0
2019-11-21,0.0,-0.87,1706.0,,300,0,1715.0,1715.0,1706.0
2019-11-20,0.0,0.35,1721.0,,673,0,1720.0,1783.0,1720.0
2019-11-19,0.0,-0.29,1715.0,,275,0,1705.0,1730.0,1705.0
2019-11-18,0.0,1.06,1720.0,,459,0,1703.0,1729.0,1702.0
2019-11-17,0.0,0.12,1702.0,,225,0,1710.0,1725.0,1702.0
2019-11-14,0.0,-0.87,1700.0,,430,0,1715.0,1710.0,1700.0
2019-11-13,0.0,-0.87,1715.0,,1112,0,1705.0,1730.0,1700.0
2019-11-12,0.0,-1.7,1730.0,,35,0,1793.0,1793.0,1690.0
2019-11-11,0.0,3.53,1760.0,,686,0,1700.0,1760.0,1690.0
2019-11-10,0.0,0.59,1700.0,,76,0,1690.0,1701.0,1685.0
2019-11-07,0.0,-1.17,1690.0,,698,0,1700.0,1700.0,1690.0
2019-11-06,0.0,0.0,1710.0,,97,0,1710.0,1710.0,1710.0
2019-11-05,0.0,1.12,1710.0,,136,0,1710.0,1744.0,1710.0
2019-11-04,0.0,-0.59,1691.0,,170,0,1700.0,1700.0,1680.0
2019-11-03,0.0,-1.1,1701.0,,826,0,1722.0,1722.0,1700.0
2019-10-31,0.0,-1.66,1720.0,,119,0,1780.0,1780.0,1720.0
2019-10-24,0.0,1.69,1749.0,,428,0,1686.0,1749.0,1691.0
2019-10-23,0.0,1.42,1720.0,,567,0,1700.0,1720.0,1691.0
2019-10-22,0.0,0.95,1696.0,,286,0,1673.0,1705.0,1675.0
2019-10-21,0.0,-0.59,1680.0,,100,0,1695.0,1695.0,1680.0
2019-10-20,0.0,-0.59,1690.0,,397,0,1701.0,1701.0,1676.0
2019-10-17,0.0,0.0,1700.0,,115,0,1700.0,1700.0,1686.0
2019-10-16,0.0,-0.53,1700.0,,20,0,1700.0,1700.0,1700.0
2019-10-15,0.0,-0.18,1709.0,,535,0,1710.0,1710.0,1680.0
2019-10-14,0.0,-2.17,1712.0,,315,0,1760.0,1760.0,1682.0
2019-10-10,0.0,1.16,1750.0,,229,0,1759.0,1759.0,1724.0
2019-10-03,0.0,2.98,1730.0,,1026,0,1680.0,1730.0,1667.0
2019-10-02,0.0,0.84,1680.0,,29,0,1680.0,1680.0,1680.0
2019-10-01,0.0,-0.83,1666.0,,767,0,1699.0,1699.0,1665.0
2019-09-30,0.0,0.0,1680.0,,189,0,1655.0,1680.0,1651.0
2019-09-29,0.0,-0.3,1680.0,,573,0,1685.0,1685.0,1665.0
2019-09-26,0.0,0.0,1685.0,,1104,0,1685.0,1685.0,1666.0
2019-09-24,0.0,-1.48,1660.0,,173,0,1685.0,1685.0,1654.0
2019-09-23,0.0,0.72,1685.0,,823,0,1675.0,1700.0,1646.0
2019-09-22,0.0,-4.13,1673.0,,2399,0,1770.0,1770.0,1671.0
2019-09-19,0.0,5.76,1745.0,,10082,0,1682.0,1800.0,1640.0
2019-09-18,0.0,6.8,1650.0,,1213,0,1575.0,1650.0,1515.0
2019-09-17,0.0,2.93,1545.0,,348,0,1501.0,1545.0,1500.0
2019-09-16,0.0,0.47,1501.0,,154,0,1510.0,1510.0,1500.0
2019-09-15,0.0,-3.92,1494.0,,320,0,1524.0,1524.0,1494.0
2019-09-12,0.0,0.32,1555.0,,1109,0,1550.0,1560.0,1530.0
2019-09-11,0.0,0.71,1550.0,,115,0,1568.0,1569.0,1541.0
2019-09-10,0.0,-2.29,1539.0,,463,0,1555.0,1570.0,1539.0
2019-09-09,0.0,-0.94,1575.0,,675,0,1564.0,1575.0,1553.0
2019-09-08,0.0,-3.69,1590.0,,1243,0,1618.0,1618.0,1557.0
2019-09-05,0.0,5.97,1651.0,,1980,0,1527.0,1651.0,1500.0
2019-09-04,0.0,4.35,1558.0,,1192,0,1475.0,1558.0,1465.0
2019-09-03,0.0,2.26,1493.0,,123,0,1460.0,1493.0,1460.0
2019-09-02,0.0,1.39,1460.0,,109,0,1440.0,1460.0,1435.0
2019-09-01,0.0,-3.36,1440.0,,584,0,1461.0,1462.0,1432.0
2019-08-29,0.0,0.0,1490.0,,285,0,1471.0,1490.0,1470.0
2019-08-28,0.0,0.0,1490.0,,70,0,1477.0,1490.0,1476.0
2019-08-27,0.0,1.02,1490.0,,58,0,1475.0,1490.0,1475.0
2019-08-26,0.0,0.0,1475.0,,324,0,1466.0,1480.0,1466.0
2019-08-25,0.0,-0.41,1475.0,,248,0,1481.0,1481.0,1475.0
2019-08-22,0.0,-0.07,1481.0,,232,0,1500.0,1500.0,1477.0
2019-08-21,0.0,-0.54,1482.0,,55,0,1495.0,1499.0,1482.0
2019-08-20,0.0,0.88,1490.0,,208,0,1471.0,1490.0,1471.0
2019-08-19,0.0,0.82,1477.0,,149,0,1465.0,1490.0,1465.0
2019-08-18,0.0,-0.34,1465.0,,30,0,1465.0,1465.0,1465.0
2019-08-15,0.0,0.0,1470.0,,100,0,1471.0,1471.0,1470.0
2019-08-14,0.0,-0.68,1470.0,,428,0,1455.0,1480.0,1470.0
2019-08-13,0.0,0.61,1480.0,,100,0,1475.0,1487.0,1475.0
2019-08-12,0.0,0.07,1471.0,,225,0,1470.0,1482.0,1470.0
2019-08-11,0.0,-1.01,1470.0,,460,0,1475.0,1475.0,1470.0
2019-08-08,0.0,-1.98,1485.0,,115,0,1500.0,1500.0,1485.0
2019-08-07,0.0,1.0,1515.0,,307,0,1480.0,1515.0,1480.0
2019-08-06,0.0,-1.12,1500.0,,135,0,1500.0,1501.0,1500.0
2019-08-05,0.0,-1.81,1517.0,,1293,0,1543.0,1545.0,1500.0
2019-08-04,0.0,-1.59,1545.0,,905,0,1601.0,1601.0,1545.0
2019-08-01,0.0,0.64,1570.0,,1160,0,1581.0,1609.0,1535.0
2019-07-31,0.0,4.98,1560.0,,936,0,1500.0,1560.0,1500.0
2019-07-30,0.0,-0.93,1486.0,,163,0,1510.0,1530.0,1484.0
2019-07-29,0.0,1.49,1500.0,,134,0,1470.0,1515.0,1465.0
2019-07-28,0.0,-1.4,1478.0,,194,0,1500.0,1515.0,1476.0
2019-07-25,0.0,-5.07,1499.0,,1561,0,1548.0,1548.0,1470.0
2019-07-24,0.0,1.22,1579.0,,331,0,1591.0,1591.0,1535.0
2019-07-23,0.0,5.76,1560.0,,482,0,1504.0,1591.0,1500.0
2019-07-22,0.0,3.58,1475.0,,638,0,1424.0,1475.0,1424.0
2019-07-21,0.0,-3.78,1424.0,,1170,0,1509.0,1509.0,1397.0
2019-07-17,0.0,0.0,1480.0,,3,0,1460.0,1480.0,1480.0
2019-07-15,0.0,0.0,1480.0,,32,0,1480.0,1480.0,1480.0
2019-07-14,0.0,1.72,1480.0,,156,0,1470.0,1480.0,1440.0
2019-07-11,0.0,0.14,1455.0,,256,0,1424.0,1455.0,1405.0
2019-07-10,0.0,3.79,1453.0,,602,0,1400.0,1453.0,1400.0
2019-07-09,0.0,-3.45,1400.0,,602,0,1421.0,1430.0,1400.0
2019-07-08,0.0,-0.34,1450.0,,73,0,1455.0,1455.0,1428.0
2019-07-07,0.0,-0.07,1455.0,,167,0,1427.0,1455.0,1427.0
2019-07-04,0.0,-1.95,1456.0,,123,0,1500.0,1500.0,1456.0
2019-07-03,0.0,1.5,1485.0,,85,0,1440.0,1485.0,1440.0
2019-07-02,0.0,1.95,1463.0,,89,0,1449.0,1463.0,1449.0
2019-07-01,0.0,1.06,1435.0,,293,0,1430.0,1435.0,1420.0
2019-06-30,0.0,-2.74,1420.0,,400,0,1450.0,1450.0,1405.0
2019-06-27,0.0,-0.34,1460.0,,328,0,1436.0,1460.0,1412.0
2019-06-26,0.0,-0.88,1465.0,,454,0,1490.0,1490.0,1430.0
2019-06-25,0.0,2.78,1478.0,,369,0,1415.0,1478.0,1427.0
2019-06-24,0.0,2.35,1438.0,,590,0,1377.0,1438.0,1376.0
2019-06-23,0.0,0.36,1405.0,,317,0,1400.0,1411.0,1400.0
2019-06-20,0.0,0.0,1400.0,,239,0,1400.0,1427.0,1400.0
2019-06-19,0.0,-2.71,1400.0,,166,0,1411.0,1411.0,1388.0
2019-06-18,0.0,4.58,1439.0,,267,0,1380.0,1439.0,1380.0
2019-06-17,0.0,-1.01,1376.0,,738,0,1367.0,1400.0,1367.0
2019-06-16,0.0,-5.95,1390.0,,1373,0,1449.0,1449.0,1380.0
2019-06-13,0.0,0.68,1478.0,,986,0,1468.0,1490.0,1460.0
2019-06-12,0.0,-2.13,1468.0,,293,0,1471.0,1471.0,1441.0
2019-06-11,0.0,0.0,1500.0,,172,0,1481.0,1500.0,1478.0
2019-06-06,0.0,-1.96,1500.0,,88,0,1500.0,1500.0,1490.0
2019-06-04,0.0,2.55,1530.0,,703,0,1477.0,1530.0,1477.0
2019-06-03,0.0,-1.97,1492.0,,1018,0,1520.0,1522.0,1492.0
2019-06-02,0.0,-1.17,1522.0,,213,0,1540.0,1540.0,1522.0
2019-05-30,0.0,-5.06,1540.0,,1053,0,1654.0,1686.0,1540.0
2019-05-29,0.0,3.97,1622.0,,168,0,1550.0,1622.0,1550.0
2019-05-28,0.0,-1.7,1560.0,,339,0,1617.0,1587.0,1552.0
2019-05-27,0.0,1.02,1587.0,,514,0,1560.0,1587.0,1556.0
2019-05-26,0.0,-1.75,1571.0,,84,0,1568.0,1580.0,1568.0
2019-05-23,0.0,-0.19,1599.0,,107,0,1571.0,1599.0,1571.0
2019-05-22,0.0,0.0,1602.0,,260,0,1600.0,1610.0,1590.0
2019-05-21,0.0,-1.72,1602.0,,280,0,1610.0,1610.0,1602.0
2019-05-20,0.0,-1.21,1630.0,,70,0,1650.0,1655.0,1630.0
2019-05-19,0.0,0.0,1650.0,,15,0,1650.0,1650.0,1650.0
2019-05-16,0.0,-1.79,1650.0,,500,0,1651.0,1651.0,1650.0
2019-05-15,0.0,-1.35,1680.0,,181,0,1700.0,1700.0,1670.0
2019-05-14,0.0,0.77,1703.0,,531,0,1670.0,1737.0,1650.0
2019-05-13,0.0,-0.06,1690.0,,152,0,1666.0,1700.0,1666.0
2019-05-12,0.0,1.5,1691.0,,184,0,1689.0,1747.0,1656.0
2019-05-09,0.0,-3.42,1666.0,,387,0,1700.0,1700.0,1666.0
2019-05-08,0.0,1.47,1725.0,,341,0,1700.0,1725.0,1680.0
2019-05-07,0.0,-1.62,1700.0,,199,0,1728.0,1750.0,1698.0
2019-05-06,0.0,3.16,1728.0,,476,0,1675.0,1730.0,1621.0
2019-05-05,0.0,-1.53,1675.0,,359,0,1704.0,1735.0,1672.0
2019-05-02,0.0,-2.19,1701.0,,264,0,1720.0,1720.0,1700.0
2019-04-30,0.0,-0.06,1739.0,,746,0,1769.0,1769.0,1700.0
2019-04-29,0.0,-3.81,1740.0,,396,0,1782.0,1808.0,1740.0
2019-04-28,0.0,7.36,1809.0,,745,0,1710.0,1820.0,1710.0
2019-04-25,0.0,-6.39,1685.0,,816,0,1800.0,1800.0,1666.0
2019-04-24,0.0,4.96,1800.0,,509,0,1740.0,1800.0,1706.0
2019-04-23,0.0,-1.72,1715.0,,699,0,1711.0,1790.0,1678.0
2019-04-22,0.0,-0.51,1745.0,,934,0,1740.0,1821.0,1706.0
2019-04-21,0.0,6.37,1754.0,,1584,0,1681.0,1782.0,1680.0
2019-04-18,0.0,3.06,1649.0,,1079,0,1592.0,1649.0,1592.0
2019-04-17,0.0,-1.23,1600.0,,43,0,1620.0,1600.0,1591.0
2019-04-16,0.0,2.27,1620.0,,277,0,1570.0,1630.0,1584.0
2019-04-15,0.0,1.28,1584.0,,221,0,1540.0,1584.0,1550.0
2019-04-11,0.0,-0.38,1564.0,,348,0,1575.0,1575.0,1564.0
2019-04-10,0.0,-1.81,1570.0,,53,0,1599.0,1599.0,1568.0
2019-04-09,0.0,-0.12,1599.0,,1468,0,1573.0,1599.0,1541.0
2019-04-08,0.0,1.01,1601.0,,809,0,1585.0,1601.0,1554.0
2019-04-07,0.0,-2.52,1585.0,,300,0,1627.0,1627.0,1585.0
2019-04-04,0.0,0.0,1626.0,,158,0,1645.0,1645.0,1613.0
2019-04-03,0.0,-1.99,1626.0,,164,0,1660.0,1665.0,1626.0
2019-04-02,0.0,-0.3,1659.0,,538,0,1631.0,1669.0,1601.0
2019-04-01,0.0,5.45,1664.0,,926,0,1600.0,1664.0,1575.0
2019-03-31,0.0,-1.99,1578.0,,266,0,1610.0,1610.0,1578.0
2019-03-28,0.0,1.83,1610.0,,1529,0,1600.0,1612.0,1570.0
2019-03-27,0.0,-3.48,1581.0,,337,0,1638.0,1670.0,1581.0
2019-03-26,0.0,1.11,1638.0,,70,0,1600.0,1638.0,1600.0
2019-03-25,0.0,1.89,1620.0,,584,0,1600.0,1620.0,1580.0
2019-03-24,0.0,-1.24,1590.0,,201,0,1604.0,1605.0,1590.0
2019-03-21,0.0,0.44,1610.0,,296,0,1600.0,1610.0,1564.0
2019-03-19,0.0,-1.17,1603.0,,12,0,1603.0,1603.0,1603.0
2019-03-18,0.0,-0.92,1622.0,,155,0,1620.0,1630.0,1620.0
2019-03-17,0.0,-1.09,1637.0,,251,0,1688.0,1688.0,1637.0
2019-03-14,0.0,-0.3,1655.0,,65,0,1627.0,1655.0,1627.0
2019-03-13,0.0,-0.89,1675.0,,22,0,1690.0,1690.0,1675.0
2019-03-12,0.0,0.18,1690.0,,12,0,1690.0,1690.0,1687.0
2019-03-11,0.0,-0.06,1687.0,,264,0,1665.0,1699.0,1656.0
2019-03-10,0.0,-1.66,1655.0,,10,0,1655.0,1683.0,1655.0
2019-03-09,0.0,-1.66,1655.0,,10,0,1655.0,1683.0,1655.0
2019-03-07,0.0,3.0,1683.0,,192,0,1634.0,1683.0,1630.0
2019-03-06,0.0,2.0,1634.0,,192,0,1602.0,1634.0,1602.0
2019-03-05,0.0,0.12,1602.0,,76,0,1600.0,1631.0,1600.0
2019-03-03,0.0,0.0,1600.0,,252,0,1570.0,1625.0,1570.0
2019-02-27,0.0,0.0,1600.0,,322,0,1610.0,1642.0,1600.0
2019-02-26,0.0,0.0,1600.0,,22,0,1570.0,1600.0,1570.0
2019-02-25,0.0,-0.81,1600.0,,25,0,1581.0,1613.0,1600.0
2019-02-24,0.0,-1.47,1613.0,,469,0,1635.0,1637.0,1613.0
2019-02-21,0.0,-0.67,1637.0,,136,0,1638.0,1648.0,1637.0
2019-02-20,0.0,-3.91,1648.0,,132,0,1681.0,1715.0,1648.0
2019-02-19,0.0,3.63,1715.0,,147,0,1650.0,1719.0,1650.0
2019-02-18,0.0,1.78,1655.0,,118,0,1632.0,1664.0,1626.0
2019-02-17,0.0,-1.93,1626.0,,38,0,1658.0,1658.0,1626.0
2019-02-14,0.0,-0.72,1658.0,,207,0,1637.0,1670.0,1627.0
2019-02-13,0.0,-0.3,1670.0,,168,0,1656.0,1675.0,1656.0
2019-02-12,0.0,0.3,1675.0,,381,0,1665.0,1675.0,1665.0
2019-02-11,0.0,1.03,1670.0,,71,0,1653.0,1670.0,1645.0
2019-02-10,0.0,0.24,1653.0,,567,0,1660.0,1680.0,1649.0
2019-02-07,0.0,-0.06,1649.0,,32,0,1617.0,1650.0,1617.0
2019-02-06,0.0,-2.65,1650.0,,260,0,1695.0,1695.0,1595.0
2019-02-05,0.0,1.13,1695.0,,412,0,1675.0,1698.0,1661.0
2019-02-04,0.0,-2.9,1676.0,,603,0,1707.0,1726.0,1671.0
2019-02-03,0.0,-1.37,1726.0,,566,0,1785.0,1785.0,1721.0
2019-01-31,0.0,1.21,1750.0,,1149,0,1729.0,1768.0,1714.0
2019-01-30,0.0,1.71,1729.0,,134,0,1700.0,1734.0,1700.0
2019-01-29,0.0,-1.16,1700.0,,287,0,1720.0,1720.0,1690.0
2019-01-28,0.0,2.63,1720.0,,180,0,1676.0,1720.0,1676.0
2019-01-27,0.0,-1.82,1676.0,,65,0,1707.0,1707.0,1676.0
2019-01-24,0.0,-1.61,1707.0,,24,0,1735.0,1735.0,1706.0
2019-01-23,0.0,0.0,1735.0,,22,0,1735.0,1735.0,1734.0
2019-01-22,0.0,0.29,1735.0,,284,0,1730.0,1735.0,1675.0
2019-01-21,0.0,-0.23,1730.0,,155,0,1734.0,1753.0,1698.0
2019-01-20,0.0,6.64,1734.0,,307,0,1626.0,1734.0,1626.0
2019-01-17,0.0,-1.16,1626.0,,155,0,1645.0,1645.0,1626.0
2019-01-16,0.0,1.67,1645.0,,538,0,1618.0,1650.0,1617.0
2019-01-15,0.0,5.0,1618.0,,96,0,1541.0,1618.0,1541.0
2019-01-14,0.0,-1.85,1541.0,,68,0,1570.0,1600.0,1541.0
2019-01-13,0.0,0.0,1570.0,,10,0,1570.0,1570.0,1570.0
2019-01-10,0.0,3.63,1570.0,,432,0,1515.0,1570.0,1515.0
2019-01-09,0.0,-0.92,1515.0,,164,0,1529.0,1529.0,1515.0
2019-01-08,0.0,3.31,1529.0,,36,0,1480.0,1529.0,1480.0
2019-01-07,0.0,0.27,1480.0,,94,0,1476.0,1525.0,1476.0
2019-01-06,0.0,-3.53,1476.0,,74,0,1530.0,1530.0,1476.0
2019-01-03,0.0,2.0,1530.0,,347,0,1500.0,1530.0,1500.0
2019-01-02,0.0,-0.86,1500.0,,116,0,1513.0,1513.0,1500.0
2019-01-01,0.0,3.98,1543.0,,86,0,1484.0,1543.0,1484.0
2018-12-31,0.0,-1.98,1484.0,,110,0,1514.0,1514.0,1484.0
2018-12-30,0.0,-1.94,1514.0,,24,0,1544.0,1544.0,1514.0
2018-12-27,0.0,-1.97,1544.0,,220,0,1575.0,1606.0,1544.0
2018-12-26,0.0,5.07,1575.0,,1416,0,1499.0,1575.0,1499.0
2018-12-25,0.0,-0.07,1499.0,,195,0,1500.0,1500.0,1470.0
2018-12-24,0.0,2.04,1500.0,,359,0,1470.0,1500.0,1450.0
2018-12-23,0.0,4.63,1470.0,,267,0,1405.0,1470.0,1405.0
2018-12-20,0.0,0.57,1405.0,,160,0,1397.0,1424.0,1397.0
2018-12-19,0.0,-3.32,1397.0,,104,0,1445.0,1445.0,1397.0
2018-12-18,0.0,-2.03,1445.0,,55,0,1475.0,1475.0,1445.0
2018-12-17,0.0,3.15,1475.0,,159,0,1430.0,1475.0,1430.0
2018-12-16,0.0,3.7,1430.0,,40,0,1379.0,1430.0,1379.0
2018-12-13,0.0,1.25,1379.0,,12,0,1362.0,1379.0,1362.0
2018-12-12,0.0,1.95,1362.0,,26,0,1336.0,1362.0,1336.0
2018-12-11,0.0,0.75,1336.0,,46,0,1326.0,1336.0,1310.0
2018-12-10,0.0,2.0,1326.0,,10,0,1300.0,1326.0,1300.0
2018-12-09,0.0,-3.7,1300.0,,24,0,1350.0,1350.0,1300.0
2018-12-06,0.0,-2.24,1350.0,,305,0,1381.0,1381.0,1350.0
2018-12-04,0.0,0.0,1395.0,,81,0,1395.0,1400.0,1395.0
2018-12-03,0.0,-1.76,1395.0,,105,0,1420.0,1420.0,1370.0
2018-11-29,0.0,0.85,1785.0,,1169,0,1770.0,1792.0,1715.0
2018-11-28,0.0,-1.28,1770.0,,241,0,1793.0,1793.0,1760.0
2018-11-27,0.0,-0.08,1793.0,,305,0,1794.5,1800.0,1790.0
2018-11-26,0.0,-3.19,1789.0,,284,0,1848.0,1850.0,1789.0
2018-11-25,0.0,-1.86,1848.0,,82,0,1883.0,1884.0,1848.0
2018-11-22,0.0,0.97,1883.0,,74,0,1865.0,1890.0,1860.0
2018-11-21,0.0,1.91,1870.0,,97,0,1835.0,1870.0,1835.0
2018-11-20,0.0,0.27,1870.0,,165,0,1865.0,1902.0,1865.0
2018-11-19,0.0,0.81,1865.0,,58,0,1850.0,1865.0,1850.0
2018-11-18,0.0,-0.11,1850.0,,132,0,1852.0,1865.0,1850.0
2018-11-15,0.0,0.0,1889.0,,2,0,1889.0,1889.0,1889.0
2018-11-05,0.0,-1.3,1900.0,,152,0,1900.0,1900.0,1900.0
2018-11-04,0.0,-1.28,1925.0,,33,0,1949.0,1949.0,1925.0
2018-11-01,0.0,1.04,1950.0,,104,0,1930.0,1950.0,1950.0
2018-10-31,0.0,-1.03,1930.0,,99,0,1930.0,1930.0,1930.0
2018-10-30,0.0,-0.76,1950.0,,274,0,1978.0,1978.0,1950.0
2018-10-29,0.0,-0.3,1965.0,,68,0,1970.0,1970.0,1951.0
2018-10-28,0.0,-1.89,1971.0,,94,0,1970.0,1971.0,1969.0
2018-10-25,0.0,1.93,2009.0,,215,0,2010.0,2050.0,2009.0
2018-10-24,0.0,-1.7,1971.0,,87,0,2005.0,2005.0,1971.0
2018-10-23,0.0,-1.23,2005.0,,62,0,2001.0,2005.0,2001.0
2018-10-15,0.0,0.0,2030.0,,12,0,2030.0,2030.0,2030.0
2018-10-14,0.0,3.31,2030.0,,80,0,1990.0,2034.0,1990.0
2018-10-11,0.0,-1.01,1966.0,,84,0,1990.0,1990.0,1965.0
2018-10-10,0.0,-0.8,1985.0,,250,0,2010.0,2010.0,1985.0
2018-10-09,0.0,-1.23,2001.0,,54,0,2030.0,2030.0,1991.0
2018-10-08,0.0,0.1,2026.0,,229,0,2030.0,2030.0,2020.0
2018-10-07,0.0,-2.17,2024.0,,119,0,2060.0,2060.0,2020.0
2018-10-04,0.0,-1.38,2069.0,,545,0,2100.0,2110.0,2069.0
2018-10-03,0.0,-1.96,2098.0,,60,0,2100.0,2100.0,2098.0
2018-10-02,0.0,0.9,2140.0,,47,0,2124.0,2140.0,2124.0
2018-10-01,0.0,-1.67,2121.0,,375,0,2135.0,2190.0,2121.0
2018-09-30,0.0,-3.92,2157.0,,347,0,2201.0,2201.0,2157.0
2018-09-27,0.0,-1.97,2240.0,,112,0,2245.0,2245.0,2201.0
2018-09-26,0.0,1.15,2290.0,,707,0,2290.0,2299.0,2210.0
2018-09-25,0.0,2.91,2264.0,,751,0,2200.0,2264.0,2200.0
2018-09-23,0.0,-0.9,2200.0,,1398,0,2264.0,2264.0,2151.0
2018-09-20,0.0,-0.22,2220.0,,379,0,2250.0,2250.0,2190.0
2018-09-18,0.0,0.45,2225.0,,190,0,2203.0,2225.0,2192.0
2018-09-17,0.0,0.68,2215.0,,186,0,2157.0,2244.0,2157.0
2018-09-16,0.0,0.55,2200.0,,167,0,2145.0,2200.0,2135.0
2018-09-13,0.0,0.88,2188.0,,351,0,2140.0,2225.0,2140.0
2018-09-12,0.0,-0.05,2169.0,,64,0,2170.0,2170.0,2127.0
2018-09-11,0.0,3.83,2170.0,,355,0,2100.0,2170.0,2100.0
2018-09-10,0.0,-1.65,2090.0,,362,0,2091.0,2091.0,2090.0
2018-09-09,0.0,-1.07,2107.0,,225,0,2106.0,2125.0,2106.0
2018-09-06,0.0,1.08,2140.0,,1540,0,2154.0,2160.0,2100.0
2018-09-05,0.0,2.91,2125.0,,219,0,2106.0,2167.0,2105.0
2018-09-04,0.0,-1.2,2065.0,,25,0,2060.0,2065.0,2060.0
2018-09-03,0.0,0.97,2090.0,,239,0,2099.0,2136.0,2090.0
2018-09-02,0.0,0.49,2070.0,,77,0,2025.0,2070.0,2025.0
2018-08-30,0.0,0.83,2060.0,,66,0,2083.0,2083.0,2050.0
2018-08-29,0.0,-1.3,2043.0,,36,0,2040.0,2070.0,2040.0
2018-08-28,0.0,1.42,2070.0,,146,0,2040.0,2070.0,2028.0
2018-08-26,0.0,-3.82,2064.0,,312,0,2080.0,2080.0,2041.0
2018-08-23,0.0,1.97,2122.0,,72,0,2095.0,2122.0,2095.0
2018-08-22,0.0,-0.05,2081.0,,132,0,2080.0,2085.0,2065.0
2018-08-21,0.0,-0.86,2082.0,,152,0,2070.0,2082.0,2070.0
2018-08-20,0.0,-1.04,2102.0,,358,0,2120.0,2122.0,2100.0
2018-08-19,0.0,-1.89,2122.0,,397,0,2155.0,2155.0,2122.0
2018-08-16,0.0,0.05,2163.0,,357,0,2190.0,2190.0,2120.0
2018-08-15,0.0,2.51,2150.0,,676,0,2090.0,2162.0,2090.0
2018-08-14,0.0,0.43,2105.0,,386,0,2100.0,2109.0,2080.0
2018-08-13,0.0,0.82,2100.0,,224,0,2083.0,2100.0,2051.0
2018-08-12,0.0,-1.75,2084.0,,580,0,2120.0,2120.0,2083.0
2018-08-09,0.0,-0.47,2120.0,,330,0,2140.0,2140.0,2120.0
2018-08-08,0.0,-0.51,2130.0,,862,0,2130.0,2132.0,2121.0
2018-08-07,0.0,-1.56,2141.0,,302,0,2174.0,2174.0,2141.0
2018-08-06,0.0,1.97,2175.0,,130,0,2115.0,2175.0,2115.0
2018-08-05,0.0,-1.3,2133.0,,174,0,2161.0,2165.0,2132.0
2018-08-02,0.0,0.23,2161.0,,90,0,2121.0,2199.0,2121.0
2018-08-01,0.0,0.05,2156.0,,168,0,2140.0,2160.0,2140.0
2018-07-31,0.0,-0.46,2155.0,,116,0,2151.0,2184.0,2151.0
2018-07-30,0.0,0.93,2165.0,,166,0,2110.0,2165.0,2110.0
2018-07-29,0.0,-0.69,2145.0,,20,0,2145.0,2145.0,2145.0
2018-07-26,0.0,0.09,2160.0,,88,0,2160.0,2160.0,2160.0
2018-07-25,0.0,-2.75,2161.0,,635,0,2200.0,2200.0,2158.0
2018-07-24,0.0,0.63,2215.0,,543,0,2205.0,2269.0,2205.0
2018-07-23,0.0,4.11,2205.0,,284,0,2120.0,2205.0,2120.0
2018-07-22,0.0,-1.72,2118.0,,622,0,2155.0,2180.0,2118.0
2018-07-19,0.0,0.23,2155.0,,521,0,2150.0,2180.0,2150.0
2018-07-18,0.0,-0.09,2150.0,,269,0,2116.0,2150.0,2116.0
2018-07-17,0.0,-2.8,2170.0,,1592,0,2220.0,2220.0,2152.0
2018-07-16,0.0,2.31,2214.0,,113,0,2180.0,2214.0,2180.0
2018-07-15,0.0,1.98,2164.0,,119,0,2130.0,2170.0,2128.0
2018-07-12,0.0,-5.22,2122.0,,317,0,2195.0,2195.0,2116.0
2018-07-11,0.0,2.0,2240.0,,1434,0,2238.0,2350.0,2238.0
2018-07-10,0.0,-1.53,2195.0,,1443,0,2230.0,2250.0,2176.0
2018-07-09,0.0,0.86,2229.0,,222,0,2175.0,2229.0,2171.0
2018-07-08,0.0,-1.78,2210.0,,1190,0,2205.0,2289.0,2205.0
2018-07-05,0.0,6.64,2250.0,,885,0,2120.0,2290.0,2120.0
2018-07-04,0.0,-1.86,2110.0,,627,0,2150.0,2193.0,2110.0
2018-07-03,0.0,2.92,2150.0,,360,0,2130.0,2160.0,2115.0
2018-07-02,0.0,0.23,2161.0,,90,0,2121.0,2199.0,2121.0
2018-07-01,0.0,0.05,2156.0,,168,0,2140.0,2160.0,2140.0
2018-06-28,0.0,-3.34,2113.0,,302,0,2155.0,2200.0,2113.0
2018-06-27,0.0,1.82,2186.0,,422,0,2110.0,2230.0,2070.0
2018-06-26,0.0,-4.96,2147.0,,1142,0,2215.0,2230.0,2147.0
2018-06-25,0.0,0.4,2259.0,,106,0,2250.0,2259.0,2215.0
2018-06-24,0.0,-0.44,2250.0,,574,0,2240.0,2279.0,2235.0
2018-06-21,0.0,0.27,2260.0,,148,0,2254.0,2299.0,2253.0
2018-06-20,0.0,-0.7,2254.0,,298,0,2251.0,2265.0,2251.0
2018-06-19,0.0,-1.3,2270.0,,14,0,2270.0,2270.0,2270.0
2018-06-18,0.0,0.22,2255.0,,122,0,2251.0,2300.0,2234.0
2018-06-17,0.0,-0.86,2295.0,,201,0,2300.0,2300.0,2272.0
2018-06-14,0.0,0.65,2315.0,,277,0,2300.0,2330.0,2254.0
2018-06-13,0.0,0.44,2299.0,,329,0,2310.0,2310.0,2280.0
2018-06-12,0.0,-0.61,2290.0,,565,0,2280.0,2330.0,2268.0
2018-06-11,0.0,-1.96,2304.0,,609,0,2304.0,2397.0,2304.0
2018-06-10,0.0,0.86,2350.0,,1013,0,2285.0,2350.0,2275.0
2018-06-07,0.0,-3.4,2330.0,,1320,0,2370.0,2370.0,2306.0
2018-06-06,0.0,1.99,2364.0,,425,0,2412.0,2450.0,2412.0
2018-06-04,0.0,-0.67,2365.0,,1445,0,2334.0,2421.0,2323.0
2018-06-03,0.0,-4.68,2381.0,,1226,0,2450.0,2455.0,2380.0
2018-05-31,0.0,-0.52,2498.0,,889,0,2500.0,2510.0,2465.0
2018-05-30,0.0,-1.14,2511.0,,405,0,2490.0,2587.0,2461.0
2018-05-29,0.0,-2.31,2540.0,,816,0,2646.0,2646.0,2500.0
2018-05-28,0.0,6.56,2600.0,,953,0,2440.0,2600.0,2440.0
2018-05-27,0.0,-2.79,2440.0,,475,0,2470.0,2470.0,2421.0
2018-05-24,0.0,-3.28,2510.0,,1893,0,2595.0,2570.0,2510.0
2018-05-23,0.0,2.98,2595.0,,1824,0,2480.0,2620.0,2480.0
2018-05-22,0.0,0.84,2505.0,,829,0,2452.0,2520.0,2434.0
2018-05-21,0.0,4.56,2499.0,,985,0,2385.0,2499.0,2365.0
2018-05-20,0.0,-0.62,2390.0,,1236,0,2450.0,2450.0,2390.0
2018-05-17,0.0,0.21,2405.0,,494,0,2400.0,2470.0,2400.0
2018-05-16,0.0,1.91,2400.0,,355,0,2370.0,2400.0,2360.0
2018-05-15,0.0,-0.46,2355.0,,280,0,2350.0,2366.0,2335.0
2018-05-14,0.0,-1.38,2366.0,,152,0,2365.0,2390.0,2360.0
2018-05-10,0.0,-0.04,2399.0,,651,0,2400.0,2400.0,2360.0
2018-05-09,0.0,-0.66,2400.0,,255,0,2416.0,2415.0,2330.0
2018-05-08,0.0,4.0,2410.0,,128,0,2323.0,2416.0,2323.0
2018-05-07,0.0,-2.97,2324.0,,620,0,2348.0,2370.0,2316.0
2018-05-06,0.0,0.59,2394.0,,1046,0,2380.0,2420.0,2360.0
2018-05-03,0.0,2.23,2380.0,,1671,0,2374.0,2421.0,2347.0
2018-05-02,0.0,1.75,2328.0,,261,0,2288.0,2329.0,2283.0
2018-04-29,0.0,0.04,2287.0,,1335,0,2280.0,2324.0,2190.0
2018-04-26,0.0,-5.34,2287.0,,755,0,2420.0,2439.0,2243.0
2018-04-25,0.0,-3.9,2416.0,,806,0,2464.0,2478.0,2416.0
2018-04-24,0.0,6.53,2514.0,,1004,0,2313.0,2514.0,2300.0
2018-04-23,0.0,-3.2,2360.0,,1947,0,2438.0,2500.0,2352.0
2018-04-22,0.0,9.97,2438.0,,2428,0,2217.0,2438.0,2260.0
2018-04-19,0.0,2.83,2217.0,,1235,0,2199.0,2218.0,2113.0
2018-04-18,0.0,-2.62,2160.0,,1443,0,2170.0,2320.0,2156.0
2018-04-17,0.0,7.48,2214.0,,1669,0,2060.0,2214.0,2022.0
2018-04-16,0.0,6.3,2040.0,,726,0,1976.0,2119.0,1940.0
2018-04-15,0.0,2.0,1938.0,,390,0,1900.0,1938.0,1863.0
2018-04-12,0.0,0.53,1900.0,,1018,0,1913.0,1913.0,1877.0
2018-04-11,0.0,0.27,1890.0,,3929,0,1848.0,1890.0,1830.0
2018-04-10,0.0,-4.8,1885.0,,1395,0,1941.0,1941.0,1841.0
2018-04-09,0.0,6.17,1980.0,,5959,0,1902.0,1980.0,1825.0
2018-04-08,0.0,4.19,1865.0,,2114,0,1825.0,1934.0,1819.0
2018-04-05,0.0,2.29,1790.0,,524,0,1750.0,1856.0,1750.0
2018-04-04,0.0,6.0,1734.0,,945,0,1650.0,1750.0,1640.0
2018-04-03,0.0,-1.14,1651.0,,91,0,1645.0,1660.0,1645.0
2018-04-02,0.0,0.18,1675.0,,142,0,1700.0,1700.0,1665.0
2018-04-01,0.0,-1.77,1667.0,,10,0,1667.0,1667.0,1667.0
2018-03-29,0.0,1.98,1697.0,,210,0,1670.0,1697.0,1650.0
2018-03-28,0.0,-3.87,1664.0,,333,0,1731.0,1750.0,1664.0
2018-03-27,0.0,6.0,1731.0,,425,0,1605.0,1731.0,1601.0
2018-03-26,0.0,-7.53,1633.0,,155,0,1731.0,1731.0,1633.0
2018-03-22,0.0,-5.05,1780.0,,695,0,1823.0,1823.0,1753.0
2018-03-21,0.0,-3.12,1860.0,,376,0,1885.0,1885.0,1814.0
2018-03-20,0.0,0.79,1919.0,,499,0,1885.0,1920.0,1880.0
2018-03-19,0.0,-0.68,1905.0,,180,0,1900.0,1925.0,1895.0
2018-03-18,0.0,-1.03,1918.0,,10,0,1918.0,1918.0,1918.0
2018-03-15,0.0,2.0,1938.0,,10,0,1938.0,1938.0,1938.0
2018-03-14,0.0,-1.09,1900.0,,120,0,1920.0,1920.0,1900.0
2018-03-13,0.0,-1.49,1921.0,,10,0,1921.0,1921.0,1921.0
2018-03-12,0.0,0.21,1950.0,,70,0,1946.0,1950.0,1950.0
2018-03-11,0.0,-3.9,1946.0,,50,0,2025.0,1985.0,1946.0
2018-03-07,0.0,2.84,2025.0,,129,0,1965.0,2025.0,1965.0
2018-03-06,0.0,1.44,1969.0,,412,0,1910.0,1969.0,1885.0
2018-03-04,0.0,-4.58,2000.0,,524,0,2061.0,2061.0,1975.0
2018-02-28,0.0,-2.51,2096.0,,272,0,2111.0,2111.0,2091.0
2018-02-27,0.0,1.42,2150.0,,49,0,2090.0,2150.0,2090.0
2018-02-26,0.0,-1.4,2121.0,,519,0,2121.0,2130.0,2115.0
2018-02-25,0.0,-0.46,2160.0,,219,0,2130.0,2160.0,2130.0
2018-02-22,0.0,-0.28,2170.0,,512,0,2219.0,2219.0,2150.0
2018-02-21,0.0,-1.54,2176.0,,176,0,2210.0,2210.0,2170.0
2018-02-20,0.0,-4.74,2210.0,,90,0,2300.0,2300.0,2210.0
2018-02-18,0.0,-1.61,2320.0,,372,0,2358.0,2400.0,2320.0
2018-02-15,0.0,8.17,2358.0,,363,0,2186.0,2358.0,2186.0
2018-02-14,0.0,0.32,2180.0,,428,0,2170.0,2180.0,2141.0
2018-02-12,0.0,0.56,2173.0,,50,0,2125.0,2173.0,2125.0
2018-02-11,0.0,-1.77,2161.0,,220,0,2162.0,2173.0,2161.0
2018-02-08,0.0,0.46,2200.0,,130,0,2160.0,2233.0,2160.0
2018-02-07,0.0,-1.62,2190.0,,229,0,2226.0,2226.0,2190.0
2018-02-06,0.0,-1.29,2240.0,,420,0,2240.0,2240.0,2226.0
2018-02-05,0.0,-1.96,2255.0,,384,0,2288.0,2288.0,2255.0
2018-02-04,0.0,0.26,2300.0,,435,0,2280.0,2300.0,2271.0
2018-02-01,0.0,2.41,2294.0,,487,0,2270.0,2294.0,2255.0
2018-01-31,0.0,0.63,2250.0,,511,0,2270.0,2285.0,2240.0
2018-01-29,0.0,0.0,2226.0,,329,0,2183.0,2270.0,2183.0
2018-01-28,0.0,-0.85,2226.0,,238,0,2220.0,2240.0,2220.0
2018-01-25,0.0,0.67,2245.0,,461,0,2230.0,2245.0,2230.0
2018-01-24,0.0,0.9,2229.0,,348,0,2230.0,2230.0,2210.0
2018-01-23,0.0,-0.45,2214.0,,390,0,2232.0,2235.0,2210.0
2018-01-22,0.0,-2.2,2220.0,,410,0,2225.0,2235.0,2220.0
2018-01-21,0.0,2.25,2269.0,,460,0,2210.0,2280.0,2210.0
2018-01-17,0.0,-0.45,2220.0,,210,0,2213.0,2243.0,2200.0
2018-01-16,0.0,-0.93,2230.0,,186,0,2221.0,2250.0,2221.0
2018-01-14,0.0,-4.21,2258.0,,310,0,2305.0,2305.0,2251.0
2018-01-10,0.0,-0.42,2351.0,,80,0,2351.0,2352.0,2350.0
2018-01-09,0.0,3.96,2360.0,,354,0,2270.0,2360.0,2305.0
2018-01-08,0.0,-1.52,2270.0,,490,0,2300.0,2300.0,2270.0
2018-01-07,0.0,2.4,2305.0,,310,0,2296.0,2305.0,2290.0
2018-01-04,0.0,-0.88,2251.0,,576,0,2270.0,2277.0,2251.0
2018-01-03,0.0,-3.48,2271.0,,208,0,2330.0,2330.0,2271.0
2018-01-02,0.0,-1.84,2353.0,,339,0,2400.0,2400.0,2353.0
2018-01-01,0.0,4.49,2397.0,,314,0,2310.0,2397.0,2310.0
2017-12-31,0.0,-3.9,2294.0,,239,0,2340.0,2340.0,2294.0
2017-12-28,0.0,-2.37,2387.0,,502,0,2400.0,2435.0,2387.0
2017-12-27,0.0,-0.41,2445.0,,79,0,2407.0,2445.0,2358.0
2017-12-26,0.0,-2.0,2455.0,,368,0,2460.0,2470.0,2455.0
2017-12-24,0.0,-1.38,2511.0,,628,0,2525.0,2550.0,2505.0
2017-12-21,0.0,-0.78,2540.0,,368,0,2522.0,2580.0,2522.0
2017-12-20,0.0,-4.3,2560.0,,704,0,2622.0,2622.0,2530.0
2017-12-19,0.0,0.04,2675.0,,10,0,2675.0,2675.0,2675.0
2017-12-17,0.0,1.75,2674.0,,29,0,2628.0,2674.0,2628.0
2017-12-14,0.0,-2.13,2573.0,,40,0,2600.0,2600.0,2573.0
2017-12-13,0.0,0.57,2629.0,,209,0,2570.0,2629.0,2570.0
2017-12-12,0.0,-1.25,2614.0,,220,0,2615.0,2615.0,2600.0
2017-12-11,0.0,-5.8,2647.0,,583,0,2810.0,2810.0,2647.0
2017-12-10,0.0,3.88,2810.0,,69,0,2759.0,2810.0,2759.0
2017-12-06,0.0,4.04,2705.0,,30,0,2652.0,2705.0,2652.0
2017-12-05,0.0,0.0,2600.0,,142,0,2600.0,2615.0,2590.0
2017-12-04,0.0,-0.8,2602.0,,494,0,2621.0,2602.0,2600.0
2017-11-30,0.0,2.18,3144.0,,3035,0,3078.0,3186.0,3041.0
2017-11-29,0.0,1.92,3080.0,,1513,0,3080.0,3140.0,3021.0
2017-11-28,0.0,3.07,3010.0,,2298,0,2988.0,3020.0,2930.0
2017-11-27,0.0,-0.68,2930.0,,274,0,2950.0,2999.0,2930.0
2017-11-26,0.0,1.37,2950.0,,69,0,2910.0,2950.0,2910.0
2017-11-23,0.0,2.0,2910.0,,150,0,2853.0,2910.0,2801.0
2017-11-22,0.0,0.56,2853.0,,147,0,2837.0,2860.0,2830.0
2017-11-21,0.0,-1.15,2837.0,,117,0,2815.0,2900.0,2815.0
2017-11-20,0.0,-2.41,2870.0,,120,0,2950.0,2950.0,2870.0
2017-11-19,0.0,-0.03,2941.0,,272,0,2942.0,2941.0,2884.0
2017-11-16,0.0,-1.11,2942.0,,379,0,2930.0,2943.0,2930.0
2017-11-15,0.0,-0.17,2975.0,,441,0,2980.0,3000.0,2975.0
2017-11-14,0.0,3.11,2980.0,,230,0,2890.0,3000.0,2890.0
2017-11-13,0.0,-0.34,2885.0,,315,0,2854.0,2898.0,2854.0
2017-11-12,0.0,0.38,2900.0,,115,0,2889.0,2900.0,2880.0
2017-11-09,0.0,-0.03,2889.0,,638,0,2875.0,2938.0,2875.0
2017-11-08,0.0,1.23,2870.0,,726,0,2870.0,2890.0,2815.0
2017-11-07,0.0,-1.55,2855.0,,379,0,2900.0,2900.0,2855.0
2017-11-06,0.0,-0.34,2900.0,,1621,0,2910.0,2960.0,2852.0
2017-11-05,0.0,-1.69,2910.0,,970,0,2905.0,2910.0,2890.0
2017-11-02,0.0,-1.99,2971.0,,925,0,3000.0,3025.0,2960.0
2017-11-01,0.0,-2.89,3020.0,,186,0,3048.0,3049.0,3000.0
2017-10-31,0.0,2.27,3110.0,,141,0,3030.0,3110.0,3000.0
2017-10-30,0.0,-2.38,3041.0,,2646,0,3055.0,3070.0,3040.0
2017-10-29,0.0,-1.08,3115.0,,332,0,3125.0,3130.0,3115.0
2017-10-25,0.0,-1.1,3149.0,,1809,0,3184.0,3184.0,3101.0
2017-10-24,0.0,-1.88,3184.0,,76,0,3245.0,3240.0,3182.0
2017-10-23,0.0,1.25,3245.0,,80,0,3205.0,3245.0,3200.0
2017-10-22,0.0,1.23,3205.0,,805,0,3190.0,3210.0,3160.0
2017-10-17,0.0,-1.68,3166.0,,768,0,3210.0,3240.0,3160.0
2017-10-16,0.0,0.62,3220.0,,366,0,3230.0,3264.0,3200.0
2017-10-15,0.0,0.0,3200.0,,339,0,3220.0,3250.0,3185.0
2017-10-12,0.0,-0.96,3192.0,,1028,0,3222.0,3222.0,3191.0
2017-10-11,0.0,0.06,3222.0,,580,0,3206.0,3264.0,3201.0
2017-10-10,0.0,-1.08,3220.0,,195,0,3250.0,3250.0,3220.0
2017-10-09,0.0,0.0,3255.0,,644,0,3255.0,3275.0,3250.0
2017-10-08,0.0,-2.69,3255.0,,551,0,3305.0,3305.0,3250.0
2017-10-04,0.0,-0.15,3345.0,,317,0,3330.0,3360.0,3330.0
2017-10-03,0.0,0.0,3350.0,,259,0,3350.0,3350.0,3320.0
2017-09-26,0.0,0.0,3350.0,,62,0,3350.0,3350.0,3349.0
2017-09-25,0.0,0.9,3350.0,,233,0,3320.0,3350.0,3287.0
2017-09-24,0.0,0.58,3320.0,,256,0,3260.0,3320.0,3260.0
2017-09-20,0.0,-1.46,3301.0,,253,0,3370.0,3370.0,3235.0
2017-09-18,0.0,2.76,3350.0,,1253,0,3300.0,3391.0,3261.0
2017-09-17,0.0,1.12,3260.0,,3981,0,3160.0,3280.0,3097.0
2017-09-14,0.0,-9.99,3224.0,,1914,0,3560.0,3560.0,3224.0
2017-09-13,0.0,-1.86,3583.0,,1415,0,3690.0,3690.0,3582.0
2017-09-12,0.0,-0.27,3650.0,,1675,0,3587.0,3660.0,3587.0
2017-09-11,0.0,2.04,3648.0,,1368,0,3520.0,3660.0,3520.0
2017-09-10,0.0,-1.56,3587.0,,2231,0,3620.0,3620.0,3581.0
2017-09-07,0.0,0.39,3644.0,,758,0,3630.0,3710.0,3630.0
2017-09-06,0.0,0.5,3630.0,,645,0,3555.0,3670.0,3555.0
2017-09-04,0.0,-0.19,3612.0,,1114,0,3605.0,3630.0,3595.0
2017-08-31,0.0,-0.85,3619.0,,658,0,3650.0,3650.0,3606.0
2017-08-30,0.0,0.41,3650.0,,2153,0,3650.0,3683.0,3611.0
2017-08-28,0.0,1.48,3635.0,,1980,0,3515.0,3635.0,3515.0
2017-08-27,0.0,0.06,3582.0,,1155,0,3580.0,3650.0,3565.0
2017-08-24,0.0,0.42,3580.0,,1072,0,3565.0,3595.0,3511.0
2017-08-23,0.0,-0.14,3565.0,,542,0,3512.0,3570.0,3512.0
2017-08-22,0.0,-0.03,3570.0,,1476,0,3570.0,3600.0,3510.0
2017-08-21,0.0,-0.83,3571.0,,835,0,3600.0,3600.0,3550.0
2017-08-20,0.0,-1.15,3601.0,,2129,0,3600.0,3635.0,3600.0
2017-08-17,0.0,-0.46,3643.0,,1551,0,3600.0,3651.0,3600.0
2017-08-16,0.0,0.83,3660.0,,1838,0,3630.0,3695.0,3562.0
2017-08-15,0.0,1.4,3630.0,,1928,0,3530.0,3630.0,3500.0
2017-08-13,0.0,-3.89,3580.0,,1769,0,3799.0,3798.0,3561.0
2017-08-10,0.0,-0.96,3725.0,,2559,0,3761.0,3761.0,3723.0
2017-08-09,0.0,-0.9,3761.0,,3152,0,3800.0,3805.0,3750.0
2017-08-07,0.0,-1.56,3795.0,,5405,0,3860.0,3860.0,3761.0
2017-08-06,0.0,4.22,3855.0,,11155,0,3772.0,3855.0,3650.0
2017-08-03,0.0,9.99,3699.0,,8523,0,3363.0,3699.0,3430.0
2017-08-02,0.0,9.97,3363.0,,1369,0,3119.0,3363.0,3119.0
2017-08-01,0.0,10.0,3058.0,,152,0,2919.0,3058.0,2919.0
2017-07-31,0.0,9.97,2780.0,,80,0,2578.0,2780.0,2578.0
2017-07-30,0.0,9.96,2528.0,,123,0,2344.0,2528.0,2344.0
2017-07-27,0.0,6.09,2299.0,,30,0,2210.0,2299.0,2210.0
2017-07-26,0.0,3.98,2167.0,,30,0,2125.0,2167.0,2125.0
2017-07-25,0.0,3.99,2084.0,,20,0,2044.0,2084.0,2044.0
2017-07-20,0.0,1.98,2004.0,,20,0,2004.0,2004.0,2004.0
2017-07-19,0.0,1.97,1965.0,,10,0,1965.0,1965.0,1965.0
2017-07-17,0.0,8.14,1927.0,,140,0,1817.0,1927.0,1817.0
2017-07-16,0.0,3.97,1782.0,,20,0,1748.0,1782.0,1748.0
2017-07-13,0.0,9.1,1714.0,,50,0,1649.0,1714.0,1649.0
2017-07-12,0.0,3.97,1571.0,,30,0,1541.0,1571.0,1541.0
2017-07-10,0.0,3.99,1511.0,,20,0,1482.0,1511.0,1482.0
2017-07-06,0.0,1.96,1453.0,,10,0,1453.0,1453.0,1453.0
2017-07-05,0.0,3.94,1425.0,,20,0,1398.0,1425.0,1398.0
2017-07-04,0.0,1.93,1398.0,,39,0,1371.0,1371.0,1371.0
2017-07-03,0.0,3.94,1345.0,,39,0,1319.0,1345.0,1319.0
2017-06-27,0.0,4.95,1294.0,,10,0,1294.0,1294.0,1294.0
2017-06-21,0.0,3.96,1233.0,,30,0,1209.0,1233.0,1209.0
2017-06-20,0.0,5.99,1186.0,,30,0,1141.0,1186.0,1141.0
2017-06-15,0.0,8.01,1119.0,,58,0,1056.0,1119.0,1056.0
2017-06-14,0.0,0.0,1056.0,,10,0,,,
2017-06-13,0.0,3.91,1036.0,,20,0,1016.0,1036.0,1016.0
2017-06-12,0.0,6.97,997.0,,29,0,978.0,997.0,978.0
2017-06-08,0.0,1.97,932.0,,10,0,932.0,932.0,932.0
2017-06-06,0.0,0.0,932.0,,40,0,,,
2017-05-30,0.0,5.91,914.0,,30,0,880.0,914.0,880.0
2017-05-24,0.0,5.89,863.0,,30,0,815.0,863.0,831.0
2017-05-22,0.0,9.99,815.0,,70,0,755.0,815.0,755.0
2017-05-18,0.0,4.96,741.0,,20,0,706.0,741.0,741.0
2017-05-02,0.0,1.88,706.0,,10,0,706.0,706.0,706.0
2017-04-13,0.0,1.91,693.0,,10,0,693.0,693.0,693.0
2017-04-11,0.0,4.94,680.0,,29,0,680.0,680.0,680.0
2017-04-09,0.0,0.0,660.0,,19,0,,,
2017-03-21,0.0,3.85,660.0,,30,0,636.0,648.0,636.0
2017-03-20,0.0,1.96,624.0,,10,0,624.0,624.0,624.0
2017-03-14,0.0,2.0,612.0,,10,0,612.0,612.0,612.0
2017-02-23,0.0,5.82,600.0,,40,0,578.0,600.0,578.0
2017-02-19,0.0,9.88,567.0,,1000,0,526.0,567.0,526.0
2017-02-14,0.0,1.98,516.0,,10,0,516.0,516.0,516.0
2017-02-08,0.0,0.0,506.0,,10,0,506.0,506.0,506.0
