DATE,CHANGE,CHANGE %,CLOSE,TURNOVER,VOLUME,TRADE,OPEN,HIGH,LOW
2026-05-08,5.0,1.15,440.0,24.81,5652,43,444.0,444.0,433.5
2026-05-07,-5.0,-1.14,435.0,18.2,4203,47,436.0,437.0,430.0
2026-05-06,-4.0,-0.9,440.0,8.63,1960,25,440.0,444.0,437.5
2026-05-05,4.0,0.91,444.0,7.01,1594,25,440.0,444.0,440.0
2026-05-04,-4.7,-1.06,440.0,28.12,6410,50,444.7,445.0,435.0
2026-04-30,1.7,0.38,444.7,34.03,7718,47,432.0,444.7,432.0
2026-04-29,2.0,0.45,443.0,26.96,6155,45,463.0,463.0,436.1
2026-04-28,-5.0,-1.12,441.0,19.2,4325,43,446.0,453.1,440.3
2026-04-27,1.0,0.22,446.0,19.41,4358,24,445.0,454.9,442.3
2026-04-24,-6.0,-1.33,445.0,25.26,5697,40,451.0,451.0,441.0
2026-04-23,-2.0,-0.44,451.0,35.77,7974,66,466.5,466.5,440.0
2026-04-22,-4.0,-0.88,453.0,49.71,11133,78,457.0,457.0,441.1
2026-04-21,6.0,1.33,457.0,24.79,5523,53,446.2,457.0,446.2
2026-04-20,-6.0,-1.31,451.0,32.84,7270,58,479.8,479.8,449.0
2026-04-17,3.0,0.66,457.0,32.79,7210,50,450.0,460.0,448.2
2026-04-16,-12.0,-2.58,454.0,39.33,8551,52,466.0,466.0,454.0
2026-04-15,11.0,2.42,466.0,54.36,11703,78,452.1,472.9,452.0
2026-04-13,0.9,0.2,455.0,85.61,19065,126,454.1,462.0,444.5
2026-04-10,-7.9,-1.71,454.1,30.58,6707,52,460.0,460.0,452.8
2026-04-09,3.0,0.65,462.0,80.15,17421,119,463.5,467.0,455.0
2026-04-08,12.0,2.68,459.0,41.07,9052,62,455.9,459.0,450.6
2026-04-07,-3.0,-0.67,447.0,46.29,10244,75,457.9,466.9,445.0
2026-04-06,15.0,3.45,450.0,92.48,20655,136,442.7,451.0,441.0
2026-04-05,-20.0,-4.4,435.0,,25230,188,446.6,446.6,429.0
2026-04-02,-3.0,-0.66,455.0,92.11,20158,138,455.0,464.0,445.8
2026-04-01,-17.0,-3.58,458.0,84.14,18252,120,467.1,468.0,455.0
2026-03-31,4.1,0.87,475.0,,21737,127,471.0,483.9,457.2
2026-03-30,-13.1,-2.71,470.9,50.77,10705,95,480.0,488.8,467.0
2026-03-29,-11.9,-2.4,484.0,,25094,146,494.0,499.9,478.0
2026-03-26,-0.1,-0.02,495.9,54.24,11058,111,495.0,498.0,486.2
2026-03-25,-9.0,-1.78,496.0,,35963,161,501.1,508.0,493.0
2026-03-24,-1.0,-0.2,505.0,68.46,13535,123,506.0,514.0,503.0
2026-03-23,1.0,0.2,506.0,,38716,220,510.0,514.0,500.0
2026-03-22,16.0,3.27,505.0,,72612,375,495.0,512.0,488.0
2026-03-19,10.0,2.09,489.0,,27404,191,488.0,494.9,480.0
2026-03-17,0.9,0.19,479.0,40.8,8582,78,477.0,480.8,472.1
2026-03-16,-9.9,-2.03,478.1,59.46,12339,83,497.7,497.7,476.2
2026-03-15,-2.0,-0.41,488.0,92.72,18975,137,498.0,498.9,480.2
2026-03-12,9.5,1.98,490.0,84.02,17340,157,484.0,493.5,478.5
2026-03-11,-13.5,-2.73,480.5,85.99,17596,118,490.0,497.0,480.5
2026-03-10,-14.0,-2.76,494.0,,50473,321,515.0,515.0,481.0
2026-03-09,37.0,7.86,508.0,8.44,1687,19,480.0,508.9,480.0
2026-03-03,8.0,1.73,471.0,49.29,10579,88,469.0,471.0,462.0
2026-03-01,8.0,1.76,463.0,39.9,8693,98,448.0,464.0,446.0
2026-02-26,7.8,1.74,455.0,21.25,4707,41,455.0,464.0,449.0
2026-02-25,-3.5,-0.78,447.2,21.06,4683,48,447.0,459.0,447.0
2026-02-24,0.7,0.16,450.7,12.29,2716,38,452.0,459.0,447.0
2026-02-23,3.0,0.67,450.0,29.26,6520,59,455.9,455.9,447.0
2026-02-22,-6.0,-1.32,447.0,41.94,9353,64,453.0,453.0,445.1
2026-02-17,-11.9,-2.56,453.0,58.51,12850,111,461.0,461.0,452.0
2026-02-16,6.8,1.48,464.9,32.99,7160,57,463.0,467.2,458.0
2026-02-12,-1.2,-0.26,458.1,63.26,13641,114,450.2,469.0,450.2
2026-02-11,-8.7,-1.86,459.3,71.27,15443,108,460.0,477.0,458.7
2026-02-10,6.3,1.36,468.0,98.39,21290,100,465.0,469.8,458.4
2026-02-09,-13.1,-2.76,461.7,,25915,128,468.0,476.4,460.1
2026-02-08,4.7,1.0,474.8,83.58,17564,103,475.0,481.0,469.0
2026-02-05,-3.4,-0.72,470.1,73.87,15605,99,482.9,482.9,470.0
2026-02-04,10.7,2.31,473.5,86.63,18382,136,460.0,478.0,460.0
2026-02-03,-4.2,-0.9,462.8,95.29,20386,120,472.7,477.0,462.8
2026-02-02,-4.2,-0.89,467.0,70.76,14996,110,471.2,480.0,467.0
2026-02-01,-8.8,-1.83,471.2,,24867,147,478.0,484.0,470.0
2026-01-29,-5.3,-1.09,480.0,,35875,187,494.0,495.0,472.0
2026-01-28,-0.5,-0.1,485.3,,34011,195,480.0,498.0,476.3
2026-01-27,-13.1,-2.63,485.8,,29424,200,500.1,504.8,481.0
2026-01-26,-11.1,-2.18,498.9,,67304,335,500.2,510.1,492.0
2026-01-25,15.0,3.03,510.0,,112417,527,500.0,522.0,500.0
2026-01-22,12.1,2.51,495.0,,44817,262,492.5,495.0,472.5
2026-01-21,-4.1,-0.84,482.9,,26091,181,487.0,491.0,475.8
2026-01-20,-0.8,-0.16,487.0,,44758,255,493.0,503.0,485.0
2026-01-18,23.9,5.15,487.8,,95078,419,470.0,487.9,467.0
2026-01-14,10.9,2.41,463.9,,30551,174,450.0,480.0,449.5
2026-01-13,5.9,1.32,453.0,53.59,11888,82,450.0,465.1,448.0
2026-01-12,-7.9,-1.74,447.1,60.92,13352,87,464.0,464.0,447.0
2026-01-08,-5.0,-1.09,455.0,10.31,2255,35,468.0,468.8,455.0
2026-01-07,-2.0,-0.43,460.0,,22328,149,462.0,475.0,460.0
2026-01-06,9.0,1.99,462.0,96.5,20947,146,447.1,467.5,447.1
2026-01-05,5.0,1.12,453.0,34.62,7697,84,449.0,456.0,442.0
2026-01-04,-2.0,-0.44,448.0,26.78,5973,27,442.3,453.8,442.3
2026-01-01,-3.8,-0.84,450.0,24.58,5485,44,445.0,453.4,445.0
2025-12-31,0.8,0.18,453.8,26.7,5874,55,460.0,460.0,445.7
2025-12-29,-1.0,-0.22,453.0,34.61,7647,61,455.0,458.7,445.9
2025-12-28,14.0,3.18,454.0,45.12,10046,81,440.0,454.0,440.0
2025-12-24,-3.0,-0.68,440.0,36.32,8245,45,441.3,445.0,439.0
2025-12-23,4.8,1.1,443.0,37.77,8579,46,438.1,446.0,438.0
2025-12-22,-6.8,-1.53,438.2,20.59,4688,40,441.0,445.0,437.0
2025-12-21,-9.0,-1.98,445.0,76.82,17271,121,450.1,453.0,441.0
2025-12-18,-11.0,-2.37,454.0,40.82,8946,54,461.0,464.0,452.0
2025-12-17,5.0,1.09,465.0,51.45,11080,78,463.9,469.2,457.0
2025-12-16,3.5,0.77,460.0,29.21,6403,48,456.0,460.0,455.0
2025-12-15,5.6,1.24,456.5,35.1,7732,77,450.0,457.0,450.0
2025-12-14,-6.1,-1.33,450.9,47.17,10425,79,460.0,466.0,450.0
2025-12-11,-3.0,-0.65,457.0,18.89,4119,39,455.1,464.0,455.1
2025-12-10,-3.1,-0.67,460.0,28.1,6111,37,472.3,472.3,457.0
2025-12-09,3.1,0.67,463.1,22.7,4869,50,468.9,471.5,462.0
2025-12-08,-4.1,-0.88,460.0,51.91,11209,80,473.0,479.0,460.0
2025-12-07,-10.4,-2.19,464.1,,26355,123,470.0,485.0,464.1
2025-12-03,9.6,2.06,474.5,,37469,154,458.5,483.5,458.5
2025-12-02,1.0,0.22,464.9,38.47,8303,50,460.5,469.0,460.0
2025-12-01,3.9,0.85,463.9,46.58,10081,69,468.0,468.0,452.0
2025-11-30,-8.0,-1.71,460.0,42.69,9226,66,466.0,469.9,458.1
2025-11-27,2.0,0.43,468.0,40.63,8760,86,466.0,469.9,461.0
2025-11-26,-4.0,-0.85,466.0,52.34,11279,68,468.0,470.0,460.0
2025-11-25,-4.5,-0.95,470.0,56.5,11991,70,471.0,480.0,465.7
2025-11-24,8.5,1.82,474.5,86.98,18476,81,470.0,476.9,465.1
2025-11-23,5.8,1.26,466.0,29.78,6396,62,465.0,473.5,461.0
2025-11-20,-2.2,-0.48,460.2,29.04,6286,55,465.5,465.5,456.2
2025-11-19,0.0,0.0,462.4,55.55,12100,95,453.2,474.0,453.2
2025-11-18,5.4,1.18,462.4,31.5,6831,61,465.0,465.5,455.7
2025-11-17,-2.9,-0.63,457.0,25.73,5609,45,453.0,470.0,453.0
2025-11-16,-3.1,-0.67,459.9,15.71,3435,43,462.0,462.0,452.0
2025-11-13,4.9,1.07,463.0,38.77,8441,66,460.0,467.0,451.0
2025-11-12,-2.2,-0.48,458.1,48.63,10590,67,469.0,469.0,457.0
2025-11-11,-9.7,-2.06,460.3,57.23,12375,114,477.0,477.0,456.0
2025-11-10,-9.0,-1.88,470.0,93.03,20064,135,469.5,480.0,455.0
2025-11-09,-11.0,-2.24,479.0,50.73,10647,67,482.0,487.0,471.0
2025-11-06,-6.0,-1.21,490.0,,46634,267,500.0,515.0,489.0
2025-11-05,20.7,4.36,496.0,,52390,228,484.8,504.0,463.0
2025-11-04,-12.7,-2.6,475.3,66.53,13830,89,495.0,495.0,475.1
2025-11-03,-6.0,-1.21,488.0,68.69,13949,91,498.0,501.0,483.1
2025-11-02,32.0,6.93,494.0,,32591,172,462.0,500.0,462.0
2025-10-30,6.0,1.32,462.0,23.48,5143,41,447.1,464.0,446.9
2025-10-29,8.0,1.79,456.0,32.52,7127,62,456.9,469.0,447.8
2025-10-28,18.0,4.19,448.0,20.11,4549,48,435.0,448.0,435.0
2025-10-26,-5.0,-1.15,430.0,32.66,7660,63,428.0,433.0,421.4
2025-10-19,4.0,0.93,435.0,20.04,4641,33,435.0,436.9,426.3
2025-10-16,-12.0,-2.71,431.0,33.12,7584,63,440.0,445.0,430.1
2025-10-15,-5.0,-1.12,443.0,19.13,4328,36,440.2,449.8,439.1
2025-10-14,0.9,0.2,448.0,26.0,5857,49,443.0,449.0,440.5
2025-10-13,2.1,0.47,447.1,28.36,6362,51,446.0,449.0,439.0
2025-10-12,-17.0,-3.68,445.0,75.87,16962,111,460.0,460.0,442.0
2025-10-09,2.0,0.43,462.0,40.16,8524,76,469.2,486.8,462.0
2025-10-08,-20.0,-4.17,460.0,94.59,20318,123,476.0,476.2,458.0
2025-10-07,-12.5,-2.54,480.0,38.46,8019,44,483.1,491.8,477.0
2025-09-28,1.6,0.33,492.5,9.8,1987,31,500.0,500.0,490.0
2025-09-25,-4.1,-0.83,490.9,17.43,3547,31,487.0,497.0,487.0
2025-09-24,-1.1,-0.22,495.0,8.35,1693,21,497.5,498.0,489.0
2025-09-23,7.46,1.53,496.1,70.97,14245,109,488.64,519.0,482.0
2025-09-21,30.94,6.76,488.64,,24949,147,457.0,494.0,457.0
2025-09-18,-18.16,-3.82,457.7,1.14,250,2,467.0,467.0,457.7
2025-09-08,-5.36,-1.11,475.86,46.82,9844,65,477.1,480.0,475.0
2025-09-07,2.2,0.46,481.22,47.72,9789,76,483.9,503.0,478.0
2025-09-04,-3.16,-0.66,479.02,29.37,6132,65,490.5,490.8,476.0
2025-09-03,-1.85,-0.38,482.18,33.39,6935,53,490.0,490.0,480.0
2025-09-02,-1.98,-0.41,484.03,24.02,4947,45,488.0,494.9,483.2
2025-09-01,1.08,0.22,486.01,30.24,6253,53,494.0,494.0,480.0
2025-08-31,-6.21,-1.26,484.93,55.75,11477,72,494.0,495.0,482.0
2025-08-28,-9.58,-1.91,491.14,52.04,10497,88,497.3,510.0,489.0
2025-08-27,11.46,2.34,500.72,65.17,13038,88,499.0,505.0,493.0
2025-08-26,-4.4,-0.89,489.26,69.44,14182,86,503.5,503.5,484.0
2025-08-25,2.89,0.59,493.66,40.04,8134,71,500.0,500.0,486.0
2025-08-24,-2.57,-0.52,490.77,75.65,15414,102,502.9,502.9,487.0
2025-08-21,-5.87,-1.18,493.34,63.86,12902,93,504.9,504.9,491.9
2025-08-20,-3.97,-0.79,499.21,40.35,8056,63,508.8,508.8,498.0
2025-08-19,-0.65,-0.13,503.18,47.99,9485,81,505.1,512.5,501.0
2025-08-18,5.2,1.04,503.83,43.4,8619,63,489.0,508.0,489.0
2025-08-17,-5.1,-1.01,498.63,76.67,15317,101,513.4,513.4,498.0
2025-08-14,-6.05,-1.19,503.73,72.62,14352,107,514.9,514.9,498.1
2025-08-13,2.12,0.42,509.78,62.05,12169,90,515.0,517.0,505.7
2025-08-12,-5.79,-1.13,507.66,73.74,14422,117,514.0,519.9,505.0
2025-08-11,-12.53,-2.38,513.45,74.69,14383,116,536.0,536.0,510.0
2025-08-07,7.3,1.41,525.98,,26554,136,525.0,530.0,520.0
2025-08-06,2.63,0.51,518.68,65.36,12564,93,515.0,527.0,512.0
2025-08-05,-11.27,-2.14,516.05,73.37,14104,140,529.1,530.0,513.0
2025-08-04,-8.75,-1.63,527.32,,43645,306,539.9,540.0,515.0
2025-08-03,-16.3,-2.95,536.07,,22024,203,554.0,555.0,535.2
2025-07-31,4.05,0.74,552.37,,59857,328,550.0,568.0,541.5
2025-07-30,-17.05,-3.02,548.32,,41230,271,576.0,576.5,545.0
2025-07-29,-5.02,-0.88,565.37,,38935,257,559.0,588.0,559.0
2025-07-28,12.55,2.25,570.39,,68925,396,550.0,575.0,545.0
2025-07-27,-14.48,-2.53,557.84,,92541,478,573.0,575.0,550.0
2025-07-24,-5.41,-0.94,572.32,,55220,297,589.2,589.2,565.1
2025-07-23,19.28,3.45,577.73,,102597,589,554.0,588.0,554.0
2025-07-22,14.23,2.61,558.45,,59222,332,554.9,560.0,545.2
2025-07-21,10.89,2.04,544.22,,55049,325,522.7,549.0,522.7
2025-07-20,-12.08,-2.21,533.33,,95670,488,545.0,560.0,530.0
2025-07-17,23.54,4.51,545.41,,85224,458,525.3,549.0,525.3
2025-07-16,6.12,1.19,521.87,,28303,190,523.0,526.0,519.0
2025-07-15,11.35,2.25,515.75,,31291,183,514.4,519.4,505.0
2025-07-14,-9.18,-1.79,504.4,,22413,140,505.0,517.3,500.0
2025-07-13,9.95,1.98,513.58,,30426,183,513.7,533.0,510.9
2025-07-10,2.97,0.59,503.63,,19794,150,493.0,510.5,493.0
2025-07-09,-2.94,-0.58,500.66,63.04,12565,105,493.6,508.9,493.6
2025-07-08,4.53,0.91,503.6,79.16,15783,139,490.0,507.5,490.0
2025-07-07,-15.87,-3.08,499.07,,25784,179,515.0,515.0,498.3
2025-07-06,7.33,1.44,514.94,,63147,461,510.0,530.0,508.0
2025-07-03,14.89,3.02,507.61,,65778,434,502.5,521.0,492.0
2025-07-02,14.72,3.08,492.72,,27750,181,486.0,497.0,480.0
2025-07-01,2.66,0.56,478.0,73.59,15447,102,478.0,484.8,471.7
2025-06-30,-1.66,-0.35,475.34,45.25,9456,61,485.0,488.0,472.1
2025-06-29,4.35,0.92,477.0,32.0,6734,60,473.0,479.7,470.0
2025-06-26,-3.66,-0.77,472.65,57.55,12154,96,484.9,484.9,472.0
2025-06-25,-3.56,-0.74,476.31,26.07,5446,59,487.0,487.0,475.6
2025-06-24,-5.13,-1.06,479.87,47.34,9828,72,493.9,493.9,475.0
2025-06-23,4.96,1.03,485.0,57.86,11985,104,489.6,489.6,475.0
2025-06-22,-7.84,-1.61,480.04,55.82,11616,93,482.6,485.0,478.2
2025-06-19,0.52,0.11,487.88,57.6,11817,95,490.0,492.0,483.2
2025-06-18,-1.76,-0.36,487.36,35.43,7230,62,498.9,498.9,487.0
2025-06-17,-3.58,-0.73,489.12,53.59,10917,85,490.0,499.0,487.0
2025-06-16,0.49,0.1,492.7,53.28,10779,88,499.8,500.0,491.1
2025-06-15,-2.76,-0.56,492.21,80.82,16264,132,494.0,510.0,490.0
2025-06-12,1.62,0.33,494.97,90.78,18237,149,486.7,510.0,484.0
2025-06-11,-8.55,-1.7,493.35,68.53,13755,111,510.0,510.0,492.0
2025-06-10,20.85,4.33,501.9,,24616,205,489.0,507.5,485.0
2025-06-09,4.76,1.0,481.05,,22175,111,475.6,486.5,474.0
2025-06-08,-5.85,-1.21,476.29,63.24,13185,97,490.0,490.0,475.0
2025-06-05,-1.9,-0.39,482.14,29.33,6071,85,485.0,488.0,480.0
2025-06-04,-4.14,-0.85,484.04,37.56,7739,69,483.0,491.0,482.0
2025-06-03,-8.39,-1.69,488.18,58.35,11937,111,490.3,500.0,485.0
2025-06-02,-2.6,-0.52,496.57,51.22,10238,92,509.0,509.0,495.0
2025-05-28,5.64,1.14,499.17,61.92,12509,99,503.0,503.0,483.7
2025-05-27,-5.51,-1.1,493.53,14.28,2888,42,498.0,499.0,492.6
2025-05-26,1.29,0.26,499.04,64.43,12817,106,507.7,515.0,498.0
2025-05-25,-0.44,-0.09,497.75,50.48,10146,66,500.0,500.5,492.1
2025-05-22,-1.94,-0.39,498.19,81.92,16359,116,496.0,510.0,493.2
2025-05-21,-4.71,-0.93,500.13,,24595,177,514.9,534.0,498.0
2025-05-20,11.37,2.3,504.84,89.27,17840,126,502.9,512.9,486.0
2025-05-19,3.77,0.77,493.47,79.8,16229,115,499.0,499.0,485.1
2025-05-18,5.99,1.24,489.7,56.03,11430,95,483.71,499.9,483.71
2025-05-15,-9.43,-1.91,483.71,87.34,17886,123,499.0,499.0,480.0
2025-05-14,-3.79,-0.76,493.14,98.4,19604,169,496.0,507.0,492.0
2025-05-13,-10.16,-2.0,496.93,80.77,16227,127,514.0,514.0,494.0
2025-05-11,-18.57,-3.53,507.09,,20453,175,520.0,529.6,505.0
2025-05-08,19.95,3.94,525.66,,55471,389,502.0,538.5,488.0
2025-05-07,30.95,6.52,505.71,,32097,279,473.0,508.8,464.0
2025-05-06,-5.56,-1.16,474.76,,23333,175,485.0,485.0,469.6
2025-05-05,-9.56,-1.95,480.32,74.36,15428,127,499.6,499.6,477.0
2025-05-04,-8.48,-1.7,489.88,,32949,207,501.1,501.1,489.0
2025-04-30,-6.37,-1.26,498.36,96.52,19260,147,505.0,507.0,496.0
2025-04-29,-5.48,-1.07,504.73,65.89,12996,119,517.0,517.0,503.3
2025-04-28,4.04,0.8,510.21,94.48,18363,133,510.0,529.0,506.0
2025-04-27,-4.56,-0.89,506.17,,29113,186,519.0,519.0,505.1
2025-04-24,-6.11,-1.18,510.73,,26002,212,526.0,526.0,509.7
2025-04-23,-5.82,-1.11,516.84,,23301,159,532.0,532.0,515.0
2025-04-22,-2.46,-0.47,522.66,,28862,142,530.0,534.0,520.1
2025-04-21,-7.48,-1.4,525.12,,21433,157,534.5,535.0,524.0
2025-04-20,-1.07,-0.2,532.6,69.4,12959,112,544.0,544.0,530.3
2025-04-17,0.43,0.08,533.67,,30992,189,538.0,543.2,530.0
2025-04-16,-5.09,-0.95,533.24,98.89,18509,113,538.0,549.0,532.0
2025-04-15,6.13,1.15,538.33,84.52,15655,103,540.0,548.9,532.0
2025-04-13,-4.22,-0.79,532.2,,19651,121,535.0,547.0,530.0
2025-04-10,-3.94,-0.73,536.42,,19304,130,551.0,551.0,532.0
2025-04-09,-0.34,-0.06,540.36,70.59,12963,87,551.4,551.4,535.2
2025-04-08,1.79,0.33,540.7,91.06,17048,158,528.5,545.8,527.0
2025-04-07,-11.83,-2.15,538.91,,18506,126,550.0,558.5,538.0
2025-04-03,-14.5,-2.57,550.74,,22082,202,576.0,576.0,547.4
2025-04-02,19.48,3.57,565.24,,36157,279,546.0,579.0,538.0
2025-04-01,-12.95,-2.32,545.76,,27526,212,564.0,565.0,543.0
2025-03-30,14.13,2.59,558.71,,31191,236,545.0,565.0,545.0
2025-03-27,12.08,2.27,544.58,,26359,225,530.2,549.6,530.2
2025-03-26,12.0,2.31,532.5,76.6,14437,134,521.1,537.0,521.0
2025-03-25,-18.98,-3.52,520.5,,36837,197,530.1,541.0,519.5
2025-03-24,19.62,3.77,539.48,,34410,231,520.0,559.0,519.0
2025-03-23,-10.41,-1.96,519.86,,27003,239,530.0,540.0,518.7
2025-03-20,-9.73,-1.8,530.27,,19701,188,536.0,542.9,530.0
2025-03-19,-5.5,-1.01,540.0,92.47,16992,160,535.0,555.0,535.0
2025-03-18,-4.5,-0.82,545.5,,19390,157,561.0,561.0,540.0
2025-03-17,-3.0,-0.54,550.0,99.67,17974,136,561.8,565.1,547.1
2025-03-16,-12.0,-2.12,553.0,,35065,274,561.0,564.0,541.0
2025-03-12,-1.0,-0.18,565.0,89.63,15776,160,568.0,577.0,561.0
2025-03-11,-9.0,-1.57,566.0,,34036,240,586.5,593.0,564.0
2025-03-10,-3.0,-0.52,575.0,,21106,178,589.5,599.5,572.4
2025-03-09,-17.9,-3.0,578.0,,41875,308,588.0,600.0,574.1
2025-03-06,5.9,1.0,595.9,,26708,191,600.0,604.0,590.0
2025-03-05,-16.2,-2.67,590.0,,40631,264,615.9,615.9,590.0
2025-03-04,-11.8,-1.91,606.2,,34834,259,629.9,630.3,604.0
2025-03-03,-4.3,-0.69,618.0,,39162,328,634.7,645.0,615.0
2025-03-02,20.3,3.37,622.3,,53172,349,614.0,626.9,609.0
2025-02-27,2.0,0.33,602.0,,31904,233,612.0,624.0,600.0
2025-02-25,-5.0,-0.83,600.0,,36170,234,610.0,617.0,598.0
2025-02-24,-7.9,-1.29,605.0,,54427,369,625.0,625.0,597.1
2025-02-23,-5.1,-0.83,612.9,,51533,355,605.7,628.0,595.0
2025-02-20,11.0,1.81,618.0,,70088,502,619.0,645.5,600.0
2025-02-18,-15.6,-2.51,607.0,,66968,524,634.0,634.0,597.8
2025-02-17,-15.2,-2.38,622.6,,75319,629,650.1,650.1,618.0
2025-02-16,42.8,7.19,637.8,,126650,1009,601.0,647.5,601.0
2025-02-13,20.0,3.48,595.0,,85748,611,580.0,598.0,580.0
2025-02-12,4.1,0.72,575.0,,51859,339,577.0,585.0,562.2
2025-02-11,-0.4,-0.07,570.9,96.84,16996,141,578.0,579.0,562.1
2025-02-10,-2.7,-0.47,571.3,,62320,401,583.9,590.0,570.3
2025-02-09,4.0,0.7,574.0,,74013,522,581.0,591.0,546.2
2025-02-06,5.0,0.88,570.0,,83847,645,575.0,591.4,565.0
2025-02-05,40.0,7.62,565.0,,99398,619,525.0,572.0,523.0
2025-02-04,-13.0,-2.42,525.0,,37904,259,547.0,550.0,522.0
2025-02-03,-9.0,-1.65,538.0,,41323,286,557.9,558.9,535.0
2025-02-02,0.0,0.0,547.0,,53684,347,555.0,564.0,540.0
2025-01-28,8.0,1.48,547.0,,39273,303,548.0,558.0,527.0
2025-01-27,14.0,2.67,539.0,,63842,378,525.0,551.4,515.0
2025-01-26,-30.0,-5.41,525.0,,99746,716,550.0,550.0,517.5
2025-01-23,-3.0,-0.54,555.0,,48612,296,569.0,569.0,548.0
2025-01-22,12.0,2.2,558.0,,37674,269,540.0,572.2,540.0
2025-01-21,-9.0,-1.62,546.0,,24240,188,555.0,570.0,545.0
2025-01-20,-15.1,-2.65,555.0,,53047,344,580.0,581.0,551.1
2025-01-19,22.1,4.03,570.1,,39482,339,544.0,593.0,544.0
2025-01-16,-30.0,-5.19,548.0,,96287,701,582.0,582.0,540.0
2025-01-15,-13.0,-2.2,578.0,,55153,403,602.8,602.8,574.0
2025-01-13,-14.0,-2.31,591.0,,54398,305,600.0,615.5,587.1
2025-01-12,-21.0,-3.35,605.0,,23928,221,628.0,630.0,599.1
2025-01-09,-16.0,-2.49,626.0,,45314,365,654.0,660.0,624.0
2025-01-08,15.8,2.52,642.0,,67821,444,623.1,664.0,623.0
2025-01-07,8.2,1.33,626.2,,65578,363,620.0,632.0,610.0
2025-01-06,6.0,0.98,618.0,,22197,177,612.0,624.0,604.9
2025-01-05,6.0,0.99,612.0,,24746,201,615.0,625.0,611.0
2025-01-02,3.0,0.5,606.0,,28922,192,607.0,610.0,580.1
2025-01-01,18.0,3.08,603.0,,38280,303,585.0,610.9,585.0
2024-12-31,-24.0,-3.94,585.0,,126968,731,600.0,600.0,548.1
2024-12-29,-23.0,-3.64,609.0,,52250,409,622.1,629.0,608.1
2024-12-26,-18.3,-2.81,632.0,,30139,228,651.0,654.7,630.0
2024-12-24,10.3,1.61,650.3,,70639,372,640.0,665.0,636.0
2024-12-23,15.0,2.4,640.0,,25660,165,634.0,640.0,628.0
2024-12-22,-13.0,-2.04,625.0,,27224,246,649.0,650.0,624.3
2024-12-19,-14.0,-2.15,638.0,,44252,292,643.1,661.0,637.0
2024-12-18,-1.0,-0.15,652.0,,34817,249,665.9,669.8,650.0
2024-12-17,9.0,1.4,653.0,,48980,346,643.0,669.0,634.1
2024-12-16,-32.0,-4.73,644.0,,86909,612,665.0,672.0,640.0
2024-12-12,-24.0,-3.43,676.0,,65214,439,705.0,714.0,673.0
2024-12-11,36.0,5.42,700.0,,86941,667,677.2,715.0,665.0
2024-12-10,4.1,0.62,664.0,,37839,292,672.0,685.9,655.0
2024-12-09,-6.0,-0.9,659.9,,73119,456,667.0,677.8,650.0
2024-12-08,-21.1,-3.07,665.9,,70059,521,690.0,690.0,658.0
2024-12-05,-23.0,-3.24,687.0,,73900,518,711.0,715.0,680.0
2024-12-04,-1.0,-0.14,710.0,,59978,480,702.0,739.0,702.0
2024-12-03,21.0,3.04,711.0,,78146,479,692.0,716.5,692.0
2024-12-02,-7.9,-1.13,690.0,,77790,505,708.9,711.8,688.0
2024-12-01,-13.0,-1.83,697.9,,86962,497,696.7,711.0,695.1
2024-11-28,-9.4,-1.31,710.9,,80118,587,726.9,730.0,709.0
2024-11-27,-6.8,-0.94,720.3,,59355,466,741.6,741.6,719.0
2024-11-26,14.2,1.99,727.1,,70819,505,727.1,734.9,716.0
2024-11-25,33.9,4.99,712.9,,87012,699,665.5,716.0,665.5
2024-11-24,-20.0,-2.86,679.0,,86354,582,712.9,714.0,672.0
2024-11-21,-23.1,-3.2,699.0,,98841,605,729.0,730.0,698.1
2024-11-20,12.6,1.78,722.1,,100518,609,710.0,733.0,702.1
2024-11-19,-14.5,-2.0,709.5,,106418,758,724.0,745.0,708.7
2024-11-17,-20.0,-2.69,724.0,,132087,804,758.8,758.8,722.0
2024-11-14,4.0,0.54,744.0,,156076,961,749.0,768.0,738.0
2024-11-13,23.0,3.21,740.0,,136422,791,730.0,745.0,720.2
2024-11-12,10.5,1.49,717.0,,119122,699,720.0,733.9,705.0
2024-11-11,-17.5,-2.42,706.5,,141177,827,709.6,734.0,696.0
2024-11-10,10.0,1.4,724.0,,117240,749,700.0,736.0,700.0
2024-11-06,24.0,3.48,714.0,,83454,543,690.0,717.0,690.0
2024-11-05,0.0,0.0,690.0,,54243,328,688.5,709.9,680.5
2024-10-30,-12.0,-1.71,690.0,,100555,636,700.0,714.0,684.0
2024-10-29,-7.0,-0.99,702.0,,126208,882,723.0,735.0,700.0
2024-10-28,44.0,6.62,709.0,,217141,1361,678.0,710.0,667.1
2024-10-27,13.1,2.01,665.0,,93234,606,651.9,671.1,650.0
2024-10-24,-7.1,-1.08,651.9,,94578,695,665.0,681.9,651.0
2024-10-23,11.0,1.7,659.0,,155288,871,660.9,682.0,650.0
2024-10-22,28.0,4.52,648.0,,77883,443,613.0,649.8,613.0
2024-10-21,-20.0,-3.12,620.0,,88954,576,642.0,648.0,615.0
2024-10-20,-19.0,-2.88,640.0,,119938,758,646.0,674.9,623.0
2024-10-17,2.0,0.3,659.0,,70881,467,666.0,678.1,651.7
2024-10-16,1.0,0.15,657.0,,73798,561,666.0,686.0,651.7
2024-10-15,34.0,5.47,656.0,,56438,388,622.0,663.9,622.0
2024-10-09,0.0,0.0,622.0,,40679,275,617.0,631.0,612.5
2024-10-08,-18.0,-2.81,622.0,,68179,478,645.0,645.0,616.0
2024-10-07,-3.0,-0.47,640.0,,95089,652,655.8,672.0,625.0
2024-10-06,44.0,7.35,643.0,,96326,735,610.9,650.0,592.2
2024-10-02,12.7,2.17,599.0,,114056,960,598.0,620.1,577.0
2024-10-01,53.3,10.0,586.3,,66112,530,543.6,586.3,538.5
2024-09-30,23.0,4.51,533.0,,53508,228,510.0,534.0,510.0
2024-09-29,-13.0,-2.49,510.0,,32031,233,525.0,525.0,509.0
2024-09-26,-7.0,-1.32,523.0,,52621,323,540.0,540.0,517.0
2024-09-25,20.0,3.92,530.0,,80168,559,503.7,539.9,496.0
2024-09-24,-19.0,-3.59,510.0,,70208,491,525.1,550.8,506.0
2024-09-23,-49.6,-8.57,529.0,,111565,718,590.0,590.0,527.0
2024-09-22,-1.4,-0.24,578.6,,49555,330,591.0,605.0,578.6
2024-09-18,0.0,0.0,580.0,,92761,642,591.6,615.0,566.0
2024-09-16,-34.2,-5.57,580.0,,95524,669,605.0,629.0,574.0
2024-09-15,-32.8,-5.07,614.2,,89741,607,655.0,661.0,613.2
2024-09-12,27.1,4.37,647.0,,64763,520,610.1,653.0,610.1
2024-09-11,5.2,0.85,619.9,,71610,518,608.0,636.9,608.0
2024-09-10,-9.3,-1.49,614.7,,74465,556,636.0,645.0,605.0
2024-09-09,-17.0,-2.65,624.0,,94173,584,653.0,666.0,622.5
2024-09-08,-14.0,-2.14,641.0,,64431,462,668.0,681.0,640.0
2024-09-05,-2.0,-0.3,655.0,,85719,620,647.0,675.2,636.1
2024-09-04,-35.0,-5.06,657.0,,112272,803,695.0,718.0,645.0
2024-09-03,7.8,1.14,692.0,,138892,1041,697.8,724.8,690.0
2024-09-02,62.2,10.0,684.2,,138133,1011,634.0,684.2,617.0
2024-09-01,-26.9,-4.15,622.0,,85810,667,650.4,663.0,618.2
2024-08-29,-14.1,-2.13,648.9,,113057,770,663.0,683.0,633.2
2024-08-28,-5.0,-0.75,663.0,,105386,766,665.0,704.0,647.0
2024-08-27,-39.9,-5.64,668.0,,145187,1086,722.0,725.0,665.0
2024-08-25,-39.1,-5.23,707.9,,131306,1039,761.9,761.9,706.2
2024-08-22,-11.0,-1.45,747.0,,126335,874,772.9,787.0,744.1
2024-08-21,24.0,3.27,758.0,,154466,945,719.5,790.0,719.5
2024-08-18,-51.0,-6.5,734.0,,294933,1863,785.0,799.9,728.0
2024-08-15,-16.9,-2.11,785.0,,339535,1830,817.9,865.0,774.3
2024-08-14,72.9,10.0,801.9,,323301,1770,729.0,801.9,719.0
2024-08-13,52.7,7.79,729.0,,235210,1558,676.3,740.0,674.0
2024-08-12,40.3,6.34,676.3,,251371,1531,648.7,692.5,642.0
2024-08-11,9.0,1.44,636.0,,218485,1010,639.0,661.1,605.7
2024-08-08,-20.9,-3.23,627.0,,125499,855,660.8,670.0,620.0
2024-08-07,58.9,10.0,647.9,,244624,1429,577.4,647.9,569.0
2024-08-06,-41.0,-6.51,589.0,,300437,1955,618.0,629.3,575.6
2024-08-05,-27.3,-4.15,630.0,,331126,1767,670.0,670.0,610.6
2024-08-01,59.6,9.97,657.3,,503354,2864,609.0,657.4,609.0
2024-07-31,54.3,9.99,597.7,,81556,292,554.2,597.7,554.2
2024-07-30,49.4,10.0,543.4,,219367,926,494.0,543.4,494.0
2024-07-29,-2.4,-0.48,494.0,,128361,633,505.0,505.0,485.0
2024-07-28,-0.1,-0.02,496.4,,123930,623,500.0,505.0,480.2
2024-07-25,3.5,0.71,496.5,,112475,674,495.0,509.9,491.0
2024-07-24,13.0,2.71,493.0,,198838,1207,489.6,514.0,483.0
2024-07-23,26.0,5.73,480.0,,145729,678,453.0,481.0,452.1
2024-07-22,-2.9,-0.63,454.0,,97277,434,465.9,465.9,447.0
2024-07-21,-1.1,-0.24,456.9,,123178,582,458.0,476.0,449.0
2024-07-18,-10.0,-2.14,458.0,,136150,642,477.3,477.3,455.7
2024-07-17,26.0,5.88,468.0,,168070,844,443.0,475.0,440.0
2024-07-16,16.0,3.76,442.0,,83925,421,430.0,442.0,430.0
2024-07-15,-2.0,-0.47,426.0,,82942,430,436.5,439.9,426.0
2024-07-14,-2.0,-0.47,428.0,,54895,321,438.6,456.0,427.0
2024-07-11,-0.1,-0.02,430.0,,62504,383,430.0,437.0,428.0
2024-07-10,4.8,1.13,430.1,,56938,333,433.0,435.0,428.0
2024-07-09,6.0,1.43,425.3,,61658,320,421.1,433.0,421.0
2024-07-08,-1.7,-0.4,419.3,,63949,324,412.6,429.0,412.6
2024-07-07,-6.0,-1.41,421.0,,67135,369,433.0,433.0,420.0
2024-07-04,-9.7,-2.22,427.0,,133801,723,438.0,443.0,425.0
2024-07-03,28.6,7.01,436.7,,221421,1195,411.4,438.0,411.0
2024-07-02,4.6,1.14,408.1,,47812,304,411.5,436.5,407.0
2024-07-01,-0.5,-0.12,403.5,,39200,237,396.0,410.9,396.0
2024-06-30,-1.0,-0.25,404.0,,48202,329,410.9,415.0,403.0
2024-06-27,-1.0,-0.25,405.0,,46101,332,408.0,412.5,402.0
2024-06-26,1.0,0.25,406.0,,70943,424,402.1,414.0,402.0
2024-06-25,-10.0,-2.41,405.0,,112975,763,411.0,428.4,405.0
2024-06-24,-12.1,-2.83,415.0,,211988,1261,427.1,440.6,411.0
2024-06-23,26.1,6.51,427.1,,230820,1271,409.0,431.0,404.0
2024-06-20,10.9,2.79,401.0,,145055,865,395.0,410.0,388.0
2024-06-19,17.1,4.58,390.1,,140551,704,373.0,397.9,371.0
2024-06-18,-10.5,-2.74,373.0,,67885,374,379.0,385.0,373.0
2024-06-16,-4.6,-1.19,383.5,,130879,706,380.4,395.1,380.4
2024-06-13,13.9,3.71,388.1,,247406,1348,366.8,400.0,366.8
2024-06-12,17.1,4.79,374.2,,113242,548,364.2,389.0,351.2
2024-06-11,6.6,1.88,357.1,,46506,239,357.5,362.7,355.3
2024-06-10,6.0,1.74,350.5,71.37,20265,147,345.0,362.9,345.0
2024-06-09,-10.3,-2.9,344.5,,34415,262,353.0,356.0,343.1
2024-06-06,-9.2,-2.53,354.8,,60707,288,364.0,368.0,354.0
2024-06-05,14.0,4.0,364.0,,138716,587,350.1,372.0,350.0
2024-06-04,-6.0,-1.69,350.0,,58433,334,356.0,363.1,349.0
2024-06-03,5.9,1.69,356.0,,160533,929,357.0,374.8,355.0
2024-06-02,13.5,4.01,350.1,,83034,447,342.0,356.9,342.0
2024-05-30,5.6,1.69,336.6,85.15,25296,156,330.0,343.0,330.0
2024-05-29,-8.8,-2.59,331.0,89.24,26563,171,346.0,346.0,330.1
2024-05-27,3.8,1.13,339.8,60.69,17883,98,337.0,343.8,335.1
2024-05-26,-8.0,-2.33,336.0,81.08,23878,125,338.0,345.0,336.0
2024-05-22,-8.0,-2.27,344.0,,32447,162,358.9,359.0,344.0
2024-05-21,14.2,4.2,352.0,,47032,302,340.0,353.0,340.0
2024-05-20,-2.1,-0.62,337.8,98.37,28707,180,343.6,351.5,337.4
2024-05-19,3.0,0.89,339.9,95.73,28261,155,343.6,343.6,336.1
2024-05-16,-1.1,-0.33,336.9,69.97,20628,138,340.0,344.0,335.0
2024-05-15,-2.2,-0.65,338.0,99.06,29033,128,339.2,351.0,338.0
2024-05-14,-1.8,-0.53,340.2,85.13,24978,138,347.9,347.9,338.2
2024-05-13,1.0,0.29,342.0,,34021,179,340.9,347.0,337.0
2024-05-12,-2.5,-0.73,341.0,,32880,183,346.0,354.0,339.0
2024-05-09,-4.1,-1.18,343.5,,44022,288,352.9,355.0,343.2
2024-05-08,15.6,4.7,347.6,,36519,222,335.0,348.0,330.0
2024-05-07,2.0,0.61,332.0,79.52,24003,161,336.0,341.0,328.3
2024-05-06,-0.1,-0.03,330.0,,39208,215,336.7,336.7,322.0
2024-05-05,-10.9,-3.2,330.1,,76130,320,340.1,346.8,330.0
2024-05-02,-8.0,-2.29,341.0,,50152,376,350.0,358.0,340.3
2024-04-30,-13.8,-3.8,349.0,,160827,980,365.0,382.0,349.0
2024-04-29,9.8,2.78,362.8,,151259,917,360.0,367.0,341.1
2024-04-28,25.0,7.62,353.0,,176206,993,333.0,353.0,328.0
2024-04-25,12.2,3.86,328.0,,84475,447,321.0,339.9,321.0
2024-04-24,0.8,0.25,315.8,45.63,14233,78,315.0,324.9,315.0
2024-04-22,-3.0,-0.94,315.0,28.41,8995,66,324.0,324.0,315.0
2024-04-21,3.5,1.11,318.0,49.84,15800,86,320.6,320.6,313.0
2024-04-18,-2.5,-0.79,314.5,51.67,16372,105,315.0,322.0,313.0
2024-04-16,-4.0,-1.25,317.0,45.18,14189,93,319.0,322.0,316.1
2024-04-15,-3.0,-0.93,321.0,76.17,23459,149,325.0,333.0,318.0
2024-04-14,0.5,0.15,324.0,,36939,175,323.0,328.0,317.1
2024-04-10,-8.5,-2.56,323.5,,48838,257,330.0,344.0,321.1
2024-04-09,6.0,1.84,332.0,,95426,586,330.0,341.0,329.0
2024-04-07,16.8,5.43,326.0,,54250,329,315.0,329.8,311.9
2024-04-04,-1.0,-0.32,309.2,75.97,24356,126,315.0,316.4,309.0
2024-04-03,-3.5,-1.12,310.2,35.3,11319,78,311.3,315.0,310.1
2024-04-02,1.0,0.32,313.7,29.5,9474,79,318.9,318.9,310.0
2024-04-01,0.2,0.06,312.7,21.92,7002,68,313.0,315.0,311.0
2024-03-31,-3.5,-1.11,312.5,63.16,20057,128,317.0,321.0,312.0
2024-03-28,1.0,0.32,316.0,34.59,10947,85,321.0,321.0,310.0
2024-03-27,-4.1,-1.28,315.0,47.68,15078,113,319.1,323.8,315.0
2024-03-26,-0.5,-0.16,319.1,44.33,13849,88,325.8,325.8,318.0
2024-03-25,-7.4,-2.26,319.6,51.4,15970,114,325.0,329.0,318.0
2024-03-21,3.0,0.93,327.0,,50216,294,329.8,336.0,321.0
2024-03-20,-6.0,-1.82,324.0,,30572,184,333.0,333.3,322.0
2024-03-19,10.0,3.12,330.0,,91776,467,325.0,337.0,325.0
2024-03-18,0.0,0.0,320.0,,31875,109,325.5,325.5,319.0
2024-03-17,0.0,0.0,320.0,53.7,16626,125,323.0,326.0,320.0
2024-03-14,-9.6,-2.91,320.0,,32698,219,336.0,336.1,320.0
2024-03-13,6.3,1.95,329.6,,82087,371,329.0,334.5,321.0
2024-03-12,8.3,2.63,323.3,86.87,27080,142,321.3,325.0,316.1
2024-03-10,5.5,1.78,315.0,51.6,16243,123,315.6,320.2,310.3
2024-03-07,-5.5,-1.75,309.5,46.47,14791,98,315.0,320.8,309.5
2024-03-06,7.0,2.27,315.0,65.33,20908,133,312.0,320.0,306.0
2024-03-05,-17.0,-5.23,308.0,68.75,21750,132,331.0,331.0,308.0
2024-03-04,24.0,7.97,325.0,5.74,1770,10,307.0,325.0,307.0
2024-03-03,-1.0,-0.33,301.0,66.49,22134,114,301.2,304.8,295.0
2024-02-29,-7.9,-2.55,302.0,93.14,30714,181,309.0,311.0,300.0
2024-02-28,-3.0,-0.96,309.9,77.17,24909,158,315.0,318.9,307.0
2024-02-27,-4.6,-1.45,312.9,45.25,14365,99,317.5,319.2,312.0
2024-02-26,1.9,0.6,317.5,35.73,11320,60,320.8,320.8,313.1
2024-02-25,1.3,0.41,315.6,,42333,206,320.0,326.0,312.0
2024-02-22,-1.7,-0.54,314.3,,48981,223,320.0,326.0,314.0
2024-02-21,-3.8,-1.19,316.0,36.17,11395,95,320.0,324.0,314.0
2024-02-20,3.8,1.2,319.8,75.46,23535,152,315.0,325.0,315.0
2024-02-18,-4.0,-1.25,316.0,63.08,19905,141,320.0,324.0,315.0
2024-02-15,-18.9,-5.58,320.0,,37450,207,339.0,339.0,320.0
2024-02-14,23.1,7.31,338.9,,122291,658,317.5,346.0,317.0
2024-02-13,-5.2,-1.62,315.8,75.79,24019,144,320.0,320.0,313.0
2024-02-12,1.3,0.41,321.0,52.94,16557,107,319.0,324.0,316.1
2024-02-11,0.0,0.0,319.7,68.5,21309,108,325.5,326.0,316.6
2024-02-07,0.0,0.0,319.0,47.74,14986,78,324.0,324.0,316.0
2024-02-06,-0.7,-0.22,319.0,54.89,17234,91,320.0,322.0,316.0
2024-02-05,3.6,1.14,319.7,56.22,17676,102,317.0,328.0,312.0
2024-02-04,-1.9,-0.6,316.1,46.0,14488,97,311.8,324.0,311.8
2024-02-01,2.3,0.73,318.0,,60268,278,315.0,325.0,312.0
2024-01-31,-7.4,-2.29,315.7,56.3,17567,144,325.0,330.3,315.0
2024-01-30,-1.9,-0.58,323.1,41.82,12861,124,331.0,331.0,323.0
2024-01-29,0.0,0.0,325.0,49.18,15050,178,325.0,332.0,322.5
2024-01-28,6.0,1.88,325.0,43.6,13540,96,321.0,325.0,318.6
2024-01-25,1.0,0.31,319.0,74.53,23423,161,318.0,322.0,314.0
2024-01-24,-2.0,-0.62,318.0,75.8,23730,136,320.0,327.0,317.0
2024-01-23,2.1,0.66,320.0,75.86,23901,175,323.9,323.9,313.0
2024-01-22,-7.5,-2.3,317.9,,48838,347,320.1,336.5,314.0
2024-01-21,-9.8,-2.92,325.4,,53562,352,335.5,346.0,322.0
2024-01-18,-3.8,-1.12,335.2,,74051,398,333.2,345.0,330.5
2024-01-17,-18.8,-5.25,339.0,,128817,784,360.0,370.0,337.0
2024-01-16,22.7,6.77,357.8,,106626,599,341.8,358.9,337.0
2024-01-14,8.1,2.48,335.1,,30558,148,333.5,340.0,332.0
2024-01-11,-3.0,-0.91,327.0,97.11,29602,194,328.5,332.9,324.0
2024-01-10,-6.0,-1.79,330.0,,84578,455,342.0,349.6,329.1
2024-01-09,23.0,7.35,336.0,,108681,487,318.9,337.0,317.0
2024-01-08,9.0,2.96,313.0,,34293,177,308.9,314.0,305.0
2024-01-07,-2.0,-0.65,304.0,67.98,22240,127,306.0,312.0,301.0
2024-01-04,-8.0,-2.55,306.0,90.92,29085,192,318.0,318.0,305.0
2024-01-03,8.0,2.61,314.0,72.42,23172,164,310.0,315.3,306.0
2024-01-02,-2.9,-0.94,306.0,94.79,30845,122,306.0,310.9,306.0
2024-01-01,-3.1,-0.99,308.9,,38530,144,318.1,320.0,308.9
2023-12-28,0.5,0.16,312.0,78.27,24946,153,317.7,319.4,311.1
2023-12-27,-1.7,-0.54,311.5,,38213,230,319.4,321.1,309.0
2023-12-24,-1.8,-0.57,313.2,,41899,207,313.0,324.9,313.0
2023-12-21,-13.0,-3.96,315.0,,80661,323,334.0,340.0,314.6
2023-12-20,-6.8,-2.03,328.0,,51797,279,335.0,339.7,326.5
2023-12-19,-1.2,-0.36,334.8,,71989,341,342.7,342.7,324.0
2023-12-18,17.0,5.33,336.0,,133533,556,325.0,344.7,325.0
2023-12-17,11.0,3.57,319.0,,78860,279,301.9,320.0,298.0
2023-12-14,-3.0,-0.96,308.0,,71314,174,309.9,318.0,305.1
2023-12-13,7.0,2.3,311.0,,62429,253,309.4,321.3,305.0
2023-12-12,9.0,3.05,304.0,,62306,219,295.0,306.0,295.0
2023-12-11,-10.0,-3.28,295.0,,73301,285,311.0,312.0,288.2
2023-12-10,24.0,8.54,305.0,4.03,1350,20,286.6,305.0,286.6
2023-12-07,2.2,0.79,281.0,43.95,15706,82,275.0,284.0,275.0
2023-12-06,0.8,0.29,278.8,24.93,9033,76,275.0,281.5,273.4
2023-12-05,-3.0,-1.07,278.0,40.78,14712,99,286.0,286.6,273.1
2023-12-04,5.0,1.81,281.0,35.11,12543,58,281.0,283.7,276.0
2023-12-03,-6.0,-2.13,276.0,27.13,9740,60,287.5,287.5,276.0
2023-11-30,-5.5,-1.91,282.0,12.6,4453,34,292.5,292.5,278.0
2023-11-29,-3.5,-1.2,287.5,22.21,7750,54,291.0,295.0,282.0
2023-11-28,-1.0,-0.34,291.0,49.87,17160,97,296.5,297.5,286.0
2023-11-27,-6.5,-2.18,292.0,23.16,7843,73,304.0,304.0,290.0
2023-11-26,14.5,5.11,298.5,42.37,14402,84,286.0,299.9,286.0
2023-11-23,7.0,2.53,284.0,21.7,7695,67,281.0,286.0,277.0
2023-11-22,7.8,2.9,277.0,19.24,6990,49,274.5,285.0,274.0
2023-11-21,-10.8,-3.86,269.2,30.79,11226,78,285.6,285.6,269.1
2023-11-20,-4.0,-1.41,280.0,29.09,10248,63,284.0,290.0,280.0
2023-11-09,-2.0,-0.7,284.0,13.91,4926,52,291.7,291.7,280.3
2023-11-08,-1.0,-0.35,286.0,11.25,3914,32,291.0,291.0,285.1
2023-11-07,2.8,0.99,287.0,31.81,11047,53,289.8,291.8,287.0
2023-11-06,2.3,0.82,284.2,12.37,4312,47,287.0,290.9,284.0
2023-11-05,-4.1,-1.43,281.9,14.32,5090,61,281.0,284.5,280.3
2023-11-02,-0.5,-0.17,286.0,21.59,7631,60,282.0,289.0,281.0
2023-11-01,-3.3,-1.14,286.5,12.96,4482,30,295.0,295.0,285.0
2023-10-31,-2.7,-0.92,289.8,13.12,4569,31,292.5,292.5,286.7
2023-10-30,2.5,0.86,292.5,15.92,5543,38,289.9,292.5,284.0
2023-10-29,4.8,1.68,290.0,27.46,9679,82,290.9,290.9,281.0
2023-10-19,-8.8,-2.99,285.2,40.82,14050,108,290.6,295.0,285.0
2023-10-18,4.0,1.38,294.0,56.92,19349,90,290.0,298.7,290.0
2023-10-17,-3.7,-1.26,290.0,63.88,21794,83,299.3,305.0,288.0
2023-10-16,0.7,0.24,293.7,52.32,18028,114,291.1,295.8,288.0
2023-10-12,-22.0,-6.98,293.0,,49062,237,314.0,314.9,293.0
2023-10-11,15.0,5.0,315.0,45.43,14870,90,304.5,315.0,300.0
2023-10-10,-11.9,-3.82,300.0,39.71,13104,101,310.0,311.0,300.0
2023-10-09,-17.1,-5.2,311.9,,35721,198,322.5,322.5,305.5
2023-10-08,5.0,1.54,329.0,97.93,31732,208,317.6,329.0,302.5
2023-10-05,16.0,5.19,324.0,48.71,15681,87,312.9,325.4,302.0
2023-10-04,3.0,0.98,308.0,35.55,11540,81,311.0,311.0,305.3
2023-10-03,-2.0,-0.65,305.0,39.98,13192,74,303.0,307.0,300.0
2023-10-02,2.6,0.85,307.0,28.62,9326,72,304.0,312.0,300.1
2023-10-01,-12.6,-3.97,304.4,71.18,23163,135,311.0,314.9,304.0
2023-09-27,-6.0,-1.86,317.0,77.81,24550,124,329.4,329.4,312.0
2023-09-26,5.6,1.76,323.0,69.13,21351,153,322.0,329.4,319.0
2023-09-25,1.5,0.47,317.4,39.24,12446,71,315.0,319.0,311.7
2023-09-24,-4.2,-1.31,315.9,,38064,232,320.1,325.0,313.0
2023-09-21,11.1,3.59,320.1,,61104,289,315.0,326.0,312.0
2023-09-19,9.0,3.0,309.0,36.04,11757,68,305.0,310.0,294.5
2023-09-18,6.0,2.04,300.0,27.97,9350,68,289.1,303.9,286.0
2023-09-17,-14.0,-4.55,294.0,42.24,14203,112,308.0,308.0,292.3
2023-09-13,7.9,2.63,308.0,74.7,24539,153,303.0,309.0,298.1
2023-09-12,-13.9,-4.43,300.1,97.94,32101,199,314.0,314.0,300.0
2023-09-11,25.0,8.65,314.0,,36787,175,285.0,315.8,284.5
2023-09-10,9.0,3.21,289.0,35.03,12283,93,285.2,290.0,280.0
2023-09-07,-4.0,-1.41,280.0,47.47,17177,111,282.1,282.1,273.1
2023-09-05,-0.8,-0.28,284.0,7.26,2555,33,285.0,290.0,282.0
2023-09-04,0.0,0.0,284.8,53.93,19213,117,285.0,290.0,277.0
2023-09-03,-5.5,-1.89,284.8,40.86,14330,120,285.3,289.0,283.0
2023-08-30,0.3,0.1,290.3,48.85,16749,86,295.8,295.8,289.9
2023-08-29,1.0,0.35,290.0,49.21,16895,106,285.0,296.5,285.0
2023-08-28,-4.0,-1.37,289.0,44.57,15259,122,290.0,297.9,289.0
2023-08-27,-7.0,-2.33,293.0,71.06,24183,156,302.9,302.9,289.0
2023-08-24,-13.0,-4.15,300.0,82.15,26983,189,314.0,315.6,299.0
2023-08-23,12.9,4.3,313.0,45.76,14793,96,306.0,313.9,305.0
2023-08-22,2.1,0.7,300.1,96.81,32176,157,303.9,308.5,298.0
2023-08-21,-7.0,-2.3,298.0,83.82,28060,190,311.1,314.7,286.7
2023-08-20,-2.8,-0.91,305.0,63.7,20641,113,313.9,319.8,305.0
2023-08-17,-2.2,-0.71,307.8,68.26,21928,122,316.2,316.8,307.8
2023-08-16,-4.0,-1.27,310.0,68.35,22020,147,320.2,320.2,306.0
2023-08-15,-10.0,-3.09,314.0,,35016,192,330.0,330.0,313.6
2023-08-14,-7.0,-2.11,324.0,99.3,30241,197,325.1,336.0,322.0
2023-08-13,-2.0,-0.6,331.0,85.19,25748,197,339.6,339.6,322.0
2023-08-10,-12.0,-3.48,333.0,,42770,284,346.0,349.8,325.0
2023-08-09,19.0,5.83,345.0,,39841,260,324.0,347.8,316.6
2023-08-08,-13.0,-3.83,326.0,91.12,27758,212,340.0,340.0,321.0
2023-08-07,9.0,2.73,339.0,,39497,256,328.5,344.0,326.0
2023-08-06,-35.0,-9.59,330.0,,200845,867,357.7,357.7,328.5
2023-08-03,-20.0,-5.19,365.0,,134235,671,377.3,389.5,360.0
2023-08-02,-11.1,-2.8,385.0,,180859,689,388.3,396.0,377.0
2023-08-01,-21.9,-5.24,396.1,,113993,469,410.0,419.0,396.1
2023-07-31,6.0,1.46,418.0,,89392,203,405.2,426.0,405.2
2023-07-30,-19.0,-4.41,412.0,,46576,315,423.0,427.0,411.0
2023-07-27,-22.6,-4.98,431.0,,157119,717,462.5,462.5,426.2
2023-07-26,8.6,1.93,453.6,,146268,554,436.1,453.6,426.3
2023-07-25,10.0,2.3,445.0,,87555,300,426.3,445.0,420.0
2023-07-24,7.0,1.64,435.0,,53752,255,428.0,435.0,415.1
2023-07-23,8.8,2.1,428.0,,43173,264,411.0,431.9,411.0
2023-07-20,-7.8,-1.83,419.2,,29711,166,434.9,434.9,419.0
2023-07-19,-8.0,-1.84,427.0,,36790,218,427.0,434.9,420.0
2023-07-18,16.0,3.82,435.0,,63442,386,410.7,438.0,410.7
2023-07-17,10.1,2.47,419.0,,56562,334,400.8,425.3,400.8
2023-07-16,-10.1,-2.41,408.9,,38369,219,415.0,423.0,406.0
2023-07-13,-10.0,-2.33,419.0,,55692,334,422.0,436.0,414.0
2023-07-12,-7.0,-1.61,429.0,,56651,328,444.7,444.7,422.5
2023-07-11,8.0,1.87,436.0,,62395,367,419.5,445.0,419.5
2023-07-10,-9.0,-2.06,428.0,,54420,313,430.0,440.0,427.4
2023-07-09,-13.0,-2.89,437.0,,57786,298,441.0,446.0,432.0
2023-07-06,-11.0,-2.39,450.0,,123242,620,465.0,465.0,429.0
2023-07-05,12.0,2.67,461.0,,122114,470,452.0,461.0,423.3
2023-07-04,5.0,1.13,449.0,,73481,512,451.9,451.9,438.0
2023-07-03,12.0,2.78,444.0,,150354,906,440.6,448.0,419.1
2023-07-02,-6.6,-1.5,432.0,,198747,730,430.0,453.9,415.7
2023-06-28,20.6,4.93,438.6,,80315,410,420.0,438.6,398.0
2023-06-27,28.0,7.18,418.0,,100371,506,397.8,421.0,393.0
2023-06-26,20.1,5.43,390.0,,105265,505,372.1,397.3,372.1
2023-06-25,26.2,7.62,369.9,,91190,414,339.1,370.0,339.0
2023-06-22,11.6,3.49,343.7,,37688,196,334.9,346.5,328.6
2023-06-21,-1.9,-0.57,332.1,74.55,22425,110,333.7,347.0,327.0
2023-06-20,-10.0,-2.91,334.0,95.67,28302,141,350.8,350.8,329.0
2023-06-19,20.0,6.17,344.0,,48917,266,329.9,349.0,323.4
2023-06-18,12.0,3.85,324.0,55.25,16959,97,307.0,330.3,307.0
2023-06-15,-7.0,-2.19,312.0,37.64,11975,79,315.2,319.0,311.0
2023-06-14,-2.0,-0.62,319.0,57.68,17986,90,320.0,325.9,316.0
2023-06-13,5.0,1.58,321.0,90.6,28240,80,316.0,328.4,314.0
2023-06-12,-4.5,-1.4,316.0,65.76,20637,93,326.9,326.9,312.2
2023-06-11,20.5,6.83,320.5,,33585,186,305.0,322.0,305.0
2023-06-08,4.2,1.42,300.0,28.67,9573,62,295.0,311.0,295.0
2023-06-07,0.8,0.27,295.8,15.39,5168,39,299.8,303.0,290.1
2023-06-06,5.3,1.83,295.0,31.26,10675,55,284.5,299.0,284.5
2023-06-05,-5.3,-1.8,289.7,9.23,3194,25,297.0,297.0,285.5
2023-06-04,11.0,3.87,295.0,7.6,2609,36,289.6,295.3,286.0
2023-06-01,4.0,1.43,284.0,10.41,3683,39,280.0,298.0,275.1
2023-05-31,-6.0,-2.1,280.0,14.98,5297,61,281.5,296.0,276.0
2023-05-30,-8.9,-3.02,286.0,40.85,14111,46,294.9,300.0,285.1
2023-05-28,-9.1,-2.99,294.9,5.64,1885,23,304.0,307.0,294.0
2023-05-24,-2.9,-0.94,304.0,7.84,2605,29,304.0,309.0,299.0
2023-05-23,11.9,4.03,306.9,14.75,4841,47,289.3,308.1,289.2
2023-05-22,1.0,0.34,295.0,45.38,15408,41,292.0,299.0,290.0
2023-05-21,-1.0,-0.34,294.0,12.82,4336,42,295.0,301.0,289.0
2023-05-18,0.0,0.0,295.0,21.89,7337,64,299.8,299.9,294.0
2023-05-17,10.0,3.51,295.0,9.12,3170,29,279.4,301.0,279.3
2023-05-16,0.0,0.0,285.0,8.32,2978,38,290.7,290.7,276.2
2023-05-15,-2.9,-1.01,285.0,8.5,3001,38,285.0,288.0,277.1
2023-05-14,-0.6,-0.21,287.9,8.85,3166,28,284.1,287.9,278.5
2023-05-11,-1.5,-0.52,288.5,4.56,1612,15,285.0,288.5,281.0
2023-05-10,0.1,0.03,290.0,5.95,2040,16,290.0,293.6,285.1
2023-05-09,-1.1,-0.38,289.9,6.39,2205,18,290.0,294.0,288.3
2023-05-08,-2.0,-0.68,291.0,2.21,760,14,291.1,296.8,290.0
2023-05-07,-4.0,-1.35,293.0,9.48,3308,40,299.8,299.8,282.4
2023-05-04,4.0,1.37,297.0,5.75,1954,21,294.0,297.3,292.0
2023-05-03,0.0,0.0,293.0,3.91,1338,15,290.2,295.0,290.1
2023-05-02,-1.2,-0.41,293.0,13.76,4728,25,290.2,298.0,288.4
2023-04-30,-10.5,-3.45,294.2,21.1,7025,37,304.7,310.0,293.1
2023-04-27,5.9,1.97,304.7,11.32,3820,45,292.9,304.7,292.9
2023-04-26,-4.2,-1.39,298.8,13.22,4411,33,306.0,307.0,293.0
2023-04-25,3.0,1.0,303.0,10.56,3532,16,300.0,305.5,296.5
2023-04-24,2.0,0.67,300.0,12.06,4045,23,298.0,303.8,295.0
2023-04-23,-12.0,-3.87,298.0,14.18,4792,44,303.8,303.8,293.3
2023-04-20,0.0,0.0,310.0,14.28,4708,57,304.0,312.0,299.9
2023-04-19,-0.9,-0.29,310.0,23.35,7636,37,308.5,310.0,305.0
2023-04-18,-1.1,-0.35,310.9,4.35,1422,15,306.1,310.9,305.8
2023-04-17,0.9,0.29,312.0,12.43,4018,36,314.0,314.1,307.8
2023-04-16,-6.8,-2.14,311.1,29.1,9252,66,311.6,322.9,306.1
2023-04-13,-10.1,-3.08,317.9,49.7,15540,91,328.0,333.5,313.0
2023-04-12,24.0,7.89,328.0,34.72,10993,85,308.0,332.0,308.0
2023-04-11,14.0,4.83,304.0,20.64,6968,38,290.0,304.4,290.0
2023-04-10,-8.9,-2.98,290.0,50.46,17332,91,304.0,304.7,285.1
2023-04-09,-8.0,-2.61,298.9,26.94,9045,46,301.0,301.0,294.1
2023-04-06,-3.1,-1.0,306.9,6.16,2026,28,306.0,309.0,300.8
2023-04-05,-1.0,-0.32,310.0,11.49,3730,34,314.9,314.9,305.0
2023-04-04,6.0,1.97,311.0,18.13,5994,58,299.3,311.0,299.1
2023-04-03,-4.0,-1.29,305.0,18.36,6041,53,303.4,311.1,300.0
2023-04-02,-8.0,-2.52,309.0,11.74,3758,52,323.0,323.3,309.0
2023-03-30,-0.3,-0.09,317.0,21.01,6621,48,320.0,323.5,312.7
2023-03-29,-5.7,-1.76,317.3,5.02,1577,14,320.0,320.0,317.2
2023-03-28,2.0,0.62,323.0,34.53,10684,72,327.0,328.0,317.0
2023-03-27,2.0,0.63,321.0,13.51,4249,36,320.0,322.0,309.7
2023-03-26,-3.9,-1.21,319.0,12.78,4049,52,324.0,324.0,313.0
2023-03-23,-2.1,-0.65,322.9,15.36,4827,34,322.0,322.9,315.6
2023-03-22,-6.0,-1.81,325.0,,45538,138,325.1,343.6,312.0
2023-03-20,0.1,0.03,331.0,15.37,4639,47,335.0,339.0,328.3
2023-03-19,-0.1,-0.03,330.9,22.82,6933,59,325.0,343.9,325.0
2023-03-16,-8.0,-2.36,331.0,17.22,5177,30,335.0,338.0,330.5
2023-03-15,5.0,1.5,339.0,19.08,5818,49,328.0,339.0,323.5
2023-03-14,-2.0,-0.6,334.0,13.21,3942,32,330.1,338.9,329.3
2023-03-13,-3.0,-0.88,336.0,11.9,3574,34,339.0,339.0,330.0
2023-03-12,-3.0,-0.88,339.0,23.39,6943,72,343.7,345.0,333.0
2023-03-09,8.0,2.4,342.0,33.71,9930,64,340.6,343.0,336.2
2023-03-07,5.0,1.52,334.0,14.07,4180,45,335.5,349.0,322.5
2023-03-05,0.0,0.0,329.0,42.03,12907,76,324.0,335.5,320.1
2023-03-02,-6.0,-1.79,329.0,,47780,51,335.0,335.0,327.0
2023-03-01,-6.9,-2.02,335.0,14.03,4170,28,336.0,348.5,331.0
2023-02-28,-2.7,-0.78,341.9,14.92,4360,36,349.9,349.9,338.1
2023-02-27,-2.4,-0.69,344.6,41.41,12181,72,347.0,349.9,335.0
2023-02-26,10.0,2.97,347.0,70.78,21141,96,331.0,351.0,321.4
2023-02-23,-8.0,-2.32,337.0,52.74,15675,92,340.0,341.0,332.0
2023-02-22,5.0,1.47,345.0,25.69,7416,59,346.1,352.9,343.0
2023-02-20,1.0,0.29,340.0,52.76,15720,90,345.7,359.0,332.1
2023-02-16,-7.0,-2.02,339.0,38.25,11266,81,342.1,348.0,335.1
2023-02-15,-5.0,-1.42,346.0,59.41,17224,94,358.0,358.0,341.1
2023-02-14,-2.0,-0.57,351.0,57.81,16518,70,359.0,359.0,346.0
2023-02-12,-17.0,-4.59,353.0,,37191,164,362.6,363.0,347.0
2023-02-09,9.0,2.49,370.0,62.12,17077,132,353.9,378.0,353.8
2023-02-08,-9.0,-2.43,361.0,,56127,261,377.0,377.0,348.0
2023-02-07,27.1,7.9,370.0,,87696,287,349.6,370.0,348.8
2023-02-06,0.5,0.15,342.9,50.66,14758,90,348.5,348.5,338.0
2023-02-05,8.4,2.51,342.4,88.4,25950,115,339.0,345.0,332.9
2023-02-02,-4.0,-1.18,334.0,93.41,27542,149,343.9,349.0,329.5
2023-02-01,4.0,1.2,338.0,57.91,17068,104,340.6,347.4,334.3
2023-01-31,1.0,0.3,334.0,53.76,16034,113,332.0,345.0,328.0
2023-01-30,-15.0,-4.31,333.0,50.86,14982,116,353.9,353.9,333.0
2023-01-29,-12.0,-3.33,348.0,52.15,14761,101,358.0,367.0,348.0
2023-01-26,0.0,0.56,360.0,,48302,0,365.0,366.0,350.0
2023-01-25,0.0,0.9,358.0,,29875,0,348.0,364.1,348.0
2023-01-24,0.0,3.2,354.8,,25399,0,337.0,358.7,330.0
2023-01-23,0.0,-2.88,343.8,,27129,0,347.0,357.0,338.1
2023-01-19,0.0,0.0,354.0,,32799,0,357.0,357.1,340.0
2023-01-18,0.0,-1.67,354.0,,55623,0,365.0,374.5,353.1
2023-01-17,0.0,5.26,360.0,,29926,0,347.9,360.0,338.0
2023-01-12,0.0,-2.84,342.0,,49287,0,359.0,373.0,338.0
2023-01-10,0.0,-6.13,352.0,,71003,0,382.5,389.9,343.0
2023-01-09,0.0,4.17,375.0,,42610,0,360.0,375.0,356.0
2023-01-08,0.0,4.02,360.0,,68014,0,353.0,363.0,340.0
2023-01-05,0.0,0.7,346.1,,44193,0,343.0,358.9,331.0
2023-01-04,0.0,5.79,343.7,,44716,0,330.9,343.7,324.3
2023-01-03,0.0,-1.55,324.9,,26436,0,330.0,337.0,318.6
2023-01-02,0.0,3.12,330.0,,41545,0,313.6,333.5,313.6
2023-01-01,0.0,-0.62,320.0,,40708,0,317.0,328.0,311.0
2022-12-29,0.0,5.57,322.0,,47800,0,309.0,324.9,300.1
2022-12-28,0.0,2.97,305.0,,58772,0,290.5,314.0,290.5
2022-12-27,0.0,2.49,296.2,,23204,0,294.7,305.0,290.1
2022-12-26,0.0,7.84,289.0,,12740,0,273.3,289.6,273.3
2022-12-22,0.0,-1.47,268.0,,6159,0,271.0,272.0,265.0
2022-12-21,0.0,-1.81,272.0,,2753,0,272.3,277.5,272.0
2022-12-20,0.0,-0.32,277.0,,2430,0,273.0,282.5,272.5
2022-12-19,0.0,0.32,277.9,,2821,0,282.5,288.0,272.0
2022-12-18,0.0,0.25,277.0,,8146,0,277.0,284.0,271.5
2022-12-15,0.0,-2.06,276.3,,7846,0,287.0,287.0,275.9
2022-12-14,0.0,-0.98,282.1,,1378,0,289.9,289.9,281.5
2022-12-13,0.0,-0.73,284.9,,7169,0,287.0,287.0,280.0
2022-12-12,0.0,3.65,287.0,,5322,0,282.0,287.0,277.0
2022-12-11,0.0,-1.46,276.9,,6048,0,276.0,280.1,276.0
2022-12-07,0.0,-1.4,281.0,,6989,0,290.0,290.7,279.3
2022-12-06,0.0,-1.38,285.0,,6666,0,284.0,287.9,280.0
2022-12-05,0.0,-2.03,289.0,,8695,0,290.5,294.7,280.0
2022-12-04,0.0,-1.01,295.0,,6218,0,295.0,302.0,289.2
2022-12-01,0.0,-0.3,298.0,,8868,0,299.4,301.5,296.0
2022-11-30,0.0,-1.65,298.9,,6195,0,298.0,304.0,294.0
2022-11-29,0.0,1.98,303.9,,8329,0,294.0,305.0,294.0
2022-11-28,0.0,-2.3,298.0,,30126,0,310.0,314.0,297.0
2022-11-27,0.0,5.54,305.0,,37607,0,286.6,306.0,282.4
2022-11-24,0.0,2.12,289.0,,14527,0,277.4,289.0,272.0
2022-11-23,0.0,-0.35,283.0,,5116,0,280.0,284.5,279.0
2022-11-22,0.0,1.79,284.0,,11427,0,284.5,295.0,279.0
2022-11-17,0.0,4.89,279.0,,39850,0,271.3,287.0,270.0
2022-11-16,0.0,-1.12,266.0,,12199,0,263.7,277.0,263.7
2022-11-15,0.0,-0.41,269.0,,5433,0,270.0,284.0,266.0
2022-11-14,0.0,2.7,270.1,,6712,0,259.0,270.5,259.0
2022-11-13,0.0,0.0,263.0,,5590,0,265.0,269.9,260.0
2022-11-10,0.0,-0.75,263.0,,12251,0,270.0,272.0,260.0
2022-11-09,0.0,-7.02,265.0,,13042,0,280.2,285.5,265.0
2022-11-08,0.0,0.0,285.0,,4112,0,281.9,290.6,281.9
2022-11-07,0.0,-1.38,285.0,,17790,0,283.3,300.0,282.3
2022-11-06,0.0,7.0,289.0,,14972,0,275.0,289.0,269.5
2022-11-03,0.0,-3.88,270.1,,11460,0,280.0,285.0,270.1
2022-11-02,0.0,-0.74,281.0,,11792,0,286.0,291.3,276.1
2022-11-01,0.0,8.05,283.1,,17650,0,260.0,287.9,260.0
2022-10-31,0.0,1.2,262.0,,3306,0,255.0,265.0,252.2
2022-10-23,0.0,-0.04,258.9,,4423,0,255.6,260.2,254.0
2022-10-20,0.0,0.39,259.0,,1383,0,263.1,263.1,252.0
2022-10-19,0.0,-1.9,258.0,,6574,0,268.2,268.2,253.0
2022-10-17,0.0,-1.87,263.0,,9946,0,273.3,278.7,258.0
2022-10-16,0.0,-3.25,268.0,,12601,0,282.0,287.6,267.1
2022-10-13,0.0,1.07,277.0,,14592,0,276.0,279.9,267.7
2022-10-12,0.0,5.35,271.9,,9223,0,262.9,271.9,248.0
2022-10-11,0.0,-1.49,258.1,,3000,0,266.9,266.9,257.4
2022-10-10,0.0,-2.96,262.0,,9721,0,271.0,273.0,254.8
2022-10-09,0.0,4.65,270.0,,8220,0,263.0,271.0,261.0
2022-09-29,0.0,2.79,258.0,,4361,0,256.0,261.0,255.0
2022-09-28,0.0,-0.79,251.0,,8360,0,258.0,258.0,251.0
2022-09-27,0.0,1.48,253.0,,7252,0,250.0,257.9,250.0
2022-09-25,0.0,-4.85,249.3,,9455,0,264.0,264.0,249.3
2022-09-22,0.0,-2.6,262.0,,4604,0,264.0,271.0,262.0
2022-09-21,0.0,1.62,269.0,,4852,0,269.9,274.0,267.1
2022-09-20,0.0,-5.46,264.7,,9173,0,285.0,285.6,264.0
2022-09-18,0.0,-2.44,280.0,,9843,0,282.5,289.0,277.5
2022-09-16,0.0,0.7,287.0,,6902,0,279.3,290.0,273.9
2022-09-15,0.0,-5.0,285.0,,29873,0,301.0,305.0,281.5
2022-09-14,0.0,5.26,300.0,,19445,0,290.0,300.5,289.6
2022-09-13,0.0,2.52,285.0,,7717,0,278.5,288.8,278.0
2022-09-12,0.0,-1.42,278.0,,10415,0,277.9,287.6,277.0
2022-09-11,0.0,-2.73,282.0,,4206,0,295.0,295.0,282.0
2022-09-08,0.0,3.17,289.9,,46573,0,277.5,300.0,276.0
2022-09-07,0.0,-0.35,281.0,,8029,0,278.0,285.4,277.4
2022-09-06,0.0,-2.59,282.0,,10505,0,285.0,295.0,282.0
2022-09-05,0.0,-0.58,289.5,,4878,0,296.5,299.6,289.1
2022-09-04,0.0,-0.31,291.2,,5056,0,297.9,303.0,291.2
2022-09-02,0.0,-2.31,292.1,,7608,0,301.0,304.9,292.1
2022-09-01,0.0,3.82,299.0,,18201,0,282.5,300.0,281.1
2022-08-31,0.0,-2.7,288.0,,6840,0,290.2,301.8,288.0
2022-08-30,0.0,-1.33,296.0,,12446,0,294.0,312.1,289.1
2022-08-29,0.0,1.35,300.0,,16270,0,290.6,303.0,284.8
2022-08-28,0.0,-2.31,296.0,,54087,0,307.0,309.0,290.2
2022-08-26,0.0,-0.66,303.0,,26924,0,302.0,311.1,298.9
2022-08-25,0.0,-2.87,305.0,,14568,0,320.2,326.6,303.0
2022-08-24,0.0,0.32,314.0,,41492,0,315.0,321.0,311.3
2022-08-23,0.0,-1.57,313.0,,14827,0,323.9,327.0,310.7
2022-08-22,0.0,0.03,318.0,,30537,0,317.9,324.0,311.8
2022-08-21,0.0,0.89,317.9,,75888,0,320.1,327.4,314.2
2022-08-18,0.0,5.03,315.1,,90203,0,306.0,321.0,301.1
2022-08-17,0.0,2.77,300.0,,34087,0,296.8,306.0,290.1
2022-08-16,0.0,-3.02,291.9,,31872,0,307.0,312.0,290.0
2022-08-15,0.0,7.89,301.0,,21179,0,279.0,301.0,279.0
2022-08-14,0.0,-1.76,279.0,,8226,0,284.0,289.0,279.0
2022-08-11,0.0,-3.07,284.0,,18656,0,293.0,296.0,282.8
2022-08-10,0.0,0.34,293.0,,11187,0,286.4,303.7,284.0
2022-08-09,0.0,-3.38,292.0,,44037,0,298.0,306.0,289.2
2022-08-08,0.0,-1.24,302.2,,14083,0,312.1,324.0,301.0
2022-08-07,0.0,1.93,306.0,,21095,0,300.0,310.0,300.0
2022-08-05,0.0,-4.39,300.2,,24975,0,310.0,317.8,300.0
2022-08-04,0.0,-3.68,314.0,,42839,0,320.0,324.0,312.7
2022-08-03,0.0,1.88,326.0,,62759,0,326.4,339.0,320.0
2022-08-02,0.0,7.02,320.0,,114487,0,303.0,326.2,300.0
2022-08-01,0.0,-1.64,299.0,,31014,0,300.0,310.0,290.0
2022-07-31,0.0,-0.98,304.0,,44681,0,313.0,313.0,298.0
2022-07-29,0.0,0.99,307.0,,26457,0,303.0,314.1,299.0
2022-07-28,0.0,1.0,304.0,,61099,0,303.0,315.0,294.0
2022-07-27,0.0,3.79,301.0,,54093,0,284.2,305.0,273.0
2022-07-26,0.0,-3.01,290.0,,55010,0,302.0,312.0,280.3
2022-07-25,0.0,9.4,299.0,,60640,0,275.0,299.0,275.0
2022-07-24,0.0,8.45,273.3,,56311,0,248.0,273.3,247.0
2022-07-22,0.0,0.84,252.0,,49046,0,245.2,255.6,240.3
2022-07-21,0.0,-0.83,249.9,,20578,0,250.0,257.0,247.1
2022-07-20,0.0,1.9,252.0,,41164,0,243.0,260.0,243.0
2022-07-19,0.0,3.91,247.3,,28328,0,242.0,253.7,238.0
2022-07-18,0.0,0.38,238.0,,8137,0,236.1,242.0,233.0
2022-07-17,0.0,-3.62,237.1,,11172,0,245.0,249.0,235.2
2022-07-15,0.0,1.23,246.0,,6600,0,238.5,246.0,231.0
2022-07-14,0.0,0.41,243.0,,27186,0,244.0,246.5,230.0
2022-07-13,0.0,8.04,242.0,,19689,0,224.0,245.0,221.0
2022-07-12,0.0,3.7,224.0,,13081,0,220.0,224.0,214.1
2022-07-11,0.0,-7.3,216.0,,21043,0,230.0,232.0,213.2
2022-07-08,0.0,-3.76,233.0,,8706,0,238.0,240.0,233.0
2022-07-07,0.0,-0.41,242.1,,15266,0,245.0,251.9,240.0
2022-07-06,0.0,1.72,243.1,,15274,0,240.0,249.6,230.3
2022-07-05,0.0,-2.45,239.0,,28884,0,241.0,250.8,230.0
2022-07-04,0.0,-2.0,245.0,,40581,0,250.0,268.0,240.1
2022-07-03,0.0,3.52,250.0,,18642,0,245.0,250.0,237.0
2022-07-01,0.0,-1.35,241.5,,10875,0,242.0,249.0,235.3
2022-06-30,0.0,6.43,244.8,,20348,0,226.0,244.8,226.0
2022-06-29,0.0,3.6,230.0,,11959,0,217.6,230.0,217.6
2022-06-28,0.0,-3.9,222.0,,20392,0,230.0,230.0,218.3
2022-06-27,0.0,0.96,231.0,,22094,0,233.3,237.8,220.0
2022-06-26,0.0,10.0,228.8,,14744,0,212.1,228.8,212.1
2022-06-24,0.0,4.52,208.0,,10478,0,196.0,218.4,192.0
2022-06-23,0.0,-4.78,199.0,,11822,0,205.0,205.0,195.0
2022-06-22,0.0,-4.13,209.0,,5592,0,220.0,220.0,208.0
2022-06-21,0.0,3.91,218.0,,5298,0,213.0,222.0,212.0
2022-06-20,0.0,-3.09,209.8,,12506,0,215.0,215.0,206.0
2022-06-19,0.0,-4.2,216.5,,4476,0,227.0,227.0,216.5
2022-06-17,0.0,0.0,226.0,,2954,0,230.0,234.4,223.0
2022-06-16,0.0,0.8,226.0,,6666,0,227.0,236.2,225.0
2022-06-15,0.0,-3.15,224.2,,9522,0,227.0,238.6,222.0
2022-06-14,0.0,-5.7,231.5,,6370,0,242.0,242.0,230.0
2022-06-13,0.0,-0.61,245.5,,1823,0,250.0,250.0,245.5
2022-06-10,0.0,-1.2,247.0,,6511,0,246.0,253.0,245.0
2022-06-09,0.0,-4.21,250.0,,10584,0,256.5,271.3,250.0
2022-06-08,0.0,7.54,261.0,,9964,0,246.0,266.5,234.0
2022-06-07,0.0,-2.14,242.7,,7805,0,245.0,245.0,235.4
2022-06-06,0.0,0.4,248.0,,9123,0,249.0,256.9,245.0
2022-06-03,0.0,-4.6,247.0,,8856,0,259.0,259.0,247.0
2022-06-02,0.0,-0.38,258.9,,11020,0,262.0,265.0,254.0
2022-06-01,0.0,1.6,259.9,,3960,0,260.0,265.2,254.0
2022-05-31,0.0,-2.7,255.8,,4073,0,258.0,268.0,255.0
2022-05-30,0.0,-4.4,262.9,,15412,0,271.0,271.0,258.0
2022-05-27,0.0,-2.48,275.0,,6647,0,282.0,282.0,274.0
2022-05-26,0.0,0.71,282.0,,3210,0,282.0,282.0,274.6
2022-05-25,0.0,0.0,280.0,,6253,0,285.0,285.6,275.1
2022-05-24,0.0,1.45,280.0,,9929,0,274.0,289.0,269.0
2022-05-23,0.0,-3.43,276.0,,4730,0,290.0,290.0,269.0
2022-05-20,0.0,0.28,285.8,,9305,0,279.3,288.0,275.4
2022-05-19,0.0,-3.72,285.0,,9348,0,290.5,299.9,284.0
2022-05-18,0.0,0.03,296.0,,5336,0,282.0,296.0,280.0
2022-05-17,0.0,-5.44,287.0,,9734,0,297.5,303.4,282.1
2022-05-12,0.0,-2.44,303.5,,11651,0,315.0,317.3,302.0
2022-05-11,0.0,5.85,311.1,,16755,0,299.0,311.1,290.0
2022-05-10,0.0,2.8,293.9,,7100,0,290.0,296.0,285.2
2022-05-09,0.0,-1.41,285.9,,10173,0,290.0,296.6,281.0
2022-05-08,0.0,5.07,290.0,,9430,0,270.5,295.0,265.0
2022-05-05,0.0,-1.78,276.0,,9215,0,276.0,284.0,270.5
2022-05-04,0.0,-3.1,281.0,,5923,0,285.0,287.0,279.3
2022-05-02,0.0,-2.36,290.0,,9024,0,291.2,291.5,282.3
2022-04-28,0.0,-3.57,297.0,,6440,0,311.0,311.0,294.2
2022-04-27,0.0,-0.32,308.0,,5677,0,304.0,309.5,301.1
2022-04-26,0.0,-0.96,309.0,,6176,0,314.0,314.0,298.0
2022-04-25,0.0,-0.95,312.0,,13615,0,320.0,324.3,302.0
2022-04-24,0.0,9.0,315.0,,20095,0,293.5,317.9,288.0
2022-04-21,0.0,0.42,289.0,,19511,0,283.0,289.0,275.0
2022-04-20,0.0,-2.77,287.8,,6103,0,301.0,301.0,283.0
2022-04-19,0.0,2.0,296.0,,13980,0,290.2,312.0,279.3
2022-04-18,0.0,-5.75,290.2,,9955,0,301.8,305.0,290.2
2022-04-17,0.0,-1.0,307.9,,5608,0,312.0,314.0,300.0
2022-04-13,0.0,0.97,311.0,,8971,0,310.0,315.0,307.8
2022-04-12,0.0,-1.91,308.0,,11877,0,314.0,317.2,305.2
2022-04-11,0.0,-3.09,314.0,,10335,0,330.4,342.0,314.0
2022-04-07,0.0,1.25,324.0,,11906,0,325.9,330.0,316.2
2022-04-06,0.0,-0.59,320.0,,11185,0,328.0,329.0,309.4
2022-04-05,0.0,-0.37,321.9,,14960,0,320.0,325.0,314.0
2022-04-04,0.0,-0.89,323.1,,4835,0,321.0,335.0,321.0
2022-04-03,0.0,-0.31,326.0,,8002,0,325.0,332.0,320.5
2022-03-31,0.0,-3.82,327.0,,11537,0,344.0,347.9,327.0
2022-03-30,0.0,4.33,340.0,,6852,0,325.0,350.0,325.0
2022-03-29,0.0,-0.03,325.9,,13528,0,331.0,339.9,324.0
2022-03-28,0.0,-2.4,326.0,,13130,0,328.0,340.0,325.0
2022-03-27,0.0,-3.19,334.0,,11093,0,341.0,348.0,333.5
2022-03-24,0.0,-3.09,345.0,,12361,0,360.0,360.0,345.0
2022-03-23,0.0,-0.56,356.0,,6554,0,350.9,360.0,348.0
2022-03-22,0.0,-0.25,358.0,,11097,0,365.0,366.0,355.8
2022-03-21,0.0,3.13,358.9,,10351,0,354.0,359.9,343.0
2022-03-20,0.0,0.29,348.0,,9923,0,347.0,352.9,343.0
2022-03-16,0.0,-2.25,347.0,,11801,0,360.0,360.0,345.0
2022-03-15,0.0,-2.98,355.0,,12588,0,372.7,372.7,355.0
2022-03-14,0.0,-0.57,365.9,,5072,0,372.0,372.0,356.9
2022-03-13,0.0,5.14,368.0,,20783,0,352.0,368.0,352.0
2022-03-10,0.0,8.53,350.0,,15894,0,325.0,350.0,318.6
2022-03-09,0.0,-3.24,322.5,,10227,0,339.9,339.9,322.5
2022-03-07,0.0,-1.1,333.3,,12794,0,343.0,346.0,333.3
2022-03-06,0.0,-0.59,337.0,,16498,0,344.0,350.8,334.0
2022-03-02,0.0,-3.69,339.0,,26745,0,352.0,352.0,335.0
2022-02-28,0.0,-1.98,352.0,,19629,0,366.0,366.0,352.0
2022-02-27,0.0,-0.61,359.1,,14744,0,358.0,374.7,357.0
2022-02-24,0.0,-2.9,361.3,,21456,0,365.1,372.0,359.0
2022-02-23,0.0,-0.91,372.1,,6272,0,383.0,383.0,371.1
2022-02-22,0.0,0.7,375.5,,18663,0,373.1,382.5,373.1
2022-02-21,0.0,1.61,372.9,,11983,0,367.0,375.0,366.0
2022-02-20,0.0,-0.81,367.0,,20430,0,362.6,375.0,355.4
2022-02-17,0.0,-1.18,370.0,,10491,0,380.0,382.0,370.0
2022-02-16,0.0,-1.71,374.4,,15381,0,388.1,388.1,374.0
2022-02-15,0.0,1.87,380.9,,16115,0,381.0,384.0,374.0
2022-02-14,0.0,1.05,373.9,,16068,0,363.0,384.5,363.0
2022-02-13,0.0,-4.39,370.0,,33939,0,381.0,382.0,369.5
2022-02-10,0.0,0.0,387.0,,16336,0,394.0,394.0,385.0
2022-02-09,0.0,-2.03,387.0,,16085,0,390.0,397.8,386.4
2022-02-08,0.0,0.0,395.0,,33647,0,402.0,427.0,392.0
2022-02-07,0.0,1.54,395.0,,16533,0,381.3,402.0,381.3
2022-02-06,0.0,-2.51,389.0,,28414,0,395.0,400.9,389.0
2022-02-03,0.0,-1.72,399.0,,35097,0,411.0,414.0,395.0
2022-02-01,0.0,1.25,406.0,,28025,0,401.0,409.0,400.0
2022-01-31,0.0,-2.65,401.0,,33951,0,413.0,415.0,395.0
2022-01-30,0.0,8.39,411.9,,48562,0,387.6,411.9,387.6
2022-01-27,0.0,0.8,380.0,,29743,0,377.1,390.0,377.1
2022-01-26,0.0,-2.23,377.0,,32084,0,380.0,392.0,375.1
2022-01-25,0.0,-0.9,385.6,,46454,0,390.0,403.0,380.0
2022-01-24,0.0,-5.1,389.1,,75228,0,402.0,410.0,382.0
2022-01-23,0.0,-2.15,410.0,,28594,0,427.0,427.0,407.0
2022-01-20,0.0,2.7,419.0,,33760,0,406.5,423.0,405.0
2022-01-19,0.0,-2.16,408.0,,34230,0,414.0,423.0,403.0
2022-01-18,0.0,-3.0,417.0,,49952,0,430.0,433.0,405.0
2022-01-17,0.0,0.21,429.9,,39464,0,431.0,437.0,418.2
2022-01-16,0.0,2.12,429.0,,68732,0,420.1,442.0,426.3
2022-01-13,0.0,2.21,420.1,,50624,0,410.0,423.2,403.0
2022-01-12,0.0,-3.07,411.0,,87808,0,415.6,440.0,410.0
2022-01-11,0.0,6.53,424.0,,75176,0,390.1,437.8,390.1
2022-01-10,0.0,1.09,398.0,,74179,0,401.0,410.0,382.2
2022-01-09,0.0,9.33,393.7,,60031,0,367.0,393.7,367.0
2022-01-06,0.0,0.03,360.1,,22883,0,360.0,365.0,355.0
2022-01-05,0.0,-2.17,360.0,,39967,0,372.0,372.9,350.0
2022-01-04,0.0,6.67,368.0,,41795,0,351.9,379.0,343.0
2022-01-03,0.0,4.02,345.0,,29472,0,338.3,352.9,338.0
2022-01-02,0.0,1.4,354.9,,26954,0,346.0,357.0,345.0
2021-12-29,0.0,0.0,350.0,,18448,0,350.0,355.9,343.0
2021-12-28,0.0,2.01,350.0,,21220,0,336.3,358.0,330.0
2021-12-27,0.0,-5.87,343.1,,33778,0,365.0,365.0,339.0
2021-12-26,0.0,-0.41,364.5,,26709,0,372.0,372.0,355.0
2021-12-23,0.0,-0.54,366.0,,27807,0,368.0,377.0,363.1
2021-12-22,0.0,6.36,368.0,,29195,0,352.1,370.0,346.0
2021-12-21,0.0,3.28,346.0,,17878,0,341.7,360.0,336.0
2021-12-20,0.0,-3.18,335.0,,15934,0,347.0,352.0,329.0
2021-12-16,0.0,-3.08,346.0,,20106,0,350.0,357.0,342.1
2021-12-15,0.0,4.36,357.0,,49076,0,348.9,376.3,337.0
2021-12-14,0.0,10.0,342.1,,13789,0,317.0,342.1,317.0
2021-12-13,0.0,-7.16,311.0,,36759,0,329.0,335.0,306.0
2021-12-12,0.0,-8.22,335.0,,43553,0,360.0,362.0,334.2
2021-12-09,0.0,-0.27,365.0,,23307,0,370.0,374.9,359.0
2021-12-08,0.0,-3.68,366.0,,17404,0,374.0,387.0,363.0
2021-12-07,0.0,-2.31,380.0,,40689,0,396.0,410.0,370.6
2021-12-06,0.0,5.14,389.0,,32141,0,377.0,396.0,342.0
2021-12-05,0.0,-4.64,370.0,,29445,0,383.0,388.1,368.0
2021-12-02,0.0,-3.48,388.0,,25460,0,400.0,400.0,384.0
2021-12-01,0.0,0.53,402.0,,14864,0,400.0,408.0,400.0
2021-11-30,0.0,0.48,399.9,,27382,0,398.0,404.9,392.5
2021-11-29,0.0,0.51,398.0,,27223,0,388.5,410.0,388.5
2021-11-28,0.0,-4.58,396.0,,36270,0,413.0,413.0,396.0
2021-11-25,0.0,-0.93,415.0,,18834,0,425.0,425.0,415.0
2021-11-24,0.0,2.67,418.9,,26520,0,400.0,424.0,395.0
2021-11-23,0.0,-3.77,408.0,,25603,0,420.0,423.0,406.7
2021-11-22,0.0,0.47,424.0,,16328,0,425.0,432.0,422.0
2021-11-21,0.0,0.24,422.0,,21586,0,421.0,443.9,421.0
2021-11-18,0.0,-2.09,421.0,,24590,0,422.0,435.0,415.0
2021-11-17,0.0,-1.15,430.0,,39856,0,441.6,461.0,427.0
2021-11-16,0.0,2.26,435.0,,38635,0,428.0,440.0,417.1
2021-11-15,0.0,3.5,425.4,,24677,0,419.0,433.0,416.0
2021-11-14,0.0,2.75,411.0,,42631,0,401.0,430.0,392.0
2021-11-11,0.0,-4.63,400.0,,51106,0,411.2,428.0,400.0
2021-11-09,0.0,-5.11,419.4,,37623,0,442.0,446.0,413.0
2021-11-08,0.0,-1.12,442.0,,17717,0,450.0,458.0,434.0
2021-11-03,0.0,-1.54,447.0,,28389,0,463.0,470.0,446.0
2021-11-02,0.0,3.42,454.0,,52504,0,440.0,456.0,434.2
2021-11-01,0.0,-2.55,439.0,,43088,0,459.5,477.9,431.2
2021-10-31,0.0,5.98,450.5,,72388,0,430.0,453.0,421.0
2021-10-28,0.0,0.05,425.1,,34701,0,429.0,432.0,416.0
2021-10-27,0.0,-1.19,424.9,,47470,0,438.0,443.7,416.5
2021-10-26,0.0,4.37,430.0,,52292,0,420.2,445.6,410.0
2021-10-25,0.0,9.57,412.0,,48154,0,383.0,413.0,383.0
2021-10-24,0.0,3.3,376.0,,20938,0,364.1,386.2,364.1
2021-10-21,0.0,-2.67,364.0,,10990,0,381.0,381.4,362.0
2021-10-20,0.0,4.18,374.0,,22281,0,366.1,385.0,360.1
2021-10-19,0.0,-5.03,359.0,,33405,0,370.5,370.5,343.0
2021-10-18,0.0,-5.97,378.0,,17090,0,394.0,399.0,375.0
2021-10-17,0.0,0.75,402.0,,15850,0,406.0,414.1,390.2
2021-10-11,0.0,0.25,399.0,,24146,0,392.0,401.0,385.0
2021-10-10,0.0,0.79,398.0,,55775,0,400.0,423.0,393.0
2021-10-06,0.0,10.0,394.9,,34229,0,366.1,394.9,366.0
2021-10-05,0.0,6.53,359.0,,34536,0,343.0,369.0,331.0
2021-10-04,0.0,-3.16,337.0,,23333,0,341.1,361.9,323.5
2021-10-03,0.0,-4.66,348.0,,29952,0,360.0,368.0,340.0
2021-09-30,0.0,-3.95,365.0,,35541,0,387.6,402.0,364.0
2021-09-29,0.0,7.04,380.0,,51848,0,355.0,390.5,330.0
2021-09-28,0.0,-8.27,355.0,,49929,0,390.0,408.0,352.0
2021-09-27,0.0,-4.91,387.0,,56219,0,399.0,415.0,370.0
2021-09-26,0.0,-7.1,407.0,,61366,0,446.8,446.8,399.0
2021-09-23,0.0,-3.27,438.1,,52075,0,461.9,471.0,435.1
2021-09-22,0.0,7.32,452.9,,49488,0,430.4,459.9,430.0
2021-09-21,0.0,-0.02,422.0,,72951,0,413.7,444.0,390.2
2021-09-20,0.0,-10.0,422.1,,115473,0,478.0,478.3,422.1
2021-09-16,0.0,-5.44,469.0,,81512,0,487.0,492.9,458.8
2021-09-15,0.0,-1.2,496.0,,49413,0,512.0,512.0,488.2
2021-09-14,0.0,-2.52,502.0,,43584,0,504.7,525.0,495.0
2021-09-13,0.0,-0.58,515.0,,70699,0,528.3,538.0,503.0
2021-09-12,0.0,3.19,518.0,,53763,0,510.0,519.0,497.0
2021-09-09,0.0,0.2,502.0,,42696,0,502.0,513.9,490.0
2021-09-08,0.0,-4.21,501.0,,63723,0,514.0,523.0,495.9
2021-09-07,0.0,-5.6,523.0,,88619,0,554.0,556.0,520.0
2021-09-06,0.0,6.74,554.0,,239882,0,529.3,570.0,486.0
2021-09-05,0.0,1.76,519.0,,140608,0,510.0,519.0,459.0
2021-09-02,0.0,-5.56,510.0,,101292,0,549.0,549.0,500.0
2021-09-01,0.0,0.93,540.0,,177299,0,535.0,558.0,530.0
2021-08-31,0.0,-0.19,535.0,,156549,0,536.0,550.0,521.0
2021-08-29,0.0,3.1,536.0,,335618,0,530.0,559.0,525.0
2021-08-26,0.0,6.76,519.9,,193517,0,490.0,532.0,490.0
2021-08-25,0.0,-2.79,487.0,,67580,0,503.0,508.0,485.7
2021-08-24,0.0,-1.18,501.0,,126318,0,507.0,527.3,490.0
2021-08-19,0.0,-2.5,507.0,,165950,0,530.0,551.0,500.0
2021-08-18,0.0,0.02,520.0,,190033,0,529.9,547.6,510.0
2021-08-17,0.0,2.95,519.9,,157557,0,515.0,524.1,502.0
2021-08-16,0.0,0.0,505.0,,127160,0,514.0,523.0,492.0
2021-08-15,0.0,-5.61,505.0,,247581,0,525.0,535.0,488.0
2021-08-12,0.0,1.33,535.0,,179604,0,538.5,558.0,515.5
2021-08-11,0.0,-2.83,528.0,,156047,0,554.2,574.0,522.4
2021-08-10,0.0,10.0,543.4,,371762,0,503.8,543.4,503.8
2021-08-09,0.0,5.33,494.0,,144680,0,478.0,510.0,461.0
2021-08-08,0.0,0.64,469.0,,88781,0,470.0,479.0,459.8
2021-08-05,0.0,-2.1,466.0,,164415,0,485.5,490.0,465.0
2021-08-04,0.0,4.62,476.0,,196635,0,464.1,490.0,452.0
2021-08-03,0.0,0.66,455.0,,83225,0,443.0,461.0,443.0
2021-08-02,0.0,-1.09,452.0,,142241,0,458.0,472.0,450.0
2021-08-01,0.0,-2.77,457.0,,153342,0,470.0,484.0,450.0
2021-07-29,0.0,2.4,470.0,,334828,0,468.1,494.0,444.0
2021-07-28,0.0,5.52,459.0,,278424,0,441.0,469.0,437.0
2021-07-27,0.0,4.07,435.0,,179957,0,426.2,440.0,405.0
2021-07-26,0.0,8.29,418.0,,249734,0,386.0,420.0,383.0
2021-07-25,0.0,1.05,386.0,,65396,0,389.0,397.3,381.0
2021-07-22,0.0,-1.29,382.0,,84636,0,390.0,393.0,379.0
2021-07-20,0.0,-0.77,387.0,,41919,0,397.8,397.8,383.0
2021-07-19,0.0,-1.76,390.0,,80843,0,404.9,407.0,386.0
2021-07-18,0.0,0.25,397.0,,97174,0,403.8,409.0,388.1
2021-07-15,0.0,-1.25,396.0,,110746,0,401.0,409.0,394.0
2021-07-14,0.0,3.35,401.0,,160514,0,390.0,408.0,371.0
2021-07-13,0.0,6.59,388.0,,139428,0,365.0,391.0,364.0
2021-07-12,0.0,-1.09,364.0,,151830,0,386.0,399.0,358.0
2021-07-11,0.0,9.85,368.0,,120963,0,341.0,368.0,341.0
2021-07-08,0.0,2.45,335.0,,44615,0,343.0,345.0,322.0
2021-07-07,0.0,-1.21,327.0,,19044,0,347.0,347.0,322.0
2021-07-06,0.0,-2.36,331.0,,18659,0,345.0,345.0,328.0
2021-07-05,0.0,-1.45,339.0,,20308,0,344.0,345.0,328.0
2021-07-04,0.0,-0.86,344.0,,55108,0,353.0,360.0,335.0
2021-07-01,0.0,2.06,347.0,,96261,0,356.0,365.0,341.0
2021-06-30,0.0,9.68,340.0,,102167,0,304.0,341.0,289.0
2021-06-29,0.0,-8.55,310.0,,81789,0,334.0,340.0,307.0
2021-06-28,0.0,-3.97,339.0,,44936,0,355.0,357.0,335.0
2021-06-27,0.0,-3.55,353.0,,69130,0,373.0,374.0,347.0
2021-06-24,0.0,-0.81,366.0,,77660,0,387.0,387.0,348.0
2021-06-23,0.0,0.0,369.0,,97942,0,387.0,392.0,348.0
2021-06-22,0.0,9.17,369.0,,103294,0,354.0,371.0,329.0
2021-06-21,0.0,-8.4,338.0,,123177,0,370.0,376.0,337.0
2021-06-20,0.0,-5.38,369.0,,78682,0,397.0,397.0,354.0
2021-06-17,0.0,2.63,390.0,,187691,0,399.0,410.0,350.0
2021-06-16,0.0,-9.52,380.0,,218388,0,441.0,441.0,378.0
2021-06-15,0.0,-4.55,420.0,,164247,0,450.0,455.0,414.0
2021-06-14,0.0,4.51,440.0,,220339,0,442.0,463.0,430.0
2021-06-13,0.0,9.92,421.0,,329429,0,383.0,421.0,373.0
2021-06-10,0.0,2.41,383.0,,215368,0,392.0,392.0,357.0
2021-06-09,0.0,0.0,374.0,,193803,0,390.0,397.0,354.0
2021-06-08,0.0,9.97,375.0,,267184,0,342.0,375.0,342.0
2021-06-07,0.0,6.9,341.0,,307118,0,319.0,342.0,315.0
2021-06-06,0.0,-3.33,319.0,,192807,0,340.0,340.0,305.0
2021-06-03,0.0,4.43,330.0,,268746,0,330.0,346.0,320.0
2021-06-02,0.0,8.97,316.0,,363537,0,276.0,319.0,276.0
2021-06-01,0.0,0.69,290.0,,71300,0,286.0,300.0,277.0
2021-05-31,0.0,-3.03,288.0,,139741,0,297.0,306.0,284.0
2021-05-30,0.0,3.12,297.0,,241325,0,293.0,304.0,286.0
2021-05-27,0.0,-0.35,288.0,,187883,0,289.0,306.0,273.0
2021-05-25,0.0,7.04,289.0,,222543,0,257.0,291.0,257.0
2021-05-24,0.0,-0.74,270.0,,145778,0,285.0,285.0,262.0
2021-05-23,0.0,4.21,272.0,,335136,0,248.0,280.0,245.0
2021-05-20,0.0,2.35,261.0,,278319,0,243.0,270.0,240.0
2021-05-19,0.0,-4.85,255.0,,203219,0,268.0,275.0,247.0
2021-05-18,0.0,9.84,268.0,,273835,0,256.0,268.0,231.0
2021-05-17,0.0,9.91,244.0,,242372,0,230.0,244.0,211.0
2021-05-16,0.0,9.9,222.0,,224489,0,212.0,222.0,208.0
2021-05-13,0.0,9.78,202.0,,207391,0,181.0,202.0,181.0
2021-05-12,0.0,2.79,184.0,,64700,0,176.0,189.0,176.0
2021-05-11,0.0,0.56,179.0,,59826,0,175.0,186.0,175.0
2021-05-10,0.0,-0.56,178.0,,10401,0,179.0,181.0,177.0
2021-05-09,0.0,-0.56,179.0,,21602,0,177.0,183.0,175.0
2021-05-06,0.0,2.27,180.0,,22428,0,173.0,184.0,173.0
2021-05-05,0.0,0.0,176.0,,25925,0,174.0,181.0,174.0
2021-05-04,0.0,-0.56,176.0,,15315,0,175.0,180.0,174.0
2021-05-03,0.0,-2.21,177.0,,15054,0,184.0,186.0,175.0
2021-05-02,0.0,4.62,181.0,,21094,0,172.0,181.0,172.0
2021-04-29,0.0,1.76,173.0,,40982,0,168.0,180.0,168.0
2021-04-28,0.0,-4.49,170.0,,21699,0,178.0,178.0,170.0
2021-04-27,0.0,2.89,178.0,,20535,0,173.0,183.0,171.0
2021-04-26,0.0,-3.89,173.0,,13895,0,177.0,177.0,171.0
2021-04-25,0.0,-3.23,180.0,,21890,0,189.0,189.0,179.0
2021-04-22,0.0,1.09,186.0,,54433,0,187.0,190.0,181.0
2021-04-21,0.0,-1.08,184.0,,65955,0,180.0,195.0,180.0
2021-04-20,0.0,-1.06,186.0,,31707,0,187.0,188.0,183.0
2021-04-19,0.0,-1.57,188.0,,43777,0,190.0,190.0,182.0
2021-04-18,0.0,-1.04,191.0,,99036,0,195.0,204.0,186.0
2021-04-15,0.0,8.43,193.0,,125599,0,180.0,194.0,177.0
2021-04-13,0.0,-0.56,178.0,,55257,0,184.0,184.0,175.0
2021-04-12,0.0,1.13,179.0,,53701,0,176.0,185.0,176.0
2021-04-08,0.0,4.12,177.0,,49408,0,172.0,178.0,172.0
2021-04-07,0.0,0.0,170.0,,34453,0,170.0,174.0,170.0
2021-04-06,0.0,2.41,170.0,,53895,0,174.0,174.0,167.0
2021-04-05,0.0,-1.19,166.0,,67462,0,168.0,171.0,164.0
2021-04-04,0.0,5.0,168.0,,49736,0,168.0,168.0,160.0
2021-04-01,0.0,0.0,160.0,,10350,0,162.0,162.0,157.0
2021-03-31,0.0,1.27,160.0,,18449,0,161.0,164.0,159.0
2021-03-30,0.0,-1.25,158.0,,6181,0,161.0,161.0,157.0
2021-03-29,0.0,2.56,160.0,,39973,0,157.0,161.0,155.0
2021-03-25,0.0,-1.89,156.0,,14115,0,159.0,161.0,156.0
2021-03-24,0.0,1.92,159.0,,13265,0,159.0,159.0,155.0
2021-03-23,0.0,-1.27,156.0,,6071,0,158.0,160.0,156.0
2021-03-22,0.0,-0.63,158.0,,14830,0,162.0,162.0,155.0
2021-03-21,0.0,0.0,159.0,,10474,0,158.0,160.0,155.0
2021-03-18,0.0,-1.24,159.0,,1460,0,162.0,162.0,159.0
2021-03-17,0.0,4.55,161.0,,14151,0,154.0,162.0,152.0
2021-03-16,0.0,0.0,154.0,,4999,0,154.0,157.0,154.0
2021-03-15,0.0,-0.65,154.0,,12445,0,156.0,160.0,154.0
2021-03-14,0.0,-3.12,155.0,,8014,0,160.0,161.0,155.0
2021-03-10,0.0,1.27,160.0,,8600,0,157.0,163.0,157.0
2021-03-09,0.0,-0.63,158.0,,10515,0,166.0,166.0,157.0
2021-03-08,0.0,-1.24,159.0,,12320,0,164.0,164.0,159.0
2021-03-04,0.0,1.9,161.0,,5889,0,158.0,161.0,158.0
2021-03-03,0.0,-1.25,158.0,,19368,0,160.0,161.0,154.0
2021-03-02,0.0,-1.23,160.0,,21063,0,165.0,165.0,159.0
2021-03-01,0.0,0.0,162.0,,30019,0,162.0,166.0,159.0
2021-02-28,0.0,-1.82,162.0,,21043,0,163.0,163.0,159.0
2021-02-25,0.0,0.0,165.0,,23173,0,169.0,173.0,165.0
2021-02-24,0.0,0.59,171.0,,34846,0,170.0,173.0,168.0
2021-02-23,0.0,0.0,170.0,,35349,0,169.0,170.0,163.0
2021-02-22,0.0,0.59,170.0,,44346,0,171.0,172.0,167.0
2021-02-21,0.0,-0.02,169.0,,77707,0,174.0,175.0,166.0
2021-02-18,0.0,0.04,172.0,,81998,0,167.0,178.0,163.0
2021-02-17,0.0,0.02,165.0,,21098,0,165.0,168.0,161.0
2021-02-16,0.0,-0.02,162.0,,57480,0,164.0,169.0,161.0
2021-02-15,0.0,0.04,166.0,,105134,0,162.0,167.0,157.0
2021-02-14,0.0,-0.03,160.0,,37512,0,163.0,163.0,159.0
2021-02-11,0.0,0.0,165.0,,37043,0,167.0,167.0,162.0
2021-02-10,0.0,0.01,165.0,,28041,0,167.0,167.0,163.0
2021-02-09,0.0,0.01,161.0,,21059,0,158.0,162.0,158.0
2021-02-08,0.0,0.0,160.0,,23944,0,162.0,163.0,157.0
2021-02-07,0.0,0.0,160.0,,21852,0,162.0,162.0,156.0
2021-02-04,0.0,-0.01,160.0,,21999,0,160.0,166.0,160.0
2021-02-03,0.0,-0.04,162.0,,24666,0,171.0,171.0,161.0
2021-02-02,0.0,0.02,168.0,,47314,0,168.0,176.0,163.0
2021-02-01,0.0,0.1,165.0,,84677,0,143.0,165.0,143.0
2021-01-31,0.0,-0.06,150.0,,40884,0,162.0,164.0,150.0
2021-01-28,0.0,-0.05,159.0,,64587,0,175.0,175.0,157.0
2021-01-27,0.0,0.0,167.0,,43003,0,168.0,173.0,163.0
2021-01-26,0.0,-0.05,167.0,,50230,0,175.0,175.0,167.0
2021-01-25,0.0,-0.05,175.0,,69202,0,188.0,188.0,170.0
2021-01-24,0.0,0.02,185.0,,158709,0,190.0,190.0,163.0
2021-01-21,0.0,0.01,181.0,,135818,0,180.0,198.0,170.0
2021-01-20,0.0,0.09,180.0,,204933,0,170.0,181.0,167.0
2021-01-19,0.0,0.1,165.0,,130955,0,157.0,165.0,150.0
2021-01-18,0.0,0.09,150.0,,117929,0,139.0,150.0,139.0
2021-01-17,0.0,0.04,137.0,,46886,0,134.0,140.0,134.0
2021-01-13,0.0,0.0,132.0,,51067,0,134.0,139.0,132.0
2021-01-12,0.0,-0.01,132.0,,29805,0,139.0,139.0,128.0
2021-01-11,0.0,0.0,133.0,,15773,0,135.0,137.0,130.0
2021-01-10,0.0,0.02,133.0,,19290,0,136.0,136.0,127.0
2021-01-07,0.0,-0.02,130.0,,18381,0,130.0,131.0,128.0
2021-01-06,0.0,0.02,132.0,,42200,0,135.0,135.0,127.0
2021-01-05,0.0,0.02,129.0,,23532,0,127.0,131.0,126.0
2021-01-04,0.0,-0.01,127.0,,16031,0,122.0,134.0,122.0
2021-01-03,0.0,0.02,128.0,,25075,0,119.0,135.0,119.0
2020-12-31,0.0,0.0,125.0,,30238,0,131.0,131.0,122.0
2020-12-30,0.0,0.0,125.0,,8924,0,123.0,126.0,121.0
2020-12-29,0.0,-0.02,125.0,,6750,0,121.0,127.0,121.0
2020-12-28,0.0,0.02,127.0,,7625,0,122.0,127.0,122.0
2020-12-27,0.0,-0.01,124.0,,4045,0,123.0,124.0,122.0
2020-12-24,0.0,-0.01,125.0,,11715,0,124.0,130.0,122.0
2020-12-23,0.0,-0.03,126.0,,5792,0,128.0,130.0,124.0
2020-12-22,0.0,0.07,130.0,,30339,0,120.0,131.0,119.0
2020-12-21,0.0,0.0,122.0,,14448,0,120.0,124.0,116.0
2020-12-20,0.0,-0.03,122.0,,27494,0,124.0,124.0,117.0
2020-12-17,0.0,-0.02,126.0,,10850,0,131.0,133.0,125.0
2020-12-16,0.0,-0.01,129.0,,10780,0,128.0,130.0,127.0
2020-12-15,0.0,-0.02,130.0,,4808,0,134.0,134.0,127.0
2020-12-14,0.0,0.0,132.0,,5140,0,134.0,137.0,129.0
2020-12-13,0.0,0.02,132.0,,14051,0,129.0,132.0,127.0
2020-12-10,0.0,0.02,130.0,,11965,0,130.0,134.0,127.0
2020-12-09,0.0,-0.04,128.0,,13100,0,132.0,134.0,128.0
2020-12-08,0.0,0.0,133.0,,7945,0,135.0,137.0,130.0
2020-12-07,0.0,0.02,133.0,,20907,0,130.0,133.0,129.0
2020-12-06,0.0,-0.02,131.0,,12650,0,136.0,136.0,131.0
2020-12-03,0.0,-0.02,134.0,,24160,0,139.0,139.0,134.0
2020-12-02,0.0,0.01,137.0,,18155,0,138.0,140.0,136.0
2020-12-01,0.0,-0.03,136.0,,23006,0,147.0,147.0,136.0
2020-11-30,0.0,-0.01,140.0,,19420,0,142.0,146.0,139.0
2020-11-29,0.0,0.02,142.0,,70725,0,139.0,142.0,135.0
2020-11-26,0.0,-0.01,139.0,,31580,0,142.0,144.0,138.0
2020-11-25,0.0,0.0,140.0,,34923,0,142.0,144.0,140.0
2020-11-24,0.0,0.01,140.0,,46770,0,141.0,146.0,139.0
2020-11-23,0.0,-0.01,139.0,,32336,0,140.0,141.0,135.0
2020-11-22,0.0,0.01,140.0,,41312,0,139.0,143.0,139.0
2020-11-19,0.0,0.0,139.0,,19149,0,141.0,143.0,138.0
2020-11-18,0.0,0.0,139.0,,27835,0,142.0,142.0,138.0
2020-11-12,0.0,0.0,140.0,,18631,0,144.0,144.0,140.0
2020-11-11,0.0,0.7,143.0,,16611,0,144.0,146.0,140.0
2020-11-10,0.0,-2.07,142.0,,68197,0,146.0,147.0,137.0
2020-11-09,0.0,2.84,145.0,,213036,0,140.0,150.0,133.0
2020-11-08,0.0,-0.7,141.0,,24740,0,142.0,143.0,137.0
2020-11-05,0.0,3.65,142.0,,50791,0,137.0,142.0,134.0
2020-11-04,0.0,-1.44,137.0,,46778,0,141.0,141.0,135.0
2020-11-03,0.0,-0.71,139.0,,32633,0,138.0,146.0,136.0
2020-11-02,0.0,0.72,140.0,,25287,0,138.0,143.0,134.0
2020-11-01,0.0,-1.42,139.0,,51415,0,143.0,143.0,133.0
2020-10-29,0.0,0.0,141.0,,75657,0,142.0,148.0,139.0
2020-10-28,0.0,2.92,141.0,,21667,0,139.0,141.0,135.0
2020-10-22,0.0,3.01,137.0,,10655,0,134.0,141.0,134.0
2020-10-21,0.0,-1.48,133.0,,3855,0,135.0,135.0,133.0
2020-10-20,0.0,0.75,135.0,,3716,0,136.0,137.0,132.0
2020-10-19,0.0,0.75,134.0,,13074,0,131.0,135.0,130.0
2020-10-18,0.0,3.91,133.0,,5390,0,130.0,136.0,128.0
2020-10-15,0.0,-1.54,128.0,,19708,0,132.0,138.0,128.0
2020-10-14,0.0,-2.99,130.0,,22120,0,136.0,137.0,130.0
2020-10-13,0.0,-5.63,134.0,,32757,0,140.0,140.0,133.0
2020-10-12,0.0,0.0,142.0,,34204,0,144.0,144.0,139.0
2020-10-11,0.0,-2.74,142.0,,44636,0,143.0,151.0,141.0
2020-10-08,0.0,6.57,146.0,,112409,0,131.0,149.0,131.0
2020-10-07,0.0,4.58,137.0,,23680,0,133.0,140.0,132.0
2020-10-06,0.0,1.55,131.0,,53920,0,131.0,138.0,130.0
2020-10-05,0.0,-7.19,129.0,,81106,0,145.0,147.0,128.0
2020-10-04,0.0,9.45,139.0,,185449,0,127.0,139.0,126.0
2020-10-01,0.0,4.96,127.0,,38046,0,123.0,127.0,119.0
2020-09-30,0.0,0.83,121.0,,12733,0,119.0,124.0,116.0
2020-09-29,0.0,-0.83,120.0,,16131,0,123.0,124.0,118.0
2020-09-28,0.0,4.31,121.0,,23681,0,118.0,123.0,118.0
2020-09-27,0.0,1.75,116.0,,14647,0,116.0,123.0,115.0
2020-09-24,0.0,1.79,114.0,,23692,0,112.0,114.0,108.0
2020-09-23,0.0,3.7,112.0,,10463,0,110.0,117.0,110.0
2020-09-22,0.0,-4.42,108.0,,10995,0,115.0,117.0,108.0
2020-09-21,0.0,-6.61,113.0,,3680,0,123.0,125.0,112.0
2020-09-20,0.0,4.31,121.0,,10421,0,118.0,124.0,117.0
2020-09-17,0.0,8.41,116.0,,21901,0,108.0,117.0,107.0
2020-09-16,0.0,0.0,107.0,,500,0,109.0,109.0,105.0
2020-09-15,0.0,0.0,107.0,,24676,0,109.0,109.0,106.0
2020-09-14,0.0,3.88,107.0,,24931,0,103.0,108.0,101.0
2020-09-13,0.0,-2.83,103.0,,1578,0,105.0,105.0,103.0
2020-09-10,0.0,0.95,106.0,,3632,0,106.0,107.0,105.0
2020-09-09,0.0,0.0,105.0,,180,0,104.0,107.0,104.0
2020-09-08,0.0,0.0,105.0,,900,0,103.0,105.0,103.0
2020-09-07,0.0,0.0,105.0,,882,0,104.0,105.0,104.0
2020-09-06,0.0,-1.87,105.0,,88,0,105.0,105.0,105.0
2020-09-03,0.0,0.0,107.0,,30,0,107.0,107.0,107.0
2020-09-02,0.0,-0.93,107.0,,265,0,107.0,107.0,107.0
2020-08-31,0.0,2.86,108.0,,4798,0,107.0,111.0,107.0
2020-08-30,0.0,0.0,105.0,,210,0,105.0,105.0,105.0
2020-08-27,0.0,-0.94,105.0,,1447,0,104.0,105.0,104.0
2020-08-26,0.0,-0.93,106.0,,923,0,106.0,106.0,106.0
2020-08-25,0.0,0.94,107.0,,5067,0,106.0,107.0,105.0
2020-08-24,0.0,-1.85,106.0,,680,0,110.0,112.0,106.0
2020-08-23,0.0,0.0,108.0,,6291,0,109.0,110.0,105.0
2020-08-20,0.0,0.93,108.0,,350,0,108.0,108.0,108.0
2020-08-19,0.0,0.0,107.0,,662,0,109.0,109.0,105.0
2020-08-18,0.0,1.9,107.0,,1300,0,107.0,107.0,107.0
2020-08-17,0.0,0.0,105.0,,78213,0,106.0,108.0,105.0
2020-08-16,0.0,-0.94,105.0,,500,0,105.0,105.0,105.0
2020-08-13,0.0,0.0,106.0,,8041,0,105.0,112.0,105.0
2020-08-12,0.0,0.95,106.0,,8453,0,105.0,108.0,105.0
2020-08-11,0.0,-2.78,105.0,,41390,0,106.0,106.0,103.0
2020-08-10,0.0,5.88,108.0,,1770,0,104.0,109.0,102.0
2020-08-09,0.0,0.0,102.0,,20,0,102.0,102.0,102.0
2020-08-06,0.0,0.0,102.0,,450,0,100.0,103.0,100.0
2020-08-03,0.0,0.0,102.0,,6200,0,100.0,102.0,100.0
2020-08-02,0.0,-1.92,102.0,,57833,0,102.0,103.0,100.0
2020-07-30,0.0,-3.7,104.0,,527,0,106.0,107.0,104.0
2020-07-29,0.0,-0.92,108.0,,20,0,108.0,108.0,108.0
2020-07-26,0.0,3.81,109.0,,70,0,107.0,109.0,107.0
2020-07-23,0.0,0.0,105.0,,60,0,107.0,107.0,105.0
2020-07-22,0.0,-1.87,105.0,,500,0,105.0,105.0,105.0
2020-07-21,0.0,0.94,107.0,,773,0,107.0,108.0,107.0
2020-07-20,0.0,3.92,106.0,,3360,0,104.0,108.0,104.0
2020-07-16,0.0,0.99,102.0,,1000,0,102.0,102.0,102.0
2020-07-15,0.0,-4.72,101.0,,27034,0,104.0,104.0,101.0
2020-07-14,0.0,6.0,106.0,,570,0,102.0,106.0,102.0
2020-07-13,0.0,0.0,100.0,,1362,0,100.0,100.0,100.0
2020-07-09,0.0,-1.96,100.0,,570,0,100.0,100.0,100.0
2020-07-08,0.0,-0.97,102.0,,780,0,102.0,102.0,102.0
2020-07-07,0.0,-0.96,103.0,,300,0,103.0,103.0,103.0
2020-06-29,0.0,1.96,104.0,,35,0,104.0,104.0,104.0
2020-03-22,0.0,-0.97,102.0,,10,0,102.0,102.0,102.0
2020-03-19,0.0,-0.96,103.0,,5596,0,104.0,105.0,103.0
2020-03-18,0.0,0.0,104.0,,3711,0,104.0,104.0,100.0
2020-03-17,0.0,-2.8,104.0,,5915,0,105.0,105.0,103.0
2020-03-16,0.0,1.9,107.0,,4760,0,107.0,107.0,104.0
2020-03-15,0.0,-1.87,105.0,,1900,0,105.0,107.0,105.0
2020-03-12,0.0,-1.83,107.0,,13718,0,109.0,111.0,105.0
2020-03-11,0.0,0.93,109.0,,3550,0,108.0,111.0,106.0
2020-03-05,0.0,-0.92,108.0,,1790,0,107.0,109.0,107.0
2020-03-04,0.0,-2.68,109.0,,15884,0,110.0,112.0,109.0
2020-03-03,0.0,-0.88,112.0,,6375,0,113.0,115.0,109.0
2020-03-02,0.0,-1.74,113.0,,5840,0,116.0,116.0,113.0
2020-03-01,0.0,0.0,115.0,,382681,0,115.0,119.0,110.0
2020-02-27,0.0,0.0,115.0,,5310,0,113.0,115.0,109.0
2020-02-26,0.0,5.5,115.0,,16433,0,111.0,115.0,110.0
2020-02-25,0.0,-2.68,109.0,,8210,0,114.0,114.0,109.0
2020-02-24,0.0,0.0,112.0,,6217,0,112.0,116.0,110.0
2020-02-23,0.0,1.82,112.0,,5654,0,110.0,114.0,110.0
2020-02-20,0.0,1.85,110.0,,1100,0,108.0,110.0,108.0
2020-02-19,0.0,-3.57,108.0,,800,0,110.0,110.0,108.0
2020-02-18,0.0,1.82,112.0,,5640,0,112.0,112.0,110.0
2020-02-17,0.0,1.85,110.0,,344,0,110.0,110.0,108.0
2020-02-16,0.0,-1.82,108.0,,1485,0,110.0,110.0,108.0
2020-02-13,0.0,-0.9,110.0,,9153,0,110.0,110.0,109.0
2020-02-12,0.0,-2.63,111.0,,70294,0,116.0,116.0,109.0
2020-02-11,0.0,3.64,114.0,,10787,0,112.0,115.0,110.0
2020-02-10,0.0,0.0,110.0,,11781,0,109.0,111.0,108.0
2020-02-09,0.0,-1.79,110.0,,1000,0,110.0,110.0,110.0
2020-02-06,0.0,4.67,112.0,,9110,0,109.0,115.0,109.0
2020-02-05,0.0,-1.83,107.0,,100,0,107.0,107.0,107.0
2020-02-04,0.0,1.87,109.0,,9641,0,108.0,114.0,108.0
2020-02-03,0.0,-0.93,107.0,,10563,0,107.0,112.0,107.0
2020-02-02,0.0,0.93,108.0,,3971,0,107.0,108.0,106.0
2020-01-30,0.0,3.88,107.0,,3710,0,105.0,109.0,105.0
2020-01-29,0.0,-5.5,103.0,,9693,0,107.0,109.0,103.0
2020-01-28,0.0,0.0,109.0,,10129,0,109.0,113.0,106.0
2020-01-27,0.0,-0.91,109.0,,4750,0,108.0,111.0,108.0
2020-01-26,0.0,1.85,110.0,,1280,0,106.0,110.0,106.0
2020-01-23,0.0,-1.82,108.0,,1400,0,112.0,112.0,106.0
2020-01-22,0.0,-1.79,110.0,,1210,0,110.0,110.0,108.0
2020-01-21,0.0,1.82,112.0,,7870,0,112.0,114.0,108.0
2020-01-20,0.0,-3.51,110.0,,12495,0,114.0,115.0,108.0
2020-01-19,0.0,1.75,116.0,,10701,0,116.0,121.0,112.0
2020-01-16,0.0,5.56,114.0,,34276,0,110.0,116.0,106.0
2020-01-15,0.0,3.85,108.0,,55178,0,106.0,109.0,100.0
2020-01-14,0.0,0.97,104.0,,15460,0,105.0,105.0,99.0
2020-01-13,0.0,0.98,103.0,,17201,0,103.0,106.0,100.0
2020-01-12,0.0,0.0,102.0,,720,0,104.0,106.0,101.0
2020-01-09,0.0,4.08,102.0,,640,0,99.0,102.0,98.0
2020-01-08,0.0,3.16,98.0,,1874,0,94.0,98.0,94.0
2020-01-07,0.0,-1.04,95.0,,10,0,95.0,95.0,95.0
2020-01-06,0.0,-1.03,96.0,,40,0,98.0,99.0,96.0
2020-01-02,0.0,3.19,97.0,,30,0,95.0,97.0,95.0
2020-01-01,0.0,-1.05,94.0,,600,0,95.0,95.0,94.0
2019-12-31,0.0,-4.04,95.0,,1617,0,98.0,98.0,95.0
2019-12-30,0.0,1.02,99.0,,4618,0,99.0,100.0,98.0
2019-12-29,0.0,-6.67,98.0,,85333,0,103.0,103.0,98.0
2019-12-25,0.0,1.94,105.0,,10,0,105.0,105.0,105.0
2019-12-24,0.0,3.0,103.0,,540,0,102.0,105.0,102.0
2019-12-23,0.0,2.04,100.0,,330,0,99.0,102.0,99.0
2019-12-22,0.0,1.03,98.0,,54406,0,97.0,99.0,97.0
2019-12-19,0.0,2.11,97.0,,20,0,96.0,97.0,96.0
2019-12-17,0.0,1.06,95.0,,270,0,93.0,95.0,93.0
2019-12-16,0.0,-1.05,94.0,,2576,0,94.0,94.0,94.0
2019-12-15,0.0,2.13,96.0,,210,0,95.0,96.0,95.0
2019-12-11,0.0,-1.05,94.0,,300,0,94.0,94.0,94.0
2019-12-10,0.0,-1.04,95.0,,200,0,95.0,95.0,95.0
2019-12-09,0.0,-1.03,96.0,,2601,0,96.0,96.0,95.0
2019-12-08,0.0,1.04,97.0,,10,0,97.0,97.0,97.0
2019-12-05,0.0,0.0,96.0,,1000,0,97.0,97.0,96.0
2019-12-03,0.0,-2.04,96.0,,620,0,98.0,98.0,96.0
2019-12-02,0.0,1.03,98.0,,80,0,98.0,100.0,98.0
2019-12-01,0.0,1.04,97.0,,45,0,97.0,97.0,97.0
2019-11-28,0.0,1.05,96.0,,540,0,96.0,97.0,96.0
2019-11-27,0.0,-1.04,95.0,,50,0,95.0,95.0,95.0
2019-11-26,0.0,1.05,96.0,,40214,0,96.0,96.0,96.0
2019-11-24,0.0,-1.04,95.0,,50,0,95.0,95.0,95.0
2019-11-20,0.0,1.05,96.0,,20,0,96.0,96.0,96.0
2019-11-19,0.0,1.06,95.0,,25,0,95.0,95.0,95.0
2019-11-17,0.0,-2.08,94.0,,1290,0,95.0,95.0,94.0
2019-11-12,0.0,-1.03,96.0,,50,0,96.0,96.0,96.0
2019-11-11,0.0,1.04,97.0,,420,0,96.0,97.0,96.0
2019-11-07,0.0,-1.03,96.0,,225,0,96.0,96.0,96.0
2019-11-06,0.0,-1.02,97.0,,20,0,97.0,97.0,97.0
2019-10-31,0.0,1.03,98.0,,40,0,98.0,98.0,98.0
2019-10-24,0.0,1.04,97.0,,796,0,95.0,97.0,95.0
2019-10-23,0.0,0.0,96.0,,1090,0,95.0,96.0,95.0
2019-10-22,0.0,-1.03,96.0,,250,0,96.0,96.0,96.0
2019-10-21,0.0,2.11,97.0,,4870,0,96.0,97.0,95.0
2019-10-20,0.0,-1.04,95.0,,500,0,95.0,95.0,95.0
2019-10-17,0.0,0.0,96.0,,10,0,96.0,96.0,96.0
2019-10-16,0.0,-2.04,96.0,,2100,0,98.0,98.0,96.0
2019-10-15,0.0,0.0,98.0,,100,0,98.0,98.0,98.0
2019-10-03,0.0,0.0,98.0,,449,0,98.0,98.0,98.0
2019-10-01,0.0,0.0,98.0,,240,0,99.0,99.0,98.0
2019-09-29,0.0,1.03,98.0,,1000,0,98.0,98.0,98.0
2019-09-26,0.0,-1.02,97.0,,2671,0,98.0,98.0,97.0
2019-09-24,0.0,0.0,104.0,,10,0,104.0,104.0,104.0
2019-09-19,0.0,0.0,104.0,,300,0,104.0,104.0,104.0
2019-09-18,0.0,1.96,104.0,,10,0,104.0,104.0,104.0
2019-09-17,0.0,3.03,102.0,,115,0,100.0,102.0,100.0
2019-09-12,0.0,1.02,99.0,,1150,0,97.0,99.0,97.0
2019-09-10,0.0,-1.01,98.0,,577,0,98.0,98.0,98.0
2019-09-09,0.0,-1.0,99.0,,740,0,98.0,99.0,98.0
2019-09-08,0.0,-1.96,100.0,,822,0,103.0,103.0,100.0
2019-08-29,0.0,-0.95,104.0,,180,0,110.0,110.0,104.0
2019-08-28,0.0,0.0,105.0,,490,0,103.0,105.0,101.0
2019-08-27,0.0,8.25,105.0,,1099,0,98.0,106.0,98.0
2019-08-26,0.0,0.0,97.0,,288,0,97.0,97.0,97.0
2019-08-25,0.0,-1.02,97.0,,1218,0,97.0,97.0,97.0
2019-08-22,0.0,-2.0,98.0,,1300,0,99.0,99.0,98.0
2019-08-20,0.0,-1.96,100.0,,278,0,102.0,102.0,100.0
2019-08-19,0.0,-1.92,102.0,,450,0,104.0,104.0,102.0
2019-08-15,0.0,0.97,104.0,,2950,0,102.0,104.0,102.0
2019-08-14,0.0,1.98,103.0,,900,0,102.0,103.0,102.0
2019-08-13,0.0,-1.94,101.0,,1935,0,102.0,102.0,101.0
2019-08-12,0.0,0.98,103.0,,920,0,104.0,104.0,102.0
2019-08-11,0.0,-1.92,102.0,,100,0,102.0,102.0,100.0
2019-08-06,0.0,0.0,104.0,,4043,0,102.0,104.0,101.0
2019-08-05,0.0,-3.7,104.0,,8385,0,106.0,106.0,102.0
2019-08-04,0.0,-1.82,108.0,,150,0,110.0,110.0,108.0
2019-07-31,0.0,0.0,110.0,,60,0,112.0,112.0,110.0
2019-07-30,0.0,3.77,110.0,,2755,0,104.0,110.0,104.0
2019-07-28,0.0,-1.85,106.0,,200,0,106.0,106.0,106.0
2019-07-25,0.0,-1.82,108.0,,2381,0,110.0,110.0,108.0
2019-07-24,0.0,-3.51,110.0,,200,0,112.0,112.0,110.0
2019-07-22,0.0,1.79,114.0,,10,0,114.0,114.0,114.0
2019-07-18,0.0,0.0,112.0,,3936,0,113.0,114.0,112.0
2019-07-17,0.0,0.9,112.0,,1510,0,111.0,112.0,111.0
2019-07-15,0.0,1.83,111.0,,4008,0,109.0,111.0,109.0
2019-07-14,0.0,1.87,109.0,,50,0,109.0,109.0,109.0
2019-07-11,0.0,1.9,107.0,,1062,0,107.0,107.0,107.0
2019-07-10,0.0,-2.78,105.0,,6433,0,107.0,107.0,105.0
2019-07-08,0.0,0.0,108.0,,470,0,108.0,108.0,108.0
2019-07-07,0.0,-1.82,108.0,,1141,0,110.0,110.0,108.0
2019-07-04,0.0,0.92,110.0,,2050,0,111.0,111.0,110.0
2019-07-03,0.0,0.93,109.0,,1143,0,109.0,109.0,109.0
2019-07-02,0.0,-1.82,108.0,,305,0,108.0,108.0,108.0
2019-07-01,0.0,0.92,110.0,,2051,0,110.0,110.0,107.0
2019-06-30,0.0,-0.91,109.0,,3269,0,110.0,110.0,109.0
2019-06-27,0.0,0.92,110.0,,1500,0,111.0,112.0,110.0
2019-06-25,0.0,2.83,109.0,,1521,0,107.0,110.0,107.0
2019-06-24,0.0,0.0,106.0,,560,0,106.0,106.0,105.0
2019-06-23,0.0,0.0,106.0,,2935,0,105.0,108.0,105.0
2019-06-20,0.0,-0.93,106.0,,711,0,109.0,109.0,106.0
2019-06-18,0.0,-1.83,107.0,,241,0,107.0,107.0,107.0
2019-06-17,0.0,1.87,109.0,,510,0,109.0,109.0,109.0
2019-06-16,0.0,-4.46,107.0,,4190,0,114.0,114.0,106.0
2019-06-13,0.0,-1.75,112.0,,20,0,112.0,112.0,112.0
2019-06-12,0.0,0.0,114.0,,100,0,114.0,114.0,114.0
2019-06-11,0.0,1.79,114.0,,187,0,112.0,114.0,111.0
2019-06-10,0.0,0.0,112.0,,1610,0,111.0,112.0,109.0
2019-06-06,0.0,6.67,112.0,,3363,0,107.0,114.0,107.0
2019-06-04,0.0,2.94,105.0,,510,0,103.0,105.0,103.0
2019-06-03,0.0,-1.92,102.0,,2132,0,105.0,107.0,102.0
2019-06-02,0.0,-1.89,104.0,,1301,0,104.0,106.0,104.0
2019-05-30,0.0,0.0,106.0,,3521,0,106.0,110.0,106.0
2019-05-29,0.0,0.0,106.0,,3480,0,106.0,106.0,104.0
2019-05-28,0.0,-1.85,106.0,,400,0,108.0,108.0,106.0
2019-05-27,0.0,1.89,108.0,,270,0,107.0,108.0,107.0
2019-05-26,0.0,-2.75,106.0,,250,0,107.0,107.0,106.0
2019-05-23,0.0,0.93,109.0,,1646,0,110.0,110.0,106.0
2019-05-22,0.0,1.89,108.0,,2935,0,108.0,112.0,107.0
2019-05-21,0.0,-3.64,106.0,,7410,0,108.0,108.0,102.0
2019-05-19,0.0,7.84,110.0,,580,0,104.0,110.0,103.0
2019-05-16,0.0,-3.77,102.0,,1740,0,104.0,104.0,102.0
2019-05-15,0.0,-1.85,106.0,,200,0,106.0,106.0,106.0
2019-05-09,0.0,-9.24,108.0,,385,0,117.0,117.0,108.0
2019-05-07,0.0,-3.25,119.0,,315,0,121.0,121.0,119.0
2019-05-06,0.0,-1.6,123.0,,50,0,123.0,123.0,123.0
2019-04-17,0.0,1.63,125.0,,50,0,123.0,125.0,125.0
2019-04-02,0.0,0.0,123.0,,20,0,123.0,123.0,123.0
2019-03-18,0.0,1.65,123.0,,10,0,123.0,123.0,123.0
2019-03-14,0.0,-1.63,121.0,,100,0,121.0,121.0,121.0
2018-12-26,0.0,4.24,123.0,,210,0,118.0,123.0,118.0
2018-12-25,0.0,0.85,118.0,,25,0,117.0,118.0,117.0
2018-12-24,0.0,5.41,117.0,,270,0,111.0,117.0,111.0
2018-12-20,0.0,-2.63,111.0,,6010,0,114.0,114.0,111.0
2018-12-12,0.0,3.64,114.0,,100,0,110.0,114.0,110.0
2018-12-11,0.0,5.77,110.0,,380,0,104.0,110.0,102.0
2018-12-06,0.0,-1.89,104.0,,10,0,106.0,106.0,104.0
2018-11-29,0.0,-1.85,106.0,,50,0,108.0,108.0,106.0
2018-11-28,0.0,-0.92,108.0,,850,0,109.0,113.0,108.0
2018-11-27,0.0,3.81,109.0,,150,0,105.0,109.0,105.0
2018-11-26,0.0,3.96,105.0,,170,0,101.0,105.0,101.0
2018-11-25,0.0,-0.98,101.0,,995,0,102.0,102.0,100.0
2018-11-20,0.0,2.0,102.0,,60,0,100.0,102.0,100.0
2018-11-19,0.0,1.01,100.0,,10,0,99.0,100.0,99.0
2018-11-18,0.0,-1.0,99.0,,2070,0,100.0,100.0,98.0
2018-11-15,0.0,-0.99,100.0,,400,0,101.0,101.0,100.0
2018-11-04,0.0,0.0,101.0,,1590,0,101.0,101.0,101.0
2018-11-01,0.0,-1.94,101.0,,100,0,101.0,101.0,101.0
2018-10-31,0.0,0.98,103.0,,1420,0,104.0,104.0,103.0
2018-10-29,0.0,0.0,102.0,,240,0,100.0,102.0,100.0
2018-10-11,0.0,0.0,102.0,,3960,0,102.0,102.0,102.0
2018-10-10,0.0,0.0,102.0,,222,0,100.0,102.0,98.0
2018-10-09,0.0,-3.77,102.0,,180,0,104.0,104.0,102.0
2018-10-07,0.0,1.92,106.0,,200,0,106.0,106.0,106.0
2018-10-04,0.0,4.0,104.0,,100,0,102.0,104.0,102.0
2018-10-03,0.0,0.0,100.0,,170,0,100.0,100.0,100.0
2018-10-01,0.0,-1.96,100.0,,40,0,100.0,100.0,100.0
2018-09-26,0.0,-1.92,102.0,,150,0,102.0,102.0,102.0
2018-09-25,0.0,2.97,104.0,,3500,0,102.0,104.0,101.0
2018-09-23,0.0,-1.94,101.0,,160,0,103.0,103.0,101.0
2018-09-20,0.0,1.98,102.0,,360,0,103.0,103.0,102.0
2018-09-18,0.0,0.0,101.0,,20,0,101.0,101.0,101.0
2018-09-17,0.0,-1.94,101.0,,590,0,101.0,101.0,101.0
2018-09-16,0.0,3.0,103.0,,900,0,100.0,103.0,100.0
2018-09-13,0.0,-0.99,100.0,,410,0,100.0,100.0,100.0
2018-09-12,0.0,-0.98,101.0,,150,0,100.0,101.0,100.0
2018-09-11,0.0,-1.92,102.0,,50,0,102.0,102.0,102.0
2018-09-06,0.0,4.0,104.0,,1500,0,100.0,104.0,100.0
2018-08-29,0.0,0.0,100.0,,630,0,100.0,100.0,100.0
2018-08-23,0.0,0.0,100.0,,100,0,100.0,100.0,100.0
2018-08-21,0.0,0.0,100.0,,740,0,100.0,100.0,100.0
2018-08-20,0.0,0.0,100.0,,435,0,100.0,100.0,100.0
2018-08-19,0.0,-1.96,100.0,,520,0,100.0,100.0,100.0
2018-08-16,0.0,0.99,102.0,,860,0,103.0,104.0,102.0
2018-08-12,0.0,-1.94,101.0,,225,0,101.0,101.0,101.0
2018-08-08,0.0,-3.74,103.0,,550,0,107.0,105.0,103.0
2018-08-07,0.0,9.4,128.0,,50585,0,119.0,128.0,115.0
2018-08-06,0.0,8.33,117.0,,86029,0,108.0,118.0,108.0
2018-08-05,0.0,-5.26,108.0,,4550,0,112.0,112.0,108.0
2018-08-02,0.0,3.64,114.0,,110,0,112.0,114.0,112.0
2018-08-01,0.0,-5.17,110.0,,1750,0,116.0,116.0,110.0
2018-07-31,0.0,-1.69,116.0,,1660,0,120.0,120.0,116.0
2018-07-30,0.0,-1.67,120.0,,2089,0,122.0,122.0,118.0
2018-07-29,0.0,-4.0,120.0,,1350,0,127.0,127.0,120.0
2018-07-26,0.0,-3.85,126.0,,930,0,128.0,128.0,124.0
2018-07-25,0.0,1.56,130.0,,290,0,130.0,132.0,126.0
2018-07-24,0.0,-9.86,128.0,,4740,0,140.0,140.0,128.0
2018-07-23,0.0,0.71,143.0,,210,0,143.0,143.0,142.0
2018-07-22,0.0,1.44,141.0,,10,0,141.0,141.0,141.0
2018-07-19,0.0,0.0,139.0,,389,0,140.0,140.0,139.0
2018-07-18,0.0,0.0,139.0,,240,0,137.0,139.0,135.0
2018-07-17,0.0,0.72,139.0,,15,0,139.0,139.0,139.0
2018-07-12,0.0,-1.43,140.0,,800,0,140.0,140.0,138.0
2018-07-11,0.0,-3.45,140.0,,3590,0,143.0,143.0,139.0
2018-07-10,0.0,-2.03,145.0,,2040,0,150.0,151.0,145.0
2018-07-09,0.0,-3.9,148.0,,790,0,153.0,153.0,148.0
2018-07-08,0.0,1.99,154.0,,30,0,154.0,154.0,154.0
2018-07-05,0.0,1.34,151.0,,1990,0,151.0,151.0,150.0
2018-07-04,0.0,1.36,149.0,,900,0,149.0,149.0,149.0
2018-07-02,0.0,3.64,114.0,,110,0,112.0,114.0,112.0
2018-07-01,0.0,-5.17,110.0,,1750,0,116.0,116.0,110.0
2018-06-26,0.0,-2.0,147.0,,6250,0,150.0,150.0,147.0
2018-06-25,0.0,0.0,150.0,,30,0,150.0,150.0,150.0
2018-06-24,0.0,0.0,150.0,,555,0,150.0,156.0,150.0
2018-06-21,0.0,1.35,150.0,,14378,0,148.0,153.0,148.0
2018-06-20,0.0,-1.33,148.0,,110,0,147.0,148.0,147.0
2018-06-19,0.0,-3.85,150.0,,550,0,153.0,153.0,150.0
2018-06-18,0.0,1.96,156.0,,400,0,156.0,156.0,156.0
2018-06-14,0.0,1.32,153.0,,1140,0,148.0,153.0,146.0
2018-06-13,0.0,1.34,151.0,,480,0,148.0,151.0,148.0
2018-06-12,0.0,-0.67,149.0,,178,0,147.0,149.0,147.0
2018-06-11,0.0,-1.32,150.0,,200,0,150.0,150.0,150.0
2018-06-10,0.0,-7.32,152.0,,380,0,161.0,161.0,152.0
2018-06-07,0.0,-3.53,164.0,,340,0,167.0,167.0,164.0
2018-06-06,0.0,-3.53,164.0,,340,0,167.0,167.0,164.0
2018-06-03,0.0,-1.76,167.0,,200,0,167.0,167.0,167.0
2018-05-31,0.0,1.8,170.0,,20,0,170.0,170.0,170.0
2018-05-30,0.0,0.0,167.0,,200,0,167.0,167.0,167.0
2018-05-29,0.0,3.73,167.0,,50,0,164.0,167.0,164.0
2018-05-28,0.0,-1.83,161.0,,100,0,164.0,161.0,161.0
2018-05-27,0.0,-5.75,164.0,,721,0,177.0,177.0,164.0
2018-05-24,0.0,3.57,174.0,,50,0,168.0,174.0,171.0
2018-05-23,0.0,-1.75,168.0,,10,0,168.0,168.0,168.0
2018-05-22,0.0,5.56,171.0,,630,0,165.0,171.0,165.0
2018-05-21,0.0,-4.71,162.0,,320,0,167.0,167.0,161.0
2018-05-17,0.0,2.41,170.0,,70,0,169.0,170.0,169.0
2018-05-14,0.0,-3.49,166.0,,400,0,172.0,172.0,166.0
2018-05-09,0.0,0.0,172.0,,70,0,172.0,175.0,172.0
2018-05-08,0.0,1.78,172.0,,20,0,172.0,172.0,172.0
2018-05-03,0.0,0.0,169.0,,240,0,172.0,175.0,169.0
2018-04-29,0.0,-1.17,169.0,,521,0,169.0,169.0,163.0
2018-04-25,0.0,0.0,171.0,,630,0,174.0,177.0,168.0
2018-04-24,0.0,-5.0,171.0,,29216,0,177.0,183.0,168.0
2018-04-23,0.0,-1.1,180.0,,2660,0,185.0,191.0,180.0
2018-04-22,0.0,9.64,182.0,,1260,0,166.0,182.0,169.0
2018-04-19,0.0,9.93,166.0,,2210,0,154.0,166.0,154.0
2018-04-18,0.0,1.34,151.0,,100,0,151.0,151.0,151.0
2018-04-12,0.0,-1.97,150.0,,300,0,150.0,150.0,149.0
2018-04-11,0.0,-0.65,152.0,,80,0,152.0,152.0,152.0
2018-04-10,0.0,-5.56,153.0,,430,0,159.0,162.0,153.0
2018-04-09,0.0,0.0,162.0,,1200,0,159.0,162.0,159.0
2018-04-08,0.0,-1.82,162.0,,500,0,162.0,164.0,162.0
2018-04-05,0.0,7.84,165.0,,330,0,156.0,165.0,156.0
2018-04-04,0.0,0.0,153.0,,1050,0,156.0,156.0,153.0
2018-04-03,0.0,-1.92,153.0,,550,0,153.0,153.0,153.0
2018-04-02,0.0,1.96,156.0,,20,0,156.0,156.0,156.0
2018-03-27,0.0,-1.92,153.0,,593,0,153.0,153.0,153.0
2018-03-26,0.0,9.86,156.0,,60,0,144.0,156.0,144.0
2018-03-22,0.0,-5.33,142.0,,2200,0,147.0,149.0,142.0
2018-03-21,0.0,-9.09,150.0,,3300,0,162.0,162.0,150.0
2018-03-20,0.0,-1.79,165.0,,40,0,165.0,165.0,165.0
2018-03-19,0.0,-1.18,168.0,,102,0,168.0,168.0,168.0
2018-03-15,0.0,-1.16,170.0,,650,0,170.0,170.0,169.0
2018-03-14,0.0,1.78,172.0,,30,0,172.0,172.0,172.0
2018-03-13,0.0,-1.74,169.0,,100,0,169.0,169.0,169.0
2018-03-12,0.0,0.0,172.0,,1230,0,172.0,175.0,172.0
2018-03-11,0.0,-1.71,172.0,,1510,0,175.0,175.0,172.0
2018-03-07,0.0,-1.69,175.0,,1250,0,175.0,175.0,175.0
2018-03-06,0.0,0.56,178.0,,1020,0,174.0,178.0,171.0
2018-03-05,0.0,-2.21,177.0,,9272,0,180.0,180.0,171.0
2018-03-04,0.0,-6.22,181.0,,1650,0,190.0,190.0,181.0
2018-02-28,0.0,-4.46,193.0,,800,0,199.0,199.0,193.0
2018-02-27,0.0,1.51,202.0,,50,0,202.0,202.0,202.0
2018-02-26,0.0,-1.49,199.0,,21227,0,199.0,199.0,199.0
2018-02-22,0.0,-1.94,202.0,,20,0,202.0,202.0,202.0
2018-02-20,0.0,5.1,206.0,,130,0,199.0,206.0,199.0
2018-02-18,0.0,-7.55,196.0,,1270,0,212.0,208.0,196.0
2018-02-15,0.0,6.53,212.0,,670,0,202.0,216.0,202.0
2018-02-14,0.0,-1.97,199.0,,1822,0,205.0,205.0,196.0
2018-02-12,0.0,-2.87,203.0,,712,0,205.0,205.0,197.0
2018-02-11,0.0,-5.0,209.0,,510,0,216.0,216.0,206.0
2018-02-08,0.0,1.85,220.0,,10,0,220.0,220.0,220.0
2018-02-06,0.0,-1.82,216.0,,50,0,216.0,216.0,216.0
2018-02-05,0.0,-1.79,220.0,,500,0,220.0,220.0,220.0
2018-02-04,0.0,1.82,224.0,,70,0,224.0,228.0,220.0
2018-02-01,0.0,9.45,220.0,,140,0,205.0,220.0,205.0
2018-01-29,0.0,-1.47,201.0,,310,0,201.0,201.0,201.0
2018-01-28,0.0,-1.92,204.0,,200,0,204.0,204.0,204.0
2018-01-24,0.0,1.96,208.0,,100,0,208.0,208.0,208.0
2018-01-23,0.0,-1.45,204.0,,440,0,207.0,207.0,204.0
2018-01-22,0.0,-1.9,207.0,,650,0,208.0,208.0,207.0
2018-01-21,0.0,1.93,211.0,,158,0,211.0,211.0,211.0
2018-01-17,0.0,0.0,207.0,,280,0,207.0,207.0,207.0
2018-01-16,0.0,-1.43,207.0,,200,0,210.0,210.0,207.0
2018-01-14,0.0,-1.41,210.0,,1954,0,213.0,213.0,209.0
2018-01-10,0.0,-1.39,213.0,,15,0,213.0,213.0,213.0
2018-01-09,0.0,0.0,216.0,,1570,0,216.0,216.0,212.0
2018-01-08,0.0,0.93,216.0,,320,0,216.0,220.0,216.0
2018-01-03,0.0,-2.73,216.0,,620,0,216.0,216.0,214.0
2018-01-02,0.0,1.85,220.0,,660,0,216.0,220.0,214.0
2018-01-01,0.0,2.37,216.0,,880,0,215.0,219.0,215.0
2017-12-31,0.0,-3.21,211.0,,120,0,214.0,214.0,211.0
2017-12-28,0.0,2.35,218.0,,1040,0,210.0,221.0,209.0
2017-12-27,0.0,-4.05,214.0,,942,0,218.0,218.0,213.0
2017-12-26,0.0,-6.72,222.0,,715,0,234.0,234.0,222.0
2017-12-24,0.0,-0.42,238.0,,60,0,243.0,251.0,238.0
2017-12-21,0.0,5.29,239.0,,30,0,231.0,239.0,231.0
2017-12-20,0.0,-3.81,227.0,,230,0,232.0,232.0,224.0
2017-12-19,0.0,1.72,236.0,,6875,0,228.0,236.0,220.0
2017-12-18,0.0,6.91,232.0,,1754,0,213.0,233.0,213.0
2017-12-17,0.0,-1.81,217.0,,630,0,217.0,217.0,217.0
2017-12-14,0.0,0.0,217.0,,550,0,213.0,218.0,213.0
2017-12-13,0.0,-3.98,217.0,,2010,0,225.0,225.0,217.0
2017-12-10,0.0,0.0,226.0,,660,0,226.0,230.0,226.0
2017-12-06,0.0,-1.31,226.0,,2532,0,232.0,240.0,226.0
2017-12-05,0.0,1.78,229.0,,50,0,229.0,229.0,229.0
2017-12-04,0.0,-0.44,225.0,,210,0,224.0,225.0,224.0
2017-11-30,0.0,-1.74,228.0,,140,0,228.0,228.0,226.0
2017-11-29,0.0,-1.71,230.0,,700,0,230.0,230.0,226.0
2017-11-28,0.0,4.46,234.0,,1942,0,220.0,234.0,220.0
2017-11-27,0.0,-5.49,227.0,,3723,0,233.0,233.0,222.0
2017-11-23,0.0,3.04,237.0,,680,0,230.0,238.0,232.0
2017-11-22,0.0,5.5,230.0,,8040,0,218.0,230.0,218.0
2017-11-21,0.0,-6.03,218.0,,770,0,230.0,230.0,218.0
2017-11-19,0.0,-1.69,232.0,,300,0,236.0,232.0,232.0
2017-11-15,0.0,1.72,236.0,,200,0,236.0,236.0,236.0
2017-11-14,0.0,5.45,232.0,,570,0,224.0,236.0,224.0
2017-11-13,0.0,-3.51,220.0,,4280,0,225.0,225.0,217.0
2017-11-12,0.0,1.79,228.0,,550,0,224.0,228.0,225.0
2017-11-09,0.0,-1.75,224.0,,200,0,224.0,224.0,224.0
2017-11-07,0.0,0.0,228.0,,80,0,228.0,228.0,228.0
2017-11-06,0.0,-0.87,228.0,,260,0,230.0,230.0,228.0
2017-11-02,0.0,-0.43,230.0,,265,0,229.0,230.0,229.0
2017-11-01,0.0,-1.7,231.0,,240,0,232.0,232.0,231.0
2017-10-31,0.0,-2.08,235.0,,734,0,236.0,236.0,230.0
2017-10-30,0.0,0.0,240.0,,650,0,240.0,241.0,240.0
2017-10-29,0.0,-1.64,240.0,,2250,0,245.0,245.0,240.0
2017-10-25,0.0,0.41,244.0,,3848,0,245.0,245.0,237.0
2017-10-24,0.0,6.11,243.0,,12218,0,229.0,251.0,233.0
2017-10-23,0.0,-2.97,229.0,,400,0,236.0,236.0,228.0
2017-10-18,0.0,-1.67,236.0,,50,0,236.0,236.0,236.0
2017-10-17,0.0,1.69,240.0,,170,0,240.0,240.0,240.0
2017-10-16,0.0,3.51,236.0,,660,0,224.0,236.0,224.0
2017-10-15,0.0,9.62,228.0,,4112,0,204.0,228.0,204.0
2017-10-12,0.0,-1.89,208.0,,10,0,208.0,208.0,208.0
2017-10-11,0.0,-1.85,212.0,,10,0,212.0,212.0,212.0
2017-10-09,0.0,-1.82,216.0,,150,0,216.0,216.0,216.0
2017-10-08,0.0,-2.65,220.0,,230,0,222.0,222.0,218.0
2017-10-04,0.0,1.35,226.0,,270,0,227.0,227.0,222.0
2017-10-03,0.0,-1.33,223.0,,20,0,223.0,223.0,223.0
2017-09-26,0.0,-4.24,226.0,,655,0,232.0,232.0,226.0
2017-09-25,0.0,-3.28,236.0,,70,0,240.0,240.0,236.0
2017-09-24,0.0,-3.56,244.0,,120,0,248.0,248.0,244.0
2017-09-20,0.0,3.27,253.0,,1300,0,249.0,253.0,249.0
2017-09-18,0.0,3.81,245.0,,4115,0,240.0,252.0,237.0
2017-09-17,0.0,9.77,236.0,,950,0,219.0,236.0,219.0
2017-09-14,0.0,0.94,215.0,,940,0,212.0,215.0,212.0
2017-09-13,0.0,-2.29,213.0,,2040,0,214.0,215.0,211.0
2017-09-12,0.0,9.55,218.0,,1247,0,202.0,218.0,202.0
2017-09-11,0.0,-3.86,199.0,,200,0,203.0,203.0,199.0
2017-09-10,0.0,0.0,207.0,,585,0,211.0,211.0,207.0
2017-09-07,0.0,0.98,207.0,,60,0,207.0,207.0,207.0
2017-09-06,0.0,1.49,205.0,,700,0,202.0,205.0,202.0
2017-09-04,0.0,-6.48,202.0,,1740,0,218.0,218.0,202.0
2017-08-31,0.0,-0.92,216.0,,1010,0,218.0,218.0,214.0
2017-08-30,0.0,-3.11,218.0,,200,0,225.0,221.0,218.0
2017-08-28,0.0,0.0,225.0,,400,0,225.0,225.0,225.0
2017-08-27,0.0,-1.32,225.0,,10,0,228.0,225.0,225.0
2017-08-24,0.0,-1.72,228.0,,400,0,232.0,228.0,228.0
2017-08-23,0.0,-4.92,233.0,,1620,0,244.0,244.0,232.0
2017-08-22,0.0,2.95,244.0,,410,0,234.0,244.0,234.0
2017-08-21,0.0,-1.25,237.0,,1020,0,236.0,240.0,232.0
2017-08-20,0.0,-1.23,240.0,,840,0,242.0,246.0,240.0
2017-08-17,0.0,1.25,243.0,,2130,0,236.0,243.0,227.0
2017-08-15,0.0,-2.44,240.0,,5096,0,242.0,246.0,238.0
2017-08-13,0.0,-5.02,246.0,,4874,0,260.0,265.0,246.0
2017-08-10,0.0,9.75,259.0,,10752,0,240.0,259.0,239.0
2017-08-09,0.0,3.96,236.0,,1406,0,230.0,236.0,230.0
2017-08-07,0.0,0.89,227.0,,3980,0,224.0,227.0,221.0
2017-08-06,0.0,0.0,225.0,,1280,0,225.0,225.0,225.0
2017-08-03,0.0,0.9,225.0,,500,0,223.0,225.0,225.0
2017-08-02,0.0,0.45,223.0,,198,0,222.0,223.0,222.0
2017-08-01,0.0,0.91,222.0,,2056,0,220.0,222.0,220.0
2017-07-30,0.0,-1.79,220.0,,1740,0,224.0,224.0,220.0
2017-07-27,0.0,0.9,224.0,,7280,0,220.0,228.0,220.0
2017-07-26,0.0,9.9,222.0,,1950,0,206.0,222.0,206.0
2017-07-24,0.0,-2.41,203.0,,980,0,205.0,205.0,202.0
2017-07-20,0.0,-1.43,207.0,,80,0,207.0,207.0,207.0
2017-07-19,0.0,-1.87,210.0,,1920,0,212.0,216.0,210.0
2017-07-18,0.0,9.18,214.0,,738,0,199.0,214.0,199.0
2017-07-17,0.0,-0.51,196.0,,500,0,196.0,196.0,196.0
2017-07-16,0.0,-1.0,197.0,,550,0,197.0,197.0,197.0
2017-07-13,0.0,1.53,199.0,,50,0,199.0,199.0,199.0
2017-07-12,0.0,-1.01,196.0,,10,0,196.0,196.0,196.0
2017-07-11,0.0,-1.0,198.0,,100,0,198.0,198.0,198.0
2017-07-10,0.0,-5.66,200.0,,780,0,208.0,208.0,200.0
2017-07-06,0.0,-8.23,213.0,,2654,0,231.0,231.0,212.0
2017-06-27,0.0,-1.7,231.0,,40,0,231.0,231.0,231.0
2017-06-25,0.0,0.0,235.0,,50,0,235.0,235.0,235.0
2017-06-20,0.0,1.29,235.0,,400,0,235.0,235.0,235.0
2017-06-15,0.0,1.31,230.0,,900,0,233.0,232.0,230.0
2017-06-14,0.0,-1.72,229.0,,543,0,233.0,233.0,229.0
2017-06-13,0.0,3.56,233.0,,1400,0,225.0,233.0,225.0
2017-06-12,0.0,-3.02,226.0,,1250,0,232.0,232.0,225.0
2017-06-11,0.0,0.87,232.0,,570,0,228.0,232.0,228.0
2017-06-08,0.0,-6.5,230.0,,2365,0,242.0,242.0,230.0
2017-06-07,0.0,-1.99,246.0,,694,0,251.0,251.0,246.0
2017-06-06,0.0,5.02,251.0,,1430,0,243.0,251.0,240.0
2017-06-05,0.0,2.14,239.0,,2355,0,231.0,243.0,231.0
2017-06-04,0.0,-3.31,234.0,,770,0,239.0,239.0,234.0
2017-06-01,0.0,-0.82,242.0,,320,0,244.0,244.0,242.0
2017-05-31,0.0,1.67,244.0,,1760,0,240.0,244.0,240.0
2017-05-30,0.0,-0.41,240.0,,300,0,242.0,242.0,240.0
2017-05-28,0.0,-2.43,241.0,,2000,0,250.0,250.0,237.0
2017-05-24,0.0,-1.98,247.0,,1080,0,252.0,262.0,247.0
2017-05-23,0.0,-0.79,252.0,,2710,0,255.0,256.0,245.0
2017-05-22,0.0,-2.31,254.0,,1805,0,255.0,255.0,250.0
2017-05-21,0.0,2.36,260.0,,6380,0,255.0,265.0,251.0
2017-05-18,0.0,-4.87,254.0,,7890,0,267.0,269.0,250.0
2017-05-17,0.0,3.89,267.0,,20285,0,258.0,278.0,246.0
2017-05-16,0.0,9.83,257.0,,16980,0,238.0,257.0,238.0
2017-05-15,0.0,9.86,234.0,,3780,0,217.0,234.0,217.0
2017-05-11,0.0,0.0,213.0,,510,0,209.0,213.0,209.0
2017-05-09,0.0,5.97,213.0,,970,0,201.0,213.0,205.0
2017-05-08,0.0,-0.49,201.0,,3370,0,198.0,215.0,198.0
2017-05-07,0.0,-5.61,202.0,,900,0,212.0,212.0,202.0
2017-05-04,0.0,-6.55,214.0,,5580,0,233.0,233.0,213.0
2017-05-03,0.0,-1.72,229.0,,3785,0,237.0,241.0,222.0
2017-05-02,0.0,5.43,233.0,,8690,0,225.0,240.0,217.0
2017-04-30,0.0,9.95,221.0,,19160,0,205.0,221.0,205.0
2017-04-27,0.0,9.84,201.0,,9500,0,186.0,201.0,186.0
2017-04-26,0.0,3.39,183.0,,1010,0,180.0,183.0,180.0
2017-04-25,0.0,-3.8,177.0,,1160,0,184.0,184.0,177.0
2017-04-24,0.0,-3.16,184.0,,630,0,187.0,187.0,184.0
2017-04-23,0.0,1.6,190.0,,500,0,190.0,190.0,190.0
2017-04-20,0.0,0.0,187.0,,110,0,190.0,190.0,187.0
2017-04-19,0.0,1.63,187.0,,2630,0,184.0,187.0,181.0
2017-04-16,0.0,0.0,184.0,,2470,0,181.0,190.0,181.0
2017-04-13,0.0,-1.6,184.0,,1870,0,184.0,184.0,181.0
2017-04-12,0.0,10.0,187.0,,7225,0,172.0,187.0,169.0
2017-04-11,0.0,-3.41,170.0,,510,0,173.0,173.0,170.0
2017-04-10,0.0,-1.68,176.0,,3885,0,180.0,180.0,175.0
2017-04-09,0.0,-0.56,179.0,,200,0,181.0,181.0,179.0
2017-04-03,0.0,-1.64,180.0,,700,0,180.0,180.0,180.0
2017-04-02,0.0,1.67,183.0,,1200,0,179.0,183.0,179.0
2017-03-30,0.0,-0.55,180.0,,500,0,181.0,180.0,180.0
2017-03-29,0.0,-1.63,181.0,,100,0,184.0,181.0,181.0
2017-03-28,0.0,3.95,184.0,,2150,0,177.0,184.0,180.0
2017-03-26,0.0,1.72,177.0,,450,0,177.0,177.0,177.0
2017-03-23,0.0,-1.69,174.0,,2400,0,174.0,177.0,174.0
2017-03-22,0.0,2.91,177.0,,270,0,175.0,177.0,175.0
2017-03-21,0.0,7.5,172.0,,2730,0,163.0,175.0,163.0
2017-03-20,0.0,8.84,160.0,,1930,0,149.0,160.0,149.0
2017-03-19,0.0,-1.34,147.0,,80,0,149.0,147.0,147.0
2017-03-13,0.0,1.36,149.0,,100,0,149.0,149.0,149.0
2017-03-09,0.0,-1.34,147.0,,100,0,147.0,147.0,147.0
2017-03-07,0.0,-0.67,149.0,,10140,0,148.0,149.0,148.0
2017-03-06,0.0,-1.96,150.0,,200,0,150.0,150.0,150.0
2017-03-05,0.0,0.0,153.0,,20,0,153.0,153.0,153.0
2017-03-02,0.0,0.66,153.0,,3900,0,153.0,153.0,150.0
2017-02-28,0.0,-3.8,152.0,,300,0,155.0,155.0,152.0
2017-02-22,0.0,0.0,158.0,,4370,0,155.0,158.0,155.0
2017-02-21,0.0,1.28,158.0,,15,0,158.0,158.0,158.0
2017-02-20,0.0,0.0,156.0,,100,0,156.0,156.0,156.0
2017-02-19,0.0,-2.5,156.0,,460,0,157.0,157.0,154.0
2017-02-16,0.0,-0.62,160.0,,220,0,160.0,160.0,160.0
2017-02-15,0.0,0.0,161.0,,1985,0,158.0,161.0,152.0
2017-02-12,0.0,-3.59,161.0,,1850,0,164.0,164.0,161.0
2017-02-09,0.0,-1.18,167.0,,500,0,170.0,170.0,167.0
2017-02-08,0.0,1.81,169.0,,580,0,169.0,169.0,169.0
2017-02-07,0.0,-3.49,166.0,,1680,0,169.0,169.0,166.0
2017-02-06,0.0,-1.71,172.0,,280,0,172.0,172.0,172.0
2017-02-02,0.0,3.55,175.0,,20,0,172.0,175.0,172.0
2017-01-24,0.0,1.2,169.0,,1420,0,167.0,169.0,165.0
2017-01-23,0.0,0.6,167.0,,61,0,163.0,167.0,158.0
2017-01-22,0.0,1.84,166.0,,100,0,166.0,166.0,166.0
2017-01-19,0.0,3.16,163.0,,600,0,160.0,163.0,160.0
2017-01-18,0.0,-1.86,158.0,,1100,0,159.0,159.0,158.0
2017-01-17,0.0,-5.29,161.0,,1100,0,167.0,167.0,161.0
2017-01-15,0.0,1.8,170.0,,100,0,170.0,170.0,170.0
2017-01-08,0.0,-2.91,167.0,,400,0,169.0,169.0,167.0
2017-01-05,0.0,-4.97,172.0,,1805,0,178.0,178.0,172.0
2017-01-04,0.0,3.43,181.0,,370,0,178.0,181.0,178.0
2017-01-03,0.0,4.17,175.0,,3060,0,170.0,179.0,170.0
2017-01-02,0.0,6.33,168.0,,530,0,156.0,168.0,156.0
2017-01-01,0.0,3.95,158.0,,150,0,155.0,158.0,155.0
2016-12-28,0.0,-1.93,152.0,,350,0,153.0,153.0,152.0
2016-12-27,0.0,-8.82,155.0,,720,0,167.0,167.0,155.0
2016-12-26,0.0,-9.57,170.0,,350,0,185.0,185.0,170.0
2016-12-21,0.0,-1.57,188.0,,50,0,188.0,188.0,188.0
2016-12-20,0.0,-3.05,191.0,,150,0,194.0,194.0,191.0
2016-12-19,0.0,-1.99,197.0,,650,0,198.0,198.0,197.0
2016-12-18,0.0,-9.46,201.0,,19740,0,218.0,218.0,200.0
2016-12-15,0.0,-1.77,222.0,,10,0,222.0,222.0,222.0
2016-12-01,0.0,1.8,226.0,,250,0,226.0,226.0,226.0
2016-11-17,0.0,-3.06,222.0,,800,0,225.0,225.0,222.0
2016-11-16,0.0,1.78,229.0,,16850,0,229.0,229.0,229.0
2016-11-15,0.0,0.0,225.0,,40010,0,229.0,229.0,225.0
2016-11-14,0.0,-1.32,225.0,,1000,0,225.0,225.0,225.0
2016-11-13,0.0,-0.87,228.0,,500,0,228.0,228.0,228.0
2016-11-10,0.0,0.0,230.0,,14840,0,234.0,242.0,230.0
2016-11-09,0.0,-0.86,230.0,,18390,0,228.0,230.0,226.0
2016-11-08,0.0,-8.66,232.0,,16420,0,249.0,249.0,232.0
2016-11-07,0.0,-0.39,254.0,,12560,0,255.0,255.0,250.0
2016-10-27,0.0,-1.54,255.0,,5550,0,255.0,255.0,255.0
2016-10-23,0.0,-1.89,259.0,,1000,0,259.0,259.0,259.0
2016-10-20,0.0,1.15,264.0,,750,0,262.0,269.0,262.0
2016-10-19,0.0,3.98,261.0,,150,0,256.0,261.0,256.0
2016-10-18,0.0,2.45,251.0,,2060,0,249.0,253.0,248.0
2016-10-16,0.0,0.0,245.0,,50,0,245.0,245.0,245.0
2016-10-06,0.0,3.37,245.0,,200,0,241.0,245.0,241.0
2016-10-05,0.0,-1.66,238.0,,580,0,241.0,241.0,237.0
2016-10-03,0.0,1.69,241.0,,1400,0,241.0,241.0,241.0
2016-10-02,0.0,-3.66,237.0,,1200,0,245.0,245.0,237.0
2016-09-29,0.0,0.0,246.0,,920,0,245.0,246.0,242.0
2016-09-28,0.0,-7.17,246.0,,1550,0,260.0,260.0,246.0
2016-09-21,0.0,-1.12,265.0,,470,0,263.0,265.0,260.0
2016-09-20,0.0,0.0,268.0,,820,0,268.0,268.0,268.0
2016-09-14,0.0,-0.74,268.0,,400,0,268.0,268.0,268.0
2016-09-11,0.0,0.0,270.0,,300,0,275.0,275.0,270.0
2016-09-08,0.0,1.89,270.0,,210,0,265.0,270.0,265.0
2016-09-07,0.0,1.14,265.0,,1340,0,257.0,265.0,257.0
2016-09-06,0.0,-2.96,262.0,,3415,0,275.0,290.0,262.0
2016-09-05,0.0,8.43,270.0,,2310,0,245.0,273.0,245.0
2016-09-04,0.0,1.63,249.0,,10,0,249.0,249.0,249.0
2016-09-01,0.0,-5.77,245.0,,2100,0,255.0,255.0,245.0
2016-08-22,0.0,0.0,260.0,,1200,0,255.0,260.0,255.0
2016-08-21,0.0,1.17,260.0,,910,0,255.0,265.0,255.0
2016-08-17,0.0,9.83,257.0,,850,0,238.0,257.0,238.0
2016-08-16,0.0,-1.68,234.0,,10,0,234.0,234.0,234.0
2016-08-15,0.0,-6.67,240.0,,3050,0,250.0,250.0,238.0
2016-08-14,0.0,-3.77,255.0,,900,0,260.0,260.0,255.0
2016-08-11,0.0,-1.85,265.0,,1000,0,275.0,275.0,265.0
2016-08-10,0.0,8.0,270.0,,2068,0,255.0,270.0,255.0
2016-08-08,0.0,-1.96,250.0,,100,0,255.0,250.0,250.0
2016-08-07,0.0,-3.77,255.0,,3600,0,265.0,265.0,255.0
2016-08-04,0.0,-2.57,265.0,,5161,0,272.0,275.0,261.0
2016-08-03,0.0,-0.37,272.0,,1420,0,273.0,275.0,272.0
2016-08-02,0.0,-6.51,273.0,,2780,0,292.0,288.0,273.0
2016-08-01,0.0,-4.58,292.0,,7281,0,306.0,300.0,280.0
2016-07-31,0.0,2.34,306.0,,8955,0,299.0,306.0,285.0
2016-07-28,0.0,-3.86,299.0,,10903,0,311.0,329.0,289.0
2016-07-27,0.0,9.89,311.0,,29020,0,283.0,311.0,288.0
2016-07-26,0.0,9.69,283.0,,21474,0,258.0,283.0,263.0
2016-07-25,0.0,9.79,258.0,,15225,0,235.0,258.0,235.0
2016-07-21,0.0,3.07,235.0,,7065,0,228.0,244.0,231.0
2016-07-20,0.0,4.59,228.0,,7200,0,222.0,234.0,222.0
2016-07-19,0.0,-0.91,218.0,,3360,0,220.0,220.0,218.0
2016-07-18,0.0,0.0,220.0,,3400,0,220.0,224.0,220.0
2016-07-17,0.0,-5.17,220.0,,1200,0,232.0,232.0,220.0
2016-07-14,0.0,3.57,232.0,,3690,0,228.0,232.0,224.0
2016-07-13,0.0,0.0,224.0,,1145,0,224.0,224.0,212.0
2016-07-12,0.0,-2.61,224.0,,4800,0,230.0,228.0,222.0
2016-07-11,0.0,-1.71,230.0,,300,0,234.0,230.0,230.0
2016-07-10,0.0,-0.43,234.0,,7160,0,235.0,239.0,231.0
2016-07-06,0.0,9.81,235.0,,21398,0,218.0,235.0,215.0
2016-07-05,0.0,-1.38,214.0,,1300,0,215.0,215.0,214.0
2016-07-04,0.0,-1.36,217.0,,3925,0,220.0,220.0,217.0
2016-07-03,0.0,0.0,220.0,,1700,0,220.0,224.0,220.0
2016-06-30,0.0,-2.65,220.0,,1840,0,226.0,230.0,220.0
2016-06-29,0.0,4.15,226.0,,5465,0,217.0,236.0,221.0
2016-06-28,0.0,2.84,217.0,,2490,0,211.0,220.0,210.0
2016-06-27,0.0,-3.21,211.0,,2320,0,218.0,216.0,207.0
2016-06-26,0.0,9.55,218.0,,6750,0,199.0,218.0,202.0
2016-06-23,0.0,-1.0,199.0,,2760,0,201.0,201.0,194.0
2016-06-22,0.0,1.52,201.0,,3210,0,201.0,205.0,197.0
2016-06-21,0.0,10.0,198.0,,13440,0,180.0,198.0,183.0
2016-06-20,0.0,-4.76,180.0,,3850,0,189.0,188.0,180.0
2016-06-19,0.0,-1.56,189.0,,330,0,192.0,192.0,189.0
2016-06-16,0.0,9.71,192.0,,1835,0,175.0,192.0,175.0
2016-06-15,0.0,4.79,174.0,,4210,0,165.0,177.0,165.0
2016-06-14,0.0,4.37,167.0,,2000,0,163.0,170.0,163.0
2016-06-13,0.0,-0.62,160.0,,1325,0,161.0,161.0,160.0
2016-06-12,0.0,-0.62,161.0,,1040,0,162.0,163.0,161.0
2016-06-09,0.0,-1.82,162.0,,1500,0,165.0,165.0,162.0
2016-06-07,0.0,-0.6,165.0,,2620,0,168.0,168.0,165.0
2016-06-06,0.0,1.22,166.0,,1020,0,164.0,167.0,166.0
2016-06-05,0.0,-3.53,164.0,,780,0,170.0,169.0,164.0
2016-06-02,0.0,0.0,170.0,,800,0,170.0,170.0,170.0
2016-06-01,0.0,0.0,170.0,,200,0,170.0,170.0,167.0
2016-05-31,0.0,0.0,170.0,,360,0,170.0,170.0,170.0
2016-05-30,0.0,1.8,170.0,,2350,0,167.0,173.0,170.0
2016-05-29,0.0,2.45,167.0,,1130,0,163.0,168.0,166.0
2016-05-26,0.0,-1.21,163.0,,230,0,165.0,163.0,163.0
2016-05-25,0.0,0.0,165.0,,2210,0,165.0,167.0,162.0
2016-05-24,0.0,-1.2,165.0,,1320,0,167.0,165.0,164.0
2016-05-23,0.0,3.73,167.0,,4015,0,161.0,167.0,164.0
2016-05-22,0.0,-1.23,161.0,,2393,0,163.0,166.0,161.0
2016-05-19,0.0,-1.81,163.0,,400,0,166.0,169.0,163.0
2016-05-18,0.0,1.84,166.0,,250,0,163.0,166.0,165.0
2016-05-17,0.0,-1.21,163.0,,690,0,163.0,163.0,163.0
2016-05-16,0.0,-3.51,165.0,,100,0,171.0,168.0,165.0
2016-05-10,0.0,0.0,171.0,,100,0,171.0,171.0,171.0
2016-05-09,0.0,7.55,171.0,,630,0,162.0,171.0,162.0
2016-05-05,0.0,-3.64,159.0,,400,0,165.0,162.0,159.0
2016-05-04,0.0,-1.2,165.0,,105,0,167.0,165.0,165.0
2016-05-03,0.0,0.6,167.0,,4949,0,166.0,167.0,162.0
2016-05-02,0.0,3.75,166.0,,3720,0,160.0,166.0,163.0
2016-04-28,0.0,-1.84,160.0,,5320,0,163.0,167.0,160.0
2016-04-27,0.0,5.84,163.0,,3321,0,154.0,164.0,157.0
2016-04-26,0.0,-1.91,154.0,,1040,0,157.0,157.0,154.0
2016-04-25,0.0,3.97,157.0,,5010,0,151.0,157.0,153.0
2016-04-24,0.0,-1.95,151.0,,300,0,154.0,151.0,151.0
2016-04-21,0.0,-2.53,154.0,,5950,0,158.0,161.0,154.0
2016-04-20,0.0,1.94,158.0,,8440,0,155.0,158.0,152.0
2016-04-19,0.0,-0.64,155.0,,1200,0,156.0,158.0,155.0
2016-04-18,0.0,1.96,156.0,,2170,0,153.0,156.0,150.0
2016-04-17,0.0,0.0,153.0,,3410,0,156.0,156.0,150.0
2016-04-14,0.0,-0.65,153.0,,880,0,154.0,153.0,152.0
2016-04-12,0.0,0.65,154.0,,2930,0,153.0,157.0,150.0
2016-04-11,0.0,-3.77,153.0,,6550,0,159.0,168.0,149.0
2016-04-10,0.0,7.43,159.0,,1300,0,148.0,159.0,149.0
2016-04-06,0.0,-5.73,148.0,,400,0,157.0,154.0,148.0
2016-04-05,0.0,-1.87,157.0,,100,0,157.0,157.0,157.0
2016-04-04,0.0,-8.05,160.0,,750,0,174.0,171.0,160.0
2016-04-03,0.0,-4.92,174.0,,30,0,183.0,180.0,174.0
2016-02-23,0.0,-2.14,183.0,,583,0,187.0,184.0,182.0
2016-02-22,0.0,5.06,184.0,,65,0,181.0,187.0,181.0
2016-02-18,0.0,1.71,178.0,,20,0,175.0,178.0,178.0
2016-02-17,0.0,3.55,175.0,,35,0,169.0,175.0,172.0
2016-02-16,0.0,9.74,169.0,,2670,0,154.0,169.0,157.0
2016-02-15,0.0,10.0,154.0,,2110,0,142.0,154.0,142.0
2016-02-14,0.0,9.37,140.0,,60,0,130.0,140.0,130.0
2016-01-21,0.0,1.59,128.0,,50,0,126.0,128.0,128.0
2016-01-14,0.0,6.78,126.0,,11060,0,116.0,126.0,116.0
2016-01-13,0.0,-3.28,118.0,,70,0,122.0,120.0,118.0
2016-01-12,0.0,0.0,122.0,,160,0,122.0,122.0,122.0
2016-01-11,0.0,-1.61,122.0,,30,0,122.0,122.0,122.0
2016-01-05,0.0,-1.59,124.0,,160,0,124.0,124.0,124.0
2016-01-04,0.0,-1.56,126.0,,240,0,128.0,126.0,126.0
2016-01-03,0.0,-1.54,128.0,,90,0,128.0,128.0,128.0
2015-12-31,0.0,-1.52,130.0,,60,0,130.0,130.0,130.0
2015-12-29,0.0,0.0,132.0,,250,0,132.0,132.0,130.0
2015-12-28,0.0,-2.94,132.0,,470,0,136.0,136.0,132.0
2015-12-25,0.0,-5.56,136.0,,300,0,142.0,142.0,136.0
2015-12-24,0.0,-1.37,144.0,,40,0,144.0,144.0,144.0
2015-12-21,0.0,-3.31,146.0,,130,0,151.0,148.0,146.0
2015-12-02,0.0,1.34,151.0,,30,0,151.0,151.0,151.0
2015-12-01,0.0,-7.45,149.0,,480,0,161.0,158.0,149.0
2015-11-22,0.0,1.9,161.0,,40,0,161.0,161.0,161.0
2015-11-16,0.0,1.93,158.0,,2000,0,158.0,158.0,158.0
2015-11-03,0.0,-1.86,158.0,,410,0,164.0,164.0,158.0
2015-09-23,0.0,1.9,161.0,,20,0,161.0,161.0,161.0
2015-09-22,0.0,-1.86,158.0,,20,0,158.0,158.0,158.0
2015-09-17,0.0,4.54,161.0,,160,0,157.0,161.0,157.0
2015-09-10,0.0,0.65,154.0,,850,0,156.0,160.0,151.0
2015-09-09,0.0,1.32,153.0,,340,0,154.0,154.0,153.0
2015-09-06,0.0,1.34,151.0,,20,0,151.0,151.0,151.0
2015-09-03,0.0,1.36,149.0,,20,0,149.0,149.0,149.0
2015-08-18,0.0,1.38,147.0,,20,0,147.0,147.0,147.0
2015-07-29,0.0,0.0,145.0,,47420,0,145.0,145.0,145.0
2015-07-16,0.0,7.41,145.0,,20000,0,135.0,145.0,137.0
2015-07-15,0.0,8.0,135.0,,100,0,127.0,135.0,127.0
2015-07-07,0.0,1.42,143.0,,56640,0,141.0,145.0,141.0
2015-07-06,0.0,-2.76,141.0,,100,0,143.0,143.0,141.0
2015-07-05,0.0,-9.94,145.0,,10500,0,158.0,158.0,145.0
2015-07-02,0.0,0.62,161.0,,1010,0,161.0,161.0,161.0
2015-06-24,0.0,-3.61,160.0,,780,0,163.0,163.0,160.0
2015-05-27,0.0,0.0,166.0,,160,0,166.0,166.0,166.0
2015-04-21,0.0,-1.78,166.0,,100,0,169.0,166.0,166.0
2015-04-15,0.0,-3.43,169.0,,90,0,175.0,172.0,169.0
2015-02-24,0.0,-2.23,175.0,,200,0,179.0,181.0,175.0
2015-02-23,0.0,1.7,179.0,,2180,0,176.0,179.0,176.0
2015-02-22,0.0,-1.68,176.0,,200,0,179.0,176.0,176.0
2015-02-19,0.0,1.7,179.0,,300,0,176.0,179.0,176.0
2015-02-11,0.0,2.33,176.0,,260,0,172.0,178.0,175.0
2015-02-10,0.0,-1.71,172.0,,280,0,175.0,175.0,172.0
2015-02-04,0.0,1.74,175.0,,250,0,172.0,175.0,175.0
2015-01-28,0.0,0.0,172.0,,130,0,172.0,175.0,172.0
2015-01-26,0.0,9.55,172.0,,820,0,157.0,172.0,160.0
2015-01-20,0.0,0.64,157.0,,120,0,156.0,157.0,157.0
2015-01-19,0.0,9.86,156.0,,330,0,142.0,156.0,144.0
2015-01-18,0.0,-1.39,142.0,,120,0,144.0,142.0,142.0
2015-01-01,0.0,-1.37,144.0,,140,0,146.0,144.0,144.0
2014-11-23,0.0,0.69,146.0,,100,0,145.0,146.0,146.0
2014-11-20,0.0,0.0,145.0,,520,0,145.0,145.0,145.0
2014-09-22,0.0,-1.36,145.0,,510,0,147.0,145.0,145.0
2014-09-21,0.0,0.68,147.0,,80,0,146.0,147.0,147.0
2014-08-28,0.0,1.39,146.0,,360,0,144.0,148.0,146.0
2014-08-21,0.0,2.86,144.0,,10360,0,140.0,144.0,138.0
2014-08-19,0.0,2.94,140.0,,620,0,136.0,140.0,138.0
2014-08-18,0.0,7.94,136.0,,590,0,126.0,136.0,128.0
2014-08-14,0.0,8.62,126.0,,50,0,116.0,126.0,118.0
2014-08-04,0.0,0.0,116.0,,160,0,116.0,116.0,116.0
2014-08-03,0.0,3.57,116.0,,14280,0,112.0,116.0,112.0
2014-07-30,0.0,-2.61,112.0,,115560,0,115.0,119.0,104.0
2014-07-17,0.0,4.55,115.0,,400,0,110.0,115.0,112.0
2014-07-16,0.0,0.92,110.0,,240,0,109.0,111.0,110.0
2014-07-15,0.0,-1.8,109.0,,200,0,111.0,109.0,109.0
2014-07-06,0.0,-1.77,111.0,,480,0,113.0,111.0,111.0
2014-06-18,0.0,1.8,113.0,,120,0,111.0,113.0,113.0
2014-06-05,0.0,-1.77,111.0,,560,0,113.0,111.0,111.0
2014-06-03,0.0,-1.74,113.0,,120,0,115.0,113.0,113.0
2014-06-01,0.0,-1.71,115.0,,20,0,117.0,115.0,115.0
2014-05-28,0.0,-3.31,117.0,,140,0,121.0,119.0,117.0
2014-04-23,0.0,-1.63,121.0,,120,0,123.0,121.0,121.0
2014-04-22,0.0,-1.6,123.0,,140,0,125.0,123.0,123.0
2014-04-21,0.0,0.0,125.0,,120,0,125.0,125.0,125.0
2012-06-17,0.0,0.0,125.0,,200,0,125.0,125.0,125.0
2012-05-30,0.0,0.0,125.0,,800,0,125.0,125.0,125.0
2012-05-29,0.0,-3.1,125.0,,4010,0,129.0,127.0,125.0
2012-05-20,0.0,1.57,129.0,,700,0,127.0,129.0,129.0
2012-04-12,0.0,-3.05,127.0,,4600,0,131.0,129.0,127.0
2012-04-08,0.0,-2.96,131.0,,5210,0,135.0,133.0,131.0
2012-04-01,0.0,-2.88,135.0,,4810,0,139.0,137.0,135.0
2012-03-28,0.0,0.0,139.0,,1260,0,139.0,139.0,139.0
2012-03-27,0.0,-2.8,139.0,,2170,0,143.0,141.0,139.0
2012-03-18,0.0,-1.38,143.0,,1090,0,145.0,143.0,143.0
2012-03-12,0.0,1.4,145.0,,480,0,143.0,145.0,145.0
2012-03-06,0.0,4.38,143.0,,2280,0,137.0,143.0,139.0
2012-03-05,0.0,3.01,137.0,,2000,0,133.0,137.0,135.0
2012-03-04,0.0,3.1,133.0,,1950,0,129.0,133.0,131.0
2012-03-01,0.0,1.57,129.0,,1000,0,127.0,129.0,129.0
2012-01-31,0.0,-1.55,127.0,,20,0,129.0,127.0,127.0
2012-01-22,0.0,0.0,129.0,,4800,0,129.0,129.0,129.0
2012-01-16,0.0,-1.53,129.0,,160,0,131.0,129.0,129.0
