DATE,CHANGE,CHANGE %,CLOSE,TURNOVER,VOLUME,TRADE,OPEN,HIGH,LOW
2026-05-08,3.8,1.94,199.8,,89718,384,198.0,199.8,195.0
2026-05-07,2.2,1.14,196.0,,95677,348,190.0,196.0,190.0
2026-05-06,-0.2,-0.1,193.8,,63489,353,200.0,200.0,191.5
2026-05-05,1.4,0.73,194.0,,131119,594,194.0,196.0,191.2
2026-05-04,-3.4,-1.73,192.6,,131938,555,196.0,197.9,192.0
2026-04-30,-0.3,-0.15,196.0,,156425,691,197.0,197.0,191.2
2026-04-29,-3.2,-1.6,196.3,,232563,976,199.5,199.5,193.0
2026-04-28,-2.9,-1.43,199.5,,219397,754,202.4,203.0,199.0
2026-04-27,1.1,0.55,202.4,,99263,420,201.3,203.9,200.3
2026-04-24,0.3,0.15,201.3,,127874,535,211.0,211.0,197.5
2026-04-23,-1.9,-0.94,201.0,,164612,586,205.0,206.0,199.0
2026-04-22,0.0,0.0,202.9,,295171,1074,213.0,213.0,199.0
2026-04-21,-2.0,-0.98,202.9,,139790,509,205.0,205.7,202.1
2026-04-20,-1.1,-0.53,204.9,,124691,565,206.0,207.1,204.0
2026-04-17,-3.0,-1.44,206.0,,1194367,1837,204.9,215.2,204.9
2026-04-16,-4.0,-1.88,209.0,,160962,523,213.0,213.0,208.2
2026-04-15,4.0,1.91,213.0,,260210,813,209.0,215.1,209.0
2026-04-13,-2.0,-0.95,209.0,,86493,421,208.0,212.7,208.0
2026-04-10,-1.9,-0.89,211.0,,151190,482,208.7,216.0,208.7
2026-04-09,4.7,2.26,212.9,,320213,791,208.9,213.8,206.0
2026-04-08,2.6,1.26,208.2,,211806,586,209.7,209.7,204.0
2026-04-07,0.4,0.19,205.6,,217605,722,201.1,211.0,201.1
2026-04-06,7.2,3.64,205.2,,437020,1221,197.0,209.8,195.0
2026-04-05,-8.2,-3.98,198.0,,414277,1291,210.0,210.0,195.0
2026-04-02,0.2,0.1,206.2,,233724,808,205.0,209.9,202.0
2026-04-01,-6.9,-3.24,206.0,,279751,918,215.0,215.0,204.9
2026-03-31,3.4,1.62,212.9,,339233,1243,210.0,214.0,204.5
2026-03-30,-5.4,-2.51,209.5,,467588,1425,214.0,217.0,208.2
2026-03-29,-8.8,-3.93,214.9,,521561,1514,222.0,225.9,214.0
2026-03-26,0.6,0.27,223.7,,304331,1034,224.9,224.9,220.0
2026-03-25,-6.0,-2.62,223.1,,392802,1155,224.6,231.5,222.9
2026-03-24,-0.6,-0.26,229.1,,364653,1108,230.0,231.0,225.3
2026-03-23,-1.3,-0.56,229.7,,613630,1663,235.6,235.6,224.0
2026-03-22,7.7,3.45,231.0,,1057642,2788,227.7,233.3,223.3
2026-03-19,8.1,3.76,223.3,,1111074,2363,211.0,235.0,211.0
2026-03-17,3.4,1.61,215.2,,548416,913,213.0,215.2,206.6
2026-03-16,-7.2,-3.29,211.8,,313914,921,219.0,221.0,210.8
2026-03-15,5.8,2.72,219.0,,898091,1715,217.4,221.0,214.6
2026-03-12,8.3,4.05,213.2,,776828,1604,208.0,216.1,201.5
2026-03-11,-4.1,-1.96,204.9,,492547,1212,209.0,211.4,204.0
2026-03-10,-4.0,-1.88,209.0,,951258,2956,217.2,224.0,204.0
2026-03-09,19.0,9.79,213.0,10.59,5262,27,197.8,213.0,197.8
2026-03-03,7.2,3.85,194.0,,390743,885,190.5,195.0,184.0
2026-03-01,3.3,1.8,186.8,,170444,479,187.1,187.1,180.7
2026-02-26,1.1,0.6,183.5,,100712,291,186.0,186.0,182.1
2026-02-25,0.9,0.5,182.4,,190094,317,181.6,183.0,181.1
2026-02-24,0.0,0.0,181.5,,105219,332,183.0,183.0,180.5
2026-02-23,-0.5,-0.27,181.5,,106213,321,183.0,183.0,180.9
2026-02-22,0.0,0.0,182.0,,84479,432,182.0,184.0,180.9
2026-02-17,-1.2,-0.66,182.0,,115308,413,183.9,183.9,181.2
2026-02-16,0.3,0.16,183.2,,81151,346,182.4,184.5,182.1
2026-02-12,-0.1,-0.05,182.9,,145905,464,184.0,184.0,182.2
2026-02-11,0.7,0.38,183.0,,107820,387,185.0,187.9,182.7
2026-02-10,-2.0,-1.09,182.3,,150750,420,185.0,185.0,182.0
2026-02-09,-0.7,-0.38,184.3,,175132,407,181.3,185.1,181.3
2026-02-08,-2.0,-1.07,185.0,,192208,502,188.5,188.6,184.0
2026-02-05,3.0,1.63,187.0,,208736,450,184.0,187.0,183.2
2026-02-04,0.3,0.16,184.0,,122399,407,180.1,187.2,180.1
2026-02-03,-1.9,-1.02,183.7,,121030,458,185.0,187.0,183.5
2026-02-02,-1.4,-0.75,185.6,,101171,375,190.7,190.7,185.1
2026-02-01,1.0,0.54,187.0,,196619,536,185.0,190.0,185.0
2026-01-29,-0.1,-0.05,186.0,,249754,707,186.0,194.0,185.0
2026-01-28,-2.9,-1.53,186.1,,220851,611,188.4,188.4,184.9
2026-01-27,-4.0,-2.07,189.0,,161477,541,193.0,196.0,188.1
2026-01-26,-2.9,-1.48,193.0,,188844,614,199.8,199.8,192.0
2026-01-25,7.9,4.2,195.9,,258029,787,188.0,196.3,188.0
2026-01-22,1.0,0.53,188.0,,103997,301,187.0,188.0,185.2
2026-01-21,-2.0,-1.06,187.0,,96988,331,192.7,192.7,186.8
2026-01-20,2.7,1.45,189.0,,207600,593,187.5,192.0,187.0
2026-01-18,3.0,1.64,186.3,,127534,361,179.9,186.8,179.9
2026-01-14,-0.2,-0.11,183.3,,67153,249,185.0,185.0,183.0
2026-01-13,-0.5,-0.27,183.5,,139237,380,184.0,187.5,182.0
2026-01-12,-1.9,-1.02,184.0,,112579,334,185.9,187.9,184.0
2026-01-08,-0.1,-0.05,185.9,91.61,49431,245,186.1,186.1,184.9
2026-01-07,0.0,0.0,186.0,,56242,244,185.2,187.5,185.2
2026-01-06,0.8,0.43,186.0,,167707,428,185.0,190.6,185.0
2026-01-05,0.5,0.27,185.2,,101996,320,186.0,186.6,184.1
2026-01-04,-0.5,-0.27,184.7,,93732,316,185.2,187.0,181.5
2026-01-01,-1.0,-0.54,185.2,,64352,245,185.0,187.8,185.0
2025-12-31,2.1,1.14,186.2,,80045,309,185.0,188.0,185.0
2025-12-29,-1.9,-1.02,184.1,,115566,409,189.7,189.7,184.1
2025-12-28,4.0,2.2,186.0,,195433,497,183.0,187.0,181.2
2025-12-24,0.8,0.44,182.0,,65718,266,181.5,183.0,180.0
2025-12-23,-0.9,-0.49,181.2,,111585,373,181.1,182.0,180.0
2025-12-22,-0.8,-0.44,182.1,,88453,290,182.0,183.5,181.6
2025-12-21,-2.1,-1.14,182.9,,73901,310,184.4,185.7,182.5
2025-12-18,0.3,0.16,185.0,,73160,262,183.3,186.0,183.3
2025-12-17,0.1,0.05,184.7,83.79,45344,263,185.0,185.9,184.0
2025-12-16,1.6,0.87,184.6,86.66,46924,247,184.0,185.6,183.0
2025-12-15,-0.8,-0.44,183.0,,88273,309,182.5,184.9,182.5
2025-12-14,0.1,0.05,183.8,,70904,284,183.0,186.5,183.0
2025-12-11,-0.3,-0.16,183.7,,79547,289,185.0,185.0,183.7
2025-12-10,-1.0,-0.54,184.0,,59519,258,187.0,187.0,183.8
2025-12-09,0.9,0.49,185.0,,84129,282,184.0,185.4,183.5
2025-12-08,-1.3,-0.7,184.1,,111338,404,181.7,187.6,181.7
2025-12-07,-3.0,-1.59,185.4,,155505,538,188.5,188.5,184.9
2025-12-03,-0.6,-0.32,188.4,,84908,369,189.0,190.0,186.5
2025-12-02,-2.0,-1.05,189.0,,115149,404,189.0,190.0,187.2
2025-12-01,-3.0,-1.55,191.0,,184837,545,190.2,193.0,187.0
2025-11-30,-5.8,-2.9,194.0,,159170,408,200.0,200.9,194.0
2025-11-27,5.7,2.94,199.8,,180485,409,192.0,200.9,192.0
2025-11-26,0.5,0.26,194.1,,99877,297,193.0,196.0,190.1
2025-11-25,1.0,0.52,193.6,,99322,320,196.4,196.4,189.0
2025-11-24,4.8,2.56,192.6,,132197,393,189.0,194.0,189.0
2025-11-23,2.9,1.57,187.8,,60365,286,186.0,188.0,186.0
2025-11-20,-0.5,-0.27,184.9,,73899,319,185.0,186.9,184.2
2025-11-19,-0.6,-0.32,185.4,,97336,325,189.0,189.0,184.5
2025-11-18,-1.5,-0.8,186.0,,158356,366,189.0,189.9,185.3
2025-11-17,0.0,0.0,187.5,,80731,325,187.0,188.7,185.0
2025-11-16,-2.0,-1.06,187.5,,91853,308,190.5,190.5,186.5
2025-11-13,0.6,0.32,189.5,,55877,208,189.0,190.8,188.3
2025-11-12,-3.0,-1.56,188.9,,84326,324,195.7,195.7,186.3
2025-11-11,4.0,2.13,191.9,,234498,698,190.0,194.8,184.3
2025-11-10,-7.6,-3.89,187.9,,196060,686,195.0,196.0,187.9
2025-11-09,-4.7,-2.35,195.5,,104188,453,198.0,198.0,195.0
2025-11-06,-2.1,-1.04,200.2,,96885,205,202.0,202.9,200.1
2025-11-05,3.2,1.61,202.3,,63622,222,198.0,203.0,198.0
2025-11-04,-1.8,-0.9,199.1,,82907,294,202.0,203.0,198.1
2025-11-03,-2.1,-1.03,200.9,,89975,275,202.1,204.0,200.1
2025-11-02,0.0,0.0,203.0,,88708,310,207.0,207.0,201.2
2025-10-30,-1.5,-0.73,203.0,,84446,272,208.5,208.5,199.1
2025-10-29,1.5,0.74,204.5,,614059,358,205.0,205.0,199.0
2025-10-28,3.3,1.65,203.0,,78711,281,200.0,204.8,199.0
2025-10-26,0.3,0.15,199.7,70.68,35769,197,199.4,199.8,196.0
2025-10-19,1.4,0.71,199.4,65.05,32874,188,198.0,199.9,196.0
2025-10-16,0.5,0.25,198.0,,95955,253,200.0,200.0,196.2
2025-10-15,-1.5,-0.75,197.5,,54580,235,200.0,200.0,196.5
2025-10-14,-2.9,-1.44,199.0,,130313,365,200.0,202.0,197.9
2025-10-13,0.9,0.45,201.9,,94040,381,205.0,205.0,196.0
2025-10-12,-3.8,-1.86,201.0,,204676,546,203.0,204.9,199.2
2025-10-09,1.8,0.89,204.8,,234309,484,207.0,215.0,203.5
2025-10-08,-2.5,-1.22,203.0,,202463,531,206.0,208.0,200.1
2025-10-07,-2.4,-1.15,205.5,,197784,279,207.9,208.0,205.0
2025-09-28,2.0,0.97,207.9,,50781,197,206.0,208.9,206.0
2025-09-25,0.6,0.29,205.9,,58870,194,209.0,209.0,205.5
2025-09-24,-2.8,-1.35,205.3,,72250,279,210.0,210.2,205.0
2025-09-23,2.84,1.38,208.1,,117131,394,206.8,209.9,205.1
2025-09-21,17.26,9.18,205.26,,182799,800,188.0,206.0,188.0
2025-09-18,-17.36,-8.45,188.0,39.05,20382,60,201.3,201.3,186.0
2025-09-08,-2.68,-1.29,205.36,,106673,399,208.2,209.0,204.7
2025-09-07,-0.43,-0.21,208.04,,63074,285,208.0,210.0,206.0
2025-09-04,-0.31,-0.15,208.47,,77590,335,209.0,209.9,207.0
2025-09-03,-0.55,-0.26,208.78,,73837,291,207.0,212.0,207.0
2025-09-02,-3.15,-1.48,209.33,,68060,299,216.7,216.7,208.9
2025-09-01,2.78,1.33,212.48,,105256,404,213.8,213.8,207.0
2025-08-31,-2.63,-1.24,209.7,,112838,411,212.33,213.0,209.0
2025-08-28,-1.44,-0.67,212.33,,118331,488,213.7,217.0,212.0
2025-08-27,3.09,1.47,213.77,,115402,429,214.8,214.8,210.6
2025-08-26,-0.03,-0.01,210.68,,58734,263,210.7,211.9,209.1
2025-08-25,1.34,0.64,210.71,,80552,338,211.0,212.0,207.5
2025-08-24,-3.49,-1.64,209.37,,195488,548,212.86,214.9,209.0
2025-08-21,-1.34,-0.63,212.86,,83557,322,215.9,216.0,212.1
2025-08-20,-1.56,-0.72,214.2,,75147,298,220.0,220.0,214.0
2025-08-19,0.77,0.36,215.76,,157905,426,215.0,219.0,214.9
2025-08-18,0.91,0.43,214.99,,139838,480,212.6,215.5,211.2
2025-08-17,-4.34,-1.99,214.08,,225427,687,218.0,220.0,213.5
2025-08-14,0.54,0.25,218.42,,199551,445,220.0,221.0,216.3
2025-08-13,-0.84,-0.38,217.88,,380209,986,223.0,223.0,217.1
2025-08-12,-6.84,-3.03,218.72,,265824,742,223.1,226.0,218.0
2025-08-11,-5.84,-2.52,225.56,,241140,604,232.0,233.9,225.0
2025-08-07,1.47,0.64,231.4,,264372,700,234.5,234.5,227.7
2025-08-06,-1.69,-0.73,229.93,,181160,567,236.2,236.2,228.9
2025-08-05,-3.03,-1.29,231.62,,286678,722,238.0,241.0,231.3
2025-08-04,3.85,1.67,234.65,,418247,1097,234.0,236.9,230.0
2025-08-03,-7.09,-2.98,230.8,,507040,1365,234.0,237.0,230.1
2025-07-31,-3.94,-1.63,237.89,,486185,1180,241.0,243.8,235.9
2025-07-30,-3.51,-1.43,241.83,,740122,1824,245.0,250.0,240.1
2025-07-29,11.07,4.73,245.34,,1858223,4345,238.9,250.9,237.0
2025-07-28,3.46,1.5,234.27,,521025,1299,230.1,235.4,226.1
2025-07-27,1.02,0.44,230.81,,625254,1549,225.2,238.0,225.2
2025-07-24,-1.13,-0.49,229.79,,414825,1045,230.4,233.0,228.0
2025-07-23,-2.03,-0.87,230.92,,398344,1199,232.0,236.0,228.7
2025-07-22,9.39,4.2,232.95,,711881,1844,224.0,234.5,224.0
2025-07-21,0.58,0.26,223.56,,298905,819,224.0,226.0,221.0
2025-07-20,-4.48,-1.97,222.98,,611920,1498,223.0,230.0,222.0
2025-07-17,5.57,2.51,227.46,,424438,1128,223.0,228.4,222.5
2025-07-16,1.27,0.58,221.89,,545653,1204,223.5,226.8,220.0
2025-07-15,3.83,1.77,220.62,,270464,715,217.0,222.0,214.0
2025-07-14,-7.65,-3.41,216.79,,334859,1095,225.0,225.0,215.4
2025-07-13,5.93,2.71,224.44,,649321,1781,222.8,231.5,222.8
2025-07-10,6.75,3.19,218.51,,590151,1542,213.0,221.2,212.1
2025-07-09,4.59,2.22,211.76,,154020,526,208.8,212.7,207.2
2025-07-08,-1.43,-0.69,207.17,,76890,318,205.0,209.1,205.0
2025-07-07,-1.39,-0.66,208.6,,227317,395,214.1,214.1,208.0
2025-07-06,-0.41,-0.19,209.99,,155343,455,214.6,214.6,208.0
2025-07-03,-0.98,-0.46,210.4,,152077,546,211.0,213.0,208.7
2025-07-02,4.44,2.15,211.38,,209938,557,206.0,212.0,206.0
2025-07-01,1.09,0.53,206.94,,106393,386,205.0,208.0,204.1
2025-06-30,-0.13,-0.06,205.85,,76918,318,209.9,209.9,204.0
2025-06-29,5.19,2.58,205.98,,134879,458,200.1,206.4,200.0
2025-06-26,-1.39,-0.69,200.79,,84629,365,204.0,205.0,200.1
2025-06-25,0.44,0.22,202.18,,105647,385,202.0,204.0,200.0
2025-06-24,1.48,0.74,201.74,,113024,388,202.0,206.0,201.5
2025-06-23,-0.34,-0.17,200.26,,147239,518,202.0,202.6,198.6
2025-06-22,-1.75,-0.86,200.6,,164369,569,206.0,206.0,200.0
2025-06-19,-1.99,-0.97,202.35,,162291,478,205.0,205.0,202.1
2025-06-18,-0.68,-0.33,204.34,,76524,303,205.0,207.0,203.0
2025-06-17,-1.19,-0.58,205.02,,90696,302,206.0,208.0,204.0
2025-06-16,2.21,1.08,206.21,,188334,426,204.2,208.0,204.2
2025-06-15,-2.07,-1.0,204.0,,134564,475,207.0,207.9,203.7
2025-06-12,-1.02,-0.49,206.07,,118147,416,209.0,209.0,205.0
2025-06-11,-1.6,-0.77,207.09,,117069,362,209.0,211.0,206.0
2025-06-10,2.84,1.38,208.69,,130705,412,206.0,210.0,206.0
2025-06-09,0.37,0.18,205.85,,102916,311,201.8,208.0,201.8
2025-06-08,-2.94,-1.41,205.48,,166137,468,210.0,210.0,205.0
2025-06-05,-2.13,-1.01,208.42,,162687,463,208.0,212.8,208.0
2025-06-04,0.07,0.03,210.55,,141185,360,214.0,214.0,208.0
2025-06-03,-7.24,-3.33,210.48,,261440,627,215.4,217.5,210.0
2025-06-02,-1.55,-0.71,217.72,,330022,796,223.6,227.0,217.1
2025-05-28,5.13,2.4,219.27,,406565,790,214.0,220.2,212.1
2025-05-27,0.01,0.0,214.14,,156260,443,209.9,216.0,209.9
2025-05-26,0.35,0.16,214.13,,305228,863,218.0,229.0,212.3
2025-05-25,-1.47,-0.68,213.78,,294573,865,218.0,219.0,209.9
2025-05-22,10.82,5.29,215.25,,612385,1390,205.1,216.0,204.0
2025-05-21,-0.15,-0.07,204.43,,240339,822,208.6,217.0,203.9
2025-05-20,4.97,2.49,204.58,,241079,472,200.0,206.0,198.0
2025-05-19,2.17,1.1,199.61,,64313,281,199.0,201.2,197.0
2025-05-18,-0.48,-0.24,197.44,,75409,362,199.0,199.7,197.0
2025-05-15,-0.32,-0.16,197.92,,88758,398,202.2,202.2,197.5
2025-05-14,-0.88,-0.44,198.24,,75759,326,199.1,201.0,198.0
2025-05-13,-2.09,-1.04,199.12,,109223,417,203.9,205.0,198.5
2025-05-11,-2.92,-1.43,201.21,,98889,402,204.0,206.9,201.0
2025-05-08,-1.5,-0.73,204.13,,121838,446,206.9,207.0,201.7
2025-05-07,9.54,4.87,205.63,,193776,646,196.0,206.0,194.1
2025-05-06,-1.11,-0.56,196.09,,92258,404,199.0,199.0,195.2
2025-05-05,-1.06,-0.53,197.2,,114594,466,197.5,199.7,195.5
2025-05-04,0.33,0.17,198.26,,99718,473,198.1,201.0,197.0
2025-04-30,-0.71,-0.36,197.93,,153465,564,202.6,202.6,197.0
2025-04-29,-1.41,-0.7,198.64,,124834,477,204.0,204.0,198.0
2025-04-28,-1.77,-0.88,200.05,,182792,554,203.0,203.0,200.0
2025-04-27,-0.26,-0.13,201.82,,178640,485,203.0,205.0,201.1
2025-04-24,-1.08,-0.53,202.08,,178909,601,203.0,205.0,200.1
2025-04-23,-2.53,-1.23,203.16,,243669,680,204.0,205.0,202.0
2025-04-22,-1.14,-0.55,205.69,,138731,442,206.0,208.0,205.0
2025-04-21,-2.74,-1.31,206.83,,198951,536,205.5,210.0,205.5
2025-04-20,-3.29,-1.55,209.57,,130227,458,213.0,216.0,209.0
2025-04-17,3.36,1.6,212.86,,141807,525,211.0,214.5,209.3
2025-04-16,-0.01,0.0,209.5,,137116,394,213.7,213.7,208.4
2025-04-15,2.06,0.99,209.51,,91234,335,211.0,211.9,206.8
2025-04-13,-1.32,-0.63,207.45,,107499,389,208.7,211.9,207.0
2025-04-10,-1.08,-0.51,208.77,,143631,408,212.5,213.7,208.1
2025-04-09,0.75,0.36,209.85,,86177,304,213.0,213.0,208.8
2025-04-08,-2.44,-1.15,209.1,,200334,534,210.2,211.4,207.0
2025-04-07,-2.64,-1.23,211.54,,112096,359,215.0,217.0,210.0
2025-04-03,0.21,0.1,214.18,,350860,705,215.8,220.0,212.1
2025-04-02,2.2,1.04,213.97,,89120,341,216.0,216.0,210.1
2025-04-01,-3.22,-1.5,211.77,,148041,361,215.0,215.8,210.1
2025-03-30,2.72,1.28,214.99,,182992,539,208.1,218.0,208.1
2025-03-27,2.66,1.27,212.27,,111802,370,213.8,214.0,208.0
2025-03-26,4.3,2.09,209.61,,105923,381,207.3,210.0,205.0
2025-03-25,-5.58,-2.65,205.31,,254953,823,207.0,212.8,203.0
2025-03-24,1.06,0.51,210.89,,128445,499,208.0,214.0,206.2
2025-03-23,-3.64,-1.71,209.83,,140428,616,213.0,214.9,209.2
2025-03-20,-1.53,-0.71,213.47,,90423,412,217.0,217.0,213.0
2025-03-19,-1.5,-0.69,215.0,,134850,468,216.0,219.0,214.0
2025-03-18,0.4,0.19,216.5,,69849,330,220.4,220.4,215.5
2025-03-17,-1.9,-0.87,216.1,,104466,408,216.4,219.3,215.5
2025-03-16,-1.5,-0.68,218.0,,109120,473,221.0,221.0,216.4
2025-03-12,1.6,0.73,219.5,,84454,371,218.3,220.0,217.5
2025-03-11,-1.2,-0.55,217.9,,107082,409,220.0,221.2,217.1
2025-03-10,-0.9,-0.41,219.1,,140665,451,222.4,223.8,218.0
2025-03-09,-3.9,-1.74,220.0,,146814,574,220.0,224.0,219.6
2025-03-06,-0.5,-0.22,223.9,,172198,442,228.8,228.8,222.5
2025-03-05,-3.6,-1.58,224.4,,121631,442,230.0,230.0,224.0
2025-03-04,-3.2,-1.38,228.0,,280997,635,231.2,233.9,227.0
2025-03-03,-5.3,-2.24,231.2,,304787,817,239.2,241.0,231.0
2025-03-02,5.4,2.34,236.5,,204816,792,233.7,237.9,231.0
2025-02-27,9.0,4.05,231.1,,346108,1228,226.5,241.0,226.5
2025-02-25,0.0,0.0,222.1,,104635,390,224.3,225.4,220.0
2025-02-24,-1.9,-0.85,222.1,,135354,452,219.6,228.0,219.6
2025-02-23,1.5,0.67,224.0,,240186,617,226.9,227.0,213.0
2025-02-20,-1.5,-0.67,222.5,,116540,415,224.0,227.1,222.2
2025-02-18,0.0,0.0,224.0,,355170,781,228.4,230.5,223.9
2025-02-17,6.4,2.94,224.0,,235079,778,221.3,225.9,218.0
2025-02-16,0.9,0.42,217.6,,80291,396,217.1,219.7,216.3
2025-02-13,-0.3,-0.14,216.7,,151967,378,217.0,220.0,216.0
2025-02-12,-0.7,-0.32,217.0,,107486,388,217.9,220.0,216.1
2025-02-11,-0.3,-0.14,217.7,,69744,285,216.0,220.0,216.0
2025-02-10,-0.5,-0.23,218.0,,149007,417,220.0,220.9,216.1
2025-02-09,0.6,0.28,218.5,,111825,422,216.7,220.0,216.0
2025-02-06,-2.1,-0.95,217.9,,107101,428,222.4,222.4,217.1
2025-02-05,-2.0,-0.9,220.0,,103269,369,222.3,223.9,219.6
2025-02-04,-1.5,-0.67,222.0,,119459,402,225.0,226.5,221.1
2025-02-03,1.5,0.68,223.5,,223810,683,224.0,228.9,223.0
2025-02-02,4.5,2.07,222.0,,163667,663,218.0,223.0,217.8
2025-01-28,0.1,0.05,217.5,,130275,479,216.1,219.7,215.3
2025-01-27,-0.7,-0.32,217.4,,92839,393,220.5,220.5,215.6
2025-01-26,-3.3,-1.49,218.1,,145890,507,223.0,223.0,216.1
2025-01-23,-2.9,-1.29,221.4,,152553,515,226.7,227.4,221.0
2025-01-22,3.1,1.4,224.3,,256408,593,219.3,226.0,218.0
2025-01-21,-0.8,-0.36,221.2,,116109,375,224.4,224.4,219.0
2025-01-20,5.0,2.3,222.0,,252973,875,221.3,230.0,221.1
2025-01-19,-1.9,-0.87,217.0,,83095,389,216.2,219.0,215.1
2025-01-16,-0.2,-0.09,218.9,,132947,431,220.0,221.0,216.8
2025-01-15,-0.6,-0.27,219.1,,79494,389,218.1,222.5,218.1
2025-01-13,-2.8,-1.26,219.7,,148022,628,221.0,222.7,219.0
2025-01-12,-1.3,-0.58,222.5,,88530,312,225.0,225.0,220.1
2025-01-09,-1.9,-0.84,223.8,,180599,624,226.0,228.0,222.0
2025-01-08,-3.2,-1.4,225.7,,399194,535,233.4,233.4,224.5
2025-01-07,-1.1,-0.48,228.9,,115795,400,234.6,234.6,226.0
2025-01-06,5.0,2.22,230.0,,184972,601,226.0,230.0,223.5
2025-01-05,-1.0,-0.44,225.0,,383506,569,225.0,226.0,221.5
2025-01-02,-4.0,-1.74,226.0,,216238,724,230.0,230.6,223.0
2025-01-01,-8.0,-3.36,230.0,,384436,1177,242.7,242.7,227.1
2024-12-31,-3.1,-1.29,238.0,,1508557,1519,245.9,249.9,233.0
2024-12-29,-2.9,-1.19,241.1,,1065655,1704,248.8,250.0,239.1
2024-12-26,13.5,5.86,244.0,,2099594,3454,230.0,249.7,226.1
2024-12-24,11.5,5.25,230.5,,365473,848,223.3,232.0,219.0
2024-12-23,4.0,1.86,219.0,,101124,369,213.2,219.5,213.2
2024-12-22,-5.0,-2.27,215.0,,185837,645,215.6,220.0,214.1
2024-12-19,-2.9,-1.3,220.0,,119007,434,223.0,224.6,219.0
2024-12-18,-0.9,-0.4,222.9,,119734,270,223.5,225.0,220.5
2024-12-17,1.8,0.81,223.8,,78991,378,226.4,226.4,220.6
2024-12-16,-3.0,-1.33,222.0,,130342,454,225.0,225.0,221.0
2024-12-12,-6.5,-2.81,225.0,,150406,478,236.1,236.1,225.0
2024-12-11,7.6,3.39,231.5,,143870,564,221.0,232.0,221.0
2024-12-10,-0.6,-0.27,223.9,,88443,378,226.9,226.9,221.0
2024-12-09,-0.1,-0.04,224.5,,102000,484,228.0,228.0,221.6
2024-12-08,-5.8,-2.52,224.6,,202914,704,228.0,230.0,224.0
2024-12-05,-0.4,-0.17,230.4,,94745,400,231.0,234.0,229.4
2024-12-04,-2.1,-0.9,230.8,,120664,443,237.5,237.5,230.8
2024-12-03,0.9,0.39,232.9,,105531,468,236.6,236.6,230.6
2024-12-02,-1.5,-0.64,232.0,,149608,523,230.0,239.2,230.0
2024-12-01,-4.5,-1.89,233.5,,130998,446,242.7,242.7,233.1
2024-11-28,-4.0,-1.65,238.0,,100304,392,242.5,244.0,238.0
2024-11-27,4.0,1.68,242.0,,146117,560,238.0,243.9,238.0
2024-11-26,4.9,2.1,238.0,,117411,434,237.7,242.3,233.8
2024-11-25,-0.2,-0.09,233.1,,105125,428,237.9,237.9,232.0
2024-11-24,-1.7,-0.72,233.3,,113694,485,239.7,239.7,232.5
2024-11-21,-3.0,-1.26,235.0,,153946,655,241.0,241.0,234.0
2024-11-20,-2.3,-0.96,238.0,,130664,529,243.0,243.0,237.0
2024-11-19,-3.7,-1.52,240.3,,143285,582,244.0,247.8,240.3
2024-11-17,-1.2,-0.49,244.0,,157485,551,245.2,250.0,243.4
2024-11-14,-0.1,-0.04,245.2,,122464,507,248.9,248.9,242.4
2024-11-13,-4.9,-1.96,245.3,,104210,370,250.1,251.0,245.0
2024-11-12,-2.8,-1.11,250.2,,149082,502,255.0,257.0,249.0
2024-11-11,4.5,1.81,253.0,,329696,945,250.0,257.0,248.5
2024-11-10,6.3,2.6,248.5,,181536,636,244.0,249.0,241.5
2024-11-06,-3.8,-1.54,242.2,,118819,409,245.0,245.0,241.2
2024-11-05,-1.3,-0.53,246.0,,62522,300,250.9,250.9,245.0
2024-10-30,-4.5,-1.79,247.3,,165901,534,256.0,256.0,246.0
2024-10-29,10.7,4.44,251.8,,296756,811,245.9,253.0,242.3
2024-10-28,3.9,1.64,241.1,,136083,536,241.9,242.7,237.3
2024-10-27,-2.8,-1.17,237.2,,280328,711,239.0,241.0,237.0
2024-10-24,-8.0,-3.23,240.0,,384944,1100,250.0,250.5,232.7
2024-10-23,-10.0,-3.88,248.0,,481682,1262,263.1,263.1,247.0
2024-10-22,2.1,0.82,258.0,,230874,795,261.0,261.0,252.0
2024-10-21,-7.1,-2.7,255.9,,432140,1235,262.0,265.0,255.0
2024-10-20,-2.0,-0.75,263.0,,682918,1881,260.0,271.0,255.1
2024-10-17,0.0,0.0,265.0,,524513,1583,269.0,273.0,262.0
2024-10-16,11.9,4.7,265.0,,371321,1164,254.2,265.0,254.0
2024-10-15,3.2,1.28,253.1,,150927,531,254.5,256.0,249.5
2024-10-09,1.0,0.4,249.9,,163770,480,248.9,252.0,247.0
2024-10-08,-2.8,-1.11,248.9,,200750,578,254.0,256.0,248.0
2024-10-07,6.7,2.73,251.7,,293868,942,247.7,254.2,246.6
2024-10-06,8.0,3.38,245.0,,295805,986,238.0,246.0,235.0
2024-10-02,-4.9,-2.03,237.0,,224704,816,244.0,245.0,236.0
2024-10-01,10.9,4.72,241.9,,308419,1090,229.0,242.0,229.0
2024-09-30,4.9,2.17,231.0,,146735,538,227.0,231.0,224.1
2024-09-29,-2.9,-1.27,226.1,,138290,565,225.2,230.0,222.1
2024-09-26,-4.0,-1.72,229.0,,124117,592,234.4,237.6,227.9
2024-09-25,5.7,2.51,233.0,,224702,794,229.0,234.0,224.2
2024-09-24,-4.6,-1.98,227.3,,237224,874,231.0,236.0,225.0
2024-09-23,-5.1,-2.15,231.9,,245810,860,240.0,240.0,231.0
2024-09-22,4.0,1.72,237.0,,211227,887,237.0,245.0,233.0
2024-09-18,4.0,1.75,233.0,,239901,989,224.5,236.0,224.5
2024-09-16,-7.0,-2.97,229.0,,313866,1156,237.0,237.0,227.6
2024-09-15,-4.0,-1.67,236.0,,354625,1259,244.0,248.0,235.0
2024-09-12,11.2,4.9,240.0,,357465,1212,233.3,240.0,230.0
2024-09-11,-4.2,-1.8,228.8,,229354,992,234.0,235.5,228.5
2024-09-10,0.0,0.0,233.0,,274019,1119,235.0,243.0,230.0
2024-09-09,-8.0,-3.32,233.0,,381284,1627,241.0,243.8,230.3
2024-09-08,-4.2,-1.71,241.0,,309753,1208,245.2,252.0,239.9
2024-09-05,-1.5,-0.61,245.2,,342257,1318,247.0,248.8,241.0
2024-09-04,-11.5,-4.45,246.7,,426720,1607,263.3,263.3,244.0
2024-09-03,-2.2,-0.84,258.2,,543079,1974,265.6,267.0,255.0
2024-09-02,18.6,7.69,260.4,,647946,2342,242.0,260.4,236.0
2024-09-01,-8.2,-3.28,241.8,,430669,1936,250.0,253.0,240.0
2024-08-29,-5.8,-2.27,250.0,,554134,1977,259.9,260.0,246.0
2024-08-28,7.4,2.98,255.8,,735739,2938,249.0,265.0,247.1
2024-08-27,-17.6,-6.62,248.4,,1077310,4114,266.0,266.0,247.5
2024-08-25,-13.0,-4.66,266.0,,798352,3063,279.0,279.1,265.0
2024-08-22,-1.0,-0.36,279.0,,530824,2179,280.0,285.7,278.3
2024-08-21,-4.0,-1.41,280.0,,850035,3275,285.0,293.9,278.0
2024-08-18,10.9,3.99,284.0,,1597586,6007,278.0,297.0,278.0
2024-08-15,18.1,7.1,273.1,,1186085,4208,260.1,279.9,256.0
2024-08-14,2.0,0.79,255.0,,635442,2186,255.0,255.0,245.1
2024-08-13,6.3,2.55,253.0,,727754,2544,251.0,256.5,247.0
2024-08-12,8.7,3.66,246.7,,901551,3256,242.7,250.0,238.8
2024-08-11,11.9,5.26,238.0,,908870,2984,230.6,238.5,226.4
2024-08-08,-1.9,-0.83,226.1,,503890,1780,232.0,232.0,225.0
2024-08-07,7.0,3.17,228.0,,637116,2352,217.0,233.0,217.0
2024-08-06,-15.5,-6.55,221.0,,1034154,4060,240.0,241.0,220.0
2024-08-05,12.8,5.72,236.5,,1546475,4998,228.1,246.0,228.1
2024-08-01,-3.6,-1.58,223.7,,575209,2046,227.5,230.5,219.0
2024-07-31,2.2,0.98,227.3,,668454,2072,229.6,230.0,225.1
2024-07-30,-3.8,-1.66,225.1,,881708,3107,230.0,230.5,218.0
2024-07-29,10.0,4.57,228.9,,1649446,6135,223.2,240.0,223.2
2024-07-28,19.9,10.0,218.9,,938841,2207,202.9,218.9,202.9
2024-07-25,0.5,0.25,199.0,,671902,1698,200.0,201.9,195.5
2024-07-24,-4.4,-2.17,198.5,,732781,2009,204.0,207.8,197.0
2024-07-23,3.1,1.55,202.9,,511955,1917,199.8,203.1,195.9
2024-07-22,-4.8,-2.35,199.8,,994966,3325,208.6,208.6,195.1
2024-07-21,14.6,7.68,204.6,,987853,3335,190.0,204.8,188.3
2024-07-18,16.5,9.51,190.0,,1058642,3373,175.5,190.8,173.0
2024-07-17,3.0,1.76,173.5,,313465,1260,172.0,177.9,170.0
2024-07-16,6.8,4.15,170.5,,282371,934,160.5,171.0,160.5
2024-07-15,-3.2,-1.92,163.7,,448766,1479,170.2,172.0,161.4
2024-07-14,8.7,5.5,166.9,,353767,1279,161.3,173.0,160.0
2024-07-11,7.7,5.12,158.2,,310098,1117,153.5,158.4,149.0
2024-07-10,2.6,1.76,150.5,,233060,554,147.9,152.0,146.1
2024-07-09,-0.1,-0.07,147.9,97.99,66758,292,145.3,149.0,145.3
2024-07-08,0.2,0.14,148.0,79.54,54050,210,148.0,148.5,146.4
2024-07-07,0.8,0.54,147.8,,107328,384,149.0,149.8,147.0
2024-07-04,-1.0,-0.68,147.0,,97805,324,146.0,150.0,146.0
2024-07-03,0.4,0.27,148.0,96.88,66292,265,149.8,149.8,143.0
2024-07-02,3.4,2.36,147.6,,143538,502,147.0,155.9,146.0
2024-07-01,6.2,4.49,144.2,,85392,282,137.5,144.3,137.0
2024-06-30,-0.5,-0.36,138.0,89.18,64456,250,139.0,139.5,138.0
2024-06-27,-1.4,-1.0,138.5,56.19,40535,212,139.9,141.0,138.2
2024-06-26,-0.2,-0.14,139.9,59.5,42589,210,138.39,141.8,138.39
2024-06-25,-0.9,-0.64,140.1,98.47,70165,280,138.5,142.8,138.5
2024-06-24,-1.0,-0.7,141.0,55.37,39416,219,144.8,144.8,139.6
2024-06-23,0.1,0.07,142.0,57.07,40249,201,141.5,143.9,141.0
2024-06-20,-0.7,-0.49,141.9,44.27,31331,188,145.4,145.4,141.0
2024-06-19,-0.3,-0.21,142.6,65.51,46140,199,145.7,145.7,141.0
2024-06-18,-2.2,-1.52,142.9,92.73,65065,285,145.0,145.0,141.5
2024-06-16,-1.9,-1.29,145.1,97.5,67078,253,148.0,148.0,144.3
2024-06-13,-1.2,-0.81,147.0,88.86,60481,232,151.1,151.1,146.0
2024-06-12,1.6,1.09,148.2,,93632,299,147.0,149.0,145.5
2024-06-11,4.6,3.24,146.6,75.76,52871,266,144.8,146.8,141.0
2024-06-10,1.0,0.71,142.0,63.98,45348,216,143.8,143.8,140.1
2024-06-09,-1.8,-1.26,141.0,95.71,68083,324,145.6,145.6,139.1
2024-06-06,-0.5,-0.35,142.8,49.91,35225,251,146.1,146.1,141.0
2024-06-05,0.2,0.14,143.3,73.84,51923,242,145.9,145.9,141.0
2024-06-04,-1.3,-0.9,143.1,59.19,41170,214,147.2,147.2,143.0
2024-06-03,-0.5,-0.35,144.4,69.35,48131,262,147.7,147.7,143.2
2024-06-02,0.2,0.14,144.9,99.48,68843,328,147.5,147.5,143.4
2024-05-30,-3.9,-2.62,144.7,,86567,345,151.5,151.5,144.3
2024-05-29,-3.4,-2.24,148.6,,95416,385,155.0,157.0,148.6
2024-05-27,-1.9,-1.23,152.0,,101787,419,153.0,155.0,151.1
2024-05-26,-3.3,-2.1,153.9,,186901,680,157.2,159.9,153.1
2024-05-22,6.2,4.11,157.2,,256224,880,148.0,159.0,148.0
2024-05-21,1.5,1.0,151.0,,98708,435,150.0,151.9,148.0
2024-05-20,6.4,4.47,149.5,,255420,863,145.9,155.0,144.0
2024-05-19,4.1,2.95,143.1,,145883,448,141.7,143.4,140.0
2024-05-16,-1.0,-0.71,139.0,71.27,51280,234,142.8,142.8,138.0
2024-05-15,-1.5,-1.06,140.0,,73883,298,143.4,143.5,139.0
2024-05-14,-1.3,-0.91,141.5,99.59,70637,349,145.6,145.6,139.0
2024-05-13,6.8,5.0,142.8,,176962,574,138.0,144.0,135.2
2024-05-12,2.0,1.49,136.0,76.99,56576,264,136.6,137.2,134.6
2024-05-09,0.6,0.45,134.0,70.02,52196,222,134.9,134.9,133.4
2024-05-08,-0.3,-0.22,133.4,69.66,52273,235,133.0,135.0,132.0
2024-05-07,-1.3,-0.96,133.7,72.5,53949,297,135.0,135.9,133.6
2024-05-06,-1.0,-0.74,135.0,,110076,408,138.7,138.7,134.0
2024-05-05,-1.5,-1.09,136.0,,95053,371,137.6,138.8,135.5
2024-05-02,-3.8,-2.69,137.5,,123562,492,144.1,144.1,137.0
2024-04-30,1.6,1.15,141.3,,78388,318,142.4,142.4,139.0
2024-04-29,1.0,0.72,139.7,78.34,56473,231,141.4,141.4,138.0
2024-04-28,-0.4,-0.29,138.7,61.58,44272,231,141.8,141.8,138.0
2024-04-25,-0.5,-0.36,139.1,89.56,64133,225,140.0,140.8,138.1
2024-04-24,1.7,1.23,139.6,61.13,43990,203,140.0,140.0,137.0
2024-04-22,0.8,0.58,137.9,,91797,235,138.9,139.0,136.7
2024-04-21,-1.9,-1.37,137.1,64.51,46573,287,140.0,142.0,137.0
2024-04-18,1.4,1.02,139.0,,134005,259,138.0,139.3,137.0
2024-04-16,-0.4,-0.29,137.6,54.09,39191,220,137.0,139.0,136.2
2024-04-15,-1.1,-0.79,138.0,66.33,48007,282,136.7,139.3,136.7
2024-04-14,-2.9,-2.04,139.1,90.06,64568,294,141.1,141.6,139.0
2024-04-10,1.1,0.78,142.0,86.39,60817,307,142.0,143.0,141.0
2024-04-09,1.9,1.37,140.9,72.34,51324,341,140.0,142.0,139.0
2024-04-07,-0.1,-0.07,139.0,,85099,379,138.5,140.0,135.8
2024-04-04,-0.4,-0.29,139.1,69.45,49921,272,140.0,141.5,138.2
2024-04-03,0.2,0.14,139.5,95.79,68897,320,139.4,140.0,138.0
2024-04-02,-0.6,-0.43,139.3,91.49,65618,311,142.6,142.6,139.0
2024-04-01,-1.1,-0.78,139.9,70.72,50623,254,141.0,141.0,138.8
2024-03-31,0.0,0.0,141.0,74.65,53069,323,143.0,143.0,140.0
2024-03-28,-0.3,-0.21,141.0,53.48,37985,267,141.0,142.5,140.0
2024-03-27,-1.2,-0.84,141.3,59.11,41914,250,142.5,142.5,140.1
2024-03-26,0.5,0.35,142.5,63.11,44466,251,144.0,144.0,141.4
2024-03-25,-1.0,-0.7,142.0,69.39,48738,223,144.0,144.5,141.1
2024-03-21,0.2,0.14,143.0,,78100,329,142.0,144.5,142.0
2024-03-20,-2.2,-1.52,142.8,,90210,370,147.9,147.9,142.5
2024-03-19,-0.5,-0.34,145.0,,82215,306,145.0,146.5,144.0
2024-03-18,-0.5,-0.34,145.5,70.51,48642,233,148.9,148.9,143.1
2024-03-17,-2.9,-1.95,146.0,,68802,350,151.8,151.8,145.1
2024-03-14,-1.4,-0.93,148.9,78.93,53208,295,151.6,151.6,147.5
2024-03-13,0.3,0.2,150.3,,72367,332,152.0,152.0,149.2
2024-03-12,3.0,2.04,150.0,,94872,442,149.9,150.6,146.2
2024-03-10,2.0,1.38,147.0,82.98,56657,339,147.0,147.8,143.7
2024-03-07,1.1,0.76,145.0,67.45,46618,273,141.5,145.9,141.5
2024-03-06,0.0,0.0,143.9,,85534,366,145.9,149.0,141.0
2024-03-05,-8.0,-5.27,143.9,,91632,437,154.9,154.9,143.0
2024-03-04,10.9,7.73,151.9,4.73,3257,20,143.1,151.9,143.1
2024-03-03,-0.5,-0.35,141.0,87.49,62430,360,141.0,141.1,139.5
2024-02-29,-2.5,-1.74,141.5,,93101,411,144.0,145.5,141.2
2024-02-28,-3.0,-2.04,144.0,,118082,462,146.0,146.5,143.1
2024-02-27,-1.2,-0.81,147.0,,77943,325,148.0,148.3,146.6
2024-02-26,0.1,0.07,148.2,94.21,63747,276,148.0,149.5,147.0
2024-02-25,-1.3,-0.87,148.1,91.01,61284,334,149.0,151.0,148.0
2024-02-22,-1.2,-0.8,149.4,,74676,342,150.0,152.0,149.0
2024-02-21,0.2,0.13,150.6,80.22,53184,276,150.5,152.0,150.0
2024-02-20,1.0,0.67,150.4,87.53,58193,395,149.0,151.6,149.0
2024-02-18,-2.0,-1.32,149.4,,106527,508,153.4,153.4,149.4
2024-02-15,-1.3,-0.85,151.4,98.77,65033,370,152.5,154.7,151.1
2024-02-14,-0.3,-0.2,152.7,,82040,371,153.0,154.0,151.1
2024-02-13,-1.9,-1.23,153.0,,66118,337,155.0,155.0,153.0
2024-02-12,0.9,0.58,154.9,,67816,301,155.0,156.0,154.0
2024-02-11,0.1,0.06,154.0,94.19,61017,333,154.0,155.5,154.0
2024-02-07,0.4,0.26,154.4,87.54,56428,354,156.0,156.8,154.0
2024-02-06,0.0,0.0,154.0,,111956,443,155.4,155.4,153.0
2024-02-05,0.3,0.2,154.0,,71848,381,154.0,155.9,152.8
2024-02-04,-0.3,-0.19,153.7,,74863,432,155.0,155.7,153.6
2024-02-01,-1.5,-0.96,154.0,,117945,464,155.0,156.0,153.0
2024-01-31,-0.7,-0.45,155.5,,83101,434,157.9,157.9,155.0
2024-01-30,-0.4,-0.26,156.2,,134676,531,157.0,159.0,155.5
2024-01-29,-0.1,-0.06,156.6,,94419,476,158.0,158.8,156.0
2024-01-28,-1.3,-0.82,156.7,,91428,454,159.0,159.9,156.7
2024-01-25,1.0,0.64,158.0,,114629,490,158.0,159.4,156.4
2024-01-24,-1.3,-0.82,157.0,,108834,473,156.0,160.9,156.0
2024-01-23,-1.6,-1.0,158.3,,121105,536,159.0,159.5,157.9
2024-01-22,-3.1,-1.9,159.9,,209192,793,163.0,163.0,159.1
2024-01-21,-5.9,-3.49,163.0,,252100,922,166.0,167.0,162.1
2024-01-18,-2.0,-1.17,168.9,,134052,680,172.0,172.0,167.0
2024-01-17,2.1,1.24,170.9,,387650,1304,168.8,176.2,168.8
2024-01-16,4.0,2.43,168.8,,179667,804,165.0,170.0,165.0
2024-01-14,-0.1,-0.06,164.8,,105476,509,166.0,167.0,163.1
2024-01-11,-0.2,-0.12,164.9,,92040,406,166.0,166.9,162.7
2024-01-10,3.1,1.91,165.1,,177603,624,163.0,168.5,163.0
2024-01-09,0.4,0.25,162.0,,86246,429,163.0,163.5,161.1
2024-01-08,1.5,0.94,161.6,,113764,540,162.0,163.0,159.3
2024-01-07,-2.3,-1.42,160.1,,139715,514,162.1,164.0,160.0
2024-01-04,-0.7,-0.43,162.4,,101203,448,164.1,166.0,162.0
2024-01-03,2.0,1.24,163.1,,69611,376,163.0,164.3,161.0
2024-01-02,-0.9,-0.56,161.1,,73873,380,164.0,165.2,161.1
2024-01-01,-2.8,-1.7,162.0,,147143,567,165.0,167.0,162.0
2023-12-28,-1.2,-0.72,164.8,,104427,481,168.0,168.0,164.8
2023-12-27,0.7,0.42,166.0,,115877,599,167.0,169.3,164.5
2023-12-24,-5.7,-3.33,165.3,,141447,694,170.4,172.9,165.3
2023-12-21,-6.0,-3.39,171.0,,160473,660,177.0,177.0,170.4
2023-12-20,0.6,0.34,177.0,,183739,728,177.9,179.0,174.0
2023-12-19,5.5,3.22,176.4,,229752,810,173.4,176.4,171.1
2023-12-18,5.9,3.58,170.9,,296563,832,165.0,171.2,165.0
2023-12-17,-0.9,-0.54,165.0,,158354,493,164.0,166.5,160.2
2023-12-14,-0.1,-0.06,165.9,,63818,281,164.0,168.0,164.0
2023-12-13,1.0,0.61,166.0,,111895,415,168.3,170.0,164.8
2023-12-12,0.1,0.06,165.0,,95159,453,162.0,166.0,162.0
2023-12-11,-5.0,-2.94,164.9,,276466,1039,173.0,173.2,161.7
2023-12-10,13.9,8.91,169.9,26.55,15799,60,158.0,171.6,158.0
2023-12-07,0.0,0.0,156.0,92.17,59227,273,155.0,157.0,154.1
2023-12-06,0.3,0.19,156.0,75.83,48592,197,155.0,158.0,155.0
2023-12-05,-1.0,-0.64,155.7,66.86,42871,213,158.0,158.0,155.4
2023-12-04,0.6,0.38,156.7,74.31,47466,245,156.0,158.5,155.0
2023-12-03,0.1,0.06,156.1,55.2,35256,221,156.2,157.3,156.0
2023-11-30,-2.0,-1.27,156.0,94.26,60166,244,158.0,159.0,155.7
2023-11-29,-0.4,-0.25,158.0,49.5,31325,166,158.4,159.0,157.0
2023-11-28,0.9,0.57,158.4,79.61,50187,190,157.5,160.0,155.4
2023-11-27,-2.0,-1.25,157.5,,84609,350,161.0,161.8,157.1
2023-11-26,2.9,1.85,159.5,,69917,293,155.0,159.5,155.0
2023-11-23,-0.4,-0.25,156.6,50.83,32554,166,158.8,158.8,155.0
2023-11-22,0.5,0.32,157.0,44.48,28637,205,158.0,158.0,154.0
2023-11-21,0.9,0.58,156.5,85.92,55159,251,154.0,157.5,153.3
2023-11-20,1.6,1.04,155.6,73.06,46848,262,156.0,157.0,155.0
2023-11-09,-1.4,-0.9,154.0,82.11,53064,248,154.2,156.8,153.7
2023-11-08,0.4,0.26,155.4,66.65,42952,215,154.2,156.5,154.0
2023-11-07,-0.1,-0.06,155.0,84.42,54475,300,157.0,157.0,154.0
2023-11-06,0.1,0.06,155.1,,66020,327,154.9,156.7,154.1
2023-11-05,1.0,0.65,155.0,,110305,383,156.0,156.4,153.6
2023-11-02,-1.0,-0.65,154.0,62.59,40614,234,155.0,156.0,153.6
2023-11-01,-2.0,-1.27,155.0,78.89,50766,216,157.0,158.0,154.7
2023-10-31,0.1,0.06,157.0,41.57,26636,184,157.0,158.0,154.3
2023-10-30,-1.1,-0.7,156.9,74.77,48140,264,156.0,157.0,154.0
2023-10-29,0.0,0.0,158.0,37.5,23947,174,157.0,158.0,156.0
2023-10-19,-0.5,-0.32,158.0,,74619,236,158.0,160.4,152.3
2023-10-18,1.6,1.02,158.5,72.49,46055,221,156.3,159.0,155.1
2023-10-17,1.9,1.23,156.9,,106320,348,156.0,158.1,154.1
2023-10-16,-1.5,-0.96,155.0,,153893,484,157.0,157.9,153.7
2023-10-12,-1.5,-0.95,156.5,,143916,441,157.2,159.4,155.6
2023-10-11,-0.1,-0.06,158.0,68.37,43166,230,157.1,159.9,157.1
2023-10-10,0.0,0.0,158.1,,66290,246,157.3,159.8,157.3
2023-10-09,-1.0,-0.63,158.1,,77200,260,160.0,160.0,157.7
2023-10-08,-2.0,-1.24,159.1,,125132,348,157.9,161.0,156.2
2023-10-05,-0.4,-0.25,161.1,79.97,49689,205,162.0,162.0,160.2
2023-10-04,-0.3,-0.19,161.5,87.55,54501,259,163.0,163.0,160.0
2023-10-03,0.9,0.56,161.8,95.1,59217,241,160.0,161.9,159.0
2023-10-02,-0.1,-0.06,160.9,92.41,57630,353,160.0,161.9,159.2
2023-10-01,-0.7,-0.43,161.0,,84380,283,164.5,164.5,159.5
2023-09-27,-0.5,-0.31,161.7,67.65,42030,227,161.0,163.0,160.3
2023-09-26,0.4,0.25,162.2,,85759,332,161.2,165.0,161.0
2023-09-25,-1.0,-0.61,161.8,57.15,35261,236,165.0,165.0,161.5
2023-09-24,-0.2,-0.12,162.8,,63763,351,163.0,165.9,160.0
2023-09-21,2.2,1.37,163.0,,105747,474,161.0,166.0,161.0
2023-09-19,2.3,1.45,160.8,99.66,62533,258,158.0,161.2,157.5
2023-09-18,-1.3,-0.81,158.5,,72099,273,158.2,159.9,157.0
2023-09-17,-1.1,-0.68,159.8,,85162,353,162.0,162.0,159.0
2023-09-13,1.4,0.88,160.9,83.66,52112,249,161.0,161.8,159.1
2023-09-12,-1.5,-0.93,159.5,78.99,49055,225,163.0,163.0,159.1
2023-09-11,2.0,1.26,161.0,,89956,333,161.0,161.9,157.1
2023-09-10,0.1,0.06,159.0,,84747,389,159.89,160.5,157.3
2023-09-07,-2.1,-1.3,158.9,67.68,42456,294,160.5,161.0,158.3
2023-09-05,0.0,0.0,161.0,,74689,326,160.1,161.5,159.0
2023-09-04,-0.5,-0.31,161.0,89.64,55670,242,162.0,163.0,160.0
2023-09-03,0.0,0.0,161.5,,84590,286,161.0,162.2,160.4
2023-08-30,-0.5,-0.31,161.5,73.16,45028,266,165.2,165.2,161.2
2023-08-29,0.0,0.0,162.0,88.49,54482,273,163.0,163.0,161.6
2023-08-28,1.0,0.62,162.0,,76672,302,161.0,164.0,160.6
2023-08-27,-2.1,-1.29,161.0,92.39,57025,345,163.9,163.9,160.9
2023-08-24,-1.9,-1.15,163.1,,78848,295,166.0,166.7,162.2
2023-08-23,2.0,1.23,165.0,,83303,366,161.2,166.2,161.2
2023-08-22,0.8,0.49,163.0,,125732,478,163.0,165.1,160.0
2023-08-21,-1.8,-1.1,162.2,,69773,343,164.5,164.5,162.0
2023-08-20,0.3,0.18,164.0,,95562,390,163.1,165.0,162.3
2023-08-17,-0.3,-0.18,163.7,,82666,335,165.0,165.1,163.0
2023-08-16,-1.0,-0.61,164.0,,64111,355,165.0,165.9,163.0
2023-08-15,-1.6,-0.96,165.0,,78796,375,167.0,167.0,164.9
2023-08-14,-0.4,-0.24,166.6,,93239,416,168.3,170.0,166.1
2023-08-13,0.1,0.06,167.0,,84668,508,168.5,169.3,165.0
2023-08-10,1.1,0.66,166.9,,77909,430,165.0,168.2,164.0
2023-08-09,2.0,1.22,165.8,,96768,517,163.2,166.0,162.0
2023-08-08,-3.5,-2.09,163.8,,131953,655,168.0,168.0,163.0
2023-08-07,-2.9,-1.7,167.3,,170380,718,169.0,171.9,165.7
2023-08-06,-7.7,-4.33,170.2,,398277,1516,177.0,177.0,170.0
2023-08-03,1.8,1.02,177.9,,132132,597,177.8,180.9,177.0
2023-08-02,1.2,0.69,176.1,,122868,549,176.0,178.0,173.5
2023-08-01,-5.6,-3.1,174.9,,139095,728,182.9,183.9,174.6
2023-07-31,4.5,2.56,180.5,,159779,645,178.0,182.0,175.6
2023-07-30,-2.5,-1.4,176.0,,153783,709,180.0,180.0,175.5
2023-07-27,-2.5,-1.38,178.5,,179874,833,180.1,184.4,178.0
2023-07-26,-3.4,-1.84,181.0,,161906,746,184.0,186.9,181.0
2023-07-25,-4.5,-2.38,184.4,,260629,1162,190.0,190.0,182.8
2023-07-24,-3.9,-2.02,188.9,,784569,2942,193.0,206.0,185.0
2023-07-23,15.3,8.62,192.8,,491089,1884,180.0,195.1,176.5
2023-07-20,-1.4,-0.78,177.5,,305740,1379,180.0,182.4,176.3
2023-07-19,9.2,5.42,178.9,,391365,1380,167.7,179.5,167.7
2023-07-18,0.7,0.41,169.7,,216188,982,169.0,172.0,168.5
2023-07-17,6.4,3.94,169.0,,161071,774,162.0,170.0,161.2
2023-07-16,2.6,1.62,162.6,,136478,448,162.0,163.0,160.0
2023-07-13,1.0,0.63,160.0,,183895,601,161.0,163.0,159.6
2023-07-12,1.3,0.82,159.0,,144321,474,159.9,160.0,157.0
2023-07-11,-0.3,-0.19,157.7,,133908,485,156.0,158.5,156.0
2023-07-10,-0.7,-0.44,158.0,,110468,566,160.0,160.0,157.0
2023-07-09,0.7,0.44,158.7,,115727,554,155.0,166.2,155.0
2023-07-06,1.1,0.7,158.0,,214870,674,155.0,159.0,155.0
2023-07-05,-2.1,-1.32,156.9,,188716,718,155.9,162.1,155.9
2023-07-04,-1.0,-0.62,159.0,,157246,525,161.0,164.0,159.0
2023-07-03,-2.5,-1.54,160.0,,128008,607,162.0,162.9,159.5
2023-07-02,-4.5,-2.69,162.5,,113904,540,169.0,169.0,162.1
2023-06-28,-5.0,-2.91,167.0,,201257,881,174.0,175.0,167.0
2023-06-27,10.3,6.37,172.0,,243075,1043,163.0,172.0,161.0
2023-06-26,0.2,0.12,161.7,,137271,560,161.5,164.5,160.5
2023-06-25,0.5,0.31,161.5,,171746,714,160.0,162.7,159.1
2023-06-22,-1.4,-0.86,161.0,,160937,678,163.0,163.0,160.0
2023-06-21,-1.6,-0.98,162.4,,120356,401,165.0,166.0,162.4
2023-06-20,1.0,0.61,164.0,,91803,322,165.0,166.5,163.0
2023-06-19,-1.6,-0.97,163.0,,115637,484,166.0,166.0,162.6
2023-06-18,-0.2,-0.12,164.6,,106105,523,165.0,166.0,163.6
2023-06-15,-0.2,-0.12,164.8,,73145,378,167.0,167.5,163.7
2023-06-14,1.0,0.61,165.0,,191206,724,167.2,168.0,163.0
2023-06-13,1.0,0.61,164.0,,154602,518,166.0,166.0,160.0
2023-06-12,0.0,0.0,163.0,,81255,314,166.0,166.0,162.0
2023-06-11,2.9,1.81,163.0,,94488,397,163.0,164.0,161.2
2023-06-08,-1.9,-1.17,160.1,,119485,364,165.0,165.0,159.8
2023-06-07,0.0,0.0,162.0,,114065,327,165.2,165.2,160.9
2023-06-06,1.4,0.87,162.0,,122735,321,161.9,162.9,159.1
2023-06-05,-2.4,-1.47,160.6,,82456,363,162.0,164.3,160.5
2023-06-04,2.0,1.24,163.0,,80653,303,162.0,166.0,160.1
2023-06-01,1.6,1.0,161.0,,102019,457,160.0,163.0,158.7
2023-05-31,-4.7,-2.86,159.4,,219066,904,164.0,165.0,159.0
2023-05-30,-3.9,-2.32,164.1,,72977,350,168.0,170.0,164.0
2023-05-28,-1.0,-0.59,168.0,,105971,453,170.0,171.0,167.0
2023-05-24,-0.5,-0.29,169.0,,60591,312,171.0,171.7,168.5
2023-05-23,2.6,1.56,169.5,,71347,338,168.0,170.0,167.0
2023-05-22,1.5,0.91,166.9,,77210,314,166.0,167.5,164.6
2023-05-21,-0.6,-0.36,165.4,,77294,385,168.0,169.3,165.4
2023-05-18,1.9,1.16,166.0,,65982,340,166.9,167.0,163.0
2023-05-17,1.1,0.67,164.1,67.29,40857,255,164.0,166.0,163.1
2023-05-16,0.0,0.0,163.0,59.57,36404,222,165.0,165.0,162.7
2023-05-15,-3.0,-1.81,163.0,,139630,571,165.1,165.1,163.0
2023-05-14,-0.3,-0.18,166.0,85.45,51356,285,166.0,169.3,165.0
2023-05-11,1.0,0.6,166.3,51.7,31205,185,164.1,167.0,164.1
2023-05-10,-0.2,-0.12,165.3,92.26,55810,222,165.0,167.0,164.0
2023-05-09,1.1,0.67,165.5,,70072,327,165.9,167.5,163.8
2023-05-08,-1.6,-0.96,164.4,89.77,54380,337,168.0,168.0,164.1
2023-05-07,-0.5,-0.3,166.0,,62512,383,166.0,167.0,164.0
2023-05-04,0.4,0.24,166.5,71.89,43241,305,168.0,168.0,165.1
2023-05-03,0.0,0.0,166.1,66.01,39809,252,167.0,167.0,165.0
2023-05-02,-0.4,-0.24,166.1,,89946,397,166.5,168.0,165.1
2023-04-30,-2.5,-1.48,166.5,,82812,456,169.0,169.0,166.4
2023-04-27,0.0,0.0,169.0,67.8,40182,246,167.5,170.0,167.5
2023-04-26,-3.0,-1.74,169.0,83.67,49396,308,170.2,173.0,168.0
2023-04-25,2.0,1.18,172.0,69.86,40743,229,170.0,173.0,169.8
2023-04-24,1.8,1.07,170.0,93.0,55175,267,170.0,170.0,167.0
2023-04-23,-1.1,-0.65,168.2,91.83,54539,303,170.0,170.0,167.0
2023-04-20,-0.7,-0.41,169.3,77.96,45793,296,172.0,174.0,168.7
2023-04-19,0.0,0.0,170.0,88.59,52017,394,172.0,174.9,169.9
2023-04-18,-1.0,-0.58,170.0,97.19,57282,349,171.5,171.5,168.5
2023-04-17,-1.9,-1.1,171.0,,58758,387,175.0,175.0,170.0
2023-04-16,-1.1,-0.63,172.9,89.47,51480,362,175.0,176.0,172.2
2023-04-13,-5.9,-3.28,174.0,,101447,562,183.4,183.4,173.9
2023-04-12,10.5,6.2,179.9,,127923,655,171.0,181.0,171.0
2023-04-11,3.4,2.05,169.4,,187594,433,169.2,171.9,165.1
2023-04-10,-1.5,-0.9,166.0,,71067,414,166.0,169.5,166.0
2023-04-09,-2.5,-1.47,167.5,,93833,504,170.0,170.0,166.0
2023-04-06,0.7,0.41,170.0,,68305,387,171.0,171.1,168.0
2023-04-05,0.2,0.12,169.3,,73721,457,167.8,170.9,167.0
2023-04-04,-1.9,-1.11,169.1,76.1,44888,361,171.0,172.0,168.8
2023-04-03,1.0,0.59,171.0,64.73,37878,237,170.0,171.9,170.0
2023-04-02,-2.0,-1.16,170.0,,64710,400,174.5,175.0,170.0
2023-03-30,-0.1,-0.06,172.0,68.75,39773,320,174.0,174.1,171.5
2023-03-29,-2.1,-1.21,172.1,92.13,53480,367,171.5,176.6,171.0
2023-03-28,-0.7,-0.4,174.2,,82969,466,175.0,177.0,173.0
2023-03-27,1.6,0.92,174.9,97.31,56374,419,173.3,175.0,170.6
2023-03-26,-2.7,-1.53,173.3,,68188,474,175.0,178.0,172.1
2023-03-23,-1.0,-0.56,176.0,,84985,523,177.0,181.0,174.0
2023-03-22,-2.0,-1.12,177.0,,56451,405,180.0,180.0,176.5
2023-03-20,0.9,0.51,179.0,93.3,52352,342,178.2,180.3,176.4
2023-03-19,-1.9,-1.06,178.1,,82772,505,176.5,180.3,176.4
2023-03-16,-2.5,-1.37,180.0,52.1,28942,242,180.0,182.3,178.9
2023-03-15,-1.5,-0.82,182.5,,55901,258,184.0,184.0,179.5
2023-03-14,0.0,0.0,184.0,59.38,32347,217,184.0,186.0,182.4
2023-03-13,-1.0,-0.54,184.0,68.69,37402,222,184.0,185.0,182.5
2023-03-12,-3.0,-1.6,185.0,46.3,24862,246,189.1,190.7,185.0
2023-03-09,2.5,1.35,188.0,61.09,32496,227,187.2,189.1,185.0
2023-03-07,0.1,0.05,185.5,52.29,28088,234,185.0,187.5,184.1
2023-03-05,-1.6,-0.86,185.4,73.92,39485,198,187.0,192.0,185.0
2023-03-02,-1.0,-0.53,187.0,52.44,28214,204,185.3,189.0,184.2
2023-03-01,1.0,0.53,188.0,61.61,32820,189,189.6,189.6,186.5
2023-02-28,1.0,0.54,187.0,39.32,20981,141,187.0,188.7,186.0
2023-02-27,-3.5,-1.85,186.0,,60141,294,190.0,190.0,185.0
2023-02-26,0.3,0.16,189.5,51.1,27291,235,188.0,190.0,186.0
2023-02-23,0.2,0.11,189.2,73.29,38576,248,188.0,192.8,188.0
2023-02-22,0.0,0.0,189.0,67.14,35303,211,190.0,192.0,188.3
2023-02-20,-0.2,-0.11,189.0,65.99,35018,265,191.9,193.0,187.5
2023-02-16,-1.4,-0.73,189.2,61.79,32439,258,193.4,193.4,189.2
2023-02-15,-3.0,-1.55,190.6,85.27,44584,232,193.0,194.0,190.3
2023-02-14,-0.4,-0.21,193.6,57.17,29682,243,196.0,196.0,191.8
2023-02-12,-6.0,-3.0,194.0,74.28,38077,261,199.0,199.0,193.2
2023-02-09,-2.9,-1.43,200.0,74.98,37479,183,201.0,203.9,198.9
2023-02-08,0.9,0.45,202.9,,114199,363,204.0,206.0,198.1
2023-02-07,11.4,5.98,202.0,,54331,324,193.0,202.9,193.0
2023-02-06,-0.4,-0.21,190.6,51.92,27169,188,193.7,193.7,190.0
2023-02-05,0.5,0.26,191.0,,53046,290,192.0,193.2,190.0
2023-02-02,-2.3,-1.19,190.5,86.35,45127,259,195.0,195.0,190.1
2023-02-01,-0.2,-0.1,192.8,80.82,42027,265,192.0,195.8,191.0
2023-01-31,-4.0,-2.03,193.0,,55631,320,198.9,198.9,193.0
2023-01-30,-3.5,-1.75,197.0,,59341,323,200.0,201.0,195.0
2023-01-29,-2.0,-0.99,200.5,,50286,278,202.0,204.3,200.0
2023-01-26,0.0,-0.74,202.5,,27448,0,202.5,204.9,202.3
2023-01-25,0.0,-0.44,204.0,,33972,0,204.9,207.0,202.1
2023-01-24,0.0,-0.63,204.9,,55439,0,206.9,207.0,202.5
2023-01-23,0.0,-2.27,206.2,,108264,0,207.0,210.0,206.0
2023-01-19,0.0,1.2,211.0,,84758,0,208.0,213.0,207.5
2023-01-18,0.0,-0.24,208.5,,83222,0,213.0,213.0,207.1
2023-01-17,0.0,-0.95,209.0,,67350,0,211.0,214.0,206.0
2023-01-12,0.0,-1.77,211.0,,116158,0,218.0,227.0,209.6
2023-01-10,0.0,3.27,214.8,,259254,0,211.1,228.0,211.1
2023-01-09,0.0,5.05,208.0,,181511,0,198.0,209.0,196.2
2023-01-08,0.0,-0.45,198.0,,108234,0,196.0,202.0,196.0
2023-01-05,0.0,-0.3,198.9,,114292,0,199.5,204.0,198.0
2023-01-04,0.0,1.84,199.5,,71643,0,197.0,200.0,194.3
2023-01-03,0.0,-0.76,195.9,,53549,0,198.0,199.9,195.0
2023-01-02,0.0,0.66,197.4,,39098,0,198.0,198.0,194.0
2023-01-01,0.0,-0.91,196.1,,60647,0,200.0,201.8,195.1
2022-12-29,0.0,1.18,197.9,,78438,0,198.0,198.2,192.0
2022-12-28,0.0,-1.71,195.6,,51306,0,201.9,202.0,193.0
2022-12-27,0.0,4.19,199.0,,71029,0,193.8,200.0,192.0
2022-12-26,0.0,3.13,191.0,,45092,0,187.9,192.5,187.7
2022-12-22,0.0,-0.43,185.2,,31628,0,186.0,187.5,185.0
2022-12-21,0.0,-1.22,186.0,,29260,0,187.0,190.9,185.0
2022-12-20,0.0,0.86,188.3,,36571,0,188.0,191.0,185.3
2022-12-19,0.0,0.32,186.7,,23791,0,187.6,187.7,186.0
2022-12-18,0.0,-1.84,186.1,,42418,0,189.3,190.0,185.8
2022-12-15,0.0,0.45,201.9,,89170,0,202.0,203.8,199.2
2022-12-14,0.0,1.36,201.0,,17513,0,198.3,201.0,198.3
2022-12-13,0.0,-1.78,198.3,,53934,0,203.0,203.0,198.0
2022-12-12,0.0,1.2,201.9,,106330,0,199.9,202.0,198.1
2022-12-11,0.0,-1.68,199.5,,41104,0,200.2,204.0,198.6
2022-12-07,0.0,-0.15,202.9,,43142,0,204.0,204.8,201.5
2022-12-06,0.0,-0.39,203.2,,25910,0,206.9,206.9,200.9
2022-12-05,0.0,-1.45,204.0,,32515,0,204.2,208.0,203.1
2022-12-04,0.0,-0.62,207.0,,43319,0,208.6,210.0,206.0
2022-12-01,0.0,-0.86,208.3,,37985,0,210.3,211.0,207.2
2022-11-30,0.0,-0.47,210.1,,38601,0,210.9,214.0,208.6
2022-11-29,0.0,-0.85,211.1,,23118,0,210.7,213.3,210.0
2022-11-28,0.0,-0.51,212.9,,52896,0,216.0,216.0,210.0
2022-11-27,0.0,0.94,214.0,,40854,0,212.0,214.9,210.0
2022-11-24,0.0,-0.24,212.0,,20713,0,211.5,213.0,210.2
2022-11-23,0.0,-0.7,212.5,,11435,0,214.0,214.0,210.8
2022-11-22,0.0,-2.28,214.0,,40930,0,216.9,220.0,213.0
2022-11-17,0.0,1.86,219.0,,36875,0,215.0,219.3,215.0
2022-11-16,0.0,1.42,215.0,,34758,0,214.0,215.0,212.0
2022-11-15,0.0,0.0,212.0,,20217,0,212.0,215.0,210.0
2022-11-14,0.0,1.44,212.0,,16303,0,206.5,212.0,206.4
2022-11-13,0.0,-0.48,209.0,,26662,0,212.0,213.0,207.0
2022-11-10,0.0,-1.41,210.0,,35501,0,216.9,216.9,210.0
2022-11-09,0.0,-2.38,213.0,,60035,0,218.0,220.0,212.5
2022-11-08,0.0,-1.58,218.2,,23625,0,222.0,222.0,217.5
2022-11-07,0.0,0.77,221.7,,94381,0,220.0,224.4,215.7
2022-11-06,0.0,1.38,220.0,,63085,0,218.0,221.0,216.0
2022-11-03,0.0,-2.47,217.0,,51206,0,222.5,223.0,217.0
2022-11-02,0.0,-0.22,222.5,,81043,0,227.0,227.0,220.0
2022-11-01,0.0,4.21,223.0,,85906,0,215.0,224.0,212.1
2022-10-31,0.0,4.9,214.0,,131761,0,208.0,214.4,204.3
2022-10-23,0.0,-0.73,204.0,,73237,0,203.0,206.0,202.0
2022-10-20,0.0,-0.53,205.5,,12193,0,207.0,207.0,202.5
2022-10-19,0.0,-0.19,206.6,,21482,0,210.0,210.0,203.2
2022-10-17,0.0,3.55,207.0,,129702,0,200.0,207.0,200.0
2022-10-16,0.0,-0.25,199.9,,62014,0,199.0,203.5,198.0
2022-10-13,0.0,0.17,200.4,,70609,0,205.0,205.0,198.0
2022-10-12,0.0,0.9,202.0,,37499,0,204.0,204.0,198.0
2022-10-11,0.0,-0.89,200.2,,22959,0,202.0,202.9,198.9
2022-10-10,0.0,-1.46,202.0,,21014,0,206.0,206.0,201.0
2022-10-09,0.0,1.99,205.0,,21366,0,200.0,205.0,200.0
2022-09-29,0.0,0.5,201.0,,21917,0,200.0,201.0,198.4
2022-09-28,0.0,-0.5,200.0,,20604,0,203.0,203.0,199.1
2022-09-27,0.0,3.08,201.0,,45712,0,194.0,205.0,193.5
2022-09-25,0.0,-2.35,195.0,,43414,0,196.2,198.0,193.2
2022-09-22,0.0,0.86,199.7,,26570,0,199.8,200.0,196.1
2022-09-21,0.0,1.02,198.0,,21911,0,195.7,200.0,195.0
2022-09-20,0.0,-1.11,196.0,,53906,0,198.3,200.0,195.8
2022-09-18,0.0,-1.39,198.2,,44471,0,199.0,201.0,197.9
2022-09-16,0.0,-1.18,201.0,,20080,0,203.0,203.5,199.5
2022-09-15,0.0,-2.68,203.4,,41314,0,209.0,210.0,202.0
2022-09-14,0.0,2.2,209.0,,60345,0,205.9,210.5,204.0
2022-09-13,0.0,0.74,204.5,,16771,0,204.0,205.8,203.2
2022-09-12,0.0,0.0,203.0,,22968,0,204.0,204.0,202.0
2022-09-11,0.0,-1.17,203.0,,31922,0,205.0,207.5,202.1
2022-09-08,0.0,0.93,205.4,,30731,0,203.5,206.0,203.0
2022-09-07,0.0,-0.25,203.5,,14389,0,204.0,205.0,203.4
2022-09-06,0.0,-0.73,204.0,,19571,0,204.3,207.0,204.0
2022-09-05,0.0,-0.19,205.5,,21344,0,207.0,207.0,205.0
2022-09-04,0.0,0.54,205.9,,21712,0,203.0,207.0,203.0
2022-09-02,0.0,0.44,204.8,,9723,0,200.0,208.7,200.0
2022-09-01,0.0,-0.29,203.9,,33371,0,203.0,206.9,203.0
2022-08-31,0.0,-0.73,204.5,,25427,0,206.0,208.0,204.1
2022-08-30,0.0,-0.48,206.0,,19179,0,207.0,208.7,205.1
2022-08-29,0.0,0.49,207.0,,24989,0,206.0,207.9,204.5
2022-08-28,0.0,-0.58,206.0,,75701,0,210.0,210.5,204.1
2022-08-26,0.0,-0.67,207.2,,10718,0,211.8,211.8,207.0
2022-08-25,0.0,-0.67,208.6,,32988,0,211.0,212.0,208.0
2022-08-24,0.0,0.1,210.0,,37915,0,211.0,212.9,209.0
2022-08-23,0.0,0.87,209.8,,33396,0,212.0,212.0,208.1
2022-08-22,0.0,-0.95,208.0,,42589,0,211.8,211.8,207.9
2022-08-21,0.0,0.0,210.0,,36400,0,214.0,214.1,209.3
2022-08-18,0.0,1.2,210.0,,32614,0,209.0,211.0,208.0
2022-08-17,0.0,0.24,207.5,,49644,0,205.0,210.0,205.0
2022-08-16,0.0,-1.43,207.0,,44638,0,211.8,214.0,207.0
2022-08-15,0.0,1.94,210.0,,32888,0,202.0,210.0,202.0
2022-08-14,0.0,-0.24,206.0,,42616,0,205.1,210.0,205.0
2022-08-11,0.0,-0.67,206.5,,58647,0,208.0,210.0,206.2
2022-08-10,0.0,-0.29,207.9,,68306,0,208.0,210.0,205.1
2022-08-09,0.0,-1.79,208.5,,61451,0,212.0,213.0,208.0
2022-08-08,0.0,0.14,212.3,,47638,0,214.0,214.9,211.1
2022-08-07,0.0,0.0,212.0,,62109,0,214.0,216.0,210.5
2022-08-05,0.0,-1.85,212.0,,67012,0,217.0,218.0,211.7
2022-08-04,0.0,-1.37,216.0,,58580,0,223.0,223.0,213.0
2022-08-03,0.0,-1.31,219.0,,119208,0,225.0,225.0,218.0
2022-08-02,0.0,-1.16,221.9,,69878,0,224.5,224.9,220.0
2022-08-01,0.0,-2.81,224.5,,182084,0,227.0,227.0,220.0
2022-07-31,0.0,3.17,231.0,,172257,0,227.6,234.5,220.0
2022-07-29,0.0,1.63,223.9,,37276,0,220.0,224.6,219.0
2022-07-28,0.0,-1.21,220.3,,92053,0,225.0,229.0,219.0
2022-07-27,0.0,-0.76,223.0,,58265,0,224.0,224.4,221.0
2022-07-26,0.0,-3.1,224.7,,98696,0,234.9,234.9,223.1
2022-07-25,0.0,3.11,231.9,,127889,0,229.0,232.5,226.0
2022-07-24,0.0,5.44,224.9,,269339,0,217.0,227.0,216.0
2022-07-22,0.0,-1.39,213.3,,46472,0,214.0,216.9,212.0
2022-07-21,0.0,-0.73,216.3,,32403,0,217.9,218.8,215.0
2022-07-20,0.0,-0.59,217.9,,28333,0,215.0,222.0,215.0
2022-07-19,0.0,0.27,219.2,,56258,0,222.0,222.0,218.0
2022-07-18,0.0,0.83,218.6,,30190,0,216.0,218.8,213.1
2022-07-17,0.0,4.73,216.8,,68777,0,211.1,218.0,206.9
2022-07-15,0.0,0.0,207.0,,29174,0,209.0,209.0,204.0
2022-07-14,0.0,0.0,207.0,,46314,0,211.0,211.0,205.1
2022-07-13,0.0,2.48,207.0,,51389,0,203.0,207.0,200.5
2022-07-12,0.0,-1.46,202.0,,83972,0,209.1,209.1,201.0
2022-07-11,0.0,-3.3,205.0,,75231,0,212.0,212.0,204.9
2022-07-08,0.0,-0.84,212.0,,42046,0,218.0,218.0,212.0
2022-07-07,0.0,-0.74,213.8,,64878,0,218.0,221.0,213.4
2022-07-06,0.0,1.13,215.4,,55590,0,217.0,217.0,211.0
2022-07-05,0.0,-2.25,213.0,,58774,0,215.0,220.0,213.0
2022-07-04,0.0,-0.5,217.9,,122428,0,221.0,224.0,217.0
2022-07-03,0.0,0.46,219.0,,57000,0,219.0,221.9,216.0
2022-07-01,0.0,-1.8,218.0,,48994,0,224.0,224.0,217.0
2022-06-30,0.0,3.02,222.0,,72418,0,218.0,222.0,215.0
2022-06-29,0.0,1.17,215.5,,68097,0,217.2,218.0,211.0
2022-06-28,0.0,-1.39,213.0,,41007,0,220.0,220.0,212.0
2022-06-27,0.0,-1.37,216.0,,51644,0,221.0,221.0,215.0
2022-06-26,0.0,2.53,219.0,,74616,0,217.0,221.2,214.0
2022-06-24,0.0,-1.07,213.6,,23135,0,213.0,217.8,212.0
2022-06-23,0.0,-0.46,215.9,,34778,0,216.0,216.0,212.1
2022-06-22,0.0,-0.05,216.9,,33743,0,217.0,218.0,213.8
2022-06-21,0.0,1.4,217.0,,43025,0,215.8,219.0,212.5
2022-06-20,0.0,-3.39,214.0,,74344,0,220.5,220.5,212.2
2022-06-19,0.0,-1.12,221.5,,70042,0,224.0,224.0,220.0
2022-06-17,0.0,-1.32,224.0,,19050,0,231.0,231.0,223.0
2022-06-16,0.0,-0.22,227.0,,60389,0,232.0,232.0,222.1
2022-06-15,0.0,-0.66,227.5,,84540,0,233.5,234.9,224.1
2022-06-14,0.0,-1.29,229.0,,24409,0,232.0,232.0,227.0
2022-06-13,0.0,-2.11,232.0,,33922,0,235.0,236.0,232.0
2022-06-10,0.0,-0.42,237.0,,26928,0,242.0,242.0,234.0
2022-06-09,0.0,-0.83,238.0,,27250,0,240.5,243.0,235.2
2022-06-08,0.0,3.0,240.0,,36513,0,235.0,242.0,229.6
2022-06-07,0.0,-2.92,233.0,,52964,0,243.0,243.0,232.5
2022-06-06,0.0,-0.41,240.0,,36663,0,241.0,244.8,237.2
2022-06-03,0.0,-2.39,241.0,,54574,0,246.9,246.9,239.8
2022-06-02,0.0,-0.24,246.9,,29698,0,250.0,250.0,245.0
2022-06-01,0.0,-0.2,247.5,,20763,0,250.0,250.0,245.0
2022-05-31,0.0,-0.8,248.0,,30380,0,250.0,250.0,246.0
2022-05-30,0.0,-1.96,250.0,,49875,0,255.0,255.0,247.0
2022-05-27,0.0,-0.78,255.0,,61702,0,262.1,262.1,252.0
2022-05-26,0.0,0.78,257.0,,23464,0,259.8,260.0,255.0
2022-05-25,0.0,1.19,255.0,,20679,0,254.0,255.0,252.1
2022-05-24,0.0,0.4,252.0,,25665,0,256.0,256.0,247.0
2022-05-23,0.0,-1.22,251.0,,40271,0,254.0,254.0,249.0
2022-05-20,0.0,-0.35,254.1,,19890,0,252.0,259.0,252.0
2022-05-19,0.0,-1.54,255.0,,22095,0,259.0,263.8,255.0
2022-05-18,0.0,0.01,259.0,,13711,0,254.0,260.0,251.0
2022-05-17,0.0,-3.66,255.3,,23639,0,265.0,265.0,255.2
2022-05-12,0.0,-0.93,265.0,,35333,0,272.0,272.0,263.0
2022-05-11,0.0,2.14,267.5,,36855,0,265.9,269.9,261.0
2022-05-10,0.0,3.23,261.9,,44922,0,253.0,262.0,253.0
2022-05-09,0.0,2.71,253.7,,66004,0,251.9,257.5,250.0
2022-05-08,0.0,-0.04,247.0,,56219,0,252.0,252.0,242.0
2022-05-05,0.0,-3.1,247.1,,97738,0,251.0,256.0,245.0
2022-05-04,0.0,-1.92,255.0,,71519,0,260.0,261.0,251.0
2022-05-02,0.0,-1.52,260.0,,34159,0,265.1,267.9,260.0
2022-04-28,0.0,-1.49,264.0,,51477,0,273.3,273.3,264.0
2022-04-27,0.0,0.37,268.0,,28864,0,267.0,271.7,264.1
2022-04-26,0.0,-0.74,267.0,,17236,0,269.0,274.0,265.0
2022-04-25,0.0,-1.82,269.0,,38721,0,275.0,277.0,269.0
2022-04-24,0.0,3.4,274.0,,30884,0,270.3,275.0,265.1
2022-04-21,0.0,-1.12,265.0,,57543,0,273.3,273.3,259.5
2022-04-20,0.0,-2.9,268.0,,81896,0,281.5,281.5,264.0
2022-04-19,0.0,0.73,276.0,,51392,0,279.4,279.4,266.3
2022-04-18,0.0,-1.79,274.0,,40803,0,276.2,279.0,272.6
2022-04-17,0.0,0.36,279.0,,37849,0,283.5,288.0,276.0
2022-04-13,0.0,0.72,278.0,,75418,0,280.0,280.0,274.0
2022-04-12,0.0,-0.36,276.0,,34450,0,277.0,279.0,275.0
2022-04-11,0.0,-1.07,277.0,,52131,0,282.0,291.3,276.0
2022-04-07,0.0,1.12,280.0,,62361,0,280.0,282.0,275.0
2022-04-06,0.0,-1.77,276.9,,53469,0,281.0,285.0,275.0
2022-04-05,0.0,-0.91,281.9,,57682,0,290.1,290.1,280.0
2022-04-04,0.0,-1.22,284.5,,62098,0,293.7,293.7,284.0
2022-04-03,0.0,-1.03,288.0,,25747,0,286.1,291.8,286.1
2022-03-31,0.0,-0.95,291.0,,67594,0,294.0,296.0,290.0
2022-03-30,0.0,1.24,293.8,,46594,0,294.0,294.0,289.1
2022-03-29,0.0,-0.96,290.2,,35687,0,295.0,295.0,290.1
2022-03-28,0.0,-1.68,293.0,,32685,0,298.0,298.0,292.2
2022-03-27,0.0,-0.63,298.0,,80222,0,299.9,300.0,294.0
2022-03-24,0.0,-0.03,299.9,,57856,0,300.0,303.0,295.0
2022-03-23,0.0,-1.7,300.0,,105526,0,305.0,307.0,299.5
2022-03-22,0.0,0.56,305.2,,46422,0,303.5,309.0,303.5
2022-03-21,0.0,0.5,303.5,,33078,0,303.0,304.0,298.4
2022-03-20,0.0,-0.66,302.0,,49036,0,304.0,305.0,298.0
2022-03-16,0.0,-0.62,304.0,,60116,0,304.0,308.0,301.0
2022-03-15,0.0,-0.68,305.9,,95721,0,308.0,308.0,300.9
2022-03-14,0.0,0.0,308.0,,28122,0,309.0,311.0,305.0
2022-03-13,0.0,4.44,308.0,,131041,0,297.0,311.0,296.1
2022-03-10,0.0,1.06,294.9,,89745,0,294.0,295.0,289.0
2022-03-09,0.0,-0.75,291.8,,46099,0,295.0,297.0,289.1
2022-03-07,0.0,0.34,294.0,,118944,0,295.0,297.0,288.0
2022-03-06,0.0,0.0,293.0,,86424,0,294.0,299.0,292.0
2022-03-02,0.0,-2.1,293.0,,116445,0,300.0,301.0,291.0
2022-02-28,0.0,-0.4,299.3,,89597,0,303.0,308.0,298.2
2022-02-27,0.0,-0.5,300.5,,89642,0,302.0,308.0,300.0
2022-02-24,0.0,-2.23,302.0,,118903,0,308.0,309.9,300.0
2022-02-23,0.0,-1.44,308.9,,55582,0,313.4,315.0,308.1
2022-02-22,0.0,1.42,313.4,,83855,0,311.0,315.1,311.0
2022-02-21,0.0,1.64,309.0,,78811,0,305.0,313.0,304.0
2022-02-20,0.0,-1.94,304.0,,79934,0,309.0,309.9,302.9
2022-02-17,0.0,0.65,310.0,,39663,0,310.0,314.0,309.0
2022-02-16,0.0,-2.22,308.0,,78923,0,315.0,317.0,308.0
2022-02-15,0.0,2.27,315.0,,83609,0,312.0,315.0,307.0
2022-02-14,0.0,-0.16,308.0,,74121,0,307.0,313.0,307.0
2022-02-13,0.0,-2.09,308.5,,122861,0,310.0,312.0,304.0
2022-02-10,0.0,-1.28,315.1,,88446,0,317.0,323.0,315.0
2022-02-09,0.0,-1.78,319.2,,95046,0,324.5,326.0,319.2
2022-02-08,0.0,0.0,325.0,,101311,0,331.5,339.0,323.4
2022-02-07,0.0,-0.91,325.0,,126569,0,327.0,328.0,324.0
2022-02-06,0.0,-1.5,328.0,,46551,0,331.9,333.0,327.0
2022-02-03,0.0,-0.3,333.0,,96481,0,336.0,339.9,331.5
2022-02-01,0.0,0.6,334.0,,103728,0,327.1,334.0,326.0
2022-01-31,0.0,-1.78,332.0,,72801,0,340.0,341.0,331.2
2022-01-30,0.0,3.36,338.0,,83176,0,333.5,344.0,332.6
2022-01-27,0.0,0.0,327.0,,57733,0,330.9,333.5,325.2
2022-01-26,0.0,-1.36,327.0,,74648,0,330.0,334.0,325.0
2022-01-25,0.0,-1.07,331.5,,91851,0,341.8,341.8,330.0
2022-01-24,0.0,-4.26,335.1,,175680,0,350.0,350.0,334.0
2022-01-23,0.0,-4.11,350.0,,287949,0,367.0,367.0,348.0
2022-01-20,0.0,-0.27,365.0,,86907,0,370.0,370.0,361.0
2022-01-19,0.0,1.39,366.0,,256420,0,368.2,377.0,358.0
2022-01-18,0.0,5.56,361.0,,423443,0,348.0,366.0,344.1
2022-01-17,0.0,0.59,342.0,,125583,0,345.9,353.0,337.5
2022-01-16,0.0,1.49,340.0,,148315,0,335.0,344.0,334.0
2022-01-13,0.0,0.9,335.0,,80445,0,332.0,336.6,327.0
2022-01-12,0.0,-1.78,332.0,,94046,0,340.0,343.0,328.0
2022-01-11,0.0,0.45,338.0,,74992,0,337.0,340.0,332.0
2022-01-10,0.0,-0.15,336.5,,136075,0,343.0,350.0,332.0
2022-01-09,0.0,3.69,337.0,,632080,0,329.4,338.0,324.4
2022-01-06,0.0,1.59,325.0,,56965,0,314.0,328.0,313.6
2022-01-05,0.0,-2.77,319.9,,81901,0,331.0,334.0,318.0
2022-01-04,0.0,6.13,329.0,,136196,0,316.2,329.0,306.2
2022-01-03,0.0,1.64,310.0,,86056,0,311.1,314.0,305.1
2022-01-02,0.0,1.53,305.0,,63255,0,306.4,308.0,300.1
2021-12-29,0.0,0.13,300.4,,33027,0,303.0,303.0,297.0
2021-12-28,0.0,-0.3,300.0,,49690,0,300.0,303.0,295.1
2021-12-27,0.0,-2.31,300.9,,86596,0,310.0,310.0,300.0
2021-12-26,0.0,1.28,308.0,,69569,0,305.0,311.0,304.1
2021-12-23,0.0,-1.27,304.1,,73515,0,314.1,314.1,304.0
2021-12-22,0.0,4.05,308.0,,88893,0,301.9,310.0,300.0
2021-12-21,0.0,2.53,296.0,,74695,0,285.0,296.0,285.0
2021-12-20,0.0,-2.05,288.7,,83209,0,294.0,295.0,285.3
2021-12-16,0.0,0.64,330.1,,285599,0,328.0,334.0,328.0
2021-12-15,0.0,1.23,328.0,,107829,0,330.4,341.0,324.0
2021-12-14,0.0,4.18,324.0,,49046,0,315.0,326.0,313.0
2021-12-13,0.0,-2.51,311.0,,158779,0,313.0,318.9,305.0
2021-12-12,0.0,-2.89,319.0,,92677,0,330.0,330.0,318.9
2021-12-09,0.0,1.11,328.5,,46497,0,330.9,331.5,325.0
2021-12-08,0.0,-2.72,324.9,,75993,0,336.5,337.0,323.0
2021-12-07,0.0,-0.89,334.0,,60917,0,342.0,343.7,334.0
2021-12-06,0.0,0.0,337.0,,65450,0,336.0,340.0,323.5
2021-12-05,0.0,-1.61,337.0,,62272,0,343.0,343.0,332.0
2021-12-02,0.0,-1.58,342.5,,46064,0,350.0,351.0,341.1
2021-12-01,0.0,-0.14,348.0,,20974,0,348.0,350.0,345.0
2021-11-30,0.0,-0.66,348.5,,71448,0,355.0,355.0,342.5
2021-11-29,0.0,-0.62,350.8,,47677,0,355.0,355.0,349.2
2021-11-28,0.0,-2.22,353.0,,63980,0,360.0,367.0,351.1
2021-11-25,0.0,0.25,361.0,,56702,0,358.0,367.0,358.0
2021-11-24,0.0,-1.34,360.1,,39077,0,365.0,365.0,359.0
2021-11-23,0.0,-1.08,365.0,,49641,0,370.0,370.0,363.0
2021-11-22,0.0,0.0,369.0,,43630,0,374.9,374.9,368.0
2021-11-21,0.0,-0.27,369.0,,55144,0,372.0,374.0,368.0
2021-11-18,0.0,-1.33,370.0,,70774,0,370.1,374.0,368.0
2021-11-17,0.0,2.35,375.0,,56375,0,373.7,381.0,368.0
2021-11-16,0.0,0.66,366.4,,76765,0,364.0,368.0,360.0
2021-11-15,0.0,0.28,364.0,,96416,0,370.0,370.2,362.0
2021-11-14,0.0,-0.93,363.0,,64587,0,366.0,370.0,360.0
2021-11-11,0.0,-1.98,366.4,,100,0,366.4,366.4,366.4
2021-11-09,0.0,-2.96,373.8,,94797,0,389.0,389.0,371.7
2021-11-08,0.0,-0.59,385.2,,47630,0,395.0,395.0,385.0
2021-11-03,0.0,0.36,387.5,,49891,0,393.8,396.0,387.0
2021-11-02,0.0,0.0,386.1,,49177,0,388.0,393.0,385.0
2021-11-01,0.0,-2.25,386.1,,146379,0,395.0,397.0,385.0
2021-10-31,0.0,0.0,395.0,,75426,0,400.0,403.0,394.1
2021-10-28,0.0,-1.25,395.0,,49085,0,399.0,400.0,393.1
2021-10-27,0.0,-0.25,400.0,,78371,0,401.0,408.0,395.0
2021-10-26,0.0,2.82,401.0,,86525,0,391.0,402.0,390.1
2021-10-25,0.0,3.72,390.0,,55877,0,380.0,391.0,377.0
2021-10-24,0.0,1.35,376.0,,27204,0,376.8,377.0,369.0
2021-10-21,0.0,-2.11,371.0,,57767,0,382.9,382.9,370.0
2021-10-20,0.0,2.16,379.0,,77518,0,378.4,392.0,374.0
2021-10-19,0.0,-4.38,371.0,,90756,0,381.3,381.3,370.0
2021-10-18,0.0,-3.0,388.0,,55352,0,408.0,408.0,386.0
2021-10-17,0.0,0.5,400.0,,18492,0,398.0,404.0,395.0
2021-10-11,0.0,0.0,398.0,,84416,0,403.0,403.0,389.2
2021-10-10,0.0,-1.73,398.0,,69699,0,410.0,410.0,396.2
2021-10-06,0.0,1.78,405.0,,49205,0,403.0,407.9,401.1
2021-10-05,0.0,1.69,397.9,,46855,0,395.0,401.9,388.0
2021-10-04,0.0,-0.18,391.3,,73825,0,396.0,398.0,385.0
2021-10-03,0.0,-1.78,392.0,,63956,0,399.1,406.0,391.2
2021-09-30,0.0,-1.94,399.1,,85319,0,408.0,410.8,398.0
2021-09-29,0.0,1.5,407.0,,58982,0,402.0,411.1,396.0
2021-09-28,0.0,-2.67,401.0,,147513,0,412.0,416.0,398.0
2021-09-27,0.0,-2.94,412.0,,95691,0,417.5,425.0,408.0
2021-09-26,0.0,-1.62,424.5,,164444,0,440.1,447.8,423.0
2021-09-23,0.0,3.63,431.5,,252324,0,424.7,443.7,424.0
2021-09-22,0.0,4.1,416.4,,117162,0,408.0,416.5,404.0
2021-09-21,0.0,-0.12,400.0,,165632,0,400.0,410.0,383.2
2021-09-20,0.0,-4.16,400.5,,197302,0,420.0,423.0,399.5
2021-09-16,0.0,-2.93,417.9,,186196,0,430.5,430.5,415.1
2021-09-15,0.0,-1.94,430.5,,50548,0,435.0,443.0,430.3
2021-09-14,0.0,0.46,439.0,,61194,0,437.0,444.0,435.0
2021-09-13,0.0,0.64,437.0,,94713,0,436.0,445.0,435.0
2021-09-12,0.0,0.98,434.2,,80517,0,438.6,447.3,427.0
2021-09-09,0.0,0.0,430.0,,91941,0,433.0,437.0,428.0
2021-09-08,0.0,-1.04,430.0,,122858,0,434.0,436.0,428.2
2021-09-07,0.0,-2.36,434.5,,134665,0,452.0,452.0,430.0
2021-09-06,0.0,3.73,445.0,,169306,0,425.0,445.7,425.0
2021-09-05,0.0,-2.5,429.0,,228304,0,440.0,440.0,420.5
2021-09-02,0.0,-0.9,440.0,,129571,0,447.0,448.0,438.0
2021-09-01,0.0,0.0,444.0,,183817,0,448.0,455.0,441.0
2021-08-31,0.0,-0.69,444.0,,188073,0,450.0,456.0,441.0
2021-08-29,0.0,-1.52,447.1,,211600,0,453.0,463.0,446.0
2021-08-26,0.0,-1.09,454.0,,213773,0,460.0,462.0,452.0
2021-08-25,0.0,-0.86,459.0,,145622,0,454.0,470.0,454.0
2021-08-24,0.0,-0.88,463.0,,151604,0,475.0,480.0,463.0
2021-08-19,0.0,-1.35,467.1,,163109,0,474.0,482.0,466.0
2021-08-18,0.0,0.96,473.5,,254945,0,470.0,480.0,461.0
2021-08-17,0.0,-2.09,469.0,,272901,0,480.0,481.0,468.0
2021-08-16,0.0,-1.84,479.0,,223406,0,488.0,492.0,478.0
2021-08-15,0.0,-1.31,488.0,,470218,0,484.7,505.0,480.0
2021-08-12,0.0,0.47,494.5,,205553,0,492.2,498.0,485.0
2021-08-11,0.0,-0.77,492.2,,177032,0,488.0,510.0,488.0
2021-08-10,0.0,2.16,496.0,,282823,0,494.0,502.5,483.0
2021-08-09,0.0,-1.12,485.5,,153599,0,496.0,496.0,485.0
2021-08-08,0.0,-0.41,491.0,,213971,0,493.0,499.9,489.7
2021-08-05,0.0,0.65,493.0,,159594,0,490.0,495.0,490.0
2021-08-04,0.0,0.78,489.8,,139699,0,486.0,493.0,486.0
2021-08-03,0.0,0.21,486.0,,149078,0,490.0,495.0,483.5
2021-08-02,0.0,-0.61,485.0,,187787,0,488.0,491.0,480.0
2021-08-01,0.0,-0.33,488.0,,136537,0,492.0,497.0,485.1
2021-07-29,0.0,-0.69,489.6,,239973,0,494.0,495.0,488.0
2021-07-28,0.0,-1.6,493.0,,215592,0,505.0,508.0,492.1
2021-07-27,0.0,-0.6,501.0,,484702,0,494.0,507.0,484.5
2021-07-26,0.0,-2.89,504.0,,434478,0,525.0,525.0,502.0
2021-07-25,0.0,4.64,519.0,,585749,0,502.0,520.0,500.0
2021-07-22,0.0,2.27,496.0,,365627,0,489.0,499.7,485.0
2021-07-20,0.0,-0.21,485.0,,163996,0,490.0,492.0,480.0
2021-07-19,0.0,1.67,486.0,,435263,0,487.5,503.0,481.0
2021-07-18,0.0,4.6,478.0,,287240,0,466.0,479.0,460.0
2021-07-15,0.0,-0.22,457.0,,80223,0,460.0,460.0,457.0
2021-07-14,0.0,-0.43,458.0,,86835,0,460.0,461.0,454.0
2021-07-13,0.0,0.44,460.0,,101900,0,460.0,465.0,452.0
2021-07-12,0.0,-1.29,458.0,,164643,0,470.0,471.0,451.0
2021-07-11,0.0,3.34,464.0,,159089,0,453.0,465.0,450.0
2021-07-08,0.0,0.67,449.0,,116980,0,447.0,450.0,444.0
2021-07-07,0.0,-0.22,446.0,,69790,0,469.0,469.0,445.0
2021-07-06,0.0,0.22,447.0,,79628,0,449.0,449.0,445.0
2021-07-05,0.0,-0.22,446.0,,78219,0,448.0,451.0,445.0
2021-07-04,0.0,-0.45,447.0,,94595,0,450.0,455.0,446.0
2021-07-01,0.0,-0.22,449.0,,86256,0,455.0,456.0,448.0
2021-06-30,0.0,0.0,450.0,,106020,0,451.0,451.0,444.0
2021-06-29,0.0,-2.39,450.0,,183981,0,461.0,468.0,449.0
2021-06-28,0.0,1.1,461.0,,256569,0,461.0,466.0,456.0
2021-06-27,0.0,2.01,456.0,,171192,0,451.0,459.0,444.0
2021-06-24,0.0,-0.67,447.0,,149261,0,453.0,453.0,445.0
2021-06-23,0.0,-2.17,450.0,,226206,0,465.0,466.0,448.0
2021-06-22,0.0,2.68,460.0,,258794,0,448.0,462.0,444.0
2021-06-21,0.0,-2.18,448.0,,229258,0,459.0,460.0,447.0
2021-06-20,0.0,-1.51,458.0,,270942,0,465.0,467.0,450.0
2021-06-17,0.0,-0.21,465.0,,198207,0,489.0,489.0,462.0
2021-06-16,0.0,-1.06,466.0,,272311,0,471.0,481.0,465.0
2021-06-15,0.0,-0.63,471.0,,406808,0,497.0,497.0,468.0
2021-06-14,0.0,2.6,474.0,,413230,0,465.0,484.0,465.0
2021-06-13,0.0,0.22,462.0,,357327,0,462.0,468.0,456.0
2021-06-10,0.0,-1.07,461.0,,309585,0,469.0,469.0,460.0
2021-06-09,0.0,-0.01,466.0,,242453,0,480.0,480.0,464.0
2021-06-08,0.0,-0.21,470.0,,396058,0,473.0,479.0,465.0
2021-06-07,0.0,-1.67,471.0,,587309,0,500.0,500.0,460.0
2021-06-06,0.0,3.91,478.0,,772650,0,465.0,488.0,465.0
2021-06-03,0.0,3.14,460.0,,442090,0,448.0,465.0,448.0
2021-06-02,0.0,0.9,446.0,,124721,0,464.0,464.0,439.0
2021-06-01,0.0,-1.12,442.0,,122675,0,454.0,454.0,436.0
2021-05-31,0.0,-1.76,447.0,,199702,0,455.0,463.0,446.0
2021-05-30,0.0,1.79,455.0,,249514,0,450.0,461.0,449.0
2021-05-27,0.0,-1.32,447.0,,181626,0,455.0,455.0,441.0
2021-05-25,0.0,-1.74,453.0,,170737,0,462.0,463.0,450.0
2021-05-24,0.0,1.32,461.0,,414126,0,460.0,475.0,455.0
2021-05-23,0.0,1.56,455.0,,217466,0,448.0,457.0,433.0
2021-05-20,0.0,0.67,448.0,,141233,0,450.0,453.0,441.0
2021-05-19,0.0,0.45,445.0,,218528,0,443.0,457.0,443.0
2021-05-18,0.0,-0.23,443.0,,128153,0,449.0,449.0,439.0
2021-05-17,0.0,0.23,444.0,,152232,0,430.0,454.0,430.0
2021-05-16,0.0,2.31,443.0,,139117,0,436.0,443.0,435.0
2021-05-13,0.0,0.46,433.0,,109297,0,434.0,435.0,430.0
2021-05-12,0.0,-0.23,431.0,,56440,0,436.0,436.0,430.0
2021-05-11,0.0,0.0,432.0,,70531,0,432.0,436.0,431.0
2021-05-10,0.0,0.47,432.0,,81513,0,430.0,435.0,429.0
2021-05-09,0.0,-0.23,430.0,,135122,0,429.0,438.0,426.0
2021-05-06,0.0,0.23,431.0,,102968,0,431.0,438.0,426.0
2021-05-05,0.0,0.0,430.0,,74429,0,430.0,434.0,429.0
2021-05-04,0.0,-0.46,430.0,,100617,0,432.0,435.0,428.0
2021-05-03,0.0,-0.23,432.0,,99461,0,438.0,441.0,431.0
2021-05-02,0.0,0.0,433.0,,208402,0,437.0,438.0,432.0
2021-04-29,0.0,0.7,433.0,,67116,0,430.0,435.0,430.0
2021-04-28,0.0,-1.15,430.0,,99659,0,441.0,441.0,430.0
2021-04-27,0.0,1.87,435.0,,179542,0,425.0,440.0,425.0
2021-04-26,0.0,-1.16,427.0,,351284,0,432.0,438.0,423.0
2021-04-25,0.0,-2.48,432.0,,280764,0,450.0,450.0,427.0
2021-04-22,0.0,0.23,443.0,,158418,0,438.0,447.0,435.0
2021-04-21,0.0,-1.12,443.0,,204506,0,455.0,455.0,439.0
2021-04-20,0.0,0.22,448.0,,177373,0,448.0,453.0,441.0
2021-04-19,0.0,-2.4,447.0,,234783,0,460.0,460.0,446.0
2021-04-18,0.0,-2.55,458.0,,211495,0,475.0,475.0,456.0
2021-04-15,0.0,1.08,470.0,,326113,0,465.0,478.0,465.0
2021-04-13,0.0,2.42,465.0,,272443,0,454.0,466.0,454.0
2021-04-12,0.0,0.67,454.0,,214117,0,454.0,457.0,450.0
2021-04-08,0.0,-0.22,451.0,,152839,0,459.0,459.0,450.0
2021-04-07,0.0,0.44,452.0,,179672,0,459.0,459.0,450.0
2021-04-06,0.0,-0.22,450.0,,93785,0,452.0,453.0,446.0
2021-04-05,0.0,-1.31,451.0,,174125,0,479.0,479.0,449.0
2021-04-04,0.0,-0.22,457.0,,204593,0,458.0,463.0,453.0
2021-04-01,0.0,0.88,458.0,,187841,0,460.0,460.0,454.0
2021-03-31,0.0,3.42,454.0,,197755,0,441.0,455.0,441.0
2021-03-30,0.0,0.92,439.0,,125870,0,435.0,442.0,433.0
2021-03-29,0.0,-0.68,435.0,,75072,0,438.0,441.0,435.0
2021-03-25,0.0,-0.9,438.0,,132821,0,446.0,450.0,438.0
2021-03-24,0.0,0.91,442.0,,192811,0,440.0,446.0,438.0
2021-03-23,0.0,-0.68,438.0,,121013,0,441.0,442.0,433.0
2021-03-22,0.0,-1.34,441.0,,129535,0,450.0,450.0,440.0
2021-03-21,0.0,0.9,447.0,,190844,0,443.0,449.0,440.0
2021-03-18,0.0,1.84,443.0,,175599,0,441.0,448.0,433.0
2021-03-17,0.0,1.4,435.0,,159979,0,435.0,436.0,429.0
2021-03-16,0.0,0.47,429.0,,138168,0,448.0,448.0,425.0
2021-03-15,0.0,-1.39,427.0,,186891,0,431.0,440.0,424.0
2021-03-14,0.0,-1.37,433.0,,221836,0,430.0,445.0,430.0
2021-03-10,0.0,-0.45,439.0,,130043,0,445.0,445.0,437.0
2021-03-09,0.0,-1.56,441.0,,136911,0,444.0,452.0,440.0
2021-03-08,0.0,-1.54,448.0,,209302,0,465.0,465.0,445.0
2021-03-04,0.0,3.17,455.0,,307038,0,445.0,460.0,442.0
2021-03-03,0.0,0.23,441.0,,276585,0,440.0,446.0,432.0
2021-03-02,0.0,-3.51,440.0,,306511,0,460.0,460.0,439.0
2021-03-01,0.0,0.0,456.0,,289913,0,469.0,469.0,440.0
2021-02-28,0.0,-3.87,447.0,,435735,0,465.0,465.0,447.0
2021-02-25,0.0,0.0,465.0,,188556,0,495.0,495.0,463.0
2021-02-24,0.0,0.21,472.0,,289913,0,472.0,486.0,470.0
2021-02-23,0.0,0.86,471.0,,471040,0,468.0,472.0,449.0
2021-02-22,0.0,-3.11,467.0,,439421,0,480.0,480.0,465.0
2021-02-21,0.0,-0.02,482.0,,290944,0,494.0,495.0,480.0
2021-02-18,0.0,0.0,490.0,,271576,0,514.0,514.0,487.0
2021-02-17,0.0,0.01,490.0,,516976,0,500.0,504.0,478.0
2021-02-16,0.0,0.0,487.0,,312957,0,490.0,496.0,479.0
2021-02-15,0.0,0.02,485.0,,417669,0,483.0,490.0,475.0
2021-02-14,0.0,-0.01,474.0,,350729,0,482.0,485.0,469.0
2021-02-11,0.0,-0.02,480.0,,623616,0,501.0,501.0,479.0
2021-02-10,0.0,0.05,492.0,,949335,0,472.0,497.0,461.0
2021-02-09,0.0,-0.01,472.0,,516529,0,485.0,490.0,465.0
2021-02-08,0.0,0.09,476.0,,1255330,0,440.0,479.0,439.0
2021-02-07,0.0,0.01,436.0,,346408,0,454.0,454.0,430.0
2021-02-04,0.0,0.0,433.0,,210454,0,456.0,456.0,422.0
2021-02-03,0.0,-0.01,435.0,,321150,0,445.0,454.0,432.0
2021-02-02,0.0,0.02,440.0,,273435,0,435.0,440.0,428.0
2021-02-01,0.0,0.01,430.0,,368108,0,427.0,435.0,420.0
2021-01-31,0.0,-0.02,424.0,,460121,0,433.0,433.0,420.0
2021-01-28,0.0,-0.02,433.0,,473422,0,445.0,450.0,428.0
2021-01-27,0.0,-0.02,443.0,,622574,0,460.0,465.0,440.0
2021-01-26,0.0,-0.02,450.0,,277872,0,439.0,465.0,439.0
2021-01-25,0.0,0.0,457.0,,377811,0,440.0,469.0,440.0
2021-01-24,0.0,0.01,456.0,,452208,0,474.0,474.0,447.0
2021-01-21,0.0,0.0,452.0,,477642,0,470.0,470.0,442.0
2021-01-20,0.0,-0.02,452.0,,646527,0,445.0,470.0,445.0
2021-01-19,0.0,0.03,459.0,,777251,0,454.0,469.0,446.0
2021-01-18,0.0,0.08,446.0,,768755,0,420.0,448.0,418.0
2021-01-17,0.0,0.01,414.0,,378531,0,410.0,420.0,406.0
2021-01-13,0.0,0.0,410.0,,244625,0,414.0,420.0,409.0
2021-01-12,0.0,0.01,411.0,,397329,0,410.0,411.0,400.0
2021-01-11,0.0,-0.02,406.0,,611307,0,425.0,425.0,402.0
2021-01-10,0.0,0.07,414.0,,986662,0,395.0,415.0,395.0
2021-01-07,0.0,0.05,387.0,,834169,0,375.0,387.0,372.0
2021-01-06,0.0,0.01,370.0,,391084,0,369.0,373.0,366.0
2021-01-05,0.0,0.0,368.0,,224947,0,371.0,374.0,362.0
2021-01-04,0.0,-0.02,369.0,,385237,0,380.0,389.0,364.0
2021-01-03,0.0,0.06,377.0,,504787,0,371.0,380.0,359.0
2020-12-31,0.0,0.01,354.0,,327609,0,350.0,361.0,350.0
2020-12-30,0.0,0.02,350.0,,264443,0,345.0,350.0,341.0
2020-12-29,0.0,-0.02,344.0,,161894,0,355.0,355.0,342.0
2020-12-28,0.0,0.04,350.0,,268638,0,335.0,350.0,332.0
2020-12-27,0.0,-0.02,335.0,,252826,0,350.0,350.0,334.0
2020-12-24,0.0,-0.01,375.0,,749324,0,379.0,382.0,372.0
2020-12-23,0.0,0.0,379.0,,592933,0,397.0,397.0,375.0
2020-12-22,0.0,0.08,379.0,,859544,0,360.0,383.0,356.0
2020-12-21,0.0,0.04,352.0,,420610,0,322.0,356.0,322.0
2020-12-20,0.0,-0.03,338.0,,446004,0,347.0,354.0,334.0
2020-12-17,0.0,-0.02,347.0,,186062,0,352.0,360.0,346.0
2020-12-16,0.0,0.01,355.0,,258196,0,370.0,370.0,345.0
2020-12-15,0.0,-0.01,353.0,,229498,0,374.0,374.0,351.0
2020-12-14,0.0,0.02,357.0,,431012,0,355.0,361.0,350.0
2020-12-13,0.0,0.06,349.0,,358146,0,344.0,349.0,333.0
2020-12-10,0.0,0.02,328.0,,273804,0,326.0,336.0,319.0
2020-12-09,0.0,-0.04,323.0,,268222,0,338.0,338.0,321.0
2020-12-08,0.0,-0.02,337.0,,272649,0,362.0,362.0,334.0
2020-12-07,0.0,0.01,345.0,,759973,0,340.0,345.0,320.0
2020-12-06,0.0,-0.04,342.0,,418264,0,358.0,360.0,342.0
2020-12-03,0.0,-0.02,358.0,,330408,0,365.0,378.0,355.0
2020-12-02,0.0,0.02,365.0,,396301,0,360.0,369.0,353.0
2020-12-01,0.0,-0.03,359.0,,576007,0,375.0,382.0,355.0
2020-11-30,0.0,-0.02,370.0,,959408,0,395.0,400.0,366.0
2020-11-29,0.0,0.1,379.0,,885591,0,350.0,379.0,350.0
2020-11-26,0.0,0.04,345.0,,660724,0,339.0,350.0,333.0
2020-11-25,0.0,0.04,329.0,,490999,0,316.0,336.0,316.0
2020-11-24,0.0,0.0,316.0,,346436,0,330.0,330.0,314.0
2020-11-23,0.0,-0.01,315.0,,430482,0,320.0,325.0,311.0
2020-11-22,0.0,0.07,318.0,,711404,0,305.0,319.0,303.0
2020-11-19,0.0,0.0,298.0,,425312,0,300.0,306.0,297.0
2020-11-18,0.0,0.0,297.0,,567977,0,290.0,297.0,285.0
2020-11-12,0.0,0.0,282.0,,741401,0,286.0,286.0,276.0
2020-11-11,0.0,0.0,273.0,,154094,0,286.0,286.0,272.0
2020-11-10,0.0,1.11,273.0,,319087,0,273.0,275.0,268.0
2020-11-09,0.0,0.75,270.0,,304307,0,270.0,275.0,268.0
2020-11-08,0.0,0.75,268.0,,232426,0,266.0,271.0,266.0
2020-11-05,0.0,1.14,266.0,,279158,0,270.0,270.0,262.0
2020-11-04,0.0,0.38,263.0,,89621,0,262.0,265.0,262.0
2020-11-03,0.0,0.38,262.0,,182511,0,250.0,266.0,250.0
2020-11-02,0.0,-1.51,261.0,,289672,0,278.0,278.0,259.0
2020-11-01,0.0,0.0,265.0,,318940,0,253.0,270.0,253.0
2020-10-29,0.0,-1.12,265.0,,507006,0,275.0,275.0,262.0
2020-10-28,0.0,8.5,268.0,,623533,0,250.0,269.0,250.0
2020-10-22,0.0,0.82,247.0,,135168,0,257.0,257.0,246.0
2020-10-21,0.0,1.66,245.0,,66777,0,245.0,246.0,243.0
2020-10-20,0.0,0.84,241.0,,38914,0,242.0,242.0,239.0
2020-10-19,0.0,0.84,239.0,,24740,0,240.0,240.0,237.0
2020-10-18,0.0,-0.42,237.0,,43262,0,240.0,240.0,236.0
2020-10-15,0.0,-0.42,238.0,,33520,0,240.0,243.0,238.0
2020-10-14,0.0,0.0,239.0,,80090,0,238.0,240.0,236.0
2020-10-13,0.0,-1.65,239.0,,68319,0,243.0,244.0,239.0
2020-10-12,0.0,0.83,243.0,,65746,0,241.0,243.0,238.0
2020-10-11,0.0,-1.23,241.0,,68764,0,243.0,245.0,240.0
2020-10-08,0.0,-0.81,244.0,,124671,0,255.0,255.0,244.0
2020-10-07,0.0,0.82,246.0,,97360,0,245.0,246.0,242.0
2020-10-06,0.0,0.0,244.0,,123838,0,246.0,246.0,241.0
2020-10-05,0.0,-2.01,244.0,,149835,0,249.0,250.0,244.0
2020-10-04,0.0,2.05,249.0,,206218,0,248.0,250.0,241.0
2020-10-01,0.0,2.52,244.0,,263284,0,227.0,245.0,227.0
2020-09-30,0.0,-0.42,238.0,,81817,0,238.0,239.0,236.0
2020-09-29,0.0,-1.65,239.0,,57427,0,245.0,245.0,239.0
2020-09-28,0.0,1.67,243.0,,216925,0,243.0,246.0,241.0
2020-09-27,0.0,2.14,239.0,,321075,0,233.0,244.0,231.0
2020-09-24,0.0,0.43,234.0,,33258,0,236.0,236.0,232.0
2020-09-23,0.0,0.0,233.0,,59408,0,234.0,235.0,231.0
2020-09-22,0.0,-1.69,233.0,,85897,0,248.0,248.0,232.0
2020-09-21,0.0,-0.42,237.0,,147288,0,240.0,243.0,235.0
2020-09-20,0.0,0.0,238.0,,154941,0,249.0,249.0,237.0
2020-09-17,0.0,4.39,238.0,,168847,0,232.0,240.0,228.0
2020-09-16,0.0,-0.87,228.0,,51706,0,234.0,234.0,227.0
2020-09-15,0.0,-1.29,230.0,,65964,0,234.0,235.0,229.0
2020-09-14,0.0,1.75,233.0,,62390,0,231.0,235.0,230.0
2020-09-13,0.0,0.0,229.0,,82341,0,230.0,230.0,226.0
2020-09-10,0.0,0.0,229.0,,35226,0,230.0,233.0,227.0
2020-09-09,0.0,0.44,229.0,,61075,0,228.0,230.0,226.0
2020-09-08,0.0,-0.44,228.0,,41534,0,229.0,229.0,227.0
2020-09-07,0.0,-1.72,229.0,,60421,0,230.0,232.0,227.0
2020-09-06,0.0,-1.69,233.0,,83624,0,245.0,245.0,233.0
2020-09-03,0.0,0.0,237.0,,41696,0,240.0,241.0,234.0
2020-09-02,0.0,1.28,237.0,,89402,0,238.0,239.0,233.0
2020-08-31,0.0,0.86,234.0,,71613,0,232.0,236.0,231.0
2020-08-30,0.0,-2.11,232.0,,49378,0,237.0,237.0,230.0
2020-08-27,0.0,-1.25,237.0,,78057,0,244.0,244.0,235.0
2020-08-26,0.0,4.8,240.0,,135251,0,233.0,240.0,230.0
2020-08-25,0.0,-0.43,229.0,,28219,0,233.0,233.0,229.0
2020-08-24,0.0,2.22,230.0,,45395,0,228.0,231.0,227.0
2020-08-23,0.0,0.9,225.0,,17093,0,225.0,226.0,223.0
2020-08-20,0.0,0.45,223.0,,16771,0,223.0,227.0,223.0
2020-08-19,0.0,-1.33,222.0,,50315,0,223.0,225.0,222.0
2020-08-18,0.0,-0.88,225.0,,55898,0,227.0,228.0,224.0
2020-08-17,0.0,0.44,227.0,,50775,0,230.0,227.0,223.0
2020-08-16,0.0,-2.59,226.0,,56831,0,228.0,228.0,223.0
2020-08-13,0.0,-1.28,232.0,,49023,0,231.0,236.0,230.0
2020-08-12,0.0,0.0,235.0,,25728,0,234.0,236.0,230.0
2020-08-11,0.0,-1.67,235.0,,46343,0,241.0,241.0,234.0
2020-08-10,0.0,2.58,239.0,,61714,0,235.0,240.0,235.0
2020-08-09,0.0,0.43,233.0,,30569,0,232.0,234.0,229.0
2020-08-06,0.0,0.0,232.0,,66815,0,232.0,233.0,228.0
2020-08-05,0.0,-2.52,232.0,,65980,0,237.0,237.0,230.0
2020-08-03,0.0,1.28,238.0,,46839,0,231.0,244.0,230.0
2020-08-02,0.0,-3.29,235.0,,103416,0,255.0,255.0,234.0
2020-07-30,0.0,1.25,243.0,,72743,0,240.0,246.0,237.0
2020-07-29,0.0,-2.83,240.0,,79262,0,245.0,247.0,239.0
2020-07-28,0.0,-1.2,247.0,,58061,0,253.0,255.0,245.0
2020-07-27,0.0,-0.4,250.0,,83221,0,262.0,262.0,248.0
2020-07-26,0.0,2.87,251.0,,107006,0,248.0,256.0,244.0
2020-07-23,0.0,0.0,244.0,,54856,0,241.0,245.0,236.0
2020-07-22,0.0,-1.21,244.0,,37960,0,251.0,251.0,243.0
2020-07-21,0.0,-1.98,247.0,,130577,0,252.0,260.0,245.0
2020-07-20,0.0,0.4,252.0,,224526,0,263.0,276.0,244.0
2020-07-19,0.0,5.02,251.0,,1045,0,243.0,251.0,243.0
2020-07-16,0.0,3.91,239.0,,82311,0,231.0,243.0,231.0
2020-07-15,0.0,0.88,230.0,,38040,0,230.0,234.0,228.0
2020-07-14,0.0,1.33,228.0,,28653,0,229.0,231.0,227.0
2020-07-13,0.0,-1.32,225.0,,45669,0,228.0,230.0,222.0
2020-07-12,0.0,-1.72,228.0,,64200,0,232.0,235.0,227.0
2020-07-09,0.0,0.87,232.0,,37763,0,230.0,232.0,227.0
2020-07-08,0.0,-2.13,230.0,,26919,0,235.0,239.0,227.0
2020-07-07,0.0,4.91,235.0,,84708,0,221.0,238.0,221.0
2020-07-06,0.0,2.75,224.0,,75213,0,216.0,224.0,214.0
2020-07-05,0.0,0.0,218.0,,84741,0,215.0,221.0,206.0
2020-07-02,0.0,-9.92,218.0,,22759,0,246.0,246.0,218.0
2020-07-01,0.0,9.01,242.0,,22002,0,226.0,244.0,226.0
2020-06-30,0.0,7.77,222.0,,7577,0,203.0,226.0,202.0
2020-06-29,0.0,-4.19,206.0,,52717,0,211.0,211.0,195.0
2020-05-13,0.0,-2.71,215.0,,1000,0,217.0,217.0,215.0
2020-05-12,0.0,-1.78,221.0,,10,0,221.0,221.0,221.0
2020-03-22,0.0,-0.44,225.0,,11659,0,230.0,234.0,220.0
2020-03-19,0.0,0.44,226.0,,218395,0,224.0,229.0,212.0
2020-03-18,0.0,-1.32,225.0,,101046,0,226.0,230.0,221.0
2020-03-17,0.0,-3.39,228.0,,167969,0,236.0,236.0,227.0
2020-03-16,0.0,0.43,236.0,,117994,0,233.0,239.0,231.0
2020-03-15,0.0,-3.69,235.0,,182095,0,245.0,245.0,235.0
2020-03-12,0.0,-3.94,244.0,,146834,0,254.0,254.0,242.0
2020-03-11,0.0,4.96,254.0,,153265,0,246.0,255.0,240.0
2020-03-10,0.0,-3.97,242.0,,116986,0,252.0,252.0,241.0
2020-03-05,0.0,-1.56,252.0,,238184,0,253.0,262.0,252.0
2020-03-04,0.0,-3.76,256.0,,270762,0,266.0,267.0,256.0
2020-03-03,0.0,0.76,266.0,,307876,0,264.0,272.0,256.0
2020-03-02,0.0,-5.38,264.0,,268917,0,276.0,278.0,264.0
2020-03-01,0.0,-1.76,279.0,,537729,0,284.0,292.0,278.0
2020-02-27,0.0,2.53,284.0,,423808,0,277.0,290.0,267.0
2020-02-26,0.0,3.75,277.0,,305475,0,268.0,280.0,266.0
2020-02-25,0.0,1.14,267.0,,165608,0,260.0,269.0,256.0
2020-02-24,0.0,-1.12,264.0,,296276,0,267.0,280.0,262.0
2020-02-23,0.0,6.8,267.0,,362120,0,250.0,270.0,250.0
2020-02-20,0.0,0.0,250.0,,120499,0,250.0,254.0,247.0
2020-02-19,0.0,-0.4,250.0,,88603,0,254.0,255.0,249.0
2020-02-18,0.0,-1.18,251.0,,163172,0,256.0,257.0,249.0
2020-02-17,0.0,4.1,254.0,,191417,0,248.0,255.0,247.0
2020-02-16,0.0,1.24,244.0,,92894,0,241.0,245.0,240.0
2020-02-13,0.0,-0.82,241.0,,91638,0,244.0,245.0,240.0
2020-02-12,0.0,-0.82,243.0,,88726,0,246.0,249.0,243.0
2020-02-11,0.0,0.82,245.0,,48265,0,247.0,250.0,244.0
2020-02-10,0.0,-0.41,243.0,,65776,0,243.0,246.0,243.0
2020-02-09,0.0,-0.41,244.0,,69879,0,247.0,248.0,242.0
2020-02-06,0.0,-2.0,245.0,,135140,0,248.0,249.0,245.0
2020-02-05,0.0,-0.4,250.0,,86389,0,251.0,254.0,248.0
2020-02-04,0.0,-3.09,251.0,,148550,0,256.0,256.0,250.0
2020-02-03,0.0,-1.89,259.0,,161299,0,265.0,265.0,258.0
2020-02-02,0.0,0.0,264.0,,234861,0,264.0,267.0,262.0
2020-01-30,0.0,3.53,264.0,,217958,0,256.0,264.0,256.0
2020-01-29,0.0,1.59,255.0,,152724,0,252.0,258.0,250.0
2020-01-28,0.0,1.21,251.0,,157085,0,252.0,255.0,249.0
2020-01-27,0.0,2.06,248.0,,40857,0,243.0,249.0,242.0
2020-01-26,0.0,-0.81,244.0,,119037,0,244.0,250.0,239.0
2020-01-23,0.0,-3.15,246.0,,62049,0,259.0,259.0,246.0
2020-01-22,0.0,0.0,254.0,,50767,0,254.0,258.0,251.0
2020-01-21,0.0,-0.39,254.0,,87254,0,260.0,260.0,251.0
2020-01-20,0.0,-3.77,255.0,,256238,0,270.0,270.0,255.0
2020-01-19,0.0,4.74,265.0,,314639,0,257.0,265.0,256.0
2020-01-16,0.0,2.02,253.0,,203479,0,252.0,257.0,250.0
2020-01-15,0.0,3.77,248.0,,80212,0,238.0,250.0,238.0
2020-01-14,0.0,-2.05,239.0,,86425,0,245.0,245.0,239.0
2020-01-13,0.0,2.52,244.0,,180770,0,242.0,247.0,240.0
2020-01-12,0.0,1.71,238.0,,122206,0,238.0,241.0,235.0
2020-01-09,0.0,1.3,234.0,,67170,0,235.0,235.0,231.0
2020-01-08,0.0,-2.94,231.0,,90879,0,238.0,239.0,231.0
2020-01-07,0.0,1.71,238.0,,176073,0,237.0,242.0,236.0
2020-01-06,0.0,3.08,234.0,,114379,0,230.0,236.0,229.0
2020-01-05,0.0,1.79,227.0,,50850,0,224.0,227.0,224.0
2020-01-02,0.0,-0.45,223.0,,20033,0,225.0,228.0,223.0
2020-01-01,0.0,0.45,224.0,,12404,0,223.0,225.0,223.0
2019-12-31,0.0,0.0,223.0,,11332,0,224.0,225.0,223.0
2019-12-30,0.0,-0.89,223.0,,12025,0,225.0,225.0,223.0
2019-12-29,0.0,-0.44,225.0,,17201,0,224.0,225.0,223.0
2019-12-26,0.0,-0.44,226.0,,100156,0,219.0,227.0,219.0
2019-12-25,0.0,0.89,227.0,,14125,0,225.0,228.0,225.0
2019-12-24,0.0,0.45,225.0,,22462,0,224.0,226.0,224.0
2019-12-23,0.0,0.0,224.0,,31192,0,225.0,226.0,223.0
2019-12-22,0.0,0.45,224.0,,17022,0,223.0,225.0,223.0
2019-12-19,0.0,-1.76,223.0,,26430,0,228.0,228.0,223.0
2019-12-18,0.0,0.44,227.0,,23461,0,227.0,228.0,226.0
2019-12-17,0.0,0.44,226.0,,35474,0,226.0,229.0,226.0
2019-12-16,0.0,-0.88,225.0,,30823,0,228.0,229.0,225.0
2019-12-15,0.0,0.88,228.0,,33770,0,226.0,232.0,225.0
2019-12-12,0.0,0.0,226.0,,63189,0,226.0,226.0,223.0
2019-12-11,0.0,0.0,226.0,,60417,0,226.0,227.0,224.0
2019-12-10,0.0,0.0,226.0,,49903,0,227.0,228.0,225.0
2019-12-09,0.0,0.44,226.0,,52298,0,225.0,227.0,224.0
2019-12-08,0.0,-0.88,225.0,,19845,0,227.0,227.0,225.0
2019-12-05,0.0,0.0,227.0,,12494,0,226.0,228.0,226.0
2019-12-04,0.0,1.34,227.0,,16732,0,225.0,227.0,224.0
2019-12-03,0.0,0.45,224.0,,15336,0,223.0,224.0,223.0
2019-12-02,0.0,0.0,223.0,,19763,0,223.0,224.0,223.0
2019-12-01,0.0,-0.45,223.0,,18644,0,224.0,224.0,223.0
2019-11-28,0.0,0.0,224.0,,21101,0,225.0,225.0,222.0
2019-11-27,0.0,0.45,224.0,,6898,0,224.0,225.0,222.0
2019-11-26,0.0,0.45,223.0,,34015,0,224.0,224.0,221.0
2019-11-25,0.0,-0.45,222.0,,26190,0,223.0,225.0,221.0
2019-11-24,0.0,-1.76,223.0,,42442,0,226.0,226.0,221.0
2019-11-21,0.0,-0.87,227.0,,24103,0,228.0,229.0,226.0
2019-11-20,0.0,0.0,229.0,,42825,0,231.0,231.0,228.0
2019-11-19,0.0,0.0,229.0,,31713,0,231.0,231.0,228.0
2019-11-18,0.0,0.44,229.0,,25687,0,228.0,229.0,227.0
2019-11-17,0.0,0.44,228.0,,36566,0,229.0,229.0,225.0
2019-11-14,0.0,0.89,227.0,,16542,0,225.0,228.0,225.0
2019-11-13,0.0,-1.32,225.0,,28876,0,228.0,228.0,225.0
2019-11-12,0.0,-0.94,228.0,,46905,0,228.0,268.0,227.0
2019-11-11,0.0,1.52,267.0,,277320,0,265.0,268.0,263.0
2019-11-10,0.0,-0.75,263.0,,104428,0,269.0,269.0,263.0
2019-11-07,0.0,-0.38,265.0,,213724,0,266.0,267.0,264.0
2019-11-06,0.0,-0.37,266.0,,164151,0,268.0,268.0,265.0
2019-11-05,0.0,-0.37,267.0,,58526,0,269.0,269.0,266.0
2019-11-04,0.0,0.37,268.0,,60353,0,268.0,269.0,267.0
2019-11-03,0.0,-0.37,267.0,,56906,0,272.0,272.0,267.0
2019-10-31,0.0,0.75,268.0,,64041,0,269.0,271.0,267.0
2019-10-24,0.0,1.14,266.0,,73836,0,265.0,268.0,265.0
2019-10-23,0.0,-0.38,263.0,,102893,0,265.0,267.0,263.0
2019-10-22,0.0,0.38,264.0,,39010,0,265.0,266.0,264.0
2019-10-21,0.0,-0.75,263.0,,71618,0,267.0,267.0,263.0
2019-10-20,0.0,0.0,265.0,,41325,0,266.0,269.0,264.0
2019-10-17,0.0,-1.49,265.0,,75088,0,268.0,268.0,265.0
2019-10-16,0.0,0.75,269.0,,203804,0,267.0,269.0,267.0
2019-10-15,0.0,0.38,267.0,,62213,0,266.0,270.0,266.0
2019-10-14,0.0,-1.48,266.0,,99444,0,275.0,275.0,264.0
2019-10-10,0.0,1.89,270.0,,94664,0,269.0,272.0,268.0
2019-10-03,0.0,0.76,265.0,,30327,0,262.0,265.0,262.0
2019-10-02,0.0,-0.38,263.0,,22224,0,264.0,265.0,262.0
2019-10-01,0.0,0.38,264.0,,20326,0,262.0,268.0,262.0
2019-09-30,0.0,0.77,261.0,,50486,0,264.0,264.0,259.0
2019-09-29,0.0,0.78,259.0,,130295,0,258.0,262.0,257.0
2019-09-26,0.0,-0.39,257.0,,44604,0,258.0,259.0,257.0
2019-09-24,0.0,-0.77,259.0,,28244,0,258.0,262.0,258.0
2019-09-23,0.0,0.0,261.0,,48061,0,270.0,270.0,259.0
2019-09-22,0.0,-1.51,261.0,,13178,0,265.0,265.0,261.0
2019-09-19,0.0,-1.49,265.0,,100039,0,272.0,272.0,265.0
2019-09-18,0.0,2.28,269.0,,42919,0,268.0,269.0,263.0
2019-09-17,0.0,2.73,263.0,,56912,0,261.0,264.0,257.0
2019-09-16,0.0,-0.39,256.0,,37882,0,255.0,258.0,255.0
2019-09-15,0.0,-0.77,257.0,,23726,0,262.0,262.0,257.0
2019-09-12,0.0,-0.77,259.0,,29768,0,262.0,262.0,259.0
2019-09-11,0.0,-0.38,261.0,,46297,0,261.0,264.0,260.0
2019-09-10,0.0,0.38,262.0,,23493,0,266.0,266.0,260.0
2019-09-09,0.0,-1.14,261.0,,25002,0,264.0,269.0,260.0
2019-09-08,0.0,-1.12,264.0,,48952,0,267.0,267.0,263.0
2019-09-05,0.0,-0.74,267.0,,32346,0,270.0,270.0,267.0
2019-09-04,0.0,1.89,269.0,,61790,0,265.0,271.0,261.0
2019-09-03,0.0,1.54,264.0,,52699,0,258.0,266.0,255.0
2019-09-02,0.0,0.0,260.0,,33046,0,262.0,263.0,258.0
2019-09-01,0.0,-0.76,260.0,,40361,0,263.0,265.0,259.0
2019-08-29,0.0,-0.38,262.0,,44649,0,266.0,267.0,261.0
2019-08-28,0.0,-1.5,263.0,,40113,0,270.0,270.0,263.0
2019-08-27,0.0,0.38,267.0,,40689,0,266.0,269.0,265.0
2019-08-26,0.0,-0.37,266.0,,26034,0,269.0,269.0,265.0
2019-08-25,0.0,0.38,267.0,,40290,0,268.0,268.0,263.0
2019-08-22,0.0,-1.48,266.0,,62281,0,270.0,270.0,266.0
2019-08-21,0.0,0.37,270.0,,22712,0,269.0,270.0,267.0
2019-08-20,0.0,-0.74,269.0,,20845,0,269.0,271.0,268.0
2019-08-19,0.0,0.37,271.0,,44980,0,270.0,271.0,267.0
2019-08-18,0.0,0.37,270.0,,35991,0,270.0,273.0,268.0
2019-08-15,0.0,0.37,269.0,,88749,0,268.0,269.0,267.0
2019-08-14,0.0,-0.74,268.0,,38849,0,270.0,271.0,266.0
2019-08-13,0.0,0.0,270.0,,22571,0,265.0,270.0,268.0
2019-08-12,0.0,0.37,270.0,,51214,0,269.0,271.0,269.0
2019-08-11,0.0,-0.37,269.0,,21902,0,271.0,272.0,268.0
2019-08-08,0.0,-0.74,270.0,,35559,0,271.0,271.0,269.0
2019-08-07,0.0,0.0,272.0,,61706,0,272.0,273.0,268.0
2019-08-06,0.0,0.0,272.0,,48613,0,272.0,273.0,269.0
2019-08-05,0.0,-0.73,272.0,,39590,0,274.0,276.0,272.0
2019-08-04,0.0,0.0,274.0,,67185,0,275.0,276.0,273.0
2019-08-01,0.0,-1.08,274.0,,60971,0,279.0,279.0,274.0
2019-07-31,0.0,1.09,277.0,,54341,0,279.0,279.0,275.0
2019-07-30,0.0,0.0,274.0,,51954,0,275.0,278.0,274.0
2019-07-29,0.0,-0.72,274.0,,81362,0,278.0,279.0,274.0
2019-07-28,0.0,-1.43,276.0,,74495,0,284.0,284.0,275.0
2019-07-25,0.0,0.0,280.0,,220033,0,283.0,285.0,276.0
2019-07-24,0.0,1.08,280.0,,93698,0,278.0,280.0,276.0
2019-07-23,0.0,0.36,277.0,,39239,0,276.0,279.0,276.0
2019-07-22,0.0,-0.36,276.0,,38777,0,278.0,280.0,275.0
2019-07-21,0.0,1.47,277.0,,43785,0,275.0,277.0,271.0
2019-07-18,0.0,0.37,273.0,,65258,0,275.0,278.0,272.0
2019-07-17,0.0,2.26,272.0,,32203,0,266.0,272.0,264.0
2019-07-16,0.0,1.92,266.0,,26233,0,274.0,274.0,261.0
2019-07-15,0.0,0.77,261.0,,23744,0,260.0,266.0,260.0
2019-07-14,0.0,-0.77,259.0,,31859,0,261.0,261.0,258.0
2019-07-11,0.0,0.38,261.0,,47375,0,263.0,265.0,260.0
2019-07-10,0.0,-1.14,260.0,,58024,0,262.0,262.0,260.0
2019-07-09,0.0,1.15,263.0,,60332,0,260.0,263.0,259.0
2019-07-08,0.0,-2.26,260.0,,105534,0,257.0,266.0,257.0
2019-07-07,0.0,-1.85,266.0,,79038,0,274.0,275.0,266.0
2019-07-04,0.0,0.0,271.0,,201857,0,273.0,275.0,271.0
2019-07-03,0.0,1.12,271.0,,112650,0,270.0,274.0,268.0
2019-07-02,0.0,1.13,268.0,,95480,0,265.0,268.0,264.0
2019-07-01,0.0,-0.38,265.0,,72869,0,267.0,267.0,264.0
2019-06-30,0.0,-1.12,266.0,,127427,0,274.0,274.0,266.0
2019-06-27,0.0,1.13,269.0,,116605,0,267.0,269.0,266.0
2019-06-26,0.0,0.0,266.0,,101979,0,266.0,268.0,266.0
2019-06-25,0.0,-0.75,266.0,,85719,0,268.0,270.0,266.0
2019-06-24,0.0,0.37,268.0,,63199,0,272.0,272.0,266.0
2019-06-23,0.0,-0.74,267.0,,67268,0,268.0,271.0,266.0
2019-06-20,0.0,1.51,269.0,,74082,0,266.0,269.0,266.0
2019-06-19,0.0,0.0,265.0,,76266,0,265.0,270.0,265.0
2019-06-18,0.0,-0.38,265.0,,59040,0,270.0,270.0,265.0
2019-06-17,0.0,0.0,266.0,,86700,0,270.0,270.0,265.0
2019-06-16,0.0,-1.12,266.0,,52890,0,270.0,270.0,266.0
2019-06-13,0.0,-0.74,269.0,,86755,0,271.0,272.0,268.0
2019-06-12,0.0,0.0,271.0,,79131,0,273.0,273.0,268.0
2019-06-11,0.0,0.0,271.0,,53692,0,276.0,278.0,269.0
2019-06-10,0.0,-0.37,271.0,,49611,0,274.0,274.0,269.0
2019-06-06,0.0,-0.73,272.0,,121662,0,274.0,274.0,270.0
2019-06-04,0.0,-0.72,274.0,,343537,0,277.0,277.0,270.0
2019-06-03,0.0,-0.36,276.0,,183969,0,278.0,278.0,274.0
2019-06-02,0.0,-2.46,277.0,,153264,0,285.0,285.0,276.0
2019-05-30,0.0,2.53,284.0,,384413,0,286.0,300.0,283.0
2019-05-29,0.0,-0.36,277.0,,305769,0,280.0,280.0,275.0
2019-05-28,0.0,0.72,278.0,,592141,0,274.0,278.0,272.0
2019-05-27,0.0,0.36,276.0,,234773,0,275.0,279.0,271.0
2019-05-26,0.0,-1.79,275.0,,70659,0,275.0,279.0,272.0
2019-05-23,0.0,-0.71,280.0,,57604,0,282.0,283.0,279.0
2019-05-22,0.0,1.08,282.0,,59972,0,281.0,283.0,280.0
2019-05-21,0.0,-0.36,279.0,,66033,0,282.0,282.0,278.0
2019-05-20,0.0,0.72,280.0,,80103,0,278.0,282.0,277.0
2019-05-19,0.0,-1.07,278.0,,116804,0,278.0,280.0,270.0
2019-05-16,0.0,-1.4,281.0,,61726,0,282.0,285.0,281.0
2019-05-15,0.0,0.0,285.0,,68208,0,283.0,287.0,282.0
2019-05-14,0.0,1.79,285.0,,75573,0,285.0,287.0,280.0
2019-05-13,0.0,-0.71,280.0,,57006,0,283.0,284.0,280.0
2019-05-12,0.0,0.36,282.0,,50164,0,285.0,285.0,279.0
2019-05-09,0.0,-0.71,281.0,,50879,0,281.0,285.0,280.0
2019-05-08,0.0,-1.05,283.0,,29119,0,286.0,286.0,282.0
2019-05-07,0.0,-0.69,286.0,,81997,0,291.0,291.0,284.0
2019-05-06,0.0,2.13,288.0,,85592,0,282.0,289.0,277.0
2019-05-05,0.0,-1.74,282.0,,164492,0,293.0,293.0,278.0
2019-05-02,0.0,-0.35,287.0,,44662,0,292.0,292.0,282.0
2019-04-30,0.0,-0.69,288.0,,61759,0,290.0,294.0,286.0
2019-04-29,0.0,-1.02,290.0,,133827,0,298.0,298.0,283.0
2019-04-28,0.0,-1.68,293.0,,131016,0,300.0,304.0,290.0
2019-04-25,0.0,2.4,298.0,,245331,0,296.0,300.0,291.0
2019-04-24,0.0,4.68,291.0,,219881,0,282.0,293.0,275.0
2019-04-23,0.0,1.09,278.0,,65088,0,272.0,279.0,271.0
2019-04-22,0.0,-1.43,275.0,,140187,0,281.0,282.0,271.0
2019-04-21,0.0,0.36,279.0,,132190,0,276.0,280.0,275.0
2019-04-18,0.0,3.35,278.0,,162970,0,269.0,281.0,268.0
2019-04-17,0.0,1.89,269.0,,161285,0,264.0,271.0,262.0
2019-04-16,0.0,5.18,264.0,,180950,0,254.0,265.0,251.0
2019-04-15,0.0,0.8,251.0,,63792,0,250.0,252.0,249.0
2019-04-11,0.0,0.4,249.0,,57620,0,250.0,250.0,245.0
2019-04-10,0.0,0.4,248.0,,45105,0,247.0,249.0,245.0
2019-04-09,0.0,-1.59,247.0,,76932,0,246.0,252.0,247.0
2019-04-08,0.0,0.0,251.0,,131271,0,251.0,254.0,248.0
2019-04-07,0.0,2.87,251.0,,90019,0,246.0,252.0,242.0
2019-04-04,0.0,-0.41,244.0,,39856,0,243.0,246.0,242.0
2019-04-03,0.0,-0.41,245.0,,72974,0,248.0,248.0,243.0
2019-04-02,0.0,1.23,246.0,,84143,0,245.0,248.0,244.0
2019-04-01,0.0,1.67,243.0,,87641,0,237.0,244.0,237.0
2019-03-31,0.0,1.27,239.0,,64864,0,235.0,240.0,235.0
2019-03-28,0.0,0.85,236.0,,52417,0,233.0,238.0,233.0
2019-03-27,0.0,0.43,234.0,,13077,0,233.0,235.0,233.0
2019-03-26,0.0,-0.85,233.0,,8529,0,235.0,235.0,232.0
2019-03-25,0.0,1.29,235.0,,16011,0,230.0,235.0,230.0
2019-03-24,0.0,0.43,232.0,,21787,0,232.0,232.0,229.0
2019-03-21,0.0,-0.86,231.0,,31696,0,230.0,235.0,230.0
2019-03-19,0.0,-0.43,233.0,,18487,0,238.0,238.0,232.0
2019-03-18,0.0,-0.85,234.0,,28278,0,237.0,238.0,234.0
2019-03-17,0.0,0.0,236.0,,31915,0,237.0,239.0,236.0
2019-03-14,0.0,0.86,235.0,,38998,0,237.0,237.0,227.0
2019-03-13,0.0,-1.69,233.0,,55607,0,239.0,239.0,232.0
2019-03-12,0.0,0.0,236.0,,116104,0,238.0,241.0,234.0
2019-03-11,0.0,4.42,236.0,,93766,0,227.0,237.0,224.0
2019-03-10,0.0,0.89,226.0,,12827,0,224.0,226.0,219.0
2019-03-09,0.0,0.89,226.0,,12827,0,224.0,226.0,219.0
2019-03-07,0.0,3.7,224.0,,47698,0,216.0,224.0,215.0
2019-03-06,0.0,1.89,216.0,,18021,0,212.0,216.0,211.0
2019-03-05,0.0,0.47,212.0,,10121,0,212.0,213.0,210.0
2019-03-03,0.0,-1.4,211.0,,46915,0,215.0,215.0,211.0
2019-02-27,0.0,1.9,214.0,,16433,0,209.0,214.0,209.0
2019-02-26,0.0,0.0,210.0,,14741,0,210.0,212.0,209.0
2019-02-25,0.0,1.45,210.0,,21573,0,208.0,210.0,207.0
2019-02-24,0.0,-0.96,207.0,,11408,0,208.0,209.0,207.0
2019-02-21,0.0,0.48,209.0,,8432,0,208.0,211.0,208.0
2019-02-20,0.0,-0.95,208.0,,25414,0,213.0,213.0,208.0
2019-02-19,0.0,1.94,210.0,,23908,0,206.0,210.0,206.0
2019-02-18,0.0,-1.9,206.0,,43317,0,206.0,210.0,205.0
2019-02-17,0.0,-0.87,227.0,,83039,0,233.0,234.0,227.0
2019-02-14,0.0,-1.29,229.0,,61672,0,230.0,232.0,227.0
2019-02-13,0.0,-1.69,232.0,,42031,0,236.0,238.0,231.0
2019-02-12,0.0,0.0,236.0,,34175,0,240.0,240.0,235.0
2019-02-11,0.0,-1.67,236.0,,25803,0,238.0,240.0,236.0
2019-02-10,0.0,-0.41,240.0,,23274,0,243.0,243.0,236.0
2019-02-07,0.0,0.0,241.0,,27153,0,239.0,242.0,240.0
2019-02-06,0.0,-0.82,241.0,,20462,0,245.0,245.0,240.0
2019-02-05,0.0,0.83,243.0,,18699,0,241.0,243.0,240.0
2019-02-04,0.0,-0.41,241.0,,21011,0,243.0,244.0,240.0
2019-02-03,0.0,0.41,242.0,,38187,0,242.0,245.0,241.0
2019-01-31,0.0,0.0,240.0,,12392,0,240.0,242.0,240.0
2019-01-30,0.0,-0.41,240.0,,16421,0,241.0,245.0,239.0
2019-01-29,0.0,-0.41,241.0,,26210,0,242.0,242.0,240.0
2019-01-28,0.0,0.41,242.0,,26809,0,241.0,243.0,240.0
2019-01-27,0.0,-1.23,241.0,,33425,0,244.0,244.0,240.0
2019-01-24,0.0,0.83,244.0,,63640,0,242.0,246.0,241.0
2019-01-23,0.0,0.0,242.0,,7150,0,242.0,243.0,240.0
2019-01-22,0.0,0.83,242.0,,41114,0,240.0,244.0,238.0
2019-01-21,0.0,-0.83,240.0,,31613,0,242.0,243.0,240.0
2019-01-20,0.0,-0.41,242.0,,11529,0,243.0,245.0,241.0
2019-01-17,0.0,-0.41,243.0,,45703,0,244.0,246.0,241.0
2019-01-16,0.0,-1.61,244.0,,18563,0,248.0,248.0,244.0
2019-01-15,0.0,1.22,248.0,,30703,0,245.0,248.0,244.0
2019-01-14,0.0,0.41,245.0,,15286,0,244.0,245.0,242.0
2019-01-13,0.0,-0.81,244.0,,31923,0,246.0,246.0,243.0
2019-01-10,0.0,-0.81,246.0,,29510,0,248.0,248.0,245.0
2019-01-09,0.0,0.4,248.0,,57276,0,247.0,249.0,244.0
2019-01-08,0.0,0.82,247.0,,38960,0,245.0,247.0,244.0
2019-01-07,0.0,2.94,245.0,,60967,0,238.0,245.0,237.0
2019-01-06,0.0,-3.25,238.0,,105440,0,246.0,249.0,237.0
2019-01-03,0.0,-0.81,246.0,,26508,0,248.0,252.0,245.0
2019-01-02,0.0,0.81,248.0,,25622,0,246.0,249.0,244.0
2019-01-01,0.0,-1.99,246.0,,26554,0,251.0,251.0,246.0
2018-12-31,0.0,0.0,251.0,,34186,0,251.0,252.0,248.0
2018-12-30,0.0,-0.4,251.0,,29982,0,252.0,253.0,250.0
2018-12-27,0.0,-1.18,252.0,,101804,0,255.0,261.0,251.0
2018-12-26,0.0,1.59,255.0,,88851,0,251.0,256.0,251.0
2018-12-25,0.0,0.4,251.0,,20946,0,250.0,252.0,248.0
2018-12-24,0.0,-1.57,250.0,,46936,0,254.0,256.0,250.0
2018-12-23,0.0,2.83,254.0,,174545,0,247.0,260.0,247.0
2018-12-20,0.0,-0.8,247.0,,25155,0,249.0,253.0,246.0
2018-12-19,0.0,0.4,249.0,,17183,0,248.0,250.0,245.0
2018-12-18,0.0,-1.98,248.0,,55781,0,253.0,258.0,248.0
2018-12-17,0.0,1.61,253.0,,37244,0,249.0,254.0,249.0
2018-12-16,0.0,0.0,249.0,,53114,0,249.0,253.0,248.0
2018-12-13,0.0,1.63,249.0,,39727,0,245.0,249.0,245.0
2018-12-12,0.0,-0.81,245.0,,21195,0,247.0,247.0,243.0
2018-12-11,0.0,0.41,247.0,,23955,0,246.0,248.0,244.0
2018-12-10,0.0,0.0,246.0,,52580,0,246.0,247.0,245.0
2018-12-09,0.0,2.5,246.0,,71391,0,240.0,247.0,239.0
2018-12-06,0.0,0.84,240.0,,66796,0,238.0,243.0,235.0
2018-12-04,0.0,0.83,244.0,,36182,0,242.0,246.0,242.0
2018-12-03,0.0,0.0,242.0,,58043,0,242.0,247.0,240.0
2018-12-02,0.0,-0.28,242.0,,64637,0,242.68,244.0,239.0
2018-11-29,0.0,-0.44,245.0,,36874,0,246.09,247.0,242.0
2018-11-28,0.0,-0.4,246.0,,21094,0,247.0,248.0,246.0
2018-11-27,0.0,0.39,247.0,,32485,0,246.03,250.0,245.0
2018-11-26,0.0,-0.4,246.0,,42019,0,247.0,249.0,246.0
2018-11-25,0.0,-1.2,247.0,,37224,0,250.0,252.0,247.0
2018-11-22,0.0,0.0,250.0,,15688,0,250.0,253.0,248.0
2018-11-21,0.0,0.81,250.0,,73472,0,248.0,251.0,248.0
2018-11-20,0.0,-0.4,248.0,,22268,0,249.0,249.0,246.0
2018-11-19,0.0,-1.19,249.0,,42261,0,252.0,254.0,248.0
2018-11-18,0.0,-1.95,252.0,,45438,0,257.0,258.0,252.0
2018-11-15,0.0,0.78,258.0,,89924,0,256.0,259.0,255.0
2018-11-14,0.0,1.99,256.0,,120805,0,251.0,257.0,251.0
2018-11-05,0.0,1.61,253.0,,170282,0,252.0,254.0,249.0
2018-11-04,0.0,0.81,249.0,,191498,0,251.0,258.0,249.0
2018-11-01,0.0,0.0,247.0,,44254,0,245.0,249.0,243.0
2018-10-31,0.0,-0.4,247.0,,36569,0,247.0,250.0,245.0
2018-10-30,0.0,2.48,248.0,,73626,0,242.0,249.0,242.0
2018-10-29,0.0,-2.02,242.0,,46164,0,247.0,247.0,241.0
2018-10-28,0.0,-0.8,247.0,,94393,0,248.0,248.0,244.0
2018-10-25,0.0,-1.58,249.0,,144744,0,253.0,255.0,248.0
2018-10-24,0.0,0.0,253.0,,133851,0,253.0,255.0,250.0
2018-10-23,0.0,1.2,253.0,,135157,0,252.0,254.0,247.0
2018-10-22,0.0,0.4,250.0,,130848,0,250.0,251.0,246.0
2018-10-21,0.0,3.32,249.0,,128330,0,244.0,250.0,243.0
2018-10-15,0.0,0.42,242.0,,104528,0,241.0,246.0,240.0
2018-10-14,0.0,1.27,240.0,,64770,0,239.0,243.0,237.0
2018-10-11,0.0,1.28,237.0,,33914,0,231.0,238.0,230.0
2018-10-10,0.0,3.08,234.0,,28856,0,227.0,234.0,227.0
2018-10-09,0.0,-1.73,227.0,,47269,0,232.0,233.0,227.0
2018-10-08,0.0,2.21,231.0,,39418,0,224.0,231.0,223.0
2018-10-07,0.0,-1.31,226.0,,39273,0,229.0,233.0,226.0
2018-10-04,0.0,-2.14,229.0,,77335,0,232.0,233.0,227.0
2018-10-03,0.0,-0.42,234.0,,60427,0,234.0,238.0,232.0
2018-10-02,0.0,0.43,235.0,,81693,0,230.0,239.0,230.0
2018-10-01,0.0,-2.5,234.0,,100614,0,244.0,244.0,233.0
2018-09-30,0.0,0.42,240.0,,89012,0,242.0,243.0,237.0
2018-09-27,0.0,-0.42,239.0,,194020,0,244.0,246.0,237.0
2018-09-26,0.0,-3.23,240.0,,185025,0,250.0,254.0,237.0
2018-09-25,0.0,7.36,248.0,,337401,0,235.0,253.0,234.0
2018-09-23,0.0,6.45,231.0,,260389,0,218.0,231.0,217.0
2018-09-20,0.0,0.0,217.0,,85446,0,219.0,222.0,215.0
2018-09-18,0.0,0.93,217.0,,44654,0,215.0,218.0,213.0
2018-09-17,0.0,-0.92,215.0,,133589,0,220.0,220.0,214.0
2018-09-16,0.0,2.36,217.0,,164640,0,215.0,227.0,215.0
2018-09-13,0.0,4.95,212.0,,173517,0,206.0,214.0,203.0
2018-09-12,0.0,4.66,202.0,,107655,0,196.0,203.0,194.0
2018-09-11,0.0,-0.51,193.0,,25403,0,197.0,196.0,192.0
2018-09-10,0.0,-0.51,194.0,,45295,0,194.0,194.0,190.0
2018-09-09,0.0,1.04,195.0,,52760,0,193.0,195.0,190.0
2018-09-06,0.0,0.52,193.0,,100353,0,195.0,200.0,190.0
2018-09-05,0.0,3.23,192.0,,69278,0,186.0,197.0,186.0
2018-09-04,0.0,1.64,188.0,,43159,0,185.0,190.0,184.0
2018-09-03,0.0,1.67,183.0,,44943,0,181.0,187.0,181.0
2018-09-02,0.0,0.0,180.0,,28298,0,181.0,186.0,180.0
2018-08-30,0.0,1.12,180.0,,10436,0,177.0,181.0,177.0
2018-08-29,0.0,-2.2,178.0,,18765,0,181.0,182.0,178.0
2018-08-28,0.0,-0.55,182.0,,7207,0,180.0,183.0,180.0
2018-08-26,0.0,1.1,183.0,,3017,0,180.0,183.0,180.0
2018-08-23,0.0,-1.09,181.0,,14679,0,185.0,185.0,181.0
2018-08-22,0.0,0.0,183.0,,4787,0,184.0,185.0,183.0
2018-08-21,0.0,0.0,183.0,,5517,0,185.0,185.0,183.0
2018-08-20,0.0,-1.08,183.0,,11106,0,185.0,185.0,183.0
2018-08-19,0.0,-1.07,185.0,,10116,0,189.0,190.0,184.0
2018-08-16,0.0,-0.53,187.0,,30059,0,189.0,192.0,186.0
2018-08-15,0.0,0.0,188.0,,17323,0,188.0,191.0,183.0
2018-08-14,0.0,0.53,188.0,,9049,0,190.0,190.0,184.0
2018-08-13,0.0,1.63,187.0,,12367,0,185.0,190.0,183.0
2018-08-12,0.0,0.55,184.0,,6987,0,181.0,184.0,181.0
2018-08-09,0.0,-1.08,183.0,,6279,0,186.0,187.0,183.0
2018-08-08,0.0,-1.07,185.0,,12328,0,185.0,186.0,183.0
2018-08-07,0.0,0.54,187.0,,6560,0,187.0,187.0,185.0
2018-08-06,0.0,1.64,186.0,,3463,0,184.0,186.0,183.0
2018-08-05,0.0,-1.61,184.0,,9696,0,186.0,186.0,182.0
2018-08-02,0.0,0.0,186.0,,3692,0,186.0,188.0,184.0
2018-08-01,0.0,0.54,186.0,,2704,0,186.0,187.0,185.0
2018-07-31,0.0,-0.54,185.0,,3174,0,189.0,189.0,185.0
2018-07-30,0.0,-0.53,186.0,,6118,0,185.0,187.0,184.0
2018-07-29,0.0,-0.53,184.0,,4692,0,187.0,188.0,184.0
2018-07-26,0.0,0.53,188.0,,7573,0,185.0,188.0,185.0
2018-07-25,0.0,0.0,187.0,,7141,0,186.0,188.0,184.0
2018-07-24,0.0,0.54,187.0,,15998,0,185.0,191.0,185.0
2018-07-23,0.0,2.2,186.0,,6265,0,183.0,189.0,182.0
2018-07-22,0.0,-1.62,182.0,,16190,0,185.0,185.0,182.0
2018-07-19,0.0,0.0,185.0,,11281,0,183.0,188.0,183.0
2018-07-18,0.0,0.0,185.0,,5539,0,185.0,185.0,183.0
2018-07-17,0.0,-1.07,185.0,,8637,0,186.0,187.0,185.0
2018-07-16,0.0,1.08,187.0,,11492,0,187.0,188.0,185.0
2018-07-15,0.0,2.21,185.0,,7880,0,180.0,186.0,179.0
2018-07-12,0.0,-1.09,181.0,,24170,0,185.0,186.0,178.0
2018-07-11,0.0,-1.08,183.0,,13884,0,188.0,188.0,183.0
2018-07-10,0.0,1.09,185.0,,17469,0,186.0,188.0,182.0
2018-07-09,0.0,-1.61,183.0,,13428,0,187.0,187.0,182.0
2018-07-08,0.0,-3.12,186.0,,25963,0,192.0,196.0,186.0
2018-07-05,0.0,6.67,192.0,,27939,0,182.0,192.0,181.0
2018-07-04,0.0,2.27,179.0,,20643,0,177.0,183.0,176.0
2018-07-03,0.0,-0.56,177.0,,17772,0,177.0,180.0,175.0
2018-07-02,0.0,0.0,186.0,,3692,0,186.0,188.0,184.0
2018-07-01,0.0,-1.09,182.0,,8063,0,183.0,184.0,182.0
2018-06-28,0.0,-0.54,184.0,,14476,0,184.0,186.0,183.0
2018-06-27,0.0,0.0,187.0,,18347,0,186.0,189.0,183.0
2018-06-26,0.0,-1.07,185.0,,12505,0,187.0,190.0,185.0
2018-06-25,0.0,-2.09,187.0,,10509,0,192.0,193.0,187.0
2018-06-24,0.0,0.53,191.0,,9245,0,190.0,196.0,190.0
2018-06-21,0.0,-0.52,190.0,,13668,0,191.0,193.0,188.0
2018-06-20,0.0,-0.52,191.0,,13605,0,192.0,193.0,188.0
2018-06-19,0.0,-1.03,193.0,,5598,0,195.0,195.0,192.0
2018-06-18,0.0,-2.51,194.0,,38855,0,199.0,199.0,192.0
2018-06-17,0.0,0.51,199.0,,7348,0,200.0,201.0,196.0
2018-06-14,0.0,-1.0,198.0,,14048,0,200.0,202.0,198.0
2018-06-13,0.0,-0.99,200.0,,5466,0,198.0,202.0,198.0
2018-06-12,0.0,-1.46,202.0,,17218,0,202.0,203.0,198.0
2018-06-11,0.0,5.13,205.0,,21457,0,195.0,205.0,192.0
2018-06-10,0.0,-2.99,196.0,,35693,0,202.0,204.0,195.0
2018-06-07,0.0,-2.9,201.0,,21442,0,206.0,208.0,200.0
2018-06-06,0.0,-2.9,201.0,,21442,0,206.0,208.0,200.0
2018-06-04,0.0,0.0,207.0,,15090,0,203.0,207.0,201.0
2018-06-03,0.0,-0.96,207.0,,26117,0,206.0,209.0,203.0
2018-05-31,0.0,-0.48,209.0,,17317,0,211.0,213.0,208.0
2018-05-30,0.0,-2.33,210.0,,20910,0,212.0,218.0,208.0
2018-05-29,0.0,-1.83,215.0,,11363,0,223.0,226.0,213.0
2018-05-28,0.0,5.29,219.0,,34862,0,208.0,219.0,206.0
2018-05-27,0.0,0.0,208.0,,21416,0,209.0,209.0,205.0
2018-05-24,0.0,-0.95,208.0,,17892,0,210.0,212.0,206.0
2018-05-23,0.0,-1.87,210.0,,28216,0,212.0,213.0,210.0
2018-05-22,0.0,1.42,214.0,,10929,0,211.0,214.0,210.0
2018-05-21,0.0,-1.86,211.0,,7039,0,214.0,214.0,211.0
2018-05-20,0.0,0.47,215.0,,8205,0,217.0,217.0,213.0
2018-05-17,0.0,0.0,214.0,,5722,0,215.0,218.0,213.0
2018-05-16,0.0,-0.47,214.0,,4857,0,215.0,217.0,213.0
2018-05-15,0.0,0.0,215.0,,4716,0,216.0,216.0,214.0
2018-05-14,0.0,-0.92,215.0,,5442,0,217.0,218.0,215.0
2018-05-10,0.0,0.0,217.0,,5336,0,217.0,217.0,215.0
2018-05-09,0.0,-2.25,217.0,,13713,0,222.0,221.0,215.0
2018-05-08,0.0,1.83,222.0,,20368,0,219.0,222.0,215.0
2018-05-07,0.0,-0.46,218.0,,11517,0,219.0,219.0,216.0
2018-05-06,0.0,-1.35,219.0,,7398,0,220.0,221.0,218.0
2018-05-03,0.0,0.91,222.0,,18396,0,220.0,225.0,220.0
2018-05-02,0.0,2.8,220.0,,17480,0,214.0,220.0,215.0
2018-04-29,0.0,-4.89,214.0,,45796,0,221.0,224.0,214.0
2018-04-26,0.0,-0.88,225.0,,14465,0,225.0,231.0,222.0
2018-04-25,0.0,-1.3,227.0,,10538,0,230.0,233.0,227.0
2018-04-24,0.0,-2.13,230.0,,19753,0,233.0,238.0,230.0
2018-04-23,0.0,-4.86,235.0,,44950,0,246.0,250.0,228.0
2018-04-22,0.0,5.56,247.0,,45965,0,234.0,247.0,232.0
2018-04-19,0.0,4.93,234.0,,50041,0,227.0,235.0,224.0
2018-04-18,0.0,2.29,223.0,,36882,0,221.0,232.0,217.0
2018-04-17,0.0,0.93,218.0,,12231,0,216.0,220.0,217.0
2018-04-16,0.0,0.0,216.0,,21534,0,216.0,218.0,214.0
2018-04-15,0.0,-1.82,216.0,,8969,0,220.0,219.0,215.0
2018-04-12,0.0,0.92,220.0,,16133,0,218.0,222.0,214.0
2018-04-11,0.0,0.46,218.0,,9909,0,215.0,220.0,214.0
2018-04-10,0.0,-1.36,218.0,,13848,0,224.0,227.0,216.0
2018-04-09,0.0,-1.79,220.0,,41978,0,228.0,232.0,220.0
2018-04-08,0.0,2.28,224.0,,32154,0,220.0,227.0,218.0
2018-04-05,0.0,2.82,219.0,,18657,0,217.0,220.0,215.0
2018-04-04,0.0,1.43,213.0,,10208,0,214.0,216.0,211.0
2018-04-03,0.0,0.96,210.0,,7342,0,212.0,212.0,208.0
2018-04-02,0.0,-0.48,208.0,,4342,0,207.0,210.0,206.0
2018-04-01,0.0,-1.42,209.0,,11676,0,213.0,213.0,205.0
2018-03-29,0.0,0.0,212.0,,11034,0,214.0,216.0,210.0
2018-03-28,0.0,2.41,212.0,,24367,0,211.0,215.0,203.0
2018-03-27,0.0,3.5,207.0,,26563,0,198.0,213.0,196.0
2018-03-26,0.0,-3.85,200.0,,36961,0,205.0,205.0,198.0
2018-03-22,0.0,-0.95,208.0,,20962,0,207.0,214.0,203.0
2018-03-21,0.0,-1.41,210.0,,14507,0,212.0,212.0,206.0
2018-03-20,0.0,-0.93,213.0,,11098,0,215.0,215.0,210.0
2018-03-19,0.0,-0.46,215.0,,12343,0,216.0,216.0,213.0
2018-03-18,0.0,-0.92,216.0,,15244,0,218.0,219.0,215.0
2018-03-15,0.0,0.0,218.0,,10337,0,220.0,221.0,218.0
2018-03-14,0.0,0.93,218.0,,6238,0,216.0,219.0,215.0
2018-03-13,0.0,0.0,216.0,,7992,0,218.0,219.0,216.0
2018-03-12,0.0,0.47,216.0,,11618,0,215.0,217.0,212.0
2018-03-11,0.0,-2.71,215.0,,9290,0,221.0,219.0,214.0
2018-03-07,0.0,0.45,221.0,,27415,0,220.0,224.0,219.0
2018-03-06,0.0,1.38,220.0,,31464,0,217.0,221.0,214.0
2018-03-05,0.0,0.0,217.0,,13176,0,220.0,222.0,215.0
2018-03-04,0.0,-4.41,217.0,,42295,0,224.0,224.0,214.0
2018-02-28,0.0,-1.3,227.0,,268612,0,230.0,230.0,225.0
2018-02-27,0.0,0.88,230.0,,271731,0,225.0,233.0,224.0
2018-02-26,0.0,0.0,228.0,,262688,0,224.0,230.0,224.0
2018-02-25,0.0,-0.87,228.0,,8410,0,228.0,230.0,228.0
2018-02-22,0.0,0.88,230.0,,13678,0,229.0,231.0,226.0
2018-02-21,0.0,-0.44,228.0,,13291,0,229.0,231.0,228.0
2018-02-20,0.0,-2.14,229.0,,25129,0,238.0,240.0,229.0
2018-02-18,0.0,-1.68,234.0,,38574,0,238.0,245.0,233.0
2018-02-15,0.0,4.39,238.0,,31223,0,232.0,238.0,229.0
2018-02-14,0.0,1.33,228.0,,232496,0,226.0,230.0,224.0
2018-02-12,0.0,-1.75,225.0,,16032,0,227.0,229.0,225.0
2018-02-11,0.0,0.0,229.0,,13464,0,233.0,233.0,227.0
2018-02-08,0.0,-0.87,229.0,,11380,0,233.0,233.0,227.0
2018-02-07,0.0,-0.43,231.0,,3050,0,233.0,236.0,231.0
2018-02-06,0.0,-0.85,232.0,,10834,0,231.0,232.0,230.0
2018-02-05,0.0,-0.42,234.0,,7427,0,235.0,235.0,231.0
2018-02-04,0.0,0.0,235.0,,11450,0,235.0,235.0,232.0
2018-02-01,0.0,0.86,235.0,,11872,0,233.0,239.0,231.0
2018-01-31,0.0,0.43,233.0,,8560,0,234.0,234.0,230.0
2018-01-29,0.0,-2.11,232.0,,20513,0,233.0,235.0,232.0
2018-01-28,0.0,0.85,237.0,,9376,0,233.0,240.0,233.0
2018-01-25,0.0,1.29,237.0,,13608,0,228.0,237.0,228.0
2018-01-24,0.0,0.0,232.0,,35057,0,236.0,236.0,228.0
2018-01-23,0.0,-0.85,232.0,,12088,0,238.0,246.0,230.0
2018-01-22,0.0,-0.85,234.0,,15289,0,233.0,236.0,233.0
2018-01-21,0.0,-2.48,238.0,,15708,0,245.0,247.0,236.0
2018-01-17,0.0,-1.63,242.0,,10858,0,244.0,245.0,242.0
2018-01-16,0.0,-1.6,246.0,,11639,0,251.0,251.0,246.0
2018-01-14,0.0,-2.34,250.0,,11203,0,252.0,252.0,248.0
2018-01-10,0.0,-0.78,256.0,,11441,0,261.0,261.0,252.0
2018-01-09,0.0,1.57,258.0,,12851,0,254.0,258.0,253.0
2018-01-08,0.0,0.0,254.0,,28835,0,255.0,255.0,250.0
2018-01-07,0.0,-0.39,254.0,,29663,0,255.0,255.0,250.0
2018-01-04,0.0,-0.31,317.0,,181760,0,320.0,320.0,312.0
2018-01-03,0.0,-0.93,318.0,,121421,0,321.0,328.0,316.0
2018-01-02,0.0,-1.23,321.0,,115810,0,327.0,332.0,321.0
2018-01-01,0.0,1.25,325.0,,82802,0,327.0,327.0,319.0
2017-12-31,0.0,-1.23,321.0,,32439,0,325.0,326.0,318.0
2017-12-28,0.0,1.25,325.0,,45656,0,325.0,332.0,316.0
2017-12-27,0.0,-4.46,321.0,,89288,0,332.0,332.0,320.0
2017-12-26,0.0,-2.33,336.0,,36535,0,345.0,345.0,332.0
2017-12-24,0.0,-2.27,344.0,,29908,0,359.0,366.0,342.0
2017-12-21,0.0,1.44,352.0,,22118,0,347.0,355.0,347.0
2017-12-20,0.0,0.0,347.0,,7077,0,347.0,350.0,346.0
2017-12-19,0.0,0.0,347.0,,9921,0,347.0,348.0,345.0
2017-12-18,0.0,-0.57,347.0,,16438,0,349.0,351.0,347.0
2017-12-17,0.0,-0.85,349.0,,5813,0,355.0,355.0,349.0
2017-12-14,0.0,-0.85,352.0,,7353,0,355.0,355.0,350.0
2017-12-13,0.0,1.14,355.0,,8972,0,350.0,355.0,348.0
2017-12-12,0.0,-2.5,351.0,,10352,0,360.0,360.0,351.0
2017-12-11,0.0,0.56,360.0,,26647,0,356.0,360.0,351.0
2017-12-10,0.0,0.28,358.0,,30480,0,357.0,369.0,353.0
2017-12-06,0.0,1.13,357.0,,10385,0,350.0,360.0,350.0
2017-12-05,0.0,0.0,353.0,,8842,0,360.0,360.0,350.0
2017-12-04,0.0,-0.28,353.0,,19726,0,354.0,360.0,351.0
2017-11-30,0.0,-0.56,354.0,,22762,0,359.0,359.0,354.0
2017-11-29,0.0,0.28,356.0,,19748,0,355.0,370.0,355.0
2017-11-28,0.0,0.28,355.0,,11860,0,356.0,356.0,352.0
2017-11-27,0.0,0.57,354.0,,18408,0,352.0,356.0,352.0
2017-11-26,0.0,1.73,352.0,,11203,0,346.0,354.0,346.0
2017-11-23,0.0,0.58,346.0,,9893,0,344.0,350.0,343.0
2017-11-22,0.0,0.0,344.0,,15406,0,344.0,347.0,343.0
2017-11-21,0.0,0.29,344.0,,7825,0,343.0,347.0,341.0
2017-11-20,0.0,0.0,343.0,,8597,0,344.0,348.0,340.0
2017-11-19,0.0,-0.87,343.0,,14089,0,346.0,351.0,340.0
2017-11-16,0.0,-1.14,346.0,,8489,0,350.0,350.0,343.0
2017-11-15,0.0,-1.41,350.0,,14231,0,362.0,362.0,350.0
2017-11-14,0.0,1.14,355.0,,27922,0,355.0,359.0,352.0
2017-11-13,0.0,0.86,351.0,,16818,0,350.0,352.0,345.0
2017-11-12,0.0,0.58,348.0,,8396,0,346.0,348.0,339.0
2017-11-09,0.0,0.29,346.0,,18437,0,345.0,348.0,339.0
2017-11-08,0.0,-1.71,345.0,,66941,0,348.0,350.0,340.0
2017-11-07,0.0,-1.4,351.0,,26130,0,359.0,362.0,351.0
2017-11-06,0.0,0.28,356.0,,25034,0,355.0,360.0,350.0
2017-11-05,0.0,-2.74,355.0,,40530,0,369.0,369.0,352.0
2017-11-02,0.0,0.27,365.0,,21377,0,364.0,367.0,362.0
2017-11-01,0.0,-1.62,364.0,,27554,0,367.0,369.0,362.0
2017-10-31,0.0,-0.54,370.0,,15714,0,377.0,377.0,366.0
2017-10-30,0.0,-0.53,372.0,,13820,0,372.0,375.0,370.0
2017-10-29,0.0,-1.58,374.0,,12083,0,382.0,382.0,372.0
2017-10-25,0.0,-0.52,380.0,,24847,0,376.0,384.0,376.0
2017-10-24,0.0,-1.8,382.0,,9257,0,389.0,390.0,380.0
2017-10-23,0.0,0.26,389.0,,11154,0,388.0,390.0,383.0
2017-10-22,0.0,0.78,388.0,,8389,0,382.0,391.0,382.0
2017-10-18,0.0,1.85,384.0,,22572,0,380.0,385.0,373.0
2017-10-17,0.0,0.53,378.0,,10816,0,376.0,381.0,370.0
2017-10-16,0.0,3.01,376.0,,12470,0,365.0,376.0,365.0
2017-10-15,0.0,0.55,367.0,,7970,0,363.0,367.0,360.0
2017-10-12,0.0,-0.55,363.0,,9675,0,365.0,365.0,361.0
2017-10-11,0.0,0.0,365.0,,9572,0,366.0,368.0,361.0
2017-10-10,0.0,0.55,365.0,,10236,0,365.0,367.0,363.0
2017-10-09,0.0,-1.09,363.0,,9837,0,367.0,367.0,355.0
2017-10-08,0.0,-2.65,367.0,,14716,0,370.0,370.0,358.0
2017-10-04,0.0,-1.57,377.0,,4926,0,380.0,382.0,375.0
2017-10-03,0.0,-0.52,383.0,,1964,0,385.0,392.0,380.0
2017-09-26,0.0,1.58,385.0,,5625,0,383.0,390.0,380.0
2017-09-25,0.0,2.43,379.0,,9616,0,370.0,384.0,370.0
2017-09-24,0.0,0.0,370.0,,14961,0,375.0,376.0,369.0
2017-09-20,0.0,-0.54,370.0,,16906,0,376.0,377.0,366.0
2017-09-18,0.0,-1.06,372.0,,11857,0,380.0,380.0,372.0
2017-09-17,0.0,3.3,376.0,,32885,0,371.0,376.0,366.0
2017-09-14,0.0,4.0,363.0,,15802,0,350.0,364.0,350.0
2017-09-13,0.0,-1.41,350.0,,27337,0,350.0,357.0,347.0
2017-09-12,0.0,-1.39,355.0,,24245,0,361.0,361.0,348.0
2017-09-11,0.0,1.98,360.0,,29717,0,360.0,360.0,350.0
2017-09-10,0.0,-2.22,353.0,,29778,0,367.0,367.0,352.0
2017-09-07,0.0,-2.43,361.0,,12651,0,375.0,378.0,360.0
2017-09-06,0.0,-0.54,370.0,,21844,0,372.0,379.0,365.0
2017-09-04,0.0,-0.8,372.0,,27778,0,375.0,385.0,370.0
2017-08-31,0.0,-1.32,375.0,,26774,0,380.0,382.0,374.0
2017-08-30,0.0,-0.78,380.0,,31329,0,383.0,384.0,376.0
2017-08-28,0.0,-2.05,383.0,,28991,0,398.0,398.0,382.0
2017-08-27,0.0,0.26,391.0,,21318,0,390.0,397.0,389.0
2017-08-24,0.0,0.0,390.0,,27786,0,390.0,392.0,385.0
2017-08-23,0.0,1.04,390.0,,13706,0,389.0,391.0,386.0
2017-08-22,0.0,0.26,386.0,,20417,0,390.0,390.0,384.0
2017-08-21,0.0,-1.79,385.0,,23527,0,393.0,393.0,385.0
2017-08-20,0.0,-0.76,392.0,,20905,0,402.0,400.0,390.0
2017-08-17,0.0,0.0,395.0,,18959,0,395.0,400.0,392.0
2017-08-16,0.0,0.77,395.0,,21526,0,399.0,399.0,392.0
2017-08-15,0.0,-1.26,392.0,,21309,0,397.0,397.0,390.0
2017-08-13,0.0,0.0,397.0,,29321,0,398.0,402.0,395.0
2017-08-10,0.0,-0.75,397.0,,22440,0,400.0,400.0,396.0
2017-08-09,0.0,0.0,400.0,,21527,0,400.0,404.0,398.0
2017-08-07,0.0,0.0,400.0,,58519,0,401.0,401.0,397.0
2017-08-06,0.0,0.76,400.0,,48551,0,404.0,409.0,398.0
2017-08-03,0.0,-1.0,397.0,,47330,0,401.0,405.0,393.0
2017-08-02,0.0,0.0,401.0,,32162,0,400.0,404.0,400.0
2017-08-01,0.0,0.75,401.0,,82293,0,399.0,404.0,395.0
2017-07-31,0.0,-0.25,398.0,,16971,0,399.0,404.0,398.0
2017-07-30,0.0,-0.25,399.0,,22329,0,395.0,403.0,394.0
2017-07-27,0.0,0.25,400.0,,27102,0,400.0,405.0,395.0
2017-07-26,0.0,0.0,399.0,,22853,0,400.0,402.0,395.0
2017-07-25,0.0,0.0,399.0,,27551,0,402.0,403.0,397.0
2017-07-24,0.0,-1.24,399.0,,33649,0,405.0,406.0,398.0
2017-07-23,0.0,0.0,404.0,,26471,0,408.0,411.0,400.0
2017-07-20,0.0,-1.7,405.0,,44658,0,410.0,412.0,402.0
2017-07-19,0.0,-0.48,411.0,,31640,0,417.0,417.0,410.0
2017-07-18,0.0,0.73,413.0,,27940,0,418.0,418.0,406.0
2017-07-17,0.0,0.99,410.0,,22881,0,406.0,411.0,405.0
2017-07-16,0.0,0.0,406.0,,12059,0,409.0,409.0,405.0
2017-07-13,0.0,-0.98,406.0,,14448,0,410.0,410.0,405.0
2017-07-12,0.0,0.74,410.0,,45685,0,407.0,411.0,404.0
2017-07-11,0.0,1.5,407.0,,9267,0,399.0,407.0,399.0
2017-07-10,0.0,-2.2,401.0,,20882,0,407.0,409.0,401.0
2017-07-09,0.0,1.99,410.0,,54555,0,402.0,418.0,396.0
2017-07-06,0.0,0.5,402.0,,28988,0,400.0,405.0,399.0
2017-07-05,0.0,2.56,400.0,,20010,0,391.0,400.0,390.0
2017-07-04,0.0,-1.27,392.0,,26703,0,397.0,397.0,390.0
2017-07-03,0.0,0.51,395.0,,17798,0,396.0,400.0,391.0
2017-07-02,0.0,-1.5,394.0,,25315,0,399.0,400.0,388.0
2017-06-28,0.0,-0.25,399.0,,14065,0,396.0,402.0,396.0
2017-06-27,0.0,0.0,400.0,,21352,0,401.0,402.0,395.0
2017-06-25,0.0,0.0,400.0,,33115,0,396.0,405.0,396.0
2017-06-22,0.0,0.5,401.0,,27917,0,399.0,403.0,399.0
2017-06-21,0.0,0.0,398.0,,14798,0,395.0,403.0,394.0
2017-06-20,0.0,1.02,398.0,,39656,0,395.0,398.0,389.0
2017-06-19,0.0,-1.99,394.0,,20819,0,400.0,402.0,394.0
2017-06-18,0.0,-0.5,402.0,,57026,0,404.0,405.0,396.0
2017-06-15,0.0,-0.49,404.0,,35098,0,401.0,414.0,401.0
2017-06-14,0.0,-0.49,406.0,,24174,0,406.0,410.0,403.0
2017-06-13,0.0,0.49,408.0,,21591,0,404.0,411.0,403.0
2017-06-12,0.0,-0.25,407.0,,26234,0,407.0,410.0,400.0
2017-06-11,0.0,-1.69,407.0,,34482,0,416.0,416.0,404.0
2017-06-08,0.0,-0.24,414.0,,26701,0,417.0,417.0,411.0
2017-06-07,0.0,-1.19,415.0,,32051,0,428.0,430.0,415.0
2017-06-06,0.0,1.69,420.0,,39026,0,418.0,421.0,415.0
2017-06-05,0.0,0.73,413.0,,29263,0,414.0,417.0,411.0
2017-06-04,0.0,-1.2,410.0,,32028,0,412.0,415.0,409.0
2017-06-01,0.0,1.22,415.0,,30918,0,415.0,418.0,411.0
2017-05-31,0.0,-0.97,410.0,,53308,0,414.0,418.0,408.0
2017-05-30,0.0,0.24,414.0,,85599,0,417.0,417.0,409.0
2017-05-28,0.0,-0.96,413.0,,32594,0,416.0,417.0,411.0
2017-05-24,0.0,0.72,417.0,,41570,0,414.0,419.0,412.0
2017-05-23,0.0,0.98,414.0,,47752,0,410.0,418.0,409.0
2017-05-22,0.0,-1.2,410.0,,41474,0,415.0,415.0,405.0
2017-05-21,0.0,-0.95,415.0,,33530,0,419.0,425.0,413.0
2017-05-18,0.0,0.0,419.0,,28637,0,419.0,421.0,415.0
2017-05-17,0.0,-0.95,419.0,,28466,0,427.0,427.0,418.0
2017-05-16,0.0,-0.94,423.0,,35079,0,423.0,425.0,418.0
2017-05-15,0.0,0.47,427.0,,25016,0,418.0,435.0,418.0
2017-05-11,0.0,0.95,425.0,,48861,0,425.0,427.0,420.0
2017-05-09,0.0,0.24,421.0,,61773,0,420.0,422.0,415.0
2017-05-08,0.0,0.96,420.0,,31734,0,417.0,422.0,413.0
2017-05-07,0.0,-1.89,416.0,,60729,0,422.0,428.0,415.0
2017-05-04,0.0,-0.24,424.0,,95625,0,430.0,431.0,420.0
2017-05-03,0.0,-0.47,425.0,,56402,0,435.0,436.0,424.0
2017-05-02,0.0,0.47,427.0,,53112,0,420.0,432.0,417.0
2017-04-30,0.0,-1.85,425.0,,50916,0,433.0,441.0,421.0
2017-04-27,0.0,0.7,433.0,,97827,0,430.0,437.0,423.0
2017-04-26,0.0,-0.23,430.0,,76451,0,433.0,437.0,425.0
2017-04-25,0.0,-0.92,431.0,,111712,0,439.0,440.0,427.0
2017-04-24,0.0,-1.58,435.0,,90060,0,450.0,450.0,433.0
2017-04-23,0.0,3.02,443.0,,159372,0,438.0,460.0,438.0
2017-04-20,0.0,0.94,430.0,,184776,0,434.0,440.0,426.0
2017-04-19,0.0,4.16,426.0,,71030,0,409.0,428.0,406.0
2017-04-18,0.0,-1.45,409.0,,93996,0,407.0,417.0,400.0
2017-04-16,0.0,-3.26,415.0,,82866,0,430.0,435.0,411.0
2017-04-13,0.0,-0.23,429.0,,105586,0,426.0,439.0,416.0
2017-04-12,0.0,0.0,430.0,,188380,0,430.0,445.0,428.0
2017-04-11,0.0,3.12,430.0,,188004,0,425.0,430.0,415.0
2017-04-10,0.0,0.48,417.0,,95667,0,413.0,420.0,412.0
2017-04-09,0.0,0.73,415.0,,119447,0,418.0,424.0,410.0
2017-04-06,0.0,1.98,412.0,,75831,0,404.0,417.0,400.0
2017-04-04,0.0,-0.98,404.0,,131554,0,406.0,418.0,390.0
2017-04-03,0.0,-3.77,408.0,,160931,0,432.0,440.0,405.0
2017-04-02,0.0,9.84,424.0,,93223,0,393.0,424.0,392.0
2017-03-30,0.0,-0.52,386.0,,93263,0,388.0,400.0,375.0
2017-03-29,0.0,-3.52,388.0,,161010,0,398.0,413.0,384.0
2017-03-28,0.0,7.57,398.0,,128326,0,370.0,400.0,372.0
2017-03-26,0.0,7.25,370.0,,107957,0,351.0,375.0,351.0
2017-03-23,0.0,0.29,345.0,,68352,0,344.0,348.0,335.0
2017-03-22,0.0,0.88,344.0,,119863,0,347.0,359.0,335.0
2017-03-21,0.0,1.79,341.0,,79880,0,329.0,347.0,322.0
2017-03-20,0.0,4.69,335.0,,347309,0,314.0,335.0,314.0
2017-03-19,0.0,3.23,320.0,,51135,0,310.0,321.0,310.0
2017-03-16,0.0,0.0,310.0,,28852,0,311.0,313.0,308.0
2017-03-15,0.0,0.98,310.0,,10706,0,308.0,312.0,304.0
2017-03-14,0.0,0.0,307.0,,21465,0,310.0,313.0,306.0
2017-03-13,0.0,-0.32,307.0,,21332,0,310.0,313.0,307.0
2017-03-09,0.0,0.33,308.0,,34434,0,309.0,311.0,305.0
2017-03-07,0.0,-2.23,307.0,,17251,0,311.0,312.0,303.0
2017-03-06,0.0,1.62,314.0,,52818,0,311.0,317.0,310.0
2017-03-05,0.0,0.0,309.0,,43334,0,310.0,315.0,308.0
2017-03-02,0.0,0.32,309.0,,17311,0,307.0,310.0,306.0
2017-03-01,0.0,0.98,308.0,,16689,0,306.0,308.0,305.0
2017-02-28,0.0,-0.97,305.0,,31507,0,308.0,309.0,300.0
2017-02-26,0.0,-0.65,308.0,,16542,0,312.0,312.0,306.0
2017-02-23,0.0,-0.32,310.0,,32289,0,308.0,314.0,308.0
2017-02-22,0.0,-1.27,311.0,,37129,0,315.0,316.0,307.0
2017-02-21,0.0,0.0,315.0,,60335,0,321.0,327.0,311.0
2017-02-20,0.0,0.0,315.0,,85791,0,321.0,325.0,310.0
2017-02-19,0.0,1.61,315.0,,82819,0,310.0,317.0,307.0
2017-02-16,0.0,0.65,308.0,,100379,0,312.0,317.0,305.0
2017-02-15,0.0,2.0,306.0,,77091,0,303.0,309.0,297.0
2017-02-14,0.0,1.01,300.0,,91776,0,298.0,301.0,290.0
2017-02-13,0.0,3.85,297.0,,70157,0,291.0,300.0,281.0
2017-02-12,0.0,-3.7,286.0,,87546,0,293.0,299.0,285.0
2017-02-09,0.0,0.0,297.0,,110428,0,299.0,300.0,295.0
2017-02-08,0.0,-1.0,297.0,,84502,0,297.0,305.0,294.0
2017-02-07,0.0,-0.33,300.0,,73634,0,304.0,306.0,298.0
2017-02-06,0.0,-1.63,302.0,,44870,0,308.0,308.0,300.0
2017-02-05,0.0,-2.55,306.0,,52132,0,310.0,310.0,300.0
2017-02-02,0.0,-1.26,312.0,,94581,0,324.0,330.0,308.0
2017-02-01,0.0,6.35,318.0,,72030,0,304.0,318.0,300.0
2017-01-31,0.0,2.75,299.0,,77906,0,296.0,305.0,281.0
2017-01-30,0.0,-4.9,291.0,,82391,0,312.0,312.0,291.0
2017-01-26,0.0,-0.97,306.0,,103153,0,303.0,314.0,297.0
2017-01-25,0.0,-3.13,309.0,,61703,0,315.0,315.0,300.0
2017-01-24,0.0,-3.33,319.0,,99838,0,335.0,335.0,316.0
2017-01-23,0.0,-2.94,330.0,,76861,0,340.0,344.0,328.0
2017-01-22,0.0,-1.45,340.0,,40325,0,346.0,346.0,340.0
2017-01-19,0.0,-0.58,345.0,,61707,0,347.0,351.0,345.0
2017-01-18,0.0,0.87,347.0,,104527,0,349.0,355.0,345.0
2017-01-17,0.0,-3.37,344.0,,203761,0,349.0,360.0,331.0
2017-01-16,0.0,-9.87,356.0,,12265,0,388.0,388.0,356.0
2017-01-15,0.0,-9.82,395.0,,2320,0,446.0,430.0,395.0
2016-10-04,0.0,9.77,438.0,,5050,0,406.0,438.0,406.0
2016-10-03,0.0,9.92,399.0,,160,0,363.0,399.0,370.0
2015-09-30,0.0,0.0,415.0,,12782,0,422.0,430.0,410.0
2015-09-29,0.0,2.22,415.0,,10714,0,414.0,415.0,409.0
2015-09-28,0.0,-2.4,408.0,,15985,0,408.0,415.0,393.0
2015-09-24,0.0,-1.19,416.0,,31173,0,422.0,422.0,410.0
2015-09-23,0.0,3.19,421.0,,20070,0,416.0,432.0,413.0
2015-09-22,0.0,-4.0,408.0,,25981,0,425.0,425.0,408.0
2015-09-17,0.0,-1.16,425.0,,29984,0,436.0,436.0,425.0
2015-09-16,0.0,-0.69,430.0,,16634,0,432.0,435.0,428.0
2015-09-15,0.0,1.17,433.0,,15007,0,434.0,437.0,430.0
2015-09-14,0.0,0.71,428.0,,30202,0,433.0,447.0,425.0
2015-09-13,0.0,0.71,425.0,,15841,0,425.0,433.0,424.0
2015-09-10,0.0,-1.4,422.0,,18665,0,427.0,431.0,422.0
2015-09-09,0.0,0.47,428.0,,15116,0,428.0,428.0,424.0
2015-09-08,0.0,0.0,426.0,,21942,0,428.0,430.0,424.0
2015-09-07,0.0,1.19,426.0,,12048,0,428.0,429.0,426.0
2015-09-06,0.0,-2.77,421.0,,122545,0,425.0,436.0,415.0
2015-09-03,0.0,0.0,433.0,,15035,0,433.0,436.0,430.0
2015-09-02,0.0,-1.14,433.0,,34816,0,443.0,443.0,430.0
2015-09-01,0.0,-0.9,438.0,,55254,0,442.0,450.0,436.0
2015-08-31,0.0,-1.56,442.0,,43583,0,451.0,451.0,440.0
2015-08-27,0.0,-0.22,449.0,,44253,0,452.0,459.0,445.0
2015-08-26,0.0,-0.22,450.0,,48053,0,455.0,466.0,446.0
2015-08-25,0.0,-1.96,451.0,,84902,0,451.0,456.0,440.0
2015-08-24,0.0,0.66,460.0,,61147,0,464.0,464.0,455.0
2015-08-23,0.0,-2.77,457.0,,114929,0,466.0,474.0,447.0
2015-08-20,0.0,3.98,470.0,,151985,0,461.0,497.0,461.0
2015-08-19,0.0,3.67,452.0,,70388,0,440.0,454.0,435.0
2015-08-18,0.0,7.13,437.0,,64366,0,415.0,438.0,408.0
2015-08-17,0.0,10.0,407.0,,75252,0,377.0,407.0,377.0
2015-08-16,0.0,-4.39,370.0,,50071,0,380.0,387.0,365.0
2015-08-13,0.0,1.31,387.0,,38761,0,381.0,388.0,376.0
2015-08-12,0.0,-2.8,382.0,,27437,0,395.0,395.0,375.0
2015-08-11,0.0,-0.51,393.0,,22817,0,395.0,399.0,385.0
2015-08-10,0.0,0.0,395.0,,42658,0,395.0,402.0,390.0
2015-08-09,0.0,1.8,395.0,,54049,0,388.0,406.0,390.0
2015-08-06,0.0,0.78,388.0,,19735,0,385.0,395.0,378.0
2015-08-05,0.0,0.26,385.0,,25304,0,384.0,386.0,375.0
2015-08-04,0.0,-1.29,384.0,,22976,0,389.0,394.0,383.0
2015-08-03,0.0,0.26,389.0,,32041,0,388.0,390.0,381.0
2015-08-02,0.0,2.65,388.0,,14130,0,378.0,390.0,373.0
2015-07-30,0.0,0.27,378.0,,29557,0,377.0,390.0,370.0
2015-07-29,0.0,-2.08,377.0,,11324,0,385.0,385.0,371.0
2015-07-28,0.0,-0.26,385.0,,43338,0,386.0,400.0,370.0
2015-07-27,0.0,-5.16,386.0,,98678,0,407.0,431.0,385.0
2015-07-26,0.0,10.0,407.0,,100052,0,370.0,407.0,377.0
2015-07-23,0.0,3.64,370.0,,47383,0,357.0,376.0,357.0
2015-07-22,0.0,2.59,357.0,,41410,0,350.0,360.0,350.0
2015-07-16,0.0,2.35,348.0,,12066,0,340.0,348.0,341.0
2015-07-15,0.0,0.59,340.0,,46656,0,338.0,348.0,338.0
2015-07-14,0.0,1.5,338.0,,12223,0,333.0,338.0,330.0
2015-07-13,0.0,0.6,333.0,,14167,0,331.0,334.0,330.0
2015-07-12,0.0,0.0,331.0,,14531,0,336.0,336.0,326.0
2015-07-09,0.0,0.3,331.0,,77704,0,330.0,340.0,329.0
2015-07-08,0.0,3.77,330.0,,34472,0,324.0,336.0,324.0
2015-07-07,0.0,0.95,318.0,,20351,0,315.0,320.0,312.0
2015-07-06,0.0,-0.63,315.0,,16946,0,311.0,318.0,310.0
2015-07-05,0.0,-0.31,317.0,,6756,0,316.0,323.0,315.0
2015-07-02,0.0,-1.55,318.0,,6419,0,323.0,323.0,316.0
2015-07-01,0.0,0.94,323.0,,7123,0,326.0,326.0,320.0
2015-06-30,0.0,-0.93,320.0,,14535,0,324.0,324.0,316.0
2015-06-29,0.0,-0.31,323.0,,24960,0,321.0,329.0,320.0
2015-06-28,0.0,-0.92,324.0,,23180,0,333.0,333.0,324.0
2015-06-25,0.0,0.0,327.0,,15304,0,329.0,332.0,323.0
2015-06-24,0.0,0.62,327.0,,14749,0,321.0,329.0,321.0
2015-06-23,0.0,-0.31,325.0,,7229,0,324.0,327.0,323.0
2015-06-21,0.0,-0.31,323.0,,5825,0,324.0,326.0,320.0
2015-06-18,0.0,-1.52,324.0,,14249,0,329.0,335.0,324.0
2015-06-17,0.0,0.61,329.0,,41105,0,327.0,334.0,324.0
2015-06-16,0.0,-0.3,327.0,,12651,0,328.0,330.0,325.0
2015-06-15,0.0,-0.3,328.0,,14482,0,329.0,335.0,323.0
2015-06-14,0.0,-1.5,329.0,,7684,0,334.0,339.0,325.0
2015-06-11,0.0,-1.47,334.0,,14059,0,339.0,340.0,330.0
2015-06-10,0.0,-2.02,339.0,,28548,0,346.0,345.0,336.0
2015-06-09,0.0,1.76,346.0,,40846,0,340.0,359.0,340.0
2015-06-08,0.0,2.72,340.0,,44051,0,331.0,349.0,332.0
2015-06-07,0.0,3.12,331.0,,40127,0,321.0,332.0,321.0
2015-06-04,0.0,-1.83,321.0,,23373,0,327.0,337.0,321.0
2015-06-03,0.0,1.87,327.0,,16535,0,321.0,332.0,320.0
2015-06-02,0.0,1.9,321.0,,14742,0,315.0,321.0,310.0
2015-06-01,0.0,1.61,315.0,,25940,0,310.0,326.0,308.0
2015-05-31,0.0,5.08,310.0,,28021,0,295.0,311.0,297.0
2015-05-28,0.0,5.36,295.0,,25968,0,280.0,300.0,275.0
2015-05-27,0.0,-2.44,280.0,,9613,0,287.0,286.0,275.0
2015-05-26,0.0,2.5,287.0,,33239,0,280.0,304.0,270.0
2015-05-25,0.0,-9.97,280.0,,3527,0,311.0,305.0,280.0
2015-05-24,0.0,-9.86,311.0,,110,0,345.0,339.0,311.0
2015-04-23,0.0,-1.99,345.0,,15828,0,352.0,355.0,345.0
2015-04-22,0.0,-0.29,349.0,,4108,0,350.0,356.0,346.0
2015-04-21,0.0,0.57,350.0,,69861,0,348.0,357.0,346.0
2015-04-20,0.0,1.16,348.0,,25947,0,344.0,350.0,344.0
2015-04-19,0.0,-1.71,344.0,,15309,0,350.0,358.0,344.0
2015-04-16,0.0,0.57,350.0,,5886,0,348.0,351.0,345.0
2015-04-15,0.0,-1.42,348.0,,5182,0,353.0,360.0,347.0
2015-04-13,0.0,-2.22,353.0,,18412,0,361.0,357.0,347.0
2015-04-12,0.0,2.56,361.0,,34519,0,352.0,362.0,348.0
2015-04-09,0.0,2.92,352.0,,35860,0,342.0,352.0,339.0
2015-04-08,0.0,1.79,342.0,,22579,0,336.0,343.0,332.0
2015-04-07,0.0,0.6,336.0,,12508,0,334.0,340.0,331.0
2015-04-06,0.0,-0.3,334.0,,8859,0,335.0,335.0,330.0
2015-04-05,0.0,1.21,335.0,,9048,0,331.0,336.0,329.0
2015-04-02,0.0,0.91,331.0,,82404,0,328.0,336.0,328.0
2015-04-01,0.0,-1.2,328.0,,7796,0,332.0,333.0,327.0
2015-03-31,0.0,1.22,332.0,,21375,0,328.0,336.0,325.0
2015-03-30,0.0,-0.61,328.0,,13795,0,330.0,335.0,325.0
2015-03-29,0.0,-0.3,330.0,,9720,0,331.0,333.0,325.0
2015-03-26,0.0,0.61,331.0,,43881,0,329.0,331.0,324.0
2015-03-25,0.0,0.3,329.0,,9668,0,328.0,330.0,325.0
2015-03-24,0.0,-0.61,328.0,,67872,0,330.0,330.0,326.0
2015-03-23,0.0,-0.6,330.0,,20269,0,332.0,340.0,329.0
2015-03-22,0.0,-2.06,332.0,,8570,0,339.0,346.0,332.0
2015-03-19,0.0,0.89,339.0,,14209,0,336.0,344.0,338.0
2015-03-18,0.0,-1.18,336.0,,5868,0,340.0,340.0,335.0
2015-03-17,0.0,1.8,340.0,,14725,0,334.0,341.0,329.0
2015-03-16,0.0,-1.76,334.0,,7644,0,340.0,340.0,332.0
2015-03-15,0.0,-0.58,340.0,,13347,0,342.0,342.0,335.0
2015-03-12,0.0,0.0,342.0,,26536,0,342.0,348.0,340.0
2015-03-11,0.0,0.59,343.0,,20898,0,340.0,345.0,341.0
2015-03-10,0.0,-2.02,340.0,,79413,0,347.0,348.0,339.0
2015-03-09,0.0,1.76,347.0,,73654,0,341.0,353.0,344.0
2015-03-04,0.0,-0.58,341.0,,42694,0,343.0,354.0,338.0
2015-03-03,0.0,-1.72,343.0,,25611,0,349.0,348.0,342.0
2015-03-02,0.0,-0.29,349.0,,30148,0,350.0,350.0,345.0
2015-03-01,0.0,0.29,350.0,,92783,0,349.0,360.0,346.0
2015-02-26,0.0,1.49,340.0,,27430,0,335.0,343.0,335.0
2015-02-25,0.0,0.9,335.0,,37210,0,332.0,335.0,328.0
2015-02-24,0.0,0.61,332.0,,48684,0,330.0,335.0,323.0
2015-02-23,0.0,0.0,330.0,,77796,0,330.0,331.0,315.0
2015-02-22,0.0,-1.49,330.0,,94575,0,335.0,343.0,327.0
2015-02-19,0.0,3.72,335.0,,134332,0,323.0,335.0,321.0
2015-02-16,0.0,2.54,323.0,,88333,0,315.0,323.0,310.0
2015-02-15,0.0,1.29,315.0,,44909,0,311.0,315.0,310.0
2015-02-12,0.0,0.0,311.0,,28198,0,311.0,312.0,308.0
2015-02-11,0.0,-0.32,311.0,,47362,0,312.0,315.0,303.0
2015-02-10,0.0,-0.32,312.0,,49865,0,313.0,316.0,309.0
2015-02-09,0.0,0.0,313.0,,63959,0,313.0,315.0,310.0
2015-02-08,0.0,-0.32,313.0,,63109,0,314.0,319.0,310.0
2015-02-05,0.0,0.32,314.0,,29629,0,313.0,314.0,306.0
2015-02-04,0.0,-0.63,313.0,,34499,0,315.0,315.0,309.0
2015-02-03,0.0,-0.63,315.0,,27634,0,317.0,320.0,314.0
2015-02-02,0.0,-2.76,317.0,,87493,0,326.0,328.0,314.0
2015-02-01,0.0,7.24,326.0,,177083,0,304.0,334.0,306.0
2015-01-29,0.0,-0.98,304.0,,113634,0,307.0,313.0,299.0
2015-01-28,0.0,1.66,307.0,,70550,0,302.0,312.0,300.0
2015-01-27,0.0,-0.66,302.0,,138206,0,304.0,306.0,300.0
2015-01-26,0.0,1.33,304.0,,108179,0,300.0,315.0,297.0
2015-01-25,0.0,1.01,300.0,,32235,0,297.0,302.0,295.0
2015-01-22,0.0,-0.67,297.0,,31974,0,299.0,299.0,290.0
2015-01-20,0.0,-1.32,299.0,,54658,0,303.0,311.0,285.0
2015-01-19,0.0,3.06,303.0,,95482,0,294.0,323.0,294.0
2015-01-18,0.0,9.29,294.0,,189547,0,269.0,294.0,271.0
2015-01-14,0.0,1.51,269.0,,17178,0,265.0,271.0,263.0
2015-01-13,0.0,-0.75,265.0,,27085,0,267.0,268.0,257.0
2015-01-12,0.0,0.75,267.0,,39542,0,265.0,267.0,261.0
2015-01-11,0.0,-2.21,265.0,,45356,0,271.0,271.0,263.0
2015-01-08,0.0,0.0,271.0,,52836,0,271.0,276.0,268.0
2015-01-07,0.0,-0.73,271.0,,199210,0,273.0,288.0,268.0
2015-01-06,0.0,9.64,273.0,,170924,0,249.0,273.0,253.0
2015-01-05,0.0,9.69,249.0,,102303,0,227.0,249.0,231.0
2015-01-04,0.0,9.66,227.0,,50,0,207.0,227.0,211.0
