DATE,CHANGE,CHANGE %,CLOSE,TURNOVER,VOLUME,TRADE,OPEN,HIGH,LOW
2026-05-08,22.9,3.07,769.9,,18066,178,784.3,784.3,734.0
2026-05-07,11.1,1.51,747.0,,22944,137,737.0,747.9,733.2
2026-05-06,-4.1,-0.55,735.9,,23443,95,740.0,744.0,734.0
2026-05-05,10.0,1.37,740.0,,49201,184,729.0,745.0,719.0
2026-05-04,-24.0,-3.18,730.0,,71350,258,760.0,760.0,727.2
2026-04-30,-10.8,-1.41,754.0,,65157,268,745.1,758.9,722.8
2026-04-29,-15.2,-1.95,764.8,,57510,276,775.0,775.0,755.0
2026-04-28,-9.0,-1.14,780.0,,56765,206,775.5,798.0,775.1
2026-04-27,-1.0,-0.13,789.0,,12908,109,802.3,802.3,780.0
2026-04-24,1.0,0.13,790.0,,36399,176,795.0,795.0,775.0
2026-04-23,-14.0,-1.74,789.0,,46925,232,762.9,824.0,762.9
2026-04-22,9.0,1.13,803.0,,105077,354,790.0,805.3,775.0
2026-04-21,-5.8,-0.73,794.0,,53081,216,759.9,810.0,759.9
2026-04-20,-6.2,-0.77,799.8,,57776,222,765.7,811.0,765.7
2026-04-17,-8.5,-1.04,806.0,,101556,378,815.0,819.0,798.1
2026-04-16,-10.5,-1.27,814.5,,116129,320,825.0,827.2,808.1
2026-04-15,13.0,1.6,825.0,,127361,366,820.0,832.6,816.3
2026-04-13,-13.1,-1.59,812.0,,104467,318,825.2,833.0,812.0
2026-04-10,-14.9,-1.77,825.1,,162553,514,845.0,845.0,820.0
2026-04-09,15.0,1.82,840.0,,132099,401,825.0,842.0,817.1
2026-04-08,16.0,1.98,825.0,,141394,371,815.0,825.0,808.0
2026-04-07,-0.5,-0.06,809.0,,108105,455,815.0,824.9,800.5
2026-04-06,33.5,4.32,809.5,,161644,591,787.0,819.0,779.0
2026-04-05,-45.0,-5.48,776.0,,296038,789,805.0,811.0,771.0
2026-04-02,-2.0,-0.24,821.0,,168981,551,820.0,843.0,811.0
2026-04-01,-31.0,-3.63,823.0,,258655,743,837.0,853.0,810.0
2026-03-31,-10.5,-1.21,854.0,,299105,716,881.7,881.7,845.0
2026-03-30,-7.5,-0.86,864.5,,304523,935,889.4,889.4,850.3
2026-03-29,-25.0,-2.79,872.0,,397284,928,900.0,904.0,870.0
2026-03-26,-2.9,-0.32,897.0,,258398,576,899.0,902.9,890.2
2026-03-25,-5.1,-0.56,899.9,,369645,913,908.0,922.0,894.0
2026-03-24,27.0,3.08,905.0,,746092,1482,890.0,915.0,888.2
2026-03-23,0.7,0.08,878.0,,222605,562,880.0,885.0,867.1
2026-03-22,-7.2,-0.81,877.3,,289526,691,866.9,910.0,866.9
2026-03-19,2.5,0.28,884.5,,316006,733,875.0,897.0,875.0
2026-03-17,-6.0,-0.68,882.0,,155640,407,878.1,896.0,873.0
2026-03-16,-12.0,-1.33,888.0,,182681,473,900.0,909.8,880.0
2026-03-15,25.5,2.92,900.0,,510800,1123,857.1,905.0,857.1
2026-03-12,-0.5,-0.06,874.5,,276580,552,875.0,887.9,874.5
2026-03-11,-22.0,-2.45,875.0,,283579,748,914.9,914.9,875.0
2026-03-10,-23.0,-2.5,897.0,,511932,1270,922.0,922.0,883.6
2026-03-09,46.5,5.32,920.0,,24345,47,890.9,940.0,890.9
2026-03-03,16.6,1.94,873.5,,239141,616,874.0,880.0,846.2
2026-03-01,7.9,0.93,856.9,,424938,536,840.0,857.0,838.3
2026-02-26,-1.0,-0.12,849.0,,127962,304,852.0,853.0,846.2
2026-02-25,-5.6,-0.65,850.0,,112176,372,851.1,863.9,850.0
2026-02-24,7.7,0.91,855.6,,188890,495,831.0,859.0,831.0
2026-02-23,7.9,0.94,847.9,,176577,534,844.8,850.1,835.0
2026-02-22,8.3,1.0,840.0,,215666,612,835.0,845.0,827.5
2026-02-17,-13.3,-1.57,831.7,,222802,566,848.0,848.8,830.1
2026-02-16,0.0,0.0,845.0,,163075,408,828.1,855.0,828.1
2026-02-12,-3.0,-0.35,845.0,,269454,662,831.1,855.0,831.1
2026-02-11,-4.8,-0.56,848.0,,228817,605,862.0,863.0,838.0
2026-02-10,-9.2,-1.07,852.8,,333691,723,865.0,870.0,850.0
2026-02-09,-24.0,-2.71,862.0,,311170,917,880.1,885.0,855.8
2026-02-08,11.0,1.26,886.0,,497610,1230,885.0,894.0,877.1
2026-02-05,25.0,2.94,875.0,,654099,2357,833.0,895.4,833.0
2026-02-04,14.0,1.67,850.0,,308443,876,852.7,864.9,840.0
2026-02-03,-8.0,-0.95,836.0,,246150,773,827.2,854.0,827.2
2026-02-02,-1.0,-0.12,844.0,,333893,911,828.1,859.9,828.1
2026-02-01,-15.0,-1.74,845.0,,458748,1256,869.9,870.0,838.0
2026-01-29,-3.0,-0.35,860.0,,497203,1624,880.0,889.0,848.0
2026-01-28,36.0,4.35,863.0,,639015,2059,836.0,869.0,834.9
2026-01-27,17.0,2.1,827.0,,687523,2344,819.0,854.9,815.0
2026-01-26,-1.0,-0.12,810.0,,361837,927,811.0,824.3,805.1
2026-01-25,6.0,0.75,811.0,,317426,935,811.0,820.0,804.1
2026-01-22,-10.0,-1.23,805.0,,211263,758,822.0,823.0,801.1
2026-01-21,-5.5,-0.67,815.0,,344026,913,836.0,836.0,810.0
2026-01-20,27.8,3.51,820.5,,477973,1293,808.5,825.0,802.0
2026-01-18,-9.3,-1.16,792.7,,310404,1120,813.0,814.0,792.6
2026-01-14,-17.0,-2.08,802.0,,324761,1254,833.0,833.0,796.0
2026-01-13,31.0,3.93,819.0,,674600,2324,794.7,820.0,790.1
2026-01-12,25.0,3.28,788.0,,405871,1191,778.2,789.9,769.0
2026-01-08,9.5,1.26,763.0,,151349,449,753.5,770.0,750.3
2026-01-07,-11.2,-1.46,753.5,,132986,431,779.9,779.9,753.5
2026-01-06,14.7,1.96,764.7,,231496,710,751.0,771.0,750.5
2026-01-05,17.0,2.32,750.0,,124857,412,737.0,754.9,731.2
2026-01-04,-12.0,-1.61,733.0,,57683,248,737.0,750.8,730.4
2026-01-01,-9.0,-1.19,745.0,,97829,324,747.1,760.0,743.0
2025-12-31,4.3,0.57,754.0,,115779,266,744.4,759.1,744.4
2025-12-29,-3.3,-0.44,749.7,,98006,324,759.9,761.0,743.0
2025-12-28,23.0,3.15,753.0,,136618,461,734.0,757.0,730.1
2025-12-24,5.0,0.69,730.0,,64165,244,739.0,739.0,726.0
2025-12-23,0.0,0.0,725.0,,55091,195,730.0,730.0,721.2
2025-12-22,-10.0,-1.36,725.0,,77381,258,740.0,740.0,721.0
2025-12-21,-13.0,-1.74,735.0,,105447,361,738.0,750.0,733.3
2025-12-18,15.1,2.06,748.0,,246124,825,747.0,753.0,730.0
2025-12-17,11.9,1.65,732.9,,127945,377,719.1,734.0,719.1
2025-12-16,0.0,0.0,721.0,,102396,420,720.0,725.0,710.0
2025-12-15,1.0,0.14,721.0,,53450,215,713.5,724.0,713.5
2025-12-14,-2.2,-0.3,720.0,,88741,302,718.1,730.0,714.0
2025-12-11,-3.1,-0.43,722.2,,50101,213,721.0,732.8,719.5
2025-12-10,-5.7,-0.78,725.3,,69244,235,739.0,741.2,725.0
2025-12-09,13.9,1.94,731.0,,137040,441,711.1,735.0,711.1
2025-12-08,-6.9,-0.95,717.1,,125803,416,738.4,738.4,716.3
2025-12-07,-11.0,-1.5,724.0,,83963,323,731.0,734.0,722.0
2025-12-03,-3.6,-0.49,735.0,,102123,369,753.0,753.0,730.0
2025-12-02,5.6,0.76,738.6,,49368,242,745.0,745.0,736.0
2025-12-01,-4.1,-0.56,733.0,,77961,326,751.8,751.8,731.3
2025-11-30,-7.8,-1.05,737.1,,128864,425,759.7,759.7,735.0
2025-11-27,-4.1,-0.55,744.9,,111779,435,763.9,763.9,743.0
2025-11-26,-20.0,-2.6,749.0,,184861,604,784.0,784.0,747.0
2025-11-25,0.0,0.0,769.0,,129174,389,784.3,784.3,754.0
2025-11-24,0.0,0.0,769.0,,188899,568,784.3,784.3,764.0
2025-11-23,22.0,2.95,769.0,,284912,904,748.0,776.5,748.0
2025-11-20,4.0,0.54,747.0,,153662,507,757.0,758.0,730.0
2025-11-19,-6.0,-0.8,743.0,,213662,567,763.9,763.9,740.0
2025-11-18,-1.1,-0.15,749.0,,127990,520,765.1,771.0,749.0
2025-11-17,28.1,3.89,750.1,,206685,734,736.4,759.8,712.0
2025-11-16,-18.0,-2.43,722.0,,112346,516,754.8,754.8,720.4
2025-11-13,-5.0,-0.67,740.0,,126253,493,759.9,759.9,733.1
2025-11-12,-24.0,-3.12,745.0,,294796,930,765.0,774.0,740.0
2025-11-11,-10.0,-1.28,769.0,,418689,1222,794.0,794.5,762.4
2025-11-10,2.0,0.26,779.0,,228008,683,792.5,792.5,766.0
2025-11-09,-15.0,-1.89,777.0,,277297,846,807.8,807.8,775.1
2025-11-06,-4.0,-0.5,792.0,,384633,1154,811.9,813.0,790.0
2025-11-05,26.0,3.38,796.0,,402698,1188,785.4,802.0,766.0
2025-11-04,-5.0,-0.65,770.0,,287357,894,790.5,800.0,766.1
2025-11-03,19.9,2.64,775.0,,321965,936,769.0,780.0,751.1
2025-11-02,-11.9,-1.55,755.1,,317605,1153,782.0,787.0,755.1
2025-10-30,39.0,5.36,767.0,,497142,1540,714.0,774.4,714.0
2025-10-29,5.0,0.69,728.0,,304365,903,709.0,748.5,709.0
2025-10-28,63.3,9.6,723.0,,312700,981,659.0,725.6,658.9
2025-10-26,20.7,3.24,659.7,,91244,434,639.0,661.0,636.0
2025-10-19,7.4,1.17,639.0,,66641,212,644.2,646.9,618.8
2025-10-16,-10.4,-1.62,631.6,,91798,271,654.8,654.8,631.0
2025-10-15,-18.0,-2.73,642.0,,115399,304,655.0,657.0,640.0
2025-10-14,-10.0,-1.49,660.0,,97188,291,673.0,677.8,648.0
2025-10-13,35.0,5.51,670.0,,116917,496,647.0,670.0,635.0
2025-10-12,-59.0,-8.5,635.0,,254238,838,707.8,707.8,630.0
2025-10-09,4.0,0.58,694.0,,110975,432,703.8,728.9,690.2
2025-10-08,-19.0,-2.68,690.0,,127352,495,723.1,723.1,686.7
2025-10-07,-42.0,-5.59,709.0,,145205,492,766.0,766.0,701.0
2025-09-28,5.0,0.67,751.0,,57305,203,760.0,760.0,745.0
2025-09-25,-9.0,-1.19,746.0,,46845,209,770.1,770.1,745.0
2025-09-24,-6.0,-0.79,755.0,,76306,266,776.0,776.0,742.0
2025-09-23,20.08,2.71,761.0,,105869,347,740.0,766.9,740.0
2025-09-21,31.92,4.5,740.92,,157100,558,694.9,750.0,694.9
2025-09-18,-43.11,-5.73,709.0,,32686,56,737.1,737.1,695.0
2025-09-08,-8.64,-1.14,752.11,,97982,317,775.9,775.9,750.1
2025-09-07,-1.36,-0.18,760.75,,115016,367,777.3,777.3,759.0
2025-09-04,8.75,1.16,762.11,,80933,391,768.4,768.4,749.2
2025-09-03,-4.69,-0.62,753.36,,85176,271,742.9,759.8,742.9
2025-09-02,-4.57,-0.6,758.05,,61303,319,760.0,766.0,755.0
2025-09-01,6.57,0.87,762.62,,79974,287,771.0,771.0,753.0
2025-08-31,-5.29,-0.69,756.05,,80465,337,760.0,769.0,751.1
2025-08-28,-14.22,-1.83,761.34,,165617,619,778.5,787.9,760.0
2025-08-27,19.35,2.56,775.56,,133264,532,771.3,780.0,757.0
2025-08-26,-0.64,-0.08,756.21,,62620,236,759.9,764.9,755.0
2025-08-25,4.51,0.6,756.85,,235342,438,760.0,765.0,742.0
2025-08-24,-14.53,-1.89,752.34,,146502,447,766.0,774.0,745.0
2025-08-21,-2.47,-0.32,766.87,,82287,310,767.9,773.0,763.0
2025-08-20,2.0,0.26,769.34,,157783,374,782.2,782.2,767.0
2025-08-19,-8.68,-1.12,767.34,,265372,740,791.1,791.1,760.0
2025-08-18,3.59,0.46,776.02,,75769,355,783.0,783.0,768.0
2025-08-17,-25.65,-3.21,772.43,,193245,774,813.7,813.7,771.0
2025-08-14,33.86,4.43,798.08,,265370,978,776.0,800.0,763.6
2025-08-13,1.94,0.25,764.22,,121358,449,776.3,776.3,760.1
2025-08-12,-6.43,-0.84,762.28,,133340,607,784.0,784.0,757.2
2025-08-11,-28.56,-3.58,768.71,,121012,617,810.4,810.4,765.0
2025-08-07,5.25,0.66,797.27,,156996,618,800.0,804.0,794.0
2025-08-06,8.94,1.14,792.02,,164128,698,795.0,806.0,783.0
2025-08-05,-23.23,-2.88,783.08,,188175,901,817.9,817.9,778.0
2025-08-04,-4.81,-0.59,806.31,,157701,722,827.3,827.3,800.0
2025-08-03,-10.13,-1.23,811.12,,208380,986,825.0,832.0,809.0
2025-07-31,-6.98,-0.84,821.25,,234509,956,811.7,842.0,811.7
2025-07-30,-20.01,-2.36,828.23,,369352,1311,865.0,865.0,825.1
2025-07-29,2.48,0.29,848.24,,577425,1837,860.0,884.1,845.0
2025-07-28,-6.2,-0.73,845.76,,371808,1549,850.0,865.0,839.0
2025-07-27,-18.58,-2.13,851.96,,575630,2088,870.5,905.6,851.0
2025-07-24,56.9,6.99,870.54,,898348,3282,816.1,885.0,816.0
2025-07-23,3.04,0.38,813.64,,367552,1237,810.7,823.0,807.7
2025-07-22,1.33,0.16,810.6,,378671,1525,825.4,825.4,810.0
2025-07-21,-3.26,-0.4,809.27,,367590,1286,826.0,826.0,795.0
2025-07-20,-20.43,-2.45,812.53,,558110,1859,849.6,849.6,808.0
2025-07-17,22.72,2.8,832.96,,676717,2305,826.4,851.0,820.0
2025-07-16,7.94,0.99,810.24,,694292,2017,809.8,831.0,803.0
2025-07-15,38.52,5.04,802.3,,551457,1691,750.0,809.5,750.0
2025-07-14,-2.45,-0.32,763.78,,204916,755,781.5,781.5,761.1
2025-07-13,-13.18,-1.69,766.23,,287277,860,794.9,794.9,765.0
2025-07-10,-11.89,-1.5,779.41,,216736,829,795.0,797.9,776.1
2025-07-09,2.51,0.32,791.3,,582106,1476,804.5,820.0,788.5
2025-07-08,18.84,2.45,788.79,,293773,857,754.6,794.0,754.6
2025-07-07,-2.81,-0.36,769.95,,183026,656,765.0,785.0,765.0
2025-07-06,-7.28,-0.93,772.76,,180578,632,783.0,790.0,770.0
2025-07-03,-13.84,-1.74,780.04,,295094,950,795.0,796.0,778.0
2025-07-02,-10.85,-1.35,793.88,,339306,959,820.8,820.8,791.4
2025-07-01,23.39,2.99,804.73,,564638,1514,796.9,818.0,781.0
2025-06-30,4.28,0.55,781.34,,188005,713,774.2,790.0,773.4
2025-06-29,-4.05,-0.52,777.06,,272748,975,770.0,793.0,770.0
2025-06-26,-19.17,-2.4,781.11,,497210,1473,784.3,810.0,780.1
2025-06-25,-3.62,-0.45,800.28,,310295,1003,819.9,819.9,791.2
2025-06-24,-21.32,-2.58,803.9,,293864,1059,841.0,841.0,798.0
2025-06-23,38.27,4.86,825.22,,640106,2031,802.6,835.0,785.0
2025-06-22,-25.97,-3.19,786.95,,617849,1809,829.1,829.1,784.0
2025-06-19,-22.97,-2.75,812.92,,431363,1546,840.0,845.0,810.1
2025-06-18,6.11,0.74,835.89,,352422,1380,846.3,854.0,830.1
2025-06-17,23.9,2.97,829.78,,464520,1440,820.9,836.0,806.0
2025-06-16,-25.22,-3.03,805.88,,660373,2010,840.0,844.0,802.0
2025-06-15,-9.49,-1.13,831.1,,600333,1791,857.0,865.0,828.9
2025-06-12,-3.86,-0.46,840.59,,638035,1780,861.3,866.0,838.0
2025-06-11,21.25,2.58,844.45,,727159,2292,829.9,864.6,825.1
2025-06-10,-3.35,-0.41,823.2,,561434,1486,843.0,843.0,820.1
2025-06-09,2.14,0.26,826.55,,750435,1870,824.4,843.0,816.0
2025-06-08,-21.46,-2.54,824.41,,874768,2604,845.0,850.0,820.0
2025-06-05,59.42,7.56,845.87,,1119113,3335,790.0,850.0,785.0
2025-06-04,7.49,0.96,786.45,,379897,1191,780.1,793.7,776.2
2025-06-03,7.55,0.98,778.96,,765919,2258,786.0,797.5,771.0
2025-06-02,-9.55,-1.22,771.41,,838753,2111,782.0,795.0,765.0
2025-05-28,-12.61,-1.59,780.96,,763046,2302,809.4,809.4,775.4
2025-05-27,-8.2,-1.02,793.57,,592187,1711,801.0,813.0,790.0
2025-05-26,10.01,1.26,801.77,,799549,2397,800.0,814.4,790.0
2025-05-25,23.11,3.01,791.76,,917496,2420,780.0,796.1,760.1
2025-05-22,-5.1,-0.66,768.65,,784158,2208,758.3,792.0,755.1
2025-05-21,26.19,3.5,773.75,,925606,2224,762.5,780.0,748.0
2025-05-20,23.32,3.22,747.56,,562466,1996,712.0,757.0,712.0
2025-05-19,34.21,4.96,724.24,,836912,2437,700.0,730.0,693.0
2025-05-18,-26.83,-3.74,690.03,,688174,2073,702.6,739.0,686.0
2025-05-15,2.06,0.29,716.86,,613029,1865,729.0,734.0,708.0
2025-05-14,-37.42,-4.97,714.8,,811135,2517,737.2,763.0,711.0
2025-05-13,15.64,2.12,752.22,,611658,1809,740.0,769.0,740.0
2025-05-11,33.34,4.74,736.58,,899951,2540,717.0,747.0,704.6
2025-05-08,-10.2,-1.43,703.24,,603601,2011,699.2,739.8,699.0
2025-05-07,16.2,2.32,713.44,,608727,2000,697.0,722.0,695.0
2025-05-06,-2.13,-0.3,697.24,,542259,1785,710.9,720.0,692.0
2025-05-05,47.71,7.32,699.37,,1114755,3392,661.6,700.5,646.0
2025-05-04,-16.23,-2.43,651.66,,780400,2265,672.0,672.5,647.0
2025-04-30,6.59,1.0,667.89,,869518,1979,648.1,699.7,648.1
2025-04-29,43.25,7.0,661.3,,720670,2334,618.05,665.0,618.05
2025-04-28,-9.12,-1.45,618.05,,724284,1902,634.9,635.0,614.0
2025-04-27,10.61,1.72,627.17,,892650,2345,624.0,642.6,618.0
2025-04-24,38.61,6.68,616.56,,948148,3139,586.5,625.2,578.0
2025-04-23,24.01,4.33,577.95,,1039659,2943,561.0,585.0,546.0
2025-04-22,-8.36,-1.49,553.94,,629601,1631,568.0,581.0,550.0
2025-04-21,-8.86,-1.55,562.3,,519938,1746,582.0,584.0,559.6
2025-04-20,31.98,5.93,571.16,,1243539,3016,549.9,582.0,530.0
2025-04-17,8.6,1.62,539.18,,685041,2190,541.0,570.0,535.5
2025-04-16,48.1,9.97,530.58,,984197,2997,485.0,530.7,485.0
2025-04-15,-11.84,-2.4,482.48,,732573,2032,504.2,505.0,479.3
2025-04-13,22.68,4.81,494.32,,894510,2505,480.0,496.0,475.2
2025-04-10,20.94,4.65,471.64,,764195,2614,456.0,483.3,450.0
2025-04-09,8.78,1.99,450.7,,454504,1487,443.0,455.8,441.0
2025-04-08,-5.2,-1.16,441.92,,411860,1156,446.0,446.0,433.0
2025-04-07,6.51,1.48,447.12,,630294,1896,445.0,456.9,440.0
2025-04-03,20.6,4.9,440.61,,747642,2332,412.0,449.8,412.0
2025-04-02,12.8,3.14,420.01,,381728,1283,407.0,425.0,403.1
2025-04-01,16.72,4.28,407.21,,155654,508,391.0,409.9,388.1
2025-03-30,3.08,0.8,390.49,,120726,269,387.0,402.0,387.0
2025-03-27,4.97,1.3,387.41,,33745,153,382.0,390.0,380.0
2025-03-26,8.78,2.35,382.44,77.55,20406,97,381.0,387.0,375.1
2025-03-25,-14.35,-3.7,373.66,,94367,291,385.1,390.0,373.0
2025-03-24,0.55,0.14,388.01,98.54,25333,133,385.0,392.0,382.3
2025-03-23,-11.02,-2.77,387.46,,81608,254,400.0,400.0,385.1
2025-03-20,6.48,1.65,398.48,,87181,319,391.0,402.0,391.0
2025-03-19,3.0,0.77,392.0,,79216,216,392.0,397.0,387.1
2025-03-18,-0.9,-0.23,389.0,,38233,141,394.5,394.5,388.1
2025-03-17,-4.9,-1.24,389.9,,35224,164,402.6,402.6,389.6
2025-03-16,-2.9,-0.73,394.8,,42824,176,391.3,398.9,390.0
2025-03-12,-2.2,-0.55,397.7,,62928,230,394.0,403.9,391.1
2025-03-11,1.5,0.38,399.9,,90650,313,406.3,406.3,393.0
2025-03-10,-4.5,-1.12,398.4,,61805,232,398.0,416.0,398.0
2025-03-09,-7.1,-1.73,402.9,,98599,319,405.0,413.0,402.1
2025-03-06,2.0,0.49,410.0,,85694,278,402.1,415.9,402.1
2025-03-05,-3.0,-0.73,408.0,,110478,314,417.0,418.0,405.0
2025-03-04,-4.0,-0.96,411.0,,125158,420,416.0,422.0,410.0
2025-03-03,-3.1,-0.74,415.0,,212781,578,426.4,429.5,413.2
2025-03-02,11.4,2.8,418.1,,122762,454,414.8,421.2,399.0
2025-02-27,8.1,2.03,406.7,,82106,291,402.0,413.0,399.1
2025-02-25,-5.4,-1.34,398.6,,63522,243,400.0,406.0,398.2
2025-02-24,2.0,0.5,404.0,,89080,305,410.0,410.0,399.0
2025-02-23,-2.3,-0.57,402.0,,121652,401,397.0,412.0,390.0
2025-02-20,-4.6,-1.12,404.3,,91058,311,404.0,409.8,401.4
2025-02-18,-3.0,-0.73,408.9,,112022,355,410.1,416.0,403.1
2025-02-17,-4.1,-0.99,411.9,,198045,556,408.0,424.4,408.0
2025-02-16,-3.6,-0.86,416.0,,163597,491,425.0,425.0,413.0
2025-02-13,17.6,4.38,419.6,,483864,1611,410.0,430.0,402.0
2025-02-12,2.2,0.55,402.0,,121325,345,407.0,407.0,399.3
2025-02-11,6.8,1.73,399.8,,95643,292,398.5,403.0,386.0
2025-02-10,-5.0,-1.26,393.0,,89623,298,395.0,400.0,386.1
2025-02-09,-5.9,-1.46,398.0,,77593,301,411.9,411.9,393.0
2025-02-06,-6.1,-1.49,403.9,,140309,375,410.1,414.9,403.0
2025-02-05,-8.0,-1.91,410.0,,149554,473,420.0,424.0,407.9
2025-02-04,7.1,1.73,418.0,,255717,776,402.7,425.0,402.7
2025-02-03,15.9,4.03,410.9,,297571,944,395.0,418.0,388.0
2025-02-02,13.0,3.4,395.0,,146751,534,387.0,397.0,382.0
2025-01-28,9.0,2.41,382.0,,55964,238,380.0,387.0,376.5
2025-01-27,-3.9,-1.03,373.0,,95373,391,384.4,387.0,373.0
2025-01-26,19.9,5.57,376.9,,125041,465,355.0,380.0,355.0
2025-01-23,2.0,0.56,357.0,,76993,247,348.0,364.0,348.0
2025-01-22,6.1,1.75,355.0,,64060,241,345.0,360.0,342.0
2025-01-21,-0.1,-0.03,348.9,65.76,19050,95,343.1,353.9,343.1
2025-01-20,3.0,0.87,349.0,,49262,169,352.1,352.4,342.0
2025-01-19,1.0,0.29,346.0,,29132,128,350.0,350.3,340.2
2025-01-16,-2.9,-0.83,345.0,51.2,14812,84,347.9,353.7,343.1
2025-01-15,1.9,0.55,347.9,82.38,23765,81,350.0,351.0,345.1
2025-01-13,-4.0,-1.14,346.0,,31309,114,345.3,355.0,339.5
2025-01-12,-6.0,-1.69,350.0,78.92,22445,101,361.0,363.0,348.9
2025-01-09,6.0,1.71,356.0,,56355,222,354.9,356.5,347.9
2025-01-08,2.8,0.81,350.0,,32665,134,344.5,355.0,344.5
2025-01-07,-4.3,-1.22,347.2,,52307,175,357.0,357.0,343.2
2025-01-06,15.5,4.61,351.5,,49303,213,340.0,354.0,338.8
2025-01-05,-1.9,-0.56,336.0,,39332,135,337.0,338.9,333.4
2025-01-02,9.9,3.02,337.9,,40935,144,332.0,341.0,328.0
2025-01-01,-2.0,-0.61,328.0,79.95,24248,110,334.0,338.0,324.0
2024-12-31,-18.0,-5.17,330.0,,106890,306,345.0,345.0,322.2
2024-12-29,-6.0,-1.69,348.0,88.79,25520,110,350.0,360.0,345.0
2024-12-26,-3.4,-0.95,354.0,74.96,21233,117,351.1,362.9,351.1
2024-12-24,3.4,0.96,357.4,,34851,145,350.0,361.0,350.0
2024-12-23,4.0,1.14,354.0,85.57,24319,131,348.0,356.0,348.0
2024-12-22,-9.0,-2.51,350.0,,32904,143,352.2,364.8,348.0
2024-12-19,-5.87,-1.61,359.0,,36611,195,358.0,370.9,358.0
2024-12-18,-1.4,-0.36,382.2,,92677,364,391.2,391.2,377.0
2024-12-17,-2.0,-0.52,383.6,,33672,195,393.3,393.3,382.0
2024-12-16,-8.4,-2.13,385.6,,37888,197,401.8,401.8,380.1
2024-12-12,-5.0,-1.25,394.0,,172593,701,406.9,413.0,393.0
2024-12-11,12.0,3.1,399.0,,48541,198,380.1,399.0,380.1
2024-12-10,0.7,0.18,387.0,,30001,155,381.0,394.0,381.0
2024-12-09,-4.2,-1.08,386.3,,47616,168,383.1,403.0,383.1
2024-12-08,-9.5,-2.38,390.5,,83599,253,402.0,404.0,385.0
2024-12-05,-7.0,-1.72,400.0,,85306,306,399.0,415.0,396.0
2024-12-04,9.1,2.29,407.0,,124750,462,390.1,410.8,390.1
2024-12-03,7.9,2.03,397.9,,113609,360,382.5,405.0,382.5
2024-12-02,4.0,1.04,390.0,,100237,301,393.7,401.6,388.5
2024-12-01,-2.9,-0.75,386.0,,54687,168,381.2,390.0,376.2
2024-11-28,-7.1,-1.79,388.9,,61490,296,403.9,403.9,385.0
2024-11-27,3.0,0.76,396.0,,47299,209,400.0,403.0,392.1
2024-11-26,4.0,1.03,393.0,,32144,167,396.7,396.7,389.0
2024-11-25,9.1,2.4,389.0,,43279,253,382.0,392.0,381.0
2024-11-24,-1.1,-0.29,379.9,,59733,223,380.0,395.0,379.0
2024-11-21,-10.5,-2.68,381.0,,69092,306,392.0,400.0,380.6
2024-11-20,-1.5,-0.38,391.5,,50607,217,390.1,397.9,390.1
2024-11-19,-9.0,-2.24,393.0,,72453,288,408.0,408.0,391.3
2024-11-17,-0.1,-0.02,402.0,,82994,277,410.1,414.0,402.0
2024-11-14,-7.8,-1.9,402.1,,70734,276,402.3,410.0,401.4
2024-11-13,5.5,1.36,409.9,,76501,245,400.1,413.0,397.7
2024-11-12,-9.6,-2.32,404.4,,59215,235,409.0,416.3,403.7
2024-11-11,-3.0,-0.72,414.0,,100585,366,425.3,425.3,405.0
2024-11-10,15.0,3.73,417.0,,143616,462,397.0,420.1,397.0
2024-11-06,-4.0,-0.99,402.0,,32323,136,412.0,414.0,397.9
2024-11-05,-1.5,-0.37,406.0,,29440,136,399.4,412.0,391.5
2024-10-30,0.5,0.12,407.5,,61765,228,408.1,411.0,398.0
2024-10-29,12.0,3.04,407.0,,64019,275,390.1,409.0,390.1
2024-10-28,-1.0,-0.25,395.0,,31880,163,390.0,402.0,390.0
2024-10-27,-3.0,-0.75,396.0,,34049,123,392.0,399.0,392.0
2024-10-24,1.1,0.28,399.0,,49298,191,395.0,402.9,392.6
2024-10-23,7.9,2.03,397.9,,47165,184,395.0,400.0,390.0
2024-10-22,-1.0,-0.26,390.0,,62862,232,391.0,404.8,385.0
2024-10-21,-14.0,-3.46,391.0,,59666,233,397.0,403.0,391.0
2024-10-20,-9.0,-2.17,405.0,,124886,412,422.2,422.2,400.0
2024-10-17,2.0,0.49,414.0,,121288,422,418.8,422.7,410.5
2024-10-16,10.0,2.49,412.0,,86662,348,399.0,417.0,399.0
2024-10-15,7.9,2.0,402.0,,31389,152,395.0,402.9,395.0
2024-10-09,1.1,0.28,394.1,,35603,145,393.0,399.0,390.1
2024-10-08,-6.0,-1.5,393.0,,34965,140,402.0,402.0,391.1
2024-10-07,-2.0,-0.5,399.0,,76748,309,405.0,409.0,396.0
2024-10-06,18.0,4.7,401.0,,60971,285,378.0,401.0,375.4
2024-10-02,-5.0,-1.29,383.0,,96818,395,393.0,395.7,378.0
2024-10-01,31.0,8.68,388.0,,136601,449,364.0,392.7,360.0
2024-09-30,8.0,2.29,357.0,,44203,177,349.0,357.9,349.0
2024-09-29,-16.3,-4.46,349.0,,85006,358,358.7,362.0,347.0
2024-09-26,-7.2,-1.93,365.3,,75130,248,372.5,382.0,365.1
2024-09-25,13.5,3.76,372.5,,82376,407,366.1,373.0,353.4
2024-09-24,-17.0,-4.52,359.0,,138451,518,380.0,385.0,355.9
2024-09-23,-14.1,-3.61,376.0,,113311,508,397.0,412.0,373.4
2024-09-22,-8.9,-2.23,390.1,,95880,400,406.9,414.9,390.0
2024-09-18,-1.0,-0.25,399.0,,113142,466,405.0,418.0,395.1
2024-09-16,-9.0,-2.2,400.0,,137368,446,416.0,417.1,400.0
2024-09-15,-16.1,-3.79,409.0,,205884,733,433.6,433.6,409.0
2024-09-12,17.2,4.22,425.1,,243392,777,414.9,429.9,406.7
2024-09-11,2.8,0.69,407.9,,151219,690,413.2,417.0,405.0
2024-09-10,-13.4,-3.2,405.1,,168871,651,425.0,429.0,402.0
2024-09-09,-12.5,-2.9,418.5,,270385,760,432.0,438.0,417.5
2024-09-08,-2.0,-0.46,431.0,,244649,569,441.0,444.0,427.5
2024-09-05,-9.5,-2.15,433.0,,238960,871,437.0,448.9,431.5
2024-09-04,-16.5,-3.59,442.5,,338984,1057,468.0,468.0,437.0
2024-09-03,-4.0,-0.86,459.0,,406748,1357,470.0,477.0,457.0
2024-09-02,13.0,2.89,463.0,,481981,1525,453.0,465.0,444.3
2024-09-01,0.1,0.02,450.0,,398659,1593,458.0,464.0,446.0
2024-08-29,20.9,4.87,449.9,,721236,2622,429.0,462.0,423.0
2024-08-28,14.0,3.37,429.0,,482920,1563,406.7,440.0,406.7
2024-08-27,-6.0,-1.43,415.0,,507869,1587,422.1,433.5,412.1
2024-08-25,-6.0,-1.41,421.0,,348688,930,430.0,434.5,418.0
2024-08-22,1.4,0.33,427.0,,231703,927,430.0,442.0,420.6
2024-08-21,0.1,0.02,425.6,,249017,972,430.0,436.2,418.0
2024-08-18,-16.5,-3.73,425.5,,451820,1619,437.0,459.0,425.0
2024-08-15,26.0,6.25,442.0,,773605,2253,424.0,457.6,415.0
2024-08-14,2.0,0.48,416.0,,409756,1348,405.8,429.0,397.8
2024-08-13,-8.0,-1.9,414.0,,376483,1314,430.0,430.4,400.0
2024-08-12,10.0,2.43,422.0,,388972,1330,420.0,430.4,415.0
2024-08-11,12.0,3.0,412.0,,349102,1258,408.0,424.0,397.1
2024-08-08,-4.0,-0.99,400.0,,337230,1240,412.0,418.0,395.0
2024-08-07,25.7,6.79,404.0,,366150,1445,378.3,406.0,371.0
2024-08-06,-21.2,-5.31,378.3,,575945,2064,402.0,414.0,378.0
2024-08-05,12.5,3.23,399.5,,373912,1410,394.0,407.0,376.0
2024-08-01,2.0,0.52,387.0,,350339,1161,387.0,396.0,378.1
2024-07-31,22.0,6.06,385.0,,407836,1468,370.2,397.8,370.0
2024-07-30,22.0,6.45,363.0,,418059,1523,345.0,365.0,341.0
2024-07-29,7.0,2.1,341.0,,354002,1243,331.0,353.0,331.0
2024-07-28,2.0,0.6,334.0,,159019,614,338.6,349.0,326.5
2024-07-25,-3.0,-0.9,332.0,,300718,844,340.0,340.0,328.2
2024-07-24,-13.5,-3.87,335.0,,348585,1264,351.0,351.0,327.0
2024-07-23,14.6,4.37,348.5,,220357,859,340.0,349.9,327.0
2024-07-22,12.9,4.02,333.9,,404105,1359,325.0,337.0,316.0
2024-07-21,18.0,5.94,321.0,,365342,1177,309.0,324.0,298.0
2024-07-18,16.6,5.8,303.0,,359724,1130,290.0,303.0,285.0
2024-07-17,1.4,0.49,286.4,,186266,661,285.1,294.0,281.5
2024-07-16,16.8,6.26,285.0,,215541,732,270.0,289.0,268.0
2024-07-15,-1.3,-0.48,268.2,,68934,328,274.0,274.8,267.0
2024-07-14,3.2,1.2,269.5,,84911,364,271.6,282.0,267.0
2024-07-11,8.3,3.22,266.3,,150498,392,259.0,266.3,256.0
2024-07-10,3.0,1.18,258.0,,49262,190,259.0,259.9,253.0
2024-07-09,4.0,1.59,255.0,92.53,36560,134,250.1,255.0,250.0
2024-07-08,-3.0,-1.18,251.0,69.76,27665,137,250.2,259.0,250.2
2024-07-07,1.8,0.71,254.0,84.06,33014,149,255.0,256.7,253.2
2024-07-04,-2.7,-1.06,252.2,,44853,176,255.0,257.0,252.1
2024-07-03,-1.4,-0.55,254.9,66.44,26219,140,254.0,257.0,252.0
2024-07-02,3.3,1.3,256.3,,76250,229,258.0,270.0,253.1
2024-07-01,7.0,2.85,253.0,,52716,145,246.1,257.0,246.0
2024-06-30,-8.6,-3.38,246.0,57.03,22886,147,251.1,252.0,246.0
2024-06-27,0.9,0.35,254.6,87.69,34750,133,256.0,258.0,249.1
2024-06-26,-4.5,-1.74,253.7,,40001,185,263.0,263.0,253.7
2024-06-25,3.2,1.25,258.2,,73956,256,253.4,263.2,251.1
2024-06-24,-3.1,-1.2,255.0,,91037,266,256.1,266.0,254.8
2024-06-23,-7.3,-2.75,258.1,,86669,326,267.0,267.0,257.0
2024-06-20,-3.5,-1.3,265.4,,61185,229,272.0,272.0,264.0
2024-06-19,6.9,2.63,268.9,,186801,593,262.0,276.0,262.0
2024-06-18,-8.0,-2.96,262.0,,155591,510,270.1,272.0,261.0
2024-06-16,5.0,1.89,270.0,,267597,1011,270.3,279.0,261.2
2024-06-13,11.0,4.33,265.0,,191220,779,254.0,270.0,250.9
2024-06-12,0.0,0.0,254.0,,110024,396,250.0,262.5,249.9
2024-06-11,14.1,5.88,254.0,,173169,742,240.0,261.9,240.0
2024-06-10,10.0,4.35,239.9,,81854,237,229.9,247.9,229.9
2024-06-09,0.9,0.39,229.9,75.08,32837,135,231.0,232.0,227.0
2024-06-06,-0.9,-0.39,229.0,63.15,27475,93,233.0,233.0,227.1
2024-06-05,-2.1,-0.91,229.9,45.15,19638,94,229.0,233.0,228.5
2024-06-04,0.1,0.04,232.0,41.72,17999,92,229.1,235.0,229.1
2024-06-03,0.9,0.39,231.9,42.42,18255,79,230.1,235.6,230.1
2024-06-02,0.0,0.0,231.0,,50693,188,235.6,238.0,229.0
2024-05-30,-1.0,-0.43,231.0,57.52,24668,136,235.0,237.9,230.0
2024-05-29,-7.0,-2.93,232.0,74.25,31361,155,243.7,248.5,232.0
2024-05-27,0.0,0.0,239.0,47.03,19663,125,240.0,243.0,236.1
2024-05-26,-6.0,-2.45,239.0,66.26,27489,129,246.0,247.0,235.3
2024-05-22,0.0,0.0,245.0,69.66,28411,158,249.0,249.0,240.6
2024-05-21,3.5,1.45,245.0,,52546,214,243.1,247.8,238.3
2024-05-20,3.5,1.47,241.5,,54708,235,242.6,246.0,238.2
2024-05-19,6.0,2.59,238.0,63.84,26929,136,236.6,240.9,233.0
2024-05-16,-3.0,-1.28,232.0,70.94,30242,133,230.3,239.4,230.3
2024-05-15,-1.0,-0.42,235.0,53.66,22447,147,240.7,245.0,231.0
2024-05-14,8.1,3.55,236.0,,44900,211,232.4,239.6,229.1
2024-05-13,-0.1,-0.04,227.9,24.12,10593,71,232.5,232.5,226.0
2024-05-12,-1.9,-0.83,228.0,34.98,15312,106,227.0,234.0,226.1
2024-05-09,3.9,1.73,229.9,70.4,30741,124,229.0,231.0,225.1
2024-05-08,0.0,0.0,226.0,30.98,13670,68,225.0,230.5,223.2
2024-05-07,-1.0,-0.44,226.0,27.7,12281,77,228.0,228.0,224.4
2024-05-06,1.0,0.44,227.0,65.97,29167,88,226.0,228.0,224.5
2024-05-05,-6.9,-2.96,226.0,53.67,23543,121,228.5,232.0,226.0
2024-05-02,-1.0,-0.43,232.9,25.91,11062,101,234.0,240.0,230.1
2024-04-30,6.9,3.04,233.9,,44267,169,225.5,240.0,225.5
2024-04-29,-1.0,-0.44,227.0,58.75,25580,67,226.0,231.4,226.0
2024-04-28,2.0,0.88,228.0,32.21,14113,93,226.0,231.4,226.0
2024-04-25,-0.7,-0.31,226.0,53.91,23798,93,225.1,231.0,225.1
2024-04-24,-1.5,-0.66,226.7,19.81,8675,77,226.1,232.5,226.1
2024-04-22,-1.8,-0.78,228.2,21.15,9143,69,230.1,234.0,228.1
2024-04-21,3.0,1.32,230.0,64.09,27983,103,230.0,231.0,226.0
2024-04-18,-6.8,-2.91,227.0,49.29,21634,119,234.0,234.0,225.5
2024-04-16,-2.7,-1.14,233.8,53.41,22911,86,233.0,235.0,232.0
2024-04-15,-3.0,-1.25,236.5,35.09,14846,106,236.0,239.9,235.0
2024-04-14,-0.5,-0.21,239.5,36.09,15172,80,240.0,242.0,236.1
2024-04-10,0.0,0.0,240.0,36.29,15055,111,237.5,246.0,237.5
2024-04-09,1.9,0.8,240.0,68.19,28171,148,242.0,246.8,240.0
2024-04-07,2.6,1.1,238.1,43.43,18392,138,234.0,238.6,234.0
2024-04-04,-0.7,-0.3,235.5,48.41,20477,116,240.0,240.0,235.0
2024-04-03,0.1,0.04,236.2,36.09,15145,94,236.5,240.8,236.0
2024-04-02,-0.9,-0.38,236.1,37.96,16026,76,239.0,240.0,236.0
2024-04-01,-1.9,-0.8,237.0,66.29,27862,119,240.0,241.0,236.0
2024-03-31,-0.1,-0.04,238.9,57.63,24046,145,240.9,242.5,237.0
2024-03-28,0.0,0.0,239.0,74.85,31425,161,235.4,242.1,235.4
2024-03-27,-3.9,-1.61,239.0,70.45,29526,129,240.0,244.8,236.0
2024-03-26,3.4,1.42,242.9,50.32,20854,152,244.0,244.0,235.1
2024-03-25,-3.5,-1.44,239.5,59.72,24995,132,241.1,243.7,237.1
2024-03-21,-2.0,-0.82,243.0,48.5,19951,121,244.0,247.7,241.6
2024-03-20,-1.1,-0.45,245.0,58.51,23809,129,250.0,251.9,243.5
2024-03-19,-1.1,-0.44,246.1,55.15,22159,162,246.0,254.0,245.0
2024-03-18,0.2,0.08,247.2,35.85,14469,121,248.0,250.5,245.1
2024-03-17,-0.1,-0.04,247.0,69.47,28065,183,252.0,252.0,245.5
2024-03-14,-7.9,-3.1,247.1,89.99,35837,189,256.1,258.5,247.1
2024-03-13,-4.5,-1.73,255.0,,41717,269,259.1,261.9,253.6
2024-03-12,7.2,2.85,259.5,,52820,244,257.3,262.1,251.9
2024-03-10,1.3,0.52,252.3,58.72,23088,165,255.9,256.9,251.5
2024-03-07,1.1,0.44,251.0,90.67,35952,164,254.0,258.0,250.0
2024-03-06,3.9,1.59,249.9,,77449,246,250.5,255.5,245.0
2024-03-05,-6.0,-2.38,246.0,,79337,365,257.0,258.9,246.0
2024-03-04,13.5,5.66,252.0,2.09,830,11,243.2,257.0,243.2
2024-03-03,-8.5,-3.44,238.5,80.73,33597,219,242.1,243.6,236.6
2024-02-29,-2.0,-0.8,247.0,,43907,217,247.1,251.9,242.0
2024-02-28,-2.8,-1.11,249.0,61.84,24733,202,246.8,252.9,246.8
2024-02-27,4.0,1.61,251.8,65.17,26135,118,251.8,252.6,247.0
2024-02-26,2.8,1.14,247.8,65.24,26462,115,249.0,251.0,243.3
2024-02-25,-4.0,-1.61,245.0,,62664,239,245.5,253.9,244.0
2024-02-22,-11.0,-4.23,249.0,,81792,236,257.0,262.1,247.2
2024-02-21,-4.0,-1.52,260.0,,76829,238,267.0,272.0,255.1
2024-02-20,-0.7,-0.26,264.0,,55649,216,266.0,269.4,260.0
2024-02-18,-9.3,-3.39,264.7,,44857,197,270.0,270.1,264.7
2024-02-15,2.0,0.74,274.0,,61217,235,275.0,276.9,269.6
2024-02-14,0.5,0.18,272.0,,69751,274,271.5,274.5,267.3
2024-02-13,-8.5,-3.04,271.5,,95485,374,275.0,278.0,270.0
2024-02-12,3.0,1.08,280.0,,63476,209,277.0,280.0,272.0
2024-02-11,0.5,0.18,277.0,,65257,227,281.0,281.0,272.0
2024-02-07,4.89,1.8,275.89,,73535,217,276.39,278.0,271.7
2024-02-06,2.0,0.74,271.0,,66603,209,270.0,274.0,268.0
2024-02-05,0.5,0.19,269.0,,86589,278,271.0,275.0,268.1
2024-02-04,-5.5,-2.01,268.5,,57664,265,271.9,276.8,268.4
2024-02-01,-7.9,-2.8,274.0,,116194,378,276.3,283.0,272.1
2024-01-31,-6.3,-2.19,281.9,,216467,509,292.5,293.8,278.5
2024-01-30,11.3,4.08,288.2,,280394,781,282.4,295.0,278.0
2024-01-29,7.9,2.94,276.9,,122369,325,274.0,277.0,268.0
2024-01-28,3.0,1.13,269.0,,138451,345,271.0,275.0,262.0
2024-01-25,-5.5,-2.03,266.0,,110056,341,268.1,273.3,264.0
2024-01-24,-8.5,-3.04,271.5,,79269,318,284.0,286.7,270.0
2024-01-23,2.0,0.72,280.0,,140732,368,278.0,281.9,274.0
2024-01-22,-11.0,-3.81,278.0,,281390,710,284.5,294.0,273.9
2024-01-21,9.0,3.21,289.0,,342429,1026,280.0,301.0,277.0
2024-01-18,16.3,6.18,280.0,,245046,874,268.9,282.0,259.2
2024-01-17,-18.3,-6.49,263.7,,228639,840,287.0,287.2,263.7
2024-01-16,12.0,4.44,282.0,,375763,964,273.0,287.8,270.3
2024-01-14,17.0,6.72,270.0,,195480,694,258.0,273.8,255.0
2024-01-11,11.1,4.59,253.0,,201154,614,241.1,255.0,241.0
2024-01-10,-0.3,-0.12,241.9,,62776,239,247.0,247.0,238.7
2024-01-09,-1.8,-0.74,242.2,,92315,288,247.0,249.1,241.1
2024-01-08,0.9,0.37,244.0,,75169,282,241.0,246.0,234.0
2024-01-07,2.9,1.21,243.1,,80114,375,244.0,250.7,243.1
2024-01-04,10.2,4.43,240.2,,152311,509,234.6,245.0,233.0
2024-01-03,8.5,3.84,230.0,,93264,233,225.0,234.0,216.0
2024-01-02,-8.5,-3.7,221.5,,67057,269,231.0,231.0,219.1
2024-01-01,1.36,0.59,230.0,,44517,233,232.0,237.8,228.6
2023-12-28,-4.2,-1.72,239.5,,93232,388,244.0,245.0,235.0
2023-12-27,-1.3,-0.53,243.7,,97514,382,249.9,252.0,242.0
2023-12-24,6.0,2.51,245.0,,148036,623,239.0,249.8,239.0
2023-12-21,0.0,0.0,239.0,,164856,608,242.0,249.9,238.1
2023-12-20,3.1,1.31,239.0,,86617,397,240.0,244.0,233.1
2023-12-19,0.0,0.0,235.9,,53927,305,235.6,239.9,230.0
2023-12-18,-3.0,-1.26,235.9,,126850,493,238.9,247.8,230.0
2023-12-17,14.9,6.65,238.9,,122918,499,219.6,239.0,215.3
2023-12-14,2.5,1.13,224.0,40.38,18110,121,223.0,224.9,221.0
2023-12-13,-0.5,-0.23,221.5,,45016,231,223.0,230.5,220.5
2023-12-12,3.9,1.79,222.0,81.77,36920,195,218.0,224.4,216.0
2023-12-11,-8.9,-3.92,218.1,,82713,358,227.0,231.1,211.2
2023-12-10,20.3,9.82,227.0,,445,13,210.8,227.0,210.8
2023-12-07,0.7,0.34,206.7,26.32,12774,72,206.0,208.0,204.0
2023-12-06,0.4,0.19,206.0,22.76,11064,55,205.0,207.0,205.0
2023-12-05,-1.4,-0.68,205.6,15.88,7688,48,205.0,208.0,205.0
2023-12-04,1.6,0.78,207.0,14.98,7246,65,206.0,210.0,206.0
2023-12-03,-2.6,-1.25,205.4,44.26,21419,88,207.0,208.0,205.4
2023-11-30,-2.0,-0.95,208.0,21.83,10478,45,208.5,210.0,207.9
2023-11-29,-4.0,-1.87,210.0,18.58,8813,57,214.0,213.1,210.0
2023-11-28,0.0,0.0,214.0,27.47,12904,71,211.1,216.0,211.1
2023-11-27,0.2,0.09,214.0,78.69,36559,124,210.5,219.4,210.5
2023-11-26,4.9,2.35,213.8,,55163,179,212.7,216.8,205.0
2023-11-23,1.0,0.48,208.9,24.12,11627,65,212.0,212.0,204.0
2023-11-22,1.0,0.48,207.9,18.95,9183,53,204.0,208.9,203.1
2023-11-21,-2.0,-0.96,206.9,13.38,6544,61,205.7,207.9,203.2
2023-11-20,1.0,0.48,208.9,23.64,11342,84,212.0,212.0,204.9
2023-11-09,0.9,0.43,207.9,29.18,14189,59,207.0,210.0,203.2
2023-11-08,0.0,0.0,207.0,16.85,8138,44,210.0,210.0,202.4
2023-11-07,-1.0,-0.48,207.0,14.4,6898,65,209.9,210.9,206.1
2023-11-06,2.1,1.02,208.0,17.91,8648,56,206.1,210.0,206.0
2023-11-05,-3.1,-1.48,205.9,27.02,13147,95,209.0,209.0,204.2
2023-11-02,-2.7,-1.28,209.0,20.64,9869,78,208.0,212.1,207.5
2023-11-01,0.7,0.33,211.7,20.9,9984,59,211.5,213.5,208.0
2023-10-31,-2.0,-0.94,211.0,5.02,2406,27,208.8,212.0,208.0
2023-10-30,3.0,1.43,213.0,10.12,4787,32,208.0,213.9,208.0
2023-10-29,-3.0,-1.41,210.0,15.96,7681,71,213.0,213.0,206.5
2023-10-19,-4.0,-1.84,213.0,29.36,13744,76,218.0,218.0,212.7
2023-10-18,6.0,2.84,217.0,34.2,15869,80,211.0,217.8,211.0
2023-10-17,3.4,1.64,211.0,16.43,7779,78,211.0,218.0,209.0
2023-10-16,0.2,0.1,207.6,23.51,11354,104,205.0,212.0,205.0
2023-10-12,-5.6,-2.63,207.4,50.73,24267,140,217.0,217.0,206.2
2023-10-11,1.0,0.47,213.0,26.2,12318,83,214.0,216.0,210.0
2023-10-10,-5.0,-2.3,212.0,83.47,39392,156,220.0,220.0,209.2
2023-10-09,-3.0,-1.36,217.0,38.91,17807,103,217.0,223.0,216.9
2023-10-08,-9.0,-3.93,220.0,50.0,22515,130,228.0,230.0,219.4
2023-10-05,-1.0,-0.43,229.0,20.27,8975,75,233.0,233.0,224.2
2023-10-04,5.0,2.22,230.0,43.59,19105,132,226.9,230.7,226.0
2023-10-03,-3.0,-1.32,225.0,34.67,15382,78,227.0,228.9,223.6
2023-10-02,6.4,2.89,228.0,88.42,39469,173,220.0,228.4,218.3
2023-10-01,-10.4,-4.48,221.6,56.21,25016,163,235.0,235.0,221.5
2023-09-27,-5.0,-2.11,232.0,58.15,25133,132,239.0,239.0,228.1
2023-09-26,7.1,3.09,237.0,87.87,37452,179,233.0,245.0,231.4
2023-09-25,-3.1,-1.33,229.9,33.16,14392,118,228.4,233.9,228.0
2023-09-24,-4.0,-1.69,233.0,67.92,29144,214,233.1,239.7,227.0
2023-09-21,10.0,4.41,237.0,,76976,403,230.0,244.0,228.6
2023-09-19,10.2,4.7,227.0,51.59,23514,131,219.8,230.0,212.5
2023-09-18,0.8,0.37,216.8,25.53,11881,65,218.0,218.0,210.0
2023-09-17,-1.0,-0.46,216.0,70.27,32839,154,217.0,219.0,211.7
2023-09-13,5.0,2.36,217.0,61.69,28518,164,209.0,220.0,209.0
2023-09-12,3.0,1.44,212.0,41.96,20152,104,205.1,212.0,205.1
2023-09-11,5.3,2.6,209.0,39.54,19131,123,205.0,209.0,203.8
2023-09-10,1.7,0.84,203.7,28.72,14121,102,205.0,205.0,202.0
2023-09-07,-5.0,-2.42,202.0,38.77,19151,164,206.0,208.0,200.6
2023-09-05,-1.0,-0.48,207.0,13.28,6418,57,210.9,210.9,206.1
2023-09-04,1.0,0.48,208.0,24.03,11582,74,203.1,210.0,203.1
2023-09-03,-4.0,-1.9,207.0,40.81,19784,153,212.1,212.1,204.9
2023-08-30,-2.0,-0.94,211.0,22.61,10749,78,210.0,214.2,209.8
2023-08-29,-1.0,-0.47,213.0,29.35,13904,97,210.0,213.0,210.0
2023-08-28,0.1,0.05,214.0,24.76,11581,81,210.0,218.0,210.0
2023-08-27,-3.6,-1.66,213.9,34.76,16268,115,217.0,217.0,211.1
2023-08-24,-1.5,-0.68,217.5,77.72,35516,204,219.1,223.9,215.1
2023-08-23,10.0,4.78,219.0,91.29,41934,303,211.5,221.3,211.5
2023-08-22,3.0,1.46,209.0,27.5,13341,82,207.0,209.0,203.1
2023-08-21,-3.0,-1.44,206.0,49.52,23958,120,206.0,212.0,205.0
2023-08-20,-2.0,-0.95,209.0,31.56,15102,118,211.0,213.0,207.5
2023-08-17,2.0,0.96,211.0,42.01,19942,109,210.5,212.9,207.6
2023-08-16,-1.1,-0.52,209.0,34.95,16848,135,210.1,212.0,206.0
2023-08-15,-3.8,-1.78,210.1,24.11,11394,91,213.0,214.0,210.0
2023-08-14,-1.1,-0.51,213.9,24.53,11437,93,217.0,218.0,213.5
2023-08-13,-0.5,-0.23,215.0,41.03,18984,150,216.5,218.0,214.0
2023-08-10,-1.3,-0.6,215.5,29.78,13678,108,217.0,221.0,215.5
2023-08-09,3.8,1.78,216.8,37.79,17739,141,213.0,217.0,210.0
2023-08-08,-3.5,-1.62,213.0,47.82,22363,158,215.5,219.0,209.0
2023-08-07,-3.4,-1.55,216.5,39.58,18207,138,219.0,221.0,216.0
2023-08-06,-1.1,-0.5,219.9,45.67,20719,144,222.0,223.9,218.8
2023-08-03,-1.5,-0.67,221.0,27.17,12181,139,226.9,226.9,221.0
2023-08-02,-1.5,-0.67,222.5,29.52,13235,106,226.0,227.0,222.0
2023-08-01,-4.0,-1.75,224.0,37.9,16805,131,228.1,231.9,222.6
2023-07-31,-0.2,-0.09,228.0,40.43,17691,153,231.0,232.7,226.1
2023-07-30,-5.8,-2.48,228.2,92.8,40459,200,231.5,234.9,228.0
2023-07-27,-3.0,-1.27,234.0,46.08,19701,132,237.0,237.0,232.6
2023-07-26,-1.5,-0.63,237.0,54.22,22983,136,243.2,243.2,234.1
2023-07-25,1.5,0.63,238.5,,42976,185,238.0,241.8,234.4
2023-07-24,-1.0,-0.42,237.0,95.75,39900,244,238.0,244.0,235.0
2023-07-23,1.1,0.46,238.0,80.76,33913,210,240.0,241.6,235.0
2023-07-20,3.7,1.59,236.9,75.8,32300,170,233.0,237.0,232.2
2023-07-19,-2.8,-1.19,233.2,45.17,19267,158,236.0,238.0,232.4
2023-07-18,-1.0,-0.42,236.0,64.47,27323,162,240.0,240.0,234.2
2023-07-17,3.0,1.28,237.0,44.4,18806,129,234.0,238.6,230.0
2023-07-16,-2.0,-0.85,234.0,77.44,33294,194,235.0,236.0,231.0
2023-07-13,-9.0,-3.67,236.0,,85622,385,249.9,249.9,232.0
2023-07-12,14.0,6.06,245.0,,67869,299,235.5,246.0,231.0
2023-07-11,-2.9,-1.24,231.0,71.99,31254,176,230.1,233.0,229.0
2023-07-10,-0.1,-0.04,233.9,91.36,39142,184,234.5,238.5,230.0
2023-07-09,2.0,0.86,234.0,69.22,29634,170,235.0,237.0,232.0
2023-07-06,1.0,0.43,232.0,78.26,33616,206,234.0,237.0,230.2
2023-07-05,-5.9,-2.49,231.0,75.07,32161,248,240.0,240.0,230.3
2023-07-04,-1.1,-0.46,236.9,93.87,39624,234,242.0,242.7,235.0
2023-07-03,-3.0,-1.24,238.0,97.29,40507,258,238.0,244.0,237.0
2023-07-02,-8.9,-3.56,241.0,,48228,275,250.0,254.8,240.1
2023-06-28,-6.6,-2.57,249.9,,63363,324,255.0,260.1,249.9
2023-06-27,2.6,1.02,256.5,,81386,324,254.0,258.0,249.1
2023-06-26,-1.1,-0.43,253.9,,58726,268,260.1,265.0,250.1
2023-06-25,6.9,2.78,255.0,,98084,399,253.0,256.9,243.0
2023-06-22,-7.6,-2.97,248.1,,58140,259,255.5,256.0,248.0
2023-06-21,-2.3,-0.89,255.7,,42047,204,257.0,262.0,253.0
2023-06-20,-7.0,-2.64,258.0,,59474,297,265.0,270.0,255.1
2023-06-19,-2.0,-0.75,265.0,,64199,344,270.0,271.9,261.2
2023-06-18,5.0,1.91,267.0,,101567,382,267.2,270.0,260.1
2023-06-15,1.0,0.38,262.0,,57644,293,260.0,267.5,260.0
2023-06-14,1.0,0.38,261.0,,157164,621,265.1,273.5,258.0
2023-06-13,4.0,1.56,260.0,,102799,339,252.1,263.4,251.0
2023-06-12,-2.7,-1.04,256.0,,49792,263,263.0,263.0,253.0
2023-06-11,6.8,2.7,258.7,,83647,378,253.0,260.0,253.0
2023-06-08,0.9,0.36,251.9,,49773,181,250.0,255.0,249.2
2023-06-07,-0.1,-0.04,251.0,,53722,228,256.1,256.1,250.0
2023-06-06,8.1,3.33,251.1,,63057,229,246.0,256.0,243.0
2023-06-05,-5.9,-2.37,243.0,,45314,218,253.8,254.8,243.0
2023-06-04,10.9,4.58,248.9,94.91,38172,194,240.0,254.0,240.0
2023-06-01,2.0,0.85,238.0,84.66,35455,190,240.0,248.0,231.1
2023-05-31,-4.6,-1.91,236.0,96.16,40192,217,237.0,252.0,233.0
2023-05-30,-6.5,-2.63,240.6,97.75,40040,246,245.0,252.0,240.6
2023-05-28,-6.0,-2.37,247.1,,46015,222,256.0,258.0,247.1
2023-05-24,-3.9,-1.52,253.1,91.88,35890,201,259.8,260.0,252.1
2023-05-23,6.0,2.39,257.0,,47438,247,251.0,259.0,250.0
2023-05-22,3.0,1.21,251.0,50.04,20174,150,245.0,252.0,243.2
2023-05-21,-1.9,-0.76,248.0,,51210,233,253.0,257.0,246.8
2023-05-18,7.9,3.26,249.9,68.34,27502,185,246.0,252.5,238.0
2023-05-17,8.0,3.42,242.0,41.32,17138,120,235.0,252.0,233.9
2023-05-16,1.0,0.43,234.0,40.04,17124,99,228.5,237.6,228.5
2023-05-15,0.0,0.0,233.0,29.17,12504,97,230.0,237.0,230.0
2023-05-14,0.9,0.39,233.0,41.56,17719,130,236.7,244.0,230.1
2023-05-11,-5.5,-2.31,232.1,22.74,9718,87,233.0,240.0,232.0
2023-05-10,1.6,0.68,237.6,20.21,8577,68,234.0,238.0,233.1
2023-05-09,5.0,2.16,236.0,45.89,19361,119,231.0,242.7,230.0
2023-05-08,-11.0,-4.55,231.0,,43189,243,240.0,240.0,230.0
2023-05-07,-2.8,-1.14,242.0,48.74,20242,125,245.0,248.0,240.0
2023-05-04,0.8,0.33,244.8,56.19,23001,142,247.0,247.9,241.2
2023-05-03,-1.1,-0.45,244.0,29.17,11948,90,245.0,248.0,242.3
2023-05-02,-2.9,-1.17,245.1,27.91,11294,90,248.0,251.0,245.1
2023-04-30,-6.9,-2.71,248.0,40.57,16304,159,254.9,254.9,246.6
2023-04-27,2.0,0.79,254.9,40.43,15916,110,249.0,257.9,249.0
2023-04-26,-2.1,-0.82,252.9,31.96,12654,85,250.0,258.0,250.0
2023-04-25,2.0,0.79,255.0,21.09,8261,78,248.1,258.0,248.1
2023-04-24,-0.8,-0.32,253.0,68.92,27302,148,254.0,257.0,249.0
2023-04-23,-0.3,-0.12,253.8,43.94,17536,117,259.0,259.0,249.0
2023-04-20,-2.9,-1.13,254.1,34.57,13476,93,253.6,262.0,253.6
2023-04-19,3.9,1.54,257.0,37.79,14796,109,258.0,258.0,253.7
2023-04-18,-0.9,-0.35,253.1,37.59,14844,109,250.1,255.1,250.1
2023-04-17,-9.0,-3.42,254.0,36.11,14092,127,260.0,262.9,254.0
2023-04-16,0.0,0.0,263.0,52.53,20003,142,265.0,266.0,259.5
2023-04-13,-6.5,-2.41,263.0,,55115,300,272.0,272.0,259.9
2023-04-12,15.8,6.23,269.5,,75648,412,258.0,270.3,255.0
2023-04-11,8.7,3.55,253.7,63.52,25446,169,248.0,254.0,246.0
2023-04-10,1.0,0.41,245.0,36.72,14939,126,247.5,248.8,242.1
2023-04-09,-6.1,-2.44,244.0,95.52,38727,243,250.0,251.0,243.2
2023-04-06,-2.9,-1.15,250.1,55.21,21939,159,257.0,257.0,249.1
2023-04-05,1.0,0.4,253.0,39.94,15788,133,252.0,256.0,250.1
2023-04-04,-2.0,-0.79,252.0,49.7,19612,139,255.0,258.0,252.0
2023-04-03,-1.0,-0.39,254.0,51.95,20540,164,260.1,260.1,250.1
2023-04-02,-6.5,-2.49,255.0,61.8,23876,197,266.5,270.0,254.3
2023-03-30,-2.5,-0.95,261.5,35.68,13614,113,269.0,269.0,261.0
2023-03-29,-1.0,-0.38,264.0,34.23,13003,106,266.5,266.5,260.0
2023-03-28,-0.9,-0.34,265.0,,39697,252,271.0,271.0,263.0
2023-03-27,5.9,2.27,265.9,,38360,247,263.0,266.0,255.0
2023-03-26,-1.0,-0.38,260.0,72.48,27849,167,258.0,262.9,258.0
2023-03-23,-5.0,-1.88,261.0,80.61,30748,214,262.1,264.9,260.7
2023-03-22,-2.0,-0.75,266.0,,44127,301,272.0,273.0,265.3
2023-03-20,6.0,2.29,268.0,89.56,33484,216,262.1,270.0,262.1
2023-03-19,-1.0,-0.38,262.0,99.56,37758,312,260.1,267.5,260.1
2023-03-16,4.0,1.54,263.0,89.9,34243,207,257.1,266.6,257.1
2023-03-15,0.0,0.0,259.0,66.26,25506,181,258.1,263.0,257.4
2023-03-14,1.0,0.39,259.0,56.65,21743,148,255.2,265.0,255.2
2023-03-13,-5.3,-2.01,258.0,,40755,189,265.3,265.3,256.0
2023-03-12,-4.7,-1.75,263.3,91.2,34230,239,273.0,273.2,262.0
2023-03-09,14.0,5.51,268.0,,53592,307,259.0,268.0,256.1
2023-03-07,3.6,1.44,254.0,66.38,25960,176,246.4,260.0,246.4
2023-03-05,-8.6,-3.32,250.4,96.2,37937,274,256.0,261.0,250.1
2023-03-02,-4.0,-1.52,259.0,91.48,35360,227,259.1,262.0,257.0
2023-03-01,-6.0,-2.23,263.0,59.73,22640,186,269.0,269.0,261.0
2023-02-28,5.0,1.89,269.0,,51827,396,264.0,271.0,259.0
2023-02-27,-4.0,-1.49,264.0,,56114,373,272.0,272.0,260.0
2023-02-26,3.8,1.44,268.0,,120769,613,259.1,268.4,250.1
2023-02-23,-10.7,-3.89,264.2,,54219,449,270.0,272.0,259.0
2023-02-22,16.9,6.55,274.9,,70007,467,262.1,275.0,258.0
2023-02-20,-4.1,-1.56,258.0,,49064,289,263.1,265.0,256.0
2023-02-16,-7.8,-2.89,262.1,,54002,314,266.2,272.9,262.0
2023-02-15,-0.2,-0.07,269.9,,38591,238,266.4,276.0,266.0
2023-02-14,-4.0,-1.46,270.1,,51938,318,270.0,279.0,267.0
2023-02-12,-17.9,-6.13,274.1,,154483,769,290.0,290.0,269.0
2023-02-09,6.5,2.28,292.0,,89810,504,285.0,294.0,282.1
2023-02-08,7.2,2.59,285.5,,230025,1119,283.8,304.0,281.4
2023-02-07,25.3,10.0,278.3,,115916,657,257.0,278.3,254.0
2023-02-06,0.0,0.0,253.0,62.98,24845,147,256.0,257.5,250.0
2023-02-05,0.0,0.0,253.0,93.34,36516,246,255.0,263.0,250.0
2023-02-02,-6.7,-2.58,253.0,88.27,34643,255,257.0,263.0,250.3
2023-02-01,3.9,1.52,259.7,86.54,33445,223,254.0,261.0,251.4
2023-01-31,-5.2,-1.99,255.8,,65583,315,256.0,264.0,252.4
2023-01-30,-9.6,-3.55,261.0,,68631,363,266.2,269.0,258.5
2023-01-29,-4.5,-1.64,270.6,,50549,316,269.7,278.0,265.0
2023-01-26,0.0,-0.33,275.1,,55407,0,279.0,282.5,274.0
2023-01-25,0.0,2.99,276.0,,77408,0,268.5,283.0,268.1
2023-01-24,0.0,-0.74,268.0,,69754,0,265.2,272.0,260.3
2023-01-23,0.0,-3.57,270.0,,52890,0,284.0,284.0,270.0
2023-01-19,0.0,-1.41,280.0,,55487,0,284.0,288.0,279.3
2023-01-18,0.0,-1.73,284.0,,103713,0,293.0,298.8,283.3
2023-01-17,0.0,6.25,289.0,,136566,0,274.9,290.0,270.0
2023-01-12,0.0,-4.56,272.0,,191153,0,285.0,300.0,270.0
2023-01-10,0.0,1.93,285.0,,306720,0,285.0,306.0,274.5
2023-01-09,0.0,9.99,279.6,,148274,0,259.2,279.6,256.0
2023-01-08,0.0,4.7,254.2,,140187,0,245.0,260.1,238.0
2023-01-05,0.0,1.17,242.8,,156140,0,244.0,248.0,236.0
2023-01-04,0.0,5.26,240.0,,78624,0,226.0,240.5,226.0
2023-01-03,0.0,-0.87,228.0,,47377,0,233.0,238.6,228.0
2023-01-02,0.0,1.05,230.0,,57461,0,224.0,232.0,223.5
2023-01-01,0.0,1.34,227.6,,67456,0,227.0,232.0,223.0
2022-12-29,0.0,3.98,224.6,,66339,0,218.0,224.6,214.0
2022-12-28,0.0,1.92,216.0,,80697,0,215.1,220.0,211.0
2022-12-27,0.0,5.21,222.0,,114638,0,211.0,227.0,211.0
2022-12-26,0.0,4.46,211.0,,46265,0,206.0,215.0,205.0
2022-12-22,0.0,-0.49,202.0,,30516,0,201.0,203.0,200.2
2022-12-21,0.0,-0.98,203.0,,15054,0,207.0,207.0,202.1
2022-12-20,0.0,1.99,205.0,,32086,0,201.0,206.6,201.0
2022-12-19,0.0,0.6,201.0,,31476,0,202.4,202.8,199.0
2022-12-18,0.0,-4.4,199.8,,83864,0,205.0,205.0,195.3
2022-12-15,0.0,-3.46,209.0,,44096,0,215.0,215.0,206.8
2022-12-14,0.0,0.23,216.5,,2126,0,216.0,220.0,216.0
2022-12-13,0.0,0.47,216.0,,3684,0,215.0,217.0,211.9
2022-12-12,0.0,0.47,215.0,,3845,0,210.0,218.2,210.0
2022-12-11,0.0,-0.93,214.0,,4344,0,216.0,219.0,212.0
2022-12-07,0.0,-1.77,216.0,,2003,0,216.0,220.0,212.0
2022-12-06,0.0,0.14,219.9,,3161,0,216.0,221.5,215.0
2022-12-05,0.0,-1.74,219.6,,7962,0,222.0,229.0,219.6
2022-12-04,0.0,-1.97,223.5,,6475,0,223.5,228.0,223.5
2022-12-01,0.0,-0.44,228.0,,3578,0,224.5,229.9,224.5
2022-11-30,0.0,-1.72,229.0,,6088,0,230.0,232.0,229.0
2022-11-29,0.0,0.39,233.0,,6196,0,228.0,236.0,226.0
2022-11-28,0.0,0.48,232.1,,9563,0,235.0,235.0,228.1
2022-11-27,0.0,1.76,231.0,,13493,0,231.5,232.5,224.0
2022-11-24,0.0,0.89,227.0,,6326,0,220.5,227.3,220.5
2022-11-23,0.0,-1.75,225.0,,7768,0,224.5,233.5,216.0
2022-11-22,0.0,1.78,229.0,,12875,0,223.0,233.6,221.0
2022-11-17,0.0,3.21,225.0,,8371,0,222.3,226.7,222.1
2022-11-16,0.0,1.82,218.0,,6759,0,215.0,220.0,215.0
2022-11-15,0.0,0.09,214.1,,6252,0,209.7,219.0,209.7
2022-11-14,0.0,-0.28,213.9,,6500,0,211.0,215.8,210.3
2022-11-13,0.0,-0.28,214.5,,4216,0,219.0,219.0,210.8
2022-11-10,0.0,-2.45,215.1,,4460,0,217.0,221.0,215.0
2022-11-09,0.0,-4.55,220.5,,10351,0,230.0,231.0,220.0
2022-11-08,0.0,-0.43,231.0,,8986,0,236.0,236.5,227.4
2022-11-07,0.0,2.2,232.0,,20987,0,229.0,240.0,227.1
2022-11-06,0.0,4.13,227.0,,13142,0,215.0,228.0,213.7
2022-11-03,0.0,-0.91,218.0,,10045,0,219.0,222.0,217.0
2022-11-02,0.0,1.38,220.0,,21502,0,219.8,225.0,214.3
2022-11-01,0.0,5.34,217.0,,14897,0,208.0,219.0,205.0
2022-10-31,0.0,-1.9,206.0,,6268,0,211.0,212.0,204.0
2022-10-23,0.0,0.48,210.0,,5135,0,209.0,210.0,206.0
2022-10-20,0.0,0.48,209.0,,3768,0,208.0,209.0,206.0
2022-10-19,0.0,-1.89,208.0,,8694,0,208.1,211.0,207.0
2022-10-17,0.0,-0.93,212.0,,5172,0,215.0,215.0,211.0
2022-10-16,0.0,-0.93,214.0,,5648,0,212.0,216.0,210.5
2022-10-13,0.0,0.04,216.0,,8346,0,218.0,220.0,212.7
2022-10-12,0.0,1.36,215.9,,5758,0,217.0,217.0,210.1
2022-10-11,0.0,-1.39,213.0,,7332,0,213.0,215.0,210.0
2022-10-10,0.0,-1.82,216.0,,8935,0,223.0,223.0,213.7
2022-10-09,0.0,4.27,220.0,,9603,0,209.1,220.0,209.1
2022-09-29,0.0,0.33,211.0,,8987,0,212.0,213.0,209.6
2022-09-28,0.0,-0.8,210.3,,5419,0,212.0,215.0,210.3
2022-09-27,0.0,0.76,212.0,,10564,0,213.0,215.0,206.2
2022-09-25,0.0,-3.49,210.4,,15303,0,218.0,220.0,210.3
2022-09-22,0.0,-2.68,218.0,,10358,0,227.0,231.5,218.0
2022-09-21,0.0,1.13,224.0,,14728,0,225.9,228.0,218.0
2022-09-20,0.0,-3.7,221.5,,9735,0,230.0,230.0,220.3
2022-09-18,0.0,-4.17,230.0,,17438,0,242.0,242.0,228.4
2022-09-16,0.0,-2.04,240.0,,8302,0,242.0,244.0,230.0
2022-09-15,0.0,-5.77,245.0,,19308,0,264.0,264.0,244.1
2022-09-14,0.0,4.04,260.0,,14353,0,253.0,263.0,252.0
2022-09-13,0.0,2.42,249.9,,8528,0,248.8,253.5,242.1
2022-09-12,0.0,-3.14,244.0,,13330,0,255.0,255.0,242.1
2022-09-11,0.0,-2.74,251.9,,8625,0,260.0,260.0,251.9
2022-09-08,0.0,-0.38,259.0,,8094,0,264.9,264.9,254.2
2022-09-07,0.0,-1.89,260.0,,11815,0,261.0,263.0,258.0
2022-09-06,0.0,-1.89,265.0,,11941,0,266.0,269.5,264.0
2022-09-05,0.0,-1.42,270.1,,12926,0,274.0,275.0,270.1
2022-09-04,0.0,-1.79,274.0,,12918,0,280.0,282.0,273.6
2022-09-02,0.0,-0.71,279.0,,3645,0,284.9,284.9,277.0
2022-09-01,0.0,0.75,281.0,,22106,0,281.0,283.0,275.0
2022-08-31,0.0,-2.48,278.9,,18110,0,290.0,290.0,275.0
2022-08-30,0.0,-1.72,286.0,,21112,0,291.0,292.9,285.0
2022-08-29,0.0,-2.35,291.0,,32609,0,303.9,303.9,290.0
2022-08-28,0.0,5.9,298.0,,169447,0,287.0,309.5,287.0
2022-08-26,0.0,-1.44,549.0,,78050,0,545.9,565.0,545.0
2022-08-25,0.0,-2.28,557.0,,86057,0,575.0,579.0,553.8
2022-08-24,0.0,-0.35,570.0,,34991,0,583.0,583.0,568.0
2022-08-23,0.0,-1.38,572.0,,39660,0,568.4,584.8,568.4
2022-08-22,0.0,-2.52,580.0,,37919,0,598.0,598.0,577.0
2022-08-21,0.0,-0.87,595.0,,79068,0,612.0,615.0,593.8
2022-08-18,0.0,1.64,600.2,,36979,0,583.8,649.5,578.8
2022-08-17,0.0,-0.25,590.5,,18210,0,582.3,617.8,582.3
2022-08-16,0.0,-4.07,592.0,,39012,0,617.1,617.1,591.8
2022-08-15,0.0,10.0,617.1,,31246,0,554.0,617.1,554.0
2022-08-14,0.0,-1.68,561.0,,18087,0,570.0,577.0,561.0
2022-08-11,0.0,-0.23,570.6,,16944,0,560.7,586.4,560.7
2022-08-10,0.0,-0.54,571.9,,17765,0,563.5,580.0,563.5
2022-08-09,0.0,-2.38,575.0,,21196,0,577.3,590.0,573.9
2022-08-08,0.0,1.15,589.0,,23506,0,591.8,604.9,584.0
2022-08-07,0.0,0.55,582.3,,13579,0,579.1,599.0,579.1
2022-08-05,0.0,-2.03,579.1,,18970,0,591.1,591.1,579.1
2022-08-04,0.0,-1.48,591.1,,30380,0,596.0,604.9,591.0
2022-08-03,0.0,0.0,600.0,,31862,0,599.0,609.8,599.0
2022-08-02,0.0,-0.5,600.0,,26710,0,610.0,610.0,595.0
2022-08-01,0.0,-1.31,603.0,,40562,0,619.0,619.0,600.0
2022-07-31,0.0,-0.33,611.0,,28479,0,624.9,628.0,609.1
2022-07-29,0.0,-0.33,613.0,,29748,0,620.0,630.0,610.0
2022-07-28,0.0,-3.91,615.0,,92664,0,651.0,651.0,609.0
2022-07-27,0.0,0.02,640.0,,55916,0,633.0,643.0,620.0
2022-07-26,0.0,1.73,639.9,,129700,0,641.5,680.3,628.0
2022-07-25,0.0,9.49,629.0,,113423,0,573.0,630.0,566.1
2022-07-24,0.0,3.51,574.5,,24840,0,566.0,574.9,548.8
2022-07-22,0.0,-0.63,555.0,,6320,0,548.0,561.09,548.0
2022-07-21,0.0,-0.98,558.5,,23100,0,558.1,568.0,556.6
2022-07-20,0.0,-0.18,564.0,,11768,0,561.0,569.9,555.1
2022-07-19,0.0,-1.21,565.0,,20841,0,577.9,580.0,564.0
2022-07-18,0.0,0.69,571.9,,17350,0,568.0,578.0,560.0
2022-07-17,0.0,5.48,568.0,,45888,0,549.2,570.0,539.4
2022-07-15,0.0,-0.83,538.5,,13108,0,553.0,553.0,537.0
2022-07-14,0.0,0.56,543.0,,12813,0,548.0,548.0,532.0
2022-07-13,0.0,4.65,540.0,,17445,0,526.3,541.0,525.0
2022-07-12,0.0,0.0,516.0,,15301,0,518.0,530.0,502.0
2022-07-11,0.0,-4.97,516.0,,29326,0,535.0,535.0,515.0
2022-07-08,0.0,-3.09,543.0,,12419,0,564.0,568.0,540.0
2022-07-07,0.0,-0.83,560.3,,14683,0,576.0,585.0,559.0
2022-07-06,0.0,-0.53,565.0,,22966,0,560.0,570.0,549.0
2022-07-05,0.0,-0.35,568.0,,31258,0,565.0,580.0,558.7
2022-07-04,0.0,-0.87,570.0,,53624,0,582.0,600.0,565.0
2022-07-03,0.0,1.77,575.0,,44737,0,568.1,597.0,557.1
2022-07-01,0.0,-1.07,565.0,,19739,0,574.9,579.9,557.0
2022-06-30,0.0,2.9,571.1,,34266,0,566.1,586.5,560.0
2022-06-29,0.0,4.36,555.0,,36710,0,524.1,568.0,524.0
2022-06-28,0.0,-2.67,531.8,,26418,0,540.0,541.9,524.0
2022-06-27,0.0,-1.19,546.4,,31757,0,542.0,564.0,540.0
2022-06-26,0.0,6.96,553.0,,47371,0,527.3,560.0,520.2
2022-06-24,0.0,7.71,517.0,,29186,0,484.0,523.0,478.0
2022-06-23,0.0,-3.44,480.0,,20686,0,490.0,490.0,473.4
2022-06-22,0.0,-2.53,497.1,,8287,0,509.0,509.4,493.0
2022-06-21,0.0,3.03,510.0,,16332,0,489.5,514.0,489.5
2022-06-20,0.0,-3.88,495.0,,19434,0,512.0,512.0,495.0
2022-06-19,0.0,-2.52,515.0,,11431,0,519.1,530.0,515.0
2022-06-17,0.0,-0.88,528.3,,2611,0,538.0,538.8,528.0
2022-06-16,0.0,0.38,533.0,,11730,0,541.0,541.0,521.0
2022-06-15,0.0,-2.75,531.0,,17291,0,538.0,540.0,525.0
2022-06-14,0.0,-3.7,546.0,,9296,0,578.0,578.0,545.0
2022-06-13,0.0,-0.49,567.0,,5228,0,569.9,575.0,567.0
2022-06-10,0.0,-0.04,569.8,,12354,0,561.7,580.0,560.0
2022-06-09,0.0,-1.72,570.0,,17485,0,582.0,597.9,570.0
2022-06-08,0.0,3.57,580.0,,20542,0,550.1,596.0,550.1
2022-06-07,0.0,-1.06,560.0,,12794,0,555.1,575.0,554.0
2022-06-06,0.0,-0.35,566.0,,14299,0,579.0,586.0,565.0
2022-06-03,0.0,-2.91,568.0,,16346,0,586.0,587.0,566.0
2022-06-02,0.0,-0.17,585.0,,10327,0,590.0,605.0,583.2
2022-06-01,0.0,-1.18,586.0,,11284,0,603.0,604.0,585.0
2022-05-31,0.0,-1.0,593.0,,11149,0,596.0,604.7,590.0
2022-05-30,0.0,-1.32,599.0,,13730,0,605.0,615.8,596.0
2022-05-27,0.0,-0.98,607.0,,15474,0,625.0,635.0,601.0
2022-05-26,0.0,-1.13,613.0,,8957,0,622.0,632.0,610.0
2022-05-25,0.0,0.81,620.0,,22069,0,627.0,627.0,611.0
2022-05-24,0.0,0.82,615.0,,16363,0,614.9,625.2,610.0
2022-05-23,0.0,-2.09,610.0,,18431,0,625.0,625.0,606.0
2022-05-20,0.0,-1.89,623.0,,19398,0,625.1,642.0,623.0
2022-05-19,0.0,-2.61,635.0,,28652,0,660.0,662.0,633.0
2022-05-18,0.0,0.06,652.0,,56608,0,604.0,675.0,591.0
2022-05-17,0.0,-8.07,615.0,,59300,0,656.0,656.0,612.0
2022-05-12,0.0,1.36,669.0,,119684,0,673.2,699.0,651.0
2022-05-11,0.0,10.0,660.0,,116342,0,612.0,660.0,612.0
2022-05-10,0.0,8.89,600.0,,60358,0,551.0,606.1,545.3
2022-05-09,0.0,0.18,551.0,,25799,0,550.0,561.0,539.0
2022-05-08,0.0,4.36,550.0,,21137,0,522.3,550.0,512.0
2022-05-05,0.0,-0.6,527.0,,16115,0,531.0,539.0,521.2
2022-05-04,0.0,-1.81,530.2,,19990,0,531.2,545.7,527.0
2022-05-02,0.0,-6.09,540.0,,28951,0,581.0,582.0,538.0
2022-04-28,0.0,4.17,575.0,,51181,0,557.0,580.0,555.0
2022-04-27,0.0,5.54,552.0,,43623,0,523.0,559.9,523.0
2022-04-26,0.0,-2.24,523.0,,11812,0,535.0,545.0,523.0
2022-04-25,0.0,-0.74,535.0,,21020,0,545.0,561.0,526.0
2022-04-24,0.0,6.73,539.0,,19444,0,515.0,552.8,507.3
2022-04-21,0.0,-0.98,505.0,,16258,0,500.0,510.0,490.2
2022-04-20,0.0,-0.78,510.0,,9740,0,515.0,520.0,504.1
2022-04-19,0.0,-0.19,514.0,,10072,0,512.0,522.0,505.2
2022-04-18,0.0,-3.56,515.0,,20051,0,526.0,535.0,514.0
2022-04-17,0.0,-1.53,534.0,,6857,0,552.9,555.0,533.0
2022-04-13,0.0,0.44,542.3,,10093,0,540.0,550.0,536.0
2022-04-12,0.0,-2.37,539.9,,8345,0,564.0,564.0,536.1
2022-04-11,0.0,-1.6,553.0,,13343,0,573.0,580.0,551.0
2022-04-07,0.0,1.26,562.0,,22008,0,555.0,570.0,555.0
2022-04-06,0.0,-0.72,555.0,,25982,0,549.0,561.0,540.2
2022-04-05,0.0,-3.62,559.0,,30699,0,578.0,578.0,555.0
2022-04-04,0.0,-0.85,580.0,,6375,0,593.0,593.5,578.0
2022-04-03,0.0,-1.05,585.0,,8380,0,585.0,595.0,584.0
2022-03-31,0.0,-1.47,591.2,,10559,0,609.0,609.0,590.1
2022-03-30,0.0,1.69,600.0,,21890,0,592.0,607.0,589.8
2022-03-29,0.0,-1.17,590.0,,7665,0,597.0,606.0,587.0
2022-03-28,0.0,0.15,597.0,,19098,0,590.0,607.8,589.0
2022-03-27,0.0,-1.96,596.1,,14873,0,608.0,613.0,594.0
2022-03-24,0.0,-1.46,608.0,,12112,0,629.3,629.3,605.2
2022-03-23,0.0,-1.44,617.0,,8430,0,620.0,621.0,612.2
2022-03-22,0.0,-0.95,626.0,,17449,0,644.6,644.6,625.0
2022-03-21,0.0,5.35,632.0,,36538,0,611.8,634.5,598.0
2022-03-20,0.0,0.07,599.9,,14882,0,611.4,611.4,594.0
2022-03-16,0.0,-1.32,599.5,,32394,0,609.0,610.0,595.9
2022-03-15,0.0,-2.14,607.5,,31699,0,633.2,633.2,605.0
2022-03-14,0.0,-1.46,620.8,,12943,0,635.0,635.0,618.0
2022-03-13,0.0,1.61,630.0,,34272,0,632.4,642.0,618.0
2022-03-10,0.0,5.44,620.0,,28447,0,590.0,623.7,582.0
2022-03-09,0.0,-2.16,588.0,,25581,0,601.0,612.0,578.0
2022-03-07,0.0,-0.83,601.0,,24144,0,618.1,620.0,598.0
2022-03-06,0.0,-1.94,606.0,,19435,0,630.3,630.3,595.0
2022-03-02,0.0,-4.92,618.0,,39807,0,656.0,656.0,611.0
2022-02-28,0.0,-1.81,650.0,,55096,0,675.2,699.0,638.0
2022-02-27,0.0,-0.15,662.0,,27263,0,676.2,680.7,660.0
2022-02-24,0.0,-2.07,663.0,,25836,0,690.5,690.5,658.0
2022-02-23,0.0,-1.15,677.0,,14935,0,698.5,698.5,673.0
2022-02-22,0.0,0.72,684.9,,34012,0,693.6,693.6,680.0
2022-02-21,0.0,2.1,680.0,,21790,0,679.3,683.4,666.0
2022-02-20,0.0,-1.62,666.0,,36333,0,670.0,681.0,656.0
2022-02-17,0.0,0.3,677.0,,23517,0,688.5,698.0,667.3
2022-02-16,0.0,-3.57,675.0,,44658,0,700.0,714.0,675.0
2022-02-15,0.0,6.54,700.0,,28337,0,670.1,708.0,658.0
2022-02-14,0.0,1.08,657.0,,27806,0,650.0,662.0,650.0
2022-02-13,0.0,-5.39,650.0,,57337,0,678.0,678.0,645.0
2022-02-10,0.0,-0.29,687.0,,16520,0,695.0,700.0,682.1
2022-02-09,0.0,-1.7,689.0,,25508,0,700.9,705.0,685.0
2022-02-08,0.0,0.0,700.9,,67937,0,727.0,750.0,695.0
2022-02-07,0.0,0.99,713.0,,30499,0,705.0,719.0,700.0
2022-02-06,0.0,-1.53,706.0,,39558,0,715.0,724.0,702.0
2022-02-03,0.0,-1.25,717.0,,101001,0,740.6,748.1,717.0
2022-02-01,0.0,1.98,726.1,,49627,0,712.0,735.0,704.7
2022-01-31,0.0,-2.44,712.0,,39669,0,735.0,740.0,710.0
2022-01-30,0.0,6.08,729.8,,67422,0,701.0,730.0,701.0
2022-01-27,0.0,0.0,688.0,,35664,0,680.0,700.0,680.0
2022-01-26,0.0,-0.72,688.0,,45732,0,682.0,700.0,677.0
2022-01-25,0.0,-0.72,693.0,,76897,0,698.0,718.0,680.0
2022-01-24,0.0,-6.06,698.0,,190292,0,732.1,740.0,687.0
2022-01-23,0.0,-2.24,743.0,,56581,0,770.0,770.0,742.0
2022-01-20,0.0,2.43,760.0,,79531,0,742.0,762.0,731.0
2022-01-19,0.0,-1.85,742.0,,75762,0,756.0,770.0,740.0
2022-01-18,0.0,2.58,756.0,,158186,0,748.0,775.0,735.0
2022-01-17,0.0,1.94,737.0,,108882,0,725.0,746.0,710.0
2022-01-16,0.0,1.97,723.0,,78329,0,709.0,744.6,720.0
2022-01-13,0.0,6.94,709.0,,92138,0,663.0,712.0,656.0
2022-01-12,0.0,2.0,663.0,,105742,0,650.0,699.0,646.0
2022-01-11,0.0,3.5,650.0,,46918,0,622.0,666.0,617.0
2022-01-10,0.0,1.93,628.0,,38068,0,626.0,635.0,606.6
2022-01-09,0.0,4.96,616.1,,49899,0,576.0,617.0,576.0
2022-01-06,0.0,2.44,587.0,,25445,0,573.0,591.5,562.0
2022-01-05,0.0,1.06,573.0,,44974,0,572.0,591.3,566.1
2022-01-04,0.0,2.18,567.0,,31270,0,560.0,572.0,545.0
2022-01-03,0.0,0.34,554.9,,21227,0,559.9,563.8,545.0
2022-01-02,0.0,1.28,553.0,,12496,0,556.9,558.0,545.0
2021-12-29,0.0,1.3,546.0,,12336,0,539.0,563.0,530.1
2021-12-28,0.0,-0.74,539.0,,19341,0,532.3,554.0,525.1
2021-12-27,0.0,-3.04,543.0,,24247,0,565.0,565.0,541.0
2021-12-26,0.0,-1.86,560.0,,31304,0,570.0,577.8,554.0
2021-12-23,0.0,-0.94,570.6,,28553,0,578.0,589.0,570.0
2021-12-22,0.0,6.67,576.0,,35345,0,550.0,576.3,540.0
2021-12-21,0.0,2.47,540.0,,9228,0,537.5,548.0,530.0
2021-12-20,0.0,-3.48,527.0,,16877,0,546.0,550.0,525.3
2021-12-16,0.0,-3.55,546.0,,18151,0,561.0,564.9,545.0
2021-12-15,0.0,2.11,566.1,,57486,0,565.0,597.9,545.0
2021-12-14,0.0,10.0,554.4,,23302,0,513.8,554.4,510.0
2021-12-13,0.0,-4.91,504.0,,52658,0,530.0,530.0,497.0
2021-12-12,0.0,-5.36,530.0,,31169,0,550.2,569.1,530.0
2021-12-09,0.0,-0.53,560.0,,21090,0,552.0,571.0,545.0
2021-12-08,0.0,-3.26,563.0,,19179,0,580.0,582.0,561.1
2021-12-07,0.0,-1.69,582.0,,23914,0,592.0,625.0,582.0
2021-12-06,0.0,2.92,592.0,,51988,0,566.0,598.6,535.0
2021-12-05,0.0,-4.32,575.2,,30459,0,601.0,604.0,566.0
2021-12-02,0.0,-2.83,601.2,,24612,0,620.0,624.0,600.0
2021-12-01,0.0,1.09,618.7,,15811,0,614.0,624.0,614.0
2021-11-30,0.0,0.33,612.0,,21930,0,622.0,632.8,601.0
2021-11-29,0.0,-1.93,610.0,,24892,0,610.0,641.0,601.0
2021-11-28,0.0,-5.76,622.0,,39032,0,646.8,657.0,617.0
2021-11-25,0.0,-0.75,660.0,,8943,0,664.0,674.8,654.1
2021-11-24,0.0,0.76,665.0,,17000,0,650.0,670.0,640.1
2021-11-23,0.0,-1.64,660.0,,32293,0,675.0,675.0,646.8
2021-11-22,0.0,-0.89,671.0,,13789,0,680.0,685.0,670.0
2021-11-21,0.0,0.0,677.0,,17516,0,677.0,680.0,668.0
2021-11-18,0.0,-1.17,677.0,,22456,0,685.0,690.0,667.0
2021-11-17,0.0,-0.72,685.0,,39770,0,703.0,704.0,685.0
2021-11-16,0.0,2.99,690.0,,33463,0,665.0,690.0,658.0
2021-11-15,0.0,1.98,670.0,,22649,0,670.0,683.0,661.3
2021-11-14,0.0,0.31,657.0,,44076,0,660.0,680.0,613.0
2021-11-11,0.0,-5.89,655.0,,60336,0,683.0,696.0,655.0
2021-11-09,0.0,-4.0,696.0,,57053,0,715.0,724.0,677.0
2021-11-08,0.0,-0.55,725.0,,20642,0,730.0,742.9,720.3
2021-11-03,0.0,1.11,729.0,,27307,0,735.0,749.0,725.5
2021-11-02,0.0,-0.28,721.0,,30251,0,710.0,728.0,709.0
2021-11-01,0.0,-2.43,723.0,,53473,0,745.0,755.0,720.8
2021-10-31,0.0,5.71,741.0,,55334,0,705.0,742.5,704.0
2021-10-28,0.0,1.59,701.0,,54125,0,690.0,714.0,670.0
2021-10-27,0.0,5.6,690.0,,119377,0,666.4,715.0,661.0
2021-10-26,0.0,10.0,653.4,,69659,0,605.0,653.4,605.0
2021-10-25,0.0,10.0,594.0,,47123,0,550.0,594.0,549.0
2021-10-24,0.0,3.41,540.0,,34910,0,532.6,546.7,526.0
2021-10-21,0.0,-1.47,522.2,,10001,0,540.6,549.0,520.0
2021-10-20,0.0,3.11,530.0,,16640,0,524.2,555.0,524.2
2021-10-19,0.0,-5.39,514.0,,32592,0,535.0,535.0,506.0
2021-10-18,0.0,-3.84,543.3,,21624,0,560.0,567.0,535.0
2021-10-17,0.0,-0.7,565.0,,10844,0,580.3,580.3,553.0
2021-10-11,0.0,-0.52,569.0,,26874,0,572.0,574.9,550.0
2021-10-10,0.0,0.18,572.0,,28028,0,582.0,598.0,570.0
2021-10-06,0.0,4.39,571.0,,28251,0,557.0,580.0,547.1
2021-10-05,0.0,1.3,547.0,,44774,0,549.0,560.9,530.0
2021-10-04,0.0,-6.57,540.0,,62779,0,578.0,578.0,530.0
2021-10-03,0.0,-5.71,578.0,,35054,0,618.0,619.0,570.0
2021-09-30,0.0,-4.96,613.0,,34469,0,633.0,655.0,611.5
2021-09-29,0.0,2.38,645.0,,55429,0,625.0,654.0,610.0
2021-09-28,0.0,-5.97,630.0,,51165,0,680.0,680.0,628.0
2021-09-27,0.0,-3.6,670.0,,72362,0,708.9,748.0,669.0
2021-09-26,0.0,-0.71,695.0,,38751,0,686.1,702.0,668.0
2021-09-23,0.0,-0.43,700.0,,39805,0,717.0,731.0,692.0
2021-09-22,0.0,5.63,703.0,,47586,0,678.8,708.0,671.3
2021-09-21,0.0,-0.22,665.5,,58066,0,667.0,707.4,622.0
2021-09-20,0.0,-6.19,667.0,,78734,0,711.0,716.0,666.0
2021-09-16,0.0,-3.79,711.0,,68959,0,725.0,730.3,703.0
2021-09-15,0.0,-0.81,739.0,,39347,0,746.0,755.0,730.0
2021-09-14,0.0,0.0,745.0,,28263,0,748.0,770.0,740.0
2021-09-13,0.0,-4.36,745.0,,105340,0,794.0,794.0,745.0
2021-09-12,0.0,5.27,779.0,,67324,0,753.0,783.3,739.8
2021-09-09,0.0,-0.4,740.0,,31385,0,757.0,765.0,735.0
2021-09-08,0.0,-3.51,743.0,,40941,0,784.9,784.9,737.0
2021-09-07,0.0,0.29,770.0,,51457,0,780.0,812.0,735.0
2021-09-06,0.0,10.0,767.8,,97954,0,690.0,767.8,689.0
2021-09-05,0.0,-8.76,698.0,,127260,0,750.0,750.0,688.5
2021-09-02,0.0,-4.26,765.0,,87123,0,799.0,815.0,760.0
2021-09-01,0.0,-1.11,799.0,,51888,0,802.0,820.0,792.0
2021-08-31,0.0,-3.81,808.0,,84357,0,832.0,832.0,798.0
2021-08-29,0.0,-3.34,840.0,,38602,0,886.3,886.3,838.0
2021-08-26,0.0,4.51,869.0,,41912,0,840.0,872.1,839.0
2021-08-25,0.0,-0.66,831.5,,68808,0,822.0,850.0,784.0
2021-08-24,0.0,-6.38,837.0,,86883,0,890.0,890.0,835.0
2021-08-19,0.0,-2.08,894.0,,92024,0,900.0,938.0,893.0
2021-08-18,0.0,-1.93,913.0,,87890,0,931.0,955.0,908.0
2021-08-17,0.0,2.42,931.0,,72333,0,925.0,942.0,912.0
2021-08-16,0.0,-0.11,909.0,,51768,0,918.0,927.0,893.0
2021-08-15,0.0,-4.21,910.0,,154834,0,931.0,948.0,863.0
2021-08-12,0.0,-1.04,950.0,,121128,0,960.0,969.0,930.0
2021-08-11,0.0,-0.62,960.0,,121715,0,985.0,999.0,943.2
2021-08-10,0.0,-3.01,966.0,,117015,0,1015.0,1015.0,963.0
2021-08-09,0.0,1.63,996.0,,277825,0,999.6,1039.0,981.0
2021-08-08,0.0,3.05,980.0,,367133,0,932.0,1000.1,932.0
2021-08-05,0.0,-0.42,951.0,,117279,0,941.9,980.0,926.1
2021-08-04,0.0,5.52,955.0,,216781,0,910.0,995.0,910.0
2021-08-03,0.0,0.89,905.0,,58540,0,885.0,911.1,885.0
2021-08-02,0.0,0.9,897.0,,70475,0,873.5,914.0,873.5
2021-08-01,0.0,0.68,889.0,,89426,0,883.0,900.0,880.1
2021-07-29,0.0,-0.67,883.0,,57842,0,889.0,899.0,872.0
2021-07-28,0.0,-2.74,889.0,,102208,0,932.0,932.0,886.1
2021-07-27,0.0,-0.54,914.0,,75208,0,920.0,939.0,907.0
2021-07-26,0.0,1.27,919.0,,157834,0,925.6,990.0,905.0
2021-07-25,0.0,10.0,907.5,,183759,0,841.5,907.5,838.0
2021-07-22,0.0,5.1,825.0,,112781,0,800.0,828.2,771.0
2021-07-20,0.0,4.25,785.0,,86498,0,741.3,799.8,741.1
2021-07-19,0.0,1.48,753.0,,78045,0,735.0,764.0,720.3
2021-07-18,0.0,-0.54,742.0,,96243,0,760.0,760.0,735.0
2021-07-15,0.0,-0.53,746.0,,66613,0,725.0,761.0,725.0
2021-07-14,0.0,-0.13,750.0,,26974,0,760.0,760.0,743.0
2021-07-13,0.0,1.49,751.0,,26348,0,711.0,753.0,711.0
2021-07-12,0.0,-1.73,740.0,,70423,0,716.0,765.0,716.0
2021-07-11,0.0,3.29,753.0,,47401,0,701.0,759.0,701.0
2021-07-08,0.0,0.97,729.0,,36913,0,690.0,737.0,690.0
2021-07-07,0.0,-3.73,722.0,,60950,0,715.0,754.0,715.0
2021-07-06,0.0,-3.47,750.0,,48762,0,760.0,768.0,745.0
2021-07-05,0.0,0.26,777.0,,19008,0,737.0,795.0,737.0
2021-07-04,0.0,1.17,775.0,,34817,0,804.0,804.0,758.0
2021-07-01,0.0,-2.42,766.0,,42526,0,750.0,800.0,750.0
2021-06-30,0.0,-0.63,785.0,,39390,0,751.0,810.0,751.0
2021-06-29,0.0,-3.78,790.0,,630241,0,862.0,903.0,739.0
2021-06-28,0.0,-4.68,1120.0,,459775,0,1200.0,1200.0,1100.0
2021-06-27,0.0,-2.57,1175.0,,141029,0,1230.0,1230.0,1153.0
2021-06-24,0.0,-1.15,1206.0,,126547,0,1281.0,1281.0,1192.0
2021-06-23,0.0,9.71,1220.0,,315899,0,1167.0,1223.0,1167.0
2021-06-22,0.0,9.99,1112.0,,102643,0,1061.0,1112.0,1061.0
2021-06-21,0.0,-3.25,1011.0,,44100,0,1065.0,1065.0,1002.0
2021-06-20,0.0,-1.6,1045.0,,33636,0,1065.0,1075.0,1027.0
2021-06-17,0.0,0.47,1062.0,,31033,0,1055.0,1081.0,1040.0
2021-06-16,0.0,-3.91,1057.0,,50568,0,1045.0,1100.0,1025.0
2021-06-15,0.0,1.29,1100.0,,85008,0,1086.0,1125.0,1086.0
2021-06-14,0.0,-1.9,1086.0,,43911,0,1115.0,1120.0,1078.0
2021-06-13,0.0,4.24,1107.0,,79048,0,1108.0,1125.0,1066.0
2021-06-10,0.0,-0.84,1062.0,,49665,0,1024.0,1105.0,1024.0
2021-06-09,0.0,-0.03,1071.0,,71373,0,1063.0,1127.0,1063.0
2021-06-08,0.0,-1.26,1100.0,,41761,0,1136.0,1136.0,1100.0
2021-06-07,0.0,6.4,1114.0,,88884,0,1030.0,1130.0,1030.0
2021-06-06,0.0,-8.56,1047.0,,163232,0,1140.0,1140.0,1040.0
2021-06-03,0.0,-5.06,1145.0,,142149,0,1206.0,1206.0,1139.0
2021-06-02,0.0,-7.23,1206.0,,139625,0,1300.0,1301.0,1177.0
2021-06-01,0.0,3.5,1300.0,,177680,0,1318.0,1340.0,1265.0
2021-05-31,0.0,9.98,1256.0,,726264,0,1199.0,1256.0,1199.0
2021-05-30,0.0,7.23,1142.0,,132063,0,1118.0,1160.0,1076.0
2021-05-27,0.0,9.91,1065.0,,164198,0,960.0,1065.0,932.0
2021-05-25,0.0,7.07,969.0,,177892,0,950.0,990.0,905.0
2021-05-24,0.0,0.56,905.0,,50659,0,855.0,923.0,855.0
2021-05-23,0.0,0.33,900.0,,74244,0,890.0,905.0,873.0
2021-05-20,0.0,-2.5,897.0,,105420,0,940.0,947.0,893.0
2021-05-19,0.0,8.11,920.0,,322970,0,893.0,936.0,850.0
2021-05-18,0.0,9.95,851.0,,5981,0,812.0,851.0,812.0
2021-05-17,0.0,9.94,774.0,,3922,0,739.0,774.0,739.0
2021-05-16,0.0,2.03,704.0,,58620,0,700.0,705.0,680.0
2021-05-13,0.0,0.58,690.0,,56972,0,695.0,700.0,680.0
2021-05-12,0.0,3.0,686.0,,59157,0,633.0,709.0,633.0
2021-05-11,0.0,3.58,666.0,,49627,0,611.0,670.0,611.0
2021-05-10,0.0,1.58,643.0,,41514,0,664.0,664.0,616.0
2021-05-09,0.0,-4.09,633.0,,67727,0,660.0,669.0,620.0
2021-05-06,0.0,4.27,660.0,,99615,0,645.0,667.0,605.0
2021-05-05,0.0,9.71,633.0,,152710,0,600.0,634.0,577.0
2021-05-04,0.0,9.9,577.0,,62075,0,551.0,577.0,536.0
2021-05-03,0.0,5.85,525.0,,73192,0,505.0,529.0,488.0
2021-05-02,0.0,4.42,496.0,,33486,0,469.0,511.0,469.0
2021-04-29,0.0,1.71,475.0,,17905,0,467.0,513.0,462.0
2021-04-28,0.0,-1.68,467.0,,4174,0,473.0,477.0,467.0
2021-04-27,0.0,3.71,475.0,,11462,0,455.0,475.0,455.0
2021-04-26,0.0,-2.97,458.0,,32408,0,472.0,472.0,457.0
2021-04-25,0.0,-2.68,472.0,,18635,0,485.0,494.0,463.0
2021-04-22,0.0,-1.02,485.0,,14747,0,481.0,489.0,481.0
2021-04-21,0.0,-1.8,490.0,,13471,0,493.0,499.0,488.0
2021-04-20,0.0,2.46,499.0,,10593,0,487.0,499.0,487.0
2021-04-19,0.0,-2.21,487.0,,27872,0,483.0,503.0,483.0
2021-04-18,0.0,0.4,498.0,,33503,0,520.0,520.0,486.0
2021-04-15,0.0,0.81,496.0,,28326,0,499.0,519.0,493.0
2021-04-13,0.0,3.58,492.0,,33520,0,470.0,501.0,467.0
2021-04-12,0.0,1.06,475.0,,25007,0,467.0,483.0,458.0
2021-04-08,0.0,-1.88,470.0,,22309,0,479.0,486.0,462.0
2021-04-07,0.0,-3.62,479.0,,42801,0,500.0,500.0,470.0
2021-04-06,0.0,2.47,497.0,,79433,0,509.0,520.0,476.0
2021-04-05,0.0,9.98,485.0,,18551,0,463.0,485.0,463.0
2021-04-04,0.0,9.98,441.0,,45145,0,409.0,441.0,402.0
2021-04-01,0.0,0.0,401.0,,25216,0,381.0,415.0,381.0
2021-03-31,0.0,0.25,401.0,,11957,0,394.0,408.0,394.0
2021-03-30,0.0,-0.25,400.0,,15653,0,409.0,409.0,399.0
2021-03-29,0.0,-2.2,401.0,,12444,0,403.0,407.0,400.0
2021-03-25,0.0,-1.2,410.0,,16097,0,420.0,420.0,404.0
2021-03-24,0.0,2.47,415.0,,19467,0,413.0,422.0,401.0
2021-03-22,0.0,-2.68,399.0,,15411,0,418.0,418.0,388.0
2021-03-21,0.0,6.49,410.0,,43752,0,392.0,418.0,392.0
2021-03-18,0.0,5.77,385.0,,57959,0,369.0,390.0,357.0
2021-03-17,0.0,3.41,364.0,,11462,0,350.0,364.0,350.0
2021-03-16,0.0,-2.76,352.0,,14499,0,362.0,369.0,352.0
2021-03-15,0.0,0.56,362.0,,21457,0,365.0,371.0,362.0
2021-03-14,0.0,1.12,360.0,,25709,0,356.0,363.0,354.0
2021-03-10,0.0,2.01,356.0,,25269,0,332.0,366.0,332.0
2021-03-09,0.0,2.05,349.0,,16496,0,336.0,357.0,336.0
2021-03-04,0.0,1.47,346.0,,7149,0,343.0,349.0,341.0
2021-03-03,0.0,2.1,341.0,,22552,0,320.0,352.0,314.0
2021-03-02,0.0,-1.76,334.0,,19415,0,341.0,341.0,329.0
2021-03-01,0.0,0.0,340.0,,8185,0,325.0,342.0,325.0
2021-02-28,0.0,-2.65,331.0,,19858,0,334.0,342.0,328.0
2021-02-25,0.0,0.0,340.0,,12481,0,347.0,351.0,336.0
2021-02-24,0.0,-1.97,348.0,,11932,0,362.0,362.0,337.0
2021-02-23,0.0,-1.11,355.0,,12772,0,376.0,376.0,339.0
2021-02-22,0.0,6.53,359.0,,44820,0,321.0,370.0,321.0
2021-02-21,0.0,0.02,337.0,,22325,0,346.0,346.0,326.0
2021-02-18,0.0,-0.01,330.0,,13906,0,338.0,338.0,330.0
2021-02-17,0.0,-0.01,332.0,,8162,0,339.0,340.0,330.0
2021-02-16,0.0,-0.01,335.0,,7526,0,346.0,346.0,332.0
2021-02-15,0.0,0.01,340.0,,10152,0,340.0,355.0,333.0
2021-02-14,0.0,-0.03,338.0,,21735,0,345.0,345.0,329.0
2021-02-11,0.0,-0.06,349.0,,72272,0,365.0,365.0,334.0
2021-02-08,0.0,0.02,371.0,,43155,0,372.0,380.0,365.0
2021-02-07,0.0,0.06,365.0,,75195,0,362.0,379.0,350.0
2021-02-04,0.0,0.1,345.0,,91845,0,315.0,345.0,315.0
2021-02-03,0.0,0.05,315.0,,58250,0,300.0,330.0,296.0
2021-02-02,0.0,0.02,297.0,,21681,0,295.0,301.0,292.0
2021-02-01,0.0,0.01,292.0,,13092,0,284.0,293.0,284.0
2021-01-31,0.0,-0.04,288.0,,12284,0,312.0,312.0,285.0
2021-01-28,0.0,0.0,299.0,,8026,0,296.0,300.0,295.0
2021-01-27,0.0,-0.01,298.0,,11980,0,304.0,304.0,295.0
2021-01-26,0.0,0.0,300.0,,10098,0,304.0,309.0,299.0
2021-01-25,0.0,-0.03,299.0,,17702,0,312.0,314.0,297.0
2021-01-24,0.0,0.04,309.0,,52071,0,310.0,315.0,303.0
2021-01-21,0.0,0.03,298.0,,33248,0,293.0,300.0,291.0
2021-01-20,0.0,0.02,288.0,,20823,0,282.0,288.0,282.0
2021-01-19,0.0,0.01,282.0,,22883,0,285.0,286.0,277.0
2021-01-18,0.0,-0.02,280.0,,49350,0,285.0,287.0,280.0
2021-01-17,0.0,-0.02,286.0,,21358,0,286.0,291.0,281.0
2021-01-13,0.0,-0.01,291.0,,18749,0,292.0,305.0,285.0
2021-01-12,0.0,0.02,295.0,,12343,0,285.0,295.0,285.0
2021-01-11,0.0,-0.03,290.0,,6216,0,295.0,296.0,289.0
2021-01-10,0.0,0.0,299.0,,5602,0,296.0,299.0,290.0
2021-01-07,0.0,-0.01,299.0,,8701,0,305.0,305.0,293.0
2021-01-06,0.0,0.0,303.0,,6174,0,305.0,305.0,293.0
2021-01-05,0.0,0.0,304.0,,10047,0,299.0,307.0,294.0
2021-01-04,0.0,0.05,305.0,,2560,0,295.0,305.0,295.0
2021-01-03,0.0,-0.04,290.0,,19248,0,309.0,312.0,287.0
2020-12-31,0.0,0.01,303.0,,10186,0,300.0,306.0,290.0
2020-12-30,0.0,0.0,300.0,,5488,0,295.0,300.0,285.0
2020-12-29,0.0,-0.04,301.0,,3358,0,297.0,308.0,287.0
2020-12-28,0.0,0.08,312.0,,1735,0,289.0,318.0,281.0
2020-12-27,0.0,-0.02,285.0,,1200,0,287.0,291.0,285.0
2020-12-24,0.0,-0.01,291.0,,2997,0,290.0,298.0,290.0
2020-12-23,0.0,-0.01,295.0,,1496,0,294.0,304.0,288.0
2020-12-22,0.0,-0.01,299.0,,3158,0,305.0,305.0,284.0
2020-12-21,0.0,0.05,302.0,,2353,0,283.0,302.0,274.0
2020-12-20,0.0,-0.03,288.0,,3126,0,294.0,294.0,280.0
2020-12-17,0.0,0.0,298.0,,4285,0,294.0,298.0,284.0
2020-12-16,0.0,0.03,299.0,,4353,0,290.0,300.0,290.0
2020-12-15,0.0,-0.03,290.0,,2173,0,304.0,304.0,288.0
2020-12-14,0.0,-0.02,299.0,,3742,0,308.0,308.0,296.0
2020-12-13,0.0,0.0,304.0,,1774,0,299.0,310.0,286.0
2020-12-10,0.0,0.0,305.0,,8104,0,300.0,310.0,289.0
2020-12-09,0.0,0.03,306.0,,5279,0,301.0,307.0,283.0
2020-12-08,0.0,0.04,296.0,,6696,0,285.0,306.0,285.0
2020-12-07,0.0,0.01,286.0,,2937,0,282.0,295.0,282.0
2020-12-06,0.0,-0.06,282.0,,6719,0,296.0,305.0,275.0
2020-12-03,0.0,-0.04,301.0,,2597,0,306.0,308.0,301.0
2020-12-02,0.0,0.0,312.0,,6656,0,310.0,316.0,306.0
2020-12-01,0.0,0.02,312.0,,7911,0,300.0,335.0,300.0
2020-11-30,0.0,0.03,305.0,,6922,0,300.0,305.0,295.0
2020-11-29,0.0,0.0,295.0,,8152,0,295.0,300.0,288.0
2020-11-26,0.0,-0.03,295.0,,3949,0,305.0,311.0,295.0
2020-11-25,0.0,0.0,302.0,,7231,0,305.0,308.0,300.0
2020-11-24,0.0,0.01,302.0,,5478,0,300.0,302.0,297.0
2020-11-23,0.0,0.05,299.0,,7460,0,283.0,309.0,283.0
2020-11-22,0.0,0.02,286.0,,3836,0,285.0,288.0,283.0
2020-11-19,0.0,0.0,281.0,,6202,0,280.0,284.0,277.0
2020-11-18,0.0,0.0,282.0,,637,0,286.0,286.0,276.0
2020-11-12,0.0,0.0,291.0,,1775,0,285.0,291.0,280.0
2020-11-11,0.0,0.35,289.0,,12014,0,289.0,293.0,285.0
2020-11-10,0.0,0.7,288.0,,3294,0,281.0,288.0,281.0
2020-11-09,0.0,-2.39,286.0,,5720,0,294.0,297.0,285.0
2020-11-08,0.0,2.81,293.0,,10218,0,280.0,295.0,280.0
2020-11-05,0.0,1.06,285.0,,10054,0,277.0,285.0,277.0
2020-11-04,0.0,0.0,282.0,,1900,0,280.0,283.0,277.0
2020-11-03,0.0,0.36,282.0,,1530,0,285.0,285.0,276.0
2020-11-02,0.0,-0.35,281.0,,5025,0,278.0,282.0,276.0
2020-11-01,0.0,0.71,282.0,,2637,0,280.0,284.0,276.0
2020-10-29,0.0,-1.41,280.0,,941,0,279.0,280.0,274.0
2020-10-28,0.0,0.71,284.0,,1011,0,287.0,287.0,267.0
2020-10-22,0.0,-2.42,282.0,,1055,0,284.0,287.0,274.0
2020-10-21,0.0,2.12,289.0,,1614,0,288.0,290.0,278.0
2020-10-20,0.0,0.71,283.0,,3193,0,281.0,284.0,278.0
2020-10-19,0.0,2.18,281.0,,4133,0,280.0,281.0,265.0
2020-10-18,0.0,0.73,275.0,,2831,0,268.0,275.0,258.0
2020-10-15,0.0,-1.09,273.0,,7630,0,273.0,282.0,258.0
2020-10-14,0.0,-2.13,276.0,,4002,0,278.0,286.0,270.0
2020-10-13,0.0,-1.05,282.0,,4099,0,280.0,282.0,270.0
2020-10-12,0.0,0.0,285.0,,2996,0,285.0,290.0,276.0
2020-10-11,0.0,-1.38,285.0,,6506,0,284.0,290.0,274.0
2020-10-08,0.0,-4.62,289.0,,11881,0,300.0,310.0,281.0
2020-10-07,0.0,8.99,303.0,,17412,0,273.0,305.0,273.0
2020-10-06,0.0,4.51,278.0,,12656,0,262.0,283.0,262.0
2020-10-05,0.0,2.31,266.0,,7413,0,265.0,266.0,252.0
2020-10-04,0.0,1.96,260.0,,4238,0,250.0,261.0,245.0
2020-10-01,0.0,-0.78,255.0,,2842,0,252.0,262.0,245.0
2020-09-30,0.0,-1.15,257.0,,3755,0,260.0,265.0,256.0
2020-09-29,0.0,2.36,260.0,,3936,0,259.0,264.0,249.0
2020-09-28,0.0,-2.31,254.0,,1761,0,255.0,256.0,250.0
2020-09-27,0.0,-2.26,260.0,,9677,0,266.0,271.0,259.0
2020-09-24,0.0,-1.12,266.0,,10211,0,264.0,281.0,255.0
2020-09-23,0.0,6.75,269.0,,3602,0,240.0,269.0,240.0
2020-09-22,0.0,-3.08,252.0,,5435,0,255.0,255.0,247.0
2020-09-21,0.0,-5.45,260.0,,8914,0,270.0,270.0,251.0
2020-09-20,0.0,-3.17,275.0,,8827,0,289.0,289.0,256.0
2020-09-17,0.0,9.65,284.0,,12239,0,259.0,284.0,253.0
2020-09-16,0.0,8.37,259.0,,5399,0,250.0,262.0,235.0
2020-09-15,0.0,-4.02,239.0,,6922,0,253.0,255.0,237.0
2020-09-14,0.0,4.18,249.0,,10764,0,236.0,251.0,232.0
2020-09-13,0.0,9.63,239.0,,7875,0,215.0,239.0,213.0
2020-09-10,0.0,-1.8,218.0,,1341,0,225.0,225.0,216.0
2020-09-09,0.0,-1.77,222.0,,3776,0,222.0,230.0,212.0
2020-09-08,0.0,-1.74,226.0,,3471,0,226.0,226.0,212.0
2020-09-07,0.0,0.88,230.0,,9288,0,232.0,232.0,221.0
2020-09-06,0.0,9.62,228.0,,7598,0,208.0,228.0,205.0
2020-09-03,0.0,-0.48,208.0,,13801,0,213.0,220.0,200.0
2020-09-02,0.0,10.0,209.0,,12827,0,192.0,209.0,192.0
2020-08-31,0.0,4.97,190.0,,6528,0,181.0,197.0,180.0
2020-08-30,0.0,0.0,181.0,,2399,0,181.0,183.0,181.0
2020-08-27,0.0,3.43,181.0,,1886,0,175.0,181.0,175.0
2020-08-26,0.0,1.16,175.0,,925,0,172.0,177.0,172.0
2020-08-25,0.0,-0.57,173.0,,757,0,173.0,177.0,173.0
2020-08-24,0.0,-1.69,174.0,,1652,0,174.0,176.0,172.0
2020-08-23,0.0,0.0,177.0,,712,0,177.0,177.0,172.0
2020-08-20,0.0,-1.12,177.0,,241,0,176.0,178.0,174.0
2020-08-19,0.0,1.13,179.0,,1281,0,174.0,180.0,171.0
2020-08-18,0.0,3.51,177.0,,2716,0,169.0,178.0,169.0
2020-08-17,0.0,-1.72,171.0,,617,0,171.0,171.0,165.0
2020-08-16,0.0,1.16,174.0,,597,0,170.0,174.0,168.0
2020-08-13,0.0,0.0,172.0,,2579,0,169.0,172.0,165.0
2020-08-12,0.0,-0.58,172.0,,574,0,170.0,177.0,165.0
2020-08-11,0.0,3.59,173.0,,1562,0,165.0,173.0,165.0
2020-08-10,0.0,-1.76,167.0,,1206,0,168.0,174.0,166.0
2020-08-09,0.0,-0.58,170.0,,302,0,168.0,170.0,165.0
2020-08-06,0.0,0.59,171.0,,943,0,168.0,171.0,166.0
2020-08-05,0.0,1.81,169.0,,376,0,165.0,169.0,163.0
2020-08-03,0.0,1.22,166.0,,1276,0,161.0,180.0,161.0
2020-08-02,0.0,-4.65,164.0,,991,0,169.0,169.0,160.0
2020-07-30,0.0,2.99,172.0,,503,0,165.0,172.0,165.0
2020-07-29,0.0,-0.6,167.0,,2157,0,171.0,174.0,166.0
2020-07-28,0.0,1.2,168.0,,868,0,163.0,169.0,163.0
2020-07-27,0.0,-1.19,166.0,,811,0,167.0,170.0,166.0
2020-07-26,0.0,0.0,168.0,,1326,0,165.0,174.0,165.0
2020-07-23,0.0,-0.59,168.0,,1087,0,166.0,170.0,165.0
2020-07-22,0.0,1.81,169.0,,1332,0,164.0,172.0,164.0
2020-07-21,0.0,-2.35,166.0,,537,0,167.0,180.0,164.0
2020-07-20,0.0,0.0,170.0,,1930,0,178.0,181.0,170.0
2020-07-16,0.0,-5.03,170.0,,983,0,180.0,180.0,166.0
2020-07-15,0.0,5.29,179.0,,1019,0,170.0,179.0,165.0
2020-07-14,0.0,-5.03,170.0,,190,0,176.0,176.0,169.0
2020-07-13,0.0,7.19,179.0,,2137,0,165.0,181.0,162.0
2020-07-12,0.0,-4.02,167.0,,411,0,171.0,174.0,165.0
2020-07-09,0.0,1.75,174.0,,1614,0,168.0,177.0,162.0
2020-07-08,0.0,2.4,171.0,,376,0,165.0,171.0,163.0
2020-07-07,0.0,1.83,167.0,,2914,0,163.0,180.0,162.0
2020-07-06,0.0,-9.89,164.0,,1637,0,179.0,179.0,164.0
2020-07-05,0.0,-1.62,182.0,,1110,0,183.0,183.0,167.0
2020-07-01,0.0,0.54,185.0,,140,0,185.0,185.0,185.0
2020-06-30,0.0,8.88,184.0,,325,0,166.0,184.0,166.0
2020-06-29,0.0,-3.43,169.0,,155,0,172.0,172.0,169.0
2020-03-22,0.0,1.74,175.0,,11,0,175.0,175.0,175.0
2020-03-19,0.0,9.55,172.0,,365,0,155.0,172.0,155.0
2020-03-18,0.0,0.0,160.0,,1110,0,157.0,163.0,157.0
2020-03-17,0.0,-3.03,160.0,,1448,0,162.0,166.0,160.0
2020-03-16,0.0,-3.51,165.0,,227,0,168.0,168.0,165.0
2020-03-15,0.0,0.0,171.0,,1205,0,168.0,174.0,162.0
2020-03-12,0.0,-9.52,171.0,,464,0,190.0,190.0,171.0
2020-03-11,0.0,4.42,189.0,,1767,0,178.0,189.0,170.0
2020-03-05,0.0,9.04,181.0,,1483,0,166.0,181.0,163.0
2020-03-04,0.0,0.0,166.0,,1396,0,163.0,166.0,160.0
2020-03-03,0.0,0.0,166.0,,1672,0,166.0,168.0,162.0
2020-03-02,0.0,-6.21,166.0,,1281,0,174.0,174.0,166.0
2020-03-01,0.0,-3.28,177.0,,1012,0,183.0,186.0,177.0
2020-02-27,0.0,-2.66,183.0,,956,0,188.0,188.0,183.0
2020-02-26,0.0,-8.29,188.0,,6318,0,207.0,209.0,188.0
2020-02-25,0.0,9.63,205.0,,1306,0,185.0,205.0,177.0
2020-02-24,0.0,0.0,187.0,,1940,0,187.0,187.0,169.0
2020-02-23,0.0,7.47,187.0,,1858,0,177.0,187.0,174.0
2020-02-20,0.0,-4.4,174.0,,1490,0,182.0,179.0,170.0
2020-02-18,0.0,0.0,182.0,,4158,0,179.0,182.0,172.0
2020-02-17,0.0,5.2,182.0,,2310,0,173.0,189.0,173.0
2020-02-16,0.0,9.49,173.0,,3081,0,161.0,173.0,158.0
2020-02-13,0.0,6.8,157.0,,1918,0,147.0,158.0,147.0
2020-02-12,0.0,0.0,147.0,,390,0,145.0,150.0,145.0
2020-02-11,0.0,0.0,147.0,,243,0,145.0,147.0,145.0
2020-02-10,0.0,0.0,147.0,,217,0,149.0,149.0,146.0
2020-02-09,0.0,-1.34,147.0,,240,0,147.0,149.0,145.0
2020-02-06,0.0,0.0,149.0,,447,0,147.0,151.0,146.0
2020-02-05,0.0,-0.67,149.0,,274,0,150.0,151.0,149.0
2020-02-04,0.0,-0.66,150.0,,583,0,154.0,154.0,149.0
2020-02-03,0.0,1.34,151.0,,499,0,147.0,156.0,146.0
2020-02-02,0.0,1.37,148.0,,879,0,144.0,148.0,143.0
2020-01-30,0.0,-0.68,146.0,,644,0,145.0,147.0,144.0
2020-01-29,0.0,-1.34,147.0,,182,0,147.0,148.0,145.0
2020-01-28,0.0,1.36,149.0,,353,0,149.0,149.0,147.0
2020-01-27,0.0,1.38,147.0,,181,0,147.0,149.0,144.0
2020-01-26,0.0,-0.68,146.0,,360,0,145.0,148.0,145.0
2020-01-23,0.0,-2.0,147.0,,1114,0,148.0,150.0,147.0
2020-01-22,0.0,-4.46,150.0,,408,0,157.0,157.0,149.0
2020-01-21,0.0,-2.48,157.0,,174,0,158.0,158.0,155.0
2020-01-20,0.0,-3.61,160.0,,1483,0,163.0,163.0,157.0
2020-01-19,0.0,0.61,166.0,,2755,0,164.0,168.0,163.0
2020-01-16,0.0,1.85,165.0,,1265,0,162.0,165.0,160.0
2020-01-15,0.0,3.85,162.0,,834,0,159.0,162.0,153.0
2020-01-14,0.0,-4.29,156.0,,42,0,165.0,165.0,156.0
2020-01-13,0.0,8.67,163.0,,862,0,152.0,163.0,147.0
2020-01-12,0.0,2.04,150.0,,1504,0,148.0,151.0,145.0
2020-01-09,0.0,1.38,147.0,,364,0,143.0,149.0,143.0
2020-01-08,0.0,2.84,145.0,,493,0,142.0,145.0,142.0
2020-01-07,0.0,0.71,141.0,,176,0,139.0,143.0,139.0
2020-01-06,0.0,0.72,140.0,,218,0,138.0,141.0,138.0
2020-01-05,0.0,0.0,139.0,,139,0,137.0,139.0,137.0
2020-01-02,0.0,-0.71,139.0,,128,0,138.0,139.0,137.0
2020-01-01,0.0,0.0,140.0,,368,0,140.0,143.0,140.0
2019-12-31,0.0,-0.71,140.0,,62,0,140.0,141.0,140.0
2019-12-30,0.0,2.17,141.0,,172,0,137.0,141.0,137.0
2019-12-29,0.0,-0.72,138.0,,242,0,139.0,141.0,138.0
2019-12-26,0.0,-1.42,139.0,,138,0,139.0,140.0,139.0
2019-12-25,0.0,0.0,141.0,,69,0,140.0,141.0,140.0
2019-12-24,0.0,0.0,141.0,,1057,0,141.0,142.0,140.0
2019-12-23,0.0,0.71,141.0,,113,0,139.0,142.0,139.0
2019-12-22,0.0,0.0,140.0,,117,0,141.0,141.0,139.0
2019-12-19,0.0,-1.41,140.0,,140,0,142.0,142.0,140.0
2019-12-18,0.0,-1.39,142.0,,2810,0,142.0,144.0,142.0
2019-12-17,0.0,0.7,144.0,,273,0,141.0,144.0,140.0
2019-12-16,0.0,1.42,143.0,,140,0,139.0,143.0,139.0
2019-12-15,0.0,0.0,142.0,,139,0,141.0,142.0,141.0
2019-12-12,0.0,0.0,142.0,,382,0,141.0,143.0,141.0
2019-12-11,0.0,0.71,142.0,,162,0,140.0,142.0,140.0
2019-12-10,0.0,-0.7,141.0,,48,0,140.0,142.0,140.0
2019-12-09,0.0,2.16,142.0,,69,0,141.0,142.0,138.0
2019-12-08,0.0,0.0,139.0,,103,0,139.0,140.0,137.0
2019-12-05,0.0,0.0,139.0,,60,0,137.0,139.0,137.0
2019-12-04,0.0,-1.42,139.0,,105,0,140.0,140.0,138.0
2019-12-03,0.0,1.44,141.0,,127,0,139.0,141.0,137.0
2019-12-02,0.0,-0.71,139.0,,34,0,139.0,139.0,139.0
2019-12-01,0.0,1.45,140.0,,1348,0,138.0,140.0,136.0
2019-11-28,0.0,0.73,138.0,,36,0,136.0,138.0,136.0
2019-11-27,0.0,0.0,137.0,,230,0,135.0,137.0,134.0
2019-11-26,0.0,-0.72,137.0,,141,0,136.0,138.0,134.0
2019-11-25,0.0,-2.13,138.0,,280,0,139.0,141.0,138.0
2019-11-24,0.0,-1.4,141.0,,203,0,143.0,143.0,141.0
2019-11-21,0.0,-1.38,143.0,,25,0,145.0,145.0,143.0
2019-11-20,0.0,-1.36,145.0,,653,0,145.0,146.0,142.0
2019-11-19,0.0,1.38,147.0,,230,0,147.0,148.0,145.0
2019-11-18,0.0,0.0,145.0,,3,0,143.0,145.0,145.0
2019-11-17,0.0,-3.33,145.0,,221,0,148.0,149.0,145.0
2019-11-14,0.0,6.38,150.0,,3477,0,141.0,155.0,139.0
2019-11-13,0.0,0.0,141.0,,1,0,141.0,141.0,141.0
2019-11-12,0.0,-1.4,141.0,,10,0,141.0,141.0,141.0
2019-11-11,0.0,9.02,145.0,,332,0,133.0,145.0,131.0
2019-11-10,0.0,0.0,133.0,,147,0,131.0,134.0,131.0
2019-11-07,0.0,2.31,133.0,,79,0,131.0,134.0,131.0
2019-11-06,0.0,-2.26,130.0,,80,0,132.0,132.0,130.0
2019-11-05,0.0,0.0,133.0,,268,0,132.0,133.0,132.0
2019-11-04,0.0,0.76,133.0,,80,0,134.0,134.0,133.0
2019-11-03,0.0,-2.94,132.0,,178,0,134.0,135.0,132.0
2019-10-31,0.0,0.0,136.0,,173,0,138.0,140.0,136.0
2019-10-24,0.0,-0.73,136.0,,76,0,136.0,136.0,135.0
2019-10-23,0.0,1.48,137.0,,69,0,137.0,137.0,135.0
2019-10-22,0.0,-0.74,135.0,,113,0,134.0,135.0,132.0
2019-10-21,0.0,-5.56,136.0,,464,0,146.0,148.0,132.0
2019-10-20,0.0,-2.7,144.0,,142,0,146.0,146.0,144.0
2019-10-17,0.0,1.37,148.0,,103,0,148.0,148.0,146.0
2019-10-16,0.0,0.69,146.0,,10,0,146.0,146.0,146.0
2019-10-15,0.0,0.0,145.0,,292,0,147.0,147.0,143.0
2019-10-14,0.0,5.84,145.0,,80,0,139.0,145.0,139.0
2019-10-10,0.0,1.48,137.0,,39,0,137.0,139.0,137.0
2019-10-03,0.0,0.75,135.0,,56,0,134.0,135.0,133.0
2019-10-02,0.0,0.0,134.0,,22,0,132.0,134.0,132.0
2019-10-01,0.0,1.52,134.0,,81,0,132.0,136.0,132.0
2019-09-30,0.0,0.0,132.0,,52,0,132.0,132.0,132.0
2019-09-29,0.0,0.0,132.0,,133,0,131.0,134.0,131.0
2019-09-26,0.0,-0.75,132.0,,123,0,133.0,133.0,131.0
2019-09-24,0.0,-2.9,134.0,,84,0,136.0,136.0,131.0
2019-09-23,0.0,2.22,138.0,,100,0,136.0,138.0,136.0
2019-09-22,0.0,-4.26,135.0,,114,0,139.0,139.0,133.0
2019-09-19,0.0,-0.7,141.0,,185,0,140.0,141.0,136.0
2019-09-18,0.0,2.16,142.0,,1480,0,141.0,147.0,138.0
2019-09-17,0.0,9.45,139.0,,1218,0,125.0,139.0,125.0
2019-09-16,0.0,-2.31,127.0,,620,0,128.0,129.0,127.0
2019-09-15,0.0,-1.52,130.0,,202,0,130.0,132.0,130.0
2019-09-12,0.0,-0.75,132.0,,299,0,132.0,134.0,132.0
2019-09-11,0.0,-0.75,133.0,,267,0,133.0,135.0,133.0
2019-09-10,0.0,-1.47,134.0,,1086,0,134.0,134.0,132.0
2019-09-09,0.0,-3.55,136.0,,176,0,139.0,139.0,135.0
2019-09-08,0.0,4.44,141.0,,3665,0,137.0,148.0,137.0
2019-09-05,0.0,0.0,135.0,,1704,0,134.0,138.0,134.0
2019-09-04,0.0,-0.74,135.0,,226,0,134.0,136.0,133.0
2019-09-03,0.0,0.0,136.0,,204,0,134.0,136.0,134.0
2019-09-02,0.0,0.0,136.0,,347,0,136.0,136.0,134.0
2019-09-01,0.0,-0.73,136.0,,156,0,136.0,136.0,135.0
2019-08-29,0.0,0.74,137.0,,396,0,136.0,137.0,136.0
2019-08-28,0.0,-2.86,136.0,,320,0,138.0,140.0,136.0
2019-08-27,0.0,1.45,140.0,,488,0,136.0,140.0,137.0
2019-08-26,0.0,0.73,138.0,,207,0,135.0,138.0,135.0
2019-08-25,0.0,-2.14,137.0,,176,0,138.0,138.0,136.0
2019-08-22,0.0,2.94,140.0,,207,0,136.0,141.0,136.0
2019-08-21,0.0,-0.73,136.0,,185,0,135.0,137.0,135.0
2019-08-20,0.0,-0.72,137.0,,156,0,136.0,138.0,136.0
2019-08-19,0.0,0.0,138.0,,182,0,136.0,140.0,138.0
2019-08-18,0.0,-2.82,138.0,,198,0,140.0,140.0,138.0
2019-08-15,0.0,0.0,142.0,,88,0,140.0,142.0,140.0
2019-08-14,0.0,0.0,142.0,,243,0,140.0,142.0,140.0
2019-08-13,0.0,0.71,142.0,,940,0,139.0,145.0,139.0
2019-08-12,0.0,0.0,141.0,,257,0,140.0,144.0,140.0
2019-08-11,0.0,-0.7,141.0,,187,0,140.0,144.0,140.0
2019-08-08,0.0,0.0,142.0,,339,0,140.0,143.0,140.0
2019-08-07,0.0,0.0,142.0,,131,0,140.0,143.0,139.0
2019-08-06,0.0,-1.39,142.0,,197,0,142.0,142.0,140.0
2019-08-05,0.0,-1.37,144.0,,197,0,144.0,145.0,143.0
2019-08-04,0.0,0.0,146.0,,396,0,144.0,148.0,142.0
2019-08-01,0.0,-0.68,146.0,,110,0,145.0,147.0,145.0
2019-07-31,0.0,-3.92,147.0,,663,0,152.0,156.0,147.0
2019-07-30,0.0,6.99,153.0,,2355,0,142.0,153.0,142.0
2019-07-29,0.0,-1.38,143.0,,143,0,143.0,145.0,143.0
2019-07-28,0.0,-0.68,145.0,,164,0,144.0,145.0,142.0
2019-07-25,0.0,-2.67,146.0,,121,0,150.0,150.0,146.0
2019-07-24,0.0,0.0,150.0,,1522,0,150.0,153.0,147.0
2019-07-23,0.0,4.9,150.0,,685,0,141.0,150.0,141.0
2019-07-22,0.0,0.0,143.0,,183,0,143.0,144.0,142.0
2019-07-21,0.0,-0.69,143.0,,1004,0,142.0,145.0,142.0
2019-07-18,0.0,-0.69,144.0,,409,0,144.0,145.0,144.0
2019-07-17,0.0,-2.68,145.0,,620,0,147.0,148.0,145.0
2019-07-16,0.0,2.76,149.0,,95,0,147.0,150.0,145.0
2019-07-15,0.0,2.11,145.0,,1247,0,140.0,145.0,140.0
2019-07-14,0.0,-0.7,142.0,,483,0,145.0,145.0,142.0
2019-07-11,0.0,-1.38,143.0,,112,0,143.0,145.0,143.0
2019-07-10,0.0,-3.33,145.0,,2038,0,150.0,150.0,145.0
2019-07-09,0.0,7.14,150.0,,3317,0,142.0,150.0,141.0
2019-07-08,0.0,-2.78,140.0,,82,0,142.0,142.0,140.0
2019-07-07,0.0,0.7,144.0,,227,0,143.0,148.0,143.0
2019-07-04,0.0,-2.72,143.0,,306,0,145.0,145.0,141.0
2019-07-03,0.0,0.68,147.0,,132,0,147.0,150.0,147.0
2019-07-02,0.0,2.82,146.0,,120,0,141.0,146.0,141.0
2019-07-01,0.0,-0.7,142.0,,251,0,141.0,144.0,141.0
2019-06-30,0.0,-3.38,143.0,,2578,0,147.0,148.0,143.0
2019-06-27,0.0,0.0,148.0,,161,0,146.0,149.0,146.0
2019-06-26,0.0,-2.63,148.0,,2183,0,150.0,154.0,148.0
2019-06-25,0.0,-5.59,152.0,,1128,0,161.0,161.0,152.0
2019-06-24,0.0,1.83,161.0,,343,0,155.0,161.0,152.0
2019-06-23,0.0,0.61,166.0,,1197,0,166.0,168.0,165.0
2019-06-20,0.0,0.61,165.0,,1029,0,164.0,167.0,164.0
2019-06-19,0.0,-1.8,164.0,,1153,0,170.0,170.0,164.0
2019-06-18,0.0,0.6,167.0,,195,0,164.0,170.0,166.0
2019-06-17,0.0,1.22,166.0,,358,0,162.0,166.0,162.0
2019-06-16,0.0,-1.2,164.0,,2304,0,166.0,166.0,160.0
2019-06-13,0.0,-0.6,166.0,,895,0,164.0,167.0,162.0
2019-06-12,0.0,0.6,167.0,,689,0,163.0,167.0,163.0
2019-06-11,0.0,1.22,166.0,,2035,0,164.0,173.0,164.0
2019-06-10,0.0,1.86,164.0,,874,0,160.0,166.0,160.0
2019-06-06,0.0,-1.23,161.0,,2095,0,160.0,165.0,161.0
2019-06-04,0.0,0.0,163.0,,599,0,162.0,165.0,162.0
2019-06-03,0.0,-1.81,163.0,,716,0,163.0,164.0,161.0
2019-06-02,0.0,-0.6,166.0,,245,0,164.0,167.0,163.0
2019-05-30,0.0,-3.47,167.0,,1029,0,173.0,175.0,167.0
2019-05-29,0.0,6.13,173.0,,587,0,160.0,173.0,160.0
2019-05-28,0.0,0.0,163.0,,242,0,160.0,165.0,160.0
2019-05-27,0.0,-0.61,163.0,,442,0,161.0,165.0,158.0
2019-05-26,0.0,-6.82,164.0,,510,0,176.0,176.0,162.0
2019-05-23,0.0,-3.3,176.0,,99,0,179.0,179.0,176.0
2019-05-22,0.0,4.6,182.0,,1717,0,171.0,185.0,166.0
2019-05-21,0.0,8.75,174.0,,6300,0,157.0,176.0,157.0
2019-05-20,0.0,-3.03,160.0,,763,0,162.0,163.0,158.0
2019-05-19,0.0,4.43,165.0,,1475,0,158.0,165.0,158.0
2019-05-16,0.0,1.28,158.0,,284,0,156.0,159.0,156.0
2019-05-15,0.0,-2.5,156.0,,739,0,157.0,160.0,155.0
2019-05-14,0.0,0.0,160.0,,615,0,160.0,165.0,159.0
2019-05-13,0.0,0.0,160.0,,230,0,163.0,163.0,157.0
2019-05-12,0.0,2.56,160.0,,2003,0,154.0,164.0,154.0
2019-05-09,0.0,-3.7,156.0,,1021,0,159.0,159.0,156.0
2019-05-08,0.0,-2.41,162.0,,654,0,163.0,163.0,160.0
2019-05-07,0.0,5.73,166.0,,511,0,157.0,166.0,155.0
2019-05-06,0.0,-1.87,157.0,,237,0,160.0,160.0,157.0
2019-05-05,0.0,-3.61,160.0,,438,0,163.0,163.0,154.0
2019-05-02,0.0,0.0,166.0,,403,0,163.0,166.0,160.0
2019-04-30,0.0,3.75,166.0,,286,0,157.0,166.0,155.0
2019-04-29,0.0,-7.51,160.0,,491,0,170.0,170.0,159.0
2019-04-28,0.0,4.85,173.0,,2111,0,168.0,174.0,168.0
2019-04-25,0.0,7.14,165.0,,127,0,154.0,165.0,153.0
2019-04-24,0.0,-4.94,154.0,,184,0,160.0,160.0,154.0
2019-04-23,0.0,6.58,162.0,,267,0,150.0,162.0,150.0
2019-04-22,0.0,-3.8,152.0,,3673,0,155.0,158.0,150.0
2019-04-21,0.0,-1.25,158.0,,393,0,157.0,160.0,157.0
2019-04-18,0.0,-2.44,160.0,,1598,0,162.0,165.0,160.0
2019-04-17,0.0,-1.2,164.0,,307,0,166.0,167.0,163.0
2019-04-16,0.0,1.22,166.0,,153,0,163.0,166.0,163.0
2019-04-15,0.0,-1.2,164.0,,509,0,163.0,165.0,163.0
2019-04-11,0.0,-1.19,166.0,,868,0,165.0,167.0,162.0
2019-04-10,0.0,0.0,168.0,,833,0,165.0,168.0,164.0
2019-04-09,0.0,0.6,168.0,,1359,0,168.0,174.0,165.0
2019-04-08,0.0,-4.57,167.0,,978,0,175.0,175.0,166.0
2019-04-07,0.0,1.16,175.0,,434,0,176.0,176.0,170.0
2019-04-04,0.0,2.98,173.0,,552,0,165.0,173.0,165.0
2019-04-03,0.0,-1.18,168.0,,210,0,167.0,168.0,165.0
2019-04-02,0.0,3.66,170.0,,687,0,163.0,170.0,163.0
2019-04-01,0.0,-2.38,164.0,,352,0,166.0,168.0,163.0
2019-03-31,0.0,-5.62,168.0,,509,0,175.0,175.0,168.0
2019-03-28,0.0,3.49,178.0,,485,0,169.0,178.0,167.0
2019-03-27,0.0,2.99,172.0,,431,0,167.0,172.0,164.0
2019-03-26,0.0,-1.18,167.0,,631,0,168.0,168.0,165.0
2019-03-25,0.0,-2.31,169.0,,244,0,170.0,170.0,167.0
2019-03-24,0.0,1.76,173.0,,427,0,167.0,173.0,164.0
2019-03-21,0.0,-0.58,170.0,,320,0,168.0,172.0,168.0
2019-03-19,0.0,-1.72,171.0,,100,0,171.0,171.0,171.0
2019-03-18,0.0,-2.79,174.0,,687,0,176.0,176.0,173.0
2019-03-17,0.0,7.83,179.0,,151,0,169.0,179.0,166.0
2019-03-14,0.0,-1.78,166.0,,114,0,169.0,169.0,163.0
2019-03-13,0.0,-2.82,172.0,,510,0,174.0,177.0,172.0
2019-03-12,0.0,3.57,174.0,,394,0,168.0,177.0,168.0
2019-03-11,0.0,0.0,168.0,,213,0,165.0,170.0,161.0
2019-03-10,0.0,-0.58,170.0,,204,0,168.0,174.0,168.0
2019-03-09,0.0,-0.58,170.0,,204,0,168.0,174.0,168.0
2019-03-07,0.0,8.92,171.0,,1732,0,160.0,171.0,157.0
2019-03-06,0.0,-0.63,157.0,,664,0,155.0,158.0,154.0
2019-03-05,0.0,0.64,158.0,,1730,0,154.0,160.0,152.0
2019-03-03,0.0,-0.63,157.0,,253,0,155.0,158.0,155.0
2019-02-27,0.0,0.64,158.0,,544,0,160.0,166.0,157.0
2019-02-26,0.0,-1.87,157.0,,731,0,163.0,169.0,157.0
2019-02-25,0.0,2.56,160.0,,372,0,153.0,160.0,151.0
2019-02-24,0.0,1.96,156.0,,388,0,151.0,156.0,151.0
2019-02-21,0.0,-1.29,153.0,,417,0,153.0,155.0,153.0
2019-02-20,0.0,-0.64,155.0,,78,0,155.0,156.0,154.0
2019-02-19,0.0,1.96,156.0,,186,0,151.0,156.0,151.0
2019-02-18,0.0,1.32,153.0,,397,0,151.0,155.0,151.0
2019-02-17,0.0,-1.31,151.0,,203,0,153.0,155.0,151.0
2019-02-14,0.0,-1.29,153.0,,915,0,152.0,157.0,152.0
2019-02-13,0.0,-0.64,155.0,,849,0,156.0,157.0,154.0
2019-02-12,0.0,-3.11,156.0,,182,0,161.0,161.0,156.0
2019-02-11,0.0,0.62,161.0,,407,0,157.0,161.0,157.0
2019-02-10,0.0,0.0,160.0,,792,0,157.0,160.0,156.0
2019-02-07,0.0,-0.62,160.0,,364,0,158.0,161.0,152.0
2019-02-06,0.0,-3.59,161.0,,308,0,164.0,167.0,161.0
2019-02-05,0.0,5.7,167.0,,436,0,155.0,167.0,155.0
2019-02-04,0.0,-2.47,158.0,,1065,0,159.0,162.0,155.0
2019-02-03,0.0,-1.22,162.0,,799,0,161.0,164.0,161.0
2019-01-31,0.0,0.61,164.0,,232,0,163.0,164.0,161.0
2019-01-30,0.0,0.0,163.0,,340,0,163.0,165.0,160.0
2019-01-29,0.0,-0.61,163.0,,297,0,164.0,165.0,161.0
2019-01-28,0.0,0.0,164.0,,561,0,164.0,166.0,163.0
2019-01-27,0.0,-0.61,164.0,,812,0,165.0,167.0,163.0
2019-01-24,0.0,0.0,165.0,,691,0,165.0,166.0,163.0
2019-01-23,0.0,-0.6,165.0,,1083,0,166.0,168.0,163.0
2019-01-22,0.0,1.22,166.0,,550,0,164.0,168.0,163.0
2019-01-21,0.0,-1.8,164.0,,661,0,167.0,168.0,164.0
2019-01-20,0.0,-1.76,167.0,,75,0,170.0,170.0,167.0
2019-01-17,0.0,0.0,170.0,,420,0,170.0,173.0,168.0
2019-01-16,0.0,2.41,170.0,,921,0,166.0,172.0,166.0
2019-01-15,0.0,1.22,166.0,,398,0,164.0,169.0,164.0
2019-01-14,0.0,0.61,164.0,,164,0,163.0,167.0,163.0
2019-01-13,0.0,-1.21,163.0,,130,0,165.0,165.0,160.0
2019-01-10,0.0,-1.2,165.0,,77,0,167.0,168.0,164.0
2019-01-09,0.0,0.6,167.0,,199,0,166.0,167.0,164.0
2019-01-08,0.0,0.61,166.0,,232,0,165.0,166.0,159.0
2019-01-07,0.0,1.85,165.0,,34,0,162.0,165.0,162.0
2019-01-06,0.0,-1.82,162.0,,143,0,165.0,165.0,162.0
2019-01-03,0.0,1.85,165.0,,165,0,162.0,167.0,162.0
2019-01-02,0.0,-1.22,162.0,,209,0,164.0,164.0,161.0
2019-01-01,0.0,-2.38,164.0,,132,0,168.0,168.0,164.0
2018-12-31,0.0,-4.0,168.0,,1510,0,175.0,175.0,166.0
2018-12-30,0.0,-1.69,175.0,,1575,0,178.0,178.0,170.0
2018-12-27,0.0,2.89,178.0,,88,0,173.0,178.0,170.0
2018-12-26,0.0,2.37,173.0,,453,0,169.0,173.0,167.0
2018-12-25,0.0,1.81,169.0,,1321,0,166.0,169.0,164.0
2018-12-24,0.0,-1.19,166.0,,171,0,168.0,168.0,165.0
2018-12-23,0.0,0.0,168.0,,141,0,168.0,168.0,166.0
2018-12-20,0.0,-0.59,168.0,,88,0,169.0,170.0,162.0
2018-12-19,0.0,0.6,169.0,,2721,0,168.0,172.0,166.0
2018-12-18,0.0,0.0,168.0,,77,0,168.0,168.0,168.0
2018-12-17,0.0,1.82,168.0,,55,0,165.0,168.0,165.0
2018-12-16,0.0,0.0,165.0,,693,0,165.0,173.0,165.0
2018-12-13,0.0,3.12,165.0,,2147,0,160.0,166.0,157.0
2018-12-12,0.0,-1.23,160.0,,43,0,162.0,162.0,159.0
2018-12-11,0.0,2.53,162.0,,1698,0,158.0,165.0,158.0
2018-12-10,0.0,1.28,158.0,,165,0,156.0,159.0,156.0
2018-12-09,0.0,-0.64,156.0,,573,0,157.0,159.0,154.0
2018-12-06,0.0,-3.09,157.0,,5895,0,162.0,165.0,157.0
2018-12-04,0.0,3.57,174.0,,1376,0,168.0,174.0,166.0
2018-12-03,0.0,2.44,168.0,,614,0,164.0,169.0,161.0
2018-12-02,0.0,-1.8,164.0,,1020,0,167.0,169.0,164.0
2018-11-29,0.0,0.6,167.0,,866,0,166.0,170.0,164.0
2018-11-28,0.0,0.61,166.0,,176,0,165.0,168.0,163.0
2018-11-27,0.0,0.0,165.0,,263,0,165.0,166.0,163.0
2018-11-26,0.0,-1.2,165.0,,249,0,167.0,167.0,165.0
2018-11-25,0.0,1.21,167.0,,1534,0,165.0,167.0,162.0
2018-11-22,0.0,-1.79,165.0,,217,0,168.0,170.0,162.0
2018-11-21,0.0,0.0,168.0,,294,0,168.0,171.0,163.0
2018-11-20,0.0,-0.59,168.0,,182,0,169.0,170.0,167.0
2018-11-19,0.0,-1.17,169.0,,296,0,171.0,171.0,168.0
2018-11-18,0.0,-5.52,171.0,,170,0,181.0,181.0,167.0
2018-11-15,0.0,0.56,181.0,,349,0,180.0,183.0,180.0
2018-11-14,0.0,0.0,180.0,,376,0,180.0,183.0,178.0
2018-11-05,0.0,2.78,185.0,,354,0,178.0,185.0,178.0
2018-11-04,0.0,0.0,180.0,,98,0,177.0,182.0,177.0
2018-11-01,0.0,0.0,180.0,,76,0,177.0,180.0,176.0
2018-10-31,0.0,0.56,180.0,,535,0,179.0,181.0,178.0
2018-10-30,0.0,0.56,179.0,,484,0,176.0,180.0,176.0
2018-10-29,0.0,-2.73,178.0,,340,0,181.0,183.0,178.0
2018-10-28,0.0,-1.08,183.0,,504,0,183.0,186.0,182.0
2018-10-25,0.0,0.0,185.0,,123,0,185.0,185.0,183.0
2018-10-24,0.0,-1.6,185.0,,397,0,185.0,187.0,184.0
2018-10-23,0.0,-0.53,188.0,,323,0,186.0,189.0,184.0
2018-10-22,0.0,-0.53,189.0,,1455,0,188.0,193.0,188.0
2018-10-21,0.0,-3.06,190.0,,599,0,194.0,194.0,190.0
2018-10-15,0.0,0.51,196.0,,208,0,198.0,205.0,196.0
2018-10-14,0.0,-1.52,195.0,,240,0,196.0,196.0,195.0
2018-10-11,0.0,0.0,198.0,,242,0,195.0,198.0,194.0
2018-10-10,0.0,-0.5,198.0,,339,0,196.0,199.0,196.0
2018-10-09,0.0,-0.99,199.0,,611,0,204.0,210.0,198.0
2018-10-08,0.0,-0.99,201.0,,560,0,205.0,205.0,200.0
2018-10-07,0.0,-1.93,202.0,,634,0,204.0,204.0,200.0
2018-10-04,0.0,-1.9,207.0,,611,0,207.0,208.0,205.0
2018-10-03,0.0,-0.94,211.0,,255,0,213.0,213.0,209.0
2018-10-02,0.0,-0.47,213.0,,502,0,210.0,213.0,210.0
2018-10-01,0.0,0.94,214.0,,371,0,208.0,214.0,208.0
2018-09-30,0.0,-1.4,212.0,,512,0,212.0,212.0,207.0
2018-09-27,0.0,-0.46,215.0,,302,0,212.0,215.0,212.0
2018-09-26,0.0,-0.92,216.0,,253,0,215.0,216.0,211.0
2018-09-25,0.0,-1.8,218.0,,183,0,218.0,218.0,218.0
2018-09-23,0.0,0.91,222.0,,1514,0,216.0,222.0,212.0
2018-09-20,0.0,-1.79,220.0,,260,0,220.0,220.0,214.0
2018-09-18,0.0,2.28,224.0,,300,0,215.0,224.0,215.0
2018-09-17,0.0,-0.45,219.0,,190,0,216.0,219.0,216.0
2018-09-16,0.0,2.33,220.0,,220,0,212.0,224.0,212.0
2018-09-13,0.0,-0.46,215.0,,130,0,213.0,217.0,213.0
2018-09-12,0.0,-1.37,216.0,,70,0,216.0,220.0,216.0
2018-09-11,0.0,-1.79,219.0,,960,0,220.0,225.0,218.0
2018-09-10,0.0,0.0,222.0,,110,0,219.0,223.0,219.0
2018-09-09,0.0,-2.19,223.0,,370,0,228.0,229.0,221.0
2018-09-06,0.0,0.44,227.0,,380,0,231.0,231.0,221.0
2018-09-05,0.0,3.18,227.0,,380,0,217.0,227.0,217.0
2018-09-04,0.0,-0.45,220.0,,160,0,217.0,221.0,217.0
2018-09-03,0.0,-1.34,221.0,,110,0,220.0,221.0,218.0
2018-09-02,0.0,3.23,224.0,,200,0,216.0,224.0,216.0
2018-08-30,0.0,-1.36,217.0,,240,0,217.0,221.0,217.0
2018-08-29,0.0,0.0,220.0,,1010,0,216.0,220.0,216.0
2018-08-28,0.0,-2.22,220.0,,130,0,221.0,221.0,217.0
2018-08-26,0.0,0.45,225.0,,380,0,220.0,225.0,217.0
2018-08-23,0.0,1.82,224.0,,350,0,217.0,224.0,217.0
2018-08-22,0.0,-0.45,220.0,,170,0,217.0,220.0,217.0
2018-08-21,0.0,0.0,221.0,,630,0,218.0,225.0,214.0
2018-08-20,0.0,0.45,221.0,,180,0,218.0,222.0,217.0
2018-08-19,0.0,-1.35,220.0,,200,0,219.0,223.0,219.0
2018-08-16,0.0,-1.33,223.0,,568,0,222.0,225.0,221.0
2018-08-15,0.0,1.8,223.0,,190,0,222.0,226.0,219.0
2018-08-14,0.0,0.45,222.0,,310,0,220.0,224.0,220.0
2018-08-13,0.0,0.45,221.0,,200,0,220.0,224.0,217.0
2018-08-12,0.0,0.0,220.0,,200,0,217.0,220.0,217.0
2018-08-09,0.0,-0.9,220.0,,1490,0,222.0,224.0,219.0
2018-08-08,0.0,-0.89,222.0,,200,0,220.0,224.0,220.0
2018-08-07,0.0,-2.61,224.0,,400,0,231.0,231.0,224.0
2018-08-06,0.0,2.68,230.0,,1650,0,227.0,230.0,224.0
2018-08-05,0.0,0.0,224.0,,190,0,225.0,226.0,223.0
2018-08-02,0.0,-2.61,224.0,,280,0,231.0,232.0,224.0
2018-08-01,0.0,-1.29,230.0,,210,0,229.0,233.0,225.0
2018-07-31,0.0,0.43,233.0,,1320,0,229.0,233.0,229.0
2018-07-30,0.0,-0.85,232.0,,530,0,230.0,234.0,229.0
2018-07-29,0.0,1.74,234.0,,180,0,226.0,234.0,226.0
2018-07-26,0.0,0.88,230.0,,380,0,228.0,230.0,228.0
2018-07-25,0.0,0.0,228.0,,709,0,225.0,234.0,225.0
2018-07-24,0.0,-1.72,228.0,,726,0,232.0,232.0,226.0
2018-07-23,0.0,0.0,232.0,,840,0,230.0,236.0,227.0
2018-07-22,0.0,4.04,232.0,,550,0,220.0,232.0,220.0
2018-07-19,0.0,0.0,223.0,,350,0,222.0,223.0,220.0
2018-07-18,0.0,1.36,223.0,,240,0,220.0,223.0,218.0
2018-07-17,0.0,0.0,218.0,,234,0,218.0,221.0,218.0
2018-07-16,0.0,0.0,220.0,,260,0,220.0,222.0,218.0
2018-07-15,0.0,0.46,220.0,,690,0,215.0,222.0,213.0
2018-07-12,0.0,-5.6,219.0,,3970,0,236.0,236.0,215.0
2018-07-11,0.0,3.11,232.0,,300,0,225.0,232.0,222.0
2018-07-10,0.0,-2.17,225.0,,1060,0,230.0,230.0,220.0
2018-07-09,0.0,-0.43,230.0,,240,0,229.0,230.0,222.0
2018-07-08,0.0,0.0,231.0,,2710,0,235.0,243.0,227.0
2018-07-05,0.0,6.45,231.0,,420,0,219.0,231.0,219.0
2018-07-04,0.0,0.0,217.0,,230,0,215.0,218.0,211.0
2018-07-03,0.0,-0.46,217.0,,340,0,222.0,222.0,214.0
2018-07-02,0.0,-2.61,224.0,,280,0,231.0,232.0,224.0
2018-07-01,0.0,0.0,225.0,,410,0,221.0,226.0,217.0
2018-06-28,0.0,0.9,225.0,,410,0,225.0,227.0,225.0
2018-06-27,0.0,-0.45,223.0,,167,0,220.0,224.0,220.0
2018-06-26,0.0,-0.88,225.0,,3310,0,226.0,228.0,222.0
2018-06-25,0.0,-0.88,226.0,,3021,0,225.0,230.0,221.0
2018-06-24,0.0,-1.72,228.0,,940,0,228.0,232.0,220.0
2018-06-21,0.0,-3.33,232.0,,510,0,236.0,236.0,230.0
2018-06-20,0.0,-4.0,240.0,,630,0,246.0,246.0,237.0
2018-06-19,0.0,-4.58,250.0,,1830,0,262.0,257.0,243.0
2018-06-18,0.0,-9.72,288.0,,8600,0,313.0,313.0,288.0
2018-06-17,0.0,10.0,319.0,,17041,0,288.0,319.0,287.0
2018-06-14,0.0,9.85,290.0,,11583,0,268.0,290.0,262.0
2018-06-13,0.0,9.54,264.0,,7795,0,238.0,265.0,231.0
2018-06-12,0.0,7.11,241.0,,6212,0,225.0,241.0,222.0
2018-06-11,0.0,0.45,225.0,,1040,0,221.0,226.0,220.0
2018-06-10,0.0,-1.75,224.0,,2600,0,224.0,228.0,224.0
2018-06-07,0.0,0.0,228.0,,2640,0,228.0,233.0,224.0
2018-06-06,0.0,0.0,228.0,,2640,0,228.0,233.0,224.0
2018-06-04,0.0,-0.44,224.0,,780,0,221.0,226.0,221.0
2018-06-03,0.0,-2.17,225.0,,2715,0,230.0,230.0,224.0
2018-05-31,0.0,-2.13,231.0,,1080,0,238.0,238.0,225.0
2018-05-30,0.0,0.86,235.0,,1512,0,229.0,235.0,228.0
2018-05-29,0.0,0.0,233.0,,1910,0,229.0,236.0,229.0
2018-05-28,0.0,1.3,233.0,,1020,0,230.0,237.0,223.0
2018-05-27,0.0,-1.29,230.0,,3288,0,230.0,231.0,222.0
2018-05-24,0.0,2.64,233.0,,3990,0,227.0,233.0,225.0
2018-05-23,0.0,-2.16,227.0,,1720,0,228.0,238.0,226.0
2018-05-22,0.0,-0.85,232.0,,1120,0,238.0,238.0,230.0
2018-05-21,0.0,0.0,234.0,,5050,0,235.0,243.0,230.0
2018-05-20,0.0,2.18,234.0,,3590,0,233.0,235.0,225.0
2018-05-17,0.0,3.62,229.0,,8242,0,221.0,233.0,220.0
2018-05-16,0.0,3.76,221.0,,3720,0,215.0,224.0,215.0
2018-05-15,0.0,2.4,213.0,,5948,0,205.0,222.0,205.0
2018-05-14,0.0,0.48,208.0,,3780,0,211.0,217.0,207.0
2018-05-10,0.0,-0.96,207.0,,2990,0,209.0,210.0,207.0
2018-05-09,0.0,0.0,209.0,,4020,0,209.0,214.0,205.0
2018-05-08,0.0,-1.42,209.0,,2105,0,213.0,214.0,208.0
2018-05-07,0.0,-1.4,212.0,,2940,0,218.0,222.0,210.0
2018-05-06,0.0,3.86,215.0,,5045,0,206.0,218.0,203.0
2018-05-03,0.0,-1.43,207.0,,1380,0,214.0,214.0,205.0
2018-05-02,0.0,3.45,210.0,,6655,0,203.0,210.0,200.0
2018-04-29,0.0,0.0,203.0,,4020,0,199.0,207.0,199.0
2018-04-26,0.0,-2.4,203.0,,1230,0,204.0,205.0,203.0
2018-04-25,0.0,-2.35,208.0,,560,0,217.0,217.0,201.0
2018-04-24,0.0,1.91,213.0,,2230,0,209.0,215.0,201.0
2018-04-23,0.0,-6.7,209.0,,2670,0,220.0,220.0,205.0
2018-04-22,0.0,6.67,224.0,,10737,0,210.0,224.0,207.0
2018-04-19,0.0,-3.67,210.0,,6566,0,218.0,226.0,210.0
2018-04-18,0.0,9.55,218.0,,5500,0,196.0,218.0,196.0
2018-04-17,0.0,0.51,199.0,,1635,0,198.0,204.0,196.0
2018-04-16,0.0,-3.41,198.0,,5310,0,201.0,212.0,196.0
2018-04-15,0.0,4.59,205.0,,2980,0,196.0,205.0,194.0
2018-04-12,0.0,-1.51,196.0,,6020,0,200.0,202.0,191.0
2018-04-11,0.0,-4.33,199.0,,1560,0,210.0,210.0,195.0
2018-04-10,0.0,4.0,208.0,,2540,0,196.0,208.0,190.0
2018-04-09,0.0,1.52,200.0,,3250,0,195.0,200.0,192.0
2018-04-08,0.0,-3.43,197.0,,4070,0,208.0,208.0,191.0
2018-04-05,0.0,5.15,204.0,,3630,0,194.0,204.0,186.0
2018-04-04,0.0,3.19,194.0,,850,0,190.0,194.0,184.0
2018-04-03,0.0,0.0,188.0,,2090,0,185.0,194.0,182.0
2018-04-02,0.0,-4.08,187.0,,6180,0,199.0,200.0,183.0
2018-04-01,0.0,-4.39,197.0,,21750,0,209.0,225.0,187.0
2018-03-29,0.0,9.63,205.0,,3190,0,190.0,205.0,190.0
2018-03-28,0.0,10.0,187.0,,1120,0,173.0,187.0,173.0
2018-03-27,0.0,9.68,170.0,,2710,0,158.0,170.0,158.0
2018-03-26,0.0,0.0,155.0,,3860,0,141.0,155.0,139.0
