DATE,CHANGE,CHANGE %,CLOSE,TURNOVER,VOLUME,TRADE,OPEN,HIGH,LOW
2026-05-08,10.4,1.58,668.0,9.85,1488,30,676.9,676.9,655.0
2026-05-07,5.6,0.86,657.6,44.69,6834,54,645.1,661.0,645.1
2026-05-06,0.9,0.14,652.0,15.65,2395,47,651.1,660.0,651.1
2026-05-05,0.0,0.0,651.1,28.52,4376,51,647.0,656.8,640.0
2026-05-04,-13.9,-2.09,651.1,42.49,6457,57,665.0,665.0,651.0
2026-04-30,2.0,0.3,665.0,33.23,4978,50,664.0,679.0,660.0
2026-04-29,-9.2,-1.37,663.0,23.97,3608,43,672.2,672.2,660.1
2026-04-28,-7.5,-1.1,672.2,41.32,6138,53,679.7,680.0,671.5
2026-04-27,5.7,0.85,679.7,22.02,3258,48,674.0,679.9,670.2
2026-04-24,2.0,0.3,674.0,27.28,4041,28,672.0,685.0,668.0
2026-04-23,-3.0,-0.44,672.0,30.88,4594,39,675.0,685.0,667.2
2026-04-22,-9.9,-1.45,675.0,52.04,7704,70,691.9,691.9,670.0
2026-04-21,-8.0,-1.15,684.9,56.11,8194,52,712.0,712.0,683.0
2026-04-20,4.9,0.71,692.9,76.18,11218,64,671.0,697.0,671.0
2026-04-17,-12.0,-1.71,688.0,77.51,11325,113,689.0,690.0,675.5
2026-04-16,-13.0,-1.82,700.0,72.47,10367,82,719.0,719.0,691.0
2026-04-15,11.0,1.57,713.0,,17804,115,700.0,715.0,700.0
2026-04-13,-1.1,-0.16,702.0,63.79,9170,93,705.0,705.0,690.0
2026-04-10,-1.9,-0.27,703.1,54.37,7725,79,717.0,717.0,695.0
2026-04-09,3.0,0.43,705.0,,14519,145,710.0,714.0,700.2
2026-04-08,17.0,2.48,702.0,,21744,135,680.0,707.0,678.0
2026-04-07,-8.0,-1.15,685.0,85.51,12369,72,706.7,706.7,685.0
2026-04-06,21.0,3.12,693.0,,17149,123,680.0,699.0,680.0
2026-04-05,-24.0,-3.45,672.0,,45735,193,683.0,687.0,672.0
2026-04-02,-13.0,-1.83,696.0,,23222,146,696.1,714.0,690.0
2026-04-01,-19.5,-2.68,709.0,,43447,195,717.5,729.0,701.0
2026-03-31,5.5,0.76,728.5,,28981,210,723.0,735.0,707.0
2026-03-30,-5.9,-0.81,723.0,,58607,360,728.9,740.0,718.0
2026-03-29,-1.1,-0.15,728.9,,63151,298,732.0,739.9,716.0
2026-03-26,4.0,0.55,730.0,,46327,209,734.0,735.0,697.7
2026-03-25,-9.0,-1.22,726.0,,75711,311,735.0,735.0,696.8
2026-03-24,-12.5,-1.67,735.0,,31791,259,747.5,750.0,733.0
2026-03-23,13.6,1.85,747.5,,72131,573,740.1,763.0,740.0
2026-03-22,46.9,6.83,733.9,,106345,647,696.0,741.5,690.0
2026-03-19,17.0,2.54,687.0,,36401,227,668.0,688.5,668.0
2026-03-17,-4.0,-0.59,670.0,71.82,10680,85,669.0,675.0,669.0
2026-03-16,-9.0,-1.32,674.0,,18633,91,673.1,682.0,671.2
2026-03-15,3.1,0.46,683.0,78.7,11614,90,666.4,691.5,666.4
2026-03-12,4.6,0.68,679.9,,25126,161,666.0,724.0,662.0
2026-03-11,-13.7,-1.99,675.3,93.8,13826,120,675.3,692.0,670.1
2026-03-10,-21.0,-2.96,689.0,,57251,281,724.2,724.2,680.0
2026-03-09,40.0,5.97,710.0,,50,5,683.4,710.0,683.4
2026-03-03,11.1,1.68,670.0,,18352,92,650.1,672.0,650.1
2026-03-01,17.8,2.78,658.9,67.81,10373,82,628.3,672.0,628.3
2026-02-26,-9.9,-1.52,641.1,34.29,5299,46,664.0,664.0,641.0
2026-02-25,0.0,0.0,651.0,14.17,2196,39,655.0,655.0,641.0
2026-02-24,15.9,2.5,651.0,59.07,9202,78,635.1,651.0,628.8
2026-02-23,0.7,0.11,635.1,23.93,3761,42,634.4,645.0,634.4
2026-02-22,-6.6,-1.03,634.4,54.86,8638,83,653.0,653.0,630.0
2026-02-17,-10.0,-1.54,641.0,,18647,110,659.0,659.0,641.0
2026-02-16,-3.1,-0.47,651.0,69.76,10664,85,665.0,665.0,651.0
2026-02-12,-1.9,-0.29,654.1,94.89,14480,103,650.2,660.0,650.2
2026-02-11,2.0,0.31,656.0,,31844,81,667.0,667.0,652.0
2026-02-10,-4.0,-0.61,654.0,,28859,84,651.0,660.5,650.0
2026-02-09,-4.0,-0.6,658.0,88.53,13445,71,662.0,667.0,656.1
2026-02-08,-8.5,-1.27,662.0,,27676,141,671.0,680.0,662.0
2026-02-05,8.5,1.28,670.5,,16369,119,665.0,674.0,652.1
2026-02-04,8.9,1.36,662.0,75.72,11464,69,660.0,666.0,656.5
2026-02-03,-8.4,-1.27,653.1,,24480,109,652.1,660.0,652.0
2026-02-02,4.5,0.68,661.5,65.32,9983,85,668.8,668.8,651.3
2026-02-01,-0.9,-0.14,657.0,,15761,88,646.1,662.0,646.1
2026-01-29,1.5,0.23,657.9,,28029,129,650.1,664.0,650.1
2026-01-28,-0.6,-0.09,656.4,,19513,148,643.9,672.0,643.9
2026-01-27,-19.0,-2.81,657.0,,49033,259,685.0,685.0,645.9
2026-01-26,-13.0,-1.89,676.0,,40007,254,690.0,695.0,665.2
2026-01-25,24.0,3.61,689.0,,47011,322,666.0,700.7,666.0
2026-01-22,10.0,1.53,665.0,,47006,274,650.0,675.0,650.0
2026-01-21,3.1,0.48,655.0,,40590,198,662.0,664.9,645.2
2026-01-20,6.9,1.07,651.9,,50111,273,645.0,665.0,642.3
2026-01-18,5.1,0.8,645.0,,15687,123,643.0,650.0,635.0
2026-01-14,4.9,0.77,639.9,47.66,7484,99,626.0,698.5,626.0
2026-01-13,0.0,0.0,635.0,69.07,10951,94,640.0,645.9,628.2
2026-01-12,-7.0,-1.09,635.0,50.24,7937,74,633.1,641.0,631.3
2026-01-08,2.0,0.31,642.0,92.89,14461,103,633.0,650.0,633.0
2026-01-07,2.1,0.33,640.0,64.44,10090,82,628.2,645.2,628.2
2026-01-06,-1.9,-0.3,637.9,,17306,123,635.0,649.0,630.0
2026-01-05,7.3,1.15,639.8,,19280,136,632.7,643.0,627.2
2026-01-04,-10.5,-1.63,632.5,46.91,7405,88,630.2,649.9,578.7
2026-01-01,3.1,0.48,643.0,81.66,12911,97,630.0,643.0,630.0
2025-12-31,0.2,0.03,639.9,61.81,9739,63,627.0,652.0,627.0
2025-12-29,-2.3,-0.36,639.7,79.82,12445,71,631.0,665.0,631.0
2025-12-28,8.0,1.26,642.0,39.59,6208,63,646.0,646.0,626.2
2025-12-24,6.3,1.0,634.0,45.48,7238,48,617.0,634.0,617.0
2025-12-23,-2.2,-0.35,627.7,67.37,10742,77,620.1,642.4,620.1
2025-12-22,-4.1,-0.65,629.9,23.83,3795,59,626.0,646.5,625.3
2025-12-21,-13.8,-2.13,634.0,50.88,7961,88,635.0,652.0,633.2
2025-12-18,-13.2,-2.0,647.8,93.9,14456,118,655.0,668.0,640.0
2025-12-17,17.0,2.64,661.0,,41769,210,632.0,664.0,632.0
2025-12-16,21.0,3.37,644.0,46.91,7389,80,620.0,644.0,620.0
2025-12-15,-5.0,-0.8,623.0,62.33,10005,74,620.0,637.0,620.0
2025-12-14,0.0,0.0,628.0,36.34,5826,69,639.9,639.9,618.0
2025-12-11,-6.0,-0.95,628.0,,19822,121,628.0,652.6,622.0
2025-12-10,-0.8,-0.13,634.0,72.38,11570,112,643.0,643.0,615.0
2025-12-09,2.9,0.46,634.8,72.61,11481,84,644.0,644.0,627.0
2025-12-08,-3.0,-0.47,631.9,78.03,12310,101,647.1,660.0,623.2
2025-12-07,-13.1,-2.02,634.9,58.91,9270,103,645.0,645.0,630.0
2025-12-03,-11.0,-1.67,648.0,73.61,11298,97,650.0,670.0,641.1
2025-12-02,-0.9,-0.14,659.0,42.94,6532,65,659.8,668.5,651.0
2025-12-01,1.9,0.29,659.9,81.04,12283,103,655.0,665.0,650.1
2025-11-30,-21.9,-3.22,658.0,,26104,197,666.5,683.0,653.2
2025-11-27,19.9,3.02,679.9,,38330,279,660.0,685.0,660.0
2025-11-26,10.0,1.54,660.0,,54476,142,642.0,668.0,641.0
2025-11-25,-8.0,-1.22,650.0,80.69,12414,98,660.0,660.0,645.1
2025-11-24,15.1,2.35,658.0,,25375,193,655.7,659.5,629.8
2025-11-23,29.0,4.72,642.9,,30310,239,625.0,645.0,615.3
2025-11-20,2.5,0.41,613.9,62.84,10302,91,610.0,615.0,600.0
2025-11-19,0.4,0.07,611.4,11.18,1842,45,598.8,620.0,598.8
2025-11-18,3.0,0.49,611.0,44.74,7279,74,619.0,620.0,611.0
2025-11-17,5.3,0.88,608.0,40.97,6761,48,601.1,609.0,601.1
2025-11-16,-4.3,-0.71,602.7,86.94,14595,93,608.2,611.0,589.2
2025-11-13,1.0,0.17,607.0,62.89,10365,71,617.8,617.8,600.0
2025-11-12,-13.9,-2.24,606.0,47.85,7823,75,632.0,632.0,606.0
2025-11-11,-3.0,-0.48,619.9,50.74,8261,70,620.0,625.0,611.0
2025-11-10,5.5,0.89,622.9,54.29,8752,78,613.1,629.0,613.1
2025-11-09,-16.1,-2.54,617.4,43.05,6957,83,633.5,633.5,615.0
2025-11-06,4.4,0.7,633.5,52.29,8234,76,640.0,645.0,628.0
2025-11-05,-1.0,-0.16,629.1,30.61,4880,60,639.0,639.0,623.0
2025-11-04,-10.9,-1.7,630.1,,16594,109,641.0,641.0,630.0
2025-11-03,-18.0,-2.73,641.0,,16476,141,659.0,659.0,637.0
2025-11-02,9.0,1.38,659.0,,15876,130,650.0,672.0,650.0
2025-10-30,20.0,3.17,650.0,,28510,166,635.0,655.9,621.0
2025-10-29,-8.0,-1.25,630.0,59.1,9290,116,645.0,649.7,626.0
2025-10-28,43.0,7.23,638.0,78.8,12596,152,606.0,648.0,595.0
2025-10-26,-2.0,-0.34,595.0,20.08,3386,44,596.0,596.0,586.0
2025-10-19,0.5,0.08,597.0,28.82,4810,50,600.0,604.7,593.0
2025-10-16,-1.5,-0.25,596.5,20.61,3461,55,596.0,602.0,590.0
2025-10-15,-5.0,-0.83,598.0,49.98,8302,79,615.0,627.0,598.0
2025-10-14,-7.0,-1.15,603.0,55.84,9235,65,615.0,615.0,602.7
2025-10-13,5.0,0.83,610.0,63.78,10434,82,605.1,621.0,600.0
2025-10-12,-29.0,-4.57,605.0,48.58,7958,114,622.0,629.0,602.4
2025-10-09,20.0,3.26,634.0,,16595,153,626.2,651.0,620.0
2025-10-08,-15.0,-2.38,614.0,94.8,15532,155,625.0,625.0,601.0
2025-10-07,-20.0,-3.08,629.0,,16174,157,648.0,648.0,622.0
2025-09-28,-10.9,-1.65,649.0,,16766,178,660.0,660.0,637.4
2025-09-25,-10.1,-1.51,659.9,,15547,123,660.0,665.0,652.0
2025-09-24,-13.0,-1.9,670.0,,19368,119,670.0,685.0,660.0
2025-09-23,27.53,4.2,683.0,,35831,162,650.0,683.0,650.0
2025-09-21,22.47,3.55,655.47,,28227,179,625.0,671.0,625.0
2025-09-18,-38.72,-5.76,633.0,7.54,1181,13,658.3,659.0,633.0
2025-09-08,-12.08,-1.77,671.72,54.72,8127,82,673.3,680.0,670.0
2025-09-07,2.62,0.38,683.8,57.63,8442,66,667.9,687.7,667.9
2025-09-04,5.59,0.83,681.18,,20635,97,676.0,684.0,673.2
2025-09-03,-1.9,-0.28,675.59,42.26,6242,76,675.0,684.0,675.0
2025-09-02,-3.58,-0.53,677.49,54.9,8087,92,690.0,690.0,676.0
2025-09-01,2.68,0.4,681.07,57.83,8518,85,678.39,686.0,673.0
2025-08-31,-11.49,-1.67,678.39,83.43,12241,139,689.88,689.88,676.1
2025-08-28,-18.74,-2.64,689.88,,24325,225,700.1,709.0,688.0
2025-08-27,16.26,2.35,708.62,,20265,185,687.1,710.0,687.0
2025-08-26,-3.77,-0.54,692.36,,15856,120,696.13,703.0,691.1
2025-08-25,14.44,2.12,696.13,,24006,265,695.3,720.0,690.0
2025-08-24,-4.61,-0.67,681.69,74.98,10964,111,681.0,690.0,681.0
2025-08-21,-5.54,-0.8,686.3,74.22,10783,125,689.1,694.0,685.1
2025-08-20,0.32,0.05,691.84,70.41,10176,113,692.0,699.0,688.0
2025-08-19,1.76,0.26,691.52,63.05,9058,104,690.1,702.0,690.1
2025-08-18,0.05,0.01,689.76,,14557,145,699.0,700.0,686.1
2025-08-17,-11.22,-1.6,689.71,,23832,179,696.0,704.0,686.0
2025-08-14,-0.66,-0.09,700.93,,21177,197,715.0,715.0,698.0
2025-08-13,-6.84,-0.97,701.59,,21650,219,710.0,715.0,701.1
2025-08-12,-22.48,-3.08,708.43,,33616,277,735.0,735.0,703.0
2025-08-11,-14.77,-1.98,730.91,,34369,246,759.0,759.9,728.0
2025-08-07,2.02,0.27,745.68,,25483,204,750.0,750.0,739.2
2025-08-06,-2.71,-0.36,743.66,,33189,259,761.0,761.0,740.0
2025-08-05,-2.3,-0.31,746.37,,50683,456,750.0,770.0,728.0
2025-08-04,-1.69,-0.23,748.67,,47946,372,743.0,765.0,735.0
2025-08-03,-41.87,-5.29,750.36,,89462,638,790.0,790.0,749.0
2025-07-31,-13.45,-1.67,792.23,,61547,487,811.0,820.0,787.2
2025-07-30,-40.55,-4.79,805.68,,78800,614,830.0,845.0,802.0
2025-07-29,11.41,1.37,846.23,,107542,761,850.0,860.0,834.0
2025-07-28,-8.9,-1.05,834.82,,75708,671,833.0,845.0,820.5
2025-07-27,7.38,0.88,843.72,,193067,1273,853.0,880.0,840.0
2025-07-24,22.7,2.79,836.34,,213309,1144,815.0,855.0,790.0
2025-07-23,-34.8,-4.1,813.64,,166359,1106,860.0,860.0,800.0
2025-07-22,52.46,6.59,848.44,,166112,1205,780.1,860.0,780.1
2025-07-21,57.77,7.83,795.98,,237565,1401,740.0,802.0,740.0
2025-07-20,26.94,3.79,738.21,,162584,769,716.0,759.0,702.1
2025-07-17,10.08,1.44,711.27,,38563,321,709.0,715.0,697.9
2025-07-16,11.57,1.68,701.19,,22205,229,699.8,704.8,693.4
2025-07-15,9.49,1.4,689.62,83.48,12205,118,685.0,690.9,675.0
2025-07-14,-15.25,-2.19,680.13,,23980,168,687.0,690.0,675.0
2025-07-13,16.36,2.41,695.38,,43937,336,692.6,713.0,684.0
2025-07-10,14.91,2.25,679.02,,16044,168,668.0,681.0,668.0
2025-07-09,2.93,0.44,664.11,66.04,9940,72,670.0,671.0,663.0
2025-07-08,-0.83,-0.13,661.18,53.61,8077,75,674.0,674.0,660.0
2025-07-07,-7.45,-1.11,662.01,,18379,85,679.0,679.0,660.6
2025-07-06,-12.15,-1.78,669.46,,23181,166,685.0,685.0,663.0
2025-07-03,4.65,0.69,681.61,,17786,129,684.0,688.7,671.0
2025-07-02,6.53,0.97,676.96,,35343,187,671.0,688.0,668.0
2025-07-01,4.87,0.73,670.43,,19673,179,665.56,678.0,660.1
2025-06-30,2.02,0.3,665.56,,15590,114,656.0,672.9,653.0
2025-06-29,8.03,1.23,663.54,50.57,7696,64,649.0,665.0,647.0
2025-06-26,7.15,1.1,655.51,51.97,7957,103,648.36,663.0,645.1
2025-06-25,-0.2,-0.03,648.36,66.52,10161,47,660.0,660.0,646.8
2025-06-24,-4.39,-0.67,648.56,41.72,6398,76,664.0,664.0,648.0
2025-06-23,4.94,0.76,652.95,80.32,12420,102,644.0,670.0,638.0
2025-06-22,-7.34,-1.12,648.01,73.94,11428,125,653.0,653.0,642.3
2025-06-19,-7.7,-1.16,655.35,69.82,10593,108,656.0,672.0,653.0
2025-06-18,-2.17,-0.33,663.05,,18782,57,671.8,671.8,658.0
2025-06-17,3.97,0.6,665.22,,33211,199,668.9,680.0,661.1
2025-06-16,7.99,1.22,661.25,93.04,14101,105,653.26,666.3,652.1
2025-06-15,-7.59,-1.15,653.26,41.44,6331,92,660.0,665.0,651.0
2025-06-12,1.67,0.25,660.85,25.68,3887,62,669.0,669.0,656.0
2025-06-11,-12.61,-1.88,659.18,,18028,87,679.6,679.6,658.0
2025-06-10,9.25,1.4,671.79,,14843,131,674.1,728.7,660.0
2025-06-09,-4.14,-0.62,662.54,47.56,7161,74,678.3,678.3,659.2
2025-06-08,16.62,2.56,666.68,73.32,11206,118,650.06,671.5,645.5
2025-06-05,-5.73,-0.87,650.06,,21010,93,646.0,664.9,646.0
2025-06-04,-9.79,-1.47,655.79,57.4,8697,99,678.8,678.8,650.0
2025-06-03,-12.5,-1.84,665.58,,17321,93,678.1,678.1,664.6
2025-06-02,2.55,0.38,678.08,,21185,103,686.0,686.0,677.3
2025-05-28,-1.93,-0.28,675.53,,15168,120,666.5,683.0,666.5
2025-05-27,-7.42,-1.08,677.46,48.76,7180,80,686.0,686.0,676.0
2025-05-26,-12.01,-1.72,684.88,,29119,185,705.0,711.0,683.0
2025-05-25,10.17,1.48,696.89,,26038,240,680.0,703.8,680.0
2025-05-22,15.12,2.25,686.72,,30820,285,680.0,692.5,670.0
2025-05-21,1.3,0.19,671.6,,29988,194,683.5,708.0,667.2
2025-05-20,11.74,1.78,670.3,73.08,10942,135,658.0,675.0,655.0
2025-05-19,-1.43,-0.22,658.56,,17797,146,659.99,672.5,658.0
2025-05-18,9.33,1.43,659.99,,32811,222,650.66,685.0,650.66
2025-05-15,5.69,0.88,650.66,50.24,7731,84,644.0,652.7,641.2
2025-05-14,0.36,0.06,644.97,50.73,7869,103,643.0,648.0,640.0
2025-05-13,-5.89,-0.91,644.61,90.33,13902,148,651.0,660.0,642.1
2025-05-11,-7.05,-1.07,650.5,66.05,10134,111,657.0,661.0,647.1
2025-05-08,-9.17,-1.38,657.55,90.69,13704,150,675.0,676.0,653.1
2025-05-07,22.62,3.51,666.72,,16282,174,656.0,669.0,645.0
2025-05-06,-5.96,-0.92,644.1,46.41,7185,131,645.0,655.0,643.1
2025-05-05,5.84,0.91,650.06,32.02,4909,69,650.0,665.0,644.2
2025-05-04,-5.26,-0.81,644.22,74.48,11542,94,659.0,659.0,642.9
2025-04-30,6.21,0.97,649.48,95.45,14693,89,653.0,656.1,644.0
2025-04-29,-19.73,-2.98,643.27,69.12,10645,119,662.0,663.0,642.1
2025-04-28,0.21,0.03,663.0,,32162,69,657.0,669.0,656.0
2025-04-27,-5.22,-0.78,662.79,42.21,6357,69,675.0,675.0,662.1
2025-04-24,-0.76,-0.11,668.01,22.32,3334,52,669.0,681.3,667.1
2025-04-23,-15.98,-2.33,668.77,82.47,12268,123,685.0,685.0,666.0
2025-04-22,-1.54,-0.22,684.75,30.29,4402,50,688.0,694.9,683.2
2025-04-21,-2.41,-0.35,686.29,63.71,9284,58,698.0,698.0,682.1
2025-04-20,-2.96,-0.43,688.7,,19853,69,692.0,694.0,685.2
2025-04-17,-4.28,-0.61,691.66,,43826,175,709.7,709.7,688.0
2025-04-16,-5.02,-0.72,695.94,78.15,11177,63,711.8,711.8,695.2
2025-04-15,-3.56,-0.51,700.96,,21796,139,700.1,710.0,697.0
2025-04-13,-13.35,-1.86,704.52,,29288,98,720.0,720.0,700.0
2025-04-10,3.66,0.51,717.87,,57015,89,711.0,724.0,702.1
2025-04-09,-0.53,-0.07,714.21,55.52,7764,56,714.0,720.0,712.5
2025-04-08,-6.09,-0.84,714.74,79.06,11105,37,712.0,719.9,710.0
2025-04-07,-9.96,-1.36,720.83,,19595,103,721.0,734.0,720.0
2025-04-03,1.21,0.17,730.79,,38978,142,715.0,739.0,715.0
2025-04-02,5.92,0.82,729.58,,36414,194,732.0,734.0,713.0
2025-04-01,6.62,0.92,723.66,,34869,200,720.0,726.8,711.0
2025-03-30,3.6,0.5,717.04,,39663,137,715.0,718.0,706.0
2025-03-27,9.66,1.37,713.44,,15267,86,695.0,715.0,695.0
2025-03-26,13.53,1.96,703.78,,18149,82,690.0,708.0,688.0
2025-03-25,-22.35,-3.14,690.25,94.72,13645,99,700.0,708.0,688.0
2025-03-24,12.24,1.75,712.6,,25342,154,690.0,717.0,688.0
2025-03-23,-13.71,-1.92,700.36,,19193,119,701.1,714.0,695.0
2025-03-20,1.07,0.15,714.07,,17907,82,713.0,717.0,700.0
2025-03-19,8.0,1.13,713.0,,35856,111,695.3,713.0,695.0
2025-03-18,-14.9,-2.07,705.0,66.12,9301,58,719.9,719.9,705.0
2025-03-17,-11.1,-1.52,719.9,,23488,261,716.4,758.0,689.0
2025-03-16,31.0,4.43,731.0,,20258,107,700.0,731.0,688.0
2025-03-12,0.0,0.0,700.0,68.04,9657,51,708.9,708.9,695.1
2025-03-11,-2.0,-0.28,700.0,68.93,9806,69,700.0,726.9,692.0
2025-03-10,-6.0,-0.85,702.0,48.22,6842,63,718.0,718.0,700.0
2025-03-09,-15.0,-2.07,708.0,,21164,125,730.0,730.0,707.0
2025-03-06,6.0,0.84,723.0,,13976,109,729.0,735.0,716.1
2025-03-05,-7.0,-0.97,717.0,98.78,13767,112,712.1,737.9,710.0
2025-03-04,-14.9,-2.02,724.0,,14542,115,742.2,742.2,724.0
2025-03-03,-5.1,-0.69,738.9,,16870,138,750.0,755.9,730.0
2025-03-02,12.0,1.64,744.0,,16335,143,746.0,746.6,732.0
2025-02-27,0.5,0.07,732.0,,16762,136,746.0,746.0,726.0
2025-02-25,1.5,0.21,731.5,55.84,7610,77,744.0,744.0,721.0
2025-02-24,-10.0,-1.35,730.0,94.34,12810,96,742.0,750.0,728.2
2025-02-23,1.0,0.14,740.0,,29044,145,726.0,753.0,725.0
2025-02-20,4.0,0.54,739.0,,18614,149,745.0,745.0,730.0
2025-02-18,-26.0,-3.42,735.0,,74194,410,765.0,776.0,735.0
2025-02-17,12.4,1.66,761.0,,46705,270,740.0,765.0,740.0
2025-02-16,2.7,0.36,748.6,,32245,245,745.9,760.8,740.3
2025-02-13,15.9,2.18,745.9,,50354,335,735.0,746.0,733.0
2025-02-12,24.0,3.4,730.0,,50461,295,706.0,734.9,705.1
2025-02-11,14.5,2.1,706.0,,19352,159,700.5,711.0,697.0
2025-02-10,-2.5,-0.36,691.5,66.88,9669,68,701.0,707.0,685.1
2025-02-09,-6.0,-0.86,694.0,82.96,11877,86,711.0,714.0,689.0
2025-02-06,-2.0,-0.28,700.0,,17820,134,690.1,712.0,688.0
2025-02-05,17.1,2.5,702.0,70.82,10298,101,690.0,703.0,675.1
2025-02-04,-9.1,-1.31,684.9,57.2,8347,87,687.0,700.0,680.0
2025-02-03,-15.0,-2.12,694.0,,23139,208,712.0,720.0,694.0
2025-02-02,49.0,7.42,709.0,,43623,285,660.0,710.0,660.0
2025-01-28,2.2,0.33,660.0,86.94,13217,120,667.0,670.0,652.0
2025-01-27,2.8,0.43,657.8,21.94,3351,46,658.0,662.9,650.0
2025-01-26,-4.0,-0.61,655.0,23.29,3550,59,659.0,660.0,650.0
2025-01-23,4.0,0.61,659.0,23.41,3561,46,668.1,668.1,653.0
2025-01-22,10.1,1.57,655.0,41.48,6336,68,650.0,660.0,641.0
2025-01-21,-3.1,-0.48,644.9,63.42,9878,111,658.0,660.0,639.0
2025-01-20,-2.1,-0.32,648.0,56.84,8704,69,651.0,663.0,646.0
2025-01-19,-1.9,-0.29,650.1,35.75,5483,54,645.0,656.9,645.0
2025-01-16,-9.1,-1.38,652.0,29.0,4405,51,671.0,674.3,652.0
2025-01-15,-9.0,-1.34,661.1,12.12,1821,42,670.0,679.0,657.1
2025-01-13,-16.9,-2.46,670.1,11.3,1679,38,674.4,685.0,670.0
2025-01-12,-5.0,-0.72,687.0,19.82,2910,48,705.8,705.8,679.0
2025-01-09,-5.0,-0.72,692.0,26.72,3887,49,686.1,697.0,685.0
2025-01-08,15.0,2.2,697.0,,16714,139,689.0,708.0,688.0
2025-01-07,-3.0,-0.44,682.0,64.01,9357,59,685.0,696.0,679.0
2025-01-06,5.1,0.75,685.0,46.94,6946,59,667.0,685.0,667.0
2025-01-05,1.9,0.28,679.9,40.1,5959,57,677.0,680.0,665.0
2025-01-02,4.0,0.59,678.0,47.4,7063,53,671.0,678.0,666.0
2025-01-01,-1.0,-0.15,674.0,20.3,3022,26,678.0,678.0,666.0
2024-12-31,0.0,0.0,675.0,58.17,8723,89,665.0,675.0,653.0
2024-12-29,1.0,0.15,675.0,77.49,11478,87,674.0,685.0,662.5
2024-12-26,0.94,0.14,674.0,41.61,6133,114,675.0,685.0,671.5
2024-12-24,17.0,2.36,737.0,,18073,175,727.0,738.8,727.0
2024-12-23,7.5,1.05,720.0,59.94,8341,86,709.0,724.0,709.0
2024-12-22,9.3,1.32,712.5,45.47,6374,74,711.0,725.2,707.6
2024-12-19,-14.8,-2.06,703.2,61.08,8598,80,718.0,720.0,703.0
2024-12-18,6.0,0.84,718.0,66.08,9212,77,713.0,725.9,710.1
2024-12-17,-9.0,-1.25,712.0,50.04,7011,66,709.0,732.0,706.6
2024-12-16,-12.5,-1.7,721.0,49.52,6890,66,723.1,726.0,713.1
2024-12-12,3.5,0.48,733.5,56.59,7704,63,736.9,744.0,726.2
2024-12-11,0.0,0.0,730.0,47.13,6472,72,741.0,741.0,718.0
2024-12-10,6.7,0.93,730.0,43.27,5986,75,725.0,730.0,715.0
2024-12-09,0.3,0.04,723.3,37.68,5204,52,733.9,733.9,720.0
2024-12-08,-12.0,-1.63,723.0,,14671,111,730.1,744.0,719.1
2024-12-05,5.0,0.68,735.0,73.81,10136,77,730.0,741.0,725.0
2024-12-04,-9.0,-1.22,730.0,,18531,128,741.0,745.0,730.0
2024-12-03,-14.0,-1.86,739.0,68.39,9205,99,764.0,764.0,739.0
2024-12-02,2.0,0.27,753.0,86.17,11456,79,762.2,762.2,747.2
2024-12-01,-0.3,-0.04,751.0,70.2,9412,79,750.0,760.0,740.1
2024-11-28,-7.7,-1.01,751.3,65.13,8626,89,748.0,762.9,748.0
2024-11-27,4.0,0.53,759.0,84.07,11121,107,765.0,770.0,750.0
2024-11-26,-5.0,-0.66,755.0,,15055,103,760.0,764.0,740.0
2024-11-25,8.0,1.06,760.0,39.14,5198,43,752.0,760.0,742.5
2024-11-24,0.0,0.0,752.0,72.8,9707,84,767.0,767.0,748.0
2024-11-21,1.0,0.13,752.0,,13947,105,765.9,765.9,740.0
2024-11-20,-3.0,-0.4,751.0,,20665,79,769.0,769.0,742.0
2024-11-19,-14.0,-1.82,754.0,,21678,118,783.0,783.0,750.0
2024-11-17,-4.1,-0.53,768.0,,12922,109,787.0,787.0,760.5
2024-11-14,12.1,1.59,772.1,,49535,209,751.2,784.7,751.2
2024-11-13,-1.4,-0.18,760.0,51.21,6724,76,775.0,775.0,750.5
2024-11-12,-6.6,-0.86,761.4,66.61,8650,92,779.0,780.0,761.4
2024-11-11,17.0,2.26,768.0,,25370,247,766.0,779.0,750.0
2024-11-10,13.0,1.76,751.0,62.47,8355,109,751.0,752.7,736.0
2024-11-06,3.0,0.41,738.0,43.78,5945,45,745.0,745.0,730.2
2024-11-05,4.8,0.66,735.0,31.96,4369,37,740.0,740.0,728.0
2024-10-30,-16.8,-2.25,730.2,69.24,9395,74,761.0,761.0,730.1
2024-10-29,22.1,3.05,747.0,52.53,7126,97,739.0,747.0,722.2
2024-10-28,10.9,1.53,724.9,14.15,1972,34,728.0,728.0,714.0
2024-10-27,-7.5,-1.04,714.0,50.29,7075,88,710.1,718.0,708.0
2024-10-24,-13.5,-1.84,721.5,71.85,9982,119,725.0,730.0,716.2
2024-10-23,0.0,0.0,735.0,25.59,3467,53,735.0,749.0,731.0
2024-10-22,9.0,1.24,735.0,31.59,4310,70,740.0,740.0,730.0
2024-10-21,-27.4,-3.64,726.0,92.32,12538,147,753.0,753.0,722.0
2024-10-20,-4.6,-0.61,753.4,,23069,244,750.0,775.0,743.0
2024-10-17,9.0,1.2,758.0,63.69,8422,100,760.0,763.9,745.3
2024-10-16,24.0,3.31,749.0,75.75,10235,126,721.0,750.0,720.0
2024-10-15,19.5,2.76,725.0,15.95,2219,39,705.0,725.0,705.0
2024-10-09,-4.5,-0.63,705.5,14.59,2064,33,708.0,716.0,700.0
2024-10-08,-10.0,-1.39,710.0,33.18,4630,55,734.0,734.0,710.0
2024-10-07,4.0,0.56,720.0,52.76,7315,104,725.0,730.3,716.0
2024-10-06,13.2,1.88,716.0,50.69,7107,73,702.0,720.0,702.0
2024-10-02,-11.2,-1.57,702.8,70.36,9994,113,714.0,718.0,695.0
2024-10-01,38.4,5.68,714.0,,14827,151,685.0,727.0,671.0
2024-09-30,10.6,1.59,675.6,34.84,5174,54,665.0,677.9,665.0
2024-09-29,2.4,0.36,665.0,60.54,9167,91,650.0,675.0,650.0
2024-09-26,-14.3,-2.11,662.6,63.4,9409,81,690.4,690.4,662.6
2024-09-25,11.9,1.79,676.9,47.52,7093,84,678.3,678.3,655.1
2024-09-24,-17.0,-2.49,665.0,42.81,6383,111,695.0,707.0,655.1
2024-09-23,-20.0,-2.85,682.0,44.92,6510,103,712.0,712.0,680.1
2024-09-22,2.1,0.3,702.0,46.36,6551,87,713.8,728.0,699.6
2024-09-18,-2.1,-0.3,699.9,50.02,7163,121,690.0,710.0,690.0
2024-09-16,-28.0,-3.84,702.0,,27346,191,744.0,744.0,700.0
2024-09-15,-24.0,-3.18,730.0,69.58,9309,148,768.0,768.0,730.0
2024-09-12,18.0,2.45,754.0,,13523,163,750.0,754.8,735.0
2024-09-11,-4.0,-0.54,736.0,,17930,126,754.7,754.7,735.5
2024-09-10,-5.0,-0.67,740.0,98.13,13170,130,748.0,758.4,740.0
2024-09-09,-22.8,-2.97,745.0,83.81,11091,154,779.0,779.0,745.0
2024-09-08,5.8,0.76,767.8,,25438,275,761.0,786.0,760.0
2024-09-05,4.1,0.54,762.0,,21345,217,770.0,780.0,740.0
2024-09-04,-19.1,-2.46,757.9,,17424,226,765.0,794.0,751.1
2024-09-03,-2.0,-0.26,777.0,,26024,225,764.0,794.5,764.0
2024-09-02,34.0,4.56,779.0,,22421,261,734.3,781.0,734.3
2024-09-01,-27.0,-3.5,745.0,,17636,237,784.9,785.0,740.0
2024-08-29,-12.0,-1.53,772.0,,24176,245,799.0,799.0,770.0
2024-08-28,-4.5,-0.57,784.0,,25395,281,804.2,830.0,774.0
2024-08-27,-33.5,-4.08,788.5,,29135,375,834.9,834.9,788.0
2024-08-25,9.1,1.12,822.0,,63771,553,814.0,855.0,800.1
2024-08-22,-3.1,-0.38,812.9,,32457,308,824.0,825.0,810.0
2024-08-21,-5.0,-0.61,816.0,,25596,290,837.0,837.0,813.0
2024-08-18,-1.9,-0.23,821.0,,64794,512,834.9,852.0,811.0
2024-08-15,-5.0,-0.6,822.9,,47176,434,828.0,842.9,815.3
2024-08-14,-9.1,-1.09,827.9,,32972,368,830.0,835.0,812.5
2024-08-13,-7.0,-0.83,837.0,,35246,422,845.0,859.0,827.2
2024-08-12,-5.9,-0.69,844.0,,60208,573,866.8,866.8,830.0
2024-08-11,51.9,6.5,849.9,,74091,708,813.0,851.7,813.0
2024-08-08,-10.0,-1.24,798.0,,34542,312,824.1,824.1,798.0
2024-08-07,23.1,2.94,808.0,,31691,364,798.0,810.0,783.0
2024-08-06,-42.1,-5.09,784.9,,41923,502,840.0,840.0,752.0
2024-08-05,-3.2,-0.39,827.0,,34744,331,836.0,846.0,820.0
2024-08-01,7.2,0.87,830.2,,62204,533,823.0,854.0,823.0
2024-07-31,8.1,0.99,823.0,,51139,493,820.0,834.0,807.7
2024-07-30,8.9,1.1,814.9,,49239,473,810.0,822.0,792.9
2024-07-29,-30.1,-3.6,806.0,,82068,710,836.1,836.1,804.0
2024-07-28,-8.9,-1.05,836.1,,85712,813,860.0,890.0,825.0
2024-07-25,75.0,9.74,845.0,,129903,1064,785.0,845.0,771.0
2024-07-24,-18.1,-2.3,770.0,,47245,495,800.0,803.0,766.1
2024-07-23,10.6,1.36,788.1,,42967,366,773.2,790.0,773.0
2024-07-22,-7.5,-0.96,777.5,,57566,503,795.0,795.0,760.0
2024-07-21,24.8,3.26,785.0,,91625,627,775.4,788.0,751.0
2024-07-18,30.2,4.14,760.2,,124711,1089,744.0,775.0,736.4
2024-07-17,19.0,2.67,730.0,,56278,372,720.0,730.0,710.0
2024-07-16,19.0,2.75,711.0,,33279,236,700.0,718.0,685.3
2024-07-15,-15.7,-2.22,692.0,,48067,295,712.0,712.0,692.0
2024-07-14,0.2,0.03,707.7,,29794,268,721.6,721.6,707.0
2024-07-11,10.4,1.49,707.5,,45372,418,711.0,711.0,698.0
2024-07-10,11.1,1.62,697.1,,56216,467,696.9,704.7,689.1
2024-07-09,16.0,2.39,686.0,,24680,267,680.0,690.7,670.0
2024-07-08,3.0,0.45,670.0,,25158,156,669.9,674.0,668.5
2024-07-07,5.0,0.76,667.0,,16013,153,673.9,674.0,665.0
2024-07-04,-5.0,-0.75,662.0,,23089,193,677.0,677.0,660.0
2024-07-03,-1.0,-0.15,667.0,,22261,136,680.0,680.0,657.6
2024-07-02,18.1,2.79,668.0,,34418,219,662.8,689.0,658.0
2024-07-01,-0.1,-0.02,649.9,,23017,130,663.0,663.0,645.0
2024-06-30,-19.0,-2.84,650.0,,63936,353,656.0,668.1,645.1
2024-06-27,-11.0,-1.62,669.0,,15344,127,668.1,675.0,667.0
2024-06-26,-16.0,-2.3,680.0,,19138,164,701.0,703.0,678.0
2024-06-25,33.5,5.06,696.0,,224992,685,656.0,705.0,641.0
2024-06-24,5.4,0.82,662.5,,19101,150,660.0,673.0,660.0
2024-06-23,-4.9,-0.74,657.1,84.36,12779,123,670.0,670.0,657.1
2024-06-20,-10.2,-1.52,662.0,92.19,13871,142,670.0,670.0,662.0
2024-06-19,-2.8,-0.41,672.2,44.66,6630,61,667.1,679.0,667.1
2024-06-18,-2.0,-0.3,675.0,71.99,10720,98,664.0,680.0,663.5
2024-06-16,-4.4,-0.65,677.0,,19426,136,681.0,688.0,676.0
2024-06-13,-8.6,-1.25,681.4,,26729,202,695.0,695.0,681.2
2024-06-12,12.0,1.77,690.0,,17066,158,680.5,699.0,680.5
2024-06-11,5.0,0.74,678.0,,32372,194,676.7,685.0,671.1
2024-06-10,-2.1,-0.31,673.0,,22680,191,675.1,683.0,670.0
2024-06-09,-12.9,-1.87,675.1,,24064,218,688.0,690.0,675.0
2024-06-06,-2.0,-0.29,688.0,,26762,214,697.8,702.5,680.0
2024-06-05,-5.0,-0.72,690.0,,20289,189,688.2,699.0,685.0
2024-06-04,3.0,0.43,695.0,,43496,331,697.6,708.0,688.0
2024-06-03,21.0,3.13,692.0,,34851,261,662.5,695.6,662.5
2024-06-02,8.0,1.21,671.0,,18129,162,668.0,676.0,659.1
2024-05-30,-6.0,-0.9,663.0,,19139,179,682.3,682.3,660.0
2024-05-29,-10.0,-1.47,669.0,,26025,193,691.0,692.0,668.0
2024-05-27,-3.0,-0.44,679.0,,30127,208,695.6,695.6,675.5
2024-05-26,-10.0,-1.45,682.0,,29305,214,705.8,705.8,682.0
2024-05-22,-3.0,-0.43,692.0,,37581,302,708.9,714.0,687.5
2024-05-21,-11.0,-1.56,695.0,,55950,409,693.1,706.0,685.0
2024-05-20,1.0,0.14,706.0,,45212,348,719.1,719.1,700.0
2024-05-19,-7.0,-0.98,705.0,,58706,455,712.0,715.0,692.0
2024-05-16,8.0,1.14,712.0,,53861,454,700.0,725.9,691.0
2024-05-15,-12.0,-1.68,704.0,,81691,535,721.0,723.1,695.0
2024-05-14,4.0,0.56,716.0,,109763,795,698.0,739.0,698.0
2024-05-13,-12.9,-1.78,712.0,,48297,296,739.3,739.3,708.0
2024-05-12,-33.5,-4.42,724.9,,66430,483,744.0,749.0,718.1
2024-05-09,-1.6,-0.21,758.4,,85552,598,760.0,813.5,750.0
2024-05-08,13.1,1.75,760.0,,64695,482,750.0,760.0,736.0
2024-05-07,36.9,5.2,746.9,,88911,771,724.2,759.7,700.2
2024-05-06,-16.0,-2.2,710.0,,72994,538,711.5,722.0,704.2
2024-05-05,26.0,3.71,726.0,,107440,765,700.0,726.0,698.0
2024-05-02,56.1,8.71,700.0,,83667,842,656.7,708.0,645.1
2024-04-30,36.9,6.08,643.9,,49908,355,615.0,644.0,603.0
2024-04-29,3.6,0.6,607.0,32.08,5293,66,610.0,610.0,602.0
2024-04-28,3.5,0.58,603.4,58.37,9685,95,599.0,609.9,590.3
2024-04-25,1.4,0.23,599.9,15.91,2656,56,606.9,606.9,597.0
2024-04-24,-3.3,-0.55,598.5,26.17,4364,60,613.4,613.4,596.0
2024-04-22,-6.1,-1.0,601.8,70.27,11565,76,608.5,616.0,601.2
2024-04-21,8.9,1.49,607.9,34.1,5697,61,597.0,610.0,594.0
2024-04-18,-6.0,-0.99,599.0,52.03,8656,110,600.8,607.0,590.0
2024-04-16,-10.0,-1.63,605.0,54.76,9000,97,620.0,624.0,602.3
2024-04-15,-3.8,-0.61,615.0,,36853,280,631.1,643.0,615.0
2024-04-14,15.7,2.6,618.8,69.65,11339,156,597.0,622.0,596.1
2024-04-10,-6.9,-1.13,603.1,89.07,14701,120,610.0,616.0,601.2
2024-04-09,-18.2,-2.9,610.0,,30066,227,630.0,630.0,609.1
2024-04-07,14.4,2.35,628.2,,38042,312,620.0,639.8,615.3
2024-04-04,21.3,3.59,613.8,,45269,350,599.0,620.0,595.1
2024-04-03,4.5,0.77,592.5,95.14,16008,182,594.0,598.0,580.1
2024-04-02,12.9,2.24,588.0,54.91,9401,116,584.0,597.0,574.0
2024-04-01,-2.9,-0.5,575.1,13.55,2350,49,572.0,583.0,572.0
2024-03-31,-3.9,-0.67,578.0,33.88,5876,82,580.0,591.0,573.5
2024-03-28,2.6,0.45,581.9,40.7,7028,110,580.0,583.0,570.3
2024-03-27,-10.7,-1.81,579.3,44.69,7610,102,590.0,601.0,579.3
2024-03-26,-2.0,-0.34,590.0,64.95,10947,152,595.0,600.0,587.0
2024-03-25,-12.0,-1.99,592.0,69.89,11782,155,600.0,600.0,590.0
2024-03-21,-8.0,-1.31,604.0,93.44,15316,227,618.0,623.9,600.0
2024-03-20,26.0,4.44,612.0,,65578,719,590.0,620.8,580.0
2024-03-19,7.0,1.21,586.0,86.78,14867,161,579.0,594.8,577.0
2024-03-18,11.0,1.94,579.0,55.45,9686,102,578.9,580.0,564.0
2024-03-17,-7.0,-1.22,568.0,32.12,5599,81,570.1,588.0,562.2
2024-03-14,-7.0,-1.2,575.0,57.17,9986,171,580.0,584.9,565.1
2024-03-13,-14.0,-2.35,582.0,96.74,16391,208,597.0,600.0,581.0
2024-03-12,31.0,5.49,596.0,,24745,323,576.0,596.0,570.0
2024-03-10,30.1,5.63,565.0,,20875,212,537.8,575.0,536.0
2024-03-07,1.9,0.36,534.9,5.77,1087,20,530.0,536.0,526.0
2024-03-06,5.0,0.95,533.0,18.51,3488,49,528.0,537.9,523.1
2024-03-05,10.91,2.11,528.0,28.74,5437,70,527.4,537.9,522.0
2024-03-04,3.09,0.6,517.09,1.29,250,3,517.09,517.09,517.09
2024-03-03,-2.6,-0.5,514.0,7.08,1394,34,507.2,515.0,503.0
2024-02-29,-1.4,-0.27,516.6,11.22,2182,31,518.0,520.0,508.0
2024-02-28,-3.0,-0.58,518.0,6.58,1269,31,519.1,524.0,518.0
2024-02-27,-3.9,-0.74,521.0,12.85,2461,29,520.0,530.0,519.7
2024-02-26,0.0,0.0,524.9,11.07,2133,33,535.0,535.0,515.2
2024-02-25,-0.1,-0.02,524.9,29.85,5720,35,518.0,525.1,518.0
2024-02-22,-13.0,-2.42,525.0,36.06,6791,56,545.0,545.0,525.0
2024-02-21,-2.0,-0.37,538.0,20.12,3750,38,540.0,548.0,535.0
2024-02-20,-4.0,-0.74,540.0,19.72,3657,60,534.3,553.7,534.2
2024-02-18,-6.0,-1.09,544.0,10.17,1879,40,540.1,549.0,540.0
2024-02-15,-4.9,-0.88,550.0,35.54,6428,81,554.1,561.0,547.3
2024-02-14,8.8,1.61,554.9,10.87,1968,41,554.0,557.0,546.1
2024-02-13,-7.3,-1.32,546.1,16.89,3080,49,553.4,560.0,543.2
2024-02-12,3.4,0.62,553.4,20.64,3704,44,541.0,570.0,540.3
2024-02-11,-7.0,-1.26,550.0,18.31,3297,50,565.0,565.0,550.0
2024-02-07,0.0,0.0,560.0,19.37,3452,42,571.0,571.0,560.0
2024-02-06,5.0,0.9,560.0,14.38,2581,41,546.0,566.0,545.1
2024-02-05,10.3,1.89,555.0,36.34,6597,61,544.7,565.0,538.0
2024-02-04,-5.1,-0.93,544.7,11.32,2084,39,549.8,549.8,540.3
2024-02-01,-4.2,-0.76,549.8,23.16,4250,62,554.0,554.0,541.2
2024-01-31,-8.0,-1.42,554.0,6.83,1236,28,571.0,571.0,550.0
2024-01-30,-3.5,-0.62,562.0,18.59,3313,48,574.0,574.0,557.0
2024-01-29,1.5,0.27,565.5,14.22,2529,32,564.0,569.0,557.7
2024-01-28,5.0,0.89,564.0,26.36,4702,65,548.0,568.0,548.0
2024-01-25,-0.9,-0.16,559.0,26.61,4765,70,552.0,563.0,552.0
2024-01-24,0.9,0.16,559.9,45.89,8245,71,560.1,565.0,552.2
2024-01-23,19.0,3.52,559.0,24.9,4535,74,550.8,559.0,541.0
2024-01-22,-10.2,-1.85,540.0,29.77,5458,89,550.0,555.0,539.3
2024-01-21,-16.8,-2.96,550.2,69.05,12337,113,560.0,569.0,550.0
2024-01-18,-20.0,-3.41,567.0,94.96,16714,163,580.0,580.0,555.0
2024-01-17,-8.0,-1.34,587.0,90.58,15220,182,588.0,606.9,582.0
2024-01-16,20.0,3.48,595.0,83.53,14210,150,575.0,595.0,575.0
2024-01-14,14.0,2.5,575.0,65.68,11418,92,570.0,581.0,567.0
2024-01-11,-11.0,-1.92,561.0,26.83,4730,45,570.0,575.0,560.0
2024-01-10,13.1,2.34,572.0,,17771,148,570.0,575.0,560.0
2024-01-09,8.9,1.62,558.9,46.49,8327,83,560.0,569.0,551.0
2024-01-08,20.0,3.77,550.0,43.87,8121,79,530.0,550.0,530.0
2024-01-07,-4.0,-0.75,530.0,38.43,7257,71,525.1,540.8,525.0
2024-01-04,-6.0,-1.11,534.0,30.19,5657,89,540.0,544.9,529.2
2024-01-03,11.0,2.08,540.0,20.24,3834,67,529.0,540.0,523.0
2024-01-02,-6.1,-1.14,529.0,46.44,8726,51,544.8,544.8,527.0
2024-01-01,4.1,0.77,535.1,18.4,3419,59,540.0,545.7,531.1
2023-12-28,6.0,1.14,531.0,36.07,6777,72,525.0,540.6,525.0
2023-12-27,-10.3,-1.92,525.0,42.95,8063,80,539.0,544.0,525.0
2023-12-24,-7.7,-1.42,535.3,39.84,7342,100,550.0,552.0,535.0
2023-12-21,-21.0,-3.72,543.0,54.62,9998,98,560.0,560.0,542.0
2023-12-20,-3.5,-0.62,564.0,53.76,9464,95,578.8,578.8,562.0
2023-12-19,15.5,2.81,567.5,48.61,8620,82,560.0,571.0,555.0
2023-12-18,22.1,4.17,552.0,,20400,169,540.0,570.0,537.1
2023-12-17,-0.1,-0.02,529.9,23.65,4478,57,520.0,537.5,520.0
2023-12-14,0.0,0.0,530.0,21.27,4051,44,530.0,530.0,520.0
2023-12-13,10.9,2.1,530.0,36.07,6844,80,514.0,542.0,514.0
2023-12-12,2.1,0.41,519.1,30.92,5972,66,527.3,527.3,507.0
2023-12-11,-17.0,-3.18,517.0,40.92,7914,75,523.4,527.0,512.0
2023-12-10,37.0,7.44,534.0,,80,5,506.9,534.9,506.9
2023-12-07,-2.0,-0.4,497.0,33.62,6737,22,500.0,501.1,490.1
2023-12-06,0.1,0.02,499.0,26.2,5351,50,490.1,499.0,482.3
2023-12-05,-6.1,-1.21,498.9,6.79,1373,24,510.0,510.0,490.0
2023-12-04,8.0,1.61,505.0,9.37,1889,21,490.7,505.0,490.0
2023-12-03,-3.9,-0.78,497.0,,185,8,510.9,510.9,495.0
2023-11-30,-7.9,-1.55,500.9,16.77,3318,24,509.0,511.0,500.2
2023-11-29,-0.2,-0.04,508.8,16.01,3164,28,506.0,511.0,505.0
2023-11-28,-10.4,-2.0,509.0,5.8,1140,14,510.0,510.0,507.0
2023-11-27,3.4,0.66,519.4,10.87,2139,53,509.0,520.0,505.7
2023-11-26,16.2,3.24,516.0,15.35,3039,51,498.0,518.5,490.0
2023-11-23,12.05,2.47,499.8,32.96,6746,67,488.0,499.8,482.0
2023-11-22,9.4,1.81,529.7,9.22,1759,38,517.0,529.8,517.0
2023-11-21,-14.7,-2.75,520.3,36.92,7004,46,525.0,535.0,520.3
2023-11-20,-7.0,-1.29,535.0,25.43,4757,45,542.0,544.8,532.0
2023-11-09,-9.0,-1.63,542.0,27.34,5114,81,545.0,545.0,518.0
2023-11-08,-7.0,-1.25,551.0,11.48,2080,21,552.0,561.0,550.0
2023-11-07,-2.0,-0.36,558.0,14.49,2632,28,555.0,558.0,544.0
2023-11-06,11.0,2.0,560.0,25.38,4552,57,549.0,603.0,540.1
2023-11-05,-1.0,-0.18,549.0,20.8,3867,47,539.1,549.0,530.0
2023-11-02,-15.0,-2.65,550.0,10.85,1960,44,565.0,568.0,550.0
2023-11-01,-6.2,-1.09,565.0,5.39,965,21,560.0,565.0,553.8
2023-10-31,8.2,1.46,571.2,31.72,5772,41,556.0,571.2,544.0
2023-10-30,-4.0,-0.71,563.0,15.33,2771,38,570.0,570.0,550.0
2023-10-29,12.0,2.16,567.0,25.52,4642,48,543.9,567.0,532.2
2023-10-19,-9.0,-1.6,555.0,15.55,2782,32,552.9,567.0,552.9
2023-10-18,7.0,1.26,564.0,2.32,417,22,545.9,571.0,545.9
2023-10-17,7.0,1.27,557.0,54.93,10097,58,559.9,559.9,539.1
2023-10-16,0.0,0.0,550.0,42.12,7757,57,549.0,555.0,536.0
2023-10-12,-1.7,-0.31,550.0,15.61,2851,41,547.0,552.0,545.0
2023-10-11,-1.3,-0.24,551.7,7.8,1404,31,553.0,560.0,551.7
2023-10-10,-11.0,-1.95,553.0,12.5,2254,34,556.0,557.0,550.1
2023-10-09,0.0,0.0,564.0,12.72,2272,60,561.0,565.0,556.1
2023-10-08,-21.0,-3.59,564.0,33.98,5994,57,574.0,584.6,562.5
2023-10-05,7.1,1.23,585.0,7.05,1222,31,577.9,589.3,576.2
2023-10-04,0.9,0.16,577.9,15.13,2606,35,586.0,588.5,577.2
2023-10-03,-8.0,-1.37,577.0,17.09,2972,44,575.0,580.0,573.4
2023-10-02,-1.5,-0.26,585.0,11.71,2029,33,588.0,588.0,574.9
2023-10-01,-8.4,-1.41,586.5,44.9,7673,51,584.0,595.0,579.0
2023-09-27,-4.1,-0.68,594.9,47.88,8148,58,590.0,594.9,586.1
2023-09-26,14.0,2.39,599.0,44.98,7545,75,596.0,605.0,586.1
2023-09-25,-17.0,-2.82,585.0,71.49,12208,100,590.1,597.6,581.0
2023-09-24,6.0,1.01,602.0,,22412,195,584.1,645.0,584.1
2023-09-21,24.0,4.2,596.0,,20015,153,560.6,596.0,560.6
2023-09-19,-9.0,-1.55,572.0,15.88,2792,46,570.0,579.9,560.1
2023-09-18,17.1,3.03,581.0,27.05,4817,61,553.0,597.0,553.0
2023-09-17,-30.3,-5.1,563.9,60.44,10845,96,594.2,594.2,550.0
2023-09-13,45.2,8.23,594.2,22.77,4043,73,550.0,594.2,547.0
2023-09-12,-4.0,-0.72,549.0,8.38,1532,27,555.0,555.0,542.1
2023-09-11,20.2,3.79,553.0,3.11,571,22,532.0,553.0,532.0
2023-09-10,-6.2,-1.15,532.8,3.57,668,32,530.1,549.6,530.0
2023-09-07,-1.3,-0.24,539.0,9.59,1791,52,536.3,544.0,532.2
2023-09-05,-9.7,-1.76,540.3,14.16,2605,33,561.0,561.0,539.7
2023-09-04,0.0,0.0,550.0,9.35,1722,28,539.0,560.6,539.0
2023-09-03,-13.0,-2.31,550.0,12.65,2300,34,563.0,563.0,548.0
2023-08-30,-0.6,-0.11,563.0,4.77,855,23,563.0,565.0,552.5
2023-08-29,-6.4,-1.12,563.6,15.62,2781,62,569.0,569.9,558.7
2023-08-28,16.1,2.91,570.0,17.27,3106,50,544.0,570.0,544.0
2023-08-27,3.9,0.71,553.9,12.62,2315,52,547.5,554.0,538.0
2023-08-24,-20.0,-3.51,550.0,34.94,6268,90,570.0,572.0,550.0
2023-08-23,15.0,2.7,570.0,12.79,2268,59,562.0,571.2,560.0
2023-08-22,3.0,0.54,555.0,7.7,1399,22,552.0,555.0,543.1
2023-08-21,-15.1,-2.66,552.0,15.36,2784,35,557.0,565.9,545.0
2023-08-20,21.8,4.0,567.1,71.52,12992,110,545.0,567.1,536.2
2023-08-17,0.3,0.06,545.3,9.56,1742,35,555.8,559.9,537.1
2023-08-16,-13.0,-2.33,545.0,12.58,2301,35,551.0,552.0,545.0
2023-08-15,-8.0,-1.41,558.0,17.0,3055,44,557.0,561.0,553.0
2023-08-14,-6.0,-1.05,566.0,16.43,2929,61,561.2,583.4,550.1
2023-08-13,-1.0,-0.17,572.0,17.26,3018,46,563.0,580.0,550.5
2023-08-10,-7.0,-1.21,573.0,21.79,3824,76,569.0,584.0,558.6
2023-08-09,36.9,6.79,580.0,13.94,2557,68,543.0,580.0,540.0
2023-08-08,-16.9,-3.02,543.1,10.43,1900,49,551.0,554.0,543.1
2023-08-07,3.6,0.65,560.0,7.92,1415,31,552.0,568.9,552.0
2023-08-06,-24.6,-4.23,556.4,26.4,4688,73,577.0,577.0,556.0
2023-08-03,1.1,0.19,581.0,25.97,4445,75,570.0,591.4,570.0
2023-08-02,-0.1,-0.02,579.9,10.97,1905,48,575.1,583.0,573.0
2023-08-01,-2.4,-0.41,580.0,43.27,7417,102,580.0,600.0,577.6
2023-07-31,2.2,0.38,582.4,15.07,2572,62,580.0,599.9,572.1
2023-07-30,-13.8,-2.32,580.2,55.67,9555,102,586.0,588.5,573.3
2023-07-27,-7.0,-1.16,594.0,27.89,4662,74,600.0,608.0,590.1
2023-07-26,-2.0,-0.33,601.0,26.11,4316,90,594.1,613.0,594.1
2023-07-25,-12.9,-2.09,603.0,24.74,4082,90,619.9,619.9,603.0
2023-07-24,-9.1,-1.46,615.9,68.15,11086,107,627.0,627.0,610.0
2023-07-23,10.0,1.63,625.0,68.66,11034,131,615.0,630.0,613.0
2023-07-20,-13.3,-2.12,615.0,,16374,188,625.0,629.9,606.0
2023-07-19,-11.6,-1.81,628.3,81.98,13081,164,650.0,650.0,617.4
2023-07-18,-2.9,-0.45,639.9,44.52,6951,121,655.0,655.0,632.0
2023-07-17,29.7,4.84,642.8,,23398,184,602.1,645.0,602.1
2023-07-16,-7.9,-1.27,613.1,32.59,5263,58,628.0,630.0,611.0
2023-07-13,-10.0,-1.58,621.0,77.35,12199,150,631.0,655.0,618.0
2023-07-12,13.1,2.12,631.0,67.78,10711,115,618.0,640.0,618.0
2023-07-11,0.0,0.0,617.9,38.25,6189,73,608.0,627.5,608.0
2023-07-10,15.9,2.64,617.9,81.7,13267,152,603.0,621.0,603.0
2023-07-09,9.0,1.52,602.0,34.15,5691,92,582.0,605.0,582.0
2023-07-06,5.0,0.85,593.0,54.15,9248,110,589.0,597.0,575.0
2023-07-05,-12.0,-2.0,588.0,30.01,5077,87,600.0,600.0,588.0
2023-07-04,17.9,3.08,600.0,38.76,6551,113,593.0,610.0,585.0
2023-07-03,-18.1,-3.02,582.1,89.36,15065,188,588.3,610.0,581.3
2023-07-02,-34.8,-5.48,600.2,83.05,13635,202,622.3,625.0,600.0
2023-06-28,-27.0,-4.08,635.0,,15794,229,666.0,676.0,633.0
2023-06-27,60.0,9.97,662.0,,35249,466,605.0,662.0,605.0
2023-06-26,36.0,6.36,602.0,,26533,259,557.0,602.0,557.0
2023-06-25,18.0,3.28,566.0,63.71,11313,159,540.1,592.0,540.1
2023-06-22,5.0,0.92,548.0,19.02,3479,60,543.0,564.8,540.0
2023-06-21,-15.0,-2.69,543.0,25.58,4660,73,547.0,565.0,543.0
2023-06-20,-13.0,-2.28,558.0,26.2,4646,71,561.0,575.0,558.0
2023-06-19,-8.0,-1.38,571.0,56.98,9985,76,568.0,585.0,564.0
2023-06-18,31.1,5.68,579.0,52.42,9294,136,537.0,580.0,537.0
2023-06-15,-16.1,-2.85,547.9,23.61,4280,77,554.1,560.0,547.9
2023-06-14,2.2,0.39,564.0,54.2,9645,139,572.0,580.0,541.0
2023-06-13,17.3,3.18,561.8,72.81,13097,154,540.0,570.0,538.0
2023-06-12,-0.5,-0.09,544.5,22.41,4166,64,555.9,555.9,531.0
2023-06-11,15.0,2.83,545.0,42.75,7943,109,525.0,548.7,525.0
2023-06-08,2.5,0.47,530.0,18.46,3519,52,538.0,538.0,513.6
2023-06-07,9.4,1.81,527.5,26.53,4979,87,510.0,546.9,510.0
2023-06-06,3.1,0.6,518.1,15.26,2944,58,506.0,525.0,506.0
2023-06-05,-14.8,-2.79,515.0,26.63,5104,77,535.0,538.1,510.0
2023-06-04,28.9,5.77,529.8,22.3,4248,87,510.0,535.0,510.0
2023-06-01,3.8,0.76,500.9,19.91,4005,73,507.0,517.1,488.0
2023-05-31,-6.9,-1.37,497.1,19.12,3805,56,494.0,514.0,485.0
2023-05-30,-22.0,-4.18,504.0,41.63,8134,122,520.0,521.0,504.0
2023-05-28,-4.0,-0.75,526.0,43.75,8165,132,540.0,550.8,520.0
2023-05-24,12.0,2.32,530.0,43.94,8354,119,528.0,535.0,511.0
2023-05-23,22.0,4.44,518.0,27.34,5339,103,486.1,519.0,486.1
2023-05-22,1.0,0.2,496.0,27.41,5457,80,489.0,509.4,489.0
2023-05-21,-0.7,-0.14,495.0,24.55,4894,96,505.5,526.0,495.0
2023-05-18,9.7,2.0,495.7,16.56,3360,64,487.0,499.8,486.0
2023-05-17,5.0,1.04,486.0,18.12,3748,42,481.0,488.0,475.0
2023-05-16,1.1,0.23,481.0,5.66,1187,31,475.0,481.0,474.1
2023-05-15,8.9,1.89,479.9,4.76,1012,34,470.0,479.9,466.0
2023-05-14,-4.0,-0.84,471.0,12.22,2611,49,483.0,484.0,463.0
2023-05-11,-4.0,-0.84,475.0,6.57,1399,35,471.0,475.0,461.0
2023-05-10,3.9,0.82,479.0,8.12,1717,35,484.4,484.4,470.2
2023-05-09,-2.8,-0.59,475.1,8.8,1857,37,470.3,489.9,469.0
2023-05-08,-6.1,-1.26,477.9,8.11,1704,21,484.0,484.0,475.3
2023-05-07,0.0,0.0,484.0,4.8,1009,23,477.0,484.0,476.1
2023-05-04,-1.0,-0.21,484.0,9.03,1882,50,478.0,485.0,475.4
2023-05-03,2.0,0.41,485.0,7.61,1578,25,480.0,485.0,478.0
2023-05-02,4.0,0.84,483.0,2.62,548,24,479.0,486.0,477.0
2023-04-30,-8.1,-1.66,479.0,10.83,2254,53,487.1,487.1,478.3
2023-04-27,-7.9,-1.6,487.1,5.38,1099,26,487.0,494.5,487.0
2023-04-26,0.0,0.0,495.0,3.66,742,22,502.0,502.0,489.0
2023-04-25,5.0,1.02,495.0,6.63,1346,40,490.0,499.7,490.0
2023-04-24,1.0,0.2,490.0,13.14,2707,41,483.1,494.1,483.0
2023-04-23,-1.0,-0.2,489.0,18.51,3798,42,490.0,494.0,484.2
2023-04-20,-10.3,-2.06,490.0,10.08,2043,50,508.0,508.7,490.0
2023-04-19,5.3,1.07,500.3,7.63,1529,35,499.0,512.0,495.0
2023-04-18,-13.0,-2.56,495.0,14.06,2840,50,501.0,505.0,493.0
2023-04-17,-2.0,-0.39,508.0,13.52,2721,51,500.0,509.0,492.0
2023-04-16,2.0,0.39,510.0,11.55,2294,54,501.0,517.0,500.0
2023-04-13,-14.0,-2.68,508.0,27.13,5249,86,531.0,531.0,505.7
2023-04-12,34.0,6.97,522.0,28.98,5641,123,497.7,522.0,497.7
2023-04-11,6.9,1.43,488.0,7.2,1477,61,487.0,490.0,485.0
2023-04-10,1.1,0.23,481.1,11.06,2273,47,487.9,490.0,480.0
2023-04-09,-15.0,-3.03,480.0,20.16,4166,90,487.0,490.0,478.0
2023-04-06,-3.2,-0.64,495.0,18.89,3808,63,498.2,501.0,491.0
2023-04-05,0.2,0.04,498.2,5.99,1206,33,492.0,500.0,491.1
2023-04-04,6.1,1.24,498.0,10.79,2184,46,486.0,501.0,486.0
2023-04-03,-7.1,-1.42,491.9,14.25,2903,71,490.0,500.8,485.3
2023-04-02,-7.7,-1.52,499.0,22.02,4345,93,516.0,516.0,499.0
2023-03-30,12.7,2.57,506.7,19.18,3817,76,502.8,508.0,496.0
2023-03-29,-10.9,-2.16,494.0,10.68,2152,35,496.0,505.0,492.0
2023-03-28,19.9,4.1,504.9,28.47,5697,81,494.7,506.0,493.0
2023-03-27,8.7,1.83,485.0,14.11,2955,55,485.8,489.0,467.6
2023-03-26,-3.7,-0.77,476.3,22.91,4782,52,482.0,486.0,476.3
2023-03-23,-19.0,-3.81,480.0,14.98,3092,65,491.0,495.0,479.5
2023-03-22,-1.0,-0.2,499.0,6.18,1237,30,509.8,509.8,496.0
2023-03-20,8.0,1.63,500.0,6.91,1385,29,498.0,502.0,493.0
2023-03-19,-5.0,-1.01,492.0,13.96,2825,41,500.0,500.0,492.0
2023-03-16,-11.9,-2.34,497.0,15.45,3112,45,500.0,500.9,491.0
2023-03-15,-4.0,-0.78,508.9,13.22,2654,42,505.0,510.0,493.0
2023-03-14,3.9,0.77,512.9,8.61,1686,41,505.0,515.0,505.0
2023-03-13,-11.0,-2.12,509.0,22.62,4500,75,520.0,520.0,499.0
2023-03-12,-5.0,-0.95,520.0,25.27,4813,54,525.0,535.5,516.0
2023-03-09,17.0,3.35,525.0,43.12,8314,61,518.0,530.0,506.0
2023-03-07,12.0,2.42,508.0,14.96,2972,41,495.0,533.6,490.0
2023-03-05,-16.9,-3.29,496.0,18.51,3739,75,510.0,510.1,490.2
2023-03-02,-8.1,-1.55,512.9,19.81,3898,62,515.1,517.0,505.0
2023-03-01,-19.1,-3.54,521.0,19.9,3791,72,535.0,535.0,520.5
2023-02-28,-14.8,-2.67,540.1,11.82,2176,46,550.0,561.0,539.0
2023-02-27,-0.1,-0.02,554.9,26.21,4747,71,566.0,577.3,531.0
2023-02-26,18.6,3.47,555.0,87.45,16798,221,526.0,572.0,483.0
2023-02-23,-59.6,-10.0,536.4,85.9,15767,224,584.1,584.1,536.4
2023-02-22,-1.0,-0.17,596.0,18.82,3148,43,598.0,608.8,593.0
2023-02-20,-8.0,-1.32,597.0,27.15,4582,62,593.0,604.8,587.0
2023-02-16,-4.6,-0.75,605.0,30.08,5012,64,601.0,620.0,598.0
2023-02-15,-7.4,-1.2,609.6,20.18,3295,45,617.0,617.0,609.0
2023-02-14,2.0,0.33,617.0,25.98,4227,63,602.7,626.0,602.0
2023-02-12,-27.0,-4.21,615.0,21.92,3547,70,629.2,629.2,613.0
2023-02-09,-4.2,-0.65,642.0,17.69,2768,44,637.2,649.0,631.0
2023-02-08,6.2,0.97,646.2,,29612,228,645.0,657.7,640.0
2023-02-07,31.1,5.11,640.0,29.59,4716,85,615.5,640.0,615.0
2023-02-06,3.9,0.64,608.9,16.93,2812,44,593.0,608.9,593.0
2023-02-05,1.0,0.17,605.0,24.96,4131,70,592.1,609.0,592.1
2023-02-02,2.0,0.33,604.0,35.96,5988,60,600.0,605.0,597.0
2023-02-01,-4.0,-0.66,602.0,39.24,6544,68,596.0,603.0,595.1
2023-01-31,-14.0,-2.26,606.0,30.93,5088,97,611.0,614.0,602.0
2023-01-30,-16.0,-2.52,620.0,39.03,6266,90,623.3,636.0,615.0
2023-01-29,-4.0,-0.62,636.0,27.66,4381,60,628.2,639.0,628.1
2023-01-26,0.0,0.0,640.0,,5745,0,650.0,653.0,640.0
2023-01-25,0.0,2.89,640.0,,13415,0,624.0,646.6,624.0
2023-01-24,0.0,0.32,622.0,,4235,0,618.0,642.0,608.0
2023-01-23,0.0,-1.91,620.0,,4736,0,640.0,640.0,620.0
2023-01-19,0.0,-0.91,632.1,,12103,0,650.0,650.0,630.0
2023-01-18,0.0,1.09,637.9,,13241,0,640.0,651.5,628.1
2023-01-17,0.0,3.27,631.0,,8181,0,619.0,635.0,610.0
2023-01-12,0.0,-4.53,611.0,,17436,0,652.0,673.2,600.1
2023-01-10,0.0,-5.19,640.0,,33608,0,688.5,693.0,631.0
2023-01-09,0.0,7.31,675.0,,30397,0,630.0,691.9,625.0
2023-01-08,0.0,-2.93,629.0,,13920,0,648.0,648.0,625.5
2023-01-05,0.0,4.28,648.0,,36411,0,633.8,659.0,622.0
2023-01-04,0.0,9.98,621.4,,25785,0,575.2,621.5,566.2
2023-01-03,0.0,4.05,565.0,,17229,0,553.8,597.3,540.2
2023-01-02,0.0,0.93,543.0,,4253,0,548.0,548.0,530.0
2023-01-01,0.0,2.31,538.0,,3660,0,536.0,550.0,536.0
2022-12-29,0.0,4.2,567.9,,8735,0,545.0,567.9,545.0
2022-12-28,0.0,-0.73,545.0,,4761,0,540.0,548.9,535.0
2022-12-27,0.0,2.64,549.0,,6548,0,545.1,551.0,540.0
2022-12-26,0.0,5.07,534.9,,2361,0,519.2,540.0,515.3
2022-12-22,0.0,-2.1,509.1,,1576,0,510.0,512.0,505.0
2022-12-21,0.0,-1.14,520.0,,1619,0,526.0,526.0,510.1
2022-12-20,0.0,1.35,526.0,,479,0,518.6,526.9,518.6
2022-12-19,0.0,3.28,519.0,,1266,0,502.5,519.0,502.5
2022-12-18,0.0,-2.8,502.5,,1695,0,520.0,520.0,502.5
2022-12-15,0.0,-2.64,517.0,,645,0,537.0,537.0,517.0
2022-12-14,0.0,0.38,531.0,,3160,0,529.0,534.0,526.0
2022-12-13,0.0,1.73,529.0,,350,0,525.0,540.0,525.0
2022-12-12,0.0,1.36,520.0,,3080,0,505.0,523.0,505.0
2022-12-11,0.0,-2.86,513.0,,2285,0,520.0,520.0,510.0
2022-12-07,0.0,-3.28,528.1,,1629,0,535.5,545.0,528.1
2022-12-06,0.0,1.11,546.0,,3976,0,550.0,550.0,537.0
2022-12-05,0.0,-0.37,540.0,,3363,0,550.0,552.8,535.0
2022-12-04,0.0,2.24,542.0,,12248,0,540.6,560.0,538.0
2022-12-01,0.0,0.4,530.1,,7238,0,535.0,545.0,527.0
2022-11-30,0.0,-0.38,528.0,,3055,0,539.0,539.0,526.5
2022-11-29,0.0,0.95,530.0,,1647,0,535.5,546.2,521.0
2022-11-28,0.0,-3.63,525.0,,4406,0,554.0,554.0,525.0
2022-11-27,0.0,2.81,544.8,,16150,0,540.4,545.0,510.0
2022-11-24,0.0,0.93,529.9,,2535,0,530.0,544.0,520.0
2022-11-23,0.0,2.34,525.0,,2254,0,523.2,553.0,515.1
2022-11-22,0.0,-3.06,513.0,,7767,0,539.7,558.0,513.0
2022-11-17,0.0,1.38,529.2,,5944,0,532.4,540.6,520.0
2022-11-16,0.0,2.96,522.0,,3529,0,510.0,539.0,508.3
2022-11-15,0.0,-0.59,507.0,,1985,0,510.0,520.0,500.1
2022-11-14,0.0,0.99,510.0,,1053,0,515.0,515.0,505.0
2022-11-13,0.0,-0.79,505.0,,2590,0,501.0,512.1,500.1
2022-11-10,0.0,-1.17,509.0,,4164,0,525.0,525.0,503.0
2022-11-09,0.0,-3.74,515.0,,1515,0,525.0,540.8,515.0
2022-11-08,0.0,-0.02,535.0,,2091,0,540.0,540.0,526.0
2022-11-07,0.0,-1.05,535.1,,3536,0,548.0,550.2,535.1
2022-11-06,0.0,4.4,540.8,,5786,0,518.0,541.0,518.0
2022-11-03,0.0,-1.52,518.0,,1292,0,520.0,535.0,516.0
2022-11-02,0.0,2.16,526.0,,5568,0,505.1,528.3,505.1
2022-11-01,0.0,4.23,514.9,,3291,0,490.0,514.9,490.0
2022-10-31,0.0,-0.6,494.0,,1849,0,504.0,504.0,494.0
2022-10-23,0.0,1.22,497.0,,1153,0,491.0,499.0,491.0
2022-10-20,0.0,1.45,491.0,,7689,0,493.0,512.0,491.0
2022-10-19,0.0,-0.41,484.0,,1501,0,490.0,492.0,480.2
2022-10-17,0.0,0.21,486.0,,953,0,485.0,486.0,477.2
2022-10-16,0.0,-0.84,485.0,,861,0,485.0,492.0,484.6
2022-10-13,0.0,-0.82,489.1,,2380,0,499.8,505.0,489.0
2022-10-12,0.0,0.62,490.0,,1469,0,496.0,496.0,482.0
2022-10-11,0.0,0.0,487.0,,955,0,496.0,499.0,480.5
2022-10-10,0.0,-2.99,487.0,,1899,0,510.9,510.9,487.0
2022-10-09,0.0,3.36,502.0,,2560,0,495.0,504.6,488.1
2022-09-29,0.0,-0.25,485.7,,1777,0,486.9,500.0,484.0
2022-09-28,0.0,3.57,486.9,,1765,0,475.0,507.0,470.2
2022-09-27,0.0,1.31,470.1,,5644,0,473.2,510.4,456.1
2022-09-25,0.0,-0.22,464.0,,6305,0,474.0,479.9,450.0
2022-09-22,0.0,-4.12,465.0,,5286,0,490.0,490.0,465.0
2022-09-21,0.0,-1.82,485.0,,4595,0,501.0,502.0,485.0
2022-09-20,0.0,-3.89,494.0,,4936,0,504.0,505.0,490.0
2022-09-18,0.0,-3.02,514.0,,3176,0,530.0,530.0,505.0
2022-09-16,0.0,-1.3,530.0,,1111,0,527.0,534.0,519.0
2022-09-15,0.0,-2.36,537.0,,5222,0,555.0,555.0,525.0
2022-09-14,0.0,2.82,550.0,,2558,0,537.0,550.0,536.0
2022-09-13,0.0,1.69,534.9,,1281,0,536.0,540.0,528.0
2022-09-12,0.0,-1.52,526.0,,2794,0,544.7,566.6,524.0
2022-09-11,0.0,-1.46,534.1,,1413,0,545.0,545.0,534.1
2022-09-08,0.0,0.0,542.0,,1701,0,535.0,546.0,533.0
2022-09-07,0.0,-0.42,542.0,,1919,0,544.0,547.0,536.1
2022-09-06,0.0,-0.18,544.3,,4422,0,546.0,551.0,542.0
2022-09-05,0.0,0.98,545.3,,1902,0,542.0,570.0,542.0
2022-09-04,0.0,-0.02,540.0,,1495,0,535.0,553.9,535.0
2022-09-02,0.0,-1.6,540.1,,1582,0,550.0,550.5,540.1
2022-09-01,0.0,0.72,548.9,,2703,0,541.0,550.0,540.0
2022-08-31,0.0,-0.91,545.0,,2487,0,551.0,555.0,545.0
2022-08-30,0.0,-0.9,550.0,,3821,0,566.0,566.0,550.0
2022-08-29,0.0,-0.72,555.0,,1975,0,551.0,564.0,551.0
2022-08-28,0.0,-3.12,559.0,,3707,0,588.0,599.7,557.0
2022-08-26,0.0,-1.37,577.0,,3045,0,585.0,599.9,577.0
2022-08-25,0.0,-0.85,585.0,,9756,0,600.0,600.0,579.0
2022-08-24,0.0,1.72,590.0,,5907,0,588.0,590.0,576.8
2022-08-23,0.0,-0.34,580.0,,4653,0,575.0,585.0,575.0
2022-08-22,0.0,-1.36,582.0,,2159,0,585.0,588.0,578.3
2022-08-21,0.0,1.34,590.0,,2952,0,593.8,604.6,583.2
2022-08-18,0.0,1.94,582.2,,2876,0,582.5,594.0,581.3
2022-08-17,0.0,-0.85,571.1,,1215,0,577.0,582.0,566.0
2022-08-16,0.0,-1.37,576.0,,3631,0,595.0,595.0,576.0
2022-08-15,0.0,3.45,584.0,,3328,0,561.0,584.0,556.0
2022-08-14,0.0,-2.0,564.5,,2274,0,566.1,577.0,564.5
2022-08-11,0.0,0.17,576.0,,2453,0,585.0,596.7,576.0
2022-08-10,0.0,-1.54,575.0,,5466,0,573.0,592.0,573.0
2022-08-09,0.0,-2.67,584.0,,8301,0,600.0,602.0,575.0
2022-08-08,0.0,-0.66,600.0,,5788,0,600.0,618.0,599.0
2022-08-07,0.0,0.5,604.0,,4067,0,613.0,625.0,602.0
2022-08-05,0.0,-3.36,601.0,,4856,0,609.7,619.9,600.0
2022-08-04,0.0,-2.06,621.9,,5304,0,636.0,640.0,615.0
2022-08-03,0.0,0.0,635.0,,4399,0,647.7,650.0,635.0
2022-08-02,0.0,-0.61,635.0,,7428,0,639.0,639.0,624.0
2022-08-01,0.0,-1.71,638.9,,7947,0,652.0,657.9,635.0
2022-07-31,0.0,2.52,650.0,,12732,0,635.0,655.0,635.0
2022-07-29,0.0,1.12,634.0,,6453,0,630.0,640.0,615.4
2022-07-28,0.0,-0.79,627.0,,15116,0,644.0,649.0,626.3
2022-07-27,0.0,1.94,632.0,,11740,0,625.0,636.0,605.0
2022-07-26,0.0,-4.19,620.0,,8815,0,659.0,659.9,619.0
2022-07-25,0.0,4.37,647.1,,14509,0,630.0,655.0,620.0
2022-07-24,0.0,3.68,620.0,,13863,0,600.0,625.0,590.0
2022-07-22,0.0,-0.66,598.0,,3697,0,600.0,600.0,590.0
2022-07-21,0.0,-0.82,602.0,,12162,0,607.0,607.0,590.0
2022-07-20,0.0,2.53,607.0,,10248,0,603.8,616.0,593.0
2022-07-19,0.0,3.5,592.0,,22123,0,583.4,629.0,583.4
2022-07-18,0.0,3.06,572.0,,10032,0,565.0,576.3,545.0
2022-07-17,0.0,0.04,555.0,,2743,0,565.0,576.0,544.0
2022-07-15,0.0,-0.04,554.8,,546,0,563.0,563.0,545.3
2022-07-14,0.0,1.09,555.0,,1876,0,558.0,560.0,542.0
2022-07-13,0.0,4.55,549.0,,4116,0,530.0,550.9,530.0
2022-07-12,0.0,0.4,525.1,,1863,0,532.5,558.9,523.0
2022-07-11,0.0,-6.44,523.0,,6192,0,548.0,548.0,523.0
2022-07-08,0.0,-1.76,559.0,,18487,0,575.0,579.8,559.0
2022-07-07,0.0,0.35,569.0,,5856,0,578.0,585.0,560.0
2022-07-06,0.0,-0.18,567.0,,4534,0,560.0,570.0,549.0
2022-07-05,0.0,-3.06,568.0,,12187,0,575.0,589.5,555.0
2022-07-04,0.0,-1.2,585.9,,12333,0,583.0,610.0,575.0
2022-07-03,0.0,7.02,593.0,,10010,0,565.1,597.7,543.3
2022-07-01,0.0,-1.41,554.1,,7182,0,565.0,576.3,540.0
2022-06-30,0.0,6.04,562.0,,11072,0,540.0,568.0,525.0
2022-06-29,0.0,3.92,530.0,,4079,0,520.0,530.0,499.8
2022-06-28,0.0,-2.34,510.0,,3082,0,532.6,532.6,501.8
2022-06-27,0.0,-1.66,522.2,,1969,0,541.5,543.0,512.0
2022-06-26,0.0,6.2,531.0,,8278,0,502.0,540.0,500.0
2022-06-24,0.0,2.69,500.0,,4315,0,480.0,513.9,461.6
2022-06-23,0.0,-1.64,486.9,,2961,0,486.0,490.0,472.2
2022-06-22,0.0,-0.98,495.0,,1633,0,505.0,505.0,485.1
2022-06-21,0.0,5.69,499.9,,1673,0,482.0,500.0,475.0
2022-06-20,0.0,-5.4,473.0,,5178,0,492.0,500.0,473.0
2022-06-19,0.0,-2.72,500.0,,1246,0,504.0,512.8,500.0
2022-06-17,0.0,1.32,514.0,,1065,0,515.0,515.0,504.0
2022-06-16,0.0,-1.3,507.3,,2587,0,510.0,524.0,507.3
2022-06-15,0.0,-0.77,514.0,,1507,0,520.0,520.0,502.0
2022-06-14,0.0,-2.26,518.0,,5501,0,530.0,530.0,509.1
2022-06-13,0.0,-1.67,530.0,,575,0,530.1,539.0,528.0
2022-06-10,0.0,-0.92,539.0,,4575,0,544.0,544.0,522.0
2022-06-09,0.0,1.12,544.0,,5256,0,540.0,556.8,525.0
2022-06-08,0.0,5.28,538.0,,2703,0,521.0,539.0,520.0
2022-06-07,0.0,-5.02,511.0,,7224,0,535.9,536.0,510.0
2022-06-06,0.0,-1.1,538.0,,2978,0,554.0,554.8,535.0
2022-06-03,0.0,-2.33,544.0,,3412,0,560.0,560.0,540.0
2022-06-02,0.0,-1.42,557.0,,1846,0,565.0,565.0,555.1
2022-06-01,0.0,0.36,565.0,,1323,0,563.0,574.0,557.0
2022-05-31,0.0,-1.23,563.0,,3788,0,566.0,572.0,557.0
2022-05-30,0.0,-3.06,570.0,,9324,0,588.0,588.0,566.0
2022-05-27,0.0,-1.89,588.0,,3508,0,595.0,597.0,586.5
2022-05-26,0.0,0.55,599.3,,1935,0,607.9,607.9,590.0
2022-05-25,0.0,-0.33,596.0,,1468,0,603.0,603.0,589.0
2022-05-24,0.0,3.1,598.0,,2387,0,585.0,598.0,584.1
2022-05-23,0.0,-3.01,580.0,,4299,0,590.0,597.0,580.0
2022-05-20,0.0,0.67,598.0,,757,0,590.0,598.0,590.0
2022-05-19,0.0,-1.49,594.0,,1492,0,615.0,615.0,594.0
2022-05-18,0.0,0.0,603.0,,1269,0,592.0,610.0,591.0
2022-05-17,0.0,-4.89,603.0,,3723,0,621.4,621.4,603.0
2022-05-12,0.0,0.0,634.0,,3795,0,646.6,646.6,626.3
2022-05-11,0.0,2.26,634.0,,4745,0,631.0,639.0,628.0
2022-05-10,0.0,0.98,620.0,,3946,0,621.9,630.0,618.0
2022-05-09,0.0,5.32,614.0,,4812,0,590.0,615.0,590.0
2022-05-08,0.0,-0.17,583.0,,2536,0,575.0,584.0,572.5
2022-05-05,0.0,-1.7,584.0,,2342,0,595.0,597.0,583.0
2022-05-04,0.0,-1.69,594.1,,1694,0,592.3,610.0,586.4
2022-05-02,0.0,-1.9,604.3,,2216,0,604.0,608.9,604.0
2022-04-28,0.0,-2.07,616.0,,4572,0,630.0,640.0,616.0
2022-04-27,0.0,-0.94,629.0,,2047,0,633.0,638.0,623.0
2022-04-26,0.0,-1.24,635.0,,1457,0,644.0,650.0,634.0
2022-04-25,0.0,-2.43,643.0,,4526,0,660.0,665.0,632.1
2022-04-24,0.0,6.81,659.0,,4221,0,626.0,659.0,621.0
2022-04-21,0.0,3.52,617.0,,6207,0,600.0,617.0,588.0
2022-04-20,0.0,-2.93,596.0,,2445,0,626.0,626.0,596.0
2022-04-19,0.0,0.33,614.0,,746,0,604.0,620.0,603.2
2022-04-18,0.0,-2.55,612.0,,2050,0,640.5,640.5,610.0
2022-04-17,0.0,-1.88,628.0,,2578,0,640.0,652.0,628.0
2022-04-13,0.0,0.95,640.0,,3687,0,622.1,645.0,614.0
2022-04-12,0.0,-0.47,634.0,,5476,0,649.7,661.9,610.2
2022-04-11,0.0,-1.1,637.0,,2112,0,656.0,669.0,637.0
2022-04-07,0.0,0.64,644.1,,3860,0,650.0,659.0,631.1
2022-04-06,0.0,0.79,640.0,,4541,0,635.0,647.0,627.1
2022-04-05,0.0,-1.81,635.0,,4271,0,640.1,640.1,630.0
2022-04-04,0.0,-1.42,646.7,,3763,0,645.0,663.0,645.0
2022-04-03,0.0,-3.1,656.0,,3758,0,677.0,677.0,650.0
2022-03-31,0.0,-0.44,677.0,,1565,0,693.6,693.6,669.0
2022-03-30,0.0,2.26,680.0,,2210,0,666.0,684.0,655.0
2022-03-29,0.0,0.47,665.0,,1694,0,662.0,670.0,660.0
2022-03-28,0.0,-0.47,661.9,,3190,0,661.0,684.0,653.5
2022-03-27,0.0,-3.2,665.0,,6194,0,687.0,687.0,665.0
2022-03-24,0.0,-1.86,687.0,,2975,0,714.0,728.2,687.0
2022-03-23,0.0,-1.41,700.0,,3127,0,704.0,710.0,692.1
2022-03-22,0.0,0.0,710.0,,2341,0,715.0,720.0,700.1
2022-03-21,0.0,2.32,710.0,,2761,0,684.0,710.0,684.0
2022-03-20,0.0,-0.87,693.9,,2243,0,700.0,714.0,687.1
2022-03-16,0.0,-0.99,700.0,,4102,0,706.0,706.0,700.0
2022-03-15,0.0,0.41,707.0,,4118,0,718.0,718.0,696.0
2022-03-14,0.0,-0.28,704.1,,1625,0,707.0,717.0,692.9
2022-03-13,0.0,4.14,706.1,,4079,0,691.5,712.0,691.5
2022-03-10,0.0,3.67,678.0,,10124,0,645.0,678.0,645.0
2022-03-09,0.0,-2.82,654.0,,8293,0,685.0,685.0,648.0
2022-03-07,0.0,-0.74,673.0,,2530,0,691.5,705.3,672.0
2022-03-06,0.0,-0.29,678.0,,2679,0,693.6,693.6,668.0
2022-03-02,0.0,-4.76,680.0,,4157,0,728.2,728.2,680.0
2022-02-28,0.0,-0.14,714.0,,4907,0,729.3,729.3,700.0
2022-02-27,0.0,-0.69,715.0,,5893,0,720.0,725.0,705.6
2022-02-24,0.0,-2.57,720.0,,6308,0,739.0,739.0,712.0
2022-02-23,0.0,-1.0,739.0,,1356,0,746.5,749.7,735.0
2022-02-22,0.0,1.56,746.5,,4286,0,735.0,749.0,731.6
2022-02-21,0.0,1.66,735.0,,1926,0,737.4,752.0,730.0
2022-02-20,0.0,-1.81,723.0,,6388,0,721.6,730.0,707.2
2022-02-17,0.0,-0.9,736.3,,1931,0,757.8,757.8,736.2
2022-02-16,0.0,-1.58,743.0,,2125,0,764.0,764.0,743.0
2022-02-15,0.0,2.29,754.9,,2285,0,738.0,767.7,738.0
2022-02-14,0.0,0.96,738.0,,3538,0,731.0,745.0,730.0
2022-02-13,0.0,-5.06,731.0,,6315,0,754.6,761.0,727.0
2022-02-10,0.0,-1.16,770.0,,2262,0,789.9,789.9,770.0
2022-02-09,0.0,0.52,779.0,,4002,0,775.0,780.0,761.0
2022-02-08,0.0,0.0,775.0,,8567,0,789.4,800.0,767.0
2022-02-07,0.0,0.78,774.0,,3642,0,755.0,803.9,755.0
2022-02-06,0.0,-1.29,768.0,,4606,0,772.0,795.0,768.0
2022-02-03,0.0,-0.89,778.0,,12800,0,800.0,800.0,777.0
2022-02-01,0.0,0.64,785.0,,5935,0,795.6,810.0,765.4
2022-01-31,0.0,-2.01,780.0,,9712,0,805.0,805.0,776.0
2022-01-30,0.0,4.05,796.0,,8138,0,780.3,827.2,780.3
2022-01-27,0.0,0.0,765.0,,4887,0,780.0,780.0,765.0
2022-01-26,0.0,-1.92,765.0,,9125,0,795.6,795.6,760.0
2022-01-25,0.0,-2.01,780.0,,10577,0,783.0,801.0,778.0
2022-01-24,0.0,-2.45,796.0,,20824,0,814.0,814.0,778.1
2022-01-23,0.0,-1.21,816.0,,9620,0,830.0,837.0,806.0
2022-01-20,0.0,2.35,826.0,,19046,0,823.1,826.0,795.0
2022-01-19,0.0,-2.77,807.0,,18482,0,846.6,846.6,807.0
2022-01-18,0.0,-2.92,830.0,,12325,0,845.1,855.0,826.0
2022-01-17,0.0,0.0,855.0,,18589,0,872.1,872.1,835.0
2022-01-16,0.0,1.18,855.0,,22151,0,845.0,875.0,837.9
2022-01-13,0.0,2.8,845.0,,16116,0,838.4,846.6,815.0
2022-01-12,0.0,-3.63,822.0,,22122,0,870.0,870.0,820.0
2022-01-11,0.0,6.49,853.0,,48892,0,817.0,856.0,800.0
2022-01-10,0.0,-2.2,801.0,,14578,0,835.0,835.0,797.0
2022-01-09,0.0,1.11,819.0,,15887,0,824.9,825.0,800.0
2022-01-06,0.0,1.25,810.0,,11270,0,816.0,816.0,780.0
2022-01-05,0.0,-3.5,800.0,,16914,0,845.5,845.5,788.0
2022-01-04,0.0,7.66,829.0,,33341,0,785.4,847.0,775.0
2022-01-03,0.0,5.47,770.0,,21344,0,744.7,780.3,729.9
2022-01-02,0.0,5.97,730.1,,9096,0,690.0,757.0,690.0
2021-12-29,0.0,-0.72,689.0,,4225,0,695.0,707.0,687.0
2021-12-28,0.0,-0.86,694.0,,3459,0,714.0,714.0,680.0
2021-12-27,0.0,-4.89,700.0,,9036,0,750.0,765.0,697.0
2021-12-26,0.0,5.75,736.0,,8816,0,696.0,739.0,687.0
2021-12-23,0.0,-1.97,696.0,,8391,0,724.2,724.2,695.0
2021-12-22,0.0,9.74,710.0,,7427,0,659.9,711.7,659.9
2021-12-21,0.0,1.57,647.0,,4214,0,635.0,647.0,623.0
2021-12-20,0.0,1.92,637.0,,4308,0,613.5,649.7,606.0
2021-12-16,0.0,-3.25,625.0,,2214,0,650.0,650.0,625.0
2021-12-15,0.0,-0.15,646.0,,8347,0,659.9,685.0,646.0
2021-12-14,0.0,7.12,647.0,,4105,0,616.0,647.0,604.0
2021-12-13,0.0,-3.36,604.0,,9930,0,612.5,612.5,584.0
2021-12-12,0.0,-6.58,625.0,,11163,0,668.4,682.3,625.0
2021-12-09,0.0,-1.91,669.0,,4699,0,690.0,690.0,660.0
2021-12-08,0.0,-1.87,682.0,,4454,0,705.0,705.0,654.0
2021-12-07,0.0,-3.47,695.0,,4842,0,734.4,749.0,695.0
2021-12-06,0.0,3.6,720.0,,6592,0,708.9,723.0,658.0
2021-12-05,0.0,-5.7,695.0,,8096,0,751.7,751.7,694.0
2021-12-02,0.0,-2.9,737.0,,5299,0,771.0,771.0,728.0
2021-12-01,0.0,0.0,759.0,,4233,0,774.1,789.4,744.8
2021-11-30,0.0,0.8,759.0,,3471,0,768.0,768.0,731.0
2021-11-29,0.0,-0.13,753.0,,6122,0,750.0,755.5,740.0
2021-11-28,0.0,-2.71,754.0,,5430,0,790.0,805.0,745.0
2021-11-25,0.0,0.26,775.0,,6506,0,788.4,788.4,765.0
2021-11-24,0.0,-1.65,773.0,,3955,0,801.7,801.7,763.0
2021-11-23,0.0,-1.26,786.0,,3222,0,799.9,799.9,780.0
2021-11-22,0.0,-0.5,796.0,,2950,0,801.0,815.0,791.0
2021-11-21,0.0,-0.62,800.0,,4798,0,821.1,821.1,790.2
2021-11-18,0.0,-1.83,805.0,,6545,0,836.4,836.4,800.0
2021-11-17,0.0,0.63,820.0,,8758,0,831.1,831.1,806.0
2021-11-16,0.0,2.8,814.9,,13492,0,808.5,819.0,798.7
2021-11-15,0.0,0.46,872.0,,20777,0,885.0,885.0,841.0
2021-11-14,0.0,0.93,868.0,,6978,0,847.7,876.0,842.0
2021-11-11,0.0,-2.27,860.0,,4852,0,879.0,879.0,850.0
2021-11-09,0.0,-2.22,880.0,,12623,0,918.0,918.0,850.0
2021-11-08,0.0,0.02,900.0,,6226,0,917.7,917.7,886.0
2021-11-03,0.0,1.1,899.8,,7062,0,886.0,924.0,885.0
2021-11-02,0.0,-1.06,890.0,,4501,0,917.4,917.4,877.0
2021-11-01,0.0,-3.07,899.5,,13179,0,928.0,940.0,888.0
2021-10-31,0.0,4.27,928.0,,10669,0,900.0,928.0,871.0
2021-10-28,0.0,1.71,890.0,,9245,0,866.0,890.0,861.0
2021-10-27,0.0,-0.47,875.0,,9296,0,896.0,900.0,861.6
2021-10-26,0.0,4.53,879.1,,14218,0,856.0,890.5,856.0
2021-10-25,0.0,3.06,841.0,,5302,0,832.0,849.0,814.0
2021-10-24,0.0,0.99,816.0,,3098,0,824.0,840.0,800.0
2021-10-21,0.0,-3.81,808.0,,4386,0,856.8,856.8,805.9
2021-10-20,0.0,4.22,840.0,,3737,0,822.1,842.0,808.0
2021-10-19,0.0,-2.54,806.0,,7465,0,843.5,843.5,784.0
2021-10-18,0.0,-3.14,827.0,,3716,0,837.0,865.0,822.0
2021-10-17,0.0,1.64,853.8,,1409,0,856.0,856.0,833.0
2021-10-11,0.0,-2.1,840.0,,4871,0,875.1,892.0,830.0
2021-10-10,0.0,-4.56,858.0,,7031,0,916.9,934.0,858.0
2021-10-06,0.0,8.31,899.0,,12118,0,846.5,900.0,846.5
2021-10-05,0.0,2.22,830.0,,4653,0,826.0,840.9,805.5
2021-10-04,0.0,-3.68,812.0,,6478,0,827.0,838.9,791.2
2021-10-03,0.0,-0.24,843.0,,12308,0,861.9,861.9,818.3
2021-09-30,0.0,-1.74,845.0,,3492,0,860.0,871.0,841.0
2021-09-29,0.0,2.5,860.0,,5070,0,839.0,908.0,825.0
2021-09-28,0.0,-1.29,839.0,,7896,0,833.0,900.0,818.0
2021-09-27,0.0,-5.45,850.0,,9194,0,916.9,916.9,845.0
2021-09-26,0.0,-2.07,899.0,,13503,0,900.0,900.0,865.0
2021-09-23,0.0,-1.29,918.0,,13992,0,948.0,948.0,890.0
2021-09-22,0.0,5.68,930.0,,15816,0,897.6,930.0,883.0
2021-09-21,0.0,2.8,880.0,,18823,0,840.0,908.0,809.5
2021-09-20,0.0,-3.49,856.0,,19373,0,869.3,912.0,846.0
2021-09-16,0.0,-4.62,887.0,,26830,0,920.0,925.0,861.0
2021-09-15,0.0,-2.82,930.0,,9328,0,940.0,958.0,930.0
2021-09-14,0.0,-1.24,957.0,,11250,0,988.0,988.0,938.0
2021-09-13,0.0,-2.12,969.0,,12997,0,1009.8,1009.8,960.0
2021-09-12,0.0,7.03,990.0,,18874,0,925.0,998.0,925.0
2021-09-09,0.0,-1.91,925.0,,12151,0,961.0,961.0,915.0
2021-09-08,0.0,0.11,943.0,,18900,0,960.0,960.0,907.0
2021-09-07,0.0,-5.33,942.0,,23255,0,995.0,995.0,938.0
2021-09-06,0.0,9.94,995.0,,34818,0,888.0,995.5,886.9
2021-09-05,0.0,-5.73,905.0,,20138,0,965.0,966.0,865.1
2021-09-02,0.0,-2.44,960.0,,26210,0,966.0,995.0,945.1
2021-09-01,0.0,-0.52,984.0,,40690,0,999.0,1035.0,970.0
2021-08-31,0.0,-4.06,989.1,,27406,0,1031.0,1040.0,985.0
2021-08-29,0.0,-2.83,1031.0,,20962,0,1082.2,1091.0,1025.2
2021-08-26,0.0,2.71,1061.0,,40293,0,1053.0,1100.0,1030.0
2021-08-25,0.0,-3.19,1033.0,,51779,0,1067.0,1067.0,1012.4
2021-08-24,0.0,-4.21,1067.0,,62933,0,1100.0,1110.0,1061.0
2021-08-19,0.0,-0.99,1113.9,,58702,0,1130.0,1135.0,1102.5
2021-08-18,0.0,-3.35,1125.0,,95094,0,1171.0,1194.4,1110.0
2021-08-17,0.0,9.81,1164.0,,124615,0,1080.0,1165.0,1080.0
2021-08-16,0.0,3.72,1060.0,,89283,0,1025.0,1060.8,1002.0
2021-08-15,0.0,2.0,1022.0,,109001,0,1022.0,1055.0,955.5
2021-08-12,0.0,0.2,1002.0,,66692,0,1020.0,1025.5,1000.0
2021-08-11,0.0,5.04,1000.0,,132538,0,954.0,1014.9,952.0
2021-08-10,0.0,0.53,952.0,,42763,0,960.0,979.0,940.0
2021-08-09,0.0,-2.07,947.0,,34737,0,985.0,995.0,941.9
2021-08-08,0.0,-0.31,967.0,,73581,0,970.0,1010.0,955.0
2021-08-05,0.0,-1.12,970.0,,72820,0,981.0,981.0,938.2
2021-08-04,0.0,-3.28,981.0,,79320,0,1034.5,1050.0,979.1
2021-08-03,0.0,6.77,1014.3,,158976,0,965.0,1029.9,955.0
2021-08-02,0.0,6.5,950.0,,106216,0,892.0,968.0,880.0
2021-08-01,0.0,1.71,892.0,,20905,0,872.0,900.0,866.0
2021-07-29,0.0,-0.23,877.0,,8371,0,880.0,885.0,870.0
2021-07-28,0.0,-0.23,879.0,,8394,0,898.6,898.6,868.0
2021-07-27,0.0,-1.01,881.0,,20086,0,895.0,895.0,863.0
2021-07-26,0.0,1.37,890.0,,18609,0,875.0,898.6,875.0
2021-07-25,0.0,0.33,878.0,,13451,0,875.0,884.5,865.0
2021-07-22,0.0,-1.56,875.1,,8671,0,880.0,889.0,875.0
2021-07-20,0.0,-0.22,889.0,,17754,0,895.0,899.0,888.0
2021-07-19,0.0,-0.56,891.0,,24615,0,910.0,920.0,888.0
2021-07-18,0.0,3.34,896.0,,29768,0,870.0,899.8,870.0
2021-07-15,0.0,0.81,867.0,,11129,0,877.0,877.0,860.0
2021-07-14,0.0,-1.15,860.0,,2646,0,860.0,870.0,854.0
2021-07-13,0.0,1.75,870.0,,8013,0,849.0,870.0,849.0
2021-07-12,0.0,-1.61,855.0,,11948,0,876.0,885.0,850.0
2021-07-11,0.0,3.08,869.0,,7442,0,850.0,872.0,850.0
2021-07-08,0.0,0.72,843.0,,8021,0,841.0,857.0,841.0
2021-07-07,0.0,-0.36,837.0,,6704,0,845.0,852.0,835.0
2021-07-06,0.0,-0.59,840.0,,4650,0,845.0,850.0,840.0
2021-07-05,0.0,-0.82,845.0,,6879,0,852.0,852.0,840.0
2021-07-04,0.0,0.35,852.0,,5459,0,849.0,864.0,849.0
2021-07-01,0.0,-0.12,849.0,,7459,0,851.0,863.0,846.0
2021-06-30,0.0,-1.51,850.0,,7609,0,860.0,864.0,846.0
2021-06-29,0.0,0.35,863.0,,16330,0,877.0,894.0,862.0
2021-06-28,0.0,1.9,860.0,,12576,0,830.0,890.0,830.0
2021-06-27,0.0,-0.47,844.0,,11898,0,850.0,850.0,840.0
2021-06-24,0.0,-0.93,848.0,,21177,0,856.0,865.0,848.0
2021-06-23,0.0,-2.95,856.0,,18381,0,882.0,884.0,856.0
2021-06-22,0.0,2.92,882.0,,15014,0,868.0,892.0,858.0
2021-06-21,0.0,-2.61,857.0,,16484,0,900.0,900.0,857.0
2021-06-20,0.0,-1.01,880.0,,68951,0,901.0,925.0,868.0
2021-06-17,0.0,-1.22,889.0,,28781,0,915.0,932.0,880.0
2021-06-16,0.0,5.39,900.0,,106362,0,896.0,928.0,850.0
2021-06-15,0.0,-0.7,854.0,,25152,0,903.0,903.0,853.0
2021-06-14,0.0,0.47,860.0,,22201,0,856.0,870.0,841.0
2021-06-13,0.0,-0.35,856.0,,20449,0,880.0,880.0,850.0
2021-06-10,0.0,-0.12,859.0,,15349,0,902.0,902.0,857.0
2021-06-09,0.0,0.01,860.0,,13669,0,860.0,889.0,856.0
2021-06-08,0.0,0.12,853.0,,25923,0,853.0,859.0,848.0
2021-06-07,0.0,-0.93,852.0,,21304,0,855.0,865.0,850.0
2021-06-06,0.0,-1.15,860.0,,18286,0,870.0,875.0,853.0
2021-06-03,0.0,0.46,870.0,,15379,0,866.0,880.0,866.0
2021-06-02,0.0,0.12,866.0,,15343,0,865.0,873.0,855.0
2021-06-01,0.0,-1.03,865.0,,11375,0,870.0,878.0,848.0
2021-05-31,0.0,1.51,874.0,,21524,0,860.0,885.0,851.0
2021-05-30,0.0,-1.71,861.0,,29905,0,876.0,876.0,860.0
2021-05-27,0.0,-3.63,876.0,,51882,0,909.0,909.0,830.0
2021-05-25,0.0,0.78,909.0,,20715,0,905.0,917.0,903.0
2021-05-24,0.0,-0.22,902.0,,17801,0,918.0,918.0,900.0
2021-05-23,0.0,-0.88,904.0,,23878,0,912.0,912.0,879.0
2021-05-20,0.0,-0.87,912.0,,18127,0,920.0,928.0,910.0
2021-05-19,0.0,1.55,920.0,,61909,0,920.0,938.0,911.0
2021-05-18,0.0,1.57,906.0,,33405,0,930.0,930.0,890.0
2021-05-17,0.0,0.0,892.0,,31500,0,902.0,908.0,892.0
2021-05-16,0.0,2.18,892.0,,27536,0,916.0,916.0,881.0
2021-05-13,0.0,0.0,873.0,,10970,0,873.0,880.0,872.0
2021-05-12,0.0,-0.8,873.0,,6949,0,870.0,895.0,870.0
2021-05-11,0.0,0.23,880.0,,8298,0,875.0,892.0,873.0
2021-05-10,0.0,1.27,878.0,,8751,0,870.0,882.0,860.0
2021-05-09,0.0,-1.37,867.0,,9551,0,879.0,879.0,862.0
2021-05-06,0.0,-2.12,879.0,,13623,0,899.0,899.0,876.0
2021-05-05,0.0,0.9,898.0,,29837,0,930.0,930.0,890.0
2021-05-04,0.0,1.14,890.0,,19762,0,881.0,894.0,881.0
2021-05-03,0.0,0.0,880.0,,20823,0,880.0,895.0,870.0
2021-05-02,0.0,2.33,880.0,,15366,0,860.0,882.0,855.0
2021-04-29,0.0,0.12,860.0,,5462,0,852.0,865.0,850.0
2021-04-28,0.0,-0.58,859.0,,9792,0,870.0,870.0,843.0
2021-04-27,0.0,5.24,864.0,,16631,0,825.0,869.0,825.0
2021-04-26,0.0,-3.3,821.0,,23195,0,840.0,865.0,805.0
2021-04-25,0.0,-3.52,849.0,,16225,0,880.0,880.0,845.0
2021-04-22,0.0,1.5,880.0,,14052,0,861.0,880.0,851.0
2021-04-21,0.0,-1.48,867.0,,20405,0,885.0,893.0,859.0
2021-04-20,0.0,0.11,880.0,,11816,0,866.0,896.0,866.0
2021-04-19,0.0,-1.68,879.0,,15780,0,894.0,895.0,875.0
2021-04-18,0.0,-0.78,894.0,,21284,0,902.0,905.0,890.0
2021-04-15,0.0,-1.31,901.0,,19076,0,929.0,929.0,898.0
2021-04-13,0.0,-0.11,913.0,,32268,0,869.0,939.0,869.0
2021-04-12,0.0,2.47,914.0,,46086,0,892.0,937.0,892.0
2021-04-08,0.0,0.22,892.0,,21469,0,891.0,905.0,889.0
2021-04-07,0.0,-0.22,890.0,,21342,0,885.0,910.0,885.0
2021-04-06,0.0,0.79,892.0,,20913,0,885.0,895.0,878.0
2021-04-05,0.0,-0.9,885.0,,20728,0,899.0,899.0,880.0
2021-04-04,0.0,-1.11,893.0,,22217,0,921.0,921.0,888.0
2021-04-01,0.0,-1.85,903.0,,21195,0,940.0,940.0,900.0
2021-03-31,0.0,0.44,920.0,,38358,0,920.0,938.0,920.0
2021-03-30,0.0,1.78,916.0,,28917,0,908.0,919.0,894.0
2021-03-29,0.0,0.11,900.0,,19719,0,887.0,900.0,870.0
2021-03-25,0.0,-2.07,899.0,,54789,0,963.0,963.0,895.0
2021-03-24,0.0,9.94,918.0,,94656,0,876.0,918.0,860.0
2021-03-23,0.0,0.48,835.0,,8440,0,816.0,843.0,816.0
2021-03-22,0.0,-3.15,831.0,,23369,0,857.0,878.0,828.0
2021-03-21,0.0,7.25,858.0,,27575,0,816.0,868.0,816.0
2021-03-18,0.0,1.78,800.0,,14220,0,800.0,825.0,777.0
2021-03-17,0.0,0.9,786.0,,6877,0,794.0,800.0,779.0
2021-03-16,0.0,3.87,779.0,,14090,0,752.0,790.0,752.0
2021-03-15,0.0,-3.1,750.0,,12003,0,765.0,785.0,730.0
2021-03-14,0.0,-3.85,774.0,,13536,0,807.0,807.0,770.0
2021-03-10,0.0,-0.98,805.0,,6308,0,800.0,813.0,800.0
2021-03-09,0.0,-0.97,813.0,,5390,0,807.0,819.0,806.0
2021-03-08,0.0,-2.26,821.0,,8028,0,842.0,845.0,817.0
2021-03-04,0.0,4.09,840.0,,20815,0,823.0,841.0,812.0
2021-03-03,0.0,0.12,807.0,,25324,0,808.0,816.0,795.0
2021-03-02,0.0,-3.7,806.0,,18780,0,796.0,842.0,796.0
2021-03-01,0.0,0.0,837.0,,19648,0,798.0,856.0,798.0
2021-02-28,0.0,-4.47,812.0,,24100,0,850.0,851.0,804.0
2021-02-25,0.0,0.0,850.0,,7603,0,840.0,890.0,840.0
2021-02-24,0.0,2.98,865.0,,17923,0,882.0,886.0,846.0
2021-02-23,0.0,-0.59,840.0,,29208,0,845.0,846.0,797.0
2021-02-22,0.0,-2.31,845.0,,24832,0,870.0,870.0,835.0
2021-02-21,0.0,-0.01,865.0,,18775,0,870.0,875.0,850.0
2021-02-18,0.0,-0.01,875.0,,14267,0,899.0,899.0,868.0
2021-02-17,0.0,-0.01,883.0,,28778,0,901.0,920.0,878.0
2021-02-16,0.0,-0.01,896.0,,84087,0,947.0,992.0,888.0
2021-02-15,0.0,0.1,902.0,,20897,0,836.0,902.0,836.0
2021-02-14,0.0,-0.04,820.0,,30684,0,870.0,870.0,800.0
2021-02-11,0.0,-0.03,853.0,,28589,0,866.0,895.0,853.0
2021-02-10,0.0,0.0,880.0,,35186,0,925.0,925.0,878.0
2021-02-09,0.0,-0.04,888.0,,49889,0,945.0,945.0,861.0
2021-02-08,0.0,-0.02,923.0,,124094,0,993.0,1040.0,885.0
2021-02-07,0.0,0.1,946.0,,57746,0,877.0,946.0,860.0
2021-02-04,0.0,0.08,860.0,,84356,0,800.0,868.0,785.0
2021-02-03,0.0,0.02,798.0,,63168,0,795.0,858.0,770.0
2021-02-02,0.0,0.09,780.0,,58675,0,704.0,783.0,704.0
2021-02-01,0.0,0.0,717.0,,42845,0,720.0,735.0,708.0
2021-01-31,0.0,-0.01,720.0,,32943,0,760.0,760.0,706.0
2021-01-28,0.0,0.03,725.0,,70942,0,719.0,742.0,706.0
2021-01-27,0.0,0.01,705.0,,24096,0,700.0,707.0,687.0
2021-01-26,0.0,-0.01,695.0,,29538,0,701.0,707.0,694.0
2021-01-25,0.0,-0.02,700.0,,33948,0,720.0,720.0,697.0
2021-01-24,0.0,0.0,713.0,,49309,0,746.0,746.0,709.0
2021-01-21,0.0,0.05,711.0,,55051,0,675.0,718.0,668.0
2021-01-20,0.0,0.0,679.0,,17264,0,690.0,690.0,667.0
2021-01-19,0.0,-0.03,682.0,,42624,0,700.0,700.0,673.0
2021-01-18,0.0,-0.01,702.0,,32420,0,710.0,710.0,693.0
2021-01-17,0.0,0.01,710.0,,26950,0,715.0,715.0,691.0
2021-01-13,0.0,0.04,705.0,,76509,0,690.0,720.0,690.0
2021-01-12,0.0,0.07,677.0,,86749,0,631.0,694.0,631.0
2021-01-11,0.0,0.02,631.0,,25823,0,633.0,635.0,625.0
2021-01-10,0.0,0.02,621.0,,40125,0,615.0,629.0,613.0
2021-01-07,0.0,0.03,607.0,,23550,0,620.0,620.0,596.0
2021-01-06,0.0,0.01,591.0,,9297,0,576.0,591.0,576.0
2021-01-05,0.0,0.0,586.0,,7520,0,614.0,614.0,580.0
2021-01-04,0.0,0.0,585.0,,9843,0,615.0,615.0,580.0
2021-01-03,0.0,0.03,586.0,,13072,0,566.0,590.0,566.0
2020-12-31,0.0,-0.01,567.0,,7438,0,564.0,585.0,564.0
2020-12-30,0.0,0.01,574.0,,7669,0,575.0,575.0,562.0
2020-12-29,0.0,-0.01,567.0,,8005,0,581.0,581.0,567.0
2020-12-28,0.0,-0.01,572.0,,8967,0,572.0,580.0,571.0
2020-12-27,0.0,-0.01,577.0,,16814,0,585.0,595.0,575.0
2020-12-24,0.0,-0.01,633.0,,15748,0,640.0,652.0,629.0
2020-12-23,0.0,-0.03,641.0,,15986,0,676.0,676.0,639.0
2020-12-22,0.0,0.06,663.0,,18185,0,637.0,663.0,635.0
2020-12-21,0.0,-0.01,625.0,,30749,0,620.0,638.0,590.0
2020-12-20,0.0,-0.06,630.0,,36408,0,682.0,682.0,630.0
2020-12-17,0.0,0.01,669.0,,46809,0,635.0,697.0,635.0
2020-12-16,0.0,0.02,665.0,,61792,0,645.0,686.0,641.0
2020-12-15,0.0,0.0,650.0,,28969,0,650.0,660.0,637.0
2020-12-14,0.0,0.01,648.0,,22970,0,651.0,663.0,633.0
2020-12-13,0.0,0.03,639.0,,14425,0,625.0,642.0,620.0
2020-12-10,0.0,0.0,620.0,,17627,0,609.0,640.0,609.0
2020-12-09,0.0,-0.02,620.0,,20290,0,621.0,628.0,618.0
2020-12-08,0.0,-0.03,630.0,,32322,0,659.0,660.0,628.0
2020-12-07,0.0,0.06,648.0,,19927,0,615.0,648.0,610.0
2020-12-06,0.0,-0.08,613.0,,29823,0,651.0,651.0,613.0
2020-12-03,0.0,-0.04,664.0,,48568,0,715.0,715.0,647.0
2020-12-02,0.0,0.1,690.0,,57280,0,623.0,690.0,623.0
2020-12-01,0.0,-0.02,630.0,,18778,0,677.0,677.0,627.0
2020-11-30,0.0,0.06,645.0,,58905,0,620.0,645.0,612.0
2020-11-29,0.0,0.0,611.0,,17267,0,610.0,620.0,601.0
2020-11-26,0.0,-0.02,610.0,,18899,0,654.0,654.0,609.0
2020-11-25,0.0,0.03,623.0,,23600,0,606.0,627.0,606.0
2020-11-24,0.0,0.02,605.0,,18064,0,594.0,610.0,594.0
2020-11-23,0.0,-0.03,591.0,,17510,0,618.0,618.0,591.0
2020-11-22,0.0,0.0,612.0,,53605,0,620.0,637.0,588.0
2020-11-19,0.0,0.0,610.0,,46328,0,590.0,610.0,575.0
2020-11-18,0.0,0.0,583.0,,5004,0,580.0,583.0,574.0
2020-11-12,0.0,0.0,583.0,,11926,0,590.0,590.0,574.0
2020-11-11,0.0,-0.17,583.0,,12467,0,590.0,595.0,577.0
2020-11-10,0.0,-0.17,584.0,,14297,0,600.0,605.0,577.0
2020-11-09,0.0,1.04,585.0,,22624,0,575.0,587.0,574.0
2020-11-08,0.0,1.76,579.0,,10133,0,562.0,579.0,562.0
2020-11-05,0.0,-0.7,569.0,,6051,0,573.0,575.0,568.0
2020-11-04,0.0,-0.52,573.0,,16075,0,585.0,585.0,573.0
2020-11-03,0.0,-0.52,576.0,,16947,0,590.0,598.0,570.0
2020-11-02,0.0,4.14,579.0,,44928,0,560.0,585.0,560.0
2020-11-01,0.0,0.91,556.0,,8073,0,550.0,562.0,545.0
2020-10-29,0.0,-0.18,551.0,,5955,0,562.0,562.0,547.0
2020-10-28,0.0,1.28,552.0,,4808,0,545.0,552.0,540.0
2020-10-22,0.0,0.0,545.0,,3016,0,547.0,554.0,542.0
2020-10-21,0.0,-1.45,545.0,,3481,0,553.0,554.0,545.0
2020-10-20,0.0,2.03,553.0,,3894,0,542.0,560.0,542.0
2020-10-19,0.0,0.74,542.0,,1869,0,533.0,544.0,533.0
2020-10-18,0.0,-0.92,538.0,,2537,0,545.0,552.0,535.0
2020-10-15,0.0,-0.73,543.0,,3903,0,555.0,555.0,540.0
2020-10-14,0.0,-0.73,547.0,,2671,0,562.0,562.0,547.0
2020-10-13,0.0,-1.43,551.0,,5096,0,563.0,563.0,551.0
2020-10-12,0.0,-0.89,559.0,,11058,0,565.0,574.0,555.0
2020-10-11,0.0,2.55,564.0,,22634,0,560.0,571.0,545.0
2020-10-08,0.0,0.92,550.0,,14793,0,555.0,568.0,548.0
2020-10-07,0.0,-0.55,545.0,,13515,0,538.0,550.0,540.0
2020-10-06,0.0,-0.9,548.0,,5521,0,559.0,559.0,546.0
2020-10-05,0.0,-0.36,553.0,,8222,0,546.0,557.0,546.0
2020-10-04,0.0,-0.18,555.0,,5869,0,563.0,565.0,555.0
2020-10-01,0.0,2.02,556.0,,7123,0,535.0,566.0,535.0
2020-09-30,0.0,-0.91,545.0,,4010,0,540.0,549.0,539.0
2020-09-29,0.0,-0.9,550.0,,6553,0,545.0,556.0,544.0
2020-09-28,0.0,0.54,555.0,,6433,0,550.0,557.0,549.0
2020-09-27,0.0,-1.43,552.0,,6920,0,560.0,564.0,550.0
2020-09-24,0.0,-0.36,560.0,,5291,0,556.0,564.0,555.0
2020-09-23,0.0,-0.18,562.0,,10048,0,591.0,591.0,549.0
2020-09-22,0.0,0.18,563.0,,13627,0,590.0,590.0,557.0
2020-09-21,0.0,-1.92,562.0,,12771,0,573.0,573.0,556.0
2020-09-20,0.0,-1.38,573.0,,5000,0,610.0,610.0,567.0
2020-09-17,0.0,0.69,581.0,,8675,0,605.0,605.0,578.0
2020-09-16,0.0,0.0,577.0,,12345,0,571.0,580.0,560.0
2020-09-15,0.0,-1.87,577.0,,15255,0,580.0,587.0,573.0
2020-09-14,0.0,-2.0,588.0,,34895,0,600.0,610.0,584.0
2020-09-13,0.0,2.74,600.0,,54445,0,600.0,622.0,590.0
2020-09-10,0.0,6.96,584.0,,50395,0,556.0,600.0,556.0
2020-09-09,0.0,4.6,546.0,,30075,0,525.0,551.0,525.0
2020-09-08,0.0,1.56,522.0,,9482,0,523.0,528.0,511.0
2020-09-07,0.0,-2.1,514.0,,9359,0,525.0,526.0,506.0
2020-09-06,0.0,-0.19,525.0,,13256,0,536.0,541.0,514.0
2020-09-03,0.0,-1.31,526.0,,12474,0,535.0,535.0,515.0
2020-09-02,0.0,0.0,533.0,,11932,0,540.0,540.0,531.0
2020-08-31,0.0,1.33,533.0,,16752,0,530.0,535.0,520.0
2020-08-30,0.0,0.77,526.0,,6456,0,522.0,528.0,512.0
2020-08-27,0.0,-2.06,522.0,,8132,0,532.0,536.0,517.0
2020-08-26,0.0,0.0,533.0,,20989,0,540.0,545.0,530.0
2020-08-25,0.0,3.29,533.0,,22113,0,541.0,541.0,512.0
2020-08-24,0.0,4.88,516.0,,17976,0,500.0,517.0,500.0
2020-08-23,0.0,0.2,492.0,,2556,0,490.0,494.0,485.0
2020-08-20,0.0,0.41,491.0,,2772,0,482.0,495.0,481.0
2020-08-19,0.0,0.0,489.0,,1874,0,480.0,490.0,480.0
2020-08-18,0.0,-1.01,489.0,,2925,0,500.0,503.0,485.0
2020-08-17,0.0,1.23,494.0,,1980,0,490.0,495.0,487.0
2020-08-16,0.0,-0.81,488.0,,2811,0,483.0,491.0,483.0
2020-08-13,0.0,-2.38,492.0,,5412,0,509.0,509.0,490.0
2020-08-12,0.0,0.2,504.0,,5866,0,501.0,511.0,496.0
2020-08-11,0.0,-1.37,503.0,,14986,0,515.0,524.0,495.0
2020-08-10,0.0,7.37,510.0,,13530,0,484.0,510.0,480.0
2020-08-09,0.0,1.06,475.0,,6143,0,493.0,493.0,460.0
2020-08-06,0.0,0.21,470.0,,4444,0,476.0,476.0,456.0
2020-08-05,0.0,-2.9,469.0,,7714,0,483.0,483.0,464.0
2020-08-03,0.0,1.47,483.0,,6117,0,467.0,503.0,465.0
2020-08-02,0.0,-5.74,476.0,,11679,0,495.0,500.0,475.0
2020-07-30,0.0,0.2,505.0,,6776,0,499.0,518.0,494.0
2020-07-29,0.0,-2.51,504.0,,15570,0,515.0,516.0,500.0
2020-07-28,0.0,-1.52,517.0,,5402,0,519.0,525.0,517.0
2020-07-27,0.0,-0.76,525.0,,6290,0,534.0,536.0,521.0
2020-07-26,0.0,1.54,529.0,,9640,0,515.0,529.0,515.0
2020-07-23,0.0,1.36,521.0,,7121,0,520.0,522.0,510.0
2020-07-22,0.0,-2.65,514.0,,6372,0,528.0,528.0,513.0
2020-07-21,0.0,0.19,528.0,,10615,0,517.0,545.0,507.0
2020-07-20,0.0,-2.41,527.0,,13358,0,567.0,589.0,525.0
2020-07-16,0.0,-0.37,540.0,,2954,0,550.0,552.0,534.0
2020-07-15,0.0,-0.73,542.0,,8365,0,556.0,560.0,542.0
2020-07-14,0.0,4.2,546.0,,15571,0,533.0,558.0,525.0
2020-07-13,0.0,1.35,524.0,,6628,0,517.0,530.0,515.0
2020-07-12,0.0,3.82,517.0,,8051,0,492.0,524.0,492.0
2020-07-09,0.0,0.0,498.0,,3235,0,489.0,507.0,478.0
2020-07-08,0.0,-0.6,498.0,,7981,0,493.0,517.0,480.0
2020-07-07,0.0,9.15,501.0,,9920,0,451.0,504.0,451.0
2020-07-06,0.0,7.49,459.0,,5748,0,427.0,459.0,418.0
2020-07-05,0.0,-1.16,427.0,,2069,0,424.0,448.0,400.0
2020-07-02,0.0,-5.26,432.0,,1736,0,460.0,465.0,432.0
2020-07-01,0.0,7.55,456.0,,1249,0,432.0,456.0,432.0
2020-06-30,0.0,1.68,424.0,,1119,0,409.0,424.0,393.0
2020-06-29,0.0,-3.7,417.0,,200,0,433.0,433.0,433.0
2020-05-12,0.0,-1.81,433.0,,10,0,433.0,433.0,433.0
2020-03-22,0.0,0.23,441.0,,256,0,448.0,456.0,441.0
2020-03-19,0.0,2.8,440.0,,12384,0,426.0,448.0,410.0
2020-03-18,0.0,-3.17,428.0,,10088,0,435.0,450.0,409.0
2020-03-17,0.0,-5.15,442.0,,6063,0,460.0,460.0,425.0
2020-03-16,0.0,2.64,466.0,,11254,0,445.0,475.0,430.0
2020-03-15,0.0,-8.28,454.0,,12760,0,487.0,493.0,454.0
2020-03-12,0.0,-4.81,495.0,,20561,0,520.0,530.0,490.0
2020-03-11,0.0,8.33,520.0,,20811,0,475.0,523.0,466.0
2020-03-10,0.0,-5.88,480.0,,3156,0,510.0,510.0,476.0
2020-03-05,0.0,0.2,510.0,,27582,0,499.0,550.0,480.0
2020-03-04,0.0,-8.62,509.0,,22879,0,567.0,567.0,502.0
2020-03-03,0.0,0.0,557.0,,30798,0,557.0,600.0,502.0
2020-03-02,0.0,-9.87,557.0,,13180,0,610.0,610.0,557.0
2020-03-01,0.0,-4.92,618.0,,23037,0,650.0,660.0,618.0
2020-02-27,0.0,-3.7,650.0,,22265,0,662.0,670.0,646.0
2020-02-26,0.0,0.9,675.0,,17473,0,682.0,703.0,672.0
2020-02-25,0.0,0.75,669.0,,31255,0,665.0,693.0,635.0
2020-02-24,0.0,6.75,664.0,,49932,0,622.0,684.0,634.0
2020-02-23,0.0,9.89,622.0,,34653,0,577.0,622.0,577.0
2020-02-20,0.0,9.9,566.0,,84941,0,515.0,566.0,520.0
2020-02-19,0.0,6.4,515.0,,31447,0,477.0,515.0,477.0
2020-02-18,0.0,-1.22,484.0,,7608,0,499.0,499.0,480.0
2020-02-17,0.0,0.62,490.0,,19003,0,495.0,505.0,490.0
2020-02-16,0.0,1.04,487.0,,14217,0,482.0,487.0,471.0
2020-02-13,0.0,0.42,482.0,,9557,0,489.0,498.0,482.0
2020-02-12,0.0,-0.41,480.0,,11576,0,491.0,492.0,475.0
2020-02-11,0.0,2.12,482.0,,9462,0,475.0,482.0,471.0
2020-02-10,0.0,2.16,472.0,,6232,0,460.0,476.0,454.0
2020-02-09,0.0,-3.35,462.0,,3210,0,475.0,475.0,460.0
2020-02-06,0.0,0.21,478.0,,8343,0,475.0,484.0,467.0
2020-02-05,0.0,-0.62,477.0,,6415,0,480.0,489.0,473.0
2020-02-04,0.0,-2.04,480.0,,11492,0,485.0,490.0,478.0
2020-02-03,0.0,0.2,490.0,,23481,0,492.0,501.0,472.0
2020-02-02,0.0,3.6,489.0,,27382,0,479.0,495.0,472.0
2020-01-30,0.0,3.74,472.0,,46125,0,455.0,479.0,455.0
2020-01-29,0.0,5.32,455.0,,34448,0,440.0,459.0,426.0
2020-01-28,0.0,2.37,432.0,,24448,0,430.0,439.0,427.0
2020-01-27,0.0,5.5,422.0,,13499,0,402.0,422.0,398.0
2020-01-26,0.0,-2.91,401.0,,11729,0,406.0,415.0,401.0
2020-01-23,0.0,-0.48,413.0,,8861,0,415.0,423.0,410.0
2020-01-22,0.0,-1.19,415.0,,2937,0,415.0,420.0,410.0
2020-01-21,0.0,0.96,420.0,,6873,0,416.0,425.0,410.0
2020-01-20,0.0,-4.37,416.0,,11746,0,443.0,443.0,415.0
2020-01-19,0.0,4.01,441.0,,11652,0,432.0,446.0,429.0
2020-01-16,0.0,1.19,424.0,,16969,0,415.0,440.0,415.0
2020-01-15,0.0,2.44,420.0,,5130,0,410.0,420.0,410.0
2020-01-14,0.0,0.0,410.0,,8145,0,410.0,423.0,400.0
2020-01-13,0.0,1.74,410.0,,24354,0,403.0,440.0,403.0
2020-01-12,0.0,9.81,403.0,,26513,0,374.0,403.0,374.0
2020-01-09,0.0,6.38,367.0,,17577,0,345.0,368.0,345.0
2020-01-08,0.0,-1.99,345.0,,4639,0,348.0,352.0,345.0
2020-01-07,0.0,0.86,352.0,,8993,0,355.0,355.0,348.0
2020-01-06,0.0,3.87,349.0,,15569,0,342.0,354.0,342.0
2020-01-05,0.0,4.35,336.0,,13811,0,326.0,345.0,326.0
2020-01-02,0.0,0.0,322.0,,962,0,320.0,328.0,320.0
2020-01-01,0.0,1.9,322.0,,2406,0,322.0,324.0,316.0
2019-12-31,0.0,-0.32,316.0,,3757,0,314.0,320.0,314.0
2019-12-30,0.0,0.63,317.0,,946,0,312.0,317.0,312.0
2019-12-29,0.0,-0.32,315.0,,1281,0,318.0,318.0,315.0
2019-12-26,0.0,-0.94,316.0,,2094,0,319.0,320.0,316.0
2019-12-25,0.0,0.31,319.0,,1119,0,324.0,324.0,318.0
2019-12-24,0.0,-1.24,318.0,,2748,0,328.0,328.0,318.0
2019-12-23,0.0,3.21,322.0,,1362,0,314.0,331.0,314.0
2019-12-22,0.0,0.97,312.0,,230,0,312.0,312.0,312.0
2019-12-19,0.0,-1.9,309.0,,1846,0,310.0,314.0,309.0
2019-12-18,0.0,0.96,315.0,,898,0,317.0,317.0,311.0
2019-12-17,0.0,-0.64,312.0,,4217,0,308.0,326.0,308.0
2019-12-16,0.0,-1.87,314.0,,2664,0,320.0,326.0,314.0
2019-12-15,0.0,-2.89,336.0,,437,0,347.0,347.0,336.0
2019-12-12,0.0,1.76,346.0,,6282,0,342.0,358.0,330.0
2019-12-11,0.0,4.94,340.0,,8523,0,330.0,347.0,322.0
2019-12-10,0.0,5.19,324.0,,4440,0,306.0,330.0,306.0
2019-12-09,0.0,4.05,308.0,,6762,0,301.0,318.0,301.0
2019-12-08,0.0,0.68,296.0,,2027,0,294.0,296.0,290.0
2019-12-05,0.0,1.03,294.0,,1858,0,296.0,301.0,287.0
2019-12-04,0.0,3.19,291.0,,2663,0,284.0,292.0,284.0
2019-12-03,0.0,0.71,282.0,,597,0,285.0,288.0,282.0
2019-12-02,0.0,-2.1,280.0,,1593,0,284.0,284.0,277.0
2019-12-01,0.0,0.7,286.0,,478,0,285.0,288.0,284.0
2019-11-28,0.0,0.71,284.0,,1340,0,287.0,287.0,280.0
2019-11-27,0.0,2.55,282.0,,801,0,270.0,285.0,275.0
2019-11-26,0.0,-1.08,275.0,,808,0,277.0,277.0,274.0
2019-11-25,0.0,0.36,278.0,,937,0,282.0,282.0,273.0
2019-11-24,0.0,-1.77,277.0,,1479,0,282.0,282.0,276.0
2019-11-21,0.0,-0.7,282.0,,150,0,280.0,285.0,282.0
2019-11-20,0.0,-3.4,284.0,,794,0,296.0,299.0,284.0
2019-11-19,0.0,0.34,294.0,,309,0,295.0,296.0,294.0
2019-11-18,0.0,-1.01,293.0,,904,0,292.0,296.0,292.0
2019-11-17,0.0,-3.76,296.0,,1725,0,305.0,305.0,295.0
2019-11-14,0.0,1.56,326.0,,4303,0,321.0,326.0,322.0
2019-11-13,0.0,0.63,321.0,,1157,0,319.0,325.0,319.0
2019-11-12,0.0,-1.54,319.0,,2630,0,328.0,330.0,317.0
2019-11-11,0.0,-0.31,324.0,,958,0,325.0,330.0,324.0
2019-11-10,0.0,1.56,325.0,,725,0,317.0,325.0,315.0
2019-11-07,0.0,-1.54,320.0,,298,0,320.0,324.0,319.0
2019-11-06,0.0,0.0,325.0,,794,0,330.0,330.0,319.0
2019-11-05,0.0,0.62,325.0,,992,0,320.0,326.0,320.0
2019-11-04,0.0,-0.62,323.0,,1555,0,322.0,331.0,322.0
2019-11-03,0.0,-2.4,325.0,,318,0,339.0,339.0,321.0
2019-10-31,0.0,1.83,333.0,,685,0,322.0,333.0,318.0
2019-10-24,0.0,-0.91,327.0,,93,0,324.0,327.0,320.0
2019-10-23,0.0,3.12,330.0,,985,0,326.0,330.0,315.0
2019-10-22,0.0,1.59,320.0,,489,0,315.0,320.0,311.0
2019-10-17,0.0,-1.56,315.0,,1394,0,314.0,320.0,315.0
2019-10-16,0.0,-0.93,320.0,,1110,0,324.0,324.0,320.0
2019-10-15,0.0,0.31,323.0,,261,0,321.0,323.0,321.0
2019-10-14,0.0,-1.83,322.0,,196,0,322.0,327.0,322.0
2019-10-10,0.0,0.0,328.0,,76,0,328.0,333.0,328.0
2019-10-03,0.0,1.55,328.0,,70,0,329.0,329.0,328.0
2019-10-02,0.0,-0.31,323.0,,329,0,329.0,329.0,323.0
2019-10-01,0.0,-0.92,324.0,,475,0,331.0,331.0,321.0
2019-09-30,0.0,-0.3,327.0,,384,0,334.0,334.0,324.0
2019-09-29,0.0,1.55,328.0,,1385,0,323.0,328.0,320.0
2019-09-26,0.0,-0.92,323.0,,1035,0,322.0,328.0,321.0
2019-09-24,0.0,-0.92,323.0,,1400,0,326.0,332.0,320.0
2019-09-23,0.0,-1.21,326.0,,1095,0,324.0,331.0,324.0
2019-09-22,0.0,-1.49,330.0,,679,0,335.0,335.0,330.0
2019-09-19,0.0,-1.18,335.0,,2021,0,345.0,349.0,334.0
2019-09-18,0.0,1.19,339.0,,2749,0,341.0,346.0,329.0
2019-09-17,0.0,4.36,335.0,,2385,0,327.0,345.0,327.0
2019-09-16,0.0,-3.6,321.0,,2314,0,327.0,339.0,321.0
2019-09-15,0.0,-0.6,333.0,,829,0,331.0,333.0,330.0
2019-09-12,0.0,-1.18,335.0,,1186,0,340.0,340.0,334.0
2019-09-11,0.0,0.3,339.0,,762,0,337.0,341.0,337.0
2019-09-10,0.0,-0.88,338.0,,2138,0,340.0,340.0,331.0
2019-09-09,0.0,-0.58,341.0,,1251,0,343.0,343.0,335.0
2019-09-08,0.0,-1.72,343.0,,2404,0,350.0,355.0,342.0
2019-09-05,0.0,-1.13,349.0,,287,0,350.0,350.0,343.0
2019-09-04,0.0,-0.28,353.0,,1353,0,350.0,356.0,353.0
2019-09-03,0.0,4.73,354.0,,1961,0,336.0,354.0,338.0
2019-09-02,0.0,-3.43,338.0,,1922,0,349.0,349.0,338.0
2019-09-01,0.0,0.29,350.0,,900,0,343.0,353.0,344.0
2019-08-29,0.0,-1.69,349.0,,2572,0,350.0,354.0,347.0
2019-08-28,0.0,0.0,355.0,,420,0,362.0,362.0,355.0
2019-08-27,0.0,0.85,355.0,,1020,0,358.0,355.0,350.0
2019-08-26,0.0,-1.4,352.0,,952,0,357.0,357.0,350.0
2019-08-25,0.0,0.85,357.0,,1653,0,355.0,357.0,349.0
2019-08-22,0.0,0.85,354.0,,554,0,349.0,355.0,349.0
2019-08-21,0.0,-1.96,351.0,,1219,0,365.0,365.0,351.0
2019-08-20,0.0,0.0,358.0,,420,0,351.0,358.0,351.0
2019-08-19,0.0,1.99,358.0,,2597,0,347.0,365.0,347.0
2019-08-18,0.0,-2.5,351.0,,2117,0,358.0,358.0,350.0
2019-08-15,0.0,1.12,360.0,,246,0,350.0,360.0,355.0
2019-08-14,0.0,-0.84,356.0,,2614,0,360.0,366.0,356.0
2019-08-13,0.0,-0.55,359.0,,1309,0,361.0,374.0,359.0
2019-08-12,0.0,1.12,361.0,,4327,0,352.0,367.0,352.0
2019-08-11,0.0,-2.19,357.0,,3793,0,372.0,372.0,357.0
2019-08-08,0.0,-2.14,365.0,,1699,0,370.0,375.0,365.0
2019-08-07,0.0,4.19,373.0,,5169,0,351.0,391.0,350.0
2019-08-06,0.0,-3.5,358.0,,5019,0,365.0,365.0,353.0
2019-08-05,0.0,-3.13,371.0,,2879,0,390.0,390.0,370.0
2019-08-04,0.0,-2.3,383.0,,16164,0,392.0,411.0,381.0
2019-08-01,0.0,3.98,392.0,,22747,0,384.0,403.0,375.0
2019-07-31,0.0,8.33,377.0,,7316,0,348.0,377.0,348.0
2019-07-30,0.0,0.58,348.0,,4004,0,346.0,352.0,346.0
2019-07-29,0.0,2.37,346.0,,1137,0,334.0,346.0,334.0
2019-07-28,0.0,-1.74,338.0,,1272,0,338.0,343.0,338.0
2019-07-25,0.0,-1.71,344.0,,552,0,345.0,349.0,344.0
2019-07-24,0.0,1.74,350.0,,2275,0,350.0,360.0,348.0
2019-07-23,0.0,0.88,344.0,,956,0,358.0,358.0,344.0
2019-07-22,0.0,0.0,341.0,,390,0,341.0,342.0,341.0
2019-07-21,0.0,-2.01,341.0,,595,0,354.0,350.0,340.0
2019-07-18,0.0,0.87,348.0,,404,0,350.0,354.0,348.0
2019-07-17,0.0,0.58,345.0,,1215,0,349.0,350.0,343.0
2019-07-16,0.0,0.88,343.0,,898,0,357.0,357.0,339.0
2019-07-15,0.0,0.59,340.0,,598,0,335.0,345.0,333.0
2019-07-14,0.0,0.0,338.0,,1847,0,332.0,344.0,337.0
2019-07-11,0.0,0.3,338.0,,2398,0,331.0,338.0,331.0
2019-07-10,0.0,-1.17,337.0,,1669,0,337.0,343.0,332.0
2019-07-09,0.0,0.0,341.0,,645,0,341.0,345.0,339.0
2019-07-08,0.0,-1.45,341.0,,2270,0,340.0,345.0,336.0
2019-07-07,0.0,-0.29,346.0,,554,0,348.0,348.0,342.0
2019-07-04,0.0,-1.14,347.0,,1429,0,351.0,353.0,346.0
2019-07-03,0.0,1.74,351.0,,657,0,345.0,351.0,345.0
2019-07-02,0.0,0.88,345.0,,1255,0,340.0,345.0,338.0
2019-07-01,0.0,-0.29,342.0,,966,0,340.0,344.0,340.0
2019-06-30,0.0,-2.0,343.0,,2038,0,350.0,350.0,341.0
2019-06-27,0.0,0.57,350.0,,1013,0,345.0,350.0,345.0
2019-06-26,0.0,-0.57,348.0,,1124,0,350.0,351.0,347.0
2019-06-25,0.0,0.0,350.0,,704,0,343.0,355.0,350.0
2019-06-24,0.0,-0.57,350.0,,927,0,346.0,351.0,345.0
2019-06-23,0.0,-1.12,352.0,,537,0,350.0,356.0,349.0
2019-06-20,0.0,0.56,356.0,,2059,0,355.0,356.0,345.0
2019-06-19,0.0,1.14,354.0,,433,0,349.0,354.0,349.0
2019-06-18,0.0,-1.41,350.0,,1070,0,355.0,355.0,349.0
2019-06-17,0.0,-0.56,355.0,,2686,0,350.0,357.0,344.0
2019-06-16,0.0,-3.51,357.0,,2489,0,363.0,363.0,349.0
2019-06-13,0.0,-1.33,370.0,,775,0,368.0,372.0,366.0
2019-06-12,0.0,1.35,375.0,,1376,0,364.0,375.0,363.0
2019-06-11,0.0,1.65,370.0,,1080,0,371.0,375.0,364.0
2019-06-10,0.0,-2.15,364.0,,1144,0,366.0,367.0,364.0
2019-06-06,0.0,-0.53,372.0,,3198,0,375.0,376.0,369.0
2019-06-04,0.0,-1.58,374.0,,1502,0,375.0,376.0,374.0
2019-06-03,0.0,0.0,380.0,,2190,0,375.0,383.0,373.0
2019-06-02,0.0,-1.55,380.0,,1688,0,385.0,385.0,375.0
2019-05-30,0.0,0.0,386.0,,6134,0,393.0,400.0,379.0
2019-05-29,0.0,-1.03,386.0,,1593,0,390.0,390.0,383.0
2019-05-28,0.0,1.83,390.0,,1712,0,384.0,390.0,380.0
2019-05-27,0.0,0.0,383.0,,1410,0,383.0,388.0,382.0
2019-05-26,0.0,-0.26,383.0,,1100,0,380.0,385.0,378.0
2019-05-23,0.0,-0.52,384.0,,2055,0,380.0,384.0,380.0
2019-05-22,0.0,1.31,386.0,,1760,0,385.0,393.0,385.0
2019-05-21,0.0,0.0,381.0,,1926,0,381.0,394.0,380.0
2019-05-20,0.0,-2.06,381.0,,1857,0,382.0,385.0,381.0
2019-05-19,0.0,-0.51,389.0,,912,0,385.0,395.0,385.0
2019-05-16,0.0,-1.01,391.0,,2138,0,400.0,400.0,383.0
2019-05-15,0.0,-0.5,395.0,,3172,0,398.0,400.0,390.0
2019-05-14,0.0,3.12,397.0,,2123,0,385.0,397.0,385.0
2019-05-13,0.0,-0.52,385.0,,1456,0,384.0,390.0,380.0
2019-05-12,0.0,-0.51,387.0,,968,0,382.0,389.0,385.0
2019-05-09,0.0,-1.27,389.0,,1378,0,390.0,391.0,389.0
2019-05-08,0.0,-0.76,394.0,,810,0,390.0,400.0,394.0
2019-05-07,0.0,-0.5,397.0,,1889,0,406.0,406.0,393.0
2019-05-06,0.0,1.01,399.0,,2290,0,395.0,399.0,391.0
2019-05-05,0.0,-3.19,395.0,,3804,0,408.0,408.0,395.0
2019-05-02,0.0,-1.21,408.0,,1723,0,410.0,411.0,402.0
2019-04-30,0.0,-1.43,413.0,,2999,0,423.0,431.0,402.0
2019-04-29,0.0,-0.48,419.0,,6989,0,429.0,445.0,413.0
2019-04-28,0.0,6.58,421.0,,7794,0,402.0,425.0,394.0
2019-04-25,0.0,2.6,395.0,,3712,0,389.0,402.0,386.0
2019-04-24,0.0,2.39,385.0,,2177,0,372.0,385.0,372.0
2019-04-23,0.0,-1.05,376.0,,946,0,380.0,380.0,373.0
2019-04-22,0.0,0.0,380.0,,2296,0,387.0,394.0,380.0
2019-04-21,0.0,1.6,380.0,,1628,0,381.0,381.0,377.0
2019-04-18,0.0,-2.86,374.0,,3864,0,390.0,392.0,373.0
2019-04-17,0.0,1.32,385.0,,3488,0,380.0,395.0,383.0
2019-04-16,0.0,4.11,380.0,,3672,0,372.0,385.0,372.0
2019-04-15,0.0,1.11,365.0,,1942,0,355.0,372.0,355.0
2019-04-11,0.0,-1.1,361.0,,2364,0,365.0,365.0,361.0
2019-04-10,0.0,-0.54,365.0,,2312,0,365.0,365.0,361.0
2019-04-09,0.0,0.55,367.0,,1027,0,365.0,367.0,361.0
2019-04-08,0.0,0.83,365.0,,1064,0,362.0,370.0,360.0
2019-04-07,0.0,1.12,362.0,,1736,0,360.0,365.0,358.0
2019-04-04,0.0,-1.38,358.0,,1444,0,363.0,372.0,358.0
2019-04-03,0.0,0.28,363.0,,1510,0,360.0,366.0,360.0
2019-04-02,0.0,0.0,362.0,,1331,0,361.0,370.0,361.0
2019-04-01,0.0,0.28,362.0,,1185,0,368.0,368.0,361.0
2019-03-31,0.0,-2.17,361.0,,1292,0,365.0,370.0,361.0
2019-03-28,0.0,1.1,369.0,,495,0,358.0,369.0,364.0
2019-03-27,0.0,0.0,365.0,,801,0,365.0,372.0,364.0
2019-03-26,0.0,0.0,365.0,,2223,0,359.0,365.0,360.0
2019-03-25,0.0,0.0,365.0,,1666,0,359.0,370.0,359.0
2019-03-24,0.0,0.55,365.0,,1450,0,363.0,367.0,363.0
2019-03-21,0.0,-1.36,363.0,,2432,0,368.0,372.0,361.0
2019-03-19,0.0,-1.34,368.0,,449,0,367.0,370.0,367.0
2019-03-18,0.0,-1.32,373.0,,621,0,374.0,378.0,372.0
2019-03-17,0.0,0.27,378.0,,1391,0,371.0,379.0,375.0
2019-03-14,0.0,0.0,377.0,,749,0,372.0,377.0,370.0
2019-03-13,0.0,-1.05,376.0,,1044,0,376.0,385.0,375.0
2019-03-12,0.0,-0.26,380.0,,1243,0,388.0,388.0,375.0
2019-03-11,0.0,-0.52,381.0,,1595,0,383.0,387.0,380.0
2019-03-10,0.0,1.05,384.0,,44,0,380.0,384.0,380.0
2019-03-09,0.0,1.05,384.0,,44,0,380.0,384.0,380.0
2019-03-07,0.0,0.0,380.0,,118,0,376.0,380.0,376.0
2019-03-06,0.0,1.33,380.0,,580,0,375.0,387.0,375.0
2019-03-05,0.0,1.35,375.0,,308,0,370.0,377.0,370.0
2019-03-03,0.0,0.54,370.0,,923,0,368.0,372.0,368.0
2019-02-27,0.0,-0.54,368.0,,561,0,366.0,370.0,368.0
2019-02-26,0.0,-1.33,370.0,,933,0,375.0,378.0,370.0
2019-02-25,0.0,1.35,375.0,,901,0,370.0,375.0,366.0
2019-02-24,0.0,-1.6,370.0,,1439,0,382.0,382.0,369.0
2019-02-21,0.0,-0.27,376.0,,617,0,370.0,380.0,370.0
2019-02-20,0.0,0.0,377.0,,2130,0,377.0,380.0,372.0
2019-02-19,0.0,1.89,377.0,,1310,0,363.0,377.0,363.0
2019-02-18,0.0,-1.33,370.0,,873,0,375.0,375.0,365.0
2019-02-17,0.0,1.08,375.0,,1063,0,372.0,375.0,368.0
2019-02-14,0.0,-0.8,371.0,,612,0,371.0,374.0,371.0
2019-02-13,0.0,-2.6,374.0,,1474,0,388.0,384.0,374.0
2019-02-12,0.0,1.05,384.0,,591,0,385.0,385.0,380.0
2019-02-11,0.0,0.0,380.0,,1674,0,387.0,393.0,380.0
2019-02-10,0.0,-2.81,380.0,,1797,0,390.0,391.0,380.0
2019-02-07,0.0,0.26,391.0,,680,0,390.0,392.0,389.0
2019-02-06,0.0,-0.51,390.0,,869,0,388.0,394.0,388.0
2019-02-05,0.0,-0.51,392.0,,1659,0,390.0,395.0,387.0
2019-02-04,0.0,2.34,394.0,,4209,0,392.0,395.0,385.0
2019-02-03,0.0,-0.52,385.0,,726,0,380.0,387.0,380.0
2019-01-31,0.0,-0.26,387.0,,660,0,388.0,389.0,383.0
2019-01-30,0.0,0.0,388.0,,382,0,388.0,389.0,382.0
2019-01-29,0.0,-0.77,388.0,,367,0,391.0,391.0,384.0
2019-01-28,0.0,-1.01,391.0,,1199,0,395.0,400.0,380.0
2019-01-27,0.0,1.54,395.0,,389,0,389.0,395.0,381.0
2019-01-24,0.0,-0.26,389.0,,1622,0,390.0,390.0,384.0
2019-01-23,0.0,1.04,390.0,,609,0,386.0,390.0,386.0
2019-01-22,0.0,-1.53,386.0,,555,0,392.0,392.0,386.0
2019-01-21,0.0,-0.76,392.0,,1584,0,395.0,400.0,391.0
2019-01-20,0.0,-0.25,395.0,,443,0,396.0,400.0,395.0
2019-01-17,0.0,1.02,396.0,,1503,0,392.0,399.0,389.0
2019-01-16,0.0,-2.0,392.0,,981,0,400.0,408.0,392.0
2019-01-15,0.0,1.52,400.0,,1531,0,394.0,400.0,394.0
2019-01-14,0.0,1.81,394.0,,649,0,387.0,394.0,387.0
2019-01-13,0.0,-1.53,387.0,,1110,0,393.0,395.0,387.0
2019-01-10,0.0,-0.25,393.0,,733,0,394.0,396.0,393.0
2019-01-09,0.0,1.03,394.0,,333,0,390.0,394.0,390.0
2019-01-08,0.0,-0.26,390.0,,1505,0,391.0,400.0,388.0
2019-01-07,0.0,0.51,391.0,,1402,0,389.0,395.0,389.0
2019-01-06,0.0,-1.27,389.0,,1277,0,394.0,394.0,385.0
2019-01-03,0.0,-0.76,394.0,,1885,0,397.0,403.0,394.0
2019-01-02,0.0,-1.24,397.0,,1276,0,402.0,405.0,395.0
2019-01-01,0.0,0.25,406.0,,1324,0,405.0,406.0,397.0
2018-12-31,0.0,-1.22,405.0,,2070,0,410.0,415.0,399.0
2018-12-30,0.0,2.97,410.0,,6118,0,395.0,420.0,395.0
2018-12-27,0.0,0.69,438.0,,5718,0,435.0,451.0,430.0
2018-12-26,0.0,2.35,435.0,,1988,0,425.0,435.0,417.0
2018-12-25,0.0,-1.16,425.0,,1190,0,430.0,436.0,420.0
2018-12-24,0.0,-0.69,430.0,,3608,0,433.0,449.0,425.0
2018-12-23,0.0,6.39,433.0,,4365,0,407.0,433.0,406.0
2018-12-20,0.0,0.74,407.0,,1290,0,404.0,420.0,404.0
2018-12-19,0.0,-1.46,404.0,,1293,0,410.0,410.0,391.0
2018-12-18,0.0,-3.72,414.0,,2669,0,430.0,438.0,412.0
2018-12-17,0.0,6.17,430.0,,1477,0,405.0,430.0,405.0
2018-12-16,0.0,3.32,405.0,,2886,0,392.0,410.0,392.0
2018-12-13,0.0,3.43,392.0,,311,0,379.0,392.0,379.0
2018-12-12,0.0,0.26,379.0,,1003,0,378.0,381.0,374.0
2018-12-11,0.0,1.61,378.0,,1411,0,372.0,379.0,372.0
2018-12-10,0.0,-1.33,372.0,,1138,0,377.0,383.0,372.0
2018-12-09,0.0,0.53,377.0,,1309,0,375.0,381.0,375.0
2018-12-06,0.0,-0.79,375.0,,831,0,378.0,383.0,372.0
2018-12-04,0.0,0.79,382.0,,1538,0,379.0,385.0,373.0
2018-12-03,0.0,1.88,379.0,,1723,0,372.0,381.0,370.0
2018-12-02,0.0,-2.62,372.0,,2326,0,382.0,382.0,371.0
2018-11-29,0.0,-4.02,382.0,,2652,0,398.0,399.0,380.0
2018-11-28,0.0,2.58,398.0,,889,0,388.0,400.0,385.0
2018-11-27,0.0,2.92,388.0,,380,0,377.0,388.0,377.0
2018-11-26,0.0,-3.76,384.0,,2442,0,399.0,399.0,384.0
2018-11-25,0.0,-1.24,399.0,,846,0,404.0,404.0,397.0
2018-11-22,0.0,-1.22,404.0,,1126,0,409.0,409.0,395.0
2018-11-21,0.0,0.99,409.0,,234,0,405.0,410.0,403.0
2018-11-20,0.0,1.5,405.0,,1303,0,399.0,405.0,399.0
2018-11-19,0.0,0.0,400.0,,389,0,400.0,402.0,394.0
2018-11-18,0.0,-2.44,400.0,,1407,0,410.0,410.0,397.0
2018-11-15,0.0,-0.24,410.0,,480,0,411.0,414.0,410.0
2018-11-14,0.0,-0.72,411.0,,920,0,414.0,415.0,411.0
2018-11-05,0.0,-0.7,425.0,,703,0,420.0,425.0,412.0
2018-11-04,0.0,0.71,428.0,,306,0,426.0,429.0,421.0
2018-11-01,0.0,-0.47,425.0,,804,0,425.0,430.0,424.0
2018-10-31,0.0,-0.7,427.0,,985,0,426.0,431.0,426.0
2018-10-30,0.0,-0.46,430.0,,924,0,430.0,433.0,425.0
2018-10-29,0.0,-1.82,432.0,,1422,0,440.0,440.0,430.0
2018-10-28,0.0,-1.12,440.0,,657,0,444.0,444.0,436.0
2018-10-25,0.0,-1.11,445.0,,1019,0,445.0,445.0,440.0
2018-10-24,0.0,1.58,450.0,,1480,0,451.0,460.0,446.0
2018-10-15,0.0,-0.45,444.0,,2094,0,453.0,454.0,443.0
2018-10-14,0.0,2.53,445.0,,2452,0,441.0,454.0,433.0
2018-10-11,0.0,0.0,434.0,,773,0,426.0,434.0,426.0
2018-10-10,0.0,2.12,434.0,,1099,0,425.0,434.0,422.0
2018-10-09,0.0,-1.62,425.0,,3054,0,428.0,440.0,424.0
2018-10-08,0.0,0.23,432.0,,3513,0,432.0,435.0,422.0
2018-10-07,0.0,-4.43,432.0,,2906,0,458.0,458.0,422.0
2018-10-04,0.0,-3.63,451.0,,3711,0,460.0,464.0,451.0
2018-10-03,0.0,-0.64,468.0,,616,0,465.0,473.0,462.0
2018-10-02,0.0,0.21,471.0,,1463,0,465.0,471.0,465.0
2018-10-01,0.0,-1.26,470.0,,791,0,470.0,475.0,465.0
2018-09-30,0.0,-2.46,476.0,,1417,0,497.0,497.0,475.0
2018-09-27,0.0,-1.21,488.0,,807,0,485.0,491.0,485.0
2018-09-26,0.0,0.0,494.0,,442,0,490.0,494.0,490.0
2018-09-25,0.0,1.24,491.0,,1050,0,494.0,494.0,486.0
2018-09-23,0.0,-1.82,485.0,,2339,0,490.0,494.0,484.0
2018-09-20,0.0,-0.4,494.0,,594,0,492.0,495.0,492.0
2018-09-18,0.0,0.61,496.0,,1542,0,500.0,501.0,495.0
2018-09-17,0.0,0.0,495.0,,2364,0,493.0,502.0,491.0
2018-09-16,0.0,-0.2,493.0,,1247,0,490.0,499.0,490.0
2018-09-13,0.0,0.82,494.0,,906,0,491.0,504.0,487.0
2018-09-12,0.0,-0.61,490.0,,640,0,500.0,500.0,490.0
2018-09-11,0.0,-0.4,493.0,,371,0,500.0,510.0,493.0
2018-09-10,0.0,0.61,495.0,,865,0,492.0,495.0,485.0
2018-09-09,0.0,-3.53,492.0,,901,0,500.0,501.0,490.0
2018-09-06,0.0,0.59,510.0,,1836,0,510.0,528.0,510.0
2018-09-05,0.0,0.6,507.0,,1154,0,514.0,514.0,507.0
2018-09-04,0.0,1.61,504.0,,496,0,503.0,505.0,500.0
2018-09-03,0.0,0.61,496.0,,3018,0,500.0,509.0,496.0
2018-09-02,0.0,1.65,493.0,,897,0,490.0,494.0,485.0
2018-08-30,0.0,1.04,485.0,,254,0,485.0,488.0,482.0
2018-08-29,0.0,-1.03,480.0,,789,0,480.0,485.0,479.0
2018-08-28,0.0,-3.0,485.0,,647,0,490.0,494.0,485.0
2018-08-26,0.0,0.0,504.0,,336,0,490.0,504.0,490.0
2018-08-23,0.0,0.4,500.0,,1166,0,492.0,500.0,489.0
2018-08-22,0.0,1.01,498.0,,931,0,501.0,505.0,495.0
2018-08-21,0.0,-1.4,493.0,,196,0,490.0,495.0,490.0
2018-08-20,0.0,0.0,500.0,,910,0,493.0,500.0,493.0
2018-08-19,0.0,-1.96,500.0,,541,0,503.0,511.0,495.0
2018-08-16,0.0,-1.92,511.0,,1885,0,530.0,530.0,500.0
2018-08-15,0.0,5.48,520.0,,721,0,498.0,520.0,490.0
2018-08-14,0.0,0.82,493.0,,1236,0,498.0,498.0,490.0
2018-08-13,0.0,0.82,489.0,,668,0,485.0,489.0,480.0
2018-08-12,0.0,-2.02,485.0,,1961,0,490.0,498.0,485.0
2018-08-09,0.0,-1.39,495.0,,1160,0,500.0,505.0,492.0
2018-08-08,0.0,-1.57,502.0,,851,0,507.0,507.0,493.0
2018-08-07,0.0,-1.92,510.0,,1749,0,519.0,520.0,510.0
2018-08-06,0.0,0.0,520.0,,383,0,520.0,520.0,515.0
2018-08-05,0.0,-0.76,520.0,,1233,0,534.0,534.0,519.0
2018-08-02,0.0,0.19,524.0,,671,0,523.0,530.0,523.0
2018-08-01,0.0,-0.38,523.0,,1442,0,520.0,533.0,518.0
2018-07-31,0.0,0.38,525.0,,1029,0,521.0,525.0,520.0
2018-07-30,0.0,-1.32,525.0,,359,0,536.0,538.0,523.0
2018-07-29,0.0,1.53,530.0,,879,0,530.0,538.0,530.0
2018-07-26,0.0,-3.69,522.0,,515,0,536.0,539.0,522.0
2018-07-25,0.0,0.37,542.0,,559,0,530.0,542.0,530.0
2018-07-24,0.0,1.89,542.0,,760,0,530.0,549.0,530.0
2018-07-23,0.0,1.73,530.0,,924,0,520.0,530.0,520.0
2018-07-22,0.0,-2.62,521.0,,830,0,535.0,535.0,520.0
2018-07-19,0.0,-0.56,535.0,,656,0,530.0,540.0,530.0
2018-07-18,0.0,-1.82,538.0,,133,0,545.0,545.0,538.0
2018-07-17,0.0,-1.26,550.0,,603,0,546.0,554.0,546.0
2018-07-16,0.0,0.91,555.0,,1071,0,550.0,555.0,539.0
2018-07-15,0.0,1.48,550.0,,685,0,550.0,550.0,544.0
2018-07-12,0.0,0.37,542.0,,1275,0,550.0,550.0,541.0
2018-07-11,0.0,0.37,540.0,,2337,0,540.0,570.0,540.0
2018-07-10,0.0,-0.74,538.0,,1405,0,542.0,550.0,535.0
2018-07-09,0.0,-2.34,542.0,,1156,0,555.0,555.0,540.0
2018-07-08,0.0,2.78,555.0,,2663,0,550.0,561.0,542.0
2018-07-05,0.0,4.85,540.0,,3071,0,515.0,550.0,515.0
2018-07-04,0.0,3.0,515.0,,1719,0,500.0,515.0,493.0
2018-07-03,0.0,-0.99,500.0,,2468,0,510.0,510.0,500.0
2018-07-02,0.0,0.19,524.0,,671,0,523.0,530.0,523.0
2018-07-01,0.0,-0.38,523.0,,1442,0,520.0,533.0,518.0
2018-06-28,0.0,-0.94,525.0,,1044,0,528.0,540.0,525.0
2018-06-27,0.0,0.0,530.0,,398,0,523.0,530.0,523.0
2018-06-26,0.0,-2.75,530.0,,1312,0,540.0,540.0,530.0
2018-06-25,0.0,0.18,545.0,,385,0,544.0,548.0,540.0
2018-06-24,0.0,0.0,544.0,,461,0,540.0,554.0,540.0
2018-06-21,0.0,-0.73,544.0,,710,0,550.0,555.0,544.0
2018-06-20,0.0,-0.36,548.0,,367,0,546.0,549.0,545.0
2018-06-19,0.0,0.0,550.0,,655,0,550.0,561.0,549.0
2018-06-18,0.0,1.29,550.0,,1101,0,540.0,550.0,540.0
2018-06-17,0.0,-1.09,543.0,,1244,0,540.0,543.0,535.0
2018-06-14,0.0,1.67,540.0,,717,0,545.0,550.0,543.0
2018-06-13,0.0,-2.17,541.0,,2277,0,550.0,552.0,540.0
2018-06-12,0.0,0.36,550.0,,1421,0,551.0,555.0,546.0
2018-06-11,0.0,0.18,550.0,,1836,0,550.0,560.0,539.0
2018-06-10,0.0,-3.51,549.0,,1427,0,575.0,575.0,546.0
2018-06-07,0.0,-0.35,569.0,,5805,0,572.0,588.0,565.0
2018-06-06,0.0,-0.35,569.0,,5805,0,572.0,588.0,565.0
2018-06-04,0.0,-1.34,810.0,,12152,0,837.0,837.0,805.0
2018-06-03,0.0,-3.53,821.0,,7801,0,850.0,855.0,817.0
2018-05-31,0.0,-1.85,852.0,,4575,0,868.0,875.0,850.0
2018-05-30,0.0,-0.46,867.0,,2191,0,870.0,875.0,860.0
2018-05-29,0.0,-0.23,871.0,,6335,0,876.0,885.0,867.0
2018-05-28,0.0,2.71,873.0,,8098,0,850.0,873.0,851.0
2018-05-27,0.0,2.41,850.0,,4286,0,840.0,860.0,814.0
2018-05-24,0.0,-2.35,830.0,,1554,0,850.0,850.0,830.0
2018-05-23,0.0,-1.05,850.0,,665,0,855.0,855.0,842.0
2018-05-22,0.0,-0.23,859.0,,1116,0,869.0,869.0,850.0
2018-05-21,0.0,1.77,861.0,,1444,0,845.0,861.0,840.0
2018-05-20,0.0,-0.47,846.0,,2035,0,867.0,879.0,841.0
2018-05-17,0.0,0.0,850.0,,2141,0,838.0,862.0,838.0
2018-05-16,0.0,-0.58,850.0,,1704,0,850.0,860.0,840.0
2018-05-15,0.0,-0.58,855.0,,2044,0,865.0,865.0,855.0
2018-05-14,0.0,1.18,861.0,,3576,0,867.0,868.0,850.0
2018-05-10,0.0,-1.05,850.0,,5098,0,859.0,876.0,850.0
2018-05-09,0.0,-1.83,859.0,,1110,0,875.0,887.0,855.0
2018-05-08,0.0,3.06,875.0,,969,0,840.0,875.0,836.0
2018-05-07,0.0,-1.05,855.0,,625,0,845.0,856.0,833.0
2018-05-06,0.0,-1.38,860.0,,3272,0,875.0,890.0,857.0
2018-05-03,0.0,2.84,870.0,,6311,0,860.0,870.0,847.0
2018-05-02,0.0,2.79,846.0,,2266,0,823.0,846.0,815.0
2018-04-29,0.0,-1.79,823.0,,5365,0,840.0,840.0,815.0
2018-04-26,0.0,-1.99,837.0,,5393,0,838.0,860.0,831.0
2018-04-25,0.0,-1.61,855.0,,2464,0,860.0,886.0,852.0
2018-04-24,0.0,-0.91,869.0,,4423,0,870.0,873.0,828.0
2018-04-23,0.0,-1.13,877.0,,9309,0,904.0,922.0,859.0
2018-04-22,0.0,2.31,887.0,,7224,0,867.0,900.0,863.0
2018-04-19,0.0,-0.91,867.0,,8090,0,870.0,884.0,850.0
2018-04-18,0.0,4.04,875.0,,12212,0,857.0,918.0,835.0
2018-04-17,0.0,9.93,841.0,,13192,0,765.0,841.0,770.0
2018-04-16,0.0,5.08,765.0,,4912,0,730.0,784.0,730.0
2018-04-15,0.0,-0.27,728.0,,3477,0,730.0,728.0,710.0
2018-04-12,0.0,-0.68,730.0,,4091,0,730.0,744.0,730.0
2018-04-11,0.0,2.08,735.0,,4416,0,710.0,740.0,695.0
2018-04-10,0.0,-2.04,720.0,,4423,0,730.0,754.0,715.0
2018-04-09,0.0,-2.39,735.0,,7711,0,756.0,780.0,728.0
2018-04-08,0.0,7.57,753.0,,5150,0,695.0,770.0,695.0
2018-04-05,0.0,0.72,700.0,,6201,0,690.0,708.0,683.0
2018-04-04,0.0,5.62,695.0,,5043,0,661.0,705.0,660.0
2018-04-03,0.0,-0.3,655.0,,2449,0,652.0,662.0,652.0
2018-04-02,0.0,0.0,660.0,,2028,0,660.0,670.0,660.0
2018-04-01,0.0,-3.23,660.0,,1727,0,682.0,682.0,650.0
2018-03-29,0.0,-0.73,682.0,,4143,0,687.0,690.0,675.0
2018-03-28,0.0,-2.55,687.0,,2746,0,719.0,732.0,687.0
2018-03-27,0.0,8.46,705.0,,2504,0,645.0,715.0,607.0
2018-03-26,0.0,-6.61,650.0,,2461,0,708.0,708.0,640.0
2018-03-22,0.0,-2.52,696.0,,1108,0,700.0,734.0,695.0
2018-03-21,0.0,-1.65,714.0,,1000,0,712.0,714.0,702.0
2018-03-20,0.0,-1.76,726.0,,1014,0,731.0,731.0,724.0
2018-03-19,0.0,-0.14,739.0,,1211,0,740.0,750.0,735.0
2018-03-18,0.0,-0.4,740.0,,2015,0,742.0,750.0,735.0
2018-03-15,0.0,0.41,743.0,,653,0,754.0,754.0,741.0
2018-03-14,0.0,1.37,740.0,,707,0,731.0,754.0,731.0
2018-03-13,0.0,0.55,730.0,,1528,0,735.0,739.0,730.0
2018-03-12,0.0,-1.22,726.0,,1189,0,735.0,740.0,721.0
2018-03-11,0.0,-5.16,735.0,,2266,0,775.0,775.0,735.0
2018-03-07,0.0,0.78,775.0,,2344,0,784.0,799.0,750.0
2018-03-06,0.0,2.26,769.0,,3396,0,737.0,769.0,717.0
2018-03-05,0.0,-1.7,752.0,,3452,0,780.0,795.0,734.0
2018-03-04,0.0,-6.71,765.0,,2859,0,804.0,804.0,751.0
2018-02-28,0.0,-2.38,824.0,,1505,0,838.0,838.0,820.0
2018-02-27,0.0,0.84,840.0,,1480,0,825.0,867.0,824.0
2018-02-26,0.0,-1.42,833.0,,3747,0,845.0,845.0,830.0
2018-02-25,0.0,-1.52,847.0,,4246,0,860.0,875.0,843.0
2018-02-22,0.0,-1.04,855.0,,1466,0,851.0,875.0,850.0
2018-02-21,0.0,-0.34,867.0,,1414,0,880.0,881.0,863.0
2018-02-20,0.0,-1.58,870.0,,7120,0,901.0,901.0,853.0
2018-02-18,0.0,-4.64,884.0,,6278,0,927.0,950.0,884.0
2018-02-15,0.0,0.32,927.0,,6702,0,939.0,939.0,885.0
2018-02-14,0.0,10.0,924.0,,4555,0,850.0,924.0,839.0
2018-02-12,0.0,-5.08,840.0,,9145,0,868.0,868.0,802.0
2018-02-11,0.0,-9.97,885.0,,973,0,964.0,964.0,885.0
2018-02-08,0.0,-9.98,983.0,,3152,0,1080.0,1080.0,983.0
2018-02-07,0.0,-0.46,1092.0,,286,0,1100.0,1100.0,1091.0
2018-02-06,0.0,-0.72,1097.0,,54,0,1100.0,1110.0,1097.0
2018-02-05,0.0,-1.69,1105.0,,118,0,1102.0,1124.0,1102.0
2018-02-04,0.0,2.0,1124.0,,44,0,1106.0,1124.0,1106.0
2018-02-01,0.0,-1.17,1102.0,,341,0,1120.0,1121.0,1102.0
2018-01-31,0.0,-0.45,1115.0,,255,0,1130.0,1130.0,1111.0
2018-01-29,0.0,-0.18,1120.0,,224,0,1122.0,1122.0,1100.0
2018-01-28,0.0,-1.58,1122.0,,115,0,1120.0,1122.0,1120.0
2018-01-25,0.0,1.88,1140.0,,196,0,1119.0,1141.0,1115.0
2018-01-24,0.0,-0.97,1119.0,,137,0,1110.0,1122.0,1110.0
2018-01-23,0.0,-0.62,1132.0,,173,0,1140.0,1140.0,1130.0
2018-01-22,0.0,0.44,1137.0,,83,0,1115.0,1137.0,1115.0
2018-01-21,0.0,-5.51,1132.0,,34,0,1175.0,1175.0,1132.0
2018-01-17,0.0,5.27,1175.0,,338,0,1116.0,1198.0,1116.0
2018-01-16,0.0,-1.98,1138.0,,351,0,1138.0,1149.0,1138.0
2018-01-14,0.0,-1.61,1161.0,,119,0,1158.0,1161.0,1158.0
2018-01-10,0.0,-0.42,1180.0,,511,0,1195.0,1195.0,1168.0
2018-01-09,0.0,0.42,1185.0,,83,0,1180.0,1198.0,1175.0
2018-01-08,0.0,0.34,1180.0,,176,0,1185.0,1185.0,1180.0
2018-01-07,0.0,-1.18,1176.0,,27,0,1170.0,1176.0,1170.0
2018-01-04,0.0,-0.83,1190.0,,148,0,1177.0,1190.0,1176.0
2018-01-03,0.0,-1.07,1200.0,,254,0,1195.0,1200.0,1180.0
2018-01-02,0.0,4.12,1213.0,,700,0,1142.0,1235.0,1142.0
2018-01-01,0.0,-0.26,1165.0,,78,0,1168.0,1168.0,1160.0
2017-12-31,0.0,-1.43,1168.0,,42,0,1163.0,1168.0,1163.0
2017-12-28,0.0,-2.23,1185.0,,411,0,1212.0,1220.0,1180.0
2017-12-27,0.0,-1.46,1212.0,,186,0,1230.0,1230.0,1210.0
2017-12-26,0.0,-0.73,1230.0,,176,0,1225.0,1240.0,1225.0
2017-12-24,0.0,0.08,1239.0,,473,0,1238.0,1245.0,1238.0
2017-12-21,0.0,-0.4,1238.0,,128,0,1240.0,1245.0,1238.0
2017-12-20,0.0,-0.16,1243.0,,61,0,1240.0,1250.0,1240.0
2017-12-19,0.0,-1.5,1245.0,,565,0,1250.0,1264.0,1243.0
2017-12-18,0.0,-1.63,1264.0,,276,0,1285.0,1285.0,1240.0
2017-12-17,0.0,-1.15,1285.0,,180,0,1300.0,1300.0,1264.0
2017-12-14,0.0,-0.31,1286.0,,67,0,1286.0,1287.0,1286.0
2017-12-13,0.0,1.9,1290.0,,197,0,1260.0,1290.0,1260.0
2017-12-12,0.0,-0.71,1266.0,,360,0,1280.0,1280.0,1261.0
2017-12-11,0.0,-0.23,1272.0,,54,0,1265.0,1275.0,1265.0
2017-12-10,0.0,-1.39,1278.0,,111,0,1285.0,1285.0,1278.0
2017-12-06,0.0,-0.31,1296.0,,546,0,1300.0,1326.0,1281.0
2017-12-05,0.0,0.39,1300.0,,266,0,1287.0,1305.0,1287.0
2017-12-04,0.0,-1.82,1298.0,,668,0,1300.0,1305.0,1295.0
2017-11-30,0.0,-1.35,1319.0,,1171,0,1320.0,1335.0,1300.0
2017-11-29,0.0,5.28,1337.0,,2333,0,1285.0,1361.0,1285.0
2017-11-28,0.0,0.79,1270.0,,285,0,1265.0,1280.0,1265.0
2017-11-27,0.0,0.8,1260.0,,1821,0,1251.0,1266.0,1250.0
2017-11-26,0.0,2.88,1250.0,,511,0,1215.0,1265.0,1221.0
2017-11-23,0.0,-1.7,1215.0,,998,0,1236.0,1240.0,1215.0
2017-11-22,0.0,-0.32,1236.0,,213,0,1240.0,1240.0,1230.0
2017-11-21,0.0,0.0,1240.0,,470,0,1231.0,1250.0,1231.0
2017-11-20,0.0,0.32,1240.0,,216,0,1237.0,1250.0,1235.0
2017-11-19,0.0,-1.28,1236.0,,627,0,1252.0,1250.0,1236.0
2017-11-16,0.0,0.16,1252.0,,750,0,1251.0,1260.0,1250.0
2017-11-15,0.0,-1.03,1250.0,,1057,0,1271.0,1280.0,1250.0
2017-11-14,0.0,0.56,1270.0,,631,0,1280.0,1292.0,1260.0
2017-11-13,0.0,0.96,1261.0,,324,0,1265.0,1265.0,1251.0
2017-11-12,0.0,-3.72,1244.0,,738,0,1292.0,1272.0,1240.0
2017-11-09,0.0,1.74,1348.0,,3311,0,1326.0,1348.0,1320.0
2017-11-08,0.0,-1.19,1325.0,,880,0,1327.0,1340.0,1315.0
2017-11-07,0.0,-0.3,1341.0,,1028,0,1345.0,1355.0,1340.0
2017-11-06,0.0,0.98,1345.0,,2075,0,1332.0,1351.0,1323.0
2017-11-05,0.0,4.47,1332.0,,3723,0,1300.0,1345.0,1300.0
2017-11-02,0.0,-1.85,1275.0,,523,0,1290.0,1290.0,1274.0
2017-11-01,0.0,-0.46,1297.0,,663,0,1279.0,1300.0,1254.0
2017-10-31,0.0,3.98,1305.0,,182,0,1260.0,1305.0,1250.0
2017-10-30,0.0,0.0,1255.0,,752,0,1255.0,1257.0,1239.0
2017-10-29,0.0,-1.95,1255.0,,502,0,1270.0,1270.0,1231.0
2017-10-25,0.0,0.16,1279.0,,680,0,1256.0,1280.0,1256.0
2017-10-24,0.0,-1.69,1278.0,,63,0,1300.0,1278.0,1265.0
2017-10-23,0.0,-1.89,1300.0,,751,0,1325.0,1325.0,1300.0
2017-10-22,0.0,-0.38,1325.0,,338,0,1335.0,1335.0,1320.0
2017-10-18,0.0,3.91,1329.0,,601,0,1261.0,1332.0,1240.0
2017-10-17,0.0,-1.16,1280.0,,456,0,1290.0,1291.0,1276.0
2017-10-16,0.0,3.19,1295.0,,589,0,1250.0,1295.0,1250.0
2017-10-15,0.0,1.21,1255.0,,194,0,1264.0,1264.0,1250.0
2017-10-12,0.0,-1.04,1240.0,,238,0,1253.0,1253.0,1235.0
2017-10-11,0.0,-0.56,1240.0,,515,0,1270.0,1295.0,1252.0
2017-10-10,0.0,-0.71,1260.0,,383,0,1279.0,1280.0,1260.0
2017-10-09,0.0,0.32,1269.0,,520,0,1270.0,1270.0,1241.0
2017-10-08,0.0,-2.77,1265.0,,548,0,1285.0,1285.0,1265.0
2017-10-04,0.0,-2.18,1301.0,,537,0,1310.0,1313.0,1300.0
2017-10-03,0.0,-1.41,1330.0,,171,0,1330.0,1332.0,1330.0
2017-09-26,0.0,0.67,1349.0,,960,0,1340.0,1364.0,1340.0
2017-09-25,0.0,1.52,1340.0,,190,0,1346.0,1350.0,1340.0
2017-09-24,0.0,3.12,1320.0,,1188,0,1305.0,1366.0,1305.0
2017-09-20,0.0,-3.4,1280.0,,1123,0,1301.0,1325.0,1280.0
2017-09-18,0.0,0.38,1325.0,,1706,0,1320.0,1350.0,1320.0
2017-09-17,0.0,-1.12,1320.0,,1330,0,1309.0,1360.0,1300.0
2017-09-14,0.0,2.3,1335.0,,1407,0,1304.0,1335.0,1295.0
2017-09-13,0.0,0.85,1305.0,,1649,0,1315.0,1327.0,1265.0
2017-09-12,0.0,0.7,1294.0,,1650,0,1279.0,1310.0,1265.0
2017-09-11,0.0,-3.6,1285.0,,2356,0,1333.0,1333.0,1280.0
2017-09-10,0.0,-5.46,1333.0,,4520,0,1400.0,1407.0,1320.0
2017-09-07,0.0,5.38,1410.0,,19724,0,1364.0,1471.0,1364.0
2017-09-06,0.0,9.94,1338.0,,1051,0,1241.0,1338.0,1241.0
2017-09-04,0.0,9.94,1217.0,,1741,0,1129.0,1217.0,1129.0
2017-08-31,0.0,-0.92,3121.0,,12169,0,3150.0,3168.0,3121.0
2017-08-30,0.0,-0.94,3150.0,,4061,0,3180.0,3200.0,3130.0
2017-08-28,0.0,-0.62,3180.0,,4654,0,3250.0,3250.0,3155.0
2017-08-27,0.0,1.75,3200.0,,7842,0,3145.0,3200.0,3150.0
2017-08-24,0.0,2.78,3145.0,,4736,0,3060.0,3150.0,3075.0
2017-08-23,0.0,1.83,3065.0,,2601,0,3005.0,3200.0,3005.0
2017-08-22,0.0,1.45,2945.0,,1045,0,2970.0,3060.0,2960.0
2017-08-21,0.0,-1.76,2962.0,,680,0,3015.0,3019.0,2962.0
2017-08-20,0.0,-0.17,3015.0,,1137,0,3010.0,3025.0,2985.0
2017-08-17,0.0,0.27,3020.0,,902,0,3060.0,3040.0,3000.0
2017-08-16,0.0,-0.43,3012.0,,1433,0,3000.0,3100.0,3000.0
2017-08-15,0.0,-2.42,3025.0,,1269,0,3150.0,3150.0,3010.0
2017-08-13,0.0,-1.62,3100.0,,1314,0,3151.0,3151.0,3090.0
2017-08-10,0.0,-0.16,3088.0,,2598,0,3101.0,3190.0,3101.0
2017-08-09,0.0,0.19,3156.0,,1613,0,3100.0,3179.0,3100.0
2017-08-07,0.0,-0.03,3150.0,,1874,0,3160.0,3175.0,3120.0
2017-08-06,0.0,-0.72,3151.0,,2167,0,3180.0,3209.0,3150.0
2017-08-03,0.0,0.06,3174.0,,2575,0,3172.0,3235.0,3155.0
2017-08-02,0.0,-1.31,3172.0,,2762,0,3210.0,3240.0,3150.0
2017-08-01,0.0,3.68,3214.0,,3326,0,3101.0,3225.0,3100.0
2017-07-31,0.0,0.32,3100.0,,2068,0,3100.0,3120.0,3081.0
2017-07-30,0.0,0.0,3090.0,,2152,0,3030.0,3131.0,3030.0
2017-07-27,0.0,-0.03,3090.0,,1750,0,3036.0,3213.0,3035.0
2017-07-26,0.0,0.32,3091.0,,1592,0,3082.0,3120.0,3050.0
2017-07-25,0.0,1.28,3081.0,,1914,0,3102.0,3102.0,3040.0
2017-07-24,0.0,-2.19,3042.0,,1723,0,3150.0,3150.0,2843.0
2017-07-23,0.0,-0.96,3110.0,,5689,0,3170.0,3233.0,3095.0
2017-07-20,0.0,4.67,3140.0,,6474,0,2940.0,3180.0,2940.0
2017-07-19,0.0,0.0,2999.0,,2010,0,3000.0,3010.0,2940.0
2017-07-18,0.0,2.01,3000.0,,1985,0,2999.0,3000.0,2950.0
2017-07-17,0.0,0.72,2941.0,,1115,0,2930.0,2980.0,2901.0
2017-07-16,0.0,-1.02,2920.0,,1030,0,2905.0,2923.0,2903.0
2017-07-13,0.0,-0.84,2950.0,,898,0,2940.0,2950.0,2885.0
2017-07-12,0.0,-0.17,2975.0,,993,0,2980.0,2980.0,2950.0
2017-07-11,0.0,1.02,2980.0,,1698,0,2950.0,3000.0,2944.0
2017-07-10,0.0,0.51,2950.0,,861,0,2980.0,2980.0,2934.0
2017-07-09,0.0,-2.98,2935.0,,1222,0,3025.0,3085.0,2905.0
2017-07-06,0.0,0.2,3025.0,,1798,0,3030.0,3030.0,2970.0
2017-07-05,0.0,3.75,3019.0,,617,0,2920.0,3019.0,2910.0
2017-07-04,0.0,-0.17,2910.0,,358,0,2915.0,2930.0,2892.0
2017-07-03,0.0,-0.51,2915.0,,522,0,2900.0,2920.0,2900.0
2017-07-02,0.0,0.14,2930.0,,898,0,2900.0,2955.0,2900.0
2017-06-28,0.0,0.9,2926.0,,1203,0,2900.0,2955.0,2900.0
2017-06-27,0.0,-2.03,2912.0,,1136,0,2960.0,2990.0,2900.0
2017-06-25,0.0,2.42,2960.0,,1034,0,2833.0,2990.0,2833.0
2017-06-22,0.0,1.19,2888.0,,1405,0,2857.0,2890.0,2821.0
2017-06-21,0.0,0.56,2856.0,,702,0,2840.0,2927.0,2821.0
2017-06-20,0.0,0.04,2840.0,,1464,0,2820.0,2880.0,2815.0
2017-06-19,0.0,-0.77,2839.0,,910,0,2850.0,2864.0,2830.0
2017-06-18,0.0,-1.38,2861.0,,1279,0,2901.0,2890.0,2850.0
2017-06-15,0.0,0.28,2901.0,,3317,0,2860.0,3009.0,2840.0
2017-06-14,0.0,-3.57,2893.0,,2670,0,2998.0,2998.0,2882.0
2017-06-13,0.0,-2.28,3000.0,,6005,0,3010.0,3035.0,2950.0
2017-06-12,0.0,-2.26,3070.0,,17573,0,3203.0,3455.0,2956.0
2017-06-11,0.0,9.98,3141.0,,4040,0,2913.0,3141.0,2913.0
2017-06-08,0.0,9.97,2856.0,,178,0,2648.0,2856.0,2648.0
2017-06-07,0.0,10.0,2597.0,,68,0,2408.0,2597.0,2408.0
2017-06-06,0.0,9.97,2361.0,,60,0,2189.0,2361.0,2189.0
2017-06-05,0.0,9.99,2147.0,,60,0,1991.0,2147.0,1991.0
2017-06-04,0.0,9.97,1952.0,,58,0,1810.0,1952.0,1810.0
2017-06-01,0.0,3.98,1775.0,,20,0,1741.0,1775.0,1741.0
2017-05-31,0.0,8.11,1707.0,,54,0,1579.0,1707.0,1610.0
2017-05-30,0.0,3.95,1579.0,,20,0,1549.0,1579.0,1549.0
2017-05-28,0.0,8.11,1519.0,,40,0,1433.0,1519.0,1433.0
2017-05-24,0.0,9.94,1405.0,,80,0,1278.0,1405.0,1303.0
2017-05-23,0.0,6.06,1278.0,,38,0,1229.0,1278.0,1229.0
2017-05-22,0.0,3.97,1205.0,,20,0,1182.0,1205.0,1182.0
2017-05-21,0.0,5.94,1159.0,,30,0,1115.0,1159.0,1115.0
2017-05-16,0.0,0.0,1094.0,,10,0,,,
2017-05-11,0.0,7.04,1094.0,,24,0,1073.0,1094.0,1073.0
2017-05-09,0.0,0.0,,,10,0,1022.0,,
2017-05-08,0.0,2.0,1022.0,,10,0,1022.0,1022.0,1022.0
2017-05-04,0.0,1.93,1002.0,,10,0,1002.0,1002.0,1002.0
2017-05-02,0.0,8.02,983.0,,44,0,928.0,983.0,928.0
2017-04-30,0.0,1.9,910.0,,20,0,910.0,910.0,910.0
2017-04-27,0.0,0.0,910.0,,10,0,,,
2017-04-26,0.0,3.96,893.0,,28,0,876.0,893.0,876.0
2017-04-25,0.0,5.92,859.0,,38,0,827.0,859.0,827.0
2017-04-24,0.0,1.88,811.0,,10,0,811.0,811.0,811.0
2017-04-18,0.0,3.92,796.0,,20,0,781.0,796.0,781.0
2017-04-13,0.0,2.0,766.0,,10,0,766.0,766.0,766.0
2017-04-10,0.0,1.9,751.0,,10,0,751.0,751.0,751.0
2017-04-04,0.0,0.0,751.0,,14,0,,,
2017-03-29,0.0,4.99,737.0,,14,0,702.0,737.0,737.0
2017-03-22,0.0,1.89,716.0,,14,0,702.0,702.0,702.0
2017-03-21,0.0,3.92,689.0,,50,0,676.0,689.0,676.0
2017-03-13,0.0,9.94,763.0,,182,0,728.0,763.0,728.0
2017-03-09,0.0,9.98,694.0,,58,0,643.0,694.0,643.0
2017-03-07,0.0,9.93,631.0,,236,0,585.0,631.0,585.0
2017-03-06,0.0,7.89,585.0,,54,0,542.0,574.0,542.0
2017-03-05,0.0,9.92,532.0,,90,0,493.0,532.0,493.0
2017-03-02,0.0,9.75,484.0,,58,0,449.0,484.0,449.0
2017-03-01,0.0,9.98,441.0,,72,0,409.0,441.0,409.0
2017-02-26,0.0,5.53,401.0,,30,0,387.0,401.0,387.0
2017-02-23,0.0,7.95,380.0,,50,0,359.0,380.0,359.0
2017-02-21,0.0,1.73,352.0,,10,0,352.0,352.0,352.0
2017-02-08,0.0,0.0,346.0,,30,0,334.0,346.0,334.0
