DATE,CHANGE,CHANGE %,CLOSE,TURNOVER,VOLUME,TRADE,OPEN,HIGH,LOW
2026-05-08,6.4,1.56,417.4,79.77,19299,95,411.1,417.4,411.0
2026-05-07,2.4,0.59,411.0,75.53,18472,87,407.1,414.8,407.1
2026-05-06,-3.9,-0.95,408.6,51.26,12499,65,412.0,415.0,408.0
2026-05-05,-1.5,-0.36,412.5,20.32,4936,58,416.3,416.3,408.0
2026-05-04,0.2,0.05,414.0,,25203,94,411.0,417.0,410.0
2026-04-30,-1.2,-0.29,413.8,82.87,20093,80,418.0,420.0,410.0
2026-04-29,-1.0,-0.24,415.0,82.06,19843,90,412.0,418.0,411.0
2026-04-28,0.0,0.0,416.0,,25220,107,416.0,425.9,413.1
2026-04-27,2.0,0.48,416.0,42.81,10254,75,414.0,421.0,414.0
2026-04-24,-1.5,-0.36,414.0,65.2,15700,91,411.0,418.0,411.0
2026-04-23,-4.5,-1.07,415.5,,25357,110,425.0,432.0,414.0
2026-04-22,-3.0,-0.71,420.0,,154781,210,425.0,426.9,412.1
2026-04-21,-0.7,-0.17,423.0,,24397,128,403.0,439.0,403.0
2026-04-20,-1.4,-0.33,423.7,,58734,104,424.0,430.0,418.1
2026-04-17,-1.9,-0.44,425.1,97.68,22947,124,432.0,435.0,421.4
2026-04-16,-6.9,-1.59,427.0,,30155,139,436.5,436.5,427.0
2026-04-15,8.9,2.09,433.9,,36576,196,425.2,437.5,425.1
2026-04-13,-2.0,-0.47,425.0,82.93,19442,124,422.5,431.0,422.5
2026-04-10,-5.0,-1.16,427.0,,40520,189,433.0,434.0,423.5
2026-04-09,5.0,1.17,432.0,,38450,215,430.0,433.0,422.8
2026-04-08,6.7,1.59,427.0,,48180,222,420.0,428.9,420.0
2026-04-07,-4.2,-0.99,420.3,98.84,23359,151,431.0,431.0,417.0
2026-04-06,12.5,3.03,424.5,,108230,309,419.5,425.5,411.0
2026-04-05,-14.8,-3.47,412.0,,87960,268,420.0,420.0,410.0
2026-04-02,-0.2,-0.05,426.8,,72649,216,420.1,432.0,420.1
2026-04-01,-9.0,-2.06,427.0,,109634,295,436.2,437.9,425.5
2026-03-31,1.0,0.23,436.0,,60233,187,437.9,442.0,430.0
2026-03-30,-7.3,-1.65,435.0,,71422,233,436.3,445.0,433.3
2026-03-29,-11.5,-2.53,442.3,,144215,303,444.8,452.9,440.0
2026-03-26,8.8,1.98,453.8,,126166,221,445.0,453.8,444.0
2026-03-25,-10.0,-2.2,445.0,,128575,310,450.0,456.9,443.1
2026-03-24,5.0,1.11,455.0,,150347,296,457.7,460.0,446.7
2026-03-23,-10.0,-2.17,450.0,,114412,331,462.9,463.0,445.0
2026-03-22,8.0,1.77,460.0,,243594,689,458.0,461.0,448.0
2026-03-19,12.0,2.73,452.0,,175628,536,445.0,455.0,443.2
2026-03-17,9.7,2.25,440.0,,85147,233,435.0,440.9,428.2
2026-03-16,-10.7,-2.43,430.3,,103496,201,441.0,442.0,430.0
2026-03-15,0.0,0.0,441.0,,87418,283,449.8,449.8,439.3
2026-03-12,13.4,3.13,441.0,,177029,740,427.0,443.0,422.6
2026-03-11,-10.3,-2.35,427.6,,39750,169,437.9,440.0,425.2
2026-03-10,-7.1,-1.6,437.9,,128374,380,445.0,445.0,424.1
2026-03-09,20.0,4.71,445.0,5.97,1350,9,433.5,445.0,433.5
2026-03-03,2.5,0.59,425.0,,34983,134,414.4,426.9,414.4
2026-03-01,6.0,1.44,422.5,,41848,124,424.8,424.8,408.3
2026-02-26,0.5,0.12,416.5,59.5,14325,60,424.3,424.3,412.0
2026-02-25,4.5,1.09,416.0,76.95,18741,64,418.5,418.5,406.1
2026-02-24,3.2,0.78,411.5,34.39,8404,49,416.4,416.4,408.1
2026-02-23,1.8,0.44,408.3,38.38,9436,67,414.6,414.6,405.0
2026-02-22,-5.5,-1.33,406.5,71.77,17630,88,406.2,411.6,406.0
2026-02-17,-5.0,-1.2,412.0,,31720,146,422.0,422.0,408.0
2026-02-16,-1.0,-0.24,417.0,,35402,184,416.1,420.0,412.0
2026-02-12,5.0,1.21,418.0,,62079,306,410.2,424.0,409.1
2026-02-11,7.9,1.95,413.0,,30261,98,406.0,415.0,405.2
2026-02-10,-6.9,-1.67,405.1,,24588,78,405.2,414.0,405.1
2026-02-09,-3.0,-0.72,412.0,,35138,136,414.9,415.0,407.3
2026-02-08,-1.0,-0.24,415.0,,48148,113,417.1,424.0,412.1
2026-02-05,6.2,1.51,416.0,,36425,112,406.0,416.0,404.9
2026-02-04,0.3,0.07,409.8,94.9,23207,77,415.0,415.0,407.0
2026-02-03,-0.5,-0.12,409.5,85.66,20980,89,405.1,411.0,405.1
2026-02-02,2.0,0.49,410.0,,33445,105,415.0,415.0,407.0
2026-02-01,-8.0,-1.92,408.0,,39605,103,408.7,413.0,407.1
2026-01-29,-2.9,-0.69,416.0,,63922,188,412.0,422.0,411.0
2026-01-28,-0.1,-0.02,418.9,,42356,175,416.0,420.9,410.5
2026-01-27,-9.0,-2.1,419.0,,75964,304,425.0,430.0,410.0
2026-01-26,-4.0,-0.93,428.0,,96826,218,439.5,439.5,421.7
2026-01-25,13.0,3.1,432.0,,103429,259,427.3,435.0,422.0
2026-01-22,1.0,0.24,419.0,,27800,100,420.0,420.0,412.6
2026-01-21,-7.0,-1.65,418.0,,70214,286,426.2,426.2,416.0
2026-01-20,9.0,2.16,425.0,,74422,418,418.0,430.0,418.0
2026-01-18,14.4,3.59,416.0,,41157,175,408.0,416.9,406.0
2026-01-14,-2.9,-0.72,401.6,,31866,143,397.0,411.9,397.0
2026-01-13,1.7,0.42,404.5,74.55,18403,102,398.0,409.8,398.0
2026-01-12,-2.2,-0.54,402.8,,35806,91,406.2,408.0,400.3
2026-01-08,1.0,0.25,405.0,71.85,17744,112,404.1,406.9,403.0
2026-01-07,-4.0,-0.98,404.0,,39567,107,404.7,412.0,403.0
2026-01-06,0.0,0.0,408.0,,45154,148,412.0,415.0,406.0
2026-01-05,12.9,3.26,408.0,,47142,195,400.0,410.0,395.0
2026-01-04,-4.9,-1.22,395.1,71.93,18172,70,399.0,399.0,393.4
2026-01-01,2.0,0.5,400.0,,39691,122,395.5,402.0,395.1
2025-12-31,5.0,1.27,398.0,,77938,222,398.9,403.7,393.5
2025-12-29,-1.9,-0.48,393.0,,27686,105,395.0,398.0,393.0
2025-12-28,13.9,3.65,394.9,,42425,111,385.0,394.9,384.0
2025-12-24,0.7,0.18,381.0,47.61,12495,50,380.0,387.0,380.0
2025-12-23,-4.7,-1.22,380.3,65.7,17245,79,381.0,385.0,379.2
2025-12-22,-2.6,-0.67,385.0,34.51,8996,48,380.0,387.6,380.0
2025-12-21,-1.3,-0.33,387.6,34.64,8989,61,386.0,390.0,384.0
2025-12-18,-3.9,-0.99,388.9,56.77,14602,71,394.0,395.0,387.0
2025-12-17,3.0,0.77,392.8,,31729,113,389.8,396.9,388.5
2025-12-16,9.9,2.61,389.8,,46270,101,378.0,390.0,377.8
2025-12-15,-0.1,-0.03,379.9,,34562,99,380.0,380.0,376.0
2025-12-14,0.2,0.05,380.0,38.24,10069,39,379.0,383.0,378.0
2025-12-11,-4.2,-1.09,379.8,59.08,15586,69,377.0,382.0,377.0
2025-12-10,0.0,0.0,384.0,63.44,16535,69,383.7,387.0,382.5
2025-12-09,-2.48,-0.64,384.0,,26575,131,385.0,387.5,380.0
2025-12-08,-4.1,-1.0,405.8,,70282,271,407.2,411.0,403.0
2025-12-07,0.0,0.0,409.9,,25143,95,413.0,413.0,407.0
2025-12-03,-4.0,-0.97,409.9,,30941,106,418.0,418.0,407.0
2025-12-02,4.1,1.0,413.9,,48818,120,401.7,426.0,401.7
2025-12-01,1.2,0.29,409.8,74.73,18305,69,408.6,410.0,406.2
2025-11-30,-8.4,-2.01,408.6,,36836,157,419.0,419.0,408.6
2025-11-27,0.1,0.02,417.0,,50083,102,417.4,417.4,411.6
2025-11-26,2.9,0.7,416.9,,26277,97,414.0,418.9,412.0
2025-11-25,0.0,0.0,414.0,,41350,88,410.0,415.0,410.0
2025-11-24,7.0,1.72,414.0,,48774,146,409.0,416.0,409.0
2025-11-23,11.0,2.78,407.0,,58035,144,400.0,409.0,400.0
2025-11-20,-3.0,-0.75,396.0,68.99,17384,68,399.0,400.0,395.1
2025-11-19,0.5,0.13,399.0,74.85,18799,78,402.0,402.0,397.0
2025-11-18,3.5,0.89,398.5,78.13,19557,94,398.0,404.7,397.5
2025-11-17,3.0,0.77,395.0,80.68,20371,84,397.0,398.5,392.0
2025-11-16,0.9,0.23,392.0,,28047,109,395.0,396.9,390.0
2025-11-13,-2.2,-0.56,391.1,,32606,98,387.0,395.0,385.7
2025-11-12,1.6,0.41,393.3,92.19,23545,92,394.0,397.0,390.0
2025-11-11,-1.4,-0.36,391.7,99.18,25334,140,396.0,396.0,389.0
2025-11-10,-3.8,-0.96,393.1,40.35,10252,48,391.0,400.0,390.1
2025-11-09,-8.1,-2.0,396.9,,43017,140,405.0,405.0,395.0
2025-11-06,0.0,0.0,405.0,78.82,19534,67,411.0,411.0,400.0
2025-11-05,2.0,0.5,405.0,,25385,107,397.2,407.0,397.2
2025-11-04,-7.5,-1.83,403.0,,39288,113,410.0,414.0,402.0
2025-11-03,-3.4,-0.82,410.5,,35765,134,410.0,419.9,406.0
2025-11-02,5.9,1.45,413.9,,43769,164,408.0,420.0,407.0
2025-10-30,6.0,1.49,408.0,,51353,138,396.9,409.9,395.2
2025-10-29,-3.0,-0.74,402.0,,60231,191,402.2,413.9,401.2
2025-10-28,20.5,5.33,405.0,,44847,149,390.0,410.0,390.0
2025-10-26,-1.5,-0.39,384.5,48.87,12766,51,381.0,390.0,380.0
2025-10-19,3.0,0.78,386.0,32.32,8367,59,390.6,396.8,384.0
2025-10-16,-3.3,-0.85,383.0,,36262,122,387.0,387.1,380.1
2025-10-15,-4.6,-1.18,386.3,68.97,17791,75,390.0,390.0,385.1
2025-10-14,-3.9,-0.99,390.9,,27802,105,388.9,398.0,388.2
2025-10-13,2.9,0.74,394.8,,33673,139,390.0,397.9,385.1
2025-10-12,-15.1,-3.71,391.9,,85007,277,399.0,410.0,385.3
2025-10-09,1.6,0.39,407.0,,62178,213,413.5,434.9,406.0
2025-10-08,-3.8,-0.93,405.4,,60695,141,417.0,417.0,400.2
2025-10-07,-9.7,-2.32,409.2,,30620,120,426.0,426.0,408.0
2025-09-28,7.6,1.85,418.9,86.16,20712,66,419.0,420.0,412.1
2025-09-25,1.0,0.24,411.3,,35263,147,415.0,419.0,411.0
2025-09-24,-14.5,-3.41,410.3,,45994,130,418.0,423.0,410.2
2025-09-23,10.81,2.61,424.8,,54309,181,406.1,425.1,406.0
2025-09-21,15.99,4.02,413.99,,119080,385,392.0,417.0,392.0
2025-09-18,-18.19,-4.37,398.0,36.85,9510,37,407.9,407.9,384.0
2025-09-08,-4.41,-1.05,416.19,,44821,182,420.0,427.0,412.2
2025-09-07,-0.73,-0.17,420.6,,35812,143,425.0,427.8,420.0
2025-09-04,-0.36,-0.09,421.33,,50053,200,416.0,425.5,416.0
2025-09-03,-2.22,-0.52,421.69,,32977,118,424.0,428.9,421.2
2025-09-02,-5.64,-1.31,423.91,,32799,134,438.1,438.1,423.1
2025-09-01,4.91,1.16,429.55,,43948,157,425.0,431.0,420.6
2025-08-31,-6.75,-1.56,424.64,,88547,213,434.5,434.5,422.8
2025-08-28,-17.36,-3.87,431.39,,120640,413,445.0,453.0,430.0
2025-08-27,18.48,4.29,448.75,,100510,411,434.0,450.0,431.0
2025-08-26,-0.3,-0.07,430.27,67.9,15758,102,439.0,439.0,427.4
2025-08-25,2.32,0.54,430.57,,61441,192,434.0,436.0,420.0
2025-08-24,-6.83,-1.57,428.25,,67018,191,432.5,439.0,428.1
2025-08-21,-0.83,-0.19,435.08,,46619,172,431.1,440.0,431.1
2025-08-20,-9.91,-2.22,435.91,,50646,226,445.0,450.0,435.1
2025-08-19,2.16,0.49,445.82,,40858,188,448.0,451.5,445.0
2025-08-18,6.27,1.43,443.66,,64783,192,444.0,444.8,439.0
2025-08-17,-2.35,-0.53,437.39,,79034,270,445.0,448.5,437.0
2025-08-14,1.34,0.31,439.74,,55634,212,446.9,446.9,438.3
2025-08-13,3.24,0.74,438.4,,47692,219,442.0,443.8,435.6
2025-08-12,-6.61,-1.5,435.16,,106571,369,436.5,445.0,433.5
2025-08-11,-13.99,-3.07,441.77,,106421,367,463.9,463.9,440.1
2025-08-07,2.35,0.52,455.76,,55668,257,460.0,462.9,452.0
2025-08-06,0.54,0.12,453.41,,63250,284,446.0,460.0,445.0
2025-08-05,-15.71,-3.35,452.87,,104304,445,475.9,475.9,451.1
2025-08-04,-1.03,-0.22,468.58,,125772,501,479.0,484.0,462.0
2025-08-03,-6.85,-1.44,469.61,,187679,599,480.0,480.0,468.0
2025-07-31,-10.95,-2.25,476.46,,319678,985,497.1,497.1,471.0
2025-07-30,-18.91,-3.73,487.41,,329124,1034,512.9,514.0,484.0
2025-07-29,-9.92,-1.92,506.32,,360840,1174,526.5,526.5,502.0
2025-07-28,27.97,5.73,516.24,,892420,2740,489.8,519.8,485.8
2025-07-27,-4.73,-0.96,488.27,,401602,1052,495.0,504.0,480.8
2025-07-24,10.46,2.17,493.0,,441084,958,485.0,497.0,470.0
2025-07-23,-2.01,-0.41,482.54,,283885,633,480.0,488.0,475.0
2025-07-22,10.47,2.21,484.55,,308168,807,466.0,494.7,466.0
2025-07-21,19.22,4.23,474.08,,439163,1240,456.0,484.0,456.0
2025-07-20,-4.36,-0.95,454.86,,345699,777,462.0,471.0,451.0
2025-07-17,-3.6,-0.78,459.22,,258250,675,472.0,472.0,458.5
2025-07-16,17.81,4.0,462.82,,380039,835,451.0,467.0,446.0
2025-07-15,12.14,2.8,445.01,,184143,388,439.0,447.6,437.2
2025-07-14,-7.81,-1.77,432.87,,172009,374,438.0,441.5,431.1
2025-07-13,11.76,2.74,440.68,,258881,530,437.4,453.0,430.0
2025-07-10,16.03,3.88,428.92,,150929,522,416.8,430.0,413.1
2025-07-09,5.94,1.46,412.89,,69101,171,407.0,415.0,405.8
2025-07-08,-0.45,-0.11,406.95,92.2,22680,72,407.4,409.9,405.1
2025-07-07,-0.8,-0.2,407.4,,61023,121,412.0,412.0,406.0
2025-07-06,-6.43,-1.55,408.2,,55880,124,417.9,417.9,405.0
2025-07-03,2.15,0.52,414.63,,86134,297,420.7,420.7,410.5
2025-07-02,5.15,1.26,412.48,,46919,195,408.8,414.0,403.3
2025-07-01,8.48,2.13,407.33,,28230,121,402.0,409.0,400.0
2025-06-30,2.09,0.53,398.85,,28118,113,404.6,404.6,394.1
2025-06-29,4.22,1.08,396.76,,45927,198,392.5,399.9,392.0
2025-06-26,-0.8,-0.2,392.54,,33983,169,399.0,399.0,392.0
2025-06-25,-0.95,-0.24,393.34,97.47,24756,100,395.0,399.0,393.0
2025-06-24,-0.01,0.0,394.29,,25963,104,396.0,400.0,394.1
2025-06-23,3.14,0.8,394.3,78.6,19946,82,397.0,397.0,391.1
2025-06-22,-8.26,-2.07,391.16,,66091,235,397.3,402.9,390.3
2025-06-19,-3.83,-0.95,399.42,,68033,229,396.0,406.5,396.0
2025-06-18,-0.38,-0.09,403.25,,41886,140,406.0,409.8,402.0
2025-06-17,-1.36,-0.34,403.63,,25203,113,411.0,411.0,401.0
2025-06-16,-2.58,-0.63,404.99,,37979,183,400.0,414.7,400.0
2025-06-15,4.1,1.02,407.57,,72985,225,396.0,413.0,396.0
2025-06-12,-4.47,-1.1,403.47,,54844,196,402.7,410.0,402.0
2025-06-11,-3.51,-0.85,407.94,,86782,243,412.0,416.9,407.0
2025-06-10,10.35,2.58,411.45,,58100,182,402.0,415.8,402.0
2025-06-09,1.22,0.31,401.1,,83050,248,396.0,410.0,392.1
2025-06-08,-5.51,-1.36,399.88,,48602,193,402.0,409.4,399.0
2025-06-05,-5.57,-1.36,405.39,,92717,219,412.0,413.0,404.6
2025-06-04,-1.2,-0.29,410.96,,81543,197,414.0,416.7,408.0
2025-06-03,-7.02,-1.67,412.16,,35226,162,423.0,423.0,410.1
2025-06-02,-0.94,-0.22,419.18,,86369,221,424.0,426.9,416.5
2025-05-28,-0.57,-0.14,420.12,,70015,201,412.3,431.0,412.3
2025-05-27,5.46,1.31,420.69,,91160,260,411.0,423.0,411.0
2025-05-26,-7.57,-1.79,415.23,,127841,343,431.2,439.0,414.6
2025-05-25,-4.94,-1.15,422.8,,139730,300,436.0,436.0,421.1
2025-05-22,-7.55,-1.73,427.74,,167041,563,443.9,445.0,426.0
2025-05-21,17.74,4.25,435.29,,533627,1371,425.9,450.8,420.1
2025-05-20,13.82,3.42,417.55,,95941,254,395.7,421.0,395.7
2025-05-19,8.39,2.12,403.73,,26146,125,403.0,408.0,396.2
2025-05-18,-10.64,-2.62,395.34,,42579,174,398.0,414.0,392.2
2025-05-15,-6.35,-1.54,405.98,,46817,170,410.0,415.0,402.0
2025-05-14,5.68,1.4,412.33,,139763,453,409.9,424.0,409.9
2025-05-13,-0.22,-0.05,406.65,,82473,248,399.2,421.9,399.2
2025-05-11,11.16,2.82,406.87,,66986,259,397.0,409.9,394.0
2025-05-08,-4.34,-1.08,395.71,71.16,17889,112,392.5,410.0,392.5
2025-05-07,9.87,2.53,400.05,,63170,196,385.1,403.5,384.0
2025-05-06,5.12,1.33,390.18,79.9,20627,104,378.0,393.0,378.0
2025-05-05,-3.53,-0.91,385.06,71.16,18487,93,385.8,389.0,382.0
2025-05-04,-1.25,-0.32,388.59,,28712,113,388.0,395.0,388.0
2025-04-30,0.02,0.01,389.84,97.75,25036,112,389.0,395.0,388.5
2025-04-29,-4.34,-1.1,389.82,96.63,24710,118,395.0,396.8,389.0
2025-04-28,1.58,0.4,394.16,95.22,24170,101,384.8,400.0,384.8
2025-04-27,-2.26,-0.57,392.58,,40735,160,400.0,400.0,392.0
2025-04-24,-1.34,-0.34,394.84,,40269,119,396.1,400.0,394.0
2025-04-23,-3.68,-0.92,396.18,,111731,152,397.0,400.0,390.3
2025-04-22,-4.08,-1.01,399.86,,27521,113,395.9,404.9,395.9
2025-04-21,-1.26,-0.31,403.94,,30054,109,397.1,409.9,397.1
2025-04-20,-4.67,-1.14,405.2,,36991,136,410.0,414.0,405.1
2025-04-17,2.79,0.69,409.87,,50653,179,413.0,414.5,407.0
2025-04-16,0.77,0.19,407.08,,40805,98,401.2,411.9,398.2
2025-04-15,7.21,1.81,406.31,91.91,22612,112,396.4,411.3,396.4
2025-04-13,-2.62,-0.65,399.1,,33886,114,406.0,406.0,397.9
2025-04-10,-2.69,-0.67,401.72,98.16,24385,117,402.4,409.0,400.1
2025-04-09,2.65,0.66,404.41,69.06,17111,123,399.7,408.8,399.1
2025-04-08,0.4,0.1,401.76,80.99,20340,108,400.0,402.9,395.7
2025-04-07,-5.05,-1.24,401.36,,36444,136,405.0,406.0,401.0
2025-04-03,-1.62,-0.4,406.41,,43633,157,399.9,415.0,399.9
2025-04-02,0.39,0.1,408.03,,25175,127,402.5,411.8,402.5
2025-04-01,-4.71,-1.14,407.64,,27518,176,408.0,414.0,403.4
2025-03-30,5.54,1.36,412.35,,49065,218,405.0,419.7,400.0
2025-03-27,5.05,1.26,406.81,,30129,175,393.9,409.0,393.9
2025-03-26,10.76,2.75,401.76,,25249,143,398.0,405.0,391.2
2025-03-25,-14.59,-3.6,391.0,,39481,164,397.6,400.1,389.9
2025-03-24,6.16,1.54,405.59,99.69,24698,118,396.0,407.4,396.0
2025-03-23,-9.35,-2.29,399.43,,45598,178,412.0,412.0,398.5
2025-03-20,-3.12,-0.76,408.78,77.26,18889,125,420.0,420.0,405.4
2025-03-19,-6.0,-1.44,411.9,93.67,22817,128,409.6,418.0,406.0
2025-03-18,-2.1,-0.5,417.9,,30868,117,428.4,428.4,413.2
2025-03-17,-1.0,-0.24,420.0,,31217,151,417.0,425.9,415.1
2025-03-16,-13.4,-3.08,421.0,,47073,221,428.0,431.0,419.1
2025-03-12,0.3,0.07,434.4,,61539,283,440.0,446.0,434.2
2025-03-11,13.1,3.11,434.1,,241096,861,417.5,452.0,417.1
2025-03-10,-2.8,-0.66,421.0,,58305,153,432.0,432.0,418.0
2025-03-09,-16.2,-3.68,423.8,,58977,209,448.8,448.8,423.2
2025-03-06,6.3,1.45,440.0,,112964,301,438.0,445.0,430.0
2025-03-05,-3.3,-0.76,433.7,,54731,222,445.7,445.7,428.4
2025-03-04,9.8,2.29,437.0,,152558,502,435.0,455.0,426.1
2025-03-03,-14.8,-3.35,427.2,,79912,236,450.8,450.8,426.0
2025-03-02,21.9,5.21,442.0,,104726,395,426.0,442.0,424.0
2025-02-27,4.1,0.99,420.1,,63559,213,421.0,432.0,419.0
2025-02-25,4.0,0.97,416.0,,53917,152,412.0,417.0,411.0
2025-02-24,-0.9,-0.22,412.0,,61217,220,404.7,422.0,404.7
2025-02-23,4.6,1.13,412.9,,99443,227,400.3,417.0,400.2
2025-02-20,-1.7,-0.41,408.3,,49983,167,418.2,418.2,404.1
2025-02-18,-0.9,-0.22,410.0,,45570,132,414.0,415.0,408.2
2025-02-17,3.0,0.74,410.9,,66378,170,414.0,414.0,406.7
2025-02-16,1.8,0.44,407.9,83.19,20371,134,403.0,411.0,403.0
2025-02-13,-8.9,-2.14,406.1,,40568,155,407.0,419.0,405.0
2025-02-12,11.5,2.85,415.0,,82123,397,410.0,421.0,405.2
2025-02-11,4.5,1.13,403.5,64.34,16027,106,396.0,404.8,395.7
2025-02-10,-3.0,-0.75,399.0,84.06,20946,100,410.0,410.0,397.1
2025-02-09,-4.8,-1.18,402.0,96.36,23873,106,408.0,409.0,400.0
2025-02-06,1.3,0.32,406.8,,34914,121,402.4,409.9,402.4
2025-02-05,-4.2,-1.03,405.5,,28016,139,410.0,413.0,403.1
2025-02-04,-6.4,-1.54,409.7,,42118,158,416.1,419.0,405.8
2025-02-03,-4.8,-1.14,416.1,,65712,232,420.9,425.0,411.1
2025-02-02,15.0,3.7,420.9,,67606,258,406.0,422.0,402.0
2025-01-28,19.0,4.91,405.9,,65065,290,388.4,405.9,388.4
2025-01-27,-1.2,-0.31,386.9,82.21,21208,103,383.0,390.0,383.0
2025-01-26,-7.9,-1.99,388.1,,33045,111,390.0,396.0,388.0
2025-01-23,-5.0,-1.25,396.0,,27186,147,405.0,406.0,393.1
2025-01-22,11.0,2.82,401.0,,52638,219,392.0,407.0,390.0
2025-01-21,3.5,0.91,390.0,,30352,105,386.5,392.0,379.0
2025-01-20,2.6,0.68,386.5,89.63,23324,87,389.0,389.0,381.3
2025-01-19,-1.8,-0.47,383.9,,26827,92,385.7,385.7,380.0
2025-01-16,-6.3,-1.61,385.7,,41962,145,385.1,392.8,380.0
2025-01-15,-1.0,-0.25,392.0,89.93,23017,89,399.0,399.0,388.0
2025-01-13,-2.0,-0.51,393.0,,31446,124,390.0,397.0,389.0
2025-01-12,-5.0,-1.25,395.0,67.59,17166,77,400.0,400.0,392.2
2025-01-09,-11.0,-2.68,400.0,,50633,141,417.0,417.0,397.0
2025-01-08,8.1,2.01,411.0,,45723,185,400.0,413.0,398.0
2025-01-07,0.9,0.22,402.9,86.73,21514,107,402.0,409.9,400.0
2025-01-06,15.0,3.88,402.0,,25543,135,391.9,402.0,388.7
2025-01-05,-3.1,-0.79,387.0,77.79,20045,137,391.0,395.0,384.0
2025-01-02,10.1,2.66,390.1,92.53,24065,120,377.0,391.0,376.8
2025-01-01,7.6,2.04,380.0,65.7,17234,96,372.5,384.9,372.4
2024-12-31,-16.0,-3.98,386.0,,50885,222,401.0,401.9,383.0
2024-12-29,-5.0,-1.23,402.0,,45558,149,403.9,407.0,400.1
2024-12-26,-6.0,-1.45,407.0,,26419,111,412.0,414.0,406.7
2024-12-24,0.0,0.0,413.0,,30861,158,421.2,424.0,413.0
2024-12-23,8.1,2.0,413.0,,44931,130,410.0,415.0,405.0
2024-12-22,-9.1,-2.2,404.9,,35499,168,418.0,418.0,400.0
2024-12-19,-5.0,-1.19,414.0,,40720,133,417.0,419.0,411.0
2024-12-18,0.0,0.0,419.0,,33705,101,423.0,424.0,417.4
2024-12-17,-2.0,-0.48,419.0,,43889,163,421.0,429.4,416.3
2024-12-16,-20.0,-4.54,421.0,,49157,195,436.0,439.0,421.0
2024-12-12,-12.0,-2.65,441.0,,39506,122,457.5,457.5,441.0
2024-12-11,9.0,2.03,453.0,,41158,128,450.1,453.0,440.3
2024-12-10,3.0,0.68,444.0,,31294,117,441.1,449.0,441.1
2024-12-09,-2.0,-0.45,441.0,,48150,165,445.0,451.0,437.0
2024-12-08,-4.3,-0.96,443.0,,68846,219,454.9,456.0,441.6
2024-12-05,-4.7,-1.04,447.3,,133406,253,459.9,461.0,445.0
2024-12-04,-13.9,-2.98,452.0,,143856,339,460.0,466.9,449.0
2024-12-03,1.0,0.22,465.9,,112801,328,474.0,474.0,456.0
2024-12-02,-12.1,-2.54,464.9,,242419,737,467.5,492.9,462.0
2024-12-01,8.0,1.71,477.0,,268699,732,461.0,480.0,456.1
2024-11-28,8.0,1.74,469.0,,404868,1258,467.0,485.0,460.7
2024-11-27,8.0,1.77,461.0,,162868,387,455.0,464.0,452.0
2024-11-26,4.1,0.91,453.0,,78209,216,457.8,457.9,448.0
2024-11-25,-1.1,-0.24,448.9,,81281,237,456.0,459.0,448.8
2024-11-24,-11.0,-2.39,450.0,,99604,271,468.0,468.1,450.0
2024-11-21,1.0,0.22,461.0,,289692,719,467.0,477.0,458.1
2024-11-20,16.0,3.6,460.0,,141881,498,445.0,468.0,443.0
2024-11-19,-12.0,-2.63,444.0,,111237,375,461.0,467.0,443.0
2024-11-17,1.2,0.26,456.0,,188940,448,463.8,470.0,456.0
2024-11-14,8.0,1.79,454.8,,145371,626,450.0,462.0,447.0
2024-11-13,4.8,1.09,446.8,,86214,275,435.3,448.0,435.0
2024-11-12,2.0,0.45,442.0,,58511,154,440.0,447.0,435.0
2024-11-11,0.0,0.0,440.0,,75513,232,444.0,446.0,433.0
2024-11-10,17.0,4.02,440.0,,45966,208,420.6,442.0,420.5
2024-11-06,0.1,0.02,423.0,84.63,20005,79,420.0,430.0,418.1
2024-11-05,-4.1,-0.96,422.9,33.98,8064,53,426.9,427.0,418.6
2024-10-30,-2.0,-0.47,427.0,70.94,16656,87,432.9,432.9,422.2
2024-10-29,9.0,2.14,429.0,99.14,23177,136,420.1,430.0,420.0
2024-10-28,8.0,1.94,420.0,,32082,143,409.0,422.0,409.0
2024-10-27,3.0,0.73,412.0,65.08,15814,123,409.0,417.1,405.0
2024-10-24,-8.0,-1.92,409.0,,29244,160,417.0,418.0,406.0
2024-10-23,-3.0,-0.71,417.0,,35463,116,418.0,423.2,416.0
2024-10-22,5.0,1.2,420.0,93.39,22389,100,421.9,421.9,413.0
2024-10-21,-10.3,-2.42,415.0,,42681,156,419.5,428.0,414.0
2024-10-20,-10.7,-2.45,425.3,,42209,184,431.0,436.0,425.0
2024-10-17,0.0,0.0,436.0,,38703,161,438.9,442.0,432.0
2024-10-16,9.1,2.13,436.0,,40391,168,428.1,442.0,428.1
2024-10-15,4.1,0.97,426.9,87.35,20481,91,431.2,431.2,421.0
2024-10-09,-8.1,-1.88,422.8,65.71,15472,91,439.5,439.5,422.2
2024-10-08,-5.1,-1.17,430.9,,32395,145,444.7,444.7,425.1
2024-10-07,9.4,2.2,436.0,,81239,260,435.1,437.8,427.0
2024-10-06,9.6,2.3,426.6,,32470,116,425.3,433.0,414.0
2024-10-02,-11.0,-2.57,417.0,,63286,261,436.5,436.5,415.0
2024-10-01,18.0,4.39,428.0,,98900,316,417.0,430.0,405.1
2024-09-30,11.0,2.76,410.0,90.17,22333,109,398.0,410.0,398.0
2024-09-29,-8.0,-1.97,399.0,,52899,161,399.0,404.9,390.1
2024-09-26,1.0,0.25,407.0,,47428,198,400.0,418.0,400.0
2024-09-25,14.0,3.57,406.0,,55464,205,392.0,414.0,392.0
2024-09-24,-10.0,-2.49,392.0,,66855,200,408.0,408.0,390.1
2024-09-23,-13.9,-3.34,402.0,,65452,203,408.0,424.0,400.0
2024-09-22,6.1,1.49,415.9,,50441,164,417.9,426.2,411.0
2024-09-18,-1.5,-0.36,409.8,,39468,182,419.5,419.5,407.0
2024-09-16,-10.7,-2.54,411.3,,50410,182,423.0,423.0,411.3
2024-09-15,-10.0,-2.31,422.0,,84716,304,440.5,440.6,422.0
2024-09-12,17.0,4.1,432.0,,62211,319,423.3,435.0,414.5
2024-09-11,-2.0,-0.48,415.0,,68032,292,421.3,428.4,409.2
2024-09-10,-3.1,-0.74,417.0,,66965,280,421.0,429.4,415.0
2024-09-09,-10.9,-2.53,420.1,,96500,332,425.1,429.0,416.0
2024-09-08,-13.0,-2.93,431.0,,61284,282,442.0,445.0,427.5
2024-09-05,4.0,0.91,444.0,,120672,421,432.3,452.9,423.0
2024-09-04,-19.9,-4.33,440.0,,188430,688,458.0,472.0,438.0
2024-09-03,16.9,3.81,459.9,,178154,598,450.0,462.5,436.0
2024-09-02,27.0,6.49,443.0,,103632,451,420.0,448.0,412.0
2024-09-01,-15.0,-3.48,416.0,,138651,465,431.0,439.0,413.0
2024-08-29,-2.2,-0.51,431.0,,98991,367,435.0,443.0,430.0
2024-08-28,-11.8,-2.65,433.2,,145112,521,445.0,461.8,432.0
2024-08-27,-22.0,-4.71,445.0,,163349,686,458.1,466.0,433.0
2024-08-25,-13.0,-2.71,467.0,,217862,832,482.0,488.0,464.7
2024-08-22,21.5,4.69,480.0,,507078,1739,467.6,497.0,467.6
2024-08-21,-6.5,-1.4,458.5,,160462,522,470.0,470.0,454.8
2024-08-18,-20.0,-4.12,465.0,,228318,756,484.0,484.9,462.1
2024-08-15,5.0,1.04,485.0,,324012,1219,489.6,496.0,480.0
2024-08-14,19.0,4.12,480.0,,255144,881,461.0,489.0,457.1
2024-08-13,-13.0,-2.74,461.0,,213150,769,474.0,479.5,458.0
2024-08-12,5.0,1.07,474.0,,371446,975,478.0,479.0,465.0
2024-08-11,11.2,2.45,469.0,,262202,959,464.0,471.7,455.0
2024-08-08,-4.4,-0.95,457.8,,389724,1088,471.4,477.0,450.1
2024-08-07,21.3,4.83,462.2,,235307,836,442.0,464.0,436.0
2024-08-06,-24.1,-5.18,440.9,,396075,1184,469.0,474.0,440.2
2024-08-05,0.5,0.11,465.0,,324441,1073,473.7,473.7,450.1
2024-08-01,7.0,1.53,464.5,,510724,1593,460.0,481.0,450.0
2024-07-31,36.5,8.67,457.5,,585291,1654,427.0,463.1,426.9
2024-07-30,22.0,5.51,421.0,,298463,1153,400.0,424.0,395.0
2024-07-29,-7.0,-1.72,399.0,,391067,1109,406.0,413.0,395.2
2024-07-28,20.9,5.43,406.0,,316398,936,391.0,408.0,384.0
2024-07-25,-1.8,-0.47,385.1,,171545,534,384.0,392.7,381.0
2024-07-24,-11.1,-2.79,386.9,,269417,882,404.0,404.0,380.0
2024-07-23,18.9,4.99,398.0,,266887,840,380.2,402.0,379.0
2024-07-22,-8.8,-2.27,379.1,,200367,682,395.6,395.6,376.0
2024-07-21,4.9,1.28,387.9,,312440,887,380.0,395.7,375.5
2024-07-18,8.4,2.24,383.0,,298428,1024,376.6,400.0,370.0
2024-07-17,7.7,2.1,374.6,,194114,698,372.0,381.0,360.1
2024-07-16,17.9,5.13,366.9,,154165,573,350.0,368.0,347.0
2024-07-15,-6.0,-1.69,349.0,,112788,430,362.1,362.1,349.0
2024-07-14,-4.0,-1.11,355.0,,138858,498,366.1,373.4,352.0
2024-07-11,1.0,0.28,359.0,,170290,490,361.1,368.2,355.0
2024-07-10,-1.0,-0.28,358.0,,139461,503,362.3,367.2,355.0
2024-07-09,11.0,3.16,359.0,,200598,933,350.0,368.0,349.0
2024-07-08,0.0,0.0,348.0,,170867,556,348.0,348.0,338.1
2024-07-07,-2.0,-0.57,348.0,,214387,852,351.0,355.0,343.0
2024-07-04,21.1,6.42,350.0,,448682,1648,322.4,351.4,322.4
2024-07-03,9.9,3.1,328.9,,119066,531,316.0,330.0,316.0
2024-07-02,-3.5,-1.09,319.0,,89172,317,328.9,339.6,316.0
2024-07-01,14.5,4.71,322.5,,38535,140,304.6,322.5,303.4
2024-06-30,-3.7,-1.19,308.0,,48329,166,315.0,315.0,304.0
2024-06-27,-2.3,-0.73,311.7,70.69,22696,106,314.0,317.9,310.3
2024-06-26,-4.5,-1.41,314.0,50.69,16104,109,318.0,320.0,313.1
2024-06-25,1.6,0.5,318.5,,77229,291,322.0,325.9,313.6
2024-06-24,7.9,2.56,316.9,,46838,206,312.0,318.0,310.6
2024-06-23,0.7,0.23,309.0,31.41,10150,60,307.1,314.1,307.1
2024-06-20,-5.6,-1.78,308.3,,41310,188,313.9,314.9,307.7
2024-06-19,0.7,0.22,313.9,65.76,21024,121,307.4,316.2,307.4
2024-06-18,-2.9,-0.92,313.2,87.61,27801,108,315.0,318.0,313.2
2024-06-16,-3.9,-1.22,316.1,,42062,197,320.0,330.0,316.0
2024-06-13,4.9,1.56,320.0,,133745,557,321.0,333.0,313.0
2024-06-12,-0.9,-0.28,315.1,,43628,160,320.8,320.8,313.1
2024-06-11,6.0,1.94,316.0,,44864,150,316.2,317.9,310.1
2024-06-10,1.8,0.58,310.0,66.58,21497,137,309.0,314.0,308.0
2024-06-09,-7.7,-2.44,308.2,,61659,230,312.1,315.8,307.5
2024-06-06,-1.0,-0.32,315.9,,34586,144,317.0,317.9,313.0
2024-06-05,-2.1,-0.66,316.9,78.89,24909,104,312.7,319.0,312.7
2024-06-04,5.0,1.59,319.0,,53943,168,319.5,319.5,314.9
2024-06-03,-3.0,-0.95,314.0,,65641,179,323.0,323.0,313.3
2024-06-02,3.0,0.96,317.0,85.38,27007,138,315.0,318.8,313.0
2024-05-30,0.0,0.0,314.0,,51074,161,314.0,318.0,312.6
2024-05-29,-6.0,-1.88,314.0,,81937,210,318.1,324.3,312.6
2024-05-27,5.0,1.59,320.0,,58361,222,315.2,321.0,315.0
2024-05-26,-7.6,-2.36,315.0,,72385,209,325.0,326.0,315.0
2024-05-22,3.6,1.13,322.6,,98137,322,315.1,329.0,315.1
2024-05-21,2.8,0.89,319.0,,76867,296,320.0,323.9,313.0
2024-05-20,-2.1,-0.66,316.2,,100761,342,323.0,326.9,315.0
2024-05-19,0.3,0.09,318.3,,99966,325,324.3,324.3,317.0
2024-05-16,-7.1,-2.18,318.0,,101463,386,325.0,328.6,317.0
2024-05-15,0.1,0.03,325.1,,241897,777,329.9,336.0,323.1
2024-05-14,8.0,2.52,325.0,,153735,384,319.0,327.2,318.4
2024-05-13,-1.1,-0.35,317.0,,191356,581,324.0,329.0,317.0
2024-05-12,6.2,1.99,318.1,,328418,676,312.0,326.4,311.0
2024-05-09,4.9,1.6,311.9,,65723,220,304.9,314.9,304.9
2024-05-08,-1.0,-0.32,307.0,41.91,13631,93,306.2,312.0,305.0
2024-05-07,3.0,0.98,308.0,90.8,29466,140,309.9,313.1,305.0
2024-05-06,2.0,0.66,305.0,,52925,234,301.1,312.0,301.1
2024-05-05,-12.0,-3.81,303.0,,90483,308,315.0,316.0,303.0
2024-05-02,-7.0,-2.17,315.0,,56737,275,328.0,328.0,314.2
2024-04-30,16.0,5.23,322.0,,322394,1168,311.9,332.0,310.0
2024-04-29,6.2,2.07,306.0,,52459,256,304.8,310.0,299.1
2024-04-28,10.5,3.63,299.8,77.15,25932,111,294.1,300.7,293.0
2024-04-25,-4.6,-1.57,289.3,36.91,12646,61,292.0,299.0,289.3
2024-04-24,0.9,0.31,293.9,72.12,24628,54,288.2,297.8,288.0
2024-04-22,-2.5,-0.85,293.0,48.05,16477,115,291.8,295.0,290.0
2024-04-21,5.5,1.9,295.5,58.0,19920,111,290.3,295.9,289.0
2024-04-18,-3.0,-1.02,290.0,22.06,7590,49,288.3,298.0,288.3
2024-04-16,-3.0,-1.01,293.0,57.83,19564,95,296.0,301.7,293.0
2024-04-15,-3.0,-1.0,296.0,67.75,22650,55,293.2,303.8,293.2
2024-04-14,1.0,0.34,299.0,36.78,12457,58,303.0,303.0,293.3
2024-04-10,-7.8,-2.55,298.0,75.58,25238,92,304.0,305.0,298.0
2024-04-09,3.8,1.26,305.8,,44700,119,308.0,309.0,300.1
2024-04-07,13.8,4.79,302.0,79.89,26585,137,293.9,306.0,292.5
2024-04-04,-2.8,-0.96,288.2,55.17,18978,96,291.5,294.0,288.2
2024-04-03,-2.0,-0.68,291.0,56.94,19523,115,292.2,297.0,287.3
2024-04-02,-1.0,-0.34,293.0,44.25,15039,70,292.1,299.8,292.1
2024-04-01,-1.0,-0.34,294.0,29.33,9948,70,296.0,296.9,294.0
2024-03-31,-3.9,-1.3,295.0,39.48,13319,94,295.0,302.0,293.0
2024-03-28,1.8,0.61,298.9,65.61,21943,69,297.1,303.0,294.5
2024-03-27,-3.9,-1.3,297.1,25.28,8446,69,307.0,307.0,297.1
2024-03-26,0.6,0.2,301.0,54.31,17976,87,299.0,307.0,299.0
2024-03-25,-4.6,-1.51,300.4,53.16,17676,76,310.0,310.0,298.2
2024-03-21,-2.9,-0.94,305.0,63.31,20763,96,310.0,310.0,302.3
2024-03-20,-4.9,-1.57,307.9,,56465,131,314.0,314.0,306.6
2024-03-19,-0.6,-0.19,312.8,,40487,167,319.0,319.0,308.0
2024-03-18,6.4,2.08,313.4,,49654,189,313.0,315.0,308.1
2024-03-17,1.2,0.39,307.0,,37982,163,300.2,322.0,300.2
2024-03-14,-3.2,-1.04,305.8,38.88,12751,94,309.0,309.0,302.9
2024-03-13,-1.7,-0.55,309.0,70.08,22430,106,307.0,315.0,306.5
2024-03-12,4.7,1.54,310.7,97.43,31619,139,307.0,311.0,304.3
2024-03-10,8.0,2.68,306.0,59.8,19654,83,303.9,309.0,299.0
2024-03-07,2.1,0.71,298.0,24.4,8190,64,301.0,305.0,296.2
2024-03-06,-1.1,-0.37,295.9,62.79,21152,130,298.0,305.0,291.0
2024-03-05,-13.0,-4.19,297.0,85.84,28487,124,303.8,308.0,295.0
2024-03-04,21.0,7.27,310.0,1.41,460,9,294.7,310.0,294.7
2024-03-03,-1.0,-0.34,289.0,54.84,19085,89,290.0,290.0,285.0
2024-02-29,-4.0,-1.36,290.0,48.31,16650,86,290.1,295.0,287.2
2024-02-28,-2.2,-0.74,294.0,28.62,9746,68,296.3,297.7,292.3
2024-02-27,-0.8,-0.27,296.2,30.85,10402,60,297.0,300.0,294.7
2024-02-26,4.8,1.64,297.0,39.86,13470,63,297.0,300.0,293.2
2024-02-25,-6.7,-2.24,292.2,76.82,25991,131,304.8,304.8,292.2
2024-02-22,-2.9,-0.96,298.9,61.36,20498,95,302.0,302.0,297.1
2024-02-21,-2.6,-0.85,301.8,60.91,20285,83,309.0,309.0,298.5
2024-02-20,4.4,1.47,304.4,54.65,18079,85,302.0,305.0,300.2
2024-02-18,-9.0,-2.91,300.0,78.0,25923,143,304.3,310.0,299.0
2024-02-15,-5.0,-1.59,309.0,64.65,20938,123,315.0,316.0,305.0
2024-02-14,12.0,3.97,314.0,,101992,425,305.0,322.9,299.1
2024-02-13,-6.0,-1.95,302.0,80.12,26505,147,310.0,310.0,300.2
2024-02-12,-1.0,-0.32,308.0,67.0,21821,109,306.2,309.8,305.1
2024-02-11,-2.0,-0.64,309.0,88.14,28408,101,314.0,314.0,305.4
2024-02-07,3.0,0.98,310.0,47.36,15412,56,312.89,312.89,306.0
2024-02-06,3.1,1.02,307.0,37.46,12215,57,307.0,311.9,304.1
2024-02-05,2.9,0.96,303.9,58.45,19364,71,307.0,307.0,300.9
2024-02-04,3.9,1.31,301.0,38.59,12884,42,296.1,303.0,296.1
2024-02-01,-5.9,-1.95,297.1,73.03,24392,107,300.0,304.0,297.1
2024-01-31,-8.0,-2.57,303.0,57.01,18793,95,311.0,311.0,300.0
2024-01-30,4.4,1.44,311.0,,36497,146,307.5,311.5,307.5
2024-01-29,0.7,0.23,306.6,66.88,21831,100,306.0,310.0,303.0
2024-01-28,6.9,2.31,305.9,38.68,12770,93,302.0,308.0,299.3
2024-01-25,-1.2,-0.4,299.0,76.88,25667,113,301.5,304.0,297.1
2024-01-24,-1.8,-0.6,300.2,80.88,26774,122,308.0,308.0,300.0
2024-01-23,-3.0,-0.98,302.0,50.91,16799,100,308.0,313.9,301.0
2024-01-22,-5.9,-1.9,305.0,83.52,27320,144,310.9,314.9,301.1
2024-01-21,-12.9,-3.98,310.9,,73668,207,317.5,318.0,309.0
2024-01-18,-2.2,-0.67,323.8,,62550,212,322.0,329.0,315.0
2024-01-17,-5.0,-1.51,326.0,,106024,353,331.0,342.3,326.0
2024-01-16,11.0,3.44,331.0,,65780,252,324.0,337.9,323.0
2024-01-14,7.1,2.27,320.0,94.8,29575,114,318.0,323.0,316.0
2024-01-11,-6.1,-1.91,312.9,37.42,11918,83,313.0,323.0,310.1
2024-01-10,-3.0,-0.93,319.0,,40512,213,327.0,328.0,316.0
2024-01-09,16.0,5.23,322.0,,52097,269,309.0,326.4,309.0
2024-01-08,4.0,1.32,306.0,53.47,17661,102,308.0,308.0,296.0
2024-01-07,1.6,0.53,302.0,62.2,20707,81,306.0,306.4,297.0
2024-01-04,-8.5,-2.75,300.4,29.58,9733,68,310.0,310.0,300.4
2024-01-03,8.8,2.93,308.9,35.64,11740,49,300.9,308.9,298.1
2024-01-02,-4.9,-1.61,300.1,67.49,22388,84,300.0,305.8,299.7
2024-01-01,0.0,0.0,305.0,62.47,20369,93,305.2,315.0,305.0
2023-12-28,0.0,0.0,305.0,42.32,13863,78,305.0,311.0,302.7
2023-12-27,-2.0,-0.65,305.0,64.33,21076,94,308.1,312.0,303.4
2023-12-24,-8.7,-2.76,307.0,,39270,144,309.5,318.0,307.0
2023-12-21,-14.3,-4.33,315.7,,47157,172,325.0,330.0,315.7
2023-12-20,-2.0,-0.6,330.0,,44302,208,335.0,335.0,325.0
2023-12-19,2.0,0.61,332.0,,42637,179,324.1,334.4,323.0
2023-12-18,13.0,4.1,330.0,,65447,246,322.0,335.0,321.0
2023-12-17,6.0,1.93,317.0,,38977,119,305.0,318.0,305.0
2023-12-14,7.0,2.3,311.0,79.25,25820,103,298.0,311.0,298.0
2023-12-13,2.0,0.66,304.0,76.41,25119,102,306.0,311.0,300.0
2023-12-12,10.0,3.42,302.0,,33521,113,286.2,305.0,286.2
2023-12-11,2.0,0.69,292.0,,48079,147,294.0,295.8,284.3
2023-12-10,21.0,7.81,290.0,5.69,1989,13,274.3,290.0,274.3
2023-12-07,-1.0,-0.37,269.0,81.68,30410,77,274.4,275.0,266.0
2023-12-06,0.0,0.0,270.0,7.47,2794,26,270.0,273.9,266.0
2023-12-05,1.0,0.37,270.0,9.71,3558,28,274.3,276.8,267.0
2023-12-04,-1.4,-0.52,269.0,19.25,7054,33,275.8,275.8,269.0
2023-12-03,-2.6,-0.95,270.4,9.48,3502,31,269.1,273.0,269.1
2023-11-30,-7.0,-2.5,273.0,39.8,14572,60,275.0,275.5,269.2
2023-11-29,0.0,0.0,280.0,6.88,2458,21,280.0,284.5,278.9
2023-11-28,1.5,0.54,280.0,13.07,4692,29,284.0,284.0,277.0
2023-11-27,-2.45,-0.87,278.5,30.08,10788,64,284.0,284.0,276.1
2023-11-26,11.0,3.87,295.0,71.52,24823,131,281.2,300.0,280.4
2023-11-23,5.0,1.79,284.0,25.01,8929,40,273.7,284.9,273.6
2023-11-22,4.0,1.45,279.0,10.93,3987,32,272.0,280.0,271.5
2023-11-21,-6.0,-2.14,275.0,34.48,12639,70,286.0,286.0,268.6
2023-11-20,2.0,0.72,281.0,17.04,6064,39,280.0,284.9,280.0
2023-11-09,-4.8,-1.69,279.0,14.07,5025,23,284.0,286.9,279.0
2023-11-08,-1.0,-0.35,283.8,34.07,12154,51,289.9,290.0,277.0
2023-11-07,1.8,0.64,284.8,36.6,12945,40,284.5,285.5,281.1
2023-11-06,2.0,0.71,283.0,12.97,4602,33,281.0,284.7,281.0
2023-11-05,-3.9,-1.37,281.0,15.09,5400,46,279.3,281.0,279.0
2023-11-02,-0.1,-0.04,284.9,11.23,3947,29,285.0,288.5,283.3
2023-11-01,0.9,0.32,285.0,9.67,3384,33,289.7,292.7,285.0
2023-10-31,-2.9,-1.01,284.1,11.79,4134,29,290.0,290.0,284.0
2023-10-30,1.5,0.53,287.0,17.29,6032,29,291.2,291.2,285.4
2023-10-29,-5.6,-1.92,285.5,10.94,3826,37,296.8,296.8,285.0
2023-10-19,-0.9,-0.31,291.1,21.88,7438,37,292.0,297.0,291.1
2023-10-18,3.8,1.32,292.0,20.7,7073,43,293.0,297.0,291.7
2023-10-17,-4.7,-1.6,288.2,31.18,10740,70,297.9,298.0,288.0
2023-10-16,0.3,0.1,292.9,20.58,7095,43,287.0,294.0,287.0
2023-10-12,-4.4,-1.48,292.6,55.65,18914,63,300.0,300.0,292.5
2023-10-11,-2.0,-0.67,297.0,85.71,28799,65,295.1,301.0,295.1
2023-10-10,-2.0,-0.66,299.0,19.42,6519,57,300.0,300.0,296.3
2023-10-09,-2.0,-0.66,301.0,18.29,6074,40,300.1,305.0,298.0
2023-10-08,-3.0,-0.98,303.0,59.95,19864,68,300.1,304.5,299.9
2023-10-05,-4.0,-1.29,306.0,40.53,13270,48,305.5,307.0,305.2
2023-10-04,3.0,0.98,310.0,30.48,9882,44,312.9,313.9,306.9
2023-10-03,-4.3,-1.38,307.0,20.29,6586,49,305.1,311.0,305.0
2023-10-02,1.4,0.45,311.3,18.22,5873,36,305.1,313.9,305.0
2023-10-01,-0.4,-0.13,309.9,28.88,9343,54,305.1,315.0,305.0
2023-09-27,-9.7,-3.03,310.3,42.1,13487,59,315.0,318.2,310.0
2023-09-26,4.0,1.27,320.0,90.77,28599,76,319.0,321.9,315.0
2023-09-25,-1.8,-0.57,316.0,70.8,22322,57,313.1,322.0,313.1
2023-09-24,-5.2,-1.61,317.8,77.99,24654,80,320.0,320.0,313.0
2023-09-21,14.0,4.53,323.0,,64834,170,314.9,324.3,309.0
2023-09-19,4.2,1.38,309.0,42.68,14069,57,300.4,309.0,299.0
2023-09-18,2.2,0.73,304.8,9.59,3167,26,299.2,306.1,299.2
2023-09-17,-12.4,-3.94,302.6,27.69,9086,44,315.0,315.0,302.6
2023-09-13,12.0,3.96,315.0,,34401,140,308.0,316.0,306.0
2023-09-12,-3.4,-1.11,303.0,21.69,7148,33,307.0,307.0,303.0
2023-09-11,6.4,2.13,306.4,32.39,10638,58,305.0,306.4,299.0
2023-09-10,1.0,0.33,300.0,30.33,10182,56,304.9,308.0,295.1
2023-09-07,-1.0,-0.33,299.0,8.11,2753,31,300.0,305.0,294.0
2023-09-05,-0.1,-0.03,300.0,9.1,3045,23,305.0,305.0,296.1
2023-09-04,0.1,0.03,300.1,37.81,12591,60,300.0,303.0,295.3
2023-09-03,-3.0,-0.99,300.0,39.23,13123,71,300.0,303.0,297.0
2023-08-30,-2.9,-0.95,303.0,25.09,8315,49,308.0,310.0,300.0
2023-08-29,-2.8,-0.91,305.9,5.55,1829,30,303.2,306.5,302.7
2023-08-28,2.9,0.95,308.7,21.14,6964,43,301.0,309.8,300.1
2023-08-27,2.8,0.92,305.8,18.3,6048,51,309.0,309.0,300.0
2023-08-24,-11.9,-3.78,303.0,99.8,32357,110,308.7,314.0,303.0
2023-08-23,5.9,1.91,314.9,52.14,16615,86,310.0,315.0,305.0
2023-08-22,5.9,1.95,309.0,12.1,3942,43,309.1,309.1,301.0
2023-08-21,-4.9,-1.59,303.1,48.03,15696,70,308.0,310.0,303.0
2023-08-20,-6.0,-1.91,308.0,24.09,7780,40,308.5,313.0,305.2
2023-08-17,3.2,1.03,314.0,31.68,10127,61,308.0,317.0,308.0
2023-08-16,-0.2,-0.06,310.8,48.34,15614,55,314.7,316.0,308.0
2023-08-15,-8.8,-2.75,311.0,58.07,18525,80,314.1,319.0,310.4
2023-08-14,4.7,1.49,319.8,,37782,111,319.8,321.0,312.0
2023-08-13,2.6,0.83,315.1,32.29,10246,57,315.0,318.0,312.3
2023-08-10,3.5,1.13,312.5,,51283,103,310.0,318.5,307.6
2023-08-09,6.0,1.98,309.0,56.93,18618,65,300.0,312.1,299.0
2023-08-08,-3.5,-1.14,303.0,46.96,15463,76,311.0,312.0,300.0
2023-08-07,4.5,1.49,306.5,47.58,15588,68,298.0,308.9,298.0
2023-08-06,-13.0,-4.13,302.0,,35551,173,308.7,321.0,300.0
2023-08-03,0.1,0.03,315.0,81.05,25567,121,314.0,322.0,314.0
2023-08-02,1.0,0.32,314.9,83.14,26733,129,318.0,319.0,309.0
2023-08-01,-5.1,-1.6,313.9,82.44,26070,114,320.0,323.3,311.0
2023-07-31,0.1,0.03,319.0,38.48,12013,89,325.2,325.2,316.0
2023-07-30,-5.1,-1.57,318.9,,42943,177,329.0,329.0,313.1
2023-07-27,-5.0,-1.52,324.0,,52752,189,335.5,335.5,321.0
2023-07-26,-2.0,-0.6,329.0,83.0,24961,109,331.0,336.0,328.0
2023-07-25,-7.0,-2.07,331.0,,31263,156,344.7,344.7,331.0
2023-07-24,-9.0,-2.59,338.0,,67199,248,341.0,348.0,336.0
2023-07-23,10.0,2.97,347.0,,113154,396,336.0,352.9,336.0
2023-07-20,-1.7,-0.5,337.0,,50857,149,343.0,343.0,334.6
2023-07-19,4.7,1.41,338.7,,36873,147,330.5,340.6,330.0
2023-07-18,-6.0,-1.76,334.0,,60242,248,343.0,345.0,334.0
2023-07-17,18.0,5.59,340.0,,123501,259,325.0,346.9,324.0
2023-07-16,-7.0,-2.13,322.0,,31223,88,328.0,328.9,321.1
2023-07-13,-2.0,-0.6,329.0,,56565,134,333.0,334.5,327.1
2023-07-12,4.0,1.22,331.0,,37731,134,330.0,335.5,328.1
2023-07-11,7.1,2.22,327.0,,81731,267,324.0,334.0,318.0
2023-07-10,0.6,0.19,319.9,95.44,29728,126,318.0,324.3,316.0
2023-07-09,7.9,2.54,319.3,,38921,111,317.6,321.0,314.0
2023-07-06,-1.6,-0.51,311.4,58.15,18635,81,313.0,317.0,308.1
2023-07-05,-6.0,-1.88,313.0,67.16,21345,74,318.0,324.0,311.0
2023-07-04,4.0,1.27,319.0,57.67,18238,87,321.3,321.3,314.0
2023-07-03,-5.0,-1.56,315.0,98.0,30714,126,326.0,326.0,315.0
2023-07-02,-14.0,-4.19,320.0,,56325,182,334.0,338.0,320.0
2023-06-28,-10.0,-2.91,334.0,,35886,173,350.0,350.0,333.2
2023-06-27,3.0,0.88,344.0,,61451,240,346.5,348.8,328.6
2023-06-26,3.1,0.92,341.0,,56591,202,340.1,345.9,333.0
2023-06-25,14.4,4.45,337.9,,75312,268,323.5,343.0,322.0
2023-06-22,1.5,0.47,323.5,86.14,26612,113,327.0,330.0,321.0
2023-06-21,-5.0,-1.53,322.0,,35018,175,333.0,334.0,321.5
2023-06-20,-0.5,-0.15,327.0,,95869,327,331.0,346.0,327.0
2023-06-19,5.5,1.71,327.5,,84942,296,322.0,335.5,317.0
2023-06-18,11.0,3.54,322.0,,42761,126,317.2,322.0,314.0
2023-06-15,-3.0,-0.96,311.0,68.99,22121,96,311.0,316.0,310.3
2023-06-14,-5.2,-1.63,314.0,,39057,149,319.2,325.0,313.0
2023-06-13,0.8,0.25,319.2,,41349,177,313.1,325.0,313.0
2023-06-12,3.4,1.08,318.4,,57106,171,317.0,320.0,312.0
2023-06-11,17.0,5.7,315.0,,89858,279,302.0,318.9,300.1
2023-06-08,2.1,0.71,298.0,90.93,30460,107,292.0,301.0,290.0
2023-06-07,2.9,0.99,295.9,63.6,21388,107,292.0,302.0,292.0
2023-06-06,3.5,1.21,293.0,18.49,6401,45,284.5,293.8,284.0
2023-06-05,-0.6,-0.21,289.5,33.12,11518,73,285.0,295.0,285.0
2023-06-04,7.4,2.62,290.1,19.8,6777,59,288.3,297.9,288.0
2023-06-01,5.7,2.06,282.7,20.92,7460,67,280.0,297.1,275.3
2023-05-31,-5.1,-1.81,277.0,44.79,16110,113,281.0,286.6,274.0
2023-05-30,-10.9,-3.72,282.1,36.79,12811,81,287.5,293.1,282.1
2023-05-28,-10.0,-3.3,293.0,68.79,23155,116,297.0,307.0,293.0
2023-05-24,3.0,1.0,303.0,43.63,14520,122,294.0,306.8,294.0
2023-05-23,9.4,3.23,300.0,62.13,20767,115,290.0,302.9,290.0
2023-05-22,0.6,0.21,290.6,28.45,9850,58,290.0,293.0,280.1
2023-05-21,2.0,0.69,290.0,31.01,10721,63,285.0,293.7,285.0
2023-05-18,8.0,2.86,288.0,56.63,19624,85,284.0,291.0,281.2
2023-05-17,5.3,1.93,280.0,25.01,8945,55,275.0,282.0,270.2
2023-05-16,2.8,1.03,274.7,6.59,2415,22,277.2,277.2,270.0
2023-05-15,3.9,1.46,271.9,6.66,2492,24,273.2,273.2,263.5
2023-05-14,-3.1,-1.14,268.0,12.59,4683,39,276.0,276.0,267.0
2023-05-11,-2.8,-1.02,271.1,9.7,3587,22,270.1,274.0,268.6
2023-05-10,-4.1,-1.47,273.9,14.65,5385,49,273.5,277.7,270.0
2023-05-09,0.0,0.0,278.0,8.84,3191,31,275.9,280.1,273.0
2023-05-08,4.8,1.76,278.0,22.74,8436,65,275.0,278.0,267.8
2023-05-07,-5.8,-2.08,273.2,13.66,4930,41,274.0,284.5,273.1
2023-05-04,-1.0,-0.36,279.0,7.93,2828,32,280.0,283.5,279.0
2023-05-03,0.0,0.0,280.0,26.53,9616,65,276.1,285.0,273.0
2023-05-02,-4.0,-1.41,280.0,13.51,4812,32,289.6,294.5,279.5
2023-04-30,-1.0,-0.35,284.0,9.79,3462,37,281.0,285.0,279.4
2023-04-27,0.0,0.0,285.0,6.3,2215,27,282.0,290.7,281.0
2023-04-26,-4.4,-1.52,285.0,11.92,4171,30,289.0,290.4,285.0
2023-04-25,7.1,2.52,289.4,21.03,7282,31,287.9,293.5,285.0
2023-04-24,1.2,0.43,282.3,9.58,3356,23,276.2,289.4,276.2
2023-04-23,-4.3,-1.51,281.1,15.73,5600,41,285.0,285.0,275.3
2023-04-20,-6.6,-2.26,285.4,6.1,2095,20,297.8,297.8,285.4
2023-04-19,8.4,2.96,292.0,16.81,5823,24,289.2,299.2,287.5
2023-04-18,-6.4,-2.21,283.6,13.48,4692,52,285.5,295.8,283.0
2023-04-17,-2.0,-0.68,290.0,12.6,4363,42,290.0,294.0,286.2
2023-04-16,-2.0,-0.68,292.0,15.48,5296,49,296.0,296.0,289.0
2023-04-13,-9.0,-2.97,294.0,52.73,17712,75,300.0,304.0,294.0
2023-04-12,17.0,5.94,303.0,61.84,20494,119,291.7,306.8,290.9
2023-04-11,7.5,2.69,286.0,17.2,6062,64,282.0,287.6,279.0
2023-04-10,0.5,0.18,278.5,17.1,6070,40,282.5,287.9,277.8
2023-04-09,-5.9,-2.08,278.0,33.69,12012,65,279.1,283.0,278.0
2023-04-06,-6.8,-2.34,283.9,68.63,24248,66,295.7,295.7,282.1
2023-04-05,2.7,0.94,290.7,14.78,5197,39,285.0,290.7,283.0
2023-04-04,-4.0,-1.37,288.0,8.82,3059,40,297.0,297.0,286.0
2023-04-03,-3.5,-1.18,292.0,34.02,11730,51,294.0,294.0,286.0
2023-04-02,-1.0,-0.34,295.5,27.94,9508,45,302.0,302.0,291.1
2023-03-30,0.5,0.17,296.5,20.82,7061,53,300.9,301.9,293.0
2023-03-29,-0.9,-0.3,296.0,14.06,4761,35,294.0,300.0,294.0
2023-03-28,1.9,0.64,296.9,36.5,12192,91,299.0,310.9,291.0
2023-03-27,10.0,3.51,295.0,31.74,10979,92,290.0,297.6,283.0
2023-03-26,-9.9,-3.36,285.0,92.8,32256,193,292.2,295.0,285.0
2023-03-23,-5.1,-1.7,294.9,50.12,17000,83,304.0,304.0,292.2
2023-03-22,-3.0,-0.99,300.0,22.43,7444,62,306.0,306.0,298.3
2023-03-20,5.9,1.99,303.0,37.9,12574,90,297.0,308.7,297.0
2023-03-19,-3.9,-1.3,297.1,33.16,11082,72,297.3,304.9,295.0
2023-03-16,-1.0,-0.33,301.0,34.47,11421,60,306.9,306.9,300.0
2023-03-15,-5.7,-1.85,302.0,24.17,7984,58,312.8,312.8,302.0
2023-03-14,1.9,0.62,307.7,20.71,6777,39,310.0,310.0,303.0
2023-03-13,-2.6,-0.84,305.8,17.33,5663,67,312.0,312.0,303.9
2023-03-12,-3.02,-0.97,308.4,30.33,9765,80,317.6,317.6,308.0
2023-03-09,10.2,3.11,338.0,,33018,153,334.3,338.7,330.0
2023-03-07,3.7,1.14,327.8,31.46,9604,65,330.5,332.0,325.0
2023-03-05,-3.6,-1.1,324.1,40.32,12353,105,330.0,333.0,324.1
2023-03-02,-6.3,-1.89,327.7,29.87,9115,70,328.5,330.0,326.0
2023-03-01,-4.0,-1.18,334.0,26.8,8057,58,336.0,336.0,330.0
2023-02-28,-2.0,-0.59,338.0,33.54,9943,49,344.9,345.0,335.0
2023-02-27,3.1,0.92,340.0,,33182,130,337.6,340.0,325.5
2023-02-26,5.7,1.72,336.9,90.25,27390,102,325.1,337.6,321.0
2023-02-23,-8.8,-2.59,331.2,90.39,27132,139,339.0,339.0,330.0
2023-02-22,10.0,3.03,340.0,35.59,10485,61,336.6,342.8,332.0
2023-02-20,-5.0,-1.49,330.0,41.62,12535,78,330.2,338.0,329.0
2023-02-16,-4.0,-1.18,335.0,,31808,102,344.0,344.0,333.3
2023-02-15,-2.7,-0.79,339.0,99.58,29462,101,340.0,344.0,336.4
2023-02-14,-3.1,-0.9,341.7,52.97,15455,80,340.0,345.0,340.0
2023-02-12,-8.2,-2.32,344.8,,55494,216,346.0,350.0,342.0
2023-02-09,2.1,0.6,353.0,,41601,131,344.1,355.0,344.1
2023-02-08,-2.9,-0.82,350.9,,59901,203,355.0,356.9,347.0
2023-02-07,21.4,6.44,353.8,,70491,228,334.9,353.8,334.9
2023-02-06,1.4,0.42,332.4,39.11,11812,50,335.0,335.0,330.0
2023-02-05,3.0,0.91,331.0,80.19,24187,80,327.0,335.0,327.0
2023-02-02,-5.0,-1.5,328.0,55.72,16910,84,328.1,337.0,326.5
2023-02-01,0.0,0.0,333.0,76.55,22964,78,333.0,335.0,331.0
2023-01-31,1.0,0.3,333.0,81.55,24598,107,325.5,343.9,325.5
2023-01-30,-8.0,-2.35,332.0,,38592,156,334.2,341.0,330.0
2023-01-29,-4.3,-1.25,340.0,,29948,116,337.5,344.9,331.3
2023-01-26,0.0,0.29,344.3,,15149,0,349.9,350.0,343.2
2023-01-25,0.0,0.97,343.3,,46185,0,340.0,364.0,337.0
2023-01-24,0.0,-0.29,340.0,,42043,0,336.8,341.7,334.7
2023-01-23,0.0,-2.01,341.0,,62270,0,345.0,348.0,339.0
2023-01-19,0.0,-1.0,348.0,,63818,0,347.1,359.0,347.0
2023-01-18,0.0,0.23,351.5,,80867,0,356.5,362.0,350.0
2023-01-17,0.0,3.15,350.7,,47350,0,346.8,354.9,337.0
2023-01-12,0.0,-1.93,340.0,,109770,0,353.6,360.6,339.0
2023-01-10,0.0,-1.78,346.7,,135142,0,359.0,367.2,346.0
2023-01-09,0.0,3.82,353.0,,94725,0,340.0,354.9,336.3
2023-01-08,0.0,1.49,340.0,,70566,0,330.0,346.0,328.3
2023-01-05,0.0,-0.3,335.0,,72868,0,336.0,341.0,327.1
2023-01-04,0.0,5.89,336.0,,68509,0,318.1,336.0,318.1
2023-01-03,0.0,-0.84,317.3,,23826,0,320.0,326.9,317.0
2023-01-02,0.0,0.95,320.0,,38352,0,318.0,325.0,314.0
2023-01-01,0.0,-1.34,317.0,,71420,0,325.0,327.0,313.7
2022-12-29,0.0,2.98,321.3,,34338,0,318.0,321.8,310.0
2022-12-28,0.0,-0.32,312.0,,34494,0,309.0,318.0,307.0
2022-12-27,0.0,2.62,313.0,,57873,0,310.0,316.8,308.0
2022-12-26,0.0,5.54,305.0,,34307,0,292.0,305.0,291.1
2022-12-22,0.0,-0.69,289.0,,14184,0,291.0,294.0,285.3
2022-12-21,0.0,-1.69,291.0,,4889,0,292.0,297.0,290.1
2022-12-20,0.0,0.68,296.0,,11011,0,298.2,298.2,292.1
2022-12-19,0.0,2.08,294.0,,5412,0,287.0,299.0,287.0
2022-12-18,0.0,-3.32,288.0,,10279,0,293.0,295.0,287.2
2022-12-15,0.0,-0.7,297.9,,7350,0,298.0,298.0,294.0
2022-12-14,0.0,-1.41,300.0,,6422,0,299.1,303.0,299.0
2022-12-13,0.0,0.43,304.3,,5995,0,304.8,305.0,298.0
2022-12-12,0.0,1.37,303.0,,14741,0,299.9,305.0,293.5
2022-12-11,0.0,0.54,298.9,,8524,0,294.2,300.0,294.2
2022-12-07,0.0,-1.65,297.3,,11083,0,302.3,307.9,297.0
2022-12-06,0.0,-0.85,302.3,,6004,0,302.0,307.0,301.5
2022-12-05,0.0,-2.59,304.9,,16094,0,312.0,312.0,303.0
2022-12-04,0.0,0.32,313.0,,20636,0,308.0,315.0,308.0
2022-12-01,0.0,1.17,312.0,,17864,0,308.0,315.0,305.1
2022-11-30,0.0,-0.52,308.4,,9616,0,306.6,309.9,306.0
2022-11-29,0.0,0.32,310.0,,11822,0,305.0,311.8,305.0
2022-11-28,0.0,-1.12,309.0,,21385,0,312.5,317.9,304.0
2022-11-27,0.0,1.46,312.5,,31250,0,310.0,317.9,310.0
2022-11-24,0.0,2.7,308.0,,52013,0,300.0,312.0,298.0
2022-11-23,0.0,0.0,299.9,,8223,0,295.2,299.9,295.2
2022-11-22,0.0,-1.02,299.9,,28973,0,307.0,307.0,298.1
2022-11-17,0.0,2.02,303.0,,34514,0,299.9,305.0,299.0
2022-11-16,0.0,1.37,297.0,,9332,0,295.0,298.8,295.0
2022-11-15,0.0,-0.68,293.0,,23403,0,298.7,300.0,292.9
2022-11-14,0.0,3.15,295.0,,8853,0,284.0,295.0,284.0
2022-11-13,0.0,0.32,286.0,,13443,0,285.0,290.0,285.0
2022-11-10,0.0,-2.66,285.1,,36103,0,295.9,296.0,285.1
2022-11-09,0.0,-2.27,292.9,,28525,0,303.0,303.5,291.3
2022-11-08,0.0,-1.25,299.7,,10015,0,303.0,305.9,299.5
2022-11-07,0.0,-0.07,303.5,,45449,0,303.0,309.0,300.0
2022-11-06,0.0,2.95,303.7,,21493,0,299.9,304.0,296.0
2022-11-03,0.0,-2.61,295.0,,13668,0,296.9,305.0,293.0
2022-11-02,0.0,1.64,302.9,,27929,0,300.0,307.0,294.0
2022-11-01,0.0,4.38,298.0,,17799,0,289.0,298.0,284.0
2022-10-31,0.0,0.88,285.5,,20719,0,280.0,285.5,277.4
2022-10-23,0.0,0.39,283.0,,9245,0,281.9,285.0,280.0
2022-10-20,0.0,0.32,281.9,,8192,0,280.0,285.0,277.0
2022-10-19,0.0,-2.26,281.0,,16965,0,287.5,287.9,279.3
2022-10-17,0.0,-0.86,287.5,,9169,0,290.0,292.0,285.1
2022-10-16,0.0,-1.36,290.0,,18333,0,288.6,296.9,287.0
2022-10-13,0.0,0.2,294.0,,16957,0,292.0,295.0,291.1
2022-10-12,0.0,1.67,292.7,,16852,0,291.9,297.6,281.2
2022-10-11,0.0,-0.38,287.9,,9623,0,288.0,288.0,281.3
2022-10-10,0.0,-2.03,289.0,,12798,0,299.9,300.0,285.1
2022-10-09,0.0,3.51,295.0,,26015,0,290.0,297.0,284.2
2022-09-29,0.0,0.35,285.0,,12649,0,284.0,288.5,280.0
2022-09-28,0.0,0.0,284.0,,7691,0,288.0,289.0,282.1
2022-09-27,0.0,3.09,284.0,,6887,0,280.0,287.0,276.3
2022-09-25,0.0,-2.3,275.5,,17419,0,279.0,282.0,274.0
2022-09-22,0.0,-0.77,282.0,,14833,0,287.0,289.0,280.0
2022-09-21,0.0,0.42,284.2,,20260,0,285.0,293.0,284.2
2022-09-20,0.0,-3.08,283.0,,19891,0,290.0,290.0,281.3
2022-09-18,0.0,-3.02,292.0,,28251,0,300.0,300.0,290.0
2022-09-16,0.0,-0.99,301.1,,29141,0,298.2,308.0,289.5
2022-09-15,0.0,-4.67,304.1,,65626,0,319.1,320.0,304.0
2022-09-14,0.0,3.17,319.0,,53799,0,313.4,322.0,310.0
2022-09-13,0.0,1.98,309.2,,20028,0,307.0,311.0,305.6
2022-09-12,0.0,0.07,303.2,,17975,0,303.0,304.0,301.3
2022-09-11,0.0,-2.26,303.0,,8806,0,306.0,312.1,303.0
2022-09-08,0.0,1.91,310.0,,14791,0,308.0,314.0,303.0
2022-09-07,0.0,-0.94,304.2,,13413,0,305.0,309.0,303.3
2022-09-06,0.0,-2.48,307.1,,11331,0,314.0,314.0,307.1
2022-09-05,0.0,0.29,314.9,,12748,0,319.5,319.5,312.2
2022-09-04,0.0,1.62,314.0,,12226,0,308.0,314.5,308.0
2022-09-02,0.0,0.0,309.0,,8747,0,314.0,314.0,302.9
2022-09-01,0.0,0.23,309.0,,50210,0,308.0,312.8,302.0
2022-08-31,0.0,-1.66,308.3,,20049,0,312.3,319.7,308.0
2022-08-30,0.0,0.16,313.5,,15440,0,319.0,324.9,312.7
2022-08-29,0.0,0.32,313.0,,16953,0,312.0,318.1,308.7
2022-08-28,0.0,-2.5,312.0,,33662,0,315.0,319.9,310.1
2022-08-26,0.0,-0.81,320.0,,69597,0,320.0,322.0,316.4
2022-08-25,0.0,-1.35,322.6,,29091,0,332.0,332.0,322.0
2022-08-24,0.0,-0.3,327.0,,16532,0,333.0,333.0,326.0
2022-08-23,0.0,0.0,328.0,,21708,0,323.0,330.0,323.0
2022-08-22,0.0,-0.09,328.0,,37200,0,328.8,333.7,322.3
2022-08-21,0.0,-2.0,328.3,,49009,0,339.6,341.0,328.3
2022-08-18,0.0,3.4,335.0,,49322,0,328.0,336.0,324.2
2022-08-17,0.0,1.09,324.0,,25537,0,315.6,330.0,315.6
2022-08-16,0.0,-3.17,320.5,,48540,0,328.4,336.9,320.1
2022-08-15,0.0,5.08,331.0,,69357,0,318.0,333.0,315.0
2022-08-14,0.0,-0.63,315.0,,27321,0,321.0,323.0,314.0
2022-08-11,0.0,-0.97,317.0,,34400,0,324.0,326.0,315.0
2022-08-10,0.0,-0.9,320.1,,31684,0,317.2,329.0,317.2
2022-08-09,0.0,-2.42,323.0,,62268,0,327.1,333.0,320.0
2022-08-08,0.0,-0.9,331.0,,82698,0,339.9,343.7,331.0
2022-08-07,0.0,1.52,334.0,,43737,0,335.0,339.9,330.0
2022-08-05,0.0,-0.69,329.0,,94571,0,337.0,345.0,325.0
2022-08-04,0.0,-2.56,331.3,,86232,0,334.0,341.0,331.3
2022-08-03,0.0,0.0,340.0,,77728,0,342.0,355.0,338.0
2022-08-02,0.0,-0.44,340.0,,72041,0,336.1,346.3,334.0
2022-08-01,0.0,-2.43,341.5,,83494,0,353.9,353.9,340.0
2022-07-31,0.0,1.45,350.0,,143607,0,351.0,358.0,341.1
2022-07-29,0.0,6.15,345.0,,174519,0,331.0,349.0,318.5
2022-07-28,0.0,1.25,325.0,,157937,0,326.0,340.0,319.5
2022-07-27,0.0,2.23,321.0,,115864,0,308.0,322.2,304.0
2022-07-26,0.0,-3.09,314.0,,85388,0,319.0,328.0,311.0
2022-07-25,0.0,4.85,324.0,,145026,0,312.0,329.0,308.0
2022-07-24,0.0,5.82,309.0,,67135,0,297.0,313.0,290.0
2022-07-22,0.0,-3.63,292.0,,36727,0,300.0,300.0,292.0
2022-07-21,0.0,0.33,303.0,,37301,0,302.0,307.0,293.0
2022-07-20,0.0,1.0,302.0,,43438,0,297.0,309.9,296.0
2022-07-19,0.0,0.67,299.0,,64620,0,302.0,304.8,297.0
2022-07-18,0.0,1.37,297.0,,37568,0,290.0,298.0,288.1
2022-07-17,0.0,1.03,293.0,,35614,0,291.0,295.0,287.1
2022-07-15,0.0,-1.02,290.0,,20044,0,292.1,294.9,285.0
2022-07-14,0.0,-0.68,293.0,,31201,0,297.0,300.9,290.0
2022-07-13,0.0,5.73,295.0,,34825,0,284.0,297.8,276.0
2022-07-12,0.0,2.95,279.0,,35469,0,276.0,282.5,267.1
2022-07-11,0.0,-4.58,271.0,,44089,0,278.4,278.4,269.5
2022-07-08,0.0,-2.07,284.0,,17672,0,285.0,293.0,283.6
2022-07-07,0.0,-3.01,290.0,,45649,0,304.9,310.9,290.0
2022-07-06,0.0,1.74,299.0,,40858,0,290.0,304.0,285.1
2022-07-05,0.0,-1.11,293.9,,95804,0,295.0,309.0,288.0
2022-07-04,0.0,-5.08,297.2,,126083,0,314.0,322.0,295.0
2022-07-03,0.0,4.37,313.1,,62747,0,295.0,317.0,290.0
2022-07-01,0.0,0.67,300.0,,63414,0,298.0,304.0,292.0
2022-06-30,0.0,6.43,298.0,,85967,0,284.0,305.0,280.0
2022-06-29,0.0,4.52,280.0,,33494,0,272.0,282.3,267.1
2022-06-28,0.0,-0.78,267.9,,18070,0,265.0,271.0,262.0
2022-06-27,0.0,-3.57,270.0,,69978,0,283.0,290.7,270.0
2022-06-26,0.0,5.78,280.0,,54278,0,269.9,283.0,265.0
2022-06-24,0.0,3.0,264.7,,40395,0,253.9,274.0,245.0
2022-06-23,0.0,-6.2,257.0,,39660,0,269.0,269.0,256.3
2022-06-22,0.0,-4.13,274.0,,11934,0,289.8,289.8,272.0
2022-06-21,0.0,4.34,285.8,,19675,0,278.0,287.0,273.0
2022-06-20,0.0,-3.45,273.9,,56258,0,278.1,280.0,269.8
2022-06-19,0.0,-4.48,283.7,,31934,0,293.0,295.0,280.0
2022-06-17,0.0,-0.34,297.0,,21765,0,299.0,300.0,294.0
2022-06-16,0.0,0.68,298.0,,23937,0,301.0,306.0,295.4
2022-06-15,0.0,-1.3,296.0,,25174,0,300.0,305.0,293.0
2022-06-14,0.0,-2.57,299.9,,18899,0,305.1,305.1,296.0
2022-06-13,0.0,0.26,307.8,,10148,0,313.1,313.1,304.0
2022-06-10,0.0,-1.92,307.0,,10586,0,313.0,314.5,306.8
2022-06-09,0.0,-0.95,313.0,,35719,0,318.0,321.9,308.8
2022-06-08,0.0,2.63,316.0,,35255,0,312.0,324.0,309.0
2022-06-07,0.0,-2.87,307.9,,16556,0,313.1,317.0,305.0
2022-06-06,0.0,0.63,317.0,,20076,0,319.0,320.0,313.2
2022-06-03,0.0,-1.87,315.0,,31698,0,321.0,321.0,314.0
2022-06-02,0.0,-0.62,321.0,,11105,0,327.0,327.0,320.0
2022-06-01,0.0,0.94,323.0,,10814,0,325.9,327.0,320.0
2022-05-31,0.0,-0.93,320.0,,20581,0,322.0,326.0,317.7
2022-05-30,0.0,-3.29,323.0,,34843,0,332.0,332.0,320.0
2022-05-27,0.0,-0.6,334.0,,17358,0,338.0,341.7,330.0
2022-05-26,0.0,0.0,336.0,,16566,0,342.0,342.0,333.0
2022-05-25,0.0,0.9,336.0,,18322,0,338.0,346.0,335.2
2022-05-24,0.0,0.6,333.0,,14693,0,334.0,343.0,327.5
2022-05-23,0.0,-2.5,331.0,,22205,0,333.0,340.0,327.0
2022-05-20,0.0,-0.15,339.5,,10076,0,335.0,347.0,335.0
2022-05-19,0.0,-3.13,340.0,,21255,0,345.0,354.0,340.0
2022-05-18,0.0,0.04,351.0,,20516,0,333.0,358.0,333.0
2022-05-17,0.0,-4.48,339.1,,17320,0,348.1,354.0,339.0
2022-05-12,0.0,-3.53,355.0,,46861,0,371.9,374.0,354.1
2022-05-11,0.0,3.23,368.0,,58723,0,362.0,370.0,355.0
2022-05-10,0.0,1.28,356.5,,17823,0,355.0,361.9,348.0
2022-05-09,0.0,-1.4,352.0,,46338,0,350.1,361.9,347.0
2022-05-08,0.0,5.62,357.0,,50512,0,340.0,357.0,327.5
2022-05-05,0.0,-3.57,338.0,,62662,0,343.5,352.9,335.0
2022-05-04,0.0,-2.04,350.5,,19649,0,357.0,361.0,349.0
2022-05-02,0.0,-2.51,357.8,,31530,0,360.1,364.0,351.1
2022-04-28,0.0,-2.39,367.0,,28182,0,377.0,380.0,366.2
2022-04-27,0.0,2.7,376.0,,18040,0,365.0,377.0,363.0
2022-04-26,0.0,-1.32,366.1,,18831,0,371.0,376.0,365.0
2022-04-25,0.0,-2.88,371.0,,46884,0,389.6,389.6,370.0
2022-04-24,0.0,6.11,382.0,,50838,0,367.0,395.7,360.0
2022-04-21,0.0,1.12,360.0,,24780,0,350.5,368.0,346.5
2022-04-20,0.0,-3.52,356.0,,25800,0,370.0,370.0,352.0
2022-04-19,0.0,0.03,369.0,,30632,0,376.2,379.0,362.1
2022-04-18,0.0,-2.15,368.9,,35075,0,371.0,375.0,364.0
2022-04-17,0.0,-0.53,377.0,,14327,0,385.0,386.2,372.4
2022-04-13,0.0,0.56,379.0,,20909,0,376.9,391.0,373.0
2022-04-12,0.0,-0.03,376.9,,21609,0,372.5,384.0,372.2
2022-04-11,0.0,-1.82,377.0,,45826,0,391.0,396.8,376.0
2022-04-07,0.0,1.69,384.0,,31360,0,385.1,392.8,378.0
2022-04-06,0.0,-1.15,377.6,,26930,0,378.0,387.0,376.0
2022-04-05,0.0,-0.91,382.0,,41823,0,380.2,385.0,375.0
2022-04-04,0.0,-0.05,385.5,,29620,0,382.0,397.5,379.0
2022-04-03,0.0,-2.11,385.7,,33346,0,391.0,397.0,384.0
2022-03-31,0.0,-1.75,394.0,,35497,0,407.0,407.0,392.1
2022-03-30,0.0,3.35,401.0,,35782,0,388.0,405.0,386.2
2022-03-29,0.0,0.0,388.0,,22969,0,388.0,395.1,384.0
2022-03-28,0.0,-1.75,388.0,,55212,0,388.0,396.7,382.1
2022-03-27,0.0,-4.38,394.9,,60275,0,419.0,419.0,392.0
2022-03-24,0.0,-1.2,413.0,,60613,0,416.0,418.0,408.0
2022-03-23,0.0,-0.24,418.0,,76874,0,414.1,421.0,411.3
2022-03-22,0.0,2.44,419.0,,176568,0,415.0,422.9,407.0
2022-03-21,0.0,4.87,409.0,,81314,0,393.0,412.8,392.0
2022-03-20,0.0,-2.16,390.0,,47952,0,400.0,400.1,388.3
2022-03-16,0.0,-0.6,398.6,,52175,0,409.0,409.0,397.0
2022-03-15,0.0,2.04,401.0,,181829,0,393.0,407.9,386.0
2022-03-14,0.0,1.29,393.0,,46719,0,383.0,397.2,380.3
2022-03-13,0.0,3.74,388.0,,73745,0,379.5,394.0,375.0
2022-03-10,0.0,5.35,374.0,,37303,0,352.0,374.9,350.1
2022-03-09,0.0,-2.2,355.0,,25596,0,370.0,372.0,353.6
2022-03-07,0.0,-0.82,363.0,,26292,0,373.0,374.0,363.0
2022-03-06,0.0,0.97,366.0,,34144,0,369.0,374.9,360.0
2022-03-02,0.0,-3.33,362.5,,42606,0,380.0,380.0,362.5
2022-02-28,0.0,-1.32,375.0,,32975,0,387.0,387.6,368.0
2022-02-27,0.0,-0.52,380.0,,35304,0,389.6,392.0,375.0
2022-02-24,0.0,-2.55,382.0,,39755,0,391.5,391.5,378.3
2022-02-23,0.0,-1.26,392.0,,29027,0,397.0,403.0,390.9
2022-02-22,0.0,1.79,397.0,,34329,0,388.0,402.0,388.0
2022-02-21,0.0,0.52,390.0,,25811,0,395.7,395.7,388.1
2022-02-20,0.0,-2.51,388.0,,43585,0,390.1,396.5,383.0
2022-02-17,0.0,0.25,398.0,,23349,0,397.0,400.0,396.0
2022-02-16,0.0,-2.46,397.0,,43432,0,410.0,410.8,396.0
2022-02-15,0.0,3.3,407.0,,24641,0,400.0,407.0,396.1
2022-02-14,0.0,-0.13,394.0,,34342,0,402.0,410.0,390.2
2022-02-13,0.0,-3.78,394.5,,83125,0,402.0,402.0,388.0
2022-02-10,0.0,-0.73,410.0,,43850,0,418.9,420.0,407.3
2022-02-09,0.0,-0.48,413.0,,63791,0,416.0,420.0,402.0
2022-02-08,0.0,0.0,415.0,,72039,0,429.4,437.9,414.0
2022-02-07,0.0,0.0,421.0,,42801,0,421.0,430.0,420.0
2022-02-06,0.0,-1.41,421.0,,68814,0,418.8,430.0,418.8
2022-02-03,0.0,-0.33,427.0,,96366,0,436.0,443.0,426.0
2022-02-01,0.0,1.28,428.4,,81330,0,423.0,433.4,420.0
2022-01-31,0.0,-2.98,423.0,,81066,0,444.0,444.0,423.0
2022-01-30,0.0,7.23,436.0,,129993,0,414.7,436.0,414.7
2022-01-27,0.0,-0.34,406.6,,46527,0,412.0,416.0,405.0
2022-01-26,0.0,-1.92,408.0,,94948,0,415.0,418.0,399.0
2022-01-25,0.0,-0.19,416.0,,101849,0,416.0,427.0,413.0
2022-01-24,0.0,-5.27,416.8,,166968,0,432.0,436.0,413.0
2022-01-23,0.0,-1.35,440.0,,193071,0,450.0,454.9,433.0
2022-01-20,0.0,1.83,446.0,,224339,0,446.7,446.7,434.1
2022-01-19,0.0,4.29,438.0,,298017,0,415.0,443.7,415.0
2022-01-18,0.0,-0.73,420.0,,135114,0,425.0,430.0,415.1
2022-01-17,0.0,-0.45,423.1,,111707,0,429.0,434.0,415.1
2022-01-16,0.0,1.92,425.0,,118704,0,417.0,441.0,421.0
2022-01-13,0.0,1.71,417.0,,88967,0,405.0,424.0,405.0
2022-01-12,0.0,-2.15,410.0,,162748,0,415.0,427.0,407.0
2022-01-11,0.0,1.95,419.0,,152934,0,411.0,430.0,397.5
2022-01-10,0.0,3.53,411.0,,142246,0,404.0,413.0,396.0
2022-01-09,0.0,6.72,397.0,,143547,0,378.0,400.2,378.0
2022-01-06,0.0,2.76,372.0,,71914,0,356.0,375.0,356.0
2022-01-05,0.0,-1.63,362.0,,91005,0,370.0,376.2,358.0
2022-01-04,0.0,6.67,368.0,,110555,0,341.1,368.0,341.0
2022-01-03,0.0,2.68,345.0,,59130,0,340.0,350.0,335.0
2022-01-02,0.0,3.38,336.0,,39791,0,325.0,338.0,323.5
2021-12-29,0.0,-0.03,325.0,,30676,0,320.0,331.0,318.8
2021-12-28,0.0,0.03,325.1,,40971,0,319.1,330.0,317.1
2021-12-27,0.0,-4.44,325.0,,38257,0,346.0,346.0,325.0
2021-12-26,0.0,0.03,340.1,,59190,0,344.0,349.9,334.0
2021-12-23,0.0,-3.13,340.0,,56648,0,358.0,358.0,337.0
2021-12-22,0.0,6.69,351.0,,94896,0,335.5,351.0,330.0
2021-12-21,0.0,4.44,329.0,,28104,0,321.0,329.0,314.0
2021-12-20,0.0,-1.87,315.0,,22432,0,315.0,321.0,309.0
2021-12-16,0.0,-5.06,321.0,,28874,0,334.0,340.0,320.5
2021-12-15,0.0,2.36,338.1,,120802,0,336.9,354.0,318.0
2021-12-14,0.0,9.99,330.3,,27192,0,306.3,330.3,306.0
2021-12-13,0.0,-6.16,300.3,,73368,0,314.0,325.0,294.0
2021-12-12,0.0,-5.47,320.0,,38343,0,334.0,339.0,320.0
2021-12-09,0.0,0.95,338.5,,61267,0,330.2,345.0,328.0
2021-12-08,0.0,-3.93,335.3,,19523,0,345.0,365.0,335.1
2021-12-07,0.0,-3.86,349.0,,48202,0,370.0,384.9,346.0
2021-12-06,0.0,3.71,363.0,,98123,0,350.0,369.0,336.2
2021-12-05,0.0,-4.89,350.0,,46456,0,368.0,370.0,347.0
2021-12-02,0.0,-4.17,368.0,,42946,0,390.0,390.0,368.0
2021-12-01,0.0,0.55,384.0,,22066,0,376.0,390.0,376.0
2021-11-30,0.0,0.5,381.9,,26515,0,386.9,387.0,373.0
2021-11-29,0.0,0.4,380.0,,51133,0,386.0,399.8,370.0
2021-11-28,0.0,-5.38,378.5,,78129,0,400.0,400.0,378.5
2021-11-25,0.0,0.25,400.0,,73619,0,400.0,407.0,387.1
2021-11-24,0.0,0.13,399.0,,56976,0,395.0,405.0,390.0
2021-11-23,0.0,-2.57,398.5,,65864,0,401.9,417.1,395.0
2021-11-22,0.0,-0.27,409.0,,52571,0,418.3,418.3,407.7
2021-11-21,0.0,-0.46,410.1,,28752,0,419.5,420.0,408.0
2021-11-18,0.0,-2.6,412.0,,46496,0,416.0,430.0,410.0
2021-11-17,0.0,0.48,423.0,,116657,0,429.0,444.0,415.8
2021-11-16,0.0,3.19,421.0,,54141,0,415.9,424.2,408.0
2021-11-15,0.0,3.29,408.0,,59429,0,402.9,415.0,401.1
2021-11-14,0.0,1.28,395.0,,42076,0,395.0,405.0,385.0
2021-11-11,0.0,-3.23,390.0,,63413,0,395.0,409.9,389.5
2021-11-09,0.0,-5.4,403.0,,72643,0,429.9,429.9,400.0
2021-11-08,0.0,-0.7,426.0,,50650,0,436.0,439.6,425.9
2021-11-03,0.0,-2.48,429.0,,40806,0,448.0,448.0,428.2
2021-11-02,0.0,6.0,439.9,,139830,0,407.1,452.8,406.0
2021-11-01,0.0,-3.38,415.0,,108229,0,438.0,445.7,412.3
2021-10-31,0.0,5.79,429.5,,107582,0,413.0,430.0,400.0
2021-10-28,0.0,1.53,406.0,,50471,0,400.0,410.0,392.0
2021-10-27,0.0,-0.03,399.9,,108438,0,408.0,414.7,382.3
2021-10-26,0.0,7.9,400.0,,127370,0,378.1,402.9,372.0
2021-10-25,0.0,10.0,370.7,,105622,0,337.0,370.7,336.3
2021-10-24,0.0,0.73,337.0,,32690,0,340.2,340.2,324.4
2021-10-21,0.0,-2.65,368.0,,101356,0,385.5,392.0,367.2
2021-10-20,0.0,5.35,378.0,,45328,0,365.9,386.0,365.9
2021-10-19,0.0,-5.58,358.8,,77849,0,380.0,380.0,354.0
2021-10-18,0.0,-4.04,380.0,,70722,0,389.0,389.0,375.4
2021-10-17,0.0,2.06,396.0,,25761,0,395.7,402.9,385.0
2021-10-11,0.0,-1.52,388.0,,60824,0,390.0,391.0,383.2
2021-10-10,0.0,-4.11,394.0,,47348,0,419.1,419.1,392.0
2021-10-06,0.0,2.98,410.9,,71814,0,400.0,411.0,393.0
2021-10-05,0.0,2.05,399.0,,54597,0,398.0,405.0,392.1
2021-10-04,0.0,-1.01,391.0,,46270,0,388.6,405.0,384.0
2021-10-03,0.0,-2.47,395.0,,56376,0,413.0,413.0,388.0
2021-09-30,0.0,-4.71,405.0,,94952,0,430.0,438.6,404.0
2021-09-29,0.0,3.66,425.0,,101016,0,418.0,430.0,402.0
2021-09-28,0.0,-3.8,410.0,,93860,0,419.0,440.0,404.9
2021-09-27,0.0,-4.22,426.2,,80006,0,445.0,448.0,425.0
2021-09-26,0.0,-4.34,445.0,,64755,0,470.0,477.0,443.0
2021-09-23,0.0,-3.08,465.2,,106649,0,489.0,505.0,460.1
2021-09-22,0.0,8.47,480.0,,114442,0,451.3,482.0,450.0
2021-09-21,0.0,0.34,442.5,,132899,0,433.0,463.0,427.0
2021-09-20,0.0,-7.35,441.0,,136575,0,466.5,475.0,439.0
2021-09-16,0.0,-3.64,476.0,,156558,0,486.0,487.0,468.1
2021-09-15,0.0,-2.37,494.0,,94858,0,506.0,506.0,491.0
2021-09-14,0.0,-1.35,506.0,,65323,0,523.1,523.1,504.0
2021-09-13,0.0,0.57,512.9,,145261,0,520.0,531.0,510.1
2021-09-12,0.0,6.25,510.0,,157540,0,489.6,512.0,480.0
2021-09-09,0.0,0.0,480.0,,65211,0,480.0,495.0,476.0
2021-09-08,0.0,-4.57,480.0,,128953,0,494.0,499.0,479.0
2021-09-07,0.0,0.06,503.0,,152158,0,510.0,519.7,483.2
2021-09-06,0.0,10.0,502.7,,175229,0,457.0,502.7,449.0
2021-09-05,0.0,-8.25,457.0,,225229,0,489.0,494.0,449.0
2021-09-02,0.0,-2.33,498.1,,140984,0,500.0,524.0,492.0
2021-09-01,0.0,-0.25,510.0,,167743,0,520.0,530.0,505.0
2021-08-31,0.0,-4.61,511.3,,213825,0,527.0,535.0,510.0
2021-08-29,0.0,-2.19,536.0,,254938,0,557.9,568.9,533.0
2021-08-26,0.0,4.98,548.0,,292118,0,532.0,562.9,522.0
2021-08-25,0.0,-2.97,522.0,,177348,0,545.0,545.0,520.0
2021-08-24,0.0,-4.78,538.0,,252780,0,554.0,566.0,536.0
2021-08-19,0.0,-1.74,565.0,,390172,0,575.0,585.8,555.0
2021-08-18,0.0,4.93,575.0,,496824,0,555.0,595.0,543.0
2021-08-17,0.0,4.98,548.0,,302412,0,528.0,560.0,520.0
2021-08-16,0.0,0.77,522.0,,251346,0,518.0,536.0,502.0
2021-08-15,0.0,-4.11,518.0,,544519,0,529.4,535.0,499.0
2021-08-12,0.0,7.01,540.2,,595240,0,504.8,550.0,495.0
2021-08-11,0.0,-1.6,504.8,,283672,0,523.2,533.6,496.0
2021-08-10,0.0,9.85,513.0,,664400,0,474.0,513.7,470.4
2021-08-09,0.0,-1.68,467.0,,120645,0,480.0,482.0,465.3
2021-08-08,0.0,-0.17,475.0,,212726,0,479.0,485.0,472.0
2021-08-05,0.0,3.14,475.8,,456206,0,470.5,485.0,462.0
2021-08-04,0.0,1.38,461.3,,184398,0,446.0,470.0,446.0
2021-08-03,0.0,0.0,455.0,,105381,0,455.0,460.0,453.0
2021-08-02,0.0,-1.73,455.0,,136653,0,472.2,472.2,452.0
2021-08-01,0.0,3.58,463.0,,369064,0,455.9,474.0,455.9
2021-07-29,0.0,2.29,447.0,,266519,0,445.7,454.0,440.0
2021-07-28,0.0,0.69,437.0,,122591,0,440.0,447.0,435.0
2021-07-27,0.0,1.64,434.0,,169978,0,427.0,443.0,412.0
2021-07-26,0.0,-0.47,427.0,,98157,0,427.0,434.0,426.0
2021-07-25,0.0,-0.21,429.0,,105244,0,433.0,437.9,426.0
2021-07-22,0.0,-0.02,429.9,,90271,0,432.0,435.0,428.0
2021-07-20,0.0,-2.27,430.0,,90507,0,445.0,445.0,430.0
2021-07-19,0.0,-0.45,440.0,,143427,0,445.0,455.0,432.0
2021-07-18,0.0,4.25,442.0,,209685,0,425.0,448.8,420.0
2021-07-15,0.0,-0.24,424.0,,94408,0,404.0,434.0,404.0
2021-07-14,0.0,-0.47,425.0,,100291,0,435.0,435.0,421.0
2021-07-13,0.0,2.4,427.0,,167869,0,416.0,436.0,415.0
2021-07-12,0.0,-0.95,417.0,,312859,0,428.0,443.0,409.0
2021-07-11,0.0,9.92,421.0,,254810,0,402.0,421.0,387.0
2021-07-08,0.0,1.86,383.0,,80319,0,376.0,387.0,371.0
2021-07-07,0.0,-0.53,376.0,,35304,0,382.0,383.0,372.0
2021-07-06,0.0,0.0,378.0,,48101,0,385.0,385.0,375.0
2021-07-05,0.0,-3.08,378.0,,83461,0,371.0,396.0,371.0
2021-07-04,0.0,-1.27,390.0,,126762,0,404.0,404.0,386.0
2021-07-01,0.0,3.4,395.0,,160370,0,389.0,403.0,375.0
2021-06-30,0.0,2.14,382.0,,168324,0,374.0,387.0,357.0
2021-06-29,0.0,-2.6,374.0,,133045,0,365.0,393.0,365.0
2021-06-28,0.0,-2.78,384.0,,71570,0,399.0,399.0,381.0
2021-06-27,0.0,-0.5,395.0,,77355,0,416.0,416.0,386.0
2021-06-24,0.0,-2.7,397.0,,76680,0,414.0,414.0,396.0
2021-06-23,0.0,-3.09,408.0,,162494,0,415.0,432.0,403.0
2021-06-22,0.0,8.51,421.0,,210030,0,390.0,426.0,378.0
2021-06-21,0.0,-5.37,388.0,,171939,0,430.0,430.0,386.0
2021-06-20,0.0,-3.3,410.0,,178717,0,430.0,432.0,403.0
2021-06-17,0.0,1.44,424.0,,223045,0,438.0,438.0,408.0
2021-06-16,0.0,-4.78,418.0,,246568,0,435.0,450.0,404.0
2021-06-15,0.0,-4.98,439.0,,276667,0,485.0,485.0,432.0
2021-06-14,0.0,-2.33,462.0,,279325,0,481.0,502.0,457.0
2021-06-13,0.0,9.24,473.0,,498448,0,440.0,476.0,433.0
2021-06-10,0.0,1.41,433.0,,404835,0,406.0,450.0,406.0
2021-06-09,0.0,-0.05,427.0,,290130,0,473.0,473.0,420.0
2021-06-08,0.0,10.0,451.0,,309477,0,425.0,451.0,420.0
2021-06-07,0.0,9.04,410.0,,571726,0,382.0,410.0,377.0
2021-06-06,0.0,2.17,376.0,,333474,0,375.0,382.0,362.0
2021-06-03,0.0,1.1,368.0,,408527,0,370.0,396.0,368.0
2021-06-02,0.0,8.01,364.0,,291398,0,337.0,369.0,331.0
2021-06-01,0.0,1.2,337.0,,237064,0,328.0,346.0,326.0
2021-05-31,0.0,-2.06,333.0,,302872,0,345.0,357.0,330.0
2021-05-30,0.0,9.68,340.0,,435511,0,316.0,341.0,310.0
2021-05-27,0.0,3.68,310.0,,169484,0,312.0,320.0,289.0
2021-05-25,0.0,-2.61,299.0,,134391,0,310.0,314.0,298.0
2021-05-24,0.0,-0.97,307.0,,208161,0,325.0,325.0,296.0
2021-05-23,0.0,9.93,310.0,,345277,0,270.0,310.0,270.0
2021-05-20,0.0,2.55,282.0,,115789,0,278.0,286.0,273.0
2021-05-19,0.0,-3.17,275.0,,105203,0,290.0,290.0,273.0
2021-05-18,0.0,8.4,284.0,,221017,0,262.0,284.0,260.0
2021-05-17,0.0,-0.76,262.0,,99505,0,265.0,268.0,257.0
2021-05-16,0.0,2.33,264.0,,93338,0,258.0,275.0,258.0
2021-05-13,0.0,9.79,258.0,,257874,0,235.0,258.0,235.0
2021-05-12,0.0,-0.84,235.0,,17464,0,240.0,240.0,235.0
2021-05-11,0.0,0.0,237.0,,13622,0,237.0,238.0,235.0
2021-05-10,0.0,0.42,237.0,,5701,0,240.0,240.0,234.0
2021-05-09,0.0,0.0,236.0,,17031,0,232.0,238.0,232.0
2021-05-06,0.0,-0.42,236.0,,39772,0,240.0,240.0,234.0
2021-05-05,0.0,-0.42,237.0,,23664,0,234.0,240.0,234.0
2021-05-04,0.0,-0.42,238.0,,18824,0,243.0,243.0,234.0
2021-05-03,0.0,-2.05,239.0,,43342,0,247.0,247.0,237.0
2021-05-02,0.0,2.09,244.0,,70585,0,243.0,244.0,238.0
2021-04-29,0.0,3.46,239.0,,67347,0,232.0,241.0,231.0
2021-04-28,0.0,1.76,231.0,,61264,0,228.0,238.0,226.0
2021-04-27,0.0,2.73,226.0,,29244,0,223.0,233.0,220.0
2021-04-26,0.0,-2.65,220.0,,51048,0,222.0,226.0,218.0
2021-04-25,0.0,-3.0,226.0,,46701,0,236.0,236.0,223.0
2021-04-22,0.0,0.43,233.0,,59743,0,236.0,236.0,228.0
2021-04-21,0.0,-2.11,232.0,,38388,0,240.0,240.0,226.0
2021-04-20,0.0,0.85,237.0,,35212,0,232.0,245.0,229.0
2021-04-19,0.0,-0.42,235.0,,49317,0,240.0,243.0,229.0
2021-04-18,0.0,-4.45,236.0,,99715,0,250.0,250.0,235.0
2021-04-15,0.0,4.22,247.0,,152865,0,239.0,248.0,239.0
2021-04-13,0.0,3.04,237.0,,88527,0,234.0,241.0,230.0
2021-04-12,0.0,-0.43,230.0,,79688,0,230.0,233.0,225.0
2021-04-08,0.0,5.96,231.0,,116838,0,221.0,232.0,220.0
2021-04-07,0.0,1.4,218.0,,104996,0,216.0,220.0,216.0
2021-04-06,0.0,1.42,215.0,,64446,0,211.0,215.0,210.0
2021-04-05,0.0,0.0,212.0,,54489,0,217.0,217.0,211.0
2021-04-04,0.0,0.95,212.0,,81921,0,214.0,214.0,207.0
2021-04-01,0.0,3.96,210.0,,71438,0,206.0,214.0,204.0
2021-03-31,0.0,0.5,202.0,,33582,0,211.0,211.0,202.0
2021-03-30,0.0,0.5,201.0,,17465,0,204.0,204.0,200.0
2021-03-29,0.0,-0.5,200.0,,26018,0,203.0,203.0,199.0
2021-03-25,0.0,-1.47,201.0,,25839,0,202.0,204.0,201.0
2021-03-24,0.0,1.49,204.0,,12564,0,204.0,204.0,200.0
2021-03-23,0.0,-0.5,201.0,,19102,0,204.0,205.0,199.0
2021-03-22,0.0,0.95,212.0,,70861,0,212.0,215.0,210.0
2021-03-21,0.0,1.94,210.0,,28398,0,206.0,212.0,206.0
2021-03-18,0.0,0.98,206.0,,28682,0,207.0,207.0,203.0
2021-03-17,0.0,0.0,204.0,,21505,0,204.0,204.0,200.0
2021-03-16,0.0,0.49,204.0,,26597,0,204.0,206.0,199.0
2021-03-15,0.0,1.0,203.0,,38908,0,205.0,209.0,199.0
2021-03-14,0.0,-2.43,201.0,,37917,0,203.0,207.0,197.0
2021-03-10,0.0,0.0,206.0,,7621,0,204.0,207.0,204.0
2021-03-09,0.0,-1.44,206.0,,18478,0,209.0,210.0,204.0
2021-03-04,0.0,0.97,209.0,,39964,0,210.0,212.0,206.0
2021-03-03,0.0,-0.48,207.0,,50355,0,206.0,214.0,203.0
2021-03-02,0.0,-0.48,208.0,,73402,0,213.0,215.0,205.0
2021-02-28,0.0,-3.69,209.0,,21214,0,219.0,219.0,209.0
2021-02-25,0.0,0.0,217.0,,48797,0,222.0,222.0,212.0
2021-02-24,0.0,0.46,219.0,,19211,0,219.0,224.0,217.0
2021-02-23,0.0,-0.91,218.0,,37175,0,220.0,220.0,213.0
2021-02-22,0.0,-1.35,220.0,,58272,0,223.0,227.0,217.0
2021-02-21,0.0,-0.02,223.0,,49756,0,227.0,228.0,223.0
2021-02-18,0.0,0.03,227.0,,97005,0,232.0,232.0,219.0
2021-02-17,0.0,0.0,221.0,,32348,0,217.0,222.0,217.0
2021-02-16,0.0,-0.02,220.0,,84021,0,236.0,236.0,217.0
2021-02-15,0.0,0.05,225.0,,123117,0,214.0,226.0,213.0
2021-02-14,0.0,-0.01,215.0,,47972,0,218.0,220.0,212.0
2021-02-11,0.0,0.01,217.0,,140955,0,215.0,220.0,212.0
2021-02-10,0.0,0.0,214.0,,92992,0,218.0,218.0,202.0
2021-02-09,0.0,-0.01,212.0,,20382,0,214.0,218.0,208.0
2021-02-08,0.0,0.04,215.0,,59359,0,207.0,216.0,206.0
2021-02-07,0.0,0.0,207.0,,38132,0,207.0,209.0,203.0
2021-02-04,0.0,0.0,207.0,,20960,0,209.0,209.0,205.0
2021-02-03,0.0,0.01,208.0,,28003,0,209.0,210.0,203.0
2021-02-02,0.0,0.0,206.0,,26972,0,208.0,211.0,203.0
2021-02-01,0.0,0.02,205.0,,47573,0,203.0,208.0,200.0
2021-01-31,0.0,-0.03,201.0,,72377,0,204.0,206.0,199.0
2021-01-28,0.0,-0.02,207.0,,57716,0,215.0,215.0,206.0
2021-01-27,0.0,0.02,212.0,,32927,0,218.0,218.0,208.0
2021-01-26,0.0,-0.02,208.0,,41378,0,215.0,215.0,208.0
2021-01-25,0.0,-0.02,212.0,,39127,0,219.0,219.0,209.0
2021-01-24,0.0,0.0,216.0,,49835,0,215.0,227.0,215.0
2021-01-21,0.0,0.0,216.0,,139257,0,217.0,222.0,215.0
2021-01-20,0.0,0.02,215.0,,74164,0,208.0,216.0,208.0
2021-01-19,0.0,-0.01,210.0,,99792,0,212.0,216.0,202.0
2021-01-18,0.0,-0.04,212.0,,78509,0,220.0,228.0,210.0
2021-01-17,0.0,0.09,220.0,,309017,0,205.0,221.0,200.0
2021-01-13,0.0,-0.01,201.0,,37257,0,213.0,213.0,199.0
2021-01-12,0.0,0.04,203.0,,134518,0,205.0,205.0,193.0
2021-01-11,0.0,0.03,196.0,,95387,0,200.0,204.0,188.0
2021-01-10,0.0,0.04,191.0,,70545,0,186.0,192.0,185.0
2021-01-07,0.0,0.02,183.0,,47398,0,183.0,186.0,181.0
2021-01-06,0.0,0.01,180.0,,12442,0,179.0,180.0,177.0
2021-01-05,0.0,0.02,179.0,,6170,0,176.0,179.0,175.0
2021-01-04,0.0,-0.01,175.0,,28442,0,180.0,182.0,175.0
2021-01-03,0.0,0.01,177.0,,28483,0,175.0,178.0,174.0
2020-12-31,0.0,0.01,175.0,,16631,0,171.0,175.0,171.0
2020-12-30,0.0,0.0,174.0,,6030,0,172.0,174.0,171.0
2020-12-29,0.0,0.0,174.0,,9749,0,171.0,177.0,169.0
2020-12-28,0.0,0.0,174.0,,8638,0,174.0,175.0,172.0
2020-12-27,0.0,0.01,174.0,,6314,0,174.0,176.0,171.0
2020-12-24,0.0,-0.02,173.0,,15133,0,175.0,177.0,171.0
2020-12-23,0.0,-0.01,177.0,,16181,0,181.0,181.0,174.0
2020-12-22,0.0,0.03,178.0,,24447,0,175.0,182.0,170.0
2020-12-21,0.0,0.0,172.0,,18862,0,169.0,173.0,164.0
2020-12-20,0.0,-0.05,171.0,,28252,0,178.0,180.0,171.0
2020-12-17,0.0,-0.01,180.0,,22650,0,180.0,183.0,179.0
2020-12-16,0.0,-0.01,182.0,,17147,0,185.0,185.0,180.0
2020-12-15,0.0,-0.01,183.0,,13959,0,185.0,186.0,182.0
2020-12-14,0.0,0.03,185.0,,25400,0,182.0,188.0,179.0
2020-12-13,0.0,0.02,180.0,,15440,0,180.0,180.0,178.0
2020-12-10,0.0,-0.01,177.0,,13499,0,179.0,180.0,175.0
2020-12-09,0.0,0.01,179.0,,16285,0,180.0,184.0,177.0
2020-12-08,0.0,-0.01,178.0,,34990,0,183.0,186.0,175.0
2020-12-07,0.0,0.02,180.0,,51992,0,179.0,184.0,173.0
2020-12-06,0.0,-0.07,176.0,,74218,0,198.0,198.0,176.0
2020-12-03,0.0,-0.02,189.0,,30042,0,196.0,197.0,186.0
2020-12-02,0.0,0.0,193.0,,30510,0,193.0,196.0,190.0
2020-12-01,0.0,-0.02,193.0,,54828,0,199.0,199.0,192.0
2020-11-30,0.0,-0.03,197.0,,82086,0,205.0,210.0,197.0
2020-11-29,0.0,0.04,203.0,,156125,0,198.0,209.0,195.0
2020-11-26,0.0,-0.05,195.0,,96151,0,216.0,216.0,193.0
2020-11-25,0.0,0.01,204.0,,103795,0,206.0,210.0,202.0
2020-11-24,0.0,0.06,202.0,,135213,0,194.0,204.0,189.0
2020-11-23,0.0,-0.02,191.0,,44493,0,196.0,201.0,190.0
2020-11-22,0.0,0.0,195.0,,78976,0,204.0,204.0,189.0
2020-11-19,0.0,0.0,195.0,,198305,0,182.0,200.0,182.0
2020-11-18,0.0,0.0,182.0,,33799,0,183.0,184.0,180.0
2020-11-12,0.0,0.0,183.0,,13016,0,188.0,188.0,183.0
2020-11-11,0.0,0.0,186.0,,21708,0,185.0,189.0,184.0
2020-11-10,0.0,-2.11,186.0,,9568,0,193.0,193.0,184.0
2020-11-09,0.0,1.6,190.0,,18218,0,190.0,191.0,182.0
2020-11-08,0.0,0.54,187.0,,38302,0,188.0,188.0,183.0
2020-11-05,0.0,1.09,186.0,,25920,0,186.0,187.0,183.0
2020-11-04,0.0,0.0,184.0,,7878,0,182.0,185.0,182.0
2020-11-03,0.0,-1.6,184.0,,23533,0,187.0,187.0,183.0
2020-11-02,0.0,-0.53,187.0,,30592,0,194.0,194.0,186.0
2020-11-01,0.0,-2.08,188.0,,22984,0,192.0,192.0,188.0
2020-10-29,0.0,0.52,192.0,,83156,0,194.0,197.0,187.0
2020-10-28,0.0,2.14,191.0,,26811,0,190.0,196.0,186.0
2020-10-22,0.0,-1.58,187.0,,43156,0,189.0,191.0,187.0
2020-10-21,0.0,4.4,190.0,,51409,0,185.0,190.0,179.0
2020-10-20,0.0,1.68,182.0,,31293,0,182.0,185.0,177.0
2020-10-19,0.0,0.0,179.0,,27531,0,177.0,181.0,175.0
2020-10-18,0.0,-2.72,179.0,,27829,0,182.0,184.0,178.0
2020-10-15,0.0,-0.54,184.0,,20401,0,193.0,193.0,183.0
2020-10-14,0.0,-1.6,185.0,,23260,0,190.0,197.0,183.0
2020-10-13,0.0,-0.53,188.0,,118140,0,191.0,197.0,187.0
2020-10-12,0.0,0.0,189.0,,97741,0,186.0,196.0,180.0
2020-10-11,0.0,-0.53,189.0,,86841,0,187.0,192.0,181.0
2020-10-08,0.0,-1.04,190.0,,134195,0,201.0,205.0,187.0
2020-10-07,0.0,9.71,192.0,,140005,0,177.0,192.0,176.0
2020-10-06,0.0,0.0,175.0,,55578,0,178.0,180.0,175.0
2020-10-05,0.0,2.34,175.0,,51424,0,173.0,177.0,170.0
2020-10-04,0.0,-3.39,171.0,,82647,0,180.0,183.0,170.0
2020-10-01,0.0,5.99,177.0,,119268,0,170.0,181.0,164.0
2020-09-30,0.0,5.7,167.0,,102180,0,158.0,168.0,155.0
2020-09-29,0.0,2.6,158.0,,45009,0,155.0,159.0,153.0
2020-09-28,0.0,0.0,154.0,,28374,0,156.0,159.0,154.0
2020-09-27,0.0,1.99,154.0,,50540,0,153.0,156.0,149.0
2020-09-24,0.0,-1.31,151.0,,16976,0,153.0,153.0,150.0
2020-09-23,0.0,2.68,153.0,,36036,0,151.0,153.0,145.0
2020-09-22,0.0,-2.61,149.0,,20266,0,153.0,154.0,146.0
2020-09-21,0.0,-1.92,153.0,,12465,0,156.0,156.0,151.0
2020-09-20,0.0,1.96,156.0,,45969,0,156.0,162.0,152.0
2020-09-17,0.0,6.25,153.0,,55174,0,146.0,156.0,146.0
2020-09-16,0.0,0.7,144.0,,9749,0,150.0,150.0,143.0
2020-09-15,0.0,0.0,143.0,,3236,0,145.0,145.0,142.0
2020-09-14,0.0,0.0,143.0,,19777,0,142.0,147.0,142.0
2020-09-13,0.0,-1.38,143.0,,11364,0,146.0,146.0,141.0
2020-09-10,0.0,0.0,145.0,,4570,0,143.0,147.0,142.0
2020-09-09,0.0,1.4,145.0,,6472,0,150.0,150.0,142.0
2020-09-08,0.0,-1.38,143.0,,3398,0,144.0,145.0,143.0
2020-09-07,0.0,1.4,145.0,,2951,0,150.0,150.0,143.0
2020-09-06,0.0,-2.05,143.0,,34779,0,153.0,153.0,142.0
2020-09-03,0.0,-0.68,146.0,,5685,0,147.0,147.0,145.0
2020-09-02,0.0,2.08,147.0,,16825,0,146.0,153.0,145.0
2020-08-31,0.0,0.7,144.0,,9120,0,145.0,146.0,142.0
2020-08-30,0.0,-1.38,143.0,,10504,0,145.0,145.0,143.0
2020-08-27,0.0,-1.36,145.0,,6710,0,146.0,147.0,145.0
2020-08-26,0.0,2.08,147.0,,9895,0,146.0,148.0,144.0
2020-08-25,0.0,-0.69,144.0,,7195,0,143.0,146.0,143.0
2020-08-24,0.0,0.0,145.0,,6893,0,144.0,145.0,144.0
2020-08-23,0.0,1.4,145.0,,12000,0,142.0,145.0,142.0
2020-08-20,0.0,1.42,143.0,,2115,0,143.0,146.0,141.0
2020-08-19,0.0,-2.08,141.0,,8485,0,142.0,143.0,140.0
2020-08-18,0.0,0.0,144.0,,2283,0,142.0,146.0,142.0
2020-08-17,0.0,1.41,144.0,,6947,0,144.0,144.0,140.0
2020-08-16,0.0,-4.05,142.0,,18934,0,146.0,146.0,140.0
2020-08-13,0.0,0.68,148.0,,7477,0,147.0,148.0,144.0
2020-08-12,0.0,-2.65,147.0,,7276,0,151.0,151.0,146.0
2020-08-11,0.0,-2.58,151.0,,18376,0,155.0,155.0,145.0
2020-08-10,0.0,8.39,155.0,,15661,0,145.0,155.0,144.0
2020-08-09,0.0,-0.69,143.0,,6984,0,142.0,144.0,140.0
2020-08-06,0.0,2.13,144.0,,21359,0,143.0,145.0,139.0
2020-08-05,0.0,-2.76,141.0,,3273,0,143.0,145.0,141.0
2020-08-03,0.0,0.69,145.0,,8586,0,146.0,148.0,142.0
2020-08-02,0.0,-3.36,144.0,,11647,0,147.0,148.0,144.0
2020-07-30,0.0,1.36,149.0,,6856,0,148.0,150.0,147.0
2020-07-29,0.0,-1.34,147.0,,19667,0,150.0,151.0,145.0
2020-07-28,0.0,-1.97,149.0,,18866,0,149.0,151.0,149.0
2020-07-27,0.0,0.0,152.0,,15335,0,155.0,155.0,151.0
2020-07-26,0.0,-0.65,152.0,,16582,0,152.0,156.0,147.0
2020-07-23,0.0,0.66,153.0,,7044,0,154.0,155.0,150.0
2020-07-22,0.0,-1.3,152.0,,14419,0,156.0,159.0,151.0
2020-07-21,0.0,0.0,154.0,,14167,0,154.0,161.0,151.0
2020-07-20,0.0,2.67,154.0,,24903,0,157.0,163.0,152.0
2020-07-16,0.0,6.38,150.0,,12188,0,141.0,152.0,141.0
2020-07-15,0.0,-2.08,141.0,,6352,0,145.0,145.0,141.0
2020-07-14,0.0,0.0,144.0,,4279,0,145.0,145.0,144.0
2020-07-13,0.0,0.7,144.0,,4621,0,141.0,144.0,141.0
2020-07-12,0.0,-0.69,143.0,,2786,0,146.0,146.0,142.0
2020-07-09,0.0,-0.69,144.0,,1547,0,145.0,147.0,143.0
2020-07-08,0.0,0.0,145.0,,5855,0,144.0,145.0,141.0
2020-07-07,0.0,4.32,145.0,,8801,0,139.0,147.0,139.0
2020-07-06,0.0,0.0,139.0,,14619,0,138.0,141.0,137.0
2020-07-05,0.0,-0.71,139.0,,4358,0,140.0,141.0,139.0
2020-07-02,0.0,-2.1,140.0,,2410,0,145.0,145.0,140.0
2020-07-01,0.0,2.88,143.0,,3553,0,141.0,143.0,141.0
2020-06-30,0.0,1.46,139.0,,840,0,139.0,139.0,139.0
2020-06-29,0.0,0.0,137.0,,1078,0,141.0,141.0,141.0
2020-05-13,0.0,-1.4,141.0,,10,0,141.0,141.0,141.0
2020-03-22,0.0,0.7,143.0,,1079,0,144.0,144.0,143.0
2020-03-19,0.0,-0.7,142.0,,43094,0,141.0,149.0,139.0
2020-03-18,0.0,-3.38,143.0,,32253,0,146.0,149.0,140.0
2020-03-17,0.0,-4.52,148.0,,26513,0,152.0,155.0,147.0
2020-03-16,0.0,0.0,155.0,,15736,0,152.0,159.0,152.0
2020-03-15,0.0,-3.12,155.0,,44061,0,157.0,161.0,153.0
2020-03-12,0.0,-4.76,160.0,,22745,0,165.0,165.0,160.0
2020-03-11,0.0,7.01,168.0,,26753,0,160.0,168.0,158.0
2020-03-10,0.0,-7.65,157.0,,4357,0,168.0,168.0,157.0
2020-03-05,0.0,2.41,170.0,,21589,0,169.0,174.0,163.0
2020-03-04,0.0,-5.68,166.0,,23578,0,173.0,176.0,166.0
2020-03-03,0.0,2.33,176.0,,13762,0,172.0,181.0,167.0
2020-03-02,0.0,-6.01,172.0,,4196,0,180.0,180.0,172.0
2020-03-01,0.0,-2.66,183.0,,8288,0,188.0,194.0,182.0
2020-02-27,0.0,3.87,188.0,,46897,0,180.0,189.0,177.0
2020-02-26,0.0,-2.69,181.0,,50528,0,183.0,186.0,180.0
2020-02-25,0.0,4.49,186.0,,38135,0,175.0,188.0,175.0
2020-02-24,0.0,-5.32,178.0,,34122,0,188.0,188.0,177.0
2020-02-23,0.0,7.43,188.0,,70694,0,178.0,188.0,171.0
2020-02-20,0.0,3.55,175.0,,26625,0,169.0,176.0,168.0
2020-02-19,0.0,-0.59,169.0,,17682,0,168.0,171.0,168.0
2020-02-18,0.0,1.8,170.0,,54514,0,170.0,173.0,168.0
2020-02-17,0.0,1.21,167.0,,56603,0,165.0,173.0,165.0
2020-02-16,0.0,-0.61,163.0,,17180,0,163.0,165.0,162.0
2020-02-13,0.0,-0.61,164.0,,17166,0,167.0,168.0,161.0
2020-02-12,0.0,3.12,165.0,,44546,0,160.0,167.0,160.0
2020-02-11,0.0,1.91,160.0,,38633,0,159.0,163.0,159.0
2020-02-10,0.0,1.95,157.0,,12093,0,155.0,158.0,153.0
2020-02-09,0.0,-3.75,154.0,,16340,0,160.0,160.0,154.0
2020-02-06,0.0,-1.84,160.0,,5780,0,163.0,163.0,159.0
2020-02-05,0.0,0.0,163.0,,6510,0,162.0,163.0,160.0
2020-02-04,0.0,-0.61,162.0,,41187,0,163.0,171.0,161.0
2020-02-03,0.0,1.87,163.0,,14498,0,163.0,169.0,157.0
2020-02-02,0.0,1.91,160.0,,26032,0,160.0,169.0,160.0
2020-01-30,0.0,0.64,157.0,,5977,0,157.0,162.0,154.0
2020-01-29,0.0,-3.7,156.0,,3690,0,159.0,160.0,153.0
2020-01-28,0.0,3.85,162.0,,1432,0,159.0,168.0,154.0
2020-01-27,0.0,3.31,156.0,,5258,0,150.0,156.0,150.0
2020-01-26,0.0,-2.58,151.0,,4063,0,158.0,158.0,151.0
2020-01-23,0.0,-1.9,155.0,,5151,0,157.0,158.0,155.0
2020-01-22,0.0,-4.24,158.0,,2776,0,162.0,162.0,157.0
2020-01-21,0.0,3.12,165.0,,12576,0,160.0,169.0,157.0
2020-01-20,0.0,-8.09,159.0,,38240,0,170.0,170.0,158.0
2020-01-19,0.0,9.49,173.0,,48252,0,161.0,173.0,159.0
2020-01-16,0.0,4.64,158.0,,36514,0,154.0,163.0,154.0
2020-01-15,0.0,2.78,148.0,,12140,0,146.0,150.0,146.0
2020-01-14,0.0,-2.04,144.0,,9886,0,145.0,147.0,144.0
2020-01-13,0.0,-2.0,147.0,,11588,0,147.0,153.0,147.0
2020-01-12,0.0,2.74,150.0,,12627,0,147.0,151.0,144.0
2020-01-09,0.0,-2.01,146.0,,851,0,151.0,151.0,146.0
2020-01-08,0.0,0.0,149.0,,14555,0,151.0,151.0,146.0
2020-01-07,0.0,0.0,149.0,,19025,0,147.0,150.0,146.0
2020-01-06,0.0,2.76,149.0,,21687,0,144.0,149.0,144.0
2020-01-05,0.0,5.84,145.0,,45283,0,138.0,145.0,138.0
2020-01-02,0.0,0.0,137.0,,2511,0,135.0,137.0,135.0
2020-01-01,0.0,-0.72,137.0,,5937,0,138.0,140.0,135.0
2019-12-31,0.0,-3.5,138.0,,7009,0,142.0,142.0,136.0
2019-12-30,0.0,-0.69,143.0,,15070,0,144.0,144.0,142.0
2019-12-29,0.0,1.41,144.0,,13481,0,141.0,146.0,141.0
2019-12-26,0.0,-0.7,142.0,,8985,0,150.0,150.0,141.0
2019-12-25,0.0,0.7,143.0,,11916,0,141.0,146.0,141.0
2019-12-24,0.0,-0.7,142.0,,16470,0,145.0,146.0,142.0
2019-12-23,0.0,0.0,143.0,,3264,0,145.0,145.0,142.0
2019-12-22,0.0,1.42,143.0,,8449,0,139.0,143.0,137.0
2019-12-19,0.0,-0.7,141.0,,2595,0,142.0,142.0,140.0
2019-12-18,0.0,1.43,142.0,,4819,0,139.0,144.0,139.0
2019-12-17,0.0,-1.41,140.0,,1406,0,141.0,142.0,140.0
2019-12-16,0.0,1.43,142.0,,20383,0,142.0,142.0,139.0
2019-12-15,0.0,0.0,145.0,,3770,0,147.0,147.0,144.0
2019-12-12,0.0,1.4,145.0,,10062,0,142.0,145.0,141.0
2019-12-11,0.0,1.42,143.0,,3254,0,140.0,143.0,140.0
2019-12-10,0.0,-0.7,141.0,,17208,0,144.0,144.0,140.0
2019-12-09,0.0,2.9,142.0,,2927,0,139.0,142.0,139.0
2019-12-08,0.0,1.47,138.0,,1048,0,136.0,138.0,136.0
2019-12-05,0.0,-1.45,136.0,,7500,0,138.0,138.0,136.0
2019-12-04,0.0,-1.43,138.0,,4843,0,138.0,138.0,137.0
2019-12-03,0.0,3.7,140.0,,775,0,135.0,141.0,135.0
2019-12-02,0.0,0.75,135.0,,784,0,134.0,136.0,134.0
2019-12-01,0.0,-1.47,134.0,,3438,0,136.0,136.0,134.0
2019-11-28,0.0,-0.73,136.0,,402,0,135.0,138.0,135.0
2019-11-27,0.0,2.24,137.0,,253,0,134.0,137.0,133.0
2019-11-26,0.0,0.0,134.0,,642,0,133.0,134.0,132.0
2019-11-25,0.0,-0.74,134.0,,7723,0,136.0,136.0,133.0
2019-11-24,0.0,-0.74,135.0,,1434,0,138.0,138.0,135.0
2019-11-21,0.0,-0.73,136.0,,2700,0,137.0,139.0,136.0
2019-11-20,0.0,-0.72,137.0,,1300,0,139.0,139.0,137.0
2019-11-19,0.0,1.47,138.0,,3075,0,136.0,139.0,135.0
2019-11-18,0.0,-0.73,136.0,,233,0,138.0,138.0,136.0
2019-11-17,0.0,0.0,137.0,,7117,0,136.0,137.0,135.0
2019-11-14,0.0,-1.44,137.0,,1824,0,139.0,138.0,137.0
2019-11-13,0.0,2.21,139.0,,2190,0,137.0,139.0,137.0
2019-11-12,0.0,-2.16,136.0,,2786,0,137.0,137.0,136.0
2019-11-11,0.0,0.0,139.0,,1515,0,138.0,140.0,137.0
2019-11-10,0.0,0.0,139.0,,2832,0,138.0,139.0,137.0
2019-11-07,0.0,0.0,139.0,,5356,0,139.0,139.0,137.0
2019-11-06,0.0,-0.71,139.0,,1838,0,140.0,140.0,139.0
2019-11-05,0.0,0.0,140.0,,2700,0,140.0,140.0,140.0
2019-11-04,0.0,2.19,140.0,,24562,0,137.0,140.0,137.0
2019-11-03,0.0,-1.44,137.0,,2902,0,137.0,138.0,137.0
2019-10-31,0.0,0.0,139.0,,3410,0,140.0,140.0,138.0
2019-10-24,0.0,1.46,139.0,,2856,0,139.0,139.0,137.0
2019-10-23,0.0,-0.72,137.0,,4354,0,140.0,140.0,137.0
2019-10-22,0.0,1.47,138.0,,2011,0,137.0,140.0,137.0
2019-10-21,0.0,-0.73,136.0,,4111,0,136.0,137.0,136.0
2019-10-20,0.0,-1.44,137.0,,4119,0,138.0,140.0,137.0
2019-10-17,0.0,0.0,139.0,,3865,0,141.0,141.0,139.0
2019-10-16,0.0,-2.11,139.0,,3578,0,140.0,141.0,138.0
2019-10-15,0.0,1.43,142.0,,1061,0,140.0,142.0,140.0
2019-10-14,0.0,-1.41,140.0,,1823,0,140.0,144.0,140.0
2019-10-10,0.0,1.43,142.0,,305,0,140.0,142.0,140.0
2019-10-03,0.0,0.0,140.0,,900,0,138.0,140.0,138.0
2019-10-02,0.0,0.72,140.0,,2478,0,138.0,140.0,138.0
2019-10-01,0.0,-0.71,139.0,,366,0,140.0,140.0,139.0
2019-09-30,0.0,1.45,140.0,,931,0,139.0,140.0,138.0
2019-09-29,0.0,0.0,138.0,,2744,0,138.0,138.0,138.0
2019-09-26,0.0,0.0,138.0,,552,0,139.0,139.0,137.0
2019-09-24,0.0,0.0,139.0,,594,0,137.0,139.0,137.0
2019-09-23,0.0,0.72,139.0,,453,0,139.0,139.0,139.0
2019-09-22,0.0,0.0,138.0,,300,0,138.0,138.0,138.0
2019-09-19,0.0,-1.43,138.0,,2000,0,140.0,140.0,138.0
2019-09-18,0.0,2.19,140.0,,8088,0,139.0,145.0,139.0
2019-09-17,0.0,-1.44,137.0,,1762,0,139.0,143.0,137.0
2019-09-16,0.0,0.0,139.0,,320,0,138.0,141.0,138.0
2019-09-15,0.0,0.0,139.0,,1193,0,140.0,140.0,138.0
2019-09-12,0.0,-1.42,139.0,,8052,0,139.0,141.0,137.0
2019-09-11,0.0,-3.42,141.0,,403,0,144.0,144.0,141.0
2019-09-10,0.0,4.29,146.0,,2010,0,142.0,146.0,142.0
2019-09-09,0.0,-0.71,140.0,,2499,0,142.0,142.0,139.0
2019-09-08,0.0,-2.76,141.0,,350,0,143.0,143.0,141.0
2019-09-05,0.0,0.0,145.0,,400,0,145.0,145.0,145.0
2019-09-04,0.0,1.4,145.0,,941,0,145.0,147.0,145.0
2019-09-03,0.0,2.14,143.0,,4166,0,141.0,143.0,140.0
2019-09-02,0.0,-0.71,140.0,,7636,0,143.0,143.0,139.0
2019-09-01,0.0,-0.7,141.0,,2766,0,142.0,142.0,141.0
2019-08-29,0.0,0.0,142.0,,1465,0,141.0,144.0,141.0
2019-08-28,0.0,-0.7,142.0,,772,0,143.0,143.0,142.0
2019-08-27,0.0,1.42,143.0,,3257,0,143.0,143.0,141.0
2019-08-26,0.0,-1.4,141.0,,10555,0,144.0,145.0,141.0
2019-08-25,0.0,-2.05,143.0,,592,0,144.0,144.0,143.0
2019-08-22,0.0,-0.68,146.0,,974,0,149.0,149.0,145.0
2019-08-21,0.0,-1.34,147.0,,140,0,147.0,147.0,147.0
2019-08-20,0.0,3.47,149.0,,6970,0,146.0,149.0,145.0
2019-08-19,0.0,-1.37,144.0,,6330,0,148.0,150.0,144.0
2019-08-18,0.0,-0.68,146.0,,1600,0,146.0,147.0,146.0
2019-08-15,0.0,-2.0,147.0,,5463,0,148.0,149.0,147.0
2019-08-14,0.0,0.0,150.0,,1668,0,150.0,150.0,148.0
2019-08-13,0.0,-0.66,150.0,,143,0,151.0,151.0,150.0
2019-08-12,0.0,-0.66,151.0,,1397,0,152.0,152.0,150.0
2019-08-11,0.0,1.33,152.0,,1247,0,149.0,152.0,149.0
2019-08-08,0.0,-1.32,150.0,,3710,0,150.0,150.0,149.0
2019-08-07,0.0,0.0,152.0,,2990,0,152.0,153.0,150.0
2019-08-06,0.0,0.0,152.0,,4578,0,152.0,152.0,151.0
2019-08-05,0.0,0.0,152.0,,2778,0,152.0,153.0,152.0
2019-08-04,0.0,0.0,152.0,,11476,0,155.0,158.0,152.0
2019-08-01,0.0,0.0,152.0,,1763,0,155.0,155.0,152.0
2019-07-31,0.0,-1.3,152.0,,2115,0,152.0,157.0,152.0
2019-07-30,0.0,0.65,154.0,,738,0,153.0,154.0,152.0
2019-07-29,0.0,0.0,153.0,,2739,0,154.0,154.0,152.0
2019-07-28,0.0,-1.92,153.0,,6898,0,154.0,156.0,153.0
2019-07-25,0.0,-1.27,156.0,,7789,0,158.0,158.0,156.0
2019-07-24,0.0,1.28,158.0,,3086,0,157.0,158.0,156.0
2019-07-23,0.0,-1.27,156.0,,3412,0,157.0,157.0,156.0
2019-07-22,0.0,-0.63,158.0,,2510,0,159.0,159.0,158.0
2019-07-21,0.0,0.0,159.0,,3083,0,156.0,159.0,156.0
2019-07-18,0.0,-0.62,159.0,,1000,0,159.0,160.0,159.0
2019-07-17,0.0,0.63,160.0,,912,0,160.0,161.0,159.0
2019-07-16,0.0,0.0,159.0,,1338,0,160.0,160.0,158.0
2019-07-15,0.0,0.0,159.0,,11949,0,159.0,160.0,158.0
2019-07-14,0.0,0.63,159.0,,3372,0,156.0,160.0,156.0
2019-07-11,0.0,-1.25,158.0,,12169,0,158.0,159.0,156.0
2019-07-10,0.0,0.0,160.0,,9895,0,160.0,160.0,158.0
2019-07-09,0.0,1.91,160.0,,35260,0,158.0,161.0,158.0
2019-07-08,0.0,-0.63,157.0,,42974,0,160.0,160.0,156.0
2019-07-07,0.0,3.95,158.0,,61457,0,155.0,161.0,155.0
2019-07-04,0.0,-1.3,152.0,,4866,0,154.0,155.0,152.0
2019-07-03,0.0,0.0,154.0,,6502,0,153.0,157.0,153.0
2019-07-02,0.0,2.67,154.0,,12719,0,150.0,154.0,147.0
2019-07-01,0.0,0.0,150.0,,5357,0,150.0,150.0,148.0
2019-06-30,0.0,-1.32,150.0,,9909,0,153.0,153.0,150.0
2019-06-27,0.0,1.33,152.0,,9054,0,152.0,153.0,151.0
2019-06-26,0.0,-0.66,150.0,,4188,0,151.0,151.0,150.0
2019-06-25,0.0,0.0,151.0,,5818,0,151.0,151.0,149.0
2019-06-24,0.0,-1.31,151.0,,4351,0,150.0,151.0,147.0
2019-06-23,0.0,0.0,153.0,,1104,0,150.0,153.0,149.0
2019-06-20,0.0,-1.92,153.0,,5615,0,153.0,153.0,150.0
2019-06-19,0.0,4.0,156.0,,6421,0,150.0,156.0,149.0
2019-06-18,0.0,-0.66,150.0,,1842,0,151.0,151.0,150.0
2019-06-17,0.0,0.67,151.0,,5617,0,148.0,152.0,148.0
2019-06-16,0.0,0.0,150.0,,8111,0,153.0,153.0,150.0
2019-06-13,0.0,-0.66,150.0,,10841,0,150.0,154.0,149.0
2019-06-12,0.0,-0.66,151.0,,6124,0,155.0,155.0,151.0
2019-06-11,0.0,0.0,152.0,,5669,0,151.0,154.0,151.0
2019-06-10,0.0,-0.65,152.0,,8672,0,156.0,156.0,150.0
2019-06-06,0.0,0.66,153.0,,7805,0,155.0,158.0,151.0
2019-06-04,0.0,-0.65,152.0,,5367,0,153.0,153.0,150.0
2019-06-03,0.0,-0.65,153.0,,7453,0,152.0,156.0,152.0
2019-06-02,0.0,0.65,154.0,,10359,0,155.0,158.0,154.0
2019-05-30,0.0,-3.16,153.0,,31838,0,161.0,167.0,153.0
2019-05-29,0.0,4.64,158.0,,22423,0,155.0,158.0,152.0
2019-05-28,0.0,0.0,151.0,,4649,0,150.0,153.0,150.0
2019-05-27,0.0,1.34,151.0,,3376,0,151.0,154.0,150.0
2019-05-26,0.0,-1.32,149.0,,7178,0,151.0,151.0,148.0
2019-05-23,0.0,-0.66,151.0,,9925,0,150.0,153.0,149.0
2019-05-22,0.0,-0.65,152.0,,3551,0,156.0,156.0,151.0
2019-05-21,0.0,1.32,153.0,,8358,0,153.0,153.0,151.0
2019-05-20,0.0,-4.43,151.0,,6035,0,156.0,156.0,150.0
2019-05-19,0.0,0.0,158.0,,10228,0,158.0,158.0,153.0
2019-05-16,0.0,1.94,158.0,,48443,0,157.0,160.0,155.0
2019-05-15,0.0,3.33,155.0,,38359,0,152.0,157.0,150.0
2019-05-14,0.0,0.0,150.0,,33514,0,153.0,154.0,149.0
2019-05-13,0.0,0.0,150.0,,6176,0,147.0,150.0,147.0
2019-05-12,0.0,0.0,150.0,,6390,0,147.0,151.0,147.0
2019-05-09,0.0,-0.66,150.0,,1273,0,151.0,154.0,150.0
2019-05-08,0.0,-0.66,151.0,,2935,0,150.0,155.0,150.0
2019-05-07,0.0,-0.65,152.0,,12113,0,153.0,153.0,151.0
2019-05-06,0.0,1.32,153.0,,7732,0,151.0,153.0,149.0
2019-05-05,0.0,-2.58,151.0,,3599,0,156.0,159.0,148.0
2019-05-02,0.0,-2.52,155.0,,10238,0,156.0,156.0,150.0
2019-04-30,0.0,3.92,159.0,,6257,0,153.0,159.0,151.0
2019-04-29,0.0,-2.55,153.0,,10476,0,154.0,159.0,150.0
2019-04-28,0.0,-3.09,157.0,,17479,0,165.0,165.0,153.0
2019-04-25,0.0,5.88,162.0,,54677,0,156.0,164.0,150.0
2019-04-24,0.0,4.79,153.0,,13075,0,145.0,153.0,145.0
2019-04-23,0.0,-0.68,146.0,,4360,0,149.0,150.0,146.0
2019-04-22,0.0,-0.68,147.0,,9984,0,150.0,153.0,147.0
2019-04-21,0.0,1.37,148.0,,10728,0,146.0,151.0,145.0
2019-04-18,0.0,0.0,146.0,,5850,0,144.0,148.0,142.0
2019-04-17,0.0,0.0,146.0,,5612,0,146.0,146.0,144.0
2019-04-16,0.0,1.39,146.0,,7475,0,144.0,148.0,144.0
2019-04-15,0.0,1.41,144.0,,5096,0,144.0,144.0,142.0
2019-04-11,0.0,-1.39,142.0,,6297,0,145.0,146.0,141.0
2019-04-10,0.0,-0.69,144.0,,1318,0,143.0,145.0,143.0
2019-04-09,0.0,0.69,145.0,,5697,0,144.0,146.0,144.0
2019-04-08,0.0,-2.7,144.0,,16612,0,148.0,149.0,144.0
2019-04-07,0.0,2.78,148.0,,4443,0,145.0,148.0,144.0
2019-04-04,0.0,-2.04,144.0,,9692,0,145.0,147.0,144.0
2019-04-03,0.0,2.8,147.0,,5558,0,145.0,147.0,145.0
2019-04-02,0.0,-2.72,143.0,,2753,0,145.0,147.0,143.0
2019-04-01,0.0,2.8,147.0,,5342,0,142.0,147.0,142.0
2019-03-31,0.0,-0.69,143.0,,4771,0,145.0,147.0,142.0
2019-03-28,0.0,-0.69,144.0,,3657,0,145.0,147.0,144.0
2019-03-27,0.0,0.69,145.0,,3224,0,144.0,145.0,142.0
2019-03-26,0.0,1.41,144.0,,6243,0,141.0,146.0,140.0
2019-03-25,0.0,0.71,142.0,,3416,0,140.0,143.0,140.0
2019-03-24,0.0,-3.42,141.0,,2254,0,144.0,144.0,141.0
2019-03-21,0.0,3.55,146.0,,3013,0,141.0,146.0,139.0
2019-03-19,0.0,-1.4,141.0,,2650,0,141.0,141.0,141.0
2019-03-18,0.0,-1.38,143.0,,7967,0,147.0,147.0,143.0
2019-03-17,0.0,-0.68,145.0,,1112,0,145.0,145.0,144.0
2019-03-14,0.0,3.55,146.0,,9221,0,143.0,146.0,143.0
2019-03-13,0.0,-2.08,141.0,,4944,0,142.0,144.0,141.0
2019-03-12,0.0,0.0,142.0,,24418,0,142.0,146.0,141.0
2019-03-11,0.0,2.16,142.0,,5507,0,140.0,143.0,139.0
2019-03-10,0.0,-0.72,137.0,,386,0,137.0,138.0,137.0
2019-03-09,0.0,-0.72,137.0,,386,0,137.0,138.0,137.0
2019-03-07,0.0,0.73,138.0,,4499,0,139.0,139.0,136.0
2019-03-06,0.0,1.48,137.0,,6197,0,136.0,137.0,135.0
2019-03-05,0.0,0.0,135.0,,160,0,137.0,137.0,135.0
2019-03-03,0.0,0.0,135.0,,1092,0,135.0,138.0,135.0
2019-02-27,0.0,0.0,135.0,,402,0,135.0,136.0,135.0
2019-02-26,0.0,-2.17,135.0,,3216,0,138.0,138.0,135.0
2019-02-25,0.0,0.0,138.0,,2085,0,136.0,138.0,135.0
2019-02-24,0.0,0.73,138.0,,928,0,136.0,138.0,136.0
2019-02-21,0.0,-1.44,137.0,,1560,0,137.0,139.0,137.0
2019-02-20,0.0,0.0,139.0,,546,0,138.0,139.0,138.0
2019-02-19,0.0,2.21,139.0,,1764,0,137.0,141.0,136.0
2019-02-18,0.0,0.0,136.0,,3524,0,135.0,136.0,135.0
2019-02-17,0.0,-0.73,136.0,,689,0,138.0,138.0,136.0
2019-02-14,0.0,0.0,137.0,,1360,0,135.0,139.0,135.0
2019-02-13,0.0,0.0,137.0,,2785,0,136.0,139.0,136.0
2019-02-12,0.0,-1.44,137.0,,1770,0,139.0,139.0,137.0
2019-02-11,0.0,1.46,139.0,,5630,0,137.0,139.0,136.0
2019-02-10,0.0,0.0,137.0,,955,0,137.0,138.0,136.0
2019-02-07,0.0,-1.44,137.0,,2966,0,137.0,139.0,137.0
2019-02-06,0.0,-0.71,139.0,,979,0,140.0,142.0,138.0
2019-02-05,0.0,2.94,140.0,,916,0,138.0,140.0,136.0
2019-02-04,0.0,-2.16,136.0,,6799,0,139.0,139.0,136.0
2019-02-03,0.0,0.0,141.0,,894,0,139.0,141.0,139.0
2019-01-31,0.0,-0.7,141.0,,2677,0,142.0,142.0,140.0
2019-01-30,0.0,-1.39,142.0,,363,0,144.0,144.0,142.0
2019-01-29,0.0,0.7,144.0,,10528,0,143.0,144.0,140.0
2019-01-28,0.0,0.0,143.0,,10360,0,143.0,145.0,141.0
2019-01-27,0.0,-1.38,143.0,,480,0,145.0,145.0,141.0
2019-01-24,0.0,1.4,145.0,,5119,0,143.0,145.0,142.0
2019-01-23,0.0,-2.05,143.0,,36714,0,146.0,146.0,138.0
2019-01-22,0.0,2.82,146.0,,170,0,142.0,148.0,140.0
2019-01-21,0.0,-0.7,142.0,,3274,0,143.0,145.0,141.0
2019-01-20,0.0,-4.03,143.0,,340,0,149.0,149.0,143.0
2019-01-17,0.0,-3.87,149.0,,15421,0,155.0,155.0,147.0
2019-01-16,0.0,5.44,155.0,,52832,0,147.0,160.0,142.0
2019-01-15,0.0,7.3,147.0,,14478,0,137.0,147.0,137.0
2019-01-14,0.0,2.96,139.0,,3896,0,135.0,139.0,135.0
2019-01-13,0.0,-2.17,135.0,,1005,0,138.0,138.0,135.0
2019-01-10,0.0,0.0,138.0,,3377,0,138.0,138.0,137.0
2019-01-09,0.0,0.73,138.0,,2208,0,137.0,139.0,137.0
2019-01-08,0.0,-1.44,137.0,,1472,0,139.0,139.0,137.0
2019-01-07,0.0,2.96,139.0,,640,0,135.0,139.0,135.0
2019-01-06,0.0,-0.74,135.0,,7363,0,136.0,137.0,135.0
2019-01-03,0.0,-1.45,136.0,,3167,0,138.0,140.0,136.0
2019-01-02,0.0,-0.72,138.0,,400,0,139.0,139.0,138.0
2019-01-01,0.0,-2.98,139.0,,3821,0,143.27,143.27,139.0
2018-12-31,0.0,4.2,149.0,,18002,0,143.0,149.0,143.0
2018-12-30,0.0,-1.38,143.0,,5036,0,145.0,149.0,143.0
2018-12-27,0.0,-3.97,145.0,,6146,0,151.0,152.0,145.0
2018-12-26,0.0,2.72,151.0,,11882,0,147.0,155.0,147.0
2018-12-25,0.0,1.38,147.0,,5940,0,145.0,150.0,145.0
2018-12-24,0.0,-5.23,145.0,,6651,0,153.0,153.0,145.0
2018-12-23,0.0,0.0,153.0,,15753,0,153.0,156.0,147.0
2018-12-20,0.0,7.75,153.0,,19201,0,142.0,153.0,140.0
2018-12-19,0.0,3.65,142.0,,16525,0,137.0,145.0,137.0
2018-12-18,0.0,-4.2,137.0,,9690,0,143.0,143.0,137.0
2018-12-17,0.0,0.7,143.0,,2402,0,142.0,143.0,140.0
2018-12-16,0.0,1.43,142.0,,7090,0,140.0,142.0,140.0
2018-12-13,0.0,1.45,140.0,,458,0,138.0,140.0,136.0
2018-12-12,0.0,-1.43,138.0,,2642,0,140.0,141.0,138.0
2018-12-11,0.0,-1.41,140.0,,293,0,142.0,142.0,138.0
2018-12-10,0.0,1.43,142.0,,2305,0,140.0,143.0,140.0
2018-12-09,0.0,0.72,140.0,,3768,0,139.0,140.0,138.0
2018-12-06,0.0,-0.71,139.0,,5730,0,140.0,141.0,137.0
2018-12-04,0.0,0.0,139.0,,1429,0,139.0,141.0,138.0
2018-12-03,0.0,0.0,139.0,,2870,0,139.0,141.0,137.0
2018-12-02,0.0,-2.11,139.0,,2073,0,142.0,142.0,138.0
2018-11-29,0.0,-2.85,142.0,,842,0,146.16,146.16,142.0
2018-11-28,0.0,2.08,147.0,,10151,0,144.0,147.0,142.0
2018-11-27,0.0,0.0,144.0,,3625,0,144.0,144.0,142.0
2018-11-26,0.0,2.86,144.0,,4171,0,140.0,144.0,140.0
2018-11-25,0.0,-1.41,140.0,,6467,0,142.0,145.0,140.0
2018-11-22,0.0,-2.74,142.0,,1480,0,146.0,146.0,142.0
2018-11-21,0.0,4.29,146.0,,10744,0,140.0,146.0,140.0
2018-11-20,0.0,0.0,140.0,,3786,0,140.0,141.0,140.0
2018-11-19,0.0,0.0,140.0,,2220,0,140.0,142.0,140.0
2018-11-18,0.0,-2.1,140.0,,7073,0,143.0,144.0,140.0
2018-11-15,0.0,-1.38,143.0,,12634,0,145.0,146.0,142.0
2018-11-14,0.0,-3.33,145.0,,16247,0,150.0,150.0,145.0
2018-11-05,0.0,2.04,150.0,,1500,0,146.0,150.0,146.0
2018-11-04,0.0,-2.0,148.0,,4184,0,147.0,149.0,147.0
2018-11-01,0.0,0.0,150.0,,2770,0,150.0,152.0,149.0
2018-10-31,0.0,-0.66,150.0,,3066,0,150.0,154.0,149.0
2018-10-30,0.0,0.67,151.0,,1938,0,150.0,151.0,149.0
2018-10-29,0.0,0.0,150.0,,2626,0,150.0,150.0,148.0
2018-10-28,0.0,-1.96,150.0,,3299,0,152.0,153.0,150.0
2018-10-25,0.0,0.0,153.0,,103,0,153.0,153.0,153.0
2018-10-24,0.0,0.0,153.0,,448,0,156.0,156.0,153.0
2018-10-23,0.0,-0.65,153.0,,1474,0,153.0,154.0,153.0
2018-10-22,0.0,-0.65,153.0,,906,0,153.0,154.0,153.0
2018-10-21,0.0,0.0,155.0,,1400,0,158.0,158.0,155.0
2018-10-15,0.0,1.97,155.0,,4495,0,154.0,155.0,153.0
2018-10-14,0.0,1.33,152.0,,800,0,150.0,152.0,150.0
2018-10-11,0.0,-1.32,150.0,,3667,0,150.0,150.0,150.0
2018-10-10,0.0,-0.65,152.0,,636,0,152.0,152.0,151.0
2018-10-09,0.0,0.66,153.0,,2249,0,149.0,153.0,149.0
2018-10-08,0.0,1.33,152.0,,8406,0,148.0,152.0,148.0
2018-10-07,0.0,-1.32,150.0,,10633,0,151.0,152.0,149.0
2018-10-04,0.0,-0.65,152.0,,9975,0,154.0,154.0,151.0
2018-10-03,0.0,-1.29,153.0,,5101,0,155.0,155.0,153.0
2018-10-02,0.0,1.31,155.0,,7492,0,155.0,156.0,153.0
2018-10-01,0.0,-6.13,155.0,,10396,0,160.0,160.0,153.0
2018-09-30,0.0,-0.61,163.0,,2932,0,164.0,164.0,156.0
2018-09-27,0.0,-0.61,164.0,,28106,0,165.0,165.0,158.0
2018-09-26,0.0,3.77,165.0,,26382,0,160.0,165.0,157.0
2018-09-25,0.0,2.61,157.0,,13992,0,156.0,163.0,155.0
2018-09-23,0.0,-0.65,153.0,,4205,0,153.0,153.0,151.0
2018-09-20,0.0,1.32,154.0,,6099,0,152.0,157.0,151.0
2018-09-18,0.0,0.0,152.0,,3586,0,153.0,153.0,151.0
2018-09-17,0.0,-0.65,152.0,,21884,0,150.0,155.0,149.0
2018-09-16,0.0,2.68,153.0,,28401,0,151.0,156.0,150.0
2018-09-13,0.0,-0.67,149.0,,11856,0,150.0,153.0,148.0
2018-09-12,0.0,2.74,150.0,,668,0,148.0,150.0,147.0
2018-09-11,0.0,0.0,146.0,,2811,0,145.0,148.0,145.0
2018-09-10,0.0,-1.35,146.0,,711,0,147.0,147.0,146.0
2018-09-09,0.0,-1.33,148.0,,6476,0,147.0,148.0,147.0
2018-09-06,0.0,0.0,150.0,,27318,0,150.0,153.0,148.0
2018-09-05,0.0,2.74,150.0,,21222,0,146.0,153.0,146.0
2018-09-04,0.0,-1.35,146.0,,4804,0,148.0,149.0,146.0
2018-09-03,0.0,1.37,148.0,,19944,0,146.0,150.0,146.0
2018-09-02,0.0,-0.68,146.0,,10692,0,145.0,147.0,143.0
2018-08-30,0.0,2.8,147.0,,1807,0,145.0,147.0,144.0
2018-08-29,0.0,0.0,143.0,,1914,0,143.0,144.0,143.0
2018-08-28,0.0,0.0,143.0,,4035,0,144.0,145.0,142.0
2018-08-26,0.0,-1.38,143.0,,9085,0,144.0,144.0,142.0
2018-08-23,0.0,0.69,145.0,,2096,0,145.0,145.0,144.0
2018-08-22,0.0,0.0,144.0,,870,0,144.0,145.0,144.0
2018-08-21,0.0,-0.69,144.0,,3236,0,145.0,145.0,144.0
2018-08-20,0.0,-1.36,145.0,,460,0,147.0,147.0,145.0
2018-08-19,0.0,-1.34,147.0,,4311,0,149.0,149.0,147.0
2018-08-16,0.0,0.68,149.0,,15995,0,150.0,150.0,146.0
2018-08-15,0.0,1.37,148.0,,7841,0,148.0,149.0,146.0
2018-08-14,0.0,1.39,146.0,,10953,0,145.0,147.0,141.0
2018-08-13,0.0,-0.69,144.0,,3912,0,143.0,145.0,141.0
2018-08-12,0.0,-1.36,145.0,,23670,0,145.0,146.0,143.0
2018-08-09,0.0,1.38,147.0,,761,0,147.0,147.0,145.0
2018-08-08,0.0,2.11,145.0,,6987,0,144.0,145.0,143.0
2018-08-07,0.0,-2.07,144.0,,3822,0,147.0,147.0,142.0
2018-08-06,0.0,0.0,145.0,,5454,0,145.0,145.0,144.0
2018-08-05,0.0,0.69,145.0,,10421,0,145.0,146.0,144.0
2018-08-02,0.0,-2.04,144.0,,3070,0,148.0,148.0,144.0
2018-08-01,0.0,-1.34,147.0,,2372,0,147.0,148.0,147.0
2018-07-31,0.0,2.05,149.0,,2803,0,147.0,149.0,146.0
2018-07-30,0.0,-1.35,146.0,,29200,0,146.0,152.0,142.0
2018-07-29,0.0,0.0,148.0,,8670,0,149.0,149.0,146.0
2018-07-26,0.0,-1.33,148.0,,1236,0,153.0,153.0,148.0
2018-07-25,0.0,0.67,150.0,,1073,0,147.0,150.0,145.0
2018-07-24,0.0,1.36,149.0,,8028,0,149.0,151.0,147.0
2018-07-23,0.0,0.0,147.0,,1705,0,148.0,149.0,147.0
2018-07-22,0.0,-1.34,147.0,,10042,0,149.0,149.0,145.0
2018-07-19,0.0,-2.61,149.0,,8255,0,150.0,150.0,148.0
2018-07-18,0.0,-0.65,153.0,,18562,0,151.0,153.0,142.0
2018-07-17,0.0,-1.91,154.0,,18284,0,157.0,157.0,147.0
2018-07-16,0.0,5.37,157.0,,7571,0,149.0,157.0,147.0
2018-07-15,0.0,2.76,149.0,,896,0,147.0,149.0,146.0
2018-07-12,0.0,-1.36,145.0,,17487,0,148.0,150.0,145.0
2018-07-11,0.0,-1.34,147.0,,3400,0,151.0,151.0,145.0
2018-07-10,0.0,0.68,149.0,,12778,0,149.0,150.0,148.0
2018-07-09,0.0,-1.33,150.0,,2618,0,149.0,151.0,148.0
2018-07-08,0.0,-3.23,150.0,,5936,0,155.0,155.0,150.0
2018-07-05,0.0,0.0,155.0,,4708,0,153.0,155.0,150.0
2018-07-04,0.0,3.33,155.0,,4738,0,147.0,155.0,147.0
2018-07-03,0.0,-0.66,150.0,,1480,0,151.0,152.0,150.0
2018-07-02,0.0,1.34,151.0,,1386,0,147.0,151.0,147.0
2018-07-01,0.0,-0.67,149.0,,3050,0,149.0,149.0,148.0
2018-06-28,0.0,0.0,150.0,,3960,0,149.0,150.0,149.0
2018-06-27,0.0,0.0,150.0,,4100,0,150.0,150.0,149.0
2018-06-26,0.0,2.74,150.0,,3908,0,147.0,150.0,147.0
2018-06-25,0.0,-3.95,146.0,,5234,0,150.0,151.0,146.0
2018-06-24,0.0,2.01,152.0,,873,0,150.0,152.0,150.0
2018-06-21,0.0,-1.97,149.0,,4250,0,153.0,153.0,148.0
2018-06-20,0.0,-0.65,152.0,,3563,0,151.0,155.0,151.0
2018-06-19,0.0,-1.29,153.0,,1753,0,155.0,155.0,153.0
2018-06-18,0.0,-2.52,155.0,,10450,0,159.0,159.0,152.0
2018-06-17,0.0,0.0,163.0,,6078,0,163.0,165.0,162.0
2018-06-14,0.0,0.0,163.0,,3857,0,166.0,167.0,163.0
2018-06-13,0.0,0.62,163.0,,1995,0,163.0,163.0,161.0
2018-06-12,0.0,0.0,162.0,,3414,0,162.0,164.0,162.0
2018-06-11,0.0,1.25,162.0,,7274,0,163.0,163.0,160.0
2018-06-10,0.0,-0.62,160.0,,5507,0,164.0,164.0,159.0
2018-06-07,0.0,-0.62,161.0,,69870,0,163.0,166.0,161.0
2018-06-06,0.0,-0.62,161.0,,69870,0,163.0,166.0,161.0
2018-06-04,0.0,1.84,166.0,,5290,0,161.0,168.0,161.0
2018-06-03,0.0,-4.12,163.0,,17523,0,168.0,173.0,163.0
2018-05-31,0.0,0.0,170.0,,4477,0,169.0,171.0,169.0
2018-05-30,0.0,-0.58,170.0,,9977,0,173.0,174.0,170.0
2018-05-29,0.0,-2.29,171.0,,11502,0,178.0,178.0,169.0
2018-05-28,0.0,4.79,175.0,,8215,0,167.0,179.0,164.0
2018-05-27,0.0,0.0,167.0,,3446,0,167.0,170.0,167.0
2018-05-24,0.0,-2.91,167.0,,11654,0,172.0,175.0,167.0
2018-05-23,0.0,0.0,172.0,,15359,0,172.0,173.0,170.0
2018-05-22,0.0,-1.15,172.0,,913,0,171.0,174.0,171.0
2018-05-21,0.0,0.0,174.0,,8267,0,175.0,175.0,171.0
2018-05-20,0.0,-1.14,174.0,,4265,0,176.0,179.0,173.0
2018-05-17,0.0,0.0,176.0,,14037,0,179.0,179.0,172.0
2018-05-16,0.0,0.57,176.0,,4806,0,175.0,178.0,173.0
2018-05-15,0.0,0.57,175.0,,889,0,175.0,175.0,174.0
2018-05-14,0.0,-2.25,174.0,,9064,0,175.0,180.0,173.0
2018-05-10,0.0,-0.56,178.0,,4806,0,179.0,182.0,178.0
2018-05-09,0.0,-0.56,179.0,,7245,0,180.0,183.0,177.0
2018-05-08,0.0,0.0,180.0,,22913,0,183.0,183.0,175.0
2018-05-07,0.0,0.0,180.0,,10337,0,179.0,181.0,178.0
2018-05-06,0.0,-6.25,180.0,,50581,0,189.0,189.0,176.0
2018-05-03,0.0,-2.54,192.0,,3503,0,200.0,200.0,192.0
2018-05-02,0.0,3.14,197.0,,3096,0,191.0,197.0,184.0
2018-04-29,0.0,3.8,191.0,,450,0,183.0,191.0,183.0
2018-04-26,0.0,-3.16,184.0,,5309,0,193.0,193.0,184.0
2018-04-25,0.0,-2.06,190.0,,7474,0,194.0,197.0,190.0
2018-04-24,0.0,-5.37,194.0,,16698,0,209.0,209.0,194.0
2018-04-23,0.0,-0.97,205.0,,10555,0,211.0,211.0,201.0
2018-04-22,0.0,4.02,207.0,,14576,0,199.0,210.0,200.0
2018-04-19,0.0,1.53,199.0,,14472,0,199.0,202.0,196.0
2018-04-18,0.0,5.38,197.0,,14599,0,189.0,200.0,185.0
2018-04-17,0.0,2.2,186.0,,1389,0,182.0,188.0,182.0
2018-04-16,0.0,1.68,182.0,,5900,0,182.0,187.0,176.0
2018-04-15,0.0,2.87,179.0,,179,0,174.0,179.0,177.0
2018-04-12,0.0,0.58,174.0,,2405,0,176.0,177.0,173.0
2018-04-11,0.0,1.76,173.0,,2639,0,173.0,174.0,168.0
2018-04-10,0.0,-1.16,170.0,,1797,0,169.0,175.0,169.0
2018-04-09,0.0,-2.27,173.0,,2790,0,177.0,179.0,172.0
2018-04-08,0.0,1.73,175.0,,8356,0,175.0,180.0,170.0
2018-04-05,0.0,1.17,173.0,,5994,0,174.0,175.0,168.0
2018-04-04,0.0,5.56,171.0,,3280,0,160.0,171.0,160.0
2018-04-03,0.0,3.85,162.0,,1680,0,158.0,162.0,158.0
2018-04-02,0.0,-4.29,156.0,,6434,0,161.0,161.0,156.0
2018-04-01,0.0,-3.55,163.0,,5146,0,166.0,168.0,160.0
2018-03-29,0.0,2.42,169.0,,1694,0,165.0,169.0,165.0
2018-03-28,0.0,-1.2,165.0,,2379,0,168.0,172.0,165.0
2018-03-27,0.0,6.37,167.0,,990,0,155.0,167.0,154.0
2018-03-26,0.0,-4.27,157.0,,4847,0,161.0,164.0,157.0
2018-03-22,0.0,-1.8,164.0,,7394,0,164.0,169.0,161.0
2018-03-21,0.0,0.0,167.0,,4042,0,168.0,168.0,166.0
2018-03-20,0.0,-2.91,167.0,,4776,0,170.0,170.0,165.0
2018-03-19,0.0,-3.37,172.0,,3029,0,180.0,180.0,172.0
2018-03-18,0.0,0.0,178.0,,977,0,178.0,183.0,178.0
2018-03-15,0.0,1.71,178.0,,3625,0,175.0,181.0,175.0
2018-03-14,0.0,-2.23,175.0,,5100,0,182.0,184.0,175.0
2018-03-13,0.0,-2.19,179.0,,1509,0,186.0,180.0,173.0
2018-03-12,0.0,7.02,183.0,,198,0,171.0,183.0,174.0
2018-03-11,0.0,-5.0,171.0,,2112,0,180.0,183.0,171.0
2018-03-07,0.0,3.45,180.0,,5137,0,175.0,181.0,174.0
2018-03-06,0.0,2.96,174.0,,2053,0,169.0,175.0,166.0
2018-03-05,0.0,0.6,169.0,,2530,0,171.0,174.0,169.0
2018-03-04,0.0,-6.67,168.0,,1368,0,179.0,179.0,167.0
2018-02-28,0.0,-3.74,180.0,,1727,0,187.0,188.0,180.0
2018-02-27,0.0,-1.06,187.0,,29278,0,188.0,190.0,186.0
2018-02-26,0.0,-0.53,189.0,,1250,0,189.0,189.0,186.0
2018-02-25,0.0,0.53,190.0,,655,0,189.0,193.0,189.0
2018-02-22,0.0,1.07,189.0,,1741,0,187.0,190.0,186.0
2018-02-21,0.0,-1.58,187.0,,1456,0,190.0,190.0,187.0
2018-02-20,0.0,-2.56,190.0,,2316,0,195.0,197.0,189.0
2018-02-18,0.0,1.04,195.0,,7842,0,193.0,199.0,192.0
2018-02-15,0.0,2.12,193.0,,6909,0,192.0,194.0,190.0
2018-02-14,0.0,0.0,189.0,,4657,0,186.0,189.0,183.0
2018-02-12,0.0,1.07,189.0,,1868,0,187.0,189.0,186.0
2018-02-11,0.0,0.0,187.0,,1882,0,184.0,187.0,183.0
2018-02-08,0.0,0.54,187.0,,3900,0,186.0,191.0,186.0
2018-02-07,0.0,-1.06,183.0,,5201,0,191.0,191.0,183.0
2018-02-06,0.0,-1.05,188.0,,760,0,190.0,193.0,188.0
2018-02-05,0.0,-1.55,190.0,,3132,0,191.0,194.0,190.0
2018-02-04,0.0,1.05,193.0,,4602,0,190.0,193.0,190.0
2018-02-01,0.0,1.6,190.0,,2512,0,186.0,191.0,186.0
2018-01-31,0.0,2.73,188.0,,4016,0,185.0,189.0,185.0
2018-01-29,0.0,-2.14,183.0,,6177,0,189.0,189.0,183.0
2018-01-28,0.0,0.0,187.0,,1415,0,190.0,193.0,185.0
2018-01-25,0.0,-1.58,187.0,,500,0,187.0,187.0,187.0
2018-01-24,0.0,2.15,190.0,,2334,0,185.0,190.0,185.0
2018-01-23,0.0,0.0,185.0,,4214,0,186.0,186.0,183.0
2018-01-22,0.0,-1.59,186.0,,5446,0,192.0,192.0,185.0
2018-01-21,0.0,-2.07,189.0,,2861,0,191.0,194.0,189.0
2018-01-17,0.0,-3.02,194.0,,1091,0,196.0,196.0,193.0
2018-01-16,0.0,1.53,199.0,,2297,0,193.0,199.0,188.0
2018-01-14,0.0,-0.51,196.0,,209,0,195.0,197.0,195.0
2018-01-10,0.0,-1.5,197.0,,3190,0,199.0,199.0,197.0
2018-01-09,0.0,0.5,200.0,,3007,0,199.0,203.0,200.0
2018-01-08,0.0,-0.5,199.0,,2688,0,204.0,204.0,198.0
2018-01-07,0.0,1.01,200.0,,1639,0,196.0,200.0,196.0
2018-01-04,0.0,-1.0,198.0,,1140,0,196.0,206.0,196.0
2018-01-03,0.0,0.0,200.0,,4663,0,202.0,202.0,198.0
2018-01-02,0.0,1.52,200.0,,3030,0,197.0,203.0,194.0
2018-01-01,0.0,4.79,196.0,,5287,0,191.0,197.0,188.0
2017-12-31,0.0,-1.05,188.0,,3214,0,187.0,196.0,187.0
2017-12-28,0.0,-3.06,190.0,,6751,0,193.0,193.0,185.0
2017-12-27,0.0,-1.51,196.0,,3070,0,196.0,199.0,195.0
2017-12-26,0.0,-5.69,199.0,,4276,0,208.0,208.0,199.0
2017-12-24,0.0,-0.47,212.0,,2730,0,216.0,216.0,211.0
2017-12-21,0.0,0.0,212.0,,932,0,210.0,214.0,210.0
2017-12-20,0.0,-0.93,212.0,,570,0,210.0,214.0,210.0
2017-12-19,0.0,0.0,214.0,,475,0,218.0,221.0,213.0
2017-12-18,0.0,-2.73,214.0,,2836,0,216.0,216.0,212.0
2017-12-17,0.0,-1.35,220.0,,2283,0,224.0,224.0,216.0
2017-12-14,0.0,-2.64,221.0,,2699,0,224.0,224.0,220.0
2017-12-13,0.0,-1.3,227.0,,8458,0,230.0,230.0,223.0
2017-12-12,0.0,-3.75,334.0,,59380,0,347.0,347.0,330.0
2017-12-11,0.0,-3.61,347.0,,16426,0,364.0,363.0,346.0
2017-12-10,0.0,-0.55,360.0,,5406,0,360.0,363.0,355.0
2017-12-06,0.0,1.97,362.0,,16170,0,358.0,364.0,358.0
2017-12-05,0.0,0.85,355.0,,7168,0,355.0,355.0,350.0
2017-12-04,0.0,-0.28,352.0,,3415,0,355.0,356.0,350.0
2017-11-30,0.0,-0.84,353.0,,2681,0,349.0,355.0,347.0
2017-11-29,0.0,0.28,356.0,,2820,0,355.0,360.0,345.0
2017-11-28,0.0,1.43,353.0,,3864,0,350.0,355.0,347.0
2017-11-27,0.0,2.04,351.0,,1385,0,347.0,353.0,347.0
2017-11-26,0.0,-1.44,343.0,,4759,0,348.0,351.0,343.0
2017-11-23,0.0,1.75,348.0,,18375,0,342.0,348.0,342.0
2017-11-22,0.0,-0.87,342.0,,2761,0,343.0,351.0,342.0
2017-11-21,0.0,-1.43,345.0,,2223,0,344.0,348.0,343.0
2017-11-20,0.0,0.57,350.0,,1189,0,352.0,354.0,348.0
2017-11-19,0.0,-0.57,348.0,,2445,0,350.0,357.0,341.0
2017-11-16,0.0,-0.28,350.0,,10814,0,358.0,358.0,350.0
2017-11-15,0.0,-1.13,351.0,,14542,0,355.0,355.0,350.0
2017-11-14,0.0,0.57,355.0,,13007,0,353.0,360.0,346.0
2017-11-13,0.0,-1.12,353.0,,12727,0,355.0,356.0,343.0
2017-11-12,0.0,3.18,357.0,,2445,0,346.0,357.0,345.0
2017-11-09,0.0,-0.86,346.0,,3270,0,344.0,360.0,340.0
2017-11-08,0.0,-3.06,349.0,,2070,0,355.0,355.0,340.0
2017-11-07,0.0,1.41,360.0,,12591,0,360.0,360.0,345.0
2017-11-06,0.0,-3.27,355.0,,2278,0,367.0,374.0,355.0
2017-11-05,0.0,1.1,360.0,,3786,0,356.0,367.0,352.0
2017-11-02,0.0,-0.55,364.0,,3223,0,358.0,365.0,358.0
2017-11-01,0.0,-1.35,365.0,,1840,0,364.0,365.0,362.0
2017-10-31,0.0,-1.33,370.0,,1960,0,374.0,375.0,370.0
2017-10-30,0.0,-0.79,375.0,,3291,0,380.0,385.0,375.0
2017-10-29,0.0,-0.53,378.0,,1450,0,373.0,380.0,373.0
2017-10-25,0.0,-2.81,380.0,,4651,0,386.0,391.0,380.0
2017-10-24,0.0,0.51,391.0,,654,0,389.0,391.0,385.0
2017-10-23,0.0,-1.02,389.0,,2296,0,393.0,399.0,388.0
2017-10-22,0.0,1.81,390.0,,2005,0,382.0,393.0,382.0
2017-10-18,0.0,-0.26,386.0,,2385,0,381.0,389.0,380.0
2017-10-17,0.0,-0.77,385.0,,7517,0,385.0,390.0,379.0
2017-10-16,0.0,5.69,390.0,,5156,0,375.0,390.0,373.0
2017-10-15,0.0,0.82,369.0,,638,0,373.0,373.0,369.0
2017-10-12,0.0,-1.61,366.0,,5612,0,365.0,368.0,360.0
2017-10-11,0.0,0.54,365.0,,1672,0,370.0,373.0,358.0
2017-10-10,0.0,-0.27,370.0,,6577,0,371.0,371.0,365.0
2017-10-09,0.0,2.2,371.0,,1707,0,369.0,371.0,357.0
2017-10-08,0.0,-2.42,363.0,,7604,0,368.0,368.0,353.0
2017-10-04,0.0,-1.59,372.0,,1126,0,385.0,385.0,372.0
2017-10-03,0.0,1.89,378.0,,82,0,366.0,378.0,366.0
2017-09-26,0.0,0.54,373.0,,1638,0,371.0,375.0,371.0
2017-09-25,0.0,1.1,369.0,,2910,0,368.0,377.0,365.0
2017-09-24,0.0,-0.82,365.0,,2397,0,365.0,368.0,363.0
2017-09-20,0.0,-0.54,368.0,,2202,0,377.0,377.0,361.0
2017-09-18,0.0,1.37,370.0,,8080,0,368.0,378.0,368.0
2017-09-17,0.0,2.24,365.0,,3130,0,364.0,371.0,360.0
2017-09-14,0.0,2.0,357.0,,5739,0,350.0,360.0,350.0
2017-09-13,0.0,-1.13,352.0,,11860,0,347.0,366.0,347.0
2017-09-12,0.0,-1.67,354.0,,4860,0,360.0,360.0,351.0
2017-09-11,0.0,0.0,360.0,,6039,0,356.0,365.0,353.0
2017-09-10,0.0,-2.17,360.0,,7520,0,369.0,375.0,360.0
2017-09-07,0.0,0.0,368.0,,2175,0,370.0,371.0,368.0
2017-09-06,0.0,0.27,368.0,,14687,0,374.0,380.0,368.0
2017-09-04,0.0,-2.13,368.0,,16651,0,372.0,380.0,367.0
2017-08-31,0.0,-0.79,375.0,,5339,0,378.0,382.0,373.0
2017-08-30,0.0,-2.33,378.0,,9177,0,387.0,385.0,378.0
2017-08-28,0.0,-1.27,387.0,,3131,0,386.0,390.0,385.0
2017-08-27,0.0,-2.0,392.0,,3677,0,400.0,401.0,385.0
2017-08-24,0.0,1.78,400.0,,8003,0,393.0,400.0,386.0
2017-08-23,0.0,3.42,393.0,,2720,0,381.0,393.0,380.0
2017-08-22,0.0,-3.8,380.0,,15076,0,396.0,400.0,367.0
2017-08-21,0.0,3.13,395.0,,1210,0,390.0,400.0,387.0
2017-08-20,0.0,-4.25,383.0,,4304,0,398.0,400.0,383.0
2017-08-17,0.0,-0.74,400.0,,3829,0,405.0,405.0,400.0
2017-08-16,0.0,-0.49,403.0,,3031,0,408.0,408.0,403.0
2017-08-15,0.0,-0.49,408.0,,3233,0,400.0,409.0,400.0
2017-08-13,0.0,-0.73,407.0,,5720,0,418.0,418.0,407.0
2017-08-10,0.0,-1.2,410.0,,5582,0,417.0,418.0,410.0
2017-08-09,0.0,-0.48,415.0,,4290,0,420.0,421.0,415.0
2017-08-07,0.0,0.0,417.0,,6326,0,425.0,425.0,415.0
2017-08-06,0.0,0.48,417.0,,11935,0,423.0,426.0,417.0
2017-08-03,0.0,-0.95,415.0,,5120,0,419.0,420.0,415.0
2017-08-02,0.0,0.0,422.0,,2060,0,419.0,422.0,413.0
2017-08-01,0.0,1.45,419.0,,4949,0,414.0,420.0,413.0
2017-07-31,0.0,0.24,413.0,,2907,0,412.0,415.0,412.0
2017-07-30,0.0,0.24,412.0,,852,0,410.0,412.0,409.0
2017-07-27,0.0,0.24,411.0,,8265,0,417.0,421.0,410.0
2017-07-26,0.0,-2.84,410.0,,5493,0,420.0,420.0,410.0
2017-07-25,0.0,0.48,422.0,,3993,0,420.0,422.0,413.0
2017-07-24,0.0,3.7,420.0,,742,0,406.0,420.0,406.0
2017-07-23,0.0,-0.98,405.0,,2358,0,402.0,411.0,402.0
2017-07-20,0.0,-1.45,410.0,,4120,0,409.0,414.0,409.0
2017-07-19,0.0,1.72,415.0,,5194,0,416.0,424.0,415.0
2017-07-18,0.0,0.99,408.0,,5075,0,405.0,412.0,400.0
2017-07-17,0.0,3.59,399.0,,4780,0,397.0,404.0,395.0
2017-07-16,0.0,0.0,390.0,,3944,0,390.0,395.0,390.0
2017-07-13,0.0,-2.5,392.0,,2125,0,400.0,400.0,388.0
2017-07-12,0.0,1.52,400.0,,4969,0,394.0,400.0,390.0
2017-07-11,0.0,1.03,394.0,,2698,0,397.0,397.0,392.0
2017-07-10,0.0,0.26,390.0,,2060,0,396.0,396.0,385.0
2017-07-09,0.0,-1.27,389.0,,8833,0,394.0,402.0,380.0
2017-07-06,0.0,3.96,394.0,,7324,0,386.0,394.0,374.0
2017-07-05,0.0,-0.79,377.0,,11874,0,375.0,379.0,374.0
2017-07-04,0.0,-0.78,382.0,,1626,0,392.0,392.0,382.0
2017-07-03,0.0,-2.53,385.0,,5700,0,391.0,391.0,385.0
2017-07-02,0.0,-1.25,395.0,,3430,0,395.0,395.0,390.0
2017-06-28,0.0,3.09,400.0,,1210,0,395.0,405.0,395.0
2017-06-27,0.0,-3.0,388.0,,4702,0,398.0,400.0,388.0
2017-06-25,0.0,-1.23,400.0,,3160,0,413.0,413.0,397.0
2017-06-22,0.0,1.76,406.0,,2490,0,405.0,412.0,398.0
2017-06-21,0.0,-1.73,398.0,,4440,0,405.0,408.0,398.0
2017-06-20,0.0,-1.22,402.0,,7987,0,405.0,405.0,398.0
2017-06-19,0.0,-2.15,411.0,,270,0,420.0,420.0,410.0
2017-06-18,0.0,0.24,419.0,,50,0,418.0,419.0,419.0
2017-06-15,0.0,2.7,415.0,,4025,0,409.0,418.0,409.0
2017-06-14,0.0,-1.69,408.0,,6856,0,414.0,414.0,405.0
2017-06-13,0.0,0.98,414.0,,5841,0,410.0,415.0,410.0
2017-06-12,0.0,-2.38,410.0,,900,0,412.0,412.0,410.0
2017-06-11,0.0,-1.87,420.0,,2410,0,428.0,428.0,420.0
2017-06-08,0.0,1.42,428.0,,6211,0,430.0,433.0,423.0
2017-06-07,0.0,-3.21,422.0,,11921,0,444.0,444.0,422.0
2017-06-06,0.0,2.35,436.0,,9757,0,430.0,436.0,425.0
2017-06-05,0.0,3.9,426.0,,7744,0,418.0,430.0,417.0
2017-06-04,0.0,-1.2,410.0,,6756,0,423.0,425.0,410.0
2017-06-01,0.0,-0.95,416.0,,3372,0,420.0,420.0,413.0
2017-05-31,0.0,4.75,419.0,,732,0,400.0,419.0,397.0
2017-05-30,0.0,-2.44,400.0,,4570,0,410.0,418.0,400.0
2017-05-28,0.0,-3.76,414.0,,4000,0,426.0,426.0,410.0
2017-05-24,0.0,1.43,426.0,,2920,0,420.0,426.0,410.0
2017-05-23,0.0,3.45,420.0,,6401,0,410.0,420.0,408.0
2017-05-22,0.0,-1.22,407.0,,2566,0,406.0,408.0,406.0
2017-05-21,0.0,-0.72,411.0,,2243,0,417.0,417.0,411.0
2017-05-18,0.0,-2.36,414.0,,3594,0,424.0,432.0,412.0
2017-05-17,0.0,0.41,492.0,,31692,0,498.0,498.0,488.0
2017-05-16,0.0,-2.0,490.0,,10254,0,500.0,500.0,490.0
2017-05-15,0.0,-3.47,500.0,,35425,0,520.0,520.0,490.0
2017-05-11,0.0,5.5,518.0,,55841,0,500.0,522.0,495.0
2017-05-09,0.0,2.29,491.0,,14658,0,480.0,491.0,480.0
2017-05-08,0.0,4.12,480.0,,11699,0,460.0,480.0,456.0
2017-05-07,0.0,-4.75,461.0,,5185,0,493.0,493.0,461.0
2017-05-04,0.0,6.37,477.0,,4041,0,450.0,484.0,450.0
2017-05-03,0.0,0.66,455.0,,13991,0,460.0,461.0,450.0
2017-05-02,0.0,-0.66,452.0,,6614,0,455.0,465.0,450.0
2017-04-30,0.0,-1.52,455.0,,3589,0,453.0,459.0,450.0
2017-04-27,0.0,1.54,462.0,,2126,0,450.0,473.0,450.0
2017-04-26,0.0,1.56,455.0,,6300,0,456.0,460.0,455.0
2017-04-25,0.0,-1.75,449.0,,10795,0,456.0,460.0,445.0
2017-04-24,0.0,-1.08,456.0,,1094,0,455.0,464.0,455.0
2017-04-23,0.0,0.0,461.0,,3066,0,470.0,479.0,461.0
2017-04-20,0.0,-3.35,470.0,,2861,0,486.0,486.0,461.0
2017-04-19,0.0,7.19,477.0,,9534,0,445.0,477.0,440.0
2017-04-18,0.0,-3.26,445.0,,11740,0,451.0,455.0,445.0
2017-04-16,0.0,-3.16,460.0,,4550,0,480.0,484.0,460.0
2017-04-13,0.0,-1.25,475.0,,6771,0,472.0,490.0,472.0
2017-04-12,0.0,5.48,483.0,,20783,0,460.0,500.0,460.0
2017-04-11,0.0,5.56,456.0,,13599,0,435.0,456.0,433.0
2017-04-10,0.0,4.1,432.0,,12945,0,423.0,436.0,415.0
2017-04-09,0.0,2.47,415.0,,7010,0,413.0,415.0,405.0
2017-04-06,0.0,4.92,405.0,,8508,0,386.0,405.0,390.0
2017-04-04,0.0,3.21,386.0,,4866,0,381.0,390.0,380.0
2017-04-03,0.0,-1.84,374.0,,2639,0,388.0,402.0,374.0
2017-04-02,0.0,2.97,381.0,,812,0,375.0,381.0,374.0
2017-03-30,0.0,2.49,370.0,,5638,0,361.0,370.0,357.0
2017-03-29,0.0,0.28,361.0,,9915,0,360.0,374.0,360.0
2017-03-28,0.0,2.27,360.0,,1054,0,352.0,365.0,359.0
2017-03-26,0.0,2.33,352.0,,3186,0,350.0,358.0,350.0
2017-03-23,0.0,0.88,344.0,,2524,0,335.0,344.0,329.0
2017-03-22,0.0,5.25,341.0,,6454,0,330.0,354.0,324.0
2017-03-21,0.0,3.18,324.0,,2330,0,320.0,326.0,310.0
2017-03-20,0.0,3.97,314.0,,5778,0,303.0,314.0,302.0
2017-03-19,0.0,2.03,302.0,,2070,0,296.0,305.0,297.0
2017-03-16,0.0,1.37,296.0,,2400,0,297.0,297.0,296.0
2017-03-15,0.0,-2.67,292.0,,7575,0,300.0,300.0,292.0
2017-03-14,0.0,0.0,300.0,,108,0,300.0,300.0,300.0
2017-03-13,0.0,1.01,300.0,,1137,0,296.0,302.0,295.0
2017-03-09,0.0,-2.3,298.0,,4410,0,299.0,300.0,295.0
2017-03-07,0.0,-0.33,304.0,,50,0,304.0,304.0,304.0
2017-03-06,0.0,0.99,305.0,,698,0,305.0,307.0,305.0
2017-03-05,0.0,1.68,302.0,,2384,0,302.0,303.0,297.0
2017-03-02,0.0,-1.0,297.0,,5249,0,305.0,305.0,294.0
2017-03-01,0.0,0.0,300.0,,6666,0,305.0,305.0,298.0
2017-02-28,0.0,-1.64,300.0,,600,0,301.0,301.0,300.0
2017-02-26,0.0,-1.61,306.0,,253,0,306.0,306.0,305.0
2017-02-23,0.0,-4.62,310.0,,1673,0,325.0,325.0,310.0
2017-02-22,0.0,0.0,325.0,,733,0,325.0,325.0,319.0
2017-02-21,0.0,0.0,325.0,,489,0,331.0,343.0,325.0
2017-02-20,0.0,0.0,325.0,,450,0,331.0,331.0,325.0
2017-02-19,0.0,3.17,325.0,,1700,0,321.0,325.0,315.0
2017-02-16,0.0,-4.43,302.0,,2311,0,310.0,310.0,302.0
2017-02-15,0.0,8.96,316.0,,746,0,290.0,316.0,290.0
2017-02-14,0.0,2.11,290.0,,779,0,284.0,294.0,284.0
2017-02-13,0.0,4.03,284.0,,1548,0,268.0,284.0,264.0
2017-02-12,0.0,-4.88,273.0,,3551,0,282.0,285.0,273.0
2017-02-09,0.0,-3.37,287.0,,877,0,292.0,292.0,287.0
2017-02-08,0.0,-1.0,297.0,,2888,0,297.0,300.0,290.0
2017-02-07,0.0,0.33,300.0,,285,0,300.0,300.0,300.0
2017-02-06,0.0,-0.33,299.0,,1127,0,295.0,299.0,295.0
2017-02-05,0.0,-2.91,300.0,,270,0,303.0,303.0,300.0
2017-02-02,0.0,-0.96,309.0,,2389,0,306.0,312.0,300.0
2017-02-01,0.0,7.59,308.0,,807,0,292.0,312.0,292.0
2017-01-31,0.0,3.57,290.0,,200,0,285.0,290.0,285.0
2017-01-30,0.0,-8.79,280.0,,2666,0,307.0,307.0,280.0
2017-01-26,0.0,-1.6,307.0,,618,0,306.0,310.0,306.0
2017-01-25,0.0,-3.41,315.0,,1714,0,325.0,325.0,312.0
2017-01-24,0.0,-6.1,323.0,,1453,0,345.0,345.0,322.0
2017-01-23,0.0,0.58,344.0,,384,0,339.0,344.0,338.0
2017-01-22,0.0,-2.84,342.0,,311,0,345.0,345.0,342.0
2017-01-18,0.0,4.76,352.0,,548,0,340.0,352.0,340.0
2017-01-17,0.0,0.0,336.0,,288,0,335.0,336.0,335.0
2017-01-16,0.0,1.82,336.0,,78,0,336.0,336.0,336.0
2017-01-12,0.0,-1.79,330.0,,46,0,330.0,330.0,330.0
2017-01-11,0.0,0.6,336.0,,1624,0,330.0,340.0,329.0
2017-01-10,0.0,0.6,334.0,,2351,0,334.0,334.0,334.0
2017-01-09,0.0,1.22,332.0,,783,0,330.0,336.0,330.0
2017-01-08,0.0,-3.53,329.0,,4278,0,334.0,334.0,328.0
2017-01-05,0.0,1.49,340.0,,428,0,341.0,341.0,340.0
2017-01-04,0.0,-3.46,335.0,,3606,0,347.0,347.0,333.0
2017-01-03,0.0,-1.42,347.0,,3875,0,350.0,355.0,347.0
2017-01-02,0.0,3.53,352.0,,2460,0,337.0,352.0,337.0
2017-01-01,0.0,0.0,340.0,,699,0,340.0,346.0,340.0
2016-12-29,0.0,1.49,340.0,,500,0,340.0,340.0,340.0
2016-12-28,0.0,-1.76,335.0,,3141,0,341.0,341.0,335.0
2016-12-27,0.0,-1.73,341.0,,3680,0,347.0,347.0,340.0
2016-12-26,0.0,-1.7,347.0,,313,0,352.0,352.0,347.0
2016-12-22,0.0,0.0,353.0,,1514,0,350.0,360.0,350.0
2016-12-21,0.0,-3.29,353.0,,460,0,361.0,361.0,353.0
2016-12-20,0.0,0.27,365.0,,1437,0,371.0,371.0,359.0
2016-12-19,0.0,0.0,364.0,,83,0,364.0,364.0,364.0
2016-12-18,0.0,-2.93,364.0,,905,0,370.0,370.0,357.0
2016-12-15,0.0,4.46,375.0,,897,0,366.0,375.0,365.0
2016-12-14,0.0,1.99,359.0,,280,0,359.0,359.0,359.0
2016-12-12,0.0,-3.83,353.0,,2053,0,368.0,368.0,352.0
2016-12-11,0.0,-3.68,366.0,,1100,0,380.0,380.0,366.0
2016-12-08,0.0,-0.26,380.0,,2053,0,378.0,380.0,378.0
2016-12-07,0.0,0.26,382.0,,164,0,380.0,382.0,380.0
2016-12-06,0.0,1.33,380.0,,3570,0,375.0,380.0,368.0
2016-12-05,0.0,-1.83,375.0,,1990,0,375.0,380.0,375.0
2016-12-04,0.0,-5.91,382.0,,1672,0,398.0,398.0,382.0
2016-12-01,0.0,-3.79,406.0,,1157,0,418.0,418.0,406.0
2016-11-30,0.0,7.93,422.0,,705,0,398.0,429.0,395.0
2016-11-29,0.0,6.25,391.0,,2452,0,375.0,391.0,370.0
2016-11-28,0.0,3.95,368.0,,6310,0,347.0,368.0,341.0
2016-11-27,0.0,-7.57,355.0,,1794,0,380.0,380.0,354.0
2016-11-24,0.0,2.68,383.0,,3279,0,380.0,387.0,376.0
2016-11-23,0.0,-6.05,373.0,,3520,0,390.0,395.0,373.0
2016-11-22,0.0,-4.57,397.0,,2985,0,416.0,416.0,397.0
2016-11-21,0.0,-3.26,416.0,,4144,0,423.0,429.0,410.0
2016-11-20,0.0,-0.46,430.0,,1407,0,429.0,430.0,429.0
2016-11-17,0.0,-2.26,432.0,,2051,0,436.0,440.0,430.0
2016-11-16,0.0,-1.78,445.0,,190,0,445.0,445.0,442.0
2016-11-15,0.0,0.0,450.0,,2829,0,450.0,450.0,445.0
2016-11-14,0.0,-2.17,450.0,,1003,0,455.0,455.0,450.0
2016-11-13,0.0,-1.08,460.0,,2682,0,456.0,460.0,450.0
2016-11-10,0.0,0.65,465.0,,8686,0,462.0,472.0,454.0
2016-11-09,0.0,0.43,462.0,,1791,0,460.0,469.0,460.0
2016-11-08,0.0,-1.71,460.0,,797,0,463.0,464.0,460.0
2016-11-07,0.0,-3.51,468.0,,2900,0,485.0,485.0,468.0
2016-11-03,0.0,0.62,485.0,,1701,0,476.0,485.0,476.0
2016-10-27,0.0,0.84,482.0,,4165,0,481.0,489.0,479.0
2016-10-26,0.0,-1.65,478.0,,2150,0,481.0,481.0,477.0
2016-10-25,0.0,-1.82,486.0,,700,0,490.0,490.0,486.0
2016-10-24,0.0,0.61,495.0,,152,0,495.0,495.0,495.0
2016-10-23,0.0,-0.2,492.0,,2722,0,484.0,492.0,480.0
2016-10-20,0.0,0.0,493.0,,69,0,493.0,493.0,493.0
2016-10-19,0.0,-1.4,493.0,,605,0,510.0,510.0,493.0
2016-10-18,0.0,-1.77,500.0,,100,0,500.0,500.0,500.0
2016-10-17,0.0,0.79,509.0,,300,0,509.0,509.0,509.0
2016-10-16,0.0,-1.94,505.0,,100,0,505.0,505.0,505.0
2016-10-06,0.0,0.59,515.0,,100,0,515.0,515.0,515.0
2016-10-05,0.0,-2.85,515.0,,1296,0,537.0,537.0,512.0
2016-10-04,0.0,7.33,527.0,,177,0,498.0,527.0,498.0
2016-10-03,0.0,2.29,491.0,,2146,0,489.0,500.0,489.0
2016-10-02,0.0,-4.0,480.0,,2829,0,510.0,510.0,480.0
2016-09-29,0.0,0.0,500.0,,114,0,500.0,500.0,500.0
2016-09-28,0.0,-3.85,500.0,,806,0,530.0,530.0,500.0
2016-09-27,0.0,4.0,520.0,,20,0,510.0,520.0,510.0
2016-09-26,0.0,-0.2,500.0,,4621,0,505.0,515.0,500.0
2016-09-25,0.0,-1.52,518.0,,3240,0,520.0,520.0,509.0
2016-09-22,0.0,-1.52,518.0,,3240,0,520.0,520.0,509.0
2016-09-21,0.0,1.54,527.0,,1189,0,510.0,527.0,510.0
2016-09-20,0.0,-1.7,520.0,,1275,0,530.0,530.0,519.0
2016-09-18,0.0,-3.3,528.0,,3204,0,543.0,543.0,528.0
2016-09-14,0.0,-1.27,546.0,,3119,0,550.0,557.0,546.0
2016-09-12,0.0,-1.25,553.0,,4673,0,565.0,565.0,551.0
2016-09-11,0.0,0.9,560.0,,4114,0,566.0,580.0,551.0
2016-09-08,0.0,0.91,551.0,,3555,0,561.0,561.0,548.0
2016-09-07,0.0,-2.65,550.0,,6016,0,560.0,560.0,540.0
2016-09-06,0.0,6.6,565.0,,24033,0,540.0,570.0,540.0
2016-09-05,0.0,9.96,530.0,,8358,0,491.0,530.0,491.0
2016-09-01,0.0,-1.83,482.0,,100,0,482.0,482.0,482.0
2016-08-31,0.0,1.66,491.0,,1992,0,480.0,501.0,480.0
2016-08-30,0.0,-0.41,483.0,,2239,0,494.0,502.0,483.0
2016-08-29,0.0,4.53,485.0,,1199,0,460.0,485.0,457.0
2016-08-28,0.0,-1.28,464.0,,1025,0,479.0,479.0,455.0
2016-08-24,0.0,1.08,470.0,,1665,0,473.0,482.0,470.0
2016-08-23,0.0,-1.27,470.0,,1833,0,462.0,471.0,462.0
2016-08-22,0.0,-1.87,471.0,,100,0,471.0,471.0,471.0
2016-08-21,0.0,0.0,480.0,,1500,0,482.0,482.0,475.0
2016-08-17,0.0,1.27,480.0,,2436,0,475.0,502.0,475.0
2016-08-16,0.0,2.82,474.0,,2146,0,461.0,474.0,461.0
2016-08-15,0.0,-3.96,461.0,,1389,0,471.0,471.0,444.0
2016-08-14,0.0,-4.38,480.0,,2513,0,500.0,502.0,480.0
2016-08-11,0.0,1.21,502.0,,6279,0,505.0,510.0,490.0
2016-08-10,0.0,4.2,496.0,,8009,0,485.0,505.0,485.0
2016-08-08,0.0,-4.8,476.0,,2153,0,500.0,490.0,476.0
2016-08-07,0.0,2.04,500.0,,2536,0,490.0,508.0,499.0
2016-08-04,0.0,-2.58,490.0,,5568,0,503.0,502.0,487.0
2016-08-03,0.0,-2.33,503.0,,2315,0,515.0,515.0,500.0
2016-08-02,0.0,-1.9,515.0,,4331,0,525.0,535.0,501.0
2016-08-01,0.0,-3.49,525.0,,1075,0,544.0,535.0,524.0
2016-07-31,0.0,-0.73,544.0,,7984,0,548.0,561.0,544.0
2016-07-28,0.0,-5.35,548.0,,5343,0,579.0,570.0,548.0
2016-07-27,0.0,-2.69,579.0,,9144,0,595.0,610.0,555.0
2016-07-26,0.0,9.38,595.0,,20850,0,544.0,595.0,554.0
2016-07-25,0.0,9.9,544.0,,10323,0,495.0,544.0,500.0
2016-07-21,0.0,0.61,495.0,,16786,0,492.0,504.0,495.0
2016-07-20,0.0,0.61,492.0,,17336,0,498.0,504.0,490.0
2016-07-19,0.0,2.95,489.0,,11079,0,484.0,502.0,470.0
2016-07-18,0.0,9.2,475.0,,8165,0,435.0,477.0,440.0
2016-07-17,0.0,2.35,435.0,,3031,0,425.0,439.0,425.0
2016-07-14,0.0,1.19,424.0,,600,0,425.0,425.0,424.0
2016-07-13,0.0,-0.47,420.0,,1203,0,422.0,425.0,420.0
2016-07-12,0.0,-2.99,422.0,,850,0,435.0,430.0,422.0
2016-07-11,0.0,0.93,435.0,,1025,0,431.0,435.0,434.0
2016-07-10,0.0,-2.05,431.0,,9743,0,440.0,442.0,430.0
2016-07-06,0.0,1.85,440.0,,5750,0,439.0,456.0,435.0
2016-07-05,0.0,-4.0,433.0,,2450,0,442.0,442.0,432.0
2016-07-04,0.0,7.14,450.0,,4162,0,420.0,456.0,425.0
2016-07-03,0.0,1.94,420.0,,2635,0,412.0,420.0,410.0
2016-06-30,0.0,2.49,412.0,,3664,0,402.0,418.0,405.0
2016-06-29,0.0,-0.25,402.0,,9394,0,403.0,410.0,402.0
2016-06-28,0.0,-0.25,403.0,,1802,0,404.0,405.0,402.0
2016-06-27,0.0,1.0,404.0,,868,0,400.0,404.0,397.0
2016-06-26,0.0,0.0,400.0,,2586,0,400.0,405.0,400.0
2016-06-23,0.0,1.27,400.0,,2986,0,395.0,410.0,396.0
2016-06-22,0.0,-0.25,395.0,,3258,0,403.0,405.0,395.0
2016-06-21,0.0,-1.0,396.0,,3729,0,400.0,400.0,395.0
2016-06-20,0.0,1.27,400.0,,3478,0,395.0,410.0,395.0
2016-06-19,0.0,-1.25,395.0,,1125,0,400.0,402.0,395.0
2016-06-16,0.0,4.99,400.0,,3793,0,381.0,410.0,385.0
2016-06-15,0.0,0.26,381.0,,1418,0,385.0,387.0,381.0
2016-06-14,0.0,2.7,380.0,,3150,0,377.0,384.0,373.0
2016-06-13,0.0,-3.39,370.0,,1142,0,383.0,384.0,370.0
2016-06-12,0.0,1.32,383.0,,2087,0,378.0,385.0,381.0
2016-06-09,0.0,-1.3,378.0,,2020,0,386.0,393.0,378.0
2016-06-08,0.0,3.51,383.0,,1041,0,370.0,383.0,377.0
2016-06-07,0.0,-0.54,370.0,,440,0,365.0,370.0,358.0
2016-06-06,0.0,0.0,372.0,,1100,0,372.0,382.0,372.0
2016-06-05,0.0,-0.8,372.0,,1104,0,375.0,375.0,370.0
2016-06-02,0.0,-1.57,375.0,,1280,0,381.0,377.0,375.0
2016-06-01,0.0,-3.54,381.0,,985,0,395.0,395.0,380.0
2016-05-31,0.0,3.95,395.0,,3047,0,380.0,395.0,382.0
2016-05-30,0.0,-1.55,380.0,,1841,0,386.0,385.0,380.0
2016-05-29,0.0,-1.03,386.0,,1200,0,390.0,386.0,380.0
2016-05-26,0.0,-1.76,390.0,,300,0,397.0,390.0,390.0
2016-05-25,0.0,1.28,397.0,,1341,0,392.0,397.0,389.0
2016-05-24,0.0,4.53,392.0,,2791,0,375.0,398.0,377.0
2016-05-23,0.0,-1.32,375.0,,849,0,380.0,380.0,373.0
2016-05-22,0.0,-2.06,380.0,,2030,0,388.0,386.0,374.0
2016-05-19,0.0,0.78,388.0,,1251,0,385.0,390.0,383.0
2016-05-18,0.0,-0.26,385.0,,1226,0,386.0,386.0,385.0
2016-05-17,0.0,-2.03,390.0,,2077,0,395.0,395.0,385.0
2016-05-16,0.0,1.03,394.0,,3152,0,390.0,397.0,390.0
2016-05-15,0.0,1.3,390.0,,500,0,390.0,390.0,390.0
2016-05-11,0.0,-1.02,388.0,,2400,0,392.0,391.0,388.0
2016-05-10,0.0,-1.51,392.0,,1377,0,400.0,400.0,385.0
2016-05-09,0.0,1.79,398.0,,100,0,398.0,398.0,398.0
2016-05-08,0.0,-1.01,391.0,,1450,0,395.0,392.0,391.0
2016-05-05,0.0,-1.25,395.0,,100,0,400.0,395.0,395.0
2016-05-04,0.0,0.25,400.0,,7232,0,399.0,404.0,398.0
2016-05-03,0.0,-1.48,399.0,,10826,0,405.0,404.0,397.0
2016-05-02,0.0,3.85,405.0,,7068,0,390.0,405.0,395.0
2016-04-28,0.0,-2.5,390.0,,1693,0,400.0,400.0,390.0
2016-04-27,0.0,-0.5,400.0,,1906,0,402.0,400.0,397.0
2016-04-26,0.0,8.65,402.0,,11144,0,370.0,407.0,377.0
2016-04-25,0.0,2.78,370.0,,2503,0,360.0,372.0,360.0
2016-04-24,0.0,0.56,360.0,,1700,0,358.0,360.0,350.0
2016-04-21,0.0,-0.83,358.0,,1000,0,361.0,358.0,358.0
2016-04-20,0.0,-2.43,361.0,,1019,0,370.0,370.0,361.0
2016-04-19,0.0,-1.86,370.0,,926,0,377.0,372.0,370.0
2016-04-18,0.0,4.72,377.0,,1416,0,360.0,378.0,360.0
2016-04-17,0.0,1.41,360.0,,913,0,362.0,362.0,360.0
2016-04-14,0.0,3.5,355.0,,20,0,343.0,355.0,349.0
2016-04-11,0.0,-3.11,343.0,,271,0,354.0,350.0,343.0
2016-04-06,0.0,-0.56,354.0,,1100,0,356.0,360.0,354.0
2016-04-05,0.0,2.59,356.0,,1311,0,353.0,356.0,353.0
2016-04-04,0.0,-1.42,347.0,,242,0,352.0,348.0,347.0
2016-04-03,0.0,-1.68,352.0,,1890,0,358.0,356.0,350.0
2016-03-31,0.0,1.42,358.0,,1452,0,353.0,358.0,350.0
2016-03-30,0.0,-0.56,353.0,,914,0,355.0,360.0,353.0
2016-03-29,0.0,-1.39,355.0,,357,0,359.0,360.0,355.0
2016-03-27,0.0,-1.1,360.0,,1080,0,364.0,360.0,359.0
2016-03-24,0.0,-0.27,364.0,,3937,0,365.0,365.0,360.0
2016-03-23,0.0,1.11,365.0,,747,0,355.0,365.0,351.0
2016-03-21,0.0,-3.73,361.0,,120,0,368.0,368.0,361.0
2016-03-16,0.0,-3.35,378.0,,700,0,381.0,381.0,375.0
2016-03-15,0.0,-3.72,388.0,,100,0,395.0,395.0,388.0
2016-03-14,0.0,1.77,403.0,,10,0,403.0,403.0,403.0
2016-03-13,0.0,1.8,396.0,,310,0,396.0,396.0,396.0
2016-03-10,0.0,1.3,389.0,,10,0,391.0,389.0,389.0
2016-03-06,0.0,4.35,384.0,,2698,0,370.0,384.0,370.0
2016-03-03,0.0,1.94,368.0,,10,0,368.0,368.0,368.0
2016-03-02,0.0,0.0,361.0,,20,0,368.0,361.0,361.0
2016-03-01,0.0,1.98,361.0,,100,0,361.0,361.0,361.0
2016-02-23,0.0,-1.39,354.0,,103,0,359.0,354.0,354.0
2016-02-22,0.0,1.41,359.0,,2390,0,360.0,360.0,354.0
2016-02-21,0.0,0.85,354.0,,220,0,350.0,354.0,345.0
2016-02-18,0.0,-3.57,351.0,,855,0,364.0,363.0,351.0
2016-02-17,0.0,-1.62,364.0,,1043,0,370.0,365.0,363.0
2016-02-16,0.0,-0.8,370.0,,200,0,373.0,370.0,370.0
2016-02-14,0.0,-1.84,373.0,,250,0,387.0,387.0,373.0
2016-02-11,0.0,-4.28,380.0,,756,0,397.0,390.0,380.0
2016-02-08,0.0,0.25,397.0,,1100,0,396.0,398.0,390.0
2016-02-07,0.0,1.28,396.0,,897,0,391.0,410.0,396.0
2016-02-04,0.0,5.68,391.0,,230,0,370.0,391.0,377.0
2016-02-03,0.0,4.04,515.0,,22511,0,495.0,524.0,495.0
2016-02-02,0.0,-1.98,495.0,,9231,0,511.0,511.0,490.0
2016-02-01,0.0,-0.98,505.0,,6412,0,510.0,515.0,505.0
2016-01-31,0.0,-7.61,510.0,,9306,0,545.0,545.0,497.0
2016-01-28,0.0,9.96,552.0,,7042,0,511.0,552.0,511.0
2016-01-27,0.0,7.26,502.0,,3107,0,468.0,502.0,477.0
2016-01-26,0.0,7.83,468.0,,837,0,434.0,468.0,442.0
2016-01-25,0.0,9.87,434.0,,670,0,402.0,434.0,402.0
2016-01-24,0.0,1.8,395.0,,100,0,388.0,395.0,395.0
2016-01-14,0.0,-1.27,388.0,,4626,0,393.0,397.0,382.0
2016-01-13,0.0,-1.75,393.0,,2751,0,400.0,397.0,390.0
2016-01-12,0.0,-0.74,400.0,,6256,0,400.0,400.0,397.0
2016-01-11,0.0,3.33,403.0,,7505,0,397.0,403.0,394.0
2016-01-10,0.0,5.41,390.0,,3232,0,370.0,390.0,360.0
2016-01-07,0.0,0.0,370.0,,2659,0,363.0,370.0,363.0
2016-01-06,0.0,-2.37,370.0,,5883,0,375.0,377.0,370.0
2016-01-05,0.0,0.26,379.0,,4621,0,375.0,380.0,375.0
2016-01-04,0.0,-0.53,378.0,,657,0,380.0,380.0,375.0
2016-01-03,0.0,0.0,380.0,,1095,0,380.0,381.0,380.0
2015-12-31,0.0,-1.04,380.0,,671,0,377.0,380.0,377.0
2015-12-29,0.0,-1.29,384.0,,518,0,389.0,384.0,382.0
2015-12-28,0.0,-1.27,389.0,,283,0,394.0,395.0,389.0
2015-12-24,0.0,-0.25,394.0,,50,0,394.0,394.0,394.0
2015-12-23,0.0,3.4,395.0,,1632,0,382.0,398.0,389.0
2015-12-22,0.0,-0.78,385.0,,200,0,386.0,386.0,382.0
2015-12-21,0.0,3.49,385.0,,830,0,372.0,385.0,375.0
2015-12-20,0.0,1.92,372.0,,1553,0,365.0,372.0,370.0
2015-12-16,0.0,-1.62,365.0,,183,0,371.0,371.0,365.0
2015-12-15,0.0,-2.37,371.0,,505,0,385.0,385.0,371.0
2015-12-13,0.0,0.0,380.0,,417,0,375.0,380.0,368.0
2015-12-10,0.0,-0.26,380.0,,1036,0,388.0,388.0,380.0
2015-12-09,0.0,3.81,381.0,,1376,0,374.0,381.0,374.0
2015-12-08,0.0,3.97,367.0,,2037,0,354.0,367.0,354.0
2015-12-07,0.0,2.32,353.0,,400,0,350.0,353.0,350.0
2015-12-03,0.0,1.47,345.0,,2138,0,340.0,345.0,340.0
2015-12-02,0.0,-1.16,340.0,,1227,0,340.0,340.0,340.0
2015-12-01,0.0,4.56,344.0,,3336,0,329.0,361.0,335.0
2015-11-30,0.0,-4.36,329.0,,2598,0,350.0,350.0,329.0
2015-11-29,0.0,-1.99,344.0,,1500,0,344.0,344.0,344.0
2015-11-26,0.0,-1.4,351.0,,525,0,350.0,351.0,350.0
2015-11-25,0.0,-1.38,356.0,,251,0,355.0,356.0,355.0
2015-11-24,0.0,-3.48,361.0,,357,0,367.0,367.0,361.0
2015-11-23,0.0,-0.27,374.0,,277,0,374.0,374.0,374.0
2015-11-22,0.0,-1.83,376.0,,700,0,380.0,380.0,375.0
2015-11-08,0.0,0.0,382.0,,157,0,382.0,382.0,382.0
2015-11-04,0.0,-1.8,382.0,,360,0,382.0,382.0,382.0
2015-11-03,0.0,-1.77,389.0,,471,0,389.0,389.0,389.0
2015-11-01,0.0,0.0,396.0,,421,0,396.0,396.0,396.0
2015-10-19,0.0,5.6,396.0,,592,0,382.0,396.0,382.0
2015-10-18,0.0,-1.06,375.0,,899,0,378.0,379.0,373.0
2015-10-15,0.0,-2.82,379.0,,978,0,391.0,393.0,379.0
2015-10-14,0.0,-1.02,390.0,,1676,0,393.0,393.0,389.0
2015-10-11,0.0,-1.5,394.0,,1100,0,402.0,402.0,394.0
2015-10-08,0.0,0.0,400.0,,1207,0,400.0,400.0,397.0
2015-10-07,0.0,-1.48,400.0,,2475,0,398.0,400.0,393.0
2015-10-06,0.0,2.53,406.0,,9541,0,394.0,406.0,392.0
2015-10-05,0.0,-1.0,396.0,,3645,0,395.0,398.0,395.0
2015-10-04,0.0,0.76,400.0,,2049,0,400.0,405.0,398.0
2015-10-01,0.0,1.27,397.0,,5188,0,399.0,401.0,395.0
2015-09-30,0.0,3.7,392.0,,910,0,385.0,392.0,385.0
2015-09-29,0.0,-0.53,378.0,,1559,0,385.0,385.0,377.0
2015-09-28,0.0,-1.55,380.0,,372,0,379.0,380.0,379.0
2015-09-24,0.0,-1.03,386.0,,1025,0,390.0,393.0,386.0
2015-09-23,0.0,1.83,390.0,,4000,0,376.0,390.0,376.0
2015-09-22,0.0,-4.96,383.0,,1263,0,395.0,395.0,383.0
2015-09-17,0.0,-1.95,403.0,,545,0,405.0,405.0,401.0
2015-09-16,0.0,1.99,411.0,,3243,0,411.0,412.0,406.0
2015-09-15,0.0,2.03,403.0,,3431,0,402.0,405.0,396.0
2015-09-14,0.0,0.0,395.0,,960,0,399.0,404.0,395.0
2015-09-13,0.0,1.28,395.0,,1712,0,395.0,396.0,389.0
2015-09-10,0.0,0.0,390.0,,595,0,390.0,390.0,390.0
2015-09-09,0.0,0.78,390.0,,823,0,387.0,395.0,387.0
2015-09-08,0.0,0.26,387.0,,4913,0,393.0,393.0,384.0
2015-09-07,0.0,4.32,386.0,,1279,0,375.0,392.0,375.0
2015-09-06,0.0,-1.07,370.0,,1105,0,368.0,372.0,368.0
2015-09-03,0.0,-2.86,374.0,,627,0,378.0,378.0,371.0
2015-09-02,0.0,-1.28,385.0,,1304,0,383.0,385.0,383.0
2015-09-01,0.0,-1.76,390.0,,501,0,397.0,390.0,390.0
2015-08-31,0.0,1.79,397.0,,673,0,383.0,397.0,383.0
2015-08-27,0.0,2.9,390.0,,810,0,386.0,390.0,382.0
2015-08-26,0.0,-6.19,379.0,,2148,0,400.0,400.0,379.0
2015-08-25,0.0,4.12,404.0,,3003,0,388.0,408.0,388.0
2015-08-24,0.0,-0.51,388.0,,2869,0,385.0,391.0,383.0
2015-08-23,0.0,3.17,390.0,,3219,0,385.0,392.0,378.0
2015-08-20,0.0,-0.26,378.0,,4246,0,385.0,392.0,378.0
2015-08-19,0.0,2.43,379.0,,1643,0,370.0,384.0,370.0
2015-08-18,0.0,1.37,370.0,,3992,0,370.0,375.0,367.0
2015-08-17,0.0,-0.27,365.0,,396,0,365.0,365.0,363.0
2015-08-16,0.0,0.0,366.0,,1264,0,359.0,366.0,352.0
2015-08-13,0.0,2.52,366.0,,2510,0,363.0,370.0,363.0
2015-08-12,0.0,-1.11,357.0,,1076,0,361.0,364.0,357.0
2015-08-11,0.0,-1.9,361.0,,369,0,368.0,361.0,361.0
2015-08-10,0.0,-1.34,368.0,,70,0,373.0,368.0,368.0
2015-08-09,0.0,0.0,373.0,,3294,0,373.0,380.0,366.0
2015-08-06,0.0,0.81,373.0,,4223,0,370.0,380.0,364.0
2015-08-05,0.0,-0.27,370.0,,1575,0,371.0,375.0,370.0
2015-08-04,0.0,1.64,371.0,,1097,0,365.0,371.0,358.0
2015-08-03,0.0,-4.45,365.0,,4395,0,382.0,383.0,365.0
2015-08-02,0.0,6.11,382.0,,2911,0,360.0,382.0,365.0
2015-07-30,0.0,1.69,360.0,,3637,0,354.0,370.0,360.0
2015-07-29,0.0,2.31,354.0,,3657,0,346.0,354.0,345.0
2015-07-28,0.0,-2.81,346.0,,269,0,356.0,349.0,346.0
2015-07-27,0.0,-0.28,356.0,,3678,0,357.0,372.0,356.0
2015-07-26,0.0,3.78,357.0,,20,0,344.0,357.0,350.0
2015-07-23,0.0,5.52,344.0,,500,0,326.0,344.0,332.0
2015-07-22,0.0,3.82,326.0,,210,0,320.0,326.0,320.0
2015-07-16,0.0,-1.88,314.0,,57,0,320.0,314.0,314.0
2015-07-15,0.0,0.31,320.0,,816,0,319.0,320.0,319.0
2015-07-14,0.0,1.27,319.0,,423,0,317.0,319.0,317.0
2015-07-13,0.0,1.94,315.0,,1051,0,310.0,315.0,309.0
2015-07-12,0.0,-1.9,309.0,,120,0,309.0,309.0,309.0
2015-07-09,0.0,-0.32,315.0,,496,0,313.0,315.0,313.0
2015-07-08,0.0,0.32,316.0,,63,0,315.0,316.0,315.0
2015-07-07,0.0,1.29,315.0,,1506,0,315.0,317.0,313.0
2015-07-06,0.0,0.32,311.0,,163,0,314.0,314.0,311.0
2015-07-05,0.0,-3.73,310.0,,2649,0,316.0,316.0,310.0
2015-07-02,0.0,-1.83,322.0,,1200,0,324.0,324.0,322.0
2015-07-01,0.0,0.0,328.0,,1100,0,328.0,328.0,325.0
2015-06-30,0.0,1.86,328.0,,269,0,328.0,328.0,328.0
2015-06-29,0.0,1.26,322.0,,348,0,322.0,322.0,322.0
2015-06-28,0.0,2.25,318.0,,2310,0,317.0,323.0,317.0
2015-06-22,0.0,0.0,311.0,,110,0,311.0,311.0,311.0
2015-06-18,0.0,0.32,311.0,,50,0,310.0,311.0,311.0
2015-06-17,0.0,-3.12,310.0,,2400,0,320.0,314.0,310.0
2015-06-16,0.0,-0.93,320.0,,1170,0,323.0,330.0,320.0
2015-06-15,0.0,-2.12,323.0,,1234,0,330.0,324.0,323.0
2015-06-14,0.0,-3.51,330.0,,349,0,342.0,336.0,330.0
2015-06-11,0.0,-0.87,342.0,,190,0,345.0,342.0,339.0
2015-06-10,0.0,1.47,345.0,,836,0,340.0,346.0,345.0
2015-06-09,0.0,2.1,340.0,,1760,0,333.0,351.0,339.0
2015-06-08,0.0,1.52,333.0,,2433,0,328.0,336.0,328.0
2015-06-07,0.0,-1.2,328.0,,270,0,332.0,330.0,328.0
2015-06-04,0.0,5.06,332.0,,1841,0,316.0,332.0,320.0
2015-06-03,0.0,1.94,316.0,,400,0,310.0,316.0,315.0
2015-06-02,0.0,3.33,310.0,,1040,0,300.0,311.0,304.0
2015-06-01,0.0,0.33,300.0,,360,0,299.0,300.0,298.0
2015-05-31,0.0,0.67,299.0,,2962,0,297.0,299.0,292.0
2015-05-28,0.0,-10.0,297.0,,1500,0,330.0,324.0,297.0
2015-04-23,0.0,1.54,330.0,,798,0,325.0,330.0,325.0
2015-04-21,0.0,2.24,319.0,,1179,0,312.0,319.0,313.0
2015-04-20,0.0,-1.89,312.0,,919,0,318.0,312.0,312.0
2015-04-19,0.0,-1.24,318.0,,980,0,322.0,318.0,318.0
2015-04-16,0.0,-1.23,322.0,,193,0,326.0,322.0,322.0
2015-04-02,0.0,1.88,326.0,,2893,0,320.0,330.0,326.0
2015-04-01,0.0,-5.88,320.0,,676,0,340.0,334.0,320.0
2015-03-31,0.0,-3.13,340.0,,220,0,351.0,344.0,340.0
2015-03-26,0.0,-0.49,404.0,,5167,0,406.0,408.0,400.0
2015-03-25,0.0,0.74,406.0,,1640,0,403.0,409.0,404.0
2015-03-24,0.0,-0.98,403.0,,3077,0,407.0,404.0,401.0
2015-03-23,0.0,0.49,407.0,,2693,0,405.0,418.0,405.0
2015-03-22,0.0,1.76,405.0,,12560,0,398.0,407.0,402.0
2015-03-19,0.0,1.02,398.0,,2442,0,394.0,405.0,394.0
2015-03-18,0.0,-1.5,394.0,,1291,0,400.0,408.0,394.0
2015-03-17,0.0,1.01,400.0,,2230,0,396.0,411.0,395.0
2015-03-16,0.0,-1.0,396.0,,1230,0,400.0,402.0,395.0
2015-03-15,0.0,-2.44,400.0,,1350,0,410.0,410.0,400.0
2015-03-12,0.0,0.0,410.0,,813,0,410.0,415.0,410.0
2015-03-11,0.0,-1.2,410.0,,3150,0,415.0,419.0,410.0
2015-03-10,0.0,2.98,415.0,,1127,0,403.0,418.0,410.0
2015-03-09,0.0,0.25,403.0,,3683,0,402.0,409.0,400.0
2015-03-04,0.0,0.0,402.0,,450,0,402.0,402.0,400.0
2015-03-03,0.0,-0.49,402.0,,425,0,404.0,404.0,402.0
2015-03-02,0.0,-1.46,404.0,,1146,0,410.0,410.0,400.0
2015-03-01,0.0,3.27,410.0,,2860,0,397.0,410.0,383.0
2015-02-26,0.0,2.01,406.0,,3400,0,398.0,406.0,392.0
2015-02-24,0.0,0.51,398.0,,640,0,396.0,398.0,391.0
2015-02-23,0.0,-1.0,396.0,,1850,0,400.0,400.0,393.0
2015-02-22,0.0,-1.23,400.0,,2793,0,405.0,413.0,400.0
2015-02-19,0.0,0.5,405.0,,8307,0,403.0,421.0,405.0
2015-02-16,0.0,0.5,403.0,,3507,0,401.0,411.0,403.0
2015-02-15,0.0,1.52,401.0,,7798,0,395.0,401.0,391.0
2015-02-12,0.0,-0.5,395.0,,4890,0,397.0,402.0,386.0
2015-02-11,0.0,0.51,397.0,,4136,0,395.0,400.0,392.0
2015-02-10,0.0,1.02,395.0,,2406,0,391.0,395.0,385.0
2015-02-09,0.0,1.56,391.0,,4222,0,385.0,391.0,383.0
2015-02-08,0.0,-1.53,385.0,,3290,0,391.0,397.0,383.0
2015-02-05,0.0,0.0,391.0,,3510,0,391.0,397.0,380.0
2015-02-04,0.0,0.0,391.0,,8356,0,391.0,400.0,391.0
2015-02-03,0.0,0.26,391.0,,1877,0,390.0,393.0,390.0
2015-02-02,0.0,1.3,390.0,,3710,0,385.0,391.0,386.0
2015-02-01,0.0,0.26,385.0,,3261,0,384.0,391.0,384.0
2015-01-29,0.0,1.86,384.0,,8904,0,377.0,388.0,378.0
2015-01-28,0.0,1.34,377.0,,7188,0,372.0,377.0,372.0
2015-01-27,0.0,1.92,372.0,,5922,0,365.0,373.0,365.0
2015-01-26,0.0,-1.62,365.0,,7029,0,371.0,376.0,365.0
2015-01-25,0.0,1.64,371.0,,7097,0,365.0,371.0,359.0
2015-01-22,0.0,1.11,365.0,,8400,0,361.0,372.0,354.0
2015-01-20,0.0,1.98,361.0,,11439,0,354.0,367.0,346.0
2015-01-19,0.0,1.43,354.0,,12544,0,349.0,366.0,349.0
2015-01-18,0.0,-0.29,349.0,,14079,0,350.0,358.0,345.0
2015-01-14,0.0,2.94,350.0,,22886,0,340.0,352.0,340.0
2015-01-13,0.0,7.26,340.0,,9930,0,317.0,342.0,317.0
2015-01-12,0.0,5.67,317.0,,20003,0,300.0,317.0,297.0
2015-01-08,0.0,-2.28,300.0,,2567,0,307.0,310.0,300.0
2015-01-07,0.0,4.07,307.0,,1600,0,295.0,307.0,300.0
2015-01-06,0.0,-1.67,295.0,,690,0,300.0,300.0,295.0
2015-01-05,0.0,1.35,300.0,,2325,0,296.0,300.0,296.0
2015-01-04,0.0,0.68,296.0,,1030,0,294.0,300.0,294.0
2015-01-01,0.0,-0.34,294.0,,320,0,295.0,299.0,294.0
2014-12-31,0.0,-1.01,295.0,,710,0,298.0,295.0,293.0
2014-12-29,0.0,-0.67,298.0,,260,0,300.0,299.0,295.0
2014-12-28,0.0,3.45,300.0,,4549,0,290.0,306.0,295.0
2014-12-24,0.0,1.75,290.0,,170,0,285.0,290.0,290.0
2014-12-23,0.0,0.0,285.0,,1074,0,285.0,285.0,280.0
2014-12-22,0.0,0.0,285.0,,5050,0,285.0,285.0,285.0
2014-12-21,0.0,-1.72,285.0,,170,0,290.0,285.0,285.0
2014-12-18,0.0,-1.69,290.0,,170,0,295.0,290.0,290.0
2014-12-17,0.0,1.03,295.0,,2190,0,292.0,295.0,290.0
2014-12-16,0.0,-1.68,292.0,,120,0,297.0,292.0,292.0
2014-12-15,0.0,-1.98,297.0,,443,0,303.0,297.0,297.0
2014-12-14,0.0,7.07,303.0,,707,0,283.0,303.0,288.0
2014-12-11,0.0,1.8,283.0,,200,0,278.0,283.0,283.0
2014-12-09,0.0,-1.77,278.0,,440,0,283.0,278.0,278.0
2014-12-07,0.0,0.35,283.0,,1833,0,282.0,284.0,277.0
2014-12-04,0.0,-0.35,282.0,,1751,0,283.0,290.0,282.0
2014-12-03,0.0,0.0,283.0,,2666,0,283.0,285.0,280.0
2014-12-02,0.0,-1.05,283.0,,627,0,286.0,284.0,283.0
2014-12-01,0.0,-0.69,286.0,,2250,0,288.0,290.0,285.0
2014-11-30,0.0,2.86,288.0,,2433,0,280.0,288.0,275.0
2014-11-24,0.0,-1.75,280.0,,6980,0,285.0,285.0,280.0
2014-11-23,0.0,2.89,285.0,,1820,0,277.0,285.0,280.0
2014-11-20,0.0,-1.77,277.0,,500,0,282.0,277.0,277.0
2014-11-19,0.0,2.55,282.0,,220,0,275.0,282.0,280.0
2014-11-18,0.0,-5.17,275.0,,671,0,290.0,285.0,275.0
2014-11-17,0.0,0.0,290.0,,973,0,290.0,290.0,285.0
2014-11-16,0.0,-1.36,290.0,,910,0,294.0,291.0,286.0
2014-11-13,0.0,-3.61,294.0,,170,0,305.0,299.0,294.0
2014-11-12,0.0,2.35,305.0,,4673,0,298.0,305.0,300.0
2014-11-11,0.0,-2.61,298.0,,2101,0,306.0,304.0,294.0
2014-11-10,0.0,-1.61,306.0,,773,0,311.0,311.0,305.0
2014-11-09,0.0,-0.64,311.0,,810,0,313.0,311.0,307.0
2014-11-06,0.0,3.99,313.0,,321,0,301.0,313.0,303.0
2014-11-05,0.0,-0.33,301.0,,6349,0,302.0,306.0,294.0
2014-11-04,0.0,-1.95,302.0,,92,0,308.0,302.0,302.0
2014-11-03,0.0,-0.32,308.0,,990,0,309.0,308.0,304.0
2014-11-02,0.0,-3.74,309.0,,150,0,321.0,315.0,309.0
2014-10-30,0.0,0.63,321.0,,969,0,319.0,321.0,314.0
2014-10-28,0.0,0.31,319.0,,2480,0,318.0,325.0,315.0
2014-10-27,0.0,0.0,318.0,,1683,0,318.0,320.0,312.0
2014-10-26,0.0,-2.15,318.0,,1270,0,325.0,324.0,318.0
2014-10-22,0.0,3.17,325.0,,1559,0,315.0,327.0,321.0
2014-10-21,0.0,0.32,315.0,,570,0,314.0,320.0,315.0
2014-10-20,0.0,-2.48,314.0,,1573,0,322.0,320.0,311.0
2014-10-19,0.0,0.31,322.0,,756,0,321.0,327.0,321.0
2014-10-16,0.0,0.31,321.0,,4661,0,320.0,326.0,315.0
2014-10-15,0.0,0.0,320.0,,4750,0,320.0,325.0,314.0
2014-10-14,0.0,0.0,320.0,,6800,0,320.0,328.0,301.0
2014-10-13,0.0,9.97,320.0,,21003,0,291.0,320.0,296.0
2014-10-12,0.0,9.4,291.0,,130,0,266.0,291.0,271.0
2014-10-09,0.0,5.98,266.0,,430,0,251.0,266.0,256.0
2014-10-08,0.0,6.81,251.0,,460,0,235.0,251.0,239.0
2014-09-30,0.0,6.82,235.0,,260,0,220.0,235.0,231.0
2014-09-15,0.0,10.0,220.0,,160,0,200.0,220.0,210.0
2014-09-14,0.0,9.89,200.0,,40,0,182.0,200.0,191.0
2014-09-11,0.0,9.64,182.0,,60,0,166.0,182.0,169.0
2014-09-10,0.0,9.93,166.0,,50,0,151.0,166.0,154.0
2014-09-09,0.0,8.63,151.0,,40,0,139.0,151.0,145.0
2014-09-07,0.0,9.45,139.0,,60,0,127.0,139.0,129.0
2013-02-24,0.0,-1.55,127.0,,240,0,129.0,128.0,127.0
2013-02-21,0.0,-1.53,129.0,,200,0,131.0,129.0,129.0
2013-02-20,0.0,-1.5,131.0,,390,0,133.0,133.0,131.0
2013-02-19,0.0,1.53,133.0,,430,0,131.0,133.0,133.0
2013-02-14,0.0,1.55,131.0,,380,0,129.0,131.0,130.0
2013-02-13,0.0,-0.77,129.0,,450,0,130.0,129.0,129.0
2013-02-12,0.0,0.78,130.0,,100,0,129.0,130.0,130.0
2013-02-07,0.0,0.0,129.0,,440,0,129.0,129.0,127.0
2013-02-06,0.0,1.57,129.0,,1030,0,127.0,130.0,128.0
2013-02-05,0.0,-2.31,127.0,,250,0,130.0,128.0,127.0
2013-02-04,0.0,2.36,130.0,,1340,0,127.0,131.0,127.0
2013-02-03,0.0,0.0,127.0,,780,0,127.0,129.0,127.0
2013-01-31,0.0,1.6,127.0,,620,0,125.0,127.0,127.0
2013-01-30,0.0,0.0,125.0,,1440,0,125.0,125.0,123.0
2013-01-28,0.0,-2.34,125.0,,670,0,128.0,127.0,125.0
2013-01-27,0.0,-1.54,128.0,,3060,0,130.0,132.0,128.0
2013-01-24,0.0,4.0,130.0,,2080,0,125.0,130.0,127.0
2013-01-22,0.0,8.7,125.0,,1280,0,115.0,125.0,117.0
2013-01-20,0.0,0.0,115.0,,320,0,115.0,115.0,115.0
2013-01-16,0.0,0.0,115.0,,690,0,115.0,116.0,115.0
2013-01-10,0.0,-0.86,115.0,,50,0,116.0,115.0,115.0
2013-01-08,0.0,-1.69,116.0,,1690,0,118.0,117.0,116.0
2013-01-06,0.0,0.0,118.0,,60,0,118.0,118.0,118.0
2013-01-03,0.0,0.0,118.0,,50,0,118.0,118.0,118.0
2013-01-01,0.0,-1.67,118.0,,80,0,120.0,118.0,118.0
2012-12-31,0.0,-1.64,120.0,,1010,0,122.0,121.0,120.0
2012-12-24,0.0,1.67,122.0,,200,0,120.0,122.0,122.0
2012-12-20,0.0,3.45,120.0,,160,0,116.0,120.0,118.0
2012-12-19,0.0,0.0,116.0,,50,0,116.0,116.0,116.0
2012-12-18,0.0,-0.85,116.0,,430,0,117.0,116.0,116.0
2012-12-17,0.0,0.0,117.0,,120,0,117.0,117.0,117.0
2012-12-13,0.0,-0.85,117.0,,360,0,118.0,117.0,117.0
2012-12-11,0.0,1.72,118.0,,910,0,116.0,118.0,114.0
2012-12-10,0.0,0.0,116.0,,200,0,116.0,118.0,116.0
2012-12-09,0.0,-1.69,116.0,,1430,0,118.0,118.0,116.0
2012-12-06,0.0,0.85,118.0,,1180,0,117.0,119.0,117.0
2012-12-05,0.0,-0.85,117.0,,730,0,118.0,118.0,117.0
2012-12-04,0.0,1.72,118.0,,310,0,116.0,118.0,116.0
2012-12-03,0.0,-0.85,116.0,,80,0,117.0,116.0,116.0
2012-11-29,0.0,-1.68,117.0,,750,0,119.0,117.0,117.0
2012-11-28,0.0,1.71,119.0,,520,0,117.0,119.0,119.0
2012-11-27,0.0,0.86,117.0,,2530,0,116.0,117.0,117.0
2012-11-26,0.0,0.0,116.0,,5040,0,116.0,118.0,116.0
2012-11-25,0.0,-7.94,116.0,,660,0,126.0,124.0,116.0
2012-11-22,0.0,-3.08,126.0,,470,0,130.0,128.0,126.0
2012-11-21,0.0,1.56,130.0,,720,0,128.0,130.0,130.0
2012-11-07,0.0,0.0,128.0,,220,0,128.0,129.0,128.0
2012-11-06,0.0,3.23,128.0,,490,0,124.0,128.0,125.0
2012-11-05,0.0,3.33,124.0,,1440,0,120.0,124.0,122.0
2012-11-04,0.0,0.0,120.0,,660,0,120.0,122.0,118.0
2012-11-01,0.0,-1.64,120.0,,550,0,122.0,121.0,119.0
2012-10-31,0.0,2.52,122.0,,760,0,119.0,122.0,120.0
2012-10-30,0.0,-0.83,119.0,,780,0,120.0,119.0,118.0
2012-10-18,0.0,1.69,120.0,,1090,0,118.0,120.0,118.0
2012-10-15,0.0,6.31,118.0,,820,0,111.0,118.0,112.0
2012-10-14,0.0,-2.63,111.0,,2020,0,114.0,113.0,111.0
2012-10-11,0.0,1.79,114.0,,50,0,112.0,114.0,114.0
2012-10-10,0.0,0.0,112.0,,390,0,112.0,114.0,112.0
2012-10-09,0.0,-1.75,112.0,,2770,0,114.0,113.0,111.0
2012-10-08,0.0,1.79,114.0,,2710,0,112.0,114.0,110.0
2012-10-07,0.0,0.9,112.0,,3980,0,111.0,113.0,106.0
2012-10-04,0.0,-0.89,111.0,,4670,0,112.0,113.0,106.0
2012-10-03,0.0,-9.68,112.0,,4850,0,124.0,122.0,112.0
2012-10-02,0.0,-9.49,124.0,,200,0,137.0,135.0,124.0
2012-09-27,0.0,-4.2,137.0,,60,0,143.0,141.0,137.0
2012-09-26,0.0,-2.72,143.0,,70,0,147.0,145.0,143.0
2012-09-25,0.0,-5.16,147.0,,30,0,155.0,152.0,147.0
2012-09-09,0.0,-9.88,155.0,,60,0,172.0,169.0,155.0
2012-08-26,0.0,-4.97,172.0,,110,0,181.0,172.0,172.0
2012-08-19,0.0,-4.74,181.0,,1320,0,190.0,181.0,181.0
2012-08-12,0.0,-1.55,190.0,,500,0,193.0,190.0,190.0
2012-07-26,0.0,-1.53,193.0,,20,0,196.0,193.0,193.0
2012-07-17,0.0,-2.0,196.0,,270,0,200.0,196.0,196.0
2012-07-16,0.0,-1.96,200.0,,70,0,204.0,200.0,200.0
2012-07-12,0.0,-4.67,204.0,,50,0,214.0,204.0,204.0
2012-07-10,0.0,-4.89,214.0,,50,0,225.0,214.0,214.0
2012-05-29,0.0,-3.02,225.0,,1240,0,232.0,225.0,225.0
2012-05-20,0.0,-4.92,232.0,,1240,0,244.0,232.0,232.0
2012-05-07,0.0,-1.61,244.0,,20,0,248.0,244.0,244.0
2012-04-30,0.0,-3.88,248.0,,270,0,258.0,253.0,248.0
2012-04-01,0.0,-1.9,258.0,,170,0,263.0,258.0,258.0
2012-01-18,0.0,-3.66,263.0,,180,0,273.0,268.0,263.0
