DATE,CHANGE,CHANGE %,CLOSE,TURNOVER,VOLUME,TRADE,OPEN,HIGH,LOW
2026-05-08,5.0,0.61,822.0,70.1,8547,76,825.9,825.9,815.0
2026-05-07,-1.9,-0.23,817.0,49.01,5988,65,815.0,822.9,815.0
2026-05-06,5.4,0.66,818.9,34.89,4300,58,810.0,819.0,809.0
2026-05-05,3.5,0.43,813.5,20.13,2475,52,801.2,820.0,801.1
2026-05-04,0.0,0.0,810.0,60.63,7409,78,850.0,850.0,808.1
2026-04-30,-5.0,-0.61,810.0,18.35,2270,64,816.0,818.0,805.0
2026-04-29,1.1,0.14,815.0,35.52,4355,83,810.0,818.0,810.0
2026-04-28,0.7,0.09,813.9,33.36,4097,85,813.2,818.9,810.5
2026-04-27,3.2,0.4,813.2,34.25,4207,66,845.0,845.0,808.0
2026-04-24,-10.0,-1.22,810.0,13.14,1618,52,861.0,861.0,806.0
2026-04-23,-2.2,-0.27,820.0,96.28,11877,91,815.0,825.0,805.5
2026-04-22,1.7,0.21,822.2,36.63,4486,84,810.5,827.5,810.0
2026-04-21,-5.5,-0.67,820.5,72.1,8808,113,826.0,832.0,815.0
2026-04-20,-3.0,-0.36,826.0,19.1,2313,53,829.0,849.0,824.0
2026-04-17,-6.9,-0.83,829.0,31.7,3835,81,830.0,830.0,823.0
2026-04-16,-4.1,-0.49,835.9,38.9,4692,79,827.0,838.0,826.4
2026-04-15,7.8,0.94,840.0,42.3,5057,109,848.0,848.0,834.0
2026-04-13,1.2,0.14,832.2,33.63,4029,89,816.3,847.0,816.3
2026-04-10,-9.0,-1.07,831.0,42.96,5150,87,830.0,840.0,825.1
2026-04-09,10.1,1.22,840.0,59.06,7085,98,829.0,842.9,822.0
2026-04-08,8.7,1.06,829.9,64.07,7760,113,822.0,832.5,818.0
2026-04-07,-6.8,-0.82,821.2,40.42,4905,104,820.5,835.9,820.5
2026-04-06,25.9,3.23,828.0,,15152,151,810.0,835.0,806.6
2026-04-05,-20.9,-2.54,802.1,,17573,167,812.0,817.0,800.0
2026-04-02,-5.9,-0.71,823.0,65.17,7908,119,815.0,829.0,815.0
2026-04-01,-14.1,-1.67,828.9,,14219,142,831.2,840.0,815.0
2026-03-31,1.0,0.12,843.0,59.26,7071,131,842.0,846.9,833.0
2026-03-30,-11.9,-1.39,842.0,,12281,165,852.0,858.0,841.0
2026-03-29,-20.1,-2.3,853.9,,26775,200,891.4,891.4,850.0
2026-03-26,2.0,0.23,874.0,,14507,186,888.0,888.0,868.3
2026-03-25,-13.0,-1.47,872.0,,11617,142,890.0,895.0,868.0
2026-03-24,3.0,0.34,885.0,,22420,207,895.0,912.9,885.0
2026-03-23,-2.0,-0.23,882.0,,15106,174,896.0,896.0,879.0
2026-03-22,25.0,2.91,884.0,,64658,443,876.1,901.0,850.1
2026-03-19,20.3,2.42,859.0,,18156,196,850.0,862.0,843.2
2026-03-17,-17.5,-2.04,838.7,,17214,126,853.1,856.0,838.6
2026-03-16,-12.8,-1.47,856.2,96.98,11296,141,856.1,873.0,856.1
2026-03-15,5.0,0.58,869.0,65.74,7589,92,871.0,872.0,855.2
2026-03-12,2.9,0.34,864.0,45.04,5211,83,846.2,872.0,846.2
2026-03-11,-25.4,-2.87,861.1,72.38,8365,89,869.0,890.0,852.4
2026-03-10,-4.6,-0.52,886.5,,19353,191,890.0,897.0,850.0
2026-03-09,51.2,6.1,891.1,2.06,240,6,856.6,891.1,856.6
2026-03-03,20.9,2.55,839.9,99.94,12082,86,818.0,839.9,818.0
2026-03-01,2.4,0.29,819.0,40.14,4910,61,816.6,820.0,812.0
2026-02-26,-0.4,-0.05,816.6,26.95,3295,52,824.8,824.8,815.7
2026-02-25,4.0,0.49,817.0,11.33,1391,32,813.0,819.0,812.0
2026-02-24,3.0,0.37,813.0,17.69,2180,30,806.0,813.8,806.0
2026-02-23,-3.9,-0.48,810.0,18.03,2227,39,828.8,828.8,805.5
2026-02-22,-3.1,-0.38,813.9,46.95,5824,70,810.0,813.9,800.0
2026-02-17,-6.0,-0.73,817.0,,16586,99,823.0,823.0,810.0
2026-02-16,-1.0,-0.12,823.0,16.13,1965,46,824.0,836.0,815.0
2026-02-12,5.7,0.7,824.0,65.31,7968,72,818.3,825.0,815.0
2026-02-11,4.8,0.59,818.3,45.38,5555,38,824.9,824.9,813.0
2026-02-10,-6.4,-0.78,813.5,54.12,6651,73,819.0,820.0,812.7
2026-02-09,-4.0,-0.49,819.9,93.79,11475,79,820.0,831.8,815.5
2026-02-08,0.9,0.11,823.9,,13072,132,834.0,834.0,818.0
2026-02-05,0.0,0.0,823.0,58.88,7126,88,823.0,830.0,818.3
2026-02-04,1.0,0.12,823.0,26.77,3252,62,825.0,833.0,821.0
2026-02-03,-6.8,-0.82,822.0,72.26,8756,115,838.8,838.8,818.5
2026-02-02,-1.2,-0.14,828.8,81.85,9893,124,842.0,846.5,821.1
2026-02-01,-8.0,-0.95,830.0,40.75,4926,97,830.0,835.0,823.1
2026-01-29,3.0,0.36,838.0,86.0,10337,93,850.0,850.0,828.0
2026-01-28,-11.0,-1.3,835.0,28.34,3394,68,833.1,849.7,833.1
2026-01-27,-6.0,-0.7,846.0,98.21,11669,139,840.0,856.0,830.0
2026-01-26,-2.0,-0.23,852.0,,12931,129,865.0,865.0,848.1
2026-01-25,17.4,2.08,854.0,,23616,156,833.0,857.8,833.0
2026-01-22,-8.4,-0.99,836.6,37.34,4459,83,846.0,849.0,832.6
2026-01-21,-3.0,-0.35,845.0,,13025,131,835.1,857.9,835.1
2026-01-20,8.5,1.01,848.0,,14202,133,844.8,852.0,840.0
2026-01-18,22.4,2.74,839.5,72.33,8658,112,827.9,840.0,822.1
2026-01-14,-1.4,-0.17,817.1,50.76,6207,100,819.9,820.0,815.1
2026-01-13,-6.4,-0.78,818.5,41.35,5041,94,821.0,825.0,818.2
2026-01-12,-0.3,-0.04,824.9,27.91,3388,85,824.0,835.8,820.8
2026-01-08,2.0,0.24,825.2,60.19,7262,85,824.0,837.0,823.2
2026-01-07,-3.2,-0.39,823.2,23.69,2874,69,838.0,838.0,822.5
2026-01-06,-8.4,-1.01,826.4,51.35,6170,102,840.0,847.0,826.0
2026-01-05,-7.2,-0.86,834.8,95.71,11561,165,840.0,840.0,815.0
2026-01-04,13.99,1.69,842.0,93.52,11203,177,843.5,844.0,828.1
2026-01-01,-1.6,-0.17,946.0,,44479,489,950.0,951.0,939.0
2025-12-31,16.1,1.73,947.6,,27236,217,948.4,949.9,935.0
2025-12-29,-21.5,-2.26,931.5,,25168,237,959.0,959.0,931.5
2025-12-28,33.0,3.59,953.0,,61429,497,938.4,960.0,920.0
2025-12-24,0.0,0.0,920.0,,13668,112,920.0,935.0,920.0
2025-12-23,-4.9,-0.53,920.0,80.77,8804,96,936.0,936.0,914.0
2025-12-22,0.9,0.1,924.9,94.56,10268,124,940.0,940.0,915.1
2025-12-21,-6.0,-0.65,924.0,,26736,279,930.0,944.9,920.1
2025-12-18,-5.5,-0.59,930.0,,18595,162,917.2,932.9,912.0
2025-12-17,7.5,0.81,935.5,,19044,144,928.0,936.0,910.0
2025-12-16,28.0,3.11,928.0,,17223,183,900.0,928.0,896.3
2025-12-15,4.9,0.55,900.0,,13198,106,890.0,900.0,885.0
2025-12-14,-2.9,-0.32,895.1,72.74,8121,69,891.0,901.0,891.0
2025-12-11,-5.0,-0.55,898.0,40.55,4507,51,890.0,905.0,890.0
2025-12-10,0.9,0.1,903.0,80.67,8932,67,903.0,909.0,900.0
2025-12-09,-1.6,-0.18,902.1,45.36,5024,62,900.6,908.7,900.6
2025-12-08,2.5,0.28,903.7,92.01,10136,116,906.1,915.0,902.3
2025-12-07,-7.8,-0.86,901.2,47.0,5188,65,910.0,919.0,901.2
2025-12-03,-1.5,-0.16,909.0,67.49,7374,75,928.7,928.7,909.0
2025-12-02,1.5,0.17,910.5,71.3,7803,63,908.0,924.0,908.0
2025-12-01,7.4,0.82,909.0,,18000,134,902.1,925.0,900.0
2025-11-30,-24.4,-2.63,901.6,,12853,114,914.2,920.0,901.6
2025-11-27,-16.0,-1.7,926.0,74.76,8098,93,960.6,960.6,911.4
2025-11-26,22.0,2.39,942.0,,14834,174,920.0,949.9,916.1
2025-11-25,30.1,3.38,920.0,,26036,250,872.6,920.0,872.6
2025-11-24,19.9,2.29,889.9,76.83,8747,103,853.0,890.0,853.0
2025-11-23,19.0,2.23,870.0,49.53,5706,81,861.9,878.0,853.0
2025-11-20,3.9,0.46,851.0,40.91,4808,72,846.0,857.0,846.0
2025-11-19,-9.9,-1.16,847.1,52.99,6202,62,855.0,869.0,847.1
2025-11-18,17.0,2.02,857.0,46.06,5367,76,840.0,866.0,840.0
2025-11-17,5.0,0.6,840.0,27.77,3328,61,835.0,845.0,830.0
2025-11-16,-3.2,-0.38,835.0,27.18,3260,43,845.0,845.0,830.0
2025-11-13,-5.9,-0.7,838.2,21.96,2611,65,844.1,850.0,837.0
2025-11-12,3.1,0.37,844.1,42.0,4968,79,843.0,851.0,843.0
2025-11-11,1.0,0.12,841.0,12.64,1510,41,833.1,850.0,833.0
2025-11-10,-9.0,-1.06,840.0,47.54,5637,57,836.0,852.6,836.0
2025-11-09,-1.0,-0.12,849.0,66.02,7858,81,850.0,856.5,833.0
2025-11-06,-19.0,-2.19,850.0,98.65,11480,102,886.3,886.3,850.0
2025-11-05,5.1,0.59,869.0,53.48,6224,66,875.0,875.0,847.0
2025-11-04,-11.1,-1.27,863.9,80.49,9327,90,886.9,886.9,850.2
2025-11-03,-4.0,-0.46,875.0,58.04,6612,84,866.0,891.0,866.0
2025-11-02,-5.7,-0.64,879.0,89.2,10095,87,884.0,899.0,870.0
2025-10-30,15.8,1.82,884.7,98.76,11282,76,870.0,885.0,857.1
2025-10-29,-18.1,-2.04,868.9,57.59,6641,104,887.0,891.0,858.0
2025-10-28,57.3,6.91,887.0,,17958,131,839.9,903.0,817.0
2025-10-26,1.7,0.21,829.7,23.67,2879,39,816.0,834.0,816.0
2025-10-19,12.0,1.47,828.0,12.32,1496,34,802.2,828.0,802.1
2025-10-16,0.0,0.0,816.0,59.41,7345,95,826.0,826.0,800.2
2025-10-15,-0.2,-0.02,816.0,48.63,5933,72,799.9,832.1,799.9
2025-10-14,-40.6,-4.74,816.2,92.78,11083,92,845.0,851.6,816.2
2025-10-13,16.8,2.0,856.8,68.53,8202,102,829.0,856.8,825.0
2025-10-12,-38.0,-4.33,840.0,,24023,195,863.0,868.1,820.2
2025-10-09,6.5,0.75,878.0,,12239,119,888.9,906.8,865.0
2025-10-08,-15.5,-1.75,871.5,,16924,118,904.0,904.0,859.5
2025-10-07,-32.0,-3.48,887.0,47.39,5284,91,912.0,912.0,887.0
2025-09-28,-3.0,-0.33,919.0,23.71,2586,51,922.0,927.5,913.0
2025-09-25,9.1,1.0,922.0,42.65,4667,88,913.0,925.0,900.1
2025-09-24,-10.1,-1.09,912.9,60.91,6699,78,911.0,916.9,906.0
2025-09-23,19.67,2.18,923.0,59.41,6459,83,905.0,930.0,903.0
2025-09-21,45.83,5.34,903.33,99.14,11194,179,860.0,908.0,846.1
2025-09-18,-52.88,-5.81,857.5,1.22,140,6,892.2,892.2,857.5
2025-09-08,-20.15,-2.17,910.38,,14640,118,912.0,935.0,905.0
2025-09-07,-3.57,-0.38,930.53,30.8,3308,57,945.0,945.0,925.1
2025-09-04,-10.34,-1.09,934.1,,16953,177,936.1,947.0,921.0
2025-09-03,-6.14,-0.65,944.44,47.21,4994,91,940.0,955.0,940.0
2025-09-02,-2.03,-0.21,950.58,28.25,2972,88,952.61,955.0,941.0
2025-09-01,-2.05,-0.21,952.61,83.98,8813,103,960.0,960.0,950.2
2025-08-31,-12.8,-1.32,954.66,45.7,4770,92,958.3,968.0,953.3
2025-08-28,-16.53,-1.68,967.46,,11088,102,976.0,990.0,965.0
2025-08-27,12.98,1.34,983.99,,14539,155,971.01,989.9,970.2
2025-08-26,-11.42,-1.16,971.01,41.54,4272,92,983.0,983.0,970.0
2025-08-25,17.45,1.81,982.43,,18858,259,984.2,998.0,957.1
2025-08-24,12.0,1.26,964.98,53.73,5593,97,966.0,969.5,953.1
2025-08-21,-7.84,-0.82,952.98,,16741,182,947.3,966.2,946.2
2025-08-20,-13.35,-1.37,960.82,93.41,9684,111,974.17,980.0,960.0
2025-08-19,2.35,0.24,974.17,74.7,7629,145,970.0,990.0,968.3
2025-08-18,5.21,0.54,971.82,85.5,8813,147,957.0,975.5,956.0
2025-08-17,-27.7,-2.79,966.61,,18727,251,994.31,995.0,960.1
2025-08-14,-0.67,-0.07,994.31,71.02,7132,137,984.0,1003.9,984.0
2025-08-13,-5.77,-0.58,994.98,,19673,192,987.1,1010.0,987.1
2025-08-12,-22.02,-2.15,1000.75,,26551,320,1032.0,1032.0,992.0
2025-08-11,-36.02,-3.4,1022.77,,22104,317,1050.0,1064.0,1022.0
2025-08-07,4.23,0.4,1058.79,,28561,417,1033.5,1069.0,1033.5
2025-08-06,17.41,1.68,1054.56,,16673,201,1028.0,1076.0,1025.1
2025-08-05,-11.74,-1.12,1037.15,,19860,233,1068.0,1068.0,1030.0
2025-08-04,-1.22,-0.12,1048.89,,41548,374,1049.9,1069.0,1020.2
2025-08-03,-48.42,-4.41,1050.11,,29854,339,1077.0,1099.0,1046.0
2025-07-31,14.6,1.35,1098.53,,76054,476,1105.0,1116.0,1085.0
2025-07-30,-60.2,-5.26,1083.93,,54622,532,1155.0,1155.0,1080.0
2025-07-29,39.34,3.56,1144.13,,73724,561,1126.0,1149.2,1113.1
2025-07-28,33.02,3.08,1104.79,,63772,504,1069.9,1129.0,1055.1
2025-07-27,1.33,0.12,1071.77,,57270,349,1085.0,1095.0,1070.0
2025-07-24,-2.3,-0.21,1070.44,,41797,291,1080.0,1086.0,1066.5
2025-07-23,-0.43,-0.04,1072.74,,53817,392,1053.4,1089.0,1053.4
2025-07-22,38.35,3.71,1073.17,,63250,488,1047.0,1082.0,1047.0
2025-07-21,7.48,0.73,1034.82,,54824,407,1011.0,1047.0,1005.0
2025-07-20,-2.63,-0.26,1027.34,,56745,462,1050.5,1054.0,1010.2
2025-07-17,8.94,0.88,1029.97,,32697,307,1025.0,1046.0,1015.0
2025-07-16,19.95,1.99,1021.03,,42751,350,1000.0,1035.0,991.0
2025-07-15,29.42,3.03,1001.08,,47231,339,990.0,1005.0,970.9
2025-07-14,-5.4,-0.55,971.66,,23435,256,979.0,980.0,961.6
2025-07-13,57.83,6.29,977.06,,72019,609,937.6,991.0,937.6
2025-07-10,10.3,1.13,919.23,,22682,172,910.1,929.0,910.1
2025-07-09,2.85,0.31,908.93,61.77,6814,90,896.0,910.0,896.0
2025-07-08,-2.41,-0.27,906.08,50.18,5565,84,910.0,910.0,892.1
2025-07-07,-11.6,-1.26,908.49,93.56,10233,127,927.0,927.0,907.0
2025-07-06,15.41,1.7,920.09,,13483,207,890.0,925.0,890.0
2025-07-03,-2.87,-0.32,904.68,71.85,7968,105,914.5,914.5,894.0
2025-07-02,6.46,0.72,907.55,,19838,184,910.0,915.0,885.0
2025-07-01,15.97,1.8,901.09,,14019,163,890.0,902.8,886.5
2025-06-30,10.25,1.17,885.12,70.9,8021,113,888.0,890.0,880.0
2025-06-29,13.79,1.6,874.87,95.5,10963,141,860.0,878.0,860.0
2025-06-26,11.08,1.3,861.08,63.57,7371,77,851.0,869.0,851.0
2025-06-25,-1.38,-0.16,850.0,20.42,2401,68,842.0,855.0,842.0
2025-06-24,7.21,0.85,851.38,24.69,2893,52,840.2,878.0,840.2
2025-06-23,-2.47,-0.29,844.17,24.81,2933,53,850.0,854.0,842.0
2025-06-22,-8.99,-1.05,846.64,52.16,6163,102,855.0,859.9,842.1
2025-06-19,-16.91,-1.94,855.63,47.89,5584,97,856.0,870.0,855.0
2025-06-18,-8.31,-0.94,872.54,45.2,5173,72,872.0,889.3,871.0
2025-06-17,16.95,1.96,880.85,,18326,186,852.0,898.0,852.0
2025-06-16,16.22,1.91,863.9,,12291,122,860.0,864.6,847.0
2025-06-15,-6.06,-0.71,847.68,94.67,11146,100,864.0,865.0,842.0
2025-06-12,-6.79,-0.79,853.74,46.66,5458,96,870.0,877.0,852.0
2025-06-11,-17.07,-1.95,860.53,48.0,5555,80,877.6,887.0,857.2
2025-06-10,7.73,0.89,877.6,44.28,5083,79,861.0,880.0,860.1
2025-06-09,-2.52,-0.29,869.87,27.79,3177,76,872.4,885.9,866.0
2025-06-08,-11.35,-1.28,872.39,82.6,9541,130,883.0,883.0,855.6
2025-06-05,-4.37,-0.49,883.74,57.93,6538,109,875.8,905.0,875.8
2025-06-04,2.15,0.24,888.11,59.49,6704,104,877.1,903.0,873.1
2025-06-03,-15.86,-1.76,885.96,70.92,7992,126,890.0,900.0,882.0
2025-06-02,3.03,0.34,901.82,86.02,9410,143,904.0,925.0,898.0
2025-05-28,2.19,0.24,898.79,86.62,9693,110,896.6,909.0,881.0
2025-05-27,-7.54,-0.83,896.6,,15072,139,913.0,913.0,891.5
2025-05-26,-26.84,-2.88,904.14,,26523,236,949.0,949.5,902.0
2025-05-25,27.79,3.08,930.98,,49840,351,903.0,940.0,900.0
2025-05-22,27.23,3.11,903.19,,35021,330,893.4,911.0,883.1
2025-05-21,11.01,1.27,875.96,,28264,223,882.2,898.0,866.0
2025-05-20,22.76,2.7,864.95,59.53,6942,127,830.0,881.0,830.0
2025-05-19,8.8,1.06,842.19,50.01,5893,91,840.1,856.8,840.1
2025-05-18,6.73,0.81,833.39,96.01,11566,143,816.2,851.7,816.2
2025-05-15,-9.9,-1.18,826.66,54.65,6579,117,826.0,843.0,825.0
2025-05-14,-12.1,-1.43,836.56,26.49,3157,107,835.0,845.0,835.0
2025-05-13,-10.35,-1.2,848.66,46.55,5498,97,841.9,860.0,835.1
2025-05-11,-6.48,-0.75,859.01,82.48,9545,91,871.1,873.0,854.0
2025-05-08,12.48,1.46,865.49,,16035,124,853.0,874.0,845.6
2025-05-07,37.69,4.62,853.01,73.41,8877,126,803.0,859.9,803.0
2025-05-06,13.02,1.62,815.32,65.66,8120,91,794.0,818.3,794.0
2025-05-05,-10.7,-1.32,802.3,36.98,4548,55,825.0,825.0,801.0
2025-05-04,15.14,1.9,813.0,33.0,4124,94,803.0,813.8,790.1
2025-04-30,7.81,0.99,797.86,88.97,11263,93,798.0,800.0,780.0
2025-04-29,-13.53,-1.68,790.05,54.05,6846,102,794.0,794.0,788.1
2025-04-28,-26.42,-3.18,803.58,96.87,11962,107,825.0,838.0,790.1
2025-04-27,-8.08,-0.96,830.0,45.04,5405,80,845.0,850.0,827.1
2025-04-24,-7.95,-0.94,838.08,44.89,5352,130,862.8,862.8,830.0
2025-04-23,-14.82,-1.52,960.24,,24481,396,994.5,994.5,955.5
2025-04-22,7.0,0.72,975.06,,21115,490,979.9,980.0,949.0
2025-04-21,-15.21,-1.55,968.06,,12518,137,980.0,989.0,965.1
2025-04-20,-5.37,-0.54,983.27,64.53,6550,170,999.9,1000.0,972.0
2025-04-17,11.56,1.18,988.64,,17193,222,980.0,998.3,971.1
2025-04-16,11.1,1.15,977.08,92.94,9511,197,968.0,985.2,966.0
2025-04-15,5.88,0.61,965.98,55.01,5747,132,960.0,972.0,942.0
2025-04-13,-9.34,-0.96,960.1,26.83,2798,105,965.0,969.0,954.2
2025-04-10,-0.95,-0.1,969.44,71.64,7350,138,984.0,985.0,964.5
2025-04-09,11.52,1.2,970.39,,10385,173,957.0,981.0,955.0
2025-04-08,3.19,0.33,958.87,48.59,5094,190,941.0,960.5,941.0
2025-04-07,-15.97,-1.64,955.68,80.75,8410,168,960.1,970.0,953.0
2025-04-03,-0.99,-0.1,971.65,86.26,8894,172,958.0,980.0,958.0
2025-04-02,1.46,0.15,972.64,,10517,146,965.5,990.0,965.1
2025-04-01,-13.85,-1.41,971.18,91.58,9431,211,967.1,987.0,966.0
2025-03-30,-15.16,-1.52,985.03,,13854,306,1001.0,1005.0,980.0
2025-03-27,13.23,1.34,1000.19,,12823,269,970.1,1003.0,958.5
2025-03-26,24.52,2.55,986.96,,13379,254,943.8,994.2,943.8
2025-03-25,-19.71,-2.01,962.44,,24039,343,962.6,1053.0,947.5
2025-03-24,24.05,2.51,982.15,80.83,8317,339,958.0,1002.0,943.5
2025-03-23,1.18,0.12,958.1,,17542,659,957.0,961.0,938.1
2025-03-20,-3.08,-0.32,956.92,73.64,7705,87,960.0,968.0,950.0
2025-03-19,-2.2,-0.23,960.0,63.41,6603,92,980.0,980.0,952.6
2025-03-18,-11.7,-1.2,962.2,42.32,4383,76,963.0,982.5,961.0
2025-03-17,6.9,0.71,973.9,57.77,5982,83,963.2,976.0,960.0
2025-03-16,-14.0,-1.43,967.0,88.47,9080,95,1000.0,1000.0,962.0
2025-03-12,-9.9,-1.0,981.0,90.94,9247,94,990.0,994.8,980.0
2025-03-11,0.9,0.09,990.9,,17551,143,1000.0,1000.0,970.2
2025-03-10,-7.0,-0.7,990.0,,12443,114,990.2,1003.0,990.0
2025-03-09,-15.3,-1.51,997.0,,18049,144,1026.5,1026.5,996.1
2025-03-06,2.3,0.23,1012.3,,36338,351,1030.0,1049.0,1012.0
2025-03-05,17.5,1.76,1010.0,,34530,207,1009.0,1013.0,990.0
2025-03-04,-8.6,-0.86,992.5,,27758,161,1005.0,1018.8,990.0
2025-03-03,-23.9,-2.33,1001.1,,23504,200,1014.0,1028.0,1000.0
2025-03-02,-2.0,-0.19,1025.0,,53950,309,1047.0,1047.0,1005.1
2025-02-27,5.4,0.53,1027.0,,27525,165,1021.6,1060.0,1021.6
2025-02-25,-39.4,-3.71,1021.6,,46533,234,1040.0,1053.0,1021.5
2025-02-24,7.0,0.66,1061.0,,138265,848,1034.0,1159.4,1033.0
2025-02-23,46.9,4.66,1054.0,,64541,501,987.1,1077.0,987.1
2025-02-20,-19.4,-1.89,1007.1,,21637,149,1030.0,1030.0,1007.1
2025-02-18,-28.5,-2.7,1026.5,,42007,361,1060.0,1061.0,1020.0
2025-02-17,5.0,0.48,1055.0,,50001,395,1029.0,1075.0,1029.0
2025-02-16,36.8,3.63,1050.0,,50385,413,1033.4,1060.0,1020.2
2025-02-13,54.2,5.65,1013.2,,71517,596,956.0,1033.4,956.0
2025-02-12,5.0,0.52,959.0,73.68,7705,69,971.0,971.0,954.0
2025-02-11,-6.1,-0.64,954.0,72.81,7564,82,970.0,989.0,953.0
2025-02-10,-10.3,-1.06,960.1,,11039,103,975.1,980.0,960.1
2025-02-09,-9.6,-0.98,970.4,54.78,5618,55,970.0,982.0,970.0
2025-02-06,-8.0,-0.81,980.0,,14607,126,988.0,992.0,975.2
2025-02-05,6.0,0.61,988.0,61.38,6225,74,990.0,993.0,976.0
2025-02-04,7.0,0.72,982.0,,12106,315,975.0,995.0,972.1
2025-02-03,-17.9,-1.8,975.0,,13883,131,998.0,1000.0,963.0
2025-02-02,57.9,6.19,992.9,,22807,177,953.0,995.0,950.0
2025-01-28,-15.8,-1.66,935.0,65.86,7011,63,968.0,968.0,930.0
2025-01-27,24.3,2.62,950.8,,16701,122,943.8,957.8,928.0
2025-01-26,6.5,0.71,926.5,87.3,9354,122,920.0,940.0,920.0
2025-01-23,-4.0,-0.43,920.0,23.54,2559,36,924.0,925.0,915.0
2025-01-22,17.0,1.87,924.0,52.92,5754,53,900.0,925.0,900.0
2025-01-21,2.9,0.32,907.0,73.45,8168,64,908.0,913.0,892.1
2025-01-20,7.7,0.86,904.1,61.0,6732,66,884.1,946.0,884.1
2025-01-19,-3.6,-0.4,896.4,65.92,7341,67,911.0,914.0,890.1
2025-01-16,2.0,0.22,900.0,,15580,100,881.0,923.0,881.0
2025-01-15,-11.0,-1.21,898.0,51.48,5744,52,903.5,908.9,891.0
2025-01-13,-9.2,-1.0,909.0,44.47,4913,55,911.0,927.0,895.0
2025-01-12,-19.3,-2.06,918.2,27.43,2993,51,920.2,922.7,910.0
2025-01-09,-8.5,-0.9,937.5,79.91,8504,58,930.4,950.5,928.0
2025-01-08,20.9,2.26,946.0,,19223,133,943.0,975.0,941.0
2025-01-07,20.1,2.22,925.1,,12733,109,902.0,945.0,902.0
2025-01-06,20.0,2.26,905.0,61.23,6767,62,885.1,937.0,885.1
2025-01-05,-0.1,-0.01,885.0,39.97,4495,41,900.0,902.8,882.1
2025-01-02,-13.9,-1.55,885.1,31.13,3501,39,888.2,913.0,882.1
2025-01-01,-7.0,-0.77,899.0,40.11,4475,38,920.0,920.0,891.0
2024-12-31,-4.0,-0.44,906.0,62.67,6966,61,928.0,928.0,892.2
2024-12-29,21.0,2.36,910.0,,15506,135,875.4,925.1,875.4
2024-12-26,-1.1,-0.12,889.0,49.98,5659,57,895.0,895.0,877.5
2024-12-24,3.1,0.35,890.1,22.75,2546,38,904.5,904.5,890.0
2024-12-23,-5.9,-0.66,887.0,59.09,6628,51,909.9,909.9,882.1
2024-12-22,-8.3,-0.92,892.9,33.79,3777,38,900.0,918.0,886.6
2024-12-19,-13.8,-1.51,901.2,74.77,8274,71,910.8,925.0,900.1
2024-12-18,3.0,0.33,915.0,39.19,4242,35,930.0,934.0,912.6
2024-12-17,2.0,0.22,912.0,43.84,4795,63,906.0,946.0,900.4
2024-12-16,-29.9,-3.18,910.0,94.89,10350,83,939.9,958.0,910.0
2024-12-12,-10.1,-1.06,939.9,,16562,86,950.1,964.5,932.6
2024-12-11,16.0,1.71,950.0,37.74,3974,48,952.6,959.0,940.3
2024-12-10,-23.5,-2.45,934.0,,20300,88,976.0,976.0,934.0
2024-12-09,-9.5,-0.98,957.5,91.53,9458,57,984.9,986.0,957.5
2024-12-08,-12.0,-1.23,967.0,,19675,115,993.0,994.0,961.1
2024-12-05,9.1,0.94,979.0,,12862,98,959.0,979.0,959.0
2024-12-04,2.9,0.3,969.9,57.17,5892,62,986.0,986.3,964.1
2024-12-03,-3.0,-0.31,967.0,78.51,8085,72,988.0,988.0,965.1
2024-12-02,-3.5,-0.36,970.0,90.74,9340,90,958.0,979.0,958.0
2024-12-01,-5.8,-0.59,973.5,50.94,5243,58,980.0,986.0,968.1
2024-11-28,-8.7,-0.88,979.3,,14021,97,990.0,992.1,977.6
2024-11-27,10.2,1.04,988.0,,21922,202,993.0,999.8,980.0
2024-11-26,6.0,0.62,977.8,,14795,100,972.0,991.0,965.0
2024-11-25,2.8,0.29,971.8,,16559,90,979.0,982.0,960.0
2024-11-24,5.9,0.61,969.0,,16059,108,982.0,982.0,963.1
2024-11-21,-5.4,-0.56,963.1,96.71,9946,107,953.0,984.0,953.0
2024-11-20,8.0,0.83,968.5,,10444,75,979.7,979.7,960.5
2024-11-19,-21.7,-2.21,960.5,,21336,152,982.2,988.0,960.0
2024-11-17,4.2,0.43,982.2,,22543,133,997.5,1000.0,982.1
2024-11-14,-12.0,-1.21,978.0,,15091,130,995.0,1008.0,975.1
2024-11-13,0.1,0.01,990.0,80.3,8166,71,995.0,995.0,981.5
2024-11-12,-5.1,-0.51,989.9,,13625,119,975.1,1014.0,975.0
2024-11-11,5.0,0.51,995.0,,21183,180,1009.0,1010.0,981.4
2024-11-10,13.1,1.34,990.0,,11839,106,981.2,996.0,961.6
2024-11-06,6.9,0.71,976.9,94.21,9631,104,979.0,989.0,972.2
2024-11-05,2.0,0.21,970.0,95.33,9886,51,980.0,980.0,960.4
2024-10-30,-7.0,-0.72,968.0,91.17,9470,69,984.9,984.9,958.0
2024-10-29,23.0,2.42,975.0,,10502,82,949.0,978.0,947.1
2024-10-28,5.0,0.53,952.0,55.48,5854,48,932.0,960.5,930.0
2024-10-27,5.0,0.53,947.0,82.18,8707,68,960.0,960.0,925.0
2024-10-24,-16.9,-1.76,942.0,67.01,7068,80,974.0,974.0,941.1
2024-10-23,-4.2,-0.44,958.9,54.02,5657,89,961.0,974.6,945.0
2024-10-22,2.6,0.27,963.1,53.01,5498,69,965.0,973.0,949.3
2024-10-21,-4.8,-0.5,960.5,,13653,79,978.0,978.0,957.0
2024-10-20,-23.7,-2.4,965.3,,19810,152,1004.0,1004.0,965.3
2024-10-17,-5.0,-0.5,989.0,,29853,196,977.0,1034.0,977.0
2024-10-16,-5.0,-0.5,994.0,88.75,8886,106,1016.0,1016.0,994.0
2024-10-15,13.0,1.32,999.0,36.98,3724,46,1005.7,1005.7,990.3
2024-10-09,-22.0,-2.18,986.0,,10182,121,987.9,1007.0,980.0
2024-10-08,-17.0,-1.66,1008.0,,28786,244,1004.5,1102.0,990.0
2024-10-07,-8.0,-0.77,1025.0,,17108,145,1049.0,1049.0,1010.0
2024-10-06,-60.0,-5.49,1033.0,,18342,177,1071.2,1071.2,989.1
2024-10-02,99.0,9.96,1093.0,,32950,258,974.2,1093.0,970.1
2024-10-01,24.0,2.47,994.0,,25389,218,987.0,999.1,969.1
2024-09-30,7.0,0.73,970.0,,12355,94,943.8,982.0,943.8
2024-09-29,-3.4,-0.35,963.0,,11490,77,979.0,979.0,945.0
2024-09-26,-18.6,-1.89,966.4,,24923,226,970.0,1055.0,965.0
2024-09-25,-65.0,-6.19,985.0,,17031,181,1029.0,1029.0,968.7
2024-09-24,85.0,8.81,1050.0,,20836,195,956.0,1061.5,943.1
2024-09-23,-45.0,-4.46,965.0,,31516,276,1010.0,1082.0,962.0
2024-09-22,-81.0,-7.42,1010.0,,20339,202,1069.2,1069.2,1010.0
2024-09-18,81.0,8.02,1091.0,,43196,267,1030.0,1091.0,990.0
2024-09-16,-50.0,-4.72,1010.0,,33212,248,1038.8,1058.0,993.8
2024-09-15,0.0,0.0,1060.0,,85281,533,1040.0,1130.0,1040.0
2024-09-12,18.8,1.81,1060.0,,67256,264,1021.0,1064.0,1021.0
2024-09-11,6.2,0.6,1041.2,,36969,227,1020.0,1082.4,1020.0
2024-09-10,-65.0,-5.91,1035.0,,21157,221,1078.0,1078.0,1035.0
2024-09-09,61.0,5.87,1100.0,,42278,337,1018.3,1102.0,1014.0
2024-09-08,-10.0,-0.95,1039.0,,40964,393,1069.0,1073.0,1029.1
2024-09-05,28.0,2.74,1049.0,,45390,388,1021.0,1102.0,1015.0
2024-09-04,-15.0,-1.45,1021.0,,76736,496,1041.0,1122.0,1020.0
2024-09-03,-41.0,-3.81,1036.0,,37704,381,1055.5,1140.0,1035.3
2024-09-02,77.0,7.7,1077.0,,100661,683,980.0,1099.0,980.0
2024-09-01,-25.0,-2.44,1000.0,,38603,329,1004.5,1060.0,1000.0
2024-08-29,-41.0,-3.85,1025.0,,88945,517,1070.0,1125.0,1012.0
2024-08-28,-58.0,-5.16,1066.0,,42046,418,1101.6,1186.0,1057.3
2024-08-27,-26.0,-2.26,1124.0,,71504,689,1127.0,1250.0,1086.0
2024-08-25,25.0,2.22,1150.0,,136273,928,1147.5,1205.0,1090.0
2024-08-22,70.0,6.64,1125.0,,84023,814,1033.9,1142.0,1015.1
2024-08-21,45.0,4.46,1055.0,,78716,539,1029.0,1055.7,1010.0
2024-08-18,25.0,2.54,1010.0,,84317,634,991.0,1045.0,984.0
2024-08-15,8.0,0.82,985.0,,76456,403,995.0,996.5,965.2
2024-08-14,44.0,4.72,977.0,,54752,385,951.6,990.4,916.5
2024-08-13,-19.0,-2.0,933.0,,24749,220,952.0,971.0,924.0
2024-08-12,19.0,2.04,952.0,,38978,319,951.0,984.3,945.0
2024-08-11,43.0,4.83,933.0,,59489,386,907.0,948.0,907.0
2024-08-08,-22.9,-2.51,890.0,,17165,165,901.0,915.0,885.0
2024-08-07,42.9,4.93,912.9,,28380,222,880.0,912.9,863.0
2024-08-06,-35.0,-3.87,870.0,,17148,196,910.0,920.0,868.0
2024-08-05,-9.1,-1.0,905.0,,19714,172,914.2,914.2,890.0
2024-08-01,1.1,0.12,914.1,,30936,275,931.0,941.9,914.0
2024-07-31,13.0,1.44,913.0,,42193,275,917.0,931.0,912.0
2024-07-30,10.0,1.12,900.0,,33181,269,906.9,933.2,880.0
2024-07-29,-33.0,-3.58,890.0,,34356,319,934.0,934.0,885.0
2024-07-28,-12.0,-1.28,923.0,,40476,325,935.0,965.0,900.6
2024-07-25,49.0,5.53,935.0,,55819,452,899.0,945.0,890.5
2024-07-24,-32.0,-3.49,886.0,,28628,236,918.0,918.0,877.7
2024-07-23,17.5,1.94,918.0,,26216,240,887.0,920.0,887.0
2024-07-22,-0.5,-0.06,900.5,89.49,9999,119,918.0,918.0,880.0
2024-07-21,8.0,0.9,901.0,,25618,205,893.0,911.9,876.0
2024-07-18,17.0,1.94,893.0,,38356,284,888.0,907.0,874.0
2024-07-17,16.6,1.93,876.0,,25536,161,870.0,876.0,855.0
2024-07-16,8.4,0.99,859.4,52.72,6137,83,867.0,867.0,843.0
2024-07-15,-11.1,-1.29,851.0,,12315,101,879.0,879.0,845.0
2024-07-14,3.1,0.36,862.1,,18868,147,876.1,909.0,860.0
2024-07-11,-1.2,-0.14,859.0,,16226,141,876.0,877.0,849.0
2024-07-10,3.2,0.37,860.2,,20832,193,865.0,884.0,850.0
2024-07-09,24.0,2.88,857.0,,33142,253,840.0,865.0,830.1
2024-07-08,15.0,1.83,833.0,,15340,161,831.0,833.9,821.0
2024-07-07,10.0,1.24,818.0,,20699,126,810.0,826.0,805.0
2024-07-04,6.0,0.75,808.0,55.5,6891,64,811.0,815.0,800.0
2024-07-03,-7.1,-0.88,802.0,79.06,9871,75,810.0,810.0,798.0
2024-07-02,11.1,1.39,809.1,26.23,3231,62,813.9,846.0,800.0
2024-07-01,13.8,1.76,798.0,46.73,5865,60,775.1,800.0,775.1
2024-06-30,-19.8,-2.46,784.2,84.73,10656,98,795.2,809.0,784.0
2024-06-27,-8.4,-1.03,804.0,86.96,10778,104,821.0,822.0,799.0
2024-06-26,2.4,0.3,812.4,67.71,8269,97,811.0,829.9,811.0
2024-06-25,-7.0,-0.86,810.0,63.44,7764,92,820.0,824.8,810.0
2024-06-24,12.0,1.49,817.0,,13809,140,820.0,826.9,813.2
2024-06-23,-4.0,-0.49,805.0,72.96,9048,82,810.0,815.0,802.3
2024-06-20,-7.0,-0.86,809.0,98.96,12132,119,817.0,827.8,806.2
2024-06-19,3.4,0.42,816.0,52.32,6387,83,827.9,827.9,815.3
2024-06-18,-19.4,-2.33,812.6,,20444,130,840.0,840.0,812.6
2024-06-16,-12.5,-1.48,832.0,,27010,153,831.0,846.6,822.1
2024-06-13,5.5,0.66,844.5,,39672,310,845.0,867.0,838.0
2024-06-12,0.0,0.0,839.0,,18225,127,847.9,848.0,830.2
2024-06-11,16.0,1.94,839.0,,24322,206,830.0,850.0,820.0
2024-06-10,-1.0,-0.12,823.0,,34780,251,810.9,835.0,808.0
2024-06-09,-2.0,-0.24,824.0,,51933,412,826.5,860.1,824.0
2024-06-06,29.9,3.76,826.0,,84433,494,810.0,826.0,795.0
2024-06-05,16.6,2.13,796.1,,51252,346,780.0,805.0,780.0
2024-06-04,24.5,3.25,779.5,,28851,296,760.0,793.0,760.0
2024-06-03,25.0,3.42,755.0,,13632,152,744.0,765.0,733.0
2024-06-02,-8.0,-1.08,730.0,58.04,7916,122,723.3,739.9,723.3
2024-05-30,-12.0,-1.6,738.0,88.1,11941,98,760.0,760.0,733.3
2024-05-29,-15.0,-1.96,750.0,,13612,107,780.0,780.0,742.9
2024-05-27,0.0,0.0,765.0,39.18,5108,67,779.0,779.0,756.1
2024-05-26,-12.4,-1.6,765.0,72.07,9359,120,765.1,778.0,765.0
2024-05-22,-14.6,-1.84,777.4,,19040,126,792.9,795.0,777.1
2024-05-21,13.8,1.77,792.0,,22724,155,790.0,795.1,763.1
2024-05-20,-8.8,-1.12,778.2,,38056,243,800.0,810.0,777.0
2024-05-19,-7.0,-0.88,787.0,,39061,341,809.0,810.0,785.0
2024-05-16,24.0,3.12,794.0,,44092,340,767.0,805.0,763.1
2024-05-15,2.0,0.26,770.0,,56658,389,770.0,800.0,761.0
2024-05-14,45.0,6.22,768.0,,42824,335,715.0,775.0,710.1
2024-05-13,12.0,1.69,723.0,67.66,9424,84,703.0,723.5,703.0
2024-05-12,-22.0,-3.0,711.0,89.58,12472,120,733.0,733.0,711.0
2024-05-09,-5.0,-0.68,733.0,,30827,238,752.7,760.0,730.0
2024-05-08,33.0,4.68,738.0,,28375,243,714.0,740.0,707.0
2024-05-07,15.1,2.19,705.0,78.51,11150,125,677.2,717.0,677.2
2024-05-06,-11.3,-1.61,689.9,59.28,8610,77,705.0,705.0,682.4
2024-05-05,10.2,1.48,701.2,,40981,316,704.0,747.0,698.1
2024-05-02,24.0,3.6,691.0,,40250,288,680.0,705.0,671.0
2024-04-30,8.0,1.21,667.0,65.87,9909,75,651.1,673.9,646.0
2024-04-29,0.0,0.0,659.0,16.49,2511,26,651.0,666.9,651.0
2024-04-28,17.0,2.65,659.0,18.92,2906,37,654.0,659.0,646.0
2024-04-25,-8.0,-1.23,642.0,13.85,2152,23,663.0,663.0,641.0
2024-04-24,0.0,0.0,650.0,14.33,2212,38,662.5,662.5,640.0
2024-04-22,-5.5,-0.84,650.0,32.04,4917,50,668.0,668.6,650.0
2024-04-21,2.3,0.35,655.5,19.16,2923,23,654.0,664.9,644.0
2024-04-18,-21.8,-3.23,653.2,18.05,2743,31,668.0,668.0,651.0
2024-04-16,3.0,0.45,675.0,61.71,9249,65,661.2,682.9,661.0
2024-04-15,0.0,0.0,672.0,78.77,11557,100,685.4,712.0,662.0
2024-04-14,13.0,1.97,672.0,97.34,14441,95,648.0,682.0,648.0
2024-04-10,-6.1,-0.92,659.0,70.12,10608,64,655.0,673.0,652.2
2024-04-09,-9.9,-1.47,665.1,52.78,7879,78,686.9,686.9,662.0
2024-04-07,5.0,0.75,675.0,,22678,183,670.0,695.0,670.0
2024-04-04,5.0,0.75,670.0,,24330,198,665.0,695.0,665.0
2024-04-03,10.0,1.53,665.0,,18969,114,668.0,676.0,655.0
2024-04-02,13.0,2.02,655.0,86.11,13249,99,633.0,661.0,633.0
2024-04-01,1.9,0.3,642.0,17.57,2759,29,640.0,642.0,634.0
2024-03-31,-12.9,-1.98,640.1,32.88,5101,42,650.1,653.0,640.1
2024-03-28,-5.0,-0.76,653.0,10.77,1644,31,655.0,661.0,652.0
2024-03-27,5.0,0.77,658.0,18.45,2814,33,666.0,678.0,650.0
2024-03-26,-3.0,-0.46,653.0,25.85,3901,49,665.0,669.1,652.3
2024-03-25,-8.0,-1.2,656.0,47.96,7295,46,660.0,664.0,655.0
2024-03-21,-22.0,-3.21,664.0,56.46,8398,90,689.0,689.0,662.0
2024-03-20,3.0,0.44,686.0,,63033,342,683.0,715.0,676.1
2024-03-19,8.0,1.19,683.0,,17178,106,686.0,688.0,674.0
2024-03-18,10.0,1.5,675.0,44.33,6748,46,651.7,675.0,651.7
2024-03-17,-0.1,-0.02,665.0,53.75,8017,77,668.0,683.4,660.1
2024-03-14,-24.9,-3.61,665.1,,28023,94,695.0,698.0,662.3
2024-03-13,-2.0,-0.29,690.0,,20808,123,705.8,705.8,678.0
2024-03-12,33.0,5.01,692.0,,28208,179,672.1,695.0,656.3
2024-03-10,-1.0,-0.15,659.0,,35967,226,646.8,669.8,622.0
2024-03-07,35.0,5.6,660.0,,30668,203,612.5,665.0,580.0
2024-03-06,50.0,8.7,625.0,59.67,10231,70,564.0,626.0,564.0
2024-03-05,9.0,1.59,575.0,24.4,4200,59,577.0,589.0,575.0
2024-03-03,4.0,0.71,566.0,11.61,2053,17,570.0,572.0,552.0
2024-02-29,-7.0,-1.23,562.0,18.77,3339,23,562.0,567.0,562.0
2024-02-28,-9.5,-1.64,569.0,5.6,976,14,581.0,581.0,568.0
2024-02-27,8.0,1.4,578.5,18.19,3168,54,560.0,585.5,541.0
2024-02-26,-4.5,-0.78,570.5,16.9,2940,20,570.1,582.0,570.0
2024-02-25,-16.68,-2.82,575.0,29.44,5046,51,600.0,600.0,575.0
2024-02-22,-20.8,-3.18,633.1,73.89,11562,136,653.0,659.9,630.0
2024-02-21,-5.1,-0.77,653.9,18.11,2804,57,665.0,665.0,628.0
2024-02-20,1.0,0.15,659.0,21.59,3301,40,645.1,665.0,645.0
2024-02-18,-0.1,-0.02,658.0,6.43,993,17,663.9,663.9,645.1
2024-02-15,3.0,0.46,658.1,22.94,3465,52,665.0,665.0,658.1
2024-02-14,8.1,1.25,655.1,14.43,2212,31,640.2,660.0,640.0
2024-02-13,-17.0,-2.56,647.0,21.11,3245,28,657.0,657.0,645.29
2024-02-12,9.0,1.37,664.0,24.68,3743,34,655.0,665.0,655.0
2024-02-11,-4.9,-0.74,655.0,17.46,2655,26,670.0,670.0,655.0
2024-02-07,9.0,1.39,657.0,22.11,3371,39,647.0,665.0,647.0
2024-02-06,-1.9,-0.29,648.0,40.18,6218,39,642.1,653.0,639.1
2024-02-05,11.8,1.85,649.9,7.12,1109,21,639.0,663.0,638.0
2024-02-04,-8.8,-1.36,638.1,15.29,2375,31,635.2,655.0,635.2
2024-02-01,1.9,0.29,646.9,16.4,2557,45,653.6,653.6,640.0
2024-01-31,-25.0,-3.73,645.0,21.22,3244,50,682.0,682.0,645.0
2024-01-30,18.0,2.76,670.0,,19761,141,665.0,678.0,656.0
2024-01-29,2.0,0.31,652.0,55.29,8507,53,663.0,670.0,640.0
2024-01-28,0.0,0.0,650.0,6.02,919,21,643.0,669.0,643.0
2024-01-25,10.0,1.56,650.0,28.96,4505,55,650.0,652.0,640.0
2024-01-24,-5.0,-0.78,640.0,40.7,6293,62,657.9,671.0,637.0
2024-01-23,-12.0,-1.83,645.0,25.66,3938,56,670.0,680.0,643.5
2024-01-22,-28.0,-4.09,657.0,50.47,7667,83,695.0,695.0,646.8
2024-01-21,-30.0,-4.2,685.0,59.32,8682,87,700.7,712.0,675.0
2024-01-18,-2.0,-0.28,715.0,,15377,150,702.7,715.0,675.5
2024-01-17,41.0,6.07,717.0,,39292,338,663.0,720.0,663.0
2024-01-16,17.0,2.58,676.0,,14829,117,672.0,685.4,670.0
2024-01-14,19.0,2.97,659.0,75.3,11420,92,636.0,665.0,636.0
2024-01-11,-3.0,-0.47,640.0,34.58,5435,41,654.0,654.0,632.0
2024-01-10,18.5,2.96,643.0,77.88,12017,111,630.0,668.0,630.0
2024-01-09,5.5,0.89,624.5,53.37,8549,80,631.3,643.9,609.1
2024-01-08,14.0,2.31,619.0,32.99,5424,53,617.1,629.4,604.0
2024-01-07,-5.0,-0.82,605.0,38.48,6336,75,622.0,634.0,601.5
2024-01-04,-8.0,-1.29,610.0,73.76,11885,95,625.0,638.0,606.0
2024-01-03,8.0,1.31,618.0,22.46,3631,38,610.0,622.2,609.0
2024-01-02,-24.0,-3.79,610.0,23.83,3849,42,625.0,633.8,610.0
2024-01-01,-14.0,-2.16,634.0,45.44,7091,56,638.0,652.8,634.0
2023-12-28,1.0,0.15,648.0,16.14,2522,45,635.0,659.9,609.1
2023-12-27,-28.0,-4.15,647.0,23.74,3634,64,682.0,682.0,630.1
2023-12-24,20.4,3.12,675.0,,18308,114,650.1,675.0,650.1
2023-12-21,-10.4,-1.56,654.6,50.46,7707,82,652.0,678.0,650.0
2023-12-20,1.0,0.15,665.0,38.03,5639,85,670.0,683.0,665.0
2023-12-19,3.9,0.59,664.0,71.99,10804,110,673.0,686.0,647.0
2023-12-18,60.0,10.0,660.1,,39836,265,591.1,660.1,591.1
2023-12-17,-5.9,-0.97,600.1,22.57,3751,47,594.0,618.1,594.0
2023-12-14,-9.0,-1.46,606.0,10.8,1769,31,610.1,620.0,606.0
2023-12-13,-8.9,-1.43,615.0,17.2,2813,39,630.0,630.0,606.0
2023-12-12,5.9,0.95,623.9,36.47,5931,60,625.0,625.0,606.1
2023-12-11,-7.0,-1.12,618.0,56.04,9209,94,636.0,637.5,581.0
2023-12-10,43.0,7.39,625.0,3.08,510,5,593.6,625.0,593.6
2023-12-07,-2.9,-0.5,582.0,7.86,1366,25,576.0,584.0,573.0
2023-12-06,1.9,0.33,584.9,6.22,1081,21,572.0,594.0,560.1
2023-12-05,-4.1,-0.7,583.0,2.9,503,11,598.0,598.0,575.0
2023-12-04,-11.9,-1.99,587.1,4.68,790,19,606.9,606.9,570.0
2023-12-03,22.0,3.81,599.0,12.19,2086,28,585.0,599.0,568.0
2023-11-30,-22.0,-3.67,577.0,12.16,2084,30,587.5,588.1,577.0
2023-11-29,-9.0,-1.48,599.0,13.54,2274,35,603.0,603.0,586.0
2023-11-28,-16.9,-2.7,608.0,18.25,3021,28,624.9,624.9,597.0
2023-11-27,-34.1,-5.17,624.9,,50,5,645.9,645.9,620.4
2023-11-26,59.3,9.89,659.0,46.33,7692,90,600.0,659.0,580.0
2023-11-23,1.7,0.28,599.7,8.1,1397,21,588.0,599.7,577.0
2023-11-22,6.0,1.01,598.0,1.04,179,10,599.0,599.0,565.0
2023-11-21,8.0,1.37,592.0,21.5,3761,24,575.0,592.0,562.5
2023-11-20,-21.0,-3.47,584.0,25.18,4356,41,597.0,597.0,564.1
2023-11-09,-14.1,-2.28,605.0,15.43,2566,31,619.1,619.1,600.0
2023-11-08,6.1,1.0,619.1,16.82,2748,25,624.0,624.0,610.0
2023-11-07,16.0,2.68,613.0,14.74,2436,25,595.0,613.0,595.0
2023-11-06,3.5,0.59,597.0,6.49,1102,13,591.0,597.0,586.0
2023-11-05,-5.5,-0.92,593.5,8.78,1488,23,588.0,600.0,588.0
2023-11-02,-6.0,-0.99,599.0,13.38,2239,24,617.0,617.0,593.0
2023-11-01,7.9,1.32,605.0,5.11,845,10,608.4,608.4,604.0
2023-10-31,-11.9,-1.95,597.1,6.1,1022,19,600.0,600.0,596.9
2023-10-30,0.0,0.0,609.0,3.8,634,14,618.0,618.0,599.0
2023-10-29,-4.1,-0.67,609.0,8.24,1365,33,601.0,613.0,597.0
2023-10-19,-6.9,-1.11,613.1,10.24,1646,17,625.0,625.0,613.1
2023-10-18,7.0,1.14,620.0,13.27,2159,34,625.2,625.2,609.0
2023-10-17,1.1,0.18,613.0,10.41,1721,24,624.0,624.0,601.0
2023-10-16,-7.0,-1.13,611.9,5.28,867,29,620.0,629.9,606.6
2023-10-12,-14.1,-2.23,618.9,18.47,2985,46,625.0,635.0,612.5
2023-10-11,-4.0,-0.63,633.0,22.54,3588,34,637.0,637.0,626.0
2023-10-10,-6.9,-1.07,637.0,6.84,1079,18,641.0,647.0,630.1
2023-10-09,1.0,0.16,643.9,13.53,2130,30,640.0,643.9,630.3
2023-10-08,-10.1,-1.55,642.9,23.84,3727,46,655.0,655.0,631.3
2023-10-05,-4.9,-0.74,653.0,4.11,635,11,651.0,657.0,645.2
2023-10-04,-0.1,-0.02,657.9,9.45,1439,20,650.0,670.0,650.0
2023-10-03,-12.0,-1.79,658.0,24.59,3719,42,656.6,669.0,652.1
2023-10-02,5.0,0.75,670.0,25.29,3766,34,653.0,718.0,653.0
2023-10-01,-22.0,-3.2,665.0,16.01,2397,25,686.6,686.6,665.0
2023-09-27,-13.9,-1.98,687.0,66.84,9844,81,686.9,721.0,673.2
2023-09-26,25.9,3.84,700.9,,21285,101,661.5,700.9,661.5
2023-09-25,-56.5,-7.72,675.0,46.29,6799,71,716.9,716.9,675.0
2023-09-24,66.5,10.0,731.5,,33707,189,665.0,731.5,658.0
2023-09-21,5.0,0.76,665.0,60.27,9025,71,647.0,679.2,647.0
2023-09-19,20.0,3.12,660.0,57.9,8913,51,638.5,660.0,638.5
2023-09-18,-10.0,-1.54,640.0,2.75,430,7,637.0,648.0,637.0
2023-09-17,-5.0,-0.76,650.0,50.76,7925,41,656.0,656.0,638.0
2023-09-13,11.2,1.74,655.0,36.83,5681,46,655.9,655.9,643.0
2023-09-12,6.3,0.99,643.8,16.66,2598,38,635.0,649.9,634.9
2023-09-11,9.6,1.53,637.5,13.17,2095,22,622.1,640.0,622.1
2023-09-10,5.9,0.95,627.9,12.17,1975,26,629.0,629.0,610.0
2023-09-07,-9.0,-1.43,622.0,14.08,2277,23,625.0,629.0,615.0
2023-09-05,-3.0,-0.47,631.0,5.87,932,10,621.4,644.8,621.4
2023-09-04,-4.0,-0.63,634.0,11.15,1769,31,630.0,649.0,626.1
2023-09-03,-5.6,-0.87,638.0,5.8,921,15,631.0,638.0,625.0
2023-08-30,0.6,0.09,643.6,7.52,1180,26,630.2,650.7,630.2
2023-08-29,-5.9,-0.91,643.0,4.88,753,14,659.0,659.0,637.0
2023-08-28,13.9,2.19,648.9,23.86,3720,41,647.0,650.0,635.5
2023-08-27,-7.0,-1.09,635.0,20.31,3192,39,642.0,646.0,630.2
2023-08-24,-22.5,-3.39,642.0,54.13,8279,73,651.3,669.0,640.0
2023-08-23,-2.5,-0.37,664.5,9.75,1452,24,676.0,678.0,664.5
2023-08-22,10.0,1.52,667.0,10.15,1540,33,670.1,670.1,655.0
2023-08-21,-21.0,-3.1,657.0,34.64,5233,43,670.0,678.0,657.0
2023-08-20,-14.9,-2.15,678.0,47.09,6965,33,680.0,689.9,674.0
2023-08-17,-22.1,-3.09,692.9,20.15,2934,56,710.0,710.0,680.0
2023-08-16,26.0,3.77,715.0,79.91,11928,100,675.3,716.0,651.7
2023-08-15,-8.9,-1.28,689.0,27.37,4010,35,695.0,698.0,678.0
2023-08-14,-12.0,-1.69,697.9,10.98,1573,33,719.0,719.0,688.0
2023-08-13,-0.1,-0.01,709.9,12.38,1737,43,724.0,767.0,685.0
2023-08-10,-2.9,-0.41,710.0,38.3,5437,75,698.7,726.0,693.0
2023-08-09,-46.1,-6.07,712.9,57.83,8144,112,774.1,774.1,685.9
2023-08-08,69.0,10.0,759.0,86.8,12657,119,703.8,759.0,676.2
2023-08-07,-2.4,-0.35,690.0,15.53,2261,49,680.0,710.0,675.1
2023-08-06,-17.6,-2.48,692.4,58.28,8589,94,707.0,707.0,664.0
2023-08-03,-3.0,-0.42,710.0,18.65,2623,43,708.0,722.0,700.0
2023-08-02,-1.0,-0.14,713.0,18.01,2565,40,728.0,728.0,690.0
2023-08-01,-5.0,-0.7,714.0,46.35,6547,66,719.0,733.3,696.0
2023-07-31,7.0,0.98,719.0,66.83,9359,79,715.0,724.0,705.0
2023-07-30,-13.2,-1.82,712.0,18.97,2641,35,739.7,739.7,710.7
2023-07-27,-29.8,-3.95,725.2,,15417,110,740.0,754.9,725.2
2023-07-26,-20.0,-2.58,755.0,92.58,12120,113,775.0,784.8,745.0
2023-07-25,15.0,1.97,775.0,,17630,194,770.0,778.0,745.0
2023-07-24,-40.0,-5.0,760.0,,23764,232,800.0,800.0,754.0
2023-07-23,72.0,9.89,800.0,,20561,175,722.0,800.8,718.1
2023-07-20,-2.0,-0.27,728.0,52.43,7254,60,731.0,731.0,717.0
2023-07-19,-9.0,-1.22,730.0,73.45,10089,90,730.0,736.9,725.0
2023-07-18,19.0,2.64,739.0,,18664,168,720.0,740.0,710.0
2023-07-17,15.0,2.13,720.0,52.4,7365,66,691.0,720.0,691.0
2023-07-16,0.0,0.0,705.0,34.6,4968,43,705.0,709.0,692.1
2023-07-13,-6.0,-0.84,705.0,74.31,10494,77,725.2,725.2,705.0
2023-07-12,23.4,3.4,711.0,,16758,153,680.0,711.0,674.3
2023-07-11,-2.3,-0.33,687.6,89.64,13007,69,677.0,703.6,677.0
2023-07-10,3.5,0.51,689.9,97.56,14055,117,672.7,715.0,668.0
2023-07-09,36.4,5.6,686.4,45.15,6770,71,655.0,686.4,653.0
2023-07-06,-2.0,-0.31,650.0,19.05,2903,48,660.0,664.0,647.0
2023-07-05,-32.9,-4.8,652.0,36.65,5496,75,697.0,697.0,652.0
2023-07-04,7.9,1.17,684.9,,20401,52,690.1,696.0,670.0
2023-07-03,-11.0,-1.6,677.0,33.71,4916,93,676.0,708.9,670.0
2023-07-02,-40.0,-5.49,688.0,93.98,13387,129,716.0,717.5,688.0
2023-06-28,-30.0,-3.96,728.0,83.49,11391,161,760.0,766.0,714.0
2023-06-27,68.0,9.86,758.0,,33051,355,703.8,758.0,692.1
2023-06-26,27.0,4.07,690.0,,25363,162,676.0,700.0,676.0
2023-06-25,26.0,4.08,663.0,24.64,3788,51,637.0,664.7,631.2
2023-06-22,-7.9,-1.22,637.0,14.66,2266,33,647.0,655.0,637.0
2023-06-21,-0.1,-0.02,644.9,47.57,7340,61,655.0,655.0,633.0
2023-06-20,-12.0,-1.83,645.0,69.14,10529,84,651.0,670.1,643.0
2023-06-19,-20.0,-2.95,657.0,73.06,10938,96,675.0,688.0,657.0
2023-06-18,16.9,2.56,677.0,29.2,4361,63,654.0,679.0,654.0
2023-06-15,-10.9,-1.62,660.1,27.58,4200,58,665.0,666.0,652.7
2023-06-14,10.1,1.53,671.0,,18287,126,673.1,685.0,652.0
2023-06-13,27.5,4.34,660.9,80.78,12461,111,633.0,681.4,627.1
2023-06-12,3.4,0.54,633.4,65.93,10472,90,641.0,641.0,618.2
2023-06-11,18.8,3.08,630.0,73.63,11858,101,611.2,630.0,610.1
2023-06-08,3.2,0.53,611.2,15.34,2498,48,611.0,625.2,606.1
2023-06-07,13.0,2.18,608.0,84.74,13826,140,606.0,620.5,597.0
2023-06-06,13.0,2.23,595.0,22.87,3902,50,585.0,595.0,576.5
2023-06-05,-1.0,-0.17,582.0,31.52,5368,70,575.0,600.0,575.0
2023-06-04,28.0,5.05,583.0,14.42,2507,49,566.1,584.8,560.0
2023-06-01,3.0,0.54,555.0,18.29,3324,58,546.0,563.0,534.1
2023-05-31,-22.0,-3.83,552.0,35.08,6286,97,563.0,572.0,550.0
2023-05-30,-19.5,-3.29,574.0,17.66,3049,35,585.0,587.5,574.0
2023-05-28,-23.5,-3.81,593.5,40.01,6550,51,629.0,629.0,593.5
2023-05-24,5.0,0.82,617.0,20.35,3292,57,612.0,644.9,607.0
2023-05-23,35.0,6.07,612.0,27.19,4564,58,588.0,612.0,576.3
2023-05-22,8.0,1.41,577.0,5.22,925,21,559.1,577.0,557.1
2023-05-21,-7.9,-1.37,569.0,14.36,2522,27,588.0,588.0,563.1
2023-05-18,18.9,3.39,576.9,18.89,3287,30,569.0,580.0,564.0
2023-05-17,7.0,1.27,558.0,10.45,1871,23,560.0,560.0,552.0
2023-05-16,16.0,2.99,551.0,13.89,2583,34,544.0,551.0,523.0
2023-05-15,-2.1,-0.39,535.0,13.32,2511,30,537.1,540.6,528.0
2023-05-14,-10.9,-1.99,537.1,8.82,1647,31,540.0,548.0,530.1
2023-05-11,-8.0,-1.44,548.0,5.52,1005,14,551.0,555.0,548.0
2023-05-10,6.0,1.09,556.0,4.33,785,10,554.0,556.0,550.0
2023-05-09,10.0,1.85,550.0,3.13,578,9,540.0,550.0,540.0
2023-05-08,-0.1,-0.02,540.0,2.6,482,13,541.0,550.0,538.0
2023-05-07,-19.8,-3.54,540.1,8.03,1462,30,571.0,571.0,540.0
2023-05-04,9.9,1.8,559.9,1.73,311,14,561.0,561.0,551.0
2023-05-03,-1.0,-0.18,550.0,5.49,994,23,561.0,561.0,550.0
2023-05-02,-15.0,-2.65,551.0,16.18,2921,40,561.0,562.3,548.9
2023-04-30,-6.0,-1.05,566.0,7.45,1316,19,568.0,570.0,566.0
2023-04-27,-4.0,-0.69,572.0,5.45,961,12,566.0,572.0,566.0
2023-04-26,1.0,0.17,576.0,9.23,1621,20,569.0,576.0,568.0
2023-04-25,-7.0,-1.2,575.0,8.42,1471,19,576.0,582.0,571.0
2023-04-24,2.5,0.43,582.0,3.84,671,15,569.0,582.0,568.1
2023-04-23,-14.4,-2.42,579.5,1.45,251,11,582.2,583.1,579.5
2023-04-20,3.9,0.66,593.9,8.23,1381,19,601.0,601.0,585.0
2023-04-19,4.1,0.7,590.0,,131,4,582.0,590.0,582.0
2023-04-18,2.9,0.5,585.9,,166,10,585.0,589.9,576.0
2023-04-17,-22.0,-3.64,583.0,3.83,655,22,608.0,608.0,583.0
2023-04-16,5.0,0.83,605.0,5.27,882,12,588.0,605.0,588.0
2023-04-13,-10.9,-1.78,600.0,17.26,2866,46,601.0,615.0,593.0
2023-04-12,22.9,3.89,610.9,30.66,5105,58,588.0,610.9,588.0
2023-04-11,3.0,0.51,588.0,21.89,3859,52,577.0,594.0,560.0
2023-04-10,13.0,2.27,585.0,17.97,3131,40,573.0,588.0,560.6
2023-04-09,-21.0,-3.54,572.0,12.02,2089,40,600.9,600.9,572.0
2023-04-06,16.0,2.77,593.0,32.35,5532,50,580.0,617.0,570.0
2023-04-05,21.9,3.95,577.0,31.32,5424,37,566.2,596.7,560.0
2023-04-04,-3.0,-0.54,555.1,15.38,2760,48,567.2,569.1,555.0
2023-04-03,-16.9,-2.94,558.1,67.77,12049,57,564.0,576.0,555.0
2023-04-02,-1.0,-0.17,575.0,10.02,1734,21,586.5,587.0,564.6
2023-03-30,0.8,0.14,576.0,12.96,2230,34,579.0,584.0,576.0
2023-03-29,-3.8,-0.66,575.2,11.42,1984,28,570.0,582.0,570.0
2023-03-28,19.0,3.39,579.0,39.0,6825,85,560.1,591.9,548.8
2023-03-27,-5.0,-0.88,560.0,39.57,7206,98,554.0,565.0,540.0
2023-03-26,-23.0,-3.91,565.0,29.48,5174,63,577.0,577.8,565.0
2023-03-23,-12.0,-2.0,588.0,12.5,2126,41,595.0,595.0,586.0
2023-03-22,-1.0,-0.17,600.0,14.93,2499,37,601.0,606.0,595.0
2023-03-20,-1.1,-0.18,601.0,13.18,2186,38,606.0,610.0,598.0
2023-03-19,-2.9,-0.48,602.1,3.56,586,23,614.0,614.0,602.1
2023-03-16,-22.0,-3.51,605.0,42.7,7011,97,636.0,636.0,600.1
2023-03-15,-26.0,-3.98,627.0,17.36,2747,66,641.0,641.0,627.0
2023-03-14,-10.93,-1.65,653.0,39.25,5981,100,664.0,676.0,650.0
2023-03-13,-5.0,-0.61,810.0,,28134,336,831.3,831.3,806.0
2023-03-12,1.0,0.12,815.0,61.37,7495,92,829.0,832.0,815.0
2023-03-09,29.0,3.69,814.0,31.71,3932,60,793.0,815.0,793.0
2023-03-07,-1.6,-0.2,785.0,43.48,5501,59,788.0,798.0,785.0
2023-03-05,-13.4,-1.67,786.6,31.68,4008,46,812.0,812.0,784.0
2023-03-02,-7.9,-0.98,800.0,34.42,4340,87,791.8,806.8,784.0
2023-03-01,-7.1,-0.87,807.9,33.29,4142,78,805.0,815.0,799.0
2023-02-28,-19.0,-2.28,815.0,34.88,4228,60,835.0,840.0,815.0
2023-02-27,0.5,0.06,834.0,55.26,6725,106,850.1,855.1,800.0
2023-02-26,14.5,1.77,833.5,85.26,10571,192,802.7,841.0,775.0
2023-02-23,-91.0,-10.0,819.0,,19520,289,900.0,900.0,819.0
2023-02-22,-3.1,-0.34,910.0,31.32,3412,55,916.0,929.0,910.0
2023-02-20,-16.9,-1.82,913.1,22.67,2475,54,930.0,930.0,912.0
2023-02-16,-18.0,-1.9,930.0,20.91,2236,51,948.0,948.1,930.0
2023-02-15,-7.2,-0.75,948.0,24.62,2587,48,960.0,973.0,948.0
2023-02-14,-22.8,-2.33,955.2,51.29,5348,74,960.0,968.0,955.2
2023-02-12,-23.0,-2.3,978.0,52.67,5364,57,996.0,996.0,975.0
2023-02-09,-6.0,-0.6,1001.0,38.67,3899,34,996.0,1005.0,986.0
2023-02-08,7.0,0.7,1007.0,77.1,7653,70,1010.0,1020.0,990.0
2023-02-07,40.0,4.17,1000.0,61.04,6152,79,960.0,1002.0,960.0
2023-02-06,0.0,0.0,960.0,18.16,1892,37,955.1,970.0,955.0
2023-02-05,-9.0,-0.93,960.0,74.82,7694,73,979.0,988.3,960.0
2023-02-02,-16.1,-1.63,969.0,34.41,3515,70,1004.8,1004.8,969.0
2023-02-01,-4.9,-0.49,985.1,13.79,1402,33,990.0,990.0,980.0
2023-01-31,-11.0,-1.1,990.0,19.37,1951,57,1005.0,1005.0,986.3
2023-01-30,-33.0,-3.19,1001.0,64.11,6341,82,1020.0,1020.0,1001.0
2023-01-29,-3.1,-0.3,1034.0,41.6,4068,75,1036.0,1036.0,1018.0
2023-01-26,0.0,-0.47,1037.1,,966,0,1057.0,1057.0,1036.0
2023-01-25,0.0,0.39,1042.0,,1692,0,1052.0,1054.0,1040.0
2023-01-24,0.0,0.87,1038.0,,3761,0,1029.0,1038.0,1010.0
2023-01-23,0.0,-2.83,1029.0,,4872,0,1070.0,1079.0,1029.0
2023-01-19,0.0,-0.19,1059.0,,8718,0,1060.0,1072.0,1051.0
2023-01-18,0.0,0.09,1061.0,,22702,0,1078.0,1079.0,1058.1
2023-01-17,0.0,0.86,1060.0,,32945,0,1060.1,1072.0,1029.0
2023-01-12,0.0,1.25,1051.0,,63872,0,1058.7,1115.0,1046.5
2023-01-10,0.0,2.17,1038.0,,24217,0,1020.0,1050.0,1002.0
2023-01-09,0.0,1.6,1016.0,,11713,0,980.0,1020.0,980.0
2023-01-08,0.0,0.4,1000.0,,24775,0,990.0,1015.0,970.0
2023-01-05,0.0,3.21,996.0,,19832,0,984.3,1010.0,967.0
2023-01-04,0.0,9.56,965.0,,15091,0,880.0,965.0,880.0
2023-01-03,0.0,0.66,880.8,,18797,0,857.7,912.0,846.0
2023-01-02,0.0,1.86,875.0,,5399,0,847.0,876.1,847.0
2023-01-01,0.0,-3.37,859.0,,7331,0,889.0,890.0,855.0
2022-12-29,0.0,6.48,889.0,,5954,0,826.0,889.0,819.5
2022-12-28,0.0,-0.84,834.9,,2337,0,854.0,856.0,828.1
2022-12-27,0.0,1.45,842.0,,5099,0,845.0,862.9,837.0
2022-12-26,0.0,2.72,830.0,,4005,0,823.0,840.0,810.0
2022-12-22,0.0,1.99,808.0,,2429,0,808.0,824.0,801.0
2022-12-21,0.0,-1.34,792.2,,1062,0,800.0,800.0,791.0
2022-12-20,0.0,1.13,803.0,,945,0,805.0,810.0,801.0
2022-12-19,0.0,-0.75,794.0,,470,0,793.0,805.0,793.0
2022-12-18,0.0,0.0,800.0,,522,0,800.0,800.0,791.1
2022-12-15,0.0,-3.96,800.0,,10134,0,818.0,821.0,799.0
2022-12-14,0.0,-0.6,833.0,,684,0,854.0,854.0,819.0
2022-12-13,0.0,2.07,838.0,,1018,0,818.0,838.0,818.0
2022-12-12,0.0,1.36,821.0,,2002,0,820.0,832.0,808.0
2022-12-11,0.0,-1.94,810.0,,1861,0,827.0,827.0,810.0
2022-12-07,0.0,-2.02,826.0,,2421,0,830.1,835.0,826.0
2022-12-06,0.0,0.96,843.0,,5499,0,830.0,847.0,830.0
2022-12-05,0.0,-1.76,835.0,,1405,0,835.0,835.0,817.0
2022-12-04,0.0,2.1,850.0,,1627,0,839.0,850.0,835.1
2022-12-01,0.0,-0.17,832.5,,3956,0,835.0,848.0,825.0
2022-11-30,0.0,0.96,833.9,,1978,0,842.0,842.0,820.0
2022-11-29,0.0,0.98,826.0,,945,0,810.0,826.0,802.0
2022-11-28,0.0,-1.45,818.0,,1081,0,840.0,840.0,804.0
2022-11-27,0.0,3.62,830.0,,1577,0,815.0,830.0,808.0
2022-11-24,0.0,0.25,801.0,,583,0,800.0,801.0,797.0
2022-11-23,0.0,-0.12,799.0,,1307,0,801.0,801.0,791.0
2022-11-22,0.0,-2.32,800.0,,1157,0,818.0,818.0,800.0
2022-11-17,0.0,1.87,819.0,,1143,0,807.0,819.9,806.0
2022-11-16,0.0,-0.62,804.0,,7106,0,815.0,819.0,802.1
2022-11-15,0.0,0.62,809.0,,2246,0,804.0,810.0,790.0
2022-11-14,0.0,-0.12,804.0,,1467,0,791.0,807.0,791.0
2022-11-13,0.0,0.0,805.0,,4124,0,805.0,813.0,793.8
2022-11-10,0.0,-2.42,805.0,,3032,0,811.0,826.0,800.1
2022-11-09,0.0,-2.94,825.0,,2110,0,845.0,845.0,825.0
2022-11-08,0.0,-2.3,850.0,,1601,0,875.0,875.0,849.0
2022-11-07,0.0,0.58,870.0,,3856,0,870.0,888.0,850.0
2022-11-06,0.0,4.34,865.0,,3815,0,830.0,867.0,830.0
2022-11-03,0.0,-0.6,829.0,,1270,0,822.0,830.0,820.0
2022-11-02,0.0,-0.36,834.0,,4815,0,835.0,850.0,820.0
2022-11-01,0.0,2.83,837.0,,5692,0,819.0,850.0,816.0
2022-10-31,0.0,-1.21,814.0,,1140,0,820.0,826.0,808.0
2022-10-23,0.0,0.37,824.0,,674,0,805.0,824.0,805.0
2022-10-20,0.0,1.23,821.0,,990,0,800.0,821.0,800.0
2022-10-19,0.0,-1.1,811.0,,1429,0,820.0,820.0,803.0
2022-10-17,0.0,-0.61,820.0,,618,0,834.9,839.9,820.0
2022-10-16,0.0,-1.2,825.0,,2776,0,835.0,835.0,820.0
2022-10-13,0.0,-1.06,835.0,,2783,0,849.0,852.0,832.0
2022-10-12,0.0,2.21,834.0,,2437,0,806.3,839.0,806.3
2022-10-11,0.0,-0.49,816.0,,296,0,805.0,817.0,802.0
2022-10-10,0.0,-2.38,820.0,,1887,0,836.0,844.0,817.0
2022-10-09,0.0,2.7,840.0,,705,0,834.0,840.0,830.0
2022-09-29,0.0,2.88,817.9,,1272,0,805.0,817.9,800.0
2022-09-28,0.0,1.91,795.0,,1193,0,790.0,800.0,790.0
2022-09-27,0.0,-2.0,780.1,,2504,0,808.0,825.0,780.1
2022-09-25,0.0,-1.12,796.0,,1920,0,790.0,805.0,789.0
2022-09-22,0.0,-3.01,805.0,,2126,0,825.0,830.0,800.1
2022-09-21,0.0,1.84,830.0,,1936,0,830.9,847.5,815.0
2022-09-20,0.0,-3.09,815.0,,2497,0,824.2,824.2,810.0
2022-09-18,0.0,-2.77,841.0,,2856,0,851.1,851.1,831.0
2022-09-16,0.0,-0.93,865.0,,1689,0,860.0,869.0,842.0
2022-09-15,0.0,-4.05,873.1,,1628,0,893.0,915.0,873.0
2022-09-14,0.0,3.17,910.0,,4170,0,882.0,910.0,882.0
2022-09-13,0.0,1.38,882.0,,2157,0,882.0,882.0,870.0
2022-09-12,0.0,-0.68,870.0,,666,0,874.0,874.0,858.5
2022-09-11,0.0,0.45,876.0,,929,0,885.0,885.0,865.0
2022-09-08,0.0,0.24,872.1,,807,0,886.9,886.9,869.2
2022-09-07,0.0,0.0,870.0,,1128,0,866.5,883.8,866.5
2022-09-06,0.0,-3.33,870.0,,7136,0,892.0,899.0,870.0
2022-09-05,0.0,-2.07,900.0,,5725,0,934.0,934.0,900.0
2022-09-04,0.0,0.23,919.0,,1605,0,925.0,925.0,908.0
2022-09-02,0.0,0.32,916.9,,288,0,906.0,924.0,901.0
2022-09-01,0.0,1.9,914.0,,4881,0,905.0,914.9,888.0
2022-08-31,0.0,-3.86,897.0,,2905,0,945.0,945.0,897.0
2022-08-30,0.0,-0.33,933.0,,3015,0,952.8,952.8,917.0
2022-08-29,0.0,-0.52,936.1,,1959,0,947.0,950.0,935.0
2022-08-28,0.0,-2.08,941.0,,4167,0,945.0,975.0,911.0
2022-08-26,0.0,-1.33,961.0,,1355,0,985.0,988.0,955.1
2022-08-25,0.0,-0.1,974.0,,2831,0,965.0,984.0,963.0
2022-08-24,0.0,-0.51,975.0,,530,0,986.0,986.0,971.0
2022-08-23,0.0,0.0,980.0,,2816,0,990.0,990.0,966.0
2022-08-22,0.0,-0.2,980.0,,1586,0,975.0,982.0,972.0
2022-08-21,0.0,0.7,982.0,,1500,0,980.1,990.0,977.0
2022-08-18,0.0,0.43,975.2,,3131,0,980.0,990.0,975.2
2022-08-17,0.0,0.1,971.0,,1046,0,974.0,980.0,967.0
2022-08-16,0.0,-0.31,970.0,,6176,0,990.0,990.0,965.0
2022-08-15,0.0,2.96,973.0,,14020,0,946.0,981.0,945.0
2022-08-14,0.0,-1.25,945.0,,4498,0,969.0,977.0,945.0
2022-08-11,0.0,-1.44,957.0,,5320,0,953.0,990.0,953.0
2022-08-10,0.0,0.1,971.0,,6629,0,951.0,971.0,951.0
2022-08-09,0.0,-2.61,970.0,,9145,0,980.0,984.0,961.4
2022-08-08,0.0,1.12,996.0,,11877,0,1000.0,1014.9,986.0
2022-08-07,0.0,4.12,985.0,,10911,0,964.0,999.0,960.0
2022-08-05,0.0,-2.27,946.0,,5099,0,978.0,979.9,945.0
2022-08-04,0.0,-2.91,968.0,,6031,0,977.3,989.0,961.0
2022-08-03,0.0,1.22,997.0,,7892,0,990.0,1003.0,970.0
2022-08-02,0.0,1.34,985.0,,8352,0,972.0,985.0,963.0
2022-08-01,0.0,-0.51,972.0,,12941,0,977.0,989.0,962.0
2022-07-31,0.0,0.84,977.0,,7888,0,987.0,988.0,965.3
2022-07-29,0.0,5.32,968.9,,3668,0,932.0,968.9,925.0
2022-07-28,0.0,0.02,920.0,,8810,0,935.0,960.0,905.0
2022-07-27,0.0,3.35,919.8,,6116,0,874.0,919.8,857.0
2022-07-26,0.0,-3.05,890.0,,7647,0,910.0,911.1,881.0
2022-07-25,0.0,3.27,918.0,,8023,0,902.0,929.0,892.0
2022-07-24,0.0,5.42,888.9,,7656,0,860.0,890.0,843.0
2022-07-22,0.0,-2.75,843.2,,2729,0,849.7,865.0,839.0
2022-07-21,0.0,0.79,867.0,,2660,0,863.2,875.0,860.2
2022-07-20,0.0,-1.13,860.2,,3499,0,852.8,887.0,852.8
2022-07-19,0.0,2.35,870.0,,2786,0,862.0,875.0,846.0
2022-07-18,0.0,0.59,850.0,,3626,0,837.0,865.0,837.0
2022-07-17,0.0,-0.71,845.0,,2365,0,860.0,862.0,840.0
2022-07-15,0.0,0.71,851.0,,400,0,829.0,851.0,828.2
2022-07-14,0.0,0.48,845.0,,2955,0,857.0,860.0,828.1
2022-07-13,0.0,4.47,841.0,,3406,0,790.3,841.0,790.3
2022-07-12,0.0,2.94,805.0,,1153,0,789.0,810.0,789.0
2022-07-11,0.0,-0.91,782.0,,3581,0,773.6,783.0,770.0
2022-07-08,0.0,-1.35,789.2,,952,0,815.0,815.0,785.0
2022-07-07,0.0,-1.84,800.0,,3680,0,825.0,837.0,800.0
2022-07-06,0.0,0.0,815.0,,1872,0,799.0,830.0,789.0
2022-07-05,0.0,-4.23,815.0,,5370,0,834.0,855.0,808.0
2022-07-04,0.0,-1.62,851.0,,8825,0,876.0,890.0,818.3
2022-07-03,0.0,1.17,865.0,,4296,0,872.0,875.9,850.2
2022-07-01,0.0,-0.58,855.0,,3649,0,860.0,875.0,845.0
2022-06-30,0.0,3.37,860.0,,5895,0,820.1,875.0,820.1
2022-06-29,0.0,5.99,832.0,,3300,0,785.0,832.0,785.0
2022-06-28,0.0,-1.88,785.0,,1711,0,784.0,794.9,773.0
2022-06-27,0.0,-4.19,800.0,,3790,0,851.0,851.0,800.0
2022-06-26,0.0,8.72,835.0,,5066,0,783.0,840.0,783.0
2022-06-24,0.0,3.78,768.0,,1507,0,726.0,768.0,726.0
2022-06-23,0.0,-2.63,740.0,,2162,0,745.1,745.1,735.0
2022-06-22,0.0,-2.81,760.0,,1675,0,779.0,780.0,760.0
2022-06-21,0.0,6.25,782.0,,1333,0,750.5,790.0,745.0
2022-06-20,0.0,-2.53,736.0,,4462,0,755.0,760.0,731.1
2022-06-19,0.0,-3.19,755.1,,1395,0,765.1,775.0,755.1
2022-06-17,0.0,0.0,780.0,,607,0,780.0,785.0,780.0
2022-06-16,0.0,0.0,780.0,,3386,0,766.0,781.0,766.0
2022-06-15,0.0,-2.5,780.0,,2523,0,816.0,816.0,769.1
2022-06-14,0.0,-0.12,800.0,,2325,0,800.0,805.0,790.0
2022-06-13,0.0,-0.56,801.0,,885,0,800.0,810.0,800.0
2022-06-10,0.0,-1.53,805.5,,1453,0,803.1,824.0,803.0
2022-06-09,0.0,-0.49,818.0,,3621,0,838.0,861.9,818.0
2022-06-08,0.0,3.14,822.0,,1566,0,807.0,836.0,805.0
2022-06-07,0.0,-2.69,797.0,,3726,0,820.0,820.0,791.0
2022-06-06,0.0,1.6,819.0,,2581,0,815.0,830.0,812.0
2022-06-03,0.0,-3.46,806.1,,3543,0,826.0,826.0,805.0
2022-06-02,0.0,-1.65,835.0,,588,0,833.1,847.0,833.1
2022-06-01,0.0,0.47,849.0,,1857,0,851.0,851.0,830.0
2022-05-31,0.0,-2.66,845.0,,3814,0,852.0,868.0,840.1
2022-05-30,0.0,-3.01,868.1,,2448,0,912.9,912.9,865.0
2022-05-27,0.0,0.56,895.0,,1812,0,880.0,895.0,877.5
2022-05-26,0.0,-1.22,890.0,,895,0,890.0,900.0,890.0
2022-05-25,0.0,0.46,901.0,,176,0,896.0,904.0,891.0
2022-05-24,0.0,0.89,896.9,,1569,0,906.7,906.7,883.0
2022-05-23,0.0,-1.77,889.0,,3149,0,904.0,904.0,870.0
2022-05-20,0.0,-0.54,905.0,,1580,0,928.0,928.0,891.8
2022-05-19,0.0,0.55,909.9,,980,0,920.0,920.0,884.0
2022-05-18,0.0,0.02,904.9,,943,0,895.0,904.9,877.2
2022-05-17,0.0,-4.09,890.0,,4361,0,925.0,931.9,888.1
2022-05-12,0.0,-2.17,928.0,,8634,0,967.5,967.5,915.0
2022-05-11,0.0,3.66,948.6,,3142,0,925.0,948.6,917.0
2022-05-10,0.0,2.25,915.1,,577,0,912.0,920.0,910.0
2022-05-09,0.0,-3.24,895.0,,3299,0,943.5,943.5,895.0
2022-05-08,0.0,4.05,925.0,,1449,0,890.0,925.0,880.0
2022-05-05,0.0,-1.88,889.0,,3367,0,895.0,900.0,872.1
2022-05-04,0.0,0.0,906.0,,1431,0,924.1,924.1,905.0
2022-05-02,0.0,-1.76,906.0,,1739,0,916.0,920.0,900.1
2022-04-28,0.0,-2.21,922.2,,2875,0,955.0,955.0,922.2
2022-04-27,0.0,-0.21,943.0,,815,0,940.0,943.0,930.3
2022-04-26,0.0,0.12,945.0,,859,0,944.0,953.0,937.0
2022-04-25,0.0,-1.98,943.9,,3870,0,963.0,982.2,943.9
2022-04-24,0.0,3.55,963.0,,2208,0,947.0,972.0,920.0
2022-04-21,0.0,0.54,930.0,,3427,0,943.0,943.0,905.0
2022-04-20,0.0,-4.24,925.0,,2322,0,967.0,967.0,922.0
2022-04-19,0.0,1.79,966.0,,3529,0,940.0,967.0,921.6
2022-04-18,0.0,-0.42,949.0,,4246,0,935.5,950.0,931.0
2022-04-17,0.0,-2.17,953.0,,1979,0,993.5,993.5,953.0
2022-04-13,0.0,2.0,974.1,,1060,0,955.0,974.1,950.0
2022-04-12,0.0,-1.48,955.0,,3931,0,955.0,989.0,950.0
2022-04-11,0.0,-2.09,969.3,,3175,0,982.0,998.0,969.3
2022-04-07,0.0,2.59,990.0,,5956,0,980.0,1000.0,970.0
2022-04-06,0.0,-3.02,965.0,,5827,0,978.0,1000.0,965.0
2022-04-05,0.0,-0.12,995.0,,3949,0,1016.1,1016.1,980.0
2022-04-04,0.0,-1.07,996.2,,5676,0,1010.0,1010.0,996.2
2022-04-03,0.0,-1.76,1007.0,,1959,0,1015.0,1015.0,1005.2
2022-03-31,0.0,-3.76,1025.0,,3694,0,1060.0,1060.0,1025.0
2022-03-30,0.0,4.41,1065.0,,5359,0,1020.0,1065.0,1010.0
2022-03-29,0.0,0.99,1020.0,,12530,0,1008.0,1022.0,999.0
2022-03-28,0.0,-1.46,1010.0,,3336,0,1016.2,1026.0,1010.0
2022-03-27,0.0,-3.76,1025.0,,7137,0,1045.0,1046.0,1025.0
2022-03-24,0.0,4.61,1065.0,,9326,0,1010.1,1069.0,1007.0
2022-03-23,0.0,-1.73,1018.1,,3128,0,1023.0,1035.0,1018.1
2022-03-22,0.0,0.29,1036.0,,2081,0,1035.0,1046.0,1032.0
2022-03-21,0.0,1.37,1033.0,,2255,0,1005.0,1033.5,1003.7
2022-03-20,0.0,-0.1,1019.0,,3197,0,1009.0,1020.0,999.0
2022-03-16,0.0,0.0,1020.0,,3678,0,1039.0,1050.0,1015.0
2022-03-15,0.0,-2.86,1020.0,,6421,0,1046.0,1046.0,1008.5
2022-03-14,0.0,0.96,1050.0,,2085,0,1045.0,1059.0,1033.0
2022-03-13,0.0,4.31,1040.0,,7564,0,1010.0,1055.0,1010.0
2022-03-10,0.0,2.34,997.0,,3454,0,974.0,998.0,974.0
2022-03-09,0.0,-1.0,974.2,,1678,0,1000.0,1000.0,974.2
2022-03-07,0.0,0.41,984.0,,3027,0,999.0,999.0,980.0
2022-03-06,0.0,1.01,980.0,,2396,0,985.0,994.0,965.5
2022-03-02,0.0,-2.98,970.2,,4851,0,985.0,998.0,970.1
2022-02-28,0.0,-0.99,1000.0,,3383,0,1022.0,1022.0,999.0
2022-02-27,0.0,-1.46,1010.0,,3459,0,1035.0,1045.0,1010.0
2022-02-24,0.0,-3.12,1025.0,,8103,0,1040.0,1050.0,1015.0
2022-02-23,0.0,-1.03,1058.0,,3426,0,1080.0,1080.0,1058.0
2022-02-22,0.0,0.28,1069.0,,2870,0,1068.0,1082.0,1044.7
2022-02-21,0.0,-0.84,1066.0,,5663,0,1071.0,1078.0,1035.9
2022-02-20,0.0,-1.83,1075.0,,3535,0,1073.1,1084.0,1051.7
2022-02-17,0.0,-0.36,1095.0,,2498,0,1077.2,1098.0,1077.0
2022-02-16,0.0,0.73,1099.0,,2286,0,1098.0,1100.0,1078.1
2022-02-15,0.0,2.63,1091.0,,4236,0,1056.1,1091.0,1056.1
2022-02-14,0.0,0.76,1063.0,,3025,0,1055.0,1065.0,1043.0
2022-02-13,0.0,-4.61,1055.0,,6442,0,1085.0,1086.3,1054.0
2022-02-10,0.0,0.55,1106.0,,3537,0,1084.0,1114.0,1084.0
2022-02-09,0.0,-2.22,1100.0,,5286,0,1115.0,1124.0,1099.0
2022-02-08,0.0,0.0,1125.0,,5666,0,1159.0,1175.0,1121.0
2022-02-07,0.0,0.26,1138.0,,2315,0,1149.9,1150.0,1124.0
2022-02-06,0.0,-2.07,1135.0,,3091,0,1139.0,1146.0,1120.0
2022-02-03,0.0,-1.36,1159.0,,6657,0,1180.0,1192.0,1159.0
2022-02-01,0.0,0.95,1175.0,,2222,0,1147.1,1175.0,1146.0
2022-01-31,0.0,-0.51,1164.0,,6634,0,1185.0,1188.0,1156.0
2022-01-30,0.0,5.69,1170.0,,5943,0,1120.0,1170.0,1120.0
2022-01-27,0.0,-1.25,1107.0,,7840,0,1130.0,1140.9,1093.0
2022-01-26,0.0,-1.76,1121.0,,4398,0,1130.0,1142.0,1110.0
2022-01-25,0.0,-1.71,1141.1,,7994,0,1150.0,1180.0,1117.2
2022-01-24,0.0,-2.52,1161.0,,11035,0,1191.0,1191.0,1143.0
2022-01-23,0.0,-1.08,1191.0,,7584,0,1219.0,1219.8,1190.0
2022-01-20,0.0,2.03,1204.0,,7653,0,1185.0,1205.0,1170.0
2022-01-19,0.0,-3.27,1180.1,,4290,0,1244.4,1244.4,1180.1
2022-01-18,0.0,-1.61,1220.0,,6798,0,1264.0,1264.0,1206.0
2022-01-17,0.0,-1.98,1240.0,,6409,0,1279.0,1279.0,1236.0
2022-01-16,0.0,1.69,1265.0,,8524,0,1244.0,1293.0,1250.0
2022-01-13,0.0,3.07,1244.0,,7654,0,1207.0,1245.0,1202.0
2022-01-12,0.0,-1.95,1207.0,,7934,0,1240.0,1254.0,1186.0
2022-01-11,0.0,4.77,1231.0,,11768,0,1185.0,1247.0,1179.0
2022-01-10,0.0,-1.34,1175.0,,6382,0,1200.0,1200.0,1166.2
2022-01-09,0.0,0.08,1191.0,,11202,0,1199.0,1213.0,1180.0
2022-01-06,0.0,5.88,1190.0,,3965,0,1146.3,1190.0,1113.0
2022-01-05,0.0,-2.27,1123.9,,8131,0,1173.0,1173.0,1105.1
2022-01-04,0.0,2.68,1150.0,,12304,0,1142.4,1160.0,1078.0
2022-01-03,0.0,5.66,1120.0,,12115,0,1081.0,1125.0,1080.0
2022-01-02,0.0,3.11,1060.0,,6585,0,1048.0,1070.0,1027.5
2021-12-29,0.0,0.78,1028.0,,1183,0,1035.0,1035.0,1015.0
2021-12-28,0.0,0.39,1020.0,,3165,0,996.0,1029.0,990.1
2021-12-27,0.0,-2.59,1016.0,,11194,0,1063.0,1106.0,990.1
2021-12-26,0.0,5.46,1043.0,,9786,0,995.0,1043.0,995.0
2021-12-23,0.0,0.41,989.0,,4257,0,1004.7,1014.0,979.1
2021-12-22,0.0,3.85,985.0,,4881,0,967.4,985.0,960.0
2021-12-21,0.0,2.55,948.5,,2589,0,943.3,958.0,938.0
2021-12-20,0.0,-0.12,924.9,,1714,0,944.0,950.0,910.0
2021-12-16,0.0,-2.53,926.0,,3783,0,945.0,945.0,912.0
2021-12-15,0.0,-2.46,950.0,,5230,0,993.0,1012.0,950.0
2021-12-14,0.0,7.16,974.0,,1582,0,920.0,974.0,920.0
2021-12-13,0.0,-3.41,908.9,,7419,0,923.0,930.0,890.0
2021-12-12,0.0,-4.37,941.0,,8308,0,984.0,984.0,941.0
2021-12-09,0.0,-1.5,984.0,,3005,0,1018.5,1018.5,979.2
2021-12-08,0.0,-2.92,999.0,,5778,0,1028.0,1040.0,985.0
2021-12-07,0.0,-1.06,1029.0,,2757,0,1050.0,1070.0,1029.0
2021-12-06,0.0,0.29,1040.0,,4428,0,1017.0,1050.0,996.7
2021-12-05,0.0,-3.08,1037.0,,4937,0,1066.0,1075.0,1009.4
2021-12-02,0.0,-2.55,1070.0,,3248,0,1100.0,1100.0,1063.0
2021-12-01,0.0,1.76,1098.0,,2339,0,1100.0,1100.0,1085.0
2021-11-30,0.0,-1.1,1079.0,,3167,0,1111.0,1111.0,1072.2
2021-11-29,0.0,-2.59,1091.0,,5192,0,1115.0,1142.0,1085.0
2021-11-28,0.0,-2.79,1120.0,,4867,0,1131.0,1150.0,1108.0
2021-11-25,0.0,-1.52,1152.2,,2417,0,1170.0,1180.0,1150.0
2021-11-24,0.0,0.0,1170.0,,3133,0,1170.0,1180.0,1150.0
2021-11-23,0.0,0.0,1170.0,,3910,0,1170.0,1180.0,1160.0
2021-11-22,0.0,0.34,1170.0,,3190,0,1185.0,1188.0,1163.0
2021-11-21,0.0,-0.17,1166.0,,5515,0,1180.0,1191.0,1166.0
2021-11-18,0.0,-2.34,1168.0,,8251,0,1219.0,1219.0,1157.0
2021-11-17,0.0,-0.75,1196.0,,5570,0,1206.0,1229.0,1180.0
2021-11-16,0.0,2.12,1205.0,,4263,0,1199.0,1220.0,1180.0
2021-11-15,0.0,1.46,1180.0,,8059,0,1180.0,1195.0,1162.0
2021-11-14,0.0,-0.34,1163.0,,5800,0,1180.0,1185.0,1160.0
2021-11-11,0.0,-2.51,1167.0,,8834,0,1197.0,1215.0,1167.0
2021-11-09,0.0,-4.24,1197.0,,12105,0,1250.0,1271.9,1197.0
2021-11-08,0.0,-0.08,1250.0,,3084,0,1276.0,1284.0,1240.1
2021-11-03,0.0,-1.42,1251.0,,5025,0,1271.0,1280.0,1247.0
2021-11-02,0.0,-0.39,1269.0,,5436,0,1274.0,1274.0,1252.0
2021-11-01,0.0,-1.55,1274.0,,6903,0,1294.0,1313.0,1267.2
2021-10-31,0.0,1.73,1294.0,,11344,0,1297.4,1315.0,1276.0
2021-10-28,0.0,0.82,1590.0,,95426,0,1608.5,1608.9,1575.0
2021-10-27,0.0,0.25,1577.0,,26031,0,1580.1,1595.9,1560.1
2021-10-26,0.0,0.25,1573.0,,20708,0,1580.0,1598.9,1560.0
2021-10-25,0.0,1.69,1569.0,,19593,0,1562.0,1570.0,1535.0
2021-10-24,0.0,3.0,1543.0,,12766,0,1527.9,1546.0,1514.0
2021-10-21,0.0,-0.13,1498.0,,5616,0,1529.0,1530.0,1470.1
2021-10-20,0.0,0.74,1500.0,,2917,0,1518.0,1519.8,1490.0
2021-10-19,0.0,-2.04,1489.0,,11691,0,1491.0,1500.0,1456.0
2021-10-18,0.0,-2.25,1520.0,,5804,0,1555.0,1555.0,1510.0
2021-10-17,0.0,0.65,1555.0,,1807,0,1574.0,1574.0,1543.0
2021-10-11,0.0,-1.59,1545.0,,11790,0,1570.0,1570.0,1531.0
2021-10-10,0.0,-1.75,1570.0,,20549,0,1629.9,1629.9,1565.0
2021-10-06,0.0,5.13,1598.0,,30296,0,1550.4,1599.9,1525.0
2021-10-05,0.0,1.57,1520.0,,7641,0,1520.0,1538.0,1495.0
2021-10-04,0.0,2.09,1496.5,,8295,0,1465.9,1509.0,1445.0
2021-10-03,0.0,0.13,1465.9,,7814,0,1460.0,1493.0,1460.0
2021-09-30,0.0,-0.48,1464.0,,6935,0,1500.0,1500.0,1460.0
2021-09-29,0.0,1.1,1471.0,,8027,0,1470.0,1499.0,1460.0
2021-09-28,0.0,-2.35,1455.0,,14335,0,1490.0,1517.9,1450.0
2021-09-27,0.0,-2.61,1490.0,,11552,0,1530.0,1530.0,1490.0
2021-09-26,0.0,-1.37,1530.0,,9717,0,1552.0,1552.0,1529.0
2021-09-23,0.0,0.08,1551.3,,11572,0,1581.0,1581.0,1550.0
2021-09-22,0.0,1.31,1550.0,,14195,0,1560.0,1591.0,1541.0
2021-09-21,0.0,0.13,1530.0,,17708,0,1517.0,1560.0,1481.0
2021-09-20,0.0,-0.78,1528.0,,17188,0,1570.8,1570.8,1515.0
2021-09-16,0.0,-2.78,1540.0,,30083,0,1572.9,1572.9,1536.0
2021-09-15,0.0,-0.38,1584.0,,9416,0,1609.9,1609.9,1565.0
2021-09-14,0.0,0.7,1590.0,,20740,0,1610.5,1610.5,1570.3
2021-09-13,0.0,-0.5,1579.0,,37911,0,1587.0,1616.0,1570.0
2021-09-12,0.0,-0.13,1587.0,,39566,0,1620.7,1620.7,1575.0
2021-09-09,0.0,-1.3,1589.0,,58349,0,1642.0,1642.0,1578.0
2021-09-08,0.0,6.98,1610.0,,150202,0,1535.1,1655.5,1535.1
2021-09-07,0.0,1.96,1505.0,,34235,0,1470.0,1530.0,1432.0
2021-09-06,0.0,2.64,1476.0,,12656,0,1450.0,1500.0,1387.0
2021-09-05,0.0,-2.18,1438.0,,16494,0,1441.0,1460.0,1412.5
2021-09-02,0.0,0.68,1470.0,,14221,0,1470.0,1508.0,1451.0
2021-09-01,0.0,-1.68,1460.0,,15825,0,1455.3,1500.0,1455.3
2021-08-31,0.0,-0.74,1485.0,,12575,0,1466.1,1494.0,1465.0
2021-08-29,0.0,-1.97,1496.0,,15121,0,1530.0,1531.0,1485.0
2021-08-26,0.0,0.59,1526.0,,12866,0,1520.0,1535.0,1502.0
2021-08-25,0.0,-0.85,1517.0,,10864,0,1530.0,1550.0,1511.2
2021-08-24,0.0,-0.39,1530.0,,9321,0,1536.0,1565.0,1530.0
2021-08-19,0.0,-0.58,1536.0,,16006,0,1540.0,1555.0,1526.0
2021-08-18,0.0,-0.39,1545.0,,10408,0,1551.0,1551.0,1505.0
2021-08-17,0.0,-1.84,1551.0,,11619,0,1590.0,1590.0,1551.0
2021-08-16,0.0,1.41,1580.0,,21442,0,1588.0,1599.0,1564.0
2021-08-15,0.0,1.56,1558.0,,35359,0,1540.0,1594.9,1516.0
2021-08-12,0.0,1.25,1534.0,,12117,0,1515.0,1545.0,1507.0
2021-08-11,0.0,-0.98,1515.0,,5459,0,1535.0,1536.0,1515.0
2021-08-10,0.0,1.32,1530.0,,13006,0,1511.0,1550.0,1500.0
2021-08-09,0.0,-1.05,1510.0,,31215,0,1521.0,1530.0,1496.2
2021-08-08,0.0,-2.62,1526.0,,15108,0,1547.0,1570.0,1518.0
2021-08-05,0.0,-1.14,1567.0,,25251,0,1580.0,1600.0,1544.0
2021-08-04,0.0,-3.58,1585.1,,32077,0,1660.0,1673.0,1582.0
2021-08-03,0.0,4.38,1644.0,,66022,0,1585.0,1685.0,1580.0
2021-08-02,0.0,2.94,1575.0,,30410,0,1557.0,1575.0,1538.0
2021-08-01,0.0,-1.16,1530.0,,14917,0,1571.0,1571.0,1525.0
2021-07-29,0.0,-0.26,1548.0,,17037,0,1560.0,1569.9,1539.0
2021-07-28,0.0,1.11,1552.0,,15383,0,1559.0,1561.0,1528.0
2021-07-27,0.0,-1.6,1535.0,,25556,0,1528.8,1545.0,1492.1
2021-07-26,0.0,2.83,1560.0,,34078,0,1530.0,1581.0,1530.0
2021-07-25,0.0,0.86,1517.0,,11319,0,1504.0,1520.0,1500.0
2021-07-22,0.0,-0.73,1504.0,,11169,0,1510.0,1525.0,1500.0
2021-07-20,0.0,-2.07,1515.0,,25963,0,1561.0,1561.0,1500.0
2021-07-19,0.0,-1.9,1547.0,,25842,0,1585.0,1600.0,1540.0
2021-07-18,0.0,5.13,1577.0,,38752,0,1527.0,1581.0,1520.0
2021-07-15,0.0,2.6,1500.0,,13702,0,1450.0,1500.0,1449.0
2021-07-14,0.0,0.14,1462.0,,5850,0,1462.0,1470.0,1432.0
2021-07-13,0.0,2.67,1460.0,,8192,0,1433.0,1470.0,1433.0
2021-07-12,0.0,-2.94,1422.0,,26460,0,1470.0,1494.0,1400.0
2021-07-11,0.0,2.88,1465.0,,8935,0,1430.0,1465.0,1430.0
2021-07-08,0.0,2.45,1424.0,,9478,0,1382.0,1428.0,1382.0
2021-07-07,0.0,0.87,1390.0,,7958,0,1446.0,1446.0,1380.0
2021-07-06,0.0,1.32,1378.0,,4100,0,1387.0,1387.0,1354.0
2021-07-05,0.0,-1.23,1360.0,,6677,0,1370.0,1375.0,1360.0
2021-07-04,0.0,-0.94,1377.0,,3227,0,1405.0,1405.0,1376.0
2021-07-01,0.0,-1.35,1390.0,,4251,0,1433.0,1433.0,1390.0
2021-06-30,0.0,-0.07,1409.0,,6917,0,1382.0,1410.0,1382.0
2021-06-29,0.0,0.14,1410.0,,13872,0,1478.0,1505.0,1400.0
2021-06-28,0.0,3.15,1408.0,,14687,0,1368.0,1430.0,1368.0
2021-06-27,0.0,-0.15,1365.0,,9403,0,1358.0,1375.0,1346.0
2021-06-24,0.0,-2.29,1367.0,,8232,0,1373.0,1384.0,1357.0
2021-06-23,0.0,-2.17,1399.0,,14649,0,1501.0,1501.0,1380.0
2021-06-22,0.0,2.88,1430.0,,16839,0,1417.0,1430.0,1371.0
2021-06-21,0.0,-3.67,1390.0,,16374,0,1471.0,1471.0,1380.0
2021-06-20,0.0,-2.17,1443.0,,12401,0,1460.0,1482.0,1415.0
2021-06-17,0.0,-1.34,1475.0,,9165,0,1510.0,1510.0,1458.0
2021-06-16,0.0,3.53,1495.0,,36575,0,1443.0,1565.0,1436.0
2021-06-15,0.0,0.0,1444.0,,12642,0,1435.0,1463.0,1428.0
2021-06-14,0.0,0.0,1444.0,,8380,0,1465.0,1465.0,1440.0
2021-06-13,0.0,-0.48,1444.0,,13360,0,1457.0,1468.0,1442.0
2021-06-10,0.0,-1.83,1451.0,,10622,0,1478.0,1480.0,1451.0
2021-06-09,0.0,0.01,1478.0,,8101,0,1491.0,1500.0,1460.0
2021-06-08,0.0,-0.81,1463.0,,15220,0,1548.0,1548.0,1459.0
2021-06-07,0.0,-1.01,1475.0,,9655,0,1494.0,1499.0,1470.0
2021-06-06,0.0,-1.65,1490.0,,13425,0,1540.0,1544.0,1485.0
2021-06-03,0.0,0.13,1515.0,,21549,0,1513.0,1545.0,1503.0
2021-06-02,0.0,3.56,1513.0,,28201,0,1461.0,1513.0,1455.0
2021-06-01,0.0,-0.68,1461.0,,9197,0,1500.0,1500.0,1458.0
2021-05-31,0.0,-2.0,1471.0,,15207,0,1510.0,1519.0,1464.0
2021-05-30,0.0,0.13,1501.0,,39542,0,1490.0,1569.0,1471.0
2021-05-27,0.0,-2.6,1499.0,,45911,0,1463.0,1519.0,1463.0
2021-05-25,0.0,-0.13,1539.0,,21103,0,1532.0,1568.0,1522.0
2021-05-24,0.0,0.13,1541.0,,15888,0,1560.0,1578.0,1525.0
2021-05-23,0.0,0.07,1539.0,,25844,0,1510.0,1550.0,1508.0
2021-05-20,0.0,0.2,1538.0,,15632,0,1550.0,1560.0,1523.0
2021-05-19,0.0,-1.85,1535.0,,28674,0,1580.0,1595.0,1530.0
2021-05-18,0.0,3.58,1564.0,,32637,0,1512.0,1577.0,1510.0
2021-05-17,0.0,0.6,1510.0,,22267,0,1576.0,1576.0,1505.0
2021-05-16,0.0,1.21,1501.0,,16199,0,1510.0,1529.0,1491.0
2021-05-13,0.0,0.14,1483.0,,13768,0,1481.0,1496.0,1480.0
2021-05-12,0.0,-0.6,1481.0,,8468,0,1490.0,1501.0,1478.0
2021-05-11,0.0,2.76,1490.0,,27408,0,1445.0,1504.0,1445.0
2021-05-10,0.0,1.4,1450.0,,12261,0,1413.0,1463.0,1413.0
2021-05-09,0.0,-1.65,1430.0,,10451,0,1460.0,1470.0,1428.0
2021-05-06,0.0,-2.55,1454.0,,23246,0,1494.0,1494.0,1437.0
2021-05-05,0.0,-0.2,1492.0,,24037,0,1565.0,1565.0,1476.0
2021-05-04,0.0,3.1,1495.0,,30661,0,1459.0,1505.0,1452.0
2021-05-03,0.0,-0.89,1450.0,,22312,0,1479.0,1485.0,1449.0
2021-05-02,0.0,3.61,1463.0,,25715,0,1391.0,1464.0,1390.0
2021-04-29,0.0,0.57,1412.0,,4585,0,1420.0,1420.0,1401.0
2021-04-28,0.0,-1.2,1404.0,,7159,0,1445.0,1445.0,1395.0
2021-04-27,0.0,5.01,1425.0,,19150,0,1384.0,1428.0,1357.0
2021-04-26,0.0,-3.07,1357.0,,13375,0,1376.0,1400.0,1349.0
2021-04-25,0.0,-3.11,1400.0,,10699,0,1450.0,1450.0,1392.0
2021-04-22,0.0,3.21,1445.0,,11178,0,1393.0,1445.0,1345.0
2021-04-21,0.0,-2.37,1399.0,,9909,0,1440.0,1440.0,1396.0
2021-04-20,0.0,0.0,1433.0,,6976,0,1365.0,1460.0,1365.0
2021-04-19,0.0,-1.58,1433.0,,10206,0,1431.0,1467.0,1430.0
2021-04-18,0.0,-2.02,1456.0,,14111,0,1470.0,1485.0,1456.0
2021-04-15,0.0,-0.47,1486.0,,11009,0,1500.0,1505.0,1476.0
2021-04-13,0.0,-1.78,1493.0,,41985,0,1460.0,1548.0,1460.0
2021-04-12,0.0,3.75,1520.0,,37783,0,1485.0,1550.0,1476.0
2021-04-08,0.0,1.74,1465.0,,20368,0,1467.0,1475.0,1440.0
2021-04-07,0.0,2.06,1440.0,,28704,0,1350.0,1461.0,1350.0
2021-04-06,0.0,2.02,1411.0,,17675,0,1371.0,1419.0,1371.0
2021-04-05,0.0,0.07,1383.0,,8188,0,1382.0,1397.0,1364.0
2021-04-04,0.0,-0.72,1382.0,,12123,0,1371.0,1400.0,1371.0
2021-04-01,0.0,-1.21,1392.0,,14439,0,1409.0,1428.0,1390.0
2021-03-31,0.0,-1.4,1409.0,,14584,0,1457.0,1457.0,1376.0
2021-03-30,0.0,4.38,1429.0,,28845,0,1380.0,1445.0,1373.0
2021-03-29,0.0,3.09,1369.0,,21630,0,1328.0,1387.0,1328.0
2021-03-25,0.0,-2.14,1328.0,,14272,0,1352.0,1378.0,1320.0
2021-03-24,0.0,3.04,1357.0,,21081,0,1311.0,1365.0,1308.0
2021-03-23,0.0,2.49,1317.0,,17721,0,1290.0,1320.0,1265.0
2021-03-22,0.0,-0.16,1285.0,,40621,0,1287.0,1340.0,1265.0
2021-03-21,0.0,10.0,1287.0,,33407,0,1178.0,1287.0,1178.0
2021-03-18,0.0,2.18,1170.0,,16449,0,1167.0,1224.0,1145.0
2021-03-17,0.0,3.06,1145.0,,11802,0,1133.0,1150.0,1111.0
2021-03-16,0.0,-1.33,1111.0,,7898,0,1140.0,1140.0,1106.0
2021-03-15,0.0,0.0,1126.0,,10128,0,1120.0,1170.0,1104.0
2021-03-14,0.0,-4.98,1126.0,,11865,0,1175.0,1175.0,1121.0
2021-03-10,0.0,0.59,1185.0,,6532,0,1178.0,1188.0,1154.0
2021-03-09,0.0,-1.83,1178.0,,7959,0,1192.0,1200.0,1171.0
2021-03-08,0.0,-1.64,1200.0,,6410,0,1244.0,1244.0,1199.0
2021-03-04,0.0,2.35,1220.0,,12009,0,1210.0,1231.0,1200.0
2021-03-03,0.0,-3.87,1192.0,,8879,0,1217.0,1217.0,1181.0
2021-03-02,0.0,-1.59,1240.0,,9831,0,1265.0,1278.0,1217.0
2021-03-01,0.0,0.0,1260.0,,14169,0,1222.0,1275.0,1217.0
2021-02-28,0.0,-5.63,1241.0,,19073,0,1320.0,1320.0,1240.0
2021-02-25,0.0,0.0,1478.0,,28519,0,1560.0,1560.0,1475.0
2021-02-24,0.0,0.47,1486.0,,16021,0,1508.0,1535.0,1475.0
2021-02-23,0.0,0.0,1479.0,,17922,0,1470.0,1479.0,1427.0
2021-02-22,0.0,-1.86,1479.0,,22280,0,1525.0,1525.0,1462.0
2021-02-21,0.0,0.02,1507.0,,35677,0,1525.0,1565.0,1492.0
2021-02-18,0.0,-0.01,1484.0,,15740,0,1514.0,1514.0,1477.0
2021-02-17,0.0,-0.01,1494.0,,17352,0,1496.0,1519.0,1493.0
2021-02-16,0.0,-0.02,1510.0,,20710,0,1565.0,1594.0,1492.0
2021-02-15,0.0,0.1,1535.0,,37751,0,1423.0,1535.0,1423.0
2021-02-14,0.0,-0.03,1396.0,,17878,0,1440.0,1466.0,1387.0
2021-02-11,0.0,-0.02,1438.0,,25318,0,1472.0,1500.0,1430.0
2021-02-10,0.0,-0.02,1471.0,,18417,0,1500.0,1503.0,1458.0
2021-02-09,0.0,-0.02,1507.0,,18065,0,1530.0,1535.0,1476.0
2021-02-08,0.0,-0.05,1530.0,,37539,0,1638.0,1649.0,1515.0
2021-02-07,0.0,0.08,1606.0,,74807,0,1510.0,1629.0,1510.0
2021-02-04,0.0,0.05,1494.0,,28520,0,1426.0,1544.0,1420.0
2021-02-03,0.0,-0.02,1434.0,,16554,0,1480.0,1480.0,1420.0
2021-02-02,0.0,0.03,1464.0,,31156,0,1448.0,1500.0,1423.0
2021-02-01,0.0,-0.03,1420.0,,30368,0,1475.0,1495.0,1415.0
2021-01-31,0.0,-0.04,1470.0,,43763,0,1520.0,1520.0,1428.0
2021-01-28,0.0,0.05,1535.0,,50687,0,1470.0,1598.0,1470.0
2021-01-27,0.0,0.04,1461.0,,35991,0,1400.0,1500.0,1387.0
2021-01-26,0.0,-0.02,1400.0,,20458,0,1430.0,1430.0,1375.0
2021-01-25,0.0,0.01,1422.0,,36758,0,1480.0,1480.0,1355.0
2021-01-24,0.0,0.04,1410.0,,30439,0,1380.0,1436.0,1365.0
2021-01-21,0.0,0.06,1359.0,,42160,0,1270.0,1369.0,1270.0
2021-01-20,0.0,0.0,1281.0,,17055,0,1286.0,1286.0,1260.0
2021-01-19,0.0,-0.01,1284.0,,20671,0,1366.0,1366.0,1265.0
2021-01-18,0.0,0.02,1301.0,,34129,0,1298.0,1301.0,1276.0
2021-01-17,0.0,0.04,1274.0,,29080,0,1240.0,1289.0,1218.0
2021-01-13,0.0,0.04,1220.0,,33264,0,1190.0,1275.0,1187.0
2021-01-12,0.0,0.0,1170.0,,9705,0,1160.0,1180.0,1151.0
2021-01-11,0.0,-0.02,1167.0,,13459,0,1211.0,1211.0,1140.0
2021-01-10,0.0,0.02,1190.0,,22098,0,1190.0,1214.0,1170.0
2021-01-07,0.0,0.0,1168.0,,14841,0,1177.0,1189.0,1160.0
2021-01-06,0.0,0.06,1166.0,,27108,0,1114.0,1166.0,1101.0
2021-01-05,0.0,0.0,1098.0,,5205,0,1110.0,1120.0,1098.0
2021-01-04,0.0,-0.02,1100.0,,9134,0,1140.0,1140.0,1098.0
2021-01-03,0.0,0.01,1119.0,,16064,0,1110.0,1128.0,1090.0
2020-12-31,0.0,0.0,1106.0,,18603,0,1100.0,1127.0,1085.0
2020-12-30,0.0,0.05,1105.0,,16521,0,1053.0,1117.0,1053.0
2020-12-29,0.0,0.02,1055.0,,7887,0,1055.0,1076.0,1044.0
2020-12-28,0.0,0.01,1038.0,,8073,0,1030.0,1050.0,1011.0
2020-12-27,0.0,-0.02,1030.0,,9433,0,1046.0,1060.0,1020.0
2020-12-24,0.0,-0.02,1049.0,,5769,0,1070.0,1070.0,1040.0
2020-12-23,0.0,-0.04,1070.0,,14967,0,1114.0,1115.0,1065.0
2020-12-22,0.0,0.04,1114.0,,14887,0,1122.0,1122.0,1080.0
2020-12-21,0.0,0.02,1069.0,,25968,0,1025.0,1095.0,980.0
2020-12-20,0.0,-0.09,1045.0,,43051,0,1127.0,1135.0,1039.0
2020-12-17,0.0,0.0,1149.0,,32683,0,1133.0,1229.0,1120.0
2020-12-16,0.0,0.07,1148.0,,67257,0,1091.0,1169.0,1070.0
2020-12-15,0.0,0.02,1070.0,,53707,0,1065.0,1093.0,1050.0
2020-12-14,0.0,0.07,1045.0,,39175,0,999.0,1050.0,991.0
2020-12-13,0.0,0.03,980.0,,13724,0,967.0,982.0,948.0
2020-12-10,0.0,0.02,949.0,,6083,0,940.0,952.0,922.0
2020-12-09,0.0,-0.02,929.0,,12589,0,933.0,950.0,915.0
2020-12-08,0.0,-0.01,952.0,,15876,0,980.0,999.0,949.0
2020-12-07,0.0,0.02,962.0,,11918,0,958.0,994.0,930.0
2020-12-06,0.0,-0.08,940.0,,17343,0,1000.0,1000.0,928.0
2020-12-03,0.0,0.01,1020.0,,37104,0,1031.0,1072.0,997.0
2020-12-02,0.0,0.08,1012.0,,44238,0,952.0,1031.0,948.0
2020-12-01,0.0,-0.02,938.0,,10458,0,938.0,957.0,930.0
2020-11-30,0.0,0.0,957.0,,20082,0,970.0,970.0,937.0
2020-11-29,0.0,0.02,955.0,,34254,0,957.0,995.0,922.0
2020-11-26,0.0,-0.02,939.0,,19833,0,977.0,980.0,937.0
2020-11-25,0.0,0.06,950.0,,17455,0,912.0,950.0,905.0
2020-11-24,0.0,0.01,895.0,,9092,0,890.0,915.0,884.0
2020-11-23,0.0,-0.02,883.0,,11886,0,891.0,900.0,883.0
2020-11-22,0.0,0.0,901.0,,14124,0,900.0,932.0,890.0
2020-11-19,0.0,0.0,897.0,,11389,0,895.0,900.0,885.0
2020-11-18,0.0,0.0,884.0,,6464,0,880.0,897.0,879.0
2020-11-12,0.0,0.0,876.0,,5075,0,889.0,889.0,875.0
2020-11-11,0.0,0.11,889.0,,9613,0,890.0,895.0,877.0
2020-11-10,0.0,0.0,888.0,,7918,0,900.0,905.0,885.0
2020-11-09,0.0,1.02,888.0,,12915,0,888.0,900.0,883.0
2020-11-08,0.0,0.57,879.0,,5787,0,875.0,891.0,865.0
2020-11-05,0.0,-1.58,874.0,,5185,0,897.0,897.0,872.0
2020-11-04,0.0,-0.45,888.0,,3206,0,895.0,899.0,878.0
2020-11-03,0.0,-0.89,892.0,,17363,0,910.0,915.0,883.0
2020-11-02,0.0,2.97,900.0,,17596,0,875.0,903.0,872.0
2020-11-01,0.0,1.75,874.0,,4000,0,865.0,875.0,860.0
2020-10-29,0.0,-0.12,859.0,,5810,0,854.0,860.0,852.0
2020-10-28,0.0,0.47,860.0,,2826,0,870.0,870.0,848.0
2020-10-22,0.0,-0.47,856.0,,940,0,877.0,877.0,850.0
2020-10-21,0.0,1.9,860.0,,4978,0,860.0,860.0,840.0
2020-10-20,0.0,1.44,844.0,,4665,0,836.0,845.0,833.0
2020-10-19,0.0,0.0,832.0,,2038,0,848.0,848.0,830.0
2020-10-18,0.0,-0.95,832.0,,1942,0,840.0,840.0,832.0
2020-10-15,0.0,0.24,840.0,,720,0,854.0,854.0,840.0
2020-10-14,0.0,-0.95,838.0,,1645,0,888.0,888.0,837.0
2020-10-13,0.0,-0.7,846.0,,1510,0,867.0,868.0,846.0
2020-10-12,0.0,0.83,852.0,,1516,0,845.0,860.0,845.0
2020-10-11,0.0,-1.05,845.0,,5429,0,896.0,896.0,840.0
2020-10-08,0.0,-0.12,854.0,,5841,0,857.0,876.0,854.0
2020-10-07,0.0,0.71,855.0,,3496,0,855.0,860.0,848.0
2020-10-06,0.0,0.0,849.0,,2312,0,841.0,850.0,840.0
2020-10-05,0.0,-0.82,849.0,,4119,0,856.0,858.0,849.0
2020-10-04,0.0,-0.47,856.0,,4743,0,861.0,869.0,855.0
2020-10-01,0.0,2.63,860.0,,3113,0,840.0,872.0,836.0
2020-09-30,0.0,-0.71,838.0,,4467,0,839.0,845.0,834.0
2020-09-29,0.0,-1.17,844.0,,3192,0,853.0,854.0,844.0
2020-09-28,0.0,-0.12,854.0,,3023,0,855.0,872.0,854.0
2020-09-27,0.0,0.0,855.0,,4508,0,854.0,865.0,854.0
2020-09-24,0.0,-1.16,855.0,,7447,0,865.0,869.0,855.0
2020-09-23,0.0,0.0,865.0,,5383,0,880.0,880.0,855.0
2020-09-22,0.0,-0.57,865.0,,6044,0,865.0,874.0,855.0
2020-09-21,0.0,-0.11,870.0,,2176,0,855.0,889.0,855.0
2020-09-20,0.0,-0.91,871.0,,1955,0,896.0,896.0,871.0
2020-09-17,0.0,1.27,879.0,,6930,0,880.0,902.0,878.0
2020-09-16,0.0,-0.23,868.0,,2608,0,870.0,879.0,866.0
2020-09-15,0.0,0.0,870.0,,2999,0,870.0,890.0,867.0
2020-09-14,0.0,-3.44,870.0,,6387,0,908.0,908.0,870.0
2020-09-13,0.0,-1.31,901.0,,8518,0,930.0,930.0,895.0
2020-09-10,0.0,0.33,913.0,,14147,0,921.0,938.0,887.0
2020-09-09,0.0,7.82,910.0,,27075,0,859.0,912.0,848.0
2020-09-08,0.0,0.48,844.0,,3572,0,840.0,850.0,840.0
2020-09-07,0.0,-0.94,840.0,,7396,0,885.0,885.0,835.0
2020-09-06,0.0,0.24,848.0,,12299,0,862.0,864.0,838.0
2020-09-03,0.0,0.12,846.0,,4921,0,843.0,861.0,843.0
2020-09-02,0.0,0.48,845.0,,6558,0,852.0,864.0,840.0
2020-08-31,0.0,0.24,841.0,,9624,0,854.0,854.0,822.0
2020-08-30,0.0,-1.06,839.0,,1118,0,848.0,849.0,838.0
2020-08-27,0.0,-0.82,848.0,,4510,0,869.0,869.0,834.0
2020-08-26,0.0,1.66,855.0,,9963,0,857.0,863.0,849.0
2020-08-25,0.0,0.48,841.0,,4406,0,853.0,865.0,835.0
2020-08-24,0.0,3.59,837.0,,6981,0,824.0,838.0,821.0
2020-08-23,0.0,-0.12,808.0,,3588,0,794.0,819.0,794.0
2020-08-20,0.0,1.89,809.0,,1812,0,805.0,819.0,800.0
2020-08-19,0.0,-0.63,794.0,,895,0,799.0,805.0,790.0
2020-08-18,0.0,1.14,799.0,,3519,0,795.0,815.0,795.0
2020-08-17,0.0,-1.25,790.0,,2851,0,805.0,805.0,790.0
2020-08-16,0.0,-1.23,800.0,,3184,0,808.0,808.0,794.0
2020-08-13,0.0,-2.41,810.0,,2612,0,814.0,825.0,801.0
2020-08-12,0.0,-0.6,830.0,,2459,0,835.0,839.0,819.0
2020-08-11,0.0,-1.42,835.0,,5152,0,845.0,854.0,825.0
2020-08-10,0.0,5.09,847.0,,6059,0,808.0,848.0,808.0
2020-08-09,0.0,0.75,806.0,,5660,0,786.0,810.0,780.0
2020-08-06,0.0,0.76,800.0,,4963,0,804.0,804.0,780.0
2020-08-05,0.0,-1.6,799.0,,4767,0,796.0,811.0,779.0
2020-08-03,0.0,0.87,812.0,,7089,0,796.0,823.0,789.0
2020-08-02,0.0,-5.18,805.0,,9077,0,840.0,846.0,784.0
2020-07-30,0.0,-0.47,849.0,,12375,0,850.0,860.0,839.0
2020-07-29,0.0,-6.78,853.0,,25699,0,870.0,887.0,830.0
2020-07-28,0.0,-0.65,915.0,,3507,0,938.0,939.0,905.0
2020-07-27,0.0,-2.8,903.0,,10458,0,945.0,947.0,903.0
2020-07-26,0.0,1.64,929.0,,11382,0,920.0,955.0,916.0
2020-07-23,0.0,2.7,914.0,,10896,0,890.0,914.0,890.0
2020-07-22,0.0,-1.11,890.0,,6550,0,900.0,903.0,890.0
2020-07-21,0.0,0.0,900.0,,8741,0,900.0,916.0,880.0
2020-07-20,0.0,-4.86,900.0,,24310,0,993.0,1012.0,884.0
2020-07-19,0.0,5.7,946.0,,400,0,910.0,946.0,910.0
2020-07-16,0.0,-3.03,895.0,,24863,0,941.0,945.0,888.0
2020-07-15,0.0,-2.33,923.0,,8691,0,953.0,955.0,923.0
2020-07-14,0.0,-0.21,945.0,,9523,0,965.0,965.0,929.0
2020-07-13,0.0,1.07,947.0,,14337,0,955.0,985.0,930.0
2020-07-12,0.0,9.98,937.0,,28572,0,869.0,937.0,869.0
2020-07-09,0.0,-0.81,852.0,,6484,0,874.0,874.0,830.0
2020-07-08,0.0,0.47,859.0,,3583,0,851.0,872.0,826.0
2020-07-07,0.0,4.65,855.0,,6772,0,833.0,872.0,833.0
2020-07-06,0.0,5.69,817.0,,9889,0,775.0,823.0,775.0
2020-07-05,0.0,0.52,773.0,,4832,0,760.0,780.0,735.0
2020-07-02,0.0,-5.06,769.0,,1300,0,815.0,815.0,769.0
2020-07-01,0.0,9.46,810.0,,1712,0,753.0,814.0,753.0
2020-06-30,0.0,0.54,740.0,,2324,0,722.0,740.0,722.0
2020-06-29,0.0,0.0,736.0,,37,0,751.0,751.0,751.0
2020-05-12,0.0,-2.97,751.0,,20,0,759.0,759.0,751.0
2020-03-22,0.0,-2.03,774.0,,550,0,775.0,775.0,760.0
2020-03-19,0.0,4.5,790.0,,15209,0,741.0,790.0,714.0
2020-03-18,0.0,-0.92,758.0,,9712,0,750.0,799.0,711.0
2020-03-17,0.0,-5.67,765.0,,9288,0,801.0,801.0,765.0
2020-03-16,0.0,1.63,811.0,,22275,0,809.0,842.0,778.0
2020-03-15,0.0,-6.67,798.0,,14422,0,838.0,838.0,778.0
2020-03-12,0.0,-4.58,855.0,,15945,0,912.0,915.0,836.0
2020-03-11,0.0,3.82,896.0,,10795,0,880.0,932.0,846.0
2020-03-10,0.0,-4.96,863.0,,7207,0,926.0,926.0,863.0
2020-03-05,0.0,3.18,908.0,,17573,0,863.0,933.0,860.0
2020-03-04,0.0,1.62,880.0,,29447,0,854.0,890.0,840.0
2020-03-03,0.0,-5.66,866.0,,21238,0,918.0,934.0,827.0
2020-03-02,0.0,-4.77,918.0,,7586,0,950.0,966.0,918.0
2020-03-01,0.0,-5.49,964.0,,24964,0,1020.0,1003.0,949.0
2020-02-27,0.0,-2.3,1020.0,,12571,0,1024.0,1051.0,1004.0
2020-02-26,0.0,-0.38,1044.0,,19106,0,1055.0,1070.0,1032.0
2020-02-25,0.0,3.46,1048.0,,20647,0,993.0,1049.0,990.0
2020-02-24,0.0,-0.88,1013.0,,15427,0,1022.0,1030.0,1000.0
2020-02-23,0.0,-1.64,1022.0,,16229,0,1057.0,1068.0,1020.0
2020-02-20,0.0,5.48,1039.0,,25171,0,985.0,1039.0,985.0
2020-02-19,0.0,2.07,985.0,,11860,0,950.0,990.0,950.0
2020-02-18,0.0,-2.03,965.0,,14111,0,967.0,990.0,950.0
2020-02-17,0.0,-0.1,985.0,,12425,0,1004.0,1016.0,984.0
2020-02-16,0.0,2.71,986.0,,28270,0,970.0,996.0,943.0
2020-02-13,0.0,0.0,960.0,,47528,0,967.0,984.0,958.0
2020-02-12,0.0,5.49,960.0,,52896,0,928.0,975.0,895.0
2020-02-11,0.0,6.18,910.0,,39410,0,874.0,917.0,868.0
2020-02-10,0.0,3.63,857.0,,18815,0,830.0,870.0,830.0
2020-02-09,0.0,-2.25,827.0,,11555,0,840.0,862.0,820.0
2020-02-06,0.0,-1.05,846.0,,10964,0,859.0,859.0,835.0
2020-02-05,0.0,0.12,855.0,,2833,0,860.0,860.0,844.0
2020-02-04,0.0,-2.29,854.0,,10290,0,877.0,880.0,845.0
2020-02-03,0.0,0.69,874.0,,37467,0,870.0,876.0,845.0
2020-02-02,0.0,1.52,868.0,,16382,0,872.0,884.0,855.0
2020-01-30,0.0,5.48,847.0,,25014,0,819.0,870.0,798.0
2020-01-29,0.0,3.48,803.0,,17459,0,788.0,803.0,766.0
2020-01-28,0.0,0.91,776.0,,7422,0,784.0,784.0,764.0
2020-01-27,0.0,5.05,769.0,,7796,0,745.0,772.0,740.0
2020-01-26,0.0,1.8,735.0,,6535,0,730.0,740.0,730.0
2020-01-23,0.0,-0.41,722.0,,10650,0,739.0,760.0,722.0
2020-01-22,0.0,-3.85,725.0,,6669,0,769.0,774.0,725.0
2020-01-21,0.0,-1.44,754.0,,5492,0,775.0,775.0,745.0
2020-01-20,0.0,-2.42,765.0,,10761,0,775.0,813.0,736.0
2020-01-19,0.0,4.81,784.0,,9736,0,762.0,803.0,758.0
2020-01-16,0.0,6.7,748.0,,9804,0,715.0,760.0,714.0
2020-01-15,0.0,0.14,701.0,,12596,0,711.0,720.0,700.0
2020-01-14,0.0,0.57,700.0,,7692,0,709.0,736.0,687.0
2020-01-13,0.0,-2.66,696.0,,17173,0,711.0,742.0,687.0
2020-01-12,0.0,4.69,715.0,,12750,0,696.0,720.0,675.0
2020-01-09,0.0,5.24,683.0,,12821,0,650.0,690.0,638.0
2020-01-08,0.0,2.04,649.0,,13027,0,640.0,665.0,624.0
2020-01-07,0.0,2.75,636.0,,12953,0,625.0,640.0,613.0
2020-01-06,0.0,5.81,619.0,,15420,0,596.0,619.0,585.0
2020-01-05,0.0,3.91,585.0,,9228,0,574.0,595.0,570.0
2020-01-02,0.0,0.36,563.0,,3300,0,572.0,572.0,562.0
2020-01-01,0.0,2.0,561.0,,2280,0,550.0,561.0,550.0
2019-12-31,0.0,-1.26,550.0,,1413,0,548.0,560.0,546.0
2019-12-30,0.0,0.91,557.0,,2901,0,552.0,557.0,552.0
2019-12-29,0.0,-0.54,552.0,,1236,0,555.0,555.0,544.0
2019-12-26,0.0,-0.54,555.0,,928,0,549.0,555.0,547.0
2019-12-25,0.0,0.18,558.0,,601,0,566.0,566.0,550.0
2019-12-24,0.0,-1.59,557.0,,1404,0,560.0,561.0,549.0
2019-12-23,0.0,4.04,566.0,,1402,0,549.0,566.0,549.0
2019-12-22,0.0,0.18,544.0,,1751,0,553.0,564.0,544.0
2019-12-19,0.0,-1.27,543.0,,25,0,554.0,554.0,543.0
2019-12-18,0.0,0.0,550.0,,580,0,555.0,557.0,550.0
2019-12-17,0.0,-1.79,550.0,,3200,0,559.0,560.0,550.0
2019-12-16,0.0,-1.06,560.0,,1302,0,567.0,567.0,551.0
2019-12-15,0.0,-1.75,560.0,,1860,0,561.0,566.0,559.0
2019-12-12,0.0,0.18,570.0,,6011,0,580.0,591.0,563.0
2019-12-11,0.0,1.07,569.0,,5550,0,565.0,591.0,562.0
2019-12-10,0.0,-1.57,563.0,,5235,0,583.0,585.0,539.0
2019-12-09,0.0,3.81,572.0,,15878,0,562.0,583.0,562.0
2019-12-08,0.0,5.96,551.0,,12890,0,520.0,561.0,519.0
2019-12-05,0.0,0.58,520.0,,2880,0,527.0,527.0,508.0
2019-12-04,0.0,7.71,517.0,,4535,0,489.0,523.0,489.0
2019-12-03,0.0,3.45,480.0,,1315,0,473.0,505.0,470.0
2019-12-02,0.0,-1.28,464.0,,613,0,469.0,469.0,464.0
2019-12-01,0.0,-2.34,470.0,,3379,0,485.0,490.0,465.0
2019-11-28,0.0,-1.29,610.0,,12273,0,625.0,628.0,605.0
2019-11-27,0.0,-1.9,618.0,,6517,0,630.0,635.0,618.0
2019-11-26,0.0,1.29,630.0,,6990,0,622.0,633.0,621.0
2019-11-25,0.0,1.97,622.0,,6804,0,615.0,624.0,600.0
2019-11-24,0.0,0.49,610.0,,11455,0,619.0,630.0,601.0
2019-11-21,0.0,-0.16,607.0,,6317,0,609.0,610.0,592.0
2019-11-20,0.0,1.33,608.0,,2570,0,610.0,612.0,605.0
2019-11-19,0.0,0.0,600.0,,1967,0,608.0,608.0,593.0
2019-11-18,0.0,0.5,600.0,,540,0,592.0,600.0,592.0
2019-11-17,0.0,0.51,597.0,,1403,0,599.0,605.0,597.0
2019-11-14,0.0,-1.0,594.0,,100,0,600.0,594.0,594.0
2019-11-13,0.0,-0.17,600.0,,1654,0,589.0,600.0,578.0
2019-11-12,0.0,-2.28,601.0,,4846,0,624.0,639.0,585.0
2019-11-11,0.0,5.85,615.0,,5888,0,585.0,639.0,585.0
2019-11-10,0.0,1.04,581.0,,2765,0,575.0,585.0,574.0
2019-11-07,0.0,0.52,575.0,,2371,0,575.0,576.0,572.0
2019-11-06,0.0,0.35,572.0,,1592,0,573.0,576.0,568.0
2019-11-05,0.0,1.97,570.0,,5879,0,561.0,572.0,561.0
2019-11-04,0.0,2.57,559.0,,2521,0,555.0,566.0,554.0
2019-11-03,0.0,-0.18,545.0,,652,0,556.0,556.0,545.0
2019-10-31,0.0,0.74,546.0,,858,0,552.0,552.0,541.0
2019-10-24,0.0,0.18,542.0,,43,0,545.0,545.0,542.0
2019-10-23,0.0,0.56,541.0,,1137,0,539.0,541.0,538.0
2019-10-22,0.0,0.0,538.0,,52,0,540.0,540.0,538.0
2019-10-21,0.0,-0.37,538.0,,178,0,535.0,545.0,535.0
2019-10-17,0.0,0.93,540.0,,340,0,530.0,540.0,530.0
2019-10-16,0.0,-1.83,535.0,,300,0,535.0,535.0,535.0
2019-10-15,0.0,0.93,545.0,,102,0,540.0,545.0,540.0
2019-10-14,0.0,-2.0,540.0,,700,0,551.0,551.0,540.0
2019-10-10,0.0,1.85,551.0,,520,0,551.0,560.0,541.0
2019-10-03,0.0,0.0,541.0,,1740,0,547.0,550.0,541.0
2019-10-02,0.0,0.37,541.0,,175,0,532.0,541.0,531.0
2019-10-01,0.0,1.7,539.0,,60,0,540.0,550.0,539.0
2019-09-30,0.0,-0.19,530.0,,737,0,531.0,537.0,530.0
2019-09-29,0.0,0.0,531.0,,185,0,526.0,531.0,524.0
2019-09-26,0.0,0.0,531.0,,2220,0,540.0,540.0,530.0
2019-09-24,0.0,-0.18,540.0,,345,0,535.0,540.0,533.0
2019-09-23,0.0,1.5,541.0,,969,0,540.0,542.0,532.0
2019-09-22,0.0,-1.11,533.0,,467,0,532.0,538.0,529.0
2019-09-19,0.0,-2.0,539.0,,3020,0,550.0,551.0,539.0
2019-09-18,0.0,0.0,550.0,,1135,0,560.0,560.0,545.0
2019-09-17,0.0,3.77,550.0,,1565,0,540.0,561.0,540.0
2019-09-16,0.0,0.0,530.0,,1675,0,532.0,532.0,523.0
2019-09-15,0.0,-3.64,530.0,,2310,0,540.0,540.0,530.0
2019-09-12,0.0,-0.36,550.0,,602,0,552.0,552.0,548.0
2019-09-11,0.0,0.36,552.0,,4054,0,555.0,556.0,552.0
2019-09-10,0.0,-1.08,550.0,,1673,0,550.0,561.0,550.0
2019-09-09,0.0,0.72,556.0,,536,0,551.0,556.0,551.0
2019-09-08,0.0,-1.43,552.0,,2403,0,560.0,560.0,550.0
2019-09-05,0.0,0.0,560.0,,2262,0,555.0,570.0,555.0
2019-09-04,0.0,-0.88,560.0,,1954,0,555.0,570.0,544.0
2019-09-03,0.0,1.8,565.0,,2422,0,552.0,573.0,552.0
2019-09-02,0.0,-0.18,555.0,,3443,0,554.0,574.0,550.0
2019-09-01,0.0,-1.94,556.0,,2812,0,560.0,560.0,550.0
2019-08-29,0.0,0.89,567.0,,1352,0,573.0,573.0,556.0
2019-08-28,0.0,-1.58,562.0,,2650,0,579.0,579.0,562.0
2019-08-27,0.0,-0.35,571.0,,765,0,568.0,574.0,568.0
2019-08-26,0.0,-1.55,573.0,,939,0,576.0,576.0,570.0
2019-08-25,0.0,3.01,582.0,,10634,0,576.0,594.0,562.0
2019-08-22,0.0,0.71,565.0,,2663,0,552.0,570.0,552.0
2019-08-21,0.0,-1.06,561.0,,1980,0,558.0,567.0,556.0
2019-08-20,0.0,-0.7,567.0,,4350,0,580.0,580.0,556.0
2019-08-19,0.0,3.82,571.0,,2915,0,549.0,583.0,549.0
2019-08-18,0.0,0.36,550.0,,1293,0,549.0,550.0,545.0
2019-08-15,0.0,-1.62,548.0,,690,0,560.0,560.0,547.0
2019-08-14,0.0,0.36,557.0,,1573,0,550.0,557.0,546.0
2019-08-13,0.0,2.02,555.0,,1701,0,554.0,561.0,550.0
2019-08-12,0.0,-2.68,544.0,,2351,0,569.0,569.0,544.0
2019-08-11,0.0,1.64,559.0,,2219,0,561.0,568.0,540.0
2019-08-08,0.0,-4.18,550.0,,3980,0,565.0,576.0,547.0
2019-08-07,0.0,4.63,565.0,,11089,0,550.0,572.0,534.0
2019-08-06,0.0,-3.57,540.0,,7746,0,571.0,582.0,520.0
2019-08-05,0.0,-2.1,560.0,,16452,0,583.0,627.0,555.0
2019-08-04,0.0,10.0,572.0,,14092,0,530.0,572.0,530.0
2019-08-01,0.0,1.96,520.0,,13546,0,519.0,540.0,488.0
2019-07-31,0.0,6.47,510.0,,7789,0,480.0,520.0,475.0
2019-07-30,0.0,1.05,479.0,,4235,0,482.0,483.0,472.0
2019-07-29,0.0,2.6,474.0,,423,0,470.0,479.0,470.0
2019-07-28,0.0,-3.35,462.0,,600,0,470.0,470.0,461.0
2019-07-25,0.0,-2.25,478.0,,5300,0,480.0,497.0,471.0
2019-07-24,0.0,2.09,489.0,,2746,0,470.0,489.0,470.0
2019-07-23,0.0,1.91,479.0,,529,0,475.0,479.0,474.0
2019-07-22,0.0,0.64,470.0,,4023,0,461.0,472.0,461.0
2019-07-21,0.0,-0.43,467.0,,4750,0,468.0,476.0,465.0
2019-07-18,0.0,0.86,469.0,,373,0,470.0,470.0,465.0
2019-07-17,0.0,5.44,465.0,,1065,0,449.0,471.0,444.0
2019-07-16,0.0,-2.86,441.0,,8808,0,449.0,449.0,441.0
2019-07-15,0.0,1.79,454.0,,357,0,453.0,454.0,453.0
2019-07-14,0.0,-1.98,446.0,,52,0,455.0,455.0,446.0
2019-07-11,0.0,1.11,455.0,,1589,0,443.0,455.0,440.0
2019-07-10,0.0,0.0,450.0,,959,0,441.0,450.0,441.0
2019-07-09,0.0,-2.39,450.0,,583,0,460.0,460.0,450.0
2019-07-08,0.0,-0.22,461.0,,3220,0,471.0,480.0,453.0
2019-07-07,0.0,-4.74,462.0,,2017,0,481.0,481.0,461.0
2019-07-04,0.0,-0.82,485.0,,5273,0,496.0,500.0,485.0
2019-07-03,0.0,3.38,489.0,,6621,0,496.0,505.0,478.0
2019-07-02,0.0,10.0,473.0,,6198,0,438.0,473.0,438.0
2019-07-01,0.0,2.38,430.0,,2514,0,428.0,440.0,427.0
2019-06-27,0.0,0.0,420.0,,507,0,412.0,420.0,412.0
2019-06-25,0.0,-1.18,420.0,,330,0,429.0,429.0,420.0
2019-06-24,0.0,4.94,425.0,,150,0,413.0,425.0,413.0
2019-06-23,0.0,-1.22,405.0,,1319,0,407.0,407.0,405.0
2019-06-20,0.0,0.49,410.0,,1605,0,416.0,420.0,410.0
2019-06-19,0.0,-0.49,408.0,,1392,0,412.0,412.0,404.0
2019-06-18,0.0,0.49,410.0,,1762,0,407.0,410.0,402.0
2019-06-17,0.0,-0.97,408.0,,1775,0,412.0,420.0,408.0
2019-06-16,0.0,-4.63,412.0,,1194,0,424.0,424.0,412.0
2019-06-13,0.0,-2.92,432.0,,903,0,437.0,440.0,432.0
2019-06-12,0.0,-0.45,445.0,,502,0,455.0,455.0,438.0
2019-06-11,0.0,-1.54,447.0,,3203,0,446.0,455.0,446.0
2019-06-10,0.0,-3.4,454.0,,370,0,472.0,472.0,454.0
2019-06-06,0.0,0.86,470.0,,4928,0,466.0,470.0,466.0
2019-06-04,0.0,-2.51,466.0,,1307,0,470.0,470.0,465.0
2019-06-03,0.0,0.0,478.0,,259,0,475.0,478.0,469.0
2019-06-02,0.0,0.42,478.0,,17,0,478.0,478.0,478.0
2019-05-30,0.0,-1.04,476.0,,721,0,490.0,499.0,472.0
2019-05-29,0.0,1.91,481.0,,187,0,481.0,488.0,481.0
2019-05-28,0.0,-0.63,472.0,,110,0,472.0,472.0,472.0
2019-05-27,0.0,-1.66,475.0,,1457,0,491.0,491.0,475.0
2019-05-26,0.0,0.0,483.0,,587,0,490.0,492.0,483.0
2019-05-23,0.0,-2.03,483.0,,835,0,490.0,490.0,475.0
2019-05-22,0.0,3.79,493.0,,766,0,469.0,493.0,468.0
2019-05-21,0.0,0.21,475.0,,1530,0,483.0,483.0,475.0
2019-05-20,0.0,-1.86,474.0,,1372,0,480.0,480.0,474.0
2019-05-19,0.0,1.47,483.0,,699,0,485.0,485.0,483.0
2019-05-16,0.0,-1.24,476.0,,1727,0,478.0,485.0,475.0
2019-05-15,0.0,-3.21,482.0,,848,0,491.0,491.0,482.0
2019-05-14,0.0,2.05,498.0,,1205,0,497.0,500.0,484.0
2019-05-13,0.0,-0.41,488.0,,166,0,499.0,499.0,488.0
2019-05-12,0.0,0.82,490.0,,1490,0,494.0,499.0,489.0
2019-05-09,0.0,-1.82,486.0,,1623,0,504.0,504.0,486.0
2019-05-08,0.0,0.41,495.0,,331,0,493.0,502.0,493.0
2019-05-07,0.0,-1.4,493.0,,222,0,500.0,500.0,491.0
2019-05-06,0.0,-0.99,500.0,,766,0,495.0,504.0,495.0
2019-05-05,0.0,-0.98,505.0,,414,0,515.0,515.0,505.0
2019-04-30,0.0,-3.59,510.0,,1264,0,525.0,525.0,510.0
2019-04-29,0.0,1.73,529.0,,4838,0,530.0,534.0,516.0
2019-04-28,0.0,3.79,520.0,,4837,0,509.0,528.0,508.0
2019-04-25,0.0,-0.6,501.0,,596,0,500.0,505.0,496.0
2019-04-24,0.0,1.0,504.0,,1160,0,495.0,504.0,495.0
2019-04-23,0.0,-1.19,499.0,,743,0,504.0,508.0,499.0
2019-04-22,0.0,-0.98,505.0,,1384,0,511.0,520.0,505.0
2019-04-21,0.0,1.8,510.0,,140,0,505.0,510.0,505.0
2019-04-18,0.0,-2.15,501.0,,2826,0,514.0,514.0,499.0
2019-04-17,0.0,-0.19,512.0,,1191,0,513.0,512.0,505.0
2019-04-16,0.0,0.98,513.0,,1519,0,515.0,525.0,505.0
2019-04-15,0.0,1.4,508.0,,290,0,505.0,508.0,502.0
2019-04-11,0.0,-1.96,501.0,,120,0,501.0,501.0,501.0
2019-04-10,0.0,0.39,511.0,,110,0,515.0,515.0,511.0
2019-04-09,0.0,-1.17,509.0,,1420,0,515.0,515.0,500.0
2019-04-08,0.0,8.42,515.0,,579,0,475.0,515.0,484.0
2019-04-07,0.0,-1.45,475.0,,401,0,475.0,475.0,473.0
2019-04-04,0.0,-2.03,482.0,,1101,0,485.0,485.0,482.0
2019-04-03,0.0,1.23,492.0,,340,0,495.0,495.0,486.0
2019-04-02,0.0,-1.22,486.0,,611,0,490.0,492.0,486.0
2019-04-01,0.0,0.2,492.0,,530,0,500.0,500.0,492.0
2019-03-31,0.0,-1.8,491.0,,978,0,500.0,500.0,490.0
2019-03-28,0.0,2.04,500.0,,488,0,491.0,500.0,484.0
2019-03-26,0.0,-1.0,494.0,,1050,0,490.0,494.0,485.0
2019-03-25,0.0,1.84,499.0,,1160,0,490.0,499.0,490.0
2019-03-24,0.0,0.62,490.0,,943,0,485.0,490.0,485.0
2019-03-21,0.0,-0.81,487.0,,1294,0,484.0,487.0,482.0
2019-03-19,0.0,-2.77,491.0,,626,0,495.0,495.0,491.0
2019-03-18,0.0,-0.98,505.0,,532,0,510.0,510.0,500.0
2019-03-17,0.0,-1.35,510.0,,480,0,515.0,527.0,503.0
2019-03-14,0.0,3.82,517.0,,489,0,493.0,517.0,495.0
2019-03-13,0.0,-1.93,508.0,,157,0,508.0,518.0,508.0
2019-03-12,0.0,3.6,518.0,,1060,0,510.0,518.0,500.0
2019-03-11,0.0,-0.99,500.0,,1513,0,510.0,510.0,495.0
2019-03-10,0.0,-0.98,505.0,,210,0,515.0,515.0,505.0
2019-03-09,0.0,-0.98,505.0,,210,0,515.0,515.0,505.0
2019-03-07,0.0,2.2,510.0,,1456,0,504.0,510.0,491.0
2019-03-06,0.0,3.53,499.0,,190,0,490.0,499.0,482.0
2019-03-05,0.0,-1.23,482.0,,513,0,483.0,488.0,482.0
2019-03-03,0.0,-2.4,488.0,,697,0,490.0,500.0,488.0
2019-02-27,0.0,-0.99,500.0,,378,0,506.0,506.0,500.0
2019-02-26,0.0,1.2,505.0,,762,0,500.0,507.0,499.0
2019-02-25,0.0,1.63,499.0,,333,0,490.0,500.0,490.0
2019-02-24,0.0,-1.8,491.0,,1368,0,500.0,500.0,491.0
2019-02-21,0.0,-1.96,500.0,,356,0,500.0,510.0,500.0
2019-02-20,0.0,0.0,510.0,,770,0,520.0,520.0,505.0
2019-02-19,0.0,3.45,510.0,,931,0,501.0,510.0,492.0
2019-02-18,0.0,0.2,493.0,,491,0,492.0,497.0,492.0
2019-02-17,0.0,0.0,492.0,,760,0,496.0,496.0,492.0
2019-02-14,0.0,-1.6,492.0,,1368,0,500.0,500.0,490.0
2019-02-13,0.0,-0.99,500.0,,130,0,500.0,505.0,500.0
2019-02-12,0.0,0.0,505.0,,875,0,501.0,505.0,500.0
2019-02-11,0.0,0.79,509.0,,1166,0,495.0,515.0,505.0
2019-02-10,0.0,-0.2,505.0,,947,0,501.0,509.0,501.0
2019-02-07,0.0,-0.59,506.0,,1261,0,505.0,512.0,505.0
2019-02-06,0.0,-0.2,509.0,,894,0,506.0,510.0,503.0
2019-02-05,0.0,-0.97,510.0,,824,0,514.0,519.0,510.0
2019-02-04,0.0,-0.19,515.0,,5747,0,510.0,520.0,510.0
2019-02-03,0.0,-1.71,516.0,,732,0,515.0,525.0,516.0
2019-01-31,0.0,-0.94,525.0,,1728,0,530.0,530.0,521.0
2019-01-30,0.0,0.0,530.0,,413,0,530.0,532.0,526.0
2019-01-29,0.0,-0.93,530.0,,541,0,535.0,535.0,526.0
2019-01-28,0.0,0.94,535.0,,2116,0,530.0,540.0,515.0
2019-01-27,0.0,-0.56,530.0,,2169,0,533.0,539.0,513.0
2019-01-24,0.0,-2.2,533.0,,1053,0,545.0,554.0,532.0
2019-01-23,0.0,0.55,545.0,,638,0,542.0,545.0,533.0
2019-01-22,0.0,1.31,542.0,,220,0,535.0,542.0,528.0
2019-01-21,0.0,0.94,535.0,,623,0,530.0,545.0,530.0
2019-01-20,0.0,-1.49,530.0,,857,0,538.0,538.0,527.0
2019-01-17,0.0,-1.28,538.0,,1276,0,545.0,545.0,529.0
2019-01-16,0.0,0.18,545.0,,1190,0,544.0,554.0,534.0
2019-01-15,0.0,0.74,544.0,,1788,0,540.0,550.0,539.0
2019-01-14,0.0,0.93,540.0,,1096,0,535.0,540.0,520.0
2019-01-13,0.0,-1.83,535.0,,801,0,545.0,545.0,535.0
2019-01-10,0.0,0.37,545.0,,1750,0,543.0,550.0,542.0
2019-01-09,0.0,0.56,543.0,,190,0,540.0,543.0,539.0
2019-01-08,0.0,-0.74,540.0,,567,0,544.0,551.0,540.0
2019-01-07,0.0,0.55,544.0,,1760,0,541.0,555.0,540.0
2019-01-06,0.0,-0.92,541.0,,1514,0,546.0,546.0,536.0
2019-01-03,0.0,1.11,546.0,,2881,0,540.0,553.0,535.0
2019-01-02,0.0,0.0,540.0,,2100,0,540.0,550.0,538.0
2019-01-01,0.0,-1.1,540.0,,2618,0,546.0,556.0,540.0
2018-12-31,0.0,-0.73,546.0,,2105,0,550.0,554.0,539.0
2018-12-30,0.0,-0.72,550.0,,900,0,554.0,554.0,542.0
2018-12-27,0.0,-2.64,554.0,,5562,0,569.0,591.0,554.0
2018-12-26,0.0,3.45,569.0,,1827,0,550.0,582.0,550.0
2018-12-25,0.0,-1.79,550.0,,195,0,560.0,560.0,550.0
2018-12-24,0.0,-1.75,560.0,,2190,0,570.0,581.0,542.0
2018-12-23,0.0,6.74,570.0,,2154,0,534.0,570.0,534.0
2018-12-20,0.0,0.56,534.0,,1997,0,531.0,545.0,527.0
2018-12-19,0.0,-3.45,531.0,,3126,0,550.0,559.0,531.0
2018-12-18,0.0,-5.98,550.0,,4273,0,585.0,596.0,550.0
2018-12-17,0.0,5.41,585.0,,1761,0,555.0,585.0,550.0
2018-12-16,0.0,3.74,555.0,,256,0,535.0,566.0,535.0
2018-12-13,0.0,0.94,535.0,,571,0,530.0,535.0,530.0
2018-12-12,0.0,-1.49,530.0,,1646,0,538.0,538.0,528.0
2018-12-11,0.0,1.51,538.0,,245,0,530.0,538.0,520.0
2018-12-10,0.0,1.92,530.0,,290,0,520.0,540.0,520.0
2018-12-09,0.0,0.0,520.0,,10,0,520.0,520.0,520.0
2018-12-06,0.0,-1.89,520.0,,500,0,530.0,535.0,520.0
2018-12-04,0.0,0.95,530.0,,25,0,525.0,530.0,525.0
2018-12-03,0.0,0.96,525.0,,180,0,520.0,525.0,520.0
2018-12-02,0.0,0.66,520.0,,1570,0,516.6,520.0,516.6
2018-11-29,0.0,1.76,519.0,,1775,0,510.0,520.0,510.0
2018-11-28,0.0,-0.06,510.0,,1789,0,510.33,520.0,510.0
2018-11-27,0.0,-3.77,510.0,,2551,0,530.0,530.0,510.0
2018-11-26,0.0,-3.46,530.0,,450,0,549.0,549.0,530.0
2018-11-25,0.0,-0.18,549.0,,163,0,550.0,560.0,549.0
2018-11-22,0.0,-0.91,545.0,,1128,0,550.0,561.0,545.0
2018-11-21,0.0,0.92,550.0,,1000,0,545.0,555.0,545.0
2018-11-20,0.0,0.0,545.0,,1100,0,545.0,545.0,536.0
2018-11-19,0.0,-0.91,545.0,,110,0,550.0,550.0,545.0
2018-11-18,0.0,-2.83,550.0,,470,0,566.0,566.0,550.0
2018-11-15,0.0,-2.41,566.0,,1098,0,580.0,580.0,566.0
2018-11-14,0.0,-1.53,580.0,,100,0,589.0,589.0,580.0
2018-11-05,0.0,0.0,605.0,,64,0,605.0,610.0,605.0
2018-11-04,0.0,-0.82,605.0,,10,0,605.0,605.0,605.0
2018-11-01,0.0,-0.81,610.0,,323,0,605.0,617.0,605.0
2018-10-31,0.0,-1.6,615.0,,200,0,615.0,615.0,615.0
2018-10-30,0.0,0.97,625.0,,165,0,620.0,625.0,612.0
2018-10-29,0.0,-1.59,619.0,,450,0,625.0,625.0,619.0
2018-10-28,0.0,0.0,628.0,,110,0,629.0,629.0,628.0
2018-10-25,0.0,-1.72,632.0,,1542,0,635.0,635.0,629.0
2018-10-24,0.0,0.0,640.0,,183,0,645.0,645.0,640.0
2018-10-23,0.0,-0.16,640.0,,250,0,641.0,641.0,637.0
2018-10-22,0.0,-0.62,641.0,,38,0,641.0,641.0,641.0
2018-10-15,0.0,1.42,645.0,,70,0,636.0,645.0,636.0
2018-10-14,0.0,-1.24,636.0,,250,0,636.0,637.0,636.0
2018-10-11,0.0,0.47,645.0,,228,0,650.0,650.0,644.0
2018-10-10,0.0,-0.93,641.0,,522,0,645.0,645.0,641.0
2018-10-09,0.0,-1.22,647.0,,200,0,647.0,647.0,647.0
2018-10-08,0.0,-2.09,658.0,,257,0,670.0,670.0,655.0
2018-10-07,0.0,0.15,669.0,,580,0,681.0,681.0,660.0
2018-10-04,0.0,0.0,668.0,,2067,0,681.0,682.0,668.0
2018-10-03,0.0,-3.19,668.0,,2963,0,694.0,699.0,668.0
2018-10-02,0.0,0.44,690.0,,1711,0,695.0,695.0,690.0
2018-10-01,0.0,-1.72,689.0,,1112,0,700.0,704.0,687.0
2018-09-30,0.0,-0.14,699.0,,265,0,700.0,700.0,699.0
2018-09-27,0.0,-1.41,700.0,,1853,0,710.0,710.0,700.0
2018-09-26,0.0,-0.42,712.0,,1930,0,720.0,720.0,710.0
2018-09-25,0.0,-1.25,713.0,,3075,0,722.0,726.0,707.0
2018-09-23,0.0,-4.87,722.0,,2507,0,759.0,765.0,717.0
2018-09-20,0.0,1.09,835.0,,14164,0,842.0,843.0,823.0
2018-09-18,0.0,-2.36,826.0,,2260,0,846.0,846.0,820.0
2018-09-17,0.0,0.48,846.0,,2495,0,858.0,858.0,830.0
2018-09-16,0.0,0.12,842.0,,738,0,850.0,860.0,842.0
2018-09-13,0.0,1.94,839.0,,2976,0,841.0,855.0,835.0
2018-09-12,0.0,2.74,825.0,,2624,0,819.0,845.0,815.0
2018-09-11,0.0,1.65,803.0,,650,0,805.0,805.0,795.0
2018-09-10,0.0,-1.0,789.0,,498,0,791.0,791.0,789.0
2018-09-09,0.0,-1.6,798.0,,1466,0,800.0,805.0,798.0
2018-09-06,0.0,-3.91,815.0,,1776,0,830.0,830.0,811.0
2018-09-05,0.0,5.5,844.0,,1846,0,785.0,844.0,785.0
2018-09-04,0.0,-2.32,800.0,,585,0,810.0,813.0,800.0
2018-09-03,0.0,3.02,819.0,,838,0,800.0,825.0,800.0
2018-09-02,0.0,0.13,795.0,,1032,0,785.0,795.0,785.0
2018-08-30,0.0,0.63,794.0,,640,0,799.0,800.0,792.0
2018-08-29,0.0,0.0,789.0,,889,0,781.0,790.0,781.0
2018-08-28,0.0,0.38,789.0,,213,0,786.0,789.0,786.0
2018-08-26,0.0,-1.75,786.0,,353,0,790.0,790.0,786.0
2018-08-23,0.0,1.27,800.0,,1300,0,796.0,805.0,795.0
2018-08-22,0.0,0.0,790.0,,100,0,790.0,790.0,790.0
2018-08-21,0.0,0.0,790.0,,723,0,800.0,800.0,790.0
2018-08-20,0.0,-1.86,790.0,,823,0,795.0,795.0,790.0
2018-08-19,0.0,3.21,800.0,,4640,0,795.0,826.0,795.0
2018-08-16,0.0,-3.23,781.0,,2489,0,800.0,800.0,780.0
2018-08-15,0.0,9.66,806.0,,1560,0,735.0,806.0,722.0
2018-08-14,0.0,1.94,734.0,,1396,0,721.0,735.0,719.0
2018-08-13,0.0,1.98,721.0,,659,0,720.0,735.0,707.0
2018-08-12,0.0,-3.55,707.0,,1159,0,733.0,733.0,705.0
2018-08-09,0.0,-1.74,733.0,,954,0,740.0,745.0,732.0
2018-08-08,0.0,0.13,746.0,,629,0,745.0,746.0,735.0
2018-08-07,0.0,-2.99,745.0,,503,0,760.0,761.0,745.0
2018-08-06,0.0,3.78,768.0,,90,0,754.0,768.0,754.0
2018-08-05,0.0,-2.76,740.0,,1370,0,755.0,760.0,740.0
2018-08-02,0.0,-0.52,761.0,,1111,0,779.0,779.0,761.0
2018-08-01,0.0,0.0,765.0,,830,0,765.0,765.0,760.0
2018-07-31,0.0,-0.52,765.0,,500,0,770.0,780.0,765.0
2018-07-30,0.0,1.72,769.0,,115,0,760.0,769.0,760.0
2018-07-29,0.0,0.13,758.0,,475,0,770.0,772.0,756.0
2018-07-26,0.0,-3.94,755.0,,752,0,786.0,786.0,755.0
2018-07-25,0.0,0.13,786.0,,1460,0,790.0,800.0,786.0
2018-07-24,0.0,-1.87,785.0,,1535,0,816.0,821.0,785.0
2018-07-23,0.0,0.5,800.0,,1135,0,800.0,811.0,791.0
2018-07-22,0.0,-4.1,796.0,,383,0,830.0,830.0,795.0
2018-07-19,0.0,-0.72,830.0,,399,0,835.0,835.0,830.0
2018-07-18,0.0,-1.65,836.0,,970,0,850.0,850.0,836.0
2018-07-17,0.0,-1.73,850.0,,536,0,870.0,870.0,848.0
2018-07-16,0.0,0.58,865.0,,520,0,877.0,877.0,850.0
2018-07-15,0.0,-1.15,860.0,,492,0,870.0,880.0,860.0
2018-07-12,0.0,0.46,870.0,,6815,0,866.0,918.0,860.0
2018-07-11,0.0,0.68,1631.0,,11302,0,1645.0,1690.0,1627.0
2018-07-10,0.0,1.82,1620.0,,3137,0,1610.0,1660.0,1608.0
2018-07-09,0.0,-2.75,1592.0,,4037,0,1632.0,1640.0,1590.0
2018-07-08,0.0,-3.37,1636.0,,5421,0,1726.0,1726.0,1620.0
2018-07-05,0.0,5.81,1693.0,,2178,0,1625.0,1693.0,1620.0
2018-07-04,0.0,-0.62,1600.0,,1150,0,1600.0,1605.0,1590.0
2018-07-03,0.0,-0.19,1610.0,,339,0,1600.0,1610.0,1600.0
2018-07-02,0.0,-0.52,761.0,,1111,0,779.0,779.0,761.0
2018-07-01,0.0,0.0,765.0,,830,0,765.0,765.0,760.0
2018-06-28,0.0,-1.75,1576.0,,671,0,1600.0,1606.0,1575.0
2018-06-27,0.0,0.25,1604.0,,580,0,1570.0,1630.0,1570.0
2018-06-26,0.0,-0.56,1600.0,,1077,0,1610.0,1610.0,1580.0
2018-06-25,0.0,-2.48,1610.0,,780,0,1650.0,1650.0,1605.0
2018-06-24,0.0,1.1,1650.0,,453,0,1660.0,1660.0,1650.0
2018-06-21,0.0,-2.8,1634.0,,1787,0,1646.0,1698.0,1621.0
2018-06-20,0.0,-1.76,1679.0,,722,0,1700.0,1700.0,1679.0
2018-06-18,0.0,1.12,1709.0,,1679,0,1690.0,1709.0,1680.0
2018-06-17,0.0,-1.46,1690.0,,339,0,1686.0,1704.0,1686.0
2018-06-14,0.0,0.94,1700.0,,1977,0,1732.0,1732.0,1695.0
2018-06-13,0.0,-0.06,1699.0,,1289,0,1700.0,1715.0,1681.0
2018-06-12,0.0,0.71,1700.0,,1445,0,1670.0,1714.0,1670.0
2018-06-11,0.0,0.84,1688.0,,3952,0,1642.0,1730.0,1636.0
2018-06-10,0.0,-5.1,1674.0,,4151,0,1729.0,1729.0,1666.0
2018-06-07,0.0,-0.62,1764.0,,612,0,1780.0,1780.0,1705.0
2018-06-06,0.0,-0.62,1764.0,,612,0,1780.0,1780.0,1705.0
2018-06-04,0.0,-3.89,1731.0,,3040,0,1765.0,1800.0,1730.0
2018-06-03,0.0,-3.74,1800.0,,8682,0,1865.0,1877.0,1793.0
2018-05-31,0.0,-1.01,1871.0,,1597,0,1864.0,1871.0,1864.0
2018-05-30,0.0,1.02,1889.0,,3046,0,1870.0,1930.0,1870.0
2018-05-29,0.0,-1.48,1870.0,,2725,0,1905.0,1918.0,1867.0
2018-05-28,0.0,2.71,1898.0,,4851,0,1848.0,1917.0,1820.0
2018-05-27,0.0,-2.22,1848.0,,4102,0,1908.0,1908.0,1815.0
2018-05-24,0.0,-2.58,1890.0,,5838,0,1940.0,1970.0,1863.0
2018-05-23,0.0,1.04,1940.0,,7581,0,1893.0,1940.0,1860.0
2018-05-22,0.0,2.67,1920.0,,13519,0,1880.0,1920.0,1801.0
2018-05-21,0.0,8.09,1870.0,,7587,0,1755.0,1897.0,1746.0
2018-05-20,0.0,-0.11,1730.0,,3006,0,1749.0,1770.0,1708.0
2018-05-17,0.0,-0.74,1732.0,,1821,0,1770.0,1770.0,1715.0
2018-05-16,0.0,3.44,1745.0,,510,0,1720.0,1745.0,1720.0
2018-05-15,0.0,-1.29,1687.0,,489,0,1705.0,1705.0,1687.0
2018-05-14,0.0,-0.06,1709.0,,641,0,1702.0,1709.0,1700.0
2018-05-10,0.0,-1.33,1710.0,,1832,0,1733.0,1760.0,1705.0
2018-05-09,0.0,-0.23,1733.0,,40,0,1737.0,1750.0,1728.0
2018-05-08,0.0,2.18,1737.0,,2170,0,1730.0,1750.0,1705.0
2018-05-07,0.0,-1.73,1700.0,,880,0,1702.0,1725.0,1700.0
2018-05-06,0.0,-1.09,1730.0,,1756,0,1726.0,1750.0,1716.0
2018-05-03,0.0,2.88,1749.0,,5449,0,1730.0,1764.0,1705.0
2018-05-02,0.0,6.25,1700.0,,2455,0,1600.0,1719.0,1611.0
2018-04-29,0.0,0.5,1610.0,,396,0,1600.0,1688.0,1600.0
2018-04-26,0.0,-4.44,1592.0,,5026,0,1633.0,1665.0,1590.0
2018-04-25,0.0,-0.42,1670.0,,888,0,1706.0,1706.0,1666.0
2018-04-24,0.0,-2.9,1673.0,,4016,0,1695.0,1703.0,1657.0
2018-04-23,0.0,0.0,1722.0,,4896,0,1750.0,1758.0,1622.0
2018-04-22,0.0,9.05,1723.0,,2546,0,1580.0,1723.0,1611.0
2018-04-19,0.0,0.64,1580.0,,1296,0,1570.0,1601.0,1570.0
2018-04-18,0.0,-1.87,1570.0,,2575,0,1632.0,1660.0,1540.0
2018-04-17,0.0,8.84,1600.0,,4037,0,1470.0,1616.0,1475.0
2018-04-16,0.0,7.14,1470.0,,2541,0,1375.0,1470.0,1375.0
2018-04-15,0.0,1.63,1372.0,,284,0,1350.0,1372.0,1320.0
2018-04-12,0.0,2.27,1365.0,,1113,0,1346.0,1399.0,1345.0
2018-04-11,0.0,0.61,1320.0,,230,0,1290.0,1336.0,1286.0
2018-04-10,0.0,-0.68,1312.0,,1509,0,1300.0,1379.0,1265.0
2018-04-09,0.0,-4.96,1321.0,,3510,0,1390.0,1417.0,1321.0
2018-04-08,0.0,9.45,1390.0,,3507,0,1246.0,1397.0,1246.0
2018-04-05,0.0,2.09,1270.0,,3498,0,1268.0,1290.0,1206.0
2018-04-04,0.0,4.54,1244.0,,1323,0,1213.0,1244.0,1213.0
2018-04-03,0.0,2.59,1190.0,,2272,0,1180.0,1230.0,1170.0
2018-04-02,0.0,0.87,1160.0,,550,0,1173.0,1173.0,1133.0
2018-04-01,0.0,-0.17,1151.0,,435,0,1129.0,1151.0,1129.0
2018-03-29,0.0,1.95,1152.0,,140,0,1152.0,1152.0,1152.0
2018-03-28,0.0,-3.83,1131.0,,2158,0,1152.0,1215.0,1130.0
2018-03-27,0.0,7.21,1175.0,,2292,0,1075.0,1175.0,1020.0
2018-03-26,0.0,-9.42,1100.0,,1383,0,1186.0,1186.0,1096.0
2018-03-22,0.0,-2.1,1210.0,,838,0,1212.0,1263.0,1165.0
2018-03-21,0.0,-6.01,1236.0,,3057,0,1290.0,1290.0,1212.0
2018-03-20,0.0,-2.81,1315.0,,2612,0,1340.0,1346.0,1315.0
2018-03-19,0.0,-1.96,1353.0,,50,0,1353.0,1353.0,1353.0
2018-03-18,0.0,-0.65,1380.0,,1300,0,1370.0,1380.0,1370.0
2018-03-15,0.0,0.65,1389.0,,2282,0,1375.0,1389.0,1358.0
2018-03-14,0.0,-0.86,1380.0,,200,0,1390.0,1390.0,1380.0
2018-03-13,0.0,0.0,1392.0,,10,0,1392.0,1392.0,1392.0
2018-03-12,0.0,1.98,1392.0,,127,0,1365.0,1392.0,1391.0
2018-03-11,0.0,-1.8,1365.0,,563,0,1390.0,1371.0,1365.0
2018-03-07,0.0,-0.5,1390.0,,1552,0,1424.0,1424.0,1375.0
2018-03-06,0.0,4.25,1397.0,,1173,0,1321.0,1397.0,1270.0
2018-03-05,0.0,-1.83,1340.0,,2203,0,1391.0,1419.0,1335.0
2018-03-04,0.0,-8.08,1365.0,,2051,0,1485.0,1485.0,1351.0
2018-02-28,0.0,-0.54,1485.0,,570,0,1490.0,1490.0,1465.0
2018-02-27,0.0,1.84,1493.0,,1404,0,1437.0,1601.0,1437.0
2018-02-26,0.0,-7.51,1466.0,,1379,0,1565.0,1565.0,1466.0
2018-02-25,0.0,-1.49,1589.0,,552,0,1605.0,1605.0,1586.0
2018-02-22,0.0,0.94,1610.0,,811,0,1600.0,1610.0,1581.0
2018-02-21,0.0,-0.93,1595.0,,580,0,1610.0,1610.0,1595.0
2018-02-20,0.0,-2.9,1610.0,,150,0,1625.0,1625.0,1610.0
2018-02-18,0.0,-1.89,1658.0,,255,0,1690.0,1665.0,1658.0
2018-02-15,0.0,4.0,1690.0,,1011,0,1635.0,1690.0,1635.0
2018-02-14,0.0,0.0,1625.0,,37,0,1620.0,1625.0,1620.0
2018-02-12,0.0,1.44,1625.0,,313,0,1625.0,1625.0,1615.0
2018-02-11,0.0,-0.56,1606.0,,360,0,1607.0,1607.0,1602.0
2018-02-08,0.0,0.25,1611.0,,191,0,1596.0,1635.0,1596.0
2018-02-07,0.0,-1.65,1607.0,,340,0,1609.0,1609.0,1607.0
2018-02-05,0.0,-1.57,1635.0,,140,0,1660.0,1660.0,1634.0
2018-02-04,0.0,0.3,1660.0,,40,0,1650.0,1660.0,1650.0
2018-02-01,0.0,-0.24,1655.0,,1420,0,1660.0,1660.0,1633.0
2018-01-31,0.0,1.78,1659.0,,315,0,1630.0,1659.0,1626.0
2018-01-29,0.0,-2.98,1630.0,,187,0,1647.0,1647.0,1630.0
2018-01-28,0.0,0.36,1680.0,,15,0,1680.0,1680.0,1680.0
2018-01-25,0.0,1.95,1670.0,,200,0,1674.0,1674.0,1670.0
2018-01-23,0.0,-0.06,1642.0,,366,0,1620.0,1642.0,1610.0
2018-01-22,0.0,-2.2,1643.0,,763,0,1670.0,1670.0,1640.0
2018-01-21,0.0,1.82,1680.0,,10,0,1680.0,1680.0,1680.0
2018-01-17,0.0,-0.9,1650.0,,218,0,1640.0,1666.0,1634.0
2018-01-14,0.0,-1.77,1666.0,,192,0,1680.0,1680.0,1665.0
2018-01-10,0.0,-1.97,1695.0,,1065,0,1700.0,1700.0,1668.0
2018-01-09,0.0,2.31,1729.0,,580,0,1690.0,1729.0,1700.0
2018-01-08,0.0,1.81,1690.0,,1087,0,1680.0,1690.0,1660.0
2018-01-07,0.0,0.61,1660.0,,310,0,1660.0,1680.0,1660.0
2018-01-04,0.0,1.23,1650.0,,845,0,1650.0,1663.0,1631.0
2018-01-03,0.0,-2.69,1631.0,,275,0,1695.0,1695.0,1630.0
2018-01-02,0.0,0.3,1675.0,,2155,0,1640.0,1720.0,1608.0
2018-01-01,0.0,4.83,1670.0,,405,0,1624.0,1670.0,1624.0
2017-12-31,0.0,-0.19,1593.0,,1891,0,1598.0,1605.0,1593.0
2017-12-28,0.0,0.44,1596.0,,1358,0,1590.0,1660.0,1581.0
2017-12-27,0.0,-0.75,1589.0,,3391,0,1630.0,1633.0,1580.0
2017-12-26,0.0,-1.78,1601.0,,1440,0,1600.0,1625.0,1600.0
2017-12-24,0.0,-1.81,1631.0,,1400,0,1693.0,1700.0,1630.0
2017-12-21,0.0,-0.12,1660.0,,115,0,1662.0,1662.0,1660.0
2017-12-20,0.0,-2.24,1662.0,,1166,0,1676.0,1705.0,1662.0
2017-12-19,0.0,-1.73,1701.0,,1001,0,1710.0,1732.0,1700.0
2017-12-18,0.0,-1.14,1730.0,,395,0,1745.0,1755.0,1730.0
2017-12-17,0.0,0.0,1750.0,,20,0,1750.0,1750.0,1750.0
2017-12-14,0.0,-0.46,1750.0,,588,0,1750.0,1750.0,1750.0
2017-12-13,0.0,-0.28,1758.0,,200,0,1760.0,1765.0,1758.0
2017-12-12,0.0,-1.07,1763.0,,535,0,1785.0,1785.0,1763.0
2017-12-11,0.0,-1.0,1782.0,,210,0,1764.0,1782.0,1764.0
2017-12-10,0.0,0.0,1800.0,,975,0,1830.0,1830.0,1796.0
2017-12-06,0.0,0.0,1800.0,,304,0,1800.0,1800.0,1770.0
2017-12-05,0.0,0.0,1800.0,,15,0,1800.0,1800.0,1800.0
2017-12-04,0.0,-0.05,1800.0,,293,0,1805.0,1805.0,1790.0
2017-11-30,0.0,-2.65,1801.0,,510,0,1860.0,1860.0,1801.0
2017-11-29,0.0,3.64,1850.0,,475,0,1785.0,1882.0,1785.0
2017-11-27,0.0,-0.5,1785.0,,237,0,1775.0,1785.0,1770.0
2017-11-26,0.0,0.34,1794.0,,2420,0,1788.0,1795.0,1725.0
2017-11-23,0.0,3.95,1788.0,,390,0,1720.0,1788.0,1720.0
2017-11-21,0.0,1.24,1720.0,,560,0,1715.0,1732.0,1715.0
2017-11-20,0.0,-1.91,1699.0,,50,0,1702.0,1702.0,1699.0
2017-11-19,0.0,-3.51,1732.0,,350,0,1795.0,1761.0,1730.0
2017-11-15,0.0,-0.28,1795.0,,1115,0,1810.0,1820.0,1795.0
2017-11-14,0.0,1.12,1800.0,,3311,0,1780.0,1830.0,1780.0
2017-11-13,0.0,-1.33,1780.0,,303,0,1780.0,1780.0,1780.0
2017-11-12,0.0,-0.61,1804.0,,170,0,1815.0,1804.0,1771.0
2017-11-09,0.0,1.97,1815.0,,10,0,1815.0,1815.0,1815.0
2017-11-08,0.0,-1.06,1780.0,,110,0,1780.0,1780.0,1780.0
2017-11-07,0.0,-1.15,1799.0,,503,0,1785.0,1799.0,1730.0
2017-11-06,0.0,1.11,1820.0,,196,0,1800.0,1836.0,1820.0
2017-11-05,0.0,1.07,1800.0,,888,0,1790.0,1800.0,1790.0
2017-11-02,0.0,-1.6,1781.0,,761,0,1820.0,1820.0,1780.0
2017-11-01,0.0,-1.36,1811.0,,530,0,1845.0,1845.0,1810.0
2017-10-31,0.0,-0.81,1835.0,,358,0,1850.0,1850.0,1835.0
2017-10-30,0.0,-1.07,1850.0,,1107,0,1850.0,1870.0,1850.0
2017-10-29,0.0,-0.95,1870.0,,680,0,1888.0,1888.0,1870.0
2017-10-25,0.0,-0.63,1888.0,,446,0,1865.0,1888.0,1865.0
2017-10-24,0.0,1.6,1900.0,,275,0,1870.0,1900.0,1875.0
2017-10-23,0.0,-1.58,1870.0,,1961,0,1900.0,1900.0,1865.0
2017-10-22,0.0,0.42,1900.0,,328,0,1890.0,1900.0,1890.0
2017-10-18,0.0,1.99,1892.0,,110,0,1865.0,1892.0,1865.0
2017-10-17,0.0,-1.59,1855.0,,550,0,1885.0,1892.0,1855.0
2017-10-16,0.0,4.61,1885.0,,397,0,1837.0,1899.0,1836.0
2017-10-15,0.0,-0.28,1803.0,,320,0,1800.0,1803.0,1800.0
2017-10-12,0.0,-0.82,1825.0,,200,0,1825.0,1834.0,1825.0
2017-10-11,0.0,0.0,1840.0,,100,0,1840.0,1840.0,1840.0
2017-10-10,0.0,-0.49,1840.0,,787,0,1850.0,1865.0,1840.0
2017-10-09,0.0,1.04,1849.0,,430,0,1830.0,1849.0,1745.0
2017-10-08,0.0,-7.17,2135.0,,4115,0,2280.0,2281.0,2130.0
2017-10-04,0.0,-1.71,2300.0,,1122,0,2360.0,2360.0,2300.0
2017-10-03,0.0,-1.68,2340.0,,217,0,2380.0,2380.0,2340.0
2017-09-26,0.0,1.28,2380.0,,1077,0,2361.0,2380.0,2350.0
2017-09-25,0.0,0.0,2350.0,,956,0,2397.0,2444.0,2350.0
2017-09-24,0.0,-1.26,2350.0,,1552,0,2333.0,2350.0,2305.0
2017-09-20,0.0,-4.8,2380.0,,6055,0,2505.0,2505.0,2380.0
2017-09-18,0.0,1.63,2490.0,,1715,0,2509.0,2559.0,2472.0
2017-09-17,0.0,2.76,2460.0,,999,0,2441.0,2475.0,2400.0
2017-09-14,0.0,1.18,2394.0,,1060,0,2370.0,2398.0,2350.0
2017-09-13,0.0,0.04,2370.0,,1398,0,2330.0,2380.0,2320.0
2017-09-12,0.0,-1.66,2365.0,,1770,0,2400.0,2400.0,2361.0
2017-09-11,0.0,-2.24,2406.0,,1242,0,2412.0,2459.0,2363.0
2017-09-10,0.0,-1.2,2460.0,,674,0,2500.0,2500.0,2450.0
2017-09-07,0.0,-0.44,2490.0,,1345,0,2540.0,2540.0,2480.0
2017-09-06,0.0,0.64,2502.0,,2085,0,2500.0,2540.0,2485.0
2017-09-04,0.0,-1.74,2480.0,,5377,0,2530.0,2530.0,2460.0
2017-08-31,0.0,-1.94,2529.0,,3546,0,2579.0,2594.0,2520.0
2017-08-30,0.0,0.55,2579.0,,8148,0,2565.0,2698.0,2550.0
2017-08-28,0.0,9.99,2565.0,,26267,0,2378.0,2565.0,2378.0
2017-08-27,0.0,10.0,2332.0,,3893,0,2120.0,2332.0,2162.0
2017-08-24,0.0,1.44,2120.0,,2831,0,2090.0,2120.0,2072.0
2017-08-23,0.0,1.16,2089.0,,4503,0,2051.0,2095.0,2050.0
2017-08-22,0.0,-0.67,2067.0,,1480,0,2100.0,2100.0,2066.0
2017-08-21,0.0,-1.23,2080.0,,2404,0,2107.0,2148.0,2068.0
2017-08-20,0.0,9.97,2106.0,,10367,0,1950.0,2106.0,1950.0
2017-08-17,0.0,-0.05,1915.0,,3580,0,1878.0,1925.0,1841.0
2017-08-16,0.0,1.91,1916.0,,70,0,1917.0,1955.0,1916.0
2017-08-15,0.0,-1.57,1880.0,,549,0,1881.0,1890.0,1871.0
2017-08-13,0.0,-3.78,1910.0,,150,0,1960.0,1960.0,1910.0
2017-08-10,0.0,-0.25,1985.0,,870,0,1960.0,1990.0,1921.0
2017-08-09,0.0,1.53,1990.0,,336,0,1960.0,1990.0,1960.0
2017-08-07,0.0,-2.0,1960.0,,477,0,2005.0,2005.0,1960.0
2017-08-06,0.0,1.01,2000.0,,849,0,2000.0,2018.0,1975.0
2017-08-03,0.0,-4.81,1980.0,,4822,0,2080.0,2121.0,1980.0
2017-08-02,0.0,8.0,2080.0,,5298,0,1964.0,2080.0,1960.0
2017-08-01,0.0,4.11,1926.0,,5918,0,1830.0,1926.0,1830.0
2017-07-31,0.0,-1.02,1850.0,,569,0,1882.0,1882.0,1850.0
2017-07-30,0.0,-0.05,1870.0,,868,0,1850.0,1907.0,1850.0
2017-07-27,0.0,3.6,1870.0,,1330,0,1840.0,1938.0,1830.0
2017-07-26,0.0,3.56,1805.0,,756,0,1769.0,1805.0,1769.0
2017-07-25,0.0,-1.97,1760.0,,260,0,1760.0,1760.0,1743.0
2017-07-24,0.0,-3.89,1778.0,,350,0,1813.0,1813.0,1778.0
2017-07-23,0.0,2.21,1848.0,,160,0,1830.0,1850.0,1820.0
2017-07-20,0.0,0.56,1810.0,,100,0,1800.0,1810.0,1800.0
2017-07-19,0.0,0.17,1800.0,,510,0,1800.0,1845.0,1800.0
2017-07-18,0.0,3.87,1790.0,,945,0,1764.0,1797.0,1750.0
2017-07-17,0.0,1.76,1740.0,,1331,0,1734.0,1765.0,1720.0
2017-07-16,0.0,-3.13,1700.0,,1030,0,1784.0,1784.0,1700.0
2017-07-13,0.0,0.86,1755.0,,364,0,1774.0,1774.0,1750.0
2017-07-12,0.0,1.05,1740.0,,2330,0,1740.0,1785.0,1740.0
2017-07-11,0.0,-0.52,1723.0,,802,0,1700.0,1768.0,1700.0
2017-07-10,0.0,0.06,1750.0,,470,0,1750.0,1752.0,1731.0
2017-07-09,0.0,-1.14,1730.0,,845,0,1750.0,1790.0,1730.0
2017-07-06,0.0,3.55,1750.0,,2751,0,1700.0,1750.0,1678.0
2017-07-05,0.0,1.93,1690.0,,1488,0,1675.0,1690.0,1660.0
2017-07-04,0.0,-0.12,1660.0,,1265,0,1689.0,1689.0,1658.0
2017-07-03,0.0,1.22,1660.0,,1105,0,1660.0,1680.0,1657.0
2017-07-02,0.0,-3.53,1640.0,,789,0,1668.0,1668.0,1610.0
2017-06-28,0.0,0.0,1699.0,,326,0,1667.0,1700.0,1667.0
2017-06-27,0.0,0.12,1700.0,,285,0,1665.0,1714.0,1665.0
2017-06-25,0.0,4.04,1697.0,,741,0,1664.0,1698.0,1650.0
2017-06-22,0.0,-1.69,1632.0,,1690,0,1690.0,1690.0,1600.0
2017-06-21,0.0,0.12,1661.0,,268,0,1635.0,1661.0,1635.0
2017-06-20,0.0,3.95,1658.0,,299,0,1626.0,1658.0,1600.0
2017-06-19,0.0,-4.55,1601.0,,439,0,1650.0,1650.0,1585.0
2017-06-18,0.0,-1.99,1671.0,,20,0,1705.0,1671.0,1671.0
2017-06-15,0.0,3.21,1705.0,,420,0,1640.0,1705.0,1640.0
2017-06-14,0.0,-1.08,1652.0,,370,0,1650.0,1652.0,1650.0
2017-06-13,0.0,-0.6,1676.0,,532,0,1680.0,1710.0,1670.0
2017-06-11,0.0,-2.33,1680.0,,280,0,1705.0,1705.0,1680.0
2017-06-08,0.0,-0.92,1720.0,,150,0,1750.0,1750.0,1720.0
2017-06-07,0.0,-0.8,1736.0,,1354,0,1770.0,1790.0,1735.0
2017-06-06,0.0,5.04,1750.0,,1120,0,1699.0,1770.0,1699.0
2017-06-05,0.0,-2.0,1670.0,,255,0,1700.0,1700.0,1666.0
2017-06-04,0.0,-4.49,1700.0,,1003,0,1780.0,1780.0,1700.0
2017-06-01,0.0,-2.2,1780.0,,806,0,1840.0,1840.0,1780.0
2017-05-31,0.0,3.82,1820.0,,2003,0,1753.0,1825.0,1720.0
2017-05-30,0.0,-0.39,2580.0,,10822,0,2591.0,2642.0,2530.0
2017-05-28,0.0,-1.52,2590.0,,4251,0,2632.0,2660.0,2550.0
2017-05-24,0.0,0.38,2630.0,,1921,0,2620.0,2662.0,2625.0
2017-05-23,0.0,-0.76,2620.0,,3503,0,2650.0,2660.0,2620.0
2017-05-22,0.0,-0.38,2640.0,,1081,0,2690.0,2690.0,2640.0
2017-05-21,0.0,1.14,2650.0,,10770,0,2672.0,2794.0,2620.0
2017-05-18,0.0,0.38,2620.0,,1241,0,2610.0,2620.0,2599.0
2017-05-17,0.0,1.95,2610.0,,1213,0,2611.0,2620.0,2600.0
2017-05-16,0.0,0.04,2560.0,,497,0,2559.0,2560.0,2510.0
2017-05-15,0.0,-1.58,2559.0,,1541,0,2552.0,2610.0,2551.0
2017-05-11,0.0,1.52,2600.0,,1901,0,2510.0,2600.0,2510.0
2017-05-09,0.0,-1.69,2561.0,,230,0,2605.0,2561.0,2560.0
2017-05-08,0.0,1.76,2605.0,,2940,0,2550.0,2605.0,2510.0
2017-05-07,0.0,-0.43,2560.0,,2109,0,2520.0,2560.0,2423.0
2017-05-04,0.0,-5.79,2571.0,,1950,0,2675.0,2675.0,2571.0
2017-05-03,0.0,-1.12,2729.0,,1359,0,2779.0,2779.0,2685.0
2017-05-02,0.0,4.15,2760.0,,945,0,2600.0,2774.0,2600.0
2017-04-30,0.0,-1.85,2675.0,,539,0,2650.0,2675.0,2630.0
2017-04-27,0.0,-0.92,2700.0,,206,0,2779.0,2779.0,2618.0
2017-04-26,0.0,3.22,2725.0,,2167,0,2640.0,2790.0,2640.0
2017-04-25,0.0,10.0,2640.0,,1575,0,2425.0,2640.0,2425.0
2017-04-24,0.0,-0.04,2400.0,,484,0,2353.0,2449.0,2353.0
2017-04-23,0.0,0.0,2401.0,,428,0,2449.0,2497.0,2401.0
2017-04-20,0.0,0.25,2401.0,,2448,0,2440.0,2460.0,2375.0
2017-04-19,0.0,6.44,2395.0,,1151,0,2250.0,2430.0,2205.0
2017-04-18,0.0,-5.78,2250.0,,435,0,2341.0,2341.0,2250.0
2017-04-16,0.0,-3.9,2388.0,,30,0,2436.0,2436.0,2388.0
2017-04-13,0.0,-4.46,2485.0,,930,0,2549.0,2549.0,2485.0
2017-04-12,0.0,6.25,2601.0,,1077,0,2448.0,2601.0,2448.0
2017-04-11,0.0,6.34,2448.0,,651,0,2301.0,2448.0,2300.0
2017-04-10,0.0,5.6,2302.0,,2414,0,2150.0,2395.0,2150.0
2017-04-09,0.0,4.81,2180.0,,2064,0,2080.0,2180.0,2046.0
2017-04-06,0.0,-0.72,2080.0,,602,0,2095.0,2125.0,2060.0
2017-04-04,0.0,-2.83,2095.0,,327,0,2199.0,2199.0,2095.0
2017-04-03,0.0,-1.28,2156.0,,242,0,2227.0,2271.0,2156.0
2017-04-02,0.0,8.17,2184.0,,208,0,2059.0,2184.0,2059.0
2017-03-30,0.0,1.97,2019.0,,40,0,1980.0,2019.0,2019.0
2017-03-29,0.0,-1.35,1980.0,,1537,0,2007.0,2101.0,1980.0
2017-03-28,0.0,8.14,2007.0,,562,0,1856.0,2007.0,1893.0
2017-03-26,0.0,1.98,1856.0,,10,0,1856.0,1856.0,1856.0
2017-03-23,0.0,2.13,1820.0,,281,0,1760.0,1820.0,1750.0
2017-03-22,0.0,7.8,1782.0,,385,0,1686.0,1818.0,1686.0
2017-03-21,0.0,9.98,1653.0,,61,0,1533.0,1653.0,1533.0
2017-03-20,0.0,1.97,1502.0,,40,0,1503.0,1503.0,1502.0
2017-03-19,0.0,1.94,1474.0,,10,0,1446.0,1474.0,1474.0
2017-03-15,0.0,3.95,1446.0,,110,0,1418.0,1446.0,1418.0
2017-03-14,0.0,-1.83,1391.0,,34,0,1391.0,1391.0,1391.0
2017-03-13,0.0,3.43,1417.0,,25,0,1390.0,1417.0,1390.0
2017-03-07,0.0,-1.79,1370.0,,30,0,1370.0,1370.0,1370.0
2017-03-06,0.0,1.82,1395.0,,50,0,1395.0,1395.0,1395.0
2017-03-05,0.0,1.93,1370.0,,190,0,1370.0,1397.0,1370.0
2017-03-02,0.0,-5.68,1344.0,,238,0,1397.0,1397.0,1344.0
2017-02-22,0.0,-1.66,1425.0,,72,0,1421.0,1425.0,1421.0
2017-02-21,0.0,-1.96,1449.0,,190,0,1451.0,1451.0,1449.0
2017-02-20,0.0,-3.9,1478.0,,141,0,1508.0,1515.0,1478.0
2017-02-19,0.0,-1.98,1538.0,,50,0,1538.0,1538.0,1538.0
2017-02-02,0.0,-1.94,1569.0,,20,0,1569.0,1569.0,1569.0
2017-02-01,0.0,0.06,1600.0,,10,0,1600.0,1600.0,1600.0
2017-01-31,0.0,-1.9,1599.0,,20,0,1599.0,1599.0,1599.0
2017-01-19,0.0,-1.63,1630.0,,54,0,1630.0,1630.0,1630.0
2017-01-17,0.0,-1.95,1657.0,,75,0,1657.0,1657.0,1657.0
2017-01-15,0.0,-0.59,1690.0,,50,0,1690.0,1690.0,1690.0
2017-01-12,0.0,-1.96,1700.0,,85,0,1700.0,1700.0,1700.0
2017-01-02,0.0,-1.98,1734.0,,20,0,1734.0,1734.0,1734.0
2017-01-01,0.0,1.96,1769.0,,10,0,1769.0,1769.0,1769.0
2016-12-29,0.0,-1.98,1735.0,,50,0,1735.0,1735.0,1735.0
2016-12-26,0.0,0.34,1770.0,,10,0,1770.0,1770.0,1770.0
2016-12-15,0.0,-0.06,1764.0,,80,0,1800.0,1800.0,1764.0
2016-12-11,0.0,-2.0,1765.0,,20,0,1765.0,1765.0,1765.0
2016-12-07,0.0,-1.96,1801.0,,50,0,1801.0,1801.0,1801.0
2016-11-23,0.0,-1.97,1837.0,,20,0,1837.0,1837.0,1837.0
2016-11-22,0.0,-1.99,1874.0,,50,0,1874.0,1874.0,1874.0
2016-11-17,0.0,-2.0,1912.0,,70,0,1930.0,1930.0,1912.0
2016-11-16,0.0,0.05,1951.0,,200,0,1951.0,1951.0,1951.0
2016-11-14,0.0,0.78,1950.0,,195,0,1950.0,1950.0,1950.0
2016-11-13,0.0,-3.25,1935.0,,70,0,1970.0,1970.0,1935.0
2016-11-07,0.0,-1.96,2000.0,,100,0,2000.0,2000.0,2000.0
2016-10-27,0.0,2.0,2040.0,,211,0,2040.0,2040.0,2040.0
2016-10-26,0.0,0.0,2000.0,,45,0,2000.0,2000.0,2000.0
2016-10-24,0.0,-1.04,2000.0,,163,0,1981.0,2000.0,1981.0
2016-10-23,0.0,-1.94,2021.0,,10,0,2021.0,2021.0,2021.0
2016-10-20,0.0,-5.46,2061.0,,40,0,2140.0,2140.0,2061.0
2016-10-18,0.0,-1.98,2180.0,,11,0,2180.0,2180.0,2180.0
2016-10-03,0.0,3.13,2900.0,,225,0,2815.0,2900.0,2815.0
2016-10-02,0.0,0.07,2812.0,,875,0,2760.0,2812.0,2755.0
2016-09-29,0.0,-1.4,2810.0,,71,0,2810.0,2810.0,2810.0
2016-09-27,0.0,3.64,2850.0,,160,0,2805.0,2850.0,2805.0
2016-09-26,0.0,-0.18,2750.0,,200,0,2750.0,2750.0,2750.0
2016-09-25,0.0,-3.95,2795.0,,220,0,2852.0,2852.0,2795.0
2016-09-22,0.0,-3.95,2795.0,,220,0,2852.0,2852.0,2795.0
2016-09-20,0.0,0.0,2910.0,,176,0,2909.0,2910.0,2909.0
2016-09-18,0.0,0.0,2910.0,,600,0,2900.0,2910.0,2870.0
2016-09-12,0.0,0.69,2910.0,,110,0,2860.0,2910.0,2860.0
2016-09-08,0.0,3.21,2890.0,,320,0,2855.0,2890.0,2855.0
2016-09-07,0.0,-1.75,2800.0,,66,0,2825.0,2825.0,2800.0
2016-09-06,0.0,0.6,2850.0,,200,0,2800.0,2850.0,2800.0
2016-09-04,0.0,-1.97,2833.0,,54,0,2833.0,2833.0,2833.0
2016-09-01,0.0,0.0,2890.0,,671,0,2940.0,2975.0,2882.0
2016-08-30,0.0,3.99,2890.0,,792,0,2781.0,2890.0,2781.0
2016-08-29,0.0,2.93,2779.0,,272,0,2725.0,2779.0,2725.0
2016-08-28,0.0,0.75,2700.0,,400,0,2680.0,2705.0,2680.0
2016-08-24,0.0,-0.74,2680.0,,210,0,2700.0,2700.0,2680.0
2016-08-23,0.0,-3.09,2700.0,,310,0,2731.0,2735.0,2700.0
2016-08-22,0.0,-3.77,2786.0,,315,0,2900.0,2900.0,2786.0
2016-08-21,0.0,1.58,2895.0,,757,0,2890.0,2900.0,2833.0
2016-08-17,0.0,-0.87,2890.0,,340,0,2920.0,2930.0,2850.0
2016-08-16,0.0,-0.45,2875.0,,1280,0,2860.0,2876.0,2841.0
2016-08-15,0.0,2.56,2888.0,,3656,0,2872.0,2940.0,2785.0
2016-08-14,0.0,10.0,2816.0,,8007,0,2611.0,2816.0,2611.0
2016-08-11,0.0,0.47,2560.0,,933,0,2598.0,2598.0,2462.0
2016-08-10,0.0,-2.0,2548.0,,210,0,2652.0,2652.0,2548.0
2016-08-07,0.0,-1.52,2600.0,,100,0,2640.0,2600.0,2600.0
2016-08-04,0.0,-0.23,2640.0,,100,0,2646.0,2640.0,2640.0
2016-08-03,0.0,3.93,2646.0,,581,0,2546.0,2752.0,2596.0
2016-08-02,0.0,-1.96,2546.0,,26,0,2597.0,2546.0,2546.0
2016-08-01,0.0,-2.0,2597.0,,50,0,2650.0,2597.0,2597.0
2016-07-31,0.0,-0.75,2650.0,,130,0,2670.0,2650.0,2617.0
2016-07-28,0.0,-1.11,2670.0,,571,0,2700.0,2700.0,2670.0
2016-07-27,0.0,2.04,2700.0,,191,0,2646.0,2700.0,2690.0
2016-07-26,0.0,1.97,2646.0,,127,0,2595.0,2646.0,2600.0
2016-07-25,0.0,8.12,2595.0,,50,0,2400.0,2595.0,2448.0
2016-07-21,0.0,3.67,2400.0,,261,0,2315.0,2408.0,2315.0
2016-07-20,0.0,-5.51,2315.0,,381,0,2401.0,2401.0,2315.0
2016-07-19,0.0,-2.0,2450.0,,540,0,2550.0,2550.0,2450.0
2016-07-18,0.0,-3.62,2500.0,,501,0,2594.0,2570.0,2500.0
2016-07-17,0.0,-2.52,2594.0,,84,0,2661.0,2700.0,2594.0
2016-07-14,0.0,2.46,2661.0,,961,0,2560.0,2715.0,2560.0
2016-07-13,0.0,-2.0,2597.0,,11,0,2650.0,2597.0,2597.0
2016-07-12,0.0,-3.64,2650.0,,550,0,2750.0,2695.0,2650.0
2016-07-11,0.0,-1.79,2750.0,,130,0,2800.0,2755.0,2750.0
2016-07-10,0.0,-1.48,2800.0,,200,0,2842.0,2860.0,2774.0
2016-07-06,0.0,-2.84,2842.0,,60,0,2900.0,2900.0,2842.0
2016-07-05,0.0,-2.17,2925.0,,626,0,2950.0,2950.0,2900.0
2016-07-04,0.0,-0.33,2990.0,,660,0,3000.0,3060.0,2985.0
2016-07-03,0.0,6.76,3000.0,,847,0,2810.0,3000.0,2850.0
2016-06-30,0.0,-0.99,2810.0,,110,0,2838.0,2850.0,2800.0
2016-06-29,0.0,-2.14,2838.0,,250,0,2900.0,2895.0,2838.0
2016-06-28,0.0,-1.66,2900.0,,80,0,2949.0,2900.0,2900.0
2016-06-27,0.0,4.39,2949.0,,1646,0,2825.0,2950.0,2830.0
2016-06-26,0.0,-0.18,2825.0,,331,0,2830.0,2825.0,2778.0
2016-06-23,0.0,5.6,2830.0,,1171,0,2680.0,2830.0,2630.0
2016-06-22,0.0,4.65,2680.0,,535,0,2600.0,2685.0,2590.0
2016-06-21,0.0,-1.76,2561.0,,58,0,2607.0,2561.0,2560.0
2016-06-20,0.0,-4.96,2607.0,,1490,0,2743.0,2714.0,2607.0
2016-06-16,0.0,1.97,2743.0,,125,0,2690.0,2743.0,2700.0
2016-06-15,0.0,-0.37,2690.0,,99,0,2650.0,2690.0,2650.0
2016-06-14,0.0,2.74,2700.0,,563,0,2680.0,2787.0,2680.0
2016-06-13,0.0,9.5,2628.0,,488,0,2400.0,2628.0,2430.0
2016-06-09,0.0,-0.41,2400.0,,67,0,2365.0,2400.0,2365.0
2016-06-08,0.0,-3.6,2410.0,,259,0,2500.0,2450.0,2402.0
2016-06-07,0.0,-1.19,2500.0,,473,0,2480.0,2500.0,2480.0
2016-06-06,0.0,5.37,2530.0,,2875,0,2401.0,2570.0,2430.0
2016-06-05,0.0,-2.0,2401.0,,62,0,2450.0,2401.0,2401.0
2016-06-02,0.0,-1.92,2450.0,,1245,0,2498.0,2450.0,2440.0
2016-06-01,0.0,-0.04,2498.0,,182,0,2499.0,2548.0,2498.0
2016-05-31,0.0,3.95,2499.0,,783,0,2404.0,2499.0,2450.0
2016-05-30,0.0,-2.0,2404.0,,56,0,2453.0,2404.0,2404.0
2016-05-29,0.0,2.0,2453.0,,10,0,2405.0,2453.0,2453.0
2016-05-26,0.0,-1.07,2405.0,,502,0,2431.0,2405.0,2400.0
2016-05-25,0.0,0.0,2431.0,,264,0,2431.0,2479.0,2431.0
2016-05-24,0.0,-1.98,2431.0,,92,0,2480.0,2460.0,2431.0
2016-05-23,0.0,4.2,2480.0,,154,0,2380.0,2496.0,2400.0
2016-05-22,0.0,-0.83,2380.0,,351,0,2400.0,2380.0,2355.0
2016-05-19,0.0,1.65,2400.0,,543,0,2361.0,2450.0,2400.0
2016-05-18,0.0,-1.05,2361.0,,85,0,2386.0,2365.0,2361.0
2016-05-16,0.0,1.97,2386.0,,146,0,2340.0,2386.0,2315.0
2016-05-15,0.0,-3.82,2340.0,,239,0,2385.0,2385.0,2340.0
2016-05-11,0.0,-1.07,2310.0,,314,0,2335.0,2350.0,2300.0
2016-05-10,0.0,-0.21,2335.0,,342,0,2380.0,2380.0,2335.0
2016-05-09,0.0,0.0,2340.0,,671,0,2350.0,2350.0,2305.0
2016-05-08,0.0,-0.43,2340.0,,95,0,2350.0,2340.0,2303.0
2016-05-05,0.0,-2.08,2350.0,,115,0,2400.0,2352.0,2350.0
2016-05-03,0.0,0.0,2400.0,,237,0,2400.0,2400.0,2400.0
2016-05-02,0.0,-3.23,2400.0,,240,0,2480.0,2431.0,2383.0
2016-04-28,0.0,7.59,2480.0,,420,0,2305.0,2485.0,2351.0
2016-04-27,0.0,-0.86,2305.0,,28,0,2325.0,2305.0,2305.0
2016-04-26,0.0,-2.8,2325.0,,336,0,2392.0,2400.0,2310.0
2016-04-25,0.0,4.0,2392.0,,128,0,2300.0,2392.0,2300.0
2016-04-19,0.0,-4.96,2300.0,,200,0,2420.0,2390.0,2300.0
2016-04-18,0.0,0.83,2420.0,,97,0,2400.0,2420.0,2400.0
2016-04-17,0.0,0.0,2400.0,,50,0,2400.0,2400.0,2400.0
2016-04-14,0.0,3.27,2400.0,,323,0,2324.0,2430.0,2320.0
2016-04-10,0.0,-0.68,2324.0,,247,0,2340.0,2350.0,2304.0
2016-04-05,0.0,0.0,2340.0,,808,0,2300.0,2340.0,2300.0
2016-04-04,0.0,1.74,2340.0,,939,0,2300.0,2340.0,2265.0
2016-04-03,0.0,-5.74,2300.0,,93,0,2440.0,2392.0,2300.0
2016-03-31,0.0,-3.44,2440.0,,630,0,2527.0,2485.0,2436.0
2016-03-30,0.0,-3.92,2527.0,,36,0,2630.0,2578.0,2527.0
2016-03-28,0.0,0.0,2630.0,,98,0,2630.0,2630.0,2630.0
2016-03-16,0.0,-1.87,2630.0,,200,0,2630.0,2630.0,2630.0
2016-03-13,0.0,0.19,2680.0,,332,0,2700.0,2725.0,2680.0
2016-03-10,0.0,1.63,2675.0,,645,0,2684.0,2684.0,2650.0
2016-03-06,0.0,6.04,2632.0,,193,0,2531.0,2632.0,2531.0
2016-03-03,0.0,2.35,2482.0,,850,0,2473.0,2550.0,2465.0
2016-03-02,0.0,3.63,2425.0,,860,0,2370.0,2455.0,2370.0
2016-03-01,0.0,1.74,2350.0,,900,0,2346.0,2375.0,2340.0
2016-02-29,0.0,0.0,2300.0,,312,0,2300.0,2346.0,2300.0
2016-02-24,0.0,-0.43,2300.0,,135,0,2300.0,2300.0,2300.0
2016-02-23,0.0,0.43,2310.0,,949,0,2300.0,2310.0,2290.0
2016-02-22,0.0,5.31,2300.0,,443,0,2227.0,2316.0,2227.0
2016-02-21,0.0,9.97,2184.0,,470,0,2025.0,2184.0,2025.0
2016-02-03,0.0,3.98,1986.0,,20,0,1910.0,1986.0,1948.0
2016-01-14,0.0,0.53,1910.0,,250,0,1890.0,1910.0,1890.0
2016-01-13,0.0,-1.55,1900.0,,118,0,1930.0,1900.0,1900.0
2016-01-10,0.0,-1.88,1930.0,,88,0,1967.0,1930.0,1930.0
2016-01-07,0.0,1.92,1967.0,,90,0,1967.0,1967.0,1967.0
2016-01-06,0.0,-3.55,1930.0,,337,0,1965.0,1965.0,1930.0
2016-01-05,0.0,-1.19,2001.0,,840,0,2025.0,2025.0,2001.0
2016-01-04,0.0,1.25,2025.0,,932,0,2000.0,2040.0,1921.0
2016-01-03,0.0,9.89,2000.0,,512,0,1850.0,2000.0,1850.0
2015-12-31,0.0,2.25,1820.0,,140,0,1800.0,1820.0,1800.0
2015-12-29,0.0,-5.32,1780.0,,505,0,1880.0,1870.0,1780.0
2015-12-28,0.0,-1.21,1880.0,,212,0,1903.0,1935.0,1880.0
2015-12-25,0.0,7.88,1903.0,,503,0,1741.0,1903.0,1741.0
2015-12-23,0.0,1.97,1764.0,,258,0,1730.0,1764.0,1724.0
2015-12-22,0.0,-0.52,1730.0,,13,0,1730.0,1730.0,1730.0
2015-12-20,0.0,3.82,1739.0,,167,0,1675.0,1739.0,1705.0
2015-12-17,0.0,4.62,1675.0,,452,0,1611.0,1675.0,1611.0
2015-12-16,0.0,0.06,1601.0,,843,0,1600.0,1697.0,1600.0
2015-12-14,0.0,-1.96,1600.0,,738,0,1601.0,1601.0,1568.0
2015-12-10,0.0,-6.31,1632.0,,624,0,1730.0,1730.0,1632.0
2015-12-09,0.0,8.13,1742.0,,343,0,1643.0,1742.0,1643.0
2015-12-08,0.0,1.32,1611.0,,960,0,1580.0,1640.0,1580.0
2015-12-07,0.0,-0.75,1590.0,,440,0,1600.0,1610.0,1590.0
2015-12-04,0.0,0.12,1602.0,,231,0,1632.0,1632.0,1602.0
2015-12-03,0.0,0.13,1600.0,,728,0,1600.0,1685.0,1598.0
2015-12-01,0.0,8.12,1598.0,,239,0,1478.0,1598.0,1507.0
2015-11-30,0.0,6.56,1983.0,,887,0,1860.0,1983.0,1860.0
2015-11-29,0.0,-4.61,1861.0,,1074,0,1926.0,1926.0,1860.0
2015-11-26,0.0,-1.96,1951.0,,50,0,1951.0,1951.0,1951.0
2015-11-24,0.0,0.51,1990.0,,352,0,2000.0,2000.0,1990.0
2015-11-23,0.0,-2.65,1980.0,,69,0,1994.0,1994.0,1980.0
2015-11-19,0.0,1.95,2034.0,,144,0,2034.0,2034.0,2033.0
2015-11-18,0.0,0.55,1995.0,,311,0,2023.0,2035.0,1995.0
2015-11-10,0.0,3.98,1984.0,,200,0,1946.0,1984.0,1946.0
2015-11-09,0.0,3.98,1907.0,,210,0,1871.0,1908.0,1871.0
2015-11-08,0.0,-1.98,1835.0,,41,0,1835.0,1835.0,1835.0
2015-11-02,0.0,-1.99,1872.0,,290,0,1900.0,1900.0,1872.0
2015-10-29,0.0,-1.6,1910.0,,80,0,1941.0,1941.0,1910.0
2015-10-27,0.0,-3.91,1941.0,,114,0,1980.0,1980.0,1941.0
2015-10-15,0.0,1.0,2020.0,,708,0,2000.0,2050.0,2000.0
2015-10-14,0.0,0.45,2000.0,,39,0,2000.0,2000.0,2000.0
2015-10-06,0.0,-2.16,1991.0,,50,0,2000.0,2000.0,1991.0
2015-10-05,0.0,0.25,2035.0,,153,0,2070.0,2070.0,2030.0
2015-10-01,0.0,1.15,2030.0,,144,0,2012.0,2030.0,2012.0
2015-09-30,0.0,3.99,2007.0,,171,0,1950.0,2007.0,1950.0
2015-09-29,0.0,-1.03,1930.0,,271,0,1930.0,1930.0,1930.0
2015-09-28,0.0,-2.5,1950.0,,97,0,1965.0,1965.0,1950.0
2015-09-24,0.0,-1.48,2000.0,,118,0,2000.0,2000.0,2000.0
2015-09-23,0.0,-1.02,2030.0,,204,0,2050.0,2050.0,2030.0
2015-09-17,0.0,-1.39,2051.0,,731,0,2060.0,2075.0,2050.0
2015-09-16,0.0,-0.91,2080.0,,288,0,2080.0,2081.0,2080.0
2015-09-15,0.0,9.9,2099.0,,177,0,1948.0,2099.0,1948.0
2015-09-14,0.0,-1.55,1910.0,,49,0,1910.0,1910.0,1910.0
2015-09-13,0.0,5.72,1940.0,,450,0,1870.0,1940.0,1870.0
2015-09-09,0.0,-1.87,1835.0,,131,0,1835.0,1835.0,1835.0
2015-09-08,0.0,0.54,1870.0,,588,0,1871.0,1872.0,1855.0
2015-09-07,0.0,-5.82,1860.0,,325,0,1975.0,1975.0,1860.0
2015-09-06,0.0,-0.25,1975.0,,20,0,1975.0,1975.0,1975.0
2015-09-03,0.0,-1.98,1980.0,,10,0,1980.0,1980.0,1980.0
2015-08-31,0.0,1.0,2020.0,,295,0,2020.0,2020.0,2020.0
2015-08-26,0.0,-1.86,2000.0,,70,0,2000.0,2000.0,2000.0
2015-08-24,0.0,7.26,2038.0,,398,0,1938.0,2038.0,1910.0
2015-08-20,0.0,2.15,1900.0,,795,0,1890.0,1927.0,1890.0
2015-08-17,0.0,-1.59,1860.0,,28,0,1860.0,1860.0,1860.0
2015-08-16,0.0,0.96,1890.0,,50,0,1890.0,1890.0,1890.0
2015-08-13,0.0,1.96,1872.0,,40,0,1872.0,1872.0,1872.0
2015-08-12,0.0,-1.29,1836.0,,103,0,1850.0,1850.0,1836.0
2015-08-11,0.0,1.97,1860.0,,908,0,1824.0,1860.0,1823.0
2015-08-10,0.0,6.67,1824.0,,822,0,1710.0,1824.0,1720.0
2015-08-09,0.0,1.3,1710.0,,630,0,1688.0,1749.0,1710.0
2015-08-06,0.0,1.99,1688.0,,488,0,1655.0,1688.0,1655.0
2015-08-05,0.0,-3.78,1655.0,,276,0,1720.0,1686.0,1655.0
2015-07-29,0.0,-1.99,1720.0,,30,0,1755.0,1720.0,1720.0
2015-07-28,0.0,-7.63,1755.0,,280,0,1900.0,1862.0,1755.0
2015-07-27,0.0,0.69,1900.0,,29,0,1887.0,1900.0,1890.0
2015-07-23,0.0,4.49,1887.0,,262,0,1806.0,1887.0,1842.0
2015-07-22,0.0,5.31,1806.0,,467,0,1749.0,1806.0,1749.0
2015-07-16,0.0,1.48,1715.0,,213,0,1690.0,1715.0,1715.0
2015-07-15,0.0,0.84,1690.0,,100,0,1690.0,1690.0,1690.0
2015-07-14,0.0,-0.53,1676.0,,397,0,1710.0,1710.0,1676.0
2015-07-13,0.0,0.0,1685.0,,310,0,1685.0,1685.0,1685.0
2015-07-09,0.0,0.3,1685.0,,184,0,1680.0,1685.0,1680.0
2015-07-08,0.0,1.82,1680.0,,143,0,1683.0,1683.0,1680.0
2015-07-07,0.0,3.12,1650.0,,401,0,1600.0,1652.0,1600.0
2015-07-06,0.0,-1.23,1600.0,,69,0,1600.0,1600.0,1600.0
2015-07-05,0.0,0.87,1620.0,,626,0,1615.0,1680.0,1615.0
2015-07-02,0.0,1.58,1606.0,,87,0,1575.0,1606.0,1575.0
2015-07-01,0.0,-1.19,1581.0,,313,0,1620.0,1620.0,1581.0
2015-06-30,0.0,1.98,1600.0,,171,0,1575.0,1600.0,1575.0
2015-06-28,0.0,-3.68,1569.0,,131,0,1600.0,1630.0,1569.0
2015-06-25,0.0,-0.06,1629.0,,159,0,1630.0,1630.0,1616.0
2015-06-24,0.0,1.24,1630.0,,30,0,1630.0,1630.0,1630.0
2015-06-23,0.0,0.62,1610.0,,100,0,1610.0,1610.0,1610.0
2015-06-17,0.0,-0.19,1600.0,,298,0,1603.0,1605.0,1600.0
2015-06-16,0.0,-1.54,1603.0,,590,0,1628.0,1693.0,1600.0
2015-06-15,0.0,6.06,1628.0,,187,0,1535.0,1628.0,1565.0
2015-06-14,0.0,9.96,1535.0,,186,0,1396.0,1535.0,1423.0
2015-06-11,0.0,9.97,2691.0,,618,0,2447.0,2691.0,2495.0
2015-06-10,0.0,9.98,2447.0,,50,0,2225.0,2447.0,2269.0
2015-06-03,0.0,0.91,2225.0,,10,0,2205.0,2225.0,2225.0
2015-06-02,0.0,-9.96,2205.0,,203,0,2449.0,2401.0,2205.0
2015-06-01,0.0,-3.89,2449.0,,20,0,2548.0,2498.0,2449.0
2015-05-31,0.0,-2.0,2548.0,,10,0,2600.0,2548.0,2548.0
2015-04-19,0.0,1.96,2600.0,,100,0,2550.0,2600.0,2600.0
2015-04-16,0.0,-1.24,2550.0,,118,0,2582.0,2550.0,2550.0
2015-04-08,0.0,3.28,2582.0,,268,0,2500.0,2585.0,2550.0
2015-04-07,0.0,-1.96,2500.0,,68,0,2550.0,2500.0,2500.0
2015-04-06,0.0,-1.16,2550.0,,31,0,2580.0,2550.0,2550.0
2015-04-05,0.0,-1.79,2580.0,,37,0,2627.0,2580.0,2580.0
2015-04-01,0.0,-1.98,2627.0,,44,0,2680.0,2627.0,2627.0
2015-03-31,0.0,-2.01,2680.0,,96,0,2735.0,2681.0,2680.0
2015-03-30,0.0,-1.94,2735.0,,20,0,2789.0,2735.0,2735.0
2015-03-26,0.0,1.42,2789.0,,64,0,2750.0,2800.0,2789.0
2015-03-25,0.0,-1.08,2750.0,,313,0,2780.0,2800.0,2750.0
2015-03-24,0.0,2.96,2780.0,,262,0,2700.0,2780.0,2720.0
2015-03-23,0.0,0.67,2700.0,,13,0,2682.0,2700.0,2700.0
2015-03-22,0.0,0.83,2682.0,,72,0,2660.0,2682.0,2630.0
2015-03-19,0.0,1.64,2660.0,,50,0,2617.0,2660.0,2660.0
2015-03-17,0.0,-1.25,2617.0,,29,0,2650.0,2670.0,2617.0
2015-03-16,0.0,0.38,2650.0,,125,0,2640.0,2650.0,2650.0
2015-03-12,0.0,0.76,2640.0,,70,0,2620.0,2640.0,2625.0
2015-03-11,0.0,0.0,2620.0,,200,0,2620.0,2620.0,2620.0
2015-03-09,0.0,1.31,2620.0,,306,0,2586.0,2620.0,2600.0
2015-03-04,0.0,-1.97,2586.0,,26,0,2638.0,2586.0,2586.0
2015-03-03,0.0,1.46,2638.0,,188,0,2600.0,2640.0,2635.0
2015-03-01,0.0,1.17,2600.0,,20,0,2570.0,2600.0,2600.0
2015-02-25,0.0,0.79,2540.0,,38,0,2520.0,2540.0,2520.0
2015-02-24,0.0,-0.4,2520.0,,325,0,2530.0,2550.0,2500.0
2015-02-23,0.0,1.2,2530.0,,105,0,2500.0,2545.0,2530.0
2015-02-19,0.0,-3.47,2500.0,,389,0,2590.0,2540.0,2500.0
2015-02-16,0.0,1.57,2590.0,,233,0,2550.0,2590.0,2562.0
2015-02-15,0.0,0.39,2550.0,,138,0,2540.0,2550.0,2500.0
2015-02-12,0.0,1.76,2540.0,,695,0,2496.0,2590.0,2540.0
2015-02-11,0.0,4.0,2496.0,,283,0,2400.0,2496.0,2440.0
2015-02-10,0.0,0.0,2400.0,,717,0,2400.0,2447.0,2400.0
2015-02-09,0.0,0.0,2400.0,,210,0,2400.0,2400.0,2400.0
2015-02-08,0.0,-1.44,2400.0,,243,0,2435.0,2405.0,2387.0
2015-02-05,0.0,3.27,2435.0,,316,0,2358.0,2435.0,2400.0
2015-02-04,0.0,-1.75,2358.0,,47,0,2400.0,2358.0,2358.0
2015-02-02,0.0,0.42,2400.0,,44,0,2390.0,2420.0,2400.0
2015-02-01,0.0,-0.42,2390.0,,25,0,2400.0,2390.0,2390.0
2015-01-29,0.0,1.61,2400.0,,154,0,2362.0,2400.0,2399.0
2015-01-28,0.0,-1.99,2362.0,,104,0,2410.0,2362.0,2362.0
2015-01-27,0.0,2.12,2410.0,,146,0,2360.0,2410.0,2390.0
2015-01-26,0.0,-1.67,2360.0,,90,0,2400.0,2360.0,2360.0
2015-01-25,0.0,-1.64,2400.0,,433,0,2440.0,2438.0,2345.0
2015-01-20,0.0,1.67,2440.0,,164,0,2400.0,2440.0,2352.0
2015-01-19,0.0,0.42,2400.0,,296,0,2390.0,2437.0,2390.0
2015-01-18,0.0,3.73,2390.0,,208,0,2304.0,2397.0,2350.0
2015-01-14,0.0,-1.96,2304.0,,44,0,2350.0,2304.0,2304.0
2015-01-13,0.0,0.0,2350.0,,62,0,2350.0,2350.0,2350.0
2015-01-12,0.0,-1.96,2350.0,,11,0,2397.0,2350.0,2350.0
2015-01-11,0.0,4.22,2397.0,,338,0,2300.0,2398.0,2339.0
2015-01-08,0.0,4.55,2300.0,,224,0,2200.0,2300.0,2244.0
2015-01-07,0.0,3.29,2200.0,,20,0,2130.0,2200.0,2172.0
2015-01-05,0.0,4.16,2130.0,,257,0,2045.0,2130.0,2085.0
2015-01-04,0.0,6.51,2045.0,,269,0,1920.0,2076.0,1958.0
2014-12-29,0.0,0.0,1920.0,,413,0,1920.0,1920.0,1920.0
2014-12-28,0.0,-0.26,1920.0,,330,0,1925.0,1935.0,1900.0
2014-12-24,0.0,0.73,1925.0,,110,0,1911.0,1925.0,1911.0
2014-12-21,0.0,-2.0,1911.0,,368,0,1950.0,1950.0,1911.0
2014-12-18,0.0,1.25,1950.0,,90,0,1926.0,1950.0,1950.0
2014-12-17,0.0,4.0,1926.0,,20,0,1852.0,1926.0,1889.0
2014-12-16,0.0,1.98,1852.0,,13,0,1816.0,1852.0,1852.0
2014-12-09,0.0,-3.92,1816.0,,298,0,1890.0,1853.0,1816.0
2014-11-24,0.0,-0.53,1890.0,,30,0,1900.0,1890.0,1890.0
2014-11-18,0.0,-1.96,1900.0,,24,0,1938.0,1900.0,1900.0
2014-11-17,0.0,2.0,1938.0,,10,0,1900.0,1938.0,1938.0
2014-11-13,0.0,-0.05,1900.0,,143,0,1901.0,1910.0,1888.0
2014-11-12,0.0,0.0,1901.0,,14,0,1901.0,1901.0,1901.0
2014-11-03,0.0,-0.21,1901.0,,50,0,1905.0,1901.0,1901.0
2014-11-02,0.0,0.42,1905.0,,30,0,1897.0,1905.0,1905.0
2014-10-27,0.0,1.99,1897.0,,40,0,1860.0,1897.0,1897.0
2014-10-22,0.0,0.0,1860.0,,44,0,1860.0,1860.0,1860.0
2014-10-21,0.0,5.9,2370.0,,1440,0,2238.0,2375.0,2238.0
2014-10-20,0.0,9.98,2238.0,,1334,0,2035.0,2238.0,2075.0
2014-10-16,0.0,-0.25,2035.0,,10,0,2040.0,2035.0,2035.0
2014-10-15,0.0,2.0,2040.0,,275,0,2000.0,2040.0,2020.0
2014-10-13,0.0,-2.91,2000.0,,171,0,2060.0,2035.0,2000.0
2014-10-12,0.0,-2.83,2060.0,,120,0,2120.0,2100.0,2020.0
2014-10-09,0.0,0.0,2120.0,,195,0,2120.0,2120.0,2120.0
2014-10-08,0.0,0.9,2120.0,,10,0,2101.0,2120.0,2120.0
2014-09-29,0.0,0.0,2101.0,,154,0,2101.0,2101.0,2101.0
2014-09-28,0.0,0.0,2101.0,,22,0,2101.0,2101.0,2100.0
2014-09-24,0.0,-3.89,2101.0,,120,0,2186.0,2143.0,2101.0
2014-09-22,0.0,0.05,2186.0,,202,0,2185.0,2200.0,2185.0
2014-09-21,0.0,-0.68,2185.0,,100,0,2200.0,2185.0,2185.0
2014-09-17,0.0,-1.79,2200.0,,356,0,2240.0,2250.0,2200.0
2014-09-16,0.0,0.9,2240.0,,1913,0,2220.0,2305.0,2220.0
2014-09-15,0.0,5.06,2220.0,,1629,0,2113.0,2310.0,2135.0
2014-09-11,0.0,9.96,1921.0,,2269,0,1747.0,1921.0,1781.0
2014-09-10,0.0,9.94,1747.0,,80,0,1589.0,1747.0,1620.0
2014-09-09,0.0,7.8,1589.0,,668,0,1474.0,1589.0,1445.0
2014-09-07,0.0,-0.07,1474.0,,448,0,1475.0,1474.0,1446.0
2014-09-04,0.0,-6.94,1475.0,,831,0,1585.0,1554.0,1464.0
2014-09-03,0.0,-3.94,1585.0,,127,0,1650.0,1617.0,1585.0
2014-09-01,0.0,0.61,1650.0,,200,0,1640.0,1650.0,1650.0
2014-08-31,0.0,-4.37,1640.0,,232,0,1715.0,1700.0,1640.0
2014-08-28,0.0,0.0,1715.0,,37,0,1715.0,1749.0,1715.0
2014-08-27,0.0,1.48,1715.0,,40,0,1690.0,1715.0,1715.0
2014-08-24,0.0,-1.46,1690.0,,345,0,1715.0,1720.0,1690.0
2014-08-21,0.0,-2.0,1715.0,,108,0,1750.0,1715.0,1715.0
2014-08-19,0.0,-1.69,1750.0,,10,0,1780.0,1750.0,1750.0
2014-08-14,0.0,1.95,1780.0,,28,0,1746.0,1780.0,1750.0
2014-08-12,0.0,-1.91,1746.0,,88,0,1780.0,1746.0,1746.0
2014-08-07,0.0,1.71,1780.0,,453,0,1750.0,1785.0,1740.0
2014-08-06,0.0,1.16,1750.0,,52,0,1730.0,1750.0,1750.0
2014-08-05,0.0,-0.29,1730.0,,10,0,1735.0,1730.0,1730.0
2014-08-04,0.0,-0.86,1735.0,,50,0,1750.0,1770.0,1735.0
2014-08-03,0.0,1.45,1750.0,,18,0,1725.0,1750.0,1750.0
2014-07-31,0.0,-1.37,1725.0,,65,0,1749.0,1790.0,1725.0
2014-07-30,0.0,-0.06,1749.0,,124,0,1750.0,1750.0,1745.0
2014-07-27,0.0,-0.11,1750.0,,338,0,1752.0,1750.0,1740.0
2014-07-24,0.0,1.86,1752.0,,98,0,1720.0,1752.0,1686.0
2014-07-23,0.0,-6.11,1720.0,,132,0,1832.0,1820.0,1720.0
2014-07-21,0.0,6.02,1832.0,,333,0,1728.0,1832.0,1755.0
2014-07-20,0.0,9.99,1728.0,,200,0,1571.0,1728.0,1602.0
2014-07-17,0.0,9.94,1571.0,,109,0,1429.0,1571.0,1457.0
2014-07-16,0.0,2.0,1429.0,,70,0,1401.0,1429.0,1429.0
2014-07-15,0.0,0.0,1401.0,,254,0,1401.0,1401.0,1401.0
2014-07-14,0.0,0.0,1401.0,,150,0,1401.0,1445.0,1401.0
2014-07-10,0.0,0.07,1401.0,,150,0,1400.0,1428.0,1401.0
2014-07-09,0.0,1.82,1400.0,,597,0,1375.0,1410.0,1400.0
2014-07-07,0.0,-1.79,1375.0,,50,0,1400.0,1375.0,1375.0
2014-07-06,0.0,0.72,1400.0,,100,0,1390.0,1400.0,1400.0
2014-07-02,0.0,0.72,1390.0,,86,0,1380.0,1406.0,1390.0
2014-07-01,0.0,4.55,1380.0,,784,0,1320.0,1381.0,1330.0
2014-06-30,0.0,5.26,1320.0,,160,0,1254.0,1320.0,1270.0
2014-06-29,0.0,1.95,1254.0,,41,0,1230.0,1254.0,1231.0
2014-06-25,0.0,0.74,1230.0,,476,0,1221.0,1245.0,1230.0
2014-06-24,0.0,1.5,1221.0,,214,0,1203.0,1234.0,1210.0
2014-06-23,0.0,0.0,1203.0,,44,0,1203.0,1203.0,1203.0
2014-06-17,0.0,1.95,1203.0,,10,0,1180.0,1203.0,1203.0
2014-06-16,0.0,1.55,1180.0,,200,0,1162.0,1180.0,1160.0
2014-06-09,0.0,1.93,1162.0,,99,0,1140.0,1162.0,1118.0
2014-06-08,0.0,-1.98,1140.0,,10,0,1163.0,1140.0,1140.0
2014-06-05,0.0,-3.88,1163.0,,31,0,1210.0,1186.0,1163.0
2014-06-04,0.0,-1.94,1210.0,,540,0,1234.0,1210.0,1210.0
2014-06-03,0.0,1.98,1234.0,,286,0,1210.0,1234.0,1220.0
2014-06-02,0.0,1.26,1210.0,,160,0,1195.0,1210.0,1210.0
2014-06-01,0.0,-1.24,1195.0,,31,0,1210.0,1210.0,1190.0
2014-05-28,0.0,0.83,1210.0,,123,0,1200.0,1224.0,1210.0
2014-05-27,0.0,-0.5,1200.0,,98,0,1206.0,1200.0,1200.0
2014-05-22,0.0,-2.27,1206.0,,570,0,1234.0,1230.0,1206.0
2014-05-21,0.0,1.73,1234.0,,110,0,1213.0,1234.0,1210.0
2014-05-20,0.0,5.94,1213.0,,564,0,1145.0,1213.0,1145.0
2014-05-19,0.0,-1.29,1145.0,,306,0,1160.0,1160.0,1145.0
2014-05-18,0.0,2.2,1160.0,,166,0,1135.0,1160.0,1157.0
2014-05-15,0.0,-2.83,1135.0,,221,0,1168.0,1170.0,1135.0
2014-05-13,0.0,-3.87,1168.0,,122,0,1215.0,1215.0,1168.0
2014-05-12,0.0,3.58,1215.0,,126,0,1173.0,1219.0,1196.0
2014-05-11,0.0,-1.92,1173.0,,150,0,1196.0,1173.0,1173.0
2014-05-08,0.0,-1.97,1196.0,,20,0,1220.0,1196.0,1196.0
2014-05-07,0.0,-1.61,1220.0,,569,0,1240.0,1220.0,1200.0
2014-05-06,0.0,-6.06,1240.0,,717,0,1320.0,1340.0,1240.0
2014-05-05,0.0,5.94,1320.0,,52,0,1246.0,1320.0,1270.0
2014-05-04,0.0,5.95,1246.0,,236,0,1176.0,1246.0,1176.0
2014-04-30,0.0,-1.92,1176.0,,271,0,1199.0,1180.0,1153.0
2014-04-29,0.0,-0.66,1199.0,,34,0,1207.0,1199.0,1183.0
2014-04-28,0.0,-2.03,1207.0,,40,0,1232.0,1208.0,1184.0
2014-04-23,0.0,6.85,1232.0,,610,0,1153.0,1232.0,1120.0
2014-04-22,0.0,-3.92,1153.0,,142,0,1200.0,1176.0,1153.0
2014-04-20,0.0,-4.38,1200.0,,167,0,1255.0,1240.0,1200.0
2014-04-16,0.0,0.08,1255.0,,70,0,1254.0,1255.0,1229.0
2014-04-10,0.0,-0.08,1254.0,,151,0,1255.0,1254.0,1230.0
2014-04-03,0.0,1.37,1255.0,,10,0,1238.0,1255.0,1255.0
2014-04-02,0.0,9.95,1238.0,,800,0,1126.0,1238.0,1148.0
2014-04-01,0.0,9.96,1126.0,,264,0,1024.0,1126.0,1044.0
2014-03-31,0.0,3.96,1024.0,,78,0,985.0,1024.0,1003.0
2014-03-26,0.0,-1.4,985.0,,20,0,999.0,985.0,985.0
2014-03-24,0.0,2.46,999.0,,107,0,975.0,999.0,975.0
2014-03-23,0.0,-2.99,975.0,,120,0,1005.0,985.0,966.0
2014-03-20,0.0,-1.86,1005.0,,182,0,1024.0,1005.0,1000.0
2014-03-19,0.0,3.96,1024.0,,181,0,985.0,1044.0,1000.0
2014-03-18,0.0,0.51,985.0,,102,0,980.0,1000.0,985.0
2014-03-17,0.0,-7.55,980.0,,115,0,1060.0,1039.0,980.0
2014-03-13,0.0,0.0,1060.0,,292,0,1060.0,1080.0,1060.0
2014-03-12,0.0,3.82,1060.0,,132,0,1021.0,1060.0,1025.0
2014-03-11,0.0,-1.92,1021.0,,331,0,1041.0,1041.0,1001.0
2014-03-10,0.0,0.1,1041.0,,402,0,1040.0,1060.0,1040.0
2014-03-09,0.0,3.48,1040.0,,230,0,1005.0,1040.0,1000.0
2014-03-06,0.0,0.4,1005.0,,395,0,1001.0,1005.0,985.0
2014-03-05,0.0,-3.93,1001.0,,205,0,1042.0,1022.0,1000.0
2014-03-04,0.0,-9.94,1042.0,,192,0,1157.0,1134.0,1042.0
2014-03-03,0.0,-4.38,1157.0,,154,0,1210.0,1186.0,1157.0
2014-02-26,0.0,-0.41,1210.0,,100,0,1215.0,1210.0,1210.0
2014-02-25,0.0,0.41,1215.0,,30,0,1210.0,1215.0,1215.0
2014-02-24,0.0,-3.51,1210.0,,80,0,1254.0,1230.0,1210.0
2014-02-23,0.0,1.95,1254.0,,80,0,1230.0,1254.0,1230.0
2014-02-20,0.0,3.97,1230.0,,30,0,1183.0,1230.0,1206.0
2014-02-18,0.0,1.98,1183.0,,59,0,1160.0,1183.0,1183.0
2014-02-17,0.0,5.94,1160.0,,149,0,1095.0,1160.0,1116.0
2014-02-16,0.0,-0.45,1095.0,,396,0,1100.0,1120.0,1095.0
2014-02-13,0.0,7.84,1100.0,,105,0,1020.0,1102.0,1040.0
2014-02-12,0.0,3.13,1020.0,,263,0,989.0,1020.0,1000.0
2014-02-11,0.0,5.89,989.0,,313,0,934.0,1008.0,952.0
2014-02-10,0.0,5.9,934.0,,106,0,882.0,934.0,899.0
2014-02-09,0.0,0.0,882.0,,23,0,882.0,882.0,865.0
2014-02-06,0.0,-2.0,882.0,,130,0,900.0,900.0,882.0
2014-02-05,0.0,2.86,900.0,,178,0,875.0,909.0,875.0
2014-02-04,0.0,0.69,875.0,,360,0,869.0,886.0,852.0
2014-02-03,0.0,10.0,869.0,,60,0,790.0,869.0,805.0
2014-02-02,0.0,1.94,790.0,,20,0,775.0,790.0,789.0
2014-01-29,0.0,-4.91,775.0,,273,0,815.0,800.0,769.0
2014-01-28,0.0,-3.78,815.0,,629,0,847.0,836.0,815.0
2014-01-23,0.0,-1.97,847.0,,10,0,864.0,847.0,847.0
2014-01-22,0.0,-3.79,864.0,,20,0,898.0,881.0,864.0
2014-01-21,0.0,9.91,898.0,,500,0,817.0,898.0,833.0
2014-01-16,0.0,0.12,817.0,,299,0,816.0,832.0,816.0
2014-01-14,0.0,3.95,816.0,,114,0,785.0,816.0,785.0
2014-01-13,0.0,0.0,785.0,,13,0,785.0,785.0,785.0
2014-01-12,0.0,1.95,785.0,,19,0,770.0,785.0,785.0
2013-12-15,0.0,0.26,770.0,,64,0,768.0,770.0,755.0
2013-12-12,0.0,-3.76,768.0,,244,0,798.0,783.0,768.0
2013-12-11,0.0,0.76,798.0,,62,0,792.0,800.0,798.0
2013-12-10,0.0,7.9,792.0,,151,0,734.0,792.0,748.0
2013-12-09,0.0,3.97,734.0,,886,0,706.0,734.0,692.0
2013-12-05,0.0,5.85,706.0,,30,0,667.0,706.0,680.0
2013-12-04,0.0,7.75,667.0,,324,0,619.0,667.0,630.0
2013-12-03,0.0,7.84,619.0,,50,0,574.0,619.0,585.0
2013-12-02,0.0,7.89,574.0,,51,0,532.0,574.0,532.0
2013-12-01,0.0,3.91,532.0,,290,0,512.0,532.0,512.0
2013-11-28,0.0,1.99,512.0,,49,0,502.0,512.0,512.0
2013-11-26,0.0,3.72,502.0,,68,0,484.0,502.0,493.0
2013-11-24,0.0,3.86,484.0,,20,0,466.0,484.0,475.0
2013-11-21,0.0,3.79,466.0,,20,0,449.0,466.0,457.0
2013-11-14,0.0,9.51,449.0,,2105,0,410.0,449.0,410.0
2013-11-13,0.0,-1.44,410.0,,162,0,416.0,415.0,410.0
2013-11-12,0.0,7.77,416.0,,268,0,386.0,416.0,393.0
2013-11-11,0.0,5.75,386.0,,353,0,365.0,386.0,365.0
2013-11-10,0.0,1.96,365.0,,108,0,358.0,372.0,365.0
2013-11-07,0.0,3.77,358.0,,85,0,345.0,365.0,351.0
2013-10-31,0.0,0.0,345.0,,100,0,345.0,351.0,345.0
2013-10-30,0.0,-3.09,345.0,,126,0,356.0,350.0,345.0
2013-10-29,0.0,-0.56,356.0,,62,0,358.0,356.0,353.0
2013-10-28,0.0,-3.76,358.0,,188,0,372.0,372.0,358.0
2013-10-24,0.0,1.92,372.0,,64,0,365.0,372.0,372.0
2013-10-23,0.0,2.24,365.0,,556,0,357.0,371.0,361.0
2013-10-22,0.0,3.48,357.0,,325,0,345.0,357.0,350.0
2013-10-21,0.0,3.6,345.0,,52,0,333.0,345.0,339.0
2013-10-17,0.0,-3.48,333.0,,60,0,345.0,339.0,333.0
2013-10-10,0.0,2.99,345.0,,248,0,335.0,347.0,341.0
2013-10-09,0.0,9.84,335.0,,80,0,305.0,335.0,311.0
2013-10-03,0.0,0.0,305.0,,10,0,305.0,305.0,305.0
2013-10-01,0.0,-1.93,305.0,,10,0,311.0,305.0,305.0
2013-09-30,0.0,-1.89,311.0,,89,0,317.0,311.0,311.0
2013-09-26,0.0,0.32,317.0,,63,0,316.0,317.0,311.0
2013-09-25,0.0,0.32,316.0,,53,0,315.0,316.0,310.0
2013-09-23,0.0,1.94,315.0,,20,0,309.0,315.0,310.0
2013-09-22,0.0,-1.9,309.0,,44,0,315.0,309.0,309.0
2013-09-19,0.0,0.0,315.0,,456,0,315.0,321.0,315.0
2013-09-17,0.0,-0.32,315.0,,171,0,316.0,316.0,310.0
2013-09-16,0.0,-1.86,316.0,,75,0,322.0,316.0,316.0
2013-09-15,0.0,-6.12,322.0,,776,0,343.0,337.0,313.0
2013-09-12,0.0,-3.92,343.0,,79,0,357.0,350.0,343.0
2013-09-11,0.0,0.0,357.0,,40,0,357.0,357.0,350.0
2013-09-10,0.0,0.0,357.0,,60,0,357.0,357.0,350.0
2013-09-03,0.0,2.59,357.0,,475,0,348.0,357.0,350.0
2013-09-01,0.0,-3.87,348.0,,56,0,362.0,355.0,348.0
2013-08-27,0.0,0.56,362.0,,863,0,360.0,369.0,362.0
2013-08-26,0.0,1.41,360.0,,54,0,355.0,360.0,355.0
2013-08-25,0.0,-1.39,355.0,,212,0,360.0,355.0,353.0
2013-08-20,0.0,-2.17,360.0,,1589,0,368.0,376.0,355.0
2013-08-19,0.0,0.55,368.0,,331,0,366.0,382.0,368.0
2013-08-18,0.0,6.4,366.0,,932,0,344.0,378.0,346.0
2013-08-15,0.0,9.9,344.0,,319,0,313.0,344.0,308.0
2013-08-14,0.0,2.62,313.0,,554,0,305.0,313.0,301.0
2013-08-13,0.0,3.04,305.0,,236,0,296.0,310.0,300.0
2013-08-12,0.0,-0.67,296.0,,476,0,298.0,309.0,296.0
2013-08-11,0.0,-1.65,298.0,,48,0,303.0,298.0,298.0
2013-08-08,0.0,1.68,303.0,,277,0,298.0,303.0,300.0
2013-08-07,0.0,-0.67,298.0,,30,0,300.0,300.0,298.0
2013-08-06,0.0,-0.33,300.0,,530,0,301.0,300.0,295.0
2013-08-05,0.0,0.0,301.0,,170,0,301.0,307.0,301.0
2013-08-04,0.0,-0.99,301.0,,106,0,304.0,305.0,301.0
2013-08-01,0.0,-0.98,304.0,,108,0,307.0,310.0,304.0
2013-07-31,0.0,0.66,307.0,,18,0,305.0,307.0,307.0
2013-07-30,0.0,0.33,305.0,,950,0,304.0,310.0,298.0
2013-07-29,0.0,2.7,304.0,,1607,0,296.0,306.0,298.0
2013-07-28,0.0,0.34,296.0,,90,0,295.0,300.0,295.0
2013-07-25,0.0,1.72,295.0,,584,0,290.0,300.0,290.0
2013-07-24,0.0,-3.33,290.0,,118,0,300.0,294.0,290.0
2013-07-23,0.0,5.26,300.0,,192,0,285.0,300.0,285.0
2013-07-22,0.0,1.79,285.0,,743,0,280.0,285.0,270.0
2013-07-21,0.0,4.48,280.0,,188,0,268.0,280.0,250.0
2013-07-17,0.0,8.5,268.0,,1245,0,247.0,268.0,249.0
2013-07-16,0.0,3.35,247.0,,666,0,239.0,247.0,235.0
2013-07-15,0.0,3.02,239.0,,386,0,232.0,244.0,232.0
2013-07-14,0.0,-0.43,232.0,,404,0,233.0,236.0,232.0
2013-07-11,0.0,9.91,233.0,,887,0,212.0,233.0,208.0
2013-07-10,0.0,0.0,212.0,,505,0,212.0,215.0,210.0
2013-07-09,0.0,3.92,212.0,,441,0,204.0,212.0,206.0
2013-07-08,0.0,0.0,204.0,,247,0,204.0,208.0,200.0
2013-07-07,0.0,9.68,204.0,,477,0,186.0,204.0,189.0
2013-07-04,0.0,0.0,186.0,,356,0,186.0,186.0,183.0
2013-07-03,0.0,0.54,186.0,,195,0,185.0,186.0,180.0
2013-07-02,0.0,2.78,185.0,,212,0,180.0,189.0,183.0
2013-07-01,0.0,-1.1,180.0,,275,0,182.0,182.0,179.0
2013-06-30,0.0,-9.0,182.0,,438,0,200.0,196.0,182.0
2013-06-27,0.0,-9.91,200.0,,1314,0,222.0,218.0,200.0
2013-06-26,0.0,4.72,222.0,,10,0,212.0,222.0,222.0
2013-06-25,0.0,4.95,212.0,,2375,0,202.0,222.0,192.0
2013-06-24,0.0,9.78,202.0,,1552,0,184.0,202.0,187.0
2013-06-23,0.0,9.52,184.0,,1886,0,168.0,184.0,171.0
2013-06-20,0.0,9.8,168.0,,314,0,153.0,168.0,156.0
2013-06-19,0.0,-87.31,153.0,,50,0,1206.0,153.0,153.0
