DATE,CHANGE,CHANGE %,CLOSE,TURNOVER,VOLUME,TRADE,OPEN,HIGH,LOW
2026-05-08,1.0,0.18,565.9,88.64,15783,91,560.0,566.0,559.0
2026-05-07,1.0,0.18,564.9,86.21,15404,95,570.0,570.0,556.0
2026-05-06,3.9,0.7,563.9,,36288,153,567.0,571.7,557.0
2026-05-05,0.0,0.0,560.0,,28127,109,560.0,565.0,551.0
2026-05-04,-10.9,-1.91,560.0,,18089,119,570.0,576.3,555.0
2026-04-30,-3.9,-0.68,570.9,,30905,115,569.0,575.0,566.1
2026-04-29,-5.2,-0.9,574.8,,20286,121,572.0,575.0,566.7
2026-04-28,-5.0,-0.85,580.0,,60564,115,585.0,590.0,571.0
2026-04-27,-4.9,-0.83,585.0,,50281,198,589.9,594.0,576.2
2026-04-24,3.9,0.67,589.9,,26802,168,571.0,589.9,571.0
2026-04-23,-8.9,-1.5,586.0,,71487,224,618.7,618.7,579.0
2026-04-22,-0.1,-0.02,594.9,,45614,259,565.3,599.0,565.3
2026-04-21,-10.0,-1.65,595.0,,21917,168,605.0,607.0,589.0
2026-04-20,1.2,0.2,605.0,,56253,236,574.0,624.0,574.0
2026-04-17,0.06,0.01,603.8,,79970,572,615.8,615.8,592.9
2026-04-16,3.2,0.5,646.0,,217148,1012,642.8,655.6,637.1
2026-04-15,3.8,0.59,642.8,,75133,398,627.0,644.0,627.0
2026-04-13,1.5,0.24,639.0,,75651,353,630.0,649.0,630.0
2026-04-10,15.5,2.49,637.5,,123190,592,625.0,640.0,618.0
2026-04-09,6.0,0.97,622.0,,52934,224,623.6,623.6,610.0
2026-04-08,10.1,1.67,616.0,,38455,213,602.0,622.0,602.0
2026-04-07,-2.1,-0.35,605.9,,43793,201,618.9,618.9,601.0
2026-04-06,24.0,4.11,608.0,,108669,396,572.4,616.0,572.4
2026-04-05,-20.0,-3.31,584.0,,135837,401,601.0,601.0,581.5
2026-04-02,3.1,0.52,604.0,,62004,284,605.0,610.0,592.0
2026-04-01,-17.1,-2.77,600.9,,88108,342,620.0,620.0,590.1
2026-03-31,5.9,0.96,618.0,,51598,202,623.0,623.0,610.1
2026-03-30,-14.9,-2.38,612.1,,98076,347,625.0,628.0,610.0
2026-03-29,-10.0,-1.57,627.0,,81138,299,640.0,640.0,623.0
2026-03-26,6.0,0.95,637.0,,60100,252,631.0,643.0,626.0
2026-03-25,-7.0,-1.1,631.0,,74561,238,642.8,642.8,630.0
2026-03-24,2.0,0.31,638.0,,68549,266,643.0,647.0,631.0
2026-03-23,-3.7,-0.58,636.0,,53349,274,641.0,644.0,631.0
2026-03-22,9.7,1.54,639.7,,101681,386,635.0,647.7,630.0
2026-03-19,0.0,0.0,630.0,,189026,527,620.0,639.5,620.0
2026-03-17,5.0,0.8,630.0,,81165,293,621.0,631.0,620.0
2026-03-16,-2.0,-0.32,625.0,,50194,177,623.6,633.0,623.1
2026-03-15,0.1,0.02,627.0,,59685,255,628.0,632.9,624.0
2026-03-12,-4.7,-0.74,626.9,,65132,314,628.5,644.0,625.0
2026-03-11,-10.4,-1.62,631.6,,70843,288,638.0,645.0,631.0
2026-03-10,-27.0,-4.04,642.0,,122827,518,669.0,669.0,632.0
2026-03-09,38.5,6.11,669.0,6.56,980,13,643.1,680.0,643.1
2026-03-03,8.5,1.37,630.5,,49745,199,630.0,633.9,622.2
2026-03-01,-2.0,-0.32,622.0,,42324,157,619.0,627.5,618.7
2026-02-26,-6.9,-1.09,624.0,,55611,205,639.0,639.0,621.0
2026-02-25,9.0,1.45,630.9,,50937,223,628.3,634.0,624.0
2026-02-24,5.9,0.96,621.9,,51660,170,616.0,625.0,614.1
2026-02-23,2.0,0.33,616.0,,34516,180,620.0,620.0,610.6
2026-02-22,1.0,0.16,614.0,,101038,286,613.0,620.9,605.0
2026-02-17,1.0,0.16,613.0,,83875,234,620.0,621.8,606.0
2026-02-16,-2.0,-0.33,612.0,,60769,187,622.0,622.9,610.0
2026-02-12,-1.6,-0.26,614.0,,77866,328,610.0,622.0,610.0
2026-02-11,1.5,0.24,615.6,,63495,237,605.0,626.0,605.0
2026-02-10,-4.9,-0.79,614.1,,125272,421,615.0,628.0,612.0
2026-02-09,-17.0,-2.67,619.0,,102735,388,625.2,648.0,618.0
2026-02-08,-5.0,-0.78,636.0,,125517,329,642.0,644.5,632.0
2026-02-05,8.0,1.26,641.0,,111531,479,633.0,646.0,633.0
2026-02-04,5.0,0.8,633.0,,139704,461,628.0,645.0,625.4
2026-02-03,-15.0,-2.33,628.0,,158879,542,643.0,643.0,620.2
2026-02-02,-14.0,-2.13,643.0,,230730,622,654.0,658.0,632.0
2026-02-01,-30.0,-4.37,657.0,,167879,687,673.3,698.0,640.0
2026-01-29,31.8,4.85,687.0,,696210,1403,658.5,706.0,657.3
2026-01-28,-14.7,-2.19,655.2,,742385,1395,656.6,705.0,650.1
2026-01-27,3.1,0.46,669.9,,221944,872,660.0,674.0,654.0
2026-01-26,18.8,2.9,666.8,,398255,1191,660.9,679.0,648.0
2026-01-25,17.0,2.69,648.0,,477867,950,622.2,648.0,622.2
2026-01-22,12.0,1.94,631.0,,283306,746,612.1,632.0,612.1
2026-01-21,11.6,1.91,619.0,,476052,1149,600.1,620.0,600.1
2026-01-20,10.4,1.74,607.4,,414604,1009,585.1,610.0,585.1
2026-01-18,13.1,2.24,597.0,,191434,704,585.0,615.0,580.1
2026-01-14,16.0,2.82,583.9,,286222,758,560.1,600.0,560.1
2026-01-13,2.2,0.39,567.9,,60460,179,563.0,569.0,563.0
2026-01-12,1.6,0.28,565.7,,76580,184,553.6,567.0,553.6
2026-01-08,-0.9,-0.16,564.1,,54028,202,555.0,565.0,555.0
2026-01-07,0.2,0.04,565.0,,49238,154,564.9,566.4,562.0
2026-01-06,-0.2,-0.04,564.8,,59301,241,555.1,569.59,555.1
2026-01-05,2.0,0.36,565.0,,96953,279,560.0,569.59,560.0
2026-01-04,-1.0,-0.18,563.0,,32612,141,560.0,566.8,558.3
2026-01-01,0.1,0.02,564.0,,56094,158,568.2,568.2,560.1
2025-12-31,2.8,0.5,563.9,,30400,122,569.0,569.0,561.3
2025-12-29,-8.9,-1.56,561.1,,64087,180,570.0,572.7,561.1
2025-12-28,0.1,0.02,570.0,,54592,173,560.1,572.0,560.1
2025-12-24,5.9,1.05,569.9,,47632,177,560.2,570.0,560.1
2025-12-23,5.0,0.89,564.0,,27739,133,559.0,565.0,559.0
2025-12-22,-8.0,-1.41,559.0,,32068,144,575.0,575.0,559.0
2025-12-21,-3.0,-0.53,567.0,,40379,168,560.0,569.9,560.0
2025-12-18,0.1,0.02,570.0,,42676,212,558.6,626.0,558.6
2025-12-17,0.0,0.0,569.9,,59575,156,569.0,571.0,562.0
2025-12-16,2.9,0.51,569.9,,49854,195,560.2,570.0,560.0
2025-12-15,-3.1,-0.54,567.0,,70809,208,560.0,582.0,560.0
2025-12-14,-0.1,-0.02,570.1,,48719,189,560.0,574.0,560.0
2025-12-11,0.3,0.05,570.2,,133569,253,560.0,590.0,560.0
2025-12-10,-2.1,-0.37,569.9,,40219,175,560.6,596.0,560.6
2025-12-09,2.0,0.35,572.0,,34627,191,575.0,575.0,565.0
2025-12-08,-2.0,-0.35,570.0,,86506,267,560.6,571.8,560.6
2025-12-07,-17.9,-3.03,572.0,,234141,426,578.2,597.7,568.0
2025-12-03,2.9,0.49,589.9,,158142,381,576.5,605.0,576.5
2025-12-02,-3.9,-0.66,587.0,,182787,657,580.0,602.0,579.0
2025-12-01,24.9,4.4,590.9,,470614,1392,557.1,610.0,557.1
2025-11-30,1.3,0.23,566.0,,177665,421,555.0,580.0,555.0
2025-11-27,22.4,4.13,564.7,,263596,605,540.0,566.9,535.1
2025-11-26,1.1,0.2,542.3,,69782,182,541.2,545.0,538.0
2025-11-25,1.2,0.22,541.2,,27949,115,547.0,547.0,540.0
2025-11-24,0.0,0.0,540.0,,90610,172,529.5,548.9,529.5
2025-11-23,5.0,0.93,540.0,,118305,239,525.0,545.7,525.0
2025-11-20,0.7,0.13,535.0,,34208,140,532.1,535.0,530.0
2025-11-19,1.3,0.24,534.3,,25310,126,533.0,536.9,530.0
2025-11-18,8.5,1.62,533.0,,30390,138,525.0,534.9,525.0
2025-11-17,-2.5,-0.47,524.5,,20158,102,523.3,530.0,523.3
2025-11-16,-3.0,-0.57,527.0,,29157,120,530.0,531.5,523.0
2025-11-13,4.0,0.76,530.0,,25346,114,515.5,534.0,515.5
2025-11-12,0.1,0.02,526.0,,32046,116,521.0,530.0,518.0
2025-11-11,-2.6,-0.49,525.9,,46754,119,525.2,530.0,523.1
2025-11-10,-0.5,-0.09,528.5,,39887,120,525.6,533.8,525.1
2025-11-09,1.0,0.19,529.0,,37539,119,525.0,530.0,522.2
2025-11-06,0.0,0.0,528.0,,156792,224,530.0,540.0,526.1
2025-11-05,-4.0,-0.75,528.0,,30235,149,527.1,531.0,522.3
2025-11-04,-3.0,-0.56,532.0,,61433,228,527.3,539.0,527.3
2025-11-03,-7.0,-1.29,535.0,,197096,290,542.0,550.0,532.3
2025-11-02,7.0,1.31,542.0,,73603,280,530.2,545.0,530.2
2025-10-30,2.0,0.38,535.0,,92034,269,528.0,538.7,525.4
2025-10-29,4.2,0.79,533.0,,228526,390,518.5,535.9,518.5
2025-10-28,15.8,3.08,528.8,,35173,159,519.6,532.0,515.0
2025-10-26,-1.0,-0.19,513.0,,67152,140,515.5,519.9,512.0
2025-10-19,4.0,0.78,514.0,,159671,368,502.1,540.0,502.1
2025-10-16,1.0,0.2,510.0,,152517,188,500.1,510.0,500.1
2025-10-15,-3.0,-0.59,509.0,,54812,136,504.1,509.9,500.0
2025-10-14,-2.0,-0.39,512.0,,47010,153,517.0,518.0,504.2
2025-10-13,3.1,0.61,514.0,,173887,262,511.0,517.0,501.0
2025-10-12,-13.1,-2.5,510.9,,156412,424,525.1,525.1,495.0
2025-10-09,2.0,0.38,524.0,,80280,307,530.0,542.6,514.1
2025-10-08,-17.9,-3.32,522.0,,268378,457,548.8,548.8,512.2
2025-10-07,-14.7,-2.65,539.9,,80206,315,545.0,553.0,528.3
2025-09-28,4.6,0.84,554.6,,56918,147,550.0,554.9,544.0
2025-09-25,0.1,0.02,550.0,,55369,179,549.9,550.0,542.0
2025-09-24,-6.0,-1.08,549.9,,85537,308,551.1,554.9,545.0
2025-09-23,-2.0,-0.36,555.9,,69310,256,556.1,566.0,553.7
2025-09-21,15.9,2.93,557.9,,143556,452,531.2,563.0,531.2
2025-09-18,-33.49,-5.82,542.0,,33750,108,565.0,565.0,531.3
2025-09-08,-0.46,-0.08,575.49,,288366,508,570.0,577.0,570.0
2025-09-07,-1.73,-0.3,575.95,,110223,280,570.0,580.0,570.0
2025-09-04,1.21,0.21,577.68,,115715,332,570.0,579.5,570.0
2025-09-03,0.45,0.08,576.47,,189753,480,570.0,578.0,570.0
2025-09-02,-3.27,-0.56,576.02,,169194,422,575.2,581.6,571.6
2025-09-01,2.61,0.45,579.29,,138103,393,573.5,583.0,573.0
2025-08-31,-1.13,-0.2,576.68,,96563,281,578.0,579.7,573.0
2025-08-28,-3.25,-0.56,577.81,,339552,590,582.0,582.0,569.8
2025-08-27,5.64,0.98,581.06,,76940,333,572.0,584.6,572.0
2025-08-26,1.77,0.31,575.42,,51948,211,575.7,577.0,572.1
2025-08-25,0.25,0.04,573.65,,88337,317,570.2,575.8,570.2
2025-08-24,-1.08,-0.19,573.4,,101202,325,570.0,579.4,570.0
2025-08-21,3.69,0.65,574.48,,95382,384,581.9,581.9,569.9
2025-08-20,-10.62,-1.83,570.79,,219123,924,580.0,582.0,570.0
2025-08-19,-25.39,-4.18,581.41,,534227,1311,594.7,608.8,578.0
2025-08-18,3.4,0.56,606.8,,258797,650,591.4,615.0,588.0
2025-08-17,-2.38,-0.39,603.4,,211811,775,600.0,609.0,600.0
2025-08-14,1.99,0.33,605.78,,245434,980,598.0,625.0,598.0
2025-08-13,10.99,1.85,603.79,,457123,1622,587.0,606.0,587.0
2025-08-12,4.29,0.73,592.8,,246483,908,582.0,600.0,582.0
2025-08-11,1.9,0.32,588.51,,304272,1106,584.0,596.8,580.0
2025-08-07,14.66,2.56,586.61,,359089,1437,564.1,591.3,564.1
2025-08-06,13.92,2.49,571.95,,321866,1036,554.0,576.0,554.0
2025-08-05,9.26,1.69,558.03,,221293,583,542.0,562.0,542.0
2025-08-04,2.93,0.54,548.77,,127200,396,556.7,556.7,544.0
2025-08-03,-3.46,-0.63,545.84,,121072,533,548.0,554.5,545.0
2025-07-31,0.01,0.0,549.3,,105399,354,555.9,555.9,546.0
2025-07-30,0.34,0.06,549.29,,139702,396,546.0,552.0,546.0
2025-07-29,1.34,0.24,548.95,,74195,362,540.0,560.0,540.0
2025-07-28,1.14,0.21,547.61,,107972,488,546.4,553.0,545.0
2025-07-27,-8.1,-1.46,546.47,,187751,786,559.0,560.8,545.0
2025-07-24,-7.26,-1.29,554.57,,173107,764,560.0,568.0,552.0
2025-07-23,-6.41,-1.13,561.83,,134347,530,564.0,570.9,560.0
2025-07-22,7.03,1.25,568.24,,121975,496,560.0,574.0,556.3
2025-07-21,-8.13,-1.43,561.21,,170079,718,560.0,573.0,555.7
2025-07-20,-14.21,-2.44,569.34,,332101,1004,571.9,605.0,567.0
2025-07-17,20.18,3.58,583.55,,563576,1674,565.0,619.0,565.0
2025-07-16,12.41,2.25,563.37,,178317,561,540.1,567.0,540.1
2025-07-15,-0.29,-0.05,550.96,,186469,536,542.1,562.0,542.1
2025-07-14,1.27,0.23,551.25,,206397,596,560.9,560.9,538.9
2025-07-13,-16.95,-2.99,549.98,,151629,551,560.0,570.1,540.1
2025-07-10,-0.65,-0.11,566.93,,171104,447,560.1,569.9,560.1
2025-07-09,1.16,0.2,567.58,,145592,333,560.1,571.9,560.1
2025-07-08,0.75,0.13,566.42,,103114,300,560.0,567.8,560.0
2025-07-07,1.04,0.18,565.67,,140928,455,559.0,568.0,559.0
2025-07-06,0.23,0.04,564.63,,227290,478,555.0,570.0,555.0
2025-07-03,-6.32,-1.11,564.4,,123972,550,559.4,580.0,559.4
2025-07-02,8.45,1.5,570.72,,127824,577,551.1,574.0,551.1
2025-07-01,7.99,1.44,562.27,,99431,479,545.1,567.0,545.1
2025-06-30,4.9,0.89,554.28,,127831,453,543.0,556.0,543.0
2025-06-29,1.81,0.33,549.38,,169907,474,544.1,554.8,544.1
2025-06-26,1.66,0.3,547.57,,161546,469,540.1,553.8,540.1
2025-06-25,2.0,0.37,545.91,,131169,426,538.0,549.0,538.0
2025-06-24,1.81,0.33,543.91,,156043,381,537.1,550.0,537.1
2025-06-23,0.88,0.16,542.1,,196340,409,532.1,547.0,532.1
2025-06-22,2.76,0.51,541.22,,383579,700,530.1,548.9,530.1
2025-06-19,-10.17,-1.85,538.46,,233231,754,537.7,555.0,533.0
2025-06-18,10.75,2.0,548.63,,509098,1637,528.0,570.0,528.0
2025-06-17,9.79,1.85,537.88,,252902,703,520.1,540.0,520.1
2025-06-16,4.66,0.89,528.09,,382625,556,515.0,533.0,515.0
2025-06-15,0.92,0.18,523.43,,137458,387,525.0,528.0,521.2
2025-06-12,1.27,0.24,522.51,,258169,486,522.2,528.0,520.0
2025-06-11,2.34,0.45,521.24,,183308,473,523.0,528.0,516.0
2025-06-10,1.77,0.34,518.9,,178320,367,510.1,521.0,510.1
2025-06-09,0.92,0.18,517.13,,120991,359,508.9,519.8,508.9
2025-06-08,1.74,0.34,516.21,,194994,444,507.9,520.0,507.9
2025-06-05,0.93,0.18,514.47,,211743,491,505.1,522.0,505.1
2025-06-04,0.99,0.19,513.54,,135643,376,510.2,519.0,510.2
2025-06-03,1.31,0.26,512.55,,119136,338,513.0,518.0,512.1
2025-06-02,0.77,0.15,511.24,,127301,379,520.6,520.6,510.0
2025-05-28,-3.48,-0.68,510.47,,273578,588,515.0,517.8,509.0
2025-05-27,-1.82,-0.35,513.95,,134898,463,515.0,525.0,510.5
2025-05-26,-14.08,-2.66,515.77,,233367,819,530.0,530.0,515.0
2025-05-25,19.03,3.73,529.85,,545842,1503,500.7,545.0,500.7
2025-05-22,4.36,0.86,510.82,,207958,552,508.9,513.2,502.1
2025-05-21,-0.96,-0.19,506.46,,155455,370,512.0,516.0,505.7
2025-05-20,-0.71,-0.14,507.42,,97255,368,503.1,510.0,503.1
2025-05-19,2.23,0.44,508.13,,196502,526,508.9,512.9,506.0
2025-05-18,4.97,0.99,505.9,,185355,527,507.9,509.0,495.1
2025-05-15,-0.81,-0.16,500.93,,171783,467,502.0,505.0,497.2
2025-05-14,-7.36,-1.45,501.74,,163664,511,512.0,512.0,500.5
2025-05-13,1.44,0.28,509.1,,179663,559,500.0,517.0,500.0
2025-05-11,7.23,1.44,507.66,,227445,679,505.0,511.5,498.1
2025-05-08,-0.9,-0.18,500.43,,376609,766,500.0,508.9,500.0
2025-05-07,1.0,0.2,501.33,,212264,632,498.0,506.9,498.0
2025-05-06,-1.0,-0.2,500.33,,158418,600,502.5,509.0,500.0
2025-05-05,4.01,0.81,501.33,,301047,784,491.9,504.0,491.9
2025-05-04,-6.54,-1.3,497.32,,297357,765,503.0,510.0,491.1
2025-04-30,13.22,2.69,503.86,,430876,1334,480.9,514.0,480.9
2025-04-29,5.22,1.08,490.64,,213121,654,495.1,498.7,481.3
2025-04-28,4.66,0.97,485.42,,348561,672,490.3,490.3,475.0
2025-04-27,5.74,1.21,480.76,,416084,763,479.0,485.0,475.0
2025-04-24,1.85,0.39,475.02,,279961,621,475.0,476.5,472.2
2025-04-23,1.14,0.24,473.17,,308590,562,471.0,477.0,471.0
2025-04-22,-0.58,-0.12,472.03,,241849,500,474.5,475.0,469.6
2025-04-21,6.66,1.43,472.61,,189785,590,472.0,475.0,465.0
2025-04-20,-4.18,-0.89,465.95,,273718,614,466.0,473.0,461.0
2025-04-17,-4.26,-0.9,470.13,,373287,1032,473.0,484.0,466.0
2025-04-16,11.16,2.41,474.39,,343657,986,460.8,479.6,460.8
2025-04-15,1.95,0.42,463.23,,346207,722,470.5,470.9,460.1
2025-04-13,1.13,0.25,461.28,,276693,617,461.0,465.0,456.1
2025-04-10,9.44,2.09,460.15,,388422,922,454.0,462.0,450.0
2025-04-09,-6.68,-1.46,450.71,,159814,612,465.0,465.0,450.0
2025-04-08,15.5,3.51,457.39,,479609,1201,435.0,460.0,435.0
2025-04-07,1.74,0.4,441.89,,234520,544,448.9,448.9,439.2
2025-04-03,-2.26,-0.51,440.15,,303400,616,444.0,446.9,438.4
2025-04-02,2.03,0.46,442.41,,157116,531,449.0,449.1,441.2
2025-04-01,2.45,0.56,440.38,,348734,867,435.1,450.0,434.0
2025-03-30,2.08,0.48,437.93,,334542,943,438.9,444.0,430.5
2025-03-27,-2.94,-0.67,435.85,,208381,653,436.0,440.5,434.0
2025-03-26,1.19,0.27,438.79,,243627,674,435.0,442.8,432.0
2025-03-25,-5.68,-1.28,437.6,,396979,982,452.1,452.1,431.5
2025-03-24,-10.07,-2.22,443.28,,265403,961,462.4,462.4,440.2
2025-03-23,5.83,1.3,453.35,,447088,1807,450.0,474.0,445.0
2025-03-20,8.72,1.99,447.52,,366814,1184,440.0,450.0,433.2
2025-03-19,4.9,1.13,438.8,,252702,713,433.0,442.6,433.0
2025-03-18,-0.1,-0.02,433.9,,155537,464,438.5,440.9,433.0
2025-03-17,-5.2,-1.18,434.0,,260276,634,441.0,443.0,433.2
2025-03-16,5.2,1.2,439.2,,391990,1124,434.0,445.0,430.2
2025-03-12,5.0,1.17,434.0,,229719,701,429.0,436.7,426.8
2025-03-11,0.0,0.0,429.0,,326957,835,435.0,435.0,420.1
2025-03-10,-6.0,-1.38,429.0,,374756,1135,443.0,449.0,426.0
2025-03-09,-1.5,-0.34,435.0,,216644,739,445.2,445.2,430.0
2025-03-06,8.5,1.99,436.5,,269023,820,436.5,436.5,422.0
2025-03-05,-3.9,-0.9,428.0,,359675,1216,440.0,448.0,427.0
2025-03-04,3.9,0.91,431.9,,312832,1035,419.5,439.0,419.5
2025-03-03,3.2,0.75,428.0,,358730,1142,433.2,434.0,420.0
2025-03-02,13.8,3.36,424.8,,266849,890,417.9,424.8,409.5
2025-02-27,9.0,2.24,411.0,,400455,1293,405.0,418.0,399.0
2025-02-25,6.8,1.72,402.0,,356479,1047,401.0,405.8,396.0
2025-02-24,-2.8,-0.7,395.2,,246550,650,399.0,403.0,390.1
2025-02-23,10.7,2.76,398.0,,318535,1222,385.0,405.9,375.0
2025-02-20,5.2,1.36,387.3,,187386,740,385.0,390.0,379.1
2025-02-18,-1.0,-0.26,382.1,,206562,604,388.0,391.0,380.1
2025-02-17,-6.9,-1.77,383.1,,205616,773,383.0,394.0,381.3
2025-02-16,-7.0,-1.76,390.0,,242061,799,394.0,396.0,386.1
2025-02-13,-13.0,-3.17,397.0,,312620,1089,409.0,411.9,395.0
2025-02-12,7.0,1.74,410.0,,458619,1547,410.0,419.0,405.0
2025-02-11,23.0,6.05,403.0,,551103,1945,377.0,404.9,373.1
2025-02-10,-0.1,-0.03,380.0,,228341,752,380.0,390.0,373.1
2025-02-09,-8.9,-2.29,380.1,,305796,971,394.0,395.9,376.1
2025-02-06,12.0,3.18,389.0,,417581,1546,383.9,398.0,372.0
2025-02-05,11.0,3.01,377.0,,414414,1539,370.0,388.0,367.0
2025-02-04,15.2,4.33,366.0,,259321,897,344.4,366.0,344.4
2025-02-03,-6.2,-1.74,350.8,,134040,470,363.0,363.0,350.1
2025-02-02,2.0,0.56,357.0,,175981,651,348.0,367.0,348.0
2025-01-28,6.0,1.72,355.0,,169395,495,355.9,357.0,348.1
2025-01-27,-1.0,-0.29,349.0,,161814,570,355.0,358.0,346.5
2025-01-26,10.0,2.94,350.0,,188410,703,345.9,354.0,340.0
2025-01-23,-4.7,-1.36,340.0,,80101,312,337.9,348.0,337.9
2025-01-22,8.2,2.44,344.7,,141917,451,343.2,349.9,330.0
2025-01-21,-2.5,-0.74,336.5,,73477,264,341.0,345.7,336.5
2025-01-20,5.0,1.5,339.0,,74145,270,340.0,343.0,335.2
2025-01-19,0.0,0.0,334.0,,51478,183,340.6,340.6,330.0
2025-01-16,1.0,0.3,334.0,,40087,149,334.0,338.9,331.0
2025-01-15,-5.1,-1.51,333.0,,38752,159,340.9,341.9,332.0
2025-01-13,3.1,0.93,338.1,,107052,268,329.0,341.0,329.0
2025-01-12,-2.2,-0.65,335.0,93.54,27995,135,342.0,342.0,330.1
2025-01-09,0.2,0.06,337.2,,115449,392,337.0,344.0,335.2
2025-01-08,-1.0,-0.3,337.0,,44472,167,343.0,343.0,334.1
2025-01-07,-3.0,-0.88,338.0,,48219,204,345.0,345.0,335.1
2025-01-06,5.0,1.49,341.0,,127686,426,342.0,345.9,335.6
2025-01-05,14.0,4.35,336.0,,107567,389,321.0,336.9,321.0
2025-01-02,5.2,1.64,322.0,,32313,135,315.1,322.0,315.0
2025-01-01,1.8,0.57,316.8,75.61,23748,93,320.0,321.3,316.8
2024-12-31,-4.9,-1.53,315.0,,41386,201,315.5,321.0,310.0
2024-12-29,-3.6,-1.11,319.9,,38047,171,323.5,330.0,318.0
2024-12-26,-6.5,-1.97,323.5,,46108,191,325.0,328.0,320.0
2024-12-24,-2.0,-0.6,330.0,,30463,157,326.3,335.0,326.3
2024-12-23,10.5,3.27,332.0,,42107,207,315.1,333.9,315.1
2024-12-22,0.5,0.16,321.5,,48991,173,323.0,329.4,316.7
2024-12-19,-3.0,-0.93,321.0,,44364,185,320.4,326.8,320.0
2024-12-18,-1.1,-0.34,324.0,,36688,171,331.0,331.0,323.1
2024-12-17,-0.9,-0.28,325.1,,41059,223,331.9,332.0,324.0
2024-12-16,-14.0,-4.12,326.0,,80474,362,345.0,345.0,325.0
2024-12-12,-7.4,-2.13,340.0,,101988,291,349.0,349.9,338.1
2024-12-11,5.4,1.58,347.4,,52329,207,348.8,348.8,337.2
2024-12-10,-3.2,-0.93,342.0,,44256,212,346.2,350.0,339.5
2024-12-09,10.7,3.2,345.2,,188449,676,339.9,356.0,335.1
2024-12-08,-9.0,-2.62,334.5,,76940,327,341.0,346.9,334.1
2024-12-05,-11.5,-3.24,343.5,,118567,516,355.0,362.0,343.0
2024-12-04,7.2,2.07,355.0,,276953,975,348.0,362.0,347.4
2024-12-03,11.8,3.51,347.8,,220679,739,342.0,352.0,340.0
2024-12-02,4.0,1.2,336.0,,112723,368,335.0,344.0,335.0
2024-12-01,-5.8,-1.72,332.0,,74869,235,332.0,338.0,326.1
2024-11-28,-6.1,-1.77,337.8,,110323,301,350.7,350.7,335.7
2024-11-27,1.9,0.56,343.9,,115043,351,348.8,350.0,342.0
2024-11-26,12.0,3.64,342.0,,128172,479,335.0,345.0,332.0
2024-11-25,3.0,0.92,330.0,,51799,207,331.0,334.7,325.0
2024-11-24,3.0,0.93,327.0,,62477,226,330.0,334.7,324.2
2024-11-21,-2.1,-0.64,324.0,,86907,355,332.0,332.9,321.7
2024-11-20,-4.9,-1.48,326.1,,81224,366,324.4,338.0,324.4
2024-11-19,-13.0,-3.78,331.0,,98820,427,340.2,345.0,330.0
2024-11-17,4.0,1.18,344.0,,128772,420,346.0,353.0,341.0
2024-11-14,5.8,1.74,340.0,,144983,576,327.6,347.0,327.6
2024-11-13,-6.8,-1.99,334.2,,78870,358,347.0,347.0,334.2
2024-11-12,-6.0,-1.73,341.0,,105046,382,340.1,358.0,340.1
2024-11-11,-11.0,-3.07,347.0,,219949,877,350.9,360.0,340.0
2024-11-10,1.0,0.28,358.0,,316075,945,357.0,378.0,350.0
2024-11-06,-15.0,-4.03,357.0,,330776,1053,364.6,394.0,350.1
2024-11-05,32.3,9.51,372.0,,115720,381,333.0,372.0,333.0
2024-10-30,4.7,1.4,339.7,,162157,573,340.0,343.9,336.5
2024-10-29,17.2,5.41,335.0,,230005,767,319.9,344.0,316.0
2024-10-28,7.9,2.55,317.8,,35374,139,312.5,317.9,308.5
2024-10-27,0.0,0.0,309.9,69.72,22398,102,315.0,316.0,306.5
2024-10-24,-0.5,-0.16,309.9,95.39,31013,144,310.0,313.0,304.7
2024-10-23,-1.6,-0.51,310.4,59.46,19171,116,316.7,316.7,307.0
2024-10-22,3.1,1.0,312.0,80.52,25994,151,315.0,315.0,305.0
2024-10-21,-6.1,-1.94,308.9,97.12,31407,186,318.0,318.0,305.4
2024-10-20,-11.0,-3.37,315.0,,71490,318,319.5,323.0,312.0
2024-10-17,0.1,0.03,326.0,,92284,374,329.0,349.9,322.7
2024-10-16,4.9,1.53,325.9,,40060,189,324.0,331.9,321.0
2024-10-15,-17.8,-5.25,321.0,,52535,242,338.0,338.0,318.0
2024-10-09,30.8,10.0,338.8,,50651,263,312.0,338.8,304.0
2024-10-08,-6.0,-1.91,308.0,,35289,128,310.0,317.9,306.0
2024-10-07,0.3,0.1,314.0,,81074,252,318.0,330.0,313.7
2024-10-06,10.3,3.39,313.7,,43150,184,309.4,315.0,303.3
2024-10-02,-12.6,-3.99,303.4,,68641,261,310.0,319.7,302.1
2024-10-01,6.0,1.94,316.0,,136007,548,303.8,320.0,298.0
2024-09-30,27.1,9.58,310.0,,39270,176,288.0,310.0,277.3
2024-09-29,-5.1,-1.77,282.9,,38515,167,283.0,288.0,276.7
2024-09-26,-6.7,-2.27,288.0,,37877,160,297.5,304.9,280.0
2024-09-25,10.7,3.77,294.7,,62427,255,284.0,300.5,280.5
2024-09-24,-9.1,-3.1,284.0,,89492,254,294.0,299.8,283.4
2024-09-23,-12.9,-4.22,293.1,,51950,236,300.3,312.1,293.1
2024-09-22,3.0,0.99,306.0,,49490,183,309.0,315.1,304.1
2024-09-18,-6.0,-1.94,303.0,,71087,272,304.0,314.4,303.0
2024-09-16,-8.0,-2.52,309.0,,61910,263,322.9,322.9,308.0
2024-09-15,-8.0,-2.46,317.0,,80669,323,325.0,333.0,313.0
2024-09-12,10.0,3.17,325.0,,50219,267,315.1,326.0,315.0
2024-09-11,-3.7,-1.16,315.0,,77091,264,319.0,326.0,313.5
2024-09-10,-0.3,-0.09,318.7,,44408,221,314.0,330.9,314.0
2024-09-09,-6.0,-1.85,319.0,,74293,295,331.4,338.0,317.0
2024-09-08,-2.0,-0.61,325.0,,61642,297,327.5,336.4,322.2
2024-09-05,2.0,0.62,327.0,,109635,352,320.0,338.0,318.0
2024-09-04,-16.0,-4.69,325.0,,62335,291,346.8,346.8,322.0
2024-09-03,3.6,1.07,341.0,,110047,382,341.9,347.7,336.1
2024-09-02,16.8,5.24,337.4,,120428,502,327.0,339.6,321.0
2024-09-01,2.1,0.66,320.6,,111735,422,324.0,331.0,317.0
2024-08-29,-9.5,-2.9,318.5,,90163,447,325.5,346.0,318.0
2024-08-28,-1.0,-0.3,328.0,,107846,510,323.0,343.0,322.0
2024-08-27,-18.0,-5.19,329.0,,192755,745,347.0,350.0,327.5
2024-08-25,-9.0,-2.53,347.0,,257175,770,357.1,364.9,346.2
2024-08-22,3.0,0.85,356.0,,183808,663,355.0,366.0,353.0
2024-08-21,-5.0,-1.4,353.0,,157090,656,363.0,367.0,350.0
2024-08-18,-17.0,-4.53,358.0,,212480,767,375.0,375.0,353.1
2024-08-15,19.5,5.49,375.0,,313387,1187,362.6,386.0,355.1
2024-08-14,2.5,0.71,355.5,,229976,863,356.0,361.9,344.0
2024-08-13,-12.0,-3.29,353.0,,199400,958,368.0,372.0,346.0
2024-08-12,7.0,1.96,365.0,,251286,1072,365.0,374.5,357.0
2024-08-11,18.0,5.29,358.0,,350409,1145,346.0,360.0,343.0
2024-08-08,1.6,0.47,340.0,,278730,1222,340.0,355.0,335.0
2024-08-07,26.4,8.46,338.4,,243930,1016,310.0,340.0,310.0
2024-08-06,-8.0,-2.5,312.0,,364869,1384,326.0,334.5,309.0
2024-08-05,7.0,2.24,320.0,,317208,1037,313.0,326.0,307.0
2024-08-01,-7.0,-2.19,313.0,,197336,736,325.0,326.0,310.0
2024-07-31,8.0,2.56,320.0,,300552,1177,315.0,331.4,313.0
2024-07-30,16.8,5.69,312.0,,236817,891,297.9,315.0,297.9
2024-07-29,-3.4,-1.14,295.2,,188972,805,304.0,310.9,294.0
2024-07-28,1.6,0.54,298.6,,136498,540,300.0,308.0,289.2
2024-07-25,-3.0,-1.0,297.0,,122862,504,304.2,305.0,294.0
2024-07-24,-14.9,-4.73,300.0,,314743,1176,308.7,319.0,297.0
2024-07-23,10.9,3.59,314.9,,188013,691,305.0,318.0,303.0
2024-07-22,7.0,2.36,304.0,,383652,1455,302.9,310.0,293.0
2024-07-21,27.0,10.0,297.0,,382852,1297,270.0,297.0,269.5
2024-07-18,-3.0,-1.1,270.0,,125680,516,278.4,278.4,268.0
2024-07-17,2.0,0.74,273.0,,114759,464,275.0,277.4,263.0
2024-07-16,15.0,5.86,271.0,,127617,553,254.1,274.0,254.1
2024-07-15,-2.0,-0.78,256.0,,71482,260,263.0,264.0,251.5
2024-07-14,13.0,5.31,258.0,,67899,306,249.9,258.0,248.0
2024-07-11,4.0,1.66,245.0,,44947,160,241.0,246.0,239.0
2024-07-10,1.0,0.42,241.0,81.36,34037,117,235.2,244.4,235.2
2024-07-09,0.0,0.0,240.0,55.42,23083,94,237.2,241.5,237.0
2024-07-08,-1.4,-0.58,240.0,48.11,20120,89,246.2,246.2,238.0
2024-07-07,2.3,0.96,241.4,65.06,27068,126,243.8,243.8,239.0
2024-07-04,0.8,0.34,239.1,72.2,30024,121,235.2,245.0,235.1
2024-07-03,-3.7,-1.53,238.3,24.31,10183,63,237.3,241.0,237.3
2024-07-02,8.0,3.42,242.0,,48026,184,238.6,253.0,238.6
2024-07-01,-3.5,-1.47,234.0,47.87,20434,95,234.2,237.0,233.0
2024-06-30,1.5,0.64,237.5,45.25,19276,104,235.0,239.0,233.0
2024-06-27,-2.0,-0.84,236.0,57.65,24603,112,234.5,242.0,232.0
2024-06-26,1.0,0.42,238.0,74.52,31535,118,240.0,240.0,234.2
2024-06-25,0.0,0.0,237.0,37.27,15625,95,237.0,241.0,236.5
2024-06-24,-2.0,-0.84,237.0,52.85,22140,84,235.0,243.5,235.0
2024-06-23,-1.0,-0.42,239.0,72.2,30280,114,238.3,243.0,236.0
2024-06-20,-1.7,-0.7,240.0,47.27,19560,108,242.1,246.9,239.0
2024-06-19,-3.3,-1.35,241.7,44.84,18427,96,249.8,249.9,240.2
2024-06-18,-6.4,-2.55,245.0,86.19,35070,155,250.0,251.2,243.0
2024-06-16,5.4,2.2,251.4,,58564,244,248.1,257.0,248.1
2024-06-13,-3.8,-1.52,246.0,91.53,36922,170,254.7,254.7,243.1
2024-06-12,-5.2,-2.04,249.8,,52732,262,259.0,260.0,248.0
2024-06-11,16.0,6.69,255.0,,137016,630,243.7,256.8,241.2
2024-06-10,5.6,2.4,239.0,,48173,265,231.0,242.7,231.0
2024-06-09,2.4,1.04,233.4,57.6,25026,117,231.5,234.0,228.1
2024-06-06,-5.0,-2.12,231.0,29.48,12718,81,236.0,236.0,230.3
2024-06-05,-0.8,-0.34,236.0,35.35,15207,93,241.0,241.0,230.0
2024-06-04,0.1,0.04,236.8,60.75,25503,125,237.9,242.0,235.0
2024-06-03,-2.2,-0.92,236.7,38.1,16170,114,243.0,243.0,233.4
2024-06-02,2.9,1.23,238.9,66.2,27800,127,240.7,243.0,227.4
2024-05-30,1.0,0.43,236.0,52.42,22292,96,239.7,239.7,232.6
2024-05-29,-1.7,-0.72,235.0,64.71,27356,105,241.4,242.0,233.0
2024-05-27,2.7,1.15,236.7,26.31,11210,69,238.6,238.6,233.5
2024-05-26,-6.0,-2.5,234.0,42.44,17979,78,235.2,243.0,232.5
2024-05-22,-6.1,-2.48,240.0,90.33,37575,162,241.5,249.9,237.0
2024-05-21,2.3,0.94,246.1,87.96,35800,159,247.0,249.9,235.0
2024-05-20,5.8,2.44,243.8,,51689,184,238.0,247.0,238.0
2024-05-19,0.9,0.38,238.0,53.47,22495,118,241.8,241.8,233.2
2024-05-16,-1.6,-0.67,237.1,33.28,14169,84,239.7,241.6,233.0
2024-05-15,1.7,0.72,238.7,76.05,31678,146,241.0,244.9,236.0
2024-05-14,7.4,3.22,237.0,59.6,25313,141,229.6,240.0,226.0
2024-05-13,2.6,1.15,229.6,36.5,16093,77,230.9,230.9,225.0
2024-05-12,0.9,0.4,227.0,47.96,21150,91,224.0,230.0,223.1
2024-05-09,-0.9,-0.4,226.1,32.5,14350,95,226.0,231.0,225.0
2024-05-08,-6.0,-2.58,227.0,27.79,12180,80,235.8,235.8,226.1
2024-05-07,1.5,0.65,233.0,40.74,17704,80,236.0,236.0,228.1
2024-05-06,-3.5,-1.49,231.5,56.62,24410,106,230.3,238.0,230.3
2024-05-05,-6.8,-2.81,235.0,86.39,36695,122,237.0,245.0,233.8
2024-05-02,-0.2,-0.08,241.8,68.51,28304,148,246.8,246.8,238.0
2024-04-30,5.1,2.15,242.0,,61636,183,240.0,246.0,235.5
2024-04-29,-3.0,-1.25,236.9,77.14,32540,119,244.6,244.6,234.2
2024-04-28,2.9,1.22,239.9,44.27,18528,96,241.7,241.7,237.0
2024-04-25,-6.9,-2.83,237.0,78.35,32791,127,245.0,246.9,236.5
2024-04-24,-1.1,-0.45,243.9,40.32,16558,86,241.0,247.8,241.0
2024-04-22,4.8,2.0,245.0,60.33,24664,123,241.0,250.9,241.0
2024-04-21,1.3,0.54,240.2,59.84,24850,120,234.2,246.0,234.2
2024-04-18,-6.0,-2.45,238.9,19.86,8280,51,240.1,242.8,238.1
2024-04-16,-6.1,-2.43,244.9,55.64,22461,102,246.0,256.0,244.0
2024-04-15,3.8,1.54,251.0,,69782,340,242.3,259.9,242.3
2024-04-14,14.1,6.05,247.2,,69609,212,237.0,247.2,235.2
2024-04-10,-7.9,-3.28,233.1,83.96,35084,172,239.0,244.0,233.1
2024-04-09,0.2,0.08,241.0,77.03,31933,152,245.0,246.0,238.1
2024-04-07,8.8,3.79,240.8,68.69,29196,113,236.6,240.8,230.1
2024-04-04,-2.0,-0.85,232.0,60.68,26179,148,235.0,235.0,230.1
2024-04-03,-4.8,-2.01,234.0,80.61,34285,160,235.1,239.8,232.3
2024-04-02,-0.4,-0.17,238.8,55.84,23366,133,243.9,248.5,236.2
2024-04-01,-4.0,-1.64,239.2,,45265,144,248.0,248.0,239.0
2024-03-31,-4.8,-1.94,243.2,73.15,29712,129,251.0,255.9,243.0
2024-03-28,1.1,0.45,248.0,83.45,33756,125,244.0,251.3,243.2
2024-03-27,-5.1,-2.02,246.9,82.0,33134,139,250.1,255.6,244.1
2024-03-26,4.1,1.65,252.0,,51996,122,248.0,258.0,243.1
2024-03-25,-5.0,-1.98,247.9,52.26,21155,108,252.9,252.9,245.0
2024-03-21,-3.1,-1.21,252.9,88.22,35070,171,261.1,261.1,249.2
2024-03-20,-1.0,-0.39,256.0,71.18,27827,85,257.0,260.0,255.0
2024-03-19,-2.0,-0.77,257.0,,45716,191,264.1,264.1,255.0
2024-03-18,-0.2,-0.08,259.0,69.44,26728,137,260.0,264.0,257.6
2024-03-17,-4.8,-1.82,259.2,70.75,27075,105,265.0,268.0,259.0
2024-03-14,-5.0,-1.86,264.0,,46062,236,274.3,274.3,262.1
2024-03-13,-0.5,-0.19,269.0,,47494,177,266.0,271.0,265.0
2024-03-12,1.5,0.56,269.5,,51816,243,273.0,273.0,262.0
2024-03-10,4.1,1.55,268.0,99.56,37335,163,260.0,274.4,260.0
2024-03-07,3.9,1.5,263.9,58.97,22441,95,265.0,269.9,259.0
2024-03-06,0.0,0.0,260.0,,51517,207,254.8,269.0,254.8
2024-03-05,-15.0,-5.45,260.0,,102657,355,280.0,280.0,258.9
2024-03-04,22.2,8.78,275.0,34.96,12848,41,257.8,278.0,257.8
2024-03-03,2.8,1.12,252.8,76.93,30826,127,245.1,254.0,245.0
2024-02-29,-8.1,-3.14,250.0,,76245,282,254.0,260.0,246.1
2024-02-28,-7.9,-2.97,258.1,82.73,31504,121,260.7,271.0,256.0
2024-02-27,6.0,2.31,266.0,89.36,33883,180,265.0,269.0,258.0
2024-02-26,8.0,3.17,260.0,,42103,220,248.4,260.0,248.4
2024-02-25,-10.2,-3.89,252.0,,57751,252,258.0,267.0,250.0
2024-02-22,-6.5,-2.42,262.2,,83400,325,267.0,275.4,259.0
2024-02-21,-3.8,-1.39,268.7,,94262,260,277.8,281.0,268.7
2024-02-20,-8.4,-2.99,272.5,,86781,262,276.0,280.9,272.0
2024-02-18,-4.11,-1.44,280.89,,84246,308,289.0,289.8,277.3
2024-02-15,6.0,2.15,285.0,,222399,593,273.5,294.0,273.5
2024-02-14,3.0,1.09,279.0,,67614,244,273.0,282.0,273.0
2024-02-13,-8.89,-3.12,276.0,,89033,352,280.0,285.0,275.5
2024-02-12,3.9,1.39,284.9,,49074,207,286.6,288.8,281.0
2024-02-11,-5.0,-1.75,281.0,,66470,296,291.7,291.7,280.0
2024-02-07,7.0,2.46,291.0,,188355,577,289.0,294.5,283.5
2024-02-06,4.0,1.43,284.0,,62848,231,280.0,285.0,279.0
2024-02-05,0.0,0.0,280.0,,82354,271,275.0,286.0,275.0
2024-02-04,-1.0,-0.36,280.0,,110542,333,281.0,285.0,273.1
2024-02-01,-10.1,-3.47,281.0,,172075,516,285.3,293.0,278.4
2024-01-31,-12.4,-4.09,291.1,,219414,730,308.0,309.0,288.0
2024-01-30,14.5,5.02,303.5,,448960,1290,290.0,308.3,290.0
2024-01-29,7.0,2.48,289.0,,291661,806,287.6,292.0,279.0
2024-01-28,17.1,6.46,282.0,,198681,600,270.1,283.8,266.5
2024-01-25,-5.6,-2.07,264.9,,107691,342,275.0,275.0,259.0
2024-01-24,0.5,0.19,270.5,,98061,305,275.0,278.0,268.6
2024-01-23,-7.9,-2.84,270.0,,109681,401,280.0,284.0,267.0
2024-01-22,-1.1,-0.39,277.9,,253358,896,280.0,289.0,274.0
2024-01-21,7.0,2.57,279.0,,416114,1427,277.0,299.0,277.0
2024-01-18,13.0,5.02,272.0,,223949,785,254.0,278.0,250.0
2024-01-17,-13.8,-5.06,259.0,,342395,1283,272.0,287.0,254.1
2024-01-16,24.8,10.0,272.8,,280007,885,252.9,272.8,248.0
2024-01-14,2.0,0.81,248.0,,148613,509,250.9,257.9,247.1
2024-01-11,20.0,8.85,246.0,,303528,981,230.0,247.0,226.0
2024-01-10,2.0,0.89,226.0,,54999,190,228.4,232.7,222.7
2024-01-09,2.0,0.9,224.0,,108866,380,226.0,231.3,222.0
2024-01-08,6.0,2.78,222.0,,48754,183,220.2,223.0,216.2
2024-01-07,4.0,1.89,216.0,,120987,390,216.0,225.4,210.0
2024-01-04,3.0,1.44,212.0,,87531,285,213.1,216.0,209.0
2024-01-03,9.9,4.97,209.0,59.38,28939,149,200.5,212.0,198.0
2024-01-02,-8.9,-4.28,199.1,,60139,210,212.1,212.1,198.2
2024-01-01,-7.0,-3.26,208.0,,50035,181,219.3,219.3,204.9
2023-12-28,-4.0,-1.83,215.0,73.88,34118,181,223.3,227.0,212.1
2023-12-27,-3.0,-1.35,219.0,,45513,215,222.0,228.0,216.0
2023-12-24,-2.0,-0.89,222.0,,96791,322,228.4,232.0,220.5
2023-12-21,0.4,0.18,224.0,,96253,363,220.3,230.0,218.0
2023-12-20,1.6,0.72,223.6,,74834,275,226.4,229.0,217.6
2023-12-19,-1.0,-0.45,222.0,74.07,33631,161,227.4,227.4,216.0
2023-12-18,-2.0,-0.89,223.0,,84108,336,229.5,231.1,216.0
2023-12-17,13.1,6.18,225.0,,106591,340,214.0,225.0,206.0
2023-12-14,2.9,1.39,211.9,78.59,37676,147,205.1,213.0,201.0
2023-12-13,3.0,1.46,209.0,,76584,283,210.1,214.0,206.0
2023-12-12,13.0,6.74,206.0,,73342,238,196.8,209.5,192.9
2023-12-11,-1.0,-0.52,193.0,72.65,37737,209,197.8,204.0,186.4
2023-12-10,14.1,7.84,194.0,3.16,1635,14,183.4,194.4,183.4
2023-12-07,2.6,1.47,179.9,28.01,15822,66,180.8,180.8,173.9
2023-12-06,2.3,1.31,177.3,13.68,7858,51,173.0,179.9,173.0
2023-12-05,-3.0,-1.69,175.0,7.57,4311,37,181.5,181.5,175.0
2023-12-04,-0.4,-0.22,178.0,10.78,6082,54,179.0,179.0,176.1
2023-12-03,-4.5,-2.46,178.4,17.83,10092,62,179.3,180.0,176.0
2023-11-30,-1.1,-0.6,182.9,32.15,17673,101,185.0,185.0,180.5
2023-11-29,-1.0,-0.54,184.0,11.2,6137,33,185.0,185.0,181.3
2023-11-28,0.0,0.0,185.0,21.15,11463,44,188.0,189.9,181.4
2023-11-27,-3.0,-1.6,185.0,18.7,10047,60,191.7,194.4,182.3
2023-11-26,9.2,5.15,188.0,44.37,24118,115,175.8,188.9,175.8
2023-11-23,4.9,2.82,178.8,19.36,11043,62,171.0,182.0,170.5
2023-11-22,3.9,2.29,173.9,11.42,6596,46,170.0,176.0,170.0
2023-11-21,-3.8,-2.19,170.0,14.13,8290,50,177.0,177.0,168.2
2023-11-20,-0.2,-0.11,173.8,15.2,8756,51,177.0,177.0,171.5
2023-11-09,0.2,0.12,174.0,5.96,3434,30,175.0,175.0,172.1
2023-11-08,-0.1,-0.06,173.8,18.87,10980,55,177.3,179.8,170.4
2023-11-07,-0.1,-0.06,173.9,7.6,4364,33,177.4,179.8,170.6
2023-11-06,4.0,2.35,174.0,11.21,6490,42,173.4,175.0,171.0
2023-11-05,-4.0,-2.3,170.0,26.08,15343,67,170.6,177.0,168.0
2023-11-02,-2.8,-1.58,174.0,15.5,9005,70,173.7,175.0,170.8
2023-11-01,0.8,0.45,176.8,13.37,7648,47,177.0,180.5,173.0
2023-10-31,-0.9,-0.51,176.0,7.14,4049,26,176.9,179.4,176.0
2023-10-30,1.9,1.09,176.9,11.43,6534,45,178.5,181.9,171.5
2023-10-29,1.0,0.57,175.0,7.97,4633,33,173.0,176.0,171.0
2023-10-19,-6.0,-3.33,174.0,15.12,8574,39,182.0,182.0,173.0
2023-10-18,1.0,0.56,180.0,8.02,4426,35,180.0,183.5,179.0
2023-10-17,4.0,2.29,179.0,18.36,10256,56,177.0,181.0,177.0
2023-10-16,-0.9,-0.51,175.0,15.83,9131,68,178.0,178.0,172.0
2023-10-12,-4.1,-2.28,175.9,35.2,20096,118,183.6,183.6,171.5
2023-10-11,1.8,1.01,180.0,19.3,10667,60,175.1,192.6,175.1
2023-10-10,-3.8,-2.09,178.2,30.25,16930,72,184.0,184.0,178.0
2023-10-09,-0.1,-0.05,182.0,21.62,11885,73,185.0,185.7,179.0
2023-10-08,-4.9,-2.62,182.1,32.72,17759,97,190.7,190.7,181.0
2023-10-05,-4.0,-2.09,187.0,23.89,12659,65,187.2,193.0,186.0
2023-10-04,1.6,0.84,191.0,26.36,13735,81,192.0,196.8,190.0
2023-10-03,-3.5,-1.81,189.4,19.18,10103,62,193.0,193.0,187.7
2023-10-02,12.4,6.87,192.9,50.2,27013,163,180.0,193.7,180.0
2023-10-01,-13.5,-6.96,180.5,61.97,33340,148,197.8,197.8,180.5
2023-09-27,-4.0,-2.02,194.0,34.77,17878,95,199.0,199.0,193.0
2023-09-26,5.0,2.59,198.0,68.3,34604,152,195.0,200.0,191.2
2023-09-25,-2.0,-1.03,193.0,35.54,18481,87,195.0,196.1,190.0
2023-09-24,-6.0,-2.99,195.0,59.7,30329,137,199.0,202.0,190.0
2023-09-21,15.0,8.06,201.0,94.11,47833,260,189.6,203.0,187.0
2023-09-19,11.0,6.29,186.0,38.03,21019,113,177.0,186.6,172.1
2023-09-18,1.0,0.57,175.0,9.61,5453,21,174.9,181.3,174.0
2023-09-17,-5.8,-3.23,174.0,15.39,8875,67,179.0,179.0,172.0
2023-09-13,8.8,5.15,179.8,22.59,12842,81,170.0,180.3,170.0
2023-09-12,-3.0,-1.72,171.0,13.39,7865,52,174.0,175.9,168.4
2023-09-11,3.7,2.17,174.0,12.87,7453,67,168.0,175.0,167.5
2023-09-10,0.3,0.18,170.3,19.58,11542,70,171.0,172.0,167.0
2023-09-07,-4.9,-2.8,170.0,24.7,14614,100,172.2,174.9,167.0
2023-09-05,-3.0,-1.69,174.9,10.12,5841,56,181.0,181.0,171.0
2023-09-04,-1.0,-0.56,177.9,23.46,13425,68,182.4,183.9,170.3
2023-09-03,-3.0,-1.65,178.9,18.82,10608,68,179.3,181.0,175.0
2023-08-30,-0.8,-0.44,181.9,18.49,10108,58,180.1,185.0,180.1
2023-08-29,-3.9,-2.09,182.7,23.76,13036,89,186.6,186.6,181.0
2023-08-28,0.7,0.38,186.6,12.61,6854,61,183.0,186.9,182.5
2023-08-27,-1.1,-0.59,185.9,27.64,15081,102,185.0,185.9,182.0
2023-08-24,-6.0,-3.11,187.0,25.58,13542,104,192.0,194.0,185.1
2023-08-23,6.7,3.6,193.0,40.25,21072,91,189.0,194.0,185.5
2023-08-22,0.6,0.32,186.3,17.41,9391,66,185.1,187.5,182.5
2023-08-21,-1.9,-1.01,185.7,39.98,21648,114,184.0,190.0,182.0
2023-08-20,-2.4,-1.26,187.6,28.79,15366,91,191.0,193.7,185.0
2023-08-17,0.1,0.05,190.0,32.22,16855,121,191.9,193.5,190.0
2023-08-16,-2.1,-1.09,189.9,45.99,24329,123,191.0,191.0,186.3
2023-08-15,-4.0,-2.04,192.0,32.48,16886,101,194.0,196.0,191.0
2023-08-14,-1.2,-0.61,196.0,36.8,18755,104,199.0,199.0,195.1
2023-08-13,-0.8,-0.4,197.2,14.29,7214,67,196.5,200.0,196.5
2023-08-10,-4.0,-1.98,198.0,39.7,19948,134,202.0,203.0,196.0
2023-08-09,3.0,1.51,202.0,39.3,19842,104,199.0,202.0,194.1
2023-08-08,-1.0,-0.5,199.0,38.18,19365,119,203.0,203.0,195.0
2023-08-07,-1.3,-0.65,200.0,66.69,33422,152,200.2,201.4,197.5
2023-08-06,-2.7,-1.32,201.3,28.47,14041,92,204.0,207.0,201.0
2023-08-03,-2.9,-1.4,204.0,34.36,16693,137,207.0,209.9,203.0
2023-08-02,-0.1,-0.05,206.9,27.41,13396,93,209.0,209.0,203.0
2023-08-01,-3.0,-1.43,207.0,58.95,28530,141,207.3,211.0,204.0
2023-07-31,-2.8,-1.32,210.0,35.07,16705,105,208.6,213.7,208.0
2023-07-30,0.0,0.0,212.8,44.89,21246,116,208.6,214.0,208.6
2023-07-27,-3.2,-1.48,212.8,50.57,23681,105,214.3,217.0,212.0
2023-07-26,-2.0,-0.92,216.0,32.38,14886,88,218.0,221.8,215.0
2023-07-25,-2.0,-0.91,218.0,34.1,15679,78,218.0,220.0,216.2
2023-07-24,1.0,0.46,220.0,77.6,35354,173,218.0,224.0,216.0
2023-07-23,4.9,2.29,219.0,52.87,24264,155,216.2,220.0,215.0
2023-07-20,-1.8,-0.83,214.1,76.72,35469,146,218.0,218.0,214.0
2023-07-19,-1.1,-0.51,215.9,17.55,8147,61,218.0,218.0,214.7
2023-07-18,-0.4,-0.18,217.0,64.73,29935,144,216.0,219.8,214.0
2023-07-17,4.4,2.07,217.4,45.26,20994,115,212.1,218.0,212.0
2023-07-16,-2.0,-0.93,213.0,59.05,27921,118,219.3,219.3,210.0
2023-07-13,-8.0,-3.59,215.0,74.36,34090,212,225.0,225.9,213.7
2023-07-12,16.0,7.73,223.0,,61827,252,211.0,223.0,211.0
2023-07-11,-4.8,-2.27,207.0,96.64,46554,222,209.0,211.0,205.0
2023-07-10,-2.2,-1.03,211.8,83.44,39332,172,218.2,218.2,210.0
2023-07-09,1.1,0.52,214.0,95.11,43993,176,213.3,220.0,213.0
2023-07-06,-1.5,-0.7,212.9,60.76,28568,166,216.0,216.0,210.4
2023-07-05,-2.1,-0.97,214.4,51.01,23605,140,218.0,218.0,213.2
2023-07-04,0.5,0.23,216.5,71.09,32732,157,220.3,220.3,216.0
2023-07-03,-2.1,-0.96,216.0,,56930,249,218.0,223.0,215.1
2023-07-02,-9.7,-4.26,218.1,,62752,298,223.3,238.0,218.1
2023-06-28,-4.7,-2.02,227.8,86.26,37347,215,229.0,237.0,226.0
2023-06-27,4.5,1.97,232.5,87.91,37975,216,232.5,236.7,228.4
2023-06-26,-4.4,-1.89,228.0,77.81,33474,178,237.0,237.0,227.0
2023-06-25,4.4,1.93,232.4,,73174,292,224.0,235.9,224.0
2023-06-22,-2.0,-0.87,228.0,80.98,35436,151,230.0,234.6,225.0
2023-06-21,-5.2,-2.21,230.0,92.38,39547,171,234.0,239.6,230.0
2023-06-20,-6.8,-2.81,235.2,,53082,193,246.8,246.8,235.2
2023-06-19,-1.4,-0.58,242.0,91.52,37699,160,242.1,248.2,240.0
2023-06-18,0.8,0.33,243.4,,91269,257,247.4,248.0,240.5
2023-06-15,-4.3,-1.74,242.6,87.44,35898,152,242.0,249.0,240.0
2023-06-14,0.3,0.12,246.9,,74796,293,245.0,253.0,241.0
2023-06-13,6.1,2.54,246.6,,74932,301,237.0,247.4,235.0
2023-06-12,3.5,1.48,240.5,,69244,216,240.0,241.0,235.0
2023-06-11,6.0,2.6,237.0,86.75,36853,160,235.6,238.0,233.0
2023-06-08,-3.3,-1.41,231.0,48.34,20795,104,230.0,238.0,229.8
2023-06-07,0.5,0.21,234.3,,47249,161,237.9,240.9,234.3
2023-06-06,7.7,3.41,233.8,,48375,186,229.9,233.8,225.5
2023-06-05,-3.0,-1.31,226.1,86.6,37690,179,229.1,236.0,226.0
2023-06-04,8.1,3.67,229.1,48.64,21164,101,225.4,234.0,225.4
2023-06-01,1.2,0.55,221.0,,49717,222,218.3,222.9,215.9
2023-05-31,-9.2,-4.02,219.8,81.26,36415,191,227.0,230.0,218.0
2023-05-30,-6.0,-2.55,229.0,80.96,35276,147,234.0,235.0,226.3
2023-05-28,0.5,0.21,235.0,81.02,34362,204,235.0,240.0,230.8
2023-05-24,-1.7,-0.72,234.5,67.03,28260,106,240.1,240.1,234.0
2023-05-23,4.2,1.81,236.2,54.93,23179,123,229.0,239.0,229.0
2023-05-22,-3.0,-1.28,232.0,35.39,15330,75,232.0,236.0,228.1
2023-05-21,-0.1,-0.04,235.0,58.53,24722,129,238.9,243.0,231.0
2023-05-18,8.2,3.61,235.1,50.69,21718,108,229.0,238.0,226.0
2023-05-17,4.9,2.21,226.9,31.8,14124,73,225.0,227.0,224.0
2023-05-16,3.0,1.37,222.0,9.29,4198,42,219.0,223.0,219.0
2023-05-15,-1.9,-0.86,219.0,24.06,10943,66,224.8,224.8,218.0
2023-05-14,-2.1,-0.94,220.9,22.73,10304,54,223.0,224.7,218.0
2023-05-11,0.0,0.0,223.0,25.52,11465,57,221.0,225.0,221.0
2023-05-10,-2.0,-0.89,223.0,35.98,16040,48,225.0,226.7,222.1
2023-05-09,3.0,1.35,225.0,26.01,11577,74,226.0,228.6,221.5
2023-05-08,-5.0,-2.2,222.0,37.37,16858,109,223.3,227.0,218.7
2023-05-07,-6.0,-2.58,227.0,28.94,12730,88,230.1,233.0,224.0
2023-05-04,6.0,2.64,233.0,30.85,13492,69,225.0,233.0,225.0
2023-05-03,-2.5,-1.09,227.0,28.92,12733,58,227.0,230.5,226.0
2023-05-02,-3.5,-1.5,229.5,35.58,15430,65,233.0,234.0,229.1
2023-04-30,-3.1,-1.31,233.0,23.47,10037,48,239.0,239.0,232.6
2023-04-27,-3.9,-1.63,236.1,24.6,10351,58,239.0,240.0,236.1
2023-04-26,-4.7,-1.92,240.0,14.56,6021,42,245.0,245.1,240.0
2023-04-25,4.7,1.96,244.7,25.11,10389,51,242.0,244.7,239.0
2023-04-24,-1.0,-0.41,240.0,16.37,6816,43,237.1,241.5,237.1
2023-04-23,-1.0,-0.41,241.0,49.12,20485,96,240.0,243.0,238.0
2023-04-20,-3.0,-1.22,242.0,38.03,15576,86,247.0,248.9,242.0
2023-04-19,-2.4,-0.97,245.0,40.74,16485,73,251.0,251.0,245.0
2023-04-18,-0.4,-0.16,247.4,33.58,13676,73,252.0,252.0,242.0
2023-04-17,-3.7,-1.47,247.8,51.29,20843,103,250.0,253.0,243.1
2023-04-16,-0.5,-0.2,251.5,50.27,20002,103,257.0,257.0,248.5
2023-04-13,-6.0,-2.33,252.0,,53662,211,261.9,262.9,251.0
2023-04-12,20.1,8.45,258.0,,75007,294,241.0,258.0,240.0
2023-04-11,5.9,2.54,237.9,48.24,20444,110,230.1,238.8,230.1
2023-04-10,-0.8,-0.34,232.0,49.27,21303,101,230.0,234.9,229.0
2023-04-09,-3.3,-1.4,232.8,54.61,23430,124,234.0,239.0,229.3
2023-04-06,-9.8,-3.99,236.1,53.12,22163,115,242.1,244.9,236.1
2023-04-05,1.9,0.78,245.9,48.3,19852,93,245.0,246.0,240.0
2023-04-04,2.4,0.99,244.0,24.21,9946,69,246.4,246.4,240.0
2023-04-03,-4.0,-1.63,241.6,,43766,147,242.2,245.9,240.0
2023-04-02,-6.4,-2.54,245.6,72.09,28865,156,254.0,257.1,245.0
2023-03-30,-3.0,-1.18,252.0,50.25,19913,98,260.0,260.0,250.0
2023-03-29,1.0,0.39,255.0,53.11,20837,94,255.0,258.0,252.9
2023-03-28,-4.9,-1.89,254.0,,47281,217,260.0,262.9,254.0
2023-03-27,11.9,4.82,258.9,67.8,26915,136,243.2,262.9,243.2
2023-03-26,-4.3,-1.71,247.0,63.15,25659,155,246.7,251.5,243.2
2023-03-23,-1.97,-0.78,251.3,,50404,212,253.27,253.27,253.27
2023-03-22,-6.6,-2.38,271.0,,69780,317,277.0,281.7,271.0
2023-03-20,4.6,1.68,277.6,69.8,25365,155,278.4,278.4,271.5
2023-03-19,-0.6,-0.22,273.0,60.61,22208,111,277.7,277.7,271.0
2023-03-16,3.3,1.22,273.6,58.11,21315,115,266.1,275.0,266.1
2023-03-15,-0.7,-0.26,270.3,73.45,27159,107,276.0,276.0,268.0
2023-03-14,2.6,0.97,271.0,60.62,22401,130,273.7,274.4,263.1
2023-03-13,-5.6,-2.04,268.4,,39477,178,278.9,278.9,268.1
2023-03-12,-3.5,-1.26,274.0,,84466,380,279.0,286.0,273.1
2023-03-09,9.7,3.62,277.5,,72167,253,271.0,278.0,269.4
2023-03-07,-0.2,-0.07,267.8,72.11,26945,137,263.1,270.0,263.1
2023-03-05,-2.0,-0.74,268.0,88.73,33906,180,269.0,269.0,259.6
2023-03-02,1.0,0.37,270.0,95.48,35897,142,265.0,270.0,262.0
2023-03-01,-5.5,-2.0,269.0,,38786,170,278.0,278.0,267.0
2023-02-28,11.5,4.37,274.5,,85723,373,267.9,276.0,261.8
2023-02-27,-2.0,-0.75,263.0,,41075,217,270.3,270.3,252.0
2023-02-26,1.0,0.38,265.0,,74705,321,258.8,271.0,246.0
2023-02-23,-8.1,-2.98,264.0,,56234,203,270.0,272.0,255.0
2023-02-22,14.1,5.47,272.1,,44159,225,262.9,275.0,262.9
2023-02-20,-4.0,-1.53,258.0,75.02,28880,192,257.4,267.1,257.2
2023-02-16,-5.9,-2.2,262.0,93.95,35455,204,267.0,271.0,262.0
2023-02-14,0.9,0.33,272.0,91.97,33957,167,270.0,276.9,268.8
2023-02-12,-15.5,-5.41,271.1,,105712,406,280.9,280.9,270.0
2023-02-09,2.6,0.92,286.6,,58927,290,283.0,289.0,280.2
2023-02-08,-3.0,-1.05,284.0,,122118,494,292.7,292.7,280.0
2023-02-07,18.0,6.69,287.0,,109086,412,267.0,288.0,267.0
2023-02-06,4.0,1.51,269.0,90.7,33688,139,270.0,271.0,266.0
2023-02-05,1.0,0.38,265.0,98.45,36970,160,259.0,270.0,259.0
2023-02-02,-6.0,-2.22,264.0,,77339,284,265.1,274.0,261.7
2023-02-01,1.0,0.37,270.0,,40055,202,265.0,275.3,265.0
2023-01-31,-1.0,-0.37,269.0,,68380,277,275.0,279.4,266.2
2023-01-30,-10.0,-3.57,270.0,,91382,331,280.0,283.0,269.0
2023-01-29,-4.3,-1.51,280.0,,89657,313,280.0,285.0,277.0
2023-01-26,0.0,1.17,284.3,,104044,0,286.6,290.5,281.0
2023-01-25,0.0,-1.06,281.0,,82847,0,288.9,289.0,281.0
2023-01-24,0.0,1.79,284.0,,56900,0,279.0,284.0,272.0
2023-01-23,0.0,-3.16,279.0,,73518,0,293.8,299.0,278.0
2023-01-19,0.0,0.98,288.1,,77485,0,289.0,294.0,281.0
2023-01-18,0.0,-0.94,285.3,,191708,0,290.0,299.0,284.0
2023-01-17,0.0,6.27,288.0,,160231,0,276.4,289.9,274.5
2023-01-12,0.0,-3.18,271.0,,195122,0,285.4,296.0,269.0
2023-01-10,0.0,-1.44,279.9,,198088,0,288.0,301.0,269.0
2023-01-09,0.0,5.97,284.0,,138956,0,273.0,285.0,266.2
2023-01-08,0.0,1.32,268.0,,140299,0,265.0,277.0,260.0
2023-01-05,0.0,0.95,264.5,,130223,0,267.2,268.9,257.0
2023-01-04,0.0,3.56,262.0,,80645,0,249.1,263.0,249.1
2023-01-03,0.0,-1.56,253.0,,61272,0,261.9,261.9,253.0
2023-01-02,0.0,3.3,257.0,,108969,0,248.0,258.0,243.1
2023-01-01,0.0,0.4,248.8,,139146,0,248.0,258.0,242.0
2022-12-29,0.0,5.58,247.8,,80191,0,232.7,248.8,229.2
2022-12-28,0.0,-2.61,234.7,,64694,0,241.0,246.0,232.0
2022-12-27,0.0,5.7,241.0,,99869,0,232.5,249.9,232.5
2022-12-26,0.0,6.69,228.0,,52429,0,217.1,228.0,217.1
2022-12-22,0.0,-0.14,213.7,,14367,0,217.9,217.9,211.4
2022-12-21,0.0,-1.38,214.0,,8332,0,220.0,220.0,213.3
2022-12-20,0.0,0.23,217.0,,47473,0,216.5,221.0,215.0
2022-12-19,0.0,0.23,216.5,,13284,0,218.0,219.0,213.0
2022-12-18,0.0,-2.57,216.0,,52943,0,223.0,223.0,212.0
2022-12-15,0.0,-1.82,221.7,,30949,0,225.0,225.0,220.0
2022-12-14,0.0,0.13,225.8,,11622,0,224.0,227.0,224.0
2022-12-13,0.0,-0.66,225.5,,9736,0,223.1,229.0,223.0
2022-12-12,0.0,3.18,227.0,,81904,0,222.0,232.0,219.2
2022-12-11,0.0,-4.14,220.0,,49757,0,225.5,227.0,220.0
2022-12-07,0.0,-0.48,229.5,,20908,0,235.2,235.2,226.0
2022-12-06,0.0,-0.13,230.6,,17407,0,227.0,234.0,227.0
2022-12-05,0.0,-2.16,230.9,,24252,0,233.3,237.0,230.0
2022-12-04,0.0,0.0,236.0,,23550,0,238.0,240.5,235.5
2022-12-01,0.0,0.43,236.0,,18363,0,235.0,243.6,232.7
2022-11-30,0.0,-2.89,235.0,,15578,0,241.0,242.0,235.0
2022-11-29,0.0,1.26,242.0,,24193,0,235.0,242.0,234.3
2022-11-28,0.0,-1.85,239.0,,41688,0,247.0,247.0,236.0
2022-11-27,0.0,2.1,243.5,,33534,0,240.0,245.0,238.0
2022-11-24,0.0,2.98,238.5,,28713,0,230.0,240.0,230.0
2022-11-23,0.0,-2.48,231.6,,18330,0,233.0,240.9,230.0
2022-11-22,0.0,-1.86,237.5,,29178,0,242.0,249.0,235.0
2022-11-17,0.0,4.76,242.0,,58865,0,235.0,244.6,234.3
2022-11-16,0.0,4.05,231.0,,25571,0,222.0,233.0,221.0
2022-11-15,0.0,-3.23,222.0,,58571,0,227.0,238.0,221.6
2022-11-14,0.0,4.32,229.4,,16153,0,217.0,230.0,217.0
2022-11-13,0.0,-3.13,219.9,,35717,0,225.0,228.0,217.0
2022-11-10,0.0,-2.99,227.0,,143635,0,237.0,238.6,225.5
2022-11-09,0.0,-5.61,234.0,,89690,0,251.5,251.5,232.2
2022-11-08,0.0,-0.84,247.9,,22525,0,246.0,255.0,245.1
2022-11-07,0.0,2.88,250.0,,61141,0,247.8,258.0,241.0
2022-11-06,0.0,5.01,243.0,,45312,0,236.0,245.0,231.0
2022-11-03,0.0,-2.77,231.4,,29213,0,238.0,242.0,229.5
2022-11-02,0.0,3.93,238.0,,63044,0,232.0,241.7,225.7
2022-11-01,0.0,7.56,229.0,,40087,0,210.0,229.0,209.0
2022-10-31,0.0,-0.51,212.9,,11253,0,216.0,216.0,208.1
2022-10-23,0.0,0.94,214.0,,23420,0,215.0,220.3,210.0
2022-10-20,0.0,0.0,212.0,,13500,0,208.0,215.0,207.8
2022-10-19,0.0,-4.07,212.0,,21217,0,217.0,217.1,210.0
2022-10-17,0.0,-1.3,221.0,,12432,0,220.0,227.0,218.0
2022-10-16,0.0,-2.18,223.9,,18258,0,225.0,228.0,220.1
2022-10-13,0.0,1.41,228.9,,30164,0,233.0,234.0,219.6
2022-10-12,0.0,0.93,229.0,,35828,0,223.1,232.0,222.0
2022-10-11,0.0,-0.04,226.9,,7321,0,225.0,227.0,223.2
2022-10-10,0.0,-1.73,227.0,,26580,0,234.5,238.0,226.0
2022-10-09,0.0,4.52,231.0,,14677,0,225.4,232.0,222.0
2022-09-29,0.0,-3.45,221.0,,20394,0,233.4,233.4,220.5
2022-09-28,0.0,-0.48,228.9,,7103,0,230.0,231.0,226.0
2022-09-27,0.0,2.5,230.0,,22610,0,227.0,235.5,224.0
2022-09-25,0.0,-2.43,224.4,,21166,0,226.0,227.0,220.9
2022-09-22,0.0,-2.13,230.0,,21737,0,239.0,239.0,229.0
2022-09-21,0.0,0.86,235.0,,26020,0,237.0,243.9,231.0
2022-09-20,0.0,-4.31,233.0,,53610,0,239.5,243.0,230.0
2022-09-18,0.0,-4.51,243.5,,39182,0,252.0,255.0,242.1
2022-09-16,0.0,-1.92,255.0,,25128,0,254.8,256.0,249.5
2022-09-15,0.0,-5.8,260.0,,104111,0,276.0,279.0,258.0
2022-09-14,0.0,7.81,276.0,,79970,0,261.0,278.0,261.0
2022-09-13,0.0,2.4,256.0,,37782,0,254.9,261.1,252.0
2022-09-12,0.0,-2.72,250.0,,45426,0,252.1,256.0,246.0
2022-09-11,0.0,-1.53,257.0,,24250,0,261.0,263.0,251.1
2022-09-08,0.0,0.77,261.0,,88990,0,255.0,267.0,251.0
2022-09-07,0.0,-0.77,259.0,,23292,0,256.0,260.0,252.0
2022-09-06,0.0,-1.88,261.0,,20974,0,265.0,267.0,260.0
2022-09-05,0.0,-1.48,266.0,,15524,0,275.0,275.0,266.0
2022-09-04,0.0,0.0,270.0,,37169,0,274.9,277.0,267.0
2022-09-02,0.0,0.04,270.0,,13323,0,275.0,275.0,266.0
2022-09-01,0.0,0.71,269.9,,39612,0,265.5,273.0,263.0
2022-08-31,0.0,-2.33,268.0,,19918,0,278.0,279.8,266.6
2022-08-30,0.0,-2.0,274.4,,34720,0,285.0,287.9,274.4
2022-08-29,0.0,3.51,280.0,,61642,0,273.0,280.1,265.1
2022-08-28,0.0,-4.42,270.5,,64223,0,279.0,281.5,270.5
2022-08-26,0.0,-2.41,283.0,,26389,0,285.0,285.3,280.0
2022-08-25,0.0,-0.68,290.0,,46978,0,292.0,297.0,285.0
2022-08-24,0.0,0.0,292.0,,24819,0,297.8,297.8,290.0
2022-08-23,0.0,0.34,292.0,,49751,0,296.8,298.0,289.1
2022-08-22,0.0,-0.1,291.0,,34577,0,297.1,299.0,285.4
2022-08-21,0.0,-1.99,291.3,,74027,0,303.1,303.1,288.4
2022-08-18,0.0,2.48,297.2,,77482,0,295.8,300.0,290.0
2022-08-17,0.0,-1.02,290.0,,50965,0,294.0,300.0,290.0
2022-08-16,0.0,-3.62,293.0,,107026,0,310.0,313.9,290.0
2022-08-15,0.0,8.96,304.0,,95387,0,284.5,304.8,277.0
2022-08-14,0.0,-3.76,279.0,,106320,0,285.1,294.0,277.1
2022-08-11,0.0,-1.39,289.9,,79385,0,297.0,299.8,286.0
2022-08-10,0.0,-1.67,294.0,,82657,0,296.1,303.5,293.1
2022-08-09,0.0,-3.27,299.0,,119446,0,306.0,311.9,294.0
2022-08-08,0.0,-3.1,309.1,,92834,0,322.0,322.0,305.0
2022-08-07,0.0,1.92,319.0,,77275,0,319.0,325.0,314.1
2022-08-05,0.0,-0.63,313.0,,102112,0,311.0,326.0,308.1
2022-08-04,0.0,-4.55,315.0,,223285,0,328.0,334.0,313.6
2022-08-03,0.0,5.1,330.0,,202471,0,320.0,332.0,314.0
2022-08-02,0.0,-0.63,314.0,,124585,0,316.0,322.0,309.7
2022-08-01,0.0,2.6,316.0,,206748,0,309.0,326.1,305.0
2022-07-31,0.0,-1.28,308.0,,155925,0,310.0,316.0,301.1
2022-07-29,0.0,0.32,312.0,,158019,0,313.0,323.9,305.0
2022-07-28,0.0,1.7,311.0,,253934,0,306.0,326.9,296.0
2022-07-27,0.0,10.0,305.8,,254295,0,283.5,305.8,267.1
2022-07-26,0.0,6.19,278.0,,299474,0,266.0,283.5,253.1
2022-07-25,0.0,10.0,261.8,,212260,0,242.0,261.8,240.1
2022-07-24,0.0,5.78,238.0,,33982,0,229.0,238.0,225.0
2022-07-22,0.0,-3.35,225.0,,42326,0,229.0,234.0,224.0
2022-07-21,0.0,-0.6,232.8,,40901,0,238.8,242.0,232.0
2022-07-20,0.0,-2.01,234.2,,30989,0,234.3,241.0,233.1
2022-07-19,0.0,1.27,239.0,,54198,0,240.7,242.0,235.0
2022-07-18,0.0,1.29,236.0,,25931,0,228.4,237.5,228.4
2022-07-17,0.0,2.46,233.0,,33018,0,226.0,238.0,226.0
2022-07-15,0.0,-3.64,227.4,,11070,0,233.0,236.0,225.0
2022-07-14,0.0,1.29,236.0,,49075,0,237.0,240.0,225.0
2022-07-13,0.0,7.87,233.0,,41791,0,216.1,234.0,214.0
2022-07-12,0.0,1.89,216.0,,40476,0,212.0,220.5,210.0
2022-07-11,0.0,-6.81,212.0,,58091,0,223.0,226.0,211.0
2022-07-08,0.0,-4.37,227.5,,32596,0,242.0,242.0,226.5
2022-07-07,0.0,-0.88,237.9,,56069,0,244.8,250.0,234.0
2022-07-06,0.0,4.21,240.0,,71864,0,234.0,244.0,227.0
2022-07-05,0.0,-4.83,230.3,,95906,0,242.0,250.0,230.3
2022-07-04,0.0,-0.41,242.0,,136206,0,243.0,262.1,236.0
2022-07-03,0.0,5.19,243.0,,61606,0,232.0,248.0,227.0
2022-07-01,0.0,-2.74,231.0,,37373,0,242.0,242.2,228.7
2022-06-30,0.0,4.67,237.5,,85611,0,231.0,239.0,223.5
2022-06-29,0.0,8.05,226.9,,55593,0,207.2,226.9,207.0
2022-06-28,0.0,-2.87,210.0,,30192,0,212.0,220.0,208.0
2022-06-27,0.0,-4.08,216.2,,60840,0,229.0,230.9,214.0
2022-06-26,0.0,7.44,225.4,,54052,0,213.9,229.5,210.0
2022-06-24,0.0,4.9,209.8,,30264,0,204.0,214.7,192.1
2022-06-23,0.0,-5.66,200.0,,64142,0,208.0,212.0,197.2
2022-06-22,0.0,-2.75,212.0,,29347,0,214.0,222.3,209.1
2022-06-21,0.0,4.81,218.0,,35256,0,207.0,222.0,207.0
2022-06-20,0.0,-5.02,208.0,,47388,0,215.0,223.0,207.1
2022-06-19,0.0,-5.19,219.0,,37964,0,227.0,228.0,216.1
2022-06-17,0.0,-1.87,231.0,,19896,0,235.0,240.0,230.3
2022-06-16,0.0,0.6,235.4,,29065,0,234.0,243.9,232.0
2022-06-15,0.0,-2.5,234.0,,45067,0,240.0,240.0,231.0
2022-06-14,0.0,-4.04,240.0,,33244,0,247.1,250.0,238.0
2022-06-13,0.0,-0.68,250.1,,13469,0,256.8,258.0,250.0
2022-06-10,0.0,-1.25,251.8,,40071,0,250.1,260.1,249.0
2022-06-09,0.0,-1.54,255.0,,28664,0,264.0,267.0,253.1
2022-06-08,0.0,4.82,259.0,,65836,0,252.0,265.0,248.0
2022-06-07,0.0,-4.96,247.1,,25967,0,260.0,264.9,247.1
2022-06-06,0.0,0.42,260.0,,15965,0,260.0,267.0,256.1
2022-06-03,0.0,0.35,258.9,,24937,0,254.0,259.0,253.0
2022-06-02,0.0,-1.15,258.0,,23014,0,266.0,266.2,254.8
2022-06-01,0.0,0.38,261.0,,26841,0,264.0,268.9,255.0
2022-05-31,0.0,-1.85,260.0,,53350,0,260.8,268.0,255.0
2022-05-30,0.0,-1.52,264.9,,56487,0,272.0,272.0,260.1
2022-05-27,0.0,-3.06,269.0,,29229,0,283.0,283.0,268.7
2022-05-26,0.0,0.91,277.5,,36954,0,275.0,285.0,272.0
2022-05-25,0.0,-1.43,275.0,,33879,0,280.0,290.0,274.8
2022-05-24,0.0,1.45,279.0,,23759,0,280.0,286.4,273.0
2022-05-23,0.0,-2.83,275.0,,27914,0,277.4,280.0,266.1
2022-05-20,0.0,1.07,283.0,,44023,0,280.0,293.0,278.0
2022-05-19,0.0,-3.45,280.0,,39252,0,288.0,297.8,279.3
2022-05-18,0.0,0.04,290.0,,43391,0,276.0,300.0,267.0
2022-05-17,0.0,-6.32,280.0,,42271,0,293.0,296.0,277.0
2022-05-12,0.0,-3.52,298.9,,64705,0,311.0,315.0,295.2
2022-05-11,0.0,7.2,309.8,,119061,0,294.0,311.0,290.0
2022-05-10,0.0,5.86,289.0,,45647,0,273.0,295.0,273.0
2022-05-09,0.0,1.79,273.0,,37602,0,270.5,287.0,260.0
2022-05-08,0.0,3.95,268.2,,41988,0,256.0,270.0,250.0
2022-05-05,0.0,-5.43,258.0,,42602,0,267.5,278.0,258.0
2022-05-04,0.0,-2.57,272.8,,58211,0,277.0,285.0,269.5
2022-05-02,0.0,-4.31,280.0,,41599,0,287.0,290.0,274.0
2022-04-28,0.0,-1.81,292.6,,28921,0,301.0,305.0,289.1
2022-04-27,0.0,0.0,298.0,,27387,0,298.0,300.0,291.0
2022-04-26,0.0,-2.61,298.0,,32379,0,307.0,309.9,289.0
2022-04-25,0.0,-1.61,306.0,,54957,0,305.0,318.9,302.0
2022-04-24,0.0,9.93,311.0,,65971,0,283.0,311.1,283.0
2022-04-21,0.0,1.04,282.9,,22027,0,281.0,285.0,271.0
2022-04-20,0.0,-5.41,280.0,,55312,0,290.5,300.0,280.0
2022-04-19,0.0,0.34,296.0,,28988,0,295.0,304.9,284.3
2022-04-18,0.0,-3.25,295.0,,52595,0,306.0,306.0,290.0
2022-04-17,0.0,-2.28,304.9,,24842,0,318.0,318.0,300.9
2022-04-13,0.0,1.96,312.0,,43541,0,312.0,314.0,299.0
2022-04-12,0.0,-1.29,306.0,,49663,0,310.0,313.9,302.0
2022-04-11,0.0,-2.82,310.0,,34452,0,325.3,331.8,307.0
2022-04-07,0.0,1.59,319.0,,33923,0,320.0,324.0,314.0
2022-04-06,0.0,-0.95,314.0,,28175,0,311.1,322.9,305.0
2022-04-05,0.0,-2.76,317.0,,69294,0,332.0,332.0,311.0
2022-04-04,0.0,-1.21,326.0,,27122,0,326.1,335.9,325.7
2022-04-03,0.0,-1.49,330.0,,40727,0,341.6,341.6,328.3
2022-03-31,0.0,-4.53,335.0,,30583,0,350.0,353.0,335.0
2022-03-30,0.0,4.12,350.9,,41663,0,333.0,351.0,333.0
2022-03-29,0.0,-0.88,337.0,,38785,0,341.0,347.0,333.0
2022-03-28,0.0,-1.73,340.0,,64272,0,345.0,352.0,338.0
2022-03-27,0.0,-4.68,346.0,,81377,0,360.0,366.0,346.0
2022-03-24,0.0,-1.89,363.0,,45894,0,363.7,369.9,360.0
2022-03-23,0.0,-0.54,370.0,,31355,0,368.0,375.0,365.0
2022-03-22,0.0,-1.85,372.0,,33058,0,379.0,384.0,372.0
2022-03-21,0.0,4.52,379.0,,57312,0,369.8,379.0,360.0
2022-03-20,0.0,-1.87,362.6,,24978,0,370.0,375.0,362.1
2022-03-16,0.0,-1.99,369.5,,64558,0,372.0,382.0,366.1
2022-03-15,0.0,-2.58,377.0,,72324,0,393.0,393.0,374.0
2022-03-14,0.0,0.03,387.0,,23804,0,387.0,393.0,377.0
2022-03-13,0.0,3.17,386.9,,75831,0,375.0,391.9,375.0
2022-03-10,0.0,7.14,375.0,,83194,0,348.0,378.9,348.0
2022-03-09,0.0,-3.18,350.0,,48039,0,361.0,370.0,345.0
2022-03-07,0.0,-0.96,361.5,,48284,0,370.0,372.0,360.0
2022-03-06,0.0,-1.62,365.0,,51698,0,371.0,378.4,363.0
2022-03-02,0.0,-4.87,371.0,,84717,0,389.0,390.0,368.0
2022-02-28,0.0,-3.7,390.0,,114717,0,413.0,419.9,390.0
2022-02-27,0.0,1.5,405.0,,79363,0,399.0,418.9,398.0
2022-02-24,0.0,-4.55,399.0,,112938,0,418.0,418.0,399.0
2022-02-23,0.0,2.45,418.0,,147549,0,410.0,428.0,407.0
2022-02-22,0.0,0.0,408.0,,67617,0,416.0,416.0,406.0
2022-02-21,0.0,4.08,408.0,,77108,0,399.6,410.0,391.5
2022-02-20,0.0,-1.75,392.0,,103480,0,391.1,404.0,383.3
2022-02-17,0.0,-0.99,399.0,,53919,0,403.0,409.0,395.0
2022-02-16,0.0,-3.59,403.0,,73646,0,418.0,421.0,401.1
2022-02-15,0.0,5.82,418.0,,88825,0,401.0,418.5,393.3
2022-02-14,0.0,0.77,395.0,,81647,0,390.0,405.7,389.0
2022-02-13,0.0,-5.54,392.0,,160653,0,407.7,408.0,390.0
2022-02-10,0.0,-0.95,415.0,,53082,0,425.0,433.0,412.2
2022-02-09,0.0,-0.95,419.0,,64623,0,423.0,430.0,414.0
2022-02-08,0.0,0.0,423.0,,149060,0,442.0,456.0,422.0
2022-02-07,0.0,2.24,433.5,,92484,0,424.0,439.9,418.0
2022-02-06,0.0,-2.97,424.0,,103168,0,445.7,445.7,423.7
2022-02-03,0.0,-1.13,437.0,,213694,0,446.7,456.0,435.0
2022-02-01,0.0,3.76,442.0,,185255,0,431.5,446.0,421.0
2022-01-31,0.0,-2.87,426.0,,100298,0,445.0,447.0,423.0
2022-01-30,0.0,7.76,438.6,,161217,0,415.1,438.6,415.1
2022-01-27,0.0,-0.49,407.0,,79715,0,406.0,417.0,404.0
2022-01-26,0.0,-2.13,409.0,,130714,0,415.0,418.0,404.0
2022-01-25,0.0,-0.5,417.9,,128508,0,428.4,434.0,412.0
2022-01-24,0.0,-5.89,420.0,,245742,0,455.2,455.2,414.0
2022-01-23,0.0,-2.34,446.3,,145034,0,459.0,470.0,443.0
2022-01-20,0.0,3.39,457.0,,139549,0,450.0,457.9,436.0
2022-01-19,0.0,-1.56,442.0,,173818,0,449.0,459.0,438.2
2022-01-18,0.0,1.13,449.0,,291022,0,450.0,474.0,438.1
2022-01-17,0.0,1.6,444.0,,177636,0,445.7,452.0,430.0
2022-01-16,0.0,2.8,437.0,,192524,0,433.0,450.0,433.0
2022-01-13,0.0,4.45,425.1,,168833,0,415.1,432.0,402.0
2022-01-12,0.0,-3.07,407.0,,196619,0,419.0,430.0,404.8
2022-01-11,0.0,0.7,419.9,,148399,0,410.0,428.0,410.0
2022-01-10,0.0,-0.71,417.0,,170824,0,427.0,431.0,406.0
2022-01-09,0.0,7.14,420.0,,229327,0,399.8,420.2,398.0
2022-01-06,0.0,3.7,392.0,,87527,0,378.0,392.6,375.0
2022-01-05,0.0,1.61,378.0,,191095,0,372.0,393.0,372.0
2022-01-04,0.0,3.16,372.0,,60906,0,360.0,372.0,358.1
2022-01-03,0.0,0.45,360.6,,73400,0,366.1,373.0,357.0
2022-01-02,0.0,0.28,359.0,,60330,0,361.0,362.7,350.0
2021-12-29,0.0,-0.53,358.0,,33245,0,360.0,365.0,355.0
2021-12-28,0.0,0.81,359.9,,87848,0,364.0,365.0,344.0
2021-12-27,0.0,-5.31,357.0,,109574,0,377.0,388.0,357.0
2021-12-26,0.0,0.0,377.0,,99909,0,384.5,388.8,371.0
2021-12-23,0.0,-1.31,377.0,,115759,0,385.0,394.0,369.0
2021-12-22,0.0,8.52,382.0,,193803,0,359.0,383.0,354.0
2021-12-21,0.0,5.07,352.0,,120625,0,341.7,353.9,334.0
2021-12-20,0.0,-2.59,335.0,,72936,0,350.7,350.7,331.0
2021-12-16,0.0,-3.94,343.9,,110149,0,364.0,364.0,342.0
2021-12-15,0.0,0.65,358.0,,182319,0,362.8,382.9,349.0
2021-12-14,0.0,9.99,355.7,,99604,0,329.8,355.7,325.0
2021-12-13,0.0,-8.64,323.4,,145969,0,350.0,350.0,321.5
2021-12-12,0.0,-6.15,354.0,,124333,0,378.0,387.0,353.0
2021-12-09,0.0,-1.0,377.2,,101340,0,376.0,394.0,373.0
2021-12-08,0.0,-4.27,381.0,,77013,0,401.0,405.0,378.0
2021-12-07,0.0,-3.52,398.0,,94048,0,419.0,426.0,397.0
2021-12-06,0.0,3.38,412.5,,171425,0,406.9,426.0,380.0
2021-12-05,0.0,-6.12,399.0,,109015,0,425.0,425.0,398.0
2021-12-02,0.0,-3.41,425.0,,77702,0,448.8,448.8,421.5
2021-12-01,0.0,0.0,440.0,,68212,0,448.0,448.0,435.1
2021-11-30,0.0,0.23,440.0,,53693,0,439.0,445.0,428.1
2021-11-29,0.0,0.6,439.0,,107637,0,445.0,452.0,425.0
2021-11-28,0.0,-4.51,436.4,,143487,0,457.0,459.0,432.5
2021-11-25,0.0,-1.51,457.0,,43093,0,473.0,473.0,455.0
2021-11-24,0.0,1.98,464.0,,101131,0,455.1,471.9,445.0
2021-11-23,0.0,-3.19,455.0,,135161,0,471.0,474.0,451.0
2021-11-22,0.0,-0.99,470.0,,88029,0,479.5,484.0,467.0
2021-11-21,0.0,-0.04,474.7,,85228,0,465.5,483.0,465.5
2021-11-18,0.0,-0.86,474.9,,163419,0,469.5,489.9,465.0
2021-11-17,0.0,-2.64,479.0,,240172,0,485.0,509.9,475.0
2021-11-16,0.0,2.52,492.0,,224820,0,480.0,499.9,461.0
2021-11-15,0.0,3.43,479.9,,194177,0,473.2,489.0,473.0
2021-11-14,0.0,3.11,464.0,,144434,0,459.0,472.0,448.0
2021-11-11,0.0,-1.53,450.0,,193247,0,447.9,475.0,432.1
2021-11-09,0.0,-4.79,457.0,,350335,0,480.0,489.6,446.0
2021-11-08,0.0,-3.61,480.0,,288330,0,507.0,510.0,475.0
2021-11-03,0.0,-3.24,498.0,,275791,0,524.9,530.4,491.1
2021-11-02,0.0,1.32,514.7,,191856,0,497.9,518.0,497.0
2021-11-01,0.0,-4.17,508.0,,298018,0,538.0,540.0,507.0
2021-10-31,0.0,4.56,530.1,,218451,0,510.0,544.6,505.0
2021-10-28,0.0,6.74,507.0,,347112,0,466.0,515.0,460.0
2021-10-27,0.0,0.64,475.0,,278536,0,472.0,498.0,453.9
2021-10-26,0.0,1.72,472.0,,222182,0,473.2,492.0,461.0
2021-10-25,0.0,4.27,464.0,,226918,0,453.0,464.9,431.0
2021-10-24,0.0,8.54,445.0,,191790,0,418.2,447.0,401.8
2021-10-21,0.0,2.81,410.0,,186815,0,406.0,430.0,380.0
2021-10-20,0.0,9.56,398.8,,112440,0,371.0,398.8,367.0
2021-10-19,0.0,-6.76,364.0,,166921,0,390.0,390.0,353.0
2021-10-18,0.0,-7.69,390.4,,111508,0,431.3,431.3,390.0
2021-10-17,0.0,-0.26,422.9,,22091,0,432.4,432.4,415.0
2021-10-11,0.0,-3.2,424.0,,84053,0,435.0,438.0,416.0
2021-10-10,0.0,-4.16,438.0,,84817,0,457.0,463.0,434.0
2021-10-06,0.0,3.39,457.0,,107778,0,443.0,463.5,442.1
2021-10-05,0.0,4.0,442.0,,94885,0,430.0,450.0,422.0
2021-10-04,0.0,-4.49,425.0,,278708,0,445.0,459.0,418.0
2021-10-03,0.0,-7.87,445.0,,220441,0,483.0,489.0,444.1
2021-09-30,0.0,-4.73,483.0,,130790,0,516.0,524.9,479.6
2021-09-29,0.0,5.62,507.0,,328651,0,479.0,514.1,470.4
2021-09-28,0.0,-4.0,480.0,,217544,0,490.0,510.0,475.0
2021-09-27,0.0,-1.96,500.0,,264585,0,520.2,540.6,497.0
2021-09-26,0.0,-5.73,510.0,,277020,0,530.2,539.0,506.0
2021-09-23,0.0,0.37,541.0,,400402,0,549.0,565.0,528.0
2021-09-22,0.0,7.8,539.0,,217691,0,510.0,545.5,510.0
2021-09-21,0.0,1.01,500.0,,328067,0,500.0,528.5,472.0
2021-09-20,0.0,-8.99,495.0,,343904,0,544.0,550.0,495.0
2021-09-16,0.0,-5.74,543.9,,418622,0,580.0,580.0,535.0
2021-09-15,0.0,-3.2,577.0,,218475,0,605.0,605.0,573.0
2021-09-14,0.0,-0.98,596.1,,371632,0,590.0,617.0,588.0
2021-09-13,0.0,-4.44,602.0,,784015,0,625.0,636.0,590.6
2021-09-12,0.0,0.8,630.0,,715522,0,632.0,646.6,617.4
2021-09-09,0.0,-0.64,625.0,,498111,0,632.0,640.0,620.0
2021-09-08,0.0,3.62,629.0,,650858,0,600.0,641.0,598.0
2021-09-07,0.0,7.78,607.0,,1039601,0,574.0,617.0,545.0
2021-09-06,0.0,10.0,563.2,,305827,0,506.0,563.2,505.0
2021-09-05,0.0,-6.06,512.0,,333183,0,555.9,555.9,495.0
2021-09-02,0.0,-3.02,545.0,,394685,0,573.0,585.0,539.0
2021-09-01,0.0,6.04,562.0,,540533,0,525.0,580.0,525.0
2021-08-31,0.0,-0.19,530.0,,398768,0,536.0,548.0,512.0
2021-08-29,0.0,-2.57,531.0,,272493,0,555.0,570.0,522.0
2021-08-26,0.0,4.61,545.0,,304927,0,531.4,559.0,525.0
2021-08-25,0.0,1.96,521.0,,339010,0,511.0,551.0,495.0
2021-08-24,0.0,-9.07,511.0,,416105,0,550.8,550.8,511.0
2021-08-19,0.0,-5.23,562.0,,509888,0,593.0,599.0,558.0
2021-08-18,0.0,3.13,593.0,,560390,0,586.5,622.0,577.0
2021-08-17,0.0,5.5,575.0,,496471,0,555.0,590.0,554.0
2021-08-16,0.0,4.41,545.0,,449864,0,522.0,557.9,513.0
2021-08-15,0.0,-1.88,522.0,,496137,0,522.0,540.0,499.0
2021-08-12,0.0,-3.1,532.0,,439166,0,555.0,555.0,528.3
2021-08-11,0.0,2.81,549.0,,392099,0,535.0,559.9,534.0
2021-08-10,0.0,-3.96,534.0,,567205,0,567.0,574.0,530.0
2021-08-09,0.0,9.23,556.0,,854164,0,519.1,557.0,509.0
2021-08-08,0.0,3.88,509.0,,455025,0,495.0,518.0,483.0
2021-08-05,0.0,-5.04,490.0,,463082,0,520.0,525.0,483.0
2021-08-04,0.0,1.38,516.0,,520119,0,519.0,536.0,510.0
2021-08-03,0.0,2.23,509.0,,359305,0,497.0,520.0,490.0
2021-08-02,0.0,-2.94,497.9,,410487,0,523.2,524.0,495.1
2021-08-01,0.0,4.69,513.0,,686838,0,490.0,525.0,490.0
2021-07-29,0.0,0.82,490.0,,524492,0,486.0,495.0,470.0
2021-07-28,0.0,1.33,486.0,,775368,0,489.1,523.0,485.0
2021-07-27,0.0,10.0,479.6,,773701,0,436.0,479.6,434.2
2021-07-26,0.0,-1.91,436.0,,292079,0,453.3,460.0,435.0
2021-07-25,0.0,7.89,444.5,,780562,0,415.0,447.0,415.0
2021-07-22,0.0,-0.24,412.0,,196723,0,417.0,420.0,410.0
2021-07-20,0.0,1.47,413.0,,224375,0,408.0,423.0,402.0
2021-07-19,0.0,-1.21,407.0,,190403,0,416.0,418.0,403.8
2021-07-18,0.0,2.23,412.0,,381860,0,411.0,420.0,388.0
2021-07-15,0.0,5.5,403.0,,362110,0,390.0,412.0,383.0
2021-07-14,0.0,4.09,382.0,,156480,0,370.0,388.0,362.0
2021-07-13,0.0,1.66,367.0,,116071,0,360.0,370.0,353.0
2021-07-12,0.0,-2.96,361.0,,224103,0,380.0,385.0,352.0
2021-07-11,0.0,8.45,372.0,,125469,0,349.0,376.0,343.0
2021-07-08,0.0,1.48,343.0,,99110,0,335.0,346.0,332.0
2021-07-07,0.0,-0.88,338.0,,39332,0,337.0,347.0,336.0
2021-07-06,0.0,-1.16,341.0,,62269,0,346.0,351.0,336.0
2021-07-05,0.0,-2.54,345.0,,55622,0,351.0,358.0,343.0
2021-07-04,0.0,-1.67,354.0,,283957,0,365.0,367.0,352.0
2021-07-01,0.0,2.86,360.0,,109060,0,357.0,372.0,354.0
2021-06-30,0.0,1.74,350.0,,206092,0,344.0,356.0,330.0
2021-06-29,0.0,-4.71,344.0,,128294,0,354.0,368.0,344.0
2021-06-28,0.0,-2.17,361.0,,77953,0,376.0,376.0,358.0
2021-06-27,0.0,-0.81,369.0,,113618,0,375.0,389.0,368.0
2021-06-24,0.0,-1.06,372.0,,130360,0,369.0,390.0,368.0
2021-06-23,0.0,-3.84,376.0,,185679,0,400.0,410.0,372.0
2021-06-22,0.0,9.83,391.0,,249971,0,360.0,391.0,351.0
2021-06-21,0.0,-6.56,356.0,,237009,0,400.0,400.0,356.0
2021-06-20,0.0,-3.79,381.0,,281037,0,377.0,413.0,370.0
2021-06-17,0.0,2.59,396.0,,256501,0,380.0,408.0,362.0
2021-06-16,0.0,-6.31,386.0,,446270,0,405.0,420.0,371.0
2021-06-15,0.0,-4.19,412.0,,452712,0,435.0,438.0,408.0
2021-06-14,0.0,-4.44,430.0,,530289,0,460.0,466.0,422.0
2021-06-13,0.0,6.13,450.0,,795878,0,405.0,457.0,405.0
2021-06-10,0.0,0.95,424.0,,403651,0,430.0,448.0,414.0
2021-06-09,0.0,0.1,420.0,,1150663,0,400.0,420.0,378.0
2021-06-08,0.0,9.46,382.0,,998008,0,360.0,383.0,353.0
2021-06-07,0.0,4.82,348.0,,331584,0,332.0,350.0,332.0
2021-06-06,0.0,-2.06,332.0,,369578,0,339.0,339.0,320.0
2021-06-03,0.0,-2.87,339.0,,239858,0,355.0,357.0,331.0
2021-06-02,0.0,4.18,349.0,,458042,0,335.0,348.0,317.0
2021-06-01,0.0,1.21,335.0,,503625,0,330.0,348.0,317.0
2021-05-31,0.0,-5.43,331.0,,721945,0,350.0,357.0,326.0
2021-05-30,0.0,6.06,350.0,,1160147,0,345.0,363.0,341.0
2021-05-27,0.0,10.0,330.0,,1091653,0,315.0,330.0,302.0
2021-05-25,0.0,5.63,300.0,,610392,0,285.0,305.0,282.0
2021-05-24,0.0,0.0,284.0,,294009,0,271.0,300.0,271.0
2021-05-23,0.0,2.16,284.0,,222254,0,270.0,290.0,261.0
2021-05-20,0.0,-2.8,278.0,,285724,0,300.0,300.0,274.0
2021-05-19,0.0,-5.92,286.0,,429497,0,310.0,310.0,281.0
2021-05-18,0.0,7.8,304.0,,628860,0,283.0,310.0,282.0
2021-05-17,0.0,4.83,282.0,,399297,0,272.0,289.0,266.0
2021-05-16,0.0,0.37,269.0,,323910,0,268.0,275.0,260.0
2021-05-13,0.0,-1.83,268.0,,471559,0,286.0,286.0,266.0
2021-05-12,0.0,7.06,273.0,,456373,0,267.0,275.0,250.0
2021-05-11,0.0,9.91,255.0,,557413,0,243.0,255.0,232.0
2021-05-10,0.0,1.31,232.0,,96083,0,240.0,240.0,226.0
2021-05-09,0.0,-3.38,229.0,,172540,0,233.0,240.0,228.0
2021-05-06,0.0,-1.66,237.0,,427058,0,252.0,252.0,231.0
2021-05-05,0.0,-2.82,241.0,,383988,0,259.0,260.0,240.0
2021-05-04,0.0,9.73,248.0,,563993,0,237.0,248.0,224.0
2021-05-03,0.0,6.6,226.0,,355856,0,214.0,231.0,212.0
2021-05-02,0.0,0.0,212.0,,90842,0,222.0,222.0,208.0
2021-04-29,0.0,2.91,212.0,,84556,0,209.0,212.0,206.0
2021-04-28,0.0,-3.29,206.0,,80079,0,217.0,217.0,203.0
2021-04-27,0.0,8.67,213.0,,137865,0,205.0,214.0,196.0
2021-04-26,0.0,-4.39,196.0,,148837,0,201.0,208.0,191.0
2021-04-25,0.0,-5.53,205.0,,236127,0,219.0,219.0,201.0
2021-04-22,0.0,0.93,217.0,,284496,0,215.0,223.0,206.0
2021-04-21,0.0,2.87,215.0,,469589,0,215.0,227.0,212.0
2021-04-20,0.0,10.0,209.0,,540683,0,190.0,209.0,190.0
2021-04-19,0.0,0.53,190.0,,131484,0,190.0,198.0,185.0
2021-04-18,0.0,-0.53,189.0,,98990,0,191.0,193.0,187.0
2021-04-15,0.0,2.15,190.0,,113768,0,188.0,194.0,187.0
2021-04-13,0.0,1.08,187.0,,92314,0,185.0,191.0,184.0
2021-04-12,0.0,-3.65,185.0,,81293,0,193.0,193.0,185.0
2021-04-08,0.0,-2.54,192.0,,122510,0,200.0,200.0,190.0
2021-04-07,0.0,0.51,197.0,,358873,0,200.0,207.0,190.0
2021-04-06,0.0,7.1,196.0,,267328,0,180.0,197.0,180.0
2021-04-05,0.0,-1.61,183.0,,69109,0,189.0,192.0,177.0
2021-04-04,0.0,-2.11,186.0,,122901,0,195.0,195.0,185.0
2021-04-01,0.0,4.97,190.0,,214258,0,190.0,192.0,178.0
2021-03-31,0.0,-1.09,181.0,,118449,0,192.0,192.0,179.0
2021-03-30,0.0,3.39,183.0,,321519,0,185.0,187.0,171.0
2021-03-29,0.0,4.14,176.0,,280186,0,172.0,178.0,170.0
2021-03-25,0.0,-2.31,169.0,,136987,0,165.0,177.0,165.0
2021-03-24,0.0,1.17,173.0,,165876,0,179.0,179.0,169.0
2021-03-23,0.0,3.01,171.0,,149586,0,169.0,171.0,164.0
2021-03-22,0.0,0.0,166.0,,42141,0,165.0,169.0,164.0
2021-03-21,0.0,-2.35,166.0,,48436,0,172.0,172.0,164.0
2021-03-18,0.0,3.03,170.0,,122705,0,167.0,174.0,164.0
2021-03-17,0.0,1.23,165.0,,62871,0,165.0,168.0,162.0
2021-03-16,0.0,-0.61,163.0,,35156,0,166.0,167.0,162.0
2021-03-15,0.0,0.0,164.0,,59168,0,167.0,169.0,162.0
2021-03-14,0.0,-0.61,164.0,,26071,0,163.0,166.0,163.0
2021-03-10,0.0,-1.2,165.0,,16574,0,170.0,170.0,163.0
2021-03-09,0.0,1.21,167.0,,28719,0,168.0,168.0,162.0
2021-03-08,0.0,-0.6,165.0,,21470,0,174.0,174.0,164.0
2021-03-04,0.0,1.84,166.0,,63684,0,166.0,169.0,163.0
2021-03-03,0.0,0.62,163.0,,69965,0,162.0,167.0,162.0
2021-03-02,0.0,-1.82,162.0,,94371,0,173.0,173.0,161.0
2021-03-01,0.0,0.0,165.0,,23617,0,161.0,167.0,160.0
2021-02-28,0.0,-2.38,164.0,,49932,0,168.0,170.0,164.0
2021-02-25,0.0,0.0,168.0,,106908,0,171.0,173.0,167.0
2021-02-24,0.0,-1.18,168.0,,120803,0,173.0,175.0,168.0
2021-02-23,0.0,1.19,170.0,,73017,0,170.0,173.0,160.0
2021-02-22,0.0,-0.59,168.0,,212087,0,172.0,180.0,166.0
2021-02-21,0.0,0.04,169.0,,135626,0,154.0,174.0,154.0
2021-02-18,0.0,0.02,162.0,,65917,0,152.0,168.0,152.0
2021-02-17,0.0,-0.03,159.0,,117752,0,164.0,167.0,156.0
2021-02-16,0.0,-0.02,164.0,,54150,0,176.0,176.0,162.0
2021-02-15,0.0,0.02,168.0,,31394,0,167.0,169.0,163.0
2021-02-14,0.0,-0.02,164.0,,110191,0,167.0,170.0,159.0
2021-02-11,0.0,-0.01,167.0,,90538,0,168.0,174.0,165.0
2021-02-10,0.0,-0.02,169.0,,52640,0,164.0,176.0,164.0
2021-02-09,0.0,-0.01,171.0,,66310,0,172.0,175.0,167.0
2021-02-08,0.0,-0.03,172.0,,278772,0,169.0,186.0,169.0
2021-02-07,0.0,0.02,177.0,,291670,0,176.0,183.0,173.0
2021-02-04,0.0,0.03,173.0,,194109,0,176.0,178.0,168.0
2021-02-03,0.0,-0.03,168.0,,154093,0,177.0,177.0,165.0
2021-02-02,0.0,0.05,174.0,,38049,0,165.0,174.0,165.0
2021-02-01,0.0,0.01,166.0,,106282,0,168.0,178.0,166.0
2021-01-31,0.0,-0.02,165.0,,48918,0,167.0,178.0,165.0
2021-01-28,0.0,-0.02,169.0,,58460,0,175.0,178.0,168.0
2021-01-27,0.0,0.01,172.0,,142569,0,167.0,180.0,166.0
2021-01-26,0.0,0.03,170.0,,103842,0,163.0,172.0,163.0
2021-01-25,0.0,-0.03,165.0,,52910,0,172.0,172.0,165.0
2021-01-24,0.0,0.0,170.0,,112509,0,162.0,181.0,162.0
2021-01-21,0.0,0.0,170.0,,66265,0,178.0,178.0,164.0
2021-01-20,0.0,0.04,170.0,,93729,0,162.0,173.0,162.0
2021-01-19,0.0,-0.01,163.0,,31465,0,165.0,166.0,161.0
2021-01-18,0.0,0.02,164.0,,34160,0,159.0,164.0,159.0
2021-01-17,0.0,-0.01,161.0,,26061,0,163.0,163.0,160.0
2021-01-13,0.0,0.03,162.0,,113353,0,157.0,164.0,157.0
2021-01-12,0.0,0.01,157.0,,6121,0,158.0,161.0,153.0
2021-01-11,0.0,0.01,156.0,,10133,0,154.0,158.0,154.0
2021-01-10,0.0,-0.03,155.0,,16621,0,156.0,156.0,153.0
2021-01-07,0.0,0.01,159.0,,84397,0,156.0,159.0,154.0
2021-01-06,0.0,0.02,158.0,,80137,0,158.0,165.0,156.0
2021-01-05,0.0,0.05,155.0,,72050,0,146.0,161.0,145.0
2021-01-04,0.0,-0.01,147.0,,7773,0,146.0,150.0,146.0
2021-01-03,0.0,0.01,148.0,,20187,0,149.0,151.0,143.0
2020-12-31,0.0,-0.01,147.0,,12575,0,147.0,150.0,143.0
2020-12-30,0.0,0.0,148.0,,16364,0,146.0,150.0,142.0
2020-12-29,0.0,0.0,148.0,,9097,0,148.0,149.0,145.0
2020-12-28,0.0,0.01,148.0,,13830,0,145.0,154.0,144.0
2020-12-27,0.0,-0.02,147.0,,4351,0,147.0,149.0,145.0
2020-12-24,0.0,0.0,150.0,,11585,0,147.0,151.0,145.0
2020-12-23,0.0,-0.05,150.0,,39125,0,161.0,161.0,145.0
2020-12-22,0.0,0.09,158.0,,43921,0,147.0,158.0,145.0
2020-12-21,0.0,-0.01,145.0,,40552,0,145.0,154.0,135.0
2020-12-20,0.0,-0.08,147.0,,37139,0,166.0,166.0,147.0
2020-12-17,0.0,0.0,159.0,,40080,0,162.0,162.0,156.0
2020-12-16,0.0,-0.02,159.0,,41614,0,162.0,162.0,157.0
2020-12-15,0.0,0.03,162.0,,61186,0,160.0,163.0,154.0
2020-12-14,0.0,-0.02,157.0,,51581,0,168.0,168.0,156.0
2020-12-13,0.0,-0.02,160.0,,55046,0,171.0,171.0,158.0
2020-12-10,0.0,0.01,163.0,,32731,0,164.0,165.0,158.0
2020-12-09,0.0,0.0,162.0,,67182,0,165.0,165.0,159.0
2020-12-08,0.0,-0.01,162.0,,54810,0,160.0,168.0,159.0
2020-12-07,0.0,0.01,163.0,,49943,0,165.0,168.0,156.0
2020-12-06,0.0,-0.01,162.0,,113944,0,161.0,167.0,155.0
2020-12-03,0.0,-0.02,164.0,,61537,0,168.0,171.0,162.0
2020-12-02,0.0,-0.02,168.0,,73868,0,174.0,174.0,167.0
2020-12-01,0.0,-0.03,171.0,,138995,0,184.0,184.0,166.0
2020-11-30,0.0,0.1,176.0,,125535,0,168.0,176.0,159.0
2020-11-29,0.0,-0.02,160.0,,147840,0,165.0,170.0,158.0
2020-11-26,0.0,-0.02,164.0,,119175,0,176.0,176.0,160.0
2020-11-25,0.0,0.01,169.0,,24475,0,171.0,175.0,164.0
2020-11-24,0.0,0.02,168.0,,55867,0,162.0,171.0,162.0
2020-11-23,0.0,-0.01,165.0,,22068,0,174.0,174.0,162.0
2020-11-22,0.0,-0.02,166.0,,27176,0,173.0,173.0,164.0
2020-11-19,0.0,0.0,170.0,,81005,0,161.0,172.0,161.0
2020-11-18,0.0,0.0,164.0,,92330,0,182.0,182.0,162.0
2020-11-12,0.0,0.0,174.0,,83956,0,176.0,176.0,169.0
2020-11-11,0.0,-0.56,177.0,,63623,0,177.0,180.0,174.0
2020-11-10,0.0,-1.66,178.0,,76935,0,179.0,181.0,175.0
2020-11-09,0.0,-2.69,181.0,,90852,0,177.0,191.0,177.0
2020-11-08,0.0,3.91,186.0,,247303,0,182.0,192.0,180.0
2020-11-05,0.0,6.55,179.0,,197508,0,168.0,181.0,168.0
2020-11-04,0.0,1.2,168.0,,25569,0,166.0,168.0,165.0
2020-11-03,0.0,-0.6,166.0,,14576,0,166.0,169.0,165.0
2020-11-02,0.0,-0.6,167.0,,15344,0,169.0,170.0,165.0
2020-11-01,0.0,3.07,168.0,,51962,0,162.0,172.0,162.0
2020-10-29,0.0,-2.98,163.0,,36048,0,166.0,170.0,163.0
2020-10-28,0.0,0.6,168.0,,22935,0,170.0,173.0,164.0
2020-10-22,0.0,-0.6,167.0,,22810,0,170.0,171.0,165.0
2020-10-21,0.0,-1.18,168.0,,27439,0,173.0,173.0,165.0
2020-10-20,0.0,1.8,170.0,,94864,0,167.0,175.0,164.0
2020-10-19,0.0,4.37,167.0,,42370,0,157.0,168.0,157.0
2020-10-18,0.0,1.27,160.0,,13354,0,161.0,161.0,154.0
2020-10-15,0.0,1.94,158.0,,22827,0,155.0,170.0,155.0
2020-10-14,0.0,-4.91,155.0,,44737,0,160.0,167.0,153.0
2020-10-13,0.0,-5.78,163.0,,31113,0,181.0,181.0,163.0
2020-10-12,0.0,0.58,173.0,,58133,0,164.0,184.0,164.0
2020-10-11,0.0,-3.37,172.0,,129330,0,178.0,178.0,169.0
2020-10-08,0.0,2.3,178.0,,117119,0,175.0,191.0,173.0
2020-10-07,0.0,9.43,174.0,,484649,0,152.0,174.0,152.0
2020-10-06,0.0,9.66,159.0,,62366,0,152.0,159.0,145.0
2020-10-05,0.0,-0.68,145.0,,24688,0,144.0,150.0,144.0
2020-10-04,0.0,-0.68,146.0,,23850,0,147.0,153.0,144.0
2020-10-01,0.0,-5.16,147.0,,23726,0,155.0,155.0,145.0
2020-09-30,0.0,-1.9,155.0,,52510,0,160.0,163.0,153.0
2020-09-29,0.0,9.72,158.0,,59063,0,142.0,158.0,140.0
2020-09-28,0.0,0.0,144.0,,23863,0,146.0,146.0,136.0
2020-09-27,0.0,-5.26,144.0,,62901,0,152.0,154.0,142.0
2020-09-24,0.0,9.35,152.0,,80363,0,137.0,152.0,137.0
2020-09-23,0.0,9.45,139.0,,19798,0,125.0,139.0,125.0
2020-09-22,0.0,-9.29,127.0,,21458,0,138.0,140.0,126.0
2020-09-21,0.0,2.19,140.0,,28731,0,135.0,146.0,129.0
2020-09-20,0.0,-6.8,137.0,,38056,0,154.0,154.0,133.0
2020-09-17,0.0,9.7,147.0,,35246,0,140.0,147.0,140.0
2020-09-16,0.0,9.84,134.0,,36271,0,120.0,134.0,117.0
2020-09-15,0.0,-3.17,122.0,,13753,0,126.0,126.0,120.0
2020-09-14,0.0,4.13,126.0,,30054,0,122.0,130.0,117.0
2020-09-13,0.0,5.22,121.0,,27250,0,113.0,121.0,109.0
2020-09-10,0.0,3.6,115.0,,4078,0,111.0,115.0,106.0
2020-09-09,0.0,1.83,111.0,,1697,0,109.0,112.0,109.0
2020-09-08,0.0,-2.68,109.0,,3211,0,110.0,114.0,108.0
2020-09-07,0.0,-0.88,112.0,,3320,0,112.0,113.0,110.0
2020-09-06,0.0,1.8,113.0,,12310,0,110.0,118.0,108.0
2020-09-03,0.0,-2.63,111.0,,18081,0,119.0,123.0,105.0
2020-09-02,0.0,9.62,114.0,,13461,0,106.0,114.0,105.0
2020-08-31,0.0,2.97,104.0,,6597,0,102.0,108.0,101.0
2020-08-30,0.0,-1.94,101.0,,3951,0,103.0,103.0,101.0
2020-08-27,0.0,0.98,103.0,,2626,0,100.0,103.0,100.0
2020-08-26,0.0,0.0,102.0,,1572,0,100.0,102.0,100.0
2020-08-25,0.0,-0.97,102.0,,806,0,101.0,103.0,100.0
2020-08-24,0.0,3.0,103.0,,1048,0,99.0,103.0,99.0
2020-08-23,0.0,-0.99,100.0,,663,0,100.0,102.0,100.0
2020-08-20,0.0,1.0,101.0,,1147,0,102.0,102.0,100.0
2020-08-19,0.0,-0.99,100.0,,1696,0,100.0,102.0,100.0
2020-08-18,0.0,1.0,101.0,,792,0,100.0,102.0,100.0
2020-08-17,0.0,0.0,100.0,,461,0,100.0,100.0,100.0
2020-08-16,0.0,-0.99,100.0,,2819,0,100.0,101.0,99.0
2020-08-13,0.0,-1.94,101.0,,2201,0,101.0,102.0,101.0
2020-08-12,0.0,-0.96,103.0,,2759,0,102.0,103.0,101.0
2020-08-11,0.0,0.97,104.0,,2006,0,101.0,104.0,101.0
2020-08-10,0.0,0.98,103.0,,2633,0,101.0,104.0,101.0
2020-08-09,0.0,-0.97,102.0,,1296,0,102.0,103.0,101.0
2020-08-06,0.0,0.0,103.0,,1843,0,101.0,105.0,101.0
2020-08-05,0.0,-1.92,102.0,,2777,0,103.0,104.0,102.0
2020-08-03,0.0,-0.95,104.0,,812,0,103.0,105.0,103.0
2020-08-02,0.0,-0.94,105.0,,4118,0,104.0,106.0,104.0
2020-07-30,0.0,0.0,106.0,,3530,0,105.0,108.0,104.0
2020-07-29,0.0,0.95,106.0,,1343,0,103.0,106.0,101.0
2020-07-28,0.0,0.96,105.0,,3086,0,102.0,106.0,100.0
2020-07-27,0.0,0.0,104.0,,1405,0,102.0,105.0,102.0
2020-07-26,0.0,0.0,104.0,,3570,0,102.0,108.0,102.0
2020-07-23,0.0,-0.95,104.0,,2075,0,103.0,105.0,103.0
2020-07-22,0.0,1.94,105.0,,3687,0,102.0,107.0,102.0
2020-07-21,0.0,-0.96,103.0,,10760,0,102.0,105.0,102.0
2020-07-20,0.0,2.97,104.0,,6561,0,103.0,106.0,101.0
2020-07-16,0.0,-2.88,101.0,,8412,0,102.0,103.0,100.0
2020-07-15,0.0,4.0,104.0,,4207,0,98.0,104.0,98.0
2020-07-14,0.0,2.04,100.0,,9027,0,97.0,100.0,97.0
2020-07-13,0.0,0.0,98.0,,767,0,97.0,98.0,97.0
2020-07-12,0.0,0.0,98.0,,3735,0,98.0,99.0,97.0
2020-07-09,0.0,0.0,98.0,,983,0,97.0,98.0,97.0
2020-07-08,0.0,-2.97,98.0,,2848,0,99.0,99.0,96.0
2020-07-07,0.0,0.0,101.0,,6110,0,101.0,102.0,99.0
2020-07-06,0.0,-0.98,101.0,,817,0,100.0,103.0,98.0
2020-07-05,0.0,2.0,102.0,,1415,0,98.0,102.0,98.0
2020-07-02,0.0,1.01,100.0,,31,0,100.0,100.0,100.0
2020-06-29,0.0,-1.0,99.0,,38,0,98.0,99.0,98.0
2020-03-22,0.0,-0.99,100.0,,519,0,100.0,100.0,100.0
2020-03-19,0.0,1.0,101.0,,4224,0,98.0,102.0,98.0
2020-03-18,0.0,-0.99,100.0,,4425,0,99.0,103.0,99.0
2020-03-17,0.0,-2.88,101.0,,1083,0,102.0,103.0,101.0
2020-03-16,0.0,0.0,104.0,,3041,0,105.0,105.0,103.0
2020-03-15,0.0,0.97,104.0,,5385,0,102.0,104.0,101.0
2020-03-12,0.0,-3.74,103.0,,3391,0,107.0,107.0,103.0
2020-03-11,0.0,0.94,107.0,,3667,0,108.0,110.0,105.0
2020-03-10,0.0,-2.75,106.0,,67,0,107.0,107.0,106.0
2020-03-05,0.0,1.87,109.0,,2488,0,105.0,111.0,105.0
2020-03-04,0.0,-5.31,107.0,,5263,0,111.0,111.0,107.0
2020-03-03,0.0,3.67,113.0,,1523,0,109.0,115.0,107.0
2020-03-02,0.0,-4.39,109.0,,1539,0,112.0,112.0,109.0
2020-03-01,0.0,-1.72,114.0,,7267,0,116.0,117.0,114.0
2020-02-27,0.0,-1.69,116.0,,7948,0,116.0,119.0,115.0
2020-02-26,0.0,-3.28,118.0,,4882,0,124.0,125.0,116.0
2020-02-25,0.0,4.27,122.0,,3821,0,115.0,124.0,115.0
2020-02-24,0.0,-4.1,117.0,,2968,0,122.0,126.0,116.0
2020-02-23,0.0,5.17,122.0,,9530,0,118.0,126.0,118.0
2020-02-20,0.0,1.75,116.0,,666,0,114.0,119.0,113.0
2020-02-19,0.0,0.0,114.0,,3144,0,115.0,117.0,113.0
2020-02-18,0.0,-2.56,114.0,,9430,0,115.0,121.0,114.0
2020-02-17,0.0,3.54,117.0,,6289,0,115.0,121.0,114.0
2020-02-16,0.0,4.63,113.0,,2600,0,110.0,113.0,108.0
2020-02-13,0.0,-0.92,108.0,,1141,0,107.0,110.0,107.0
2020-02-12,0.0,-3.54,109.0,,221,0,115.0,115.0,109.0
2020-02-11,0.0,1.8,113.0,,517,0,110.0,113.0,109.0
2020-02-10,0.0,3.74,111.0,,2807,0,107.0,111.0,107.0
2020-02-09,0.0,-0.93,107.0,,621,0,106.0,108.0,106.0
2020-02-06,0.0,0.0,108.0,,214,0,106.0,108.0,106.0
2020-02-05,0.0,-0.92,108.0,,2801,0,107.0,109.0,107.0
2020-02-04,0.0,0.93,109.0,,1610,0,108.0,111.0,108.0
2020-02-03,0.0,0.0,108.0,,1499,0,106.0,111.0,106.0
2020-02-02,0.0,3.85,108.0,,4085,0,104.0,110.0,104.0
2020-01-30,0.0,-2.8,104.0,,5021,0,106.0,107.0,104.0
2020-01-29,0.0,0.0,107.0,,630,0,105.0,108.0,105.0
2020-01-28,0.0,0.94,107.0,,1659,0,106.0,107.0,105.0
2020-01-27,0.0,1.92,106.0,,648,0,104.0,106.0,104.0
2020-01-26,0.0,-1.89,104.0,,959,0,105.0,106.0,104.0
2020-01-23,0.0,0.95,106.0,,1118,0,105.0,106.0,104.0
2020-01-22,0.0,-0.94,105.0,,2007,0,106.0,106.0,104.0
2020-01-21,0.0,-4.5,106.0,,2375,0,111.0,111.0,105.0
2020-01-20,0.0,-8.26,111.0,,1419,0,123.0,123.0,111.0
2020-01-19,0.0,9.01,121.0,,7713,0,112.0,121.0,111.0
2020-01-16,0.0,0.91,111.0,,7095,0,109.0,114.0,109.0
2020-01-15,0.0,3.77,110.0,,3321,0,108.0,110.0,107.0
2020-01-14,0.0,-5.36,106.0,,3304,0,110.0,110.0,106.0
2020-01-13,0.0,5.66,112.0,,7268,0,108.0,112.0,104.0
2020-01-12,0.0,3.92,106.0,,7002,0,103.0,106.0,102.0
2020-01-09,0.0,0.99,102.0,,359,0,101.0,102.0,101.0
2020-01-08,0.0,0.0,101.0,,422,0,102.0,103.0,101.0
2020-01-07,0.0,1.0,101.0,,2908,0,100.0,103.0,100.0
2020-01-06,0.0,0.0,100.0,,7925,0,100.0,101.0,100.0
2020-01-05,0.0,-0.99,100.0,,1098,0,100.0,102.0,100.0
2020-01-02,0.0,0.0,101.0,,834,0,100.0,101.0,100.0
2020-01-01,0.0,1.0,101.0,,3089,0,102.0,102.0,100.0
2019-12-31,0.0,-0.99,100.0,,4899,0,100.0,103.0,100.0
2019-12-30,0.0,-0.98,101.0,,808,0,101.0,101.0,100.0
2019-12-29,0.0,-4.67,102.0,,510,0,105.0,105.0,101.0
2019-12-26,0.0,-1.83,107.0,,6363,0,107.0,111.0,105.0
2019-12-25,0.0,0.93,109.0,,3009,0,109.0,111.0,109.0
2019-12-24,0.0,-3.57,108.0,,3886,0,112.0,112.0,108.0
2019-12-23,0.0,0.0,112.0,,4862,0,112.0,114.0,107.0
2019-12-22,0.0,3.7,112.0,,3040,0,108.0,112.0,107.0
2019-12-19,0.0,0.93,108.0,,1653,0,109.0,109.0,106.0
2019-12-18,0.0,-2.73,107.0,,9083,0,109.0,110.0,107.0
2019-12-17,0.0,2.8,110.0,,3098,0,109.0,110.0,108.0
2019-12-16,0.0,0.0,107.0,,7772,0,106.0,113.0,106.0
2019-12-15,0.0,5.61,113.0,,5529,0,109.0,115.0,107.0
2019-12-12,0.0,3.88,107.0,,3767,0,103.0,107.0,102.0
2019-12-11,0.0,0.98,103.0,,3198,0,102.0,104.0,101.0
2019-12-10,0.0,-0.97,102.0,,1069,0,102.0,103.0,102.0
2019-12-09,0.0,0.0,103.0,,1604,0,103.0,104.0,102.0
2019-12-08,0.0,-0.96,103.0,,978,0,104.0,104.0,100.0
2019-12-05,0.0,4.0,104.0,,1958,0,100.0,104.0,100.0
2019-12-04,0.0,-0.99,100.0,,1935,0,100.0,101.0,100.0
2019-12-03,0.0,1.0,101.0,,807,0,100.0,101.0,100.0
2019-12-02,0.0,-0.99,100.0,,1430,0,99.0,101.0,99.0
2019-12-01,0.0,0.0,101.0,,3788,0,99.0,102.0,99.0
2019-11-28,0.0,0.0,101.0,,2414,0,99.0,102.0,99.0
2019-11-27,0.0,0.0,101.0,,2248,0,101.0,103.0,100.0
2019-11-26,0.0,1.0,101.0,,10480,0,102.0,102.0,100.0
2019-11-25,0.0,-0.99,100.0,,9948,0,99.0,101.0,97.0
2019-11-24,0.0,-0.98,101.0,,871,0,100.0,102.0,100.0
2019-11-21,0.0,0.0,102.0,,589,0,100.0,102.0,100.0
2019-11-20,0.0,0.99,102.0,,1430,0,102.0,103.0,101.0
2019-11-19,0.0,0.0,101.0,,909,0,102.0,102.0,99.0
2019-11-18,0.0,-1.94,101.0,,185,0,101.0,102.0,101.0
2019-11-17,0.0,1.98,103.0,,1384,0,103.0,107.0,101.0
2019-11-14,0.0,3.06,101.0,,2338,0,98.0,102.0,98.0
2019-11-13,0.0,-2.0,98.0,,335,0,98.0,99.0,98.0
2019-11-12,0.0,-1.96,100.0,,752,0,102.0,102.0,99.0
2019-11-11,0.0,0.0,102.0,,400,0,100.0,102.0,100.0
2019-11-10,0.0,2.0,102.0,,83,0,100.0,102.0,98.0
2019-11-07,0.0,0.0,100.0,,174,0,100.0,102.0,100.0
2019-11-06,0.0,0.0,100.0,,1226,0,100.0,100.0,99.0
2019-11-05,0.0,0.0,100.0,,3197,0,98.0,100.0,98.0
2019-11-04,0.0,0.0,100.0,,2090,0,102.0,102.0,99.0
2019-11-03,0.0,-4.76,100.0,,662,0,103.0,103.0,100.0
2019-10-31,0.0,1.94,105.0,,123,0,102.0,105.0,102.0
2019-10-24,0.0,3.0,103.0,,178,0,102.0,103.0,102.0
2019-10-23,0.0,-0.99,100.0,,42,0,100.0,100.0,100.0
2019-10-22,0.0,-1.94,101.0,,462,0,101.0,101.0,100.0
2019-10-17,0.0,0.98,103.0,,331,0,102.0,103.0,102.0
2019-10-16,0.0,-0.97,102.0,,665,0,102.0,103.0,100.0
2019-10-15,0.0,0.0,103.0,,65,0,102.0,104.0,102.0
2019-10-14,0.0,0.98,103.0,,379,0,100.0,103.0,100.0
2019-10-02,0.0,0.0,102.0,,42,0,102.0,102.0,102.0
2019-10-01,0.0,0.0,102.0,,48,0,100.0,102.0,100.0
2019-09-30,0.0,0.99,102.0,,56,0,101.0,102.0,101.0
2019-09-29,0.0,-3.81,101.0,,774,0,105.0,105.0,101.0
2019-09-26,0.0,-1.87,105.0,,332,0,107.0,107.0,103.0
2019-09-24,0.0,1.9,107.0,,14,0,107.0,107.0,107.0
2019-09-23,0.0,0.96,105.0,,702,0,102.0,105.0,102.0
2019-09-22,0.0,2.97,104.0,,94,0,103.0,104.0,101.0
2019-09-19,0.0,-0.98,101.0,,102,0,100.0,105.0,100.0
2019-09-18,0.0,0.99,102.0,,594,0,100.0,104.0,100.0
2019-09-17,0.0,1.0,101.0,,415,0,99.0,104.0,99.0
2019-09-16,0.0,0.0,100.0,,267,0,99.0,100.0,99.0
2019-09-15,0.0,0.0,100.0,,139,0,100.0,101.0,99.0
2019-09-12,0.0,-3.85,100.0,,2609,0,105.0,106.0,100.0
2019-09-11,0.0,0.0,104.0,,472,0,104.0,106.0,101.0
2019-09-10,0.0,1.96,104.0,,42,0,100.0,104.0,100.0
2019-09-09,0.0,-3.77,102.0,,49,0,104.0,104.0,102.0
2019-09-08,0.0,1.92,106.0,,788,0,104.0,106.0,101.0
2019-09-05,0.0,-0.95,104.0,,334,0,103.0,107.0,104.0
2019-09-04,0.0,2.94,105.0,,1291,0,102.0,106.0,102.0
2019-09-03,0.0,0.0,102.0,,1015,0,102.0,102.0,102.0
2019-09-02,0.0,-2.86,102.0,,67,0,103.0,103.0,102.0
2019-09-01,0.0,0.0,105.0,,680,0,103.0,105.0,103.0
2019-08-29,0.0,0.96,105.0,,257,0,106.0,106.0,104.0
2019-08-28,0.0,-0.95,104.0,,152,0,105.0,105.0,104.0
2019-08-27,0.0,0.0,105.0,,1426,0,105.0,106.0,104.0
2019-08-26,0.0,-0.94,105.0,,705,0,104.0,106.0,104.0
2019-08-25,0.0,0.0,106.0,,210,0,108.0,108.0,106.0
2019-08-22,0.0,0.95,106.0,,331,0,104.0,106.0,104.0
2019-08-21,0.0,0.0,105.0,,1684,0,105.0,107.0,104.0
2019-08-20,0.0,-0.94,105.0,,442,0,105.0,105.0,105.0
2019-08-19,0.0,-0.93,106.0,,56,0,105.0,106.0,105.0
2019-08-18,0.0,0.0,107.0,,439,0,105.0,107.0,105.0
2019-08-15,0.0,-5.31,107.0,,326,0,111.0,111.0,107.0
2019-08-13,0.0,7.62,113.0,,109,0,105.0,113.0,105.0
2019-08-12,0.0,-0.94,105.0,,212,0,104.0,106.0,104.0
2019-08-11,0.0,0.0,106.0,,907,0,105.0,107.0,105.0
2019-08-08,0.0,-1.85,106.0,,510,0,106.0,107.0,106.0
2019-08-07,0.0,-1.82,108.0,,685,0,108.0,108.0,107.0
2019-08-06,0.0,1.85,110.0,,362,0,106.0,110.0,106.0
2019-08-05,0.0,0.93,108.0,,2939,0,108.0,108.0,107.0
2019-08-04,0.0,0.0,107.0,,965,0,105.0,109.0,105.0
2019-08-01,0.0,-0.93,107.0,,446,0,110.0,110.0,107.0
2019-07-31,0.0,-0.92,108.0,,78,0,108.0,109.0,108.0
2019-07-25,0.0,-1.79,110.0,,320,0,112.0,112.0,109.0
2019-07-24,0.0,3.7,112.0,,121,0,108.0,112.0,108.0
2019-07-23,0.0,-1.82,108.0,,281,0,110.0,110.0,108.0
2019-07-22,0.0,-1.79,110.0,,80,0,110.0,112.0,110.0
2019-07-21,0.0,-2.61,112.0,,198,0,113.0,113.0,112.0
2019-07-18,0.0,3.6,115.0,,690,0,111.0,115.0,111.0
2019-07-17,0.0,1.83,111.0,,105,0,109.0,111.0,109.0
2019-07-16,0.0,-0.91,109.0,,588,0,108.0,110.0,108.0
2019-07-15,0.0,0.0,110.0,,616,0,108.0,110.0,108.0
2019-07-14,0.0,1.85,110.0,,834,0,106.0,112.0,106.0
2019-07-11,0.0,0.0,108.0,,1252,0,108.0,110.0,108.0
2019-07-10,0.0,-2.7,108.0,,345,0,109.0,109.0,107.0
2019-07-09,0.0,1.83,111.0,,487,0,107.0,111.0,107.0
2019-07-08,0.0,0.0,109.0,,1317,0,107.0,111.0,107.0
2019-07-07,0.0,0.0,109.0,,362,0,114.0,115.0,108.0
2019-07-04,0.0,0.0,109.0,,792,0,108.0,111.0,108.0
2019-07-03,0.0,-0.91,109.0,,956,0,110.0,111.0,109.0
2019-07-02,0.0,0.0,110.0,,488,0,108.0,110.0,107.0
2019-07-01,0.0,0.0,110.0,,4623,0,108.0,111.0,105.0
2019-06-30,0.0,0.0,110.0,,656,0,112.0,112.0,109.0
2019-06-27,0.0,0.0,110.0,,1470,0,110.0,112.0,110.0
2019-06-26,0.0,-1.79,110.0,,372,0,110.0,110.0,110.0
2019-06-25,0.0,1.82,112.0,,183,0,109.0,112.0,109.0
2019-06-24,0.0,0.0,110.0,,437,0,111.0,113.0,109.0
2019-06-23,0.0,-1.79,110.0,,234,0,110.0,112.0,110.0
2019-06-20,0.0,1.82,112.0,,926,0,111.0,112.0,110.0
2019-06-19,0.0,-0.9,110.0,,2048,0,110.0,114.0,109.0
2019-06-18,0.0,-2.63,111.0,,128,0,112.0,112.0,110.0
2019-06-17,0.0,3.64,114.0,,885,0,109.0,115.0,109.0
2019-06-16,0.0,-3.51,110.0,,2008,0,114.0,114.0,110.0
2019-06-13,0.0,-1.72,114.0,,337,0,114.0,114.0,113.0
2019-06-12,0.0,3.57,116.0,,612,0,113.0,116.0,111.0
2019-06-11,0.0,-4.27,112.0,,5878,0,119.0,120.0,112.0
2019-06-10,0.0,4.46,117.0,,636,0,114.0,118.0,114.0
2019-06-06,0.0,-2.61,112.0,,2548,0,114.0,114.0,112.0
2019-06-04,0.0,0.0,115.0,,3350,0,115.0,116.0,114.0
2019-06-03,0.0,-3.36,115.0,,2170,0,117.0,117.0,115.0
2019-06-02,0.0,-1.65,119.0,,134,0,121.0,121.0,119.0
2019-05-30,0.0,1.68,121.0,,696,0,117.0,124.0,117.0
2019-05-29,0.0,-4.8,119.0,,566,0,123.0,123.0,119.0
2019-05-27,0.0,5.04,125.0,,245,0,121.0,127.0,121.0
2019-05-26,0.0,0.85,119.0,,3524,0,119.0,123.0,117.0
2019-05-23,0.0,-8.53,118.0,,2037,0,129.0,129.0,118.0
2019-05-22,0.0,3.2,129.0,,12866,0,125.0,133.0,119.0
2019-05-21,0.0,6.84,125.0,,4845,0,117.0,127.0,117.0
2019-05-20,0.0,1.74,117.0,,3133,0,115.0,119.0,115.0
2019-05-19,0.0,-1.71,115.0,,1461,0,116.0,116.0,115.0
2019-05-16,0.0,-1.68,117.0,,3583,0,118.0,121.0,117.0
2019-05-15,0.0,-3.25,119.0,,1110,0,121.0,121.0,117.0
2019-05-14,0.0,6.03,123.0,,7580,0,114.0,124.0,114.0
2019-05-13,0.0,-5.69,116.0,,1674,0,121.0,121.0,116.0
2019-05-12,0.0,4.24,123.0,,3839,0,116.0,124.0,114.0
2019-05-09,0.0,0.0,118.0,,1521,0,118.0,118.0,114.0
2019-05-08,0.0,3.51,118.0,,1845,0,116.0,118.0,110.0
2019-05-07,0.0,1.79,114.0,,1743,0,110.0,116.0,110.0
2019-05-06,0.0,1.82,112.0,,338,0,110.0,112.0,110.0
2019-05-05,0.0,-2.65,110.0,,1522,0,113.0,115.0,110.0
2019-05-02,0.0,-5.04,113.0,,1069,0,117.0,117.0,113.0
2019-04-30,0.0,8.18,119.0,,1826,0,108.0,119.0,108.0
2019-04-29,0.0,-4.35,110.0,,417,0,115.0,115.0,109.0
2019-04-28,0.0,7.48,115.0,,3086,0,109.0,116.0,109.0
2019-04-25,0.0,0.0,107.0,,1381,0,107.0,110.0,107.0
2019-04-24,0.0,-4.46,107.0,,1401,0,110.0,110.0,107.0
2019-04-23,0.0,1.82,112.0,,965,0,108.0,112.0,106.0
2019-04-22,0.0,0.0,110.0,,788,0,110.0,111.0,108.0
2019-04-21,0.0,-1.79,110.0,,1159,0,110.0,111.0,107.0
2019-04-18,0.0,0.0,112.0,,236,0,111.0,113.0,110.0
2019-04-17,0.0,0.0,112.0,,142,0,112.0,113.0,112.0
2019-04-16,0.0,0.9,112.0,,3248,0,111.0,112.0,110.0
2019-04-15,0.0,0.0,111.0,,68,0,111.0,111.0,109.0
2019-04-11,0.0,-1.77,111.0,,604,0,111.0,112.0,109.0
2019-04-10,0.0,0.0,113.0,,320,0,113.0,113.0,110.0
2019-04-09,0.0,-0.88,113.0,,116,0,112.0,113.0,112.0
2019-04-08,0.0,0.88,114.0,,226,0,113.0,116.0,111.0
2019-04-07,0.0,-1.74,113.0,,167,0,115.0,116.0,113.0
2019-04-04,0.0,0.0,115.0,,520,0,115.0,117.0,113.0
2019-04-03,0.0,-0.86,115.0,,799,0,114.0,117.0,114.0
2019-04-02,0.0,1.75,116.0,,1641,0,116.0,118.0,113.0
2019-04-01,0.0,-0.87,114.0,,328,0,113.0,114.0,111.0
2019-03-31,0.0,1.77,115.0,,160,0,112.0,115.0,111.0
2019-03-28,0.0,-1.74,113.0,,107,0,113.0,113.0,111.0
2019-03-27,0.0,0.88,115.0,,293,0,114.0,115.0,112.0
2019-03-26,0.0,0.0,114.0,,171,0,113.0,114.0,110.0
2019-03-25,0.0,0.88,114.0,,398,0,112.0,114.0,110.0
2019-03-24,0.0,0.89,113.0,,672,0,112.0,115.0,112.0
2019-03-21,0.0,-1.75,112.0,,1089,0,112.0,112.0,110.0
2019-03-18,0.0,4.42,118.0,,1354,0,114.0,118.0,114.0
2019-03-17,0.0,-0.88,113.0,,905,0,113.0,114.0,112.0
2019-03-14,0.0,0.0,114.0,,1510,0,112.0,118.0,110.0
2019-03-13,0.0,0.0,116.0,,1964,0,116.0,117.0,114.0
2019-03-12,0.0,2.65,116.0,,973,0,114.0,120.0,113.0
2019-03-11,0.0,4.63,113.0,,1120,0,108.0,113.0,108.0
2019-03-10,0.0,-1.83,107.0,,127,0,107.0,109.0,107.0
2019-03-09,0.0,-1.83,107.0,,127,0,107.0,109.0,107.0
2019-03-07,0.0,1.87,109.0,,110,0,105.0,109.0,105.0
2019-03-06,0.0,1.9,107.0,,192,0,103.0,107.0,103.0
2019-03-05,0.0,-0.94,105.0,,180,0,104.0,106.0,104.0
2019-03-03,0.0,-1.85,106.0,,816,0,108.0,108.0,104.0
2019-02-27,0.0,0.93,108.0,,460,0,109.0,109.0,107.0
2019-02-26,0.0,0.0,107.0,,303,0,107.0,108.0,107.0
2019-02-25,0.0,0.0,107.0,,235,0,105.0,107.0,105.0
2019-02-24,0.0,-3.6,107.0,,1016,0,109.0,111.0,106.0
2019-02-21,0.0,2.78,111.0,,126,0,106.0,111.0,106.0
2019-02-20,0.0,-2.7,108.0,,138,0,111.0,111.0,107.0
2019-02-19,0.0,2.78,111.0,,923,0,110.0,111.0,106.0
2019-02-18,0.0,-1.82,108.0,,674,0,108.0,111.0,107.0
2019-02-17,0.0,0.0,110.0,,581,0,111.0,112.0,109.0
2019-02-14,0.0,-2.65,110.0,,2387,0,111.0,113.0,110.0
2019-02-13,0.0,-1.74,113.0,,1176,0,116.0,116.0,113.0
2019-02-12,0.0,0.88,115.0,,412,0,112.0,115.0,112.0
2019-02-11,0.0,-0.87,114.0,,64,0,113.0,115.0,113.0
2019-02-10,0.0,0.0,115.0,,219,0,113.0,117.0,113.0
2019-02-07,0.0,0.0,115.0,,222,0,115.0,116.0,113.0
2019-02-06,0.0,-0.86,115.0,,76,0,118.0,118.0,115.0
2019-02-05,0.0,2.65,116.0,,205,0,113.0,116.0,113.0
2019-02-04,0.0,-1.74,113.0,,846,0,114.0,115.0,113.0
2019-02-03,0.0,-0.86,115.0,,1002,0,114.0,116.0,114.0
2019-01-31,0.0,0.0,116.0,,290,0,116.0,117.0,115.0
2019-01-30,0.0,0.0,116.0,,1249,0,116.0,119.0,115.0
2019-01-29,0.0,-4.92,116.0,,196,0,122.0,122.0,116.0
2019-01-28,0.0,1.67,122.0,,48,0,120.0,122.0,119.0
2019-01-27,0.0,0.0,120.0,,1340,0,120.0,120.0,118.0
2019-01-24,0.0,-1.64,120.0,,62,0,122.0,122.0,120.0
2019-01-23,0.0,0.83,122.0,,524,0,121.0,122.0,120.0
2019-01-22,0.0,0.83,121.0,,887,0,120.0,122.0,118.0
2019-01-21,0.0,0.0,120.0,,1061,0,120.0,120.0,120.0
2019-01-20,0.0,-0.83,120.0,,122,0,121.0,121.0,119.0
2019-01-17,0.0,-2.42,121.0,,106,0,124.0,124.0,121.0
2019-01-16,0.0,-1.59,124.0,,728,0,126.0,126.0,123.0
2019-01-15,0.0,2.44,126.0,,475,0,123.0,127.0,123.0
2019-01-14,0.0,0.82,123.0,,408,0,122.0,123.0,121.0
2019-01-13,0.0,0.0,122.0,,77,0,122.0,122.0,120.0
2019-01-10,0.0,0.0,122.0,,272,0,122.0,123.0,120.0
2019-01-09,0.0,0.0,122.0,,57,0,122.0,122.0,122.0
2019-01-08,0.0,-1.61,122.0,,214,0,124.0,124.0,122.0
2019-01-07,0.0,-0.8,124.0,,124,0,125.0,125.0,121.0
2019-01-06,0.0,-0.79,125.0,,182,0,126.0,126.0,123.0
2019-01-03,0.0,5.0,126.0,,1144,0,120.0,126.0,120.0
2019-01-02,0.0,-1.64,120.0,,200,0,122.0,122.0,120.0
2019-01-01,0.0,0.83,122.0,,137,0,121.0,123.0,121.0
2018-12-31,0.0,-1.63,121.0,,1225,0,123.0,125.0,121.0
2018-12-30,0.0,1.65,123.0,,111,0,121.0,123.0,120.0
2018-12-27,0.0,-2.42,121.0,,994,0,124.0,124.0,120.0
2018-12-26,0.0,1.64,124.0,,1719,0,122.0,124.0,122.0
2018-12-25,0.0,-1.61,122.0,,10,0,124.0,124.0,122.0
2018-12-24,0.0,5.98,124.0,,563,0,117.0,124.0,117.0
2018-12-23,0.0,-4.88,117.0,,1431,0,123.0,123.0,117.0
2018-12-20,0.0,-3.2,121.0,,153,0,125.0,125.0,121.0
2018-12-19,0.0,0.0,125.0,,169,0,125.0,126.0,123.0
2018-12-18,0.0,1.63,125.0,,1448,0,123.0,125.0,123.0
2018-12-17,0.0,0.0,123.0,,42,0,123.0,123.0,123.0
2018-12-16,0.0,-0.81,123.0,,1409,0,124.0,125.0,122.0
2018-12-13,0.0,-2.36,124.0,,1195,0,127.0,128.0,124.0
2018-12-12,0.0,-0.78,127.0,,30,0,128.0,128.0,127.0
2018-12-10,0.0,3.23,128.0,,474,0,124.0,129.0,124.0
2018-12-09,0.0,-2.36,124.0,,475,0,127.0,127.0,124.0
2018-12-06,0.0,-4.51,127.0,,257,0,133.0,133.0,125.0
2018-12-04,0.0,1.53,133.0,,573,0,131.0,133.0,130.0
2018-12-03,0.0,4.8,131.0,,563,0,125.0,131.0,125.0
2018-12-02,0.0,-4.58,125.0,,1000,0,131.0,131.0,125.0
2018-11-29,0.0,0.0,131.0,,730,0,131.0,131.0,129.0
2018-11-28,0.0,0.77,131.0,,963,0,130.0,131.0,129.0
2018-11-27,0.0,0.0,130.0,,1309,0,130.0,132.0,130.0
2018-11-26,0.0,0.0,130.0,,1346,0,130.0,132.0,128.0
2018-11-25,0.0,-2.99,130.0,,570,0,134.0,134.0,130.0
2018-11-22,0.0,0.0,134.0,,906,0,134.0,137.0,134.0
2018-11-21,0.0,-2.19,134.0,,870,0,137.0,137.0,133.0
2018-11-19,0.0,1.48,137.0,,718,0,135.0,138.0,135.0
2018-11-18,0.0,-4.26,135.0,,529,0,141.0,141.0,135.0
2018-11-15,0.0,-1.4,141.0,,71,0,143.0,143.0,141.0
2018-11-14,0.0,2.88,143.0,,744,0,139.0,143.0,137.0
2018-11-05,0.0,-0.68,146.0,,610,0,146.0,146.0,145.0
2018-11-04,0.0,-2.0,147.0,,214,0,150.0,150.0,147.0
2018-11-01,0.0,-1.32,151.0,,512,0,152.0,152.0,150.0
2018-10-31,0.0,-1.93,152.0,,814,0,152.0,155.0,152.0
2018-10-30,0.0,-1.27,155.0,,926,0,157.0,157.0,154.0
2018-10-29,0.0,-5.42,157.0,,481,0,163.0,163.0,156.0
2018-10-24,0.0,5.73,166.0,,146,0,154.0,166.0,153.0
2018-10-23,0.0,-1.26,157.0,,998,0,158.0,160.0,157.0
2018-10-22,0.0,-1.85,159.0,,357,0,159.0,159.0,159.0
2018-10-21,0.0,1.89,162.0,,14,0,162.0,162.0,162.0
2018-10-15,0.0,0.0,159.0,,263,0,162.0,162.0,156.0
2018-10-14,0.0,0.0,159.0,,187,0,158.0,159.0,156.0
2018-10-11,0.0,1.27,159.0,,585,0,154.0,159.0,154.0
2018-10-10,0.0,-1.87,157.0,,139,0,157.0,163.0,157.0
2018-10-09,0.0,0.63,160.0,,632,0,156.0,162.0,153.0
2018-10-08,0.0,1.27,159.0,,24,0,159.0,159.0,159.0
2018-10-07,0.0,-3.09,157.0,,148,0,159.0,159.0,157.0
2018-10-04,0.0,-1.22,162.0,,552,0,161.0,164.0,158.0
2018-10-03,0.0,0.0,164.0,,86,0,161.0,164.0,161.0
2018-10-02,0.0,1.23,164.0,,3559,0,162.0,164.0,158.0
2018-10-01,0.0,-0.61,162.0,,1437,0,163.0,165.0,162.0
2018-09-30,0.0,-0.61,163.0,,2999,0,162.0,165.0,162.0
2018-09-27,0.0,-1.8,164.0,,84,0,164.0,166.0,164.0
2018-09-26,0.0,0.0,167.0,,65,0,170.0,170.0,167.0
2018-09-25,0.0,1.83,167.0,,881,0,163.0,169.0,163.0
2018-09-23,0.0,-0.61,164.0,,2832,0,162.0,166.0,162.0
2018-09-20,0.0,1.23,165.0,,1533,0,166.0,172.0,165.0
2018-09-18,0.0,-2.98,164.0,,1973,0,165.0,165.0,162.0
2018-09-17,0.0,-3.45,168.0,,265,0,171.0,171.0,168.0
2018-09-16,0.0,5.45,174.0,,441,0,164.0,174.0,164.0
2018-09-13,0.0,-2.94,165.0,,293,0,168.0,168.0,165.0
2018-09-12,0.0,0.59,170.0,,200,0,170.0,170.0,170.0
2018-09-11,0.0,2.42,169.0,,2529,0,166.0,169.0,163.0
2018-09-10,0.0,0.0,165.0,,129,0,162.0,165.0,162.0
2018-09-09,0.0,0.0,165.0,,452,0,162.0,168.0,162.0
2018-09-06,0.0,-4.07,165.0,,1755,0,175.0,175.0,165.0
2018-09-05,0.0,0.58,172.0,,846,0,168.0,172.0,168.0
2018-09-04,0.0,-1.72,171.0,,311,0,174.0,177.0,171.0
2018-09-03,0.0,7.41,174.0,,277,0,163.0,174.0,161.0
2018-09-02,0.0,-1.82,162.0,,69,0,162.0,162.0,161.0
2018-08-30,0.0,1.23,165.0,,40,0,162.0,165.0,162.0
2018-08-29,0.0,0.62,163.0,,1139,0,162.0,168.0,162.0
2018-08-28,0.0,-1.82,162.0,,1326,0,165.0,165.0,162.0
2018-08-26,0.0,0.0,164.0,,2289,0,162.0,165.0,160.0
2018-08-23,0.0,-1.2,165.0,,107,0,164.0,165.0,164.0
2018-08-22,0.0,-0.6,167.0,,56,0,165.0,167.0,165.0
2018-08-21,0.0,2.44,168.0,,239,0,162.0,168.0,162.0
2018-08-20,0.0,-0.61,164.0,,582,0,162.0,164.0,162.0
2018-08-19,0.0,-1.79,165.0,,10,0,165.0,165.0,165.0
2018-08-16,0.0,-1.18,168.0,,24,0,168.0,168.0,168.0
2018-08-15,0.0,2.41,169.0,,484,0,163.0,170.0,162.0
2018-08-14,0.0,1.22,166.0,,212,0,163.0,167.0,163.0
2018-08-13,0.0,-0.61,164.0,,3352,0,167.0,168.0,164.0
2018-08-12,0.0,-1.79,165.0,,1177,0,165.0,166.0,163.0
2018-08-09,0.0,-1.18,168.0,,719,0,167.0,169.0,166.0
2018-08-08,0.0,1.8,170.0,,1010,0,167.0,170.0,166.0
2018-08-07,0.0,0.6,167.0,,86,0,169.0,169.0,167.0
2018-08-06,0.0,-2.35,166.0,,1246,0,167.0,170.0,164.0
2018-08-05,0.0,1.8,170.0,,684,0,164.0,170.0,162.0
2018-08-02,0.0,1.21,167.0,,3686,0,166.0,171.0,166.0
2018-08-01,0.0,-2.94,165.0,,541,0,167.0,167.0,165.0
2018-07-31,0.0,2.41,170.0,,1762,0,164.0,174.0,164.0
2018-07-30,0.0,-1.19,166.0,,1733,0,168.0,174.0,165.0
2018-07-29,0.0,3.07,168.0,,851,0,165.0,168.0,165.0
2018-07-26,0.0,-0.61,163.0,,384,0,164.0,167.0,163.0
2018-07-25,0.0,-1.2,164.0,,234,0,169.0,169.0,164.0
2018-07-24,0.0,0.0,166.0,,358,0,166.0,169.0,166.0
2018-07-23,0.0,2.47,166.0,,154,0,165.0,166.0,163.0
2018-07-22,0.0,-1.22,162.0,,632,0,164.0,164.0,162.0
2018-07-19,0.0,-0.61,164.0,,133,0,165.0,166.0,163.0
2018-07-18,0.0,-2.37,165.0,,529,0,169.0,170.0,165.0
2018-07-17,0.0,-1.74,169.0,,443,0,172.0,172.0,164.0
2018-07-16,0.0,7.5,172.0,,303,0,163.0,172.0,162.0
2018-07-15,0.0,-3.61,160.0,,1586,0,166.0,166.0,160.0
2018-07-12,0.0,1.84,166.0,,668,0,166.0,167.0,165.0
2018-07-11,0.0,0.0,163.0,,3582,0,160.0,170.0,160.0
2018-07-10,0.0,-1.21,163.0,,2660,0,165.0,170.0,163.0
2018-07-09,0.0,-1.79,166.0,,4169,0,168.0,172.0,165.0
2018-07-08,0.0,-6.67,168.0,,1966,0,180.0,180.0,168.0
2018-07-05,0.0,9.09,179.0,,1237,0,165.0,180.0,165.0
2018-07-04,0.0,1.85,165.0,,597,0,162.0,165.0,162.0
2018-07-03,0.0,0.0,162.0,,99,0,162.0,162.0,160.0
2018-07-02,0.0,-2.41,162.0,,684,0,168.0,168.0,160.0
2018-07-01,0.0,-3.49,166.0,,201,0,173.0,173.0,166.0
2018-06-28,0.0,0.0,172.0,,1397,0,170.0,175.0,170.0
2018-06-27,0.0,0.0,172.0,,128,0,170.0,173.0,170.0
2018-06-26,0.0,0.0,172.0,,1457,0,170.0,172.0,170.0
2018-06-25,0.0,2.38,172.0,,192,0,171.0,172.0,168.0
2018-06-24,0.0,0.6,168.0,,389,0,164.0,169.0,164.0
2018-06-21,0.0,-4.57,167.0,,1087,0,172.0,172.0,167.0
2018-06-20,0.0,-4.37,175.0,,767,0,182.0,182.0,175.0
2018-06-19,0.0,1.67,183.0,,430,0,178.0,183.0,178.0
2018-06-18,0.0,-1.1,177.0,,736,0,183.0,183.0,180.0
2018-06-17,0.0,-1.62,182.0,,778,0,185.0,185.0,173.0
2018-06-14,0.0,6.94,185.0,,4525,0,173.0,190.0,170.0
2018-06-13,0.0,1.76,173.0,,1436,0,167.0,173.0,164.0
2018-06-12,0.0,-2.86,170.0,,525,0,174.0,174.0,168.0
2018-06-11,0.0,1.74,175.0,,1108,0,169.0,175.0,169.0
2018-06-10,0.0,-1.15,172.0,,306,0,172.0,172.0,169.0
2018-06-07,0.0,-3.33,174.0,,933,0,180.0,178.0,173.0
2018-06-06,0.0,-3.33,174.0,,933,0,180.0,178.0,173.0
2018-06-04,0.0,-2.13,181.0,,212,0,187.0,187.0,181.0
2018-06-03,0.0,0.53,188.0,,272,0,187.0,188.0,187.0
2018-05-31,0.0,-1.58,187.0,,207,0,190.0,190.0,187.0
2018-05-30,0.0,0.0,190.0,,322,0,187.0,191.0,187.0
2018-05-29,0.0,-0.52,190.0,,178,0,191.0,191.0,187.0
2018-05-28,0.0,2.69,191.0,,421,0,186.0,191.0,183.0
2018-05-27,0.0,-0.53,186.0,,367,0,185.0,186.0,183.0
2018-05-24,0.0,-2.6,187.0,,150,0,192.0,192.0,187.0
2018-05-23,0.0,1.59,192.0,,254,0,189.0,192.0,189.0
2018-05-22,0.0,1.07,189.0,,1440,0,190.0,190.0,186.0
2018-05-21,0.0,0.54,187.0,,956,0,187.0,192.0,184.0
2018-05-20,0.0,-3.12,186.0,,697,0,192.0,194.0,186.0
2018-05-17,0.0,0.52,192.0,,1063,0,191.0,192.0,189.0
2018-05-16,0.0,-0.52,191.0,,174,0,190.0,192.0,190.0
2018-05-15,0.0,-1.54,192.0,,73,0,192.0,192.0,192.0
2018-05-14,0.0,-2.5,195.0,,1118,0,196.0,197.0,194.0
2018-05-10,0.0,0.5,200.0,,628,0,199.0,202.0,196.0
2018-05-09,0.0,-1.97,199.0,,480,0,203.0,203.0,198.0
2018-05-08,0.0,0.49,203.0,,783,0,204.0,203.0,194.0
2018-05-07,0.0,-0.98,202.0,,1313,0,200.0,202.0,196.0
2018-05-06,0.0,0.0,204.0,,1546,0,205.0,205.0,199.0
2018-05-03,0.0,3.55,202.0,,888,0,195.0,204.0,195.0
2018-05-02,0.0,-1.5,197.0,,555,0,200.0,197.0,193.0
2018-04-29,0.0,-4.76,200.0,,155,0,206.0,206.0,197.0
2018-04-26,0.0,0.0,210.0,,638,0,208.0,212.0,206.0
2018-04-25,0.0,-5.83,210.0,,1527,0,227.0,227.0,210.0
2018-04-24,0.0,3.24,222.0,,380,0,213.0,223.0,208.0
2018-04-23,0.0,-3.57,216.0,,7413,0,228.0,235.0,212.0
2018-04-22,0.0,5.16,224.0,,4323,0,213.0,224.0,208.0
2018-04-19,0.0,7.04,213.0,,3678,0,202.0,213.0,197.0
2018-04-18,0.0,8.15,199.0,,4403,0,182.0,202.0,181.0
2018-04-17,0.0,3.37,184.0,,206,0,178.0,184.0,176.0
2018-04-16,0.0,1.71,178.0,,523,0,175.0,180.0,174.0
2018-04-15,0.0,0.0,175.0,,328,0,175.0,178.0,175.0
2018-04-12,0.0,0.0,175.0,,1154,0,172.0,178.0,172.0
2018-04-11,0.0,-1.13,175.0,,301,0,174.0,178.0,172.0
2018-04-10,0.0,-2.75,177.0,,524,0,179.0,182.0,177.0
2018-04-09,0.0,-1.62,182.0,,2370,0,183.0,186.0,182.0
2018-04-08,0.0,7.56,185.0,,2231,0,170.0,189.0,170.0
2018-04-05,0.0,-1.71,172.0,,678,0,178.0,181.0,172.0
2018-04-04,0.0,5.42,175.0,,142,0,169.0,175.0,169.0
2018-04-03,0.0,0.61,166.0,,108,0,163.0,166.0,163.0
2018-04-02,0.0,-4.07,165.0,,542,0,175.0,175.0,165.0
2018-04-01,0.0,-0.58,172.0,,525,0,170.0,173.0,167.0
2018-03-29,0.0,5.49,171.0,,348,0,167.0,173.0,167.0
2018-03-28,0.0,-3.53,164.0,,1399,0,168.0,173.0,164.0
2018-03-27,0.0,5.59,170.0,,2926,0,161.0,170.0,151.0
2018-03-26,0.0,-1.23,161.0,,172,0,161.0,162.0,161.0
2018-03-22,0.0,-2.98,163.0,,5622,0,171.0,173.0,163.0
2018-03-21,0.0,-2.89,168.0,,700,0,171.0,171.0,168.0
2018-03-20,0.0,-1.14,173.0,,101,0,175.0,175.0,173.0
2018-03-19,0.0,-1.69,175.0,,1370,0,181.0,181.0,175.0
2018-03-18,0.0,-3.78,178.0,,1383,0,188.0,188.0,177.0
2018-03-15,0.0,-1.07,185.0,,224,0,184.0,187.0,184.0
2018-03-14,0.0,0.54,187.0,,314,0,185.0,187.0,184.0
2018-03-13,0.0,-1.06,186.0,,661,0,186.0,186.0,183.0
2018-03-12,0.0,1.62,188.0,,513,0,185.0,188.0,179.0
2018-03-11,0.0,-1.6,185.0,,912,0,188.0,189.0,183.0
2018-03-07,0.0,1.62,188.0,,1572,0,185.0,193.0,185.0
2018-03-06,0.0,0.0,185.0,,2149,0,185.0,188.0,181.0
2018-03-05,0.0,-4.64,186.0,,2673,0,191.0,193.0,184.0
2018-03-04,0.0,-3.48,194.0,,1162,0,197.0,202.0,194.0
2018-02-28,0.0,-2.9,201.0,,2318,0,207.0,207.0,199.0
2018-02-27,0.0,2.48,207.0,,1069,0,200.0,208.0,200.0
2018-02-26,0.0,-3.81,202.0,,3113,0,207.0,212.0,202.0
2018-02-25,0.0,-0.47,210.0,,777,0,210.0,215.0,209.0
2018-02-22,0.0,0.0,211.0,,3329,0,210.0,218.0,209.0
2018-02-21,0.0,-5.38,211.0,,8339,0,224.0,224.0,211.0
2018-02-20,0.0,-1.33,223.0,,3365,0,230.0,230.0,223.0
2018-02-18,0.0,-3.42,226.0,,822,0,234.0,230.0,225.0
2018-02-15,0.0,1.74,234.0,,1344,0,231.0,234.0,227.0
2018-02-14,0.0,0.88,230.0,,1579,0,225.0,230.0,221.0
2018-02-12,0.0,-0.87,228.0,,202,0,230.0,230.0,224.0
2018-02-11,0.0,-1.71,230.0,,937,0,237.0,237.0,226.0
2018-02-08,0.0,-0.42,234.0,,405,0,231.0,234.0,230.0
2018-02-07,0.0,1.29,235.0,,429,0,228.0,235.0,228.0
2018-02-06,0.0,-2.52,232.0,,174,0,236.0,236.0,230.0
2018-02-05,0.0,0.85,238.0,,801,0,236.0,238.0,226.0
2018-02-04,0.0,3.06,236.0,,3875,0,226.0,236.0,226.0
2018-02-01,0.0,1.78,229.0,,881,0,222.0,233.0,222.0
2018-01-31,0.0,-1.75,225.0,,582,0,225.0,229.0,225.0
2018-01-29,0.0,0.0,229.0,,1570,0,228.0,233.0,228.0
2018-01-28,0.0,-2.14,230.0,,2339,0,234.0,236.0,229.0
2018-01-25,0.0,0.0,234.0,,164,0,233.0,234.0,231.0
2018-01-24,0.0,-1.27,234.0,,492,0,237.0,239.0,232.0
2018-01-23,0.0,1.28,237.0,,2253,0,230.0,238.0,230.0
2018-01-22,0.0,1.74,234.0,,425,0,234.0,238.0,231.0
2018-01-21,0.0,-2.95,233.0,,2132,0,237.0,239.0,230.0
2018-01-17,0.0,-1.25,237.0,,393,0,236.0,237.0,233.0
2018-01-16,0.0,0.84,240.0,,1264,0,236.0,240.0,230.0
2018-01-14,0.0,-1.65,238.0,,362,0,238.0,240.0,237.0
2018-01-10,0.0,0.0,242.0,,4576,0,245.0,245.0,234.0
2018-01-09,0.0,0.41,242.0,,68,0,241.0,247.0,242.0
2018-01-08,0.0,-0.41,241.0,,1468,0,243.0,243.0,240.0
2018-01-07,0.0,-1.63,242.0,,1950,0,246.0,246.0,242.0
2018-01-04,0.0,0.41,246.0,,570,0,242.0,247.0,242.0
2018-01-03,0.0,-2.0,247.0,,1398,0,250.0,250.0,245.0
2018-01-02,0.0,-0.79,250.0,,268,0,247.0,253.0,247.0
2018-01-01,0.0,1.61,252.0,,694,0,251.0,253.0,249.0
2017-12-31,0.0,-0.4,248.0,,2438,0,250.0,250.0,242.0
2017-12-28,0.0,-0.4,249.0,,3271,0,245.0,249.0,243.0
2017-12-27,0.0,0.0,250.0,,1052,0,250.0,250.0,242.0
2017-12-26,0.0,-1.96,250.0,,631,0,256.0,256.0,245.0
2017-12-24,0.0,-0.78,255.0,,907,0,252.0,262.0,252.0
2017-12-21,0.0,-2.65,258.0,,2272,0,260.0,261.0,256.0
2017-12-20,0.0,0.76,264.0,,1178,0,265.0,265.0,262.0
2017-12-19,0.0,-1.13,262.0,,3043,0,265.0,265.0,262.0
2017-12-18,0.0,0.38,265.0,,1885,0,262.0,270.0,262.0
2017-12-17,0.0,-2.22,264.0,,3386,0,265.0,267.0,264.0
2017-12-14,0.0,-2.94,264.0,,334,0,267.0,272.0,264.0
2017-12-13,0.0,-0.73,272.0,,694,0,270.0,272.0,263.0
2017-12-12,0.0,1.86,271.0,,2250,0,265.0,274.0,262.0
2017-12-11,0.0,-2.54,270.0,,1493,0,275.0,275.0,267.0
2017-12-10,0.0,-1.78,275.0,,1189,0,286.0,286.0,266.0
2017-12-06,0.0,3.69,281.0,,7238,0,268.0,285.0,268.0
2017-12-05,0.0,-1.45,271.0,,3653,0,270.0,275.0,267.0
2017-12-04,0.0,1.1,275.0,,3435,0,267.0,275.0,262.0
2017-11-30,0.0,3.82,272.0,,5769,0,257.0,272.0,248.0
2017-11-29,0.0,3.97,262.0,,4206,0,250.0,263.0,250.0
2017-11-28,0.0,-1.56,252.0,,1300,0,252.0,255.0,250.0
2017-11-27,0.0,0.79,256.0,,1240,0,259.0,259.0,251.0
2017-11-26,0.0,2.83,254.0,,2657,0,247.0,258.0,245.0
2017-11-23,0.0,0.0,247.0,,1205,0,247.0,250.0,247.0
2017-11-22,0.0,0.0,247.0,,301,0,243.0,250.0,243.0
2017-11-21,0.0,1.23,247.0,,1843,0,240.0,248.0,240.0
2017-11-20,0.0,0.0,244.0,,1161,0,241.0,247.0,241.0
2017-11-19,0.0,-2.79,244.0,,1265,0,251.0,253.0,244.0
2017-11-16,0.0,-2.71,251.0,,948,0,253.0,253.0,246.0
2017-11-15,0.0,-0.77,258.0,,3601,0,260.0,260.0,250.0
2017-11-14,0.0,4.0,260.0,,2432,0,254.0,260.0,249.0
2017-11-13,0.0,2.88,250.0,,2213,0,240.0,250.0,240.0
2017-11-12,0.0,-0.41,243.0,,1278,0,244.0,245.0,240.0
2017-11-09,0.0,0.0,244.0,,777,0,240.0,248.0,240.0
2017-11-08,0.0,-0.41,244.0,,1634,0,241.0,246.0,241.0
2017-11-07,0.0,2.08,245.0,,431,0,240.0,245.0,240.0
2017-11-06,0.0,-4.0,240.0,,2843,0,250.0,250.0,240.0
2017-11-05,0.0,1.21,250.0,,1355,0,244.0,255.0,244.0
2017-11-02,0.0,1.65,247.0,,1835,0,239.0,252.0,239.0
2017-11-01,0.0,-2.02,243.0,,234,0,249.0,252.0,243.0
2017-10-31,0.0,-1.2,248.0,,1529,0,251.0,251.0,242.0
2017-10-30,0.0,-1.18,251.0,,2486,0,254.0,254.0,250.0
2017-10-29,0.0,-0.78,254.0,,835,0,256.0,256.0,254.0
2017-10-25,0.0,0.0,256.0,,601,0,256.0,258.0,253.0
2017-10-24,0.0,-0.78,256.0,,829,0,258.0,257.0,255.0
2017-10-23,0.0,0.0,258.0,,123,0,258.0,258.0,257.0
2017-10-22,0.0,-0.77,258.0,,214,0,260.0,262.0,258.0
2017-10-18,0.0,0.39,260.0,,723,0,254.0,260.0,254.0
2017-10-17,0.0,-2.63,259.0,,377,0,266.0,266.0,256.0
2017-10-16,0.0,1.53,266.0,,568,0,262.0,267.0,262.0
2017-10-15,0.0,0.77,262.0,,124,0,262.0,262.0,257.0
2017-10-12,0.0,1.17,260.0,,219,0,256.0,260.0,255.0
2017-10-11,0.0,3.63,257.0,,1130,0,252.0,257.0,252.0
2017-10-10,0.0,-0.8,248.0,,576,0,245.0,253.0,243.0
2017-10-09,0.0,0.0,250.0,,274,0,255.0,255.0,247.0
2017-10-08,0.0,-1.96,250.0,,853,0,256.0,256.0,250.0
2017-10-04,0.0,-3.77,260.0,,69,0,260.0,260.0,255.0
2017-10-03,0.0,-1.85,265.0,,206,0,270.0,270.0,265.0
2017-09-26,0.0,3.45,270.0,,398,0,262.0,270.0,262.0
2017-09-25,0.0,1.95,261.0,,1115,0,257.0,261.0,255.0
2017-09-24,0.0,-1.54,256.0,,295,0,260.0,262.0,256.0
2017-09-20,0.0,-1.14,260.0,,449,0,258.0,261.0,258.0
2017-09-18,0.0,-1.13,263.0,,1112,0,271.0,271.0,261.0
2017-09-17,0.0,3.5,265.0,,1937,0,253.0,266.0,253.0
2017-09-14,0.0,3.63,257.0,,1826,0,248.0,257.0,247.0
2017-09-13,0.0,1.64,248.0,,1139,0,244.0,248.0,243.0
2017-09-12,0.0,-0.81,244.0,,1127,0,243.0,245.0,241.0
2017-09-11,0.0,-1.99,246.0,,549,0,247.0,250.0,243.0
2017-09-10,0.0,-3.46,251.0,,1852,0,256.0,256.0,246.0
2017-09-07,0.0,-5.11,260.0,,5305,0,274.0,274.0,254.0
2017-09-06,0.0,-1.44,274.0,,2243,0,275.0,279.0,273.0
2017-09-04,0.0,-1.42,278.0,,2279,0,277.0,278.0,265.0
2017-08-31,0.0,-2.76,282.0,,1122,0,290.0,290.0,282.0
2017-08-30,0.0,-4.61,290.0,,689,0,304.0,298.0,290.0
2017-08-28,0.0,1.33,303.0,,2635,0,294.0,310.0,286.0
2017-08-27,0.0,3.45,300.0,,6252,0,290.0,300.0,275.0
2017-08-24,0.0,0.69,290.0,,1141,0,288.0,294.0,284.0
2017-08-23,0.0,-1.03,288.0,,1338,0,286.0,296.0,282.0
2017-08-22,0.0,-1.02,291.0,,4023,0,295.0,296.0,282.0
2017-08-21,0.0,-2.0,295.0,,842,0,295.0,305.0,290.0
2017-08-20,0.0,-2.28,300.0,,1556,0,302.0,302.0,296.0
2017-08-17,0.0,-0.65,307.0,,1299,0,303.0,307.0,300.0
2017-08-16,0.0,-0.96,309.0,,3854,0,310.0,322.0,303.0
2017-08-15,0.0,-4.0,312.0,,4539,0,319.0,324.0,307.0
2017-08-13,0.0,-1.81,325.0,,3814,0,330.0,331.0,322.0
2017-08-10,0.0,-0.6,331.0,,2688,0,328.0,333.0,328.0
2017-08-09,0.0,-0.3,333.0,,5343,0,334.0,334.0,329.0
2017-08-07,0.0,-2.05,334.0,,7671,0,337.0,341.0,333.0
2017-08-06,0.0,-2.29,341.0,,1633,0,345.0,346.0,339.0
2017-08-03,0.0,2.35,349.0,,1889,0,341.0,349.0,337.0
2017-08-02,0.0,-5.28,341.0,,3739,0,353.0,353.0,335.0
2017-08-01,0.0,6.51,360.0,,5146,0,340.0,360.0,339.0
2017-07-31,0.0,0.3,335.0,,5884,0,335.0,340.0,332.0
2017-07-30,0.0,-2.03,337.0,,2321,0,340.0,344.0,335.0
2017-07-27,0.0,-0.29,344.0,,2004,0,339.0,350.0,330.0
2017-07-26,0.0,2.37,345.0,,6312,0,340.0,345.0,340.0
2017-07-25,0.0,0.0,337.0,,1489,0,340.0,340.0,335.0
2017-07-24,0.0,0.3,337.0,,1995,0,340.0,340.0,334.0
2017-07-23,0.0,-1.18,336.0,,2588,0,334.0,340.0,334.0
2017-07-20,0.0,-1.16,340.0,,5354,0,344.0,344.0,333.0
2017-07-19,0.0,-0.29,346.0,,2661,0,340.0,363.0,340.0
2017-07-18,0.0,1.47,345.0,,1647,0,342.0,348.0,337.0
2017-07-17,0.0,1.19,340.0,,1888,0,333.0,345.0,333.0
2017-07-16,0.0,-1.47,336.0,,1372,0,341.0,341.0,335.0
2017-07-13,0.0,-3.12,341.0,,3008,0,346.0,347.0,341.0
2017-07-12,0.0,3.83,352.0,,4177,0,340.0,354.0,334.0
2017-07-11,0.0,2.42,339.0,,5026,0,332.0,344.0,330.0
2017-07-10,0.0,-1.78,331.0,,5720,0,331.0,338.0,331.0
2017-07-09,0.0,-1.46,337.0,,3039,0,342.0,344.0,336.0
2017-07-06,0.0,0.59,342.0,,2097,0,341.0,352.0,341.0
2017-07-05,0.0,-0.29,340.0,,3798,0,341.0,344.0,336.0
2017-07-04,0.0,-1.16,342.0,,1804,0,348.0,350.0,341.0
2017-07-03,0.0,-0.29,345.0,,4070,0,352.0,353.0,345.0
2017-07-02,0.0,-3.62,346.0,,2447,0,353.0,353.0,345.0
2017-06-28,0.0,-0.28,359.0,,2711,0,365.0,365.0,358.0
2017-06-27,0.0,-2.44,360.0,,3500,0,364.0,367.0,360.0
2017-06-25,0.0,0.54,369.0,,2346,0,368.0,375.0,360.0
2017-06-22,0.0,-0.54,367.0,,1763,0,366.0,372.0,365.0
2017-06-21,0.0,-1.34,369.0,,1679,0,374.0,374.0,363.0
2017-06-20,0.0,3.03,374.0,,2483,0,356.0,374.0,356.0
2017-06-19,0.0,-3.97,364.0,,4189,0,380.0,380.0,362.0
2017-06-18,0.0,-1.05,378.0,,4470,0,382.0,385.0,375.0
2017-06-15,0.0,-1.55,382.0,,8263,0,384.0,396.0,382.0
2017-06-14,0.0,-0.77,388.0,,7302,0,395.0,390.0,385.0
2017-06-13,0.0,1.3,391.0,,5391,0,392.0,395.0,380.0
2017-06-12,0.0,-1.28,386.0,,7224,0,390.0,391.0,385.0
2017-06-11,0.0,-3.22,392.0,,5763,0,400.0,401.0,391.0
2017-06-08,0.0,-0.98,404.0,,26653,0,400.0,412.0,399.0
2017-06-07,0.0,-2.16,408.0,,13821,0,420.0,420.0,408.0
2017-06-06,0.0,-0.48,417.0,,25537,0,425.0,425.0,411.0
2017-06-05,0.0,-0.95,420.0,,21293,0,415.0,421.0,407.0
2017-06-04,0.0,6.55,423.0,,49071,0,404.0,434.0,384.0
2017-06-01,0.0,9.97,397.0,,4061,0,368.0,397.0,368.0
2017-05-31,0.0,9.73,361.0,,178,0,329.0,361.0,335.0
2017-05-30,0.0,0.0,329.0,,50,0,305.0,329.0,305.0
